id,seed,forcedness,compression_score,stagnation,efficiency,auto_move_flag,result
1010000,r#VL#MWi#ItFJ#yONTa#eDmlpA#sHbSoKk#qncxQzUjBvGfdwERgYZCXuhP,63.000000,640.000000,34.000000,0.796610,1,"
minimal: 0 / states: 121 / duration: 0.000136s
history:
/T4-F1-1 /T5-F0-1 /T6-T1-1 /T3-T1-1 /T2-T1-1 /T3-T4-1 /T2-T6-1 /D:2     /W-F2-1  /D:3     
/W-T0-1  /T5-T0-1 /T6-T5-2 /T6-F2-1 /T5-T2-3 /T6-T3-1 /T6-F1-1 /T4-T6-2 /T4-F3-1 /T4-F3-1 
/T0-F2-1 /T1-T5-4 /T6-T1-3 /T0-T3-2 /T5-T0-5 /D:4     /W-F0-1  /D:1     /W-T2-1  /D:6     
/W-T1-1  /T5-T1-1 /T5-T6-1 /D:3     /W-T5-1  /T4-T5-1 /D:1     /W-F0-1  /T1-F0-1 /D:1     
/W-T5-1  /D:1     /W-T0-1  /D:1     /W-T2-1  /T3-T2-4 /D:1     /W-F3-1  /T2-F3-1 /T1-F3-1 
/R       /D:1     /W-F2-1  /T2-F2-1 /T2-F3-1 /T6-T1-1 /T6-F2-1 /T2-F2-1 /T0-F2-1 /T2-T3-1 
/T2-F2-1 /T3-T2-2 /D:1     /W-F1-1  /D:2     /W-T3-1  /D:3     /W-T2-1  /D:1     /W-T2-1  
/D:1     /W-F1-1  /T1-F1-1 /T2-F1-1 /D:1     /W-F2-1  /D:1     /W-F0-1  /T1-F0-1 /T1-F3-1 
/T2-F0-1 /T1-F0-1 /D:1     /W-F1-1  /T2-F1-1 /T0-F1-1 /T2-F0-1 /W-F1-1  /W-F3-1  /T1-F3-1 
/T0-F0-1 /T0-F1-1 /T2-F3-1 /T2-F0-1 /T5-F3-1 /T0-F0-1 /W-F2-1  /T2-F1-1 /T5-F2-1 /T0-F1-1 
/T2-F0-1 /T3-F2-1 /D:1     /W-F3-1  /T5-F3-1 
"
1010006,M#JW#VXr#QOUx#kTDNZ#pBoaCA#jFsLmyl#RwuhiYfHdEPIezGbgcKStqvn,108.000000,1126.000000,41.000000,0.650000,1,"
minimal: 0 / states: 129 / duration: 0.000137s
history:
/T5-F0-1 /T6-T0-1 /T6-T4-1 /T3-T0-1 /T1-T0-1 /D:5     /W-T1-1  /D:3     /W-T1-1  /D:1     
/W-T2-1  /T5-T2-1 /T5-F1-1 /D:3     /W-T0-1  /T3-T0-1 /T3-T2-1 /D:3     /W-T0-1  /D:1     
/W-F1-1  /D:1     /W-T1-1  /D:1     /W-F1-1  /T2-T3-2 /T2-F1-1 /T3-T2-3 /T4-T3-2 /T4-F3-1 
/T2-F3-1 /D:2     /W-T0-1  /T2-T0-3 /T2-T3-1 /T1-T3-4 /T6-T1-1 /T6-T1-1 /T6-T3-1 /D:4     
/W-F2-1  /T5-F2-1 /T5-F0-1 /T0-F0-1 /T5-F2-1 /T4-F0-1 /T6-T4-1 /W-T6-1  /W-F2-1  /R       
/D:1     /W-T3-1  /D:2     /W-T2-1  /T4-T2-2 /W-T4-1  /T2-T4-4 /T4-T1-6 /D:1     /W-T6-1  
/D:3     /W-F0-1  /T1-F0-1 /D:1     /W-F3-1  /T0-F3-1 /T0-F2-1 /T3-F3-1 /T0-F3-1 /T0-F0-1 
/T1-F3-1 /T0-F3-1 /T3-F2-1 /T3-T1-1 /T3-F0-1 /T0-F0-1 /T1-T3-2 /T1-F3-1 /T0-F3-1 /T3-T1-3 
/T3-F0-1 /T3-F3-1 /T6-T0-3 /D:1     /W-F1-1  /W-F1-1  /T1-F1-1 /T0-F1-1 /W-F3-1  /D:1     
/W-T2-1  /D:1     /W-F0-1  /T1-T3-4 /T1-F0-1 /T0-T2-4 /T0-F0-1 /T3-T1-5 /T3-F3-1 /D:1     
/W-F2-1  /T1-F2-1 /T1-F1-1 /T2-F2-1 /T1-F2-1 /T2-F1-1 /T1-F1-1 /T2-F2-1 /T1-F2-1 /T2-F1-1 
/T1-F1-1 /T2-F2-1 
"
1010022,z#By#YjN#kIrG#SEfOa#JsThZp#PMegCcm#RUVtoAFLXbuDqnWdQHKlxwiv,90.500000,1453.000000,32.000000,0.805970,1,"
minimal: 0 / states: 111 / duration: 0.000129s
history:
/T2-F3-1 /T4-F1-1 /T4-F3-1 /T4-T3-1 /T1-T6-1 /T4-T3-1 /D:6     /W-F0-1  /T1-F0-1 /T6-T1-2 
/W-T6-1  /D:3     /W-T1-1  /D:1     /W-F1-1  /D:4     /W-F2-1  /T6-F2-1 /T5-F2-1 /T6-F1-1 
/T6-F0-1 /W-F2-1  /W-F0-1  /T3-F0-1 /D:2     /W-F1-1  /D:4     /W-T0-1  /W-T0-1  /T2-T0-1 
/D:1     /W-T2-1  /D:1     /W-T1-1  /D:1     /W-T1-1  /W-T1-1  /T6-T1-1 /T6-F1-1 /T2-T6-2 
/T5-T2-1 /T3-T5-2 /T3-F2-1 /T5-F1-1 /T5-T3-2 /T3-T0-3 /T4-T0-1 /T6-T4-3 /T6-F3-1 /W-F3-1  
/T1-F1-1 /T5-T1-1 /T5-F2-1 /W-T4-1  /T5-T3-1 /D:1     /W-T4-1  /R       /D:1     /W-F3-1  
/T0-F3-1 /T1-F3-1 /D:1     /W-F3-1  /D:1     /W-F3-1  /D:1     /W-F2-1  /D:1     /W-F0-1  
/T0-F0-1 /T0-F1-1 /T1-F0-1 /T0-F0-1 /T1-F1-1 /T3-F0-1 /T0-F1-1 /T0-F0-1 /T3-F1-1 /T0-F1-1 
/T1-T2-3 /T1-F1-1 /D:1     /W-F0-1  /T4-T0-4 /T4-F0-1 /D:1     /W-F2-1  /T0-F2-1 /T0-F3-1 
/T2-F2-1 /T0-F2-1 /T2-F3-1 /T0-F3-1 /T2-F2-1 /T0-F2-1 /T2-F3-1 
"
1010023,I#Ba#yLn#MrtW#QvXhT#YqukdN#lSUOERC#oszemiPHAfVcJbwFKjgZxpGD,138.500000,3655.000000,47.000000,0.603448,1,"
minimal: 0 / states: 123 / duration: 0.000137s
history:
/T1-F1-1 /T2-F2-1 /T5-F3-1 /T6-T5-1 /T0-T3-1 /D:1     /W-F2-1  /D:1     /W-T4-1  /T6-T4-1 
/T5-T6-2 /T5-T2-1 /T4-T5-3 /T4-T3-1 /D:1     /W-T0-1  /D:6     /W-F0-1  /T1-F0-1 /T6-F0-1 
/D:4     /W-T2-1  /D:1     /W-F1-1  /W-F1-1  /W-T2-1  /T5-T2-4 /T5-T2-1 /T6-F1-1 /T5-T0-1 
/D:1     /W-T4-1  /D:2     /W-T0-1  /T3-T0-3 /T3-T0-1 /D:3     /W-T1-1  /T2-T1-9 /T4-T2-2 
/D:2     /W-F2-1  /T1-F2-1 /T3-F2-1 /D:2     /W-F0-1  /T6-F0-1 /T6-F3-1 /T6-T4-1 /T6-T0-1 
/W-T4-1  /W-T6-1  /T6-T3-2 /R       /D:1     /W-F1-1  /D:1     /W-T5-1  /T2-T5-3 /D:1     
/W-T5-1  /D:1     /W-F3-1  /D:1     /W-T5-1  /D:1     /W-F1-1  /D:1     /W-F0-1  /T4-F0-1 
/T5-F0-1 /D:1     /W-T3-1  /T4-T3-2 /T4-F3-1 /T1-F3-1 /T0-F3-1 /T1-F2-1 /T0-F2-1 /T1-F3-1 
/T3-F3-1 /T1-F2-1 /T1-F3-1 /T3-F2-1 /T0-T3-2 /T0-F3-1 /T5-T1-1 /T5-F2-1 /T5-F3-1 /T3-T0-3 
/T3-F2-1 /T5-F2-1 /T0-T3-4 /T0-F3-1 /T0-F2-1 /T1-T5-4 /T1-F3-1 /D:1     /W-F1-1  /T3-F1-1 
/T3-F0-1 /T5-F1-1 /T3-F1-1 /T5-F0-1 /T3-F0-1 /T5-F1-1 /T3-F1-1 /T5-F0-1 /T3-F0-1 /T5-F1-1 
"
1010025,e#MY#VwB#Zoin#UgzEP#vfXIKQ#JjhyRmD#HrSNaCWGbTtcsLlkdOuApqFx,159.000000,1975.000000,40.000000,0.633333,1,"
minimal: 0 / states: 115 / duration: 0.000137s
history:
/T3-F2-1  /T6-T0-1  /T4-T0-1  /T5-T4-1  /T5-T1-1  /T2-T0-1  /T3-T2-1  /T3-F2-1  /D:1      /W-T2-1   
/D:3      /W-F3-1   /D:1      /W-F1-1   /D:1      /W-T4-1   /D:1      /W-T1-1   /T5-T1-1  /T2-T5-3  
/D:2      /W-F1-1   /D:1      /W-T5-1   /D:2      /W-F1-1   /D:1      /W-T5-1   /T0-T5-4  /T6-T0-1  
/D:1      /W-T0-1   /T5-T0-10 /T4-T5-3  /T1-T4-4  /D:1      /W-T1-1   /D:2      /W-F1-1   /T0-T6-3  
/T0-F1-1  /T6-T0-4  /T6-T3-1  /T6-T4-1  /W-T3-1   /W-T4-1   /T5-T4-4  /T5-T6-1  /T4-T5-11 /D:1      
/W-F3-1   /D:1      /W-T2-1   /T4-T2-1  /W-T4-1   /W-T4-1   /T5-T4-3  /T5-F1-1  /T2-F1-1  /T4-T6-6  
/D:1      /W-F0-1   /T0-F0-1  /T0-F3-1  /T6-F0-1  /T0-F0-1  /T6-F3-1  /T6-F0-1  /T0-F3-1  /T6-F3-1  
/D:1      /W-F2-1   /D:1      /W-F2-1   /W-F2-1   /T0-F2-1  /T5-F2-1  /T0-F3-1  /T2-F2-1  /T5-F1-1  
/T6-T5-2  /T6-F2-1  /T0-T2-1  /T0-F1-1  /T6-F1-1  /T0-F2-1  /T3-F1-1  /T1-F1-1  /T2-T6-2  /T6-T0-3  
/D:1      /W-F0-1   /T5-F0-1  /T0-F0-1  /T5-F3-1  /T0-F3-1  /T5-F0-1  /T0-F0-1  /T5-F3-1  /T0-F3-1  
/T5-F0-1  /T0-F0-1  /T0-F1-1  /T1-F0-1  /T5-F3-1  /D:1      /W-F2-1   /T3-F2-1  /T3-F3-1  /T5-F2-1  
"
1010035,s#NJ#vVa#gBuA#wMnOk#ELGFcH#RXDmrxi#SYKQpqlWZUyodPjetCbfhITz,119.000000,2778.000000,48.000000,0.610465,1,"
minimal: 0 / states: 122 / duration: 0.000134s
history:
/T2-F1-1 /T3-F0-1 /T6-T1-1 /T5-T1-1 /T3-T2-1 /T3-F0-1 /T1-T4-3 /T1-F3-1 /T0-T3-1 /T3-T2-2 
/D:8     /W-T6-1  /D:1     /W-T0-1  /D:2     /W-T0-1  /T4-T0-4 /T4-F3-1 /T4-F2-1 /T4-T1-1 
/T2-T4-4 /W-T2-1  /W-T1-1  /T6-T1-2 /T2-T1-2 /D:1     /W-F2-1  /D:1     /W-T6-1  /D:1     
/W-F3-1  /D:2     /W-T4-1  /D:1     /W-T1-1  /D:1     /W-F0-1  /D:1     /W-F1-1  /T5-F1-1 
/T6-F1-1 /T4-F1-1 /D:1     /W-T1-1  /T6-T1-1 /T6-T2-1 /T6-F0-1 /T4-T6-5 /D:3     /W-T0-1  
/T5-T0-1 /D:1     /W-T3-1  /R       /D:1     /W-T5-1  /T1-T5-1 /T1-F1-1 /D:1     /W-T3-1  
/D:1     /W-T3-1  /D:1     /W-F3-1  /D:1     /W-F2-1  /D:1     /W-F2-1  /T5-F2-1 /T6-F2-1 
/T1-F2-1 /T5-T1-2 /T5-T2-1 /T5-F0-1 /T6-T2-5 /T6-F3-1 /T0-F0-1 /T1-F3-1 /T0-F3-1 /T1-F0-1 
/T1-F3-1 /T2-F1-1 /T0-F0-1 /T2-F2-1 /T2-F3-1 /T1-F2-1 /T1-F3-1 /T2-F2-1 /T1-F2-1 /T2-F3-1 
/T0-T2-3 /T0-F2-1 /T3-T1-1 /T3-F3-1 /T0-F3-1 /T3-F2-1 /D:1     /W-T1-1  /D:1     /W-F1-1  
/T2-F1-1 /T1-F1-1 /D:1     /W-F0-1  /T2-F0-1 /T1-F0-1 /T2-F1-1 /T1-F1-1 /T2-F0-1 /T1-F0-1 
/T2-F1-1 
"
1010039,Y#wT#UZX#vlnA#sQBuo#CIfrxz#ihDNeMW#VFtKcyJbdaRGEOgkqLPHjmSp,109.500000,2419.000000,45.000000,0.576923,1,"
minimal: 0 / states: 122 / duration: 0.000133s
history:
/T3-F0-1 /T3-F2-1 /T4-F2-1 /T1-T4-1 /T3-T5-1 /T1-T2-1 /T5-T1-2 /T6-T5-1 /T5-T0-2 /T0-T6-3 
/T6-T0-4 /T3-T0-1 /D:1     /W-T2-1  /T4-T2-2 /T4-F0-1 /T4-T5-1 /T6-T4-1 /T6-F3-1 /T6-T4-1 
/T6-T0-1 /T4-T2-3 /D:2     /W-T0-1  /D:1     /W-T1-1  /D:1     /W-T2-1  /D:5     /W-F1-1  
/D:4     /W-F3-1  /D:5     /W-F3-1  /T5-F3-1 /D:1     /W-T6-1  /D:1     /W-T1-1  /D:1     
/W-T3-1  /W-T3-1  /T2-T3-9 /T2-T4-1 /D:1     /W-T0-1  /T5-T0-1 /D:1     /W-F2-1  /W-F2-1  
/T0-F2-1 /R       /D:2     /W-T4-1  /D:2     /W-F1-1  /T3-F1-1 /D:1     /W-F1-1  /D:1     
/W-F3-1  /T0-F3-1 /T5-T0-1 /T5-T1-1 /T5-F0-1 /T3-F0-1 /T3-F1-1 /T3-F2-1 /T0-F1-1 /T0-F2-1 
/T3-F3-1 /T2-F3-1 /T3-F2-1 /T3-F3-1 /T0-T1-1 /T0-F2-1 /T0-F3-1 /T3-F2-1 /T0-F2-1 /T3-F3-1 
/T0-F3-1 /T4-F2-1 /T4-F3-1 /T1-T0-5 /T1-F2-1 /D:1     /W-T0-1  /D:1     /W-F0-1  /D:1     
/W-F1-1  /D:1     /W-T3-1  /W-T3-1  /W-F0-1  /T0-F0-1 /T0-F1-1 /T6-F0-1 /T0-F0-1 /T6-F1-1 
/T0-F1-1 /T3-F0-1 /T0-F0-1 /T3-F1-1 /T0-F1-1 /T3-F0-1 /T0-F0-1 /T3-F1-1 
"
1010044,B#pR#dtM#FzQZ#irsaW#DVSnxl#IHceuXy#mAOUfhCENKqJLwbYPTvjgkoG,116.000000,928.000000,34.000000,0.686667,1,"
minimal: 0 / states: 122 / duration: 0.000137s
history:
/T6-T3-1 /T5-T2-1 /T6-T3-1 /T4-T5-1 /T4-F1-1 /T5-T2-2 /T5-F2-1 /T1-T4-1 /D:2     /W-F0-1  
/T0-F0-1 /T3-T0-3 /T1-T3-1 /T2-T1-4 /T5-T2-1 /T6-T5-1 /D:1     /W-T3-1  /D:4     /W-F0-1  
/D:1     /W-T2-1  /T3-T2-3 /D:1     /W-F3-1  /T2-F3-1 /D:2     /W-T4-1  /D:1     /W-T0-1  
/T5-T0-2 /T5-T6-1 /T3-T5-1 /T6-T3-2 /T6-T3-1 /T3-T4-1 /T3-F0-1 /D:3     /W-F1-1  /T4-F1-1 
/D:1     /W-T5-1  /D:1     /W-F3-1  /D:1     /W-T0-1  /T4-T0-3 /T2-T4-2 /T2-F0-1 /T4-T2-3 
/T6-T4-1 /T6-T1-1 /D:3     /W-T4-1  /T3-T4-2 /D:2     /W-F2-1  /T2-F2-1 /T0-F2-1 /T2-F3-1 
/T0-F3-1 /T2-F2-1 /T2-F3-1 /T0-F2-1 /T2-F2-1 /T2-F1-1 /T4-F1-1 /T4-F0-1 /T0-F3-1 /T0-F2-1 
/D:1     /W-F0-1  /R       /D:1     /W-T2-1  /D:1     /W-F3-1  /T0-F3-1 /T4-T0-3 /D:1     
/W-F1-1  /T0-F1-1 /T0-F0-1 /T1-F0-1 /T1-F3-1 /D:1     /W-F1-1  /T0-F1-1 /T0-F0-1 /T0-F3-1 
/T5-F3-1 /T0-T2-1 /T0-F3-1 /D:1     /W-F0-1  /D:1     /W-F0-1  /T1-T5-2 /T1-F0-1 /D:2     
/W-F2-1  /W-F2-1  /T5-F2-1 /T2-F2-1 /D:1     /W-F1-1  /D:1     /W-F1-1  /T5-F1-1 /T2-F1-1 
/T5-F2-1 
"
1010058,V#Bl#Ezw#iSqN#kXgxA#dKpOyU#GvfHFoL#JPRQcuhYWZDmebIsjtraCMTn,130.500000,2237.000000,46.000000,0.614458,1,"
minimal: 0 / states: 125 / duration: 0.000137s
history:
/T3-F3-1 /T4-F0-1 /T4-T1-1 /T0-T2-1 /D:2     /W-T3-1  /D:4     /W-T2-1  /T4-T2-1 /T2-T4-4 
/T1-T2-2 /T1-F0-1 /T2-T0-3 /T4-T6-5 /D:3     /W-T0-1  /D:1     /W-T1-1  /T6-T1-6 /T6-T3-1 
/T6-T1-1 /D:3     /W-T1-1  /T3-T1-3 /T2-T3-1 /W-T2-1  /D:2     /W-T0-1  /T5-T0-1 /T5-T2-1 
/T5-F3-1 /W-T5-1  /T4-T2-1 /D:3     /W-T0-1  /T3-T0-2 /T6-T3-1 /D:1     /W-T6-1  /D:1     
/W-F1-1  /T5-F1-1 /D:1     /W-F0-1  /D:1     /W-T4-1  /D:1     /W-T3-1  /D:1     /W-F2-1  
/T1-F2-1 /T1-F3-1 /T5-F2-1 /T1-F2-1 /T6-F2-1 /W-T5-1  /W-F2-1  /W-F0-1  /W-T4-1  /T5-T4-2 
/T0-F0-1 /R       /D:1     /W-T2-1  /T3-T2-3 /D:2     /W-F3-1  /W-F3-1  /T0-F3-1 /T6-T0-1 
/T6-T4-1 /T2-F3-1 /T0-T6-1 /T0-F2-1 /T0-F3-1 /T1-T2-3 /T1-F2-1 /T1-F3-1 /T4-F2-1 /T1-F2-1 
/T0-T4-1 /T0-F3-1 /T0-F2-1 /T1-F3-1 /T2-T1-7 /T2-F2-1 /T4-T0-3 /T4-F3-1 /T0-T4-4 /T0-F2-1 
/T1-T2-8 /T1-F3-1 /D:1     /W-F1-1  /T5-F1-1 /T2-F1-1 /T2-F0-1 /T6-F1-1 /T2-F1-1 /T6-F0-1 
/T2-F0-1 /T4-F0-1 /D:1     /W-F1-1  /T2-F1-1 /T2-F0-1 /T4-F1-1 /T2-F1-1 /T4-F0-1 /T2-F0-1 
/T4-F1-1 /T2-F1-1 /T4-F0-1 
"
1010059,R#ML#OBn#FEgf#iZsrk#vocQdP#eXjyTSm#pKYhqzIxWCwVNatGlJUHbDAu,104.500000,1179.000000,40.000000,0.727848,1,"
minimal: 0 / states: 120 / duration: 0.000156s
history:
/T2-F2-1 /T4-T1-1 /T4-T3-1 /T1-T6-2 /T2-T5-1 /T0-T4-1 /T6-T0-3 /D:3     /W-T1-1  /W-T1-1  
/D:2     /W-T4-1  /T5-T4-2 /T5-T3-1 /D:4     /W-T1-1  /D:1     /W-T3-1  /T2-T3-1 /D:1     
/W-T0-1  /D:1     /W-T0-1  /D:1     /W-F3-1  /T3-F3-1 /D:1     /W-F1-1  /D:6     /W-T0-1  
/D:1     /W-F1-1  /D:2     /W-F0-1  /T4-F0-1 /T3-F0-1 /T4-F3-1 /T5-F3-1 /T5-F1-1 /T5-F2-1 
/W-F0-1  /T3-F1-1 /W-T5-1  /T5-T1-2 /D:1     /R       /D:1     /W-F2-1  /T4-F2-1 /T3-F2-1 
/T4-F3-1 /T4-F2-1 /T6-F3-1 /T6-F3-1 /T6-T4-1 /T4-T2-2 /T1-F3-1 /T0-T4-1 /T0-F3-1 /T1-T6-1 
/T1-F3-1 /T6-T1-2 /T6-F3-1 /T6-F1-1 /T3-F1-1 /T3-F1-1 /T3-F0-1 /T3-F0-1 /T4-T0-2 /D:1     
/W-F1-1  /D:1     /W-T3-1  /D:3     /W-F2-1  /D:1     /W-F0-1  /T0-F0-1 /T0-F1-1 /D:1     
/W-T3-1  /T1-T3-3 /T1-F3-1 /D:2     /W-F2-1  /T3-F2-1 /T0-F2-1 /T3-F1-1 /T0-F1-1 /R       
/D:1     /W-F0-1  /D:1     /W-F2-1  /T2-F2-1 /T2-F3-1 /T3-T1-2 /T3-F2-1 /D:1     /W-F0-1  
/T1-F0-1 /T0-F0-1 /T1-F1-1 /T0-F1-1 /T1-F0-1 
"
1010060,k#iD#Inv#HgaY#sXVJA#rhoEOF#eCbQMUx#mNWPuwclRLTZjdyzGKqpBStf,99.500000,826.000000,34.000000,0.764286,1,"
minimal: 0 / states: 107 / duration: 0.000126s
history:
/T4-F0-1 /T6-T3-1 /T6-T2-1 /T3-T6-2 /T3-F1-1 /T5-T3-1 /T4-T0-1 /T4-T0-1 /D:2     /W-F3-1  
/T5-F3-1 /D:1     /W-T6-1  /T2-T6-2 /T2-F2-1 /D:1     /W-F3-1  /D:1     /W-T0-1  /T3-T0-2 
/D:1     /W-T4-1  /D:1     /W-T1-1  /D:2     /W-T0-1  /T1-T0-2 /T1-T4-1 /T6-T1-6 /T6-F3-1 
/T6-F1-1 /F3-T5-1 /T6-T5-1 /T0-F1-1 /T3-T4-1 /D:2     /W-T4-1  /D:1     /W-T3-1  /W-T3-1  
/T4-T3-5 /T4-T3-1 /T6-T3-1 /D:2     /W-F1-1  /T3-F1-1 /D:2     /W-T4-1  /D:1     /W-T1-1  
/D:4     /W-F0-1  /T5-F0-1 /T0-F0-1 /T5-F3-1 /T5-F0-1 /T5-F2-1 /W-F2-1  /W-F2-1  /T0-F3-1 
/T0-F0-1 /T5-T2-1 /T5-F2-1 /T3-F2-1 /T1-F0-1 /D:1     /W-F3-1  /T3-F3-1 /T1-F3-1 /T3-F0-1 
/T0-T3-2 /T0-F3-1 /T2-T1-1 /T2-F0-1 /T0-F0-1 /W-F0-1  /D:1     /W-F2-1  /D:1     /W-F1-1  
/T3-F1-1 /T1-F1-1 /T3-F2-1 /T1-F2-1 /T1-F3-1 /T3-F1-1 /T3-F2-1 /T3-F3-1 /T1-F2-1 /T1-F3-1 
/T3-F0-1 /T1-F0-1 /T3-F3-1 /W-F2-1  /W-F1-1  /T0-F1-1 /W-F1-1  /T4-F2-1 /W-F1-1  
"
1010061,N#cC#lKQ#GdWi#tFpoy#MuIneZ#TqLSPOk#BfmEvxDrwXUYsaJbRVHAjhgz,144.000000,3486.000000,47.000000,0.625000,1,"
minimal: 0 / states: 124 / duration: 0.000130s
history:
/T0-F3-1 /T6-T4-1 /T6-F3-1 /T6-F3-1 /T2-F3-1 /T5-T0-1 /T4-T0-2 /D:4     /W-T6-1  /F3-T6-1 
/T1-T6-1 /T4-T1-1 /D:3     /W-T5-1  /T1-T5-2 /D:2     /W-T0-1  /T3-T0-1 /T3-T2-1 /T4-T3-1 
/T5-T4-4 /T5-F2-1 /T4-F2-1 /T5-T2-1 /T5-T0-1 /T3-F2-1 /T6-T3-1 /T6-F3-1 /T3-T6-2 /T6-T3-4 
/D:1     /W-T6-1  /D:1     /W-T2-1  /T3-T2-5 /D:1     /W-T5-1  /T2-T5-9 /D:2     /W-F1-1  
/D:1     /W-T6-1  /D:1     /W-F1-1  /T4-F1-1 /D:1     /W-F3-1  /D:1     /W-T6-1  /D:1     
/W-T6-1  /D:1     /W-F0-1  /D:3     /W-T0-1  /T4-T0-3 /D:1     /W-T1-1  /T2-T1-1 /R       
/D:1     /W-F0-1  /T5-F0-1 /T0-F0-1 /T5-F1-1 /T5-F0-1 /T0-F1-1 /T0-F0-1 /T5-F3-1 /T5-F0-1 
/T6-F0-1 /T4-T5-1 /D:1     /W-F1-1  /T0-F1-1 /D:1     /W-T2-1  /T6-T2-4 /T6-F2-1 /T6-F3-1 
/D:2     /W-T1-1  /D:1     /W-F2-1  /D:1     /W-F2-1  /T5-F2-1 /T0-F2-1 /T5-F3-1 /T2-F3-1 
/T5-F0-1 /T2-F0-1 /T5-F3-1 /T2-F3-1 /T5-F0-1 /T2-F0-1 /T5-F3-1 /T5-F0-1 /W-F2-1  /T0-T2-4 
/T0-F3-1 /D:1     /W-T1-1  /D:1     /W-F1-1  /T2-F1-1 /T1-F1-1 /T2-F2-1 /T1-F2-1 /T2-F1-1 
/T1-F1-1 /T2-F2-1 /T1-F2-1 /T2-F1-1 
"
1010078,A#El#Rzd#YgQM#DrpVU#Whuimo#GkcONaB#XKSLPyCqHJtbZFesfwnITjvx,125.500000,1428.000000,50.000000,0.663158,1,"
minimal: 0 / states: 119 / duration: 0.000145s
history:
/T0-F0-1 /T6-F0-1 /T6-F1-1 /T6-F3-1 /T6-F3-1 /T5-T6-1 /T5-T0-1 /T1-T3-1 /T2-T1-1 /D:2     
/W-T3-1  /D:2     /W-T0-1  /D:1     /W-F3-1  /D:2     /W-F0-1  /D:2     /W-T5-1  /D:2     
/W-T4-1  /D:1     /W-F1-1  /D:5     /W-T4-1  /T1-T4-2 /T3-T1-3 /T3-F3-1 /T3-T5-1 /T3-T2-1 
/T2-T3-2 /T2-F3-1 /W-T5-1  /W-T5-1  /D:2     /W-F2-1  /T6-F2-1 /T6-F1-1 /T6-T0-1 /W-T0-1  
/T5-T0-5 /T4-F1-1 /T0-F1-1 /D:2     /W-T5-1  /D:1     /W-T1-1  /W-T1-1  /T4-T1-4 /T5-T4-2 
/W-T4-1  /W-T2-1  /T6-T5-1 /D:2     /W-T3-1  /R       /D:2     /W-F3-1  /D:1     /W-T2-1  
/W-T2-1  /D:2     /W-T2-1  /T4-T2-4 /T4-F2-1 /W-F2-1  /T4-F2-1 /T0-F2-1 /T4-F0-1 /T1-F0-1 
/T1-F1-1 /T1-F2-1 /T2-F0-1 /T0-F1-1 /T2-F3-1 /T2-F2-1 /T5-F0-1 /T0-F0-1 /T1-F3-1 /T2-F3-1 
/T5-F1-1 /T0-F1-1 /T1-F0-1 /T2-F0-1 /T1-F1-1 /T1-F0-1 /T5-F3-1 /T2-F3-1 /T0-T2-2 /T0-F0-1 
/T3-T1-1 /T3-F3-1 /T1-T3-2 /T1-F0-1 /T2-T0-3 /T2-F3-1 /D:1     /W-F2-1  /T0-F2-1 /T0-F1-1 
/T3-F2-1 /T0-F2-1 /T3-F1-1 /T0-F1-1 /T3-F2-1 
"
1010079,M#WY#lPK#fJve#QFBgw#dIAVsy#jGrpoXm#aLCRUODhzktqnSZcTbxHiNuE,159.000000,1728.000000,46.000000,0.612245,1,"
minimal: 0 / states: 120 / duration: 0.000140s
history:
/T5-T6-1 /T3-T5-1 /T2-T1-1 /T1-T0-2 /T3-T1-1 /T1-T0-2 /T6-T1-2 /T6-T1-1 /T4-T1-1 /T5-T4-2 
/T6-T2-1 /T5-T1-1 /T5-F0-1 /D:1     /W-F1-1  /D:4     /W-T0-1  /D:1     /W-T6-1  /D:1     
/W-T4-1  /T2-T4-2 /D:1     /W-T5-1  /D:3     /W-T0-1  /D:2     /W-F2-1  /T4-F2-1 /D:1     
/W-T0-1  /D:4     /W-F1-1  /D:1     /W-T2-1  /D:1     /W-T1-1  /T4-T1-5 /T4-F0-1 /D:1     
/W-T3-1  /D:1     /W-F3-1  /T6-F3-1 /T1-F3-1 /T6-F2-1 /T6-T0-1 /T6-T5-1 /T5-T6-3 /T5-T0-1 
/T6-T2-4 /D:1     /W-T3-1  /W-T3-1  /W-F1-1  /T4-T3-1 /T0-F1-1 /T4-F3-1 /W-T4-1  /W-F2-1  
/T0-F2-1 /T1-T3-2 /T1-F2-1 /T0-T2-1 /T0-F2-1 /D:1     /W-T2-1  /R       /D:1     /W-T4-1  
/D:1     /W-F0-1  /T3-F0-1 /T2-F0-1 /T3-F1-1 /T3-F0-1 /D:1     /W-F3-1  /T2-F3-1 /T3-F3-1 
/T0-F3-1 /T2-F0-1 /T3-F2-1 /T0-F2-1 /T1-T3-2 /T1-F3-1 /T0-F3-1 /T1-F2-1 /T3-T1-4 /T3-F1-1 
/T1-F1-1 /T1-F0-1 /T2-F1-1 /T1-F1-1 /T2-F0-1 /T1-F0-1 /T1-F3-1 /T2-F1-1 /T0-F0-1 /T2-F2-1 
/T0-F3-1 /T1-F2-1 /T4-F0-1 /T4-F3-1 /T0-F0-1 /D:1     /W-F2-1  /D:1     /W-F1-1  /T2-F1-1 
/T1-F1-1 
"
1010087,m#TL#EFp#oYvN#WbulD#gQaCHy#GfjztBZ#OdnsKeiUrxAJqPSkMRVwXIhc,118.500000,1293.000000,52.000000,0.614943,1,"
minimal: 0 / states: 124 / duration: 0.000145s
history:
/T3-F3-1 /T5-T0-1 /T1-T6-1 /T1-T5-1 /T6-T1-2 /D:1     /W-F3-1  /D:2     /W-F2-1  /D:1     
/W-T5-1  /D:2     /W-T5-1  /T4-T5-1 /W-T4-1  /D:2     /W-T3-1  /D:3     /W-F0-1  /T6-F0-1 
/T6-T3-1 /T4-T6-2 /D:3     /W-F3-1  /D:1     /W-T3-1  /D:1     /W-T0-1  /D:4     /W-T0-1  
/W-T0-1  /T5-T0-5 /T5-F0-1 /T5-F1-1 /T5-F3-1 /T5-T4-1 /T6-T5-3 /T3-T6-4 /T6-T5-5 /T0-F0-1 
/W-F3-1  /T5-F3-1 /T6-T5-1 /T0-T4-2 /T0-F3-1 /D:1     /W-T1-1  /D:3     /R       /D:3     
/W-T5-1  /D:1     /W-T3-1  /D:1     /W-T1-1  /W-T1-1  /T4-T1-4 /T4-F1-1 /W-T5-1  /T2-T5-1 
/F3-T0-1 /T2-T0-1 /T2-F0-1 /T0-F0-1 /T0-F3-1 /T6-F0-1 /T0-F0-1 /T4-T3-1 /D:1     /W-T1-1  
/D:1     /W-T2-1  /T3-T2-3 /T3-F2-1 /T5-F2-1 /T1-F2-1 /D:1     /W-F0-1  /D:2     /W-F1-1  
/T5-F1-1 /T1-F1-1 /T5-F2-1 /T1-F2-1 /T5-F1-1 /T1-F1-1 /T5-F2-1 /T1-F2-1 /T5-F3-1 /T0-F3-1 
/W-F1-1  /T1-F1-1 /T1-F0-1 /T5-F2-1 /T0-F2-1 /T2-F3-1 /T1-F3-1 /T5-F1-1 /T0-F1-1 /T2-F2-1 
/T0-F2-1 /T5-F0-1 /T1-F0-1 /T2-F3-1 /T1-F3-1 /T5-F1-1 /T0-F1-1 /T2-F0-1 /T5-F2-1 
"
1010091,S#EU#tcD#JBQn#vNMzI#lGHRZa#qdsCWAF#TOxjhfroiyPkwegmKYVbuLXp,113.500000,1522.000000,33.000000,0.727273,1,"
minimal: 0 / states: 127 / duration: 0.000135s
history:
/T3-F2-1 /T5-F1-1 /T1-T4-1 /T3-T1-1 /T1-T0-2 /T5-T1-1 /T5-T6-1 /T2-T6-1 /T2-T6-1 /T3-T6-1 
/T0-T2-3 /T2-T4-4 /D:1     /W-T5-1  /T6-T5-5 /T6-F0-1 /T5-F0-1 /T4-T6-6 /T4-T0-1 /T4-T2-1 
/T4-F3-1 /D:1     /W-F3-1  /D:3     /W-T4-1  /D:3     /W-F2-1  /D:1     /W-T3-1  /T5-T3-6 
/T5-T4-1 /T5-T0-1 /D:1     /W-T1-1  /D:1     /W-F3-1  /T6-F3-1 /D:1     /W-T1-1  /T3-T1-8 
/D:4     /W-T3-1  /D:1     /W-T0-1  /T6-T0-6 /T6-F0-1 /D:1     /W-T2-1  /D:2     /W-F1-1  
/T1-F1-1 /T1-F0-1 /T0-F0-1 /T1-F3-1 /T0-F3-1 /T1-F0-1 /T6-T1-1 /T6-F1-1 /T4-F0-1 /D:2     
/W-T3-1  /D:1     /W-T3-1  /D:1     /W-F2-1  /T6-F2-1 /R       /D:1     /W-T2-1  /D:1     
/W-T2-1  /T4-T2-2 /D:1     /W-T0-1  /D:1     /W-F2-1  /T1-F2-1 /T1-F3-1 /T1-F0-1 /T0-T2-2 
/T0-F3-1 /T0-F0-1 /D:1     /W-T3-1  /T1-T3-1 /T1-F0-1 /D:1     /W-F1-1  /T2-F1-1 /T2-F2-1 
/D:1     /W-F1-1  /T2-F1-1 /T3-F1-1 /T2-T0-1 /T2-F1-1 /T1-F1-1 /T0-T2-2 /T0-F0-1 /T0-F1-1 
/T3-T1-2 /T3-F0-1 /T3-F1-1 /T2-T0-4 /T2-F0-1 /D:1     /W-F3-1  /D:1     /W-F2-1  /T0-F2-1 
/T0-F3-1 /T1-F2-1 /T0-F2-1 /T1-F3-1 /T0-F3-1 /T1-F2-1 /T0-F2-1 /T1-F3-1 
"
1010092,c#ku#WYF#BwhL#zTnDa#yUSqpv#HsGtexm#RogJAIMKEXfZQlCPiVdbrjON,145.000000,1973.000000,44.000000,0.646067,1,"
minimal: 0 / states: 116 / duration: 0.000136s
history:
/T4-F1-1 /T3-T6-1 /T3-T5-1 /T0-T4-1 /T6-T0-2 /D:1     /W-T2-1  /T4-T2-2 /T4-F2-1 /T2-T4-4 
/T6-T2-1 /T4-T1-5 /T2-T4-2 /T5-T2-2 /T2-T4-3 /D:1     /W-F2-1  /T5-F2-1 /T5-F2-1 /D:3     
/W-F0-1  /D:2     /W-T2-1  /D:2     /W-T5-1  /D:1     /W-T0-1  /T3-T0-1 /T3-F0-1 /D:2     
/W-T3-1  /D:1     /W-T5-1  /D:1     /W-T2-1  /D:1     /W-F0-1  /D:2     /W-T0-1  /T1-T0-6 
/D:3     /W-F1-1  /T0-F1-1 /W-F1-1  /T6-F1-1 /T6-T4-1 /T5-T4-3 /T6-T5-1 /T0-F0-1 /D:1     
/W-F2-1  /T6-F2-1 /T4-T5-3 /T4-F2-1 /T0-T6-3 /T0-F2-1 /T6-T0-4 /D:3     /W-F3-1  /W-F3-1  
/R       /D:2     /W-T1-1  /D:2     /W-T2-1  /D:1     /W-F1-1  /D:1     /W-F3-1  /T5-F3-1 
/T0-F3-1 /T5-F0-1 /T0-F0-1 /T5-F3-1 /T0-F3-1 /T5-F0-1 /T5-F3-1 /T0-F0-1 /W-F0-1  /W-F1-1  
/T4-F1-1 /T0-F1-1 /T4-F2-1 /T0-F2-1 /T1-F0-1 /T2-F0-1 /T0-T5-1 /T0-F0-1 /T5-T0-2 /D:1     
/W-F3-1  /T4-F3-1 /T0-F3-1 /T4-F2-1 /T4-F3-1 /T0-F2-1 /T3-F3-1 /T4-F2-1 /D:1     /W-F1-1  
/T1-F1-1 /T2-F1-1 /T0-F1-1 /T2-F0-1 
"
1010097,i#AX#PHu#tkzL#SrGga#xJepNd#CEQjnBw#IhbcVYKfsFROZlmWvyTUMqDo,140.000000,2926.000000,45.000000,0.612500,1,"
minimal: 0 / states: 128 / duration: 0.000144s
history:
/T4-F1-1 /T6-T1-1 /T4-T2-1 /T2-T0-2 /T1-T3-2 /T1-F0-1 /T6-F0-1 /T6-F2-1 /T0-T3-3 /D:1     
/W-T6-1  /D:1     /W-T6-1  /T4-T6-1 /T5-T4-1 /T5-F3-1 /T5-T4-1 /D:1     /W-F1-1  /D:1     
/W-F1-1  /D:4     /W-T6-1  /T4-T6-3 /D:1     /W-T3-1  /T5-T3-1 /D:3     /W-F3-1  /D:1     
/W-T0-1  /T3-T0-8 /T3-T1-1 /T5-T3-1 /T6-T5-8 /T5-T6-1 /T5-F1-1 /T6-T5-2 /T6-T4-1 /T6-F0-1 
/T0-F1-1 /W-T0-1  /D:1     /W-T1-1  /T5-T1-9 /D:1     /W-T5-1  /D:3     /W-T5-1  /T3-T5-2 
/T4-T3-2 /D:1     /W-T2-1  /D:2     /W-T4-1  /D:1     /W-T0-1  /D:1     /W-F0-1  /T3-F0-1 
/T1-T3-3 /T1-F1-1 /T0-T2-3 /T0-F1-1 /D:1     /W-F2-1  /T3-F2-1 /T2-F2-1 /R       /D:1     
/W-T5-1  /T2-T5-4 /T2-F3-1 /T3-F3-1 /T3-F2-1 /T5-F3-1 /T3-F3-1 /T5-F2-1 /T3-F2-1 /T0-F2-1 
/T5-F3-1 /D:1     /W-T4-1  /D:1     /W-T4-1  /D:1     /W-F0-1  /T1-F0-1 /T1-F1-1 /T5-F0-1 
/T0-F1-1 /T1-F0-1 /T1-F1-1 /T5-T0-1 /T5-F0-1 /T4-F0-1 /T5-F1-1 /T0-T5-3 /T0-F0-1 /T1-T4-1 
/T1-F1-1 /T4-T1-2 /T4-F0-1 /T5-T0-4 /T5-F1-1 /D:1     /W-T1-1  /D:1     /W-F2-1  /D:1     
/W-F3-1  /T0-F3-1 /T0-F2-1 /T1-F3-1 /T0-F3-1 /T1-F2-1 /T0-F2-1 /T1-F3-1 /T0-F3-1 /T1-F2-1 
"
1010099,x#XF#vln#uHPd#KsSyb#ihfzkm#wYIqpQr#BNRGAgeMjLUOWoaEcDTJCtZV,137.000000,1279.000000,38.000000,0.730769,1,"
minimal: 0 / states: 111 / duration: 0.000144s
history:
/T2-F2-1 /T3-T6-1 /T0-T2-1 /T5-T0-1 /D:1     /W-T3-1  /D:1     /W-F3-1  /D:1     /W-T1-1  
/D:2     /W-F0-1  /T3-F0-1 /D:4     /W-T2-1  /D:1     /W-T0-1  /T5-T0-1 /T2-T5-3 /T2-T5-1 
/T5-T2-5 /T6-T5-2 /D:1     /W-T2-1  /D:1     /W-F3-1  /T3-F3-1 /T6-F3-1 /T4-T6-1 /T6-T5-2 
/T6-T1-1 /D:2     /W-F2-1  /D:1     /W-F1-1  /T5-F1-1 /T5-F2-1 /T1-F2-1 /T1-F3-1 /D:2     
/W-F1-1  /T5-F1-1 /T5-F2-1 /W-T5-1  /D:2     /W-T3-1  /T1-T3-1 /T1-T4-1 /D:1     /W-T0-1  
/D:1     /W-F0-1  /W-F0-1  /T5-F0-1 /T3-F0-1 /D:1     /W-T2-1  /T5-T2-1 /T5-T6-1 /T3-T5-2 
/T5-T0-3 /D:1     /W-T1-1  /T4-T1-2 /T4-F3-1 /T4-F2-1 /T0-F3-1 /W-T4-1  /T6-T4-2 /W-T5-1  
/W-F1-1  /T2-F1-1 /T2-F2-1 /W-F1-1  /T3-F2-1 /W-F0-1  /T0-F0-1 /T2-F3-1 /T4-F1-1 /T0-F1-1 
/T2-F2-1 /T4-F0-1 /T2-F1-1 /T6-T5-1 /T0-F0-1 /T0-F1-1 /T6-F2-1 /T2-F2-1 /T2-F1-1 /T1-T0-1 
/T1-F2-1 /T2-F2-1 /T0-T1-2 /T0-F1-1 /T4-T5-2 /D:1     /W-F3-1  /T5-F3-1 /T1-F3-1 /T5-F0-1 
/T1-F0-1 /T5-F3-1 /T1-F3-1 /T5-F0-1 
"
1010106,a#Lz#mxp#dbUr#GORCX#htslBY#FVcnMKJ#eZikowAjfuvIHgyESWTDqPQN,107.000000,1213.000000,42.000000,0.636986,1,"
minimal: 0 / states: 123 / duration: 0.000140s
history:
/T0-F1-1 /T6-T4-1 /T5-T1-1 /T6-T1-1 /T6-T0-1 /T6-F2-1 /T5-T6-1 /T5-T0-1 /D:1     /W-T5-1  
/D:2     /W-T4-1  /D:2     /W-F2-1  /T2-F2-1 /T2-T0-1 /D:2     /W-F0-1  /T6-F0-1 /D:1     
/W-T0-1  /D:2     /W-T4-1  /D:1     /W-T0-1  /D:3     /W-T4-1  /T5-T4-2 /D:1     /W-T2-1  
/T4-T2-7 /T4-F0-1 /D:2     /W-T5-1  /T3-T5-1 /T3-T0-1 /T3-F1-1 /T6-F1-1 /T3-F1-1 /T1-T3-3 
/T5-T0-3 /T2-F1-1 /T4-T2-1 /D:1     /W-T3-1  /D:2     /W-F0-1  /D:1     /W-F2-1  /T0-F2-1 
/D:3     /W-F3-1  /T4-F3-1 /T4-T5-1 /R       /D:1     /W-T4-1  /T1-T4-1 /D:1     /W-T4-1  
/D:1     /W-T4-1  /T6-T4-1 /T2-T6-1 /T2-F2-1 /T0-T5-1 /T0-F2-1 /T6-T2-2 /D:1     /W-F1-1  
/D:1     /W-T3-1  /T5-T3-3 /D:1     /W-T4-1  /T2-T4-3 /T2-F2-1 /D:1     /W-F0-1  /D:2     
/W-F3-1  /D:1     /W-F3-1  /T4-F3-1 /T3-F3-1 /T4-F0-1 /T3-F0-1 /T4-F1-1 /T3-F1-1 /W-F3-1  
/T0-F3-1 /T0-F2-1 /T4-F0-1 /T2-F1-1 /T3-F0-1 /T0-F1-1 /T4-F3-1 /T2-F0-1 /T3-F3-1 /T3-F0-1 
/T4-F2-1 /T0-F2-1 /T2-F3-1 /T3-F3-1 /T4-F1-1 /T0-F1-1 /T2-F2-1 /T3-F2-1 /T4-F0-1 /T0-F0-1 
/T2-F1-1 /T4-F3-1 
"
1010112,y#jJ#YOg#QDUk#vCbls#MRxVNA#eHEizpf#TmKrXIhPdcLwWSuZqGBnaFto,151.000000,1849.000000,49.000000,0.588889,1,"
minimal: 0 / states: 126 / duration: 0.000131s
history:
/T5-F0-1 /T5-F3-1 /T4-T2-1 /T3-T0-1 /T5-T1-1 /T5-T4-1 /T1-T0-2 /T5-T2-1 /T4-T5-2 /T1-T5-1 
/D:2     /W-T1-1  /T0-T1-4 /D:2     /W-T6-1  /D:2     /W-T5-1  /T3-T5-1 /T3-T2-1 /T3-T6-1 
/D:2     /W-T2-1  /D:7     /W-T1-1  /T2-T1-5 /T2-F3-1 /T1-F3-1 /T6-F3-1 /D:1     /W-T0-1  
/D:2     /W-T5-1  /T6-T5-2 /T4-T6-1 /F3-T5-1 /T6-T5-2 /T6-T3-1 /T2-T3-1 /D:1     /W-F0-1  
/T4-F0-1 /T1-F0-1 /W-T1-1  /D:1     /W-F2-1  /D:1     /W-F1-1  /T5-F1-1 /D:3     /W-F2-1  
/T5-F2-1 /T5-F3-1 /T1-F2-1 /T1-F3-1 /T5-F2-1 /T1-F2-1 /W-F2-1  /W-T1-1  /W-F3-1  /R       
/D:1     /W-F3-1  /D:1     /W-T3-1  /D:2     /W-T4-1  /T5-T4-2 /T5-F3-1 /T1-T6-3 /T1-F3-1 
/T6-T1-4 /T6-F0-1 /T1-F0-1 /T1-T6-1 /T1-F2-1 /T6-T1-2 /T4-T5-3 /T4-F2-1 /D:2     /W-F1-1  
/W-F1-1  /T6-F1-1 /T5-F1-1 /T1-F1-1 /T5-F0-1 /T1-F0-1 /T5-F1-1 /T1-F1-1 /T5-F0-1 /T1-F0-1 
/T5-F1-1 /T1-F1-1 /T3-F0-1 /T5-T3-1 /T5-F1-1 /T1-T0-1 /T1-F1-1 /W-T0-1  /D:1     /W-F0-1  
/T5-F0-1 /D:1     /W-F2-1  /T3-F2-1 /D:1     /W-F3-1  /T0-F3-1 /T0-F2-1 /T3-F3-1 /T0-F3-1 
/T3-F2-1 
"
1010114,o#ri#UhX#sZJn#ljDdt#LczPyb#guwYREp#FvGKHfmQWCTABOqVMIaNxSke,166.000000,2780.000000,46.000000,0.586957,1,"
minimal: 0 / states: 121 / duration: 0.000136s
history:
/T3-F2-1 /T0-F2-1 /T6-F2-1 /T3-T2-1 /T1-T2-1 /T3-T0-1 /D:5     /W-T2-1  /D:1     /W-T4-1  
/T6-T4-1 /T6-T3-1 /W-T6-1  /D:2     /W-T1-1  /F2-T1-1 /T5-T1-1 /T5-T0-1 /T2-T0-4 /T4-T2-3 
/T4-T2-1 /T5-T4-1 /T6-T5-2 /T4-T3-2 /T4-T5-1 /D:2     /W-T2-1  /T1-T2-1 /T1-F2-1 /D:1     
/W-T0-1  /T3-T0-4 /T5-T3-4 /D:1     /W-F0-1  /D:1     /W-F0-1  /D:2     /W-F2-1  /D:1     
/W-T6-1  /D:2     /W-T3-1  /T2-T3-7 /D:1     /W-F1-1  /T3-F1-1 /T5-F1-1 /T3-F0-1 /T3-F1-1 
/T1-T3-1 /T1-F2-1 /W-T1-1  /T4-T1-1 /D:1     /W-F3-1  /W-F3-1  /T0-F3-1 /T0-F0-1 /T3-F3-1 
/T0-F3-1 /T3-F0-1 /T0-F2-1 /D:1     /W-T1-1  /W-T1-1  /W-T4-1  /W-T2-1  /T3-T2-1 /T3-F2-1 
/W-T1-1  /W-F0-1  /T2-T1-3 /T5-T4-1 /D:1     /W-F3-1  /T0-F3-1 /T1-T3-2 /T1-F3-1 /T6-F3-1 
/D:1     /W-T4-1  /T6-T4-1 /T6-F2-1 /T1-F2-1 /T1-F3-1 /T4-F2-1 /T1-F2-1 /T0-T4-3 /T0-F3-1 
/T0-F2-1 /T3-T1-6 /T3-F3-1 /T0-F3-1 /T3-F2-1 /T6-T4-1 /D:1     /W-F1-1  /T1-F1-1 /T1-F0-1 
/T4-F1-1 /T1-F1-1 /T4-F0-1 /T1-F0-1 /T4-F1-1 /T1-F1-1 /T4-F0-1 /T1-F0-1 /T4-F1-1 /T1-F1-1 
/T4-F0-1 /T1-F0-1 /T4-F1-1 
"
1010122,s#PK#Ggx#XhWA#yQfcE#MlCrej#RUYnDba#ptNkTSOHLdoZvqIFziwVJBmu,139.000000,1159.000000,47.000000,0.644330,1,"
minimal: 0 / states: 119 / duration: 0.000140s
history:
/T3-F0-1 /T6-F1-1 /T6-F1-1 /T5-T1-1 /T5-T0-1 /T6-T0-1 /T6-F2-1 /T2-T6-1 /T3-T6-1 /T0-T2-3 
/D:2     /W-T3-1  /D:1     /W-F3-1  /D:3     /W-T3-1  /T4-T3-1 /T4-F1-1 /T5-T4-1 /D:1     
/W-F3-1  /D:3     /W-T3-1  /T5-T3-1 /T1-T5-2 /T1-F3-1 /D:1     /W-F2-1  /D:1     /W-T0-1  
/W-T0-1  /D:1     /W-T5-1  /T3-T5-6 /T3-T0-1 /D:2     /W-T6-1  /D:2     /W-T1-1  /T6-T1-4 
/T6-T1-1 /D:2     /W-T0-1  /W-T0-1  /D:3     /W-F0-1  /T5-F0-1 /T2-F0-1 /T5-F1-1 /T2-F1-1 
/T5-F0-1 /T4-T5-1 /T4-F1-1 /T4-F3-1 /T6-F3-1 /D:1     /W-T3-1  /T4-T3-1 /D:1     /W-T0-1  
/T2-T0-2 /T2-T1-1 /R       /D:1     /W-F2-1  /D:1     /W-T3-1  /D:3     /W-F2-1  /T5-F2-1 
/T0-F2-1 /T5-F3-1 /T5-F2-1 /T0-F1-1 /T0-F2-1 /T5-F1-1 /T0-F1-1 /T5-F2-1 /T0-F2-1 /T5-F1-1 
/T3-F1-1 /T1-T5-4 /T1-F2-1 /T5-T1-5 /T5-F1-1 /T3-F2-1 /T3-F1-1 /T1-T5-6 /T1-F2-1 /D:1     
/W-F0-1  /T5-F0-1 /W-F0-1  /W-F3-1  /T5-F3-1 /T5-F0-1 /D:1     /W-F3-1  /T5-F3-1 /T0-F3-1 
/D:1     /W-F0-1  /T5-F0-1 /T0-F0-1 /T5-F3-1 /T0-F3-1 /T5-F0-1 
"
1010125,A#qC#igU#xIvZ#jrpLo#YHmauX#EDbRtNy#JVQlPFhcwskGMOnBSzTfWdeK,148.000000,1849.000000,47.000000,0.609890,1,"
minimal: 0 / states: 123 / duration: 0.000142s
history:
/T0-F0-1 /T6-T3-1 /T6-F3-1 /T5-T3-1 /T6-T2-1 /T3-T0-3 /T2-T3-2 /T2-T5-1 /T5-T2-2 /T5-F1-1 
/D:1     /W-T0-1  /T2-T0-3 /T5-T2-1 /D:5     /W-T0-1  /T6-T0-1 /T6-F1-1 /T6-T0-1 /W-T0-1  
/T4-T0-1 /T4-T2-1 /D:2     /W-F1-1  /D:3     /W-T2-1  /D:3     /W-F3-1  /D:1     /W-F2-1  
/T0-F2-1 /T4-F2-1 /T0-F3-1 /D:1     /W-F0-1  /T1-F0-1 /T0-F0-1 /T1-F2-1 /T4-F2-1 /T3-T4-3 
/T6-F0-1 /W-T1-1  /D:1     /W-T4-1  /D:1     /W-T6-1  /D:1     /W-T5-1  /D:3     /W-F1-1  
/D:1     /W-F1-1  /D:1     /R       /D:2     /W-F3-1  /T0-F3-1 /T0-F0-1 /T4-F3-1 /T5-F3-1 
/D:1     /W-T1-1  /D:1     /W-T3-1  /T4-T3-1 /T4-F3-1 /W-F3-1  /D:1     /W-T2-1  /F3-T2-1 
/T5-T2-1 /T5-T6-1 /D:1     /W-F2-1  /T3-F2-1 /T0-T2-1 /T0-F2-1 /T4-F2-1 /T3-T4-2 /T2-T0-2 
/T2-F3-1 /T2-F2-1 /T3-F2-1 /D:1     /W-F0-1  /D:1     /W-F1-1  /T0-F1-1 /T0-F0-1 /T4-F1-1 
/T0-F1-1 /T4-F0-1 /T0-F0-1 /T4-F1-1 /T2-F1-1 /T1-F1-1 /T0-T2-1 /T0-F2-1 /T2-T0-2 /T2-F1-1 
/T6-T1-1 /T6-F2-1 /D:1     /W-F3-1  /T0-F3-1 /T1-F3-1 /D:1     /W-F0-1  /T0-F0-1 /T0-F3-1 
/T1-F0-1 
"
1010128,X#Jx#vGa#ryBU#lmFVs#PzuwEA#tDRfepb#ZQiSIhkOMWgNLYcHTKnCqodj,101.500000,981.000000,32.000000,0.754386,1,"
minimal: 0 / states: 117 / duration: 0.000130s
history:
/T2-F1-1 /T5-F0-1 /T6-F1-1 /T2-T3-1 /T3-T2-2 /T3-F0-1 /T0-T3-1 /D:1     /W-T0-1  /T3-T0-2 
/D:1     /W-T3-1  /T6-T3-1 /T6-T4-1 /T5-T6-1 /T5-T0-1 /T6-T2-2 /D:1     /W-T0-1  /T5-T0-1 
/D:5     /W-T3-1  /D:2     /W-T1-1  /T2-T1-5 /T5-T2-1 /D:1     /W-T0-1  /T4-T0-2 /D:1     
/W-F3-1  /T3-F3-1 /T5-F3-1 /W-T5-1  /D:2     /W-T2-1  /T1-T2-7 /T4-T1-1 /T6-T4-1 /T6-T0-1 
/D:1     /W-F1-1  /D:1     /W-T1-1  /D:1     /W-T1-1  /T4-T1-2 /W-T4-1  /W-T4-1  /T1-T4-6 
/T4-T1-9 /T4-T5-1 /D:1     /W-T5-1  /D:1     /W-F2-1  /D:1     /W-F0-1  /T0-F0-1 /T2-F0-1 
/T3-T2-3 /D:1     /W-T0-1  /D:1     /W-F2-1  /T2-F2-1 /T0-F2-1 /T2-F3-1 /T1-F3-1 /T1-F0-1 
/T2-F2-1 /T2-T6-1 /T2-F0-1 /T6-T2-2 /D:1     /W-F1-1  /T0-F1-1 /T0-F2-1 /T2-F1-1 /T0-F1-1 
/T2-F2-1 /W-F1-1  /T0-F2-1 /T0-F1-1 /D:1     /W-F1-1  /R       /D:1     /W-F3-1  /T1-F3-1 
/T1-F0-1 /T2-F3-1 /T1-F3-1 /T2-F2-1 /T0-F2-1 /T2-F3-1 /T2-F2-1 /T0-F3-1 /T0-F2-1 /T2-F3-1 
/T0-F3-1 /T2-F2-1 /D:1     /W-F0-1  /T1-F0-1 /T1-F1-1 /T5-F0-1 /T1-F0-1 /T5-F1-1 /T1-F1-1 
/T5-F0-1 
"
1010130,X#vn#EDO#ZYIK#mJlqa#pPMrbC#ufectQN#RVoSUFgGTWxkAjLBywzshHid,129.500000,850.000000,42.000000,0.662162,1,"
minimal: 0 / states: 122 / duration: 0.000142s
history:
/T1-F2-1 /T4-F1-1 /T6-F3-1 /T2-F3-1 /T5-T6-1 /T5-F1-1 /T6-T5-2 /D:3     /W-F2-1  /D:1     
/W-T6-1  /T5-T6-3 /D:1     /W-T1-1  /T6-T1-5 /T6-F1-1 /T4-T6-1 /T3-T4-1 /T4-T5-2 /T4-T0-1 
/W-T0-1  /D:5     /W-T5-1  /T3-T5-1 /D:1     /W-T3-1  /D:2     /W-F0-1  /D:1     /W-T3-1  
/T1-T3-7 /T5-T1-5 /T5-F3-1 /T5-F2-1 /T6-F2-1 /T2-T6-1 /T3-T2-2 /T3-F2-1 /T2-T3-3 /D:1     
/W-T4-1  /W-T4-1  /D:1     /W-F0-1  /T3-F0-1 /T3-F3-1 /T6-F0-1 /T3-F0-1 /D:2     /W-T4-1  
/D:1     /W-T2-1  /T3-T2-7 /W-T3-1  /T0-T3-3 /D:1     /W-F2-1  /D:1     /W-T1-1  /D:1     
/W-T3-1  /W-T3-1  /F2-T3-1 /T6-T3-1 /W-T1-1  /T6-T1-1 /W-T6-1  /W-F0-1  /W-F3-1  /T2-F3-1 
/T1-T2-1 /T1-F0-1 /T3-T6-2 /T3-F3-1 /T3-F0-1 /T2-T1-2 /T2-F3-1 /T3-F3-1 /T1-T2-3 /T1-F0-1 
/T1-F3-1 /T3-F0-1 /T1-F0-1 /T3-F3-1 /T2-T1-6 /T2-F3-1 /T4-T3-2 /T4-F0-1 /T1-T2-7 /T1-F0-1 
/T3-T4-3 /T3-F3-1 /D:1     /W-T4-1  /T6-T4-4 /D:1     /W-F1-1  /T4-F1-1 /T2-F1-1 /T4-F2-1 
/T2-F2-1 /T4-F1-1 /T2-F1-1 /T4-F2-1 /T2-F2-1 /T4-F1-1 /T2-F1-1 /T4-F2-1 /T2-F2-1 /T4-F1-1 
/T2-F1-1 /T4-F2-1 /T2-F2-1 /T4-F1-1 
"
1010132,n#Iw#oGT#gWei#CpqHA#fPNUbx#jYZBlFz#cRLmrvXhsJDKSyMQdtVkOaEu,98.000000,2415.000000,47.000000,0.588608,1,"
minimal: 0 / states: 130 / duration: 0.000147s
history:
/T0-F2-1 /T4-F0-1 /T6-T0-1 /T6-T2-1 /T5-T6-1 /T6-T0-2 /T6-F0-1 /T3-T1-1 /T4-T1-1 /T2-T1-2 
/T3-T1-1 /T4-T1-1 /T5-T4-1 /T2-T5-1 /T2-F2-1 /T6-T2-1 /T3-T0-1 /D:1     /W-T1-1  /D:2     
/W-T2-1  /D:3     /W-T0-1  /T5-T0-2 /T5-F3-1 /D:1     /W-T2-1  /T1-T2-8 /D:1     /W-T1-1  
/D:1     /W-T3-1  /D:3     /W-T6-1  /D:1     /W-T0-1  /D:5     /W-T1-1  /D:3     /W-F3-1  
/T5-F3-1 /T5-T1-1 /D:1     /W-F1-1  /T4-F1-1 /T2-F1-1 /T4-F2-1 /T2-F2-1 /T4-F0-1 /D:1     
/W-T0-1  /D:1     /R       /D:1     /W-T3-1  /D:1     /W-T4-1  /D:1     /W-F2-1  /D:2     
/W-F0-1  /T0-F0-1 /D:1     /W-T4-1  /D:1     /W-T5-1  /T6-T5-2 /T1-T6-4 /T6-T5-5 /D:1     
/W-F3-1  /T3-F3-1 /T0-F3-1 /T3-F2-1 /T2-T3-2 /T2-F3-1 /T5-T0-1 /T5-F2-1 /T0-T5-2 /T0-F3-1 
/T3-T2-3 /D:1     /W-F1-1  /T2-F1-1 /T2-F0-1 /T5-F1-1 /T2-F1-1 /T5-F0-1 /T2-F0-1 /T5-F1-1 
/T5-F0-1 /T2-F1-1 /T5-F1-1 /W-F0-1  /T5-F0-1 /T2-T4-2 /T2-F0-1 /D:1     /W-F3-1  /D:1     
/W-F1-1  /T0-T5-3 /T0-F1-1 /T4-T2-3 /T4-F1-1 /T5-T0-4 /T5-F0-1 /D:1     /W-F2-1  /T0-F2-1 
/T0-F3-1 /T2-F2-1 /T0-F2-1 /T2-F3-1 /T0-F3-1 /T2-F2-1 /T0-F2-1 /T2-F3-1 
"
1010149,b#Bi#QFG#roUm#pkDXR#dWTwaN#qeytjEM#gsLPIlZzChvYAxfJuKHSncOV,155.500000,3204.000000,61.000000,0.500000,1,"
minimal: 0 / states: 129 / duration: 0.000154s
history:
/T5-F3-1 /T5-F1-1 /T0-F1-1 /T6-T0-1 /T1-T5-1 /D:3     /W-T3-1  /D:3     /W-T0-1  /D:7     
/W-F0-1  /T1-F0-1 /T3-T1-2 /T2-T3-1 /T4-T2-1 /T4-T1-1 /T5-T1-2 /T4-T2-1 /T2-T5-3 /T2-T6-1 
/D:1     /W-T0-1  /D:1     /W-T3-1  /T6-T3-2 /T6-T0-1 /D:1     /W-T4-1  /D:1     /W-T1-1  
/T5-T1-4 /D:3     /W-T6-1  /D:1     /W-F2-1  /D:1     /W-F1-1  /D:1     /W-F3-1  /D:1     
/W-T4-1  /W-T4-1  /R       /D:1     /W-T4-1  /D:1     /W-T4-1  /D:1     /W-F3-1  /T3-F3-1 
/D:1     /W-T0-1  /T3-T0-4 /T3-F2-1 /T3-T6-1 /D:1     /W-T2-1  /D:1     /W-T3-1  /D:1     
/W-F0-1  /T1-F0-1 /T0-F0-1 /T1-F3-1 /T1-F0-1 /T6-T0-1 /T6-F3-1 /T1-F3-1 /T0-T6-2 /T0-F0-1 
/T6-T0-3 /T6-T2-1 /T4-T2-6 /T4-F2-1 /T6-T2-1 /T6-F2-1 /T0-F2-1 /T2-T1-3 /T2-F0-1 /D:2     
/W-T5-1  /T0-T5-3 /T0-F0-1 /D:1     /W-T3-1  /D:1     /W-T3-1  /T5-T3-5 /T5-F1-1 /T1-F1-1 
/T1-F2-1 /T3-F1-1 /T1-F1-1 /T3-F2-1 /T1-F2-1 /T3-F3-1 /T2-F3-1 /W-F1-1  /T1-F1-1 /T2-F0-1 
/T3-F2-1 /T0-F1-1 /T1-F2-1 /T2-F1-1 /T3-F3-1 /T0-F2-1 /T1-F3-1 /T2-F2-1 /T3-F0-1 /T0-F1-1 
/T1-F0-1 /T1-F1-1 /T3-F3-1 /T0-F0-1 /T2-F3-1 /T3-F2-1 
"
1010164,M#Lu#sbA#QyOt#JFXEm#rhUigf#jBezqdl#pxWcGaSnRYDVwHoPvkCNTKZI,143.500000,1983.000000,41.000000,0.650000,1,"
minimal: 0 / states: 122 / duration: 0.000136s
history:
/T2-F0-1 /T6-T0-1 /T5-T3-1 /T5-T1-1 /T1-T5-2 /T1-T4-1 /T4-T1-2 /T6-T4-1 /T4-T3-2 /T4-T1-1 
/T4-T5-1 /T5-T4-4 /T3-T5-4 /T4-T1-5 /D:1     /W-T5-1  /T3-T5-1 /D:1     /W-T0-1  /D:1     
/W-T0-1  /D:1     /W-T6-1  /D:2     /W-F1-1  /T2-F1-1 /T6-F1-1 /D:2     /W-F2-1  /D:1     
/W-T1-1  /T6-T1-1 /T6-T4-1 /T6-T2-1 /T6-F0-1 /D:1     /W-T4-1  /D:1     /W-T2-1  /D:4     
/W-F2-1  /D:1     /W-T1-1  /D:1     /W-T0-1  /T5-T0-7 /D:1     /W-T3-1  /D:1     /W-F0-1  
/T2-F0-1 /D:1     /W-F3-1  /T0-F3-1 /T0-F2-1 /T0-F1-1 /T1-F3-1 /T1-F2-1 /T2-F1-1 /T0-F0-1 
/T0-F1-1 /T1-T2-1 /T1-F0-1 /T1-F1-1 /T5-F1-1 /T5-F2-1 /D:1     /W-T1-1  /T2-T1-2 /D:1     
/W-T4-1  /T6-T4-1 /D:1     /W-T2-1  /T3-T2-2 /T3-F3-1 /T1-F3-1 /T1-F2-1 /T0-F2-1 /D:1     
/W-T4-1  /R       /D:1     /W-F0-1  /D:1     /W-F3-1  /T1-F3-1 /T0-F3-1 /T1-F2-1 /T0-F2-1 
/T1-F1-1 /T4-T0-1 /T4-F1-1 /T2-F1-1 /D:1     /W-F3-1  /D:1     /W-F2-1  /T0-T4-2 /T0-F2-1 
/T0-F1-1 /T2-F2-1 /T1-T2-3 /T1-F1-1 /T4-T0-4 /T4-F2-1 /D:1     /W-F0-1  /T0-F0-1 /T0-F3-1 
/T2-F0-1 /T0-F0-1 /T2-F3-1 /T0-F3-1 /T2-F0-1 /T0-F0-1 /T2-F3-1 
"
1010170,p#Hw#LiN#yczr#qROWk#gmxEfT#ZIMBAeo#DbCSsadYnlKvUVtFuPQJXjGh,113.500000,1597.000000,28.000000,0.766667,1,"
minimal: 0 / states: 129 / duration: 0.000163s
history:
/T2-F3-1  /T1-T4-1  /T5-T1-1  /T3-T5-1  /T2-T4-1  /T4-T2-3  /T1-T2-2  /T3-T1-1  /T6-T3-1  /D:1      
/W-T6-1   /T3-T6-2  /D:1      /W-T0-1   /D:3      /W-T2-1   /T6-T2-4  /T6-F0-1  /T6-F0-1  /D:1      
/W-F1-1   /T0-F1-1  /D:1      /W-T5-1   /T0-T5-1  /T6-T0-1  /T6-T4-1  /T2-T6-11 /D:1      /W-T0-1   
/D:1      /W-F2-1   /T6-F2-1  /T6-F1-1  /T5-F2-1  /T5-F1-1  /D:1      /W-T1-1   /D:1      /W-T0-1   
/T4-T0-2  /T4-F3-1  /T6-T4-1  /T6-F1-1  /T4-T6-2  /T4-F2-1  /T5-F2-1  /T5-F1-1  /D:2      /W-T0-1   
/D:2      /W-T0-1   /F1-T0-1  /T5-T0-1  /T5-T1-1  /T5-T2-1  /T3-T2-1  /D:1      /W-T5-1   /T6-T5-2  
/T6-F2-1  /D:2      /W-F3-1   /D:1      /W-F3-1   /D:2      /W-T2-1   /W-T2-1   /D:1      /W-T1-1   
/D:2      /R        /D:1      /W-F0-1   /T5-F0-1  /T0-F0-1  /T0-F1-1  /T5-F3-1  /T5-F0-1  /T5-F1-1  
/T0-F2-1  /D:1      /W-F3-1   /T6-F3-1  /T0-F3-1  /D:1      /W-T1-1   /D:1      /W-F3-1   /D:1      
/W-F2-1   /T1-F2-1  /T0-T1-1  /T0-F3-1  /T6-T2-2  /T6-F2-1  /T1-T0-2  /T1-F2-1  /T2-T6-3  /T2-F3-1  
/T2-F2-1  /T0-T1-3  /T0-F3-1  /T1-T0-4  /T1-F2-1  /T6-T2-5  /T6-F3-1  /D:1      /W-F0-1   /T2-F0-1  
/T0-F0-1  /D:1      /W-F1-1   /T2-F1-1  /T0-F1-1  /T2-F0-1  /T0-F0-1  /T2-F1-1  /T0-F1-1  /T2-F0-1  
/T0-F0-1  /T2-F1-1  
"
1010178,z#Vx#BqZ#fYOL#Hhymn#MbjkCJ#clDQXNa#vtuErTpUgSIAesPGWRwdoKFi,88.500000,973.000000,41.000000,0.639706,1,"
minimal: 0 / states: 120 / duration: 0.000124s
history:
/T4-F2-1 /T6-F1-1 /T6-F3-1 /T5-T6-1 /T6-T3-2 /T5-T6-1 /T3-T2-3 /T3-F3-1 /T1-T3-1 /T3-T0-2 
/T1-T2-1 /T4-T1-1 /T5-T4-1 /T4-T1-2 /T5-T0-1 /T5-F1-1 /D:1     /W-T0-1  /T4-T0-1 /T4-T2-1 
/T2-T4-6 /D:1     /W-T0-1  /T3-T0-1 /D:2     /W-T0-1  /T6-T0-2 /D:2     /W-T4-1  /D:6     
/W-F0-1  /D:2     /W-T4-1  /W-T4-1  /T6-T4-1 /T6-T5-1 /T6-F1-1 /D:1     /W-F3-1  /D:4     
/W-T1-1  /D:1     /W-F1-1  /D:1     /W-F2-1  /D:1     /W-T5-1  /D:2     /W-T1-1  /R       
/D:1     /W-T1-1  /D:2     /W-F2-1  /T2-F2-1 /T2-F0-1 /T0-F0-1 /T0-F3-1 /T4-F0-1 /T0-F0-1 
/T4-F1-1 /W-F2-1  /T0-F1-1 /T4-F2-1 /T0-F2-1 /T1-F2-1 /D:2     /W-F1-1  /T0-F1-1 /T0-F2-1 
/T1-F1-1 /T0-F1-1 /T1-F2-1 /T0-F2-1 /T1-F1-1 /T1-F2-1 /T5-T0-1 /T5-F1-1 /T1-F1-1 /T0-T5-2 
/T0-F2-1 /D:4     /W-T5-1  /D:1     /W-F3-1  /D:1     /W-F0-1  /W-F0-1  /W-T5-1  /W-F3-1  
/T4-F3-1 /T4-F0-1 /W-F3-1  /T4-F3-1 /T5-F0-1 /T4-F0-1 /T5-F3-1 /T4-F3-1 /T5-F0-1 /T4-F0-1 
/T5-F3-1 /T4-F3-1 /T5-F0-1 
"
1010179,p#LY#bQh#OSaj#zComd#gqFATy#UrixGwk#NPMWsfKRluDXIvJHEeVcZBtn,99.500000,1549.000000,39.000000,0.705128,1,"
minimal: 0 / states: 111 / duration: 0.000143s
history:
/T6-T5-1 /T6-T5-1 /T6-T2-1 /T3-T6-1 /T3-F1-1 /T6-T1-2 /T6-T5-1 /T4-T6-1 /T5-T4-4 /T3-T2-1 
/T6-T2-2 /T0-T2-1 /T4-T0-5 /T3-T2-1 /D:1     /W-F3-1  /T2-F3-1 /D:1     /W-F3-1  /D:1     
/W-T3-1  /T1-T3-3 /D:2     /W-T5-1  /D:3     /W-T5-1  /D:2     /W-T0-1  /T5-T0-3 /T5-F0-1 
/D:1     /W-T0-1  /F3-T0-1 /T4-T0-1 /D:1     /W-T1-1  /D:1     /W-T3-1  /T2-T3-6 /T4-T2-1 
/W-T4-1  /W-T4-1  /D:2     /W-T1-1  /D:3     /W-T5-1  /D:1     /W-T1-1  /D:3     /W-F0-1  
/T2-F0-1 /D:1     /W-T6-1  /D:1     /W-F2-1  /T0-F2-1 /T0-F3-1 /T2-F3-1 /T2-F1-1 /T3-F2-1 
/T0-F0-1 /T0-F3-1 /W-T2-1  /W-F1-1  /T3-F1-1 /W-F0-1  /T5-T0-1 /T5-F0-1 /T5-F2-1 /T0-F1-1 
/T3-F2-1 /T0-F2-1 /T3-F3-1 /T0-F3-1 /T3-F0-1 /T6-F2-1 /T6-F3-1 /T0-F2-1 /T1-F3-1 /W-F0-1  
/W-F2-1  /W-F1-1  /T5-F1-1 /T3-F1-1 /T0-F1-1 /T0-F2-1 /T3-F0-1 /T1-F0-1 /T3-F1-1 /T0-F1-1 
/W-F3-1  /T1-F3-1 /T3-F2-1 /T0-F2-1 /T4-F0-1 /T1-F0-1 /T3-F3-1 /T2-F3-1 /T4-F1-1 /T0-F1-1 
/T3-F0-1 /T4-F2-1 
"
1010185,M#rN#fiw#GXlP#CVtZz#opdqYa#OHBncmW#DUIukLAvSTgQJsbEhRFxKejy,113.500000,1466.000000,36.000000,0.770270,1,"
minimal: 0 / states: 121 / duration: 0.000137s
history:
/T1-F3-1 /T5-F1-1 /T5-T0-1 /T3-T5-1 /T3-T4-1 /T2-T3-1 /T2-T3-1 /T1-T2-1 /T4-T1-2 /D:3     
/W-T6-1  /W-T6-1  /D:1     /W-T3-1  /D:2     /W-T4-1  /T3-T4-4 /T2-T3-2 /T4-T2-6 /T4-T6-1 
/D:1     /W-F0-1  /D:2     /W-T6-1  /D:1     /W-T2-1  /D:2     /W-T3-1  /D:2     /W-T2-1  
/D:1     /W-F1-1  /D:1     /W-T6-1  /D:2     /W-T2-1  /T5-T2-2 /T5-T6-1 /T5-T3-1 /T5-T2-1 
/D:2     /W-T0-1  /T6-T0-7 /T6-T5-1 /T6-F1-1 /T6-F2-1 /T2-F2-1 /T6-F0-1 /T6-T4-1 /T6-F3-1 
/T2-F3-1 /T3-F2-1 /T2-F2-1 /T0-F1-1 /T3-F3-1 /T3-F2-1 /T2-F3-1 /T2-F2-1 /T0-T3-1 /T0-F3-1 
/T0-F2-1 /T2-F3-1 /T0-F3-1 /T2-F2-1 /T4-T2-1 /T4-F3-1 /T4-F0-1 /D:1     /W-T1-1  /D:1     
/W-F1-1  /D:1     /W-T1-1  /T0-T1-1 /T0-F3-1 /D:1     /W-T5-1  /R       /D:1     /W-F0-1  
/T3-F0-1 /T3-F1-1 /D:1     /W-T5-1  /T2-T5-3 /T2-F3-1 /D:1     /W-F2-1  /D:1     /W-F1-1  
/D:2     /W-F1-1  /D:1     /W-F0-1  /T3-F0-1 /T5-F0-1 /T1-F0-1 /T5-F1-1 /T1-F1-1 /T5-F2-1 
/T0-F2-1 /W-F0-1  /T1-F0-1 /T0-F3-1 /T5-F1-1 /T1-F1-1 /T2-F0-1 /T0-F0-1 /T5-F2-1 /T1-F2-1 
/T2-F3-1 /T5-F1-1 
"
1010186,Z#HA#WOe#XyGm#KwjcT#uEtrRn#vfsSPkp#MbUFdhlDoLxVCiJQqagIBYzN,144.500000,1360.000000,41.000000,0.690217,1,"
minimal: 0 / states: 111 / duration: 0.000136s
history:
/T1-F0-1 /T5-F2-1 /T4-T1-1 /D:2     /W-T6-1  /D:2     /W-T1-1  /T5-T1-1 /D:1     /W-T5-1  
/T6-T5-2 /D:3     /W-T1-1  /T4-T1-1 /D:1     /W-F2-1  /D:1     /W-T0-1  /T6-T0-1 /D:5     
/W-T0-1  /W-T0-1  /T1-T0-6 /T3-T1-1 /D:2     /W-T2-1  /T6-T2-1 /T5-T6-4 /T6-T3-5 /T2-T6-3 
/D:1     /W-F1-1  /T3-F1-1 /T2-T3-1 /T0-F1-1 /D:2     /W-T2-1  /D:1     /W-F0-1  /D:3     
/W-F3-1  /T3-F3-1 /T3-F2-1 /T6-F3-1 /T6-F2-1 /T3-F1-1 /T3-F2-1 /T6-F1-1 /T6-F2-1 /T5-F2-1 
/T6-F1-1 /T5-T3-1 /T5-F2-1 /T6-F2-1 /W-T5-1  /W-T5-1  /W-F1-1  /W-F3-1  /W-F0-1  /T0-F0-1 
/T0-F3-1 /T3-F0-1 /T0-F0-1 /T3-F3-1 /T0-F3-1 /T3-F0-1 /T0-F0-1 /T3-T1-1 /T2-F0-1 /T3-T1-1 
/R       /D:1     /W-T3-1  /D:1     /W-F3-1  /D:1     /W-F1-1  /T0-F1-1 /T4-F1-1 /T4-F2-1 
/T0-F0-1 /T0-F1-1 /T4-F0-1 /T0-F0-1 /T3-F0-1 /D:1     /W-F1-1  /T1-T0-2 /T1-F1-1 /D:1     
/W-F2-1  /D:1     /W-F3-1  /T2-F3-1 /T0-F3-1 /T0-F2-1 /T5-F3-1 /T0-F3-1 /T5-F2-1 
"
1010193,K#kO#UDd#ITMV#FRPvu#lYmsoW#Lgwqcnb#tHryfzQaNpABCxESJjGZiehX,88.000000,493.000000,19.000000,0.891667,1,"
minimal: 0 / states: 116 / duration: 0.000123s
history:
/T5-T0-1 /T4-T3-1 /T4-T0-1 /T5-T4-1 /D:8     /W-F1-1  /T6-F1-1 /T6-F2-1 /T4-F2-1 /T6-F1-1 
/T2-F1-1 /T4-T2-1 /T6-T4-1 /T3-T6-2 /T4-T5-2 /D:1     /W-F3-1  /T1-F3-1 /T6-T1-3 /T5-T6-3 
/T6-T1-4 /T1-T6-8 /T3-T1-1 /T4-T3-1 /T5-T4-1 /T5-T1-1 /T2-F3-1 /W-F3-1  /T0-T1-3 /W-T0-1  
/T5-T0-1 /T6-T4-9 /D:1     /W-F2-1  /T4-F2-1 /T2-T4-1 /T2-T1-1 /D:1     /W-F0-1  /D:1     
/W-F0-1  /D:1     /W-F0-1  /T4-F0-1 /T4-F3-1 /D:1     /W-T0-1  /D:1     /W-F0-1  /T3-F0-1 
/D:1     /W-F3-1  /T3-F3-1 /T1-F3-1 /D:2     /W-T0-1  /T3-T0-1 /D:1     /W-F0-1  /D:1     
/W-T2-1  /D:2     /W-F1-1  /D:1     /W-T0-1  /D:1     /R       /D:1     /W-T0-1  /D:1     
/W-F0-1  /T0-T1-2 /T0-F0-1 /D:1     /W-F2-1  /T4-F2-1 /T1-F2-1 /D:1     /W-T2-1  /D:1     
/W-F1-1  /T4-F1-1 /T1-F1-1 /T4-F2-1 /T1-F2-1 /T4-F3-1 /T1-F3-1 /T4-F2-1 /T0-T1-1 /T0-F2-1 
/T2-F2-1 /D:1     /W-F0-1  /D:1     /W-F1-1  /T1-F1-1 /T1-F0-1 /T4-F1-1 /T0-F1-1 /T0-F2-1 
/T4-F0-1 /T4-F1-1 /D:1     /W-F3-1  /T1-F3-1 /T1-F0-1 /T2-F3-1 
"
1010194,h#My#WvB#zVkt#LrOZC#UFlDbA#pmdeHPc#sgEuafIjnKqixoRNGXQSTYJw,103.000000,902.000000,32.000000,0.753521,1,"
minimal: 0 / states: 108 / duration: 0.000121s
history:
/T5-F0-1 /T2-F0-1 /T4-F0-1 /T3-T0-1 /T3-T1-1 /T1-T4-2 /T0-T2-2 /T4-T0-3 /D:4     /W-T3-1  
/D:1     /W-F1-1  /T5-F1-1 /T5-F0-1 /T6-F1-1 /T5-T1-1 /W-F0-1  /T5-F0-1 /W-T3-1  /W-T3-1  
/D:1     /W-T2-1  /D:3     /W-F2-1  /D:1     /W-T1-1  /W-T1-1  /T2-T1-4 /W-T2-1  /T5-T2-1 
/D:4     /W-F2-1  /D:1     /W-T3-1  /D:1     /W-F3-1  /T4-F3-1 /T6-F3-1 /T4-T1-1 /D:1     
/W-F0-1  /T6-F0-1 /D:1     /W-T4-1  /D:1     /W-F3-1  /T3-F3-1 /T6-T3-1 /T6-F1-1 /T6-T5-1 
/T6-F2-1 /T3-F1-1 /T4-T5-2 /D:1     /W-F3-1  /D:1     /W-F3-1  /T2-F3-1 /T2-F0-1 /D:2     
/W-T0-1  /T3-T0-4 /W-T3-1  /W-T3-1  /T2-T3-1 /D:1     /W-T5-1  /T0-T5-4 /T0-F0-1 /R       
/D:1     /W-F2-1  /T1-F2-1 /T1-F1-1 /T5-F2-1 /T1-F2-1 /T5-F1-1 /T1-F1-1 /T5-F2-1 /T1-F2-1 
/T5-F3-1 /T3-F3-1 /T5-F2-1 /T5-F3-1 /T3-F2-1 /T3-F3-1 /T0-T5-1 /T0-F2-1 /T0-F3-1 /T3-F2-1 
/D:1     /W-F1-1  /T1-F1-1 /T1-F0-1 /T5-F1-1 /T1-F1-1 /T5-F0-1 /T1-F0-1 /T5-F1-1 
"
1010202,S#wK#mRT#LrNy#xZpCA#qkEUdW#luonHYa#XevIgcthDBsJjMzbFVQOiPGf,136.500000,2046.000000,51.000000,0.620690,1,"
minimal: 0 / states: 124 / duration: 0.000137s
history:
/T4-F0-1  /T6-F1-1  /T5-T1-1  /T4-T5-1  /T1-T6-2  /D:1      /W-T3-1   /T1-T3-1  /D:2      /W-T6-1   
/D:5      /W-T6-1   /W-T6-1   /T0-T6-1  /D:2      /W-F0-1   /T5-F0-1  /T4-T5-1  /T3-T4-3  /T3-F3-1  
/T5-T3-2  /T3-T6-3  /T4-T0-4  /W-F0-1   /D:1      /W-T2-1   /D:2      /W-T4-1   /D:1      /W-T1-1   
/T6-T1-10 /T2-T6-2  /T2-T6-1  /T3-T2-1  /D:1      /W-T3-1   /D:1      /W-F1-1   /D:2      /W-T0-1   
/T6-T0-4  /T6-F2-1  /T6-F2-1  /T1-F2-1  /D:2      /W-F3-1   /D:2      /W-F3-1   /D:1      /W-T5-1   
/D:1      /W-T5-1   /R        /D:2      /W-T4-1   /T5-T4-3  /T5-F0-1  /T5-T2-1  /T5-F2-1  /D:1      
/W-T6-1   /D:1      /W-F1-1   /T1-F1-1  /W-F1-1   /T1-F2-1  /T4-F1-1  /T6-F1-1  /D:1      /W-T2-1   
/D:1      /W-F0-1   /T4-F0-1  /T0-T6-3  /T0-F0-1  /T6-T0-4  /T1-T4-2  /T1-F1-1  /T4-T1-3  /T4-F0-1  
/T2-F0-1  /T4-T6-2  /T6-T3-3  /D:1      /W-F3-1   /T0-F3-1  /T0-F2-1  /T1-F3-1  /T0-F3-1  /T1-F2-1  
/T0-F2-1  /T1-F3-1  /T0-F3-1  /T1-F2-1  /T1-F3-1  /T0-F2-1  /T0-F3-1  /T1-F0-1  /T1-F3-1  /T2-T0-1  
/T2-F0-1  /T1-F0-1  /T0-T2-2  /T0-F3-1  /D:1      /W-F1-1   /T3-F1-1  /T2-F1-1  /T3-F2-1  /T2-F2-1  
/T3-F1-1  /T2-F1-1  /T3-F2-1  
"
1010203,l#sZ#eSo#Whnx#uGTQj#JkVAIb#CBvwMzL#ctqyYmaXiRDKfdPFOrpEgUHN,136.500000,1626.000000,40.000000,0.813131,1,"
minimal: 0 / states: 110 / duration: 0.000130s
history:
/T6-T1-1 /T4-T3-1 /T3-T0-2 /T3-F2-1 /T2-F2-1 /T0-T6-3 /T6-T0-4 /D:2     /W-T3-1  /T2-T3-1 
/D:1     /W-T2-1  /W-T2-1  /D:2     /W-T6-1  /D:2     /W-F1-1  /T5-F1-1 /T5-T0-1 /T5-F0-1 
/T3-T0-3 /T2-F1-1 /D:1     /W-T1-1  /D:4     /W-T6-1  /T3-T6-1 /T6-T3-4 /T6-T1-1 /T5-T1-1 
/T6-T3-1 /T6-F0-1 /T6-T4-1 /T1-T6-5 /T4-F0-1 /W-F0-1  /W-T1-1  /D:2     /W-F1-1  /T2-T1-1 
/T2-F1-1 /W-F1-1  /D:1     /W-T1-1  /D:3     /W-T0-1  /T4-T0-1 /T1-T4-4 /D:1     /W-F2-1  
/D:1     /W-F0-1  /D:1     /W-F1-1  /D:1     /W-T3-1  /T0-T3-4 /T0-F1-1 /D:1     /W-T6-1  
/T4-T6-5 /F1-T0-1 /T4-T0-1 /D:1     /W-F3-1  /W-F3-1  /T6-F3-1 /T3-F3-1 /T6-F2-1 /T3-F2-1 
/T6-F3-1 /T3-F3-1 /T6-F2-1 /T3-F2-1 /W-F0-1  /T0-F0-1 /T0-F1-1 /T6-F3-1 /T3-F3-1 /T4-F2-1 
/T3-F2-1 /T6-F0-1 /T0-F0-1 /T6-F3-1 /T3-F3-1 /W-F1-1  /T0-F1-1 /T6-F2-1 /T0-F2-1 /T5-F1-1 
/T5-F0-1 /T3-F0-1 /T0-F1-1 /T6-F3-1 /T3-F3-1 /T6-F0-1 /T3-F0-1 /T6-F3-1 /W-F1-1  /W-F2-1  
/T0-F2-1 
"
1010205,R#hO#bSq#YoQl#TAkUx#FDJuWd#cVamztZ#jBvwKifCNreGyPEMgpLsHInX,138.000000,2850.000000,45.000000,0.585526,1,"
minimal: 0 / states: 127 / duration: 0.000141s
history:
/T4-T3-1 /T2-T0-1 /D:1     /W-T3-1  /D:2     /W-T3-1  /T4-T3-1 /D:1     /W-T4-1  /D:2     
/W-T4-1  /D:2     /W-T5-1  /T1-T5-1 /D:1     /W-F3-1  /T5-F3-1 /D:1     /W-T2-1  /T5-T2-2 
/D:2     /W-T1-1  /T2-T1-4 /T2-T1-1 /T6-T2-1 /T6-T3-1 /T3-T6-6 /D:1     /W-T2-1  /T4-T2-3 
/T4-F0-1 /D:1     /W-F3-1  /T3-F3-1 /D:6     /W-T4-1  /T0-T4-2 /T6-T0-7 /W-T6-1  /D:1     
/W-T2-1  /T4-T2-4 /T6-T4-2 /T6-F1-1 /T1-F1-1 /D:1     /W-T5-1  /T1-T5-6 /D:1     /W-F2-1  
/T3-F2-1 /W-F2-1  /T2-F2-1 /T2-F3-1 /D:1     /W-T4-1  /R       /D:1     /W-F0-1  /T5-F0-1 
/D:1     /W-T3-1  /T5-T3-7 /T5-T6-1 /T5-T4-1 /T5-F0-1 /T6-T4-2 /T6-F1-1 /T3-F1-1 /T3-F2-1 
/T2-F2-1 /T0-F2-1 /T3-F3-1 /T2-F3-1 /T0-F3-1 /T4-F2-1 /T0-F2-1 /T4-F3-1 /T2-T4-2 /T2-F2-1 
/T3-T0-3 /T3-F3-1 /T0-T3-4 /T0-F2-1 /T4-T2-3 /T4-F3-1 /T2-T4-4 /T2-F2-1 /T3-T0-5 /T3-F3-1 
/T2-F3-1 /D:1     /W-T0-1  /D:1     /W-F1-1  /T0-F1-1 /D:1     /W-F0-1  /T5-F0-1 /T0-F0-1 
/T4-F0-1 /D:1     /W-T1-1  /T0-T1-5 /T0-F2-1 /D:1     /W-F1-1  /T1-F1-1 /T1-F0-1 /T4-F1-1 
/T1-F1-1 /T4-F0-1 /T1-F0-1 /T4-F1-1 /T1-F1-1 /T4-F0-1 /T1-F0-1 /T4-F1-1 
"
1010212,T#EN#OKu#Sglw#onUBm#Dickad#vfQJYby#MXZHsRAPtpIVrLzGqjxWhCeF,115.000000,2491.000000,51.000000,0.617647,1,"
minimal: 0 / states: 125 / duration: 0.000136s
history:
/T1-F3-1 /T6-T4-1 /T5-T1-1 /T5-F1-1 /T6-F1-1 /T3-T5-1 /T5-T4-2 /T5-F1-1 /T2-T5-1 /T2-T3-1 
/T2-F3-1 /T4-T2-4 /T5-T2-2 /F1-T5-1 /T4-T5-1 /T0-T2-1 /D:1     /W-T0-1  /T6-T0-1 /D:4     
/W-T2-1  /D:1     /W-T2-1  /T5-T2-3 /D:1     /W-F0-1  /T2-F0-1 /T2-F1-1 /T1-F1-1 /D:1     
/W-F3-1  /D:1     /W-T4-1  /D:3     /W-T6-1  /D:3     /W-T5-1  /T3-T5-2 /D:3     /W-T5-1  
/D:1     /W-T0-1  /D:1     /W-T0-1  /D:2     /W-F0-1  /T2-F0-1 /T1-F0-1 /D:1     /W-F1-1  
/D:1     /W-F0-1  /R       /D:2     /W-T1-1  /D:1     /W-T6-1  /T3-T6-1 /T3-T4-1 /D:2     
/W-T0-1  /T4-T0-3 /T4-F2-1 /T4-F2-1 /W-F2-1  /D:1     /W-T0-1  /D:1     /W-T1-1  /W-T1-1  
/T6-T1-4 /T6-F3-1 /T6-F1-1 /T1-F1-1 /T2-F3-1 /T6-T5-1 /D:1     /W-F0-1  /T1-F0-1 /T0-T5-4 
/T0-F0-1 /D:1     /W-F2-1  /T5-F2-1 /T2-F2-1 /T5-F3-1 /T2-F3-1 /T5-F2-1 /T2-F2-1 /T5-F3-1 
/T1-F3-1 /T0-F3-1 /T1-F0-1 /T1-F3-1 /T5-F2-1 /T5-T0-1 /T5-F0-1 /T1-F0-1 /T0-T5-2 /T0-F3-1 
/T0-F0-1 /T1-F3-1 /D:1     /W-F1-1  /T2-F1-1 /T2-F2-1 /T5-F1-1 /T2-F1-1 /T5-F2-1 /T2-F2-1 
/T5-F1-1 /T2-F1-1 /T5-F2-1 
"
1010220,A#nN#WwX#mPsz#jCoag#KUJviR#dFlZIEr#uceyTktGpDqhLxBQYVMbOSHf,135.000000,3570.000000,42.000000,0.658824,1,"
minimal: 0 / states: 115 / duration: 0.000126s
history:
/T0-F0-1 /T1-F3-1 /T1-F2-1 /T3-T0-1 /T5-T3-1 /T3-T4-2 /D:1     /W-T5-1  /T4-T5-3 /T4-F1-1 
/T4-F2-1 /D:8     /W-F2-1  /D:1     /W-T5-1  /T3-T5-1 /D:1     /W-F2-1  /T6-F2-1 /D:2     
/W-T3-1  /T2-T3-1 /T5-T2-7 /T2-T3-8 /T5-T2-1 /W-T2-1  /W-T2-1  /D:2     /W-F0-1  /T4-F0-1 
/D:1     /W-T6-1  /D:1     /W-T0-1  /W-T0-1  /T2-T0-4 /D:1     /W-T5-1  /D:1     /W-T1-1  
/D:1     /W-F1-1  /D:1     /W-F3-1  /T3-F3-1 /T6-F3-1 /T3-F0-1 /T3-F3-1 /T6-F0-1 /T6-T4-1 
/T6-T2-1 /T6-T1-1 /T6-F0-1 /T0-F0-1 /T3-F2-1 /W-F2-1  /D:1     /W-F3-1  /D:1     /W-F0-1  
/T4-F0-1 /D:1     /R       /D:1     /W-F1-1  /T6-F1-1 /D:1     /W-F1-1  /D:1     /W-T2-1  
/D:1     /W-F3-1  /D:1     /W-T2-1  /T5-T2-2 /T5-F3-1 /T2-F3-1 /T2-F0-1 /T5-F0-1 /T0-T4-2 
/T0-F3-1 /T3-T2-4 /T3-F3-1 /T3-F0-1 /T0-T1-1 /T0-F3-1 /T1-T0-2 /T1-F0-1 /T2-T3-6 /T2-F3-1 
/T4-T0-3 /D:1     /W-F1-1  /T3-F1-1 /T0-F1-1 /T3-F2-1 /T0-F2-1 /T3-F1-1 /T0-F1-1 /T3-F2-1 
/T0-F2-1 /T3-F1-1 /T0-F1-1 /T3-F2-1 /T0-F2-1 /T3-F1-1 
"
1010236,h#li#jNW#geDp#IxXEa#BsKqnQ#FJmRbwP#dvCOkSuLfGrcAtMTyHUYZVzo,110.500000,992.000000,46.000000,0.712644,1,"
minimal: 0 / states: 115 / duration: 0.000146s
history:
/T4-F1-1  /T5-T4-1  /T5-F2-1  /T6-T5-1  /T3-T4-1  /T1-T6-1  /D:2      /W-T2-1   /T0-T2-1  /D:2      
/W-T4-1   /D:3      /W-T6-1   /D:3      /W-T2-1   /W-T2-1   /T4-T2-4  /T6-T4-3  /T6-F1-1  /T5-T6-2  
/T2-T5-9  /T2-F3-1  /T5-F3-1  /T5-T1-9  /T6-T5-3  /T6-T0-1  /W-T0-1   /T4-T0-4  /T5-F3-1  /T2-T4-1  
/D:2      /W-F1-1   /D:1      /W-F0-1   /D:2      /W-T2-1   /T1-T2-10 /D:1      /W-T0-1   /T5-T0-3  
/T5-F0-1  /D:5      /W-T1-1   /D:1      /W-T6-1   /D:1      /W-T5-1   /W-T5-1   /T4-T5-2  /W-T4-1   
/W-T6-1   /W-T1-1   /W-T4-1   /T4-T5-3  /D:1      /W-F2-1   /T2-F2-1  /T0-F2-1  /T3-T0-1  /T2-F3-1  
/W-F2-1   /T0-T3-1  /T0-F3-1  /T3-T0-2  /W-F3-1   /W-T1-1   /W-F0-1   /T0-F0-1  /W-F1-1   /T0-F1-1  
/T0-F2-1  /T2-F0-1  /T2-F1-1  /T5-F2-1  /T6-T1-3  /T6-F0-1  /T0-F3-1  /T2-F0-1  /T3-F1-1  /T0-F2-1  
/T1-F0-1  /T2-F1-1  /T0-F1-1  /T5-F3-1  /T1-F3-1  /T2-F2-1  /T0-F2-1  /T5-F0-1  /T1-F0-1  /T2-F3-1  
/T0-F3-1  /T5-F1-1  /T1-F1-1  /T2-F0-1  /T0-F0-1  /T5-F2-1  /T1-F2-1  /T2-F1-1  /T0-F1-1  /T5-F3-1  
/T1-F3-1  /T2-F0-1  /T5-F2-1  
"
1010238,L#wl#FKx#MRIe#GWfHE#JXyvQN#hZDonOq#jYmUPAikutaBTcSbVgCzdprs,106.500000,868.000000,40.000000,0.681250,1,"
minimal: 0 / states: 116 / duration: 0.000136s
history:
/T5-F3-1 /T6-T3-1 /T6-F3-1 /T6-F2-1 /T6-F2-1 /T5-T4-1 /T2-T1-1 /D:1     /W-T1-1  /T5-T1-1 
/D:3     /W-T1-1  /D:1     /W-F3-1  /T4-F3-1 /D:1     /W-F0-1  /D:2     /W-T0-1  /D:2     
/W-T1-1  /D:1     /W-F1-1  /D:1     /W-F0-1  /D:2     /W-T3-1  /D:1     /W-T1-1  /T4-T1-1 
/W-T4-1  /D:1     /W-F1-1  /T3-F1-1 /D:3     /W-F0-1  /T6-F0-1 /T5-T6-1 /T5-T6-1 /T5-T0-1 
/T6-T5-3 /T1-F0-1 /D:2     /W-F1-1  /D:1     /W-F2-1  /T3-F2-1 /T3-F1-1 /T6-T3-1 /W-T6-1  
/T1-T6-7 /T1-T5-1 /D:1     /W-F2-1  /D:1     /W-F2-1  /R       /D:2     /W-T1-1  /T0-T1-3 
/D:1     /W-T1-1  /T4-T1-2 /T4-F1-1 /T3-T4-2 /T3-F3-1 /T6-F3-1 /T6-F2-1 /T4-T2-3 /W-T3-1  
/T2-T3-4 /T2-F0-1 /T1-F3-1 /T4-F0-1 /T6-F3-1 /T1-F0-1 /T3-T6-1 /T3-F0-1 /T1-T5-1 /T1-F0-1 
/D:1     /W-F2-1  /D:1     /W-F3-1  /T3-F3-1 /T3-F0-1 /T5-T1-2 /T5-F3-1 /T3-F3-1 /T1-T5-3 
/T1-F0-1 /T3-F0-1 /T5-T1-4 /T5-F3-1 /D:1     /W-F1-1  /T6-F1-1 /T1-F1-1 /T6-F2-1 /T1-F2-1 
/T6-F1-1 /T1-F1-1 /T6-F2-1 /T1-F2-1 /T6-F1-1 /T1-F1-1 /T6-F2-1 
"
1010242,P#oU#RnO#wgWt#sHuzm#VqcXYa#FQpbExy#eNACGiMrjvdfZJIlhLBTDSkK,132.500000,2044.000000,55.000000,0.601064,1,"
minimal: 0 / states: 122 / duration: 0.000129s
history:
/T5-F1-1 /T6-T4-1 /T6-T5-1 /T3-T1-1 /T3-T5-1 /D:2     /W-F3-1  /T2-F3-1 /T2-F2-1 /T0-F3-1 
/T4-T0-2 /T5-T4-3 /T5-T0-1 /D:1     /W-F0-1  /D:7     /W-T4-1  /T1-T4-2 /T1-F2-1 /T4-T1-7 
/T3-T4-1 /T3-T0-1 /D:1     /W-T6-1  /D:1     /W-T1-1  /T6-T1-2 /T6-F1-1 /T6-F2-1 /T5-F1-1 
/T5-F2-1 /T6-F3-1 /T4-T5-2 /T1-F1-1 /T2-F3-1 /T5-T0-3 /T6-T0-1 /D:1     /W-T2-1  /D:5     
/W-T2-1  /D:1     /W-F0-1  /D:1     /W-T4-1  /D:2     /W-F3-1  /T4-F3-1 /D:1     /W-T2-1  
/D:1     /R       /D:1     /W-F1-1  /D:1     /W-F0-1  /D:3     /W-T3-1  /D:1     /W-F2-1  
/D:2     /W-T2-1  /D:2     /W-T3-1  /D:2     /W-F0-1  /T1-F0-1 /T0-F0-1 /T1-F1-1 /T0-F1-1 
/W-F1-1  /D:1     /W-T3-1  /R       /D:1     /W-F0-1  /T4-F0-1 /T4-F2-1 /T1-F2-1 /T0-F2-1 
/T1-F3-1 /T0-F3-1 /T1-F2-1 /T0-F2-1 /T1-F3-1 /T0-F3-1 /T1-F2-1 /T0-F2-1 /T1-F3-1 /T1-F2-1 
/T2-T0-3 /T2-F3-1 /D:1     /W-F1-1  /D:1     /W-F1-1  /D:1     /W-F0-1  /T0-F0-1 /T0-F1-1 
/T3-F0-1 /T0-F0-1 /T3-F1-1 /T0-F1-1 /T3-F0-1 
"
1010260,V#Jc#wpa#PhIL#deAFb#qfNWzu#SOxMTin#BDoYGslXRrEjKmtCZUHgyvQk,87.000000,1176.000000,28.000000,0.849057,1,"
minimal: 0 / states: 109 / duration: 0.000131s
history:
/T2-F1-1 /T4-F1-1 /T6-F2-1 /T1-F1-1 /T5-T0-1 /T6-T1-1 /T6-T0-1 /T4-T0-1 /T4-F0-1 /T4-T0-1 
/T2-T4-1 /T0-T2-5 /T5-T0-1 /D:1     /W-F0-1  /D:1     /W-T2-1  /D:1     /W-F2-1  /T4-F2-1 
/T4-F1-1 /T6-T4-1 /T5-T6-1 /T5-F3-1 /D:1     /W-T0-1  /T6-T0-2 /T6-F3-1 /D:3     /W-T4-1  
/D:1     /W-T3-1  /T1-T3-2 /D:2     /W-T5-1  /D:1     /W-T6-1  /D:2     /W-T4-1  /W-T4-1  
/D:1     /W-T1-1  /T3-T1-4 /T3-T0-1 /T3-T0-1 /T3-F3-1 /D:1     /W-T0-1  /T5-T0-2 /T5-F2-1 
/T0-F2-1 /D:1     /W-F0-1  /T2-F0-1 /T2-F1-1 /T0-F1-1 /T6-F0-1 /T2-F0-1 /T6-T0-1 /D:1     
/W-T3-1  /D:2     /W-T1-1  /D:1     /W-F1-1  /D:1     /W-T3-1  /D:1     /W-T4-1  /W-T4-1  
/T0-T4-2 /T0-F1-1 /D:1     /W-F3-1  /W-F3-1  /T4-F3-1 /W-F2-1  /T2-F3-1 /T4-F2-1 /T2-F2-1 
/W-F0-1  /T1-F0-1 /T1-F1-1 /T4-F3-1 /T0-F0-1 /T2-F3-1 /T1-F0-1 /T4-F2-1 /T0-F3-1 /T2-F2-1 
/T1-F3-1 /T4-F1-1 /T0-F2-1 /T4-F0-1 /T0-F3-1 /T1-F0-1 /T3-F2-1 /T3-F3-1 /T0-F2-1 /D:1     
/W-F1-1  /T4-F1-1 /T1-F1-1 /T4-F0-1 
"
1010265,m#Ri#tjn#LHgy#lGbUP#XwCYAO#QMIDqoF#BaxNehdVJWfKpEruzTvcSksZ,117.000000,1150.000000,33.000000,0.736111,1,"
minimal: 0 / states: 115 / duration: 0.000135s
history:
/T2-F2-1 /T3-T0-1 /T6-T3-1 /T6-F2-1 /T4-T6-1 /D:1     /W-T6-1  /D:1     /W-F1-1  /D:2     
/W-F3-1  /T5-F3-1 /T5-F0-1 /T6-F0-1 /T6-F3-1 /W-T5-1  /T2-T5-1 /T2-T4-1 /D:1     /W-T3-1  
/T6-T3-1 /D:6     /W-T4-1  /D:2     /W-F2-1  /T3-F2-1 /T6-T3-1 /T4-T6-3 /T4-F1-1 /T6-T5-4 
/T5-T6-7 /T5-F0-1 /T1-T5-1 /T6-T2-8 /T6-F3-1 /T1-F3-1 /T3-F0-1 /D:1     /W-F0-1  /D:1     
/W-F2-1  /D:1     /W-T5-1  /T3-T5-3 /D:1     /W-T1-1  /D:1     /W-T3-1  /D:2     /W-F1-1  
/D:1     /W-F3-1  /T3-F3-1 /D:1     /W-T0-1  /T5-T0-6 /D:1     /W-F2-1  /T2-T4-1 /T2-F2-1 
/T4-T2-2 /T0-T3-3 /T0-F2-1 /T3-T0-4 /W-F2-1  /W-T4-1  /W-T4-1  /W-T5-1  /T0-T5-5 /T0-F2-1 
/T4-T1-3 /T5-T3-7 /D:1     /W-T4-1  /T3-T4-8 /R       /D:2     /W-F1-1  /T4-F1-1 /T2-F1-1 
/T4-F0-1 /T2-F0-1 /T2-F3-1 /T4-F1-1 /T4-F0-1 /W-F1-1  /T2-F0-1 /T4-F1-1 /T2-F1-1 /T0-F1-1 
/T2-F2-1 /T0-F2-1 /T4-F0-1 /T1-T2-2 /T1-F1-1 /T0-F1-1 /T1-F2-1 /D:1     /W-F3-1  /T2-F3-1 
/T2-F0-1 /T4-F3-1 /T2-F3-1 /T4-F0-1 /T2-F0-1 /T4-F3-1 
"
1010273,B#yk#Zzv#fPCX#KEemr#TlRVJw#SaOosuN#jHcYFGWiphnxQdLIMtgAbDUq,149.000000,2449.000000,51.000000,0.605769,1,"
minimal: 0 / states: 125 / duration: 0.000138s
history:
/T6-F3-1  /T5-T1-1  /T5-T3-1  /T6-T5-1  /T5-T1-2  /T5-T6-1  /D:8      /W-T3-1   /D:2      /W-T2-1   
/D:1      /W-F2-1   /D:1      /W-T5-1   /D:1      /W-T4-1   /W-T4-1   /W-T5-1   /T2-T5-2  /T5-T2-5  
/T6-T5-2  /T6-F2-1  /T6-F3-1  /T6-F1-1  /T4-T6-3  /T5-T1-3  /T4-T5-1  /T6-F2-1  /W-T2-1   /T6-T2-3  
/T2-T6-10 /D:2      /W-T2-1   /T3-T2-3  /T3-T6-1  /T3-F3-1  /D:5      /W-F0-1   /T0-F0-1  /T6-F0-1  
/T6-F3-1  /T1-F3-1  /T4-T1-1  /T4-T3-1  /D:1      /W-F1-1   /D:1      /W-F0-1   /T3-F0-1  /T6-T3-1  
/T6-F3-1  /T3-T6-2  /D:2      /W-F2-1   /T6-F2-1  /R        /D:1      /W-T4-1   /D:1      /W-T2-1   
/D:1      /W-F1-1   /D:2      /W-F0-1   /D:1      /W-F1-1   /T1-F1-1  /T1-F2-1  /T1-F3-1  /T6-F1-1  
/T6-F0-1  /T2-F0-1  /D:1      /W-F0-1   /D:1      /W-T0-1   /W-T0-1   /T4-T0-2  /D:1      /W-F2-1   
/T1-F2-1  /D:1      /W-F1-1   /T6-F1-1  /T2-F1-1  /T0-F1-1  /T2-F0-1  /T1-T2-2  /T1-F1-1  /T0-F0-1  
/T6-F2-1  /T2-T1-3  /T2-F0-1  /T6-T0-2  /T6-F1-1  /T5-F1-1  /T0-T6-3  /T0-F0-1  /T1-T2-4  /D:1      
/W-F3-1   /T2-F3-1  /T2-F2-1  /T6-F3-1  /T2-F3-1  /T6-F2-1  /T2-F2-1  /T6-F3-1  /T2-F3-1  /T6-F2-1  
"
1010282,a#QD#pGL#sunV#cvjgb#qSWdxZ#eiJMyfR#AhzkoIlCHYmPrEXOUBwtTKFN,157.000000,3531.000000,61.000000,0.494845,1,"
minimal: 0 / states: 128 / duration: 0.000156s
history:
/T0-F1-1 /T4-F1-1 /T5-T0-1 /T2-T0-1 /T1-T6-1 /D:1     /W-F0-1  /D:3     /W-T0-1  /D:4     
/W-T1-1  /D:1     /W-T3-1  /T4-T3-1 /T4-T5-1 /T4-T5-1 /T4-F1-1 /D:2     /W-T4-1  /D:1     
/W-T6-1  /D:4     /W-T1-1  /D:1     /W-T5-1  /T2-T5-1 /D:1     /W-F0-1  /T1-T2-1 /T1-F0-1 
/T2-T1-2 /D:1     /W-T0-1  /T3-T0-3 /T3-F2-1 /D:2     /W-T3-1  /D:2     /W-T0-1  /T6-T0-3 
/T6-T5-1 /T6-T4-1 /T6-T2-1 /D:1     /W-F3-1  /T1-F3-1 /T0-F3-1 /T0-F0-1 /R       /D:3     
/W-F2-1  /T1-F2-1 /T1-F3-1 /T0-F3-1 /W-T1-1  /D:2     /W-T1-1  /T5-T1-6 /T5-F1-1 /W-T5-1  
/W-T5-1  /D:1     /W-T2-1  /D:1     /W-T1-1  /D:1     /W-F0-1  /T0-F0-1 /D:1     /W-T4-1  
/T6-T4-1 /T3-T6-2 /T6-T4-3 /T6-F1-1 /T3-T0-1 /D:1     /W-T5-1  /T1-T5-2 /T1-F0-1 /D:1     
/W-T2-1  /T5-T2-6 /T5-F3-1 /T5-F2-1 /T2-F2-1 /T0-F2-1 /T2-F1-1 /T0-F1-1 /T2-F2-1 /T2-F1-1 
/T4-F3-1 /T0-F0-1 /T1-F3-1 /T2-F0-1 /T4-F2-1 /T0-F3-1 /T1-F2-1 /T2-F3-1 /T4-F1-1 /T0-F2-1 
/T1-F1-1 /T1-F2-1 /T4-F0-1 /T0-F1-1 /T2-F0-1 /T1-F1-1 /T4-F3-1 /T0-F0-1 /T2-F3-1 /T2-F0-1 
/T4-F2-1 /T0-F3-1 /T1-F2-1 /T4-F1-1 
"
1010290,w#Hm#teQ#YcdS#EqUrI#WGZgja#pvJxyPb#KfBCVMzkTlAOLDuhinNRoXsF,95.000000,996.000000,35.000000,0.703125,1,"
minimal: 0 / states: 136 / duration: 0.000141s
history:
/T5-F1-1 /T6-F1-1 /T4-T5-1 /T4-T3-1 /T2-T3-1 /T4-T5-1 /T6-T4-1 /T6-T1-1 /T5-T6-3 /T4-T2-2 
/D:3     /W-T2-1  /D:1     /W-T3-1  /D:1     /W-T0-1  /D:3     /W-T1-1  /T0-T1-2 /T1-T0-5 
/T5-T1-1 /T1-T0-2 /T5-T1-1 /T3-T5-4 /T3-T4-1 /T3-F1-1 /T6-T3-4 /T5-T3-5 /T4-F1-1 /D:3     
/W-F0-1  /T2-F0-1 /T3-F0-1 /D:2     /W-T1-1  /D:1     /W-F0-1  /T4-F0-1 /D:3     /W-T6-1  
/D:1     /W-F2-1  /D:1     /W-F3-1  /D:2     /W-F2-1  /D:1     /W-T1-1  /T6-T1-2 /T6-T5-1 
/T6-F2-1 /D:1     /W-T0-1  /T2-T0-3 /D:1     /W-F0-1  /T3-T2-3 /T3-F0-1 /T2-T3-4 /R       
/D:3     /W-T2-1  /T3-T2-9 /D:1     /W-T3-1  /D:2     /W-T3-1  /D:1     /W-F3-1  /T0-F3-1 
/T0-F2-1 /T0-F1-1 /T2-F3-1 /T2-F2-1 /T0-F2-1 /D:1     /W-T1-1  /T0-T1-1 /T0-F0-1 /T2-T5-3 
/T2-F0-1 /D:2     /W-F3-1  /T5-F3-1 /T5-F2-1 /R       /D:1     /W-T3-1  /T5-T3-3 /D:1     
/W-F1-1  /T1-F1-1 /T1-F2-1 /D:1     /W-F3-1  /T3-F3-1 /T0-F3-1 /T3-F2-1 /T3-F3-1 /T0-F2-1 
/T1-T0-2 /T1-F3-1 /T2-T3-1 /T2-F2-1 /T2-F3-1 /T0-T1-3 /T0-F2-1 /T1-T0-4 /T1-F3-1 /T3-T2-3 
/T3-F2-1 /D:1     /W-F1-1  /T0-F1-1 /T0-F0-1 /T2-F1-1 /T0-F1-1 /T2-F0-1 /T0-F0-1 /T2-F1-1 
/T0-F1-1 /T2-F0-1 
"
1010331,P#hM#QUg#VLib#Zzjna#HlANYo#fDKXSRO#EtFqcTwWCeJuympGrvBsdIxk,92.000000,651.000000,31.000000,0.794643,1,"
minimal: 0 / states: 115 / duration: 0.000131s
history:
/T4-F1-1 /T3-F1-1 /T4-F2-1 /T5-F2-1 /T5-T1-1 /T5-F3-1 /T5-F0-1 /T6-F3-1 /T0-F3-1 /T1-T0-2 
/D:2     /W-T1-1  /D:1     /W-T2-1  /T6-T2-1 /T6-T1-1 /W-T1-1  /D:1     /W-T2-1  /D:1     
/W-F1-1  /D:2     /W-T6-1  /T3-T6-1 /T6-T3-3 /T4-T6-1 /T6-T0-2 /T5-T4-1 /T2-T5-4 /T5-T3-5 
/T4-T5-2 /T3-T4-9 /D:5     /W-T3-1  /D:3     /W-F2-1  /T4-F2-1 /T6-T4-1 /D:1     /W-T2-1  
/T6-T2-1 /W-T6-1  /W-T6-1  /D:1     /W-F2-1  /D:1     /W-T0-1  /T2-T0-3 /T2-F3-1 /D:1     
/W-F0-1  /D:1     /W-F2-1  /D:1     /W-F1-1  /D:2     /W-T5-1  /D:1     /W-T6-1  /R       
/D:1     /W-T3-1  /D:1     /W-T5-1  /D:1     /W-F0-1  /T4-F0-1 /T1-F0-1 /T4-F3-1 /T1-F3-1 
/T1-F2-1 /T3-F3-1 /T3-F2-1 /T4-F0-1 /T0-T1-2 /T0-F3-1 /T0-F2-1 /T3-F3-1 /T5-F3-1 /T4-T6-4 
/T4-F3-1 /D:1     /W-F1-1  /T1-F1-1 /T1-F0-1 /T6-F1-1 /T1-F1-1 /T6-F0-1 /T6-F1-1 /T6-F2-1 
/T0-F1-1 /T5-F2-1 /T6-F1-1 /T6-F2-1 /T5-F1-1 /T5-F2-1 /T6-F1-1 /D:2     /W-F0-1  /W-F0-1  
/T0-F0-1 /T0-F3-1 /T4-F0-1 /T0-F0-1 /T4-F3-1 
"
1010336,g#xV#CAN#EvzI#bWSak#QfGcyM#JjpreRt#KPqlFuZLODBYoTmwsndUhXHi,94.500000,802.000000,40.000000,0.671642,1,"
minimal: 0 / states: 123 / duration: 0.000142s
history:
/T2-F3-1 /T2-F0-1 /D:4     /W-T5-1  /D:1     /W-T0-1  /D:1     /W-T1-1  /T0-T1-2 /T5-T0-2 
/T4-T5-1 /T4-F1-1 /T4-T6-1 /T3-T4-1 /D:3     /W-F3-1  /D:2     /W-F0-1  /T2-F0-1 /T3-T2-1 
/W-F0-1  /D:1     /W-T2-1  /D:4     /W-T5-1  /T1-T5-4 /T4-T1-2 /T4-F1-1 /W-T4-1  /T5-T4-7 
/T5-F1-1 /T1-T0-3 /D:2     /W-F2-1  /D:1     /W-F1-1  /D:1     /W-T0-1  /T6-T0-2 /T6-T4-1 
/T6-F1-1 /T6-T0-1 /D:1     /W-T3-1  /T5-T3-1 /T5-F1-1 /T6-T5-1 /T3-T6-3 /T3-F0-1 /T5-T0-2 
/D:3     /R       /D:1     /W-T2-1  /T6-T2-4 /D:1     /W-F3-1  /D:1     /W-T4-1  /D:1     
/W-T1-1  /D:1     /W-T1-1  /D:1     /W-F2-1  /T0-F2-1 /T0-F3-1 /T4-F2-1 /T0-F2-1 /T4-F3-1 
/T0-F3-1 /T4-F0-1 /T2-F0-1 /T4-F1-1 /T2-F1-1 /D:1     /W-F3-1  /D:1     /W-F2-1  /T0-F2-1 
/T0-F3-1 /T4-F2-1 /T2-F2-1 /T4-F3-1 /T4-F2-1 /T0-T2-1 /T0-F3-1 /T0-F2-1 /T4-T1-1 /T4-F2-1 
/T6-T1-1 /D:1     /W-F3-1  /T2-T0-3 /T2-F3-1 /T2-F2-1 /T1-T4-3 /T1-F3-1 /D:1     /W-F0-1  
/T0-F0-1 /T4-F0-1 /D:1     /W-F1-1  /T0-F1-1 /T0-F0-1 /T4-F1-1 /T0-F1-1 /T4-F0-1 /T0-F0-1 
/T4-F1-1 
"
1010352,r#qx#oQN#JXpO#kwFKv#ELscRm#WZlVyah#niIuzdGSTDfAMjBPgtbUeYHC,147.000000,1321.000000,49.000000,0.568421,1,"
minimal: 0 / states: 122 / duration: 0.000133s
history:
/T2-F3-1 /T3-F3-1 /T6-T4-1 /T6-F1-1 /T6-T5-1 /T3-T2-1 /T2-T0-2 /T3-T5-1 /T6-T3-1 /T1-T6-1 
/T3-T5-2 /T5-T3-5 /T1-T5-1 /D:1     /W-F2-1  /T2-F2-1 /T0-F2-1 /T5-F2-1 /D:3     /W-T3-1  
/D:1     /W-T1-1  /T6-T1-2 /T6-T2-1 /T4-T6-2 /T6-T1-3 /D:2     /W-T1-1  /D:1     /W-T1-1  
/T0-T1-2 /D:1     /W-T3-1  /D:1     /W-T5-1  /D:2     /W-F0-1  /D:1     /W-T0-1  /D:1     
/W-T4-1  /D:1     /W-F0-1  /D:1     /W-F3-1  /T1-F3-1 /T1-F2-1 /D:3     /W-F1-1  /D:3     
/W-T0-1  /T4-T0-2 /T5-T4-2 /T5-F1-1 /T5-F2-1 /T4-T3-3 /T5-T2-1 /T5-T1-1 /D:2     /W-F0-1  
/T3-F0-1 /T3-F3-1 /T1-F0-1 /T1-F3-1 /T3-F0-1 /T3-F3-1 /T1-F0-1 /W-F0-1  /R       /D:1     
/W-T4-1  /D:1     /W-F0-1  /D:1     /W-F1-1  /D:2     /W-T3-1  /D:1     /W-F2-1  /D:1     
/W-F3-1  /T3-T4-2 /T3-F3-1 /T3-F0-1 /T4-T3-4 /T1-T0-2 /T1-F3-1 /T0-T1-3 /T0-F0-1 /T2-F0-1 
/T3-T4-4 /T3-F3-1 /T0-F3-1 /T0-F0-1 /T2-F3-1 /T4-T3-5 /D:1     /W-F1-1  /W-F1-1  /T3-F1-1 
/T1-F1-1 /T3-F2-1 /T1-F2-1 /T3-F1-1 /T1-F1-1 /T3-F2-1 /T1-F2-1 /T3-F1-1 /T1-F1-1 /T3-F2-1 
/T1-F2-1 /T3-F1-1 
"
1010361,j#LW#IDe#uCOn#wfAbh#ZlXqta#RgTMrNJ#ivEkKBSGdUyYHcQxpzPmsoVF,117.000000,2211.000000,33.000000,0.753731,1,"
minimal: 0 / states: 119 / duration: 0.000129s
history:
/T3-F2-1 /T5-F1-1 /T5-T4-1 /T5-T2-1 /T6-T5-1 /T6-F3-1 /T3-F3-1 /D:1     /W-T5-1  /D:1     
/W-T0-1  /T4-T0-2 /T4-F1-1 /T4-F0-1 /T6-T4-1 /T4-T0-2 /D:4     /W-F0-1  /T3-F0-1 /T3-T5-1 
/T6-T3-1 /T6-T5-1 /D:3     /W-T0-1  /D:3     /W-T3-1  /D:2     /W-F1-1  /T0-F1-1 /D:1     
/W-T0-1  /D:1     /W-T3-1  /T1-T3-1 /T5-T1-5 /D:1     /W-T0-1  /D:2     /W-F3-1  /D:2     
/W-T1-1  /T2-T1-2 /T2-F0-1 /T2-T3-1 /W-T2-1  /T1-T2-9 /W-T1-1  /T5-T1-1 /D:1     /W-F2-1  
/T0-F2-1 /T0-F3-1 /T2-F2-1 /T0-F2-1 /T2-F1-1 /T0-F1-1 /T6-F1-1 /T6-F3-1 /T2-F2-1 /T0-F2-1 
/T0-F1-1 /D:1     /W-T4-1  /T2-T4-2 /T2-F1-1 /D:1     /W-T4-1  /R       /D:1     /W-F0-1  
/T4-F0-1 /D:2     /W-T1-1  /T0-T1-2 /D:1     /W-F3-1  /T4-F3-1 /T4-F2-1 /T1-F2-1 /T1-F1-1 
/W-F1-1  /T4-T2-1 /T4-F2-1 /T3-T1-2 /T3-F2-1 /T1-T3-3 /T1-F1-1 /T2-T5-4 /T2-F1-1 /D:1     
/W-F0-1  /D:1     /W-F3-1  /T5-F3-1 /D:1     /W-F2-1  /T1-F2-1 /D:1     /W-F0-1  /T3-F0-1 
/T3-F3-1 /T5-F0-1 /T3-F0-1 /T5-F3-1 /T3-F3-1 /T5-F0-1 /T3-F0-1 /T5-F3-1 
"
1010365,x#uz#RoA#EYmT#SXfrp#ZJGQnh#gUecWMt#BlNvybCwPjLKkqasiDIFdHOV,109.500000,2044.000000,46.000000,0.605882,1,"
minimal: 0 / states: 128 / duration: 0.000144s
history:
/T2-F0-1 /T6-T5-1 /D:1     /W-F0-1  /D:1     /W-T1-1  /T0-T1-1 /T6-T0-1 /T6-T1-1 /T2-T6-1 
/D:1     /W-F3-1  /D:1     /W-T1-1  /T5-T1-2 /T5-F2-1 /T6-F2-1 /T4-F2-1 /T5-T4-1 /D:3     
/W-F0-1  /D:7     /W-T2-1  /T6-T2-1 /D:1     /W-F1-1  /D:1     /W-T3-1  /T6-T3-1 /T5-T6-1 
/D:1     /W-T5-1  /D:1     /W-F0-1  /D:4     /W-T5-1  /T3-T5-3 /D:1     /W-F3-1  /D:1     
/R       /D:1     /W-T3-1  /D:1     /W-F1-1  /T2-F1-1 /T2-F2-1 /D:2     /W-F3-1  /T4-F3-1 
/T2-F3-1 /T4-F2-1 /T3-T2-2 /T4-T1-1 /T3-T0-1 /T4-T2-1 /T5-T2-6 /T3-T1-1 /T1-T3-9 /T3-F0-1 
/T4-F3-1 /D:2     /W-T5-1  /D:1     /W-T0-1  /W-T0-1  /D:1     /W-T5-1  /W-T5-1  /D:1     
/W-T0-1  /T6-T0-2 /T2-T6-2 /T2-F3-1 /T6-T1-3 /D:1     /W-F0-1  /T0-F0-1 /T0-F3-1 /T2-F0-1 
/T0-F0-1 /T2-T5-1 /T2-F0-1 /T1-T5-4 /D:1     /W-F1-1  /T5-F1-1 /T3-F1-1 /T5-F2-1 /T3-F2-1 
/T5-F1-1 /T3-F1-1 /T5-F2-1 /T3-F2-1 /T5-F1-1 /T0-F1-1 /T0-F0-1 /T5-F2-1 /T5-F1-1 /T5-F0-1 
/T3-T0-2 /T3-F1-1 /T0-T3-3 /T0-F0-1 /T2-T5-2 /T2-F1-1 /D:1     /W-F3-1  /T3-F3-1 /T3-F2-1 
/T5-F3-1 /T3-F3-1 /T5-F2-1 /T3-F2-1 /T5-F3-1 
"
1010394,Y#lP#JIh#NMaA#UBkZo#VOcyqW#HfemGzn#XSijEbxwTLDdQgvFrtRpCKus,102.000000,1346.000000,45.000000,0.611111,1,"
minimal: 0 / states: 128 / duration: 0.000134s
history:
/T3-F0-1 /T3-F1-1 /T6-F2-1 /T4-F2-1 /T0-T3-1 /T6-T0-1 /T6-T2-1 /D:2     /W-T2-1  /D:3     
/W-T2-1  /D:1     /W-F1-1  /D:1     /W-T3-1  /T5-T3-1 /T1-T5-1 /T1-T0-1 /T4-T1-1 /D:1     
/W-T4-1  /D:2     /W-T1-1  /T4-T1-2 /T4-F0-1 /D:2     /W-T2-1  /D:3     /W-T3-1  /T2-T3-5 
/T4-T2-1 /T6-T4-1 /T5-T6-2 /T5-T4-1 /T5-F1-1 /T3-F1-1 /D:3     /W-T2-1  /D:2     /W-F2-1  
/D:1     /W-F0-1  /D:1     /W-T0-1  /D:2     /R       /D:1     /W-T4-1  /D:1     /W-T1-1  
/D:1     /W-T0-1  /T2-T0-3 /T2-T4-1 /T3-T2-9 /T3-F3-1 /T5-F3-1 /T6-F3-1 /T6-F2-1 /T6-F1-1 
/T6-F1-1 /T5-T4-1 /T6-T1-1 /D:1     /W-T1-1  /D:1     /W-F0-1  /T2-F0-1 /D:1     /W-F3-1  
/D:1     /W-F1-1  /D:1     /W-F0-1  /T2-T0-1 /T2-F0-1 /T2-F1-1 /T1-T4-2 /T1-F1-1 /D:1     
/W-F2-1  /D:1     /W-F3-1  /T0-F3-1 /T4-F3-1 /T4-F0-1 /T0-T2-2 /T0-F0-1 /T0-F1-1 /T4-T1-1 
/T4-F0-1 /T0-F0-1 /T1-T4-2 /T1-F1-1 /T0-F1-1 /T1-F0-1 /T2-T0-6 /T2-F0-1 /T4-T1-4 /T4-F1-1 
/D:1     /W-T1-1  /D:1     /W-F2-1  /T0-F2-1 /T0-F3-1 /T1-F2-1 /T0-F2-1 /T1-F3-1 /T0-F3-1 
/T1-F2-1 /T0-F2-1 /T1-F3-1 /T0-F3-1 /T1-F2-1 /T0-F2-1 /T1-F3-1 
"
1010399,g#fc#qBh#XTZz#Ysbil#uDQEtk#KSAojaN#JRdWpnHxmCGIeFrOVPMvywUL,129.500000,1298.000000,43.000000,0.671233,1,"
minimal: 0 / states: 106 / duration: 0.000130s
history:
/T6-F3-1 /T6-F1-1 /T4-T3-1 /D:1     /W-T5-1  /T4-T5-1 /T4-F1-1 /T1-F1-1 /T4-T0-1 /D:1     
/W-T0-1  /D:1     /W-F1-1  /D:3     /W-F2-1  /D:1     /W-T5-1  /T0-T5-3 /T3-T0-2 /D:1     
/W-T0-1  /T6-T0-1 /T6-F2-1 /T6-F0-1 /W-F2-1  /D:3     /W-T2-1  /T6-T2-1 /T6-T4-1 /T3-T6-1 
/D:1     /W-T0-1  /T2-T0-3 /T2-F0-1 /T2-F2-1 /W-F0-1  /W-T2-1  /W-T4-1  /D:1     /W-F1-1  
/T1-F1-1 /T5-T3-2 /T5-F1-1 /T3-T5-3 /D:2     /W-F2-1  /D:1     /W-F3-1  /D:2     /W-F3-1  
/D:1     /W-T1-1  /T4-T1-3 /D:1     /W-T1-1  /D:1     /W-T2-1  /T5-T2-7 /D:1     /W-T3-1  
/W-T3-1  /D:1     /W-T1-1  /T5-T1-1 /T5-T0-1 /T5-F3-1 /T5-F0-1 /T0-F0-1 /T2-F3-1 /T0-F3-1 
/T2-F2-1 /T1-F2-1 /W-F0-1  /T0-F0-1 /T0-F1-1 /T2-F3-1 /T1-F3-1 /T2-F0-1 /T0-F0-1 /T5-F2-1 
/T1-F2-1 /T2-F1-1 /T0-F1-1 /T3-F3-1 /T1-F3-1 /T2-F0-1 /T1-F0-1 /T3-F2-1 /T0-F2-1 /T2-F1-1 
/T0-F1-1 /T3-F3-1 /T1-F3-1 /T2-F2-1 /T0-F2-1 /T2-F1-1 /T6-F3-1 /D:1     /W-F0-1  /T1-F0-1 
"
1010412,A#VM#lik#hBue#FzrEg#xWdqZb#TJGIaYw#DLjUnoyXHtOPcRQsvmNfpCSK,167.000000,4950.000000,52.000000,0.569307,1,"
minimal: 0 / states: 123 / duration: 0.000166s
history:
/T0-F0-1  /T6-T2-1  /T6-T1-1  /T6-F1-1  /T5-F1-1  /T5-T0-1  /T5-T3-1  /D:2      /W-T0-1   /T2-T0-2  
/T2-T0-1  /D:2      /W-T6-1   /D:1      /W-F2-1   /D:1      /W-F2-1   /D:3      /W-T0-1   /T4-T0-1  
/T5-T4-1  /T6-T5-2  /T6-T5-1  /D:3      /W-T3-1   /D:1      /W-F1-1   /T4-F1-1  /D:2      /W-T4-1   
/D:1      /W-T0-1   /T3-T0-3  /D:3      /W-F3-1   /D:1      /W-T5-1   /T4-T5-2  /D:1      /W-F2-1   
/D:1      /W-T5-1   /D:2      /W-T1-1   /T5-T1-8  /T5-T2-1  /T1-T5-11 /T3-T1-1  /T3-F0-1  /T5-F0-1  
/T1-T6-2  /R        /D:1      /W-F0-1   /T5-T4-1  /T5-F0-1  /T4-T5-2  /T4-T1-1  /T4-F0-1  /T2-T1-2  
/D:1      /W-T1-1   /D:3      /W-T3-1   /T5-T3-3  /T5-F0-1  /T0-T6-5  /T0-F0-1  /D:1      /W-F3-1   
/T6-F3-1  /T3-F3-1  /T6-F2-1  /T3-F2-1  /T6-F1-1  /T3-F1-1  /T6-F2-1  /T6-F1-1  /T3-F2-1  /T3-F1-1  
/T0-F1-1  /T1-F1-1  /T6-F2-1  /D:1      /W-F3-1   /D:1      /W-F2-1   /T0-F2-1  /T6-T0-2  /T1-F2-1  
/D:1      /W-T2-1   /D:1      /W-F3-1   /T6-F3-1  /T5-F3-1  /T0-F3-1  /T5-F0-1  /T0-F0-1  /T0-F1-1  
/T5-F3-1  /T5-F0-1  /T1-F1-1  /W-F3-1   /T0-F0-1  /T5-F3-1  /T5-F0-1  /W-F2-1   /T0-F3-1  /T1-F2-1  
/T2-F1-1  
"
1010426,v#lZ#xFn#JKoS#YXtur#haWRAk#pbeQPci#DMOyHzqfgswCUBmIjLdGETNV,125.500000,1651.000000,48.000000,0.592105,1,"
minimal: 0 / states: 127 / duration: 0.000136s
history:
/T2-F2-1 /T4-T3-1 /T4-T6-1 /T3-T4-2 /T3-F2-1 /D:4     /W-T1-1  /T5-T1-1 /T5-F0-1 /T5-T2-1 
/T5-T3-1 /T5-F1-1 /T4-T5-3 /T0-T3-1 /T1-T0-3 /T3-T1-3 /T6-T3-2 /T3-T0-3 /T5-T1-4 /D:2     
/W-T3-1  /T1-T3-8 /D:1     /W-T2-1  /T6-T2-1 /D:2     /W-T0-1  /T2-T0-4 /D:2     /W-T4-1  
/D:3     /W-F0-1  /D:1     /W-T1-1  /D:2     /W-T2-1  /W-T2-1  /W-T2-1  /W-F0-1  /D:1     
/W-T1-1  /T4-T1-2 /T2-T4-4 /D:1     /W-T3-1  /D:1     /W-T4-1  /D:3     /W-F3-1  /D:1     
/W-T1-1  /R       /D:1     /W-F0-1  /D:1     /W-T2-1  /T4-T2-6 /D:1     /W-F3-1  /T6-F3-1 
/T6-F3-1 /T0-T6-2 /T0-F3-1 /T6-T0-3 /T6-F1-1 /T0-F1-1 /T6-F2-1 /T0-F2-1 /T3-F1-1 /T0-F1-1 
/T3-F2-1 /T3-F3-1 /D:1     /W-T1-1  /D:1     /W-F1-1  /D:1     /W-F2-1  /T3-F2-1 /T0-T1-2 
/T0-F2-1 /D:1     /W-F0-1  /T1-F0-1 /T1-F1-1 /T2-F0-1 /T3-F1-1 /T0-F1-1 /T1-F0-1 /T3-F2-1 
/T1-T0-1 /T1-F2-1 /T2-T3-2 /T2-F1-1 /T2-F2-1 /T0-T1-2 /T0-F1-1 /T0-F2-1 /T3-T2-4 /T3-F1-1 
/T3-F2-1 /T1-T0-4 /T1-F1-1 /D:1     /W-F3-1  /T2-F3-1 /T0-F3-1 /T2-F0-1 /T0-F0-1 /T2-F3-1 
/T0-F3-1 /T2-F0-1 /T0-F0-1 /T2-F3-1 /T0-F3-1 /T2-F0-1 
"
1010430,M#BQ#CuA#gxUT#oaGpS#zweIPr#dvcbVRn#FmlXYkjHDiEZhfNtqOWsJLyK,124.000000,1677.000000,49.000000,0.663043,1,"
minimal: 0 / states: 123 / duration: 0.000148s
history:
/T2-F0-1 /T6-F2-1 /T5-T4-1 /T3-T2-1 /T1-T4-1 /T1-F0-1 /D:1     /W-T2-1  /T6-T2-1 /T2-T6-4 
/T2-F0-1 /D:1     /W-T1-1  /D:1     /W-T0-1  /D:6     /W-T6-1  /T5-T6-1 /T3-T5-1 /T3-T0-1 
/D:3     /W-T2-1  /D:3     /W-F3-1  /D:1     /W-T5-1  /T4-T5-3 /T4-T5-1 /W-T4-1  /D:2     
/W-F3-1  /T6-F3-1 /T6-F0-1 /W-T6-1  /D:1     /W-T0-1  /T5-T0-7 /D:1     /W-T3-1  /T5-T3-1 
/T6-T5-6 /T6-T0-1 /T6-T5-1 /W-T6-1  /T4-T6-2 /T4-F1-1 /T0-F1-1 /T4-F2-1 /T0-F2-1 /T0-F3-1 
/T5-F1-1 /T5-F2-1 /T5-F3-1 /T0-F2-1 /T0-F3-1 /W-F0-1  /T5-F0-1 /T5-F3-1 /T6-T0-1 /T6-F0-1 
/T0-T6-2 /T0-F3-1 /T3-T5-3 /D:2     /W-T1-1  /D:1     /W-T2-1  /D:1     /R       /D:1     
/W-T1-1  /T5-T1-6 /D:1     /W-T5-1  /D:1     /W-T2-1  /D:2     /W-F0-1  /T0-F0-1 /T6-T0-4 
/T6-F1-1 /T1-F1-1 /T0-F1-1 /T1-F2-1 /T0-F2-1 /T1-F1-1 /T0-F1-1 /T1-F2-1 /T0-F2-1 /T1-F3-1 
/T0-F3-1 /T1-F2-1 /T0-F2-1 /T1-F3-1 /T5-F3-1 /T2-T1-1 /T2-F2-1 /T2-F3-1 /T5-F2-1 /D:1     
/W-F1-1  /W-F1-1  /T1-F1-1 /T0-F1-1 /D:1     /W-F0-1  /D:1     /W-F0-1  /T1-F0-1 /T0-F0-1 
/T1-F1-1 
"
1010434,N#Yj#oCB#QquA#mGbdV#vJrWKE#UzSxDeZ#watnHRlTLcXsgIyPhMfFikpO,152.500000,2273.000000,52.000000,0.599010,1,"
minimal: 0 / states: 121 / duration: 0.000139s
history:
/T0-F3-1 /T3-F0-1 /T2-F0-1 /T2-F0-1 /T6-T0-1 /T3-T4-1 /T3-T6-1 /T3-T5-1 /D:2     /W-F1-1  
/D:2     /W-F2-1  /T2-F2-1 /D:4     /W-T4-1  /D:1     /W-T0-1  /D:1     /W-T6-1  /D:1     
/W-T0-1  /D:1     /W-T4-1  /T6-T4-3 /T6-F0-1 /T1-T6-1 /T6-T1-2 /T5-T6-2 /D:2     /W-T1-1  
/D:3     /W-T1-1  /D:1     /W-T2-1  /T1-T2-5 /D:5     /W-F2-1  /D:1     /W-F3-1  /R       
/D:1     /W-T0-1  /T4-T0-7 /D:1     /W-T2-1  /T6-T2-3 /T6-T1-1 /D:3     /W-T1-1  /T5-T1-1 
/T5-T1-1 /T4-T5-1 /T4-F1-1 /T0-F1-1 /T5-F1-1 /T4-T6-1 /T0-F2-1 /T0-F1-1 /T5-F2-1 /T0-F2-1 
/T2-T6-3 /T2-F2-1 /D:2     /W-T4-1  /D:1     /W-F3-1  /T6-F3-1 /T6-F0-1 /D:1     /W-F1-1  
/W-F1-1  /W-F3-1  /T6-F3-1 /T0-F3-1 /T0-F2-1 /T2-F1-1 /W-T0-1  /T6-T2-2 /D:1     /W-F0-1  
/T2-F0-1 /T0-F0-1 /T2-F3-1 /T0-F3-1 /T2-F0-1 /T5-F0-1 /T5-F2-1 /T1-F3-1 /T0-F2-1 /T0-F3-1 
/T1-F0-1 /T0-F0-1 /T2-T1-2 /T2-F3-1 /T0-F3-1 /T2-F0-1 /D:1     /W-F1-1  /T1-F1-1 /T1-F2-1 
/T4-F2-1 /D:1     /W-F1-1  /T1-F1-1 /T1-F2-1 /T4-F1-1 
"
1010450,p#AW#QjY#XOUK#ilGtZ#LqxfoM#rmbwCNE#eJIynuczsFgSdahBkPTvRHVD,111.000000,1226.000000,43.000000,0.648148,1,"
minimal: 0 / states: 118 / duration: 0.000141s
history:
/T3-T2-1 /T2-T5-2 /T1-T5-1 /T1-F0-1 /T5-T1-4 /D:3     /W-T1-1  /T3-T1-1 /T3-T0-1 /W-T3-1  
/D:1     /W-T4-1  /T3-T4-2 /T4-T3-4 /T4-T1-1 /D:1     /W-F2-1  /T5-F2-1 /T6-T5-1 /T6-F3-1 
/T0-F3-1 /T5-T1-2 /T2-T5-1 /T6-T2-1 /T0-F2-1 /T2-T1-2 /D:3     /W-T0-1  /D:4     /W-T4-1  
/D:2     /W-F1-1  /D:2     /W-F0-1  /T1-F0-1 /D:2     /W-F3-1  /T1-F3-1 /D:2     /W-T5-1  
/D:1     /W-F3-1  /T4-F3-1 /W-F3-1  /D:2     /W-T3-1  /W-T3-1  /D:1     /W-F0-1  /T1-F0-1 
/R       /D:5     /W-F0-1  /T4-F0-1 /T5-T4-3 /T5-F2-1 /T4-T0-4 /T3-F0-1 /T1-T0-3 /T1-F0-1 
/T3-T6-1 /T3-F0-1 /T6-T3-2 /T6-F1-1 /T6-T2-1 /T6-F2-1 /W-F2-1  /W-F1-1  /W-T3-1  /T5-T2-1 
/D:1     /W-T3-1  /D:1     /W-F1-1  /W-F1-1  /T0-F1-1 /T0-F2-1 /T0-F3-1 /T3-F1-1 /T3-F2-1 
/T3-F3-1 /T0-F2-1 /T1-F3-1 /T1-F0-1 /T2-F0-1 /T3-F2-1 /T3-F3-1 /T1-F3-1 /T1-F0-1 /T3-T2-1 
/T3-F3-1 /D:1     /W-F1-1  /T4-F1-1 /T0-F1-1 /T0-F2-1 /T2-F2-1 /D:1     /W-F1-1  /T0-F1-1 
/T0-F2-1 /T2-F1-1 
"
1010484,z#Hv#Ctp#rlYB#hMEeA#GuXgNU#ocsTPFj#LnxDwOimqZSQbRWyVIfdaJkK,136.000000,2707.000000,41.000000,0.689024,1,"
minimal: 0 / states: 117 / duration: 0.000136s
history:
/T4-F0-1 /T3-F0-1 /T5-T1-1 /T5-F3-1 /T3-T0-1 /T1-T6-2 /T5-T1-1 /D:2     /W-F2-1  /D:1     
/W-T0-1  /T6-T0-3 /T6-T1-1 /T4-T1-1 /D:1     /W-T1-1  /T6-T1-1 /D:1     /W-T5-1  /D:1     
/W-F3-1  /T1-F3-1 /D:1     /W-T5-1  /T1-T5-5 /D:1     /W-T1-1  /W-T1-1  /T5-T1-8 /T6-T5-1 
/T6-T5-1 /T6-T1-1 /T6-F2-1 /T2-F2-1 /T2-T0-1 /T2-F0-1 /D:1     /W-F2-1  /D:1     /W-T2-1  
/D:1     /W-T0-1  /T4-T0-1 /T3-T4-1 /T4-T6-2 /T3-F2-1 /T5-F2-1 /D:1     /W-F3-1  /D:2     
/W-F3-1  /D:2     /W-T2-1  /D:4     /W-T0-1  /D:1     /W-F1-1  /D:2     /W-T2-1  /W-T2-1  
/D:1     /W-T6-1  /R       /D:1     /W-F1-1  /T1-F1-1 /T0-F1-1 /T1-F0-1 /T0-F0-1 /T0-F3-1 
/T1-F1-1 /T1-F0-1 /T5-F3-1 /T0-F2-1 /T5-F2-1 /T0-F3-1 /T0-F2-1 /T5-F0-1 /T1-T2-3 /T1-F2-1 
/T0-T6-1 /T0-F2-1 /D:2     /W-F3-1  /W-F3-1  /T1-F3-1 /T0-F3-1 /T2-T1-5 /T2-F2-1 /T0-F2-1 
/T2-F3-1 /D:1     /W-T6-1  /T4-T6-1 /D:1     /W-F1-1  /T1-F1-1 /T1-F0-1 /T6-F1-1 /T1-F1-1 
/T6-F0-1 /T1-F0-1 /T6-F1-1 /T1-F1-1 /T6-F0-1 /T1-F0-1 /T6-F1-1 /T1-F1-1 /T6-F0-1 
"
1010501,X#pg#YiF#JzBt#jfCrw#UxAbOZ#TKkuISW#sdeqcyvDHohNaMRVGmnlLEPQ,141.500000,990.000000,44.000000,0.629630,1,"
minimal: 0 / states: 126 / duration: 0.000145s
history:
/T4-T0-1  /T2-T1-1  /T2-T0-1  /D:2      /W-T4-1   /D:1      /W-T1-1   /D:1      /W-T1-1   /D:1      
/W-T1-1   /D:1      /W-T5-1   /T0-T5-3  /T5-T0-5  /D:1      /W-T6-1   /D:2      /W-T0-1   /T1-T0-5  
/T5-T1-1  /T1-T4-2  /D:1      /W-T0-1   /D:1      /W-T6-1   /T3-T6-1  /D:1      /W-F3-1   /T4-F3-1  
/T5-T4-1  /T5-F0-1  /T3-F0-1  /T6-T5-4  /T6-T5-1  /T4-T5-4  /T4-F0-1  /T3-T1-1  /T5-T2-10 /W-F0-1   
/T2-T1-11 /T5-T6-1  /D:1      /W-F1-1   /T1-F1-1  /D:1      /W-T2-1   /D:2      /W-T3-1   /D:1      
/W-T6-1   /T4-T6-1  /T6-T4-4  /T6-T3-1  /T3-T6-3  /D:1      /W-T3-1   /D:1      /W-F2-1   /T0-F2-1  
/T0-F1-1  /T1-F2-1  /T1-F1-1  /T0-F2-1  /T0-F1-1  /T1-F2-1  /T4-F1-1  /W-T0-1   /W-F2-1   /T1-T4-1  
/T1-F2-1  /T6-F2-1  /D:1      /W-T2-1   /D:1      /W-T3-1   /T6-T3-3  /T6-T2-1  /T0-T6-2  /T0-F1-1  
/T1-F1-1  /T1-F2-1  /T0-T3-1  /T0-F1-1  /T0-F2-1  /T1-T2-1  /T1-F2-1  /T4-T2-4  /T4-F1-1  /T3-T0-3  
/T3-F1-1  /T0-T3-4  /T0-F2-1  /T2-T1-6  /T2-F1-1  /T1-T2-7  /T1-F2-1  /T3-T0-5  /T3-F1-1  /T6-T0-3  
/D:1      /W-F0-1   /D:1      /W-F3-1   /D:1      /W-F3-1   /T0-F3-1  /T0-F0-1  /T2-F3-1  /T0-F3-1  
/T2-F0-1  /T0-F0-1  /T2-F3-1  /T0-F3-1  /T2-F0-1  /T0-F0-1  /T2-F3-1  /T0-F3-1  /T2-F0-1  /T0-F0-1  
/T2-F3-1  /T0-F3-1  /T2-F0-1  
"
1010504,m#Tp#DXK#duHc#QEayn#eVkqxb#gsIZOlW#SGMiRCftrLJvhjNFYoPUzBwA,137.000000,3238.000000,62.000000,0.500000,1,"
minimal: 0 / states: 139 / duration: 0.000155s
history:
/T4-F2-1 /T6-T2-1 /T5-T1-1 /T5-T6-1 /T3-T5-1 /T4-T0-1 /T4-F1-1 /T1-F1-1 /T5-F1-1 /D:12    
/W-T2-1  /D:1     /W-T2-1  /D:1     /W-T6-1  /D:1     /W-F3-1  /D:3     /W-F2-1  /T1-F2-1 
/T5-F2-1 /T5-T0-1 /T3-T5-1 /T1-T3-1 /D:3     /W-T1-1  /T6-T1-3 /T6-F3-1 /D:2     /W-T0-1  
/T5-T0-2 /D:1     /W-F0-1  /W-F0-1  /R       /D:2     /W-T2-1  /W-T2-1  /T4-T2-1 /T4-T2-1 
/T6-T4-1 /T6-T1-1 /T6-T3-1 /T5-T3-1 /T6-T0-1 /D:1     /W-T5-1  /D:3     /W-F0-1  /D:3     
/W-F2-1  /D:1     /W-T4-1  /D:2     /W-T0-1  /T3-T0-1 /T3-F2-1 /D:1     /W-T5-1  /T2-T5-8 
/T2-T4-1 /T2-F0-1 /W-T4-1  /W-F2-1  /D:1     /W-F3-1  /T5-F3-1 /T5-F0-1 /D:1     /W-T1-1  
/R       /D:1     /W-T4-1  /T3-T4-2 /T3-F1-1 /T0-F1-1 /T0-F0-1 /D:1     /W-F3-1  /T5-F3-1 
/T4-F3-1 /T1-F3-1 /T4-F2-1 /T5-F0-1 /T0-T4-2 /T0-F3-1 /T5-T1-1 /T5-F2-1 /T0-F2-1 /T5-F3-1 
/T1-T5-3 /T1-F2-1 /T4-T0-4 /T4-F3-1 /T0-T4-5 /T0-F2-1 /T5-T1-4 /T5-F3-1 /T1-T5-5 /T1-F2-1 
/T4-T0-6 /T4-F3-1 /D:1     /W-F1-1  /T0-F1-1 /T0-F0-1 /T5-F1-1 /T0-F1-1 /T5-F0-1 /T0-F0-1 
/T5-F1-1 /T0-F1-1 /T5-F0-1 /T0-F0-1 /T5-F1-1 /T0-F1-1 /T5-F0-1 
"
1010505,E#Xa#Dki#HeWR#sZPnz#GFgyfA#cVMCbLr#YpQqtUdoBvThJIlwONxujmSK,139.500000,1427.000000,45.000000,0.620690,1,"
minimal: 0 / states: 112 / duration: 0.000140s
history:
/T1-F1-1 /T5-F0-1 /T6-T5-1 /T1-T6-1 /T4-T1-1 /T4-F2-1 /D:1     /W-T1-1  /D:2     /W-T0-1  
/W-T0-1  /D:1     /W-T3-1  /T4-T3-1 /T6-T4-2 /T6-F1-1 /D:3     /W-T5-1  /T6-T5-1 /D:1     
/W-F2-1  /T0-F2-1 /D:1     /W-F0-1  /T5-F0-1 /D:4     /W-T4-1  /T2-T4-1 /D:2     /W-T6-1  
/D:1     /W-T2-1  /D:2     /W-F3-1  /W-F3-1  /T3-F3-1 /T0-F3-1 /T3-F2-1 /T3-F3-1 /T5-T0-1 
/T5-F2-1 /T0-T5-2 /T6-T0-2 /T6-T2-1 /T6-F1-1 /T5-F1-1 /T4-T6-5 /T4-F2-1 /W-T3-1  /W-T3-1  
/D:1     /W-T0-1  /T3-T0-3 /T3-F1-1 /W-T3-1  /T3-T2-2 /D:1     /W-T6-1  /D:2     /W-T3-1  
/D:1     /W-F3-1  /T2-F3-1 /D:1     /W-T1-1  /W-T1-1  /W-T1-1  /W-F3-1  /W-T0-1  /T5-T0-2 
/T5-T3-1 /T5-T2-1 /T2-T3-5 /T2-F0-1 /T0-F0-1 /T0-F1-1 /T0-F2-1 /T5-F0-1 /T3-F1-1 /T5-F0-1 
/T0-F1-1 /T3-F0-1 /T0-F0-1 /T6-F2-1 /T1-F2-1 /T3-F3-1 /T0-F3-1 /T6-F1-1 /T1-F1-1 /T3-F2-1 
/T0-F2-1 /T6-F0-1 /T1-F0-1 /T3-F1-1 /T0-F1-1 /T6-F3-1 /T1-F3-1 /T3-F2-1 /T1-F2-1 /T6-F0-1 
/T0-F0-1 /T3-F1-1 /T6-F3-1 
"
1010526,m#ky#MvZ#iQwj#DBpEn#bOatNR#HeVCsJU#gzLYTluXqdrSfKWGAxPFhocI,105.500000,1453.000000,41.000000,0.662162,1,"
minimal: 0 / states: 122 / duration: 0.000128s
history:
/T4-F2-1 /T1-T0-1 /T1-T0-1 /T2-T1-1 /T6-T2-1 /T6-T0-1 /T5-T6-1 /T5-F3-1 /T5-T2-1 /T5-F1-1 
/T5-F3-1 /T5-F1-1 /T2-T3-3 /D:2     /W-T5-1  /D:1     /W-T1-1  /D:1     /W-T2-1  /D:2     
/W-T5-1  /D:2     /W-T1-1  /D:1     /W-T6-1  /D:1     /W-T4-1  /D:2     /W-T3-1  /T4-T3-2 
/T4-T3-1 /D:2     /W-T2-1  /T3-T2-8 /T3-T1-1 /D:3     /W-F0-1  /T4-F0-1 /D:1     /W-T5-1  
/D:1     /W-F3-1  /T3-F3-1 /T3-T0-1 /D:3     /W-F2-1  /T2-F2-1 /T6-F2-1 /T6-F3-1 /D:1     
/W-F1-1  /T2-F1-1 /D:1     /R       /D:3     /W-T0-1  /W-T0-1  /T6-T0-1 /T6-F0-1 /T4-F0-1 
/T2-F0-1 /T6-T1-1 /T6-F1-1 /T2-F3-1 /W-T6-1  /T0-T6-1 /T0-F3-1 /T6-T1-3 /D:1     /W-F2-1  
/T1-F2-1 /T2-F2-1 /T0-F2-1 /T2-F3-1 /T2-F2-1 /T1-T0-2 /T1-F3-1 /T1-F2-1 /T5-F2-1 /D:1     
/W-F1-1  /T0-F1-1 /D:1     /W-F3-1  /T1-F3-1 /T0-T1-4 /T0-F2-1 /T2-T5-2 /T2-F3-1 /T1-T0-5 
/T1-F3-1 /T5-T2-3 /T5-F2-1 /D:2     /W-F0-1  /W-F0-1  /T0-F0-1 /D:1     /W-F1-1  /T0-F1-1 
/T2-F1-1 /D:1     /W-F0-1  /T0-F0-1 /T0-F1-1 /T2-F0-1 /T0-F0-1 /T2-F1-1 /T0-F1-1 /T2-F0-1 
"
1010542,b#Vz#YKu#dlGg#wOeJA#BkanIN#LMvqHRf#phWZtyTrjESsoFDiCUxmQcXP,139.500000,3486.000000,50.000000,0.673684,1,"
minimal: 0 / states: 119 / duration: 0.000138s
history:
/T4-F0-1 /T5-F3-1 /T3-T2-1 /T6-T3-1 /D:2     /W-T5-1  /T3-T5-2 /T3-T1-1 /W-T3-1  /T0-T3-1 
/T1-T0-2 /T2-T1-2 /T2-T0-1 /T1-T4-3 /D:1     /W-T0-1  /T5-T0-4 /T5-F2-1 /T5-F1-1 /T3-F1-1 
/T4-T5-4 /D:1     /W-T1-1  /D:2     /W-T1-1  /T5-T1-5 /T5-F0-1 /D:2     /W-T0-1  /T3-T0-2 
/D:4     /W-T1-1  /T6-T1-1 /D:1     /W-F2-1  /T0-F2-1 /D:2     /W-T1-1  /D:2     /W-F0-1  
/T1-F0-1 /D:2     /W-T2-1  /D:1     /W-T3-1  /D:2     /W-F1-1  /T0-F1-1 /T4-F1-1 /T4-F3-1 
/W-T0-1  /D:2     /W-F3-1  /T0-F3-1 /T1-F3-1 /R       /D:2     /W-T6-1  /D:1     /W-T2-1  
/D:1     /W-F0-1  /D:1     /W-F3-1  /T6-F3-1 /D:1     /W-F0-1  /D:1     /W-T4-1  /T6-T4-1 
/T6-F2-1 /T0-F2-1 /T0-F1-1 /T0-F0-1 /T1-F2-1 /T1-F1-1 /T4-F0-1 /W-F2-1  /T0-F1-1 /T1-F2-1 
/T4-F1-1 /T6-F2-1 /T6-T5-1 /T0-F0-1 /T2-F1-1 /T4-F2-1 /T2-F2-1 /T1-T6-3 /T1-F2-1 /T0-T5-3 
/T0-F2-1 /T6-T1-4 /D:1     /W-F3-1  /T1-F3-1 /T1-F0-1 /T1-F1-1 /T5-F3-1 /T5-F0-1 /T5-F1-1 
/T1-F0-1 /T3-F1-1 /T5-F0-1 /D:1     /W-F3-1  /T2-F3-1 /T1-F3-1 
"
1010546,B#Cn#eMT#HZaj#hvQKO#tEcskp#rWSLDPY#GXIAwNFlUfzuxRdJogqmybVi,120.000000,1508.000000,47.000000,0.558824,1,"
minimal: 0 / states: 128 / duration: 0.000137s
history:
/T1-F2-1 /T4-T1-1 /T3-T4-1 /T3-F1-1 /T4-T6-2 /T5-T4-1 /D:3     /W-T6-1  /D:1     /W-F0-1  
/T0-F0-1 /T3-T0-1 /T2-T3-1 /T6-T2-4 /T1-T4-1 /T1-F0-1 /T2-T1-5 /D:1     /W-T5-1  /D:1     
/W-F3-1  /T4-F3-1 /T6-F3-1 /T6-F0-1 /T5-T6-2 /T5-T3-1 /T6-T0-3 /F0-T2-1 /T5-T2-1 /T4-T5-2 
/T5-T6-3 /T6-T5-4 /T4-T6-1 /T2-T3-3 /T4-T1-1 /T5-T1-5 /D:3     /W-T6-1  /D:2     /W-T2-1  
/D:6     /W-F2-1  /T1-F2-1 /T1-F3-1 /D:2     /W-F2-1  /D:1     /W-T4-1  /D:1     /W-T4-1  
/D:1     /W-F1-1  /T3-F1-1 /T3-F0-1 /T1-F0-1 /D:1     /W-T0-1  /T3-T0-4 /D:1     /R       
/D:1     /W-T6-1  /D:1     /W-T4-1  /D:1     /W-F0-1  /T6-F0-1 /D:1     /W-T2-1  /D:3     
/W-T2-1  /T6-T2-3 /T6-F2-1 /D:1     /W-F3-1  /T1-F3-1 /D:1     /W-F1-1  /T0-F1-1 /T0-F2-1 
/T0-F3-1 /T0-F0-1 /T1-F2-1 /T2-F3-1 /T0-F3-1 /W-F2-1  /W-F1-1  /T2-F2-1 /T0-F2-1 /T2-F3-1 
/T2-F2-1 /T4-F3-1 /T4-F2-1 /T1-T2-4 /T1-F3-1 /T0-T4-2 /T0-F3-1 /T2-T1-5 /T2-F2-1 /D:1     
/W-T4-1  /D:1     /W-F1-1  /T1-F1-1 /T1-F0-1 /T4-F0-1 /D:1     /W-F1-1  /T1-F1-1 /T1-F0-1 
/T4-F1-1 /T1-F1-1 /T4-F0-1 /T1-F0-1 /T4-F1-1 
"
1010549,N#iC#bYF#VtMw#ezkIR#EJvdQP#GxhqHaT#nsAuymZrKcjUWOfoXlgBSLDp,166.500000,4950.000000,54.000000,0.555000,1,"
minimal: 0 / states: 124 / duration: 0.000144s
history:
/T0-F3-1 /T4-T2-1 /T2-T6-2 /D:1     /W-F2-1  /D:2     /W-F0-1  /D:3     /W-T0-1  /W-T0-1  
/D:3     /W-T2-1  /D:2     /W-T2-1  /T4-T2-1 /T3-T4-1 /T4-T0-2 /T2-T3-4 /T2-T1-1 /T3-T2-5 
/D:1     /W-T2-1  /T3-T2-1 /T3-T0-1 /T4-T3-1 /D:2     /W-F3-1  /T5-F3-1 /T5-F3-1 /T1-T5-2 
/T6-F3-1 /T4-T6-1 /D:1     /W-T2-1  /D:1     /W-F2-1  /D:2     /W-T3-1  /D:2     /W-F0-1  
/D:1     /W-F3-1  /D:2     /W-T6-1  /D:1     /W-F2-1  /R       /D:2     /W-T0-1  /T6-T0-4 
/T6-F1-1 /T5-F1-1 /T5-F0-1 /T6-T1-1 /T6-F2-1 /T0-F0-1 /D:1     /W-T4-1  /D:1     /W-T2-1  
/T5-T2-1 /T6-T5-1 /T6-T3-1 /T6-T5-1 /D:1     /W-F1-1  /T2-F1-1 /T0-F1-1 /T2-F2-1 /W-F2-1  
/T2-F1-1 /T2-F2-1 /T0-T1-2 /T0-F2-1 /D:1     /W-T3-1  /T5-T3-3 /T1-T5-4 /D:2     /W-F1-1  
/T3-T2-1 /T3-F1-1 /T3-F2-1 /T5-T0-3 /T5-F1-1 /T0-T5-4 /T0-F2-1 /T5-T0-5 /T5-F0-1 /T0-F0-1 
/T0-F3-1 /T2-F0-1 /T0-F0-1 /T2-F3-1 /T0-F3-1 /T2-F0-1 /T0-F0-1 /T2-F1-1 /T0-F1-1 /T3-F3-1 
/T2-F0-1 /T3-F2-1 /T3-F1-1 /W-F3-1  /T0-F2-1 /T2-F3-1 /T3-F2-1 /T0-F1-1 /T4-F3-1 /D:1     
/W-F0-1  /T2-F0-1 
"
1010550,h#JL#KqU#ukAZ#IQHVN#yWeFjY#fzcopTM#tsarnxDdBgiREbPwClSOmXGv,99.000000,1226.000000,43.000000,0.638889,1,"
minimal: 0 / states: 126 / duration: 0.000140s
history:
/T4-F3-1  /T5-T6-1  /T1-T3-1  /T4-T1-1  /T4-T1-1  /D:1      /W-T0-1   /D:2      /W-F1-1   /D:2      
/W-F2-1   /D:1      /W-T6-1   /T5-T6-1  /D:4      /W-T1-1   /T5-T1-1  /T5-T1-1  /D:4      /W-F1-1   
/D:3      /W-T4-1   /D:2      /W-T0-1   /D:1      /W-F3-1   /D:2      /W-T3-1   /T1-T3-6  /T6-T1-4  
/D:1      /W-T2-1   /D:1      /W-T1-1   /T2-T1-2  /T2-T3-1  /T5-T2-1  /R        /D:1      /W-T6-1   
/D:1      /W-T0-1   /T4-T0-2  /T0-T4-6  /T3-T0-10 /T3-F0-1  /T3-T5-1  /T6-T3-2  /T4-T2-7  /D:3      
/W-F0-1   /T2-F0-1  /T6-T2-1  /T6-F2-1  /T2-F2-1  /T6-F1-1  /W-F1-1   /T6-T4-1  /T0-F2-1  /T0-F1-1  
/T6-F1-1  /W-F0-1   /D:2      /W-T0-1   /D:1      /W-F0-1   /T0-T3-1  /T0-F0-1  /T0-F1-1  /T1-F0-1  
/T0-F0-1  /T2-T1-4  /T2-F1-1  /T2-F0-1  /W-F1-1   /T1-T2-6  /T1-F1-1  /T5-F1-1  /T3-T0-4  /D:1      
/W-F3-1   /T2-F3-1  /T0-F3-1  /T2-F2-1  /T0-F2-1  /T2-F3-1  /T0-F3-1  /T2-F2-1  /T0-F2-1  /T2-F3-1  
/T0-F3-1  /T0-F0-1  /T2-F2-1  /T2-F3-1  /T2-F0-1  /T0-F3-1  /T0-F0-1  /T1-T4-2  /T1-F0-1  /T5-T0-1  
/D:1      /W-F2-1   /T4-F2-1  /T0-F2-1  /T4-F3-1  /T0-F3-1  /T4-F2-1  /D:1      /W-F1-1   /D:1      
/W-F1-1   
"
1010553,n#DE#uIo#KghZ#Tfmew#sHSajA#WvdbCFL#qQUJzrcXlVOBNpRkYPMitxGy,127.500000,1357.000000,32.000000,0.722973,1,"
minimal: 0 / states: 114 / duration: 0.000127s
history:
/T0-F2-1 /T2-F2-1 /T5-F0-1 /T6-T3-1 /T3-T0-2 /T3-T2-1 /T6-T3-1 /T2-T5-2 /T3-T2-2 /T5-T3-3 
/T5-F1-1 /T1-T5-1 /D:2     /W-T5-1  /T6-T5-1 /T6-F1-1 /D:5     /W-F1-1  /T6-F1-1 /D:1     
/W-T0-1  /T4-T0-1 /T4-F1-1 /D:2     /W-T0-1  /T2-T0-3 /T4-T2-1 /T4-F1-1 /T0-T4-1 /T0-F1-1 
/T3-F1-1 /T4-T0-2 /D:1     /W-T5-1  /D:1     /W-F0-1  /D:1     /W-F3-1  /T5-F3-1 /T5-F0-1 
/T1-F0-1 /D:1     /W-F2-1  /D:1     /W-T0-1  /D:3     /W-F3-1  /T5-F3-1 /T5-F0-1 /T0-F3-1 
/T0-F0-1 /T5-F3-1 /T0-F3-1 /D:1     /W-T1-1  /W-T1-1  /T3-T1-3 /D:1     /W-F1-1  /D:3     
/W-F0-1  /T5-F0-1 /T1-F0-1 /T6-T1-1 /T1-T6-1 /T1-F1-1 /T6-T1-2 /D:1     /W-T2-1  /R       
/D:1     /W-F2-1  /D:1     /W-F3-1  /D:1     /W-F0-1  /D:1     /W-T3-1  /D:1     /W-F2-1  
/T5-F2-1 /D:1     /W-T3-1  /D:1     /W-F1-1  /T3-F1-1 /D:1     /W-F2-1  /T0-F2-1 /T0-F3-1 
/T1-F2-1 /T0-F2-1 /T1-F3-1 /T0-F3-1 /T1-F0-1 /T0-F0-1 /T1-F3-1 /T1-F0-1 /T0-F3-1 /D:1     
/W-F2-1  /T2-F2-1 /T2-F1-1 /T3-F2-1 
"
1010581,l#hj#XsE#owqx#cWbRN#tzCAUQ#kdrBnMI#yGDiaTeLJHFmVgZPpYfSuvKO,108.500000,1252.000000,37.000000,0.680000,1,"
minimal: 0 / states: 120 / duration: 0.000130s
history:
/T4-F3-1 /T6-T1-1 /T5-T2-1 /T5-T1-1 /T5-F0-1 /T3-T0-1 /T3-T4-1 /T5-T2-1 /T1-T0-3 /T0-T5-5 
/T6-T0-1 /T6-F2-1 /T6-F0-1 /T2-F0-1 /D:2     /W-T1-1  /D:1     /W-F0-1  /T2-T6-1 /T2-F0-1 
/T4-T2-2 /D:1     /W-T3-1  /D:1     /W-F1-1  /T4-F1-1 /D:5     /W-T3-1  /D:1     /W-F0-1  
/T1-F0-1 /T3-F0-1 /D:5     /W-T2-1  /D:1     /W-T6-1  /D:1     /W-T0-1  /D:3     /W-T3-1  
/D:1     /W-T4-1  /T1-T4-1 /T5-T1-6 /W-T5-1  /T6-T5-3 /T5-T1-5 /D:1     /W-T0-1  /T4-T0-3 
/T4-F1-1 /T6-F1-1 /T3-T6-3 /T3-F2-1 /T1-F2-1 /D:1     /W-F3-1  /T2-F3-1 /T1-F3-1 /T2-F2-1 
/T1-F2-1 /T2-F3-1 /T1-F3-1 /T2-F2-1 /T1-F2-1 /T6-F2-1 /R       /D:2     /W-F3-1  /T1-F3-1 
/T1-F0-1 /D:1     /W-F1-1  /D:2     /W-F0-1  /D:1     /W-T3-1  /W-T3-1  /T2-T3-1 /D:1     
/W-F3-1  /T0-T1-2 /T0-F3-1 /T0-F0-1 /T3-F3-1 /T0-F3-1 /T3-F0-1 /T0-F0-1 /W-T3-1  /T6-T3-3 
/D:2     /W-F3-1  /D:1     /W-F1-1  /W-F1-1  /T1-F1-1 /T1-F2-1 /T3-F1-1 /T1-F1-1 /T3-F2-1 
/T1-F2-1 /T3-F1-1 /T1-F1-1 /T3-F2-1 /T1-F2-1 /T3-F1-1 
"
1010595,G#kf#jHV#oDEN#iWelR#udcMpC#sKXSqyB#AnwThmLgQZaUtOvrIbxYzPFJ,163.000000,1239.000000,46.000000,0.612245,1,"
minimal: 0 / states: 127 / duration: 0.000144s
history:
/T3-F3-1 /T3-T1-1 /T1-T0-2 /T3-T4-1 /D:1     /W-F0-1  /T6-F0-1 /T5-F0-1 /T4-F0-1 /T0-F0-1 
/T1-T6-1 /D:1     /W-F2-1  /T3-F2-1 /T5-F2-1 /T5-T1-1 /D:1     /W-T6-1  /T2-T6-1 /T2-T6-1 
/D:1     /W-T6-1  /D:2     /W-T3-1  /T6-T3-6 /T6-F2-1 /F2-T4-1 /T5-T4-1 /F0-T0-1 /T5-T0-1 
/D:2     /W-T5-1  /D:3     /W-F1-1  /D:3     /W-F3-1  /D:1     /W-T2-1  /D:1     /W-T6-1  
/T0-T6-1 /T0-F0-1 /D:2     /W-F1-1  /T4-F1-1 /T6-F1-1 /T4-F2-1 /T6-F2-1 /D:2     /W-T1-1  
/W-T1-1  /T2-T1-2 /D:1     /W-T2-1  /D:1     /W-F3-1  /D:1     /W-T3-1  /T4-T3-1 /T4-T2-1 
/T4-F1-1 /T0-F1-1 /T6-T0-1 /T5-F1-1 /W-T4-1  /D:1     /W-T6-1  /R       /D:1     /W-F1-1  
/D:2     /W-F3-1  /T3-F3-1 /T0-F3-1 /T3-F0-1 /T0-F0-1 /T3-F3-1 /T3-F0-1 /T4-F0-1 /T6-F0-1 
/T5-T3-1 /D:1     /W-T0-1  /W-T0-1  /T6-T0-1 /T6-F0-1 /T6-F2-1 /F0-T2-1 /T4-T2-1 /T4-F1-1 
/T1-T2-1 /T1-F1-1 /T2-T1-2 /T2-F0-1 /T3-T0-3 /T3-F1-1 /T2-F1-1 /T0-T3-4 /T0-F0-1 /T1-T2-4 
/T1-F0-1 /T3-T0-5 /T3-F1-1 /D:1     /W-F3-1  /D:1     /W-F2-1  /T0-F2-1 /T0-F3-1 /T2-F2-1 
/T0-F2-1 /T2-F3-1 /T0-F3-1 /T2-F2-1 /T0-F2-1 /T2-F3-1 /T0-F3-1 /T2-F2-1 
"
1010597,z#sY#Koi#Sfcv#bgmhe#BUkXaL#pEWxHqN#yVQjuGMJwrITOPARFlCtDndZ,119.500000,2932.000000,48.000000,0.579268,1,"
minimal: 0 / states: 127 / duration: 0.000133s
history:
/T6-F3-1 /T6-T4-1 /T6-T2-1 /T6-T1-1 /T3-T6-1 /T3-T4-1 /T6-T1-2 /T1-T0-4 /T4-T1-3 /T4-T0-1 
/T5-T4-1 /T5-F1-1 /T5-T4-1 /T6-T3-1 /D:3     /W-T3-1  /T6-T3-1 /T4-T6-3 /T4-T2-1 /T4-F1-1 
/T1-F1-1 /T1-T2-3 /D:3     /W-T0-1  /T3-T0-4 /D:1     /W-T1-1  /D:1     /W-T5-1  /T2-T5-6 
/F1-T5-1 /T2-T5-1 /D:1     /W-T6-1  /D:1     /W-T3-1  /D:3     /W-F3-1  /D:1     /W-F3-1  
/D:1     /W-F0-1  /D:3     /W-T1-1  /T2-T1-1 /D:4     /W-F2-1  /T5-F2-1 /T0-F2-1 /T0-F3-1 
/T5-F1-1 /T5-F2-1 /T3-F2-1 /W-T5-1  /D:1     /W-F1-1  /D:1     /W-T2-1  /R       /D:1     
/W-T2-1  /T5-T2-8 /D:1     /W-T6-1  /D:1     /W-T1-1  /D:1     /W-T6-1  /D:1     /W-T1-1  
/T5-T1-1 /T5-F0-1 /D:1     /W-T6-1  /D:1     /W-F3-1  /T3-F3-1 /T6-F3-1 /T1-F3-1 /D:2     
/W-F0-1  /T2-F0-1 /T0-F0-1 /T2-F1-1 /T0-F1-1 /T2-F2-1 /W-F0-1  /T0-F0-1 /T2-F1-1 /T2-F0-1 
/T0-F1-1 /T1-F0-1 /T2-F1-1 /T1-F1-1 /T2-F0-1 /T1-F0-1 /T2-F1-1 /T1-F1-1 /T6-T2-4 /T6-F0-1 
/T1-F0-1 /T6-F1-1 /D:1     /W-F2-1  /T2-F2-1 /T0-F2-1 /T2-F3-1 /T0-F3-1 /T2-F2-1 /T0-F2-1 
/T2-F3-1 /T0-F3-1 /T2-F2-1 /T0-F2-1 /T2-F3-1 
"
1010624,D#Yl#ecJ#ZVEQ#owCfK#zjRdXi#FSknGuA#rxqHBytPONvsWIMpgabhLTmU,157.000000,3655.000000,48.000000,0.607955,1,"
minimal: 0 / states: 121 / duration: 0.000135s
history:
/T6-F0-1 /T5-T2-1 /T6-T2-1 /T4-T1-1 /T4-T6-1 /T2-T5-3 /T4-T3-1 /T2-T0-1 /T0-T2-2 /D:1     
/W-T6-1  /T3-T6-2 /D:4     /W-F0-1  /T6-F0-1 /D:5     /W-F3-1  /W-F3-1  /W-F3-1  /T6-F3-1 
/D:3     /W-T1-1  /D:1     /W-T1-1  /D:1     /W-T0-1  /T1-T0-4 /D:2     /W-T5-1  /D:1     
/W-F1-1  /D:1     /W-F1-1  /T2-F1-1 /T2-F0-1 /T3-F0-1 /T3-T4-1 /D:1     /W-T0-1  /T6-T0-3 
/T6-F2-1 /T4-T6-2 /T4-F2-1 /W-F2-1  /W-T5-1  /T2-T5-1 /D:1     /W-T3-1  /T5-T3-7 /T5-F1-1 
/T5-F3-1 /T3-F1-1 /W-T5-1  /D:2     /W-T2-1  /D:1     /W-T5-1  /R       /D:1     /W-T1-1  
/T5-T1-3 /T1-T5-5 /D:1     /W-F2-1  /T0-F2-1 /T0-F1-1 /T3-F2-1 /T3-F1-1 /T0-T5-1 /T0-F1-1 
/T3-T6-1 /T3-F1-1 /D:2     /W-T2-1  /T6-T2-4 /T6-F3-1 /T6-F0-1 /T5-F0-1 /W-F0-1  /T0-F0-1 
/T3-F0-1 /T5-T0-2 /T5-F1-1 /T0-T5-3 /T0-F0-1 /T2-T3-3 /T2-F1-1 /T0-F1-1 /T3-T2-4 /T3-F0-1 
/T0-F0-1 /T2-T3-5 /T2-F1-1 /D:1     /W-F2-1  /T3-F2-1 /D:1     /W-F3-1  /T5-F3-1 /T3-F3-1 
/T5-F2-1 /T3-F2-1 /T5-F3-1 /T3-F3-1 /T5-F2-1 /T3-F2-1 /T5-F3-1 /T3-F3-1 /T5-F2-1 
"
1010635,Q#as#OVD#xkXn#mIWRw#iEKBbo#vjUFdcu#tLHYyGMfqSrhZJTgNlCAzePp,141.000000,3664.000000,45.000000,0.636842,1,"
minimal: 0 / states: 116 / duration: 0.000124s
history:
/T3-F2-1 /T5-F2-1 /T4-T3-1 /T4-T1-1 /T2-T1-1 /T6-T2-1 /T6-T1-1 /T2-T3-2 /D:15    /W-T3-1  
/T1-T3-4 /T1-F1-1 /T5-F1-1 /T5-T3-1 /T4-T5-1 /T4-T5-1 /D:2     /W-F3-1  /T2-F3-1 /D:2     
/W-T0-1  /D:1     /W-F0-1  /T3-F0-1 /T0-F0-1 /T3-F1-1 /T6-F1-1 /T3-F0-1 /D:1     /W-T1-1  
/W-T1-1  /T5-T1-3 /T5-F0-1 /T6-F0-1 /T6-T1-1 /D:1     /W-F1-1  /D:1     /W-F3-1  /T0-F3-1 
/T3-F3-1 /D:1     /W-F2-1  /R       /D:1     /W-T1-1  /D:1     /W-T4-1  /T3-T4-6 /D:1     
/W-T5-1  /D:3     /W-F0-1  /T5-F0-1 /D:1     /W-T0-1  /D:1     /W-F1-1  /D:1     /W-F2-1  
/D:1     /W-F3-1  /D:1     /W-F2-1  /T4-F2-1 /T1-F2-1 /T4-F3-1 /T1-F3-1 /T1-F0-1 /T4-F2-1 
/T4-F3-1 /T1-F3-1 /T6-T1-1 /T6-F2-1 /T4-F2-1 /T4-F3-1 /T3-T4-1 /T3-F2-1 /W-F2-1  /W-F3-1  
/T1-T0-3 /T1-F2-1 /D:2     /W-F3-1  /D:1     /W-F0-1  /D:1     /W-F1-1  /W-F1-1  /T5-F1-1 
/T0-F1-1 /T0-F0-1 /T4-F1-1 /T0-F1-1 /T4-F0-1 /T0-F0-1 /T4-F1-1 
"
1010638,N#HO#LTy#mfQV#tIJjY#vSewGd#PkrAMaC#nzghsDqXlicuoBZbxpRKEFUW,93.000000,2022.000000,41.000000,0.636364,1,"
minimal: 0 / states: 121 / duration: 0.000140s
history:
/T0-F3-1 /T1-F3-1 /T6-T5-1 /T6-F1-1 /T4-T6-1 /T6-T0-2 /T6-F0-1 /T5-T6-2 /T1-T3-1 /D:1     
/W-F2-1  /D:1     /W-T1-1  /D:1     /W-T3-1  /D:2     /W-T3-1  /D:3     /W-T2-1  /D:1     
/W-T1-1  /D:4     /W-F2-1  /D:1     /W-F0-1  /T6-F0-1 /D:2     /W-F1-1  /D:1     /W-T0-1  
/T4-T0-1 /T3-T4-4 /T4-T2-5 /T4-T0-1 /D:1     /W-F2-1  /D:1     /W-T2-1  /D:1     /W-T1-1  
/D:3     /W-T0-1  /T5-T0-1 /D:1     /W-T1-1  /R       /D:2     /W-F0-1  /D:1     /W-F2-1  
/D:1     /W-T5-1  /D:1     /W-F1-1  /T6-F1-1 /T6-F2-1 /T5-T6-2 /T5-F1-1 /T5-T0-1 /F2-T0-1 
/T3-T0-1 /T3-F1-1 /T2-T3-8 /T3-T2-2 /T3-F1-1 /T2-T3-3 /T6-T2-3 /T6-F3-1 /T0-F3-1 /T0-F2-1 
/T3-F3-1 /T3-F2-1 /T0-F3-1 /T4-F2-1 /T3-F3-1 /W-F1-1  /T2-F1-1 /T0-T1-3 /T0-F1-1 /D:1     
/W-F2-1  /T5-F2-1 /T2-F2-1 /T0-F2-1 /T2-F1-1 /T1-T0-5 /T1-F1-1 /T3-T2-4 /T3-F2-1 /T1-F2-1 
/T3-F1-1 /D:1     /W-T1-1  /T2-T1-5 /D:1     /W-F0-1  /D:1     /W-F0-1  /T0-F0-1 /T0-F3-1 
/T1-F0-1 /T0-F0-1 /T1-F3-1 /T0-F3-1 /T1-F0-1 /T0-F0-1 /T1-F3-1 /T0-F3-1 /T1-F0-1 /T0-F0-1 
/T1-F3-1 
"
1010654,u#Er#KDM#wiUe#Aybog#pFfjSc#mtNxaQs#PqYTGzCOIhXLkZJHVvlRndBW,108.500000,2031.000000,40.000000,0.678082,1,"
minimal: 0 / states: 119 / duration: 0.000144s
history:
/T6-T4-1 /T6-T1-1 /T6-F1-1 /T4-T0-2 /T3-T0-1 /T4-T5-1 /T4-F1-1 /D:2     /W-T0-1  /T5-T0-2 
/T1-T5-2 /D:1     /W-T2-1  /T6-T2-1 /T6-F3-1 /T5-T6-3 /T5-T2-1 /T6-T3-4 /T4-T6-1 /T4-F0-1 
/T2-T4-4 /W-T2-1  /T0-T2-1 /T0-F1-1 /T1-T5-1 /D:3     /W-T1-1  /D:1     /W-T3-1  /D:1     
/W-F3-1  /D:1     /W-T4-1  /T3-T4-6 /T0-T3-5 /D:2     /W-T6-1  /D:3     /W-T0-1  /D:1     
/W-T6-1  /T3-T6-6 /D:2     /W-T3-1  /W-T3-1  /D:2     /W-T1-1  /D:2     /W-F2-1  /T2-F2-1 
/T2-F3-1 /D:1     /W-F1-1  /D:1     /W-F0-1  /T4-F0-1 /T2-F0-1 /T4-F3-1 /T5-F0-1 /W-F3-1  
/T4-T5-1 /T4-F3-1 /T5-T4-2 /T5-F0-1 /T5-F2-1 /T6-F2-1 /T4-F2-1 /T6-F1-1 /T4-F1-1 /T6-F2-1 
/T4-F2-1 /T6-F1-1 /T6-F2-1 /W-F2-1  /T2-T1-1 /D:1     /W-T1-1  /R       /D:1     /W-F3-1  
/T4-F3-1 /T3-T6-1 /T3-F3-1 /T1-F3-1 /T3-F2-1 /T4-T1-2 /T4-F2-1 /D:1     /W-F0-1  /T6-F0-1 
/T1-F0-1 /D:1     /W-F1-1  /T6-F1-1 /T1-F1-1 /T6-F0-1 /T1-F0-1 /T6-F3-1 /T4-F3-1 /T0-F3-1 
/T6-F2-1 /T1-T4-1 /T1-F2-1 /D:1     /W-F0-1  /D:1     /W-F1-1  /T4-F1-1 /T4-F0-1 /T6-F1-1 
"
1010655,Y#Ve#Cky#uTdA#wXRZD#caPFpK#rSIbmOz#LjNGtxivhsoHMWlUQnEJgBfq,129.000000,2830.000000,54.000000,0.540816,1,"
minimal: 0 / states: 122 / duration: 0.000145s
history:
/T3-F0-1  /T5-T0-1  /T4-T1-1  /T5-T3-1  /T2-T4-1  /T1-T5-2  /T2-T4-1  /T0-T6-2  /T6-T0-3  /T6-T2-1  
/D:1      /W-T6-1   /D:1      /W-T0-1   /D:1      /W-F3-1   /T2-F3-1  /D:5      /W-T0-1   /D:1      
/W-T0-1   /D:3      /W-T1-1   /D:6      /W-F2-1   /D:2      /W-T4-1   /T1-T4-2  /T6-T1-2  /T6-T2-1  
/D:1      /W-T4-1   /T5-T4-3  /T5-F3-1  /T5-F1-1  /T2-F1-1  /T5-T4-1  /T4-T5-11 /T5-F1-1  /D:1      
/W-F0-1   /T2-F0-1  /T5-F0-1  /W-F0-1   /W-F3-1   /T4-F3-1  /T4-T1-1  /W-T6-1   /T4-T1-1  /D:2      
/W-T5-1   /R        /D:1      /W-T0-1   /D:1      /W-T6-1   /D:2      /W-T1-1   /D:2      /W-F2-1   
/T3-F2-1  /T3-F1-1  /T5-F2-1  /T5-F1-1  /T5-F0-1  /T0-F0-1  /W-T3-1   /D:1      /W-T2-1   /D:2      
/W-T2-1   /D:1      /W-F1-1   /T5-F1-1  /T3-T5-2  /T0-F1-1  /T1-F1-1  /T5-T3-2  /T5-F0-1  /T6-T0-2  
/T6-F0-1  /T6-F3-1  /T6-F2-1  /T3-F2-1  /T0-F2-1  /T3-F3-1  /T0-F3-1  /T3-F2-1  /T0-F2-1  /T0-F1-1  
/T5-F3-1  /T1-F2-1  /T5-F0-1  /T5-F1-1  /W-F3-1   /T0-F0-1  /T1-F3-1  /T1-F0-1  /W-F2-1   /T0-F3-1  
/T2-F1-1  /T2-F0-1  /T5-F2-1  /T0-F2-1  /T1-F1-1  /T5-F3-1  
"
1010677,I#sA#DYv#xeXB#wjftL#kRFPoz#gETMdWH#uchKVrGQnCSmOlqUiybaNJpZ,91.500000,1427.000000,49.000000,0.588608,1,"
minimal: 0 / states: 124 / duration: 0.000139s
history:
/T1-F0-1  /T3-F0-1  /T3-T4-1  /T3-T1-1  /D:3      /W-T0-1   /D:4      /W-T0-1   /D:2      /W-F2-1   
/D:1      /W-F0-1   /D:1      /W-T0-1   /D:3      /W-T5-1   /T3-T5-1  /T5-T3-3  /T5-F2-1  /D:1      
/W-T1-1   /T5-T1-1  /D:1      /W-T2-1   /D:4      /W-F1-1   /W-F1-1   /D:1      /W-F3-1   /D:1      
/W-T4-1   /D:1      /W-F2-1   /D:1      /R        /D:2      /W-F1-1   /D:2      /W-T4-1   /T6-T4-1  
/T6-T3-1  /T6-F1-1  /T2-T3-2  /T2-T6-1  /T2-F0-1  /T6-T2-2  /T5-T6-1  /T6-T4-2  /T6-F0-1  /T5-T4-1  
/T1-T4-2  /T1-F1-1  /T4-T1-3  /T4-F0-1  /W-T2-1   /T1-T4-4  /D:1      /W-T0-1   /D:1      /W-T0-1   
/D:1      /W-T1-1   /T4-T1-10 /T4-T3-1  /T4-F1-1  /T4-T2-1  /T6-F1-1  /T0-T3-3  /T0-F0-1  /T0-F1-1  
/T0-T2-1  /T4-T5-1  /D:1      /W-F3-1   /T1-F3-1  /T1-F2-1  /T3-F3-1  /T1-F3-1  /T3-F2-1  /T1-F2-1  
/T3-F3-1  /T1-F3-1  /T1-F0-1  /T3-F2-1  /T3-F3-1  /T2-F0-1  /W-F2-1   /T1-F3-1  /T3-F2-1  /T3-F3-1  
/T1-F0-1  /T1-F3-1  /T5-F2-1  /T3-F2-1  /T2-T3-2  /T2-F3-1  /T5-T1-1  /D:1      /W-F1-1   /T3-F1-1  
/T1-F1-1  /T3-F0-1  /T1-F0-1  /T3-F1-1  /T2-F0-1  /T1-F1-1  /D:1      /W-F2-1   /T3-F2-1  /D:1      
/W-F3-1   
"
1010701,s#pJ#uUY#tyFm#dCKzn#wvkcaV#SZfgANo#xiTHhBqWDlrLbPjOQGIERMXe,137.500000,1225.000000,47.000000,0.588889,1,"
minimal: 0 / states: 120 / duration: 0.000130s
history:
/T4-F2-1 /T6-F2-1 /T6-F3-1 /T6-F0-1 /T5-T1-1 /T5-F1-1 /T2-T4-1 /T0-T6-1 /T3-T0-1 /D:1     
/W-T4-1  /D:3     /W-T1-1  /T6-T1-2 /D:2     /W-F0-1  /D:2     /W-T4-1  /D:3     /W-T6-1  
/D:1     /W-T0-1  /D:1     /W-F1-1  /T5-F1-1 /T5-T0-1 /T1-T0-5 /T2-T5-1 /T5-T4-2 /T1-F2-1 
/T4-T1-6 /D:2     /W-T4-1  /D:1     /W-F3-1  /W-F3-1  /D:1     /W-F3-1  /D:1     /W-T1-1  
/T6-T1-2 /D:1     /W-T4-1  /D:2     /W-F3-1  /D:3     /W-T0-1  /R       /D:1     /W-T5-1  
/T2-T5-1 /T6-T2-1 /T6-F3-1 /D:1     /W-T5-1  /T3-T5-1 /T3-T2-1 /D:1     /W-T4-1  /T3-T4-1 
/D:1     /W-F2-1  /T1-F2-1 /T0-T5-1 /T0-F2-1 /T4-F2-1 /T5-T0-2 /T5-F3-1 /T5-F2-1 /T1-T4-2 
/T1-F3-1 /T1-F2-1 /T0-T5-4 /T0-F3-1 /T1-F3-1 /T5-T0-5 /T5-F2-1 /T1-F2-1 /T4-T1-6 /T4-F0-1 
/T4-F1-1 /T0-F1-1 /T1-F1-1 /T2-F2-1 /D:1     /W-F0-1  /D:2     /W-F0-1  /T0-F0-1 /T0-F1-1 
/T1-F0-1 /T0-F0-1 /T1-F1-1 /T0-F1-1 /T1-F0-1 /T0-F0-1 /T1-F1-1 /T0-F1-1 /T1-F0-1 /W-F1-1  
/T0-F0-1 /T0-F1-1 /D:1     /W-F0-1  /D:1     /W-F3-1  /T1-F3-1 /T1-F2-1 /T2-F3-1 
"
1010713,p#DK#WdJ#mxks#IuXlN#EhZgnO#FRqYaGP#fejziLtUCrbAVyvBwQHTcoSM,113.500000,1059.000000,41.000000,0.764368,1,"
minimal: 0 / states: 106 / duration: 0.000135s
history:
/T4-F3-1 /T5-F3-1 /T5-F2-1 /T6-F3-1 /T3-T5-1 /T2-T3-1 /T1-T4-1 /T0-T2-1 /D:1     /W-T6-1  
/D:1     /W-T5-1  /T1-T5-1 /D:1     /W-T4-1  /D:1     /W-T0-1  /T4-T0-3 /D:1     /W-T3-1  
/D:5     /W-T6-1  /T2-T6-2 /D:1     /W-T6-1  /D:1     /W-F0-1  /D:3     /W-T0-1  /D:1     
/W-F0-1  /D:1     /W-T4-1  /D:1     /W-F3-1  /D:1     /W-T3-1  /T5-T3-4 /T5-T1-1 /T6-T5-6 
/T6-F1-1 /T5-F1-1 /T5-T0-6 /W-T1-1  /T3-T1-8 /T3-T6-1 /W-T4-1  /W-F0-1  /T1-F0-1 /T5-F0-1 
/T2-T6-1 /D:2     /W-F1-1  /D:1     /W-F2-1  /T0-F2-1 /T0-F1-1 /T1-F1-1 /D:2     /W-T2-1  
/T6-T2-3 /T6-F2-1 /T0-F2-1 /T0-F1-1 /T6-F3-1 /T1-F2-1 /T6-F0-1 /T1-F1-1 /W-F3-1  /T0-F0-1 
/W-F3-1  /T1-F0-1 /T0-F1-1 /T1-F1-1 /W-F3-1  /W-F2-1  /W-T3-1  /T4-T3-3 /T4-F2-1 /T0-F2-1 
/T3-F3-1 /T3-F2-1 /T4-F0-1 /T0-F1-1 /T1-F0-1 /T1-F1-1 /T2-F3-1 /T0-F0-1 /T2-F2-1 /T0-F1-1 
/T3-F3-1 /T1-F2-1 /T2-F3-1 /T0-F2-1 /T3-F0-1 /T1-F3-1 /T2-F0-1 /T3-F1-1 
"
1010726,A#oL#ErR#nMJz#Fgeca#qysDfG#ZjCQBhY#kpHVKbUPdWNmItOxwviluTXS,115.000000,933.000000,42.000000,0.648148,1,"
minimal: 0 / states: 118 / duration: 0.000127s
history:
/T0-F0-1 /T4-F1-1 /T6-T3-1 /T5-T6-1 /T5-T6-1 /T3-T0-2 /T4-T5-1 /T5-T2-2 /T2-T5-3 /T2-T6-1 
/D:1     /W-T1-1  /T3-T1-1 /D:3     /W-T1-1  /W-T1-1  /D:1     /W-T0-1  /D:1     /W-F1-1  
/T5-F1-1 /D:2     /W-T5-1  /D:1     /W-F1-1  /T4-F1-1 /T5-T4-4 /T4-T1-5 /D:1     /W-T0-1  
/D:1     /W-F3-1  /D:2     /W-T0-1  /T6-T0-4 /T6-F0-1 /T6-T0-1 /T6-F0-1 /D:2     /W-F3-1  
/T1-F3-1 /T1-F0-1 /T0-F3-1 /T2-F0-1 /T3-T2-1 /T3-F2-1 /T1-F3-1 /T4-F0-1 /D:3     /W-T6-1  
/D:2     /W-T2-1  /D:3     /W-T5-1  /D:1     /W-F3-1  /W-F3-1  /R       /D:2     /W-F3-1  
/D:1     /W-T3-1  /T1-T3-7 /T1-F2-1 /W-F2-1  /D:2     /W-T2-1  /T6-T2-2 /T5-T6-2 /T5-F2-1 
/T0-F2-1 /T0-F1-1 /T0-F0-1 /T3-F2-1 /T3-F1-1 /T3-F0-1 /W-F2-1  /T0-F1-1 /T0-F0-1 /T3-F3-1 
/T0-F3-1 /T3-F0-1 /T0-F0-1 /T6-F3-1 /T0-F3-1 /T3-T6-1 /T3-F0-1 /T2-T0-4 /T2-F0-1 /T6-T3-2 
/T6-F3-1 /D:1     /W-T3-1  /D:1     /W-F1-1  /D:1     /W-F2-1  /T0-F2-1 /T0-F1-1 /T3-F2-1 
/T0-F2-1 /T3-F1-1 /T0-F1-1 /T3-F2-1 /T0-F2-1 /T3-F1-1 
"
1010730,M#av#DCN#VfBw#RhkLT#EHIsKu#QGmpdoW#SgeiJrqczObYlPxtnZjyFXAU,88.000000,871.000000,28.000000,0.794643,1,"
minimal: 0 / states: 112 / duration: 0.000132s
history:
/T2-F3-1 /T4-T5-1 /T1-T6-1 /T1-F1-1 /D:4     /W-T3-1  /T5-T3-2 /T6-T5-2 /D:5     /W-T1-1  
/D:1     /W-F3-1  /D:1     /W-F1-1  /W-F1-1  /D:1     /W-T0-1  /T5-T0-3 /T5-T3-1 /D:1     
/W-T1-1  /D:1     /W-F3-1  /D:1     /W-T1-1  /D:2     /W-F2-1  /T6-F2-1 /T6-F1-1 /T6-F2-1 
/T4-T6-1 /T3-T4-5 /T4-T6-6 /T4-T0-1 /T4-T6-1 /T6-T4-9 /T6-T0-1 /T2-T6-1 /F3-T2-1 /T3-T2-1 
/T3-T0-1 /T2-T4-3 /D:1     /W-T2-1  /D:1     /W-T1-1  /T5-T1-1 /T5-T3-1 /T5-T0-1 /T6-T0-2 
/D:1     /W-T2-1  /D:2     /W-T2-1  /D:1     /W-F0-1  /T4-F0-1 /T0-F0-1 /T4-F3-1 /T0-F3-1 
/T4-F0-1 /T0-F0-1 /T4-F3-1 /W-F0-1  /D:1     /W-T1-1  /W-T1-1  /W-F2-1  /W-F2-1  /T4-F2-1 
/T1-F2-1 /T4-T3-1 /T4-F2-1 /W-T2-1  /W-F1-1  /T0-F1-1 /W-F1-1  /W-F3-1  /T0-F0-1 /T0-F1-1 
/T3-F3-1 /T1-F3-1 /T0-F2-1 /T3-F0-1 /T1-F0-1 /T3-F3-1 /T0-F3-1 /T4-F1-1 /T1-F1-1 /T2-F0-1 
/T0-F0-1 /T4-F2-1 /T1-F2-1 /T2-F3-1 /T0-F3-1 /T4-F1-1 /T1-F1-1 /T2-F2-1 /T1-F2-1 /T4-F0-1 
/T0-F0-1 /T2-F3-1 /T4-F1-1 
"
1010733,L#ae#SoF#xwiA#hjrOH#tsUfBJ#vXDVPpk#TuIqZNclEyGRmCgYQWnMdKzb,126.000000,2850.000000,46.000000,0.640244,1,"
minimal: 0 / states: 121 / duration: 0.000134s
history:
/T3-F0-1 /T6-T0-1 /T5-T0-1 /T5-F0-1 /T4-T3-1 /T4-T6-1 /T3-T0-2 /T4-T5-1 /T1-T2-1 /T1-F1-1 
/D:1     /W-T0-1  /T2-T0-2 /D:2     /W-T4-1  /D:1     /W-T0-1  /D:1     /W-T1-1  /T0-T1-9 
/D:1     /W-F3-1  /T6-F3-1 /D:1     /W-T1-1  /T2-T1-1 /D:2     /W-T2-1  /D:4     /W-T0-1  
/D:1     /W-F0-1  /D:3     /W-T2-1  /T6-T2-1 /T6-F3-1 /T6-T3-1 /T6-F0-1 /T3-T6-2 /T4-T3-2 
/T2-T5-2 /T2-F0-1 /T4-T3-1 /D:2     /W-F2-1  /T1-F2-1 /T5-F2-1 /T5-F3-1 /D:1     /W-T4-1  
/D:1     /W-T5-1  /D:3     /W-F1-1  /T1-F1-1 /T1-F2-1 /T5-F1-1 /T1-F1-1 /T5-F2-1 /T5-F1-1 
/T1-F0-1 /R       /D:1     /W-T6-1  /D:1     /W-T4-1  /T3-T4-4 /D:1     /W-T0-1  /T6-T0-4 
/T5-T6-1 /T5-F2-1 /T5-F2-1 /T0-F2-1 /D:1     /W-F0-1  /D:1     /W-F3-1  /T2-F3-1 /T1-F3-1 
/T6-F3-1 /T0-F3-1 /T1-F0-1 /T6-F2-1 /T0-F2-1 /D:1     /W-F1-1  /T4-F1-1 /T1-F1-1 /T4-F0-1 
/T1-F0-1 /T4-F1-1 /T1-F1-1 /T4-F2-1 /T4-F1-1 /T0-T1-1 /T0-F2-1 /T0-F1-1 /D:1     /W-T4-1  
/D:1     /W-F3-1  /T1-F3-1 /T4-F3-1 /D:1     /W-F0-1  /T1-F0-1 /T1-F3-1 /T4-F0-1 /D:1     
/W-F2-1  
"
1010743,p#AN#Oql#zoET#FWeJP#fHMRmC#gVGDtyd#baKkwUYZXcQvSjhBIxisnruL,157.500000,1274.000000,55.000000,0.567961,1,"
minimal: 0 / states: 123 / duration: 0.000150s
history:
/T1-F3-1 /T1-F0-1 /T5-T6-1 /T5-T1-1 /D:1     /W-T0-1  /D:1     /W-F1-1  /T0-F1-1 /D:1     
/W-T2-1  /D:7     /W-F1-1  /D:4     /W-T2-1  /D:2     /W-F0-1  /T6-F0-1 /T6-F1-1 /T6-T1-1 
/D:1     /W-T2-1  /W-T2-1  /T6-T2-1 /T6-F0-1 /F0-T5-1 /T4-T5-1 /W-T2-1  /D:2     /W-T4-1  
/D:1     /W-T3-1  /T5-T3-3 /T2-T5-7 /T3-T2-1 /T3-F0-1 /T2-T3-2 /T2-F3-1 /T5-T2-8 /T3-T5-5 
/T3-F0-1 /T3-T5-1 /T5-T4-7 /T5-T6-1 /D:1     /W-F2-1  /T4-F2-1 /T0-F2-1 /T4-F3-1 /T4-F2-1 
/D:1     /W-F2-1  /D:2     /R       /D:1     /W-T1-1  /T4-T1-6 /T4-F1-1 /T6-F1-1 /D:3     
/W-T3-1  /D:1     /W-T0-1  /D:2     /W-F3-1  /T1-F3-1 /T1-F2-1 /T2-F3-1 /T2-F2-1 /T6-T2-1 
/T1-F3-1 /D:1     /W-T4-1  /D:1     /W-T3-1  /T4-T3-2 /T4-F0-1 /T2-F0-1 /T1-F0-1 /T2-T3-1 
/T2-F0-1 /D:1     /W-F2-1  /D:1     /W-T0-1  /W-T0-1  /W-F3-1  /T6-F3-1 /T6-F1-1 /T3-F1-1 
/T1-F1-1 /T1-F0-1 /T3-F2-1 /T2-F1-1 /T3-F3-1 /T2-F0-1 /W-F2-1  /T0-F3-1 /T1-F1-1 /T0-F0-1 
/T3-F2-1 /T1-F2-1 /T2-F1-1 /T1-F1-1 /T3-F3-1 /T0-F3-1 /T2-F0-1 /T3-F2-1 
"
1010748,Z#jo#gOc#DBpl#seiGz#SJQuNn#KIkvFVy#XYLrdhxMmTaqWAUwtHRbCfEP,154.000000,2331.000000,46.000000,0.623656,1,"
minimal: 0 / states: 118 / duration: 0.000136s
history:
/T5-F2-1 /T1-F2-1 /T5-F3-1 /T6-T0-1 /T3-T4-1 /T3-F2-1 /T5-T6-1 /T3-T2-1 /T2-T3-2 /T2-F3-1 
/T2-T6-1 /T4-T2-2 /D:1     /W-T0-1  /D:6     /W-T2-1  /T1-T2-1 /D:1     /W-T1-1  /D:3     
/W-F1-1  /D:1     /W-F2-1  /D:2     /W-F0-1  /T3-F0-1 /D:2     /W-T0-1  /T6-T0-3 /T6-T0-1 
/T6-T2-1 /W-T2-1  /T4-T2-1 /D:2     /W-T4-1  /D:1     /W-T0-1  /T3-T0-2 /D:1     /W-F1-1  
/T0-F1-1 /D:1     /W-F0-1  /T0-F0-1 /D:1     /W-T2-1  /D:1     /W-T2-1  /T5-T2-1 /T4-T5-2 
/T5-T6-3 /D:1     /W-F3-1  /T2-F3-1 /T0-F3-1 /T4-T0-1 /T2-F0-1 /T5-F3-1 /T0-T4-1 /T0-F0-1 
/T4-T0-2 /R       /D:1     /W-T1-1  /D:2     /W-F2-1  /D:1     /W-F1-1  /T0-F1-1 /T0-F2-1 
/T2-F1-1 /T0-F1-1 /T2-F0-1 /T6-F0-1 /D:1     /W-F1-1  /T6-F1-1 /D:1     /W-T3-1  /W-T3-1  
/T6-T3-2 /T6-F0-1 /T3-F0-1 /T6-F0-1 /D:1     /W-F3-1  /T2-F3-1 /D:2     /W-F2-1  /T0-F2-1 
/T0-F3-1 /T2-F2-1 /T0-F2-1 /T2-F1-1 /T3-F1-1 /W-F3-1  /T0-F3-1 /T2-F2-1 /T0-F2-1 /T1-F3-1 
/T2-F1-1 /T2-F2-1 /T3-F0-1 /T0-F3-1 /T1-F0-1 /T3-F1-1 
"
1010757,z#HS#hEU#RDqO#IgkLK#isnYcb#mfxGrwa#VtoXFCdZNQvTjupelJyWMBPA,165.000000,3424.000000,40.000000,0.712766,1,"
minimal: 0 / states: 110 / duration: 0.000135s
history:
/T6-F1-1 /T5-F1-1 /T5-F1-1 /T4-T5-1 /T5-T0-2 /T5-F2-1 /D:1     /W-T6-1  /D:1     /W-T2-1  
/T1-T2-1 /T1-T6-1 /D:1     /W-F2-1  /D:1     /W-T4-1  /T6-T4-3 /T6-T2-1 /D:3     /W-F1-1  
/D:1     /W-T1-1  /T4-T1-5 /D:1     /W-F3-1  /T3-F3-1 /D:1     /W-T2-1  /W-T2-1  /D:2     
/W-T1-1  /T5-T1-1 /D:1     /W-T0-1  /W-T0-1  /T2-T0-6 /D:1     /W-T5-1  /D:1     /W-F2-1  
/T3-F2-1 /T0-T2-2 /T0-F2-1 /T2-T0-3 /T6-T2-1 /T1-F2-1 /T0-T2-4 /T0-F2-1 /T5-F2-1 /W-T1-1  
/D:1     /W-T1-1  /T3-T1-1 /T1-T3-1 /T1-F1-1 /T3-T1-2 /D:2     /W-T4-1  /T5-T4-1 /D:2     
/W-T6-1  /D:1     /W-T3-1  /D:2     /W-F3-1  /D:1     /W-F0-1  /W-F0-1  /T2-F0-1 /T1-F0-1 
/T2-F3-1 /T1-F3-1 /T2-F0-1 /T1-F0-1 /T2-F3-1 /T1-F3-1 /T0-F3-1 /T0-F2-1 /T2-F0-1 /T1-F0-1 
/T1-F3-1 /T1-F2-1 /T6-F3-1 /T6-F2-1 /T6-F1-1 /W-T6-1  /T4-T6-3 /T4-F1-1 /T2-F1-1 /T4-F0-1 
/T6-F1-1 /T0-F1-1 /T6-F0-1 /T0-F0-1 /T1-F3-1 /T0-F3-1 /T6-F1-1 /T1-F0-1 /T6-F2-1 /T1-F3-1 
/W-F1-1  /T0-F2-1 /T3-F0-1 /T6-F1-1 
"
1010761,z#bT#KuN#sUdC#hcIpY#JnyZmO#iPvMowa#qGlAkrgFQHfRXjxVDBeESLtW,95.000000,1034.000000,42.000000,0.712329,1,"
minimal: 0 / states: 120 / duration: 0.000136s
history:
/T2-F3-1 /T5-F3-1 /T6-F1-1 /T4-T0-1 /T1-T2-1 /T1-F1-1 /T5-T1-1 /D:4     /W-F0-1  /D:4     
/W-T2-1  /D:4     /W-T2-1  /D:3     /W-T0-1  /W-T0-1  /D:1     /W-T6-1  /T2-T6-4 /D:1     
/W-T6-1  /D:1     /W-F0-1  /T3-F0-1 /T4-T3-1 /T4-T0-1 /T4-F1-1 /T4-T0-1 /T5-T4-1 /T5-T1-1 
/T5-F2-1 /W-T1-1  /T6-T1-7 /T6-F2-1 /T3-F2-1 /T3-F1-1 /T1-F0-1 /D:1     /W-F1-1  /W-F1-1  
/D:1     /W-F0-1  /D:2     /W-T4-1  /D:1     /W-T0-1  /W-T0-1  /D:1     /W-T2-1  /R       
/D:1     /W-F2-1  /D:1     /W-T3-1  /D:1     /W-T6-1  /T2-T6-2 /T6-T2-4 /T6-T2-1 /T6-F3-1 
/T3-T2-2 /T1-T3-1 /T1-F0-1 /T2-F0-1 /T3-T1-2 /T6-T5-1 /D:1     /W-T4-1  /T5-T4-2 /D:1     
/W-F2-1  /D:1     /W-F1-1  /T0-T2-2 /T0-F1-1 /T4-F1-1 /D:1     /W-F3-1  /T1-F3-1 /T1-F2-1 
/T2-F3-1 /T1-F3-1 /T2-F2-1 /T1-F2-1 /T2-F3-1 /T2-F2-1 /T1-F3-1 /T1-F2-1 /T2-F3-1 /T1-F3-1 
/T0-T2-2 /T0-F2-1 /T0-F3-1 /T1-F2-1 /T0-F2-1 /T4-T1-3 /T4-F3-1 /D:1     /W-F0-1  /T2-F0-1 
/T1-F0-1 /T2-F1-1 /T1-F1-1 /T2-F0-1 /T1-F0-1 /T2-F1-1 /T1-F1-1 /T2-F0-1 
"
1010771,I#fw#kLH#JOMP#mjVqb#lthZvD#XrBAcag#uQdzECKSpiRGFysYNeWUnoxT,84.000000,1385.000000,32.000000,0.756579,1,"
minimal: 0 / states: 113 / duration: 0.000129s
history:
/T6-T2-1  /T6-F1-1  /T4-F1-1  /T6-F1-1  /T6-F0-1  /T6-F0-1  /T3-T4-1  /D:2      /W-T6-1   /D:1      
/W-F1-1   /D:3      /W-F0-1   /T5-F0-1  /W-F0-1   /D:3      /W-T6-1   /D:1      /W-T1-1   /T2-T1-2  
/D:3      /W-F0-1   /W-F0-1   /D:2      /W-T1-1   /D:1      /W-T3-1   /D:1      /W-F3-1   /D:1      
/W-T1-1   /T4-T1-2  /D:2      /W-T0-1   /D:1      /W-F2-1   /D:1      /W-F2-1   /T6-F2-1  /D:1      
/W-T3-1   /W-T3-1   /T5-T3-1  /T2-T5-1  /T1-T2-8  /T6-T1-2  /T2-T5-9  /T5-T2-11 /T5-T3-1  /T5-T0-1  
/T1-T0-3  /T3-T1-6  /T3-F3-1  /T2-F3-1  /T0-F3-1  /T2-F2-1  /T0-F2-1  /T2-F1-1  /T0-F1-1  /T4-T3-1  
/T2-F2-1  /T2-F1-1  /T0-F2-1  /T1-F1-1  /T2-F0-1  /T2-F1-1  /T4-F1-1  /T0-T1-1  /T0-F0-1  /T2-T6-1  
/T2-F1-1  /T5-F1-1  /T4-F1-1  /T3-T6-1  /T3-F0-1  /T6-T2-3  /D:1      /R        /D:1      /W-F2-1   
/D:1      /W-T0-1   /D:1      /W-F0-1   /D:2      /W-F3-1   /W-F3-1   /D:2      /W-F3-1   /T1-F3-1  
/T1-F2-1  /T2-F3-1  /T1-F3-1  /T2-F2-1  /T1-F2-1  /T2-F3-1  /T1-F3-1  /T2-F0-1  /T1-F0-1  /W-F2-1   
/T0-F2-1  /T2-F3-1  
"
1010774,k#Gy#sUq#vYNn#PIoXi#bSHmCc#QOKzRBw#aujgeJTrFhdLWptVfElxDAMZ,72.000000,990.000000,28.000000,0.803922,1,"
minimal: 0 / states: 119 / duration: 0.000125s
history:
/T3-F2-1 /T3-F3-1 /T6-T0-1 /T5-T2-1 /T6-T2-1 /T4-T0-1 /T4-T1-1 /T4-F2-1 /T2-T6-3 /T2-T4-1 
/T6-T2-4 /T3-T6-1 /D:1     /W-F1-1  /D:1     /W-T0-1  /D:2     /W-T0-1  /T2-T0-5 /T6-T2-2 
/T6-T2-1 /T6-F3-1 /T5-T6-1 /T1-T5-2 /T1-T4-1 /T5-T1-3 /W-T2-1  /T4-T2-3 /T4-F3-1 /D:2     
/W-T1-1  /D:1     /W-T5-1  /D:2     /W-T5-1  /D:1     /W-T3-1  /D:4     /W-F2-1  /D:1     
/W-T3-1  /D:1     /W-T1-1  /T5-T1-3 /T5-T2-1 /T5-F1-1 /D:1     /W-T3-1  /D:1     /W-T2-1  
/T6-T2-2 /D:4     /W-F0-1  /T0-F0-1 /T0-F1-1 /T0-F2-1 /T2-F0-1 /T2-F3-1 /W-F0-1  /T0-F3-1 
/T2-F0-1 /T1-F0-1 /T2-F3-1 /T1-F3-1 /T2-F0-1 /T1-F0-1 /T2-F3-1 /T1-F3-1 /T2-F0-1 /T1-F0-1 
/T3-T2-4 /D:1     /W-T3-1  /D:1     /W-T4-1  /R       /D:1     /W-T0-1  /D:1     /W-F2-1  
/D:1     /W-F1-1  /T0-F1-1 /T0-F2-1 /T2-F1-1 /T0-F1-1 /T2-F2-1 /T0-F2-1 /T2-F1-1 /T0-F1-1 
/T2-F2-1 /T0-F2-1 /T2-F1-1 /T0-F1-1 /T2-F0-1 /D:1     /W-F0-1  /T3-F0-1 /D:1     /W-F3-1  
/T1-F3-1 /T2-F3-1 /T4-F3-1 /D:1     /W-F1-1  /D:1     /W-F2-1  /T1-F2-1 /T1-F1-1 /T2-F2-1 
"
1010782,Z#qe#Uyz#KYiu#WNxBl#FoDcVn#EvIjJPs#pmChTRwaMkOtrAXfQLdGHgSb,127.000000,2302.000000,48.000000,0.565476,1,"
minimal: 0 / states: 130 / duration: 0.000139s
history:
/T5-F2-1 /T4-T2-1 /T3-T5-1 /T1-T6-1 /T1-T6-1 /T2-T1-2 /T2-T0-1 /D:5     /W-T5-1  /T6-T5-3 
/T6-T5-1 /T5-T6-7 /T4-T5-1 /T4-T1-1 /T4-F3-1 /T4-T1-1 /D:3     /W-F1-1  /D:1     /W-T4-1  
/D:1     /W-T0-1  /T6-T0-8 /D:1     /W-F3-1  /T0-F3-1 /T5-T0-2 /D:1     /W-T2-1  /D:2     
/W-F0-1  /T0-F0-1 /D:2     /W-T2-1  /D:1     /W-F3-1  /D:4     /W-T3-1  /D:1     /W-T3-1  
/D:2     /W-F1-1  /T0-F1-1 /R       /D:3     /W-F0-1  /T5-F0-1 /T5-F2-1 /T5-T3-1 /W-T5-1  
/W-F2-1  /T0-F2-1 /D:2     /W-F3-1  /D:2     /W-F2-1  /T0-T3-1 /T0-F2-1 /D:2     /W-T5-1  
/W-T5-1  /W-T5-1  /T3-T5-5 /T3-T4-1 /T6-T3-1 /T6-T1-1 /T6-T3-1 /T6-F0-1 /W-T1-1  /T2-T3-3 
/T3-T4-6 /D:1     /W-F1-1  /T5-F1-1 /T4-F1-1 /T5-F0-1 /T5-F1-1 /T1-F1-1 /T4-F2-1 /T0-T5-1 
/T0-F2-1 /T4-T1-1 /T4-F2-1 /T5-T0-2 /T5-F1-1 /T4-F1-1 /T5-F2-1 /T0-T5-4 /T0-F1-1 /T1-T4-3 
/T1-F2-1 /T0-F2-1 /T1-F1-1 /T1-F2-1 /T5-T0-6 /T5-F1-1 /D:1     /W-F0-1  /D:1     /W-F3-1  
/T0-F3-1 /T0-F0-1 /T4-F3-1 /T0-F3-1 /T4-F0-1 /T0-F0-1 /T4-F3-1 /T0-F3-1 /T4-F0-1 /T0-F0-1 
/T4-F3-1 /T0-F3-1 /T4-F0-1 
"
1010785,a#fJ#TSl#cXKn#wysRg#HEijob#IWtCYez#qMkQODVudNmxGZLPBpUrAFhv,114.000000,1924.000000,44.000000,0.686813,1,"
minimal: 0 / states: 118 / duration: 0.000137s
history:
/T0-F1-1 /T3-F2-1 /T5-F1-1 /T5-F2-1 /T6-T0-1 /T5-T3-1 /T2-T0-1 /T3-T0-2 /T5-T1-1 /T1-T3-2 
/T5-T1-1 /T4-T5-1 /T5-T3-2 /D:1     /W-T4-1  /D:1     /W-T5-1  /D:2     /W-T1-1  /D:2     
/W-T6-1  /D:4     /W-F3-1  /D:6     /W-T4-1  /D:1     /W-T4-1  /D:1     /W-F2-1  /T4-T6-2 
/T4-F2-1 /D:2     /W-F2-1  /D:1     /W-F0-1  /T6-F0-1 /D:1     /W-T3-1  /T6-T3-3 /T6-T5-1 
/T6-F0-1 /T2-T6-1 /D:2     /W-T0-1  /W-T0-1  /T6-T0-2 /R       /D:2     /W-F3-1  /T3-F3-1 
/T1-F3-1 /T4-F3-1 /T4-F2-1 /T3-T4-8 /T3-F1-1 /T4-F0-1 /T0-F3-1 /T0-F2-1 /T1-F0-1 /T2-F3-1 
/D:2     /W-F2-1  /D:1     /W-F1-1  /T4-F1-1 /T1-F1-1 /T4-F0-1 /T4-F1-1 /T0-F1-1 /T0-F2-1 
/D:1     /W-T1-1  /T4-T1-5 /T4-F2-1 /D:1     /W-T5-1  /T6-T5-1 /T6-T0-1 /D:1     /W-F0-1  
/T1-F0-1 /T1-F1-1 /T0-F0-1 /T0-F1-1 /T1-F0-1 /T0-F0-1 /D:1     /W-T2-1  /D:1     /W-F0-1  
/D:1     /W-F3-1  /W-F3-1  /T5-F3-1 /T1-F3-1 /T5-F2-1 /T5-F3-1 /W-F1-1  /T0-F1-1 /T1-F2-1 
/T0-F2-1 /T1-F1-1 /T2-F3-1 /T5-F0-1 
"
1010792,A#WJ#lSY#TdQX#uPBrm#UjcoDh#qiOfwLp#NHMbxVaGyKgEZnItkReCzvsF,111.500000,1981.000000,48.000000,0.641026,1,"
minimal: 0 / states: 127 / duration: 0.000148s
history:
/T0-F0-1 /T4-T0-1 /T1-T3-1 /D:1     /W-F3-1  /D:3     /W-T6-1  /D:1     /W-T2-1  /T1-T2-1 
/W-T1-1  /T2-T1-3 /T4-T2-1 /T4-F0-1 /D:1     /W-T3-1  /W-T3-1  /D:1     /W-F1-1  /T6-F1-1 
/D:1     /W-T5-1  /T2-T5-2 /D:1     /W-T0-1  /T3-T0-4 /T6-T3-1 /T3-T5-2 /D:1     /W-T2-1  
/D:1     /W-T0-1  /D:3     /W-F2-1  /D:1     /W-T1-1  /T5-T1-6 /T4-T5-1 /D:2     /W-T6-1  
/D:3     /W-F0-1  /D:3     /W-T0-1  /D:1     /R       /D:4     /W-T0-1  /T5-T0-2 /T5-F2-1 
/T5-F1-1 /T3-F1-1 /T5-T2-1 /T1-F2-1 /W-T5-1  /T3-T4-1 /W-T3-1  /T6-T3-2 /T6-T3-1 /T6-T5-1 
/T6-F3-1 /T0-F3-1 /T0-F0-1 /T1-F3-1 /W-F0-1  /T6-T3-1 /T6-F2-1 /T0-F3-1 /T1-F2-1 /T1-F3-1 
/T0-F2-1 /T4-F3-1 /T5-T1-1 /T5-F2-1 /T4-F2-1 /T5-F3-1 /T0-T3-2 /T0-F3-1 /T1-T2-4 /T1-F3-1 
/D:1     /W-F1-1  /T2-F1-1 /T3-F1-1 /D:1     /W-T4-1  /T2-T4-6 /D:1     /W-F2-1  /T3-T0-2 
/T3-F2-1 /T1-F2-1 /T0-T3-3 /T0-F3-1 /T0-F2-1 /T1-F3-1 /T3-T0-5 /T3-F3-1 /T4-T1-6 /T4-F2-1 
/D:1     /W-F0-1  /T1-F0-1 /T0-F0-1 /T1-F1-1 /T0-F1-1 /T1-F0-1 /T0-F0-1 /T1-F1-1 /T0-F1-1 
/T1-F0-1 /T0-F0-1 /T1-F1-1 /T0-F1-1 /T1-F0-1 
"
1010795,O#zj#rQl#JFbt#SymKn#xvGeBa#iUDdkMh#PRIHqgZNYpLoCwXWuVcsETfA,142.500000,1332.000000,45.000000,0.629032,1,"
minimal: 0 / states: 116 / duration: 0.000133s
history:
/T4-F2-1  /T5-F1-1  /T3-T6-1  /T3-F1-1  /T4-T2-1  /T1-T2-1  /T2-T1-3  /D:2      /W-T3-1   /D:1      
/W-T1-1   /T6-T1-2  /D:2      /W-T3-1   /D:3      /W-F3-1   /T0-F3-1  /T6-T0-1  /D:1      /W-T0-1   
/D:1      /W-T2-1   /D:1      /W-T4-1   /T6-T4-1  /D:1      /W-F2-1   /T2-F2-1  /T3-F2-1  /D:1      
/W-T2-1   /D:1      /W-T4-1   /D:4      /W-T4-1   /W-T4-1   /D:1      /W-F1-1   /T6-F1-1  /T6-T3-1  
/D:3      /W-T4-1   /T3-T4-3  /D:1      /W-T1-1   /W-T1-1   /T2-T1-2  /T2-F2-1  /T4-T2-10 /W-F2-1   
/D:1      /W-F0-1   /T5-F0-1  /T1-F0-1  /T5-F1-1  /T5-T6-1  /T6-T5-2  /T2-F0-1  /T1-T5-3  /T1-F2-1  
/T6-T3-1  /R        /D:1      /W-F3-1   /T5-F3-1  /T2-F3-1  /T5-F0-1  /T2-F0-1  /T5-F1-1  /T5-F0-1  
/D:1      /W-F0-1   /D:1      /W-F1-1   /T1-F1-1  /T1-F0-1  /T5-T1-2  /T3-F1-1  /T3-F0-1  /T1-T5-3  
/T1-F0-1  /T2-T4-5  /T2-F0-1  /T4-T2-6  /T4-F3-1  /T2-F3-1  /T2-F2-1  /T5-F3-1  /T2-F3-1  /T5-F2-1  
/T2-F2-1  /T5-F1-1  /T2-F1-1  /T1-F1-1  /T5-F2-1  /T2-F2-1  /T2-F1-1  /T1-F2-1  /D:1      /W-T1-1   
/D:2      /W-F3-1   /W-F3-1   /T0-F3-1  /T0-F0-1  /T1-F3-1  
"
1010798,K#wt#jTg#HeBa#pQPCI#klbAXN#zyvUOrs#ZxoDLqiJEWcSmhFVYMfRudnG,99.000000,1561.000000,45.000000,0.681159,1,"
minimal: 0 / states: 126 / duration: 0.000137s
history:
/T3-F1-1 /T5-F3-1 /T6-T2-1 /D:8     /W-T5-1  /W-T5-1  /D:2     /W-T0-1  /T4-T0-1 /D:2     
/W-T1-1  /T6-T1-1 /T6-F3-1 /T6-T0-1 /T1-T0-3 /D:2     /W-T6-1  /D:2     /W-T1-1  /D:4     
/W-T2-1  /D:1     /W-T1-1  /T2-T1-3 /D:1     /W-T0-1  /T4-T0-1 /T4-F3-1 /T4-F3-1 /T1-F3-1 
/D:1     /W-F2-1  /D:1     /W-T6-1  /W-T6-1  /T0-T6-3 /T0-F3-1 /T2-F3-1 /T6-T2-7 /T5-T6-3 
/T5-F0-1 /T3-F0-1 /T5-F1-1 /T2-F0-1 /T3-T1-1 /T0-T5-5 /W-T0-1  /T5-T0-6 /T1-T5-6 /T3-T6-1 
/T4-T2-1 /R       /D:1     /W-T1-1  /T6-T1-5 /D:2     /W-F2-1  /T2-F2-1 /D:1     /W-F0-1  
/D:2     /W-F2-1  /D:1     /W-F0-1  /D:1     /W-F1-1  /T2-F1-1 /T2-F2-1 /T5-F1-1 /T2-F1-1 
/T5-F2-1 /T0-F2-1 /T0-F3-1 /T5-F1-1 /T5-F2-1 /T5-F3-1 /T2-T0-2 /T2-F2-1 /T5-F2-1 /T0-T2-3 
/T0-F3-1 /T1-T5-3 /T1-F3-1 /T2-T0-4 /T5-T1-4 /D:1     /W-T2-1  /W-T2-1  /W-F2-1  /T1-T2-4 
/T1-F2-1 /T6-F2-1 /D:1     /W-F0-1  /T0-F0-1 /T0-F1-1 /T2-F0-1 /T0-F0-1 /T2-F1-1 /T0-F1-1 
/T2-F0-1 /T0-F0-1 /T2-F1-1 /T0-F1-1 /T2-F0-1 /T2-F1-1 /T0-F0-1 /D:1     /W-F3-1  /T1-F3-1 
"
1010800,H#Im#DcW#jFla#ktbNg#qyMQoL#KzdepXs#hTwGCAZVvniuORUSxfJrYEPB,112.000000,1120.000000,38.000000,0.664286,1,"
minimal: 0 / states: 120 / duration: 0.000129s
history:
/T3-F1-1 /T6-T4-1 /T5-T1-1 /T6-T1-1 /T4-T0-2 /T4-F3-1 /T4-F1-1 /D:3     /W-T1-1  /D:3     
/W-F0-1  /D:2     /W-T1-1  /T0-T1-3 /T1-T0-8 /T1-T2-1 /W-T1-1  /D:2     /W-F2-1  /T5-F2-1 
/T6-F2-1 /T6-T0-1 /D:3     /W-F3-1  /D:2     /W-T2-1  /T4-T2-1 /D:1     /W-T2-1  /D:1     
/W-T3-1  /T2-T3-5 /T2-F1-1 /T6-F1-1 /T3-T6-7 /T2-T0-1 /T6-T2-8 /W-T3-1  /T0-T3-1 /T0-F1-1 
/D:1     /W-F1-1  /D:1     /W-T4-1  /D:1     /W-T2-1  /T5-T2-1 /D:1     /W-T5-1  /T6-T5-1 
/T5-T6-3 /T5-T1-1 /T5-F2-1 /T4-T1-2 /D:2     /W-F3-1  /T2-F3-1 /T2-F2-1 /T0-F2-1 /T3-T0-3 
/W-T2-1  /T3-T6-1 /D:1     /W-F0-1  /R       /D:4     /W-F0-1  /T0-F0-1 /T0-F3-1 /T2-F0-1 
/T0-F0-1 /T0-F1-1 /T2-F3-1 /T2-F2-1 /W-F0-1  /W-F3-1  /T0-F0-1 /T2-F3-1 /W-F1-1  /T2-F0-1 
/T0-F3-1 /T1-F0-1 /T2-F3-1 /T0-T1-1 /T0-F3-1 /T6-T2-1 /T6-F0-1 /T0-F0-1 /T6-F3-1 /T6-F0-1 
/T1-T0-3 /T1-F3-1 /D:1     /W-T2-1  /D:1     /W-F1-1  /D:1     /W-F2-1  /T2-F2-1 /T0-F2-1 
/T2-F1-1 /T0-F1-1 /T2-F2-1 /T0-F2-1 /T2-F1-1 /T0-F1-1 /T2-F2-1 
"
1010813,l#MU#bnA#jOGp#uNLSx#eYrRJF#HgQhtmE#XcTqwPZfvkKyDIdaCWziVBos,146.500000,2097.000000,52.000000,0.594737,1,"
minimal: 0 / states: 126 / duration: 0.000141s
history:
/T2-F0-1 /T2-F2-1 /T4-T0-1 /T6-T4-1 /T2-T3-1 /T6-T2-1 /T6-T1-1 /T4-T1-2 /T4-T2-1 /T4-F3-1 
/D:1     /W-T2-1  /D:2     /W-T4-1  /T5-T4-1 /T5-T2-1 /T5-T4-1 /D:1     /W-T4-1  /W-T4-1  
/D:11    /W-T1-1  /T3-T1-2 /T3-T6-1 /T3-F3-1 /W-T3-1  /T6-T3-2 /T6-T5-1 /T3-T0-4 /D:1     
/W-F1-1  /T1-F1-1 /T4-F1-1 /T1-T5-1 /T1-F1-1 /D:3     /W-T3-1  /T0-T3-6 /D:1     /W-T2-1  
/T4-T2-5 /D:2     /W-F0-1  /D:1     /W-F2-1  /T5-F2-1 /T2-F2-1 /T5-T1-1 /T5-F2-1 /D:1     
/W-F2-1  /T1-T3-3 /T1-F2-1 /R       /D:2     /W-F3-1  /T3-F3-1 /T2-F3-1 /D:1     /W-T0-1  
/D:4     /W-T5-1  /D:1     /W-T0-1  /W-T0-1  /D:2     /W-F0-1  /W-F0-1  /T3-F0-1 /T3-F3-1 
/T2-F0-1 /T2-F3-1 /T1-F3-1 /T5-T1-2 /T5-F1-1 /T6-T2-1 /T3-F0-1 /T6-F0-1 /D:1     /W-T1-1  
/W-T1-1  /W-F1-1  /T2-F1-1 /T2-F2-1 /T3-F1-1 /T1-F2-1 /T2-F1-1 /T3-F0-1 /T3-F1-1 /T0-F1-1 
/T2-F0-1 /W-F2-1  /T3-F2-1 /T0-F2-1 /T3-F1-1 /T3-F2-1 /T2-T0-2 /T2-F1-1 /D:1     /W-F3-1  
/T1-F3-1 /T0-F3-1 /T1-F0-1 /T0-F0-1 /T1-F3-1 /T0-F3-1 /T1-F0-1 
"
1010826,W#xA#wCB#fZHq#yUeGd#uhYabz#gtlOLpN#TKJXnociSQRvrPMIjmVskDEF,96.000000,616.000000,30.000000,0.805085,1,"
minimal: 0 / states: 114 / duration: 0.000119s
history:
/T1-F0-1 /T2-F0-1 /T6-F3-1 /T2-F0-1 /T6-T4-1 /T0-T1-1 /T5-T0-1 /T5-T4-1 /T5-F1-1 /T4-F1-1 
/T5-T0-1 /T1-T0-2 /D:4     /W-T6-1  /W-T6-1  /D:1     /W-F2-1  /D:1     /W-F2-1  /T4-F2-1 
/T3-F2-1 /D:1     /W-F1-1  /T4-F1-1 /T4-T5-1 /T4-F1-1 /D:1     /W-T2-1  /T3-T2-1 /T6-T3-3 
/T6-F3-1 /T3-T1-4 /T3-F1-1 /W-T6-1  /W-T2-1  /D:1     /W-T5-1  /D:3     /W-T0-1  /T4-T0-1 
/D:1     /W-F2-1  /D:1     /W-F3-1  /D:1     /W-T3-1  /T6-T3-2 /T6-T0-1 /T6-F1-1 /D:2     
/W-T3-1  /W-T3-1  /T5-T3-3 /D:1     /W-T6-1  /T4-T6-1 /D:1     /W-T1-1  /T5-T1-1 /D:1     
/W-F2-1  /T0-F2-1 /T1-F2-1 /T3-T0-2 /T3-F1-1 /T0-T3-3 /T0-F2-1 /T2-T1-2 /T2-F1-1 /T2-F2-1 
/T3-T0-4 /T3-F1-1 /T0-T3-5 /T0-F2-1 /T6-F2-1 /D:1     /W-F1-1  /T3-T0-6 /T3-F1-1 /T6-F1-1 
/T0-T3-7 /T0-F2-1 /D:1     /W-F0-1  /D:1     /W-F0-1  /D:1     /W-F0-1  /R       /D:1     
/W-F3-1  /D:1     /W-F3-1  /T3-F3-1 /T1-F3-1 /T3-F0-1 /T1-F0-1 /T3-F3-1 /T1-F3-1 /T3-F0-1 
/T1-F0-1 /T3-F3-1 /T1-F3-1 /T3-F0-1 /T1-F0-1 /T3-F3-1 /T1-F3-1 /T3-F0-1 
"
1010839,y#uD#XOq#BiUz#Msbkx#fdCGYP#cREQLwa#TAJmgjZrhHnptIvSKeVFloNW,77.000000,827.000000,37.000000,0.750000,1,"
minimal: 0 / states: 127 / duration: 0.000131s
history:
/T6-F1-1 /T5-T1-1 /T4-T5-1 /T6-T4-1 /T5-T3-2 /T4-T0-2 /T4-F1-1 /D:2     /W-F0-1  /D:4     
/W-T3-1  /D:5     /W-F2-1  /D:3     /W-T3-1  /D:2     /W-T5-1  /D:2     /W-T4-1  /T2-T4-1 
/D:1     /W-T0-1  /D:3     /W-F2-1  /D:1     /W-F3-1  /T2-F3-1 /T2-T6-1 /T3-T2-5 /T5-T3-2 
/T3-T2-3 /T1-F3-1 /D:1     /R       /D:2     /W-T6-1  /T3-T6-1 /T3-F0-1 /T5-F0-1 /T1-F0-1 
/W-T1-1  /T4-T1-3 /T1-T0-5 /D:1     /W-T1-1  /T6-T1-4 /T6-F3-1 /T6-F0-1 /T6-F3-1 /T6-F1-1 
/T5-F1-1 /T2-F3-1 /T5-T2-1 /D:2     /W-T3-1  /T0-T3-9 /D:1     /W-T2-1  /D:2     /W-T1-1  
/D:1     /W-F2-1  /T3-F2-1 /T2-F2-1 /T3-F1-1 /T2-F1-1 /T3-F2-1 /T3-F3-1 /D:1     /W-F2-1  
/T3-F2-1 /D:1     /W-F2-1  /D:2     /W-F0-1  /T2-F0-1 /T2-F3-1 /T1-F0-1 /T3-F3-1 /T2-F0-1 
/T3-F2-1 /D:1     /W-T4-1  /W-T4-1  /T2-T4-1 /T2-F2-1 /D:1     /W-F3-1  /T1-T3-2 /T1-F3-1 
/T2-F3-1 /T3-T1-3 /T3-F2-1 /T2-F2-1 /T3-F3-1 /R       /D:1     /W-F1-1  /D:1     /W-F1-1  
/T1-F1-1 /T1-F0-1 /T4-F1-1 /T1-F1-1 /T4-F0-1 /T1-F0-1 /T4-F1-1 /T1-F1-1 /T4-F0-1 
"
1010850,k#Fm#fGg#VyQI#YSxdO#WLRoDa#UwXiJeN#MEuAjlCvqPrtbczsZhTnKHBp,158.500000,1599.000000,50.000000,0.572816,1,"
minimal: 0 / states: 122 / duration: 0.000138s
history:
/T5-F1-1 /T6-F3-1 /T4-F3-1 /T5-T6-1 /D:4     /W-F0-1  /D:3     /W-T4-1  /D:3     /W-T6-1  
/T5-T6-1 /W-T5-1  /D:3     /W-F1-1  /D:1     /W-F1-1  /D:2     /W-T2-1  /T6-T2-4 /T6-T0-1 
/T6-T0-1 /D:2     /W-T3-1  /D:2     /W-F2-1  /T2-F2-1 /T2-F3-1 /D:2     /W-T0-1  /T2-T0-4 
/T2-T3-1 /T2-T3-1 /T1-T2-1 /T5-T1-2 /T6-T5-1 /T5-T2-2 /T3-T5-4 /T3-F3-1 /T6-T2-1 /T0-T3-8 
/D:1     /W-F0-1  /T4-F0-1 /T3-F0-1 /T4-F1-1 /T3-F1-1 /T5-F1-1 /T5-T4-4 /D:1     /W-F2-1  
/T1-F2-1 /T1-F3-1 /R       /D:1     /W-T0-1  /D:1     /W-F0-1  /T1-F0-1 /T4-F0-1 /D:3     
/W-T0-1  /T4-T0-4 /T4-F3-1 /D:2     /W-F2-1  /T3-F2-1 /T3-F1-1 /T0-F1-1 /T3-F0-1 /T0-F0-1 
/T3-F1-1 /T3-F0-1 /W-T0-1  /W-F1-1  /T3-F1-1 /T0-T4-3 /T0-F1-1 /T4-T0-4 /T6-T0-1 /D:1     
/W-F2-1  /W-F2-1  /D:1     /W-T1-1  /D:1     /W-T4-1  /T3-T4-1 /T3-T2-1 /D:1     /W-F3-1  
/T0-F3-1 /T0-F2-1 /T2-F3-1 /T0-F3-1 /T2-F2-1 /T0-F2-1 /T2-F3-1 /T4-F2-1 /T0-F3-1 /T1-F2-1 
/T4-F3-1 /D:1     /W-F0-1  /T2-F0-1 /T0-F0-1 /T2-F1-1 
"
1010856,w#cn#xhi#PbCX#TvBay#HqkfKR#GJYpzeW#SIjlsuQmVAorDZdgFOMELNUt,124.500000,1116.000000,53.000000,0.550562,1,"
minimal: 0 / states: 121 / duration: 0.000144s
history:
/T1-F2-1 /T3-T4-1 /T2-T0-1 /T0-T4-2 /D:2     /W-T6-1  /T2-T6-1 /T6-T2-3 /D:4     /W-T4-1  
/D:2     /W-T0-1  /T4-T0-5 /T4-F1-1 /T4-T1-1 /D:2     /W-F0-1  /T1-F0-1 /T3-F0-1 /T3-F1-1 
/T1-F1-1 /D:1     /W-F2-1  /D:2     /W-F0-1  /D:1     /W-T1-1  /D:1     /W-F1-1  /T6-F1-1 
/D:1     /W-T0-1  /D:1     /W-T0-1  /T5-T0-1 /D:3     /W-F0-1  /D:1     /W-T1-1  /D:1     
/W-F3-1  /D:1     /W-T4-1  /D:1     /W-T2-1  /R       /D:1     /W-T2-1  /D:1     /W-T5-1  
/T4-T5-2 /D:1     /W-T6-1  /T5-T6-4 /T5-F1-1 /T5-T1-1 /T5-T0-1 /T3-T0-1 /T6-T3-6 /T6-F2-1 
/T0-T4-4 /T0-F1-1 /T2-T3-2 /T2-F1-1 /T2-T6-3 /T4-T0-5 /D:4     /W-T3-1  /D:1     /W-F3-1  
/T0-F3-1 /T0-F2-1 /T3-F2-1 /D:1     /W-T2-1  /T6-T2-4 /T6-T1-1 /W-T1-1  /W-F3-1  /T0-F3-1 
/T0-F0-1 /T3-F3-1 /T6-F0-1 /W-F2-1  /T0-F3-1 /T3-F2-1 /T0-F2-1 /T3-F3-1 /T3-F2-1 /T5-F0-1 
/T0-F1-1 /T1-F3-1 /T0-F2-1 /T2-F0-1 /T1-F0-1 /T2-F3-1 /T0-F3-1 /T3-F1-1 /T1-F1-1 /T2-F2-1 
/T0-F2-1 /T3-F0-1 /T1-F0-1 /T2-F3-1 /T1-F3-1 /T3-F1-1 /T0-F1-1 /T2-F0-1 /T3-F2-1 
"
1010874,p#fO#Dud#QwlN#PoAkE#tgeIjS#YcvMrza#KyTJsFLiCBZXVhWbGUnRxHmq,116.000000,1919.000000,45.000000,0.631579,1,"
minimal: 0 / states: 127 / duration: 0.000131s
history:
/T3-F3-1 /T1-F3-1 /T6-F1-1 /T4-T1-1 /T2-T1-1 /T3-T6-1 /T3-T4-1 /T0-T1-1 /T6-T0-2 /T6-T5-1 
/T3-T5-1 /T6-T3-1 /D:1     /W-T0-1  /D:2     /W-T2-1  /D:2     /W-T2-1  /D:3     /W-T4-1  
/T2-T4-3 /D:1     /W-T5-1  /D:5     /W-T6-1  /D:1     /W-T0-1  /T6-T0-2 /T6-T2-1 /T6-T3-1 
/D:1     /W-F1-1  /T2-F1-1 /D:1     /W-T0-1  /T5-T0-4 /D:2     /W-F2-1  /D:1     /W-T4-1  
/T2-T4-1 /D:1     /W-T3-1  /T5-T3-1 /T5-T3-1 /W-T3-1  /D:2     /W-T2-1  /D:1     /W-T5-1  
/R       /D:1     /W-T2-1  /T4-T2-8 /T4-F0-1 /T4-F2-1 /T1-F2-1 /T1-F1-1 /T4-F3-1 /T5-F2-1 
/T5-F1-1 /T0-T1-2 /T0-F2-1 /T1-T0-3 /T1-F1-1 /T5-F1-1 /T0-T3-5 /T0-F1-1 /D:4     /W-F0-1  
/T3-F0-1 /T2-F0-1 /T3-F3-1 /T2-F3-1 /T2-F2-1 /T3-F0-1 /T3-F3-1 /T5-F2-1 /T2-F3-1 /T2-F2-1 
/T0-F2-1 /T2-F1-1 /T2-F2-1 /T3-T0-3 /T3-F1-1 /T2-F1-1 /T3-F2-1 /T2-F2-1 /T0-T3-5 /T0-F1-1 
/T0-F2-1 /T2-F1-1 /D:1     /W-T0-1  /W-T0-1  /W-F0-1  /T3-F0-1 /T3-F3-1 /D:1     /W-T0-1  
/W-T0-1  /D:1     /W-F3-1  /D:1     /W-F0-1  /T3-F0-1 /T0-F0-1 /T3-F3-1 /T0-F3-1 /T3-F0-1 
/T0-F0-1 /T3-F3-1 /T0-F3-1 /T3-F0-1 
"
1010885,d#ac#xXF#tDCY#WEHvN#fMwmJK#yhGuqpn#ZILAoeikRljUSrVPOsTBbzQg,156.000000,1979.000000,41.000000,0.629213,1,"
minimal: 0 / states: 120 / duration: 0.000140s
history:
/T4-F3-1  /T6-F2-1  /T5-T3-1  /T6-T0-1  /T1-T6-1  /T1-F1-1  /D:1      /W-T1-1   /D:2      /W-T1-1   
/D:1      /W-F0-1   /D:1      /W-F2-1   /T0-F2-1  /D:1      /W-T2-1   /T6-T2-2  /D:1      /W-T5-1   
/T6-T5-1  /D:1      /W-T1-1   /T5-T1-3  /D:3      /W-T3-1   /T4-T3-1  /D:1      /W-T3-1   /T6-T3-1  
/D:1      /W-T3-1   /D:1      /W-T3-1   /T0-T3-1  /T5-T0-1  /D:1      /W-T5-1   /T4-T5-1  /D:2      
/W-F3-1   /W-F3-1   /D:2      /W-T1-1   /T2-T1-4  /T5-T2-3  /T3-T5-9  /T3-T5-1  /T1-T3-1  /T1-F2-1  
/T3-T1-2  /T3-T6-1  /T5-T3-11 /T4-T5-1  /T3-T5-2  /T3-F2-1  /W-F2-1   /T6-F2-1  /T1-T2-5  /T1-F2-1  
/D:1      /W-F0-1   /T5-F0-1  /D:1      /W-F1-1   /T2-F1-1  /T2-F0-1  /T5-F1-1  /T2-F1-1  /T5-F0-1  
/T5-F1-1  /T2-F0-1  /D:1      /W-T5-1   /W-T5-1   /D:1      /W-F3-1   /W-F3-1   /T3-F3-1  /T2-F3-1  
/T3-F0-1  /T3-F3-1  /T6-T3-1  /T2-T6-4  /T6-F0-1  /T6-F3-1  /T4-F3-1  /W-F0-1   /T1-T6-1  /T1-F0-1  
/T3-T2-3  /T3-F0-1  /T6-T1-2  /T6-F3-1  /T3-F3-1  /T1-T0-4  /T1-F3-1  /T0-T6-3  /T0-F0-1  /T3-F0-1  
/T2-T5-4  /T6-T0-4  /D:1      /W-F1-1   /T5-F1-1  /T0-F1-1  /T5-F2-1  /T0-F2-1  /T5-F1-1  /T0-F1-1  
/T5-F2-1  /T0-F2-1  /T5-F1-1  /T0-F1-1  /T5-F2-1  
"
1010917,w#Nk#LYp#XrWn#uaFGV#RBKPhD#vcgMTAf#dQJiqSzbIZsOtyEjeHxlCUom,109.500000,2415.000000,42.000000,0.650000,1,"
minimal: 0 / states: 124 / duration: 0.000131s
history:
/T3-F2-1 /T4-T0-1 /T6-T4-1 /T6-F0-1 /T0-T1-2 /D:7     /W-T0-1  /D:1     /W-T2-1  /D:1     
/W-T3-1  /D:2     /W-T6-1  /D:4     /W-T4-1  /D:2     /W-T6-1  /T5-T6-1 /T5-T3-1 /T4-T3-3 
/T5-T6-1 /T3-T5-6 /D:1     /W-T1-1  /T6-T1-5 /D:2     /W-T0-1  /T5-T0-7 /T5-F0-1 /T5-T4-1 
/T6-T5-1 /T4-T6-2 /T4-F1-1 /T2-F1-1 /T6-T4-3 /T6-F1-1 /D:1     /W-F0-1  /D:1     /W-T6-1  
/D:1     /W-F2-1  /T2-F2-1 /T2-T5-1 /T1-T2-9 /T1-F3-1 /W-T5-1  /W-T5-1  /T6-T5-2 /D:1     
/W-T1-1  /W-T1-1  /W-T5-1  /W-F3-1  /T2-F3-1 /T2-F0-1 /T0-F0-1 /T3-T0-1 /W-T6-1  /W-T5-1  
/W-F2-1  /T0-F2-1 /T2-T6-8 /T3-T1-1 /R       /D:1     /W-F1-1  /T6-F1-1 /T0-F1-1 /T6-F2-1 
/T4-T6-2 /T4-F1-1 /T5-T0-1 /T5-F2-1 /T4-F2-1 /T0-T5-2 /T0-F1-1 /T5-T0-3 /T5-F2-1 /D:1     
/W-F3-1  /T6-F3-1 /T0-F3-1 /T6-F0-1 /T0-F0-1 /T6-F3-1 /T0-F3-1 /T6-F0-1 /T0-F0-1 /T6-F3-1 
/T0-F3-1 /T1-F3-1 /T6-F2-1 /T5-T0-1 /T5-F2-1 /T1-F2-1 /T5-F3-1 /T0-T5-3 /T0-F2-1 /T6-T1-2 
/T6-F3-1 /D:1     /W-F0-1  /D:1     /W-F1-1  /T5-F1-1 /T1-F1-1 /T5-F0-1 /T1-F0-1 /T5-F1-1 
/T1-F1-1 /T5-F0-1 
"
1010921,j#kr#TgD#UJfl#WEwma#HStzPb#dupBINy#echXYiOoMLqGVnCFxAvRsQKZ,121.000000,1659.000000,44.000000,0.589286,1,"
minimal: 0 / states: 129 / duration: 0.000141s
history:
/T4-F1-1 /T5-F1-1 /T6-T4-1 /T6-F3-1 /T5-T2-1 /T6-T0-1 /T3-T5-1 /T6-T2-1 /T1-T3-1 /T1-T4-1 
/T4-T1-3 /T4-T1-1 /D:2     /W-F1-1  /D:1     /W-T0-1  /D:3     /W-T1-1  /D:1     /W-F3-1  
/D:5     /W-T0-1  /T3-T0-2 /D:1     /W-T3-1  /D:1     /W-F2-1  /D:3     /W-T5-1  /T0-T5-6 
/T5-T0-9 /D:1     /W-F0-1  /T2-F0-1 /T2-F3-1 /D:4     /W-T0-1  /T6-T0-1 /T6-T1-1 /T6-F1-1 
/D:2     /W-T6-1  /R       /D:1     /W-F1-1  /D:3     /W-F2-1  /T0-F2-1 /T0-F3-1 /D:2     
/W-T6-1  /D:1     /W-F2-1  /T0-F2-1 /T4-T0-1 /D:1     /W-F0-1  /T2-F0-1 /T0-F0-1 /T0-F1-1 
/T2-F1-1 /T2-T1-1 /W-T2-1  /W-T2-1  /W-T6-1  /T3-T6-2 /T5-T3-1 /T5-T0-1 /T5-T6-1 /D:1     
/W-F0-1  /T0-T3-1 /T0-F0-1 /T0-F1-1 /T6-F0-1 /T0-F0-1 /T1-T6-2 /T1-F1-1 /T0-F1-1 /T6-T1-3 
/T6-F0-1 /T1-T6-4 /T1-F1-1 /T0-T2-1 /T0-F1-1 /T4-T2-1 /D:1     /W-T2-1  /T3-T2-3 /D:1     
/W-F3-1  /T2-F3-1 /T6-F3-1 /D:1     /W-F2-1  /T2-F2-1 /T2-F3-1 /T6-F2-1 /T2-F2-1 /T6-F3-1 
/T2-F3-1 /T6-F2-1 /T2-F2-1 /T6-F3-1 /T1-F2-1 /T0-F2-1 /T1-F1-1 /T2-F3-1 /D:1     /W-F0-1  
/T6-F0-1 /T2-F0-1 /T6-F3-1 
"
1010946,Y#rP#kus#MObI#TehJl#cgjWUa#BfRdXon#DtymxGzCAiqFQVSwHvNLZKEp,113.000000,1003.000000,51.000000,0.613924,1,"
minimal: 0 / states: 129 / duration: 0.000131s
history:
/T5-F1-1 /T6-F2-1 /T6-F2-1 /T5-T3-1 /T3-T5-2 /T3-F1-1 /D:2     /W-T5-1  /D:3     /W-T0-1  
/T5-T0-4 /D:4     /W-F0-1  /D:6     /W-T0-1  /D:1     /W-T6-1  /W-T6-1  /D:1     /W-T6-1  
/D:1     /W-T5-1  /D:1     /W-F3-1  /T3-F3-1 /T1-F3-1 /T4-T3-1 /W-F3-1  /T1-T0-1 /D:2     
/W-T1-1  /W-T1-1  /T6-T1-4 /T6-T0-1 /T6-F3-1 /T0-T6-2 /T0-F3-1 /T6-T0-3 /T6-F0-1 /D:1     
/W-T3-1  /T5-T3-2 /T2-T5-1 /T5-T1-2 /T5-F1-1 /T0-F1-1 /D:2     /W-F2-1  /R       /D:3     
/W-T5-1  /W-T5-1  /D:2     /W-T6-1  /T0-T6-8 /D:1     /W-F0-1  /D:1     /W-T4-1  /T2-T4-1 
/T4-T2-3 /T4-T3-1 /T4-F1-1 /T4-F3-1 /T6-T3-3 /T6-F3-1 /T2-T5-4 /D:1     /W-F2-1  /T3-F2-1 
/T1-F2-1 /T3-F1-1 /T3-F2-1 /T1-F1-1 /T5-F2-1 /T3-F1-1 /T3-F2-1 /T5-F1-1 /T3-F1-1 /T1-T5-2 
/T1-F2-1 /T5-T1-3 /T5-F1-1 /T6-T3-2 /T6-F2-1 /T5-F2-1 /T3-T6-3 /T3-F1-1 /T5-F1-1 /T6-T3-4 
/T6-F2-1 /D:2     /R       /D:1     /W-F0-1  /D:3     /W-F0-1  /W-F0-1  /W-F0-1  /T1-F0-1 
/T1-F3-1 /T3-F0-1 /T1-F0-1 /T3-F3-1 /T1-F3-1 /T3-F0-1 /T1-F0-1 /T3-F3-1 /T1-F3-1 /T3-F0-1 
"
1010960,A#zL#CRa#wcXS#YuvPk#UbqsNH#xTjroEi#hWFJImpDdVtMBOQnfyKgZGle,124.000000,1272.000000,38.000000,0.702532,1,"
minimal: 0 / states: 121 / duration: 0.000132s
history:
/T0-F0-1 /T2-F1-1 /T5-T6-1 /T5-F3-1 /T4-T1-1 /T2-T5-1 /D:4     /W-T1-1  /T6-T1-2 /T6-T3-1 
/T6-T4-1 /D:2     /W-T0-1  /T1-T0-5 /D:2     /W-T5-1  /T4-T5-2 /D:1     /W-T3-1  /W-T3-1  
/D:4     /W-F0-1  /T2-F0-1 /W-T2-1  /D:1     /W-F3-1  /D:1     /W-T6-1  /D:1     /W-F2-1  
/T5-F2-1 /T5-F3-1 /T3-F2-1 /T6-F3-1 /T5-F0-1 /T5-F3-1 /T3-T6-1 /T3-F0-1 /T3-F3-1 /D:4     
/W-T0-1  /T5-T0-1 /T5-F2-1 /T5-F1-1 /T5-T4-1 /D:1     /W-T5-1  /D:1     /W-T4-1  /F3-T4-1 
/T6-T4-2 /T4-T6-6 /D:1     /W-T1-1  /W-T1-1  /T6-T1-7 /T6-T4-1 /W-T5-1  /T3-T5-1 /T3-F1-1 
/T1-F1-1 /T1-F2-1 /T1-F3-1 /T0-F2-1 /T4-F3-1 /W-T1-1  /W-F2-1  /T4-F2-1 /W-T3-1  /T3-T5-2 
/T4-T2-1 /T6-T2-1 /D:1     /W-F1-1  /T1-F1-1 /T0-F1-1 /R       /D:1     /W-F1-1  /T0-T5-1 
/T0-F1-1 /D:1     /W-T2-1  /T1-T2-3 /T1-F1-1 /D:1     /W-F0-1  /T2-F0-1 /T2-F3-1 /T2-F2-1 
/T5-F0-1 /T5-F3-1 /T5-F2-1 /T2-F3-1 /T2-F2-1 /T5-F3-1 /T2-F3-1 /T5-F2-1 /T5-F3-1 /T1-T2-2 
/T1-F2-1 /D:1     /W-F0-1  /T0-F0-1 /T0-F1-1 /T2-F0-1 /T0-F0-1 /T2-F1-1 /T0-F1-1 /T2-F0-1 
"
1010986,j#mq#FZs#plui#DTtPc#eSOAoI#HdXvEBM#wrfkRnCJKVWGgNLzYxUQybha,138.000000,4005.000000,54.000000,0.538889,1,"
minimal: 0 / states: 122 / duration: 0.000141s
history:
/T5-T0-1 /T4-T1-1 /T5-T1-1 /T5-F0-1 /D:5     /W-T2-1  /T1-T2-3 /D:1     /W-F2-1  /T2-F2-1 
/D:8     /W-F3-1  /T5-F3-1 /T4-F3-1 /T5-T4-1 /D:1     /W-T1-1  /D:2     /W-T6-1  /D:1     
/W-T6-1  /T0-T6-2 /T6-T0-5 /T6-F0-1 /T6-T4-1 /D:1     /W-T0-1  /T4-T0-3 /T2-T4-4 /D:1     
/W-F3-1  /T4-T5-2 /T4-F3-1 /T5-T4-3 /T2-T5-1 /D:1     /W-T5-1  /D:2     /W-T6-1  /D:1     
/W-F1-1  /W-F1-1  /T4-F1-1 /R       /D:4     /W-T1-1  /D:1     /W-F0-1  /D:1     /W-T1-1  
/T3-T1-1 /T3-T1-1 /T4-T1-4 /T4-F0-1 /T0-F0-1 /T0-F3-1 /T2-F0-1 /W-T0-1  /W-T0-1  /D:1     
/W-T3-1  /D:2     /W-T3-1  /T6-T3-2 /T6-T5-1 /T6-F1-1 /D:1     /W-F0-1  /T6-F0-1 /D:2     
/W-T2-1  /T3-T2-5 /T3-F2-1 /T1-F2-1 /T0-F2-1 /T1-F1-1 /T0-F1-1 /T1-F2-1 /T0-F2-1 /T1-F3-1 
/T0-F3-1 /W-F1-1  /T1-F2-1 /T2-F1-1 /T0-F0-1 /T1-F1-1 /T2-F2-1 /T0-F1-1 /W-F3-1  /T1-F0-1 
/T2-F3-1 /T2-F0-1 /W-F2-1  /T0-F2-1 /T1-F1-1 /T2-F1-1 /T5-F3-1 /T0-F3-1 /T1-F0-1 /T0-F0-1 
/T5-F2-1 /T1-F1-1 /T2-F2-1 /T5-F3-1 
"
1010996,A#wj#sha#gUKI#JHkRd#qvoBXW#crLQPxe#ifmSyFOMGnDEtZVbzTNupCYl,124.000000,2323.000000,46.000000,0.696809,1,"
minimal: 0 / states: 121 / duration: 0.000132s
history:
/T0-F0-1 /T2-F1-1 /T3-T1-1 /T5-T3-1 /T2-T1-1 /T6-T2-1 /T1-T6-3 /T1-T5-1 /D:1     /W-T5-1  
/D:2     /W-T0-1  /D:2     /W-T0-1  /T5-T0-3 /T5-F0-1 /D:3     /W-T1-1  /D:1     /W-T6-1  
/D:1     /W-F2-1  /T5-F2-1 /T5-T3-1 /T5-T2-1 /D:4     /W-T5-1  /D:2     /W-F1-1  /D:3     
/W-F3-1  /D:1     /W-T0-1  /W-T0-1  /T2-T0-3 /W-T2-1  /D:1     /W-F2-1  /T0-F2-1 /D:1     
/W-F0-1  /D:1     /W-T1-1  /T6-T1-5 /F2-T0-1 /T6-T0-1 /D:1     /W-T2-1  /T3-T2-3 /T3-T2-1 
/R       /D:1     /W-T1-1  /D:2     /W-T3-1  /D:1     /W-F3-1  /T0-F3-1 /T6-F3-1 /T6-T5-1 
/T4-T6-1 /T4-F3-1 /T4-T5-1 /T6-T1-2 /T6-F1-1 /T0-F2-1 /T1-F1-1 /T1-F2-1 /T0-F1-1 /T0-F2-1 
/T1-F1-1 /W-F3-1  /T0-F3-1 /T2-F3-1 /T3-T0-2 /D:1     /W-F0-1  /D:1     /W-F0-1  /T0-F0-1 
/T0-F1-1 /T1-F0-1 /T4-F0-1 /T1-F1-1 /T1-F0-1 /T4-F0-1 /D:1     /W-F2-1  /T0-F2-1 /T0-F1-1 
/T2-F2-1 /T1-F1-1 /T0-F2-1 /T5-F1-1 /T1-F2-1 /T0-T5-1 /T0-F2-1 /T2-T1-2 /T2-F1-1 /T0-F1-1 
/T2-F2-1 /D:1     /W-F3-1  /T1-F3-1 /T1-F0-1 /T5-F3-1 /T1-F3-1 /T5-F0-1 /T1-F0-1 /T5-F3-1 
"
1010997,U#qh#QlA#DgSH#FRGiT#cMeKCa#VYLIBNr#opdmjtsJZkzuPywOEfWvnxbX,138.000000,2244.000000,47.000000,0.609195,1,"
minimal: 0 / states: 124 / duration: 0.000132s
history:
/T2-F0-1 /T5-F1-1 /T4-T3-1 /T3-T4-2 /T6-T3-1 /T6-F3-1 /T6-F0-1 /T5-F0-1 /T5-T2-1 /T1-T6-1 
/T1-T5-1 /D:3     /W-T3-1  /W-T3-1  /D:1     /W-T1-1  /D:1     /W-T2-1  /T6-T2-2 /T6-T1-1 
/D:1     /W-T0-1  /T3-T0-4 /D:1     /W-T3-1  /T5-T3-2 /T2-T5-5 /D:3     /W-T1-1  /D:3     
/W-T3-1  /D:2     /W-T1-1  /T4-T1-3 /T4-T5-1 /D:1     /W-F3-1  /T3-F3-1 /T2-F3-1 /T4-F3-1 
/T5-T2-7 /T4-T1-1 /T5-T3-1 /D:2     /W-T2-1  /T0-T2-3 /T0-F3-1 /D:3     /W-F2-1  /D:1     
/W-T6-1  /D:1     /W-F1-1  /T3-F1-1 /D:1     /R       /D:1     /W-F2-1  /T2-F2-1 /T2-F1-1 
/T3-F2-1 /T2-F2-1 /T3-F1-1 /T3-F2-1 /T0-F2-1 /T2-F1-1 /T3-F1-1 /T3-F0-1 /T2-T0-1 /T2-F1-1 
/T0-T2-2 /D:2     /W-T0-1  /D:1     /W-T3-1  /T6-T3-2 /T1-T6-3 /T1-F1-1 /T6-T1-4 /D:1     
/W-F2-1  /D:1     /W-T0-1  /D:1     /W-F0-1  /T1-F0-1 /T1-F3-1 /T2-F0-1 /T1-F0-1 /T2-F3-1 
/T1-F3-1 /T2-F0-1 /W-F0-1  /T2-F1-1 /T2-F0-1 /T1-T0-2 /T1-F0-1 /D:1     /W-F3-1  /D:1     
/W-F2-1  /T0-F2-1 /T0-F1-1 /T3-F2-1 /T2-F1-1 /T0-F2-1 /T1-F1-1 /T2-F0-1 /D:1     /W-F3-1  
/T3-F3-1 /T0-F3-1 /T3-F2-1 
"
1011010,h#Mn#oOc#gTak#dRDJG#VEtwPj#UzyZNYv#rICslBiWHueXALfSKbxFmqpQ,107.500000,1506.000000,39.000000,0.666667,1,"
minimal: 0 / states: 120 / duration: 0.000131s
history:
/T1-F2-1 /T6-T5-1 /T6-T1-1 /T6-F3-1 /T4-T0-1 /T4-T3-1 /T2-T4-1 /T2-F3-1 /T2-F2-1 /T6-T2-1 
/T3-T6-2 /T3-F1-1 /T6-T2-3 /T0-T5-2 /T6-T0-1 /D:4     /W-T3-1  /D:1     /W-T0-1  /D:1     
/W-T4-1  /D:1     /W-T2-1  /D:2     /W-T2-1  /T3-T2-2 /D:2     /W-T2-1  /T4-T2-3 /D:2     
/W-F0-1  /T2-F0-1 /D:2     /W-T5-1  /D:2     /W-T0-1  /T5-T0-5 /T5-F3-1 /D:1     /W-F1-1  
/T2-F1-1 /D:1     /W-T1-1  /D:1     /W-T3-1  /T4-T3-1 /T4-F1-1 /T2-T3-1 /T2-F1-1 /T0-F1-1 
/W-T0-1  /D:1     /W-T4-1  /W-T4-1  /W-T4-1  /T5-T4-1 /T5-T6-1 /T5-T0-1 /W-T5-1  /W-T1-1  
/W-F0-1  /T3-F0-1 /T0-F0-1 /T3-T2-1 /T3-F0-1 /T3-F1-1 /T0-T6-1 /T0-F0-1 /T0-F1-1 /T2-T5-3 
/T2-F0-1 /T2-F1-1 /W-F0-1  /T2-F0-1 /T0-T1-1 /T0-F1-1 /T0-F0-1 /T2-F1-1 /T0-F1-1 /T4-T2-2 
/T4-F0-1 /T4-F1-1 /T1-T0-4 /T1-F0-1 /W-T6-1  /T5-T2-5 /T6-T0-4 /D:1     /W-T2-1  /D:1     
/W-F2-1  /T2-F2-1 /T0-F2-1 /D:1     /W-F3-1  /T2-F3-1 /T0-F3-1 /T2-F2-1 /T0-F2-1 /T2-F3-1 
/T0-F3-1 /T2-F2-1 /T0-F2-1 /T2-F3-1 /T0-F3-1 /T2-F2-1 /T0-F2-1 /T2-F3-1 /T0-F3-1 /T2-F2-1 
/T0-F2-1 /T2-F3-1 
"
1011015,G#eo#tqF#LdsA#BkQfN#CuTpxD#JWKSMHw#gXEajPhzOiYUvnrcmbRVZlIy,159.500000,1231.000000,37.000000,0.694118,1,"
minimal: 0 / states: 113 / duration: 0.000123s
history:
/T3-F0-1  /T4-F3-1  /T4-T0-1  /D:3      /W-T0-1   /T4-T0-1  /T6-T4-1  /D:1      /W-F1-1   /D:2      
/W-T5-1   /T1-T5-1  /T5-T1-3  /W-T5-1   /T1-T2-4  /D:2      /W-T1-1   /D:1      /W-F3-1   /D:1      
/W-T4-1   /T6-T4-1  /D:1      /W-T1-1   /T5-T1-2  /T5-T0-1  /T2-T5-5  /T5-T4-6  /D:2      /W-T1-1   
/W-T1-1   /T0-T1-5  /T6-T0-1  /D:1      /W-F2-1   /T4-F2-1  /T1-F2-1  /T2-F2-1  /T6-T2-1  /T4-F3-1  
/T1-F3-1  /D:1      /W-F2-1   /T3-F2-1  /T3-T1-1  /T4-T3-8  /T4-F0-1  /D:1      /W-T3-1   /D:1      
/W-T4-1   /T3-T4-10 /D:1      /W-F1-1   /T4-F1-1  /T1-F1-1  /D:1      /W-F3-1   /T2-F3-1  /T2-F2-1  
/T5-F2-1  /T5-F0-1  /T4-F0-1  /T1-F0-1  /T4-F1-1  /T1-F1-1  /T4-F0-1  /T1-F0-1  /T4-F3-1  /T1-F3-1  
/T1-F2-1  /T4-F0-1  /D:1      /W-F3-1   /D:1      /W-T2-1   /D:1      /W-T0-1   /T6-T0-1  /T6-F3-1  
/T4-T6-1  /T4-F2-1  /T1-T0-1  /T1-F2-1  /T6-T4-2  /D:1      /W-F0-1   /D:1      /W-F2-1   /R        
/D:1      /W-F1-1   /D:1      /W-F3-1   /T1-F3-1  /T1-F2-1  /T2-F3-1  /D:1      /W-F1-1   /T4-F1-1  
/T0-F1-1  /T4-F0-1  /T0-F0-1  /T4-F1-1  /T0-F1-1  /T4-F0-1  /T0-F0-1  /T4-F1-1  
"
1011047,g#uy#KRJ#twZo#ExMDN#WeOszb#jBUnHiX#QcamPGFYSkrLdAhvVIfTlCpq,133.500000,848.000000,46.000000,0.608696,1,"
minimal: 0 / states: 116 / duration: 0.000122s
history:
/T4-F3-1 /T6-T1-1 /T6-T2-1 /T6-T2-1 /T6-F2-1 /T3-F2-1 /T2-T1-3 /T4-T2-1 /T1-T3-5 /T0-T1-1 
/T3-T0-6 /D:2     /W-T2-1  /D:1     /W-F1-1  /T5-F1-1 /T2-F1-1 /D:2     /W-T2-1  /D:1     
/W-T6-1  /D:1     /W-T1-1  /T2-T1-3 /D:1     /W-T4-1  /T2-T4-1 /T5-T2-1 /D:1     /W-T6-1  
/D:2     /W-T6-1  /D:2     /W-F1-1  /D:1     /W-F0-1  /D:3     /W-T3-1  /T1-T3-6 /T4-T1-3 
/D:3     /W-T0-1  /T5-T0-1 /T5-F3-1 /T5-F1-1 /T3-F3-1 /W-F1-1  /W-T5-1  /T6-T5-4 /T6-F0-1 
/W-T6-1  /W-T6-1  /T5-T1-6 /T6-T4-3 /D:1     /W-T2-1  /T4-T2-4 /D:1     /W-F0-1  /T3-F0-1 
/T4-F0-1 /T3-T0-1 /T3-F0-1 /T3-F1-1 /T2-F1-1 /D:1     /W-F2-1  /D:1     /W-F2-1  /T1-F2-1 
/R       /D:1     /W-F3-1  /T0-F3-1 /T0-F2-1 /T1-F3-1 /T0-F3-1 /T1-F0-1 /T0-F0-1 /T0-F1-1 
/T1-F3-1 /T1-F0-1 /T0-F0-1 /T3-T0-3 /T3-F2-1 /T0-F2-1 /T0-F3-1 /T2-F2-1 /T0-F2-1 /T1-F3-1 
/T0-F3-1 /T2-F1-1 /T1-F0-1 /T2-F2-1 /T1-F3-1 /T0-F2-1 /T0-F3-1 /T2-T1-1 /T2-F2-1 /D:1     
/W-T0-1  /D:1     /W-F1-1  /T1-F1-1 /T0-F1-1 /D:1     /W-F0-1  /T1-F0-1 
"
1011056,V#cj#Txg#kXWs#eEuoC#DLHKBt#lRmipPY#ySMJUGQOZdFabqfnNhIrwzvA,74.000000,877.000000,32.000000,0.754098,1,"
minimal: 0 / states: 128 / duration: 0.000129s
history:
/T3-T2-1 /D:2     /W-T5-1  /D:6     /W-T4-1  /D:4     /W-F1-1  /D:1     /W-F1-1  /D:3     
/W-F2-1  /D:1     /W-F3-1  /T4-F3-1 /D:2     /W-T1-1  /W-T1-1  /T5-T1-2 /D:1     /W-T1-1  
/D:3     /W-T3-1  /D:1     /W-F0-1  /T5-F0-1 /T4-F0-1 /T4-F2-1 /T5-T6-1 /T2-T4-2 /T3-T2-2 
/T4-T0-3 /T1-T6-6 /T1-F1-1 /W-T1-1  /T6-T1-8 /T6-F3-1 /T6-F2-1 /T5-T6-1 /T3-T5-1 /W-T3-1  
/T6-T3-2 /T5-T6-2 /T5-F0-1 /T4-F0-1 /T6-T5-3 /T6-T0-1 /T2-T6-3 /T2-T3-1 /R       /D:2     
/W-T2-1  /T6-T2-4 /D:1     /W-T5-1  /T0-T5-5 /D:1     /W-T2-1  /D:1     /W-T2-1  /D:1     
/W-F3-1  /T5-F3-1 /T4-T5-1 /D:1     /W-T0-1  /W-T0-1  /T3-T0-5 /D:1     /W-F1-1  /T5-F1-1 
/D:1     /W-F0-1  /T2-F0-1 /D:1     /W-F2-1  /T1-F2-1 /T1-F3-1 /T5-F2-1 /T0-F3-1 /T0-F0-1 
/T1-F2-1 /T2-F3-1 /T1-T2-1 /T1-F0-1 /T5-T0-2 /T5-F3-1 /T5-F0-1 /T2-T1-2 /T2-F3-1 /T5-F3-1 
/T1-T2-3 /T1-F0-1 /T1-F3-1 /T5-F0-1 /T0-T5-6 /T0-F3-1 /T2-T1-5 /T2-F0-1 /D:1     /W-F1-1  
/T5-F1-1 /T1-F1-1 /T5-F2-1 /T1-F2-1 /T5-F1-1 /T1-F1-1 /T5-F2-1 /T1-F2-1 /T5-F1-1 /T1-F1-1 
/T5-F2-1 /T1-F2-1 /T5-F1-1 
"
1011092,p#rx#ILN#Rksn#BASeC#acVQdw#fqloXWi#hOUMDFuEGgTtJvjZzyPHYbmK,160.500000,2551.000000,57.000000,0.598039,1,"
minimal: 0 / states: 124 / duration: 0.000129s
history:
/T2-F3-1  /T3-F2-1  /T6-T5-1  /T6-T1-1  /T5-T6-2  /T4-T5-1  /T6-T2-3  /T6-F2-1  /T4-T3-1  /T1-T6-2  
/T5-T1-2  /T0-F2-1  /T1-T4-3  /D:2      /W-F3-1   /D:2      /W-T0-1   /T6-T0-3  /T6-F2-1  /D:1      
/W-T3-1   /D:2      /W-T2-1   /D:1      /W-T6-1   /T5-T6-1  /D:2      /W-T2-1   /T3-T2-3  /D:3      
/W-T3-1   /T5-T3-1  /T5-T2-1  /T5-F1-1  /D:1      /W-T0-1   /D:2      /W-T1-1   /T2-T1-10 /D:1      
/W-T5-1   /D:2      /W-F3-1   /T6-F3-1  /T4-T6-2  /T4-F2-1  /D:1      /W-T3-1   /D:1      /W-T5-1   
/D:1      /W-F1-1   /T1-F1-1  /D:2      /W-T5-1   /R        /D:1      /W-T0-1   /D:1      /W-T2-1   
/D:2      /W-T0-1   /T4-T0-1  /T4-F0-1  /T4-F0-1  /T6-F0-1  /T1-F0-1  /T6-F1-1  /T1-F1-1  /T6-F0-1  
/T6-F1-1  /T1-F2-1  /T1-F1-1  /W-F0-1   /T0-T2-2  /T0-F1-1  /D:1      /W-T1-1   /D:1      /W-F2-1   
/T1-T3-1  /T1-F2-1  /T0-F2-1  /T1-F1-1  /T1-F2-1  /T0-T5-1  /T0-F2-1  /T2-T5-4  /D:1      /W-F1-1   
/T3-T1-4  /T3-F1-1  /T3-F3-1  /T5-F3-1  /T1-F3-1  /T5-F0-1  /T1-F0-1  /T5-F3-1  /T1-F3-1  /T5-F0-1  
/T1-F0-1  /T5-F3-1  /T1-F3-1  /T5-F0-1  /T0-F1-1  /T1-F0-1  /T5-F3-1  /T0-F0-1  /T1-F3-1  /D:1      
/W-F2-1   /T5-F2-1  /D:1      /W-F1-1   
"
1011098,V#yl#QRJ#WOXg#fYrTG#dDcUsu#tHnvbaK#NihZjCmBxqELpkIFeMPowSAz,94.000000,1831.000000,44.000000,0.654930,1,"
minimal: 0 / states: 124 / duration: 0.000121s
history:
/T6-T1-1 /T6-F1-1 /T6-F1-1 /T5-T0-1 /T5-T3-1 /T4-T5-1 /T3-T0-2 /T5-T6-2 /T5-F1-1 /T2-T3-1 
/T2-T0-1 /T5-T0-1 /T5-F1-1 /T0-T3-6 /D:1     /W-F3-1  /D:3     /W-T0-1  /D:1     /W-T1-1  
/T6-T1-3 /T6-F2-1 /T4-T6-1 /T2-T4-1 /D:1     /W-T4-1  /D:1     /W-T2-1  /D:5     /W-T0-1  
/T3-T0-8 /T3-F3-1 /D:3     /W-T3-1  /D:1     /W-T6-1  /D:1     /W-F1-1  /D:1     /W-T5-1  
/T1-T5-6 /W-T1-1  /T1-T2-2 /D:1     /W-F3-1  /D:1     /W-F2-1  /W-F2-1  /D:1     /W-T2-1  
/D:1     /W-T5-1  /T4-T5-3 /D:1     /W-F0-1  /D:1     /W-T1-1  /T4-T1-1 /T4-F1-1 /R       
/D:1     /W-T2-1  /T6-T2-3 /D:1     /W-T3-1  /T6-T3-1 /D:1     /W-F0-1  /T5-F0-1 /T0-F0-1 
/T5-F3-1 /T0-F3-1 /D:1     /W-T1-1  /T3-T1-4 /D:1     /W-F2-1  /T5-F2-1 /T0-F2-1 /T0-F1-1 
/T1-F2-1 /T0-F2-1 /T1-F1-1 /T5-F3-1 /T2-T0-3 /T2-F1-1 /T5-T1-2 /T5-F2-1 /T2-F2-1 /T5-F1-1 
/T2-F1-1 /T1-T5-4 /T1-F2-1 /T2-F2-1 /T5-T1-5 /T5-F1-1 /T2-F1-1 /T1-T5-6 /T1-F2-1 /D:1     
/W-F0-1  /T0-F0-1 /T0-F3-1 /T5-F0-1 /T0-F0-1 /T5-F3-1 /T0-F3-1 /T5-F0-1 /T0-F0-1 /T5-F3-1 
/T0-F3-1 /T5-F0-1 /T0-F0-1 /T5-F3-1 /T0-F3-1 /T5-F0-1 
"
1011108,F#KS#Zwn#iQMx#PGObY#vczVhB#rCJyuWA#aRNDUHXkqomljITtgdfLpEes,122.500000,1790.000000,44.000000,0.623377,1,"
minimal: 0 / states: 116 / duration: 0.000110s
history:
/T2-F2-1 /T6-F0-1 /T5-F0-1 /T6-T3-1 /T3-T4-2 /T4-T3-3 /D:1     /W-F1-1  /T4-F1-1 /D:1     
/W-T0-1  /D:1     /W-F3-1  /T4-F3-1 /T1-T4-1 /T4-T5-2 /T4-F3-1 /T3-T4-4 /T3-F3-1 /T6-T3-1 
/T0-F3-1 /T5-F3-1 /T3-T2-2 /D:4     /W-T6-1  /T2-T6-3 /T6-T2-5 /D:3     /W-F2-1  /D:1     
/W-T3-1  /D:2     /W-T1-1  /D:1     /W-T1-1  /T5-T1-2 /T5-T6-1 /W-T5-1  /T1-T5-5 /T5-T1-7 
/T5-F1-1 /T5-T4-1 /D:1     /W-F3-1  /D:2     /W-T2-1  /T0-T2-1 /D:1     /W-F1-1  /D:1     
/W-T1-1  /D:1     /W-T3-1  /D:1     /W-F2-1  /D:1     /W-T1-1  /D:1     /W-F1-1  /D:1     
/R       /D:2     /W-F3-1  /T6-F3-1 /D:2     /W-T3-1  /T6-T3-1 /T6-F0-1 /D:1     /W-F2-1  
/T6-F2-1 /D:2     /W-F2-1  /W-F2-1  /R       /D:1     /W-F0-1  /T1-F0-1 /T1-F1-1 /T2-F0-1 
/T1-F0-1 /T2-F1-1 /T1-F1-1 /T2-F2-1 /T4-F2-1 /T2-F1-1 /T2-F2-1 /T4-F3-1 /T2-F3-1 /T4-F2-1 
/T2-F2-1 /T4-F3-1 /T2-F3-1 /T1-T4-4 /T1-F2-1 /D:1     /W-F0-1  /T4-F0-1 /T3-F0-1 /T4-F1-1 
/T3-F1-1 /T4-F0-1 /T3-F0-1 /T4-F1-1 /T3-F1-1 /T4-F0-1 
"
1011124,q#Fi#lan#oBHU#hMzJm#eDwcbN#trCgTdf#pOKASPkEXZIVQvsuGWRyxjYL,96.500000,815.000000,41.000000,0.656250,1,"
minimal: 0 / states: 114 / duration: 0.000122s
history:
/T2-F2-1 /T2-F1-1 /T5-F3-1 /T5-F1-1 /T5-F1-1 /T1-T5-1 /D:2     /W-F3-1  /D:1     /W-T2-1  
/D:1     /W-F0-1  /D:2     /W-F3-1  /D:2     /W-T6-1  /D:5     /W-F3-1  /D:3     /W-T5-1  
/D:1     /W-T3-1  /T6-T3-2 /T6-F1-1 /T6-T5-1 /T1-T5-1 /T4-T1-1 /W-T6-1  /D:1     /W-T2-1  
/W-T2-1  /T3-T2-4 /T6-T3-2 /W-T4-1  /T3-T4-3 /T3-F0-1 /T3-F2-1 /T6-F0-1 /D:1     /W-F3-1  
/D:1     /W-T1-1  /D:4     /R       /D:1     /W-F2-1  /T0-F2-1 /T6-F2-1 /T4-F2-1 /T6-F2-1 
/D:1     /W-F3-1  /T5-T4-1 /T5-F3-1 /T5-F2-1 /D:1     /W-T1-1  /T4-T1-5 /T4-T0-1 /T4-T3-1 
/T2-T4-3 /T2-F3-1 /T2-F2-1 /T1-T5-3 /T1-F3-1 /T5-T1-4 /T5-F2-1 /T5-F0-1 /T4-F0-1 /T5-F1-1 
/T1-F0-1 /T4-F1-1 /T1-F1-1 /T4-F0-1 /T1-F0-1 /T4-F1-1 /T1-F1-1 /T2-F3-1 /T2-T0-2 /D:1     
/W-F3-1  /D:1     /W-T2-1  /D:1     /W-F0-1  /T1-F0-1 /T0-F0-1 /D:1     /W-F2-1  /D:1     
/W-F1-1  /T1-F1-1 /T0-F1-1 /T1-F2-1 /T0-F2-1 /T1-F1-1 /D:1     /W-F3-1  /T2-F3-1 /D:1     
/W-F0-1  /T3-F0-1 
"
1011125,L#iN#dnX#ygjC#bRYre#aWBHml#vJFoSIM#cUPAtGVQzEfsDuOpwTxqhZKk,130.500000,3741.000000,57.000000,0.528736,1,"
minimal: 0 / states: 134 / duration: 0.000134s
history:
/T1-F3-1 /T5-T6-1 /T2-T0-1 /T2-F2-1 /T3-T2-1 /T0-T5-2 /T6-T0-2 /T6-T3-1 /D:2     /W-T3-1  
/D:2     /W-F0-1  /D:1     /W-T3-1  /T6-T3-1 /T6-F2-1 /T4-T6-1 /T4-T3-1 /T2-T3-2 /T5-T2-3 
/T5-T1-1 /T5-F0-1 /T3-F0-1 /D:8     /W-F0-1  /D:2     /W-F3-1  /D:1     /W-F2-1  /D:1     
/W-T2-1  /T1-T2-2 /D:1     /W-T2-1  /T6-T2-2 /D:1     /W-T0-1  /T3-T0-7 /D:1     /W-F2-1  
/D:2     /W-T1-1  /D:1     /W-T4-1  /T5-T4-1 /T5-F1-1 /D:1     /R       /D:2     /W-F3-1  
/D:2     /W-T6-1  /D:1     /W-F3-1  /D:1     /W-T5-1  /T4-T5-3 /T4-F3-1 /T4-F1-1 /D:1     
/W-F0-1  /D:2     /W-T3-1  /T2-T3-1 /T2-F0-1 /D:1     /W-T6-1  /T3-T6-3 /T3-T1-1 /D:2     
/W-T1-1  /T6-T1-6 /W-T6-1  /T6-T5-2 /R       /D:1     /W-F1-1  /T0-F1-1 /T0-F2-1 /T0-F3-1 
/T1-F1-1 /T1-F2-1 /T2-F3-1 /T0-F2-1 /T0-F3-1 /T1-T2-1 /T1-F2-1 /T1-F3-1 /T5-T0-1 /T5-F2-1 
/T5-F3-1 /T2-T1-3 /T2-F2-1 /T2-F3-1 /T0-T5-3 /T0-F2-1 /T1-T2-5 /T1-F2-1 /T5-T0-4 /T5-F3-1 
/T1-F3-1 /T5-F2-1 /D:1     /W-F0-1  /D:1     /W-F1-1  /T2-F1-1 /T0-F1-1 /T2-F0-1 /T0-F0-1 
/T2-F1-1 /T0-F1-1 /T2-F0-1 /T0-F0-1 /T2-F1-1 /T0-F1-1 /T2-F0-1 /T0-F0-1 /T2-F1-1 
"
1011133,B#lk#xRi#mrID#oYTnH#PeVhNw#qGApUtj#fgQZJCaWdMOvSczXbKLuysFE,126.000000,2111.000000,60.000000,0.550562,1,"
minimal: 0 / states: 135 / duration: 0.000135s
history:
/T5-T1-1 /T5-F3-1 /T4-T2-1 /T4-F2-1 /T2-T1-2 /T3-T2-1 /T5-T3-1 /T3-T6-2 /T4-T1-1 /D:3     
/W-T3-1  /D:3     /W-T3-1  /D:1     /W-F1-1  /D:4     /W-F3-1  /D:3     /W-T2-1  /T0-T2-1 
/D:1     /W-T0-1  /T4-T0-1 /T4-F2-1 /D:2     /W-F1-1  /D:1     /W-T0-1  /T6-T0-3 /T6-T0-1 
/D:2     /W-T5-1  /D:2     /W-T1-1  /T2-T1-4 /D:2     /R       /D:1     /W-T0-1  /T3-T0-3 
/D:1     /W-T5-1  /D:1     /W-T4-1  /D:2     /W-T2-1  /D:3     /W-T2-1  /T6-T2-1 /T6-F2-1 
/T6-F0-1 /T1-F0-1 /T0-F0-1 /T1-F1-1 /T6-T2-1 /T1-F0-1 /T6-F2-1 /W-T6-1  /W-F1-1  /D:1     
/W-T2-1  /D:2     /W-T3-1  /T1-T3-7 /T1-T6-1 /T2-T6-6 /D:1     /W-T4-1  /W-T4-1  /W-T4-1  
/T5-T4-3 /T5-F1-1 /T5-F3-1 /T0-F3-1 /T0-F2-1 /T3-F3-1 /T3-F2-1 /T0-F1-1 /T0-F2-1 /T4-F1-1 
/T0-F1-1 /T4-F2-1 /T6-F3-1 /T3-F3-1 /T3-T4-1 /T3-F1-1 /T6-T0-2 /T6-F2-1 /T3-F2-1 /T0-T6-3 
/T0-F1-1 /T3-F1-1 /T6-T0-4 /T6-F2-1 /T6-F1-1 /T4-T3-4 /T4-F2-1 /T0-T6-6 /T0-F2-1 /T3-T4-5 
/T3-F1-1 /D:2     /W-F0-1  /W-F0-1  /T6-F0-1 /T4-F0-1 /T6-F3-1 /T4-F3-1 /T6-F0-1 /T4-F0-1 
/T6-F3-1 /T4-F3-1 /T6-F0-1 /T4-F0-1 /T6-F3-1 /T4-F3-1 /T6-F0-1 
"
1011148,h#zH#rMn#cWAJ#FRdsV#iwIpov#KDlLUeY#fQOBmENCbPkyXqTtxZSjaguG,150.000000,2928.000000,50.000000,0.589109,1,"
minimal: 0 / states: 131 / duration: 0.000134s
history:
/T2-F2-1 /T6-T2-1 /T4-T3-1 /T6-T4-1 /T6-T5-1 /T1-T3-1 /D:7     /W-F3-1  /D:4     /W-T6-1  
/T3-T6-3 /T3-F0-1 /T5-T3-2 /T5-F2-1 /T5-F2-1 /T0-T5-1 /T2-T0-2 /D:3     /W-F2-1  /T2-F2-1 
/D:1     /W-T6-1  /T4-T6-2 /D:1     /W-T3-1  /D:1     /W-T0-1  /T3-T0-4 /D:1     /W-T2-1  
/T6-T2-8 /T6-T1-1 /T6-T2-1 /T3-T2-1 /T6-T1-1 /D:1     /W-T0-1  /F2-T0-1 /T4-T0-1 /D:1     
/W-T1-1  /T5-T1-2 /D:1     /W-F1-1  /D:3     /W-T1-1  /R       /D:1     /W-T1-1  /D:2     
/W-F3-1  /D:1     /W-F0-1  /D:1     /W-T3-1  /D:1     /W-T1-1  /T0-T1-1 /T0-F2-1 /D:1     
/W-F0-1  /D:1     /W-F1-1  /T2-F1-1 /T1-F1-1 /T2-F0-1 /T2-F1-1 /T4-T2-1 /T1-F0-1 /T1-F1-1 
/T4-F0-1 /T1-F0-1 /D:1     /W-F3-1  /W-F3-1  /T2-F3-1 /T0-F3-1 /T2-F2-1 /T0-F2-1 /T2-F3-1 
/T0-F3-1 /T2-F0-1 /T2-F3-1 /T1-T0-1 /T1-F0-1 /T2-F0-1 /T5-T2-1 /T0-T1-2 /T0-F3-1 /T1-T0-3 
/T1-F0-1 /T5-T2-1 /D:1     /W-T3-1  /T2-T3-3 /T2-F0-1 /D:1     /W-F3-1  /T0-T1-4 /T0-F3-1 
/T0-F0-1 /T2-F3-1 /D:1     /W-F1-1  /T1-F1-1 /T3-F1-1 /D:1     /W-F2-1  /T1-F2-1 /T1-F1-1 
/T3-F2-1 /T1-F2-1 /T3-F1-1 /T1-F1-1 /T3-F2-1 /T1-F2-1 /T3-F1-1 
"
1011158,k#NB#mpl#tidn#TJrAM#uzZKbV#eWxGwgH#FULhyvCaqocXORESPsfQIDjY,133.000000,1698.000000,36.000000,0.651899,1,"
minimal: 0 / states: 104 / duration: 0.000117s
history:
/T3-F2-1 /T6-T5-1 /T6-T5-1 /T5-T6-3 /T6-T0-4 /T2-T4-1 /T5-T2-1 /T5-T4-1 /T2-T3-2 /D:1     
/W-T0-1  /D:2     /W-T2-1  /T0-T2-6 /T4-T0-3 /T4-F0-1 /T1-F0-1 /T1-F3-1 /T3-T4-3 /T5-T1-1 
/D:2     /W-T1-1  /D:2     /W-F0-1  /D:1     /W-F1-1  /T4-F1-1 /D:2     /W-F2-1  /T4-F2-1 
/W-F2-1  /D:1     /W-F1-1  /T4-F1-1 /T4-F2-1 /T3-T4-1 /D:1     /W-T1-1  /T4-T1-2 /D:1     
/W-F3-1  /D:1     /W-T2-1  /D:2     /W-T3-1  /W-T3-1  /D:1     /W-F3-1  /D:1     /W-F2-1  
/T3-T6-2 /T3-F2-1 /T5-T3-1 /T5-F2-1 /W-F2-1  /D:2     /W-F3-1  /T2-F3-1 /D:2     /W-F0-1  
/T6-F0-1 /T6-F3-1 /T2-F0-1 /T4-F3-1 /T6-F0-1 /D:1     /W-T0-1  /W-T0-1  /D:1     /W-T3-1  
/T6-T3-1 /T6-T3-1 /T6-F1-1 /W-F1-1  /T2-F1-1 /T2-F0-1 /W-F1-1  /T1-F1-1 /W-F3-1  /T0-F0-1 
/T0-F1-1 /T2-F3-1 /T1-F0-1 /T2-F2-1 /T2-F1-1 /T3-F3-1 /T0-F0-1 /T1-F3-1 /T2-F0-1 /T3-F2-1 
/T0-F1-1 /T1-F2-1 /T2-F1-1 /T3-F3-1 /T0-F0-1 /T1-F3-1 /T3-F2-1 
"
1011162,Z#bj#hkU#sdux#rJALS#iqWgVC#POTwfpe#MHFIDtKEcoNRBzyvnaYXlGmQ,122.000000,1641.000000,52.000000,0.613095,1,"
minimal: 0 / states: 119 / duration: 0.000124s
history:
/T1-T3-1 /T1-T5-1 /D:1     /W-T1-1  /D:3     /W-T3-1  /T2-T3-1 /D:1     /W-T6-1  /D:1     
/W-T3-1  /T4-T3-1 /T4-T0-1 /T4-F0-1 /T2-T0-1 /T4-T0-1 /T4-T3-1 /D:3     /W-T6-1  /D:1     
/W-T6-1  /D:1     /W-F3-1  /D:2     /W-F0-1  /D:1     /W-T4-1  /D:3     /W-F2-1  /T6-F2-1 
/D:1     /W-F1-1  /T5-F1-1 /T6-F1-1 /T5-F0-1 /T5-T0-1 /T6-F0-1 /D:1     /W-T1-1  /T3-T1-7 
/T5-T3-1 /T3-T0-2 /T3-F1-1 /T6-F1-1 /T6-F2-1 /T6-F1-1 /T0-F1-1 /T2-F1-1 /W-T5-1  /D:2     
/W-T4-1  /D:2     /W-T2-1  /D:1     /W-T1-1  /R       /D:3     /W-T4-1  /T5-T4-2 /T5-F2-1 
/T5-F1-1 /D:1     /W-F0-1  /W-F0-1  /D:1     /W-T3-1  /D:1     /W-T2-1  /D:1     /W-T2-1  
/T6-T2-1 /T6-T0-1 /T6-F3-1 /T6-F3-1 /T1-F3-1 /T1-F2-1 /T3-F3-1 /T1-F3-1 /T3-F2-1 /T0-F3-1 
/T1-F2-1 /T0-F2-1 /T1-F3-1 /T4-F2-1 /T0-F3-1 /T2-F2-1 /T4-F3-1 /T2-F3-1 /T1-T4-2 /T1-F2-1 
/T1-F3-1 /T2-F2-1 /T0-T2-3 /T0-F3-1 /T4-T1-4 /T4-F2-1 /D:1     /W-F0-1  /W-F0-1  /T1-F0-1 
/T1-F1-1 /T2-F0-1 /T1-F0-1 /T2-F1-1 /T1-F1-1 /T2-F0-1 /T1-F0-1 /T2-F1-1 
"
1011166,N#Pg#Vvk#QwYZ#fBalU#siHFWS#RELIeJA#KGxcMbruTXhnojqytDzdmpOC,115.000000,1888.000000,45.000000,0.593333,1,"
minimal: 0 / states: 128 / duration: 0.000130s
history:
/T0-F3-1 /T6-F0-1 /T6-T2-1 /T3-T0-1 /D:1     /W-T3-1  /D:1     /W-T4-1  /T5-T4-1 /T5-T3-1 
/T6-T5-1 /T4-T6-3 /T5-T1-2 /T6-T3-4 /T2-T6-2 /T6-T0-3 /T1-T5-3 /T6-T3-1 /D:1     /W-T4-1  
/D:8     /W-T2-1  /D:1     /W-F2-1  /D:1     /W-F2-1  /D:1     /W-T4-1  /T2-T4-2 /T5-T2-4 
/T5-T0-1 /T6-T5-1 /D:1     /W-T2-1  /T1-T2-1 /D:2     /W-T4-1  /D:1     /W-T5-1  /D:1     
/W-T1-1  /T4-T1-6 /T4-F1-1 /T4-F0-1 /T4-T1-1 /D:1     /W-T3-1  /D:1     /W-T4-1  /W-T4-1  
/W-T4-1  /D:1     /W-F2-1  /T2-T5-1 /T2-F2-1 /D:1     /W-F3-1  /T5-F3-1 /D:1     /W-F0-1  
/T5-F0-1 /R       /D:2     /W-T6-1  /T3-T6-9 /T3-T4-1 /T3-F3-1 /T5-F3-1 /T6-T1-2 /T6-F3-1 
/T2-T4-5 /D:1     /W-F1-1  /W-F1-1  /T1-F1-1 /T1-F0-1 /T4-F1-1 /T4-F0-1 /T1-F1-1 /T6-F0-1 
/T4-F1-1 /T4-F0-1 /T1-T6-1 /T1-F1-1 /T0-F1-1 /T6-T1-2 /T6-F0-1 /T0-F0-1 /T1-T6-3 /T1-F1-1 
/T0-F1-1 /T6-T1-4 /T6-F0-1 /T0-F0-1 /T1-T6-5 /T1-F1-1 /T4-T0-4 /T4-F1-1 /T6-T1-6 /T6-F0-1 
/D:1     /W-F2-1  /T5-F2-1 /T1-F2-1 /D:1     /W-F2-1  /D:1     /W-F3-1  /T1-F3-1 /T0-F3-1 
/T1-F2-1 /T0-F2-1 /T1-F3-1 /T0-F3-1 /T1-F2-1 /T0-F2-1 /T1-F3-1 /T0-F3-1 /T1-F2-1 
"
1011191,D#hX#RNf#zPIK#xlWLe#yCAUwn#ScQqOaM#tbujkZTJspEdmGBYFrgoHVvi,127.500000,1186.000000,36.000000,0.734940,1,"
minimal: 0 / states: 109 / duration: 0.000120s
history:
/T5-F2-1 /T5-T1-1 /T0-T4-1 /T6-T0-1 /T6-F1-1 /D:1     /W-T5-1  /T2-T5-1 /T2-F3-1 /T6-F3-1 
/T6-T2-1 /D:1     /W-F1-1  /D:2     /W-T3-1  /D:6     /W-T6-1  /D:1     /W-T5-1  /T6-T5-2 
/T6-F1-1 /D:1     /W-F1-1  /D:4     /W-T0-1  /T3-T0-2 /T5-T3-6 /T5-F0-1 /W-F0-1  /T5-F0-1 
/T3-T0-7 /T3-F3-1 /T4-F0-1 /T4-F1-1 /T1-T4-2 /T0-T6-3 /T0-F1-1 /W-T1-1  /T6-T0-4 /W-T6-1  
/T4-T6-3 /D:3     /W-F1-1  /D:1     /W-F2-1  /T0-F2-1 /T0-F3-1 /T0-F0-1 /T2-F2-1 /T2-F3-1 
/W-F2-1  /T0-F3-1 /W-F0-1  /T1-F0-1 /W-F2-1  /T0-F2-1 /T1-F1-1 /D:1     /W-F0-1  /D:1     
/W-T6-1  /D:1     /W-T4-1  /T0-T4-1 /T0-F0-1 /W-F0-1  /W-F3-1  /T4-F3-1 /T6-F3-1 /T4-T0-1 
/T4-F3-1 /T4-T3-1 /T0-T4-2 /T0-F0-1 /T6-T5-2 /T6-F0-1 /W-T1-1  /T4-T0-3 /T5-T1-3 /D:1     
/W-F1-1  /R       /D:1     /W-F2-1  /T0-F2-1 /T0-F1-1 /T1-F2-1 /T0-F2-1 /T1-F3-1 /T0-F3-1 
/T0-F0-1 /T1-F2-1 /T1-F3-1 /D:1     /W-F1-1  /T3-F1-1 /T3-F2-1 /T6-F1-1 
"
1011215,P#LI#FTa#qpgZ#VtCYz#OihBry#wEfcSJd#bAvMukWsQjRxUneoHGXmKlND,99.000000,872.000000,31.000000,0.784615,1,"
minimal: 0 / states: 114 / duration: 0.000116s
history:
/T2-F1-1 /T5-T3-1 /T6-T5-1 /D:1     /W-F1-1  /D:1     /W-F0-1  /D:4     /W-T3-1  /T6-T3-1 
/T5-T6-2 /T5-F0-1 /T5-T1-1 /T5-T3-1 /W-T3-1  /T2-T3-1 /T2-T3-1 /T4-T2-1 /T4-T2-1 /T4-F0-1 
/T6-T4-3 /T6-F1-1 /T4-T1-4 /T1-F1-1 /D:3     /W-T1-1  /D:2     /W-T3-1  /D:1     /W-T2-1  
/W-T2-1  /T1-T2-6 /D:2     /W-F2-1  /D:1     /W-F1-1  /T6-F1-1 /D:1     /W-F2-1  /D:1     
/W-T4-1  /D:2     /W-T1-1  /D:4     /W-F3-1  /T5-F3-1 /T0-F3-1 /T3-T0-9 /T3-F1-1 /T3-F2-1 
/T2-F3-1 /T3-F2-1 /T2-F2-1 /T6-T2-1 /T0-F3-1 /T4-T6-2 /T6-T1-3 /D:1     /W-F0-1  /T2-F0-1 
/T0-F0-1 /T2-F3-1 /T0-F3-1 /R       /D:2     /W-T3-1  /D:2     /W-F2-1  /T2-F2-1 /T0-F2-1 
/T2-F1-1 /T0-F1-1 /D:1     /W-F3-1  /D:1     /W-F0-1  /T1-F0-1 /T1-F3-1 /T2-F0-1 /T0-F0-1 
/T2-F1-1 /T0-F1-1 /W-F3-1  /W-F2-1  /T1-F2-1 /T1-F3-1 /T2-F2-1 /T0-F2-1 /T2-F3-1 /T0-F3-1 
/T2-F2-1 /D:1     /W-T0-1  /T1-T0-1 /D:1     /W-F0-1  /T0-F0-1 /T3-F0-1 /D:1     /W-F1-1  
/T0-F1-1 
"
1011248,I#ZX#yQL#DvRl#sdUMg#CqfSTJ#FGaubpN#iPBYHehnWzcxVOmAwrtoEKkj,129.500000,1656.000000,58.000000,0.522222,1,"
minimal: 0 / states: 134 / duration: 0.000129s
history:
/T6-F3-1 /T5-T1-1 /T1-T2-2 /T2-T1-3 /T6-T2-1 /T6-T2-1 /T4-T6-1 /T3-T4-1 /D:1     /W-T1-1  
/T6-T1-2 /T6-F1-1 /T2-F1-1 /D:6     /W-T0-1  /T6-T0-1 /T3-T6-1 /T6-T1-2 /T4-T6-2 /T4-T3-1 
/D:1     /W-F2-1  /D:3     /W-F1-1  /T4-F1-1 /T4-T5-1 /W-T4-1  /D:1     /W-T6-1  /W-T6-1  
/T3-T6-2 /W-F1-1  /T3-T1-1 /D:2     /W-F3-1  /D:1     /W-T3-1  /D:1     /W-F0-1  /D:3     
/W-T6-1  /D:1     /W-F2-1  /T2-F2-1 /D:4     /R       /D:1     /W-F3-1  /T2-F3-1 /T2-T3-1 
/D:1     /W-F0-1  /D:1     /W-T4-1  /D:6     /W-T4-1  /D:1     /W-T3-1  /D:1     /W-T4-1  
/T0-T4-3 /R       /D:3     /W-T3-1  /W-T3-1  /W-T3-1  /T5-T3-2 /T5-T4-1 /T5-F1-1 /T5-F2-1 
/T5-F0-1 /T1-F0-1 /T1-F3-1 /T4-F3-1 /D:1     /W-F2-1  /T3-F2-1 /T6-F2-1 /T3-F3-1 /T6-F3-1 
/T1-T3-2 /T1-F2-1 /T6-F2-1 /T3-T1-3 /T3-F3-1 /T3-F2-1 /T6-F3-1 /T6-F2-1 /T1-T3-5 /T1-F3-1 
/T3-T1-6 /T3-F2-1 /T4-T6-5 /T4-F3-1 /T4-F2-1 /T1-T3-7 /T1-F3-1 /D:1     /W-F0-1  /T3-F0-1 
/T3-F1-1 /T6-F0-1 /T3-F0-1 /T6-F1-1 /T3-F1-1 /T6-F0-1 /T3-F0-1 /T6-F1-1 /T3-F1-1 /T6-F0-1 
/T3-F0-1 /T6-F1-1 /T3-F1-1 /T6-F0-1 
"
1011284,u#Sv#JAq#yQYw#mBdUK#lezCjW#cxLhraP#pbNGfXoHiZVDFMTtRIgOnksE,103.000000,2488.000000,46.000000,0.634615,1,"
minimal: 0 / states: 130 / duration: 0.000141s
history:
/T6-T2-1  /T6-F1-1  /T5-T4-1  /T1-T4-1  /T6-T1-1  /T6-T4-1  /D:2      /W-F1-1   /D:1      /W-F3-1   
/D:1      /W-T4-1   /T1-T4-2  /D:2      /W-T6-1   /T3-T6-1  /T4-T3-7  /D:1      /W-T2-1   /D:2      
/W-T6-1   /W-T6-1   /D:1      /W-T1-1   /T6-T1-5  /T5-T6-1  /D:5      /W-T0-1   /D:1      /W-T4-1   
/D:2      /W-T6-1   /T4-T6-2  /T5-T4-1  /T3-T5-8  /T4-T5-2  /D:1      /W-T1-1   /D:1      /W-F3-1   
/D:1      /W-F2-1   /T2-F2-1  /T4-T2-1  /D:2      /W-T0-1   /D:1      /R        /D:1      /W-F2-1   
/D:1      /W-T6-1   /D:3      /W-T1-1   /D:2      /W-T0-1   /T2-T0-3  /T2-F0-1  /T0-F0-1  /T0-F3-1  
/T5-F0-1  /T3-F3-1  /T3-T4-1  /T5-T3-10 /T5-T1-1  /T6-T5-6  /T6-F1-1  /T0-F2-1  /T3-F1-1  /T3-F2-1  
/T0-F3-1  /T0-F2-1  /T1-F1-1  /T3-F3-1  /T0-F3-1  /T5-F1-1  /T5-F2-1  /T0-F2-1  /T5-F3-1  /T3-T5-2  
/T3-F2-1  /T1-T2-4  /T1-F2-1  /W-T0-1   /W-F0-1   /W-F3-1   /T3-F3-1  /T1-F3-1  /T5-T3-4  /T5-F2-1  
/T4-F2-1  /T3-T0-6  /T3-F2-1  /T0-T5-5  /T0-F3-1  /T1-T4-1  /T1-F3-1  /T5-T0-6  /D:1      /W-T4-1   
/T2-T4-5  /D:1      /W-F0-1   /T4-F0-1  /T0-F0-1  /T4-F1-1  /T0-F1-1  /T4-F0-1  /T0-F0-1  /T4-F1-1  
/T0-F1-1  /T4-F0-1  /T0-F0-1  /T4-F1-1  /T0-F1-1  /T4-F0-1  /T0-F0-1  /T4-F1-1  
"
1011294,M#bq#fnl#ILzQ#dvDVG#jFWcPN#rTZagAx#XUmuepRsyHhSiKYtBwoJkCEO,116.000000,2713.000000,59.000000,0.570707,1,"
minimal: 0 / states: 139 / duration: 0.000142s
history:
/T5-F3-1 /T6-T2-1 /T6-F0-1 /T5-T1-1 /T2-T0-2 /T2-F2-1 /T2-T4-1 /D:3     /W-T2-1  /D:3     
/W-T3-1  /D:2     /W-T6-1  /W-T6-1  /T1-T6-2 /T1-T3-1 /D:1     /W-T2-1  /D:8     /W-F0-1  
/D:2     /W-F2-1  /D:2     /W-T2-1  /W-T2-1  /D:1     /W-F0-1  /D:1     /W-T4-1  /T3-T4-3 
/T3-T1-1 /D:1     /W-F3-1  /T6-F3-1 /T5-T6-1 /T5-T0-1 /R       /D:1     /W-T3-1  /D:3     
/W-T5-1  /D:4     /W-T2-1  /D:2     /W-T1-1  /W-T1-1  /D:2     /W-T3-1  /R       /D:2     
/W-T2-1  /T6-T2-5 /T6-F1-1 /T4-F1-1 /T2-F1-1 /T4-F2-1 /T2-F2-1 /T4-F3-1 /T3-T6-3 /T3-T0-1 
/T6-T3-4 /T5-T6-2 /W-T0-1  /T4-T0-3 /T4-T3-1 /T4-F0-1 /T2-F3-1 /T4-T5-1 /T4-F1-1 /T0-F0-1 
/T6-F1-1 /T6-F0-1 /T0-F1-1 /T0-F0-1 /T2-T6-1 /T2-F1-1 /T6-T2-2 /T6-F2-1 /T2-F2-1 /T5-T1-2 
/D:1     /W-F0-1  /T0-T1-1 /T0-F0-1 /D:1     /W-F1-1  /T2-T3-2 /T2-F1-1 /T2-F0-1 /T1-T0-2 
/T1-F1-1 /T1-F0-1 /T2-F1-1 /T0-T1-4 /T0-F1-1 /T3-T2-5 /T3-F0-1 /T0-F0-1 /T2-T3-6 /T2-F1-1 
/D:1     /W-F3-1  /T3-F3-1 /T1-F3-1 /D:1     /W-F2-1  /T3-F2-1 /T1-F2-1 /T3-F3-1 /T1-F3-1 
/T3-F2-1 /T1-F2-1 /T3-F3-1 /T1-F3-1 /T3-F2-1 /T1-F2-1 /T3-F3-1 
"
1011304,f#GO#EAI#vzyD#hZCnr#xgdUbo#sTHXjMt#ewWaQYRlJKFSVuikqpPNcLmB,130.500000,1959.000000,42.000000,0.642857,1,"
minimal: 0 / states: 124 / duration: 0.000129s
history:
/T4-T0-1 /T4-F2-1 /T5-F2-1 /T5-T4-1 /T6-T5-1 /T5-T2-2 /T4-T5-2 /T5-T0-3 /T0-T2-5 /T6-T0-1 
/T2-T6-8 /T2-F0-1 /D:4     /W-F1-1  /T6-F1-1 /T1-T6-1 /D:1     /W-T2-1  /D:1     /W-T0-1  
/D:4     /W-T0-1  /T6-T0-9 /W-T6-1  /D:1     /W-T5-1  /D:1     /W-T1-1  /T2-T1-2 /T4-T2-1 
/T1-T4-4 /D:1     /W-T6-1  /D:1     /W-T6-1  /T5-T6-2 /D:4     /W-F2-1  /W-F2-1  /D:1     
/W-T3-1  /D:1     /W-F3-1  /T0-F3-1 /T3-F3-1 /T4-F3-1 /T0-T4-2 /T0-F2-1 /D:1     /W-F1-1  
/D:1     /W-T2-1  /T6-T2-6 /D:1     /W-T1-1  /D:1     /W-F0-1  /T4-F0-1 /T3-F0-1 /T4-F1-1 
/T4-F0-1 /T3-T1-1 /T2-F0-1 /W-T1-1  /R       /D:1     /W-F1-1  /T0-F1-1 /T2-F1-1 /T4-T0-1 
/T4-F0-1 /T6-F0-1 /T6-T2-1 /T6-T2-1 /T3-T6-1 /T2-F2-1 /T4-F1-1 /T0-T3-3 /T0-F0-1 /T3-T0-4 
/D:1     /W-T1-1  /T2-T1-3 /T2-F0-1 /T0-T5-5 /T0-F0-1 /T5-T0-6 /D:2     /W-F3-1  /T0-F3-1 
/T0-F2-1 /T1-F3-1 /T0-F3-1 /T1-F2-1 /T0-F2-1 /T1-F3-1 /W-F3-1  /T1-F2-1 /T2-F3-1 /T2-F0-1 
/T0-T6-3 /T0-F0-1 /D:2     /W-F1-1  /T6-F1-1 /T1-F1-1 /T6-F2-1 /T1-F2-1 /T6-F3-1 /T2-F3-1 
/W-F1-1  /T1-F1-1 /T6-F2-1 
"
1011338,d#zg#WHy#wFjo#qXcCk#rZSiMn#UQPTLNv#tbeVAOIsEufxJmpDaYRlGKBh,158.500000,1705.000000,47.000000,0.633663,1,"
minimal: 0 / states: 116 / duration: 0.000121s
history:
/T5-F2-1 /T3-F2-1 /T6-T3-1 /T6-F3-1 /T4-T2-1 /T4-T0-1 /D:2     /W-T0-1  /D:3     /W-F0-1  
/D:1     /W-F3-1  /D:2     /W-T1-1  /D:5     /W-T2-1  /D:2     /W-F2-1  /D:2     /W-F1-1  
/T0-F1-1 /T4-F1-1 /T4-T6-1 /T4-F2-1 /T5-T4-1 /T5-T2-1 /D:1     /W-T4-1  /D:1     /W-T1-1  
/W-T1-1  /D:3     /W-T4-1  /T3-T4-2 /D:1     /W-F0-1  /T0-F0-1 /T0-F1-1 /T1-F0-1 /D:1     
/W-T4-1  /W-T4-1  /T5-T4-1 /T6-T5-2 /T3-T6-1 /T5-T0-3 /T5-F2-1 /T1-T6-1 /T1-F2-1 /T3-T0-1 
/R       /D:1     /W-F2-1  /D:1     /W-F1-1  /D:1     /W-T0-1  /D:2     /W-F0-1  /D:1     
/W-T0-1  /T6-T0-3 /T6-F3-1 /T6-F3-1 /T0-F3-1 /T0-F0-1 /T4-F3-1 /T0-F3-1 /T1-T0-1 /T4-F0-1 
/T6-F3-1 /T0-T2-2 /T0-F3-1 /D:1     /W-F1-1  /T2-F1-1 /T2-F2-1 /T4-F1-1 /T4-F2-1 /T0-F2-1 
/T2-F1-1 /T4-F1-1 /T2-T0-1 /T2-F1-1 /D:1     /W-F2-1  /T2-F2-1 /T2-F0-1 /W-F0-1  /T0-F0-1 
/T2-F3-1 /T0-F3-1 /T4-F0-1 /T0-F0-1 /T4-F3-1 /T0-F3-1 /T1-F2-1 /T4-F0-1 /D:1     /W-T0-1  
/D:1     /W-F1-1  /T0-F1-1 
"
1011341,V#Lr#qOa#IEBp#kdTlH#DWKeRN#gyusZvb#oYmzPUXJAtcnhQGFSxjiwCMf,129.000000,2333.000000,54.000000,0.576923,1,"
minimal: 0 / states: 130 / duration: 0.000143s
history:
/T2-F1-1 /T5-F3-1 /T2-F3-1 /T6-F1-1 /T4-T0-1 /T2-T5-1 /D:3     /W-T2-1  /D:2     /W-F3-1  
/D:1     /W-T6-1  /D:3     /W-F0-1  /D:1     /W-T6-1  /D:1     /W-F1-1  /D:1     /W-F2-1  
/D:2     /W-T1-1  /T3-T1-1 /T3-F0-1 /D:3     /W-T6-1  /T1-T6-3 /T1-T2-1 /D:1     /W-T4-1  
/D:1     /W-T4-1  /T6-T4-7 /T6-T1-1 /T5-T6-2 /D:3     /W-F0-1  /D:2     /R       /D:1     
/W-F2-1  /T4-F2-1 /T4-F3-1 /T6-F2-1 /T4-F2-1 /T3-T4-1 /T6-F3-1 /T6-F2-1 /D:3     /W-T2-1  
/D:1     /W-T2-1  /T0-T2-2 /W-T0-1  /T4-T0-8 /T4-T2-1 /T4-F1-1 /T5-F1-1 /D:1     /W-T3-1  
/D:1     /W-T3-1  /T0-T3-2 /T0-F2-1 /T6-F2-1 /T6-T1-1 /T4-T1-1 /D:1     /W-T2-1  /D:2     
/W-T1-1  /W-T1-1  /D:1     /W-T4-1  /W-T4-1  /T5-T4-1 /T5-T4-1 /T5-F0-1 /T3-F0-1 /T2-F0-1 
/T3-F3-1 /T2-F3-1 /T0-F3-1 /T0-F2-1 /T3-F0-1 /T2-F0-1 /T2-F3-1 /T4-F3-1 /T1-T2-1 /T1-F2-1 
/T0-T4-1 /T0-F2-1 /T2-T1-2 /T2-F3-1 /T1-T2-3 /T1-F2-1 /T4-T0-2 /T4-F3-1 /T1-F3-1 /T0-T4-3 
/T0-F2-1 /T3-T4-2 /D:1     /W-F1-1  /T6-F1-1 /T4-F1-1 /T2-F1-1 /T4-F0-1 /T2-F0-1 /T4-F1-1 
/T2-F1-1 /T4-F0-1 /T2-F0-1 /T4-F1-1 /T2-F1-1 /T4-F0-1 
"
1011343,y#BG#wTU#rakE#eWRjZ#hQxnbH#soXPNiF#KMgSOLIcVYztpvqDJdAmlCfu,152.000000,1380.000000,55.000000,0.567708,1,"
minimal: 0 / states: 126 / duration: 0.000136s
history:
/T1-T2-1 /T0-T4-1 /T4-T0-2 /D:3     /W-T5-1  /T6-T5-1 /T5-T6-3 /D:1     /W-T2-1  /T3-T2-1 
/T3-T0-1 /T3-F1-1 /T5-F1-1 /T5-F2-1 /T4-T5-1 /T4-T6-1 /D:3     /W-T4-1  /T2-T4-4 /D:1     
/W-F1-1  /D:6     /W-T5-1  /D:1     /W-T6-1  /D:2     /W-T0-1  /T6-T0-6 /T6-F3-1 /T6-T0-1 
/T1-T0-1 /D:1     /W-F1-1  /D:1     /W-F0-1  /T0-F0-1 /D:1     /W-T1-1  /D:2     /W-F0-1  
/D:2     /R       /D:3     /W-F3-1  /T0-F3-1 /D:1     /W-T1-1  /T6-T1-1 /T6-F2-1 /T6-T2-1 
/W-T6-1  /D:2     /W-T6-1  /T5-T6-3 /T5-F3-1 /T5-T6-1 /D:1     /W-T5-1  /D:1     /W-T6-1  
/D:1     /W-F2-1  /T0-F2-1 /T3-F2-1 /T0-F3-1 /T2-F2-1 /T6-F2-1 /D:1     /W-F0-1  /T4-F0-1 
/T4-F3-1 /T2-F3-1 /T0-F0-1 /T4-F0-1 /T4-F3-1 /W-F3-1  /T2-T1-1 /D:1     /W-T5-1  /W-T5-1  
/T4-T5-2 /T4-F1-1 /D:1     /W-F1-1  /T0-F1-1 /T0-F0-1 /T6-F1-1 /T5-F0-1 /T0-F1-1 /T0-F0-1 
/T5-F3-1 /T5-F0-1 /T1-T0-1 /T1-F3-1 /T1-F0-1 /T6-T5-3 /T6-F3-1 /T6-F0-1 /T0-T1-3 /T0-F3-1 
/D:1     /W-F2-1  /T5-F2-1 /T1-F2-1 /T5-F1-1 /T1-F1-1 /T5-F2-1 /T1-F2-1 /T5-F1-1 /T1-F1-1 
/T5-F2-1 
"
1011344,X#OL#CNa#giqP#Vcyvw#tYdGhB#UJxkSbm#spZzIQDloTFMfWKEjHuneRAr,125.000000,2891.000000,63.000000,0.504762,1,"
minimal: 0 / states: 144 / duration: 0.000137s
history:
/T2-F1-1 /T2-F3-1 /T5-T3-1 /T4-T0-1 /T5-T4-1 /T5-T4-1 /T1-T6-1 /T1-F3-1 /T6-T1-2 /T6-F1-1 
/T6-T4-1 /T6-T1-1 /T2-T5-1 /D:3     /W-T2-1  /D:11    /W-T6-1  /T4-T6-4 /T4-T2-1 /T4-F1-1 
/T0-T2-2 /T4-T2-1 /D:2     /W-T6-1  /T5-T6-2 /T6-T5-9 /T6-T1-1 /D:2     /W-T2-1  /D:2     
/W-F2-1  /D:3     /W-F0-1  /T3-F0-1 /T5-F0-1 /T3-F3-1 /T5-F1-1 /D:1     /R       /D:3     
/W-T0-1  /T5-T0-8 /T5-T6-1 /D:2     /W-F3-1  /D:1     /W-F0-1  /T0-F0-1 /D:2     /W-F2-1  
/D:1     /W-T2-1  /D:1     /W-F0-1  /T0-T6-1 /T0-F0-1 /D:1     /W-T4-1  /W-T4-1  /D:2     
/W-T4-1  /D:1     /W-T4-1  /D:2     /W-F1-1  /D:1     /W-F3-1  /T6-F3-1 /T2-F3-1 /T2-F0-1 
/T6-T0-1 /T6-F3-1 /T2-F3-1 /T0-T4-3 /T0-F3-1 /D:1     /R       /D:2     /W-F2-1  /T3-F2-1 
/T3-T1-1 /W-T3-1  /D:1     /W-F0-1  /T1-T2-1 /T1-F0-1 /T2-T1-2 /T2-F3-1 /T4-T0-4 /T4-F0-1 
/T0-T4-5 /T0-F3-1 /T1-T2-3 /T1-F0-1 /T2-T1-4 /T2-F3-1 /T4-T0-6 /T4-F0-1 /D:1     /W-F1-1  
/D:1     /W-T1-1  /T3-T1-2 /D:1     /W-F2-1  /T1-F2-1 /T0-F2-1 /T1-F1-1 /T0-F1-1 /T1-F2-1 
/T0-F2-1 /T1-F1-1 /T0-F1-1 /T1-F2-1 /T0-F2-1 /T1-F1-1 /T0-F1-1 /T1-F2-1 /T0-F2-1 /T1-F1-1 
"
1011354,n#bB#qfQ#DdWs#tPjJw#RzvCuN#MYILcEo#OZpKkrSAHmhxalyTUgeGFViX,141.500000,2283.000000,62.000000,0.515957,1,"
minimal: 0 / states: 128 / duration: 0.000135s
history:
/T0-F2-1 /T5-F3-1 /T6-F2-1 /T2-T6-1 /T6-T2-2 /T1-T6-1 /D:1     /W-F3-1  /D:1     /W-T0-1  
/D:1     /W-F2-1  /D:5     /W-F0-1  /T6-F0-1 /D:5     /W-F1-1  /T1-F1-1 /T6-F1-1 /T6-T0-1 
/D:3     /W-T5-1  /T3-T5-1 /T6-T3-1 /D:1     /W-T3-1  /D:2     /W-T5-1  /D:1     /W-T3-1  
/T2-T3-3 /T2-F2-1 /D:2     /W-T4-1  /T5-T4-4 /T5-F0-1 /D:2     /W-T0-1  /T4-T0-6 /W-T4-1  
/R       /D:1     /W-T6-1  /T3-T6-7 /T3-F1-1 /T0-F1-1 /T3-F0-1 /D:2     /W-F2-1  /T0-F2-1 
/D:2     /W-T4-1  /D:1     /W-T1-1  /D:1     /W-T5-1  /D:3     /W-T1-1  /D:1     /W-T4-1  
/D:1     /W-T0-1  /R       /D:1     /W-T1-1  /T4-T1-4 /T5-T4-2 /T5-T2-1 /T6-T2-9 /T5-T0-1 
/D:3     /W-T6-1  /W-T6-1  /T4-T6-3 /T4-F3-1 /T2-F3-1 /T0-F3-1 /T2-F0-1 /T0-F0-1 /T2-F1-1 
/T1-F1-1 /W-F3-1  /T0-F3-1 /T2-F0-1 /T1-F0-1 /T4-F2-1 /T0-F2-1 /T2-F3-1 /T0-F3-1 /T6-F1-1 
/T1-F1-1 /T2-F0-1 /T1-F0-1 /T6-F2-1 /T0-F2-1 /T2-F3-1 /T0-F3-1 /T6-F1-1 /T1-F1-1 /T2-F0-1 
/T0-F0-1 /T6-F2-1 /T1-F2-1 /T2-F3-1 /T0-F3-1 /T6-F1-1 /T1-F1-1 /T2-F2-1 /T6-F0-1 
"
1011379,n#Zv#jXb#MLPq#lBeHQ#StzFRk#TCypmOG#EUJAhwcfiIoVYaWKuNDsgxrd,111.500000,1085.000000,51.000000,0.572289,1,"
minimal: 0 / states: 125 / duration: 0.000133s
history:
/T0-F2-1 /D:2     /W-T1-1  /T6-T1-1 /D:1     /W-T5-1  /D:1     /W-F0-1  /D:3     /W-T3-1  
/D:1     /W-T1-1  /D:1     /W-T5-1  /D:2     /W-F2-1  /D:3     /W-F1-1  /T2-F1-1 /T3-F1-1 
/D:3     /W-T5-1  /D:1     /W-F3-1  /T6-F3-1 /T6-T0-1 /T6-F2-1 /T3-F2-1 /T3-F3-1 /T4-F3-1 
/T5-T3-4 /T5-F3-1 /T6-T0-1 /T2-T0-1 /T1-T2-4 /T3-T1-5 /D:3     /W-T1-1  /T5-T1-1 /D:2     
/W-F2-1  /D:1     /W-F1-1  /R       /D:1     /W-T2-1  /F1-T2-1 /T6-T2-1 /T6-T4-1 /T5-T6-1 
/D:2     /W-T0-1  /D:2     /W-T0-1  /T4-T0-2 /T4-T1-1 /T4-F0-1 /T2-F0-1 /T2-F1-1 /T1-F1-1 
/T4-T3-1 /D:1     /W-T6-1  /D:2     /W-T3-1  /W-T3-1  /W-T3-1  /W-T3-1  /T5-T3-1 /T5-F3-1 
/T0-F3-1 /D:1     /W-F0-1  /T2-F0-1 /T1-F0-1 /T2-F1-1 /T2-F0-1 /T0-F0-1 /T1-F1-1 /T2-F3-1 
/T0-F3-1 /T3-T2-2 /T3-F0-1 /T3-F3-1 /T1-T0-2 /T1-F0-1 /T3-F0-1 /T0-T1-3 /T0-F3-1 /T6-F3-1 
/T1-T0-4 /T1-F0-1 /T1-F3-1 /T3-T6-1 /T3-F0-1 /D:1     /W-F2-1  /T2-F2-1 /T0-F2-1 /T2-F1-1 
/T0-F1-1 /T2-F2-1 /T0-F2-1 /T2-F1-1 /T0-F1-1 /T6-F1-1 /D:1     /W-F2-1  /T0-F2-1 /T0-F1-1 
/T6-F2-1 
"
1011404,l#Rv#man#czwU#eKAkM#difNjE#qXOWQDb#xSYhTtHCgIpuFZPGJBoVrsyL,163.500000,2401.000000,59.000000,0.525000,1,"
minimal: 0 / states: 128 / duration: 0.000124s
history:
/T2-F2-1 /T2-F1-1 /T6-F1-1 /T3-T1-1 /T0-T4-1 /T4-T0-2 /T3-T4-1 /D:1     /W-T0-1  /D:2     
/W-T3-1  /D:3     /W-T1-1  /D:9     /W-T6-1  /D:3     /W-T6-1  /D:1     /W-F2-1  /D:1     
/W-T4-1  /D:3     /W-T2-1  /T4-T2-3 /T4-F0-1 /T6-F0-1 /T4-T3-1 /T6-T4-2 /T6-T5-1 /T6-T0-1 
/T1-T0-3 /D:1     /R       /D:1     /W-T0-1  /T5-T0-2 /T5-T3-1 /T5-F3-1 /T6-F3-1 /T4-F3-1 
/T0-F3-1 /T1-F3-1 /T3-T1-4 /T3-F1-1 /T0-T5-1 /T0-F3-1 /T5-T0-2 /D:2     /W-F3-1  /D:1     
/W-T2-1  /D:1     /W-F0-1  /T4-F0-1 /T0-F0-1 /D:1     /W-T2-1  /D:1     /W-T1-1  /W-T1-1  
/T0-T1-2 /T0-F3-1 /T2-T5-2 /T2-F3-1 /T5-T2-3 /T5-F1-1 /T4-F1-1 /T1-F1-1 /T2-F1-1 /D:1     
/W-F2-1  /D:2     /W-F0-1  /D:1     /W-T3-1  /D:1     /W-F0-1  /T2-F0-1 /T1-T0-2 /T1-F0-1 
/T0-T1-3 /T0-F3-1 /T6-F3-1 /T6-F2-1 /W-T2-1  /D:1     /W-F0-1  /T1-T0-4 /T1-F0-1 /T1-F3-1 
/T3-F3-1 /D:1     /W-F2-1  /D:1     /W-F2-1  /T0-F2-1 /T0-F1-1 /T2-F2-1 /T0-F2-1 /T2-F1-1 
/T0-F1-1 /T2-F2-1 /T0-F2-1 /T2-F1-1 /T0-F1-1 /T2-F2-1 /T1-F2-1 /T2-F1-1 /D:1     /W-F0-1  
/T0-F0-1 
"
1011425,A#bp#siK#wMZd#YeEFa#LrDvnl#XHmtkgx#IPSBhqUufycRTGJjzQOoWCNV,138.000000,3240.000000,47.000000,0.568966,1,"
minimal: 0 / states: 122 / duration: 0.000123s
history:
/T0-F0-1 /T4-F1-1 /T6-T5-1 /T4-T6-1 /T3-T4-1 /T3-T0-1 /T5-T3-2 /T5-F2-1 /T1-T4-1 /T1-F1-1 
/T3-T1-3 /D:4     /W-F0-1  /D:1     /W-T5-1  /D:5     /W-T0-1  /D:1     /W-F1-1  /D:1     
/W-T6-1  /D:2     /W-T5-1  /D:2     /W-T1-1  /T5-T1-3 /T5-T6-1 /D:2     /W-T5-1  /T4-T5-1 
/T4-F1-1 /D:1     /W-T5-1  /D:1     /W-F2-1  /D:1     /W-T2-1  /D:1     /W-F0-1  /T6-F0-1 
/T4-F0-1 /T4-F1-1 /T2-T4-2 /T2-T3-1 /T6-T2-1 /T6-F0-1 /T1-F0-1 /T2-T6-2 /W-T2-1  /T4-T2-3 
/D:1     /W-F3-1  /T5-F3-1 /T5-F2-1 /D:1     /R       /D:1     /W-T2-1  /D:1     /W-F3-1  
/T5-F3-1 /T6-F3-1 /D:1     /W-F3-1  /D:1     /W-F2-1  /T5-F2-1 /T6-F2-1 /D:1     /W-T2-1  
/D:1     /W-T3-1  /T6-T3-1 /T6-T0-1 /T6-F2-1 /T6-T4-1 /T6-F0-1 /T3-T0-4 /T5-T4-1 /T6-T4-1 
/D:1     /W-F1-1  /T0-F1-1 /T1-F1-1 /T0-F2-1 /T0-F1-1 /T1-F2-1 /T0-F2-1 /T1-F1-1 /T0-F1-1 
/T1-F2-1 /T0-F2-1 /T1-F1-1 /T2-T1-5 /T2-F2-1 /T4-T0-2 /T4-F1-1 /D:1     /W-F3-1  /T1-F3-1 
/T1-F0-1 /D:1     /W-F0-1  /D:1     /W-F3-1  /T1-F3-1 /T0-F3-1 /T1-F0-1 /T0-F0-1 /T1-F3-1 
/T0-F3-1 /T1-F0-1 
"
1011463,n#io#Vea#WMGQ#gzwCc#DPFbAO#SJTfHpl#sqxRLYtdvIXkyEBjKrZhuUNm,107.500000,1577.000000,55.000000,0.595506,1,"
minimal: 0 / states: 133 / duration: 0.000144s
history:
/T0-F2-1 /T1-F2-1 /T2-F1-1 /D:2     /W-T2-1  /T4-T2-1 /T5-T4-1 /T5-F0-1 /T5-F1-1 /T4-T3-2 
/T2-T5-3 /T5-F1-1 /T1-T4-1 /D:1     /W-T6-1  /D:5     /W-F1-1  /D:7     /W-F0-1  /D:1     
/W-T6-1  /D:3     /W-T0-1  /D:2     /W-T2-1  /D:2     /W-F3-1  /T3-F3-1 /T3-F0-1 /D:1     
/W-T1-1  /R       /D:3     /W-T0-1  /D:3     /W-T6-1  /D:2     /W-T0-1  /T4-T0-2 /T6-T4-4 
/T6-F2-1 /T6-T0-1 /T5-F2-1 /T5-F1-1 /T6-F1-1 /T5-T6-1 /T5-F3-1 /T3-F3-1 /T5-F0-1 /T6-T0-2 
/T4-T5-5 /T4-F1-1 /T2-T6-2 /D:2     /W-T1-1  /W-T1-1  /T6-T1-3 /T6-T3-1 /D:1     /W-F0-1  
/T0-F0-1 /D:2     /W-F2-1  /D:1     /W-T5-1  /T3-T5-2 /T3-T2-1 /D:1     /R       /D:1     
/W-F2-1  /D:1     /W-F3-1  /T5-F3-1 /T0-F3-1 /T5-F0-1 /T0-F0-1 /T5-F1-1 /T0-F1-1 /T5-T3-1 
/T5-F1-1 /T3-T5-2 /D:1     /W-T2-1  /D:1     /W-F2-1  /T1-F2-1 /T5-F2-1 /T0-F2-1 /T1-T0-2 
/T1-F1-1 /T5-T2-2 /T5-F1-1 /D:1     /W-F0-1  /D:2     /W-F3-1  /T0-F3-1 /T0-F0-1 /T2-F3-1 
/T0-F3-1 /T2-F2-1 /T1-F2-1 /W-F0-1  /T0-F0-1 /T1-F1-1 /T2-F3-1 /T0-F3-1 /T2-F0-1 /T5-F2-1 
"
1011472,A#qc#wmZ#JOKL#jkIQs#fvloMB#STeDGyt#XHnWrRExpUbdNYgzhCVuPFia,140.000000,1593.000000,48.000000,0.587912,1,"
minimal: 0 / states: 128 / duration: 0.000130s
history:
/T0-F0-1 /T5-F0-1 /T5-T0-1 /T3-T2-1 /T5-T1-1 /T3-T5-1 /T5-T0-2 /D:1     /W-T2-1  /D:2     
/W-F2-1  /T1-F2-1 /D:1     /W-T0-1  /T5-T0-1 /T5-T6-1 /T2-T5-3 /D:1     /W-T6-1  /D:1     
/W-T4-1  /D:3     /W-F2-1  /D:1     /W-T0-1  /T6-T0-3 /T6-T2-1 /D:2     /W-T0-1  /F2-T0-1 
/T3-T0-1 /T3-T5-1 /T2-T3-2 /D:1     /W-F3-1  /T0-F3-1 /T0-F2-1 /D:5     /W-F0-1  /D:1     
/W-T2-1  /D:1     /W-T2-1  /D:1     /W-F3-1  /D:2     /W-T5-1  /D:1     /W-F1-1  /R       
/D:1     /W-T5-1  /D:3     /W-F1-1  /T1-F1-1 /T0-F1-1 /T1-F2-1 /T0-F2-1 /D:2     /W-T2-1  
/T4-T2-2 /T4-F3-1 /T2-F3-1 /T2-F2-1 /T0-T6-1 /T0-F2-1 /T6-T0-2 /T6-F0-1 /T6-F1-1 /T6-T5-1 
/T0-F1-1 /T2-F1-1 /T2-F2-1 /T6-F3-1 /T5-F3-1 /T0-T4-2 /T0-F2-1 /T4-T0-3 /T4-T3-1 /T2-T3-2 
/D:1     /W-T1-1  /W-T1-1  /W-T1-1  /W-F0-1  /T4-T1-1 /D:1     /W-F1-1  /T5-T3-1 /T5-F1-1 
/T1-F1-1 /T3-T5-2 /T3-F2-1 /T1-F2-1 /T3-F1-1 /T3-F2-1 /T0-T1-5 /T0-F1-1 /T3-F1-1 /T1-T0-6 
/T1-F2-1 /D:1     /W-F0-1  /T0-F0-1 /T0-F3-1 /T5-F0-1 /T0-F0-1 /T5-F3-1 /T0-F3-1 /T5-F0-1 
/T0-F0-1 /T5-F3-1 /T0-F3-1 /T5-F0-1 /T0-F0-1 /T5-F3-1 
"
1011481,J#cS#EsM#lNea#TYwHA#zQrvkK#tCxBUVi#DhuIndqoLpyfRPXZbWgmGFjO,140.500000,1855.000000,52.000000,0.592391,1,"
minimal: 0 / states: 125 / duration: 0.000130s
history:
/T3-F1-1 /T4-F0-1 /T6-T0-1 /T4-T0-1 /T6-T4-1 /D:1     /W-T3-1  /D:2     /W-T4-1  /D:2     
/W-F2-1  /D:3     /W-F2-1  /D:2     /W-F2-1  /D:4     /W-T3-1  /D:3     /W-F1-1  /D:1     
/W-T5-1  /D:1     /W-T0-1  /D:2     /W-T6-1  /T1-T6-1 /T1-F1-1 /T2-T1-1 /T3-T2-3 /T3-F3-1 
/T5-T3-2 /T4-T5-3 /T2-T0-4 /T4-T1-1 /T2-T6-1 /W-T2-1  /T4-T5-1 /W-T4-1  /D:1     /W-T5-1  
/D:2     /W-F3-1  /T0-F3-1 /R       /D:2     /W-T3-1  /T6-T3-4 /T6-F0-1 /T6-T1-1 /T6-F0-1 
/T0-F0-1 /T3-F0-1 /T5-F0-1 /T3-T6-1 /T3-F0-1 /T6-T3-2 /D:1     /W-F1-1  /T0-F1-1 /D:1     
/W-F2-1  /D:1     /W-T2-1  /T5-T2-5 /W-T5-1  /D:1     /W-T4-1  /D:1     /W-F1-1  /T0-T2-1 
/T0-F1-1 /T0-F0-1 /T5-F1-1 /T0-F1-1 /T3-T5-3 /T3-F0-1 /T5-T3-4 /T5-F2-1 /T5-F3-1 /T0-F0-1 
/T2-F2-1 /T3-T1-5 /T3-F0-1 /T2-T4-5 /T2-F0-1 /T1-T5-7 /T1-F0-1 /D:1     /W-F3-1  /T5-F3-1 
/T4-F3-1 /T5-F2-1 /T4-F2-1 /T5-F3-1 /T4-F3-1 /T5-F2-1 /T4-F2-1 /T5-F3-1 /T5-F2-1 /D:1     
/W-F3-1  /T5-F3-1 /T4-T2-2 /T4-F3-1 /T3-T5-1 /D:1     /W-F1-1  /T2-F1-1 /T2-F2-1 /T5-F1-1 
/T2-F1-1 /T5-F2-1 
"
1011523,N#Ls#pPT#rKQu#whJBA#IyqbnY#OFGlzjd#mESoDkeUgXWtCxvHVcMaifRZ,143.500000,3486.000000,53.000000,0.563953,1,"
minimal: 0 / states: 133 / duration: 0.000135s
history:
/T0-F3-1 /T4-F0-1 /T4-F0-1 /T2-T3-1 /T1-T3-1 /D:1     /W-T0-1  /T1-T0-1 /D:3     /W-T2-1  
/D:2     /W-T0-1  /T4-T0-1 /D:1     /W-T3-1  /W-T3-1  /T2-T3-2 /T2-T6-1 /D:5     /W-T4-1  
/D:1     /W-F0-1  /D:1     /W-T5-1  /W-T5-1  /D:1     /W-T5-1  /T4-T5-2 /D:2     /W-T0-1  
/T3-T0-7 /D:2     /W-T1-1  /T5-T1-6 /T5-F2-1 /T0-F2-1 /T5-T6-1 /T0-T5-1 /T0-F0-1 /T5-T0-2 
/D:1     /W-F1-1  /T6-F1-1 /W-F1-1  /T6-T3-1 /T6-F1-1 /T3-F2-1 /D:1     /W-T4-1  /W-T4-1  
/W-T5-1  /W-T4-1  /T4-T5-4 /D:1     /W-T1-1  /D:2     /W-T2-1  /T5-T2-6 /T5-T6-1 /R       
/D:1     /W-T1-1  /T3-T1-1 /T6-T3-2 /T6-T4-1 /T6-T4-1 /T3-T4-3 /T1-T3-1 /T1-F0-1 /T3-T1-2 
/D:1     /W-T6-1  /D:1     /W-T4-1  /T6-T4-2 /T6-F0-1 /T6-F3-1 /T0-F3-1 /T0-F2-1 /T0-F1-1 
/T1-F3-1 /T1-F2-1 /T1-F1-1 /T0-F2-1 /T2-F1-1 /T1-F2-1 /T1-F1-1 /T0-T2-1 /T0-F2-1 /T1-F2-1 
/T2-T0-2 /T2-F1-1 /T2-F2-1 /T4-T1-4 /T4-F1-1 /T0-T2-4 /T0-F1-1 /T1-T4-5 /T1-F2-1 /T2-T0-5 
/T2-F2-1 /T4-T1-6 /T4-F1-1 /T4-F2-1 /T0-T2-6 /T0-F1-1 /D:1     /W-F3-1  /T1-F3-1 /T1-F0-1 
/T2-F3-1 /T1-F3-1 /T2-F0-1 /T1-F0-1 /T2-F3-1 /T1-F3-1 /T2-F0-1 /T1-F0-1 /T2-F3-1 /T1-F3-1 
/T2-F0-1 /T1-F0-1 /T2-F3-1 
"
1011555,h#Nl#FKs#cmjn#VHLvT#diyAtq#kxUZgea#WEXpoBMufYRGrDzwISJCbPOQ,159.000000,2217.000000,47.000000,0.595745,1,"
minimal: 0 / states: 122 / duration: 0.000128s
history:
/T3-F2-1 /T6-F1-1 /T5-T6-1 /T6-T2-2 /T5-T0-1 /T5-F0-1 /T2-T4-3 /T3-T2-1 /T5-T3-1 /T2-T1-2 
/T2-T6-1 /T3-T2-2 /T3-T4-1 /D:3     /W-T2-1  /D:2     /W-F2-1  /W-F2-1  /D:1     /W-F0-1  
/D:1     /W-T3-1  /T1-T3-3 /T1-F3-1 /D:1     /W-T5-1  /T4-T5-5 /T4-T3-1 /T0-T3-2 /D:1     
/W-T3-1  /W-T3-1  /D:2     /W-T6-1  /D:3     /W-T6-1  /T5-T6-1 /T5-F2-1 /W-F2-1  /D:1     
/W-T0-1  /D:1     /W-T2-1  /T5-T2-5 /T5-T3-1 /D:4     /W-F0-1  /D:1     /W-F1-1  /T6-F1-1 
/T3-F1-1 /T2-F1-1 /T2-F2-1 /T6-F0-1 /T3-F0-1 /T3-F1-1 /T6-T2-2 /T6-F1-1 /T6-T1-1 /T4-T1-1 
/T3-F2-1 /T3-F1-1 /T6-T3-1 /T2-T4-3 /T2-F2-1 /T4-T2-4 /T2-T4-4 /T2-F1-1 /T4-T2-5 /D:2     
/W-F3-1  /W-F3-1  /D:1     /W-F3-1  /T2-F3-1 /T2-F0-1 /R       /D:1     /W-T6-1  /T3-T6-2 
/T3-F1-1 /D:1     /W-T0-1  /T6-T0-4 /T6-F1-1 /D:1     /W-F0-1  /D:2     /W-F3-1  /T2-F3-1 
/T0-F3-1 /T0-F2-1 /T2-F0-1 /T2-F3-1 /T2-F2-1 /W-F0-1  /T0-F3-1 /T0-F2-1 /T2-F3-1 /T2-F2-1 
/T0-F3-1 /T0-F2-1 /T1-T2-1 /T1-F3-1 /D:1     /W-F0-1  /T3-F0-1 /T2-F0-1 /T3-F1-1 /T2-F1-1 
/T3-F0-1 
"
1011563,E#xv#hpP#WcKf#NgmUA#FidqSa#rLYtjDy#HJMZXGIozCwQTlnksBROVbeu,147.000000,3342.000000,50.000000,0.601064,1,"
minimal: 0 / states: 125 / duration: 0.000136s
history:
/T4-F0-1 /T5-F1-1 /T4-T1-1 /T6-T4-1 /T2-T6-1 /T0-T3-1 /T4-T0-2 /D:5     /W-T0-1  /D:1     
/W-T1-1  /T5-T1-1 /D:2     /W-T6-1  /D:3     /W-T0-1  /D:1     /W-T3-1  /T2-T3-1 /D:3     
/W-F2-1  /T6-F2-1 /T3-F2-1 /T5-F2-1 /D:2     /W-T4-1  /D:1     /W-F0-1  /D:1     /W-T4-1  
/T6-T4-2 /T1-T6-4 /T6-T1-5 /T3-T6-3 /T6-T2-4 /T3-T6-1 /D:2     /W-T0-1  /D:1     /W-F1-1  
/T3-F1-1 /T5-F1-1 /T3-T6-1 /D:1     /W-F1-1  /T2-T1-2 /T2-F1-1 /D:1     /W-T0-1  /T4-T0-5 
/T4-F3-1 /W-F3-1  /T0-F3-1 /T1-F3-1 /R       /D:1     /W-T5-1  /D:2     /W-T3-1  /T6-T3-3 
/D:1     /W-T4-1  /T6-T4-1 /T6-F2-1 /D:1     /W-T3-1  /T2-T3-2 /D:1     /W-T2-1  /D:1     
/W-F0-1  /T0-F0-1 /T0-F3-1 /T0-F2-1 /T1-F0-1 /T1-F3-1 /T3-F2-1 /T0-F1-1 /T0-F2-1 /T3-F1-1 
/T5-T0-1 /T5-F1-1 /T5-F0-1 /T1-F0-1 /T0-F0-1 /T3-F0-1 /W-F0-1  /T1-T3-2 /T1-F1-1 /T3-T1-3 
/T3-F0-1 /T4-F0-1 /T3-T2-1 /T3-F0-1 /T1-T2-4 /D:1     /W-F3-1  /T2-F3-1 /T0-F3-1 /T2-F2-1 
/T0-F2-1 /T2-F3-1 /T0-F3-1 /T2-F2-1 /T2-F3-1 /T0-F2-1 /T4-F3-1 /T2-F2-1 /D:2     /W-F1-1  
/W-F1-1  /T0-F1-1 
"
1011580,J#XK#EWY#SRxz#kjoHN#eTvwLh#dOCFQsZ#VulMGDBrgIAfympqactbPnUi,106.500000,1493.000000,38.000000,0.711538,1,"
minimal: 0 / states: 109 / duration: 0.000124s
history:
/T4-F3-1 /T2-T3-1 /T1-T3-1 /T2-T3-1 /T0-T1-1 /T6-T0-1 /D:1     /W-T1-1  /T4-T1-1 /D:4     
/W-T5-1  /D:4     /W-T1-1  /T6-T1-1 /T6-T2-1 /D:1     /W-T3-1  /T5-T3-2 /T5-T0-1 /T1-T0-6 
/T3-T1-7 /D:1     /W-F0-1  /D:1     /W-T1-1  /W-T1-1  /W-F0-1  /D:3     /W-T2-1  /D:2     
/W-F1-1  /D:3     /W-F1-1  /D:2     /W-F2-1  /T4-F2-1 /T4-T3-1 /T5-T4-1 /T5-T3-1 /T6-T5-1 
/T6-F0-1 /T6-F3-1 /T2-F2-1 /W-F3-1  /T2-F3-1 /T6-T1-1 /D:1     /W-T3-1  /W-T3-1  /W-F1-1  
/T1-F1-1 /W-F2-1  /T1-F2-1 /T0-F2-1 /T3-F2-1 /W-T6-1  /W-T6-1  /W-F0-1  /T2-F0-1 /T5-F0-1 
/W-T2-1  /W-T2-1  /T3-T2-4 /T3-F3-1 /T3-F3-1 /T5-F3-1 /T5-F1-1 /T1-F1-1 /T0-F1-1 /T1-F0-1 
/T0-F0-1 /T1-F1-1 /T2-F3-1 /T1-F0-1 /W-F2-1  /T0-F3-1 /T2-F2-1 /T1-F3-1 /T0-F0-1 /T0-F3-1 
/T1-F0-1 /T0-F0-1 /T1-F3-1 /T0-F3-1 /T4-F2-1 /T2-T1-3 /T2-F0-1 /T4-T6-1 /D:1     /W-F1-1  
/T1-F1-1 /T1-F2-1 /T6-F1-1 /T1-F1-1 /T6-F2-1 /T1-F2-1 /T6-F1-1 
"
1011670,f#BF#Weh#YVSJ#ULgQt#zuIZEa#RTMkXNc#CpdwKGnyjlAqObmPoirDHvxs,140.500000,3741.000000,46.000000,0.561798,1,"
minimal: 0 / states: 124 / duration: 0.000131s
history:
/T5-F1-1 /T4-T2-1 /T5-T0-1 /T4-T0-1 /T1-T4-1 /T0-T2-3 /T5-T0-1 /T2-T5-5 /T2-T4-1 /T5-T2-6 
/T4-T5-3 /T4-T0-1 /T1-T6-1 /D:1     /W-T2-1  /D:5     /W-T4-1  /D:1     /W-F2-1  /D:4     
/W-F0-1  /T6-F0-1 /T2-F0-1 /D:1     /W-T5-1  /T6-T5-1 /T6-F3-1 /T6-T0-1 /T3-T0-1 /T3-T4-1 
/T3-T0-1 /T5-T0-6 /W-T5-1  /D:1     /W-F3-1  /D:1     /W-F1-1  /T0-F1-1 /D:1     /W-T1-1  
/D:1     /W-F3-1  /T2-F3-1 /D:1     /W-F2-1  /D:2     /W-T4-1  /D:1     /W-F0-1  /T2-F0-1 
/D:3     /W-T3-1  /T2-T3-5 /D:1     /R       /D:1     /W-F2-1  /T0-F2-1 /T4-F2-1 /D:1     
/W-F1-1  /T0-F1-1 /T3-F1-1 /T0-F0-1 /T0-F1-1 /T4-T3-1 /T4-F0-1 /T3-T4-2 /T3-F1-1 /T4-T3-3 
/D:1     /W-T6-1  /D:1     /W-T5-1  /D:1     /W-T1-1  /T6-T1-2 /T6-T2-1 /T6-T0-1 /T6-F3-1 
/T3-F3-1 /T0-F3-1 /T3-T2-6 /D:1     /W-T5-1  /D:1     /W-F1-1  /T5-F1-1 /D:1     /W-F0-1  
/D:2     /W-F2-1  /T2-F2-1 /T0-F2-1 /T2-F3-1 /T0-F3-1 /T2-F0-1 /T0-F0-1 /W-F2-1  /T1-F2-1 
/T1-F1-1 /T2-F3-1 /T0-F3-1 /T2-F2-1 /T1-F2-1 /T5-F0-1 /T0-F0-1 /T2-F3-1 /T0-F3-1 /T5-F1-1 
/T1-F1-1 /T2-F0-1 /T5-F2-1 
"
1011675,u#IB#iwV#sKPa#QWmFn#xTygOE#ZXkbCSN#UrRpMAvfDlHYzqLGdJtcehjo,155.000000,5565.000000,63.000000,0.549107,1,"
minimal: 0 / states: 130 / duration: 0.000133s
history:
/T3-F1-1 /T4-F2-1 /T6-F3-1 /T5-T6-1 /T5-F3-1 /T3-F3-1 /T4-T5-1 /T5-T0-2 /T5-T4-1 /T0-T2-3 
/T4-T0-2 /T4-T3-1 /T4-F3-1 /D:3     /W-F3-1  /D:2     /W-T4-1  /D:1     /W-F0-1  /T1-F0-1 
/T1-T3-1 /D:4     /W-T4-1  /T3-T4-3 /T3-T5-1 /D:3     /W-T1-1  /W-T1-1  /D:4     /W-T6-1  
/D:4     /W-T2-1  /D:1     /W-T4-1  /D:2     /W-F2-1  /R       /D:3     /W-F2-1  /D:3     
/W-T2-1  /D:2     /W-F2-1  /D:2     /W-T4-1  /T6-T4-3 /T6-F0-1 /T6-F1-1 /T6-T0-1 /T2-F0-1 
/D:1     /W-T0-1  /T2-T0-5 /T2-T6-1 /T2-T6-1 /D:2     /W-F1-1  /T4-F1-1 /T0-F1-1 /T4-F0-1 
/T0-F0-1 /T4-F3-1 /T5-T0-1 /T5-F3-1 /T4-F0-1 /W-T4-1  /T5-T1-1 /D:1     /W-T1-1  /R       
/D:1     /W-F3-1  /T0-T6-3 /T0-F3-1 /T4-T1-3 /T4-F3-1 /D:1     /W-F2-1  /T6-F2-1 /T1-F2-1 
/D:2     /W-F1-1  /T6-F1-1 /T1-F1-1 /T6-F2-1 /W-F2-1  /T6-F1-1 /T6-F2-1 /T6-F3-1 /T1-T4-2 
/T1-F2-1 /T1-F3-1 /T6-F3-1 /D:1     /W-F0-1  /T4-F0-1 /T0-F0-1 /T4-F1-1 /T0-F1-1 /T0-F2-1 
/T4-F0-1 /T4-F1-1 /T1-F2-1 /T0-F1-1 /D:1     /W-F0-1  /T4-F0-1 
"
1011730,J#DC#kdm#jYPl#fKzxN#pIyBvs#HtribWo#EOcguqwLQeUAnhRFTMZXVaSG,110.000000,956.000000,34.000000,0.666667,1,"
minimal: 0 / states: 124 / duration: 0.000126s
history:
/T4-F3-1 /T4-T3-1 /T3-T4-2 /T6-T3-1 /T6-T4-1 /T6-T1-1 /T6-T0-1 /D:2     /W-F3-1  /D:3     
/W-T0-1  /W-T0-1  /T5-T0-1 /T5-T4-1 /D:3     /W-T2-1  /D:1     /W-T6-1  /T1-T6-2 /T3-T1-2 
/D:1     /W-T0-1  /T1-T0-3 /T2-T1-2 /D:1     /W-T4-1  /D:1     /W-F0-1  /T5-F0-1 /D:1     
/W-F2-1  /T0-F2-1 /T0-F3-1 /T6-T2-2 /T6-F3-1 /T2-T6-3 /T0-T2-7 /T4-T0-6 /T4-T3-1 /T6-T4-4 
/T6-T0-1 /T2-T1-8 /T4-T0-5 /D:2     /W-F3-1  /D:2     /W-T6-1  /W-T6-1  /D:1     /W-T2-1  
/T3-T2-2 /T3-T2-1 /D:1     /W-T3-1  /T5-T3-1 /T5-T2-1 /T5-F2-1 /W-T2-1  /D:1     /W-T3-1  
/W-T3-1  /W-F2-1  /W-T1-1  /D:1     /W-T3-1  /T6-T3-3 /D:1     /W-F1-1  /T0-F1-1 /T0-F0-1 
/T1-F1-1 /T0-F1-1 /T0-F2-1 /T1-F0-1 /T1-F1-1 /T1-F2-1 /W-F0-1  /T0-F1-1 /T3-F0-1 /T1-F1-1 
/T0-F2-1 /T1-F2-1 /T2-F1-1 /T1-F1-1 /T0-T2-1 /T0-F2-1 /T2-T0-2 /T2-F1-1 /T3-T1-3 /T3-F2-1 
/T0-T2-3 /T0-F2-1 /T1-T3-4 /T1-F1-1 /T0-F1-1 /T3-T1-5 /T3-F2-1 /T0-F2-1 /T1-T3-6 /T1-F1-1 
/D:1     /W-F3-1  /T3-F3-1 /T2-F3-1 /D:1     /W-F0-1  /T3-F0-1 /T2-F0-1 /T3-F3-1 /T2-F3-1 
/T3-F0-1 /T2-F0-1 /T3-F3-1 /T2-F3-1 /T3-F0-1 /T2-F0-1 /T3-F3-1 
"
1011754,U#pt#BZx#MnXa#AwCJY#DbFElG#fOSzvNI#qHLoPmeWgKikRrucyVjQsdTh,119.000000,1786.000000,60.000000,0.500000,1,"
minimal: 0 / states: 136 / duration: 0.000130s
history:
/T3-F1-1 /T5-T0-1 /T2-T4-1 /T0-T6-2 /T2-T0-1 /D:3     /W-T0-1  /T3-T0-1 /T3-F2-1 /T4-T3-2 
/T4-T0-1 /D:1     /W-F2-1  /D:4     /W-T3-1  /T6-T3-3 /T6-F3-1 /D:2     /W-T5-1  /D:1     
/W-T0-1  /D:4     /W-T0-1  /D:4     /W-T5-1  /T6-T5-1 /T5-T6-4 /D:1     /W-T5-1  /T4-T5-1 
/W-T4-1  /D:3     /W-T0-1  /D:1     /W-T6-1  /T1-T6-1 /T1-F2-1 /T6-T1-7 /T5-T6-3 /T5-T0-1 
/T5-F1-1 /T6-T1-4 /T6-F3-1 /T6-T3-1 /R       /D:1     /W-F2-1  /D:1     /W-T4-1  /D:1     
/W-F3-1  /D:1     /W-T6-1  /D:1     /W-T0-1  /T5-T0-1 /D:1     /W-T4-1  /D:3     /W-F2-1  
/D:1     /W-F1-1  /D:1     /W-T6-1  /D:1     /W-F2-1  /D:1     /W-F1-1  /R       /D:1     
/W-T6-1  /T4-T6-4 /T4-F0-1 /T2-F0-1 /T1-F0-1 /T0-F0-1 /T0-F1-1 /T1-F3-1 /T1-F0-1 /T3-F1-1 
/T0-F0-1 /T6-F1-1 /T3-F0-1 /T6-F0-1 /T1-T3-2 /T1-F1-1 /T0-T6-2 /T0-F1-1 /T3-T1-3 /T3-F0-1 
/T0-F0-1 /T1-T3-4 /T1-F1-1 /T1-F0-1 /T6-T0-4 /T6-F1-1 /T1-F1-1 /T0-T6-5 /T0-F0-1 /T3-T1-7 
/T3-F0-1 /T6-T0-6 /T6-F1-1 /D:1     /W-F3-1  /T1-F3-1 /T0-F3-1 /T1-F2-1 /T0-F2-1 /T1-F3-1 
/T0-F3-1 /T1-F2-1 /T0-F2-1 /T1-F3-1 /T0-F3-1 /T1-F2-1 /T0-F2-1 /T1-F3-1 /T0-F3-1 /T1-F2-1 
"
1011758,m#TM#VOs#zkHx#fgjJy#tqDuZY#hSbaBwR#EQrvCFNeGIKPoncWLAUlidpX,76.500000,1095.000000,47.000000,0.608108,1,"
minimal: 0 / states: 130 / duration: 0.000127s
history:
/T6-T2-1 /T5-T1-1 /T4-T0-1 /T3-T1-1 /D:7     /W-F3-1  /D:7     /W-F2-1  /W-F2-1  /D:2     
/W-T1-1  /D:1     /W-T5-1  /D:1     /W-F0-1  /D:3     /W-T4-1  /T3-T4-1 /T6-T3-1 /T6-F0-1 
/T6-F1-1 /T6-F1-1 /T3-T0-2 /W-T3-1  /D:2     /W-F2-1  /D:1     /W-T5-1  /T4-T5-3 /R       
/D:1     /W-T6-1  /D:1     /W-T6-1  /D:2     /W-T1-1  /D:1     /W-F0-1  /D:4     /W-T4-1  
/D:1     /W-T3-1  /T4-T3-2 /T2-T4-2 /T2-F3-1 /T4-T5-3 /T2-T0-1 /T5-T2-9 /T5-T0-1 /T5-F0-1 
/T5-F2-1 /T6-T5-3 /T5-T6-4 /T1-T5-5 /T1-T0-1 /T6-T3-5 /D:1     /W-F3-1  /T3-F3-1 /T2-F3-1 
/T3-F0-1 /T3-F3-1 /T0-F3-1 /T4-T3-1 /D:1     /W-F1-1  /D:1     /W-F3-1  /D:1     /W-F1-1  
/R       /D:1     /W-F2-1  /T2-F2-1 /D:1     /W-F0-1  /D:1     /W-F1-1  /T3-F1-1 /T2-F1-1 
/T3-F2-1 /T0-F2-1 /T0-F3-1 /T3-F1-1 /T5-F2-1 /T0-F2-1 /T5-F3-1 /T5-F2-1 /T2-T0-3 /T2-F3-1 
/T5-F3-1 /T0-T2-4 /T0-F2-1 /T2-T0-5 /T2-F3-1 /T3-T5-4 /T3-F2-1 /D:1     /W-F0-1  /T0-F0-1 
/T0-F1-1 /T5-F0-1 /T0-F0-1 /T5-F1-1 /T0-F1-1 /T5-F0-1 /T0-F0-1 /T5-F1-1 /T0-F1-1 /T5-F0-1 
"
1011786,n#BQ#TDo#tkIY#xsaqF#UMGvNR#rzmbLKA#HcZWeVhXPjCwudlJfEgOySip,137.000000,3240.000000,47.000000,0.611765,1,"
minimal: 0 / states: 122 / duration: 0.000162s
history:
/T0-F2-1 /T2-F2-1 /T6-F0-1 /T5-T4-1 /T5-F3-1 /T6-T3-1 /T2-T4-1 /T4-T2-3 /D:2     /W-T2-1  
/D:1     /W-T0-1  /T6-T0-1 /D:1     /W-T3-1  /T5-T3-1 /D:3     /W-T3-1  /T5-T3-1 /T3-T5-6 
/D:1     /W-T0-1  /D:1     /W-T4-1  /D:2     /W-T1-1  /T6-T1-1 /D:1     /W-T0-1  /D:5     
/W-T5-1  /D:1     /W-T5-1  /T1-T5-3 /T1-F0-1 /T6-T1-1 /D:2     /W-F3-1  /T4-F3-1 /D:1     
/W-T1-1  /D:2     /W-T0-1  /D:1     /W-F2-1  /T4-F2-1 /T4-F1-1 /T5-F1-1 /T2-F1-1 /T5-F0-1 
/T2-F0-1 /T5-F3-1 /T2-F3-1 /T5-F0-1 /T2-F0-1 /T4-T2-1 /W-F3-1  /R       /D:1     /W-T0-1  
/T2-T0-2 /T5-T2-8 /T5-T3-1 /T6-T5-1 /T6-F2-1 /T0-F2-1 /T0-F3-1 /T3-F3-1 /D:2     /W-F3-1  
/D:1     /W-T4-1  /T3-T4-1 /T3-T1-1 /T3-F2-1 /D:1     /W-F2-1  /T2-T4-3 /T2-F2-1 /T2-F3-1 
/T0-T1-3 /T0-F3-1 /D:1     /W-F1-1  /W-F1-1  /T4-F1-1 /T4-F0-1 /T1-F0-1 /D:1     /W-T5-1  
/T2-T5-1 /T2-F3-1 /D:2     /W-F1-1  /T4-F1-1 /T1-F1-1 /T1-F2-1 /T4-F0-1 /T4-F1-1 /T4-F2-1 
/W-F0-1  /T1-F1-1 /T1-F2-1 /T5-F0-1 /T0-F0-1 /T0-F3-1 /T5-F1-1 /T1-F1-1 /T2-F0-1 /T5-F2-1 
"
1011822,u#in#cVA#FzgJ#ZmBah#vPqblO#dkCrosj#XMwRyfHDTGKxULSWeNYQtEIp,92.000000,2238.000000,52.000000,0.598765,1,"
minimal: 0 / states: 135 / duration: 0.000141s
history:
/T1-F2-1 /T2-F0-1 /T2-T3-1 /T0-T1-1 /D:2     /W-T0-1  /D:5     /W-T3-1  /D:2     /W-T1-1  
/D:1     /W-T4-1  /D:5     /W-T4-1  /D:3     /W-F3-1  /T5-F3-1 /T5-T0-1 /D:4     /W-T4-1  
/D:1     /W-T6-1  /T4-T6-4 /T4-F1-1 /T4-F0-1 /T5-F1-1 /T2-T5-1 /T4-T2-1 /T5-F1-1 /D:1     
/R       /D:4     /W-T2-1  /D:3     /W-T0-1  /T6-T0-6 /T6-T1-1 /T6-F2-1 /D:3     /W-T4-1  
/D:2     /W-T1-1  /T5-T1-1 /T5-F3-1 /D:2     /W-F3-1  /D:2     /W-F2-1  /T1-F2-1 /T6-F2-1 
/T6-F0-1 /T3-T6-3 /T3-T6-1 /T6-T2-5 /T6-F1-1 /T3-T6-1 /T1-F1-1 /T1-F2-1 /W-F2-1  /W-T6-1  
/T3-T1-1 /R       /D:1     /W-T4-1  /D:1     /W-T4-1  /T1-T4-4 /D:1     /W-F3-1  /D:1     
/W-F1-1  /T2-F1-1 /T4-T2-2 /T4-F2-1 /T5-F2-1 /D:1     /W-F0-1  /T0-F0-1 /T0-F3-1 /T2-F0-1 
/T0-F0-1 /T0-F1-1 /T2-F3-1 /T2-F0-1 /T4-F1-1 /T0-F0-1 /T0-F1-1 /T4-F2-1 /T2-T4-2 /T2-F1-1 
/T0-T6-1 /T0-F1-1 /D:1     /W-F2-1  /T2-F2-1 /T2-F1-1 /T6-T0-2 /T6-F2-1 /D:1     /W-F3-1  
/T4-F3-1 /T4-F0-1 /T0-F0-1 /D:1     /W-F3-1  /T4-F3-1 /T0-F3-1 /T4-F0-1 /T0-F0-1 /T4-F3-1 
"
1011885,k#nO#RTq#CxyL#tauPm#EjpbrY#QMZfIco#eBgHzUhJWKSAiwslDdFXvNGV,97.500000,1235.000000,49.000000,0.589286,1,"
minimal: 0 / states: 123 / duration: 0.000129s
history:
/T3-T4-1 /T0-T3-1 /T4-T0-2 /T6-T4-1 /T6-T2-1 /D:2     /W-T2-1  /D:4     /W-T6-1  /D:2     
/W-T3-1  /D:2     /W-T5-1  /W-T5-1  /T6-T5-2 /D:2     /W-F0-1  /T2-F0-1 /D:1     /W-T3-1  
/D:7     /W-T0-1  /D:2     /W-F3-1  /T1-F3-1 /T1-F2-1 /T4-F2-1 /T4-F3-1 /T4-T3-1 /T4-F1-1 
/T6-T4-1 /T3-T6-5 /T6-T1-6 /T5-T6-5 /T5-T4-1 /T5-F1-1 /T2-F1-1 /T5-F2-1 /T2-F2-1 /T2-T1-1 
/T5-T3-1 /T4-T6-3 /T6-T4-9 /T4-F2-1 /T6-F3-1 /T2-F3-1 /W-T3-1  /W-T1-1  /W-F1-1  /T5-T4-1 
/D:2     /R       /D:1     /W-F1-1  /D:3     /W-T2-1  /D:1     /W-T3-1  /D:1     /W-F3-1  
/D:1     /W-T0-1  /D:1     /W-F2-1  /D:1     /W-T2-1  /T3-T2-4 /T3-F0-1 /D:1     /W-F0-1  
/T4-F0-1 /T1-F0-1 /T1-F3-1 /T4-F1-1 /T4-F2-1 /T1-F2-1 /T4-F3-1 /T2-T4-1 /T2-F2-1 /T0-F2-1 
/W-T1-1  /W-F1-1  /T4-F1-1 /D:1     /W-F0-1  /T1-F0-1 /T1-F1-1 /T4-F0-1 /T2-F1-1 /T1-F0-1 
/T1-F1-1 /T2-F2-1 /T1-F2-1 /T2-F1-1 /T2-F2-1 /T0-T1-2 /T0-F1-1 /D:1     /W-F3-1  /T4-F3-1 
/T1-F3-1 /T4-F0-1 /T1-F0-1 /T4-F3-1 /T1-F3-1 /T4-F0-1 
"
1011922,m#Ja#ceb#GOEf#gYrdQ#UvpzPT#MLCZqhy#BtAkHxXRInWKoNDliwsSjuFV,104.000000,1302.000000,38.000000,0.809524,1,"
minimal: 0 / states: 114 / duration: 0.000122s
history:
/T1-F1-1 /T2-F1-1 /T6-T0-1 /D:2     /W-T6-1  /T3-T6-1 /T4-T3-1 /T3-T6-2 /D:1     /W-F0-1  
/W-F0-1  /D:1     /W-T0-1  /T1-T0-1 /D:6     /W-F2-1  /D:3     /W-F2-1  /D:1     /W-F3-1  
/T3-F3-1 /D:1     /W-T2-1  /D:2     /W-T0-1  /D:2     /W-T5-1  /T2-T5-2 /T2-F1-1 /T4-F1-1 
/D:1     /W-T3-1  /T4-T3-1 /D:2     /W-T0-1  /T5-T0-4 /T5-F3-1 /T5-T1-1 /T5-F2-1 /T6-T5-5 
/T6-F2-1 /T6-T2-1 /T6-F0-1 /T0-F0-1 /T0-F1-1 /T5-F3-1 /T3-F2-1 /T5-F0-1 /T5-F1-1 /T4-T1-1 
/T6-T2-1 /T0-F2-1 /T4-F1-1 /T5-F2-1 /T5-F1-1 /D:1     /W-F0-1  /D:1     /R       /D:2     
/W-T1-1  /D:1     /W-T2-1  /D:1     /W-F3-1  /T3-F3-1 /T0-F3-1 /T0-F2-1 /T3-F0-1 /W-F0-1  
/T0-F1-1 /T5-F2-1 /T5-F3-1 /D:1     /W-F0-1  /T0-F0-1 /D:1     /W-T1-1  /D:1     /W-F0-1  
/D:1     /W-T6-1  /D:1     /W-F2-1  /D:1     /W-F1-1  /T0-F1-1 /T6-F1-1 /T2-T0-1 /T2-F0-1 
/T6-F0-1 /T0-T2-2 /T0-F1-1 /D:1     /W-F3-1  /T1-F3-1 /T1-F2-1 /T2-F3-1 /T1-F3-1 /T2-F2-1 
/T1-F2-1 /T2-F3-1 
"
1011957,a#qT#rOf#npAz#SCstl#mLdoUI#PBRZWcK#vbGFwkDhxXYiVgQyEjJHuMeN,71.000000,587.000000,27.000000,0.805556,1,"
minimal: 0 / states: 123 / duration: 0.000115s
history:
/T0-F1-1 /T6-T4-1 /T4-T3-2 /T3-T0-3 /T3-F0-1 /T2-T4-1 /T2-T3-1 /T2-T4-1 /D:2     /W-F1-1  
/T6-F1-1 /T5-T6-1 /T5-T6-1 /T6-T0-3 /T4-T0-3 /T6-T2-1 /T4-T1-1 /T6-T1-1 /T6-F0-1 /T4-F0-1 
/T5-T6-1 /T5-F1-1 /T5-T2-1 /F1-T0-1 /T3-T0-2 /T3-F2-1 /T6-F2-1 /D:4     /W-T2-1  /W-T2-1  
/D:1     /W-F0-1  /D:5     /W-T2-1  /D:4     /W-T5-1  /D:1     /W-F0-1  /D:3     /W-T2-1  
/T1-T2-3 /T1-T2-1 /T6-T2-1 /D:2     /W-T1-1  /D:2     /W-F3-1  /T0-F3-1 /T0-F2-1 /T0-F1-1 
/T2-F3-1 /T2-F2-1 /W-F1-1  /T0-F2-1 /T0-F1-1 /T4-T0-1 /R       /D:3     /W-F0-1  /W-F0-1  
/D:3     /W-T5-1  /D:1     /W-T1-1  /W-T1-1  /D:2     /W-F1-1  /D:1     /W-F3-1  /T2-F3-1 
/T0-F3-1 /T2-F2-1 /T0-F2-1 /T2-F3-1 /T0-F3-1 /T2-F0-1 /T0-F0-1 /W-F3-1  /W-F1-1  /T0-F3-1 
/T2-F1-1 /T5-F3-1 /D:1     /W-F1-1  /D:1     /W-F0-1  /T0-F0-1 /T1-T0-1 /T1-F3-1 /T2-T5-2 
/T2-F0-1 /T1-F0-1 /T2-F3-1 /D:1     /W-F2-1  /W-F2-1  /T5-F2-1 /T0-F2-1 /T5-F1-1 /T0-F1-1 
/T5-F2-1 /T0-F2-1 /T5-F1-1 
"
1011959,w#uE#kRt#BThx#OySAM#KVbfiY#rjzdZgq#lPvnGCLpUQDXImWoJaNseFHc,133.000000,3322.000000,53.000000,0.511765,1,"
minimal: 0 / states: 135 / duration: 0.000132s
history:
/T5-T4-1 /T5-T0-1 /T3-T4-1 /T5-T2-1 /T2-T3-2 /T6-T2-1 /T1-T3-1 /T6-T1-1 /T1-T0-2 /T4-T1-3 
/T4-F0-1 /D:2     /W-T2-1  /D:2     /W-F2-1  /D:3     /W-T6-1  /D:3     /W-T3-1  /D:2     
/W-T6-1  /T0-T6-4 /T6-T0-7 /D:3     /W-T1-1  /D:1     /W-F2-1  /D:2     /W-F1-1  /T5-F1-1 
/D:1     /W-F3-1  /D:1     /W-T0-1  /T2-T0-3 /W-T2-1  /T5-T2-1 /D:3     /W-T2-1  /D:1     
/W-F1-1  /T6-F1-1 /R       /D:1     /W-T6-1  /T5-T6-1 /T6-T5-3 /T6-T5-1 /T6-T4-1 /D:1     
/W-T1-1  /T3-T1-5 /T3-T2-1 /T3-F0-1 /D:2     /W-F0-1  /D:1     /W-F2-1  /D:2     /W-F0-1  
/T1-T4-1 /T1-F0-1 /D:1     /W-T5-1  /W-T5-1  /W-T5-1  /T4-T5-3 /T2-T4-5 /D:1     /W-T2-1  
/T4-T2-6 /T4-F3-1 /T0-F3-1 /T0-F2-1 /T5-F3-1 /T0-F3-1 /T5-F2-1 /T5-F3-1 /T0-F2-1 /T2-F3-1 
/T1-T5-1 /T1-F2-1 /T0-T2-1 /T0-F2-1 /T5-T1-2 /T5-F3-1 /T1-T5-3 /T1-F2-1 /T2-T0-2 /T2-F3-1 
/T1-F3-1 /T0-T2-3 /T0-F2-1 /T0-F3-1 /T1-F2-1 /T1-F3-1 /T2-T0-5 /T2-F2-1 /T0-T2-6 /T0-F3-1 
/T5-T1-7 /T5-F2-1 /D:1     /W-F1-1  /T1-F1-1 /T2-F1-1 /D:1     /W-F0-1  /T1-F0-1 /T1-F1-1 
/T2-F0-1 /T1-F0-1 /T2-F1-1 /T1-F1-1 /T2-F0-1 /T1-F0-1 /T2-F1-1 /T1-F1-1 /T2-F0-1 /T1-F0-1 
/T2-F1-1 
"
1011994,l#rw#DZG#iCNd#uPFLU#EqOzkA#IQTVmMv#WYeJtobSfXKyBjscRpHanhgx,98.000000,1066.000000,44.000000,0.594595,1,"
minimal: 0 / states: 122 / duration: 0.000127s
history:
/T5-F0-1 /T4-T6-1 /T5-T4-1 /T2-T6-1 /T4-T2-2 /T1-T2-1 /T3-T1-1 /T3-F3-1 /T3-T1-1 /T0-T5-1 
/T5-T0-2 /T5-F3-1 /T3-T2-1 /T2-T3-5 /D:3     /W-T4-1  /T5-T4-1 /D:4     /W-T1-1  /D:1     
/W-T6-1  /T1-T6-4 /D:3     /W-T0-1  /D:2     /W-F0-1  /D:1     /W-T0-1  /T6-T0-8 /T6-T1-1 
/W-T6-1  /W-T6-1  /D:2     /W-T2-1  /D:3     /W-T3-1  /D:1     /W-F1-1  /T0-F1-1 /T0-F0-1 
/T2-F1-1 /T0-F1-1 /T2-F0-1 /T6-T2-3 /T5-F0-1 /D:1     /W-F2-1  /D:2     /W-T3-1  /T4-T3-3 
/T4-F3-1 /T4-T6-1 /D:1     /R       /D:2     /W-T1-1  /D:1     /W-T2-1  /T6-T2-2 /T6-T2-1 
/T6-F3-1 /D:2     /W-F2-1  /D:2     /W-T2-1  /T3-T2-2 /T3-F0-1 /D:1     /W-F3-1  /D:1     
/W-F2-1  /T2-F2-1 /T0-F2-1 /T0-F3-1 /T2-F1-1 /T2-F2-1 /T2-F3-1 /W-F1-1  /T0-F0-1 /T3-F1-1 
/T3-F0-1 /W-F2-1  /T0-F3-1 /T2-F2-1 /T2-F3-1 /T0-F2-1 /T6-F0-1 /W-F3-1  /T2-F0-1 /T2-F3-1 
/T1-F3-1 /D:1     /W-F1-1  /T3-F1-1 /T0-F1-1 /T0-F0-1 /T3-F2-1 /T3-F1-1 /T3-F0-1 /T0-F1-1 
/T1-F0-1 /T3-F3-1 /D:1     /W-F2-1  /T2-F2-1 /T0-F2-1 /T2-F1-1 
"
1020008,e#SP#znG#KbUN#sWFfQ#umHrcI#kwqyEAB#TJXlogDMvpdYOZRhCLVxjati,163.000000,3172.000000,52.000000,0.568627,1,"
minimal: 0 / states: 129 / duration: 0.000140s
history:
/T3-F3-1 /T6-T1-1 /T6-F0-1 /T1-F0-1 /T4-T6-1 /T6-T4-2 /T4-T2-3 /T2-T3-4 /T2-F2-1 /T3-T5-5 
/T0-T4-1 /D:3     /W-T6-1  /W-T6-1  /D:1     /W-T2-1  /D:1     /W-F2-1  /D:2     /W-T4-1  
/T1-T4-1 /D:1     /W-T0-1  /D:2     /W-T5-1  /T3-T5-1 /T3-T2-1 /D:2     /W-T0-1  /D:1     
/W-F3-1  /T4-F3-1 /D:1     /W-T3-1  /T6-T3-3 /D:3     /W-F0-1  /T4-F0-1 /T6-T4-1 /D:2     
/W-T3-1  /D:1     /W-T0-1  /D:1     /W-T0-1  /T5-T0-8 /T5-T4-1 /T5-T1-1 /T5-T3-1 /T0-T1-3 
/T0-F0-1 /W-T5-1  /D:1     /W-F1-1  /T1-F1-1 /T1-F2-1 /T1-F3-1 /T4-F1-1 /T4-F2-1 /T1-F2-1 
/D:2     /W-T6-1  /R       /D:1     /W-T3-1  /T4-T3-2 /T4-T2-1 /T4-F2-1 /T5-T4-2 /T5-T6-1 
/D:1     /W-T6-1  /D:1     /W-T2-1  /D:1     /W-F1-1  /T3-F1-1 /T0-F1-1 /T3-F0-1 /T6-F1-1 
/T0-F0-1 /T3-T6-1 /T3-F0-1 /T0-T2-1 /T0-F0-1 /D:1     /W-F3-1  /T1-F3-1 /T6-F3-1 /T2-F3-1 
/T3-F3-1 /T3-F0-1 /T6-T3-3 /T2-T0-1 /T2-F3-1 /T2-F0-1 /T4-F0-1 /T3-T6-3 /T3-F3-1 /T0-T2-3 
/T0-F3-1 /T0-F0-1 /T3-T4-1 /T3-F3-1 /T6-T4-4 /D:1     /W-F1-1  /D:1     /W-F2-1  /T4-F2-1 
/T2-F2-1 /T4-F1-1 /T2-F1-1 /T4-F2-1 /T2-F2-1 /T4-F1-1 /T2-F1-1 /T4-F2-1 /T2-F2-1 /T4-F1-1 
"
1020016,k#GX#owA#CUrq#ncQvF#BKWyHi#lMEpRJP#sYVtzhjxmeIOaDNSbfuLgdTZ,81.000000,1233.000000,46.000000,0.629630,1,"
minimal: 0 / states: 133 / duration: 0.000140s
history:
/T2-F0-1 /T6-T3-1 /T5-T2-1 /T6-T0-1 /T5-T2-1 /T6-T4-1 /T3-T4-2 /T1-T5-1 /T2-T5-3 /T2-T4-1 
/D:3     /W-T0-1  /D:2     /W-T2-1  /D:7     /W-T6-1  /D:1     /W-F1-1  /D:2     /W-F3-1  
/T6-F3-1 /D:1     /W-T1-1  /T3-T1-1 /T1-T3-3 /D:1     /W-F1-1  /D:2     /W-T0-1  /D:2     
/W-T0-1  /T4-T0-5 /T3-T4-4 /D:1     /W-T4-1  /T6-T4-1 /D:1     /W-T5-1  /D:1     /W-T1-1  
/T5-T1-6 /T4-T5-7 /T4-T6-1 /T4-F1-1 /T4-F2-1 /T0-F2-1 /T5-F2-1 /T0-F3-1 /T0-F2-1 /T5-F1-1 
/T5-F2-1 /T6-T5-2 /T6-T4-1 /T5-F3-1 /T0-F3-1 /T6-T2-1 /R       /D:1     /W-F2-1  /D:1     
/W-T4-1  /D:1     /W-F2-1  /D:3     /W-T2-1  /T5-T2-6 /T5-T4-1 /T5-F0-1 /T3-F0-1 /W-T4-1  
/D:1     /W-T3-1  /D:1     /W-F1-1  /D:1     /W-T4-1  /W-T4-1  /D:1     /W-F0-1  /T2-F0-1 
/T0-F0-1 /T2-F3-1 /T1-F3-1 /T2-F0-1 /T2-F3-1 /T1-F0-1 /T0-T1-2 /T0-F3-1 /T4-T2-1 /T4-F0-1 
/T0-F0-1 /T2-T4-2 /T2-F3-1 /T1-T0-4 /T1-F3-1 /T4-T2-3 /T4-F0-1 /T4-F3-1 /T1-T3-1 /T1-F3-1 
/T0-T3-5 /D:1     /W-F1-1  /T3-F1-1 /T2-F1-1 /T3-F2-1 /T2-F2-1 /T3-F1-1 /T2-F1-1 /T3-F2-1 
/T2-F2-1 /T3-F1-1 /T2-F1-1 /T3-F2-1 /T2-F2-1 /T3-F1-1 /D:1     /W-F0-1  /T4-F0-1 
"
1020018,l#kY#HOA#bRDP#XTGNe#VWrEns#dcFwhgK#uZjpmxMIyqCUSQJBivatozfL,81.000000,664.000000,37.000000,0.731343,1,"
minimal: 0 / states: 122 / duration: 0.000130s
history:
/T2-F0-1 /T6-T0-1 /T5-T6-1 /T5-F2-1 /T4-T6-1 /T4-F3-1 /T2-F3-1 /T3-F3-1 /T6-T2-3 /T3-T2-1 
/T4-T6-1 /D:3     /W-T0-1  /D:3     /W-T1-1  /D:2     /W-T0-1  /T6-T0-2 /D:2     /W-T3-1  
/D:3     /W-T0-1  /T5-T0-1 /D:1     /W-F3-1  /D:2     /W-F0-1  /D:1     /W-T6-1  /T2-T6-5 
/D:2     /W-F1-1  /D:2     /W-F2-1  /D:1     /W-T2-1  /T1-T2-2 /T6-T1-7 /T6-T4-1 /T3-T4-2 
/T3-F1-1 /T6-F1-1 /T6-F1-1 /D:2     /R       /D:2     /W-T3-1  /D:1     /W-F2-1  /T4-F2-1 
/T5-F2-1 /T5-T2-1 /W-T5-1  /T4-T5-3 /T5-F3-1 /T1-T5-2 /T1-F2-1 /D:1     /W-T6-1  /D:2     
/W-T3-1  /T1-T3-5 /W-T1-1  /T0-T1-8 /D:1     /W-F0-1  /T5-F0-1 /T1-F0-1 /T1-F3-1 /T5-F1-1 
/T5-F0-1 /T5-F3-1 /T1-F0-1 /T3-T5-1 /T3-F0-1 /D:1     /W-F3-1  /T5-T3-2 /T5-F3-1 /T2-F3-1 
/T4-F3-1 /D:3     /W-F2-1  /D:1     /W-F1-1  /T3-F1-1 /T1-F1-1 /T1-F0-1 /T3-F2-1 /T3-F1-1 
/W-F2-1  /T1-F1-1 /T3-F2-1 /T2-F2-1 /W-F0-1  /T1-F0-1 /T2-F3-1 /T3-F1-1 /T1-F1-1 /T3-F2-1 
/T2-F2-1 /T3-F3-1 /T6-F1-1 /D:1     /W-F0-1  /T1-F0-1 
"
1020020,b#na#cxf#JFEQ#mNCDB#quvXUg#dPTKLVp#wjrltoMiIWGAYZRSHhzysOke,140.500000,1893.000000,54.000000,0.595506,1,"
minimal: 0 / states: 121 / duration: 0.000125s
history:
/T1-F1-1 /T0-F1-1 /T1-F2-1 /T6-T3-1 /D:3     /W-T2-1  /T3-T2-2 /D:3     /W-F2-1  /T2-F2-1 
/D:1     /W-T0-1  /D:5     /W-F0-1  /T4-F0-1 /D:1     /W-T0-1  /D:1     /W-T1-1  /D:3     
/W-T6-1  /T5-T6-1 /D:3     /W-T1-1  /D:1     /W-T6-1  /D:2     /W-T1-1  /D:1     /W-T6-1  
/T4-T6-1 /T4-F0-1 /T4-F3-1 /W-F3-1  /T6-F0-1 /T3-F0-1 /T3-F0-1 /T6-T3-5 /T6-T4-1 /T6-T0-1 
/T3-T1-6 /W-T3-1  /R       /D:2     /W-T0-1  /D:1     /W-T3-1  /D:1     /W-T5-1  /T2-T5-3 
/T2-T3-1 /T2-F1-1 /D:2     /W-T0-1  /T5-T0-5 /T5-T4-1 /D:1     /W-T3-1  /T5-T3-1 /T6-T5-1 
/T6-F3-1 /T0-F3-1 /T6-F1-1 /T1-F1-1 /D:1     /W-F0-1  /D:1     /W-F3-1  /D:1     /W-F3-1  
/T5-F3-1 /T1-T5-2 /T1-F0-1 /T5-T1-3 /T5-F2-1 /T0-F2-1 /T0-F1-1 /T1-F2-1 /T0-F2-1 /T0-F3-1 
/T1-F1-1 /T1-F2-1 /T1-F3-1 /T0-F0-1 /T1-F0-1 /T3-F2-1 /T3-F3-1 /T4-F3-1 /T0-T3-1 /T0-F0-1 
/T0-F3-1 /T4-F0-1 /T0-F0-1 /T1-T4-2 /T1-F3-1 /D:1     /W-F1-1  /W-F1-1  /T3-F1-1 /W-F2-1  
/T3-F2-1 /T4-F1-1 /T3-F1-1 /T4-F2-1 /T3-F2-1 /T4-F1-1 
"
1020022,y#df#kIC#UMrA#HSqNG#OBsPDn#cLpYuja#iZKQlvxXeFWzoEtgTmRbVwhJ,115.500000,2513.000000,54.000000,0.636364,1,"
minimal: 0 / states: 129 / duration: 0.000132s
history:
/T3-F0-1 /T5-F2-1 /T6-F1-1 /T3-T1-1 /T1-T4-2 /T2-T1-1 /T2-T6-1 /T1-T4-2 /T3-T1-1 /T4-T3-5 
/T4-F3-1 /T2-T0-1 /T3-T6-6 /D:2     /W-T2-1  /T0-T2-2 /D:3     /W-T1-1  /D:2     /W-T1-1  
/T6-T1-8 /D:5     /W-T0-1  /D:1     /W-F2-1  /D:3     /W-T6-1  /D:2     /W-T3-1  /D:2     
/W-F1-1  /D:2     /W-T2-1  /W-T2-1  /T6-T2-2 /T6-T0-1 /T6-F2-1 /T4-F2-1 /T6-T3-1 /T6-F1-1 
/D:2     /R       /D:2     /W-T0-1  /D:3     /W-T3-1  /D:2     /W-T2-1  /W-T2-1  /T5-T2-1 
/T5-T2-1 /D:1     /W-T0-1  /W-T0-1  /D:1     /W-T4-1  /T1-T4-2 /T1-F2-1 /T5-F2-1 /T5-F0-1 
/T5-F3-1 /T2-F3-1 /T4-F0-1 /T2-F0-1 /T4-F1-1 /T2-F1-1 /W-F3-1  /T4-F0-1 /T1-F1-1 /T4-T1-1 
/T2-F0-1 /T2-F1-1 /D:1     /W-F2-1  /T2-F2-1 /T0-F2-1 /T4-T2-1 /D:1     /W-T2-1  /D:1     
/W-F3-1  /T1-F3-1 /T1-F0-1 /T2-F3-1 /T1-F3-1 /T2-F0-1 /T2-F3-1 /T0-F3-1 /T1-F0-1 /T2-F2-1 
/T3-F3-1 /T1-T0-1 /T1-F2-1 /T0-T1-2 /T0-F3-1 /T2-T3-1 /T2-F2-1 /T0-F2-1 /T2-F3-1 /D:1     
/W-F1-1  /W-F1-1  /T1-F1-1 /T3-F1-1 /D:1     /W-F0-1  /T1-F0-1 /T1-F1-1 /T3-F0-1 /T1-F0-1 
/T3-F1-1 
"
1020025,u#aO#cCe#WMyA#rHqKn#hxkvoI#gRSmUjT#ZfzPwtlGQBpXJbDiFVdLNsEY,147.000000,1647.000000,48.000000,0.586957,1,"
minimal: 0 / states: 121 / duration: 0.000120s
history:
/T3-F0-1 /T4-F2-1 /T6-T0-1 /T5-T6-1 /T5-F2-1 /T6-T4-2 /T6-T4-1 /T3-T6-1 /D:6     /W-T4-1  
/D:1     /W-T3-1  /T4-T3-5 /T4-T2-1 /D:3     /W-F0-1  /D:1     /W-F2-1  /T2-F2-1 /D:1     
/W-T6-1  /D:1     /W-T6-1  /D:2     /W-T2-1  /D:1     /W-T6-1  /T4-T6-1 /T4-F2-1 /T6-T4-6 
/T6-T3-1 /D:1     /W-T0-1  /T2-T0-2 /T2-F0-1 /T2-T0-1 /T3-T2-8 /T5-T3-1 /D:4     /W-F3-1  
/T1-F3-1 /T1-F1-1 /D:1     /W-F2-1  /D:1     /W-T2-1  /D:1     /R       /D:1     /W-T1-1  
/D:3     /W-F3-1  /D:1     /W-T5-1  /D:2     /W-F3-1  /T6-F3-1 /T6-T4-1 /D:1     /W-F1-1  
/T0-F1-1 /T0-F0-1 /T2-F0-1 /T2-F3-1 /T2-F2-1 /T0-T4-2 /T0-F3-1 /T0-F2-1 /T2-F3-1 /T3-F2-1 
/T5-F2-1 /D:1     /W-F3-1  /T3-F3-1 /T4-T5-6 /T4-F3-1 /T5-T4-7 /T5-F2-1 /W-T5-1  /W-T0-1  
/W-T5-1  /T5-T2-3 /D:1     /W-F1-1  /T4-F1-1 /T2-F1-1 /T4-F0-1 /T2-F0-1 /T4-F1-1 /T2-F1-1 
/T4-F0-1 /T2-F0-1 /T4-F1-1 /T2-F1-1 /T4-F0-1 /T2-F0-1 /T4-F1-1 /T2-F1-1 /T4-F2-1 /T0-F2-1 
/T4-F1-1 /D:1     /W-F0-1  /T2-F0-1 /D:1     /W-F3-1  /T1-F3-1 
"
1020065,d#La#fwq#KYoN#BVvyn#hbgeCk#tTQcFMG#ISRsArxOWJjZUHDlXpziEPum,135.500000,1849.000000,41.000000,0.731707,1,"
minimal: 0 / states: 111 / duration: 0.000120s
history:
/T1-F1-1 /T3-F3-1 /T4-F2-1 /T3-F2-1 /T5-T1-1 /T5-T0-1 /T2-T5-1 /T2-T1-1 /T2-T6-1 /D:5     
/W-F0-1  /D:1     /W-T6-1  /T0-T6-2 /D:1     /W-T3-1  /D:1     /W-F3-1  /D:1     /W-T3-1  
/D:3     /W-T0-1  /T4-T0-1 /T4-T3-1 /T4-T1-1 /T4-F0-1 /T6-F0-1 /D:1     /W-T3-1  /T6-T3-4 
/T6-T2-1 /T5-T6-2 /T6-T5-3 /T6-T5-1 /T3-T2-9 /W-T3-1  /D:1     /W-T1-1  /T5-T1-5 /T5-F1-1 
/T1-F1-1 /T2-F1-1 /T6-T2-1 /D:1     /W-F0-1  /D:2     /W-T0-1  /D:1     /W-F2-1  /T1-F2-1 
/T1-F1-1 /D:1     /W-T4-1  /W-T4-1  /W-T0-1  /W-T6-1  /W-T1-1  /T3-T4-2 /D:1     /W-T0-1  
/D:1     /W-F0-1  /T1-T6-1 /T1-F0-1 /D:1     /W-F3-1  /T2-F3-1 /T2-F2-1 /T2-F1-1 /T6-F3-1 
/T6-F2-1 /T1-F1-1 /W-F3-1  /T2-F0-1 /T6-F3-1 /T1-F0-1 /T6-F2-1 /T2-F3-1 /T5-F1-1 /W-F0-1  
/T0-F1-1 /T0-F0-1 /T1-F3-1 /T4-F1-1 /T4-F0-1 /T1-T0-1 /T1-F1-1 /T1-F0-1 /T4-F1-1 /T2-T4-4 
/T2-F0-1 /D:1     /W-F2-1  /T4-F2-1 /T0-F2-1 /T4-F3-1 /T0-F3-1 /T4-F2-1 /T0-F2-1 /T4-F3-1 
/T0-F3-1 /T4-F2-1 /D:1     /W-F1-1  
"
1020083,r#XB#ZSa#Fuwv#VATGn#bCHekU#KqNdiYm#PhtJxcEzfIORMsjgyQLoWDlp,38.500000,465.000000,26.000000,0.893617,1,"
minimal: 0 / states: 119 / duration: 0.000126s
history:
/T2-F1-1 /T4-F2-1 /T5-T3-1 /T4-T3-1 /T2-T3-1 /T0-T3-1 /T6-T0-1 /D:4     /W-T5-1  /D:1     
/W-T6-1  /D:9     /W-T4-1  /D:1     /W-T6-1  /T3-T6-5 /D:2     /W-T0-1  /T5-T0-2 /T5-T4-1 
/T4-T5-3 /T4-F0-1 /T1-F0-1 /T3-T1-1 /T5-T4-4 /T5-F0-1 /T5-F1-1 /W-T3-1  /W-T5-1  /T6-T5-8 
/T6-T0-1 /T6-T5-1 /T6-F3-1 /T3-T0-2 /T6-T4-1 /W-T3-1  /W-F3-1  /T3-T0-2 /T4-T1-6 /D:2     
/W-T2-1  /T1-T2-8 /D:1     /W-F2-1  /D:1     /W-T6-1  /D:1     /W-F0-1  /D:2     /W-F2-1  
/T2-F2-1 /R       /D:1     /W-F3-1  /D:3     /W-F1-1  /T5-F1-1 /T2-F1-1 /T5-F2-1 /T2-F2-1 
/W-F2-1  /D:1     /W-F0-1  /D:1     /W-T1-1  /D:1     /W-F1-1  /T0-T2-2 /T0-F1-1 /T0-F2-1 
/W-F1-1  /T0-F1-1 /T5-T6-4 /T5-F1-1 /D:2     /W-F3-1  /T2-F3-1 /T2-F0-1 /T6-F3-1 /T2-F3-1 
/T6-F0-1 /T2-F0-1 /T6-F3-1 /T2-F3-1 /T6-F2-1 /T2-F2-1 /W-F0-1  /T0-F0-1 /T0-F1-1 /T6-F3-1 
/T2-F3-1 /T5-F2-1 /T0-F2-1 /T6-F0-1 /T2-F0-1 /T5-F3-1 /T2-F3-1 /T1-F2-1 /T5-F0-1 /D:1     
/W-F1-1  /T0-F1-1 
"
1020143,Z#BV#AFg#RKtu#rUEvY#lLmncM#DPohkdx#OsfajNIiJbwyqCSTXQHWGezp,107.500000,1237.000000,44.000000,0.664384,1,"
minimal: 0 / states: 120 / duration: 0.000118s
history:
/T6-T4-1 /T4-T5-2 /T3-T1-1 /T2-T1-1 /T2-T1-1 /T2-F0-1 /T5-T2-3 /D:3     /W-T3-1  /D:1     
/W-F1-1  /D:1     /W-T2-1  /T4-T2-1 /T6-T4-1 /T4-T3-2 /T3-T4-4 /T4-T2-5 /D:1     /W-F3-1  
/D:3     /W-T6-1  /T1-T6-4 /T1-F0-1 /D:1     /W-F1-1  /T5-F1-1 /T5-F2-1 /T5-T1-1 /T6-T5-6 
/T5-T0-7 /T3-T5-1 /T2-F1-1 /T3-T0-1 /D:2     /W-T1-1  /D:1     /W-T0-1  /D:1     /W-F0-1  
/D:3     /W-T1-1  /D:1     /W-T2-1  /D:2     /W-T5-1  /D:1     /W-T6-1  /D:1     /W-F1-1  
/D:1     /W-T3-1  /T5-T3-3 /D:1     /W-T2-1  /R       /D:1     /W-F3-1  /D:2     /W-T3-1  
/T6-T3-2 /T6-F2-1 /T2-F2-1 /T6-F3-1 /T0-F2-1 /T2-F3-1 /T4-F2-1 /T6-F0-1 /T0-F3-1 /T2-F0-1 
/T0-F0-1 /T2-F1-1 /W-F2-1  /T0-F1-1 /T2-F2-1 /T0-F2-1 /T3-F0-1 /T3-F1-1 /T2-T3-1 /T2-F2-1 
/D:1     /W-F1-1  /T2-F1-1 /T0-T1-2 /T0-F1-1 /D:1     /W-F2-1  /T2-F2-1 /T1-T0-3 /T1-F2-1 
/T3-T2-4 /T3-F1-1 /T1-F1-1 /T3-F2-1 /D:1     /W-F3-1  /D:1     /W-F3-1  /T2-F3-1 /T0-F3-1 
/D:1     /W-F0-1  /T2-F0-1 /T0-F0-1 /T2-F3-1 /T0-F3-1 /T2-F0-1 /T0-F0-1 /T2-F3-1 /T0-F3-1 
/T2-F0-1 
"
1020171,o#JK#zTM#cnul#tFhSX#BQVqDZ#jWHadRL#CNgUwxriOmPpvAyeYIkfEsGb,123.000000,1027.000000,48.000000,0.596591,1,"
minimal: 0 / states: 126 / duration: 0.000136s
history:
/T6-T5-1 /T4-T5-1 /T3-T2-1 /T1-T2-1 /T1-T5-1 /T5-T1-4 /T5-T6-1 /D:2     /W-F3-1  /D:1     
/W-T3-1  /D:4     /W-T4-1  /D:1     /W-T1-1  /T3-T1-2 /T3-F2-1 /T0-F2-1 /T2-T0-3 /T3-T5-1 
/D:1     /W-F3-1  /D:1     /W-T3-1  /D:1     /W-F3-1  /D:1     /W-F2-1  /T5-T6-1 /T5-F2-1 
/T4-F2-1 /D:2     /W-F0-1  /D:1     /W-T3-1  /D:4     /W-T3-1  /D:2     /W-T4-1  /D:1     
/W-T1-1  /T6-T1-3 /T6-T4-1 /T6-F1-1 /T6-T5-1 /T2-T5-1 /T6-T0-1 /D:2     /W-F1-1  /T1-F1-1 
/T4-F1-1 /R       /D:3     /W-T3-1  /T5-T3-3 /T5-F3-1 /T5-F0-1 /D:2     /W-T0-1  /D:1     
/W-F1-1  /D:1     /W-T2-1  /W-T2-1  /W-T0-1  /W-F0-1  /T1-F0-1 /T1-F3-1 /T1-F2-1 /T4-F0-1 
/T4-F3-1 /T3-F3-1 /T0-F3-1 /T4-T0-1 /T4-F0-1 /T4-F2-1 /T1-T3-1 /T1-F2-1 /T3-T1-2 /T3-F3-1 
/T0-T6-2 /T0-F3-1 /T6-T0-3 /D:2     /W-F1-1  /T1-F1-1 /T0-F1-1 /T0-F2-1 /T3-F2-1 /T2-F2-1 
/T1-T3-3 /T1-F3-1 /T2-F3-1 /T3-T1-4 /T3-F2-1 /T2-F2-1 /T1-T3-5 /T1-F3-1 /W-T0-1  /D:1     
/W-F0-1  /T3-F0-1 /T0-F0-1 /T3-F1-1 /T0-F1-1 /T3-F0-1 /T0-F0-1 /T3-F1-1 /T0-F1-1 /T3-F0-1 
/T0-F0-1 /T3-F1-1 
"
1020190,z#lg#IkN#fatY#PJMZU#GuDFjA#vnLcbwR#VxWrQoOhpmqEseBXHSdTiCyK,101.500000,1541.000000,48.000000,0.575000,1,"
minimal: 0 / states: 122 / duration: 0.000125s
history:
/T2-F3-1 /T5-F0-1 /T3-T0-1 /T3-T4-1 /T3-F1-1 /T3-T4-1 /D:2     /W-T0-1  /T5-T0-1 /T6-T5-1 
/T6-T2-1 /T6-F1-1 /T6-F1-1 /T5-T1-2 /T5-T1-1 /T1-T5-4 /T2-T6-2 /T4-T2-3 /T4-T3-1 /T6-T3-3 
/T6-F2-1 /T1-T4-1 /T4-T1-2 /W-T3-1  /T5-T3-5 /T2-T0-4 /D:2     /W-T0-1  /D:1     /W-T0-1  
/D:1     /W-F2-1  /D:1     /W-F3-1  /D:1     /W-T6-1  /T5-T6-1 /D:1     /W-F2-1  /D:1     
/W-T2-1  /D:1     /W-F2-1  /D:4     /W-F0-1  /D:3     /W-T6-1  /D:1     /W-F1-1  /D:2     
/W-T4-1  /D:1     /W-F0-1  /T3-F0-1 /D:1     /W-T2-1  /D:1     /W-T1-1  /R       /D:1     
/W-T1-1  /T6-T1-4 /D:1     /W-F0-1  /D:2     /W-F1-1  /T0-T1-2 /T0-F1-1 /D:1     /W-T2-1  
/T4-T2-2 /T4-F3-1 /T1-F3-1 /T1-F2-1 /T3-F3-1 /T1-F3-1 /T3-F0-1 /T1-F0-1 /W-F2-1  /T0-F2-1 
/T3-F1-1 /T1-F1-1 /T2-F1-1 /T3-F2-1 /T1-F2-1 /T0-T1-2 /T0-F1-1 /T3-T2-1 /T3-F2-1 /T0-F2-1 
/T3-F1-1 /T1-T0-4 /T1-F1-1 /T2-T3-3 /T2-F2-1 /T2-F1-1 /T0-T1-5 /T0-F2-1 /D:1     /W-F0-1  
/D:1     /W-F3-1  /T1-F3-1 /T1-F0-1 /T3-F3-1 /T1-F3-1 /T3-F0-1 /T1-F0-1 /T3-F3-1 /T1-F3-1 
/T3-F0-1 /T1-F0-1 /T3-F3-1 
"
1020206,S#FG#TVj#dJuw#mpZWK#PqhIUy#LRgcOoX#rbsxaDkNMYevlBiEfAQCtzHn,109.500000,2495.000000,54.000000,0.612245,1,"
minimal: 0 / states: 127 / duration: 0.000145s
history:
/T6-T5-1 /T3-T5-1 /T2-T4-1 /T3-T2-1 /T2-T3-2 /T0-T1-1 /T2-T3-1 /D:1     /W-T1-1  /D:2     
/W-T3-1  /D:2     /W-F1-1  /D:3     /W-F3-1  /D:1     /W-T0-1  /D:1     /W-T0-1  /T4-T0-2 
/D:1     /W-T3-1  /D:1     /W-T0-1  /D:3     /W-T5-1  /D:3     /W-F0-1  /D:1     /W-T1-1  
/D:1     /W-T1-1  /D:2     /W-T2-1  /D:1     /W-T5-1  /D:1     /W-F2-1  /T6-F2-1 /T6-F3-1 
/R       /D:1     /W-F1-1  /T6-F1-1 /T6-T5-1 /D:2     /W-T3-1  /D:2     /W-T2-1  /D:1     
/W-F0-1  /T1-F0-1 /T3-F0-1 /D:1     /W-F0-1  /D:2     /R       /D:1     /W-T2-1  /T4-T2-1 
/T5-T4-6 /T5-T0-1 /T5-T2-1 /T5-T2-1 /T1-T0-4 /T5-T3-1 /T5-F3-1 /T4-T5-7 /T4-F2-1 /T0-F3-1 
/T3-F2-1 /T6-F3-1 /T0-F2-1 /T0-F3-1 /T1-F0-1 /T0-F0-1 /T3-T5-2 /T3-F3-1 /T0-F3-1 /T5-T3-3 
/T5-F0-1 /T3-T5-4 /T3-F3-1 /T2-T0-1 /T2-F0-1 /T3-F0-1 /T3-F1-1 /T5-F1-1 /T5-F2-1 /T2-F3-1 
/T0-T2-3 /T0-F0-1 /T6-F0-1 /D:2     /W-F1-1  /T5-F1-1 /T2-F1-1 /D:1     /W-F2-1  /T5-F2-1 
/T2-F2-1 /T5-F1-1 /T2-F1-1 /T5-F2-1 /T2-F2-1 /T5-F3-1 /T0-F3-1 /W-F1-1  /T2-F1-1 /T0-F0-1 
/T5-F2-1 /T2-F2-1 /T4-F1-1 /T5-F3-1 
"
1020215,a#xE#mqK#sXzD#AuhlS#URPiZG#jOYgpvN#rLyeTdcFnoCBfIbMJVkWHtQw,107.500000,1456.000000,40.000000,0.684932,1,"
minimal: 0 / states: 120 / duration: 0.000126s
history:
/T0-F1-1 /T6-F3-1 /T4-T5-1 /T2-T4-1 /T1-T5-1 /D:6     /W-T5-1  /D:1     /W-T2-1  /D:2     
/W-F2-1  /D:1     /W-F2-1  /D:1     /W-T5-1  /D:1     /W-T2-1  /D:3     /W-F1-1  /D:1     
/W-T0-1  /T4-T0-2 /T5-T4-5 /T4-T6-6 /D:4     /W-T0-1  /T6-T0-7 /T6-F2-1 /T6-T4-1 /T2-T3-2 
/T2-F2-1 /T1-T6-1 /T5-T1-1 /T4-T5-2 /T4-F0-1 /T3-F0-1 /T3-F1-1 /T0-F0-1 /T0-F1-1 /T3-F0-1 
/T3-T4-1 /T6-T4-2 /T6-F3-1 /T0-F0-1 /T6-T4-1 /D:4     /W-T3-1  /T5-T3-3 /T5-F3-1 /W-F3-1  
/T5-F3-1 /T0-F3-1 /W-T5-1  /R       /D:1     /W-F2-1  /D:1     /W-T1-1  /T3-T1-5 /T3-F2-1 
/T5-F2-1 /D:1     /W-T2-1  /D:1     /W-F1-1  /D:1     /W-F3-1  /T5-F3-1 /D:1     /W-F0-1  
/T0-F0-1 /D:1     /W-F1-1  /T1-F1-1 /T0-F1-1 /T1-F2-1 /T0-F2-1 /T1-F1-1 /T1-F2-1 /T4-F1-1 
/T4-F2-1 /T2-F2-1 /D:1     /W-T0-1  /D:1     /W-T1-1  /D:1     /W-F3-1  /D:1     /W-F1-1  
/T0-T4-3 /T0-F1-1 /T2-F1-1 /T4-T0-4 /T4-F2-1 /D:1     /W-F0-1  /T0-F0-1 /T0-F3-1 /T1-F0-1 
/T0-F0-1 /T1-F3-1 /T0-F3-1 /T1-F0-1 /T0-F0-1 /T1-F3-1 
"
1020346,d#mO#aFW#gBkx#yZfPh#RKpirl#oXDMvGn#JqTctzbEUwYLICSsQeANHuVj,119.000000,3003.000000,50.000000,0.554217,1,"
minimal: 0 / states: 131 / duration: 0.000194s
history:
/T6-F2-1 /T6-T4-1 /T4-T6-2 /T6-T2-3 /T5-T6-1 /T3-T6-1 /T2-T6-4 /T0-T5-1 /T6-T0-7 /T4-T6-1 
/T5-T4-2 /T4-T0-3 /D:1     /W-T3-1  /T5-T3-1 /T5-T0-1 /T1-T0-1 /D:11    /W-T1-1  /T3-T1-3 
/T3-T6-1 /T2-T3-1 /T2-F1-1 /T4-T2-1 /T4-T2-1 /D:6     /W-T3-1  /T6-T3-3 /T6-T2-1 /T6-F2-1 
/D:1     /W-F0-1  /T3-F0-1 /D:1     /W-F3-1  /T0-F3-1 /T3-F3-1 /T0-F2-1 /W-F3-1  /D:1     
/W-T1-1  /T3-T1-4 /D:3     /W-T5-1  /R       /D:1     /W-F2-1  /D:2     /W-T1-1  /D:2     
/W-T3-1  /D:1     /W-F1-1  /T1-F1-1 /T0-F1-1 /T0-F2-1 /D:1     /W-T0-1  /D:2     /W-T2-1  
/D:1     /W-T3-1  /T5-T3-2 /T5-F3-1 /D:1     /W-T3-1  /W-T3-1  /W-T3-1  /D:1     /W-F0-1  
/T1-F0-1 /T0-F0-1 /T1-F1-1 /T0-F1-1 /T1-F0-1 /T0-F0-1 /T1-F1-1 /T0-F1-1 /T1-F0-1 /T1-F1-1 
/T3-T0-2 /T3-F0-1 /T1-F0-1 /T3-F1-1 /T1-F1-1 /T3-F0-1 /T1-F0-1 /T0-T3-5 /T0-F1-1 /T0-F0-1 
/T1-F1-1 /D:1     /W-F3-1  /W-F3-1  /D:1     /W-F2-1  /T3-F2-1 /T3-F3-1 /D:1     /W-F2-1  
/T3-F2-1 /T2-F2-1 /D:1     /W-F3-1  /T3-F3-1 /T2-F3-1 /T3-F2-1 /T2-F2-1 /T3-F3-1 /T2-F3-1 
/T3-F2-1 
"
1020357,V#OX#hip#vdrA#UQogZ#tlfywn#PDeukbL#jaCYzxHMRFSsITJNcGEBqmWK,155.500000,1907.000000,47.000000,0.615789,1,"
minimal: 0 / states: 119 / duration: 0.000140s
history:
/T3-F0-1 /T5-F2-1 /T6-T4-1 /T6-T2-1 /T5-T1-1 /T6-T4-1 /T6-T0-1 /T1-T5-2 /T0-T5-2 /T4-T0-3 
/T4-T5-1 /T4-F2-1 /T2-T4-2 /T4-T3-3 /D:2     /W-F1-1  /T3-F1-1 /T3-F2-1 /D:1     /W-T3-1  
/T1-T3-1 /D:2     /W-T1-1  /W-T1-1  /D:1     /W-T1-1  /W-T1-1  /D:1     /W-T2-1  /D:3     
/W-T5-1  /T6-T5-1 /T6-T5-1 /T6-T5-1 /D:3     /W-T1-1  /T4-T1-1 /D:1     /W-T2-1  /W-T2-1  
/D:1     /W-T0-1  /T2-T0-4 /D:1     /W-F3-1  /T3-F3-1 /T5-F3-1 /D:1     /W-F1-1  /D:1     
/W-T1-1  /W-T1-1  /T3-T1-3 /T3-F1-1 /W-T0-1  /T5-T0-1 /T5-F1-1 /W-T4-1  /T2-T3-1 /D:2     
/W-F0-1  /T1-F0-1 /T0-F0-1 /T1-F3-1 /W-F0-1  /T0-F3-1 /T5-F0-1 /D:1     /W-F2-1  /T1-F2-1 
/T0-F2-1 /T1-F3-1 /T0-F3-1 /T1-F0-1 /T0-F0-1 /T1-F3-1 /T1-F0-1 /T5-T0-2 /T5-F3-1 /T0-T5-3 
/T0-F0-1 /T3-T1-2 /D:1     /W-T2-1  /T5-T2-6 /T5-F1-1 /T2-F1-1 /T5-T4-1 /T5-F2-1 /T1-F1-1 
/T2-F2-1 /T1-F2-1 /T2-F1-1 /T1-F1-1 /T2-F2-1 /T0-F1-1 /T1-F2-1 /T4-F1-1 /T2-T0-1 /T2-F2-1 
/T2-F1-1 /T1-T4-1 /T1-F2-1 /D:1     /W-F3-1  /T0-F3-1 /T4-F3-1 /D:1     /W-F0-1  /T0-F0-1 
/T0-F3-1 /T4-F0-1 
"
1020363,U#rj#oCR#EedG#bgDSA#psTPOK#BxYmNnl#zywatfikMHJWZqvQuhFXLcIV,143.500000,2821.000000,73.000000,0.460396,1,"
minimal: 0 / states: 137 / duration: 0.000156s
history:
/T4-F0-1 /T5-T6-1 /T3-T0-1 /T4-T0-1 /T4-T2-1 /T1-T6-1 /T3-T1-1 /T1-T0-2 /D:1     /W-T1-1  
/T6-T1-3 /T6-F2-1 /T6-F3-1 /T5-F3-1 /T5-F3-1 /D:1     /W-T6-1  /D:2     /W-F1-1  /D:4     
/W-T6-1  /D:3     /W-T6-1  /D:3     /W-T3-1  /D:1     /W-T1-1  /T0-T1-5 /T6-T0-4 /D:1     
/W-F3-1  /D:3     /W-T4-1  /T2-T4-2 /T2-T1-1 /T2-F2-1 /D:3     /W-T3-1  /D:2     /W-T0-1  
/R       /D:5     /W-T2-1  /T6-T2-1 /T6-T2-1 /T6-F0-1 /T1-F0-1 /T4-F0-1 /T4-F3-1 /T3-T4-3 
/T3-F0-1 /D:1     /W-T0-1  /T5-T0-1 /T5-T0-1 /T5-F2-1 /T4-T0-3 /T4-F0-1 /D:1     /W-T2-1  
/D:1     /W-T3-1  /D:4     /W-T3-1  /W-T3-1  /D:1     /W-T2-1  /W-T2-1  /R       /D:1     
/W-T3-1  /D:1     /W-T2-1  /T1-T2-3 /T1-F0-1 /D:2     /W-T3-1  /D:1     /W-T3-1  /T4-T3-1 
/T4-F1-1 /T0-F1-1 /T0-F2-1 /T2-F1-1 /T0-F1-1 /T2-F2-1 /T0-F2-1 /T2-F3-1 /T0-F3-1 /W-F1-1  
/T2-F2-1 /T1-F3-1 /T3-F1-1 /T0-F0-1 /T2-F1-1 /T2-F0-1 /T3-F2-1 /T0-F3-1 /T1-F2-1 /T2-F3-1 
/T3-F1-1 /T0-F0-1 /T1-F1-1 /T1-F0-1 /T3-F2-1 /T0-F1-1 /T2-F2-1 /T1-F1-1 /T3-F3-1 /T0-F2-1 
/T2-F3-1 /T1-F2-1 /T3-F0-1 /T0-F1-1 /T2-F0-1 /T3-F3-1 
"
1020439,a#EJ#TfU#umPz#jDZqY#pRISGi#QhgxCyK#dwLkFnBocervWOMlHbVXtNsA,126.000000,2506.000000,49.000000,0.557471,1,"
minimal: 0 / states: 123 / duration: 0.000137s
history:
/T0-F1-1 /T6-T4-1 /T5-T1-1 /T4-T3-2 /T5-T2-1 /T3-T0-3 /T5-T2-1 /T2-T5-3 /T3-T4-1 /T6-T3-1 
/D:4     /W-T3-1  /T1-T3-2 /T1-T2-1 /T3-T1-5 /T3-T1-1 /D:2     /W-F2-1  /D:1     /W-T4-1  
/D:1     /W-F2-1  /D:3     /W-T5-1  /D:2     /W-T0-1  /T5-T0-5 /T4-T5-3 /T4-T3-1 /D:1     
/W-T6-1  /D:4     /W-F1-1  /D:4     /W-F3-1  /T6-F3-1 /D:2     /W-F0-1  /T5-F0-1 /T5-F3-1 
/T6-F0-1 /T4-F0-1 /T2-F0-1 /T4-T6-1 /R       /D:1     /W-T0-1  /D:2     /W-T3-1  /D:1     
/W-F0-1  /D:1     /W-F1-1  /T0-F1-1 /D:1     /W-F1-1  /T2-F1-1 /F0-T2-1 /T5-T2-2 /T5-F2-1 
/T2-F2-1 /T0-F2-1 /T2-T1-3 /D:1     /W-T6-1  /D:1     /W-T2-1  /D:1     /W-T2-1  /T6-T2-3 
/T6-F1-1 /T6-F1-1 /T6-F3-1 /T1-F3-1 /T0-F3-1 /T1-F0-1 /T0-F0-1 /T1-F3-1 /T0-F3-1 /D:1     
/W-F0-1  /T0-F0-1 /D:1     /W-F3-1  /T0-F3-1 /D:1     /W-F3-1  /D:2     /W-F2-1  /W-F2-1  
/T1-F2-1 /T1-F1-1 /T1-F0-1 /T2-F2-1 /T2-F1-1 /T0-F0-1 /W-F2-1  /T1-F1-1 /T2-F2-1 /T0-F3-1 
/T1-F2-1 /T2-F1-1 /T0-F2-1 /T3-F0-1 /T1-F1-1 /T2-F0-1 /T3-F3-1 
"
1020481,O#sU#CmX#hSBi#ktqKx#vejzrL#DcpNadw#VGAgyRHQFInuJloEZTPYMfbW,101.000000,1602.000000,33.000000,0.721311,1,"
minimal: 0 / states: 110 / duration: 0.000132s
history:
/T6-T2-1 /T3-T2-1 /T2-T5-3 /T5-T2-4 /T6-T5-1 /T6-F1-1 /T6-F3-1 /T0-F3-1 /T6-T5-1 /T3-T6-1 
/T5-T3-3 /T5-T0-1 /T5-T4-1 /D:2     /W-T1-1  /T3-T1-4 /D:1     /W-F0-1  /T6-F0-1 /D:4     
/W-T2-1  /D:3     /W-T4-1  /T1-T4-6 /T5-T1-1 /T3-T5-1 /T2-T3-6 /T2-F0-1 /D:1     /W-F2-1  
/D:3     /W-T0-1  /T4-T0-9 /D:1     /W-F2-1  /T0-F2-1 /D:2     /W-T2-1  /D:1     /W-T3-1  
/T1-T3-2 /D:1     /W-F3-1  /D:2     /W-T1-1  /W-T1-1  /T4-T1-1 /T4-F2-1 /T4-T5-1 /F2-T3-1 
/T6-T3-1 /T6-F0-1 /W-F0-1  /W-T4-1  /D:1     /W-T5-1  /D:1     /W-F1-1  /T3-F1-1 /T0-F1-1 
/T3-F2-1 /T3-F1-1 /T0-F2-1 /T5-F1-1 /T3-F2-1 /T5-F2-1 /W-F2-1  /W-F0-1  /W-F3-1  /W-F3-1  
/T0-F3-1 /T0-F0-1 /T3-F3-1 /T0-F3-1 /T3-F0-1 /T0-F0-1 /T4-F0-1 /T1-F0-1 /W-T2-1  /W-F1-1  
/T5-F1-1 /T3-F1-1 /T5-F2-1 /T0-F1-1 /W-F3-1  /T3-F2-1 /T4-F1-1 /T0-F2-1 /T0-F1-1 /T2-F2-1 
/T0-F2-1 /T3-T2-2 /T3-F1-1 /D:1     /W-F3-1  /T2-F3-1 /T1-F3-1 /T2-F0-1 /T1-F0-1 /T2-F3-1 
"
1020536,h#Ya#cfB#UHoV#rgRIb#eXqEDL#CzOQPtA#WpSJZKvkdGlNFisMTmywxnju,112.500000,1389.000000,41.000000,0.682432,1,"
minimal: 0 / states: 119 / duration: 0.000137s
history:
/T1-F1-1 /T4-F1-1 /T6-F0-1 /T2-F0-1 /T6-T0-1 /T2-T0-1 /T2-F1-1 /T0-T4-3 /D:5     /W-T0-1  
/T5-T0-1 /T6-T5-1 /D:1     /W-T1-1  /D:2     /W-T0-1  /D:1     /W-F1-1  /D:3     /W-F3-1  
/D:4     /W-T2-1  /T1-T2-2 /D:2     /W-T1-1  /D:1     /W-T1-1  /D:1     /W-T0-1  /T3-T0-1 
/T3-T5-1 /T3-T0-1 /W-T0-1  /W-T0-1  /D:2     /W-F2-1  /T5-F2-1 /D:1     /W-T2-1  /T4-T2-4 
/T5-T4-2 /T5-T2-1 /T6-T2-1 /T6-F3-1 /T4-F3-1 /T4-T0-2 /T2-F3-1 /D:1     /R       /D:2     
/W-F2-1  /T5-F2-1 /T5-T1-1 /T5-F1-1 /T6-T5-1 /T6-F0-1 /T0-F0-1 /T0-F3-1 /T2-F0-1 /T2-F1-1 
/T4-F1-1 /T4-F2-1 /T0-F2-1 /T2-F2-1 /T2-F1-1 /T3-T2-1 /D:1     /W-F3-1  /T0-F3-1 /T2-F3-1 
/D:1     /W-T1-1  /D:3     /W-T5-1  /D:1     /W-F0-1  /W-F0-1  /T0-F0-1 /T2-F0-1 /T0-F3-1 
/T1-F0-1 /W-T2-1  /W-F3-1  /T1-F3-1 /T2-T5-3 /T2-F3-1 /D:1     /W-F1-1  /D:2     /W-F2-1  
/T5-F2-1 /T0-F2-1 /T5-F1-1 /T0-F1-1 /T5-F0-1 /T0-F0-1 /W-F2-1  /T1-F2-1 /T0-F3-1 /T5-F1-1 
/T1-F1-1 /T2-F0-1 /T5-F2-1 
"
1020546,J#HV#wMu#Gtem#XFyiI#PgSYjn#UfOsxkD#QhAqvENcZKBaRpboCzrWLdTl,91.500000,811.000000,32.000000,0.708955,1,"
minimal: 0 / states: 118 / duration: 0.000128s
history:
/T5-F2-1 /T4-T5-1 /T4-T0-1 /T2-T0-1 /T4-T3-1 /D:2     /W-T5-1  /D:1     /W-F0-1  /D:4     
/W-F3-1  /D:1     /W-T6-1  /D:3     /W-F0-1  /D:1     /W-F1-1  /D:1     /W-T4-1  /T6-T4-2 
/T6-T3-1 /T5-T6-3 /T6-T5-4 /T5-T2-5 /T0-T3-3 /T3-T0-6 /T3-T6-1 /T5-T3-1 /T6-T5-2 /T6-F3-1 
/T3-T2-2 /T5-T0-3 /T6-T3-1 /T3-T6-2 /T2-T3-8 /T1-T2-1 /T5-F3-1 /T1-T2-1 /D:2     /W-F1-1  
/T4-F1-1 /D:1     /W-F2-1  /W-F2-1  /D:1     /W-F0-1  /T4-F0-1 /D:1     /W-T1-1  /D:1     
/W-T3-1  /D:3     /W-F1-1  /T0-F1-1 /T6-F1-1 /D:1     /W-T2-1  /T4-T2-2 /T2-T4-6 /D:1     
/W-T1-1  /R       /D:1     /W-F3-1  /T4-F3-1 /D:1     /W-F2-1  /T3-F2-1 /T0-F2-1 /T0-F1-1 
/T3-F3-1 /T3-F2-1 /T0-F2-1 /T3-F1-1 /T0-F1-1 /T6-T3-2 /D:1     /W-F2-1  /T4-T0-4 /T4-F2-1 
/D:1     /W-F0-1  /T0-F0-1 /T0-F3-1 /T3-F0-1 /T0-F0-1 /T3-F3-1 /T0-F3-1 /T3-F0-1 /T0-F0-1 
/T3-F1-1 /T0-F1-1 /T1-F1-1 /T3-F2-1 /T0-F2-1 /T0-F1-1 /T1-F2-1 /D:1     /W-T0-1  /D:1     
/W-F0-1  /D:1     /W-F3-1  /T4-F3-1 /T3-F3-1 /T0-F3-1 /D:1     /W-F0-1  /T3-F0-1 
"
1020574,j#KQ#vro#ntIH#TwumZ#GgqCYX#EpRyUai#eWLkhfbFSMOxlBsdPDJVcANz,166.500000,4465.000000,58.000000,0.505263,1,"
minimal: 0 / states: 135 / duration: 0.000143s
history:
/T3-T6-1 /T3-T0-1 /D:3     /W-T4-1  /T5-T4-1 /D:2     /W-T0-1  /T3-T0-1 /T3-F2-1 /T2-F2-1 
/T4-T3-3 /T1-T2-1 /T0-T1-4 /T4-T0-1 /T1-T5-5 /D:1     /W-T5-1  /T2-T5-2 /D:4     /W-T1-1  
/T5-T1-9 /T5-T1-1 /D:1     /W-T1-1  /D:6     /W-T5-1  /D:2     /W-T3-1  /T6-T3-2 /T6-F1-1 
/T6-T2-1 /T6-T0-1 /T5-T6-2 /T5-T3-1 /T5-T2-1 /D:3     /W-F0-1  /D:1     /W-F3-1  /T1-F3-1 
/T6-F3-1 /W-T6-1  /D:1     /W-T5-1  /R       /D:3     /W-T0-1  /D:1     /W-F1-1  /T6-F1-1 
/D:1     /W-T3-1  /T6-T3-2 /T6-F2-1 /T3-F2-1 /T1-T6-2 /T1-F2-1 /T6-T1-3 /D:1     /W-T2-1  
/D:2     /W-T5-1  /W-T5-1  /W-T5-1  /T2-T5-4 /D:1     /W-F0-1  /T1-F0-1 /T1-F3-1 /T3-F3-1 
/T5-F3-1 /W-T3-1  /D:1     /W-F2-1  /T1-T5-2 /T1-F2-1 /T4-F2-1 /T4-T0-1 /T4-F3-1 /T5-T1-3 
/T5-F3-1 /T5-F2-1 /T0-F2-1 /D:1     /W-F1-1  /T3-F1-1 /D:1     /W-F0-1  /T1-F0-1 /T1-F1-1 
/T3-F0-1 /T1-F0-1 /T3-F1-1 /T1-F1-1 /T3-F0-1 /T1-F0-1 /T3-F1-1 /T1-F1-1 /T0-F1-1 /T3-F0-1 
/T1-F0-1 /T3-T0-1 /T3-F0-1 /T5-T1-2 /T5-F1-1 /T0-T3-2 /T0-F1-1 /T1-T5-3 /T1-F0-1 /D:1     
/W-F3-1  /T5-F3-1 /T3-F3-1 /T5-F2-1 /T3-F2-1 /T5-F3-1 /T3-F3-1 /T5-F2-1 
"
1020600,O#yj#quM#UdDg#whIrs#XbHSYR#GxAtaVK#PBLzlvFfNmnepTJQockWiCEZ,142.500000,2457.000000,46.000000,0.579545,1,"
minimal: 0 / states: 126 / duration: 0.000132s
history:
/T5-T4-1  /T6-T5-1  /T4-T3-2  /T5-T2-2  /T4-T5-1  /T4-T1-1  /T1-T2-2  /T4-T2-1  /T6-T4-1  /T6-F1-1  
/T5-T6-2  /T3-T5-3  /T6-T2-3  /T6-F0-1  /T3-T5-1  /T5-T4-5  /T5-F1-1  /T3-T2-1  /T4-T5-7  /T2-T4-10 
/T5-T1-8  /D:1      /W-T1-1   /D:1      /W-F0-1   /D:2      /W-T5-1   /D:1      /W-T5-1   /T6-T5-1  
/T6-T3-1  /D:3      /W-T3-1   /D:1      /W-F3-1   /T0-F3-1  /T1-F3-1  /D:1      /W-T0-1   /T1-T0-9  
/D:1      /W-F2-1   /D:2      /W-T4-1   /D:1      /W-T2-1   /D:2      /W-F3-1   /D:1      /W-F2-1   
/T4-F2-1  /D:1      /W-F1-1   /T4-F1-1  /D:2      /W-T5-1   /D:2      /W-F0-1   /T0-F0-1  /T0-F3-1  
/T4-T3-1  /T4-F3-1  /T2-F3-1  /D:1      /W-F0-1   /D:1      /W-T1-1   /R        /D:1      /W-T1-1   
/D:1      /W-T5-1   /T3-T5-4  /D:1      /W-F0-1   /T5-T4-2  /T5-F0-1  /T5-F3-1  /T0-T2-2  /T0-F0-1  
/T2-T0-3  /T2-F2-1  /T4-F2-1  /T0-F2-1  /T4-T5-3  /T4-F0-1  /D:1      /W-F1-1   /T5-F1-1  /T0-F1-1  
/T5-F2-1  /T0-F2-1  /T0-F3-1  /T5-F1-1  /T5-F2-1  /T5-F3-1  /T0-F2-1  /T0-F3-1  /T5-F2-1  /T0-F2-1  
/T4-T5-2  /T4-F3-1  /T1-T0-1  /T1-F3-1  /T5-T4-3  /T5-F2-1  /D:1      /W-F0-1   /D:1      /W-T0-1   
/D:1      /W-F1-1   /T4-F1-1  /T0-F1-1  /T4-F0-1  /T0-F0-1  /T4-F1-1  /T0-F1-1  /T4-F0-1  
"
1020627,z#Ga#gyp#HKqT#kDxrA#lPIoFX#MJSjnOf#eVhZmQWCNsbvUduLBiRtEwYc,136.500000,1397.000000,49.000000,0.631068,1,"
minimal: 0 / states: 118 / duration: 0.000143s
history:
/T1-F1-1 /T4-F0-1 /T6-T1-1 /T6-T2-1 /T6-F2-1 /T4-T1-1 /T6-T4-1 /D:6     /W-T1-1  /T2-T1-2 
/T5-T2-1 /T5-T3-1 /T5-F2-1 /T5-T4-1 /D:3     /W-F3-1  /T1-F3-1 /T5-F3-1 /T4-T5-3 /T1-F2-1 
/T1-F3-1 /T5-T0-4 /D:2     /W-F1-1  /D:2     /W-T0-1  /T1-T0-3 /D:1     /W-T0-1  /D:3     
/W-F0-1  /D:2     /W-T3-1  /T4-T3-1 /D:2     /W-T6-1  /D:1     /W-T2-1  /D:2     /W-F1-1  
/T0-F1-1 /R       /D:1     /W-F1-1  /D:1     /W-T2-1  /D:2     /W-T1-1  /T2-T1-4 /D:1     
/W-T5-1  /D:2     /W-F0-1  /T3-F0-1 /T6-F0-1 /T3-F3-1 /T3-F0-1 /T6-F3-1 /T3-F3-1 /T3-F2-1 
/T0-F2-1 /T0-F1-1 /T0-F0-1 /T6-T4-1 /T0-F3-1 /T1-F3-1 /T2-F1-1 /W-F3-1  /W-F1-1  /D:1     
/W-F2-1  /D:3     /W-T5-1  /T4-T5-2 /D:1     /W-F1-1  /D:1     /W-F2-1  /W-F2-1  /W-F2-1  
/T1-F2-1 /T1-F3-1 /T0-T3-2 /T0-F2-1 /T3-T0-3 /T3-F0-1 /T0-F0-1 /T0-F1-1 /T5-F0-1 /T0-F0-1 
/T5-F1-1 /T0-F1-1 /T1-F2-1 /T5-F0-1 /T5-F1-1 /T0-F2-1 /T6-F0-1 /D:1     /W-F3-1  /T1-F3-1 
"
1020689,N#xU#mLo#QjKW#cPCEZ#gfSuIn#BVGhXFa#zeqTHRJkdvtbDyrwisOlpMYA,133.000000,3486.000000,55.000000,0.544944,1,"
minimal: 0 / states: 132 / duration: 0.000146s
history:
/T0-F3-1 /T5-F2-1 /T2-F2-1 /T6-F1-1 /T4-T0-1 /T5-T3-1 /T1-T3-1 /T3-T1-3 /T2-T0-1 /D:2     
/W-T6-1  /D:1     /W-T6-1  /D:1     /W-T5-1  /T6-T5-3 /T6-T0-1 /D:3     /W-T0-1  /D:2     
/W-T4-1  /D:2     /W-T1-1  /D:1     /W-F1-1  /D:2     /W-T2-1  /D:3     /W-T0-1  /T5-T0-5 
/T4-T5-2 /T4-T5-1 /T5-T1-4 /T4-T0-1 /T4-F1-1 /D:2     /W-F3-1  /T0-F3-1 /D:2     /W-F2-1  
/T0-F2-1 /D:1     /W-T4-1  /W-T4-1  /T3-T4-1 /T3-T4-1 /T3-F3-1 /D:2     /W-F0-1  /R       
/D:1     /W-T3-1  /D:2     /W-F3-1  /T1-T5-3 /T1-F3-1 /T5-T1-4 /T0-T5-2 /T0-F3-1 /T1-T6-5 
/T1-F3-1 /T6-T1-6 /T5-T0-3 /D:1     /W-T2-1  /D:1     /W-T4-1  /F3-T4-1 /T6-T4-1 /W-T6-1  
/D:1     /W-T0-1  /D:1     /W-F2-1  /D:1     /W-T2-1  /T6-T2-2 /T6-F0-1 /T1-F0-1 /T0-F0-1 
/T1-F1-1 /T0-F1-1 /T1-F0-1 /T0-F0-1 /T1-F1-1 /T4-F0-1 /T0-F1-1 /T2-F0-1 /T4-F3-1 /T2-F3-1 
/T1-T4-2 /T1-F0-1 /T1-F3-1 /T0-T2-2 /T0-F0-1 /T0-F3-1 /T4-T1-4 /T4-F0-1 /T0-F0-1 /T4-T3-1 
/T4-F0-1 /T1-T3-5 /D:1     /W-F2-1  /T3-F2-1 /T2-F2-1 /T3-F1-1 /T2-F1-1 /T3-F2-1 /T2-F2-1 
/T3-F1-1 /T2-F1-1 /T3-F2-1 /T2-F2-1 /T3-F1-1 /T2-F1-1 /T3-F2-1 /D:1     /W-F3-1  /T0-F3-1 
"
1020705,E#zX#cbN#Ugeh#IGYly#TaMupd#txrmPnZ#KFJLQqivjwVsBAfHROCWSoDk,113.000000,2145.000000,36.000000,0.676056,1,"
minimal: 0 / states: 122 / duration: 0.000134s
history:
/T2-F3-1 /T5-T0-1 /T4-T6-1 /T5-T0-1 /T1-T6-1 /T4-T1-1 /T2-T0-1 /D:1     /W-T1-1  /D:2     
/W-T6-1  /D:4     /W-T6-1  /T5-T6-1 /T4-T5-1 /T4-T3-1 /T3-T4-2 /W-T3-1  /T2-T3-1 /T6-T2-6 
/T6-F2-1 /D:2     /W-T1-1  /T4-T1-3 /T5-T4-2 /T5-F1-1 /T0-F1-1 /T3-F1-1 /T6-T3-1 /T5-T2-1 
/T6-T5-1 /D:3     /W-T2-1  /T3-T2-3 /D:1     /W-T2-1  /D:1     /W-F0-1  /T2-F0-1 /D:1     
/W-T1-1  /T6-T1-1 /T6-T4-1 /D:3     /W-F3-1  /T2-F3-1 /D:1     /W-F0-1  /D:1     /W-T4-1  
/D:1     /W-T6-1  /T0-T6-3 /D:1     /W-F2-1  /T6-F2-1 /T2-F2-1 /T6-F1-1 /T1-F2-1 /T2-F1-1 
/T1-F1-1 /T3-F1-1 /T2-F2-1 /T1-T3-1 /T1-F1-1 /T6-T3-2 /T6-F2-1 /T3-T1-4 /D:1     /W-F0-1  
/T1-F0-1 /D:1     /R       /D:1     /W-F0-1  /D:1     /W-T5-1  /D:1     /W-F3-1  /D:1     
/W-T4-1  /D:4     /W-F3-1  /T1-F3-1 /T1-F0-1 /T2-F3-1 /T1-F3-1 /T2-F2-1 /T4-F2-1 /W-F0-1  
/T1-F0-1 /T2-F1-1 /T1-F1-1 /W-F3-1  /T2-F0-1 /T4-F3-1 /T1-F0-1 /W-F2-1  /T2-F3-1 /T4-F2-1 
/T4-F3-1 /T2-F2-1 /T2-F3-1 /T5-F0-1 /T4-F0-1 /D:1     /W-F1-1  /T1-F1-1 /T1-F2-1 /T5-F1-1 
"
1020821,N#oV#ZFk#HefL#hbuCA#rzXKPw#SjUgRWd#niYmMcIEsyJOxpaDBTQtqGlv,130.500000,1285.000000,39.000000,0.691011,1,"
minimal: 0 / states: 117 / duration: 0.000139s
history:
/T0-F3-1 /T4-F0-1 /T5-T2-1 /T4-T6-1 /T2-T3-2 /T4-T1-1 /T1-T3-2 /T4-T6-1 /T1-T5-1 /D:1     
/W-F2-1  /T5-F2-1 /D:3     /W-T0-1  /T3-T0-5 /D:1     /W-T1-1  /W-T1-1  /D:3     /W-T3-1  
/T6-T3-3 /W-T6-1  /T4-T6-1 /D:4     /W-F3-1  /T5-F3-1 /T6-T5-3 /T6-T2-1 /T5-T1-4 /T6-T0-1 
/T2-T0-2 /W-T5-1  /W-T2-1  /T5-T2-2 /T5-T4-1 /D:2     /W-F2-1  /D:1     /W-F1-1  /T3-F1-1 
/D:1     /W-T0-1  /D:1     /W-F0-1  /T3-F0-1 /T0-F0-1 /T3-T5-1 /T3-F0-1 /T5-T3-2 /D:2     
/W-F3-1  /T0-F3-1 /T0-F0-1 /D:1     /W-T1-1  /T3-T1-3 /F0-T0-1 /T3-T0-1 /W-T3-1  /D:1     
/W-F2-1  /D:1     /W-T6-1  /D:1     /W-T4-1  /W-T4-1  /W-T3-1  /W-F1-1  /T1-F1-1 /T0-F1-1 
/T0-F0-1 /T1-F2-1 /T1-F1-1 /T3-F2-1 /T0-F1-1 /T1-F2-1 /T0-F2-1 /T1-F1-1 /T6-T1-2 /T6-T4-1 
/T6-F3-1 /T1-F0-1 /T3-F3-1 /T1-F3-1 /T3-F0-1 /T0-F3-1 /T1-F0-1 /W-F1-1  /T2-F0-1 /T1-F3-1 
/T1-F0-1 /T2-F3-1 /T1-F3-1 /T4-F1-1 /T0-T2-2 /T0-F0-1 /T1-F0-1 /T2-T0-3 /T2-F3-1 /D:1     
/W-F2-1  /T0-F2-1 /T0-F1-1 /T4-F2-1 /T0-F2-1 /T4-F1-1 /T0-F1-1 /T4-F2-1 
"
1020826,t#yz#PvQ#VHdj#NXoan#gGECqA#lkIuLBc#ZOxhUeRFprwMbJmYDSTisKfW,106.500000,2016.000000,32.000000,0.800000,1,"
minimal: 0 / states: 99 / duration: 0.000121s
history:
/T4-F2-1 /T4-F1-1 /T4-F2-1 /T5-F0-1 /T6-T5-1 /T6-F0-1 /T4-T6-1 /T4-F3-1 /T1-T4-1 /D:2     
/W-F3-1  /D:7     /W-F2-1  /D:2     /W-T6-1  /D:2     /W-F1-1  /T5-F1-1 /T5-F2-1 /T5-F0-1 
/T2-T5-1 /T2-T3-1 /T2-F3-1 /T5-F3-1 /W-T2-1  /W-F2-1  /D:3     /W-T2-1  /D:1     /W-F0-1  
/T5-F0-1 /D:1     /W-T0-1  /D:2     /W-T6-1  /D:1     /W-F2-1  /T0-T5-1 /T0-F2-1 /D:1     
/W-T2-1  /T3-T2-2 /T3-F1-1 /T3-T6-1 /W-T6-1  /W-T0-1  /T6-T0-6 /T6-F2-1 /T2-F2-1 /T6-T2-1 
/T6-T1-1 /W-T1-1  /W-F0-1  /W-F3-1  /T5-F3-1 /T0-F3-1 /W-F1-1  /T5-F0-1 /W-F3-1  /T0-F0-1 
/T3-F3-1 /T2-F0-1 /T1-F0-1 /T6-T4-1 /D:1     /W-F1-1  /T5-F1-1 /W-F1-1  /T0-F1-1 /T0-F2-1 
/T2-F1-1 /T1-F1-1 /T2-F0-1 /T4-F1-1 /W-F2-1  /T1-F2-1 /T4-F2-1 /W-T1-1  /T0-T1-2 /T0-F1-1 
/D:1     /W-F3-1  /T1-F3-1 /T1-F0-1 /T2-F3-1 /T1-F3-1 /T2-F0-1 
"
1020894,n#vB#CXo#yrLj#lFktN#MKeEaU#wHDZzpu#qiscxIfAYRVgGmJWbQdhTSOP,109.500000,1691.000000,48.000000,0.598765,1,"
minimal: 0 / states: 126 / duration: 0.000140s
history:
/T0-F2-1 /T2-F2-1 /T4-F3-1 /T4-T5-1 /D:6     /W-T3-1  /T5-T3-2 /T5-F1-1 /D:1     /W-T3-1  
/T5-T3-1 /D:1     /W-F0-1  /T1-F0-1 /D:4     /W-T6-1  /D:2     /W-T0-1  /D:1     /W-T2-1  
/D:2     /W-F1-1  /D:1     /W-T3-1  /D:2     /W-T1-1  /D:3     /W-F3-1  /D:1     /W-F3-1  
/T3-F3-1 /R       /D:1     /W-T5-1  /D:1     /W-T2-1  /T6-T2-2 /T6-F2-1 /T5-F2-1 /D:1     
/W-T2-1  /T5-T2-1 /T3-T5-6 /T3-T0-1 /T3-F2-1 /T4-T0-1 /T2-T3-7 /T2-F0-1 /T6-T2-1 /T3-T6-8 
/T6-T3-9 /T6-F0-1 /T5-F0-1 /T4-F0-1 /T5-T4-6 /T4-T2-7 /D:1     /W-F1-1  /D:2     /W-T5-1  
/W-T5-1  /D:1     /W-F3-1  /D:2     /W-F0-1  /T6-F0-1 /W-T6-1  /T6-T0-2 /D:1     /W-T5-1  
/T1-T5-2 /D:1     /W-F1-1  /T3-F1-1 /T2-F1-1 /T3-F2-1 /T3-F1-1 /T2-F2-1 /T5-F1-1 /T3-F2-1 
/T3-F1-1 /T5-F2-1 /T0-T3-1 /T0-F2-1 /T2-T5-2 /T2-F1-1 /T0-F1-1 /T5-T2-3 /T5-F2-1 /T2-T5-4 
/T2-F1-1 /T3-T0-3 /T3-F2-1 /T2-F2-1 /T0-T3-4 /T0-F1-1 /D:2     /W-F3-1  /W-F3-1  /T5-F3-1 
/T3-F3-1 /T5-F0-1 /T3-F0-1 /T5-F3-1 /T3-F3-1 /T5-F0-1 /T3-F0-1 /T5-F3-1 /T3-F3-1 /T5-F0-1 
"
1020902,V#MK#CPu#pJaI#GbgRL#UcNQYj#yEeFTmh#HilSWDZndtxBOfXskzqovAwr,127.500000,2850.000000,48.000000,0.580247,1,"
minimal: 0 / states: 129 / duration: 0.000142s
history:
/T6-T3-1 /T5-T1-1 /T4-T6-1 /T3-T1-2 /T3-F1-1 /T2-T0-1 /T1-T5-4 /T5-T1-5 /T0-T3-2 /T6-T0-2 
/T6-T3-1 /T4-T6-1 /T6-T3-2 /D:6     /W-T3-1  /T2-T3-1 /T2-T5-1 /D:1     /W-T2-1  /D:1     
/W-F2-1  /D:2     /W-T1-1  /D:2     /W-T3-1  /D:1     /W-T5-1  /D:1     /W-T1-1  /D:1     
/W-T0-1  /T3-T0-9 /D:1     /W-T4-1  /T6-T4-1 /T5-T6-3 /T5-F3-1 /T6-F3-1 /T6-T1-3 /T0-T5-1 
/T0-F3-1 /T5-T0-2 /T6-T2-1 /D:1     /W-T2-1  /D:1     /W-T6-1  /D:1     /W-T4-1  /D:1     
/W-F2-1  /T3-F2-1 /T4-F2-1 /D:2     /W-F0-1  /T0-F0-1 /T1-F0-1 /T1-F3-1 /T0-T4-2 /T0-F3-1 
/D:1     /W-T2-1  /D:1     /W-F2-1  /T4-T0-3 /T4-F2-1 /R       /D:2     /W-T2-1  /W-T2-1  
/T4-T2-1 /T4-F1-1 /T0-F1-1 /T0-F0-1 /T1-F0-1 /T1-T4-1 /T1-F2-1 /T4-T1-2 /D:1     /W-T6-1  
/D:1     /W-F3-1  /T0-T2-2 /T0-F3-1 /T0-F2-1 /T5-F3-1 /T0-F3-1 /D:1     /W-F3-1  /D:1     
/W-F1-1  /T2-F1-1 /T1-F1-1 /T2-F0-1 /T1-F0-1 /T2-F1-1 /T1-F1-1 /T2-F0-1 /T1-F0-1 /T2-F1-1 
/T0-F0-1 /T0-F3-1 /T1-F1-1 /T1-F0-1 /T0-F0-1 /T1-F3-1 /T1-F0-1 /T2-T0-3 /T2-F3-1 /D:1     
/W-T6-1  /D:1     /W-F2-1  /T0-F2-1 /T0-F1-1 /T6-F2-1 /T0-F2-1 /T6-F1-1 /T0-F1-1 /T6-F2-1 
"
1020929,M#Jp#loq#Kskt#IWOVA#zvjHbf#LQrSaZY#FwCGhEDXUBuidRPgncmyxeTN,135.000000,4005.000000,56.000000,0.544444,1,"
minimal: 0 / states: 127 / duration: 0.000139s
history:
/T4-F0-1 /T6-T0-1 /T5-T3-1 /T5-T1-1 /T5-T4-1 /D:6     /W-T3-1  /D:4     /W-F0-1  /D:3     
/W-T3-1  /T1-T3-2 /T4-T1-2 /D:2     /W-T2-1  /D:1     /W-T1-1  /D:1     /W-F2-1  /D:3     
/W-T6-1  /D:1     /W-T0-1  /T5-T0-1 /T5-T0-1 /D:3     /W-F3-1  /T4-F3-1 /T2-F3-1 /R       
/D:1     /W-T1-1  /D:2     /W-F0-1  /D:2     /W-T0-1  /T3-T0-6 /T3-T6-1 /T1-T6-5 /T6-T1-8 
/T6-F1-1 /T0-F1-1 /D:1     /W-F0-1  /D:5     /W-T1-1  /T2-T1-1 /T2-F2-1 /T0-F2-1 /T1-F2-1 
/T2-T5-1 /D:1     /W-F1-1  /T0-F1-1 /T0-F0-1 /T1-T3-1 /T1-F0-1 /T3-T1-2 /T4-T3-1 /T3-T5-2 
/T4-T5-1 /D:1     /W-T2-1  /D:1     /W-F1-1  /T0-F1-1 /T6-T0-1 /T6-F2-1 /T6-F3-1 /T1-F3-1 
/T0-F3-1 /T1-F2-1 /T0-F2-1 /T1-F1-1 /T0-F1-1 /W-F1-1  /W-F2-1  /T0-F2-1 /T0-F1-1 /W-T5-1  
/W-T6-1  /W-F0-1  /T1-F0-1 /W-F2-1  /T0-F2-1 /T1-T6-2 /T1-F1-1 /T1-F2-1 /T5-T0-4 /T5-F1-1 
/T2-F1-1 /T5-F2-1 /T6-T1-4 /D:1     /W-F3-1  /T0-F3-1 /T0-F0-1 /T1-F3-1 /T0-F3-1 /T1-F0-1 
/T0-F0-1 /T1-F3-1 /T0-F3-1 /T1-F0-1 /T0-F0-1 /T1-F3-1 
"
1020939,V#TX#xgl#kQSz#BcNvd#yZsfKw#eJYrFtp#aoqhRuiUAjImOEGPnCDHLWbM,130.500000,3081.000000,50.000000,0.548780,1,"
minimal: 0 / states: 130 / duration: 0.000140s
history:
/T6-T4-1  /T5-T1-1  /T5-T2-1  /T5-T6-1  /T2-T3-2  /T5-T2-1  /T0-T1-1  /T3-T0-3  /D:1      /W-F1-1   
/D:4      /W-T2-1   /D:1      /W-T1-1   /T2-T1-3  /D:3      /W-F0-1   /D:1      /W-T0-1   /D:1      
/W-T0-1   /W-T0-1   /T6-T0-2  /D:2      /W-T4-1   /D:1      /W-T0-1   /T4-T0-3  /D:3      /W-F2-1   
/D:2      /W-T1-1   /D:2      /W-T5-1   /T1-T5-8  /T6-T1-1  /T6-T3-1  /T2-T6-1  /T5-T2-10 /D:1      
/W-T6-1   /T4-T6-1  /T4-F3-1  /T0-F3-1  /T4-T2-1  /T4-F0-1  /D:1      /W-F1-1   /T2-F1-1  /D:1      
/W-T4-1   /T6-T4-4  /R        /D:1      /W-F2-1   /T0-F2-1  /T0-F1-1  /D:1      /W-F2-1   /T3-F2-1  
/T2-T1-2  /T2-F2-1  /D:1      /W-T4-1   /D:1      /W-T6-1   /D:2      /W-T4-1   /T3-T4-1  /T3-T0-1  
/T6-T3-2  /T6-F1-1  /T0-T4-2  /T0-F1-1  /T0-F2-1  /T2-F1-1  /T2-F2-1  /T4-T0-4  /T4-F1-1  /T3-F1-1  
/T4-F2-1  /T0-T4-6  /T0-F1-1  /T2-T3-1  /T2-F2-1  /T3-T2-2  /T3-F1-1  /T4-T0-7  /T4-F2-1  /T5-F2-1  
/T0-T4-8  /T0-F1-1  /T0-F2-1  /W-F1-1   /D:1      /W-F3-1   /T4-F3-1  /D:1      /W-F0-1   /T1-F0-1  
/T1-F3-1  /T4-F0-1  /T1-F0-1  /T4-F3-1  /T1-F3-1  /T4-F0-1  /T4-F3-1  /T2-F3-1  /D:1      /W-F0-1   
/T4-F0-1  /T2-F0-1  /T4-F3-1  /T2-F3-1  /T4-F0-1  /T2-F0-1  /T4-F3-1  /T2-F3-1  /T4-F0-1  
"
1020945,A#mi#aUC#MOzJ#eVYkN#dBnqSZ#FbRGvWg#jwQTothuILKfDXrxPEHplcsy,130.500000,3081.000000,73.000000,0.450000,1,"
minimal: 0 / states: 143 / duration: 0.000146s
history:
/T0-F0-1  /T4-F3-1  /T5-T0-1  /T3-T4-1  /T1-T4-1  /D:8      /W-T4-1   /T6-T4-1  /D:1      /W-T6-1   
/W-T6-1   /W-T6-1   /T5-T6-1  /D:1      /W-T0-1   /T4-T0-5  /T4-T3-1  /D:1      /W-T3-1   /T6-T3-5  
/D:4      /W-T3-1   /D:2      /W-T5-1   /D:2      /W-T4-1   /D:4      /W-T0-1   /D:1      /W-T1-1   
/R        /D:3      /W-T3-1   /T2-T3-1  /T2-T6-1  /T2-F1-1  /T3-T2-11 /T3-F3-1  /T5-F3-1  /D:1      
/W-T4-1   /D:4      /W-T1-1   /D:4      /W-T3-1   /D:1      /W-T5-1   /R        /D:2      /W-T1-1   
/T4-T1-3  /T5-T4-2  /T5-F2-1  /T5-F0-1  /T2-F0-1  /T2-F3-1  /T4-T0-3  /T5-T2-1  /D:1      /W-F2-1   
/D:2      /W-F0-1   /D:1      /W-T3-1   /D:1      /W-F0-1   /D:1      /W-F2-1   /R        /D:1      
/W-T3-1   /T6-T3-2  /T6-T3-1  /T6-F3-1  /T6-F1-1  /T0-F1-1  /T0-F2-1  /T2-F1-1  /T0-F1-1  /T2-F2-1  
/T0-F2-1  /T2-F3-1  /T6-F0-1  /T1-F3-1  /T2-F2-1  /T3-F0-1  /T3-F3-1  /T1-F0-1  /T1-F3-1  /T2-T3-1  
/T2-F0-1  /T2-F3-1  /T0-T1-3  /T0-F0-1  /T2-F0-1  /T1-T0-4  /T1-F3-1  /T2-F3-1  /T0-T1-5  /T0-F0-1  
/T0-F3-1  /T3-T2-5  /T3-F0-1  /D:1      /W-F1-1   /T1-F1-1  /T1-F2-1  /T2-F1-1  /T1-F1-1  /T2-F2-1  
/T1-F2-1  /T2-F1-1  /T1-F1-1  /T2-F2-1  /T1-F2-1  /T2-F1-1  /T1-F1-1  /T2-F2-1  
"
1020952,b#ha#Ukq#usGY#ROAwJ#TnyLjx#tEIcCzi#HlKMrdFmZevPgpVBSQDWXfoN,166.000000,2921.000000,68.000000,0.481132,1,"
minimal: 0 / states: 133 / duration: 0.000148s
history:
/T1-F1-1 /T0-F1-1 /T6-T4-1 /T5-T3-1 /T6-T0-1 /T5-T3-1 /T3-T0-3 /T3-T1-1 /D:1     /W-T4-1  
/D:9     /W-T3-1  /T2-T3-1 /T4-T2-3 /T2-T5-4 /D:1     /W-T0-1  /T1-T0-2 /W-T1-1  /T5-T1-5 
/D:1     /W-T3-1  /D:1     /W-T1-1  /T3-T1-4 /D:2     /W-T4-1  /T3-T4-1 /D:1     /W-T1-1  
/D:1     /W-T0-1  /D:4     /W-T5-1  /T4-T5-3 /T4-F0-1 /T1-F0-1 /T6-F0-1 /T6-F1-1 /T2-T6-1 
/D:2     /W-T1-1  /D:1     /W-F3-1  /T4-F3-1 /R       /D:3     /W-T2-1  /D:1     /W-T0-1  
/D:1     /W-F1-1  /T1-T4-3 /T1-F1-1 /T4-T1-4 /D:2     /W-T3-1  /T5-T3-5 /T5-F2-1 /T1-F2-1 
/T1-F3-1 /W-T5-1  /T5-T3-2 /D:1     /W-F2-1  /T1-F2-1 /T0-F2-1 /T1-T3-1 /T1-F2-1 /D:1     
/W-F3-1  /T3-F3-1 /T0-F3-1 /T3-T1-1 /T3-F3-1 /T6-F3-1 /D:1     /W-F0-1  /D:2     /W-F1-1  
/R       /D:1     /W-T2-1  /D:1     /W-T2-1  /D:1     /W-T2-1  /T6-T2-1 /T6-F0-1 /T1-F0-1 
/T0-F0-1 /T1-F1-1 /T1-F0-1 /T6-F2-1 /T0-F1-1 /T2-F0-1 /T3-F2-1 /T0-F2-1 /T1-F1-1 /T0-F1-1 
/T3-F3-1 /T1-F0-1 /T2-F3-1 /T2-F0-1 /T3-F2-1 /T0-F2-1 /T1-F1-1 /T2-F1-1 /T3-F3-1 /T0-F3-1 
/T1-F0-1 /T2-F0-1 /T3-F2-1 /T0-F2-1 /T1-F3-1 /T3-F1-1 
"
1021006,L#Kg#wYG#ExIA#VmtRn#QkDTey#pdXBbNh#PWqlcjzSHaoJiuOZsFMCUvfr,98.000000,809.000000,36.000000,0.735714,1,"
minimal: 0 / states: 115 / duration: 0.000126s
history:
/T3-F0-1 /T4-F2-1 /T6-T3-1 /T6-F3-1 /T2-T3-1 /D:3     /W-T4-1  /D:2     /W-T4-1  /D:3     
/W-T3-1  /D:2     /W-F1-1  /T6-F1-1 /T6-F0-1 /T6-T0-1 /T4-F1-1 /T6-F1-1 /D:1     /W-F2-1  
/T6-F2-1 /T4-F2-1 /D:1     /W-T0-1  /D:1     /W-T0-1  /W-T0-1  /T1-T0-1 /W-T6-1  /T2-T6-1 
/W-T1-1  /T3-T1-4 /T3-T6-1 /T3-T1-1 /D:2     /W-F3-1  /D:1     /W-T3-1  /T5-T3-1 /T5-F1-1 
/D:1     /W-T0-1  /T4-T0-1 /D:1     /W-T5-1  /D:2     /W-F0-1  /D:3     /W-F1-1  /D:1     
/W-F2-1  /T0-T5-1 /T0-F2-1 /T4-F2-1 /T0-T4-6 /T4-T0-7 /T0-F1-1 /T5-T0-3 /T5-F0-1 /T5-T3-1 
/T1-F0-1 /T2-T3-1 /T4-T3-1 /R       /D:1     /W-F3-1  /T5-F3-1 /T0-F3-1 /T0-F0-1 /T1-F3-1 
/T0-F3-1 /T1-F0-1 /T0-F0-1 /T1-F1-1 /T0-F1-1 /T1-F0-1 /T0-F0-1 /T1-F1-1 /T1-F0-1 /T3-T0-2 
/T3-F1-1 /T0-T3-3 /T0-F0-1 /D:1     /W-T6-1  /D:1     /W-F1-1  /T0-F1-1 /D:1     /W-F2-1  
/D:1     /W-F0-1  /D:1     /W-F3-1  /T3-F3-1 /T6-F3-1 /D:1     /W-F2-1  /T3-F2-1 /T3-F3-1 
/T6-F2-1 /T3-F2-1 /T6-F3-1 /T3-F3-1 /T6-F2-1 
"
1021155,M#jx#XEp#iPav#LJFYQ#AeOzNg#BRsquSZ#kodTmbfyrCctVWUnDKIhwGHl,101.000000,1348.000000,42.000000,0.654930,1,"
minimal: 0 / states: 122 / duration: 0.000126s
history:
/T2-T4-1 /T4-T2-2 /T4-T0-1 /T4-T5-1 /T1-T0-1 /T3-T1-1 /T3-F1-1 /T1-T0-2 /T6-T1-1 /T2-T6-3 
/T4-T2-1 /T2-T4-2 /T4-T1-3 /D:2     /W-T3-1  /D:3     /W-T2-1  /D:1     /W-F1-1  /D:2     
/W-T2-1  /D:3     /W-F1-1  /D:2     /W-T1-1  /D:2     /W-T0-1  /D:1     /W-F2-1  /T3-F2-1 
/T6-F2-1 /D:6     /W-T0-1  /T6-T0-3 /T5-T6-2 /T5-F3-1 /T6-T1-3 /T6-F2-1 /T5-T4-1 /T5-F3-1 
/T3-F3-1 /T5-T1-1 /T5-F0-1 /T0-F3-1 /D:1     /W-T3-1  /D:1     /W-T4-1  /R       /D:1     
/W-T2-1  /D:1     /W-F1-1  /T1-F1-1 /D:1     /W-T3-1  /T6-T3-1 /T6-F3-1 /T6-F0-1 /D:1     
/W-F1-1  /D:1     /W-F2-1  /T3-F2-1 /T1-T3-1 /T1-F1-1 /D:1     /W-F0-1  /D:1     /W-F2-1  
/T1-F2-1 /D:2     /W-F0-1  /T0-F0-1 /T0-F3-1 /T3-F0-1 /T0-F0-1 /T3-F3-1 /T0-F3-1 /T3-F0-1 
/T1-F3-1 /T0-F2-1 /W-F3-1  /T1-T2-1 /T1-F3-1 /T0-T4-2 /T0-F3-1 /T3-T2-1 /D:2     /W-F0-1  
/D:1     /W-F1-1  /T2-F1-1 /T2-F0-1 /T4-F1-1 /W-F0-1  /T1-F0-1 /T0-F0-1 /T1-F3-1 /T2-F1-1 
/D:1     /W-F2-1  /T4-F2-1 /T2-F2-1 /T4-F1-1 /T2-F1-1 /T4-F2-1 
"
1021177,G#cf#UYZ#JBIo#vxFml#QiVXbO#jKrkNyn#SDhgwTuWPLRpsEMqedCaHzAt,128.500000,3084.000000,43.000000,0.602410,1,"
minimal: 0 / states: 119 / duration: 0.000128s
history:
/T6-F2-1 /T3-F2-1 /T6-T2-1 /T6-F3-1 /T5-F3-1 /T6-T2-1 /T6-T1-1 /T1-T0-2 /T6-T4-1 /T3-T6-1 
/T3-T1-1 /T3-T2-1 /T2-T3-4 /T6-T4-2 /D:3     /W-T4-1  /T0-T4-3 /D:6     /W-F3-1  /D:3     
/W-F2-1  /D:3     /W-T0-1  /T4-T0-8 /T4-T6-1 /D:1     /W-F2-1  /T0-F2-1 /W-T0-1  /W-F2-1  
/W-T4-1  /W-T6-1  /D:2     /W-T0-1  /D:1     /W-T0-1  /T5-T0-1 /T5-T6-1 /T5-T3-1 /D:1     
/W-F1-1  /T0-F1-1 /D:1     /W-T3-1  /D:2     /W-F0-1  /T1-F0-1 /T0-F0-1 /T1-F1-1 /T0-F1-1 
/W-T1-1  /T2-T1-1 /W-F1-1  /D:1     /W-F2-1  /R       /D:2     /W-F0-1  /T0-F0-1 /T0-F1-1 
/W-T0-1  /D:1     /W-T3-1  /T4-T3-2 /T4-T1-1 /T2-T4-1 /D:1     /W-T6-1  /T5-T6-1 /T5-F3-1 
/T3-F3-1 /T0-F3-1 /T3-F0-1 /T0-F0-1 /T3-F1-1 /T0-F1-1 /T3-F0-1 /T0-F0-1 /T6-F1-1 /T0-F1-1 
/T3-T6-1 /T3-F0-1 /T0-F0-1 /T3-F1-1 /T0-F1-1 /T6-T3-3 /T6-F0-1 /T0-F0-1 /T6-F1-1 /D:1     
/W-F3-1  /T4-F3-1 /T3-F3-1 /D:1     /W-F2-1  /T4-F2-1 /T3-F2-1 /T1-F2-1 /D:1     /W-F3-1  
/T3-F3-1 /T1-F3-1 /T3-F2-1 /T1-F2-1 /T3-F3-1 
"
1021205,E#Zh#GyS#pdoJ#HVqcQ#NAOeMB#IjwLYTu#kWsFagKrDlPfUzmvbRinxtCX,195.500000,5460.000000,55.000000,0.584906,1,"
minimal: 0 / states: 124 / duration: 0.000133s
history:
/T4-T0-1 /T5-T4-1 /T0-T2-2 /T5-T0-1 /D:5     /W-F1-1  /D:1     /W-T6-1  /W-T6-1  /T5-T6-1 
/D:3     /W-T6-1  /T4-T6-2 /D:1     /W-T0-1  /D:1     /W-T4-1  /D:6     /W-F1-1  /T6-T4-1 
/T6-F1-1 /D:2     /W-T3-1  /T6-T3-5 /D:1     /W-F2-1  /D:1     /W-T0-1  /D:1     /W-T1-1  
/T2-T1-3 /D:1     /W-T1-1  /T5-T1-1 /T5-F0-1 /T4-F0-1 /T5-F3-1 /T1-F3-1 /T1-F0-1 /T3-F0-1 
/T4-T3-2 /T3-F3-1 /T1-F3-1 /T1-F0-1 /W-F3-1  /T1-F3-1 /T6-F3-1 /D:1     /W-T2-1  /T3-T2-7 
/T3-F2-1 /T3-F1-1 /T3-F2-1 /T2-F2-1 /T2-F1-1 /T2-F0-1 /R       /D:2     /W-T0-1  /D:1     
/W-T2-1  /D:1     /W-T6-1  /D:1     /W-F2-1  /T2-F2-1 /T1-F2-1 /D:1     /W-F1-1  /T2-F1-1 
/T2-F2-1 /T1-F1-1 /T2-T1-4 /T2-F0-1 /T1-F1-1 /T4-T1-1 /T4-F0-1 /D:1     /W-F3-1  /T1-F3-1 
/T0-F3-1 /D:1     /W-T2-1  /T6-T2-2 /W-T6-1  /T1-T6-1 /T1-F3-1 /D:1     /W-T3-1  /T6-T3-3 
/F3-T1-1 /T6-T1-1 /T6-F1-1 /T6-F0-1 /T3-F0-1 /T2-F0-1 /T3-F1-1 /T3-F0-1 /T0-T2-1 /T0-F1-1 
/T0-F0-1 /T3-F1-1 /D:1     /W-F2-1  /T1-F2-1 /T1-F3-1 /T2-F2-1 /T1-F2-1 /T2-F3-1 /T1-F3-1 
/T2-F2-1 
"
1021217,f#oz#BSN#tLQn#dbuhF#EPgKTO#cvaWCXw#iImkHysJUZDqAGYRVrpjlMxe,133.000000,1810.000000,56.000000,0.579545,1,"
minimal: 0 / states: 124 / duration: 0.000130s
history:
/T2-F3-1 /T3-F2-1 /T5-F3-1 /T4-T5-1 /D:1     /W-T6-1  /D:4     /W-T6-1  /T5-T6-2 /D:8     
/W-F0-1  /D:1     /W-T4-1  /T2-T4-1 /T2-F0-1 /T1-T2-1 /T1-F2-1 /D:1     /W-T2-1  /T5-T2-1 
/D:1     /W-T6-1  /W-T6-1  /D:2     /W-T0-1  /T3-T0-1 /D:1     /W-F2-1  /T6-F2-1 /D:1     
/W-T2-1  /D:2     /W-T1-1  /W-T1-1  /D:1     /W-T1-1  /D:1     /R       /D:1     /W-T2-1  
/T4-T2-3 /T5-T4-1 /T5-F3-1 /T0-F3-1 /T0-F2-1 /T6-F3-1 /T2-F3-1 /T6-T4-1 /T6-F3-1 /T0-T2-1 
/T5-T2-1 /D:1     /W-T0-1  /T3-T0-1 /D:1     /W-T0-1  /T6-T0-3 /D:2     /W-F2-1  /T3-F2-1 
/T4-T0-2 /T4-F2-1 /D:1     /W-T6-1  /D:1     /W-F3-1  /D:1     /W-T3-1  /W-T3-1  /T6-T3-2 
/T6-F0-1 /T6-T1-1 /T6-F1-1 /T4-F1-1 /T6-F2-1 /T6-F1-1 /T4-F1-1 /T0-T3-4 /T0-F2-1 /D:1     
/W-F0-1  /T2-F0-1 /T3-F0-1 /D:1     /W-F3-1  /T1-F3-1 /T1-F2-1 /T3-T0-4 /T3-F3-1 /T3-F2-1 
/T2-T1-6 /T2-F3-1 /T2-F2-1 /T3-F3-1 /D:1     /W-F1-1  /T1-F1-1 /T0-F1-1 /T1-F0-1 /T0-F0-1 
/T1-F1-1 /T0-F1-1 /T1-F0-1 /T0-F0-1 /T1-F1-1 /T0-F1-1 /T1-F0-1 /T0-F0-1 /T1-F1-1 /T0-F1-1 
/T1-F0-1 
"
1021222,Z#Tg#Uwz#rSoD#PHhAX#FCymjY#NIeRtbi#cslMGWdqvxaEfQOLuJpKBVnk,124.500000,1873.000000,60.000000,0.505495,1,"
minimal: 0 / states: 134 / duration: 0.000140s
history:
/T5-T2-1 /D:1     /W-T3-1  /D:1     /W-T1-1  /D:7     /W-T5-1  /D:1     /W-T2-1  /T5-T2-2 
/D:1     /W-F1-1  /D:5     /W-T0-1  /T4-T0-1 /T4-F0-1 /T4-T2-1 /T1-T4-2 /T4-T6-3 /D:2     
/W-T0-1  /T6-T0-4 /T6-F1-1 /T6-T2-1 /T3-T6-2 /T6-T0-3 /T3-T0-1 /T3-T2-1 /T3-T2-1 /T5-T3-1 
/T5-T3-1 /T0-T4-1 /T0-F1-1 /T4-T0-2 /T2-T4-9 /D:3     /W-F0-1  /T5-F0-1 /T6-T5-1 /T5-T1-2 
/D:1     /W-T2-1  /D:1     /W-F2-1  /T0-F2-1 /D:1     /W-T3-1  /T2-T3-2 /T2-T6-1 /R       
/D:2     /W-T2-1  /W-T2-1  /D:1     /W-T6-1  /D:2     /W-F1-1  /T1-F1-1 /D:3     /W-F1-1  
/D:1     /W-T4-1  /D:2     /W-T3-1  /T1-T3-2 /D:1     /W-F2-1  /D:1     /W-T2-1  /R       
/D:1     /W-T2-1  /T6-T2-3 /T6-F3-1 /D:1     /W-F2-1  /D:2     /W-F3-1  /T0-F3-1 /T0-F0-1 
/T4-F3-1 /T0-F3-1 /T4-F2-1 /T0-F2-1 /W-F0-1  /T3-F0-1 /T0-F1-1 /T4-F3-1 /T2-F0-1 /T3-F3-1 
/T0-F0-1 /T4-F2-1 /T2-F3-1 /T3-F2-1 /T3-F3-1 /T4-F1-1 /T0-F1-1 /T2-F0-1 /T0-F0-1 /T4-F2-1 
/T2-F3-1 /T3-F2-1 /T0-F3-1 /T4-F1-1 /T2-F0-1 /T3-F1-1 /T0-F0-1 /T4-F2-1 /T2-F1-1 /T3-F2-1 
/T3-F1-1 /T4-F3-1 /T0-F3-1 /T2-F0-1 /T4-F2-1 
"
1021395,f#JZ#Gpn#qwRr#BdaAN#gbDCEj#VTMXPxy#ksOQLhWImolvzcKHSeFiYtUu,134.000000,2643.000000,44.000000,0.627907,1,"
minimal: 0 / states: 113 / duration: 0.000118s
history:
/T2-F2-1 /T4-F3-1 /T4-F0-1 /T4-F1-1 /T6-T1-1 /T5-T6-1 /T5-T0-1 /T5-T4-1 /T4-T0-2 /T4-F0-1 
/T1-T4-2 /T0-F0-1 /T5-F0-1 /T5-F1-1 /T2-T0-1 /T0-T3-2 /T0-F0-1 /T3-T0-3 /T0-T2-4 /D:1     
/W-T4-1  /T1-T4-1 /D:1     /W-T5-1  /T3-T5-1 /D:1     /W-F3-1  /D:5     /W-T6-1  /D:1     
/W-T0-1  /D:1     /W-F2-1  /T2-F2-1 /D:3     /W-T1-1  /D:1     /W-F1-1  /T2-F1-1 /D:4     
/W-F1-1  /D:1     /W-F0-1  /D:1     /W-T3-1  /D:1     /W-T1-1  /T6-T1-3 /T6-F3-1 /T3-T6-2 
/T3-F2-1 /T2-F2-1 /T2-F1-1 /T2-F0-1 /D:2     /W-T1-1  /W-T1-1  /W-T1-1  /W-F0-1  /D:1     
/W-T6-1  /T5-T6-3 /R       /D:1     /W-F3-1  /T6-F3-1 /T1-F3-1 /T6-F2-1 /T1-F2-1 /T6-F1-1 
/T6-F2-1 /D:1     /W-T0-1  /T6-T0-3 /T6-T2-1 /T6-F3-1 /T1-F3-1 /T6-F3-1 /T1-F0-1 /T4-F0-1 
/D:1     /W-F1-1  /T0-F1-1 /T1-F1-1 /T4-F1-1 /D:1     /W-F3-1  /D:1     /W-F1-1  /D:1     
/W-F2-1  /T0-F2-1 /T0-F3-1 /T1-F2-1 /T4-F2-1 /T1-F3-1 /T1-F2-1 /T4-F3-1 /D:1     /W-F0-1  
/T0-F0-1 /T0-F1-1 /T2-F0-1 
"
1021471,G#ZA#UCF#zcLJ#PyvTo#MRhbeu#DIsarik#mBKSgNdXwfpEjtQVlYOWnxqH,140.500000,3406.000000,51.000000,0.580460,1,"
minimal: 0 / states: 126 / duration: 0.000130s
history:
/T1-F0-1 /T3-T6-1 /T6-T3-2 /T5-T6-1 /T6-T3-2 /T5-T2-1 /T3-T1-5 /T4-T3-1 /T4-T1-1 /T2-T1-2 
/T5-T2-1 /T5-T4-1 /T0-T4-1 /D:1     /W-T0-1  /D:1     /W-F0-1  /D:2     /W-T4-1  /T6-T4-1 
/T6-F1-1 /T2-F1-1 /T2-F0-1 /T5-T6-1 /D:2     /W-F3-1  /D:1     /W-T4-1  /D:4     /W-T4-1  
/D:3     /W-T2-1  /D:3     /W-T5-1  /D:2     /W-F3-1  /D:2     /W-F2-1  /T3-F2-1 /T3-F1-1 
/T4-F2-1 /T4-F1-1 /T1-F1-1 /D:1     /W-T5-1  /W-T5-1  /T4-T5-5 /T4-T0-1 /T4-F3-1 /W-T3-1  
/D:1     /W-F2-1  /T5-F2-1 /T6-T1-1 /T6-F2-1 /T2-F2-1 /T2-T6-1 /D:1     /R       /D:1     
/W-T3-1  /D:2     /W-T0-1  /D:1     /W-T0-1  /D:1     /W-F1-1  /W-F1-1  /T5-T6-2 /T5-F1-1 
/D:1     /W-T6-1  /D:1     /W-T3-1  /T6-T3-5 /T6-F0-1 /T3-F0-1 /D:1     /W-F3-1  /T1-F3-1 
/T1-F0-1 /T3-F3-1 /T1-F3-1 /T1-F2-1 /T3-F0-1 /T3-F3-1 /T5-F2-1 /T0-F2-1 /T1-F1-1 /T3-T5-1 
/T3-F1-1 /T1-T0-1 /T1-F1-1 /T5-T3-2 /T5-F2-1 /T5-F1-1 /T0-T1-2 /T0-F2-1 /T0-F1-1 /T3-T5-4 
/T3-F2-1 /D:1     /W-F3-1  /D:1     /W-F0-1  /T5-F0-1 /T1-F0-1 /T5-F3-1 /T1-F3-1 /T5-F0-1 
/T1-F0-1 /T5-F3-1 /T1-F3-1 /T5-F0-1 
"
1021473,l#Gn#vAk#RoSj#EYuHa#xfOcPq#tWVNpwg#MeTCmZsQKXbiyJIzrFdDhBLU,129.500000,1792.000000,57.000000,0.581633,1,"
minimal: 0 / states: 134 / duration: 0.000145s
history:
/T1-F2-1 /T4-F1-1 /T6-T4-1 /T6-T2-1 /D:7     /W-T4-1  /D:2     /W-T0-1  /T3-T0-1 /T3-T1-1 
/T3-F2-1 /T6-F2-1 /T6-F3-1 /T5-F2-1 /T4-T6-3 /T6-T2-4 /F2-T3-1 /T5-T3-1 /T3-T2-3 /D:2     
/W-F1-1  /T5-F1-1 /T5-F3-1 /T2-F3-1 /T2-F2-1 /D:4     /W-T0-1  /D:1     /W-T3-1  /T0-T3-4 
/D:1     /W-F2-1  /D:2     /W-F1-1  /D:1     /W-T2-1  /D:1     /W-T3-1  /T1-T3-2 /D:3     
/R       /D:1     /W-T0-1  /D:1     /W-F1-1  /T5-F1-1 /T6-T5-1 /D:1     /W-T4-1  /T2-T4-3 
/T2-F1-1 /D:2     /W-T1-1  /D:2     /W-F3-1  /D:3     /W-T1-1  /T2-T1-4 /T2-F0-1 /T2-T5-1 
/D:3     /W-F0-1  /D:2     /W-T5-1  /T3-T5-2 /T3-F1-1 /R       /D:1     /W-F0-1  /T4-F0-1 
/T4-F3-1 /T4-F2-1 /T5-F3-1 /T6-F2-1 /T4-T1-1 /T4-F2-1 /T4-T0-1 /T4-F0-1 /T1-F3-1 /T5-T3-2 
/T5-F2-1 /T5-T0-2 /D:1     /W-T2-1  /D:2     /W-F1-1  /T3-T0-3 /T3-F1-1 /D:2     /W-F0-1  
/T0-F0-1 /T0-F3-1 /T1-F0-1 /T0-F0-1 /T1-F3-1 /T0-F3-1 /T1-F2-1 /T0-F2-1 /W-F0-1  /T1-F1-1 
/T3-F0-1 /T3-F1-1 /W-F3-1  /T0-F3-1 /T1-F2-1 /T3-F2-1 /T1-F1-1 /T2-F3-1 /D:1     /W-F0-1  
/T0-F0-1 
"
1021474,N#kT#BpG#mlCA#HjRrS#gfKndP#WVxqMbO#iJYUzhuwFevyXtsacEDLoQIZ,134.500000,3494.000000,52.000000,0.616162,1,"
minimal: 0 / states: 122 / duration: 0.000132s
history:
/T0-F3-1 /T3-F0-1 /T6-F3-1 /T5-F3-1 /T6-T3-1 /T4-T2-1 /T5-T4-1 /T5-F2-1 /T6-T0-1 /T4-T2-2 
/T6-T4-1 /T3-T2-2 /T5-T3-1 /T3-T0-2 /D:9     /W-T1-1  /T4-T1-2 /T4-T0-1 /T1-T4-4 /W-T1-1  
/D:2     /W-T0-1  /D:1     /W-T3-1  /T1-T3-2 /D:4     /W-F1-1  /T2-F1-1 /D:1     /W-F1-1  
/D:1     /W-T5-1  /D:3     /W-F2-1  /D:1     /W-F3-1  /D:2     /W-T1-1  /R       /D:1     
/W-T3-1  /T4-T3-5 /D:3     /W-T0-1  /T2-T0-5 /T2-F2-1 /T2-F0-1 /T0-F0-1 /T0-F1-1 /T3-F2-1 
/T0-F2-1 /T3-F3-1 /T0-F3-1 /T5-T0-2 /T3-T5-1 /T3-F3-1 /T5-T3-2 /D:1     /W-T2-1  /W-T2-1  
/T6-T2-1 /D:2     /W-T6-1  /D:1     /W-F1-1  /D:3     /W-F2-1  /W-F2-1  /T6-F2-1 /D:1     
/W-F0-1  /T0-F0-1 /T0-F1-1 /T3-F0-1 /T0-F0-1 /T0-F3-1 /T3-F1-1 /T3-F0-1 /T6-F3-1 /T0-F2-1 
/T6-F3-1 /W-F3-1  /W-F1-1  /T3-F1-1 /T3-F2-1 /T0-F1-1 /T2-F2-1 /T2-F3-1 /T1-F3-1 /T3-F1-1 
/T3-F2-1 /T2-F2-1 /D:1     /W-T3-1  /D:1     /W-F0-1  /W-F0-1  /T0-F0-1 /T0-F1-1 /T3-F0-1 
/T0-F0-1 /T3-F1-1 
"
1021621,A#Dv#IVT#RxhZ#UMLiY#EBakzS#rGnwscF#KOtNHXdoCqJmQWfjyPlepubg,144.000000,1909.000000,58.000000,0.542553,1,"
minimal: 0 / states: 134 / duration: 0.000136s
history:
/T0-F0-1  /T6-T2-1  /T3-T0-1  /T3-T1-1  /T3-T4-1  /T3-T2-1  /D:3      /W-T1-1   /T5-T1-1  /T4-T5-2  
/T5-T3-3  /D:1      /W-F3-1   /W-F3-1   /D:1      /W-T4-1   /T2-T4-3  /D:3      /W-T6-1   /D:2      
/W-T4-1   /T6-T4-2  /D:1      /W-T5-1   /T4-T5-8  /T5-T4-10 /T5-F1-1  /T5-F0-1  /T4-T0-11 /T5-T1-1  
/T4-T5-1  /W-F0-1   /W-T1-1   /D:3      /W-T3-1   /T1-T3-6  /T1-F0-1  /D:4      /W-F3-1   /D:1      
/W-T5-1   /D:1      /W-T6-1   /D:1      /W-T3-1   /D:1      /W-T2-1   /D:1      /W-F1-1   /D:1      
/W-T2-1   /T6-T2-2  /T2-T6-5  /T4-T2-1  /R        /D:1      /W-T5-1   /D:2      /W-T1-1   /D:1      
/W-F3-1   /T0-T6-3  /T0-F3-1  /D:2      /W-T5-1   /T2-T5-2  /D:1      /W-T1-1   /R        /D:1      
/W-T1-1   /T6-T1-9  /T6-F2-1  /T1-F2-1  /T1-F1-1  /T3-F2-1  /T1-F2-1  /T3-F1-1  /T1-F1-1  /T3-F0-1  
/T0-F0-1  /T6-F0-1  /T6-F2-1  /T1-F2-1  /T3-F3-1  /T0-F3-1  /T0-F0-1  /T3-F2-1  /T5-F3-1  /T5-F0-1  
/T1-T0-2  /T1-F3-1  /T0-T1-3  /T0-F0-1  /T3-T5-2  /T3-F3-1  /T1-T0-4  /T1-F3-1  /T5-T3-3  /T5-F0-1  
/T0-T1-5  /T0-F0-1  /T3-T5-4  /T3-F3-1  /T0-F3-1  /T5-T3-5  /T5-F0-1  /D:1      /W-F1-1   /T1-F1-1  
/T1-F2-1  /T3-F1-1  /T1-F1-1  /T3-F2-1  /T1-F2-1  /T3-F1-1  /T1-F1-1  /T3-F2-1  /T1-F2-1  /T3-F1-1  
/T1-F1-1  /T3-F2-1  
"
1021629,h#FI#bwA#VmZT#MuqWB#tfryzn#SlRxXeY#JLKgNkCodaOEDpsHPGjcUQiv,83.000000,1045.000000,26.000000,0.782258,1,"
minimal: 0 / states: 118 / duration: 0.000121s
history:
/T2-F0-1 /T4-F0-1 /T5-F2-1 /T6-T5-1 /T1-T4-1 /T6-T1-1 /T2-T6-1 /T0-T4-1 /T5-T0-2 /T6-T5-2 
/T4-T6-3 /T6-T0-4 /T4-T1-1 /T3-T4-1 /T5-T3-3 /T1-T4-3 /T3-T1-4 /D:2     /W-T3-1  /D:3     
/W-F3-1  /D:1     /W-T3-1  /D:1     /W-F0-1  /D:1     /W-F2-1  /D:1     /W-T5-1  /D:1     
/W-F1-1  /T2-F1-1 /T3-T2-3 /T4-T3-5 /T3-T1-6 /D:1     /W-F3-1  /D:2     /W-F0-1  /W-F0-1  
/D:1     /W-F2-1  /T1-F2-1 /D:3     /W-F3-1  /D:1     /W-T0-1  /D:2     /W-F1-1  /T5-F1-1 
/T1-F1-1 /T5-F2-1 /T5-F1-1 /T6-T1-1 /T6-T4-1 /T6-T0-1 /D:2     /W-F3-1  /T1-F3-1 /T0-F3-1 
/T1-F0-1 /T0-F0-1 /T1-F3-1 /W-F3-1  /T5-T0-1 /D:2     /R       /D:1     /W-T2-1  /D:1     
/W-T4-1  /D:1     /W-F1-1  /D:1     /W-F2-1  /T0-F2-1 /T0-F1-1 /T1-F2-1 /T1-F3-1 /D:1     
/W-F0-1  /T0-F0-1 /T0-F3-1 /T2-F0-1 /T4-F0-1 /T1-T2-1 /T1-F3-1 /T0-T4-1 /T0-F3-1 /T2-T1-2 
/T2-F0-1 /T1-T2-3 /T1-F3-1 /T4-T0-2 /T4-F0-1 /D:1     /W-T0-1  /D:1     /W-F1-1  /T0-F1-1 
/D:1     /W-F2-1  /T2-F2-1 /T0-F2-1 /T2-F1-1 /T0-F1-1 /T2-F2-1 /T0-F2-1 /T2-F1-1 
"
1021706,s#pB#gXA#kIzC#eZNKn#fTrhbm#YLwoaiR#vEtyGFqVxlSWjDPQcJdOHMuU,101.000000,1085.000000,31.000000,0.787879,1,"
minimal: 0 / states: 112 / duration: 0.000116s
history:
/T2-F0-1 /T1-F0-1 /T4-F2-1 /T3-F0-1 /T6-T0-1 /D:4     /W-T5-1  /T2-T5-1 /T0-T2-2 /T5-T0-3 
/T5-T1-1 /W-T5-1  /D:3     /W-T2-1  /D:3     /W-T3-1  /T4-T3-1 /T4-F3-1 /D:1     /W-T5-1  
/D:1     /W-T3-1  /D:2     /W-F0-1  /D:1     /W-T2-1  /D:3     /W-T0-1  /T6-T0-1 /T6-F1-1 
/T1-F1-1 /T6-F2-1 /W-F1-1  /T1-F2-1 /T3-T1-4 /T5-T3-3 /T5-T3-1 /T3-T1-5 /T6-T3-1 /T6-T4-1 
/T3-T4-2 /T4-T3-4 /W-T1-1  /D:1     /W-F1-1  /T4-F1-1 /D:1     /W-F3-1  /T2-F3-1 /T1-F3-1 
/T2-F2-1 /T1-F2-1 /T2-F3-1 /T2-F2-1 /T1-F3-1 /T5-F3-1 /T1-F2-1 /T5-F1-1 /T2-F1-1 /T1-F1-1 
/T0-F1-1 /W-F1-1  /W-T6-1  /W-T0-1  /D:1     /W-T0-1  /D:1     /W-T2-1  /T6-T2-2 /D:1     
/W-F2-1  /D:1     /W-F3-1  /R       /D:1     /W-F2-1  /T3-F2-1 /T2-F2-1 /T3-F1-1 /T0-T3-4 
/T0-F2-1 /T1-T2-3 /T1-F1-1 /T0-F1-1 /T1-F2-1 /D:1     /W-F0-1  /D:2     /W-F0-1  /W-F0-1  
/T3-F0-1 /T2-F0-1 /T3-F3-1 /T2-F3-1 /T3-F0-1 /T2-F0-1 /T3-F3-1 /T2-F3-1 /T3-F0-1 /T2-F0-1 
/T3-F3-1 
"
1021755,D#AC#dEy#sGel#gMNwn#iaQcRz#qpSjYPm#HVvhJfILKUktFxBOurZboWXT,126.000000,1126.000000,34.000000,0.726027,1,"
minimal: 0 / states: 115 / duration: 0.000117s
history:
/T4-F2-1 /T3-T5-1 /T2-T6-1 /T0-T3-1 /T6-T0-2 /T6-T3-1 /D:2     /W-T4-1  /W-T4-1  /D:7     
/W-T5-1  /D:2     /W-T0-1  /T4-T0-3 /T4-F3-1 /T6-T4-1 /T6-T5-1 /T2-T6-1 /T1-T2-1 /T1-F0-1 
/T5-T1-4 /T2-T6-2 /T4-T2-2 /T4-T0-1 /D:2     /W-T0-1  /T5-T0-1 /D:1     /W-T2-1  /D:1     
/W-F0-1  /T6-F0-1 /D:1     /W-F3-1  /T3-F3-1 /T5-T3-1 /T5-F3-1 /T5-F1-1 /T0-F3-1 /T3-T0-3 
/T6-T3-3 /T6-T3-1 /T0-T6-1 /T0-F0-1 /T6-T0-2 /D:1     /W-T5-1  /D:2     /W-T4-1  /D:1     
/W-F1-1  /T0-F1-1 /D:1     /W-F2-1  /T3-F2-1 /T0-F2-1 /T3-F1-1 /T0-F1-1 /T3-F0-1 /T0-F0-1 
/W-F2-1  /T3-F3-1 /T3-F0-1 /T3-F2-1 /W-F2-1  /T5-F2-1 /D:1     /W-T2-1  /D:2     /W-F3-1  
/R       /D:1     /W-F2-1  /D:3     /W-F1-1  /T0-F1-1 /T0-F0-1 /D:1     /W-F0-1  /W-F0-1  
/W-F1-1  /T5-F1-1 /T1-F1-1 /T1-F0-1 /D:1     /W-F0-1  /D:1     /W-F3-1  /T0-F3-1 /T0-F2-1 
/T0-F1-1 /T2-F3-1 /T2-F2-1 /T1-F1-1 /T0-F2-1 /T0-F1-1 /T1-F2-1 /D:1     /W-F3-1  /T2-F3-1 
/T2-F0-1 /T4-F3-1 
"
1021758,r#sG#vLY#kDnK#PxlNm#jgoOyp#iEaUMwA#ZSWBFfHTztqXJehuVIdCRbcQ,140.000000,3919.000000,60.000000,0.531250,1,"
minimal: 0 / states: 139 / duration: 0.000142s
history:
/T6-F0-1 /T3-T2-1 /T3-F2-1 /D:2     /W-T1-1  /T0-T1-1 /T4-T0-1 /T4-F3-1 /D:1     /W-T2-1  
/D:1     /W-F0-1  /D:13    /W-T6-1  /W-T6-1  /D:1     /W-T2-1  /W-T2-1  /T1-T2-3 /W-T1-1  
/T3-T1-1 /T6-T3-3 /T2-T6-8 /T2-T0-1 /T3-T0-4 /T6-T3-9 /T6-T2-1 /T6-F1-1 /D:1     /W-T3-1  
/T5-T3-1 /D:1     /W-F0-1  /T1-F0-1 /T6-F0-1 /D:2     /W-F1-1  /D:1     /W-F1-1  /D:1     
/R       /D:2     /W-F0-1  /D:2     /W-T6-1  /D:1     /W-T0-1  /T1-T0-2 /D:1     /W-T1-1  
/T4-T1-1 /T4-T1-1 /D:1     /W-T2-1  /T3-T2-4 /T3-F0-1 /T6-F0-1 /D:1     /W-T0-1  /T4-T0-1 
/D:1     /W-T5-1  /D:1     /W-T5-1  /T6-T5-1 /D:2     /R       /D:1     /W-T4-1  /T5-T4-4 
/T5-F3-1 /T5-F2-1 /T0-F3-1 /T2-F2-1 /T0-F2-1 /T2-F1-1 /T0-F1-1 /F0-T4-1 /T5-T4-1 /T2-F2-1 
/T0-F2-1 /T2-T5-4 /T5-T1-5 /D:1     /W-F1-1  /T4-F1-1 /T3-F1-1 /T4-F0-1 /T3-F0-1 /T4-F1-1 
/T4-F0-1 /T1-T3-4 /T1-F1-1 /T0-T4-4 /T0-F1-1 /T3-T1-5 /T3-F0-1 /T0-F0-1 /T1-T3-6 /T1-F1-1 
/T0-F1-1 /T3-T1-7 /T3-F0-1 /D:2     /W-F3-1  /W-F3-1  /T1-F3-1 /T1-F2-1 /T4-F3-1 /T1-F3-1 
/T4-F2-1 /T1-F2-1 /T4-F3-1 /T1-F3-1 /T4-F2-1 /T1-F2-1 /T4-F3-1 /T1-F3-1 /T4-F2-1 /T1-F2-1 
/T4-F3-1 
"
1021866,w#rn#ihN#kPYt#oKqbB#GLTAOf#XVHumUF#QjsSJWzxayEClvceRgZDMpId,111.000000,2776.000000,49.000000,0.651685,1,"
minimal: 0 / states: 116 / duration: 0.000139s
history:
/T1-F2-1 /T2-F3-1 /T5-T3-1 /T5-F3-1 /T5-F0-1 /T4-F0-1 /T6-T5-1 /T3-T2-2 /T1-T2-1 /D:1     
/W-T2-1  /D:6     /W-T1-1  /T3-T1-1 /T3-F3-1 /T2-F3-1 /T0-T3-1 /D:1     /W-T1-1  /W-T1-1  
/D:1     /W-F1-1  /T4-F1-1 /D:3     /W-F0-1  /D:2     /W-T1-1  /T6-T1-1 /T6-T0-1 /T5-T6-2 
/T5-T0-1 /T3-T0-2 /T5-T1-1 /D:1     /W-F1-1  /D:1     /W-T6-1  /T4-T6-1 /D:1     /W-F3-1  
/D:2     /W-T3-1  /D:1     /W-F0-1  /D:1     /W-T5-1  /D:3     /W-F1-1  /R       /D:1     
/W-T4-1  /D:2     /W-F3-1  /D:2     /W-T3-1  /D:1     /W-F0-1  /D:1     /W-T5-1  /T4-T5-2 
/T4-F2-1 /D:2     /W-F2-1  /T6-F2-1 /T2-F2-1 /T6-F1-1 /T2-F1-1 /T6-F0-1 /T1-F0-1 /T6-F3-1 
/T1-F3-1 /T2-T1-2 /T6-T2-1 /T6-F0-1 /T6-F3-1 /W-F1-1  /T1-T5-3 /T1-F3-1 /T6-F3-1 /T2-T0-2 
/D:1     /W-F0-1  /W-F0-1  /W-F2-1  /T5-F2-1 /T0-F2-1 /T5-F1-1 /T0-F1-1 /T5-F2-1 /T0-F2-1 
/T5-F1-1 /T0-F1-1 /T1-F2-1 /T3-F2-1 /T5-F0-1 /T0-F0-1 /T1-F3-1 /T3-F3-1 /T5-F1-1 /T0-F1-1 
/T1-F2-1 /T5-F0-1 
"
1021911,w#Kx#iZV#eNlc#dapnU#gGuITv#ymXMFHB#PsjLzobJkSRWOfErqAhtYDCQ,135.500000,1163.000000,44.000000,0.618280,1,"
minimal: 0 / states: 121 / duration: 0.000121s
history:
/T6-T3-1 /T6-T2-1 /T4-T5-1 /T4-F2-1 /T2-T0-2 /D:3     /W-T1-1  /T5-T1-2 /T5-T0-1 /T6-T0-1 
/D:1     /W-T2-1  /D:2     /W-F2-1  /T4-F2-1 /T4-F1-1 /D:1     /W-F1-1  /D:2     /W-T2-1  
/T0-T2-5 /T6-T0-1 /W-T6-1  /D:2     /W-T2-1  /D:6     /W-T2-1  /T3-T2-2 /T3-T0-1 /T3-F3-1 
/T1-T0-4 /D:1     /W-F0-1  /T2-F0-1 /T2-F1-1 /T2-F2-1 /T4-F1-1 /T2-T4-9 /T3-F1-1 /W-F2-1  
/T2-T6-1 /D:1     /W-T5-1  /D:1     /W-T0-1  /D:2     /W-T4-1  /D:1     /W-F0-1  /T4-F0-1 
/D:1     /R       /D:2     /W-F2-1  /T0-F2-1 /D:1     /W-T2-1  /D:2     /W-T1-1  /T5-T1-2 
/T5-F2-1 /T5-T0-1 /W-T0-1  /D:1     /W-F3-1  /W-F3-1  /D:1     /W-F1-1  /T5-F1-1 /T1-F1-1 
/T6-F1-1 /T0-T1-3 /T0-F2-1 /T0-F1-1 /T4-T6-5 /T4-F2-1 /T0-F2-1 /T4-F1-1 /T6-T4-7 /T6-T3-1 
/T0-F1-1 /T3-F1-1 /T6-F2-1 /T2-F2-1 /D:1     /W-F0-1  /D:1     /W-T0-1  /T1-T0-6 /D:1     
/W-F3-1  /T4-F3-1 /T0-F3-1 /T4-F0-1 /T0-F0-1 /T4-F3-1 /T0-F3-1 /T4-F0-1 /T0-F0-1 /T4-F3-1 
/T0-F3-1 /T4-F0-1 /T0-F0-1 /T4-F3-1 /T0-F3-1 /T4-F0-1 /T0-F0-1 /T4-F3-1 
"
1030026,G#uU#TgZ#MRzt#FECxj#SYmONv#kQcnBbJ#IsafLqXrpKyHehliwdDPAWVo,110.000000,889.000000,43.000000,0.651316,1,"
minimal: 0 / states: 116 / duration: 0.000150s
history:
/T5-T4-1 /T5-F3-1 /T5-F3-1 /T3-T1-1 /T1-T4-2 /D:3     /W-F1-1  /D:1     /W-T0-1  /D:1     
/W-T2-1  /D:2     /W-T2-1  /T6-T2-1 /T6-F1-1 /D:1     /W-T0-1  /D:3     /W-T5-1  /D:4     
/W-T3-1  /D:1     /W-T2-1  /T1-T2-1 /T2-T1-6 /T2-T1-1 /D:2     /W-T0-1  /D:2     /W-F3-1  
/D:1     /W-F0-1  /T6-F0-1 /T6-F2-1 /T6-F1-1 /T6-F3-1 /T6-T5-1 /T3-T6-2 /T3-F3-1 /T0-F1-1 
/D:3     /W-F2-1  /R       /D:2     /W-T1-1  /D:2     /W-F2-1  /W-F2-1  /T0-F2-1 /T1-F2-1 
/T4-F2-1 /T0-T4-2 /T5-T0-3 /T5-T3-1 /T5-F3-1 /T2-F3-1 /D:1     /W-T3-1  /T4-T3-5 /T4-T6-1 
/T4-F0-1 /T4-T3-1 /T4-T1-1 /D:2     /W-F1-1  /D:2     /W-T0-1  /D:1     /W-F0-1  /T3-F0-1 
/T1-F0-1 /T3-F1-1 /T1-F1-1 /T1-F2-1 /T3-F0-1 /T3-F3-1 /W-F1-1  /T3-F2-1 /W-F0-1  /T1-F1-1 
/W-F0-1  /T3-F1-1 /T0-F2-1 /T0-F1-1 /T1-F0-1 /T3-F0-1 /T6-F2-1 /T6-F1-1 /T0-F2-1 /T0-F1-1 
/T6-F2-1 /D:2     /W-F3-1  /W-F3-1  /T1-F3-1 /T1-F0-1 /T3-F3-1 /T1-F3-1 /T3-F0-1 
"
1030038,d#In#hFA#cbZN#tmrVa#RWCwXO#JgqHGoS#fzpvTQuBKyUjPYkelDxEsLMi,109.000000,1007.000000,48.000000,0.656977,1,"
minimal: 0 / states: 114 / duration: 0.000125s
history:
/T1-F2-1 /T2-F0-1 /T3-F3-1 /T4-F1-1 /T5-F3-1 /D:3     /W-T0-1  /D:4     /W-T4-1  /D:1     
/W-F0-1  /D:2     /W-T3-1  /T5-T3-1 /T4-T5-2 /T5-T3-3 /T5-F0-1 /T4-T6-1 /T0-T6-2 /T3-T0-6 
/T3-F1-1 /T1-T5-1 /T4-T1-1 /T6-T4-4 /T6-F2-1 /T3-F1-1 /T4-F2-1 /T4-F1-1 /D:1     /W-T5-1  
/T6-T5-1 /D:2     /W-F3-1  /D:3     /W-F1-1  /D:2     /W-F0-1  /D:2     /W-F0-1  /T2-F0-1 
/T5-F0-1 /T6-F0-1 /T6-F2-1 /T6-T0-1 /T4-F2-1 /T4-T2-2 /D:1     /W-F2-1  /D:1     /W-T1-1  
/D:1     /W-T3-1  /D:1     /W-T6-1  /R       /D:1     /W-F1-1  /T0-F1-1 /T2-T5-2 /T2-F1-1 
/T6-F1-1 /D:1     /W-T2-1  /D:2     /W-T0-1  /D:1     /W-F3-1  /D:2     /W-F1-1  /D:1     
/W-T2-1  /W-T2-1  /T5-T2-5 /T5-F3-1 /T2-F3-1 /T0-F3-1 /T2-F2-1 /T0-F2-1 /T2-F3-1 /T0-F3-1 
/T2-F0-1 /T6-F0-1 /W-F2-1  /T0-F2-1 /T2-F3-1 /T0-F3-1 /T2-F0-1 /T1-F0-1 /T2-F3-1 /T3-F0-1 
/T0-T1-1 /T0-F3-1 /D:1     /W-F1-1  /D:1     /W-F1-1  /D:1     /W-F2-1  /T1-F2-1 /T1-F1-1 
/T2-F2-1 
"
1030233,m#YI#ePu#MAgN#dHDcB#TjoxOE#ybSRlaW#wqfsZkLXUnKpVztvCrhQFiGJ,123.000000,2431.000000,60.000000,0.589888,1,"
minimal: 0 / states: 125 / duration: 0.000131s
history:
/T3-F3-1 /T3-T2-1 /T3-F0-1 /T4-F0-1 /T1-T6-1 /T1-T3-1 /D:4     /W-T2-1  /D:1     /W-T1-1  
/D:2     /W-T0-1  /W-T0-1  /D:2     /W-T6-1  /D:1     /W-F2-1  /D:1     /W-T3-1  /T6-T3-3 
/T6-F1-1 /D:4     /W-T3-1  /D:2     /W-F0-1  /D:3     /W-T5-1  /D:4     /W-T0-1  /R       
/D:3     /W-T3-1  /T5-T3-2 /T5-F3-1 /T5-T6-1 /T5-F2-1 /T5-T6-1 /D:2     /W-F2-1  /D:1     
/W-T0-1  /T2-T0-3 /T2-F3-1 /T3-F3-1 /T2-T0-1 /D:1     /W-T2-1  /T6-T2-3 /T6-F3-1 /T6-F3-1 
/T6-F1-1 /T4-F1-1 /T4-F0-1 /T3-F0-1 /T5-F3-1 /W-T6-1  /W-F2-1  /W-T6-1  /T6-T1-3 /D:1     
/W-T2-1  /D:1     /W-F2-1  /D:1     /W-T2-1  /T3-T2-2 /T3-F3-1 /D:1     /W-F0-1  /D:1     
/W-T1-1  /T4-T1-1 /T4-F1-1 /T0-F1-1 /T0-F2-1 /T2-F1-1 /T0-F1-1 /T2-F2-1 /T0-F2-1 /T0-F3-1 
/T2-F1-1 /T2-F2-1 /T1-T0-2 /T1-F2-1 /T3-T2-1 /T3-F3-1 /T1-F3-1 /T2-T3-2 /T2-F2-1 /T1-F2-1 
/T3-T2-3 /T3-F3-1 /T1-F3-1 /T2-T3-4 /T2-F2-1 /D:1     /W-F0-1  /T0-F0-1 /T0-F1-1 /T3-F0-1 
/T0-F0-1 /T3-F1-1 /T0-F1-1 /T3-F0-1 /T0-F0-1 /T3-F1-1 /T0-F1-1 /T3-F0-1 
"
1030367,y#rY#ZRh#OBnx#wfjeI#WDHbmS#dXTQctp#iCLgvJPAqVKaNsEkGFUzluoM,136.000000,2221.000000,54.000000,0.571429,1,"
minimal: 0 / states: 125 / duration: 0.000135s
history:
/T3-T1-1 /T3-F2-1 /T2-T4-1 /D:8     /W-F0-1  /T3-F0-1 /T3-T6-1 /D:1     /W-T2-1  /W-T2-1  
/D:3     /W-F1-1  /D:1     /W-F3-1  /T6-F3-1 /T2-F3-1 /D:2     /W-T5-1  /D:1     /W-T0-1  
/D:1     /W-T4-1  /T5-T4-2 /T5-T3-1 /T5-F1-1 /T0-T3-2 /D:3     /W-T0-1  /T1-T0-2 /D:3     
/W-F2-1  /T6-F2-1 /T2-F2-1 /T1-F2-1 /D:1     /W-T1-1  /R       /D:2     /W-F0-1  /D:2     
/W-T5-1  /D:2     /W-T3-1  /D:1     /W-T3-1  /T5-T3-2 /T5-F0-1 /T4-T5-5 /T5-F0-1 /T5-T0-5 
/D:2     /W-T3-1  /T4-T3-1 /D:1     /W-F0-1  /T0-T6-1 /T0-F0-1 /T6-T0-2 /T6-F1-1 /T6-F3-1 
/T2-F3-1 /T0-F3-1 /T6-F3-1 /D:1     /W-F3-1  /D:1     /W-T1-1  /W-T1-1  /T4-T1-1 /T4-T0-1 
/W-T1-1  /W-T2-1  /T6-T2-1 /T6-F1-1 /T3-F1-1 /T0-F1-1 /T3-F2-1 /T0-F2-1 /T3-F1-1 /T0-F1-1 
/T3-F0-1 /T0-F0-1 /T3-F3-1 /T0-F3-1 /T2-F3-1 /T3-F0-1 /W-F1-1  /T1-T0-2 /T1-F0-1 /T2-F0-1 
/T0-T1-3 /T0-F3-1 /T2-F3-1 /T1-T0-4 /T1-F0-1 /T4-T3-1 /D:1     /W-F2-1  /T0-F2-1 /T0-F1-1 
/T3-F2-1 /T0-F2-1 /T3-F1-1 /T0-F1-1 /T3-F2-1 /T0-F2-1 /T3-F1-1 
"
1030470,q#Zj#QAn#dIkK#Roxil#hXcPVr#EgwHJND#tWamzOeTFGsCvbSfLupBUMYy,121.500000,2499.000000,64.000000,0.521739,1,"
minimal: 0 / states: 129 / duration: 0.000142s
history:
/T2-F2-1 /T2-F0-1 /T3-T4-1 /T1-T4-1 /T2-T5-1 /D:3     /W-F1-1  /D:1     /W-T2-1  /D:8     
/W-T5-1  /D:1     /W-T4-1  /D:1     /W-F1-1  /D:3     /W-T1-1  /T3-T1-1 /D:3     /W-F0-1  
/T5-F0-1 /T6-F0-1 /T6-F3-1 /T6-T1-1 /W-T5-1  /D:1     /W-T3-1  /D:3     /W-T2-1  /R       
/D:1     /W-T3-1  /D:3     /W-F3-1  /D:2     /W-T6-1  /D:1     /W-T6-1  /W-T6-1  /T0-T6-1 
/W-T0-1  /T4-T0-4 /T4-T1-1 /T6-T1-5 /W-T4-1  /T3-T4-3 /D:3     /W-T4-1  /T5-T4-3 /T5-T6-1 
/T5-F3-1 /T5-F1-1 /T6-T5-2 /T5-T2-3 /T3-F1-1 /W-T6-1  /W-T5-1  /T5-T0-2 /D:1     /W-T0-1  
/D:1     /W-T2-1  /T6-T2-2 /T6-F0-1 /T1-T2-2 /T1-F0-1 /D:1     /W-T3-1  /D:1     /W-T3-1  
/T4-T3-9 /T4-F2-1 /T3-F2-1 /T2-F2-1 /T2-F1-1 /T3-F3-1 /T3-F2-1 /T0-F1-1 /T4-F3-1 /T2-F2-1 
/T2-F1-1 /T3-F3-1 /T0-F0-1 /T1-F3-1 /T1-F0-1 /T3-F2-1 /T0-F1-1 /T2-F2-1 /T1-F1-1 /T3-F3-1 
/T0-F2-1 /T2-F3-1 /T2-F2-1 /T3-F0-1 /T0-F1-1 /T1-F0-1 /T1-F1-1 /T3-F3-1 /T0-F0-1 /T2-F3-1 
/T1-F0-1 /T3-F2-1 /T0-F1-1 /T2-F2-1 /T2-F1-1 /T3-F3-1 /T0-F2-1 /T1-F3-1 /T3-F0-1 
"
1030539,I#QF#thP#RLpH#dSJqN#BbCuwe#EsVjxoY#mlyGvUAfgcikaZMWXOrnDKTz,174.000000,2560.000000,56.000000,0.564815,1,"
minimal: 0 / states: 127 / duration: 0.000150s
history:
/T4-F3-1 /T5-T1-1 /T4-T1-1 /T2-T1-1 /T2-T0-1 /T2-T0-1 /D:1     /W-T2-1  /D:2     /W-T2-1  
/D:4     /W-F0-1  /D:1     /W-T0-1  /D:1     /W-T3-1  /T1-T3-4 /D:2     /W-T4-1  /T3-T4-6 
/T3-T1-1 /D:1     /W-T2-1  /T5-T2-1 /D:1     /W-F1-1  /D:4     /W-T3-1  /T4-T3-8 /D:1     
/W-F3-1  /T3-F3-1 /D:1     /W-T0-1  /T1-T0-2 /D:1     /W-F2-1  /D:2     /W-T6-1  /D:1     
/W-T5-1  /D:1     /W-T1-1  /T6-T1-2 /T6-F2-1 /T0-F2-1 /T0-F3-1 /T3-F2-1 /T0-F2-1 /W-T3-1  
/W-T1-1  /T0-T1-4 /W-T0-1  /R       /D:1     /W-T0-1  /T6-T0-1 /T6-T0-1 /T5-T6-2 /T6-T2-3 
/T6-F2-1 /F3-T6-1 /T5-T6-1 /T5-F1-1 /T5-F0-1 /T6-F0-1 /T6-F3-1 /T3-F0-1 /T6-F0-1 /D:2     
/W-T0-1  /D:1     /W-T0-1  /W-T0-1  /T4-T0-1 /D:1     /W-F1-1  /T4-F1-1 /T3-F1-1 /T1-F1-1 
/T1-F2-1 /T3-F0-1 /T3-F1-1 /T1-F1-1 /T2-T3-1 /T2-F2-1 /T3-T2-2 /T3-F1-1 /T0-T1-3 /T0-F2-1 
/T0-F1-1 /T2-T3-3 /T2-F2-1 /T0-F2-1 /T2-F1-1 /T0-F1-1 /T2-F2-1 /T3-T2-6 /T3-F3-1 /T1-F3-1 
/T1-F0-1 /T2-F3-1 /T1-F3-1 /T2-F0-1 /T1-F0-1 /T2-F3-1 /T1-F3-1 /T2-F0-1 /T1-F0-1 /T2-F3-1 
/T1-F3-1 /T1-F2-1 /T2-F0-1 /T0-F0-1 /T2-F1-1 /D:1     /W-F3-1  
"
1030562,W#HO#aLw#pDbn#tCxoi#esjmKl#fVBhSAX#FyZgIqUGQJPrRTzYMducvENk,158.500000,3496.000000,51.000000,0.594737,1,"
minimal: 0 / states: 123 / duration: 0.000132s
history:
/T3-F2-1 /T4-T2-1 /T4-F2-1 /T2-T6-2 /T6-T2-3 /T6-F0-1 /T4-T5-1 /T3-T4-1 /T0-T5-1 /D:3     
/W-T0-1  /T2-T0-4 /T2-F1-1 /T4-F1-1 /T1-T4-1 /T1-T0-1 /D:1     /W-T0-1  /D:1     /W-T5-1  
/D:2     /W-T5-1  /D:1     /W-T5-1  /T6-T5-1 /D:3     /W-T3-1  /D:1     /W-T5-1  /D:3     
/W-T1-1  /T5-T1-8 /D:2     /W-T2-1  /W-T2-1  /T5-T2-1 /D:1     /W-T1-1  /T4-T1-2 /T4-T6-1 
/T5-T4-1 /T5-T2-1 /T5-T0-1 /T3-T5-2 /T3-F2-1 /T5-T0-3 /D:2     /W-F1-1  /D:1     /W-T2-1  
/T6-T2-2 /T6-F0-1 /W-T6-1  /W-T6-1  /D:2     /W-F3-1  /T1-F3-1 /T0-F3-1 /T1-F0-1 /T0-F0-1 
/T1-F1-1 /T0-F1-1 /W-F0-1  /W-T0-1  /D:1     /R       /D:1     /W-F0-1  /T1-T2-2 /T1-F0-1 
/D:1     /W-T4-1  /D:1     /W-F2-1  /T2-F2-1 /D:1     /W-F3-1  /T0-F3-1 /T0-F2-1 /T2-F3-1 
/T6-F3-1 /T1-F3-1 /T2-F2-1 /T6-F2-1 /T6-F3-1 /T6-F1-1 /T0-F1-1 /T0-F0-1 /T2-F1-1 /T0-F1-1 
/T1-F0-1 /T2-F2-1 /T0-F2-1 /T1-F3-1 /T2-F1-1 /T1-F2-1 /T0-F3-1 /T4-F2-1 /T2-T1-1 /T2-F3-1 
/T0-T4-1 /T0-F3-1 /T1-T2-2 /T1-F2-1 /D:1     /W-F0-1  /T2-F0-1 /T4-F0-1 /D:1     /W-F1-1  
/T2-F1-1 /T2-F0-1 /T4-F1-1 
"
1030688,j#Tr#fCX#YSKA#FmeyB#HUdnsa#ExcZlVG#QMNzRuOLbwJgtIpqPohvDWki,72.500000,340.000000,27.000000,0.833333,1,"
minimal: 0 / states: 108 / duration: 0.000121s
history:
/T3-F0-1 /T4-F0-1 /T5-F1-1 /T2-T4-1 /T2-F0-1 /T1-T2-1 /T5-T1-1 /T5-F2-1 /T5-T2-1 /T6-T5-1 
/T0-T3-1 /T2-T5-3 /D:2     /W-T0-1  /D:1     /W-F3-1  /D:1     /W-T2-1  /D:1     /W-T1-1  
/D:1     /W-T6-1  /T1-T6-3 /D:1     /W-F3-1  /D:2     /W-F1-1  /D:1     /W-T4-1  /T6-T4-5 
/T6-T0-1 /T4-T6-8 /T6-T1-9 /T6-F1-1 /T3-T0-2 /T5-F1-1 /T4-F1-1 /T5-T3-1 /T5-F1-1 /T3-T5-2 
/T6-T3-1 /T3-T2-2 /T4-T3-1 /W-T3-1  /W-T5-1  /D:2     /W-F1-1  /D:2     /W-T0-1  /T5-T0-5 
/D:1     /W-T0-1  /D:1     /W-T1-1  /D:1     /W-F3-1  /D:1     /W-F2-1  /T0-F2-1 /T0-F3-1 
/T1-F2-1 /T0-F2-1 /T1-F3-1 /T1-F2-1 /T0-F3-1 /W-F2-1  /T1-F3-1 /T1-F2-1 /T5-T1-1 /D:1     
/W-F1-1  /D:1     /W-F2-1  /D:1     /W-F0-1  /T6-F0-1 /T4-F0-1 /T0-F0-1 /T0-F3-1 /T1-F0-1 
/T0-F0-1 /T1-F3-1 /T1-F2-1 /T2-F2-1 /W-F0-1  /T1-T3-1 /T1-F2-1 /D:1     /W-F3-1  /T3-F3-1 
/T2-F3-1 /T1-F3-1 /T2-F2-1 /D:1     /W-T3-1  /D:1     /W-F1-1  /T0-F1-1 /T0-F0-1 /T3-F1-1 
/T0-F1-1 /T3-F0-1 /T0-F0-1 /T3-F1-1 
"
1030743,z#lf#xay#qYep#ZHBom#tRIWhd#MFPGXgk#jVJLubDwUsNCKTirAOEncQvS,147.500000,2421.000000,48.000000,0.630435,1,"
minimal: 0 / states: 120 / duration: 0.000125s
history:
/T6-T2-1  /T3-T5-1  /T2-T4-2  /T2-F1-1  /D:1      /W-T2-1   /D:2      /W-T4-1   /W-T4-1   /D:2      
/W-T4-1   /T6-T4-1  /D:1      /W-F1-1   /D:1      /W-T3-1   /D:1      /W-T6-1   /D:2      /W-T4-1   
/T3-T4-2  /T3-T0-1  /T2-T0-2  /T4-T2-10 /D:1      /W-F3-1   /D:4      /W-T6-1   /D:1      /W-T1-1   
/T5-T1-2  /D:1      /W-F0-1   /D:1      /W-F3-1   /D:2      /W-F2-1   /T4-F2-1  /T1-F2-1  /T4-F0-1  
/T4-T6-1  /T3-F2-1  /D:1      /W-F1-1   /T1-F1-1  /T1-F2-1  /W-T1-1   /W-T6-1   /D:1      /W-T1-1   
/D:1      /W-T0-1   /T5-T0-1  /D:1      /R        /D:1      /W-T4-1   /T6-T4-5  /T6-T0-1  /T6-F3-1  
/T1-T0-3  /T6-T4-1  /T0-F3-1  /T2-T4-2  /T2-F2-1  /T1-T6-1  /D:2      /W-F0-1   /T4-F0-1  /T0-F0-1  
/T4-F1-1  /T0-F1-1  /T2-F1-1  /T4-F0-1  /T0-F0-1  /T0-F1-1  /T4-T2-1  /T4-F0-1  /T4-F1-1  /T0-T5-1  
/T0-F1-1  /T5-T0-2  /T5-F0-1  /T5-F3-1  /T5-F2-1  /T2-T4-3  /T2-F0-1  /T2-F1-1  /T6-F1-1  /W-T0-1   
/D:1      /W-F0-1   /T4-T2-5  /T4-F0-1  /T6-F0-1  /T2-T4-6  /T2-F1-1  /D:1      /W-F3-1   /T4-F3-1  
/T0-F3-1  /T4-F2-1  /T0-F2-1  /T4-F3-1  /T0-F3-1  /T4-F2-1  /T0-F2-1  /T4-F3-1  /T0-F3-1  /T4-F2-1  
/T0-F2-1  /T4-F3-1  
"
1030847,s#Lr#jhn#mwGA#epuSZ#gXQxfV#bDClIOM#HvkNTtdUYiqcoKWEJzBPRFya,129.500000,2169.000000,45.000000,0.588235,1,"
minimal: 0 / states: 121 / duration: 0.000131s
history:
/T2-F2-1 /T3-F0-1 /T3-T2-1 /T5-T3-1 /T5-T2-1 /T1-T2-1 /T1-T4-1 /T6-T1-1 /D:1     /W-T3-1  
/D:2     /W-T4-1  /T3-T4-3 /D:1     /W-F3-1  /T6-F3-1 /T2-T6-4 /T6-T2-5 /T5-T6-1 /T6-T1-2 
/T5-T2-1 /T6-T2-1 /T2-T1-8 /T4-T2-6 /D:1     /W-T2-1  /T0-T2-1 /D:7     /W-T6-1  /D:1     
/W-F2-1  /D:3     /W-T4-1  /D:1     /W-T5-1  /D:1     /W-T0-1  /D:1     /W-F0-1  /T1-F0-1 
/D:1     /W-F3-1  /T1-F3-1 /D:1     /W-T2-1  /T6-T2-2 /D:2     /W-T3-1  /T5-T3-2 /W-T5-1  
/D:1     /W-F1-1  /T6-F1-1 /T2-F1-1 /T2-F0-1 /T2-F3-1 /T4-F0-1 /T4-F3-1 /T5-F0-1 /T2-T5-1 
/T2-F3-1 /T5-T2-2 /R       /D:3     /W-F1-1  /D:1     /W-F3-1  /D:1     /W-T0-1  /D:1     
/W-T3-1  /T4-T3-1 /T4-F2-1 /T4-F1-1 /D:1     /W-F2-1  /T1-F2-1 /T1-F1-1 /T1-F0-1 /T2-F2-1 
/T2-F1-1 /T2-F0-1 /W-F2-1  /T1-F1-1 /T1-F0-1 /T3-F2-1 /T2-F3-1 /T3-F1-1 /T3-F0-1 /W-F2-1  
/T1-F1-1 /T2-F2-1 /T2-F1-1 /T1-F2-1 /T1-F1-1 /T3-T2-1 /T3-F2-1 /T3-F1-1 /T0-T1-1 /T0-F2-1 
/D:1     /W-F0-1  /D:1     /W-F3-1  /T2-F3-1 /T1-F3-1 /T2-F0-1 /T1-F0-1 /T2-F3-1 
"
1030885,H#Dm#hRM#WKPc#flrZw#qICNjT#axYnvAy#pQuJdbXSgkOzoVtBLGFeEUsi,123.000000,1121.000000,42.000000,0.611111,1,"
minimal: 0 / states: 121 / duration: 0.000124s
history:
/T6-T1-1 /T6-F0-1 /T5-T0-1 /T6-T5-1 /T6-F2-1 /T6-T2-1 /T5-T6-2 /T5-F3-1 /T6-T2-3 /T6-F1-1 
/T2-T6-5 /D:6     /W-F1-1  /T3-F1-1 /W-F1-1  /D:1     /W-T1-1  /T4-T1-1 /D:4     /W-F3-1  
/T3-F3-1 /D:2     /W-F2-1  /D:1     /W-T1-1  /T0-T1-2 /T4-T0-1 /F1-T4-1 /T5-T4-1 /D:2     
/W-F0-1  /T4-F0-1 /T4-F1-1 /D:1     /W-T0-1  /D:2     /W-T1-1  /T2-T1-1 /T2-T5-1 /T1-T2-9 
/T1-F0-1 /W-T5-1  /D:1     /W-F1-1  /D:1     /W-F0-1  /D:1     /W-T6-1  /W-T6-1  /W-T1-1  
/W-T0-1  /D:2     /R       /D:1     /W-F2-1  /D:1     /W-F3-1  /T2-F3-1 /T2-F0-1 /T5-F0-1 
/D:2     /W-T0-1  /D:1     /W-T6-1  /T4-T6-1 /T3-T4-1 /T4-T1-2 /T5-T3-2 /T5-F2-1 /T6-F2-1 
/T4-F1-1 /T6-F3-1 /T2-F3-1 /T2-F0-1 /T6-T3-1 /T6-F3-1 /T2-F3-1 /T3-T6-2 /T3-F0-1 /T0-F0-1 
/T1-F0-1 /T3-F3-1 /T2-T0-1 /T2-F3-1 /T0-T2-2 /T0-F0-1 /T6-T1-5 /T6-F3-1 /T0-F3-1 /T6-F0-1 
/D:1     /W-F1-1  /D:1     /W-F2-1  /T1-F2-1 /T1-F1-1 /W-F2-1  /T1-F2-1 /T2-F2-1 /D:1     
/W-F1-1  /T1-F1-1 /T1-F2-1 /T2-F1-1 /T1-F1-1 /T2-F2-1 /T1-F2-1 /T2-F1-1 
"
1031092,D#Pa#UJf#VqFA#erOdx#XMGjYz#QtvsbHI#WmnZuNkcETlKwLBoCypihSgR,129.000000,1647.000000,59.000000,0.570707,1,"
minimal: 0 / states: 134 / duration: 0.000132s
history:
/T1-F1-1 /T3-F0-1 /T1-T0-1 /T5-T1-1 /T4-T5-1 /T5-T1-2 /T6-T5-1 /T5-T1-2 /T2-T5-1 /D:3     
/W-F2-1  /D:3     /W-F3-1  /D:3     /W-T5-1  /T4-T5-1 /T4-F3-1 /T0-F3-1 /W-T0-1  /D:1     
/W-T6-1  /T3-T6-1 /D:5     /W-F0-1  /D:1     /W-F2-1  /D:1     /W-F0-1  /T0-T3-1 /T0-F0-1 
/T5-T4-1 /T5-F0-1 /T4-T5-2 /T3-T4-2 /T6-T3-3 /T6-F1-1 /T4-F1-1 /T3-F0-1 /T6-T3-1 /T5-F1-1 
/T3-T2-4 /T4-T2-2 /D:2     /W-F2-1  /T2-F2-1 /T2-F1-1 /T5-F2-1 /T5-F1-1 /T5-F0-1 /T5-T0-1 
/T2-T5-5 /T5-F2-1 /T2-T1-1 /D:2     /W-T6-1  /D:2     /W-F1-1  /T6-F1-1 /D:1     /R       
/D:2     /W-T2-1  /D:1     /W-T3-1  /D:3     /W-T0-1  /D:1     /W-T0-1  /D:2     /W-T2-1  
/T5-T2-5 /D:1     /W-T3-1  /D:1     /W-F1-1  /D:2     /R       /D:1     /W-T0-1  /T6-T0-1 
/T6-F2-1 /T6-F3-1 /D:1     /W-F2-1  /T0-F2-1 /T1-T0-2 /T1-F1-1 /D:1     /W-F1-1  /D:1     
/W-F2-1  /T1-F2-1 /T3-F2-1 /T0-T1-4 /T0-F1-1 /T1-T0-5 /T1-F2-1 /T2-T3-6 /T2-F1-1 /D:2     
/W-F3-1  /W-F3-1  /T3-F3-1 /T0-F3-1 /T3-F0-1 /T0-F0-1 /T3-F3-1 /T0-F3-1 /T3-F0-1 /T0-F0-1 
/T3-F3-1 /T0-F3-1 /T3-F0-1 /T0-F0-1 /T3-F3-1 
"
1031099,P#ZL#kot#vKDd#QcBrp#zCTmYX#ljgqHia#NOMWeuAUEsbxnGhSIVfFyJRw,109.000000,2775.000000,46.000000,0.666667,1,"
minimal: 0 / states: 120 / duration: 0.000128s
history:
/T6-F1-1 /T5-T1-1 /T4-T3-1 /T3-T4-2 /T0-T3-1 /D:1     /W-F3-1  /D:1     /W-F3-1  /T3-F3-1 
/D:1     /W-T0-1  /T5-T0-1 /T1-T5-2 /D:3     /W-T6-1  /D:1     /W-F0-1  /D:4     /W-F1-1  
/D:1     /W-T0-1  /D:1     /W-F2-1  /D:3     /W-T2-1  /T4-T2-3 /T4-F0-1 /T4-F1-1 /T4-F3-1 
/T5-T4-3 /T5-T6-1 /T5-F0-1 /T3-F0-1 /D:4     /W-T6-1  /D:1     /W-T1-1  /D:1     /W-T4-1  
/T6-T4-4 /D:1     /W-F3-1  /D:1     /R       /D:1     /W-T0-1  /D:1     /W-T4-1  /D:2     
/W-F0-1  /D:4     /W-T0-1  /W-T0-1  /T2-T0-5 /T2-F2-1 /T0-F2-1 /T0-F1-1 /T4-F1-1 /T4-F0-1 
/W-F0-1  /T6-F0-1 /T6-F2-1 /T0-F2-1 /T0-F3-1 /W-F2-1  /T4-F3-1 /T6-T4-1 /T6-T3-1 /T3-T6-2 
/T0-F2-1 /W-F3-1  /T0-T3-1 /T0-F0-1 /T2-T1-1 /T3-T0-2 /T6-T5-3 /D:1     /W-F3-1  /T0-T5-2 
/T0-F3-1 /T4-T1-4 /T4-F3-1 /D:1     /W-F1-1  /T1-F1-1 /T1-F2-1 /T5-F1-1 /T1-F1-1 /T1-F0-1 
/T5-F2-1 /T5-F1-1 /T5-F0-1 /T1-F1-1 /T4-F0-1 /T5-F1-1 /T4-F1-1 /T0-T5-2 /T0-F0-1 /D:1     
/W-F2-1  /T5-F2-1 /T1-F2-1 /T5-F3-1 /T1-F3-1 /T5-F2-1 
"
1031132,l#kP#eGb#HhcN#KZvBr#SYEtuq#VjRFiJn#DQfxsyMXATpUmLOzwCdgaoWI,122.000000,1277.000000,42.000000,0.650538,1,"
minimal: 0 / states: 119 / duration: 0.000121s
history:
/T3-F3-1 /T6-F2-1 /T3-T5-1 /D:2     /W-T4-1  /D:2     /W-T0-1  /D:5     /W-F0-1  /D:2     
/W-T4-1  /T2-T4-1 /T2-T3-1 /T5-T2-2 /W-T5-1  /D:4     /W-F3-1  /T1-F3-1 /T6-T1-1 /T5-T6-2 
/T6-T1-3 /T6-T1-1 /T6-T1-1 /T6-T0-1 /D:6     /W-F1-1  /T4-F1-1 /T2-F1-1 /D:1     /W-F2-1  
/T4-F2-1 /T2-F2-1 /T4-F3-1 /T4-F2-1 /T4-F0-1 /T4-T0-1 /T3-T0-2 /T3-T6-1 /T4-T3-1 /T1-F3-1 
/W-T6-1  /W-F1-1  /W-F0-1  /T2-F1-1 /D:1     /W-T4-1  /D:1     /W-T4-1  /R       /D:1     
/W-F0-1  /D:1     /W-F1-1  /T6-F1-1 /D:1     /W-F2-1  /T5-F2-1 /T5-F0-1 /T1-F0-1 /T0-F0-1 
/T0-F1-1 /T6-F0-1 /T4-F0-1 /T1-T6-2 /T1-F1-1 /T1-F0-1 /T0-T4-1 /T0-F1-1 /T1-F1-1 /T0-T5-1 
/T0-F1-1 /T4-T5-2 /T4-F0-1 /D:1     /W-T3-1  /D:1     /W-T0-1  /T5-T0-4 /T5-F3-1 /T6-F3-1 
/T6-F2-1 /T0-F2-1 /D:1     /W-T3-1  /D:1     /W-F3-1  /T6-F3-1 /T0-F3-1 /T3-F3-1 /D:1     
/W-F1-1  /D:1     /W-F0-1  /D:1     /W-T1-1  /T0-T1-2 /T0-F0-1 /D:1     /W-F2-1  /T1-F2-1 
/T1-F3-1 /T3-F2-1 /T1-F2-1 /T3-F3-1 
"
1031243,e#QW#Tpv#VZcG#ilENh#IwuJnf#OtBdAKk#XFHaroYPmzgUyRSxCMjLbqsD,92.500000,934.000000,42.000000,0.643750,1,"
minimal: 0 / states: 123 / duration: 0.000128s
history:
/T5-T3-1 /T5-F2-1 /T4-T2-1 /T4-F3-1 /T3-T2-2 /T5-T6-1 /T2-T1-4 /T4-T1-1 /D:4     /W-F1-1  
/D:2     /W-F2-1  /T2-F2-1 /T2-T5-1 /D:3     /W-T2-1  /D:4     /W-T2-1  /T6-T2-2 /T6-T4-1 
/T6-F0-1 /T6-T1-1 /T6-F0-1 /T1-T4-7 /D:2     /W-T6-1  /D:2     /W-F0-1  /D:4     /W-F1-1  
/T3-F1-1 /T4-F1-1 /T1-T4-1 /T3-T1-1 /T5-T3-2 /T0-F1-1 /T4-T6-2 /T4-F1-1 /W-T1-1  /T3-T2-3 
/D:1     /W-F2-1  /D:1     /W-T2-1  /D:1     /W-F0-1  /R       /D:1     /W-T1-1  /T5-T1-1 
/D:3     /W-F2-1  /T2-F2-1 /T6-T4-3 /T6-F2-1 /T6-F3-1 /D:2     /W-F3-1  /T4-F3-1 /T4-F0-1 
/D:1     /W-T0-1  /T4-T0-7 /T4-T1-1 /D:1     /W-F1-1  /D:1     /W-T5-1  /T0-T5-2 /T0-F1-1 
/T1-F1-1 /D:1     /W-F3-1  /T5-F3-1 /T2-F3-1 /T2-F2-1 /T0-F2-1 /T1-F2-1 /T5-T0-3 /D:1     
/W-F2-1  /D:1     /W-T3-1  /W-T3-1  /W-T2-1  /W-F0-1  /T0-F0-1 /T0-F3-1 /T2-F0-1 /T0-F0-1 
/T2-F3-1 /T0-F3-1 /T2-F0-1 /T1-F3-1 /T0-F0-1 /T3-F3-1 /T1-F0-1 /T1-F3-1 /T3-F0-1 /D:1     
/W-F1-1  /T2-F1-1 /T0-F1-1 /T2-F2-1 /T0-F2-1 /T2-F1-1 
"
1031505,Z#XL#KHo#Ajbg#fIYDN#sShpPW#OTQekRU#VnlMCawixrGvcmztFudEqyJB,124.000000,1594.000000,49.000000,0.609756,1,"
minimal: 0 / states: 128 / duration: 0.000134s
history:
/T4-F3-1 /T1-T0-1 /T1-T0-1 /D:2     /W-F2-1  /T2-F2-1 /T3-T2-1 /D:2     /W-T1-1  /W-T1-1  
/D:2     /W-F1-1  /T3-F1-1 /D:1     /W-T0-1  /D:1     /W-T0-1  /T2-T0-2 /T5-T2-1 /T5-T4-1 
/T5-F2-1 /T2-T1-2 /D:3     /W-T5-1  /D:1     /W-T1-1  /T6-T1-1 /T4-T6-2 /D:1     /W-F1-1  
/D:1     /W-T2-1  /D:2     /W-T1-1  /D:1     /W-T0-1  /T6-T0-3 /D:2     /W-F1-1  /D:2     
/W-F2-1  /D:1     /W-T2-1  /T6-T2-1 /T6-F1-1 /D:1     /W-T2-1  /D:1     /W-T0-1  /R       
/D:1     /W-T2-1  /D:1     /W-T6-1  /D:1     /W-T4-1  /T3-T4-1 /T3-F0-1 /T0-F0-1 /T6-F0-1 
/D:1     /W-F2-1  /D:1     /W-T3-1  /T4-T3-3 /T5-T4-2 /T4-T3-3 /T5-T1-1 /F2-T1-1 /T6-T1-1 
/T4-F1-1 /T0-T6-4 /T0-F1-1 /T6-T0-5 /T6-F3-1 /T0-F3-1 /T0-F0-1 /T1-F3-1 /T0-F3-1 /T1-F2-1 
/T5-F2-1 /T1-F3-1 /T1-F2-1 /T3-T1-1 /T3-F1-1 /T0-T2-3 /T0-F1-1 /D:1     /W-F2-1  /T1-T3-2 
/T1-F2-1 /T0-F2-1 /T3-T1-3 /T3-F1-1 /T3-F2-1 /T2-T0-5 /T2-F1-1 /T2-F2-1 /T1-T3-5 /T1-F1-1 
/T2-F1-1 /T3-T1-6 /T3-F2-1 /D:1     /W-F0-1  /T0-F0-1 /T0-F3-1 /T1-F0-1 /T0-F0-1 /T1-F3-1 
/T0-F3-1 /T1-F0-1 /T0-F0-1 /T1-F3-1 /T0-F3-1 /T1-F0-1 /T0-F0-1 /T1-F3-1 /T0-F3-1 /T1-F0-1 
"
1031632,h#LM#SKl#FpQR#YVtoA#cIDbXG#TjJaCni#UvwBqdruyZOgmEsWPNkzHfxe,131.500000,1528.000000,45.000000,0.633333,1,"
minimal: 0 / states: 120 / duration: 0.000130s
history:
/T4-F0-1 /T5-T0-1 /T2-T1-1 /T2-T1-1 /T2-T0-1 /T1-T2-3 /T5-T1-1 /D:3     /W-T1-1  /T6-T1-1 
/T6-F2-1 /T4-F2-1 /T5-T6-1 /T5-T3-1 /T0-T5-3 /D:1     /W-F0-1  /D:3     /W-T5-1  /W-T5-1  
/T6-T5-2 /T6-F1-1 /T5-F1-1 /T5-F0-1 /T3-F0-1 /W-T3-1  /D:1     /W-T1-1  /D:2     /W-T0-1  
/W-T0-1  /D:2     /W-T1-1  /D:2     /W-F0-1  /D:1     /W-T1-1  /T3-T1-2 /D:1     /W-T2-1  
/T5-T2-6 /T5-F1-1 /T2-F1-1 /T3-T2-1 /T3-F2-1 /T1-F2-1 /T3-F0-1 /T2-T4-3 /T2-F0-1 /T4-T2-4 
/T4-T6-1 /W-T3-1  /T1-T3-8 /D:2     /W-F3-1  /D:1     /W-T0-1  /T6-T0-2 /D:1     /W-T1-1  
/T4-T1-1 /D:1     /W-F0-1  /D:2     /W-T1-1  /T6-T1-1 /D:1     /W-F1-1  /W-F1-1  /T3-T6-2 
/T3-F1-1 /T6-T3-3 /R       /D:2     /W-T1-1  /T2-T1-5 /T2-F0-1 /D:1     /W-F3-1  /D:1     
/W-F3-1  /T1-F3-1 /T1-F2-1 /T3-F3-1 /T1-F3-1 /T3-F2-1 /T1-F2-1 /T1-F1-1 /T3-F3-1 /T3-F2-1 
/T3-F1-1 /W-F3-1  /T0-F3-1 /T0-F0-1 /T1-F2-1 /T1-F1-1 /T2-F3-1 /T2-F0-1 /T3-F2-1 /T0-F1-1 
/T1-F2-1 /T2-F1-1 /T3-F3-1 /T0-F2-1 /T1-F3-1 /T1-F2-1 /T3-F0-1 /T0-F3-1 /T2-F0-1 /T3-F1-1 
"
1031954,d#rg#RYG#JTQn#EjzFx#uthpko#syfeOAP#vcUCKBZIXVMNDSHmWlwLqaib,131.500000,2299.000000,61.000000,0.598039,1,"
minimal: 0 / states: 127 / duration: 0.000142s
history:
/T3-F2-1 /T5-F2-1 /D:4     /W-T0-1  /D:2     /W-T6-1  /D:6     /W-F3-1  /D:2     /W-T2-1  
/D:3     /W-T4-1  /D:2     /W-T5-1  /D:3     /W-F1-1  /D:1     /W-T5-1  /D:1     /W-F1-1  
/R       /D:1     /W-T4-1  /D:1     /W-F1-1  /T0-T3-1 /T0-F1-1 /D:1     /W-T4-1  /T2-T4-2 
/T4-T2-6 /T4-T1-1 /T4-T0-1 /T2-T0-7 /T2-T1-1 /D:2     /W-T2-1  /D:1     /W-T4-1  /D:4     
/W-T1-1  /T6-T1-2 /T6-F0-1 /T1-F0-1 /T6-F3-1 /T1-F3-1 /T3-F0-1 /T1-F0-1 /T3-F3-1 /T6-F1-1 
/T6-F1-1 /T5-T6-3 /T5-F2-1 /T5-T4-1 /T5-T4-1 /T1-T5-3 /T6-T2-4 /T5-F3-1 /T0-F3-1 /T3-F3-1 
/T5-T2-3 /W-T5-1  /W-T3-1  /D:1     /W-T3-1  /D:2     /W-T5-1  /D:2     /W-F2-1  /T1-F2-1 
/T6-F2-1 /T4-F2-1 /T0-T4-1 /T0-F3-1 /T2-T3-2 /T2-F2-1 /T0-F2-1 /T3-T2-3 /T3-F3-1 /T0-F3-1 
/T4-T0-4 /T4-F0-1 /T2-F0-1 /T0-F0-1 /T2-F1-1 /T0-F1-1 /T2-F0-1 /T0-F0-1 /T2-F1-1 /T0-F1-1 
/T2-F2-1 /T0-F2-1 /T3-F0-1 /T2-F1-1 /T2-F2-1 /T5-F1-1 /T0-T5-1 /T0-F2-1 /W-T2-1  /W-F1-1  
/W-F3-1  /W-F0-1  /T2-F0-1 /T5-F3-1 /T2-F3-1 /T5-F0-1 
"
1040066,L#BD#OIX#owEa#hdYTM#kUNvcQ#ZuqjWpJ#PSzirgtCFRKVeHyAGfxbslnm,160.000000,5358.000000,64.000000,0.543478,1,"
minimal: 0 / states: 134 / duration: 0.000139s
history:
/T3-F1-1 /T6-T2-1 /T5-T3-1 /T6-T3-1 /T5-T1-1 /T5-T6-1 /T5-F3-1 /T2-T0-2 /T5-T2-1 /D:4     
/W-T0-1  /D:3     /W-T2-1  /D:7     /W-T0-1  /D:2     /W-F0-1  /D:2     /W-T2-1  /T3-T2-3 
/T3-T5-1 /T3-T1-1 /T4-T3-1 /T4-T0-1 /T4-T3-1 /D:1     /W-T3-1  /T6-T3-2 /T2-T6-7 /T2-F3-1 
/D:1     /W-F1-1  /D:1     /W-T0-1  /D:2     /W-F2-1  /T1-F2-1 /T6-F2-1 /T1-F1-1 /T4-F1-1 
/T4-T3-1 /D:1     /W-T2-1  /T0-T2-7 /R       /D:1     /W-F3-1  /T6-F3-1 /D:2     /W-T0-1  
/D:5     /W-T2-1  /T1-T2-1 /T1-F0-1 /D:2     /W-T5-1  /D:1     /W-F1-1  /D:2     /W-T3-1  
/D:1     /W-T0-1  /R       /D:1     /W-T3-1  /T6-T3-1 /T6-F1-1 /D:2     /W-F1-1  /D:1     
/W-F0-1  /T2-F0-1 /T3-F0-1 /T2-F3-1 /T3-F3-1 /D:1     /W-F0-1  /T3-F0-1 /T3-F1-1 /T2-T5-3 
/T2-F1-1 /D:1     /W-T0-1  /T6-T0-4 /T6-F2-1 /W-F2-1  /T5-F2-1 /T0-F2-1 /T5-F3-1 /T0-F3-1 
/T5-F0-1 /T0-F0-1 /T6-F2-1 /T3-F2-1 /T0-F1-1 /T5-F3-1 /T2-F0-1 /T3-F3-1 /T0-F0-1 /T5-F2-1 
/T2-F3-1 /T3-F2-1 /T3-F3-1 /T5-F1-1 /T0-F1-1 /T2-F0-1 /T3-F0-1 /T2-F1-1 /T6-F3-1 /D:1     
/W-F2-1  /T0-F2-1 
"
1040151,u#PK#TWn#RdtE#QDeba#rlqUJm#fiyGvCX#VkNZHYjIBLSzxwMFOhgcAosp,116.000000,1488.000000,40.000000,0.719512,1,"
minimal: 0 / states: 116 / duration: 0.000115s
history:
/T2-F2-1 /T4-F1-1 /T4-F1-1 /T2-T1-1 /T2-T0-1 /T5-T2-1 /T5-T6-1 /D:1     /W-T6-1  /T0-T6-2 
/D:2     /W-F3-1  /D:1     /W-T0-1  /D:4     /W-T1-1  /T5-T1-1 /T5-T4-1 /T1-T5-4 /T1-T4-1 
/D:1     /W-T4-1  /D:1     /W-T0-1  /T6-T0-5 /D:2     /W-T1-1  /T5-T1-5 /D:4     /W-T0-1  
/T4-T0-4 /D:1     /W-F3-1  /D:3     /W-F1-1  /D:1     /W-F0-1  /T0-F0-1 /T6-F0-1 /T4-F0-1 
/T3-F0-1 /T3-T1-1 /T3-F1-1 /T0-F3-1 /T4-F3-1 /T3-F3-1 /D:1     /W-F2-1  /D:2     /W-F2-1  
/T0-F2-1 /T0-F1-1 /T0-F0-1 /T5-F2-1 /W-F2-1  /T1-F2-1 /R       /D:5     /W-F3-1  /T0-F3-1 
/T0-F2-1 /T6-F2-1 /T6-F0-1 /T1-F3-1 /T6-T2-1 /T0-F3-1 /T6-T0-1 /T6-F1-1 /D:2     /W-F2-1  
/W-F2-1  /T2-F2-1 /D:1     /W-T3-1  /T1-T3-4 /T1-F2-1 /D:1     /W-T3-1  /D:1     /W-F1-1  
/T3-F1-1 /T0-F1-1 /W-F1-1  /R       /D:1     /W-F1-1  /D:1     /W-F0-1  /T3-F0-1 /T0-F0-1 
/T3-F3-1 /T0-F3-1 /T3-F0-1 /T0-F0-1 /T3-F1-1 /T2-F1-1 /T3-F0-1 /D:1     /W-F3-1  /T0-F3-1 
"
1040267,l#SF#mix#uWfj#ZpNKt#CGgEHc#VwvkPLY#bBresoRdAJaMUTXqnDhQyOIz,136.500000,1804.000000,57.000000,0.567708,1,"
minimal: 0 / states: 131 / duration: 0.000132s
history:
/T3-T2-1 /T2-T0-2 /T3-T4-1 /D:2     /W-T5-1  /D:1     /W-T4-1  /D:1     /W-T1-1  /D:4     
/W-T4-1  /D:1     /W-F0-1  /T5-F0-1 /D:2     /W-F1-1  /D:5     /W-T1-1  /T5-T1-1 /T5-T2-1 
/D:1     /W-F2-1  /D:3     /W-T5-1  /D:3     /W-T0-1  /D:1     /R       /D:1     /W-F1-1  
/T1-F1-1 /T4-F1-1 /D:2     /W-F2-1  /D:4     /W-T0-1  /T4-T0-3 /T4-T6-1 /T4-F3-1 /T4-F2-1 
/T3-T6-1 /T1-F2-1 /T0-F2-1 /T5-T0-2 /T5-T2-1 /T1-T2-2 /T2-F1-1 /T0-T1-2 /T0-F1-1 /T1-T0-3 
/W-T1-1  /T6-T1-3 /T6-T4-1 /D:1     /W-T3-1  /T2-T3-1 /T2-F1-1 /D:1     /W-T4-1  /W-T4-1  
/T2-T4-2 /W-T3-1  /W-F2-1  /T0-T5-3 /T0-F2-1 /T5-T0-4 /T5-F0-1 /T3-T4-3 /T3-F2-1 /D:1     
/W-T4-1  /T6-T4-1 /D:1     /W-F1-1  /D:1     /W-T2-1  /T6-T2-1 /T6-F2-1 /T6-F2-1 /T4-T6-6 
/T4-F1-1 /T0-T1-6 /T0-F1-1 /T0-F2-1 /T2-F1-1 /T0-F1-1 /T2-F2-1 /T2-F1-1 /T6-T4-7 /D:1     
/W-F3-1  /T4-F3-1 /T1-F3-1 /T4-F0-1 /T1-F0-1 /T4-F3-1 /T1-F3-1 /T4-F0-1 /T1-F0-1 /T4-F3-1 
/T1-F3-1 /T4-F0-1 /T1-F0-1 /T4-F3-1 /T1-F3-1 /T4-F0-1 /T1-F0-1 /T4-F3-1 /T1-F3-1 /T4-F0-1 
/T1-F0-1 /T4-F3-1 /D:1     /W-F2-1  
"
1040332,P#fg#Kby#eCEF#iQkMZ#pLIoaB#rUDSnGJ#scTjHVvAdhXulNRwxOtqmYzW,125.000000,1498.000000,50.000000,0.594118,1,"
minimal: 0 / states: 117 / duration: 0.000130s
history:
/T5-T0-1 /T5-F1-1 /T3-T1-1 /T2-T4-1 /T2-F1-1 /D:2     /W-F1-1  /D:2     /W-T2-1  /D:2     
/W-T6-1  /W-T6-1  /T1-T6-2 /T3-T1-1 /D:1     /W-T2-1  /D:1     /W-F0-1  /T0-F0-1 /T3-F0-1 
/T5-T0-1 /T3-T6-1 /T4-T3-2 /D:1     /W-F1-1  /T6-F1-1 /D:1     /W-T2-1  /D:1     /W-T3-1  
/T6-T3-5 /T6-T2-1 /T6-F2-1 /T0-F2-1 /T6-T2-1 /T6-F0-1 /T6-T5-1 /T6-T2-1 /T4-T6-1 /T1-F0-1 
/T1-F1-1 /T3-F0-1 /T3-F1-1 /T2-T5-3 /T2-F1-1 /W-T3-1  /W-T3-1  /D:2     /W-T6-1  /T2-T6-3 
/D:1     /W-F3-1  /D:1     /W-T3-1  /D:1     /W-T4-1  /D:2     /W-F3-1  /T0-F3-1 /D:2     
/W-T3-1  /D:1     /W-T0-1  /D:2     /W-T1-1  /W-T1-1  /D:1     /R       /D:2     /W-T1-1  
/D:2     /W-T1-1  /T5-T1-5 /T4-T5-2 /T4-F3-1 /T5-T0-3 /T5-F2-1 /T3-F2-1 /T1-F2-1 /T3-F3-1 
/T1-F3-1 /T1-F0-1 /T3-F2-1 /T3-F3-1 /T3-F0-1 /W-F2-1  /T1-F3-1 /T1-F0-1 /W-F2-1  /T3-F3-1 
/T4-F1-1 /T3-F0-1 /T6-F2-1 /T0-F2-1 /T1-F3-1 /T3-F3-1 /T6-F1-1 /T0-F1-1 /T1-F2-1 /T3-F2-1 
/T6-F0-1 /T0-F0-1 /T1-F3-1 /T3-F3-1 /T6-F1-1 /T0-F1-1 /T1-F2-1 /T6-F0-1 
"
1040588,n#sm#hXG#UolN#OBbHK#CAepJk#rTuERdv#jYQISWzFgZwtqPLDVixfyacM,139.500000,1905.000000,49.000000,0.604167,1,"
minimal: 0 / states: 120 / duration: 0.000123s
history:
/T0-F2-1 /T3-F3-1 /T4-T3-1 /T1-T0-1 /D:1     /W-T3-1  /T6-T3-1 /D:4     /W-T2-1  /D:4     
/W-T4-1  /W-T4-1  /D:2     /W-T5-1  /D:4     /W-T0-1  /T5-T0-2 /D:2     /W-T0-1  /T4-T0-3 
/D:1     /W-T5-1  /D:4     /W-F1-1  /T4-F1-1 /D:1     /W-F1-1  /T6-F1-1 /T6-T0-1 /T6-T2-1 
/T6-T5-1 /T6-T5-1 /T1-T5-1 /D:1     /W-T1-1  /T3-T1-4 /T3-F2-1 /T2-T3-3 /T5-T2-5 /T5-F2-1 
/T5-F1-1 /T5-F0-1 /T4-F0-1 /T4-F3-1 /T5-F0-1 /T3-T1-4 /R       /D:2     /W-T1-1  /D:3     
/W-T3-1  /D:1     /W-T4-1  /D:2     /W-F2-1  /T6-F2-1 /T2-F2-1 /W-F2-1  /D:1     /W-F3-1  
/T1-F3-1 /T0-F3-1 /D:1     /W-F0-1  /T1-F0-1 /T0-F0-1 /T1-F3-1 /T2-F3-1 /T1-F0-1 /T1-F3-1 
/T2-F2-1 /T1-F2-1 /T0-T2-2 /T0-F3-1 /T0-F2-1 /W-F3-1  /T2-T0-4 /T2-F3-1 /W-T1-1  /W-F3-1  
/T4-F3-1 /T2-T1-1 /D:1     /W-F2-1  /D:1     /W-F1-1  /T0-F1-1 /T0-F0-1 /T1-F1-1 /T0-F1-1 
/T1-F0-1 /T0-F0-1 /T1-F1-1 /T0-F1-1 /T1-F0-1 /T0-F0-1 /T1-F1-1 /T1-F0-1 /T0-F1-1 /D:1     
/W-F2-1  /T3-F2-1 
"
1040688,a#Ab#oen#tNiI#hdXDM#SrwgPx#JGOQZpz#CklRufcKqmWBvUsjyHVTLFYE,91.000000,1093.000000,40.000000,0.650685,1,"
minimal: 0 / states: 122 / duration: 0.000130s
history:
/T0-F1-1 /T1-F1-1 /T1-F0-1 /T2-F2-1 /T6-T0-1 /T4-T1-1 /T4-T2-1 /D:3     /W-T0-1  /T5-T0-1 
/T5-T2-1 /D:4     /W-F1-1  /D:4     /W-T0-1  /T3-T0-1 /D:1     /W-F0-1  /D:2     /W-T0-1  
/D:1     /W-T5-1  /T2-T5-3 /T2-F2-1 /T6-F2-1 /T6-T2-1 /D:2     /W-T2-1  /T4-T2-1 /T4-F1-1 
/D:1     /W-T3-1  /T5-T3-5 /T3-T5-7 /T3-F3-1 /T5-T2-8 /T6-T5-1 /T6-F3-1 /T2-F3-1 /T6-T0-1 
/T5-F3-1 /T3-T4-1 /D:1     /W-T6-1  /D:4     /W-T1-1  /D:1     /R       /D:1     /W-F0-1  
/T2-F0-1 /T2-F1-1 /D:2     /W-F3-1  /D:1     /W-T6-1  /D:1     /W-T0-1  /T5-T0-1 /T5-F3-1 
/D:1     /W-T1-1  /D:1     /W-F2-1  /T0-F2-1 /T2-F2-1 /T0-F1-1 /T4-F2-1 /T2-F1-1 /T4-F1-1 
/T6-F2-1 /T2-T6-1 /T2-F1-1 /D:1     /W-T3-1  /D:1     /W-F2-1  /T2-F2-1 /T0-T1-4 /T0-F2-1 
/T6-T2-3 /D:1     /W-F1-1  /W-F1-1  /T0-F1-1 /T3-F1-1 /D:1     /W-F3-1  /D:3     /W-F0-1  
/W-F0-1  /T1-F0-1 /T1-F3-1 /T2-F0-1 /T1-F0-1 /T2-F3-1 /T1-F3-1 /T2-F0-1 /T1-F0-1 /T2-F3-1 
/T1-F3-1 /T2-F2-1 /T0-F2-1 /W-F0-1  /T1-F0-1 /T2-F3-1 
"
1041163,v#uT#imn#ebtX#wKBfs#xkDHCq#IjMNYcR#UEhrWGoPplQaAJOZFLdgSyzV,121.000000,2556.000000,46.000000,0.574324,1,"
minimal: 0 / states: 131 / duration: 0.000132s
history:
/T2-F2-1 /T6-T4-1 /T5-T4-1 /T6-T4-1 /T4-T1-4 /D:1     /W-T0-1  /D:1     /W-T4-1  /D:4     
/W-T0-1  /T4-T0-2 /T4-T1-1 /T4-T6-1 /T4-T3-1 /T2-T4-1 /W-T6-1  /T0-T6-5 /T2-T3-1 /D:1     
/W-F2-1  /D:2     /W-F2-1  /D:2     /W-T6-1  /T5-T6-1 /T5-T3-1 /T1-T3-6 /T3-T5-2 /T3-F2-1 
/T5-T3-3 /D:1     /W-F1-1  /D:1     /W-F0-1  /T3-F0-1 /T6-F0-1 /D:1     /W-T5-1  /D:2     
/W-T0-1  /D:2     /W-T0-1  /T3-T0-9 /D:2     /W-T1-1  /D:1     /W-T3-1  /D:1     /W-T4-1  
/T5-T4-2 /D:1     /W-T2-1  /T6-T2-9 /T6-F3-1 /D:1     /W-T4-1  /T1-T4-2 /T6-T1-1 /T6-T5-1 
/T6-T5-1 /R       /D:1     /W-T5-1  /T3-T5-2 /T3-F1-1 /T0-F1-1 /T0-F0-1 /D:1     /W-F2-1  
/D:2     /W-T1-1  /T5-T1-6 /D:1     /W-F3-1  /W-F3-1  /T2-F3-1 /T0-F3-1 /T0-F2-1 /T1-F3-1 
/T0-F3-1 /T1-F2-1 /T2-F0-1 /T2-T1-2 /T2-F3-1 /T4-T0-1 /T4-F2-1 /T2-F2-1 /T4-F3-1 /T2-F3-1 
/T0-T4-3 /T0-F2-1 /T0-F3-1 /T1-T2-5 /T1-F2-1 /T2-T1-6 /T2-F3-1 /T4-T0-5 /T4-F2-1 /T2-F2-1 
/T0-T4-6 /T0-F3-1 /D:1     /W-F0-1  /D:1     /W-F1-1  /T3-F1-1 /T1-F1-1 /T1-F0-1 /T4-F1-1 
/T1-F1-1 /T4-F0-1 /T1-F0-1 /T4-F1-1 /T1-F1-1 /T4-F0-1 /T1-F0-1 /T4-F1-1 /T1-F1-1 /T4-F0-1 
/T1-F0-1 /T4-F1-1 
"
1050086,k#Yz#DuA#owCG#hEMKB#XyWiNj#xflqTPn#SpmQUZLdveOrIacFJtRHsbgV,110.500000,1017.000000,50.000000,0.576923,1,"
minimal: 0 / states: 127 / duration: 0.000138s
history:
/T2-F0-1 /T4-F0-1 /T6-F2-1 /T5-T4-1 /T5-F3-1 /T2-T5-1 /T6-T2-1 /T6-T5-1 /D:1     /W-T3-1  
/D:8     /W-T4-1  /D:2     /W-F3-1  /T2-F3-1 /D:1     /W-T3-1  /D:2     /W-F1-1  /D:1     
/W-T2-1  /D:1     /W-T5-1  /D:1     /W-T0-1  /T5-T0-4 /W-T5-1  /W-T0-1  /T6-T0-1 /T4-T6-3 
/T6-T1-4 /W-T3-1  /D:5     /W-F1-1  /T2-F1-1 /T3-F1-1 /D:2     /R       /D:3     /W-F3-1  
/D:1     /W-T1-1  /T3-T1-3 /T3-F0-1 /T2-F0-1 /T4-T2-1 /T4-F0-1 /T4-T5-1 /T1-T4-9 /T1-T2-1 
/W-T1-1  /D:2     /W-T1-1  /T0-T1-8 /W-T0-1  /D:1     /W-T5-1  /T6-T5-1 /T5-T6-5 /T5-T0-1 
/T3-T5-1 /T3-F2-1 /W-F2-1  /T1-F2-1 /T1-F1-1 /T4-F2-1 /T6-F1-1 /T1-F0-1 /T4-T6-1 /T4-F0-1 
/T5-T0-2 /T6-T2-6 /D:1     /W-F3-1  /T2-F3-1 /T1-F3-1 /T4-F3-1 /D:1     /W-F0-1  /T2-T4-2 
/T2-F0-1 /T1-T0-2 /T1-F0-1 /D:1     /W-F2-1  /T4-F2-1 /T0-F2-1 /D:1     /W-F1-1  /T4-F1-1 
/T0-F1-1 /T4-F2-1 /T4-F1-1 /T0-F2-1 /T1-F1-1 /T4-F0-1 /T1-F0-1 /T4-F1-1 /T1-F1-1 /T2-T4-3 
/T2-F0-1 /D:1     /W-F3-1  /T4-F3-1 /T0-F3-1 /T4-F2-1 /T0-F2-1 /T4-F3-1 /T0-F3-1 /T4-F2-1 
"
1050183,r#aT#oiE#KMkq#msGUN#hXFSPv#IlJnOWw#fbAezHjBcYLdpygZDuVRCtQx,122.500000,877.000000,30.000000,0.750000,1,"
minimal: 0 / states: 111 / duration: 0.000114s
history:
/T4-F3-1  /T4-T5-1  /T4-T5-1  /T4-T1-1  /D:1      /W-T5-1   /T2-T5-1  /T2-T6-1  /D:2      /W-F0-1   
/D:1      /W-T1-1   /T3-T1-1  /T6-T3-2  /T5-T6-5  /T5-T1-1  /T0-T5-1  /T2-T1-1  /D:1      /W-T0-1   
/D:1      /W-T3-1   /T1-T3-6  /T1-F1-1  /W-F1-1   /D:2      /W-F0-1   /D:1      /W-F1-1   /D:1      
/W-T0-1   /D:1      /W-T4-1   /T3-T4-10 /T3-T1-1  /T6-T3-6  /T6-F3-1  /T6-F2-1  /T4-F2-1  /T4-F3-1  
/T3-T0-7  /D:1      /W-F1-1   /D:1      /W-F2-1   /T4-F2-1  /T4-F1-1  /T5-F2-1  /T4-F2-1  /T0-T5-1  
/T0-F1-1  /T5-T0-2  /T5-T4-1  /T6-T5-1  /T6-T1-1  /D:2      /W-F1-1   /D:1      /W-T2-1   /W-T2-1   
/T5-T2-2  /T5-F1-1  /D:3      /W-T2-1   /T4-T2-3  /T4-F1-1  /D:1      /W-T2-1   /D:1      /W-F0-1   
/D:1      /W-F2-1   /W-F2-1   /W-F0-1   /T0-F0-1  /W-F1-1   /T0-T6-3  /T0-F2-1  /T4-F2-1  /T4-F1-1  
/T1-F1-1  /T6-T0-4  /D:1      /W-F3-1   /T2-F3-1  /T0-F3-1  /T2-F0-1  /T0-F0-1  /T2-F3-1  /T0-F3-1  
/T2-F0-1  /T0-F0-1  /T2-F3-1  /T0-F3-1  /T2-F0-1  /T0-F0-1  /T2-F3-1  /T4-F0-1  /T0-F3-1  /T1-F0-1  
/T4-F1-1  /D:1      /W-F2-1   /T2-F2-1  /T0-F2-1  /T2-F3-1  
"
1050231,Z#EW#Xyx#wcBh#CROdL#KGtrVT#UJkmqDu#QjAPMfpIzsalegHinFboSNYv,111.000000,1252.000000,35.000000,0.687500,1,"
minimal: 0 / states: 110 / duration: 0.000116s
history:
/T5-T6-1 /T6-T5-2 /T4-T0-1 /T1-T2-1 /T4-T1-1 /D:3     /W-F0-1  /D:1     /W-T6-1  /D:3     
/W-T1-1  /T4-T1-1 /T6-T4-2 /D:1     /W-T2-1  /T3-T2-1 /T3-F0-1 /T3-T6-1 /T5-T3-3 /D:2     
/W-T3-1  /T4-T3-3 /T4-F0-1 /W-T4-1  /D:1     /W-F1-1  /D:1     /W-T4-1  /T2-T4-4 /D:5     
/W-F2-1  /D:2     /W-F1-1  /T6-F1-1 /T3-T6-1 /T3-F0-1 /T6-T3-2 /T2-T6-1 /T2-T0-1 /T6-T2-2 
/T6-T2-1 /T6-T0-1 /T1-T5-3 /T1-F0-1 /W-F0-1  /W-T0-1  /W-T0-1  /W-T0-1  /T3-T2-8 /D:1     
/W-F2-1  /D:2     /W-F3-1  /T5-F3-1 /T2-F3-1 /T5-F2-1 /T2-F2-1 /T5-F1-1 /T5-F2-1 /T5-T4-1 
/T5-F0-1 /W-T4-1  /W-F1-1  /W-F1-1  /T0-F1-1 /T0-F0-1 /T4-T6-2 /T4-F1-1 /T0-F1-1 /T4-F0-1 
/T0-F0-1 /T5-F0-1 /W-T1-1  /W-F1-1  /W-F3-1  /T2-F3-1 /T2-F2-1 /T6-F3-1 /T2-F3-1 /T6-F2-1 
/T2-F2-1 /T6-F3-1 /T2-F3-1 /T4-F3-1 /T0-F3-1 /T0-F0-1 /T1-F0-1 /D:1     /W-F3-1  /T0-F3-1 
/D:1     /W-F2-1  /T2-F2-1 /T2-F1-1 /T4-F2-1 /T2-F2-1 /T4-F1-1 /T2-F1-1 /T4-F2-1 
"
1050335,d#ya#frx#YlFg#DhWwG#VJPcCz#uXsnNKH#AOQRoZbtiMLETkqjIUBvSepm,158.000000,2081.000000,52.000000,0.554945,1,"
minimal: 0 / states: 124 / duration: 0.000126s
history:
/T1-F1-1 /T3-T6-1 /T3-T6-1 /T2-T3-1 /T3-T5-2 /T0-T2-1 /T5-T0-3 /T5-T2-1 /D:1     /W-F0-1  
/D:1     /W-T2-1  /D:2     /W-T6-1  /D:1     /W-T5-1  /D:2     /W-F1-1  /D:7     /W-T1-1  
/D:1     /W-T6-1  /T5-T6-2 /T6-T5-1 /T6-F1-1 /T5-T6-2 /T5-T1-1 /T6-T5-7 /T6-T3-1 /T6-F3-1 
/T2-F3-1 /T6-F2-1 /T5-F2-1 /T5-F3-1 /T5-T1-6 /D:1     /W-T0-1  /D:1     /W-T0-1  /D:1     
/W-T0-1  /T4-T0-1 /D:1     /W-F0-1  /T2-F0-1 /T2-F1-1 /D:2     /W-T0-1  /T2-T0-1 /D:1     
/W-F1-1  /T2-F1-1 /D:1     /W-F2-1  /T1-F2-1 /T0-F2-1 /T6-F2-1 /T4-T6-1 /T4-T3-1 /W-T3-1  
/T4-T3-1 /T4-F0-1 /D:1     /W-T2-1  /T1-T2-8 /R       /D:1     /W-F3-1  /T2-F3-1 /T0-F3-1 
/D:1     /W-T1-1  /D:1     /W-F2-1  /D:1     /W-T6-1  /D:1     /W-T4-1  /T3-T4-5 /D:1     
/W-T1-1  /T6-T1-3 /T6-F2-1 /D:1     /W-F0-1  /T2-F0-1 /T0-F0-1 /T2-F1-1 /T4-F1-1 /T1-F1-1 
/T2-F0-1 /T4-F2-1 /T1-F2-1 /T0-T4-2 /T0-F1-1 /T0-F2-1 /T2-T1-2 /T2-F1-1 /T0-F1-1 /T2-F2-1 
/T0-F2-1 /T2-F1-1 /D:1     /W-F3-1  /T4-F3-1 /T1-F3-1 /T4-F0-1 /T1-F0-1 /T4-F3-1 /T1-F3-1 
/T4-F0-1 /T1-F0-1 /T4-F3-1 /T1-F3-1 /T4-F0-1 
"
1050511,X#Ca#Mwq#dxAK#zIgWc#EZBefJ#nYrRFmh#ltbjpvQukOPsHTUiVoLGNDyS,109.000000,2211.000000,50.000000,0.569767,1,"
minimal: 0 / states: 130 / duration: 0.000134s
history:
/T1-F1-1 /T5-T0-1 /T4-T2-1 /T4-T3-1 /D:2     /W-T6-1  /T5-T6-1 /T2-T5-2 /D:1     /W-F1-1  
/T5-F1-1 /D:3     /W-T3-1  /T6-T3-3 /D:4     /W-T1-1  /D:1     /W-T5-1  /D:1     /W-T4-1  
/T5-T4-3 /T5-T4-1 /D:4     /W-T0-1  /D:1     /W-T2-1  /D:2     /W-T5-1  /T0-T5-3 /T6-T0-1 
/D:2     /W-F3-1  /T1-F3-1 /D:2     /W-T0-1  /D:1     /R       /D:5     /W-T2-1  /T4-T2-6 
/D:1     /W-T0-1  /T2-T0-9 /D:1     /W-T5-1  /D:1     /W-T5-1  /T6-T5-1 /T6-T5-1 /T6-T3-1 
/T3-T6-7 /T3-F0-1 /T0-F0-1 /T1-F0-1 /T5-T1-9 /T6-T2-8 /T6-F2-1 /T0-F3-1 /W-F3-1  /T1-F3-1 
/D:1     /W-T4-1  /D:1     /W-F2-1  /W-F2-1  /T0-F2-1 /W-T3-1  /T4-T3-2 /W-T4-1  /T3-T4-4 
/T3-F1-1 /T2-F2-1 /T0-F1-1 /T0-F2-1 /T2-F1-1 /T0-F1-1 /T2-F2-1 /T0-F2-1 /T2-F1-1 /T2-F2-1 
/T1-T0-3 /T1-F1-1 /T0-T1-4 /T0-F2-1 /T4-T2-2 /T4-F1-1 /T0-F1-1 /T4-F2-1 /T0-F2-1 /T4-F1-1 
/T0-F1-1 /T4-F2-1 /D:1     /W-T2-1  /D:1     /W-F0-1  /T5-F0-1 /T1-F0-1 /T2-F0-1 /D:1     
/W-F3-1  /T1-F3-1 /T1-F0-1 /T2-F3-1 /T1-F3-1 /T2-F0-1 /T1-F0-1 /T2-F3-1 /T1-F3-1 /T2-F0-1 
/T1-F0-1 /T2-F3-1 /T1-F3-1 /T2-F0-1 
"
1050595,f#pA#PLB#REZG#aTsvz#uVIOre#nUhNmwY#KSoJybiCqFHQDjlXcxgtMkWd,106.500000,1332.000000,56.000000,0.536585,1,"
minimal: 0 / states: 132 / duration: 0.000137s
history:
/T1-F0-1 /T2-F0-1 /T6-T4-1 /T0-T3-1 /T4-T0-2 /D:1     /W-T0-1  /D:5     /W-T1-1  /D:1     
/W-T6-1  /D:1     /W-F0-1  /D:1     /W-T5-1  /D:2     /W-T6-1  /D:2     /W-F0-1  /D:1     
/W-T0-1  /T4-T0-1 /T5-T4-2 /T5-T3-1 /W-T3-1  /T1-T3-2 /D:2     /W-T2-1  /T6-T2-3 /T6-T1-1 
/T6-F3-1 /T5-F3-1 /T3-T6-6 /T6-T0-7 /T2-T1-5 /T6-T5-1 /T6-F2-1 /T3-T6-1 /T3-F0-1 /T2-F3-1 
/D:1     /W-T4-1  /D:2     /W-T1-1  /T4-T1-4 /D:1     /W-T5-1  /D:1     /W-T2-1  /D:3     
/R       /D:1     /W-T5-1  /D:1     /W-F2-1  /D:2     /W-T6-1  /D:1     /W-F0-1  /D:1     
/W-T2-1  /D:1     /W-T2-1  /D:1     /W-T6-1  /W-T6-1  /D:1     /W-T2-1  /T5-T2-4 /T5-T6-1 
/T4-T5-1 /T4-F1-1 /T0-F1-1 /T0-F2-1 /T0-F3-1 /T1-F1-1 /T1-F2-1 /T3-F3-1 /T0-F2-1 /T2-F3-1 
/T5-F3-1 /T0-T2-1 /T0-F0-1 /T1-T5-3 /T1-F0-1 /T2-T0-2 /T2-F3-1 /T2-F0-1 /T6-F3-1 /T2-F3-1 
/T6-F0-1 /T0-T2-5 /T0-F0-1 /T1-T6-2 /T1-F3-1 /T0-F3-1 /T1-F0-1 /T2-T0-7 /T2-F0-1 /T6-T1-4 
/T6-F3-1 /T5-T1-4 /D:1     /W-F1-1  /T1-F1-1 /T0-F1-1 /T1-F2-1 /T0-F2-1 /T1-F1-1 /T0-F1-1 
/T1-F2-1 /T0-F2-1 /T1-F1-1 /T0-F1-1 /T1-F2-1 /T0-F2-1 /T1-F1-1 /T0-F1-1 /T1-F2-1 /T0-F2-1 
/T1-F1-1 
"
1050605,l#ED#trC#ygFG#xkedX#KvfTSa#JhYqRcn#LBoMpbsAHuWOIZmzNPUVjQiw,124.000000,2820.000000,56.000000,0.581522,1,"
minimal: 0 / states: 122 / duration: 0.000138s
history:
/T5-F1-1 /T6-F2-1 /T6-T1-1 /T5-T3-1 /T1-T6-2 /T1-T3-1 /D:2     /W-T6-1  /D:1     /W-F2-1  
/D:1     /W-T1-1  /T0-T1-1 /D:1     /W-F2-1  /D:1     /W-F1-1  /D:1     /W-T5-1  /T6-T5-4 
/T6-F2-1 /D:1     /W-F0-1  /T5-F0-1 /T5-F1-1 /T2-F0-1 /T2-F2-1 /T5-F0-1 /T3-F0-1 /D:6     
/W-T0-1  /D:3     /W-F3-1  /D:7     /W-T4-1  /W-T4-1  /R       /D:1     /W-T0-1  /T4-T0-3 
/T4-F1-1 /T4-F1-1 /D:1     /W-T0-1  /T5-T0-3 /T5-F1-1 /D:3     /W-F3-1  /D:4     /W-F3-1  
/D:1     /W-T5-1  /T3-T5-2 /T3-F0-1 /T3-F1-1 /T4-T3-1 /T5-T2-1 /T5-F0-1 /T2-T5-2 /W-T2-1  
/T6-T2-1 /T6-F1-1 /T4-T1-1 /W-T4-1  /T3-T4-2 /T6-T4-1 /D:1     /W-T4-1  /T0-T4-4 /T0-F1-1 
/D:1     /W-T1-1  /T5-T1-4 /T5-T2-1 /D:1     /W-F3-1  /T4-F3-1 /T1-F3-1 /T4-F2-1 /T1-F2-1 
/T4-F3-1 /T1-F3-1 /T4-F0-1 /W-F0-1  /T4-F3-1 /T4-F0-1 /T2-F0-1 /W-F3-1  /W-F2-1  /T1-F2-1 
/T0-F2-1 /T0-F3-1 /T1-F1-1 /T1-F2-1 /T2-F3-1 /T4-F1-1 /T0-F0-1 /T1-F1-1 /T1-F0-1 /T4-F2-1 
/T0-F3-1 /T2-F2-1 /T4-F1-1 
"
1050668,N#bM#rGQ#Ytsl#zVvfE#XhaBAH#qJunLyK#dWZewOiPDSkFCxpToRjIUgcm,110.500000,902.000000,45.000000,0.631250,1,"
minimal: 0 / states: 127 / duration: 0.000129s
history:
/T0-F3-1 /T6-T3-1 /T3-T1-2 /T2-T4-1 /T1-T0-3 /D:2     /W-T0-1  /D:2     /W-T3-1  /D:2     
/W-F3-1  /D:2     /W-F3-1  /T4-F3-1 /D:1     /W-T3-1  /D:1     /W-T2-1  /T4-T2-1 /D:1     
/W-T6-1  /D:5     /W-T5-1  /T3-T5-3 /T4-T3-1 /T4-T0-1 /T5-T4-5 /T5-F0-1 /T5-F0-1 /T5-F1-1 
/T1-F1-1 /T2-T5-3 /T5-T0-4 /T2-T3-1 /D:2     /W-F3-1  /D:5     /W-F1-1  /D:1     /W-T1-1  
/T6-T1-2 /T5-T6-1 /R       /D:1     /W-F1-1  /D:1     /W-T2-1  /T6-T2-2 /T6-F2-1 /D:1     
/W-T1-1  /T4-T1-6 /D:3     /W-F0-1  /T1-F0-1 /T0-F0-1 /T0-F3-1 /T1-F1-1 /W-F0-1  /T0-F0-1 
/T3-T0-3 /T1-T6-2 /T1-F0-1 /T6-T1-3 /T6-T2-1 /W-T2-1  /T3-T4-1 /D:1     /W-T4-1  /D:2     
/W-F2-1  /W-F2-1  /T6-F2-1 /T0-F2-1 /T0-F1-1 /T1-F2-1 /T0-F2-1 /T1-F3-1 /T1-F2-1 /D:1     
/W-T4-1  /D:1     /W-F0-1  /D:1     /W-F3-1  /T1-F3-1 /T0-T4-2 /T0-F3-1 /T2-T1-1 /T2-F0-1 
/T0-F0-1 /T2-F3-1 /T2-F0-1 /T4-T0-4 /T4-F3-1 /T2-F3-1 /T0-T4-5 /T0-F0-1 /D:1     /W-F1-1  
/T4-F1-1 /T1-F1-1 /T4-F2-1 /T1-F2-1 /T4-F1-1 /T1-F1-1 /T4-F2-1 /T1-F2-1 /T4-F1-1 /T1-F1-1 
/T4-F2-1 
"
1050671,K#SA#mFV#YldW#TruJQ#qbMpkv#GhEDIyB#zoNHUZasnROgwjxiceXfLCPt,107.000000,2171.000000,53.000000,0.566667,1,"
minimal: 0 / states: 118 / duration: 0.000130s
history:
/T1-F0-1 /T6-F0-1 /T5-T3-1 /T5-T6-1 /T3-T0-2 /T5-T3-1 /D:3     /W-F3-1  /D:1     /W-T2-1  
/D:1     /W-T0-1  /D:2     /W-F1-1  /D:2     /W-F2-1  /D:2     /W-F3-1  /D:1     /W-T2-1  
/D:1     /W-T6-1  /T2-T6-3 /T2-T6-1 /T6-T2-7 /W-T2-1  /D:9     /W-F0-1  /D:1     /W-F3-1  
/T4-F3-1 /T2-F3-1 /T1-F3-1 /T5-T1-1 /T5-F1-1 /D:1     /W-T0-1  /R       /D:2     /W-F2-1  
/T3-F2-1 /T5-F2-1 /W-T5-1  /D:5     /W-T4-1  /D:1     /W-F1-1  /T3-F1-1 /T3-T1-1 /W-T1-1  
/W-T1-1  /T6-T1-1 /T6-F0-1 /T6-F0-1 /T6-T1-1 /T2-F0-1 /T6-F0-1 /W-T2-1  /W-T6-1  /T0-T3-5 
/T3-T5-6 /D:1     /W-F1-1  /D:2     /W-F1-1  /D:1     /W-T6-1  /W-T6-1  /T4-T6-2 /T4-T6-1 
/T4-F2-1 /T2-F2-1 /T2-F1-1 /T4-F3-1 /T2-F0-1 /T5-F2-1 /T1-F1-1 /T5-F3-1 /T1-F0-1 /T6-F2-1 
/T2-F3-1 /T5-F2-1 /T5-F3-1 /T6-F1-1 /T1-F1-1 /T2-F2-1 /T1-F2-1 /T6-F0-1 /T2-F1-1 /T5-F0-1 
/T1-F1-1 /T6-F3-1 /T2-F2-1 /T5-F3-1 /T5-F2-1 /T6-F0-1 /T1-F0-1 /T2-F1-1 /T6-F3-1 
"
1050886,l#TS#efK#arUE#zmOMJ#CdwBLh#WZqDHAn#PiYIFuvRkjVoNbQxcsGypgtX,111.500000,2270.000000,61.000000,0.505495,1,"
minimal: 0 / states: 129 / duration: 0.000149s
history:
/T6-F2-1 /T6-F0-1 /T3-T1-1 /T2-T0-1 /D:2     /W-T4-1  /T6-T4-1 /W-T6-1  /D:8     /W-T0-1  
/D:2     /W-F2-1  /D:1     /W-F3-1  /D:2     /W-T1-1  /D:4     /W-T3-1  /T1-T3-3 /W-T1-1  
/T1-T4-2 /D:2     /W-F2-1  /D:2     /W-T5-1  /T2-T5-1 /T6-T2-2 /T6-F2-1 /T6-T1-1 /T2-T4-3 
/D:1     /R       /D:2     /W-T0-1  /T5-T0-3 /T5-T1-1 /T5-F0-1 /D:3     /W-T6-1  /T3-T6-5 
/T3-F2-1 /T3-F1-1 /D:2     /W-T1-1  /T4-T1-8 /T4-T2-1 /T4-F3-1 /T1-F3-1 /T4-T3-1 /T6-F3-1 
/W-F3-1  /T6-T0-1 /T6-F3-1 /T0-T2-8 /D:1     /W-T5-1  /W-T5-1  /D:1     /W-F1-1  /D:2     
/W-F1-1  /D:1     /W-T3-1  /D:1     /W-T5-1  /T1-T5-3 /T1-F3-1 /D:1     /W-T3-1  /T5-T3-7 
/T5-F1-1 /T5-F0-1 /T3-F0-1 /T2-F0-1 /T3-F1-1 /T2-F1-1 /T3-F2-1 /T2-F2-1 /T3-F1-1 /T3-F2-1 
/T2-F1-1 /T1-T3-1 /T1-F1-1 /T6-T2-2 /T6-F2-1 /T2-T6-3 /T2-F1-1 /T3-T1-2 /T3-F2-1 /W-F2-1  
/W-F0-1  /T6-F0-1 /T1-F0-1 /T6-F3-1 /T1-F3-1 /T6-F0-1 /T1-F0-1 /T1-F1-1 /T6-F3-1 /T2-F0-1 
/T2-F1-1 /T3-F3-1 /T1-F0-1 /T3-F2-1 /T3-F1-1 /W-F3-1  /T1-F3-1 /T2-F0-1 /T4-F2-1 
"
1050957,d#WE#OqB#huGT#ctyKP#jHRoCz#wVpmaFl#NMrDxLbegJfviZkYnsUAQXSI,142.500000,3069.000000,45.000000,0.608696,1,"
minimal: 0 / states: 122 / duration: 0.000139s
history:
/T6-T5-1 /T6-T3-1 /T6-F1-1 /T2-T4-1 /T4-T2-2 /T4-T5-1 /T4-T6-1 /T0-T1-1 /T5-T0-3 /T5-T1-1 
/D:1     /W-F3-1  /D:6     /W-F1-1  /D:1     /W-T3-1  /T2-T3-3 /T2-F3-1 /T6-T2-2 /D:3     
/W-T4-1  /T1-T4-3 /T1-T0-1 /D:1     /W-T0-1  /D:2     /W-T1-1  /D:1     /W-T2-1  /D:2     
/W-F2-1  /T5-F2-1 /T6-F2-1 /D:2     /W-T0-1  /T4-T0-5 /T4-F1-1 /D:1     /W-F0-1  /T3-F0-1 
/T0-F0-1 /T0-F1-1 /T3-F3-1 /T3-F2-1 /T3-F1-1 /T5-T3-1 /T3-T5-3 /T5-T6-4 /D:1     /W-F3-1  
/T6-F3-1 /D:2     /W-F3-1  /D:1     /W-T5-1  /R       /D:1     /W-T4-1  /D:1     /W-F2-1  
/D:1     /W-F0-1  /T0-F0-1 /T0-F1-1 /T6-F0-1 /T3-F0-1 /T6-F3-1 /T6-F0-1 /T3-T6-1 /T5-F0-1 
/T0-T3-1 /T0-F3-1 /T3-T0-2 /D:2     /W-T1-1  /D:1     /W-F1-1  /D:1     /W-T2-1  /T6-T2-2 
/T2-T6-2 /T2-F0-1 /T6-T2-3 /D:2     /W-T4-1  /D:1     /W-F2-1  /T0-F2-1 /T0-F1-1 /T2-F2-1 
/T0-F2-1 /T2-F3-1 /T0-F3-1 /W-F1-1  /T2-F2-1 /T5-F1-1 /T0-F0-1 /T2-F1-1 /W-F2-1  /T0-F1-1 
/T1-F0-1 /T2-F2-1 /T2-F1-1 /T0-F2-1 /D:1     /W-F3-1  /T4-F3-1 /T1-F3-1 /T4-F0-1 
"
1051097,Q#dO#EqR#mKSN#ehsAM#jfPZWX#CtVbalJ#FGIDgYTrcvynBHLpouxikzUw,83.500000,386.000000,24.000000,0.877358,1,"
minimal: 0 / states: 116 / duration: 0.000120s
history:
/T3-F3-1 /T1-F3-1 /T6-T5-1 /T6-T4-1 /T6-F1-1 /T6-F1-1 /T6-T5-1 /T3-T6-1 /T3-T4-1 /D:4     
/W-T2-1  /D:4     /W-T6-1  /T0-T6-1 /T4-T0-3 /T4-F0-1 /T2-T4-2 /D:1     /W-F1-1  /T1-F1-1 
/D:2     /W-T3-1  /T5-T3-3 /T5-T0-1 /T5-T1-1 /T5-F3-1 /T6-F3-1 /W-T0-1  /D:1     /W-F2-1  
/D:1     /W-F0-1  /D:1     /W-T3-1  /W-T3-1  /T4-T3-3 /T4-T0-1 /T2-T4-1 /T6-T0-3 /T6-F0-1 
/T3-F0-1 /T2-F0-1 /T3-F3-1 /T0-T5-1 /T0-F3-1 /T5-T0-2 /T4-T3-2 /D:1     /W-T1-1  /D:2     
/W-F2-1  /W-F2-1  /T3-F2-1 /T0-F2-1 /T3-F1-1 /T0-F1-1 /T3-F2-1 /T0-F2-1 /T3-F3-1 /D:1     
/W-F2-1  /D:3     /W-T1-1  /D:1     /W-T2-1  /D:1     /W-F3-1  /D:1     /W-T1-1  /W-T1-1  
/T3-T1-1 /T3-F3-1 /T0-T5-2 /T0-F3-1 /T5-T0-3 /R       /D:1     /W-F0-1  /D:1     /W-F0-1  
/T1-F0-1 /D:1     /W-F0-1  /T3-F0-1 /T3-F3-1 /D:1     /W-F1-1  /T0-F1-1 /T0-F2-1 /T1-F1-1 
/T0-F1-1 /T0-F0-1 /T1-F2-1 /T1-F1-1 /T1-F0-1 /T0-F1-1 /T0-F0-1 /T3-T1-1 /T3-F1-1 /D:1     
/W-F3-1  /D:1     /W-F2-1  /T1-F2-1 /T1-F3-1 /T2-F2-1 
"
1051183,Z#UI#TSa#LgHf#nJRNE#blmAro#CvGdPXt#zBypDKYshMkFueqciOwQWxVj,128.500000,1807.000000,52.000000,0.565934,1,"
minimal: 0 / states: 123 / duration: 0.000136s
history:
/T2-F1-1 /T4-T2-1 /T4-F3-1 /T3-T6-1 /D:3     /W-T0-1  /D:2     /W-T4-1  /D:4     /W-T1-1  
/T6-T1-2 /T6-T0-1 /T5-T6-1 /T5-T1-1 /T5-F0-1 /T6-T4-2 /T6-T1-1 /T2-T6-2 /T2-T3-1 /T5-T2-1 
/W-T3-1  /T4-T3-4 /T4-T0-1 /T4-F2-1 /T3-F2-1 /D:1     /W-T4-1  /T5-T4-1 /T5-F1-1 /D:6     
/W-F1-1  /T1-F1-1 /D:1     /W-T0-1  /T3-T0-6 /D:1     /W-F3-1  /T0-F3-1 /D:2     /W-F3-1  
/D:2     /W-T4-1  /W-T4-1  /T1-T4-5 /T6-T1-3 /T1-T6-4 /D:2     /R       /D:1     /W-T1-1  
/D:1     /W-F0-1  /D:1     /W-F2-1  /D:2     /W-T1-1  /W-T1-1  /D:2     /W-T3-1  /D:2     
/W-F1-1  /D:1     /W-F2-1  /T4-F2-1 /T4-F1-1 /T0-T3-2 /T0-F2-1 /T3-T0-3 /T3-F1-1 /T4-F2-1 
/T4-F1-1 /W-F2-1  /T6-T4-4 /T6-F2-1 /T6-F0-1 /T0-F0-1 /T0-F3-1 /T4-F0-1 /T0-F0-1 /T4-F3-1 
/T0-F3-1 /T4-F0-1 /T0-F0-1 /T0-F1-1 /T4-F3-1 /T4-F0-1 /T0-F0-1 /T1-F0-1 /T3-F0-1 /D:1     
/W-F2-1  /D:1     /W-F3-1  /T4-F3-1 /T0-F3-1 /T1-F3-1 /T4-F2-1 /T0-F2-1 /T0-F3-1 /T1-F2-1 
/D:1     /W-F1-1  /W-F1-1  /T4-F1-1 /T2-F1-1 /T4-F0-1 
"
1051200,U#wN#QdW#JuDA#CEsmn#VYfvyI#xzPLcpo#MHXbSKkeOiGgqjTRBtlFarZh,147.500000,4005.000000,55.000000,0.601942,1,"
minimal: 0 / states: 123 / duration: 0.000131s
history:
/T1-F3-1 /T3-F0-1 /T4-F2-1 /T6-F2-1 /T6-F2-1 /T5-T2-1 /T5-T4-1 /T6-T3-1 /T0-T2-1 /T4-T0-2 
/D:3     /W-T0-1  /T1-T0-1 /D:4     /W-T6-1  /D:1     /W-T4-1  /T3-T4-2 /D:1     /W-F3-1  
/D:1     /W-T0-1  /T3-T0-1 /T3-T6-1 /D:1     /W-T2-1  /D:1     /W-T0-1  /T4-T0-4 /D:1     
/W-F2-1  /D:4     /W-F0-1  /D:4     /W-F1-1  /D:1     /W-F2-1  /D:1     /W-T1-1  /T6-T1-3 
/T6-F3-1 /T6-T3-1 /T2-T6-4 /T2-T4-1 /T2-F3-1 /D:1     /W-T5-1  /R       /D:1     /W-T2-1  
/D:2     /W-F1-1  /T0-F1-1 /T4-F1-1 /D:1     /W-T6-1  /T4-T6-1 /T4-F0-1 /T0-F0-1 /T0-F1-1 
/T6-F0-1 /T0-F2-1 /D:4     /W-F3-1  /T6-F3-1 /W-F3-1  /T6-T5-1 /T6-F3-1 /D:1     /W-F2-1  
/D:1     /W-T2-1  /T6-T2-3 /D:1     /W-F0-1  /T5-F0-1 /R       /D:1     /W-F0-1  /T2-F0-1 
/T5-T2-2 /T5-F1-1 /T0-F1-1 /T0-F2-1 /T2-F1-1 /T0-F1-1 /T2-F2-1 /T5-T3-1 /T5-F3-1 /T0-F2-1 
/T1-F0-1 /T2-F3-1 /T0-F3-1 /T2-F2-1 /T0-F2-1 /T3-F3-1 /T3-F2-1 /T1-T0-2 /T1-F3-1 /D:1     
/W-F0-1  /D:1     /W-F1-1  /T0-F1-1 /T0-F0-1 /T2-F1-1 /T0-F1-1 /T2-F0-1 
"
1051202,T#Sf#MQw#hHsY#KUuGn#CicrzW#XbAlBko#tdJEZgPjFmRyVvpqOLaIDNex,141.000000,2297.000000,52.000000,0.603261,1,"
minimal: 0 / states: 126 / duration: 0.000136s
history:
/T4-F2-1 /T6-F2-1 /T2-T6-1 /T1-T4-1 /D:4     /W-T1-1  /T2-T1-1 /T3-T2-1 /T3-T0-1 /T0-T3-2 
/D:1     /W-T0-1  /D:6     /W-T3-1  /D:1     /W-T0-1  /T6-T0-2 /D:1     /W-T0-1  /T3-T0-4 
/T4-T3-2 /D:1     /W-T5-1  /T3-T5-3 /W-T3-1  /D:1     /W-F2-1  /D:1     /W-F2-1  /D:2     
/W-T3-1  /D:1     /W-F1-1  /D:2     /W-T0-1  /D:1     /W-F3-1  /D:2     /W-T2-1  /T5-T2-5 
/R       /D:4     /W-T4-1  /D:1     /W-T0-1  /T6-T0-1 /T6-T5-1 /T6-F0-1 /T0-F0-1 /T6-F1-1 
/T6-T3-1 /T5-T6-2 /T5-F2-1 /T5-F1-1 /T4-T5-2 /W-T3-1  /T5-T3-3 /T5-F0-1 /W-F1-1  /W-T4-1  
/T1-T4-3 /D:2     /W-T3-1  /T0-T3-3 /T0-F2-1 /D:1     /W-F3-1  /T3-F3-1 /T3-F0-1 /T4-F3-1 
/T3-F3-1 /T4-F0-1 /T4-F3-1 /T0-F3-1 /T3-F0-1 /T4-F2-1 /T4-F3-1 /T3-T0-1 /T3-F2-1 /T0-T3-2 
/T0-F3-1 /W-T4-1  /T2-T4-4 /T2-F3-1 /T4-T6-6 /D:2     /W-F1-1  /T6-F1-1 /T3-F1-1 /T6-F0-1 
/T3-F0-1 /T6-F1-1 /T3-F1-1 /T6-F2-1 /T0-F2-1 /W-F0-1  /T3-F0-1 /T3-F3-1 /T6-F1-1 /T0-F1-1 
/T2-F2-1 /T0-F2-1 /T6-F0-1 /T2-F3-1 /T3-F0-1 /T0-F3-1 /T6-F1-1 /T2-F0-1 /T3-F1-1 /T6-F2-1 
"
1051243,w#OT#xDp#kLXR#jBFzs#ZiPbGK#UcSoHaW#JgVQCduevrlMfNAhEmInyYqt,180.000000,2836.000000,54.000000,0.598131,1,"
minimal: 0 / states: 126 / duration: 0.000131s
history:
/T6-T5-1 /T6-F1-1 /T4-T1-1 /T3-T1-1 /T1-T6-3 /T0-T3-1 /T4-T0-1 /T1-T2-1 /D:3     /W-T3-1  
/T6-T3-4 /D:5     /W-T4-1  /D:1     /W-T5-1  /D:2     /W-T0-1  /T5-T0-3 /D:1     /W-T1-1  
/D:1     /W-T5-1  /W-T5-1  /D:1     /W-F3-1  /T2-F3-1 /D:1     /W-F0-1  /D:1     /W-T0-1  
/T5-T0-3 /T5-F1-1 /T5-F3-1 /W-T5-1  /W-T0-1  /T2-T0-1 /T2-T3-1 /F3-T3-1 /T6-T3-1 /D:1     
/W-T6-1  /D:3     /W-F2-1  /T3-F2-1 /T0-F2-1 /T3-F3-1 /D:2     /W-T1-1  /T2-T1-1 /D:1     
/W-F2-1  /T0-T6-1 /T0-F2-1 /D:1     /R       /D:2     /W-T5-1  /T4-T5-2 /T4-F0-1 /T4-T1-1 
/D:1     /W-F3-1  /T3-T5-1 /T3-F3-1 /T6-T0-2 /T6-F3-1 /T6-F1-1 /T0-F1-1 /T3-F2-1 /T3-F3-1 
/T6-F3-1 /D:1     /W-F0-1  /T5-F0-1 /T0-F0-1 /T5-F1-1 /T0-F1-1 /T5-F0-1 /T0-F0-1 /T5-F1-1 
/T3-F0-1 /T0-F1-1 /T5-T3-1 /T5-F1-1 /T1-F1-1 /D:1     /W-T2-1  /D:1     /W-F0-1  /W-F0-1  
/T0-T1-2 /T0-F0-1 /D:1     /W-T2-1  /T3-T2-4 /T3-F0-1 /T3-F1-1 /T0-F1-1 /T1-T0-4 /T1-F0-1 
/T2-T5-5 /T2-F1-1 /D:1     /W-F2-1  /T5-F2-1 /T0-F2-1 /T5-F3-1 /T0-F3-1 /T5-F2-1 /T0-F2-1 
/T5-F3-1 /T0-F3-1 /T5-F2-1 /T0-F2-1 /T5-F3-1 
"
1051263,R#OI#YjM#tSxe#dLVlA#zbDTmo#JHyspaC#GukBWXNEQgrUKFfqivcwnPhZ,143.500000,1957.000000,59.000000,0.515625,1,"
minimal: 0 / states: 126 / duration: 0.000140s
history:
/T4-F0-1 /T4-T2-1 /D:2     /W-T4-1  /D:2     /W-F0-1  /T6-F0-1 /T6-F1-1 /D:3     /W-F3-1  
/D:3     /W-T4-1  /D:2     /W-T1-1  /D:1     /W-T2-1  /D:1     /W-T4-1  /T3-T4-1 /D:2     
/W-T0-1  /D:3     /W-T0-1  /T5-T0-1 /D:2     /W-F2-1  /T0-F2-1 /T6-F2-1 /T0-T6-3 /T5-T0-1 
/T6-T5-4 /T6-T0-1 /T5-T6-5 /T5-F0-1 /T5-F1-1 /T6-F1-1 /T6-F2-1 /D:3     /R       /D:1     
/W-T1-1  /D:1     /W-T0-1  /D:1     /W-T2-1  /T1-T2-3 /T1-F3-1 /T2-T1-7 /T2-T3-1 /T3-T2-2 
/T3-T1-1 /T2-T5-3 /D:2     /W-F0-1  /D:2     /W-F2-1  /D:1     /W-T3-1  /D:2     /W-T5-1  
/D:1     /W-T0-1  /T4-T0-5 /D:1     /W-F3-1  /D:1     /W-T5-1  /T3-T5-2 /D:1     /W-T2-1  
/T4-T2-1 /T4-F1-1 /T0-F1-1 /T5-F1-1 /T0-F0-1 /T0-F1-1 /T1-T5-1 /T1-F0-1 /T6-T0-3 /T6-F0-1 
/T5-T1-2 /T5-F1-1 /W-F1-1  /W-F3-1  /T0-F3-1 /T0-F2-1 /T1-F3-1 /T0-F3-1 /T1-F2-1 /T0-F2-1 
/T1-F3-1 /T0-F3-1 /T1-F0-1 /T5-F2-1 /T0-F2-1 /T1-F3-1 /T5-F1-1 /T5-F2-1 /T6-F0-1 /T0-F1-1 
/T1-F0-1 /T1-F1-1 /W-F3-1  /T0-F2-1 /T2-F0-1 /T0-F1-1 /T5-F3-1 /T1-F0-1 /T2-F3-1 /T5-F2-1 
"
1051274,d#gs#koe#UvqC#xZLHa#lMStXV#EiFfJIn#BhAyWOQDjuzRwpbcGmrYTPKN,122.500000,1938.000000,45.000000,0.602410,1,"
minimal: 0 / states: 124 / duration: 0.000129s
history:
/T4-F1-1 /T6-F2-1 /T3-T0-1 /T4-T5-1 /T2-T1-1 /T2-F2-1 /T3-T1-1 /T2-T4-1 /D:2     /W-T3-1  
/D:1     /W-F0-1  /W-F0-1  /T0-F0-1 /D:5     /W-F0-1  /D:3     /W-T2-1  /D:2     /W-T4-1  
/T5-T4-2 /D:1     /W-F2-1  /T1-F2-1 /D:1     /W-F1-1  /D:1     /W-F1-1  /T0-F1-1 /T1-F1-1 
/W-T1-1  /D:1     /W-T3-1  /D:1     /W-T0-1  /T4-T0-5 /D:1     /W-F2-1  /D:1     /W-T2-1  
/D:1     /W-T0-1  /T1-T0-2 /D:2     /W-T2-1  /D:1     /W-F3-1  /R       /D:1     /W-T4-1  
/T5-T4-1 /D:1     /W-T2-1  /T6-T2-1 /T6-T4-1 /T6-F1-1 /T6-T1-1 /T6-T4-1 /T6-F0-1 /T4-T6-5 
/T1-F0-1 /T1-F1-1 /T3-F0-1 /T5-T3-1 /T5-T3-1 /T5-T1-1 /T4-T5-1 /T5-T1-2 /D:1     /W-F3-1  
/D:2     /W-T1-1  /T3-T1-4 /T1-T3-2 /T1-F1-1 /T6-F1-1 /T3-T1-3 /D:2     /W-F3-1  /R       
/D:1     /W-F3-1  /T0-F3-1 /T0-F2-1 /T1-F3-1 /T0-F3-1 /T0-F0-1 /T1-F2-1 /T1-F3-1 /T2-F0-1 
/T0-F3-1 /T6-F0-1 /T2-F3-1 /T2-F0-1 /T6-F3-1 /T2-F3-1 /T0-T6-2 /T0-F0-1 /T1-T2-4 /T1-F0-1 
/T6-T0-3 /T6-F3-1 /D:1     /W-F2-1  /T2-F2-1 /T0-F2-1 /T2-F1-1 /T0-F1-1 /T2-F2-1 /T0-F2-1 
/T2-F1-1 /T0-F1-1 /T2-F2-1 
"
1051277,p#FN#kdg#fSMm#RyQLE#AVDanO#whsvJqK#PlcrtCHxIBbYWTojuGzieUXZ,143.500000,2646.000000,75.000000,0.460000,1,"
minimal: 0 / states: 148 / duration: 0.000151s
history:
/T1-F3-1 /T5-F3-1 /T5-F2-1 /T5-F1-1 /T1-T2-1 /T3-T1-1 /D:1     /W-F3-1  /D:1     /W-T3-1  
/T6-T3-1 /D:1     /W-T5-1  /D:7     /W-T5-1  /D:1     /W-F1-1  /D:2     /W-T3-1  /D:2     
/W-F2-1  /T0-F2-1 /T6-F2-1 /T3-T0-4 /T4-T3-1 /T4-T1-1 /T4-F3-1 /D:5     /W-T6-1  /D:1     
/W-T2-1  /T5-T2-3 /D:2     /W-T1-1  /T6-T1-2 /T6-T0-1 /W-T0-1  /D:1     /R       /D:1     
/W-F2-1  /T6-F2-1 /D:1     /W-T0-1  /T3-T0-2 /D:2     /W-T1-1  /T2-T1-6 /T2-T0-1 /W-T0-1  
/T2-T4-1 /D:6     /W-T5-1  /D:1     /W-T6-1  /T0-T6-4 /T0-F2-1 /T5-F2-1 /D:1     /W-T2-1  
/D:1     /R       /D:3     /W-T2-1  /D:3     /R       /D:1     /W-T2-1  /D:3     /W-T2-1  
/D:1     /R       /D:1     /W-T2-1  /T6-T2-6 /T5-T6-1 /T5-F0-1 /T1-F0-1 /T1-F1-1 /T2-F0-1 
/T1-F0-1 /T2-F1-1 /T1-F1-1 /T2-F0-1 /T3-F1-1 /T1-F0-1 /T1-F1-1 /T2-T0-2 /T2-F1-1 /T0-T2-3 
/T0-F2-1 /T1-T6-1 /T1-F1-1 /T2-T0-4 /T2-F1-1 /T4-F1-1 /T6-T1-2 /T6-F2-1 /T2-F2-1 /T4-F2-1 
/T4-F3-1 /T0-F3-1 /T0-F0-1 /T1-F0-1 /T0-T2-4 /T0-F1-1 /T2-T0-5 /T2-F2-1 /D:1     /W-F3-1  
/T0-F3-1 /T0-F0-1 /T1-F3-1 /T0-F3-1 /T1-F0-1 /T0-F0-1 /T1-F3-1 /T0-F3-1 /T1-F0-1 /T0-F0-1 
/T1-F1-1 /D:1     /W-F3-1  
"
1051297,I#Qe#Eic#rSAN#hOkHb#pMygaZ#qLmsxYG#FBKulWwDXJnjRCPdvfTotVzU,60.000000,228.000000,15.000000,1.081081,1,"
minimal: 0 / states: 123 / duration: 0.000111s
history:
/T3-F3-1 /T3-F0-1 /T3-T6-1 /T3-T6-1 /T5-T3-1 /T5-F1-1 /T4-F1-1 /T2-F1-1 /T4-T2-1 /T5-T2-1 
/T4-T5-1 /T4-F3-1 /T6-T4-3 /T5-T3-2 /T6-T5-1 /T6-T5-1 /T6-T2-1 /T1-T2-1 /T1-T4-1 /T6-T1-1 
/T6-T1-1 /T4-T0-5 /T5-T4-3 /T5-T0-1 /T6-T2-1 /D:2     /W-F0-1  /D:4     /W-T4-1  /T0-T4-7 
/D:1     /W-T3-1  /T2-T3-6 /D:2     /W-T1-1  /D:1     /W-T1-1  /D:1     /W-F2-1  /D:3     
/W-F0-1  /D:1     /W-F3-1  /D:1     /W-F1-1  /D:4     /W-F2-1  /T4-F2-1 /T3-F2-1 /T4-F3-1 
/T4-F2-1 /T3-F1-1 /T3-F2-1 /T2-T4-1 /D:1     /W-F2-1  /D:1     /W-T1-1  /D:1     /W-T0-1  
/D:1     /R       /D:1     /W-T3-1  /D:2     /W-F2-1  /D:1     /W-T0-1  /W-T0-1  /D:1     
/W-F0-1  /T4-F0-1 /T3-F0-1 /D:1     /W-T0-1  /D:1     /W-F3-1  /T4-F3-1 /T4-F0-1 /D:1     
/W-F2-1  /D:1     /W-F1-1  /T3-F1-1 /T4-F1-1 /T3-F0-1 /T3-F1-1 /T0-F1-1 /T3-F2-1 /T3-F1-1 
/T4-F0-1 /T4-T0-1 /T4-F2-1 /T3-F2-1 /T0-T4-2 /T0-F1-1 /T0-F2-1 /T1-T3-4 /T1-F1-1 /D:1     
/W-F3-1  /D:1     /W-F3-1  /T3-F3-1 /T3-F0-1 /T4-F3-1 /T3-F3-1 /T4-F0-1 /T3-F0-1 /T4-F3-1 
/T3-F3-1 /T4-F0-1 
"
1051309,Y#dL#eXl#QtIo#TfPwF#zSrukn#HsaBcJU#VgZNmqKphMbjOxyDGRCviAWE,144.000000,3655.000000,52.000000,0.593023,1,"
minimal: 0 / states: 120 / duration: 0.000123s
history:
/T5-F2-1 /T3-F2-1 /T6-T3-1 /T6-T5-1 /T5-T1-2 /D:1     /W-T1-1  /T5-T1-1 /D:1     /W-T1-1  
/T4-T1-1 /D:2     /W-F3-1  /D:3     /W-T0-1  /D:1     /W-F2-1  /W-F2-1  /T5-F2-1 /D:4     
/W-T0-1  /T3-T0-2 /T3-T0-1 /T5-T0-1 /T2-T5-1 /T4-T2-1 /D:1     /W-F3-1  /T4-F3-1 /T3-F3-1 
/D:1     /W-T5-1  /D:4     /W-F3-1  /T0-F3-1 /T4-T0-1 /T4-F3-1 /D:3     /W-T2-1  /D:1     
/W-F0-1  /D:1     /W-T5-1  /W-T5-1  /D:1     /W-T0-1  /R       /D:1     /W-T3-1  /T1-T3-7 
/T1-T0-1 /D:1     /W-T1-1  /D:1     /W-T5-1  /T0-T5-4 /T0-F3-1 /T3-T2-3 /T3-F3-1 /D:1     
/W-T4-1  /T0-T4-4 /D:2     /W-T1-1  /T2-T1-6 /T2-T1-1 /D:1     /W-T1-1  /T6-T1-1 /T6-F0-1 
/T6-F1-1 /W-F1-1  /T1-F1-1 /T6-F2-1 /T5-F1-1 /D:2     /W-F0-1  /T1-F0-1 /T1-F1-1 /T5-F0-1 
/T1-F0-1 /T5-F1-1 /T1-F1-1 /T5-F2-1 /T1-F2-1 /W-F0-1  /T5-F1-1 /T5-F2-1 /T6-F0-1 /T1-F1-1 
/T1-F2-1 /T4-F0-1 /T3-F0-1 /T4-F1-1 /T3-F1-1 /T5-F3-1 /T1-F3-1 /T4-F0-1 /T3-F0-1 /T5-F2-1 
/T1-F2-1 /T4-F3-1 /T3-F3-1 /T5-F1-1 /T1-F1-1 /T4-F0-1 /T5-F2-1 
"
1051345,E#xT#vHz#AdcO#hgywI#oDKqal#eGSjmsW#nXFCYifLMBRJVturUNbkpPZQ,169.000000,2402.000000,69.000000,0.508197,1,"
minimal: 0 / states: 136 / duration: 0.000138s
history:
/T5-T2-1 /T5-F1-1 /T4-T6-1 /D:1     /W-F2-1  /D:2     /W-T1-1  /D:3     /W-T4-1  /D:5     
/W-T1-1  /T5-T1-1 /T6-T5-2 /T5-T2-3 /D:4     /W-T4-1  /T1-T4-4 /D:2     /W-T2-1  /D:1     
/W-F3-1  /T3-F3-1 /T3-T4-1 /T3-T0-1 /T3-F0-1 /T2-T3-6 /D:1     /W-F1-1  /T4-F1-1 /T0-F1-1 
/D:3     /W-F3-1  /D:2     /W-F3-1  /R       /D:7     /W-F0-1  /D:3     /W-T3-1  /D:4     
/R       /D:2     /W-F0-1  /T5-F0-1 /T0-F0-1 /T5-F2-1 /T4-T6-2 /T4-F0-1 /T6-T4-3 /T6-T0-1 
/T6-T1-1 /T6-T3-1 /T6-F0-1 /T2-F0-1 /T6-F1-1 /T3-T2-3 /T3-F0-1 /T2-T1-4 /D:2     /W-F1-1  
/D:1     /W-T0-1  /D:1     /W-T2-1  /W-T2-1  /W-T0-1  /T4-T0-7 /T1-T2-6 /D:1     /W-F0-1  
/D:2     /W-T2-1  /D:1     /W-T4-1  /D:1     /W-F2-1  /T0-F2-1 /T0-F3-1 /T2-F2-1 /T0-F2-1 
/T2-F3-1 /T0-F3-1 /T2-F2-1 /T2-F3-1 /T0-F2-1 /W-F3-1  /T2-F2-1 /T3-F3-1 /T3-F0-1 /T0-T4-2 
/T0-F3-1 /T0-F0-1 /T4-T0-4 /T4-F1-1 /T4-F1-1 /T0-F1-1 /T0-F2-1 /T2-F1-1 /T0-F1-1 /T2-F2-1 
/T0-F2-1 /T2-F3-1 /T3-F1-1 /T0-F1-1 /T2-F0-1 /T3-F2-1 /D:1     /W-F3-1  
"
1051369,T#Qc#OzI#tjwo#frgbu#PiJRXa#DMVydSN#eZlWCpsFYEGUxAqnhKBmHvkL,139.000000,1660.000000,44.000000,0.636905,1,"
minimal: 0 / states: 122 / duration: 0.000134s
history:
/T5-F1-1 /T6-F3-1 /T3-T1-1 /T3-T5-1 /T2-T3-1 /T0-T4-1 /T2-T0-1 /T2-F3-1 /D:2     /W-T2-1  
/D:1     /W-T0-1  /D:4     /W-T4-1  /D:3     /W-T6-1  /D:2     /W-T3-1  /W-T3-1  /T6-T3-2 
/T6-T3-1 /T5-T6-2 /T5-T4-1 /T6-T2-3 /T4-T6-4 /T4-F1-1 /T6-T2-5 /W-T6-1  /W-T4-1  /W-T3-1  
/D:1     /W-T0-1  /T3-T0-8 /D:1     /W-F0-1  /D:1     /W-T2-1  /T1-T2-2 /W-T1-1  /D:1     
/W-F2-1  /T2-F2-1 /T0-F2-1 /T2-F1-1 /T0-F1-1 /T1-T0-2 /T6-T1-2 /T2-F2-1 /T6-T2-1 /D:2     
/W-T1-1  /D:1     /W-F0-1  /T0-F0-1 /T2-F0-1 /D:1     /W-T6-1  /D:4     /W-T6-1  /W-T6-1  
/T5-T6-1 /T5-T6-1 /T5-F3-1 /T0-F3-1 /T0-F0-1 /T2-F3-1 /T0-F3-1 /T4-F0-1 /T0-F0-1 /T2-T4-1 
/T2-F3-1 /T4-T2-2 /T4-F2-1 /T0-F3-1 /T2-F2-1 /T3-F2-1 /T2-T6-2 /T2-F3-1 /R       /D:1     
/W-F1-1  /T4-F1-1 /T6-F1-1 /T6-F2-1 /D:1     /W-F3-1  /D:1     /W-F1-1  /T6-F1-1 /D:1     
/W-F0-1  /T0-F0-1 /T6-F0-1 /T0-F1-1 /T1-F0-1 /T6-F1-1 /T6-F0-1 /T0-T1-1 /T0-F1-1 /T6-F1-1 
/T1-T0-2 /T1-F0-1 /D:1     /W-F2-1  /T2-F2-1 /T0-F2-1 /T2-F3-1 /T0-F3-1 /T2-F2-1 /T0-F2-1 
/T2-F3-1 
"
1051585,y#Dm#oRY#qwNM#AvQzs#Ptpurn#elfVIZk#OXCUdhjHSacGKEWJibLTFBgx,123.500000,1079.000000,51.000000,0.541176,1,"
minimal: 0 / states: 130 / duration: 0.000138s
history:
/T5-F2-1 /T6-T0-1 /T2-T3-1 /T2-T4-1 /T2-F2-1 /T6-T2-1 /T0-T1-2 /T3-T0-2 /T3-F3-1 /T3-T1-1 
/T3-T4-1 /T1-T3-4 /D:1     /W-F3-1  /D:3     /W-T6-1  /D:1     /W-T5-1  /W-T5-1  /D:5     
/W-F1-1  /D:1     /W-T1-1  /D:1     /W-T6-1  /W-T6-1  /T5-T6-3 /D:1     /W-T0-1  /D:2     
/W-T0-1  /T6-T0-7 /T5-T6-1 /T5-F2-1 /T6-T3-2 /T6-T5-1 /T4-F2-1 /W-T5-1  /T0-T5-2 /T0-F2-1 
/T1-T4-2 /D:3     /W-F1-1  /T4-F1-1 /D:1     /W-T2-1  /D:1     /W-T3-1  /T4-T3-3 /T4-T1-1 
/T6-T1-1 /F2-T0-1 /T4-T0-1 /T5-T0-1 /T5-F1-1 /T6-F1-1 /T0-T5-2 /T0-F2-1 /T5-T0-3 /T5-F1-1 
/D:3     /W-F1-1  /D:1     /W-T1-1  /R       /D:1     /W-T2-1  /D:1     /W-T4-1  /T5-T4-1 
/T5-F3-1 /D:1     /W-T1-1  /T4-T1-3 /T4-F0-1 /D:2     /W-T2-1  /D:1     /W-T2-1  /W-T2-1  
/D:2     /W-F0-1  /T0-F0-1 /T0-F3-1 /T3-F0-1 /T0-F0-1 /T3-F3-1 /T0-F3-1 /T3-F2-1 /T1-F2-1 
/W-F0-1  /T0-F0-1 /T1-F1-1 /T3-F3-1 /T0-F3-1 /T2-F0-1 /T0-F0-1 /T3-F2-1 /T1-F2-1 /T2-F1-1 
/T1-F1-1 /T3-F3-1 /T0-F3-1 /T2-F0-1 /T0-F0-1 /T3-F2-1 /T1-F2-1 /T2-F3-1 /T0-F3-1 /T3-F1-1 
/T1-F1-1 /T2-F0-1 /T0-F0-1 /T3-F2-1 /T1-F2-1 /T2-F3-1 /T3-F1-1 
"
1051651,w#zW#bZL#onJX#AcpUi#TQIVvg#ESjyxFt#GHfKkBauNeYlPMOrRmCDqdsh,111.000000,618.000000,45.000000,0.608911,0,"
minimal: 0 / states: 5648866 / duration: 14.882296s
history:
/D:3     /W-T6-1  /D:4     /W-F1-1  /D:1     /W-T4-1  /T4-T0-2 /D:1     /W-F3-1  /T6-T4-2 
/D:1     /W-T6-1  /D:5     /W-F3-1  /D:1     /W-T4-1  /T3-T2-1 /T3-T2-1 /T3-F2-1 /T3-F2-1 
/T5-T0-1 /T5-T1-1 /T5-T2-1 /T4-T5-4 /T4-F2-1 /D:2     /W-T3-1  /D:3     /W-T6-1  /T4-T6-1 
/T4-F0-1 /T2-T3-4 /T2-T4-1 /T2-F1-1 /T6-F1-1 /T6-F2-1 /T5-F2-1 /D:1     /W-F1-1  /T6-F1-1 
/T5-F1-1 /T0-F1-1 /D:1     /W-F2-1  /T5-F2-1 /T0-F2-1 /T1-F2-1 /D:1     /W-F1-1  /T0-F1-1 
/T0-F2-1 /T5-T1-2 /R       /D:1     /W-T1-1  /D:4     /W-F0-1  /D:3     /W-F3-1  /T5-F3-1 
/T6-T5-1 /T6-F2-1 /T6-F2-1 /T6-F1-1 /D:1     /W-T0-1  /D:1     /W-F3-1  /T6-F3-1 /D:1     
/W-F0-1  /D:1     /W-F0-1  /T6-F0-1 /T5-F0-1 /T1-F0-1 /T5-F3-1 /T1-F3-1 /T3-F3-1 /R       
/D:1     /W-F0-1  /T1-F0-1 /T1-F3-1 /T3-F0-1 /T3-F3-1 /T1-F2-1 /D:1     /W-F0-1  /T3-F0-1 
/T0-F0-1 /D:1     /W-F1-1  /D:1     /W-F3-1  /T4-F3-1 /D:1     /W-F1-1  /T3-F1-1 
"
1051652,n#Al#UDZ#EBua#HtNsb#eYocWg#TfhqprJ#iKzxXQmLPSMCGdjvFIkyOwVR,98.000000,1133.000000,39.000000,0.733333,1,"
minimal: 0 / states: 114 / duration: 0.000128s
history:
/T0-F2-1 /T3-F1-1 /T4-F1-1 /T5-T3-1 /T4-T3-1 /T4-F3-1 /T2-T0-1 /D:1     /W-T6-1  /T3-T6-3 
/D:1     /W-T1-1  /T5-T1-1 /T5-F1-1 /T5-F2-1 /F1-T2-1 /T3-T2-1 /D:2     /W-T5-1  /D:2     
/W-T3-1  /D:2     /W-T0-1  /D:2     /W-T4-1  /T3-T4-2 /D:1     /W-T3-1  /T1-T3-3 /T1-F0-1 
/T2-F0-1 /T2-F1-1 /W-T2-1  /W-T1-1  /W-T0-1  /T6-T0-5 /D:1     /W-F0-1  /D:2     /W-F1-1  
/D:1     /W-T5-1  /D:1     /W-T3-1  /D:2     /W-T5-1  /D:2     /W-T1-1  /W-T1-1  /D:1     
/W-F3-1  /T2-F3-1 /T2-F0-1 /T4-T2-4 /T2-F3-1 /T2-F0-1 /T6-T2-1 /T6-F2-1 /T6-F2-1 /T2-F2-1 
/T6-T3-1 /T0-F2-1 /W-F0-1  /W-T3-1  /T6-T3-1 /T2-T5-3 /W-T2-1  /T5-T2-7 /T5-F1-1 /T3-F1-1 
/T0-F1-1 /T3-F0-1 /T3-F1-1 /T4-F0-1 /T2-T3-3 /T2-F0-1 /T6-T0-1 /D:1     /W-T1-1  /T0-T1-3 
/T0-F0-1 /D:2     /W-F3-1  /T3-F3-1 /T1-F3-1 /T3-F2-1 /T1-F2-1 /T1-F1-1 /T3-F3-1 /T3-F2-1 
/T2-F1-1 /W-F3-1  /T1-F2-1 /T1-F1-1 /T3-F3-1 /T0-F3-1 /T2-F2-1 /T1-F2-1 /T3-F0-1 /T0-F0-1 
/T2-F3-1 /T0-F3-1 /T3-F1-1 /T1-F1-1 /T2-F2-1 /T3-F0-1 
"
1051663,A#Ec#YLp#tDZC#ITiOx#zWhnsa#fUrulXS#JGFMvqKgjRBNkPywHmdVoebQ,105.500000,1490.000000,55.000000,0.601064,1,"
minimal: 0 / states: 130 / duration: 0.000129s
history:
/T0-F0-1 /T5-F1-1 /D:4     /W-T0-1  /D:5     /W-T4-1  /D:1     /W-T5-1  /D:1     /W-F0-1  
/T3-F0-1 /D:1     /W-F3-1  /D:3     /W-T3-1  /D:6     /W-T1-1  /D:2     /W-F1-1  /D:1     
/R       /D:4     /W-T4-1  /D:1     /W-T5-1  /T1-T5-2 /T1-T6-1 /T3-T1-2 /T3-F0-1 /T6-T3-2 
/T6-T1-1 /T4-T6-3 /T4-F3-1 /T6-T0-4 /T6-T4-1 /T3-F0-1 /T6-T3-1 /T6-T0-1 /W-F0-1  /W-F0-1  
/W-T1-1  /T4-T1-2 /T5-T4-5 /T5-F2-1 /T4-F2-1 /T2-F2-1 /T4-F1-1 /T4-T1-4 /T5-T4-1 /T1-F2-1 
/T3-F2-1 /T3-T0-2 /T4-T5-2 /D:3     /W-T2-1  /D:1     /W-F3-1  /D:1     /W-T2-1  /D:1     
/W-F0-1  /D:1     /W-T3-1  /T2-T3-3 /D:1     /W-F1-1  /D:1     /W-T3-1  /D:1     /W-F1-1  
/T6-F1-1 /W-F1-1  /W-T2-1  /T5-T2-3 /T2-F1-1 /T2-F0-1 /T1-T3-4 /T1-F1-1 /T1-F0-1 /T0-T2-4 
/T0-F1-1 /T2-T0-5 /T2-F0-1 /T3-T1-6 /T3-F1-1 /T3-F0-1 /T0-T2-6 /T0-F1-1 /T0-F0-1 /T3-F1-1 
/T2-T5-7 /D:1     /W-F3-1  /T1-F3-1 /T1-F2-1 /T5-F3-1 /T1-F3-1 /T5-F2-1 /T1-F2-1 /T5-F3-1 
/T1-F3-1 /T5-F2-1 /T1-F2-1 /T5-F3-1 /T1-F3-1 /T5-F2-1 /T1-F2-1 /T5-F3-1 /T1-F3-1 /T5-F2-1 
"
1051718,R#Ot#ueW#xcLb#Uoysh#Mjvmgz#FCpJXfa#qnwQISNTPAElrHBiKZVkGdYD,169.500000,1924.000000,47.000000,0.595960,1,"
minimal: 0 / states: 118 / duration: 0.000114s
history:
/T6-F1-1 /T3-F1-1 /T6-T1-1 /T6-T3-1 /T6-T3-1 /T1-T4-2 /T1-T6-1 /T5-T1-1 /D:1     /W-T0-1  
/D:1     /W-F2-1  /D:3     /W-T2-1  /T4-T2-3 /T4-T5-1 /T0-T5-2 /D:2     /W-F3-1  /T6-F3-1 
/D:2     /W-F3-1  /D:1     /W-F0-1  /D:1     /W-T2-1  /D:1     /W-T1-1  /D:3     /W-F0-1  
/D:1     /W-T3-1  /W-T3-1  /T5-T3-4 /T5-T0-1 /T3-T0-9 /T3-F1-1 /T2-T3-6 /T3-T1-7 /D:2     
/W-T3-1  /T4-T3-1 /T4-F2-1 /T6-F2-1 /T0-F2-1 /T6-F0-1 /T2-T6-1 /T4-T5-1 /D:2     /W-T3-1  
/D:1     /W-T5-1  /D:1     /W-F1-1  /T6-F1-1 /D:2     /W-F0-1  /T1-F0-1 /T1-F1-1 /T6-F0-1 
/T5-F0-1 /T0-T2-3 /T0-F0-1 /T2-T0-4 /R       /D:1     /W-T3-1  /D:1     /W-F3-1  /T0-F3-1 
/D:1     /W-F3-1  /D:1     /W-F3-1  /T5-F3-1 /T1-T5-2 /T1-F0-1 /T5-T1-3 /T0-T3-4 /T0-F0-1 
/D:1     /W-F2-1  /T3-F2-1 /T1-F2-1 /T3-F1-1 /T1-F1-1 /T3-F2-1 /T1-F2-1 /T3-F1-1 /T5-F1-1 
/T3-F2-1 /T3-F1-1 /D:1     /W-F0-1  /T0-T3-1 /T0-F0-1 /T5-F0-1 /D:1     /W-F3-1  /T1-F3-1 
/T1-F2-1 /T1-F1-1 /T3-F3-1 /T3-F2-1 /T0-F1-1 /T1-F2-1 /D:1     /W-F3-1  /T3-F3-1 
"
1051755,a#gS#rlj#oqeL#WhkYC#isANUv#OKTftzH#RVIXFGZPcQBudJMDEwpnmbyx,175.500000,1474.000000,56.000000,0.554054,1,"
minimal: 0 / states: 126 / duration: 0.000127s
history:
/T0-F1-1 /T5-T2-1 /T5-T2-1 /T5-F3-1 /T5-F0-1 /D:1     /W-T5-1  /D:3     /W-T3-1  /D:2     
/W-T2-1  /T1-T2-1 /T5-T1-2 /T6-T5-1 /T6-T0-1 /T1-T5-3 /D:1     /W-T1-1  /T3-T1-2 /D:4     
/W-F0-1  /T4-F0-1 /T4-T0-1 /D:3     /W-T1-1  /T5-T1-5 /D:1     /W-T5-1  /D:1     /W-F0-1  
/D:1     /W-F0-1  /D:1     /W-T4-1  /D:2     /W-F2-1  /D:2     /W-F1-1  /D:2     /W-T0-1  
/T2-T0-5 /T2-T5-1 /T2-T0-1 /R       /D:1     /W-T4-1  /D:2     /W-F0-1  /T0-T6-2 /T0-F0-1 
/T6-T0-3 /D:2     /W-F1-1  /D:1     /W-T0-1  /D:1     /W-T4-1  /T1-T4-3 /T1-F0-1 /D:1     
/W-F1-1  /T3-F1-1 /T6-F1-1 /T3-T4-1 /T3-F2-1 /F0-T1-1 /T6-T1-1 /T6-T5-1 /T6-F3-1 /W-F3-1  
/T0-F3-1 /T4-T1-3 /T4-F1-1 /T1-T4-4 /T1-F0-1 /W-F0-1  /D:1     /W-F2-1  /T4-F2-1 /T0-F2-1 
/T4-F3-1 /T0-F3-1 /T4-F2-1 /T0-F2-1 /T4-F3-1 /T0-F3-1 /T4-F2-1 /T4-F3-1 /T0-F2-1 /T4-F2-1 
/T0-T5-1 /T0-F2-1 /D:1     /W-T2-1  /D:1     /W-T2-1  /T4-T2-1 /T4-F1-1 /T1-F1-1 /T1-F0-1 
/T4-F3-1 /T1-F3-1 /T5-F1-1 /T2-F1-1 /T2-F2-1 /T5-F0-1 /T0-F3-1 /T1-F0-1 /T1-F3-1 /T5-F1-1 
/T0-F2-1 /T2-F1-1 /T5-F0-1 
"
1051886,Q#MS#EKr#xcoO#JRDyw#vBlPhN#GYduznV#jWsTFICtkeXLiUpamAfqHbZg,143.500000,2347.000000,52.000000,0.614130,1,"
minimal: 0 / states: 125 / duration: 0.000125s
history:
/T5-F3-1 /T3-F3-1 /T6-T4-1 /T6-F2-1 /T3-F2-1 /T2-T1-1 /T0-T1-1 /T6-T0-1 /T6-T4-1 /D:1     
/W-T2-1  /D:3     /W-T4-1  /W-T4-1  /D:2     /W-T2-1  /T5-T2-1 /T5-F3-1 /T5-T0-1 /T2-T0-4 
/T6-T2-1 /T5-T3-1 /T1-F3-1 /D:1     /W-T2-1  /D:1     /W-T0-1  /T1-T0-2 /T6-T1-1 /D:2     
/W-T4-1  /D:4     /W-T5-1  /T6-T5-1 /D:1     /W-F2-1  /D:1     /W-F1-1  /D:1     /W-T6-1  
/D:1     /W-F0-1  /T3-F0-1 /T2-F0-1 /D:1     /W-T5-1  /T2-T5-2 /D:1     /W-T4-1  /T3-T4-1 
/T3-T1-1 /D:2     /W-F1-1  /T4-F1-1 /T4-F2-1 /T5-F1-1 /T0-F2-1 /T4-F1-1 /T4-F2-1 /T5-T0-1 
/T5-F1-1 /T0-T5-2 /T0-F2-1 /D:1     /W-T2-1  /D:1     /W-F1-1  /T0-F1-1 /R       /D:1     
/W-T1-1  /T5-T1-5 /D:1     /W-T4-1  /D:3     /W-T2-1  /W-T2-1  /T4-T2-5 /T4-T6-1 /T4-F0-1 
/T1-F0-1 /T4-F3-1 /T1-F3-1 /T2-F0-1 /T1-F0-1 /T2-F3-1 /T1-F3-1 /T2-F2-1 /T1-F2-1 /T2-F3-1 
/T1-F3-1 /T2-F2-1 /T1-F2-1 /T2-F3-1 /T1-F3-1 /T6-F2-1 /T0-T1-4 /T0-F2-1 /T2-T6-1 /T2-F3-1 
/W-T6-1  /T4-T6-1 /D:1     /W-F1-1  /D:1     /W-F0-1  /T1-F0-1 /T1-F1-1 /T6-F0-1 /T1-F0-1 
/T6-F1-1 /T1-F1-1 /T6-F0-1 /T1-F0-1 /T6-F1-1 
"
1051919,m#NG#ZyY#srJx#QvzEF#THuoOh#DeSXkWL#VjpnIRilUcgPqBCdawfKMbAt,152.500000,2153.000000,44.000000,0.730392,1,"
minimal: 0 / states: 111 / duration: 0.000106s
history:
/T6-T0-1  /T6-T3-1  /T6-T0-1  /T3-T2-2  /T3-T0-1  /T1-T5-1  /T1-F3-1  /D:1      /W-T0-1   /D:3      
/W-F2-1   /D:1      /W-T2-1   /T5-T2-2  /T5-F3-1  /T5-F2-1  /T5-T0-1  /W-F2-1   /D:1      /W-T4-1   
/D:5      /W-T0-1   /T4-T0-2  /D:1      /W-F3-1   /D:1      /W-F2-1   /T3-F2-1  /T3-F2-1  /D:3      
/W-T4-1   /W-T4-1   /D:1      /W-F1-1   /D:1      /W-T6-1   /D:1      /W-T2-1   /T4-T2-3  /T2-T4-10 
/T6-T2-2  /T4-T1-11 /D:2      /W-T3-1   /D:1      /W-F1-1   /D:1      /W-F0-1   /D:1      /W-F2-1   
/T0-T5-3  /T0-F2-1  /T4-F2-1  /T5-T0-4  /T2-F2-1  /T4-F3-1  /T0-F3-1  /T6-F3-1  /T6-T0-1  /T5-F3-1  
/T6-T0-1  /R        /D:3      /W-T3-1   /D:1      /W-F3-1   /D:1      /W-F1-1   /D:1      /W-F0-1   
/T1-F0-1  /T0-F0-1  /T1-F1-1  /T0-F1-1  /T1-F0-1  /T0-F0-1  /T1-F1-1  /T0-F1-1  /T1-F0-1  /T0-F0-1  
/T0-F3-1  /T1-F1-1  /T1-F0-1  /T1-F3-1  /W-F1-1   /T0-F0-1  /T2-F3-1  /W-F1-1   /T0-F1-1  /T1-F2-1  
/T2-F2-1  /T1-F3-1  /T1-F2-1  /T2-F3-1  /T3-F1-1  /D:1      /W-F0-1   /T0-F0-1  /T0-F1-1  /T3-F0-1  
"
1051938,d#nm#wgL#EDSi#QOIsK#Xzxcpj#uNCeBWh#RAPYafblHvtJroUqyGZkTVMF,161.500000,4560.000000,49.000000,0.616162,1,"
minimal: 0 / states: 121 / duration: 0.000115s
history:
/T5-T4-1 /T5-T0-1 /T2-T1-1 /D:2     /W-F0-1  /D:3     /W-F1-1  /D:2     /W-F1-1  /T5-F1-1 
/D:2     /W-T3-1  /T2-T3-1 /T3-T2-3 /D:1     /W-T4-1  /T6-T4-1 /T6-T5-1 /T6-F0-1 /D:1     
/W-T4-1  /T3-T4-1 /T3-T6-1 /T0-T3-2 /T1-T0-2 /T1-F2-1 /T3-T4-3 /D:3     /W-F2-1  /T4-F2-1 
/T4-F1-1 /D:2     /W-F2-1  /D:3     /W-T1-1  /D:1     /W-T0-1  /T2-T0-4 /D:3     /W-T2-1  
/D:1     /W-T0-1  /T6-T0-2 /T6-F0-1 /T6-F3-1 /T0-F0-1 /T0-F1-1 /T4-F0-1 /T0-F0-1 /R       
/D:3     /W-T2-1  /T4-T2-6 /T4-T0-1 /T4-T5-1 /T4-F3-1 /W-F3-1  /T4-F3-1 /W-F3-1  /T2-F3-1 
/D:1     /W-F1-1  /D:3     /W-F2-1  /T0-F2-1 /T0-F1-1 /T2-F2-1 /T2-F1-1 /T6-F2-1 /T2-F2-1 
/D:1     /W-T5-1  /D:1     /W-T1-1  /D:1     /W-F0-1  /T0-F0-1 /T0-F1-1 /T0-F2-1 /T2-F1-1 
/T5-T2-3 /T5-F2-1 /T5-T3-1 /T0-F1-1 /T1-F2-1 /T3-F2-1 /W-T5-1  /W-F1-1  /T0-T1-1 /T0-F1-1 
/T5-T1-2 /D:1     /W-F3-1  /T2-F3-1 /T2-F0-1 /T1-F0-1 /D:1     /W-F3-1  /T2-F3-1 /T1-F3-1 
/T2-F0-1 /T1-F0-1 /T2-F3-1 /T1-F3-1 /T2-F0-1 
"
1060175,n#Fa#ufW#ZiCJ#KvLtE#YNhgPU#zTrdwQX#mkBsGlojMVDyqRHxpScAIbOe,155.500000,1936.000000,43.000000,0.644444,1,"
minimal: 0 / states: 120 / duration: 0.000122s
history:
/T0-F2-1  /T1-F1-1  /T3-T6-1  /D:1      /W-T0-1   /D:4      /W-T5-1   /D:2      /W-F2-1   /D:3      
/W-T6-1   /D:2      /W-T0-1   /T6-T0-3  /T6-T4-1  /T3-T4-1  /T3-T6-1  /D:2      /W-T1-1   /W-T1-1   
/D:1      /W-T0-1   /D:2      /W-F2-1   /T1-F2-1  /D:1      /W-T5-1   /T4-T5-3  /D:2      /W-F0-1   
/D:1      /W-T2-1   /T5-T2-6  /F2-T1-1  /T5-T1-1  /T5-T0-1  /T4-T5-1  /T4-T3-1  /T5-T4-2  /T5-F3-1  
/T1-T0-4  /D:1      /W-F1-1   /W-F1-1   /W-T5-1   /T2-T5-8  /T2-T4-1  /T2-T6-1  /D:1      /W-F3-1   
/T0-F3-1  /T0-F2-1  /W-T0-1   /W-T1-1   /T5-T1-10 /D:1      /R        /D:1      /W-T3-1   /T6-T3-3  
/T6-F1-1  /T6-F2-1  /T6-T3-1  /D:1      /W-F0-1   /T1-F0-1  /T0-F0-1  /T1-F3-1  /T0-F3-1  /T1-F0-1  
/T1-F3-1  /T0-F0-1  /T1-F0-1  /T3-F3-1  /T1-F3-1  /T0-T3-1  /T0-F0-1  /T0-F3-1  /T1-F0-1  /T4-T1-4  
/T0-F0-1  /T4-F0-1  /D:1      /W-F2-1   /D:1      /W-T6-1   /D:2      /W-F1-1   /T1-F1-1  /T1-F2-1  
/T3-F1-1  /T1-F1-1  /T3-F2-1  /T1-F2-1  /T1-F3-1  /T3-F1-1  /T3-F2-1  /T0-F3-1  /W-F1-1   /T1-F2-1  
/T1-F3-1  /T3-F1-1  /T0-F2-1  /T3-F0-1  /T3-F3-1  /T6-F1-1  /T0-F1-1  /T1-F0-1  /T6-F2-1  
"
1060842,d#Zq#ECv#KuNA#VIzPs#ktQFWB#pwYbRyJ#LnfDriUXcTMlOxeomhHGgSja,115.500000,2228.000000,48.000000,0.635870,1,"
minimal: 0 / states: 117 / duration: 0.000132s
history:
/T3-F0-1 /T3-F3-1 /T5-F0-1 /T2-T5-1 /T2-F0-1 /T0-T2-1 /D:2     /W-F2-1  /D:2     /W-F0-1  
/D:2     /W-T6-1  /T3-T6-1 /T5-T3-2 /D:1     /W-T3-1  /D:2     /W-T1-1  /D:1     /W-T6-1  
/T4-T6-1 /D:1     /W-T0-1  /D:1     /W-T0-1  /T3-T0-4 /D:1     /W-F3-1  /T4-F3-1 /T4-T3-1 
/D:2     /W-T5-1  /T1-T5-2 /D:1     /W-F2-1  /D:2     /W-T4-1  /D:2     /W-T0-1  /D:2     
/W-T0-1  /T2-T0-2 /D:2     /W-F1-1  /R       /D:1     /W-T1-1  /D:3     /W-T1-1  /T6-T1-5 
/D:2     /W-T2-1  /T6-T2-1 /T6-T1-1 /T6-F1-1 /T5-F1-1 /T6-T3-1 /T0-F1-1 /T0-F0-1 /T5-T1-1 
/T5-F1-1 /T5-F0-1 /T5-F3-1 /T5-T4-1 /T6-T5-1 /T6-F2-1 /T1-F2-1 /T1-F3-1 /T0-F3-1 /T0-F0-1 
/W-T3-1  /W-F2-1  /T1-F2-1 /T1-F3-1 /W-F1-1  /T4-F2-1 /T0-F3-1 /T1-F2-1 /T0-F2-1 /T4-T0-2 
/T4-F3-1 /T5-F2-1 /T3-F2-1 /T2-F2-1 /D:1     /W-F0-1  /D:1     /W-F1-1  /T0-F1-1 /T0-F0-1 
/T0-F3-1 /T1-F1-1 /T1-F0-1 /T1-F3-1 /T0-F0-1 /T3-F3-1 /T1-F0-1 /T1-F3-1 /T3-F2-1 /D:1     
/W-F1-1  /T5-F1-1 /T0-F1-1 /T0-F0-1 /T2-F1-1 
"
1070775,m#qN#JGI#sDEy#dtUFc#ZoYTla#pAhVPzj#kQSOrguvnXLHxwRMBiKCfWeb,105.500000,989.000000,45.000000,0.635135,1,"
minimal: 0 / states: 123 / duration: 0.000123s
history:
/T1-F3-1  /T5-F1-1  /T4-T1-1  /T3-T0-1  /T2-T6-1  /D:1      /W-T0-1   /D:1      /W-T3-1   /D:1      
/W-T2-1   /T3-T2-2  /D:1      /W-F3-1   /D:5      /W-F2-1   /D:4      /W-T5-1   /T6-T5-2  /T5-T6-4  
/T4-T5-1  /T4-T6-1  /T2-T6-4  /T2-T0-1  /T6-T2-10 /T6-F3-1  /T6-T0-1  /T4-T6-1  /W-T0-1   /T5-T0-2  
/T2-F3-1  /T4-T2-1  /D:2      /W-T0-1   /T3-T0-1  /D:1      /W-T4-1   /T5-T4-1  /T5-F2-1  /D:1      
/W-T1-1   /D:2      /W-T4-1   /D:1      /W-T2-1   /D:1      /W-T6-1   /D:1      /W-T4-1   /D:1      
/W-T3-1   /T0-T3-1  /T0-F3-1  /T2-T6-3  /T2-F3-1  /D:1      /W-F1-1   /R        /D:4      /W-T4-1   
/T6-T4-6  /T6-F0-1  /T1-F0-1  /T1-F1-1  /T4-F0-1  /T3-F0-1  /T6-F2-1  /T1-F2-1  /T4-F1-1  /T3-F1-1  
/T4-F0-1  /T0-F0-1  /T0-F3-1  /T2-F0-1  /T0-F0-1  /T2-F3-1  /T0-F3-1  /T2-F0-1  /T0-F0-1  /T4-F1-1  
/T4-T2-3  /T4-F3-1  /T4-F0-1  /D:1      /W-F3-1   /T4-F3-1  /T5-F3-1  /D:1      /W-F0-1   /T4-F0-1  
/D:1      /W-T0-1   /D:1      /W-T0-1   /W-T0-1   /W-F1-1   /W-F2-1   /T3-F2-1  /T2-F2-1  /T0-F2-1  
/T2-F1-1  /T0-F1-1  /T2-F2-1  /T0-F2-1  /T2-F1-1  /T0-F1-1  /T2-F2-1  /T0-F2-1  /T2-F1-1  /T0-F1-1  
/T2-F2-1  
"
