id,seed,forcedness,compression_score,stagnation,efficiency,auto_move_flag
16010001,n#Lm#zpo#JjKl#feGih#sEvWqN#aAbtCQc#RgXHTDwUxuYMrZVFOBSIykPd,117.000000,1123.000000,35.000000,0.715190,1
16010422,p#rD#kRG#iznT#OjPKq#hufMaH#JIyXNWU#QCdblextVYFgvSZEwocAsLBm,164.500000,2979.000000,59.000000,0.562500,1
16010423,Q#aK#YPr#IRXf#tvFBC#GjOwqJ#NoLsbVm#MZxSylDThAEzeucWpgUkniHd,138.000000,4005.000000,56.000000,0.544444,1
16010424,O#Ju#oWn#ePYq#DVHwr#kyKmpv#ZhjBsTd#AcRCxMizXlGbNtgaIUQfLEFS,169.500000,2455.000000,53.000000,0.565000,1
16010425,Y#hG#CDz#mkUc#NnMVa#itpgZv#HdTAFQL#jPWlIKxoufbRqrBeySEwXOJs,123.500000,2811.000000,49.000000,0.583333,1
16010426,t#po#bZA#MUFI#qWvrx#sYBgQL#DmGROjn#XCuVSahPzEHwlJckiyeKfdTN,163.500000,2807.000000,52.000000,0.578125,1
16010427,Z#RX#Erq#oIDc#SikOJ#hdWBPp#jKfnxlQ#seNyHTMVAYUFLgGmtbuvawCz,164.000000,3637.000000,58.000000,0.583333,1
16010428,q#oX#fGE#FlcS#NnVMh#DUWKgy#QueJwId#BjCPrsptmAzkTYbZLHxRvaOi,147.000000,4280.000000,63.000000,0.509901,1
16010429,d#eB#lEJ#KqMV#ZcLAu#CaGUgm#rDsRtNz#kpbXPfWYTQFIonvOjhiyxwSH,151.000000,1462.000000,60.000000,0.520833,1
16010430,B#Le#YzE#IvHU#MPoJG#itpbsd#ZKlwCQx#jOXgqRySAhmnTFDfcNuVkaWr,137.500000,3004.000000,49.000000,0.673469,1
16010431,B#NG#hnd#QFbD#clEiP#YmfeMu#UgWtLsk#vpRXJHjrSzTZOyqoIVKwxACa,123.000000,2850.000000,37.000000,0.677632,1
16010432,Z#aL#RtJ#VfGh#ECobX#yiwzrc#eWdjsMp#vKAQPmluHnOSDkFNxgTBUIYq,142.500000,2269.000000,47.000000,0.605263,1
16010433,w#dt#xIa#PKQU#spfmH#DbhqiY#cEoeNnX#rVBTGjkZSAFOCWJgyLzMuvlR,125.000000,1230.000000,54.000000,0.582353,1
16010434,n#GL#zEa#SyfM#BQNgs#lxXwiP#WvquROC#AcoKUrmbpDFIdhjekHTJVtZY,186.500000,2886.000000,54.000000,0.566667,1
16010435,P#gt#efs#IaLu#dvWkR#BpoDYJ#UlwmOiN#VhyxrQKCjMGcbnSTZzXFEAHq,140.000000,2879.000000,48.000000,0.620879,1
16010436,R#Zm#eDn#OPUv#TMgNf#jdpBEJ#wXCAktc#zxIuLVoqYiGQSabsWHlrFhKy,112.000000,3570.000000,63.000000,0.528090,1
16010421,U#JZ#Suq#AzcR#OBwga#tenjVl#IdFMpDQ#KWfLTsNxGiPmEYCvyhkXbHro,124.500000,2926.000000,50.000000,0.564935,1
16010420,T#Gq#oJV#MPvX#ApmYt#WSQyRU#Okgazcx#edbKjHhBIDNfCrELinwusFZl,108.000000,2016.000000,40.000000,0.664062,1
16010419,x#hW#DtU#TzwH#feGmO#bYAXsP#oKanCkN#QrIuvSJVBZERljpiFqcLMygd,114.500000,1969.000000,60.000000,0.511364,1
16010418,c#wv#xJN#SKQs#kEAmD#OfqVPh#UgZejTl#pnzXCYoMuiadFHGryLtWRBbI,88.000000,1332.000000,33.000000,0.700000,1
16010402,j#HL#Tat#qpFx#DkguG#rbovEX#yfJmZeM#OhlcBViUWnYCsQAzPwNdRIKS,123.000000,1717.000000,64.000000,0.462366,1
16010403,z#Tp#hVO#XnJD#clGZQ#oIbERH#xaFsStM#ueLgdUYNCyvqBWwPmAKfrikj,141.000000,2076.000000,62.000000,0.494845,1
16010404,Y#TQ#pZW#HNca#GPByq#JMXxjK#SLrtVfz#nlmwkihDdOgEuIUvReoFsbCA,150.000000,1380.000000,51.000000,0.644860,1
16010405,K#di#GCD#yXrL#ukalc#qjHRNM#Zmegpot#AsnPFIExvWSfYBQzwTOUVJbh,150.000000,3201.000000,45.000000,0.613402,1
16010406,X#WZ#aRo#JGuN#FHwLT#qApgyh#KdMUBrx#fOSbPmizncYtlVkCsvQjeEID,117.500000,1507.000000,46.000000,0.615385,1
16010407,V#ih#zLa#sPTR#KmEYD#lvGtqc#HpIkSFu#eXWZAbOyxBUCJdjQMNnorwfg,111.500000,1099.000000,29.000000,0.730769,1
16010408,J#Pj#FEA#fyUN#hWtmg#vkiqQd#lcSTbHZ#GVwxDOXKnYBIopaMeCusLRrz,124.000000,744.000000,49.000000,0.608696,1
16010437,r#qz#VME#ocgl#YLNhK#dDCbUm#ZxjtXOy#IQHkBWPGRSTJuvsnaAfFpewi,169.000000,1620.000000,54.000000,0.558252,1
16010409,b#KF#jML#fyPt#UJOTa#wgiVrA#YDdEqvu#lxSnCXNIZszHpeRmGckoQWBh,127.000000,844.000000,46.000000,0.655914,1
16010411,x#hV#qYK#sJnW#lgwzT#MjSGpe#yuERFfv#NkrHCtiBaUoXLPZmObQcAdDI,135.000000,2135.000000,45.000000,0.644444,1
16010412,S#wl#kyP#NWaV#GFhXu#YBzfZm#xAeLtoE#iIQTrMsvbgHpnDcdKUJqjOCR,104.500000,1092.000000,44.000000,0.644737,1
16010413,O#ke#zqX#MJKs#rxCcy#iLjFUP#mhtZnYG#lAfpEWdagwTbRoQISVHuDvNB,184.000000,3485.000000,48.000000,0.590909,1
16010414,d#en#BtG#IuVb#afgoc#XZHAQl#EiyxFDC#KLNprOSzUPmYhTRqWjJMkvws,143.500000,3829.000000,53.000000,0.569149,1
16010415,p#ki#bTu#RNZA#JjwLn#BItHVU#eFlGQPM#vsfyxCEzrDXOaqmKgYhdWcoS,140.500000,3499.000000,55.000000,0.510870,1
16010416,X#Cy#haB#EGPr#MonjH#eQxbTA#fuvdcFV#sgZtRwUzYNDqKmWpLilJISOk,125.500000,814.000000,41.000000,0.728916,1
16010417,R#zf#nAM#KdbH#LVQJl#twSrpe#gXuOBDE#NYysZjaUIPciWmoqvxkFGhCT,110.000000,1501.000000,43.000000,0.696429,1
16010410,c#qo#VrG#hpjJ#kgZdf#seORFX#ziYWICn#KyaHMUSPQANbxBlTDtvLEmuw,177.000000,1614.000000,49.000000,0.577670,1
16010438,x#Tz#nIc#ZYjN#wptAy#GLveQU#CKldBuP#WSmEiVMraXHfDhgbOkoJRqsF,138.000000,2061.000000,47.000000,0.616667,1
16010439,M#GQ#hcu#oVyr#mXEjR#sKFDPN#fIZvTSO#beLWaAwqCxkinzgHtplYUdBJ,95.000000,1826.000000,44.000000,0.668831,1
16010440,b#vx#VQR#DNFa#Xidln#hKJsBP#WqOukcp#oGMmCfAYLIHgUZEwtTySjerz,131.000000,1750.000000,46.000000,0.685393,1
16010461,j#Kw#XZD#TNqi#tQsrP#YLIJfv#mRhaUpe#doCglESOxHybFVnzBWMukAcG,123.500000,1576.000000,43.000000,0.686813,1
16010462,A#Fa#WTQ#mRiI#GsfZC#LYzNSp#OrEcByP#VenuDUlqvhjJokdKgHwbMtXx,96.500000,881.000000,42.000000,0.644737,1
16010463,p#ln#KZj#rAmM#RetqQ#XIodGH#gFTYWVb#DCszEBuhJafPwkLNUciOSvyx,137.000000,2527.000000,51.000000,0.625000,1
16010464,U#NO#qjn#gSsC#YExdH#uIWVoX#Mbepkyt#ilTDcFvJrQAhmwLfKaGPRZzB,165.000000,4560.000000,55.000000,0.552083,1
16010465,G#VP#Mso#KTwW#tDSef#kUBCrY#uRJqIpb#cQyhOAznHdLmalXgiNZFjExv,137.000000,1621.000000,47.000000,0.630435,1
16010466,D#IL#WJt#iHFo#gQKCn#VbXcqe#svSwzZB#lmEkOTNpduYrxhayRjPfUGAM,158.000000,2458.000000,55.000000,0.552885,1
16010467,D#xv#onM#QIcE#hqjAd#RfsPwu#WlFzgme#ZOGSbryTVpakUBJiKCHtXLNY,130.500000,2431.000000,44.000000,0.623457,1
16010460,m#gM#xAY#rNvE#JdlPX#SToypO#atIknDf#qBCUZRcbhWiGFsQezLuHVKjw,133.500000,1293.000000,55.000000,0.571429,1
16010468,l#pg#QqI#DSyf#PeXtN#dMowEB#WYxrbJj#COnzGvLuchiHUaRVFZsTKmkA,148.500000,2065.000000,57.000000,0.603774,1
16010470,w#To#Vad#futx#UCvAs#ljDLpP#cGMnOXN#qrbQmKyEYSkJZWBeiHRzgIhF,162.500000,1322.000000,56.000000,0.556701,1
16010471,U#AX#maC#HSRh#WviNy#IkqogE#MlKdfJn#tswDYLOjVGPFepbBZuxQcTzr,172.500000,2185.000000,45.000000,0.621212,1
16010472,H#bk#FEm#sfOy#dnwhg#PCZGeQ#LBoUSvN#KtlrMDITaJqziVAXxWjRpcYu,113.000000,3883.000000,73.000000,0.441176,1
16010473,h#Bg#KCb#xQXF#VdROa#kcyDLj#TlisenP#UvSpHIEWGMqJofZNmurtzAYw,132.500000,2367.000000,40.000000,0.708333,1
16010474,Z#xV#kUJ#QiLW#nsluv#zRrdof#wYhySqA#BGCpNIeMTKaDHFEPbmtgXjcO,113.000000,905.000000,35.000000,0.694444,1
16010475,L#ez#oHK#DJEk#bnYsS#hAOPIN#QXRFqaG#rCtpwvmVZyWflcujiTxdgBUM,124.500000,1945.000000,52.000000,0.598837,1
16010476,b#Le#UHs#dpEj#fxira#KWmqAC#RGoNVwz#IQchJZFyOXtPvDnlMYSuBTkg,151.500000,3490.000000,57.000000,0.725664,1
16010469,W#KI#JeO#cMXn#EmFNV#jRxCzD#TfUdagy#htrGHsiSLPoqBbAlwvkQYpZu,137.500000,1630.000000,52.000000,0.573034,1
16010401,j#SA#TFy#nOMB#rlbwN#HfmshK#YxgaCRZ#WEvcIiDGdqVtzXQpoPkeLUJu,158.000000,1751.000000,52.000000,0.580952,1
16010459,X#Dm#PJF#cqHw#SUMBi#Obujvn#CkfshaZ#AWNloyLTrKeVgGIREdYQxpzt,128.000000,2216.000000,55.000000,0.512195,1
16010457,R#qU#mVE#GneM#YvgXT#CAuODH#fhBzcIF#ywiSojrJxNpkQdZKtlabsPLW,131.000000,1391.000000,54.000000,0.644231,1
16010441,z#jE#tUH#SCJZ#KkidL#rxqfbI#PGsRYhw#BvQapMlXDWunNyFVecOTgoAm,137.500000,1962.000000,60.000000,0.515789,1
16010442,B#zp#Rao#WbdD#qkgOC#hQvwXi#HUIZymc#TfFlVuSsLMrYNnEGeKPxjJtA,130.500000,1312.000000,54.000000,0.543956,1
16010443,w#AU#QtR#mOeN#GBjoL#DpsxvV#iPJEChc#nbMqrWIXaFKlZHfkudSgYzyT,120.500000,1395.000000,59.000000,0.565934,1
16010444,S#DB#JIH#KZnr#lLRUd#CmOxNw#fsEcoFv#TbptjqkeaPYAWugGyVziQXhM,137.000000,2040.000000,49.000000,0.585366,1
16010445,e#Dp#TLd#yGWj#cqMBI#khOnJb#RHXCvos#aEfiAgtQKmYZwPSxrNVzFUlu,121.000000,1673.000000,55.000000,0.642157,1
16010446,i#uJ#myg#bTMp#fZQck#XCIxBN#AtEsqrh#DlOUFGYodSLzjwVeaHvRnWKP,136.000000,2444.000000,58.000000,0.510000,1
16010447,E#RA#OCK#iTzU#dXvgu#Gjoqrh#FeSQLVD#JbNacmWBPnMHyYZpwxftslIk,120.500000,1126.000000,47.000000,0.723404,1
16010458,g#BY#MDS#EvGU#KePaA#TlwWIF#RVxcbLy#XmZukjqOQCNrsHzJionphdft,103.500000,785.000000,30.000000,0.775000,1
16010448,y#Am#prh#BMuE#bWLJX#DaRfeK#GYiNVOz#CcsPjTUISFgZtoklxvnQwqdH,114.500000,2208.000000,65.000000,0.461957,1
16010450,m#AT#YPH#EoWf#xhGCB#LJiOqn#jFvsQKz#DSZrdIyRbuXwMlVgUpctNkae,168.500000,1574.000000,56.000000,0.552885,1
16010451,L#mf#hZj#OiMv#YNzBK#IHUrsS#gonqReC#dlpwEJyQaAxDtkXVcuTWGbPF,136.000000,2620.000000,57.000000,0.556701,1
16010452,H#eT#IZB#pAzY#GOlbw#ifXsvV#FrgJuDo#tMdEcykURPCajSWnNmQhLKxq,115.000000,2247.000000,56.000000,0.540230,1
16010453,g#yR#Kjp#bJHO#Foifz#VDrXmW#MSekUCP#adxlwcIvnBhZLAGtETsYQNuq,153.000000,1506.000000,47.000000,0.594737,1
16010454,A#XU#ycz#YxmW#SuTEf#ohRiNe#wGnHrlB#MIZdgKFJPDqCbLavsQpjtkOV,179.500000,3954.000000,52.000000,0.569444,1
16010455,C#mF#zjf#xwAY#tuUQG#ZnDHPe#gboEvpM#VTSBrOWsKJRhykaNqliILXcd,123.500000,2492.000000,43.000000,0.708861,1
16010456,c#MQ#rSU#NHqF#YwAol#JtegTp#mPDjKvO#XyhWVLBxznsGbRuaiCIfEZdk,142.500000,3655.000000,51.000000,0.598837,1
16010449,X#Ek#TOP#ImwS#NepHn#WaBrjg#xlqfCzv#siALtVZyFbRDuYhdGocJMUKQ,141.500000,1562.000000,55.000000,0.626168,1
16010400,g#Gp#Pji#Wqef#FkRnS#BrvUIL#TMxsXaE#JQCwDzcOmdZblVYtHhKoNAuy,148.000000,3168.000000,55.000000,0.586538,1
16010399,X#SU#vsE#ymGD#ZLhqI#RrJFkV#fngBYeA#WMPiCQlHtjzuNoTKdbawpOcx,183.000000,5460.000000,46.000000,0.633333,1
16010398,H#xn#Ils#XJLw#ZfPYy#zqetmi#QcarSNU#uMobdhEDOVKvjARgWkTpBFCG,161.000000,3459.000000,60.000000,0.532710,1
16010342,q#CN#XEt#fRdO#sIrnp#VMxGPy#HDeuojQ#gLiaTlKZvbzwFJUcmSYABkWh,124.500000,3322.000000,56.000000,0.576531,1
16010343,A#pU#esJ#Zuzj#TqXDb#xdGSti#MBEkWaY#NQHvolVLIgmRKCwcnrhFPfOy,98.500000,2214.000000,45.000000,0.664634,1
16010344,W#ba#Leu#drEA#FQpNt#SICVBX#zoqTPiZ#xOMUwKmnkjycRgfDJGvhlYsH,108.500000,2437.000000,46.000000,0.744186,1
16010345,y#Mx#aeN#OnBT#gUtfo#GDVrFA#KjmdEQY#SIlkCwhbvJquRcZHszpWPiXL,97.500000,2039.000000,49.000000,0.685185,1
16010346,U#Kl#VJN#hFvs#dpoEA#urMazX#jIebifW#CTtHROPqgmScLkDwxnZyBYQG,153.000000,2037.000000,52.000000,0.669811,1
16010347,k#xG#TOl#FjZz#YLdHW#IsXuEQ#fVDqPNU#RhpJgCmiBeMcnKAawrbStvoy,151.000000,3676.000000,49.000000,0.563830,1
16010348,b#jG#ylQ#cWuA#DNdrs#ofERXv#gUwxnMh#IHVSJqBzCFZepYKOtTiLmaPk,154.000000,2001.000000,56.000000,0.590000,1
16010341,K#er#pQq#fvTa#OkJsW#xltFZh#AgwUznD#IiMBmdoGNPYbyXjECRVLHuSc,136.000000,1777.000000,63.000000,0.483333,1
16010349,j#Fw#aAd#UBNn#fgIVr#eQPGSt#cuyzHMk#OJRXiYlZWvKEhboDxqmTsCpL,125.500000,3748.000000,64.000000,0.489691,1
16010351,a#mD#PWo#MGxt#wjBnJ#IKdvcb#gClrNZp#sTqkfOSRYUuAQVLeHyEhFXzi,152.000000,1607.000000,48.000000,0.643617,1
16010352,s#UE#AWb#qVgK#zJmZP#HFYoRp#SjIxnDQ#cGdelMktyONTuwrLafvXChBi,124.000000,1516.000000,51.000000,0.591837,1
16010353,D#TO#KBc#HWIA#yxRQw#qPLokn#siFbhrN#GfVJlzUgZvpeaEXMmdYSjCtu,102.500000,1717.000000,65.000000,0.558824,1
16010354,o#Ul#sEr#hYQH#OcJdq#gzIANP#ejuZtGC#axpnDVWmbfXFvTyRBSKkwMiL,159.000000,4186.000000,51.000000,0.581522,1
16010355,m#IY#zdc#gifG#LlXjS#ZEOBNh#DroekPv#RyMpbUAKuFsTCVQWwHJtqanx,145.000000,4098.000000,48.000000,0.622449,1
16010356,Z#Xw#PLx#egSa#yVKfW#YoiRdN#QJrIDEB#kvTusOjpcHqhFmGzlnCtUAMb,139.000000,1571.000000,58.000000,0.531250,1
16010357,V#Uz#cvP#tfuD#dOWxw#IjAkKS#qGgNnCb#QaHhZRioFJLXBsMypEmelrTY,131.500000,1681.000000,65.000000,0.566667,1
16010350,N#br#hRI#lZQB#cejws#GoYMPS#UTutDCg#FqHkJApniWfLaKyEvOVdmXzx,126.000000,2146.000000,51.000000,0.598901,1
16010358,A#fk#MZn#HgBD#cYePX#GJiOrF#sjExQCa#TLNvdqozRhtUumbKSVlWpIyw,127.000000,1951.000000,42.000000,0.654762,1
16010340,J#pN#kov#HqVz#ebifX#tmhPuy#sIUMECd#GwcaKQxDROYTgnSLBFrAjZlW,131.000000,2928.000000,51.000000,0.605263,1
16010338,R#pL#dDP#wKiO#qfTNQ#JlcrCn#sUSybmu#MIjgVoYtzWkHFAxGBeEXvhaZ,130.500000,1754.000000,39.000000,0.679012,1
16010322,s#RJ#ygf#DxSh#dwuzp#ECVtBr#MTmeGHX#qNijcQaPoUOnZbAlYIvFWKLk,149.500000,1691.000000,49.000000,0.579787,1
16010323,e#Dv#Vxc#yZpI#mMHzd#XiAsUq#FYWojhu#kbQCBaTRKntSfPOLJEgrGwNl,159.000000,3288.000000,58.000000,0.550000,1
16010324,P#Zq#zCl#VLio#HedRF#gyBXSn#Ykvhmjs#OTMJWwGADQuapxrUIbKENcft,87.000000,2283.000000,50.000000,0.644444,1
16010325,a#YC#VQb#ZfNF#MKoGW#whHRUB#LmEPlry#szxcDeJgSAktiXIqndpTjOuv,150.000000,1027.000000,35.000000,0.692771,1
16010326,a#AR#KQG#uydr#fxcTj#hJnvNB#CsebptU#YZLimEFWXSOHkIzDgMqPowVl,162.000000,1518.000000,56.000000,0.600000,1
16010327,w#iN#TZQ#GRAC#vgPBk#IxurEo#yhmfzsq#SYeHUVMDWpFLjcOKdatnJlXb,123.000000,2401.000000,52.000000,0.561111,1
16010328,h#zp#Ovj#oFqY#txgiX#DCeJBE#kwyrdNQ#HMGLmIVsnZTcubfKPRWlUSAa,168.000000,1604.000000,55.000000,0.595238,1
16010339,x#fN#AHl#vCVm#sJiQp#ZbSnRU#yutwYXz#ErBLjPeFcMTgGOhIkDoWdaqK,140.500000,2280.000000,56.000000,0.575758,1
16010329,A#PI#MgQ#HwBn#YESqx#pojDsZ#deviOzc#tyCRKkUruXlaVGTLJNFbWfmh,125.500000,913.000000,45.000000,0.622222,1
16010331,x#eQ#KFG#gXWD#Lrzsp#RijCnS#oPvdqcN#AJVIaHTbhfZOMwYtEkylUumB,102.000000,851.000000,36.000000,0.711538,1
16010332,t#xC#pAn#GMsh#lJyqH#KvUgiI#YTVaXSZ#wFfjoQcLzemukbOEWDrRNBPd,147.000000,2675.000000,51.000000,0.553763,1
16010333,t#ME#ySA#lKJp#gZIaB#RzGPvX#kcsNCqQ#xrTFuhdLbmnDwfOjVHoiUeYW,121.500000,1631.000000,48.000000,0.601124,1
16010334,l#YW#arB#eXoO#GbvUx#ZkHwIq#ufRmKdN#jshcLCtAPMiTzDSQEnpJVyFg,135.500000,1504.000000,41.000000,0.706522,1
16010335,z#Qw#HuY#UFMp#DWPXa#sAdBZf#oNKyghr#SLCxRtIJVbTmEGeklvOqcijn,106.000000,2562.000000,56.000000,0.558140,1
16010336,n#Ou#aMK#LxBb#XkfEr#WvSoCN#wRymHJl#GFeAqUzYQZitTjcPDpIhdVgs,121.500000,2775.000000,41.000000,0.625000,1
16010337,h#uK#SCX#qmED#cyOxH#pRtWLi#JlzgFjN#rbwQIUnGTvsYAkfMZVaodPBe,156.500000,1627.000000,60.000000,0.538462,1
16010330,B#zl#bGC#khDg#ZAHqr#WuVvfn#IwOTpxe#PEUaNQKmjsyXLJMtodRSiYcF,146.000000,2137.000000,43.000000,0.705882,1
16010477,A#ON#CBP#mlDz#iwQEk#acqItK#oSnGUFb#WVTxZupHyehRfjJgLsXMYvrd,115.000000,1850.000000,61.000000,0.529070,1
16010359,w#iQ#TzI#joJL#OsftU#YExdhV#pMNkCXH#PvrclSFeADaqGubgnRZBKmyW,128.000000,3570.000000,53.000000,0.558511,1
16010361,u#kn#NEA#zybS#YUaZW#xJcKOD#mgjIPMv#TpqhrLCfHBQoRXVeiFtslGdw,101.500000,1849.000000,59.000000,0.583333,1
16010382,N#sE#Fmg#ChRa#ItUiL#xyVSuf#TYoKbkQ#wHeWvOqXJAlcnGpZBzjMPrDd,127.000000,1190.000000,35.000000,0.704225,1
16010383,P#TG#KJh#lasn#moROc#VbqDfu#yzUESdN#ixYjvwIXHCWQLBMkAZpFgter,124.000000,1843.000000,54.000000,0.629213,1
16010384,Q#Ha#TrA#gRmV#bJZCf#tWuMyc#UEBXkve#OxYjoNpdqFhszInlwGPDKSLi,145.000000,2178.000000,55.000000,0.545000,1
16010385,s#oh#JKC#WyMi#trxbX#mZLdaN#EkuPBnf#RwApcOFUqTglGIQYHjDVzSev,159.500000,1432.000000,47.000000,0.666667,1
16010386,f#bz#UyD#SOVr#ujaWc#RtZvns#oxiepIB#TkGYNlhAFLQJgXMPEKCHwmqd,142.000000,2400.000000,63.000000,0.500000,1
16010387,J#Iw#rZv#AtTN#cLEph#QPfCsk#geVOyHG#lzdmRBSWqMDojinUYxKFbXua,121.500000,1790.000000,60.000000,0.547368,1
16010388,M#Wn#rUZ#SbVi#YJwRo#ONIsgT#CtPlyfp#EBjxuAceQzdqGDFhXKavLHkm,127.000000,3031.000000,59.000000,0.538462,1
16010381,Y#oZ#Dcq#TMjU#HsIdJ#gEaknp#lwRFVvL#KrNehCxziyPSBGXtWmAuQbOf,196.500000,6328.000000,63.000000,0.500000,1
16010389,m#wi#qJR#pktl#LKSzF#YrNCBd#POaZMDA#xEVbyWcgGnTUIQvHhejfsXou,118.500000,982.000000,45.000000,0.626582,1
16010391,w#vy#epY#OcxV#trMNE#iQzbLq#CTsXaAu#UKRIFgDdmShBlkjJoHWZfPnG,110.500000,1485.000000,55.000000,0.612903,1
16010392,j#lq#iBs#uaNJ#kYnoe#TIZQrK#dtPDxhH#bSUCAmOcvMFwgfpzWRyLVEGX,112.500000,2485.000000,43.000000,0.633803,1
16010393,r#bo#ZUv#RPMC#xLVGd#JDEBHa#gXfIOQe#AskWFhqcTnKwNlmjpSYtzyiu,115.500000,1831.000000,28.000000,0.866667,1
16010394,Z#Sp#yLI#Yqad#bgPhu#UfJwNE#VmRBcez#xkKTXlFrMisAtOCoHjGQDWvn,123.500000,1480.000000,47.000000,0.620879,1
16010395,n#Di#YVE#ufgI#KSNAo#szxbce#rwvRFUB#OCkMpZPQyTqmhlWajLXJGtHd,114.500000,1386.000000,46.000000,0.625000,1
16010396,i#GD#Ock#lzhr#YgNLf#xjMJIu#oqQSUPm#BXFsRCWaVneKwTAtZHEpvdyb,162.000000,2455.000000,66.000000,0.613281,1
16010397,N#hk#VpE#CoAa#JZTcD#BrlReL#KvWQObq#nIUPgxizFSmHtMdusjfYXywG,136.000000,3656.000000,51.000000,0.629213,1
16010390,X#Mz#iIj#wnQl#PTZyb#YeFOca#RDqomfr#WhAGELdxNBKuVCHJUSkgtvsp,92.000000,2702.000000,47.000000,0.592105,1
16010360,A#sB#jLk#uOdx#ycpbU#MRfTWe#wJHvZzS#DhoIqGaimlVtPYgNnFQCXKEr,145.500000,3828.000000,49.000000,0.550562,1
16010380,H#bO#xQG#JzwD#iUqIk#uCcEAT#XtnopyV#BhgWLSfrdmPYasjZvKFeMlRN,156.500000,2062.000000,48.000000,0.621212,1
16010378,p#Fe#VXz#wQiG#YvUbl#LnsBWg#ruTofDI#CSjxmOEJhydRqMkZAcNKPHta,129.500000,2443.000000,57.000000,0.546392,1
16010362,F#uN#HEm#vPZc#exMCV#qJnwGp#DsrgRTa#KzXSWOjBdQyoULlhkbitAIYf,148.000000,2874.000000,74.000000,0.478814,1
16010363,I#fR#ktQ#Gson#xFpgr#TMVdbN#CzvyJDa#ZicLBOjAuXUKlEehYmHwPSqW,106.500000,2016.000000,36.000000,0.702703,1
16010364,T#Cx#Rco#tgKF#GAUNa#BHPdqM#sVDQmLO#SIvhpnfYEweWjyJlzXkrubZi,108.000000,1526.000000,58.000000,0.569149,1
16010365,y#ap#fRh#IbQd#UlYNE#BDmOtP#WKugjqk#HxCAXczvFeVsLSZoJniwMGrT,129.000000,1644.000000,53.000000,0.632979,1
16010366,G#ni#KIA#ZRhW#lcSJE#VgupPt#MHzjQCf#BqayDNdUwsmvkrXTOxFLbYoe,124.000000,2645.000000,45.000000,0.630435,1
16010367,B#lk#omi#jhty#bOuJE#KIaNnH#QRFgYPW#DSdLqfGxCwZvMAcezrsXpUTV,131.000000,3504.000000,60.000000,0.526316,1
16010368,o#kC#mnN#vbuI#OxqSX#UJaMAw#LGKHcFy#PQhiDfYBVTEerWjgptZldsRz,130.000000,2047.000000,55.000000,0.598039,1
16010379,y#lV#LSN#bBCJ#TsuGF#Egczad#OZQWPjk#UIpnfMirqeRKmvxwohAXHDtY,170.000000,2360.000000,53.000000,0.546875,1
16010369,C#Qz#Elx#tqXk#UpYed#DmVIJF#MHsBNnT#OgrcRWGASjiKhyobwPufZvaL,127.500000,1444.000000,52.000000,0.595506,1
16010371,n#xO#ucp#HEbD#sSltg#yTWwNo#AJLMkYz#UCPjrRZQhqdVmefBFIXKavGi,105.500000,1202.000000,48.000000,0.582278,1
16010372,d#jO#cuG#BZYp#RgAJN#HLlExr#FVbiUvn#ICmWtfQXwqKyToMSezhsDPak,141.000000,4371.000000,59.000000,0.533981,1
16010373,Q#uU#RzC#SqMc#LwgTr#IKjikZ#NfOAnol#FmGXVpvxedtaJBbYyHhEsPDW,165.500000,1605.000000,48.000000,0.561224,1
16010374,j#di#QpH#Efrs#Guxkv#DBylWR#XVzNOUq#MJmcFZtAISobCaeLgPnKTYwh,156.000000,1368.000000,60.000000,0.547170,1
16010375,w#HA#Jho#XyeV#PiNta#DzBQrS#FLGjCqv#bxskKgZOWIpfMEYmnUlRuTcd,138.000000,1306.000000,59.000000,0.552083,1
16010376,e#zD#Xum#dJHU#tBnoc#OZEpMg#iLsWbQv#VIGPlKrTawSxYFCqyNRjhAkf,112.000000,2701.000000,48.000000,0.634831,1
16010377,U#WS#cHO#Kenr#qdtIp#Nivkzg#PAJCMlD#EBfmaRxGhTojQLFbXYVywusZ,154.500000,4465.000000,62.000000,0.505263,1
16010370,K#bS#RkN#dDUa#njxqB#HgJrMI#pPeXLlC#TomuvcQZGYfsyOFwEzVtihWA,89.000000,1183.000000,41.000000,0.726027,1
16010479,N#qY#QTi#mvtb#XJpkO#xnKeFc#ruzSEsa#ljLIARHgyDPwCBWVMdUhofZG,155.000000,1966.000000,44.000000,0.641304,1
16010480,n#yH#tbO#amVZ#JKXDw#MrdWqQ#jlIFghN#PpBRvEofzuGeskYCASciTUxL,127.000000,1605.000000,39.000000,0.725806,1
16010481,w#Bv#oOd#WJsC#tcPEV#lUXuap#IhgYqnb#GZLeDjmNyMirSTKHxAfFRkQz,105.000000,1307.000000,42.000000,0.769663,1
16010582,L#Wf#XxA#PSmV#CiZou#YjhMEF#nrpeNgk#ysOQqbzKwIlHRTvBcdaDtGUJ,164.000000,1933.000000,58.000000,0.561321,1
16010583,w#bg#aCt#KnUL#qhAcp#vzRVQD#ruHBPNF#lieJoYjyTWfdZOSxmXkEGsMI,124.000000,4656.000000,77.000000,0.500000,1
16010584,K#Lq#TBA#oRIQ#Ngrdl#kwZzUJ#FOWSvPs#bGafMtejcEumxpViYDXynChH,136.500000,3329.000000,58.000000,0.539604,1
16010585,A#ZX#FsN#rhtk#jJqoR#fGxpcV#UyMQBdH#CnOuKbageIvDlWPYLSEzTimw,101.000000,1878.000000,49.000000,0.686047,1
16010586,a#Ex#bhX#Louw#tWfqc#SVYlDA#IjdUmPK#JgiOnTesHNvRyMkrZzFCBpGQ,170.000000,2118.000000,53.000000,0.547170,1
16010587,f#kG#lzS#tmiI#TrNEa#FPvbKO#cjCuZMn#wHgLWYDeAxsqXBRyVhpoQUdJ,94.500000,1462.000000,60.000000,0.516667,1
16010588,K#ZU#epy#BukS#cvRFY#bDjhlQ#mLiCxEI#WHJVzTqoXsNAdPnMtOarGgwf,150.000000,2256.000000,50.000000,0.665049,1
16010581,H#sq#IKN#UeBV#JvbtM#lWoPCm#OFkDYfT#AzpdZEarQLXGgjcxRiSnyhuw,130.500000,1891.000000,63.000000,0.500000,1
16010589,Q#Uu#PNg#MLrB#EqKVa#YXxnZG#vyHSFjJ#AmDcWszhfipRlebIkOdoTtCw,174.000000,2521.000000,47.000000,0.605000,1
16010591,U#bn#lPg#VKkG#xYvwS#XAFZIs#EJqjNrm#RMDLOyuoBhtczfWiTdCHeQpa,137.500000,2851.000000,49.000000,0.727273,1
16010592,N#OV#BQD#iwHt#WlkZe#GsgoFT#vRnCLdc#EjrfIaAqKzpPxuyYXbMSUJhm,188.500000,3115.000000,56.000000,0.575893,1
16010593,k#Tw#lKc#JdLQ#IhXGE#fMiuoU#eYVODzb#ypBmHWrRqSxtnavFjgZCNPAs,98.000000,1249.000000,42.000000,0.708861,1
16010594,G#TV#tBw#ArCI#fQOyR#WPZpUX#JjeHsLq#nmckoYKzMdvaxFDgNluhibSE,157.500000,2044.000000,49.000000,0.577670,1
16010595,R#JH#TrN#VLzn#yBdpP#mkXfbG#YxIljQq#wEtSiseacCWOUMFhouDgZAvK,172.000000,1751.000000,67.000000,0.564000,1
16010596,O#Af#QkC#eWUb#huRnc#jyIpvY#EsSLZPD#FXgmwBVKdJrizoxTHaqMtNGl,126.500000,1975.000000,63.000000,0.657258,1
16010597,v#VI#pKL#WobO#kQTyE#PeuHNX#fCZYFtg#amADnGSMRjrwJqchdslUxzBi,152.000000,2162.000000,60.000000,0.505319,1
16010590,f#DO#dHJ#UubL#CxtPh#TzaESN#BkoZMli#ewWycnsIjXRqAYmrvKgGFpVQ,143.000000,375.000000,60.000000,0.525773,0
16010598,E#ly#IbC#RXBu#KcSoe#azDHJG#ZmFPYnf#AvwjkTqgUtLOhiQVpMxsdNrW,123.000000,3570.000000,52.000000,0.600000,1
16010580,J#eu#Yok#IrRH#MNyaT#AdZxvn#FGKWgpV#BqEzLcQwmsOlCSXftjPhbUDi,123.500000,2653.000000,49.000000,0.600000,1
16010578,B#WU#als#TvIM#Ywbyx#ANreHt#DRPFuQV#ZzfSJGmLnpkchKXdqiEjCoOg,133.000000,1025.000000,58.000000,0.548913,1
16010562,n#ZJ#GYy#gcuw#EOWNb#LrTaAK#hBfzMXC#FDSdQmseHUkpljioRIVvxqPt,88.000000,1885.000000,49.000000,0.589041,1
16010563,O#Fd#NGe#LyYC#aRHoE#mQsBZS#ubcfjqx#tkVnrUJlPTXIKzpAigMhDWwv,107.000000,1410.000000,50.000000,0.630682,1
16010564,o#vt#qZk#WFDs#BKlNR#TaiLAO#gxmSczI#JjudEpVQefHPbyMrwYGCXUhn,177.500000,2821.000000,51.000000,0.560606,1
16010565,R#iy#hlq#twNE#QvCGF#HjVdZY#pAfPOzS#srxDaKkIbogBmMcLUnXWTeuJ,135.000000,1774.000000,54.000000,0.547872,1
16010566,H#PV#oRW#MXSc#KJNYC#xzdQIb#lGEshjF#kDUTiarqvtyegmBfupOwnAZL,142.000000,1828.000000,47.000000,0.632979,1
16010567,M#bA#xDY#zVse#EGiKp#oLyBnW#hvHmtkN#ZudJgTUCcFPOfrSjQXlIRwqa,106.500000,1672.000000,50.000000,0.577381,1
16010568,A#Op#jlt#DLIB#YXcvi#UgHEZM#dwKQNJf#zrnCuRGomqkhyaxWVSPesFbT,146.500000,1939.000000,48.000000,0.658879,1
16010579,A#CB#bDa#mdEc#wXzyZ#fsTikW#NoPgrSU#JLHhlFKGxqpnMueYVQOIRtvj,145.000000,4560.000000,64.000000,0.539604,1
16010569,x#gS#etu#cTlA#JpfOo#vPmQCR#bBFysZW#kqDEUdMjGLIKYwzrhXNniHVa,115.000000,1715.000000,50.000000,0.614458,1
16010571,u#qp#WZm#GNdD#bLYsA#EIzVwo#JjiBCSR#hFxHUKgyQtPkXOveflTcranM,162.500000,2384.000000,56.000000,0.583333,1
16010572,o#Ma#qWC#XzYB#luENx#yQmAcP#RFtgdhs#UikvGjDITSpOrVZwHJebLKnf,150.500000,3870.000000,70.000000,0.486364,1
16010573,y#kN#bWz#stAU#gGfQK#xvPcJD#THMOXrl#SwmquhCZYBRnLFoaVIiejpdE,79.500000,2851.000000,56.000000,0.524096,1
16010574,X#Rm#pru#HTfs#SMFAL#qeQwWK#IJoxclP#BCgyNnVEYhjGZdOUazvkiDbt,147.500000,2249.000000,51.000000,0.618557,1
16010575,q#rx#QlZ#bYLy#GRhcA#KpdsHM#ONtFCnm#IJiSaUWvETkfgBDuVXewzojP,114.500000,1840.000000,54.000000,0.561111,1
16010576,c#FI#VYl#seEU#LHnAS#MqzhyR#owuxCrB#jfbvpJNPZXkKDitGmWTOgaQd,135.500000,2661.000000,52.000000,0.563218,1
16010577,z#Rn#YFr#qmNs#IxtUv#SHVceZ#Ddkjilw#QyJWMgbaOPoXBThEpuAKCfLG,162.000000,4192.000000,51.000000,0.545918,1
16010570,n#DA#xWq#avOo#MywUt#HFkirl#QBcjGbK#VdeCYEPNLZSfpXmsRIJhgTuz,99.500000,1076.000000,37.000000,0.724638,1
16010561,T#ri#sKv#UyCh#uIQVY#ZOwmnj#kFaWLSl#RAdEbtDxcqzPgXeJMoBNHfpG,134.000000,1742.000000,48.000000,0.618557,1
16010599,h#zn#YIc#swtu#CmvrA#jTSUbl#DFVGXeQ#ixaMogyOdLBKRpZPfkWEqHNJ,145.500000,3916.000000,47.000000,0.584270,1
16010601,e#VI#JBc#sdjN#SbZwa#DLhvkK#pnlRuif#QGYmPEoqFxHXgMtyCAWrzTUO,122.000000,1754.000000,52.000000,0.610465,1
16010622,g#mQ#aCJ#wcUO#BHspz#PRnNVA#WtZKFjo#XxkiTdGfSYrqlDEebvMuhLIy,143.000000,3831.000000,56.000000,0.641414,1
16010623,G#Qi#vyp#KISx#cJsUn#OLdzqf#EVFPZHj#oaDBTWtYbeAMrwCkhguRXNlm,156.000000,2106.000000,47.000000,0.601064,1
16010624,e#ga#iPs#QLVq#cTJZB#DjXENm#IlHSdOG#tyWRhAoMCpYuvkFxrnzUbwfK,120.000000,2564.000000,53.000000,0.563218,1
16010625,A#aH#vWI#SmJh#wqyUT#uzNCdE#nlfOsMQ#iGgeXoKjcZFLRBpPVbDYktrx,100.500000,1396.000000,50.000000,0.578947,1
16010626,i#Ip#sLR#cTtD#AZwzg#fkHQxn#KEyYqWo#SuhFOlPMXvbrUaCdBNeJjGmV,122.500000,1985.000000,43.000000,0.631250,1
16010627,h#Ym#Lij#OdnW#PAyKN#fxcvQk#szVHDqZ#EeolwGutgrUMFIbRBpTJXCSa,158.500000,2475.000000,56.000000,0.554455,1
16010628,q#zc#KFD#bfaH#ryCWk#MwvlPg#YxBSuAn#UVTeGNmJpERsXZdQjihLIOto,168.000000,4186.000000,52.000000,0.563158,1
16010621,E#mS#RIo#Txac#HLMlU#CJiQuf#hONZwAD#qWKvkFXVesGzgpjnPtdyBrbY,150.500000,4465.000000,57.000000,0.515000,1
16010629,Y#nC#LBG#SaNd#wiMRA#THjQgV#hokWbKI#EDcmzxfpFytJlXUOZrsveuPq,161.000000,4114.000000,73.000000,0.577869,1
16010631,N#Bq#KXH#msQa#vujzb#gFLeOI#MxJoclw#SVPfdthWiERTDAYkUrCyZnGp,142.500000,2105.000000,39.000000,0.630952,1
16010632,I#sX#Ueb#cSfh#nyjzM#oKOFPV#vwQJpEl#DuLYqixRBGkdrtCHAWTZNagm,212.500000,3316.000000,60.000000,0.516949,1
16010633,N#qP#lTy#DzdM#huOQa#IrtHBU#fKpVkvS#GeinCgRcAXsYjoxWbmFEwLJZ,155.000000,3094.000000,56.000000,0.587629,1
16010634,o#Cw#kRT#meDp#ANhqu#EFZxtY#GrUPyjs#gnVSOfHcIWaQMdJbBLlvizKX,135.500000,2044.000000,54.000000,0.594737,1
16010635,c#Vg#uWh#fvae#IHMDs#rKPRiX#FSmztQO#AEoqTjpnkNJCwYxBLGdUlybZ,145.000000,3403.000000,49.000000,0.554945,1
16010636,A#GZ#pSw#hgKl#INeyb#iXfMPu#zYCjmvx#QqDnVrTaWBEJoURHtdsOcFLk,150.500000,2067.000000,48.000000,0.550000,1
16010637,w#CR#TnV#oAkU#EzXdb#MQGHDj#FpOJSPN#hfuZeycvalqsgrIYLximKBtW,147.000000,3741.000000,52.000000,0.597701,1
16010630,C#IZ#cRu#bawQ#zHVEp#XyqOBi#jgmsSWn#xFhdATPGtfrJeYoLKvkMUDlN,116.500000,1949.000000,41.000000,0.652439,1
16010600,w#ji#MRS#kDCy#JWVaF#hXGQzf#BuOPHtN#qolEYnpUxsvcgTLeZIrbmAKd,148.000000,1734.000000,55.000000,0.566327,1
16010620,a#hg#OQK#PDXE#xmGVT#jIFcBz#JUClqsn#obyRMfitNpAZrvYSLwuWkedH,133.500000,2157.000000,32.000000,0.693333,1
16010618,r#iW#hmb#SKes#Lltzu#EqFCkR#JdOGnID#vXYcVUxwyANBaogQZjTMPfpH,134.000000,1236.000000,55.000000,0.773913,1
16010602,n#Bl#uhE#mcxS#OkYCi#VZMIJb#UgRGfzd#LHsFavXPTNjyrWDtqAopeQwK,117.000000,2630.000000,39.000000,0.611111,1
16010603,f#hZ#NKV#SqTP#IoXsn#xtYazU#MERkODy#JblQijmWpCHvFLeBgcrAwuGd,106.500000,1361.000000,48.000000,0.620000,1
16010604,b#aP#EJj#BkAM#RDHCV#mlgYpu#WwKyczT#sidqeIxOLntQfFZSGohNUvXr,145.000000,1774.000000,63.000000,0.484536,1
16010605,i#Pa#dLv#bhul#DfUeJ#rKAotk#YscpFBy#jmQnGCwVOZIHXSNWTxEgMqzR,136.000000,1482.000000,59.000000,0.537634,1
16010606,M#fw#Lot#xyPi#lUKvh#uCBYDX#kZepHna#GVORQrENqJcIdgmzSFATsbWj,144.000000,2976.000000,50.000000,0.606061,1
16010607,P#QV#hfm#XDNu#GzHwR#lyWjEK#dYSeLrq#IObUZoacBkvJnAFsMCptiTxg,145.500000,2605.000000,50.000000,0.633663,1
16010608,q#Jc#CIn#hBsG#vLwFd#oEgRua#XHmkezp#QfMUbiOrVZDxAjTyNPlKYtSW,139.000000,1857.000000,49.000000,0.607527,1
16010619,h#BH#sSy#vOno#IfFEG#etQkdg#biPzVcm#rTjqCDWKplRXUZANxwaMLYuJ,145.000000,2433.000000,60.000000,0.515152,1
16010609,r#JT#wpN#XKqb#HdsLF#iAMtvk#PORUjlW#xnDZcmSoIhfQCgezBEVuYyaG,135.000000,3160.000000,47.000000,0.612500,1
16010611,M#zJ#RxE#kunl#oWIsa#dFANpb#weLgZGy#UVPhtCiHmfYKjrDOqBSXTcvQ,150.500000,4563.000000,61.000000,0.530303,1
16010612,B#La#PjX#wlVW#xuOhJ#HefdIt#kQcRosA#yDmKgYFrSNUiZpEnbqCGTvzM,131.500000,3098.000000,53.000000,0.688073,1
16010613,T#tY#HUK#nsqF#VxCND#uocBId#klrSXya#LhjizOAWgRPwQMmJeGEvpZfb,120.500000,2106.000000,53.000000,0.588235,1
16010614,s#po#RIP#GuJy#LNCcX#YHwkSD#jWtUMEd#imxAgOrhnbvfZQlBVeaTKqFz,144.000000,1753.000000,46.000000,0.623596,1
16010615,d#Tq#Osj#iPLA#MoXep#gfnhyN#DJIQkvK#YuWEacCzZHGlBFxVSbUrtRwm,152.500000,5259.000000,70.000000,0.490741,1
16010616,O#Ly#GNJ#RhCZ#qcFpH#wPSruI#ExMKmaU#bAdQlkjivTWteXYVzBnfsgDo,135.500000,3573.000000,52.000000,0.556818,1
16010617,O#AD#KPw#xydn#spLov#jECYlR#tigHIzk#mJZuUhWqfTXQcBbMGNFaVreS,148.000000,1647.000000,55.000000,0.543011,1
16010610,h#lq#yFa#sCrQ#ntBik#YUegdA#WbGLZMc#IvTmwJSzKpNPXoRxOVfujEHD,120.000000,3655.000000,60.000000,0.494186,1
16010321,p#Ty#uVF#rYas#gWdnk#IJDNRH#BbCctwE#OMKPAmLiGzvhjQeSoXUflqZx,139.500000,1576.000000,60.000000,0.549451,1
16010560,C#Iv#Vsb#BcEh#UTzZl#wWRMta#dODorgp#fxjkQPFAXNLGSieuyqnKHYmJ,131.000000,2144.000000,62.000000,0.494318,1
16010558,G#TR#Itp#oCKc#bZUmB#HFWfXa#LwkgEJq#ArVuMSvsPeYhDQOilNzdnyjx,188.500000,3474.000000,54.000000,0.563636,1
16010502,g#Mx#GZb#uIsH#zmJVE#iLtqoW#BcyDRla#SvfjkQpNFOTPYrCwXheKndUA,154.500000,1608.000000,45.000000,0.602041,1
16010503,T#Qc#OzI#tjwo#frgbu#PiJRXa#DMVydSN#eZlWCpsFYEGUxAqnhKBmHvkL,139.000000,1660.000000,44.000000,0.636905,1
16010504,d#hM#FNY#zlbs#Znqve#uTcjHG#EoSLDBW#OwJxVPtrapkQKRfUiXAImgyC,172.000000,3052.000000,54.000000,0.600917,1
16010505,O#CE#ViT#LFjn#IghWS#zqvYdm#bRGysoa#pADMwQXBZkltfrNUJPcHeuxK,158.000000,3079.000000,46.000000,0.605263,1
16010506,q#ES#Qkb#CcGz#MfBYp#TUXFPN#IuLtWva#ZyKsAomHiJrDgjxOVndRhewl,118.000000,976.000000,44.000000,0.668605,1
16010507,z#Pj#BMs#xNbT#FiRre#EqlZof#yvXcknI#wDQYWgdHCLpuVAUhGtOmKJSa,179.500000,4781.000000,54.000000,0.584112,1
16010508,x#Wp#KNI#qijR#JmeMD#PAEZnO#hvGVzTU#cslyXuCLwHBfSaoYdtgkQbrF,149.000000,2470.000000,47.000000,0.574074,1
16010501,V#MR#zgJ#ksuA#NlQcY#inDCbW#eIFSwfT#tZUBXGKmrvapjxLOyPoHEqdh,119.500000,1267.000000,41.000000,0.688312,1
16010509,U#aD#Tpj#qWeA#BsYGK#kIZoMP#VQutwJd#gmScFNLbrCfzvEXHOiylxnhR,137.000000,1816.000000,55.000000,0.563158,1
16010511,F#Pv#Sqr#CuGd#YsMWh#zKbUEn#VjpOJAw#DBHkimLgXoTRNyZaftIxeQlc,144.000000,1968.000000,55.000000,0.581522,1
16010512,y#oe#QRf#CcsG#gPWZv#pDiFxa#mwzdJrX#hnAOtBUbMYlLSNkHIEKVTjuq,120.000000,1657.000000,52.000000,0.658163,1
16010513,G#KV#exm#WiUO#BHwCZ#lgqXhA#DIYjyET#rdbnSJNsFvkMtpuafQLoPRzc,136.500000,2233.000000,57.000000,0.525253,1
16010514,f#qe#NaK#YAUd#Zxzvm#XjCisE#BRStDup#FQhMcIlJrOkHPoynTVgwbWLG,134.000000,3321.000000,49.000000,0.584270,1
16010515,r#Qa#BVm#wFLJ#cYiPk#pXUxAq#RWHCnbG#SOZTfIMhjDlEKguyvzsteNdo,118.500000,3241.000000,57.000000,0.552941,1
16010516,I#Oi#PVs#ZLQe#YSkvT#rzNguG#xtMhHBU#JXqDjwWRcFKylofaCmbAdEpn,134.500000,2661.000000,57.000000,0.505435,1
16010517,Y#mq#UdN#PFVM#tZceX#gpIaCy#TLjRhxb#skGoWQvOAKEHlunSzfwDBJir,137.500000,1287.000000,53.000000,0.578125,1
16010510,b#gv#Pkz#Jxjw#ohaYR#qISZEl#trMnyip#CNdBFWHAQfTsLemDGKuXVcUO,127.500000,2628.000000,41.000000,0.616438,1
16010518,u#bz#nBL#Cjxe#oAmQF#KwrilX#dpIGYEv#fsJTyZSRWPUhaNOkHqMgDtVc,106.500000,1624.000000,44.000000,0.601351,1
16010500,g#hI#Qax#SVMq#yBzNY#lJbPpC#erZUKft#vudGEFknDwXLHsjmoTOAcWiR,141.000000,2590.000000,50.000000,0.573034,1
16010498,E#Qh#Rlp#usIN#yjvDC#YOZSLz#XTgoWnP#FqmVHJbtKxfBewdkUGcrMiAa,154.000000,3907.000000,67.000000,0.526786,1
16010482,J#jg#UoD#zAWF#PsSnE#cpBMVK#CTbqxQf#wiaYhrGdOktXyIulLNvZmReH,127.000000,3261.000000,66.000000,0.510870,1
16010483,N#Pq#pRb#CHdI#YQvnz#ywBDxk#UtrAMLf#ZeGshOXmWualJgKcjSFTEiVo,125.500000,2567.000000,46.000000,0.642857,1
16010484,A#pZ#shU#mkdW#jNnQS#uzJvCG#xqceOFg#rtYaoIHRlwBDLiPKfbMXEVyT,107.500000,2349.000000,45.000000,0.666667,1
16010485,l#eq#Fut#EPMo#SrkBz#mNUKah#pVZdOwI#CsbQXWGDjJyixAgvHLnYRTcf,157.000000,4765.000000,73.000000,0.443966,1
16010486,G#zt#JgU#Hlhv#precy#NfqsaX#KjFniBO#QVTSWDYwLAbEkMmPdoxCRuIZ,115.000000,1189.000000,49.000000,0.672414,1
16010487,g#Vm#rKM#ExJu#qasCl#IDTSbj#kZHoPeQ#dWfGLzwNRYOXntBFcAhyivpU,134.000000,2749.000000,47.000000,0.556180,1
16010488,Y#NL#Cnj#lhBF#GXsKA#pdMgHt#ZcPkeoI#URwmbzvEyfVTaOiDJxuqWQrS,148.000000,1962.000000,57.000000,0.553922,1
16010499,c#OC#zwK#VbqL#xerZo#lQNRSg#FDJhXAu#jImiPsTkHWMGafpEnUyvtYBd,135.500000,1483.000000,46.000000,0.607595,1
16010489,D#zv#Ffd#JXHh#GOVMj#lUsmAa#tPuRKZc#CYSpTgnbwyrWIBioxLkeqQNE,136.500000,1376.000000,42.000000,0.601190,1
16010491,z#xr#Hgm#CRPF#QAJhN#LWtYTj#XGnpOSa#qUkKeMsvVwyfuBDdlEocbIZi,151.500000,1426.000000,54.000000,0.552632,1
16010492,G#xb#eav#NAFz#WMdQy#DTVYBR#fwkcpJh#lIomKjgELuOCntsiSZHXPqrU,136.500000,3160.000000,53.000000,0.562500,1
16010493,n#Al#UDZ#EBua#HtNsb#eYocWg#TfhqprJ#iKzxXQmLPSMCGdjvFIkyOwVR,98.000000,1133.000000,39.000000,0.733333,1
16010494,j#CI#BoN#WlZY#KJTUL#uisPXD#qvmSdMx#fcnEhwrbgGAQOepHtyVRFkaz,152.000000,4371.000000,58.000000,0.489796,1
16010495,g#bR#YND#PWru#piVmA#dQOHqe#IlGLTfo#ZKahFEXzBytxUMJnkCscSvjw,131.000000,1966.000000,52.000000,0.597826,1
16010496,y#eP#WCd#Xoza#bmhsc#BguIDp#VFlfwjY#qQTALSZvGxrHJONMtUiknKER,87.500000,765.000000,33.000000,0.710145,1
16010497,e#yA#CBg#cLbo#XPwnj#SGqtxh#QrTEUIF#kDsZOivaJfzupKdWYHlRmVNM,136.500000,3917.000000,63.000000,0.521277,1
16010490,p#FN#kdg#fSMm#RyQLE#AVDanO#whsvJqK#PlcrtCHxIBbYWTojuGzieUXZ,143.500000,2646.000000,75.000000,0.460000,1
16010559,z#iM#bdy#WIQK#DEBpN#VRxrwP#etUHuTY#sLAvgfjXSacmFqCOklZGnJho,122.500000,1923.000000,48.000000,0.638889,1
16010519,N#bZ#Tnc#hlKa#rQyVx#PpfBzq#OHMwsIk#jDSJLFgRmeGEoAUtWYduXCiv,176.000000,5050.000000,53.000000,0.563725,1
16010521,U#ae#dTW#wEbL#giMpq#FBClnA#GzkuZVX#IfhQcHYPSKxJORtyNvmDrjso,155.000000,1808.000000,54.000000,0.550000,1
16010542,R#bl#tdx#aznq#LjYAv#BTVOMg#ZkwSsPN#iDJFoHEWIQycrefUGhCXupmK,160.500000,5256.000000,61.000000,0.535714,1
16010543,m#KT#Oac#EeCH#gdFik#GvylWo#IpbuLDx#AJRXjzPYwqrhUsQZSfNBMVnt,101.500000,1311.000000,50.000000,0.616279,1
16010544,f#gT#DkN#Yhsj#BOvwm#PcnuFL#eCxAptZ#oQSRMUKqiElrdHyIXaWzGJVb,128.500000,1630.000000,52.000000,0.626374,1
16010545,K#jO#FbI#Mrcn#YSBVH#vDpiNo#gehEfGw#lLsTxmzyduUAZCkWXtRJaqQP,119.000000,2064.000000,62.000000,0.593750,1
16010546,U#wN#QdW#JuDA#CEsmn#VYfvyI#xzPLcpo#MHXbSKkeOiGgqjTRBtlFarZh,147.500000,4005.000000,55.000000,0.601942,1
16010547,i#OD#eAB#MzSr#mQcYu#GEfnwT#JItpPxa#yFVhbXqdlKCkLZvURjWNHosg,149.500000,3579.000000,51.000000,0.570652,1
16010548,x#BW#yao#zKVc#ZHSbg#DhLEUX#jQGpmqO#vICFJsrPMkdTwilNRnetfYAu,159.000000,4278.000000,52.000000,0.559140,1
16010541,Y#kn#MXL#Khiw#RHJrS#yxZueF#fEOqtjW#csgUDVvBPIQANbGpldCzomaT,101.500000,2415.000000,47.000000,0.668750,1
16010549,r#qT#aMH#wtgL#IsnCX#meiJQP#bSkRFyl#GKApdzouVEcxZOWBvYhUfNDj,128.000000,2168.000000,41.000000,0.634615,1
16010551,g#Dw#JVr#yoNL#hvmkn#ApsfKd#XTOiCzB#qGWxjSIcZaPtHbYReUFQElMu,126.500000,2213.000000,49.000000,0.626506,1
16010552,d#Ob#NLg#AfZC#HoWJe#BisSYI#GmKxPUa#QMyTnqchtzrjFDvRVwpluXEk,124.500000,3160.000000,57.000000,0.529762,1
16010553,c#BX#wtj#oNlz#CikDa#HfpsvP#QbrTnyx#GSmYWIeAdMqVgFOZREUJKuLh,181.000000,6133.000000,79.000000,0.467480,1
16010554,J#eI#VBx#mHtW#khySu#PlzvAU#fwsnoKD#jYRQEdqTpCGcraXgZLNMFiOb,142.000000,2001.000000,55.000000,0.556122,1
16010555,w#nS#ExZ#Hfyo#pFkij#XeQUKA#PrDIOWh#CNbRgmtaYMscqTLVvlJGduBz,146.500000,3139.000000,57.000000,0.534314,1
16010556,V#LX#fZz#KaSH#yOUJA#QrmPpo#CIEMhqx#eYnjbDwtclWNvuTBidkGsRgF,59.500000,667.000000,21.000000,0.923913,1
16010557,l#tI#fAD#vsVj#nXHmu#pLETeQ#qYRdJCg#hzBUiFWaoZrwbSMPykxcGOKN,144.000000,2146.000000,51.000000,0.646739,1
16010550,Y#QH#XSf#ctuO#gpJLR#vwPanj#oUqkCrK#lezFdxbIZDGBhVmNTWiAyMsE,137.500000,1946.000000,49.000000,0.604651,1
16010520,D#Br#EXd#LnOa#uFbYl#wTzPoK#HjVyUCm#hNMGAStRqgQZepfWsikcJIvx,111.000000,1498.000000,39.000000,0.697531,1
16010540,v#zY#Zyu#cwjp#ODGVN#hCTiKg#BlMEoUQ#RXHSxdsPaLAtebJmrkFWnqfI,125.000000,3004.000000,48.000000,0.577381,1
16010538,B#RD#ZWa#UOGH#vSscT#uFKgoM#YLNybCp#xdzrnfAXJjkEhwlPmVqIQtei,134.000000,3570.000000,48.000000,0.604651,1
16010522,J#gk#xrX#ODNM#qyoGZ#plYAvF#EtVjfnU#uiBhHaKmebWdTQLcRszwCPIS,103.000000,1120.000000,51.000000,0.566265,1
16010523,S#EJ#LdK#UNRn#IqCig#GesVrZ#TmlhbfH#cAXvupjDOzFtkaYBWowyxQMP,164.500000,2563.000000,64.000000,0.500000,1
16010524,v#nG#iBR#pIfQ#YlEZs#DXAzjC#gboVhJx#NywWeMdFtuKUPkLamHcTrqSO,123.000000,1456.000000,55.000000,0.552326,1
16010525,y#Ga#oMZ#gjet#QCiRu#PwbOnr#xIsNFJK#kAYcTHzBVpqXmdvWhUSDLlfE,148.500000,4371.000000,57.000000,0.531915,1
16010526,X#GE#hmv#ngHa#MFTws#yueLcK#fVrNqWb#dzAliBOQYISCUpktjPxDJoRZ,129.000000,2400.000000,64.000000,0.542056,1
16010527,a#Sc#tTz#ueIP#XJMxs#ofULZi#nwqOFkj#hKGgAHRvEBCdQlVmrWNYpyDb,127.000000,1918.000000,59.000000,0.477778,1
16010528,W#de#XpL#NlVY#wSxvu#ECGzKt#sBUoTfI#kPDcnrMhiQqFmjJbaAOHyZRg,173.000000,3541.000000,50.000000,0.561224,1
16010539,k#rf#mYb#OVNW#KEtMc#LwHJBI#DvRQUos#ZTCgdXSpjPiqnahAzeGxlFuy,164.000000,3700.000000,50.000000,0.598039,1
16010529,G#zR#knX#MbKo#gQhYy#weWctN#jSrlpLF#TUvAmDExVOiBPHCqJZdufsIa,120.000000,2758.000000,72.000000,0.500000,1
16010531,J#KX#Dkh#HIjx#frTuS#wtZGCo#sbBVyEl#WQAaPcMROemdqLFigzvnUYNp,133.500000,2742.000000,58.000000,0.543689,1
16010532,p#Lh#ECm#bWQo#lIPkV#UzasXv#fGuijTt#BqAeHgNKFYynJSRwdcOMrZxD,127.500000,1455.000000,45.000000,0.606250,1
16010533,v#Ul#wRQ#LVIy#xJcMC#TfdSAu#YPzBghE#mWZkaXtDriFsKpHeGoqjbnNO,143.000000,1457.000000,47.000000,0.654255,1
16010534,O#nI#oku#PfCT#StiXW#xqjVbm#wgQLKFB#pEJUAczyMdhGHYaDRvserlNZ,104.000000,2421.000000,48.000000,0.610526,1
16010535,e#nE#ldM#HSfq#IvVhi#wYacGO#XjQCyTN#uFWDkobgUZtsJrzPBmRxKALp,159.500000,4005.000000,46.000000,0.615385,1
16010536,R#nf#ktU#YZJC#Syqlp#WTMEvX#AKNzsLO#ajVxeDibFIPHmQwdghGucrBo,91.000000,2346.000000,51.000000,0.596591,1
16010537,Z#qn#TXC#eUcp#kKzyr#hvWEbD#fNuPMoQ#aOxwVAilFJLIRmYgBHjtSGds,109.000000,1882.000000,62.000000,0.500000,1
16010530,j#DA#kpl#HTVq#oxieB#srfytJ#GSzcRhU#nbOKZPuCvWdmQYEXgwNaIMFL,137.500000,1480.000000,57.000000,0.622642,1
16010320,V#zE#waO#Djnq#Hgfsk#cKmtMU#dFGLYbC#AWoIieQRlxuJvSThNyBXpZPr,143.000000,1714.000000,59.000000,0.530000,1
16010478,v#XF#gLC#WtzN#oesRG#DKEjHn#udVmIPY#xSAMwryJblBOacpiqZhQkTfU,106.500000,565.000000,44.000000,0.670455,0
16010318,x#qK#JcT#zIAn#gFXGO#hEPMwl#oNYpsUi#kfVRbCtHjSuZeyQamBvDdWrL,120.500000,3081.000000,47.000000,0.631250,1
16010102,p#rs#xog#jiTy#QVdAe#OJMPqc#NlBDauX#kbmvnWtKzRUZSIFfHCwLYGhE,136.500000,2060.000000,58.000000,0.533981,1
16010103,h#no#lvk#MGEe#TsXcm#QrbIiq#FjNBUwa#PtJCdWHzSxgDKVALRuypZOfY,142.000000,2008.000000,45.000000,0.638889,1
16010104,n#pU#PZH#mRoq#XWihg#OSblFN#BAzJvGd#kaIYDTxMytEujKfQrVewcCLs,123.500000,1681.000000,50.000000,0.587500,1
16010105,P#tY#rmU#NCTK#wjeAI#HgsJka#FXVuMzo#xGiWQLpfBDdOEclRSbhZnyvq,149.500000,3828.000000,50.000000,0.555556,1
16010106,y#dB#sKb#uUtZ#jhLOq#nFVrDH#vpoIeNC#WiJwMfXSAPGxRzglaYkmQTcE,166.000000,2242.000000,58.000000,0.570000,1
16010107,q#Mb#hIT#lKYg#pjrdZ#BxzGnc#CwuOeyo#HNQJXRWmLSAstDUVEfkFvPia,121.000000,2089.000000,58.000000,0.538889,1
16010108,p#bd#tmL#UFEO#gyxhR#kCSIoi#VeWjQDM#AJrZTXYNfGzwclaPHuvsKBnq,156.500000,1996.000000,42.000000,0.609890,1
16010101,W#Vy#Ndf#rusX#xzIaB#HFMZcG#RTKUDPg#bqwQJoCOphLSAinYltevmjkE,130.000000,1271.000000,52.000000,0.578947,1
16010109,k#Wv#OAY#KXiS#fzgFU#tJBsZR#emDHdNa#wPpbxcEoyClIQjMqGTnrhVuL,184.000000,2842.000000,53.000000,0.568807,1
16010111,a#Cz#BTd#AfMv#GnNKc#IgejtE#wqFUJyZ#bmpYxRHQiVLWPkDlXSsorOuh,136.000000,1279.000000,46.000000,0.614943,1
16010112,w#EF#KbU#hfYa#ZoBOz#vWpuQL#rsqDHXT#InMSGJCtRjNmlVexicygkPAd,128.500000,1699.000000,57.000000,0.609890,1
16010113,R#Uc#qAn#HWvF#uPDmf#pgBjiO#SdretTY#oMzCXZKbLxkJwVEQhGsINlya,132.500000,1929.000000,57.000000,0.572222,1
16010114,A#Bm#WMF#wDbd#ZfRNj#KCSvay#OVxQYHr#PlpXGgqsUuEonkiIhLtecTJz,99.000000,1452.000000,39.000000,0.656716,1
16010115,w#mF#tei#sSCc#JxBrR#DIUgOA#dLZPNoH#EfkTKYVulnpMbvyGzWQhXqaj,124.000000,1901.000000,50.000000,0.600000,1
16010116,u#xk#MSV#rsQz#wGWij#KEqCeI#UmAPgbt#RpDBdXonlcZvNYhOfFaTyLJH,125.000000,2562.000000,37.000000,0.651316,1
16010117,B#ln#hvt#MiOf#sPYQU#qgRrJN#SKVLbTG#WHdEyDkaFjwecoXCAzuZIpmx,113.500000,408.000000,49.000000,0.651786,0
16010110,v#cy#doq#QKLJ#WxsiT#AEeNrh#IBYDOuX#zPgktwFbVpCfZSUlaRjGnHMm,117.000000,1451.000000,61.000000,0.533708,1
16010118,N#GW#zXI#tJcA#uyPlv#UZixmh#VKRQMDH#kCFfELjbngBowYqeOsrTadpS,137.500000,1609.000000,51.000000,0.547368,1
16010100,b#FP#kWa#HzLr#XJqwT#gDyhCI#mtRNGcA#jneOSEZfYMBvQipdlxusUoVK,133.000000,1187.000000,48.000000,0.666667,1
16010098,a#WE#DxB#Fisc#gSOyw#eoGnvX#HLplrTu#ZbMqmtfRAVkUjQPzKYJNhdIC,141.500000,1773.000000,46.000000,0.619565,1
16010082,D#vd#yUa#NOSP#rzZkA#KHjtCx#sTEmlqp#LBiunGeXWghoYFIJwcfVRMQb,147.500000,1822.000000,55.000000,0.567961,1
16010083,j#GQ#Yta#PEyb#dOvfJ#RMHXkT#rCBeUxA#hDnZplcKViIgomWwLSuFsNqz,127.000000,2320.000000,68.000000,0.479381,1
16010084,K#Bs#Pkv#gHfG#YAZeW#bxJonl#UiICcMw#jDdVSNOqupEmLyRrTztaXQhF,141.000000,3570.000000,49.000000,0.605556,1
16010085,D#AS#eby#Qwum#JYjMW#fgtxlp#VIBqoNE#RFsUPOHhrnXCiTzckGLdZavK,160.000000,4037.000000,51.000000,0.617925,1
16010086,Q#vr#ECf#osBx#XApMu#hRlezU#HgFbdSI#VymaqNLnGkZtDiWcYPJOKTjw,105.500000,2701.000000,55.000000,0.681818,1
16010087,B#GP#qRg#FQNv#SiWrl#eDXjxU#uJETLnI#zKdkZpoMtaOfHsbVYhCmAcwy,151.000000,1683.000000,57.000000,0.618812,1
16010088,N#Bf#nwU#zqug#ObZri#sRKkAW#TYopHGJ#evcdxPaSXDMEVjtFLQhCIlym,158.500000,1720.000000,51.000000,0.623762,1
16010099,A#xR#JaB#QDCb#fWmwY#eGUrjT#hlXiupF#MyEtKvSkVOPzngIqHLsZocdN,128.500000,2373.000000,47.000000,0.629412,1
16010089,R#Mq#yUm#Frhn#osANj#OGDgLl#TQEHiwC#bvcfBeZIzSuKWVPdYxktpJaX,148.000000,2646.000000,51.000000,0.593750,1
16010091,U#xE#Gba#QyJS#YAepd#jkRKFq#wslgfoP#WLruzvIiXOMCBhTZctNnHVmD,96.500000,1830.000000,37.000000,0.705479,1
16010092,Q#Rq#XfY#KzxC#IDlsV#BNiMaj#HdUbJGo#hPwcgmrtZkynLWTveOSuEFpA,110.000000,926.000000,49.000000,0.615854,1
16010093,l#sW#Xef#Fyxj#rThcg#HdYqQE#wMvpSUN#PnIiuDORbkGCtBKzLZJVoAma,75.000000,924.000000,30.000000,0.741379,1
16010094,Q#ak#dju#xbRg#VJLPM#zXmfIC#WvwhlNE#ZeYKsynSGiHUADqptFToOcrB,124.500000,1822.000000,51.000000,0.591837,1
16010095,I#PS#efC#tzJy#KVuQh#WdlkGE#aMnBHoN#ZOpmjqUFXYwcTvgRibDArxLs,107.500000,1459.000000,43.000000,0.644444,1
16010096,V#qa#smx#iRwf#XFIEZ#yNYBjP#oSGdUck#tOMKDhuHACTlWrpvgzbJLenQ,154.000000,2755.000000,67.000000,0.476636,1
16010097,H#rU#vna#EORL#CoujA#QTWtDd#bePpSIY#zZsygmGXcNlJifBFqVwhMKxk,122.500000,3403.000000,61.000000,0.547059,1
16010090,E#AN#Xgv#xMQi#JbknZ#jIYfVy#LestmBp#RSGUTcuKhPwqCFHOozdWDrla,123.500000,1102.000000,53.000000,0.564516,1
16010081,P#tO#DIA#qjcC#gYkzN#roHTdX#yFQGaiu#LnwVexBKMhRJZfvSUEplWsbm,124.500000,3403.000000,52.000000,0.581395,1
16010119,e#bA#xan#WHQi#KudNF#RSpMcg#VqwUfvt#TjBCJomEPYXDhIkGzsLryZOl,80.000000,2083.000000,54.000000,0.610465,1
16010121,p#JS#std#frWy#ghKPz#bCxoOm#kjZwiMN#IlXEuUFvqLYAeRBGaVHnQTcD,143.000000,1242.000000,42.000000,0.765306,1
16010142,A#vO#LnB#NoVj#zKHIk#wDeqdE#GQmxCsU#urThSFbYiPaWlXyfpMcgtRJZ,184.500000,5319.000000,67.000000,0.500000,1
16010143,l#rx#UbM#nBGI#KtvHw#jRLFPD#oOYTdzQ#yZafmuCVkeNghpSEqXicJAsW,136.500000,2339.000000,50.000000,0.629032,1
16010144,Q#nC#jxT#ZSHN#hVuGr#dFiEwp#qfJzMRg#XyBIoPmcLkseKObUYDtWvlAa,132.500000,2127.000000,56.000000,0.583333,1
16010145,G#KI#ehs#qbOr#wQjgA#HldcCu#XmzkyEp#aTiYRLPZVnNxFDMofJSvtBUW,127.000000,4008.000000,69.000000,0.443299,1
16010146,D#jK#lAa#rcHu#qwxNm#BgOLZJ#vUzQIWy#bfhFRiXekdMTVCGtnsYpESoP,155.000000,1510.000000,54.000000,0.540000,1
16010147,p#Pt#KaB#ErXA#DFqCe#oNmMHd#TcnghyW#iLSjwVIxfUzZklGsbOJQvRYu,77.000000,948.000000,25.000000,0.885417,1
16010148,E#tp#csF#Zknw#xQqya#SlCbOU#RuVzAvX#rIPMWYijdgJohBTGfNmDKHLe,167.000000,4565.000000,57.000000,0.672566,1
16010141,Z#zn#sSi#vTjI#OBXky#uDmboQ#GWVHcJd#hapxeREwKPlqLAUYMtgrCFfN,114.500000,4291.000000,78.000000,0.438679,1
16010149,K#VS#UXE#PBYi#AoQtg#eyZdRa#lIMzOLs#DrfhHnpGxmCqFkJucvWbjNwT,157.500000,3005.000000,55.000000,0.603960,1
16010151,R#ca#BKp#XYCM#PqvJN#mWwyUs#gIfZHnu#txFhVjrGTzQibLDkoAldeOSE,126.000000,2154.000000,45.000000,0.695652,1
16010152,g#uJ#Tbf#sQnd#eiUHL#FVWBpk#KcwZCYO#tjzGhIoyXAxlRMaNqmSvErDP,145.000000,3103.000000,63.000000,0.490000,1
16010153,y#CB#uYv#mzSJ#TEKDq#eAVLcW#OxlPrnX#kNpZdtaHgiFjfoRIMwQhbsUG,120.000000,1764.000000,53.000000,0.540698,1
16010154,P#lB#gvH#TZIx#Kkura#iLcJYq#Wmspfjz#DSGEUMtVbRQXwyeAnNCodhFO,128.000000,2499.000000,42.000000,0.585366,1
16010155,H#GZ#FlB#CngP#RLSyQ#IKufxb#mXjVcUq#MkdTzesrJtWavEpDiwAhNYoO,175.000000,2499.000000,51.000000,0.616822,1
16010156,K#AE#xcC#VTmq#yrIwM#npOghl#XuZfGkS#RJQDFoWdbLUPYBvajtseziHN,106.500000,2080.000000,42.000000,0.630137,1
16010157,E#UW#VKq#HviB#DOgdN#uPmIMn#sztopyR#XYTQwrJhbaASFZkeLfGlCjcx,134.500000,1716.000000,47.000000,0.594737,1
16010150,E#WM#Ojs#AnxN#vqFwl#medzPg#krHXLTi#KUyhocVSZQDRBJafCYpIGbtu,99.000000,2203.000000,48.000000,0.637931,1
16010120,h#at#eks#BynW#EUKoH#qVirCA#GTmRlwd#IPSMjLQxupJZYDvObfXzgNcF,127.500000,3325.000000,57.000000,0.549451,1
16010140,c#Sf#oJy#Ekgn#wXzPD#RGtUvF#HdVbjNY#umMTlQqBOsWxrahLCeIpAZKi,156.000000,5051.000000,68.000000,0.504762,1
16010138,O#xq#LkP#iRVp#mhFGs#uQMIwe#YrfEdSD#UoyjNAzTZnXHvCKJBWlgbcta,124.000000,1707.000000,48.000000,0.733645,1
16010122,n#Xz#jeV#BLAF#xpYZT#GlUtJQ#gqEyiwD#vKdmkCRMsuoPaISWcrbHNhfO,125.500000,2061.000000,52.000000,0.577778,1
16010123,T#Md#BkE#lQYt#gbaJh#wxZPpq#zHiSGfN#vLsAUoXuIcDFWyRmjKVrneOC,119.500000,2179.000000,53.000000,0.590000,1
16010124,F#Ez#PaY#loXW#DNqcZ#tCeOVh#rswfJKb#mxAQRkyuTdBHMSLvIjgpiUnG,170.000000,3138.000000,70.000000,0.469027,1
16010125,w#GJ#lyN#Ffui#OjAPQ#KpgDCa#rUzkSXv#bxEHqdBTnotWmLsZYIcVeMRh,132.000000,1775.000000,49.000000,0.587209,1
16010126,V#xc#jvP#CTso#BzquD#pWwAfn#ROlQLGt#bkhFYJgXmayMZeIUNHrKdESi,118.000000,1704.000000,50.000000,0.652439,1
16010127,Z#GA#XnC#UKdP#tELQf#oVcegr#hsRkpMz#WFvwyaHSYOJBjlbmxNTiDIuq,136.500000,1944.000000,57.000000,0.537234,1
16010128,h#rn#PAL#WocX#gVSxf#kKHtly#UsivdRa#TBQYINGJuZeqmbwpFDOCMzEj,125.000000,1441.000000,44.000000,0.676829,1
16010139,I#VB#zAE#oflt#ZuhaC#XdcHQF#WpOxgNT#KkimvqSneRGMbPUsyLjwJYDr,142.500000,2917.000000,63.000000,0.660714,1
16010129,N#ZK#npf#gSuv#ebXmG#OlMFtJ#isHIYUz#ckaTwRqDjhrVCxLEWQyAoBdP,134.000000,1500.000000,53.000000,0.556701,1
16010131,a#pE#hCo#TkxO#LMFmR#IdiZHN#fUJeYtS#DBscPrlnGqbjAyKwWzuvXQgV,115.500000,2003.000000,46.000000,0.615385,1
16010132,S#YH#phv#DGqi#MlALr#dXNKae#QgufPzJ#mtjbIxywUTFoOCZBkRVscWnE,144.500000,1410.000000,48.000000,0.603448,1
16010133,L#TZ#GMa#PVlv#ibfKO#DEJRqn#IShprcg#NedHAjtBkzmuQYsXwWCyFoxU,140.500000,1970.000000,43.000000,0.623529,1
16010134,F#Km#fGW#irIo#BkQSA#XZhxPM#CjdnHRl#aLbzOtqyYvJUsgNuwEceDVpT,76.500000,545.000000,32.000000,0.737288,1
16010135,a#rc#xYU#KQub#Fjnmg#eiRDvd#PzXSAIf#qTstwOZJVBCGELyHphWoMkNl,116.500000,3744.000000,63.000000,0.521053,1
16010136,l#zq#idN#Jowj#bBHOn#VWIxGR#fKtpLZQ#usTmvFUhyeSgCDcMAaYPXEkr,126.000000,1506.000000,46.000000,0.670213,1
16010137,I#Az#WTd#vxoG#FJqgU#thQORl#wMZLcCu#PesHrbijVakSDnXBNpfYmKEy,109.000000,619.000000,38.000000,0.729412,1
16010130,m#ZS#NDB#xJsi#XjYEc#UrvWGu#ATzPbKw#aMtVldOReqoFnhfCpykLQgIH,129.000000,1628.000000,49.000000,0.577778,1
16010158,s#ja#kcg#ywrK#lfpXn#QSDTNz#JmChvML#dPiROIGeWBuZVYtoUEHAFqbx,150.000000,4187.000000,58.000000,0.505208,1
16010080,L#bA#lhv#xWuN#pJPIY#ozOKaq#GXsCEme#SgZwRtyQDiFMjrTfcHkUVBdn,158.500000,2866.000000,61.000000,0.527523,1
16010078,s#qb#QiX#LOKe#tHVmC#vfRwdP#FxWpMhn#SNuEaoIBjZDlyUrcJkAGTYzg,148.000000,3747.000000,52.000000,0.632653,1
16010022,r#tQ#pgU#TqsE#yNWbB#coCGKe#OxuDSdA#havwZzFXYjIilmMPVLJRHkfn,130.500000,3487.000000,61.000000,0.586022,1
16010023,i#Vx#dJB#Eyqr#ZRXzA#MthTgP#YoepSNL#GcwCDukvsInjQbFOmUKflHWa,163.500000,2434.000000,54.000000,0.578431,1
16010024,q#YL#xPR#bFzZ#nXUpW#KgMhdA#ljGfSct#arkBJvQiTOImuHVECNysewoD,157.000000,2853.000000,47.000000,0.601124,1
16010025,U#Vn#NXB#YZaJ#SwWic#rhIHpb#lGkjRfu#mDMxeLTEAqyKsCdPOQgFzvot,161.500000,2059.000000,46.000000,0.592784,1
16010026,e#nk#AiJ#ZSsz#wUVTo#tRbWIN#pDdXExC#HgqQYmhGrPLljKFBcuMfavOy,144.500000,2855.000000,52.000000,0.726804,1
16010027,w#kn#iEt#MJzW#vShqA#YmgZTR#KfClUON#bIpHjVLFsQdPeXouyBGcaDrx,133.500000,1375.000000,55.000000,0.536458,1
16010028,X#dh#QOS#TAvg#CrjtV#lncaFE#sHwDRmI#xBqkYKWubZUpozMJNiyLGPfe,142.000000,1813.000000,54.000000,0.541667,1
16010021,g#Bf#MZq#rdpE#hsHae#TCRuQx#YWOVbic#wmKSjPyzntXkLNUGFJvAoDIl,140.500000,1785.000000,57.000000,0.663551,1
16010029,F#Lx#nQt#DswW#Hmgik#czOpuq#KeoZBNP#YJGXIhVljvCryEUaRdAMTSbf,170.000000,1525.000000,58.000000,0.539823,1
16010031,a#cb#edZ#Mfon#IWKqY#FTHJSU#yBOmNQA#hEsCuRwPXpjDxiVtvlrgkLGz,46.000000,117.000000,40.000000,0.710843,0
16010032,C#MX#KZn#DrBI#GcsmU#TxvtRq#bdjiYoA#PWyhzLFHwJEeSuNflQgOaVpk,148.500000,1949.000000,46.000000,0.615789,1
16010033,A#wJ#Elt#fNpn#MKPUR#CBoivq#bkuaImj#yTGDxFSYrQXOhHzedVgcWLsZ,149.500000,4399.000000,61.000000,0.553398,1
16010034,G#uM#pyU#dOKj#ziZca#hRSkTt#DJInYAN#brWelfXQPCmLEHgFwxBsqovV,122.500000,1181.000000,46.000000,0.620482,1
16010035,n#fm#tvi#oGAg#XLdRy#FuDNBH#QZPbKjs#WwpYlrJSxeOhaTzEcCkqIVUM,134.000000,2208.000000,58.000000,0.567010,1
16010036,M#KY#XLZ#JWon#HdUIa#QSrRFT#NOyABsP#uhzDjxfVeqwkGiEbCgmtcvlp,130.500000,3828.000000,56.000000,0.576923,1
16010037,a#AN#Vyg#IGWb#QTkzh#fcmtnJ#PeREBSj#vriCqxZsMwLXKOUuplYoHDdF,136.500000,3416.000000,60.000000,0.546875,1
16010030,q#hG#zLv#YPWZ#jgERS#sFteCw#HilBTrO#xVDKpUyJoNfMAmcIkabQnuXd,125.500000,2250.000000,43.000000,0.609756,1
16010038,y#xO#YjC#pAQI#BsEaN#TqvtWl#fURFVbc#MenzhgXkPJuHirGSKZmdwLoD,140.500000,1887.000000,43.000000,0.666667,1
16010020,Q#OJ#yqg#WImv#nhDUb#oTpGaA#duxeNXs#rjRSMYwflKzPZLcFkBVtiEHC,150.000000,3668.000000,54.000000,0.578947,1
16010018,Z#wS#DKQ#UlCW#nAary#mpvgoM#ehEGuVX#HxzRfiOcYPJFBjtTqkLNsIbd,152.000000,4005.000000,49.000000,0.609890,1
16010319,R#ra#voX#PfWG#pnjZK#xTblAq#wVDhdYs#zNImJUSBucEeCkLgQOMyFHit,157.500000,3838.000000,53.000000,0.605263,1
16010003,T#Ur#FsA#ofBx#pgbPa#ESkCqm#QDZIKRw#eyWdVXYlLNMjHctiGvJuhnOz,127.000000,1784.000000,57.000000,0.535294,1
16010004,d#YX#tlq#pGeJ#sjxUN#TkCrDI#hSMgQWL#zmaPicwFyRZOKfVbAHuEBovn,118.500000,3008.000000,49.000000,0.609890,1
16010005,v#HU#FKz#oXNn#VlZJp#GQyqYi#uRhMrCW#LOETAgfbIskectDPjSmBaxwd,131.000000,1434.000000,45.000000,0.627660,1
16010006,C#ER#MeF#Pdja#xgsru#VpqctO#IwGLYHQ#nANXDvBKJWkliSoTyZfUbmzh,105.000000,1188.000000,40.000000,0.759259,1
16010007,k#Yz#DuA#owCG#hEMKB#XyWiNj#xflqTPn#SpmQUZLdveOrIacFJtRHsbgV,110.500000,1017.000000,50.000000,0.576923,1
16010008,N#PG#ekQ#zrfK#JZhHn#XCESvA#yBuRiLp#oVgdWxqTtIbMlmDYwjFUOsac,124.500000,2792.000000,58.000000,0.527174,1
16010019,n#Bh#xgH#NKwM#sGCYc#ILZjyi#TWVRFeE#rQJlAzUmdOfSDkXptuvPbaoq,137.500000,3424.000000,56.000000,0.532967,1
16010009,l#ED#trC#ygFG#xkedX#KvfTSa#JhYqRcn#LBoMpbsAHuWOIZmzNPUVjQiw,124.000000,2820.000000,56.000000,0.581522,1
16010011,v#CN#KqA#YkdB#XrTcW#mizHQs#DGwnxpe#SloyIZFLauVtPgEfhjbJRMOU,109.000000,1200.000000,58.000000,0.601010,1
16010012,U#Mu#BHK#Lvbs#GxAJR#yNcZPg#Ttdmiql#nIhWfrEOawjVCoQkYpeXFSDz,100.500000,1550.000000,49.000000,0.567901,1
16010013,h#dA#uiB#zftl#RegJr#yvwZoC#HqQcPMn#EkXDFWLNYmGaSKjxVbsTIpUO,142.000000,2050.000000,51.000000,0.623711,1
16010014,K#dM#WQt#JByj#RYzIb#TXOSCV#HhPDqul#wfeUcropmsiZNLGFnExkaAgv,162.000000,3252.000000,51.000000,0.580000,1
16010015,F#BS#lXk#JCGA#rfQtj#OYqDao#ZiczTNd#vsnupxWmbEPHVULhKywMgIeR,126.000000,2628.000000,40.000000,0.691781,1
16010016,a#Al#jJS#qchM#edorQ#IftOnF#DuziHXp#bPUmyVZCKYLvBEgTwNGsxRkW,129.000000,2008.000000,60.000000,0.505208,1
16010017,L#aZ#fij#dVhc#OGFnN#stMrWP#JElueoT#zgYpQUCDmSHqBbkKwIxARXvy,144.500000,3662.000000,55.000000,0.558511,1
16010010,m#tO#hdV#PASy#fQkMa#KHBrjY#eCgUuzq#woTsXlZEDWNFxipnvRcGbIJL,136.500000,1818.000000,70.000000,0.466981,1
16010079,A#sY#dCu#FjVN#rioID#kQlZOE#UayPpHX#zSwbgBcWmMexTvqRGhftnKJL,141.500000,2096.000000,56.000000,0.631868,1
16010039,e#Xn#Hpw#oEPF#bigaO#YuqVAM#kJCLtxv#KsBRylSTcfmzIhUGWdZQjDrN,163.000000,5377.000000,67.000000,0.522321,1
16010041,U#KD#FgG#ElmS#qIuMc#zbdjyT#wtRnQeO#pXxNAhrZYHVakviosBLJPCfW,147.500000,2449.000000,46.000000,0.586207,1
16010062,A#ba#DCB#WZYz#VwXUv#SIjTMu#NonPGQh#KsHctyOEqxfmeRJdkiLplgFr,109.500000,2926.000000,53.000000,0.573171,1
16010063,n#XJ#iha#MqsS#wfkpr#DTeLtQ#jPYoWEm#KuCZbzHUBvlAIcGFOdxRVgNy,112.000000,1750.000000,45.000000,0.611111,1
16010064,M#FX#bWn#mlzG#HBoPi#esQrhy#tEcYZxJ#jTguDOVvLSKwCRUdIqfakpAN,139.500000,2305.000000,62.000000,0.515306,1
16010065,R#PM#Beh#vUKV#faJQA#dlqioZ#OkEDSrN#ucswTCjWnHtFgbxGXLyYmpzI,166.000000,1344.000000,61.000000,0.542056,1
16010066,f#SX#Iws#LnDy#rqbeH#WKlOcR#CThAaVg#NJZPzmYoUMFQupBEjkGixdtv,102.000000,1367.000000,44.000000,0.657895,1
16010067,S#Dy#Tzp#ibGx#VFqWN#mMPgAr#EfXKUnZ#dIcoeQCvlHJkajhtusLRYBOw,124.000000,799.000000,41.000000,0.643836,1
16010068,n#fF#Ltw#mCeN#OlISA#soTpKW#rUgGYyQ#zbHVPjqhBEcJixvDXkZaRduM,147.000000,3741.000000,56.000000,0.540230,1
16010061,J#pA#zXN#HceW#RbLPZ#rsmdVF#utKBoEI#GywhOMiSlgCnTjYvkDxQqUaf,127.000000,2233.000000,51.000000,0.609195,1
16010069,S#Ld#hpi#TBDo#jKQmx#ewMsgW#btqZzOc#nElAJRFPNGVkuXYaCfyHIUrv,143.500000,1125.000000,49.000000,0.571429,1
16010071,Z#cr#tXb#WioO#GMBfa#QuDAsT#PIwypqn#VJUENekHvSxFlghzCjKRmLYd,122.500000,2206.000000,65.000000,0.541237,1
16010072,U#QC#rKB#thpd#lXNcH#OPkYsb#iwfnDmR#jEJFxaGAvMWLIzeqZoguSTVy,89.000000,250.000000,40.000000,0.680952,0
16010073,q#SI#upz#kmcW#Qfgxh#nrCRNK#JUBAsdo#FTOYVXjwPtMEZHDlvLyeaibG,166.000000,4950.000000,68.000000,0.495098,1
16010074,y#qc#oVZ#pYlE#zKhda#FiIRHG#euSrQPX#vWBtTksMbjnDAOCgxLfUwNmJ,155.000000,2235.000000,53.000000,0.584158,1
16010075,E#DY#myX#Zuxn#qbljP#rpGJSO#WFURsiM#gchVIeQdAoCLzwkNvfKaHBtT,147.000000,1952.000000,41.000000,0.655556,1
16010076,r#MB#LCy#igaN#qVjPG#UYHOnh#eduTAFk#mJxsbZwKSfDpQtoRWlcIvEzX,86.500000,2008.000000,56.000000,0.651163,1
16010077,C#cP#phE#jbIQ#itXOF#wyZdGn#mfYqAlo#DTzBNrJUKxgRLevSMasHuWVk,160.500000,4095.000000,55.000000,0.574468,1
16010070,V#Wd#TUp#MjfD#vJKhY#wkoIqa#izXnGuP#QZAFRNSxyclbEBLgOserHmtC,105.500000,1058.000000,37.000000,0.743750,1
16010040,C#Ba#MQi#HSzD#rujcE#lqbyGL#dvtAPKf#XhgkwVxOFeRTmYnsIUWNJZop,137.000000,2011.000000,39.000000,0.685897,1
16010060,H#WK#pxI#lBET#UGDyi#jebmJQ#zfwRrFY#tsOhPCLqugnvZacXMokVNAdS,153.000000,1194.000000,49.000000,0.615789,1
16010058,A#Wk#bLx#nGlY#RvyIj#PDtMHq#hZgcUdw#JFfrBCzQVpSENOisTXaeumKo,87.000000,2701.000000,57.000000,0.535714,1
16010042,i#cy#WJr#PIFS#hXKEO#dmDGlH#LwkTzCg#eAfQvjYxqutUNVbBRpasnoMZ,156.000000,1488.000000,48.000000,0.606796,1
16010043,u#Dc#pUF#iBYw#Pfota#dkSqLl#GvhHMWK#bIJzmEsRejygxTrCZnQAVNOX,141.000000,3655.000000,51.000000,0.666667,1
16010044,w#YX#edF#yaCg#hoSjl#sDzmbp#vVinIPL#fUcuJKOTBQtqAMEHxNGRZWkr,118.500000,3081.000000,52.000000,0.548780,1
16010045,Q#sq#ZNz#iUCJ#IXTej#dSbVFk#PlrpnOL#ywDxKWagfuMovAYBGmRtHchE,138.000000,3240.000000,45.000000,0.641975,1
16010046,x#dL#loX#MVjk#pROhq#nBUTyA#DQrauvz#ZSbwmCFiYeWgEtNPIGsJKHfc,120.000000,2957.000000,62.000000,0.515789,1
16010047,d#Bm#Wct#qMjy#POwYF#GAoulk#HCDUXNe#fViZsvgSTQKrIaLxbREJznhp,91.000000,196.000000,51.000000,0.596591,0
16010048,w#Ti#goP#tMKk#drUSX#IbueyN#RCcJGDL#vpEnxsWBYmHVqZFAzhlaQjOf,126.000000,1056.000000,51.000000,0.571429,1
16010059,j#UY#sRN#MBZx#vOAQc#kKzChf#eHoIGdJ#umaPpSblTXqgwntyrVLDEFWi,88.000000,1036.000000,41.000000,0.705479,1
16010049,i#YM#rgP#tfoT#GUwLn#djIABR#zKxVbCH#DyaqWepchOZmJXSFslkuNvQE,165.000000,2454.000000,49.000000,0.627451,1
16010051,C#Ge#qoY#gpMv#yJfBd#IuThct#FVHKPDz#EslRSnaLwiANrjmWOUXQbxZk,182.000000,2733.000000,46.000000,0.596154,1
16010052,A#Zd#OHz#qtND#WbRpT#QPVicB#xGEhKLw#oJkCuvyafSjgUelsnXYMrFmI,104.000000,2497.000000,53.000000,0.594444,1
16010053,E#Zd#lLa#DcVf#CMmob#zkeFOQ#IGvjihA#RTtyrwHgpKnsUYSJXqBWPxNu,139.000000,1906.000000,45.000000,0.626437,1
16010054,n#lc#hUP#YgWL#HBIwy#KrXeqt#ZxopEAS#MGRkJuDOdmjNQFiCvazTVsfb,102.000000,1352.000000,50.000000,0.666667,1
16010055,y#Mp#enf#XOYI#LVuPW#RBcjCD#bNsZHJK#zolSrTGUaqAmdFwQhEgtvxki,150.000000,3528.000000,55.000000,0.683962,1
16010056,c#RL#QIx#SeUp#Emqsk#XVtdnZ#yrKJOHG#zwTbfoYlgBDauAhNFiPCMvjW,173.000000,3655.000000,46.000000,0.577778,1
16010057,t#uL#IGW#wVmF#ZkKjJ#fXHBsU#nDTARgS#aMvYqodbyPpEhCzeNxrQOcli,159.500000,2029.000000,43.000000,0.656566,1
16010050,O#Ey#thA#TanZ#WwjKp#qkDxbX#CsveMFz#miLgcNlSoGBrfIVUdQRJYPHu,126.500000,1355.000000,62.000000,0.505319,1
16010159,p#on#UXm#vNAR#ZrwGz#xdMlPj#eiQqkfK#uDHLTVFYWyBgtsJOCaSEhbIc,139.500000,2855.000000,54.000000,0.586022,1
16010002,x#Nj#rvn#QKTf#FSGpO#ULkRtq#IiwuMCX#JbceDZAyYlPWzsHmaoEdhVgB,170.000000,2094.000000,50.000000,0.611650,1
16010317,t#Yl#TbH#roPW#SaNMz#GxdVBi#XLDvAfg#wIumFskhOnRUpCyZcEeKqQjJ,94.000000,1321.000000,41.000000,0.666667,1
16010261,m#dv#cPN#jTBr#qtlnU#kiXwoF#xGEDuQy#pJefZOLHVshCgSRYWAaMKIbz,125.500000,1710.000000,44.000000,0.713483,1
16010262,A#dL#aOr#lmho#YUHIM#wgFsXq#zPeCZVf#jRxcbKtySEuiNnWkpGvDQJTB,121.000000,2639.000000,44.000000,0.625000,1
16010263,c#qR#Jgp#twsG#ZKaOl#oUjbhn#uXDIHze#TNLAPMkYvCxmrfFBEiQdSyVW,113.000000,625.000000,50.000000,0.588785,0
16010264,C#dY#VZk#UJKz#eRNHj#IFtEcw#xlXpqsD#griMWhPvSybnfAoLBuQTGmaO,126.500000,1566.000000,47.000000,0.575581,1
16010265,u#wb#lmS#fcAQ#BDYUn#osRCeg#NrLGyWt#zaOdPMFXqVIHZijKkhxJvpET,145.000000,4407.000000,71.000000,0.456731,1
16010266,y#sb#GTO#WYqH#tKuLm#SJDgUR#rhQZXva#jonExwfzPFeAIiCpldNBVMkc,151.500000,1938.000000,54.000000,0.549020,1
16010267,N#LY#cPE#uTqQ#dbeGh#yDWInR#owZKUBC#XstrkiVxpOlafzMjSAJFvHmg,145.500000,1106.000000,53.000000,0.595745,1
16010260,M#jX#tQZ#pfla#kDAqr#JmYWxH#TUscndK#wyRNCOVbieLPzguEBIGFhvSo,149.000000,1014.000000,34.000000,0.744318,1
16010268,R#ua#ZJl#ejrP#kVFpc#zdXntN#QCybSsM#AOWLvgiTmfIhwYHqxUKDEGoB,140.500000,738.000000,43.000000,0.668478,1
16010270,c#rb#DeG#YKpP#CsAzy#WlvXHZ#wTMtVRa#duiJhgQLoSIjnOfmFxUqBkNE,126.500000,3403.000000,47.000000,0.605882,1
16010271,W#ot#cfg#mwEk#pyvri#LeFhZS#qbsCdAI#NVRzXMOanUDuQxHPGYTBKljJ,125.000000,1284.000000,53.000000,0.563158,1
16010272,b#kP#mUa#fiMu#sRzNL#TJjdqK#WtOprCV#cnAHIYylgxFBvSoeGZQhDwXE,139.000000,1101.000000,36.000000,0.696203,1
16010273,B#WA#bSt#fFPo#zqEXZ#mKlRnV#yTxirLC#YhvUsuNaDIegkJMHjdwQGcOp,135.500000,1744.000000,42.000000,0.644444,1
16010274,k#Al#guP#VvSh#QizeG#pdyrEa#KHZbRos#xnBtXJmFIcMCULOqWTYDwNfj,132.000000,2656.000000,48.000000,0.639785,1
16010275,O#XT#Dhc#gRNo#Avlqd#ZBfiCm#YrUIyuE#bwFLHkQSznKVJePtxWGMjspa,156.000000,3919.000000,51.000000,0.574468,1
16010276,n#kD#daJ#CVvE#bWwml#SAXpZo#UPOjGie#fquhIBQMFrRcgNLKsHtzYTyx,125.500000,1617.000000,55.000000,0.578947,1
16010269,A#Og#MuV#NGnF#tkSpD#KTmcox#ZlqrBLI#JvUiRjbzdCaPhwYyXHEfQWes,102.000000,1126.000000,45.000000,0.706250,1
16010160,A#xp#zny#doXP#EDlus#JeImTB#cigZvfq#KhNFabRYVLGUCjWQrHtOkSMw,159.000000,673.000000,47.000000,0.589888,0
16010259,X#gm#RVK#EOSW#ioZyz#PCspIG#LcHuadw#YQUAxDevtjhbqlJFTBrkNnfM,138.000000,4095.000000,60.000000,0.478022,1
16010257,M#eO#yxK#rcSd#iRqtB#QhGYnN#PspjwTE#oLmHfIgUvJCWkDFaXZAlbzVu,136.500000,3656.000000,53.000000,0.569892,1
16010241,a#ZE#bqh#DxYu#AOBwT#ymHULM#IiegPzn#tojklVCWJNpfFrsScGvdXKQR,114.500000,793.000000,40.000000,0.628788,1
16010242,K#fg#ZDr#sdnh#mMLkV#TSvRuF#xUQipXa#CBzcAoeIYWjlGqybHwOtPNEJ,177.000000,2500.000000,48.000000,0.639423,1
16010243,F#Zu#aoc#SrgA#jGCsy#DbpWeN#KLkihHv#XfldqOmYRVJzEPUQxMtnIwBT,140.500000,1813.000000,43.000000,0.697802,1
16010244,H#Pg#oaV#YQMe#ZAIyN#fdbwms#GJFWrSE#tBLClqUizOjKRnvxpukTDhcX,171.500000,4851.000000,54.000000,0.553922,1
16010245,r#kG#HAl#gWPx#XFmit#IsnvZB#CYMTOyQ#DRSJwjVuNbqpcUefLzEoKhda,181.500000,3516.000000,58.000000,0.545455,1
16010246,h#AC#SNX#BQLa#wkzyj#bMUxJr#cieIEDt#vZuoWOGHgnmKFpsPdYqTlfVR,130.500000,3321.000000,50.000000,0.560976,1
16010247,j#JX#wts#vHUh#qoCVI#rgzfPB#MkdcxNR#eLYlDnyQFGuAOTEZWbiapSKm,140.000000,2107.000000,50.000000,0.568421,1
16010258,j#VS#Dca#UeiM#XmTfp#ysLoFE#CZkztBv#wuGHxPOghKdJnbNWRQYIqlAr,122.000000,3003.000000,47.000000,0.554217,1
16010248,u#aM#mUR#ekpW#rBcTq#ndCQZi#otjJOAw#bXfhSNsvIGxPVYzyLHEDgKFl,135.000000,2074.000000,63.000000,0.489583,1
16010250,a#eB#sEp#hoOz#YHlSN#rxPXkW#CdGcRiL#wUjAvTMnZJtqQFDbygmIfVuK,133.500000,3916.000000,59.000000,0.539326,1
16010251,A#Gu#CnK#JQoI#HXLdO#ksEmcf#ZlFzeVB#qprPwvbNRDTUhjgSYatMyixW,119.500000,3087.000000,46.000000,0.607143,1
16010252,m#Oa#Jdr#ijRV#zXSHF#sotPbA#hYDNxQL#UefnuZKcgqpIvywBGEkCWMTl,151.500000,2073.000000,51.000000,0.651042,1
16010253,a#OH#pcQ#ZEvD#Bzolw#fIhSyF#tGXTxkg#NPRVdimYjesMJAUWKqurbCLn,131.500000,2291.000000,40.000000,0.681818,1
16010254,u#aA#CEd#wRMr#oScDn#gbpYty#kHTUOBV#NvhmxXQJifsqIWPLZjeFzKGl,107.500000,796.000000,37.000000,0.756579,1
16010255,N#Wq#cSO#oDEZ#uzFQM#IKbAYn#visTfxh#RLyrHpCeJaGwtBldkVPmjUXg,121.500000,2682.000000,68.000000,0.524272,1
16010256,X#ay#VQT#SUGP#OdEKn#hlMque#HwvIcpZ#mBfDzYjCgRtxoAbLNWJsirFk,147.000000,2232.000000,50.000000,0.573684,1
16010249,R#Nq#xjf#lOcA#MwsEp#kYhPgo#CKeymrd#bnvQVtJUWSFHuXiGTIZBDzLa,120.000000,1686.000000,51.000000,0.611702,1
16010240,l#FN#wzJ#RWIg#miXHb#DeBxSK#VqftkZo#dTaQucPrjOhpMnyYLUvGCEsA,151.500000,1758.000000,45.000000,0.656250,1
16010278,O#EK#HPy#NuIX#LJFfj#DURdhT#VqnxtaY#BkQsrzwMApGvZCegmcbliWSo,165.500000,1226.000000,54.000000,0.550505,1
16010280,p#YL#iTk#QGOm#obrJA#vzuFRc#gWxDyEn#jdKIMaXfhePHSVNsUCqtwZBl,112.000000,227.000000,44.000000,0.650000,0
16010301,S#lU#Luf#xvBn#FGYmr#MJjoay#HiQsZTC#kpKqhROePtwENXbzIgWdDcAV,115.500000,2557.000000,39.000000,0.772727,1
16010302,X#md#qVD#eQRF#GzLJW#ECZbUK#wloTMtB#HgvypScsijxrIkOnfNaPuAhY,130.000000,1756.000000,55.000000,0.556818,1
16010303,B#Sg#Qri#IbUT#GcjqH#EuCakn#pxtOove#PMFDmsyKZWNXVLldzAfJRhwY,113.500000,1298.000000,45.000000,0.720930,1
16010304,S#qn#BIg#uHrC#ETfKR#zUVQoa#leAtdcG#FkbWJiPNXYZmMjwypDshxvLO,103.500000,1785.000000,45.000000,0.716049,1
16010305,w#Ym#pGg#NBOF#Jjdfl#sTcSRQ#MuoXrzV#hiEPkHDWAeLKtUvCaqbxZyIn,110.000000,1099.000000,43.000000,0.689024,1
16010306,U#Vl#yNI#HvTA#sFXOw#igGpKW#PfuqkrM#QctnBLRjdYEabJZDhmzSxoCe,124.000000,3321.000000,55.000000,0.562500,1
16010307,f#Ag#PEJ#NKoR#FetGq#msxlBy#TaciLhS#wYWUDMHrbZQkXuzdOVpCjnvI,149.500000,3691.000000,67.000000,0.510309,1
16010300,E#ha#tpF#YXLk#rixTu#RmsdWK#eqcIPOl#jNBoAMCHJyzvwbfVnQUZDgSG,151.000000,1554.000000,55.000000,0.545918,1
16010308,q#Ck#Wud#xzns#mfieV#XyPTDg#tcSFALJ#ZrpOowQbhGMNHRBYvUElaKIj,154.000000,2718.000000,48.000000,0.634615,1
16010310,V#Qw#tpk#hcXU#Wjfnz#aTDEAx#IiCNgPH#meydbloSrRYOvsZKLBqMJGuF,136.500000,2305.000000,50.000000,0.615789,1
16010311,x#fy#uap#VXTU#qJneh#iRPGNA#czoYtdB#FvMkOISZsLDrmbwlEQCHKgjW,156.000000,2049.000000,54.000000,0.612745,1
16010312,a#nh#fge#XZqc#OPJyA#tFpWko#UTLMjGC#DQbdIKBsVwSYilEmvRurHxzN,146.000000,3185.000000,51.000000,0.602151,1
16010313,A#qu#EKw#jnNk#zIXbc#GHmOPZ#delxDgi#oCLTvhtfpsFJBaWURVyQSMrY,150.000000,2694.000000,48.000000,0.586957,1
16010314,x#tA#iKS#Fspr#YLkyR#oEQCBj#PZuGhnq#WzbDeIUOJvHfVXdwcmgaMlNT,141.500000,2540.000000,51.000000,0.631068,1
16010315,u#BE#MFc#jsJd#ROhWp#itmIvY#rSUKCgo#ZkXbeLAaGyTlnxDHwzfQqNVP,109.000000,1391.000000,38.000000,0.693750,1
16010316,L#XC#adx#hrmt#TzPUe#YvFslb#pRZoSHn#BfwjAGgODJMuKqWiycNIQVkE,150.000000,2555.000000,45.000000,0.573034,1
16010309,Z#PV#hBk#iLRN#twJep#XGEcOn#DYFHTrf#CmqISgjQsvbzWoyUxKuaMlAd,133.000000,1771.000000,43.000000,0.619048,1
16010279,L#TX#yZl#CjbW#rORiQ#UDtNpd#hgvSAsn#cmHzxJBGfEwuKVaPkeYoFIMq,118.000000,1199.000000,61.000000,0.516129,1
16010299,S#ir#Exz#PaWN#OFRVs#keJQUH#mcTLpgt#DdKBuwlfqojMIvGCybXYAhZn,111.000000,1683.000000,55.000000,0.529762,1
16010297,z#uc#Bsf#jYSF#tPXQE#RIkKVb#rCiGelg#OLoNpqyxdAUMnHZDTaJmhwWv,129.500000,1743.000000,51.000000,0.582353,1
16010281,n#FW#sTM#lKEZ#tRCPA#kwDUQi#gbXOopv#aqNfcJHxIuzdLyGYhmjBeVrS,156.500000,2608.000000,62.000000,0.564220,1
16010282,g#yi#Udr#CWfB#bhLVD#npoHQN#exqPEwk#AXtMzZFOjJlvYsmSuRcKaTIG,135.000000,1938.000000,51.000000,0.611765,1
16010283,W#QA#Jti#ReTZ#MhflD#payncv#kIGLKSO#soBYdrVzjgHNEwFuPqXxUCmb,153.000000,4005.000000,47.000000,0.600000,1
16010284,u#Po#lGn#qawM#itgbk#JpTVDU#vRjySWZ#dmKNhAYcIEFrsBeOLQXfxHCz,123.000000,1812.000000,54.000000,0.556180,1
16010285,Z#na#zxg#QFUy#uorbV#RphlSN#tqwdjcC#LYDMAWkOvfKeBmXsIPHEGiJT,130.000000,1578.000000,59.000000,0.564516,1
16010286,O#cC#mev#sLSX#bTQIz#gGorpK#nPkUxwA#RYZdFEjfDualqBHJhyWNVMit,127.000000,4099.000000,64.000000,0.560185,1
16010287,Z#Qh#Jqw#dRWt#EgCNK#PzBcki#uXUnVmo#YFjvabrflTsexSHIGOMDpAyL,157.000000,2416.000000,56.000000,0.560000,1
16010298,g#SI#rQu#flik#tTHWm#DvXOdF#ZAecaMP#BRJosjCzULpYEyKNwqxhVbGn,140.500000,1518.000000,55.000000,0.542553,1
16010288,b#qY#LOA#VtDI#cJorW#TCkEeQ#wPiHGBM#SfmXZpduzRnUalKvxNjFsghy,110.500000,2702.000000,43.000000,0.675325,1
16010290,J#Md#wiK#sXpW#DmuIY#ogCjBZ#yHFTUSO#GNbEVxheRcnkvQALflPatzrq,129.500000,2482.000000,57.000000,0.500000,1
16010291,B#Ds#Fdv#bVYa#SuLIM#ezrNqH#iXRlEmw#JGonKyWUQCjcOxhTpgtkfAZP,164.000000,2433.000000,47.000000,0.586735,1
16010292,Y#sJ#Nui#BCVG#WpmPH#IclTDF#wxbQgME#LazkXrKOftdhUSvRAoqnjyeZ,97.000000,1676.000000,48.000000,0.574324,1
16010293,R#CA#nPr#HIVT#qENSD#FQKfGs#mJjuoxc#pwMaYhlOdXevzkUWyibZLtgB,119.500000,1657.000000,43.000000,0.643750,1
16010294,N#AI#Lzx#BfTK#jDdyY#ZFwoRh#QmPreqn#slWEptgvGOiaCcuJSMVXUbHk,150.000000,2209.000000,48.000000,0.621212,1
16010295,s#Xz#huK#HqFD#oBAnW#efOQmv#rPEgRMa#iGTILYJtcVNkdwljpbSxZUCy,81.500000,516.000000,28.000000,0.857143,1
16010296,L#Kz#bPn#IloY#sCDRZ#XSMfkx#HUwmrWN#EtBghTiQcFOvGeVpyjAdaJuq,112.000000,2927.000000,49.000000,0.552326,1
16010289,i#ya#RWo#AjKX#bdueY#gwHExs#zLIOJND#vCcPhlZUMSnkFfVrtqTQBpmG,127.500000,1761.000000,47.000000,0.608434,1
16010239,x#SZ#odA#fkbE#BeLNa#OPGMcj#tmVHgpl#wyuKDznrWvThYQXRFJCUIisq,106.500000,662.000000,37.000000,0.727848,1
16010277,V#ns#WSU#cvot#EOHNk#QhlZJb#PuriBma#AxgIqMTeGCYDwFjzpdLXRfyK,144.000000,4463.000000,75.000000,0.445946,1
16010237,N#av#yCe#pYth#PJoVz#AdkOjF#RbcGUuM#rWfBqQEwHSiLglIKDsnTXxmZ,139.500000,2728.000000,65.000000,0.500000,1
16010181,E#dD#Prk#ZfTL#bwthn#geoVUs#CcapBqQ#KIYzSyORWjxumXJMHvGFlNiA,152.500000,4597.000000,78.000000,0.441176,1
16010182,e#uT#EwJ#cxAp#ODlPi#yWStVR#GrZqNHn#CKUYLghdmosvXbaIFQjfMzBk,128.500000,1847.000000,46.000000,0.596386,1
16010183,V#IF#WDb#vAOf#CSjri#gZdeJB#kXGhETH#pmKoaUzcQuwnlyqMLYstxPRN,118.500000,1130.000000,46.000000,0.620482,1
16010184,I#Oa#xKc#RglA#HdNvB#ziCDXn#FfQupeW#sVUbqmMJoPLGShZTtwjyrYEk,79.000000,1045.000000,38.000000,0.795455,1
16010185,p#Vx#uyQ#gGAh#iXesN#SOkjbo#ZEqFCWM#mlnTJDUctPfKLwBzHdRvYrIa,154.000000,2123.000000,66.000000,0.475000,1
16010186,U#kn#eIT#XuJC#sFRjo#rSEfhv#ZwHdgby#GcQzpOitVmDWMxlLqYAPaBNK,128.500000,1821.000000,38.000000,0.662500,1
16010187,w#gA#xOP#XfYb#naJqh#THosIp#tRiUyBu#DCVMcKrzSNeEjmLvGWFQdZkl,135.000000,3403.000000,54.000000,0.560241,1
16010179,U#Tw#oYq#kLSZ#dNrcB#HQIbsv#FEDtnuG#gMCymxfeWRjVPahOJAlzKiXp,131.000000,2122.000000,58.000000,0.543956,1
16010188,E#xO#hkv#dtUi#ojrzS#KcMYun#FwfeZsG#NRblXmJHIBqgLpWQTyADaCPV,137.500000,3579.000000,48.000000,0.552083,1
16010190,n#AF#fma#jJKy#SHrzp#hdVvgo#IUZLReB#uNGOwscMWlCYxPTqkbDtXEQi,148.500000,1080.000000,37.000000,0.664835,1
16010191,R#Mm#fKU#AdVo#COHyL#IDsQaz#BhESglk#jpGFWnqYwcxTeZJrXPNuibtv,118.500000,1354.000000,50.000000,0.563953,1
16010192,e#bn#VKA#vlJm#SgMyX#GRTtUN#ckpdrWx#FzQqsCiYHaouhOfwEIZDBjLP,165.500000,3892.000000,59.000000,0.547619,1
16010193,q#bd#tLi#zurn#mQkCf#VsPWOZ#UcXDIST#oRxeKABNpJGMwjYavHFEhgly,121.500000,3269.000000,62.000000,0.615385,1
16010194,M#gf#Guo#bVvy#rhzeE#lLTBQP#UJipCad#mNYsKAZIxFWktOjDSHncXwqR,171.500000,2554.000000,53.000000,0.591346,1
16010195,y#ce#OBf#LIwk#RpCla#KsjHbZ#UtgEAGX#DzNMnJVqPoFWdTivxurmhSQY,159.500000,1761.000000,52.000000,0.646465,1
16010196,l#pS#Xmz#cNFK#kHTvV#LPesYf#qRrOUoE#iMnBWJubxDhgGQIZtjwdyACa,158.500000,3166.000000,54.000000,0.569307,1
16010189,l#cX#SOG#jKfE#PybLn#MwJhdA#ZvkszIp#rTYtBmoqWeNgCVDuFRHUQxia,142.000000,3658.000000,47.000000,0.563830,1
16010197,q#wi#CYe#zxtT#ESvyh#HWGDZA#LBVpdRP#UmbIkjsruNlgQOocXnaFKMJf,124.500000,1983.000000,46.000000,0.640449,1
16010178,L#rv#HMb#hdpl#toCsZ#PNFRgX#xUkefcu#iKVDqTWYwEAJIGmSajOzyQnB,164.000000,1987.000000,52.000000,0.578704,1
16010176,f#LX#uek#wOSt#DvCia#IcMENb#PlqQzrg#KsRWZmVdAjHYJxBhpTUoyGnF,185.500000,5053.000000,57.000000,0.659483,1
16010238,y#nc#kdz#pMox#SQvqY#FgVUut#fZIDwHa#eRhKJNCOXBsGblTrmEiPLWAj,137.500000,3501.000000,54.000000,0.574468,1
16010161,Z#Pg#NvB#iSlF#ywaDR#pMVJcm#sUxzIhX#GkrYjECoAfbOetLdHquKQWnT,156.500000,4381.000000,60.000000,0.479798,1
16010162,N#YH#wTG#OhIy#docqm#BEXRtU#zxSifZA#jvCVQlFkrWsgDuJnpePKLMab,118.500000,1960.000000,52.000000,0.630208,1
16010163,d#qY#WZa#XDFt#OJCKS#wfrenz#LMviUbV#IclGpPjByhHuogksAETRxNmQ,127.500000,1189.000000,45.000000,0.604651,1
16010164,M#wq#LlO#NEXc#uCKaI#dhtmop#iTGDRUj#xsAHgfBkWPYbFvyJnQeSrVzZ,117.000000,2507.000000,43.000000,0.636905,1
16010165,W#eL#imv#pMbC#wtZTJ#VrXYsd#zIKHFQB#qSugRojNEDxhAafOkyPUGnlc,105.500000,1330.000000,43.000000,0.588235,1
16010166,r#uJ#qza#lodX#RPMjn#gAHVDW#EOSpGCv#tFxiwKhIymTQfNYUbBZkseLc,130.000000,1462.000000,64.000000,0.494737,1
16010177,a#Do#kAm#SGBs#TUurW#RIMqEf#PhCcHxw#jQpiLOVYgvzJltyZbnNKdeXF,151.500000,3240.000000,50.000000,0.561728,1
16010167,d#QD#rLz#Nnom#JCyKO#UsbIEA#XtiZSvg#lWcRBjuFfhHPTYpqkxVGewaM,129.000000,2428.000000,55.000000,0.663265,1
16010169,j#oM#cNP#bwgK#zxBOi#YtHTQI#pEUAynZ#LmSaJsfluqDrGdRkFhCWXVve,139.500000,2275.000000,51.000000,0.595506,1
16010170,i#Rs#MWO#gEPN#cHGCY#qwtBon#IFhQUaf#XLSuJAzpjdmeKTxvDyVrkbZl,160.500000,3828.000000,50.000000,0.630682,1
16010171,n#jL#erF#tsYW#NMGIz#fuiTdg#ahDwQBA#qolKUxkpXVEvCcSmPbRHZyJO,155.000000,2695.000000,51.000000,0.584211,1
16010172,n#ut#bwM#aIYo#SzFXd#jTmCLq#ykRBAxN#QrPsfDUelhZOcvHKiVGgpJEW,133.500000,1449.000000,49.000000,0.607143,1
16010173,B#Dp#qNK#xkVn#CvXYW#PZQEdA#iHwlycf#MUhgFbjGtueTsSLJRzOIaorm,163.000000,2560.000000,63.000000,0.560748,1
16010174,Y#Tf#PBl#NsyS#LOVwp#qbMUei#AXukWKH#ErcjQaogDZtFJmIRzCGhnvdx,144.000000,3486.000000,56.000000,0.523810,1
16010175,V#Rv#Fbz#tTKh#xlOSI#iWdjna#eywCkrB#UmfgLopDGPAYEHNcXQZMJqus,164.000000,4753.000000,53.000000,0.545000,1
16010168,a#MZ#EUG#yorn#tBQcF#vlxJeg#fmOHWRk#wbADhsjdTYpNzLqKuCXVSPIi,134.500000,1365.000000,35.000000,0.804348,1
16010198,e#kv#tCD#Ldoh#UWcOF#qfpmnl#SwuryVj#ZYzRxsNaiMPEgBIHAbGXQJTK,146.500000,1555.000000,50.000000,0.634021,1
16010180,y#dw#GCr#BeHt#kzLsi#cVOIAm#SKDqQnx#jRlfuXNTFMhgYUPEpvbaoWJZ,146.000000,1563.000000,45.000000,0.629213,1
16010200,y#PH#QeY#fiJv#hRXGd#zrgsqV#LknbjxA#utcNpIWoCOMZlwSDKmaFETUB,131.000000,3161.000000,47.000000,0.603659,1
16010221,W#wK#heg#cvSV#rLsHa#okBMIA#zDndTuf#liOGFJYUtqQjmEyPbCxXNZRp,129.000000,3952.000000,82.000000,0.443966,1
16010222,X#Sb#luI#pUzF#gBQTn#RfdvjA#HhJWZLo#yetDYsiKkECmONMrwcVPqGax,163.500000,2203.000000,46.000000,0.670103,1
16010223,C#jb#FHa#WYPz#xBNQf#guGrnV#cvZdqDw#seJmoTSpiLEOtkXMIhRyKUlA,115.500000,872.000000,43.000000,0.650602,1
16010224,a#HX#ukZ#ypOP#KcTsW#VIMLNb#GdnhiQC#fxBSroFEDmgqAzlRtwYJejUv,116.500000,2504.000000,67.000000,0.537736,1
16010225,x#QG#uad#oyMg#ZRLAw#FJeKzk#CfTqmYV#BntsblicHUSNhprIjvDEXOWP,131.500000,2193.000000,54.000000,0.663366,1
16010226,O#lz#PdI#FkTw#naocr#gfHhAm#VSjpECy#KxXNuqiQJGWvDZLMbetBYRsU,160.000000,2931.000000,57.000000,0.560000,1
16010227,F#Yk#EQw#edan#sPNuR#vjHbCp#thJLKxV#mSIcrXfTlZDqOGBMogWzyUAi,142.500000,1579.000000,53.000000,0.569149,1
16010220,z#fw#lvO#hIQk#DSqoF#PZdVaR#xBMcbmW#jnXiugrestLKTAYJCpyHUNGE,125.500000,2866.000000,47.000000,0.627778,1
16010228,Q#DH#nBj#XJza#Gqlev#iZkhFr#KwmuCbV#gdpIcPMUOLRSoWEtYxNAsTyf,127.500000,2767.000000,45.000000,0.659091,1
16010230,n#Hy#zqB#KGmM#dUaeP#TLSkCr#VQDilvO#bXFgpjuJYWNohRfZEswtAxcI,162.500000,2673.000000,50.000000,0.569307,1
16010231,O#Zt#blf#wLua#gQkTy#hoNnvs#GjIpJCm#VDcFedBqSUMYXiARHPrKxEzW,152.000000,2458.000000,59.000000,0.589623,1
16010232,U#Yi#RTH#nNOl#ZWghd#vXGEPq#zAcQSFM#xpomCewDILKbJjyfaukVBtrs,129.500000,2058.000000,39.000000,0.680723,1
16010233,w#SR#pON#yYQG#qibCc#BsjDAk#graELuV#tzTZXKhFPxlWfUMndIHmJeov,105.000000,1631.000000,55.000000,0.571429,1
16010234,m#Zp#NtC#TRJL#Ouocy#DAYakn#UKbrqxi#MvSfEHGQhFgzlejBPwWVsdXI,122.500000,937.000000,58.000000,0.575581,1
16010235,s#yn#tWO#cjQN#mbKBM#GkzPoE#DVRXTvl#iFCZgxLdSYAIewhUJqfpaHur,135.000000,830.000000,48.000000,0.595506,0
16010199,w#Gz#MCa#ptvB#FfsZK#TVrebm#QjIcNXL#WElRhuHoJdkyiPxUDSgOAnYq,146.000000,2159.000000,55.000000,0.541237,1
16010229,y#Xe#zAp#MIaN#kSslG#WZvtVw#YqCfjKU#dobThOBLQixuFPRJHcnDgmrE,104.000000,1532.000000,37.000000,0.756250,1
16010219,v#QT#ebz#BOka#icYro#tFqPMn#ESAHlyW#UuVCpXIdmgJxGLNjfRZwhsKD,122.000000,1533.000000,62.000000,0.564516,1
16010236,n#eT#lZM#JPCz#WOjHc#RFiybN#sXxfIBr#GSVKaAoqUEhtDkvupmQdgLwY,89.000000,1059.000000,27.000000,0.786885,1
16010217,i#Em#VSg#jCZb#fuwqL#aoIpPB#dGFszJX#RYOlhyHWvTKceUkrNxMQtADn,135.000000,2170.000000,50.000000,0.605263,1
16010218,x#Fb#LRM#sZBS#GkdWE#QUvHpA#rDteJli#fjzXuITomKghqwcCVNYynaPO,150.000000,5053.000000,70.000000,0.448113,1
16010202,A#jC#DJg#FLQu#chUsB#oPmzGV#IvSNwnx#OYXZbEterRpqdWHyikTalfKM,96.500000,1612.000000,43.000000,0.635714,1
16010203,o#Av#pTa#WGIl#ftKkF#ebORgB#sqrCHux#YnzVUmDEwLNQiMXhcJjyZdSP,114.500000,3486.000000,54.000000,0.581395,1
16010204,B#oR#Avm#YXzn#IsKgq#UdHJeE#VtFpaPN#OCufQlbyiwMcWkjxSrDhLTGZ,136.500000,1038.000000,48.000000,0.593023,1
16010205,O#wz#PYl#Totn#qgDZf#rCNpSk#VJXaAQy#edBvIKMWRUcGFLuxsmHijhEb,143.000000,3042.000000,71.000000,0.491228,1
16010206,t#Ke#Skr#xyhf#VTZOW#EGAzQn#podcXbi#lYjuNDPFLwMHBICJgvamsRUq,146.000000,3570.000000,45.000000,0.623596,1
16010207,h#Ct#xsF#YURz#BpGie#ZuvSbl#rPAJocE#wOXLKmDIMyHknVNfqTQagjdW,133.000000,2595.000000,49.000000,0.646067,1
16010208,B#vK#FwT#Lpoc#VPfQu#UXjmEC#tqSZAsN#rzigOGeHDWdMbRanxkIlYJhy,161.000000,3761.000000,54.000000,0.590476,1
16010201,c#nC#fMT#BNLZ#wqyQt#lIiRHh#oKYEuDk#SUWmrXdaPOVsjFepxgAvJzGb,154.000000,4378.000000,53.000000,0.580000,1
16010210,s#PN#YLm#BdZh#kwRVG#KgHEST#baXpyzO#jiuqctJnArlCIfevDoQxFWUM,145.000000,2369.000000,50.000000,0.605000,1
16010211,N#Rr#cxb#lpAn#vHziq#hKkVgB#ouIZWdP#EYtUFCDXSLwsTGMQmJjefOay,138.000000,1738.000000,43.000000,0.629213,1
16010212,L#Ru#OJY#mMiK#ajnvF#IrQyCV#NsXdkTA#gStcHfWDqzxZPbpwoGeUhElB,120.000000,1414.000000,62.000000,0.510638,1
16010213,K#Go#CES#Hwsu#IeZvt#JLVjma#lFyxiOg#rndqTpNfAbUPQcWkhYXRMBzD,138.500000,2484.000000,36.000000,0.659091,1
16010214,l#Js#OqB#YZTP#wibMS#dxNanU#EvXHufm#FKCADWIpzcLykoRthegrVQGj,128.000000,2926.000000,50.000000,0.664948,1
16010215,H#oC#Eta#QNXr#uTRfj#qxhwLm#IpkcPFd#UlyZVbvSiWBesDngKYGMJAzO,132.500000,1956.000000,50.000000,0.625000,1
16010216,n#Kc#faB#MQSb#wrLNV#qTIuxX#WEhROpd#lGytmjeFUsoCvgkYHziAZJDP,100.500000,2173.000000,66.000000,0.520619,1
16010209,C#ts#ehF#SuxT#mUAqy#OBdWJX#gMNRaHV#QroLcDPvjnilZIbzpEwGfYkK,128.000000,3486.000000,53.000000,0.586022,1
16011058,h#al#QBt#WSgZ#rvmCz#ixJbEq#dDfXVRN#cpHesykuATnIoYMPjUFKOwLG,129.000000,1651.000000,43.000000,0.593750,1
16011059,U#MT#zef#Rspx#uKdFc#ZmvYWo#GEyhqbn#wAtLVgPOaIlCJjHDrXQSkNiB,128.000000,1332.000000,45.000000,0.651685,1
16011060,K#mG#nWV#PsHT#XtzED#CAquFJ#cZbNOoR#krUeMwvSBpQafxyiLlhIYdjg,138.000000,2209.000000,69.000000,0.495000,1
16011061,D#qJ#Zuc#GLnB#vOyrF#UxwoRh#lPpbgaN#siTeQjkSWVdMCtfKzHYmAIXE,127.000000,2278.000000,40.000000,0.678571,1
16011062,U#LR#bkZ#SdYi#uqDKB#IsVovt#crefACj#HJywmlxTzEagWMXFnOPhpQGN,123.000000,2628.000000,44.000000,0.625000,1
16011072,m#wD#aKX#ogjL#IWUku#PlySqv#bAQHtEp#MChBnxVzfJirNOYRZcseTFdG,162.500000,4096.000000,51.000000,0.618280,1
16011063,v#Za#UcJ#dyMz#pIXtN#urhlfH#esqDxAk#EBFKbLngPWTGRSiwQmoCVjOY,120.000000,1706.000000,51.000000,0.579787,1
16011067,c#uF#ZJl#Yhkx#rGTLU#PNXajO#BsWACot#dewzipqnmIvbgEfSDKVyHRQM,122.500000,1109.000000,40.000000,0.676471,1
16011065,A#nC#vsq#HRdN#BVXOD#FMKiJY#QPpykIo#zmclxgaLWUGhfEjretuTwSbZ,191.000000,5253.000000,56.000000,0.562500,1
16011066,S#fK#tYm#NBRi#kVQbM#ysTdEo#DjlPnWH#UArXIcqgvCLGpxOaJwzhueZF,134.500000,1531.000000,43.000000,0.660920,1
16011068,o#cE#YNM#XqOl#VwIzR#dWpZsH#QyxPbLn#UTrjBgDKhGafvkumAetiJSFC,134.000000,1813.000000,55.000000,0.576087,1
16011069,E#Lc#THs#BJtY#mWOSF#XyvIeN#hbgqRuK#MViAazUQnpkCxDoZGPlfwjrd,124.000000,2417.000000,71.000000,0.472727,1
16011070,U#Ic#AHO#nyqC#uLpMa#gsWvXk#DEBTfYw#lrNbdVzSetJiZxQPFKhGRomj,146.000000,1721.000000,42.000000,0.725806,1
16011071,j#Fm#knR#IKYU#ZTewq#rSHMNB#yJVcgPG#fszbuoLOQdxlCvtaDpEiXWAh,175.500000,3001.000000,47.000000,0.584158,1
16011057,v#lC#PFi#kWzU#tpmDx#YrhqyE#QagZdBA#OIVjnMTuXeRHKoGbScsfLJwN,143.500000,4663.000000,66.000000,0.504673,1
16011064,L#ma#UFd#YhrO#oVDvX#ZfQgIB#wKWlCpz#RiNTjqcexyGtbSAsknHPJMEu,106.500000,1215.000000,58.000000,0.540230,1
16011056,V#gm#RXx#SsFd#cCyaJ#ijGbwl#AKvPrWn#YZeNuzfkMpHDThtLEQqoUOBI,124.500000,1701.000000,50.000000,0.583333,1
16011047,K#Bq#kum#OgCx#eIbwt#VdHpYj#RJnrfSL#FaTPMNWADlXZzEyoshivGcUQ,118.500000,1723.000000,60.000000,0.593750,1
16011054,y#vP#DUr#MRbC#BVlNL#ufTxQn#zKWZkGc#aiqHmESoYFIhdewJgpAstjOX,169.000000,3411.000000,49.000000,0.569307,1
16011073,R#Bd#AFe#CTpz#nyrNt#OxPVKD#omsXqEY#IhLSJQUHcMWfZjuawkGiblgv,121.500000,2234.000000,77.000000,0.438053,1
16011038,h#De#gry#QXlO#JicjC#YHATfZ#xmIBuMv#LwtGUNzdsaoWSKpRFEbnkPVq,152.500000,3834.000000,48.000000,0.590426,1
16011039,u#Qs#LAe#qopG#xnEMr#vcBOyJ#CWiXzTV#IDYHblKfSNgRhFawZPjmUtdk,121.500000,2100.000000,62.000000,0.516667,1
16011040,H#of#SVm#Yiph#taCey#gGvzwn#sRjcOJE#DqbuXBPTIlNdrFWUMkQZxLAK,148.500000,1550.000000,55.000000,0.570707,1
16011041,z#Qg#vlJ#BRPm#GfLXc#jFdTus#DAVekYn#txHqNpZoSUbMICyKOWrEhwia,150.500000,3662.000000,52.000000,0.570000,1
16011042,r#sj#iCp#RLJU#gtcPf#mhvMBK#DHyElZd#abwAeTxQnuFkWOXNSqozVYGI,108.500000,1366.000000,40.000000,0.689024,1
16011043,K#ej#hdE#lSJp#TrMwu#zPnbaf#QxIcsXZ#DBFmiNkvOyCHgRVqLWoGYtAU,153.500000,1910.000000,58.000000,0.550505,1
16011055,k#lA#jgo#aMnR#UIexQ#BfHLqz#NTdmrcv#JhPDtYCGbOEpwXVsuKSZWFyi,145.500000,3828.000000,62.000000,0.494318,1
16011044,P#KR#XaJ#omHs#vyzNi#VdqhQc#FEGZgtT#pxMluDrSwIWCkLYfUjneBbOA,120.500000,1535.000000,41.000000,0.689024,1
16011046,x#en#ziA#HpDC#tWSQF#KqsBNw#yhocdbI#XUMVgvrmTajZfEPJkuYlGLRO,113.500000,3006.000000,58.000000,0.614130,1
16011048,N#EM#Ber#SvWb#fRtFC#IZmiaw#XhKjOUk#nJopxzGuHQLTgysdVclDqPAY,168.000000,4753.000000,47.000000,0.574257,1
16011049,W#Di#ZcN#dfMa#VTmeY#UKjhpF#AzHGwOo#RExgJrCQqBkLtXlbSunPyvIs,134.500000,1564.000000,46.000000,0.619565,1
16011050,z#KB#beI#UJAl#gLfyR#xTrCNt#mknQoHD#svXOhpidYuMcwZFPaEjSqWVG,124.000000,1485.000000,52.000000,0.629213,1
16011051,o#as#GHe#RmwN#buAxr#TFkVcd#ifnWUqO#ptzILMQZJYvKPXCDBlShjgyE,102.500000,2211.000000,45.000000,0.631579,1
16011052,s#Cq#MtK#JSbr#LijTd#whAuUP#GFDVyYN#alpkXmzZOgHfEevRoxnIQcWB,101.000000,2556.000000,41.000000,0.818681,1
16011053,W#ev#LzX#YKQT#txdNJ#nrByHC#bpRkPDa#uoSUmqjEAFhwiOcGfVgMIlZs,120.500000,1798.000000,59.000000,0.644144,1
16011045,B#jJ#qCd#QsZH#DkIyg#VpXavA#SoKhGmN#FzWtxcirREMfYeOnLlPbuUTw,115.000000,1609.000000,52.000000,0.555556,1
16011074,Q#yC#Gim#tjqE#YZJux#KBnADV#WsRgTwz#kXPvlSNeUcHLrMfhapIbOdFo,171.500000,1035.000000,50.000000,0.606796,1
16011113,l#sg#JIa#vFDh#rTyoZ#zfGkHV#LxBtjNe#dUmCwMubWnXqAQiEROSKYPcp,161.000000,3101.000000,50.000000,0.578704,1
16011076,C#TD#ugd#wOsa#QUqtK#VkyRXH#JzNipjn#MLeYPZShvGlbBorFImfcExAW,136.500000,2354.000000,48.000000,0.587912,1
16011097,Q#FP#xlA#Ccma#utONn#vkJheg#EiKXbrW#UMqsRVDowTYdHIyfLpzBjZSG,156.500000,2473.000000,52.000000,0.631313,1
16011098,X#rv#Rca#jTHY#IAytL#uhgdVl#EipqPNo#CJOwmDznekUsWBxZFQSMfGKb,57.500000,71.000000,52.000000,0.587629,0
16011099,Z#Gu#xki#ljMU#QPqyt#VsgDXn#hdwomON#fezCYFBrLWvJEaTRKbAHIcpS,132.000000,1223.000000,58.000000,0.571429,1
16011100,D#LC#qxn#gJtS#GpWPM#sifQhv#HAXEOcN#oUuzTjYZwyrRdVaIBbKmlFek,155.000000,1424.000000,50.000000,0.626316,1
16011101,f#Pg#MVq#ZLle#odAxn#REBiIU#cFrTSba#mOtpvCYNJQzwsjGHKWuyhXDk,122.000000,2991.000000,69.000000,0.500000,1
16011102,G#dk#TxS#LIbU#XsnKc#ylOVBE#HgQwaDC#PFhzWJZNjpvRqroYiMeufAtm,137.500000,2536.000000,55.000000,0.574468,1
16011103,G#nk#HVA#QScd#ZoMJN#DKhRLt#FvOYsIf#qxgEPyzWleuBTCmrwbiUpXja,132.500000,2638.000000,53.000000,0.622449,1
16011096,F#Ab#ycD#eWpJ#fPEtq#UuMXSK#NCvzkha#InYBGxwojHsdTROmLZgrQliV,119.500000,3407.000000,62.000000,0.535000,1
16011104,D#OE#IuF#JLMg#KXPZR#AylSts#cpavqeT#WCQrBbYVidnjmhwxHkzfoUGN,130.500000,1535.000000,51.000000,0.586022,1
16011106,x#aT#kmZ#bSDy#uzfiE#PrtwWH#QqFlVXn#McKIdoURgpevOBsGhNjJACLY,113.000000,1684.000000,58.000000,0.500000,1
16011107,a#Hn#fVE#dxtJ#zCcuk#QZPrby#wTgIUNm#slFASYvRKXoipqOGeMBjLWhD,128.000000,1464.000000,42.000000,0.626506,1
16011108,B#tn#fqz#ZWbJ#URHpd#vwGeLP#SiNoMCT#sEulgIxymODAcYKkaVrFhXQj,137.500000,1426.000000,61.000000,0.519608,1
16011109,Z#nL#qpo#YsrM#cWKba#EFSUHI#OdCQPuD#NVykAXwfgRBzTeGlxhvJimjt,118.000000,1833.000000,58.000000,0.546512,1
16011110,M#XR#Kbn#BkJQ#atPof#ArhUND#OWlgiLv#qYTsduHFpweSVImEZjzyGxCc,150.000000,4371.000000,64.000000,0.500000,1
16011111,Y#xz#QBS#aORF#cWbhT#UgMZVp#JsiKtHD#rlACwXNomEdLukqIjPfnyeGv,170.500000,4950.000000,56.000000,0.509804,1
16011112,G#ak#YHh#XvLr#TpImd#tlqAsO#UzRJunw#ZceMbVDfjCFEBogyWxKSPQiN,118.000000,3161.000000,52.000000,0.635417,1
16011105,V#LN#KsH#OayM#mRnhE#FGkIvf#eTcdWol#UirYzugAJtCjBXxZPQDbqwpS,152.500000,2333.000000,43.000000,0.617978,1
16011075,g#UC#aTB#WAKy#hlpcX#JqMsSH#OkIZtvf#neQxmFDiPruYjEzLdVGNowRb,113.000000,2556.000000,40.000000,0.648649,1
16011095,D#yI#KcG#kSlA#rwOQE#hWvHNp#jXfgJzU#FMuTeBZaxmLbPVnRsiqtYdoC,143.500000,3662.000000,49.000000,0.596939,1
16011093,y#SJ#DZV#xLwO#Toraq#MsHBlA#vQXeNgU#kjifnhPcRGFmubpKzIWtdCYE,111.500000,1444.000000,54.000000,0.641176,1
16011077,A#Ik#OGz#NUqb#HaBvC#FQejml#fcKXsuo#MWLEiRTpJPrDgnhYVydZSwxt,139.000000,3828.000000,62.000000,0.477778,1
16011078,C#ft#FhP#AwlR#QEkeH#siNbzn#cOVXBao#qrSWxKMpDuJZYIvUdjLgmGTy,170.000000,1594.000000,62.000000,0.538462,1
16011079,N#HM#EgS#ZAUs#xQtGj#XcdYDf#mWRJbpl#qOukaLvVCoiezKPTByFhnrwI,124.000000,3406.000000,56.000000,0.548913,1
16011080,a#LN#cJV#ZqMd#KGYwE#DSFrpk#WRCsexP#AhuIzftnQUmbjvBTXoygHOli,102.000000,1409.000000,49.000000,0.585366,1
16011081,q#pE#jzQ#VKmk#ewdTS#yRNYlA#urtnsLc#bHOJgCfMhFGaxUWvZoXIBPiD,114.000000,1891.000000,36.000000,0.669231,1
16011082,z#Hx#Tsn#hyeu#iLMIf#XlkPBo#wCqFSRg#cNQKjbZVODJrGamdvAWEpYtU,119.500000,2783.000000,49.000000,0.775000,1
16011083,a#ZL#vND#jiPk#tYBCg#lsxUmE#GzWhSTJ#HMRcKbQnwVFeopqOfIrAyuXd,122.000000,2865.000000,49.000000,0.610526,1
16011094,t#Ik#yva#EpcB#wUKQP#ZduoGF#STeDJHn#VOribxjAYLWNqMgXfzCRmhsl,124.000000,4466.000000,64.000000,0.540816,1
16011084,p#jb#PNS#xUed#VREWc#wqhBFD#MHzmZIn#gsXKuAYGvOlikfJyLrQTotCa,107.500000,3082.000000,54.000000,0.580645,1
16011086,G#rO#KiV#QHbs#jvWpA#kXxSqa#lZJIguz#yMdtUBDLfTFYhNCPnomcEwRe,130.000000,2031.000000,33.000000,0.675325,1
16011087,d#mc#GXi#fjvT#bwxaD#gukpPe#hVMtHRz#nJIYAZUKBqOFWCrNSsLlQoyE,172.000000,4189.000000,41.000000,0.604167,1
16011088,C#jc#nXb#POVv#lYNaJ#TGhUqM#kRfoEsI#DLBuZdyxKgtFiSWrzQmeApwH,111.500000,2716.000000,43.000000,0.656627,1
16011089,T#FW#Jkj#fnzv#tAhmU#EDMaQw#LigZOqu#CNRyrcBXpbGsxPHSodKIYelV,171.500000,5565.000000,61.000000,0.500000,1
16011090,Y#PE#dqu#pIVQ#wXOcJ#HFaNSh#mLziBZT#CtxjbGngvloAUryRkeWKMDfs,204.000000,5253.000000,43.000000,0.606796,1
16011091,U#sp#ieY#nVIH#PvGJM#odkyDF#rmchTqb#XtwNOjQafZExBRKALlCguWzS,141.000000,2647.000000,60.000000,0.494792,1
16011092,a#Aq#KIL#yXNw#EtHgC#MSozsd#vhJnmjV#QBeDTkxiZbWPrOfpYcGFRulU,153.000000,2755.000000,51.000000,0.557895,1
16011085,N#Qw#ZdS#tEhe#rkjHD#piBLsx#RVTnzoM#OaIGCPFWyKcfUYAglXqvmJub,141.500000,1774.000000,51.000000,0.557292,1
16011037,j#Vz#yYl#IRgp#eanJQ#mbxsDv#cAdHiNr#wZqKOotUWkBShECMLXPTuGFf,139.000000,2136.000000,63.000000,0.515957,1
16010958,o#Ic#Sxv#Nzfg#PGkLX#RqCwEB#ujUneJa#rOdDFmbisWVhlTHAytMYQKpZ,123.000000,1789.000000,48.000000,0.625000,1
16011035,z#yB#ZNR#MtAs#hvCbS#uDJwEn#PcekLGV#IxWUXjqKdTQlpmOgFYHfario,116.000000,1888.000000,68.000000,0.590476,1
16010978,D#Ge#KSm#BoWj#qpQXE#PtTuvC#xcnJwyN#IHMbAkzOVsfgrhZlRadiLUFY,101.000000,2148.000000,44.000000,0.623188,1
16010979,d#gr#hCV#GpQj#kEqeA#uMfDNx#UWbZiRL#TIlYvtKHsmScJoazyPBFnOwX,95.000000,1154.000000,57.000000,0.597345,0
16010980,u#eR#kAL#wQrU#BOszn#KXMGop#vHqENmt#FxdayCJIYjWchTSDibfPgVZl,130.000000,1632.000000,52.000000,0.620690,1
16010981,n#Fk#ilS#DIeH#CTthE#BJwLUP#qcjpxQa#rOoyzKVXRWbGAgufmNdsMvZY,163.000000,2453.000000,61.000000,0.514423,1
16010982,w#mt#gnr#EUhs#JYCoQ#KPMuZf#ibFORVB#qSHNzjDXlGWAxdcyTavkpIeL,160.000000,2377.000000,59.000000,0.530303,1
16010983,r#nq#mGC#MVkz#SBPfl#WixabK#FwyQNAE#tcRjeZTJouIYspdvDOXUHgLh,149.500000,3745.000000,52.000000,0.600000,1
16010984,I#lX#Zzv#PjaJ#Qtpmx#BfkogA#hbWRHqy#GCViwdNcOSnLDMEsFKUTYreu,106.000000,1344.000000,54.000000,0.545455,1
16010977,L#qe#hJW#XSAk#DOPrn#pHKtZw#zRbEYau#CjgmixclTUGdMNvoFsfByIQV,113.000000,1381.000000,44.000000,0.628378,1
16010985,W#zZ#JkK#fvYX#jSAGx#EdrOPc#CsLTnIy#ViUFumBeaRtQlhwNgpqoMDbH,119.000000,1583.000000,49.000000,0.597701,1
16010987,U#nc#eEy#MKaZ#roVjX#FGkwNQ#IHisJCY#uSlPfWbvmRxtDzdLOhgpqTBA,116.500000,1732.000000,39.000000,0.688312,1
16010988,y#hc#UKS#IqxT#RpHZu#EBeXWr#YdQmjCn#svlDPAVtJkwzMNLgGFaifboO,151.000000,2063.000000,51.000000,0.528409,1
16010989,Z#Yq#QRS#uKyi#PtgLA#UoabOF#HrBpzmG#WhcCVsjnfJvwkxNdeXDIETlM,114.000000,2701.000000,43.000000,0.662162,1
16010990,c#HF#jOt#ZWCa#iMLef#wpNyvU#SVusmKI#JoBxdQERXqzghDPkrYnlAGTb,160.500000,1615.000000,52.000000,0.616822,1
16010991,v#bn#cex#HBsM#Uzywg#RSJDkQ#ZtFhpXa#oEKWVfPdujiqAlImTYLrGCON,116.500000,1501.000000,43.000000,0.633333,1
16010992,f#Yn#uCD#gTNx#zMGmQ#FUJaAv#ikqBRZh#ecPWrbKXyVdLHSwjEptOIlso,140.000000,2101.000000,44.000000,0.608434,1
16010993,M#LF#ZxA#Dlsn#SUHQd#bWproV#YwqgfCT#eGkNyKzvOtmjuXiJPhREcaIB,120.500000,2656.000000,61.000000,0.516667,1
16010986,K#SZ#NCT#rPpf#UynYL#VjqsuI#dDxzEQJ#gaGtAXkFOWcbHheliwBMovmR,143.000000,1817.000000,48.000000,0.676768,1
16010994,Z#UI#TSa#LgHf#nJRNE#blmAro#CvGdPXt#zBypDKYshMkFueqciOwQWxVj,128.500000,1807.000000,52.000000,0.565934,1
16010976,z#ZB#PQR#qAXL#COrNT#MFuSfm#xoadHvs#DpwVnjKgYWhbticGkJUlIyeE,112.500000,1947.000000,56.000000,0.708333,1
16010974,o#IY#tsP#Amgn#XMkEC#cwxfOJ#KiTvluH#SVjyLaUWbzeQdGRqpFrNBZDh,109.500000,1188.000000,34.000000,0.727848,1
16011114,S#Nq#YLj#aBkl#rUzfn#eEugMR#bGtWAwZ#PhpxoycOTKXiCvmFsDVIdQJH,146.500000,2283.000000,61.000000,0.494792,1
16010959,w#Nh#OZi#aQkK#lqDeL#UtHMTn#dEzWsup#AVjrGgcFSIBXyvYRoxbfPmCJ,128.000000,1372.000000,48.000000,0.562500,1
16010960,H#Yn#TfQ#KvGi#mAEow#ULzeuN#dtWFPbs#hSkIlqXyacBxZRgJOrjCpMVD,89.500000,1177.000000,27.000000,0.827273,1
16010961,s#IS#kbu#OKcg#xypMz#eFnlYd#EGRhXtC#mJwUZjvoHLqNQfVBAiWTDraP,139.500000,1779.000000,57.000000,0.575269,1
16010962,M#BT#hQY#GFIv#upafC#zEPOwt#eRJWbsr#XdogViKySLUNkAZcqlHnjmDx,133.500000,2367.000000,51.000000,0.627660,1
16010963,f#Nx#rGa#mtSv#CHFET#hKJuwZ#lMdYVkA#QbzOioLyBXDIcRPUsgjqpneW,162.500000,3285.000000,51.000000,0.571429,1
16010964,t#uJ#gcV#lOZk#wiDSL#nPfRbY#adGxqHN#EXWIUAezBQjmoprhFsKCTvMy,128.500000,1525.000000,46.000000,0.633333,1
16010975,l#OP#ZJh#YtsH#uRQrz#pIGNbd#oMBSCLj#VEgTkxmyDcvXfqwneUiAWaFK,135.500000,2511.000000,55.000000,0.538043,1
16010965,D#lP#Zkn#JNSq#geKRH#zfjBhT#MIQbOmC#UauxyXcirsLEYAFGpoVWdvwt,115.500000,1439.000000,54.000000,0.619565,1
16010967,i#Dt#KRP#qGNM#zsoVJ#LTmjbc#XSUCQZa#WYFBfAOkydxngvuHrEhwpIle,110.000000,884.000000,34.000000,0.713333,1
16010968,Z#OK#irg#PDCk#jMdAF#weJhLt#XBcGsER#xHaUNnTQYobIvSVzymlWpqfu,124.500000,3741.000000,59.000000,0.522222,1
16010969,u#DZ#MPy#KcRI#NVdYw#zLxnfB#sWGaprt#UCqOAJFQbXEHmvljieoghSTk,140.000000,1815.000000,47.000000,0.627907,1
16010970,O#Lk#oYU#aEsj#AlBVp#cwXNGJ#RqhibKr#gTQdeCfFuSWIPHnZvtyxDzMm,177.500000,3075.000000,67.000000,0.509091,1
16010971,o#tD#xhA#ZgGu#OiwQW#rSydER#vpPBMjl#NUXmFqCfJzVKIbnaTeLYcksH,121.000000,1292.000000,50.000000,0.637931,1
16010972,s#ep#WMD#ULnz#dfhOQ#CrIowV#qBxkbZH#uPRKGEiTlXtgvYcNSFAajmyJ,129.000000,3576.000000,64.000000,0.489247,1
16010973,o#Mi#htR#Frmy#bCeYG#scfDzd#gKaZXAq#nkNOjEWUuQTVvJSIHLlBpxPw,118.000000,3403.000000,57.000000,0.630000,1
16010966,m#vr#bRu#MwUI#CKJAa#ckSFWV#YOgpoZt#DxznPEGHQjhXqefsyNidBTLl,91.500000,2284.000000,45.000000,0.641892,1
16010995,q#kg#rwA#PWyN#DxnXF#MpYOzG#VujvQah#LKJtebfsTmdZoElURSIcBHiC,136.500000,1372.000000,40.000000,0.769663,1
16010996,F#kR#hsY#nTJZ#EBoux#twIviH#XUQzgya#rcfdCOqNGjLeSlVKDpbMPWmA,117.500000,2485.000000,37.000000,0.693750,1
16010997,R#YO#kSy#NGuM#fVFKQ#eaowni#ltUbPCp#AvmEWBxZdjXLHIqsczJTghrD,151.000000,4371.000000,59.000000,0.541667,1
16011019,K#Ju#GDC#tpor#yxfqg#PiAhdj#TOmHMsZ#FnUBecXSRQlwvkLWVEbazNIY,112.500000,988.000000,38.000000,0.740506,1
16011020,P#yh#dvI#pbcs#tRxeN#kUXQLl#zVWmnSa#qfYFBAMGHgoKZiuDTOwrJCEj,159.000000,2281.000000,55.000000,0.535714,1
16011021,T#nj#qEi#JwAN#sXeOH#DdGWzR#BpoaChf#tFULyvuPZKbVMrIYQSlcgxkm,78.500000,174.000000,52.000000,0.672897,0
16011022,a#Um#VLY#fpXG#zNMrD#tQvABj#ghuedql#TnHEkPoKWxOFbZcRwJyiICSs,102.000000,1443.000000,53.000000,0.607595,1
16011023,R#GH#TuU#dVyE#rNDoi#jSLzps#MIqcYAw#tXnmbkaJCQvPBKlegWfhOxFZ,90.000000,475.000000,53.000000,0.640777,0
16011024,d#Dt#cjO#FuZH#hspSq#bGyTKL#roJeQlR#CzIWaPmYvVwkxfEiMUBNnAgX,157.000000,2603.000000,58.000000,0.505263,1
16011025,P#iL#yFp#QuKb#HnzJN#dtIxYM#UeVjTRm#AvclgrwOXsGhkEZSqaoWBfCD,150.000000,3741.000000,46.000000,0.563218,1
16011018,H#ma#FTI#lsyK#QGJxh#dRfDUC#kvbtpWV#NZLPjYwzeEMcOoBAguniXrSq,98.000000,1978.000000,45.000000,0.625000,1
16011026,X#om#UZQ#OvHx#GjyWg#zFtRsC#TSAeIlM#dNKhbuEkJpfwPLqnaDircBYV,112.500000,1305.000000,41.000000,0.644737,1
16011028,D#Ai#eLg#ymYS#UxMdE#avhJOk#broFcRH#VQXuZNqKptGznwPjsTICWfBl,166.500000,1912.000000,67.000000,0.467890,1
16011029,V#Ws#aGq#bHkJ#KplvS#ETQChr#jFAfYuP#xBXdDctRyziLwZngMOmNeoIU,177.500000,5995.000000,71.000000,0.490991,1
16011030,E#Uj#lnX#SqmI#thPCd#xMprGR#eBKHkuc#zQAWwoayvVYgfFOiTsNbDZLJ,110.500000,2775.000000,51.000000,0.619048,1
16011031,C#WY#yJQ#cXxI#FhDpz#AHqOmZ#gevuwPd#RrfLTVUstNoiMkbljnSKaEBG,150.000000,3790.000000,59.000000,0.518692,1
16011032,y#Zb#uEt#PNLn#qmhAa#osIWHQ#kSTDMzv#OVGFcedRiCjKgprwxYUfJlXB,92.000000,107.000000,45.000000,0.633663,0
16011033,r#FT#awW#kCun#ziqDL#eIXEPf#SNymMvd#xVKlgjBUJtGsORZhpboAYQHc,159.000000,1294.000000,44.000000,0.595506,1
16011034,K#MY#dZn#yImw#zoJvj#EGxDBg#WiqLUpR#ausrckhSTbAFPleQNVtOHXCf,121.000000,1224.000000,38.000000,0.637500,1
16011027,i#Rf#Tdy#ehGu#gEqks#XCjpYm#FJvQObB#wMtlZnLVzNIaxUADrSPWHoKc,132.000000,4465.000000,62.000000,0.510526,1
16011017,J#yD#svZ#maSI#MwufV#xUQAkP#gWKHbEz#BqCYXnTpdLeliRjFrNGohtcO,147.500000,2311.000000,47.000000,0.597701,1
16011016,Z#kL#PON#RilM#Xpygn#crDqwe#AaBUbsC#ItGjQzJoWTdSYHEfuhvFxmVK,117.500000,1896.000000,67.000000,0.526882,1
16011015,r#Tk#qJB#sxLf#lpSDw#CoNjWV#dUncmMt#ivzghAEQPeXKaZRYFGubyOIH,132.000000,3756.000000,68.000000,0.468421,1
16010998,S#Pn#kCD#sfEv#lKTMc#uZWJVa#mrjOtAN#IidUeghqbxHozwRGFLXByYpQ,125.000000,1270.000000,47.000000,0.632184,1
16010999,i#VQ#TRX#PHoc#mMSKz#lduBex#rfyktYW#AwjIhsbpFnCGvUOLZqNaEJDg,131.000000,2249.000000,53.000000,0.568966,1
16011000,C#xV#eGq#PYDf#XvyMB#WTjAdH#LipmEKb#RNwrFQsOlghoZJUSnuaktIzc,189.500000,3116.000000,61.000000,0.500000,1
16011001,I#Gi#WNw#gxek#hdMfZ#UVBQHD#vTFjsPC#mLqKzcSbtolypYnarEXOJARu,176.000000,2746.000000,52.000000,0.575472,1
16011002,S#Df#FQu#zlAn#PwKUh#jpOMXi#qeVcYNC#GdxHygbTvBsJatkrmEILRoZW,144.000000,1619.000000,61.000000,0.725000,0
16011003,X#dn#eKc#vyYV#gkuxB#oCrpwJ#QAWZDMI#PULOFlRGNfsabmihTSEqjtzH,152.500000,1786.000000,65.000000,0.522727,1
16011004,E#Iu#baz#rsOA#Dvfyq#htigld#cSLeBwN#MPXGFJWkpYTZQojKxURHmCnV,134.500000,1298.000000,56.000000,0.564516,1
16011005,A#Wq#PwK#gVGj#hFesT#tnCzkp#yabYOZQ#BdIlmExiMSRNvDUXoufJHLcr,152.500000,2134.000000,73.000000,0.478448,1
16011006,i#Ua#ImM#dkDo#RlGEJ#jXHuAf#bqWFwNe#ZCtLpQsOhYnKzxgycvBVTSrP,161.500000,3063.000000,64.000000,0.516667,1
16011007,m#Cp#Fuc#GVXv#brlyi#SZsLUa#EtKBgwH#MedRDxnzJNPhqYokIfWOAjTQ,166.500000,3511.000000,59.000000,0.532110,1
16011008,X#sJ#hHQ#gSTm#wObup#yYUjie#ZRrBCMa#qkLVItKNFAxPfzDdonWlcGvE,132.000000,1650.000000,47.000000,0.619318,1
16011009,i#PB#aNn#ErGd#UMqjg#XsyTub#FIYhQzH#WSptmwClovVfxZecDAKkJRLO,112.000000,1620.000000,53.000000,0.586957,1
16011010,v#OI#qjE#uLQG#tmkHM#VbRaWs#onlpXUS#cxrDBzeyAFPNZdgYTJKhwifC,145.500000,1669.000000,47.000000,0.631579,1
16011011,z#xl#hNj#yQPt#BAiRk#qeUgur#bndYMED#pFvmwWIHTLKaOZXcSCofsGJV,129.000000,2826.000000,63.000000,0.534653,1
16011012,z#ZD#YPm#wHGU#RTdsK#MnAVCl#hocStvj#pIxqkXyLQiubOfFJrBegNaEW,97.500000,940.000000,33.000000,0.746479,1
16011013,m#vt#bes#ZBxk#NFrcD#QYWyfn#GpSOMdT#JIXwjzEKULHVPouiCagAqhlR,122.000000,2854.000000,54.000000,0.523256,1
16011014,b#lf#VCt#nNDu#JidFx#qeIOvm#GyjSWrT#pRzMwEBXUcZYLkHhsAKoPQga,154.500000,2241.000000,62.000000,0.550926,1
16011036,j#pM#XPi#yILH#TCozr#WZDmAg#ElueUks#qcbwBSQxGdJaKNFhtnvORVfY,122.500000,1245.000000,44.000000,0.625000,1
16011115,R#sA#pDV#lJNj#WQSaL#xuPkiq#IgTzZeM#XBwYGCfOhHyFrtbKnEmocdvU,126.500000,2006.000000,55.000000,0.596939,1
16011195,f#eL#bti#AWGo#rdwyJ#ISTVnF#XKZpxQg#shPzauHBjlCqMkDOENYRvcUm,158.500000,4657.000000,60.000000,0.510000,1
16011117,H#np#QaE#gWhJ#quPVK#zfGkyY#RDUOBwX#tCmFbrSNxAsMTvjdlZoiIecL,133.000000,1890.000000,47.000000,0.629870,1
16011219,u#Xy#Doi#UYeW#nGPNw#tzJbAm#pOQIEkf#aHsVdlZShgvRFxLrjCqTKcBM,140.500000,1368.000000,43.000000,0.693069,1
16011220,M#Hg#FBf#SWhr#Cipon#bdzZPm#NGOeUTA#qvKasuLxEXRkjlQJVcItDYyw,132.500000,1041.000000,59.000000,0.623853,1
16011221,i#AP#TjY#zbDQ#KxXrn#ZtNCau#HmJesEU#SOBfIlkLcRWModqFwyvhGgpV,55.500000,528.000000,12.000000,1.236842,1
16011222,B#Dc#zVH#gXRZ#YFoPO#kMwbLJ#fjdCxes#tvmWQqSuKipUlnThAEayIGNr,169.000000,2734.000000,62.000000,0.523585,1
16011223,y#Ke#DZW#uUwM#GBJHp#CkOILs#rRzqhXn#QVgFPNmcfoxEjaAvTYtSidlb,99.500000,2850.000000,51.000000,0.566265,1
16011224,q#Hd#DrF#WepY#LwPSG#jNXCoz#tRQiaIA#MfOBkEJvlUxgVKcuhbZynTsm,114.500000,1892.000000,35.000000,0.821918,1
16011225,j#Sy#pIQ#Hnbu#XcTdv#sDkPBZ#qMieVOg#ArKUGtWERzClYJFofwahxNLm,121.500000,1263.000000,53.000000,0.554945,1
16011218,H#aA#dJL#RCWD#ufYqB#UZKoMQ#bEmskNz#vjTVyFtxcGghniOSwpPreIlX,120.500000,1541.000000,44.000000,0.594937,1
16011226,x#Ks#WVe#RNcF#rdPUq#tjAHGl#ovkMDXn#LgQBzChYJOawibSfmEpIZTyu,114.000000,3160.000000,54.000000,0.574713,1
16011228,L#JQ#AXn#pRGF#PvbOC#KsuWIM#BTtZilw#xDUrSdNzkyghEHemcfVYaqoj,151.500000,3184.000000,53.000000,0.561856,1
16011229,o#yg#DEi#eKJU#IYkfd#LCmbrF#pNqSMTH#AvhwcRtlujWXzPasBxQGOZnV,121.500000,1715.000000,65.000000,0.484848,1
16011230,T#gG#hos#kDzP#MZCdW#LIefVF#KXEmRub#xiqAaOjlStUNwnpvyBQrHcJY,127.000000,1203.000000,37.000000,0.632911,1
16011231,C#im#hnS#LKAe#cqpvV#dsgDzY#aPHBfEt#XkwOlyUuGQjWxNJFTMZoIRbr,160.500000,3376.000000,59.000000,0.586735,1
16011232,Q#KX#mCf#aIWP#qelkR#yLFOEA#onthrNB#cVxgDGpiHbzYUvdMTsZwSuJj,115.000000,1709.000000,63.000000,0.549020,1
16011233,o#af#QRL#IPTn#jvEVh#DKdzpM#UqCNsYm#ZAlBkubJSFHXGgexrOWwiytc,137.000000,2024.000000,58.000000,0.584158,1
16011234,j#Bg#UGm#EPwH#AXWsV#xlOSJn#FMviNoC#aYZRftykrupqzhcTQebDdLIK,152.000000,1467.000000,60.000000,0.515152,1
16011227,I#Qk#Dhj#yoFA#mbrLR#TwCuzJ#nqVYaZG#esUBcgWdMlipXOtEKHSfNxvP,132.500000,3570.000000,56.000000,0.523256,1
16011235,W#Fr#ocL#OiEm#fqbAa#UQnxDh#jzTVKlC#guZtYNGkIyBsPJeMSvXdHwpR,162.500000,3026.000000,57.000000,0.587156,1
16011217,U#bA#FdC#JfcE#QDMjt#izPNKZ#TlIupOR#mHnXGeYvhSqVowaLsgBrkxWy,150.500000,2792.000000,37.000000,0.680233,1
16011215,X#Oc#LtW#byPs#veCnu#KYmBHl#aDZdExo#TzAVgrIShRfkjiUJpNQwqMGF,121.000000,1793.000000,51.000000,0.600000,1
16011199,C#zH#Eov#OIkF#BDdWR#mSaZJg#NhAuXnb#eMsKpYtljqVUcwyrfPGLixQT,123.500000,1849.000000,60.000000,0.521978,1
16011200,F#oc#NvR#GKYZ#uVCTq#QgmtLO#kwWHyXf#SPedEABpnUrhaJzibsxlMDjI,139.000000,1427.000000,42.000000,0.843137,1
16011201,z#Yf#ejr#SAQl#DmENV#ihwpBv#dIxuqMF#KgbnHLUkOJZtcoXRPyGWsCTa,169.000000,4008.000000,52.000000,0.552632,1
16011202,A#HG#oEF#yZrC#RDveV#Txpadh#bzsnwPM#qifukWIjUBclLOQJtSYgNXmK,134.000000,2251.000000,61.000000,0.500000,1
16011203,p#yi#sxf#kZEJ#gdVme#XqUDtN#SMFvhPn#GaQbHoluIKzWCOcTBrwRYjAL,123.500000,1147.000000,48.000000,0.601124,1
16011204,V#hN#plX#SxtA#TsrOE#ePJIwy#WvCuFQo#zZjUDaBmqfMkHcKLnYGbdRig,150.500000,1604.000000,59.000000,0.671296,1
16011205,z#hZ#Ifu#LRAl#SDtGv#PnYbCm#NaxcUjy#KqdJEiOgMrwTkBspoHWVeXFQ,109.500000,1942.000000,69.000000,0.461957,1
16011216,U#Zf#zjP#SmiI#xuktK#QwoREC#slqrYbd#hOgypecBMvFLXVNaAGWnTHDJ,144.500000,1320.000000,43.000000,0.637755,1
16011206,c#rW#MAw#sbJN#TpEYV#Qhjfxg#dDetBai#luGZUCzqRHymonLFKOIPvkXS,135.000000,3570.000000,56.000000,0.546512,1
16011208,F#Sw#nYR#GdxH#yufcZ#JKQjmC#VTrEbLi#vOlgXMIWzPhUptaekADsqoNB,136.000000,3403.000000,51.000000,0.535294,1
16011209,W#kp#HnO#fdwm#oZhgL#EsleVt#XITUFYB#ibvSyzrxMqDQAPjRJcuNaGKC,158.000000,2724.000000,52.000000,0.587629,1
16011210,z#hf#FNi#ykId#cseuL#MUPRbn#jglXDZE#WGSBQpoAYJqHwrtmaVvKxCTO,90.500000,1618.000000,41.000000,0.740506,1
16011211,N#ut#yZR#oaDF#sGzCw#SlMHgJ#rYIXEOV#LqcjUpQKBnevAxhTbdWkfPmi,120.500000,1243.000000,48.000000,0.603659,1
16011212,x#Od#ilm#FCXo#TBwNE#vtYbcU#psHWDAy#JQIhkRqaSnrGKMZgejLzufVP,121.500000,1690.000000,57.000000,0.580645,1
16011213,N#bM#rGQ#Ytsl#zVvfE#XhaBAH#qJunLyK#dWZewOiPDSkFCxpToRjIUgcm,110.500000,902.000000,45.000000,0.631250,1
16011214,x#Vm#ydW#GXer#UYzgD#TRPblM#npOJqCI#shELBaHuKASfcoZFwijktQNv,179.500000,4033.000000,50.000000,0.550505,1
16011207,x#AJ#YIZ#DaSb#jiXQp#qtewKB#fvcFduG#ghmMVHCULWsEPrlzRNknoyOT,124.500000,3240.000000,54.000000,0.559783,1
16011198,u#zF#UXV#wOoW#mcbdN#hEfyZT#JpDBlqS#neMgIKCHxGiLrQvtjYPRksAa,100.500000,3082.000000,54.000000,0.593023,1
16011236,v#En#sKm#cfeA#PuGqS#rCDLUJ#oXTBdYQ#MtgZxibkaWNIVhzpwjyHlFRO,153.500000,4851.000000,68.000000,0.480000,1
16011238,A#BJ#uEC#opgO#tDVen#SdNbUl#KjRLcPi#YwxfIWQkGTrHzZMmFXhvyqsa,150.000000,2345.000000,58.000000,0.563107,1
16011259,W#gD#uoK#MaHZ#vYyVX#pQGFPt#rjzdsli#kBcnULNSAOqhJwmTECRfeIbx,142.000000,2611.000000,44.000000,0.718085,1
16011260,u#yK#AmD#Pnsf#iFcet#qJBUNW#HgQrwSX#TLEGRkZYjIMhaCVlodbxpzOv,137.000000,3242.000000,43.000000,0.695402,1
16011261,E#KS#ipL#xjbu#OBFdc#UPzTkl#qYRsNwZ#CnJhoVeGAtXaHWfrIvyMmgDQ,110.000000,2027.000000,57.000000,0.554945,1
16011262,U#cI#CSe#NKPg#Wbxhw#ovEqfV#JzDtXun#YBjaTlLMpmGiAFkQsrORydZH,104.500000,903.000000,61.000000,0.505556,1
16011263,T#yd#fgm#Nqna#xZGFb#ihRMIA#YjlrOED#XJtHcwKkzVeuvUpCSoBPQLWs,108.500000,585.000000,37.000000,0.825843,1
16011264,S#Qi#BjA#lYOz#IKGvR#eXwoZL#DyduHNk#TsCJVPhtnEMUqfpgWmFaxcrb,161.000000,2253.000000,47.000000,0.587912,1
16011265,y#IR#Osk#mieP#fdFgN#aKntMw#lhHzWCS#uTLjrDUqvAoVEZpcxQGJXbYB,146.500000,2248.000000,41.000000,0.664773,1
16011258,v#FI#Dzp#UZPa#BSNcu#nXysLq#fjKOiGe#MQCkEAdWrTHVwoJRlYxhmtbg,181.500000,3210.000000,61.000000,0.543478,1
16011266,S#fE#hZv#VoAn#iDKqe#tLXIxG#uUOmJYk#aQwrRTBzgcHdPWyNjCsMpbFl,138.500000,948.000000,54.000000,0.590476,1
16011268,t#BD#duO#RnsV#YLcaC#jmAeKk#PhroNiI#qyJvFHGzTXWSpUEfMlbgxZwQ,131.500000,3201.000000,73.000000,0.485000,1
16011269,x#Lz#Jvf#MUZD#woNEa#nbIVBt#GPuysOC#FcYSqWKedTRhrlpXHgijmkQA,112.500000,3081.000000,56.000000,0.531646,1
16011270,g#Yn#vli#KHAU#JeFIO#ESbxTy#WPtozjp#kZmMGCfNhQrXDqLdRuacVBsw,112.500000,990.000000,41.000000,0.671053,1
16011271,i#da#QHn#MXpF#ksVzR#YWNrjc#LlmZJyx#tAUCSDKBIPqueTGvfEwbgOho,167.000000,4615.000000,53.000000,0.592920,1
16011272,U#JL#aDf#KMnN#HwdPo#EbVWBr#qYexmpR#FXykAigGuZTlIvtczShOsCQj,86.000000,199.000000,45.000000,0.649485,0
16011273,Z#IB#sSl#byuh#pjvMK#xzGiLU#CQcEFVP#oAgdrDYkfeTmJtOnqaHXRwWN,161.500000,2015.000000,60.000000,0.530000,1
16011274,A#CD#NOW#whRc#kSbGY#poxfyB#ZtQemFK#dnPHsaLlMTJzgIrEqvXVUjui,115.500000,2065.000000,46.000000,0.656627,1
16011267,o#KE#ZQx#mjkS#RXcCY#IlJfup#MHTzNyg#bnVdUhvsiqOrBtWGADwePFaL,168.000000,4753.000000,43.000000,0.642157,1
16011237,t#FO#CeV#KxZN#SpBTm#srkafj#obJGXcI#qQgPWihuMvLDYlHnUzEyAwdR,138.500000,2905.000000,52.000000,0.634021,1
16011257,g#jA#WqH#TwaD#Bzpbn#fhcMUu#dGIEoxS#YrJvtXimKLFVRCPOeklZyQNs,148.000000,2116.000000,68.000000,0.509804,1
16011255,R#IH#TsF#LbPz#mYvfq#JVaUZd#WSQucjN#yGKhrnCAowtXiOEelpMBgkxD,146.500000,1399.000000,39.000000,0.629870,1
16011239,C#Ry#smH#tbJX#dNxFp#DfgnPr#UKYlciT#BSMZEzLohGvaOuAIjwkQqWeV,133.000000,1569.000000,43.000000,0.683908,1
16011240,t#pC#KRe#LiOW#uDvNJ#VUZgqQ#sPmScEf#YGBkrMFwIyanjAlbHoXdTzhx,132.500000,1699.000000,65.000000,0.485714,1
16011241,o#uh#Dbt#cgGk#HIXdl#REFmBM#KzWJqSv#arUinNypZewxjLQsPYCTAVOf,172.500000,4851.000000,51.000000,0.545455,1
16011242,M#LR#Viq#eFvI#anYtA#ZEcfSU#mJPyBDg#WwobudKhXCOjkTQxpzGsNrHl,101.500000,1259.000000,50.000000,0.638889,1
16011243,i#gb#fPe#uXCs#tnzwq#hGILja#ANKmdYr#JByDOoVSxTHEkZQvlRMWFUpc,101.000000,738.000000,49.000000,0.577922,1
16011244,v#Rx#VDc#FfMs#UjuhB#rkIamZ#YwiLHyA#WgPlndSCqQbGtKJXENpozOTe,106.500000,1653.000000,31.000000,0.724138,1
16011245,z#Oo#NDm#EKXZ#dpcsf#QiPLvl#GwBTjyh#xqFIgbRCJYMWASVkueUtHnar,131.500000,1786.000000,58.000000,0.543011,1
16011256,I#UN#GzL#sbpH#ROKld#BtPFgf#rSiQXcW#kjyxDEJMoCmeAwnVqZaTYuvh,127.000000,1181.000000,44.000000,0.658537,1
16011246,g#Mu#AhO#iWkt#TXZbl#HpREPC#zYxwaFL#UsonqjKVGJBeNrDcQymdvSIf,156.500000,2739.000000,53.000000,0.602941,1
16011248,B#uo#hHA#NQXw#GLmiK#jUCeFv#stdlMfT#aDSWrgIOJqkVEzPcYnbxypZR,113.000000,2559.000000,47.000000,0.615854,1
16011249,T#SB#lbk#RODy#hEidq#uPKGoj#WpcZmFN#YxUQJrvtsaMzLIgACnfXVwHe,137.000000,3683.000000,59.000000,0.526596,1
16011250,U#MI#YPm#zHyl#ZQAjr#xNqeat#gEdROnJ#oBvXTsupVKLWDwhcGFCkiSbf,101.500000,3081.000000,64.000000,0.582418,1
16011251,f#YC#ckt#gHid#hVxzW#pbPNKu#SrGyBIM#TUZOsolXAQDavFeqLREJwnjm,150.500000,1216.000000,50.000000,0.602041,1
16011252,a#zE#nBl#ZWqm#iGNIj#JAftVb#dCXpOyP#UgMkwhuTSYrvFLHDsReKocQx,153.500000,2365.000000,61.000000,0.515789,1
16011253,i#hx#eRn#WsjU#Atkwg#DIFGuy#YqmMzQZ#LHvaNbEpVlKCJrBfPToOcdXS,97.000000,2090.000000,43.000000,0.583333,1
16011254,g#Ah#yWB#pvLa#QmGPk#OdRHIx#TqjblCD#cFZeXMizftKEnuwrsYJVUoNS,123.500000,2076.000000,54.000000,0.560241,1
16011247,E#YN#gFi#WeLw#luGMA#UQydpo#fnCzaPB#HTrhxcKOvmtsRDXqJjIVkbSZ,149.500000,4279.000000,62.000000,0.531250,1
16011116,E#rQ#xBU#sIfy#KYaTd#CWwbJt#qHcnDXO#SjzFmkVvZMpeLlRPuhgGoANi,110.500000,1492.000000,52.000000,0.612500,1
16011197,H#Vg#oMD#nrqG#fKYmc#sOJjCZ#QRaTFSk#ILvpwAuitUlXNEBzyhbedxWP,107.000000,2850.000000,49.000000,0.558442,1
16011194,b#YS#nUp#Xqje#MCVfB#ytIAcE#xmRTdPQ#ZzJloLhFwDKGuvsOrWakgHiN,92.500000,1801.000000,51.000000,0.649425,1
16011138,E#Hc#tRe#KZql#zBFfd#GwJOpa#CLWxMrX#bDNihYkPuVoTIgUQjsSyvAnm,181.000000,3197.000000,52.000000,0.584112,1
16011139,b#rG#ISY#qAuD#mOKVv#wPjFZM#eQcNUEp#TlCsRfnWXtLHzJgayxoihdBk,142.000000,2482.000000,60.000000,0.500000,1
16011140,H#YV#GUv#oNiw#SmFgX#BCtskx#dyIRzaZ#pPTMDnbqjLOclruQeJhWEAKf,120.000000,1335.000000,48.000000,0.562500,1
16011141,m#zI#WsS#qlFG#wUJtb#HjPANR#iceXVrO#pCTfEuadLBxDhKvgnyoZYQkM,150.000000,4095.000000,51.000000,0.593407,1
16011142,g#JA#tmq#DBZc#FIrjf#eSQMVL#dHUvNkG#hROTzxYywanKlWpCbPoEsiuX,158.500000,2605.000000,59.000000,0.509901,1
16011143,S#aD#HIc#qUiL#wZrTW#Bpghlm#tbGPxnR#zveJOjNMEsVCYQfAudokFyXK,113.500000,817.000000,28.000000,0.761538,1
16011144,g#Cq#xkO#inXL#ezwbE#FYvVcW#HlphRPA#SKNUMGmtysroQjaJTdfuDZIB,118.500000,1665.000000,54.000000,0.573034,1
16011137,t#ST#LaF#Xdlw#GWOPj#DIRgpq#nHfcikm#oAbYvZxBsVUMuCQrKeEhJNzy,152.500000,2556.000000,44.000000,0.656250,1
16011145,f#cq#DbL#PIhW#ZXnYv#JlHsKN#RxrtpzQ#OCGigeVoAdajSEmwukFUTyMB,133.500000,1393.000000,49.000000,0.573864,1
16011147,D#LS#JkG#itRY#vgzuE#BNrHUx#CymcPhA#jOeVbKInfTowQlpWdZqMFaXs,125.500000,3331.000000,68.000000,0.444444,1
16011148,Z#nB#UvH#mXif#oqJWu#hgGCbc#RsrSlAy#awVOtpkxzTeQEIFKjMPdLNDY,118.000000,2285.000000,69.000000,0.644000,1
16011149,V#Ps#zgb#BaLR#SymoU#YXctde#QEwjKrn#MOpqJhvFxuHWiNGADlZfTkCI,130.000000,1877.000000,63.000000,0.533654,1
16011150,g#nz#FPZ#aGYD#iXhEb#CxrtNs#yfAwkLc#RHupejToKJdWlSvmVMqOIUBQ,98.000000,205.000000,47.000000,0.628866,0
16011151,D#PF#gvA#XWrx#yzZhe#botNGw#lHBTMkV#IJKsCuSRqaQijYpmcELUdfnO,130.000000,2200.000000,59.000000,0.646789,1
16011152,O#WX#gxn#BFMN#ZafRS#ltCbLU#ohciHqj#EvGIPDzewdQkTsmAVuJyYrpK,133.500000,3321.000000,54.000000,0.554878,1
16011153,Y#aE#irl#ydQC#mDexX#kqwgIf#BRznFZJ#UWMLPSjTuHcpbAtNohsKOVvG,125.000000,1975.000000,67.000000,0.541284,1
16011146,C#Ww#vuF#YqAi#IodJT#aPUzpy#DGsKrBM#tEhejSlcxHVgORfbNkLnZQXm,166.000000,2534.000000,55.000000,0.550000,1
16011154,S#AR#Yvt#hQgX#nqsCZ#ukibjo#mFrUWHy#LOPBdIfEwNTxVpJGzcaeDKlM,155.000000,2748.000000,45.000000,0.623596,1
16011136,q#JZ#fsc#SGuh#KLYUj#lMtwid#zHDeNgv#QrbIAWVnyRFCopkaxOXBmPET,147.000000,2258.000000,43.000000,0.646465,1
16011134,p#xw#YsA#jFMg#rJbZz#IGTlVE#qBkoiXy#RCectnDHKdmuNPLSWQfvaOUh,151.500000,2893.000000,60.000000,0.576190,1
16011118,n#Yh#ZUk#ltGH#siQvI#mXbfNc#BraLyDg#qxzeopEPWOjdSRMAKVwFJCuT,123.500000,2130.000000,48.000000,0.670213,1
16011119,I#JX#dBP#OeAt#Rgyza#YLCplU#HmvqfrM#DEQnwiWSshckjTKxFGubNoVZ,154.500000,4754.000000,59.000000,0.573529,1
16011120,x#mE#GcL#CiOB#hnSaP#oQzRDk#KrqHYAT#ZwJfletgFNXIpvUbdyWVjsMu,108.000000,1480.000000,46.000000,0.664773,1
16011121,k#gn#Etz#vlNY#ArdUB#SuwqLF#sbTjxXm#MOKhVZyPcCfeIHoRGiQWJpDa,105.000000,2776.000000,51.000000,0.544304,1
16011122,P#Ej#UBk#IcMD#fqXYd#ugJeOv#wpFaboz#HAWLtSCVrZhilQnTKxmsyNGR,142.000000,1780.000000,61.000000,0.559633,1
16011123,E#zs#miB#jaCl#cQIdN#uSghVU#peXWqMx#OFPYvDToHtKbZJrGknLfAywR,135.500000,4187.000000,49.000000,0.697115,1
16011124,t#pQ#zrT#JekU#AoBlP#YgDmXZ#vOEcxMu#isjfaCWKdbIHNyGLFwhqVnRS,103.500000,1125.000000,35.000000,0.764286,1
16011135,o#qi#Ygj#nGwB#adzNc#DbtMZT#VsSmFLv#HXUhWuIeCQPkERlxAJrKfypO,143.500000,2911.000000,63.000000,0.457447,1
16011125,m#ai#JrG#xEQA#Hktsu#CNBljp#hKvdXUL#fDYWZgVOPcyobznMTqSRIFwe,148.500000,1499.000000,56.000000,0.577320,1
16011127,X#sY#fpi#IwVF#xounG#raevmg#ScltEKH#BLJbNMzDZQUWAORqPkhydTjC,132.500000,1717.000000,39.000000,0.747191,1
16011128,y#dX#fPZ#TURM#jGWlo#EVqLFw#IrpiveD#HmnkNzbJCshKOacQABSxtgYu,142.500000,3655.000000,46.000000,0.575581,1
16011129,Y#Ce#AdK#Ramw#tokrN#hbUfIq#iWsLSjP#ZgXcMEGlOnBDTVpyzHJvQxFu,165.000000,2577.000000,61.000000,0.533981,1
16011130,Y#yP#cGI#iLaZ#FOTne#gmUQtl#jrRJNSs#fxzwHDBdokbXAvKqhuVWpMCE,113.500000,1045.000000,41.000000,0.666667,1
16011131,I#Gf#EAn#FuXQ#vbhTW#eRpNsk#YLgdCrH#jqJmUBKcPOizDVwoalySZMtx,123.000000,1351.000000,47.000000,0.824074,1
16011132,d#MD#vUV#YWwn#ELyRx#aQlsfo#jtNpZiA#KeTzqmrhbgGSCFuHOJPXBkcI,137.500000,2062.000000,55.000000,0.600000,1
16011133,p#Id#Mgl#wNcz#AHPRm#ryqYBX#FvVKuSj#fTZWUELnxeaoQtbGJsCODhki,155.500000,1547.000000,52.000000,0.549451,1
16011126,r#UP#pdf#oTBN#bDzQu#HCFslK#hVxtkgI#yEOjinaYwZLmvWSMXqAJecGR,132.000000,3741.000000,55.000000,0.556701,1
16011196,U#RZ#IAL#iXrG#thjKJ#WqfBaF#uPxMQlO#YwkmTgcVysoSDdbCzneNEHpv,132.000000,3490.000000,59.000000,0.536842,1
16011155,N#Bh#mzj#sRXD#fitbL#UMKuJr#lHoQFdO#gvyxpVTCPYkAaSEWecGZnIwq,131.000000,3018.000000,50.000000,0.580460,1
16011157,Z#hz#KIk#Cobj#UmHQT#cMXEud#DefAVNJ#RGBiqltawvPSgxLYnFpyOsWr,130.000000,1243.000000,58.000000,0.538835,1
16011178,s#zD#KMw#BFuf#SHNPX#bEljnL#qJOQxdt#RVyhcUmIovaAgeZCGTWipkrY,158.500000,2774.000000,61.000000,0.549505,1
16011179,g#lU#tkM#XRdS#rqLIy#DjzPEb#JfFAWun#CNQxBcTVKapmHhGwYsiOovZe,145.500000,3828.000000,49.000000,0.568182,1
16011180,c#qs#TMi#PuSb#NpAkg#tJxvDm#EjeWaYr#VlyCHLURZhwKzBXIGOfndFoQ,166.000000,2850.000000,56.000000,0.559406,1
16011181,A#Ot#zUp#nsiC#lrRfy#LxeEjG#MPKvbXa#TJgZFwSDBIhHQNmucYVWqkod,128.500000,1506.000000,46.000000,0.623457,1
16011182,T#yo#YQK#NXxr#EzJvk#PdsluA#iebCFMa#ZLHwISBpRgqhUcfDjVOtnGWm,138.500000,2298.000000,52.000000,0.547619,1
16011183,d#BL#nSb#QoIC#pzaqi#WNDFym#fEJuZYx#RXAMlTVUOvGPHckhwtgsjrKe,157.000000,1846.000000,57.000000,0.545918,1
16011184,C#qe#zOu#mwXn#TAKEx#iDQcIy#HtgfpNJ#kMvZVsWBUSRYPjlabdLorhGF,167.500000,6442.000000,68.000000,0.529915,1
16011177,p#mX#MLk#HIUd#Vetwv#NAanil#cQFGuhj#bfoRWgDqsErYzJxTyKZBPCOS,157.000000,4095.000000,46.000000,0.721154,1
16011185,n#jo#Hqi#KaUz#vcTPt#uDhYSO#rfGlkgZ#bLBMWmeVXICEQFRJpdyNwAxs,132.000000,1662.000000,57.000000,0.564516,1
16011187,r#Bd#ezU#CGct#FNOwk#sZqYmK#gQVTWEa#lMiRJvySfhbxoXnujIHpDPLA,137.000000,806.000000,55.000000,0.537234,0
16011188,y#rh#zFM#jHIn#KNloT#vWPidZ#pfOuxte#ARsqmEwXDCUcSQGgLYBbkJaV,101.000000,721.000000,33.000000,0.746154,1
16011189,d#je#BNb#nfux#DoWhp#yYvFEi#ZPksGaX#czrRJSVKUAMHmQwgTILOqltC,135.500000,2517.000000,56.000000,0.551136,1
16011190,Q#st#cBb#kKJS#meiUx#upRFrn#YyPMHfI#LNEajgZATXzVloqCwDvWhGdO,153.000000,4279.000000,51.000000,0.626168,1
16011191,h#YJ#jMx#cDkS#wFnlH#spCgAE#GdtvVim#oWXTqQuNPRyOeKIabzrLfZUB,148.500000,2361.000000,61.000000,0.484536,1
16011192,E#Aw#OKl#FqnS#sVuLM#NXhmvd#feHcjoC#iRJrUTbGYDyIWxPptaQBgzkZ,128.500000,2229.000000,58.000000,0.510989,1
16011193,X#PQ#Umh#HiIA#vKejT#FdoNys#rbqRgaL#ZtxzWBpVcOkDMYuJnlfGwCES,156.500000,2412.000000,71.000000,0.528689,1
16011186,y#Im#cVQ#RHUl#EzDMS#iKuYPX#egvdshL#xqFpGkfWCBnoTrOjJabtZNAw,117.500000,1912.000000,42.000000,0.611842,1
16011156,g#oO#DmN#Kikp#rcnUy#hSWZIG#qbsTLde#jaPMVutBzXxAfHCRYEwQlJvF,138.000000,408.000000,46.000000,0.633721,0
16011176,W#Hz#NvQ#aoER#OVTbw#rgKFZs#ShDBpMY#cJfkeunqLiPUtAICmxjGlydX,156.500000,3762.000000,58.000000,0.537234,1
16011174,q#SR#zIT#Ncfp#wgkYi#vFAymL#dWueDbs#jnPJoZQtGxrCKMVUOaHEBhlX,126.500000,3240.000000,54.000000,0.558824,1
16011158,o#Im#prb#Uinf#CLvJu#dSXGQN#MgZVaBP#wYtlFTexEzAWHOshRcjKkqyD,131.500000,1432.000000,60.000000,0.552632,1
16011159,e#jr#Wqf#tsAO#lXBEC#maDZVn#chTixIS#FULkNGdHQwuYRoyvbzJpKMPg,152.000000,4005.000000,56.000000,0.542553,1
16011160,O#SJ#Gwc#xHLo#eVfak#hpUFEv#dztRTub#qMnNIYQKirZjDCWBsAmyPXgl,146.000000,1448.000000,49.000000,0.610000,1
16011161,Z#mU#aDH#wfcX#YKWzI#TjOiEG#PtJAosy#NVFMuRprkbqQBgChLdxSvenl,173.000000,2518.000000,58.000000,0.546729,1
16011162,N#Xm#AlZ#coUI#sHkBj#FtvghV#frEDWCT#JaGQOMLnSyqzRxYPiedubKpw,120.000000,2775.000000,39.000000,0.641026,1
16011163,q#op#dBG#ZRwE#OShQa#yWFtPV#HDkKIuX#cJmgYjNbnTMxULiszvreClfA,136.000000,1616.000000,48.000000,0.613636,1
16011164,W#Rt#Hsd#Qklx#cFSgw#OVThDL#eZubzpm#BoGvrPyiYUJIaAnNEjKfMCqX,176.000000,4950.000000,59.000000,0.490099,1
16011175,l#gj#Wfu#HPwB#LoAUz#DNhQsq#rcdSJmt#yXepabZCRviOVxYTnkKEMGIF,139.500000,3570.000000,51.000000,0.576471,1
16011165,S#Xt#Udr#cpOG#WZgeT#zYaiuI#bvAyFfl#DqJhwxEPKsjLoCQBHmNVnRMk,133.000000,1952.000000,62.000000,0.707692,1
16011167,L#aD#gxt#YJTI#HnwEA#oQvSCZ#RmUudcr#leypKGhbsMWiBPqzOjNFkfVX,143.500000,2368.000000,66.000000,0.495238,1
16011168,u#JM#ecp#zEwr#LUFjB#XkTfAd#gHhtsQS#PVlbaivmROIqZxKyGnYCDNoW,99.500000,1452.000000,41.000000,0.701220,1
16011169,w#WS#NdH#vRfJ#LstZa#byKVgA#OmYDMXz#QpIoTCnkPrluGxBecEqhijUF,152.000000,3472.000000,57.000000,0.525000,1
16011170,Y#Wu#UKI#Vwex#ZsmQp#zvqgfS#TEGaBMO#lbtyPNdiCFLAXRDHkorJcnjh,151.500000,2200.000000,51.000000,0.602804,1
16011171,l#nw#gsE#OKjf#IhmHp#CQadLb#FkYozZt#iGvxBSPMUTDJRcruWVNyqXeA,156.500000,2181.000000,50.000000,0.565934,1
16011172,x#ir#kFq#uSRE#JjoMv#HzKDaZ#TcebQWh#pACPXsLGImtgOVBdYNUywfln,180.000000,2532.000000,54.000000,0.546729,1
16011173,L#ak#sim#eAtx#JNQyZ#IvUjTq#zpCRuYg#XrPGMhESWVoOwKfbBFDHcldn,166.500000,5260.000000,65.000000,0.556522,1
16011166,Z#LF#ghp#GUeO#uQzaj#fHTlkM#SvAbqXy#JncxPrwViCEtDNKdIBWRmYso,135.500000,3136.000000,51.000000,0.559140,1
16010957,M#hp#jfJ#EWxC#FTrNa#zlRVdb#ugPctQO#eDBwYoqmnAyIHUivZkKGsXSL,168.500000,2591.000000,55.000000,0.584906,1
16010796,a#Fc#wir#QMhK#bxdNl#ADtBPH#eVXymgj#YIJZRTsLEpSzOGCqonuUfWvk,163.000000,2344.000000,50.000000,0.581633,1
16010955,h#CN#mFK#BkVt#eJSUf#TqpOWz#wxLcZIA#QynogDEvHXbPjRGuMsYardil,90.500000,1270.000000,40.000000,0.689189,1
16010738,F#kH#Ude#TrMA#cZhuK#GEyQvR#YgjqOBN#SXIiaLwWzVJCfDbmoxnPlspt,116.500000,2161.000000,36.000000,0.683544,1
16010739,T#Ls#GQl#jcAk#MzOHn#eZuvUp#fKBRFaE#JIwXygDxhiCPYWVdrNqbSotm,104.500000,876.000000,39.000000,0.707143,1
16010740,A#lr#mLV#wUGu#QyCBM#iaFIvo#SpsRHZX#dxKtYceznfbOPJqWENgDTjhk,98.500000,2702.000000,55.000000,0.564356,1
16010741,I#ax#CBe#sJwo#lPAEq#rvtnMj#GRHTFZc#iWdpNVKgDuQfbhzOXLmySYUk,136.000000,1495.000000,52.000000,0.619792,1
16010742,G#ig#duN#RcvF#hJSrB#xEmjCz#OtTUqen#MswWlpLyDVoZXkfQbaIYAHKP,110.000000,2323.000000,48.000000,0.589286,1
16010743,E#Ia#frZ#Svwg#lxYjq#TJLsNt#GkpdOey#FibzmoCDRPhMQnAHWBUVXcuK,106.000000,647.000000,40.000000,0.711111,1
16010744,G#eJ#Ofu#CqHS#DvRbl#ndkcTA#ZUhmBao#ysXMrYELIwWpQzPNFgKxjtVi,143.500000,2163.000000,69.000000,0.463158,1
16010737,p#KL#tcG#XCTB#RolvO#UzFIbN#DWVewQj#YHyrAdEJSiaZPuhmMqfnksxg,110.000000,2859.000000,55.000000,0.649123,1
16010745,h#ok#MYC#HlXe#LJFdT#fyAaVw#UusSZcr#EnzPRbKvqipmtWNOxDIgBQjG,103.500000,1560.000000,48.000000,0.674419,1
16010747,y#QF#PSc#haje#CkuzI#MTHEJs#idwLqmB#fAOUGoNbRvnpYZtglXKxVWDr,120.500000,2628.000000,42.000000,0.628049,1
16010748,E#Jh#TAZ#MWOf#YtdSF#kCaNVG#gHLesPD#wRypqiUjmvbnKxrQloXcuIBz,128.500000,1746.000000,54.000000,0.605556,1
16010749,j#my#lBA#hnJq#iMDdC#PwIcGN#fzaORvZ#FTeHtoSWpkYLuEbrgKUxXsQV,124.500000,2941.000000,57.000000,0.552941,1
16010750,F#aY#AEv#sVmi#ZPOQJ#lqzrLk#KfDuMBC#wWGIUbNcXdhyetonTjHxSgpR,151.000000,1460.000000,51.000000,0.602041,1
16010751,l#Pb#Nqk#ZADf#Cytcr#eisKdI#mwYGQUo#phJRxLHzanvESugMjXVOFWBT,145.500000,3916.000000,60.000000,0.528090,1
16010752,z#NY#DKy#ivOa#Bhxbs#USFjur#tARqJHd#MlmVWcZfLgEIpenXPCGTkQow,128.500000,3321.000000,56.000000,0.673684,1
16010753,r#hK#Hpf#MWZX#DUCkF#PtvQEy#TGVJqcz#lneAYNmaSgdoOLwBjsuibRxI,132.500000,1377.000000,46.000000,0.656250,1
16010746,S#pF#vhB#NEcn#dPYmD#raGwoj#ksJTVLx#IZqitAugUROzKfeXlWbyQMHC,161.000000,3655.000000,48.000000,0.630435,1
16010754,b#HZ#heJ#rnSq#yvYAT#UdfsFN#wGDLQWR#OjmEPlCkXzigIVKutpaoMBxc,134.500000,1395.000000,49.000000,0.666667,1
16010736,U#bv#HaM#Cfeg#Jlyqs#XLFcpQ#KjOWkmA#YPVirISdnNxuBthoEzTwGDRZ,176.000000,2193.000000,69.000000,0.491525,1
16010734,w#fN#jeM#CxtA#KQVJd#qFHDyZ#nTvlRiI#kXpGrgaozUOLuWESYbhsmBcP,116.000000,1610.000000,54.000000,0.534483,1
16010718,q#rm#NVb#SRsF#vXJCl#LcaoPx#ihZgATK#eOQjEnUzfpwYHytDBuGkWMdI,113.500000,1392.000000,50.000000,0.664706,1
16010719,U#rn#GKa#tXBe#ycAqg#ExZNfQ#CvkSwIW#POHuTzpjhiJLlDRmoVdFbMYs,146.000000,1455.000000,62.000000,0.530928,1
16010720,N#Kc#LTg#vAdR#rzbSu#xCaQqo#lFVjZmU#EOnIyesDPfYMXkpitGBhwJHW,140.000000,4408.000000,68.000000,0.471963,1
16010721,P#pR#MqG#FXnD#iVCcY#ATUoyN#tjHgeEB#QhmulKxObfkwLdarWvJsIzZS,145.500000,3828.000000,50.000000,0.637363,1
16010722,L#tz#xIQ#gUwN#qoYsl#FmkGRH#eMhTcjV#JyKiEOPpCbZauSdWAvrDXnfB,102.000000,1128.000000,48.000000,0.572289,1
16010723,I#XS#lhY#eTWr#mgGdH#UptqxO#uVPQKCE#zMLFDoNwyZkifcvasbRJBjnA,117.000000,1506.000000,43.000000,0.679487,1
16010724,Q#LP#YMS#ZzyV#joEqB#WRftwT#IXKxuGs#edipcACmrFUbnhvDaOHlJgNk,162.500000,3195.000000,58.000000,0.556034,1
16010735,h#KX#Ors#fZmG#vpDjR#oMWFau#BINbHxi#LlwdgqPVJkCTUAcyetQYnSEz,118.000000,1849.000000,68.000000,0.473118,1
16010725,q#fv#Nbg#lsaG#xChTQ#SVkcin#jXrJYBA#RDWpEOtPdwyzuKoeZIHLFUMm,161.500000,3382.000000,59.000000,0.619048,1
16010727,F#yY#uxk#lGWm#KezAL#fJnQRS#sDCdXMj#gHUThaPEpOcIrBVqwbvZoiNt,109.000000,1148.000000,52.000000,0.588889,1
16010728,L#oi#PDg#OjpA#kHlSr#RWvZsa#nNMCBhb#UycVuTqGXxEezJwQmFtdIYKf,130.500000,2775.000000,41.000000,0.653846,1
16010729,i#Cu#LUq#oYaT#XrmZN#MvwIjS#clHJBOG#epbzWtxRkfgEyPKsVQnDhdAF,51.000000,42.000000,43.000000,0.697674,0
16010730,C#Vi#RxN#JDrT#PewsM#djzAuY#IEcpSGm#UgnaqHkLvXBQltKbWofyOZhF,119.000000,1864.000000,53.000000,0.606742,1
16010731,J#GB#QcP#OEKF#kNXoV#dTRfwz#tHDSvua#hLgjWmrixZClnbYpqseyAIMU,103.500000,297.000000,40.000000,0.676829,0
16010732,U#Km#XsB#AiIo#LZpSc#MYGjzW#lTEDqna#fkyuwOFVtdNxveRgHQbJhPrC,175.000000,2492.000000,54.000000,0.538095,1
16010733,n#lH#DRb#gdCZ#VJriB#vwhQLp#XqIfTFz#jPcexWtuNMAmoGKysSkYOaEU,112.000000,1551.000000,34.000000,0.726667,1
16010726,Q#tg#Bma#ipYs#ZUEdP#WzrnqJ#ILDGbeK#fXwuHoAlNCOvxMVkhjcyRSTF,93.000000,1091.000000,40.000000,0.708861,1
16010717,t#EF#niU#ONje#VzhLs#pxGuwb#HqXPMRa#QBAmfvrCyJZkIdYcTKloDSWg,160.000000,3431.000000,52.000000,0.574468,1
16010755,P#KF#kbH#ANsD#EOwaC#QqlYze#LXRcuin#UZxTfWMBrJhoSyjpdtGImvVg,142.500000,3583.000000,62.000000,0.547170,1
16010757,q#kH#Tft#iMKF#SnUpI#aAYOQB#ExlvgPR#hdVDZzGrJmyWwNXCobcLusje,149.500000,3322.000000,42.000000,0.647059,1
16010778,V#zb#UsX#fTjO#AmMvI#DgWhpJ#tlweFRd#yrGoqPucYixLKNSaECnQZBHk,132.500000,3741.000000,53.000000,0.526596,1
16010779,n#aY#dGr#ExJB#ALgCW#lMTuvq#IPeNkyZ#zSpmVRFOUsoijQDXKHbthcfw,144.000000,3916.000000,56.000000,0.537634,1
16010780,A#Lu#Fka#TCUo#ISWVG#BPtlir#QsNOgxw#qhnzjRpKvJYHmbcyeDEdfXMZ,129.500000,2356.000000,68.000000,0.469697,1
16010781,v#eu#QkZ#tnGg#TJwEC#IhPLOW#cXrMHqU#azRSKyxmBANsfljDViYdbFop,115.500000,2702.000000,44.000000,0.629412,1
16010782,o#FH#zEq#BUrj#dvOtk#SmQThZ#cVDICiP#bKylxGnegYWMLuNRXAawfJps,152.000000,2418.000000,53.000000,0.563830,1
16010783,F#iN#BTk#bpEH#SeLhv#oPQaZd#uxmIUAW#nKqDgclXzftwyrjVGJRsMOCY,141.000000,2191.000000,55.000000,0.585859,1
16010784,e#nq#XUk#yYpu#sAgfJ#EtlGIo#rQjvbaT#NRLDmBciSHwZChVMFPKOWxzd,134.500000,1739.000000,54.000000,0.576087,1
16010777,v#wX#cUq#GFsn#MfIYh#mxagPA#yQCVDoJ#BHERuTkbdOKirtzeWljSpZNL,82.000000,1217.000000,39.000000,0.722222,1
16010785,p#sK#mLk#Rlbc#VYFfa#ordNSg#zHDAtvj#qMXZJIByPTuineUwxEhOQCGW,139.000000,1796.000000,62.000000,0.826446,1
16010787,T#CX#FbO#mrpc#tyhxv#gJlusw#KqPVWDi#djYBIHnLZGzeNMSAafUoERQk,127.500000,2516.000000,41.000000,0.644578,1
16010788,s#EX#cUf#aoqp#TljLZ#tNmnQG#RkObrMi#zgYCVuvJHwxIPhdFySKWADeB,145.500000,1455.000000,64.000000,0.540909,1
16010789,K#US#ahV#otgJ#wTXzF#yfDWxe#GBbNmdq#CYIrOvRjiPuZsklQnHEALpMc,128.500000,1679.000000,58.000000,0.563158,1
16010790,O#Qe#DAa#YjIz#EutXW#GiRbhm#xlkHBLN#cJMKCPoUwdpynqFVsZvTfgrS,140.500000,2300.000000,52.000000,0.562500,1
16010791,n#Yv#CXJ#dMLj#bRaAe#qtrBTi#PzmpGcN#uWxUOVSFlfQHDkwgoZyhKsEI,149.500000,1873.000000,68.000000,0.481132,1
16010792,l#ft#ExO#cZud#IKXhw#HqngVN#FmDrTpL#MjJQzyUPsSaCYGiWkABeRovb,142.500000,2046.000000,50.000000,0.565934,1
16010793,P#Se#Mfy#gKBA#LXNnk#QvpUcj#oGCTdDw#zEHORquJVaIltbYZsFhixmWr,142.500000,1877.000000,54.000000,0.668182,1
16010786,A#NK#seH#XPTa#ugqyZ#ISjQkC#EiVlOGn#hbvzrYxDURMLdpwomWtFJcBf,139.000000,1830.000000,53.000000,0.584211,1
16010756,y#Gg#MeR#pBEQ#YdxZX#hosiFf#qDHUvNA#lLVWJIOntTcjrmzwKbSuPCka,130.500000,4652.000000,84.000000,0.393805,1
16010776,e#RN#GcO#XkPa#xSDCF#JQmiZU#HVdtbMI#LYnjvzTAgrqKlWwsfpEBuhyo,124.000000,3403.000000,56.000000,0.615789,1
16010774,a#Zx#XOj#JINi#WYTot#zlyHAd#RUqLDsm#BnVvugPeEGpCFrMhfckQKbSw,165.500000,1527.000000,58.000000,0.672131,1
16010758,u#wA#MVf#kExT#KIdyD#OGRojB#QreaJzU#XFblCNhsSgPniYHqZvpLWmtc,128.500000,2106.000000,55.000000,0.540698,1
16010759,S#zH#FdX#BhOR#ugCoi#snblwA#KJTcrkZ#NmfEGtMYxUqpPVWLjDeaIyvQ,124.500000,1650.000000,54.000000,0.689474,1
16010760,Y#Ii#Zdo#HLjS#zTvWc#QXMRsB#GrOpFnx#quykbVPAtgfNaDUemlhJKCEw,147.500000,2536.000000,51.000000,0.574468,1
16010761,v#oX#TOi#PLHD#USzxM#VuNYrj#BEgtIsJ#mRfdZFlhwpbCkAqQGaKyWcen,161.000000,4005.000000,49.000000,0.560440,1
16010762,I#QW#ZLM#pPzD#BvFjK#iwkRXb#anehAof#EVsUdCctGuJYSOmlyqgTxHrN,147.000000,4186.000000,67.000000,0.451087,1
16010763,s#Zl#pLz#KDwN#EeHGu#vdVrbQ#MhxogJO#AyaTBPktUFRmcjSqWXiYCfIn,165.500000,1026.000000,47.000000,0.628571,1
16010764,h#Da#Hns#Yrvl#idSgB#koKzbt#VTxUqcZ#EeLfAXNwMmyjJuGFWIPpOCQR,162.000000,1855.000000,45.000000,0.596591,1
16010775,C#Nf#weT#SsiE#xvDHA#QIKkLP#pqYJlyR#mFdWMgXoUrGZzhnutBcbjVOa,133.000000,2030.000000,49.000000,0.579268,1
16010765,z#fU#FTl#pJOy#NSAhv#cIbmsj#kGeYoVr#QBuniaCExDdLtPXRWqgKMwHZ,139.000000,2628.000000,35.000000,0.686667,1
16010767,R#Yj#LTy#JSQN#BFolv#CeDhnz#OMAVcbp#PqswEtxkUIagZGWXHuKmifdr,135.000000,3570.000000,47.000000,0.605882,1
16010768,z#OT#AwR#JivM#jPDHu#hfKnqC#BZmSgbY#LFNXdyEWtrVsUQGeIkxlacpo,150.000000,986.000000,47.000000,0.583333,1
16010769,Y#ua#Ohn#MAzG#RBUwT#fykDSF#VcQKJml#jIrPsZgLbvWoCxtqXediHpNE,155.500000,1689.000000,61.000000,0.514286,1
16010770,Z#OT#txA#hHbc#vedfL#UoinEr#MkgGCjQ#XVaKINBsPuSYqWFlRpzJwyDm,111.500000,1558.000000,45.000000,0.676829,1
16010771,m#YF#XzJ#DkCS#rRuoe#sbPiqy#vTUQMVh#aLIOBgGAwKZdWNtHxnpljEfc,154.000000,1797.000000,42.000000,0.648352,1
16010772,A#NI#LKH#VyJp#kYUTm#EhiwZu#fsdlRBM#grCxazqbcvtDXejnOWSPQGFo,147.500000,1015.000000,36.000000,0.735577,0
16010773,i#NC#deJ#RHLG#xXyfz#PrqFhQ#TSuMoat#VvjUEmAWnOBsZwlcbYIDkpgK,120.500000,1294.000000,33.000000,0.729730,1
16010766,Z#to#RBG#IHTq#nNyda#gLmupr#PMjiEkO#JYexKvcFWQAzCUsbXhwlSDfV,144.500000,2027.000000,56.000000,0.582418,1
16010794,X#Py#Dpj#gEOM#CRbIS#kLtuvV#xweFUmA#lZdqcofGJzBniYQaHsrNWTKh,143.500000,1750.000000,47.000000,0.605263,1
16010716,C#GV#Yeo#rBnN#Axghp#wSJqcW#MlUXHfI#azmsQubKvkRZLPDjytFTEidO,141.000000,1455.000000,50.000000,0.635514,1
16010714,E#eG#pgP#bANK#CxtQI#kvuFia#MJqyDdh#wlHBSRLXjzfZnocmUOWVsrTY,143.500000,2262.000000,54.000000,0.589474,1
16010658,h#jY#epa#IwCz#dkFXo#JtVLcA#ybgTEQr#sqSNZGWBiROfKMDvuxHUPlnm,153.000000,2398.000000,43.000000,0.650000,1
16010659,E#qT#kyf#VApm#tDvab#QSjUuG#dKYrFcn#BgsxWXJOCHzePwLMIolNiRhZ,138.000000,4656.000000,57.000000,0.536082,1
16010660,P#UT#iWx#rAmD#qFBNd#sKuvIE#QzgfyZa#hcSHGMRtVkOnCpLjoXlYweJb,168.500000,3150.000000,46.000000,0.608911,1
16010661,s#bV#lwa#pNCf#cQBqH#keiAtT#KFSzouJ#hnEYMPOdUZrxjWGgmyLXvIRD,98.000000,1509.000000,46.000000,0.685185,1
16010662,p#oB#LtZ#RPXk#ONQGJ#zfvmVA#ECsgdjF#aKqnDyeriYMwcWHIxulhbUST,118.000000,2071.000000,49.000000,0.601190,1
16010663,M#Qi#JTp#vgOE#SHZjw#lIXKmA#yGFLuhN#toYPxsczfWaDCqbeBdVrURkn,107.500000,2217.000000,39.000000,0.636364,1
16010664,K#Df#kQv#LstO#rzUmJ#RWjHyC#eYqxoFX#wAMnhIuaSVPgBpiGEdcTNZbl,130.500000,1309.000000,51.000000,0.560440,1
16010657,I#Ra#vbg#YLip#KZnEl#roFMkz#AdhcVtj#OfqDCWGSPusmQUTXHyxJeNBw,133.500000,3240.000000,50.000000,0.740385,1
16010665,H#tX#BTV#zSvx#WdrEq#fGpLMZ#PuOcogj#CUeKwDQiRbhaYFmknNsJIyAl,127.500000,3486.000000,48.000000,0.601190,1
16010667,h#Ho#xcf#uRrG#gWtCq#wasjpy#DiXJUBO#VFnNdEMbKILQSmezAlTkPZYv,136.000000,2547.000000,56.000000,0.561224,1
16010668,j#FO#JQZ#gcDK#trvpB#zxMIey#VsXPmkN#huHTofbnCSRdaqWYlGiELUwA,166.000000,3399.000000,54.000000,0.546729,1
16010669,K#Hp#XeT#MVbh#lnwRL#sjfcqd#iItDamF#ZrASUzvGNWQExgOJyBouPCkY,144.500000,2299.000000,58.000000,0.595238,1
16010670,l#Zf#RUd#SBnu#xtorJ#qNDsag#cTwkGpW#HzELAemhjQYiIPyCMbVvFKOX,148.500000,2257.000000,65.000000,0.509901,1
16010671,e#sk#XdY#TQgu#GbSFP#DpEHIv#rLjMhAq#iRVfaNKmCzZBWJcwUnxlOoyt,124.000000,1942.000000,56.000000,0.527778,1
16010672,s#kH#MWd#KQpP#FlhLZ#tRSqmg#TVyvexn#CJfwijAcYaUuNEbXrIBzGoOD,93.500000,1894.000000,39.000000,0.689189,1
16010673,J#LA#fio#SFcB#HXmIg#UWlZqs#yNbvVkE#TYdawCjOQnDPruMptGRxzeKh,108.500000,3321.000000,57.000000,0.586207,1
16010666,V#Lb#fna#DScN#Uuoeh#pgTCAO#sIzKdHG#xQrJwRqPMtijYXvkZymlFEBW,120.000000,2383.000000,52.000000,0.652174,1
16010674,B#yt#Yea#bZOn#idMsD#UQNLWz#FuxqmpV#HrkhflEoRjSPTKAJGCwgIXcv,147.500000,1770.000000,45.000000,0.605882,1
16010656,D#JM#uYS#cBta#OPNAI#xeiZKd#lhwqHXk#LgfbnzGsWTopVRFvCyrUEjmQ,134.000000,1460.000000,43.000000,0.686747,1
16010654,A#zN#xlB#vCjO#Pkyth#REduQr#nacJSLq#DgFHiIsVMKGwmUoWfeTYpXZb,137.500000,555.000000,60.000000,0.568421,0
16010956,q#cx#Huv#KSiR#hZIUL#MEyeng#sWTfGjY#lBPdzCopQVtXmbDOFArakNwJ,112.500000,1810.000000,50.000000,0.585227,1
16010639,j#Se#glI#zBpO#YUdrk#iwLVHM#bvhCNna#qusKxFfcAZoDRQXWmyETPJtG,168.500000,4756.000000,52.000000,0.608911,1
16010640,W#cw#xOg#oskK#uEeFY#yJtmhD#qUvTfnb#zXCarQZlVLidMjIRHBPNpSGA,172.500000,3138.000000,53.000000,0.638095,1
16010641,Z#xy#Wjm#Mzgf#EQDvU#LJAPNY#rotRknX#wHCqaFGSbBpilhVTscIOeKdu,112.000000,2775.000000,48.000000,0.584416,1
16010642,F#GB#eyf#ctPD#mshvZ#XVUlgA#MITokQj#dWuRNiHxzOCrJYaLqpKESnwb,150.000000,1588.000000,42.000000,0.622222,1
16010643,P#Qg#cKl#kTtD#fmMan#UriAOq#udvJIbx#jGEHRBeCyLFhYWpNwsoZSVzX,147.000000,4314.000000,68.000000,0.500000,1
16010644,y#Ps#RXH#Jlnp#rumFU#QMaEKZ#gVOfqtz#bDYvhNCkTGBiWdIeALcxwSjo,110.500000,982.000000,40.000000,0.619403,1
16010655,m#NG#ZyY#srJx#QvzEF#THuoOh#DeSXkWL#VjpnIRilUcgPqBCdawfKMbAt,152.500000,2153.000000,44.000000,0.730392,1
16010645,O#BK#Fxq#Wfap#UkLAQ#ZjisYr#HhTCynR#NmbzDwVEPtSXouJlgMcdGvIe,141.000000,1525.000000,42.000000,0.685185,1
16010647,w#AX#FYI#KWev#HbNui#gftdyh#xJjTQmC#RnkaEPrOqGSlZDVBosLzUMpc,141.000000,2029.000000,47.000000,0.676471,1
16010648,g#Da#tvF#Jpmd#TQKVW#BPSECr#ckxnAOX#RoHLbwuMGfiqzjUheZlyYNIs,141.000000,2701.000000,43.000000,0.614865,1
16010649,G#SV#TOD#qMda#xiWZt#ocRkzn#uymvJsC#AXhBHblFerpEIjUKPfQLNYgw,139.000000,872.000000,34.000000,0.684524,1
16010650,b#aE#FWp#dSvQ#hTRVg#qMwncX#Glyexst#ukKmHJBOfzPCUiIjNZoLArYD,114.500000,1340.000000,48.000000,0.606667,1
16010651,f#wF#dvK#HoDM#enRjy#WsbuOm#xlYrQVt#JhgIAELqcBXZaSCGkUizTNpP,86.500000,1004.000000,33.000000,0.760563,1
16010652,w#De#ABT#JsPQ#UKWNm#MVZFon#ybpcziC#lXRdufLYGaSvgOHxEIhtkrjq,164.000000,1389.000000,52.000000,0.573529,1
16010653,z#pV#Rkd#rgIP#ilNvK#nXyGMY#JCTOxAD#WjHZauSEfqFhwoQmsceBLUbt,135.500000,2571.000000,72.000000,0.440000,1
16010646,G#Kz#gdm#ZJxa#nPewR#EOLqAb#pMiBcFX#kfHyVutvYUDQlNIojShsrWCT,126.000000,2101.000000,51.000000,0.606383,1
16010715,z#PN#RQl#nIjK#fJkGh#DrWYET#BAvabcC#goyFimduseSUpxXtMqZVLHwO,107.500000,1146.000000,49.000000,0.592593,1
16010675,u#ji#SUx#LerZ#RlMYw#QgDVCv#dmBhWKO#zAPaFEHpIbycsotGqkfnJXTN,118.500000,1272.000000,59.000000,0.489130,1
16010677,U#Mh#QHb#Bvcg#xwuoK#TqLXPj#SIdlVta#ZmFDepEYARrknsiWfOzNJyCG,131.000000,3243.000000,53.000000,0.589474,1
16010698,A#hf#Pqt#Zmiu#ECcHV#rsFNaY#WIKTJyo#nepdkwXzDQOxSULgvRMljBGb,140.500000,1501.000000,39.000000,0.696629,1
16010699,X#gP#mcs#EeZk#oVliq#CLuafx#pDyQdnY#UwGSrMHvJAWtRjTFIKNhzObB,109.000000,1416.000000,53.000000,0.570588,1
16010700,V#PQ#lCm#qWFk#XwMfv#iyGSBT#IcYDOHA#nxKZudgoztpEeRjUhNbsraLJ,131.500000,2824.000000,47.000000,0.611111,1
16010701,I#RL#OCA#zTjM#nsvwh#YrdiQW#GVfDxBo#kbUFNmXleZqpHauKtEPygJSc,136.000000,3163.000000,43.000000,0.654762,1
16010702,h#Ia#HkD#dXKE#cPlui#GzUnJR#ZWvmfQA#FTqotxYMOSLpCwsjyNBgbeVr,174.500000,4398.000000,68.000000,0.482143,1
16010703,l#zU#ycq#vkOE#oWmDS#wRBQtH#GsijYnP#NIpfgdxMTurAheLbJVXFZCaK,102.000000,895.000000,46.000000,0.611842,1
16010704,V#re#OaM#xWtB#JnsLY#pRdwEZ#FzKISPg#XyvjhACTcqulGoUNikmfQbDH,130.000000,1497.000000,55.000000,0.511111,1
16010697,M#Wo#rcB#KJsq#fzXmN#PkuTnh#OiSClAG#gHjIyFeQdVURxZaYLEwbpvtD,144.000000,1091.000000,54.000000,0.538889,1
16010705,G#Up#koZ#QCFu#qIcHB#RNOVsA#DPJjLab#wdelSWxEfYnTmgrMvXKyhtzi,123.000000,1482.000000,58.000000,0.593407,1
16010707,c#QX#Vnq#sEZL#BkloC#GUxPgz#upmJMNv#DKSWtdOAwTiahfbYrRHIyFje,132.500000,3096.000000,60.000000,0.489130,1
16010708,D#nV#yzf#ScBh#rdUHF#ZJPNoe#QtjgqwG#CWXEbsmuKLivOkxAalIRpYTM,132.000000,1657.000000,54.000000,0.595960,1
16010709,a#SV#KLm#AOPq#vcjbE#dlXohN#TRzJWyu#IgZpYDCxseQniMfkGUrtHFBw,108.500000,895.000000,42.000000,0.625000,1
16010710,F#TC#uUG#sovI#nfEYw#NcWXtj#pybQrga#RiAqMPVkJhxZeKmDOlSzdBLH,111.500000,2929.000000,58.000000,0.563953,1
16010711,A#Zv#RxJ#LQgV#CXYWF#lhGrmp#iSTtuBf#OkaKeUnIDdbjoyqPMcNwszHE,124.500000,3321.000000,41.000000,0.713415,1
16010712,l#Az#gDu#WpHR#eqaTd#IfQELo#JtUiFNK#vOVMwPnCxbYSrGXsyjZmchkB,128.000000,1763.000000,55.000000,0.612245,1
16010713,a#AZ#Gtu#cUms#BifCQ#qjkOng#TbhHYoL#eXJvSWVFEzrxlMIwyRKDpNdP,145.500000,4560.000000,65.000000,0.475000,1
16010706,E#AZ#rqe#PCng#TRXID#dShlVc#uxjszmB#QKJaMOwfGvULptWNHbFYiyko,159.500000,1630.000000,60.000000,0.609091,1
16010676,O#eX#ugf#hAlV#ptoyJ#BiGFKP#qbRIjCH#TzcwEDNnvYrLWZsmMaSxkQUd,142.000000,2938.000000,65.000000,0.524038,1
16010696,v#Mi#WKt#sVNu#RGLrS#HfZBOT#hPUmaQq#JkxXgFCeYEAyjnDbocIdlpzw,161.000000,3079.000000,44.000000,0.639175,1
16010694,S#an#mHq#GVMB#rYTpF#kfxUXW#DeAiNbZ#hCKIJvdtuzsEOyoLcgPljRwQ,148.000000,2149.000000,46.000000,0.635870,1
16010678,W#TO#iMa#mznE#ZDIUv#JRpreC#FGuHKSd#BoxyfVjwhLqcYbPksXNQglAt,100.500000,1224.000000,46.000000,0.668605,1
16010679,A#Rr#SGj#fPXU#ODwlz#VxtKFd#sEZQcIM#ubkmWiLCegoHpvNThqynaBYJ,128.000000,2332.000000,65.000000,0.443299,1
16010680,S#Dc#uGk#vTlK#RLztE#CqUoei#xBQANFm#hYXwsJgOWnHPVyadrMjpIbZf,170.000000,1567.000000,59.000000,0.551402,1
16010681,M#LZ#lxj#tSgw#dysNV#cEerpo#aBuKmnI#OHfzYPAFhkWUbGRTJvCXDqiQ,178.000000,4665.000000,58.000000,0.650862,1
16010682,X#rp#WBk#HRgL#VsdbP#tiujwa#fITDlEC#xeZnMFmNAhUKGqSOQJvoYzcy,120.500000,3004.000000,52.000000,0.576923,1
16010683,W#tS#MfC#auEv#DHjgr#lQskeU#nxpXPLB#iJVqmTIGRbhwAzcZKYyNoOFd,145.000000,3936.000000,70.000000,0.477064,1
16010684,b#RL#sAa#VqzB#ioFfN#TjwdpC#vmkuxJW#IOyKPthlUEDeYZMcXQrSHngG,171.000000,2058.000000,43.000000,0.688119,1
16010695,h#Yv#bgs#HZVN#RXxBo#KjdkmM#GQOieau#wUzEpfWytCAnJSlFTIDPLrcq,168.500000,1536.000000,53.000000,0.599057,1
16010685,N#km#AuJ#ROpt#CPaVY#vMQiWf#qUITnlF#zSeZsDcxHgXKwyBLEGrobhjd,133.000000,1552.000000,66.000000,0.477778,1
16010687,W#tY#dIg#SvKX#zhrDG#EsyjOH#bTkRxNi#AfCVqJnumZlLUMQeoBacpwPF,156.500000,2676.000000,49.000000,0.621053,1
16010688,z#an#gqC#NsoL#yxBrA#JYewTH#PZtSMcV#kuDRbGWilpEfQmKjFIhOvXUd,114.500000,1250.000000,47.000000,0.613095,1
16010689,N#vQ#lqD#VIJO#CRHAd#wPULWh#fugEXZG#osFSbpYritcmjBKakxnezyMT,141.000000,2191.000000,45.000000,0.634831,1
16010690,I#MY#PTh#gNwQ#stEcD#CpFnjG#kUZJRoV#iOabXymWvqrSfHdlxzLueKBA,162.000000,1588.000000,51.000000,0.611111,1
16010691,m#gV#dBP#SqYk#CDwGQ#fJnzTI#FEKyWoA#aUbLOrMhsjRieNclvXtHZuxp,99.000000,523.000000,41.000000,0.722826,0
16010692,m#nb#pLa#qsyE#TfRdx#DZzoke#urcUNGB#twHCvAlhOWXgVQKFiYPISMjJ,139.000000,5472.000000,80.000000,0.464602,1
16010693,W#pv#TUm#wuKI#VJBrE#aMQbSd#oXyAFtn#NCqjYeGlhOsxczPHRDikZLfg,84.500000,511.000000,38.000000,0.684783,0
16010686,Y#sK#WpH#ClNA#qFhZn#OIUtrw#BDTzcGd#XuQybSLkjxfMPRigVmEaoveJ,156.000000,2252.000000,71.000000,0.481818,1
16010795,a#um#IjF#iCoO#ghyrA#UtkfPG#WBezTdQ#SVsbcXvpDEYwnJRZMxHLqNKl,125.500000,941.000000,35.000000,0.700000,1
16010638,a#uf#HJL#jsBq#gemiv#AVoOXQ#GFcCyNb#pxwzPUEDISdWMtZKYlhTrRnk,111.500000,385.000000,51.000000,0.606796,0
16010797,b#NE#Fed#JuRw#kzUTI#HjpZCc#YgKirPq#yXsLSfAaVnWvlODMmhxtGoBQ,132.000000,1874.000000,45.000000,0.603448,1
16010898,E#iN#tKY#frgl#LbDGv#IcZqMA#XwHeQds#OJmBnWyFjxpoPhRzTVakCUSu,105.000000,1830.000000,29.000000,0.745902,1
16010899,O#dD#crU#piKG#jSoyg#tBAzsF#nbvfXZe#YRhuIlJPMxCVqkLHNTmEQWaw,131.000000,4278.000000,66.000000,0.561321,1
16010900,k#Xf#dwq#sJvB#iHjPh#nMEQSx#oOyGVIW#lRZUcTrzNegtDuKLFbYpCamA,188.000000,1883.000000,52.000000,0.572727,1
16010901,n#Ca#pRH#TcDo#FSsYi#MNrIBb#tXhKgGm#jyvEZdQWufzwUkqLJePAVOxl,119.000000,1663.000000,55.000000,0.566667,1
16010902,K#ZR#hQW#MgBJ#jOYmv#NdCPHl#SpbXyat#qkArTDGfcLuUwoEnzIsViexF,123.000000,2424.000000,67.000000,0.494681,1
16010903,k#vg#GuW#IlME#HZwDJ#mLdFUN#yVcQfSn#zCTtbpehKxoAqjOaRXirPsYB,127.000000,2059.000000,50.000000,0.663636,1
16010904,g#Ke#lnL#zbCQ#wjosY#dOtDVG#khqSNaE#RvpUXrIFAcJWyMPHfBZTxumi,121.000000,3039.000000,58.000000,0.582418,1
16010897,u#pA#GJt#iVNs#EjKZf#USoweX#LFlMmWb#kaQryHhvqTDPzOIRgdnBCYxc,163.500000,1149.000000,44.000000,0.574713,1
16010905,D#Tw#KUV#EYGy#bCFWS#uqfPeO#QoAMdIt#svRJNkzHZpxmacBnjLiXghrl,151.000000,2358.000000,52.000000,0.563158,1
16010907,z#ku#xln#jgMB#bhKae#mZwWJd#LFvXGTE#isPOCfyQqtYoRIUDVArScpHN,144.000000,2785.000000,54.000000,0.531250,1
16010908,P#NW#vMn#Vdyr#BejlA#uhtqzQ#TGUaFOC#kKLsoJbZRmiIxEfpSYwcgHXD,91.000000,1878.000000,56.000000,0.540698,1
16010909,C#Gu#lyr#pSUQ#dWzLF#ADceXN#IsMjRVP#mEqbgxJnOwBoTiZkhtYfavHK,131.000000,2223.000000,43.000000,0.613924,1
16010910,L#lD#qkf#wVhb#APWtv#UMZBpO#zTXaogN#jxQicmHEdKsnCuySrFeGRYJI,131.000000,2002.000000,60.000000,0.505814,1
16010911,a#mY#juk#lUrw#pciOH#BKoSqR#ATEPDtF#ZdWfCNQeVXJxhMgnLzvGIbsy,114.500000,2096.000000,47.000000,0.608108,1
16010912,b#Ra#FPn#DfgX#QcvKB#VZmlqr#dhHSUeL#YjwOCtuiMzEGAJWTpkoNsyxI,129.000000,2489.000000,53.000000,0.570652,1
16010913,c#hE#KLD#jaob#fgJQs#VZukTU#IGYweSd#xvzniRXlrqpNtHAmCPMOWFyB,183.500000,1809.000000,48.000000,0.651961,1
16010906,W#Yt#FSm#iTaP#nzMxQ#bkEClL#XgUsIBf#JHOcNeVRwGqujvoZAprKDhyd,129.500000,1065.000000,46.000000,0.578313,1
16010914,o#tv#SwZ#bpRA#OQkzK#JUHrlf#xsGaPNY#EjeBmgWyhVFniTucCdLMIqXD,122.000000,1214.000000,39.000000,0.713415,1
16010896,n#Fa#ufW#ZiCJ#KvLtE#YNhgPU#zTrdwQX#mkBsGlojMVDyqRHxpScAIbOe,155.500000,1936.000000,43.000000,0.644444,1
16010894,u#jt#Feg#LSrw#XxYVZ#QRdNHq#Ischkoa#OAyJznvEUbiCMlpDWTmBfKGP,143.000000,2530.000000,45.000000,0.580460,1
16010878,N#MZ#mte#HVFx#YWgUT#SzkncB#RbEuaDs#PCrwKJAdhGvILlQfXyOoqipj,112.500000,2139.000000,51.000000,0.752427,1
16010879,F#LG#UDf#nNIM#BhuWa#rlTcPg#bzRCZJQ#dvxoqASypHEjVsiektKXOwYm,155.000000,2918.000000,75.000000,0.426606,1
16010880,C#lW#HfF#nPgy#UQRbm#AVDGaO#cwhdSks#vreipuBjxJTqoYXLZIENKtzM,147.500000,3843.000000,47.000000,0.680412,1
16010881,Z#Nr#HyV#eXMk#vWDmf#SYRnTC#QFUPIdE#hbGqwBzjgLAcOtsJlpaxuKio,101.500000,478.000000,34.000000,0.713235,1
16010882,t#Ef#IKZ#VecY#WJzsa#ldBTAq#oSrwnvX#pkOmCRhUgMPybNxDHQjiLGuF,160.500000,4186.000000,59.000000,0.500000,1
16010883,h#ye#RLK#pflg#OIuak#TDcqbj#vxstdnA#YJzViBUZSXHwGmCFWNEQPMro,168.500000,2464.000000,42.000000,0.693548,1
16010884,z#Lx#MnE#hrFZ#iHtoy#sJeYIl#APOXCgw#NWuaSDqKdTQvcBRGjUbpmkVf,148.000000,3747.000000,52.000000,0.586957,1
16010895,S#pm#oha#dTwy#VzOPE#UbAHuF#QqsjYiv#xZenrMGtIclKLCJgWDXRBkNf,107.000000,1179.000000,42.000000,0.618056,1
16010885,N#PO#CBA#RzDQ#hjklm#JsXZSE#oHnacdr#wYKpiTGxufqVvUWLyIeFbgtM,106.500000,1708.000000,58.000000,0.613636,1
16010887,U#Xf#swa#eVoi#ETuJQ#HhDtgd#qWMpAKr#kRbZCzvSjNGBIOyPnmcYLlxF,128.000000,2746.000000,53.000000,0.592391,1
16010888,q#aF#xdA#GXzu#YpOUB#ncJETL#ksSWVym#toHPvKfMIhlbregiwjDZRNCQ,140.500000,1578.000000,62.000000,0.557692,1
16010889,l#sp#JRQ#eTDw#tuYkc#hqBXdr#SZFUIPA#LEyfHmOnMoNVxaKibjGCvWzg,143.000000,2486.000000,61.000000,0.510638,1
16010890,Y#uZ#iMg#WHrf#tOhbI#pwBxAU#KFjoEDP#TaQLXNkdlcSszymRqvJVnGCe,120.000000,1367.000000,56.000000,0.581633,1
16010891,O#Zy#tGp#oxWu#BiJTR#DXFEsa#zhVSUqL#jdKNeQnMcmAwbHPgCYIlrkvf,174.000000,4216.000000,60.000000,0.531818,1
16010892,n#iB#TKM#hGJA#oEgjk#cLPbds#yRVxUZp#OlSfQzvmeNuaIWqCYFrHtDwX,141.500000,1453.000000,53.000000,0.621053,1
16010893,V#rP#cBL#HGpu#SKmMY#NIXoRb#EeDJafx#nZFOAdTzyijlhQvWwqtksgCU,127.500000,1868.000000,70.000000,0.475248,1
16010886,A#eT#QXj#gvVt#lcrNo#hYOPwI#MzSmEuK#qCHLJRsZWyxFpdabDinGUkfB,144.500000,3403.000000,41.000000,0.660714,1
16010877,D#Sa#gEG#LuCx#NOkpQ#JPYBml#ibwfAtF#RyVMdrvnXIWjUKTozhseqHZc,154.500000,4851.000000,67.000000,0.474747,1
16010915,q#yR#Iaw#MxsU#vjpON#FheroQ#JiPuHVS#mDECXZGnfTzcgWBLbltkYKAd,156.500000,2183.000000,62.000000,0.634783,1
16010917,t#LM#nrB#DGKp#zobNY#vklTjd#FuqQHmi#CSaIJRAZEcsfVPxgyWwOUXhe,148.000000,2400.000000,56.000000,0.525773,1
16010938,w#vA#JKf#VRjY#Hyoba#lDzPhk#XmNZqMC#ueErWFILdSBcstiQUpOTngxG,110.500000,1410.000000,41.000000,0.612500,1
16010939,O#RM#NJj#wrkV#nlIop#TxSZbE#FuUQPhd#qtieDCYvzsKWAfmHgLcGXaBy,126.000000,3004.000000,49.000000,0.560976,1
16010940,o#RO#rhY#xkba#UKmdl#qjeLtJ#TgDiBfM#QpIcFwWNSnCvGXZPsuyAHVzE,133.500000,4095.000000,60.000000,0.520619,1
16010941,T#XI#yeo#HOku#AaztM#bQcfgR#CDnmUWi#sKYZVpvSPldxGBFEhrNLjqwJ,136.000000,2804.000000,60.000000,0.511765,1
16010942,w#Ay#FCZ#BiKD#uScOk#TxWdqI#sJHoYXR#enMUPLamgltNrhbGjEpVzvQf,162.000000,2076.000000,50.000000,0.610000,1
16010943,q#mL#Uxl#iSba#rsBeu#tPOQVg#XwoWhDc#AvNjkdRFTMJGpfCInzHYyEZK,137.000000,2582.000000,47.000000,0.636364,1
16010944,i#OK#Sku#IDyv#QdTWR#GUHPNh#oLAqBMt#jrbpXZsezncxmEwVgFflYCaJ,135.000000,3828.000000,60.000000,0.522727,1
16010937,b#BK#DHU#xEqu#thMRj#mongzJ#fliFSeI#WvVOwQNsYkrpPTyLdaCZAcXG,145.500000,3706.000000,59.000000,0.533654,1
16010945,S#Zi#bNp#WTro#qtGdx#kIPlHe#UjguAfY#hFQcmVLvwBCnODyzMsEaXJKR,156.500000,4387.000000,56.000000,0.586538,1
16010947,G#Re#wsI#HCYB#jgNLS#DkXMUE#rFVAQZJ#nmlczaxWKdfihpbuPTovqtyO,156.000000,1402.000000,48.000000,0.569149,1
16010948,F#XE#MWh#HTQi#qofkm#nagZjI#wPbBCcA#JxzRVlUpOtySKGDrvLdsYNue,159.000000,2564.000000,73.000000,0.487069,1
16010949,G#mc#KMs#PgaL#eSRrt#hDYFNk#yiEIZun#owbAxCBvlTdzQpXWVjfUHqJO,128.500000,1091.000000,42.000000,0.630435,1
