id,seed,forcedness,compression_score,stagnation,efficiency,auto_move_flag,result
1010005,y#QA#Dfa#kVXp#dlqMN#ijtRms#ZuEebxw#vohLnzYPSHWKgTcFOBrUCJIG,109.000000,1113.000000,35.000000,0.684615,1,"
minimal: 0 / states: 125 / duration: 0.000106s
history:
/T1-F0-1 /T2-F1-1 /T4-F3-1 /T3-T1-1 /T6-T3-1 /T3-T0-2 /T3-T0-1 /D:5     /W-F2-1  /D:2     
/W-T4-1  /T6-T4-1 /T6-F1-1 /T6-T5-1 /T6-T2-1 /T6-T0-1 /T0-T6-5 /T4-T0-3 /T4-T5-1 /T1-T2-2 
/W-T1-1  /T4-T1-1 /D:1     /W-T5-1  /D:3     /W-T0-1  /D:1     /W-T1-1  /D:1     /W-T6-1  
/T5-T6-4 /D:2     /W-F1-1  /T4-F1-1 /T5-T4-1 /T6-T5-2 /T6-F1-1 /T5-T6-3 /T2-T5-4 /D:2     
/W-F3-1  /T6-F3-1 /D:1     /W-F0-1  /D:3     /W-F0-1  /T2-F0-1 /D:1     /W-T3-1  /D:1     
/W-T0-1  /W-T0-1  /T5-T0-5 /T5-T1-1 /T5-T3-1 /D:1     /R       /D:1     /W-T1-1  /D:1     
/W-F2-1  /T0-F2-1 /T0-F3-1 /T0-F0-1 /T6-F2-1 /T6-F3-1 /T0-F1-1 /D:1     /W-T1-1  /D:1     
/W-T4-1  /T3-T4-3 /D:1     /W-F3-1  /D:1     /W-T4-1  /D:1     /W-F3-1  /T0-T1-1 /T0-F3-1 
/D:1     /W-F0-1  /D:1     /W-F2-1  /T6-F2-1 /T1-F2-1 /T6-F1-1 /T6-F2-1 /T1-F1-1 /T1-F2-1 
/T6-F3-1 /T6-F2-1 /T0-T1-1 /T0-F3-1 /T0-F2-1 /T6-F3-1 /T0-F3-1 /T6-F2-1 /T6-F3-1 /T1-T0-4 
/T1-F2-1 /D:1     /W-F0-1  /T4-F0-1 /T0-F0-1 /T4-F1-1 /T0-F1-1 /T4-F0-1 /T0-F0-1 /T4-F1-1 
/T0-F1-1 /T4-F0-1 /T0-F0-1 /T4-F1-1 
"
1010054,u#xy#mzW#GKqd#YhvTJ#MUEfkl#rQDINZa#FBbCLetcsAoVnHgiPXRpOSwj,101.500000,2022.000000,39.000000,0.630435,1,"
minimal: 0 / states: 121 / duration: 0.000099s
history:
/T6-F1-1  /T1-T6-1  /T2-T1-1  /T5-T2-1  /T4-T5-1  /T5-T6-2  /T4-T0-1  /T4-T1-1  /T4-T1-1  /T1-T2-4  
/T6-T1-4  /T6-F3-1  /D:1      /W-T0-1   /D:2      /W-F1-1   /D:1      /W-T3-1   /D:2      /W-T0-1   
/D:1      /W-T2-1   /T5-T2-1  /T3-T5-2  /T3-T0-1  /T5-T2-3  /T3-T4-1  /T5-T6-1  /T3-T6-1  /T2-T3-11 
/W-T2-1   /T4-T5-2  /D:1      /W-F1-1   /D:2      /W-F0-1   /D:2      /W-T1-1   /T0-T1-5  /D:1      
/W-F2-1   /W-F2-1   /D:4      /W-T1-1   /D:1      /W-T2-1   /D:2      /W-F2-1   /D:1      /W-F3-1   
/T1-F3-1  /T1-F2-1  /D:1      /W-T6-1   /D:1      /W-T2-1   /D:1      /W-T5-1   /T6-T5-4  /T6-T1-1  
/T6-F3-1  /T6-F2-1  /W-F3-1   /T5-F3-1  /W-T2-1   /R        /D:1      /W-F0-1   /T3-F0-1  /T1-F0-1  
/T3-F1-1  /T1-F1-1  /T3-F0-1  /T1-F0-1  /T3-F1-1  /T5-F0-1  /T1-F3-1  /T5-F3-1  /T1-T2-1  /T1-F3-1  
/D:1      /W-F2-1   /T3-F2-1  /T2-F2-1  /T3-T5-1  /T3-F2-1  /T3-F3-1  /T2-T1-1  /T2-F2-1  /T2-F3-1  
/T3-F2-1  /T1-T2-3  /T1-F2-1  /T5-T3-4  /T5-F3-1  /T1-F3-1  /T3-T5-5  /T3-F2-1  /D:1      /W-F0-1   
/D:1      /W-F1-1   /T5-F1-1  /T2-F1-1  /T5-F0-1  /T2-F0-1  /T5-F1-1  /T2-F1-1  /T5-F0-1  /T2-F0-1  
/T5-F1-1  /T2-F1-1  /T5-F0-1  
"
1010075,z#wb#SFu#mBRW#DpeLt#VgOlUA#rqQKcvN#xXaIHisojEYJMTCynZfkPhGd,110.500000,1466.000000,42.000000,0.671233,1,"
minimal: 0 / states: 120 / duration: 0.000098s
history:
/T5-F0-1 /T6-F3-1 /T6-T3-1 /T4-T5-1 /T5-T3-2 /T5-T0-1 /T5-F3-1 /T5-T2-1 /T2-T5-2 /T2-T5-1 
/T2-T3-1 /D:1     /W-T0-1  /T3-T0-5 /T3-T5-1 /T3-F0-1 /T4-T3-1 /D:1     /W-T3-1  /D:1     
/W-F1-1  /T1-F1-1 /T6-F1-1 /T1-T3-1 /T5-T3-5 /D:6     /W-T6-1  /D:1     /W-T0-1  /D:3     
/W-T1-1  /D:2     /W-F0-1  /D:2     /W-F2-1  /D:1     /W-T2-1  /W-T2-1  /D:2     /W-T2-1  
/D:1     /W-F3-1  /D:3     /W-F1-1  /T4-F1-1 /R       /D:1     /W-T6-1  /D:4     /W-F2-1  
/T4-F2-1 /T4-F0-1 /T0-F0-1 /D:1     /W-T1-1  /T6-T1-3 /T6-F3-1 /T6-F2-1 /T3-F3-1 /T3-F0-1 
/T6-F2-1 /T0-F3-1 /W-F2-1  /T0-F2-1 /D:1     /W-T2-1  /W-T2-1  /W-T2-1  /T3-T2-1 /T3-F2-1 
/T0-T1-1 /T0-F2-1 /D:1     /W-F3-1  /T1-F3-1 /T3-F3-1 /T0-F3-1 /T3-F2-1 /T0-F2-1 /T3-F3-1 
/T1-T0-3 /T1-F3-1 /T2-T3-5 /T2-F2-1 /T2-F3-1 /T0-T1-4 /T0-F2-1 /D:1     /W-F1-1  /T3-F1-1 
/D:1     /W-F1-1  /D:1     /W-F0-1  /T3-F0-1 /T1-F0-1 /T3-F1-1 /T1-F1-1 /T3-F0-1 /T1-F0-1 
/T3-F1-1 /T1-F1-1 /T3-F0-1 /T1-F0-1 /T3-F1-1 
"
1010141,f#KE#yWJ#UaQn#spYiN#VOvkLu#wcBoMPt#jmClIRbrxdezSgTGAhXqZFHD,103.500000,1701.000000,47.000000,0.641975,1,"
minimal: 0 / states: 124 / duration: 0.000108s
history:
/T3-F2-1 /T4-F3-1 /T5-T4-1 /T4-T2-2 /T3-T1-1 /T3-F1-1 /T6-T3-1 /T1-T0-2 /T0-T3-3 /T1-T4-1 
/D:1     /W-T4-1  /D:1     /W-T0-1  /T5-T0-1 /T5-T0-1 /T2-T0-3 /T5-T2-1 /T5-F3-1 /T6-F3-1 
/T6-T1-1 /T6-F2-1 /T4-T1-3 /T4-F2-1 /T3-F3-1 /T3-T2-4 /D:3     /W-T1-1  /D:1     /W-F3-1  
/D:1     /W-F1-1  /D:3     /W-T2-1  /D:1     /W-T4-1  /D:1     /W-T3-1  /D:1     /W-F3-1  
/D:1     /W-T0-1  /T4-T0-2 /D:1     /W-F3-1  /D:2     /W-F0-1  /T6-F0-1 /T6-F1-1 /T2-F1-1 
/T0-F1-1 /T5-T6-1 /D:1     /W-T1-1  /T2-T1-3 /T2-F3-1 /T6-F3-1 /D:2     /W-F2-1  /D:1     
/W-T4-1  /D:3     /R       /D:1     /W-F0-1  /D:1     /W-T3-1  /D:1     /W-F2-1  /T0-F2-1 
/D:1     /W-T3-1  /T2-T3-2 /T2-T4-1 /D:2     /W-T4-1  /T6-T4-1 /D:1     /W-T0-1  /D:2     
/W-F0-1  /T1-F0-1 /T0-F0-1 /T1-F1-1 /T0-F1-1 /T1-F2-1 /T0-F2-1 /T1-F1-1 /T3-F2-1 /T0-F1-1 
/T4-F2-1 /T3-F3-1 /T3-F2-1 /T4-F3-1 /T4-F2-1 /T1-T3-3 /T1-F3-1 /T4-F3-1 /T3-T1-4 /T3-F2-1 
/R       /D:1     /W-F0-1  /D:1     /W-F0-1  /T1-F0-1 /T0-F0-1 /T1-F1-1 /T0-F1-1 /T1-F0-1 
/T0-F0-1 /T1-F1-1 /T0-F1-1 /T1-F0-1 
"
1010142,Z#Jq#rHV#bhAL#utlGQ#IkyvNC#iegPzon#majwsXdTUBOfpWEKFxcRYSMD,137.500000,1884.000000,42.000000,0.611111,1,"
minimal: 0 / states: 121 / duration: 0.000111s
history:
/T6-F2-1 /T6-F2-1 /T5-T4-1 /T5-F3-1 /T3-T0-1 /T3-F0-1 /T3-T5-1 /T3-T4-1 /T6-T3-1 /T6-T1-1 
/D:2     /W-F1-1  /T4-F1-1 /D:3     /W-T6-1  /D:1     /W-T0-1  /W-T0-1  /T2-T0-1 /T6-T2-2 
/T1-T6-2 /T2-T0-3 /T4-T2-2 /T4-T5-1 /T4-T3-1 /T6-T0-3 /T6-T1-1 /D:4     /W-F0-1  /T2-F0-1 
/D:1     /W-F3-1  /T0-F3-1 /T2-F3-1 /D:1     /W-T4-1  /T2-T4-1 /D:1     /W-F2-1  /T0-F2-1 
/T4-F2-1 /D:2     /W-T4-1  /D:1     /W-T3-1  /W-T3-1  /T5-T3-3 /D:3     /W-F1-1  /D:1     
/W-F3-1  /D:2     /W-F3-1  /D:1     /W-T2-1  /W-T2-1  /W-T2-1  /D:1     /W-F0-1  /T4-F0-1 
/W-F0-1  /T3-F0-1 /T4-T3-2 /T0-T4-3 /T0-F0-1 /T4-T0-4 /R       /D:1     /W-T4-1  /T5-T4-1 
/T5-T4-1 /T5-F0-1 /T1-T4-2 /D:1     /W-T2-1  /D:1     /W-F1-1  /T0-F1-1 /T0-F2-1 /T3-F1-1 
/T0-F1-1 /T3-F2-1 /T3-F1-1 /T0-F2-1 /T4-F1-1 /T2-F1-1 /T3-F2-1 /T4-F0-1 /T4-F1-1 /T3-T2-1 
/T3-F0-1 /T3-F1-1 /T0-T4-3 /T0-F0-1 /T2-T3-3 /T2-F0-1 /T4-T0-4 /T4-F1-1 /D:1     /W-F3-1  
/D:1     /W-F3-1  /T0-F3-1 /T0-F2-1 /T3-F3-1 /T0-F3-1 /T3-F2-1 /T0-F2-1 /T3-F3-1 /T0-F3-1 
/T3-F2-1 
"
1010147,a#uC#bpq#HeDj#XfloM#mchQvK#UtkETYn#sSBJxZAIrFPyzVWgOGwdNLiR,106.500000,1382.000000,46.000000,0.607595,1,"
minimal: 0 / states: 126 / duration: 0.000108s
history:
/T0-F1-1 /T6-F2-1 /T5-T6-1 /T6-T4-2 /T4-T0-3 /T4-F2-1 /T5-T3-1 /T3-T0-2 /T1-T5-1 /T6-T1-1 
/T5-T6-2 /T5-T0-1 /T5-T2-1 /D:1     /W-T1-1  /D:2     /W-T2-1  /D:2     /W-T4-1  /D:2     
/W-F0-1  /T2-F0-1 /T6-F0-1 /T3-F0-1 /T2-T3-2 /T2-F2-1 /T2-F1-1 /T3-F1-1 /T3-T1-2 /T1-F2-1 
/W-T2-1  /D:2     /W-F2-1  /D:3     /W-T2-1  /D:3     /W-T4-1  /D:1     /W-T3-1  /D:2     
/W-T0-1  /D:2     /W-F1-1  /T1-F1-1 /T1-F2-1 /D:1     /W-F3-1  /D:1     /W-T5-1  /D:2     
/R       /D:1     /W-T0-1  /T6-T0-2 /T6-T2-1 /T6-F2-1 /D:1     /W-T2-1  /D:1     /W-T4-1  
/T6-T4-1 /D:1     /W-T1-1  /D:2     /W-T6-1  /T4-T6-5 /T4-F1-1 /T3-F1-1 /T0-T6-4 /T0-F1-1 
/T1-T3-2 /T1-F2-1 /T0-F2-1 /T4-T5-1 /D:1     /W-T2-1  /T3-T2-3 /D:1     /W-F3-1  /W-F3-1  
/T6-F3-1 /T6-F0-1 /T2-F0-1 /D:1     /W-F2-1  /D:1     /W-F1-1  /T0-F1-1 /T2-T5-4 /T2-F1-1 
/T6-T0-5 /T6-F2-1 /T2-F2-1 /T6-F1-1 /T6-F2-1 /T5-T2-6 /T5-F1-1 /D:1     /W-F3-1  /T0-F3-1 
/T0-F0-1 /T2-F3-1 /T0-F3-1 /T2-F0-1 /T0-F0-1 /T2-F3-1 /T0-F3-1 /T2-F0-1 /T0-F0-1 /T2-F3-1 
/T0-F3-1 /T2-F0-1 /T0-F0-1 /T2-F3-1 
"
1010159,D#Vl#ocv#HJbB#gMejx#pkhQId#FwfLYOn#EtisKNAqXCaSumyGRUrzTZWP,130.500000,1118.000000,48.000000,0.593023,1,"
minimal: 0 / states: 124 / duration: 0.000111s
history:
/T6-F2-1 /T4-T1-1 /T4-T1-1 /T2-T1-1 /T3-T2-1 /T2-T0-2 /T2-F2-1 /T0-T4-3 /D:6     /W-F3-1  
/T6-F3-1 /W-T6-1  /D:1     /W-F0-1  /T4-F0-1 /D:3     /W-T5-1  /T3-T5-1 /D:1     /W-F1-1  
/T5-F1-1 /T4-F1-1 /T5-F0-1 /T5-F1-1 /T4-F0-1 /T4-F1-1 /T6-T4-2 /T4-T0-3 /W-T6-1  /T3-T6-1 
/T4-T3-1 /D:3     /W-T2-1  /T6-T2-3 /T6-F1-1 /T3-F1-1 /D:4     /W-T1-1  /D:2     /W-T4-1  
/T1-T4-5 /T1-T2-1 /T3-T2-1 /D:1     /W-T2-1  /D:1     /W-T1-1  /D:1     /W-T0-1  /T5-T0-1 
/D:1     /W-F3-1  /T5-F3-1 /T5-F1-1 /T6-T5-1 /T6-T2-1 /R       /D:1     /W-F0-1  /T2-F0-1 
/D:1     /W-T4-1  /D:1     /W-F1-1  /D:1     /W-T2-1  /D:2     /W-T4-1  /D:2     /W-T1-1  
/T5-T1-2 /T5-F2-1 /D:1     /W-F0-1  /D:1     /W-F3-1  /T4-F3-1 /D:1     /R       /D:1     
/W-F2-1  /D:2     /W-F2-1  /T2-F2-1 /T2-F3-1 /T2-F0-1 /T4-F2-1 /T4-F3-1 /T0-F0-1 /W-F2-1  
/T2-F3-1 /T2-F0-1 /T4-F2-1 /T0-F3-1 /T1-F2-1 /T2-F3-1 /T4-F1-1 /T0-F0-1 /T1-F1-1 /T2-F0-1 
/T4-F2-1 /T0-F3-1 /T1-F2-1 /T1-F3-1 /T4-F1-1 /T0-F0-1 /T2-F1-1 /T4-F2-1 
"
1010163,r#Iy#KNn#bOBm#WSCsG#FJcMTR#kfitLZw#HojYhgPAUedDVzxQElXupvaq,115.000000,1266.000000,37.000000,0.678571,1,"
minimal: 0 / states: 111 / duration: 0.000099s
history:
/T2-F2-1 /T2-F3-1 /T1-T3-1 /D:2     /W-F2-1  /D:1     /W-T2-1  /T1-T2-1 /T3-T1-2 /D:2     
/W-T2-1  /T4-T2-1 /T5-T4-1 /T4-T5-2 /D:3     /W-F0-1  /T3-F0-1 /T3-F3-1 /W-F3-1  /T4-F0-1 
/T4-T2-1 /T0-T2-1 /D:3     /W-T2-1  /D:1     /W-F0-1  /D:1     /W-T6-1  /D:1     /W-T0-1  
/D:2     /W-F3-1  /T5-F3-1 /D:1     /W-F0-1  /D:1     /W-T0-1  /W-T0-1  /W-T5-1  /T4-T0-1 
/D:1     /W-T1-1  /T6-T1-2 /T6-T4-1 /T6-T4-1 /D:1     /W-T1-1  /T5-T1-3 /D:1     /W-F2-1  
/D:1     /W-T0-1  /W-T0-1  /T6-T0-1 /D:1     /W-F1-1  /T3-F1-1 /T5-T3-1 /T5-F1-1 /T2-F1-1 
/T6-T5-1 /T6-T0-1 /T5-T6-2 /T1-F1-1 /T5-F0-1 /T0-F1-1 /W-F1-1  /T2-T0-2 /T2-F0-1 /T2-F1-1 
/T6-F1-1 /W-T3-1  /W-F0-1  /T2-F0-1 /T2-F1-1 /T6-F0-1 /T2-F0-1 /T4-F0-1 /T6-F1-1 /T0-T3-7 
/T0-F1-1 /T1-T4-7 /T1-F1-1 /T3-T0-8 /T3-F0-1 /D:1     /W-F2-1  /T0-F2-1 /T0-F3-1 /T4-F2-1 
/T0-F2-1 /T4-F3-1 /T0-F3-1 /T4-F2-1 /T0-F2-1 /T4-F3-1 /T0-F3-1 /T4-F2-1 /T0-F2-1 /T4-F3-1 
/T0-F3-1 /T4-F2-1 /T0-F2-1 /T4-F3-1 
"
1010173,f#yD#Xts#ClqE#IFvSd#LUPuaN#MjKrmeJ#xVQnBHGRZkpzbAiowWcYOhgT,107.500000,1246.000000,36.000000,0.689873,1,"
minimal: 0 / states: 118 / duration: 0.000109s
history:
/T5-F3-1 /T5-F1-1 /T4-T3-1 /T3-T0-2 /D:2     /W-T6-1  /T5-T6-1 /T5-T1-1 /D:2     /W-F2-1  
/D:1     /W-T1-1  /D:2     /W-T5-1  /T4-T5-1 /T5-T4-3 /D:1     /W-T2-1  /T3-T2-1 /D:2     
/W-T5-1  /T6-T5-3 /T1-T6-3 /D:1     /W-T0-1  /D:2     /W-F1-1  /D:1     /W-F0-1  /T6-F0-1 
/D:2     /W-F2-1  /T0-F2-1 /T2-F2-1 /D:3     /W-F1-1  /T0-F1-1 /T6-T2-2 /T6-F1-1 /T1-T6-1 
/T6-T1-2 /T6-F2-1 /T6-T3-1 /T4-T6-4 /T6-T3-5 /T3-T6-7 /T2-T4-3 /T2-F2-1 /T2-F2-1 /T3-F0-1 
/T5-F2-1 /T0-T6-1 /T0-F1-1 /T2-T1-1 /D:2     /W-F3-1  /T4-F3-1 /T4-F0-1 /T6-F0-1 /D:2     
/W-F1-1  /W-F1-1  /D:1     /R       /D:2     /W-F3-1  /T4-F3-1 /T4-F0-1 /T6-F3-1 /T6-F0-1 
/T6-T4-1 /T6-F2-1 /T4-T6-2 /D:1     /W-F0-1  /D:1     /W-T0-1  /T5-T0-4 /D:1     /W-T2-1  
/D:1     /W-F1-1  /D:1     /W-F2-1  /W-F2-1  /D:2     /W-T2-1  /D:1     /W-F3-1  /T6-F3-1 
/T0-F3-1 /T6-F0-1 /T0-F0-1 /T6-F1-1 /T0-F1-1 /W-F3-1  /T1-F3-1 /T1-F2-1 /T6-F0-1 /T0-F0-1 
/T2-F3-1 /T0-F3-1 /T6-F1-1 /T1-F1-1 /T2-F2-1 /T6-F0-1 
"
1010184,h#Lj#WGK#RMzp#oOctb#yUxirV#JFNEdTZ#sevfkQYwaHXSqmnPDgAluBIC,148.500000,1031.000000,38.000000,0.631250,1,"
minimal: 0 / states: 124 / duration: 0.000113s
history:
/T4-T3-1  /T4-T0-1  /T1-T2-1  /T1-T6-1  /T6-T1-2  /D:1      /W-T6-1   /D:1      /W-T6-1   /D:1      
/W-T2-1   /T0-T2-2  /D:1      /W-T2-1   /D:1      /W-T1-1   /D:3      /W-T1-1   /T5-T1-1  /T5-T2-1  
/D:1      /W-F1-1   /T3-F1-1  /T4-F1-1  /T4-T3-1  /D:1      /W-T1-1   /T6-T1-3  /T6-F1-1  /F1-T2-1  
/T3-T2-2  /T3-T0-1  /W-T0-1   /T2-T0-10 /W-T6-1   /T0-T6-2  /T0-F1-1  /T1-F1-1  /D:2      /W-T2-1   
/T6-T2-4  /T6-F3-1  /T2-F3-1  /D:3      /W-F2-1   /T4-F2-1  /T2-F2-1  /T3-T4-1  /T3-T1-1  /W-T3-1   
/W-F2-1   /T0-F2-1  /T0-F1-1  /T1-T6-1  /T1-F2-1  /T6-T1-2  /T5-T6-1  /T0-F2-1  /T2-T0-4  /T2-T5-1  
/D:1      /W-F3-1   /T0-F3-1  /T1-F3-1  /D:2      /W-F1-1   /D:1      /W-F0-1   /D:1      /W-T4-1   
/T5-T4-2  /T0-T5-3  /T0-F1-1  /T5-T0-4  /T6-F1-1  /T0-T4-5  /T0-F1-1  /T5-T3-1  /D:1      /W-F2-1   
/D:1      /W-F0-1   /D:2      /W-F0-1   /R        /D:1      /W-T3-1   /T1-T3-5  /T1-F1-1  /D:1      
/W-F0-1   /T4-F0-1  /T3-F0-1  /T4-F3-1  /T3-F3-1  /T4-F0-1  /T3-F0-1  /T4-F3-1  /T3-F3-1  /T4-F2-1  
/T3-F2-1  /T4-F3-1  /T4-F2-1  /T3-F3-1  /T3-F2-1  /T4-F1-1  /T3-F1-1  /T0-T4-2  /T0-F2-1  /D:1      
/W-F0-1   /T6-F0-1  /T4-F0-1  /T1-F0-1  /T4-F3-1  /T1-F3-1  /T4-F0-1  
"
1010200,G#cv#DPf#XZaj#nzyOe#TRuWAH#dwQCqIl#UNFoMigJkLtrmYxshpBbSVKE,147.500000,1084.000000,46.000000,0.625000,1,"
minimal: 0 / states: 116 / duration: 0.000105s
history:
/T2-T0-1 /T1-T3-1 /D:1     /W-T3-1  /T0-T3-2 /D:1     /W-F3-1  /D:2     /W-T1-1  /D:1     
/W-T0-1  /T6-T0-1 /D:2     /W-T5-1  /D:5     /W-T3-1  /D:3     /W-T0-1  /T3-T0-6 /T3-F1-1 
/D:1     /W-T5-1  /T4-T5-1 /T4-F3-1 /T2-F3-1 /T4-T3-1 /T1-T2-2 /T3-T1-2 /T2-T5-3 /T4-T2-1 
/T4-F2-1 /T5-F2-1 /W-T2-1  /W-T4-1  /T3-T1-1 /D:1     /W-T6-1  /W-T6-1  /W-T4-1  /W-T4-1  
/W-T1-1  /W-T1-1  /T5-T1-6 /T5-F0-1 /T6-T5-3 /D:1     /W-F2-1  /T6-F2-1 /T0-F2-1 /D:1     
/W-F0-1  /T6-F0-1 /T6-F3-1 /T6-T4-1 /D:1     /W-F1-1  /T1-F1-1 /T1-F0-1 /T6-F1-1 /T1-F1-1 
/T0-F1-1 /T1-F2-1 /T1-F1-1 /T5-F2-1 /T5-F1-1 /D:1     /W-T0-1  /D:1     /W-T4-1  /T1-T4-1 
/T1-F1-1 /D:1     /W-T2-1  /T5-T2-2 /T5-F2-1 /T5-F3-1 /T0-F3-1 /T5-F3-1 /T0-T2-2 /T0-F2-1 
/T0-F1-1 /T4-T1-2 /T4-F2-1 /T0-F2-1 /T4-F1-1 /T0-F1-1 /T1-T4-4 /T1-F2-1 /T2-T0-6 /T2-F2-1 
/T4-T1-5 /T4-F1-1 /D:1     /W-F0-1  /W-F0-1  /T0-F0-1 /T0-F3-1 /T1-F0-1 /T0-F0-1 /T1-F3-1 
/T0-F3-1 /T1-F0-1 /T0-F0-1 /T1-F3-1 /T0-F3-1 /T1-F0-1 /T0-F0-1 /T1-F3-1 
"
1010218,w#uT#kxS#CRBL#cMEDz#mPZeAj#UdrWOsl#pNgqYoFKHGvtIahyiXfbQVJn,137.000000,1080.000000,46.000000,0.604651,1,"
minimal: 0 / states: 126 / duration: 0.000110s
history:
/T6-T4-1  /T6-T1-1  /D:2      /W-F3-1   /T6-F3-1  /D:6      /W-T4-1   /T5-T4-1  /T5-F0-1  /T5-T1-1  
/T3-T5-1  /T3-F0-1  /D:3      /W-T4-1   /D:2      /W-T6-1   /D:1      /W-F1-1   /D:1      /W-T4-1   
/W-T4-1   /T2-T4-1  /T6-T2-2  /T6-T4-1  /T6-T4-1  /T6-T2-1  /T4-T6-10 /T4-T1-1  /W-T2-1   /D:2      
/W-T0-1   /D:1      /W-T5-1   /T0-T5-2  /T5-T0-5  /T5-F3-1  /W-T5-1   /W-T0-1   /T1-T0-4  /D:1      
/W-T2-1   /T4-T2-1  /D:1      /W-F1-1   /D:1      /W-F3-1   /T3-F3-1  /T3-F0-1  /T4-T3-1  /T0-F0-1  
/T2-F0-1  /T4-F1-1  /T6-F1-1  /T0-F1-1  /W-F0-1   /T2-F1-1  /T2-F0-1  /T0-T1-2  /T0-F0-1  /T1-T0-3  
/D:3      /W-F2-1   /R        /D:2      /W-F1-1   /T6-T2-3  /T6-F1-1  /T2-T6-4  /T2-F0-1  /D:2      
/W-T3-1   /T2-T3-2  /T2-T5-1  /D:1      /W-F2-1   /D:2      /W-F0-1   /R        /D:1      /W-F2-1   
/D:1      /W-F2-1   /T6-F2-1  /T0-F2-1  /T6-F3-1  /T0-F3-1  /T6-F2-1  /T0-F2-1  /T0-F1-1  /T6-F3-1  
/T6-F2-1  /T6-F1-1  /T0-F2-1  /T5-F1-1  /T6-F0-1  /T6-F1-1  /T0-T5-1  /T0-F0-1  /T3-T6-3  /T3-F0-1  
/T5-T0-2  /T5-F1-1  /D:1      /W-F3-1   /T6-F3-1  /T0-F3-1  /T6-F2-1  /T0-F2-1  /T6-F3-1  /T0-F3-1  
/T6-F2-1  
"
1010219,n#aw#HYi#yrjx#Ruskh#BSfcbN#oFtmZAv#JWDTMGCIPEeQlLqzUKVXOdgp,92.500000,604.000000,41.000000,0.630137,1,"
minimal: 0 / states: 123 / duration: 0.000111s
history:
/T0-F2-1 /T5-F3-1 /T4-T6-1 /T2-T1-1 /T3-T2-1 /T6-T3-2 /T6-F0-1 /T6-T0-1 /T3-T2-3 /T1-T4-2 
/T1-F1-1 /T5-F1-1 /T5-F1-1 /T6-T1-1 /T5-T6-1 /T6-T2-2 /T3-T2-1 /T4-T3-3 /T3-T0-4 /D:5     
/W-T3-1  /T2-T3-8 /W-T2-1  /T4-T2-1 /T4-T0-1 /W-T4-1  /T4-T2-2 /D:4     /W-T2-1  /D:1     
/W-T5-1  /D:1     /W-T6-1  /D:1     /W-T3-1  /D:2     /W-T1-1  /D:1     /W-T6-1  /D:1     
/W-T4-1  /W-T4-1  /D:2     /W-T4-1  /D:2     /W-T1-1  /D:1     /W-F3-1  /T2-F3-1 /T3-F3-1 
/D:1     /W-F1-1  /D:1     /W-T0-1  /T6-T0-3 /T6-F2-1 /D:1     /W-F2-1  /T0-F2-1 /T3-F2-1 
/T0-F1-1 /T3-F1-1 /T5-T3-2 /T5-F0-1 /T2-T0-2 /T2-F2-1 /T0-T2-3 /T0-F1-1 /R       /D:1     
/W-T1-1  /D:1     /W-T4-1  /D:2     /W-F0-1  /T2-F0-1 /T2-F3-1 /T3-F0-1 /T2-F0-1 /T3-F3-1 
/T2-F3-1 /T3-F2-1 /T0-F2-1 /W-F0-1  /T2-F0-1 /T3-F1-1 /T0-F1-1 /T3-F2-1 /T0-F2-1 /T3-F1-1 
/T0-F1-1 /T3-F2-1 /T0-F2-1 /T4-T3-2 /T4-F1-1 /T4-F2-1 /T1-T0-3 /T1-F1-1 /D:1     /W-F0-1  
/T0-F0-1 /D:1     /W-F3-1  /D:1     /W-F3-1  /T3-F3-1 /T0-F3-1 /T3-F0-1 /T0-F0-1 /T3-F3-1 
/T0-F3-1 /T3-F0-1 
"
1010240,B#Ws#RlE#bGhQ#XDuPy#iLMmTH#FUgxKqV#eYdZkczArvCNpJSaOowtjInf,125.500000,1381.000000,47.000000,0.556962,1,"
minimal: 0 / states: 124 / duration: 0.000117s
history:
/T5-T6-1 /T5-T6-1 /T4-T5-1 /T3-T2-1 /T1-T6-1 /T0-T4-1 /T5-T0-2 /D:1     /W-T6-1  /D:1     
/W-T5-1  /D:3     /W-T0-1  /D:3     /W-F0-1  /T4-F0-1 /D:2     /W-T1-1  /T3-T1-1 /T3-T1-1 
/D:1     /W-F0-1  /D:1     /W-F3-1  /D:1     /W-T2-1  /T3-T2-1 /T5-T3-2 /D:1     /W-T0-1  
/T6-T0-5 /T6-T0-1 /T6-T3-1 /T4-T0-1 /T1-T3-4 /D:1     /W-T3-1  /T2-T3-4 /T6-T2-1 /T6-T4-1 
/D:1     /W-F1-1  /T3-F1-1 /D:1     /W-F3-1  /T0-F3-1 /D:3     /W-T6-1  /D:1     /W-T2-1  
/D:1     /W-T2-1  /T6-T2-2 /T6-T4-1 /D:1     /W-F2-1  /D:1     /W-T2-1  /R       /D:2     
/W-T1-1  /T5-T1-1 /T4-T5-3 /T4-F0-1 /T4-T1-1 /D:1     /W-F1-1  /W-F1-1  /D:1     /W-T4-1  
/T2-T4-7 /T0-T2-1 /T0-F1-1 /T4-F1-1 /T2-T0-2 /D:2     /W-F2-1  /T3-F2-1 /T0-F2-1 /T3-F3-1 
/T0-F3-1 /T3-F0-1 /T5-F0-1 /W-F2-1  /T0-F2-1 /T3-F3-1 /T0-F3-1 /T3-F0-1 /T4-F2-1 /T4-F3-1 
/T5-F1-1 /T0-F0-1 /T3-F1-1 /T4-F0-1 /T5-F2-1 /T0-F3-1 /T3-F2-1 /T3-F3-1 /T5-F1-1 /T0-F0-1 
/T4-F1-1 /T3-F0-1 /T0-F1-1 /T1-F3-1 /T1-F0-1 /T3-F3-1 /T1-F3-1 /T3-F0-1 /D:1     /W-F2-1  
/T4-F2-1 /T0-F2-1 /T4-F1-1 /T0-F1-1 /T4-F2-1 
"
1010262,q#tG#iek#MhzL#HWyfd#wDXRUQ#ZsoVrJP#pAYcblIugKTnBCjSxONFmvEa,144.500000,2818.000000,47.000000,0.582418,1,"
minimal: 0 / states: 123 / duration: 0.000115s
history:
/T6-T0-1 /T6-T2-1 /T5-T6-1 /T2-T3-2 /T1-T5-1 /T0-T2-2 /D:1     /W-T4-1  /D:1     /W-F0-1  
/D:3     /W-T4-1  /D:7     /W-F2-1  /D:1     /W-F0-1  /D:1     /W-F0-1  /D:2     /W-T1-1  
/T6-T1-2 /T6-T3-1 /T6-F2-1 /T2-T6-3 /D:3     /W-F3-1  /W-F3-1  /T6-F3-1 /T1-F3-1 /T4-T1-3 
/T4-T5-1 /D:2     /W-T0-1  /T3-T0-4 /D:2     /W-T5-1  /D:1     /W-F1-1  /T1-F1-1 /T1-F2-1 
/T6-F2-1 /T1-T5-1 /T1-F2-1 /R       /D:1     /W-T3-1  /D:1     /W-F1-1  /T5-F1-1 /T6-F1-1 
/T6-F2-1 /T4-T6-1 /T5-T1-1 /T5-F1-1 /T1-T5-2 /T1-F2-1 /T3-T1-2 /D:2     /W-T4-1  /T5-T4-4 
/T5-F3-1 /T5-T6-1 /T5-F0-1 /T4-F0-1 /T4-F3-1 /T2-T5-1 /T5-T6-2 /D:1     /W-F2-1  /D:1     
/W-F1-1  /T3-F1-1 /T6-F1-1 /W-T3-1  /D:1     /W-T1-1  /T4-T1-4 /T4-T0-1 /D:1     /W-F3-1  
/D:1     /W-F1-1  /D:1     /W-T3-1  /D:1     /W-F0-1  /T1-F0-1 /T0-F0-1 /T1-F3-1 /T0-F3-1 
/T1-F0-1 /T0-F0-1 /T0-F1-1 /T1-F3-1 /T1-F0-1 /T0-F0-1 /T3-T1-1 /T3-F1-1 /T0-F1-1 /T3-F0-1 
/D:1     /W-F2-1  /T6-F2-1 /T1-F2-1 /T6-F3-1 /T1-F3-1 /T6-F2-1 /T1-F2-1 /T6-F3-1 
"
1010267,W#bA#PLY#trwz#smxUN#gvqECD#BSeIXOn#RVJKZhfdiQyouMlaHFTGpjck,89.000000,1050.000000,31.000000,0.772727,1,"
minimal: 0 / states: 115 / duration: 0.000101s
history:
/T1-F0-1 /T4-F3-1 /T6-F2-1 /T6-F3-1 /T2-T3-1 /T6-T2-1 /T4-T6-1 /T6-T0-2 /T5-T6-1 /T4-T3-1 
/T2-T4-2 /T0-T3-3 /T3-T0-6 /T3-T4-1 /T1-T5-1 /T4-T1-4 /T6-T4-2 /T3-T6-1 /T6-T3-2 /T6-F0-1 
/T2-F3-1 /T3-T0-3 /D:2     /W-T1-1  /D:3     /W-T2-1  /D:3     /W-T0-1  /T5-T0-2 /D:2     
/W-F3-1  /D:1     /W-T2-1  /D:1     /W-F2-1  /D:1     /W-T1-1  /D:1     /W-T3-1  /D:1     
/W-T3-1  /D:1     /W-F1-1  /T0-F1-1 /T0-F0-1 /T4-F0-1 /T5-F0-1 /T5-T4-1 /D:2     /W-F0-1  
/D:1     /W-T1-1  /T4-T1-3 /D:1     /W-F0-1  /W-F0-1  /T0-T5-5 /T0-F0-1 /T5-T0-6 /D:1     
/W-F2-1  /T1-F2-1 /D:2     /W-F1-1  /T0-F1-1 /T0-F2-1 /T1-F1-1 /T1-F2-1 /D:1     /W-T2-1  
/R       /D:1     /W-F3-1  /T0-F3-1 /T1-F3-1 /T0-F2-1 /T0-F3-1 /T1-F2-1 /T1-F3-1 /T0-F2-1 
/T0-F3-1 /T1-F2-1 /T0-F2-1 /T1-F3-1 /T0-F3-1 /T2-T1-1 /T2-F2-1 /T0-F2-1 /T2-F3-1 /D:1     
/W-F0-1  /D:1     /W-F0-1  /D:2     /W-F1-1  /T5-F1-1 /W-F1-1  /D:1     /W-F1-1  /D:1     
/W-F1-1  /T1-F1-1 /T1-F0-1 /T3-F1-1 /T1-F1-1 /T3-F0-1 
"
1010277,J#DQ#vVe#agzn#PRhcY#EyriqK#wLbOWGN#CZXIptuFTdmjBfHoAlMUxSsk,110.000000,1770.000000,29.000000,0.754098,1,"
minimal: 0 / states: 119 / duration: 0.000115s
history:
/T3-F2-1 /T6-F3-1 /T5-T4-1 /T4-T3-2 /T5-T2-1 /T4-T2-1 /T6-T4-1 /T6-T3-1 /T6-F3-1 /T5-T0-1 
/T1-T5-1 /D:1     /W-T5-1  /T6-T5-1 /D:2     /W-T6-1  /T0-T6-2 /T3-T0-4 /D:1     /W-T0-1  
/T4-T0-2 /T1-T4-1 /W-T1-1  /T6-T1-4 /D:3     /W-T1-1  /T3-T1-1 /T3-F1-1 /T5-F1-1 /T2-F1-1 
/D:1     /W-T1-1  /T2-T1-2 /T2-T6-1 /D:2     /W-F1-1  /D:1     /W-T3-1  /D:3     /W-T0-1  
/T5-T0-3 /T5-T3-1 /D:1     /W-T6-1  /D:1     /W-F2-1  /D:1     /W-F0-1  /W-F0-1  /T0-F0-1 
/T4-F0-1 /T5-F0-1 /T1-T4-1 /T1-F1-1 /T4-T1-2 /T4-F3-1 /T0-F3-1 /D:2     /W-T4-1  /W-T4-1  
/D:1     /W-T2-1  /D:1     /W-T4-1  /W-T4-1  /W-T6-1  /W-T2-1  /W-F2-1  /T1-F2-1 /T0-F2-1 
/T0-F1-1 /T1-F3-1 /T1-F0-1 /T0-F0-1 /T1-F1-1 /T0-F1-1 /T6-T1-1 /T6-F0-1 /T0-F0-1 /T1-T6-2 
/T1-F1-1 /T1-F0-1 /T4-F1-1 /T0-T4-1 /T0-F0-1 /T1-T3-1 /T1-F0-1 /T2-T4-3 /T6-T3-4 /D:1     
/W-F3-1  /T3-F3-1 /D:1     /W-F2-1  /T4-F2-1 /T3-F2-1 /T4-F3-1 /T3-F3-1 /T4-F2-1 /T3-F2-1 
/T4-F3-1 /T3-F3-1 /T4-F2-1 /T0-F3-1 /T1-F3-1 /T3-F2-1 /T0-F2-1 /D:1     /W-F1-1  /T4-F1-1 
/T3-F1-1 /T4-F0-1 
"
1010285,W#sK#oBz#pbwO#dvcXu#HFJhry#kltQPVa#jYZCGEeTinqNUfgIxMDmALSR,167.500000,1731.000000,55.000000,0.558824,1,"
minimal: 0 / states: 126 / duration: 0.000113s
history:
/T6-F1-1  /T4-T6-1  /T4-T5-1  /T0-T1-1  /T2-T0-1  /T2-T4-1  /D:2      /W-T0-1   /T1-T0-2  /D:5      
/W-T1-1   /D:1      /W-T6-1   /T1-T6-2  /D:2      /W-F2-1   /T2-F2-1  /D:1      /W-T6-1   /T4-T6-2  
/T4-T0-1  /D:1      /W-F3-1   /T3-F3-1  /T6-T3-8  /T6-F3-1  /T6-F3-1  /T3-T5-9  /T3-F1-1  /T3-F2-1  
/D:1      /W-T0-1   /T6-T0-1  /D:1      /W-T0-1   /D:3      /W-T6-1   /D:1      /W-T1-1   /T6-T1-2  
/D:2      /W-T2-1   /T5-T2-11 /T5-T0-1  /T4-T0-1  /D:1      /W-F0-1   /T2-F0-1  /T2-F1-1  /T2-F2-1  
/T0-F1-1  /T0-F2-1  /T2-F1-1  /T0-F1-1  /T2-F2-1  /T0-F2-1  /D:3      /W-F3-1   /W-F3-1   /T2-F3-1  
/T0-F3-1  /T5-T0-1  /T5-T6-1  /T2-F2-1  /T2-F3-1  /R        /D:1      /W-T1-1   /T0-T1-2  /T0-F3-1  
/D:1      /W-T3-1   /D:1      /W-F0-1   /D:1      /W-T1-1   /D:2      /W-T2-1   /D:1      /W-F1-1   
/D:2      /W-F0-1   /D:1      /W-T3-1   /T6-T3-2  /R        /D:1      /W-F0-1   /T5-F0-1  /T1-F0-1  
/T1-F1-1  /T1-F2-1  /T5-F0-1  /T2-F1-1  /T2-F2-1  /T1-F1-1  /T1-F2-1  /T2-F3-1  /T2-F2-1  /T0-T1-1  
/T0-F3-1  /T0-F2-1  /T3-T2-3  /T3-F3-1  /D:1      /W-F0-1   /T2-F0-1  /T1-F0-1  /T2-F1-1  /T1-F1-1  
/T2-F0-1  /T1-F0-1  /T2-F1-1  
"
1010286,m#oC#MVb#PJAL#gTOZN#XDdGyk#KjEfFrp#RlqBYIvczwnuHiesxUSathQW,145.000000,3066.000000,52.000000,0.572816,1,"
minimal: 0 / states: 127 / duration: 0.000114s
history:
/T4-F3-1 /T5-T3-1 /T5-T0-1 /T3-T4-2 /T3-F0-1 /T2-T1-1 /T2-T3-1 /T3-T4-2 /D:2     /W-T2-1  
/D:2     /W-F0-1  /T1-T6-1 /T1-F0-1 /T1-T3-1 /T4-T1-5 /T4-F3-1 /D:7     /W-F2-1  /T3-F2-1 
/T3-F3-1 /D:1     /W-T1-1  /T4-T1-1 /D:4     /W-T1-1  /W-T1-1  /D:1     /W-T2-1  /D:2     
/W-T5-1  /D:1     /W-F1-1  /T6-F1-1 /T6-F2-1 /T6-T5-1 /T6-T4-1 /D:3     /W-F3-1  /D:1     
/W-T2-1  /R       /D:1     /W-F3-1  /T5-T6-1 /T5-F3-1 /T6-T5-2 /D:1     /W-F2-1  /T5-F2-1 
/T6-T5-1 /T1-T4-1 /T1-F2-1 /T1-F3-1 /T4-T1-3 /D:2     /W-T2-1  /D:1     /W-T6-1  /D:1     
/W-F1-1  /D:1     /W-T3-1  /W-T3-1  /D:4     /W-T2-1  /T5-T2-3 /T5-F1-1 /T5-F0-1 /T1-F1-1 
/T2-F0-1 /T1-F0-1 /T2-F1-1 /T1-F1-1 /T2-F0-1 /T2-F3-1 /T5-T0-1 /D:1     /W-F2-1  /T1-F2-1 
/T1-F3-1 /T6-F2-1 /T2-T6-1 /T2-F3-1 /T6-T2-2 /T0-F3-1 /T3-F3-1 /W-T1-1  /W-F0-1  /T2-F0-1 
/W-F2-1  /T2-T6-1 /T2-F2-1 /T0-F2-1 /T3-F2-1 /T1-T0-4 /T1-F3-1 /T6-T2-2 /D:1     /W-F1-1  
/T0-F1-1 /T0-F0-1 /T2-F1-1 /T0-F1-1 /T2-F0-1 /T0-F0-1 /T2-F1-1 /T0-F1-1 /T2-F0-1 
"
1010304,g#CK#TUN#ivds#EZFzr#uXcoxS#weMnjbG#pYAQLRqPaIBhyVOfWlJHmtkD,102.500000,755.000000,31.000000,0.723077,1,"
minimal: 0 / states: 120 / duration: 0.000114s
history:
/T2-F3-1 /T6-T2-1 /T5-T2-1 /T4-T2-1 /T3-T0-1 /T3-T2-1 /T2-T3-5 /D:1     /W-T3-1  /T6-T3-1 
/T6-T1-1 /T6-F2-1 /T3-T1-8 /D:1     /W-T4-1  /T5-T4-1 /T5-F2-1 /D:1     /W-F0-1  /D:3     
/W-T0-1  /D:1     /W-T0-1  /T5-T0-1 /D:2     /W-F1-1  /T1-F1-1 /T0-F1-1 /T1-F2-1 /T0-F2-1 
/T1-F1-1 /T1-F2-1 /D:2     /W-F0-1  /D:4     /W-F3-1  /D:2     /W-T4-1  /D:1     /W-T6-1  
/T1-T6-6 /T1-F0-1 /T4-T1-4 /T4-T2-1 /T0-T2-1 /T0-F2-1 /D:1     /W-T5-1  /T3-T5-1 /T6-T3-8 
/T6-F1-1 /W-F1-1  /T0-F1-1 /T4-T0-1 /W-T6-1  /W-T0-1  /T5-T0-3 /W-F1-1  /T0-F1-1 /T3-T1-4 
/T3-F1-1 /T2-T5-3 /T4-T1-1 /T5-T6-4 /D:2     /W-T2-1  /D:1     /W-F2-1  /D:1     /W-F1-1  
/D:1     /W-F0-1  /T1-F0-1 /R       /D:2     /W-T2-1  /D:1     /W-F3-1  /W-F3-1  /T6-F3-1 
/T1-F3-1 /T6-F0-1 /T1-F0-1 /T6-F3-1 /T1-F3-1 /T6-F2-1 /T1-F2-1 /T6-F3-1 /T6-F2-1 /T1-F3-1 
/T1-F2-1 /T0-T2-2 /T0-F2-1 /T3-T1-1 /T3-F1-1 /T1-T3-2 /T1-F2-1 /T2-T0-3 /T2-F1-1 /D:2     
/W-F0-1  /W-F0-1  /T0-F0-1 /T0-F3-1 /T3-F0-1 /T0-F0-1 /T3-F3-1 /T0-F3-1 /T3-F0-1 
"
1010335,k#Am#Kid#Dwnj#rhpEN#FtucHP#XeICzRb#SOTGyqBQLYvgJlWZxafUMosV,142.500000,4371.000000,60.000000,0.531915,1,"
minimal: 0 / states: 130 / duration: 0.000124s
history:
/T4-F3-1 /T2-T4-1 /D:2     /W-F3-1  /T5-F3-1 /T5-T2-1 /D:1     /W-T2-1  /D:2     /W-T1-1  
/T0-T1-1 /T1-T0-3 /T1-F0-1 /D:2     /W-F0-1  /D:1     /W-F3-1  /D:3     /W-T3-1  /D:2     
/W-T0-1  /T2-T0-3 /T3-T2-2 /T3-F2-1 /D:3     /W-T1-1  /D:2     /W-F1-1  /T6-F1-1 /T5-F1-1 
/T6-F3-1 /T4-F1-1 /D:2     /W-T2-1  /D:2     /W-F2-1  /D:1     /W-T0-1  /D:1     /W-T3-1  
/T5-T3-1 /T5-T2-1 /R       /D:1     /W-T2-1  /T4-T2-1 /T4-F2-1 /D:1     /W-T4-1  /D:1     
/W-F2-1  /D:1     /W-T1-1  /D:1     /W-T6-1  /T2-T6-7 /T6-T2-9 /T6-F0-1 /T4-T6-2 /T4-F2-1 
/T0-F2-1 /T2-T6-2 /T2-F2-1 /T3-F2-1 /T5-T0-1 /D:6     /W-T4-1  /R       /D:2     /W-T4-1  
/D:2     /W-T4-1  /W-T4-1  /T6-T4-5 /T6-F1-1 /T3-T6-2 /T3-F0-1 /T4-F0-1 /T0-F0-1 /T4-F3-1 
/T0-F3-1 /T2-F3-1 /T2-F2-1 /T4-F0-1 /T0-F0-1 /T6-F3-1 /T6-F2-1 /T4-T2-2 /T4-F3-1 /T4-F2-1 
/T6-F3-1 /T0-T1-3 /T0-F2-1 /T2-T4-4 /T2-F3-1 /T2-F2-1 /T1-T0-4 /T1-F3-1 /D:1     /W-F1-1  
/W-F1-1  /T4-F1-1 /T0-F1-1 /T4-F0-1 /T0-F0-1 /T4-F1-1 /T0-F1-1 /T4-F0-1 /T0-F0-1 /T4-F1-1 
/T0-F1-1 /T4-F0-1 
"
1010339,M#EW#UvG#nZCi#qHAJw#atBOFK#phXINDg#RTLPulYxVyefSmjQbcodrkzs,131.500000,1665.000000,58.000000,0.544444,1,"
minimal: 0 / states: 133 / duration: 0.000123s
history:
/T3-T4-1  /T1-T5-1  /D:5      /W-T4-1   /T6-T4-1  /W-T6-1   /D:1      /W-T0-1   /T5-T0-2  /T5-T4-1  
/T5-T3-1  /T5-T6-1  /D:5      /W-T4-1   /T6-T4-3  /T6-F3-1  /T3-F3-1  /T6-T0-1  /T4-T6-9  /D:1      
/W-T2-1   /T1-T2-1  /D:1      /W-T5-1   /D:1      /W-T1-1   /W-T1-1   /T6-T1-10 /T2-T6-3  /T6-T0-4  
/W-T4-1   /D:2      /W-T0-1   /T3-T0-1  /D:1      /W-T0-1   /D:4      /W-T5-1   /W-T5-1   /T6-T5-1  
/T3-T6-1  /T3-F2-1  /W-F2-1   /T5-F2-1  /D:2      /W-T3-1   /D:1      /R        /D:3      /W-T6-1   
/D:1      /W-T3-1   /D:1      /W-T3-1   /D:1      /W-T3-1   /T2-T3-1  /T5-T2-4  /T5-F1-1  /T0-F1-1  
/T2-T3-5  /D:1      /W-F1-1   /T3-F1-1  /D:1      /W-T6-1   /T4-T6-2  /T4-F0-1  /T1-F0-1  /T0-F0-1  
/T1-F3-1  /T0-F3-1  /T1-F0-1  /T0-F0-1  /T4-T6-1  /T4-F2-1  /T1-F1-1  /T3-F2-1  /T0-F1-1  /T1-F0-1  
/T0-F0-1  /T1-F1-1  /T0-F1-1  /T6-F0-1  /T0-F0-1  /T1-T6-1  /T1-F1-1  /T3-T0-4  /T3-F1-1  /T6-T1-2  
/T6-F0-1  /T6-F1-1  /T0-T3-5  /T0-F0-1  /T0-F1-1  /T6-F0-1  /T0-F0-1  /T1-T6-5  /T1-F1-1  /W-T6-1   
/W-F3-1   /T3-F3-1  /T6-F3-1  /D:1      /W-F2-1   /T3-F2-1  /T3-F3-1  /T6-F2-1  /T3-F2-1  /T6-F3-1  
/T3-F3-1  /T6-F2-1  /T3-F2-1  /T6-F3-1  /T3-F3-1  /T6-F2-1  /T3-F2-1  /T6-F3-1  
"
1010349,G#Wo#DrN#jzvy#tSUYC#gVuLER#QehTZAO#lwaFbHmMdkqJpIXBsKicxPnf,144.500000,1369.000000,47.000000,0.653061,1,"
minimal: 0 / states: 118 / duration: 0.000124s
history:
/T2-F3-1  /T6-F3-1  /T6-F0-1  /T3-T6-1  /D:3      /W-F1-1   /D:2      /W-F1-1   /D:4      /W-T2-1   
/T4-T2-1  /D:1      /W-T6-1   /D:1      /W-T5-1   /D:1      /W-T6-1   /D:4      /W-F0-1   /T2-F0-1  
/D:2      /W-T4-1   /D:1      /W-T6-1   /D:1      /W-T5-1   /T1-T5-1  /T3-T1-1  /T4-T3-2  /T4-T1-1  
/T2-T4-2  /T4-T0-3  /T0-T1-4  /T6-T0-5  /T1-T3-7  /T3-T1-10 /W-T6-1   /T5-T6-4  /T2-F0-1  /T5-F0-1  
/W-T5-1   /W-T3-1   /W-T1-1   /W-T2-1   /D:2      /W-F3-1   /D:1      /W-F2-1   /T6-F2-1  /T1-F2-1  
/T6-F1-1  /T1-F1-1  /T6-F2-1  /T1-F2-1  /D:1      /W-T4-1   /R        /D:1      /W-T2-1   /D:1      
/W-T5-1   /D:1      /W-F0-1   /D:1      /W-T0-1   /T6-T0-3  /T6-T3-1  /T6-F1-1  /T4-F1-1  /T6-F3-1  
/T0-F3-1  /T0-F2-1  /T1-F3-1  /T0-F3-1  /T1-F0-1  /T4-F2-1  /T1-F3-1  /T0-F0-1  /T3-T1-1  /T3-F0-1  
/T0-T5-1  /T0-F0-1  /D:1      /W-T4-1   /T5-T4-4  /T5-F2-1  /T5-F3-1  /T5-F1-1  /T1-F1-1  /T1-F2-1  
/T1-F3-1  /T4-F1-1  /T3-F1-1  /T1-F0-1  /T4-F2-1  /T0-F1-1  /T4-F3-1  /T4-F0-1  /T1-F3-1  /T2-F1-1  
/T2-F0-1  /T4-F1-1  /D:1      /W-F2-1   /T0-F2-1  /T0-F3-1  /T1-F2-1  
"
1010375,w#cN#JLK#oxEs#TIZAu#tRqGlO#FPhDVkn#amyBvipzMUHYWefCSQjrbgdX,149.000000,1376.000000,57.000000,0.531915,1,"
minimal: 0 / states: 136 / duration: 0.000123s
history:
/T1-F3-1 /T5-F3-1 /T6-F2-1 /T2-T5-1 /T6-T2-1 /T4-T6-1 /T4-F0-1 /T6-T0-2 /T2-T4-2 /T0-T4-3 
/T4-T0-6 /T1-T6-1 /D:1     /W-F1-1  /D:1     /W-T1-1  /D:1     /W-T1-1  /D:1     /W-F0-1  
/D:2     /W-T2-1  /D:4     /W-T4-1  /D:1     /W-T2-1  /D:2     /W-T5-1  /T4-T5-2 /T3-T4-1 
/T4-T0-2 /D:1     /W-T0-1  /T6-T0-2 /D:2     /W-F0-1  /D:2     /W-T3-1  /D:3     /W-F1-1  
/T0-F1-1 /T0-F0-1 /D:1     /W-T2-1  /D:1     /W-F1-1  /T0-F1-1 /D:1     /W-T1-1  /T2-T1-4 
/R       /D:2     /W-T3-1  /D:1     /W-T2-1  /T5-T2-5 /T5-T2-1 /F1-T0-1 /T5-T0-1 /T0-T5-1 
/T0-F1-1 /T5-T0-2 /T5-T6-1 /D:1     /W-T4-1  /D:1     /W-T4-1  /D:1     /W-T2-1  /T3-T2-3 
/T3-T4-1 /T3-F2-1 /T2-F2-1 /T0-F2-1 /D:1     /W-T6-1  /T2-T6-2 /T2-F1-1 /T1-F1-1 /D:1     
/W-T4-1  /W-T4-1  /T6-T4-5 /T6-F3-1 /T4-F3-1 /T0-F3-1 /T4-F0-1 /T6-F0-1 /T2-F0-1 /T1-F0-1 
/T4-F3-1 /T4-T2-1 /T4-F1-1 /T1-F1-1 /T2-T4-2 /T2-F0-1 /T1-F0-1 /T4-T2-3 /T4-F1-1 /T0-T1-5 
/T0-F1-1 /T2-T4-4 /T2-F0-1 /T0-F0-1 /T2-F1-1 /T1-T0-7 /T1-F1-1 /T4-T2-6 /T4-F0-1 /D:1     
/W-F2-1  /T0-F2-1 /T0-F3-1 /T2-F2-1 /T0-F2-1 /T2-F3-1 /T0-F3-1 /T2-F2-1 /T0-F2-1 /T2-F3-1 
/T0-F3-1 /T2-F2-1 /T0-F2-1 /T2-F3-1 /T0-F3-1 /T2-F2-1 
"
1010381,O#VJ#jom#PzNs#ftLcS#xuRAYr#XDWpBMQ#TnwGhiKCIEHdvkyelbZFgaUq,118.500000,1815.000000,39.000000,0.652778,1,"
minimal: 0 / states: 116 / duration: 0.000114s
history:
/T6-T5-1 /T5-T4-2 /T5-T6-1 /T5-F0-1 /T5-T3-1 /D:1     /W-T5-1  /T3-T5-2 /T3-F3-1 /T0-F3-1 
/T6-T0-2 /T6-F0-1 /T6-T4-1 /D:1     /W-F2-1  /D:4     /W-T1-1  /T5-T1-4 /T6-T5-1 /T6-T1-1 
/T1-T6-7 /T5-T0-2 /T2-T5-1 /T2-F2-1 /T4-F2-1 /D:2     /W-F0-1  /T6-F0-1 /D:1     /W-T0-1  
/D:1     /W-F0-1  /D:1     /W-T1-1  /D:2     /W-T2-1  /D:2     /W-T5-1  /T6-T5-7 /T3-T6-1 
/T3-F3-1 /T4-F3-1 /T5-F3-1 /D:1     /W-T5-1  /D:1     /W-T6-1  /D:2     /W-T3-1  /D:1     
/W-F0-1  /D:1     /W-T1-1  /D:1     /W-F1-1  /W-F1-1  /D:1     /W-T0-1  /D:1     /W-F2-1  
/T4-F2-1 /T4-F3-1 /T4-F1-1 /T4-T3-1 /T4-T0-1 /T5-T1-2 /T5-F3-1 /W-T3-1  /W-F1-1  /T1-F1-1 
/T1-F2-1 /T4-F1-1 /T0-F2-1 /T1-F1-1 /T5-F2-1 /T0-F3-1 /T2-F2-1 /T1-T5-1 /T1-F3-1 /T0-T2-1 
/T0-F3-1 /T5-T3-3 /T5-F3-1 /T0-T6-1 /T0-F3-1 /T2-T6-2 /R       /D:1     /W-F2-1  /D:1     
/W-F0-1  /T3-F0-1 /T6-F0-1 /D:1     /W-F1-1  /T3-F1-1 /T3-F0-1 /T6-F1-1 /T3-F1-1 /T6-F2-1 
/T5-F2-1 /T6-F1-1 /T6-F2-1 /T5-F1-1 /D:1     /W-F0-1  /T3-F0-1 /T0-F0-1 /T3-F3-1 
"
1010383,B#Gz#JEc#LVrK#hgUNj#ZSwPvD#qdyHsOp#YkAMoTRfFQWeitblmnCxuXaI,91.000000,886.000000,35.000000,0.704918,1,"
minimal: 0 / states: 115 / duration: 0.000121s
history:
/T4-T3-1 /T4-F3-1 /T2-T5-1 /T0-T5-1 /T1-T0-1 /T1-T4-1 /D:1     /W-T0-1  /T3-T0-2 /D:2     
/W-F0-1  /T5-F0-1 /D:1     /W-T1-1  /D:1     /W-T5-1  /D:3     /W-T4-1  /T3-T4-1 /D:2     
/W-T2-1  /T6-T2-1 /T6-F3-1 /D:2     /W-T6-1  /T5-T6-3 /T5-T0-1 /T5-F3-1 /T4-T0-4 /T6-T4-5 
/T6-T3-1 /T3-T5-2 /T4-T5-6 /D:2     /W-T4-1  /D:1     /W-T2-1  /D:1     /W-T1-1  /D:2     
/W-F2-1  /T5-F2-1 /D:1     /W-F0-1  /D:1     /W-T1-1  /D:2     /W-T3-1  /T5-T3-8 /T2-T5-4 
/T5-T4-5 /T6-T5-1 /T6-T0-1 /T3-T6-1 /T3-F0-1 /T4-T0-2 /T4-F3-1 /T4-F0-1 /T6-T3-2 /D:1     
/W-F1-1  /T0-F1-1 /T0-F2-1 /T3-F1-1 /T0-F1-1 /T3-F2-1 /T0-F2-1 /T3-F1-1 /T0-F1-1 /T3-F2-1 
/T3-F1-1 /T4-T0-1 /T4-F2-1 /T4-F1-1 /W-F2-1  /W-T4-1  /W-F1-1  /W-T1-1  /W-F0-1  /W-F3-1  
/T0-F3-1 /T0-F0-1 /W-F3-1  /T0-F3-1 /T0-F2-1 /T3-F0-1 /T3-F3-1 /T3-F2-1 /T0-F1-1 /T1-F3-1 
/T1-F2-1 /T3-F3-1 /T5-F2-1 /W-F1-1  /T1-F1-1 /T4-F1-1 /T0-T1-2 /T0-F2-1 /T3-T5-1 /D:1     
/W-F0-1  /T2-F0-1 /T1-F0-1 /T1-F3-1 /T5-F0-1 /T1-F0-1 /T5-F3-1 
"
1010414,x#cl#eOf#zHIr#Njmah#VEZCis#FkvDQTb#pMWgJSALdoYnByUuRXtPqGwK,138.500000,2881.000000,47.000000,0.612360,1,"
minimal: 0 / states: 114 / duration: 0.000111s
history:
/T3-T2-1 /T4-T3-1 /T4-F1-1 /T6-F1-1 /T5-T6-1 /T0-T1-1 /T4-T0-1 /T3-T4-2 /T6-T3-2 /T6-T2-1 
/T3-T5-3 /T1-T3-2 /T4-T3-3 /T4-F3-1 /T1-F1-1 /D:1     /W-T2-1  /D:1     /W-T1-1  /D:5     
/W-F0-1  /D:1     /W-T0-1  /D:1     /W-F1-1  /D:2     /W-T1-1  /D:1     /W-F2-1  /W-F2-1  
/T2-F2-1 /D:1     /W-F0-1  /D:4     /W-T5-1  /T6-T5-1 /D:1     /W-T0-1  /D:1     /W-T3-1  
/T2-T3-3 /T2-F3-1 /T2-F1-1 /D:1     /W-F3-1  /T3-F3-1 /D:1     /W-F2-1  /T3-F2-1 /T3-F1-1 
/D:2     /W-T0-1  /T5-T0-6 /T5-F0-1 /T0-F0-1 /T0-F3-1 /T0-F2-1 /T5-T2-1 /T5-F0-1 /T3-F2-1 
/W-T3-1  /W-F2-1  /T6-F2-1 /D:1     /W-T1-1  /R       /D:1     /W-T1-1  /D:1     /W-F1-1  
/D:1     /W-T6-1  /T0-T6-3 /T0-F2-1 /D:1     /W-F3-1  /T6-F3-1 /D:1     /W-T2-1  /T6-T2-4 
/T6-F0-1 /T3-F0-1 /T2-F0-1 /T3-F1-1 /T2-F1-1 /T3-F0-1 /T3-F1-1 /T2-F0-1 /T2-F1-1 /T3-F2-1 
/T2-F2-1 /T3-F1-1 /T3-F2-1 /T0-T2-2 /T0-F1-1 /D:1     /W-F3-1  /T5-F3-1 /T1-F3-1 /T1-F0-1 
/T2-F3-1 /T1-F3-1 /T2-F0-1 /T1-F0-1 /T2-F3-1 
"
1010422,m#Ue#DWw#inpZ#YMXar#CVGckL#FTRoNts#SbEBIzyqJlhfuPjQxHKgAdvO,144.000000,3749.000000,61.000000,0.575000,1,"
minimal: 0 / states: 127 / duration: 0.000117s
history:
/T5-T0-1  /T5-T0-1  /T2-T0-1  /T1-T6-1  /D:4      /W-T5-1   /D:1      /W-T2-1   /T1-T2-1  /T3-T1-1  
/D:2      /W-T1-1   /D:1      /W-T6-1   /T5-T6-2  /T5-T2-1  /T5-T0-1  /D:4      /W-T2-1   /T4-T2-1  
/T4-F1-1  /T4-T1-1  /D:1      /W-T0-1   /D:3      /W-T2-1   /T3-T2-1  /T3-F2-1  /D:2      /W-T3-1   
/D:2      /W-T0-1   /T6-T0-5  /D:1      /W-F0-1   /T0-F0-1  /T5-F0-1  /T4-T5-1  /W-T4-1   /T2-T4-8  
/T2-F0-1  /T4-T5-10 /D:3      /W-T5-1   /R        /D:1      /W-T6-1   /D:1      /W-F1-1   /T0-F1-1  
/D:1      /W-F0-1   /D:1      /W-T2-1   /D:1      /W-T1-1   /T3-T1-2  /D:1      /W-T2-1   /D:2      
/W-T0-1   /D:2      /W-T2-1   /W-T2-1   /D:1      /W-F1-1   /D:1      /W-T2-1   /W-T2-1   /T6-T2-2  
/T6-F3-1  /T5-F3-1  /T6-F2-1  /T0-F3-1  /T5-F2-1  /T0-F2-1  /T0-F1-1  /T5-F3-1  /T5-F2-1  /T5-F1-1  
/T6-F3-1  /T0-F2-1  /T2-F3-1  /T2-F2-1  /T6-F3-1  /T6-F0-1  /T0-F1-1  /T0-F2-1  /T5-F0-1  /T1-F0-1  
/T2-F1-1  /T1-F1-1  /T5-F3-1  /T0-F3-1  /T2-F2-1  /T0-F2-1  /T5-F0-1  /T1-F0-1  /T2-F1-1  /T0-F1-1  
/T5-F3-1  /T1-F3-1  /T2-F2-1  /T1-F2-1  /T5-F0-1  /T0-F0-1  /T2-F1-1  /T0-F1-1  /T5-F3-1  /T1-F3-1  
/T2-F2-1  /T5-F0-1  
"
1010445,M#fy#Ydr#sEcZ#hjxmF#bBSUCW#twkDOoR#nqTuQJIHzgGlvKNiLaAPeXVp,158.500000,1437.000000,50.000000,0.572115,1,"
minimal: 0 / states: 128 / duration: 0.000119s
history:
/T6-T4-1 /T1-T3-1 /T2-T1-1 /T2-T1-1 /T2-T0-1 /T3-T2-2 /T6-T3-1 /D:1     /W-F2-1  /T3-F2-1 
/D:1     /W-T4-1  /T3-T4-1 /D:3     /W-T3-1  /D:2     /W-T5-1  /D:7     /W-T0-1  /T5-T0-2 
/T5-T1-1 /T6-T1-1 /T5-T0-1 /T3-T5-2 /D:1     /W-F3-1  /T1-F3-1 /D:3     /W-F1-1  /D:1     
/W-F0-1  /D:1     /W-F3-1  /T5-F3-1 /D:1     /W-T3-1  /T6-T3-1 /T6-T2-1 /T6-T2-1 /T5-T6-2 
/T5-F0-1 /T5-F1-1 /T1-F0-1 /T4-F1-1 /T3-F0-1 /T1-F1-1 /T6-F0-1 /T3-F1-1 /T4-T3-2 /T4-F0-1 
/T4-T5-1 /T1-T6-1 /T1-F1-1 /W-T5-1  /W-T2-1  /T6-T0-3 /D:1     /W-T5-1  /D:2     /W-F2-1  
/T3-F2-1 /T0-F2-1 /T3-F3-1 /T0-F3-1 /T3-F2-1 /T0-F2-1 /R       /D:1     /W-F3-1  /T0-F3-1 
/D:1     /W-F2-1  /D:1     /W-T5-1  /D:1     /W-T2-1  /D:1     /W-T1-1  /D:1     /W-F1-1  
/D:1     /W-F0-1  /T2-F0-1 /T0-F0-1 /T5-F0-1 /T0-T4-1 /T0-F0-1 /T4-T0-2 /D:1     /W-T1-1  
/F0-T1-1 /T4-T1-1 /T4-F1-1 /T2-F1-1 /T1-F1-1 /T1-F0-1 /T2-T5-1 /T2-F1-1 /T1-F1-1 /T5-T2-2 
/T5-F0-1 /T5-F1-1 /T0-T1-3 /T0-F0-1 /D:1     /W-F2-1  /T2-F2-1 /D:1     /W-F3-1  /T1-F3-1 
/T1-F2-1 /T2-F3-1 /T1-F3-1 /T2-F2-1 /T1-F2-1 /T2-F3-1 
"
1010457,q#VK#yYe#hmWc#iHUNA#ZEfbCD#wFTtnOz#SlQjoMsauprXvdRIPgkJGxLB,110.000000,1363.000000,46.000000,0.650000,1,"
minimal: 0 / states: 123 / duration: 0.000124s
history:
/T4-F0-1 /T4-F3-1 /T5-T2-1 /T3-T0-1 /T3-T1-1 /D:2     /W-T6-1  /T1-T6-2 /D:3     /W-T0-1  
/D:3     /W-F1-1  /D:1     /W-T1-1  /D:4     /W-T6-1  /T4-T6-1 /D:4     /W-T2-1  /D:1     
/W-T1-1  /D:3     /W-T6-1  /D:2     /W-T3-1  /D:1     /W-F0-1  /T5-F0-1 /T5-F1-1 /T5-T6-1 
/T5-T6-1 /T0-T2-1 /T0-F1-1 /T2-T0-2 /T2-F0-1 /T0-T2-3 /T6-T0-9 /T6-F3-1 /T6-F2-1 /T2-F2-1 
/T2-F3-1 /T0-F0-1 /R       /D:1     /W-T6-1  /D:1     /W-F3-1  /D:3     /W-T1-1  /T2-T1-2 
/D:1     /W-F2-1  /T1-F2-1 /D:1     /W-F2-1  /D:1     /W-T3-1  /D:1     /W-F1-1  /T1-F1-1 
/T0-F1-1 /T1-F2-1 /T6-T0-1 /T6-F2-1 /T6-T4-1 /T6-F0-1 /T1-F1-1 /T1-T6-2 /T3-T1-3 /T3-F1-1 
/W-T3-1  /T2-T3-1 /T6-F2-1 /T4-T6-2 /T4-F1-1 /W-F1-1  /T2-T5-1 /T6-T1-4 /D:1     /W-F3-1  
/T0-F3-1 /T0-F0-1 /T1-F3-1 /T0-F3-1 /T0-F2-1 /T1-F0-1 /T1-F3-1 /T1-F2-1 /T0-F3-1 /T1-F3-1 
/T3-F3-1 /D:1     /W-F0-1  /D:1     /W-F1-1  /D:1     /W-F0-1  /T0-F0-1 /T1-F0-1 /T0-F1-1 
/T3-F0-1 /T1-F1-1 /D:1     /W-F2-1  /T5-F2-1 /T0-F2-1 /T5-F3-1 
"
1010463,N#VS#QTX#JroU#pkMIy#bhjOia#WvDfPZC#lgmRcueqGdsAwFHxYBntzLKE,158.500000,2031.000000,51.000000,0.578947,1,"
minimal: 0 / states: 123 / duration: 0.000123s
history:
/T0-F3-1  /T5-F1-1  /T2-T4-1  /D:3      /W-T0-1   /T4-T0-2  /T3-T4-1  /D:3      /W-T5-1   /T2-T5-1  
/T6-T2-1  /D:3      /W-T4-1   /T1-T4-1  /D:2      /W-T5-1   /D:1      /W-F0-1   /D:1      /W-T0-1   
/T5-T0-4  /T5-F3-1  /T4-T5-4  /D:2      /W-T1-1   /D:2      /W-T4-1   /W-T4-1   /T5-T4-5  /D:1      
/W-F0-1   /T2-F0-1  /D:1      /W-F2-1   /T3-F2-1  /T3-T4-1  /T1-T3-2  /T6-T1-1  /T6-F3-1  /T2-T4-1  
/T4-T2-10 /T2-F3-1  /T3-T4-3  /D:1      /W-T5-1   /T6-T5-1  /T6-F0-1  /T5-T6-3  /T5-F1-1  /D:1      
/W-T3-1   /D:1      /W-T1-1   /T4-T1-4  /T4-F2-1  /D:2      /W-F0-1   /R        /D:1      /W-T3-1   
/D:1      /W-T1-1   /D:1      /W-F3-1   /T2-T6-1  /T2-F3-1  /T0-T1-1  /T0-F3-1  /D:1      /W-F1-1   
/D:1      /W-T1-1   /D:1      /W-F2-1   /T6-F2-1  /D:1      /W-F1-1   /T1-F1-1  /T1-F2-1  /T6-F1-1  
/T6-F2-1  /T0-F2-1  /T1-F1-1  /T6-F1-1  /T6-F2-1  /T0-F1-1  /T0-F2-1  /T2-T6-3  /T2-F1-1  /T2-F2-1  
/T1-T0-3  /T1-F1-1  /T3-F1-1  /T0-T1-4  /T0-F2-1  /T0-F1-1  /T3-F2-1  /D:1      /W-F0-1   /T6-F0-1  
/T1-F0-1  /T6-F3-1  /T1-F3-1  /T6-F0-1  /T1-F0-1  /T6-F3-1  /T1-F3-1  /T2-F3-1  /D:1      /W-F0-1   
/T1-F0-1  /T1-F3-1  /T2-F0-1  
"
1010483,m#Hb#zTN#LgDC#uUnZi#tJpaOA#crMvPks#hVlyFwBIqexSoGKfYQRWjEXd,127.000000,1569.000000,45.000000,0.628205,1,"
minimal: 0 / states: 115 / duration: 0.000116s
history:
/T2-F3-1 /T5-F0-1 /T5-F3-1 /T5-F1-1 /T1-F1-1 /T6-T2-1 /T2-T1-2 /T1-T4-3 /D:3     /W-T2-1  
/D:1     /W-T0-1  /T6-T0-1 /T6-F3-1 /D:2     /W-T0-1  /T4-T0-4 /T4-T1-1 /T4-F2-1 /T4-T6-1 
/D:1     /W-F0-1  /T3-F0-1 /T3-F0-1 /T3-T4-1 /W-T4-1  /T3-T1-1 /D:3     /W-T0-1  /W-T0-1  
/D:1     /W-T2-1  /D:2     /W-F2-1  /T5-F2-1 /T0-F2-1 /D:1     /W-T6-1  /W-T6-1  /D:4     
/W-F3-1  /D:1     /W-F3-1  /T6-F3-1 /D:1     /W-T2-1  /T6-T2-3 /T6-T3-1 /T6-F2-1 /T6-F1-1 
/T0-T4-1 /T0-F2-1 /T0-F3-1 /W-T3-1  /W-T2-1  /W-T3-1  /D:1     /W-T3-1  /W-T3-1  /W-T5-1  
/W-T3-1  /T2-T3-2 /T2-F3-1 /T5-F3-1 /D:1     /W-F0-1  /D:1     /W-T1-1  /T5-T1-1 /T5-F2-1 
/T4-T0-3 /T4-F2-1 /T2-F2-1 /T2-F3-1 /T0-T1-5 /T0-F2-1 /T2-F2-1 /T1-T0-6 /T1-F3-1 /T0-T1-7 
/T0-F2-1 /T3-T2-6 /T3-F3-1 /T1-T0-8 /T1-F3-1 /T2-T3-7 /T2-F2-1 /D:1     /W-F1-1  /T0-F1-1 
/T0-F0-1 /T3-F1-1 /T0-F1-1 /T3-F0-1 /T0-F0-1 /T3-F1-1 /T0-F1-1 /T3-F0-1 /T0-F0-1 /T3-F1-1 
/T0-F1-1 /T3-F0-1 /T0-F0-1 /T3-F1-1 /T0-F1-1 /T3-F0-1 
"
1010492,H#dm#VJn#GbCk#eIpjK#rTZUPY#iQADRgL#sENSMtXwOWfuqvBlcFyohaxz,69.500000,571.000000,20.000000,0.909091,1,"
minimal: 0 / states: 127 / duration: 0.000122s
history:
/T2-F2-1 /T6-T1-1 /T6-T0-1 /T4-T5-1 /T3-T1-1 /T4-T5-1 /T2-T1-1 /T0-T2-2 /T1-T0-4 /T3-T1-1 
/T3-T1-1 /T2-T0-3 /D:1     /W-T0-1  /T6-T0-1 /T6-T0-1 /T6-F0-1 /T4-T6-1 /T4-T5-1 /D:2     
/W-F3-1  /D:1     /W-T3-1  /W-T3-1  /T6-T3-2 /D:1     /W-T2-1  /T5-T2-4 /T5-T0-1 /T5-T2-1 
/T3-T2-5 /T5-T3-1 /D:4     /W-F3-1  /T0-F3-1 /D:3     /W-T6-1  /T5-T6-1 /T1-T5-3 /D:1     
/W-T4-1  /D:2     /W-F0-1  /T5-T2-1 /T5-F0-1 /T0-F0-1 /T2-T5-2 /T2-F3-1 /T0-F3-1 /T2-F0-1 
/T2-F3-1 /T6-F3-1 /T4-T0-2 /D:2     /W-T0-1  /D:1     /W-F0-1  /T2-F0-1 /T2-F3-1 /T0-T6-5 
/T0-F0-1 /T0-F3-1 /T2-F0-1 /T0-F0-1 /D:1     /W-T3-1  /D:1     /W-F2-1  /D:2     /W-F1-1  
/T5-F1-1 /T5-F2-1 /T6-F1-1 /T5-F1-1 /T6-F2-1 /T5-F2-1 /T6-F1-1 /T6-F2-1 /D:2     /W-T1-1  
/R       /D:1     /W-F2-1  /D:1     /W-T3-1  /D:1     /W-T0-1  /T6-T0-3 /D:1     /W-F3-1  
/T3-F3-1 /D:1     /W-F1-1  /T0-F1-1 /T0-F2-1 /D:1     /W-F2-1  /D:1     /W-T1-1  /T2-T1-2 
/T2-F3-1 /D:1     /W-F1-1  /T0-F1-1 /T0-F2-1 /T1-F1-1 /T0-F1-1 /T1-F0-1 /T0-F0-1 /T1-F1-1 
/T2-F0-1 /T0-F1-1 /D:1     /W-F2-1  /T3-F2-1 /T1-F2-1 /T3-F3-1 
"
1010508,n#jM#fWd#HTQE#SerBs#ChipoP#VcgZIxu#KvyaNYqFRbGUADzmJtXkLlwO,111.000000,673.000000,40.000000,0.650685,1,"
minimal: 0 / states: 112 / duration: 0.000120s
history:
/T0-F2-1 /T2-T3-1 /T1-T0-1 /D:2     /W-T1-1  /D:2     /W-F1-1  /D:1     /W-F3-1  /D:1     
/W-T0-1  /D:3     /W-T4-1  /D:1     /W-F1-1  /D:2     /W-T1-1  /W-T1-1  /D:1     /W-F0-1  
/D:1     /W-T4-1  /T5-T4-1 /T5-F2-1 /T5-F2-1 /T6-T5-1 /T6-T0-1 /T6-T2-1 /T2-T0-2 /T3-T2-2 
/T2-T1-3 /T6-T2-1 /T4-T6-4 /T4-F0-1 /T3-T4-1 /T6-T5-5 /T6-F1-1 /T1-F1-1 /W-T3-1  /W-F2-1  
/T4-T1-1 /T4-F2-1 /T4-F1-1 /T5-T3-3 /T5-F2-1 /T1-T4-2 /T1-F1-1 /T5-F1-1 /T3-T5-5 /W-T2-1  
/T3-T6-1 /T4-T1-3 /D:1     /W-T3-1  /D:1     /W-T4-1  /D:2     /W-F2-1  /T5-T6-5 /T5-F2-1 
/T1-T0-5 /T1-F2-1 /D:1     /W-T2-1  /W-T2-1  /T5-T2-1 /T5-F1-1 /T2-F1-1 /T1-F1-1 /T5-F0-1 
/T6-T2-7 /D:1     /W-F1-1  /D:1     /W-T4-1  /D:1     /W-F1-1  /D:1     /W-F2-1  /D:1     
/W-F3-1  /T2-F3-1 /T0-F3-1 /T2-F0-1 /T0-F0-1 /T2-F3-1 /T0-F3-1 /T2-F0-1 /T0-F0-1 /T2-F3-1 
/T0-F3-1 /T2-F0-1 /T0-F0-1 /T2-F3-1 /T0-F3-1 /T0-F2-1 /T2-F0-1 /T2-F3-1 /T2-F2-1 /W-F0-1  
/T0-F3-1 /T3-F2-1 /T4-F0-1 /T0-F0-1 /T2-F3-1 /T4-F1-1 
"
1010518,B#ga#oGH#TCWJ#DVhbP#dqSmKO#XZrvYzQ#MxiUpjlFAywINsRnEteckLuf,155.000000,3096.000000,48.000000,0.582353,1,"
minimal: 0 / states: 120 / duration: 0.000122s
history:
/T1-F1-1 /T0-T4-1 /T1-T2-1 /D:1     /W-T0-1  /D:2     /W-T3-1  /T2-T3-2 /D:2     /W-T6-1  
/T5-T6-1 /D:1     /W-T5-1  /D:1     /W-T0-1  /T5-T0-2 /T5-T1-1 /T5-T2-1 /T4-T5-2 /T4-F1-1 
/T2-T4-2 /D:1     /W-T3-1  /D:1     /W-F0-1  /T5-F0-1 /T2-T5-1 /D:1     /W-T1-1  /D:2     
/W-T0-1  /T4-T0-3 /D:1     /W-F3-1  /T6-F3-1 /D:2     /W-T3-1  /T5-T3-3 /D:1     /W-F2-1  
/T3-F2-1 /T3-F3-1 /T6-F2-1 /T6-F3-1 /T6-T2-1 /T6-T2-1 /T3-F2-1 /T3-F3-1 /T0-F3-1 /D:3     
/W-T3-1  /D:1     /W-F1-1  /T5-F1-1 /T3-F1-1 /D:1     /W-T1-1  /T3-T1-5 /T6-T3-1 /T6-F2-1 
/T6-T5-1 /D:1     /W-T5-1  /T6-T5-1 /D:1     /W-T4-1  /D:1     /W-F1-1  /R       /D:1     
/W-T2-1  /T3-T2-2 /T3-F0-1 /T3-F3-1 /D:1     /W-F3-1  /D:1     /W-T5-1  /T4-T5-2 /T4-F0-1 
/D:1     /W-F2-1  /D:1     /W-F0-1  /T1-F0-1 /T0-F0-1 /T1-F1-1 /T1-F0-1 /T0-F1-1 /T0-F0-1 
/T1-F1-1 /T0-F1-1 /T1-F0-1 /T0-F0-1 /T1-F1-1 /T0-F1-1 /T5-T1-4 /T5-F0-1 /T0-F0-1 /T1-T5-5 
/T1-F1-1 /D:1     /W-F2-1  /T5-F2-1 /T2-F2-1 /T5-F3-1 /T2-F3-1 /T5-F2-1 /T2-F2-1 /T5-F3-1 
/T2-F3-1 /T5-F2-1 /T2-F2-1 /T5-F3-1 
"
1010555,S#rx#vXz#LonG#QfqmT#eHVNWk#blEMpya#OugIchDKUCidPwsBAYjFZRJt,105.000000,1165.000000,40.000000,0.664384,1,"
minimal: 0 / states: 123 / duration: 0.000127s
history:
/T6-F1-1 /T5-T6-1 /T5-T1-1 /T5-F3-1 /T0-T3-1 /T2-T0-1 /D:1     /W-F3-1  /D:1     /W-T5-1  
/T4-T5-1 /T6-T4-2 /D:2     /W-T1-1  /D:2     /W-T1-1  /T3-T1-2 /T3-F2-1 /T3-F2-1 /T6-F2-1 
/T2-T3-1 /D:3     /W-T2-1  /D:4     /W-F3-1  /D:1     /W-T3-1  /T5-T3-3 /D:1     /W-T3-1  
/D:2     /W-F0-1  /W-F0-1  /D:1     /W-T0-1  /T1-T0-6 /T1-T0-1 /T4-T1-3 /T4-F2-1 /T0-F2-1 
/T3-F2-1 /D:2     /W-T3-1  /D:2     /W-T3-1  /D:1     /W-T1-1  /D:1     /W-T2-1  /T4-T2-1 
/T4-F3-1 /T6-T4-1 /T6-T0-1 /T6-T4-1 /T6-F1-1 /T3-F3-1 /T0-T2-1 /T0-F3-1 /T2-T0-2 /T2-F2-1 
/T3-T5-2 /T3-F2-1 /T5-T3-3 /W-T6-1  /T3-T6-7 /T5-T6-1 /R       /D:2     /W-F1-1  /D:1     
/W-T6-1  /D:1     /W-T4-1  /D:1     /W-F0-1  /T6-F0-1 /T0-F0-1 /D:1     /W-T1-1  /D:1     
/W-F1-1  /T6-F1-1 /T0-F1-1 /T6-F0-1 /T0-F0-1 /T6-F3-1 /T2-F3-1 /W-F1-1  /T0-F1-1 /T2-F2-1 
/T6-F0-1 /T0-F0-1 /T1-F1-1 /T6-F3-1 /T0-F3-1 /T1-F0-1 /T6-F2-1 /T6-F3-1 /T0-F2-1 /T0-F3-1 
/T4-F0-1 /T6-F0-1 /T6-F3-1 /T4-T0-1 /T4-F0-1 /D:1     /W-F1-1  /T1-F1-1 /T0-F1-1 /T1-F2-1 
/T0-F2-1 /T1-F1-1 
"
1010571,m#iN#OYy#CXhD#faJBk#lzwLvs#MdFgEVn#HjTrexcSGPpKUIqQAoRWubZt,119.000000,1446.000000,37.000000,0.697183,1,"
minimal: 0 / states: 121 / duration: 0.000122s
history:
/T1-F3-1 /T6-F2-1 /T4-T2-1 /T2-T0-2 /D:1     /W-T1-1  /D:2     /W-T1-1  /T5-T1-1 /D:2     
/W-T1-1  /T3-T1-1 /T3-T5-1 /D:1     /W-T2-1  /D:1     /W-T1-1  /T4-T1-1 /T6-T4-1 /T4-T0-2 
/T4-F1-1 /T6-T4-1 /D:2     /W-T5-1  /W-T5-1  /W-T5-1  /W-T2-1  /T5-T2-5 /T3-T5-1 /D:7     
/W-T2-1  /T3-T2-1 /D:1     /W-F0-1  /T1-F0-1 /T2-F0-1 /D:1     /W-F2-1  /D:3     /W-T0-1  
/T6-T0-1 /T6-T0-1 /T6-T4-1 /T2-T6-9 /T2-F3-1 /D:1     /W-F1-1  /T1-F1-1 /T1-F0-1 /T4-F1-1 
/T1-F1-1 /T4-F0-1 /T0-F0-1 /T4-F1-1 /T0-F1-1 /D:1     /W-T2-1  /T5-T2-2 /T5-T2-1 /T5-T3-1 
/T1-T2-4 /T5-T3-1 /D:1     /R       /D:1     /W-F3-1  /T6-F3-1 /D:1     /W-F2-1  /D:1     
/W-T3-1  /D:3     /W-F2-1  /T6-F2-1 /T2-F2-1 /D:1     /W-F3-1  /T6-F3-1 /T2-F3-1 /T6-F0-1 
/T2-F0-1 /T6-F1-1 /T2-F1-1 /W-F0-1  /W-F3-1  /T0-T2-2 /T0-F0-1 /T3-F0-1 /D:2     /W-F2-1  
/T2-F2-1 /T2-F3-1 /T6-F2-1 /T2-F2-1 /T6-F1-1 /T0-F1-1 /W-F3-1  /T2-F3-1 /T2-F0-1 /T6-F2-1 
/T0-F2-1 /T3-F1-1 /T0-F1-1 /T6-F3-1 /T2-F3-1 /T3-F2-1 /T6-F0-1 
"
1010607,z#jd#Lyh#uTcA#sUvPY#GXWaBg#JZDqQVK#tbRIonrlECeOFHmkipSMwNxf,108.500000,1222.000000,40.000000,0.723684,1,"
minimal: 0 / states: 121 / duration: 0.000123s
history:
/T3-F0-1 /T6-T4-1 /T4-T0-2 /D:1     /W-T2-1  /D:4     /W-T3-1  /D:1     /W-F2-1  /T3-F2-1 
/D:4     /W-T1-1  /D:2     /W-T1-1  /D:1     /W-T5-1  /W-T5-1  /D:1     /W-T6-1  /T5-T6-3 
/T5-F0-1 /T5-F1-1 /T5-T0-1 /D:4     /W-F2-1  /D:1     /W-T2-1  /D:2     /W-T5-1  /T6-T5-5 
/D:1     /W-F3-1  /T1-F3-1 /T4-F3-1 /T6-F3-1 /T6-F2-1 /T2-T4-3 /T3-T6-1 /T4-T0-4 /T6-T5-2 
/T2-T6-1 /T5-T2-9 /T5-T4-1 /T6-T5-2 /T1-F0-1 /D:2     /W-T4-1  /R       /D:1     /W-F1-1  
/T2-F1-1 /T1-F1-1 /T2-F0-1 /T2-F1-1 /T4-F1-1 /T2-T3-1 /T2-F1-1 /T3-T2-2 /D:1     /W-F3-1  
/T0-F3-1 /D:1     /W-T1-1  /T4-T1-2 /D:1     /W-F2-1  /T4-F2-1 /T0-F2-1 /T0-F1-1 /T3-F2-1 
/T0-F2-1 /T2-T6-4 /T2-F2-1 /T6-T2-5 /D:2     /W-F0-1  /T2-F0-1 /T1-F0-1 /T2-F3-1 /T1-F3-1 
/T2-F0-1 /T1-F0-1 /T2-F3-1 /T0-F3-1 /T2-F0-1 /T2-F3-1 /T0-F0-1 /T0-F3-1 /T2-F0-1 /W-T0-1  
/D:1     /W-T2-1  /T5-T2-1 /T5-F3-1 /D:1     /W-T2-1  /D:1     /W-F1-1  /T1-F1-1 /T2-F1-1 
/T0-F1-1 /D:1     /W-F0-1  /D:1     /W-F2-1  /T2-F2-1 /T0-F2-1 /T2-F1-1 
"
1010636,D#Ym#JPX#vqle#EhujL#WpOcia#QwKMsCd#GHofTSFVbzIAxNygZntBRkrU,129.000000,2559.000000,40.000000,0.649351,1,"
minimal: 0 / states: 113 / duration: 0.000116s
history:
/T5-F1-1 /T4-T1-1 /T2-T1-1 /T2-T0-1 /T5-T2-1 /T0-T3-2 /T1-T0-3 /T2-T0-2 /D:2     /W-T0-1  
/D:1     /W-T3-1  /D:2     /W-T0-1  /D:2     /W-T0-1  /T3-T0-4 /D:2     /W-F1-1  /T5-F1-1 
/T6-F1-1 /T5-T6-1 /D:1     /W-T2-1  /T3-T2-1 /D:1     /W-T4-1  /D:1     /W-F0-1  /D:1     
/W-T1-1  /T4-T1-2 /D:1     /W-F3-1  /T6-F3-1 /D:2     /W-T4-1  /D:2     /W-F2-1  /T0-F2-1 
/T5-F2-1 /T3-F2-1 /T0-F3-1 /T3-T5-1 /W-T3-1  /W-T3-1  /D:2     /W-F0-1  /T6-F0-1 /T0-F0-1 
/T0-F1-1 /T6-T4-1 /T1-T6-4 /T6-T1-5 /T6-T2-1 /T5-T2-2 /D:1     /W-T0-1  /D:1     /W-T3-1  
/T6-T3-1 /T6-F3-1 /T0-F3-1 /D:1     /W-F2-1  /T4-F2-1 /W-F2-1  /W-T3-1  /T4-T3-2 /T4-T1-1 
/T4-F0-1 /T0-F0-1 /W-F3-1  /T0-F3-1 /W-F1-1  /T3-F1-1 /T3-F2-1 /W-F0-1  /T0-F0-1 /T1-F1-1 
/T0-F1-1 /T1-F0-1 /T0-F0-1 /T1-F1-1 /T2-F2-1 /T2-T1-1 /T2-F0-1 /T3-T0-2 /T3-F1-1 /T2-F1-1 
/T0-T3-3 /T0-F0-1 /T0-F1-1 /T1-T2-3 /T1-F0-1 /D:1     /W-F3-1  /T3-F3-1 /T2-F3-1 /T3-F2-1 
/T2-F2-1 /T3-F3-1 /T2-F3-1 /T3-F2-1 /T2-F2-1 /T3-F3-1 
"
1010644,u#iD#Xam#LyfR#NoAgc#ZhGFMS#vQnWCzt#BqedrlxwYTPKUEIVskbpHJOj,105.500000,2947.000000,63.000000,0.596939,1,"
minimal: 0 / states: 139 / duration: 0.000136s
history:
/T5-T6-1 /T4-T1-1 /T4-T0-1 /T4-F0-1 /T1-T3-2 /T4-T3-1 /T4-F3-1 /T5-T4-1 /T3-T5-4 /T5-T0-5 
/T3-T5-1 /T3-T2-1 /T0-T1-7 /T2-T0-2 /T2-F1-1 /T2-T0-1 /D:1     /W-F0-1  /D:4     /W-T5-1  
/W-T5-1  /D:1     /W-T4-1  /D:1     /W-T4-1  /D:1     /W-T0-1  /T1-T0-8 /D:6     /W-T6-1  
/D:4     /W-T3-1  /D:1     /W-F1-1  /D:1     /W-T5-1  /D:2     /W-T3-1  /D:1     /W-F3-1  
/D:1     /W-T4-1  /R       /D:5     /W-F3-1  /D:3     /W-T4-1  /W-T4-1  /T6-T4-3 /T6-T1-1 
/T6-F0-1 /D:1     /W-T3-1  /D:2     /W-T3-1  /R       /D:3     /W-T1-1  /D:1     /W-T3-1  
/D:1     /W-T1-1  /T6-T1-1 /T6-F2-1 /T0-F2-1 /T0-F1-1 /T0-F0-1 /T5-F2-1 /T5-F1-1 /T6-F3-1 
/T4-F0-1 /T0-F3-1 /T0-F0-1 /T4-F3-1 /T5-T4-2 /T5-F0-1 /T5-T6-1 /T3-F3-1 /T3-F0-1 /W-F1-1  
/W-F2-1  /T4-F2-1 /T4-F1-1 /T0-F1-1 /T6-F1-1 /T0-T3-1 /T0-F1-1 /T4-T1-3 /T4-F1-1 /T1-T6-2 
/T1-F0-1 /T3-T0-2 /T3-F0-1 /T3-F1-1 /T1-T4-1 /T1-F0-1 /T3-F0-1 /T4-T1-2 /T4-F1-1 /T4-F0-1 
/T0-T5-5 /T0-F1-1 /T6-T1-3 /D:1     /W-F2-1  /T1-F2-1 /T1-F3-1 /T5-F2-1 /T1-F2-1 /T5-F3-1 
/T1-F3-1 /T5-F2-1 /T1-F2-1 /T5-F3-1 /T1-F3-1 /T5-F2-1 /T1-F2-1 /T5-F3-1 
"
1010645,z#nI#ETY#gJZW#lXdiK#CkuFOt#AwMoQjy#pqxraDvfVNGeBsRUchLPHSmb,136.000000,1318.000000,58.000000,0.521978,1,"
minimal: 0 / states: 131 / duration: 0.000127s
history:
/T4-T2-1 /T3-T2-1 /T6-T3-1 /T2-T0-3 /T1-T0-1 /T1-F2-1 /T3-T1-2 /T4-T3-1 /D:1     /W-T4-1  
/D:4     /W-F1-1  /D:2     /W-T6-1  /D:1     /W-T5-1  /D:2     /W-F3-1  /D:4     /W-T2-1  
/D:1     /W-T2-1  /D:1     /W-T0-1  /T5-T0-2 /T5-F3-1 /D:2     /W-T6-1  /D:2     /W-F3-1  
/D:1     /W-T3-1  /T2-T3-3 /T4-T2-2 /T3-T4-6 /T5-T3-1 /T4-T1-7 /T2-T0-3 /T3-T5-2 /D:2     
/W-T2-1  /D:1     /W-F1-1  /R       /D:1     /W-T1-1  /D:1     /W-T4-1  /T6-T4-3 /T6-F3-1 
/T6-F2-1 /T0-F2-1 /T6-T3-1 /T1-F2-1 /T1-F3-1 /T4-T3-5 /D:1     /W-F2-1  /T1-F2-1 /D:2     
/W-T6-1  /T5-T6-3 /T6-T5-5 /T6-F0-1 /D:1     /W-T3-1  /T0-T3-3 /T0-F2-1 /D:1     /W-T5-1  
/W-T5-1  /D:1     /W-F0-1  /D:1     /W-F1-1  /T3-F1-1 /D:1     /W-T2-1  /T5-T2-8 /T5-F0-1 
/T2-F0-1 /T2-F1-1 /T3-F0-1 /T2-F0-1 /T3-F1-1 /T2-F1-1 /T2-F2-1 /T3-F0-1 /T3-F1-1 /T3-F2-1 
/T1-T2-2 /T1-F1-1 /T3-F1-1 /T2-T1-3 /T2-F2-1 /T2-F1-1 /T3-F2-1 /T3-F1-1 /T1-T2-5 /T1-F2-1 
/T0-T3-5 /T0-F2-1 /T2-T1-6 /T2-F1-1 /D:1     /W-F3-1  /T1-F3-1 /T1-F0-1 /T3-F3-1 /T1-F3-1 
/T3-F0-1 /T1-F0-1 /T3-F3-1 /T1-F3-1 /T3-F0-1 /T1-F0-1 /T3-F3-1 /T1-F3-1 /T3-F0-1 
"
1010742,s#XY#WKM#dPaQ#FbOfA#kTIcev#LHlCgGm#qzUBZRjnVyNoDtJuEiSpxrhw,135.500000,1738.000000,48.000000,0.642857,1,"
minimal: 0 / states: 119 / duration: 0.000121s
history:
/T4-F0-1 /T1-T2-1 /D:3     /W-T5-1  /D:1     /W-F0-1  /D:2     /W-T0-1  /D:2     /W-F2-1  
/D:2     /W-T6-1  /T1-T6-1 /T6-T1-3 /T6-T5-1 /T4-T5-1 /T0-T6-2 /T2-T0-2 /T2-T0-1 /T5-T2-4 
/T2-T0-5 /D:1     /W-F3-1  /T4-F3-1 /D:1     /W-F2-1  /D:1     /W-T5-1  /D:2     /W-T1-1  
/D:2     /W-T0-1  /T3-T0-1 /T3-F1-1 /T3-F3-1 /T4-F1-1 /T5-T4-2 /T5-F1-1 /T0-F3-1 /T3-F1-1 
/T6-F3-1 /D:1     /W-T1-1  /W-T1-1  /T6-T1-2 /T6-F0-1 /T4-F0-1 /T0-F0-1 /T4-F1-1 /T4-F0-1 
/T0-F1-1 /T0-F0-1 /W-T0-1  /D:1     /W-F3-1  /D:1     /W-F2-1  /D:1     /W-T6-1  /D:2     
/W-T5-1  /D:1     /R       /D:1     /W-F2-1  /D:1     /W-T2-1  /T6-T2-2 /T6-F0-1 /D:1     
/W-T3-1  /T6-T3-1 /D:1     /W-T2-1  /T5-T2-2 /T5-F3-1 /T0-T2-1 /T0-F3-1 /T2-T0-2 /T2-F0-1 
/T5-T3-1 /D:1     /W-F3-1  /T0-T2-3 /T0-F3-1 /T1-T3-5 /T1-F3-1 /D:1     /W-F2-1  /T3-F2-1 
/T2-F2-1 /T3-F1-1 /T2-F1-1 /T3-F2-1 /T2-F2-1 /T3-F1-1 /T2-F1-1 /T3-F0-1 /T0-F0-1 /T0-F3-1 
/T3-F1-1 /T3-F0-1 /T0-F0-1 /T3-F3-1 /D:1     /W-F2-1  /T2-F2-1 /T1-F2-1 /T2-F1-1 /T1-F1-1 
/T2-F2-1 
"
1010775,r#dp#jRo#zbfq#TUxnN#yHwQet#uZkVvmW#CaSgicEJGDMPIsYXKBFhlALO,65.000000,546.000000,23.000000,0.935185,1,"
minimal: 0 / states: 114 / duration: 0.000127s
history:
/T4-F3-1  /T4-F2-1  /T2-F2-1  /T1-F2-1  /T3-F2-1  /T6-T4-1  /T3-T5-1  /T0-T5-1  /T6-T0-1  /T6-T4-1  
/T5-F2-1  /D:1      /W-T1-1   /T3-T1-1  /D:1      /W-F1-1   /T1-F1-1  /D:4      /W-F1-1   /D:1      
/W-T5-1   /T1-T5-2  /D:3      /W-T2-1   /D:1      /W-T1-1   /D:1      /W-T2-1   /D:2      /W-F2-1   
/D:1      /W-T1-1   /T4-T1-3  /T5-T4-5  /T4-T1-6  /F2-T4-1  /T5-T4-1  /T1-T5-1  /T1-F1-1  /T5-T1-2  
/T6-T5-1  /T5-T6-2  /T5-T6-1  /T6-T5-4  /T4-T5-3  /T6-T4-1  /T5-F1-1  /T2-T5-3  /W-T2-1   /T5-T0-10 
/D:3      /W-T0-1   /D:2      /W-T2-1   /D:1      /W-T3-1   /D:1      /W-F0-1   /T0-F0-1  /T1-F0-1  
/D:1      /W-T4-1   /D:1      /W-F3-1   /T0-F3-1  /T0-F0-1  /T1-F3-1  /T0-F3-1  /T0-F2-1  /T1-F0-1  
/T1-F1-1  /W-F0-1   /T1-F2-1  /T6-F2-1  /W-T3-1   /W-T4-1   /W-F0-1   /W-T4-1   /W-T4-1   /W-F1-1   
/T2-F1-1  /W-F3-1   /T0-F3-1  /T0-F0-1  /T1-F3-1  /T0-F3-1  /T1-F2-1  /T2-F0-1  /T1-F3-1  /T4-F1-1  
/T0-F2-1  /T2-F1-1  /T1-F2-1  /T4-F0-1  /T0-F1-1  /T3-F0-1  /T3-F1-1  /T4-F3-1  /T0-F2-1  /T1-F3-1  
/T3-F2-1  /T4-F0-1  /T0-F1-1  /T1-F0-1  /T4-F3-1  
"
1010781,I#mQ#lvE#eBiP#xqdKC#nTDYWa#SFpXRUA#ubVtjMGsgocNLJrzHyhwkZfO,111.500000,1336.000000,59.000000,0.551136,1,"
minimal: 0 / states: 128 / duration: 0.000130s
history:
/T5-F1-1 /T6-F0-1 /T6-T0-1 /T4-T1-1 /T5-T4-1 /T4-T5-2 /T4-T2-1 /T3-T4-1 /T4-T6-2 /T0-T5-2 
/D:1     /W-T3-1  /D:1     /W-F1-1  /D:2     /W-T5-1  /D:1     /W-T4-1  /D:1     /W-T0-1  
/T5-T0-6 /D:3     /W-T3-1  /W-T3-1  /T6-T3-3 /D:1     /W-T3-1  /D:1     /W-F1-1  /T2-F1-1 
/T1-T2-2 /D:1     /W-F3-1  /D:1     /W-T1-1  /T6-T1-1 /D:1     /W-T1-1  /T3-T1-8 /T3-F0-1 
/T5-T3-1 /T2-F0-1 /T6-T2-1 /T6-T5-1 /T2-T6-3 /T2-T4-1 /T3-F0-1 /T3-F1-1 /T4-T2-3 /T6-T0-4 
/D:2     /W-T3-1  /T2-T3-4 /D:3     /W-T3-1  /D:3     /W-T2-1  /D:1     /W-F1-1  /D:1     
/W-F3-1  /R       /D:2     /W-T3-1  /D:3     /W-T2-1  /D:2     /W-T2-1  /W-T2-1  /R       
/D:1     /W-T2-1  /D:2     /W-T2-1  /T5-T2-2 /T5-F2-1 /T1-F2-1 /T0-F2-1 /T1-F3-1 /T0-F3-1 
/T0-F0-1 /T1-F2-1 /T1-F3-1 /T2-F0-1 /W-F2-1  /T0-F3-1 /T1-F2-1 /T0-F2-1 /T1-F1-1 /T2-F3-1 
/T1-F2-1 /T3-F0-1 /T0-F3-1 /T2-F0-1 /T2-F3-1 /T3-F1-1 /T0-F0-1 /T1-F1-1 /T1-F0-1 /T3-F2-1 
/T0-F3-1 /T2-F2-1 /T1-F3-1 /T3-F1-1 /T0-F0-1 /T2-F1-1 /T1-F0-1 /T3-F2-1 /T0-F3-1 /T2-F2-1 
/T2-F3-1 /T3-F1-1 /T0-F0-1 /T1-F1-1 /T3-F2-1 
"
1010806,V#ol#OmX#fyiC#evqTY#kzGKgN#ErLtScx#DsZbudQapRUHMIWJnABjwPFh,118.000000,2346.000000,40.000000,0.755952,1,"
minimal: 0 / states: 112 / duration: 0.000134s
history:
/T5-F3-1  /T6-T1-1  /D:2      /W-T5-1   /D:2      /W-T3-1   /D:1      /W-T0-1   /T5-T0-2  /T5-T4-1  
/D:3      /W-F1-1   /T3-F1-1  /T6-F1-1  /T6-T5-1  /D:2      /W-T0-1   /D:5      /W-T1-1   /W-T1-1   
/D:1      /W-T2-1   /T0-T2-5  /W-T0-1   /T4-T0-2  /D:1      /W-F2-1   /D:1      /W-F0-1   /D:1      
/W-F0-1   /T3-F0-1  /W-T3-1   /T4-T3-1  /T4-T2-1  /W-T1-1   /T6-T1-1  /T2-T6-8  /T6-T2-9  /T6-T5-1  
/D:1      /W-T0-1   /T4-T0-1  /D:2      /W-T2-1   /D:1      /W-T3-1   /T4-T3-1  /T2-T4-11 /T2-F3-1  
/T4-F3-1  /D:1      /W-T0-1   /T5-T0-3  /T1-T5-6  /T1-F2-1  /T5-T1-7  /W-T5-1   /W-F2-1   /T4-F2-1  
/W-F3-1   /W-F1-1   /T0-F2-1  /T3-T5-5  /W-T2-1   /W-F0-1   /T4-F3-1  /T5-F1-1  /T4-F2-1  /T6-F0-1  
/T0-F3-1  /T5-F0-1  /T5-F3-1  /T3-T2-1  /T3-F1-1  /T0-F0-1  /T1-F2-1  /T1-F3-1  /T4-F1-1  /T0-F1-1  
/T4-F2-1  /T0-F2-1  /T5-F0-1  /T1-F0-1  /T4-F3-1  /T1-F3-1  /T5-F1-1  /T0-F1-1  /T4-F0-1  /T0-F0-1  
/T5-F2-1  /T1-F2-1  /T4-F3-1  /T0-F3-1  /T5-F1-1  /T1-F1-1  /T2-F2-1  /T1-F2-1  /T4-F0-1  /T0-F0-1  
/T2-F3-1  /T4-F1-1  
"
1010823,E#zv#GIs#mXDW#cFuZO#diYNVB#grflQpw#HhATJMnUeySqtoKRjLxCPabk,140.500000,1261.000000,44.000000,0.631250,1,"
minimal: 0 / states: 117 / duration: 0.000125s
history:
/T1-T3-1 /D:2     /W-T3-1  /D:1     /W-F0-1  /T5-F0-1 /T5-T6-1 /T5-F3-1 /T4-F3-1 /T5-T1-1 
/W-T5-1  /D:1     /W-T5-1  /T2-T5-1 /D:3     /W-F2-1  /D:1     /W-T2-1  /D:1     /W-T5-1  
/D:1     /W-T4-1  /D:2     /W-T5-1  /D:1     /W-T2-1  /W-T2-1  /T0-T2-1 /T4-T0-2 /T4-T6-1 
/D:1     /W-F2-1  /D:1     /W-T1-1  /T3-T1-3 /D:1     /W-T4-1  /T3-T4-1 /T6-T3-3 /T6-F2-1 
/T6-T2-1 /T3-T0-4 /T5-F2-1 /D:2     /W-T3-1  /D:1     /W-T6-1  /W-T6-1  /T2-T6-6 /T2-T1-1 
/W-T2-1  /T6-T2-9 /T6-T1-1 /T6-F2-1 /T4-T6-3 /T4-T6-1 /T6-T0-5 /D:1     /W-F0-1  /D:1     
/W-F3-1  /T2-F3-1 /T0-T5-2 /T0-F3-1 /T5-T0-3 /T5-F2-1 /T2-T1-1 /T2-F3-1 /T2-F2-1 /T5-F3-1 
/T2-F3-1 /T0-T5-5 /T0-F2-1 /T0-F3-1 /T5-T0-7 /T1-T2-4 /T1-F2-1 /T1-F3-1 /T5-T2-1 /D:1     
/W-F1-1  /D:1     /W-F1-1  /T0-F1-1 /T0-F0-1 /T2-F1-1 /T0-F1-1 /T2-F0-1 /T0-F0-1 /T2-F1-1 
/T0-F1-1 /T2-F0-1 /T0-F0-1 /T2-F1-1 /T0-F1-1 /T0-F2-1 /T2-F0-1 /T2-F1-1 /T2-F2-1 /W-F0-1  
/T0-F3-1 /T1-F0-1 /T1-F3-1 /T0-F2-1 /T0-F3-1 /T1-F2-1 /T3-F0-1 /D:1     /W-F1-1  /T2-F1-1 
/T2-F0-1 /T3-F1-1 
"
1010833,K#gn#Nxa#VdGA#FPUmf#HlkpMo#zveIuqB#LOhDJXwyYZtcTQsERCrSjibW,105.000000,1990.000000,47.000000,0.626667,1,"
minimal: 0 / states: 125 / duration: 0.000129s
history:
/T1-F2-1 /T2-F1-1 /T3-F0-1 /T5-F2-1 /T6-F0-1 /T4-T3-1 /D:1     /W-T4-1  /D:5     /W-T4-1  
/W-T4-1  /D:3     /W-T5-1  /T2-T5-1 /T2-F3-1 /T5-T2-3 /T5-F2-1 /T6-F2-1 /T1-T6-1 /T4-T1-4 
/T3-T4-2 /D:6     /W-T6-1  /D:1     /W-T4-1  /T3-T4-1 /T6-T3-3 /T4-T6-5 /T3-T1-4 /D:1     
/W-T1-1  /F2-T1-1 /T4-T1-1 /D:1     /W-F0-1  /D:3     /W-T0-1  /T6-T0-6 /T6-T4-1 /D:2     
/W-F1-1  /D:1     /W-T2-1  /T6-T2-1 /R       /D:1     /W-F3-1  /T1-F3-1 /T1-F2-1 /D:1     
/W-T2-1  /D:1     /W-F0-1  /D:1     /W-T5-1  /D:2     /W-T3-1  /W-T3-1  /T5-T3-2 /T5-T6-1 
/T0-T6-8 /D:1     /W-T2-1  /D:1     /W-F1-1  /T6-F1-1 /T4-F1-1 /T6-F0-1 /T4-F0-1 /T6-F1-1 
/T6-F0-1 /T5-F0-1 /D:2     /W-F3-1  /T1-F3-1 /D:1     /W-F2-1  /T1-F2-1 /T1-F1-1 /T2-F2-1 
/T2-F1-1 /T1-F2-1 /T2-F2-1 /T3-F2-1 /D:1     /W-F3-1  /W-F3-1  /T6-F3-1 /T1-F3-1 /T6-F0-1 
/T2-F3-1 /T1-F0-1 /T1-F3-1 /T2-F2-1 /T2-F3-1 /T3-T1-1 /T3-F2-1 /T3-F3-1 /T6-T2-3 /T6-F2-1 
/D:1     /W-F1-1  /T2-F1-1 /T1-F1-1 /T2-F0-1 /T1-F0-1 /T2-F1-1 /T1-F1-1 /T2-F0-1 
"
1010844,Z#PN#hDa#TGgv#UYXFf#cKoMmn#ISqEypH#RrLOeJBbktxiudAlszwQjCWV,156.500000,3786.000000,52.000000,0.603093,1,"
minimal: 0 / states: 116 / duration: 0.000119s
history:
/T1-F3-1 /T2-F1-1 /T5-F2-1 /T1-T2-1 /T5-T1-1 /D:2     /W-T4-1  /D:1     /W-T0-1  /D:1     
/W-F3-1  /T2-F3-1 /D:4     /W-F1-1  /D:1     /W-T0-1  /D:5     /W-T4-1  /D:1     /W-F0-1  
/D:1     /W-T5-1  /D:3     /W-T0-1  /D:1     /W-F3-1  /D:2     /W-T4-1  /D:2     /W-T0-1  
/T6-T0-1 /R       /D:1     /W-F3-1  /D:3     /W-F0-1  /T4-F0-1 /T2-F0-1 /T6-T4-1 /T6-T1-1 
/T6-F0-1 /T2-T3-1 /T5-T2-2 /T5-F2-1 /T4-F2-1 /T6-F2-1 /T6-F3-1 /T5-T2-1 /T5-F1-1 /T4-F1-1 
/T4-F2-1 /D:1     /W-T3-1  /T4-T3-1 /T4-F0-1 /T4-T1-1 /W-T1-1  /W-F1-1  /T3-F1-1 /D:1     
/W-T4-1  /D:1     /W-T1-1  /D:1     /W-T1-1  /D:1     /W-F2-1  /T3-F2-1 /T1-F2-1 /T3-T6-1 
/T3-F2-1 /T3-F1-1 /T3-F0-1 /T3-F3-1 /T0-F0-1 /T6-F1-1 /T1-F1-1 /T6-F0-1 /T1-F0-1 /T2-F0-1 
/D:1     /W-T3-1  /T4-T3-2 /T4-F3-1 /T0-F3-1 /T0-F2-1 /T3-F2-1 /D:1     /W-F1-1  /T0-F1-1 
/T2-F1-1 /T0-F0-1 /T2-F0-1 /T1-T0-2 /T1-F1-1 /D:1     /W-F3-1  /T0-F3-1 /T0-F2-1 /T3-F3-1 
/T0-F3-1 /T3-F2-1 
"
1010845,c#an#QyA#mBro#evXhD#tdIpsM#YLuSNGb#lkgjfixUHzEqwVWFOTJZRKCP,113.500000,2095.000000,54.000000,0.645161,1,"
minimal: 0 / states: 125 / duration: 0.000133s
history:
/T1-F2-1 /T1-F1-1 /T2-F0-1 /T3-F2-1 /T6-F1-1 /T5-T1-1 /T0-F1-1 /D:1     /W-T1-1  /D:1     
/W-T2-1  /D:3     /W-T6-1  /T3-T6-1 /T3-F0-1 /T2-T3-2 /T2-T6-1 /D:2     /W-T1-1  /D:3     
/W-T0-1  /D:3     /W-T3-1  /D:1     /W-T3-1  /D:1     /W-T1-1  /D:5     /W-T2-1  /D:1     
/W-T5-1  /T4-T5-1 /T6-T4-4 /T6-F3-1 /D:2     /W-F0-1  /T5-F0-1 /D:1     /R       /D:5     
/W-T3-1  /D:1     /W-F0-1  /D:1     /W-T5-1  /D:1     /W-F0-1  /D:1     /W-F3-1  /D:1     
/W-T3-1  /T5-T3-3 /T5-F2-1 /T4-T5-5 /T5-T1-6 /T5-F1-1 /T6-T5-1 /T3-F2-1 /D:1     /W-T4-1  
/D:2     /W-F3-1  /T1-F3-1 /T1-F2-1 /T3-F3-1 /T5-F3-1 /T3-F2-1 /T3-F3-1 /T5-F2-1 /T6-F2-1 
/T4-T6-2 /T4-F2-1 /T4-F1-1 /T1-F1-1 /T1-F0-1 /T6-T2-3 /T3-F0-1 /T3-T2-1 /T3-F2-1 /W-T6-1  
/W-F3-1  /T2-F3-1 /T1-T6-3 /T1-F2-1 /W-T2-1  /T6-T0-5 /R       /D:1     /W-F1-1  /T0-F1-1 
/T0-F0-1 /T0-F3-1 /T2-F1-1 /T2-F0-1 /T2-F3-1 /T0-F0-1 /T0-F3-1 /T2-F0-1 /T2-F3-1 /T1-T0-1 
/T1-F0-1 /D:1     /W-F1-1  /T3-F1-1 /T0-F1-1 /T3-F2-1 /T0-F2-1 /T3-F1-1 
"
1010867,r#ha#SWV#HJbN#mEwok#PClAgt#RsLucYZ#xjMeXvFpTzdfGnyqQDOiBUKI,107.500000,1240.000000,42.000000,0.668919,1,"
minimal: 0 / states: 119 / duration: 0.000115s
history:
/T1-F1-1 /T3-F3-1 /T3-F1-1 /T5-T1-1 /T2-T3-1 /T3-T4-2 /T5-T3-1 /T5-F0-1 /T3-T4-2 /T6-T3-1 
/D:1     /W-T5-1  /T2-T5-1 /T0-T2-1 /T2-T1-2 /D:2     /W-T0-1  /T6-T0-1 /T6-F1-1 /D:3     
/W-T5-1  /T1-T5-4 /D:1     /W-T4-1  /D:2     /W-T6-1  /D:1     /W-T1-1  /T5-T1-8 /D:1     
/W-T1-1  /T5-T1-1 /D:3     /W-F2-1  /D:1     /W-T3-1  /T4-T3-6 /T4-F2-1 /D:4     /W-F3-1  
/T5-F3-1 /D:1     /W-T4-1  /T6-T4-2 /D:1     /W-F0-1  /T1-F0-1 /W-F0-1  /T1-F1-1 /W-F3-1  
/D:2     /W-T0-1  /D:1     /R       /D:1     /W-T0-1  /D:1     /W-F1-1  /D:1     /W-T6-1  
/T4-T6-4 /T4-F0-1 /T6-T4-6 /T6-T4-1 /T3-F0-1 /T6-F3-1 /D:1     /W-F2-1  /D:1     /W-F1-1  
/T3-F1-1 /D:1     /W-F0-1  /T3-F0-1 /D:1     /W-F2-1  /T1-F2-1 /T1-F3-1 /T4-F2-1 /T1-F2-1 
/T1-F1-1 /T4-F3-1 /T4-F2-1 /T4-F1-1 /T0-F1-1 /T1-F2-1 /T4-F2-1 /T1-T0-1 /T1-F2-1 /T3-T4-2 
/T3-F1-1 /T1-F1-1 /T3-F2-1 /T1-F2-1 /T4-T3-4 /T4-F1-1 /D:1     /W-F3-1  /T3-F3-1 /T0-F3-1 
/D:1     /W-F0-1  /T3-F0-1 /T0-F0-1 /T3-F3-1 /T0-F3-1 /T3-F0-1 /T0-F0-1 /T3-F3-1 
"
1010907,i#UX#OwC#frpk#oqcMg#WxQeFy#EDhsVYA#NTnLdjBKZmSzGtHPIbauvJlR,174.000000,1637.000000,49.000000,0.595960,1,"
minimal: 0 / states: 121 / duration: 0.000127s
history:
/T6-F0-1 /T3-T5-1 /D:1     /W-F3-1  /D:2     /W-F2-1  /D:4     /W-F0-1  /T2-F0-1 /T2-T1-1 
/T2-F3-1 /T0-T1-1 /D:1     /W-T6-1  /W-T6-1  /D:1     /W-T0-1  /T5-T0-2 /T5-T4-1 /T5-T4-1 
/T3-T5-1 /T5-T3-2 /D:1     /W-T2-1  /D:5     /W-T1-1  /T4-T1-3 /T6-T4-3 /D:1     /W-F3-1  
/D:1     /W-T4-1  /D:1     /W-T3-1  /D:1     /W-F1-1  /T3-F1-1 /D:1     /W-T6-1  /D:2     
/W-T0-1  /T6-T0-2 /D:2     /W-T6-1  /R       /D:1     /W-T0-1  /T6-T0-2 /T6-T4-1 /T6-F0-1 
/T6-F0-1 /T4-T6-6 /T4-F1-1 /T4-T0-1 /T4-F2-1 /T3-F2-1 /T0-F2-1 /T3-F3-1 /T0-F3-1 /T3-F2-1 
/T0-F2-1 /D:1     /W-T2-1  /T1-T2-7 /D:1     /W-F1-1  /T2-F1-1 /T2-F0-1 /T3-F1-1 /T2-F1-1 
/T6-F1-1 /T1-T6-1 /D:1     /W-F3-1  /T0-F3-1 /T6-F3-1 /D:1     /W-T1-1  /D:1     /W-F0-1  
/T2-F0-1 /T6-F0-1 /T2-F1-1 /T6-F1-1 /T0-T2-2 /T0-F0-1 /T0-F1-1 /T6-F0-1 /T5-T6-1 /T2-T0-4 
/T2-F0-1 /T6-T1-2 /T6-F0-1 /T5-T1-1 /D:1     /W-F2-1  /T0-F2-1 /T0-F3-1 /T1-F3-1 /D:1     
/W-F2-1  /T0-F2-1 /T0-F3-1 /T1-F2-1 /T0-F2-1 /T1-F3-1 /T0-F3-1 /T1-F2-1 /D:1     /W-F1-1  
/T2-F1-1 
"
1010913,G#FV#Ycw#IHOQ#XybuN#RDdSjB#sgKxkpn#iPEzhJoCLvMtUarAleqmZfWT,144.500000,2128.000000,59.000000,0.552885,1,"
minimal: 0 / states: 127 / duration: 0.000142s
history:
/T4-F3-1 /T6-F2-1 /T6-T3-1 /T4-T1-1 /T2-T6-1 /T5-T2-1 /T4-T3-1 /T6-T4-2 /T5-T6-1 /T5-T0-1 
/T1-T4-2 /D:3     /W-T0-1  /T3-T0-3 /T3-F3-1 /W-F3-1  /T0-T5-2 /T0-F3-1 /T5-T0-3 /T2-T5-2 
/T6-T2-2 /D:4     /W-F2-1  /D:3     /W-T2-1  /D:3     /W-T2-1  /W-T2-1  /D:1     /W-F1-1  
/T0-F1-1 /T0-F2-1 /D:2     /W-F0-1  /T5-F0-1 /T5-F1-1 /T0-F1-1 /D:2     /W-T1-1  /T5-T1-1 
/T5-F3-1 /D:1     /W-F2-1  /D:1     /W-T5-1  /T4-T5-5 /D:2     /W-T2-1  /T0-T2-1 /T0-F3-1 
/D:1     /W-T6-1  /D:1     /W-F3-1  /R       /D:4     /W-T4-1  /D:1     /W-F0-1  /T1-F0-1 
/T1-F1-1 /T2-F0-1 /T1-F0-1 /T0-F0-1 /T3-F0-1 /T2-F1-1 /T3-F0-1 /T4-F0-1 /D:2     /W-T0-1  
/T2-T0-6 /D:1     /W-F2-1  /D:2     /W-T1-1  /R       /D:2     /W-T2-1  /D:2     /W-T1-1  
/T4-T1-1 /D:1     /W-T2-1  /T6-T2-2 /T6-F1-1 /T6-F2-1 /T0-F2-1 /T0-F3-1 /T5-F2-1 /T5-F3-1 
/W-F1-1  /T0-F2-1 /T2-F3-1 /W-F1-1  /T0-F1-1 /T2-F0-1 /T5-F2-1 /T0-F2-1 /T1-F3-1 /T0-F3-1 
/T5-F1-1 /T1-F0-1 /T2-F1-1 /T0-F0-1 /T5-F2-1 /T1-F3-1 /T2-F2-1 /T5-F1-1 
"
1010931,m#ze#KYd#UGDA#wuXFR#EMygpq#xSfsbaH#JoCTvjciQnkIOhPlBtLVZWNr,128.000000,1934.000000,56.000000,0.550000,1,"
minimal: 0 / states: 131 / duration: 0.000138s
history:
/T3-F0-1 /T5-T1-1 /T5-T2-1 /T5-T6-1 /T3-T4-1 /T5-T0-1 /D:7     /W-T1-1  /D:3     /W-F2-1  
/D:1     /W-T0-1  /D:2     /W-T2-1  /D:2     /W-T4-1  /D:1     /W-T5-1  /D:1     /W-F0-1  
/D:6     /W-F3-1  /T2-F3-1 /T4-F3-1 /D:1     /R       /D:1     /W-T0-1  /D:1     /W-F2-1  
/T2-F2-1 /T1-T4-1 /T1-F2-1 /D:1     /W-F0-1  /D:4     /W-T0-1  /T6-T0-2 /T6-F1-1 /T6-F1-1 
/T4-F1-1 /T2-F1-1 /T4-F0-1 /T1-F1-1 /T4-T6-1 /T4-T0-1 /T2-T1-1 /T2-T1-1 /T5-T2-2 /T5-F0-1 
/T0-F0-1 /T3-F0-1 /T6-T0-2 /T6-F1-1 /F0-T3-1 /T6-T3-1 /W-T1-1  /W-T1-1  /T3-T1-3 /T6-T2-1 
/D:1     /W-F3-1  /T0-F3-1 /T1-F3-1 /T1-F0-1 /W-F3-1  /T1-F3-1 /D:2     /W-T1-1  /D:1     
/W-T1-1  /D:2     /W-F3-1  /D:1     /W-T3-1  /W-T3-1  /T4-T3-1 /T0-T4-2 /T0-F0-1 /T4-T0-3 
/W-F0-1  /T0-T4-4 /T0-F0-1 /T1-T2-4 /T1-F0-1 /T4-T0-5 /D:1     /W-F3-1  /T3-F3-1 /T1-F3-1 
/T3-F0-1 /T3-F3-1 /T2-T1-6 /T2-F0-1 /D:1     /W-F2-1  /T0-F2-1 /T0-F1-1 /T1-F2-1 /T0-F2-1 
/T1-F1-1 /T0-F1-1 /T1-F2-1 /T0-F2-1 /T1-F1-1 /T0-F1-1 /T1-F2-1 /T0-F2-1 /T1-F1-1 /T0-F1-1 
/T1-F2-1 
"
1010945,R#gb#fEe#cMCI#TKoPk#dwNBZq#xXFVmrO#vnualhALyjJiGtzSUHDYsQpW,122.500000,1640.000000,39.000000,0.660000,1,"
minimal: 0 / states: 112 / duration: 0.000129s
history:
/T5-T0-1  /D:2      /W-F2-1   /D:2      /W-F1-1   /T1-F1-1  /D:2      /W-T3-1   /D:1      /W-F0-1   
/D:1      /W-T5-1   /T4-T5-1  /T4-T0-1  /T4-F2-1  /D:2      /W-T4-1   /T3-T4-2  /T6-T3-1  /D:1      
/W-T5-1   /D:1      /W-T5-1   /D:1      /W-T4-1   /D:3      /W-T4-1   /T6-T4-1  /D:2      /W-T5-1   
/T1-T5-1  /T5-T1-7  /T5-F0-1  /T5-F3-1  /T3-F3-1  /T0-F3-1  /T3-F0-1  /D:1      /W-F0-1   /D:1      
/W-T3-1   /T4-T3-7  /D:1      /W-T1-1   /T2-T1-1  /T2-F0-1  /D:1      /W-F3-1   /T0-T1-1  /T0-F3-1  
/T6-T0-1  /T6-T5-1  /T6-F0-1  /T5-T6-2  /T5-T3-1  /T3-T5-10 /T3-F1-1  /T5-F1-1  /T5-T2-1  /T5-F3-1  
/T4-F3-1  /T5-F0-1  /W-F3-1   /T6-F3-1  /W-T3-1   /W-T5-1   /W-T0-1   /T6-T0-2  /W-T3-1   /T2-T5-2  
/T6-T3-1  /D:1      /W-F2-1   /T1-F2-1  /T1-F1-1  /T5-F2-1  /T1-F2-1  /T5-F1-1  /T1-F1-1  /T1-F0-1  
/T5-F2-1  /T5-F1-1  /T5-F0-1  /W-F2-1   /T1-F1-1  /T1-F0-1  /W-F2-1   /T0-F2-1  /T5-F1-1  /T1-F1-1  
/T3-F2-1  /T3-F1-1  /T5-F0-1  /T1-F0-1  /T0-T1-2  /T0-F1-1  /T5-T3-1  /T5-F0-1  /D:1      /W-F3-1   
/T1-F3-1  /T1-F2-1  /T3-F3-1  /T1-F3-1  /T3-F2-1  
"
1010973,T#Rb#wBn#yMlk#XVQYC#JsOLmF#cDditZP#fueoGrahpAHNvjxgKESIzUqW,166.500000,2320.000000,49.000000,0.606796,1,"
minimal: 0 / states: 124 / duration: 0.000131s
history:
/T2-F2-1 /T5-T0-1 /T1-T4-1 /T2-T6-1 /T1-T0-1 /T5-T1-1 /T3-T5-1 /T5-T1-2 /T2-T1-1 /D:4     
/W-F2-1  /D:3     /W-F1-1  /T4-F1-1 /T5-T4-1 /D:2     /W-F2-1  /D:1     /W-F0-1  /T6-F0-1 
/D:2     /W-F3-1  /T4-F3-1 /T4-F0-1 /T6-F3-1 /T6-T2-1 /D:3     /W-T3-1  /W-T3-1  /W-T3-1  
/D:2     /W-T4-1  /D:2     /W-T6-1  /W-T6-1  /D:3     /W-T3-1  /T6-T3-3 /T6-T1-1 /T6-T3-1 
/T6-F0-1 /T6-F1-1 /T3-F1-1 /W-T6-1  /T4-T6-2 /T4-F3-1 /T3-F0-1 /T0-F3-1 /T0-F0-1 /T5-T0-1 
/T4-T5-1 /T3-F3-1 /T5-T4-2 /D:1     /W-F2-1  /D:1     /W-T6-1  /W-T6-1  /R       /D:1     
/W-T3-1  /D:1     /W-T1-1  /T0-T1-2 /D:1     /W-F1-1  /T3-F1-1 /D:1     /W-F0-1  /D:1     
/W-F2-1  /T1-F2-1 /T1-F3-1 /T3-F2-1 /T3-F3-1 /T1-F2-1 /T3-F2-1 /T4-F3-1 /T1-T4-1 /T1-F2-1 
/T6-T3-1 /T6-F3-1 /T3-T6-2 /T3-F2-1 /T4-T1-2 /T4-F3-1 /T6-T3-3 /T6-F3-1 /T3-T6-4 /T3-T0-1 
/T2-F3-1 /T3-F2-1 /T6-T0-4 /T6-F2-1 /D:1     /W-T0-1  /D:1     /W-F0-1  /D:1     /W-F1-1  
/T0-F1-1 /T0-F0-1 /T1-F1-1 /T0-F1-1 /T1-F0-1 /T0-F0-1 /T1-F1-1 /T0-F1-1 /T1-F0-1 /T0-F0-1 
/T1-F1-1 
"
1010978,Q#gS#swC#ZTcO#Npbov#zqARLM#IdnrWKY#FBaVXPGJUHyixDftmkjlEhue,78.500000,882.000000,28.000000,0.875000,1,"
minimal: 0 / states: 121 / duration: 0.000129s
history:
/T6-T5-1 /T6-T5-1 /T4-T6-1 /T6-T5-2 /T3-T2-1 /T4-T3-1 /T6-T1-1 /T6-F2-1 /T3-F2-1 /T2-T0-2 
/T6-T1-1 /D:2     /W-T3-1  /D:1     /W-F1-1  /T4-F1-1 /T4-F2-1 /T4-F3-1 /T0-F3-1 /T5-T4-5 
/D:1     /W-T2-1  /D:1     /W-T5-1  /T2-T5-2 /D:1     /W-F3-1  /T0-T1-1 /T0-F3-1 /D:3     
/W-T4-1  /D:1     /W-T5-1  /D:6     /W-T4-1  /T1-T4-4 /T1-T5-1 /T2-T5-1 /D:1     /W-T0-1  
/T5-T0-7 /T5-F3-1 /T5-F0-1 /T3-F0-1 /T3-F1-1 /T4-F0-1 /T4-F1-1 /T5-F2-1 /T4-F2-1 /T0-F2-1 
/T4-F3-1 /T3-F3-1 /T4-F2-1 /T4-F3-1 /D:3     /W-T5-1  /D:2     /W-T4-1  /D:1     /W-F2-1  
/T4-T6-1 /T4-F2-1 /T6-T4-2 /D:1     /W-F1-1  /R       /D:1     /W-T0-1  /D:1     /W-T4-1  
/D:2     /W-T3-1  /D:2     /W-T5-1  /D:1     /W-F0-1  /D:1     /W-F1-1  /D:1     /W-T3-1  
/D:1     /W-T5-1  /D:1     /W-F0-1  /T0-F0-1 /T0-F1-1 /T4-F0-1 /T0-F0-1 /T0-F3-1 /T4-F1-1 
/T4-F0-1 /T4-F3-1 /W-F1-1  /T0-F2-1 /T5-F1-1 /T5-F2-1 /W-F0-1  /T0-F3-1 /T3-F1-1 /T3-F2-1 
/T4-F0-1 /T0-F0-1 /T4-F3-1 /T3-F3-1 /T5-F1-1 /T0-F1-1 /T4-F0-1 /T5-F2-1 
"
1011008,l#iH#SsN#wLOP#EDGKT#ZXAnvq#yxaozCe#dIrbhRJWUYjBfctmQFpVgkuM,137.500000,1723.000000,45.000000,0.655556,1,"
minimal: 0 / states: 120 / duration: 0.000133s
history:
/T2-F3-1  /T6-T2-1  /T5-T2-1  /T4-T1-1  /T3-T2-1  /T3-F3-1  /T4-T0-1  /T2-T1-4  /T1-F3-1  /T2-T4-1  
/D:3      /W-T4-1   /D:1      /W-T6-1   /D:1      /W-T5-1   /T4-T5-3  /D:3      /W-T0-1   /T5-T0-5  
/T5-F2-1  /T5-F0-1  /T5-T3-1  /T3-T5-2  /W-T5-1   /D:4      /W-F0-1   /D:2      /W-T1-1   /D:2      
/W-T2-1   /D:1      /W-T0-1   /T6-T0-2  /T0-T6-11 /T6-T0-12 /T6-F2-1  /T6-F1-1  /T0-F1-1  /T0-F0-1  
/T1-F1-1  /T4-F0-1  /T0-F3-1  /T4-F0-1  /D:1      /W-F0-1   /D:1      /W-F2-1   /T1-F2-1  /T0-F2-1  
/D:1      /W-T3-1   /T1-T3-4  /T1-T5-1  /D:3      /W-T5-1   /D:1      /W-T1-1   /R        /D:1      
/W-F1-1   /T3-F1-1  /T3-F2-1  /D:2      /W-F3-1   /T0-F3-1  /T3-F3-1  /T0-F0-1  /T3-F0-1  /W-F0-1   
/D:1      /W-F3-1   /T3-F3-1  /T5-T3-2  /T5-F0-1  /T0-T6-3  /T0-F0-1  /T6-T0-4  /T5-T6-1  /T5-F0-1  
/T1-F0-1  /T3-T6-3  /T6-T2-5  /D:3      /W-F1-1   /D:1      /W-F2-1   /T2-F2-1  /D:1      /W-F1-1   
/T0-F1-1  /T0-F2-1  /T0-F3-1  /T2-F1-1  /T2-F2-1  /T2-F3-1  /W-F1-1   /T0-F2-1  /W-F3-1   /T2-F2-1  
/T5-F3-1  /D:1      /W-F1-1   /T0-F1-1  /T0-F2-1  /T2-F1-1  
"
1011024,T#yg#jWF#VufU#AzIda#eJsKDp#oPvkMRE#ZNnhtwSLcGXiYxCQbqlHmOrB,99.000000,1109.000000,47.000000,0.567568,1,"
minimal: 0 / states: 135 / duration: 0.000134s
history:
/T4-F1-1  /T5-T4-1  /T4-T6-2  /T3-T4-1  /T6-T3-3  /T6-T2-1  /T5-T2-1  /T2-T0-3  /T4-T2-2  /T2-T5-3  
/D:2      /W-F3-1   /D:1      /W-F2-1   /D:2      /W-T5-1   /T3-T5-4  /T1-T3-1  /D:4      /W-T0-1   
/D:2      /W-T1-1   /D:2      /W-T4-1   /T5-T4-9  /T5-T3-1  /T5-T1-1  /T5-T3-1  /T6-T5-1  /W-T1-1   
/T3-T1-4  /D:4      /W-F1-1   /T0-F1-1  /D:1      /W-T1-1   /D:1      /W-T5-1   /D:1      /W-T3-1   
/T0-T3-4  /T4-T0-11 /T4-F0-1  /D:1      /W-T4-1   /T1-T4-9  /D:1      /W-F3-1   /D:2      /W-F0-1   
/R        /D:1      /W-T1-1   /D:2      /W-T6-1   /T3-T6-6  /D:2      /W-T1-1   /T6-T1-8  /T6-T2-1  
/T6-F3-1  /T6-F2-1  /T0-F2-1  /T4-F2-1  /T0-F1-1  /T4-F1-1  /D:2      /W-T5-1   /T2-T5-2  /D:1      
/W-F0-1   /T1-F0-1  /T0-F0-1  /T0-F1-1  /T1-T4-1  /T1-F0-1  /W-F0-1   /T4-T1-2  /T4-F1-1  /T1-T4-3  
/T1-F0-1  /T0-T5-2  /T0-F0-1  /W-T5-1   /W-F1-1   /T4-T1-4  /T4-F1-1  /T4-F0-1  /T5-T0-4  /T5-F1-1  
/T0-T5-5  /T0-F0-1  /T1-T4-6  /T1-F1-1  /T1-F0-1  /T5-T0-6  /T5-F1-1  /T5-F0-1  /T4-T1-8  /T4-F1-1  
/D:1      /W-F3-1   /T1-F3-1  /T0-F3-1  /D:1      /W-F2-1   /T1-F2-1  /T0-F2-1  /T1-F3-1  /T0-F3-1  
/T1-F2-1  /T0-F2-1  /T1-F3-1  /T0-F3-1  /T1-F2-1  /T0-F2-1  /T1-F3-1  /T0-F3-1  /T1-F2-1  /T0-F2-1  
/T1-F3-1  
"
1011026,T#Fi#vqn#mlUY#eurLS#aAZoKI#QpbtcGW#xkgOdHDjPMhNCBRwzVysXEJf,110.500000,862.000000,44.000000,0.640845,1,"
minimal: 0 / states: 133 / duration: 0.000128s
history:
/T2-F2-1 /T5-T6-1 /T6-T5-2 /T4-T6-1 /T5-T3-3 /T5-F2-1 /T4-T5-1 /T4-T6-1 /T4-T1-1 /T2-T4-1 
/T0-T1-1 /T5-T0-2 /T5-F0-1 /T5-F1-1 /D:2     /W-T0-1  /D:3     /W-T6-1  /D:4     /W-T4-1  
/D:1     /W-T5-1  /T3-T5-4 /T6-T3-4 /T3-T2-5 /D:1     /W-T5-1  /D:1     /W-F3-1  /D:1     
/W-T2-1  /D:1     /W-F0-1  /T2-F0-1 /D:2     /W-T0-1  /T1-T0-3 /W-T1-1  /T1-T0-2 /D:1     
/W-T1-1  /T3-T1-1 /D:2     /W-T3-1  /D:2     /W-T3-1  /D:2     /W-T3-1  /D:1     /R       
/D:1     /W-T1-1  /D:2     /W-F3-1  /T4-F3-1 /T6-T4-1 /T6-T5-1 /T6-F1-1 /T4-F1-1 /T6-F2-1 
/T2-F1-1 /T4-F2-1 /T6-F3-1 /T2-F2-1 /T0-F3-1 /T2-F3-1 /T4-F1-1 /D:2     /W-F0-1  /D:1     
/W-T1-1  /T2-T1-3 /D:1     /W-T3-1  /W-T3-1  /W-T3-1  /T0-T3-1 /T0-F3-1 /D:1     /W-F2-1  
/T5-F2-1 /T0-F2-1 /T1-T5-1 /T1-F3-1 /T1-F2-1 /T3-T0-3 /T3-F3-1 /T0-T3-4 /T0-F2-1 /T5-T1-3 
/T5-F3-1 /T1-T5-4 /T1-F2-1 /T3-T0-5 /T3-F3-1 /T3-F2-1 /T5-T1-5 /T5-F3-1 /T0-T3-7 /T0-F3-1 
/T1-T5-6 /T1-F2-1 /D:1     /W-F0-1  /T3-F0-1 /T5-F0-1 /D:1     /W-F1-1  /T3-F1-1 /T3-F0-1 
/T5-F1-1 /T3-F1-1 /T5-F0-1 /T3-F0-1 /T5-F1-1 /T3-F1-1 /T5-F0-1 /T3-F0-1 /T5-F1-1 /T3-F1-1 
/T5-F0-1 
"
1011031,r#zx#CXS#thkL#UHMju#wlNvnF#IQPYyJq#AZdicaRKoDEfOWmpVgGTbeBs,88.000000,819.000000,36.000000,0.750000,1,"
minimal: 0 / states: 129 / duration: 0.000131s
history:
/T0-T2-1 /D:1     /W-F0-1  /D:1     /W-T0-1  /T3-T0-1 /T3-T0-1 /D:1     /W-T2-1  /D:2     
/W-T6-1  /D:1     /W-F1-1  /D:1     /W-T5-1  /T6-T5-2 /T6-T0-1 /W-T0-1  /T4-T0-1 /T4-T1-1 
/D:2     /W-T5-1  /D:7     /W-T2-1  /D:2     /W-T0-1  /T5-T0-5 /T5-F2-1 /T0-F2-1 /T5-T1-1 
/T5-F3-1 /T1-T5-3 /T3-T5-1 /T2-T3-4 /T2-T6-1 /T5-T1-5 /T3-T1-5 /T4-T3-1 /W-T5-1  /T4-T5-1 
/T1-F2-1 /T2-T1-1 /W-T2-1  /T6-T2-2 /T6-T3-1 /T5-T2-3 /D:1     /W-T4-1  /D:1     /W-T2-1  
/D:1     /W-F1-1  /T0-F1-1 /T6-T0-1 /T1-T6-1 /T1-F1-1 /T6-T1-2 /T4-T6-2 /D:1     /W-F1-1  
/D:1     /W-F0-1  /T1-F0-1 /D:1     /W-T2-1  /R       /D:1     /W-T3-1  /D:1     /W-F0-1  
/D:1     /W-F0-1  /T0-T2-3 /T0-F0-1 /T6-F0-1 /D:1     /W-F1-1  /T0-F1-1 /T1-T6-4 /T1-F1-1 
/T2-T0-5 /T2-F0-1 /T0-T2-6 /T0-F1-1 /T6-T1-5 /T6-F0-1 /T0-F0-1 /T3-F0-1 /D:1     /W-F3-1  
/T2-F3-1 /T1-F3-1 /T2-F2-1 /T1-F2-1 /T2-F3-1 /T1-F3-1 /T2-F2-1 /T1-F2-1 /T2-F3-1 /T1-F3-1 
/T2-F2-1 /T1-F2-1 /T1-F1-1 /T2-F3-1 /T2-F2-1 /T0-F1-1 /T0-F0-1 /T1-F2-1 /T1-F1-1 /T2-T0-2 
/T2-F1-1 /T3-T1-1 /T3-F0-1 /D:1     /W-F3-1  /T0-F3-1 /T0-F2-1 /T1-F3-1 /T0-F3-1 /T1-F2-1 
"
1011064,W#GL#fxD#UKRN#eivlA#OBuVZM#hscoFTH#qbtQkywPzaXgYjnJIrSpmEdC,138.500000,3246.000000,51.000000,0.544444,1,"
minimal: 0 / states: 130 / duration: 0.000128s
history:
/T3-F3-1 /T4-F0-1 /T4-T5-1 /T2-T3-1 /T4-T0-1 /T6-T4-1 /T6-T4-1 /T6-T4-1 /T3-T4-2 /T2-T5-1 
/T0-T3-2 /T5-T0-3 /T1-T5-1 /T2-T1-1 /T5-T2-2 /D:5     /W-T2-1  /D:2     /W-T2-1  /T5-T2-1 
/T5-T2-1 /T5-F0-1 /T5-F3-1 /D:1     /W-T4-1  /T6-T4-1 /T4-T6-1 /T4-F3-1 /T6-T4-2 /D:1     
/W-T5-1  /D:1     /W-F1-1  /D:2     /W-T2-1  /T6-T2-1 /T1-T6-2 /T6-T3-3 /D:1     /W-T5-1  
/T3-T5-6 /D:1     /W-T0-1  /D:1     /W-F2-1  /T4-F2-1 /D:2     /W-T0-1  /T3-T0-1 /D:1     
/W-T5-1  /D:2     /W-F2-1  /D:1     /W-T1-1  /D:2     /W-T5-1  /D:1     /W-F0-1  /R       
/D:1     /W-F2-1  /D:1     /W-F1-1  /T4-F1-1 /T4-F0-1 /T5-F1-1 /T5-F2-1 /T2-F2-1 /D:1     
/W-F2-1  /D:1     /W-F3-1  /T4-F3-1 /D:1     /W-T1-1  /D:1     /W-T1-1  /D:1     /W-T1-1  
/T4-T1-4 /T4-F1-1 /T5-F1-1 /T2-F1-1 /T2-F2-1 /T5-T0-1 /T5-F1-1 /T5-F2-1 /T1-T2-3 /T1-F1-1 
/T0-T5-3 /T0-F1-1 /T2-T1-4 /T2-F2-1 /T0-F2-1 /T2-F1-1 /T0-F1-1 /T1-T2-6 /T1-F2-1 /T1-F1-1 
/T5-T0-6 /T5-F2-1 /D:1     /W-F3-1  /D:1     /W-F0-1  /T2-F0-1 /T0-F0-1 /T2-F3-1 /T0-F3-1 
/T2-F0-1 /T0-F0-1 /T2-F3-1 /T0-F3-1 /T2-F0-1 /T0-F0-1 /T2-F3-1 /T0-F3-1 /T2-F0-1 /T0-F0-1 
/T2-F3-1 
"
1011102,N#Kq#hBc#tySn#XTMFC#JZiYRr#sePmEjW#ObdDIuLpQwVGzfvlAoHUakxg,135.500000,3409.000000,53.000000,0.627551,1,"
minimal: 0 / states: 121 / duration: 0.000142s
history:
/T0-F3-1  /T3-F2-1  /T5-T3-1  /T2-T1-1  /T1-T5-2  /T6-T1-1  /T2-T5-1  /D:1      /W-F3-1   /D:1      
/W-T4-1   /D:1      /W-T3-1   /T4-T3-2  /T5-T4-4  /T1-T5-2  /D:2      /W-T5-1   /T2-T5-1  /D:7      
/W-T5-1   /T3-T5-5  /D:1      /W-T0-1   /T5-T0-11 /D:2      /W-T6-1   /D:2      /W-F0-1   /T4-F0-1  
/D:1      /W-F2-1   /D:1      /W-T5-1   /D:1      /W-T6-1   /D:1      /W-F1-1   /T0-F1-1  /T0-F0-1  
/T4-F1-1  /T0-F1-1  /D:1      /W-T3-1   /D:2      /W-T5-1   /T4-T5-3  /T4-T1-1  /R        /D:1      
/W-F0-1   /D:3      /W-F2-1   /T5-F2-1  /T0-F2-1  /D:2      /W-T3-1   /T5-T3-5  /T3-T5-8  /T5-T2-9  
/T3-T6-1  /D:1      /W-T5-1   /D:1      /W-T6-1   /D:1      /W-T1-1   /D:1      /W-T1-1   /T6-T1-5  
/T6-F0-1  /T6-T3-1  /T6-F3-1  /T6-F1-1  /T1-F1-1  /W-F3-1   /T2-F3-1  /T0-F3-1  /T2-F0-1  /T0-F0-1  
/T6-F2-1  /T1-F2-1  /T2-F1-1  /T0-F1-1  /T4-F3-1  /T1-F3-1  /T2-F0-1  /T0-F0-1  /T2-F1-1  /T5-F3-1  
/T5-F0-1  /T0-F3-1  /T0-F0-1  /T4-F3-1  /T0-F3-1  /W-F0-1   /W-F2-1   /T1-F2-1  /T1-F1-1  /T2-F2-1  
/T1-F2-1  /T2-F1-1  /T1-F1-1  /T1-F0-1  /T2-F2-1  /T0-F2-1  /T2-F3-1  /T3-F1-1  
"
1011113,B#kM#TUC#XYgO#tmJus#lnyvAx#hoKiwER#bSNLIPparzeHQjFcDVGfqZWd,63.000000,782.000000,19.000000,1.020408,1,"
minimal: 0 / states: 123 / duration: 0.000122s
history:
/T6-T4-1 /T3-T2-1 /T4-T3-2 /T3-T4-3 /T5-T3-1 /T5-F0-1 /T0-F0-1 /T1-T0-1 /T3-T0-2 /D:3     
/W-F3-1  /T2-F3-1 /T2-F0-1 /T2-T5-1 /D:3     /W-F3-1  /D:2     /W-F1-1  /D:5     /W-F3-1  
/T4-F3-1 /D:1     /W-T0-1  /T5-T0-2 /T1-T5-1 /D:1     /W-T2-1  /D:2     /W-F0-1  /T6-F0-1 
/T6-T3-1 /T4-T6-3 /T6-T3-4 /T4-T5-1 /T5-T4-3 /T5-F2-1 /T6-T5-1 /T6-F2-1 /T4-T1-4 /T2-F0-1 
/T4-T0-1 /D:1     /W-T1-1  /D:1     /W-F0-1  /D:1     /W-T0-1  /D:2     /W-T4-1  /D:1     
/W-T5-1  /D:1     /R       /D:1     /W-F1-1  /D:1     /W-F3-1  /T2-F3-1 /T0-T6-2 /T0-F3-1 
/T1-F3-1 /T5-F3-1 /T6-T0-3 /D:1     /W-T4-1  /T3-T4-6 /D:2     /W-F2-1  /D:1     /W-T0-1  
/D:1     /W-T2-1  /T5-T2-2 /D:1     /W-T4-1  /D:1     /W-F0-1  /W-F0-1  /T1-F0-1 /T2-F0-1 
/T4-T1-6 /T4-F3-1 /T4-F0-1 /T0-T2-7 /T0-F3-1 /T0-F0-1 /T4-F3-1 /D:1     /W-F1-1  /D:1     
/W-F2-1  /T2-F2-1 /D:1     /W-F1-1  /T1-F1-1 /T1-F2-1 /T2-F1-1 /T1-F1-1 /T2-F2-1 /T1-F2-1 
/T2-F1-1 /T1-F1-1 /T2-F2-1 /T1-F2-1 /T2-F1-1 /T1-F1-1 /T2-F2-1 /T1-F2-1 /T2-F1-1 /T1-F1-1 
/T2-F2-1 
"
1011130,p#tZ#ECR#rbTO#SvdjJ#uIUMnV#XiWGYNk#gfxAQyazesKcoLHmDqPlFhBw,139.000000,1787.000000,41.000000,0.630682,1,"
minimal: 0 / states: 120 / duration: 0.000128s
history:
/T5-T4-1 /T5-F2-1 /T4-T6-2 /T3-T0-1 /D:4     /W-F0-1  /D:2     /W-T1-1  /T6-T1-3 /T6-F3-1 
/T0-F3-1 /T6-T5-1 /D:1     /W-F1-1  /D:3     /W-T3-1  /T2-T3-1 /D:1     /W-T5-1  /T4-T5-1 
/T2-T4-1 /T4-T2-2 /T4-T5-1 /T2-T4-3 /T5-T2-5 /T6-T5-1 /T5-T2-2 /T5-T6-1 /T3-T5-3 /T3-F1-1 
/T4-T2-4 /T1-T4-5 /T5-T4-4 /D:1     /W-F1-1  /D:1     /W-F2-1  /T0-F2-1 /D:3     /W-T0-1  
/D:1     /W-T4-1  /D:1     /W-F2-1  /T3-F2-1 /D:1     /W-F3-1  /D:3     /W-T6-1  /T1-T6-1 
/D:1     /W-F0-1  /T2-F0-1 /T2-F1-1 /T4-F0-1 /T2-F0-1 /W-F0-1  /T2-T6-1 /T2-F0-1 /D:1     
/R       /D:4     /W-F3-1  /T4-F3-1 /T6-F3-1 /T4-F2-1 /T4-F3-1 /T2-F3-1 /T6-F2-1 /T4-F2-1 
/T2-F2-1 /T4-F3-1 /T6-T2-2 /T6-F3-1 /T6-T4-1 /T6-F3-1 /D:1     /W-T1-1  /D:1     /W-F1-1  
/D:1     /W-T0-1  /D:1     /W-F0-1  /D:1     /W-T1-1  /T2-T1-4 /T2-F3-1 /D:1     /W-F2-1  
/W-F2-1  /W-F1-1  /W-F1-1  /T1-F1-1 /T1-F0-1 /T4-F1-1 /T1-F1-1 /T4-F0-1 /T1-F0-1 /T4-F1-1 
/T0-F0-1 /T1-F1-1 /T2-F0-1 /T4-F2-1 /T0-F1-1 /T1-F2-1 /T4-F3-1 
"
1011147,h#uA#zjC#YGPn#irtoW#VMyvIR#LDZecHd#qkQxwpEbOmTUfJlSBNFKsaXg,124.500000,1166.000000,53.000000,0.572917,1,"
minimal: 0 / states: 128 / duration: 0.000145s
history:
/T1-F0-1 /T3-F2-1 /T2-T6-1 /D:1     /W-T5-1  /T3-T5-1 /T3-T0-1 /D:3     /W-T3-1  /T4-T3-1 
/T4-F2-1 /D:2     /W-F2-1  /D:2     /W-T6-1  /D:3     /W-T1-1  /D:2     /W-T0-1  /D:3     
/W-T4-1  /D:1     /W-F0-1  /D:1     /W-F3-1  /D:1     /W-T1-1  /T5-T1-3 /T5-T2-1 /T5-T3-1 
/T0-T2-3 /D:3     /W-F1-1  /T6-F1-1 /T6-F0-1 /D:1     /W-T5-1  /D:1     /R       /D:3     
/W-T5-1  /D:1     /W-T2-1  /T6-T2-1 /D:1     /W-F3-1  /T1-F3-1 /W-F3-1  /T1-F2-1 /T1-F3-1 
/T4-F3-1 /D:1     /W-T0-1  /T5-T0-3 /T3-T5-4 /T5-T3-5 /T6-T5-1 /T6-F1-1 /T2-F1-1 /T6-F1-1 
/T5-T0-2 /T6-T5-1 /T6-F0-1 /T2-F0-1 /T1-F0-1 /T1-F3-1 /T2-F1-1 /T2-F0-1 /T4-T2-1 /T4-F2-1 
/T0-F0-1 /T2-T3-2 /T2-F0-1 /W-T6-1  /T1-T0-1 /T6-T5-2 /D:1     /W-F3-1  /T0-T4-1 /T0-F3-1 
/T3-T2-3 /T3-F3-1 /T2-T3-4 /T0-T5-1 /T0-F3-1 /T4-T5-2 /D:1     /W-F0-1  /D:1     /W-T2-1  
/T3-T2-5 /T3-F3-1 /D:1     /W-F0-1  /T5-T0-4 /T5-F0-1 /T3-F0-1 /T5-F3-1 /D:1     /W-F2-1  
/T2-F2-1 /T0-F2-1 /D:1     /W-F1-1  /T2-F1-1 /T0-F1-1 /T2-F2-1 /T0-F2-1 /T2-F1-1 /T0-F1-1 
/T2-F2-1 /T0-F2-1 /T2-F1-1 /T0-F1-1 /T2-F2-1 
"
1011156,y#wg#Ffv#eEOC#SKoZV#hIYblR#zqmUsdP#AWuHrnGkXMxNjDQTiLtacpJB,154.500000,1159.000000,42.000000,0.626374,1,"
minimal: 0 / states: 130 / duration: 0.000147s
history:
/D:1     /W-F0-1  /D:2     /W-T4-1  /T1-T4-1 /T4-T1-3 /T0-T4-1 /T4-T0-2 /T4-T6-1 /W-T4-1  
/T2-T4-1 /D:2     /W-T2-1  /D:1     /W-F2-1  /T6-F2-1 /D:2     /W-T0-1  /T1-T0-4 /D:2     
/W-T1-1  /D:2     /W-F3-1  /D:2     /W-T5-1  /T6-T5-1 /T6-T2-1 /T5-T6-3 /T5-T1-1 /T6-T0-4 
/T3-T2-1 /T3-F3-1 /T5-T2-1 /T6-T4-1 /T4-T1-4 /T3-T4-1 /T0-F3-1 /D:1     /W-F3-1  /T0-T3-1 
/T0-F3-1 /T3-T0-2 /T6-T3-1 /D:3     /W-T3-1  /D:1     /W-T1-1  /T2-T1-5 /F3-T2-1 /T6-T2-1 
/T5-T6-1 /D:1     /W-F1-1  /T1-F1-1 /D:1     /W-F1-1  /D:1     /W-F2-1  /T2-F2-1 /T2-F3-1 
/T1-T4-2 /T1-F2-1 /T0-T2-2 /T0-F2-1 /T4-T1-3 /T4-F3-1 /T2-T0-3 /D:2     /W-F0-1  /T1-F0-1 
/T0-F0-1 /T1-F1-1 /T0-F1-1 /T1-F0-1 /T0-F0-1 /T1-F1-1 /T0-F1-1 /T1-F2-1 /T0-F2-1 /T1-T5-1 
/T1-F2-1 /T5-T1-2 /T5-F1-1 /R       /D:1     /W-T0-1  /D:1     /W-F0-1  /T0-F0-1 /D:1     
/W-T3-1  /D:1     /W-T6-1  /D:1     /W-T6-1  /D:1     /W-F3-1  /T1-F3-1 /T0-F3-1 /T1-F0-1 
/T1-F3-1 /T0-F2-1 /T3-F3-1 /T6-T1-1 /T6-F2-1 /T6-F3-1 /T0-T3-1 /T0-F2-1 /T0-F3-1 /T6-F2-1 
/D:1     /W-F1-1  /T1-F1-1 /T3-F1-1 /D:1     /W-F0-1  /T1-F0-1 /T1-F1-1 /T3-F0-1 /T1-F0-1 
/T3-F1-1 
"
1011174,n#uA#Wsp#dafR#DPyiv#qoJcQN#mEwBxzM#gSXZUVhLKlCjktGFYrOHTIeb,112.000000,1350.000000,41.000000,0.638889,1,"
minimal: 0 / states: 124 / duration: 0.000133s
history:
/T0-F2-1 /T1-F0-1 /T5-F3-1 /T6-T0-1 /T2-T5-1 /T3-T2-1 /D:1     /W-T1-1  /T2-T1-2 /T4-T2-1 
/T1-T4-4 /T6-T1-1 /T2-T6-2 /D:3     /W-T2-1  /D:1     /W-T6-1  /D:3     /W-T2-1  /D:2     
/W-T0-1  /T6-T0-4 /T6-F0-1 /T4-T6-5 /D:1     /W-F0-1  /D:2     /W-T2-1  /T6-T2-6 /T5-T6-2 
/T6-T3-3 /T4-T6-1 /D:1     /W-T0-1  /T3-T0-4 /T3-F1-1 /D:3     /W-T1-1  /D:2     /W-F3-1  
/T4-F3-1 /T5-T4-1 /T0-T3-1 /T0-F3-1 /T2-F3-1 /T3-T0-2 /D:4     /W-T2-1  /T4-T2-2 /D:1     
/W-F1-1  /T2-F1-1 /T2-F0-1 /R       /D:1     /W-F3-1  /D:1     /W-T6-1  /T5-T6-1 /T5-F2-1 
/T0-F2-1 /T0-F1-1 /T0-F0-1 /T5-F2-1 /T2-F1-1 /T0-F1-1 /D:1     /W-T6-1  /D:2     /W-T1-1  
/D:1     /W-T1-1  /D:2     /W-F0-1  /W-F0-1  /D:1     /W-F2-1  /T2-F2-1 /T0-F2-1 /T2-F1-1 
/W-F1-1  /T2-F2-1 /T2-F1-1 /T1-F1-1 /D:1     /W-F0-1  /D:1     /W-F3-1  /T0-F3-1 /T0-F2-1 
/T6-F3-1 /T2-F2-1 /T0-F3-1 /T0-F2-1 /T2-F1-1 /T0-F1-1 /T6-T2-2 /T6-F2-1 /T6-F1-1 /T1-T0-2 
/T1-F2-1 /D:1     /W-F0-1  /T2-F0-1 /T0-F0-1 /T2-F3-1 /T0-F3-1 /T2-F0-1 /T0-F0-1 /T2-F3-1 
"
1011182,s#Wa#VtF#xzIN#Tyfpc#kXDQbK#mHrjqPd#whiUOZERlABGMvYuJeSnLCgo,96.500000,1157.000000,33.000000,0.771429,1,"
minimal: 0 / states: 126 / duration: 0.000138s
history:
/T1-F1-1 /T3-F3-1 /T3-T1-1 /T1-T5-2 /T3-T1-1 /D:2     /W-T5-1  /D:3     /W-F3-1  /D:3     
/W-T0-1  /D:1     /W-T1-1  /T5-T1-4 /T5-F1-1 /T4-F1-1 /T6-F1-1 /T6-F3-1 /T5-F3-1 /T6-T0-1 
/T6-T3-1 /F1-T6-1 /T4-T6-1 /T6-T4-3 /D:1     /W-F0-1  /D:1     /W-F0-1  /D:1     /W-T1-1  
/T4-T1-4 /D:2     /W-T3-1  /D:4     /W-T2-1  /T5-T2-1 /T5-T4-1 /W-T4-1  /D:2     /W-F2-1  
/D:2     /W-F0-1  /T2-F0-1 /T0-T2-1 /T0-F3-1 /D:1     /W-T6-1  /T2-T6-3 /D:1     /W-F2-1  
/T1-F2-1 /T1-F1-1 /T6-F2-1 /T1-F2-1 /T6-F1-1 /T0-F2-1 /T2-F2-1 /T6-T2-3 /T4-T6-3 /T1-F1-1 
/T2-T4-1 /T2-F1-1 /T2-T6-2 /T4-T6-2 /R       /D:1     /W-T5-1  /D:1     /W-T5-1  /D:1     
/W-T3-1  /T1-T3-1 /T1-F1-1 /T5-F1-1 /D:1     /W-T0-1  /D:1     /W-F0-1  /T6-F0-1 /T3-F0-1 
/D:1     /W-T2-1  /D:1     /W-T2-1  /T3-T2-4 /D:1     /W-F2-1  /T2-T1-1 /T2-F2-1 /T2-F1-1 
/T5-F2-1 /T2-F2-1 /T5-F1-1 /T1-T2-4 /T1-F1-1 /T6-T0-6 /T6-F1-1 /D:1     /W-F3-1  /T0-F3-1 
/T0-F0-1 /T2-F3-1 /T0-F3-1 /T2-F0-1 /T0-F0-1 /T2-F3-1 /T0-F3-1 /T0-F2-1 /T2-F0-1 /T2-F3-1 
/T1-F2-1 /T0-F3-1 /D:1     /W-F0-1  /T2-F0-1 
"
1011216,s#if#IqJ#UjkY#ebrRx#tgEMNA#OyBnhTp#GXzFmVZHWcoKDPalLuCSdQvw,131.000000,1617.000000,61.000000,0.526316,1,"
minimal: 0 / states: 137 / duration: 0.000218s
history:
/T5-F0-1  /T5-F3-1  /T4-T3-1  /T3-T5-2  /T4-T0-1  /T2-T3-1  /T4-T1-1  /T2-T0-1  /T4-T6-1  /D:6      
/W-T3-1   /D:2      /W-T3-1   /D:1      /W-T5-1   /T2-T5-1  /T5-T2-5  /D:1      /W-T0-1   /D:1      
/W-T0-1   /D:2      /W-T4-1   /D:1      /W-T4-1   /D:1      /W-F1-1   /T6-F1-1  /T0-T4-1  /T0-F1-1  
/D:6      /W-T1-1   /T6-T1-1  /T6-T3-1  /T6-T2-1  /T6-F2-1  /T4-F2-1  /T6-F0-1  /T3-T6-5  /T1-F2-1  
/T0-F2-1  /T1-F1-1  /T1-F2-1  /T5-T1-1  /T4-T0-2  /T4-F1-1  /T0-T5-4  /D:1      /W-T1-1   /D:1      
/W-T3-1   /D:1      /R        /D:1      /W-T2-1   /T1-T2-3  /D:2      /W-T0-1   /D:1      /W-T6-1   
/T5-T6-3  /T5-F2-1  /D:1      /W-T4-1   /T6-T4-10 /T6-F3-1  /T4-F3-1  /T2-F3-1  /D:1      /W-T6-1   
/D:2      /W-T0-1   /W-T0-1   /T3-T0-2  /T3-T0-1  /D:1      /W-T6-1   /W-T6-1   /D:1      /W-T1-1   
/T5-T1-1  /T5-F2-1  /D:1      /W-F0-1   /T4-F0-1  /T2-F0-1  /T2-F1-1  /T4-F3-1  /T4-F0-1  /T1-F1-1  
/T1-F2-1  /T2-F0-1  /T2-F1-1  /T1-F1-1  /T0-T2-1  /T0-F2-1  /T0-F1-1  /T4-T6-4  /T4-F1-1  /D:1      
/W-F3-1   /T6-F3-1  /T2-F3-1  /T6-F0-1  /T2-F0-1  /T6-F3-1  /T2-F3-1  /T6-F0-1  /T0-F0-1  /T0-F1-1  
/T6-F3-1  /T6-F0-1  /T2-T0-2  /T2-F0-1  /T4-T6-1  /T4-F1-1  /D:1      /W-F2-1   /T0-F2-1  /T0-F3-1  
/T6-F2-1  /T0-F2-1  /T6-F3-1  
"
1011240,L#bH#jhq#XtGN#cuxEV#plmTaI#dAerYRU#vzMgOPfKoSZCswWyFDJnBQki,134.500000,3084.000000,47.000000,0.616279,1,"
minimal: 0 / states: 125 / duration: 0.000135s
history:
/T3-F3-1 /T6-T5-1 /T2-T6-1 /T3-T2-1 /T1-T4-1 /T3-T5-1 /T3-T0-1 /D:2     /W-T3-1  /D:2     
/W-T4-1  /D:1     /W-F3-1  /D:1     /W-F3-1  /D:1     /W-T2-1  /D:3     /W-T5-1  /D:3     
/W-T4-1  /T6-T4-2 /T6-T3-1 /T6-T2-1 /D:1     /W-T0-1  /T4-T0-6 /T4-T5-1 /T4-T3-1 /D:1     
/W-T3-1  /T5-T3-5 /T5-F1-1 /T1-F1-1 /T5-T4-1 /T5-T1-1 /T0-T1-9 /D:2     /W-T4-1  /T6-T4-1 
/T6-F0-1 /T6-T2-1 /D:1     /W-T4-1  /D:2     /W-F2-1  /D:1     /W-F0-1  /D:1     /W-F3-1  
/D:2     /R       /D:2     /W-T0-1  /T5-T0-1 /T5-T2-1 /D:1     /W-T0-1  /D:1     /W-F2-1  
/T2-F2-1 /T1-F2-1 /T1-F3-1 /T2-T3-1 /T2-F2-1 /T1-F2-1 /T3-T2-2 /T3-F3-1 /T3-F2-1 /T4-T1-3 
/T4-F3-1 /T4-F2-1 /T4-F1-1 /T2-F1-1 /T3-F3-1 /T2-T3-4 /W-F2-1  /T2-T0-1 /D:1     /W-T2-1  
/D:1     /W-F0-1  /T1-F0-1 /T1-F1-1 /T3-F0-1 /T1-F0-1 /T3-F1-1 /T1-F1-1 /T3-F0-1 /T1-F0-1 
/T1-F3-1 /T3-F1-1 /T3-F0-1 /T3-F3-1 /T1-F2-1 /T1-F3-1 /T3-F2-1 /T3-F3-1 /T2-F3-1 /D:1     
/W-F2-1  /T3-F2-1 /D:1     /W-F0-1  /D:1     /W-T1-1  /D:1     /W-F1-1  /T0-F1-1 /T0-F0-1 
/T1-F1-1 /T0-F1-1 /T1-F0-1 /T0-F0-1 /T1-F1-1 
"
1011312,w#XH#vtn#kNUB#blOMg#SEWKZY#ecQsqma#yLVDTdCzGrhpAJfPRjiFuIxo,105.000000,948.000000,44.000000,0.635135,1,"
minimal: 0 / states: 122 / duration: 0.000133s
history:
/T2-F2-1 /T6-F1-1 /T4-T1-1 /T5-T4-1 /D:1     /W-T5-1  /D:1     /W-T6-1  /D:1     /W-T0-1  
/T1-T0-2 /T0-T1-4 /T6-T0-2 /T1-T0-5 /T5-T1-2 /T5-T4-1 /T5-T4-1 /D:3     /W-T5-1  /D:1     
/W-T5-1  /D:6     /W-F0-1  /T3-F0-1 /T2-T3-1 /T3-T2-2 /T3-F3-1 /T2-T4-3 /T4-T2-7 /T4-F3-1 
/T5-F0-1 /W-T5-1  /T3-T1-1 /D:1     /W-T1-1  /D:1     /W-T2-1  /T5-T2-3 /D:1     /W-F3-1  
/D:3     /W-T1-1  /D:1     /W-T0-1  /D:1     /W-T1-1  /D:2     /W-T4-1  /D:1     /W-F2-1  
/T2-F2-1 /T6-F2-1 /R       /D:1     /W-F0-1  /D:1     /W-T1-1  /T6-T1-1 /T6-F3-1 /D:1     
/W-T3-1  /T4-T3-2 /T4-F1-1 /T6-F1-1 /T2-F1-1 /T2-F0-1 /T6-F1-1 /T0-F0-1 /T2-F1-1 /T0-F1-1 
/T5-T2-1 /D:1     /W-F0-1  /T0-F0-1 /D:1     /W-F2-1  /T1-F2-1 /D:1     /W-F1-1  /T1-T0-2 
/T1-F1-1 /D:1     /W-F3-1  /T2-F3-1 /T0-F3-1 /T2-F2-1 /T0-F2-1 /T2-F3-1 /T0-F3-1 /T2-F2-1 
/T0-F2-1 /T2-F3-1 /T0-F3-1 /T3-F2-1 /T1-T0-2 /T1-F2-1 /T2-T3-1 /T2-F3-1 /T1-F3-1 /T3-T2-2 
/T3-F2-1 /D:1     /W-F1-1  /D:1     /W-F0-1  /T0-F0-1 /T0-F1-1 /T2-F0-1 /T0-F0-1 /T2-F1-1 
/T0-F1-1 /T2-F0-1 
"
1011352,Q#Yh#Bli#XNgU#crMuk#VSCeJp#RLmHGjn#tWwqIyFZdoTzAbfsaDExvKPO,139.000000,1632.000000,44.000000,0.635870,1,"
minimal: 0 / states: 118 / duration: 0.000131s
history:
/T6-F2-1 /T5-T0-1 /T5-T4-1 /T2-T4-1 /D:1     /W-T1-1  /D:3     /W-T5-1  /D:1     /W-T6-1  
/T3-T6-1 /D:2     /W-T3-1  /T5-T3-2 /D:3     /W-F2-1  /T0-F2-1 /T5-T0-1 /T5-T1-1 /T3-F2-1 
/D:3     /W-F0-1  /D:1     /W-T0-1  /D:3     /W-F1-1  /T0-F1-1 /D:1     /W-T3-1  /D:1     
/W-T1-1  /T0-T1-2 /D:1     /W-T2-1  /T6-T2-3 /T6-T2-1 /T6-T4-1 /T3-T4-4 /T3-F3-1 /T6-T0-1 
/T4-T6-8 /T4-T5-1 /T2-T4-6 /T2-F0-1 /T4-T2-7 /T4-F2-1 /T4-F1-1 /T6-T0-9 /T1-F0-1 /T0-F0-1 
/W-F2-1  /T1-T2-3 /T1-F2-1 /T5-F2-1 /D:1     /W-F2-1  /D:3     /W-F3-1  /W-F3-1  /T2-F3-1 
/T6-F3-1 /T2-F0-1 /T2-F3-1 /R       /D:2     /W-F2-1  /D:2     /W-T4-1  /W-T4-1  /T3-T4-1 
/D:1     /W-F1-1  /T0-F1-1 /T0-F0-1 /T2-F0-1 /D:1     /W-F3-1  /T2-F3-1 /T1-T2-1 /T5-F3-1 
/W-F3-1  /T4-F3-1 /T1-F3-1 /D:1     /W-T1-1  /D:1     /W-F1-1  /T0-F1-1 /T0-F0-1 /T2-F1-1 
/T0-F1-1 /T2-F0-1 /T0-F0-1 /T2-F1-1 /T0-F1-1 /T2-F2-1 /T4-F2-1 /T1-F2-1 /T2-F1-1 /T4-F3-1 
/D:1     /W-F0-1  /T0-F0-1 /T0-F1-1 /T2-F0-1 
"
1011375,f#XF#vHt#YgcN#jJlwo#mrAbKD#CSIqxQZ#PEOzsRiGLapTkMeUhBWuVnyd,139.500000,1348.000000,48.000000,0.593407,1,"
minimal: 0 / states: 118 / duration: 0.000185s
history:
/T3-F3-1 /T4-T3-1 /T3-T5-2 /T1-T3-1 /T4-T1-1 /T0-T2-1 /T6-T0-1 /D:2     /W-T2-1  /T6-T2-1 
/T6-T4-1 /W-T6-1  /D:1     /W-F3-1  /T6-F3-1 /T2-F3-1 /D:3     /W-T3-1  /T5-T3-3 /D:1     
/W-T1-1  /D:2     /W-T0-1  /T1-T0-3 /D:1     /W-F1-1  /D:4     /W-T1-1  /T4-T1-2 /D:5     
/W-T1-1  /D:1     /W-T0-1  /T3-T0-6 /T5-T3-1 /T5-F1-1 /T5-F0-1 /W-F0-1  /D:1     /W-T4-1  
/D:1     /W-F2-1  /T0-F2-1 /T0-F1-1 /D:2     /W-F1-1  /R       /D:4     /W-F2-1  /T6-F2-1 
/T5-F2-1 /T6-T1-1 /D:3     /W-F1-1  /T2-T6-1 /T2-F1-1 /T6-T2-2 /T6-F0-1 /T0-F0-1 /T0-F3-1 
/T2-F0-1 /T0-F0-1 /T2-F3-1 /T0-F1-1 /D:1     /W-T1-1  /T2-T1-1 /T2-T4-1 /D:1     /W-F1-1  
/D:1     /W-T5-1  /W-T5-1  /T4-T5-3 /W-F3-1  /W-F0-1  /T5-F0-1 /W-F2-1  /T1-F2-1 /T0-F2-1 
/T0-F1-1 /T1-F3-1 /T1-F0-1 /T2-F2-1 /T4-F1-1 /T5-F3-1 /T0-F2-1 /T1-F3-1 /T1-F2-1 /T5-F0-1 
/T0-F3-1 /T3-F0-1 /T3-F3-1 /T5-F1-1 /T0-F0-1 /T1-F1-1 /T1-F0-1 /T5-F2-1 /T0-F3-1 /T5-F1-1 
/W-F2-1  
"
1011411,h#kV#eiC#lvOM#RHTaB#zKqEoA#UWgYDpQ#nLGfPFmjswbSJdXtZcNxryuI,151.500000,2096.000000,49.000000,0.615789,1,"
minimal: 0 / states: 119 / duration: 0.000132s
history:
/T5-F0-1 /T4-F0-1 /T4-F1-1 /T2-F0-1 /D:1     /W-F2-1  /T5-F2-1 /T6-T5-1 /T6-F2-1 /T6-F0-1 
/T6-T3-1 /D:2     /W-T0-1  /D:1     /W-T0-1  /T5-T0-2 /T5-F2-1 /T5-T3-1 /D:2     /W-T4-1  
/D:2     /W-T3-1  /D:1     /W-T6-1  /D:2     /W-F1-1  /D:7     /W-F1-1  /D:1     /W-F3-1  
/D:2     /W-F2-1  /T6-F2-1 /D:2     /W-T1-1  /T4-T1-2 /T6-T4-1 /T4-T2-2 /T4-T1-1 /T3-T4-4 
/T3-F3-1 /T3-T4-1 /T0-T4-5 /T3-T5-1 /D:1     /W-T6-1  /R       /D:2     /W-F3-1  /T4-F3-1 
/T1-F3-1 /T4-F0-1 /T1-F0-1 /D:1     /W-T0-1  /W-T0-1  /D:2     /W-F3-1  /T1-F3-1 /D:2     
/W-F1-1  /D:1     /W-T0-1  /W-T0-1  /T1-T0-2 /W-T1-1  /T2-T1-3 /T2-F1-1 /T4-F1-1 /T1-F1-1 
/T4-F0-1 /T1-F0-1 /T4-F1-1 /T1-F1-1 /T6-F0-1 /T0-T1-2 /T0-F0-1 /T4-T6-1 /T4-F1-1 /T6-T4-2 
/T6-F3-1 /T1-T0-3 /T1-F1-1 /T5-F1-1 /D:1     /W-F2-1  /T0-F2-1 /T0-F3-1 /T4-F2-1 /T0-F2-1 
/T4-F3-1 /T0-F3-1 /T4-F0-1 /T0-F0-1 /T0-F1-1 /T4-F3-1 /T4-F0-1 /D:1     /W-F3-1  /D:1     
/W-F2-1  /D:1     /W-F2-1  /T5-F2-1 
"
1011428,j#TK#dVz#mMuN#Ltify#IxYAbJ#pOkBlnE#DXShoQFwgvqCGHeaPUsRcZrW,119.000000,2125.000000,44.000000,0.600000,1,"
minimal: 0 / states: 128 / duration: 0.000134s
history:
/T3-F3-1 /T0-T1-1 /T2-T0-1 /T3-T2-1 /T2-T5-2 /T2-T6-1 /T3-T2-1 /T4-T3-1 /T6-T4-2 /T6-F2-1 
/T6-T0-1 /T1-T0-2 /T1-T5-1 /D:2     /W-T3-1  /T5-T3-4 /D:3     /W-F2-1  /D:2     /W-T3-1  
/D:3     /W-T0-1  /D:2     /W-T4-1  /T5-T4-1 /T5-F0-1 /T6-F0-1 /T5-T2-1 /T5-T2-1 /D:3     
/W-T3-1  /D:1     /W-F1-1  /T4-F1-1 /T4-F0-1 /D:2     /W-T0-1  /D:3     /W-F1-1  /T4-F1-1 
/T3-F1-1 /W-T3-1  /D:1     /W-T1-1  /D:2     /W-T2-1  /T5-T2-1 /R       /D:1     /W-F0-1  
/T4-F0-1 /T4-F1-1 /D:2     /W-T2-1  /D:2     /W-T6-1  /T4-T6-1 /T4-T0-1 /T6-T4-3 /T6-F3-1 
/T6-F2-1 /T4-T1-4 /D:1     /W-F1-1  /T2-F1-1 /T1-F1-1 /D:1     /W-F2-1  /D:3     /W-F3-1  
/D:2     /W-F2-1  /W-F2-1  /T0-F2-1 /R       /D:2     /W-F3-1  /T3-F3-1 /T3-F0-1 /W-F3-1  
/T3-F3-1 /T3-F2-1 /T0-F3-1 /T0-F2-1 /T0-F1-1 /T1-F2-1 /T1-F1-1 /T3-F3-1 /T2-T0-2 /T2-F2-1 
/T0-T2-3 /T0-F1-1 /T3-T1-2 /T3-F2-1 /T0-F2-1 /T3-F1-1 /D:1     /W-F0-1  /D:1     /W-F0-1  
/T2-F0-1 /T1-F0-1 /T2-F3-1 /T1-F3-1 /T2-F0-1 /T1-F0-1 /T2-F3-1 /T1-F3-1 /T2-F0-1 
"
1011432,b#jA#kpg#mLhz#JDZtY#GnlHva#xoRrNBM#XKFUqdcQTCEIsuSPwWOefyiV,78.000000,1018.000000,35.000000,0.711864,1,"
minimal: 0 / states: 117 / duration: 0.000130s
history:
/T1-F0-1 /T5-F1-1 /T0-F1-1 /T6-T0-1 /T6-F0-1 /T6-F3-1 /T4-T0-1 /T5-T1-1 /T2-T5-1 /D:2     
/W-T0-1  /T1-T0-2 /T3-T1-1 /T4-T3-1 /T3-T0-2 /T3-T4-1 /W-T4-1  /D:1     /W-T5-1  /D:3     
/W-T6-1  /T2-T6-1 /D:1     /W-F1-1  /D:3     /W-F0-1  /D:5     /W-T0-1  /T6-T0-3 /T6-T5-1 
/D:2     /W-T2-1  /D:2     /W-F3-1  /D:3     /W-T3-1  /T2-T3-2 /T4-T2-3 /T4-F0-1 /T4-T2-1 
/D:1     /W-T2-1  /T5-T2-4 /T5-T1-1 /T5-F2-1 /T6-F2-1 /T0-F2-1 /T0-F1-1 /W-T5-1  /W-F1-1  
/T5-F1-1 /W-T6-1  /W-F3-1  /T6-T1-2 /D:1     /W-T3-1  /W-T3-1  /R       /D:2     /W-F2-1  
/T0-F2-1 /D:1     /W-F3-1  /T2-F3-1 /T0-F3-1 /D:1     /W-F3-1  /W-F3-1  /D:1     /W-F0-1  
/T2-F0-1 /T5-F0-1 /T2-F1-1 /T2-F0-1 /T3-T2-1 /T3-F3-1 /T1-F3-1 /D:1     /W-F0-1  /T2-T3-2 
/T2-F0-1 /T2-F3-1 /T0-T1-4 /T0-F0-1 /T0-F3-1 /T2-F0-1 /T0-F0-1 /T2-F3-1 /D:1     /W-F2-1  
/T1-F2-1 /T1-F1-1 /T3-F2-1 /T1-F2-1 /T3-F1-1 /T1-F1-1 /T3-F2-1 /T1-F2-1 /T3-F1-1 /T1-F1-1 
/T3-F2-1 /T1-F2-1 /T3-F1-1 
"
1011444,f#DQ#syz#KaeS#MVIOt#rCpBFE#guAohHU#cLqZlnvPkRXxmidGwNJjbTWY,119.000000,3168.000000,56.000000,0.630208,1,"
minimal: 0 / states: 137 / duration: 0.000164s
history:
/T5-T0-1 /T4-T6-1 /T3-T6-1 /T3-T5-1 /T3-F1-1 /T1-T0-1 /T1-T5-1 /T2-T1-1 /D:1     /W-T5-1  
/D:4     /W-T1-1  /T3-T1-1 /W-T3-1  /T2-T3-1 /D:1     /W-F2-1  /D:3     /W-T3-1  /D:1     
/W-T2-1  /D:7     /W-T3-1  /D:1     /W-F3-1  /T4-F3-1 /T6-T4-3 /D:2     /W-T1-1  /T4-T1-4 
/T6-T4-1 /T4-T3-2 /D:1     /W-F1-1  /T5-F1-1 /D:1     /W-T3-1  /T5-T3-3 /F1-T3-1 /T5-T3-1 
/T5-T0-1 /D:2     /W-T4-1  /R       /D:2     /W-T2-1  /D:2     /W-F3-1  /D:2     /W-T4-1  
/D:4     /W-T6-1  /T0-T6-4 /D:2     /W-T4-1  /R       /D:2     /W-T4-1  /T6-T4-6 /T6-F2-1 
/T4-F2-1 /T6-F0-1 /T3-F0-1 /T3-F1-1 /T2-F2-1 /T5-F0-1 /T3-F0-1 /T4-F3-1 /T2-F3-1 /T1-F3-1 
/T4-F0-1 /T5-F2-1 /T2-F2-1 /T1-F2-1 /T6-F2-1 /T3-T6-2 /T3-F3-1 /T1-F3-1 /T4-T1-3 /T4-F2-1 
/T6-T3-3 /D:2     /W-T0-1  /D:2     /W-F1-1  /T3-F1-1 /T1-F1-1 /T3-F0-1 /T1-F0-1 /T3-F1-1 
/T1-F1-1 /T3-F0-1 /T1-F0-1 /T3-F3-1 /T4-F3-1 /W-F1-1  /T1-F1-1 /T3-F2-1 /T4-F2-1 /T3-F1-1 
/T3-F2-1 /W-F3-1  /T4-F3-1 /T3-F3-1 /T1-T4-2 /T1-F2-1 /W-T0-1  /D:1     /W-F0-1  /T4-F0-1 
/T0-F0-1 /T4-F1-1 /T0-F1-1 /T4-F0-1 
"
1011459,E#Mu#wlQ#tAgX#Syzps#ROeVNK#Tbvjrom#LGfdUxaPZnqiJWDFcYIkhCBH,84.000000,861.000000,15.000000,1.047619,1,"
minimal: 0 / states: 117 / duration: 0.000122s
history:
/T2-T0-1 /T5-T2-1 /T5-F3-1 /T1-T5-1 /T2-T1-2 /T5-T2-2 /T5-T4-1 /T5-F3-1 /T2-T3-3 /T6-T2-1 
/D:1     /W-T2-1  /T3-T2-4 /T4-T3-2 /T4-T0-1 /T3-T2-3 /T3-F0-1 /D:2     /W-T3-1  /T0-T3-3 
/T4-T0-1 /D:4     /W-F1-1  /D:1     /W-F3-1  /D:2     /W-F2-1  /T6-F2-1 /T3-F2-1 /T3-F3-1 
/T5-F3-1 /W-T5-1  /T4-T5-1 /T6-T4-1 /T6-T1-1 /T6-T1-1 /T6-F1-1 /D:1     /W-F2-1  /T4-F2-1 
/T4-F3-1 /T6-F3-1 /D:4     /W-T2-1  /D:2     /W-F1-1  /D:1     /W-T0-1  /D:2     /W-T5-1  
/D:1     /W-T1-1  /T3-T1-3 /D:2     /W-F0-1  /W-F0-1  /T2-F0-1 /T1-F0-1 /D:1     /R       
/D:2     /W-F1-1  /T2-F1-1 /T1-F1-1 /T2-F2-1 /T1-F2-1 /T2-F1-1 /T2-F2-1 /T1-F1-1 /T1-F2-1 
/D:1     /W-F3-1  /T2-F3-1 /T2-F2-1 /D:1     /W-F2-1  /D:1     /W-F1-1  /T1-F1-1 /T5-F1-1 
/T5-F2-1 /T1-T0-1 /T1-F1-1 /T0-T1-2 /T0-F2-1 /T2-T5-2 /T2-F1-1 /D:1     /W-T5-1  /D:1     
/W-F3-1  /D:1     /W-F0-1  /W-F0-1  /D:2     /W-F0-1  /W-F0-1  /T5-F0-1 /T1-F0-1 /T5-F3-1 
/T1-F3-1 /T5-F0-1 /T1-F0-1 /T5-F3-1 
"
1011494,r#aO#Gjp#LCqx#vBbzA#eEIySh#ktfKlVc#oTWMYiPRZmUQHndgFNuJwDsX,130.000000,3741.000000,53.000000,0.611111,1,"
minimal: 0 / states: 117 / duration: 0.000153s
history:
/T4-F0-1 /T1-T2-1 /T1-F1-1 /T4-T1-1 /T4-F1-1 /T4-F0-1 /T6-F1-1 /T5-T4-1 /T0-T5-1 /D:3     
/W-T3-1  /T4-T3-2 /D:1     /W-T0-1  /D:1     /W-T0-1  /T3-T0-4 /D:2     /W-T3-1  /D:2     
/W-T4-1  /D:3     /W-T5-1  /T2-T5-2 /D:1     /W-T6-1  /D:1     /W-F2-1  /D:1     /W-F1-1  
/D:1     /W-T6-1  /D:1     /W-T6-1  /D:1     /W-F3-1  /T5-F3-1 /T3-F3-1 /D:6     /R       
/D:1     /W-F2-1  /T5-F2-1 /T3-F2-1 /T3-F0-1 /T5-F3-1 /T5-F2-1 /T3-T4-1 /D:3     /W-F3-1  
/T5-F3-1 /D:1     /W-T3-1  /T5-T3-1 /T5-T2-1 /D:1     /W-T2-1  /D:4     /W-F0-1  /T5-F0-1 
/T5-F1-1 /T6-F0-1 /D:1     /W-F2-1  /D:1     /W-T3-1  /W-T3-1  /T6-T3-3 /T6-T1-1 /T6-T1-1 
/T6-F1-1 /T3-F1-1 /T6-F2-1 /T2-T1-3 /T2-F0-1 /T0-F1-1 /T3-F0-1 /T1-T0-1 /T1-F0-1 /W-F0-1  
/W-F2-1  /W-F1-1  /W-F3-1  /T0-F3-1 /T0-F2-1 /T1-F1-1 /T3-F3-1 /T0-F3-1 /T1-F0-1 /T3-F2-1 
/T0-F2-1 /T3-F3-1 /T0-F3-1 /T6-F1-1 /T1-F1-1 /T3-F2-1 /T1-F2-1 /T4-F0-1 /T0-F0-1 /T3-F1-1 
/T4-F3-1 
"
1011501,z#lh#Dnv#OWdL#MprxB#NUZCsq#HVRceAk#mPFoySfgwEGatQTjXJbYIuiK,134.000000,3656.000000,45.000000,0.619318,1,"
minimal: 0 / states: 119 / duration: 0.000130s
history:
/T6-T3-1 /T6-F0-1 /T4-F0-1 /T5-T6-1 /T6-T5-2 /T6-T5-1 /T1-T2-1 /T4-T1-1 /T1-T0-2 /D:1     
/W-T1-1  /T3-T1-2 /T3-T4-1 /T2-T3-2 /T2-F2-1 /T3-T0-3 /T2-T6-1 /D:1     /W-T6-1  /D:2     
/W-F2-1  /D:5     /W-T1-1  /D:2     /W-T0-1  /D:1     /W-F1-1  /D:7     /W-F1-1  /T5-F1-1 
/T4-F1-1 /D:4     /W-T1-1  /W-T1-1  /D:1     /R       /D:3     /W-T0-1  /T4-T0-1 /T4-F2-1 
/T5-F2-1 /T0-F2-1 /T5-F1-1 /T5-F2-1 /T5-F0-1 /T5-T2-1 /W-T2-1  /D:1     /W-F1-1  /D:1     
/W-F1-1  /T0-T5-2 /T0-F1-1 /T5-T0-3 /T5-F3-1 /T3-F3-1 /T6-F3-1 /T6-F0-1 /D:1     /W-F0-1  
/W-F0-1  /D:1     /W-F2-1  /T1-F2-1 /T1-F1-1 /D:1     /W-F3-1  /T6-F3-1 /T0-F3-1 /T0-F0-1 
/T6-T1-1 /T6-F0-1 /D:1     /W-F3-1  /T0-F3-1 /T0-F2-1 /T1-F3-1 /T1-F2-1 /T0-F3-1 /T0-F2-1 
/T2-F2-1 /T0-T4-1 /T0-F2-1 /D:1     /W-F1-1  /T1-F1-1 /T4-F1-1 /T1-T2-1 /T1-F1-1 /D:1     
/W-F3-1  /D:2     /W-F3-1  /D:1     /W-F0-1  /W-F0-1  /D:1     /W-F0-1  /T2-F0-1 /T2-F3-1 
/T4-F0-1 
"
1011503,c#qC#SMm#IYkE#WKXJi#sUrBQj#lHGZAyn#FdThgNRaVuwpePObxLfzvtoD,141.000000,1769.000000,45.000000,0.642105,1,"
minimal: 0 / states: 119 / duration: 0.000141s
history:
/T6-F2-1 /T6-T2-1 /T6-F0-1 /D:2     /W-T3-1  /T1-T3-1 /T0-T1-1 /T6-T0-1 /D:4     /W-F3-1  
/D:2     /W-F1-1  /D:2     /W-T4-1  /D:5     /W-F3-1  /W-F3-1  /D:1     /W-F1-1  /T1-F1-1 
/D:2     /W-T0-1  /D:1     /W-T6-1  /T3-T6-3 /T3-T0-1 /W-T3-1  /T5-T3-1 /T5-F3-1 /T5-F0-1 
/T6-F0-1 /T6-F1-1 /W-F1-1  /D:2     /W-T3-1  /D:2     /W-F2-1  /D:1     /W-F0-1  /T6-F0-1 
/T5-T6-1 /T6-T5-3 /T5-T3-4 /R       /D:1     /W-F0-1  /D:1     /W-T4-1  /T5-T4-1 /T2-T5-2 
/T3-T2-8 /D:1     /W-T3-1  /D:1     /W-T6-1  /D:1     /W-F3-1  /D:2     /W-T0-1  /T4-T0-4 
/W-T4-1  /T6-T4-2 /D:1     /W-F2-1  /T1-F2-1 /T2-F2-1 /T0-F2-1 /T2-F1-1 /T4-F1-1 /T2-T1-7 
/T2-F3-1 /T0-F3-1 /T1-F0-1 /T4-F0-1 /T1-F3-1 /T3-F1-1 /T3-F0-1 /T4-F3-1 /T4-F0-1 /T4-T5-1 
/T4-F0-1 /T4-F3-1 /T5-F3-1 /T0-T5-4 /T0-F0-1 /T1-T6-3 /T1-F3-1 /T0-F3-1 /T1-F0-1 /D:1     
/W-T0-1  /T6-T0-4 /D:1     /W-F2-1  /T5-F2-1 /T0-F2-1 /T5-F1-1 /T0-F1-1 /T5-F2-1 /T0-F2-1 
/T5-F1-1 /T0-F1-1 /T5-F2-1 /T0-F2-1 /T5-F1-1 
"
1011509,Y#qR#ocm#IUfp#jBAPt#GXkuOV#TsHyMQw#SbEDKNnCLJZgzFvixrdWaleh,141.000000,2346.000000,39.000000,0.630435,1,"
minimal: 0 / states: 131 / duration: 0.000146s
history:
/T5-T6-1 /T5-T3-1 /T5-T6-1 /T6-T5-3 /T3-T6-2 /T3-T4-1 /T4-T3-2 /D:3     /W-T3-1  /T6-T3-3 
/T0-T6-1 /T6-T0-2 /T6-T2-1 /T5-T2-4 /D:1     /W-T1-1  /T4-T1-1 /T4-F0-1 /T4-F0-1 /D:1     
/W-T0-1  /T4-T0-1 /T2-T4-6 /D:1     /W-F3-1  /T3-F3-1 /T1-F3-1 /T2-T1-1 /W-T3-1  /T2-T1-1 
/D:1     /W-F2-1  /T1-F2-1 /D:1     /W-F0-1  /D:2     /W-T5-1  /D:1     /W-T2-1  /W-T2-1  
/T5-T2-2 /W-T5-1  /D:1     /W-T4-1  /D:2     /W-T4-1  /T1-T4-3 /T4-T1-1 /T4-F0-1 /T1-T4-2 
/W-T1-1  /D:1     /W-T0-1  /T3-T0-7 /D:1     /W-T2-1  /T6-T2-1 /D:2     /W-T5-1  /T0-T5-3 
/T0-F0-1 /T4-T6-3 /T4-F0-1 /T6-T4-4 /T6-T2-1 /D:3     /W-F1-1  /T5-F1-1 /T4-F1-1 /T5-F2-1 
/T4-F2-1 /T5-F3-1 /T4-F3-1 /T5-F2-1 /T5-F3-1 /T2-F3-1 /T4-F2-1 /T5-F0-1 /T2-F0-1 /T3-F0-1 
/D:1     /W-T1-1  /D:2     /R       /D:1     /W-T1-1  /D:1     /W-F1-1  /D:1     /W-T1-1  
/D:1     /W-F1-1  /T0-F1-1 /T0-F2-1 /T0-F3-1 /T4-F1-1 /T4-F2-1 /T4-F3-1 /T0-F2-1 /T1-F3-1 
/T4-F2-1 /T1-F2-1 /T2-T4-2 /T2-F3-1 /T0-T1-2 /T0-F3-1 /T4-T2-3 /T4-F2-1 /T1-T0-3 /T1-F2-1 
/T2-T4-4 /T2-F3-1 /D:1     /W-F1-1  /T4-F1-1 /T0-F1-1 /T4-F0-1 /T0-F0-1 /T4-F1-1 /T0-F1-1 
/T4-F0-1 /T0-F0-1 /T4-F1-1 
"
1011514,i#mU#WcF#aAjy#MEHRn#JoPZBf#gsqbruG#QlktOVLSdDNvpTwxYhXKezIC,125.500000,2536.000000,66.000000,0.500000,1,"
minimal: 0 / states: 147 / duration: 0.000158s
history:
/T4-F2-1  /T6-T1-1  /T5-T1-1  /T6-T0-1  /T6-T1-1  /T4-T2-1  /D:1      /W-T1-1   /D:2      /W-T3-1   
/D:7      /W-T2-1   /D:1      /W-F3-1   /D:2      /W-T1-1   /T6-T1-1  /D:1      /W-T0-1   /T2-T0-3  
/T5-T2-1  /T3-T5-2  /T2-T0-2  /W-T2-1   /T1-T2-7  /D:1      /W-T5-1   /T0-T5-8  /T5-T0-12 /T5-T6-1  
/T5-F2-1  /D:8      /W-T3-1   /D:1      /R        /D:3      /W-F3-1   /T6-F3-1  /D:1      /W-T5-1   
/T4-T5-1  /D:1      /W-T1-1   /D:2      /W-T4-1   /T2-T4-2  /T2-F3-1  /D:3      /W-T3-1   /D:1      
/W-T1-1   /T5-T1-3  /D:3      /W-T5-1   /D:1      /R        /D:1      /W-T5-1   /D:1      /W-T3-1   
/D:1      /W-T3-1   /T4-T3-4  /D:1      /W-T5-1   /T3-T5-9  /T3-F0-1  /T0-F0-1  /T3-F1-1  /T5-F1-1  
/T0-F1-1  /T5-F2-1  /T6-F2-1  /T2-F2-1  /T6-F2-1  /T5-F1-1  /T6-T1-1  /D:1      /W-T4-1   /D:1      
/W-T4-1   /T2-T4-5  /D:1      /W-F1-1   /T4-F1-1  /T1-F1-1  /T5-T4-2  /T5-F2-1  /T5-F1-1  /T0-T1-4  
/T0-F2-1  /T0-F1-1  /T4-T5-4  /T4-F2-1  /T0-F2-1  /T5-T4-5  /T5-F1-1  /T0-F1-1  /T5-F2-1  /T0-F2-1  
/T5-F1-1  /T5-F2-1  /T1-T0-9  /T1-F1-1  /D:1      /W-F0-1   /T0-F0-1  /T0-F3-1  /T4-F0-1  /T0-F0-1  
/T4-F3-1  /T0-F3-1  /T4-F0-1  /T0-F0-1  /T4-F3-1  /T0-F3-1  /T4-F0-1  /T0-F0-1  /T4-F3-1  /T0-F3-1  
/T4-F0-1  /T0-F0-1  /T4-F3-1  /T0-F3-1  /T4-F0-1  
"
1011530,R#WZ#tKi#rszg#uIxGa#qUpHDj#eyNnFvL#TCclwmkMbOhSdBfAEPoYXJQV,124.500000,3160.000000,49.000000,0.562500,1,"
minimal: 0 / states: 125 / duration: 0.000144s
history:
/T4-F1-1 /T6-T1-1 /T6-T5-1 /T6-T3-1 /T6-F2-1 /T6-F3-1 /T0-T3-1 /T1-T0-2 /D:7     /W-T0-1  
/D:2     /W-F1-1  /D:1     /W-F3-1  /D:1     /W-T5-1  /T4-T5-1 /T5-T4-4 /T5-T3-1 /T3-T5-4 
/T5-T2-5 /D:1     /W-T4-1  /D:4     /W-F0-1  /D:1     /W-T4-1  /D:1     /W-F3-1  /D:1     
/W-F2-1  /T5-F2-1 /D:1     /W-T3-1  /T4-T3-7 /T4-T1-1 /T5-T1-1 /T5-F2-1 /T3-T5-9 /D:1     
/W-T6-1  /D:1     /W-T0-1  /T2-T0-6 /T1-T2-3 /D:1     /W-F3-1  /D:1     /R       /D:1     
/W-T4-1  /T3-T4-1 /T3-F2-1 /T4-F2-1 /D:2     /W-F1-1  /D:2     /W-T6-1  /D:1     /W-T1-1  
/T6-T1-3 /T0-T6-1 /T0-F3-1 /T6-T0-2 /D:1     /W-T3-1  /W-T3-1  /T2-T3-4 /T2-F2-1 /D:1     
/W-F1-1  /D:1     /W-F0-1  /W-F0-1  /T0-F0-1 /T0-F1-1 /T5-F0-1 /T0-F0-1 /T5-F3-1 /T4-F3-1 
/T3-F3-1 /T4-F2-1 /T5-F0-1 /T5-T3-1 /T5-F2-1 /T1-F2-1 /D:1     /W-F1-1  /T0-F1-1 /T0-F0-1 
/T3-F1-1 /T0-F1-1 /T3-F0-1 /T5-F1-1 /T0-F0-1 /T0-F1-1 /T5-F2-1 /T1-T0-1 /T1-F2-1 /T3-T5-2 
/T3-F1-1 /T1-F1-1 /T5-T3-3 /T5-F2-1 /D:1     /W-F3-1  /T3-F3-1 /T0-F3-1 /T3-F0-1 /T0-F0-1 
/T3-F3-1 /T0-F3-1 /T3-F0-1 
"
1011566,T#ZN#BSH#lOan#zYKro#xcwFmI#EDqGWgf#RuhPLvtXAVdUeJpMbkQsyiCj,124.500000,1783.000000,55.000000,0.596591,1,"
minimal: 0 / states: 119 / duration: 0.000137s
history:
/T1-F3-1 /T3-F2-1 /T3-F1-1 /T3-F3-1 /T4-F2-1 /T4-T6-1 /T4-T3-1 /T0-T2-1 /D:3     /W-T5-1  
/D:1     /W-F3-1  /D:1     /W-T1-1  /D:2     /W-T5-1  /T6-T5-2 /D:1     /W-T1-1  /D:1     
/W-F0-1  /D:2     /W-T5-1  /D:3     /W-T1-1  /D:1     /W-F2-1  /D:1     /W-T0-1  /T4-T0-1 
/T3-T4-2 /D:1     /W-F1-1  /D:2     /W-F3-1  /D:1     /W-T2-1  /D:2     /W-T1-1  /T2-T1-3 
/D:1     /W-T5-1  /D:1     /W-T4-1  /T5-T4-7 /T5-T3-1 /T5-T6-1 /W-T3-1  /W-T3-1  /T5-T3-1 
/T5-F1-1 /W-T1-1  /T5-T0-1 /R       /D:1     /W-F3-1  /T2-F3-1 /T2-F0-1 /T4-F0-1 /T4-F1-1 
/T1-F1-1 /D:3     /W-T3-1  /D:1     /R       /D:1     /W-T3-1  /T6-T3-2 /T6-T0-1 /D:1     
/W-T0-1  /D:1     /W-T0-1  /T6-T0-1 /T6-F2-1 /T4-F2-1 /T1-F2-1 /T6-F0-1 /T6-F0-1 /T3-F0-1 
/T1-F3-1 /T4-F1-1 /T0-F0-1 /T3-F1-1 /T1-F0-1 /T4-F2-1 /T0-F3-1 /T3-F2-1 /T3-F3-1 /T4-F1-1 
/T0-F2-1 /T1-F1-1 /T3-F2-1 /T4-F0-1 /T0-F3-1 /T1-F0-1 /T1-F3-1 /T4-F1-1 /T0-F2-1 /T3-F1-1 
/T3-F2-1 /T4-F0-1 /T0-F3-1 /T1-F0-1 /T1-F3-1 /T4-F1-1 /T0-F0-1 /T3-F1-1 /T4-F2-1 
"
1011602,J#Wy#qVN#hpad#sQTbY#EUHICZ#uROxMSz#goiDKwFeXclvAtrGBjPLfkmn,112.000000,1553.000000,47.000000,0.596386,1,"
minimal: 0 / states: 129 / duration: 0.000144s
history:
/T2-F3-1 /T4-T6-1 /T1-T5-1 /T2-T0-1 /D:5     /W-T6-1  /T1-T6-1 /T6-T1-4 /D:4     /W-T5-1  
/T0-T5-2 /T5-T0-5 /T5-T3-1 /T4-T3-1 /T5-T1-1 /T4-T5-1 /T5-T0-2 /T5-T1-1 /T3-T5-3 /T3-F1-1 
/T5-F1-1 /T3-T4-1 /T5-T6-3 /D:1     /W-F1-1  /D:3     /W-F0-1  /D:1     /W-T1-1  /T6-T1-4 
/T6-T5-1 /D:2     /W-T3-1  /D:1     /W-F0-1  /T1-F0-1 /T1-F1-1 /T4-T1-2 /T4-T0-1 /D:1     
/W-T6-1  /D:1     /W-T2-1  /D:2     /W-T3-1  /D:2     /W-T4-1  /D:1     /W-F2-1  /R       
/D:2     /W-F2-1  /T1-F2-1 /D:2     /W-F0-1  /D:3     /W-F1-1  /T3-F1-1 /D:1     /W-T5-1  
/T6-T5-2 /T6-F3-1 /T2-F3-1 /T1-F3-1 /T1-F0-1 /T2-F2-1 /T6-F3-1 /W-F0-1  /T1-F3-1 /T3-F0-1 
/T0-T6-2 /T0-F0-1 /T6-T0-3 /D:1     /W-T5-1  /T1-T5-2 /T1-F0-1 /D:1     /W-F2-1  /T0-F2-1 
/T0-F3-1 /T5-F2-1 /T5-F3-1 /T0-F2-1 /T0-F3-1 /T0-F0-1 /T1-F3-1 /T0-F3-1 /T1-F0-1 /T1-F3-1 
/T5-F2-1 /W-F2-1  /T0-T4-1 /T0-F3-1 /D:1     /W-F0-1  /T5-T1-3 /T5-F0-1 /D:1     /W-T4-1  
/R       /D:1     /W-F1-1  /T3-F1-1 /D:1     /W-F1-1  /T1-F1-1 /T1-F2-1 /T4-F1-1 /T1-F1-1 
/T4-F2-1 /T1-F2-1 /T4-F1-1 
"
1011627,L#NH#Goz#ZYXU#BbKRv#pjlWAM#sJhrQEw#uPngTaktxdifDIeVFOqSyCcm,122.500000,1278.000000,42.000000,0.636986,1,"
minimal: 0 / states: 117 / duration: 0.000129s
history:
/T3-T4-1 /T6-T3-1 /T3-T0-2 /T3-T2-1 /T0-T3-3 /T5-T0-1 /T5-F0-1 /T4-T5-2 /D:3     /W-F2-1  
/D:1     /W-T1-1  /D:2     /W-F1-1  /D:2     /W-T5-1  /D:1     /W-T2-1  /T5-T2-4 /T5-T0-1 
/D:1     /W-T6-1  /D:1     /W-T3-1  /T1-T3-2 /T1-F3-1 /T2-T1-7 /T2-F2-1 /D:1     /W-T1-1  
/T6-T1-2 /D:1     /W-T4-1  /D:1     /W-T5-1  /D:3     /W-T3-1  /T4-T3-2 /T4-T0-1 /T4-F1-1 
/T4-F0-1 /T5-T0-2 /T5-F2-1 /D:1     /W-F3-1  /D:1     /W-F2-1  /D:1     /W-T2-1  /D:2     
/W-F0-1  /T3-F0-1 /D:1     /W-F1-1  /T1-F1-1 /T6-T1-1 /T6-F2-1 /T6-T0-1 /T2-T0-2 /D:1     
/W-T2-1  /W-T2-1  /W-T6-1  /W-F1-1  /W-T2-1  /T6-T2-2 /T6-F2-1 /T1-T0-2 /T1-F1-1 /T1-F2-1 
/R       /D:1     /W-F2-1  /D:1     /W-F3-1  /T0-F3-1 /T0-F0-1 /T3-F3-1 /T0-F3-1 /T3-F0-1 
/T0-F0-1 /T3-F1-1 /T0-F1-1 /T3-F0-1 /T3-F1-1 /T0-F0-1 /T0-F1-1 /T2-T3-1 /T2-F0-1 /T0-F0-1 
/T2-F1-1 /T0-F1-1 /T3-T2-3 /T3-F0-1 /T0-F0-1 /T2-T3-4 /T2-F1-1 /D:1     /W-F3-1  /T1-F3-1 
/T1-F2-1 /T3-F3-1 /T1-F3-1 /T3-F2-1 /T1-F2-1 /T3-F3-1 /T1-F3-1 /T3-F2-1 /T1-F2-1 /T3-F3-1 
"
1011630,J#Nk#Dyl#xMZU#GTbKO#CXavIn#RqsBpLH#hQeiFdrVwWtmgzfcEYSoAujP,109.500000,2377.000000,51.000000,0.659091,1,"
minimal: 0 / states: 128 / duration: 0.000152s
history:
/T5-F2-1 /T3-T5-1 /T0-T1-1 /T3-T0-1 /T2-T3-1 /T1-T2-2 /T1-F3-1 /T4-F3-1 /T4-T3-1 /T2-T0-3 
/T3-T1-3 /D:4     /W-T0-1  /T6-T0-1 /D:6     /W-T1-1  /T5-T1-2 /D:1     /W-T1-1  /D:2     
/W-T0-1  /D:2     /W-T1-1  /D:1     /W-T2-1  /D:1     /W-T1-1  /D:3     /W-F2-1  /D:1     
/W-F0-1  /D:2     /W-T3-1  /T5-T3-1 /T5-F1-1 /T4-F1-1 /T5-T6-1 /T2-F1-1 /D:1     /W-F3-1  
/R       /D:1     /W-T3-1  /D:1     /W-F3-1  /D:2     /W-T0-1  /W-T0-1  /T2-T0-1 /D:1     
/W-F1-1  /D:3     /W-T6-1  /W-T6-1  /D:1     /W-T2-1  /T6-T2-4 /T6-F2-1 /T6-F0-1 /T5-F0-1 
/T0-F0-1 /T1-F0-1 /T6-T4-1 /T6-F2-1 /T0-F1-1 /T6-F3-1 /T0-F0-1 /W-F2-1  /T1-F1-1 /T4-F2-1 
/T0-F1-1 /T4-T0-1 /T1-F2-1 /T3-F1-1 /T4-F0-1 /T0-T2-2 /T0-F1-1 /D:1     /W-T4-1  /D:1     
/W-T4-1  /T3-T4-3 /D:1     /W-F3-1  /T2-F3-1 /T1-F3-1 /T2-F0-1 /T1-F0-1 /T0-F0-1 /T2-F3-1 
/T1-F3-1 /T1-F0-1 /T2-T0-1 /T2-F3-1 /T2-F0-1 /T4-T1-3 /T4-F3-1 /T0-T2-3 /T0-F3-1 /T1-T4-4 
/T1-F0-1 /D:1     /W-F2-1  /T4-F2-1 /T2-F2-1 /T4-F1-1 /T2-F1-1 /T4-F2-1 /T2-F2-1 /T4-F1-1 
/T2-F1-1 /T4-F2-1 
"
1011639,k#iA#nKH#ENjD#qblMe#RuUYhP#IyZdsvF#VCwOrStJGxmQXapWgzLBcoTf,105.500000,735.000000,42.000000,0.629870,1,"
minimal: 0 / states: 127 / duration: 0.000146s
history:
/T1-F0-1 /T5-T3-1 /T4-T6-1 /T3-T6-2 /T2-T1-1 /T3-T2-1 /T3-F3-1 /D:3     /W-T0-1  /T1-T0-2 
/T4-T1-1 /T4-T1-1 /T2-T1-2 /T2-F2-1 /D:1     /W-F3-1  /T6-F3-1 /D:3     /W-T5-1  /W-T5-1  
/W-T5-1  /D:4     /W-T2-1  /D:1     /W-F3-1  /D:2     /W-F1-1  /T4-F1-1 /D:3     /W-T0-1  
/T6-T0-3 /T6-T1-1 /T5-T1-4 /D:2     /W-T2-1  /T0-T2-8 /W-T0-1  /T5-T0-1 /D:1     /W-F0-1  
/D:1     /W-F1-1  /D:1     /W-F2-1  /D:2     /R       /D:2     /W-F0-1  /T2-F0-1 /T3-F0-1 
/T2-T6-1 /T2-F0-1 /T6-T2-2 /T6-F1-1 /T6-T3-1 /T6-T3-1 /T5-T6-1 /T2-F1-1 /D:2     /W-F0-1  
/T2-T5-2 /T2-F0-1 /T5-T2-3 /T5-F3-1 /D:1     /W-T0-1  /D:1     /W-T3-1  /W-T3-1  /W-T3-1  
/D:1     /W-F2-1  /T4-F2-1 /T1-F2-1 /T1-F3-1 /T2-F2-1 /T1-F2-1 /D:1     /W-T0-1  /T6-T0-2 
/D:1     /W-F3-1  /T0-F3-1 /T0-F0-1 /T3-F3-1 /T0-F3-1 /T3-F0-1 /T3-F3-1 /T1-T0-3 /T1-F0-1 
/T0-T1-4 /T0-F3-1 /T2-T3-5 /T2-F0-1 /T1-T0-5 /T1-F0-1 /T3-T2-6 /T3-F3-1 /D:1     /W-F1-1  
/T2-F1-1 /T0-F1-1 /T2-F2-1 /T0-F2-1 /T2-F1-1 /T0-F1-1 /T2-F2-1 /T0-F2-1 /T2-F1-1 /T0-F1-1 
/T2-F2-1 /T0-F2-1 /T2-F1-1 
"
1011668,v#IM#yGU#YHlB#qcoOZ#whmxSg#FJLzitj#NXTbfAkupVPaeRQdDWKsnrCE,88.500000,1715.000000,30.000000,0.700000,1,"
minimal: 0 / states: 119 / duration: 0.000136s
history:
/T2-T0-1 /T2-T0-1 /T0-T6-3 /T4-T0-1 /T2-T0-1 /T1-T2-1 /D:1     /W-F3-1  /T4-F3-1 /D:1     
/W-T0-1  /D:3     /W-T6-1  /D:1     /W-F0-1  /T3-F0-1 /T3-T2-1 /T5-T3-1 /D:5     /W-F3-1  
/D:1     /W-F1-1  /D:3     /W-F3-1  /W-F3-1  /T5-F3-1 /T6-T5-5 /T5-T2-6 /D:5     /W-T3-1  
/D:1     /W-F2-1  /T4-F2-1 /D:1     /W-T2-1  /D:1     /W-F0-1  /D:1     /R       /D:1     
/W-F3-1  /D:1     /W-F1-1  /T4-F1-1 /D:3     /W-F2-1  /T4-F2-1 /T5-T4-1 /T6-T5-1 /T3-T6-3 
/T5-T1-2 /T6-T5-4 /T3-T6-1 /T6-T3-2 /T6-T4-1 /T6-T0-1 /T2-F2-1 /T5-F2-1 /T1-F2-1 /W-F2-1  
/T2-T1-2 /T2-F3-1 /T2-F2-1 /T5-T0-3 /T5-F2-1 /W-T4-1  /T1-T2-4 /T6-T0-1 /D:1     /W-F3-1  
/D:1     /W-T0-1  /D:1     /W-F1-1  /T0-F1-1 /T2-F1-1 /D:1     /W-F0-1  /D:1     /W-F3-1  
/T0-T4-5 /T0-F3-1 /T3-F3-1 /D:2     /W-F0-1  /T4-F0-1 /T2-F0-1 /T4-F1-1 /T2-F1-1 /T4-F0-1 
/T2-F0-1 /T4-F1-1 /T2-F1-1 /T2-F2-1 /T4-F0-1 /T4-F1-1 /T0-F2-1 /W-F0-1  /T2-F1-1 /T3-F2-1 
/T4-F0-1 /T0-F3-1 /T2-F0-1 /T4-F1-1 
"
1011685,c#jM#XQv#LtzJ#VPfmU#ZskqSR#lGOBHaA#phgbywFdKenTDuxirINWYCEo,106.000000,1953.000000,29.000000,0.723077,1,"
minimal: 0 / states: 118 / duration: 0.000129s
history:
/T6-F0-1 /T6-F1-1 /T4-T2-1 /D:3     /W-T6-1  /D:1     /W-F1-1  /T0-F1-1 /T4-T0-1 /D:1     
/W-T0-1  /D:2     /W-T6-1  /T5-T6-1 /D:1     /W-F1-1  /D:2     /W-F1-1  /T4-F1-1 /D:1     
/W-F2-1  /D:2     /W-T6-1  /T4-T6-1 /T6-T4-6 /T6-F0-1 /T4-T3-7 /T1-T4-1 /T2-T1-2 /D:4     
/W-T5-1  /T2-T5-1 /T3-T2-8 /T2-T0-9 /T3-T2-1 /T5-T3-3 /T3-T1-4 /D:2     /W-F3-1  /T6-F3-1 
/T0-F3-1 /T1-F3-1 /D:2     /W-T2-1  /D:1     /W-F0-1  /T0-F0-1 /T5-T0-1 /T5-T3-1 /D:1     
/W-F0-1  /T0-T5-2 /T0-F0-1 /T6-F0-1 /T5-T0-3 /T3-T5-2 /T6-T4-1 /D:1     /W-F2-1  /R       
/D:1     /W-F2-1  /T0-F2-1 /T0-F3-1 /T1-F2-1 /T0-F2-1 /T0-F1-1 /T1-F3-1 /T1-F2-1 /T0-F0-1 
/D:1     /W-F1-1  /D:1     /W-T5-1  /D:1     /W-T2-1  /T1-T2-3 /D:1     /W-F3-1  /T2-F3-1 
/T0-F3-1 /D:1     /W-F2-1  /T2-F2-1 /T5-F2-1 /D:1     /W-F2-1  /D:1     /W-F1-1  /T2-F1-1 
/T5-F1-1 /T4-F1-1 /T0-T5-2 /T0-F2-1 /T0-F1-1 /T2-T4-2 /T2-F2-1 /D:1     /W-F0-1  /T5-F0-1 
/T4-F0-1 /D:1     /W-F3-1  /T5-F3-1 /T4-F3-1 /T5-F0-1 /T4-F0-1 /T5-F3-1 
"
1011692,M#vn#Oqz#FhSU#HBpZu#DctgJY#TfXKsjl#iCVAQbwNmRxaEePWkdrGoLIy,151.500000,2095.000000,53.000000,0.541667,1,"
minimal: 0 / states: 121 / duration: 0.000144s
history:
/T1-F2-1 /T6-T0-1 /T5-T2-1 /T3-T1-1 /T1-T6-2 /T2-T1-2 /D:1     /W-T5-1  /T4-T5-1 /D:3     
/W-F0-1  /D:4     /W-F3-1  /D:3     /W-T0-1  /T6-T0-3 /W-T6-1  /T2-T6-1 /T2-F3-1 /T4-T2-1 
/D:1     /W-F1-1  /D:1     /W-T3-1  /D:2     /W-F3-1  /D:3     /W-T3-1  /T4-T3-1 /T4-F0-1 
/D:2     /W-T0-1  /T3-T0-4 /D:1     /W-F2-1  /T0-F2-1 /T6-F2-1 /W-F2-1  /D:1     /W-T2-1  
/W-T2-1  /T5-T2-3 /T6-T5-2 /T5-T2-3 /T6-T1-1 /T5-T3-1 /W-T1-1  /D:1     /W-T1-1  /T3-T1-2 
/T2-T3-1 /T2-F2-1 /T1-F2-1 /T2-T4-1 /T2-F2-1 /T3-T4-2 /T4-T2-4 /D:1     /R       /D:1     
/W-F0-1  /D:2     /W-F3-1  /T2-F3-1 /D:1     /W-F1-1  /T5-F1-1 /T0-F1-1 /T5-F0-1 /T0-F0-1 
/T0-F3-1 /T2-F0-1 /T0-F0-1 /D:1     /W-T6-1  /W-T6-1  /D:1     /W-T3-1  /D:1     /W-F1-1  
/D:1     /W-T3-1  /T6-T3-3 /T6-F1-1 /T2-F1-1 /T1-F1-1 /T6-F3-1 /T0-F3-1 /T0-F2-1 /T2-F0-1 
/T1-F0-1 /T2-F1-1 /T0-F1-1 /T3-F3-1 /T1-F3-1 /T2-F0-1 /T1-F0-1 /T3-F2-1 /T0-F2-1 /T2-F1-1 
/T0-F1-1 /T3-F3-1 /T1-F3-1 /T2-F0-1 /T0-F0-1 /T3-F2-1 /T1-F2-1 /T2-F3-1 /T3-F1-1 
"
1011697,v#ip#jem#uWgH#xwFaU#XZsCfL#qOydNnV#hDQYlrbKzATGMotRcIEBPSkJ,90.000000,1653.000000,26.000000,0.816667,1,"
minimal: 0 / states: 120 / duration: 0.000140s
history:
/T5-T2-1 /T4-T0-1 /T4-F1-1 /T3-T6-1 /T3-T6-1 /T4-T6-1 /T6-T4-4 /T6-F2-1 /T6-F3-1 /T1-T6-1 
/T0-T3-2 /T2-T0-2 /T2-T4-1 /D:2     /W-T4-1  /D:4     /W-T5-1  /T6-T5-2 /D:1     /W-F1-1  
/D:3     /W-F0-1  /D:2     /W-T3-1  /T5-T3-4 /D:2     /W-F2-1  /T3-F2-1 /T5-T3-1 /D:2     
/W-T5-1  /D:1     /W-F1-1  /D:1     /W-T2-1  /D:2     /W-F0-1  /T3-F0-1 /T3-F1-1 /T4-F0-1 
/T4-F1-1 /W-F0-1  /T4-F0-1 /T5-T4-2 /T6-T5-1 /T6-F3-1 /T6-T4-1 /T5-T6-2 /T4-T5-7 /T3-T4-6 
/T5-F2-1 /T4-F2-1 /T4-F1-1 /T4-F0-1 /T5-T3-3 /T5-F0-1 /T2-F0-1 /W-T4-1  /T3-T1-4 /W-T3-1  
/T5-T0-3 /D:1     /W-F3-1  /D:1     /W-T4-1  /D:1     /W-T6-1  /D:1     /W-F0-1  /R       
/D:2     /W-F3-1  /T1-F3-1 /T1-F2-1 /T1-F1-1 /T4-F3-1 /T4-F2-1 /W-F1-1  /T1-F2-1 /T1-F1-1 
/T2-F1-1 /T6-F1-1 /D:1     /W-T3-1  /T4-T3-4 /D:1     /W-F1-1  /D:1     /W-F0-1  /T0-T6-3 
/T0-F0-1 /T0-F1-1 /D:1     /W-T0-1  /T3-T0-5 /T3-F0-1 /D:1     /W-F3-1  /T0-F3-1 /T0-F2-1 
/T6-F3-1 /T0-F3-1 /T6-F2-1 /T0-F2-1 /T6-F3-1 /T0-F3-1 /T6-F2-1 /T0-F2-1 /T6-F3-1 
"
1011740,M#jP#CSW#DJTw#Vqeif#RvkYLN#BaKdQsO#moEFptnxhIzyUlgcrXHAGZub,155.000000,2481.000000,56.000000,0.557895,1,"
minimal: 0 / states: 125 / duration: 0.000150s
history:
/T5-F3-1 /T6-F3-1 /T1-F3-1 /D:3     /W-T4-1  /D:4     /W-F2-1  /D:3     /W-T1-1  /W-T1-1  
/D:4     /W-T0-1  /D:4     /W-T5-1  /T3-T5-1 /T6-T3-1 /T6-F3-1 /T6-T4-1 /T2-T6-1 /T6-T0-2 
/T6-F1-1 /W-T2-1  /D:2     /W-F0-1  /T6-F0-1 /D:1     /W-T1-1  /T4-T1-3 /T4-T5-1 /T4-T3-1 
/T4-T3-1 /W-T4-1  /T3-T4-4 /W-T4-1  /T4-T3-7 /D:1     /W-T4-1  /T5-T4-4 /D:1     /W-T4-1  
/W-T4-1  /D:1     /W-F1-1  /T3-F1-1 /T1-F1-1 /R       /D:1     /W-T6-1  /D:1     /W-F2-1  
/D:1     /W-T4-1  /D:1     /W-F2-1  /T3-F2-1 /T2-F2-1 /T3-F1-1 /T3-F2-1 /T1-T2-1 /T1-F1-1 
/T2-T1-2 /T2-F0-1 /T4-T3-1 /T4-F1-1 /D:1     /W-F2-1  /T4-F2-1 /D:1     /W-T5-1  /T1-T5-6 
/D:1     /W-T1-1  /T5-T1-8 /T3-T5-5 /T3-F0-1 /T1-F0-1 /T5-F0-1 /D:1     /W-T6-1  /T5-T6-5 
/T5-F2-1 /T5-F3-1 /T1-F3-1 /T1-F0-1 /T1-F1-1 /T6-F3-1 /T6-F0-1 /T4-F1-1 /T1-F0-1 /T1-F1-1 
/T4-F2-1 /T1-F2-1 /T6-T4-2 /T6-F1-1 /T6-F2-1 /T0-T1-2 /T0-F1-1 /T6-F1-1 /T1-T0-3 /T1-F2-1 
/D:1     /W-F3-1  /T4-F3-1 /T0-F3-1 /T4-F0-1 /T0-F0-1 /T4-F3-1 /T0-F3-1 /T4-F0-1 /T0-F0-1 
/T4-F3-1 
"
1011774,D#SZ#MsI#Hznu#qjcTy#ANpvCV#JBXLbwW#hemYFokfPlxtGdEgUriROKaQ,112.000000,2278.000000,44.000000,0.621429,1,"
minimal: 0 / states: 124 / duration: 0.000129s
history:
/T4-T1-1 /T3-T5-1 /T3-F2-1 /T4-T5-1 /T2-T6-1 /T4-T0-1 /T2-T5-1 /D:1     /W-T6-1  /D:1     
/W-T5-1  /T0-T5-2 /T1-T0-2 /D:2     /W-T2-1  /D:2     /W-F2-1  /D:1     /W-T0-1  /D:3     
/W-T3-1  /D:1     /W-T2-1  /T6-T2-3 /T5-T6-7 /T6-T0-8 /T6-T5-1 /D:1     /W-T2-1  /T1-T2-1 
/T3-T1-2 /D:3     /W-T2-1  /W-T2-1  /T5-T2-2 /T5-T4-1 /T5-F2-1 /T5-F3-1 /T5-F0-1 /D:1     
/W-T3-1  /D:1     /W-T4-1  /W-T4-1  /D:4     /W-F3-1  /D:1     /W-T1-1  /T4-T1-4 /T4-F2-1 
/D:1     /W-F1-1  /T2-F1-1 /T0-F1-1 /D:1     /R       /D:1     /W-T4-1  /T6-T4-1 /T6-T4-1 
/T6-F0-1 /T2-F0-1 /T2-F1-1 /T0-F0-1 /T0-F1-1 /T2-F0-1 /T6-T4-1 /D:1     /W-F0-1  /T1-F0-1 
/D:1     /W-F1-1  /T3-F1-1 /T3-F0-1 /T2-T1-2 /T2-F1-1 /T2-F0-1 /T4-F0-1 /D:1     /W-F3-1  
/D:1     /W-F2-1  /T0-F2-1 /D:1     /W-F1-1  /T1-T2-4 /T1-F1-1 /T1-F0-1 /T0-T4-4 /T0-F1-1 
/T1-F1-1 /T4-T0-5 /T4-F0-1 /T4-F1-1 /T2-T1-7 /T2-F0-1 /D:2     /W-F3-1  /W-F3-1  /T1-F3-1 
/T0-F3-1 /T1-F2-1 /T0-F2-1 /T1-F3-1 /T0-F3-1 /T1-F2-1 /T0-F2-1 /T1-F3-1 /T0-F3-1 /T1-F2-1 
/T0-F2-1 /T1-F3-1 /T0-F3-1 /T1-F2-1 
"
1011791,N#fl#QjH#ZIRM#DsydK#czJLFT#kOnbeCU#wEgvYuxStGPmBVorpaWXihqA,112.000000,2383.000000,55.000000,0.561111,1,"
minimal: 0 / states: 129 / duration: 0.000144s
history:
/T0-F3-1 /T5-T2-1 /T4-T1-1 /T5-T2-1 /T3-T0-1 /T3-T2-1 /T6-T3-1 /T6-T4-1 /T1-T0-2 /D:2     
/W-T1-1  /T4-T1-2 /D:7     /W-T3-1  /W-T3-1  /D:7     /W-T3-1  /D:2     /W-F1-1  /D:1     
/W-T0-1  /T3-T0-5 /T5-T3-1 /D:1     /W-T3-1  /T5-T3-1 /D:1     /W-T3-1  /T2-T3-4 /D:2     
/W-T3-1  /D:1     /W-F0-1  /R       /D:3     /W-T2-1  /D:1     /W-T5-1  /D:2     /W-T5-1  
/T2-T5-2 /T2-T0-1 /T5-T2-5 /T5-T3-1 /D:3     /W-T5-1  /T4-T5-1 /T6-T4-1 /T6-F1-1 /T6-F2-1 
/T6-F3-1 /T3-F1-1 /W-F3-1  /T0-F3-1 /T3-T4-1 /T3-F3-1 /T6-T5-1 /D:1     /W-F0-1  /T1-F0-1 
/T1-F1-1 /D:2     /W-F2-1  /D:1     /W-F2-1  /T4-F2-1 /T0-F2-1 /T4-T3-1 /T4-F2-1 /T4-F0-1 
/T1-F0-1 /T0-F3-1 /T3-F1-1 /T1-F1-1 /T0-F2-1 /T3-F0-1 /T3-F3-1 /T0-F3-1 /W-F3-1  /W-F0-1  
/T3-F0-1 /T0-F0-1 /T0-F3-1 /W-F2-1  /W-F1-1  /T2-F2-1 /W-F2-1  /T2-T0-1 /T2-F2-1 /T3-T5-2 
/T3-F3-1 /T2-F3-1 /T5-T3-3 /T5-F2-1 /T2-F2-1 /T3-T5-4 /T3-F3-1 /D:1     /W-F1-1  /T5-F1-1 
/T0-F1-1 /T5-F0-1 /T0-F0-1 /T5-F1-1 /T0-F1-1 /T5-F0-1 /T0-F0-1 /T5-F1-1 
"
1011811,D#Zb#swd#vmHM#VyOzG#ANaBUR#Kpgxfln#WJTcrXFSoChYjELqtkePiQuI,87.500000,1541.000000,37.000000,0.703125,1,"
minimal: 0 / states: 132 / duration: 0.000197s
history:
/T6-F2-1 /T6-T3-1 /T6-T4-1 /T6-T3-1 /T0-T5-1 /T3-T0-3 /T6-T3-1 /T1-T6-1 /T6-T2-2 /D:1     
/W-T0-1  /D:3     /W-T5-1  /D:1     /W-T4-1  /T2-T4-3 /D:2     /W-T3-1  /T5-T3-3 /T4-T5-6 
/D:2     /W-F2-1  /D:3     /W-T4-1  /T6-T4-1 /T4-T6-3 /D:1     /W-T6-1  /D:2     /W-T1-1  
/D:3     /W-T1-1  /T2-T1-1 /D:1     /W-T2-1  /D:2     /W-T1-1  /T3-T1-6 /D:3     /W-T0-1  
/T5-T0-7 /T5-T1-1 /T5-F1-1 /T0-F1-1 /T5-F3-1 /T4-F3-1 /T0-F2-1 /T5-F0-1 /T1-F0-1 /T1-F1-1 
/T3-T5-1 /T4-T5-1 /T0-F1-1 /T2-F1-1 /W-T4-1  /W-T0-1  /W-F3-1  /T0-F3-1 /T3-T6-1 /R       
/D:2     /W-T4-1  /T2-T4-1 /D:1     /W-T5-1  /W-T5-1  /T4-T5-4 /D:2     /W-F0-1  /T1-F0-1 
/T1-F3-1 /W-F3-1  /D:1     /W-T6-1  /D:1     /W-F0-1  /T1-F0-1 /T5-T1-1 /T5-F3-1 /T0-T6-3 
/T0-F3-1 /D:1     /W-F2-1  /T6-F2-1 /T1-F2-1 /T6-F1-1 /T1-F1-1 /T6-F0-1 /T1-F0-1 /T0-F0-1 
/T6-F1-1 /T1-F1-1 /T5-T1-2 /T5-F0-1 /T6-T0-1 /T6-F1-1 /T6-F0-1 /T1-T5-3 /T1-F1-1 /T1-F0-1 
/T0-T6-3 /T0-F1-1 /T0-F0-1 /T5-T1-5 /T5-F1-1 /D:1     /W-F2-1  /T1-F2-1 /T1-F3-1 /T6-F2-1 
/T1-F2-1 /T6-F3-1 /T1-F3-1 /T6-F2-1 /T1-F2-1 /T6-F3-1 /T1-F3-1 /T6-F2-1 
"
1011847,P#XS#ZHi#uBFo#JkgYE#lGspDQ#VhTKCdn#eybwRUArxzNqtmcWjaLOIfMv,104.500000,1194.000000,44.000000,0.642857,1,"
minimal: 0 / states: 126 / duration: 0.000150s
history:
/T6-F2-1 /T3-F2-1 /T5-T4-1 /T4-T1-2 /T0-T5-1 /D:1     /W-T3-1  /T5-T3-2 /T5-F2-1 /D:4     
/W-T5-1  /D:2     /W-F0-1  /D:2     /W-T4-1  /D:1     /W-T0-1  /T4-T0-2 /T3-T4-4 /T3-F0-1 
/T4-T3-5 /T3-T2-6 /D:1     /W-F3-1  /D:1     /W-F2-1  /W-F2-1  /D:2     /W-T3-1  /D:2     
/W-T0-1  /D:2     /W-F1-1  /D:1     /W-T3-1  /T4-T3-1 /T2-T4-7 /T4-T3-8 /D:1     /W-F3-1  
/T3-F3-1 /T1-F3-1 /T6-T1-1 /T6-F0-1 /T3-F0-1 /T5-F3-1 /T5-F2-1 /T1-T5-3 /W-T6-1  /D:1     
/W-T0-1  /D:2     /W-T4-1  /D:1     /W-T6-1  /R       /D:2     /W-F1-1  /D:1     /W-T1-1  
/D:1     /W-T0-1  /T5-T0-4 /T6-T5-3 /T6-T2-1 /T6-T5-1 /T2-T6-2 /W-T2-1  /T1-T2-2 /T5-T4-5 
/T6-T2-3 /D:1     /W-F2-1  /D:1     /W-F1-1  /T0-F1-1 /T0-F0-1 /T0-F3-1 /T3-F1-1 /T3-F0-1 
/T2-F3-1 /T0-F0-1 /T0-F3-1 /T2-F0-1 /T0-F0-1 /T2-F3-1 /T0-F3-1 /T3-T2-3 /T3-F0-1 /T2-T3-4 
/T2-F3-1 /T4-T0-3 /T4-F0-1 /T0-T4-4 /T0-F3-1 /T3-T2-5 /T3-F0-1 /T2-T3-6 /T2-F3-1 /T4-T0-5 
/T4-F0-1 /D:1     /W-F1-1  /T3-F1-1 /T0-F1-1 /T3-F2-1 /T0-F2-1 /T3-F1-1 /T0-F1-1 /T3-F2-1 
/T0-F2-1 /T3-F1-1 /T0-F1-1 /T3-F2-1 /T0-F2-1 /T3-F1-1 
"
1011861,m#LH#cNY#zxfT#luSAM#XdOaso#vyEQPFb#iKkepIVCBntwrGZqjhRDgJWU,104.000000,994.000000,28.000000,0.854839,1,"
minimal: 0 / states: 106 / duration: 0.000118s
history:
/T3-T1-1 /T2-T4-1 /T2-F3-1 /T5-T2-1 /T5-T1-1 /T5-F1-1 /T5-F3-1 /T6-F1-1 /D:2     /W-T4-1  
/D:2     /W-T1-1  /D:1     /W-T5-1  /D:5     /W-F2-1  /T2-F2-1 /T5-F2-1 /T2-F1-1 /T5-F1-1 
/T4-T2-3 /T4-F0-1 /W-F0-1  /W-F0-1  /T1-F1-1 /T3-F1-1 /D:2     /W-T5-1  /D:1     /W-T4-1  
/D:3     /W-F2-1  /T4-F2-1 /T1-F2-1 /T6-T1-1 /T6-F3-1 /T6-F3-1 /T6-T4-1 /T6-T0-1 /T5-T0-2 
/W-T5-1  /D:1     /W-T2-1  /T6-T2-1 /D:1     /W-T2-1  /W-T2-1  /T4-T2-2 /W-F2-1  /T4-F2-1 
/T3-T4-1 /W-T0-1  /T1-T0-3 /T1-T5-1 /T4-T3-2 /D:1     /W-F3-1  /D:1     /W-F0-1  /T2-F0-1 
/T0-F0-1 /T2-F3-1 /T0-F3-1 /T2-F0-1 /T0-F0-1 /W-F0-1  /W-T5-1  /D:1     /W-F1-1  /T2-F1-1 
/W-F1-1  /T2-F2-1 /T2-F1-1 /T5-F1-1 /D:1     /W-F0-1  /T2-F0-1 /T5-F0-1 /T3-T2-1 /T3-F1-1 
/T0-T5-4 /T0-F1-1 /T2-T3-2 /T2-F0-1 /D:1     /W-T3-1  /D:1     /W-F3-1  /T5-F3-1 /T3-F3-1 
/T5-F2-1 /T3-F2-1 /T5-F3-1 /T3-F3-1 /T5-F2-1 /T3-F2-1 /T5-F3-1 
"
1011874,K#ew#xpS#uGnN#hmjIP#iOWdUq#QlJDFAy#RgvVZtoYrXkBHsLTMafCzcbE,107.500000,1738.000000,48.000000,0.601124,1,"
minimal: 0 / states: 118 / duration: 0.000147s
history:
/T3-F3-1 /T3-F2-1 /T4-T5-1 /T2-T3-1 /D:4     /W-T1-1  /D:3     /W-F2-1  /T2-F2-1 /D:2     
/W-T3-1  /D:1     /W-T6-1  /T1-T6-2 /T5-T1-2 /T5-T4-1 /T5-T3-1 /T4-T5-2 /T4-T0-1 /T6-T4-4 
/T6-F0-1 /T5-T2-3 /T5-F3-1 /T3-T2-4 /T1-T6-3 /T4-T1-5 /T6-F3-1 /T6-F2-1 /T3-T1-1 /D:2     
/W-F0-1  /D:1     /W-T5-1  /D:3     /W-T1-1  /T6-T1-2 /T6-T1-1 /T5-T6-2 /D:1     /W-T3-1  
/D:1     /W-F1-1  /D:2     /W-F0-1  /T1-F0-1 /D:1     /W-T5-1  /D:2     /W-F1-1  /W-F1-1  
/T2-F1-1 /T1-F1-1 /T2-F2-1 /W-F1-1  /D:1     /W-F0-1  /T1-F0-1 /R       /D:2     /W-F1-1  
/T4-F1-1 /D:1     /W-T0-1  /D:1     /W-T4-1  /D:2     /W-T3-1  /T0-T3-3 /D:2     /W-F2-1  
/D:1     /W-T4-1  /W-T4-1  /T6-T4-3 /T6-T5-1 /T6-F3-1 /W-F2-1  /W-F3-1  /T2-F3-1 /T1-F3-1 
/T1-F2-1 /T2-F0-1 /T2-F3-1 /T3-F2-1 /T4-F0-1 /T1-F3-1 /T2-F0-1 /T2-F3-1 /T4-F1-1 /T1-F2-1 
/T3-F1-1 /T2-F2-1 /T4-F0-1 /T1-F3-1 /T3-F0-1 /T3-F3-1 /T4-F1-1 /T1-F2-1 /T4-F0-1 /T4-F3-1 
/T5-F1-1 /T1-F1-1 /T3-F0-1 /T5-F2-1 
"
1011968,Q#rv#niO#pJgD#LbPMI#VtRUKA#dsSqcfx#kWEomwNujBHCXZhTelaYzGFy,112.000000,1431.000000,39.000000,0.683824,1,"
minimal: 0 / states: 120 / duration: 0.000137s
history:
/T5-F0-1 /D:2     /W-T5-1  /T4-T5-1 /D:5     /W-F3-1  /T2-F3-1 /D:1     /W-T2-1  /D:1     
/W-T6-1  /T1-T6-1 /T0-T1-1 /T4-T0-1 /T4-F3-1 /T1-F3-1 /D:1     /W-F0-1  /D:2     /W-F0-1  
/T3-F0-1 /T3-T2-1 /T2-T3-3 /T2-F2-1 /D:2     /W-T2-1  /D:1     /W-T5-1  /D:3     /W-T0-1  
/T6-T0-3 /T1-T6-1 /D:1     /W-F1-1  /T4-F1-1 /T4-T2-1 /D:2     /W-T1-1  /W-T1-1  /T5-T1-4 
/T5-T0-1 /T5-F3-1 /T6-T5-2 /T6-F1-1 /T5-T0-3 /D:1     /W-T1-1  /D:1     /W-T3-1  /W-T3-1  
/T6-T3-1 /T6-F3-1 /W-F3-1  /W-T2-1  /T3-T2-7 /W-T5-1  /F3-T5-1 /T6-T5-1 /T6-F1-1 /D:1     
/R       /D:2     /W-F0-1  /T2-T5-2 /T2-F0-1 /T1-F0-1 /T5-T2-3 /T5-F3-1 /T5-F0-1 /T0-T1-3 
/T0-F3-1 /T5-F3-1 /T1-T0-4 /T1-F0-1 /T1-F3-1 /D:1     /W-F2-1  /T3-F2-1 /T2-F2-1 /T0-F2-1 
/T2-F1-1 /T0-F1-1 /T2-F2-1 /T0-F2-1 /T2-F1-1 /T0-F1-1 /T2-F2-1 /T0-F2-1 /T2-F1-1 /T0-F1-1 
/T2-F0-1 /T1-F0-1 /T2-F3-1 /T1-F3-1 /T2-F0-1 /T2-F3-1 /W-F1-1  /T0-T1-2 /T0-F0-1 /D:1     
/W-T0-1  /D:1     /W-F2-1  /T1-F2-1 /T1-F1-1 /T0-F1-1 /D:1     /W-F2-1  /T1-F2-1 
"
1011976,v#OA#NnB#tMLm#XJySV#ITDajo#gEGUxze#FKHZuqpdhYRQicwslrCkbPfW,138.000000,2788.000000,54.000000,0.665094,1,"
minimal: 0 / states: 120 / duration: 0.000145s
history:
/T1-F0-1 /T2-F0-1 /T2-F2-1 /T2-F3-1 /T1-F3-1 /T5-F2-1 /T3-T1-1 /T3-T1-1 /T3-T2-1 /T0-T5-1 
/D:3     /W-T4-1  /D:1     /W-T0-1  /D:2     /W-T6-1  /D:1     /W-F2-1  /T6-F2-1 /D:2     
/W-T5-1  /T3-T5-1 /D:1     /W-T2-1  /D:8     /W-F2-1  /D:1     /W-F0-1  /D:1     /W-T1-1  
/D:2     /W-F3-1  /D:1     /W-T5-1  /D:1     /R       /D:2     /W-T2-1  /T5-T2-5 /T5-F1-1 
/T5-F0-1 /T5-T4-1 /W-T4-1  /T6-T4-1 /T6-T3-1 /D:4     /W-F3-1  /W-F3-1  /D:3     /W-T1-1  
/T4-T1-5 /T4-F3-1 /T4-T0-1 /D:1     /W-F2-1  /D:1     /W-T3-1  /T6-T3-1 /T6-T5-1 /T6-T5-1 
/T6-F0-1 /T1-T6-2 /T1-F3-1 /T2-T5-1 /T2-F2-1 /T5-T2-2 /T5-F3-1 /T6-T1-3 /D:1     /W-F1-1  
/W-F1-1  /W-T4-1  /W-F1-1  /T1-F1-1 /T1-F0-1 /T2-F1-1 /T1-F1-1 /T2-F0-1 /T1-F0-1 /T2-F1-1 
/T5-F0-1 /W-F2-1  /T1-F3-1 /T2-F2-1 /T4-F1-1 /T1-F2-1 /T2-F1-1 /T4-F0-1 /T1-F1-1 /T2-F0-1 
/T1-F0-1 /T3-F2-1 /T3-F1-1 /T0-F2-1 /T1-F1-1 /T3-F2-1 /D:1     /W-F3-1  /T4-F3-1 /T2-F3-1 
/T0-F3-1 /T2-F0-1 
"
1011986,e#Dt#Eyu#isHU#qOYFQ#hpIcPo#WlMCzfn#aRgrVSJGvAkTdNjZXwxBmKLb,137.000000,2322.000000,51.000000,0.558511,1,"
minimal: 0 / states: 123 / duration: 0.000157s
history:
/T6-F2-1 /T5-F2-1 /T6-T1-1 /T1-T3-2 /T5-T1-1 /T1-T0-2 /T6-T1-1 /T6-T4-1 /D:1     /W-F1-1  
/D:2     /W-T2-1  /D:1     /W-T3-1  /T4-T3-2 /T4-T2-1 /T4-T1-1 /T4-T3-1 /T5-T4-1 /T3-T5-7 
/T0-T2-3 /T6-T0-1 /T6-T0-1 /T5-T6-8 /T5-F2-1 /D:4     /W-T5-1  /D:2     /W-F0-1  /D:2     
/W-T3-1  /D:2     /W-F3-1  /T6-F3-1 /T2-F3-1 /T4-T2-1 /T4-F2-1 /D:2     /W-T4-1  /D:3     
/W-T0-1  /T6-T0-8 /D:1     /W-F0-1  /T0-F0-1 /T0-F3-1 /T0-F2-1 /D:1     /W-T6-1  /D:1     
/W-T1-1  /D:1     /W-T4-1  /D:1     /W-F1-1  /T2-F1-1 /T2-F0-1 /R       /D:1     /W-F3-1  
/D:2     /W-F3-1  /T3-F3-1 /D:3     /W-T4-1  /D:1     /W-F1-1  /T2-F1-1 /T0-F1-1 /D:1     
/W-T1-1  /W-T1-1  /W-T4-1  /W-T4-1  /T2-T4-3 /T2-T6-1 /T2-F0-1 /T4-F0-1 /T5-F0-1 /T3-F0-1 
/T3-F2-1 /T0-F2-1 /T0-F3-1 /T4-F1-1 /T4-F2-1 /T4-F3-1 /T5-F1-1 /T0-F0-1 /T1-F2-1 /T0-F3-1 
/T3-F1-1 /T1-F1-1 /T4-F0-1 /T1-F0-1 /T4-F1-1 /T4-F0-1 /T0-T1-1 /T0-F1-1 /T0-F0-1 /T6-T4-1 
/T6-F1-1 /D:1     /W-F3-1  /D:1     /W-F2-1  /T1-F2-1 /T1-F3-1 /T4-F2-1 /T1-F2-1 /T4-F3-1 
"
1020033,T#Yl#OKX#GrhI#EDwLy#WaneVJ#coHuzmv#jfgUSkMQbtPFCxdApqZsNBRi,106.000000,1836.000000,39.000000,0.651515,1,"
minimal: 0 / states: 133 / duration: 0.000144s
history:
/T5-T2-1 /T5-T2-1 /T2-T4-3 /T2-T1-1 /D:1     /W-T1-1  /T6-T1-1 /T4-T6-4 /D:3     /W-T1-1  
/D:2     /W-T4-1  /D:4     /W-T1-1  /D:2     /W-T0-1  /T5-T0-1 /T5-F2-1 /T5-F1-1 /T3-T5-1 
/T3-T5-1 /D:3     /W-T3-1  /D:1     /W-F0-1  /D:1     /W-T3-1  /T2-T3-1 /T6-T2-5 /T1-T6-6 
/W-T1-1  /T5-T1-3 /T6-T5-7 /T6-T2-1 /T0-T2-3 /D:1     /W-T2-1  /D:1     /W-T0-1  /T4-T0-2 
/T4-T0-1 /D:2     /W-F3-1  /T3-F3-1 /D:1     /W-F0-1  /D:2     /W-T0-1  /T6-T0-1 /T6-F2-1 
/T3-F2-1 /T2-F2-1 /T4-T2-1 /T3-T4-1 /T3-F2-1 /T3-T1-1 /T6-T2-1 /R       /D:1     /W-T1-1  
/T4-T1-2 /D:1     /W-T0-1  /D:1     /W-T5-1  /D:1     /W-T3-1  /T1-T3-9 /D:2     /W-F1-1  
/T2-F1-1 /T3-F1-1 /W-T3-1  /D:1     /W-F3-1  /T3-F3-1 /D:1     /W-F0-1  /T2-F0-1 /T2-F1-1 
/T3-F0-1 /T3-F1-1 /T0-F1-1 /T2-F0-1 /T3-F0-1 /T0-F0-1 /T3-F1-1 /T0-F1-1 /T3-F0-1 /T2-T0-3 
/T2-F0-1 /T5-T3-4 /T5-F1-1 /T5-F0-1 /T0-T2-4 /T0-F1-1 /T0-F0-1 /T5-F1-1 /T2-T0-6 /T2-F1-1 
/T3-T5-7 /T3-F0-1 /D:1     /W-F2-1  /D:1     /W-F3-1  /T5-F3-1 /T0-F3-1 /T5-F2-1 /T0-F2-1 
/T5-F3-1 /T0-F3-1 /T5-F2-1 /T0-F2-1 /T5-F3-1 /T0-F3-1 /T5-F2-1 /T0-F2-1 /T5-F3-1 /T0-F3-1 
/T5-F2-1 
"
1020035,G#ve#QLs#WMbn#Hkgqi#fEPAKu#UJrYSFZ#RyTzVdxNDOwhcjXotBpaCmIl,137.500000,1535.000000,51.000000,0.575000,1,"
minimal: 0 / states: 123 / duration: 0.000149s
history:
/T3-F2-1 /T5-T4-1 /T1-T2-1 /D:2     /W-T6-1  /D:1     /W-T4-1  /T2-T4-2 /D:5     /W-F3-1  
/D:1     /W-T4-1  /D:1     /W-F3-1  /D:2     /W-T1-1  /T0-T1-1 /T6-T0-2 /D:1     /W-T4-1  
/D:1     /W-T5-1  /T1-T5-3 /D:1     /W-T0-1  /W-T0-1  /T4-T0-7 /D:1     /W-F2-1  /D:2     
/W-T0-1  /D:1     /W-F2-1  /T4-F2-1 /T6-T4-1 /T6-T5-1 /T5-T6-6 /T5-F0-1 /T0-F0-1 /T5-F3-1 
/T5-T6-1 /D:1     /W-F1-1  /T3-F1-1 /T0-F1-1 /T6-T3-8 /T6-F2-1 /T3-T1-9 /T0-T4-2 /T0-F2-1 
/W-F2-1  /D:1     /W-F0-1  /T4-F0-1 /T1-F0-1 /D:2     /W-T3-1  /D:1     /R       /D:3     
/W-T6-1  /D:1     /W-F1-1  /T4-F1-1 /T5-F1-1 /T4-T0-1 /T4-F1-1 /T4-T2-1 /T6-T2-2 /T0-F0-1 
/T0-T4-1 /T0-F2-1 /T1-T3-3 /T1-F2-1 /T3-T6-2 /T3-F1-1 /T0-F1-1 /T0-F2-1 /T1-F1-1 /T2-T0-2 
/T2-F1-1 /W-T5-1  /T3-T1-2 /T4-T0-2 /T6-T1-3 /D:1     /W-F2-1  /T0-T2-5 /T0-F2-1 /T2-T0-6 
/T2-F3-1 /W-F3-1  /T1-F3-1 /T0-F3-1 /T1-F0-1 /T0-F0-1 /T1-F3-1 /T0-F3-1 /T1-F0-1 /T0-F0-1 
/T1-F3-1 /T0-F3-1 /T1-F0-1 /T0-F0-1 /T1-F3-1 /T0-F3-1 /T1-F0-1 /T5-F2-1 /D:1     /W-T0-1  
/D:1     /W-F1-1  /T0-F1-1 
"
1020055,p#aN#BEb#usTi#mygeA#qdvGFM#OZchzwD#CLPlXoxIVQrkRYHWUtjJKSnf,77.500000,1711.000000,39.000000,0.692308,1,"
minimal: 0 / states: 122 / duration: 0.000149s
history:
/T1-F3-1  /T1-F1-1  /T2-F1-1  /T4-F0-1  /T6-T4-1  /T5-T1-1  /T3-T6-1  /T5-T3-1  /T4-T3-2  /D:3      
/W-T3-1   /D:1      /W-T1-1   /D:2      /W-T3-1   /D:1      /W-T1-1   /D:3      /W-T2-1   /T0-T2-1  
/D:5      /W-T6-1   /T3-T6-6  /T3-T4-1  /T4-T3-2  /D:1      /W-T1-1   /D:6      /W-T5-1   /T2-T5-3  
/T2-F0-1  /D:1      /W-F2-1   /T6-F2-1  /T5-F2-1  /D:1      /R        /D:1      /W-F0-1   /D:2      
/W-T4-1   /T6-T4-8  /T6-T0-1  /T5-T6-4  /T6-T5-5  /T6-F1-1  /T5-T1-6  /T5-F1-1  /T4-T6-10 /T6-T2-11 
/T6-F3-1  /T2-F3-1  /T1-F3-1  /T2-F0-1  /T1-F0-1  /T5-F2-1  /T2-F1-1  /T2-F0-1  /W-T4-1   /D:3      
/W-F2-1   /T3-F2-1  /D:1      /W-T4-1   /D:1      /W-F3-1   /T1-F3-1  /T2-F3-1  /T1-F0-1  /T2-F0-1  
/T3-T2-2  /D:1      /W-T0-1   /D:1      /W-F3-1   /W-F3-1   /W-F0-1   /D:1      /W-F2-1   /D:2      
/W-F0-1   /D:1      /W-F0-1   /D:1      /W-F1-1   /T2-F1-1  /T1-F1-1  /T2-F2-1  /T1-F2-1  /T1-F3-1  
/T2-F1-1  /T2-F2-1  /T2-F3-1  /W-F1-1   /T1-F2-1  /T0-F3-1  /T4-F1-1  /T1-F1-1  /T2-F2-1  /T0-F2-1  
/T4-F0-1  /T1-F0-1  /T2-F3-1  /T4-F1-1  
"
1020066,a#CM#shS#UJVA#iWvET#jIzPBu#KHYfptL#FrcynwmgRbNZQqXlOGdDekox,123.500000,1740.000000,46.000000,0.613636,1,"
minimal: 0 / states: 123 / duration: 0.000151s
history:
/T0-F1-1 /T3-F0-1 /T5-T3-1 /T5-F0-1 /T4-T3-1 /T4-T2-1 /T1-T0-1 /T1-F0-1 /D:1     /W-T3-1  
/D:4     /W-F2-1  /D:2     /W-T1-1  /T6-T1-1 /T2-T6-2 /T6-T2-3 /T2-T4-4 /D:2     /W-T2-1  
/D:1     /W-F1-1  /D:1     /W-F3-1  /D:2     /W-T4-1  /T6-T4-1 /D:1     /W-T2-1  /T5-T2-1 
/D:1     /W-T1-1  /D:1     /W-T0-1  /D:1     /W-F3-1  /T2-F3-1 /D:3     /W-F0-1  /D:1     
/W-T3-1  /D:2     /W-F2-1  /T4-F2-1 /T4-F3-1 /T2-F2-1 /T2-F3-1 /T4-F0-1 /T4-F3-1 /T6-T4-1 
/T6-T5-1 /T3-T2-1 /T3-F0-1 /T2-T3-2 /T5-T2-2 /D:1     /W-T0-1  /R       /D:1     /W-F2-1  
/D:1     /W-F1-1  /D:2     /W-T1-1  /T3-T1-5 /D:1     /W-T6-1  /T1-T6-2 /T1-F3-1 /D:2     
/W-F0-1  /T6-T1-3 /T6-F0-1 /T5-F0-1 /T3-F0-1 /T4-T5-4 /T4-T0-1 /T3-F3-1 /T6-F0-1 /T1-T4-4 
/T1-F3-1 /T0-F3-1 /W-T3-1  /W-T3-1  /T1-T3-2 /T1-F0-1 /T4-T3-5 /T5-T0-5 /D:1     /W-F1-1  
/T3-F1-1 /T0-F1-1 /T3-F2-1 /T0-F2-1 /T3-F1-1 /T0-F1-1 /T3-F2-1 /T0-F2-1 /T3-F1-1 /T0-F1-1 
/T3-F2-1 /T0-F2-1 /T3-F3-1 /T2-F3-1 /T3-F2-1 /T3-F3-1 /T2-F2-1 /D:1     /W-F1-1  /T0-F1-1 
/T0-F0-1 /T1-F1-1 
"
1020071,o#HL#OkD#SZuM#Bxyse#iPGbpA#RfChlcj#FTKUYtEQnJdgaNvIwzqWrmVX,157.500000,1730.000000,45.000000,0.594059,1,"
minimal: 0 / states: 115 / duration: 0.000131s
history:
/T5-F0-1 /T2-T4-1 /T2-T1-1 /T2-T5-1 /T3-T2-1 /D:2     /W-T3-1  /W-T3-1  /T4-T3-2 /D:3     
/W-T2-1  /D:4     /W-F2-1  /T0-F2-1 /D:1     /W-T1-1  /D:3     /W-F1-1  /D:1     /W-F3-1  
/T5-F3-1 /T5-F2-1 /T5-F1-1 /D:1     /W-T6-1  /D:3     /W-T0-1  /D:1     /W-F2-1  /D:2     
/W-F2-1  /T4-F2-1 /D:2     /W-T1-1  /T3-T1-5 /T4-T3-1 /T6-T4-2 /T6-F1-1 /T6-T0-1 /T6-T4-1 
/T5-T4-1 /T5-F3-1 /T4-T0-5 /T4-F0-1 /T6-F0-1 /T1-F0-1 /T3-T4-2 /T6-T0-1 /D:1     /W-T4-1  
/R       /D:1     /W-T2-1  /D:2     /W-F2-1  /D:1     /W-F0-1  /D:1     /W-F3-1  /T6-F3-1 
/T3-F3-1 /D:1     /W-F1-1  /T1-F1-1 /T0-F1-1 /T1-F0-1 /T0-F0-1 /T1-F3-1 /W-F3-1  /T1-F2-1 
/T1-F3-1 /T5-T1-1 /D:1     /W-F1-1  /T0-F1-1 /T0-F2-1 /T1-F1-1 /T0-F1-1 /T1-T4-1 /T1-F1-1 
/D:2     /W-F2-1  /T0-F2-1 /T0-F1-1 /T4-T1-2 /T4-F2-1 /T1-T4-3 /T1-F0-1 /W-F0-1  /T4-F0-1 
/T0-F2-1 /T2-F0-1 /D:1     /W-F3-1  /T4-F3-1 /T2-F3-1 /T4-F0-1 /T2-F0-1 /T4-F3-1 /D:1     
/W-F1-1  
"
1020080,z#HF#yfh#nDAv#NTgok#espixc#GKlOCRj#BbqwdtuIrXVMZmWJEaUSYPLQ,134.000000,3087.000000,52.000000,0.578313,1,"
minimal: 0 / states: 128 / duration: 0.000144s
history:
/T3-T6-1  /T3-F0-1  /T5-T3-1  /T6-T5-2  /T6-T1-1  /T2-T5-1  /T3-T1-2  /T3-F2-1  /D:1      /W-F0-1   
/T6-F0-1  /D:3      /W-T4-1   /D:2      /W-T5-1   /T2-T5-1  /T4-T2-2  /T4-F2-1  /T1-T4-4  /T4-T1-5  
/D:3      /W-T5-1   /D:2      /W-T2-1   /T1-T2-6  /D:1      /W-T1-1   /D:1      /W-T3-1   /T2-T3-10 
/D:1      /W-T2-1   /D:4      /W-F1-1   /D:3      /W-T0-1   /T5-T0-7  /D:2      /W-T2-1   /D:1      
/W-T0-1   /F0-T0-1  /T6-T0-1  /T6-T1-1  /T6-T1-1  /R        /D:1      /W-F1-1   /T3-F1-1  /D:2      
/W-F1-1   /D:1      /W-T5-1   /T4-T5-1  /T4-F3-1  /T0-F3-1  /T0-F0-1  /T3-F0-1  /W-T3-1   /D:2      
/W-T2-1   /D:1      /W-T1-1   /W-T1-1   /D:1      /W-T2-1   /T5-T2-3  /T5-F2-1  /T5-T2-1  /T3-F2-1  
/T5-F1-1  /D:1      /W-F0-1   /T3-T2-1  /T3-F0-1  /T6-F0-1  /D:1      /W-T1-1   /D:2      /W-F3-1   
/T0-F3-1  /T0-F2-1  /T0-F1-1  /T2-F3-1  /T2-F2-1  /T3-F1-1  /W-F3-1   /T0-F2-1  /T0-F1-1  /T2-F3-1  
/T1-F3-1  /T2-F2-1  /T0-F2-1  /T3-F0-1  /T1-F0-1  /T2-F1-1  /T0-F1-1  /T3-F3-1  /T1-F3-1  /T2-F0-1  
/T1-F0-1  /T3-F2-1  /T0-F2-1  /T2-F3-1  /T0-F3-1  /T3-F1-1  /T1-F1-1  /T2-F0-1  /T1-F0-1  /T3-F2-1  
/T0-F2-1  /T2-F1-1  /T3-F3-1  
"
1020166,o#Lw#zZr#vqSf#KmkxD#tIdRHQ#eBjFYVc#uiMpJOynbNTEXWAhGPlCasUg,72.000000,796.000000,26.000000,0.758621,1,"
minimal: 0 / states: 129 / duration: 0.000140s
history:
/T6-T4-1 /T5-T2-1 /T6-T1-1 /T5-T1-1 /T4-T5-2 /T4-T6-1 /T2-T3-2 /T1-T4-3 /T4-T1-4 /T0-T5-1 
/T2-T0-1 /T6-T2-2 /T5-T6-4 /T1-T0-5 /T4-T1-1 /D:4     /W-T3-1  /D:2     /W-T3-1  /D:1     
/W-T1-1  /D:1     /W-F2-1  /T6-F2-1 /D:2     /W-F3-1  /T3-F3-1 /T3-F2-1 /D:1     /W-T0-1  
/T6-T0-4 /T6-T2-1 /T6-T0-1 /D:2     /W-T1-1  /D:1     /W-T4-1  /D:1     /W-F0-1  /T0-F0-1 
/D:3     /W-F3-1  /T3-F3-1 /T5-T3-1 /T5-T2-1 /T3-T5-3 /T0-T6-2 /T0-F3-1 /T3-F3-1 /T3-F2-1 
/T3-T4-1 /T6-T0-3 /D:2     /W-F0-1  /D:1     /W-F1-1  /D:2     /W-T2-1  /T5-T2-4 /D:1     
/R       /D:3     /W-T3-1  /D:1     /W-T1-1  /W-T1-1  /W-T1-1  /D:1     /W-F1-1  /T0-F1-1 
/T0-F0-1 /T2-F1-1 /T0-F1-1 /T2-F2-1 /T2-F1-1 /D:1     /W-F0-1  /T0-F0-1 /T0-F3-1 /D:1     
/W-T4-1  /T2-T4-1 /T2-F3-1 /D:1     /W-F0-1  /T0-F0-1 /T0-F3-1 /T2-F0-1 /T1-T0-2 /T1-F0-1 
/T4-T2-3 /T4-F3-1 /T1-F3-1 /T4-F0-1 /T0-T1-4 /T0-F0-1 /T3-F0-1 /D:2     /W-F2-1  /T2-F2-1 
/T1-F2-1 /D:1     /W-F1-1  /T2-F1-1 /T1-F1-1 /T2-F2-1 /T1-F2-1 /T2-F1-1 /T1-F1-1 /T2-F2-1 
/T1-F2-1 /T2-F3-1 /T0-F3-1 /W-F1-1  /T1-F1-1 /T2-F2-1 
"
1020175,m#DK#xlA#aBFN#fXWYG#purkEC#JPMqQdg#ZevURswnSitLhbozycIHTVjO,88.500000,945.000000,27.000000,0.833333,1,"
minimal: 0 / states: 116 / duration: 0.000132s
history:
/T2-F0-1 /T3-F3-1 /T3-T6-1 /T3-F0-1 /T3-F1-1 /T5-F0-1 /T1-T2-1 /T1-F0-1 /T5-F0-1 /T6-F0-1 
/T4-F0-1 /D:1     /W-T1-1  /D:5     /W-T6-1  /W-T6-1  /D:1     /W-T5-1  /D:1     /W-F2-1  
/D:2     /W-T5-1  /D:2     /W-T0-1  /T5-T0-3 /D:2     /W-F1-1  /D:1     /W-F2-1  /D:1     
/W-T3-1  /T4-T3-1 /T4-T2-1 /D:1     /W-T1-1  /T4-T1-1 /T5-T4-1 /T6-T5-3 /T6-T4-1 /T5-T0-4 
/T5-F2-1 /D:1     /W-F1-1  /T4-F1-1 /T6-T4-1 /T6-F2-1 /T6-T5-1 /T2-T5-3 /F2-T0-1 /T6-T0-1 
/T2-T3-1 /T6-T1-1 /D:1     /W-T5-1  /W-T5-1  /W-T5-1  /W-T5-1  /D:1     /W-F0-1  /D:2     
/W-T1-1  /D:1     /W-T3-1  /D:1     /W-F3-1  /T0-F3-1 /T0-F2-1 /T4-F3-1 /T0-F3-1 /T4-F2-1 
/T5-F3-1 /T0-F2-1 /W-F3-1  /T5-F2-1 /W-F3-1  /T1-F3-1 /T5-T3-2 /T5-F3-1 /R       /D:1     
/W-F1-1  /T4-F1-1 /T0-F1-1 /T0-F2-1 /T3-F1-1 /T0-F1-1 /T3-F0-1 /T1-F0-1 /T1-F3-1 /T3-F1-1 
/T5-F0-1 /T0-T1-2 /T0-F0-1 /T3-T5-1 /T3-F3-1 /T1-T0-3 /T1-F3-1 /T5-T3-2 /T5-F0-1 /D:1     
/W-F2-1  /T0-F2-1 /T0-F1-1 /T3-F2-1 /T0-F2-1 /T3-F1-1 /T0-F1-1 /T3-F2-1 
"
1020205,T#Bw#jRe#taIi#KWFkL#rpAyfz#SqoUHYZ#QbhOnPJgmGDNcMsxludXECVv,105.000000,1790.000000,42.000000,0.633333,1,"
minimal: 0 / states: 126 / duration: 0.000135s
history:
/T4-T6-1 /T3-T1-1 /T4-T6-1 /T2-T4-1 /T4-T0-2 /T3-T4-1 /T3-F1-1 /T1-T6-2 /D:2     /W-F1-1  
/D:1     /W-T4-1  /T3-T4-1 /T6-T3-5 /T6-T5-1 /T6-T3-1 /T0-T3-3 /T5-T0-2 /T5-T4-1 /D:2     
/W-F2-1  /D:5     /W-T6-1  /D:1     /W-T2-1  /D:1     /W-F3-1  /D:1     /W-F1-1  /D:3     
/W-T0-1  /T4-T0-5 /D:3     /W-F1-1  /T3-F1-1 /T2-T3-2 /T0-F1-1 /T2-T4-1 /D:1     /W-T5-1  
/D:4     /W-T4-1  /T6-T4-2 /T6-F2-1 /R       /D:2     /W-F3-1  /D:1     /W-F3-1  /W-F3-1  
/D:1     /W-T5-1  /D:1     /W-F1-1  /D:1     /W-T2-1  /T5-T2-3 /T5-F0-1 /T1-F0-1 /T5-F2-1 
/T6-F2-1 /T5-F2-1 /T6-T0-1 /D:1     /W-T1-1  /D:1     /W-F2-1  /T0-T4-1 /T0-F2-1 /T0-F1-1 
/D:1     /W-T1-1  /T4-T1-6 /D:1     /W-F2-1  /T1-T0-3 /T1-F2-1 /T3-T2-6 /T3-F2-1 /D:1     
/W-T0-1  /D:1     /W-F0-1  /T2-F0-1 /T0-F0-1 /T2-F3-1 /T0-F3-1 /T2-F0-1 /T0-F0-1 /T2-F3-1 
/T0-F3-1 /T2-F0-1 /T0-F0-1 /T2-F1-1 /T1-F1-1 /T2-F0-1 /T3-F1-1 /T1-F0-1 /T1-F1-1 /T3-F0-1 
/T1-F0-1 /T2-T3-2 /T2-F1-1 /D:1     /W-F3-1  /T0-F3-1 /T0-F2-1 /T3-F3-1 /T0-F3-1 /T3-F2-1 
/T0-F2-1 /T3-F3-1 
"
1020223,C#NQ#XsB#UEhf#GRitY#glKSHz#eIxnMOv#baucTPqmDJAjdwoFyWkpVrLZ,83.000000,459.000000,32.000000,0.784615,1,"
minimal: 0 / states: 112 / duration: 0.000125s
history:
/T4-T5-1 /T3-T4-1 /T4-T3-2 /T3-T6-3 /T1-T3-1 /T1-F3-1 /T5-T1-2 /T5-T4-1 /T3-T5-2 /T0-T5-1 
/D:1     /W-T5-1  /D:1     /W-F1-1  /T5-F1-1 /D:2     /W-F1-1  /D:1     /W-T4-1  /D:3     
/W-T0-1  /D:3     /W-F0-1  /T2-F0-1 /T2-T4-1 /W-T2-1  /T4-T2-4 /T4-T2-1 /T5-T4-4 /T5-T1-1 
/T4-F0-1 /W-F0-1  /W-T2-1  /W-T2-1  /T4-T3-4 /D:1     /W-T1-1  /T6-T1-4 /T6-F3-1 /T6-T4-1 
/T6-F2-1 /T6-T5-1 /T5-T4-2 /T2-F3-1 /T3-F3-1 /T3-F0-1 /T3-T6-3 /D:1     /W-F1-1  /D:2     
/W-F2-1  /D:1     /W-F0-1  /D:1     /W-T0-1  /T2-T0-8 /D:1     /W-T4-1  /T6-T4-4 /T6-F1-1 
/T1-F1-1 /T5-F1-1 /T4-T1-1 /T4-F0-1 /T1-T4-2 /T1-F1-1 /D:2     /W-F2-1  /T0-F2-1 /T0-F3-1 
/T4-F3-1 /D:2     /W-F2-1  /T0-F2-1 /T0-F3-1 /T0-F0-1 /T4-F2-1 /T4-F3-1 /T4-F0-1 /T0-F1-1 
/T0-F0-1 /W-F3-1  /T4-F3-1 /T0-F3-1 /T1-T4-2 /T1-F0-1 /T1-F3-1 /W-T0-1  /W-T0-1  /W-F2-1  
/T4-F2-1 /T0-F2-1 /T4-F1-1 /T0-F1-1 /T4-F2-1 /T0-F2-1 /T4-F1-1 /T1-F2-1 /T0-F1-1 /D:1     
/W-F0-1  /T4-F0-1 /D:1     /W-F3-1  
"
1020261,Z#tR#Xea#OvNd#uIjMo#CzcFKn#xVhEpwq#JSrBTPGbQfWgmLlsUAiHykYD,100.000000,2485.000000,42.000000,0.691781,1,"
minimal: 0 / states: 120 / duration: 0.000147s
history:
/T2-F1-1 /T5-F2-1 /T4-F2-1 /T6-T1-1 /D:6     /W-T1-1  /D:2     /W-F1-1  /D:3     /W-T5-1  
/D:3     /W-T0-1  /D:1     /W-T4-1  /T5-T4-2 /T1-T5-3 /D:3     /W-F0-1  /D:1     /W-T6-1  
/D:1     /W-T6-1  /D:2     /W-T0-1  /T6-T0-3 /T6-F2-1 /T3-T6-1 /T3-F3-1 /T3-T4-1 /T3-F3-1 
/T4-T3-5 /T5-F3-1 /T5-F2-1 /D:2     /W-T2-1  /R       /D:2     /W-T1-1  /T6-T1-2 /T6-T3-1 
/T1-T3-4 /D:1     /W-F2-1  /D:1     /W-F0-1  /D:1     /W-T0-1  /T5-T0-2 /T5-F1-1 /T5-T1-1 
/T5-F0-1 /T2-F0-1 /T3-F1-1 /T2-F1-1 /W-T2-1  /T6-T2-1 /T4-T6-1 /T4-T6-1 /T3-F0-1 /T4-T2-1 
/D:2     /W-F3-1  /T0-F3-1 /T0-F0-1 /T3-F3-1 /T0-F3-1 /W-F0-1  /T0-F0-1 /T6-F0-1 /D:1     
/W-F1-1  /D:1     /W-F1-1  /D:1     /W-T4-1  /D:1     /W-F2-1  /T3-F2-1 /T2-F2-1 /T3-F1-1 
/T0-F1-1 /T3-F2-1 /T6-F1-1 /T0-F2-1 /T0-F1-1 /T6-F2-1 /T2-T0-3 /D:1     /W-F3-1  /T0-F3-1 
/T0-F0-1 /T3-F3-1 /T0-F3-1 /T3-F0-1 /T0-F0-1 /T3-F1-1 /T3-F0-1 /T4-F1-1 /D:1     /W-F2-1  
/T1-F2-1 /D:1     /W-F3-1  /T0-F3-1 
"
1020279,J#EI#wXW#bYTQ#kDjLr#ouRsNi#HmSxCtn#UqvyKzcZegFVBhGpPldAfOMa,105.500000,1268.000000,46.000000,0.590278,1,"
minimal: 0 / states: 124 / duration: 0.000135s
history:
/T6-F2-1  /T5-T0-1  /T5-F3-1  /T3-T4-1  /T5-T3-1  /T5-T3-1  /T3-T5-3  /T1-T2-1  /T5-T0-4  /T5-F2-1  
/D:1      /W-T2-1   /T6-T2-1  /T6-T4-1  /T6-T3-1  /T4-T6-3  /T2-T3-4  /T6-T3-4  /T4-T6-1  /T2-T6-1  
/T6-T5-3  /T0-T5-6  /D:1      /W-T5-1   /D:1      /W-T4-1   /D:3      /W-T0-1   /T3-T0-10 /T3-T0-1  
/D:1      /W-T5-1   /D:1      /W-T3-1   /D:2      /W-T6-1   /D:1      /W-T6-1   /W-T6-1   /D:1      
/W-T2-1   /T6-T2-4  /D:1      /W-T5-1   /D:1      /W-T4-1   /D:1      /W-T4-1   /D:1      /W-F2-1   
/D:3      /W-T1-1   /D:1      /W-F0-1   /T5-F0-1  /D:1      /W-T4-1   /T1-T4-2  /D:1      /W-F3-1   
/D:1      /W-T1-1   /W-T1-1   /W-F3-1   /W-T1-1   /T4-T1-7  /T4-T2-1  /T0-T1-2  /T0-F3-1  /T5-T2-1  
/T5-F2-1  /T0-F2-1  /T5-F3-1  /T0-F3-1  /T5-F2-1  /T0-F2-1  /T5-F3-1  /T0-F3-1  /T5-F2-1  /T1-T0-7  
/T1-F2-1  /T2-T5-6  /T2-F3-1  /T2-F2-1  /T0-T1-8  /T0-F3-1  /T0-F2-1  /W-F2-1   /T5-T4-8  /T5-F3-1  
/T0-F3-1  /T0-F2-1  /T3-F3-1  /T4-T5-9  /D:1      /W-F1-1   /T1-F1-1  /T1-F0-1  /T5-F1-1  /T1-F1-1  
/T5-F0-1  /T1-F0-1  /T5-F1-1  /T1-F1-1  /T5-F0-1  /T1-F0-1  /T5-F1-1  /T1-F1-1  /T5-F0-1  /T1-F0-1  
/T5-F1-1  /T1-F1-1  /T5-F0-1  /T1-F0-1  /T5-F1-1  /T1-F1-1  /T5-F0-1  /T1-F0-1  /T5-F1-1  
"
1020349,r#Ep#QWg#lNAv#oIZFH#ntBjYy#swbfaOi#PqedzSKUGJTxcRDMkCVXuLmh,150.000000,2403.000000,51.000000,0.659574,1,"
minimal: 0 / states: 122 / duration: 0.000141s
history:
/T4-T6-1  /T4-T2-1  /T5-T4-1  /T2-T6-2  /T3-T2-1  /T3-F0-1  /T3-F3-1  /D:3      /W-T6-1   /W-T6-1   
/W-T6-1   /D:1      /W-T0-1   /T1-T0-1  /D:3      /W-T3-1   /T2-T3-2  /T2-T1-1  /T4-T2-2  /D:1      
/W-T3-1   /D:1      /W-T3-1   /W-T3-1   /T0-T3-3  /W-T0-1   /T5-T0-1  /T4-T5-1  /T4-T6-1  /D:3      
/W-T0-1   /T5-T0-2  /T5-F0-1  /D:4      /W-T4-1   /T3-T4-10 /D:1      /W-T2-1   /D:1      /W-F0-1   
/W-F0-1   /D:5      /W-T3-1   /W-T3-1   /D:1      /W-T0-1   /T5-T0-1  /T5-F2-1  /T6-F2-1  /T4-F2-1  
/R        /D:1      /W-T2-1   /T6-T2-7  /T6-F3-1  /T2-F3-1  /T1-F3-1  /T6-F1-1  /T6-T0-1  /T6-F1-1  
/T1-F0-1  /T2-F2-1  /D:2      /W-F1-1   /T4-F1-1  /T2-F1-1  /T4-F2-1  /T0-F1-1  /T2-F0-1  /T2-F1-1  
/T4-T0-1  /T4-F0-1  /T2-F0-1  /T0-T4-2  /T0-F1-1  /T0-F0-1  /T2-F1-1  /T0-F1-1  /T2-F0-1  /T6-T2-1  
/T6-F2-1  /T4-T0-5  /T4-F0-1  /T3-F0-1  /D:1      /W-F3-1   /T0-F3-1  /T0-F2-1  /W-F3-1   /T0-F3-1  
/D:1      /W-F3-1   /D:2      /W-F2-1   /T0-F2-1  /T0-F3-1  /T2-F2-1  /T0-F2-1  /T2-F1-1  /T4-F1-1  
/W-F3-1   /T0-F3-1  /T2-F2-1  /T0-F2-1  /T2-F3-1  /T3-F1-1  /T4-F0-1  
"
1020354,J#uC#zRr#wFBP#SEOoe#DjbanN#lZtUVxc#sLYvipHkTKhyqQGMgXAWmIdf,161.500000,3834.000000,44.000000,0.666667,1,"
minimal: 0 / states: 113 / duration: 0.000122s
history:
/T5-F3-1 /T5-F2-1 /T5-F1-1 /T5-F1-1 /T6-F1-1 /T5-T6-1 /T3-T5-1 /T3-T5-1 /T4-T3-1 /T4-F2-1 
/T4-F3-1 /T5-T3-3 /D:4     /W-T6-1  /D:1     /W-T0-1  /D:1     /W-F2-1  /D:1     /W-T0-1  
/D:2     /W-T0-1  /T3-T0-5 /D:2     /W-T6-1  /D:2     /W-F2-1  /T2-F2-1 /D:1     /W-T4-1  
/T1-T4-1 /D:1     /W-T6-1  /D:1     /W-T5-1  /D:1     /W-T1-1  /D:2     /W-F0-1  /T0-F0-1 
/T0-F3-1 /T4-F0-1 /T0-F0-1 /T4-F3-1 /T2-F3-1 /T4-F0-1 /T4-F3-1 /T0-T1-2 /T0-F3-1 /D:2     
/W-T4-1  /D:2     /W-F1-1  /T1-F1-1 /T1-F0-1 /T6-F0-1 /T0-F0-1 /W-F0-1  /T0-T3-1 /T0-F0-1 
/T1-T3-2 /D:1     /W-F1-1  /T3-F1-1 /T6-F1-1 /R       /D:1     /W-F2-1  /D:1     /W-T4-1  
/D:1     /W-T2-1  /T6-T2-3 /T3-T6-1 /T3-F1-1 /T6-T3-2 /T6-F3-1 /T6-F2-1 /T3-F2-1 /T2-F2-1 
/T2-F1-1 /T3-F3-1 /T3-F2-1 /T6-T0-1 /T2-F2-1 /T6-T5-1 /D:1     /W-F1-1  /T5-F1-1 /T4-T0-1 
/T4-F1-1 /D:1     /W-F0-1  /T0-F0-1 /T5-F0-1 /D:1     /W-F2-1  /D:2     /W-F3-1  /W-F3-1  
/T2-F3-1 /T0-F3-1 /T2-F2-1 
"
1020366,r#WD#Vbm#TSdj#hCegi#yacOBo#xRGUpIH#wfPkznXYLsAJlvEZuNtFQMqK,115.500000,2850.000000,42.000000,0.651316,1,"
minimal: 0 / states: 128 / duration: 0.000140s
history:
/T6-T4-1 /T6-T3-1 /D:3     /W-T1-1  /T5-T1-1 /D:3     /W-F2-1  /T1-F2-1 /T6-F2-1 /T5-T1-1 
/T6-T3-1 /T6-T3-1 /T1-T6-3 /D:3     /W-T2-1  /D:2     /W-F0-1  /T6-F0-1 /D:3     /W-T1-1  
/D:4     /W-F3-1  /T5-F3-1 /T6-F3-1 /T5-T6-1 /T5-F1-1 /D:3     /W-F3-1  /D:2     /W-F2-1  
/T0-F2-1 /T2-T0-2 /T2-F1-1 /T6-F1-1 /D:1     /R       /D:2     /W-T3-1  /D:1     /W-T0-1  
/W-T0-1  /T4-T0-2 /T4-T0-1 /T6-T4-1 /T6-F3-1 /T3-T6-5 /T3-F1-1 /T3-F3-1 /T3-F3-1 /D:1     
/W-T3-1  /D:1     /W-T5-1  /D:1     /W-T3-1  /T6-T3-6 /D:1     /W-T0-1  /T4-T0-2 /T4-F0-1 
/T0-F0-1 /T0-F1-1 /T0-F2-1 /T3-F1-1 /T0-F1-1 /T4-F1-1 /T0-T2-1 /T0-F1-1 /T2-T0-2 /D:1     
/W-T5-1  /D:2     /W-F0-1  /D:1     /W-T2-1  /T5-T2-3 /D:2     /W-F2-1  /W-F2-1  /T1-F2-1 
/T0-T2-2 /T0-F2-1 /T3-T1-3 /T3-F1-1 /T0-F1-1 /T3-F2-1 /W-F1-1  /T2-T0-4 /T2-F2-1 /T0-T2-5 
/T0-F1-1 /D:1     /W-F0-1  /T1-F0-1 /T1-F3-1 /T2-F0-1 /T1-F0-1 /T2-F3-1 /T1-F3-1 /T2-F0-1 
/T2-F3-1 /T3-F3-1 /T3-F2-1 /D:1     /W-T0-1  /D:1     /W-F0-1  /T2-F0-1 /T0-F0-1 /T2-F3-1 
"
1020399,D#gA#tjK#pGYW#oqiRn#IQVfZB#FJHNmcC#abywSLEehrkUMsOulPXTvzdx,95.000000,2214.000000,50.000000,0.608696,1,"
minimal: 0 / states: 122 / duration: 0.000147s
history:
/T1-F0-1 /T4-F2-1 /T5-F0-1 /T6-F0-1 /T6-T0-1 /T3-T2-1 /T2-T3-2 /T0-T4-2 /T5-T0-1 /D:1     
/W-F1-1  /D:1     /W-F1-1  /T4-F1-1 /T4-F0-1 /D:1     /W-T0-1  /D:3     /W-T6-1  /D:1     
/W-F0-1  /D:3     /W-T5-1  /D:1     /W-T0-1  /D:3     /W-T1-1  /T4-T1-1 /D:2     /W-T4-1  
/T1-T4-3 /T6-T1-2 /T6-F3-1 /W-F3-1  /D:2     /W-F3-1  /D:1     /W-T1-1  /D:1     /W-T6-1  
/D:1     /W-T2-1  /D:2     /W-F1-1  /D:1     /R       /D:1     /W-T0-1  /T4-T0-5 /T4-T0-1 
/T4-F2-1 /D:2     /W-F1-1  /D:1     /W-T2-1  /D:2     /W-T4-1  /T3-T4-3 /T5-T3-2 /T6-T5-2 
/T5-T6-3 /T5-F3-1 /T3-T2-3 /T3-F2-1 /T0-F2-1 /T0-F3-1 /T2-F2-1 /T0-F2-1 /T2-F1-1 /T6-T1-4 
/T6-F0-1 /T0-F1-1 /T2-F0-1 /T2-F1-1 /T1-T0-1 /T1-F0-1 /T5-F0-1 /T0-T1-2 /T0-F1-1 /T2-T4-1 
/T2-F1-1 /T2-F2-1 /T1-T0-3 /T1-F0-1 /T0-T1-4 /T0-F1-1 /W-T4-1  /W-F3-1  /T1-F3-1 /T1-F2-1 
/T4-F3-1 /T1-F3-1 /T4-F2-1 /T1-F2-1 /T4-F3-1 /T1-F3-1 /T4-F0-1 /T1-F0-1 /T4-F3-1 /T4-F0-1 
/T0-T1-1 /T0-F3-1 /D:1     /W-F1-1  /D:1     /W-T0-1  /D:1     /W-F2-1  /T1-F2-1 /T0-F2-1 
/T1-F1-1 
"
1020530,L#qd#Cov#EeAO#Wyrgi#btaBRw#fKcMNxP#nSHDsplIkXjYQVUuFzJmGThZ,141.000000,2102.000000,63.000000,0.516129,1,"
minimal: 0 / states: 130 / duration: 0.000151s
history:
/T4-T5-1  /D:1      /W-F2-1   /D:2      /W-T5-1   /T4-T5-1  /T1-T4-1  /T6-T1-1  /D:2      /W-T5-1   
/D:1      /W-T4-1   /T3-T4-1  /T3-F0-1  /T3-T5-1  /W-T5-1   /D:3      /W-T0-1   /T5-T0-7  /T1-T5-2  
/D:2      /W-T6-1   /T2-T6-1  /T2-F2-1  /T4-T2-1  /T4-F2-1  /T5-T0-1  /T5-F2-1  /T4-T3-1  /T4-F2-1  
/W-T4-1   /T2-T3-2  /D:4      /W-T6-1   /D:3      /W-T1-1   /D:1      /W-T4-1   /D:1      /W-T2-1   
/T4-T2-3  /D:1      /W-T6-1   /D:3      /R        /D:1      /W-T6-1   /T3-T6-4  /D:1      /W-T1-1   
/T6-T1-10 /T6-F3-1  /T1-F3-1  /T6-T3-1  /T0-F3-1  /T6-T0-1  /T4-T6-1  /D:1      /W-T6-1   /D:1      
/W-T3-1   /T6-T3-3  /D:1      /W-F3-1   /T5-F3-1  /T5-F0-1  /T5-F1-1  /T1-F0-1  /T1-T6-2  /T1-F3-1  
/T6-T1-3  /D:1      /W-T2-1   /D:1      /W-T2-1   /D:2      /W-F3-1   /D:1      /W-T3-1   /T5-T3-1  
/T5-F1-1  /T0-F1-1  /T0-F0-1  /T1-F1-1  /T0-F1-1  /T0-F2-1  /T1-F0-1  /T1-F1-1  /T3-F2-1  /W-F0-1   
/T0-F1-1  /T1-F0-1  /T0-F0-1  /T1-F3-1  /T2-F2-1  /T2-F3-1  /T3-F1-1  /T0-F1-1  /T1-F2-1  /T0-F2-1  
/T3-F0-1  /T1-F1-1  /T2-F0-1  /T0-F1-1  /T3-F3-1  /T1-F2-1  /T2-F3-1  /T2-F2-1  /T3-F0-1  /T0-F0-1  
/T1-F1-1  /T2-F1-1  /T3-F3-1  /T1-F2-1  /T3-F0-1  /D:1      /W-F3-1   
"
1020636,O#qr#gBW#iTmI#XHUDa#CekbhA#JozNpQM#nwEdujfctZFPGRsLxVyKSlvY,83.500000,1039.000000,50.000000,0.604651,1,"
minimal: 0 / states: 127 / duration: 0.000152s
history:
/T4-F1-1 /T5-F0-1 /T5-T3-1 /T5-F1-1 /T3-T2-2 /D:1     /W-F2-1  /D:1     /W-T5-1  /D:2     
/W-T1-1  /D:4     /W-F1-1  /T1-F1-1 /D:1     /W-T2-1  /W-T2-1  /T1-T2-1 /D:3     /W-T1-1  
/D:4     /W-T3-1  /T5-T3-2 /T5-F1-1 /T0-T5-1 /T6-T0-1 /T6-T2-1 /T6-T2-1 /T6-F3-1 /T5-F3-1 
/T1-F3-1 /D:2     /W-T3-1  /D:4     /W-T0-1  /D:2     /W-T6-1  /R       /D:2     /W-T3-1  
/D:7     /W-T0-1  /T2-T0-8 /T2-F0-1 /T5-F0-1 /T4-F0-1 /T3-T5-6 /T3-T5-1 /W-T2-1  /W-T2-1  
/T1-T2-1 /T6-T1-2 /T6-F2-1 /T0-F2-1 /T0-F3-1 /T2-F2-1 /T0-F2-1 /T2-F3-1 /T2-F2-1 /T0-F1-1 
/T0-F2-1 /T2-F1-1 /T0-F1-1 /T4-T0-1 /T4-T3-1 /T5-T3-1 /T5-F2-1 /T3-T5-2 /T3-F1-1 /W-T0-1  
/W-T5-1  /W-T2-1  /W-F1-1  /W-F0-1  /T5-F0-1 /T0-F0-1 /T5-T4-4 /T5-F1-1 /T0-T1-4 /T0-F1-1 
/T5-T2-1 /T5-F1-1 /T4-T2-5 /D:3     /W-F3-1  /T2-F3-1 /T1-F3-1 /T2-F0-1 /T1-F0-1 /T2-F3-1 
/T6-F0-1 /T1-F3-1 /W-F0-1  /D:1     /W-F2-1  /T2-F2-1 /T1-F2-1 /T2-F3-1 /T1-F3-1 /T2-F0-1 
/T0-F0-1 /W-F2-1  /T1-F2-1 /T2-F3-1 
"
1020643,U#gE#bdo#VmcC#IKOzN#jZfFPY#slRwhJr#MpqTuxitveWALSaHGknDXQyB,155.500000,2391.000000,50.000000,0.570707,1,"
minimal: 0 / states: 121 / duration: 0.000135s
history:
/T4-F3-1 /T5-T4-1 /T2-T5-1 /T3-T2-1 /T2-T1-2 /T2-T1-1 /T4-T2-2 /T4-F3-1 /T4-T2-1 /T5-T3-1 
/T5-F3-1 /T0-T4-1 /D:1     /W-T0-1  /D:7     /W-T4-1  /D:2     /W-T5-1  /D:1     /W-T2-1  
/W-T2-1  /D:1     /W-F0-1  /D:2     /W-T4-1  /T6-T4-1 /D:1     /W-F1-1  /T1-F1-1 /D:4     
/W-F2-1  /T3-F2-1 /T3-F1-1 /D:1     /W-T5-1  /D:2     /W-F3-1  /D:1     /W-T3-1  /W-T3-1  
/T6-T3-1 /T6-T2-1 /D:1     /W-F0-1  /T1-F0-1 /T5-F0-1 /T1-T4-1 /T1-F0-1 /T5-T1-2 /T4-F1-1 
/T1-F1-1 /T5-F1-1 /T1-F0-1 /T1-F1-1 /T3-T1-4 /T3-T1-1 /T5-T3-1 /T2-F1-1 /T4-T5-5 /R       
/D:1     /W-F2-1  /D:1     /W-F2-1  /T5-F2-1 /D:2     /W-T1-1  /W-T1-1  /D:2     /W-F1-1  
/D:1     /W-T3-1  /D:2     /W-F0-1  /W-F0-1  /T5-T2-3 /T5-F0-1 /T5-F1-1 /T1-T6-3 /T1-F0-1 
/T6-T1-4 /T6-F3-1 /T2-F3-1 /T6-T0-1 /T6-F2-1 /T1-F3-1 /T2-F2-1 /T1-F2-1 /T2-F3-1 /T1-F3-1 
/T2-F2-1 /T1-F2-1 /T2-F3-1 /T1-F3-1 /T2-F0-1 /W-F2-1  /T2-F3-1 /T1-F2-1 /T2-F2-1 /T3-F0-1 
/T3-F3-1 /D:1     /W-F1-1  /T0-F1-1 /T0-F0-1 /T1-F1-1 
"
1020666,z#Gl#Cjc#aHyk#nwOdZ#SgqAiv#DTMmtRN#oVIbLYPeEUJWxrKpXFBhQsfu,186.000000,6328.000000,72.000000,0.446903,1,"
minimal: 0 / states: 141 / duration: 0.000161s
history:
/T6-F3-1 /T1-T0-1 /D:1     /W-T2-1  /D:4     /W-T4-1  /T3-T4-1 /D:5     /W-T5-1  /T1-T5-1 
/T4-T1-3 /D:1     /W-T1-1  /D:2     /W-T0-1  /W-T0-1  /T5-T0-3 /T5-T1-1 /T5-F0-1 /T2-T5-2 
/T5-T6-3 /D:3     /W-T4-1  /D:1     /W-T3-1  /D:1     /W-T5-1  /T6-T5-4 /D:1     /W-F0-1  
/D:4     /W-T0-1  /D:1     /W-T1-1  /T5-T1-6 /T5-T6-1 /R       /D:2     /W-T2-1  /D:1     
/W-T4-1  /D:4     /W-T0-1  /T4-T0-3 /T4-F3-1 /T4-T3-1 /T4-F2-1 /T1-F2-1 /D:1     /W-T6-1  
/D:2     /W-T2-1  /T6-T2-3 /T6-T4-1 /T3-T4-3 /T6-T5-1 /T6-T3-1 /D:1     /W-T2-1  /D:1     
/W-T3-1  /R       /D:1     /W-T4-1  /T3-T4-3 /T3-F1-1 /T0-F1-1 /T0-F2-1 /T1-F1-1 /T0-F1-1 
/T1-F2-1 /T2-T0-1 /T2-F2-1 /T4-F2-1 /T6-T1-1 /D:1     /W-T5-1  /D:1     /W-F3-1  /T0-F3-1 
/D:1     /W-F1-1  /T0-T2-1 /T0-F1-1 /T2-T0-2 /T2-F2-1 /T1-T4-3 /T1-F1-1 /T1-F2-1 /T2-F1-1 
/T1-F1-1 /T0-T2-4 /T0-F2-1 /T2-T0-5 /T2-F1-1 /T2-F0-1 /T4-F0-1 /T0-F0-1 /T4-F3-1 /T0-F3-1 
/T4-F0-1 /T0-F0-1 /T4-F3-1 /T0-F3-1 /T4-F0-1 /T0-F0-1 /T4-F3-1 /T0-F3-1 /T1-F0-1 /T4-F2-1 
/T0-F2-1 /T1-F1-1 /T4-F3-1 /T4-F2-1 /T0-F1-1 /T0-F2-1 /T4-F1-1 /T5-F3-1 /D:1     /W-F0-1  
/T1-F0-1 /T1-F3-1 /T5-F0-1 
"
1020673,O#bu#xQI#THdK#YCGrU#ekAmaV#ivPjJzg#ZhswNtFXLSMDByWRnEfocqlp,120.000000,2775.000000,43.000000,0.633333,1,"
minimal: 0 / states: 117 / duration: 0.000137s
history:
/T6-T1-1 /T4-T2-1 /T1-T5-2 /D:3     /W-T5-1  /D:2     /W-F3-1  /T0-F3-1 /T6-T0-1 /T5-T6-4 
/T5-F1-1 /T1-F1-1 /T5-T1-1 /T5-F0-1 /T6-T5-5 /T6-T3-1 /T6-F3-1 /T2-T3-2 /T2-F3-1 /D:1     
/W-T3-1  /D:3     /W-T1-1  /T5-T1-6 /T5-T1-1 /D:1     /W-T3-1  /T4-T3-1 /D:1     /W-T5-1  
/D:1     /W-T1-1  /D:1     /W-F0-1  /D:2     /W-T2-1  /T6-T2-1 /D:1     /W-F3-1  /D:1     
/W-F2-1  /D:2     /W-T4-1  /T3-T4-1 /T3-F3-1 /D:1     /W-F2-1  /D:1     /W-F1-1  /D:2     
/W-T0-1  /T3-T0-5 /T3-F1-1 /T3-T6-1 /T3-F3-1 /D:1     /W-F2-1  /W-F2-1  /T4-F2-1 /W-T4-1  
/R       /D:1     /W-T3-1  /D:1     /W-T2-1  /T4-T2-3 /T4-F0-1 /T1-F0-1 /T1-F1-1 /T1-F2-1 
/T2-F0-1 /T2-F1-1 /T0-F2-1 /T0-F3-1 /T1-F1-1 /T1-F2-1 /T1-F3-1 /T2-T0-2 /T2-F2-1 /T2-F3-1 
/T2-T4-1 /T4-T5-2 /T6-T1-2 /D:1     /W-F2-1  /T5-F2-1 /D:1     /W-F0-1  /T0-F0-1 /T0-F1-1 
/T1-F0-1 /T0-F0-1 /T1-F1-1 /T0-F1-1 /T1-F0-1 /T0-F0-1 /T1-F1-1 /T0-F1-1 /T1-F0-1 /T1-F1-1 
/T5-T0-1 /T5-F0-1 /D:1     /W-F3-1  /T0-F3-1 /T3-F3-1 /D:1     /W-F2-1  /T0-F2-1 
"
1020739,E#bP#VLT#stIK#QkzOF#GxCBne#uXghWrM#wYcUflNavJSomijHRyDAqZdp,149.000000,2257.000000,50.000000,0.653465,1,"
minimal: 0 / states: 119 / duration: 0.000135s
history:
/T5-T4-1 /T5-F2-1 /T4-T2-2 /T5-T1-1 /T4-T5-1 /D:2     /W-T4-1  /T3-T4-1 /D:2     /W-T3-1  
/D:2     /W-T6-1  /D:1     /W-F3-1  /T5-F3-1 /D:1     /W-F1-1  /D:4     /W-F2-1  /D:3     
/W-T4-1  /T3-T4-2 /T3-T4-1 /D:2     /W-T3-1  /D:2     /W-T2-1  /T1-T2-2 /T1-F1-1 /T6-T1-2 
/D:1     /W-F0-1  /T2-F0-1 /T2-F3-1 /T5-F0-1 /T5-T1-1 /T2-F0-1 /T0-F0-1 /T4-T0-7 /D:1     
/W-T2-1  /D:2     /W-T6-1  /D:1     /W-F2-1  /T2-F2-1 /R       /D:1     /W-T4-1  /D:1     
/W-F1-1  /T6-F1-1 /T2-F1-1 /T6-F2-1 /T6-T1-1 /T2-F0-1 /T5-F0-1 /T3-T2-2 /D:1     /W-F1-1  
/D:1     /W-T1-1  /T6-T1-1 /T6-F1-1 /T1-F1-1 /D:1     /W-T6-1  /D:1     /W-T0-1  /D:1     
/W-T3-1  /D:1     /W-F1-1  /D:1     /W-F0-1  /T0-T1-3 /T0-F0-1 /T0-F1-1 /T6-F0-1 /T4-T6-1 
/T4-F1-1 /T4-F3-1 /T2-F3-1 /T1-F3-1 /T2-F2-1 /T1-F2-1 /T2-F3-1 /T1-F3-1 /T2-T3-1 /T6-T3-2 
/T6-F2-1 /T1-F2-1 /T2-F3-1 /T1-F3-1 /T0-F0-1 /T3-F2-1 /T1-F2-1 /T1-F1-1 /T3-F3-1 /T0-F3-1 
/T3-F0-1 /T1-F0-1 /T3-F1-1 /D:1     /W-F2-1  /T0-F2-1 /D:1     /W-F3-1  
"
1020745,o#jn#Xbx#qRic#NvTDJ#sAOdFz#tPrglIB#ykeHaWwEMhUmpGfVZSKYCLQu,113.500000,1360.000000,57.000000,0.517442,1,"
minimal: 0 / states: 128 / duration: 0.000161s
history:
/T1-F2-1 /T0-F2-1 /T6-T3-1 /T5-T0-1 /T6-T1-1 /T6-T0-1 /T5-T6-1 /T2-T0-1 /T1-T0-2 /D:3     
/W-T6-1  /D:2     /W-F1-1  /T2-F1-1 /T4-T2-1 /T3-T4-2 /T4-T6-3 /T3-T2-1 /W-T2-1  /T6-T2-6 
/T5-T6-1 /D:4     /W-T1-1  /D:1     /W-T0-1  /D:3     /W-T6-1  /T5-T6-1 /T5-F0-1 /T2-F0-1 
/T2-F1-1 /T3-T5-1 /T3-T5-1 /W-T3-1  /T5-T4-3 /D:1     /W-T0-1  /D:1     /W-T0-1  /T6-T0-4 
/T6-T2-1 /D:2     /W-T5-1  /D:1     /W-T6-1  /D:2     /W-T1-1  /W-T1-1  /D:1     /W-F0-1  
/T2-T4-1 /T2-F0-1 /D:1     /W-T3-1  /T2-T3-7 /D:2     /R       /D:1     /W-T5-1  /D:1     
/W-T5-1  /D:1     /W-T1-1  /D:1     /W-T5-1  /D:1     /W-F0-1  /D:2     /W-T5-1  /D:2     
/W-T5-1  /T4-T5-5 /T4-T1-1 /T4-F3-1 /T0-F3-1 /T0-F2-1 /T0-F1-1 /T5-F3-1 /T5-F2-1 /T3-F1-1 
/W-F3-1  /T0-F2-1 /T0-F1-1 /T5-F3-1 /T3-F0-1 /T5-F2-1 /T3-F1-1 /T6-F3-1 /T0-F0-1 /T5-F3-1 
/T3-F0-1 /T6-F2-1 /T0-F1-1 /T5-F2-1 /T3-F1-1 /W-F3-1  /T0-F0-1 /T1-F2-1 /T0-F1-1 /T5-F3-1 
/T1-F3-1 /T3-F0-1 /T1-F0-1 /T5-F2-1 /T0-F2-1 /T3-F3-1 /T1-F3-1 /T5-F1-1 /T0-F1-1 /T3-F0-1 
/T1-F0-1 /T5-F2-1 /T0-F2-1 /T3-F1-1 /T5-F3-1 
"
1020762,G#HT#gPF#OAjx#nChJy#bokEZa#IrYlsfW#ButmiRMULVXKDvSdNzqcepwQ,150.500000,4851.000000,71.000000,0.500000,1,"
minimal: 0 / states: 146 / duration: 0.000161s
history:
/T5-F1-1  /T6-T3-1  /T6-T0-1  /T4-T5-1  /T6-T1-1  /T3-T6-2  /D:5      /W-T4-1   /D:1      /W-T1-1   
/D:5      /W-T5-1   /T4-T5-2  /T0-T4-2  /T5-T0-5  /T5-T4-1  /D:2      /W-T1-1   /D:1      /W-T3-1   
/T4-T3-4  /D:2      /W-T3-1   /T4-T3-1  /T4-F2-1  /D:1      /W-F3-1   /D:1      /W-T4-1   /T6-T4-3  
/D:2      /W-T1-1   /D:1      /W-T2-1   /W-T2-1   /D:2      /W-T5-1   /D:1      /R        /D:1      
/W-T1-1   /D:1      /W-T0-1   /T1-T0-6  /D:6      /W-T5-1   /T1-T5-1  /D:1      /W-T6-1   /T3-T6-8  
/T3-F0-1  /T0-F0-1  /T3-F3-1  /T6-F0-1  /T0-T2-1  /T0-F0-1  /D:2      /W-T6-1   /D:1      /R        
/D:2      /W-T1-1   /D:1      /W-T3-1   /T6-T3-10 /T3-T6-2  /T3-F0-1  /T6-T3-3  /T6-T4-1  /D:1      
/W-T4-1   /W-T4-1   /D:1      /W-T1-1   /T5-T1-4  /T5-F2-1  /T5-F1-1  /T2-F1-1  /T3-F2-1  /T3-F1-1  
/T2-F2-1  /T2-F1-1  /T2-F0-1  /T2-F3-1  /T3-F2-1  /T3-F1-1  /T2-F1-1  /T3-F0-1  /T1-F0-1  /T3-F1-1  
/T0-T1-4  /T0-F1-1  /T4-T3-2  /T4-F0-1  /T0-F0-1  /T3-T4-3  /T3-F1-1  /T3-F0-1  /T1-T0-6  /T1-F1-1  
/T1-F0-1  /T4-T3-5  /T4-F1-1  /T1-F1-1  /T3-T4-6  /T3-F0-1  /D:1      /W-T4-1   /D:1      /W-F3-1   
/T0-F3-1  /T0-F2-1  /T4-F3-1  /T0-F3-1  /T4-F2-1  /T0-F2-1  /T4-F3-1  /T0-F3-1  /T4-F2-1  /T0-F2-1  
/T4-F3-1  /T0-F3-1  /T4-F2-1  /T0-F2-1  /T4-F3-1  /T0-F3-1  /T4-F2-1  
"
1020782,f#Ms#Vwr#qLCY#EkANb#iSRvBd#JpTIzHm#UaOQFDnjxutcyWZGlohPegXK,97.000000,994.000000,25.000000,0.793103,1,"
minimal: 0 / states: 105 / duration: 0.000122s
history:
/T5-T2-1 /T2-T0-2 /D:2     /W-F1-1  /T4-F1-1 /T4-F3-1 /T4-F0-1 /T5-F0-1 /T2-T4-1 /T2-T4-1 
/T6-T2-1 /T6-T4-1 /T3-T6-1 /T3-F0-1 /T3-T2-1 /T4-T2-4 /W-T5-1  /D:1     /W-F3-1  /D:1     
/W-T4-1  /D:2     /W-F0-1  /D:1     /W-F2-1  /D:2     /W-T6-1  /W-T6-1  /T5-T6-2 /T5-T1-1 
/T3-T1-1 /T6-T3-6 /T4-T5-2 /D:2     /W-T3-1  /T5-T3-3 /W-T5-1  /D:1     /W-F1-1  /T0-F1-1 
/T3-T0-1 /T3-F0-1 /W-F0-1  /D:3     /W-T4-1  /D:1     /W-F0-1  /T2-F0-1 /T6-F0-1 /T6-T5-1 
/T1-T5-3 /T6-T0-1 /T6-F0-1 /D:1     /W-T1-1  /D:1     /W-F2-1  /T0-F2-1 /T5-F2-1 /D:2     
/W-F3-1  /T0-F3-1 /T0-F2-1 /T5-F3-1 /T3-F3-1 /T5-F2-1 /T5-F3-1 /T3-F2-1 /T3-F3-1 /T2-F3-1 
/T5-F2-1 /T3-F2-1 /T2-F2-1 /D:1     /W-F1-1  /T0-F1-1 /D:1     /W-F1-1  /W-F1-1  /T5-F1-1 
/T3-F1-1 /T2-F1-1 /W-F3-1  /T3-F2-1 /T1-F1-1 /W-F2-1  /T2-T4-1 /T2-F1-1 /T3-T1-1 /T3-F2-1 
/D:1     /W-F3-1  /T1-F3-1 /D:1     /W-F0-1  /T4-F0-1 /T1-F0-1 /T4-F3-1 
"
1020786,n#fY#spX#Kmvz#tcSPM#jBgxub#dlOoAGF#iDhLVEerTCkqHwZWRQJNyIaU,83.500000,971.000000,41.000000,0.654412,1,"
minimal: 0 / states: 135 / duration: 0.000147s
history:
/T0-F2-1 /T4-T0-1 /T1-T0-1 /D:6     /W-T1-1  /D:1     /W-T6-1  /D:5     /W-T6-1  /T4-T6-1 
/D:2     /W-T2-1  /D:4     /W-T1-1  /D:2     /W-F3-1  /D:3     /W-F1-1  /T5-F1-1 /D:1     
/R       /D:1     /W-T2-1  /T5-T2-1 /T5-T0-1 /T6-T5-4 /T4-T6-1 /T4-F1-1 /T5-T2-5 /T5-T2-1 
/T1-T4-3 /T3-T1-1 /T3-T5-1 /T5-T0-2 /T3-T5-1 /D:2     /W-T0-1  /T6-T0-2 /T6-F0-1 /T2-F0-1 
/T6-F2-1 /T6-F3-1 /T2-F3-1 /T6-T1-1 /T4-F3-1 /T6-F1-1 /T3-T1-1 /D:1     /W-T5-1  /T2-T5-8 
/T2-F2-1 /T5-F2-1 /T5-F1-1 /T4-T0-1 /T4-F1-1 /D:2     /W-F2-1  /T2-F2-1 /T4-F2-1 /D:2     
/W-F0-1  /D:3     /W-T2-1  /D:1     /W-T1-1  /D:1     /W-F3-1  /D:2     /W-T2-1  /D:1     
/W-T1-1  /D:1     /W-T1-1  /R       /D:1     /W-F0-1  /T0-F0-1 /T0-F3-1 /T5-F0-1 /T0-F0-1 
/T5-F1-1 /T0-F1-1 /T5-F2-1 /T0-F2-1 /T5-F1-1 /T0-F1-1 /T5-F2-1 /T0-F2-1 /T2-F2-1 /D:2     
/W-F3-1  /T1-F3-1 /W-F3-1  /D:1     /W-F1-1  /T1-T0-3 /T1-F1-1 /T1-F2-1 /T5-T2-2 /T5-F1-1 
/D:1     /W-F0-1  /T0-F0-1 /T0-F3-1 /T2-F3-1 /D:1     /W-F0-1  /T0-F0-1 /T0-F3-1 /T2-F0-1 
/T0-F0-1 /T2-F3-1 
"
1020812,D#bz#PNo#maJn#qHRij#XhQsCB#TIApWuO#EULMyKxZeGkrtdYwVFvcglSf,134.500000,3661.000000,84.000000,0.455752,1,"
minimal: 0 / states: 150 / duration: 0.000161s
history:
/T3-F2-1 /T2-F2-1 /T2-F3-1 /T6-F3-1 /T5-T2-1 /T2-T0-2 /T1-T2-1 /T1-T5-1 /D:4     /W-T1-1  
/D:11    /W-T1-1  /D:2     /W-T3-1  /T6-T3-1 /D:2     /W-T4-1  /D:2     /W-T3-1  /D:1     
/W-T2-1  /D:2     /R       /D:2     /W-T4-1  /D:3     /W-T1-1  /T4-T1-3 /D:1     /W-T2-1  
/T6-T2-1 /T6-F2-1 /T6-F0-1 /T0-F0-1 /T0-F3-1 /T6-T2-1 /D:3     /W-T1-1  /D:6     /W-T3-1  
/D:1     /W-T0-1  /D:1     /W-T1-1  /D:1     /R       /D:1     /W-T1-1  /D:4     /W-T3-1  
/T0-T3-2 /W-T0-1  /W-T0-1  /D:1     /W-T0-1  /T3-T0-8 /T3-F1-1 /T5-F1-1 /T0-F1-1 /T5-F0-1 
/T0-F0-1 /T5-T6-1 /T5-F3-1 /T5-T2-1 /T1-F0-1 /T0-T6-1 /T0-F0-1 /W-T3-1  /T5-T3-1 /D:1     
/W-T1-1  /D:1     /W-T2-1  /T1-T2-2 /T1-F0-1 /D:1     /W-F1-1  /T6-F1-1 /D:1     /W-T3-1  
/T4-T3-1 /T4-F3-1 /T4-F0-1 /T4-F2-1 /T2-F2-1 /T2-F3-1 /T6-F2-1 /T6-F3-1 /T1-F3-1 /T2-F2-1 
/T0-T3-2 /T0-F3-1 /T2-T1-1 /T2-F0-1 /T0-F0-1 /T2-F3-1 /T1-T2-3 /T1-F0-1 /T3-T0-4 /T3-F3-1 
/T1-F3-1 /T3-F0-1 /T1-F0-1 /T0-T3-6 /T0-F3-1 /D:1     /W-F1-1  /T3-F1-1 /T2-F1-1 /T3-F2-1 
/T2-F2-1 /T3-F1-1 /T2-F1-1 /T3-F2-1 /T2-F2-1 /T3-F1-1 /T2-F1-1 /T3-F2-1 /T2-F2-1 /T3-F1-1 
"
1020862,g#co#qAa#bGPH#rpVSJ#hICUBX#YRuylNm#FfZOKdvMtQnezLkDsTxiWjEw,131.000000,2502.000000,59.000000,0.543478,1,"
minimal: 0 / states: 123 / duration: 0.000203s
history:
/T2-F1-1 /T2-F0-1 /T4-T5-1 /T0-T3-1 /T6-T0-1 /T6-F3-1 /D:1     /W-T3-1  /D:3     /W-F3-1  
/D:1     /W-T6-1  /D:6     /W-F2-1  /T1-F2-1 /T1-T2-1 /D:1     /W-T3-1  /T2-T3-2 /D:1     
/W-T1-1  /T6-T1-2 /T5-T6-2 /T5-F0-1 /T6-T0-3 /D:5     /W-T6-1  /W-T6-1  /D:2     /W-T0-1  
/T3-T0-6 /T3-F3-1 /T4-T3-1 /T6-T4-3 /T3-T5-2 /T3-F1-1 /T0-F1-1 /T6-T4-1 /W-T6-1  /W-T4-1  
/D:1     /W-T1-1  /D:1     /W-T6-1  /D:1     /W-T5-1  /D:1     /R       /D:2     /W-T2-1  
/D:1     /W-F1-1  /D:1     /W-T1-1  /T5-T1-4 /T5-F0-1 /T4-F0-1 /T5-T6-1 /T1-F0-1 /T0-T4-1 
/T0-F1-1 /T0-F0-1 /W-F1-1  /T0-F1-1 /T5-F1-1 /D:1     /W-T3-1  /T6-T3-4 /D:2     /W-F3-1  
/D:1     /W-T2-1  /D:1     /W-T2-1  /D:1     /W-T2-1  /T4-T2-6 /T4-F2-1 /T2-F2-1 /T2-F3-1 
/T4-F2-1 /T1-F3-1 /T1-F0-1 /T2-F2-1 /T2-F3-1 /T0-F0-1 /W-F2-1  /T1-F3-1 /T2-F2-1 /T0-F1-1 
/T1-F2-1 /T2-F3-1 /T2-F2-1 /T3-F0-1 /T0-F0-1 /T1-F3-1 /T0-F3-1 /T3-F1-1 /T1-F0-1 /T2-F1-1 
/T2-F0-1 /T3-F2-1 /T0-F2-1 /T1-F1-1 /T0-F1-1 /T3-F3-1 /T1-F2-1 /T2-F3-1 /T3-F0-1 
"
1020869,w#Oy#Qrn#qpCS#shiZv#gcJoVU#LRuYzEm#dBjWMHAtTIPxlfNXbGDFkeaK,135.500000,2044.000000,50.000000,0.541667,1,"
minimal: 0 / states: 126 / duration: 0.000203s
history:
/T2-F2-1 /T5-T4-1 /T5-T0-1 /T5-F2-1 /T1-T6-1 /T2-T3-1 /T2-T3-1 /T6-T2-2 /D:1     /W-T6-1  
/D:5     /W-T0-1  /D:1     /W-F0-1  /D:1     /W-T4-1  /T3-T4-3 /T3-T4-1 /T3-F2-1 /T3-F2-1 
/W-T3-1  /T1-T4-1 /D:1     /W-T0-1  /D:4     /W-T3-1  /W-T3-1  /D:2     /W-F3-1  /T4-F3-1 
/D:1     /W-T2-1  /T5-T2-1 /D:1     /W-T4-1  /D:3     /W-T0-1  /D:2     /W-T0-1  /F2-T0-1 
/T5-T0-1 /D:1     /W-F1-1  /T4-F1-1 /T0-F1-1 /T0-F2-1 /T6-F1-1 /T0-F1-1 /T4-T6-2 /T4-F2-1 
/T6-T4-3 /T6-T1-1 /T6-T1-1 /T5-T6-1 /D:1     /W-T1-1  /R       /D:1     /W-F0-1  /T4-F0-1 
/D:1     /W-T1-1  /T4-T1-6 /T4-T5-1 /T4-T2-1 /T6-T2-2 /T6-T0-1 /T6-T5-1 /D:1     /W-T3-1  
/D:1     /W-T3-1  /T4-T3-1 /T4-F2-1 /D:1     /W-F3-1  /T1-F3-1 /T0-F3-1 /D:1     /W-F1-1  
/T2-F1-1 /T3-F1-1 /D:2     /W-F0-1  /T1-F0-1 /T0-F0-1 /T1-F3-1 /T0-F3-1 /T1-F2-1 /T2-F2-1 
/W-F0-1  /T0-F0-1 /T1-F3-1 /T0-F3-1 /T1-F2-1 /T2-F1-1 /T0-F2-1 /T3-F0-1 /T1-F1-1 /T2-F0-1 
/T3-F3-1 /T1-F0-1 /T2-F3-1 /T3-F2-1 /T1-F3-1 /T2-F2-1 /T1-F2-1 /T5-F0-1 /T5-F3-1 /D:1     
/W-F1-1  /T3-F1-1 /T2-F1-1 /T3-F0-1 
"
1020912,v#Eu#IeL#yijT#fVORM#CtckHo#GWYzrmQ#UNhgPXpBxDZFJlwnSKsdqAab,127.000000,2851.000000,50.000000,0.576923,1,"
minimal: 0 / states: 126 / duration: 0.000148s
history:
/T3-T1-1  /T0-T3-1  /T4-T0-1  /D:1      /W-T3-1   /D:1      /W-F3-1   /D:4      /W-T2-1   /D:1      
/W-T6-1   /D:3      /W-T4-1   /D:2      /W-T1-1   /T4-T1-2  /T4-F3-1  /T1-T4-5  /T6-T1-2  /T2-T6-2  
/D:1      /W-T6-1   /T4-T6-6  /T1-T4-3  /T6-T1-10 /D:1      /W-T0-1   /D:2      /W-F2-1   /T5-F2-1  
/T4-F2-1  /D:2      /W-T0-1   /T3-T0-3  /T5-T3-1  /D:2      /W-T6-1   /D:1      /W-F2-1   /D:1      
/W-F0-1   /D:1      /W-F1-1   /D:1      /W-F1-1   /R        /D:2      /W-T3-1   /D:1      /W-F3-1   
/T4-F3-1  /T6-T4-1  /T6-F2-1  /T1-T2-1  /T1-F3-1  /T2-T1-2  /W-T2-1   /D:1      /W-F0-1   /D:3      
/W-T5-1   /T3-T5-3  /T5-T3-5  /T5-F1-1  /T5-T0-1  /T5-F0-1  /T1-F0-1  /T4-F1-1  /T1-F1-1  /T4-F0-1  
/T1-F0-1  /T4-F1-1  /T6-T4-1  /T6-T4-1  /T3-F1-1  /T2-F1-1  /W-T5-1   /W-T4-1   /T6-T4-1  /T6-F0-1  
/T3-F0-1  /T2-F0-1  /T3-F1-1  /T0-T4-3  /T0-F1-1  /T1-T3-3  /T1-F0-1  /T0-F0-1  /T3-T1-4  /T3-F1-1  
/T0-F1-1  /T1-T3-5  /T1-F0-1  /T0-F0-1  /T1-F1-1  /T3-T5-6  /D:1      /W-F3-1   /T5-F3-1  /D:1      
/W-F2-1   /T4-F2-1  /T4-F3-1  /T5-F2-1  /T4-F2-1  /T5-F3-1  /T4-F3-1  /T5-F2-1  /T4-F2-1  /T5-F3-1  
/T4-F3-1  /T5-F2-1  /T4-F2-1  /T5-F3-1  
"
1020930,b#Ma#lcL#NXFY#RPAOk#ofZdnp#CTQtKvm#IruqgyxwhzBiEeJjDUsGVHSW,103.000000,2346.000000,47.000000,0.636986,1,"
minimal: 0 / states: 124 / duration: 0.000137s
history:
/T1-F1-1 /T0-F1-1 /T6-T0-1 /T4-T2-1 /T3-T1-1 /T4-T5-1 /T4-F0-1 /T2-T0-2 /T2-F1-1 /D:7     
/W-T1-1  /D:1     /W-T0-1  /D:1     /W-T6-1  /D:2     /W-F0-1  /D:1     /W-T0-1  /D:2     
/W-T3-1  /D:2     /W-T1-1  /T6-T1-2 /T6-T2-1 /T6-T1-1 /T5-T6-2 /T5-F2-1 /T5-F1-1 /T3-F1-1 
/D:6     /W-T0-1  /D:1     /W-T1-1  /D:1     /W-T2-1  /R       /D:1     /W-T2-1  /D:1     
/W-T1-1  /T6-T1-3 /T3-T6-1 /T6-T0-2 /T6-F0-1 /T5-T6-1 /T5-F1-1 /T5-F2-1 /D:3     /W-F1-1  
/D:1     /W-T6-1  /T3-T6-1 /T3-F3-1 /T1-F3-1 /T1-F2-1 /T4-F3-1 /T1-F3-1 /W-F2-1  /T1-F2-1 
/T4-F3-1 /T1-F3-1 /D:1     /W-T3-1  /T2-T3-4 /D:2     /W-T6-1  /D:1     /W-F0-1  /W-F0-1  
/T0-F0-1 /T0-F3-1 /D:1     /W-F3-1  /D:1     /W-F2-1  /T1-F2-1 /W-F2-1  /T1-F1-1 /T1-F2-1 
/T0-T6-2 /T0-F2-1 /D:1     /W-F0-1  /T6-F0-1 /T3-F0-1 /T6-F1-1 /T1-F1-1 /T0-F1-1 /T1-F2-1 
/T6-F0-1 /T3-T1-2 /T3-F1-1 /T6-T0-1 /T6-F2-1 /T3-F2-1 /T0-T6-2 /T0-F1-1 /D:1     /W-F3-1  
/T1-F3-1 /T1-F0-1 /T6-F3-1 /T1-F3-1 /T6-F0-1 /T1-F0-1 /T6-F3-1 
"
1020950,s#Cv#YSo#xZEu#gkDVa#bceFAN#BqPhLtn#wryzWTXfmKIUilpRJGMOQdHj,110.000000,1304.000000,52.000000,0.594937,1,"
minimal: 0 / states: 123 / duration: 0.000140s
history:
/T4-F1-1 /T5-F3-1 /T5-F0-1 /T6-F2-1 /T2-F2-1 /T3-T4-1 /T3-T2-1 /T2-T6-2 /D:3     /W-T3-1  
/D:3     /W-T4-1  /T5-T4-1 /T5-T0-1 /D:1     /W-T3-1  /D:3     /W-T2-1  /D:2     /W-T1-1  
/T6-T1-3 /D:3     /W-F2-1  /D:1     /W-T4-1  /D:1     /W-T3-1  /T4-T3-5 /T4-T0-1 /T4-T6-1 
/T5-T0-1 /T5-F1-1 /T3-T5-9 /T0-F1-1 /T0-T4-3 /D:2     /W-T0-1  /T2-T0-2 /D:1     /W-F3-1  
/D:1     /W-T1-1  /D:1     /W-F1-1  /T4-T5-1 /T4-F1-1 /D:2     /W-T0-1  /T1-T0-6 /T1-T0-1 
/R       /D:1     /W-T6-1  /D:2     /W-T1-1  /D:1     /W-T3-1  /D:1     /W-F1-1  /D:1     
/W-T2-1  /T6-T2-3 /D:1     /W-T3-1  /T6-T3-1 /T6-F3-1 /T6-F2-1 /T6-F0-1 /T0-F0-1 /T0-F3-1 
/T5-F0-1 /T0-F0-1 /T5-F3-1 /T5-F0-1 /W-F2-1  /T0-F3-1 /T4-F2-1 /T0-F2-1 /T4-F1-1 /T5-F3-1 
/T5-F2-1 /T0-F3-1 /T0-F2-1 /T2-F2-1 /T3-F1-1 /T5-F3-1 /T3-T0-1 /T3-F3-1 /T3-F2-1 /T5-T2-1 
/T5-F3-1 /T5-F2-1 /T1-F2-1 /D:1     /W-F1-1  /D:2     /W-F0-1  /D:1     /W-F0-1  /T0-F0-1 
/T0-F1-1 /T2-F0-1 /T0-F0-1 /T0-F3-1 /T2-F1-1 /T2-F0-1 /T5-F3-1 /W-F1-1  /T0-F0-1 /T2-F1-1 
"
1020984,s#Fg#kLQ#OmzX#CIujv#NVxKiR#SDyWnMA#BUplfaeqZYETJcHowdhPbtrG,124.500000,1677.000000,53.000000,0.517857,1,"
minimal: 0 / states: 132 / duration: 0.000146s
history:
/T6-F0-1 /T5-T0-1 /T0-T1-2 /T6-T0-1 /T6-F2-1 /T4-T6-1 /D:1     /W-F0-1  /D:1     /W-T6-1  
/D:1     /W-T2-1  /D:1     /W-T0-1  /D:2     /W-F1-1  /D:2     /W-T1-1  /D:5     /W-T3-1  
/T5-T3-1 /T4-T5-1 /T5-T0-2 /T6-T5-3 /T3-T6-3 /T4-T6-1 /T1-T6-4 /T4-T0-1 /T4-F0-1 /T3-T4-1 
/T6-T3-9 /T6-F0-1 /D:1     /W-T3-1  /D:2     /W-F2-1  /T2-F2-1 /D:3     /W-T0-1  /D:2     
/W-F1-1  /T3-F1-1 /T3-F2-1 /D:1     /W-T0-1  /T6-T0-1 /T3-T6-9 /D:1     /W-T0-1  /T2-T0-1 
/D:1     /W-T5-1  /R       /D:1     /W-T5-1  /D:1     /W-T1-1  /D:2     /W-T4-1  /T5-T4-6 
/D:1     /W-F0-1  /D:2     /W-T5-1  /W-T5-1  /T1-T5-2 /W-T1-1  /T2-T1-1 /T2-T1-1 /D:1     
/W-T1-1  /T5-T1-5 /T5-F3-1 /T3-F3-1 /D:1     /W-F1-1  /T1-F1-1 /T1-F0-1 /T4-F1-1 /T4-F0-1 
/T6-T1-2 /T6-F1-1 /T0-T4-4 /T0-F1-1 /T1-T6-3 /T1-F0-1 /T0-F0-1 /T6-T1-4 /T6-F1-1 /T0-F1-1 
/T6-F0-1 /T0-F0-1 /T1-T6-6 /T1-F1-1 /T0-F1-1 /T1-F0-1 /T0-F0-1 /T6-T1-8 /T6-F1-1 /D:1     
/W-F3-1  /T4-F3-1 /T1-F3-1 /T4-F2-1 /T1-F2-1 /T4-F3-1 /T1-F3-1 /T4-F2-1 /T1-F2-1 /T4-F3-1 
/T1-F3-1 /T4-F2-1 /T1-F2-1 /T4-F3-1 /T1-F3-1 /T4-F2-1 /T1-F2-1 /T4-F3-1 /T1-F3-1 /T4-F2-1 
"
1021047,S#MW#gaK#QZUi#dxlhn#CLEXmO#eDjpBPq#HJvGNosfATFYIVyRkzbutcwr,125.000000,2850.000000,47.000000,0.603896,1,"
minimal: 0 / states: 118 / duration: 0.000137s
history:
/T4-F2-1 /T1-T2-1 /D:1     /W-T3-1  /D:2     /W-T2-1  /T4-T2-1 /T2-T4-4 /T2-F1-1 /T4-T1-5 
/T2-T3-1 /D:1     /W-T1-1  /T0-T1-1 /D:1     /W-F3-1  /T5-F3-1 /T5-T0-1 /W-T5-1  /T3-T5-3 
/D:1     /W-F2-1  /D:1     /W-T5-1  /D:2     /W-F0-1  /D:6     /W-T0-1  /T5-T0-6 /T5-T1-1 
/D:1     /W-T0-1  /T6-T0-1 /T6-F3-1 /T6-F0-1 /T6-F2-1 /T6-T4-1 /T0-F2-1 /T6-T0-1 /D:1     
/W-T5-1  /D:1     /W-T2-1  /D:1     /W-F1-1  /D:2     /W-T3-1  /D:1     /W-F1-1  /D:1     
/W-T5-1  /D:1     /W-F2-1  /R       /D:1     /W-T3-1  /D:3     /W-T2-1  /T4-T2-2 /T4-F1-1 
/T6-F1-1 /T3-F1-1 /D:1     /W-T2-1  /T3-T2-2 /T3-T4-1 /T5-T4-3 /T5-F0-1 /T0-F0-1 /T3-F3-1 
/T0-F3-1 /T0-F2-1 /T1-F0-1 /T1-F3-1 /T2-F2-1 /W-F0-1  /T0-F1-1 /T1-F0-1 /T1-F1-1 /W-F3-1  
/T0-F0-1 /T2-F3-1 /T2-F0-1 /T0-F1-1 /T0-F0-1 /T2-F1-1 /T1-T2-2 /T1-F0-1 /T4-T0-1 /T4-F1-1 
/T1-F1-1 /T4-F0-1 /T1-F0-1 /T0-T4-3 /T0-F1-1 /D:1     /W-F3-1  /D:1     /W-F2-1  /T2-F2-1 
/T2-F3-1 /T4-F2-1 /T2-F2-1 /T4-F3-1 /T2-F3-1 /T4-F2-1 /T2-F2-1 /T4-F3-1 
"
1021056,V#Fp#Grz#MKwY#NWjAH#fmBbDQ#qRUZyga#EckodIveJCPTnhtuXOxsSLil,108.500000,2277.000000,51.000000,0.560241,1,"
minimal: 0 / states: 135 / duration: 0.000144s
history:
/T6-F1-1  /T6-T4-1  /T4-T0-2  /T4-F0-1  /T3-T2-1  /T1-T5-1  /T0-T3-3  /T2-T0-2  /T5-T2-2  /T1-T3-1  
/D:2      /W-T5-1   /D:1      /W-T6-1   /T3-T6-5  /T4-T3-1  /T3-T0-2  /D:1      /W-T5-1   /D:2      
/W-T0-1   /D:1      /W-T4-1   /D:1      /W-T6-1   /T5-T6-3  /T5-F1-1  /T5-F0-1  /T6-T5-11 /T6-T1-1  
/T6-T0-1  /D:2      /W-F0-1   /D:3      /W-F2-1   /T5-F2-1  /T5-F1-1  /T2-F2-1  /T5-F0-1  /D:1      
/W-T4-1   /D:1      /W-T0-1   /D:6      /W-T0-1   /T2-T0-2  /T2-T4-1  /T5-T2-9  /T5-T4-1  /D:1      
/W-T1-1   /D:2      /W-T3-1   /R        /D:1      /W-F0-1   /D:1      /W-F1-1   /T2-F1-1  /T6-T2-1  
/T4-F1-1  /T6-F2-1  /D:5      /W-T1-1   /D:2      /W-T3-1   /T4-T3-4  /T4-F3-1  /W-F3-1   /D:2      
/R        /D:1      /W-T1-1   /D:1      /W-F3-1   /T0-F3-1  /T0-F2-1  /T2-F3-1  /T0-F3-1  /T2-F0-1  
/T3-F0-1  /T2-F1-1  /T2-F0-1  /T3-F1-1  /T0-T3-2  /T0-F0-1  /T1-F0-1  /D:1      /W-F3-1   /D:1      
/W-T2-1   /D:1      /W-F2-1   /T3-F2-1  /T2-F2-1  /T3-F3-1  /T2-F3-1  /T3-F2-1  /T3-F3-1  /T1-F3-1  
/T2-F2-1  /T3-F2-1  /T0-T3-2  /T0-F3-1  /T2-T1-1  /T2-F2-1  /T0-F2-1  /T1-T2-2  /T1-F3-1  /D:1      
/W-F1-1   /T3-F1-1  /T2-F1-1  /T3-F0-1  /T2-F0-1  /T3-F1-1  /T2-F1-1  /T3-F0-1  
"
1021076,g#rF#BTG#pIzW#tfDiX#EvjOyK#dkAeQuw#qPUnmxNbaCRYVLcSJsHZMhlo,151.000000,1823.000000,59.000000,0.534653,1,"
minimal: 0 / states: 132 / duration: 0.000150s
history:
/T6-T4-1 /T3-T5-1 /T1-T0-1 /T0-T6-2 /T3-T0-1 /T3-T5-1 /D:3     /W-T5-1  /T2-T5-1 /D:1     
/W-F2-1  /D:3     /W-F3-1  /D:1     /W-T3-1  /D:1     /W-F1-1  /T3-F1-1 /D:2     /W-T6-1  
/D:1     /W-T0-1  /T5-T0-5 /T4-T5-2 /T6-T4-4 /T6-T1-1 /T4-T5-5 /T4-T5-1 /T4-T0-1 /W-T1-1  
/T1-T0-3 /D:3     /W-F1-1  /D:1     /W-T4-1  /D:2     /W-T2-1  /T6-T2-1 /T6-F0-1 /W-T6-1  
/D:2     /W-T1-1  /T5-T1-9 /T5-F3-1 /D:4     /W-F2-1  /T3-F2-1 /R       /D:1     /W-F2-1  
/D:1     /W-F3-1  /D:1     /W-T3-1  /D:2     /W-T6-1  /D:1     /W-T3-1  /T6-T3-3 /T6-F1-1 
/T2-F1-1 /T0-T4-3 /T0-F1-1 /D:1     /W-T3-1  /T2-T3-2 /T2-F0-1 /T4-F0-1 /T1-F0-1 /T4-F3-1 
/T1-F3-1 /T4-F2-1 /T3-F2-1 /T4-F3-1 /T4-F2-1 /T3-F3-1 /T1-T3-2 /T1-F2-1 /D:1     /W-T2-1  
/D:2     /W-T2-1  /R       /D:1     /W-T2-1  /T5-T2-1 /T5-F2-1 /T5-F0-1 /T3-F0-1 /T0-F0-1 
/T0-F3-1 /T3-F1-1 /T3-F0-1 /T3-F3-1 /T0-F0-1 /T0-F3-1 /T3-F0-1 /T0-F0-1 /T1-T3-2 /T1-F3-1 
/T0-F3-1 /T3-T1-3 /T3-F0-1 /T1-T3-4 /T1-F3-1 /T2-T0-3 /T2-F0-1 /D:1     /W-F1-1  /T3-F1-1 
/T0-F1-1 /T3-F2-1 /T0-F2-1 /T3-F1-1 /T0-F1-1 /T3-F2-1 /T0-F2-1 /T3-F1-1 
"
1021086,m#FM#TLp#KVsn#CbaeA#XwWYOj#HPZvzDk#xyutEfoRUJQiqrgBhdIcNlSG,160.500000,2707.000000,54.000000,0.549505,1,"
minimal: 0 / states: 126 / duration: 0.000137s
history:
/T3-F2-1 /T4-F0-1 /T4-T3-1 /T4-F1-1 /T4-F1-1 /D:2     /W-T0-1  /T6-T0-1 /T6-T3-1 /D:5     
/W-F2-1  /T2-F2-1 /D:3     /W-T0-1  /D:2     /W-T0-1  /D:1     /W-F2-1  /D:1     /W-F2-1  
/D:2     /W-F0-1  /T4-F0-1 /T6-T4-1 /T6-T5-1 /T2-T6-1 /T3-T2-3 /T2-F0-1 /D:1     /W-T5-1  
/D:3     /W-F1-1  /D:1     /W-F3-1  /D:1     /W-T1-1  /D:2     /W-T5-1  /W-T5-1  /R       
/D:1     /W-T1-1  /T5-T1-5 /T5-F3-1 /T5-T4-1 /D:1     /W-T0-1  /T2-T0-3 /T6-T2-2 /T6-F3-1 
/T6-T3-1 /T1-T6-8 /T0-T1-1 /T0-F2-1 /T1-T0-2 /D:1     /W-F2-1  /T0-T3-3 /T0-F2-1 /D:1     
/W-F0-1  /D:4     /W-F3-1  /D:2     /W-F1-1  /T3-F1-1 /T3-F0-1 /D:1     /W-T5-1  /T6-T5-3 
/T6-F2-1 /R       /D:1     /W-F1-1  /D:1     /W-F3-1  /T5-F3-1 /T3-F3-1 /T5-F0-1 /T3-F0-1 
/D:1     /W-F3-1  /T3-F3-1 /T5-T3-3 /T5-F2-1 /T3-T6-2 /T3-F3-1 /T5-F3-1 /T4-F3-1 /T6-T3-3 
/T6-F2-1 /T0-T2-3 /T0-F2-1 /T4-F2-1 /T2-T0-4 /T2-F3-1 /T3-T6-4 /D:1     /W-F1-1  /T6-F1-1 
/T0-F1-1 /T6-F0-1 /T0-F0-1 /T6-F1-1 /T0-F1-1 /T6-F0-1 /T0-F0-1 /T6-F1-1 /T0-F1-1 /T6-F0-1 
"
1021090,x#hs#uol#Zpzi#eYHkN#gjtrcv#AFwfWOJ#MPLUbnTKaCqBIXVSdQyGEDRm,141.500000,1784.000000,46.000000,0.593023,1,"
minimal: 0 / states: 121 / duration: 0.000132s
history:
/T4-F3-1 /T6-T4-1 /T6-F3-1 /T5-T6-1 /T6-T0-2 /T3-T4-1 /T2-T3-1 /T2-T5-1 /T0-T3-3 /T3-T0-5 
/T2-T4-1 /D:1     /W-T2-1  /D:1     /W-F3-1  /D:2     /W-T0-1  /D:1     /W-T3-1  /D:1     
/W-F2-1  /T5-F2-1 /D:1     /W-T4-1  /T1-T4-1 /D:2     /W-F1-1  /T3-F1-1 /T3-F2-1 /T5-F1-1 
/T5-T6-1 /T6-T5-2 /T5-T0-3 /D:2     /W-F2-1  /T0-F2-1 /T4-F2-1 /D:2     /W-T5-1  /T1-T5-1 
/D:2     /W-T6-1  /D:2     /W-F1-1  /D:1     /W-F3-1  /D:1     /W-T3-1  /T4-T3-5 /T4-T6-1 
/T4-T2-1 /T4-F1-1 /T0-F1-1 /T0-F2-1 /T3-T6-1 /T3-F2-1 /D:1     /W-T0-1  /W-T0-1  /D:1     
/W-T0-1  /D:2     /W-F3-1  /D:1     /W-T1-1  /R       /D:1     /W-T1-1  /D:1     /W-T2-1  
/T5-T2-3 /T5-F1-1 /T2-F1-1 /T3-F1-1 /T0-T2-4 /T0-F2-1 /T6-T3-3 /T6-F2-1 /T6-T3-1 /T6-F0-1 
/T2-T0-5 /T2-F1-1 /T0-T2-6 /T0-F2-1 /T3-T1-6 /T3-F2-1 /D:2     /W-F0-1  /W-F0-1  /D:2     
/W-F0-1  /T2-F0-1 /T1-F0-1 /T2-F3-1 /T1-F3-1 /T2-F0-1 /T1-F0-1 /T2-F3-1 /T1-F3-1 /T2-F0-1 
/T1-F0-1 /T1-F1-1 /T2-F3-1 /T2-F0-1 /T0-F1-1 /W-F3-1  /T1-F0-1 /T1-F1-1 /T2-F3-1 /T0-F2-1 
/T2-F0-1 /T3-F3-1 
"
1021141,E#SY#KkN#hPvc#uIsMT#CFgeRA#wLljmnO#ZJVDqdptHQzrxUBfoWibaXGy,169.000000,2100.000000,50.000000,0.637755,1,"
minimal: 0 / states: 121 / duration: 0.000144s
history:
/T2-F3-1 /T5-F0-1 /T6-F3-1 /T6-F2-1 /D:2     /W-T2-1  /D:1     /W-T2-1  /D:1     /W-T5-1  
/T3-T5-1 /D:2     /W-T0-1  /D:1     /W-T0-1  /D:2     /W-T2-1  /T4-T2-1 /T1-T4-1 /T0-T1-3 
/T6-T0-1 /T3-T6-1 /T3-F3-1 /T3-T6-1 /T4-T3-2 /T5-T4-3 /T4-T2-4 /W-T6-1  /W-T5-1  /T1-T6-4 
/W-T1-1  /D:1     /W-F3-1  /D:3     /W-T3-1  /T6-T3-8 /D:1     /W-T4-1  /D:1     /W-F0-1  
/D:2     /W-F2-1  /T3-F2-1 /T5-F2-1 /T2-T5-2 /T2-F3-1 /T5-T2-3 /D:4     /W-F1-1  /W-F1-1  
/T2-F1-1 /T3-F1-1 /D:2     /W-T4-1  /D:1     /W-T0-1  /T2-T0-8 /T2-T6-1 /R       /D:1     
/W-T2-1  /T6-T2-2 /T6-T1-1 /D:1     /W-F2-1  /D:1     /W-T4-1  /T3-T4-1 /T3-F3-1 /T0-T5-3 
/T0-F3-1 /T5-T0-4 /T0-T5-2 /T0-F2-1 /T5-T0-3 /T5-F0-1 /T0-F0-1 /T0-F1-1 /T4-F0-1 /T0-F0-1 
/T4-F1-1 /T0-F1-1 /T3-F2-1 /T4-F0-1 /T0-F0-1 /T3-F1-1 /T4-F3-1 /T4-F0-1 /T4-F2-1 /T0-F3-1 
/T3-F2-1 /T0-F0-1 /T2-F0-1 /T1-F0-1 /T6-F2-1 /D:1     /W-F3-1  /D:1     /W-F1-1  /T3-F1-1 
/T0-F1-1 /T3-F2-1 /T2-F1-1 /T0-F2-1 /T0-F1-1 /T2-F2-1 /D:1     /W-F3-1  /T3-F3-1 /T1-F3-1 
/T3-F0-1 
"
1021226,Z#DY#VRI#WtHd#BbkjU#FnSmJa#QguLcoO#AvCwMiXzslhENfPGqxTpKyre,142.000000,1809.000000,42.000000,0.658824,1,"
minimal: 0 / states: 127 / duration: 0.000156s
history:
/T5-F1-1 /T4-T2-1 /T2-T4-2 /D:1     /W-F0-1  /D:2     /W-T3-1  /T6-T3-1 /D:3     /W-T5-1  
/D:7     /W-F3-1  /T3-F3-1 /D:2     /W-F3-1  /D:1     /W-T4-1  /W-T4-1  /W-T4-1  /T3-T4-2 
/T3-T5-1 /D:1     /W-T2-1  /F3-T2-1 /T6-T2-1 /T2-T6-1 /T2-F3-1 /T6-T2-2 /T6-T0-1 /D:1     
/W-T1-1  /T4-T1-8 /T5-T4-3 /T4-T0-4 /T4-F1-1 /T4-F0-1 /T1-F0-1 /T5-T4-1 /T5-T3-1 /T5-F2-1 
/T2-F2-1 /T2-F1-1 /T2-T5-2 /T6-T2-1 /T6-T0-1 /T1-F1-1 /T6-F3-1 /T5-T0-3 /D:1     /W-T2-1  
/D:1     /W-F2-1  /T0-F2-1 /T0-F3-1 /T3-F3-1 /T2-F3-1 /D:2     /W-T4-1  /D:1     /W-F2-1  
/D:1     /W-F1-1  /R       /D:3     /W-T5-1  /T1-T5-8 /T1-F0-1 /T5-F0-1 /T0-F0-1 /T5-F1-1 
/T5-F0-1 /T3-T5-1 /T0-F1-1 /T0-F0-1 /D:1     /W-T4-1  /W-T4-1  /W-T3-1  /T5-T3-2 /T5-F0-1 
/T0-T4-1 /T0-F0-1 /D:1     /W-T1-1  /D:1     /W-F2-1  /T3-F2-1 /T2-F2-1 /T3-F3-1 /T2-F3-1 
/T3-F2-1 /T3-F3-1 /T4-T0-2 /T4-F3-1 /D:1     /W-T1-1  /T5-T1-2 /T5-F3-1 /D:1     /W-F1-1  
/T0-F1-1 /T0-F2-1 /T1-F1-1 /T0-F1-1 /T1-F2-1 /T4-F2-1 /T1-F1-1 /T1-F2-1 /T4-F1-1 /D:1     
/W-F0-1  /T0-F0-1 /T0-F3-1 /T5-F0-1 
"
1021227,U#eJ#QGL#hiNK#CrAEu#ZmnpXq#bYPcytT#HBaokwvWjIDOlFRfdMxSgszV,108.500000,2584.000000,52.000000,0.600000,1,"
minimal: 0 / states: 142 / duration: 0.000156s
history:
/T6-T4-1  /T6-T0-1  /D:3      /W-F1-1   /D:2      /W-T2-1   /T1-T2-1  /T5-T1-1  /T5-T6-1  /D:1      
/W-T6-1   /D:2      /W-T3-1   /W-T3-1   /T0-T3-2  /D:4      /W-T5-1   /D:2      /W-T4-1   /T1-T4-2  
/D:2      /W-T3-1   /D:2      /W-T0-1   /D:5      /W-T1-1   /D:1      /W-T2-1   /T4-T2-5  /T4-T3-1  
/T4-F0-1  /R        /D:2      /W-F0-1   /D:5      /W-T0-1   /T3-T0-7  /T3-F3-1  /T5-F3-1  /T3-T6-1  
/D:2      /W-T0-1   /T5-T0-1  /T5-F2-1  /T6-T5-4  /T6-T2-1  /T6-F3-1  /T6-T1-1  /T6-F1-1  /T5-T6-5  
/T2-T5-10 /T2-T3-1  /T2-F3-1  /T5-F1-1  /W-F3-1   /D:1      /W-T1-1   /D:1      /W-T3-1   /T4-T3-1  
/T4-F0-1  /W-F0-1   /T0-T3-2  /T0-F0-1  /T3-T0-3  /T3-F3-1  /D:2      /R        /D:1      /W-T6-1   
/D:1      /W-F2-1   /T0-F2-1  /T0-F1-1  /T5-F2-1  /T0-F2-1  /T5-F1-1  /T0-F1-1  /T5-F0-1  /T3-F0-1  
/T5-F3-1  /T6-F0-1  /T0-T3-1  /T0-F3-1  /T5-T6-1  /T5-F3-1  /T3-T0-2  /D:1      /W-T1-1   /T0-T1-3  
/T0-F3-1  /D:1      /W-F0-1   /T5-F0-1  /T0-F0-1  /T6-T5-3  /T6-F3-1  /T1-T0-5  /T1-F3-1  /T5-T6-4  
/T5-F0-1  /T5-F3-1  /T0-T1-6  /T0-F0-1  /D:1      /W-F1-1   /D:1      /W-F2-1   /T1-F2-1  /T1-F1-1  
/T6-F2-1  /T1-F2-1  /T6-F1-1  /T1-F1-1  /T6-F2-1  /T1-F2-1  /T6-F1-1  /T1-F1-1  /T6-F2-1  /T1-F2-1  
/T6-F1-1  
"
1021267,C#Ae#WwD#EMXo#qQHmz#IvFSLO#Ttfcxgp#iPlRUuJdrhVKnGsbaYNjBkyZ,134.500000,1683.000000,52.000000,0.533708,1,"
minimal: 0 / states: 126 / duration: 0.000143s
history:
/T5-T0-1  /T2-T1-1  /D:1      /W-T2-1   /D:1      /W-T1-1   /T3-T1-1  /T3-T5-1  /T2-T5-2  /D:1      
/W-T3-1   /D:3      /W-T5-1   /D:6      /W-T3-1   /T2-T3-1  /T4-T2-1  /T5-T4-5  /D:1      /W-F2-1   
/T1-F2-1  /T6-F2-1  /T6-T4-1  /D:2      /W-T4-1   /T1-T4-3  /T1-F0-1  /T4-T1-11 /D:2      /W-F1-1   
/W-F1-1   /D:1      /W-T2-1   /T6-T2-1  /T6-F1-1  /D:1      /W-F3-1   /T0-F3-1  /T1-F3-1  /D:1      
/W-T2-1   /D:1      /W-F0-1   /T0-F0-1  /T1-F0-1  /T3-T0-4  /T3-F0-1  /D:3      /W-T3-1   /W-T3-1   
/W-T3-1   /R        /D:3      /W-T3-1   /D:1      /W-F1-1   /T1-F1-1  /T6-F1-1  /T5-T6-1  /T5-F0-1  
/T5-T0-1  /W-T0-1   /T6-T0-2  /T1-T6-1  /T1-F1-1  /W-T6-1   /T5-T2-1  /T6-T1-3  /D:1      /W-T0-1   
/D:1      /W-F1-1   /D:1      /W-T3-1   /T4-T3-1  /T4-F3-1  /T4-F2-1  /T0-F2-1  /T1-F3-1  /T0-F3-1  
/T1-F2-1  /T0-F2-1  /T1-F3-1  /T1-F2-1  /T0-F3-1  /T0-F2-1  /T1-F1-1  /T1-F2-1  /T2-T0-1  /T2-F1-1  
/T2-F2-1  /T3-T1-3  /T3-F1-1  /T3-F2-1  /T0-T2-3  /T0-F1-1  /T1-T3-5  /T1-F1-1  /T2-T0-4  /T2-F2-1  
/D:1      /W-F0-1   /T3-F0-1  /T0-F0-1  /T3-F3-1  /T0-F3-1  /T3-F0-1  /T0-F0-1  /T3-F3-1  /T0-F3-1  
/T3-F0-1  /T0-F0-1  /T3-F3-1  
"
1021299,I#tx#QYj#vMWX#rReJo#aTwCAf#kKcHVpF#iLsSygnuODBzUhZNmEbPldqG,128.000000,3570.000000,53.000000,0.558140,1,"
minimal: 0 / states: 128 / duration: 0.000145s
history:
/T2-T1-1 /T1-T2-2 /T5-T1-1 /T5-F0-1 /T0-T2-1 /D:7     /W-F2-1  /T4-F2-1 /T4-T3-1 /T4-T6-1 
/D:2     /W-T5-1  /D:1     /W-T4-1  /D:1     /W-F0-1  /D:1     /W-T0-1  /T2-T0-4 /T5-T2-2 
/D:1     /W-T0-1  /T1-T0-2 /D:2     /W-T1-1  /D:1     /W-F3-1  /T2-F3-1 /T2-F0-1 /T4-F0-1 
/D:2     /W-F0-1  /D:2     /W-F3-1  /T2-F3-1 /T4-F3-1 /T4-T0-1 /D:2     /W-T0-1  /D:1     
/W-T6-1  /D:1     /R       /D:1     /W-T3-1  /D:1     /W-T1-1  /T3-T1-3 /D:2     /W-F3-1  
/D:3     /W-T1-1  /W-T1-1  /T6-T1-3 /T6-F2-1 /T6-T5-1 /T6-T5-1 /T6-T1-1 /T3-T6-1 /T3-T2-1 
/T3-T6-1 /D:1     /W-T6-1  /D:1     /W-T3-1  /W-T3-1  /D:2     /W-T2-1  /T6-T2-4 /T5-T6-3 
/T5-F3-1 /T5-F1-1 /W-F1-1  /T1-F1-1 /T0-F1-1 /T1-F2-1 /T0-F2-1 /T1-F1-1 /T0-F1-1 /T1-F0-1 
/W-F2-1  /T0-F2-1 /T1-F1-1 /T1-F2-1 /T0-F3-1 /T2-F1-1 /T2-F2-1 /T1-F1-1 /T0-T2-1 /T0-F1-1 
/T6-T1-2 /T6-F2-1 /T0-F2-1 /T3-F2-1 /T6-F1-1 /T2-T0-3 /T2-F1-1 /T3-F1-1 /T0-T2-4 /T0-F2-1 
/D:1     /W-F0-1  /T1-F0-1 /T1-F3-1 /T2-F0-1 /T1-F0-1 /T2-F3-1 /T1-F3-1 /T2-F0-1 /T1-F0-1 
/T2-F3-1 /T1-F3-1 /T2-F0-1 
"
1021300,N#ic#gaW#uSYk#QJjqV#DFLHUz#RvpPbom#lGeEIdwCrsBtyxTMKfOXhZnA,137.000000,1724.000000,53.000000,0.548387,1,"
minimal: 0 / states: 127 / duration: 0.000143s
history:
/T0-F3-1 /T6-T0-1 /T6-T1-1 /D:1     /W-T5-1  /D:4     /W-T2-1  /D:2     /W-T3-1  /T4-T3-1 
/T1-T4-2 /D:6     /W-T0-1  /T3-T0-3 /D:1     /W-T3-1  /T2-T3-2 /T2-F1-1 /T6-F1-1 /T4-T6-1 
/T4-F1-1 /T6-T4-2 /D:3     /W-T5-1  /D:2     /W-F3-1  /D:2     /W-T3-1  /D:2     /W-F2-1  
/T4-F2-1 /T6-F2-1 /T4-F3-1 /T4-F2-1 /T4-T5-1 /T6-T5-1 /T1-T4-1 /T5-T1-5 /T5-T1-1 /T5-T0-1 
/T2-T0-1 /W-T2-1  /T5-T2-1 /T5-T0-1 /W-T2-1  /T4-T2-2 /T4-F3-1 /T6-F3-1 /D:1     /W-F0-1  
/R       /D:1     /W-T1-1  /D:1     /W-T0-1  /T5-T0-1 /D:2     /W-F1-1  /D:2     /W-F2-1  
/D:1     /W-F2-1  /D:1     /W-F0-1  /W-F0-1  /T0-F0-1 /T0-F1-1 /W-F0-1  /T0-F0-1 /T1-F0-1 
/D:1     /W-F2-1  /D:2     /W-T4-1  /T3-T4-5 /T3-F3-1 /W-F3-1  /T1-F3-1 /T3-F2-1 /T1-F2-1 
/T0-T2-2 /T0-F3-1 /T0-F2-1 /T4-T1-2 /T4-F3-1 /T4-F2-1 /T2-T0-4 /T2-F3-1 /T4-F3-1 /T0-T2-5 
/T0-F2-1 /T1-T4-5 /T1-F2-1 /T2-T0-6 /T2-F3-1 /D:1     /W-F1-1  /T0-F1-1 /T0-F0-1 /T4-F1-1 
/T0-F1-1 /T4-F0-1 /T0-F0-1 /T4-F1-1 /T0-F1-1 /T4-F0-1 /T0-F0-1 /T4-F1-1 /T0-F1-1 /T4-F0-1 
"
1021305,X#Fr#cAG#kPRb#HdIYn#LMZhqV#etwKgay#NuOzUpSvsQlDximEjJBfTWoC,156.000000,1618.000000,60.000000,0.545000,1,"
minimal: 0 / states: 136 / duration: 0.000160s
history:
/T4-F2-1  /T0-T6-1  /D:1      /W-F3-1   /D:1      /W-T5-1   /D:1      /W-F3-1   /D:1      /W-T0-1   
/T4-T0-1  /D:1      /W-T4-1   /T2-T4-1  /T2-F0-1  /D:2      /W-T4-1   /T1-T4-1  /D:3      /W-T4-1   
/D:3      /W-T0-1   /D:4      /W-T0-1   /T4-T0-6  /D:1      /W-T6-1   /T5-T6-2  /T2-T5-1  /D:1      
/W-F0-1   /D:2      /W-T6-1   /T1-T6-1  /D:2      /W-F2-1   /D:1      /W-T0-1   /T3-T0-1  /T5-T3-2  
/T3-T6-3  /T3-F3-1  /T0-T4-2  /T0-F3-1  /T4-T0-3  /R        /D:1      /W-F2-1   /D:6      /W-T1-1   
/T6-T1-10 /T6-F1-1  /T0-F1-1  /T0-F0-1  /T1-F1-1  /T0-F1-1  /T1-F2-1  /T0-F2-1  /T6-T4-1  /T1-F3-1  
/T0-F3-1  /T1-T4-1  /T1-F3-1  /T0-T5-1  /T0-F3-1  /T5-T0-2  /T5-T2-1  /D:2      /W-T0-1   /W-T0-1   
/D:1      /W-T6-1   /R        /D:1      /W-T6-1   /D:1      /W-F2-1   /D:1      /W-T5-1   /T6-T5-3  
/T6-T3-1  /T6-F2-1  /T6-T4-1  /T5-T6-5  /T1-F2-1  /T1-F3-1  /T4-F1-1  /T6-F2-1  /T3-F2-1  /T6-F3-1  
/T0-T6-6  /T0-F2-1  /T1-T3-1  /T1-F3-1  /T0-F3-1  /T1-F2-1  /T0-F2-1  /T2-F3-1  /T3-T5-2  /T5-T1-3  
/D:1      /W-F0-1   /T6-F0-1  /T4-F0-1  /T6-F1-1  /T4-F1-1  /T6-F0-1  /T4-F0-1  /T6-F1-1  /T6-F0-1  
/T1-F0-1  /D:1      /W-F1-1   /T6-F1-1  /T1-F1-1  /T6-F0-1  /T1-F0-1  /T6-F1-1  /T1-F1-1  /T6-F0-1  
"
1021356,c#xL#mbt#YEwr#FRukS#lGhvMq#onKPBsa#JeQWUzXCOiVjAHTIZNfypdDg,88.000000,1281.000000,30.000000,0.856164,1,"
minimal: 0 / states: 118 / duration: 0.000136s
history:
/T6-F1-1 /T4-T2-1 /T3-T2-1 /T4-T1-1 /T3-T1-1 /T0-T5-1 /D:2     /W-T6-1  /T5-T6-2 /T5-T0-1 
/D:1     /W-T2-1  /D:2     /W-T5-1  /T2-T5-4 /T2-F1-1 /T1-T2-3 /W-T1-1  /T5-T1-6 /T6-F1-1 
/D:3     /W-T1-1  /D:1     /W-T1-1  /D:1     /W-T2-1  /T4-T2-1 /D:3     /W-F0-1  /D:2     
/W-T2-1  /T6-T2-3 /T6-F0-1 /T6-T2-1 /D:3     /W-F3-1  /T1-F3-1 /T1-F0-1 /T2-F3-1 /T1-F3-1 
/T4-F3-1 /D:4     /W-F1-1  /D:1     /W-F0-1  /T3-F0-1 /T6-T3-1 /T6-F2-1 /T6-F2-1 /W-F2-1  
/T2-F2-1 /T1-F2-1 /T1-F3-1 /T2-F1-1 /T2-F2-1 /T4-F0-1 /T2-F3-1 /T1-F2-1 /T1-F3-1 /T5-T1-1 
/T5-F0-1 /T2-F2-1 /T1-T5-4 /T3-T0-2 /D:1     /R       /D:2     /W-T1-1  /T5-T1-5 /D:2     
/W-F3-1  /D:1     /W-T0-1  /T1-T0-2 /T1-F3-1 /W-F3-1  /D:1     /W-F0-1  /D:1     /W-F0-1  
/W-F0-1  /T0-T1-3 /T0-F0-1 /T0-F3-1 /D:1     /W-F3-1  /D:1     /W-F1-1  /D:2     /W-F1-1  
/T1-F1-1 /T1-F2-1 /T2-F1-1 /T1-F1-1 /T2-F2-1 /T1-F2-1 /T2-F1-1 /T1-F1-1 /T2-F0-1 /T0-F0-1 
/W-F2-1  /T1-F2-1 /T2-F1-1 
"
1021380,I#SZ#fht#zKdn#xriby#oQeFLE#YMAuNcH#RsmqVPkCwDvpTjBOXGlaUgWJ,151.500000,1729.000000,53.000000,0.578125,1,"
minimal: 0 / states: 129 / duration: 0.000240s
history:
/T3-F2-1 /T4-T1-1 /T3-T5-1 /D:7     /W-T1-1  /D:1     /W-T5-1  /T4-T5-1 /T6-T4-1 /D:1     
/W-T1-1  /T4-T1-2 /D:4     /W-T1-1  /D:1     /W-T3-1  /T0-T3-1 /T1-T0-7 /T5-T1-4 /T1-T2-5 
/D:1     /W-T6-1  /D:2     /W-T5-1  /D:3     /W-F1-1  /T2-F1-1 /D:1     /W-T3-1  /T2-T3-5 
/D:3     /W-T5-1  /R       /D:2     /W-T0-1  /W-T0-1  /D:1     /W-T1-1  /T5-T1-3 /D:1     
/W-T0-1  /T6-T0-2 /T6-F3-1 /D:1     /W-T1-1  /T6-T1-1 /T6-F0-1 /T0-F0-1 /T0-F1-1 /T3-F0-1 
/T3-F1-1 /D:1     /W-T0-1  /D:1     /W-F0-1  /T3-F0-1 /T5-F0-1 /T5-F1-1 /T4-T3-1 /T5-T3-1 
/T5-F2-1 /T6-T5-1 /T3-T6-8 /T6-T3-9 /D:2     /W-F2-1  /D:1     /W-F3-1  /T0-F3-1 /T0-F2-1 
/T3-F3-1 /T0-F3-1 /T3-F2-1 /T0-F2-1 /T3-F3-1 /T0-F3-1 /T3-F2-1 /T1-F2-1 /T3-F3-1 /T2-T3-1 
/T2-F1-1 /T1-F3-1 /W-F2-1  /T0-T1-2 /T0-F2-1 /T4-F2-1 /D:1     /W-F0-1  /T1-F0-1 /D:1     
/W-T5-1  /D:1     /W-F1-1  /T3-F1-1 /T1-F1-1 /T3-F0-1 /T1-F0-1 /T3-F1-1 /T0-F1-1 /T0-F2-1 
/T3-F0-1 /T5-F1-1 /T1-T0-2 /T1-F1-1 /T3-T5-1 /T3-F2-1 /D:1     /W-F3-1  /T0-F3-1 /T0-F0-1 
/T5-F3-1 /T0-F3-1 /T5-F0-1 
"
1021427,T#Ub#yut#PIXO#CRzqJ#DVQKdB#swhcejN#kolrxAvFpmnGgZEfWHiMSaLY,160.000000,2556.000000,65.000000,0.470588,1,"
minimal: 0 / states: 141 / duration: 0.000210s
history:
/T6-F3-1  /T3-F3-1  /T4-T3-1  /D:6      /W-F0-1   /T5-F0-1  /D:1      /W-T6-1   /D:1      /W-T0-1   
/D:1      /W-T5-1   /T1-T5-1  /T2-T1-1  /T0-T2-2  /T1-T6-2  /D:1      /W-T0-1   /D:1      /W-F2-1   
/D:3      /W-T1-1   /D:2      /W-T6-1   /W-T6-1   /T5-T6-3  /T6-T5-9  /T6-T2-1  /T4-T2-1  /T6-T2-1  
/D:3      /W-T3-1   /T2-T3-6  /T3-T2-9  /T6-T3-1  /T2-T0-10 /T4-T2-1  /D:3      /W-F1-1   /T5-F1-1  
/T0-F1-1  /D:1      /W-T1-1   /D:1      /W-T2-1   /T5-T2-9  /T2-T5-1  /T2-F1-1  /T5-T2-2  /T5-T6-1  
/T0-T4-1  /T0-F1-1  /T4-T0-2  /T4-F0-1  /T5-F0-1  /R        /D:1      /W-T1-1   /T6-T1-2  /D:1      
/W-F2-1   /T2-F2-1  /T0-F2-1  /D:2      /W-F2-1   /T6-F2-1  /D:2      /W-T3-1   /T2-T3-3  /T2-F2-1  
/D:3      /W-T1-1   /T0-T1-3  /T0-F2-1  /D:1      /W-T4-1   /D:1      /R        /D:1      /W-T4-1   
/D:1      /W-T4-1   /D:2      /W-T4-1   /T3-T4-6  /T3-F3-1  /T4-F3-1  /T1-F3-1  /T4-F0-1  /T1-F0-1  
/T4-F1-1  /W-F1-1   /T4-F0-1  /T4-F1-1  /T0-F1-1  /T2-T4-1  /T2-F2-1  /T2-F1-1  /T1-T0-3  /T1-F2-1  
/T1-F1-1  /T4-T2-3  /T4-F2-1  /T4-F1-1  /T0-T1-5  /T0-F2-1  /T0-F1-1  /T2-T4-5  /T2-F2-1  /D:1      
/W-F3-1   /T1-F3-1  /T1-F0-1  /T4-F3-1  /T1-F3-1  /T4-F0-1  /T1-F0-1  /T4-F3-1  /T1-F3-1  /T4-F0-1  
/T1-F0-1  /T4-F3-1  /T1-F3-1  /T4-F0-1  
"
1021443,E#cJ#ojO#Gmnv#ULrfC#WpZdQP#TKIiwxu#DHhNRzylAXeMgsFVtqkBYbSa,126.000000,1426.000000,41.000000,0.628378,1,"
minimal: 0 / states: 119 / duration: 0.000130s
history:
/T2-T4-1 /T3-T2-1 /T3-F2-1 /D:3     /W-T2-1  /D:1     /W-F3-1  /T4-F3-1 /T5-F3-1 /T5-F3-1 
/T4-T5-1 /T5-T0-2 /T0-T4-3 /T5-T0-1 /D:1     /W-F3-1  /D:2     /W-T0-1  /D:2     /W-F0-1  
/D:1     /W-T0-1  /T1-T0-1 /D:3     /W-T6-1  /D:1     /W-T6-1  /D:2     /W-T0-1  /T6-T0-3 
/T2-T6-3 /T2-F2-1 /T5-F2-1 /T3-T2-1 /T4-T3-4 /T3-T6-5 /D:2     /W-F2-1  /T4-F2-1 /T4-T2-1 
/T0-F2-1 /W-F2-1  /W-T0-1  /W-T3-1  /W-T0-1  /W-T3-1  /T6-T3-9 /D:1     /W-T2-1  /T6-T2-1 
/T6-T2-1 /T6-T5-1 /T4-T5-1 /W-T4-1  /W-T2-1  /T0-T2-3 /T0-F2-1 /W-T2-1  /T1-T2-1 /T5-T6-3 
/D:1     /W-F0-1  /T3-F0-1 /D:1     /W-T4-1  /T6-T4-4 /D:2     /W-F3-1  /T6-F3-1 /T4-F3-1 
/T0-F3-1 /T3-T4-5 /T3-F2-1 /T2-T0-7 /T2-F2-1 /T4-T3-6 /T4-F3-1 /T0-T2-8 /T0-F3-1 /T3-T4-7 
/T3-F2-1 /T0-F2-1 /T4-T3-8 /T4-F3-1 /T0-F3-1 /T4-F2-1 /D:1     /W-F1-1  /W-F1-1  /T2-F1-1 
/T2-F0-1 /T3-F1-1 /T2-F1-1 /T3-F0-1 /T2-F0-1 /T3-F1-1 /T2-F1-1 /T3-F0-1 /T2-F0-1 /T3-F1-1 
/T2-F1-1 /T3-F0-1 /T2-F0-1 /T3-F1-1 /T2-F1-1 /T3-F0-1 /T2-F0-1 /T3-F1-1 /T2-F1-1 /T3-F0-1 
"
1021444,k#HI#Wge#PBGZ#bLwnj#COMAXR#xovaVYy#qthicpUElNmQsrDFJKdSuzfT,91.000000,1149.000000,54.000000,0.620482,1,"
minimal: 0 / states: 138 / duration: 0.000157s
history:
/T6-T3-1 /T1-T4-1 /T0-T3-1 /T3-T0-3 /D:1     /W-T2-1  /D:2     /W-T4-1  /T3-T4-1 /D:2     
/W-T2-1  /T3-T2-1 /D:5     /W-F3-1  /D:5     /W-T5-1  /T3-T5-1 /D:2     /W-T0-1  /D:1     
/W-T6-1  /T4-T6-4 /T4-F2-1 /D:2     /W-T6-1  /D:2     /W-T3-1  /T6-T3-7 /T6-T0-1 /T6-F1-1 
/W-T0-1  /D:2     /W-T0-1  /R       /D:2     /W-T4-1  /T1-T4-1 /D:2     /W-T6-1  /D:1     
/W-T3-1  /D:2     /W-T1-1  /D:1     /W-T3-1  /D:1     /W-T0-1  /T5-T0-3 /T4-T5-3 /T5-T4-4 
/T5-F0-1 /T2-F0-1 /T4-T1-5 /T4-F1-1 /T5-T4-1 /T5-F3-1 /T5-F0-1 /T0-F3-1 /T0-F0-1 /T2-F1-1 
/T3-F3-1 /T0-F3-1 /T2-T0-2 /T2-T1-1 /T6-T2-2 /T6-F2-1 /T3-F0-1 /T3-F3-1 /T0-T1-3 /T0-F3-1 
/T2-F3-1 /W-T4-1  /W-F2-1  /T1-F2-1 /T2-T6-2 /T6-T4-3 /D:1     /W-F2-1  /D:1     /W-F0-1  
/T3-F0-1 /T1-T0-3 /T1-F0-1 /T0-T1-4 /T0-F3-1 /T3-T4-1 /T3-F0-1 /T0-F0-1 /T4-T3-2 /T4-F3-1 
/T1-T0-6 /T1-F3-1 /T3-T4-3 /T3-F0-1 /T1-F0-1 /T3-F3-1 /T0-T1-8 /T0-F3-1 /T4-T3-5 /T4-F0-1 
/W-T3-1  /D:1     /W-F1-1  /T1-F1-1 /T1-F2-1 /T3-F2-1 /D:1     /W-F1-1  /T1-F1-1 /T1-F2-1 
/T3-F1-1 /T1-F1-1 /T3-F2-1 /T1-F2-1 /T3-F1-1 /T1-F1-1 /T3-F2-1 /T1-F2-1 /T3-F1-1 /T1-F1-1 
/T3-F2-1 
"
1021469,W#HM#PJn#iCYl#ZXEtS#BVjgKU#uThvfxq#LFrNQOpmodeasDAywGIzRbck,103.000000,740.000000,39.000000,0.646667,1,"
minimal: 0 / states: 122 / duration: 0.000140s
history:
/T2-F2-1 /T3-T1-1 /D:3     /W-T4-1  /D:1     /W-F3-1  /D:1     /W-T4-1  /D:1     /W-F3-1  
/D:1     /W-T4-1  /D:2     /W-F2-1  /T4-F2-1 /T6-F2-1 /T6-T1-1 /T0-T1-1 /T1-T0-4 /D:3     
/W-F1-1  /D:3     /W-F0-1  /D:3     /W-T5-1  /T4-T5-3 /T6-T4-1 /T5-T6-5 /T5-T3-1 /T5-T1-1 
/T6-T0-6 /T4-T6-2 /T4-T6-1 /T5-T3-1 /T2-T4-1 /T5-T4-1 /T5-F0-1 /T2-F3-1 /T0-F3-1 /T0-F2-1 
/T1-T4-2 /D:1     /W-T3-1  /T6-T3-4 /D:1     /W-T1-1  /T3-T1-8 /T3-F0-1 /D:1     /W-F3-1  
/T0-F3-1 /T6-F3-1 /T6-T3-1 /D:1     /W-F1-1  /D:1     /W-F1-1  /D:1     /R       /D:2     
/W-T4-1  /D:1     /W-T2-1  /W-T2-1  /T4-T2-6 /D:1     /W-F1-1  /D:1     /W-F1-1  /D:1     
/W-F2-1  /T1-T0-2 /T1-F2-1 /T3-F2-1 /T0-T1-3 /T0-F3-1 /T0-F2-1 /T2-T3-3 /T2-F3-1 /T0-F3-1 
/T3-T2-4 /D:1     /W-F0-1  /T1-F0-1 /T1-F1-1 /T2-F0-1 /T1-F0-1 /T2-F1-1 /T1-F1-1 /T2-F0-1 
/T1-F0-1 /T2-F1-1 /T1-F1-1 /T2-F0-1 /T1-F0-1 /T2-F3-1 /T1-F3-1 /T2-F0-1 /T4-F3-1 /T0-T1-2 
/T0-F0-1 /D:1     /W-T2-1  /D:1     /W-F2-1  /T1-F2-1 /T2-F2-1 /D:1     /W-F1-1  /T1-F1-1 
/T1-F2-1 /T2-F1-1 
"
1021554,x#dK#iMV#wLCv#INkXb#QpeGRy#umjnEWY#aoDSqABlPzUhcTJgsFZHtfrO,113.500000,1225.000000,53.000000,0.547059,1,"
minimal: 0 / states: 128 / duration: 0.000141s
history:
/T1-T6-1 /D:1     /W-F1-1  /T4-F1-1 /T4-T5-1 /D:5     /W-F0-1  /D:1     /W-F0-1  /D:4     
/W-T3-1  /D:2     /W-F1-1  /T1-F1-1 /D:2     /W-T4-1  /T2-T4-1 /T6-T2-2 /T6-T0-1 /T3-T0-2 
/T3-F0-1 /T4-T3-3 /T4-F3-1 /T2-T1-3 /D:5     /W-T2-1  /D:1     /W-T0-1  /D:1     /W-T0-1  
/T6-T0-1 /T6-F2-1 /T6-T1-1 /T5-T6-2 /T4-T1-1 /T6-T4-3 /T6-T3-1 /W-T6-1  /T3-T6-5 /T2-T3-2 
/T3-T4-3 /D:2     /W-F3-1  /R       /D:1     /W-F2-1  /D:1     /W-F0-1  /T0-F0-1 /D:2     
/W-T5-1  /D:2     /W-F3-1  /D:1     /W-T2-1  /W-T2-1  /T0-T2-6 /D:1     /W-T1-1  /D:1     
/W-T4-1  /D:1     /W-T6-1  /D:1     /W-T4-1  /T5-T4-2 /T5-T1-1 /T5-F1-1 /T5-F2-1 /T4-F2-1 
/T5-F3-1 /T4-F3-1 /T2-F1-1 /T6-F1-1 /W-F3-1  /D:1     /W-F0-1  /T1-F0-1 /T1-F1-1 /T4-T6-2 
/T4-F0-1 /T1-F0-1 /T4-F1-1 /T1-F1-1 /T6-T4-4 /T6-F0-1 /T1-F0-1 /T6-F1-1 /T6-F0-1 /T2-T1-5 
/T2-F1-1 /T1-T2-6 /T1-F0-1 /T4-T6-7 /T4-F1-1 /D:1     /W-F2-1  /T6-F2-1 /T2-F2-1 /T6-F3-1 
/T2-F3-1 /T6-F2-1 /T2-F2-1 /T6-F3-1 /T2-F3-1 /T6-F2-1 /T2-F2-1 /T6-F3-1 /T2-F3-1 /T6-F2-1 
/T2-F2-1 /T6-F3-1 
"
1021562,W#BO#EDv#dFMP#zgTmh#GSCxKe#QsiVtbA#lfNcuIrHYkRpLUJXqnoyjaZw,127.000000,1357.000000,64.000000,0.514563,1,"
minimal: 0 / states: 136 / duration: 0.000151s
history:
/T6-F0-1 /T4-T2-1 /T2-T0-2 /T3-T2-1 /T2-T5-2 /D:1     /W-T3-1  /D:2     /W-F3-1  /T1-F3-1 
/T1-F0-1 /T4-T1-1 /T5-F3-1 /D:1     /W-T5-1  /D:9     /W-T1-1  /D:3     /W-T1-1  /W-T1-1  
/D:2     /W-F2-1  /D:1     /W-F2-1  /D:3     /W-F1-1  /T6-F1-1 /T5-F1-1 /T6-T0-1 /T6-T1-1 
/D:2     /R       /D:1     /W-T0-1  /T2-T0-1 /T3-T2-2 /T5-T3-2 /T5-T2-1 /T3-T4-3 /T3-F1-1 
/T0-T2-6 /D:1     /W-T1-1  /T4-T1-4 /D:3     /W-T6-1  /T4-T6-1 /D:1     /W-T4-1  /T5-T4-1 
/T5-F0-1 /T1-F0-1 /T1-F1-1 /T2-F0-1 /T1-F0-1 /T2-F1-1 /T5-T2-1 /T5-F0-1 /T6-F1-1 /T6-F0-1 
/W-T2-1  /W-F0-1  /D:3     /W-F2-1  /D:2     /W-F2-1  /T2-F2-1 /D:2     /W-T4-1  /D:1     
/W-T0-1  /W-T0-1  /D:1     /R       /D:1     /W-T0-1  /D:3     /W-T0-1  /T6-T0-1 /T6-F2-1 
/T6-F3-1 /R       /D:1     /W-F3-1  /T2-F3-1 /T1-F3-1 /T2-F2-1 /T1-F2-1 /T2-F1-1 /T0-F1-1 
/T2-F2-1 /T4-F1-1 /T0-F2-1 /T0-F1-1 /T4-F2-1 /T0-F2-1 /T2-T4-2 /T2-F1-1 /T1-T0-4 /T1-F1-1 
/T4-T2-3 /T4-F2-1 /D:1     /W-F3-1  /T0-F3-1 /T0-F0-1 /T2-F3-1 /T0-F3-1 /T2-F0-1 /T0-F0-1 
/T2-F3-1 /T0-F3-1 /T2-F0-1 
"
1021588,s#ol#JmB#bhMn#aGAIS#OCVWtv#uZTdNqQ#DXULjYzpxgecKykRFfPrHEwi,122.000000,1275.000000,56.000000,0.559783,1,"
minimal: 0 / states: 135 / duration: 0.000143s
history:
/T3-F2-1 /T1-T3-1 /T1-F2-1 /T3-T1-2 /T3-T5-1 /D:8     /W-F2-1  /D:1     /W-T1-1  /D:2     
/W-T0-1  /D:9     /W-T4-1  /T6-T4-1 /T6-F2-1 /T6-F3-1 /D:4     /R       /D:1     /W-T0-1  
/D:4     /W-T1-1  /T5-T1-2 /T4-T5-3 /T5-T1-4 /T4-T5-1 /T4-F0-1 /T2-F0-1 /W-T2-1  /W-T5-1  
/T4-T5-1 /T4-F1-1 /T3-F1-1 /T2-T3-2 /W-T3-1  /T2-T3-1 /D:2     /W-T2-1  /W-T2-1  /D:2     
/W-F1-1  /T6-F1-1 /T0-T6-3 /D:1     /W-T2-1  /T5-T2-4 /T5-T3-1 /T5-F0-1 /T5-F3-1 /T6-F0-1 
/T6-F1-1 /D:3     /W-T6-1  /D:2     /W-F1-1  /D:1     /W-F3-1  /T1-F3-1 /T1-F2-1 /T6-F3-1 
/T6-F2-1 /T1-F3-1 /T1-F2-1 /T6-F3-1 /T6-T0-1 /T6-F2-1 /T2-T1-1 /T2-F3-1 /T3-F3-1 /T1-T2-2 
/T1-F2-1 /T2-T1-3 /T2-F3-1 /D:2     /W-F0-1  /D:1     /W-F2-1  /T1-T2-4 /T1-F2-1 /D:1     
/W-T3-1  /W-T3-1  /W-F0-1  /T2-F0-1 /T3-F0-1 /R       /D:1     /W-F1-1  /T2-F1-1 /T2-F0-1 
/T3-F1-1 /T2-F1-1 /T3-F0-1 /T2-F0-1 /T3-F3-1 /T2-F3-1 /T0-F3-1 /T3-F0-1 /T1-T2-1 /T1-F0-1 
/D:1     /W-F2-1  /D:1     /W-F1-1  /T2-F1-1 /T2-F2-1 /T3-F1-1 
"
1021625,U#Nr#LHM#TZxa#IiCJv#hKdkoq#GzObSlj#uBWwFpAnYmfycQEeRPXgsDVt,106.500000,2418.000000,48.000000,0.577922,1,"
minimal: 0 / states: 129 / duration: 0.000141s
history:
/T3-F1-1 /T6-T3-1 /T6-T2-1 /T4-T3-1 /T3-T2-3 /T1-T6-1 /T1-F3-1 /T2-T1-5 /T0-T1-1 /T3-T0-1 
/T3-T2-1 /D:5     /W-T2-1  /D:2     /W-F0-1  /D:1     /W-F2-1  /D:2     /W-T3-1  /D:2     
/W-T0-1  /D:1     /W-T5-1  /D:1     /W-T6-1  /D:2     /W-T2-1  /T5-T2-2 /T5-F2-1 /T4-T5-1 
/T5-T0-2 /T4-T5-1 /T2-T4-6 /T4-T0-7 /T2-T3-1 /D:3     /W-T3-1  /D:5     /W-T1-1  /T6-T1-3 
/T6-F1-1 /T6-F3-1 /T6-T2-1 /T0-F1-1 /T5-T1-1 /T5-F1-1 /R       /D:2     /W-F0-1  /T1-F0-1 
/D:1     /W-T5-1  /T4-T5-1 /D:1     /W-T3-1  /D:1     /W-F2-1  /T0-F2-1 /T0-F1-1 /D:1     
/W-T2-1  /T5-T2-3 /T5-T2-1 /T6-T2-1 /D:1     /W-F1-1  /D:2     /W-T0-1  /D:1     /W-F3-1  
/T1-F3-1 /T1-F2-1 /T0-F3-1 /T1-F3-1 /D:1     /W-F1-1  /D:1     /W-F2-1  /T1-F2-1 /T2-T1-1 
/T2-F1-1 /D:1     /W-F0-1  /W-F0-1  /T0-F0-1 /T0-F3-1 /T1-F0-1 /T0-F0-1 /T1-F3-1 /T2-F0-1 
/W-F2-1  /T0-F1-1 /T1-F2-1 /T1-F1-1 /T0-F0-1 /T0-F1-1 /T3-F2-1 /T1-F2-1 /T0-F2-1 /T1-F1-1 
/T2-T1-3 /T2-F2-1 /T3-T0-2 /T3-F1-1 /D:1     /W-F3-1  /T1-F3-1 /T0-F3-1 /T1-F0-1 /T0-F0-1 
/T1-F3-1 /T0-F3-1 /T1-F0-1 
"
1021679,h#qi#MDN#IWJy#KRjPX#nmCeQA#drkwOBG#bZpLxTluHYsFcogtUafzSEVv,96.000000,1072.000000,46.000000,0.662338,1,"
minimal: 0 / states: 119 / duration: 0.000126s
history:
/T2-F3-1  /T5-F0-1  /T6-T0-1  /T6-F0-1  /T6-F3-1  /T4-T3-1  /T4-F3-1  /T5-F3-1  /T6-T3-1  /T1-T3-1  
/T2-T5-1  /D:7      /W-T2-1   /D:1      /W-T3-1   /W-T3-1   /W-T2-1   /T4-T2-1  /T4-F3-1  /D:3      
/W-T3-1   /T5-T3-2  /T5-F0-1  /T3-T5-9  /T3-T6-1  /T3-T4-1  /T0-T3-2  /T5-T0-10 /T5-F2-1  /T0-F0-1  
/T1-T0-1  /T3-T2-3  /D:2      /W-T0-1   /D:1      /W-F2-1   /D:4      /W-F1-1   /D:1      /W-T2-1   
/D:1      /W-T1-1   /D:1      /W-F3-1   /D:1      /W-F0-1   /D:1      /W-T6-1   /D:1      /W-T4-1   
/W-T4-1   /W-T4-1   /R        /D:1      /W-F1-1   /T0-F1-1  /D:1      /W-T3-1   /D:1      /W-F2-1   
/T0-F2-1  /D:1      /W-T3-1   /T6-T3-3  /T6-F2-1  /T6-F1-1  /T0-F1-1  /T0-F2-1  /T2-F1-1  /T4-F2-1  
/T0-F3-1  /T0-F2-1  /T4-F3-1  /T3-F3-1  /T4-F2-1  /T4-F3-1  /T0-T3-1  /T0-F2-1  /T0-F3-1  /T2-T4-4  
/T2-F2-1  /T0-F2-1  /T1-F2-1  /T4-T2-5  /D:1      /W-T3-1   /D:1      /W-F3-1   /T3-T0-5  /T3-F3-1  
/D:1      /W-F0-1   /T2-F0-1  /T0-F0-1  /D:1      /W-F1-1   /T2-F1-1  /T0-F1-1  /T2-F0-1  /T0-F0-1  
/T2-F1-1  /T0-F1-1  /T2-F0-1  /T0-F0-1  /T2-F1-1  /T0-F1-1  /T2-F0-1  
"
1021729,l#bY#aWX#tIos#PESqc#uZTnDL#kgreAzB#MmHKfJFNChjOUvwVyixGpRdQ,119.000000,2628.000000,43.000000,0.628378,1,"
minimal: 0 / states: 138 / duration: 0.000144s
history:
/T6-T4-1 /T2-T5-1 /T1-T6-1 /D:4     /W-T0-1  /T2-T0-1 /T2-F1-1 /T1-F1-1 /T6-T1-2 /T6-F0-1 
/T4-F0-1 /T4-F1-1 /T4-T6-1 /T6-T3-2 /T6-T4-1 /T3-T6-3 /F1-T6-1 /T3-T6-1 /T3-T0-1 /T4-T3-2 
/D:2     /W-T5-1  /D:2     /W-F3-1  /D:1     /W-F0-1  /D:1     /W-T0-1  /T3-T0-3 /D:2     
/W-F3-1  /D:4     /W-T5-1  /D:3     /W-T1-1  /D:4     /W-T0-1  /D:1     /W-T4-1  /R       
/D:1     /W-T2-1  /T0-T2-9 /D:1     /W-T0-1  /T5-T0-4 /T5-F0-1 /T5-F2-1 /T6-F2-1 /T6-F1-1 
/T2-F1-1 /T4-T2-1 /T4-F0-1 /T4-F3-1 /T2-F3-1 /D:1     /W-T0-1  /T5-T0-1 /T5-T3-1 /T6-T5-4 
/D:2     /W-F0-1  /D:1     /W-T1-1  /D:2     /W-T1-1  /W-T1-1  /D:1     /W-T6-1  /D:1     
/W-T3-1  /T6-T3-2 /D:1     /W-T3-1  /T5-T3-5 /D:1     /W-F0-1  /D:1     /W-F2-1  /T3-F2-1 
/T2-F2-1 /T3-F1-1 /W-F1-1  /T3-F2-1 /T3-F1-1 /T0-T3-1 /T0-F0-1 /T2-T1-2 /T2-F1-1 /T2-F0-1 
/T3-T0-2 /T3-F1-1 /T0-T3-3 /T0-F0-1 /T1-T2-4 /T1-F1-1 /T2-T1-5 /T2-F0-1 /T3-T0-4 /T3-F1-1 
/T2-F1-1 /T0-T3-5 /T0-F0-1 /T0-F1-1 /T2-F0-1 /D:1     /W-F3-1  /T1-F3-1 /T1-F2-1 /T3-F3-1 
/T1-F3-1 /T3-F2-1 /T1-F2-1 /T3-F3-1 /T1-F3-1 /T3-F2-1 /T1-F2-1 /T3-F3-1 /T1-F3-1 /T3-F2-1 
/T1-F2-1 /T3-F3-1 
"
1021768,d#uJ#mBo#AznX#PeOsK#tZYFpg#QlDCHRy#TrMSEwWIhUNjLVvcbiGfqkax,105.000000,986.000000,40.000000,0.645833,1,"
minimal: 0 / states: 128 / duration: 0.000135s
history:
/T3-T6-1 /T3-F2-1 /T2-F2-1 /T1-T6-1 /T5-T1-1 /T5-F2-1 /T5-T1-1 /T4-T5-1 /T5-T3-2 /T6-T5-3 
/T6-T1-1 /D:1     /W-T6-1  /T4-T6-1 /F2-T0-1 /T4-T0-1 /T4-T6-1 /T2-T4-1 /D:6     /W-T3-1  
/D:1     /W-T3-1  /D:1     /W-T3-1  /D:2     /W-F3-1  /T0-F3-1 /T0-F2-1 /D:2     /W-T2-1  
/D:1     /W-T5-1  /T6-T5-4 /T6-T0-1 /T6-T1-1 /T4-T1-2 /T3-T4-6 /T3-F0-1 /T1-F0-1 /T1-F3-1 
/T5-T3-9 /T0-F0-1 /T1-F0-1 /T5-T4-1 /D:6     /W-T4-1  /D:1     /W-F2-1  /D:1     /W-T2-1  
/D:1     /W-F1-1  /D:1     /W-T6-1  /R       /D:1     /W-F2-1  /D:1     /W-T5-1  /T6-T5-2 
/T6-F3-1 /T1-F3-1 /T3-T1-1 /T3-F2-1 /D:1     /W-F3-1  /T3-F3-1 /D:1     /W-F0-1  /D:1     
/W-T2-1  /D:1     /W-F3-1  /D:1     /W-T5-1  /D:1     /W-T5-1  /D:2     /W-F1-1  /W-F1-1  
/T0-F1-1 /T1-F1-1 /T1-F0-1 /T4-F1-1 /T1-F1-1 /T4-F2-1 /T1-F2-1 /T4-F1-1 /T5-F2-1 /T2-F2-1 
/D:1     /W-F1-1  /T5-F1-1 /T2-F1-1 /T5-F2-1 /T5-F1-1 /T3-T2-4 /T3-F2-1 /T2-T3-5 /T2-F1-1 
/T4-T5-4 /T4-F2-1 /D:1     /W-F0-1  /T3-F0-1 /T3-F3-1 /T5-F0-1 /T3-F0-1 /T5-F3-1 /T3-F3-1 
/T5-F0-1 /T3-F0-1 /T5-F3-1 /T3-F3-1 /T5-F0-1 
"
1021769,t#SR#Vuf#CAyM#IjGTN#plaUcQ#PDxwOFJ#LgeHobqvhdszXmrYBZkKWiEn,162.500000,3103.000000,60.000000,0.540404,1,"
minimal: 0 / states: 131 / duration: 0.000146s
history:
/T4-F3-1  /T2-T0-1  /T4-T2-1  /D:7      /W-T1-1   /D:4      /W-T2-1   /T1-T2-2  /T1-T4-1  /T3-T1-1  
/D:2      /W-T3-1   /T6-T3-1  /D:2      /W-T0-1   /T5-T0-1  /T5-T2-1  /T4-T5-2  /D:1      /W-T1-1   
/D:1      /W-T2-1   /D:3      /W-T1-1   /T4-T1-1  /T5-T4-3  /T5-F1-1  /T4-T1-4  /D:2      /W-T3-1   
/T2-T3-7  /D:1      /W-T1-1   /D:1      /W-F2-1   /R        /D:3      /W-T6-1   /D:1      /W-T2-1   
/W-T2-1   /T6-T2-2  /T6-F3-1  /T2-T6-5  /D:1      /W-F2-1   /D:1      /W-F1-1   /D:3      /W-T1-1   
/D:1      /W-T2-1   /T5-T2-1  /T5-F2-1  /D:1      /W-T4-1   /T3-T4-11 /T3-F0-1  /T4-F0-1  /T3-F0-1  
/T4-F1-1  /T1-F1-1  /T4-F2-1  /T6-F1-1  /T0-T1-1  /T0-F2-1  /T0-F1-1  /T4-T6-1  /T4-F2-1  /T0-F2-1  
/T6-T4-2  /T6-F1-1  /W-F1-1   /T4-T6-3  /T4-F2-1  /T4-F1-1  /W-F2-1   /T6-T4-5  /T6-F2-1  /T6-F2-1  
/T6-F0-1  /T6-F3-1  /T1-F3-1  /T1-F0-1  /T4-F3-1  /T1-F3-1  /T4-F0-1  /T1-F0-1  /T4-F3-1  /T1-F3-1  
/T4-F0-1  /T1-F0-1  /T1-F1-1  /T4-F3-1  /T4-F0-1  /T1-F0-1  /W-F0-1   /D:1      /W-T0-1   /D:1      
/W-F1-1   /T2-F1-1  /T1-T2-1  /T1-F0-1  /T4-T0-2  /T4-F1-1  /D:1      /W-F3-1   /T0-F3-1  /T0-F2-1  
/T2-F3-1  /T0-F3-1  /T2-F2-1  
"
1021772,X#CZ#kHV#jWKg#ImBJw#fbDloa#EiTtqsn#uGxcMzYAePQdvSyUhRpOLNFr,105.000000,2154.000000,48.000000,0.604938,1,"
minimal: 0 / states: 130 / duration: 0.000139s
history:
/T5-F1-1  /T6-F2-1  /T5-F2-1  /T6-T3-1  /T4-T0-1  /T2-T0-1  /T3-T2-2  /T3-T5-1  /T2-T0-3  /T4-T2-1  
/T3-T5-1  /D:4      /W-T6-1   /T4-T6-1  /D:4      /W-F0-1   /T6-F0-1  /D:1      /W-T0-1   /T6-T0-2  
/D:4      /W-T3-1   /D:1      /W-T6-1   /D:1      /W-T1-1   /T0-T1-9  /T1-T0-11 /T1-F0-1  /T4-T1-1  
/T4-T5-1  /D:1      /W-T3-1   /T6-T3-2  /D:1      /W-T5-1   /D:2      /W-F2-1   /D:2      /W-T1-1   
/T2-T1-2  /D:1      /W-F3-1   /W-F3-1   /D:1      /W-T6-1   /W-T6-1   /D:1      /W-T3-1   /W-T3-1   
/R        /D:2      /W-T5-1   /D:2      /W-T2-1   /T5-T2-6  /T5-F0-1  /T5-F1-1  /T0-F1-1  /T3-F1-1  
/T0-F2-1  /T0-F1-1  /T3-F2-1  /T0-F2-1  /T5-F1-1  /T0-F1-1  /T6-T0-3  /T6-T1-1  /T6-F0-1  /T3-T2-1  
/T3-F2-1  /T2-T3-2  /T2-F1-1  /T1-F1-1  /D:1      /W-T4-1   /D:1      /W-T4-1   /W-T4-1   /W-F2-1   
/T3-T2-3  /T3-F2-1  /T3-F1-1  /T0-T1-5  /T0-F2-1  /T4-F2-1  /T1-T0-6  /T1-F1-1  /T0-T1-7  /T0-F2-1  
/T2-T4-6  /T2-F1-1  /T1-T0-8  /T1-F1-1  /T4-T2-7  /T4-F2-1  /D:1      /W-F3-1   /D:1      /W-F3-1   
/T0-F3-1  /T0-F0-1  /T2-F3-1  /T0-F3-1  /T2-F0-1  /T0-F0-1  /T2-F3-1  /T0-F3-1  /T2-F0-1  /T0-F0-1  
/T2-F3-1  /T0-F3-1  /T2-F0-1  /T0-F0-1  /T2-F3-1  /T0-F3-1  /T2-F0-1  
"
1021774,a#vm#cLu#ZsXg#qCMjp#FePrwD#xGWORES#lNAQiTbtyHBVdUKJofknhzYI,127.500000,3663.000000,64.000000,0.532710,1,"
minimal: 0 / states: 131 / duration: 0.000149s
history:
/T0-F1-1 /T3-T2-1 /T1-T0-1 /D:2     /W-F3-1  /D:1     /W-F0-1  /D:4     /W-F1-1  /D:2     
/W-T0-1  /T3-T0-1 /T3-T2-1 /D:2     /W-F0-1  /D:3     /W-T1-1  /D:2     /W-T0-1  /D:4     
/W-F2-1  /D:4     /R       /D:3     /W-T0-1  /T2-T0-3 /T2-T3-1 /T2-F1-1 /D:2     /W-T1-1  
/T6-T1-1 /T6-T1-1 /T5-T6-1 /T6-T0-2 /T6-F3-1 /T1-T6-5 /D:2     /W-T5-1  /W-T5-1  /W-T5-1  
/W-T6-1  /T4-T6-1 /D:1     /W-F1-1  /D:2     /W-F2-1  /T6-F2-1 /D:2     /W-T3-1  /T5-T3-4 
/D:2     /W-T1-1  /D:1     /W-T1-1  /D:1     /W-T4-1  /W-T4-1  /R       /D:2     /W-T1-1  
/T4-T1-3 /T4-T2-1 /T4-F0-1 /T0-F0-1 /T4-F2-1 /T5-F2-1 /T5-F3-1 /T5-F1-1 /T6-F3-1 /T0-F3-1 
/T0-F2-1 /T6-F0-1 /T5-F0-1 /T6-F3-1 /T3-F3-1 /T6-F2-1 /T6-F3-1 /T0-T3-1 /T0-F2-1 /T6-F2-1 
/T3-T0-2 /T3-F3-1 /T6-F3-1 /T6-F0-1 /T3-F2-1 /T6-F2-1 /T0-T3-4 /T0-F3-1 /T0-F2-1 /T1-T2-5 
/T1-F2-1 /D:1     /W-F1-1  /T3-F1-1 /T2-F1-1 /T3-F0-1 /T2-F0-1 /T3-F1-1 /T2-F1-1 /T3-F0-1 
/T2-F0-1 /T2-F3-1 /T3-F1-1 /T3-F0-1 /T3-F3-1 /W-F1-1  /T0-F1-1 /T2-F0-1 
"
1021834,T#gO#XNh#PJck#YWjFn#ECiZVr#dSwxoeG#UuKAHysBMLvmRDlIQzapqtfb,99.000000,2186.000000,56.000000,0.842342,1,"
minimal: 0 / states: 125 / duration: 0.000151s
history:
/T4-F2-1 /T6-T2-1 /T6-T4-1 /T6-F2-1 /T4-T0-2 /T4-T6-1 /D:4     /W-F0-1  /D:4     /W-F0-1  
/D:3     /W-T4-1  /T2-T4-2 /T2-F3-1 /T1-F3-1 /D:3     /W-T0-1  /D:2     /W-T6-1  /D:1     
/W-T5-1  /D:2     /W-F1-1  /D:1     /W-F2-1  /D:1     /W-F2-1  /D:2     /W-T4-1  /T5-T4-2 
/D:1     /W-F1-1  /R       /D:1     /W-T6-1  /D:1     /W-T5-1  /T0-T5-4 /D:4     /W-T1-1  
/D:1     /W-T0-1  /D:3     /W-T1-1  /D:1     /W-T0-1  /T6-T0-4 /T5-T6-6 /T6-T2-7 /D:2     
/W-T0-1  /T6-T0-1 /R       /D:3     /W-T5-1  /T3-T5-1 /T3-F1-1 /T3-T5-1 /T3-F3-1 /T5-T3-4 
/T5-T3-1 /T5-F0-1 /T2-F0-1 /T4-F3-1 /T1-F3-1 /T6-F1-1 /T2-F1-1 /T4-F2-1 /T1-F2-1 /T5-F0-1 
/T0-F3-1 /T2-F0-1 /T2-F3-1 /T4-F1-1 /T0-F2-1 /T1-F1-1 /T2-F2-1 /T4-F0-1 /T0-F3-1 /T4-F1-1 
/T4-F2-1 /W-F0-1  /T0-F0-1 /T2-F3-1 /T3-F1-1 /T0-F1-1 /T2-F2-1 /T3-F0-1 /T3-F1-1 /T4-F3-1 
/T0-F2-1 /T2-F3-1 /T3-F2-1 /W-F0-1  /T0-F1-1 /T4-F3-1 /T3-F3-1 /D:1     /W-F0-1  /T0-F0-1 
/D:1     /W-F1-1  /D:1     /W-F2-1  
"
1021873,B#EW#zHU#QfnG#VCYSv#ydajhw#FIRLOKA#gPDoXsqNkZrtmpMluTeibJcx,105.500000,2211.000000,42.000000,0.643836,1,"
minimal: 0 / states: 127 / duration: 0.000141s
history:
/T6-F0-1 /T0-F0-1 /T4-T1-1 /T3-T2-1 /T3-F2-1 /T4-T2-1 /T6-T4-1 /T2-T1-3 /T1-T4-5 /T1-T3-1 
/D:1     /W-T2-1  /D:3     /W-F2-1  /D:2     /W-T2-1  /D:2     /W-F3-1  /T6-F3-1 /D:1     
/W-T6-1  /T5-T6-1 /D:1     /W-T0-1  /T6-T0-3 /T6-T2-1 /T5-T6-1 /T6-T5-2 /W-T2-1  /D:1     
/W-T4-1  /D:1     /W-T5-1  /T3-T5-2 /T3-T4-1 /D:1     /W-T1-1  /D:1     /W-F2-1  /T2-F2-1 
/T4-T5-1 /T4-F2-1 /T2-T6-1 /T2-F2-1 /T6-T2-2 /D:1     /W-T3-1  /T4-T3-7 /T4-F0-1 /T2-T4-4 
/T4-T0-5 /D:1     /W-T2-1  /D:8     /W-T2-1  /T5-T2-7 /T5-F1-1 /R       /D:1     /W-F3-1  
/T2-F3-1 /T5-T2-1 /T0-F3-1 /T3-F3-1 /T2-T3-3 /T2-F2-1 /T5-T1-1 /D:1     /W-F0-1  /D:1     
/W-T1-1  /D:1     /W-F2-1  /D:1     /W-F3-1  /T3-T2-4 /T3-F3-1 /T3-F2-1 /D:1     /W-T0-1  
/D:2     /W-F1-1  /D:1     /W-T1-1  /T0-T1-5 /T0-F2-1 /D:1     /W-F1-1  /T2-F1-1 /T1-F1-1 
/T2-F0-1 /T1-F0-1 /T2-F1-1 /T1-F1-1 /T2-F0-1 /T1-F0-1 /T1-F3-1 /T2-F1-1 /T2-F0-1 /T3-F3-1 
/W-F1-1  /T1-F0-1 /T1-F3-1 /T2-F1-1 /T0-F1-1 /T2-F2-1 /T1-F2-1 /T3-F0-1 /T0-F0-1 /T2-F1-1 
/T1-F1-1 /T3-F3-1 /T0-F3-1 /T2-F2-1 /T3-F0-1 
"
1021892,I#CP#HUF#SYKc#QnXLN#ToBhMg#pzikAdr#mxsZwRJbEjWGqDOlevuVyaft,133.000000,3058.000000,63.000000,0.478022,1,"
minimal: 0 / states: 134 / duration: 0.000152s
history:
/T4-F3-1 /T2-T5-1 /T2-T0-1 /T5-T2-2 /D:6     /W-T2-1  /D:6     /W-T0-1  /D:1     /W-T2-1  
/T3-T2-1 /W-T3-1  /T0-T3-3 /T5-T0-1 /D:2     /W-F3-1  /T1-F3-1 /D:1     /W-T0-1  /T3-T0-5 
/D:6     /W-F1-1  /D:1     /W-T0-1  /T6-T0-1 /T6-T0-1 /T6-F0-1 /T6-T4-1 /T1-T0-1 /T2-T6-6 
/D:1     /W-T5-1  /R       /D:1     /W-T1-1  /T4-T1-2 /D:1     /W-T3-1  /D:2     /W-T2-1  
/D:1     /W-T1-1  /T6-T1-7 /T3-T6-2 /T3-T5-1 /T6-T3-3 /D:1     /W-T4-1  /D:1     /W-F1-1  
/T1-F1-1 /D:1     /W-T5-1  /D:1     /W-T3-1  /D:3     /W-T3-1  /T5-T3-4 /T5-F0-1 /T0-F0-1 
/F1-T1-1 /T5-T1-1 /T6-T0-1 /D:2     /W-T4-1  /W-T4-1  /T5-T4-1 /D:1     /W-T2-1  /T4-T2-5 
/T4-F2-1 /T1-F2-1 /T0-F2-1 /T1-F1-1 /T0-F1-1 /T1-F2-1 /T4-F3-1 /T0-F2-1 /T1-F3-1 /W-F1-1  
/W-F0-1  /T3-F0-1 /T0-F1-1 /T1-F0-1 /T3-F3-1 /T0-F0-1 /W-F2-1  /T1-F1-1 /T2-F3-1 /T1-F0-1 
/T3-F2-1 /T0-F3-1 /T2-F2-1 /T2-F3-1 /T3-F1-1 /T0-F0-1 /T1-F1-1 /T2-F0-1 /T3-F2-1 /T0-F3-1 
/T1-F2-1 /T2-F3-1 /T3-F1-1 /T0-F0-1 /T1-F1-1 /T1-F0-1 /T3-F2-1 /T0-F1-1 /T2-F2-1 /T1-F1-1 
/T3-F3-1 /T0-F0-1 /T2-F3-1 /T3-F2-1 
"
1021908,o#rD#lwp#Vkgn#chPyQ#dxTRUN#LIbszCa#vAWjFqZeEJMBSOimGKHuYfXt,104.000000,992.000000,39.000000,0.718750,1,"
minimal: 0 / states: 116 / duration: 0.000137s
history:
/T3-F2-1 /T0-F2-1 /T5-F3-1 /T6-F1-1 /T2-F2-1 /T6-T4-1 /T6-T0-1 /T6-T3-1 /T6-F1-1 /T5-T6-1 
/T5-T3-1 /T1-T3-1 /T4-T1-2 /D:2     /W-F0-1  /D:3     /W-T5-1  /D:1     /W-F2-1  /D:2     
/W-T5-1  /D:4     /W-F0-1  /T1-F0-1 /T3-F0-1 /D:2     /W-F3-1  /D:1     /W-T2-1  /D:2     
/W-T6-1  /D:2     /W-T2-1  /T3-T2-3 /T2-T3-6 /T3-T4-7 /W-T2-1  /T2-T0-2 /W-T2-1  /T4-T2-8 
/T4-F3-1 /T1-F3-1 /T2-F3-1 /T1-F2-1 /T2-F2-1 /W-F3-1  /T5-T2-2 /T5-F3-1 /T6-T4-1 /T6-F3-1 
/T4-T6-2 /T4-F1-1 /T3-F3-1 /W-T1-1  /D:2     /W-T1-1  /T5-T1-1 /T5-F1-1 /T2-F1-1 /D:1     
/W-F1-1  /D:2     /W-F2-1  /R       /D:2     /W-T0-1  /T6-T0-3 /D:1     /W-T1-1  /T0-T1-3 
/T0-F3-1 /D:1     /W-T3-1  /T6-T3-1 /D:1     /W-F0-1  /T2-F0-1 /T1-F0-1 /T2-F1-1 /T1-F1-1 
/T2-F0-1 /T1-F0-1 /T2-F1-1 /T1-F1-1 /D:1     /W-F0-1  /T0-F0-1 /T3-F0-1 /D:1     /W-F2-1  
/W-F2-1  /T2-F2-1 /T1-F2-1 /T2-F1-1 /T0-F1-1 /T2-F2-1 /T2-F1-1 /T0-F2-1 /D:1     /W-F3-1  
/T1-F3-1 /T1-F0-1 /T3-F3-1 
"
1021994,K#du#RVr#goSP#xvnQz#UFtkAa#eWcLNTJ#ZilIEYspGyMXjDCwqHfhBObm,133.500000,1797.000000,51.000000,0.594737,1,"
minimal: 0 / states: 121 / duration: 0.000147s
history:
/T5-F1-1 /T5-F0-1 /T6-T5-1 /T6-T1-1 /T6-F3-1 /T5-T6-2 /D:2     /W-T6-1  /T1-T6-2 /T1-T2-1 
/T4-T1-1 /D:1     /W-T1-1  /T0-T1-1 /W-T0-1  /T6-T0-6 /D:4     /W-T0-1  /D:1     /W-T2-1  
/D:5     /W-T1-1  /D:2     /W-T4-1  /D:4     /W-T5-1  /T2-T5-3 /W-T2-1  /D:2     /W-F0-1  
/T4-F0-1 /D:1     /W-F3-1  /T3-F3-1 /T4-F3-1 /T4-F2-1 /T4-T1-1 /W-T1-1  /T5-T1-5 /D:1     
/W-F1-1  /T6-F1-1 /T6-T4-1 /W-T6-1  /T6-T0-2 /D:1     /W-T6-1  /R       /D:1     /W-T4-1  
/D:1     /W-T3-1  /D:3     /W-T6-1  /D:2     /W-T6-1  /D:1     /W-F0-1  /T3-F0-1 /T5-F0-1 
/T5-T4-1 /W-T5-1  /W-T4-1  /T3-T4-1 /T3-F2-1 /T1-F2-1 /T0-F2-1 /T1-F1-1 /T0-F1-1 /T1-F2-1 
/T1-F1-1 /T0-F2-1 /T3-F1-1 /T1-F2-1 /T1-F1-1 /T0-T2-1 /T0-F2-1 /T0-F1-1 /T2-T0-3 /T2-F3-1 
/T4-F3-1 /T0-F3-1 /T4-F0-1 /T0-F0-1 /T4-F3-1 /T0-F3-1 /T1-F2-1 /T4-F0-1 /T0-F0-1 /T1-F1-1 
/T4-F3-1 /T1-F0-1 /T0-F1-1 /T0-F0-1 /T1-F1-1 /T5-F0-1 /T6-F3-1 /W-F3-1  /T0-F3-1 /D:1     
/W-F2-1  /T4-F2-1 /T6-F2-1 /T1-F2-1 /T6-F1-1 
"
1030058,e#Gb#LsZ#UgKp#tSrwu#XFRVyY#cxmiJWa#NMInqOkhvTBdoECAfzljQDPH,132.500000,1108.000000,50.000000,0.591954,1,"
minimal: 0 / states: 122 / duration: 0.000183s
history:
/T6-F1-1 /T1-F1-1 /D:1     /W-F3-1  /D:2     /W-T6-1  /D:1     /W-F2-1  /D:1     /W-T0-1  
/D:1     /W-F3-1  /D:2     /W-T6-1  /T1-T6-1 /T2-T1-1 /T0-T2-2 /D:2     /W-T4-1  /T2-T4-3 
/T2-T1-1 /D:3     /W-F2-1  /T3-F2-1 /T6-T3-4 /T3-T5-5 /T4-F2-1 /D:3     /W-F0-1  /D:1     
/W-T5-1  /D:1     /W-T0-1  /T5-T0-7 /D:4     /W-T4-1  /D:1     /W-F3-1  /W-F3-1  /D:1     
/R       /D:1     /W-T2-1  /D:1     /W-T1-1  /T6-T1-1 /T4-T6-5 /T6-T1-6 /T5-T6-1 /T5-T4-1 
/T5-F3-1 /T5-T3-1 /T4-T5-2 /T4-F2-1 /T4-F3-1 /T5-T6-3 /T6-T5-5 /T1-T3-2 /T1-F2-1 /T1-F3-1 
/T3-T1-4 /T3-F3-1 /T4-F2-1 /T5-F3-1 /D:2     /W-F0-1  /D:2     /W-T0-1  /W-T0-1  /D:1     
/W-F0-1  /T1-F0-1 /D:1     /W-T2-1  /T6-T2-1 /T6-F1-1 /T0-F1-1 /T0-F0-1 /T1-F1-1 /T0-F1-1 
/T1-F0-1 /T0-F0-1 /T1-F1-1 /T0-F1-1 /T1-F2-1 /W-F2-1  /T1-F1-1 /T5-F2-1 /T2-F2-1 /D:1     
/W-F1-1  /T1-T5-1 /T1-F1-1 /T2-F1-1 /T5-T1-2 /T5-F2-1 /T5-F1-1 /T0-T2-4 /T0-F2-1 /D:1     
/W-F0-1  /T2-F0-1 /T1-F0-1 /T2-F3-1 /T1-F3-1 /T2-F0-1 /T1-F0-1 /T2-F3-1 /T1-F3-1 /T2-F0-1 
"
1030116,t#LH#dBi#ylbj#uPCJg#hGsMfo#STpVYqz#FmNUaDOxKQXnAeZEWrIRckvw,167.500000,2646.000000,60.000000,0.539604,1,"
minimal: 0 / states: 126 / duration: 0.000156s
history:
/T4-T1-1  /T2-T4-1  /T1-T4-2  /D:1      /W-T4-1   /D:2      /W-F3-1   /D:2      /W-F1-1   /D:2      
/W-F3-1   /D:4      /W-T1-1   /T4-T1-5  /D:1      /W-F2-1   /T5-F2-1  /T5-T0-1  /D:1      /W-F0-1   
/T2-F0-1  /T4-F0-1  /T4-F3-1  /W-F3-1   /D:1      /W-T1-1   /D:2      /W-T0-1   /T2-T0-1  /T6-T2-1  
/T6-T1-1  /T6-T2-1  /T4-T6-1  /T5-T4-1  /D:3      /W-T3-1   /D:1      /W-F3-1   /D:1      /W-T1-1   
/D:3      /R        /D:2      /W-T3-1   /T0-T3-4  /W-T0-1   /T1-T0-10 /D:1      /W-F0-1   /D:1      
/W-T2-1   /T3-T2-7  /T3-F1-1  /T0-F1-1  /T3-T4-1  /T2-F1-1  /T2-F0-1  /T0-T5-2  /T0-F0-1  /T5-T0-3  
/T5-F0-1  /T0-T6-4  /T0-F0-1  /D:1      /W-T4-1   /D:1      /W-T1-1   /T3-T1-1  /D:1      /W-T4-1   
/D:1      /W-T2-1   /D:1      /W-T1-1   /D:1      /W-T4-1   /T2-T4-4  /T2-F0-1  /D:1      /W-T1-1   
/T6-T1-6  /T6-F2-1  /T1-F2-1  /T1-F1-1  /T4-F2-1  /T1-F2-1  /T4-F1-1  /T1-F1-1  /T6-T1-1  /T6-F3-1  
/T1-F3-1  /T4-F2-1  /T1-F2-1  /T4-F3-1  /T1-F3-1  /T5-F1-1  /T0-F1-1  /T0-F0-1  /T4-F2-1  /T1-F2-1  
/T2-F1-1  /T1-F1-1  /T4-F3-1  /T0-F3-1  /T2-F2-1  /T1-F2-1  /T4-F0-1  /T0-F0-1  /T2-F3-1  /T1-F3-1  
/T4-F1-1  /T0-F1-1  /T2-F2-1  /T4-F0-1  
"
1030245,U#Kw#lmJ#HRor#PFSqg#OQzByM#pkNVbWn#eaACZcdTDiXfYGjuIExhstvL,167.500000,2156.000000,49.000000,0.602041,1,"
minimal: 0 / states: 125 / duration: 0.000141s
history:
/T6-F2-1 /D:2     /W-F1-1  /D:1     /W-F0-1  /D:4     /W-T3-1  /D:3     /W-T1-1  /D:3     
/W-T5-1  /D:1     /W-T0-1  /W-T0-1  /T3-T0-2 /T3-F2-1 /D:2     /W-T1-1  /T4-T1-1 /T4-T3-1 
/D:1     /W-T6-1  /T0-T6-5 /T5-T0-2 /D:1     /W-T4-1  /D:1     /W-T0-1  /T6-T0-7 /T6-F1-1 
/T6-T2-1 /T6-F3-1 /T2-T6-2 /T5-T2-1 /T5-F0-1 /T6-T2-3 /T6-T0-1 /T5-T6-1 /T5-T4-1 /T5-F3-1 
/T0-F2-1 /T2-T5-5 /T3-F2-1 /T2-T6-1 /D:2     /W-T1-1  /T3-T1-1 /T3-T5-1 /D:3     /R       
/D:2     /W-F0-1  /D:1     /W-T2-1  /D:1     /W-F1-1  /T0-F1-1 /T0-F2-1 /W-F1-1  /T0-F1-1 
/T4-T0-3 /T1-T4-1 /T1-F2-1 /T4-T1-2 /T4-F3-1 /T0-F3-1 /T1-F3-1 /D:1     /W-T5-1  /T1-T5-1 
/T1-F1-1 /D:1     /W-F0-1  /T0-F0-1 /T0-F3-1 /T5-F0-1 /T0-F0-1 /T5-F3-1 /T5-F0-1 /T0-F3-1 
/T0-F0-1 /T5-F3-1 /T0-F3-1 /T5-F0-1 /T1-T5-3 /T1-F0-1 /D:1     /W-F3-1  /T0-T6-1 /T0-F3-1 
/T2-F3-1 /D:1     /W-T6-1  /D:1     /W-F1-1  /D:1     /W-F2-1  /T5-F2-1 /T5-F1-1 /T6-F1-1 
/D:1     /W-F2-1  /T5-F2-1 /T5-F1-1 /T6-F2-1 /T5-F2-1 /T6-F1-1 /T6-F2-1 /T5-F1-1 /D:1     
/W-F0-1  /T0-F0-1 
"
1030340,u#kC#pxw#SOvi#yQcYf#ZbhrsA#PgnNDBI#dKRjoTtXGJVamWEUHFelLqzM,145.500000,5253.000000,69.000000,0.485437,1,"
minimal: 0 / states: 137 / duration: 0.000152s
history:
/T5-F0-1 /T3-T2-1 /T0-T2-1 /D:3     /W-T5-1  /D:3     /W-T2-1  /T5-T2-2 /T5-T4-1 /T5-T3-1 
/T5-T1-1 /D:1     /W-T3-1  /T4-T3-2 /D:5     /W-F1-1  /T1-F1-1 /D:1     /W-T0-1  /D:3     
/W-T6-1  /D:5     /W-T0-1  /D:1     /W-T2-1  /D:2     /R       /D:1     /W-T3-1  /T1-T3-1 
/T2-T1-7 /T2-T4-1 /T1-T0-8 /D:2     /W-T4-1  /T6-T4-2 /T6-F0-1 /T3-F0-1 /T6-F0-1 /T6-F3-1 
/T6-F2-1 /T2-T3-1 /D:1     /W-F2-1  /T3-F2-1 /T0-F2-1 /D:2     /W-T4-1  /D:4     /W-F0-1  
/D:2     /W-F0-1  /T4-F0-1 /W-F0-1  /D:3     /W-T1-1  /T4-T1-5 /T4-F1-1 /T3-F1-1 /T4-T3-1 
/T4-T5-1 /D:1     /W-T2-1  /W-T2-1  /W-F1-1  /R       /D:1     /W-T2-1  /D:1     /W-T5-1  
/D:1     /W-T5-1  /D:1     /W-T5-1  /F0-T5-1 /T6-T5-1 /D:1     /W-T2-1  /T3-T2-6 /T3-F3-1 
/T6-F3-1 /T2-F3-1 /T0-F3-1 /T2-F2-1 /T0-F2-1 /T2-F1-1 /T3-F3-1 /T0-F3-1 /T2-F2-1 /T1-F3-1 
/T5-F1-1 /T0-F2-1 /T2-F1-1 /T2-F2-1 /T5-F0-1 /T0-F1-1 /T1-F0-1 /T1-F1-1 /T5-F3-1 /T0-F2-1 
/T2-F3-1 /T1-F2-1 /T5-F0-1 /T0-F1-1 /T2-F0-1 /T2-F1-1 /T5-F3-1 /T0-F0-1 /T1-F3-1 /T2-F0-1 
/T5-F2-1 /T0-F1-1 /T1-F2-1 /T5-F3-1 
"
1030359,s#qO#rWh#vGEb#RYwLa#MlkuPD#xSIJoKc#NtXydTpgnimjBUQCVAfzZHFe,163.500000,1659.000000,51.000000,0.583333,1,"
minimal: 0 / states: 128 / duration: 0.000149s
history:
/T4-F1-1 /T3-F1-1 /T6-F1-1 /D:1     /W-F3-1  /T1-F3-1 /D:1     /W-T2-1  /D:1     /W-T4-1  
/D:2     /W-F1-1  /D:4     /W-F2-1  /D:3     /W-T6-1  /D:3     /W-T3-1  /D:1     /W-T3-1  
/D:2     /W-F0-1  /D:1     /W-T2-1  /T3-T2-3 /D:5     /W-T0-1  /T5-T0-1 /T5-F3-1 /R       
/D:2     /W-T5-1  /T0-T5-3 /D:4     /W-T0-1  /T4-T0-2 /T4-T0-1 /T6-T4-2 /T6-F2-1 /W-T0-1  
/T5-T0-5 /T6-T5-1 /T2-T6-6 /T6-T2-7 /T6-T3-1 /T2-T6-8 /T2-T3-1 /D:1     /W-F0-1  /T6-F0-1 
/T0-F0-1 /T0-F1-1 /T6-F3-1 /T6-F0-1 /T6-F1-1 /W-F1-1  /W-F2-1  /T1-F2-1 /T3-F2-1 /T0-F2-1 
/T6-F2-1 /T3-T6-2 /T3-T4-1 /D:1     /W-T4-1  /T6-T4-2 /T6-F1-1 /D:1     /W-T5-1  /T0-T5-2 
/T0-F1-1 /D:1     /W-T1-1  /T4-T1-7 /T4-F3-1 /T1-F3-1 /T5-F3-1 /T5-F2-1 /T1-T6-2 /T1-F2-1 
/T0-F2-1 /T1-F1-1 /T5-T0-2 /T5-F1-1 /T5-F1-1 /T6-T1-4 /T6-F2-1 /W-F2-1  /T1-T5-6 /T1-F2-1 
/D:1     /W-T1-1  /T0-T1-4 /T0-F1-1 /D:1     /W-T1-1  /D:1     /W-F0-1  /T5-F0-1 /T1-F0-1 
/T5-F3-1 /T1-F3-1 /T5-F0-1 /T1-F0-1 /T5-F3-1 /T1-F3-1 /T5-F0-1 /T1-F0-1 /T5-F3-1 /T1-F3-1 
/T5-F0-1 
"
1030369,l#sL#Cre#moVG#bXcKI#QUEBiM#fNPnYHu#ZxOqSARgkFhWptvwJaTdyDjz,143.500000,3404.000000,55.000000,0.552326,1,"
minimal: 0 / states: 133 / duration: 0.000148s
history:
/T0-T5-1  /T5-T0-2  /T6-T5-1  /D:2      /W-T0-1   /D:2      /W-T2-1   /D:1      /W-T3-1   /D:1      
/W-F0-1   /D:2      /W-T5-1   /D:1      /W-T1-1   /D:1      /W-T5-1   /T2-T5-2  /T2-T3-1  /D:1      
/W-T4-1   /T3-T4-3  /T6-T3-1  /D:1      /W-T0-1   /T4-T0-5  /T4-T6-1  /T4-T5-1  /D:4      /W-T1-1   
/T5-T1-7  /T5-F0-1  /T2-F0-1  /D:1      /W-T4-1   /T3-T4-2  /T3-T1-1  /T1-T3-11 /D:1      /W-F1-1   
/D:1      /W-T4-1   /T1-T4-1  /D:1      /W-T0-1   /D:2      /W-F0-1   /T5-F0-1  /T3-T4-4  /T3-F0-1  
/D:1      /W-T6-1   /D:1      /W-T1-1   /T6-T1-3  /T6-F2-1  /T4-F2-1  /R        /D:1      /W-T2-1   
/D:3      /W-F2-1   /D:1      /W-T5-1   /T0-T5-3  /T0-F0-1  /D:1      /W-T1-1   /T5-T1-5  /D:1      
/W-T2-1   /T4-T2-9  /T4-F1-1  /T2-F1-1  /T1-F1-1  /T6-T2-1  /T6-F3-1  /T5-T1-1  /R        /D:1      
/W-F3-1   /T2-F3-1  /T1-F3-1  /T2-F2-1  /T1-F2-1  /T2-F1-1  /T6-F1-1  /T2-F2-1  /T3-F1-1  /T0-F1-1  
/T2-T3-1  /T2-F0-1  /T0-F0-1  /T3-T2-2  /T3-F1-1  /T1-T0-4  /T1-F1-1  /T2-T3-3  /T2-F0-1  /T1-F0-1  
/T3-T2-4  /T3-F1-1  /T3-F0-1  /T0-T1-6  /T0-F1-1  /T0-F0-1  /T3-F1-1  /D:1      /W-F3-1   /T1-F3-1  
/T1-F2-1  /T2-F3-1  /T1-F3-1  /T2-F2-1  /T1-F2-1  /T2-F3-1  /T1-F3-1  /T2-F2-1  /T1-F2-1  /T2-F3-1  
/T1-F3-1  /T2-F2-1  /T1-F2-1  /T2-F3-1  
"
1030466,o#lH#Cjc#IsKi#PYMxN#thdJyT#azAfWLG#qmOpXgQukeEvrBbRDZSwVnFU,124.000000,1521.000000,48.000000,0.556250,1,"
minimal: 0 / states: 124 / duration: 0.000139s
history:
/T4-F3-1 /T5-T1-1 /T1-T3-2 /T4-T1-1 /T0-T2-1 /T4-T0-1 /T4-T0-1 /D:3     /W-F3-1  /T4-F3-1 
/W-T4-1  /T5-T4-1 /T3-T5-3 /T3-T0-1 /T3-T5-1 /D:2     /W-T4-1  /T5-T4-5 /W-T5-1  /D:2     
/W-F3-1  /D:3     /W-T4-1  /D:5     /W-T5-1  /D:1     /W-F3-1  /D:1     /W-T4-1  /T2-T4-2 
/T2-T0-1 /T3-T0-1 /D:1     /W-T3-1  /D:1     /W-F3-1  /D:3     /W-F2-1  /T4-F2-1 /T5-T2-1 
/T5-F2-1 /T2-T5-2 /D:2     /W-T0-1  /T6-T0-1 /T6-T3-1 /T6-T1-1 /T6-T0-1 /T6-F0-1 /T6-T2-1 
/T6-F1-1 /T5-F1-1 /T4-F1-1 /T1-T2-3 /R       /D:1     /W-F2-1  /D:3     /W-T3-1  /D:1     
/W-T0-1  /T5-T0-2 /D:1     /W-T2-1  /T5-T2-1 /T5-T2-1 /D:1     /W-F2-1  /D:1     /W-F0-1  
/T0-F0-1 /T0-F1-1 /T4-F0-1 /T0-F0-1 /T4-F1-1 /T0-F1-1 /T4-F2-1 /T2-F2-1 /T4-F3-1 /W-F2-1  
/W-F1-1  /T2-F1-1 /T2-F2-1 /D:1     /W-F2-1  /D:2     /W-F0-1  /T0-F0-1 /T0-F3-1 /T4-F0-1 
/T0-F0-1 /T4-F1-1 /T0-F1-1 /W-F3-1  /T2-F3-1 /T2-F2-1 /T4-F0-1 /T0-F0-1 /T3-F1-1 /T2-F1-1 
/T4-F3-1 /T0-F3-1 /T3-F0-1 /T0-F0-1 /T4-F2-1 /T2-F2-1 /T3-F3-1 /T4-F1-1 
"
1030471,s#kG#whV#PLjf#ZIrlz#RFXSAY#tpuoxCn#EmOyvBaQHWTgUMDbNiKdqJce,145.000000,2748.000000,48.000000,0.651042,1,"
minimal: 0 / states: 119 / duration: 0.000144s
history:
/T6-F2-1 /T5-T4-1 /T5-F0-1 /T3-T1-1 /D:1     /W-T1-1  /D:2     /W-T6-1  /D:2     /W-T3-1  
/D:1     /W-F0-1  /D:1     /W-F1-1  /D:1     /W-T1-1  /T6-T1-2 /T6-T4-1 /T6-F2-1 /T3-T4-2 
/T6-T2-1 /T6-F2-1 /T5-T6-1 /T5-T3-1 /D:3     /W-T2-1  /T5-T2-1 /T5-T0-1 /T4-T5-5 /D:2     
/W-T5-1  /T1-T5-6 /D:2     /W-T0-1  /D:1     /W-F1-1  /D:1     /W-F3-1  /T5-F3-1 /T5-F0-1 
/T0-F0-1 /D:2     /W-T4-1  /D:2     /W-F2-1  /D:1     /W-T1-1  /T2-T1-4 /T6-T2-2 /D:1     
/W-F1-1  /W-F1-1  /D:1     /W-F1-1  /T5-T2-2 /T5-F1-1 /R       /D:1     /W-T6-1  /T3-T6-2 
/T3-F3-1 /T2-F3-1 /T0-F3-1 /T2-F0-1 /T1-F0-1 /T2-F3-1 /T5-F0-1 /T1-F3-1 /T5-F3-1 /T2-T5-2 
/T2-T6-1 /D:2     /W-F0-1  /D:1     /W-T4-1  /D:1     /W-F1-1  /D:1     /W-T2-1  /T4-T2-3 
/T4-F2-1 /T0-F2-1 /T5-F2-1 /T1-F2-1 /T1-F3-1 /T5-F1-1 /T4-F0-1 /T5-F2-1 /T2-F3-1 /T1-F0-1 
/T2-F0-1 /T6-F2-1 /T6-F3-1 /T6-F0-1 /T5-T2-2 /T5-F3-1 /T4-F3-1 /T2-T5-3 /T2-F0-1 /W-T6-1  
/T1-T6-1 /D:1     /W-F1-1  /T5-F1-1 /T5-F2-1 /T6-F1-1 /T5-F1-1 /T6-F2-1 /T5-F2-1 /T6-F1-1 
"
1030490,N#WO#nlc#pvUb#ruQjw#XKBARY#FCqeMEf#LsoxkmZPgVzGtTdiyhDJIaHS,129.500000,2122.000000,63.000000,0.494505,1,"
minimal: 0 / states: 138 / duration: 0.000155s
history:
/T0-F3-1  /T1-F3-1  /D:3      /W-T2-1   /D:1      /W-T5-1   /T1-T5-1  /D:2      /W-T0-1   /D:1      
/W-T1-1   /D:1      /W-F3-1   /D:2      /W-T4-1   /D:7      /W-T0-1   /D:4      /W-T5-1   /D:1      
/W-F1-1   /T3-F1-1  /T3-T5-1  /D:1      /W-T4-1   /D:1      /R        /D:1      /W-T1-1   /D:2      
/W-T0-1   /T4-T0-3  /T3-T4-1  /D:1      /W-T0-1   /W-T0-1   /D:2      /W-T5-1   /T6-T5-1  /T6-T5-1  
/T5-T6-8  /T5-T0-1  /T5-F0-1  /T5-F0-1  /T4-T5-2  /T4-F3-1  /T0-F3-1  /D:2      /W-T4-1   /D:1      
/W-T6-1   /T3-T6-1  /T6-T3-11 /T6-T0-1  /T2-T6-2  /T6-T0-3  /T6-F0-1  /T5-T2-3  /T5-T1-1  /T6-T4-1  
/D:2      /W-T2-1   /D:1      /W-F0-1   /D:1      /W-T1-1   /W-T1-1   /T4-T1-3  /T3-T4-2  /T3-F0-1  
/T1-F0-1  /W-T2-1   /W-T5-1   /T2-T5-6  /T2-F2-1  /T0-F2-1  /T0-F1-1  /T4-F2-1  /T0-F2-1  /T4-F1-1  
/T0-F1-1  /T4-F2-1  /T0-F2-1  /T3-F1-1  /T0-F1-1  /T3-F0-1  /T0-F0-1  /T5-F2-1  /T5-F1-1  /T1-T0-2  
/T1-F1-1  /T3-T5-1  /T3-F0-1  /T1-F0-1  /T5-T3-2  /T5-F1-1  /T5-F0-1  /T0-T1-4  /T0-F1-1  /T5-F1-1  
/T1-T0-5  /T1-F0-1  /T0-T1-6  /T0-F1-1  /T3-T5-5  /T3-F0-1  /D:1      /W-F3-1   /T1-F3-1  /T1-F2-1  
/T5-F3-1  /T1-F3-1  /T5-F2-1  /T1-F2-1  /T5-F3-1  /T1-F3-1  /T5-F2-1  /T1-F2-1  /T5-F3-1  /T1-F3-1  
/T5-F2-1  
"
1030520,Y#fs#MSG#ykpr#udvJz#KqZwho#UlDjXbB#xTeWAtQHFCENmnciaOVgPILR,140.500000,1082.000000,43.000000,0.661616,1,"
minimal: 0 / states: 117 / duration: 0.000137s
history:
/T0-T4-1 /T4-T0-2 /D:1     /W-T0-1  /D:2     /W-T1-1  /D:1     /W-T0-1  /D:1     /W-F0-1  
/T6-F0-1 /D:2     /W-T3-1  /D:3     /W-T3-1  /T6-T3-1 /T4-T6-1 /T4-T0-1 /D:2     /W-F3-1  
/D:2     /W-F2-1  /T5-F2-1 /T5-T0-1 /T2-T0-1 /T3-T2-4 /T3-F2-1 /T5-T3-1 /T2-T0-5 /D:2     
/W-T3-1  /D:1     /W-F1-1  /T0-F1-1 /W-F1-1  /T4-F1-1 /T4-T3-1 /T5-T4-1 /T5-F2-1 /T0-F0-1 
/T1-F1-1 /D:1     /W-F3-1  /D:1     /W-T6-1  /D:1     /W-T3-1  /T1-T3-1 /T1-F1-1 /W-T1-1  
/D:1     /W-F3-1  /T0-F3-1 /T0-F2-1 /T3-F2-1 /T3-F1-1 /W-T0-1  /D:2     /W-T1-1  /T6-T1-3 
/T6-T5-1 /T6-F0-1 /T0-F0-1 /T6-T2-1 /T0-T6-2 /T0-F1-1 /T3-T1-1 /T3-F1-1 /T5-F1-1 /T5-T2-1 
/T6-T0-3 /D:1     /W-F3-1  /T0-F3-1 /R       /D:1     /W-F3-1  /D:1     /W-F2-1  /T1-F2-1 
/D:1     /W-T1-1  /D:1     /W-F0-1  /T0-F0-1 /T0-F3-1 /T0-F2-1 /T1-F0-1 /T1-F3-1 /T3-F2-1 
/T3-F1-1 /T0-F3-1 /T0-F2-1 /T3-F2-1 /T2-T0-1 /T2-F1-1 /T0-T2-2 /T0-F2-1 /T1-T4-3 /T1-F1-1 
/D:1     /W-F0-1  /T4-F0-1 /T2-F0-1 /T4-F3-1 /T2-F3-1 /T4-F0-1 /T2-F0-1 /T4-F3-1 
"
1030524,C#sh#VvL#YrXB#tkjxg#QfUSuZ#qpNmJnd#TbPwDcElzaGAKHOMoyFeIRWi,125.500000,1645.000000,56.000000,0.547872,1,"
minimal: 0 / states: 128 / duration: 0.000140s
history:
/T2-T5-1 /T1-T2-1 /T0-T6-1 /T5-T0-2 /T4-T5-1 /T1-T5-1 /D:2     /W-T6-1  /D:7     /W-T1-1  
/W-T1-1  /T4-T1-1 /T4-T1-1 /T2-T1-2 /T5-T2-3 /T4-T0-1 /T5-T4-1 /W-T4-1  /T6-T4-3 /T6-F2-1 
/T6-T0-1 /T2-T0-4 /T6-T2-1 /T6-F3-1 /T4-T1-6 /D:1     /W-F1-1  /T1-F1-1 /W-F1-1  /D:1     
/W-T5-1  /D:1     /W-F0-1  /T3-F0-1 /T1-F0-1 /T6-T1-1 /W-F0-1  /W-T3-1  /W-T6-1  /D:3     
/W-F3-1  /T6-F3-1 /D:1     /W-T4-1  /D:1     /W-F2-1  /T1-F2-1 /T1-F1-1 /T6-F2-1 /T1-F0-1 
/D:1     /W-T2-1  /T3-T2-2 /T3-F2-1 /T0-F2-1 /T1-T5-1 /T1-F2-1 /T3-T4-1 /D:1     /W-F0-1  
/D:1     /W-F1-1  /D:4     /W-T2-1  /R       /D:2     /W-T4-1  /D:1     /W-T2-1  /T0-T2-1 
/T0-F2-1 /D:3     /W-T4-1  /R       /D:2     /W-T4-1  /T5-T4-3 /T5-F1-1 /T2-F1-1 /T5-F3-1 
/T1-F1-1 /T1-F2-1 /T2-T0-1 /T2-F1-1 /T1-F1-1 /T2-F2-1 /T1-F2-1 /T0-T2-3 /T0-F1-1 /T1-F1-1 
/T2-T0-4 /T2-F2-1 /T1-F2-1 /T2-F1-1 /W-T0-1  /D:1     /W-F3-1  /T4-F3-1 /T0-F3-1 /T4-F0-1 
/T0-F0-1 /T4-F3-1 /T0-F3-1 /T4-F0-1 /T0-F0-1 /T4-F3-1 /T0-F3-1 /T4-F0-1 /T0-F0-1 /T4-F3-1 
/T0-F3-1 /T4-F0-1 
"
1030535,G#eM#lyv#diQq#ShAXn#ouCBKf#WIEkpcs#rbVzwgOYtxmDRUPTLNFaJZjH,188.500000,2775.000000,56.000000,0.548544,1,"
minimal: 0 / states: 132 / duration: 0.000149s
history:
/T4-F2-1 /T5-T0-1 /D:1     /W-T0-1  /D:4     /W-T4-1  /D:3     /W-T1-1  /T5-T1-1 /D:5     
/W-T6-1  /T3-T6-1 /T3-T0-1 /T3-T4-1 /D:1     /W-T2-1  /T0-T2-4 /T1-T0-3 /W-T1-1  /D:1     
/W-T1-1  /T5-T1-1 /T5-T2-1 /T5-T4-1 /T5-F2-1 /W-T5-1  /D:1     /W-T4-1  /T6-T4-3 /T6-T4-1 
/T6-F2-1 /D:1     /W-T5-1  /T4-T5-9 /T4-F0-1 /T1-F0-1 /T2-F0-1 /D:1     /W-F3-1  /D:2     
/W-F1-1  /D:1     /W-T6-1  /D:2     /W-T0-1  /T2-T0-6 /T6-T2-2 /T3-T6-1 /W-T3-1  /T2-T3-3 
/D:1     /R       /D:1     /W-F1-1  /T5-F1-1 /T6-F1-1 /T5-F2-1 /T0-T6-1 /T0-F2-1 /T6-T0-2 
/T4-T6-1 /T1-T5-2 /T1-F1-1 /T0-T4-2 /T0-F1-1 /T4-T0-3 /D:1     /W-T3-1  /D:1     /W-T1-1  
/T2-T1-1 /D:1     /W-F1-1  /T6-F1-1 /T5-T3-6 /T5-F1-1 /D:1     /W-F3-1  /T3-F3-1 /T0-F3-1 
/T3-F0-1 /T0-F0-1 /T3-F3-1 /T0-F3-1 /T3-F2-1 /T3-F3-1 /D:1     /W-F2-1  /T3-F2-1 /T0-T6-2 
/T0-F2-1 /T6-T0-3 /T5-F2-1 /T0-T6-3 /T0-F1-1 /T3-T5-2 /T3-F1-1 /T1-F1-1 /T6-T0-4 /D:1     
/W-F2-1  /T3-F2-1 /T1-F2-1 /T5-T3-4 /T5-F1-1 /D:1     /W-F0-1  /T0-F0-1 /T0-F3-1 /T3-F3-1 
/D:1     /W-F0-1  /T0-F0-1 /T0-F3-1 /T3-F0-1 /T0-F0-1 /T3-F3-1 /T0-F3-1 /T3-F0-1 /T0-F0-1 
/T3-F3-1 
"
1030659,L#BP#guJ#DvGe#hsbXF#aYEVOC#WltQUoM#xwpiRTjfNdkcSAHzIyKnmqZr,140.500000,3741.000000,54.000000,0.556180,1,"
minimal: 0 / states: 126 / duration: 0.000145s
history:
/T3-T4-1 /D:4     /W-T2-1  /D:4     /W-T3-1  /D:1     /W-F3-1  /D:2     /W-T0-1  /T2-T0-2 
/T2-T0-1 /T4-T2-2 /T2-T0-3 /T6-T2-1 /T6-T1-1 /T3-T6-2 /T6-T3-3 /T5-T6-1 /T5-F3-1 /D:3     
/W-F0-1  /D:1     /W-T5-1  /D:5     /W-F2-1  /T1-F2-1 /T1-F3-1 /T1-F0-1 /T6-F0-1 /T6-F3-1 
/D:1     /W-T1-1  /T0-T1-8 /D:1     /W-T1-1  /D:1     /W-T0-1  /D:1     /W-T3-1  /R       
/D:2     /W-T4-1  /T5-T4-2 /D:1     /W-F2-1  /T1-F2-1 /T3-F2-1 /T5-T3-1 /T5-T2-1 /T5-F1-1 
/W-T2-1  /D:1     /W-F3-1  /D:1     /W-T4-1  /D:1     /W-T2-1  /T3-T2-5 /T3-F0-1 /T2-F0-1 
/D:3     /W-F3-1  /T4-F3-1 /D:1     /W-T3-1  /D:2     /W-T0-1  /T4-T0-4 /T4-F1-1 /T4-F2-1 
/T6-F2-1 /T6-T3-1 /T1-T0-3 /T1-F2-1 /T2-T4-2 /T2-F3-1 /T2-F2-1 /T0-T1-4 /T0-F3-1 /T0-F2-1 
/T6-F3-1 /T0-F3-1 /T2-T3-2 /T2-F3-1 /W-T3-1  /W-F1-1  /W-F1-1  /T1-F1-1 /T1-F0-1 /T4-F1-1 
/T1-F1-1 /T4-F0-1 /T1-F0-1 /T4-F1-1 /T1-F1-1 /T3-F0-1 /T1-F0-1 /T3-F1-1 /T1-F1-1 /T3-F2-1 
/T0-F2-1 /T0-F3-1 /T3-F1-1 /T3-F2-1 /D:1     /W-F0-1  /T1-F0-1 /T1-F1-1 /T2-F0-1 
"
1030781,c#YD#kgP#uRly#twSqm#TJfEAb#ZVapoxd#evHGBWsLKnIMOiQhzUrXNjFC,125.500000,2545.000000,53.000000,0.613636,1,"
minimal: 0 / states: 133 / duration: 0.000147s
history:
/T3-T4-1 /T2-T1-1 /D:5     /W-T0-1  /D:2     /W-T2-1  /D:2     /W-T3-1  /D:1     /W-F2-1  
/D:10    /W-T4-1  /D:1     /W-F3-1  /D:1     /W-T3-1  /D:2     /W-T6-1  /T5-T6-1 /T5-F0-1 
/T0-F0-1 /T6-T5-3 /R       /D:1     /W-T2-1  /T1-T2-2 /T6-T1-1 /T6-F2-1 /T6-F2-1 /T6-F1-1 
/T5-F1-1 /T0-F1-1 /T4-T0-3 /T4-F2-1 /T5-T4-3 /T4-F0-1 /T4-F1-1 /D:1     /W-T3-1  /D:1     
/W-T6-1  /T2-T6-5 /D:2     /W-T1-1  /D:2     /W-T1-1  /D:2     /W-F3-1  /T6-F3-1 /T6-F0-1 
/T6-F1-1 /T5-F1-1 /T5-T0-1 /T6-T0-4 /T4-F0-1 /T0-T5-1 /T0-F1-1 /T5-T0-2 /W-T5-1  /T3-T5-4 
/T3-T0-1 /W-T6-1  /T2-T6-1 /D:2     /W-F3-1  /T0-F3-1 /T4-F3-1 /T4-T6-1 /W-T6-1  /T3-T6-1 
/D:1     /W-F1-1  /D:1     /W-T2-1  /T1-T2-4 /D:1     /W-T2-1  /W-T2-1  /D:1     /W-F2-1  
/T0-F2-1 /T4-F2-1 /T0-F3-1 /T6-F2-1 /T5-F2-1 /T6-F1-1 /T5-F1-1 /T6-F2-1 /T6-F1-1 /T2-T5-4 
/T2-F2-1 /T0-T6-4 /T0-F2-1 /T5-T2-5 /T5-F1-1 /T0-F1-1 /T2-T5-6 /T2-F2-1 /D:1     /W-F0-1  
/T5-F0-1 /T5-F3-1 /T6-F0-1 /T5-F0-1 /T6-F3-1 /T5-F3-1 /T6-F0-1 /T5-F0-1 /T6-F3-1 /T5-F3-1 
/T6-F0-1 /T5-F0-1 /T6-F3-1 
"
1030894,T#OV#kUj#xblv#PqHRK#EgaJwo#eSCsmrt#icWhAXDFYGLyMNnQIufpzdZB,116.500000,4278.000000,70.000000,0.504762,1,"
minimal: 0 / states: 149 / duration: 0.000176s
history:
/T3-T2-1 /T4-T3-1 /T2-T3-2 /T6-T2-1 /T2-T3-2 /D:5     /W-F0-1  /D:2     /W-T4-1  /D:1     
/W-T0-1  /T4-T0-2 /T4-T1-1 /T0-T1-4 /D:5     /W-T0-1  /T3-T0-6 /D:1     /W-F3-1  /D:1     
/W-F2-1  /T5-F2-1 /T5-T2-1 /T1-T2-6 /T1-F3-1 /D:1     /W-T6-1  /D:3     /W-T0-1  /T6-T0-2 
/T6-T1-1 /D:1     /W-T0-1  /T3-T0-1 /D:4     /W-F0-1  /R       /D:1     /W-T5-1  /D:1     
/W-T2-1  /D:1     /W-T3-1  /D:5     /W-T1-1  /T2-T1-9 /D:2     /W-T3-1  /D:1     /W-T5-1  
/D:1     /W-T2-1  /D:2     /R       /D:1     /W-T3-1  /D:2     /W-T2-1  /T3-T2-4 /D:1     
/W-T2-1  /D:3     /W-T3-1  /R       /D:2     /W-T3-1  /W-T3-1  /T5-T3-3 /T5-F1-1 /T0-F1-1 
/T0-F2-1 /T1-F1-1 /T4-F2-1 /T4-F3-1 /T6-T5-1 /T6-F0-1 /T0-F3-1 /T1-F0-1 /T1-F3-1 /T6-F3-1 
/T5-T3-2 /T0-F2-1 /T3-F2-1 /T5-F0-1 /T1-F0-1 /T1-F3-1 /T2-F0-1 /T1-F0-1 /T0-T2-2 /T0-F3-1 
/T1-F3-1 /T2-T0-3 /T2-F0-1 /T2-F3-1 /T3-T1-3 /T3-F0-1 /T3-F3-1 /T0-T2-5 /T0-F0-1 /T1-T3-5 
/T1-F0-1 /T2-T0-6 /T2-F3-1 /T0-T2-7 /T0-F0-1 /T3-T1-6 /T3-F3-1 /D:1     /W-F1-1  /T6-F1-1 
/T2-F1-1 /T1-F1-1 /T2-F2-1 /T1-F2-1 /T2-F1-1 /T1-F1-1 /T2-F2-1 /T1-F2-1 /T2-F1-1 /T1-F1-1 
/T2-F2-1 /T1-F2-1 /T2-F1-1 /T1-F1-1 /T2-F2-1 
"
1030934,D#PL#olR#bjKX#ahpZA#fJQwEm#kFUyVnT#IONduBixzvqWYgcteCSrHsMG,156.000000,3458.000000,69.000000,0.451456,1,"
minimal: 0 / states: 144 / duration: 0.000164s
history:
/T4-F0-1  /T3-T1-1  /T1-T4-2  /T0-T2-1  /T5-T0-1  /T1-T2-1  /T4-T1-3  /D:2      /W-T4-1   /D:1      
/W-F3-1   /T4-F3-1  /T2-F3-1  /D:1      /W-T5-1   /T4-T5-1  /D:2      /W-F0-1   /D:6      /W-T3-1   
/D:3      /W-T2-1   /D:1      /W-T4-1   /D:2      /W-F0-1   /D:1      /W-T4-1   /T5-T4-3  /T5-T1-1  
/T5-F3-1  /D:3      /W-T6-1   /T2-T6-3  /T3-T2-2  /D:2      /R        /D:1      /W-T2-1   /T4-T2-6  
/T4-F1-1  /D:2      /W-T1-1   /W-T1-1   /T6-T1-5  /T6-F2-1  /T6-T5-1  /T6-T0-1  /D:2      /W-T4-1   
/T2-T4-10 /T2-F2-1  /T4-F2-1  /D:1      /W-T3-1   /T6-T3-1  /D:1      /W-F2-1   /D:3      /W-T6-1   
/T1-T6-2  /T1-F3-1  /D:1      /W-F2-1   /T1-F2-1  /T6-T1-4  /T5-T6-2  /T4-T5-2  /T4-F3-1  /T4-F2-1  
/T6-T0-3  /D:1      /W-T0-1   /T1-T0-5  /T1-F2-1  /D:1      /W-T2-1   /D:1      /W-T3-1   /T5-T3-3  
/R        /D:2      /W-T2-1   /W-T2-1   /T3-T2-7  /T3-F1-1  /T0-F1-1  /T0-F0-1  /T2-F1-1  /T0-F1-1  
/T2-F0-1  /T0-F0-1  /T0-F3-1  /T2-F1-1  /T2-F0-1  /T2-F3-1  /T0-F0-1  /T0-F3-1  /T2-F2-1  /T1-T0-1  
/T1-F2-1  /T4-T2-2  /T4-F3-1  /T1-F3-1  /T2-T4-3  /T2-F2-1  /T2-F3-1  /T0-T1-3  /T0-F2-1  /T1-T0-4  
/T1-F3-1  /T4-T2-5  /T4-F2-1  /D:1      /W-F1-1   /T2-F1-1  /T0-F1-1  /T2-F0-1  /T0-F0-1  /T2-F1-1  
/T0-F1-1  /T2-F0-1  /T0-F0-1  /T2-F1-1  /T0-F1-1  /T2-F0-1  
"
1030977,k#DN#cTn#mlvY#EiXOP#LqySzd#IpjCxBJ#RAwhKrMtGabesZfoVFUWugQH,142.500000,1970.000000,43.000000,0.659091,1,"
minimal: 0 / states: 118 / duration: 0.000143s
history:
/T1-F3-1 /T2-F2-1 /T6-T0-1 /T6-T4-1 /T4-T1-2 /T4-F3-1 /T6-T3-1 /T6-T5-1 /T6-T3-1 /D:2     
/W-F0-1  /T1-F0-1 /T1-F3-1 /T5-F0-1 /T6-T5-1 /T1-F0-1 /T6-T3-1 /D:1     /W-T4-1  /D:1     
/W-T3-1  /D:3     /W-T1-1  /T3-T1-5 /D:1     /W-T1-1  /D:2     /W-F1-1  /D:1     /W-F1-1  
/D:2     /W-T2-1  /W-T2-1  /D:1     /W-T6-1  /D:1     /W-T1-1  /D:1     /W-F2-1  /T5-F2-1 
/D:1     /W-T0-1  /D:2     /W-T3-1  /D:2     /W-T0-1  /T2-T0-3 /T2-F1-1 /T5-F1-1 /T5-T2-1 
/T0-F1-1 /T1-F1-1 /T5-T1-1 /T4-T5-2 /T5-T6-3 /T5-F2-1 /T4-T6-1 /T4-F0-1 /T0-T5-6 /D:1     
/W-F1-1  /T1-T3-2 /T1-F1-1 /T6-F1-1 /D:1     /W-F3-1  /D:1     /R       /D:1     /W-F3-1  
/T3-F3-1 /D:2     /W-F2-1  /T5-F2-1 /T3-F2-1 /T5-F3-1 /T5-F2-1 /T3-T1-1 /T3-F2-1 /T3-T2-1 
/T1-F3-1 /T5-F3-1 /T6-F2-1 /W-T2-1  /T1-T2-2 /T1-F2-1 /T5-T3-3 /D:2     /W-F0-1  /W-F0-1  
/D:1     /W-F3-1  /T6-F3-1 /T1-F3-1 /T6-F2-1 /T6-F3-1 /T2-T1-4 /T2-F2-1 /D:1     /W-F0-1  
/T1-F0-1 /T1-F1-1 /T3-F0-1 /T1-F0-1 /T3-F1-1 /T1-F1-1 /T3-F0-1 /T1-F0-1 /T3-F1-1 
"
1031052,z#sY#GMK#tjNH#VJFBP#fyZhOo#kmRqexA#aEbwDdTpnSICrLWgQXuvilUc,121.500000,1541.000000,41.000000,0.636842,1,"
minimal: 0 / states: 116 / duration: 0.000129s
history:
/T6-F0-1  /T5-T4-1  /T6-T1-1  /T1-T0-2  /T6-T1-1  /T4-T6-2  /T4-F0-1  /T6-T1-3  /T6-T4-1  /D:1      
/W-F1-1   /D:2      /W-F1-1   /D:2      /W-T4-1   /D:2      /W-T3-1   /T4-T3-3  /D:2      /W-F2-1   
/T1-F2-1  /W-F2-1   /T1-T3-1  /T1-F2-1  /D:3      /W-F0-1   /D:1      /W-F2-1   /D:1      /W-T6-1   
/D:1      /W-T0-1   /W-T0-1   /D:3      /W-T6-1   /T4-T6-1  /T3-T4-6  /T3-F3-1  /T5-F3-1  /T4-F3-1  
/W-F3-1   /T5-T0-1  /T3-T2-1  /T3-T0-1  /T5-T3-1  /T5-T3-1  /T4-T6-6  /T6-T4-10 /T4-F0-1  /T4-F3-1  
/T1-T4-1  /T1-F2-1  /T0-F2-1  /T6-T3-1  /D:1      /W-F2-1   /D:1      /W-F2-1   /D:4      /W-F1-1   
/R        /D:1      /W-F0-1   /D:1      /W-F2-1   /D:1      /W-F1-1   /T4-F1-1  /T4-F0-1  /T5-F1-1  
/D:1      /W-F3-1   /T4-F3-1  /D:1      /W-F1-1   /T0-F1-1  /D:1      /W-F1-1   /T2-F1-1  /T3-F1-1  
/T0-T2-2  /T0-F2-1  /T2-T0-3  /T2-T1-1  /T2-F0-1  /T4-F0-1  /T0-F0-1  /T3-F2-1  /T0-T1-3  /T0-F2-1  
/D:1      /W-F1-1   /T4-T3-4  /T4-F1-1  /D:1      /W-F3-1   /T3-F3-1  /T1-F3-1  /T3-F0-1  /T1-F0-1  
/T3-F3-1  /T1-F3-1  /T3-F0-1  /T1-F0-1  /T3-F3-1  
"
1031116,L#oz#Ryx#MCtc#jdDFJ#GmYrbT#eOIsnWk#gSqfAPvXUQhZlHENipVaBuwK,87.000000,1069.000000,29.000000,0.816667,1,"
minimal: 0 / states: 123 / duration: 0.000127s
history:
/T6-T0-1 /T6-T2-1 /T6-F2-1 /T4-T0-1 /T4-T5-1 /T3-T4-1 /D:2     /W-T3-1  /D:3     /W-F0-1  
/D:2     /W-T2-1  /D:2     /W-T2-1  /T3-T2-2 /D:4     /W-T1-1  /T2-T1-6 /D:2     /W-T1-1  
/D:1     /W-F3-1  /D:1     /W-T0-1  /W-T0-1  /T5-T0-2 /T5-T3-1 /D:3     /W-F1-1  /T3-F1-1 
/T4-F1-1 /D:1     /W-F0-1  /T3-F0-1 /T4-F0-1 /T4-F1-1 /T1-F0-1 /T5-T1-1 /T5-T3-1 /T2-T5-1 
/T2-T0-1 /T1-T2-9 /T1-F2-1 /T5-T1-2 /T0-T6-1 /T0-F0-1 /T6-T0-2 /T6-T4-1 /T6-F3-1 /T5-F0-1 
/T6-F1-1 /D:3     /W-T3-1  /T4-T3-2 /R       /D:2     /W-T0-1  /D:1     /W-F1-1  /W-F1-1  
/D:1     /W-F3-1  /D:1     /W-T1-1  /D:1     /W-F3-1  /D:1     /W-F1-1  /D:1     /W-T4-1  
/T0-T4-9 /D:1     /W-F2-1  /T4-F2-1 /T2-F2-1 /T4-F3-1 /T2-F3-1 /T4-F2-1 /T2-F2-1 /T4-F3-1 
/T2-F3-1 /T4-F0-1 /T3-F0-1 /T4-F1-1 /T3-F1-1 /T4-F0-1 /T3-F0-1 /T4-F1-1 /T4-F0-1 /T2-T3-3 
/T2-F1-1 /T1-T4-2 /T1-F1-1 /T3-T2-4 /T3-F0-1 /D:1     /W-F3-1  /D:1     /W-F2-1  /T2-F2-1 
/T2-F3-1 /T4-F3-1 /D:1     /W-F2-1  /T2-F2-1 /T2-F3-1 /T4-F2-1 /T2-F2-1 /T4-F3-1 
"
1031186,C#Ho#GfQ#XaRn#JlqNy#gmDKdB#EtwYhzV#MOLTpvWkPujiAesFcbxUrISZ,93.500000,1103.000000,39.000000,0.676471,1,"
minimal: 0 / states: 128 / duration: 0.000187s
history:
/T3-F2-1 /T1-F2-1 /T0-T2-1 /T1-T6-1 /D:1     /W-T0-1  /D:1     /W-T2-1  /D:2     /W-T6-1  
/D:1     /W-F2-1  /D:3     /W-T4-1  /D:5     /W-F0-1  /T5-F0-1 /D:2     /W-T6-1  /T3-T6-1 
/T3-F1-1 /D:3     /W-F1-1  /W-F1-1  /T5-F1-1 /D:6     /W-T1-1  /T4-T1-2 /T4-F3-1 /T2-F3-1 
/T2-F0-1 /T4-F2-1 /T5-T4-1 /T5-F0-1 /T4-T0-2 /T6-T4-5 /T4-T1-6 /T6-T4-1 /R       /D:1     
/W-T5-1  /T3-T5-1 /T5-T3-3 /D:2     /W-T0-1  /W-T0-1  /T6-T0-1 /T6-T4-1 /T6-T3-1 /T6-T0-1 
/T2-T6-1 /T2-T0-1 /T6-T0-2 /D:1     /W-F3-1  /T0-F3-1 /T0-F0-1 /T1-F3-1 /D:3     /W-T3-1  
/D:1     /W-F1-1  /T0-F1-1 /T5-F1-1 /D:1     /W-F0-1  /T2-F0-1 /D:1     /W-T4-1  /W-T4-1  
/W-T3-1  /T1-T3-2 /T1-F0-1 /D:2     /W-F2-1  /T3-F2-1 /T0-F2-1 /T0-F1-1 /T3-T1-2 /T3-F1-1 
/T4-F1-1 /W-T0-1  /D:1     /W-F0-1  /T1-T3-3 /T1-F0-1 /T1-F1-1 /T0-T4-3 /T0-F0-1 /T0-F1-1 
/T3-T1-5 /T3-F0-1 /T0-F0-1 /T3-F1-1 /D:1     /W-F3-1  /T1-F3-1 /T1-F2-1 /T4-F3-1 /T1-F3-1 
/T4-F2-1 /T1-F2-1 /T4-F3-1 /T1-F3-1 /T4-F2-1 /T1-F2-1 /T4-F3-1 /T1-F3-1 /T4-F2-1 
"
1031246,v#iz#mPM#TdEa#JXLrp#NsCqcW#Bkxglbn#DHSQFUfOwhIZGojyRtAuKVYe,155.000000,4008.000000,60.000000,0.500000,1,"
minimal: 0 / states: 134 / duration: 0.000144s
history:
/T3-F1-1 /T6-F2-1 /T6-F1-1 /T6-T1-1 /T0-T5-1 /T2-T0-1 /D:4     /W-T3-1  /T4-T3-1 /D:1     
/W-T6-1  /D:1     /W-T5-1  /D:2     /W-T3-1  /D:5     /W-T5-1  /D:1     /W-F2-1  /D:3     
/W-T6-1  /D:2     /W-F0-1  /D:2     /W-T1-1  /T5-T1-4 /T5-F1-1 /T5-T6-1 /T2-T6-1 /T3-T5-1 
/T3-F2-1 /T5-T3-2 /D:2     /W-T0-1  /D:1     /W-T5-1  /R       /D:1     /W-T5-1  /T6-T5-1 
/T6-F2-1 /T4-F2-1 /T4-T2-1 /T4-T2-1 /T4-T2-1 /T1-T4-7 /T1-T2-1 /D:1     /W-T2-1  /T6-T2-3 
/T6-T0-1 /D:1     /W-T4-1  /T3-T4-4 /T3-F1-1 /T5-T3-4 /T5-F3-1 /T4-F3-1 /T3-F3-1 /T3-T2-1 
/T3-F1-1 /T3-F2-1 /D:1     /W-F1-1  /T2-T3-3 /T2-F1-1 /T3-T2-4 /D:1     /W-T6-1  /D:1     
/W-F1-1  /D:2     /W-T1-1  /D:1     /W-T0-1  /W-T0-1  /D:1     /W-T1-1  /T6-T1-2 /T6-F0-1 
/T4-F0-1 /T2-F0-1 /T4-F3-1 /T2-F3-1 /T4-F0-1 /T2-F0-1 /T4-F3-1 /T2-F3-1 /T4-F0-1 /T2-F0-1 
/T0-F0-1 /T2-F1-1 /T0-F1-1 /T2-F0-1 /T4-F3-1 /T1-T2-1 /T1-F1-1 /T4-T0-2 /T4-F0-1 /T4-F1-1 
/T2-T1-2 /T2-F0-1 /T2-F1-1 /T0-T4-4 /T0-F0-1 /D:1     /W-F2-1  /D:1     /W-F2-1  /T4-F2-1 
/T1-F2-1 /D:1     /W-F3-1  /T4-F3-1 /T1-F3-1 /T4-F2-1 /T1-F2-1 /T4-F3-1 /T1-F3-1 /T4-F2-1 
"
1031308,U#ig#wMc#OHyD#VjvCx#brAlGN#kPIqTap#BmQSEofsZdFnthYWKuJzLeXR,124.500000,4005.000000,58.000000,0.545000,1,"
minimal: 0 / states: 133 / duration: 0.000155s
history:
/T5-F3-1 /T5-T0-1 /T4-T5-1 /T2-T3-1 /T5-T2-2 /T5-F0-1 /D:1     /W-F0-1  /T4-F0-1 /T0-T4-2 
/T2-T0-3 /D:2     /W-T5-1  /T6-T5-1 /T6-F1-1 /D:1     /W-T4-1  /T5-T4-3 /T5-F1-1 /T3-F1-1 
/T3-F0-1 /W-T5-1  /T3-T5-1 /T6-T3-1 /D:1     /W-F0-1  /D:3     /W-T1-1  /D:2     /W-F1-1  
/D:1     /W-F0-1  /D:1     /W-F2-1  /D:4     /W-T0-1  /T4-T0-7 /D:6     /W-T1-1  /T6-T1-1 
/T6-T4-1 /T6-T1-1 /T2-T6-1 /T6-T5-2 /D:2     /R       /D:1     /W-F2-1  /T0-F2-1 /D:2     
/W-T2-1  /D:2     /W-T4-1  /W-T4-1  /T0-T4-3 /T0-F0-1 /D:5     /W-T6-1  /D:1     /W-T2-1  
/D:1     /W-T2-1  /W-T2-1  /D:1     /R       /D:2     /W-T6-1  /D:1     /W-T6-1  /T4-T6-7 
/T3-T4-2 /T3-F3-1 /T1-F3-1 /T1-F2-1 /T1-F1-1 /T6-F3-1 /T6-F2-1 /W-F1-1  /T1-T4-1 /T1-F1-1 
/T4-F2-1 /T6-T0-2 /T6-F1-1 /T1-F1-1 /T4-T2-3 /D:2     /W-F3-1  /T0-F3-1 /T0-F2-1 /T2-F3-1 
/T0-F3-1 /T2-F0-1 /T6-F0-1 /W-F2-1  /T0-F2-1 /T2-F3-1 /T0-F3-1 /T2-F0-1 /T5-F2-1 /T2-F3-1 
/T6-F1-1 /T0-F2-1 /T5-F1-1 /T5-F2-1 /T6-F0-1 /T0-F1-1 /T2-F0-1 /T5-F1-1 /T6-F3-1 /T0-F0-1 
/T2-F3-1 /T6-F2-1 
"
1031362,O#Hn#ubF#jaeL#yvQCc#hSqJXB#xlosWgi#YmdItVADPzwGZNMKrEkpRfTU,119.500000,3084.000000,56.000000,0.545977,1,"
minimal: 0 / states: 135 / duration: 0.000144s
history:
/T1-F2-1 /T5-T4-1 /T5-T3-1 /T6-T5-1 /T6-T1-1 /T5-T3-2 /T4-T5-2 /T2-T1-1 /T2-T4-1 /T1-T3-3 
/D:2     /W-T1-1  /T3-T1-7 /T3-T1-1 /T3-F1-1 /T4-F1-1 /T5-T1-3 /T0-T4-1 /D:2     /W-T3-1  
/D:3     /W-F0-1  /T1-F0-1 /T1-F1-1 /D:2     /W-T1-1  /D:1     /W-T0-1  /D:4     /W-F3-1  
/T4-F3-1 /T4-F0-1 /T1-F3-1 /T4-F3-1 /T4-T6-1 /D:3     /W-T5-1  /D:2     /W-T4-1  /D:2     
/W-F3-1  /D:2     /W-T2-1  /D:1     /W-T3-1  /R       /D:1     /W-T0-1  /D:1     /W-F1-1  
/D:1     /W-T3-1  /T5-T3-2 /T5-T6-1 /D:2     /W-F0-1  /D:1     /W-T4-1  /W-T4-1  /T2-T4-2 
/D:1     /W-T6-1  /D:1     /W-T2-1  /T4-T2-6 /D:1     /W-T4-1  /D:1     /W-T0-1  /T6-T0-4 
/T6-T2-1 /T6-F2-1 /T6-T4-1 /T3-T6-6 /T6-T4-7 /D:1     /W-F0-1  /T1-T2-2 /T1-F0-1 /T0-F0-1 
/D:1     /W-F2-1  /T2-F2-1 /T2-F1-1 /T4-F2-1 /T2-F2-1 /T4-F3-1 /T2-F3-1 /T4-F2-1 /T4-F3-1 
/T2-F2-1 /T2-F3-1 /T0-T4-1 /T0-F2-1 /T0-F3-1 /T2-F2-1 /T1-T2-4 /T1-F3-1 /T4-T0-3 /T4-F2-1 
/T0-T4-4 /T0-F3-1 /T2-T1-5 /T2-F2-1 /T0-F2-1 /T2-F3-1 /D:1     /W-F1-1  /T1-F1-1 /T1-F0-1 
/T4-F1-1 /T1-F1-1 /T4-F0-1 /T1-F0-1 /T4-F1-1 /T1-F1-1 /T4-F0-1 /T1-F0-1 /T4-F1-1 /T1-F1-1 
/T4-F0-1 
"
1031373,n#ZY#mSB#Hrbe#UsKoa#iXVgGM#QuzkCdF#NcItDTpRvLWOAjlJfEqhwyPx,114.500000,1522.000000,34.000000,0.682432,1,"
minimal: 0 / states: 110 / duration: 0.000133s
history:
/T0-F2-1 /T4-F1-1 /T4-F2-1 /T5-T0-1 /T3-T6-1 /T3-F1-1 /T4-T1-1 /T1-T0-2 /D:1     /W-F3-1  
/D:1     /W-F1-1  /D:3     /W-T6-1  /F1-T6-1 /T2-T6-1 /T2-T5-1 /T3-T5-1 /D:1     /W-T3-1  
/T6-T3-5 /T6-T5-1 /T6-T5-1 /D:1     /W-F2-1  /D:1     /W-T4-1  /D:2     /W-T1-1  /T6-T1-1 
/D:1     /W-T0-1  /W-T0-1  /D:1     /W-F3-1  /D:1     /W-F0-1  /T3-F0-1 /T3-F1-1 /T5-F0-1 
/T5-F1-1 /T3-F0-1 /T3-F1-1 /D:2     /W-T6-1  /D:1     /W-T1-1  /D:1     /W-F1-1  /D:1     
/W-F0-1  /T3-F0-1 /T4-T3-2 /T5-T4-3 /T5-F1-1 /T5-T1-1 /T3-T1-4 /T6-T3-2 /T4-T0-4 /D:1     
/W-F2-1  /T0-F2-1 /D:1     /W-F1-1  /D:1     /W-T5-1  /D:1     /W-T2-1  /T5-T2-2 /T6-T5-1 
/T5-T2-2 /D:1     /W-F3-1  /T6-F3-1 /T1-F3-1 /T0-F3-1 /T0-F0-1 /T1-F2-1 /T1-F3-1 /T1-F0-1 
/T0-F3-1 /T1-F3-1 /D:1     /W-T3-1  /W-T3-1  /W-F2-1  /T2-F2-1 /T0-F2-1 /T2-F1-1 /T2-F2-1 
/W-F0-1  /T0-F3-1 /T1-F0-1 /T2-F3-1 /T3-F1-1 /T0-F0-1 /T1-F1-1 /T1-F0-1 /T3-F2-1 /T0-F3-1 
/T2-F2-1 /T1-F3-1 /T3-F1-1 /T0-F0-1 /T2-F1-1 /T3-F2-1 
"
1031428,f#kZ#HlD#ESbc#YPOwz#LuCQvq#MgmGWeA#IoXRVFJNsdiBtyTnhprxjaKU,111.500000,1651.000000,35.000000,0.708333,1,"
minimal: 0 / states: 115 / duration: 0.000129s
history:
/T6-F0-1 /T5-T6-1 /T3-T2-1 /D:2     /W-T2-1  /D:6     /W-F3-1  /D:4     /W-F0-1  /D:2     
/W-T1-1  /D:2     /W-F2-1  /T2-F2-1 /D:1     /W-T5-1  /D:1     /W-F2-1  /T6-F2-1 /T2-T6-2 
/T2-T4-1 /W-T2-1  /W-T5-1  /T0-T5-1 /T4-T0-2 /W-T4-1  /T2-T4-2 /T1-T2-2 /T4-T1-4 /T4-F3-1 
/T4-F3-1 /T1-T2-5 /D:1     /W-F2-1  /D:1     /W-T0-1  /D:1     /W-T0-1  /T5-T0-4 /T5-F3-1 
/T5-F0-1 /D:1     /W-F1-1  /T3-F1-1 /T6-F1-1 /T6-F0-1 /W-F1-1  /T6-F1-1 /T0-F1-1 /T3-T0-1 
/T3-F0-1 /W-F2-1  /D:1     /W-T4-1  /T6-T4-1 /T0-T6-1 /T0-F2-1 /T5-F2-1 /T6-T0-2 /T6-T1-1 
/T6-F1-1 /T4-T6-3 /T5-T1-1 /D:1     /R       /D:1     /W-T6-1  /T0-T6-3 /T0-F2-1 /D:1     
/W-T1-1  /D:1     /W-F3-1  /T6-F3-1 /T2-F3-1 /D:2     /W-F0-1  /T6-F0-1 /T2-F0-1 /T6-F1-1 
/T2-F1-1 /T0-F1-1 /T2-F2-1 /T0-F2-1 /T2-F1-1 /T0-F1-1 /T2-F2-1 /T0-F2-1 /T6-F0-1 /T1-T2-2 
/T1-F1-1 /D:1     /W-F0-1  /D:1     /W-F3-1  /W-F3-1  /T6-F3-1 /T2-F3-1 /T6-F0-1 /T2-F0-1 
/T6-F3-1 /T2-F3-1 /T6-F0-1 
"
1031445,n#lo#hpL#qYbK#OikfX#MQeumg#JzcvjaZ#CTtRPDsdEUHGyNrwxWBIVSFA,99.000000,2349.000000,54.000000,0.541667,1,"
minimal: 0 / states: 131 / duration: 0.000191s
history:
/T0-F2-1 /T1-F2-1 /T6-T0-1 /T6-F1-1 /T4-T2-1 /T6-T3-1 /T3-T1-2 /T3-F1-1 /T6-T1-1 /T6-F1-1 
/T2-T0-2 /T2-F2-1 /T3-T6-1 /T2-T1-1 /T6-T2-2 /T3-F2-1 /T6-T0-1 /D:3     /W-T1-1  /T4-T1-1 
/D:4     /W-T5-1  /D:1     /W-F1-1  /D:1     /W-T1-1  /D:5     /W-F3-1  /D:1     /W-F2-1  
/T5-F2-1 /D:1     /W-T4-1  /D:1     /W-T2-1  /D:1     /W-T2-1  /D:2     /W-T2-1  /D:1     
/W-T0-1  /D:2     /W-T5-1  /D:1     /W-F0-1  /R       /D:3     /W-T5-1  /D:2     /W-T5-1  
/W-T5-1  /D:1     /W-T2-1  /D:1     /W-T0-1  /T5-T0-5 /T5-T3-1 /W-T5-1  /D:1     /W-T2-1  
/T1-T2-2 /T1-F2-1 /D:1     /W-T3-1  /T4-T3-2 /T5-T4-2 /T5-F1-1 /T4-T3-3 /T4-F3-1 /T5-T2-1 
/T0-F3-1 /T2-F3-1 /T1-T5-5 /D:1     /W-F0-1  /W-F0-1  /T0-F0-1 /T0-F3-1 /T2-F0-1 /T0-F0-1 
/T2-F1-1 /T0-F1-1 /T2-F0-1 /T5-F1-1 /T0-F0-1 /T2-T5-1 /T2-F0-1 /T3-T0-2 /T3-F1-1 /T0-T3-3 
/T0-F0-1 /T5-T2-2 /T5-F1-1 /T5-F0-1 /T3-T0-4 /T3-F1-1 /T5-F1-1 /T0-T3-5 /T0-F0-1 /T5-F0-1 
/T3-T0-6 /T3-F1-1 /D:1     /W-F3-1  /T0-F3-1 /T0-F2-1 /T2-F3-1 /T0-F3-1 /T2-F2-1 /T0-F2-1 
/T2-F3-1 /T0-F3-1 /T2-F2-1 /T0-F2-1 /T2-F3-1 /T0-F3-1 /T2-F2-1 
"
1031546,G#hI#Mpl#eVzR#AFPTn#OsvWid#wrgcmuN#BYCjXLtDJboaHKfyUQqxZEkS,166.500000,4095.000000,48.000000,0.576923,1,"
minimal: 0 / states: 117 / duration: 0.000134s
history:
/T4-F2-1 /T6-F3-1 /T4-T6-1 /D:1     /W-T4-1  /D:2     /W-T5-1  /D:5     /W-T3-1  /T4-T3-2 
/T3-T4-4 /T2-T3-1 /T4-T6-5 /T4-F0-1 /T6-F0-1 /T3-T4-2 /T6-T3-6 /T5-F0-1 /T2-T5-1 /D:2     
/W-T5-1  /D:1     /W-F2-1  /D:1     /W-F1-1  /T5-F1-1 /T5-F2-1 /D:2     /W-T4-1  /D:1     
/W-T0-1  /D:1     /W-T6-1  /D:1     /W-T1-1  /T0-T1-2 /T6-T0-2 /T6-F1-1 /T5-F1-1 /W-T5-1  
/T6-T5-1 /T6-T1-1 /T5-T6-3 /T5-T4-1 /T5-T4-1 /T5-T6-1 /T5-F3-1 /T3-F3-1 /T3-F0-1 /D:1     
/W-F3-1  /T3-F3-1 /D:1     /W-F2-1  /T1-F2-1 /T6-F2-1 /D:2     /W-T5-1  /D:1     /W-F0-1  
/T3-F0-1 /D:1     /W-T0-1  /T6-T0-4 /D:1     /W-F3-1  /T3-F3-1 /R       /D:1     /W-T2-1  
/D:3     /W-T5-1  /W-T5-1  /D:1     /W-F2-1  /T3-F2-1 /T4-F2-1 /T1-T4-4 /T4-T1-2 /T4-F3-1 
/T3-F3-1 /T3-F1-1 /T1-F1-1 /T0-F1-1 /T1-F0-1 /T0-F0-1 /T1-F1-1 /T0-F1-1 /T0-F2-1 /T4-F0-1 
/T4-F3-1 /W-F1-1  /T0-F1-1 /T5-F3-1 /T2-F3-1 /D:1     /W-F0-1  /T4-F0-1 /T5-F0-1 /T2-F0-1 
/T4-F1-1 /T5-F3-1 /D:1     /W-F2-1  /T0-F2-1 /T0-F1-1 /T4-F2-1 
"
1031559,v#QL#xqH#fszn#OiVYo#dgmhjc#beFDGpa#XEwKJUlAPyrWIkSuRMTCZBtN,85.500000,176.000000,26.000000,0.764286,0,"
minimal: 0 / states: 4153800 / duration: 7.784766s
history:
/T3-F2-1 /T4-F2-1 /T6-F1-1 /T6-F2-1 /D:1     /W-T1-1  /D:3     /W-T4-1  /D:1     /W-T1-1  
/T4-T3-2 /D:1     /W-T0-1  /D:2     /W-F0-1  /T2-T4-1 /T2-F2-1 /T4-T1-2 /T6-T0-1 /T5-T6-1 
/T0-T5-3 /T3-T0-3 /D:3     /W-F2-1  /D:1     /W-T0-1  /D:1     /W-T0-1  /D:3     /W-T4-1  
/D:1     /W-T3-1  /T6-T3-2 /D:2     /W-T1-1  /T6-T1-1 /T5-T2-4 /T6-T1-1 /T6-F1-1 /T3-F1-1 
/T5-T0-1 /T5-T6-1 /T5-T4-1 /T5-F1-1 /T1-F1-1 /T3-T1-2 /T3-F2-1 /T3-F1-1 /T4-F1-1 /T0-F1-1 
/T1-T6-9 /D:1     /W-T1-1  /D:2     /W-F0-1  /T1-F0-1 /T6-F0-1 /D:1     /W-F2-1  /T4-F2-1 
/T4-F1-1 /D:1     /W-F3-1  /T4-F3-1 /T2-T0-2 /T2-F2-1 /T2-F1-1 /R       /D:1     /W-F0-1  
/D:1     /W-F2-1  /T2-F2-1 /D:2     /W-F3-1  /T1-F3-1 /T6-F3-1 /T6-F0-1 /T0-F0-1 /D:1     
/W-F2-1  /D:2     /W-F3-1  /T6-F3-1 /T0-F3-1 /T6-F0-1 /T0-F0-1 /T6-F3-1 /T0-F3-1 /T6-F0-1 
/T0-F0-1 /T6-F3-1 /T0-F3-1 /T6-F0-1 /D:1     /W-F0-1  /D:1     /W-F3-1  /R       /D:1     
/W-T0-1  /D:1     /W-F1-1  /T0-F1-1 /T0-F2-1 /T6-F1-1 
"
1031822,z#NH#rSm#Jtal#FjheU#QgxfPZ#YuyvKAR#wqLMXbdinOckDsToWVCBpEIG,177.000000,3226.000000,42.000000,0.606383,1,"
minimal: 0 / states: 112 / duration: 0.000111s
history:
/T3-T0-1 /T3-F1-1 /T3-T4-1 /D:2     /W-T6-1  /D:1     /W-T2-1  /D:2     /W-T2-1  /T3-T2-1 
/T5-T3-1 /T5-T6-1 /T5-T4-1 /T5-T0-1 /T5-T1-1 /D:1     /W-F1-1  /D:2     /W-T2-1  /T1-T2-2 
/T1-F3-1 /T2-T1-7 /D:1     /W-F2-1  /D:1     /W-F3-1  /T6-F3-1 /T5-F3-1 /D:1     /W-F1-1  
/W-F1-1  /W-T5-1  /D:3     /W-T1-1  /T6-T1-2 /T6-F0-1 /D:2     /W-F2-1  /D:1     /W-T0-1  
/D:3     /W-F0-1  /W-F0-1  /D:1     /W-F2-1  /T1-F2-1 /T1-F3-1 /T2-F3-1 /T2-F2-1 /T1-F2-1 
/D:1     /W-T4-1  /D:1     /W-T0-1  /T4-T0-4 /T4-F1-1 /D:1     /W-T4-1  /T0-T4-2 /T0-F2-1 
/R       /D:3     /W-F0-1  /T4-F0-1 /T4-F1-1 /T1-F1-1 /T4-T0-1 /T4-F1-1 /T4-T6-1 /T4-F0-1 
/T0-F0-1 /T1-F0-1 /T1-F1-1 /T6-F1-1 /W-F1-1  /D:1     /W-F3-1  /T0-F3-1 /T0-F0-1 /T1-F0-1 
/T6-F0-1 /T6-T0-1 /T6-T3-1 /T6-F2-1 /T0-F2-1 /W-F2-1  /T0-T6-2 /T0-F1-1 /T1-T3-1 /T1-F0-1 
/T1-F1-1 /T5-F0-1 /T6-T0-3 /D:1     /W-F3-1  /T0-F3-1 /T0-F2-1 /T3-F3-1 /T0-F3-1 /T3-F2-1 
/T0-F2-1 /T3-F3-1 
"
1031828,o#Ea#xXk#hfGz#nmcSA#wBJOqg#DWrbyRi#FsUtNQpYHIvLlKVTdjuMZCeP,138.500000,1690.000000,48.000000,0.592593,1,"
minimal: 0 / states: 125 / duration: 0.000118s
history:
/T1-F1-1 /T4-F0-1 /T1-T4-1 /T3-T1-1 /T4-T3-2 /T0-T4-1 /D:1     /W-T5-1  /D:4     /W-F3-1  
/D:1     /W-T3-1  /D:1     /W-T3-1  /D:1     /W-T1-1  /D:1     /W-T6-1  /T5-T6-2 /T4-T5-2 
/T4-T0-1 /T4-F2-1 /T5-F2-1 /T3-F2-1 /D:3     /W-T0-1  /T2-T0-1 /D:2     /W-T1-1  /D:4     
/W-T1-1  /D:2     /W-T4-1  /D:2     /W-T3-1  /D:1     /W-T6-1  /T5-T6-2 /T5-F3-1 /T6-T5-7 
/T5-T0-8 /T5-F0-1 /T3-F0-1 /T5-T2-1 /W-T5-1  /D:1     /W-F3-1  /T3-F3-1 /T6-F3-1 /T6-T5-1 
/T6-F1-1 /T0-F1-1 /T0-F2-1 /T6-F2-1 /T2-T5-2 /T6-T2-1 /T6-F0-1 /T3-F0-1 /T3-F3-1 /R       
/D:1     /W-F2-1  /D:2     /W-F2-1  /D:1     /W-T1-1  /W-T1-1  /T3-T1-1 /T3-T1-1 /D:1     
/W-T2-1  /T3-T2-1 /D:1     /W-T4-1  /T2-T4-4 /D:1     /W-T5-1  /D:1     /W-F3-1  /T1-T4-2 
/T1-F3-1 /T5-F3-1 /D:1     /W-F1-1  /T0-F1-1 /T0-F0-1 /T4-F1-1 /T0-F1-1 /T4-F0-1 /T0-F0-1 
/T4-F1-1 /T1-F0-1 /T0-F1-1 /T0-F0-1 /T1-F1-1 /T0-F1-1 /T1-F0-1 /T0-F0-1 /T4-T1-3 /T4-F1-1 
/T0-F1-1 /T4-F0-1 /D:1     /W-F2-1  /T1-F2-1 /T1-F3-1 /T5-F2-1 /T1-F2-1 /T5-F3-1 /T1-F3-1 
/T5-F2-1 /T1-F2-1 /T5-F3-1 
"
1031861,f#eY#yHl#BAtL#qSTsx#ghoVrW#IbMRPmw#paczDdKEnvFCGJkNjQiXZuUO,141.500000,1643.000000,47.000000,0.570588,1,"
minimal: 0 / states: 124 / duration: 0.000122s
history:
/T5-T4-1 /T4-T1-2 /T5-T0-1 /T5-T6-1 /D:2     /W-F1-1  /D:4     /W-T0-1  /D:1     /W-T2-1  
/D:2     /W-F2-1  /T5-F2-1 /D:1     /W-T1-1  /T5-T1-1 /T4-T5-1 /D:1     /W-T4-1  /D:1     
/W-T0-1  /D:1     /W-T1-1  /T0-T1-4 /D:2     /W-T3-1  /T6-T3-2 /T6-T0-1 /T3-T0-4 /D:1     
/W-F3-1  /D:1     /W-T2-1  /D:5     /W-T0-1  /T4-T0-2 /T4-T3-1 /T6-T4-1 /T6-T0-1 /T2-T6-3 
/T4-T0-2 /T6-T4-4 /T6-F1-1 /T5-T2-2 /W-T5-1  /T6-T4-1 /D:1     /W-T4-1  /T3-T4-2 /T3-F0-1 
/T3-F0-1 /T1-F0-1 /D:1     /W-F3-1  /T0-F3-1 /R       /D:1     /W-F2-1  /T0-F2-1 /D:1     
/W-F1-1  /T1-F1-1 /T1-F2-1 /T2-F2-1 /D:1     /W-T3-1  /T1-T3-7 /T1-F1-1 /T3-F1-1 /T2-F1-1 
/T4-T3-1 /T4-F2-1 /T0-T2-3 /T0-F2-1 /T2-T0-4 /T3-T4-2 /T3-F1-1 /T3-F2-1 /T2-T5-1 /D:1     
/W-F0-1  /D:1     /W-F0-1  /D:2     /W-F3-1  /T0-F3-1 /T0-F0-1 /T4-F3-1 /T0-F3-1 /T4-F0-1 
/T0-F0-1 /T4-F3-1 /T0-F3-1 /T4-F0-1 /T3-F3-1 /T0-F2-1 /T3-F2-1 /T5-F2-1 /W-F0-1  /D:1     
/W-F1-1  /T4-F1-1 /T0-F1-1 /T4-F0-1 /T4-F1-1 /T0-F0-1 /T0-F1-1 /T4-F0-1 /D:1     /W-F3-1  
/T3-F3-1 /T3-F2-1 /T5-F3-1 
"
1040019,J#gR#liK#xqEz#fdTCA#hocOkN#sjPDMtn#HVpXyZSQYFumBbGravWLeIUw,146.500000,1646.000000,41.000000,0.672414,1,"
minimal: 0 / states: 111 / duration: 0.000118s
history:
/T4-F0-1 /T5-F3-1 /T6-F2-1 /T0-T5-1 /T3-T0-1 /D:2     /W-T5-1  /W-T5-1  /D:5     /W-T6-1  
/T3-T6-1 /T3-T1-1 /D:1     /W-T6-1  /T4-T6-1 /T4-T5-1 /D:1     /W-T0-1  /T2-T0-1 /D:1     
/W-T5-1  /T1-T5-2 /D:1     /W-T2-1  /T1-T2-1 /W-T1-1  /W-T1-1  /T5-T1-8 /T5-F3-1 /T5-T1-1 
/T5-F2-1 /T6-T5-5 /D:2     /W-F0-1  /T5-F0-1 /D:4     /W-F1-1  /D:2     /W-T0-1  /W-T0-1  
/T5-T0-5 /T6-T5-1 /T6-F0-1 /T6-F3-1 /T6-T3-1 /T0-F3-1 /T4-T0-1 /W-T4-1  /T0-T4-1 /T0-F0-1 
/T1-T6-3 /T1-F0-1 /W-F0-1  /W-F1-1  /T6-F1-1 /T4-F1-1 /T6-T1-3 /W-T6-1  /D:1     /W-T6-1  
/W-T6-1  /W-F2-1  /T1-F2-1 /T1-F3-1 /T4-F2-1 /T0-F3-1 /T1-F2-1 /T1-F3-1 /T0-F2-1 /T1-F0-1 
/D:1     /W-F1-1  /T4-F1-1 /T2-F1-1 /T0-F1-1 /T2-F2-1 /T2-F1-1 /T0-F2-1 /T3-F1-1 /T1-T6-2 
/T1-F1-1 /T2-F1-1 /D:1     /W-F0-1  /D:1     /W-F3-1  /T6-F3-1 /T0-F3-1 /T6-F0-1 /T0-F0-1 
/T6-F3-1 /T6-F0-1 /T0-F3-1 /T5-F0-1 /T6-F1-1 /D:1     /W-F2-1  /T3-F2-1 /T1-F2-1 /T0-F2-1 
/T1-F3-1 
"
1040164,i#Qz#rPn#atdN#TewZu#lxDRoC#fmBqjMI#pJHbVyASFKskWGEYcgvLOhUX,93.000000,1245.000000,44.000000,0.616438,1,"
minimal: 0 / states: 120 / duration: 0.000114s
history:
/T2-F2-1 /T3-F3-1 /T5-T3-1 /T5-F2-1 /T4-T0-1 /D:1     /W-F2-1  /D:3     /W-T3-1  /D:2     
/W-T4-1  /D:1     /W-F0-1  /D:5     /W-T4-1  /D:4     /W-T1-1  /D:2     /W-T0-1  /D:3     
/W-F3-1  /T2-F3-1 /T3-T2-3 /D:1     /W-T6-1  /T3-T6-1 /T3-F1-1 /T2-F1-1 /T4-T3-3 /T4-T3-1 
/T0-T3-3 /T1-T0-2 /T1-F3-1 /T5-F3-1 /T5-T4-1 /T5-T0-1 /D:2     /R       /D:4     /W-F3-1  
/D:1     /W-T3-1  /T4-T3-2 /T4-F3-1 /D:1     /W-T5-1  /D:2     /W-T0-1  /T6-T0-3 /T6-T1-1 
/T6-T5-1 /T6-F2-1 /T6-F0-1 /T2-F0-1 /T6-T4-1 /T3-F0-1 /T2-T6-2 /T5-T1-3 /T6-T0-3 /D:2     
/W-F0-1  /D:1     /W-F1-1  /T0-F1-1 /T0-F2-1 /T3-F1-1 /T0-F1-1 /T3-F0-1 /W-F0-1  /W-F2-1  
/T0-F2-1 /T3-F1-1 /T0-F1-1 /T3-F2-1 /T3-F1-1 /T1-F1-1 /W-T3-1  /W-F0-1  /T0-F0-1 /W-F0-1  
/T1-F0-1 /D:1     /W-F2-1  /D:1     /W-F0-1  /D:1     /W-F3-1  /T3-F3-1 /T0-F3-1 /T3-F2-1 
/T0-F2-1 /T3-F1-1 /T1-F1-1 /T1-F0-1 /T3-F2-1 /T4-F1-1 /D:1     /W-F3-1  /T0-F3-1 /T0-F2-1 
/T3-F3-1 
"
1040178,h#PU#ovX#FbJM#ENLTr#DydHsi#VWxgAGt#RfOKYScmzZnjpelBCuaQIqkw,125.500000,1619.000000,53.000000,0.558824,1,"
minimal: 0 / states: 127 / duration: 0.000122s
history:
/T6-T0-1 /T6-T1-1 /T6-F0-1 /D:2     /W-T0-1  /T4-T0-1 /D:3     /W-T3-1  /W-T3-1  /D:1     
/W-T1-1  /D:5     /W-F2-1  /D:1     /W-T3-1  /D:4     /W-F0-1  /D:1     /W-F0-1  /D:1     
/W-T5-1  /T4-T5-1 /T2-T4-1 /T1-T2-3 /T2-T3-4 /T2-F2-1 /T3-T2-8 /T5-T3-3 /T5-T3-1 /T6-T5-1 
/T3-T4-5 /D:1     /W-F1-1  /T3-F1-1 /T3-T5-1 /D:1     /W-T0-1  /D:4     /R       /D:1     
/W-T4-1  /D:2     /W-F1-1  /D:1     /W-T3-1  /T4-T3-8 /T4-F3-1 /W-F3-1  /T1-F3-1 /T0-F3-1 
/T3-F3-1 /T2-F3-1 /D:1     /W-T1-1  /D:2     /W-F2-1  /D:1     /W-T3-1  /D:1     /W-T1-1  
/T6-T1-1 /T6-T1-1 /T5-T6-3 /T5-F1-1 /T3-F1-1 /D:1     /W-T1-1  /T0-T1-4 /W-T0-1  /T5-T0-1 
/T5-F0-1 /T4-F0-1 /T6-F0-1 /T2-F0-1 /T3-T6-1 /T3-F3-1 /T2-F3-1 /T6-T3-2 /T6-F0-1 /T6-F3-1 
/T1-T2-4 /T1-F0-1 /T1-F3-1 /D:1     /W-F2-1  /T2-F2-1 /T2-F1-1 /T3-F2-1 /T2-F2-1 /T3-F1-1 
/T2-F1-1 /T3-F2-1 /T2-F2-1 /T3-F1-1 /T2-F1-1 /T3-F0-1 /T2-F0-1 /T3-F3-1 /T2-F3-1 /T3-F0-1 
/T2-F0-1 /T0-T3-1 /T0-F3-1 /D:1     /W-F1-1  /D:1     /W-F2-1  /T1-F2-1 /T1-F1-1 /T3-F2-1 
/T1-F2-1 /T3-F1-1 
"
1040285,n#tz#wWl#kfoy#OMsix#JINjZa#uSHBqCD#KQvVcXpmrTRbGPAUYhFdeELg,148.500000,2020.000000,46.000000,0.655340,1,"
minimal: 0 / states: 117 / duration: 0.000120s
history:
/T0-F2-1 /T5-F1-1 /T4-T2-1 /T5-T0-1 /T3-T0-1 /T3-F2-1 /T5-T2-1 /T5-F3-1 /T2-T1-3 /T5-T1-1 
/T4-T5-1 /D:3     /W-T2-1  /D:2     /W-T6-1  /D:1     /W-T0-1  /T5-T0-2 /T1-T5-5 /T3-T1-1 
/D:1     /W-F2-1  /D:2     /W-T1-1  /D:2     /W-T4-1  /T6-T4-2 /D:1     /W-F1-1  /T4-F1-1 
/D:2     /W-T4-1  /D:1     /W-F0-1  /D:1     /W-T2-1  /W-T2-1  /D:2     /W-T5-1  /T1-T5-3 
/D:2     /W-T5-1  /T6-T5-1 /T6-F2-1 /T6-F0-1 /T6-T0-1 /T6-T2-1 /T5-F0-1 /T5-F1-1 /T5-F2-1 
/D:1     /W-F1-1  /T5-F1-1 /D:1     /W-T2-1  /D:2     /W-T0-1  /T4-T0-4 /T4-T1-1 /T4-F3-1 
/T0-F3-1 /T0-F0-1 /T2-F0-1 /R       /D:2     /W-F3-1  /T0-F3-1 /T0-F2-1 /T2-F3-1 /T5-F2-1 
/T0-F1-1 /T5-F1-1 /T6-F2-1 /T2-T5-2 /T2-F2-1 /D:2     /W-T4-1  /D:1     /W-F3-1  /D:1     
/W-T1-1  /D:1     /W-F0-1  /T5-F0-1 /T0-F0-1 /T0-F1-1 /T5-F3-1 /T5-F0-1 /T5-F1-1 /W-F3-1  
/T0-F0-1 /T2-F3-1 /T2-F2-1 /T0-F3-1 /T3-F1-1 /T5-F2-1 /T0-F2-1 /W-F0-1  /T1-F3-1 /T5-F1-1 
/T5-F2-1 /T0-F3-1 /T4-F1-1 /D:1     /W-F0-1  /T1-F0-1 
"
1040393,q#og#lQM#wfLT#WzZka#mOKuGb#RCEcxhF#iIprjedJtNDUsvSVXYnPBHAy,144.000000,2628.000000,54.000000,0.516484,1,"
minimal: 0 / states: 129 / duration: 0.000121s
history:
/T4-F1-1 /T5-F1-1 /T6-T1-1 /T5-T6-1 /T3-T5-1 /T4-T3-1 /T3-T4-2 /T3-T6-1 /T3-T4-1 /T2-T3-1 
/D:1     /W-T4-1  /T5-T4-2 /D:2     /W-T2-1  /D:1     /W-T6-1  /T2-T6-2 /T5-T2-1 /T5-T6-1 
/T2-T3-2 /T4-T2-7 /D:1     /W-T3-1  /W-T3-1  /T6-T3-7 /D:1     /W-T1-1  /T0-T1-1 /T4-T0-1 
/T4-T6-1 /D:4     /W-F3-1  /T3-F3-1 /D:3     /W-T2-1  /D:1     /W-T6-1  /W-T6-1  /D:4     
/W-T0-1  /T6-T0-4 /T6-F1-1 /D:1     /W-F2-1  /D:1     /W-F3-1  /D:3     /W-F0-1  /D:1     
/W-T5-1  /R       /D:1     /W-F1-1  /D:2     /W-T0-1  /D:2     /W-T0-1  /T6-T0-1 /F1-T0-1 
/T6-T0-1 /W-T6-1  /T6-T2-2 /D:2     /W-T5-1  /D:1     /W-F0-1  /T0-F0-1 /T2-F0-1 /T0-F1-1 
/T0-F0-1 /T1-T2-1 /T1-F1-1 /T1-F0-1 /T3-T0-3 /T3-F1-1 /T1-F1-1 /T1-F2-1 /T0-F2-1 /T0-F3-1 
/T2-F2-1 /T0-F2-1 /T2-F3-1 /T0-F3-1 /T2-F2-1 /T0-F2-1 /T2-F3-1 /T2-F2-1 /T3-F0-1 /T0-F3-1 
/T3-F1-1 /T0-F2-1 /T2-F1-1 /T2-F2-1 /W-F3-1  /T0-F3-1 /T0-F2-1 /T5-F3-1 /T0-F3-1 /T5-F2-1 
/T0-F2-1 /T2-T5-2 /T2-F3-1 /W-T5-1  /D:1     /W-F0-1  /T3-F0-1 /T3-F1-1 /T5-F0-1 /T3-F0-1 
/T5-F1-1 /T3-F1-1 /T5-F0-1 /T3-F0-1 /T5-F1-1 
"
1040535,e#bg#ZvC#rFms#YKyBl#PUEcLG#zJuAjan#OkISTQqoXNwMhDpVxiHdtfWR,161.000000,3211.000000,50.000000,0.639175,1,"
minimal: 0 / states: 120 / duration: 0.000120s
history:
/T6-F2-1 /T6-F1-1 /T3-T1-1 /T0-T1-1 /T3-T0-1 /D:1     /W-T2-1  /D:2     /W-T6-1  /D:1     
/W-T5-1  /D:3     /W-T1-1  /D:1     /W-F2-1  /D:2     /W-F3-1  /T2-F3-1 /D:3     /W-T6-1  
/T5-T6-2 /T5-T0-1 /T5-T1-1 /T5-T6-1 /D:2     /W-F2-1  /D:2     /W-T4-1  /T6-T4-6 /T6-F0-1 
/T1-T6-5 /T1-F1-1 /T6-F1-1 /T6-F2-1 /D:3     /W-T4-1  /T2-T4-1 /T5-T2-1 /T5-F3-1 /D:1     
/W-T2-1  /D:1     /W-T2-1  /D:2     /W-T3-1  /R       /D:1     /W-T0-1  /D:2     /W-F3-1  
/T3-F3-1 /T4-T2-3 /T4-F3-1 /W-F3-1  /D:2     /W-T0-1  /D:1     /W-T1-1  /T4-T1-6 /T4-F0-1 
/T2-F0-1 /T2-F1-1 /T6-F1-1 /W-T4-1  /D:1     /W-F0-1  /T2-F0-1 /T3-F0-1 /T3-F2-1 /T2-F1-1 
/T1-F0-1 /T6-F2-1 /T2-F2-1 /T2-F3-1 /T6-F1-1 /T1-F1-1 /T6-F2-1 /T2-F2-1 /T4-T2-2 /T6-T2-1 
/T0-F2-1 /T1-T4-2 /T1-F2-1 /T4-T1-3 /T4-T6-1 /D:1     /W-F3-1  /D:1     /W-F1-1  /D:1     
/W-F0-1  /T1-F0-1 /T1-F1-1 /T2-F0-1 /T0-F1-1 /T1-F0-1 /T1-F1-1 /T0-F0-1 /T0-F1-1 /T1-F0-1 
/D:1     /W-F3-1  /T2-F3-1 /T2-F2-1 /T6-F3-1 /T2-F3-1 /T6-F2-1 
"
1040698,X#Nq#UdA#HIax#ZGeFM#CochPY#DkSwnpR#JvKbiWfjmzluOgBTQVysEtLr,102.000000,956.000000,25.000000,0.816667,1,"
minimal: 0 / states: 110 / duration: 0.000096s
history:
/T2-F0-1 /T5-T4-1 /T5-T1-1 /T3-T4-1 /T3-F1-1 /T5-T3-1 /T1-T6-2 /T1-F3-1 /T4-T1-3 /T6-T4-3 
/T6-T2-1 /T6-F2-1 /T6-T0-1 /D:4     /W-F1-1  /T5-F1-1 /T5-F2-1 /T2-F2-1 /T2-F1-1 /D:1     
/W-T0-1  /D:1     /W-T1-1  /T3-T1-2 /T3-T0-1 /D:3     /W-T3-1  /D:4     /W-F3-1  /T4-F3-1 
/T4-F2-1 /D:1     /W-T0-1  /T4-T0-2 /T4-F1-1 /T6-T4-1 /T4-T1-2 /D:1     /W-F0-1  /T5-F0-1 
/D:2     /W-F3-1  /T0-F3-1 /T1-F3-1 /W-F3-1  /T2-F3-1 /D:1     /W-F3-1  /D:1     /W-T3-1  
/T6-T3-1 /T6-F0-1 /D:2     /W-F0-1  /T0-F0-1 /T1-F0-1 /W-T0-1  /D:1     /W-T1-1  /D:1     
/W-T4-1  /T0-T4-6 /D:1     /W-F2-1  /T4-F2-1 /T1-F2-1 /W-F2-1  /R       /D:1     /W-T3-1  
/D:1     /W-F2-1  /T4-T3-3 /T4-F2-1 /D:2     /W-F1-1  /T3-F1-1 /T1-F1-1 /T3-F0-1 /T1-F0-1 
/T1-F3-1 /T3-F1-1 /T3-F0-1 /T4-F3-1 /T1-F2-1 /T1-F3-1 /W-F0-1  /T4-F0-1 /T1-F0-1 /T4-F3-1 
/D:1     /W-F1-1  /T3-F1-1 /T3-F2-1 /D:1     /W-F2-1  /D:1     /W-F1-1  /T3-F1-1 
"
1041196,n#NA#jUR#JlVI#OZzow#skdPSi#txGEqDX#grCLMHThcmaWuBebyYKfFvpQ,123.000000,1471.000000,51.000000,0.608696,1,"
minimal: 0 / states: 121 / duration: 0.000124s
history:
/T0-F2-1 /T1-F0-1 /T1-F3-1 /T5-T4-1 /T4-T6-2 /T4-F2-1 /T4-T0-1 /T4-T1-1 /T4-F3-1 /D:2     
/W-T5-1  /D:2     /W-T1-1  /T6-T1-3 /T6-T2-1 /D:1     /W-T4-1  /D:1     /W-T1-1  /D:1     
/W-T1-1  /D:1     /W-T3-1  /D:1     /W-T2-1  /D:2     /W-F1-1  /D:3     /W-F0-1  /D:2     
/W-F1-1  /T2-F1-1 /D:2     /W-T0-1  /D:1     /W-T0-1  /D:2     /W-T1-1  /T2-T1-2 /D:2     
/W-F2-1  /T6-F2-1 /T5-F2-1 /T6-T5-1 /T5-T6-2 /T5-F3-1 /T5-F1-1 /T6-T2-3 /D:1     /W-F3-1  
/R       /D:2     /W-F0-1  /T1-F0-1 /T1-F3-1 /T2-F0-1 /T2-F3-1 /T1-F0-1 /T1-F3-1 /T2-T3-1 
/T2-F3-1 /T3-T2-3 /T3-F3-1 /T3-T4-1 /T6-T4-1 /T2-F0-1 /T1-F0-1 /T2-T0-3 /T3-T5-1 /T6-T0-1 
/D:1     /W-T2-1  /D:1     /W-F3-1  /D:1     /W-T1-1  /W-T1-1  /D:1     /W-F1-1  /D:1     
/W-T2-1  /T5-T2-2 /T5-F2-1 /T0-F2-1 /D:1     /W-F1-1  /T1-F1-1 /T0-F1-1 /T0-F0-1 /T1-F2-1 
/T1-F1-1 /T2-F0-1 /T0-F1-1 /T0-F0-1 /T2-F1-1 /T1-T2-2 /T1-F0-1 /T4-T0-1 /T4-F1-1 /T4-F0-1 
/T2-T1-3 /T2-F1-1 /D:1     /W-F2-1  /T1-F2-1 /T0-F2-1 /T1-F3-1 /T0-F3-1 /T1-F2-1 /T0-F2-1 
/T1-F3-1 
"
1041240,a#Pg#Clq#szHN#FQMSj#peUmvD#xwWORIk#bGToAhtLiuEcXBKnryVJdZfY,143.500000,1425.000000,46.000000,0.612360,1,"
minimal: 0 / states: 115 / duration: 0.000116s
history:
/T0-F1-1 /T3-F3-1 /T1-T3-1 /T1-T2-1 /D:1     /W-F1-1  /D:3     /W-T2-1  /D:1     /W-F0-1  
/D:7     /W-F1-1  /D:2     /W-F0-1  /D:2     /W-F2-1  /T2-F2-1 /D:4     /W-T6-1  /W-T6-1  
/T3-T6-2 /T3-T0-1 /T3-T6-1 /D:1     /W-F1-1  /D:1     /W-T1-1  /W-T1-1  /T6-T1-6 /T6-T4-1 
/T5-T6-1 /T6-T1-2 /T6-F3-1 /T2-F3-1 /T5-T6-1 /T5-T3-1 /T5-T4-1 /T5-F1-1 /T5-F2-1 /T2-F2-1 
/T2-T0-1 /T2-F0-1 /T1-F0-1 /W-F2-1  /W-T0-1  /T4-T0-3 /D:1     /W-F1-1  /D:1     /R       
/D:1     /W-T0-1  /T4-T0-1 /T4-T2-1 /T4-F3-1 /T1-F3-1 /T1-F2-1 /T0-F3-1 /T1-F1-1 /D:1     
/W-F3-1  /D:1     /W-F1-1  /D:1     /W-F2-1  /D:1     /W-T3-1  /D:1     /W-F1-1  /D:1     
/W-F2-1  /T6-F2-1 /T0-T6-3 /T0-F1-1 /T6-T0-4 /T6-F2-1 /T6-F2-1 /T1-T3-4 /T1-F2-1 /T0-T2-6 
/T0-F2-1 /D:1     /W-F0-1  /T4-F0-1 /T2-F0-1 /T2-F3-1 /T3-F0-1 /T2-F0-1 /T3-F3-1 /T2-F3-1 
/T3-F0-1 /T2-F0-1 /T3-F1-1 /T2-F1-1 /T3-F0-1 /T3-F1-1 /T2-F0-1 /D:1     /W-F3-1  /D:1     
/W-F3-1  /T1-F3-1 
"
1041301,u#TC#rSl#WZyn#ztFBa#QNGDxo#YKpMqbV#kULJicOdfwvegEhHmPjAXRIs,141.500000,1625.000000,49.000000,0.612903,1,"
minimal: 0 / states: 120 / duration: 0.000221s
history:
/T3-F2-1  /T4-F1-1  /T5-F2-1  /T5-T2-1  /T0-T6-1  /D:1      /W-T3-1   /D:3      /W-T3-1   /T6-T3-2  
/T6-F1-1  /D:2      /W-T5-1   /T4-T5-1  /D:1      /W-T1-1   /D:5      /W-T4-1   /T6-T4-1  /T6-T0-1  
/T6-F2-1  /T2-T0-2  /T4-F2-1  /T5-T4-3  /T2-T5-1  /T2-F2-1  /D:1      /W-T3-1   /T4-T3-5  /D:1      
/W-T5-1   /D:3      /W-T2-1   /T3-T2-11 /D:2      /W-T0-1   /D:1      /W-F0-1   /T2-F0-1  /T2-F1-1  
/W-T2-1   /D:3      /W-T0-1   /D:1      /W-F2-1   /T4-F2-1  /R        /D:1      /W-T0-1   /T5-T0-3  
/T5-F3-1  /T1-F3-1  /T1-F0-1  /T2-F3-1  /T2-F0-1  /T5-F3-1  /T3-T5-1  /T0-F0-1  /T3-T6-1  /D:1      
/W-T5-1   /D:2      /W-F1-1   /T2-F1-1  /T2-F0-1  /D:1      /W-F1-1   /T2-F1-1  /T2-F2-1  /D:2      
/W-F2-1   /W-F2-1   /D:1      /W-F1-1   /W-F1-1   /T0-T6-4  /T0-F1-1  /T0-F2-1  /T6-T0-6  /T2-T5-3  
/T2-F2-1  /T4-F2-1  /D:1      /W-T5-1   /T1-T5-1  /D:2      /W-F3-1   /T0-F3-1  /T0-F0-1  /T5-F3-1  
/T0-F3-1  /T5-F0-1  /T0-F0-1  /T5-F3-1  /T0-F3-1  /T5-F0-1  /T0-F0-1  /T5-F1-1  /T0-F1-1  /W-F3-1   
/T5-F0-1  /T2-F1-1  /T6-F3-1  /T0-F0-1  /T5-F3-1  
"
1041349,C#gs#nLi#oJWA#SPfGu#zOwcmM#UKQkXbr#dhDBlyZRtIxNHYVajpveFTEq,168.000000,1812.000000,48.000000,0.579208,1,"
minimal: 0 / states: 124 / duration: 0.000130s
history:
/T3-F0-1  /T4-T2-1  /D:1      /W-T6-1   /T0-T6-1  /T5-T0-1  /D:3      /W-F0-1   /T6-F0-1  /W-F0-1   
/D:1      /W-T0-1   /D:1      /W-T5-1   /D:2      /W-T1-1   /D:2      /W-T3-1   /D:1      /W-T0-1   
/T3-T0-2  /T2-T3-2  /D:1      /W-F3-1   /D:4      /W-F1-1   /D:2      /W-T6-1   /D:4      /W-T3-1   
/T1-T3-2  /W-T1-1   /W-T1-1   /D:1      /W-F0-1   /D:1      /W-T1-1   /R        /D:1      /W-T0-1   
/T4-T0-1  /T6-T4-3  /T6-F1-1  /T6-T2-1  /T6-T5-1  /T4-T0-4  /T3-T2-6  /T4-T1-1  /T3-T1-1  /T5-T3-3  
/T5-F1-1  /T5-T3-1  /T5-F3-1  /F0-T4-1  /T6-T4-1  /T0-T4-1  /T0-F1-1  /T1-T2-3  /T1-F1-1  /T4-T0-2  
/T4-F0-1  /T1-F0-1  /T0-T4-3  /T0-F1-1  /T0-F0-1  /T1-F1-1  /T0-F1-1  /D:1      /W-T1-1   /T2-T1-11 
/T2-F2-1  /T1-F2-1  /T1-F3-1  /T4-F2-1  /T1-F2-1  /T4-F3-1  /T1-F3-1  /T4-F2-1  /T1-F2-1  /T4-F3-1  
/T1-F3-1  /D:1      /W-F2-1   /T1-F2-1  /T1-F1-1  /D:1      /W-F0-1   /T0-F0-1  /T1-F0-1  /T6-F0-1  
/T6-F3-1  /D:1      /W-T5-1   /D:1      /W-F3-1   /T0-F3-1  /T1-F3-1  /T1-F0-1  /T5-F3-1  /T1-F3-1  
/T0-T5-2  /T0-F0-1  /D:1      /W-F1-1   /D:1      /W-F2-1   /T3-F2-1  /T3-F1-1  /T5-F2-1  /T3-F2-1  
/T5-F1-1  /T3-F1-1  /T5-F2-1  
"
1041447,H#mG#dqL#kzAX#IDSxa#lKocEn#BbYuUfs#wvQhWFVJMeTPOtgNryZiRjpC,162.000000,1785.000000,54.000000,0.572165,1,"
minimal: 0 / states: 126 / duration: 0.000129s
history:
/T4-F1-1 /T5-F2-1 /T3-T2-1 /T3-F0-1 /D:1     /W-T2-1  /D:2     /W-T5-1  /D:2     /W-T4-1  
/D:2     /W-T2-1  /T0-T2-1 /T3-T0-1 /D:1     /W-T3-1  /D:2     /W-T6-1  /D:1     /W-T2-1  
/T6-T2-2 /T6-T1-1 /T5-T1-2 /T1-T6-4 /T2-T1-8 /T5-T2-1 /T5-F2-1 /T2-T1-2 /D:5     /W-F3-1  
/D:4     /W-T3-1  /D:2     /W-T5-1  /D:1     /W-F2-1  /D:1     /W-T2-1  /R       /D:1     
/W-T4-1  /T6-T4-5 /T6-T3-1 /T4-T6-8 /T6-T0-9 /T6-F1-1 /T6-F0-1 /T1-F1-1 /T1-F2-1 /T2-F0-1 
/T2-F1-1 /T1-F1-1 /T0-T4-2 /T0-F1-1 /T4-T0-3 /T4-F0-1 /T4-T5-1 /D:1     /W-T5-1  /D:2     
/W-T2-1  /D:2     /W-F3-1  /W-F3-1  /T0-F3-1 /T0-F0-1 /W-F0-1  /D:1     /W-T5-1  /T0-T5-1 
/T0-F0-1 /T1-T3-2 /T1-F0-1 /D:1     /W-F1-1  /T5-T0-2 /T5-F1-1 /T5-F0-1 /T3-T1-3 /T3-F1-1 
/T3-F0-1 /T5-F1-1 /T5-F0-1 /T3-F1-1 /T5-F1-1 /D:1     /W-F2-1  /T1-F2-1 /D:2     /W-T3-1  
/T1-T3-6 /T1-F1-1 /D:1     /W-F3-1  /T0-F3-1 /T0-F2-1 /T3-F3-1 /T0-F3-1 /T3-F2-1 /T0-F2-1 
/T3-F3-1 /T0-F3-1 /T3-F2-1 /T0-F2-1 /T3-F3-1 /T0-F3-1 /T3-F0-1 /T2-F0-1 /W-F2-1  /T0-F2-1 
/T3-F3-1 
"
1050092,j#hn#Auv#rQFY#gtfbT#ESzeXq#widWKmD#xVZRpoIMLNysGUakCHPOlBJc,147.000000,3328.000000,54.000000,0.532258,1,"
minimal: 0 / states: 127 / duration: 0.000135s
history:
/T1-F2-1 /T2-T0-1 /T4-T2-1 /T1-T0-1 /D:1     /W-T3-1  /T0-T3-3 /D:2     /W-T0-1  /D:3     
/W-F2-1  /W-F2-1  /T5-F2-1 /D:2     /W-T1-1  /T3-T1-5 /T3-T2-1 /D:1     /W-T0-1  /T5-T0-1 
/T6-T5-1 /T5-T2-2 /D:1     /W-F3-1  /D:1     /W-T6-1  /D:2     /W-T1-1  /D:2     /W-F1-1  
/T4-F1-1 /T4-T1-1 /D:1     /W-T6-1  /D:1     /W-T3-1  /D:2     /W-T2-1  /D:1     /W-F3-1  
/T2-F3-1 /D:1     /W-T5-1  /D:2     /W-T0-1  /D:1     /W-F1-1  /R       /D:1     /W-T0-1  
/T2-T0-5 /T2-F0-1 /T6-T2-3 /T6-T5-1 /T6-T5-1 /T6-F1-1 /D:2     /W-T5-1  /D:2     /W-T5-1  
/T4-T5-1 /W-T4-1  /W-T4-1  /T0-T4-1 /T0-F1-1 /T1-F1-1 /D:1     /W-T6-1  /T4-T6-4 /T5-T4-7 
/T5-T1-1 /T3-T5-2 /T3-F2-1 /T6-T0-2 /T6-F2-1 /T4-F2-1 /T6-F1-1 /T0-T6-4 /T0-F2-1 /T1-T4-2 
/T1-F1-1 /T6-T0-5 /T6-F1-1 /T1-F2-1 /T1-F1-1 /T2-F1-1 /T6-F2-1 /T1-F2-1 /T2-F2-1 /T4-T1-6 
/T4-F1-1 /T2-F1-1 /T4-F2-1 /T5-T1-3 /D:1     /W-F0-1  /T1-F0-1 /T0-F0-1 /T1-F3-1 /T0-F3-1 
/T1-F0-1 /T0-F0-1 /T1-F3-1 /T0-F3-1 /T1-F0-1 /T0-F0-1 /T1-F3-1 /T0-F3-1 /T1-F0-1 /T0-F0-1 
/T1-F3-1 /T0-F3-1 /T1-F0-1 /T0-F0-1 /T1-F3-1 /T0-F3-1 /T1-F0-1 
"
1050116,T#Ls#GQl#jcAk#MzOHn#eZuvUp#fKBRFaE#JIwXygDxhiCPYWVdrNqbSotm,104.500000,876.000000,39.000000,0.707143,1,"
minimal: 0 / states: 120 / duration: 0.000121s
history:
/T4-F2-1 /T1-T0-1 /T3-T1-1 /T3-F0-1 /T0-T4-2 /D:1     /W-T1-1  /D:7     /W-T2-1  /D:2     
/W-T1-1  /T4-T1-3 /T4-T5-1 /T2-T4-2 /T5-T2-2 /T2-T6-3 /T4-T0-3 /T2-T5-1 /D:3     /W-T4-1  
/D:1     /W-T0-1  /D:4     /W-F3-1  /T6-F3-1 /D:2     /W-T6-1  /D:1     /W-T5-1  /T6-T5-4 
/T6-F1-1 /T5-F1-1 /T3-F1-1 /D:1     /W-F2-1  /T5-F2-1 /W-F2-1  /W-F2-1  /T1-F2-1 /T6-T1-1 
/T6-T1-1 /T6-F0-1 /T6-T4-1 /W-F1-1  /T3-T4-1 /D:1     /W-F2-1  /D:1     /W-T2-1  /T1-T2-8 
/R       /D:1     /W-T0-1  /T5-T0-5 /T5-T4-1 /T5-F2-1 /T5-T1-1 /T4-F2-1 /T5-F1-1 /T6-F1-1 
/D:1     /W-F2-1  /D:2     /W-T1-1  /W-T1-1  /D:1     /W-F1-1  /D:1     /W-T2-1  /D:1     
/W-F1-1  /D:1     /W-F0-1  /T2-F0-1 /D:1     /W-F3-1  /T0-F3-1 /T0-F0-1 /T2-F3-1 /T0-F3-1 
/T2-F0-1 /T0-F0-1 /T2-F3-1 /T0-F3-1 /T2-F0-1 /T0-F0-1 /T2-F1-1 /T4-F1-1 /T2-F0-1 /T2-F1-1 
/T4-F0-1 /T2-F0-1 /T0-T4-2 /T0-F1-1 /T2-F1-1 /T4-T0-3 /T4-F0-1 /D:1     /W-F3-1  /T0-F3-1 
/T0-F2-1 /T1-F3-1 /T0-F3-1 /T1-F2-1 /T0-F2-1 /T1-F3-1 
"
1050156,g#jF#hYD#eVOB#UcHPX#vTqobN#EyIzCms#SupKtRMkrGLadxwiJWZQnlAf,113.500000,1781.000000,49.000000,0.561798,1,"
minimal: 0 / states: 135 / duration: 0.000151s
history:
/T5-F3-1 /T6-T0-1 /D:6     /W-T0-1  /T2-T0-1 /D:5     /W-T6-1  /T4-T6-1 /T3-T4-1 /T3-F3-1 
/T4-T0-2 /T4-T3-1 /T0-T3-6 /T6-T0-3 /T5-T6-1 /T5-T4-1 /T4-T5-2 /W-T4-1  /D:1     /W-F1-1  
/T6-F1-1 /D:2     /W-T2-1  /D:1     /W-T0-1  /T3-T0-8 /T5-T3-3 /T1-T5-1 /T1-T2-1 /T3-T5-4 
/D:4     /W-T1-1  /D:2     /W-F2-1  /T5-F2-1 /T5-F1-1 /D:2     /W-F0-1  /T0-F0-1 /T0-F3-1 
/T6-F0-1 /T0-F0-1 /T6-T3-1 /T6-T2-1 /T2-T3-4 /T6-T1-1 /T6-F0-1 /T2-T3-1 /D:1     /W-T4-1  
/R       /D:3     /W-F2-1  /T5-F2-1 /D:2     /W-T3-1  /D:1     /W-T2-1  /D:1     /W-T1-1  
/D:1     /W-F2-1  /D:1     /W-F1-1  /T5-F1-1 /T4-F1-1 /T5-F0-1 /T4-F0-1 /T0-T5-2 /T0-F1-1 
/T5-T0-3 /T3-T4-1 /T3-F1-1 /T4-T3-2 /D:1     /W-F1-1  /D:1     /W-T1-1  /D:2     /W-F3-1  
/T0-F3-1 /T0-F2-1 /T3-F2-1 /D:1     /W-T2-1  /R       /D:1     /W-F3-1  /T0-F3-1 /T0-F0-1 
/T3-F3-1 /T3-F0-1 /T0-F3-1 /T1-F0-1 /T3-F1-1 /T1-F1-1 /T2-F1-1 /D:1     /W-F2-1  /T5-F2-1 
/T0-F2-1 /T3-F2-1 /T1-F2-1 /T0-T1-2 /T0-F1-1 /T3-T2-1 /T3-F2-1 /D:1     /W-F0-1  /D:1     
/W-F3-1  /T1-F3-1 /T1-F0-1 /T2-F3-1 /T1-F3-1 /T2-F0-1 
"
1050208,f#DW#EKo#cbiR#xqaHr#CQsnBI#ljNykPA#tmgwLTpVFuGdYJZeXvMUSzhO,61.500000,672.000000,22.000000,0.989130,1,"
minimal: 0 / states: 118 / duration: 0.000124s
history:
/T6-F0-1 /T5-T1-1 /T5-F0-1 /T5-F2-1 /T2-F2-1 /T4-T0-1 /T3-T5-1 /T4-T3-1 /T4-F1-1 /T6-T4-1 
/T1-T2-2 /T4-T5-2 /D:3     /W-T3-1  /T5-T3-4 /T5-T0-1 /T5-F0-1 /T1-F0-1 /W-T1-1  /D:1     
/W-T6-1  /T3-T6-7 /T3-F1-1 /T3-F1-1 /D:1     /W-T1-1  /T6-T1-9 /D:2     /W-F2-1  /D:5     
/W-F1-1  /D:3     /W-T3-1  /T6-T3-1 /T6-F3-1 /T6-T4-1 /T2-T6-3 /T2-F0-1 /D:1     /W-F1-1  
/D:1     /W-T3-1  /W-T3-1  /D:1     /W-T4-1  /D:1     /W-T2-1  /W-T2-1  /T4-T2-3 /D:1     
/W-T2-1  /W-T2-1  /T0-T2-3 /D:2     /W-T0-1  /T6-T0-4 /D:1     /W-T0-1  /D:1     /W-F3-1  
/T1-F3-1 /T1-F2-1 /T2-F3-1 /T1-F3-1 /T2-F2-1 /T1-F2-1 /T2-F1-1 /W-F3-1  /T1-F1-1 /T0-F1-1 
/R       /D:1     /W-F2-1  /D:1     /W-F3-1  /D:1     /W-T3-1  /T1-T3-1 /T1-F1-1 /D:1     
/W-F0-1  /T2-F0-1 /T2-F3-1 /T3-F0-1 /T0-F0-1 /T3-F3-1 /T3-F0-1 /T0-F3-1 /T0-F0-1 /T3-F3-1 
/T1-T3-2 /T1-F0-1 /T2-T0-3 /T2-F3-1 /T2-F0-1 /T3-T1-3 /T3-F3-1 /D:1     /W-F2-1  /T0-F2-1 
/T0-F1-1 /T1-F2-1 /T0-F2-1 /T1-F1-1 /T0-F1-1 /T1-F2-1 /T0-F2-1 /T1-F1-1 
"
1050220,T#on#RhB#QpLr#ObJZz#myVkHd#UwuxlWe#cIvqAGKFPMgNCEajXtsiSfDY,194.000000,5460.000000,58.000000,0.528302,1,"
minimal: 0 / states: 130 / duration: 0.000136s
history:
/T1-F2-1 /T1-F2-1 /T5-T3-1 /T4-T1-1 /T0-T5-1 /T4-T0-1 /D:4     /W-T6-1  /D:1     /W-F0-1  
/T2-F0-1 /D:1     /W-T2-1  /D:2     /W-T5-1  /T6-T5-2 /D:1     /W-T5-1  /D:3     /W-F3-1  
/D:1     /W-F0-1  /D:2     /W-F1-1  /D:5     /W-T4-1  /T5-T4-6 /T4-T5-8 /T4-F1-1 /T4-F3-1 
/T5-F3-1 /D:1     /W-T2-1  /T3-T2-2 /T5-T3-8 /T3-T0-9 /T3-F2-1 /T3-F3-1 /T0-F2-1 /D:2     
/W-F0-1  /D:1     /W-T1-1  /R       /D:1     /W-F1-1  /T2-F1-1 /T0-F1-1 /T2-F2-1 /D:1     
/W-T6-1  /T2-T6-3 /T2-F3-1 /T6-F3-1 /D:2     /W-T1-1  /T6-T1-4 /D:1     /W-T2-1  /T6-T2-1 
/T6-T2-1 /T6-T5-1 /T5-T6-2 /D:1     /W-T6-1  /T0-T6-1 /T0-F3-1 /D:1     /W-F0-1  /T6-F0-1 
/T1-F0-1 /T0-F0-1 /D:1     /W-T2-1  /W-T2-1  /T1-T2-1 /T1-F0-1 /D:1     /W-T5-1  /T6-T5-4 
/T6-F3-1 /T5-T0-2 /T5-F3-1 /T1-F3-1 /T0-T5-3 /T0-F0-1 /T1-F0-1 /T5-T0-4 /T5-F3-1 /T1-F3-1 
/T0-T5-5 /T0-F0-1 /T5-T0-6 /T2-T1-5 /T2-F0-1 /T0-T5-6 /T0-F3-1 /D:1     /W-T1-1  /D:1     
/W-F2-1  /T1-F2-1 /D:1     /W-F1-1  /T5-F1-1 /T1-F1-1 /T5-F2-1 /T1-F2-1 /T5-F1-1 /T1-F1-1 
/T5-F2-1 /T1-F2-1 /T5-F1-1 /T1-F1-1 /T5-F2-1 /T1-F2-1 /T5-F1-1 
"
1050223,T#Cx#Rco#tgKF#GAUNa#BHPdqM#sVDQmLO#SIvhpnfYEweWjyJlzXkrubZi,108.000000,1526.000000,58.000000,0.569149,1,"
minimal: 0 / states: 126 / duration: 0.000139s
history:
/T4-F1-1 /T4-F3-1 /T6-F3-1 /T3-T0-1 /D:6     /W-F2-1  /T2-F2-1 /W-F2-1  /D:2     /W-T5-1  
/T3-T5-1 /D:3     /W-T0-1  /D:1     /W-T1-1  /D:1     /W-T5-1  /D:5     /W-T6-1  /D:4     
/W-F1-1  /T2-F1-1 /D:2     /R       /D:2     /W-T1-1  /T4-T1-1 /T4-F0-1 /T4-T1-1 /T5-T4-4 
/T5-F2-1 /T5-F1-1 /T5-F3-1 /T3-T5-1 /T0-F1-1 /W-T1-1  /T2-T0-1 /D:1     /W-T4-1  /D:1     
/W-T4-1  /T3-T4-1 /D:1     /W-F1-1  /T5-F1-1 /T0-T5-3 /D:1     /W-T1-1  /D:1     /W-T6-1  
/D:4     /W-T0-1  /W-T0-1  /T1-T0-7 /D:2     /W-F2-1  /D:2     /W-T2-1  /T6-T2-3 /T6-T3-1 
/T6-F3-1 /T6-T5-1 /T5-T6-5 /T5-F0-1 /T1-F0-1 /T6-F0-1 /T0-F0-1 /T6-F3-1 /T0-F3-1 /T6-F0-1 
/T0-F0-1 /T6-T2-3 /T6-F2-1 /T2-F3-1 /T2-F0-1 /T4-F2-1 /T0-F3-1 /T4-F1-1 /T0-F0-1 /W-F2-1  
/T2-F3-1 /T4-F2-1 /T0-F3-1 /T2-F2-1 /T0-F2-1 /T2-F3-1 /T4-T0-2 /T4-F3-1 /T2-T3-1 /T2-F3-1 
/W-T3-1  /W-F0-1  /W-F2-1  /T0-T4-3 /T0-F2-1 /D:1     /W-F1-1  /T4-F1-1 /T3-F1-1 /T4-F0-1 
/T3-F0-1 /T4-F1-1 /T3-F1-1 /T4-F0-1 
"
1050339,l#QY#uTN#Zamw#UfbSA#oqEhPF#vDJHtXI#LieKrsypWjGnOVMzdckCxRgB,160.500000,4278.000000,57.000000,0.532258,1,"
minimal: 0 / states: 131 / duration: 0.000167s
history:
/T2-F3-1 /T4-F0-1 /T5-T2-1 /D:2     /W-T3-1  /D:1     /W-T2-1  /D:1     /W-T0-1  /D:1     
/W-T4-1  /D:4     /W-T0-1  /T6-T0-1 /T3-T6-2 /D:3     /W-F2-1  /D:1     /W-F3-1  /T5-F3-1 
/T5-T0-1 /W-T0-1  /T4-T0-2 /D:4     /W-T0-1  /D:3     /W-T0-1  /T4-T0-1 /T5-T4-1 /T5-T2-1 
/T5-F2-1 /T3-T5-1 /T3-F1-1 /T0-F1-1 /D:1     /W-T1-1  /D:3     /W-F0-1  /T0-F0-1 /R       
/D:1     /W-T3-1  /T6-T3-3 /T4-T6-2 /T6-T4-3 /T6-T3-1 /T2-T3-4 /D:2     /W-T5-1  /D:1     
/W-F2-1  /T3-F2-1 /T0-T4-1 /T0-F2-1 /W-F2-1  /D:1     /W-T1-1  /D:1     /W-T6-1  /T2-T6-1 
/D:1     /W-T2-1  /T1-T2-3 /T1-F3-1 /D:1     /W-T1-1  /T0-T1-7 /D:1     /W-F1-1  /T4-F1-1 
/T3-F1-1 /T4-T1-1 /T4-F1-1 /T4-F2-1 /T6-F2-1 /D:1     /W-T5-1  /T6-T5-2 /T6-F0-1 /T1-F0-1 
/T3-F0-1 /T6-F2-1 /D:1     /W-F3-1  /T1-F3-1 /T1-F0-1 /T3-F3-1 /T4-F3-1 /T3-F0-1 /T5-F3-1 
/T1-T2-2 /T1-F3-1 /T3-T5-1 /T3-F2-1 /T3-F3-1 /T2-T1-3 /T2-F2-1 /T2-F3-1 /T5-T3-3 /T5-F2-1 
/T1-T2-5 /T1-F2-1 /T3-T5-4 /T3-F3-1 /D:1     /W-F1-1  /T2-F1-1 /T2-F0-1 /T5-F1-1 /T2-F1-1 
/T5-F0-1 /T2-F0-1 /T5-F1-1 /T2-F1-1 /T5-F0-1 /T2-F0-1 /T5-F1-1 
"
1050374,t#Mc#rIN#doPS#JygmT#RhZDEY#XzaeCOn#LjlskqHQwWiUBbGVFKpvfAxu,111.500000,1327.000000,41.000000,0.649351,1,"
minimal: 0 / states: 120 / duration: 0.000196s
history:
/T2-F3-1 /T6-F2-1 /T6-F3-1 /T3-T0-1 /T3-F3-1 /T3-F2-1 /T6-T3-1 /D:4     /W-T4-1  /T6-T4-1 
/T6-F1-1 /T5-T6-1 /T5-T0-1 /T5-T4-1 /T1-T4-1 /T3-T0-2 /T5-T3-1 /T5-T2-1 /T0-T2-5 /T6-T0-2 
/W-T1-1  /D:2     /W-T5-1  /D:2     /W-F3-1  /D:1     /W-T6-1  /D:2     /W-T6-1  /D:2     
/W-T4-1  /D:1     /W-F1-1  /D:4     /W-T0-1  /D:1     /W-F2-1  /T5-F2-1 /T5-F3-1 /D:3     
/W-F0-1  /T4-F0-1 /T2-F0-1 /T4-F1-1 /T2-F1-1 /T4-F0-1 /T2-F0-1 /T4-F1-1 /T2-F3-1 /W-F1-1  
/D:1     /W-T1-1  /D:1     /W-T6-1  /T4-T6-2 /T4-T5-1 /T4-F1-1 /T4-T3-1 /T6-T3-6 /R       
/D:1     /W-T5-1  /D:1     /W-T0-1  /T2-T0-3 /T2-F2-1 /T3-F2-1 /T0-F2-1 /T0-F1-1 /T3-F3-1 
/T3-F2-1 /T3-F1-1 /D:1     /W-T5-1  /T4-T5-1 /D:2     /W-T1-1  /T0-T1-1 /T0-F1-1 /D:1     
/W-F3-1  /D:2     /W-F3-1  /D:1     /W-F0-1  /W-F0-1  /W-F0-1  /T1-F0-1 /T5-F0-1 /T0-F0-1 
/T1-F3-1 /T5-F1-1 /T5-F0-1 /T1-T0-1 /T1-F1-1 /T1-F0-1 /T5-F1-1 /D:1     /W-F2-1  /T3-F2-1 
/T0-F2-1 /T3-F3-1 /T0-F3-1 /T3-F2-1 /T0-F2-1 /T3-F3-1 
"
1050390,m#IM#olh#iGKA#CkBOw#evsnLF#UadSguV#JYcNQErRTfZPtqzxybjHDWpX,155.000000,1926.000000,58.000000,0.570000,1,"
minimal: 0 / states: 128 / duration: 0.000150s
history:
/T3-F0-1 /T6-T4-1 /T6-T4-1 /T5-T6-1 /T5-T0-1 /T5-F2-1 /T6-T4-2 /D:2     /W-T1-1  /T3-T1-1 
/T6-T3-1 /T3-T2-2 /D:2     /W-F3-1  /D:2     /W-T2-1  /T6-T2-1 /T6-F1-1 /D:2     /W-T4-1  
/D:5     /W-T6-1  /D:1     /W-T4-1  /W-T4-1  /D:4     /W-F1-1  /D:1     /W-T1-1  /D:1     
/W-T3-1  /D:3     /W-T2-1  /D:1     /W-T0-1  /T4-T0-8 /T4-F3-1 /T4-F0-1 /T0-F3-1 /R       
/D:1     /W-T4-1  /T3-T4-2 /T1-T3-4 /T2-T1-6 /T1-T3-7 /D:1     /W-F1-1  /D:1     /W-F3-1  
/D:2     /W-T4-1  /T5-T4-1 /T6-T5-2 /D:1     /W-T5-1  /W-T5-1  /D:1     /W-T1-1  /D:1     
/W-T6-1  /T2-T6-1 /T2-F2-1 /T3-F2-1 /T0-F2-1 /T0-F3-1 /T3-F1-1 /T5-F2-1 /T4-F2-1 /T3-T5-1 
/T3-F3-1 /T4-F3-1 /T5-T3-2 /T5-F2-1 /T5-F3-1 /T0-T4-2 /T0-F2-1 /T5-F2-1 /T0-F3-1 /T0-F2-1 
/T5-F1-1 /D:1     /W-F2-1  /D:1     /W-T1-1  /T4-T1-6 /T4-F0-1 /D:1     /W-F0-1  /T3-F0-1 
/T1-F0-1 /T3-F1-1 /T1-F1-1 /T3-F0-1 /T1-F0-1 /T3-F1-1 /T1-F1-1 /T3-F0-1 /T1-F0-1 /T3-F1-1 
/T1-F1-1 /T1-F2-1 /T3-F0-1 /T6-F1-1 /T6-F2-1 /T0-T1-2 /T0-F1-1 /D:1     /W-F3-1  /T1-F3-1 
/T1-F0-1 /T3-F3-1 /T1-F3-1 /T3-F0-1 
"
1050501,P#pR#MqG#FXnD#iVCcY#ATUoyN#tjHgeEB#QhmulKxObfkwLdarWvJsIzZS,145.500000,3828.000000,50.000000,0.637363,1,"
minimal: 0 / states: 126 / duration: 0.000139s
history:
/T5-F3-1 /T6-T0-1 /T3-T1-1 /T3-F2-1 /T3-T5-1 /T1-T3-2 /T0-T3-2 /D:1     /W-T6-1  /T1-T6-1 
/D:2     /W-T0-1  /T5-T0-2 /T5-F2-1 /T2-T5-1 /T6-F2-1 /T2-F2-1 /T4-T2-1 /D:3     /W-T2-1  
/D:2     /W-F3-1  /T3-T4-1 /T3-F3-1 /T4-T3-2 /T4-T6-1 /D:1     /W-T6-1  /D:1     /W-T5-1  
/T6-T5-4 /D:2     /W-T0-1  /T4-T0-1 /D:3     /W-F1-1  /T5-F1-1 /D:1     /W-F2-1  /D:1     
/W-T2-1  /D:1     /W-T2-1  /T5-T2-6 /T3-T5-5 /D:2     /W-F2-1  /D:2     /W-T1-1  /D:1     
/W-T3-1  /D:1     /R       /D:2     /W-T0-1  /T5-T0-6 /T5-F0-1 /T0-F0-1 /T0-F1-1 /T2-F0-1 
/T0-F0-1 /T2-F3-1 /T0-F3-1 /T6-T0-1 /T2-F0-1 /D:1     /W-T1-1  /D:1     /W-T1-1  /D:2     
/W-T3-1  /W-T3-1  /D:1     /W-F1-1  /T0-F1-1 /T0-F0-1 /T2-F1-1 /T6-F1-1 /T6-T4-1 /T6-T1-1 
/T2-F0-1 /T4-F0-1 /T6-F2-1 /W-F1-1  /T4-F1-1 /T1-F1-1 /T3-F1-1 /D:2     /W-F0-1  /W-F0-1  
/T2-T1-3 /T2-F0-1 /T3-F0-1 /T1-T2-4 /T1-F1-1 /T0-T3-6 /T0-F1-1 /T2-T1-5 /T2-F0-1 /D:1     
/W-F3-1  /T3-F3-1 /T1-F3-1 /T3-F2-1 /T1-F2-1 /T3-F3-1 /T1-F3-1 /T3-F2-1 /T1-F2-1 /T3-F3-1 
/T1-F3-1 /T3-F2-1 /T1-F2-1 /T3-F3-1 
"
1050508,s#GO#gMw#FcIZ#aBUDu#qinWry#eLthNzA#JpHoYXCkEVxvlfTPdbRmQKSj,178.500000,2138.000000,61.000000,0.568182,1,"
minimal: 0 / states: 129 / duration: 0.000145s
history:
/T6-F0-1 /T5-T3-1 /D:5     /W-T6-1  /D:1     /W-T3-1  /T2-T3-1 /D:4     /W-T3-1  /T4-T3-1 
/D:1     /W-T6-1  /D:2     /W-T2-1  /D:2     /W-T3-1  /T0-T3-1 /T6-T0-3 /T6-F3-1 /T1-F3-1 
/T1-T6-1 /T3-T1-8 /T6-T3-2 /W-T3-1  /T5-T3-1 /T5-T0-1 /T5-F2-1 /T3-T0-5 /T3-T4-1 /D:1     
/W-F3-1  /D:1     /W-T0-1  /D:2     /W-T1-1  /T4-T1-2 /T6-T4-1 /D:2     /W-F3-1  /D:1     
/W-T2-1  /D:1     /W-T4-1  /D:1     /W-T2-1  /R       /D:2     /W-T0-1  /D:1     /W-T5-1  
/D:1     /W-F2-1  /T0-F2-1 /D:1     /W-T0-1  /D:1     /W-T6-1  /W-T6-1  /T5-T6-2 /T5-F2-1 
/T2-T5-4 /T2-T6-1 /T3-T6-1 /D:1     /W-T4-1  /T0-T4-2 /T0-F2-1 /T1-T6-3 /T1-F2-1 /D:1     
/W-T5-1  /T4-T5-6 /T4-F0-1 /T4-F1-1 /T5-F0-1 /D:1     /W-F1-1  /T6-F1-1 /T5-F1-1 /T6-F0-1 
/T5-F0-1 /T6-F3-1 /T5-F3-1 /T1-F3-1 /T5-F2-1 /T1-F2-1 /T5-F3-1 /T1-F3-1 /T5-F2-1 /T1-F2-1 
/T6-F0-1 /T0-T5-4 /T0-F3-1 /T0-F2-1 /T1-F3-1 /T0-F3-1 /T1-F2-1 /T6-T1-6 /T6-F1-1 /T5-F1-1 
/T1-F1-1 /T5-F0-1 /T1-F0-1 /T5-F1-1 /T1-F1-1 /T5-F0-1 /T1-F0-1 /T5-F1-1 /T1-F1-1 /T5-F0-1 
/T1-F0-1 /T1-F3-1 /T5-F1-1 /T0-F2-1 /T5-F0-1 /D:1     /W-F1-1  
"
1050562,n#lr#TjN#exSA#mWqXC#LYicas#hREDMHv#bdpzwFOPyIfJUZBKVktGQogu,68.500000,712.000000,30.000000,0.887931,1,"
minimal: 0 / states: 118 / duration: 0.000140s
history:
/T0-F2-1 /T2-F3-1 /T3-F0-1 /T6-T2-1 /T1-T3-1 /D:1     /W-T4-1  /D:1     /W-T3-1  /T4-T3-2 
/D:2     /W-T0-1  /T1-T0-1 /D:1     /W-T4-1  /D:2     /W-F3-1  /D:1     /W-F3-1  /D:5     
/W-T2-1  /D:1     /W-T1-1  /D:1     /W-F0-1  /D:1     /W-T0-1  /T2-T0-3 /T5-T2-1 /T5-F1-1 
/T3-F1-1 /T3-F0-1 /T5-F1-1 /T6-T5-1 /T5-T4-2 /T5-T6-1 /T4-T5-4 /T2-T5-2 /T6-T2-2 /T6-F0-1 
/T6-F0-1 /T4-T6-1 /T6-T5-2 /T3-F1-1 /T5-T1-9 /D:3     /W-T0-1  /T3-T0-2 /T3-T2-1 /T4-T2-1 
/T3-F1-1 /D:1     /W-T6-1  /D:1     /W-F3-1  /D:1     /W-F2-1  /D:2     /R       /D:1     
/W-F2-1  /T1-F2-1 /T0-F2-1 /T1-F3-1 /T0-F3-1 /T1-F2-1 /T0-F2-1 /T1-F3-1 /T0-F3-1 /T6-T0-2 
/D:1     /W-F0-1  /T0-F0-1 /T1-F0-1 /D:1     /W-T4-1  /D:1     /W-F0-1  /D:1     /W-F1-1  
/D:1     /W-F0-1  /D:1     /W-F3-1  /T2-F3-1 /T0-T2-3 /T0-F0-1 /T1-T4-3 /T1-F0-1 /D:2     
/W-F1-1  /T2-F1-1 /T4-F1-1 /D:1     /W-F2-1  /T2-F2-1 /T2-F1-1 /T4-F2-1 /T2-F2-1 /T4-F3-1 
/T2-F3-1 /W-F1-1  /T0-F1-1 /T2-F0-1 /T4-F2-1 /T0-F2-1 /T1-F3-1 /T4-F1-1 
"
1050574,d#qn#NLZ#KwAt#xgUkT#rYzGIB#lFDjpHc#uQOmCEyRSefVbWoJsavPhMXi,112.500000,1306.000000,45.000000,0.623457,1,"
minimal: 0 / states: 128 / duration: 0.000147s
history:
/T1-F2-1 /T6-T1-1 /T5-T1-1 /T4-T6-1 /D:5     /W-T0-1  /D:2     /W-T2-1  /T4-T2-1 /T3-T4-1 
/T3-F0-1 /T1-F0-1 /T4-T5-2 /T3-T2-1 /T0-F0-1 /D:2     /W-T5-1  /D:3     /W-T2-1  /T6-T2-2 
/T6-T0-1 /T5-T6-4 /T6-T3-5 /T6-F0-1 /T6-T2-1 /T3-T6-6 /T2-T3-8 /W-T5-1  /W-T3-1  /T1-T3-2 
/D:1     /W-T0-1  /D:2     /W-F2-1  /D:2     /W-T4-1  /D:1     /W-F1-1  /T0-F1-1 /T3-F1-1 
/T0-F2-1 /T0-F1-1 /T3-F2-1 /T3-F1-1 /T5-F1-1 /D:4     /W-T0-1  /T6-T0-7 /D:1     /W-T2-1  
/D:1     /R       /D:4     /W-T1-1  /T2-T1-2 /T2-F3-1 /W-F3-1  /D:1     /W-F0-1  /T3-F0-1 
/T5-F0-1 /T5-T2-1 /T5-T2-1 /T4-T3-1 /T4-F1-1 /T5-F2-1 /T3-F2-1 /T4-T2-1 /D:2     /W-T2-1  
/D:1     /W-T1-1  /D:1     /W-T2-1  /D:1     /W-F3-1  /D:1     /W-F1-1  /D:1     /W-F1-1  
/R       /D:2     /W-F3-1  /D:1     /W-F3-1  /T0-F3-1 /T0-F2-1 /T3-F3-1 /T0-F3-1 /T3-F0-1 
/T0-F0-1 /W-F2-1  /T2-F2-1 /T0-F1-1 /T3-F3-1 /T1-F0-1 /T2-F3-1 /T0-F0-1 /T3-F2-1 /T1-F3-1 
/T2-F2-1 /T2-F3-1 /T3-F1-1 /T0-F1-1 /T1-F0-1 /T0-F0-1 /T3-F2-1 /T1-F1-1 /T2-F2-1 /T3-F3-1 
"
1050583,b#SO#CtN#DhlT#VXIQH#xroPjK#uRYczek#WyGEpBZfMagqmvnJLiwFAsdU,122.000000,1500.000000,45.000000,0.635802,1,"
minimal: 0 / states: 131 / duration: 0.000150s
history:
/T2-F3-1 /T1-F3-1 /T3-T4-1 /T5-T3-1 /T5-T3-1 /T5-F3-1 /T1-T2-1 /D:4     /W-T2-1  /D:3     
/W-T1-1  /D:3     /W-F1-1  /T0-F1-1 /W-T0-1  /T3-T0-3 /T2-T3-3 /D:4     /W-T0-1  /T3-T0-4 
/F3-T3-1 /T5-T3-1 /D:1     /W-F2-1  /T3-F2-1 /T3-F3-1 /D:1     /W-T6-1  /D:1     /W-T1-1  
/T6-T1-2 /T3-T6-1 /W-T3-1  /D:1     /W-T1-1  /T4-T1-2 /T4-F3-1 /D:2     /W-T1-1  /T6-T1-2 
/D:1     /W-F0-1  /D:2     /W-T0-1  /T2-T0-1 /T6-T2-1 /T6-F1-1 /T6-T2-1 /T6-F3-1 /D:1     
/W-T4-1  /R       /D:2     /W-T3-1  /D:1     /W-T4-1  /D:1     /W-F2-1  /D:1     /W-F0-1  
/T0-F0-1 /T0-F1-1 /T1-F0-1 /T0-F0-1 /T5-T0-1 /W-T5-1  /T4-T5-3 /T4-T3-1 /T1-F1-1 /T1-F0-1 
/T5-F0-1 /T1-T6-1 /T1-F0-1 /T5-T2-4 /T6-T1-2 /D:1     /W-F1-1  /D:1     /W-F1-1  /T0-T2-3 
/T0-F1-1 /T1-T4-2 /T1-F1-1 /T2-T0-4 /T2-F0-1 /T1-F0-1 /T0-T2-5 /T0-F1-1 /T0-F0-1 /T1-F1-1 
/T0-F1-1 /T1-F0-1 /T0-F0-1 /T3-T1-2 /T3-F1-1 /D:1     /W-F2-1  /T2-F2-1 /T2-F3-1 /T4-F3-1 
/D:1     /W-T1-1  /T4-T1-2 /D:1     /W-F2-1  /T2-F2-1 /T1-F2-1 /T2-F3-1 /T1-F3-1 /T2-F2-1 
/T1-F2-1 /T2-F3-1 /T1-F3-1 /T2-F2-1 /T1-F2-1 /T2-F3-1 /T1-F3-1 /T2-F2-1 
"
1050585,w#dD#EXk#tFHf#xZYMW#PyqTLB#IoSibJv#NjmgcKQUplRnaAGreuChOVzs,107.500000,1831.000000,38.000000,0.720000,1,"
minimal: 0 / states: 114 / duration: 0.000148s
history:
/T6-T4-1 /T6-T2-1 /D:1     /W-F3-1  /D:4     /W-T1-1  /T5-T1-1 /T2-T5-2 /T0-T2-1 /D:3     
/W-T4-1  /D:4     /W-F2-1  /D:1     /W-F1-1  /T6-F1-1 /T6-T2-1 /D:1     /W-F0-1  /T1-F0-1 
/T1-F1-1 /D:1     /W-T4-1  /T3-T4-1 /T3-T2-1 /W-T3-1  /T1-T3-1 /T1-F1-1 /D:1     /W-T4-1  
/D:1     /W-F1-1  /T4-T6-1 /T4-F1-1 /T6-T4-2 /T6-F2-1 /D:2     /W-F0-1  /T3-F0-1 /D:1     
/W-T6-1  /D:1     /W-F3-1  /D:1     /W-T5-1  /W-T5-1  /D:1     /W-T0-1  /W-T0-1  /W-F2-1  
/W-T4-1  /W-T0-1  /T4-T0-7 /T4-T1-1 /T4-T1-1 /T5-T4-5 /T5-T2-1 /T5-F2-1 /T2-T5-5 /T3-T5-2 
/T3-T6-1 /T4-T3-6 /T2-F0-1 /W-F1-1  /W-T2-1  /T5-T2-8 /T5-F3-1 /T0-F3-1 /T0-F2-1 /T2-F3-1 
/T0-F3-1 /T2-F0-1 /T0-F0-1 /T2-F3-1 /T2-F0-1 /T0-F3-1 /T3-T2-1 /T3-F3-1 /T6-T0-2 /T6-F0-1 
/T3-F0-1 /T0-T4-4 /T0-F0-1 /T4-T0-5 /D:1     /W-F2-1  /T0-F2-1 /T0-F1-1 /T2-F2-1 /T0-F2-1 
/T0-F3-1 /T2-F1-1 /T2-F2-1 /T2-F3-1 /W-F1-1  /T0-F2-1 /T1-F3-1 /T3-F1-1 /T0-F1-1 /T2-F2-1 
/T0-F2-1 /T3-F0-1 /T1-F0-1 /T2-F1-1 /T3-F3-1 
"
1050598,L#hw#KnH#SaUX#zGkif#xBdJNg#cFsjQor#EpTvWulYbVDtRqZPAyOMmeIC,143.000000,4371.000000,59.000000,0.551020,1,"
minimal: 0 / states: 133 / duration: 0.000159s
history:
/T6-T4-1 /T5-T2-1 /T5-F3-1 /T3-T0-1 /T5-T0-1 /T5-T4-1 /D:2     /W-T4-1  /D:7     /W-T4-1  
/D:1     /W-T0-1  /T2-T0-2 /T2-F2-1 /T6-F2-1 /D:2     /W-T3-1  /T4-T3-5 /T4-T1-1 /T1-T4-2 
/D:5     /W-F0-1  /T5-F0-1 /D:2     /W-F3-1  /D:5     /W-F0-1  /R       /D:4     /W-T2-1  
/W-T2-1  /T3-T2-7 /T3-F1-1 /T2-F1-1 /T2-F2-1 /D:1     /W-T4-1  /W-T4-1  /W-T3-1  /T6-T3-1 
/T6-T5-1 /T6-T0-1 /T6-T4-1 /T6-F1-1 /T2-F1-1 /D:3     /W-F0-1  /T3-T2-1 /T3-F0-1 /T4-F0-1 
/D:1     /W-T0-1  /D:1     /W-F2-1  /D:1     /W-T6-1  /T0-T6-8 /D:1     /W-F3-1  /T2-F3-1 
/T2-F2-1 /T6-F3-1 /T3-F3-1 /T4-F3-1 /T6-F2-1 /T2-T1-2 /T2-F3-1 /T1-T2-3 /D:2     /W-T0-1  
/D:1     /W-T1-1  /W-T1-1  /T4-T1-4 /T4-F0-1 /T6-T1-1 /T6-F0-1 /T6-F3-1 /T2-T5-4 /T2-F3-1 
/W-T0-1  /W-T4-1  /T2-T0-1 /T5-T4-6 /D:1     /W-F1-1  /T4-F1-1 /T1-F1-1 /T4-F2-1 /T1-F2-1 
/T4-F1-1 /T1-F1-1 /T4-F2-1 /T1-F2-1 /T4-F1-1 /T4-F2-1 /T1-F1-1 /T1-F2-1 /T4-F1-1 /T1-F1-1 
/T4-F2-1 /D:1     /W-F0-1  /T6-F0-1 /T0-F0-1 /T6-F3-1 /T0-F3-1 /T6-F0-1 /T0-F0-1 /T6-F3-1 
"
1050691,r#PJ#Ufw#VRie#hvznF#YGjtyp#QLOgNlo#KAuxDMqIbCXEkdHacmZWSTBs,125.000000,1289.000000,53.000000,0.612903,1,"
minimal: 0 / states: 122 / duration: 0.000222s
history:
/T3-T4-1 /T3-T1-1 /D:2     /W-F0-1  /D:1     /W-T1-1  /D:2     /W-T3-1  /D:2     /W-T4-1  
/D:2     /W-T5-1  /D:5     /W-T0-1  /T5-T0-2 /W-T5-1  /T2-T5-1 /W-T2-1  /D:2     /W-F1-1  
/T0-F1-1 /D:1     /W-T3-1  /T6-T3-1 /D:5     /W-T1-1  /T4-T1-3 /T4-F2-1 /T3-F2-1 /T6-T4-1 
/T6-F3-1 /T0-F2-1 /T1-F2-1 /T3-F1-1 /T0-F1-1 /T0-F2-1 /T4-T0-2 /T1-F1-1 /T3-T1-2 /T3-T5-1 
/D:1     /W-F0-1  /D:1     /W-F2-1  /R       /D:1     /W-T0-1  /D:2     /W-T3-1  /D:2     
/W-F0-1  /T1-F0-1 /T2-F0-1 /T2-F1-1 /T6-F1-1 /T6-F3-1 /T2-T4-1 /D:1     /W-T6-1  /T1-T6-6 
/T1-F3-1 /D:1     /W-T5-1  /D:1     /W-T1-1  /T5-T1-5 /T5-F2-1 /T5-T0-1 /T4-T0-2 /T5-T0-1 
/T4-F1-1 /T6-T1-3 /T6-F2-1 /T6-F1-1 /T5-T3-1 /D:1     /W-T2-1  /T6-T2-3 /T6-F3-1 /T1-F3-1 
/T1-F0-1 /T0-F0-1 /D:2     /W-F3-1  /T1-F3-1 /T0-F3-1 /T0-F2-1 /T1-F0-1 /T1-F3-1 /T1-F2-1 
/T0-F1-1 /T1-F1-1 /W-F3-1  /W-F0-1  /T2-F0-1 /T0-F0-1 /T2-F3-1 /T2-F0-1 /W-F2-1  /T0-F1-1 
/T1-F2-1 /T1-F1-1 /T3-F3-1 /T0-F2-1 /T2-F3-1 /T3-F0-1 
"
1050694,f#Zo#jux#EwtA#BbYWM#HvmqpL#dScTlDs#PyCOQKkUNRIgXVhJnaFeGzri,126.500000,2485.000000,38.000000,0.666667,1,"
minimal: 0 / states: 123 / duration: 0.000140s
history:
/T3-F0-1 /T0-T3-1 /T4-T0-1 /T4-T2-1 /T2-T4-2 /T4-T0-3 /D:7     /W-T5-1  /D:2     /W-F3-1  
/D:1     /W-T6-1  /D:1     /W-T0-1  /W-T0-1  /T3-T0-2 /T3-T5-1 /T3-T0-1 /D:1     /W-T2-1  
/T6-T2-2 /T6-T2-1 /W-T6-1  /W-T0-1  /W-F3-1  /W-T0-1  /T4-T0-1 /T4-F0-1 /D:2     /W-T5-1  
/T2-T5-5 /T2-T6-1 /D:3     /W-F2-1  /T1-F2-1 /T5-T1-9 /T5-F2-1 /T5-F2-1 /T5-T2-1 /T5-T6-1 
/D:1     /W-F1-1  /T0-F1-1 /T0-F0-1 /T1-F0-1 /D:4     /W-T3-1  /T6-T3-4 /T6-T5-1 /T6-F1-1 
/D:1     /W-F2-1  /D:1     /R       /D:1     /W-F3-1  /T0-F3-1 /T1-F3-1 /T6-F3-1 /T6-F1-1 
/T0-F0-1 /T1-F2-1 /T5-F3-1 /D:1     /W-T2-1  /D:1     /W-T2-1  /D:1     /W-T3-1  /T0-T3-2 
/T0-F3-1 /D:1     /W-T2-1  /D:1     /W-F0-1  /D:1     /W-F1-1  /T3-F1-1 /T1-F1-1 /T3-F2-1 
/T1-F2-1 /T1-F3-1 /T3-F1-1 /T3-F2-1 /T1-F2-1 /T0-T3-1 /T0-F3-1 /T0-F2-1 /T2-T1-1 /T2-F3-1 
/T0-F3-1 /T2-F2-1 /T1-T2-3 /T1-F3-1 /T3-T0-4 /T3-F2-1 /D:1     /W-F0-1  /T5-F0-1 /T0-F0-1 
/T2-F0-1 /D:1     /W-F1-1  /T0-F1-1 /T0-F0-1 /T2-F1-1 /T0-F1-1 /T2-F0-1 /T0-F0-1 /T2-F1-1 
"
1050751,M#eO#yxK#rcSd#iRqtB#QhGYnN#PspjwTE#oLmHfIgUvJCWkDFaXZAlbzVu,136.500000,3656.000000,53.000000,0.569892,1,"
minimal: 0 / states: 132 / duration: 0.000297s
history:
/T5-F3-1 /T1-F3-1 /T5-F2-1 /T3-T6-1 /T6-T3-2 /T5-T0-1 /T2-T0-1 /T3-T5-3 /T4-T3-1 /D:1     
/W-F2-1  /D:4     /W-T4-1  /D:6     /W-T5-1  /D:1     /W-T0-1  /D:2     /W-T1-1  /T3-T1-2 
/T3-T4-1 /D:1     /W-T6-1  /T1-T6-4 /D:1     /W-F1-1  /D:2     /W-T1-1  /D:1     /W-F0-1  
/T6-F0-1 /T5-F0-1 /D:2     /W-F1-1  /T6-F1-1 /T5-F1-1 /T6-F0-1 /T5-F0-1 /T6-F1-1 /T6-F0-1 
/T4-T5-1 /T4-F1-1 /T5-T4-2 /T5-F0-1 /T4-T5-3 /D:1     /W-T3-1  /W-T3-1  /T2-T3-1 /W-T2-1  
/T2-T1-2 /D:2     /R       /D:2     /W-T2-1  /W-T2-1  /D:1     /W-F0-1  /D:1     /W-T0-1  
/T5-T0-4 /T5-T0-1 /D:1     /W-F1-1  /D:3     /W-T1-1  /D:1     /W-T2-1  /D:1     /W-T1-1  
/F0-T1-1 /T6-T1-1 /T6-T2-1 /T6-T3-1 /T6-F2-1 /T4-F2-1 /T4-T6-1 /T6-T1-2 /T6-F3-1 /T0-F3-1 
/T0-F2-1 /T1-F3-1 /T0-F3-1 /T1-F2-1 /T0-F2-1 /T0-F1-1 /T1-F3-1 /T1-F0-1 /T0-F0-1 /T4-F1-1 
/T3-F1-1 /T1-T2-1 /T1-F0-1 /T0-T3-1 /T0-F0-1 /T2-T1-2 /T2-F1-1 /T2-F0-1 /T3-T0-2 /T3-F1-1 
/T2-F1-1 /T0-T3-3 /T0-F0-1 /W-T3-1  /W-F3-1  /T1-F3-1 /D:1     /W-F2-1  /T3-F2-1 /T1-F2-1 
/T3-F3-1 /T1-F3-1 /T3-F2-1 /T1-F2-1 /T3-F3-1 /T1-F3-1 /T3-F2-1 
"
1050753,k#mv#dYT#zuth#NpjaV#OnCsBE#xMoJZKS#RWLGlifDqXHPwUgyQrFAbIce,114.500000,3636.000000,70.000000,0.448454,1,"
minimal: 0 / states: 147 / duration: 0.000157s
history:
/T5-T6-1 /T3-T1-1 /T6-T3-2 /T3-T1-3 /T2-T3-1 /T6-T2-1 /T3-T4-2 /T2-T3-2 /T2-T1-1 /T6-T2-1 
/T4-T6-3 /T4-F1-1 /T6-T0-4 /T4-T3-1 /T1-T3-6 /T4-T3-1 /T4-F3-1 /D:3     /W-T1-1  /T0-T1-5 
/D:13    /W-T2-1  /D:3     /W-T1-1  /D:1     /W-F0-1  /T5-F0-1 /D:1     /W-F1-1  /D:2     
/W-F1-1  /D:1     /W-T1-1  /R       /D:1     /W-T5-1  /D:6     /W-T1-1  /F1-T1-1 /T6-T1-1 
/T6-T0-1 /D:1     /W-T5-1  /D:1     /W-T2-1  /D:2     /W-T5-1  /T1-T5-1 /T1-F1-1 /D:1     
/W-T2-1  /D:5     /R       /D:1     /W-T6-1  /D:2     /W-T0-1  /T6-T0-2 /D:1     /W-T2-1  
/D:2     /W-T2-1  /D:2     /W-T2-1  /T5-T2-5 /T5-F0-1 /T5-F2-1 /T2-F2-1 /T5-F3-1 /T2-F3-1 
/T1-F0-1 /T3-F2-1 /T2-F2-1 /T3-F1-1 /T1-F1-1 /T3-F0-1 /T1-F0-1 /D:1     /W-F3-1  /T2-F3-1 
/T3-F3-1 /T1-F3-1 /W-F3-1  /W-F1-1  /W-F0-1  /T2-T1-2 /T2-F0-1 /T1-T2-3 /T1-F3-1 /T0-F3-1 
/D:1     /W-F2-1  /T2-F2-1 /T2-F1-1 /T3-F2-1 /T2-F2-1 /T3-F1-1 /T2-F1-1 /T3-F2-1 /T2-F2-1 
/T0-F2-1 /T2-F3-1 /T2-F2-1 /T3-F1-1 /T3-T0-1 /T3-F3-1 /T2-F3-1 /T3-F2-1 /D:1     /W-F0-1  
/T1-F0-1 /T0-F0-1 /T1-F1-1 /T0-F1-1 /T1-F0-1 /T0-F0-1 /T1-F1-1 
"
1050800,m#AT#YPH#EoWf#xhGCB#LJiOqn#jFvsQKz#DSZrdIyRbuXwMlVgUpctNkae,168.500000,1574.000000,56.000000,0.552885,1,"
minimal: 0 / states: 131 / duration: 0.000159s
history:
/T5-F2-1 /T1-T2-1 /T1-F0-1 /T4-F0-1 /T4-F0-1 /T6-T1-1 /T3-T4-1 /T3-T6-1 /T3-F2-1 /T3-T4-1 
/D:1     /W-F0-1  /T4-F0-1 /D:2     /W-T3-1  /D:1     /W-T4-1  /D:1     /W-T4-1  /D:1     
/W-T6-1  /D:1     /W-T0-1  /D:4     /W-T0-1  /D:1     /W-T0-1  /D:2     /W-T1-1  /T6-T1-3 
/D:1     /W-T0-1  /T2-T0-2 /T2-T5-1 /D:2     /W-T1-1  /T4-T1-4 /D:1     /W-F2-1  /D:2     
/W-T4-1  /D:1     /W-F3-1  /D:2     /W-F1-1  /D:1     /R       /D:1     /W-T4-1  /F0-T4-1 
/T6-T4-1 /T6-T0-1 /T4-T6-5 /T4-T2-1 /D:1     /W-T0-1  /T5-T0-2 /T5-F3-1 /T0-F3-1 /T6-F3-1 
/T0-F2-1 /T0-F3-1 /T6-F0-1 /T6-F3-1 /D:1     /W-F1-1  /D:1     /W-T5-1  /D:1     /W-T4-1  
/T2-T4-2 /D:1     /W-T5-1  /T0-T5-1 /T0-F3-1 /D:1     /W-F1-1  /T1-F1-1 /T1-F2-1 /T5-F2-1 
/T6-F2-1 /T5-T0-1 /T5-F2-1 /T1-T6-2 /T1-F3-1 /T6-T1-3 /T6-F2-1 /T6-F0-1 /T0-T5-2 /T0-F3-1 
/T5-T0-3 /T1-T6-4 /T1-F3-1 /T0-T5-3 /T0-F2-1 /T5-T0-4 /T4-F2-1 /T0-T5-5 /T0-F2-1 /T5-T0-6 
/T6-T1-5 /D:2     /W-F1-1  /T1-F1-1 /T0-F1-1 /T1-F0-1 /T0-F0-1 /T1-F1-1 /T0-F1-1 /T1-F0-1 
/T0-F0-1 /T0-F3-1 /T1-F1-1 /T1-F0-1 /T4-F3-1 /W-F1-1  /T0-F0-1 /T1-F1-1 /T0-F1-1 /T1-F2-1 
/T3-F3-1 /T4-F0-1 
"
1050839,o#vt#qZk#WFDs#BKlNR#TaiLAO#gxmSczI#JjudEpVQefHPbyMrwYGCXUhn,177.500000,2821.000000,51.000000,0.560606,1,"
minimal: 0 / states: 121 / duration: 0.000138s
history:
/T4-T3-1  /T4-F3-1  /T5-F3-1  /T5-F0-1  /T2-T5-1  /T5-T2-2  /D:1      /W-T2-1   /T5-T2-1  /T5-F1-1  
/T3-T5-2  /T3-T5-1  /D:2      /W-T2-1   /T5-T2-4  /T2-T5-10 /D:6      /W-T3-1   /T2-T3-1  /D:1      
/W-T1-1   /D:2      /W-F3-1   /D:1      /W-F1-1   /D:2      /W-T2-1   /T4-T2-1  /T4-T2-1  /T4-F0-1  
/D:1      /W-T1-1   /D:4      /W-F0-1   /T5-F0-1  /D:2      /W-T6-1   /T1-T6-3  /D:1      /W-T1-1   
/D:1      /W-F2-1   /T0-F2-1  /R        /D:1      /W-T2-1   /T6-T2-5  /T6-T0-1  /T6-F1-1  /D:1      
/W-F1-1   /T3-T5-1  /T3-F1-1  /T2-T6-1  /T2-F1-1  /T6-T2-2  /T6-T4-1  /D:1      /W-F0-1   /T3-F0-1  
/T1-T3-2  /T3-T6-3  /D:1      /W-F2-1   /T5-F2-1  /T2-F2-1  /D:2      /W-F3-1   /T5-F3-1  /T2-F3-1  
/T5-F2-1  /T2-F2-1  /T5-F3-1  /T2-F3-1  /T5-F2-1  /W-F3-1   /T6-T2-1  /T6-F2-1  /T6-F3-1  /D:1      
/W-T5-1   /D:1      /W-T4-1   /D:1      /W-F2-1   /T6-F2-1  /T6-F1-1  /T2-F1-1  /T4-F2-1  /T0-F2-1  
/D:2      /W-F0-1   /T5-F0-1  /T2-F0-1  /T5-F1-1  /T2-F1-1  /T5-F0-1  /T2-F0-1  /T5-F1-1  /T2-F1-1  
/T4-F1-1  /T5-F0-1  /T2-F0-1  /D:1      /W-F3-1   /W-F3-1   /T5-F3-1  
"
1050864,e#Vn#Rxw#JgzU#LKIpy#akjBdq#DCMAtOW#QuYsrFvoHcSGfhmEPTZXilNb,114.000000,2628.000000,47.000000,0.589041,1,"
minimal: 0 / states: 136 / duration: 0.000152s
history:
/T1-F2-1 /T5-T0-1 /T1-T2-1 /D:2     /W-T2-1  /D:5     /W-T6-1  /T3-T6-1 /T3-T1-1 /T3-T2-1 
/W-T2-1  /T0-T2-2 /D:1     /W-F2-1  /D:2     /W-T2-1  /D:2     /W-T6-1  /W-T6-1  /D:3     
/W-T0-1  /T4-T0-1 /T4-F2-1 /W-T4-1  /D:1     /W-T6-1  /T5-T6-1 /T5-T2-1 /T4-T5-2 /T6-T4-7 
/F2-T4-1 /T6-T4-1 /T6-T5-1 /T6-F0-1 /T2-F0-1 /W-T5-1  /D:4     /W-T0-1  /T2-T0-8 /T5-T2-5 
/T3-T5-1 /T6-T3-1 /T6-F0-1 /T6-F0-1 /W-T6-1  /D:1     /W-T5-1  /D:1     /W-T1-1  /T2-T1-6 
/D:1     /W-F3-1  /T4-F3-1 /T4-F2-1 /D:1     /R       /D:2     /W-T3-1  /T4-T3-8 /T5-T4-3 
/T5-F1-1 /T4-T6-4 /D:2     /W-T1-1  /T3-T1-1 /T3-F0-1 /D:1     /W-T6-1  /D:1     /W-F3-1  
/D:1     /W-T6-1  /W-T6-1  /W-F3-1  /T2-F3-1 /T3-F3-1 /T0-T6-3 /T0-F0-1 /T3-F0-1 /T6-T0-4 
/T6-F3-1 /T3-F3-1 /T6-F0-1 /T0-T6-6 /T0-F3-1 /T1-T3-5 /T1-F0-1 /T3-T1-6 /T3-F3-1 /T6-T0-7 
/T6-F0-1 /T3-F0-1 /T0-T6-8 /T0-F3-1 /T3-F3-1 /T6-T0-9 /T6-F0-1 /T3-F0-1 /T6-F3-1 /D:1     
/W-F1-1  /T0-F1-1 /T0-F2-1 /T1-F1-1 /T0-F1-1 /T1-F2-1 /T0-F2-1 /T1-F1-1 /T0-F1-1 /T1-F2-1 
/T0-F2-1 /T1-F1-1 /T0-F1-1 /T1-F2-1 /T0-F2-1 /T1-F1-1 /T0-F1-1 /T1-F2-1 /T0-F2-1 /T1-F1-1 
/T0-F1-1 /T1-F2-1 
"
1050869,U#Mu#BHK#Lvbs#GxAJR#yNcZPg#Ttdmiql#nIhWfrEOawjVCoQkYpeXFSDz,100.500000,1550.000000,49.000000,0.567901,1,"
minimal: 0 / states: 122 / duration: 0.000210s
history:
/T5-T1-1 /T4-T3-1 /T3-T1-2 /T2-T6-1 /D:1     /W-F2-1  /D:3     /W-T6-1  /D:5     /W-F1-1  
/T3-F1-1 /T3-T6-1 /T0-T6-1 /D:3     /W-T4-1  /T1-T4-4 /T6-T1-5 /T6-T4-1 /T5-T4-1 /T5-T0-1 
/T5-F1-1 /T5-F3-1 /T2-T6-1 /T2-T4-1 /T3-T0-1 /D:2     /W-F2-1  /D:2     /W-T0-1  /T4-T0-9 
/T4-F0-1 /T0-F0-1 /D:2     /W-F2-1  /D:2     /W-T5-1  /D:4     /W-T2-1  /R       /D:6     
/W-F3-1  /T0-F3-1 /T0-F2-1 /D:1     /W-T5-1  /T6-T5-2 /T6-T3-1 /T6-F1-1 /T6-T1-1 /T5-T3-5 
/T6-T3-1 /D:1     /W-T4-1  /D:1     /W-F0-1  /D:1     /W-F3-1  /T0-F3-1 /D:1     /W-T2-1  
/T4-T2-2 /D:1     /W-F1-1  /D:1     /W-T3-1  /D:1     /W-F3-1  /D:1     /W-F0-1  /W-F0-1  
/T3-F0-1 /W-F2-1  /T0-F2-1 /T3-F3-1 /W-F1-1  /T0-F1-1 /T1-F2-1 /T0-F2-1 /T4-F0-1 /T1-F3-1 
/T3-F0-1 /T0-F3-1 /W-F1-1  /T1-F2-1 /T3-F1-1 /T3-F2-1 /W-F0-1  /T0-F0-1 /T1-F3-1 /T2-F1-1 
/T0-F1-1 /T1-F0-1 /T2-F2-1 /T1-F1-1 /T3-F3-1 /T0-F0-1 /T2-F3-1 /T1-F0-1 /T3-F2-1 /T0-F3-1 
/T2-F2-1 /T3-F1-1 
"
1050881,Z#yc#pIF#iKzw#UQOGJ#honuRa#efWxTjr#lNtPAHdCBMSYsbXvqkEgVmLD,164.000000,3777.000000,52.000000,0.588542,1,"
minimal: 0 / states: 123 / duration: 0.000173s
history:
/T5-F1-1 /T5-T2-1 /D:2     /W-F3-1  /D:3     /W-F0-1  /D:2     /W-T6-1  /D:1     /W-T6-1  
/D:1     /W-F0-1  /T6-F0-1 /D:5     /W-F1-1  /T1-F1-1 /T6-F1-1 /T1-T0-1 /D:1     /W-T0-1  
/T4-T0-1 /D:2     /W-T2-1  /D:3     /W-T5-1  /T2-T5-3 /D:1     /W-T0-1  /T5-T0-5 /T5-F2-1 
/T5-F2-1 /T4-T5-1 /T4-F3-1 /T4-T6-1 /T4-T2-1 /D:1     /W-T1-1  /D:1     /W-T1-1  /D:1     
/W-F0-1  /W-F0-1  /W-T1-1  /T3-T1-1 /T3-T4-1 /R       /D:1     /W-T4-1  /T3-T4-1 /T3-T1-1 
/D:1     /W-T2-1  /D:1     /W-F3-1  /T6-F3-1 /D:1     /W-T1-1  /D:1     /W-T3-1  /D:1     
/W-T2-1  /T6-T2-1 /T6-T4-1 /T6-T1-1 /T2-T4-5 /T2-F2-1 /T0-F2-1 /T0-F3-1 /T4-F2-1 /T4-F3-1 
/T0-F0-1 /T1-F3-1 /T5-F0-1 /T1-F0-1 /T4-T5-1 /T4-F3-1 /T4-F0-1 /T0-T1-2 /T0-F3-1 /T0-F0-1 
/T4-T6-1 /T4-F0-1 /T6-T4-2 /T6-F3-1 /T6-T5-1 /T6-F1-1 /T5-F1-1 /T0-F3-1 /T1-F1-1 /T1-T0-4 
/T1-F0-1 /T3-F0-1 /D:1     /W-F3-1  /T0-T1-5 /T0-F3-1 /D:1     /W-F2-1  /T5-F2-1 /T1-F2-1 
/T5-F1-1 /T1-F1-1 /T4-F1-1 /D:1     /W-F2-1  /T1-F2-1 /T1-F1-1 /T4-F2-1 /T1-F2-1 /T4-F1-1 
/T1-F1-1 /T4-F2-1 
"
1050891,u#EA#GjY#ULIX#lvhpd#mkKDnc#ViaZoON#rgCJwTFqeHWQPtSRyzMBxbsf,127.500000,1189.000000,44.000000,0.623288,1,"
minimal: 0 / states: 121 / duration: 0.000136s
history:
/T1-F0-1  /T6-F3-1  /T6-F3-1  /T4-T1-1  /T6-T5-1  /T4-T1-1  /D:2      /W-T0-1   /D:2      /W-T3-1   
/D:3      /W-T0-1   /D:2      /W-T0-1   /W-T0-1   /T5-T0-2  /T5-F2-1  /T0-F2-1  /T1-F2-1  /T0-T5-1  
/T0-F2-1  /T5-T0-2  /T5-T2-1  /D:2      /W-T2-1   /D:2      /W-F3-1   /W-F3-1   /D:1      /W-T4-1   
/D:1      /W-T4-1   /T1-T4-2  /T6-T1-1  /T6-F1-1  /T6-T3-1  /W-T3-1   /W-T3-1   /W-T5-1   /W-T4-1   
/W-F2-1   /T0-T6-6  /T6-T5-7  /D:1      /W-F3-1   /D:1      /W-T1-1   /T3-T1-5  /T3-T2-1  /T4-T2-6  
/T5-T3-9  /T3-T5-10 /T3-T4-1  /D:1      /W-T0-1   /T2-T0-10 /T4-T2-2  /D:1      /W-T3-1   /T4-T3-1  
/D:1      /W-F0-1   /T0-F0-1  /D:1      /W-T3-1   /T2-T3-3  /T2-T3-1  /D:1      /W-F1-1   /T5-F1-1  
/T0-F1-1  /T5-F0-1  /T0-F0-1  /T0-F3-1  /T5-F1-1  /T5-F0-1  /T1-F3-1  /T3-F0-1  /T1-F0-1  /T3-F3-1  
/T0-T3-2  /T0-F0-1  /T5-T1-2  /T5-F3-1  /T0-F3-1  /T1-T5-3  /T1-F0-1  /T0-F0-1  /T1-F3-1  /T0-F3-1  
/T5-T1-5  /T5-F0-1  /T1-T5-6  /T1-F3-1  /T3-T0-6  /T3-F0-1  /D:1      /W-F2-1   /T0-F2-1  /D:1      
/W-F1-1   /T5-F1-1  /T0-F1-1  /T5-F2-1  /T0-F2-1  /T5-F1-1  /T0-F1-1  /T5-F2-1  /T0-F2-1  /T5-F1-1  
/T0-F1-1  /T5-F2-1  /T0-F2-1  /T5-F1-1  
"
1050995,Q#CN#SFc#agYl#sxUPO#AfqvjL#MVKBibt#kwmhHDzyoTnXEZeIRWdJruGp,127.500000,2778.000000,53.000000,0.575000,1,"
minimal: 0 / states: 127 / duration: 0.000183s
history:
/T1-F3-1  /T4-F3-1  /T4-F3-1  /T6-T4-1  /T6-T1-1  /T0-F3-1  /D:1      /W-T5-1   /D:1      /W-T5-1   
/T6-T5-1  /T6-T2-1  /T6-T3-1  /D:1      /W-T0-1   /T5-T0-4  /T5-T3-1  /T5-T3-1  /T2-T5-2  /T4-T3-2  
/D:2      /W-T0-1   /D:5      /W-T0-1   /T2-T0-1  /T2-T3-1  /D:1      /W-F2-1   /W-F2-1   /D:2      
/W-T3-1   /D:1      /W-T2-1   /D:1      /W-T0-1   /T5-T0-3  /D:2      /W-F3-1   /T3-T5-1  /T3-F3-1  
/T5-T3-2  /T5-F0-1  /T0-F0-1  /D:1      /W-T4-1   /W-T4-1   /D:1      /W-T3-1   /T1-T3-2  /D:3      
/W-T6-1   /D:2      /W-F2-1   /R        /D:1      /W-T4-1   /D:2      /W-T1-1   /T3-T1-11 /T4-T3-4  
/D:1      /W-T2-1   /D:1      /W-T2-1   /D:1      /W-T2-1   /T6-T2-2  /T3-T6-5  /T3-T2-1  /T3-F1-1  
/T1-F1-1  /T0-F1-1  /T0-F2-1  /T1-F0-1  /T1-F1-1  /W-F0-1   /T0-F1-1  /T1-F0-1  /T0-F0-1  /T0-F3-1  
/T1-F1-1  /T2-F1-1  /T6-F1-1  /D:1      /W-F2-1   /T4-F2-1  /T1-F2-1  /T2-F2-1  /T1-F3-1  /T1-F2-1  
/T2-F3-1  /T0-T2-2  /T0-F2-1  /T6-T1-1  /T6-F3-1  /T6-F2-1  /T2-T0-3  /T2-F3-1  /T2-F2-1  /T6-F3-1  
/T2-F3-1  /T1-T6-4  /T1-F2-1  /D:1      /W-F0-1   /T0-F0-1  /T0-F1-1  /T6-F0-1  /T0-F0-1  /T6-F1-1  
/T0-F1-1  /T6-F0-1  /T0-F0-1  /T6-F1-1  /T0-F1-1  /T6-F0-1  
"
1051023,m#xc#VRA#tXQa#Bgqks#pDKZzE#uirOPSw#IbFyYMeUGohfnHJTdjNlvCLW,133.500000,3828.000000,56.000000,0.528409,1,"
minimal: 0 / states: 125 / duration: 0.000153s
history:
/T2-F0-1 /T3-F1-1 /T3-T5-1 /T6-T3-1 /T5-T6-2 /T2-T4-1 /T2-T3-1 /T5-T2-1 /D:2     /W-F1-1  
/T1-F1-1 /D:2     /W-T0-1  /T3-T0-3 /T6-T3-3 /D:1     /W-T2-1  /T1-T2-1 /T5-T1-1 /D:5     
/W-T6-1  /D:3     /W-F2-1  /T6-F2-1 /D:1     /W-T0-1  /D:2     /W-T0-1  /T4-T0-2 /W-T4-1  
/D:1     /W-F1-1  /D:1     /W-T2-1  /D:1     /W-F3-1  /D:2     /W-T2-1  /D:1     /W-T3-1  
/D:1     /W-T1-1  /T4-T1-2 /T6-T4-1 /T6-F3-1 /T4-T0-2 /T0-F3-1 /D:1     /W-T5-1  /R       
/D:1     /W-T5-1  /D:1     /W-T4-1  /D:2     /W-F1-1  /D:1     /W-T2-1  /T3-T2-5 /W-T3-1  
/D:2     /W-T5-1  /W-T5-1  /D:1     /W-T5-1  /T6-T5-1 /T6-T1-1 /T4-T6-2 /T4-F0-1 /T2-F0-1 
/T2-F3-1 /T6-T1-3 /D:1     /W-T3-1  /T5-T3-7 /T5-F0-1 /T2-F0-1 /T5-F2-1 /T0-F2-1 /T0-F3-1 
/T1-F0-1 /T3-F2-1 /T0-F2-1 /T2-F3-1 /T0-F3-1 /T3-F1-1 /T1-F1-1 /T2-F2-1 /T1-F2-1 /T3-F0-1 
/T0-F0-1 /T2-F3-1 /T0-F3-1 /T3-F1-1 /T1-F1-1 /T2-F2-1 /T0-F2-1 /T3-F0-1 /T1-F0-1 /T2-F1-1 
/T1-F1-1 /T3-F3-1 /T0-F3-1 /T2-F2-1 /T0-F2-1 /T3-F0-1 /T1-F0-1 /T2-F3-1 /T1-F3-1 /T3-F1-1 
/T0-F1-1 /T2-F2-1 /T3-F0-1 
"
1051040,A#yN#dOq#EtwQ#sPkaF#CTruxZ#vpVgiWM#cKzjDSRenfGbYBmXoIhULHJl,123.000000,2002.000000,54.000000,0.572222,1,"
minimal: 0 / states: 121 / duration: 0.000151s
history:
/T0-F0-1 /T1-F3-1 /T6-T0-1 /T1-T5-1 /T5-T1-2 /T6-T5-1 /D:1     /W-T2-1  /D:6     /W-T4-1  
/T2-T4-2 /T2-F3-1 /D:2     /W-F2-1  /D:4     /W-T0-1  /T5-T0-2 /T5-T6-1 /T3-T5-1 /T6-T3-2 
/T4-T6-4 /T4-F1-1 /W-F1-1  /T6-T3-5 /T3-T4-8 /T4-T1-9 /T4-F3-1 /T1-F1-1 /T2-F1-1 /T5-F3-1 
/D:1     /W-F0-1  /D:1     /W-T2-1  /D:2     /W-F2-1  /D:1     /W-T0-1  /D:1     /W-T0-1  
/T3-T0-1 /D:2     /W-T2-1  /D:1     /W-T6-1  /D:2     /R       /D:5     /W-T0-1  /T5-T0-1 
/T5-T6-1 /T5-F0-1 /W-F0-1  /T3-F0-1 /T1-T4-2 /T1-F0-1 /T4-T1-3 /D:1     /W-F1-1  /D:1     
/W-F1-1  /T1-T6-3 /T1-F1-1 /D:1     /W-F0-1  /T6-T1-4 /T6-F0-1 /D:1     /W-T2-1  /D:2     
/W-T2-1  /T6-T2-1 /T6-F2-1 /T1-F2-1 /T0-F2-1 /T1-F3-1 /T0-F3-1 /T1-F2-1 /T0-F2-1 /T0-F1-1 
/T1-F3-1 /T1-F2-1 /T1-F1-1 /W-F3-1  /T0-F0-1 /T2-F3-1 /T2-F0-1 /T6-F2-1 /T0-F3-1 /T1-F2-1 
/T2-F3-1 /W-F1-1  /T0-F2-1 /T1-F1-1 /T1-F2-1 /T0-F3-1 /T1-F3-1 /W-F2-1  /W-F0-1  /T2-F0-1 
/T0-F0-1 /D:1     /W-F1-1  /T2-F1-1 
"
1051132,L#Bz#Fiv#HqJN#XmaPo#xgWUKf#wrIjpTA#uhQkDEOCMtscVndyRbYeSGZl,160.500000,1737.000000,53.000000,0.575000,1,"
minimal: 0 / states: 119 / duration: 0.000159s
history:
/T3-F3-1 /T6-F0-1 /D:2     /W-T2-1  /D:2     /W-T0-1  /T3-T0-1 /D:2     /W-T5-1  /D:1     
/W-F3-1  /D:3     /W-T2-1  /T5-T2-2 /D:1     /W-T6-1  /D:1     /W-T3-1  /T4-T3-1 /T4-F3-1 
/T4-F1-1 /T0-T4-3 /T1-T0-1 /T1-F0-1 /T4-T1-4 /D:1     /W-T1-1  /D:1     /W-F2-1  /T3-F2-1 
/D:1     /W-T2-1  /D:2     /W-T6-1  /T3-T6-2 /T6-T3-5 /T6-F2-1 /T6-T5-1 /T2-T5-6 /T3-T1-6 
/D:1     /W-F1-1  /T1-F1-1 /T1-F2-1 /T5-F1-1 /D:1     /W-T0-1  /T5-T0-7 /T5-T6-1 /T6-T5-2 
/T6-F2-1 /T2-T6-1 /T1-T2-1 /T1-F2-1 /T2-T1-2 /T6-T4-2 /D:1     /W-F1-1  /D:2     /W-T5-1  
/T0-T5-2 /T0-F2-1 /D:1     /W-T2-1  /D:1     /R       /D:1     /W-F2-1  /D:1     /W-F3-1  
/T1-F3-1 /D:2     /W-F0-1  /W-F0-1  /T5-F0-1 /T1-F0-1 /T5-F1-1 /T5-F0-1 /D:1     /W-T3-1  
/D:1     /W-T2-1  /T4-T2-3 /D:1     /W-F3-1  /T1-F3-1 /T5-F3-1 /T1-F0-1 /T1-F3-1 /T5-F0-1 
/T5-F3-1 /T5-F1-1 /T0-F1-1 /T0-F2-1 /T2-F1-1 /T0-F1-1 /T1-F0-1 /T0-F0-1 /T2-F2-1 /T1-F1-1 
/T2-F3-1 /T1-F0-1 /T5-F2-1 /T0-F3-1 /T2-F2-1 /T2-F3-1 /T0-F2-1 /T3-F0-1 /D:1     /W-F1-1  
/T1-F1-1 
"
1051373,I#jf#JGh#PrlC#TBZuV#Dpsowx#YSqdXyA#kHFnLtbvUOiRMQKmagzNEWec,103.500000,2427.000000,54.000000,0.551724,1,"
minimal: 0 / states: 128 / duration: 0.000159s
history:
/T6-F0-1 /T2-T0-1 /T1-T2-1 /T2-T0-2 /T4-T2-1 /T4-T2-1 /T6-T4-1 /T6-T4-1 /T3-T6-1 /T5-T3-1 
/T5-T4-1 /T0-T1-4 /T4-T0-4 /T4-F0-1 /T6-F0-1 /T1-T3-5 /T4-T2-1 /D:3     /W-T2-1  /D:1     
/W-F2-1  /T5-F2-1 /D:7     /W-T0-1  /D:1     /W-T2-1  /D:1     /W-T1-1  /T3-T1-7 /T6-T3-1 
/T6-T2-1 /T3-T1-2 /T3-T2-1 /D:3     /W-T3-1  /D:1     /W-F1-1  /D:2     /W-T4-1  /D:1     
/W-F3-1  /D:1     /W-T6-1  /D:2     /W-T5-1  /D:1     /R       /D:2     /W-T0-1  /D:1     
/W-T3-1  /W-T3-1  /T2-T3-8 /D:2     /W-F1-1  /D:3     /W-F3-1  /T3-F3-1 /D:1     /W-F3-1  
/T3-T5-1 /T3-F3-1 /D:2     /W-T0-1  /T5-T0-3 /T5-F2-1 /T0-F2-1 /T5-F0-1 /T6-F0-1 /T6-F3-1 
/T3-F0-1 /T3-F3-1 /W-T6-1  /W-F3-1  /T6-T4-2 /D:1     /W-T4-1  /W-T4-1  /D:1     /W-F1-1  
/T1-F1-1 /T0-F1-1 /T1-F2-1 /T0-F2-1 /T1-F1-1 /T0-F1-1 /T1-F0-1 /T0-F0-1 /W-F2-1  /T1-F1-1 
/T1-F0-1 /T3-F2-1 /T0-F1-1 /T3-F3-1 /T3-F0-1 /T4-F2-1 /T0-F2-1 /T1-F1-1 /T3-F1-1 /T4-F3-1 
/T0-F3-1 /T1-F2-1 /T0-F2-1 /T4-F0-1 /T1-F1-1 /T3-F0-1 /T3-F1-1 /T4-F3-1 /T0-F3-1 /T1-F0-1 
/T4-F2-1 
"
1051399,z#hB#JZR#CEcT#eXHpA#mKukdN#srVwItM#WgifaDQonSPOvYUqbFyGljxL,153.500000,2047.000000,52.000000,0.570000,1,"
minimal: 0 / states: 122 / duration: 0.000162s
history:
/T4-F0-1 /T1-F0-1 /T5-F3-1 /T4-T5-1 /T3-T4-1 /D:5     /W-F1-1  /D:1     /W-T2-1  /T3-T2-1 
/T5-T3-2 /D:2     /W-T2-1  /D:1     /W-F2-1  /T2-F2-1 /T3-F2-1 /D:3     /W-F3-1  /W-F3-1  
/D:2     /W-T0-1  /D:2     /W-F2-1  /D:1     /W-F1-1  /T2-F1-1 /T3-F1-1 /D:1     /W-T4-1  
/T2-T4-2 /D:1     /W-T2-1  /T5-T2-1 /D:1     /W-T1-1  /D:1     /W-T6-1  /D:2     /W-T0-1  
/W-T0-1  /D:1     /R       /D:2     /W-T5-1  /D:2     /W-T1-1  /T3-T1-1 /T3-F0-1 /T4-F0-1 
/T6-T3-2 /T1-F0-1 /D:1     /W-F3-1  /T4-F3-1 /T4-F0-1 /T1-T6-1 /T1-F0-1 /T6-T1-2 /T6-T0-1 
/T6-T2-1 /T4-T6-2 /T6-T2-3 /T6-F2-1 /T1-T0-3 /T2-T1-7 /W-T2-1  /T5-T2-2 /T5-T3-1 /T6-F2-1 
/W-T3-1  /T2-T4-4 /D:1     /W-F3-1  /T1-F3-1 /T1-F0-1 /D:1     /W-T3-1  /T0-T3-3 /T0-F0-1 
/D:1     /W-F3-1  /T1-F3-1 /T4-T1-3 /T4-F0-1 /T3-T0-4 /T3-F3-1 /T4-F3-1 /T4-F1-1 /T0-F1-1 
/T0-F2-1 /T1-F1-1 /T0-F1-1 /T1-F2-1 /T0-F2-1 /T1-F1-1 /T0-F1-1 /T1-F2-1 /T0-F2-1 /T1-F1-1 
/T1-F2-1 /T3-F0-1 /T0-F3-1 /T3-F1-1 /T0-F2-1 /T1-F3-1 /T5-F1-1 /D:1     /W-F0-1  /T3-F0-1 
"
1051425,M#ch#WGo#uZKN#CJbOT#rVvmIk#nHDjyaw#LipQglXBqtRsYUPExAdeFSzf,122.000000,1444.000000,45.000000,0.603896,1,"
minimal: 0 / states: 126 / duration: 0.000147s
history:
/T3-F3-1 /T6-T5-1 /T6-F1-1 /T5-T6-2 /T1-T5-1 /T2-T1-1 /T2-T5-1 /T5-T2-3 /T6-T5-3 /T6-T3-1 
/T1-T6-2 /T5-T1-4 /T5-T3-1 /T5-T1-1 /D:4     /W-T5-1  /W-T5-1  /D:2     /W-T0-1  /T3-T0-3 
/D:6     /W-T4-1  /W-T4-1  /T6-T4-3 /T4-T6-6 /T4-F3-1 /T4-F1-1 /T6-T1-7 /T6-F2-1 /T1-F2-1 
/T5-F2-1 /T3-T6-1 /T1-F1-1 /D:2     /W-T0-1  /D:1     /W-F3-1  /T5-F3-1 /D:3     /W-F0-1  
/D:1     /W-F1-1  /D:1     /W-F1-1  /D:2     /W-T2-1  /T5-T2-1 /D:1     /W-T5-1  /D:1     
/W-F1-1  /R       /D:1     /W-T6-1  /D:1     /W-T4-1  /T3-T4-1 /D:1     /W-F1-1  /T2-T0-3 
/T2-F1-1 /D:1     /W-T6-1  /T4-T6-3 /D:1     /W-F0-1  /T4-F0-1 /T1-F0-1 /T1-F3-1 /D:1     
/W-F2-1  /T0-F2-1 /T1-F2-1 /T0-F3-1 /T1-F3-1 /D:1     /W-F2-1  /T6-F2-1 /T6-F1-1 /T0-T2-2 
/T0-F2-1 /T0-F1-1 /T1-T6-2 /T1-F2-1 /T1-F1-1 /T2-T0-4 /D:1     /W-T5-1  /T0-T5-5 /T0-F1-1 
/D:1     /W-F0-1  /D:1     /W-F2-1  /T1-F2-1 /T1-F1-1 /T5-T0-6 /T5-F2-1 /D:1     /W-F0-1  
/T0-F0-1 /T0-F3-1 /T6-F0-1 /T0-F0-1 /T6-F3-1 /T0-F3-1 /T6-F0-1 /T0-F0-1 /T6-F3-1 /T0-F3-1 
/T6-F0-1 /T0-F0-1 /T6-F3-1 
"
1051457,n#UH#hbj#ZPRq#IcSOf#DFTgXi#amlzBNJ#GLVYMypxCvreWQsuwKkotEdA,128.000000,2080.000000,53.000000,0.566667,1,"
minimal: 0 / states: 135 / duration: 0.000163s
history:
/T0-F2-1 /T5-T6-1 /T6-T5-2 /T6-F3-1 /T1-T5-1 /D:1     /W-T1-1  /T4-T1-1 /T4-F3-1 /D:4     
/W-T0-1  /W-T0-1  /D:3     /W-T0-1  /T2-T0-1 /D:2     /W-T0-1  /T1-T0-3 /D:1     /W-T0-1  
/D:3     /W-T0-1  /D:6     /W-F2-1  /D:2     /W-T4-1  /D:1     /W-T4-1  /D:1     /W-F0-1  
/T6-F0-1 /T6-T1-1 /T6-T1-1 /R       /D:1     /W-T6-1  /T5-T6-4 /T5-T6-1 /D:3     /W-T0-1  
/T2-T0-1 /D:1     /W-F0-1  /D:3     /W-T5-1  /D:3     /W-T1-1  /D:2     /W-T2-1  /T4-T2-3 
/T4-T3-1 /T2-T4-5 /T6-T2-7 /T6-F1-1 /T0-F1-1 /T0-F2-1 /T3-F1-1 /T4-F1-1 /T3-F2-1 /T3-T5-1 
/T3-F3-1 /T0-F3-1 /T0-F2-1 /T5-F3-1 /T5-F2-1 /T4-T0-1 /T4-F3-1 /T5-F3-1 /T5-T2-1 /T5-F0-1 
/T0-F0-1 /T2-F0-1 /T4-F2-1 /T0-T4-2 /T0-F3-1 /R       /D:1     /W-F3-1  /D:1     /W-T3-1  
/D:1     /W-F1-1  /T4-F1-1 /T2-F1-1 /T4-F0-1 /T2-F0-1 /T4-F1-1 /T4-F0-1 /T2-F1-1 /T2-F0-1 
/T1-F0-1 /T2-T3-1 /T2-F0-1 /D:1     /W-F3-1  /T3-F3-1 /T0-T1-3 /T0-F3-1 /T0-F0-1 /T3-T2-1 
/T3-F3-1 /D:1     /W-F2-1  /T1-F2-1 /T1-F1-1 /D:1     /W-F2-1  /T1-F2-1 /T2-F2-1 /D:1     
/W-F1-1  /T1-F1-1 /T1-F2-1 /T2-F1-1 
"
1051488,m#el#khS#DuMx#JURpT#GXVZrY#tCcvBLs#wFPgzIiobKdaHyEfAqWONQnj,87.500000,911.000000,42.000000,0.657534,1,"
minimal: 0 / states: 135 / duration: 0.000152s
history:
/T6-T4-1  /T6-T0-1  /T3-T1-1  /T5-T3-1  /T5-T2-1  /D:10     /W-T3-1   /D:1      /W-T2-1   /D:1      
/W-F1-1   /W-F1-1   /D:2      /W-T5-1   /D:3      /W-F0-1   /T6-F0-1  /D:2      /W-T1-1   /T6-T1-1  
/T6-F1-1  /T6-F0-1  /T2-T6-3  /T2-T1-1  /T2-T0-1  /T5-T2-2  /T6-T1-4  /T3-T6-3  /T4-T3-2  /T4-T1-1  
/T4-T3-1  /T3-T5-4  /T3-F0-1  /W-T5-1   /D:1      /W-T1-1   /D:1      /W-F3-1   /T1-F3-1  /D:2      
/W-F2-1   /D:1      /W-T6-1   /R        /D:1      /W-T0-1   /T5-T0-6  /T5-T2-1  /T5-T4-1  /D:2      
/W-F3-1   /D:2      /W-T3-1   /T1-T3-10 /D:1      /W-T6-1   /T4-T6-2  /T4-T2-1  /D:1      /W-T2-1   
/D:1      /W-F2-1   /T3-F2-1  /T0-F2-1  /T3-F1-1  /T1-F1-1  /T3-F2-1  /D:1      /W-T2-1   /W-T2-1   
/W-T2-1   /T0-T2-1  /T0-F2-1  /T3-T6-1  /T3-F2-1  /D:1      /W-F0-1   /D:1      /W-F1-1   /T2-T0-2  
/T2-F1-1  /T3-F1-1  /T0-T2-3  /T0-F2-1  /T3-F2-1  /T2-T0-4  /T2-F1-1  /T0-T2-5  /T0-F2-1  /T6-T3-4  
/T6-F1-1  /T0-F1-1  /T3-T6-5  /T3-F2-1  /T3-F1-1  /T2-T0-7  /T2-F2-1  /T3-F2-1  /T0-T2-8  /T0-F1-1  
/D:1      /W-F3-1   /T2-F3-1  /T2-F0-1  /T6-F3-1  /T2-F3-1  /T6-F0-1  /T2-F0-1  /T6-F3-1  /T2-F3-1  
/T6-F0-1  /T2-F0-1  /T6-F3-1  /T2-F3-1  /T6-F0-1  /T2-F0-1  /T6-F3-1  /T2-F3-1  /T6-F0-1  
"
1051490,g#Mu#AhO#iWkt#TXZbl#HpREPC#zYxwaFL#UsonqjKVGJBeNrDcQymdvSIf,156.500000,2739.000000,53.000000,0.602941,1,"
minimal: 0 / states: 122 / duration: 0.000142s
history:
/T2-T5-1 /T3-T2-1 /T3-T6-1 /T0-T1-1 /D:2     /W-T1-1  /D:2     /W-F2-1  /W-F2-1  /D:3     
/W-T4-1  /T3-T4-1 /T1-T3-3 /T4-T1-3 /D:3     /W-T6-1  /T3-T6-4 /D:2     /W-T6-1  /D:1     
/W-F3-1  /T5-F3-1 /T4-T5-1 /T6-T4-8 /T4-T0-9 /D:2     /W-T0-1  /D:1     /W-T0-1  /D:3     
/W-T3-1  /W-T3-1  /T4-T3-1 /T6-T4-1 /T6-F1-1 /T5-F1-1 /T6-T3-1 /T0-F1-1 /D:1     /W-F1-1  
/D:1     /W-T1-1  /T2-T1-2 /T2-F0-1 /D:1     /W-T1-1  /D:2     /R       /D:3     /W-T6-1  
/D:1     /W-T3-1  /D:2     /W-F0-1  /T5-F0-1 /T5-F3-1 /T0-F0-1 /T5-F0-1 /T5-T4-1 /T5-F2-1 
/T0-F1-1 /T4-T0-1 /T4-F0-1 /W-F0-1  /W-F2-1  /T5-F0-1 /D:1     /W-F2-1  /D:1     /W-F3-1  
/T0-F3-1 /T0-F2-1 /T1-F3-1 /T4-F3-1 /T1-F2-1 /W-F3-1  /T3-F3-1 /T1-T6-2 /T1-F3-1 /D:1     
/W-F0-1  /T0-T3-3 /T0-F0-1 /T1-F0-1 /T6-T1-4 /T3-T0-4 /T3-F3-1 /T6-F3-1 /T0-T3-5 /T0-F0-1 
/T0-F3-1 /T1-T6-5 /T1-F0-1 /D:1     /W-F1-1  /T3-F1-1 /T3-F2-1 /T6-F1-1 /T3-F1-1 /T6-F2-1 
/T3-F2-1 /T6-F1-1 /T3-F1-1 /T6-F2-1 /T3-F2-1 /T6-F1-1 /T3-F1-1 /T6-F2-1 
"
1051594,K#DA#QMO#xUyw#VtITY#lcFHPa#vkJzjGs#dXqipbnRSueEgfLNWoZrmBhC,158.500000,1594.000000,49.000000,0.594059,1,"
minimal: 0 / states: 121 / duration: 0.000150s
history:
/T1-F0-1 /T5-F1-1 /T5-T1-1 /T0-T4-1 /D:4     /W-T3-1  /T5-T3-1 /D:2     /W-F1-1  /D:1     
/W-F2-1  /D:1     /W-T5-1  /T1-T5-2 /D:3     /W-T6-1  /D:2     /W-T3-1  /T6-T3-2 /D:1     
/W-T6-1  /W-T6-1  /D:2     /W-F3-1  /T2-F3-1 /T4-T2-2 /T5-T4-4 /T5-F1-1 /T2-T0-3 /T4-F3-1 
/T2-F3-1 /T4-T3-1 /T4-F3-1 /D:1     /W-T0-1  /D:1     /W-F2-1  /D:1     /W-T1-1  /W-T1-1  
/D:2     /W-T2-1  /D:1     /W-F0-1  /D:2     /W-F0-1  /T3-F0-1 /T6-F0-1 /T4-F0-1 /R       
/D:1     /W-F1-1  /T3-F1-1 /T6-F1-1 /T6-F0-1 /T3-T4-1 /T3-F1-1 /T4-T3-2 /T4-T0-1 /D:1     
/W-T1-1  /T3-T1-5 /T3-T2-1 /T3-T0-1 /T6-T3-1 /T4-T0-1 /T3-T5-2 /T6-T3-1 /T4-T6-1 /T5-T3-3 
/D:2     /W-F2-1  /W-F2-1  /D:1     /W-F3-1  /D:1     /W-T6-1  /T1-T6-2 /T1-F0-1 /D:1     
/W-F2-1  /T6-F2-1 /T0-F2-1 /T6-F3-1 /T0-F3-1 /T6-F2-1 /T6-F3-1 /T0-F0-1 /T6-F0-1 /T6-T2-1 
/T0-F3-1 /T0-F0-1 /T6-F2-1 /T1-T2-2 /T1-F3-1 /T0-F3-1 /T1-F0-1 /T0-F0-1 /T1-F3-1 /D:1     
/W-F1-1  /T2-F1-1 /T2-F2-1 /T3-F1-1 /T2-F1-1 /T3-F2-1 /T2-F2-1 /T3-F1-1 /T2-F1-1 /T3-F2-1 
"
1051659,b#VJ#zBP#rRvW#pYqXT#USgjlH#kMOoKcC#tDfiLdINseuAnFwZmxQhGEya,111.000000,1575.000000,45.000000,0.626582,1,"
minimal: 0 / states: 126 / duration: 0.000155s
history:
/T4-T5-1 /T1-T4-1 /T5-T1-2 /T0-T6-1 /T1-T4-3 /D:7     /W-T3-1  /D:1     /W-F3-1  /D:1     
/W-T4-1  /D:1     /W-T4-1  /D:2     /W-F0-1  /D:1     /W-F2-1  /D:3     /W-T0-1  /D:1     
/W-T1-1  /D:1     /W-T5-1  /T3-T5-2 /D:2     /W-T3-1  /D:1     /W-T3-1  /D:2     /W-T0-1  
/T4-T0-7 /T2-T4-1 /T2-F0-1 /T5-T2-4 /T3-T5-3 /T4-T0-2 /D:1     /W-F1-1  /T6-F1-1 /T6-F0-1 
/T6-F1-1 /T6-T4-1 /T6-F2-1 /T6-F3-1 /T0-F3-1 /T5-T4-4 /T4-T6-6 /T4-F2-1 /T0-F2-1 /T6-T4-7 
/R       /D:2     /W-F0-1  /D:1     /W-T4-1  /D:2     /W-T1-1  /T6-T1-1 /D:1     /W-F1-1  
/T0-F1-1 /T3-T0-1 /T3-F2-1 /T4-F1-1 /T5-F1-1 /T5-T4-1 /T4-T5-2 /T4-F1-1 /W-F1-1  /T5-T2-3 
/D:3     /W-T1-1  /D:1     /W-F3-1  /T0-F3-1 /T0-F2-1 /T2-F3-1 /T0-F3-1 /D:1     /W-F0-1  
/W-F0-1  /T2-F0-1 /T0-F0-1 /T2-F3-1 /T2-F0-1 /T0-F3-1 /T0-F0-1 /T2-F3-1 /T0-F3-1 /T4-T2-2 
/T4-F0-1 /T4-F3-1 /T1-T0-2 /T1-F0-1 /T4-F0-1 /T0-T1-3 /T0-F3-1 /R       /D:1     /W-F2-1  
/D:1     /W-F2-1  /T2-F2-1 /T1-F2-1 /T2-F1-1 /T1-F1-1 /T2-F2-1 /T1-F2-1 /T2-F1-1 /T1-F1-1 
/T2-F2-1 
"
1051662,m#tU#gIr#nAwQ#fWzjc#pBRoOJ#sxlKiCN#TVuYdGbSDXeZkEvFqMLPaHyh,188.500000,4714.000000,76.000000,0.468254,1,"
minimal: 0 / states: 144 / duration: 0.000168s
history:
/T6-F3-1 /T6-T3-1 /T6-T5-1 /T3-T2-2 /D:2     /W-T3-1  /D:1     /W-T3-1  /W-T3-1  /D:3     
/W-T1-1  /D:1     /W-T2-1  /D:1     /W-T1-1  /T2-T1-4 /T1-T2-7 /D:8     /W-T3-1  /D:3     
/W-T0-1  /D:2     /W-F1-1  /T2-F1-1 /T4-F1-1 /T4-T6-1 /T2-T6-7 /D:1     /W-T5-1  /T2-T5-1 
/T4-T2-1 /D:2     /R       /D:1     /W-T2-1  /T6-T2-9 /D:1     /W-F1-1  /D:2     /W-T0-1  
/T5-T0-4 /T5-F3-1 /D:1     /W-F1-1  /D:4     /W-T4-1  /D:3     /W-F3-1  /D:2     /W-T4-1  
/T1-T4-1 /R       /D:2     /W-T1-1  /D:5     /W-T1-1  /R       /D:2     /W-T1-1  /T3-T1-5 
/T3-F0-1 /T3-F2-1 /T5-F2-1 /T5-T1-1 /T5-F0-1 /T2-F0-1 /T5-F2-1 /T2-F3-1 /W-F0-1  /T1-F3-1 
/D:1     /W-F0-1  /T1-F0-1 /T2-T4-2 /T2-F0-1 /D:1     /W-F2-1  /T4-F2-1 /T4-F3-1 /T1-F3-1 
/T2-F3-1 /T0-T1-1 /T0-F0-1 /T2-F0-1 /T1-T0-2 /T1-F3-1 /T4-T2-3 /T4-F3-1 /T4-F1-1 /T0-F1-1 
/T0-T1-2 /T0-F0-1 /T0-F3-1 /T2-T6-5 /T2-F3-1 /T6-T2-6 /T2-T6-4 /T2-F0-1 /T6-T2-5 /T6-F2-1 
/T2-F2-1 /T1-F2-1 /T2-F1-1 /T1-F1-1 /T2-F2-1 /T1-F2-1 /T2-F1-1 /T1-F1-1 /T0-F0-1 /T2-F2-1 
/T1-F2-1 /T1-F3-1 /T2-F1-1 /T0-F1-1 /T2-F2-1 /D:1     /W-F0-1  
"
1051696,O#rX#yZE#xQfw#BMqDg#cTLatv#SeNRzAW#nJVukjHCdYhbPmlFiGIUsopK,130.500000,2556.000000,40.000000,0.638889,1,"
minimal: 0 / states: 123 / duration: 0.000145s
history:
/T5-T6-1 /T3-T1-1 /T2-T3-1 /T3-T5-2 /T3-T5-1 /T6-T3-2 /T6-F0-1 /D:1     /W-F2-1  /D:2     
/W-T1-1  /D:1     /W-T1-1  /T4-T1-1 /D:4     /W-T5-1  /T0-T5-1 /T6-T0-1 /T4-T6-1 /D:2     
/W-T0-1  /T3-T0-3 /T2-T3-1 /T1-T2-5 /W-T1-1  /T2-T3-6 /D:1     /W-T0-1  /T5-T0-6 /T5-F1-1 
/D:1     /W-F1-1  /D:1     /W-T4-1  /D:1     /W-T2-1  /T5-T2-1 /D:2     /W-T3-1  /T6-T3-2 
/T6-F3-1 /T0-F3-1 /T4-T6-2 /T6-F3-1 /T0-T1-1 /T0-F3-1 /W-T4-1  /D:5     /W-T5-1  /T6-T5-2 
/T1-T6-3 /T4-T1-2 /T4-F0-1 /T6-F0-1 /T3-F0-1 /T0-F0-1 /T3-F3-1 /T3-F0-1 /T6-T0-2 /T6-F3-1 
/T5-T3-3 /T5-F3-1 /T5-F1-1 /T0-F1-1 /W-F3-1  /D:1     /W-F2-1  /D:1     /W-F2-1  /T3-F2-1 
/T0-F2-1 /T3-F1-1 /T0-F1-1 /T3-F2-1 /T0-F2-1 /T3-F1-1 /T3-F2-1 /T0-F1-1 /T0-F2-1 /T3-F3-1 
/T0-F3-1 /T3-F2-1 /T0-F2-1 /T3-F3-1 /T0-F3-1 /T3-F2-1 /T0-F2-1 /T3-F3-1 /D:1     /W-T1-1  
/R       /D:2     /W-T2-1  /W-T2-1  /D:1     /W-T1-1  /D:2     /W-F1-1  /T1-F1-1 /D:1     
/W-F0-1  /W-F0-1  /D:1     /W-F0-1  /T2-F0-1 /T1-F0-1 /T2-F1-1 /T1-F1-1 /T2-F0-1 /T1-F0-1 
/T2-F1-1 
"
1051698,V#aB#xcE#HdWl#ReOJK#QkfpyF#gzZUTMv#IGDwYoXbNsnthrumCijALPqS,100.500000,2556.000000,42.000000,0.618056,1,"
minimal: 0 / states: 134 / duration: 0.000156s
history:
/T4-T3-1 /T0-T4-1 /D:9     /W-F3-1  /D:2     /W-F2-1  /D:2     /W-T6-1  /W-T6-1  /D:2     
/W-T4-1  /D:1     /W-T0-1  /D:3     /W-T3-1  /T6-T3-3 /T3-T6-6 /D:1     /W-F0-1  /T1-F0-1 
/T1-F1-1 /T6-T1-7 /T5-T6-1 /T5-T0-1 /T6-T4-2 /D:4     /W-T1-1  /T2-T1-1 /R       /D:1     
/W-T3-1  /T6-T3-1 /D:1     /W-T3-1  /D:4     /W-F2-1  /T5-F2-1 /T5-T3-1 /T4-T5-5 /T4-F3-1 
/T4-T5-1 /T5-T0-7 /T5-T1-1 /T6-T5-1 /W-T6-1  /D:2     /W-F1-1  /T2-F1-1 /T3-T2-5 /T3-F1-1 
/T2-T6-6 /T6-T2-8 /T0-F1-1 /T2-F1-1 /T6-F1-1 /T4-T0-1 /D:3     /W-F0-1  /D:2     /W-T5-1  
/D:1     /W-F3-1  /T1-F3-1 /T0-F3-1 /D:1     /W-F2-1  /R       /D:1     /W-F0-1  /T1-F0-1 
/T0-F0-1 /T1-F3-1 /T2-F0-1 /T0-F3-1 /T3-F0-1 /T2-F3-1 /T2-F0-1 /D:2     /W-T5-1  /W-T5-1  
/T0-T5-2 /T0-F0-1 /D:2     /W-F2-1  /W-F2-1  /T1-F2-1 /T1-F1-1 /T5-F2-1 /T1-F2-1 /T5-F3-1 
/T2-F3-1 /T5-F2-1 /T5-F3-1 /T2-F2-1 /T2-F3-1 /T0-T5-1 /T0-F2-1 /T2-F2-1 /T5-T0-2 /T5-F3-1 
/D:1     /W-F1-1  /T1-F1-1 /T0-F1-1 /T1-F0-1 /T0-F0-1 /T1-F1-1 /T0-F1-1 /T1-F0-1 
"
1051705,g#Pp#vFH#XLRq#dlTnr#MZWUtN#IhbaBAJ#OCzjVKwEeyYSusomxiDckQGf,100.500000,722.000000,33.000000,0.795455,1,"
minimal: 0 / states: 121 / duration: 0.000140s
history:
/T5-F3-1 /T0-T2-1 /D:1     /W-F3-1  /D:2     /W-T0-1  /D:2     /W-T6-1  /T2-T6-2 /T2-T6-1 
/D:4     /W-T6-1  /T3-T6-1 /D:2     /W-T0-1  /D:1     /W-T5-1  /T4-T5-1 /T4-F2-1 /D:2     
/W-T4-1  /T3-T4-1 /D:1     /W-F2-1  /T1-F2-1 /T1-F3-1 /T6-F2-1 /T5-F2-1 /D:1     /W-T1-1  
/T3-T1-1 /T6-T3-6 /T6-F0-1 /T6-F0-1 /T6-F1-1 /T6-F1-1 /T5-T6-2 /T5-T2-1 /T2-T5-2 /T3-T1-7 
/D:1     /W-T0-1  /T5-T0-3 /T5-T2-1 /D:2     /W-T1-1  /D:1     /W-F1-1  /D:2     /W-F3-1  
/T4-F3-1 /T4-F2-1 /T6-F3-1 /T4-F3-1 /T4-T5-1 /T0-F3-1 /T6-T0-2 /T0-F2-1 /T4-F1-1 /D:1     
/W-T0-1  /D:1     /W-T0-1  /R       /D:1     /W-F0-1  /T1-F0-1 /T1-F1-1 /T0-F1-1 /D:2     
/W-T5-1  /W-T5-1  /T6-T5-1 /D:2     /W-F0-1  /T1-F0-1 /T0-F0-1 /T1-F1-1 /T0-F1-1 /T1-F0-1 
/T5-F0-1 /T1-F3-1 /T1-F0-1 /T0-T5-1 /T0-F3-1 /T1-F3-1 /T5-T0-2 /T5-F0-1 /T1-F0-1 /T0-T5-3 
/T0-F3-1 /T2-F3-1 /T5-T0-4 /T5-F0-1 /D:1     /W-T1-1  /D:1     /W-F2-1  /T0-F2-1 /W-F2-1  
/D:1     /W-F1-1  /T0-F1-1 /T0-F2-1 /T1-F2-1 /D:1     /W-F1-1  /T0-F1-1 /T0-F2-1 /T1-F1-1 
"
1051773,J#Iw#rZv#AtTN#cLEph#QPfCsk#geVOyHG#lzdmRBSWqMDojinUYxKFbXua,121.500000,1790.000000,60.000000,0.547368,1,"
minimal: 0 / states: 132 / duration: 0.000163s
history:
/T3-F3-1 /T6-T4-1 /T4-T2-2 /T3-T6-1 /T1-T5-1 /D:7     /W-T2-1  /D:7     /W-T0-1  /T6-T0-2 
/T5-T6-2 /T5-T0-1 /D:1     /W-F2-1  /D:1     /W-T1-1  /T3-T1-1 /T3-F0-1 /D:5     /W-T4-1  
/D:3     /W-F1-1  /T4-F1-1 /R       /D:2     /W-T3-1  /W-T3-1  /D:3     /W-T0-1  /D:1     
/W-F0-1  /T5-F0-1 /T5-T1-1 /D:2     /W-T0-1  /T5-T0-1 /T4-T5-1 /T4-T1-1 /T5-T1-2 /D:1     
/W-T5-1  /D:1     /W-F0-1  /D:1     /W-F2-1  /T1-F2-1 /D:2     /W-T5-1  /D:1     /W-T3-1  
/W-T3-1  /T2-T3-4 /T6-T2-3 /T6-F3-1 /T0-F3-1 /T1-F3-1 /T6-T2-1 /T0-F2-1 /T0-F3-1 /T6-T0-1 
/T1-F0-1 /T3-F3-1 /T0-T6-2 /T0-F3-1 /T6-T0-3 /T2-T6-5 /T2-F2-1 /D:1     /W-T5-1  /W-T5-1  
/W-T2-1  /T4-T2-1 /T4-F1-1 /W-F1-1  /T0-F1-1 /T0-F2-1 /T1-F1-1 /T1-F2-1 /T0-F1-1 /T1-F3-1 
/T6-F3-1 /T5-F3-1 /D:1     /W-F0-1  /T3-F0-1 /T0-F0-1 /T3-F1-1 /T1-F0-1 /T0-F1-1 /T0-F0-1 
/T5-F0-1 /T2-F0-1 /D:1     /W-F3-1  /T5-F3-1 /T5-F0-1 /T6-T2-3 /T6-F3-1 /D:1     /W-F2-1  
/T3-F2-1 /T2-F2-1 /T3-F1-1 /T2-F1-1 /T3-F2-1 /T2-F2-1 /T3-F1-1 /T2-F1-1 /T3-F2-1 
"
1051799,Q#Gv#gfw#KcBl#NXnOM#hYSZDj#VRFUpAs#teLWTdEaorbJxqmHCIuikyPz,164.000000,2235.000000,59.000000,0.612069,1,"
minimal: 0 / states: 130 / duration: 0.000157s
history:
/T3-T4-1  /T1-T5-1  /D:2      /W-T6-1   /D:6      /W-F1-1   /D:3      /W-F1-1   /D:2      /W-T4-1   
/T5-T4-2  /T5-T6-1  /D:4      /W-T0-1   /D:3      /W-T2-1   /W-T2-1   /D:2      /W-T5-1   /W-T5-1   
/T2-T5-3  /T2-T1-1  /T6-T2-3  /T6-F0-1  /T3-F0-1  /T3-F1-1  /T2-T5-4  /T4-T2-5  /T4-T0-1  /T4-F2-1  
/T0-T6-1  /T0-F0-1  /T6-T0-2  /T6-T2-1  /T1-T2-2  /T5-T1-10 /T1-F0-1  /D:2      /R        /D:3      
/W-T3-1   /D:2      /W-F1-1   /T1-F1-1  /T2-F1-1  /T5-T2-1  /T3-T5-2  /D:1      /W-F0-1   /T6-F0-1  
/T6-T1-1  /D:1      /W-F2-1   /D:1      /W-T2-1   /T0-T2-3  /D:1      /W-T4-1   /T6-T4-1  /D:1      
/W-T1-1   /D:1      /W-T0-1   /D:1      /W-T4-1   /W-T4-1   /W-T0-1   /T4-T0-5  /T4-F3-1  /T2-F3-1  
/T2-F2-1  /T1-F2-1  /T1-T0-2  /T1-F1-1  /D:1      /W-T5-1   /D:1      /W-F3-1   /T2-F3-1  /T0-F3-1  
/T2-F2-1  /T0-F2-1  /T2-F3-1  /T0-F3-1  /T2-F0-1  /T0-F0-1  /W-F2-1   /T1-F2-1  /T2-F3-1  /T0-F3-1  
/T2-F2-1  /T5-F0-1  /T5-F3-1  /T0-F0-1  /T0-F3-1  /T5-F0-1  /T5-F3-1  /T5-F1-1  /T1-F1-1  /T1-F2-1  
/T2-F1-1  /T1-F1-1  /T0-F0-1  /T2-F2-1  /T1-F2-1  /T1-F3-1  /T2-F1-1  /T0-F1-1  /T2-F0-1  /D:1      
/W-F2-1   
"
1051808,q#CN#XEt#fRdO#sIrnp#VMxGPy#HDeuojQ#gLiaTlKZvbzwFJUcmSYABkWh,124.500000,3322.000000,56.000000,0.576531,1,"
minimal: 0 / states: 125 / duration: 0.000164s
history:
/T1-F3-1 /T3-F3-1 /T4-T3-1 /T4-F2-1 /T6-T4-1 /T1-T4-1 /D:4     /W-F1-1  /D:4     /W-T1-1  
/T5-T1-1 /T5-F3-1 /D:1     /W-T6-1  /D:1     /W-F1-1  /D:5     /W-T6-1  /T5-T6-1 /T6-T5-4 
/T6-F2-1 /T3-F2-1 /T0-F2-1 /T4-T3-1 /T4-F3-1 /T4-F2-1 /D:1     /W-F1-1  /D:1     /W-T0-1  
/D:1     /W-T2-1  /F2-T2-1 /T3-T2-2 /T3-F3-1 /T2-T3-3 /T2-F3-1 /T3-T2-4 /D:2     /W-F0-1  
/D:1     /W-F0-1  /T2-F0-1 /T2-F1-1 /T2-F2-1 /D:1     /W-T1-1  /D:2     /W-T4-1  /T2-T4-2 
/T2-T4-1 /R       /D:1     /W-T6-1  /D:1     /W-T0-1  /T2-T0-1 /D:2     /W-F3-1  /D:3     
/W-T2-1  /D:1     /W-T0-1  /D:1     /W-T6-1  /D:1     /W-T1-1  /D:1     /W-T2-1  /T5-T2-5 
/T5-T3-1 /T6-T5-3 /T6-F1-1 /T6-F0-1 /T4-F0-1 /T4-F1-1 /T5-F0-1 /T2-F0-1 /T2-F3-1 /T5-F1-1 
/T6-F0-1 /T4-T2-2 /T4-F0-1 /T4-F2-1 /T2-F2-1 /T2-F1-1 /T5-F2-1 /T2-F2-1 /T5-F3-1 /T0-F2-1 
/T1-F0-1 /W-F0-1  /W-T3-1  /W-F1-1  /T2-F1-1 /T1-F1-1 /T2-F2-1 /T3-F1-1 /T1-F2-1 /T0-T1-2 
/T0-F1-1 /T2-T3-1 /T2-F2-1 /D:1     /W-F3-1  /T1-F3-1 /T1-F0-1 /T3-F3-1 /T1-F3-1 /T3-F0-1 
"
1051871,f#LX#zCT#Ugqs#QYhFW#rtjpNu#xKRiIPa#ekloAZESwmnvyVHMBJbDOGcd,108.500000,1523.000000,36.000000,0.818681,1,"
minimal: 0 / states: 118 / duration: 0.000150s
history:
/T6-F1-1 /T3-T2-1 /T6-T3-1 /T6-T4-1 /T5-T6-1 /T5-F3-1 /T2-T6-2 /D:1     /W-T6-1  /T3-T6-2 
/D:3     /W-T6-1  /D:1     /W-F0-1  /D:2     /W-T0-1  /D:2     /W-T1-1  /T6-T1-8 /D:2     
/W-F2-1  /T1-F2-1 /T5-F2-1 /D:1     /W-T5-1  /D:5     /W-F0-1  /T2-F0-1 /D:2     /W-F1-1  
/D:1     /W-F0-1  /T0-F0-1 /D:1     /W-F3-1  /T1-F3-1 /T1-F2-1 /D:2     /W-F1-1  /D:1     
/W-F1-1  /T1-F1-1 /T6-T1-1 /T4-T6-2 /T4-F0-1 /T4-T5-1 /T4-T2-1 /T4-F3-1 /T1-F3-1 /T6-T2-3 
/T5-T6-3 /T5-T6-1 /T5-F2-1 /T0-F1-1 /T1-F2-1 /T3-F1-1 /T6-F2-1 /T6-F1-1 /W-F0-1  /T3-T2-1 
/R       /D:3     /W-T0-1  /D:1     /W-F3-1  /T1-F3-1 /T1-F2-1 /T2-F3-1 /T6-F2-1 /T1-F1-1 
/T1-F2-1 /T6-F1-1 /T6-F2-1 /D:1     /W-T3-1  /D:1     /W-T0-1  /T1-T0-1 /T1-T3-1 /T0-T3-1 
/T0-F2-1 /D:1     /W-F3-1  /D:1     /W-F0-1  /T2-F0-1 /T2-F3-1 /T3-F3-1 /D:1     /W-T1-1  
/T2-T1-2 /T2-F2-1 /D:1     /W-F0-1  /T1-F0-1 /T1-F3-1 /T0-F3-1 /T3-F0-1 /T1-F0-1 /R       
/D:1     /W-F1-1  /D:1     /W-F1-1  /T3-F1-1 
"
1051903,p#GO#WJz#cImr#qMfdF#LXkiNA#UgTVywS#tZHnvoealKYuhjQbDCsEBPRx,169.500000,1026.000000,52.000000,0.671053,1,"
minimal: 0 / states: 121 / duration: 0.000157s
history:
/T5-F0-1 /T5-F3-1 /T1-F3-1 /T6-T1-1 /T3-T1-1 /T5-T6-1 /T6-T5-2 /T6-T3-1 /T5-T3-3 /D:3     
/W-T3-1  /D:1     /W-F2-1  /D:2     /W-F2-1  /T0-F2-1 /T2-T0-1 /T6-T2-1 /T4-T6-1 /T4-T1-1 
/T6-T3-2 /T2-T5-2 /W-T2-1  /D:1     /W-T3-1  /D:1     /W-F1-1  /D:1     /W-T0-1  /D:1     
/W-T0-1  /T2-T0-2 /T3-T2-9 /D:2     /W-T5-1  /T6-T5-1 /T1-T6-4 /T6-T0-5 /D:1     /W-T3-1  
/D:3     /W-F1-1  /D:1     /W-T2-1  /D:1     /W-T0-1  /D:1     /W-T5-1  /D:1     /W-T4-1  
/W-T4-1  /D:1     /W-F0-1  /T0-F0-1 /T2-F0-1 /D:1     /W-F3-1  /T4-F3-1 /T4-F0-1 /T2-T5-1 
/T2-F0-1 /D:1     /W-F3-1  /T0-T4-2 /T0-F3-1 /T4-T0-3 /T4-T1-1 /T2-F3-1 /T4-F2-1 /T0-T3-4 
/T0-F3-1 /D:1     /R       /D:2     /W-T4-1  /D:1     /W-T1-1  /D:2     /W-T1-1  /W-T1-1  
/T3-T1-6 /T3-F1-1 /T1-F1-1 /T1-F2-1 /T5-F1-1 /T1-F1-1 /T1-F0-1 /T5-F2-1 /T5-F1-1 /T2-F0-1 
/W-F2-1  /T1-F1-1 /T1-F0-1 /T5-F2-1 /T0-F2-1 /T2-F1-1 /T1-F1-1 /T5-F3-1 /T0-F3-1 /T2-F2-1 
/T1-F2-1 /T5-F0-1 /T0-F0-1 /T2-F1-1 /T0-F1-1 /T5-F3-1 /T1-F3-1 /T2-F2-1 /T0-F2-1 /T5-F0-1 
/T1-F0-1 /T2-F1-1 /T4-F3-1 
"
1051923,A#GZ#pSw#hgKl#INeyb#iXfMPu#zYCjmvx#QqDnVrTaWBEJoURHtdsOcFLk,150.500000,2067.000000,48.000000,0.550000,1,"
minimal: 0 / states: 121 / duration: 0.000138s
history:
/T0-F0-1 /T6-T3-1 /T1-T0-1 /D:4     /W-F2-1  /D:1     /W-T2-1  /T5-T2-1 /D:2     /W-T2-1  
/D:1     /W-F1-1  /T4-F1-1 /T4-T0-1 /D:1     /W-T3-1  /T6-T3-1 /D:1     /W-F0-1  /D:3     
/W-F2-1  /D:1     /W-T3-1  /T1-T3-1 /T6-T1-1 /D:5     /W-T2-1  /T4-T2-1 /T4-F3-1 /T4-T6-1 
/D:1     /W-F3-1  /T5-F3-1 /T3-T5-6 /T5-T4-7 /T6-T3-2 /T6-F0-1 /T3-T6-3 /T5-T4-1 /T2-T5-6 
/T5-T0-7 /D:1     /W-F1-1  /W-F1-1  /T0-F1-1 /T4-F1-1 /T3-F1-1 /T2-T4-1 /T2-F2-1 /T3-F1-1 
/T5-F1-1 /D:2     /W-T1-1  /D:1     /W-T1-1  /R       /D:1     /W-F3-1  /D:1     /W-F2-1  
/D:1     /W-F0-1  /D:1     /W-F2-1  /T0-F2-1 /D:1     /W-F0-1  /D:1     /W-T1-1  /D:1     
/W-F3-1  /T4-F3-1 /T0-F3-1 /D:2     /W-F2-1  /T0-F2-1 /T4-T6-2 /T4-F2-1 /T6-T4-3 /T6-F1-1 
/T0-T1-1 /T0-F2-1 /T1-T0-2 /T1-F1-1 /T4-T6-4 /T4-F2-1 /T4-F1-1 /T6-T4-6 /T0-T1-3 /T0-F2-1 
/T6-F2-1 /T1-T0-4 /T1-F1-1 /W-T0-1  /D:1     /W-F0-1  /T4-F0-1 /T0-F0-1 /T4-F3-1 /T0-F3-1 
/T4-F0-1 /T0-F0-1 /T4-F3-1 /T0-F3-1 /T4-F0-1 /T0-F0-1 /T4-F3-1 /T0-F3-1 /T4-F0-1 
"
1051932,E#DY#myX#Zuxn#qbljP#rpGJSO#WFURsiM#gchVIeQdAoCLzwkNvfKaHBtT,147.000000,1952.000000,41.000000,0.655556,1,"
minimal: 0 / states: 117 / duration: 0.000129s
history:
/T3-F2-1 /T3-T1-1 /T1-T6-2 /T4-T1-1 /T4-T6-1 /D:1     /W-T3-1  /D:4     /W-T6-1  /D:2     
/W-T0-1  /D:2     /W-F0-1  /D:1     /W-F2-1  /D:1     /W-T0-1  /T5-T0-1 /T0-T5-4 /T6-T0-5 
/T3-T6-2 /D:1     /W-T3-1  /T2-T3-1 /D:2     /W-T3-1  /T6-T3-3 /T6-T3-1 /T6-T3-1 /T6-T0-1 
/T1-T3-2 /W-T1-1  /T4-T1-1 /D:1     /W-T2-1  /D:1     /W-F3-1  /T5-F3-1 /T4-T5-1 /T3-F3-1 
/D:3     /W-T1-1  /D:1     /W-F1-1  /T5-F1-1 /D:2     /W-F0-1  /T5-F0-1 /T3-F0-1 /T5-F3-1 
/T3-F3-1 /T5-F0-1 /T5-F3-1 /T6-F0-1 /T5-T2-1 /T5-F0-1 /T5-F2-1 /T4-F2-1 /T5-F2-1 /T3-F2-1 
/W-F0-1  /T6-T1-1 /D:1     /W-F2-1  /D:1     /W-F3-1  /T0-F3-1 /T0-F0-1 /T2-F0-1 /R       
/D:1     /W-F1-1  /D:2     /W-F3-1  /T1-F3-1 /T1-F0-1 /T3-T2-4 /T3-F3-1 /T3-F0-1 /T2-T3-6 
/T0-T1-2 /T0-F3-1 /T0-F0-1 /T3-T2-6 /T3-F3-1 /D:2     /W-F1-1  /W-F1-1  /D:1     /W-T1-1  
/W-T1-1  /D:1     /W-F1-1  /T2-F1-1 /T1-F1-1 /T2-F2-1 /T1-F2-1 /T2-F1-1 /T1-F1-1 /T2-F2-1 
/T1-F2-1 /T2-F1-1 /T1-F1-1 /T2-F2-1 /T1-F2-1 /T2-F1-1 
"
1060116,z#KB#beI#UJAl#gLfyR#xTrCNt#mknQoHD#svXOhpidYuMcwZFPaEjSqWVG,124.000000,1485.000000,52.000000,0.629213,1,"
minimal: 0 / states: 136 / duration: 0.000162s
history:
/T6-T4-1 /T3-T0-1 /T3-F0-1 /T1-F0-1 /T1-T0-1 /D:5     /W-T2-1  /T5-T2-1 /T5-F3-1 /W-F3-1  
/T5-F0-1 /T4-F0-1 /D:2     /W-T3-1  /T6-T3-1 /D:1     /W-T5-1  /W-T5-1  /D:3     /W-T1-1  
/D:5     /W-F3-1  /D:1     /W-F1-1  /D:1     /W-F0-1  /W-F0-1  /D:1     /W-T0-1  /T2-T0-3 
/D:1     /W-T0-1  /T5-T0-3 /T5-T3-1 /F0-T3-1 /T4-T3-1 /D:1     /W-T2-1  /F3-T2-1 /T6-T2-1 
/D:1     /W-T5-1  /D:2     /R       /D:2     /W-T5-1  /D:1     /W-T4-1  /T3-T4-6 /T3-T5-1 
/D:1     /W-T1-1  /T5-T1-4 /D:4     /W-T3-1  /T4-T3-8 /F0-T4-1 /T6-T4-1 /T6-F2-1 /T2-F2-1 
/T2-F3-1 /T0-F2-1 /T4-F3-1 /T2-F2-1 /T3-F3-1 /T2-T3-1 /T2-F1-1 /T4-F0-1 /T0-T4-2 /T0-F3-1 
/T4-T0-3 /T6-T4-1 /T4-T6-2 /T3-T4-2 /T3-F3-1 /T1-F3-1 /W-T6-1  /W-F1-1  /T0-F1-1 /T0-F2-1 
/T4-F1-1 /T0-F1-1 /T4-F0-1 /T4-F1-1 /D:1     /W-F3-1  /D:1     /W-F0-1  /T3-F0-1 /T0-T1-2 
/T0-F0-1 /T1-T0-3 /T1-F3-1 /T3-T6-1 /T3-F0-1 /T3-F3-1 /T0-T1-4 /T0-F0-1 /T1-T0-5 /T1-F3-1 
/T6-T3-3 /T6-F0-1 /T1-F0-1 /T3-T6-4 /T3-F3-1 /W-T6-1  /W-F2-1  /T0-F2-1 /T0-F1-1 /T6-F2-1 
/T0-F2-1 /T6-F1-1 /T0-F1-1 /T6-F2-1 /T0-F2-1 /T6-F1-1 /T0-F1-1 /T6-F2-1 /T0-F2-1 /T6-F1-1 
"
1060323,Y#Uk#tjo#uZNd#XRKGJ#iQsCyb#MDwzIOr#xehTvfLnqAFWlcSVamEHPBgp,167.500000,1564.000000,49.000000,0.582474,1,"
minimal: 0 / states: 123 / duration: 0.000147s
history:
/T4-T1-1  /T3-T6-1  /T3-F3-1  /D:1      /W-T0-1   /D:5      /W-T4-1   /T6-T4-2  /T6-F3-1  /D:1      
/W-T3-1   /T1-T3-2  /T4-T1-4  /T1-T6-5  /T3-T1-4  /D:1      /W-F2-1   /T2-F2-1  /T6-T2-6  /T2-T0-7  
/T0-T6-9  /T6-T0-10 /D:2      /W-F0-1   /D:2      /W-T4-1   /D:3      /W-T2-1   /D:1      /W-T1-1   
/T3-T1-1  /D:1      /W-F1-1   /T5-F1-1  /W-F1-1   /T0-F1-1  /D:1      /W-T3-1   /T5-T3-1  /F1-T0-1  
/T5-T0-1  /D:1      /W-T2-1   /D:2      /W-F3-1   /D:1      /W-F0-1   /T0-F0-1  /T0-F1-1  /D:1      
/W-T1-1   /T5-T1-1  /T5-F3-1  /W-T5-1   /T5-T6-2  /D:1      /W-F2-1   /R        /D:1      /W-F1-1   
/D:2      /W-T6-1   /D:1      /W-T4-1   /W-T4-1   /T2-T4-3  /D:1      /W-F2-1   /T0-F2-1  /T0-F1-1  
/T1-F2-1  /T1-F1-1  /T4-T0-2  /T4-F2-1  /T1-F2-1  /T4-F1-1  /T4-F2-1  /T6-T1-2  /T6-F1-1  /T6-F2-1  
/T6-F0-1  /T0-F0-1  /T0-T4-4  /T0-F1-1  /T0-F2-1  /T4-T0-6  /T4-F3-1  /T0-F3-1  /T1-F3-1  /T3-F2-1  
/T0-T6-6  /T0-F2-1  /T1-T4-3  /T1-F1-1  /T4-T1-4  /D:1      /W-F0-1   /T6-F0-1  /T1-F0-1  /T6-F3-1  
/T1-F3-1  /T6-F0-1  /T1-F0-1  /T6-F3-1  /T1-F3-1  /T6-F0-1  /T1-F0-1  /T6-F3-1  /T1-F3-1  /T6-F0-1  
/D:1      /W-F1-1   /T3-F1-1  
"
1060376,A#pU#esJ#Zuzj#TqXDb#xdGSti#MBEkWaY#NQHvolVLIgmRKCwcnrhFPfOy,98.500000,2214.000000,45.000000,0.664634,1,"
minimal: 0 / states: 123 / duration: 0.000150s
history:
/T0-F0-1 /T5-T2-1 /T5-T1-1 /T5-T1-1 /D:1     /W-F3-1  /D:2     /W-T2-1  /D:1     /W-T3-1  
/T1-T3-3 /T4-T1-1 /D:6     /W-T2-1  /D:1     /W-T0-1  /D:2     /W-T6-1  /T3-T6-5 /T6-T3-7 
/T6-F1-1 /T1-F1-1 /D:3     /W-F1-1  /D:1     /W-F2-1  /D:1     /W-T3-1  /D:2     /W-T2-1  
/D:1     /W-T4-1  /D:1     /W-T5-1  /D:1     /W-F3-1  /T4-F3-1 /D:1     /W-T0-1  /R       
/D:1     /W-F3-1  /D:1     /W-F2-1  /T1-F2-1 /T3-T1-9 /D:4     /W-T6-1  /D:1     /W-T2-1  
/T4-T2-1 /T2-T4-7 /T4-T0-8 /T4-F2-1 /T2-T4-1 /T1-F2-1 /T4-F2-1 /T0-T2-1 /T0-F3-1 /T1-F3-1 
/T1-F2-1 /T3-F2-1 /T5-T1-2 /T5-F1-1 /T6-T5-2 /W-T3-1  /T6-T3-1 /T6-T1-1 /T6-F0-1 /T4-F3-1 
/T1-T5-4 /T1-F2-1 /T2-T0-2 /D:1     /W-F0-1  /T0-F0-1 /T0-F1-1 /T5-F0-1 /T0-F0-1 /T5-F1-1 
/T0-F1-1 /T5-F0-1 /T0-F0-1 /T5-F3-1 /W-F3-1  /T5-F0-1 /T5-F3-1 /T0-T3-2 /T0-F3-1 /W-T6-1  
/T1-T6-2 /T1-F3-1 /D:1     /W-F2-1  /T5-F2-1 /T0-F2-1 /T1-F2-1 /T3-T0-4 /T3-F3-1 /D:1     
/W-F1-1  /T0-F1-1 /T0-F0-1 /T6-F1-1 /T0-F1-1 /T6-F0-1 /T0-F0-1 /T6-F1-1 /T0-F1-1 /T6-F0-1 
"
1060435,x#Pp#qTN#JjQt#LzbCF#Omolna#rBIZcdU#yVXREvkWgGfKhSDuMsYewHAi,114.000000,2137.000000,52.000000,0.614458,1,"
minimal: 0 / states: 124 / duration: 0.000139s
history:
/T2-F3-1 /T5-F1-1 /T5-F2-1 /T4-T2-1 /T3-T6-1 /T4-T3-1 /T4-F1-1 /T5-T4-1 /T5-F2-1 /T1-F2-1 
/T0-T4-1 /T4-T0-3 /T4-T5-1 /T5-T4-2 /T5-F3-1 /T1-F3-1 /D:3     /W-T4-1  /D:1     /W-T2-1  
/D:4     /W-T0-1  /D:3     /W-T6-1  /D:4     /W-T2-1  /D:2     /W-T1-1  /D:2     /W-T1-1  
/D:2     /W-T4-1  /D:2     /W-F0-1  /D:1     /W-T4-1  /W-T4-1  /T2-T4-4 /T2-F2-1 /R       
/D:3     /W-T6-1  /T3-T6-2 /D:1     /W-T0-1  /T6-T0-6 /T0-T6-1 /T0-F3-1 /T6-T0-2 /T6-F1-1 
/T6-T2-1 /T6-T3-1 /T6-F0-1 /T0-F0-1 /T0-F1-1 /T4-F0-1 /T0-F0-1 /T4-F3-1 /T6-F2-1 /T4-F0-1 
/D:3     /W-F0-1  /D:1     /W-T1-1  /T3-T1-2 /D:1     /W-T1-1  /D:1     /W-F3-1  /T4-F3-1 
/T4-F0-1 /T0-T1-2 /T0-F3-1 /T1-T0-3 /T1-F0-1 /T3-F0-1 /D:1     /W-T4-1  /W-T4-1  /D:1     
/W-F2-1  /D:1     /W-F1-1  /T0-F1-1 /T0-F2-1 /T4-F1-1 /T0-F1-1 /T4-F2-1 /T0-F2-1 /T4-F1-1 
/T1-F1-1 /T1-F0-1 /T4-F2-1 /W-F1-1  /W-F3-1  /T0-F3-1 /T0-F2-1 /T0-F1-1 /T4-F3-1 /T1-F3-1 
/T4-F0-1 /T1-F0-1 /W-F2-1  /T0-F2-1 /T2-F3-1 /T4-F1-1 
"
1060691,r#UP#pdf#oTBN#bDzQu#HCFslK#hVxtkgI#yEOjinaYwZLmvWSMXqAJecGR,132.000000,3741.000000,55.000000,0.556701,1,"
minimal: 0 / states: 130 / duration: 0.000147s
history:
/T3-F3-1 /T3-T1-1 /T3-T4-1 /T0-T2-1 /D:3     /W-F3-1  /D:1     /W-T5-1  /T6-T5-1 /D:2     
/W-F2-1  /T3-F2-1 /D:1     /W-F1-1  /D:3     /W-T0-1  /D:1     /W-T0-1  /D:1     /W-T3-1  
/D:5     /W-T0-1  /D:2     /W-F0-1  /T1-F0-1 /T1-F3-1 /T1-T5-1 /D:1     /W-T0-1  /D:3     
/W-T5-1  /T2-T5-2 /T2-T5-1 /T2-F2-1 /D:1     /R       /D:1     /W-T3-1  /D:2     /W-T0-1  
/T4-T0-2 /T4-F3-1 /T4-T1-1 /D:1     /W-T1-1  /T5-T1-8 /D:5     /W-T2-1  /T5-T2-1 /T5-T0-1 
/T5-T6-1 /T5-F0-1 /T4-F0-1 /T4-F1-1 /T6-T5-2 /T6-T3-1 /W-T6-1  /D:1     /W-F2-1  /D:1     
/W-T0-1  /D:1     /W-F1-1  /T1-F1-1 /T0-F1-1 /T1-F2-1 /T0-F2-1 /T1-F1-1 /T6-T1-1 /T6-F2-1 
/T6-T2-1 /T5-T0-1 /T5-F1-1 /T0-T5-2 /T0-F2-1 /W-T2-1  /W-F2-1  /W-T3-1  /W-F0-1  /T6-T3-1 
/T5-F0-1 /T6-F1-1 /T0-F1-1 /T1-T2-4 /T1-F1-1 /T3-T0-1 /T3-F2-1 /T3-F1-1 /T2-T1-5 /T2-F2-1 
/T2-F1-1 /T3-F2-1 /T3-F1-1 /T1-T2-7 /T1-F2-1 /T5-T0-2 /D:1     /W-F3-1  /T2-F3-1 /T0-F3-1 
/T2-F0-1 /T0-F0-1 /T2-F3-1 /T0-F3-1 /T2-F0-1 /T0-F0-1 /T2-F3-1 /T0-F3-1 /T2-F0-1 /T0-F0-1 
/T2-F3-1 /T0-F3-1 /T2-F0-1 
"
1060707,E#Rp#qTN#mkvt#UsILa#lJycbH#uDwodOh#XAZGgefxQSBzYWrnMiPFCjKV,157.000000,3492.000000,49.000000,0.606742,1,"
minimal: 0 / states: 120 / duration: 0.000144s
history:
/T2-F3-1 /T4-F1-1 /T3-T6-1 /T6-T3-2 /T6-F3-1 /T6-T0-1 /T1-T0-1 /T2-T5-1 /T2-T1-1 /D:1     
/W-T4-1  /D:1     /W-F0-1  /D:1     /W-T2-1  /T4-T2-2 /D:4     /W-T3-1  /T0-T3-3 /D:4     
/W-F0-1  /D:1     /W-T0-1  /D:1     /W-T0-1  /D:3     /W-F2-1  /T6-F2-1 /T6-T2-1 /T3-F2-1 
/T1-F2-1 /T6-T1-1 /W-F2-1  /D:2     /W-T2-1  /T5-T2-2 /T5-F1-1 /T5-F1-1 /T3-F1-1 /D:1     
/W-F3-1  /D:1     /W-T2-1  /T1-T2-2 /W-T1-1  /D:1     /W-F0-1  /T2-F0-1 /T3-F0-1 /D:2     
/W-T0-1  /W-T0-1  /T3-T0-4 /T3-T5-1 /T5-T3-2 /T5-T3-1 /T5-T1-1 /D:1     /W-T3-1  /T6-T3-1 
/R       /D:2     /W-T3-1  /D:1     /W-F1-1  /T0-F1-1 /T3-F1-1 /D:1     /W-T1-1  /D:1     
/W-F3-1  /T2-F3-1 /T2-F0-1 /W-F0-1  /T2-T3-1 /T2-F0-1 /T4-F0-1 /T4-F2-1 /T0-F2-1 /T0-F1-1 
/T2-F1-1 /T3-T2-3 /T3-F0-1 /T0-T1-2 /T0-F0-1 /T4-T1-1 /D:1     /W-F3-1  /T2-F3-1 /T1-F3-1 
/T2-F2-1 /T1-F2-1 /T1-F1-1 /T2-F3-1 /T2-F2-1 /T3-F1-1 /T1-F2-1 /T1-F1-1 /T3-F2-1 /T3-F1-1 
/T0-T1-1 /T0-F2-1 /D:1     /W-F3-1  /T2-F3-1 /T1-F3-1 /T2-F0-1 /T1-F0-1 /T2-F3-1 
"
1061293,q#Hd#DrF#WepY#LwPSG#jNXCoz#tRQiaIA#MfOBkEJvlUxgVKcuhbZynTsm,114.500000,1892.000000,35.000000,0.821918,1,"
minimal: 0 / states: 116 / duration: 0.000135s
history:
/T6-F0-1 /T3-T5-1 /T3-T1-1 /T3-T2-1 /T6-T3-1 /T6-F1-1 /T0-T2-1 /T5-T0-2 /D:2     /W-T4-1  
/D:1     /W-T1-1  /D:1     /W-F0-1  /D:2     /W-T4-1  /T1-T4-3 /T1-T6-1 /D:4     /W-T3-1  
/T4-T3-6 /D:1     /W-T0-1  /T3-T0-9 /D:1     /W-T6-1  /T2-T6-3 /T2-T4-1 /D:3     /W-T2-1  
/T5-T2-1 /T5-F0-1 /T2-T6-2 /T2-F0-1 /T0-T4-3 /T0-F0-1 /D:3     /W-F1-1  /D:1     /W-T1-1  
/D:1     /W-T1-1  /T5-T1-1 /T5-F3-1 /T4-F3-1 /D:1     /W-F2-1  /T6-F2-1 /T4-F2-1 /T6-F1-1 
/T4-F1-1 /T6-F2-1 /T6-F1-1 /T0-F1-1 /T4-T0-2 /T4-F3-1 /T6-T4-4 /T6-F3-1 /T0-F2-1 /T6-F3-1 
/T0-F3-1 /T4-F0-1 /T0-F0-1 /T4-T1-4 /T1-F1-1 /T1-F0-1 /W-F1-1  /T1-F1-1 /T5-F1-1 /T6-T0-1 
/D:1     /W-F3-1  /D:1     /W-F2-1  /T0-F2-1 /T0-F3-1 /T0-F0-1 /W-F2-1  /D:1     /W-T2-1  
/T4-T2-1 /R       /D:1     /W-T3-1  /D:1     /W-F1-1  /D:1     /W-F0-1  /D:1     /W-F2-1  
/T1-F2-1 /D:1     /W-F1-1  /D:1     /W-F3-1  /T0-F3-1 /T0-F2-1 /T1-F3-1 /T1-F2-1 /T0-F3-1 
/T0-F2-1 /T1-F3-1 /D:1     /W-F0-1  /T2-F0-1 /T2-F1-1 /T3-F0-1 
"
1070160,z#Nk#JGy#cYpQ#WlOos#uitHUf#gVRPjmT#abqBCvnDXIKLMexFwAZhrdES,123.500000,2850.000000,47.000000,0.658537,1,"
minimal: 0 / states: 123 / duration: 0.000141s
history:
/T4-T6-1 /T1-T2-1 /T1-F3-1 /D:1     /W-F1-1  /D:1     /W-F1-1  /D:3     /W-T3-1  /D:2     
/W-F2-1  /T4-F2-1 /T4-F3-1 /T4-T0-1 /W-T4-1  /D:4     /W-T0-1  /T4-T0-2 /D:2     /W-T1-1  
/D:1     /W-T6-1  /D:3     /W-T2-1  /D:1     /W-F0-1  /D:1     /W-T4-1  /T2-T4-3 /T5-T2-1 
/T5-T0-1 /T6-T5-3 /T2-T0-2 /D:2     /W-T0-1  /T3-T0-2 /T3-F2-1 /T3-T1-1 /T3-F1-1 /T6-T3-1 
/D:1     /W-F1-1  /T5-F1-1 /D:2     /R       /D:1     /W-F2-1  /D:1     /W-F0-1  /T0-F0-1 
/D:1     /W-F0-1  /D:2     /W-T6-1  /D:1     /W-T3-1  /W-T3-1  /T2-T3-1 /D:1     /W-T1-1  
/T6-T1-2 /T6-F3-1 /T0-F3-1 /T0-F2-1 /T6-F3-1 /T5-F2-1 /T5-T6-2 /T5-F2-1 /T5-T3-1 /T6-T4-3 
/T0-F1-1 /T5-F2-1 /T6-F1-1 /T0-T1-2 /T0-F2-1 /D:1     /W-T4-1  /D:1     /W-F1-1  /T3-F1-1 
/T1-T0-3 /T1-F1-1 /T4-T3-4 /T4-F2-1 /T1-F2-1 /T4-F1-1 /T4-F2-1 /T0-T1-5 /T0-F1-1 /T0-F2-1 
/T3-T4-7 /T3-F1-1 /D:1     /W-F0-1  /T4-F0-1 /T1-F0-1 /D:1     /W-F3-1  /T4-F3-1 /T1-F3-1 
/T4-F0-1 /T1-F0-1 /T4-F3-1 /T1-F3-1 /T4-F0-1 /T1-F0-1 /T4-F3-1 /T1-F3-1 /T4-F0-1 /T1-F0-1 
/T4-F3-1 
"
1070406,S#Yr#WnU#HKla#qEDwy#QLcmiz#gBjPVRI#JANufCehOTGFptobsvXZxkdM,102.500000,1076.000000,45.000000,0.620000,1,"
minimal: 0 / states: 122 / duration: 0.000136s
history:
/T3-F1-1 /T2-T6-1 /T2-F2-1 /T6-T2-2 /T3-T5-1 /T1-T0-1 /T3-T1-1 /T2-T1-3 /T5-T2-2 /T3-T5-1 
/D:2     /W-F0-1  /D:1     /W-F3-1  /D:6     /W-F3-1  /D:1     /W-T5-1  /D:1     /W-T1-1  
/T0-T1-2 /D:1     /W-T5-1  /T6-T5-1 /D:3     /W-F2-1  /D:1     /W-F1-1  /D:3     /W-T4-1  
/D:1     /W-T0-1  /T4-T0-2 /T5-T4-5 /T4-T0-6 /T5-T3-1 /T5-F1-1 /T4-T0-1 /T5-T3-1 /T5-T1-1 
/D:1     /W-T2-1  /D:1     /W-T3-1  /D:1     /W-F1-1  /D:1     /W-T5-1  /T1-T5-9 /R       
/D:1     /W-T3-1  /T6-T3-1 /T6-F3-1 /T6-T2-1 /T6-F0-1 /T5-F3-1 /D:1     /W-T3-1  /T6-T3-1 
/D:2     /W-F0-1  /T0-F0-1 /T4-F0-1 /T0-F3-1 /T0-F0-1 /D:1     /W-F1-1  /W-F1-1  /T3-F1-1 
/D:1     /W-F1-1  /D:1     /W-F2-1  /T4-F2-1 /T5-F2-1 /T5-F3-1 /T5-F0-1 /T0-F3-1 /T0-F0-1 
/T0-F1-1 /T2-F1-1 /T5-F3-1 /T5-F0-1 /T3-T0-2 /T3-F0-1 /T3-F1-1 /T5-T2-1 /T5-F0-1 /T3-F0-1 
/T2-T5-2 /T2-F1-1 /T3-F1-1 /T5-T2-3 /T5-F0-1 /D:2     /W-F2-1  /W-F2-1  /T0-F2-1 /T0-F3-1 
/T2-F3-1 /D:1     /W-F2-1  /T0-F2-1 /T0-F3-1 /T2-F2-1 /T0-F2-1 /T2-F3-1 /T0-F3-1 /T2-F2-1 
"
1070600,B#kx#ASY#tuJv#qmVWD#CsnKUh#bQrLRFi#faPpoMXNTgIdGlyOZzHwEcje,125.500000,1659.000000,51.000000,0.622093,1,"
minimal: 0 / states: 124 / duration: 0.000157s
history:
/T5-T3-1 /T1-T2-1 /D:2     /W-F1-1  /D:1     /W-T4-1  /T0-T4-1 /D:3     /W-T0-1  /T2-T0-2 
/D:2     /W-F3-1  /D:5     /W-T3-1  /T2-T3-1 /T2-F0-1 /T4-F0-1 /D:3     /W-F3-1  /T4-F3-1 
/D:1     /W-T2-1  /W-T2-1  /T1-T2-1 /D:1     /W-T1-1  /W-T1-1  /D:1     /W-T6-1  /D:1     
/W-T2-1  /T6-T2-2 /D:1     /W-T3-1  /W-T3-1  /D:1     /W-T4-1  /D:1     /W-T0-1  /T3-T0-6 
/D:1     /W-T6-1  /T4-T6-2 /W-T4-1  /T5-T4-1 /T4-T5-3 /T5-T1-4 /T5-F2-1 /T4-T3-1 /W-T2-1  
/T6-T2-4 /T6-T5-1 /T6-T4-1 /R       /D:2     /W-T0-1  /D:1     /W-F2-1  /T0-F2-1 /D:1     
/W-T4-1  /T3-T4-2 /T3-T4-1 /T3-T1-1 /T4-T3-6 /W-T1-1  /T6-T1-1 /T6-F3-1 /T6-F1-1 /T2-F1-1 
/T4-F2-1 /T0-F1-1 /T1-F2-1 /T5-F3-1 /T5-F2-1 /T5-F0-1 /T2-F0-1 /T0-F0-1 /T0-F3-1 /T2-F1-1 
/T1-F1-1 /T1-F2-1 /T2-F0-1 /T0-F0-1 /T2-F1-1 /T0-F1-1 /T2-F0-1 /T2-F1-1 /T3-F2-1 /T0-F2-1 
/T0-F1-1 /T2-F2-1 /T0-F2-1 /T2-F1-1 /T2-F2-1 /T1-T0-4 /T1-F1-1 /T1-F2-1 /T3-T2-4 /T3-F1-1 
/D:1     /W-F3-1  /T0-F3-1 /T0-F0-1 /T2-F3-1 /T0-F3-1 /T2-F0-1 /T0-F0-1 /T2-F3-1 /T0-F3-1 
/T2-F0-1 /T0-F0-1 /T2-F3-1 
"
1070732,i#En#dNU#BDTk#XcMKP#WxrgSI#elyFRpC#JuOjshQoAfYqtHzGmavbLVwZ,125.500000,1455.000000,45.000000,0.597403,1,"
minimal: 0 / states: 120 / duration: 0.000138s
history:
/T1-F2-1  /T2-T5-1  /T2-F3-1  /T6-T2-1  /T2-T1-2  /D:1      /W-T3-1   /T0-T3-1  /D:1      /W-T3-1   
/D:1      /W-F3-1   /T4-F3-1  /D:1      /W-T4-1   /T5-T4-2  /T1-T5-3  /D:3      /W-F3-1   /D:1      
/W-F2-1   /T6-F2-1  /T6-F3-1  /D:1      /W-F0-1   /D:3      /W-F2-1   /D:1      /W-T4-1   /T5-T4-4  
/T5-T3-1  /T5-F2-1  /T6-T3-1  /T3-T6-6  /D:2      /W-T0-1   /D:2      /W-T1-1   /T6-T1-7  /T4-T6-9  
/T4-T2-1  /T6-T0-10 /T6-T1-1  /D:1      /W-F1-1   /D:2      /W-F1-1   /T4-F1-1  /D:3      /W-T4-1   
/W-T4-1   /D:1      /W-T6-1   /W-T6-1   /T4-T6-3  /R        /D:1      /W-F2-1   /D:3      /W-T2-1   
/T5-T2-1  /T5-T2-1  /D:1      /W-T6-1   /T3-T6-1  /T3-T1-1  /T3-F0-1  /T0-F0-1  /T0-F1-1  /T1-F0-1  
/T0-F0-1  /T0-F3-1  /T1-F1-1  /T1-F0-1  /T6-F3-1  /W-F1-1   /T0-F2-1  /T1-F1-1  /T1-F2-1  /T0-F3-1  
/W-F1-1   /T1-F1-1  /T0-T2-1  /T0-F1-1  /D:1      /W-F0-1   /T6-F0-1  /T2-F0-1  /T6-F3-1  /T1-F0-1  
/T0-F0-1  /T1-F1-1  /T0-F1-1  /T2-F3-1  /T6-T1-2  /T6-F0-1  /T1-T6-3  /T1-F1-1  /T2-T0-2  /T2-F0-1  
/D:1      /W-F2-1   /T6-F2-1  /T0-F2-1  /T6-F3-1  /T0-F3-1  /T6-F2-1  /T0-F2-1  /T6-F3-1  
"
1071248,x#oI#MLC#zrsX#bneJa#WdqVUB#lPtOcij#vDpuhNfATZYQgFywSEKRmGHk,135.500000,3655.000000,52.000000,0.594444,1,"
minimal: 0 / states: 119 / duration: 0.000142s
history:
/T4-F1-1 /T6-T0-1 /T6-T4-1 /T5-T6-1 /T5-T1-1 /T4-T3-2 /T1-T0-2 /D:2     /W-T4-1  /T6-T4-2 
/T6-T2-1 /T6-T0-1 /T1-T6-1 /D:2     /W-T3-1  /D:2     /W-F3-1  /T2-F3-1 /D:1     /W-T0-1  
/D:1     /W-F0-1  /T4-F0-1 /T2-F0-1 /T3-T2-4 /T4-T3-3 /T4-F2-1 /T4-F1-1 /T6-F2-1 /T3-F1-1 
/T6-F3-1 /T3-F0-1 /T0-T6-6 /D:1     /W-T2-1  /T3-T2-2 /T3-T6-1 /T6-T3-8 /D:1     /W-T0-1  
/T2-T0-8 /D:1     /W-T2-1  /D:1     /W-F3-1  /D:6     /W-F0-1  /D:1     /W-T2-1  /D:1     
/W-F3-1  /W-F3-1  /D:1     /W-T1-1  /D:2     /W-T5-1  /D:1     /R       /D:2     /W-F2-1  
/D:2     /W-T5-1  /T0-T5-2 /T0-F3-1 /D:1     /W-F0-1  /D:1     /W-T1-1  /D:2     /W-F0-1  
/T5-T0-3 /T5-F0-1 /D:1     /W-T1-1  /W-T1-1  /T5-T1-1 /T5-F2-1 /T5-F1-1 /T0-F1-1 /T3-F2-1 
/T0-F2-1 /T3-F1-1 /T0-F1-1 /T3-F2-1 /T0-F2-1 /T3-F3-1 /T1-F3-1 /W-F1-1  /T0-F1-1 /T3-F0-1 
/T0-F0-1 /W-F2-1  /T1-F2-1 /T3-F1-1 /T1-F1-1 /T5-F3-1 /T0-F3-1 /T2-F0-1 /T0-F0-1 /T3-F2-1 
/T1-F2-1 /T2-F3-1 /T0-F3-1 /T3-F1-1 /T1-F1-1 /T2-F0-1 /T3-F2-1 
"
1071556,I#zQ#ZGl#XAtu#brCxJ#fvoFaj#DBKHOqh#RsgmUSWTecPwkLVndEYMNipy,141.000000,4466.000000,64.000000,0.580952,1,"
minimal: 0 / states: 133 / duration: 0.000159s
history:
/T6-T0-1 /T0-T5-2 /D:3     /W-T3-1  /W-T3-1  /W-T3-1  /T6-T3-1 /D:1     /W-T0-1  /D:6     
/W-T3-1  /D:4     /W-T0-1  /W-T0-1  /T4-T0-1 /T5-T4-3 /T5-F1-1 /T4-T2-4 /T6-T4-1 /T4-T1-2 
/T1-T4-3 /T2-T1-5 /T2-T1-1 /D:1     /W-T0-1  /T3-T0-6 /D:1     /W-F2-1  /D:5     /W-F3-1  
/T4-F3-1 /D:3     /W-T2-1  /R       /D:2     /W-T1-1  /T4-T1-3 /T4-F1-1 /T0-F1-1 /D:2     
/W-T6-1  /T5-T6-1 /T5-F2-1 /D:1     /W-T6-1  /D:1     /W-F3-1  /D:2     /W-F1-1  /T6-F1-1 
/D:3     /W-T4-1  /W-T4-1  /D:2     /W-F2-1  /T0-F2-1 /R       /D:1     /W-T5-1  /T3-T5-1 
/T3-F0-1 /T3-T2-1 /D:2     /W-T2-1  /D:2     /W-T2-1  /T6-T2-3 /T6-T4-1 /T6-F0-1 /T1-F0-1 
/T1-F3-1 /T1-F2-1 /T6-F0-1 /T0-F3-1 /T0-F2-1 /W-F0-1  /T1-F3-1 /T2-F0-1 /T2-F3-1 /W-T4-1  
/T5-T4-3 /T5-F1-1 /T0-F1-1 /T1-F0-1 /T2-F0-1 /T4-F2-1 /T0-F2-1 /T1-F1-1 /T2-F1-1 /T4-F3-1 
/T0-F3-1 /T1-F0-1 /T0-F0-1 /T4-F2-1 /T1-F1-1 /T2-F2-1 /T0-F1-1 /T4-F3-1 /T1-F2-1 /T2-F3-1 
/T2-F2-1 /T4-F0-1 /T0-F0-1 /T1-F1-1 /T0-F1-1 /T4-F3-1 /T1-F2-1 /T2-F3-1 /T4-F0-1 
"
1071578,n#LK#ZEa#IGcw#yRzUS#jrQkFi#CBguNhp#bsfOotDHlVvemJdWxPTXAqMY,101.500000,920.000000,40.000000,0.706667,1,"
minimal: 0 / states: 113 / duration: 0.000126s
history:
/T0-F2-1 /T2-F1-1 /T5-T3-1 /T2-T4-1 /D:1     /W-F1-1  /D:3     /W-T6-1  /D:1     /W-F2-1  
/D:3     /W-T3-1  /D:4     /W-T5-1  /D:1     /W-T0-1  /D:2     /W-T4-1  /T6-T4-2 /D:1     
/W-T1-1  /D:3     /W-T3-1  /T5-T3-2 /T3-T5-6 /T3-F1-1 /T4-T3-5 /T3-T4-6 /T6-T3-1 /T6-F3-1 
/T4-F3-1 /T4-F2-1 /T4-F1-1 /T5-F1-1 /W-F3-1  /T3-T1-2 /D:2     /W-F0-1  /D:1     /W-F2-1  
/D:1     /W-T3-1  /D:1     /W-T3-1  /T1-T3-4 /T5-T1-6 /T5-F3-1 /T5-F2-1 /T1-T0-7 /R       
/D:1     /W-F2-1  /D:1     /W-F1-1  /D:1     /W-F2-1  /T6-F2-1 /T6-F1-1 /T6-F0-1 /T6-F0-1 
/T3-F1-1 /T4-T3-4 /T4-T1-1 /T4-F3-1 /T4-T2-1 /D:1     /W-F0-1  /T3-F0-1 /T0-F0-1 /T3-F3-1 
/T0-F3-1 /T3-F0-1 /T0-F0-1 /T0-F1-1 /T3-F3-1 /T3-F0-1 /T5-F1-1 /D:1     /W-T1-1  /D:1     
/W-F3-1  /T3-F3-1 /D:1     /W-F2-1  /T0-F2-1 /T0-F1-1 /T1-F1-1 /D:1     /W-F0-1  /T3-F0-1 
/T0-F0-1 /T0-F1-1 /T3-T1-1 /T3-F0-1 /D:1     /W-F2-1  /T2-F2-1 /D:1     /W-F3-1  /T1-F3-1 
/T1-F2-1 /T2-F3-1 
"
1081013,i#Go#Dwn#qWmy#jhzTe#PgAOdJ#IUHEFNv#RMxXaKBLfusprVkCbZlcSQYt,92.500000,117.000000,41.000000,0.666667,0,"
minimal: 0 / states: 1710590 / duration: 3.803427s
history:
/T2-F2-1 /T1-F2-1 /D:5     /W-F1-1  /D:4     /W-T1-1  /D:1     /W-T0-1  /D:2     /W-F2-1  
/D:2     /W-T5-1  /D:1     /W-T3-1  /D:2     /W-F1-1  /D:3     /W-F1-1  /T0-T2-2 /T5-T3-2 
/T5-F1-1 /T4-F1-1 /T1-F1-1 /T4-T2-1 /T4-T0-1 /T4-T6-1 /T6-T4-2 /T6-F3-1 /T5-F3-1 /T5-F0-1 
/T5-F1-1 /T5-F3-1 /T4-F1-1 /D:1     /W-T1-1  /D:1     /W-F3-1  /D:1     /W-T0-1  /D:1     
/R       /D:1     /W-F3-1  /D:4     /W-T0-1  /D:1     /W-F0-1  /D:2     /W-T2-1  /D:1     
/W-T1-1  /D:1     /W-F0-1  /D:1     /W-T5-1  /T3-T5-4 /T2-T5-3 /T2-F1-1 /T4-T0-2 /T3-T4-1 
/T0-T3-1 /T0-F1-1 /T3-T0-2 /T3-F2-1 /T1-F2-1 /T5-F2-1 /T6-T5-1 /D:2     /W-F2-1  /T6-T1-1 
/T5-T6-2 /T5-F2-1 /T0-F2-1 /T2-F2-1 /T2-F0-1 /T1-F0-1 /T1-F3-1 /T6-F0-1 /T1-F0-1 /T6-F3-1 
/T6-F0-1 /T6-F3-1 /T5-F3-1 /T0-F3-1 /T6-F0-1 /T5-F0-1 /T0-F0-1 /T5-F1-1 /R       /D:1     
/W-T1-1  /D:1     /W-F2-1  /T5-F2-1 /D:1     /W-F3-1  /T0-F3-1 /T0-F2-1 /T5-F3-1 /D:1     
/W-F0-1  /T1-F0-1 /D:1     /W-F1-1  /T4-F1-1 
"
1081216,A#BY#rWF#lLvw#CmhOk#iEXjSK#qdscMIV#pnxUgbozJHuyfNZReaDPGTtQ,107.500000,892.000000,43.000000,0.662338,1,"
minimal: 0 / states: 120 / duration: 0.000117s
history:
/T0-F0-1 /T6-T3-1 /T5-T1-1 /T3-T4-2 /D:2     /W-F2-1  /D:2     /W-T3-1  /D:3     /W-F2-1  
/D:1     /W-T0-1  /T1-T0-2 /T1-F0-1 /D:2     /W-T4-1  /D:4     /W-F3-1  /D:1     /W-T1-1  
/D:1     /W-T2-1  /D:2     /W-F1-1  /D:1     /W-T2-1  /D:1     /W-T2-1  /D:1     /W-T3-1  
/T5-T3-1 /T6-T5-1 /T5-T0-2 /D:1     /W-T4-1  /T2-T4-4 /T3-T2-4 /T4-T3-9 /T4-F3-1 /T3-F3-1 
/T4-T0-1 /T3-T1-9 /T3-T6-1 /T6-T3-2 /T6-T1-1 /W-T6-1  /D:1     /W-T0-1  /W-T0-1  /W-T4-1  
/T5-T4-1 /T5-T0-1 /W-T5-1  /W-T4-1  /W-F1-1  /T1-F1-1 /T5-T4-2 /T4-T5-6 /T4-F0-1 /T1-F0-1 
/W-T5-1  /T6-T5-2 /T6-F1-1 /W-T3-1  /W-F2-1  /T6-F2-1 /T5-F1-1 /T2-T3-5 /T0-F0-1 /T0-F1-1 
/T2-F2-1 /T5-F2-1 /T0-F2-1 /T5-F1-1 /T0-F1-1 /T5-F2-1 /T5-F1-1 /T3-T0-3 /T3-F2-1 /T0-T3-4 
/T0-F1-1 /T1-T5-5 /T1-F2-1 /T1-F1-1 /T3-T0-5 /T3-F2-1 /T3-F1-1 /T5-T1-7 /T5-F2-1 /T5-F1-1 
/T0-T3-7 /T0-F2-1 /D:1     /W-F3-1  /T1-F3-1 /T1-F0-1 /T3-F3-1 /T1-F3-1 /T3-F0-1 /T1-F0-1 
/T3-F3-1 /T1-F3-1 /T3-F0-1 /T1-F0-1 /T3-F3-1 /T1-F3-1 /T3-F0-1 /T1-F0-1 /T3-F3-1 /T1-F3-1 
/T3-F0-1 
"
1100411,c#mR#huz#BTft#dOHxq#egwpWo#DVjCSly#nXikLPrsKAIUbJFvaQMNGZYE,116.500000,667.000000,41.000000,0.668750,0,"
minimal: 0 / states: 6665821 / duration: 17.836265s
history:
/D:1     /W-F2-1  /T5-F2-1 /T4-T1-1 /T5-T4-1 /T5-F2-1 /T1-F2-1 /D:1     /W-T6-1  /D:1     
/W-T5-1  /D:4     /W-F2-1  /D:1     /W-F2-1  /T3-F2-1 /T5-T6-2 /D:2     /W-F0-1  /D:1     
/W-T4-1  /D:1     /W-T4-1  /D:3     /W-T5-1  /D:2     /W-F1-1  /T1-T5-1 /T6-T1-4 /T4-T6-4 
/T4-T1-1 /D:3     /W-F3-1  /T4-F3-1 /D:3     /W-T2-1  /D:1     /R       /D:3     /W-F3-1  
/D:1     /W-T2-1  /D:1     /W-F1-1  /T0-F1-1 /T4-F1-1 /T2-T0-3 /T2-F2-1 /T5-T1-3 /T5-F1-1 
/T3-F1-1 /D:2     /W-F2-1  /D:1     /W-F3-1  /T1-F3-1 /D:1     /W-T4-1  /T6-T4-5 /T6-F3-1 
/T3-F3-1 /T3-F0-1 /T6-F0-1 /T4-F3-1 /T6-T0-1 /T6-F3-1 /T6-F0-1 /D:1     /W-T2-1  /D:2     
/W-F0-1  /T1-F0-1 /T1-F1-1 /T2-F0-1 /T1-F0-1 /T2-F1-1 /T1-F1-1 /T0-F1-1 /T1-F2-1 /T4-F0-1 
/T4-F3-1 /T1-F3-1 /T4-F2-1 /T1-F2-1 /R       /D:1     /W-F1-1  /T4-F1-1 /D:1     /W-T1-1  
/D:1     /W-F0-1  /T0-F0-1 /T0-F3-1 /T0-F2-1 /T1-F0-1 /T1-F1-1 /T4-F0-1 /D:1     /W-F3-1  
"
