id,seed,forcedness,compression_score,stagnation,efficiency,auto_move_flag,result
1010021,A#Pq#lmz#UvdE#MyxHa#rkSYFN#uecoDRG#KLgXwVTpBtCnfOZJIbQihsjW,126.500000,1236.000000,42.000000,0.750000,1,"
minimal: 0 / states: 114 / duration: 0.000116s
history:
/T0-F0-1 /T4-F1-1 /T5-F3-1 /T2-T0-1 /D:2     /W-T2-1  /D:1     /W-T4-1  /T5-T4-1 /T5-T0-1 
/T3-T5-1 /T3-T5-1 /T5-T6-3 /T5-T2-1 /W-T0-1  /D:2     /W-T2-1  /D:1     /W-T2-1  /T4-T2-3 
/D:2     /W-T6-1  /D:1     /W-F0-1  /D:2     /W-F0-1  /D:1     /W-F2-1  /D:2     /W-F3-1  
/D:4     /W-F1-1  /D:1     /W-T5-1  /D:2     /W-T3-1  /T6-T3-5 /T6-T2-1 /T6-F0-1 /T6-F2-1 
/T3-F2-1 /T6-F1-1 /T3-F1-1 /T1-F2-1 /T1-F3-1 /T5-F3-1 /T2-F3-1 /T3-F0-1 /T5-F2-1 /T3-F3-1 
/T6-F1-1 /T2-F0-1 /T2-T1-7 /T4-T2-1 /T3-F0-1 /T1-T6-1 /T1-F0-1 /T6-T1-2 /D:1     /W-F2-1  
/D:1     /W-T0-1  /T3-T0-2 /D:1     /W-T2-1  /R       /D:1     /W-T4-1  /D:1     /W-F3-1  
/T3-F3-1 /D:1     /W-F2-1  /D:1     /W-F1-1  /T1-F1-1 /T0-F1-1 /T1-F2-1 /T0-F2-1 /T1-F3-1 
/T1-F2-1 /T2-F3-1 /T2-F2-1 /T4-F3-1 /T4-F2-1 /T0-T2-2 /T0-F3-1 /T0-F2-1 /T2-T4-3 /D:1     
/W-F3-1  /D:1     /W-T1-1  /D:1     /W-F0-1  /T1-F0-1 /D:1     /W-F1-1  /T4-F1-1 /T1-F1-1 
/T4-F0-1 /T1-F0-1 /T4-F1-1 /T1-F1-1 /T4-F0-1 
"
1010253,N#RI#nhs#cpHz#TQrjg#SuoPJf#XyEAbYm#xUGaMeCLtkqvwFDKOlZidBVW,141.500000,1679.000000,45.000000,0.611111,1,"
minimal: 0 / states: 115 / duration: 0.000113s
history:
/T0-F3-1 /T6-T0-1 /T6-T3-1 /T2-T4-1 /T2-T1-1 /T2-F2-1 /T3-T2-2 /T4-T3-2 /T1-T4-2 /T1-T3-1 
/D:1     /W-T2-1  /T4-T2-3 /T4-T5-1 /T4-T5-1 /D:2     /W-T2-1  /T5-T2-3 /D:1     /W-F1-1  
/T6-F1-1 /T6-F0-1 /D:1     /W-T1-1  /D:2     /W-T2-1  /D:1     /W-T0-1  /D:2     /W-T0-1  
/T5-T0-1 /D:1     /W-T3-1  /T5-T3-1 /T5-F2-1 /T4-T5-1 /D:3     /W-T5-1  /D:3     /W-F3-1  
/T3-F3-1 /D:1     /W-T1-1  /W-T1-1  /D:1     /W-T4-1  /D:1     /W-T0-1  /T3-T0-5 /T3-F2-1 
/T0-F2-1 /T3-F1-1 /T2-T6-2 /T2-F2-1 /T6-T2-3 /T6-T4-1 /T0-T5-1 /T0-F2-1 /W-T5-1  /W-T6-1  
/T6-T4-2 /D:1     /W-F1-1  /D:1     /W-F0-1  /T2-F0-1 /T2-F3-1 /T5-F0-1 /T2-F0-1 /T5-F3-1 
/T5-F0-1 /D:1     /W-T4-1  /T5-T4-2 /T5-F3-1 /T4-F3-1 /D:1     /W-T1-1  /W-T1-1  /W-F2-1  
/W-F1-1  /T2-F1-1 /T0-F1-1 /T2-F0-1 /T0-F0-1 /T2-F1-1 /T4-F2-1 /T0-F1-1 /W-F3-1  /T1-F2-1 
/T2-F0-1 /T2-F1-1 /T4-F3-1 /T0-F0-1 /T1-F3-1 /T1-F0-1 /T4-F2-1 /T0-F1-1 /T2-F2-1 /T1-F1-1 
/T4-F3-1 /T0-F0-1 /T2-F3-1 /T1-F0-1 /T4-F2-1 /T0-F1-1 /T2-F2-1 /T4-F3-1 
"
1010289,P#eC#uKF#MXak#Igsji#ztLDcf#hrpdNqB#JYbyTVWoSRvHlQOAwEGmZUnx,136.500000,1546.000000,46.000000,0.688172,1,"
minimal: 0 / states: 118 / duration: 0.000107s
history:
/T6-T0-1 /T0-T6-2 /D:1     /W-T3-1  /T4-T3-1 /D:2     /W-T1-1  /D:7     /W-T2-1  /T6-T2-3 
/T6-F3-1 /T1-T6-2 /D:1     /W-T4-1  /D:1     /W-T3-1  /D:3     /W-F3-1  /D:1     /W-F0-1  
/T2-F0-1 /T2-F3-1 /W-F3-1  /T2-T1-1 /T2-F3-1 /T1-T2-2 /D:2     /W-T5-1  /T6-T5-3 /T5-T6-1 
/T5-F0-1 /T6-T5-2 /D:2     /W-T0-1  /D:1     /W-T1-1  /D:1     /W-T4-1  /W-T4-1  /T5-T4-5 
/T5-T2-1 /T5-F0-1 /T3-T5-4 /T3-F1-1 /T4-F1-1 /T5-T0-5 /T2-F1-1 /T4-T6-2 /T4-F0-1 /T6-T4-3 
/T5-T6-1 /W-T3-1  /W-T5-1  /W-F3-1  /D:1     /W-F2-1  /W-F2-1  /T4-F2-1 /T2-F2-1 /T4-F1-1 
/T2-F1-1 /T2-F0-1 /T4-F2-1 /T4-F1-1 /T4-F0-1 /T4-T2-3 /T4-F2-1 /T4-F1-1 /T6-F2-1 /T6-F1-1 
/T2-T5-4 /T0-F0-1 /T0-F1-1 /T2-F2-1 /T4-F0-1 /T0-F0-1 /D:1     /R       /D:2     /W-T1-1  
/T3-T1-2 /W-T3-1  /D:1     /W-F3-1  /T5-F3-1 /T5-F2-1 /T5-F1-1 /T0-F1-1 /T1-F2-1 /T5-F0-1 
/T0-F0-1 /T5-F1-1 /T0-F1-1 /T3-T5-1 /T3-F0-1 /D:1     /W-F3-1  /D:1     /W-F3-1  /T1-F3-1 
/T5-F3-1 /D:1     /W-F2-1  /T1-F2-1 /T1-F3-1 /T5-F2-1 
"
1010309,P#Ly#qnw#lDrF#GBict#IHQMXz#jCZpTSN#ohamEVWJxsRvOAUkfdYKbeug,125.500000,1534.000000,45.000000,0.589744,1,"
minimal: 0 / states: 121 / duration: 0.000100s
history:
/T6-F3-1  /T6-T4-1  /T3-T6-1  /T3-T4-1  /T0-T3-1  /T5-T0-1  /T5-T1-1  /T2-T1-1  /T2-F2-1  /D:1      
/W-F2-1   /D:2      /W-F1-1   /D:3      /W-T1-1   /D:5      /W-T6-1   /T3-T6-2  /T3-T0-1  /T5-T3-1  
/T5-T4-1  /T6-T5-5  /T6-F2-1  /T1-T6-4  /T5-T6-6  /T2-F2-1  /T6-T2-11 /T6-T4-1  /T5-T6-1  /D:2      
/W-F3-1   /T2-F3-1  /D:1      /W-F0-1   /D:1      /W-T6-1   /T4-T6-5  /T4-T2-1  /D:1      /W-T1-1   
/D:3      /W-T3-1   /D:1      /W-T0-1   /T6-T0-8  /D:1      /W-F1-1   /T2-F1-1  /W-F1-1   /D:1      
/W-F1-1   /W-F1-1   /D:1      /W-T4-1   /D:1      /W-F1-1   /R        /D:1      /W-F1-1   /D:1      
/W-T5-1   /T1-T5-2  /D:3      /W-T5-1   /T4-T5-2  /T4-F0-1  /T0-F0-1  /T0-F3-1  /T0-F2-1  /T2-F0-1  
/T2-F3-1  /T0-F3-1  /D:1      /W-T3-1   /W-T3-1   /W-F0-1   /T2-F0-1  /T4-F0-1  /T2-F3-1  /T2-F0-1  
/T5-T2-1  /T5-F1-1  /T0-T3-3  /T0-F1-1  /D:1      /W-F2-1   /T3-F2-1  /T2-F2-1  /T3-F3-1  /T2-F3-1  
/T3-F0-1  /T5-F0-1  /T0-F0-1  /T3-F3-1  /T5-F1-1  /T0-F1-1  /T5-F0-1  /T5-F1-1  /T3-T0-2  /T3-F0-1  
/D:1      /W-F2-1   /T2-F2-1  /T0-F2-1  /T2-F3-1  /T0-F3-1  /T2-F2-1  /T0-F2-1  /T2-F3-1  
"
1010374,c#Ie#Xzp#vtNm#UjghL#PRCsAn#xBFrVJi#DHbyKYfkQWGoaSZluwOqTdME,115.500000,1681.000000,37.000000,0.676471,1,"
minimal: 0 / states: 128 / duration: 0.000119s
history:
/T5-F2-1 /T5-F0-1 /T4-T3-1 /T1-T5-1 /T4-T1-1 /T5-T4-2 /D:1     /W-T4-1  /T0-T4-1 /T3-T0-2 
/T3-F3-1 /T3-T1-1 /D:1     /W-T6-1  /T4-T6-5 /T1-T4-3 /D:1     /W-T2-1  /D:4     /W-T4-1  
/D:1     /W-T0-1  /D:4     /W-F2-1  /T2-T5-1 /T2-F2-1 /T2-T1-1 /D:1     /W-F1-1  /T5-F1-1 
/T6-F1-1 /D:3     /W-T1-1  /D:2     /W-T0-1  /T6-T0-6 /T6-T2-1 /T6-T2-1 /T6-T4-1 /W-T2-1  
/D:1     /W-F3-1  /D:1     /W-F2-1  /T4-F2-1 /T0-T6-2 /T0-F2-1 /T6-T0-3 /T6-F0-1 /T5-F0-1 
/T4-T6-5 /T0-F0-1 /T4-T3-1 /W-T4-1  /T6-T1-6 /D:1     /W-T2-1  /F2-T2-1 /T5-T2-1 /T5-F3-1 
/D:1     /W-F1-1  /T0-F1-1 /T1-F1-1 /T2-T0-1 /T2-F2-1 /T1-F2-1 /T0-T2-2 /T0-F1-1 /T1-F1-1 
/T2-T0-3 /T2-F2-1 /T0-T2-4 /T0-F1-1 /T3-T1-1 /T3-F2-1 /T0-F2-1 /D:1     /W-T3-1  /D:1     
/W-F0-1  /R       /D:1     /W-T4-1  /T2-T4-7 /D:2     /W-T3-1  /W-T3-1  /T1-T3-3 /T1-F2-1 
/D:1     /W-F3-1  /T4-F3-1 /T4-F0-1 /D:2     /W-F0-1  /D:1     /W-F3-1  /T4-F3-1 /T3-F3-1 
/T4-F0-1 /T3-F0-1 /T3-F1-1 /T4-F3-1 /T4-F0-1 /T0-F1-1 /W-F3-1  /T3-F0-1 /T1-F1-1 /T4-F3-1 
/T0-F0-1 /T3-F3-1 /T3-F0-1 /T4-F2-1 /T0-F1-1 /T1-F2-1 /T4-F3-1 
"
1010387,Q#VE#kpZ#bgKN#uwMcR#oBajSy#nCdPOTq#FzrhIGfsLHeXmvAlWtUJYDix,141.500000,3004.000000,65.000000,0.484375,1,"
minimal: 0 / states: 134 / duration: 0.000113s
history:
/T3-F3-1 /T6-T4-1 /T5-T2-1 /T1-T5-1 /T0-T5-1 /T2-T0-2 /T2-T5-1 /T2-T0-1 /D:1     /W-T6-1  
/T4-T6-2 /T4-T6-1 /T4-T2-1 /T4-T0-1 /T6-T4-5 /T6-F3-1 /T6-F3-1 /T5-T6-1 /T5-F3-1 /T6-T5-2 
/T1-T0-1 /T4-T0-6 /D:1     /W-T1-1  /D:11    /W-T4-1  /D:2     /W-F0-1  /D:1     /W-T1-1  
/T3-T1-1 /D:1     /W-T1-1  /W-T1-1  /D:2     /W-T1-1  /W-T1-1  /T5-T1-4 /D:2     /W-T2-1  
/D:3     /W-T2-1  /T5-T2-1 /T5-F1-1 /T5-F0-1 /T6-F0-1 /T6-F2-1 /T5-F2-1 /T1-F2-1 /R       
/D:3     /W-T2-1  /W-T2-1  /D:1     /W-T2-1  /D:1     /W-T2-1  /W-T2-1  /D:1     /W-T3-1  
/D:1     /W-T4-1  /D:2     /W-T3-1  /T0-T3-2 /T0-F3-1 /D:1     /W-T4-1  /D:1     /W-T4-1  
/D:1     /W-F0-1  /T1-T2-1 /T1-F0-1 /T0-F0-1 /T1-F3-1 /T0-F3-1 /T3-T0-5 /T3-F1-1 /T0-F1-1 
/T0-F2-1 /T2-F1-1 /T0-F1-1 /T2-F2-1 /T0-F2-1 /T2-F1-1 /T0-F1-1 /T1-F2-1 /T0-F2-1 /T2-F0-1 
/T1-F3-1 /T2-F1-1 /T1-F2-1 /W-F0-1  /T0-F3-1 /T2-F0-1 /T1-F3-1 /T0-F2-1 /T4-F0-1 /T4-F3-1 
/T1-F0-1 /T4-F0-1 /T2-T1-2 /T2-F3-1 /T2-F0-1 /T0-T4-2 /T0-F3-1 /D:1     /W-F1-1  /T1-F1-1 
/T1-F2-1 /T4-F1-1 /T1-F1-1 /T4-F2-1 /T1-F2-1 /T4-F1-1 
"
1010411,u#WG#gRJ#yiUa#OvVIn#lxKwYk#fqHoNLb#tXdcjMZprmzehCQDSTFAsPBE,133.500000,2031.000000,54.000000,0.591837,1,"
minimal: 0 / states: 127 / duration: 0.000112s
history:
/T3-F1-1 /T4-F2-1 /T6-F1-1 /T5-T6-1 /T2-T6-1 /T3-T4-1 /T1-T4-1 /T4-T1-3 /T4-T6-1 /T0-T3-1 
/D:4     /W-F1-1  /W-F1-1  /D:2     /W-T0-1  /T5-T0-1 /T3-T5-2 /D:6     /W-F1-1  /D:1     
/W-T4-1  /D:3     /W-T2-1  /D:1     /W-T1-1  /D:1     /W-T5-1  /D:1     /W-T5-1  /T2-T5-2 
/D:1     /W-F0-1  /D:1     /W-T2-1  /D:1     /W-T5-1  /D:1     /W-F0-1  /D:1     /W-T1-1  
/W-T1-1  /W-F0-1  /R       /D:1     /W-T4-1  /D:1     /W-T3-1  /T5-T3-8 /T5-T0-1 /T1-T0-7 
/D:1     /W-T5-1  /T4-T5-3 /D:1     /W-T1-1  /T6-T1-4 /T6-F3-1 /T4-F3-1 /T6-F2-1 /T3-F3-1 
/T3-F0-1 /T6-T1-1 /T6-T3-1 /T0-F3-1 /T0-F0-1 /T6-F1-1 /T3-T2-2 /T3-F0-1 /T0-T5-1 /T0-F0-1 
/T1-F0-1 /T2-T3-3 /T2-F1-1 /T5-T0-2 /T5-F1-1 /T0-T5-3 /T0-F0-1 /T3-T1-5 /T3-F1-1 /T5-T0-4 
/T5-F1-1 /T1-T3-6 /T1-F0-1 /T1-F1-1 /T0-T5-5 /T0-F0-1 /T5-T0-6 /T1-F0-1 /T5-F1-1 /T3-T1-9 
/D:1     /W-F2-1  /T1-F2-1 /T1-F3-1 /T0-F3-1 /D:1     /W-F2-1  /T1-F2-1 /T0-F2-1 /T1-F3-1 
/T0-F3-1 /T1-F2-1 /T0-F2-1 /T1-F3-1 /T0-F3-1 /T1-F2-1 /T0-F2-1 /T1-F3-1 /T0-F3-1 /T0-F0-1 
/T1-F2-1 /T1-F3-1 /D:1     /W-F1-1  /D:1     /W-F2-1  
"
1010424,S#gb#ytr#pfIH#xYzKN#XVGvlC#FEqmdjR#auDcUOJnBQwehPokTWMsAZLi,118.000000,2707.000000,43.000000,0.613924,1,"
minimal: 0 / states: 122 / duration: 0.000111s
history:
/T4-F3-1 /T2-T0-1 /T1-T5-1 /T0-T2-2 /T1-T3-1 /D:1     /W-F1-1  /T5-F1-1 /D:2     /W-T6-1  
/D:1     /W-F1-1  /D:2     /W-F3-1  /D:2     /W-F2-1  /D:2     /W-T2-1  /T5-T2-1 /T4-T5-1 
/T5-T4-2 /T4-T0-3 /D:3     /W-T5-1  /T2-T5-5 /D:1     /W-F3-1  /D:1     /W-F2-1  /D:1     
/W-T2-1  /D:2     /W-T0-1  /T5-T0-7 /D:1     /W-T1-1  /T4-T1-1 /T4-T1-1 /D:1     /W-T3-1  
/T6-T3-2 /T6-T1-1 /T6-F1-1 /T6-T4-1 /T2-T4-2 /D:1     /W-F0-1  /D:1     /W-T2-1  /D:1     
/W-T2-1  /D:1     /R       /D:3     /W-T4-1  /D:1     /W-F0-1  /T0-F0-1 /T3-F0-1 /T6-T3-1 
/T6-F0-1 /T0-F3-1 /T6-F0-1 /T5-F0-1 /T3-T5-5 /T3-T1-1 /T5-T4-6 /W-T1-1  /F0-T1-1 /T3-T1-1 
/T3-F2-1 /T4-F2-1 /T0-F2-1 /T4-F3-1 /T0-F3-1 /T4-F2-1 /T0-F2-1 /W-F2-1  /T5-T2-1 /D:1     
/W-T2-1  /D:1     /W-F1-1  /T1-F1-1 /T1-F0-1 /T4-F1-1 /T0-F1-1 /T0-F2-1 /T2-F2-1 /T4-F0-1 
/D:1     /W-F3-1  /T1-F3-1 /T1-F0-1 /T4-F3-1 /T0-F3-1 /T2-F3-1 /T4-F0-1 /T0-F0-1 /T2-F0-1 
/T1-T0-2 /T1-F3-1 /T1-F0-1 /T2-F3-1 /D:1     /W-F1-1  /T0-F1-1 /T0-F2-1 /T4-F1-1 /T0-F1-1 
/T4-F2-1 /T0-F2-1 /T4-F1-1 
"
1010429,p#WJ#OEb#CjoQ#VHIlS#kwuxFG#DYetPXa#rzMsqLmURyZiBTvdhAKncfgN,165.500000,4306.000000,59.000000,0.546729,1,"
minimal: 0 / states: 133 / duration: 0.000116s
history:
/T6-F1-1 /T2-F1-1 /T4-T5-1 /T3-T2-1 /T1-T6-1 /T2-T5-2 /T0-T5-1 /T2-T5-1 /D:2     /W-T0-1  
/T4-T0-1 /T4-T1-1 /D:1     /W-T2-1  /D:5     /W-T1-1  /T5-T1-6 /D:1     /W-T5-1  /D:3     
/W-T6-1  /T4-T6-1 /D:2     /W-T6-1  /T5-T6-2 /T5-T0-1 /T5-T4-1 /T1-T0-9 /T4-T5-2 /D:4     
/W-F0-1  /D:2     /W-F2-1  /T3-F2-1 /D:1     /W-F1-1  /D:2     /W-T5-1  /D:1     /W-F3-1  
/T0-F3-1 /T0-F2-1 /R       /D:2     /W-T5-1  /D:1     /W-F2-1  /W-F2-1  /T5-F2-1 /D:2     
/W-T1-1  /W-T1-1  /T6-T1-7 /T6-F3-1 /T6-F2-1 /T0-F3-1 /T1-F3-1 /T6-T1-1 /T6-T2-1 /T6-T1-1 
/D:2     /W-T4-1  /W-T4-1  /D:1     /W-F0-1  /D:1     /W-T3-1  /D:1     /W-F1-1  /D:1     
/W-T3-1  /D:1     /W-T2-1  /T3-T2-3 /T3-F0-1 /T1-F0-1 /T0-F0-1 /T0-F3-1 /T1-F1-1 /T1-F0-1 
/T1-F3-1 /T0-F0-1 /T0-F3-1 /T1-F0-1 /T0-F0-1 /T5-T1-2 /T5-F3-1 /T0-F3-1 /T1-T5-3 /T1-F0-1 
/T5-T1-4 /T2-T0-3 /T2-F0-1 /T1-T4-5 /T1-F0-1 /T4-T5-4 /T4-F3-1 /T2-F3-1 /T2-F0-1 /T4-T1-1 
/T4-F3-1 /T5-T1-5 /D:1     /W-F1-1  /T1-F1-1 /T0-F1-1 /T1-F2-1 /T0-F2-1 /T1-F1-1 /T0-F1-1 
/T1-F2-1 /T0-F2-1 /T1-F1-1 /T0-F1-1 /T1-F2-1 /T0-F2-1 /T1-F1-1 
"
1010431,L#Ke#xJd#Hrky#tCAIW#RufzbF#gwUPOcq#EiYlhamVXSMNTDonvGsZpjBQ,135.000000,1369.000000,41.000000,0.658228,1,"
minimal: 0 / states: 120 / duration: 0.000105s
history:
/T6-T1-1  /T6-T1-1  /T1-T5-3  /T4-T1-1  /T4-T1-1  /T4-F0-1  /T6-T4-1  /T4-T2-2  /D:5      /W-T1-1   
/T4-T1-1  /D:1      /W-F1-1   /D:1      /W-T4-1   /T3-T4-1  /T3-T0-1  /T2-T3-3  /T2-T0-1  /D:1      
/W-T0-1   /D:1      /W-T4-1   /D:1      /W-T1-1   /T3-T1-4  /T3-T0-1  /D:1      /W-T3-1   /W-T3-1   
/T1-T3-10 /D:1      /W-F3-1   /T3-F3-1  /T6-F3-1  /D:1      /W-T0-1   /T5-T0-4  /T5-F1-1  /T5-T1-1  
/T0-F1-1  /W-T1-1   /T2-T1-1  /D:3      /W-F2-1   /W-F2-1   /D:2      /W-T6-1   /T5-T6-1  /D:2      
/W-T2-1   /T0-T2-9  /D:1      /W-F2-1   /T2-F2-1  /D:1      /W-T1-1   /D:1      /W-F0-1   /T3-F0-1  
/T3-F1-1  /T2-F1-1  /T3-F2-1  /T6-F1-1  /W-F2-1   /W-T1-1   /W-F0-1   /T6-T1-2  /T6-T4-1  /W-T4-1   
/T5-T4-1  /T6-F1-1  /W-F0-1   /T2-F0-1  /T1-F0-1  /T2-T4-1  /T2-F0-1  /T3-T1-2  /T3-F1-1  /T3-F0-1  
/T4-T2-2  /T4-F1-1  /T1-T3-4  /T1-F1-1  /T2-T4-3  /T2-F0-1  /T2-F1-1  /T3-T1-5  /T3-F0-1  /T2-F0-1  
/T3-F1-1  /T3-F0-1  /T4-T2-6  /T4-F1-1  /D:1      /W-F3-1   /T5-F3-1  /T1-F3-1  /T1-F2-1  /T2-F3-1  
/T1-F3-1  /T2-F2-1  /T1-F2-1  /T2-F3-1  /T1-F3-1  /T2-F2-1  /T1-F2-1  /T2-F3-1  /T1-F3-1  /T2-F2-1  
/T1-F2-1  /T2-F3-1  
"
1010451,T#oa#DgI#SZqY#rdtsz#eyXNRb#pOWCKuh#mnvQlMHAxGPfkcFEVUBiLwJj,103.000000,2215.000000,42.000000,0.658228,1,"
minimal: 0 / states: 124 / duration: 0.000111s
history:
/T1-F1-1 /T5-F1-1 /T6-T2-1 /T3-T4-1 /T3-T5-1 /T0-T6-1 /T4-T0-2 /T5-T4-2 /T5-F3-1 /T4-T6-3 
/T4-T2-1 /D:2     /W-F2-1  /T1-F2-1 /T3-T1-1 /T3-T2-1 /W-T3-1  /D:6     /W-F0-1  /D:1     
/W-T0-1  /D:2     /W-T6-1  /D:3     /W-F1-1  /T4-F1-1 /T4-T2-1 /D:5     /W-F0-1  /D:2     
/W-T1-1  /T5-T1-1 /T5-T3-1 /T5-F1-1 /D:1     /W-T1-1  /W-T1-1  /T6-T1-6 /D:2     /W-T0-1  
/T2-T0-5 /R       /D:2     /W-T0-1  /D:2     /W-T4-1  /W-T4-1  /T6-T4-1 /T6-F0-1 /T6-T4-1 
/T6-F3-1 /T1-F3-1 /T6-F2-1 /T0-F3-1 /T1-F2-1 /T0-F2-1 /T1-F3-1 /T1-F2-1 /T0-F3-1 /T0-F2-1 
/T1-F3-1 /T2-T1-1 /T2-F0-1 /W-T4-1  /D:2     /W-T0-1  /D:1     /W-F1-1  /T1-F1-1 /T1-F2-1 
/T4-F2-1 /W-T1-1  /D:1     /W-T3-1  /D:2     /W-F0-1  /W-F0-1  /T0-F0-1 /T0-F1-1 /T1-F0-1 
/T1-F1-1 /T0-F0-1 /T0-F1-1 /T1-F2-1 /T0-F2-1 /T3-F1-1 /T3-F2-1 /T4-T0-2 /T4-F1-1 /T3-F1-1 
/T0-T4-3 /T0-F2-1 /D:2     /W-F3-1  /W-F3-1  /T4-F3-1 /T1-F3-1 /D:1     /W-F0-1  /T4-F0-1 
/T1-F0-1 /T4-F3-1 /T1-F3-1 /T4-F0-1 
"
1010475,C#Ft#JyM#gnPr#WmpBN#UGcVKb#QzvZRjY#kLOoXDSeuAaIhisTdqExHlwf,132.500000,1077.000000,42.000000,0.607143,1,"
minimal: 0 / states: 129 / duration: 0.000118s
history:
/T4-F3-1 /T6-T2-1 /T5-T0-1 /T6-T5-1 /T5-T2-2 /D:3     /W-F3-1  /D:3     /W-T6-1  /D:1     
/W-T1-1  /T3-T1-1 /T3-F3-1 /T3-F2-1 /F3-T6-1 /T4-T6-1 /D:2     /W-T5-1  /T3-T5-1 /T2-T3-4 
/D:1     /W-F0-1  /T6-F0-1 /T6-F3-1 /T0-T4-1 /T0-F0-1 /T6-F0-1 /D:1     /W-F1-1  /T4-F1-1 
/D:1     /W-T3-1  /D:1     /W-T3-1  /T1-T3-3 /T6-T1-1 /T6-T0-1 /T2-T0-1 /T5-T2-3 /T5-F1-1 
/T1-T2-2 /D:4     /W-T3-1  /T4-T3-1 /T4-T1-1 /T6-T4-1 /D:1     /W-T2-1  /D:1     /W-F0-1  
/D:3     /W-T6-1  /D:2     /W-T5-1  /R       /D:1     /W-T0-1  /T2-T0-7 /T6-T2-2 /T6-F3-1 
/D:1     /W-T1-1  /D:1     /W-F2-1  /T3-F2-1 /T0-F2-1 /T0-F3-1 /T3-F1-1 /T3-F2-1 /T3-F3-1 
/T0-F0-1 /T5-T3-1 /T5-F0-1 /T5-T4-1 /D:1     /W-T1-1  /D:1     /W-F1-1  /T3-F1-1 /T0-F1-1 
/T3-T4-1 /T3-F1-1 /D:1     /W-F1-1  /D:1     /W-F2-1  /T4-F2-1 /T0-F2-1 /T4-T3-1 /T4-F2-1 
/T3-T4-2 /T3-F1-1 /T0-T1-2 /T0-F1-1 /T2-F1-1 /T4-T3-3 /D:1     /W-F3-1  /T3-F3-1 /T1-F3-1 
/D:2     /W-F0-1  /T3-F0-1 /T1-F0-1 /T3-F3-1 /T3-F0-1 /T1-F3-1 /T1-F0-1 /T1-F1-1 /T3-F3-1 
/T3-F0-1 /D:1     /W-F2-1  /W-F2-1  /T0-F2-1 /T0-F3-1 /T2-F2-1 
"
1010497,u#rO#lba#AWoX#dIzwP#tgxQGM#CHEpjBV#yNkvqTcfmisnYFeUhJRLZSDK,125.500000,2716.000000,45.000000,0.635802,1,"
minimal: 0 / states: 117 / duration: 0.000108s
history:
/T2-F1-1 /T2-F1-1 /T0-T6-1 /T5-T0-1 /T2-T0-1 /D:2     /W-F3-1  /T1-F3-1 /T4-F3-1 /T6-T4-2 
/T4-T3-3 /T4-T2-1 /D:4     /W-T3-1  /D:1     /W-F1-1  /D:1     /W-T5-1  /T1-T5-1 /D:1     
/W-T1-1  /D:2     /W-T3-1  /D:1     /W-F2-1  /D:1     /W-T2-1  /D:2     /W-T3-1  /D:1     
/W-T4-1  /T5-T4-3 /T5-F3-1 /T5-T0-1 /W-T5-1  /D:3     /W-F3-1  /D:1     /W-T1-1  /T3-T1-7 
/T3-F2-1 /T3-T0-1 /T3-F0-1 /T6-F0-1 /T4-T0-5 /T4-F1-1 /T1-F1-1 /D:1     /W-T3-1  /D:1     
/W-F3-1  /D:2     /W-T2-1  /T6-T2-1 /T6-F2-1 /R       /D:1     /W-T3-1  /D:1     /W-T3-1  
/D:1     /W-T2-1  /D:1     /W-F2-1  /T0-F2-1 /T1-F2-1 /T6-T0-1 /T5-T6-2 /T1-F3-1 /T5-F2-1 
/T1-F2-1 /T6-T1-3 /T6-F0-1 /T2-F2-1 /D:3     /W-T3-1  /T1-T3-4 /T1-F2-1 /D:1     /W-F0-1  
/T0-F0-1 /T0-F1-1 /T3-F0-1 /T0-F0-1 /T0-F3-1 /T3-F1-1 /T3-F0-1 /T3-F3-1 /W-F1-1  /T0-F0-1 
/T0-F3-1 /W-F1-1  /T2-F1-1 /T0-F2-1 /T3-F0-1 /T1-F3-1 /T2-F0-1 /T2-F3-1 /T3-F1-1 /T0-F1-1 
/T1-F0-1 /T0-F0-1 /T3-F2-1 /T1-F1-1 /T2-F2-1 /T3-F3-1 
"
1010533,d#Ak#MHf#KCBI#WDxnq#Tuyvpj#OeglZNP#EwoJLrSzFGscVhiRQYbtmaUX,163.500000,4186.000000,54.000000,0.565217,1,"
minimal: 0 / states: 132 / duration: 0.000112s
history:
/T6-T4-1 /T6-F3-1 /T3-T5-1 /T3-T4-1 /T3-T0-1 /T5-T3-2 /D:1     /W-T2-1  /T0-T2-2 /T6-T0-1 
/T3-T6-3 /D:1     /W-T1-1  /D:3     /W-T0-1  /T1-T0-2 /T1-F0-1 /T4-F0-1 /T2-F0-1 /T5-T2-1 
/D:3     /W-T1-1  /T6-T1-4 /D:1     /W-T6-1  /D:4     /W-T0-1  /D:1     /W-T1-1  /D:2     
/W-T6-1  /T4-T6-2 /T4-F2-1 /D:3     /W-T2-1  /D:1     /W-T1-1  /T2-T1-5 /T6-T2-5 /T2-T0-6 
/W-T2-1  /T4-T2-1 /T4-F0-1 /T5-T4-1 /T4-T2-2 /D:1     /W-T3-1  /T5-T3-1 /D:1     /W-F1-1  
/T1-F1-1 /D:1     /W-T2-1  /D:1     /W-T3-1  /R       /D:1     /W-F2-1  /T1-F2-1 /D:1     
/W-T3-1  /D:3     /W-T2-1  /W-T2-1  /W-T2-1  /T1-T2-1 /T1-F0-1 /D:2     /W-F1-1  /T2-F1-1 
/T6-F1-1 /T6-F3-1 /T0-F3-1 /T0-F2-1 /T1-F1-1 /T2-F2-1 /W-F2-1  /T1-F2-1 /T5-F2-1 /T0-T5-2 
/T0-F1-1 /T1-F1-1 /T2-T1-3 /T2-F2-1 /T0-T3-2 /T0-F2-1 /T5-T3-3 /D:1     /W-F1-1  /T1-T2-4 
/T1-F1-1 /T0-F1-1 /T2-T1-5 /T2-F2-1 /T1-T2-6 /T1-F1-1 /T3-T0-7 /T3-F2-1 /T1-F2-1 /T3-F1-1 
/D:1     /W-F3-1  /T0-F3-1 /T0-F0-1 /T2-F3-1 /T0-F3-1 /T2-F0-1 /T0-F0-1 /T2-F3-1 /T0-F3-1 
/T2-F0-1 /T0-F0-1 /T2-F3-1 /T0-F3-1 /T2-F0-1 /T0-F0-1 /T2-F3-1 /T0-F3-1 /T2-F0-1 
"
1010560,P#SR#lFC#wAMq#Epetk#IGKxva#JsVjcQo#gYXbDumzhNdyBnOUZWLHTirf,113.500000,972.000000,35.000000,0.756944,1,"
minimal: 0 / states: 108 / duration: 0.000105s
history:
/T5-F1-1 /T6-T0-1 /T3-T1-1 /T2-T6-1 /T1-T2-2 /T0-T2-2 /T3-T0-1 /T3-F0-1 /T3-T4-1 /D:2     
/W-T0-1  /D:2     /W-F1-1  /D:3     /W-T3-1  /D:2     /W-T5-1  /D:1     /W-F3-1  /D:2     
/W-T3-1  /T4-T3-2 /T4-T5-1 /T1-T5-1 /D:1     /W-F0-1  /T6-F0-1 /D:1     /W-F2-1  /T2-F2-1 
/D:1     /W-F3-1  /T2-F3-1 /T6-F3-1 /T6-F1-1 /T5-T6-4 /T5-T0-1 /T6-T0-5 /T6-T3-1 /T4-T6-1 
/T4-F2-1 /T2-F2-1 /W-F1-1  /T2-F3-1 /T0-F3-1 /T6-F1-1 /W-T1-1  /W-T3-1  /W-F0-1  /T4-F0-1 
/T2-F0-1 /T5-T2-1 /T5-F0-1 /T2-T1-2 /D:1     /W-T5-1  /D:1     /W-T2-1  /D:1     /W-T1-1  
/T5-T1-2 /D:1     /W-T2-1  /W-T2-1  /W-T3-1  /T6-T3-1 /T6-T2-1 /D:1     /W-F0-1  /D:1     
/W-F3-1  /T1-F3-1 /T1-F0-1 /T2-F0-1 /D:2     /W-F2-1  /T3-F2-1 /T0-F2-1 /D:1     /W-F1-1  
/T3-F1-1 /T0-F1-1 /T3-F2-1 /T0-F2-1 /T3-F3-1 /T1-F3-1 /W-F1-1  /T0-F1-1 /T1-F0-1 /T3-F2-1 
/T0-F2-1 /T2-F3-1 /T0-F3-1 /T3-F1-1 /T1-F1-1 /T2-F0-1 /T0-F0-1 /T3-F2-1 /T1-F2-1 /T2-F3-1 
/T3-F1-1 
"
1010564,B#aX#ivP#DfSA#EUdln#FgCZwp#uHGxzky#QTcLNmKOItYohRbsqWejrJMV,142.000000,3655.000000,45.000000,0.613636,1,"
minimal: 0 / states: 118 / duration: 0.000113s
history:
/T3-F0-1 /T0-F0-1 /T4-F2-1 /T1-T6-1 /T1-F1-1 /D:5     /W-F3-1  /D:1     /W-T0-1  /T6-T0-2 
/D:1     /W-T4-1  /D:1     /W-F3-1  /T2-F3-1 /D:4     /W-F2-1  /T5-F2-1 /T5-T0-1 /T5-T1-1 
/T5-F0-1 /D:1     /W-T2-1  /D:2     /W-F1-1  /D:1     /W-T5-1  /W-T5-1  /D:1     /W-F2-1  
/D:1     /W-T4-1  /T2-T4-2 /T2-T0-1 /D:3     /W-F2-1  /D:1     /W-T6-1  /D:1     /W-T2-1  
/T4-T2-5 /F2-T3-1 /T4-T3-1 /D:1     /W-T6-1  /R       /D:1     /W-F3-1  /T5-F3-1 /D:2     
/W-F1-1  /T3-F1-1 /T3-F2-1 /T3-F3-1 /T5-F2-1 /W-F3-1  /T4-F3-1 /T6-F3-1 /T4-T3-1 /D:1     
/W-T1-1  /T6-T1-2 /T6-T4-1 /D:2     /W-T2-1  /T3-T2-2 /T3-F0-1 /T2-F0-1 /D:1     /W-T4-1  
/T6-T4-1 /T2-T6-1 /T2-F2-1 /T6-T2-2 /T5-T6-1 /T6-T0-2 /T5-F0-1 /T6-F2-1 /D:1     /W-F1-1  
/T2-F1-1 /T0-F1-1 /T2-F0-1 /T0-F0-1 /T2-F1-1 /T0-F1-1 /T2-F2-1 /T0-F2-1 /W-F0-1  /T1-F0-1 
/T2-F3-1 /T0-F3-1 /T2-F0-1 /T4-F2-1 /T4-F3-1 /T0-F2-1 /T4-F2-1 /T1-T0-2 /T1-F3-1 /D:1     
/W-F1-1  /T0-F1-1 /T0-F0-1 /T2-F1-1 /T0-F1-1 /T2-F0-1 
"
1010579,V#Zm#HFQ#cfWA#iYtUw#jvuhNI#OzDqpXG#aSsMBrdexELgKnPlkCoyTbJR,130.000000,1474.000000,41.000000,0.657303,1,"
minimal: 0 / states: 116 / duration: 0.000116s
history:
/T3-F0-1  /T5-T3-1  /T5-F3-1  /T6-T5-1  /T4-T6-1  /T4-T3-1  /T4-T3-1  /T0-T6-1  /T1-T0-1  /D:1      
/W-F1-1   /D:1      /W-T3-1   /D:3      /W-F0-1   /D:1      /W-T3-1   /T2-T3-1  /D:2      /W-T2-1   
/D:1      /W-T4-1   /T3-T4-7  /T3-T5-1  /D:1      /W-T5-1   /W-T5-1   /D:1      /W-T0-1   /T6-T0-3  
/T6-T4-1  /T6-T2-1  /T3-T2-1  /W-T3-1   /T4-T3-10 /D:3      /W-F2-1   /D:1      /W-T6-1   /D:3      
/W-F0-1   /D:1      /W-F2-1   /T3-F2-1  /D:1      /W-T1-1   /W-T1-1   /D:2      /W-F1-1   /T2-F1-1  
/T5-F1-1  /T6-T2-1  /T6-F0-1  /T5-F0-1  /D:1      /W-T1-1   /T4-T1-1  /T6-T4-1  /T6-F3-1  /T2-F3-1  
/T2-F2-1  /T2-F1-1  /T3-F3-1  /T3-F2-1  /T5-F1-1  /T2-F0-1  /T5-F0-1  /T2-F0-1  /D:1      /W-F3-1   
/T3-F3-1  /W-F3-1   /T3-T5-1  /T3-F3-1  /T5-T3-2  /T5-T0-1  /T0-T1-1  /T0-F3-1  /T3-T5-2  /T3-F0-1  
/T5-T3-3  /T1-T0-2  /T1-F0-1  /T3-T5-3  /T3-F3-1  /T0-T1-3  /T0-F3-1  /W-T4-1   /W-F0-1   /T0-F0-1  
/W-F1-1   /W-F2-1   /T5-F2-1  /T1-F2-1  /T5-F1-1  /T1-F1-1  /T5-F2-1  /T1-F2-1  /T5-F1-1  /T1-F1-1  
/T3-F2-1  /T1-F2-1  /T3-F3-1  /T1-F3-1  /T4-F1-1  /T0-F1-1  /T3-F0-1  /T4-F2-1  
"
1010727,S#An#TIx#UjNp#wCbLM#iyJEto#FceZldX#uaGsqDkhKvzOrVmPWBQfHgYR,73.000000,710.000000,27.000000,0.789474,1,"
minimal: 0 / states: 118 / duration: 0.000102s
history:
/T1-F2-1 /T1-F0-1 /T5-F2-1 /T3-F2-1 /T3-F3-1 /T4-T1-1 /T6-T4-1 /T3-T2-1 /T5-T3-1 /T6-T5-1 
/T6-T1-1 /T4-T6-2 /T5-T0-2 /T2-T1-2 /T5-T6-1 /T2-T1-1 /T0-T3-3 /T6-T0-4 /F2-T3-1 /T4-T3-1 
/T3-T1-7 /T1-T4-1 /T1-F2-1 /T4-T1-2 /D:2     /W-F1-1  /T1-F1-1 /D:2     /W-T2-1  /T6-T2-1 
/T6-F1-1 /D:1     /W-F2-1  /D:1     /W-T2-1  /D:1     /W-T5-1  /T4-T5-1 /D:4     /W-T3-1  
/D:1     /W-F3-1  /D:1     /W-F2-1  /T2-T6-2 /T2-F2-1 /T6-T2-3 /D:1     /W-T0-1  /D:1     
/W-T4-1  /T5-T4-3 /T5-T4-1 /D:1     /W-F3-1  /D:2     /W-F0-1  /T1-F0-1 /T1-F1-1 /T2-F0-1 
/T2-F1-1 /T1-F0-1 /T2-F0-1 /D:1     /W-F3-1  /D:1     /W-F1-1  /D:1     /W-T0-1  /T2-T0-1 
/D:1     /W-F1-1  /D:1     /W-T3-1  /D:1     /W-F3-1  /T1-F3-1 /T0-F3-1 /T1-F2-1 /T1-F3-1 
/T0-T4-1 /T0-F3-1 /W-F3-1  /R       /D:1     /W-F2-1  /D:1     /W-F0-1  /T4-F0-1 /T1-F0-1 
/T0-F0-1 /T0-F3-1 /T3-F3-1 /D:1     /W-F1-1  /T4-F1-1 /T1-F1-1 /D:1     /W-F0-1  /T0-F0-1 
/T0-F3-1 /T1-T3-2 /T1-F0-1 /D:1     /W-F2-1  /T4-F2-1 /T3-F2-1 /T4-F1-1 /T3-F1-1 /T4-F2-1 
/T3-F2-1 /T4-F1-1 
"
1010738,p#Wt#JUX#HmzB#kIEvY#AhOMfN#erDlSRa#QKVCjwcPniuoFZxsyqbTdGLg,89.500000,813.000000,34.000000,0.737705,1,"
minimal: 0 / states: 119 / duration: 0.000110s
history:
/T5-F3-1 /T6-F1-1 /T5-T1-1 /T4-T5-1 /D:2     /W-T5-1  /D:3     /W-T5-1  /T4-T5-1 /T4-T1-1 
/D:1     /W-T2-1  /D:3     /W-F2-1  /D:1     /W-T2-1  /D:1     /W-T2-1  /D:1     /W-F2-1  
/T0-F2-1 /T5-T0-5 /T5-F3-1 /T1-T5-3 /T4-T1-1 /T5-T0-4 /T5-F0-1 /T3-F0-1 /W-F3-1  /T3-T5-1 
/D:5     /W-T3-1  /T2-T3-4 /T2-T1-1 /T2-T4-1 /T3-T2-6 /D:1     /W-F2-1  /D:1     /W-F1-1  
/D:1     /W-T2-1  /W-T2-1  /T6-T2-1 /D:1     /W-T0-1  /D:1     /W-T1-1  /T6-T1-1 /T6-T5-1 
/T6-T2-1 /T6-F2-1 /W-T5-1  /T1-T5-5 /W-T1-1  /D:1     /W-T1-1  /T4-T1-2 /D:1     /W-T3-1  
/W-T3-1  /W-F1-1  /W-F0-1  /T0-F1-1 /T2-F0-1 /T6-F1-1 /T0-F0-1 /T0-F1-1 /T3-F0-1 /T3-F1-1 
/T5-T0-1 /T5-F0-1 /T3-F0-1 /T0-T5-2 /T0-F1-1 /T5-T0-3 /T5-F0-1 /T1-F0-1 /R       /D:1     
/W-F3-1  /T2-F3-1 /T0-F3-1 /T2-F2-1 /T0-F2-1 /T2-F3-1 /T0-F3-1 /T2-F2-1 /T0-F2-1 /T2-F1-1 
/T0-F1-1 /T0-F0-1 /T1-F1-1 /T1-F0-1 /T2-F2-1 /T5-T0-2 /T5-F1-1 /T0-T5-3 /T0-F0-1 /T2-T1-2 
/T2-F1-1 /D:1     /W-F3-1  /T5-F3-1 /T1-F3-1 /T5-F2-1 /T1-F2-1 /T5-F3-1 /T1-F3-1 /T5-F2-1 
"
1010760,u#EQ#gWO#cVPz#ZxbIB#DRMtAY#mJFdhSC#wlqrUNfTHyakiKvsnoLGepXj,73.500000,390.000000,18.000000,0.980392,1,"
minimal: 0 / states: 119 / duration: 0.000098s
history:
/T6-T1-1  /T5-T3-1  /T5-F0-1  /T4-F0-1  /T6-T5-1  /T6-T4-1  /T5-T4-2  /T2-T1-1  /T4-T2-4  /D:2      
/W-T5-1   /D:2      /W-T2-1   /T6-T2-1  /D:2      /W-F3-1   /T1-F3-1  /T4-T1-1  /T2-T4-7  /T6-T2-1  
/T4-T3-8  /T2-T0-2  /T3-T2-10 /T3-F3-1  /T3-T6-1  /T1-T2-2  /T1-F3-1  /T0-T6-3  /T5-T0-2  /T5-F3-1  
/T3-T5-1  /D:4      /W-T4-1   /D:1      /W-F1-1   /T2-F1-1  /T2-F0-1  /T5-F1-1  /T5-F0-1  /T1-F0-1  
/T2-F1-1  /T6-F0-1  /D:1      /W-T4-1   /T6-T4-4  /D:2      /W-T0-1   /D:2      /W-T4-1   /D:1      
/W-F2-1   /D:1      /W-F2-1   /D:1      /W-T6-1   /D:1      /W-F0-1   /D:1      /W-F1-1   /D:1      
/W-F2-1   /D:1      /W-T6-1   /D:1      /W-T0-1   /W-T0-1   /R        /D:1      /W-T6-1   /D:1      
/W-F2-1   /T2-F2-1  /T2-F3-1  /T4-F2-1  /T2-F2-1  /D:1      /W-T0-1   /D:1      /W-F1-1   /T4-F1-1  
/T2-F1-1  /T4-F2-1  /T0-T2-1  /T0-F2-1  /T6-F2-1  /D:1      /W-F3-1   /T2-F3-1  /T4-F3-1  /T2-T0-1  
/T2-F3-1  /T2-F2-1  /T6-F3-1  /T2-F3-1  /T4-T6-2  /T4-F2-1  /T2-F2-1  /T4-F3-1  /D:1      /W-F0-1   
/T0-F0-1  /T6-F0-1  /D:1      /W-F1-1   /T0-F1-1  /T0-F0-1  /T6-F1-1  /T0-F1-1  /T6-F0-1  /T0-F0-1  
/T6-F1-1  
"
1010762,D#uL#UXi#apPB#EwOQm#csyjlR#YISdrJC#WkegZxbAqKTMtFVfvozNHGhn,159.000000,3170.000000,44.000000,0.594444,1,"
minimal: 0 / states: 115 / duration: 0.000108s
history:
/T1-T4-1 /T0-T5-1 /T4-T0-2 /T6-T4-1 /T2-T6-1 /T6-T2-2 /T4-T6-2 /T4-T6-1 /T2-T0-3 /T1-T0-1 
/D:4     /W-T0-1  /D:1     /W-T1-1  /D:3     /W-F0-1  /T3-F0-1 /T3-T5-1 /T6-T3-1 /T6-F0-1 
/T3-T6-2 /T3-F1-1 /W-F1-1  /D:4     /W-T3-1  /D:1     /W-T2-1  /D:1     /W-T0-1  /T5-T0-3 
/T5-T3-1 /D:1     /W-T4-1  /D:1     /W-T2-1  /T6-T2-4 /D:1     /W-T5-1  /T2-T5-7 /D:1     
/W-T0-1  /D:1     /W-T2-1  /D:1     /W-F3-1  /T5-F3-1 /D:1     /W-T4-1  /W-T4-1  /W-T3-1  
/T5-T3-8 /T5-T1-1 /T5-T4-1 /T5-F1-1 /T6-F1-1 /D:3     /W-F2-1  /T0-F2-1 /T0-F3-1 /T0-F0-1 
/T3-F2-1 /T3-F3-1 /T0-F3-1 /T6-F3-1 /W-T6-1  /W-T6-1  /W-F2-1  /T3-F2-1 /T4-F2-1 /T4-F3-1 
/T3-T6-1 /T3-F2-1 /T3-F3-1 /T0-T4-2 /T0-F2-1 /T3-F2-1 /T6-T3-4 /T4-T0-3 /T4-F3-1 /T4-F2-1 
/T4-F0-1 /T0-F0-1 /W-F2-1  /W-F1-1  /T3-F1-1 /T0-F1-1 /T3-F0-1 /T0-F0-1 /T3-F1-1 /T0-F1-1 
/T3-F0-1 /T0-F0-1 /T3-F1-1 /W-F1-1  /W-F3-1  /T0-F3-1 /T1-F2-1 /T3-F0-1 /T0-F0-1 /T3-F1-1 
/T0-F1-1 /T6-F3-1 /T1-F3-1 /T2-F2-1 /T3-F0-1 
"
1010799,c#mr#eXs#oAyZ#dSJUx#EYflMi#zgbajQu#kGqRwhPDtCNTFLvHInVWpOBK,139.000000,1742.000000,45.000000,0.601266,1,"
minimal: 0 / states: 128 / duration: 0.000103s
history:
/T6-T5-1 /T6-T1-1 /T6-T4-1 /T6-F1-1 /T6-F1-1 /T2-T6-1 /T6-T5-2 /T0-F1-1 /T3-T0-1 /T3-T0-1 
/T3-F0-1 /T2-T0-1 /T2-T5-1 /D:3     /W-T5-1  /D:2     /W-T0-1  /T5-T0-6 /T5-T2-1 /T4-T5-2 
/T5-T2-3 /T1-T5-2 /D:2     /W-T0-1  /T3-T0-1 /D:2     /W-T4-1  /T5-T4-3 /T5-T6-1 /D:1     
/W-T4-1  /D:1     /W-F3-1  /D:3     /W-T1-1  /D:1     /W-T2-1  /T4-T2-6 /D:3     /W-F2-1  
/T0-F2-1 /D:1     /W-T4-1  /D:2     /W-F2-1  /D:1     /W-F3-1  /T0-F3-1 /T0-F2-1 /T2-T5-2 
/T2-F2-1 /T5-T2-3 /D:1     /W-F0-1  /T2-F0-1 /T2-F3-1 /D:1     /W-T6-1  /W-T6-1  /W-T6-1  
/W-T4-1  /R       /D:1     /W-T1-1  /T4-T1-3 /D:2     /W-F3-1  /T4-F3-1 /T4-F1-1 /T0-F1-1 
/T0-F2-1 /D:1     /W-T6-1  /W-T6-1  /T2-T6-2 /T2-F2-1 /T0-T1-1 /T0-F2-1 /D:1     /W-F0-1  
/T6-F0-1 /T6-F1-1 /T1-F1-1 /T6-T2-1 /T6-F1-1 /T0-F1-1 /T2-T6-2 /T2-F2-1 /T0-F2-1 /T2-F1-1 
/T2-F2-1 /T1-T0-3 /T1-F1-1 /T2-F1-1 /T0-T1-4 /T0-F2-1 /T1-T0-5 /T1-F1-1 /T6-T2-6 /T6-F2-1 
/D:1     /W-F3-1  /D:1     /W-F0-1  /T2-F0-1 /T0-F0-1 /T2-F3-1 /T0-F3-1 /T2-F0-1 /T0-F0-1 
/T2-F3-1 /T0-F3-1 /T2-F0-1 /T0-F0-1 /T2-F3-1 /T0-F3-1 /T2-F0-1 
"
1010825,g#WG#kmY#zLcF#vbXMI#TKSPUn#fdrloJR#tqOVyhusZEwHpBiAjQeNaDCx,120.000000,1747.000000,40.000000,0.647887,1,"
minimal: 0 / states: 117 / duration: 0.000115s
history:
/T5-F2-1  /T6-T3-1  /T5-T4-1  /T3-T0-2  /T1-T4-1  /T4-T1-3  /T2-T4-1  /D:2      /W-T0-1   /T5-T0-1  
/T5-T1-1  /T5-T4-1  /T1-T4-5  /T4-T1-8  /T6-T4-1  /T6-F2-1  /D:2      /W-T4-1   /D:1      /W-T2-1   
/T4-T2-3  /D:2      /W-T2-1   /T0-T2-5  /T2-T0-11 /D:1      /W-T5-1   /D:2      /W-T1-1   /D:1      
/W-T2-1   /D:2      /W-F2-1   /D:1      /W-T0-1   /D:1      /W-T2-1   /W-T2-1   /T5-T2-2  /W-T5-1   
/D:1      /W-F0-1   /T0-F0-1  /D:2      /W-T1-1   /F2-T1-1  /T4-T1-1  /D:1      /W-T2-1   /D:1      
/W-F3-1   /D:1      /W-F1-1   /T1-F1-1  /T3-F1-1  /T3-T5-1  /T6-T3-1  /T1-F2-1  /T2-T5-7  /D:1      
/W-T5-1   /T0-T5-1  /T0-F2-1  /T6-F2-1  /T6-F1-1  /T5-T0-2  /T5-F1-1  /T5-F2-1  /T6-F1-1  /T0-T5-4  
/T0-F1-1  /D:1      /W-F0-1   /D:1      /W-T3-1   /W-T3-1   /W-F1-1   /W-F3-1   /T5-F3-1  /T1-F3-1  
/T5-F0-1  /T1-F0-1  /T5-F3-1  /T1-F3-1  /T5-F0-1  /T1-F0-1  /T5-F3-1  /T5-F0-1  /W-F2-1   /T0-F2-1  
/T1-F3-1  /T0-F3-1  /T1-F0-1  /T4-F2-1  /T1-F3-1  /T5-F1-1  /T0-F0-1  /T3-F1-1  /T1-F0-1  /T5-F2-1  
/T0-F3-1  /T3-F2-1  /T1-F3-1  /T5-F1-1  /T0-F2-1  /T3-F1-1  /T3-F2-1  /T5-F0-1  /T0-F1-1  /T1-F0-1  
/T5-F3-1  
"
1010846,P#Qd#fvN#rGyl#LCxte#TAUMai#SZhqbcw#sOHKXoDuzWFYJjgBVEIRkpnm,171.000000,4278.000000,48.000000,0.591398,1,"
minimal: 0 / states: 125 / duration: 0.000108s
history:
/T2-F3-1 /T5-T6-1 /T5-F1-1 /T3-T5-1 /D:2     /W-F3-1  /T0-F3-1 /T5-T0-2 /T5-T2-1 /T5-F0-1 
/W-T5-1  /T4-T5-1 /T4-T2-1 /T4-T0-1 /T4-T1-1 /D:1     /W-T6-1  /T5-T6-3 /D:2     /W-T3-1  
/T6-T3-6 /D:1     /W-T6-1  /D:1     /W-T3-1  /T6-T3-2 /T6-F1-1 /D:2     /W-T5-1  /D:1     
/W-T0-1  /T2-T0-3 /T2-T0-1 /D:2     /W-T5-1  /D:4     /W-F0-1  /T1-F0-1 /T3-T6-2 /T3-F0-1 
/T6-T3-3 /D:2     /W-T0-1  /T1-T0-1 /T1-F3-1 /D:2     /W-F3-1  /D:1     /W-T4-1  /D:1     
/W-T0-1  /D:1     /W-F2-1  /T3-F2-1 /T0-F2-1 /T3-F1-1 /T0-F1-1 /T0-F0-1 /T3-F2-1 /T3-F1-1 
/T0-F1-1 /D:1     /W-T1-1  /T3-T1-7 /T3-T6-1 /T3-F2-1 /T1-F2-1 /T0-F2-1 /R       /D:1     
/W-T5-1  /D:1     /W-F2-1  /D:1     /W-F0-1  /T6-F0-1 /D:1     /W-T4-1  /D:1     /W-T5-1  
/D:1     /W-F1-1  /T6-F1-1 /T6-T2-1 /T6-F3-1 /T1-F3-1 /T0-F3-1 /T0-F2-1 /T1-F0-1 /T1-F1-1 
/T1-F2-1 /T5-F1-1 /T0-T5-1 /T0-F2-1 /T4-T1-1 /T4-F1-1 /T0-F1-1 /T1-T2-3 /T1-F1-1 /T2-T4-2 
/T2-F2-1 /T5-T0-3 /T5-F2-1 /T4-T2-3 /D:1     /W-F3-1  /T0-F3-1 /D:1     /W-F0-1  /T2-F0-1 
/T0-F0-1 /T2-F3-1 /T0-F3-1 /T2-F0-1 /T0-F0-1 /T2-F3-1 
"
1010860,B#ov#NZj#lzny#ixASq#dcHJte#RULEPFr#abKDwsWCpkfXMhTQGOIVgYum,121.000000,3014.000000,51.000000,0.562500,1,"
minimal: 0 / states: 123 / duration: 0.000097s
history:
/T4-T5-1 /T6-T4-1 /T5-T6-2 /T4-T5-2 /T4-F0-1 /T0-F0-1 /T2-T4-1 /T3-T2-1 /T3-F2-1 /T1-T4-1 
/T1-F2-1 /T2-T0-2 /T2-F3-1 /T3-T1-1 /T4-T3-3 /T3-T1-4 /D:1     /W-F1-1  /D:1     /W-F1-1  
/D:6     /W-F0-1  /D:1     /W-F2-1  /T6-F2-1 /T5-F2-1 /D:1     /W-T0-1  /D:3     /W-T2-1  
/D:1     /W-T1-1  /T5-T1-2 /T5-T0-1 /T5-T4-1 /T5-F1-1 /T5-F1-1 /T6-F1-1 /T4-T0-2 /D:1     
/W-T0-1  /T6-T0-1 /D:3     /W-F3-1  /T6-F3-1 /T6-T1-1 /D:4     /W-T2-1  /D:2     /W-T3-1  
/T6-T3-1 /R       /D:1     /W-T2-1  /D:1     /W-F0-1  /T1-F0-1 /T0-F0-1 /D:2     /W-F2-1  
/D:1     /W-T2-1  /D:1     /W-F1-1  /D:1     /W-T3-1  /W-T3-1  /D:1     /W-F3-1  /D:1     
/W-F0-1  /D:1     /W-T2-1  /T6-T2-1 /T6-F3-1 /T1-F3-1 /T0-F3-1 /T1-F2-1 /T2-F3-1 /T0-F0-1 
/T2-F0-1 /T0-T3-1 /T0-F0-1 /D:1     /W-F3-1  /T2-F3-1 /T2-F0-1 /T3-T0-2 /T3-F3-1 /T2-F3-1 
/T3-F0-1 /T2-F0-1 /T0-T3-4 /T0-F3-1 /D:1     /W-F1-1  /T1-F1-1 /T3-F1-1 /D:1     /W-F2-1  
/T1-F2-1 /T1-F1-1 /T3-F2-1 /T1-F2-1 /T3-F1-1 /T1-F1-1 /T3-F2-1 /T1-F2-1 /T3-F1-1 
"
1010911,s#VL#EUN#TSag#wOWrt#RMQieA#Fjkmfno#KxubYHpGZzDyJqPcBIXdhlvC,136.000000,1509.000000,61.000000,0.546729,1,"
minimal: 0 / states: 132 / duration: 0.000132s
history:
/T2-F3-1 /T5-F0-1 /T4-T2-1 /T5-T0-1 /T0-T3-2 /D:3     /W-T5-1  /T3-T5-3 /T3-F1-1 /T4-T3-1 
/T3-T2-2 /D:1     /W-F1-1  /D:5     /W-T0-1  /T1-T0-1 /D:2     /W-T5-1  /D:4     /W-T5-1  
/T6-T5-1 /T6-F2-1 /T5-F2-1 /D:1     /W-F1-1  /D:1     /W-F0-1  /D:1     /W-T4-1  /T2-T4-4 
/T2-T6-1 /D:1     /W-T0-1  /D:1     /W-F1-1  /D:4     /W-F0-1  /R       /D:4     /W-T1-1  
/T3-T1-1 /D:1     /W-F2-1  /D:2     /W-T2-1  /D:2     /W-T0-1  /T5-T0-7 /T5-T4-1 /T5-T3-1 
/T0-T5-2 /T0-F1-1 /T5-T0-3 /D:1     /W-F2-1  /T4-T6-1 /T4-F2-1 /T6-T4-2 /T6-F1-1 /T6-T5-1 
/W-T5-1  /T6-T5-1 /T0-T1-4 /T0-F1-1 /D:1     /W-F1-1  /D:1     /W-T2-1  /D:1     /W-T6-1  
/R       /D:1     /W-T2-1  /T4-T2-7 /T4-F3-1 /T1-F3-1 /T1-F0-1 /T2-F3-1 /T1-F3-1 /T1-F2-1 
/T2-F0-1 /T2-F3-1 /T2-F2-1 /T0-F2-1 /T0-F1-1 /T1-F3-1 /T2-F3-1 /T6-F2-1 /T6-F1-1 /T6-F0-1 
/T4-F2-1 /T5-F1-1 /T1-T0-2 /D:1     /W-F2-1  /T5-F2-1 /T2-T3-4 /T2-F2-1 /D:2     /W-F0-1  
/T0-F0-1 /T0-F3-1 /T3-F0-1 /T0-F0-1 /T3-F3-1 /T0-F3-1 /T3-F0-1 /T0-F0-1 /T3-F1-1 /T5-F1-1 
/W-F3-1  /T0-F3-1 /T3-F0-1 
"
1010918,d#aH#Nhc#sMzA#okqYv#UISpjV#rnwKLle#yDbQgXxTEuCZiBJFRPfGOWtm,124.000000,933.000000,44.000000,0.587500,1,"
minimal: 0 / states: 131 / duration: 0.000110s
history:
/T3-F0-1 /T1-T5-1 /T1-F1-1 /T3-T1-1 /D:2     /W-T6-1  /T2-T6-1 /T2-T4-1 /T2-F3-1 /T3-T2-1 
/T6-T3-3 /T6-T1-1 /D:1     /W-F1-1  /T3-F1-1 /T0-F1-1 /D:2     /W-T5-1  /T3-T5-3 /D:1     
/W-T6-1  /D:1     /W-T1-1  /D:5     /W-T0-1  /T6-T0-2 /D:2     /W-F0-1  /D:1     /W-T0-1  
/T5-T0-6 /T4-T5-2 /T5-T1-3 /T4-T2-1 /T6-T2-1 /W-T6-1  /W-F0-1  /T0-F0-1 /T4-T0-1 /T6-T4-2 
/T6-F2-1 /F1-T6-1 /T5-T6-1 /W-T4-1  /W-F0-1  /W-T4-1  /T6-T5-3 /D:1     /W-F0-1  /D:2     
/W-T0-1  /D:2     /W-T1-1  /T5-T1-4 /D:1     /W-F3-1  /T0-F3-1 /D:1     /W-T2-1  /T5-T2-1 
/T5-T2-1 /D:1     /W-T2-1  /T1-T2-4 /T1-F0-1 /D:1     /W-T3-1  /R       /D:1     /W-T3-1  
/T4-T3-5 /T4-F2-1 /T2-F2-1 /T0-F2-1 /T2-F1-1 /T0-F1-1 /T2-F2-1 /T0-F2-1 /D:1     /W-F3-1  
/D:1     /W-F3-1  /T2-F3-1 /T3-F3-1 /T2-F2-1 /T2-F3-1 /T3-F2-1 /T0-T3-2 /T0-F3-1 /T1-T2-1 
/T1-F2-1 /T2-T1-2 /T2-F3-1 /T3-T0-3 /T3-F2-1 /T0-T3-4 /T0-F3-1 /T1-T2-3 /T1-F2-1 /T2-T1-4 
/T2-F3-1 /T3-T0-5 /T3-F2-1 /T0-T3-6 /T0-F3-1 /T1-T2-5 /T1-F2-1 /D:1     /W-F1-1  /T3-F1-1 
/T2-F1-1 /T3-F0-1 /T2-F0-1 /T3-F1-1 /T2-F1-1 /T3-F0-1 /T2-F0-1 /T3-F1-1 /T2-F1-1 /T3-F0-1 
/T2-F0-1 /T3-F1-1 
"
1010967,p#CM#aGV#qobY#JEukw#hsFmdT#fDNISAK#yXHWtcjeiOrgUvPQzxRBlZnL,132.000000,1541.000000,39.000000,0.635802,1,"
minimal: 0 / states: 124 / duration: 0.000105s
history:
/T6-T3-1 /T6-F0-1 /T3-T1-2 /T2-T4-1 /T6-T2-1 /T3-T0-1 /D:3     /W-T4-1  /T5-T4-1 /T0-T5-2 
/T1-T0-3 /D:1     /W-T0-1  /T6-T0-1 /T6-F3-1 /D:2     /W-T6-1  /T3-T6-1 /D:4     /W-F3-1  
/D:1     /W-T2-1  /T5-T2-3 /D:2     /W-T0-1  /T2-T0-6 /T2-F1-1 /T0-F1-1 /T5-T2-1 /T5-T4-1 
/D:2     /W-F3-1  /D:1     /W-F3-1  /D:3     /W-T4-1  /T6-T4-3 /D:1     /W-F0-1  /T1-F0-1 
/T4-T3-2 /T4-F0-1 /T4-F3-1 /T0-T6-3 /T0-F3-1 /T6-T0-4 /D:2     /W-T1-1  /D:1     /W-F2-1  
/T3-F2-1 /T0-F2-1 /T3-F1-1 /T0-F1-1 /T3-F2-1 /T0-F2-1 /T5-F2-1 /D:1     /W-T1-1  /R       
/D:1     /W-T2-1  /D:1     /W-T1-1  /T4-T1-5 /T4-T2-1 /D:1     /W-F2-1  /T4-F2-1 /T4-F0-1 
/T1-F0-1 /T1-F3-1 /T0-T5-2 /T0-F3-1 /T4-T2-1 /T5-T0-3 /D:2     /W-F1-1  /T0-F1-1 /T0-F0-1 
/T1-F0-1 /T1-F3-1 /D:1     /W-T1-1  /D:1     /W-F1-1  /T0-F1-1 /T0-F0-1 /T1-F1-1 /T2-F0-1 
/T0-F3-1 /T0-F0-1 /W-F1-1  /T2-F1-1 /T1-T2-2 /T1-F0-1 /D:1     /W-F2-1  /T2-F2-1 /T2-F3-1 
/T0-F3-1 /T0-F0-1 /T1-F3-1 /D:1     /W-T0-1  /D:1     /W-F2-1  /T2-F2-1 /T0-F2-1 /D:1     
/W-F1-1  /T2-F1-1 
"
1010993,F#lx#IrZ#bAyV#UQnDN#HjsBdt#mJCTpao#MEcivRuSkhfqYzKePwGLXOWg,139.500000,2926.000000,45.000000,0.623377,1,"
minimal: 0 / states: 121 / duration: 0.000102s
history:
/T4-F3-1 /D:3     /W-T4-1  /T6-T4-1 /T6-F1-1 /D:3     /W-T0-1  /T4-T0-3 /T4-F2-1 /T0-F2-1 
/T6-F2-1 /T0-T6-4 /T2-T0-1 /T4-T2-1 /T5-T4-1 /D:1     /W-T3-1  /T6-T3-5 /T6-T2-1 /T3-T6-7 
/T3-T0-1 /T3-F0-1 /T3-F1-1 /T6-F1-1 /T5-F1-1 /T5-F0-1 /T2-F0-1 /T6-F0-1 /D:1     /W-T4-1  
/T2-T4-2 /T4-T2-5 /D:1     /W-T0-1  /T6-T0-6 /D:3     /W-F2-1  /D:2     /W-T3-1  /W-T3-1  
/T1-T3-1 /D:1     /W-T1-1  /D:1     /W-F1-1  /W-F1-1  /D:4     /W-T6-1  /D:1     /W-T6-1  
/D:1     /W-F3-1  /D:1     /W-T1-1  /T2-T1-6 /D:1     /W-F1-1  /R       /D:1     /W-T2-1  
/T1-T2-9 /D:1     /W-F0-1  /T0-T5-1 /T0-F0-1 /T5-T0-2 /T5-T3-1 /D:2     /W-T3-1  /D:1     
/W-F1-1  /W-F1-1  /D:1     /W-F3-1  /T2-F3-1 /T0-F3-1 /T2-F2-1 /T0-F2-1 /T2-F3-1 /T0-F3-1 
/T2-F2-1 /T0-F2-1 /T2-F3-1 /T3-F2-1 /T0-F3-1 /T3-F1-1 /T0-T6-1 /T0-F1-1 /D:1     /W-F2-1  
/T3-F2-1 /T0-F2-1 /T2-T3-3 /T2-F1-1 /T3-T2-4 /T3-F2-1 /T6-T0-3 /T6-F1-1 /D:1     /W-F0-1  
/T5-F0-1 /T2-F0-1 /T0-F0-1 /T2-F3-1 /T0-F3-1 /T2-F0-1 /T0-F0-1 /T2-F3-1 /T0-F3-1 /T2-F0-1 
"
1011009,a#Ty#IwK#VlDM#UqzFJ#dSuvtn#pWexkbP#CRBiZGQrYscHLmhgjfANEoXO,123.500000,1825.000000,43.000000,0.602740,1,"
minimal: 0 / states: 123 / duration: 0.000122s
history:
/T0-F1-1  /T5-F2-1  /T3-T0-1  /T6-T3-1  /T6-F1-1  /T4-T6-1  /T6-T1-2  /D:2      /W-T4-1   /T3-T4-2  
/T6-T3-1  /T3-T0-2  /T3-T1-1  /D:1      /W-T4-1   /D:2      /W-T3-1   /T1-T3-4  /T4-T1-5  /D:4      
/W-T4-1   /T2-T4-1  /D:2      /W-F1-1   /D:1      /W-T3-1   /T1-T3-6  /T4-T1-3  /T4-T6-1  /T5-T4-1  
/T4-T5-2  /D:2      /W-T4-1   /W-T4-1   /D:3      /W-T0-1   /T5-T0-3  /W-T5-1   /D:1      /W-T0-1   
/D:1      /W-F0-1   /T3-F0-1  /D:1      /W-F3-1   /D:1      /W-T0-1   /D:1      /W-F2-1   /D:1      
/W-T4-1   /T2-T4-1  /W-T2-1   /W-T5-1   /T6-T5-2  /T6-T1-1  /T6-F2-1  /T5-F2-1  /W-F2-1   /W-T0-1   
/W-T2-1   /W-T4-1   /T5-T4-4  /T5-T2-1  /T5-F1-1  /T4-F1-1  /T4-F2-1  /W-F0-1   /T0-T2-2  /T0-F1-1  
/T0-F2-1  /T4-F1-1  /T4-F2-1  /T2-T0-4  /T2-F1-1  /T4-F1-1  /T0-T1-6  /T0-F1-1  /T1-T2-5  /T1-F2-1  
/T4-F2-1  /T0-F2-1  /T3-T4-8  /T3-F1-1  /T0-F1-1  /T3-F2-1  /T1-T0-3  /T1-F2-1  /T4-T3-10 /T4-F1-1  
/T2-T0-6  /D:1      /W-F3-1   /T3-F3-1  /T0-F3-1  /T3-F0-1  /T0-F0-1  /T3-F3-1  /T0-F3-1  /T3-F0-1  
/T0-F0-1  /T3-F3-1  /T0-F3-1  /T3-F0-1  /T0-F0-1  /T3-F3-1  /T0-F3-1  /T3-F0-1  /T0-F0-1  /T3-F3-1  
/T0-F3-1  /T3-F0-1  /T0-F0-1  /T3-F3-1  
"
1011012,j#Jw#Vfi#sAOp#kLern#DhWBQv#NmbYcXH#aSMuGUxzZIKCqloFyEgdTRtP,51.000000,439.000000,20.000000,0.989362,1,"
minimal: 0 / states: 115 / duration: 0.000108s
history:
/T4-F2-1 /T6-T2-1 /T5-T0-1 /T5-T4-1 /T3-T4-1 /T2-T1-2 /T4-T2-3 /T3-T2-1 /T3-F0-1 /T5-F0-1 
/T4-T3-1 /T6-T4-1 /T1-T4-3 /D:1     /W-F1-1  /D:5     /W-T0-1  /W-T0-1  /T2-T0-5 /W-T2-1  
/T2-T1-2 /W-T2-1  /D:4     /W-T5-1  /D:2     /W-F0-1  /D:1     /W-T3-1  /T6-T3-1 /T6-T2-1 
/T6-F1-1 /T4-T6-5 /T1-T4-3 /T6-T1-6 /T6-F3-1 /T0-F3-1 /W-T2-1  /T5-T2-2 /T5-T2-1 /T3-F1-1 
/T5-F0-1 /W-T5-1  /W-T6-1  /D:1     /W-T6-1  /W-T6-1  /T0-T6-8 /D:1     /W-F2-1  /T6-F2-1 
/T3-F2-1 /D:2     /W-T5-1  /T4-T5-4 /D:1     /W-F0-1  /W-F0-1  /D:1     /W-T1-1  /T3-T1-2 
/D:1     /W-F1-1  /T1-F1-1 /D:1     /W-T5-1  /D:1     /W-T1-1  /D:1     /W-T2-1  /T6-T2-3 
/T6-F0-1 /D:1     /W-F3-1  /T2-F3-1 /T1-F3-1 /T2-F2-1 /T1-F2-1 /T2-F1-1 /T1-F1-1 /W-F3-1  
/T2-F2-1 /T2-F1-1 /T5-F3-1 /T1-F0-1 /T5-F2-1 /T1-F1-1 /T6-F3-1 /T2-F0-1 /T5-F3-1 /T5-F0-1 
/T6-F2-1 /T1-F2-1 /T2-F3-1 /T1-F3-1 /T6-F1-1 /T2-F0-1 /T5-F1-1 /T1-F0-1 /T6-F2-1 /T2-F3-1 
/T5-F2-1 /T5-F3-1 /T6-F1-1 /T1-F1-1 /T2-F0-1 /T6-F2-1 
"
1011014,z#eu#oNX#yFDr#kbPxm#nqUBOJ#hpvZsQj#IGHEKCciRAaVSTLdwtgWflYM,144.000000,3828.000000,54.000000,0.562500,1,"
minimal: 0 / states: 122 / duration: 0.000106s
history:
/T5-T2-1 /D:1     /W-T6-1  /D:7     /W-T2-1  /T1-T2-1 /D:2     /W-F0-1  /D:1     /W-F1-1  
/D:3     /W-T2-1  /D:1     /W-T4-1  /T2-T4-5 /T2-F3-1 /T5-F3-1 /T5-F0-1 /T5-T6-1 /T5-T1-1 
/T5-F2-1 /T2-F2-1 /T4-T2-7 /T6-T4-3 /T6-T3-1 /T6-T2-1 /T6-T5-1 /T1-T2-2 /D:3     /W-T4-1  
/D:3     /W-T4-1  /T3-T4-2 /D:1     /W-T0-1  /T4-T0-8 /T4-F3-1 /T4-F1-1 /T0-F3-1 /D:2     
/W-T1-1  /W-T1-1  /R       /D:4     /W-T1-1  /D:1     /W-F0-1  /T3-F0-1 /W-F0-1  /T3-F0-1 
/T3-T5-1 /T4-T5-1 /D:1     /W-F1-1  /D:1     /W-F3-1  /D:2     /W-F3-1  /D:1     /W-F1-1  
/D:1     /W-T5-1  /W-T5-1  /W-T5-1  /W-F0-1  /T5-F0-1 /T0-T6-4 /T0-F0-1 /T6-T0-5 /T6-F2-1 
/T2-F2-1 /T0-F2-1 /T2-F1-1 /T0-F1-1 /T2-F2-1 /T0-F2-1 /T2-F3-1 /T0-F3-1 /T2-F2-1 /T5-F3-1 
/T0-F2-1 /T5-F2-1 /T0-T1-1 /T0-F2-1 /D:1     /W-F1-1  /T6-F1-1 /T2-F1-1 /T1-F1-1 /T2-F0-1 
/T5-F1-1 /T0-F1-1 /T1-F0-1 /T5-F2-1 /T0-F2-1 /T2-T5-2 /T2-F1-1 /D:1     /W-F3-1  /T5-F3-1 
/T1-F3-1 /T5-F0-1 /T1-F0-1 /T5-F3-1 
"
1011030,w#AV#rkL#mSci#CzQhB#yFebWH#xZagNKl#GfROpMTuEtIjsDPUYJdoqvnX,129.000000,3321.000000,58.000000,0.500000,1,"
minimal: 0 / states: 137 / duration: 0.000110s
history:
/T5-T1-1  /T3-T0-1  /T4-T3-1  /D:1      /W-T4-1   /D:1      /W-T4-1   /D:5      /W-T1-1   /D:1      
/W-T0-1   /D:1      /W-T4-1   /D:2      /W-T5-1   /T4-T5-4  /T4-T5-1  /T6-T4-1  /T6-T4-1  /T6-F3-1  
/T5-T4-7  /T6-T0-1  /T6-F1-1  /T5-F1-1  /T2-T6-1  /T2-T6-1  /T0-T6-4  /T4-T0-10 /T4-T0-1  /T6-T4-7  
/D:1      /W-T6-1   /D:1      /W-T1-1   /T5-T1-1  /T5-T4-1  /D:1      /W-T1-1   /T3-T1-2  /T2-T3-1  
/D:5      /W-T3-1   /D:3      /W-T6-1   /D:1      /W-F2-1   /D:1      /W-T5-1   /R        /D:1      
/W-T4-1   /D:1      /W-F3-1   /D:1      /W-T3-1   /D:1      /W-T2-1   /D:2      /W-F3-1   /D:1      
/W-T6-1   /W-T6-1   /T3-T6-4  /T5-T3-2  /D:1      /W-T2-1   /T6-T2-9  /D:1      /W-T3-1   /T1-T3-8  
/T1-F0-1  /T3-F0-1  /T0-F0-1  /T0-F3-1  /T3-F1-1  /T3-F0-1  /T0-F0-1  /T4-F3-1  /T4-F0-1  /T2-T0-3  
/T2-F3-1  /T0-T2-4  /T0-F0-1  /T3-T4-2  /T3-F3-1  /T3-F0-1  /T2-T0-5  /T2-F3-1  /T3-F3-1  /T0-T2-6  
/T0-F0-1  /T0-F3-1  /T3-F0-1  /T0-F0-1  /T3-F3-1  /T2-T0-9  /T2-F3-1  /T4-T3-7  /T4-F0-1  /T2-F0-1  
/T4-F3-1  /D:1      /W-F2-1   /T0-F2-1  /T0-F1-1  /T3-F1-1  /D:1      /W-F2-1   /T0-F2-1  /T0-F1-1  
/T3-F2-1  /T0-F2-1  /T3-F1-1  /T0-F1-1  /T3-F2-1  /T0-F2-1  /T3-F1-1  /T0-F1-1  /T3-F2-1  /T0-F2-1  
/T3-F1-1  /T0-F1-1  /T3-F2-1  /T0-F2-1  /T3-F1-1  
"
1011067,j#hM#Rxz#PHsI#ETyKD#BguaAU#VmqJepN#XdFYSitcCrLfnwZOGlkbWQov,128.500000,1368.000000,50.000000,0.544444,1,"
minimal: 0 / states: 124 / duration: 0.000109s
history:
/T6-F3-1 /T5-T3-1 /T5-F0-1 /T5-F1-1 /T3-T0-2 /D:4     /W-T1-1  /D:3     /W-T0-1  /D:1     
/W-T4-1  /D:4     /W-T0-1  /D:1     /W-F2-1  /D:3     /W-F3-1  /D:2     /W-T2-1  /D:2     
/W-F1-1  /T4-F1-1 /D:3     /W-F2-1  /T6-F2-1 /T4-T6-1 /T6-T3-2 /T4-T1-1 /T0-T1-5 /T2-T0-2 
/T2-T0-1 /D:1     /R       /D:1     /W-T4-1  /T6-T4-1 /T6-F2-1 /T4-T6-3 /T3-T4-3 /T4-T3-4 
/T4-T1-1 /T1-T4-9 /D:1     /W-F1-1  /T3-T2-1 /T3-F1-1 /T2-T3-2 /T6-T2-4 /T5-T6-1 /T5-T6-1 
/T5-F0-1 /T6-T2-3 /D:1     /W-T2-1  /D:3     /W-F0-1  /T3-F0-1 /T4-F0-1 /T2-F0-1 /T4-F1-1 
/T2-F1-1 /T1-F1-1 /W-F1-1  /W-T4-1  /D:1     /W-F2-1  /D:3     /W-T1-1  /D:1     /W-F0-1  
/T3-T2-3 /T3-F0-1 /T3-F3-1 /D:2     /W-T0-1  /T4-T0-4 /T4-F1-1 /W-F1-1  /D:1     /W-F3-1  
/T2-F3-1 /T0-F3-1 /T2-F2-1 /T0-F2-1 /T2-F3-1 /T0-F3-1 /T0-F0-1 /T2-F2-1 /T2-F3-1 /T2-F0-1 
/T0-F3-1 /T4-F0-1 /T2-F3-1 /T4-F3-1 /T1-F3-1 /D:1     /W-F2-1  /W-F2-1  /T0-F2-1 /T0-F1-1 
/T2-F2-1 /T0-F2-1 /W-F0-1  /T2-F1-1 /T4-F0-1 
"
1011074,n#Tk#MGq#zKjF#trOgx#fXEysd#vLVIBAW#iQcRNwuZCSbDUoPamhpelJYH,133.000000,2027.000000,45.000000,0.786458,1,"
minimal: 0 / states: 115 / duration: 0.000106s
history:
/T0-F2-1  /T6-T4-1  /T6-F0-1  /T6-F0-1  /T6-T4-1  /D:3      /W-T2-1   /D:1      /W-T3-1   /T2-T3-2  
/D:1      /W-F3-1   /D:1      /W-T1-1   /T6-T1-1  /T1-T6-3  /T3-T1-4  /D:1      /W-T6-1   /T1-T6-5  
/D:1      /W-T0-1   /T6-T0-10 /T6-T3-1  /D:1      /W-F0-1   /D:1      /W-T2-1   /D:2      /W-F0-1   
/D:1      /W-T3-1   /T2-T3-2  /D:1      /W-F2-1   /D:2      /W-F1-1   /D:1      /W-T1-1   /D:1      
/W-T4-1   /D:1      /W-F2-1   /D:2      /W-T2-1   /T4-T2-4  /D:3      /R        /D:3      /W-F1-1   
/T0-F1-1  /T5-F1-1  /T5-T4-1  /T5-T1-1  /T5-F0-1  /T5-T1-1  /T0-F2-1  /T0-T4-1  /T0-F0-1  /D:2      
/W-F1-1   /T5-F1-1  /T4-T0-2  /T4-F1-1  /T4-F3-1  /W-F3-1   /W-F3-1   /T0-F3-1  /T4-F2-1  /T0-F2-1  
/T3-F3-1  /T0-F3-1  /T3-F0-1  /T4-F2-1  /T0-F2-1  /T2-F1-1  /T3-F3-1  /T3-F2-1  /T0-F3-1  /T0-F2-1  
/W-F1-1   /T3-F1-1  /T0-F1-1  /T2-T3-2  /T2-F2-1  /T3-T2-3  /T1-T0-1  /T1-F2-1  /T3-F2-1  /D:1      
/W-T0-1   /D:2      /W-F0-1   /T2-F0-1  /T0-F0-1  /T2-F3-1  /T0-F3-1  /T2-F0-1  /T0-F0-1  /T2-F1-1  
/T1-F1-1  /W-F3-1   /T0-F3-1  /T2-F0-1  
"
1011144,E#kW#lYQ#ZGsd#gqxtm#uhPRJv#VLHSUfc#BCpAeXojanFizwTrNDMOIKyb,103.000000,1143.000000,34.000000,0.756098,1,"
minimal: 0 / states: 124 / duration: 0.000120s
history:
/T5-T1-1 /T3-T0-1 /D:1     /W-T6-1  /D:1     /W-T0-1  /D:1     /W-T2-1  /D:1     /W-F0-1  
/T6-F0-1 /T0-F0-1 /D:1     /W-T3-1  /D:2     /W-T6-1  /D:2     /W-F1-1  /D:1     /W-F2-1  
/T6-F2-1 /T2-F2-1 /D:2     /W-T5-1  /D:5     /W-F3-1  /D:1     /W-T3-1  /T6-T3-1 /T0-T6-2 
/T4-T0-1 /T6-T4-3 /T6-T1-1 /T4-T1-4 /T1-T4-7 /T5-T1-2 /W-T6-1  /T2-T6-1 /T4-T2-8 /T4-F2-1 
/T3-T4-4 /T6-T3-3 /T6-T1-1 /T6-T0-1 /W-T1-1  /T1-T0-5 /D:1     /W-T1-1  /T2-T1-9 /D:1     
/W-F3-1  /D:2     /W-T2-1  /D:2     /W-F1-1  /T4-F1-1 /T1-F1-1 /T4-F0-1 /T4-F1-1 /T5-T4-1 
/T5-F3-1 /T3-F3-1 /T1-F0-1 /T3-F2-1 /T1-F1-1 /T4-F3-1 /T3-F3-1 /T4-F2-1 /T1-F2-1 /T3-T1-1 
/T0-F3-1 /T4-F1-1 /T5-F1-1 /T5-F2-1 /T0-T6-1 /T0-F1-1 /W-T3-1  /T6-T0-2 /R       /D:1     
/W-T3-1  /D:1     /W-F1-1  /T0-T3-3 /T0-F1-1 /D:1     /W-F0-1  /T1-F0-1 /T1-F3-1 /T1-F2-1 
/T3-F0-1 /T3-F3-1 /T1-F3-1 /D:1     /W-T4-1  /T2-T4-2 /D:1     /W-F2-1  /T1-F2-1 /T3-T0-2 
/T3-F2-1 /T4-T1-1 /T4-F1-1 /T4-F2-1 /T0-T3-3 /T0-F1-1 /D:1     /W-F0-1  /T3-F0-1 /T1-F0-1 
/T3-F3-1 /T1-F3-1 /T3-F0-1 /T1-F0-1 /T3-F3-1 
"
1011152,Y#Dk#cVK#bwna#EFvIB#hluqRN#LeWzsUH#OdToPiZpAxStJCjfXrMyQGmg,119.500000,979.000000,41.000000,0.715116,1,"
minimal: 0 / states: 119 / duration: 0.000109s
history:
/T3-F1-1 /T3-F2-1 /T5-F3-1 /T2-T0-1 /T6-T2-1 /T2-T3-2 /T4-T2-1 /T6-T4-1 /T5-T6-1 /T5-T6-1 
/T3-T1-3 /T3-F1-1 /T2-T6-2 /D:1     /W-F3-1  /D:2     /W-T1-1  /T6-T1-5 /T6-T2-1 /T4-T6-2 
/T6-T0-3 /T0-T2-5 /D:1     /W-F2-1  /D:1     /W-F3-1  /D:2     /W-T0-1  /D:1     /W-F2-1  
/D:1     /W-F0-1  /T1-F0-1 /T1-F1-1 /T1-F2-1 /D:3     /W-T2-1  /W-T2-1  /D:2     /W-F0-1  
/D:4     /W-F2-1  /D:1     /W-T3-1  /D:1     /W-T0-1  /T1-T0-7 /T1-F0-1 /D:1     /W-F3-1  
/T0-F3-1 /T6-T0-1 /T2-F3-1 /W-T6-1  /W-T2-1  /D:2     /W-T1-1  /T6-T1-2 /D:1     /W-T5-1  
/T0-T5-2 /T0-F3-1 /R       /D:1     /W-F1-1  /T5-F1-1 /T5-F2-1 /T2-F1-1 /T2-F2-1 /T5-T0-1 
/T5-F2-1 /T4-F2-1 /T4-T0-1 /T4-F0-1 /T0-F0-1 /T0-F1-1 /T5-T3-1 /T2-F3-1 /T5-F1-1 /D:1     
/W-F1-1  /D:1     /W-T3-1  /D:1     /W-T1-1  /T0-T1-2 /T0-F2-1 /T3-F2-1 /D:1     /W-F1-1  
/T0-F1-1 /T0-F2-1 /T3-F1-1 /T1-T0-5 /T1-F1-1 /T2-T3-4 /T2-F2-1 /D:1     /W-F0-1  /T0-F0-1 
/T0-F3-1 /T3-F0-1 /T0-F0-1 /T3-F3-1 /T0-F3-1 /T3-F0-1 /T0-F0-1 /T3-F3-1 /T0-F3-1 /T3-F0-1 
"
1011153,Z#Vc#zbD#ghuy#OoLCG#fMpBnI#PsdaiNF#kWQRUvlSweJTXtExYmHKjAqr,123.000000,2346.000000,37.000000,0.717391,1,"
minimal: 0 / states: 122 / duration: 0.000107s
history:
/T3-T0-1 /T1-T2-1 /T3-T1-1 /T4-T3-1 /T3-T5-2 /T6-T3-1 /T6-F3-1 /T3-T1-2 /D:1     /W-T0-1  
/D:3     /W-T1-1  /T2-T1-2 /T2-T4-1 /D:3     /W-T2-1  /D:1     /W-T5-1  /D:1     /W-T0-1  
/T6-T0-1 /T6-F1-1 /T4-F1-1 /T4-T6-1 /T1-F1-1 /D:4     /W-T4-1  /D:2     /W-T5-1  /T6-T5-2 
/D:1     /W-T2-1  /D:2     /W-T3-1  /T4-T3-2 /F1-T1-1 /T4-T1-1 /T4-F3-1 /D:1     /W-T0-1  
/D:2     /W-T2-1  /T5-T2-7 /T5-F2-1 /T1-F2-1 /T5-T1-1 /T5-F2-1 /T5-T4-1 /D:1     /W-F0-1  
/T1-F0-1 /T1-F1-1 /T2-F0-1 /T2-F1-1 /T1-F0-1 /T2-F0-1 /T1-T6-1 /T1-F0-1 /T6-T1-2 /T6-F3-1 
/D:1     /W-F2-1  /D:1     /W-F2-1  /R       /D:2     /W-F3-1  /T1-F3-1 /T2-F3-1 /T1-F2-1 
/T2-F0-1 /T0-F0-1 /D:3     /W-F1-1  /T5-F1-1 /T1-F1-1 /T2-F1-1 /T0-F1-1 /T2-F0-1 /T2-F1-1 
/T0-T3-1 /T0-F1-1 /T1-T3-2 /D:1     /W-F0-1  /D:1     /W-F3-1  /D:1     /W-F2-1  /T3-F2-1 
/W-F2-1  /W-F3-1  /T3-F3-1 /T3-F2-1 /W-F3-1  /T2-F2-1 /T3-F3-1 /T0-F2-1 /T2-F1-1 /T2-F2-1 
/T3-T0-1 /T3-F1-1 /D:1     /W-F3-1  /D:1     /W-F0-1  /T0-F0-1 /T0-F3-1 /T4-F0-1 
"
1011192,t#hf#xyK#QMPW#DqEpv#nIBZdN#TajgoGi#ALwecSbHszlRFCmOUYkVurXJ,102.500000,2091.000000,42.000000,0.628378,1,"
minimal: 0 / states: 129 / duration: 0.000115s
history:
/T5-F3-1  /T4-T3-1  /T3-T2-2  /T4-T5-1  /T5-T4-2  /T4-T1-3  /T3-T4-1  /T1-T0-4  /T0-T1-5  /T5-T0-1  
/T5-T4-1  /T1-T2-6  /T3-T1-1  /D:1      /W-F0-1   /T4-F0-1  /D:1      /W-T0-1   /D:5      /W-T2-1   
/D:1      /W-T6-1   /D:3      /W-T1-1   /T2-T1-10 /D:3      /W-F0-1   /D:2      /W-F3-1   /T4-F3-1  
/T3-F3-1  /W-T3-1   /T2-T3-1  /D:1      /W-T5-1   /D:2      /W-T0-1   /D:4      /W-T3-1   /D:1      
/W-T0-1   /T6-T0-2  /T6-T5-1  /R        /D:1      /W-T3-1   /D:2      /W-T4-1   /T6-T4-1  /T6-T0-1  
/T6-T2-1  /T6-F1-1  /T1-F1-1  /T5-T2-3  /T5-F2-1  /T4-F2-1  /T1-F2-1  /T4-F1-1  /T1-F1-1  /T4-F2-1  
/T4-F0-1  /T1-F0-1  /W-F1-1   /T1-F1-1  /T0-F1-1  /T6-T0-1  /D:1      /W-T1-1   /D:1      /W-T0-1   
/D:1      /W-T4-1   /D:1      /W-F3-1   /T1-F3-1  /D:1      /W-F0-1   /T2-F0-1  /T1-T2-1  /T1-F1-1  
/D:1      /W-T4-1   /T2-T4-5  /D:1      /W-T3-1   /T0-T3-3  /T0-F1-1  /D:2      /W-F2-1   /T3-F2-1  
/T3-F3-1  /T3-F0-1  /T4-F2-1  /T4-F3-1  /T4-F0-1  /W-F2-1   /T1-F2-1  /T3-F3-1  /T0-F0-1  /T1-F3-1  
/T3-F2-1  /T3-F3-1  /T4-F1-1  /T0-F1-1  /T1-F0-1  /T0-F0-1  /T4-F2-1  /T1-F1-1  /T3-F2-1  /T3-F1-1  
/T4-F3-1  /T0-F3-1  /T1-F0-1  /T4-F2-1  
"
1011201,F#xU#PAG#aBbO#vSVjp#ColfRQ#ekMhmnr#LNdTIcZgJKsztDiXYuwHqEWy,70.000000,282.000000,17.000000,1.063830,1,"
minimal: 0 / states: 115 / duration: 0.000096s
history:
/T5-T6-1 /T4-T6-1 /T5-T0-1 /T6-T5-3 /T6-F2-1 /T3-T5-1 /T5-T2-5 /T2-T1-6 /T2-F0-1 /D:1     
/W-T6-1  /D:1     /W-F3-1  /T1-F3-1 /T3-T1-1 /T3-F0-1 /T3-F1-1 /T1-F1-1 /T6-T3-2 /T2-F3-1 
/D:3     /W-T4-1  /T6-T4-1 /T5-T6-1 /T5-F2-1 /T1-F2-1 /T5-F0-1 /T1-F3-1 /T6-T2-2 /T6-T3-1 
/T0-F3-1 /T6-T0-1 /D:1     /W-F1-1  /D:1     /W-T5-1  /D:2     /W-T3-1  /D:1     /W-T2-1  
/T4-T2-3 /T4-T3-1 /T4-F3-1 /T1-T4-4 /D:2     /W-T6-1  /D:1     /W-T2-1  /D:1     /W-F0-1  
/D:3     /W-T6-1  /T1-T6-1 /D:1     /W-T3-1  /D:3     /W-F2-1  /T4-F2-1 /D:1     /W-F0-1  
/D:1     /W-T6-1  /T4-T6-4 /D:1     /W-T5-1  /R       /D:1     /W-F1-1  /T0-F1-1 /T0-F0-1 
/T6-F1-1 /T6-F0-1 /D:1     /W-F3-1  /T6-F3-1 /D:1     /W-F1-1  /D:1     /W-F2-1  /T2-F2-1 
/T2-F1-1 /T3-F2-1 /T6-F2-1 /T3-F3-1 /T6-F3-1 /D:1     /W-F1-1  /D:1     /W-F3-1  /D:1     
/W-F2-1  /T6-F2-1 /T5-F2-1 /T6-F3-1 /T5-F3-1 /T6-F2-1 /D:1     /W-F0-1  /T2-F0-1 /T2-F1-1 
/T3-F0-1 /T2-F0-1 /T3-F1-1 /T2-F1-1 /T3-F0-1 /T2-F0-1 /T3-F1-1 
"
1011211,b#wd#rHG#goEC#jPOBz#QSDAaV#tUFZvxn#JuXRLfyTYmqsclpkiNKIWeMh,104.500000,931.000000,35.000000,0.716667,1,"
minimal: 0 / states: 122 / duration: 0.000103s
history:
/T6-F2-1 /T3-T1-1 /T1-T3-2 /T5-T1-1 /T5-F1-1 /T0-F1-1 /T5-F0-1 /T4-T0-1 /T4-F0-1 /T4-T3-1 
/T4-T5-1 /T4-T6-1 /D:2     /W-T1-1  /D:4     /W-T2-1  /T3-T2-4 /T3-F2-1 /T3-T1-1 /D:3     
/W-T0-1  /T6-T0-2 /T6-T0-1 /T6-T3-1 /T6-T1-1 /T2-T6-6 /T6-T0-7 /W-T2-1  /W-T3-1  /D:1     
/W-T4-1  /W-T4-1  /W-T1-1  /T5-T1-2 /T5-T6-1 /W-T3-1  /W-T3-1  /D:2     /W-T2-1  /D:1     
/W-F1-1  /T0-T5-2 /T0-F1-1 /T5-T0-3 /D:2     /W-F2-1  /D:1     /W-T4-1  /T1-T4-8 /D:1     
/W-T3-1  /T2-T3-3 /T2-T6-1 /D:1     /W-F3-1  /T0-F3-1 /T0-F0-1 /T4-F3-1 /T0-F3-1 /T4-F0-1 
/T0-F0-1 /T4-F3-1 /T4-F0-1 /T6-T0-1 /T6-F3-1 /T0-T6-2 /T0-F0-1 /T3-T4-1 /T3-F3-1 /T0-F3-1 
/T3-F0-1 /T4-T3-3 /T4-F3-1 /D:2     /W-F0-1  /T3-T4-4 /T3-F0-1 /W-F0-1  /D:1     /W-F3-1  
/T3-F3-1 /T4-T3-6 /T4-F0-1 /D:1     /W-F1-1  /D:1     /W-F0-1  /D:1     /W-T0-1  /T6-T0-3 
/R       /D:1     /W-F2-1  /T0-F2-1 /T0-F1-1 /T3-F2-1 /T0-F2-1 /T3-F1-1 /T0-F1-1 /T3-F2-1 
/T0-F2-1 /T3-F1-1 /T0-F1-1 /T3-F2-1 /T0-F2-1 /T0-F3-1 /T3-F1-1 /T3-F2-1 /T3-F3-1 /T0-F2-1 
/D:1     /W-F1-1  /T4-F1-1 
"
1011227,v#jO#ldw#SFKi#VeLny#PGtQoa#ETgpIfH#MhYqDbCzcXJxNZkrsABumWUR,127.500000,3741.000000,59.000000,0.538889,1,"
minimal: 0 / states: 134 / duration: 0.000123s
history:
/T5-F1-1 /T6-T3-1 /T3-T2-2 /D:2     /W-T0-1  /D:4     /W-F1-1  /D:3     /W-F1-1  /D:1     
/W-T4-1  /T2-T4-3 /T2-F1-1 /T3-T2-1 /D:3     /W-F3-1  /T1-F3-1 /T0-T1-2 /T1-T2-3 /D:1     
/W-T0-1  /T4-T0-5 /T4-F2-1 /T5-F2-1 /D:1     /W-T4-1  /D:1     /W-T6-1  /T5-T6-1 /T6-T5-3 
/T5-T2-4 /D:2     /W-F0-1  /D:1     /W-F0-1  /D:2     /W-T1-1  /T4-T1-2 /T4-F1-1 /W-T4-1  
/D:2     /W-T6-1  /T5-T6-1 /T5-F3-1 /T2-F3-1 /D:1     /W-F3-1  /R       /D:1     /W-T5-1  
/T2-T5-8 /D:4     /W-F0-1  /W-F0-1  /D:1     /W-T2-1  /D:1     /W-T1-1  /T4-T1-2 /D:3     
/R       /D:1     /W-T2-1  /D:2     /W-T2-1  /D:2     /W-T2-1  /T6-T2-3 /T6-F2-1 /T6-T0-1 
/T3-T0-1 /T6-T1-1 /T6-F0-1 /T0-F0-1 /T2-F0-1 /T3-F3-1 /T1-F3-1 /T2-F3-1 /T0-T1-1 /T0-F0-1 
/T2-F0-1 /T1-T0-2 /T1-F3-1 /T1-F0-1 /T2-F3-1 /T0-T1-4 /T0-F3-1 /T5-T2-6 /T5-F0-1 /T1-T0-5 
/T1-F0-1 /T2-T5-7 /T2-F3-1 /T0-T1-6 /T0-F3-1 /T5-T2-8 /T5-F0-1 /W-T1-1  /W-F2-1  /T2-F2-1 
/T1-F2-1 /T2-F1-1 /T1-F1-1 /T2-F2-1 /T1-F2-1 /T2-F1-1 /T1-F1-1 /T2-F2-1 /T1-F2-1 /T2-F1-1 
/T1-F1-1 /T2-F2-1 /T1-F2-1 /T2-F1-1 /T1-F1-1 /T2-F2-1 
"
1011237,Q#sa#oml#GhTA#RrDIZ#JHxqBN#fjUEdpK#cYzwFvbeXSiyVPguWLOMkCnt,163.500000,4278.000000,44.000000,0.604167,1,"
minimal: 0 / states: 119 / duration: 0.000106s
history:
/T1-F1-1 /T3-F0-1 /T5-F3-1 /T5-F0-1 /T6-T2-1 /T6-T0-1 /T1-T3-1 /T4-T1-1 /D:1     /W-T5-1  
/D:6     /W-F1-1  /T5-F1-1 /T6-F1-1 /T0-T6-2 /D:1     /W-T3-1  /T5-T3-1 /D:4     /W-T1-1  
/D:2     /W-T3-1  /D:3     /W-T2-1  /T4-T2-1 /D:2     /W-F3-1  /T3-F3-1 /D:1     /W-T0-1  
/T2-T0-4 /W-T2-1  /D:1     /W-T1-1  /D:1     /W-F0-1  /T4-F0-1 /T6-T4-2 /T6-F0-1 /T6-T0-1 
/T6-T5-1 /T4-T6-3 /T3-T4-1 /T3-F1-1 /T4-T3-2 /T2-T4-2 /D:1     /W-F2-1  /T2-F2-1 /T6-F2-1 
/T3-F2-1 /T6-F3-1 /T3-F3-1 /T6-F2-1 /T3-F2-1 /T6-F1-1 /D:1     /W-F2-1  /W-F2-1  /W-F1-1  
/R       /D:2     /W-T2-1  /W-T2-1  /T5-T2-2 /T3-T5-1 /T3-F1-1 /T3-T0-1 /D:1     /W-T1-1  
/D:1     /W-F0-1  /T0-F0-1 /D:1     /W-F2-1  /T1-F2-1 /D:1     /W-T4-1  /D:1     /W-F3-1  
/T5-F3-1 /T0-F3-1 /T5-F0-1 /T0-F0-1 /T5-F0-1 /D:1     /W-F1-1  /T2-F1-1 /T1-F1-1 /T2-F2-1 
/T1-F2-1 /T0-T2-2 /T0-F1-1 /T2-T0-3 /T2-F2-1 /T4-T1-2 /T4-F1-1 /D:1     /W-F3-1  /T0-F3-1 
/T0-F0-1 /T1-F3-1 /T0-F3-1 /T1-F0-1 /T0-F0-1 /T1-F3-1 
"
1011253,g#Md#yuY#oDhA#Zxwia#vGmFpf#KULeEqR#tSJIrjTCPnkQHBsVXObNWczl,141.000000,2276.000000,43.000000,0.662791,1,"
minimal: 0 / states: 124 / duration: 0.000109s
history:
/T3-F0-1 /T4-F1-1 /D:1     /W-T3-1  /T5-T3-1 /T5-T1-1 /T6-T5-1 /T6-T5-1 /T6-T3-1 /T5-T0-3 
/T1-T3-2 /T2-T1-1 /T2-T4-1 /T0-T4-4 /T5-T0-1 /T2-T0-1 /D:1     /W-T5-1  /D:3     /W-T5-1  
/D:4     /W-T4-1  /D:1     /W-F2-1  /D:1     /W-T0-1  /D:1     /W-T5-1  /W-T5-1  /D:2     
/W-F0-1  /T5-F0-1 /D:4     /W-T3-1  /D:1     /W-F1-1  /D:1     /W-F3-1  /T3-F3-1 /T4-F3-1 
/T5-F3-1 /T4-T6-1 /T4-F3-1 /T6-T4-2 /W-T6-1  /D:2     /W-F1-1  /D:1     /W-T2-1  /D:1     
/W-T2-1  /R       /D:1     /W-T0-1  /T4-T0-6 /T4-T6-1 /T4-T1-1 /T6-T4-3 /T5-T6-3 /T3-T5-6 
/T3-F0-1 /T3-F2-1 /T5-F2-1 /T0-F2-1 /T5-F1-1 /T0-F1-1 /T5-F0-1 /T0-F0-1 /T6-F2-1 /T5-F1-1 
/T6-F3-1 /T6-F0-1 /T0-F1-1 /T5-T6-1 /T5-F1-1 /T6-T5-2 /T6-T2-1 /D:2     /W-T1-1  /W-T1-1  
/D:1     /W-F3-1  /D:1     /W-F0-1  /T1-F0-1 /T0-T4-2 /T0-F0-1 /T2-F0-1 /T5-T1-3 /D:1     
/W-F2-1  /T1-F2-1 /T1-F3-1 /T4-F2-1 /T1-F2-1 /T4-F1-1 /T1-F1-1 /T0-F1-1 /T2-F1-1 /T4-F2-1 
/T1-F2-1 /T0-F2-1 /T0-F1-1 /T2-F2-1 /D:1     /W-F3-1  /D:1     /W-F3-1  /T4-F3-1 /T1-F3-1 
/T4-F0-1 /T1-F0-1 /T4-F3-1 
"
1011261,A#Bu#ieY#VJIK#mDWaQ#RstjGN#dTEnXkv#POULZcCqSFfMlrgobHhxypwz,152.000000,1977.000000,49.000000,0.594444,1,"
minimal: 0 / states: 119 / duration: 0.000117s
history:
/T0-F0-1 /T5-F3-1 /T3-T2-1 /D:2     /W-F3-1  /W-F3-1  /T4-F3-1 /T4-F1-1 /T6-T4-1 /T4-T2-2 
/D:1     /W-T2-1  /T5-T2-1 /T3-T5-1 /T3-T6-1 /T1-T3-1 /T1-F0-1 /T3-T6-2 /D:2     /W-T0-1  
/W-T0-1  /T6-T0-4 /D:1     /W-T4-1  /D:1     /W-F0-1  /D:2     /W-T2-1  /D:3     /W-T1-1  
/T2-T1-7 /T4-T2-2 /D:2     /W-T1-1  /D:1     /W-T0-1  /D:1     /W-T2-1  /D:1     /W-F1-1  
/D:2     /W-T5-1  /D:2     /W-T4-1  /T6-T4-1 /T6-F2-1 /T2-F2-1 /T2-F1-1 /T2-F0-1 /T6-F0-1 
/D:1     /W-F2-1  /D:1     /W-T4-1  /D:1     /W-T3-1  /R       /D:1     /W-F2-1  /T1-F2-1 
/D:1     /W-T0-1  /T2-T0-1 /T2-T4-1 /D:2     /W-T3-1  /D:1     /W-T4-1  /T6-T4-1 /T6-F1-1 
/T0-F1-1 /W-F1-1  /T0-F0-1 /T0-F1-1 /T5-F1-1 /D:1     /W-T3-1  /T5-T3-2 /F1-T3-1 /T5-T3-1 
/T5-F2-1 /T5-F3-1 /T1-F3-1 /T1-F0-1 /T3-F2-1 /T3-F1-1 /T4-F3-1 /T0-F2-1 /T1-F3-1 /T1-F2-1 
/T4-F0-1 /T0-F3-1 /T3-F0-1 /T1-F3-1 /T4-F1-1 /T0-F0-1 /T3-F1-1 /T1-F0-1 /T4-F2-1 /T0-F1-1 
/T3-F2-1 /T3-F1-1 /T4-F3-1 /T0-F0-1 /T1-F3-1 /T1-F0-1 /T4-F2-1 /T0-F3-1 /T3-F2-1 /T4-F1-1 
"
1011276,E#KZ#FlD#ksQn#UWxpg#PLhRCV#TJuqdaB#SrNeboctHMvXIwyfzAiOGjmY,165.000000,1050.000000,50.000000,0.612903,1,"
minimal: 0 / states: 122 / duration: 0.000112s
history:
/T3-F2-1  /T3-T0-1  /T3-T4-1  /D:3      /W-F3-1   /D:1      /W-T4-1   /T2-T4-1  /D:2      /W-F2-1   
/D:1      /W-T4-1   /T6-T4-1  /T6-F1-1  /W-F1-1   /D:2      /W-T5-1   /T4-T5-6  /T4-F2-1  /T4-T2-1  
/T4-T2-1  /W-T4-1   /D:2      /W-T2-1   /T4-T2-2  /T1-T4-1  /D:3      /W-T3-1   /T5-T3-8  /T5-T0-1  
/D:1      /W-T4-1   /T3-T4-10 /D:1      /W-T2-1   /T0-T2-3  /D:1      /W-T0-1   /T2-T0-10 /T5-T2-1  
/D:1      /W-F0-1   /T4-F0-1  /T4-F1-1  /T6-F1-1  /T6-F2-1  /T0-F0-1  /T4-F0-1  /T4-F1-1  /D:2      
/W-F3-1   /D:1      /W-T5-1   /D:1      /W-T1-1   /D:1      /W-T3-1   /D:1      /R        /D:1      
/W-T5-1   /T0-T5-2  /T0-F1-1  /D:1      /W-F2-1   /T4-F2-1  /T0-F2-1  /T6-F2-1  /T4-F1-1  /T5-T0-4  
/T5-F1-1  /T5-T3-1  /T5-F3-1  /T0-F3-1  /T0-F0-1  /T2-F3-1  /T0-F3-1  /T2-F0-1  /T0-F0-1  /T4-F0-1  
/D:1      /W-T2-1   /D:1      /W-T3-1   /T6-T3-1  /T6-F3-1  /T0-F3-1  /T0-F2-1  /T4-F3-1  /T0-F3-1  
/T4-F2-1  /T0-F2-1  /T3-T4-1  /T3-F3-1  /T4-T3-2  /T4-F2-1  /T0-T2-1  /T0-F2-1  /T1-T2-2  /D:1      
/W-F0-1   /T3-F0-1  /D:1      /W-F1-1   /T2-F1-1  /T2-F0-1  /T3-F1-1  /T2-F1-1  /T3-F0-1  /T3-F1-1  
/T2-F0-1  /D:1      /W-F3-1   /T4-F3-1  
"
1011277,E#oS#rga#cmbu#LzCGN#kjKdYv#eIDtQHw#ThAVJFpxyPinRWUOZsMqXfBl,131.500000,3571.000000,56.000000,0.565934,1,"
minimal: 0 / states: 130 / duration: 0.000114s
history:
/T2-F1-1 /T4-F3-1 /T1-T4-1 /T2-T3-1 /T0-T4-1 /D:2     /W-T5-1  /T4-T5-3 /D:1     /W-F0-1  
/D:1     /W-T6-1  /T3-T6-2 /T3-F1-1 /T3-T0-1 /T3-F1-1 /D:2     /W-T6-1  /D:3     /W-T0-1  
/D:3     /W-F2-1  /T1-F2-1 /D:1     /W-T6-1  /D:3     /W-F3-1  /D:1     /W-T1-1  /D:2     
/W-T3-1  /D:1     /W-T6-1  /D:1     /W-T0-1  /T6-T0-7 /D:2     /W-F0-1  /T4-F0-1 /D:1     
/W-T3-1  /R       /D:1     /W-T6-1  /D:2     /W-F2-1  /T0-F2-1 /T2-F2-1 /T4-T2-1 /T4-T1-1 
/D:1     /W-T3-1  /D:1     /W-F3-1  /D:2     /W-T3-1  /T5-T3-5 /T5-T2-1 /T5-F1-1 /T5-T2-1 
/T5-T2-1 /T5-T1-1 /D:2     /W-F2-1  /D:1     /R       /D:1     /W-T1-1  /D:1     /W-T1-1  
/T6-T1-2 /T6-F3-1 /T6-F2-1 /T6-F0-1 /T0-F3-1 /T3-F0-1 /T3-F3-1 /T6-T2-1 /T6-F1-1 /T0-F0-1 
/T1-F3-1 /T3-F0-1 /T1-F0-1 /T2-F0-1 /D:1     /W-F3-1  /T0-T1-2 /T0-F3-1 /T1-T0-3 /T1-F0-1 
/T3-T2-2 /T3-F3-1 /T0-T1-4 /T0-F3-1 /T2-T3-3 /T2-F0-1 /T2-F3-1 /T1-T0-5 /T1-F0-1 /T1-F3-1 
/T3-T2-5 /T3-F0-1 /D:1     /W-F1-1  /T0-F1-1 /T0-F2-1 /T2-F1-1 /T0-F1-1 /T2-F2-1 /T0-F2-1 
/T2-F1-1 /T0-F1-1 /T2-F2-1 /T0-F2-1 /T2-F1-1 /T0-F1-1 /T2-F2-1 
"
1011285,p#Hq#REL#bUTi#wXuZa#SQGgcy#rtjFzNJ#oChKWVlxvnOPmIYAeDsdBkfM,122.500000,1535.000000,63.000000,0.500000,1,"
minimal: 0 / states: 135 / duration: 0.000122s
history:
/T4-F1-1 /T5-T4-1 /T5-T1-1 /T3-T6-1 /D:1     /W-T1-1  /D:9     /W-F2-1  /T1-F2-1 /T0-F2-1 
/T4-T0-2 /T5-T4-1 /T4-T6-2 /T6-T4-4 /T6-F3-1 /T4-T0-5 /D:1     /W-F3-1  /D:1     /W-F3-1  
/D:3     /W-T6-1  /D:1     /W-F0-1  /D:3     /W-T0-1  /D:2     /W-F0-1  /D:1     /W-T2-1  
/T4-T2-1 /T6-T4-2 /T6-T3-1 /D:1     /W-T5-1  /D:1     /R       /D:1     /W-F0-1  /D:2     
/W-T4-1  /T6-T4-1 /D:2     /W-T2-1  /D:3     /W-T4-1  /D:3     /W-T0-1  /T1-T0-2 /T3-T1-2 
/T5-T3-2 /T5-F3-1 /T3-T4-3 /T3-F1-1 /T0-F1-1 /T0-F2-1 /T1-T2-3 /T5-T6-1 /D:1     /W-F0-1  
/D:1     /W-F1-1  /T0-F1-1 /T4-F1-1 /D:1     /W-T1-1  /R       /D:3     /W-T1-1  /D:1     
/W-T1-1  /W-T1-1  /D:1     /W-T3-1  /T2-T3-7 /T2-F0-1 /T2-F3-1 /T3-F0-1 /T4-F0-1 /T6-T4-2 
/T6-F2-1 /T0-F2-1 /T0-F1-1 /T4-F3-1 /T3-F3-1 /T3-F0-1 /T4-F2-1 /T0-F2-1 /T4-F3-1 /T3-F3-1 
/W-F1-1  /T0-F1-1 /T4-F2-1 /T3-F2-1 /T1-F3-1 /T1-F2-1 /T4-F1-1 /T3-F1-1 /T1-F1-1 /T0-T3-2 
/T0-F2-1 /T3-T0-3 /T3-F1-1 /T4-T1-2 /T4-F2-1 /D:1     /W-F0-1  /T0-F0-1 /T0-F3-1 /T1-F0-1 
/T0-F0-1 /T1-F3-1 /T0-F3-1 /T1-F0-1 
"
1011321,G#De#ril#bEAp#XwUxz#afLVMq#OFhTuYd#nyWBKmgocsCQNIHRtSZPvjkJ,109.500000,2278.000000,42.000000,0.611111,1,"
minimal: 0 / states: 126 / duration: 0.000115s
history:
/T5-T1-1 /T3-T6-1 /T3-F0-1 /T6-T3-2 /T6-T4-1 /T2-T5-1 /T6-T2-1 /T6-T2-1 /T0-T6-1 /T4-T0-2 
/T4-T0-1 /D:1     /W-F2-1  /D:2     /W-T0-1  /D:1     /W-F0-1  /D:1     /W-T5-1  /D:3     
/W-F2-1  /T3-F2-1 /T1-F2-1 /D:2     /W-T2-1  /T1-T2-1 /T1-T2-1 /T5-T1-3 /W-T2-1  /D:1     
/W-F0-1  /D:2     /W-F3-1  /D:1     /W-T0-1  /T4-T0-1 /T5-T4-1 /D:1     /W-T4-1  /D:2     
/W-T0-1  /D:1     /W-T0-1  /T3-T0-2 /D:4     /W-T1-1  /W-T1-1  /T6-T1-2 /D:1     /W-T5-1  
/T4-T5-3 /D:1     /W-T4-1  /T2-T4-7 /T2-F2-1 /T4-T6-3 /T4-F2-1 /T6-T4-4 /T6-F3-1 /W-F3-1  
/W-T2-1  /T5-T2-5 /T5-T1-1 /T5-F1-1 /T3-F1-1 /T4-F1-1 /T0-F1-1 /T4-F0-1 /T4-F1-1 /T0-F0-1 
/T1-F1-1 /T4-F0-1 /T1-F0-1 /T2-F0-1 /R       /D:2     /W-T3-1  /W-T3-1  /T4-T3-5 /D:1     
/W-F1-1  /T1-F1-1 /T0-T1-3 /T0-F0-1 /T3-T2-2 /T3-F1-1 /T3-F0-1 /T1-T0-4 /T1-F1-1 /T1-F0-1 
/T2-T3-4 /T2-F1-1 /T1-F1-1 /T2-F0-1 /T1-F0-1 /T3-T2-6 /T3-F1-1 /D:1     /W-F3-1  /D:1     
/W-F3-1  /T0-F3-1 /T0-F2-1 /T2-F3-1 /T0-F3-1 /T2-F2-1 /T0-F2-1 /T2-F3-1 /T0-F3-1 /T2-F2-1 
/T0-F2-1 /T2-F3-1 /T0-F3-1 /T2-F2-1 /T0-F2-1 /T2-F3-1 
"
1011331,l#yP#TmK#ruJd#WDOHL#RQcaxv#hnqBUCj#FtGifksoZXVMzgSIepYNbEAw,147.500000,4754.000000,71.000000,0.480583,1,"
minimal: 0 / states: 142 / duration: 0.000132s
history:
/T6-T2-1  /T5-T2-1  /T6-T3-1  /T5-T0-1  /T5-F1-1  /T6-T2-1  /T6-T1-1  /T5-T6-1  /D:2      /W-T2-1   
/D:3      /W-T2-1   /D:1      /W-T4-1   /D:2      /W-T6-1   /D:10     /W-T5-1   /D:2      /W-F3-1   
/D:1      /W-F1-1   /D:1      /W-T2-1   /T3-T2-2  /T3-T4-1  /D:1      /W-F0-1   /T1-F0-1  /T2-F0-1  
/T6-T1-1  /T6-F1-1  /T1-T6-2  /T2-F1-1  /T5-T2-2  /T6-T5-3  /T6-F2-1  /T5-F2-1  /T2-F2-1  /D:1      
/R        /D:2      /W-T6-1   /D:1      /W-T4-1   /T3-T4-1  /D:3      /W-T1-1   /D:4      /W-T4-1   
/D:1      /W-T6-1   /T3-T6-1  /W-T3-1   /T0-T3-2  /W-T0-1   /D:2      /W-F1-1   /D:1      /W-T0-1   
/T2-T0-8  /T4-T2-6  /D:1      /W-T1-1   /R        /D:1      /W-T2-1   /T5-T2-3  /T2-T5-11 /T2-T4-1  
/D:1      /W-T4-1   /D:1      /W-T2-1   /T1-T2-3  /D:1      /W-T2-1   /T4-T2-3  /T4-F3-1  /T5-F3-1  
/T0-F3-1  /T4-F0-1  /T0-F0-1  /T5-F2-1  /T5-F3-1  /T5-F0-1  /T6-F2-1  /T0-F1-1  /T2-F2-1  /T5-F1-1  
/T6-F3-1  /T0-F2-1  /T2-F3-1  /T5-F2-1  /T6-F0-1  /T0-F3-1  /T2-F0-1  /T2-F3-1  /T6-F1-1  /T0-F2-1  
/T5-F1-1  /T2-F2-1  /T0-F1-1  /T3-F2-1  /T4-F3-1  /T2-F3-1  /T2-F2-1  /T0-T3-1  /T0-F3-1  /T2-F3-1  
/T3-T0-2  /T3-F2-1  /D:1      /W-F0-1   /T5-F0-1  /T0-F0-1  /T5-F1-1  /T0-F1-1  /T5-F0-1  /T0-F0-1  
/T5-F1-1  
"
1011362,r#tY#AaB#hFXs#qwnDv#uQcOUj#dxTGlVm#MifkRoCWEPzKJLSygNbepZIH,173.000000,2473.000000,53.000000,0.560606,1,"
minimal: 0 / states: 124 / duration: 0.000109s
history:
/T4-T5-1 /D:5     /W-T3-1  /T4-T3-1 /T4-F2-1 /D:1     /W-F2-1  /D:4     /W-T3-1  /T2-T3-1 
/T2-F1-1 /T2-F0-1 /T3-F0-1 /T6-T2-1 /T6-T4-1 /D:2     /W-T1-1  /T5-T1-2 /T5-T1-1 /D:2     
/W-T2-1  /D:4     /W-F3-1  /T5-F3-1 /T3-F3-1 /T5-T3-1 /T5-F3-1 /W-T5-1  /T3-T5-4 /T3-T2-1 
/T4-T2-2 /T5-T2-6 /D:1     /W-F1-1  /T2-F1-1 /D:1     /W-T3-1  /T2-T3-1 /T2-F3-1 /D:1     
/W-F2-1  /T4-F2-1 /T0-F2-1 /T2-F2-1 /T3-T2-3 /D:1     /W-T0-1  /W-T0-1  /W-F3-1  /D:2     
/R       /D:1     /W-T4-1  /T6-T4-1 /T6-T1-1 /T6-F3-1 /T6-T4-1 /T6-F1-1 /T1-T3-1 /T1-F3-1 
/T3-T1-2 /D:2     /W-T1-1  /D:1     /W-T0-1  /D:1     /W-F0-1  /T2-F0-1 /T2-F1-1 /T1-F1-1 
/D:1     /W-T4-1  /D:1     /W-F0-1  /T2-F0-1 /T1-F0-1 /T2-F1-1 /T1-F1-1 /W-F1-1  /T1-T4-1 
/T1-F1-1 /T0-F1-1 /D:1     /W-T3-1  /T1-T3-2 /T1-F2-1 /T2-F2-1 /T4-F2-1 /T2-F3-1 /T2-F2-1 
/T4-F3-1 /T4-F2-1 /T0-F2-1 /T2-F3-1 /T4-F1-1 /T2-T0-1 /T2-F1-1 /T3-T4-2 /T3-F2-1 /D:3     
/W-F0-1  /W-F0-1  /W-F0-1  /T4-F0-1 /T0-F0-1 /T4-F3-1 /T0-F3-1 /T4-F0-1 
"
1011426,E#eM#Wzs#tDdh#oVGgQ#uOPKaw#LlqCSHR#ITjFymbpxrJBNcivkUAXfYZn,73.000000,962.000000,32.000000,0.754386,1,"
minimal: 0 / states: 133 / duration: 0.000112s
history:
/T6-T2-1 /T4-T0-1 /T4-T6-1 /T2-T6-2 /T4-T3-1 /T6-T4-4 /T6-T3-1 /T6-T0-1 /T6-T4-1 /T4-T5-6 
/T6-T1-1 /T0-T3-3 /T1-T0-2 /D:7     /W-T3-1  /D:2     /W-T0-1  /D:4     /W-F3-1  /D:1     
/W-T5-1  /T4-T5-1 /T2-T4-1 /T2-T0-1 /D:2     /W-T0-1  /T3-T0-7 /D:1     /W-T6-1  /T5-T6-9 
/T5-F1-1 /T0-F1-1 /D:2     /W-F0-1  /D:3     /W-T4-1  /T5-T4-1 /T6-T5-1 /T6-F1-1 /T3-F1-1 
/T5-T3-2 /T5-F3-1 /T3-T1-3 /W-T3-1  /D:1     /W-T2-1  /T6-T2-9 /D:1     /W-F2-1  /T1-F2-1 
/T1-F3-1 /R       /D:2     /W-T5-1  /D:1     /W-T4-1  /W-T4-1  /D:1     /W-T5-1  /T1-T5-2 
/D:2     /W-T1-1  /W-T1-1  /D:1     /W-F2-1  /T2-F2-1 /T5-T2-1 /T5-F1-1 /T3-F1-1 /D:1     
/W-F2-1  /T2-T5-2 /T2-F2-1 /T2-F1-1 /T3-F2-1 /T5-T2-4 /T5-F2-1 /T0-T4-6 /T0-F2-1 /D:2     
/W-F0-1  /T4-F0-1 /T2-F0-1 /T4-F3-1 /T2-F3-1 /T4-F0-1 /T2-F0-1 /T4-F3-1 /T2-F3-1 /T4-F0-1 
/T2-F0-1 /T4-F1-1 /T4-F0-1 /W-F0-1  /D:1     /W-F1-1  /T4-F1-1 /T4-F0-1 /T2-T1-3 /T2-F0-1 
/D:1     /W-F3-1  /T1-F3-1 /T0-F3-1 /T1-F2-1 /T0-F2-1 /T1-F1-1 /T0-F1-1 /T0-F0-1 /T1-F2-1 
/T1-F1-1 /D:1     /W-F3-1  /T4-F3-1 /T2-F3-1 /T4-F2-1 
"
1011438,P#GL#EIO#QNAb#ekCzZ#uFSMVj#xifKRJY#mDpdUsqWBvarhownlTXgHtcy,128.000000,2724.000000,60.000000,0.520408,1,"
minimal: 0 / states: 132 / duration: 0.000113s
history:
/T1-T4-1 /D:9     /W-T0-1  /D:1     /W-T5-1  /D:1     /W-F1-1  /T3-F1-1 /T3-F0-1 /T0-F0-1 
/T3-F3-1 /T2-F3-1 /T0-F3-1 /T4-T0-2 /T6-T4-1 /T3-F3-1 /T4-T3-2 /T4-F0-1 /T6-T4-1 /T6-F3-1 
/T5-T6-2 /T5-T4-1 /T6-T3-3 /T6-T1-1 /T4-T0-3 /D:1     /W-T1-1  /D:1     /W-T2-1  /T1-T2-3 
/T5-T1-1 /T5-F3-1 /T4-T5-1 /D:3     /W-F2-1  /D:1     /W-T1-1  /D:1     /W-F3-1  /D:3     
/W-T0-1  /W-T0-1  /T5-T0-2 /T5-T6-1 /D:2     /W-F1-1  /D:1     /R       /D:1     /W-T4-1  
/D:1     /W-F0-1  /D:2     /W-F1-1  /T0-F1-1 /D:1     /W-F3-1  /D:4     /W-F2-1  /D:4     
/W-T4-1  /R       /D:1     /W-F2-1  /D:2     /W-F2-1  /T2-F2-1 /W-F2-1  /T2-F1-1 /D:3     
/W-T4-1  /W-T4-1  /T6-T4-2 /W-T6-1  /T2-T6-3 /T2-F0-1 /T0-F0-1 /T0-F1-1 /T6-F0-1 /T0-F0-1 
/T0-F3-1 /T6-F1-1 /T6-F0-1 /T0-F0-1 /T6-F3-1 /T3-T6-2 /T3-F0-1 /T4-T0-3 /T4-F3-1 /T3-F3-1 
/T0-T4-4 /T0-F0-1 /T0-F3-1 /T1-T3-1 /T1-F0-1 /T6-T3-3 /D:1     /W-F2-1  /T4-F2-1 /T3-F2-1 
/T4-F1-1 /T3-F1-1 /T4-F2-1 /T3-F2-1 /T4-F1-1 /T3-F1-1 /T4-F2-1 /T3-F2-1 /T4-F1-1 
"
1011476,z#eq#DUk#WHAE#GXdms#rQVnwi#PIgTxlu#SYOoajfpJvFNtbcBMyhZCRKL,118.000000,1850.000000,57.000000,0.542553,1,"
minimal: 0 / states: 137 / duration: 0.000123s
history:
/T6-T5-1  /T6-T0-1  /T6-T0-1  /T4-T6-1  /T6-T5-2  /D:5      /W-F1-1   /D:1      /W-T0-1   /D:3      
/W-T2-1   /T5-T2-4  /D:1      /W-T0-1   /D:1      /W-T6-1   /D:1      /W-F3-1   /D:2      /W-F1-1   
/D:1      /W-F1-1   /D:3      /W-T4-1   /T2-T4-6  /T2-T0-1  /D:4      /W-T4-1   /T1-T4-1  /T1-T6-1  
/T4-T1-10 /T4-F1-1  /T5-T4-1  /T5-F2-1  /T5-T4-1  /T5-T3-1  /T6-F1-1  /W-T3-1   /D:2      /R        
/D:3      /W-F3-1   /D:1      /W-F2-1   /D:1      /W-F1-1   /D:1      /W-F2-1   /T1-F2-1  /T5-F2-1  
/T1-T6-1  /T1-F2-1  /T6-T1-2  /T6-F1-1  /T2-T1-1  /D:1      /W-F2-1   /D:2      /W-T2-1   /D:1      
/W-F1-1   /T1-T4-5  /T1-F1-1  /D:1      /W-T5-1   /D:2      /W-T5-1   /T4-T5-8  /T4-T0-1  /R        
/D:1      /W-T0-1   /T3-T0-3  /T3-F0-1  /F1-T1-1  /T3-T1-1  /T6-T3-1  /T6-F3-1  /T5-T1-4  /T5-F2-1  
/T0-T3-6  /T0-F2-1  /T1-T5-5  /T1-F1-1  /T0-F1-1  /T5-T1-6  /T5-F2-1  /T0-F2-1  /T1-T5-7  /T1-F1-1  
/T0-F1-1  /T1-F2-1  /T0-F2-1  /T1-F1-1  /D:1      /W-T2-1   /D:1      /W-F0-1   /T3-F0-1  /T3-F3-1  
/T5-F0-1  /T3-F0-1  /T5-F3-1  /T3-F3-1  /T5-F0-1  /T3-F0-1  /T5-F3-1  /T3-F3-1  /T5-F0-1  /T3-F0-1  
/T5-F3-1  /T3-F3-1  /T5-F0-1  /T5-F3-1  /T2-F3-1  /D:1      /W-F0-1   /T5-F0-1  /T2-F0-1  /T5-F3-1  
"
1011483,J#ve#OMs#EQBN#ipnlt#ZcDVdP#GxgRXmU#IqfoTyHzSuaYWrKbCjFhkLAw,173.500000,4566.000000,51.000000,0.559406,1,"
minimal: 0 / states: 128 / duration: 0.000106s
history:
/T3-F3-1  /T4-T6-1  /T3-T5-1  /T1-T2-1  /T6-T1-2  /D:2      /W-T2-1   /T5-T2-2  /D:1      /W-T1-1   
/D:3      /W-T6-1   /D:5      /W-F1-1   /D:3      /W-T1-1   /T5-T1-1  /T5-T0-1  /D:1      /W-T4-1   
/W-T4-1   /T1-T4-6  /T6-T1-2  /T6-T1-1  /T5-T6-1  /T5-T6-1  /T0-T1-2  /D:1      /W-F1-1   /T6-F1-1  
/T4-F1-1  /T3-T4-1  /D:1      /W-T4-1   /D:5      /W-T5-1   /W-T5-1   /D:1      /W-F0-1   /T2-F0-1  
/T4-F0-1  /T6-F0-1  /T3-F0-1  /T2-T6-2  /T2-F1-1  /T6-T2-3  /T2-T6-4  /T4-T2-9  /T4-F2-1  /T2-T0-10 
/T2-F3-1  /T4-T0-1  /T6-F3-1  /D:1      /W-T5-1   /T4-T5-1  /R        /D:2      /W-F2-1   /T0-F2-1  
/T0-F3-1  /T6-F2-1  /T0-F2-1  /T0-F1-1  /T6-F3-1  /T6-F2-1  /T6-F1-1  /T0-F2-1  /D:2      /W-T1-1   
/W-T1-1   /D:1      /W-T2-1   /D:1      /W-F3-1   /T1-F3-1  /T0-F3-1  /T1-T5-1  /T1-F3-1  /D:1      
/W-F2-1   /T0-F2-1  /T0-F3-1  /T5-T1-2  /T5-F2-1  /T6-F2-1  /T1-T5-3  /T1-F3-1  /T1-F2-1  /T2-F2-1  
/D:1      /W-F3-1   /T5-T1-5  /T5-F3-1  /D:1      /W-T0-1   /W-T0-1   /D:1      /W-F0-1   /T6-F0-1  
/T1-F0-1  /T0-F0-1  /D:1      /W-F1-1   /T1-F1-1  /T0-F1-1  /T1-F0-1  /T0-F0-1  /T1-F1-1  /T0-F1-1  
/T1-F0-1  /T0-F0-1  /T1-F1-1  
"
1011484,k#bP#FIO#VBfN#SYQiz#rqnZCy#uUcWxsm#HojMGKlRATXvdhwtgEaJLDpe,118.500000,1384.000000,48.000000,0.601266,1,"
minimal: 0 / states: 127 / duration: 0.000113s
history:
/T3-F3-1 /T2-F3-1 /T1-F3-1 /T5-T6-1 /T0-T6-1 /T6-T0-3 /T1-T5-1 /T4-T1-1 /D:1     /W-T4-1  
/D:6     /W-T1-1  /W-T1-1  /D:1     /W-T6-1  /D:1     /W-F0-1  /D:1     /W-T4-1  /T6-T4-2 
/D:4     /W-T2-1  /D:1     /W-T0-1  /T4-T0-5 /T4-F3-1 /T6-T4-1 /T6-T1-1 /T2-T1-2 /T0-F3-1 
/D:1     /W-T1-1  /T3-T1-1 /T3-F0-1 /D:2     /W-T1-1  /D:1     /W-F1-1  /T5-F1-1 /T5-F0-1 
/T6-F1-1 /D:2     /W-T5-1  /D:1     /W-F0-1  /T1-F0-1 /T2-F0-1 /T5-T2-2 /T5-F2-1 /F3-T0-1 
/T5-T0-1 /T5-T1-1 /D:2     /R       /D:1     /W-F2-1  /D:1     /W-T4-1  /D:1     /W-T5-1  
/T4-T5-3 /D:1     /W-F0-1  /D:1     /W-T2-1  /D:1     /W-T5-1  /T6-T5-1 /T0-T6-4 /T0-F0-1 
/T6-T0-5 /D:1     /W-F1-1  /D:2     /W-T2-1  /T3-T2-1 /D:1     /W-F2-1  /T0-F2-1 /T0-F3-1 
/T1-F2-1 /T4-F3-1 /T0-F2-1 /T0-F3-1 /T5-F3-1 /T2-F3-1 /T1-T5-3 /T1-F0-1 /T1-F3-1 /T2-F0-1 
/T1-F0-1 /T2-F3-1 /T2-F0-1 /T5-T1-6 /T5-F3-1 /T2-F3-1 /T5-F0-1 /W-T0-1  /D:1     /W-F1-1  
/T1-F1-1 /T0-F1-1 /T1-F2-1 /T0-F2-1 /T1-F1-1 /T0-F1-1 /T1-F2-1 /T0-F2-1 /T1-F1-1 /T0-F1-1 
/T1-F2-1 /T0-F2-1 /T1-F1-1 /T0-F1-1 /T1-F2-1 
"
1011532,N#DI#mol#kVEi#TZjGa#eusJLK#dthUPOx#RBWSAgYCFQXHzrbfqvcywpnM,141.000000,2401.000000,48.000000,0.586207,1,"
minimal: 0 / states: 118 / duration: 0.000103s
history:
/T0-F3-1 /T4-F1-1 /T6-T2-1 /T6-F3-1 /T6-F3-1 /T4-T6-1 /T6-T1-2 /T4-T2-1 /T1-T2-3 /T4-T0-1 
/D:3     /W-T5-1  /D:1     /W-T2-1  /D:1     /W-F0-1  /W-F0-1  /D:3     /W-F0-1  /T1-F0-1 
/D:1     /W-T4-1  /D:1     /W-F3-1  /D:2     /W-T3-1  /T4-T3-2 /D:1     /W-T1-1  /T2-T1-7 
/D:1     /W-T1-1  /D:1     /W-F1-1  /D:3     /W-T5-1  /T6-T5-1 /T6-T5-1 /T6-T1-1 /D:1     
/W-F1-1  /T1-F1-1 /D:1     /W-T0-1  /D:3     /W-F2-1  /T2-F2-1 /W-F2-1  /D:1     /W-T4-1  
/R       /D:1     /W-F3-1  /D:2     /W-T4-1  /T5-T4-5 /T5-T2-1 /T3-T5-4 /T3-F0-1 /T5-F0-1 
/T1-T4-2 /T1-F0-1 /D:1     /W-T0-1  /T5-T0-4 /T5-T0-1 /T5-T3-1 /T5-F1-1 /T0-T3-2 /T0-F0-1 
/D:1     /W-F1-1  /W-F1-1  /T4-T1-3 /T4-F1-1 /T0-F1-1 /T3-T0-4 /T1-T4-4 /T1-F0-1 /T1-F1-1 
/T3-F1-1 /D:1     /W-F2-1  /T4-F2-1 /T0-F2-1 /T4-F3-1 /T0-F3-1 /T4-F2-1 /T0-F2-1 /T4-F3-1 
/T0-F3-1 /T0-F0-1 /T4-F2-1 /T4-F3-1 /T4-F0-1 /T0-F3-1 /T2-F0-1 /T4-F3-1 /T4-F0-1 /T0-T2-1 
/T0-F3-1 /D:1     /W-F2-1  /T1-F2-1 /T1-F1-1 /T2-F2-1 /T1-F2-1 /T2-F1-1 
"
1011551,A#Vm#xrJ#FRcC#LwnQl#SqHeDy#kMdXuPK#BNpzfZbavhETotjiOIGgUsYW,106.500000,1550.000000,26.000000,0.761905,1,"
minimal: 0 / states: 117 / duration: 0.000098s
history:
/T0-F0-1 /T6-T4-1 /T5-T1-1 /T6-T5-1 /T1-T0-2 /T6-T1-1 /T6-T0-1 /T3-T6-1 /T2-T0-1 /T6-T2-2 
/T4-T6-2 /T1-T0-2 /T6-T1-3 /D:1     /W-F0-1  /T2-F0-1 /D:1     /W-F3-1  /D:1     /W-T2-1  
/D:4     /W-T2-1  /D:1     /W-F1-1  /T2-F1-1 /T3-F1-1 /T5-T3-2 /T2-T4-1 /T2-F1-1 /T5-F1-1 
/T4-T2-2 /T4-F2-1 /T4-T6-1 /T6-T4-2 /W-T6-1  /W-F1-1  /T4-T6-3 /W-T4-1  /D:4     /W-T0-1  
/D:1     /W-F2-1  /T2-F2-1 /D:2     /W-T1-1  /D:1     /W-T6-1  /T5-T6-1 /T5-F2-1 /T2-T5-2 
/D:1     /W-F3-1  /T3-F3-1 /T3-F0-1 /T5-F3-1 /T3-F3-1 /T5-F2-1 /T5-F3-1 /T0-F3-1 /D:1     
/W-T1-1  /D:2     /W-F1-1  /D:1     /W-F3-1  /D:1     /W-F2-1  /D:1     /W-T4-1  /T2-T4-1 
/D:1     /W-T4-1  /R       /D:1     /W-T4-1  /D:1     /W-F1-1  /D:1     /W-F0-1  /T3-F0-1 
/D:1     /W-F2-1  /T0-F2-1 /T4-F2-1 /T0-F3-1 /T4-F3-1 /T6-T0-2 /T6-F2-1 /T4-F2-1 /T0-T6-3 
/T0-F3-1 /T0-F2-1 /T4-F3-1 /T4-F2-1 /T6-T0-5 /T6-F3-1 /D:1     /W-F0-1  /T0-F0-1 /T0-F1-1 
/T1-F0-1 /T0-F0-1 /T1-F1-1 /T0-F1-1 /T1-F0-1 /T0-F0-1 /T1-F1-1 /T0-F1-1 /T1-F0-1 
"
1011562,y#GN#Ylm#cVnh#jLKkC#tvTdBZ#DgfRaiQ#EHzSqeUMuJosPIAbOxwWprFX,106.000000,2239.000000,53.000000,0.547059,1,"
minimal: 0 / states: 131 / duration: 0.000127s
history:
/T1-F3-1 /T4-T6-1 /T4-T0-1 /T0-T2-2 /T5-T0-1 /T1-T3-1 /T2-T1-3 /T4-T2-1 /T4-T0-1 /T4-T2-1 
/D:3     /W-T4-1  /T2-T4-3 /D:1     /W-T3-1  /D:6     /W-T1-1  /D:4     /W-T4-1  /T3-T4-3 
/T3-F2-1 /T3-T1-1 /T5-T3-1 /D:1     /W-F0-1  /T3-F0-1 /T6-F0-1 /D:2     /W-F3-1  /D:1     
/W-T2-1  /D:2     /W-T2-1  /D:1     /W-T5-1  /D:1     /W-T4-1  /T6-T4-1 /D:2     /W-T0-1  
/R       /D:2     /W-T1-1  /D:5     /W-T6-1  /D:1     /W-F2-1  /T5-F2-1 /D:2     /W-F3-1  
/T4-F3-1 /T5-T4-1 /T5-T1-1 /T5-T2-1 /W-T1-1  /D:2     /W-T0-1  /T6-T0-2 /T6-F1-1 /W-F1-1  
/T3-F1-1 /T4-F1-1 /T6-F3-1 /T6-T5-1 /T6-T0-1 /T6-F0-1 /T4-T5-1 /T4-F3-1 /T1-T0-1 /T1-F3-1 
/W-T3-1  /W-F3-1  /W-F1-1  /W-F2-1  /T5-F2-1 /T0-F2-1 /W-F0-1  /T5-F1-1 /T5-F2-1 /T0-F1-1 
/T0-F2-1 /T2-F2-1 /T1-T0-1 /T1-F3-1 /T2-F3-1 /T0-T1-2 /T0-F2-1 /T0-F3-1 /T2-F2-1 /T2-F3-1 
/T1-T0-4 /T1-F2-1 /T0-T1-5 /T0-F3-1 /T4-T3-6 /T4-F2-1 /D:1     /W-F0-1  /T3-F0-1 /T1-F0-1 
/T3-F1-1 /T1-F1-1 /T3-F0-1 /T1-F0-1 /T3-F1-1 /T1-F1-1 /T3-F0-1 /T1-F0-1 /T3-F1-1 /T1-F1-1 
/T3-F0-1 
"
1011595,I#mj#xaN#gLvz#sydSV#FfYEkp#qZQutbw#hMlToGJKeXBARUHnOrCWciPD,150.000000,3828.000000,44.000000,0.604396,1,"
minimal: 0 / states: 121 / duration: 0.000112s
history:
/T2-F3-1 /T2-F1-1 /T4-T6-1 /T1-T2-1 /T0-T2-1 /T3-T0-1 /D:1     /W-T2-1  /D:2     /W-T0-1  
/T2-T0-4 /W-T2-1  /D:3     /W-T0-1  /T4-T0-1 /T5-T4-1 /T6-T5-2 /T6-F1-1 /D:6     /W-F0-1  
/W-F0-1  /D:2     /W-T3-1  /T6-T3-1 /T6-T5-1 /D:2     /W-F2-1  /D:1     /W-F3-1  /D:1     
/W-T0-1  /T4-T0-2 /T5-T4-4 /T6-T5-1 /T4-T1-5 /D:1     /W-F0-1  /D:2     /W-F1-1  /T0-T5-1 
/T0-F1-1 /D:2     /W-F3-1  /D:1     /W-F0-1  /T5-T0-2 /T5-F0-1 /T5-T2-1 /T5-T3-1 /T5-F0-1 
/T6-T5-1 /R       /D:1     /W-T1-1  /T4-T1-1 /D:1     /W-F2-1  /T0-F2-1 /T0-F3-1 /T6-F2-1 
/T0-F2-1 /T1-F2-1 /D:2     /W-T2-1  /D:1     /W-F1-1  /T3-F1-1 /T3-F2-1 /D:2     /W-F3-1  
/T0-F3-1 /T0-F0-1 /T1-F3-1 /T3-F3-1 /T1-F2-1 /T3-F2-1 /T3-T5-1 /T3-F1-1 /T0-F1-1 /T1-F3-1 
/T1-F2-1 /T0-T2-2 /T0-F2-1 /T1-T5-1 /T1-F2-1 /D:1     /W-F0-1  /T2-F0-1 /D:1     /W-F3-1  
/W-F3-1  /W-F0-1  /T2-T0-2 /T2-F3-1 /T0-T2-3 /T0-F2-1 /T5-T1-2 /T5-F3-1 /D:1     /W-F1-1  
/T2-F1-1 /T1-F1-1 /T2-F0-1 /T1-F0-1 /T2-F1-1 /T1-F1-1 /T2-F0-1 
"
1011679,t#KA#UOh#Vpav#cQoHr#igCTGZ#YyukEnD#dIPNSmzsMFWejRJwLxqbBflX,119.500000,1538.000000,40.000000,0.869565,1,"
minimal: 0 / states: 115 / duration: 0.000106s
history:
/T1-F0-1 /T2-T3-1 /T0-T3-1 /T5-T0-1 /D:1     /W-T4-1  /D:2     /W-T6-1  /D:1     /W-F3-1  
/T2-F3-1 /T5-T2-1 /T6-F3-1 /D:1     /W-T2-1  /T4-T2-2 /T5-T4-1 /T5-T2-1 /D:3     /W-T4-1  
/D:2     /W-T5-1  /D:1     /W-T1-1  /T3-T1-3 /T3-F1-1 /D:1     /W-T4-1  /T6-T4-1 /T6-F2-1 
/D:2     /W-T5-1  /D:3     /W-T0-1  /D:2     /W-T5-1  /D:1     /W-F1-1  /D:1     /W-F0-1  
/T2-F0-1 /T3-T2-1 /T4-T3-5 /T4-F2-1 /T2-F2-1 /T4-F3-1 /T4-F1-1 /T2-F1-1 /T3-F0-1 /T5-F2-1 
/T2-F2-1 /T3-F1-1 /T5-F3-1 /T3-F2-1 /T6-F0-1 /T2-F3-1 /T5-F0-1 /T3-F3-1 /T6-T0-1 /T5-T3-1 
/T6-T5-1 /T1-F2-1 /T2-F0-1 /T2-F3-1 /T5-F2-1 /T3-T5-2 /T3-F3-1 /D:1     /W-F1-1  /T5-F1-1 
/T1-F1-1 /T1-F2-1 /T5-F0-1 /T5-F1-1 /T1-F3-1 /D:2     /W-F3-1  /R       /D:1     /W-F0-1  
/D:1     /W-T2-1  /T6-T2-1 /T6-F3-1 /D:1     /W-T3-1  /D:1     /W-T4-1  /D:1     /W-F1-1  
/T0-F1-1 /D:1     /W-F0-1  /T1-F0-1 /T0-F0-1 /T0-F3-1 /T4-F0-1 /D:1     /W-F2-1  /D:1     
/W-F2-1  /T2-F2-1 /T3-F2-1 /D:1     /W-F1-1  /T2-F1-1 
"
1011686,S#NW#jMH#pmeZ#EfhwJ#OdCQgY#ArRvlXt#aUnFoKLTucsixByPzGbDVkqI,134.000000,2822.000000,54.000000,0.582418,1,"
minimal: 0 / states: 127 / duration: 0.000115s
history:
/T0-T6-1 /T3-T0-1 /D:1     /W-F1-1  /D:2     /W-F2-1  /D:2     /W-F2-1  /D:1     /W-T5-1  
/T1-T5-1 /T1-F3-1 /D:1     /W-T0-1  /D:1     /W-T2-1  /W-T2-1  /T3-T2-1 /T3-T1-1 /T3-F2-1 
/D:4     /W-T4-1  /T2-T4-4 /T5-T2-3 /T2-T3-4 /W-T5-1  /D:3     /W-T1-1  /D:4     /W-F1-1  
/D:1     /W-T4-1  /D:2     /W-T0-1  /T4-T0-7 /W-T4-1  /D:1     /W-F2-1  /D:1     /W-T2-1  
/R       /D:1     /W-T2-1  /T6-T2-2 /T6-T1-1 /T4-T1-2 /D:1     /W-T1-1  /T5-T1-2 /D:1     
/W-F1-1  /D:1     /W-T6-1  /T2-T6-5 /D:2     /W-T0-1  /W-T0-1  /D:1     /W-T2-1  /T6-T2-7 
/T6-T3-1 /T4-T3-1 /T6-T1-1 /T6-F2-1 /T6-F0-1 /T0-F0-1 /F2-T2-1 /T5-T2-1 /T5-F0-1 /T5-F1-1 
/T5-F3-1 /T0-F3-1 /T0-F0-1 /T0-F1-1 /T2-F3-1 /T1-F3-1 /T2-F2-1 /T1-F2-1 /T4-F1-1 /T4-F0-1 
/T0-F0-1 /T1-F1-1 /T2-F3-1 /T0-F3-1 /T2-F2-1 /T1-F2-1 /T2-F3-1 /T1-F3-1 /T3-F1-1 /T3-F2-1 
/T1-F2-1 /T3-F3-1 /T1-F3-1 /T2-T3-2 /T2-F2-1 /T1-F2-1 /T3-T2-3 /T3-F3-1 /T0-T1-5 /T0-F3-1 
/T2-T3-4 /T2-F2-1 /D:1     /W-F0-1  /T1-F0-1 /T1-F1-1 /T3-F0-1 /T1-F0-1 /T3-F1-1 /T1-F1-1 
/T3-F0-1 /T1-F0-1 /T3-F1-1 /T1-F1-1 /T3-F0-1 
"
1011738,L#SK#Cep#Gtlo#RxHyD#jNVAEm#YhcbXMv#OfFndkWPUIZqizgwBrasuTJQ,150.500000,1723.000000,47.000000,0.601190,1,"
minimal: 0 / states: 123 / duration: 0.000107s
history:
/T0-T5-1 /T5-T0-2 /D:1     /W-T2-1  /D:3     /W-F2-1  /T3-F2-1 /T1-T3-1 /T5-T1-1 /T5-F0-1 
/D:1     /W-T1-1  /T2-T1-2 /T4-T2-1 /D:1     /W-T0-1  /D:1     /W-T3-1  /T6-T3-1 /T3-T6-4 
/T1-T3-5 /T6-T1-5 /T6-T4-1 /D:1     /W-T2-1  /D:1     /W-T1-1  /T3-T1-6 /D:7     /W-T0-1  
/T5-T0-1 /T5-F3-1 /T1-F3-1 /T6-T1-1 /T2-F3-1 /T6-T2-1 /T3-T6-1 /D:1     /W-F0-1  /D:2     
/W-F1-1  /T1-F1-1 /T1-F2-1 /T2-F1-1 /T1-F1-1 /D:2     /W-T0-1  /D:1     /W-T0-1  /W-T0-1  
/T2-T0-2 /T2-F0-1 /T0-F0-1 /T0-F1-1 /T1-F0-1 /W-T1-1  /D:1     /W-T4-1  /D:1     /W-F3-1  
/R       /D:1     /W-F1-1  /D:1     /W-F0-1  /T6-F0-1 /D:1     /W-T5-1  /T6-T5-1 /D:1     
/W-T2-1  /T4-T2-3 /T4-F0-1 /T4-T6-1 /T4-F3-1 /T5-T6-3 /D:1     /W-F2-1  /T1-F2-1 /T0-F2-1 
/T1-F3-1 /T0-F3-1 /T1-F2-1 /T1-F3-1 /T0-F2-1 /T0-F3-1 /T1-F2-1 /T0-F2-1 /T1-F3-1 /T2-T0-1 
/T2-F3-1 /T6-T1-3 /T6-F2-1 /T2-F2-1 /T6-F3-1 /T2-F3-1 /D:1     /W-T0-1  /D:1     /W-F2-1  
/D:1     /W-F1-1  /T1-F1-1 /T0-F1-1 /T1-F0-1 /T0-F0-1 /T1-F1-1 /T0-F1-1 /T1-F0-1 /T0-F0-1 
/T1-F1-1 /T0-F1-1 /T1-F0-1 
"
1011765,a#JL#XYn#toUH#fePGs#BzqkRj#NpVmCvg#dQrWSAxcDOMwuiFhyIlbEKZT,93.500000,1020.000000,38.000000,0.647887,1,"
minimal: 0 / states: 119 / duration: 0.000111s
history:
/T0-F1-1 /T2-F2-1 /T6-T3-1 /T6-T5-1 /T4-T3-1 /D:5     /W-T4-1  /D:1     /W-F0-1  /D:1     
/W-T2-1  /T5-T2-2 /T5-T3-1 /T5-T1-1 /T5-T3-1 /T2-T5-4 /T5-T0-5 /T5-F0-1 /T6-F0-1 /T6-T5-1 
/T3-T6-5 /T4-T3-2 /T3-T0-3 /T3-F2-1 /T4-T6-1 /T1-T5-2 /T6-T1-7 /T6-F2-1 /T6-F3-1 /T1-T2-8 
/D:2     /W-F0-1  /D:1     /W-F3-1  /T2-F3-1 /T2-F2-1 /D:1     /W-T1-1  /D:1     /W-T5-1  
/D:2     /W-T5-1  /W-T5-1  /D:5     /W-T1-1  /D:1     /W-F1-1  /D:1     /W-F0-1  /D:1     
/W-T1-1  /D:1     /W-T6-1  /D:1     /W-T5-1  /R       /D:2     /W-F3-1  /T2-F3-1 /T4-T2-1 
/T0-F3-1 /T5-F3-1 /T4-T0-1 /D:1     /W-F2-1  /D:1     /W-T1-1  /D:1     /W-F1-1  /W-F1-1  
/T2-F1-1 /T0-F1-1 /T2-F2-1 /T3-F2-1 /T2-F1-1 /T5-F2-1 /D:1     /W-F0-1  /T0-F0-1 /T0-F3-1 
/T2-F0-1 /T2-F3-1 /T0-F2-1 /T1-F3-1 /T5-T2-1 /T5-F2-1 /T0-T1-1 /T0-F2-1 /T2-T5-2 /T2-F3-1 
/T0-F3-1 /T6-F3-1 /D:1     /W-F1-1  /T5-F1-1 /T1-F1-1 /D:1     /W-F2-1  /T0-F2-1 /D:1     
/W-F0-1  /T5-F0-1 /T1-F0-1 /T5-F1-1 /T1-F1-1 /T5-F0-1 /T1-F0-1 /T5-F1-1 
"
1011768,c#ye#YnS#tGOE#VfFsP#XgZTpl#MCoIAmz#LdDrhaKJvbNxQRwuBUqHjWik,90.500000,1433.000000,28.000000,0.864286,1,"
minimal: 0 / states: 116 / duration: 0.000107s
history:
/T5-T6-1 /T3-T2-1 /T3-T5-1 /T2-T3-2 /T2-F2-1 /D:2     /W-T3-1  /T5-T3-2 /D:1     /W-T1-1  
/T4-T1-1 /T4-T5-1 /T1-T4-3 /D:3     /W-F1-1  /D:1     /W-T2-1  /D:3     /W-F1-1  /T0-F1-1 
/T6-T0-2 /T1-T6-1 /T6-T1-2 /T6-F0-1 /D:1     /W-F3-1  /T3-F3-1 /T4-F3-1 /D:1     /W-T0-1  
/D:1     /W-F3-1  /D:1     /W-F3-1  /D:3     /W-F0-1  /D:1     /W-T6-1  /T3-T6-5 /D:3     
/W-T0-1  /T6-T0-7 /T6-F2-1 /T0-F2-1 /T6-F0-1 /T0-F1-1 /T4-F0-1 /T0-F0-1 /T4-T5-1 /T4-F0-1 
/T4-T3-1 /W-T4-1  /W-F2-1  /T5-F1-1 /T5-T4-2 /T2-T6-2 /T5-T2-1 /T0-F3-1 /T0-F0-1 /T3-F1-1 
/T5-F1-1 /T3-T0-1 /T5-T1-1 /D:1     /W-T6-1  /D:2     /R       /D:1     /W-T2-1  /D:1     
/W-F2-1  /T4-F2-1 /T0-F2-1 /T4-F3-1 /T0-F3-1 /T4-F0-1 /T0-F0-1 /T4-F3-1 /T6-F3-1 /T1-F3-1 
/D:1     /W-F1-1  /D:1     /W-F0-1  /T6-F0-1 /T2-F0-1 /T6-F3-1 /T2-F3-1 /T6-F0-1 /D:1     
/W-T0-1  /D:2     /W-F2-1  /T0-F2-1 /W-F2-1  /D:1     /W-F1-1  /T0-F1-1 /T0-F2-1 /T1-F2-1 
/D:1     /W-F1-1  /T0-F1-1 /T0-F2-1 /T1-F1-1 
"
1011781,t#YC#GOu#mKPZ#gfFVp#QijDLE#TcqXNoa#JyhHzBSeAldwbMnIsxvrRkWU,128.000000,1866.000000,52.000000,0.579545,1,"
minimal: 0 / states: 127 / duration: 0.000112s
history:
/T6-F1-1 /D:2     /W-T3-1  /D:5     /W-T0-1  /T5-T0-1 /D:2     /W-F0-1  /D:2     /W-T0-1  
/T4-T0-1 /T2-T4-1 /T2-T0-1 /D:2     /W-F1-1  /D:2     /W-F2-1  /T6-F2-1 /T6-F3-1 /T0-F3-1 
/T0-F2-1 /T6-T3-1 /T6-F2-1 /T6-F1-1 /T1-T0-1 /T6-T4-1 /T3-T6-3 /T3-F3-1 /T3-T1-1 /T5-T3-1 
/D:2     /W-T4-1  /D:3     /W-F2-1  /T4-F2-1 /T0-T2-4 /T0-F2-1 /D:2     /W-T3-1  /D:1     
/W-T1-1  /D:1     /R       /D:1     /W-T3-1  /T4-T3-3 /T4-T3-1 /D:3     /W-T0-1  /T1-T0-3 
/D:1     /W-F0-1  /T2-F0-1 /T2-F1-1 /T5-F0-1 /T2-F0-1 /T3-F0-1 /D:1     /W-F1-1  /T4-F1-1 
/T4-F1-1 /D:2     /W-T6-1  /D:1     /W-T1-1  /W-T1-1  /D:1     /W-T0-1  /D:1     /W-T1-1  
/T5-T1-1 /T5-T6-1 /T5-F3-1 /W-T6-1  /W-F1-1  /T3-T6-1 /T3-F2-1 /T6-T3-2 /T6-F1-1 /T1-F1-1 
/D:1     /W-F2-1  /T6-F2-1 /T1-F2-1 /T3-T6-4 /T3-F1-1 /T1-F1-1 /T6-T3-5 /T6-F2-1 /T0-T1-4 
/T0-F2-1 /T3-T6-6 /T3-F1-1 /D:1     /W-F3-1  /T2-F3-1 /T2-F0-1 /T6-F3-1 /T6-F0-1 /T1-F0-1 
/D:1     /W-F3-1  /T6-F3-1 /T1-F3-1 /T6-F0-1 /T1-F0-1 /T6-F3-1 /T1-F3-1 /T6-F0-1 /T1-F0-1 
/T6-F3-1 
"
1011792,G#Xu#Fhf#mCSd#PDRTy#lcJZxo#WUqVjen#wsaANkivKMBgIzHbOrEQtLYp,97.500000,1436.000000,42.000000,0.686747,1,"
minimal: 0 / states: 120 / duration: 0.000111s
history:
/T6-F2-1 /T5-F2-1 /T2-T0-1 /T0-T2-2 /D:3     /W-F1-1  /D:1     /W-F0-1  /D:1     /W-F3-1  
/D:1     /W-T4-1  /D:4     /W-T0-1  /D:1     /W-F0-1  /D:1     /W-T1-1  /D:4     /W-F1-1  
/D:1     /W-F3-1  /D:1     /W-T2-1  /T3-T2-1 /D:1     /W-T3-1  /D:1     /W-T3-1  /D:3     
/W-T0-1  /T5-T0-1 /T4-T5-2 /D:1     /W-F2-1  /R       /D:1     /W-T5-1  /D:1     /W-T1-1  
/T6-T1-1 /T6-T0-1 /T6-T5-1 /T6-F2-1 /T1-T5-4 /D:2     /W-T0-1  /T2-T0-5 /T2-T4-1 /T5-T2-9 
/T5-T1-1 /T5-F1-1 /T0-F1-1 /T0-F2-1 /T2-F1-1 /T0-F1-1 /T3-T0-3 /T3-F0-1 /T2-F2-1 /T2-F1-1 
/T4-T2-2 /T4-T2-1 /T4-F0-1 /T4-F3-1 /T0-F3-1 /T0-F0-1 /T2-F3-1 /T0-F3-1 /T2-F0-1 /T0-F0-1 
/T2-F3-1 /T6-F3-1 /T0-F1-1 /W-F1-1  /T0-T6-1 /T0-F1-1 /T6-T0-2 /D:1     /W-T5-1  /D:2     
/W-T4-1  /T5-T4-2 /D:1     /W-F0-1  /W-F0-1  /T1-F0-1 /T4-F0-1 /T2-T1-3 /T2-F1-1 /T4-F1-1 
/T3-F1-1 /T1-T2-4 /D:1     /W-F2-1  /T2-F2-1 /T0-F2-1 /T2-F3-1 /T0-F3-1 /T2-F2-1 /T0-F2-1 
/T2-F3-1 /T0-F3-1 /T2-F2-1 /T4-F2-1 /T2-F3-1 /D:1     /W-F0-1  /T0-F0-1 
"
1011799,l#bm#YJd#RTpG#suVCk#qoQHrc#FinaPxf#eXEzSNWgUyjALvZIhBMOtKwD,159.000000,2288.000000,55.000000,0.580808,1,"
minimal: 0 / states: 124 / duration: 0.000104s
history:
/T6-T3-1  /T6-T0-1  /D:3      /W-T3-1   /T2-T3-1  /T2-T4-1  /D:3      /W-F3-1   /D:1      /W-T0-1   
/D:3      /W-T1-1   /T4-T1-2  /T4-T3-1  /T4-T1-1  /T4-T1-1  /D:2      /W-F0-1   /D:2      /W-T0-1   
/D:3      /W-T0-1   /T3-T0-5  /D:1      /W-F0-1   /T0-F0-1  /T3-T0-1  /T3-T1-1  /T3-T4-1  /T1-T3-7  
/T1-T0-1  /T4-T3-2  /D:1      /W-T1-1   /T0-T1-11 /D:1      /W-F3-1   /T6-F3-1  /T6-F1-1  /T1-F1-1  
/T6-F2-1  /T5-F1-1  /D:2      /W-T2-1   /D:2      /W-F0-1   /T1-T5-2  /T1-F0-1  /T5-T1-3  /T5-T6-1  
/T5-F3-1  /T5-F2-1  /T1-F2-1  /T1-F1-1  /T5-F2-1  /T1-F2-1  /T3-F3-1  /T3-F2-1  /R        /D:1      
/W-F1-1   /T1-F1-1  /D:2      /W-T0-1   /T2-T0-2  /D:1      /W-F3-1   /T3-F3-1  /D:1      /W-F1-1   
/D:1      /W-F3-1   /D:1      /W-T0-1   /D:2      /W-T2-1   /W-T2-1   /W-T2-1   /D:1      /W-T0-1   
/D:1      /W-F2-1   /T3-F2-1  /T3-F3-1  /T6-T3-2  /T6-F0-1  /T1-F0-1  /T1-F1-1  /T1-F2-1  /T3-F0-1  
/T0-F0-1  /T1-F3-1  /T3-F1-1  /T0-F1-1  /T3-F0-1  /T0-F0-1  /T2-F3-1  /T0-F3-1  /T2-F0-1  /T2-F3-1  
/T3-F1-1  /T1-T0-2  /T1-F0-1  /D:1      /W-F2-1   /T0-F2-1  /T0-F1-1  /T3-F2-1  /T0-F2-1  /T3-F1-1  
"
1011817,W#Nq#kYK#EoRV#yxBah#UsQpIz#MwLcnrb#mlPjZeOCJStXHuDGfdgFvTAi,152.000000,2464.000000,48.000000,0.616667,1,"
minimal: 0 / states: 124 / duration: 0.000111s
history:
/T0-T2-1 /T5-T0-1 /T4-T5-1 /T4-F1-1 /T6-F1-1 /T5-T2-2 /D:2     /W-T0-1  /T2-T0-4 /D:1     
/W-T1-1  /T4-T1-1 /T4-T2-1 /D:1     /W-T2-1  /D:3     /W-T5-1  /D:4     /W-T0-1  /W-T0-1  
/T6-T0-1 /T6-F2-1 /T6-F1-1 /D:1     /W-T4-1  /W-T4-1  /T3-T4-1 /T1-T3-3 /T1-F3-1 /T5-F3-1 
/D:1     /W-T4-1  /D:5     /W-T0-1  /T5-T0-1 /T0-T5-1 /T0-F1-1 /T5-T0-2 /T3-T5-4 /T3-F2-1 
/T0-F2-1 /D:1     /W-T4-1  /T5-T4-5 /D:2     /W-T2-1  /T5-T2-1 /D:2     /W-F0-1  /T4-F0-1 
/T4-F3-1 /T4-F2-1 /T0-F3-1 /T0-F2-1 /T4-F3-1 /T0-F3-1 /T4-F2-1 /T0-F2-1 /W-F3-1  /T2-F3-1 
/W-T4-1  /D:1     /R       /D:1     /W-T1-1  /T6-T1-1 /D:1     /W-T5-1  /T4-T5-7 /D:1     
/W-F1-1  /D:1     /W-F0-1  /D:1     /W-F2-1  /T2-F2-1 /T6-F2-1 /T2-T6-3 /T2-T1-1 /D:1     
/W-F0-1  /T3-F0-1 /T5-F0-1 /D:1     /W-F0-1  /D:1     /W-F1-1  /T5-F1-1 /T0-F1-1 /T5-F0-1 
/T0-F0-1 /T5-F3-1 /T0-F3-1 /T5-F0-1 /T5-F3-1 /T0-F0-1 /T1-T5-1 /T1-F0-1 /T6-T0-2 /T6-F3-1 
/T6-F0-1 /T5-T1-2 /T5-F3-1 /D:1     /W-F1-1  /T0-F1-1 /T0-F2-1 /T1-F1-1 /T0-F1-1 /T1-F2-1 
/T0-F2-1 /T1-F1-1 
"
1011827,q#UY#RtV#hOJQ#dLaiA#pwCjBy#PWNDSmn#MTIoFursGvzbEgxHcXfZKekl,146.000000,1738.000000,55.000000,0.600000,1,"
minimal: 0 / states: 124 / duration: 0.000114s
history:
/T4-F0-1 /T6-F2-1 /T5-T6-1 /T5-F0-1 /D:3     /W-T5-1  /D:1     /W-F2-1  /D:2     /W-T2-1  
/D:8     /W-T2-1  /D:1     /W-T1-1  /T5-T1-2 /T5-F0-1 /T4-T5-1 /T4-F1-1 /D:1     /W-T5-1  
/D:1     /W-T0-1  /D:1     /W-T4-1  /T5-T4-3 /T5-T3-1 /T6-T5-2 /W-T6-1  /W-F1-1  /T0-F1-1 
/T3-T6-2 /T2-T3-3 /T6-T2-4 /T6-F0-1 /T6-F3-1 /T2-F2-1 /T0-F2-1 /W-T0-1  /T1-T0-4 /T2-T1-4 
/W-T6-1  /T1-T0-5 /D:2     /W-T1-1  /T4-T1-5 /T4-F1-1 /D:2     /W-F1-1  /D:1     /W-T5-1  
/T3-T5-4 /T3-F3-1 /T3-T6-1 /D:1     /R       /D:1     /W-T3-1  /D:1     /W-T1-1  /D:1     
/W-T1-1  /T2-T1-1 /D:1     /W-F2-1  /D:1     /W-F2-1  /D:1     /W-T6-1  /T0-T6-3 /T0-F2-1 
/D:1     /W-F1-1  /T5-F1-1 /T5-F2-1 /T6-T0-4 /T6-F1-1 /T6-F2-1 /T1-T5-4 /T1-F1-1 /T1-F2-1 
/T0-T6-6 /T0-F1-1 /T6-T0-7 /T6-F3-1 /T0-F3-1 /T0-F0-1 /T5-F3-1 /T0-F3-1 /T5-F0-1 /T0-F0-1 
/T5-F3-1 /T0-F3-1 /T5-F0-1 /T0-F0-1 /T5-F3-1 /T0-F3-1 /T0-F2-1 /T5-F0-1 /T1-F3-1 /T5-F1-1 
/T5-F2-1 /T0-F3-1 /T0-F2-1 /T1-T5-1 /T1-F3-1 /D:1     /W-F0-1  /T5-F0-1 /T3-F0-1 /D:1     
/W-F1-1  /T5-F1-1 
"
1011831,X#Un#TAE#yBbq#kmYIi#wKhCcH#jdRWJrx#vDZSsopazPuNQVgleGfLFtOM,96.000000,1980.000000,60.000000,0.693694,1,"
minimal: 0 / states: 126 / duration: 0.000122s
history:
/T1-F2-1 /T5-T4-1 /T5-T3-1 /D:6     /W-F2-1  /D:1     /W-F2-1  /D:1     /W-F1-1  /D:4     
/W-F3-1  /D:1     /W-T2-1  /T5-T2-1 /D:2     /W-T4-1  /D:3     /W-T1-1  /D:1     /W-T1-1  
/T2-T1-3 /T2-F0-1 /D:2     /W-T2-1  /D:1     /W-T5-1  /D:1     /W-F3-1  /D:1     /R       
/D:4     /W-T5-1  /D:1     /W-T4-1  /D:2     /W-F3-1  /D:4     /W-T2-1  /T3-T2-2 /T3-F1-1 
/T3-F0-1 /T1-F0-1 /T1-F3-1 /T2-F1-1 /T2-F2-1 /T0-T3-1 /D:2     /W-T0-1  /R       /D:2     
/W-F0-1  /T1-F0-1 /T2-T4-1 /T2-F0-1 /D:5     /W-T0-1  /T6-T0-1 /T6-F2-1 /T4-T6-5 /T6-T3-6 
/T4-T6-1 /T6-T0-2 /T6-F3-1 /T5-F3-1 /T6-F1-1 /T3-F1-1 /T1-F1-1 /T1-F0-1 /T3-F2-1 /T2-F3-1 
/T3-F1-1 /T3-F0-1 /T5-F2-1 /T1-F3-1 /T5-F1-1 /T0-F0-1 /T5-T4-1 /T3-F1-1 /T3-F0-1 /T4-F0-1 
/T6-F1-1 /W-F3-1  /W-F2-1  /W-T1-1  /T4-T1-1 /T4-T2-1 /T0-F3-1 /T3-F3-1 /T1-F3-1 /T4-F1-1 
/W-F3-1  /W-F2-1  /T5-F2-1 /T0-F2-1 /T0-F1-1 /T3-F2-1 /T1-F2-1 /T2-F1-1 /D:1     /W-F0-1  
/T0-F0-1 
"
1011851,N#BK#JDu#cjeW#Mrhoq#gkbIGQ#xEHUFCz#tlPXOwLypSfTsmZidnVAvYRa,155.000000,2281.000000,54.000000,0.530928,1,"
minimal: 0 / states: 128 / duration: 0.000115s
history:
/T0-F3-1 /T6-T0-1 /T6-T5-1 /T3-T1-1 /T4-T3-1 /T3-T6-2 /D:2     /W-T0-1  /T1-T0-2 /D:1     
/W-T6-1  /T4-T6-1 /W-T4-1  /D:2     /W-F3-1  /D:5     /W-T4-1  /D:2     /W-T2-1  /T6-T2-5 
/D:6     /W-F2-1  /T2-F2-1 /T2-F3-1 /D:2     /W-F0-1  /T1-F0-1 /T5-F0-1 /T5-F3-1 /T5-T6-1 
/T5-T0-1 /T6-T0-2 /D:1     /W-T3-1  /T4-T3-3 /T4-T3-1 /D:1     /W-T4-1  /D:1     /W-F3-1  
/D:1     /W-F1-1  /T5-F1-1 /R       /D:2     /W-T5-1  /D:3     /W-F2-1  /T2-F2-1 /T3-F2-1 
/T3-F3-1 /D:1     /W-T0-1  /D:1     /W-F2-1  /T3-F2-1 /T2-T6-3 /T2-F2-1 /T2-F0-1 /D:1     
/W-T1-1  /W-T1-1  /T5-T1-2 /T6-T5-2 /T6-F3-1 /T0-T3-2 /T0-F3-1 /T3-T0-3 /T3-F2-1 /T1-F2-1 
/T2-T1-1 /T5-T6-3 /D:1     /W-T2-1  /W-T2-1  /W-T2-1  /D:1     /W-T1-1  /T6-T1-4 /T6-F0-1 
/T3-T6-1 /T3-F1-1 /T6-T4-2 /D:1     /W-F1-1  /T1-F1-1 /T0-F1-1 /T1-F0-1 /T0-F0-1 /T1-F1-1 
/T0-F1-1 /T1-F0-1 /T0-F0-1 /T1-F1-1 /T4-F1-1 /T1-F0-1 /T1-F1-1 /T4-F2-1 /T1-F2-1 /T0-T4-2 
/T0-F1-1 /T0-F2-1 /T1-F1-1 /D:1     /W-F3-1  /T4-F3-1 /T2-F3-1 /T4-F0-1 /T2-F0-1 /T4-F3-1 
/T2-F3-1 /T4-F0-1 
"
1011854,T#Ia#uvw#KWbR#rPtpk#ByiAGQ#XdMfgHO#clmUnYZLSxeoDsqzCVENhJjF,122.000000,3004.000000,59.000000,0.527778,1,"
minimal: 0 / states: 137 / duration: 0.000119s
history:
/T1-F1-1 /T2-T4-1 /D:4     /W-T1-1  /D:1     /W-F2-1  /D:7     /W-F2-1  /D:1     /W-T3-1  
/D:1     /W-T0-1  /T3-T0-2 /T3-F1-1 /T2-T3-1 /T0-T2-4 /D:2     /W-T0-1  /D:1     /W-T5-1  
/T6-T5-1 /D:1     /W-T4-1  /T6-T4-1 /T6-T4-1 /D:1     /W-T6-1  /T5-T6-3 /T5-T1-1 /T5-F0-1 
/T6-T1-5 /T2-T5-5 /T6-T2-1 /D:1     /W-F3-1  /T1-F3-1 /D:1     /W-T3-1  /D:3     /W-T4-1  
/R       /D:1     /W-F1-1  /T6-F1-1 /D:1     /W-T0-1  /D:2     /W-T2-1  /D:4     /W-T0-1  
/T3-T0-3 /T3-T2-1 /D:1     /W-F1-1  /D:2     /W-T6-1  /T5-T6-6 /T4-T5-6 /T4-F2-1 /T4-T0-1 
/T4-F3-1 /W-F2-1  /T4-F2-1 /T6-T5-2 /T6-F2-1 /T0-F2-1 /D:1     /W-T2-1  /T1-T2-7 /R       
/D:1     /W-T1-1  /T5-T1-9 /T5-F0-1 /T2-F0-1 /T1-F0-1 /T2-F3-1 /T1-F3-1 /T2-F0-1 /T1-F0-1 
/T2-F1-1 /T1-F1-1 /T0-F1-1 /T2-F0-1 /T1-F0-1 /T2-T0-1 /T2-F0-1 /T6-T1-2 /T6-F1-1 /T2-F1-1 
/T6-F0-1 /T2-F0-1 /T1-T6-4 /T1-F1-1 /T0-T2-4 /T0-F1-1 /T6-T1-5 /D:1     /W-T3-1  /T1-T3-6 
/T1-F1-1 /D:1     /W-F0-1  /T2-T0-5 /T2-F0-1 /D:1     /W-F3-1  /T3-F3-1 /T0-F3-1 /T3-F2-1 
/T0-F2-1 /T3-F3-1 /T0-F3-1 /T3-F2-1 /T0-F2-1 /T3-F3-1 /T0-F3-1 /T3-F2-1 /T0-F2-1 /T3-F3-1 
"
1011943,A#PZ#JKd#SjgL#lBCoF#vOMwzc#npxNHmU#EGVeDsTIRrytQqbkYauhiXfW,89.000000,699.000000,42.000000,0.621429,1,"
minimal: 0 / states: 135 / duration: 0.000117s
history:
/T0-F0-1 /T3-T1-1 /T4-T3-1 /T4-T5-1 /T4-T2-1 /T4-F0-1 /T1-T0-2 /T2-F0-1 /D:2     /W-T6-1  
/D:2     /W-T3-1  /D:1     /W-T3-1  /T5-T3-2 /T4-T5-1 /T5-T4-2 /W-T5-1  /D:11    /W-T0-1  
/T5-T0-2 /D:1     /W-T5-1  /D:1     /W-F1-1  /W-F1-1  /T3-T1-1 /T3-F1-1 /T2-F1-1 /T2-T4-1 
/T1-T3-2 /T5-T1-2 /D:1     /W-T0-1  /T3-T0-6 /T3-T4-1 /T3-T6-1 /D:2     /W-T2-1  /D:3     
/R       /D:1     /W-T6-1  /D:3     /W-T4-1  /T6-T4-4 /T6-T3-1 /T6-T2-1 /T6-F3-1 /T5-F3-1 
/T6-T1-1 /F1-T4-1 /T6-T4-1 /T6-F2-1 /T0-F2-1 /T0-F3-1 /T0-F0-1 /T4-F2-1 /T4-F1-1 /T0-F1-1 
/T4-F0-1 /T0-F0-1 /W-T2-1  /W-T0-1  /D:1     /W-T0-1  /D:1     /W-T4-1  /D:1     /W-T3-1  
/D:2     /W-F3-1  /T0-F3-1 /D:1     /W-F2-1  /T4-F2-1 /T0-F2-1 /T4-F3-1 /T2-F3-1 /T4-F0-1 
/T2-F0-1 /T4-F3-1 /T4-F0-1 /W-F2-1  /T0-T2-2 /T0-F3-1 /T2-T0-3 /T2-F0-1 /T4-T1-1 /T4-F0-1 
/T0-T3-5 /T0-F0-1 /T5-T1-1 /D:1     /W-T1-1  /D:2     /W-F1-1  /T3-F1-1 /T1-F1-1 /T3-F2-1 
/T1-F2-1 /T3-F1-1 /T1-F1-1 /T3-F2-1 /T3-F1-1 /T1-F2-1 /T4-F1-1 /T3-F2-1 /T3-F1-1 /T4-F2-1 
/D:1     /W-F3-1  /W-F3-1  /T1-F3-1 /T0-F3-1 /T1-F0-1 
"
1011944,C#Kq#MPU#DYOI#QxNso#TFSJLG#aBXycvr#lijmZwueAkHdhbfWztRVnEgp,132.500000,2901.000000,66.000000,0.510000,1,"
minimal: 0 / states: 139 / duration: 0.000118s
history:
/T5-T2-1  /T2-T3-2  /T4-T2-1  /T2-T1-2  /D:1      /W-T2-1   /D:7      /W-T4-1   /T1-T4-3  /T1-T2-1  
/D:1      /W-F0-1   /D:1      /W-T5-1   /D:2      /W-T6-1   /T0-T6-1  /D:2      /W-T6-1   /D:1      
/W-T3-1   /T6-T3-4  /W-T6-1   /D:1      /W-T2-1   /T6-T2-2  /D:1      /W-T0-1   /D:1      /W-T2-1   
/D:3      /W-F2-1   /T4-F2-1  /D:3      /W-F2-1   /R        /D:3      /W-T1-1   /T5-T1-2  /T5-T1-1  
/T5-T2-1  /D:5      /W-T5-1   /D:1      /W-T1-1   /W-T1-1   /D:1      /W-T2-1   /D:1      /W-T1-1   
/T4-T1-4  /T4-F3-1  /R        /D:2      /W-T4-1   /T3-T4-8  /T3-F3-1  /T3-T0-1  /T6-T3-1  /T4-T0-10 
/T1-F3-1  /T1-F2-1  /T4-F3-1  /T5-F3-1  /T0-T2-3  /T0-F2-1  /T1-T5-1  /T1-F2-1  /T5-T1-2  /T2-T0-4  
/T2-F3-1  /T2-F2-1  /T5-F3-1  /T0-T2-6  /T0-F3-1  /T3-T1-2  /D:1      /W-T3-1   /T6-T3-1  /T6-T3-1  
/T6-F0-1  /T6-F1-1  /T2-F1-1  /T1-F1-1  /T2-F0-1  /T1-F0-1  /T2-F1-1  /T1-F1-1  /T2-F0-1  /T1-F0-1  
/T2-F1-1  /T1-F1-1  /T2-F0-1  /T1-F0-1  /T2-F1-1  /T0-F0-1  /T1-F3-1  /T1-F0-1  /W-F1-1   /T0-F1-1  
/T1-F1-1  /T2-T0-2  /T2-F0-1  /T1-F0-1  /T2-F1-1  /T1-F1-1  /T2-F0-1  /D:1      /W-T3-1   /D:1      
/W-F2-1   /T0-F2-1  /T0-F3-1  /T3-F2-1  /T0-F2-1  /T3-F3-1  /T0-F3-1  /T3-F2-1  /T0-F2-1  /T3-F3-1  
"
1011952,e#Vq#MQF#IDwp#srRYj#OtJoyE#BnXZdvx#aCbmUWgTPiNKlLczfuSAhGkH,124.500000,3081.000000,44.000000,0.650602,1,"
minimal: 0 / states: 117 / duration: 0.000107s
history:
/T4-T6-1 /T6-T4-2 /T6-T4-1 /T6-T5-1 /T3-T5-1 /T1-T0-1 /T0-T2-2 /T6-T0-1 /T3-T6-1 /T1-T6-1 
/D:1     /W-F1-1  /D:2     /W-F1-1  /D:1     /W-T1-1  /D:1     /W-T4-1  /D:4     /W-T2-1  
/D:2     /W-F3-1  /D:3     /W-T0-1  /T6-T0-3 /T6-F2-1 /T6-T2-1 /D:1     /W-F1-1  /D:1     
/W-T6-1  /T4-T6-5 /T3-T4-1 /D:2     /W-T0-1  /D:2     /W-F0-1  /T2-F0-1 /D:1     /W-T3-1  
/D:1     /W-T3-1  /W-T3-1  /T5-T3-3 /T5-T1-1 /T5-F2-1 /T3-F2-1 /T3-F1-1 /T2-T4-1 /T2-F2-1 
/T2-F1-1 /T4-T2-3 /T4-F2-1 /T4-F2-1 /W-F1-1  /D:1     /W-T1-1  /T5-T1-1 /T5-F2-1 /T5-F3-1 
/T2-F3-1 /T0-F2-1 /D:1     /W-T0-1  /R       /D:1     /W-F0-1  /T2-F0-1 /T3-F0-1 /D:2     
/W-T0-1  /T2-T0-2 /T2-F3-1 /T0-F3-1 /T0-F0-1 /T0-F1-1 /T3-F3-1 /T3-F0-1 /T3-F1-1 /T0-F0-1 
/T3-F0-1 /T1-F0-1 /D:1     /W-F3-1  /T6-F3-1 /T0-F3-1 /T6-F2-1 /W-F3-1  /T0-F2-1 /T0-F3-1 
/D:1     /W-F1-1  /T6-F1-1 /T1-F1-1 /T6-F2-1 /T1-F2-1 /T6-F3-1 /T6-F2-1 /T0-T1-1 /T0-F3-1 
/D:1     /W-F0-1  /T1-F0-1 /T2-F0-1 /D:1     /W-F1-1  /T1-F1-1 
"
1011953,Y#me#zod#ruID#JafvM#LiSPls#QTqXWgU#KGOVjbtRxnFpBAcCkhNywHEZ,132.000000,3570.000000,52.000000,0.580645,1,"
minimal: 0 / states: 126 / duration: 0.000115s
history:
/T3-T1-1 /T6-T3-1 /T5-T6-1 /T5-T4-1 /T5-T1-1 /T1-T6-3 /D:1     /W-T0-1  /D:1     /W-T3-1  
/T5-T3-1 /D:3     /W-T0-1  /T3-T0-4 /T6-T3-5 /T3-T5-6 /T2-T3-1 /T2-T5-1 /T0-T2-7 /T4-T0-2 
/T4-T6-1 /T3-T2-2 /D:4     /W-T0-1  /T6-T0-2 /D:1     /W-F2-1  /T5-F2-1 /D:2     /W-F2-1  
/D:1     /W-T5-1  /D:1     /W-F0-1  /T5-F0-1 /D:2     /W-F0-1  /D:2     /W-T0-1  /D:1     
/W-F3-1  /D:1     /W-T1-1  /T6-T1-1 /T6-F2-1 /D:1     /W-T1-1  /T5-T1-7 /W-T5-1  /D:2     
/W-T4-1  /T2-T4-1 /T2-F2-1 /D:1     /W-T3-1  /T5-T3-2 /R       /D:1     /W-F3-1  /T1-F3-1 
/T1-F0-1 /D:3     /W-T0-1  /T4-T0-3 /T4-F1-1 /W-F1-1  /W-T4-1  /T4-T3-2 /D:2     /W-T6-1  
/T1-T6-1 /T1-F2-1 /D:1     /W-F1-1  /T0-F1-1 /T6-F1-1 /T0-F0-1 /T0-F1-1 /T0-F2-1 /T1-F1-1 
/T6-T1-2 /T6-F3-1 /W-F3-1  /T1-F0-1 /T2-F3-1 /T1-F3-1 /T1-F2-1 /T2-F0-1 /T0-F1-1 /T2-F3-1 
/T0-F2-1 /T1-F1-1 /T1-F2-1 /T3-F3-1 /T0-F3-1 /T0-F2-1 /T1-F3-1 /T1-F2-1 /T2-T0-3 /T2-F3-1 
/T2-F2-1 /T3-T1-3 /T3-F3-1 /D:1     /W-F0-1  /T0-F0-1 /T0-F1-1 /T1-F0-1 /T0-F0-1 /T1-F1-1 
/T0-F1-1 /T1-F0-1 /T0-F0-1 /T1-F1-1 
"
1011981,R#MB#tjF#aJyO#svmQr#higPkc#ZWExfGD#XLHNTpCAqwudlbIzeSKonYVU,119.000000,2415.000000,43.000000,0.619718,1,"
minimal: 0 / states: 129 / duration: 0.000113s
history:
/T6-T0-1 /T5-T0-1 /T1-T0-1 /T0-T2-4 /D:4     /W-F3-1  /T3-F3-1 /T5-T3-1 /T5-F3-1 /T2-T5-5 
/D:4     /W-F0-1  /T5-F0-1 /W-F0-1  /D:2     /W-T3-1  /D:2     /W-T4-1  /D:1     /W-T1-1  
/D:2     /W-T2-1  /D:1     /W-T0-1  /D:2     /W-T6-1  /T4-T6-2 /T4-F3-1 /T3-T4-3 /D:1     
/W-T1-1  /T2-T1-2 /D:1     /W-T5-1  /D:1     /W-F2-1  /T5-F2-1 /D:1     /W-T0-1  /D:1     
/W-T3-1  /D:1     /W-T1-1  /T6-T1-4 /T6-T2-1 /T6-T0-1 /T6-T2-1 /T6-T0-1 /R       /D:2     
/W-T6-1  /W-T6-1  /T3-T6-2 /T3-F1-1 /T4-T3-4 /T4-T0-1 /D:1     /W-T6-1  /T5-T6-5 /T5-T3-1 
/T2-T5-3 /T5-T0-4 /D:2     /W-F2-1  /D:1     /W-F2-1  /T1-T0-1 /T1-F2-1 /T4-F2-1 /D:1     
/W-T3-1  /W-T3-1  /D:1     /W-F1-1  /T6-F1-1 /T0-F1-1 /T6-F0-1 /T0-F0-1 /T6-F3-1 /T1-F3-1 
/T3-F3-1 /T6-F0-1 /T1-F0-1 /T1-F3-1 /T6-T3-1 /T6-F0-1 /T1-F0-1 /T6-F3-1 /T6-F0-1 /T0-T1-4 
/T0-F3-1 /T6-F3-1 /T1-T0-5 /T1-F0-1 /T6-F0-1 /T0-T1-6 /T0-F3-1 /T6-F3-1 /T1-T0-7 /T1-F0-1 
/D:1     /W-F1-1  /T0-F1-1 /T0-F2-1 /T3-F1-1 /T0-F1-1 /T3-F2-1 /T0-F2-1 /T3-F1-1 /T0-F1-1 
/T3-F2-1 /T0-F2-1 /T3-F1-1 /T0-F1-1 /T3-F2-1 /T0-F2-1 /T3-F1-1 
"
1011983,M#UP#ZGO#jDfR#mCzla#hwgLqk#iHdoAbN#KvsIWyJTuYEnSpcVxrFBXeQt,123.500000,2081.000000,35.000000,0.721429,1,"
minimal: 0 / states: 112 / duration: 0.000099s
history:
/T4-F1-1 /T6-F3-1 /T2-F3-1 /T6-F1-1 /T6-F0-1 /T1-F3-1 /T4-T0-1 /T2-T1-1 /D:1     /W-T0-1  
/D:4     /W-T0-1  /W-T0-1  /T1-T0-2 /T4-T1-1 /D:1     /W-T2-1  /T5-T2-1 /T5-T3-1 /F3-T3-1 
/T6-T3-1 /T4-T6-1 /T5-T4-1 /W-T5-1  /T3-T5-4 /T3-T0-1 /D:1     /W-T2-1  /D:3     /W-T1-1  
/D:1     /W-T0-1  /T6-T0-2 /T5-T6-6 /D:1     /W-F2-1  /T6-F2-1 /T6-F3-1 /D:2     /W-F2-1  
/T6-F2-1 /T3-T6-1 /D:1     /W-F1-1  /D:1     /W-T2-1  /T6-T2-5 /T6-T5-1 /D:1     /W-T1-1  
/T3-T1-1 /D:1     /W-F2-1  /D:2     /W-F0-1  /T0-F0-1 /T0-F1-1 /T2-F0-1 /T0-F0-1 /W-F0-1  
/D:1     /W-T4-1  /T5-T4-2 /D:1     /W-F1-1  /T0-F1-1 /T0-F0-1 /D:1     /W-F3-1  /T2-F3-1 
/T2-F2-1 /T2-F1-1 /W-F3-1  /T2-F0-1 /T5-F1-1 /T4-F1-1 /T1-F1-1 /W-T2-1  /W-F3-1  /T0-F3-1 
/T0-F0-1 /T2-T4-2 /T2-F0-1 /T2-F1-1 /T0-T1-1 /T0-F0-1 /T0-F1-1 /T4-T2-4 /T4-F0-1 /T0-F0-1 
/T4-F1-1 /W-T1-1  /D:1     /W-F2-1  /T2-F2-1 /T1-F2-1 /T2-F3-1 /T1-F3-1 /T2-F2-1 /T1-F2-1 
/T2-F3-1 /T1-F3-1 /T2-F2-1 /T1-F2-1 /T2-F3-1 
"
1020024,i#Sc#EUv#sQgy#juJWr#dhXamO#eqTFwzt#MpkHxGYZbIKAfVlPnDNoBRLC,147.500000,3021.000000,48.000000,0.592784,1,"
minimal: 0 / states: 121 / duration: 0.000115s
history:
/D:3     /W-T3-1  /D:1     /W-T0-1  /D:8     /W-F0-1  /D:1     /W-T6-1  /T4-T6-1 /T2-T4-1 
/T6-T2-3 /T2-T4-4 /D:2     /W-T6-1  /D:2     /W-F2-1  /D:2     /W-F3-1  /T5-F3-1 /T3-T5-2 
/T3-T0-1 /T3-T2-1 /T3-T0-1 /T6-T3-2 /T6-T5-1 /T0-T5-4 /T5-T0-8 /T5-F1-1 /D:1     /W-F2-1  
/D:1     /W-F0-1  /D:1     /W-T0-1  /W-T0-1  /W-F3-1  /T1-T0-1 /T2-F3-1 /T2-T1-1 /D:2     
/W-F0-1  /R       /D:1     /W-T2-1  /D:1     /W-F2-1  /D:1     /W-T3-1  /T4-T3-6 /T4-T5-1 
/D:2     /W-T2-1  /D:2     /W-F1-1  /T0-F1-1 /T0-F0-1 /T0-F3-1 /T1-F0-1 /T6-F0-1 /T6-T4-1 
/T6-F2-1 /T1-F3-1 /T3-F2-1 /T0-F2-1 /T4-F3-1 /W-T1-1  /W-F0-1  /T0-T4-1 /T0-F0-1 /T4-T0-2 
/D:1     /W-F0-1  /T5-F0-1 /D:1     /W-F0-1  /D:2     /W-T1-1  /T5-T1-1 /T3-T5-2 /T3-F3-1 
/T5-T3-3 /T5-F1-1 /T6-F1-1 /T3-F1-1 /T0-F1-1 /T3-F2-1 /T0-F2-1 /T3-F1-1 /T0-F1-1 /T3-F2-1 
/T4-F1-1 /W-F3-1  /T0-F2-1 /T0-F1-1 /T3-F3-1 /T1-F3-1 /T1-F0-1 /T3-F2-1 /T0-F2-1 /T2-F3-1 
/T1-F3-1 /T3-F1-1 /T0-F1-1 /T2-F0-1 /T3-F2-1 
"
1020026,z#CF#aGL#BDmo#bMgKO#thTYqA#ljwXrNk#xJIncvREueHZPfWSUVypQsdi,151.500000,3140.000000,59.000000,0.529703,1,"
minimal: 0 / states: 134 / duration: 0.000115s
history:
/T5-F0-1 /T6-T2-1 /T6-F3-1 /T4-F3-1 /D:2     /W-T2-1  /D:2     /W-F2-1  /T3-F2-1 /T2-T3-3 
/D:1     /W-T5-1  /D:2     /W-T1-1  /T5-T1-2 /T4-T5-1 /T5-T0-2 /T1-T4-4 /D:6     /W-F3-1  
/D:1     /W-T2-1  /T6-T2-1 /D:1     /W-T0-1  /D:3     /W-T3-1  /D:2     /W-F2-1  /D:1     
/W-F3-1  /D:1     /W-T5-1  /D:1     /W-T2-1  /T1-T2-1 /T3-T1-5 /T4-T3-1 /T4-F2-1 /T3-T4-2 
/T3-F0-1 /T2-F0-1 /D:1     /R       /D:2     /W-T0-1  /D:3     /W-T1-1  /T4-T1-5 /T4-T3-1 
/D:1     /W-T5-1  /T1-T5-2 /T1-F3-1 /D:3     /W-F3-1  /D:1     /W-T0-1  /T2-T0-4 /T2-F1-1 
/T4-F1-1 /T5-F1-1 /T0-F1-1 /T0-F2-1 /T5-F0-1 /T5-F1-1 /T5-F2-1 /T5-F3-1 /T0-F1-1 /T0-T5-1 
/T0-F3-1 /T5-T0-2 /T5-F2-1 /W-T2-1  /D:1     /W-T2-1  /T6-T2-1 /T6-T2-1 /D:1     /W-T2-1  
/T1-T2-3 /T1-F3-1 /T0-T6-3 /T0-F3-1 /T6-T0-4 /T6-T3-1 /R       /D:1     /W-T3-1  /D:2     
/W-F0-1  /T2-F0-1 /T0-F0-1 /T2-F1-1 /T0-F1-1 /T2-F2-1 /W-F2-1  /T2-F1-1 /T2-F2-1 /T2-F3-1 
/T3-F2-1 /T2-F2-1 /T0-T3-3 /T0-F3-1 /T0-F2-1 /T2-F3-1 /D:1     /W-F0-1  /T3-F0-1 /T1-F0-1 
/T3-F1-1 /T1-F1-1 /T3-F0-1 /T1-F0-1 /T3-F1-1 /T1-F1-1 /T3-F0-1 
"
1020074,g#uX#Gha#ReNH#FvZYs#MlLSyQ#fdVEKxz#OoAcWPpbCIUwJBDjkTqimtrn,169.500000,1774.000000,58.000000,0.542056,1,"
minimal: 0 / states: 129 / duration: 0.000132s
history:
/T2-F1-1 /T4-T0-1 /T4-T6-1 /T0-T3-2 /T6-T0-2 /T6-T0-1 /D:3     /W-F0-1  /D:2     /W-T0-1  
/D:2     /W-T5-1  /D:1     /W-F1-1  /D:2     /W-T0-1  /T2-T0-1 /T2-T0-1 /T4-T2-1 /D:1     
/W-T4-1  /D:1     /W-T1-1  /D:2     /W-F0-1  /D:2     /W-T6-1  /T4-T6-2 /D:4     /W-T1-1  
/T3-T1-3 /T3-F3-1 /T3-T1-1 /W-T1-1  /T3-T4-1 /D:1     /W-T3-1  /D:1     /W-T6-1  /D:2     
/W-F2-1  /R       /D:1     /W-F3-1  /D:1     /W-F2-1  /T5-F2-1 /T1-F2-1 /D:1     /W-F1-1  
/D:1     /W-F3-1  /T5-F3-1 /T5-T2-1 /T5-T0-1 /T5-T3-1 /T6-T5-5 /T6-T0-1 /T1-T2-7 /T4-F3-1 
/T1-T6-1 /D:1     /W-F0-1  /D:2     /W-F0-1  /T0-F0-1 /T0-F3-1 /T4-F0-1 /T0-F0-1 /T2-T6-3 
/T2-F0-1 /D:1     /W-T3-1  /W-T3-1  /T6-T3-5 /T6-F1-1 /T3-F1-1 /T6-F1-1 /D:1     /W-F3-1  
/T5-T0-1 /T5-F3-1 /T0-T5-2 /T0-F0-1 /T3-T2-3 /T3-F3-1 /T0-F3-1 /T3-F0-1 /T5-T0-4 /T5-F0-1 
/T2-T3-5 /T2-F3-1 /T0-T5-5 /T0-F3-1 /T5-T0-6 /T3-T2-6 /T3-F0-1 /T5-F0-1 /T2-T3-7 /T2-F3-1 
/D:1     /W-F2-1  /T3-F2-1 /T0-F2-1 /T3-F1-1 /T0-F1-1 /T3-F2-1 /T0-F2-1 /T3-F1-1 /T0-F1-1 
/T3-F2-1 /T0-F2-1 /T3-F1-1 /T0-F1-1 /T3-F2-1 /T0-F2-1 /T3-F1-1 
"
1020097,Y#Xi#pEW#gcrB#FjmNe#zkQCDI#KvGxOMw#huHnLbVJRASolfZUyTasPdtq,112.000000,1435.000000,39.000000,0.638889,1,"
minimal: 0 / states: 122 / duration: 0.000113s
history:
/T5-T2-1 /T5-T4-1 /T1-T6-1 /T6-T1-2 /T0-T6-1 /T6-T0-2 /T6-T5-1 /T6-T0-1 /T2-T0-2 /D:1     
/W-T0-1  /T6-T0-1 /D:1     /W-T1-1  /D:2     /W-F2-1  /D:6     /W-F0-1  /T3-F0-1 /D:1     
/W-T0-1  /T3-T0-1 /T3-T4-1 /T3-T1-1 /D:1     /W-F2-1  /D:3     /W-T3-1  /D:1     /W-T6-1  
/D:1     /W-T3-1  /T1-T3-5 /D:2     /W-F1-1  /D:1     /W-T3-1  /T4-T3-3 /T4-F3-1 /T5-F3-1 
/T5-F0-1 /T4-T1-1 /T5-T0-1 /T6-T4-2 /T4-T6-3 /D:1     /W-F3-1  /T0-F3-1 /D:1     /W-T0-1  
/D:1     /W-T6-1  /D:1     /R       /D:2     /W-T1-1  /T5-T1-1 /D:1     /W-F1-1  /T3-F1-1 
/T3-F0-1 /T2-F0-1 /T2-F2-1 /T0-F1-1 /T3-F1-1 /T4-F0-1 /T0-T6-2 /T0-F0-1 /W-F0-1  /D:2     
/W-T1-1  /W-T1-1  /D:1     /W-F3-1  /D:1     /W-T5-1  /T6-T5-7 /D:1     /W-F1-1  /D:2     
/W-F2-1  /T5-F2-1 /T3-F2-1 /T3-F1-1 /T5-F3-1 /T5-F2-1 /T0-F1-1 /W-F3-1  /T3-F2-1 /T3-F1-1 
/T5-F3-1 /T0-F0-1 /T1-F3-1 /T1-F0-1 /T5-F2-1 /T0-F3-1 /T3-F2-1 /T3-F3-1 /T5-F1-1 /T0-F2-1 
/T1-F1-1 /T3-F2-1 /T5-F0-1 /T0-F3-1 /T1-F0-1 /T3-F3-1 /T5-F1-1 /T0-F0-1 /T1-F1-1 /T5-F2-1 
"
1020111,y#uO#PsA#HeJQ#mcGUa#EINbBK#jlhfnRw#SCpokiDVrWdvXLMqtgzTZxFY,131.500000,1841.000000,51.000000,0.666667,1,"
minimal: 0 / states: 123 / duration: 0.000116s
history:
/T2-F0-1  /T4-F1-1  /D:2      /W-T3-1   /T1-T3-1  /D:3      /W-T0-1   /T6-T0-1  /T6-T2-1  /T6-F2-1  
/W-F2-1   /W-F2-1   /D:1      /W-T0-1   /T1-T0-1  /D:1      /W-T2-1   /D:2      /W-T6-1   /T3-T6-3  
/W-T3-1   /D:1      /W-T5-1   /D:2      /W-T5-1   /T4-T5-1  /T6-T4-5  /T4-T5-6  /T4-T2-1  /T0-T4-5  
/D:3      /W-T0-1   /D:1      /W-F2-1   /D:1      /W-T6-1   /D:1      /W-T4-1   /T2-T4-4  /D:1      
/W-T1-1   /D:5      /W-T0-1   /T5-T0-10 /T5-F0-1  /T5-F1-1  /T4-F1-1  /T5-F3-1  /T0-F3-1  /T0-F0-1  
/T2-F3-1  /T0-F3-1  /T4-F0-1  /T4-F3-1  /T6-T5-2  /T6-T1-1  /T5-T6-3  /T0-F2-1  /T4-F2-1  /T5-F0-1  
/T6-F2-1  /W-F0-1   /W-T1-1   /W-T2-1   /T6-T1-3  /R        /D:1      /W-F3-1   /D:1      /W-F1-1   
/D:2      /W-T2-1   /W-T2-1   /T3-T2-2  /T3-F1-1  /T0-F1-1  /T0-F0-1  /T4-F1-1  /T1-F1-1  /T3-F0-1  
/T1-F0-1  /T4-F2-1  /T4-F1-1  /T1-F1-1  /T2-T4-1  /T2-F0-1  /T0-T1-3  /T0-F0-1  /T4-T2-2  /T4-F1-1  
/T1-T0-4  /T1-F1-1  /T2-T4-3  /T2-F0-1  /T0-T1-5  /T0-F0-1  /T4-T2-4  /T4-F1-1  /D:1      /W-F3-1   
/T1-F3-1  /T1-F2-1  /T2-F3-1  /T1-F3-1  /T2-F2-1  /T1-F2-1  /T2-F3-1  /T1-F3-1  /T2-F2-1  /T1-F2-1  
/T2-F3-1  
"
1020119,v#Hi#LdT#YCRo#mcpyD#GZqVKk#OBzXMjA#FSWanIrtwglehbNJsfUuQPxE,88.500000,1044.000000,54.000000,0.531250,1,"
minimal: 0 / states: 137 / duration: 0.000140s
history:
/T6-F0-1  /T0-T6-1  /D:1      /W-T2-1   /D:3      /W-F1-1   /D:1      /W-F2-1   /T3-F2-1  /T4-T3-1  
/T5-T4-1  /T6-T5-2  /T6-T0-1  /T3-T2-2  /D:4      /W-T4-1   /T1-T4-1  /T2-T1-4  /T3-T2-1  /T5-T3-3  
/T1-T4-5  /T3-T0-4  /D:4      /W-T0-1   /D:1      /W-F1-1   /D:1      /W-F3-1   /D:1      /W-T6-1   
/T5-T6-1  /D:4      /W-T6-1   /D:2      /W-T4-1   /D:2      /R        /D:5      /W-T0-1   /D:1      
/W-T6-1   /D:3      /W-T6-1   /W-T6-1   /T5-T6-1  /T4-T5-10 /T4-F2-1  /T4-F1-1  /T5-T1-11 /T6-F2-1  
/D:1      /W-T0-1   /D:4      /W-T0-1   /T2-T0-2  /T6-T2-7  /T6-T3-1  /T6-F0-1  /T6-F3-1  /T0-F0-1  
/T0-F1-1  /T1-F3-1  /T1-F0-1  /T2-F1-1  /T0-F0-1  /T0-F1-1  /T1-T2-1  /T1-F0-1  /T5-F0-1  /T2-T1-2  
/T2-F1-1  /T1-T2-3  /T1-F0-1  /T2-T4-8  /R        /D:1      /W-T0-1   /D:2      /W-F0-1   /D:1      
/W-F2-1   /D:1      /W-T3-1   /D:2      /W-F3-1   /T4-F3-1  /T0-F3-1  /T4-F2-1  /T0-F2-1  /T0-F1-1  
/T4-F3-1  /T4-F2-1  /T1-F1-1  /W-F3-1   /T0-F2-1  /T0-F1-1  /T4-F3-1  /T1-F2-1  /T4-F0-1  /T1-F1-1  
/W-F3-1   /T0-F0-1  /T4-F3-1  /T4-F0-1  /T0-F3-1  /T0-F0-1  /T3-F1-1  /T4-F1-1  /D:1      /W-F2-1   
/T1-F2-1  /T1-F3-1  /T3-F2-1  
"
1020169,r#PO#Tnc#Gxzk#QdNWK#tURHBe#JLSIwmY#jVDsXCvZgluhibMqfpFyEoaA,143.000000,3081.000000,39.000000,0.722222,1,"
minimal: 0 / states: 113 / duration: 0.000103s
history:
/T4-T6-1  /T4-T6-1  /T4-F3-1  /T1-F3-1  /T4-T0-1  /T1-F3-1  /T4-F3-1  /D:3      /W-T5-1   /T2-T5-1  
/T2-F2-1  /D:1      /W-T2-1   /T5-T2-3  /T5-T2-1  /T2-T5-6  /D:2      /W-T0-1   /D:1      /W-T6-1   
/D:1      /W-T1-1   /D:4      /W-T6-1   /D:2      /W-T0-1   /D:1      /W-T2-1   /T6-T2-5  /T6-T4-1  
/T6-T3-1  /W-T3-1   /T5-T3-7  /T5-F3-1  /T5-T6-1  /T5-T2-1  /D:2      /W-T2-1   /T0-T2-4  /D:3      
/W-T1-1   /T3-T1-10 /T3-T0-1  /D:2      /W-F2-1   /D:1      /W-F1-1   /T2-F1-1  /D:1      /W-F0-1   
/T1-F0-1  /T1-F1-1  /T2-F0-1  /T1-F0-1  /T2-F1-1  /W-F0-1   /T1-F1-1  /W-F0-1   /W-F2-1   /W-F2-1   
/T2-F2-1  /T1-F2-1  /T2-F1-1  /T2-F2-1  /W-F2-1   /W-T0-1   /W-F1-1   /T3-T0-1  /T2-F1-1  /T2-F2-1  
/T6-T2-2  /T6-F3-1  /T1-F3-1  /T3-F0-1  /T1-F0-1  /T1-F1-1  /T2-F3-1  /T2-F0-1  /T6-T4-1  /T1-F2-1  
/T0-F2-1  /T6-F0-1  /T1-T4-1  /T1-F2-1  /R        /D:1      /W-F1-1   /T4-F1-1  /T0-F1-1  /T0-F2-1  
/T4-T1-1  /T4-F1-1  /D:1      /W-F3-1   /T2-F3-1  /T2-F0-1  /T1-F0-1  /D:1      /W-F3-1   /T2-F3-1  
/T1-F3-1  /T2-F0-1  
"
1020200,O#Ma#hRv#zFIp#wgJZn#kfCVoK#YxrGsHd#NqDBWAPbQLUTEmiujcXlyeSt,127.500000,1459.000000,41.000000,0.630682,1,"
minimal: 0 / states: 116 / duration: 0.000116s
history:
/T1-F1-1 /T4-F2-1 /T3-T6-1 /T0-T6-1 /T4-T0-1 /D:1     /W-F3-1  /T6-F3-1 /D:4     /W-T5-1  
/T2-T5-1 /D:1     /W-F0-1  /W-F0-1  /W-T2-1  /D:1     /W-F3-1  /D:1     /W-F1-1  /D:1     
/W-F3-1  /D:1     /W-T0-1  /D:1     /W-T3-1  /D:4     /W-T4-1  /D:1     /W-T4-1  /D:2     
/W-F1-1  /D:1     /W-T0-1  /T4-T0-3 /T4-T0-1 /D:1     /W-T1-1  /T5-T1-3 /T5-F2-1 /T6-F2-1 
/T6-F1-1 /T6-T5-1 /T6-T0-1 /T5-T4-2 /T5-F0-1 /T2-F0-1 /T2-F3-1 /T6-T2-1 /T6-T5-1 /T5-T2-2 
/W-T6-1  /T3-T6-2 /T2-T1-4 /W-T2-1  /W-F0-1  /T3-F0-1 /W-T4-1  /W-F2-1  /T1-F2-1 /T0-F2-1 
/T4-T5-4 /D:1     /W-T2-1  /T5-T2-5 /D:1     /W-F1-1  /T1-F1-1 /T0-F1-1 /T1-F0-1 /T1-F1-1 
/T2-T0-1 /T2-F0-1 /T6-T1-1 /T6-F0-1 /T0-T2-2 /T0-F1-1 /T0-F0-1 /T6-F1-1 /T1-T6-3 /T1-F0-1 
/T6-T1-4 /T2-T0-4 /T2-F1-1 /T0-T2-5 /T0-F0-1 /T1-T3-5 /T1-F0-1 /T3-T6-4 /T3-F1-1 /T2-T0-6 
/T2-F1-1 /T6-T3-5 /D:1     /W-F3-1  /T0-F3-1 /T3-F3-1 /D:1     /W-F2-1  /T0-F2-1 /T0-F3-1 
/T3-F2-1 /T0-F2-1 /T3-F3-1 /T0-F3-1 /T3-F2-1 /T0-F2-1 /T3-F3-1 /T0-F3-1 /T3-F2-1 
"
1020209,M#LH#uid#WjBa#vypfC#TUzbIP#JkOEmoX#gNqQsAZRSFGncelKDxVwhrYt,114.000000,2701.000000,42.000000,0.628378,1,"
minimal: 0 / states: 132 / duration: 0.000117s
history:
/T3-F1-1  /T4-T2-1  /T3-T5-1  /D:1      /W-T1-1   /D:1      /W-F3-1   /D:3      /W-T1-1   /D:1      
/W-F0-1   /T5-F0-1  /T2-F0-1  /D:2      /W-T1-1   /D:4      /W-F2-1   /D:3      /W-T0-1   /D:1      
/W-T0-1   /T3-T0-1  /D:1      /W-T1-1   /T5-T1-1  /T5-T0-1  /T5-F1-1  /D:3      /W-T6-1   /W-T6-1   
/T1-T6-6  /T6-T1-9  /T6-F2-1  /T1-T6-10 /T6-T1-11 /T6-T4-1  /T6-F3-1  /T1-F3-1  /T2-T4-1  /T1-F0-1  
/D:1      /W-T0-1   /D:2      /W-T5-1   /D:1      /W-T0-1   /T4-T0-3  /T4-F2-1  /T6-T4-1  /T2-T6-1  
/T2-T6-1  /T5-T2-2  /T6-T4-3  /R        /D:1      /W-F2-1   /D:1      /W-F3-1   /T1-F3-1  /D:1      
/W-T6-1   /T4-T6-5  /T5-T4-1  /T4-T3-2  /T5-T6-1  /D:1      /W-F3-1   /T6-F3-1  /T3-F3-1  /D:3      
/W-F1-1   /T0-F1-1  /T0-F0-1  /D:1      /W-F1-1   /T0-F1-1  /D:1      /W-T2-1   /T3-T2-2  /D:1      
/W-F2-1   /T1-F2-1  /T0-F2-1  /T1-F1-1  /T6-F2-1  /T0-F1-1  /T2-F2-1  /T6-F1-1  /T0-T2-1  /T0-F1-1  
/T1-T6-2  /T1-F2-1  /T2-T0-2  /T2-F2-1  /T6-T1-3  /T6-F1-1  /T6-F2-1  /T0-T2-3  /T0-F1-1  /T1-T6-5  
/T1-F1-1  /T2-T0-4  /T2-F2-1  /R        /D:1      /W-F0-1   /D:1      /W-F0-1   /T6-F0-1  /T0-F0-1  
/T6-F3-1  /T0-F3-1  /T6-F0-1  /T0-F0-1  /T6-F3-1  /T0-F3-1  /T6-F0-1  /T0-F0-1  /T6-F3-1  
"
1020290,E#Ag#vOF#mDQY#TVLeP#htbBlZ#fwupjzN#dySkCKoGqxMXnUHRsriIWJac,105.000000,1148.000000,49.000000,0.626437,1,"
minimal: 0 / states: 120 / duration: 0.000106s
history:
/T6-F3-1 /T3-T6-1 /T2-T1-1 /T2-F3-1 /T4-F3-1 /T3-F3-1 /T4-T1-1 /T4-T5-1 /T3-T1-1 /D:1     
/W-T0-1  /D:1     /W-T3-1  /D:2     /W-T3-1  /D:1     /W-T0-1  /D:1     /W-T6-1  /D:6     
/W-T5-1  /D:1     /W-F2-1  /D:1     /W-T2-1  /D:1     /W-T4-1  /T1-T4-4 /T1-F0-1 /T5-T1-3 
/D:1     /W-F3-1  /D:5     /W-T6-1  /T2-T6-2 /T6-T2-6 /W-T6-1  /D:1     /W-T1-1  /T4-T1-6 
/D:1     /W-F1-1  /D:1     /W-T1-1  /R       /D:1     /W-F3-1  /T4-F3-1 /T2-F3-1 /D:1     
/W-F2-1  /D:3     /W-T5-1  /T6-T5-2 /T6-F2-1 /W-F2-1  /D:1     /W-T4-1  /T5-T4-4 /T5-F0-1 
/T5-F1-1 /T0-F0-1 /T1-F1-1 /T0-F1-1 /T1-F0-1 /T0-F0-1 /T1-F1-1 /T1-F0-1 /F3-T2-1 /T5-T2-1 
/W-F0-1  /T1-T6-1 /T1-F0-1 /T6-T1-2 /T6-T3-1 /T4-F0-1 /T6-F1-1 /T1-F1-1 /T5-F1-1 /T1-T3-2 
/T1-F0-1 /D:2     /W-F2-1  /W-F2-1  /T2-F2-1 /T2-F3-1 /T3-F2-1 /T2-F2-1 /T3-F3-1 /T2-F3-1 
/T1-F3-1 /T2-F0-1 /T1-F0-1 /T2-F3-1 /T1-F3-1 /T3-F2-1 /T4-T2-3 /T4-F0-1 /D:1     /W-F1-1  
/T2-F1-1 /T2-F2-1 /T3-F1-1 /T2-F1-1 /T3-F2-1 /T2-F2-1 /T3-F1-1 
"
1020291,G#OM#ZqR#IJfs#umWTn#LCodxi#DEQgcYv#SlpHNPaejBrKFVkyhztAUXbw,136.500000,2850.000000,42.000000,0.631579,1,"
minimal: 0 / states: 115 / duration: 0.000106s
history:
/T4-F2-1 /T3-T4-1 /T2-T4-1 /T3-T0-1 /T5-T3-1 /T2-T4-1 /D:2     /W-T1-1  /T5-T1-1 /D:1     
/W-T5-1  /D:1     /W-T3-1  /T4-T3-4 /T6-T4-1 /T4-T1-2 /D:1     /W-F3-1  /D:1     /W-T3-1  
/D:1     /W-F1-1  /D:3     /W-T3-1  /D:1     /W-T0-1  /T5-T0-2 /T5-F2-1 /T0-F2-1 /T5-T0-1 
/T5-T2-1 /T1-T5-5 /T1-F3-1 /T4-T1-1 /D:1     /W-T6-1  /W-T6-1  /D:3     /W-T2-1  /T3-T2-9 
/T3-T6-1 /D:1     /W-T1-1  /D:1     /W-T5-1  /T0-T5-5 /D:1     /W-T0-1  /T6-T0-4 /T2-T6-1 
/T2-F3-1 /T6-T2-2 /T6-T4-1 /T6-F3-1 /D:2     /W-F0-1  /T2-F0-1 /T5-F0-1 /D:1     /W-T0-1  
/W-T0-1  /D:1     /W-T1-1  /D:1     /W-F1-1  /T2-F1-1 /T2-F2-1 /T5-F1-1 /T5-F2-1 /T6-T5-1 
/T6-F0-1 /T2-F3-1 /T5-F0-1 /T2-F2-1 /T0-F2-1 /D:1     /W-T1-1  /W-T1-1  /W-F0-1  /W-F1-1  
/T5-F1-1 /T4-F1-1 /W-F3-1  /T2-F3-1 /T4-F2-1 /T5-F0-1 /T0-F3-1 /T2-F0-1 /T1-F3-1 /T5-F1-1 
/T0-F0-1 /T2-F1-1 /T2-F0-1 /T5-F2-1 /T0-F1-1 /T1-F2-1 /T2-F1-1 /T5-F3-1 /T0-F0-1 /T1-F3-1 
/T2-F0-1 /T5-F2-1 /T0-F3-1 /T1-F2-1 /T2-F3-1 /T5-F1-1 /T0-F2-1 /T1-F1-1 /T5-F0-1 
"
1020338,A#yk#Ejp#hcwb#teFYG#fPusnx#TNWSVqZ#omzRiOKDrvBdMaIJgHXClULQ,159.500000,2008.000000,48.000000,0.588889,1,"
minimal: 0 / states: 120 / duration: 0.000113s
history:
/T0-F0-1 /T6-T0-1 /T3-T2-1 /T3-T1-1 /T3-T6-1 /T4-T3-1 /T5-T4-1 /T5-F2-1 /D:1     /W-F2-1  
/D:3     /W-T5-1  /T6-T5-2 /T6-T1-1 /T6-T3-1 /T6-T4-1 /T6-F3-1 /T5-T6-4 /T5-T1-1 /T6-T1-5 
/W-T6-1  /T4-T6-3 /D:2     /W-F3-1  /T5-F3-1 /D:3     /W-T3-1  /D:1     /W-T6-1  /T3-T6-4 
/D:1     /W-F0-1  /D:1     /W-T6-1  /T2-T6-2 /D:1     /W-T3-1  /D:1     /W-F1-1  /T6-F1-1 
/T1-F1-1 /T6-F2-1 /T1-F2-1 /T6-F1-1 /T6-F2-1 /T1-T4-1 /T1-F2-1 /T4-T1-2 /T4-F1-1 /T4-F2-1 
/T5-F1-1 /W-T1-1  /D:1     /W-T2-1  /D:2     /W-F1-1  /D:3     /W-F0-1  /T1-F0-1 /D:1     
/W-T3-1  /D:1     /W-T2-1  /T6-T2-2 /T6-F1-1 /D:1     /W-T0-1  /T1-T0-7 /W-T1-1  /D:1     
/W-F3-1  /T0-F3-1 /T2-F3-1 /R       /D:1     /W-T4-1  /T1-T4-2 /D:1     /W-F1-1  /D:1     
/W-T3-1  /T2-T3-4 /T2-F0-1 /T0-F0-1 /T0-F3-1 /T0-F2-1 /T3-F0-1 /T3-F3-1 /T6-F2-1 /T0-F3-1 
/T0-F2-1 /T6-F3-1 /T4-F3-1 /T6-F2-1 /T4-F2-1 /T6-F3-1 /T6-F2-1 /T0-T4-2 /T0-F3-1 /D:1     
/W-T4-1  /D:1     /W-F0-1  /T3-F0-1 /T3-F1-1 /T4-F0-1 /T3-F0-1 /T4-F1-1 /T3-F1-1 /T4-F0-1 
/T3-F0-1 /T4-F1-1 
"
1020339,Q#xa#zFJ#hOnp#iNByo#SKLTMb#jefEcCu#vXIAsHDmrkPtwdVlUGRZWqYg,104.500000,1286.000000,47.000000,0.655405,1,"
minimal: 0 / states: 126 / duration: 0.000111s
history:
/T1-F1-1 /T5-F1-1 /T3-T0-1 /T3-F2-1 /T4-F2-1 /T3-T0-1 /D:2     /W-T4-1  /T2-T4-1 /D:2     
/W-F0-1  /D:8     /W-T3-1  /D:3     /W-T4-1  /T6-T4-1 /T0-T6-1 /T0-F2-1 /T6-T0-2 /T6-F1-1 
/T0-T6-3 /T5-T0-1 /T5-T4-1 /T2-T4-1 /W-F1-1  /D:1     /W-T0-1  /T1-T0-1 /D:3     /W-T4-1  
/D:1     /W-T1-1  /T4-T1-8 /T4-F0-1 /T4-F3-1 /T6-F3-1 /T6-F0-1 /D:1     /W-T0-1  /D:1     
/W-F2-1  /D:1     /W-T2-1  /D:1     /R       /D:1     /W-T0-1  /T3-T0-2 /D:3     /W-T4-1  
/D:1     /W-F0-1  /D:1     /W-T3-1  /T5-T3-1 /T5-T2-1 /T6-T5-2 /T6-T0-1 /T6-F1-1 /T0-F1-1 
/T5-T0-3 /T6-T2-1 /D:1     /W-F2-1  /W-F2-1  /W-T2-1  /D:1     /W-T3-1  /D:1     /W-F3-1  
/T0-F3-1 /T0-F0-1 /T1-F3-1 /T0-F3-1 /T0-F2-1 /T1-F0-1 /T1-F3-1 /T1-F2-1 /T0-T2-1 /T0-F2-1 
/D:1     /W-F2-1  /D:1     /W-F3-1  /T1-F3-1 /T0-F3-1 /T0-F2-1 /T1-T3-1 /T1-F3-1 /T1-F2-1 
/T2-T0-4 /T2-F3-1 /T1-F3-1 /T2-F2-1 /T4-T3-2 /D:1     /W-F0-1  /T3-F0-1 /D:1     /W-F1-1  
/T0-F1-1 /T0-F0-1 /T3-F1-1 /T0-F1-1 /T3-F0-1 /T0-F0-1 /T3-F1-1 /T0-F1-1 /T3-F0-1 /T0-F0-1 
/T3-F1-1 
"
1020369,T#hX#sFP#OgiN#ZuBza#qKdpQw#vbVEYMf#JDlAIkxCGRetcSojmWnyUrLH,117.000000,1373.000000,72.000000,0.475962,1,"
minimal: 0 / states: 139 / duration: 0.000155s
history:
/T3-F3-1 /T4-F1-1 /T5-T1-1 /T3-T1-1 /D:3     /W-T4-1  /D:1     /W-F0-1  /D:3     /W-T4-1  
/D:1     /W-T5-1  /D:7     /W-T2-1  /D:1     /W-T4-1  /D:3     /W-F2-1  /T2-F2-1 /D:3     
/W-T6-1  /T5-T6-2 /T5-F2-1 /D:2     /W-T1-1  /T3-T1-1 /T3-F3-1 /T2-F3-1 /T4-T3-4 /T4-F0-1 
/T2-T0-1 /T6-F0-1 /T6-F3-1 /T5-T6-1 /T0-T4-2 /T2-T1-1 /R       /D:2     /W-F0-1  /D:1     
/W-T3-1  /D:3     /W-F3-1  /D:1     /W-T1-1  /D:3     /W-F3-1  /D:1     /W-T0-1  /D:1     
/W-T5-1  /D:1     /W-T0-1  /T1-T0-7 /T1-T3-1 /D:2     /R       /D:3     /W-T3-1  /T6-T3-3 
/T6-T1-1 /T6-T1-1 /T6-F0-1 /T4-T6-3 /T5-T1-2 /T5-F2-1 /T6-F0-1 /T6-F3-1 /D:3     /W-F3-1  
/D:1     /W-T4-1  /R       /D:2     /W-T4-1  /W-T4-1  /T6-T4-2 /T6-F1-1 /T6-T1-1 /D:2     
/W-F1-1  /T3-F1-1 /T0-F1-1 /T3-F2-1 /T0-F2-1 /T3-F1-1 /T0-F1-1 /T3-F0-1 /T0-F0-1 /W-F2-1  
/T3-F1-1 /T3-F0-1 /T4-F2-1 /T0-F1-1 /T1-F2-1 /T3-F1-1 /T4-F3-1 /T0-F2-1 /T1-F3-1 /T3-F2-1 
/T4-F0-1 /T0-F3-1 /T1-F0-1 /T1-F3-1 /T4-F1-1 /T0-F2-1 /T3-F1-1 /T3-F2-1 /T4-F0-1 /T0-F1-1 
/T1-F0-1 /T4-F3-1 
"
1020395,G#fX#YPw#Rybp#ixOQI#VlzjUg#JsKeHWB#ruMqcASZtNFvLnmkhaoTCEDd,117.000000,1006.000000,35.000000,0.683099,1,"
minimal: 0 / states: 119 / duration: 0.000102s
history:
/T2-T1-1 /T6-T2-1 /T4-T6-1 /T3-T4-1 /T3-T4-1 /T1-T3-2 /T1-T0-1 /D:1     /W-T0-1  /T4-T0-3 
/D:2     /W-T1-1  /D:3     /W-F0-1  /T2-F0-1 /D:4     /W-F3-1  /T4-F3-1 /T2-F3-1 /T6-T4-2 
/T5-T6-1 /T5-T4-1 /T4-T2-4 /T6-T4-2 /W-T2-1  /T2-T1-6 /W-T2-1  /T3-T2-3 /W-T1-1  /T4-T2-3 
/D:1     /W-T2-1  /T6-T2-1 /T5-T6-1 /T5-T4-1 /T6-T5-2 /T5-T4-3 /T3-T6-1 /D:1     /W-T4-1  
/D:2     /W-F2-1  /D:1     /W-T3-1  /W-T3-1  /D:1     /W-T3-1  /D:1     /W-T4-1  /T0-T4-6 
/D:1     /W-F1-1  /T4-F1-1 /W-F1-1  /W-T2-1  /W-T5-1  /D:1     /W-F2-1  /T4-F2-1 /T2-F2-1 
/T4-F3-1 /T4-F2-1 /T6-F3-1 /T6-F2-1 /T1-F3-1 /T1-F2-1 /T5-F2-1 /T5-T6-1 /T6-T3-2 /D:1     
/W-F3-1  /T1-F3-1 /T3-F3-1 /T4-T1-3 /T4-F2-1 /T1-T4-4 /T1-F3-1 /T2-T3-5 /T2-F2-1 /T1-F2-1 
/T2-F3-1 /T1-F3-1 /T2-F2-1 /T2-F3-1 /T4-T1-7 /T4-F2-1 /D:1     /W-F0-1  /D:1     /W-T1-1  
/D:1     /W-F0-1  /T1-F0-1 /D:1     /W-F1-1  /T3-F1-1 /T1-F1-1 /T3-F0-1 /T1-F0-1 /T3-F1-1 
/T1-F1-1 /T3-F0-1 /T1-F0-1 /T3-F1-1 /T1-F1-1 /T3-F0-1 /T1-F0-1 /T3-F1-1 /T1-F1-1 /T3-F0-1 
/T1-F0-1 /T3-F1-1 
"
1020398,O#XM#qHY#Dncb#hQjRV#KITPms#CtdZrAz#gvGkeuUSEBLfWxiwlyJaNoFp,119.500000,833.000000,46.000000,0.570588,1,"
minimal: 0 / states: 117 / duration: 0.000107s
history:
/T2-T1-1 /T2-T4-1 /D:1     /W-T4-1  /T5-T4-1 /D:4     /W-T4-1  /T2-T4-1 /T6-T2-1 /T6-F0-1 
/D:5     /W-F0-1  /D:1     /W-T5-1  /D:3     /W-T1-1  /W-T1-1  /D:3     /W-T2-1  /D:3     
/W-F1-1  /T3-F1-1 /T3-F1-1 /T3-F2-1 /D:1     /W-F3-1  /T0-F3-1 /T5-T0-2 /T5-F3-1 /D:1     
/W-F2-1  /D:1     /W-T5-1  /D:1     /W-F2-1  /T4-F2-1 /T6-F2-1 /T3-T4-1 /T6-T3-1 /T6-F1-1 
/T4-T5-2 /T4-F2-1 /T6-F2-1 /T6-F0-1 /T5-F0-1 /T5-F1-1 /T1-T6-4 /W-T1-1  /T4-T1-3 /T4-T5-1 
/W-T3-1  /T1-T0-5 /R       /D:1     /W-T4-1  /D:2     /W-T3-1  /D:1     /W-F2-1  /T4-F2-1 
/D:3     /W-F0-1  /D:1     /W-F1-1  /T0-F1-1 /T5-T0-3 /T5-T4-1 /T4-T5-2 /T4-F3-1 /T0-F3-1 
/T0-F0-1 /W-F3-1  /T0-F3-1 /T4-F1-1 /W-F3-1  /W-F0-1  /T0-F0-1 /T0-F3-1 /T5-F0-1 /T6-F3-1 
/T0-F0-1 /T0-F3-1 /T5-T6-1 /T5-F0-1 /T0-F0-1 /T6-T2-2 /T6-F3-1 /T6-F0-1 /T3-T0-2 /T3-F3-1 
/D:1     /W-F1-1  /T2-F1-1 /T0-F1-1 /D:1     /W-F2-1  /T2-F2-1 /T0-F2-1 /T2-F1-1 /T0-F1-1 
/T2-F2-1 
"
1020424,A#FS#jnQ#dwWL#gXNTb#squCkp#zrJovPm#IcKHMODeUYxhBERGyVtlfaiZ,145.000000,1981.000000,54.000000,0.584211,1,"
minimal: 0 / states: 126 / duration: 0.000128s
history:
/T0-F0-1 /T6-T0-1 /T5-T2-1 /T4-T2-1 /T5-T3-1 /T3-T0-2 /D:1     /W-T3-1  /D:5     /W-T5-1  
/D:3     /W-T3-1  /D:4     /W-F0-1  /D:1     /W-T1-1  /T2-T1-3 /T2-F2-1 /D:2     /W-T3-1  
/T1-T3-5 /W-T1-1  /T1-T4-2 /D:6     /W-F1-1  /T3-F1-1 /T5-T3-1 /T5-F0-1 /T4-T5-3 /T4-F3-1 
/T3-F3-1 /T6-F3-1 /T6-T2-1 /T6-F2-1 /T3-F2-1 /T3-F3-1 /T6-T0-1 /T5-F3-1 /D:1     /W-T0-1  
/T5-T0-3 /T5-F2-1 /T6-F2-1 /T5-F2-1 /D:1     /W-T1-1  /R       /D:1     /W-F1-1  /D:3     
/W-T5-1  /D:1     /W-F0-1  /T3-F0-1 /T3-F3-1 /T0-F0-1 /T0-F3-1 /T3-F0-1 /T3-F3-1 /W-F0-1  
/T3-F0-1 /D:2     /W-T5-1  /D:1     /W-T5-1  /T3-T5-1 /T3-T4-1 /T3-F1-1 /W-F1-1  /T0-T4-2 
/T0-F0-1 /W-F0-1  /D:1     /W-T2-1  /D:1     /W-T1-1  /T4-T1-4 /T4-T1-1 /D:1     /W-F3-1  
/T5-F3-1 /T1-T0-4 /T1-F3-1 /T0-T1-5 /T0-F0-1 /T5-T6-2 /T5-F0-1 /T2-T6-3 /D:1     /W-F2-1  
/D:2     /W-F1-1  /T1-F1-1 /T1-F2-1 /T6-F1-1 /T1-F1-1 /T6-F2-1 /T1-F2-1 /T6-F1-1 /T1-F1-1 
/T6-F2-1 /T1-F2-1 /T6-F3-1 /T1-F3-1 /W-F1-1  /T0-F1-1 /T6-F2-1 
"
1020447,o#xz#tVw#KMmD#gnaOl#ITHCER#WceiqGs#ANvZQYXBfkyhrdbupSPLJUFj,114.500000,737.000000,32.000000,0.736111,1,"
minimal: 0 / states: 119 / duration: 0.000105s
history:
/T5-T6-1 /T4-T1-1 /T3-T6-1 /D:1     /W-F0-1  /D:1     /W-F3-1  /T4-F3-1 /T4-F1-1 /T4-F2-1 
/T0-F2-1 /T6-T4-3 /T3-T0-1 /D:3     /W-T5-1  /D:1     /W-T3-1  /D:2     /W-F0-1  /D:1     
/W-T6-1  /T5-T6-2 /T5-F0-1 /T4-T5-4 /T1-T4-2 /T1-T3-1 /T3-T1-3 /T5-F0-1 /T3-T4-1 /D:2     
/W-T0-1  /W-T0-1  /T2-T0-1 /T5-T2-4 /T2-T0-5 /D:4     /W-F1-1  /D:2     /W-F2-1  /D:1     
/W-T2-1  /D:1     /W-F3-1  /T6-F3-1 /T0-F3-1 /T2-F3-1 /T5-F3-1 /T6-F0-1 /D:3     /W-T5-1  
/T6-T5-2 /T6-F2-1 /D:1     /W-F0-1  /T5-T2-1 /T5-F0-1 /T5-F3-1 /T0-T6-3 /T0-F3-1 /T6-T0-4 
/T6-T0-1 /T6-F1-1 /T6-F3-1 /D:1     /W-T1-1  /T5-T1-1 /R       /D:2     /W-T3-1  /D:1     
/W-F3-1  /D:1     /W-T1-1  /T2-T1-2 /D:1     /W-F2-1  /D:1     /W-F1-1  /T0-F1-1 /T0-F2-1 
/T1-F1-1 /T0-F1-1 /T0-F0-1 /T1-F2-1 /T1-F1-1 /T1-F0-1 /T0-F1-1 /T1-F1-1 /D:1     /W-F2-1  
/W-F2-1  /T0-F2-1 /T1-F2-1 /T0-F1-1 /T0-F2-1 /T1-F3-1 /T3-F3-1 /T4-T1-2 /T4-F2-1 /D:1     
/W-T0-1  /D:1     /W-F0-1  /T1-F0-1 /T0-F0-1 /T1-F1-1 /T0-F1-1 /T1-F0-1 
"
1020448,t#wg#xSl#NbqE#GYuJM#PVBZkj#UTKisOh#omDrpdcWvLAefRFCXnQHIayz,105.000000,729.000000,42.000000,0.662162,1,"
minimal: 0 / states: 125 / duration: 0.000142s
history:
/T2-T4-1 /T3-T2-1 /T2-T0-2 /T5-T2-1 /T0-T6-3 /T4-T0-2 /T4-T5-1 /T1-T4-1 /T2-T0-2 /D:2     
/W-T2-1  /D:4     /W-T6-1  /W-T6-1  /D:1     /W-T3-1  /D:2     /W-T0-1  /T6-T0-6 /T6-T0-1 
/T6-T4-1 /T6-T1-1 /T4-T1-3 /T6-T4-1 /W-T4-1  /D:1     /W-T2-1  /T5-T2-2 /D:1     /W-F0-1  
/D:1     /W-T1-1  /T3-T1-2 /D:3     /W-T6-1  /W-T6-1  /D:3     /W-F2-1  /D:3     /W-T4-1  
/D:1     /W-F1-1  /T3-F1-1 /T3-F3-1 /T0-F3-1 /T5-T3-1 /T5-F0-1 /T5-T2-1 /W-T2-1  /T6-T2-3 
/T1-F1-1 /T5-F3-1 /W-F3-1  /T2-F3-1 /T6-T4-1 /D:1     /W-T3-1  /W-T3-1  /W-F0-1  /T1-T3-7 
/D:1     /W-T1-1  /T4-T1-5 /W-T4-1  /T0-T4-3 /T0-F3-1 /T4-T1-5 /R       /D:1     /W-F2-1  
/T1-F2-1 /T1-F1-1 /T3-F2-1 /T3-F1-1 /D:1     /W-F0-1  /T1-F0-1 /T2-F0-1 /T1-F1-1 /T1-F0-1 
/T2-F3-1 /T1-F3-1 /T2-F0-1 /T1-F0-1 /T2-F3-1 /T1-F3-1 /T2-F0-1 /T1-F0-1 /T3-T2-5 /T3-F3-1 
/T1-F3-1 /T2-T3-6 /T2-F0-1 /T0-T1-6 /T0-F0-1 /T3-T2-7 /T3-F3-1 /D:1     /W-F2-1  /T2-F2-1 
/T1-F2-1 /T2-F1-1 /T1-F1-1 /T2-F2-1 /T1-F2-1 /T2-F1-1 /T1-F1-1 /T2-F2-1 /T1-F2-1 /T2-F1-1 
/T1-F1-1 /T2-F2-1 /T1-F2-1 /T2-F1-1 
"
1020461,N#yd#MRH#eDmZ#jwvpC#qsIxBT#EhlaLWF#tYfozrbAKGSXVgckOUnJPiuQ,145.500000,2565.000000,50.000000,0.577320,1,"
minimal: 0 / states: 126 / duration: 0.000110s
history:
/T0-F3-1 /T6-T5-1 /T5-T2-2 /T4-T1-1 /T3-T0-1 /D:7     /W-T1-1  /D:1     /W-F0-1  /T5-F0-1 
/T6-T5-1 /T6-T0-1 /T6-F1-1 /T1-F1-1 /T5-T6-2 /T5-T6-1 /T1-F0-1 /T4-T1-1 /D:4     /W-T0-1  
/D:3     /W-F1-1  /D:2     /W-F3-1  /D:1     /W-T4-1  /D:1     /W-F2-1  /D:1     /W-T0-1  
/D:1     /W-F3-1  /D:1     /W-T0-1  /T2-T0-3 /T2-T0-1 /T6-T2-4 /T6-T2-1 /T1-T6-2 /T1-T3-1 
/T3-T1-2 /T3-F0-1 /W-T1-1  /T3-T5-1 /D:2     /W-F3-1  /T0-F3-1 /R       /D:1     /W-T2-1  
/D:2     /W-T2-1  /T6-T2-3 /D:1     /W-F2-1  /T2-F2-1 /T2-F1-1 /T2-F0-1 /T0-F0-1 /T5-T0-2 
/T5-F2-1 /T0-F1-1 /T2-F1-1 /D:1     /W-T3-1  /W-T3-1  /D:1     /W-F2-1  /T0-F2-1 /T2-F2-1 
/D:1     /W-T3-1  /D:1     /W-F0-1  /D:1     /W-F3-1  /T0-F3-1 /T4-F3-1 /T0-F0-1 /T2-T4-1 
/T2-F0-1 /T4-T2-2 /T4-T1-1 /T0-T1-1 /T0-F0-1 /T3-F0-1 /D:1     /W-F3-1  /T2-T4-2 /T2-F3-1 
/T0-F3-1 /T0-F0-1 /T3-F3-1 /T0-F3-1 /T2-T3-2 /T2-F0-1 /T4-T3-3 /D:1     /W-F1-1  /T3-F1-1 
/T1-F1-1 /D:1     /W-F2-1  /T3-F2-1 /T1-F2-1 /T3-F1-1 /T1-F1-1 /T3-F2-1 /T1-F2-1 /T3-F1-1 
/T1-F1-1 /T3-F2-1 
"
1020478,U#ks#zNb#FwhS#eMyVq#KrPBTn#CApRfJL#WDitvoZXYEcIGmxjHlOagQdu,102.500000,1507.000000,32.000000,0.765625,1,"
minimal: 0 / states: 121 / duration: 0.000107s
history:
/T5-F2-1 /T1-T5-1 /T1-T6-1 /D:4     /W-T0-1  /T3-T0-1 /D:2     /W-F2-1  /D:1     /W-T1-1  
/T6-T1-2 /T6-T1-1 /D:3     /W-T0-1  /D:1     /W-T4-1  /D:2     /W-T3-1  /T6-T3-1 /T4-T6-2 
/T4-T1-1 /T6-T5-3 /T6-F2-1 /T6-F0-1 /T2-T6-1 /T2-F3-1 /D:4     /W-T1-1  /T5-T1-5 /T5-F0-1 
/D:1     /W-T2-1  /D:1     /W-F3-1  /T5-F3-1 /T5-T3-1 /W-T5-1  /W-T2-1  /D:1     /W-F1-1  
/T6-F1-1 /T1-F1-1 /T1-F2-1 /T6-F0-1 /W-T6-1  /T4-T6-1 /W-T5-1  /T3-T5-4 /T5-F2-1 /W-T4-1  
/T5-T4-6 /T4-T5-8 /W-T6-1  /T3-T6-1 /T1-T3-1 /T1-F2-1 /T3-T1-2 /D:2     /W-F3-1  /T1-F3-1 
/T0-T5-1 /T0-F3-1 /T0-F2-1 /T4-T1-1 /D:1     /W-F1-1  /T1-F1-1 /D:1     /W-F2-1  /R       
/D:1     /W-T2-1  /D:1     /W-F0-1  /T5-F0-1 /T1-F0-1 /T1-F3-1 /T5-F1-1 /T5-F0-1 /T0-F3-1 
/T1-F0-1 /T1-F3-1 /T2-F3-1 /D:1     /W-T1-1  /D:1     /W-F2-1  /T6-F2-1 /T2-F2-1 /T6-F3-1 
/T6-F2-1 /T5-T2-4 /T5-F3-1 /T1-T6-4 /T1-F3-1 /T2-T5-5 /T2-F2-1 /D:1     /W-F1-1  /T5-F1-1 
/T5-F0-1 /T6-F1-1 /T5-F1-1 /T6-F0-1 /T5-F0-1 /T6-F1-1 /T5-F1-1 /T6-F0-1 /T5-F0-1 /T6-F1-1 
"
1020496,T#Ma#PxQ#nFhN#UpOJy#ovsXzk#riWSKdE#eVctbgBDjCHIwqfAGmLZRlYu,148.000000,3159.000000,59.000000,0.526882,1,"
minimal: 0 / states: 132 / duration: 0.000119s
history:
/T1-F1-1  /T3-F3-1  /T5-T4-1  /T2-T6-1  /D:4      /W-T3-1   /D:1      /W-F1-1   /W-F1-1   /D:4      
/W-T2-1   /D:1      /W-T6-1   /D:2      /W-T2-1   /T3-T2-2  /T3-T0-1  /T3-F2-1  /T5-T3-1  /D:1      
/W-T4-1   /D:2      /W-T2-1   /T6-T2-3  /T6-F1-1  /D:1      /W-F0-1   /D:5      /W-T0-1   /D:1      
/W-T1-1   /T6-T1-1  /D:1      /W-T3-1   /T2-T3-9  /D:1      /R        /D:1      /W-F1-1   /T3-T6-3  
/T3-F1-1  /T6-T3-4  /T6-T1-1  /T6-T4-1  /D:2      /W-F1-1   /D:1      /W-F0-1   /T3-F0-1  /D:1      
/W-F0-1   /T3-T6-1  /T3-F0-1  /T6-T3-2  /D:1      /W-T4-1   /T0-T4-3  /D:1      /W-T4-1   /T2-T4-1  
/D:2      /W-T0-1   /T4-T0-10 /T4-T5-1  /T4-F3-1  /T4-T3-1  /T0-F3-1  /T3-T4-5  /T3-F1-1  /T4-T3-6  
/D:2      /W-T2-1   /W-T2-1   /T5-T2-2  /T0-T5-2  /T0-F0-1  /T5-T0-3  /T5-T1-1  /T5-F2-1  /T3-F2-1  
/T0-F2-1  /T3-F3-1  /T0-F3-1  /T3-F2-1  /T0-F2-1  /T3-F3-1  /T0-F3-1  /T3-F2-1  /W-F0-1   /T0-F0-1  
/T3-F3-1  /T3-F0-1  /T0-F1-1  /T2-F0-1  /T3-F1-1  /W-F3-1   /T0-T2-1  /T0-F1-1  /T1-T3-2  /T1-F0-1  
/T1-F1-1  /T2-T0-2  /T2-F0-1  /T1-F0-1  /T0-T2-3  /T0-F1-1  /D:1      /W-F2-1   /T3-F2-1  /T2-F2-1  
/T3-F3-1  /T2-F3-1  /T3-F2-1  /T2-F2-1  /T3-F3-1  /T2-F3-1  /T3-F2-1  
"
1020504,b#AT#meu#NxSX#IGWPV#citLwn#KzQHlrq#kJyCafRBFODoUYhsdMjZpvEg,143.000000,4560.000000,60.000000,0.525000,1,"
minimal: 0 / states: 131 / duration: 0.000124s
history:
/T5-F2-1  /T4-T5-1  /T5-T3-2  /T3-T5-3  /T4-T6-1  /T2-T5-1  /T6-T2-2  /T6-T3-1  /T1-T5-1  /T1-F0-1  
/D:5      /W-F1-1   /T0-F1-1  /D:3      /W-F0-1   /D:1      /W-T5-1   /T2-T5-3  /T5-T2-10 /T3-T5-2  
/T4-T3-1  /T3-T6-2  /T3-F3-1  /D:1      /W-F3-1   /T2-F3-1  /D:2      /W-F2-1   /D:5      /W-T5-1   
/D:1      /W-T0-1   /T6-T0-3  /D:2      /W-T1-1   /D:1      /W-F2-1   /T2-F2-1  /D:1      /W-T0-1   
/D:2      /W-T6-1   /R        /D:3      /W-T1-1   /D:1      /W-F0-1   /D:1      /W-T4-1   /D:2      
/W-F0-1   /D:1      /W-T0-1   /T5-T0-4  /T6-T5-2  /T6-F3-1  /W-F3-1   /T6-T3-1  /T0-T4-2  /T0-F3-1  
/T2-T5-2  /T2-F3-1  /D:1      /W-T3-1   /T6-T3-1  /D:3      /W-T3-1   /D:1      /W-F0-1   /R        
/D:1      /W-T1-1   /D:1      /W-T1-1   /T5-T1-5  /T5-F1-1  /T4-F1-1  /T1-F1-1  /T1-F0-1  /T4-F2-1  
/T4-F1-1  /T4-F0-1  /T1-F1-1  /T1-F0-1  /T4-F0-1  /D:1      /W-F1-1   /T1-F1-1  /T1-F0-1  /T3-F1-1  
/T1-F1-1  /T3-F0-1  /T0-T3-5  /T0-F1-1  /T2-T1-4  /T2-F0-1  /T0-F0-1  /T2-F1-1  /D:1      /W-F2-1   
/T3-F2-1  /T1-F2-1  /T3-F3-1  /T1-F3-1  /T3-F2-1  /T1-F2-1  /T3-F3-1  /T1-F3-1  /T3-F2-1  /T1-F2-1  
/T3-F3-1  /T1-F3-1  /T3-F2-1  
"
1020527,l#Ev#jFk#BbUT#hQisO#eNCaAx#goKVcmt#fXRGPZMuzSLWqdpHrwDIYyJn,149.500000,2272.000000,58.000000,0.572165,1,"
minimal: 0 / states: 124 / duration: 0.000117s
history:
/T5-T0-1 /T5-F0-1 /T5-F1-1 /T4-T5-1 /T4-T3-1 /D:1     /W-T6-1  /D:2     /W-T3-1  /D:5     
/W-T4-1  /T3-T4-3 /T6-T3-2 /T3-T1-3 /T3-F1-1 /T3-F0-1 /T6-T3-1 /T6-F1-1 /D:3     /W-T3-1  
/T2-T3-1 /D:1     /W-T0-1  /T1-T0-4 /T1-T0-1 /D:1     /W-T4-1  /D:1     /W-T0-1  /T5-T0-2 
/T5-F3-1 /T0-F3-1 /T0-F0-1 /T0-F1-1 /T5-F1-1 /D:2     /W-T6-1  /D:2     /W-T3-1  /T6-T3-2 
/D:1     /W-F0-1  /T0-F0-1 /T2-F0-1 /T0-F1-1 /T2-T6-1 /D:1     /W-T6-1  /D:4     /W-F2-1  
/R       /D:2     /W-F0-1  /T3-F0-1 /T6-F0-1 /D:1     /W-F3-1  /D:1     /W-T1-1  /D:1     
/W-T2-1  /T0-T2-6 /D:1     /W-T0-1  /D:1     /W-T2-1  /D:2     /W-T2-1  /D:1     /W-T0-1  
/T6-T0-2 /T6-F2-1 /W-F2-1  /T4-F2-1 /T2-F2-1 /T6-F1-1 /D:1     /W-T1-1  /W-T1-1  /D:1     
/W-T1-1  /T4-T1-5 /T4-F3-1 /T1-F3-1 /T1-F2-1 /T2-F3-1 /T1-F3-1 /T2-F2-1 /T1-F2-1 /T2-F3-1 
/T3-F3-1 /T4-F1-1 /T1-F1-1 /T1-F0-1 /T2-F2-1 /T0-F1-1 /T2-F3-1 /T0-F0-1 /T3-F2-1 /T1-F3-1 
/T2-F2-1 /T0-F3-1 /T3-F1-1 /T1-F2-1 /T2-F1-1 /T0-F2-1 /T3-F0-1 /T1-F3-1 /T2-F0-1 /T3-F1-1 
"
1020533,F#em#MKk#xjIz#hwpuv#isnyYR#TSVogtU#CPlGDaArbQqXfWBZHcNEOLdJ,120.000000,1011.000000,39.000000,0.623457,1,"
minimal: 0 / states: 120 / duration: 0.000095s
history:
/T6-T4-1 /T5-T0-1 /T6-T4-1 /T5-T3-1 /T5-T1-1 /T5-F2-1 /T2-T1-1 /T2-T3-1 /T5-T6-1 /D:3     
/W-T2-1  /D:2     /W-T0-1  /D:1     /W-F1-1  /D:1     /W-F0-1  /D:2     /W-F1-1  /D:4     
/W-T4-1  /D:1     /W-T3-1  /T4-T3-4 /T6-T4-2 /T6-F2-1 /T4-T5-3 /T4-F2-1 /T6-T4-1 /T4-T1-2 
/D:1     /W-F0-1  /D:2     /W-T1-1  /D:1     /W-F1-1  /D:1     /W-F3-1  /D:1     /W-T3-1  
/D:1     /W-F3-1  /D:2     /W-F1-1  /D:1     /R       /D:1     /W-F0-1  /T0-F0-1 /T3-F0-1 
/T0-T5-1 /T0-F0-1 /T3-T0-8 /T4-T3-1 /T1-T4-6 /T1-F1-1 /T0-F1-1 /T6-T0-1 /T5-T6-2 /T5-F1-1 
/T3-F1-1 /T6-T4-3 /D:1     /W-F3-1  /D:1     /W-F0-1  /T4-T5-3 /T4-F0-1 /T3-F0-1 /T5-T4-4 
/T5-F1-1 /T3-F1-1 /T3-T2-1 /D:1     /W-T0-1  /D:1     /W-F3-1  /T4-F3-1 /D:1     /W-F2-1  
/T0-F2-1 /T0-F3-1 /T4-F2-1 /T0-F2-1 /T4-F3-1 /T0-F3-1 /T4-F2-1 /T0-F2-1 /T4-F3-1 /T0-F3-1 
/T4-F2-1 /T2-F2-1 /T4-F1-1 /T2-F1-1 /T4-F2-1 /T4-F1-1 /T0-T2-2 /T0-F2-1 /D:1     /W-F3-1  
/D:1     /W-T0-1  /D:1     /W-T0-1  /D:1     /W-F0-1  /T2-F0-1 /T0-F0-1 /T2-F3-1 /T0-F3-1 
/T2-F0-1 
"
1020555,e#kt#Sgn#VZwK#EvNsY#fBFUrj#AdWlzbP#uMxapXQcGCTHDhmIOoRyqJLi,130.000000,1853.000000,55.000000,0.528090,1,"
minimal: 0 / states: 129 / duration: 0.000119s
history:
/T2-F2-1 /T5-T3-1 /T3-T4-2 /D:4     /W-F1-1  /D:3     /W-T5-1  /D:3     /W-T5-1  /D:3     
/W-T0-1  /T6-T0-1 /T6-F1-1 /T4-T6-3 /T4-T2-1 /T4-F3-1 /T4-T6-1 /T0-T2-3 /T6-T0-5 /D:1     
/W-T0-1  /T1-T0-1 /T3-T1-1 /D:3     /W-F3-1  /T2-F3-1 /D:1     /W-F2-1  /D:2     /W-T3-1  
/T1-T3-2 /T3-T1-4 /T3-T1-1 /D:4     /R       /D:1     /W-T1-1  /T2-T1-4 /T5-T2-3 /T2-T0-4 
/D:1     /W-T2-1  /T6-T2-1 /D:1     /W-T2-1  /T6-T2-1 /T6-T4-1 /T6-F0-1 /T0-T4-1 /T0-F3-1 
/D:1     /W-F2-1  /D:2     /W-F1-1  /D:1     /W-T5-1  /D:3     /W-T3-1  /D:1     /W-T2-1  
/T5-T2-2 /D:1     /W-F3-1  /D:1     /W-F2-1  /T0-F2-1 /T0-F3-1 /T1-T5-2 /T1-F2-1 /T5-T1-3 
/T5-F0-1 /T4-F0-1 /T1-F0-1 /T4-F1-1 /T1-F1-1 /T4-F0-1 /T1-F0-1 /T5-F1-1 /T0-F2-1 /T1-F1-1 
/T2-F0-1 /T0-F1-1 /T1-F2-1 /T0-F2-1 /W-F0-1  /W-F3-1  /T2-F3-1 /T1-F3-1 /T2-F0-1 /T2-F3-1 
/T1-F2-1 /T2-F2-1 /W-F3-1  /T0-T2-2 /T0-F3-1 /T1-T3-2 /T1-F3-1 /D:1     /W-F0-1  /D:2     
/W-F1-1  /T2-F1-1 /T2-F0-1 /T3-F1-1 /T2-F1-1 /T3-F2-1 /T0-F2-1 /W-F0-1  /T2-F0-1 /T3-F1-1 
"
1020565,V#Ot#YDR#wqNy#kFTCm#vAQdaS#ejxWbnJ#pGcMBfhrKsPHgiIlEoUXZuLz,139.500000,1643.000000,46.000000,0.672222,1,"
minimal: 0 / states: 126 / duration: 0.000128s
history:
/T5-T1-1 /T5-F1-1 /T3-T4-1 /T3-F3-1 /T3-T2-1 /T0-T3-1 /T4-T0-2 /T4-T5-1 /D:3     /W-T2-1  
/D:2     /W-T2-1  /D:3     /W-T1-1  /T5-T1-2 /D:2     /W-T4-1  /T2-T4-4 /D:1     /W-T2-1  
/D:1     /W-T3-1  /T4-T3-6 /D:2     /W-T6-1  /D:4     /W-T2-1  /D:2     /W-T0-1  /T6-T0-2 
/T6-F2-1 /T2-F2-1 /T6-F1-1 /T3-T2-1 /T3-F1-1 /T1-T5-1 /T1-F1-1 /T5-T1-2 /T5-F0-1 /T2-F0-1 
/W-T5-1  /T1-T5-5 /T1-F3-1 /T2-F3-1 /T5-F0-1 /T2-F0-1 /T5-F3-1 /W-F0-1  /T4-F0-1 /T3-T4-7 
/T5-T6-5 /D:1     /W-T1-1  /D:1     /W-T0-1  /D:1     /W-T1-1  /T4-T1-8 /D:1     /W-T3-1  
/W-T3-1  /R       /D:1     /W-F2-1  /T1-F2-1 /T1-F3-1 /T6-F2-1 /T6-F3-1 /T1-F2-1 /T1-F3-1 
/T6-F2-1 /T0-F2-1 /T6-F3-1 /T6-F2-1 /T1-T0-1 /T1-F3-1 /T6-F3-1 /T6-T2-1 /T6-T2-1 /T6-F1-1 
/T1-F2-1 /T0-T1-3 /T0-F3-1 /T2-T3-2 /T2-F3-1 /D:1     /W-F0-1  /T1-F0-1 /D:1     /W-T2-1  
/D:1     /W-F1-1  /D:3     /W-F1-1  /D:1     /W-F0-1  /R       /D:1     /W-F1-1  /T1-F1-1 
/T1-F0-1 /T3-F1-1 /T1-F1-1 /T3-F2-1 /T0-F2-1 /T3-F1-1 /T3-F2-1 /T0-F1-1 /D:1     /W-F0-1  
/T1-F0-1 /T1-F3-1 /T2-F0-1 
"
1020586,a#kK#HgZ#eAIO#ijDnX#TfGJVq#FLuUlRN#thEYyMQSrpvCwzbdcPBWxmos,112.500000,902.000000,43.000000,0.760870,1,"
minimal: 0 / states: 111 / duration: 0.000110s
history:
/T0-F1-1 /T6-F3-1 /T3-F3-1 /T5-T6-1 /T2-T0-1 /D:2     /W-T3-1  /W-T3-1  /D:3     /W-T0-1  
/T4-T0-1 /T4-F2-1 /D:3     /W-T3-1  /D:1     /W-T3-1  /W-T3-1  /D:1     /W-T3-1  /D:3     
/W-T0-1  /T5-T0-1 /D:2     /W-F1-1  /D:2     /W-F1-1  /W-F1-1  /D:1     /W-F3-1  /D:2     
/W-T1-1  /T3-T1-7 /T3-F0-1 /W-F0-1  /T4-T3-1 /D:3     /W-F2-1  /T1-F2-1 /T6-F2-1 /T1-F3-1 
/T1-F2-1 /T6-F3-1 /T1-T6-6 /T5-T1-1 /T6-F3-1 /D:1     /W-F2-1  /T6-F2-1 /T5-T6-1 /T5-T6-1 
/T5-F3-1 /W-T5-1  /R       /D:1     /W-T6-1  /D:3     /W-T4-1  /D:1     /W-F0-1  /T3-F0-1 
/T3-F1-1 /T6-F0-1 /T6-F1-1 /T2-F1-1 /W-T3-1  /T6-T3-6 /T6-F3-1 /T6-F2-1 /T6-T5-1 /T6-F0-1 
/T3-F0-1 /T2-F0-1 /T0-F3-1 /T3-F1-1 /T3-F0-1 /T4-F2-1 /T3-F3-1 /T4-T3-1 /T4-F1-1 /T0-F2-1 
/T1-F0-1 /T0-F3-1 /T3-F1-1 /T1-F1-1 /T3-F0-1 /T5-F0-1 /T3-F1-1 /T3-F0-1 /T5-F1-1 /W-F3-1  
/D:1     /W-T1-1  /D:1     /W-F2-1  /T0-F2-1 /T0-F3-1 /T1-F2-1 
"
1020588,K#jr#RVL#HBMa#XQpxf#lvgmIn#OsYFGbd#JUWhuzPeSCcZtEDqNokiwTyA,102.500000,1523.000000,38.000000,0.669014,1,"
minimal: 0 / states: 126 / duration: 0.000115s
history:
/T3-F1-1 /T5-F2-1 /T6-T1-1 /T6-F1-1 /T4-T6-1 /T1-T6-2 /T5-T1-1 /T2-T5-1 /T1-T0-2 /T5-T1-2 
/D:2     /W-T0-1  /T6-T0-4 /T6-T5-1 /T4-T6-1 /T4-T0-1 /T6-T3-2 /D:1     /W-T3-1  /D:2     
/W-T2-1  /T5-T2-2 /T5-T3-1 /T0-T5-9 /T3-T0-5 /W-T0-1  /D:3     /W-T2-1  /D:2     /W-T4-1  
/D:1     /W-F1-1  /D:2     /W-T0-1  /D:2     /W-T2-1  /F1-T2-1 /T3-T2-1 /D:2     /W-F3-1  
/D:1     /W-F2-1  /T5-F2-1 /W-F2-1  /D:1     /W-T1-1  /D:2     /W-T1-1  /T2-T1-8 /T2-T6-1 
/D:1     /W-T3-1  /T6-T3-2 /T6-F3-1 /D:2     /W-F0-1  /T1-F0-1 /T1-F1-1 /T4-F0-1 /T5-F1-1 
/T4-T5-1 /T1-F0-1 /T1-F1-1 /R       /D:1     /W-T4-1  /D:1     /W-T2-1  /T5-T2-9 /D:1     
/W-F3-1  /T2-F3-1 /T2-F2-1 /T3-F3-1 /T3-F2-1 /T0-F2-1 /T2-F1-1 /T1-T3-1 /T1-F1-1 /T0-F1-1 
/T1-F2-1 /T0-F2-1 /T1-T4-1 /T1-F2-1 /T3-T4-3 /D:1     /W-F3-1  /D:1     /W-T3-1  /D:1     
/W-F0-1  /T4-F0-1 /T2-F0-1 /T4-F3-1 /T2-F3-1 /T4-F0-1 /T2-F0-1 /T4-F3-1 /T0-F3-1 /T0-F2-1 
/T4-F0-1 /T4-F3-1 /T0-F3-1 /T3-F3-1 /D:1     /W-F1-1  /T2-F1-1 /T1-F1-1 /T2-F0-1 /T1-F0-1 
/T2-F1-1 /T0-F0-1 /T1-F1-1 /D:1     /W-F2-1  /T2-F2-1 
"
1020631,E#cI#DOV#fPUR#vSxBz#eiTmYo#GqNXdnh#ykJpCstZaHuAMbQFrwKlgWLj,152.000000,1193.000000,42.000000,0.641176,1,"
minimal: 0 / states: 113 / duration: 0.000102s
history:
/T6-T1-1 /T6-F2-1 /T5-F2-1 /T5-T4-1 /T6-T0-1 /D:1     /W-T5-1  /T6-T5-1 /T6-F3-1 /T6-T3-1 
/T6-T1-1 /T4-T6-2 /D:2     /W-T5-1  /T2-T5-1 /T2-F3-1 /D:1     /W-F2-1  /T3-F2-1 /T2-T3-1 
/T5-T2-5 /D:1     /W-T0-1  /D:1     /W-T5-1  /T3-T5-2 /D:1     /W-T3-1  /D:2     /W-F1-1  
/D:1     /W-T2-1  /T5-T2-4 /D:1     /W-T5-1  /D:1     /W-F0-1  /T4-F0-1 /T4-T6-1 /T4-T1-1 
/T3-T4-2 /T3-F3-1 /T0-F0-1 /T2-F0-1 /T0-T1-2 /W-T0-1  /T3-T4-1 /D:1     /W-T3-1  /D:1     
/W-F1-1  /D:1     /W-F3-1  /T2-F3-1 /T1-T4-2 /T1-F3-1 /D:2     /W-F2-1  /T2-F2-1 /T2-F3-1 
/T4-T1-3 /T4-F2-1 /T4-F3-1 /T5-F2-1 /T4-F2-1 /T2-T5-1 /T2-F3-1 /T5-T2-2 /D:1     /W-F2-1  
/T6-F2-1 /D:1     /W-T6-1  /D:1     /W-T3-1  /D:1     /W-T2-1  /W-T2-1  /T5-T2-1 /D:1     
/W-T6-1  /T1-T6-6 /T1-F1-1 /T6-F1-1 /T2-F1-1 /T6-F0-1 /T2-F0-1 /T6-F1-1 /T2-F1-1 /T6-F0-1 
/T2-F0-1 /T6-F1-1 /T2-F1-1 /T6-F0-1 /T2-F0-1 /T6-F3-1 /T2-F3-1 /T2-F2-1 /T6-F0-1 /T6-F3-1 
/T0-F3-1 /T6-F2-1 /D:1     /W-F0-1  /D:1     /W-F1-1  /W-F1-1  /T3-F1-1 /T2-F1-1 /T3-F0-1 
"
1020685,D#jx#RsW#QyAe#qBpad#goIMmz#HVJFNhS#fGLktECYnXPlOuwZivKbrTUc,165.000000,2168.000000,56.000000,0.573529,1,"
minimal: 0 / states: 125 / duration: 0.000105s
history:
/T2-T1-1 /T3-T2-1 /T3-F0-1 /T0-T2-1 /T5-T0-1 /T3-T5-1 /D:4     /W-T5-1  /D:2     /W-T6-1  
/T4-T6-1 /T4-F1-1 /T4-T3-1 /T4-F0-1 /D:1     /W-F0-1  /T2-F0-1 /T4-T2-1 /T5-T4-3 /D:1     
/W-T0-1  /T1-T0-2 /D:1     /W-F2-1  /D:2     /W-T2-1  /D:1     /W-T5-1  /D:1     /W-T3-1  
/D:2     /W-T4-1  /D:2     /W-T4-1  /D:1     /W-T0-1  /D:1     /W-T5-1  /T1-T5-1 /T5-T1-4 
/T5-T1-1 /T5-F2-1 /T2-T5-4 /D:1     /W-F1-1  /D:3     /W-T0-1  /D:1     /W-F1-1  /T6-F1-1 
/T6-F0-1 /T5-T2-2 /T5-F1-1 /T2-T5-3 /R       /D:1     /W-F1-1  /D:1     /W-T0-1  /T6-T0-1 
/T6-T1-1 /T6-F3-1 /T3-F3-1 /T3-F2-1 /T5-F3-1 /T3-F3-1 /T5-F2-1 /T5-F3-1 /T6-F0-1 /T0-F3-1 
/T0-F0-1 /D:2     /W-T0-1  /D:2     /W-T4-1  /T5-T4-2 /D:1     /W-T2-1  /D:1     /W-F2-1  
/T4-F2-1 /T0-F2-1 /T4-F1-1 /T1-F1-1 /T4-F2-1 /T4-F1-1 /T0-T1-1 /T0-F2-1 /T4-F2-1 /T6-T4-1 
/T6-T4-1 /T6-F0-1 /T1-T0-2 /T1-F1-1 /T0-T1-3 /T0-F2-1 /D:1     /W-F3-1  /T1-F3-1 /T1-F0-1 
/T4-F3-1 /T1-F3-1 /T4-F0-1 /T1-F0-1 /T4-F1-1 /T1-F1-1 /W-F3-1  /T0-F3-1 /T4-F2-1 /T0-F2-1 
/W-F0-1  /T1-F0-1 /T2-F3-1 /T4-F1-1 
"
1020697,P#vH#LAj#IXrx#tqikZ#UpJwlM#EFSTYzf#eOgdGVuaKnQNyRbmcWsBChoD,109.500000,1488.000000,29.000000,0.732759,1,"
minimal: 0 / states: 119 / duration: 0.000099s
history:
/T2-T3-1 /T2-F0-1 /T2-T4-1 /T5-T2-1 /T5-T2-1 /T3-T2-2 /T3-T6-1 /T5-T3-1 /T3-T4-2 /T3-T2-1 
/T4-T3-4 /T5-T4-1 /D:2     /W-T5-1  /D:1     /W-T1-1  /D:1     /W-T6-1  /T5-T6-2 /T5-T2-1 
/D:1     /W-T2-1  /T6-T2-5 /T6-T5-1 /T6-T5-1 /D:1     /W-T3-1  /T1-T3-2 /D:2     /W-F1-1  
/D:1     /W-T5-1  /D:1     /W-F2-1  /D:2     /W-F3-1  /T2-F3-1 /T0-F3-1 /W-F3-1  /D:2     
/W-F3-1  /D:1     /W-F1-1  /D:1     /W-T0-1  /W-T0-1  /T4-T0-2 /T4-T0-1 /W-T0-1  /T6-T0-1 
/T6-F3-1 /T6-T0-1 /W-T0-1  /T4-T0-1 /T0-T3-3 /T0-F3-1 /D:1     /W-F1-1  /D:1     /W-T5-1  
/T1-T5-1 /D:2     /W-F0-1  /D:1     /W-F0-1  /D:1     /W-T5-1  /T2-T5-5 /T2-F3-1 /D:1     
/W-F2-1  /T5-F2-1 /T3-F2-1 /T5-F1-1 /T5-F2-1 /T3-F1-1 /W-F2-1  /T4-F2-1 /T0-F2-1 /T5-F1-1 
/T3-T0-3 /T3-F3-1 /T5-T2-2 /T5-F2-1 /T3-F2-1 /T5-F3-1 /T3-F3-1 /T2-T5-4 /T2-F2-1 /T0-T3-6 
/T0-F2-1 /T5-T2-5 /T5-F3-1 /T5-F2-1 /T3-T0-7 /T3-F3-1 /D:1     /W-F0-1  /T6-F0-1 /T0-F0-1 
/T0-F1-1 /T2-F0-1 /T0-F0-1 /T2-F1-1 /T0-F1-1 /T2-F0-1 /T0-F0-1 /T2-F1-1 /T0-F1-1 /T2-F0-1 
/T0-F0-1 /T2-F1-1 /T0-F1-1 /T2-F0-1 
"
1020715,M#jD#nIc#UOXx#QGyhW#kBrHYz#iafmPZK#qsEpRSNdJulAvTCVoFLgtbew,91.000000,1241.000000,33.000000,0.745763,1,"
minimal: 0 / states: 126 / duration: 0.000102s
history:
/T4-T3-1 /T2-T1-1 /T4-T2-1 /T2-T3-2 /T2-F2-1 /T5-T2-1 /T6-T5-1 /T5-T0-2 /T4-T6-1 /T4-T3-1 
/D:4     /W-T4-1  /D:2     /W-T3-1  /D:1     /W-F3-1  /D:4     /W-T2-1  /T3-T2-6 /T3-T6-1 
/T3-F3-1 /D:1     /W-F0-1  /D:2     /W-T5-1  /D:3     /W-F2-1  /T4-F2-1 /D:1     /W-T5-1  
/D:3     /W-T3-1  /D:2     /W-T5-1  /T1-T5-2 /T1-T0-1 /T6-T1-3 /T6-F3-1 /T4-F3-1 /T6-T4-1 
/T6-T3-1 /T6-F1-1 /W-F1-1  /T5-T6-6 /T5-T2-1 /T5-F0-1 /T6-F1-1 /D:1     /W-T1-1  /T6-T1-6 
/R       /D:1     /W-F2-1  /T2-F2-1 /D:1     /W-F2-1  /D:1     /W-T2-1  /D:1     /W-F3-1  
/T2-T3-1 /T2-F3-1 /T3-T2-2 /T3-F2-1 /D:1     /W-F1-1  /D:1     /W-T5-1  /D:1     /W-F2-1  
/D:1     /W-F2-1  /T1-T5-6 /T1-F2-1 /D:1     /W-F0-1  /T5-F0-1 /T2-F0-1 /T5-F1-1 /T2-F1-1 
/T5-F0-1 /T2-F0-1 /T5-F3-1 /T3-F3-1 /T5-F0-1 /D:1     /W-F3-1  /T2-T0-2 /T2-F3-1 /T1-F3-1 
/T2-F2-1 /T1-F2-1 /T0-T2-4 /T0-F3-1 /T1-F3-1 /T2-T0-5 /T2-F2-1 /D:1     /W-T4-1  /T5-T4-3 
/D:1     /W-F1-1  /T0-F1-1 /T0-F0-1 /T4-F1-1 /T0-F1-1 /T4-F0-1 /T0-F0-1 /T4-F1-1 /T0-F1-1 
/T4-F0-1 /T0-F0-1 /T4-F1-1 
"
1020774,a#Px#vVs#rfHm#XDTpR#SGogCU#tJkZjlB#MhFEYuWAONbIiwzncKQeLdqy,139.000000,1567.000000,36.000000,0.668605,1,"
minimal: 0 / states: 110 / duration: 0.000095s
history:
/T0-F1-1 /T4-T2-1 /T3-T0-1 /D:7     /W-T1-1  /D:1     /W-F0-1  /T6-F0-1 /T1-T6-2 /D:1     
/W-T4-1  /D:1     /W-F3-1  /T4-F3-1 /T1-F3-1 /D:1     /W-F1-1  /D:1     /W-T6-1  /T5-T6-1 
/T5-F0-1 /T5-T3-1 /T2-T3-2 /T3-T2-4 /D:3     /W-T1-1  /T6-T1-5 /D:1     /W-F2-1  /T5-F2-1 
/T4-F2-1 /T3-T5-1 /T5-T1-2 /T3-T1-1 /D:1     /W-F1-1  /D:2     /W-F3-1  /T2-F3-1 /T5-F3-1 
/T4-F3-1 /T4-F0-1 /D:1     /W-T2-1  /D:1     /W-T0-1  /T4-T0-1 /D:1     /W-F1-1  /T2-F1-1 
/D:1     /W-F2-1  /T1-F2-1 /T2-F2-1 /T1-F1-1 /T2-F1-1 /D:1     /R       /D:1     /W-T3-1  
/D:1     /W-F1-1  /D:2     /W-F0-1  /W-F0-1  /T1-F0-1 /T2-F0-1 /T1-F3-1 /T1-F0-1 /T2-F3-1 
/T1-F3-1 /T6-T1-1 /T6-T4-1 /T0-F3-1 /T6-T0-1 /T6-F0-1 /T6-F2-1 /T2-T1-1 /D:1     /W-F3-1  
/T4-F3-1 /D:1     /W-F2-1  /T1-F2-1 /D:1     /W-F1-1  /T1-F1-1 /T0-F1-1 /D:1     /W-F2-1  
/T1-F2-1 /T1-F1-1 /D:1     /W-F0-1  /T0-F0-1 /T3-F0-1 /T0-F1-1 /D:1     /W-F2-1  /T1-F2-1 
"
1020778,X#UZ#xtM#HDvh#Tdmqa#eQokfL#SBIbwAy#clJsnjVOCRgzpKYGPuirFEWN,88.500000,239.000000,40.000000,0.693333,0,"
minimal: 0 / states: 5546513 / duration: 27.086734s
history:
/T4-F1-1 /T0-T6-1 /T2-T0-1 /T5-T1-1 /T5-T2-1 /T5-T1-1 /D:2     /W-T0-1  /D:1     /W-T1-1  
/D:2     /W-F2-1  /T5-F2-1 /D:2     /W-T1-1  /D:2     /W-T5-1  /D:4     /W-F2-1  /T4-F2-1 
/T6-T4-2 /T6-F0-1 /D:1     /W-T0-1  /D:2     /W-T3-1  /D:2     /W-T1-1  /D:2     /W-F2-1  
/D:2     /W-T2-1  /D:1     /W-T0-1  /D:1     /W-F3-1  /T6-T4-1 /T6-F1-1 /T6-T0-1 /T6-F0-1 
/T5-F0-1 /T3-T0-2 /R       /D:1     /W-F1-1  /D:1     /W-F2-1  /D:2     /W-F3-1  /T2-T0-2 
/T2-F2-1 /T1-F2-1 /T3-F2-1 /T3-F0-1 /T4-F2-1 /T2-F2-1 /T4-T2-3 /T4-F1-1 /T5-T0-1 /T5-F1-1 
/T0-T6-2 /T0-F1-1 /T1-T5-5 /D:2     /W-F1-1  /D:3     /W-F3-1  /T6-F3-1 /T6-F0-1 /T0-T1-1 
/T0-F1-1 /D:1     /W-F1-1  /D:1     /W-F0-1  /T1-F0-1 /T3-F0-1 /T0-F0-1 /R       /D:1     
/W-F1-1  /D:1     /W-F3-1  /T6-F3-1 /T4-F3-1 /T1-F3-1 /T5-F3-1 /T0-F3-1 /T2-F3-1 /T5-F0-1 
/T0-F0-1 /T2-F2-1 /T5-F1-1 /T0-F1-1 /T2-F1-1 /T5-F0-1 /T0-F0-1 /D:1     /W-F2-1  /D:1     
/W-F3-1  /T5-F3-1 
"
1020783,U#Cm#aSJ#FiTo#Axznt#uIqKHM#PbkWEyN#YpcQjgBhedXvGwZsLfRlrODV,73.500000,490.000000,32.000000,0.740741,1,"
minimal: 0 / states: 127 / duration: 0.000121s
history:
/T6-F3-1  /T6-T1-1  /T4-T0-1  /T4-F2-1  /T3-F2-1  /D:1      /W-T4-1   /D:1      /W-F2-1   /D:2      
/W-T6-1   /D:7      /W-T1-1   /T2-T1-1  /T6-T2-2  /T2-T0-3  /T2-F1-1  /T5-T2-1  /T3-T5-1  /T5-T3-2  
/T5-T4-1  /T5-F2-1  /T6-T4-1  /T3-T1-3  /T5-T4-1  /T0-T4-5  /T4-T0-10 /T3-T1-1  /T1-T3-8  /T1-T0-1  
/D:3      /W-T6-1   /D:1      /W-T1-1   /D:2      /W-T1-1   /T6-T1-2  /T6-F1-1  /D:2      /W-T3-1   
/D:1      /W-T2-1   /T4-T2-1  /T4-F0-1  /D:1      /W-F2-1   /D:1      /W-F3-1   /T6-F3-1  /D:1      
/W-T3-1   /D:1      /W-T1-1   /T5-T1-1  /R        /D:1      /W-F1-1   /D:1      /W-T2-1   /D:1      
/W-T1-1   /D:1      /W-F0-1   /T0-F0-1  /T0-F3-1  /T3-F0-1  /T3-F3-1  /T0-F0-1  /T0-F3-1  /T3-F0-1  
/T3-F3-1  /D:3      /W-F1-1   /W-F1-1   /D:1      /W-T2-1   /W-T2-1   /T0-T2-1  /T0-F3-1  /D:1      
/W-F0-1   /T3-F0-1  /T0-F0-1  /T1-T3-2  /T1-F3-1  /T0-F3-1  /T3-T1-3  /T3-F0-1  /T0-F0-1  /T3-F3-1  
/T0-F3-1  /T1-T3-5  /T1-F0-1  /T1-F3-1  /T2-T0-6  /T2-F0-1  /D:1      /W-F2-1   /T0-F2-1  /D:1      
/W-F1-1   /T3-F1-1  /T0-F1-1  /T3-F2-1  /T0-F2-1  /T3-F1-1  /T0-F1-1  /T3-F2-1  /T0-F2-1  /T3-F1-1  
/T0-F1-1  /T3-F2-1  /T0-F2-1  /T3-F1-1  
"
1020809,w#NW#pKJ#DVkv#jfUCH#YbElen#oqRMAFa#xSzXLTyOdruQmBghGPZticIs,130.500000,4371.000000,57.000000,0.568421,1,"
minimal: 0 / states: 137 / duration: 0.000143s
history:
/T5-F2-1 /T6-F1-1 /T5-T6-1 /T3-T1-1 /T2-T3-1 /T1-T2-2 /T1-F3-1 /T2-T5-3 /D:3     /W-T1-1  
/T5-T1-4 /D:3     /W-T4-1  /T6-T4-2 /T6-F0-1 /D:2     /W-F3-1  /D:1     /W-T5-1  /T2-T5-1 
/T6-T2-1 /D:5     /W-F0-1  /D:2     /W-T1-1  /D:1     /W-T1-1  /D:1     /W-F3-1  /D:3     
/W-T0-1  /T4-T0-4 /T4-F0-1 /W-T4-1  /D:3     /R       /D:2     /W-T1-1  /T5-T1-3 /T5-F1-1 
/W-T5-1  /T5-T2-2 /D:6     /W-F3-1  /T6-F3-1 /T6-T0-1 /T6-F2-1 /T1-F2-1 /T0-F2-1 /D:1     
/W-T5-1  /D:2     /W-T6-1  /D:1     /W-F1-1  /T1-F1-1 /T0-F1-1 /D:2     /R       /D:2     
/W-T5-1  /T3-T5-2 /T3-T5-1 /T3-F0-1 /T1-F0-1 /T0-F0-1 /T1-F3-1 /T0-F3-1 /T1-F0-1 /T4-T1-1 
/T4-F3-1 /T4-F1-1 /T0-F0-1 /T5-F3-1 /T1-T4-3 /T1-F3-1 /W-F3-1  /T4-T1-4 /D:1     /W-T6-1  
/D:1     /W-F2-1  /D:1     /W-T0-1  /D:1     /W-F1-1  /D:1     /W-F0-1  /T5-F0-1 /T1-T2-4 
/T1-F0-1 /T2-T1-5 /T2-F3-1 /T5-T6-1 /T5-F0-1 /T2-F0-1 /T6-T5-2 /T6-F3-1 /T0-T5-3 /D:1     
/W-F2-1  /T1-F2-1 /T1-F1-1 /T5-F2-1 /T1-F2-1 /T5-F1-1 /T1-F1-1 /T5-F2-1 /T1-F2-1 /T5-F1-1 
/T1-F1-1 /T5-F2-1 /T1-F2-1 /T5-F1-1 
"
1020811,A#Qt#YxH#KCDb#gSyBR#Erfipw#NlLPoVm#MJFsUjdkIXGnaevTzZOquhWc,148.500000,4656.000000,62.000000,0.515464,1,"
minimal: 0 / states: 135 / duration: 0.000138s
history:
/T0-F0-1 /T6-T0-1 /T6-T5-1 /T2-T5-1 /D:6     /W-T2-1  /D:3     /W-T2-1  /D:3     /W-F2-1  
/T6-F2-1 /D:1     /W-F1-1  /T3-F1-1 /T6-T3-1 /T3-T4-2 /T6-T0-1 /T2-T6-3 /D:3     /W-T5-1  
/D:3     /W-T3-1  /D:3     /W-T6-1  /T1-T6-1 /T3-T1-2 /T3-T2-1 /D:1     /W-T2-1  /D:1     
/W-F1-1  /R       /D:1     /W-T3-1  /T6-T3-6 /T6-F3-1 /T1-F3-1 /T4-F3-1 /D:2     /W-T5-1  
/T4-T5-2 /T4-F0-1 /T1-F0-1 /T5-F0-1 /T1-F3-1 /T5-F3-1 /D:3     /W-F1-1  /D:1     /W-T0-1  
/T5-T0-5 /T5-F2-1 /D:1     /W-T4-1  /D:2     /W-F1-1  /D:1     /W-T2-1  /D:1     /W-T1-1  
/T2-T1-4 /D:1     /W-T2-1  /T4-T2-2 /T4-F3-1 /T0-T4-1 /T0-F3-1 /T4-T0-2 /D:1     /W-F2-1  
/D:1     /W-T5-1  /R       /D:1     /W-T2-1  /T5-T2-2 /T5-F1-1 /T5-F2-1 /T5-F0-1 /T0-F0-1 
/T0-F1-1 /D:1     /W-F2-1  /T3-F2-1 /T2-F2-1 /T1-F2-1 /T3-F1-1 /T2-F1-1 /T0-T2-2 /T0-F2-1 
/T3-T1-1 /T3-F1-1 /T0-F1-1 /T3-F2-1 /T3-F1-1 /T2-T0-4 /T2-F2-1 /T0-T2-5 /T0-F1-1 /T1-T3-4 
/T1-F2-1 /D:1     /W-F3-1  /D:1     /W-F0-1  /T2-F0-1 /T2-F3-1 /T3-F0-1 /T2-F0-1 /T3-F3-1 
/T2-F3-1 /T3-F0-1 /T2-F0-1 /T3-F3-1 /T2-F3-1 /T3-F0-1 
"
1020825,w#Kt#mkz#FfJd#bVSOC#vjxyPT#UrGLIlg#EsiBADpWoYXcnqehQRNHZuaM,161.000000,3234.000000,54.000000,0.541237,1,"
minimal: 0 / states: 125 / duration: 0.000141s
history:
/T4-T3-1  /T4-T3-1  /T4-T1-1  /T4-T0-1  /D:1      /W-T1-1   /T3-T1-3  /D:1      /W-T5-1   /D:1      
/W-T3-1   /D:2      /W-F0-1   /W-F0-1   /D:5      /W-T2-1   /D:3      /W-F2-1   /D:2      /W-T5-1   
/W-T5-1   /W-T5-1   /D:4      /W-F3-1   /T1-F3-1  /T4-T1-1  /T2-T4-2  /T3-T2-2  /D:1      /W-T0-1   
/T6-T0-1  /D:2      /W-T2-1   /T5-T2-5  /T5-F3-1  /T2-T5-9  /T5-T2-10 /T5-T4-1  /T5-T4-1  /T5-T4-1  
/W-T5-1   /D:1      /W-F1-1   /T1-F1-1  /T1-F0-1  /T2-F1-1  /T1-F1-1  /D:1      /R        /D:1      
/W-F0-1   /T1-F0-1  /D:3      /W-F2-1   /D:2      /W-T4-1   /T1-T4-2  /T1-T6-1  /D:1      /W-F3-1   
/D:1      /W-F3-1   /T4-F3-1  /T3-T4-1  /T3-F0-1  /T2-T0-3  /T2-F3-1  /D:1      /W-T1-1   /T6-T1-2  
/R        /D:1      /W-F2-1   /T0-F2-1  /T0-F1-1  /T4-F1-1  /D:1      /W-T1-1   /T6-T1-1  /T6-T5-1  
/T6-F0-1  /T6-F2-1  /T0-F2-1  /T0-F1-1  /T0-F0-1  /T4-F2-1  /T2-F2-1  /T4-F1-1  /T2-F1-1  /T6-F3-1  
/T0-F3-1  /T1-F0-1  /T2-F0-1  /T4-F2-1  /T0-F2-1  /T1-F3-1  /T4-F1-1  /T1-F0-1  /T2-F1-1  /T4-F2-1  
/T1-F1-1  /T2-F2-1  /T2-F1-1  /T5-F0-1  /T1-F0-1  /D:1      /W-F3-1   /T4-F3-1  /T4-F2-1  /T5-F3-1  
"
1020841,l#sQ#hJp#gSyC#AufPk#IzdmOH#BcreajM#ZXRbnxitGqDUvFKNTYVELowW,147.000000,4753.000000,72.000000,0.428571,1,"
minimal: 0 / states: 140 / duration: 0.000148s
history:
/T3-T1-1 /T4-T3-1 /T0-T6-1 /T6-T0-2 /D:4     /W-T1-1  /D:1     /W-F2-1  /D:1     /W-T0-1  
/T6-T0-1 /T6-F1-1 /T1-F1-1 /D:4     /W-T6-1  /T4-T6-1 /D:3     /W-T0-1  /W-T0-1  /D:3     
/W-F3-1  /D:1     /W-T5-1  /D:3     /W-T4-1  /T1-T4-2 /T6-T1-3 /T1-T5-4 /D:2     /W-F2-1  
/T2-F2-1 /T2-T3-1 /D:2     /R       /D:1     /W-T1-1  /T3-T1-3 /T6-T3-1 /T6-F1-1 /T6-T5-1 
/D:3     /W-T1-1  /T5-T1-7 /T5-F3-1 /T5-T6-1 /T5-F1-1 /D:1     /W-T0-1  /T4-T0-4 /D:1     
/W-T2-1  /T3-T2-2 /T3-T4-1 /T5-T3-1 /T2-T5-4 /D:2     /W-T4-1  /D:2     /W-T3-1  /W-T3-1  
/D:2     /W-T6-1  /D:2     /W-T3-1  /T5-T3-5 /R       /D:1     /W-T6-1  /D:1     /W-T4-1  
/T1-T4-3 /T1-F1-1 /D:3     /W-T6-1  /W-T6-1  /T4-T6-7 /T4-F0-1 /T6-F0-1 /T0-F0-1 /T6-F3-1 
/T0-F3-1 /T6-F2-1 /T3-F2-1 /W-F0-1  /T0-F0-1 /T0-F1-1 /T6-F3-1 /T1-F2-1 /T3-F3-1 /T0-F2-1 
/T6-F0-1 /T1-F3-1 /T3-F0-1 /T0-F3-1 /T6-F1-1 /T1-F0-1 /T3-F1-1 /T3-F0-1 /T6-F2-1 /T0-F2-1 
/T1-F1-1 /T0-F1-1 /T6-F3-1 /T1-F0-1 /T3-F3-1 /T3-F0-1 /T6-F2-1 /T0-F2-1 /T1-F1-1 /T0-F1-1 
/T6-F3-1 /T1-F2-1 /T3-F3-1 /T3-F2-1 /T6-F0-1 /T0-F0-1 /T1-F3-1 /T6-F1-1 
"
1020883,t#pP#yIj#GdeO#mDLwW#bQgEzM#kHXrhAn#ZSRUqoVTlauNJxYKBCcvfiFs,103.000000,956.000000,40.000000,0.657143,1,"
minimal: 0 / states: 122 / duration: 0.000131s
history:
/T6-F2-1 /T6-F0-1 /T0-T6-1 /T5-T0-1 /D:2     /W-T6-1  /D:4     /W-F2-1  /D:3     /W-T0-1  
/D:1     /W-F1-1  /D:2     /W-F3-1  /T3-F3-1 /T1-F3-1 /T1-F2-1 /T5-T1-1 /T5-T6-1 /D:2     
/W-T0-1  /T4-T0-1 /D:1     /W-T1-1  /D:1     /W-T1-1  /T2-T1-1 /T6-T2-4 /T2-T0-5 /D:1     
/W-F0-1  /D:1     /W-F0-1  /D:2     /W-T1-1  /D:2     /W-T4-1  /D:1     /W-T5-1  /T3-T5-1 
/T3-T0-1 /W-T3-1  /T6-T3-1 /T4-T6-2 /T6-T2-3 /T5-T6-3 /T5-F3-1 /T5-F1-1 /W-F1-1  /T0-F1-1 
/T6-T2-4 /T2-F1-1 /W-T6-1  /T6-T4-2 /D:1     /R       /D:1     /W-T5-1  /T4-T5-3 /T4-F0-1 
/T0-F0-1 /T2-F0-1 /T3-T0-1 /T3-F1-1 /T2-F1-1 /T3-F0-1 /T2-F0-1 /T0-T1-4 /T0-F0-1 /T5-F0-1 
/T2-T4-4 /D:1     /W-F3-1  /D:2     /W-F2-1  /T1-F2-1 /T1-F3-1 /D:2     /W-F3-1  /D:1     
/W-T4-1  /D:1     /W-F2-1  /T1-F2-1 /T1-F1-1 /T4-F2-1 /T4-F1-1 /T1-F2-1 /T1-F1-1 /T1-F0-1 
/T4-F2-1 /T5-F1-1 /T5-F0-1 /T0-T1-2 /T0-F1-1 /T0-F0-1 /T4-T5-2 /T4-F1-1 /R       /D:1     
/W-F3-1  /D:1     /W-F3-1  /T1-F3-1 /T1-F2-1 /T5-F3-1 /T1-F3-1 /T5-F2-1 /T1-F2-1 /T5-F3-1 
"
1020906,m#OK#uVe#RgsE#zltiL#QBfSaN#jAMyPpc#YGnwThUDoWkvqdJHZXFbrxCI,116.000000,2556.000000,42.000000,0.648649,1,"
minimal: 0 / states: 119 / duration: 0.000133s
history:
/T5-F3-1 /T5-F1-1 /T4-T0-1 /T3-T5-1 /T2-T3-1 /D:3     /W-F2-1  /D:5     /W-T3-1  /T6-T3-1 
/D:1     /W-F2-1  /T6-F2-1 /D:1     /W-T1-1  /D:1     /W-T0-1  /D:1     /W-T1-1  /W-T1-1  
/D:1     /W-F2-1  /D:1     /W-T5-1  /D:1     /W-T0-1  /T4-T0-1 /T5-T4-3 /T4-T1-4 /T1-T4-8 
/T1-F3-1 /T6-F3-1 /D:1     /W-T0-1  /D:1     /W-T1-1  /T6-T1-1 /T4-T6-9 /D:1     /W-T1-1  
/D:2     /W-F1-1  /T3-F1-1 /T6-F1-1 /D:1     /W-F2-1  /D:3     /R       /D:1     /W-T4-1  
/D:2     /W-T1-1  /T2-T1-1 /T2-T1-1 /T6-T2-9 /T6-F0-1 /D:1     /W-T0-1  /T3-T0-3 /T3-T1-1 
/T0-T3-1 /T0-F1-1 /T5-F1-1 /T5-F0-1 /T0-F2-1 /T1-F1-1 /T5-F3-1 /D:1     /W-F1-1  /D:1     
/W-T0-1  /T3-T0-2 /D:1     /W-T4-1  /T6-T4-1 /D:1     /W-F0-1  /T0-F0-1 /T0-F3-1 /T2-F0-1 
/T0-F0-1 /T2-F3-1 /T0-F3-1 /T2-F2-1 /T1-F2-1 /W-F0-1  /T0-F0-1 /T0-F1-1 /T2-F3-1 /T1-F3-1 
/T2-F2-1 /T1-F2-1 /T2-F3-1 /T1-F3-1 /T4-F1-1 /T4-F2-1 /T1-F2-1 /T4-F3-1 /T1-F3-1 /T4-F2-1 
/D:1     /W-F0-1  /T0-F0-1 /T0-F1-1 /T2-F0-1 /T0-F0-1 /T2-F1-1 /T0-F1-1 /T2-F0-1 
"
1020915,e#SW#yJF#sQVi#jxYvK#OtEnaC#uXmlNkP#pITobhqDUdMHzfgRrZwABGLc,171.000000,1730.000000,54.000000,0.590000,1,"
minimal: 0 / states: 125 / duration: 0.000129s
history:
/T1-T4-1  /T0-T2-1  /D:2      /W-T4-1   /D:2      /W-T6-1   /D:1      /W-T5-1   /D:1      /W-T4-1   
/D:1      /W-T2-1   /T6-T2-2  /D:4      /W-T0-1   /D:1      /W-T3-1   /D:3      /W-T3-1   /T2-T3-5  
/T3-T2-8  /T2-T6-9  /T6-T2-10 /T6-F3-1  /T4-T6-4  /T6-T0-5  /T2-T6-11 /T6-T2-12 /D:2      /W-T1-1   
/D:2      /W-T6-1   /T3-T6-1  /T5-T3-2  /T5-F1-1  /T3-F1-1  /T5-F2-1  /T2-F2-1  /T3-T1-2  /D:1      
/W-F0-1   /D:1      /W-F0-1   /T1-F0-1  /D:1      /W-T0-1   /T1-T0-3  /W-T1-1   /W-T3-1   /D:1      
/W-T1-1   /T6-T1-3  /T6-T1-1  /D:1      /W-F1-1   /R        /D:1      /W-F2-1   /D:1      /W-T1-1   
/T3-T1-2  /D:1      /W-F0-1   /T5-F0-1  /D:1      /W-T4-1   /T5-T4-1  /T5-F3-1  /T2-F3-1  /T0-F3-1  
/T2-F2-1  /T1-F3-1  /T0-F2-1  /T0-F3-1  /T1-F2-1  /T1-F3-1  /T4-F2-1  /T1-F2-1  /T4-F3-1  /T4-F2-1  
/T1-F3-1  /T1-F2-1  /D:1      /W-F1-1   /T2-F1-1  /T2-F0-1  /T0-F0-1  /D:1      /W-T3-1   /T4-T3-1  
/T4-F2-1  /T0-T4-2  /T0-F3-1  /T1-F3-1  /T3-F3-1  /T2-T1-5  /T2-F2-1  /T3-F2-1  /T1-T2-6  /T1-F3-1  
/T4-T0-3  /D:1      /W-F1-1   /T2-F1-1  /T0-F1-1  /T2-F0-1  /T0-F0-1  /T2-F1-1  /T0-F1-1  /T2-F0-1  
/T0-F0-1  /T2-F1-1  /T0-F1-1  /T2-F0-1  /T0-F0-1  /T2-F1-1  
"
1020991,f#aZ#MsH#EYVB#xDITK#tQpczR#UgvqLSl#yCkXiGuhPWeAwJmFNjbdorOn,134.500000,880.000000,40.000000,0.664706,1,"
minimal: 0 / states: 122 / duration: 0.000132s
history:
/T4-T6-1  /T4-T2-1  /D:1      /W-T1-1   /D:2      /W-T1-1   /D:5      /W-T4-1   /D:2      /W-T6-1   
/T4-T6-2  /T4-T5-1  /W-T5-1   /T3-T5-1  /T2-T3-2  /T5-T2-4  /T6-T5-5  /T2-T3-5  /D:2      /W-F0-1   
/T3-F0-1  /D:1      /W-T1-1   /T3-T1-7  /T3-T2-1  /T3-T0-1  /T5-T3-6  /T4-T2-1  /T1-T4-11 /T1-F1-1  
/D:2      /W-T1-1   /D:2      /W-F3-1   /D:1      /W-T2-1   /D:1      /W-F1-1   /T5-F1-1  /D:1      
/W-T0-1   /T5-T0-1  /T0-T5-1  /T0-F1-1  /T5-T0-2  /T6-T5-1  /T6-T1-1  /T5-T3-2  /D:1      /W-T4-1   
/D:1      /W-T3-1   /D:1      /W-F3-1   /D:1      /W-F2-1   /T4-F2-1  /T0-F2-1  /T4-F3-1  /T6-F2-1  
/T6-T2-1  /T0-F3-1  /T3-F2-1  /W-T6-1   /T4-T6-2  /T4-F2-1  /R        /D:1      /W-F0-1   /T6-F0-1  
/T0-F0-1  /T6-F3-1  /T3-F3-1  /T3-F2-1  /T4-F3-1  /T6-T4-2  /T4-F0-1  /T6-F3-1  /D:1      /W-T1-1   
/D:2      /W-F0-1   /D:1      /W-F2-1   /T2-F2-1  /D:1      /W-F1-1   /T0-F1-1  /T4-F1-1  /T3-F1-1  
/T4-F0-1  /T3-F0-1  /T4-F3-1  /T3-F3-1  /W-F1-1   /T2-F1-1  /T4-F2-1  /T2-F2-1  /T1-F3-1  /T2-F3-1  
/T4-F1-1  /T4-F2-1  /T4-F3-1  /T3-T2-2  /T3-F2-1  /D:1      /W-F0-1   /T2-F0-1  /T1-F0-1  /T2-F1-1  
/T1-F1-1  /T2-F0-1  
"
1021005,j#Fx#vUt#ahJu#DBXlE#bOkSVQ#osgGnPm#LqKWzCHfpNwIdYZTMryRAcie,82.500000,691.000000,32.000000,0.733333,1,"
minimal: 0 / states: 124 / duration: 0.000134s
history:
/T5-T4-1 /T3-T5-1 /T5-T3-2 /T4-T5-2 /T5-T2-3 /T3-T5-3 /T2-T3-4 /T1-T4-1 /T0-T4-1 /T6-T0-1 
/D:1     /W-T0-1  /T5-T0-4 /D:5     /W-T3-1  /T5-T3-1 /D:4     /W-F3-1  /T3-F3-1 /T6-F3-1 
/T6-F2-1 /T6-T2-1 /T6-T0-1 /T6-T0-1 /T6-F2-1 /W-F2-1  /W-T2-1  /T5-T3-1 /D:2     /W-T4-1  
/T2-T4-3 /T3-T2-7 /T3-F1-1 /T2-F1-1 /D:3     /W-T3-1  /D:2     /W-T5-1  /T4-T5-7 /D:1     
/W-T5-1  /D:1     /W-T3-1  /T4-T3-1 /D:1     /W-T0-1  /D:1     /W-F0-1  /T4-F0-1 /T2-F0-1 
/T2-F3-1 /T0-F3-1 /T4-F0-1 /T2-F0-1 /T1-F0-1 /T2-F3-1 /W-F3-1  /T5-T2-2 /T5-F0-1 /T5-F3-1 
/D:1     /W-F1-1  /D:2     /W-T0-1  /R       /D:1     /W-F2-1  /T2-F2-1 /D:3     /W-T1-1  
/D:1     /W-F0-1  /T5-F0-1 /T2-T5-4 /D:1     /W-T3-1  /T0-T3-5 /T0-F0-1 /D:1     /W-F1-1  
/T3-F1-1 /T3-F2-1 /T5-F1-1 /T3-F1-1 /T5-F2-1 /T3-F2-1 /T3-F3-1 /T5-F1-1 /T5-F2-1 /W-F3-1  
/T3-F2-1 /T3-F3-1 /W-F0-1  /T0-T3-1 /T0-F0-1 /T5-T1-3 /T5-F0-1 /D:1     /W-F3-1  /T3-T0-2 
/T3-F3-1 /D:1     /W-F1-1  /T1-F1-1 /T0-F1-1 /T1-F2-1 /T0-F2-1 /T1-F1-1 /T0-F1-1 /T1-F2-1 
"
1021034,s#UQ#lwy#tazX#JVZYp#qOGATx#IdrkbNj#mcCMHeEPWKuRSviLfDnBhgFo,143.500000,3209.000000,59.000000,0.575000,1,"
minimal: 0 / states: 131 / duration: 0.000143s
history:
/T6-T5-1 /T6-F3-1 /T4-T1-1 /T5-T4-2 /T6-T1-1 /T3-T2-1 /T4-T3-3 /T2-T4-2 /T2-T4-1 /T0-T5-1 
/T3-T0-4 /T3-F1-1 /T1-F1-1 /D:2     /W-F1-1  /D:4     /W-T5-1  /D:4     /W-T2-1  /W-T2-1  
/D:3     /W-T3-1  /D:1     /W-T0-1  /D:1     /W-T4-1  /D:3     /W-T5-1  /D:1     /W-F2-1  
/D:2     /W-T0-1  /T3-T0-2 /T4-T3-5 /D:3     /W-F2-1  /T1-F2-1 /R       /D:2     /W-T1-1  
/D:2     /W-T3-1  /T5-T3-4 /T5-F0-1 /D:1     /W-T0-1  /T1-T0-2 /T5-T1-1 /T5-F3-1 /T5-F2-1 
/W-T5-1  /T2-T5-3 /W-T2-1  /D:1     /W-F3-1  /D:1     /W-T4-1  /D:2     /W-T2-1  /T6-T2-1 
/T6-F2-1 /T6-F1-1 /T1-T6-2 /T6-T5-3 /D:1     /W-T5-1  /D:1     /W-F0-1  /T0-F0-1 /T0-F3-1 
/T3-F0-1 /T0-F0-1 /T3-F1-1 /T5-F1-1 /W-F3-1  /T0-F3-1 /T3-F2-1 /T0-F2-1 /T3-F3-1 /T4-F2-1 
/T5-T0-1 /T5-F3-1 /T4-F3-1 /T0-T5-2 /T0-F2-1 /T3-T4-2 /T3-F2-1 /T5-T0-3 /T5-F3-1 /T3-F3-1 
/T0-T5-4 /T0-F2-1 /T0-F3-1 /T3-F2-1 /T0-F2-1 /T3-F3-1 /T4-T2-3 /D:1     /W-F1-1  /D:1     
/W-F0-1  /T5-F0-1 /T2-F0-1 /T5-F1-1 /T2-F1-1 /T5-F0-1 /T2-F0-1 /T5-F1-1 /T2-F1-1 /T5-F0-1 
/T2-F0-1 /T5-F1-1 /T2-F1-1 /T5-F0-1 
"
1021117,H#vk#pEq#dljN#GwFJs#cPnuXK#DYBgZae#TIfMimxRhzCAULVrSWtyQoOb,158.000000,2121.000000,44.000000,0.638889,1,"
minimal: 0 / states: 122 / duration: 0.000122s
history:
/T3-F3-1 /T6-T4-1 /T6-F1-1 /T2-T4-1 /T3-T5-1 /T5-T3-2 /D:1     /W-T0-1  /T4-T0-3 /T4-T1-1 
/D:1     /W-T3-1  /D:3     /W-T1-1  /T0-T1-5 /T6-T0-1 /T4-T6-1 /T4-T5-1 /D:3     /W-T6-1  
/D:1     /W-T3-1  /T4-T3-1 /D:1     /W-T4-1  /T3-T4-6 /T3-T2-1 /D:1     /W-T2-1  /D:1     
/W-F0-1  /D:2     /W-T0-1  /T5-T0-2 /T6-T5-3 /T6-F0-1 /T2-F0-1 /D:1     /W-T0-1  /T5-T0-4 
/T5-F2-1 /T5-T1-1 /D:2     /W-T4-1  /T2-T4-2 /T2-T4-1 /D:5     /W-F2-1  /T4-F2-1 /D:1     
/W-F3-1  /T1-F3-1 /W-F3-1  /T0-F3-1 /T1-F2-1 /D:1     /W-F1-1  /T5-F1-1 /T4-F1-1 /T1-F1-1 
/R       /D:1     /W-F1-1  /D:1     /W-T2-1  /T6-T2-1 /T6-F0-1 /T4-F0-1 /T0-F0-1 /T0-F1-1 
/T4-F3-1 /T4-F0-1 /T4-F1-1 /T1-T0-2 /T1-F0-1 /T1-F1-1 /T4-F0-1 /T1-F0-1 /T4-F1-1 /T1-F1-1 
/T4-F0-1 /T4-F1-1 /D:1     /W-F1-1  /D:1     /W-T2-1  /D:1     /W-T1-1  /D:1     /W-F2-1  
/T0-F2-1 /T0-F3-1 /T1-F3-1 /D:1     /W-T2-1  /T1-T2-1 /D:1     /W-F2-1  /T0-F2-1 /T0-F3-1 
/T2-F2-1 /T0-F2-1 /T2-F3-1 /T0-F3-1 /T0-F0-1 /T2-F2-1 /T2-F3-1 /T2-F0-1 /T0-F3-1 /D:1     
/W-F2-1  /T4-F2-1 
"
1021123,s#Ea#fPT#Xkjt#WzdxZ#DlgQCp#HiGcRvO#KYFBAmrhoSnVbINLyJUuewqM,125.500000,2391.000000,42.000000,0.612500,1,"
minimal: 0 / states: 130 / duration: 0.000199s
history:
/T1-F1-1 /T6-T5-1 /T0-T2-1 /T4-T0-1 /D:5     /W-F0-1  /W-F0-1  /D:3     /W-T6-1  /T3-T6-1 
/T6-T3-3 /T6-T2-1 /T3-T4-4 /D:1     /W-T6-1  /D:1     /W-T4-1  /W-T4-1  /D:1     /W-F2-1  
/T6-F2-1 /D:2     /W-F1-1  /T6-F1-1 /D:2     /W-F3-1  /T5-F3-1 /T5-F2-1 /T5-F0-1 /T5-T1-1 
/D:1     /W-T0-1  /T3-T0-1 /D:2     /W-T0-1  /D:4     /W-T3-1  /D:1     /W-F2-1  /T4-F2-1 
/T1-T4-2 /D:1     /W-T1-1  /R       /D:2     /W-T1-1  /T4-T1-8 /T4-F1-1 /D:1     /W-T5-1  
/T2-T5-1 /T2-F2-1 /T1-T6-3 /T1-F2-1 /T6-T1-4 /T6-T0-1 /T2-T6-1 /T2-F3-1 /T1-F3-1 /T6-T0-2 
/T4-T6-1 /T5-F3-1 /T1-T2-1 /T1-F3-1 /T0-F3-1 /T5-T0-2 /T5-T6-1 /T5-F0-1 /T2-F0-1 /T0-F0-1 
/T1-F0-1 /W-T6-1  /T4-T6-1 /D:1     /W-T4-1  /D:1     /W-T3-1  /D:1     /W-T6-1  /D:1     
/W-T4-1  /T3-T4-3 /D:1     /W-F3-1  /T4-F3-1 /D:1     /W-F2-1  /T1-T6-1 /T1-F2-1 /T4-F2-1 
/T6-T1-2 /T6-F3-1 /T4-F3-1 /T1-T6-3 /T1-F2-1 /T1-F3-1 /T4-F2-1 /T0-T4-6 /T0-F3-1 /T6-T1-5 
/T6-F2-1 /D:1     /W-F1-1  /T2-F1-1 /T4-F1-1 /T1-F1-1 /T4-F0-1 /T1-F0-1 /T4-F1-1 /T1-F1-1 
/T4-F0-1 /T1-F0-1 /T4-F1-1 /T1-F1-1 /T4-F0-1 /T1-F0-1 /T4-F1-1 
"
1021134,i#of#aQw#VDnc#dYueB#FrMtHU#CPmKSOz#RyLGxhTlqgIWpkvZbNJjsAEX,144.000000,2531.000000,67.000000,0.475490,1,"
minimal: 0 / states: 137 / duration: 0.000176s
history:
/T4-T3-1 /T0-T2-1 /T6-T0-1 /D:4     /W-T5-1  /T1-T5-1 /D:4     /W-T0-1  /D:1     /W-T4-1  
/T3-T4-2 /T3-F2-1 /T1-F2-1 /D:4     /W-F2-1  /T4-T3-2 /T4-F2-1 /T3-T4-3 /D:3     /W-T1-1  
/D:2     /W-F3-1  /T6-F3-1 /D:4     /W-F0-1  /T4-F0-1 /D:1     /W-T5-1  /D:1     /R       
/D:2     /W-T1-1  /D:2     /W-T0-1  /D:5     /W-T0-1  /W-T0-1  /T5-T0-4 /T5-T2-1 /T6-T5-1 
/W-T2-1  /D:1     /W-T1-1  /T2-T1-4 /T2-T0-1 /T2-F1-1 /D:2     /W-F1-1  /T4-F1-1 /D:2     
/W-T6-1  /D:1     /W-T1-1  /T4-T1-2 /T4-T3-1 /T6-T4-2 /T6-T2-1 /T6-F3-1 /T6-F0-1 /T0-F3-1 
/T1-F0-1 /T0-F0-1 /D:1     /R       /D:1     /W-F3-1  /T5-F3-1 /D:1     /W-T2-1  /D:2     
/W-F3-1  /D:1     /W-T4-1  /W-T4-1  /T5-T4-1 /T5-T6-1 /T5-F2-1 /T4-T6-6 /T4-F1-1 /T1-F1-1 
/T0-F1-1 /T1-F2-1 /T5-F0-1 /T0-F0-1 /T1-F1-1 /T1-F0-1 /T6-F2-1 /T0-F3-1 /T3-F2-1 /T3-F3-1 
/T6-F1-1 /T0-F0-1 /T1-F1-1 /T6-F2-1 /T0-F3-1 /T1-F2-1 /T6-F1-1 /T0-F2-1 /T1-F1-1 /T0-F1-1 
/T1-F2-1 /T0-F2-1 /T2-T1-1 /T2-F1-1 /D:1     /W-F0-1  /T6-F0-1 /T1-F0-1 /D:1     /W-F3-1  
/T6-F3-1 /T1-F3-1 /T6-F0-1 
"
1021173,X#bW#ZsF#HyYc#qQJOS#hRGfDn#gNEumKo#jrtPTwUVIlMvizBLdapACxke,96.500000,1280.000000,34.000000,0.738806,1,"
minimal: 0 / states: 117 / duration: 0.000125s
history:
/T5-F2-1 /T6-F2-1 /T3-T5-1 /T6-T3-1 /T1-T3-1 /D:2     /W-T4-1  /D:4     /W-T0-1  /D:2     
/W-T0-1  /D:1     /W-T3-1  /W-T3-1  /D:6     /W-T5-1  /D:1     /W-T6-1  /T0-T6-3 /T6-T0-5 
/T6-T0-1 /D:1     /W-T4-1  /D:1     /W-F1-1  /T1-F1-1 /W-T1-1  /T3-T1-5 /D:1     /W-F2-1  
/D:1     /W-F0-1  /T5-F0-1 /T5-F1-1 /T4-F1-1 /D:1     /W-F0-1  /T5-F0-1 /T6-F0-1 /T6-F3-1 
/T2-F0-1 /T2-T6-1 /T3-T2-1 /T6-T0-2 /D:2     /W-T2-1  /D:1     /W-F1-1  /T5-F1-1 /T5-F0-1 
/T5-T0-1 /F0-T1-1 /T4-T1-2 /T4-F3-1 /T4-T2-1 /T4-T1-1 /T4-F2-1 /R       /D:2     /W-T5-1  
/T1-T5-3 /T1-F0-1 /T3-F0-1 /D:1     /W-F3-1  /T5-F3-1 /T0-F3-1 /T5-F2-1 /T0-F2-1 /T0-F1-1 
/T5-F3-1 /T5-F2-1 /T5-F1-1 /T0-F2-1 /D:1     /W-F3-1  /T1-F3-1 /T0-F3-1 /T1-F0-1 /T1-F3-1 
/T2-F0-1 /T1-F0-1 /T0-T2-1 /T0-F3-1 /T0-F0-1 /T1-F3-1 /T2-T0-3 /T2-F3-1 /D:1     /W-T1-1  
/D:1     /W-F0-1  /D:1     /W-F2-1  /T0-F2-1 /D:1     /W-F1-1  /W-F1-1  /T0-F1-1 /T1-F1-1 
/D:1     /W-F2-1  /T0-F2-1 /T0-F1-1 /T1-F2-1 
"
1021219,n#Gr#qOS#kuKg#XaCvd#QiWLcp#sJfZlAx#ewNMtjEbHRPoUyYzhIFTBDVm,130.500000,1486.000000,43.000000,0.640244,1,"
minimal: 0 / states: 117 / duration: 0.000128s
history:
/T0-F2-1 /T5-T4-1 /T4-T1-2 /T1-T2-3 /T2-T1-4 /T2-T1-1 /T5-T2-1 /D:3     /W-F3-1  /T1-F3-1 
/D:1     /W-T0-1  /D:2     /W-T6-1  /T4-T6-1 /D:2     /W-T1-1  /D:3     /W-F3-1  /D:1     
/W-F2-1  /T1-T4-1 /T1-F2-1 /T4-T1-2 /T4-F1-1 /T1-F1-1 /T2-F1-1 /T2-F2-1 /T4-T5-1 /D:1     
/W-T6-1  /T1-T6-5 /D:2     /W-T0-1  /T6-T0-9 /T6-F0-1 /D:1     /W-T1-1  /T6-T1-1 /T5-T6-2 
/T6-T2-3 /D:2     /W-T5-1  /W-T5-1  /D:1     /W-T3-1  /D:2     /W-F0-1  /T0-F0-1 /T0-F1-1 
/T0-F2-1 /D:1     /W-F0-1  /D:2     /W-T4-1  /R       /D:1     /W-F1-1  /T6-F1-1 /T6-T2-1 
/T6-F2-1 /D:2     /W-F2-1  /D:1     /W-F0-1  /T3-F0-1 /T3-F1-1 /T3-T1-1 /T3-F2-1 /T5-T1-3 
/T5-T2-1 /T5-F3-1 /T1-F1-1 /T2-F1-1 /T0-T1-3 /T0-F2-1 /T0-F1-1 /T3-F1-1 /W-F2-1  /T0-F2-1 
/T1-T0-6 /T1-F1-1 /T4-F1-1 /D:2     /W-F3-1  /T0-F3-1 /T0-F0-1 /W-F0-1  /D:1     /W-F2-1  
/T1-F2-1 /D:1     /W-F3-1  /T0-F3-1 /T0-F0-1 /T2-F0-1 /D:1     /W-F3-1  /T0-F3-1 /T0-F0-1 
/T2-F3-1 /T0-F3-1 /T2-F0-1 /T0-F0-1 /T2-F3-1 
"
1021250,C#Za#ker#PRNG#cFBwd#gQnbTp#vJoLmOy#KMxIiqDESlWAthsfzUYuXVHj,83.000000,1431.000000,32.000000,0.789474,1,"
minimal: 0 / states: 123 / duration: 0.000133s
history:
/T1-F1-1 /T6-T1-1 /T5-T4-1 /T6-T0-1 /T4-T2-2 /D:5     /W-T4-1  /D:4     /W-T3-1  /T2-T3-3 
/D:3     /W-F0-1  /D:3     /W-T5-1  /T2-T5-1 /T4-T2-2 /T4-F0-1 /T2-T1-3 /T6-T2-1 /T6-T2-1 
/T0-T3-1 /T0-F0-1 /D:2     /W-T0-1  /D:2     /W-T0-1  /D:1     /W-T1-1  /T5-T1-3 /T5-F1-1 
/T5-F2-1 /T6-F2-1 /D:1     /W-T2-1  /T6-T2-1 /W-T6-1  /T3-T6-6 /T3-F3-1 /T6-F3-1 /T6-F2-1 
/T3-T4-1 /T3-F3-1 /T5-F3-1 /T4-T5-2 /T4-F1-1 /T6-F1-1 /T1-F1-1 /T5-F3-1 /W-F1-1  /D:1     
/W-T2-1  /D:1     /W-T2-1  /T5-T2-2 /D:1     /R       /D:1     /W-T0-1  /D:1     /W-T3-1  
/D:3     /W-F2-1  /T6-F2-1 /T1-F2-1 /T6-F3-1 /T1-F3-1 /D:1     /W-F0-1  /D:1     /W-F0-1  
/T2-F0-1 /T2-F1-1 /T6-F0-1 /T2-F0-1 /T6-F3-1 /T2-F3-1 /W-F0-1  /T2-F0-1 /T0-F0-1 /W-T0-1  
/D:1     /W-T3-1  /D:1     /W-F3-1  /T2-F3-1 /T2-F0-1 /T0-T3-1 /T0-F3-1 /T1-T2-5 /T1-F3-1 
/T3-T0-2 /T3-F0-1 /D:1     /W-F2-1  /T2-F2-1 /T6-F2-1 /D:1     /W-F1-1  /T2-F1-1 /T2-F2-1 
/T0-F2-1 /D:1     /W-F1-1  /T2-F1-1 /T0-F1-1 /T2-F2-1 /T0-F2-1 /T2-F1-1 
"
1021279,c#Yg#wVv#MGqp#DPzuR#IbhoSm#HAdlJrQ#FyeETCiBsXLWUjfxtZaKNkOn,85.000000,958.000000,30.000000,0.736364,1,"
minimal: 0 / states: 126 / duration: 0.000125s
history:
/T3-T6-1 /T3-T4-1 /T0-T4-1 /T5-T0-1 /T5-T3-1 /T5-T4-1 /T5-T2-1 /T3-T2-2 /T5-T6-1 /D:1     
/W-T1-1  /T4-T1-4 /T1-T4-6 /T1-T3-1 /D:1     /W-T0-1  /D:2     /W-T2-1  /T6-T2-3 /D:6     
/W-T0-1  /D:3     /W-T5-1  /D:3     /W-T3-1  /D:1     /W-T5-1  /W-T5-1  /T6-T5-1 /T6-T0-1 
/W-T3-1  /T2-T3-8 /T4-T2-7 /T6-T4-1 /T4-T1-2 /T6-T5-1 /T6-F0-1 /T2-T0-8 /D:2     /W-F1-1  
/T3-F1-1 /T0-T4-1 /T0-F1-1 /T4-T0-2 /T5-F1-1 /D:1     /W-T1-1  /D:1     /W-F3-1  /D:2     
/W-F3-1  /D:1     /W-F2-1  /T0-F2-1 /T3-F2-1 /T0-F3-1 /T0-F2-1 /T3-F3-1 /T5-F2-1 /T0-F3-1 
/T3-T5-1 /T3-F3-1 /R       /D:1     /W-F1-1  /D:1     /W-F3-1  /D:2     /W-T2-1  /T6-T2-1 
/D:1     /W-F0-1  /W-F0-1  /T4-F0-1 /T5-F0-1 /T0-F0-1 /T5-F1-1 /T3-F0-1 /T0-F1-1 /T2-F0-1 
/T3-F1-1 /T2-F1-1 /T5-T3-2 /T5-F0-1 /T0-T2-2 /T0-F0-1 /T1-F0-1 /T2-T0-3 /D:1     /W-F2-1  
/T3-F2-1 /T0-F2-1 /T3-F3-1 /T0-F3-1 /T3-F2-1 /T0-F2-1 /T3-F1-1 /T3-F2-1 /D:1     /W-F0-1  
/D:1     /W-F3-1  /T0-F3-1 /T3-F3-1 /T0-F2-1 /T3-F0-1 /D:1     /W-F3-1  /D:1     /W-F1-1  
/T1-F1-1 /T0-F1-1 /T1-F2-1 
"
1021289,w#Zi#Olg#dDuv#TXsSM#PHtILY#pyfoaqK#AcxBGNzmUrhnRFQeEjJVbWkC,166.500000,4560.000000,57.000000,0.531250,1,"
minimal: 0 / states: 125 / duration: 0.000142s
history:
/T6-T5-1 /T5-T4-2 /T1-T0-1 /T5-T1-1 /D:1     /W-F0-1  /D:1     /W-T6-1  /D:2     /W-F0-1  
/D:2     /W-F3-1  /D:3     /W-T3-1  /D:2     /W-T5-1  /D:1     /W-F2-1  /D:2     /W-T2-1  
/W-T2-1  /T6-T2-2 /T6-F1-1 /T6-F2-1 /W-T6-1  /D:1     /W-T6-1  /D:3     /W-T4-1  /T3-T4-2 
/T2-T3-5 /T3-T0-6 /D:3     /W-F1-1  /T0-F1-1 /D:2     /W-T1-1  /T0-T1-7 /T4-T0-6 /D:1     
/W-F0-1  /T3-F0-1 /T3-F1-1 /R       /D:1     /W-T2-1  /D:1     /W-T0-1  /T4-T0-1 /D:1     
/W-T3-1  /T2-T3-2 /T2-F3-1 /D:1     /W-T2-1  /D:1     /W-F1-1  /T6-T0-2 /T6-F1-1 /T6-T2-1 
/T6-F2-1 /T1-F2-1 /D:1     /W-F0-1  /T1-T4-1 /T1-F0-1 /T4-T1-2 /T4-T2-1 /T1-T4-2 /T1-F1-1 
/T5-F1-1 /T4-T1-3 /D:1     /W-T2-1  /D:1     /W-T2-1  /T1-T2-4 /T1-F1-1 /D:1     /W-T3-1  
/T5-T3-1 /T0-T5-3 /T0-F0-1 /T5-T0-4 /T5-F0-1 /T5-F3-1 /T0-F3-1 /T0-F2-1 /T2-F3-1 /T0-F3-1 
/T2-F2-1 /T0-F2-1 /T2-F3-1 /T0-F3-1 /T2-F2-1 /T0-F2-1 /T2-F3-1 /T1-F2-1 /T3-F0-1 /T0-F1-1 
/T2-F0-1 /T1-F1-1 /T3-F3-1 /T0-F0-1 /T2-F3-1 /T1-F0-1 /T3-F2-1 /T0-F3-1 /T2-F2-1 /T1-F3-1 
/T3-F1-1 /T0-F0-1 /T2-F1-1 /T3-F2-1 
"
1021304,b#dg#UXa#FTCH#qeBmM#cLPlzN#vDtxOKY#oSQJuVsfIAEjRZknrpywhWiG,134.500000,3777.000000,67.000000,0.470588,1,"
minimal: 0 / states: 135 / duration: 0.000153s
history:
/T2-F1-1 /T0-F1-1 /T5-F3-1 /T6-T4-1 /T6-T4-1 /T6-F3-1 /T4-T0-3 /T1-T3-1 /D:4     /W-T2-1  
/D:2     /W-T2-1  /T3-T2-2 /T3-T1-1 /D:1     /W-T2-1  /D:3     /W-F0-1  /D:2     /W-T0-1  
/D:1     /W-T2-1  /D:3     /W-F2-1  /D:3     /W-T4-1  /T2-T4-7 /D:3     /W-T6-1  /D:2     
/W-T2-1  /R       /D:1     /W-F2-1  /D:1     /W-T2-1  /D:4     /W-T0-1  /T2-T0-3 /T5-T2-1 
/T5-T2-1 /T5-F3-1 /T6-T2-2 /W-T6-1  /D:1     /W-T0-1  /T1-T0-2 /T4-T1-9 /T4-F0-1 /T0-F0-1 
/D:2     /W-T5-1  /D:1     /W-T6-1  /D:1     /W-F2-1  /D:1     /W-T5-1  /D:2     /W-T5-1  
/R       /D:1     /W-F3-1  /T1-F3-1 /T4-T1-1 /T4-F2-1 /T6-F2-1 /T0-T6-2 /T0-F3-1 /T3-F3-1 
/T1-T3-1 /T1-F2-1 /T6-T0-3 /T6-F2-1 /T6-F0-1 /T3-T1-2 /T6-T2-1 /D:1     /W-F2-1  /T2-F2-1 
/D:1     /W-T3-1  /T5-T3-4 /T5-F1-1 /T0-F1-1 /T0-F0-1 /T1-F1-1 /T0-F1-1 /T1-F0-1 /T0-F0-1 
/T0-F3-1 /T1-F1-1 /T1-F0-1 /T1-F3-1 /T0-F0-1 /T2-F3-1 /T1-F0-1 /T1-F3-1 /T0-T2-1 /T0-F0-1 
/T0-F3-1 /T3-T1-3 /T3-F0-1 /T0-F0-1 /T3-F3-1 /D:1     /W-F1-1  /T1-F1-1 /T1-F2-1 /T2-F1-1 
/T1-F1-1 /T2-F2-1 /T1-F2-1 /T2-F1-1 /T1-F1-1 /T2-F2-1 
"
1021367,v#Up#Fgl#qMaR#uQyZc#BDSjos#VexdmKh#OfiHYJzNGbEIWkrTCXtnPLwA,149.000000,1156.000000,40.000000,0.649425,1,"
minimal: 0 / states: 116 / duration: 0.000132s
history:
/T6-T0-1 /T6-T2-1 /T3-T5-1 /T3-F1-1 /T2-T3-2 /T5-T2-2 /T5-T4-1 /T5-T3-1 /T0-T3-2 /T6-T0-1 
/T1-T6-1 /D:1     /W-T6-1  /D:7     /W-F3-1  /T6-F3-1 /D:1     /W-T1-1  /T5-T1-1 /T4-T5-2 
/T5-T2-3 /D:1     /W-F1-1  /D:1     /W-T1-1  /T6-T1-2 /D:2     /W-T6-1  /W-T6-1  /T1-T6-6 
/T4-T1-1 /T4-T0-1 /D:1     /W-T0-1  /D:3     /W-T4-1  /D:2     /W-T3-1  /D:1     /W-F2-1  
/T2-F2-1 /T6-F2-1 /T5-T2-1 /T3-T5-7 /T3-F2-1 /D:1     /W-F3-1  /T4-T6-1 /T4-F3-1 /T2-T4-6 
/D:1     /W-T1-1  /W-T1-1  /D:1     /W-T0-1  /D:1     /W-F0-1  /T4-F0-1 /T4-F1-1 /T6-F0-1 
/T4-F0-1 /T4-F3-1 /T6-F1-1 /T6-F0-1 /T2-F0-1 /T6-F3-1 /T6-F0-1 /W-F3-1  /W-F2-1  /T4-F2-1 
/T5-F2-1 /T6-F3-1 /W-T2-1  /W-T1-1  /W-T2-1  /T6-T2-3 /T6-F1-1 /T6-F3-1 /W-F0-1  /T2-F0-1 
/T1-F0-1 /T2-F3-1 /T1-F3-1 /T5-T2-3 /T5-F0-1 /T1-F0-1 /T2-T5-4 /T2-F3-1 /T1-F3-1 /T5-T2-5 
/T5-F0-1 /W-T0-1  /W-F1-1  /T4-F1-1 /T2-F1-1 /T4-F2-1 /T0-F1-1 /T2-F2-1 /T0-F2-1 /T2-F1-1 
/T0-F1-1 /T2-F2-1 /T0-F2-1 /T2-F1-1 /T0-F1-1 /T2-F2-1 
"
1021394,S#uq#cbU#aweh#AHvlO#xPknTK#pDQjytV#XiIoYGRzELfNZdJgsCmWBFrM,148.500000,2125.000000,56.000000,0.542553,1,"
minimal: 0 / states: 137 / duration: 0.000138s
history:
/D:6     /W-T2-1  /T0-T2-1 /D:2     /W-T0-1  /D:1     /W-T2-1  /D:3     /W-F3-1  /T4-F3-1 
/T5-T4-1 /T4-T0-2 /T3-T4-1 /T1-T3-1 /T5-T1-1 /T5-F2-1 /T1-T6-2 /D:1     /W-T1-1  /D:1     
/W-T2-1  /D:1     /W-T5-1  /T6-T5-3 /T6-T4-1 /T6-T1-1 /T6-T0-1 /T4-T0-3 /T5-T1-5 /T5-F3-1 
/T6-F3-1 /W-T0-1  /D:1     /W-T4-1  /D:1     /W-T1-1  /T3-T1-2 /D:1     /W-T2-1  /D:2     
/W-T5-1  /D:2     /W-T4-1  /D:1     /W-T0-1  /D:1     /R       /D:2     /W-T3-1  /T4-T3-3 
/T4-F0-1 /D:1     /W-T5-1  /T2-T5-6 /T2-T5-1 /T2-T1-1 /D:1     /W-F2-1  /D:2     /W-T3-1  
/T6-T3-1 /T6-F2-1 /T1-T3-1 /T1-F2-1 /T0-F2-1 /T3-T1-2 /T3-F3-1 /T1-T3-3 /T1-F2-1 /T5-T0-4 
/T5-F3-1 /T1-F3-1 /T0-T5-5 /T0-F2-1 /T1-F2-1 /T5-T0-6 /T5-F3-1 /T1-F3-1 /T0-T5-7 /T0-F2-1 
/T3-T1-7 /T3-F2-1 /T3-F1-1 /T5-F1-1 /T1-F1-1 /T5-T0-7 /T5-F3-1 /T5-F2-1 /D:2     /W-T2-1  
/W-T2-1  /T1-T2-8 /T1-F2-1 /D:1     /W-F0-1  /T0-F0-1 /T0-F1-1 /T2-F0-1 /T0-F0-1 /T2-F1-1 
/T0-F1-1 /T2-F0-1 /T0-F0-1 /T2-F1-1 /T0-F1-1 /T2-F0-1 /T0-F0-1 /T2-F1-1 /T0-F1-1 /T2-F0-1 
/T0-F0-1 /T2-F1-1 /T0-F1-1 /T0-F2-1 /T2-F0-1 /T2-F1-1 /D:1     /W-F0-1  /R       /D:1     
/W-F3-1  /D:1     /W-F3-1  /T1-F3-1 
"
1021426,V#wI#qNo#gheK#mMLYH#JGAOtX#uWUpjBs#CyEfQZSdzcnrRFxvaDlPbikT,117.500000,1632.000000,47.000000,0.595506,1,"
minimal: 0 / states: 125 / duration: 0.000140s
history:
/T4-T0-1 /T3-T4-1 /T3-T6-1 /T3-T1-1 /T6-T3-2 /T3-T0-3 /D:6     /W-T3-1  /D:5     /W-F2-1  
/T2-F2-1 /T2-F3-1 /W-T2-1  /T6-T2-1 /T6-T4-1 /T6-F2-1 /T1-T4-2 /T0-T1-5 /W-T0-1  /T4-T0-5 
/T5-T4-1 /T5-T0-1 /T5-F3-1 /T5-F0-1 /T2-F0-1 /T4-T3-2 /T5-T6-1 /T1-T3-6 /T4-T1-1 /T2-T3-2 
/D:6     /W-F1-1  /D:2     /W-T1-1  /D:1     /W-F3-1  /D:1     /W-F1-1  /T3-F1-1 /T3-F2-1 
/W-T3-1  /D:1     /W-T5-1  /D:2     /R       /D:1     /W-F0-1  /T3-F0-1 /D:1     /W-T4-1  
/D:1     /W-F0-1  /D:1     /W-T0-1  /D:1     /W-F3-1  /D:1     /W-T6-1  /D:1     /W-F1-1  
/T3-F1-1 /T0-F1-1 /D:1     /W-F2-1  /T3-F2-1 /T0-F2-1 /T3-F1-1 /T0-F1-1 /T6-T0-3 /T5-F1-1 
/T0-T6-4 /T0-F1-1 /T6-T0-5 /T6-F2-1 /D:1     /W-F3-1  /T0-F3-1 /D:1     /W-F0-1  /T0-F0-1 
/T3-F0-1 /D:1     /W-T1-1  /D:1     /W-F2-1  /T3-T5-1 /T3-F2-1 /T1-F2-1 /T4-F2-1 /T5-T3-2 
/D:1     /W-F1-1  /T1-F1-1 /T4-F1-1 /T0-T1-5 /T0-F2-1 /D:1     /W-F3-1  /T1-F3-1 /T1-F0-1 
/T3-F3-1 /T1-F3-1 /T3-F0-1 /T1-F0-1 /T3-F3-1 /T1-F3-1 /T3-F0-1 /T1-F0-1 /T3-F3-1 
"
1021456,d#zZ#Fty#lQBe#Cwnoq#hSJxcr#VTRAbfI#WkHUmXEGNDisvupMPaYLjgOK,117.000000,1184.000000,58.000000,0.641414,1,"
minimal: 0 / states: 128 / duration: 0.000206s
history:
/T4-T3-1 /T2-T1-1 /T0-T5-1 /T1-T0-2 /D:2     /W-T0-1  /D:2     /W-T6-1  /T2-T6-1 /T3-T2-2 
/D:5     /W-F3-1  /D:6     /W-T5-1  /D:2     /W-T2-1  /T4-T2-1 /T4-F2-1 /T2-F2-1 /T3-T2-1 
/T4-T0-1 /T5-F2-1 /T4-T3-1 /W-T4-1  /D:1     /W-F1-1  /D:1     /W-T1-1  /D:4     /W-F3-1  
/D:1     /W-T1-1  /R       /D:1     /W-T1-1  /T6-T1-3 /T5-T6-2 /T6-T1-3 /T6-F1-1 /T6-F0-1 
/T2-F0-1 /T2-F3-1 /T3-F0-1 /T3-F3-1 /T5-F1-1 /T1-F1-1 /T2-F2-1 /T1-F2-1 /T6-F3-1 /T5-T3-1 
/T2-F1-1 /T1-F1-1 /T2-T6-1 /T3-T4-2 /D:2     /W-T2-1  /D:4     /W-F0-1  /D:1     /W-T0-1  
/D:1     /W-F2-1  /T1-F2-1 /W-T1-1  /W-F0-1  /T6-F0-1 /T1-F0-1 /D:2     /W-T0-1  /T6-T0-1 
/T6-T5-1 /D:1     /W-T2-1  /D:1     /W-T4-1  /W-T4-1  /W-T2-1  /T5-T2-2 /T5-F3-1 /T0-F3-1 
/T1-F3-1 /T0-F2-1 /T2-F3-1 /T4-F2-1 /W-F0-1  /T1-F0-1 /T1-F3-1 /T2-F0-1 /T1-F0-1 /T2-F3-1 
/T1-F3-1 /T2-F0-1 /T0-T2-4 /T0-F3-1 /T4-T1-3 /T4-F0-1 /D:1     /W-F1-1  /T5-F1-1 /T2-F1-1 
/T1-F1-1 /T2-F2-1 /T1-F2-1 /T2-F1-1 /T1-F1-1 /T2-F2-1 /T1-F2-1 /T2-F1-1 
"
1021495,Y#DL#ews#QzFT#ZgmNd#EoJOhp#MvjCuHb#SBtrxIkiPqnfXlUacAGRKWyV,140.500000,1738.000000,61.000000,0.622642,1,"
minimal: 0 / states: 130 / duration: 0.000145s
history:
/T6-T5-1 /T5-T4-2 /T3-T6-1 /T2-T6-1 /D:3     /W-T5-1  /D:2     /W-T0-1  /D:2     /W-T1-1  
/T2-T1-1 /T2-T3-1 /D:1     /W-T1-1  /T6-T1-3 /D:2     /W-T3-1  /W-T3-1  /D:1     /W-F2-1  
/D:1     /W-T5-1  /D:4     /W-F1-1  /T4-F1-1 /D:1     /W-F1-1  /D:1     /W-F0-1  /D:2     
/W-T1-1  /D:2     /W-T0-1  /D:2     /R       /D:2     /W-F0-1  /D:1     /W-T5-1  /T4-T5-2 
/T4-F3-1 /T4-T2-1 /T3-T4-4 /T1-T2-8 /T4-T6-5 /T0-T3-3 /T3-T0-4 /T5-T3-1 /T5-F1-1 /T6-T2-2 
/T6-F1-1 /T3-T5-2 /D:1     /W-T0-1  /T5-T0-6 /T5-F3-1 /T2-F3-1 /D:6     /W-T4-1  /D:1     
/W-T5-1  /T6-T5-3 /T6-F0-1 /T1-F0-1 /R       /D:2     /W-T4-1  /T5-T4-5 /T5-F2-1 /T0-F2-1 
/T0-F3-1 /T2-F2-1 /T0-F2-1 /T2-F3-1 /T2-F2-1 /T5-F0-1 /T0-F1-1 /T4-F0-1 /T4-F1-1 /W-F3-1  
/T0-F2-1 /T2-F3-1 /T4-F2-1 /T0-F1-1 /T2-T4-1 /T2-F1-1 /T6-F1-1 /T6-F2-1 /T2-F2-1 /T2-F1-1 
/D:1     /W-F1-1  /D:1     /W-F3-1  /D:1     /W-F0-1  /T4-F0-1 /T0-F0-1 /T4-F3-1 /T0-F3-1 
/T0-F2-1 /T4-F0-1 /T4-F3-1 /T4-F2-1 /T0-F3-1 /T0-F2-1 /T4-F3-1 /D:1     /W-F0-1  /T2-F0-1 
/T2-F1-1 /T6-F0-1 
"
1021513,P#da#wWs#FJXf#YmhgI#CcSoVi#LtBHbZN#TGzOqKQpexMjuURlDnrkyvAE,108.000000,1598.000000,57.000000,0.593750,1,"
minimal: 0 / states: 137 / duration: 0.000165s
history:
/T1-F1-1 /T6-F3-1 /D:4     /W-F3-1  /T0-F3-1 /T6-T0-1 /T6-F1-1 /T6-T5-1 /D:3     /W-F3-1  
/D:1     /W-T1-1  /D:1     /W-T2-1  /D:5     /W-T4-1  /D:1     /W-F3-1  /D:2     /W-T2-1  
/D:1     /W-F2-1  /D:1     /W-T3-1  /T1-T3-2 /D:2     /W-T0-1  /W-T0-1  /D:2     /W-F0-1  
/T6-F0-1 /T3-T6-4 /T6-T4-5 /T3-T6-1 /T5-T3-2 /T3-T0-3 /D:1     /R       /D:1     /W-T0-1  
/T2-T0-3 /T4-T2-7 /T3-T4-1 /D:2     /W-T1-1  /D:4     /W-T3-1  /D:2     /W-T5-1  /T4-T5-2 
/D:1     /W-T1-1  /D:2     /R       /D:1     /W-T4-1  /D:2     /W-T1-1  /T2-T1-8 /T5-T2-4 
/T5-F2-1 /T1-F2-1 /T5-F3-1 /T5-F1-1 /T5-F0-1 /T0-F0-1 /T1-F1-1 /W-F2-1  /T0-F1-1 /T1-F2-1 
/T0-F2-1 /T0-F3-1 /T1-F1-1 /T1-F2-1 /T1-F3-1 /T4-T1-2 /T4-T5-1 /T2-T0-2 /T2-F2-1 /T2-F3-1 
/T2-T6-1 /T4-T3-1 /T6-T5-3 /D:1     /W-T3-1  /D:1     /W-T3-1  /T1-T3-3 /T1-F3-1 /D:1     
/W-F2-1  /T5-F2-1 /T5-F3-1 /T3-T1-4 /T3-F2-1 /T3-F3-1 /T0-T5-6 /T0-F2-1 /T0-F3-1 /T1-T3-6 
/T1-F2-1 /D:1     /W-F0-1  /T5-F0-1 /T3-F0-1 /T5-F1-1 /T3-F1-1 /T5-F0-1 /T3-F0-1 /T5-F1-1 
/T3-F1-1 /T5-F0-1 /T3-F0-1 /T5-F1-1 /T3-F1-1 /T5-F0-1 /T3-F0-1 /T5-F1-1 
"
1021622,K#TL#leU#IZRW#umMgY#sFBNod#ktVEphc#rXnOibzvHqaQJwjxyfDAPSGC,131.000000,1737.000000,44.000000,0.655172,1,"
minimal: 0 / states: 123 / duration: 0.000200s
history:
/T3-T0-1 /T0-T4-2 /D:2     /W-T1-1  /D:1     /W-F2-1  /D:4     /W-T0-1  /T4-T0-3 /D:1     
/W-T0-1  /T2-T0-1 /D:2     /W-T2-1  /T6-T2-1 /D:1     /W-F1-1  /D:2     /W-T1-1  /D:6     
/W-T3-1  /D:1     /W-F0-1  /D:1     /W-T3-1  /D:2     /W-T0-1  /W-T0-1  /D:1     /W-T5-1  
/R       /D:1     /W-T0-1  /T5-T0-2 /T5-F2-1 /T5-F3-1 /T5-F0-1 /T3-T5-3 /T1-T3-3 /T5-T1-4 
/T2-T5-3 /T5-T4-4 /T3-T5-4 /T6-T3-1 /T6-F2-1 /T0-F0-1 /D:1     /W-F3-1  /T1-F3-1 /T1-F0-1 
/T6-F0-1 /T6-T5-1 /T6-T3-1 /D:2     /W-F1-1  /T4-F1-1 /T0-F1-1 /T4-F2-1 /T4-F1-1 /T0-F2-1 
/T4-F2-1 /T3-F2-1 /D:1     /W-T5-1  /T4-T5-1 /T2-T4-1 /T4-T2-2 /D:1     /W-F3-1  /T1-F3-1 
/T0-F3-1 /T1-F0-1 /T1-F3-1 /T4-T1-1 /T0-F0-1 /T0-F3-1 /T4-F2-1 /T0-F2-1 /T3-T0-2 /D:1     
/W-F2-1  /D:2     /W-F2-1  /D:1     /W-F2-1  /D:1     /W-F1-1  /T5-F1-1 /T0-F1-1 /T5-F0-1 
/T0-F0-1 /T5-F3-1 /T0-F3-1 /T5-F0-1 /T5-F3-1 /T0-F0-1 /T0-F3-1 /T0-F2-1 /T5-F0-1 /T5-F3-1 
/R       /D:1     /W-F1-1  /D:1     /W-F1-1  /T6-F1-1 /T2-F1-1 /T1-F1-1 /T2-F0-1 
"
1021635,V#ct#Lqv#MiEh#YWPHp#ysUglO#oRkfNxz#QrCeZjbAIDawmXunJBKdGTSF,119.000000,1452.000000,48.000000,0.593023,1,"
minimal: 0 / states: 132 / duration: 0.000210s
history:
/T5-T4-1  /T5-T6-1  /T3-T2-1  /T1-T2-1  /D:1      /W-T3-1   /T4-T3-2  /T4-T0-1  /T5-T0-1  /D:7      
/W-F0-1   /D:3      /W-F1-1   /D:5      /W-F2-1   /D:2      /W-F0-1   /D:1      /W-T6-1   /D:2      
/W-T5-1   /D:2      /W-T2-1   /T3-T2-4  /D:1      /W-T0-1   /R        /D:2      /W-F0-1   /D:1      
/W-T0-1   /D:2      /W-T6-1   /T2-T6-8  /T4-T2-1  /T2-T0-2  /D:1      /W-F1-1   /T1-F1-1  /T6-T1-12 
/T4-T6-1  /T6-T4-2  /T6-F3-1  /T1-F3-1  /T6-T5-1  /T6-T2-1  /T0-F3-1  /D:1      /W-T4-1   /T5-T4-3  
/T6-T5-1  /T6-F2-1  /T1-F2-1  /T0-F2-1  /T1-F3-1  /T5-F3-1  /T1-T4-1  /T1-F3-1  /W-T6-1   /W-F2-1   
/T5-F2-1  /T1-F2-1  /T2-T6-2  /D:1      /W-F0-1   /T4-F0-1  /D:1      /W-T6-1   /T3-T6-1  /T4-T3-7  
/D:1      /W-T2-1   /T5-T2-1  /D:1      /W-T2-1   /D:1      /W-F2-1   /D:1      /W-T2-1   /T0-T2-5  
/D:1      /W-F1-1   /T2-F1-1  /T2-F0-1  /T3-F1-1  /T2-F1-1  /T3-F0-1  /T1-F1-1  /T1-F2-1  /T2-F0-1  
/T6-F1-1  /T1-F1-1  /T6-F2-1  /T6-F1-1  /T3-T1-3  /T3-F2-1  /T1-T3-4  /T1-F1-1  /T2-T6-3  /T2-F2-1  
/T1-F2-1  /T2-F1-1  /D:1      /W-F3-1   /T3-F3-1  /T3-F0-1  /T6-F3-1  /T3-F3-1  /T6-F0-1  /T3-F0-1  
/T6-F3-1  /T3-F3-1  /T6-F0-1  /T3-F0-1  /T6-F3-1  
"
1021649,N#wo#FOV#qCUi#GKyIZ#lhufnL#QMexYRT#pAzPsrcdgWEjbSmtkBvDXaJH,136.500000,1926.000000,55.000000,0.533333,1,"
minimal: 0 / states: 122 / duration: 0.000154s
history:
/T0-F3-1 /T5-T4-1 /T5-F2-1 /T1-F2-1 /T4-T0-2 /T3-T1-1 /T3-T4-1 /D:1     /W-F2-1  /D:1     
/W-F0-1  /D:3     /W-T6-1  /D:1     /W-T5-1  /D:2     /W-T5-1  /T3-T5-1 /T3-F2-1 /D:5     
/W-T5-1  /D:2     /W-T3-1  /D:1     /W-T4-1  /T5-T4-5 /T6-T5-2 /T6-T5-1 /T5-T1-4 /D:1     
/W-T0-1  /T1-T0-6 /D:1     /W-F0-1  /D:2     /W-T0-1  /D:2     /W-F1-1  /T4-F1-1 /T4-F0-1 
/T0-F0-1 /D:2     /W-T2-1  /R       /D:1     /W-T1-1  /T6-T1-1 /T6-T1-1 /D:2     /W-F1-1  
/T4-F1-1 /T6-F1-1 /T4-F2-1 /T4-F1-1 /D:1     /W-F1-1  /T5-F1-1 /T5-T6-1 /T6-T5-2 /D:1     
/W-T1-1  /T4-T1-3 /T4-T3-1 /T4-T5-1 /D:1     /W-F0-1  /D:1     /W-T5-1  /D:1     /W-T1-1  
/D:1     /W-T5-1  /D:1     /W-T3-1  /D:1     /W-T3-1  /T2-T3-2 /T2-F3-1 /W-F3-1  /T6-F3-1 
/T0-F3-1 /T0-F2-1 /T1-F3-1 /T1-F2-1 /T2-F0-1 /T0-F3-1 /T0-F2-1 /T4-F0-1 /T1-F3-1 /T3-F0-1 
/T0-F1-1 /T1-F0-1 /T3-F3-1 /T3-F0-1 /T5-F2-1 /T0-F2-1 /T1-F3-1 /T3-F3-1 /T5-F1-1 /T0-F1-1 
/T1-F2-1 /T3-F2-1 /T5-F0-1 /T0-F0-1 /T1-F3-1 /T0-F3-1 /T5-F1-1 /T1-F2-1 /T3-F1-1 /T5-F0-1 
"
1021738,i#qQ#lgo#tUFa#XOzBH#xJVrbc#mvCPYjR#KAGISTkZsnNDwhWEuefdpyML,146.500000,2081.000000,43.000000,0.693878,1,"
minimal: 0 / states: 112 / duration: 0.000134s
history:
/T3-F1-1 /T6-T3-1 /T4-T0-1 /T4-T5-1 /D:2     /W-F0-1  /T5-F0-1 /T2-T5-1 /T3-T2-2 /T2-T0-3 
/T2-T4-1 /T4-T2-2 /W-T2-1  /T6-T2-1 /D:1     /W-T3-1  /D:1     /W-T2-1  /T3-T2-2 /D:1     
/W-T2-1  /D:5     /W-F2-1  /T5-F2-1 /D:1     /W-F3-1  /T4-F3-1 /D:1     /W-T0-1  /T5-T0-1 
/T5-F1-1 /T0-F1-1 /T5-T2-1 /T1-T2-1 /D:1     /W-T4-1  /T5-T4-1 /T0-T5-6 /D:4     /W-T4-1  
/D:2     /W-T3-1  /D:1     /W-F1-1  /W-F1-1  /T3-F1-1 /D:1     /W-F2-1  /T1-F2-1 /D:2     
/W-T0-1  /T6-T0-1 /T6-F3-1 /T6-F0-1 /T2-F3-1 /T2-F2-1 /T5-F0-1 /T5-F3-1 /T2-F3-1 /D:1     
/R       /D:1     /W-F3-1  /D:2     /W-T1-1  /D:1     /W-F2-1  /T3-F2-1 /T4-F2-1 /T6-F2-1 
/D:3     /W-F0-1  /T5-F0-1 /T2-F0-1 /T2-F3-1 /T5-F1-1 /T5-F0-1 /T4-F3-1 /T2-F0-1 /W-F3-1  
/W-F1-1  /T5-F1-1 /T2-F1-1 /T4-F2-1 /T5-F0-1 /T2-F0-1 /T4-F3-1 /T5-F2-1 /T0-F3-1 /W-F1-1  
/T2-F1-1 /T1-F3-1 /T6-F1-1 /D:1     /W-F2-1  /T2-F2-1 /D:1     /W-F0-1  /T0-F0-1 
"
1021760,g#Vh#DaK#GNAd#EejlR#PuScvs#YwMJryp#ZCtIzFqTHnXfoUkWOxLQbmBi,161.500000,2749.000000,45.000000,0.601010,1,"
minimal: 0 / states: 121 / duration: 0.000141s
history:
/T6-T3-1 /T5-T0-1 /T4-T0-1 /T2-T4-1 /T2-F1-1 /T1-T5-1 /T2-T0-1 /D:1     /W-T2-1  /T6-T2-1 
/T3-T6-2 /T3-F0-1 /T3-F3-1 /T3-T5-1 /D:4     /W-T3-1  /T4-T3-2 /T5-T4-3 /T5-T0-1 /T6-T5-3 
/T4-T3-4 /T5-T3-4 /T5-T1-1 /T0-T1-5 /T1-T6-7 /D:2     /W-T4-1  /T5-T4-1 /D:3     /W-F2-1  
/D:1     /W-T2-1  /T6-T2-8 /T6-T0-1 /D:2     /W-F2-1  /T3-F2-1 /D:4     /W-F3-1  /T4-F3-1 
/T4-F2-1 /D:3     /W-F3-1  /T2-T4-2 /T2-F3-1 /T4-T2-3 /T3-T4-1 /T3-F2-1 /T3-F3-1 /D:1     
/W-F1-1  /T2-F1-1 /T4-F1-1 /D:1     /W-T1-1  /W-T1-1  /D:1     /W-F0-1  /D:1     /W-T6-1  
/R       /D:1     /W-F0-1  /T2-F0-1 /T2-F1-1 /T2-F2-1 /T4-F0-1 /D:1     /W-F2-1  /D:2     
/W-F0-1  /T3-F0-1 /D:1     /W-F3-1  /D:1     /W-F0-1  /W-F0-1  /D:1     /W-F1-1  /T2-F1-1 
/T2-F2-1 /T3-F1-1 /T6-F1-1 /T3-F2-1 /T3-F1-1 /T6-F2-1 /T6-T0-1 /D:1     /W-F3-1  /T2-F3-1 
/T2-F0-1 /T3-F0-1 /T1-F0-1 /D:1     /W-F1-1  /T3-F1-1 /T1-F1-1 /T0-T3-1 /T0-F0-1 /D:1     
/W-F3-1  /T2-F3-1 /T3-F3-1 /D:1     /W-F2-1  /T2-F2-1 /T2-F3-1 /T3-F2-1 
"
1021770,n#cm#XAU#wDlg#tOiyf#CxkBWp#YRqGNVd#oPQSEuzhJMZjHKaIsebrvTLF,106.500000,1789.000000,52.000000,0.566265,1,"
minimal: 0 / states: 136 / duration: 0.000166s
history:
/T0-F2-1 /T5-T6-1 /T1-T0-1 /D:1     /W-F2-1  /T6-F2-1 /D:4     /W-T4-1  /T6-T4-1 /D:1     
/W-T6-1  /T3-T6-1 /D:8     /W-T3-1  /T5-T3-1 /T5-T1-1 /D:1     /W-F1-1  /D:1     /W-T3-1  
/T2-T3-1 /T2-F0-1 /T1-F0-1 /D:1     /W-T6-1  /D:1     /W-T6-1  /D:1     /W-F1-1  /T1-F1-1 
/T4-F1-1 /T6-F1-1 /D:4     /W-T0-1  /T5-T0-1 /D:1     /R       /D:2     /W-T4-1  /D:2     
/W-T1-1  /T3-T1-5 /F1-T6-1 /T3-T6-1 /T6-T3-6 /T6-F3-1 /T4-T6-3 /T6-T1-4 /T6-F2-1 /T3-T6-1 
/T3-F1-1 /T6-T3-2 /T5-T6-1 /T5-F0-1 /T3-F0-1 /T2-T4-1 /T3-T0-6 /D:2     /W-T4-1  /D:1     
/W-T2-1  /T6-T2-2 /D:1     /W-T3-1  /T4-T3-3 /T4-T3-1 /T4-F3-1 /D:1     /W-T2-1  /D:1     
/W-T3-1  /D:1     /W-F2-1  /D:1     /W-T2-1  /W-T2-1  /W-T4-1  /W-F3-1  /T1-F3-1 /T0-F3-1 
/T0-F2-1 /T1-F0-1 /T1-F1-1 /T4-F3-1 /T4-F2-1 /T0-F1-1 /T0-F2-1 /T2-F1-1 /T2-F2-1 /T3-T0-1 
/T3-F1-1 /T2-F1-1 /T0-T3-2 /T0-F2-1 /T0-F1-1 /T2-F2-1 /T1-T2-5 /T1-F1-1 /T3-T0-4 /T3-F2-1 
/T1-F2-1 /T0-T3-5 /T0-F1-1 /D:1     /W-F3-1  /D:1     /W-F0-1  /T2-F0-1 /T2-F3-1 /T3-F0-1 
/T2-F0-1 /T3-F3-1 /T2-F3-1 /T3-F0-1 /T2-F0-1 /T3-F3-1 /T2-F3-1 /T3-F0-1 /T2-F0-1 /T3-F3-1 
"
1021860,o#DR#vhK#tEPB#gVcJm#ujwHnN#dSWbrYF#XGMaqexyfOkpilzLQUAZTsIC,140.000000,1135.000000,49.000000,0.603093,1,"
minimal: 0 / states: 121 / duration: 0.000206s
history:
/T5-F3-1 /T5-F2-1 /T0-F2-1 /T4-T0-1 /T1-T6-1 /T1-T6-1 /D:3     /W-T1-1  /D:1     /W-F1-1  
/D:4     /W-T0-1  /D:2     /W-F3-1  /D:1     /W-T0-1  /T4-T0-1 /T3-T4-1 /T3-F3-1 /T4-T6-2 
/T5-T4-1 /T4-T0-2 /T6-T4-5 /T6-T1-1 /T2-T1-1 /T4-T0-6 /D:1     /W-F2-1  /D:1     /W-T5-1  
/D:2     /W-T4-1  /W-T4-1  /D:2     /W-F3-1  /D:2     /W-F0-1  /T0-F0-1 /D:5     /W-F0-1  
/R       /D:2     /W-T2-1  /D:1     /W-F2-1  /T6-F2-1 /T6-F1-1 /T0-F1-1 /T0-F0-1 /T0-F3-1 
/T3-F0-1 /T6-T1-1 /T6-F3-1 /T6-F1-1 /T0-F0-1 /T2-F0-1 /T3-T2-1 /D:1     /W-F1-1  /D:1     
/W-T4-1  /D:1     /W-F1-1  /T0-F1-1 /T0-F0-1 /D:3     /W-T3-1  /D:1     /W-F3-1  /W-F3-1  
/T0-F3-1 /T1-F3-1 /W-T3-1  /W-T3-1  /T5-T3-2 /T5-T1-1 /T5-T3-1 /D:1     /W-F2-1  /T2-F2-1 
/T2-F1-1 /T3-F2-1 /T2-F2-1 /T3-F1-1 /T3-F2-1 /T1-F1-1 /T4-F2-1 /T3-F3-1 /T0-T3-2 /T0-F2-1 
/T1-T4-1 /T1-F3-1 /T3-T0-3 /T3-F3-1 /T4-T1-2 /T4-F2-1 /D:1     /W-F0-1  /T0-F0-1 /T0-F1-1 
/T1-F0-1 /T0-F0-1 /T1-F1-1 /T0-F1-1 /T1-F0-1 
"
1021897,x#kF#Puj#shTN#JMeXw#KbaSyB#QGtVLdi#IRnDfYvorEWAqgZcHOCzplUm,110.500000,2776.000000,49.000000,0.600000,1,"
minimal: 0 / states: 128 / duration: 0.000238s
history:
/T3-F3-1 /T6-T4-1 /T2-T0-1 /T3-T2-1 /T1-T2-1 /T4-T1-2 /T2-T1-3 /T5-T2-1 /T4-T5-1 /T4-T1-1 
/D:1     /W-T0-1  /T3-T0-1 /D:1     /W-T3-1  /D:1     /W-F2-1  /D:1     /W-T1-1  /T2-T1-2 
/T4-T2-1 /T4-T5-1 /D:2     /W-T2-1  /T0-T2-4 /D:2     /W-F2-1  /D:4     /W-F0-1  /T1-F0-1 
/D:1     /W-T3-1  /D:2     /W-T0-1  /T5-T0-3 /D:1     /W-T3-1  /D:2     /W-F3-1  /T1-F3-1 
/D:1     /W-F0-1  /T1-F0-1 /D:1     /W-T4-1  /D:1     /W-F2-1  /D:1     /W-T4-1  /D:2     
/R       /D:3     /W-T5-1  /T6-T5-1 /T1-T6-7 /D:1     /W-F0-1  /D:5     /W-T1-1  /T6-T1-8 
/T6-T0-1 /T5-T6-3 /T5-F1-1 /T5-F1-1 /T3-F1-1 /T3-F2-1 /T6-F1-1 /T1-F1-1 /T6-T2-3 /T1-F0-1 
/T6-F0-1 /T6-F3-1 /T2-F2-1 /T3-F3-1 /T2-F3-1 /T3-F2-1 /T1-F3-1 /T2-F2-1 /W-F3-1  /T0-F3-1 
/T1-F2-1 /W-F0-1  /T5-T4-1 /R       /D:1     /W-F1-1  /D:1     /W-F2-1  /T1-T0-1 /T1-F2-1 
/T2-T4-3 /T2-F2-1 /D:1     /W-F3-1  /T0-T1-2 /T0-F3-1 /T0-F2-1 /T2-F3-1 /T0-F3-1 /T4-T2-5 
/T4-F2-1 /D:1     /W-F1-1  /T2-F1-1 /T1-F1-1 /T2-F0-1 /T1-F0-1 /T2-F1-1 /T1-F1-1 /T2-F0-1 
/T1-F0-1 /T2-F1-1 /T1-F1-1 /T2-F0-1 
"
1021902,T#cs#eEm#pVHn#RrJAI#tuOxfW#vFwZzXh#YSjCUNPgyMaBkiGDqlKbodQL,113.500000,975.000000,42.000000,0.586667,1,"
minimal: 0 / states: 124 / duration: 0.000147s
history:
/T3-F2-1 /T6-T4-1 /T4-T5-2 /T4-F0-1 /T4-T6-1 /T1-T0-1 /T0-T3-2 /T2-T0-1 /D:6     /W-F3-1  
/D:3     /W-T0-1  /T6-T0-2 /D:2     /W-F1-1  /D:1     /W-F0-1  /D:2     /W-T0-1  /T3-T0-3 
/D:1     /W-T5-1  /D:3     /W-T6-1  /D:1     /W-T6-1  /T5-T6-4 /T5-T6-1 /T2-T6-1 /T2-T0-1 
/T6-T2-9 /W-T0-1  /T1-T0-1 /T6-T1-1 /T3-T6-1 /D:1     /W-F1-1  /T0-F1-1 /D:1     /W-F2-1  
/T3-F2-1 /T0-F2-1 /T4-F2-1 /W-T0-1  /D:1     /W-F1-1  /T0-T4-1 /T0-F1-1 /T0-F2-1 /D:1     
/W-T2-1  /D:1     /W-T1-1  /W-T1-1  /T6-T1-2 /T6-T0-1 /W-T3-1  /T4-T0-2 /R       /D:1     
/W-T3-1  /T5-T3-1 /T5-F3-1 /T5-T1-1 /T5-F2-1 /T1-F2-1 /T6-F2-1 /D:2     /W-T3-1  /D:1     
/W-F0-1  /T0-F0-1 /D:2     /W-F3-1  /T2-F3-1 /T0-F3-1 /T2-F0-1 /T0-F0-1 /T2-F1-1 /T2-F0-1 
/D:1     /W-F1-1  /T2-F1-1 /T0-T1-2 /T0-F1-1 /T3-F1-1 /T1-T0-3 /T1-F2-1 /T1-F1-1 /T3-F2-1 
/T0-T1-5 /T0-F2-1 /T2-T3-3 /T2-F1-1 /T0-F1-1 /T2-F2-1 /W-T3-1  /W-F3-1  /T1-F3-1 /T1-F0-1 
/T3-F3-1 /T1-F3-1 /T3-F0-1 /T1-F0-1 /T3-F3-1 /T1-F3-1 /T3-F0-1 /T1-F0-1 /T3-F3-1 /T1-F3-1 
/T3-F0-1 
"
1021910,F#Yl#Pde#oUCT#EbQvy#ZjqRtH#JhIukMV#iABXGzgxSsKcmLDarOwfNWnp,102.000000,1397.000000,57.000000,0.678218,1,"
minimal: 0 / states: 129 / duration: 0.000208s
history:
/T5-T6-1 /T3-T6-1 /T2-T0-1 /T3-T2-1 /T5-T3-1 /T0-T6-2 /D:2     /W-F0-1  /D:1     /W-F0-1  
/T2-F0-1 /D:1     /W-T4-1  /D:2     /W-T0-1  /T1-T0-1 /D:2     /W-T0-1  /D:1     /W-T3-1  
/D:2     /W-T1-1  /D:4     /W-F0-1  /D:1     /W-F1-1  /D:1     /W-T3-1  /T2-T3-1 /D:2     
/W-T4-1  /T6-T4-5 /T1-T6-2 /T6-T1-3 /D:2     /W-F3-1  /D:1     /W-T0-1  /D:1     /W-F2-1  
/D:1     /W-T3-1  /R       /D:8     /W-F3-1  /T2-F3-1 /D:1     /R       /D:6     /W-T2-1  
/T4-T2-8 /T4-T0-1 /T4-F3-1 /T4-F1-1 /T5-F3-1 /T5-T2-1 /T3-T0-6 /T3-F2-1 /T0-F2-1 /W-F1-1  
/T0-F1-1 /T2-F2-1 /T0-F2-1 /T2-F1-1 /T4-F0-1 /T0-F3-1 /T2-F0-1 /W-F2-1  /T2-F3-1 /T5-T1-1 
/T0-F2-1 /T0-F3-1 /W-T2-1  /W-F0-1  /D:1     /W-T5-1  /T6-T5-1 /T6-F2-1 /T6-T1-1 /T6-T0-1 
/T0-T1-1 /T0-F2-1 /T2-T6-3 /T2-F2-1 /T6-T2-4 /D:1     /W-F1-1  /T2-F1-1 /T1-F1-1 /T2-F0-1 
/T1-F0-1 /T2-F3-1 /T0-F3-1 /W-F1-1  /T1-F1-1 /T0-F2-1 /T2-F0-1 /T1-F0-1 /T2-F3-1 /T1-F3-1 
/T5-F1-1 /T0-F1-1 /T2-F2-1 /T0-F2-1 /T5-F0-1 /T1-F0-1 /T2-F1-1 /T5-F3-1 
"
1030011,d#CN#TRY#rhWo#JwajG#kMfsQV#BKycZvO#EgxLXbHlFSizInUumqPDtpeA,133.500000,1684.000000,51.000000,0.548193,1,"
minimal: 0 / states: 128 / duration: 0.000152s
history:
/T1-F3-1 /T6-F3-1 /T1-T0-1 /D:3     /W-T2-1  /D:3     /W-T0-1  /D:1     /W-T5-1  /D:3     
/W-T4-1  /D:2     /W-T1-1  /T2-T1-2 /D:2     /W-F2-1  /T3-F2-1 /T6-T3-1 /T3-T1-2 /T4-T3-2 
/T3-T1-3 /T0-T3-3 /T6-T0-1 /W-T4-1  /T3-T1-4 /D:1     /W-T4-1  /D:2     /W-T3-1  /D:1     
/W-T2-1  /T6-T2-1 /T6-T0-1 /T4-T6-3 /T4-F1-1 /T1-F1-1 /T5-T4-2 /T2-F1-1 /T1-T5-1 /T1-F1-1 
/T5-T1-2 /T2-T5-2 /T5-T2-3 /T2-T4-4 /D:1     /W-F3-1  /D:2     /W-T6-1  /T5-T6-1 /T5-T2-1 
/T4-T5-7 /T5-T0-8 /D:1     /W-F2-1  /T0-F2-1 /W-T0-1  /D:1     /W-F1-1  /T6-F1-1 /D:1     
/W-F0-1  /R       /D:2     /W-F1-1  /D:1     /W-T3-1  /D:1     /W-T3-1  /T4-T3-1 /D:1     
/W-T2-1  /T6-T2-5 /T6-F0-1 /T1-F0-1 /T0-F0-1 /T1-F3-1 /T0-F3-1 /T1-F2-1 /T0-F2-1 /W-F0-1  
/T1-F3-1 /T2-F2-1 /T0-F3-1 /T2-F3-1 /D:1     /W-F0-1  /T1-F0-1 /T0-F0-1 /T1-F1-1 /T2-F0-1 
/T0-F3-1 /T3-F0-1 /T1-T2-1 /T1-F3-1 /T3-F3-1 /T2-T1-2 /T2-F0-1 /T3-F0-1 /T1-T2-3 /T1-F3-1 
/T0-T3-3 /T0-F3-1 /T2-T1-4 /T2-F0-1 /D:1     /W-F1-1  /D:1     /W-F2-1  /T1-F2-1 /T1-F1-1 
/T3-F2-1 /T1-F2-1 /T3-F1-1 /T1-F1-1 /T3-F2-1 /T1-F2-1 /T3-F1-1 
"
1030152,e#Lj#BtT#uZnN#Vhdxm#HPaObp#lAcsFiy#GCwYkqIfDJERrgzSUKoQMvXW,127.500000,1935.000000,53.000000,0.590909,1,"
minimal: 0 / states: 126 / duration: 0.000168s
history:
/T3-F3-1 /T3-F2-1 /T6-T3-1 /D:5     /W-T3-1  /D:1     /W-T0-1  /D:1     /W-T1-1  /D:3     
/W-T3-1  /T6-T3-1 /T6-T2-1 /T0-T2-2 /T4-T0-1 /T1-T4-2 /T1-T0-1 /T3-T1-5 /T2-T3-4 /T3-T1-5 
/D:2     /W-T6-1  /D:3     /W-T3-1  /D:1     /W-T2-1  /D:1     /W-T4-1  /T2-T4-2 /D:2     
/W-F2-1  /T5-F2-1 /T1-F2-1 /D:4     /W-T0-1  /D:1     /R       /D:3     /W-T0-1  /D:1     
/W-T3-1  /T4-T3-6 /W-T4-1  /T5-T4-1 /T5-F3-1 /T5-F1-1 /T4-F1-1 /T5-F3-1 /D:2     /W-T1-1  
/D:1     /W-T3-1  /T4-T3-2 /D:1     /W-F2-1  /D:1     /W-T5-1  /T6-T5-2 /T6-F1-1 /T6-F0-1 
/T2-F0-1 /T3-F0-1 /T1-F0-1 /T3-F1-1 /T1-F1-1 /T3-F0-1 /W-F1-1  /T1-F0-1 /W-F0-1  /T5-T1-2 
/T5-F1-1 /T4-F1-1 /T5-F0-1 /T1-T4-4 /T1-F1-1 /T4-T0-5 /D:1     /W-T6-1  /D:1     /W-F3-1  
/T0-F3-1 /T0-F2-1 /T3-F3-1 /T0-F3-1 /T3-F2-1 /T0-F2-1 /T3-F3-1 /T0-F3-1 /T3-F0-1 /T1-F0-1 
/T3-F1-1 /T1-F1-1 /T6-F0-1 /T6-F1-1 /T0-T1-2 /T0-F0-1 /T0-F1-1 /D:1     /W-F0-1  /D:1     
/W-F2-1  /T1-F2-1 /T3-F2-1 /D:1     /W-F3-1  /T1-F3-1 /T1-F2-1 /T3-F3-1 /T1-F3-1 /T3-F2-1 
"
1030156,N#em#JzO#MVQt#LApHW#cKoTgh#DUsPwfl#YIauSZdEGCXRrxBFyqkijbnv,130.000000,1246.000000,56.000000,0.544444,1,"
minimal: 0 / states: 128 / duration: 0.000157s
history:
/T0-F3-1  /T2-F3-1  /T6-T2-1  /T6-T3-1  /T3-T5-2  /T1-T0-1  /D:2      /W-T4-1   /T5-T4-3  /D:1      
/W-F1-1   /D:5      /W-T4-1   /T3-T4-1  /T3-T6-1  /D:2      /W-T4-1   /D:4      /W-T2-1   /T4-T2-8  
/T5-T4-1  /T4-T6-2  /D:2      /W-T5-1   /T1-T5-1  /T2-T1-11 /D:1      /W-T0-1   /D:1      /W-T5-1   
/D:1      /W-T0-1   /T6-T0-4  /T6-F3-1  /T6-T0-1  /D:1      /W-T2-1   /D:2      /W-F1-1   /D:1      
/W-F2-1   /D:1      /R        /D:1      /W-T3-1   /D:1      /W-T2-1   /T5-T2-4  /T5-F2-1  /T4-F2-1  
/T4-F0-1  /T5-T3-1  /T2-F2-1  /T5-F1-1  /D:2      /W-T5-1   /T4-T5-1  /D:1      /W-F1-1   /T2-F1-1  
/D:1      /W-T6-1   /W-T6-1   /T1-T6-3  /T1-F1-1  /D:1      /W-T5-1   /T2-T5-5  /D:1      /W-T0-1   
/D:1      /W-F2-1   /T0-T5-1  /T0-F2-1  /T0-F1-1  /T1-F2-1  /T1-F1-1  /T6-T1-6  /T5-T0-3  /T5-F2-1  
/T5-F1-1  /T6-T0-1  /D:1      /W-F0-1   /T1-F0-1  /T0-F0-1  /T1-F3-1  /T0-F3-1  /T1-F0-1  /T0-F0-1  
/T1-F3-1  /T0-F3-1  /T1-F0-1  /T0-F0-1  /T1-F3-1  /T0-F3-1  /T1-F0-1  /T5-F0-1  /T1-F3-1  /T3-F0-1  
/T5-F3-1  /T3-F3-1  /T5-F0-1  /T3-F0-1  /T5-F3-1  /D:1      /W-F1-1   /D:1      /W-F2-1   /T0-F2-1  
/T0-F1-1  /T1-F2-1  /T0-F2-1  /T1-F1-1  /T0-F1-1  /T1-F2-1  
"
1030170,r#tV#HDB#WKkJ#owEeL#gyzucj#UlFOTYX#bImxMfiPApCQhsnNvdqSRGaZ,136.500000,3160.000000,48.000000,0.562500,1,"
minimal: 0 / states: 132 / duration: 0.000154s
history:
/T6-T4-1  /T3-T4-1  /T1-T4-1  /D:2      /W-T5-1   /D:2      /W-T6-1   /T5-T6-2  /T2-T5-1  /T5-T2-2  
/T5-T4-1  /T6-T5-4  /T6-T4-1  /D:2      /W-T1-1   /T0-T1-1  /T5-T0-5  /T3-T5-1  /D:3      /W-F0-1   
/T2-F0-1  /D:2      /W-F0-1   /D:1      /W-T1-1   /W-T1-1   /T6-T1-1  /T6-T4-1  /T3-T6-1  /T3-T6-1  
/D:1      /W-T0-1   /T1-T0-6  /D:2      /W-F2-1   /D:1      /W-F3-1   /T0-F3-1  /D:1      /W-T6-1   
/D:4      /W-T4-1   /T2-T4-2  /D:2      /W-F1-1   /D:1      /W-T1-1   /T4-T1-10 /R        /D:1      
/W-F1-1   /T1-F1-1  /T1-F0-1  /D:1      /W-T3-1   /T5-T3-2  /T5-T2-1  /D:1      /W-T5-1   /T6-T5-4  
/T6-T5-1  /D:2      /W-F3-1   /D:1      /W-T2-1   /T4-T2-1  /T4-F0-1  /T4-T3-1  /T4-F2-1  /T0-F2-1  
/T0-F3-1  /T1-F3-1  /T1-F0-1  /W-T3-1   /T2-T3-4  /D:1      /W-F1-1   /T3-F1-1  /D:1      /W-F2-1   
/T0-F2-1  /T0-F1-1  /T3-F2-1  /T3-F1-1  /T0-F2-1  /T0-F1-1  /T1-T3-1  /T1-F2-1  /T3-T1-2  /T3-F1-1  
/T5-T0-1  /T5-F2-1  /T3-F2-1  /T0-T5-2  /T0-F1-1  /T0-F2-1  /T3-F1-1  /T3-F2-1  /T5-T0-4  /T5-F1-1  
/T3-F1-1  /T0-T5-5  /T0-F2-1  /D:1      /W-F3-1   /T1-F3-1  /T5-F3-1  /D:1      /W-F0-1   /T1-F0-1  
/T1-F3-1  /T5-F0-1  /T1-F0-1  /T5-F3-1  /T1-F3-1  /T5-F0-1  /T1-F0-1  /T5-F3-1  /T1-F3-1  /T5-F0-1  
"
1030187,J#TG#AEN#miCp#hFsYg#UQcbDa#XdHjexk#KPuvORnwBLqyVWZlMrzotSfI,139.000000,891.000000,34.000000,0.777027,0,"
minimal: 0 / states: 17956 / duration: 0.072336s
history:
/T2-F3-1 /T5-F1-1 /D:2     /W-T5-1  /D:3     /W-F3-1  /D:2     /W-F2-1  /T0-T6-1 /D:2     
/W-T5-1  /D:4     /W-T6-1  /D:4     /W-T0-1  /D:3     /W-F2-1  /T3-F2-1 /D:2     /W-T1-1  
/T2-T1-1 /T2-F0-1 /T5-F0-1 /T3-F0-1 /T5-F3-1 /T5-F0-1 /T5-F1-1 /T5-F1-1 /T1-F0-1 /T5-F3-1 
/D:2     /R       /D:2     /W-T3-1  /D:2     /W-F3-1  /T1-F3-1 /T4-T3-1 /T4-T0-1 /T4-T3-1 
/T4-F0-1 /T1-F0-1 /T1-F3-1 /T5-F3-1 /T6-F3-1 /T3-T6-4 /D:2     /W-T3-1  /T6-T3-6 /D:1     
/W-F2-1  /T6-T0-1 /T6-T3-1 /T6-T0-1 /T6-F0-1 /T6-F1-1 /T3-F1-1 /D:2     /W-F3-1  /T6-F3-1 
/D:3     /W-F2-1  /T3-F2-1 /D:1     /W-T1-1  /D:1     /W-F2-1  /D:1     /W-F1-1  /T3-F1-1 
/T3-F2-1 /T4-F1-1 /T3-F1-1 /T0-F1-1 /D:1     /W-F0-1  /T3-F0-1 /T3-F1-1 /R       /D:1     
/W-F0-1  /T3-F0-1 /D:1     /W-F2-1  /D:1     /W-F2-1  /T0-F2-1 /T0-F3-1 /T0-F0-1 /D:1     
/W-F2-1  /T1-F2-1 /D:1     /W-F3-1  /D:1     /W-F1-1  /T3-F1-1 
"
1030191,k#Sq#CBP#iQAM#xNpZb#fUYHtX#KjEocRm#JFTIuhWDzOLlnGvysedaVrwg,165.000000,2362.000000,72.000000,0.486726,1,"
minimal: 0 / states: 142 / duration: 0.000118s
history:
/T2-T1-1 /T2-T1-1 /T4-T2-1 /D:1     /W-T0-1  /D:10    /W-T4-1  /T5-T4-1 /D:1     /W-T3-1  
/D:1     /W-F2-1  /D:3     /W-T6-1  /T0-T6-2 /T6-T0-4 /T1-T6-3 /T1-T5-1 /T3-T1-2 /T3-F0-1 
/T6-F0-1 /T2-T3-2 /T4-T2-3 /T3-T4-1 /T3-F0-1 /T4-T3-2 /T4-F3-1 /T4-T1-1 /D:4     /W-F1-1  
/T3-F1-1 /D:1     /W-T0-1  /D:1     /W-T5-1  /T3-T5-2 /D:1     /W-T2-1  /T3-T2-1 /D:1     
/R       /D:4     /W-T0-1  /D:2     /W-T1-1  /D:1     /W-F0-1  /D:1     /W-T3-1  /D:1     
/W-F3-1  /T6-F3-1 /D:2     /W-T1-1  /D:4     /W-T0-1  /R       /D:1     /W-T0-1  /T6-T0-2 
/T6-F1-1 /T6-F2-1 /T5-F2-1 /T0-F2-1 /T5-F3-1 /T0-F3-1 /T6-F0-1 /T0-F0-1 /T5-F2-1 /T5-F3-1 
/D:1     /W-F3-1  /D:1     /W-T6-1  /D:1     /W-T1-1  /T5-T1-1 /T5-T2-1 /T5-T3-1 /T5-F3-1 
/T5-T1-1 /D:1     /W-F0-1  /T2-F0-1 /T6-F0-1 /T0-T2-2 /T0-F3-1 /T0-F0-1 /T1-T6-4 /T1-F3-1 
/T6-T1-5 /T6-F0-1 /T2-T0-4 /T2-F3-1 /T2-F0-1 /T3-F3-1 /T2-F3-1 /T1-T3-7 /T1-F0-1 /D:1     
/W-F2-1  /D:2     /W-F1-1  /W-F1-1  /T3-F1-1 /T0-F1-1 /T3-F2-1 /T0-F2-1 /T3-F1-1 /T0-F1-1 
/T3-F2-1 /T0-F2-1 /T3-F1-1 /T0-F1-1 /T3-F2-1 /T0-F2-1 /T3-F1-1 /T0-F1-1 /T3-F2-1 
"
1030195,I#Xc#soG#Ytrm#SDuhb#egkOwf#jWUPzpN#lQRdFKAnvqEMTHiJCxyVBLaZ,132.000000,2131.000000,42.000000,0.632530,1,"
minimal: 0 / states: 121 / duration: 0.000114s
history:
/T6-F3-1 /T5-T2-1 /T4-T6-1 /T4-T0-1 /T2-T0-2 /T2-T1-1 /D:3     /W-T2-1  /D:4     /W-F0-1  
/D:1     /W-F2-1  /T1-F2-1 /D:2     /W-T2-1  /T1-T2-1 /T5-T1-1 /T5-F3-1 /D:1     /W-T0-1  
/D:2     /W-T4-1  /T2-T4-4 /T3-T2-1 /D:2     /W-T1-1  /T4-T1-6 /D:1     /W-T5-1  /D:3     
/W-T2-1  /T5-T2-2 /D:1     /W-T2-1  /D:1     /W-F0-1  /D:2     /W-F1-1  /T6-F1-1 /T1-F1-1 
/T6-F2-1 /T1-F2-1 /T3-F2-1 /T4-T1-1 /T4-T3-1 /T6-T4-1 /T6-F3-1 /T3-T6-2 /T3-T4-1 /D:1     
/W-T3-1  /W-T3-1  /W-T4-1  /W-F0-1  /T1-F0-1 /W-T2-1  /T5-T2-1 /T0-F0-1 /T1-T3-7 /W-T1-1  
/R       /D:1     /W-T1-1  /D:1     /W-F3-1  /T3-F3-1 /T6-F3-1 /T3-F2-1 /T3-F3-1 /T6-F2-1 
/T6-F3-1 /T6-T4-1 /T3-F2-1 /T2-T3-2 /T2-F3-1 /T4-F3-1 /T0-T6-4 /T6-T4-5 /D:1     /W-F1-1  
/T5-F1-1 /T4-F1-1 /T3-F1-1 /D:1     /W-F0-1  /T4-F0-1 /T3-F0-1 /T4-F1-1 /T3-F1-1 /T4-F0-1 
/T2-F0-1 /T4-F1-1 /T2-F1-1 /T1-F1-1 /D:1     /W-F0-1  /T3-T2-2 /T3-F0-1 /T1-F0-1 /T2-T3-3 
/T2-F1-1 /D:1     /W-F2-1  /T3-F2-1 /T3-F3-1 /T4-F2-1 /T3-F2-1 /T4-F3-1 /T3-F3-1 /T4-F2-1 
"
1030226,N#lH#RFi#UDkj#YAbCT#fwImEo#rPpaGvs#WMgzhLxQJKXeVcnSuZtdyBOq,154.000000,1584.000000,52.000000,0.577320,1,"
minimal: 0 / states: 123 / duration: 0.000156s
history:
/T0-F3-1 /T6-T4-1 /T6-T3-1 /T4-T1-2 /T1-T2-3 /D:2     /W-T0-1  /T1-T0-1 /D:2     /W-T1-1  
/D:1     /W-T3-1  /T6-T3-1 /T6-F1-1 /D:2     /W-T0-1  /T3-T0-4 /D:2     /W-T3-1  /T2-T3-4 
/D:3     /W-T2-1  /D:3     /W-F2-1  /T5-F2-1 /T6-F2-1 /D:1     /W-T0-1  /T5-T0-1 /D:4     
/W-T0-1  /T4-T0-1 /T4-F1-1 /T4-F0-1 /T4-T1-1 /T5-T4-1 /D:1     /W-T4-1  /T3-T4-6 /T3-T2-1 
/T6-T2-1 /W-T3-1  /T3-T5-2 /W-T3-1  /D:1     /W-F0-1  /T0-F0-1 /D:1     /W-F3-1  /T2-F3-1 
/T2-F0-1 /T0-T6-1 /T0-F0-1 /T2-T4-1 /T2-F0-1 /T0-T5-1 /T0-F0-1 /T6-T5-2 /D:1     /W-F2-1  
/R       /D:3     /W-T3-1  /D:1     /W-F3-1  /T2-F3-1 /D:1     /W-T1-1  /D:1     /W-T3-1  
/D:2     /W-F1-1  /T5-F1-1 /T4-F1-1 /T5-F2-1 /T4-F2-1 /T5-F3-1 /T4-F3-1 /T4-F0-1 /T5-F2-1 
/T5-F3-1 /T5-F0-1 /T5-T3-1 /T5-F1-1 /W-F3-1  /W-F1-1  /T0-F1-1 /T4-F1-1 /T4-F0-1 /T1-F0-1 
/W-F3-1  /T3-T4-1 /T3-F3-1 /T1-F3-1 /T3-F0-1 /T3-F3-1 /T0-T1-4 /T0-F0-1 /D:1     /W-F2-1  
/T1-F2-1 /T1-F1-1 /T4-F2-1 /T1-F2-1 /T4-F1-1 /T1-F1-1 /T4-F2-1 /T1-F2-1 /T4-F1-1 
"
1030263,b#KQ#kma#quVX#jNsYD#EIefpP#RvrMtcA#LTZOwUSWCzyxFoJGhnldgiBH,88.500000,1806.000000,46.000000,0.635802,1,"
minimal: 0 / states: 123 / duration: 0.000117s
history:
/T2-F1-1 /T0-F1-1 /T6-F0-1 /T6-F1-1 /T5-T4-1 /T5-T1-1 /T5-T6-1 /T4-T5-2 /T2-T0-1 /D:1     
/W-T0-1  /T3-T0-1 /D:3     /W-T1-1  /D:1     /W-T0-1  /T3-T0-1 /T3-T0-1 /D:7     /W-T4-1  
/D:2     /W-T5-1  /D:1     /W-T2-1  /D:3     /W-F2-1  /T5-F2-1 /D:2     /W-F1-1  /D:1     
/W-T0-1  /D:1     /W-T2-1  /D:1     /W-F0-1  /D:1     /W-T2-1  /R       /D:1     /W-T2-1  
/D:4     /W-T4-1  /D:1     /W-F0-1  /T5-T3-1 /T5-F0-1 /T5-F1-1 /T5-T4-1 /T1-T5-3 /T6-F1-1 
/T0-F1-1 /W-T6-1  /W-T4-1  /T6-T4-2 /T4-T6-7 /T4-T2-1 /T4-F3-1 /T5-F3-1 /T3-F3-1 /T5-F2-1 
/T3-F2-1 /T5-F3-1 /T5-F0-1 /T6-T3-8 /T6-F2-1 /T6-T4-1 /T6-F3-1 /T2-F2-1 /T3-F3-1 /T3-F2-1 
/T0-F2-1 /T2-F3-1 /T3-F3-1 /T0-F3-1 /T4-F2-1 /T0-F2-1 /T3-T1-2 /T3-F2-1 /T1-T4-1 /T1-F3-1 
/T0-F3-1 /T3-F3-1 /W-F3-1  /T2-T0-4 /T4-T1-2 /D:1     /W-T2-1  /D:1     /W-F2-1  /T2-F2-1 
/D:1     /W-F0-1  /D:1     /W-F0-1  /T0-F0-1 /T1-F0-1 /D:1     /W-F1-1  /T0-F1-1 /T0-F0-1 
/T1-F1-1 /T0-F1-1 /T1-F0-1 /T0-F0-1 /T3-F0-1 /D:1     /W-F1-1  /T0-F1-1 
"
1030297,d#kn#GRw#rShx#HqfNZ#PXmWuI#LitOUMg#TEpzsvFeVybJQcDaYAKjoCBl,167.000000,4278.000000,54.000000,0.526596,1,"
minimal: 0 / states: 129 / duration: 0.000116s
history:
/T1-F2-1 /T2-T1-1 /D:3     /W-T0-1  /D:2     /W-T6-1  /T2-T6-1 /D:4     /W-T1-1  /D:1     
/W-T4-1  /T1-T4-3 /T4-T1-5 /T4-F3-1 /T4-T2-1 /T4-T6-1 /T6-T4-4 /T4-T1-5 /T6-T4-1 /T6-T5-1 
/T6-F3-1 /T6-T5-1 /D:1     /W-T0-1  /D:3     /W-T1-1  /D:2     /W-F1-1  /T0-F1-1 /T1-F1-1 
/D:1     /W-T4-1  /T3-T4-1 /T2-T3-2 /D:1     /W-F0-1  /D:2     /W-T4-1  /T5-T4-3 /T5-T6-1 
/D:1     /W-F2-1  /T0-F2-1 /T0-F1-1 /T1-F2-1 /D:2     /W-F0-1  /W-F0-1  /D:1     /R       
/D:1     /W-T6-1  /D:1     /W-T3-1  /D:1     /W-T0-1  /D:1     /W-T5-1  /T3-T5-4 /T3-T4-1 
/T3-F2-1 /D:1     /W-T6-1  /T1-T6-1 /T1-F2-1 /D:1     /W-F1-1  /T5-T4-1 /T5-F1-1 /T1-F1-1 
/T4-T5-2 /T4-F2-1 /T5-T4-3 /T5-F1-1 /T6-T1-3 /T6-F2-1 /T6-F1-1 /T5-F2-1 /T4-T5-5 /T4-F1-1 
/T5-T4-6 /T5-T2-1 /T5-T6-1 /T5-F3-1 /T1-T6-6 /T1-F1-1 /T6-T2-8 /D:2     /W-F3-1  /T2-F3-1 
/D:1     /W-F0-1  /T4-F0-1 /T2-F0-1 /T4-F3-1 /T2-F3-1 /T4-F0-1 /T2-F0-1 /T4-F3-1 /T2-F3-1 
/T2-F2-1 /T4-F0-1 /T4-F3-1 /T4-F2-1 /W-F0-1  /T2-F3-1 /T1-F2-1 /T0-F2-1 /T4-F3-1 /T1-F3-1 
/D:1     /W-F0-1  /T2-F0-1 /T4-F0-1 /D:1     /W-F1-1  /T2-F1-1 
"
1030315,e#Wb#wLI#CAzN#hGrpQ#RVPDMi#xdflSnZ#yagkTEcJqHXBmoOYjtvKUsFu,121.000000,1201.000000,53.000000,0.571429,1,"
minimal: 0 / states: 127 / duration: 0.000129s
history:
/T3-F3-1 /D:1     /W-T6-1  /D:1     /W-F1-1  /T1-F1-1 /T2-T1-1 /D:2     /W-T2-1  /D:3     
/W-F1-1  /D:1     /W-T2-1  /T5-T2-1 /D:1     /W-T0-1  /D:1     /W-T2-1  /D:1     /W-T6-1  
/D:4     /W-F3-1  /D:1     /W-T3-1  /D:4     /W-T3-1  /T1-T3-2 /T6-T1-3 /T6-F2-1 /D:1     
/W-T3-1  /D:3     /R       /D:1     /W-T2-1  /D:2     /W-T6-1  /T4-T6-1 /T4-T6-1 /D:3     
/W-F2-1  /T6-F2-1 /T0-F2-1 /T4-F2-1 /T6-T4-3 /T6-T5-1 /T4-T3-4 /D:2     /W-T4-1  /T6-T4-1 
/T6-F1-1 /T6-T5-1 /T5-T6-3 /T5-T0-1 /T5-F3-1 /T3-F3-1 /W-T6-1  /D:1     /W-T6-1  /T4-T6-3 
/T3-T4-9 /T3-F0-1 /D:1     /W-F2-1  /D:1     /W-T2-1  /T0-T2-2 /W-T0-1  /W-F0-1  /T3-F0-1 
/T2-F0-1 /T2-F1-1 /T4-F0-1 /T6-F1-1 /T2-T0-7 /T5-T2-1 /T5-F3-1 /T0-F0-1 /T0-F1-1 /T4-F3-1 
/T4-F0-1 /T6-F2-1 /T6-F1-1 /W-F3-1  /T0-F0-1 /T4-F3-1 /T4-F0-1 /T0-F1-1 /T0-F0-1 /T2-F3-1 
/T4-F3-1 /T1-F3-1 /T4-F0-1 /T4-F3-1 /T0-T1-1 /T0-F0-1 /T1-T0-2 /T1-F3-1 /T6-T4-4 /T6-F0-1 
/T2-T0-1 /D:1     /W-F2-1  /T4-F2-1 /T0-F2-1 /T4-F1-1 /T0-F1-1 /T4-F2-1 /T0-F2-1 /T4-F1-1 
/T0-F1-1 /T4-F2-1 
"
1030320,z#jB#dRL#HwIC#Uyliv#bSMDgK#ZTXnNPY#EAJkemaVoxhrstWupQqcfGOF,95.500000,823.000000,28.000000,0.805556,1,"
minimal: 0 / states: 119 / duration: 0.000108s
history:
/T6-T0-1 /T5-T0-1 /T1-T6-1 /T4-T1-1 /T1-T0-2 /D:2     /W-F0-1  /T6-F0-1 /T3-F0-1 /D:2     
/W-T2-1  /W-T2-1  /T4-T2-1 /D:2     /W-T1-1  /T2-T1-4 /D:1     /W-F1-1  /D:2     /W-T6-1  
/D:1     /W-T4-1  /D:1     /W-T0-1  /D:2     /W-T5-1  /T2-T5-1 /D:1     /W-T0-1  /D:1     
/W-T4-1  /T3-T4-1 /D:1     /W-T1-1  /T5-T1-3 /T5-F0-1 /T4-T5-4 /F0-T1-1 /T6-T1-2 /T6-F3-1 
/T6-F2-1 /T1-F2-1 /T6-T4-1 /T3-T4-1 /T6-T3-1 /T4-T6-3 /T4-T5-1 /T5-T4-6 /T5-T0-1 /T5-F1-1 
/W-T0-1  /W-T6-1  /T2-T0-1 /T3-T6-2 /D:1     /W-F2-1  /D:2     /W-F2-1  /D:1     /W-F1-1  
/T0-F1-1 /T0-F2-1 /D:2     /W-T4-1  /W-T4-1  /D:1     /W-F3-1  /T1-F3-1 /T1-F0-1 /W-F3-1  
/T1-F3-1 /W-F1-1  /T1-F2-1 /W-F0-1  /T0-F3-1 /T4-F1-1 /T0-F2-1 /T1-F1-1 /T0-F1-1 /T1-F2-1 
/T0-F2-1 /T1-F1-1 /T0-F1-1 /T6-F3-1 /T6-T1-2 /T6-F2-1 /T1-T6-3 /T1-F1-1 /T4-T0-4 /T4-F2-1 
/T4-F1-1 /T6-T1-4 /T6-F2-1 /T0-T4-6 /T0-F2-1 /T1-T6-5 /T1-F1-1 /D:1     /W-F0-1  /T4-F0-1 
/T4-F3-1 /T6-F0-1 /T4-F0-1 /T6-F3-1 /T4-F3-1 /T6-F0-1 /T4-F0-1 /T6-F3-1 /T4-F3-1 /T6-F0-1 
/T4-F0-1 /T6-F3-1 
"
1030362,x#Zd#YRg#Jsjt#VfUmz#HFipkr#DEnCeuP#NcXoQhWvIwSKAMBqlOyabGLT,111.500000,1296.000000,46.000000,0.648148,1,"
minimal: 0 / states: 118 / duration: 0.000128s
history:
/T1-T5-1  /D:1      /W-F3-1   /D:3      /W-T6-1   /D:3      /W-T0-1   /D:1      /W-T0-1   /W-T0-1   
/T3-T0-1  /D:1      /W-T3-1   /D:2      /W-T0-1   /T5-T0-2  /W-T5-1   /D:2      /W-F0-1   /D:2      
/W-F0-1   /D:2      /W-T4-1   /T0-T4-8  /T4-T0-10 /D:1      /W-F3-1   /D:1      /W-T1-1   /T5-T1-2  
/T5-T0-1  /T5-T1-1  /T5-T2-1  /T2-T5-2  /T2-T5-1  /T5-T1-4  /T4-T5-1  /T4-T3-1  /W-T1-1   /T6-T1-2  
/D:1      /W-F1-1   /D:1      /W-F1-1   /D:1      /W-T3-1   /T4-T3-1  /T6-T4-1  /D:1      /W-T5-1   
/D:1      /W-T4-1   /R        /D:1      /W-F1-1   /D:1      /W-T5-1   /D:2      /W-T2-1   /T3-T2-5  
/T6-T3-1  /T6-F0-1  /T6-F2-1  /T1-F2-1  /T0-F2-1  /T0-F1-1  /T1-F3-1  /T1-F2-1  /W-F3-1   /T0-F2-1  
/T3-T4-2  /T6-T0-1  /T6-F0-1  /T0-F0-1  /T1-F3-1  /T0-F3-1  /T4-F1-1  /T1-F0-1  /T2-F1-1  /T2-F0-1  
/T4-F2-1  /T0-F2-1  /T1-F1-1  /T0-F1-1  /T4-F3-1  /T1-F0-1  /T2-F3-1  /T2-F0-1  /T4-F2-1  /T0-F2-1  
/T1-F1-1  /T2-F1-1  /T4-F3-1  /T0-F3-1  /T1-F2-1  /T0-F2-1  /T3-F0-1  /T1-F1-1  /T2-F0-1  /T0-F1-1  
/T5-F3-1  /T1-F2-1  /T2-F3-1  /T0-F2-1  /T5-F0-1  /T1-F3-1  /T5-F1-1  /D:1      /W-F0-1   
"
1030413,P#zw#oAN#tHqy#chUfV#vxIuDW#MjLTnsd#ESOiKJgrmZleBaFCbQRGpXYk,171.000000,2426.000000,64.000000,0.540541,1,"
minimal: 0 / states: 136 / duration: 0.000124s
history:
/T2-F3-1 /T2-F0-1 /T4-T1-1 /T2-T0-1 /D:1     /W-T4-1  /T6-T4-1 /D:2     /W-F3-1  /D:6     
/W-T2-1  /T3-T2-1 /T0-T3-2 /D:1     /W-T0-1  /D:2     /W-T6-1  /T3-T6-3 /T3-T1-1 /T4-T3-3 
/T3-T4-4 /D:1     /W-F0-1  /D:1     /W-F1-1  /D:2     /W-F0-1  /D:1     /W-F1-1  /D:4     
/W-T4-1  /D:1     /W-T2-1  /T1-T2-3 /D:1     /W-T1-1  /D:1     /R       /D:3     /W-T1-1  
/T5-T1-1 /T5-F0-1 /D:2     /W-T2-1  /T6-T2-5 /T6-F2-1 /T2-F2-1 /T2-F3-1 /T4-F2-1 /T6-T5-1 
/T6-T0-1 /T2-F2-1 /D:1     /W-F2-1  /D:2     /W-T5-1  /T2-T5-1 /T2-F2-1 /D:1     /W-F3-1  
/D:1     /W-F3-1  /D:2     /W-T0-1  /R       /D:1     /W-F3-1  /T5-T2-2 /T5-F3-1 /D:2     
/W-T0-1  /W-T0-1  /T5-T0-1 /T4-T5-5 /T5-T1-6 /T6-T5-1 /T1-T4-4 /T1-F3-1 /T4-T1-5 /T4-F1-1 
/T1-F1-1 /T1-F0-1 /T2-F1-1 /T1-F1-1 /T1-F2-1 /T2-F0-1 /T2-F1-1 /T0-F2-1 /T1-F1-1 /T0-F1-1 
/T5-F1-1 /D:1     /W-T6-1  /T5-T6-1 /T5-F2-1 /T2-T0-2 /T2-F2-1 /T6-F2-1 /T0-T2-3 /T0-F1-1 
/T6-F1-1 /T2-T0-4 /T2-F2-1 /T2-F1-1 /T1-T6-4 /T1-F2-1 /D:1     /W-F0-1  /T0-F0-1 /T0-F3-1 
/T6-F0-1 /T0-F0-1 /T6-F3-1 /T0-F3-1 /T6-F0-1 /T0-F0-1 /T6-F3-1 /T0-F3-1 /T6-F0-1 
"
1030493,F#jJ#YMS#VzUa#wbpnx#fTrWLc#NHomEvB#iGQZqukIAOgDdClPKesthyRX,83.000000,695.000000,42.000000,0.614286,1,"
minimal: 0 / states: 127 / duration: 0.000119s
history:
/T3-F1-1  /T6-T5-1  /T3-T6-1  /D:1      /W-T1-1   /D:1      /W-T6-1   /T2-T6-1  /D:4      /W-T1-1   
/D:3      /W-F0-1   /T5-F0-1  /D:2      /W-T1-1   /T0-T1-1  /T2-T0-1  /T4-T2-1  /T4-F2-1  /T2-T0-2  
/T3-T2-1  /W-T4-1   /D:3      /W-F0-1   /D:1      /W-T2-1   /D:2      /W-T2-1   /D:1      /W-T1-1   
/D:6      /R        /D:3      /W-T1-1   /T5-T1-1  /D:1      /W-T5-1   /T1-T5-8  /T6-T1-4  /T6-T1-1  
/T5-T6-10 /T5-T0-1  /T1-T2-6  /T6-T1-11 /T6-F2-1  /T6-T3-1  /T6-F3-1  /T4-F3-1  /T4-F2-1  /T4-F1-1  
/T1-F1-1  /T1-F2-1  /T5-F2-1  /T5-T3-1  /W-T6-1   /W-T2-1   /T3-T4-3  /D:1      /W-T0-1   /D:1      
/W-F0-1   /D:1      /W-F1-1   /T1-F1-1  /T5-F1-1  /T1-T4-1  /T1-F1-1  /D:1      /W-F3-1   /T2-F3-1  
/T2-F0-1  /T4-F0-1  /D:1      /W-F2-1   /D:1      /W-F2-1   /T1-F2-1  /T2-T0-3  /T2-F2-1  /D:1      
/W-F1-1   /T1-F1-1  /T2-F1-1  /T4-T1-3  /T4-F2-1  /T0-T2-5  /T0-F2-1  /D:1      /W-F2-1   /D:1      
/W-F3-1   /T2-F3-1  /T1-F3-1  /T2-F0-1  /T1-F0-1  /T2-F3-1  /T1-F3-1  /T2-F0-1  /T1-F0-1  /T1-F1-1  
/T2-F3-1  /T2-F0-1  /T2-F1-1  /T1-F0-1  /T1-F1-1  /T2-F2-1  /D:1      /W-F3-1   /T0-F3-1  /T0-F0-1  
/T6-F3-1  
"
1030553,K#Na#fJL#AFMT#kRlzD#VUHceB#PCsOdXu#ZmQqwnWrioSvxhyjgEYbGtpI,146.000000,2323.000000,40.000000,0.626582,1,"
minimal: 0 / states: 119 / duration: 0.000108s
history:
/T1-F1-1 /T1-F3-1 /T3-T6-1 /T3-T1-1 /T3-T6-1 /T3-F0-1 /T5-F0-1 /T4-T5-1 /T5-T6-2 /T4-T3-1 
/T5-T6-1 /T4-T1-1 /T0-T1-1 /D:1     /W-T0-1  /T2-T0-1 /D:3     /W-T4-1  /D:2     /W-F2-1  
/D:1     /W-T1-1  /D:2     /W-T2-1  /T6-T2-6 /T6-T0-1 /T2-T0-8 /W-T2-1  /T6-T2-1 /T6-F3-1 
/T4-T6-2 /W-T4-1  /D:1     /W-F2-1  /D:2     /W-T1-1  /D:2     /W-T1-1  /D:3     /W-T5-1  
/T6-T5-3 /T6-F0-1 /T6-F3-1 /T0-T5-1 /T0-F0-1 /D:1     /W-F0-1  /D:1     /W-T3-1  /D:1     
/W-F1-1  /T5-F1-1 /T2-F1-1 /T0-F1-1 /T0-F0-1 /D:1     /W-F0-1  /D:1     /W-T1-1  /T2-T1-2 
/D:1     /W-F2-1  /T5-F2-1 /T1-F2-1 /T1-F1-1 /T5-T0-2 /T5-F1-1 /T5-F0-1 /T1-T5-1 /T1-F1-1 
/T5-T1-2 /T0-T5-4 /T0-F1-1 /W-F1-1  /T5-T0-5 /D:1     /W-F0-1  /T0-T4-5 /T0-F0-1 /T4-T0-6 
/T4-F1-1 /T1-T3-5 /T1-F1-1 /R       /D:1     /W-F1-1  /D:1     /W-F3-1  /T0-F3-1 /T0-F2-1 
/T3-F2-1 /D:1     /W-F3-1  /T0-F3-1 /T0-F2-1 /T3-F3-1 /T0-F3-1 /T3-F2-1 /T0-F2-1 /T3-F3-1 
/T0-F3-1 /T3-F0-1 /T0-F0-1 /T1-F0-1 /T3-F3-1 /T0-F3-1 /D:1     /W-F2-1  /D:1     /W-F2-1  
/T3-F2-1 
"
1030666,w#Ki#JNh#dWgG#xPmYz#Ccnprj#UseRaBM#STFtkQLfEoIvbqHOAZDuXVly,97.500000,1662.000000,40.000000,0.662338,1,"
minimal: 0 / states: 111 / duration: 0.000119s
history:
/T3-T2-1  /T1-T0-1  /T5-T1-1  /D:1      /W-T2-1   /T5-T2-1  /D:2      /W-T3-1   /D:3      /W-T2-1   
/T5-T2-1  /T5-F2-1  /D:4      /W-F2-1   /T2-F2-1  /D:1      /W-T1-1   /T2-T1-5  /T2-F3-1  /D:3      
/W-F2-1   /D:1      /W-T0-1   /T3-T0-2  /D:1      /W-F3-1   /D:1      /W-F0-1   /D:5      /W-T2-1   
/D:1      /W-T4-1   /T1-T4-8  /T6-T1-1  /T6-F0-1  /T6-F1-1  /T6-T0-1  /F2-T0-1  /T5-T0-1  /T5-T4-1  
/T4-T5-11 /T4-T1-1  /T5-F0-1  /D:1      /W-T4-1   /W-T4-1   /T0-T4-8  /T4-T0-11 /T4-F3-1  /T5-F3-1  
/T3-T4-1  /T0-T6-2  /T0-F3-1  /T6-T0-3  /W-T2-1   /W-F0-1   /T3-T5-1  /W-T3-1   /W-F1-1   /T0-F1-1  
/T0-F2-1  /T5-F1-1  /T0-F1-1  /T5-F2-1  /T6-F2-1  /T5-F3-1  /W-T4-1   /W-F0-1   /T0-F0-1  /W-F1-1   
/T0-F1-1  /T5-F0-1  /T0-F0-1  /T5-F1-1  /T0-F1-1  /T5-F0-1  /T5-F1-1  /T2-T0-2  /T2-F0-1  /T5-F0-1  
/W-F0-1   /W-F1-1   /W-F2-1   /W-F3-1   /T0-F2-1  /T6-F3-1  /T0-F3-1  /T4-F2-1  /T0-F2-1  /T4-F3-1  
/T0-F3-1  /T4-F2-1  /T0-F2-1  /T1-F3-1  /T3-F3-1  /T5-F1-1  /T0-F1-1  /T1-F0-1  /T5-F2-1  
"
1030691,H#nM#xPC#iOQr#gWNUA#GRsLFb#KtSIdXT#JacBzZjokEpulhwmDyvYeqVf,73.500000,318.000000,12.000000,1.125000,1,"
minimal: 0 / states: 116 / duration: 0.000108s
history:
/T4-F0-1 /T6-T0-1 /T5-T2-1 /T5-T0-1 /T6-T5-1 /T6-T3-1 /T4-T6-1 /T4-F3-1 /T6-T4-2 /T3-T6-2 
/T2-T3-2 /D:1     /W-T5-1  /D:1     /W-F1-1  /T3-F1-1 /D:1     /W-F1-1  /T6-F1-1 /T3-T6-2 
/T3-F3-1 /T2-F3-1 /T4-T2-3 /T0-T3-3 /T1-T0-1 /T1-F2-1 /T3-T5-4 /D:1     /W-F0-1  /T6-F0-1 
/T6-F3-1 /D:1     /W-T1-1  /D:1     /W-T3-1  /T5-T3-7 /T5-T4-1 /T5-F3-1 /T6-T5-2 /T6-T2-1 
/D:1     /W-T6-1  /D:1     /W-F2-1  /D:3     /W-F2-1  /D:2     /W-T0-1  /T2-T0-5 /D:3     
/W-T2-1  /D:1     /W-F0-1  /D:1     /W-T2-1  /D:1     /W-T6-1  /D:1     /W-T1-1  /T6-T1-3 
/D:1     /W-F1-1  /D:1     /W-F2-1  /T5-F2-1 /T4-F2-1 /T0-F2-1 /T5-F3-1 /T3-T4-1 /T3-F3-1 
/T0-F3-1 /T4-T3-2 /D:1     /W-F3-1  /D:1     /W-F1-1  /R       /D:1     /W-T2-1  /D:1     
/W-F0-1  /T3-F0-1 /T3-F1-1 /T5-F0-1 /T3-F0-1 /T0-F0-1 /T0-F3-1 /T3-T2-2 /T3-F3-1 /D:1     
/W-F2-1  /T1-F2-1 /D:1     /W-F1-1  /T2-F1-1 /T1-F1-1 /T2-F0-1 /T1-F0-1 /T1-F3-1 /T2-F1-1 
/T3-F0-1 /T3-F3-1 /T0-T1-2 /T0-F0-1 /D:1     /W-F2-1  /T1-F2-1 /T1-F1-1 /T2-F2-1 /T1-F2-1 
/T2-F1-1 
"
1030713,a#Dq#cPu#YnvI#XSoKm#sTjLOW#VzlEpAi#yGRfMHCthexQJZgbkBdrUNwF,164.000000,2554.000000,42.000000,0.663158,1,"
minimal: 0 / states: 113 / duration: 0.000109s
history:
/T0-F1-1 /T4-T0-1 /T5-T4-1 /T3-T4-1 /T2-T6-1 /T2-T1-1 /D:1     /W-T0-1  /D:8     /W-T3-1  
/W-T3-1  /D:6     /W-T6-1  /D:1     /W-F1-1  /T2-F1-1 /W-T2-1  /D:1     /W-T0-1  /W-T0-1  
/T6-T0-3 /T6-F0-1 /T5-T6-1 /T5-T2-1 /T3-T5-3 /T3-F2-1 /T4-T3-3 /T4-F2-1 /T4-T5-1 /T4-T2-1 
/D:1     /W-F0-1  /D:1     /W-F1-1  /D:1     /W-T5-1  /W-T5-1  /T6-T5-2 /D:1     /W-T3-1  
/D:1     /W-F3-1  /T5-F3-1 /T1-F3-1 /T5-F2-1 /T1-F2-1 /T5-F3-1 /T5-F2-1 /T6-T5-1 /W-T6-1  
/T5-T6-6 /W-F1-1  /W-F0-1  /T1-F0-1 /T6-F0-1 /D:1     /W-T2-1  /D:1     /W-F0-1  /R       
/D:1     /W-F0-1  /D:1     /W-F3-1  /T6-F3-1 /T5-F3-1 /T5-F2-1 /T3-F3-1 /T6-F2-1 /D:1     
/W-F1-1  /T0-F1-1 /T0-F2-1 /T6-F1-1 /T6-F2-1 /T0-F1-1 /T2-F2-1 /T6-F1-1 /T6-F2-1 /T0-T2-1 
/T0-F1-1 /T6-F1-1 /T6-T1-1 /T0-F2-1 /T0-F1-1 /T1-F2-1 /T6-F3-1 /D:1     /W-T0-1  /T3-T0-4 
/D:1     /W-F0-1  /T0-F0-1 /T0-F3-1 /T2-F0-1 /T0-F0-1 /T2-F3-1 /T0-F3-1 /T2-F0-1 /T0-F0-1 
/T2-F3-1 
"
1030782,F#uE#tVj#yDeT#xclOX#sJpKMG#fBgZSzw#vkPICqWQRhadYUNHoAnrmbLi,122.000000,1564.000000,49.000000,0.570588,1,"
minimal: 0 / states: 126 / duration: 0.000125s
history:
/T6-T4-1 /T0-T3-1 /T6-T0-1 /T6-T5-1 /T1-T5-1 /T3-T1-2 /T3-T1-1 /T3-T1-1 /T4-T3-2 /T3-T6-3 
/T6-T3-4 /D:1     /W-T2-1  /D:2     /W-T1-1  /D:5     /W-T5-1  /D:2     /W-T2-1  /T5-T2-4 
/D:1     /W-F1-1  /D:2     /W-T0-1  /D:2     /W-F3-1  /T4-F3-1 /T4-T5-1 /T1-F3-1 /T4-T1-1 
/T2-T4-7 /T2-T3-1 /T1-T3-6 /T5-T1-2 /T5-T0-1 /T5-T4-1 /T4-T1-9 /D:2     /W-T3-1  /D:1     
/W-F0-1  /D:1     /W-F2-1  /T3-F2-1 /T1-F2-1 /T1-F3-1 /D:2     /W-T4-1  /D:1     /W-F1-1  
/T3-F1-1 /D:1     /W-T4-1  /D:1     /W-T5-1  /R       /D:1     /W-T4-1  /T5-T4-2 /T5-T6-1 
/D:3     /W-F2-1  /D:1     /W-T0-1  /D:1     /W-F3-1  /D:1     /W-F1-1  /D:2     /W-T4-1  
/T6-T4-2 /T6-F0-1 /T1-T6-1 /T1-F3-1 /T6-T1-2 /D:1     /W-F2-1  /T4-F2-1 /T2-F2-1 /T3-T4-3 
/T3-F3-1 /T3-F2-1 /W-F3-1  /W-F0-1  /T4-F0-1 /T1-F0-1 /T4-F1-1 /T1-F1-1 /T4-F0-1 /T1-F0-1 
/T4-F1-1 /T1-F1-1 /T1-F2-1 /T4-F0-1 /T3-F3-1 /T4-F1-1 /T3-F2-1 /W-F0-1  /T0-F3-1 /T1-F1-1 
/T1-F2-1 /T4-F0-1 /T0-F0-1 /T3-F3-1 /T0-F3-1 /T4-F1-1 /T1-F1-1 /T3-F2-1 /T0-F2-1 /T4-F0-1 
/T1-F0-1 /T3-F3-1 /T4-F1-1 
"
1030792,A#DI#unH#OxUa#WkKMr#qhTVjJ#RdeoGPp#ZYtlEbgyCNsFiSQcvfXzmBwL,126.000000,2466.000000,64.000000,0.505263,1,"
minimal: 0 / states: 137 / duration: 0.000195s
history:
/T0-F0-1 /T3-F1-1 /T3-T1-1 /D:1     /W-T0-1  /D:2     /W-T1-1  /D:3     /W-F1-1  /D:1     
/W-T2-1  /D:1     /W-T0-1  /D:2     /W-F3-1  /D:1     /W-T2-1  /D:2     /W-T5-1  /T2-T5-3 
/T2-F2-1 /D:1     /W-T1-1  /T4-T1-1 /D:1     /W-T1-1  /T6-T1-1 /D:1     /W-F1-1  /D:3     
/W-T0-1  /T5-T0-5 /T5-T3-1 /T1-T3-7 /T6-T1-1 /T2-T5-1 /T4-T2-1 /W-T6-1  /D:3     /W-F0-1  
/D:2     /R       /D:1     /W-T2-1  /T4-T2-1 /D:2     /W-T6-1  /D:1     /W-F0-1  /D:5     
/W-T4-1  /T5-T4-2 /T5-T4-1 /T6-T5-3 /T6-F2-1 /T6-T0-1 /T6-F1-1 /T0-F1-1 /T3-F2-1 /T1-T6-2 
/W-T1-1  /T6-T0-3 /W-T6-1  /D:1     /W-T1-1  /T4-T1-5 /W-T4-1  /T5-T4-4 /T5-F2-1 /T3-T4-1 
/T3-F2-1 /T4-T3-2 /T4-F1-1 /T0-T1-4 /T0-F1-1 /T4-T2-4 /R       /D:1     /W-T6-1  /T3-T6-8 
/T3-F3-1 /T1-F3-1 /T1-F0-1 /T6-F3-1 /T1-F3-1 /T1-F2-1 /T6-F0-1 /T6-F3-1 /T6-F2-1 /T1-F3-1 
/T1-F2-1 /T6-F3-1 /T1-F3-1 /T2-T6-2 /T2-F2-1 /T1-F2-1 /T2-F3-1 /T0-T1-3 /T0-F3-1 /T6-T2-4 
/T6-F2-1 /T0-F2-1 /T2-T6-5 /T2-F3-1 /T0-F3-1 /T6-T2-6 /T6-F2-1 /D:1     /W-F0-1  /T2-F0-1 
/T1-F0-1 /T2-F1-1 /T1-F1-1 /T2-F0-1 /T1-F0-1 /T2-F1-1 /T1-F1-1 /T2-F0-1 /T1-F0-1 /T2-F1-1 
/T1-F1-1 /T2-F0-1 
"
1030858,F#eE#qdm#KzhX#ZDpsw#irGRUC#HBbAfIL#uMotyVSjlcQnvJkxYWaTONgP,118.500000,3403.000000,60.000000,0.562500,1,"
minimal: 0 / states: 134 / duration: 0.000131s
history:
/T6-T2-1 /T4-T3-1 /T3-T2-2 /T3-T6-1 /D:4     /W-T6-1  /D:2     /W-T2-1  /D:1     /W-T6-1  
/T1-T6-1 /T1-T0-1 /T2-T1-5 /T5-T2-1 /T2-T6-2 /T2-T0-1 /T3-T2-1 /D:1     /W-T3-1  /T6-T3-7 
/D:1     /W-T2-1  /T3-T2-9 /D:1     /W-T0-1  /D:2     /W-F2-1  /D:7     /W-F1-1  /D:2     
/W-T2-1  /D:1     /W-F3-1  /T2-F3-1 /D:2     /W-F3-1  /R       /D:1     /W-T1-1  /D:1     
/W-T3-1  /D:1     /W-F2-1  /D:2     /W-F3-1  /D:5     /W-T3-1  /W-T3-1  /D:1     /W-T3-1  
/D:1     /W-T1-1  /T4-T1-1 /T4-F2-1 /T0-T4-1 /T0-F2-1 /T4-T0-2 /D:1     /R       /D:1     
/W-T4-1  /D:1     /W-T3-1  /T5-T3-1 /T5-F3-1 /T6-T5-1 /T6-F0-1 /T6-F1-1 /T6-F0-1 /T0-F1-1 
/T2-F0-1 /T0-F0-1 /T2-F1-1 /T0-F1-1 /T2-F0-1 /T0-F0-1 /T5-T3-2 /T5-F2-1 /T1-F2-1 /T2-F3-1 
/T1-F3-1 /T3-F1-1 /T2-F2-1 /T3-F0-1 /T3-F3-1 /T1-F2-1 /T1-F3-1 /T3-F2-1 /T1-F2-1 /T3-F3-1 
/T1-F3-1 /T3-F2-1 /T3-F3-1 /T4-F2-1 /T4-F3-1 /T6-F0-1 /T2-T3-5 /T2-F2-1 /D:2     /W-T1-1  
/W-T1-1  /T5-T1-1 /D:1     /W-F1-1  /T3-F1-1 /T1-F1-1 /T3-F0-1 /T1-F0-1 /T3-F1-1 /T1-F1-1 
/T3-F0-1 /T1-F0-1 /T3-F1-1 /T1-F1-1 /T3-F0-1 
"
1030875,N#BL#yqz#kwQX#YdHoV#iGfSKA#DsrumTb#IlMnFxevgCJpZOUcRPWthajE,133.500000,2509.000000,55.000000,0.655963,1,"
minimal: 0 / states: 123 / duration: 0.000134s
history:
/T0-F3-1 /T5-F0-1 /T3-T1-1 /T2-T0-1 /D:2     /W-T0-1  /T5-T0-1 /D:2     /W-F2-1  /D:6     
/W-T3-1  /T6-T3-1 /D:1     /W-T1-1  /T4-T1-1 /T4-F2-1 /T6-T4-1 /T4-T1-2 /T1-T6-6 /T1-F0-1 
/T6-T1-7 /W-T6-1  /D:1     /W-F2-1  /T2-F2-1 /D:2     /W-F3-1  /D:4     /W-F3-1  /T3-T4-2 
/T3-F3-1 /W-F3-1  /T5-F3-1 /T1-F3-1 /D:1     /W-T0-1  /D:3     /W-F1-1  /T4-F1-1 /T4-F0-1 
/D:2     /W-T5-1  /T4-T5-1 /R       /D:1     /W-T0-1  /D:2     /W-T6-1  /D:1     /W-T4-1  
/D:1     /W-T6-1  /D:3     /W-F3-1  /D:1     /W-F1-1  /T5-F1-1 /T6-F1-1 /D:2     /W-T0-1  
/W-T0-1  /T5-T0-2 /D:1     /W-T4-1  /R       /D:2     /W-T4-1  /F3-T4-1 /T5-T4-1 /T6-T5-3 
/T6-F2-1 /T6-F2-1 /T6-F0-1 /T0-F0-1 /T0-F1-1 /T0-F2-1 /T5-F0-1 /T4-F0-1 /T4-F3-1 /T5-F1-1 
/T0-F1-1 /T1-F0-1 /T0-F0-1 /T5-F2-1 /T1-F3-1 /T4-F2-1 /T0-F3-1 /T5-F1-1 /T1-F0-1 /T3-F2-1 
/T1-F3-1 /T4-F1-1 /T0-F0-1 /T3-F1-1 /T1-F0-1 /T4-F2-1 /T0-F1-1 /T2-F2-1 /T1-F1-1 /T4-F3-1 
/T0-F2-1 /W-F0-1  /D:1     /W-F3-1  
"
1030966,f#EA#esl#QnNM#LmgBC#bHOyGz#rqhFoRW#ipwJcVdSvtXKxuDTUIjaZkYP,139.000000,1258.000000,58.000000,0.559140,1,"
minimal: 0 / states: 124 / duration: 0.000120s
history:
/T1-F0-1 /T2-T3-1 /T1-T0-1 /T5-T1-1 /T0-T5-2 /T3-T0-2 /T3-F3-1 /T3-F2-1 /T4-T3-1 /T4-F0-1 
/T2-T4-1 /T3-F0-1 /T2-T4-1 /T3-T5-1 /D:2     /W-T5-1  /D:7     /W-T6-1  /D:3     /W-T0-1  
/T6-T0-2 /D:3     /W-F0-1  /D:2     /W-T0-1  /T5-T0-5 /D:3     /W-F1-1  /D:1     /W-T2-1  
/T5-T2-1 /T5-F3-1 /T4-T5-3 /T4-T3-1 /T4-T3-1 /D:1     /W-T2-1  /D:1     /W-T1-1  /D:1     
/W-F3-1  /R       /D:2     /W-T2-1  /W-T2-1  /T5-T2-4 /T5-F1-1 /D:2     /W-F1-1  /D:2     
/W-F1-1  /T2-F1-1 /T6-T2-1 /T6-F2-1 /T0-F2-1 /T0-F3-1 /T0-F0-1 /T6-F0-1 /T0-F1-1 /T0-F0-1 
/T2-F3-1 /D:1     /W-F3-1  /D:1     /W-T0-1  /D:1     /W-T3-1  /D:1     /W-T1-1  /D:2     
/W-F3-1  /T0-T6-1 /T0-F3-1 /T6-T0-2 /T6-F2-1 /T6-F2-1 /T2-F2-1 /T0-F2-1 /T2-F1-1 /T0-F1-1 
/T2-F0-1 /W-F2-1  /T0-F2-1 /T2-F1-1 /W-F3-1  /T2-F2-1 /T0-F3-1 /T1-F2-1 /T3-F3-1 /T1-F3-1 
/T2-T3-1 /T2-F2-1 /T1-F2-1 /T2-F3-1 /W-T3-1  /D:1     /W-F0-1  /T3-F0-1 /T0-F0-1 /D:1     
/W-F1-1  /T3-F1-1 /T0-F1-1 /T3-F0-1 /T0-F0-1 /T3-F1-1 
"
1030984,P#tO#Dye#WfVA#IcLUM#pRxgKE#TqBzouX#JvwniZakQhjdrsHNYSGbFCml,135.000000,4020.000000,66.000000,0.494898,1,"
minimal: 0 / states: 133 / duration: 0.000137s
history:
/T3-F0-1 /D:1     /W-T6-1  /T3-T6-1 /T5-T3-1 /D:3     /W-F2-1  /D:3     /W-F1-1  /D:2     
/W-T3-1  /D:2     /W-T5-1  /D:4     /W-T6-1  /D:1     /W-F3-1  /T1-F3-1 /T3-T1-3 /T0-F3-1 
/T4-T0-1 /T1-F3-1 /T1-T4-3 /D:1     /W-T0-1  /T5-T0-2 /T5-T6-1 /W-T6-1  /T2-T6-1 /T6-T2-7 
/T3-T5-1 /D:3     /W-F1-1  /D:3     /W-T1-1  /T2-T1-8 /T2-T1-1 /D:1     /R       /D:1     
/W-T0-1  /T4-T0-4 /D:3     /W-T2-1  /T4-T2-1 /T4-F1-1 /T4-T5-1 /D:1     /W-T2-1  /D:1     
/W-T5-1  /D:1     /W-F1-1  /D:3     /W-T5-1  /W-T5-1  /W-T5-1  /D:3     /R       /D:1     
/W-T2-1  /D:1     /W-T2-1  /T6-T2-1 /T6-F2-1 /T6-T3-1 /T6-F0-1 /D:2     /W-F0-1  /T1-F0-1 
/T0-F0-1 /T6-T1-1 /W-F0-1  /T6-T2-1 /D:1     /W-T3-1  /T5-T3-7 /T5-F3-1 /T5-F2-1 /T1-F2-1 
/T1-F1-1 /T3-F2-1 /T0-F1-1 /T1-F2-1 /T1-F1-1 /T3-F3-1 /T0-F2-1 /T2-F3-1 /T2-F2-1 /T3-F0-1 
/T0-F3-1 /T1-F0-1 /T1-F3-1 /T3-F1-1 /T0-F2-1 /T2-F1-1 /T2-F2-1 /T3-F0-1 /T0-F1-1 /T1-F0-1 
/T2-F1-1 /T3-F3-1 /T0-F0-1 /T1-F3-1 /T2-F0-1 /T3-F2-1 /T0-F3-1 /T1-F2-1 /T2-F3-1 /T3-F1-1 
/T0-F0-1 /T1-F1-1 /T3-F2-1 
"
1031005,u#xM#JBm#ZfnX#SkgtN#KedDRY#LvzAqhP#VUwaHFEorbpjWOCTQIilGcys,95.500000,1188.000000,50.000000,0.597561,1,"
minimal: 0 / states: 125 / duration: 0.000133s
history:
/T4-F3-1 /T5-T1-1 /D:3     /W-T3-1  /D:1     /W-F1-1  /D:4     /W-T6-1  /D:2     /W-F1-1  
/D:4     /W-F3-1  /D:2     /W-T0-1  /D:3     /W-T3-1  /T0-T3-2 /T2-T0-1 /D:3     /W-F1-1  
/D:1     /W-T0-1  /T3-T0-5 /T3-F2-1 /T6-F2-1 /T6-F3-1 /T4-T6-1 /T3-T6-1 /D:1     /W-T0-1  
/T5-T0-1 /T5-T0-1 /T5-F1-1 /T5-F1-1 /T5-T1-1 /T1-T5-3 /F3-T0-1 /T2-T0-1 /T6-F1-1 /T4-F1-1 
/T2-T4-1 /R       /D:1     /W-T4-1  /D:2     /W-T4-1  /D:4     /W-F2-1  /D:1     /W-T1-1  
/D:1     /W-T5-1  /D:3     /W-T1-1  /T6-T1-2 /T6-F2-1 /T6-F0-1 /T0-F0-1 /T0-F3-1 /T6-T2-1 
/T6-T5-1 /T4-T6-4 /W-F3-1  /W-F0-1  /T0-F0-1 /T0-F3-1 /W-F2-1  /T0-F2-1 /W-F0-1  /T4-F3-1 
/T1-F2-1 /W-F0-1  /T0-F3-1 /T0-F2-1 /T1-F1-1 /T0-F1-1 /T5-F2-1 /T0-F2-1 /W-F3-1  /T1-T5-1 
/T1-F1-1 /T1-F2-1 /T6-T0-3 /T6-F1-1 /T0-T6-4 /T0-F2-1 /T2-F2-1 /T6-T0-5 /D:1     /W-F1-1  
/T0-T3-5 /T0-F1-1 /D:1     /W-F0-1  /T3-F0-1 /T3-F3-1 /T5-F0-1 /T3-F0-1 /T5-F3-1 /T3-F3-1 
/T5-F0-1 /T3-F0-1 /T5-F3-1 /T3-F3-1 /T5-F0-1 
"
1031037,V#nN#QMI#sywY#xJidz#vkFXEf#HLAgrCb#hDPlURoaumejtGcqpZWKSBOT,160.500000,4186.000000,47.000000,0.570652,1,"
minimal: 0 / states: 124 / duration: 0.000190s
history:
/T1-F3-1 /T1-F2-1 /T4-T1-1 /T3-T1-1 /T0-T3-1 /D:1     /W-T2-1  /D:6     /W-F2-1  /D:1     
/W-F1-1  /T6-F1-1 /T6-T4-1 /T6-T5-1 /T4-T5-2 /D:1     /W-T3-1  /T6-T3-1 /T6-F0-1 /D:1     
/W-T0-1  /T6-T0-1 /T6-T4-1 /D:3     /W-T2-1  /T5-T2-4 /D:2     /W-F1-1  /D:2     /W-F2-1  
/W-F2-1  /T2-T5-2 /T2-F2-1 /T5-T2-3 /T5-T0-1 /T3-T0-4 /T5-T0-1 /T5-T3-1 /D:1     /W-T6-1  
/T3-T6-2 /T3-F2-1 /D:2     /W-T1-1  /W-T1-1  /T2-T1-7 /T2-T3-1 /T1-T2-1 /T1-F1-1 /T2-T1-2 
/D:2     /W-F0-1  /T1-F0-1 /D:1     /W-F3-1  /D:1     /W-T4-1  /R       /D:1     /W-F0-1  
/D:1     /W-F3-1  /T1-F3-1 /T1-F0-1 /T0-F0-1 /D:1     /W-T3-1  /D:1     /W-T5-1  /D:1     
/W-F3-1  /D:1     /W-F1-1  /T1-F1-1 /T0-F1-1 /T1-F2-1 /T0-F2-1 /T1-F1-1 /T4-T0-2 /T4-F1-1 
/T4-T6-1 /T5-T1-1 /T5-F2-1 /T0-T6-3 /T0-F2-1 /T4-F2-1 /D:1     /W-F1-1  /T6-T0-4 /T6-F1-1 
/T3-F1-1 /T6-F2-1 /T0-T6-6 /T0-F1-1 /T1-T3-5 /T1-F2-1 /D:1     /W-F0-1  /D:1     /W-F3-1  
/T6-F3-1 /T3-F3-1 /T6-F0-1 /T3-F0-1 /T6-F3-1 /T3-F3-1 /T6-F0-1 /T3-F0-1 /T6-F3-1 /T3-F3-1 
/T6-F0-1 /T3-F0-1 /T6-F3-1 
"
1031094,y#eT#Gcr#BgXn#YSzpF#utNwRK#iOMJZhW#skQjLUvbCdEPlmfaIVAHqoDx,127.000000,3843.000000,61.000000,0.494792,1,"
minimal: 0 / states: 142 / duration: 0.000145s
history:
/T3-F2-1 /T6-T5-1 /T4-T1-1 /T3-T0-1 /D:1     /W-T3-1  /D:2     /W-T2-1  /T4-T2-1 /D:4     
/W-T5-1  /T6-T5-1 /T0-T6-2 /T6-T0-3 /T6-T0-1 /D:1     /W-T2-1  /D:5     /W-T4-1  /T5-T4-4 
/T5-T1-1 /D:3     /W-F1-1  /T2-F1-1 /D:2     /W-T0-1  /D:1     /W-F0-1  /D:1     /W-T0-1  
/T1-T0-3 /T1-T3-1 /T4-T1-6 /T2-T4-3 /T2-F1-1 /T4-T2-4 /T2-T1-5 /T6-T2-1 /T6-T1-1 /T4-T2-1 
/T6-T5-1 /D:1     /W-T0-1  /D:1     /W-F2-1  /D:1     /W-T3-1  /D:1     /W-T2-1  /R       
/D:2     /W-T2-1  /D:4     /W-F1-1  /D:2     /W-T0-1  /D:1     /W-T4-1  /D:2     /W-T2-1  
/R       /D:2     /W-T4-1  /W-T4-1  /T5-T4-2 /T5-F3-1 /T1-F3-1 /T1-F2-1 /T0-F3-1 /T0-F2-1 
/T1-F3-1 /T1-F2-1 /T0-F3-1 /T1-F3-1 /T3-T0-2 /T3-F2-1 /T5-F2-1 /T3-T5-1 /T3-F0-1 /T0-T5-3 
/T0-F3-1 /T5-T0-4 /T5-F2-1 /T1-T2-2 /T1-F2-1 /D:1     /W-F3-1  /T0-T4-5 /T0-F3-1 /T1-F3-1 
/T4-T0-6 /T4-F2-1 /T0-T4-7 /T0-F3-1 /T2-T1-4 /T2-F2-1 /T0-F2-1 /T2-F3-1 /T0-F3-1 /T1-T2-6 
/T1-F2-1 /D:1     /W-F0-1  /T4-F0-1 /T4-F1-1 /D:1     /W-F0-1  /T4-F0-1 /T2-F0-1 /D:1     
/W-F1-1  /T4-F1-1 /T2-F1-1 /T4-F0-1 /T2-F0-1 /T4-F1-1 /T2-F1-1 /T4-F0-1 /T2-F0-1 /T4-F1-1 
/T2-F1-1 /T4-F0-1 /T2-F0-1 /T4-F1-1 
"
1031097,l#ei#Esn#wYca#xDFHI#pOGBQK#CRJzkbr#SLvdjWquUNTZAXmVofPhtMyg,112.500000,1585.000000,42.000000,0.628205,1,"
minimal: 0 / states: 127 / duration: 0.000129s
history:
/T2-F2-1 /T3-F1-1 /T5-T0-1 /T5-T6-1 /T5-T3-1 /D:1     /W-T5-1  /T6-T5-2 /T6-F1-1 /D:4     
/W-T0-1  /T4-T0-1 /T4-T1-1 /D:4     /W-T0-1  /T5-T0-4 /D:1     /W-F3-1  /T5-F3-1 /T5-T0-1 
/D:1     /W-T1-1  /T4-T1-1 /T3-T4-2 /D:1     /W-T5-1  /D:1     /W-F0-1  /T4-F0-1 /T4-F1-1 
/D:4     /W-F2-1  /T0-F2-1 /D:2     /W-F3-1  /T0-F3-1 /D:4     /W-T5-1  /T6-T5-1 /T3-T6-1 
/T1-T3-4 /T4-T1-1 /T1-T2-2 /T6-T1-2 /T6-T5-1 /T6-F3-1 /T6-F0-1 /T2-F0-1 /W-T6-1  /T0-T6-8 
/T4-T1-1 /D:1     /R       /D:3     /W-F1-1  /T2-F1-1 /D:1     /W-T1-1  /W-T1-1  /D:1     
/W-F2-1  /T6-F2-1 /T2-F2-1 /T2-F0-1 /T3-F0-1 /T6-F3-1 /T3-F3-1 /T6-F0-1 /T3-F0-1 /T6-F3-1 
/T6-F0-1 /T5-F0-1 /T3-T5-2 /D:1     /W-T5-1  /D:2     /W-T0-1  /D:1     /W-F3-1  /T1-T6-1 
/T1-F3-1 /W-F3-1  /T6-T1-2 /T6-F0-1 /W-F0-1  /T1-T6-3 /T1-F3-1 /T5-T0-5 /T5-F3-1 /T6-T1-4 
/T6-F0-1 /D:1     /W-F1-1  /D:1     /W-T1-1  /D:1     /W-F2-1  /T0-F2-1 /D:1     /W-F1-1  
/T1-F1-1 /T0-F1-1 /T1-F2-1 /T0-F2-1 /T1-F1-1 /T0-F1-1 /T1-F2-1 /T0-F2-1 /T1-F1-1 /T0-F1-1 
/T1-F2-1 
"
1031165,T#la#Iyq#kFRp#LKgvu#WUdiAM#xBVhObX#ECmeSrwGDznPYJHoZtQjNsfc,89.000000,1656.000000,37.000000,0.673913,1,"
minimal: 0 / states: 122 / duration: 0.000128s
history:
/T1-F1-1 /T0-T4-1 /T5-T0-1 /T5-F0-1 /T4-T5-2 /T1-T0-1 /D:3     /W-T1-1  /D:4     /W-T6-1  
/T5-T6-3 /T3-T5-1 /T2-T3-1 /T6-T2-5 /T6-F1-1 /T6-T5-1 /T6-T4-1 /T2-T1-6 /D:1     /W-T4-1  
/D:3     /W-F2-1  /D:1     /W-T3-1  /D:3     /W-T6-1  /D:1     /W-F2-1  /D:5     /W-F3-1  
/T5-F3-1 /T5-F2-1 /T3-F3-1 /T3-F2-1 /D:1     /W-T1-1  /T3-T1-1 /D:1     /W-T4-1  /D:1     
/W-F1-1  /T5-F1-1 /T5-T2-1 /T4-T5-4 /T4-T6-1 /T3-T6-1 /T4-T0-1 /W-T0-1  /W-F3-1  /T1-F3-1 
/W-T2-1  /T2-T0-3 /W-T2-1  /W-T3-1  /T6-T3-4 /T6-F0-1 /T3-T4-6 /T4-T2-7 /T5-T6-5 /R       
/D:1     /W-T6-1  /D:1     /W-F0-1  /D:1     /W-F1-1  /D:1     /W-F3-1  /D:1     /W-F2-1  
/T1-F2-1 /T0-F2-1 /T1-F3-1 /T0-F3-1 /T1-F2-1 /T2-T1-3 /T2-F3-1 /T6-T0-4 /T6-F2-1 /T6-F3-1 
/T1-T2-4 /T1-F2-1 /T1-F3-1 /T6-F2-1 /T1-F2-1 /D:1     /W-F0-1  /T0-F0-1 /T0-F1-1 /T2-F0-1 
/T0-F0-1 /T2-F1-1 /T0-F1-1 /T2-F0-1 /T0-F0-1 /T2-F1-1 /T0-F1-1 /T2-F0-1 /T0-F0-1 /T2-F1-1 
/T0-F1-1 /T2-F0-1 /T1-F1-1 /T0-F0-1 /D:1     /W-F2-1  /D:1     /W-F3-1  /T2-F3-1 
"
1031256,s#jD#Ytg#mSRa#kQdVZ#wiTfnL#oHCJeNF#BcbGWqOIuxAryKzlhvEXpUPM,105.500000,1057.000000,33.000000,0.782051,1,"
minimal: 0 / states: 122 / duration: 0.000134s
history:
/T3-F1-1 /T6-T2-1 /T6-F3-1 /T5-T4-1 /T5-F2-1 /T6-T0-1 /T3-T2-1 /T1-T0-1 /D:2     /W-T0-1  
/W-T0-1  /D:1     /W-F1-1  /D:3     /W-T2-1  /D:1     /W-F3-1  /D:1     /W-T1-1  /D:3     
/W-F0-1  /T0-F0-1 /T0-F1-1 /D:1     /W-T3-1  /D:5     /W-T1-1  /D:2     /W-T5-1  /D:1     
/W-T4-1  /T6-T4-1 /T6-F0-1 /T2-T6-4 /T5-T2-2 /T2-T1-3 /T0-T5-3 /T4-T0-4 /T4-T0-1 /T4-F1-1 
/T4-T1-1 /T6-T0-5 /T6-F2-1 /T5-F0-1 /T5-F1-1 /T1-T3-1 /T1-F0-1 /T1-F1-1 /T3-T1-3 /T0-T5-2 
/T0-F0-1 /T0-F1-1 /T5-T0-4 /D:1     /W-F2-1  /T0-F2-1 /D:2     /W-F3-1  /T1-F3-1 /T0-F3-1 
/T1-F2-1 /T0-F2-1 /T1-F3-1 /T0-F3-1 /T1-F2-1 /T1-F1-1 /T5-F1-1 /W-F3-1  /T5-T4-1 /D:1     
/W-T5-1  /T2-T5-1 /R       /D:1     /W-F0-1  /T0-F0-1 /T1-F0-1 /T0-F3-1 /T0-F0-1 /T1-F1-1 
/T4-T0-1 /T4-F1-1 /D:1     /W-F3-1  /D:1     /W-F2-1  /D:1     /W-T5-1  /D:1     /W-T3-1  
/D:1     /W-F0-1  /T0-T3-2 /T0-F0-1 /D:1     /W-T1-1  /T5-T1-2 /T5-F0-1 /D:1     /W-F1-1  
/T3-T0-3 /T3-F1-1 /D:1     /W-F2-1  /T0-F2-1 /T0-F3-1 /T1-F2-1 /T0-F2-1 /T1-F3-1 /T0-F3-1 
/T1-F2-1 
"
1031291,x#nL#ygb#FuRO#qizNt#SIZCem#HKorYDs#JljUMWPhfQwVdvacXGBTApEk,109.500000,1627.000000,49.000000,0.560976,1,"
minimal: 0 / states: 140 / duration: 0.000155s
history:
/T1-T5-1 /T1-F2-1 /T5-T1-2 /T5-T6-1 /T3-T5-1 /D:3     /W-T0-1  /D:6     /W-T4-1  /D:5     
/W-T0-1  /D:1     /W-F1-1  /T2-F1-1 /T6-T2-2 /T6-T2-1 /T0-T6-3 /D:1     /W-F1-1  /W-F1-1  
/T2-T3-1 /T2-F1-1 /T3-T2-2 /T2-T3-4 /T4-F1-1 /D:1     /W-T1-1  /D:4     /W-F0-1  /D:3     
/W-T2-1  /R       /D:1     /W-T1-1  /D:2     /W-T6-1  /T4-T6-1 /T4-F3-1 /T5-F3-1 /T6-T4-6 
/T4-T0-7 /T3-T4-5 /T4-T1-6 /F1-T0-1 /T6-T0-1 /T6-F2-1 /D:2     /W-T6-1  /D:1     /W-F3-1  
/D:2     /W-T0-1  /T5-T0-1 /T2-T5-2 /T5-T2-3 /T5-T6-1 /T0-T5-3 /T0-F1-1 /W-T6-1  /T5-T0-4 
/W-T5-1  /W-T5-1  /T6-T5-4 /D:1     /W-T2-1  /D:1     /W-T2-1  /T6-T2-1 /D:1     /W-T5-1  
/D:1     /W-F0-1  /T0-F0-1 /T1-F0-1 /T0-F3-1 /T1-F3-1 /D:1     /W-T2-1  /T1-T2-1 /T1-F1-1 
/D:1     /W-F2-1  /T4-F2-1 /T0-F2-1 /T2-F2-1 /T0-F3-1 /T0-F2-1 /T1-F2-1 /T2-F3-1 /T0-F3-1 
/T0-F2-1 /T2-T1-1 /T2-F3-1 /T2-F2-1 /T5-T0-3 /T5-F3-1 /T0-T5-4 /T0-F2-1 /T1-T2-3 /T1-F3-1 
/T0-F3-1 /T2-T1-4 /T2-F2-1 /T0-F2-1 /T2-F3-1 /D:1     /W-F0-1  /T3-F0-1 /T5-F0-1 /T1-F0-1 
/T5-F1-1 /T1-F1-1 /T5-F0-1 /T1-F0-1 /T5-F1-1 /T1-F1-1 /T5-F0-1 /T1-F0-1 /T5-F1-1 /T1-F1-1 
/T5-F0-1 
"
1031295,D#Go#Iyp#BSgR#XTbms#OWJlNP#LQdavjx#FwneCMkHEUKrctYhiquVfZzA,129.500000,2578.000000,60.000000,0.509804,1,"
minimal: 0 / states: 139 / duration: 0.000154s
history:
/T5-T0-1 /T5-F3-1 /T6-T5-1 /T6-T5-1 /T6-T5-1 /T6-F1-1 /T3-T4-1 /T4-T3-2 /T2-T6-1 /T1-T0-1 
/T2-T4-1 /T0-T3-3 /T4-T0-2 /T4-F1-1 /D:1     /W-T4-1  /D:2     /W-F2-1  /T3-F2-1 /T6-F2-1 
/D:1     /W-T4-1  /D:1     /W-T6-1  /D:2     /W-T0-1  /D:3     /W-T2-1  /T1-T2-1 /D:3     
/W-F1-1  /D:3     /W-T5-1  /D:2     /W-F2-1  /D:3     /W-T2-1  /D:1     /W-T1-1  /D:2     
/W-F0-1  /R       /D:1     /W-T0-1  /D:3     /W-T2-1  /T6-T2-2 /T2-T6-1 /T2-F1-1 /T6-T2-2 
/T4-F1-1 /T6-T1-1 /D:2     /W-F2-1  /T3-T4-3 /T3-F2-1 /D:1     /W-F2-1  /D:2     /W-T0-1  
/D:1     /W-T0-1  /T3-T0-1 /F2-T5-1 /T3-T5-1 /T3-F0-1 /T2-F0-1 /T2-T5-2 /T2-F1-1 /T0-F1-1 
/T4-T0-5 /T5-T2-3 /T5-F2-1 /T5-F1-1 /T4-T1-1 /D:2     /W-T3-1  /T5-T3-4 /T5-T1-1 /W-T1-1  
/T0-T1-6 /T0-F1-1 /T3-T5-1 /T3-F1-1 /T5-T3-2 /T5-F3-1 /T1-F3-1 /T1-F0-1 /T2-F3-1 /T1-F3-1 
/T2-F0-1 /T1-F0-1 /T2-F3-1 /T1-F3-1 /T1-F2-1 /T2-F0-1 /T2-F3-1 /T3-F2-1 /T0-F2-1 /T0-F1-1 
/T1-F3-1 /T3-F3-1 /T3-F2-1 /T0-F2-1 /T3-F1-1 /T0-F1-1 /T3-F2-1 /R       /D:1     /W-T0-1  
/D:1     /W-F0-1  /T2-F0-1 /T1-F0-1 /T1-F3-1 /D:1     /W-F0-1  /T1-F0-1 /T0-F0-1 /D:1     
/W-F3-1  /T1-F3-1 
"
1031332,j#il#FdG#TWMk#IsucH#VXePKa#ULRmwQJ#yxghqvpYOBZoNfDzbAEnrCSt,135.500000,1370.000000,51.000000,0.554348,1,"
minimal: 0 / states: 128 / duration: 0.000144s
history:
/T5-F1-1 /T6-T3-1 /T5-T1-1 /T0-T1-1 /D:3     /W-T4-1  /D:3     /W-T1-1  /D:1     /W-T6-1  
/D:2     /W-T6-1  /D:1     /W-T5-1  /D:1     /W-T0-1  /D:2     /W-F3-1  /T6-F3-1 /D:1     
/W-T2-1  /D:3     /W-F1-1  /D:1     /W-F0-1  /T5-F0-1 /T5-F3-1 /D:1     /W-T2-1  /T6-T2-2 
/D:1     /W-F2-1  /D:2     /W-F0-1  /D:2     /R       /D:1     /W-T0-1  /T3-T0-2 /T1-T3-4 
/T4-T1-2 /T4-F1-1 /T1-T0-3 /T3-T1-5 /D:2     /W-T1-1  /T2-T1-5 /T2-F1-1 /T5-F1-1 /T6-T5-1 
/T2-T0-1 /T6-T2-1 /T6-T0-1 /T5-T6-2 /T4-T5-1 /T6-T2-3 /T5-T2-2 /D:1     /W-T0-1  /D:2     
/W-F2-1  /T1-F2-1 /T0-F2-1 /T1-F3-1 /T0-F3-1 /D:1     /W-F0-1  /T1-F0-1 /T0-F0-1 /T4-T0-1 
/T1-F1-1 /T1-F0-1 /T0-T2-2 /T0-F0-1 /T4-F0-1 /D:1     /W-T4-1  /W-T4-1  /W-T4-1  /T3-T4-1 
/T2-T3-1 /T2-F1-1 /T1-F1-1 /T0-F1-1 /T0-F0-1 /T1-T4-1 /T1-F1-1 /T0-F1-1 /T1-F0-1 /T1-F1-1 
/T2-T0-4 /T2-F0-1 /T1-F0-1 /T2-F1-1 /T3-T0-2 /T6-T4-1 /D:1     /W-F2-1  /T0-F2-1 /D:1     
/W-F3-1  /T0-F3-1 /T4-F3-1 /D:1     /W-F2-1  /T0-F2-1 /T0-F3-1 /T4-F2-1 /T0-F2-1 /T4-F3-1 
/T0-F3-1 /T4-F2-1 /T0-F2-1 /T4-F3-1 /T0-F3-1 /T4-F2-1 
"
1031359,A#aR#SQC#LoNJ#xOVKf#YzpvnB#PuFWmGk#ebIsitgMXdUcyDZhEwrHqlTj,111.000000,1487.000000,51.000000,0.574074,1,"
minimal: 0 / states: 133 / duration: 0.000141s
history:
/T0-F0-1 /T5-F0-1 /T5-F2-1 /T2-F0-1 /T3-T6-1 /T3-F3-1 /T3-F2-1 /T6-T3-2 /T4-T6-1 /D:5     
/W-T3-1  /D:3     /W-T0-1  /D:3     /W-T5-1  /T6-T5-2 /T3-T6-4 /T6-T3-5 /T5-T6-4 /T5-F2-1 
/T6-T4-5 /T1-T6-1 /T1-F1-1 /T5-T1-1 /T4-T5-6 /T5-T0-7 /D:3     /W-F0-1  /D:1     /W-T5-1  
/W-T5-1  /D:2     /W-T0-1  /T2-T0-1 /D:2     /W-T2-1  /T0-T2-1 /T0-F0-1 /D:1     /W-T3-1  
/D:1     /W-F2-1  /D:1     /W-T1-1  /D:1     /W-T3-1  /T6-T3-2 /T6-T4-1 /D:1     /R       
/D:2     /W-F1-1  /D:4     /W-T4-1  /D:1     /W-T5-1  /D:2     /W-F1-1  /W-F1-1  /D:2     
/W-T5-1  /T4-T5-3 /T4-F3-1 /T6-F3-1 /T2-F3-1 /T2-F2-1 /T3-F3-1 /T2-F3-1 /T3-F0-1 /T3-F3-1 
/T4-T1-1 /D:1     /W-T1-1  /R       /D:1     /W-F1-1  /T0-F1-1 /T0-F0-1 /T0-F3-1 /T3-F0-1 
/T5-F1-1 /T5-T3-1 /T5-F3-1 /T0-T1-1 /T0-F3-1 /D:1     /W-F0-1  /T3-T5-2 /T3-F0-1 /T0-F0-1 
/T5-T3-3 /T5-F3-1 /T0-F3-1 /T3-T5-4 /T3-F0-1 /T0-F0-1 /T5-T3-5 /T5-F3-1 /D:1     /W-F2-1  
/D:1     /W-F2-1  /T3-F2-1 /T1-F2-1 /D:1     /W-F1-1  /T3-F1-1 /T1-F1-1 /T3-F2-1 /T1-F2-1 
/T3-F1-1 /T1-F1-1 /T3-F2-1 /T1-F2-1 /T3-F1-1 
"
1031417,y#dj#QHD#gnVN#PlWwZ#XEeCAs#FfrMpcq#GzbJRYiSokTOtxvImKuhaULB,142.000000,2192.000000,63.000000,0.494898,1,"
minimal: 0 / states: 135 / duration: 0.000149s
history:
/T3-F3-1 /T0-T4-1 /T4-T0-2 /T3-T4-1 /T3-F2-1 /T5-T3-1 /T5-F0-1 /D:3     /W-T5-1  /D:2     
/W-T3-1  /T6-T3-1 /T6-T2-1 /D:4     /W-F2-1  /T6-F2-1 /T3-F2-1 /T2-T3-2 /T2-T4-1 /T5-T2-2 
/T3-T4-5 /T6-T3-1 /T6-F2-1 /D:1     /W-T0-1  /T4-T0-8 /D:2     /W-F3-1  /D:3     /W-T1-1  
/D:1     /W-T4-1  /D:4     /W-T1-1  /D:1     /W-F1-1  /T2-F1-1 /T0-F1-1 /D:1     /W-T4-1  
/D:2     /W-F0-1  /T2-F0-1 /T0-F0-1 /R       /D:1     /W-T1-1  /T6-T1-1 /T5-T6-1 /T5-F0-1 
/D:2     /W-T5-1  /D:1     /W-T3-1  /D:1     /W-T5-1  /D:3     /W-T4-1  /D:1     /W-T3-1  
/T4-T3-4 /D:2     /W-T4-1  /T1-T4-5 /T1-F1-1 /T6-F1-1 /T4-F1-1 /T6-F0-1 /T4-F0-1 /W-T1-1  
/D:1     /W-T5-1  /T0-T5-3 /T0-F0-1 /D:1     /W-T1-1  /T5-T1-7 /R       /D:1     /W-T5-1  
/T4-T5-5 /T4-F3-1 /T2-F3-1 /T1-F3-1 /T1-F2-1 /T1-F1-1 /T3-F2-1 /T5-F1-1 /T1-F2-1 /T1-F1-1 
/T5-F2-1 /T5-F1-1 /T0-T1-1 /T0-F2-1 /T0-F1-1 /T3-T5-3 /T3-F2-1 /T0-F2-1 /T5-T3-4 /T5-F1-1 
/T5-F2-1 /T1-T0-4 /T1-F1-1 /D:1     /W-F3-1  /D:1     /W-F3-1  /T3-F3-1 /T0-F3-1 /T3-F0-1 
/T0-F0-1 /T3-F3-1 /T0-F3-1 /T3-F0-1 /T0-F0-1 /T3-F3-1 /T0-F3-1 /T3-F0-1 
"
1031442,s#Rx#jBV#eHvg#MISdC#DGFKzc#UEYqmXo#bPWZTnlwfhNOQtiukAaryJLp,125.500000,2522.000000,46.000000,0.643678,1,"
minimal: 0 / states: 120 / duration: 0.000134s
history:
/T6-T5-1 /T0-T3-1 /D:1     /W-T4-1  /D:2     /W-T1-1  /D:1     /W-T0-1  /D:2     /W-F2-1  
/T5-F2-1 /D:2     /W-T6-1  /T2-T6-1 /T2-T5-1 /D:3     /W-F3-1  /D:1     /W-F3-1  /D:4     
/W-T6-1  /T3-T6-2 /T3-T1-1 /D:2     /W-F0-1  /T5-F0-1 /D:1     /W-F1-1  /T4-F1-1 /T4-F0-1 
/T5-F1-1 /T4-F1-1 /D:1     /W-T4-1  /D:1     /W-T0-1  /T6-T0-6 /D:2     /W-T6-1  /D:1     
/W-F2-1  /R       /D:1     /W-F3-1  /D:1     /W-T3-1  /D:1     /W-T5-1  /T1-T5-3 /T1-T0-1 
/T5-T1-5 /T2-T5-1 /T6-T2-2 /T6-F2-1 /T5-T6-2 /T5-T3-1 /T4-T5-2 /T4-T6-1 /T6-T4-4 /T5-F2-1 
/T6-T5-1 /T5-T6-3 /T5-F0-1 /T6-F0-1 /T3-F0-1 /T6-T1-3 /D:2     /W-T4-1  /D:1     /W-F3-1  
/T0-F3-1 /T1-F3-1 /T0-F2-1 /T3-F3-1 /T1-F0-1 /T3-F0-1 /T3-F1-1 /W-F1-1  /T0-F1-1 /T1-F3-1 
/T4-F1-1 /T4-F0-1 /D:1     /W-F2-1  /T0-F2-1 /T0-F3-1 /T1-F2-1 /T1-F3-1 /T0-F2-1 /T0-F3-1 
/T1-F2-1 /T0-F2-1 /T4-T1-2 /T4-F3-1 /T0-F3-1 /T1-T4-3 /T1-F2-1 /D:1     /W-F1-1  /T4-F1-1 
/D:1     /W-F1-1  /D:1     /W-F0-1  /T4-F0-1 /T2-F0-1 /T4-F1-1 /T2-F1-1 /T4-F0-1 
"
1031483,o#Ey#NuX#aALK#GBUdS#IxQVkz#cjDhvJg#fptTOCsriqZwMWbPRFenlHYm,154.500000,4371.000000,62.000000,0.494681,1,"
minimal: 0 / states: 131 / duration: 0.000151s
history:
/T2-T1-1  /T6-T2-1  /T6-T1-1  /D:7      /W-T2-1   /D:1      /W-T4-1   /D:1      /W-T1-1   /T2-T1-3  
/T2-F3-1  /T5-T2-1  /D:3      /W-T5-1   /D:2      /W-T3-1   /T6-T3-1  /T6-T3-1  /D:2      /W-T6-1   
/T0-T6-1  /D:1      /W-T1-1   /T6-T1-3  /D:3      /W-F2-1   /T1-F2-1  /D:1      /W-T2-1   /T3-T2-4  
/T5-T3-2  /T5-T3-1  /T5-T4-1  /T6-T5-1  /D:1      /W-T3-1   /D:2      /W-T0-1   /T3-T0-5  /T3-F0-1  
/T3-F1-1  /R        /D:2      /W-F2-1   /D:1      /W-T2-1   /T4-T2-3  /D:1      /W-T0-1   /D:1      
/W-F3-1   /T1-F3-1  /T2-F3-1  /T4-T2-1  /T6-T1-1  /D:1      /W-T2-1   /D:1      /W-F2-1   /D:1      
/W-T3-1   /T1-T3-10 /T2-T1-2  /T2-F2-1  /T1-T2-3  /D:1      /W-T1-1   /D:1      /W-F1-1   /T3-F1-1  
/D:1      /W-T0-1   /T3-T0-2  /T3-F2-1  /D:2      /W-T1-1   /T5-T1-2  /T4-T5-1  /T4-F0-1  /T2-F0-1  
/T0-F0-1  /T0-F3-1  /T2-F1-1  /T2-F0-1  /T2-F3-1  /W-F1-1   /T0-F0-1  /T0-F3-1  /W-F1-1   /T2-F2-1  
/T3-F1-1  /T3-F2-1  /T4-F0-1  /T0-F0-1  /T2-F1-1  /T3-F1-1  /T5-F3-1  /T0-F3-1  /T2-F2-1  /T0-F2-1  
/T5-F0-1  /T1-F1-1  /T2-F3-1  /T1-F2-1  /T3-F0-1  /T0-F1-1  /T2-F0-1  /T2-F1-1  /T3-F3-1  /T0-F0-1  
/T1-F3-1  /T1-F0-1  /T3-F2-1  /T0-F1-1  /T2-F2-1  /T3-F3-1  
"
1031517,g#wj#eob#nYlX#OfkqQ#NzLvmK#VpBcaAF#HDCSuRJiGsUEIhxPMWTdrZyt,109.000000,2781.000000,55.000000,0.560241,1,"
minimal: 0 / states: 125 / duration: 0.000163s
history:
/T6-T0-1 /T6-F0-1 /T6-F1-1 /T2-F1-1 /T6-F1-1 /T6-F0-1 /T1-T5-1 /T6-T4-1 /T1-T3-1 /T6-T3-1 
/D:1     /W-T3-1  /T0-T3-2 /D:2     /W-F0-1  /W-F0-1  /D:3     /W-T3-1  /D:6     /W-F0-1  
/D:1     /W-T5-1  /W-T5-1  /D:4     /W-T0-1  /D:3     /W-F1-1  /D:2     /W-T1-1  /D:1     
/W-T1-1  /T3-T1-7 /T5-T3-4 /T5-T6-1 /T3-T0-5 /D:1     /W-T0-1  /R       /D:1     /W-T0-1  
/F0-T0-1 /T4-T0-2 /T4-T1-1 /D:2     /W-T4-1  /D:1     /W-T4-1  /W-T4-1  /D:3     /W-T5-1  
/D:1     /W-T3-1  /D:1     /W-T1-1  /T2-T1-1 /T2-F1-1 /D:1     /W-T3-1  /T5-T3-2 /T4-T5-4 
/T4-F1-1 /T5-T6-5 /T3-T5-5 /T3-F2-1 /T1-F2-1 /T5-T2-6 /T5-F3-1 /T4-F3-1 /T0-F2-1 /T1-F3-1 
/T0-F3-1 /T0-F0-1 /T1-F2-1 /T1-F3-1 /T1-F0-1 /T0-F3-1 /T1-F1-1 /T2-F1-1 /D:1     /W-F3-1  
/D:1     /W-F2-1  /W-F2-1  /T0-F2-1 /T6-F2-1 /W-F0-1  /T0-F3-1 /T1-F0-1 /T0-F0-1 /T1-F3-1 
/T2-F2-1 /T2-F3-1 /T6-F1-1 /T0-F1-1 /T1-F2-1 /T2-F2-1 /T6-F0-1 /T0-F0-1 /T1-F3-1 /T2-F3-1 
/T6-F1-1 /T0-F1-1 /T1-F2-1 /T2-F2-1 /T6-F0-1 /T0-F0-1 /T1-F3-1 /T6-F1-1 
"
1031537,d#Bs#Qmi#PFpT#bXlyZ#grYSue#WhOnqtM#UKovDxVzRfHwkjJIcaALEGNC,123.000000,3006.000000,63.000000,0.523585,1,"
minimal: 0 / states: 140 / duration: 0.000150s
history:
/T5-T1-1 /T5-T2-1 /T3-T2-1 /T3-T0-1 /T1-T2-2 /D:5     /W-T2-1  /D:4     /W-T3-1  /D:8     
/W-T2-1  /T1-T2-1 /T6-T1-1 /T5-T6-1 /T5-T1-1 /T5-T6-1 /T3-T5-2 /T0-T6-2 /T4-T0-1 /T4-T0-1 
/D:1     /W-F1-1  /D:1     /W-F0-1  /T2-F0-1 /D:4     /W-F3-1  /D:1     /W-F0-1  /R       
/D:2     /W-T1-1  /D:1     /W-T2-1  /D:2     /W-T4-1  /D:6     /W-T0-1  /W-T0-1  /T2-T0-8 
/D:1     /W-T1-1  /D:2     /W-T1-1  /D:1     /W-T2-1  /D:2     /R       /D:1     /W-T1-1  
/T6-T1-5 /T6-T5-1 /T6-F2-1 /T0-F2-1 /T6-F3-1 /T3-F3-1 /T2-T3-2 /T1-F2-1 /T2-F3-1 /T5-F2-1 
/T5-F3-1 /D:3     /W-T2-1  /T4-T2-2 /T4-T3-1 /T4-F1-1 /T0-F1-1 /T0-F0-1 /T1-F1-1 /T0-F1-1 
/T1-F2-1 /T0-F2-1 /T1-F3-1 /T0-F3-1 /T1-F2-1 /T0-F2-1 /T1-F3-1 /T6-T1-1 /W-F3-1  /T6-F3-1 
/T3-F3-1 /W-F2-1  /D:1     /W-F1-1  /D:1     /W-T0-1  /T5-T0-2 /D:2     /W-F0-1  /T0-F0-1 
/T0-F1-1 /T1-F1-1 /D:1     /W-F0-1  /T0-F0-1 /T0-F1-1 /T0-F2-1 /T1-F0-1 /T1-F1-1 /T2-F2-1 
/W-F0-1  /T0-F1-1 /T0-F2-1 /T1-F0-1 /T1-F3-1 /T2-F1-1 /T2-F2-1 /T3-F0-1 /T0-F3-1 /T1-F0-1 
/T3-F1-1 
"
1031543,z#xm#GDQ#vKok#HNyTr#SnieaP#FVEbUlY#CqXtpWOcsBujfLJRZdIhwMgA,179.500000,6328.000000,72.000000,0.500000,1,"
minimal: 0 / states: 142 / duration: 0.000149s
history:
/T6-T0-1 /T2-T4-1 /T5-T2-1 /T5-F1-1 /T2-T5-2 /D:1     /W-T4-1  /D:6     /W-T4-1  /D:3     
/W-T5-1  /D:3     /W-T2-1  /T4-T2-4 /D:1     /W-T1-1  /T3-T1-1 /D:1     /W-T1-1  /D:9     
/W-F0-1  /T5-F0-1 /T3-T5-1 /T3-T0-1 /R       /D:5     /W-T0-1  /T3-T0-1 /T1-T3-4 /T1-T6-1 
/D:2     /W-T4-1  /T5-T4-4 /T5-T3-1 /T5-F2-1 /T4-F2-1 /D:1     /W-T3-1  /T4-T3-5 /D:1     
/W-T6-1  /D:2     /W-T1-1  /T4-T1-1 /T4-F3-1 /T2-F3-1 /T3-F3-1 /T2-F0-1 /T2-F3-1 /T3-F0-1 
/W-F3-1  /T5-F3-1 /D:1     /W-T2-1  /D:1     /W-T6-1  /D:1     /W-T0-1  /T2-T0-4 /D:2     
/W-T2-1  /T6-T2-4 /T6-T2-1 /T6-F1-1 /T6-F0-1 /T4-T6-1 /D:1     /W-T6-1  /T3-T6-2 /T3-F3-1 
/T2-F3-1 /R       /D:1     /W-T6-1  /D:1     /W-T1-1  /D:2     /W-F2-1  /T6-F2-1 /D:1     
/W-F1-1  /T0-F1-1 /T0-F2-1 /T6-F1-1 /T0-F1-1 /T6-F2-1 /W-F2-1  /T3-F2-1 /T6-T3-2 /T6-F3-1 
/T6-F0-1 /T0-F0-1 /T3-F1-1 /T0-F1-1 /T0-F2-1 /T3-F0-1 /T2-F0-1 /T0-F3-1 /T3-F1-1 /T2-F1-1 
/T3-F0-1 /T0-F0-1 /T1-F3-1 /T0-F3-1 /T3-F1-1 /T3-F0-1 /T1-T3-1 /T1-F3-1 /T2-T0-2 /T2-F0-1 
/D:1     /W-F2-1  /T0-F2-1 /T0-F1-1 /T3-F2-1 /T0-F2-1 /T3-F1-1 
"
1031614,X#WZ#OjY#asyV#KupSm#nczNBG#Iltfhgw#RkbdvMeQETAqJFUxirPCoLDH,141.000000,2147.000000,54.000000,0.517045,1,"
minimal: 0 / states: 127 / duration: 0.000131s
history:
/T6-T0-1  /T3-T0-1  /T3-T1-1  /T3-T6-1  /T3-F1-1  /T4-T3-1  /T4-T5-1  /T0-T1-3  /T1-T0-5  /D:1      
/W-T6-1   /D:2      /W-F1-1   /D:2      /W-T1-1   /D:4      /W-T5-1   /W-T5-1   /T4-T5-1  /T6-T4-3  
/T5-T6-5  /T6-T1-6  /T4-T0-4  /T1-T4-8  /T4-T2-9  /D:2      /W-F0-1   /T5-F0-1  /T5-F3-1  /T2-T5-10 
/T5-T1-11 /T5-F1-1  /T5-F2-1  /D:1      /W-T0-1   /D:6      /W-T6-1   /D:1      /W-T0-1   /D:1      
/W-F0-1   /D:1      /W-F2-1   /T1-F2-1  /D:1      /W-T3-1   /D:1      /W-F0-1   /T1-T6-1  /T1-F0-1  
/D:1      /R        /D:1      /W-T3-1   /D:1      /W-F1-1   /D:1      /W-T4-1   /D:1      /W-F1-1   
/T6-T1-2  /T6-F1-1  /D:2      /W-T3-1   /D:1      /W-F0-1   /T1-T6-3  /T1-F0-1  /T6-T1-4  /T6-T4-1  
/T6-T2-1  /D:1      /W-T2-1   /D:1      /W-T4-1   /T2-T4-3  /T2-F3-1  /T0-F3-1  /T0-F2-1  /T1-F3-1  
/T0-F3-1  /T1-F2-1  /T0-F2-1  /T0-F1-1  /T1-F3-1  /T1-F2-1  /T1-F1-1  /W-F3-1   /T0-F2-1  /T4-F3-1  
/T1-F2-1  /T0-F3-1  /T0-F2-1  /T1-F3-1  /T0-F3-1  /T4-T1-2  /T4-F2-1  /T0-F2-1  /T1-T4-3  /T1-F3-1  
/T0-F3-1  /T1-F2-1  /D:1      /W-F1-1   /D:1      /W-F0-1   /T4-F0-1  /T3-F0-1  /T4-F1-1  /T3-F1-1  
/T4-F0-1  /T3-F0-1  /T4-F1-1  /T3-F1-1  /T4-F0-1  
"
1031834,K#rg#coT#UYWf#PBbtN#lQEDMR#qSwkzus#mhyLjAiXpZOVexnCGFdHIvJa,70.000000,48.000000,51.000000,0.586735,0,"
minimal: 0 / states: 1399489 / duration: 4.698495s
history:
/T4-F3-1 /T3-T4-1 /T3-T0-1 /T0-T3-2 /D:1     /W-T0-1  /D:2     /W-T0-1  /D:3     /W-F0-1  
/D:2     /W-T0-1  /D:3     /W-F3-1  /D:2     /W-T6-1  /D:2     /W-F2-1  /D:3     /W-T1-1  
/D:3     /W-T3-1  /D:2     /W-T0-1  /D:1     /W-F1-1  /T5-T1-1 /T3-T5-4 /T4-T3-2 /T4-F1-1 
/T4-F0-1 /T4-F3-1 /T6-T2-2 /T2-T6-3 /T2-F2-1 /T2-F1-1 /R       /D:1     /W-T5-1  /D:3     
/W-T0-1  /D:1     /W-F2-1  /T5-T2-6 /D:4     /W-F0-1  /T5-F0-1 /T5-F0-1 /T5-F3-1 /T1-F3-1 
/T1-F0-1 /D:1     /W-F0-1  /D:1     /W-F1-1  /T6-F1-1 /T3-F1-1 /T1-F1-1 /T2-F1-1 /T0-F1-1 
/D:1     /W-F0-1  /T2-F0-1 /D:1     /W-T2-1  /R       /D:2     /W-F1-1  /D:2     /W-T0-1  
/T6-T0-3 /T6-T4-1 /T6-F1-1 /T5-F1-1 /T0-T6-4 /T0-F0-1 /T6-T0-5 /T6-F3-1 /T6-F2-1 /T1-F2-1 
/T0-F2-1 /T0-F3-1 /T3-F2-1 /T0-F2-1 /T2-F2-1 /T3-F3-1 /T0-F3-1 /T0-F2-1 /T2-F3-1 /T0-F3-1 
/T2-F0-1 /T2-F3-1 /D:1     /W-F2-1  /T0-F2-1 /T0-F1-1 /T4-F2-1 /R       /D:1     /W-F0-1  
/T2-F0-1 /D:1     /W-F3-1  
"
1031864,F#Ed#StB#yeIN#QkmZK#ToqMVh#lfgabPO#CrYxpsnJcDARXHwUjGLvWuzi,97.500000,195.000000,46.000000,0.616279,0,"
minimal: 0 / states: 3933278 / duration: 8.304079s
history:
/T3-F3-1 /T6-F3-1 /T6-F3-1 /D:5     /W-T1-1  /T6-T1-1 /T6-F1-1 /T1-F1-1 /D:1     /W-T6-1  
/D:1     /W-F2-1  /D:2     /W-F1-1  /D:2     /W-F0-1  /T2-F0-1 /D:1     /W-T6-1  /D:5     
/W-T4-1  /D:1     /W-T5-1  /D:2     /W-T4-1  /T5-T4-2 /D:2     /W-T5-1  /T6-T5-3 /D:2     
/R       /D:1     /W-F0-1  /D:1     /W-T6-1  /T1-T6-2 /D:4     /W-F0-1  /T1-F0-1 /T0-F0-1 
/T4-F0-1 /D:2     /W-F0-1  /T3-F0-1 /T6-T2-4 /T4-T6-4 /T4-T0-1 /T4-T1-1 /D:1     /W-T4-1  
/D:2     /W-T1-1  /T4-T1-2 /T4-F3-1 /T5-F3-1 /T5-T1-4 /T5-T4-1 /T5-T3-1 /T5-F2-1 /T2-F2-1 
/T2-F1-1 /T3-F2-1 /T2-F2-1 /T1-F2-1 /T3-F1-1 /T2-F1-1 /T1-F1-1 /T2-F2-1 /T2-F3-1 /T1-F2-1 
/T5-F3-1 /T6-F1-1 /T6-F2-1 /D:3     /W-F1-1  /T6-F1-1 /R       /D:3     /W-F0-1  /T6-F0-1 
/D:1     /W-T3-1  /D:1     /W-F3-1  /T1-F3-1 /T1-F2-1 /T1-F1-1 /T1-F0-1 /T4-F0-1 /T6-F1-1 
/T1-F1-1 /D:1     /W-F3-1  /T3-F3-1 /D:1     /W-T1-1  /R       /D:1     /W-F3-1  /T0-F3-1 
/D:1     /W-F2-1  /T3-F2-1 /T1-F2-1 
"
1040063,n#QS#IHV#lXhk#uZECT#vGczsw#doWfRDP#ipxqyFOJAjYtBNaeUbLrKgMm,121.000000,809.000000,40.000000,0.664706,1,"
minimal: 0 / states: 115 / duration: 0.000172s
history:
/T0-F2-1 /T5-T3-1 /T5-T4-1 /T5-T0-1 /T2-T3-1 /T4-T2-2 /T2-T3-3 /D:7     /W-T4-1  /D:2     
/W-F0-1  /D:2     /W-T0-1  /D:2     /W-F0-1  /D:1     /W-F3-1  /T4-F3-1 /T4-F0-1 /T6-F3-1 
/T6-F0-1 /T4-F0-1 /T6-T3-1 /D:1     /W-F1-1  /D:2     /W-T2-1  /D:1     /W-F1-1  /T5-F1-1 
/T6-T5-1 /T5-T2-2 /T2-T6-4 /T4-T2-1 /D:1     /W-T2-1  /T3-T2-7 /T3-T5-1 /D:1     /W-T1-1  
/D:1     /W-T0-1  /T6-T0-5 /T6-F2-1 /T6-F1-1 /W-F1-1  /W-T5-1  /T1-T5-2 /T0-F1-1 /T1-F3-1 
/T2-F3-1 /D:1     /W-F1-1  /D:1     /W-T1-1  /D:1     /W-T6-1  /R       /D:2     /W-F2-1  
/D:2     /W-F2-1  /T5-F2-1 /T2-F2-1 /T5-F3-1 /T5-F2-1 /T2-F3-1 /T4-F2-1 /T5-F1-1 /T5-F2-1 
/D:1     /W-T6-1  /T3-T6-1 /W-T3-1  /W-F1-1  /T3-T1-2 /D:1     /W-F0-1  /T0-F0-1 /T0-F3-1 
/T2-F0-1 /T0-F0-1 /T2-F3-1 /T0-F3-1 /T2-F2-1 /T1-F2-1 /T6-F3-1 /T6-F2-1 /T0-T1-1 /T0-F3-1 
/T0-F2-1 /T2-T6-2 /T2-F3-1 /D:1     /W-F0-1  /T1-F0-1 /D:1     /W-F1-1  /T6-F1-1 /T1-F1-1 
/T6-F0-1 /T1-F0-1 /T6-F1-1 
"
1040184,w#Tg#ean#LMiI#kFuNP#fhXVtm#WBQqDAH#cvGxUZSYRzJCEsrKpjlOodby,130.000000,1573.000000,69.000000,0.472222,1,"
minimal: 0 / states: 142 / duration: 0.000166s
history:
/T2-F2-1 /T2-F1-1 /T1-T6-1 /D:5     /W-T3-1  /D:9     /W-T1-1  /T2-T1-1 /T5-T2-1 /T5-T3-1 
/T6-T5-2 /T6-F0-1 /T4-T6-1 /T4-F3-1 /T6-T1-2 /T5-T0-3 /T0-T5-4 /T1-T4-5 /D:6     /W-F3-1  
/T4-F3-1 /D:1     /W-F2-1  /D:2     /W-F1-1  /D:1     /W-T2-1  /T5-T2-5 /R       /D:1     
/W-F1-1  /D:2     /W-T5-1  /D:2     /W-T0-1  /D:1     /W-T3-1  /D:3     /W-T1-1  /D:3     
/W-T3-1  /D:3     /W-F2-1  /T6-F2-1 /T6-F3-1 /T6-F0-1 /T3-T6-5 /T4-T3-5 /T4-T2-1 /D:2     
/W-T1-1  /D:1     /W-F1-1  /R       /D:2     /W-T1-1  /T6-T1-6 /D:2     /W-F3-1  /D:1     
/W-T4-1  /T3-T4-6 /T3-T6-1 /W-T6-1  /T3-T0-1 /T4-T0-8 /D:1     /W-F0-1  /T0-F0-1 /T0-F1-1 
/T1-F0-1 /T2-F0-1 /T1-F3-1 /T5-F0-1 /T0-T2-1 /T0-F3-1 /T1-T5-1 /T1-F3-1 /T5-T1-2 /T5-F1-1 
/T2-T0-2 /T2-F0-1 /T2-F3-1 /D:1     /W-F2-1  /T0-F2-1 /T0-F1-1 /T1-F2-1 /T0-F2-1 /T1-F1-1 
/T0-F1-1 /T1-F0-1 /T0-F0-1 /W-F2-1  /T1-F3-1 /T2-F2-1 /T2-F3-1 /T1-F2-1 /T2-F2-1 /T6-F3-1 
/T0-T2-2 /T0-F3-1 /T1-T6-1 /T1-F2-1 /D:1     /W-F0-1  /D:1     /W-F1-1  /T2-F1-1 /T2-F0-1 
/T6-F1-1 /T2-F1-1 /T6-F0-1 
"
1040200,L#oO#NeX#mjuM#ySaxT#hGbgUr#wdkYspF#KncHAqZEVJlCzWBQIPRDtfvi,124.500000,3003.000000,42.000000,0.628205,1,"
minimal: 0 / states: 121 / duration: 0.000133s
history:
/T6-T4-1 /T2-T0-1 /T1-T6-1 /T2-T4-1 /T2-F3-1 /T6-F3-1 /T3-T2-1 /T4-T3-3 /D:2     /W-F2-1  
/T1-F2-1 /T6-F2-1 /D:3     /W-F0-1  /D:1     /W-F2-1  /T5-F2-1 /T6-F2-1 /T4-T6-1 /T4-F1-1 
/T6-T2-2 /D:1     /W-T1-1  /T0-T1-2 /D:1     /W-T4-1  /D:2     /W-T1-1  /W-T1-1  /T3-T1-4 
/T3-T2-1 /D:3     /W-T0-1  /D:2     /W-F0-1  /D:1     /W-T4-1  /D:1     /W-T2-1  /T5-T2-1 
/D:1     /W-F3-1  /T4-F3-1 /D:1     /W-F3-1  /D:1     /W-T1-1  /D:1     /W-T2-1  /T4-T2-2 
/T6-T4-1 /T6-T2-1 /T4-T3-2 /T6-T3-1 /D:3     /W-T3-1  /R       /D:2     /W-T1-1  /D:1     
/W-T3-1  /T5-T3-1 /T5-F1-1 /T1-F1-1 /T2-F1-1 /T2-T5-2 /T2-F2-1 /T5-T2-3 /D:1     /W-T0-1  
/W-T0-1  /D:1     /W-F0-1  /T1-F0-1 /T1-F1-1 /T2-F0-1 /T1-F0-1 /T2-F3-1 /T1-F3-1 /T1-F2-1 
/T2-F0-1 /T2-F3-1 /T1-F3-1 /T5-T2-1 /D:1     /W-F3-1  /D:1     /W-F1-1  /T3-F1-1 /T2-F1-1 
/T3-F0-1 /T2-F0-1 /T3-F1-1 /T1-F0-1 /T0-F0-1 /T1-F3-1 /T1-F0-1 /T2-F1-1 /T2-T0-1 /T2-F3-1 
/T1-F3-1 /T2-F0-1 /D:1     /W-F2-1  /T3-F2-1 /T0-F2-1 /T3-F1-1 /T0-F1-1 /T3-F2-1 /T0-F2-1 
/T3-F1-1 
"
1040218,k#wb#Vdl#AvrY#THctI#yONLeC#RFjhmqu#fDsWiMpZPSGEzBxQogJUKXna,113.000000,2369.000000,54.000000,0.554878,1,"
minimal: 0 / states: 140 / duration: 0.000154s
history:
/T1-T5-1  /T1-T0-1  /D:5      /W-T0-1   /T6-T0-1  /D:1      /W-T1-1   /T3-T1-1  /D:3      /W-T6-1   
/D:5      /W-T6-1   /D:1      /W-T1-1   /D:1      /W-T3-1   /T5-T3-2  /T6-T5-3  /D:2      /W-T0-1   
/D:2      /W-T4-1   /D:1      /W-T2-1   /D:2      /W-F2-1   /D:1      /W-F1-1   /T3-F1-1  /R        
/D:3      /W-T0-1   /T5-T0-4  /T5-T6-1  /T5-F3-1  /T5-F3-1  /T0-T5-10 /T6-T0-2  /D:1      /W-T1-1   
/T4-T1-2  /T4-T1-1  /T4-F1-1  /D:3      /W-T1-1   /T3-T1-3  /T6-T3-1  /T6-T2-1  /T3-T2-2  /T3-F0-1  
/T5-F0-1  /T1-F0-1  /T5-F3-1  /T1-F3-1  /W-T3-1   /T5-T3-9  /D:1      /W-T2-1   /D:2      /W-T5-1   
/T2-T5-6  /T2-F1-1  /T4-T2-1  /T6-T4-1  /T6-F3-1  /T4-T2-2  /D:1      /W-F2-1   /D:2      /W-T0-1   
/W-T0-1   /T2-T0-4  /R        /D:1      /W-T5-1   /T1-T5-1  /T1-F3-1  /D:1      /W-F0-1   /D:1      
/W-F2-1   /T3-F2-1  /T3-F1-1  /T5-F2-1  /T3-F2-1  /T1-F2-1  /T5-F1-1  /T3-F1-1  /T3-F2-1  /T5-T1-1  
/T5-F1-1  /T3-F1-1  /T5-F2-1  /T3-F2-1  /T5-F1-1  /T3-F1-1  /T1-T5-4  /T1-F2-1  /T3-F2-1  /T5-T1-5  
/T5-F1-1  /T5-F2-1  /T0-T3-7  /T0-F1-1  /D:1      /W-F0-1   /T3-F0-1  /T1-F0-1  /T3-F3-1  /T1-F3-1  
/T3-F0-1  /T1-F0-1  /T3-F3-1  /T1-F3-1  /T3-F0-1  /T1-F0-1  /T3-F3-1  /T1-F3-1  /T3-F0-1  /T1-F0-1  
/T3-F3-1  
"
1040241,y#eI#CAn#KLhZ#tMrsg#zlPxSB#QFpvmJi#YaVbojfREdkqUGNDWcwOuTHX,168.000000,4753.000000,47.000000,0.612245,1,"
minimal: 0 / states: 119 / duration: 0.000126s
history:
/T2-F2-1 /T2-F0-1 /T5-F0-1 /T0-T3-1 /T3-T0-2 /T3-T1-1 /T2-F0-1 /D:2     /W-F1-1  /D:2     
/W-F1-1  /D:1     /W-F2-1  /D:4     /W-T5-1  /D:1     /W-T5-1  /D:1     /W-T0-1  /D:3     
/W-T1-1  /T5-T1-3 /D:1     /W-F3-1  /D:1     /W-F0-1  /D:1     /W-T5-1  /T1-T5-6 /D:1     
/W-F1-1  /T5-F1-1 /T1-F1-1 /T5-F0-1 /D:1     /W-T0-1  /T6-T0-1 /D:1     /W-F3-1  /D:1     
/W-T0-1  /T4-T0-1 /T4-T0-1 /T4-T5-1 /T4-T1-1 /D:3     /W-T3-1  /T6-T3-1 /T6-T2-1 /T3-T2-3 
/R       /D:1     /W-T1-1  /T5-T1-7 /T5-F3-1 /T3-T5-1 /D:1     /W-T2-1  /D:1     /W-T5-1  
/T6-T5-1 /T6-F2-1 /T6-F0-1 /T6-F3-1 /T1-T4-2 /T1-F0-1 /T4-T1-3 /D:1     /W-F1-1  /D:1     
/W-F3-1  /D:1     /W-F2-1  /T1-F2-1 /T0-F2-1 /T0-F1-1 /T1-F3-1 /T1-F2-1 /T1-F1-1 /T0-F2-1 
/T0-F1-1 /T5-F2-1 /T0-F2-1 /T5-F1-1 /T0-F1-1 /T1-T5-2 /T1-F2-1 /T5-T1-3 /T5-F1-1 /T0-F2-1 
/T5-F2-1 /T2-T0-4 /T2-F1-1 /D:1     /W-T1-1  /D:1     /W-F3-1  /T1-F3-1 /T0-F3-1 /D:1     
/W-F0-1  /T1-F0-1 /T0-F0-1 /T1-F3-1 /T0-F3-1 /T1-F0-1 /T0-F0-1 /T1-F3-1 /T0-F3-1 /T1-F0-1 
"
1040270,a#FZ#YrB#RmDz#bwEhJ#dyMOgN#WclnpLG#IfxjAXTUiKostqeCPVHSuQvk,122.000000,2701.000000,47.000000,0.553333,1,"
minimal: 0 / states: 130 / duration: 0.000136s
history:
/T0-F1-1 /T5-F3-1 /T3-T0-1 /D:2     /W-T6-1  /D:3     /W-F0-1  /T2-F0-1 /T2-T6-1 /T2-T0-1 
/T1-T2-1 /T1-T5-1 /D:4     /W-T4-1  /D:1     /W-T0-1  /D:5     /W-T5-1  /T3-T5-1 /T3-T1-1 
/W-T3-1  /D:1     /W-F0-1  /T5-F0-1 /D:1     /W-T3-1  /D:2     /W-T4-1  /T5-T4-3 /T5-F3-1 
/T3-F3-1 /D:3     /W-F3-1  /T3-T4-1 /T3-F3-1 /T5-T3-1 /T5-T1-1 /T5-T6-1 /D:2     /W-T1-1  
/T4-T1-7 /T6-T4-4 /T6-T2-1 /T6-T4-1 /T6-F2-1 /T6-T3-1 /T6-T1-1 /W-T6-1  /T4-T6-6 /T4-F0-1 
/T6-T0-8 /R       /D:2     /W-T3-1  /D:1     /W-T3-1  /W-T3-1  /D:1     /W-T2-1  /T4-T2-1 
/T4-F1-1 /T1-F1-1 /D:2     /W-T3-1  /D:1     /W-F2-1  /T0-F2-1 /T0-F1-1 /T1-F2-1 /T0-F2-1 
/T1-F1-1 /T0-F1-1 /T1-F0-1 /T0-F0-1 /T1-F1-1 /T0-F1-1 /T1-F0-1 /T1-F1-1 /T3-T0-1 /T3-F0-1 
/T1-F0-1 /T3-F1-1 /T1-F1-1 /T0-T3-3 /T0-F0-1 /T2-T1-2 /T2-F0-1 /T3-T0-4 /T3-F1-1 /T3-F0-1 
/T1-T2-3 /T1-F1-1 /D:1     /W-F2-1  /D:1     /W-F2-1  /D:1     /W-T2-1  /D:1     /W-F3-1  
/W-F3-1  /T0-F3-1 /T2-F3-1 /D:1     /W-F2-1  /T0-F2-1 /T0-F3-1 /T2-F2-1 /T0-F2-1 /T2-F3-1 
/T0-F3-1 /T2-F2-1 /T0-F2-1 /T2-F3-1 
"
1040346,z#yv#JWL#OfiB#XPopa#rCgKlb#VEjSmMq#QFxDekHcUNhuIYtdnTwZRsAG,118.000000,2027.000000,45.000000,0.635802,1,"
minimal: 0 / states: 128 / duration: 0.000143s
history:
/T4-F1-1  /T5-F1-1  /T5-T0-1  /T5-T0-1  /D:2      /W-T5-1   /D:3      /W-T5-1   /T6-T5-1  /D:1      
/W-T2-1   /D:2      /W-T5-1   /T3-T5-1  /W-T3-1   /T5-T3-6  /D:1      /W-T1-1   /D:1      /W-F3-1   
/D:4      /W-T6-1   /D:1      /W-T1-1   /D:2      /W-F2-1   /D:2      /W-T2-1   /T3-T2-8  /T3-T1-1  
/T3-F3-1  /T6-T3-2  /T2-T6-11 /T1-T2-4  /T2-T0-5  /D:4      /W-F0-1   /T6-F0-1  /T5-F0-1  /T5-T0-1  
/T6-T5-11 /T5-F1-1  /D:1      /R        /D:1      /W-T0-1   /T4-T0-1  /T4-F2-1  /T0-F2-1  /T4-F3-1  
/T0-F3-1  /T5-F2-1  /T0-F2-1  /T2-T4-1  /T4-T1-2  /D:1      /W-T3-1   /D:1      /W-F0-1   /D:4      
/W-F1-1   /T5-F1-1  /T0-F1-1  /T6-T0-1  /T6-T3-1  /T6-F0-1  /T5-F0-1  /T5-F1-1  /W-T3-1   /W-T6-1   
/W-F1-1   /T6-T1-2  /D:1      /W-T1-1   /D:1      /W-T2-1   /T1-T2-6  /D:1      /W-F3-1   /T0-F3-1  
/T2-F3-1  /D:1      /W-F2-1   /T0-F2-1  /T2-F2-1  /T0-F3-1  /T0-F2-1  /T2-F3-1  /T0-F3-1  /T5-T2-2  
/T5-F2-1  /T2-T5-3  /T2-F3-1  /T3-T0-2  /T3-F2-1  /T2-F2-1  /T3-F3-1  /T2-F3-1  /T0-T3-4  /T0-F2-1  
/D:1      /W-F0-1   /T5-F0-1  /T3-F0-1  /T5-F1-1  /T3-F1-1  /T5-F0-1  /T3-F0-1  /T5-F1-1  /T3-F1-1  
/T5-F0-1  /T3-F0-1  /T5-F1-1  
"
1040389,k#am#bLi#pAVw#xTeIZ#PBKgrN#tcouzlU#SYsqJEfFXQdnvOGMDCWHjRhy,96.000000,3009.000000,62.000000,0.591398,1,"
minimal: 0 / states: 146 / duration: 0.000164s
history:
/T5-F3-1 /T3-T0-1 /T2-T0-1 /T2-T1-1 /T0-T1-3 /T4-T0-1 /T6-T4-1 /D:10    /W-T5-1  /D:2     
/W-F2-1  /D:2     /W-F3-1  /D:1     /W-T4-1  /D:3     /W-T5-1  /T2-T5-1 /T1-T2-5 /T1-F1-1 
/T5-F1-1 /D:2     /W-T2-1  /D:4     /W-T0-1  /R       /D:1     /W-T4-1  /T5-T4-3 /T5-T2-1 
/T5-T6-1 /D:2     /W-T2-1  /D:6     /W-T0-1  /D:3     /W-T1-1  /T6-T1-2 /D:2     /W-T1-1  
/T4-T1-7 /T4-T2-1 /W-T2-1  /D:3     /R       /D:1     /W-T6-1  /D:2     /W-T0-1  /T3-T0-1 
/T3-F0-1 /T5-F0-1 /T1-F0-1 /T3-T1-1 /T6-T3-2 /T6-T0-1 /T6-F2-1 /T1-F2-1 /T5-F3-1 /T1-F3-1 
/T6-F1-1 /T2-F0-1 /W-F2-1  /T4-T0-1 /T1-F2-1 /T4-T3-1 /D:1     /W-F0-1  /D:1     /W-T6-1  
/D:1     /W-F0-1  /D:1     /W-F1-1  /T2-F1-1 /T6-F1-1 /T2-F2-1 /T2-F1-1 /T6-F2-1 /T0-T2-1 
/T0-F2-1 /D:1     /W-F2-1  /D:1     /W-T3-1  /D:1     /W-F3-1  /T1-F3-1 /T1-F0-1 /T2-F3-1 
/T1-F3-1 /T2-F0-1 /T0-F3-1 /T1-F0-1 /T1-F3-1 /T0-F0-1 /T0-F3-1 /T1-F0-1 /T2-T0-3 /T2-F0-1 
/T3-T1-2 /T3-F3-1 /T0-T2-4 /T0-F3-1 /T1-T3-3 /T1-F0-1 /D:1     /W-F1-1  /T2-F1-1 /T2-F2-1 
/T3-F1-1 /T2-F1-1 /T3-F2-1 /T2-F2-1 /T3-F1-1 /T2-F1-1 /T3-F2-1 
"
1040400,W#dI#PvB#JosZ#zTRQO#VlCFEk#KyngADG#qhjraxMtbYcepNUwufSXHimL,145.500000,1589.000000,51.000000,0.617647,1,"
minimal: 0 / states: 125 / duration: 0.000152s
history:
/T1-T0-1 /D:2     /W-T0-1  /T6-T0-1 /D:3     /W-F1-1  /D:4     /W-F1-1  /D:2     /W-T6-1  
/T2-T6-1 /D:2     /W-T1-1  /T4-T1-1 /D:1     /W-F3-1  /T1-F3-1 /D:1     /W-T2-1  /D:1     
/W-T5-1  /D:2     /W-T0-1  /D:4     /W-T5-1  /W-T5-1  /D:2     /W-T3-1  /T5-T3-4 /T5-T0-1 
/T4-T0-1 /T6-T4-3 /T6-F0-1 /T4-F0-1 /T5-T6-1 /T5-F0-1 /T6-T3-2 /T6-F2-1 /T4-T3-3 /T3-F1-1 
/T3-F0-1 /T1-T0-1 /T1-F1-1 /T3-T1-9 /T3-T4-1 /T3-F2-1 /T0-F2-1 /R       /D:1     /W-F2-1  
/D:2     /W-F2-1  /T4-F2-1 /D:1     /W-T5-1  /W-T5-1  /T2-T5-2 /T2-F3-1 /T0-F3-1 /T0-F0-1 
/T1-F3-1 /T1-F0-1 /D:1     /W-T2-1  /T5-T2-5 /T5-T3-1 /D:1     /W-F2-1  /D:2     /W-F1-1  
/T0-F1-1 /T1-F1-1 /T4-T1-1 /T0-F0-1 /T0-F1-1 /T1-T3-2 /T1-F1-1 /W-T4-1  /D:1     /W-F2-1  
/T2-T0-1 /T2-F2-1 /T1-F2-1 /T2-F1-1 /T1-F1-1 /T2-F2-1 /T6-F2-1 /T2-F1-1 /T4-T2-1 /T4-F2-1 
/T0-T6-3 /T6-T2-4 /D:1     /W-F3-1  /T3-F3-1 /T2-F3-1 /T3-F0-1 /T2-F0-1 /T3-F3-1 /T2-F3-1 
/T3-F0-1 /T2-F0-1 /T1-F0-1 /D:1     /W-F3-1  /T2-F3-1 /T1-F3-1 /T2-F0-1 /D:1     /W-F1-1  
"
1040485,I#Tl#tUy#afSX#AqOEK#QBYmrC#DvbdMWP#GcnjpZsxVeHkFhRLJgNiozwu,125.500000,1960.000000,47.000000,0.611765,1,"
minimal: 0 / states: 130 / duration: 0.000148s
history:
/T4-T1-1 /T3-T2-1 /T4-T3-1 /T4-T5-1 /T6-T4-1 /T6-T1-1 /T1-T6-3 /T0-T6-1 /T6-T0-5 /T5-T6-2 
/T6-T3-3 /D:3     /W-F2-1  /D:4     /W-T1-1  /D:3     /W-T1-1  /T4-T1-2 /T4-F0-1 /D:4     
/W-T0-1  /D:3     /W-T2-1  /D:2     /W-F3-1  /T3-F3-1 /T6-T3-1 /T1-F3-1 /D:1     /W-T2-1  
/D:1     /W-F2-1  /D:1     /W-T4-1  /D:2     /W-T2-1  /T1-T2-4 /R       /D:1     /W-T0-1  
/T3-T0-5 /T5-T3-1 /T5-T1-1 /T2-T1-9 /T5-T4-1 /T5-F0-1 /T2-T6-1 /T3-T2-2 /T3-F1-1 /T0-F1-1 
/T0-F0-1 /T5-F3-1 /T2-T6-3 /D:1     /W-F1-1  /T0-F1-1 /D:2     /W-F2-1  /T1-F2-1 /T6-F2-1 
/T1-F1-1 /T1-F2-1 /T6-F1-1 /T6-F2-1 /D:1     /W-T2-1  /D:1     /W-T4-1  /W-T4-1  /T6-T4-2 
/T6-F0-1 /T0-F0-1 /D:4     /W-F0-1  /D:1     /W-F3-1  /T0-F3-1 /T0-F0-1 /T1-F3-1 /T4-F3-1 
/T1-F2-1 /T4-F2-1 /D:1     /W-T2-1  /W-T2-1  /W-F0-1  /W-F3-1  /T0-T4-2 /T0-F3-1 /T1-T2-2 
/T1-F3-1 /D:1     /W-F1-1  /T4-F1-1 /T2-F1-1 /T4-F0-1 /T2-F0-1 /T4-F1-1 /T0-F0-1 /T2-F1-1 
/T2-F0-1 /T0-F1-1 /T0-F0-1 /T1-T2-1 /T1-F1-1 /D:1     /W-F2-1  /T4-F2-1 /T2-F2-1 /T4-F3-1 
/T2-F3-1 /T4-F2-1 
"
1040511,g#Io#eqF#rSBX#CzYcM#QOKvLt#AujlNdx#fRwTDJipVHWahysPmkZnGbEU,163.000000,2746.000000,56.000000,0.510753,1,"
minimal: 0 / states: 129 / duration: 0.000150s
history:
/T2-T0-1  /D:1      /W-T5-1   /D:1      /W-T0-1   /T2-T0-1  /D:1      /W-T3-1   /D:2      /W-T2-1   
/D:2      /W-T3-1   /D:3      /W-T3-1   /T0-T3-4  /T4-T0-1  /T4-T2-1  /T6-T4-1  /T4-T0-2  /T1-T2-1  
/D:1      /W-T0-1   /T1-T0-1  /T4-T1-1  /T4-T6-1  /D:1      /W-F1-1   /D:1      /W-T0-1   /T5-T0-2  
/T3-T5-8  /D:3      /W-T5-1   /T3-T5-1  /D:1      /W-T4-1   /T5-T4-11 /D:3      /W-F2-1   /T2-F2-1  
/D:2      /W-F1-1   /T2-F1-1  /D:1      /W-T0-1   /T6-T0-2  /T6-F3-1  /T6-T1-1  /T5-T6-1  /T5-T1-1  
/T5-F3-1  /T6-T1-2  /T0-T5-1  /T0-F1-1  /T5-T0-2  /D:1      /W-T1-1   /W-T1-1   /T3-T1-1  /W-T5-1   
/T3-T1-1  /R        /D:1      /W-T6-1   /D:2      /W-F2-1   /T4-T2-2  /T4-F2-1  /T1-F2-1  /T2-T4-3  
/T2-F1-1  /T0-T1-3  /T0-F1-1  /T4-T6-5  /T4-F1-1  /D:2      /W-T5-1   /D:1      /W-F2-1   /T0-F2-1  
/T6-T4-6  /T6-F2-1  /T6-F0-1  /T4-F0-1  /T1-F0-1  /T4-F3-1  /T1-F3-1  /T4-F0-1  /T1-F0-1  /T4-F3-1  
/T1-F3-1  /T4-F0-1  /T1-F0-1  /T0-F1-1  /T4-F3-1  /T1-F3-1  /T1-F2-1  /T4-F0-1  /T0-F0-1  /T4-F1-1  
/T1-F1-1  /W-F3-1   /T0-F3-1  /T4-F2-1  /T0-F2-1  /W-F0-1   /T1-F0-1  /T4-F3-1  /T0-F3-1  /T4-F0-1  
/T0-F0-1  /T5-F2-1  /T5-F3-1  /D:1      /W-F1-1   /T1-F1-1  /T1-F2-1  /T4-F1-1  
"
1040520,z#iR#QYZ#EnVK#bSpTJ#WPrfDd#yUqMBkl#omGatxvOFeugwCHXhjcIsNAL,112.500000,1921.000000,48.000000,0.597403,1,"
minimal: 0 / states: 132 / duration: 0.000150s
history:
/T6-T0-1 /T4-T6-1 /T3-T0-1 /T3-T6-1 /T3-F2-1 /T5-T3-1 /T5-T1-1 /T3-T5-2 /T2-T3-1 /D:1     
/W-F2-1  /D:3     /W-F1-1  /D:2     /W-T2-1  /D:3     /W-T4-1  /T1-T4-2 /D:2     /W-T1-1  
/T4-T1-4 /T4-F2-1 /D:3     /W-T5-1  /D:1     /W-T6-1  /D:3     /W-T0-1  /D:1     /W-T1-1  
/D:1     /W-T0-1  /W-T0-1  /D:2     /W-F3-1  /D:1     /W-F0-1  /D:1     /W-T3-1  /T6-T3-4 
/T6-F0-1 /T2-T6-2 /T5-F0-1 /R       /D:2     /W-T0-1  /T5-T0-3 /T5-T4-1 /T2-T4-1 /T6-T2-3 
/T6-F2-1 /D:1     /W-T6-1  /T4-T6-3 /T4-F1-1 /T1-F1-1 /T0-F1-1 /T5-T1-1 /T6-T0-1 /T6-F2-1 
/W-T4-1  /T5-T2-1 /D:1     /W-T2-1  /T6-T2-3 /T6-T4-1 /D:1     /W-F3-1  /T1-F3-1 /T0-F3-1 
/T1-F0-1 /T0-F0-1 /T1-F3-1 /T2-F3-1 /T1-F0-1 /T1-F3-1 /T0-T2-1 /T0-F0-1 /T3-F0-1 /T2-T0-2 
/T2-F3-1 /T3-F3-1 /T0-T2-3 /T0-F0-1 /T3-F0-1 /T2-T0-4 /T2-F3-1 /T0-T2-5 /T0-F0-1 /T3-T4-1 
/T3-F0-1 /D:1     /W-F1-1  /T2-F1-1 /D:1     /W-F1-1  /D:1     /W-T4-1  /T1-T4-2 /D:1     
/W-F3-1  /T2-T0-5 /T2-F3-1 /T2-F0-1 /T3-F3-1 /D:1     /W-F2-1  /T0-F2-1 /T0-F1-1 /T4-F2-1 
/T0-F2-1 /T4-F1-1 /T0-F1-1 /T4-F2-1 /T0-F2-1 /T4-F1-1 /T0-F1-1 /T4-F2-1 /T0-F2-1 /T4-F1-1 
"
1040617,G#Yg#wlk#dnBW#PJUyx#LeZVqE#HrjzOAC#KohsbSMcpmRaDQTftFXiNvuI,103.000000,749.000000,45.000000,0.626582,1,"
minimal: 0 / states: 127 / duration: 0.000144s
history:
/T3-T4-1 /D:4     /W-T1-1  /D:1     /W-T6-1  /D:1     /W-T0-1  /T5-T0-1 /D:2     /W-T5-1  
/T3-T5-1 /T3-F2-1 /T6-T3-2 /T6-F0-1 /T5-F0-1 /T3-T0-3 /W-T3-1  /D:3     /W-T1-1  /T5-T1-2 
/D:1     /W-F1-1  /T0-F1-1 /T6-T0-1 /T1-F1-1 /D:9     /W-F3-1  /T0-F3-1 /T0-F0-1 /T0-F1-1 
/D:1     /W-T4-1  /D:1     /W-T5-1  /T1-T5-4 /T4-T1-3 /T2-T4-1 /T2-T3-1 /T5-T2-6 /T4-T5-2 
/T4-T1-1 /T4-T5-1 /T0-T1-3 /T6-T0-1 /T1-T0-8 /T5-T1-4 /T5-F1-1 /T4-F3-1 /W-T1-1  /W-T5-1  
/T2-T5-7 /D:1     /W-T6-1  /R       /D:1     /W-T3-1  /T6-T3-2 /D:1     /W-F2-1  /D:1     
/W-T3-1  /D:1     /W-F2-1  /T5-F2-1 /T6-F2-1 /T6-T1-1 /D:1     /W-T2-1  /T5-T2-8 /D:1     
/W-F0-1  /T0-F0-1 /D:1     /W-F3-1  /T2-F3-1 /T0-F3-1 /T2-F2-1 /D:1     /W-F3-1  /T0-T3-1 
/T0-F3-1 /D:1     /W-F1-1  /T2-F1-1 /D:1     /W-F2-1  /T2-F2-1 /T0-F2-1 /T2-F3-1 /T0-F3-1 
/T2-F2-1 /T0-F2-1 /T2-F3-1 /T0-F3-1 /T1-T2-4 /T1-F2-1 /T0-F2-1 /T1-F3-1 /D:1     /W-F0-1  
/T3-F0-1 /T2-F0-1 /T3-F1-1 /T2-F1-1 /T3-F0-1 /T2-F0-1 /T3-F1-1 /T2-F1-1 /T3-F0-1 /T2-F0-1 
/T3-F1-1 /T2-F1-1 /T3-F0-1 
"
1040637,B#wu#eMz#DZJX#VHhTj#qrgQxn#sECYpGL#RymtPAfKklioSUIdNvcFabOW,137.000000,3661.000000,48.000000,0.572222,1,"
minimal: 0 / states: 134 / duration: 0.000143s
history:
/T5-F2-1 /T4-T5-1 /T3-T6-1 /T4-T1-1 /T3-T6-1 /T6-T3-3 /T6-T4-1 /D:6     /W-F0-1  /T0-F0-1 
/T2-T0-1 /D:1     /W-T4-1  /D:3     /W-T0-1  /T5-T0-2 /T6-T5-1 /T6-T2-1 /T6-F0-1 /T5-T6-2 
/T6-T4-3 /T6-T1-1 /T2-T6-2 /T2-T1-1 /T3-T2-4 /T3-F0-1 /D:1     /W-T2-1  /T1-T2-4 /D:1     
/W-F2-1  /T4-F2-1 /D:3     /W-T0-1  /T4-T0-5 /T5-T4-1 /T0-T5-1 /T0-F0-1 /T5-T0-2 /T5-F2-1 
/D:2     /W-F3-1  /D:3     /W-F0-1  /D:1     /W-F1-1  /D:1     /W-F1-1  /W-F1-1  /D:1     
/W-F3-1  /D:1     /R       /D:3     /W-T3-1  /W-T3-1  /D:2     /W-F3-1  /T0-F3-1 /T0-F2-1 
/D:1     /W-T6-1  /D:1     /W-T3-1  /T1-T3-1 /D:3     /W-F1-1  /T2-F1-1 /T0-F1-1 /T0-F0-1 
/T2-F2-1 /T4-F1-1 /T4-F0-1 /T0-F1-1 /T0-F0-1 /T2-T3-3 /T2-F0-1 /T6-F0-1 /T3-T4-2 /T3-F1-1 
/T0-F1-1 /T3-T2-1 /T3-F1-1 /T0-T6-1 /T0-F1-1 /T2-T3-2 /T2-F0-1 /T3-T2-3 /T3-F1-1 /T6-T0-2 
/T6-F0-1 /T4-T2-3 /D:2     /W-T0-1  /W-T0-1  /W-T0-1  /R       /D:1     /W-F3-1  /D:1     
/W-F2-1  /D:1     /W-F3-1  /T2-F3-1 /T0-F3-1 /T2-F2-1 /T0-F2-1 /T2-F3-1 /T0-F3-1 /T2-F2-1 
/T0-F2-1 /T2-F3-1 /T0-F3-1 /T2-F2-1 /T0-F2-1 /T2-F3-1 
"
1040643,p#An#iBZ#bosm#jDVYW#dUlCEr#JkfGcLx#RhHXOzItqFeSMPKwvygTQNua,128.000000,2712.000000,52.000000,0.586207,1,"
minimal: 0 / states: 127 / duration: 0.000156s
history:
/T1-F2-1 /T1-F0-1 /T4-T6-1 /T6-T4-2 /T6-T2-1 /T3-T1-1 /D:1     /W-T3-1  /D:3     /W-T2-1  
/D:1     /W-T0-1  /D:2     /W-T4-1  /D:2     /W-T3-1  /T6-T3-1 /D:3     /W-T6-1  /T5-T6-1 
/D:4     /W-T2-1  /D:2     /W-T1-1  /D:3     /W-T5-1  /T0-T5-2 /T2-T0-4 /T2-F0-1 /T2-T0-1 
/D:1     /W-F3-1  /T5-F3-1 /D:1     /W-T0-1  /W-T0-1  /T3-T0-4 /T3-F2-1 /T5-F2-1 /D:1     
/W-F1-1  /T3-F1-1 /T0-F1-1 /T0-F2-1 /T6-F2-1 /T5-T6-2 /T5-F0-1 /R       /D:1     /W-T4-1  
/T6-T4-4 /D:2     /W-T2-1  /T4-T2-9 /W-T4-1  /D:4     /W-T3-1  /T5-T3-1 /D:1     /W-F3-1  
/T2-F3-1 /T0-F3-1 /T0-F2-1 /T2-T6-1 /T2-F3-1 /T6-T2-2 /T6-T1-1 /T4-T6-2 /T4-F0-1 /T0-F3-1 
/T5-F3-1 /T5-F1-1 /T2-F0-1 /W-F1-1  /T2-F1-1 /W-F0-1  /T2-F0-1 /W-F2-1  /T0-F2-1 /T6-F0-1 
/T6-F3-1 /T2-T4-2 /T2-F3-1 /T0-T1-2 /T0-F3-1 /T2-T3-1 /T2-F3-1 /T4-T3-3 /D:2     /W-F2-1  
/T1-T6-1 /T1-F2-1 /T6-T1-2 /D:1     /W-F1-1  /T3-F1-1 /T1-F1-1 /T3-F0-1 /T1-F0-1 /T3-F1-1 
/T1-F1-1 /T3-F2-1 /T1-F2-1 /W-F0-1  /T0-F0-1 /T0-F3-1 /T3-F1-1 /T1-F1-1 /T2-F2-1 /T3-F0-1 
"
1040690,u#kN#Oor#GLDS#ERBye#qUKPJM#bYpjAXQ#hWHnaxicwIdsvZTmfgztFVCl,158.000000,2491.000000,54.000000,0.570707,1,"
minimal: 0 / states: 124 / duration: 0.000136s
history:
/T1-F3-1 /T6-T2-1 /T2-T3-2 /D:4     /W-F2-1  /T2-F2-1 /T2-F3-1 /T5-T2-1 /T5-T1-1 /T5-F3-1 
/T3-F3-1 /D:1     /W-F1-1  /D:2     /W-T1-1  /T0-T1-1 /D:2     /W-T6-1  /D:2     /W-T3-1  
/D:3     /W-T0-1  /D:1     /W-T1-1  /D:6     /W-T1-1  /T4-T1-1 /T6-T4-2 /T6-F0-1 /T4-T0-3 
/T4-F0-1 /T4-F3-1 /T6-T5-1 /T6-F2-1 /T5-T6-2 /T6-T2-3 /T6-F1-1 /W-T5-1  /T3-T5-3 /T3-T1-1 
/W-T6-1  /T1-T3-8 /D:1     /W-T0-1  /D:1     /W-F0-1  /T3-F0-1 /T4-F0-1 /D:1     /W-T6-1  
/R       /D:3     /W-T0-1  /D:1     /W-T6-1  /W-T6-1  /D:1     /W-F1-1  /T5-F1-1 /T3-F1-1 
/T3-F0-1 /D:1     /W-T2-1  /T5-T2-4 /T5-F2-1 /T2-F2-1 /T2-F3-1 /T3-F3-1 /D:1     /W-F2-1  
/T2-F2-1 /T2-F3-1 /T3-F2-1 /T0-T3-1 /T0-F3-1 /T6-F3-1 /W-T2-1  /D:1     /W-F2-1  /T0-F2-1 
/T0-F3-1 /T6-F2-1 /T0-F2-1 /T3-T0-5 /T3-F0-1 /T0-F0-1 /T2-T6-4 /T2-F3-1 /T6-T2-5 /T6-F2-1 
/D:1     /W-T1-1  /T0-T1-4 /T0-F3-1 /D:1     /W-F1-1  /D:1     /W-F1-1  /T2-F1-1 /T1-F1-1 
/T2-F0-1 /T1-F0-1 /T2-F1-1 /T1-F1-1 /T2-F0-1 /T1-F0-1 /T2-F1-1 /T1-F1-1 /T2-F0-1 
"
1040804,Z#UL#zJF#xBTI#gPyMw#NjAsoi#rEvcmnl#auOGDXpHedQWkRtfKYSqbVCh,95.000000,638.000000,48.000000,0.586420,1,"
minimal: 0 / states: 138 / duration: 0.000181s
history:
/T5-T4-1 /T1-T0-1 /T1-T3-1 /D:1     /W-F1-1  /D:1     /W-T4-1  /D:2     /W-T3-1  /D:2     
/W-T0-1  /T4-T0-3 /T6-T4-1 /T6-F2-1 /T5-F2-1 /T6-T1-1 /D:1     /W-F2-1  /D:2     /W-T2-1  
/D:5     /W-T5-1  /D:2     /W-T3-1  /D:1     /W-T4-1  /D:3     /W-T2-1  /T6-T2-1 /D:1     
/W-F1-1  /T2-F1-1 /T2-F2-1 /D:3     /W-T6-1  /R       /D:2     /W-T2-1  /D:2     /W-F1-1  
/T2-T5-1 /T2-F1-1 /T3-F1-1 /D:2     /W-T4-1  /T3-T4-3 /T5-T3-3 /T5-F0-1 /T3-T0-4 /T3-F0-1 
/T6-T5-2 /T5-T3-3 /T5-F3-1 /T4-T5-7 /T4-T1-1 /T4-T0-1 /T2-T4-1 /F1-T5-1 /T6-T5-1 /T6-F2-1 
/T0-T4-3 /T0-F2-1 /W-T5-1  /D:1     /W-T1-1  /T2-T1-1 /D:1     /W-F2-1  /D:1     /W-T2-1  
/T3-T2-4 /D:2     /W-T1-1  /D:1     /W-F0-1  /R       /D:1     /W-F3-1  /T4-F3-1 /T4-F0-1 
/T5-F3-1 /T4-F3-1 /T5-F0-1 /T4-F0-1 /T5-F1-1 /T4-F1-1 /T2-F1-1 /T5-F0-1 /T0-T1-2 /T0-F1-1 
/D:1     /W-F0-1  /T5-T2-1 /T5-F0-1 /T1-T0-3 /T1-F0-1 /T2-T5-2 /T2-F1-1 /T1-F1-1 /T5-T2-3 
/T5-F0-1 /T5-F1-1 /T0-T1-5 /T0-F0-1 /T5-F0-1 /T1-T0-6 /T1-F1-1 /D:1     /W-F3-1  /T0-F3-1 
/T0-F2-1 /T2-F3-1 /T0-F3-1 /T2-F2-1 /T0-F2-1 /T2-F3-1 /T0-F3-1 /T2-F2-1 /T0-F2-1 /T2-F3-1 
/T0-F3-1 /T2-F2-1 
"
1040820,b#RI#WJP#lken#csGxm#VNXahS#orCqTiD#vwEdBHyYQOLutFfMjgzUZpAK,108.500000,1251.000000,53.000000,0.558824,1,"
minimal: 0 / states: 130 / duration: 0.000154s
history:
/T3-F2-1  /T6-T3-1  /T2-T3-1  /T6-T2-1  /D:3      /W-T5-1   /D:1      /W-T5-1   /D:1      /W-T3-1   
/D:1      /W-T2-1   /T6-T2-1  /D:1      /W-T4-1   /D:7      /W-T2-1   /T3-T2-4  /T2-T3-9  /T1-T2-1  
/T6-T1-1  /T6-T5-1  /T3-T4-10 /T0-T5-1  /T4-T0-12 /T4-T3-1  /T5-T4-5  /T5-T2-1  /T5-F1-1  /T4-F1-1  
/T4-T2-5  /T1-T4-2  /T2-T3-8  /D:2      /W-T1-1   /T3-T1-10 /D:3      /W-T2-1   /D:2      /W-T3-1   
/D:2      /W-F0-1   /T0-F0-1  /T1-F0-1  /T0-T4-1  /T0-F0-1  /T1-T6-1  /T1-F0-1  /T6-T1-2  /T6-F2-1  
/W-F2-1   /D:1      /R        /D:2      /W-T5-1   /D:1      /W-T2-1   /D:3      /W-T3-1   /T5-T3-2  
/T5-F3-1  /W-F3-1   /T4-F3-1  /W-F3-1   /T4-F2-1  /T4-F3-1  /T0-T4-1  /T0-F0-1  /T4-T0-2  /T4-F1-1  
/T1-F1-1  /T0-F1-1  /T1-F2-1  /T0-F2-1  /T1-F3-1  /T0-F3-1  /T1-F0-1  /T0-F0-1  /T5-T3-1  /D:1      
/W-T0-1   /D:1      /W-F2-1   /T0-F2-1  /W-F2-1   /D:1      /W-F1-1   /D:2      /W-F1-1   /T1-F1-1  
/T0-F1-1  /T1-F0-1  /W-F1-1   /T0-F0-1  /T0-F1-1  /T1-T2-2  /T1-F1-1  /D:1      /W-F3-1   /T3-F3-1  
/T2-F3-1  /T3-F2-1  /T2-F2-1  /T3-F3-1  /T0-F2-1  /T0-F1-1  /T2-F3-1  /T2-F2-1  /D:1      /W-F0-1   
/T3-F0-1  /T1-F0-1  /T3-F3-1  
"
1040850,O#fj#LHE#dVZS#NmArX#vpsYyM#oBPaJCI#gqlkUtnWKuexbwDQFzhiTGRc,131.000000,2206.000000,55.000000,0.535714,1,"
minimal: 0 / states: 139 / duration: 0.000151s
history:
/T6-T1-1 /T2-T3-1 /T0-T6-1 /T5-T0-1 /T4-T5-1 /D:1     /W-T2-1  /D:2     /W-T0-1  /D:2     
/W-T1-1  /D:1     /W-T1-1  /T3-T1-2 /T5-T3-2 /D:1     /W-F2-1  /D:2     /W-T0-1  /T1-T0-6 
/T4-T1-1 /T4-F0-1 /D:3     /W-T5-1  /D:2     /W-T3-1  /D:2     /W-T0-1  /T6-T0-2 /D:1     
/W-T2-1  /D:3     /W-T3-1  /T2-T3-3 /T2-T4-1 /T3-T2-8 /T3-T6-1 /T3-T1-1 /T4-T3-2 /T4-F3-1 
/T0-F3-1 /D:3     /W-T2-1  /D:1     /R       /D:1     /W-T2-1  /D:1     /W-T3-1  /T6-T3-2 
/T6-F1-1 /T6-F3-1 /T6-F0-1 /T6-F2-1 /T0-F0-1 /T0-F3-1 /D:1     /W-T5-1  /D:1     /W-T3-1  
/D:2     /W-F1-1  /D:1     /W-F0-1  /T0-F0-1 /D:1     /W-T4-1  /T5-T4-3 /T2-T5-2 /T2-F0-1 
/T5-T2-3 /T5-F2-1 /T2-F2-1 /T2-F3-1 /T0-F3-1 /W-T2-1  /T1-T0-3 /T5-T4-1 /D:1     /W-T4-1  
/D:1     /W-F3-1  /T0-T4-4 /T0-F3-1 /D:1     /W-F0-1  /T2-T3-3 /T2-F0-1 /T0-F0-1 /T3-T2-4 
/T3-F3-1 /T3-F0-1 /T4-T0-6 /T4-F3-1 /T0-T4-7 /T0-F0-1 /T2-T3-6 /T2-F3-1 /T3-T2-7 /T3-F0-1 
/T4-T0-8 /T4-F3-1 /T0-T4-9 /T0-F0-1 /T2-T3-8 /T2-F3-1 /D:1     /W-F1-1  /T4-F1-1 /T3-F1-1 
/T4-F2-1 /T3-F2-1 /T4-F1-1 /T3-F1-1 /T4-F2-1 /T3-F2-1 /T4-F1-1 /T3-F1-1 /T4-F2-1 /T3-F2-1 
/T4-F1-1 /T3-F1-1 /T4-F2-1 /T3-F2-1 /T4-F1-1 /T3-F1-1 /T4-F2-1 
"
1040952,y#wA#irv#TfoF#qUVNR#CdDkhm#jIWgPbX#BSzZstKGnOYcalMLxEHuJepQ,121.500000,876.000000,44.000000,0.650000,1,"
minimal: 0 / states: 113 / duration: 0.000139s
history:
/T1-F0-1 /T6-T0-1 /T4-T3-1 /T4-F3-1 /T4-T1-1 /T4-T2-1 /T0-T5-2 /T5-T0-3 /T1-T0-2 /T4-T3-1 
/D:1     /W-F0-1  /D:2     /W-T1-1  /D:1     /W-T4-1  /D:2     /W-T2-1  /D:2     /W-T5-1  
/D:1     /W-F2-1  /D:1     /W-F3-1  /D:1     /W-T1-1  /W-T1-1  /D:1     /W-T3-1  /D:1     
/W-F1-1  /T6-F1-1 /T6-F3-1 /T3-T6-4 /T3-F2-1 /T6-F1-1 /T3-T2-1 /W-T3-1  /W-T5-1  /D:3     
/W-T4-1  /D:2     /W-T2-1  /D:1     /W-T0-1  /T6-T0-4 /T2-T6-5 /T6-T1-6 /T5-T6-3 /T5-T4-1 
/T2-T6-1 /D:1     /W-T2-1  /T3-T2-2 /D:1     /W-T4-1  /T2-T4-4 /D:1     /W-T4-1  /T5-T4-1 
/T5-F1-1 /T5-F0-1 /T4-F0-1 /T1-F0-1 /T4-F1-1 /T1-F1-1 /T0-T4-2 /T0-F0-1 /T0-F1-1 /T6-T1-2 
/T6-F0-1 /T0-F0-1 /T6-F1-1 /T6-F0-1 /T4-T0-5 /T4-F1-1 /T4-F0-1 /T6-F1-1 /T4-F1-1 /D:1     
/W-F2-1  /T0-F2-1 /T1-F2-1 /D:1     /W-F3-1  /T0-F3-1 /T0-F2-1 /T1-F3-1 /T0-F3-1 /T1-F2-1 
/T0-F2-1 /T1-F3-1 /T0-F3-1 /T1-F2-1 /T0-F2-1 /T1-F3-1 /T0-F3-1 /T1-F0-1 /T4-F0-1 /W-F2-1  
/T0-F2-1 /T1-F3-1 /T4-F3-1 /T1-F2-1 /W-F0-1  /W-F1-1  /T0-F1-1 
"
1041054,v#Nj#Rzp#LceG#KgiWI#DsQYSA#dJkHXrB#wquyaoZUnMtOmhFPbVfCTlxE,91.000000,1354.000000,33.000000,0.738095,1,"
minimal: 0 / states: 115 / duration: 0.000146s
history:
/T5-F0-1 /T6-F0-1 /T6-T5-1 /T4-T1-1 /T5-T3-2 /T0-T4-1 /D:1     /W-T6-1  /D:4     /W-F1-1  
/D:2     /W-T0-1  /D:1     /W-T1-1  /T3-T1-3 /D:1     /W-F2-1  /W-F2-1  /T2-F2-1 /T5-T2-1 
/T5-T1-1 /T3-T5-1 /W-T0-1  /T6-T0-2 /D:5     /W-T4-1  /D:3     /W-F1-1  /T3-F1-1 /D:1     
/W-T0-1  /T6-T0-1 /T6-T3-1 /T6-T3-1 /T6-F1-1 /T2-T6-2 /T5-F1-1 /T2-T5-1 /D:1     /W-F1-1  
/D:1     /W-F0-1  /D:1     /W-T0-1  /T5-T0-2 /T5-F0-1 /D:2     /W-T6-1  /T4-T6-3 /T4-T3-1 
/T4-F1-1 /T1-T4-7 /T1-F3-1 /T6-F1-1 /T3-F1-1 /D:1     /W-F0-1  /R       /D:1     /W-F2-1  
/D:2     /W-T1-1  /D:2     /W-F3-1  /D:1     /W-T2-1  /T3-T2-3 /D:1     /W-F0-1  /D:1     
/W-F3-1  /T4-F3-1 /T0-F3-1 /T4-F2-1 /T0-F2-1 /T4-F3-1 /T0-F3-1 /T4-F0-1 /T0-F0-1 /W-F2-1  
/T4-F3-1 /T4-F0-1 /W-F2-1  /T0-F3-1 /T2-F0-1 /T6-F2-1 /T0-F2-1 /T4-F1-1 /T2-F1-1 /T6-F3-1 
/T0-F3-1 /T4-F0-1 /T2-F0-1 /T6-F2-1 /T0-F2-1 /T6-F3-1 /T0-F3-1 /T1-F0-1 /T6-F2-1 /D:1     
/W-F1-1  /T2-F1-1 
"
1041091,u#in#UdL#skOj#zbPfI#GvcKpR#XZoaCer#VtYymxJHQFTMSENADqlWhwgB,165.500000,2486.000000,57.000000,0.550000,1,"
minimal: 0 / states: 127 / duration: 0.000147s
history:
/T1-F2-1 /T4-T3-1 /T6-T4-1 /T0-T1-1 /D:5     /W-T0-1  /T2-T0-1 /T2-T4-1 /T2-T3-1 /D:6     
/W-T1-1  /W-T1-1  /T5-T1-1 /T5-T4-1 /T3-T5-3 /T3-T4-1 /T3-T0-1 /T6-T3-1 /D:1     /W-T2-1  
/D:3     /W-F3-1  /T4-F3-1 /D:1     /W-F0-1  /D:1     /W-T1-1  /D:1     /W-T3-1  /D:1     
/W-T2-1  /T5-T2-4 /T5-T1-1 /D:2     /W-T5-1  /D:1     /W-T0-1  /T1-T0-7 /D:2     /W-F0-1  
/T6-F0-1 /T6-F1-1 /T6-F2-1 /T6-T1-1 /T4-F2-1 /T3-F2-1 /R       /D:2     /W-T2-1  /T4-T2-3 
/T4-F3-1 /T4-F1-1 /T0-F1-1 /T0-F0-1 /T2-F1-1 /T3-F1-1 /T2-F2-1 /T2-F1-1 /T3-F2-1 /T2-F2-1 
/D:1     /W-T4-1  /D:1     /W-T1-1  /T6-T1-1 /D:1     /W-T4-1  /D:1     /W-T1-1  /W-T1-1  
/D:1     /W-T1-1  /T0-T1-3 /T0-F2-1 /D:1     /W-F3-1  /T1-F3-1 /D:1     /W-F3-1  /D:1     
/W-F0-1  /T1-F0-1 /T1-F3-1 /T2-F3-1 /T5-T2-1 /T5-F2-1 /T5-F0-1 /T1-F0-1 /T1-F3-1 /T0-T1-1 
/T0-F2-1 /T4-F2-1 /D:1     /W-F3-1  /T1-T0-2 /T1-F3-1 /T1-F2-1 /T4-F3-1 /T1-F3-1 /T4-F2-1 
/D:1     /W-F1-1  /T2-F1-1 /T0-F1-1 /T2-F0-1 /T0-F0-1 /T2-F1-1 /T0-F1-1 /T2-F0-1 /T0-F0-1 
/T2-F1-1 /T0-F1-1 /T2-F0-1 
"
1041192,a#VN#Gdq#whFB#TRxsE#ouYSeb#fckIDmy#iQWpzjJZUAKOMPXCgvrLtlHn,161.500000,3034.000000,56.000000,0.553398,1,"
minimal: 0 / states: 128 / duration: 0.000154s
history:
/T0-F1-1 /T1-F3-1 /T5-F1-1 /T2-T5-1 /T2-T4-1 /D:4     /W-T4-1  /D:1     /W-T0-1  /D:5     
/W-F0-1  /T3-F0-1 /T5-T3-2 /T4-T5-3 /T5-T2-4 /T5-T0-1 /T5-T1-1 /D:1     /W-T0-1  /D:1     
/W-F3-1  /D:2     /W-F3-1  /D:1     /W-T6-1  /D:1     /W-F0-1  /D:1     /W-T1-1  /T4-T1-1 
/D:7     /W-F2-1  /T5-F2-1 /T2-F2-1 /T3-F2-1 /R       /D:2     /W-F3-1  /D:1     /W-T0-1  
/D:1     /W-T4-1  /D:1     /W-T6-1  /W-T6-1  /D:1     /W-T5-1  /T6-T5-4 /D:3     /W-T0-1  
/D:1     /W-F2-1  /T1-F2-1 /T3-T1-2 /T3-T0-1 /T1-T3-5 /T6-T1-1 /T6-F0-1 /T6-T4-1 /T2-T0-4 
/W-T2-1  /W-T4-1  /T3-T6-6 /D:1     /W-T1-1  /T6-T1-7 /T6-F1-1 /T0-F1-1 /T0-F0-1 /T1-F1-1 
/T6-F1-1 /T1-F0-1 /T1-F1-1 /T0-T4-2 /T0-F1-1 /T5-F1-1 /D:1     /W-F2-1  /T1-F2-1 /T0-F2-1 
/T4-T0-4 /T4-F1-1 /T1-T5-1 /T1-F2-1 /T4-F2-1 /T4-F3-1 /T0-F3-1 /T0-F0-1 /T4-F3-1 /T0-F3-1 
/T1-F1-1 /T5-F3-1 /T5-T1-2 /T5-F2-1 /T0-T2-4 /T0-F2-1 /D:1     /W-F1-1  /T1-T5-3 /T1-F1-1 
/D:1     /W-F0-1  /T2-F0-1 /T2-F3-1 /T5-F0-1 /T2-F0-1 /T5-F3-1 /T2-F3-1 /T5-F0-1 /T2-F0-1 
/T5-F3-1 
"
1041207,q#ZL#ERI#wHvm#Fefoc#lpuXOY#btJDCBx#nksTgQihKrUNGyPSaVdzWAMj,140.500000,2200.000000,44.000000,0.632530,1,"
minimal: 0 / states: 122 / duration: 0.000145s
history:
/T6-T5-1  /T6-T4-1  /T4-T0-2  /T1-T3-1  /D:1      /W-F2-1   /T4-F2-1  /D:1      /W-T3-1   /D:6      
/W-T2-1   /D:2      /W-T4-1   /D:2      /W-F3-1   /D:1      /W-T2-1   /T4-T2-2  /T0-T4-3  /T3-T0-3  
/W-T3-1   /D:1      /W-T1-1   /D:3      /W-F1-1   /D:2      /W-T2-1   /T6-T2-1  /D:2      /W-T5-1   
/T2-T5-7  /T6-T2-1  /T6-T0-1  /T6-T3-1  /T6-F1-1  /W-T6-1   /T5-T6-10 /T5-F3-1  /T5-T1-1  /W-T0-1   
/T5-T0-1  /T5-F2-1  /T4-T2-2  /T4-F2-1  /W-T3-1   /W-F3-1   /W-T5-1   /D:1      /W-F0-1   /T2-F0-1  
/T2-F1-1  /T6-F0-1  /T2-F0-1  /T6-F1-1  /T4-F1-1  /T2-T4-1  /T2-F0-1  /T6-F2-1  /T6-F1-1  /D:1      
/W-T2-1   /T5-T2-2  /D:1      /W-T2-1   /T3-T2-4  /R        /D:1      /W-F2-1   /T2-T6-1  /T2-F2-1  
/T0-F2-1  /T3-T0-1  /T3-T1-1  /D:1      /W-T0-1   /T4-T0-2  /D:1      /W-F1-1   /T6-T2-2  /T6-F1-1  
/T2-T6-3  /T2-F2-1  /T1-F2-1  /D:1      /W-F3-1   /T0-F3-1  /T0-F0-1  /T6-F3-1  /T0-F3-1  /T6-F0-1  
/T0-F0-1  /T6-F3-1  /T0-F3-1  /T6-F0-1  /T6-F3-1  /T0-F0-1  /T1-F3-1  /T6-F2-1  /T1-F2-1  /T6-F3-1  
/T1-F3-1  /T6-F2-1  /D:1      /W-F1-1   /T2-F1-1  /T0-F1-1  /T2-F0-1  /T0-F0-1  /T2-F1-1  /T0-F1-1  
/T2-F0-1  
"
1041283,Z#Vw#CFs#Nfhi#kQRPW#gjBDTp#ozatKde#ObGLmJxHIyrcYUEnMvlAuqSX,122.000000,1446.000000,54.000000,0.579268,1,"
minimal: 0 / states: 130 / duration: 0.000153s
history:
/T6-T2-1 /T5-T6-1 /T3-T1-1 /T2-T5-2 /D:1     /W-T6-1  /D:2     /W-T3-1  /D:1     /W-T0-1  
/D:4     /W-T1-1  /T5-T1-3 /T5-T1-1 /D:1     /W-T4-1  /T3-T4-2 /T3-T4-1 /T3-F3-1 /T6-F3-1 
/D:2     /W-T4-1  /T6-T4-2 /T4-T6-8 /T4-F3-1 /T4-T2-1 /T4-F3-1 /T1-T4-7 /T2-F3-1 /T4-T0-8 
/D:1     /W-T0-1  /T5-T0-1 /D:4     /W-F2-1  /D:1     /W-T3-1  /D:1     /W-T5-1  /D:1     
/W-T3-1  /T6-T3-9 /D:1     /W-F0-1  /T0-F0-1 /D:1     /W-T1-1  /D:2     /W-F3-1  /D:1     
/R       /D:1     /W-T3-1  /D:1     /W-T4-1  /D:3     /W-T4-1  /D:2     /W-T5-1  /T6-T5-1 
/T6-F1-1 /T3-F1-1 /T0-F1-1 /W-T6-1  /W-T6-1  /T5-T6-4 /T2-T5-1 /T2-F0-1 /T0-F0-1 /T6-T2-7 
/T6-F2-1 /T3-F2-1 /T3-F1-1 /T0-F1-1 /T5-T1-2 /D:1     /W-F0-1  /T1-F0-1 /T0-T1-1 /T0-F3-1 
/T3-T2-2 /T3-F0-1 /T0-F0-1 /T2-T3-3 /T2-F3-1 /T1-T0-3 /T1-F3-1 /T3-T2-4 /T3-F0-1 /T3-F3-1 
/W-F0-1  /T3-F0-1 /T0-T4-6 /T0-F0-1 /D:1     /W-F2-1  /T2-F2-1 /T2-F1-1 /T4-F2-1 /T2-F2-1 
/T4-F1-1 /T2-F1-1 /T4-F2-1 /T2-F2-1 /T4-F1-1 /T2-F1-1 /T4-F2-1 /T2-F2-1 /T4-F1-1 /T3-F1-1 
/T3-F0-1 /T4-F2-1 /T4-F1-1 /D:1     /W-F3-1  /T2-F3-1 /T0-F3-1 /T2-F2-1 
"
1041298,F#lY#VrI#aeAn#vtpXz#ZqoRHj#NgBMuby#SwLWxmPsOCTihUQdJkfcKEDG,106.500000,2628.000000,52.000000,0.572368,1,"
minimal: 0 / states: 135 / duration: 0.000153s
history:
/T3-F2-1  /T3-F0-1  /T2-T5-1  /T1-T4-1  /T3-T0-1  /T3-F1-1  /T4-T3-2  /T4-T6-1  /D:2      /W-T6-1   
/D:3      /W-T1-1   /T5-T1-2  /D:4      /W-T4-1   /D:2      /W-T5-1   /T0-T5-2  /D:1      /W-T6-1   
/T5-T6-4  /D:1      /W-T1-1   /D:2      /W-T2-1   /T4-T2-2  /T4-T1-1  /W-T4-1   /D:4      /W-T1-1   
/T2-T1-4  /D:2      /W-T3-1   /D:2      /W-T5-1   /D:1      /W-T4-1   /R        /D:1      /W-T4-1   
/D:2      /W-T3-1   /T4-T3-4  /D:1      /W-T0-1   /T6-T0-8  /T6-F1-1  /T6-T2-1  /T6-T4-1  /T6-F0-1  
/T6-T2-1  /T6-F3-1  /T1-F3-1  /T1-T4-10 /D:1      /W-F3-1   /D:1      /W-T2-1   /T5-T2-2  /T5-F2-1  
/T4-F2-1  /T5-F2-1  /T4-F3-1  /T4-F2-1  /T2-T0-1  /T2-F3-1  /T2-F2-1  /T3-F3-1  /T0-T2-3  /T0-F3-1  
/T4-T3-1  /T4-F2-1  /T2-T0-4  /T2-F2-1  /T3-T4-2  /T3-F3-1  /T2-F3-1  /T3-F2-1  /T3-F3-1  /W-T5-1   
/D:1      /W-F0-1   /T0-F0-1  /D:3      /W-T5-1   /T0-T5-6  /T0-F3-1  /D:1      /W-F1-1   /D:1      
/W-F0-1   /R        /D:1      /W-F1-1   /T5-F1-1  /T4-F1-1  /T5-F0-1  /T4-F0-1  /T5-F1-1  /T4-F1-1  
/T5-F0-1  /T4-F0-1  /T5-F1-1  /T4-F1-1  /T5-F2-1  /T4-F2-1  /T0-F2-1  /T5-F1-1  /T4-F1-1  /T0-F1-1  
/T3-T4-2  /T3-F2-1  /D:1      /W-F0-1   /T4-F0-1  /T4-F3-1  /T5-F0-1  /T4-F0-1  /T5-F3-1  
"
1041383,M#TA#VBr#cNPE#YOoZj#hsfFLn#wQJztGp#aUKyuWdmgqRbSxICilHDkeXv,98.000000,2628.000000,45.000000,0.633333,1,"
minimal: 0 / states: 133 / duration: 0.000261s
history:
/T1-F0-1 /T5-F2-1 /D:1     /W-F1-1  /D:6     /W-T2-1  /T6-T2-1 /D:5     /W-F1-1  /D:1     
/W-T6-1  /T3-T6-1 /D:2     /W-T4-1  /D:3     /W-T0-1  /D:3     /W-T5-1  /D:3     /R       
/D:1     /W-T4-1  /T6-T4-3 /D:1     /W-T0-1  /T4-T0-6 /T5-T4-2 /T5-T1-1 /T2-T5-3 /T2-F0-1 
/T5-T6-4 /D:2     /W-T2-1  /T1-T2-2 /T4-T1-3 /T4-F2-1 /T4-T6-1 /D:5     /W-T2-1  /W-T2-1  
/T3-T2-1 /T3-F3-1 /T3-F1-1 /T6-F3-1 /T2-F3-1 /T6-F2-1 /T2-F2-1 /T6-F1-1 /T6-F2-1 /T5-F2-1 
/T6-T5-2 /T6-T3-1 /T6-T1-1 /T6-F3-1 /T2-F3-1 /T0-T5-1 /T0-F3-1 /T5-T0-2 /T5-F2-1 /T2-T1-4 
/T4-T3-1 /D:1     /W-T3-1  /D:1     /W-F0-1  /D:1     /W-T6-1  /D:1     /W-T6-1  /T1-T6-2 
/T1-F2-1 /D:1     /W-F0-1  /T0-F0-1 /T6-F0-1 /T6-F3-1 /T0-T5-2 /T0-F3-1 /T1-F3-1 /W-T6-1  
/W-T2-1  /W-F3-1  /W-T2-1  /T5-T0-3 /D:1     /W-F1-1  /T0-F1-1 /T0-F0-1 /T6-F1-1 /T0-F1-1 
/T6-F0-1 /T0-F0-1 /T6-F1-1 /T1-F0-1 /T0-F1-1 /T0-F0-1 /T1-F1-1 /T0-F1-1 /T1-F0-1 /T0-F0-1 
/T2-T1-1 /T2-F1-1 /D:1     /W-F3-1  /D:1     /W-F2-1  /T6-F2-1 /T3-F2-1 /T1-F2-1 /T3-F3-1 
/T1-F3-1 /T3-F2-1 
"
1041384,d#lb#ZuE#CrXA#gBJFM#kWGNco#PfYsyIp#wvTSRKOUhaxLQjDVenmHziqt,143.000000,1842.000000,54.000000,0.584270,1,"
minimal: 0 / states: 121 / duration: 0.000149s
history:
/T3-F0-1 /T6-T0-1 /T1-T0-1 /T0-T2-3 /T4-T0-1 /T1-T0-1 /D:1     /W-T3-1  /D:4     /W-T4-1  
/D:1     /W-T0-1  /D:2     /W-T6-1  /D:2     /W-F1-1  /T2-F1-1 /D:4     /W-T0-1  /T6-T0-2 
/T3-T6-2 /W-T3-1  /D:1     /W-T4-1  /D:1     /W-T6-1  /D:2     /W-F2-1  /T5-F2-1 /T5-F1-1 
/T5-F3-1 /T5-T0-1 /T2-F2-1 /T2-F1-1 /W-F1-1  /D:1     /W-T1-1  /T6-T1-4 /D:1     /W-T1-1  
/D:3     /W-F2-1  /T3-T2-1 /T3-F2-1 /T6-F2-1 /T3-T2-1 /D:1     /W-F2-1  /R       /D:1     
/W-T5-1  /D:1     /W-T1-1  /T4-T1-3 /D:1     /W-T0-1  /T2-T0-3 /T2-F2-1 /T5-F2-1 /T1-T4-6 
/T1-F2-1 /T4-T1-7 /T4-F0-1 /T0-F0-1 /T1-F0-1 /D:1     /W-F3-1  /D:2     /W-T6-1  /T5-T6-1 
/D:1     /W-T2-1  /T5-T2-1 /D:1     /W-T3-1  /T6-T3-3 /T6-F1-1 /T6-F3-1 /T0-F3-1 /T0-F0-1 
/T1-F3-1 /T0-F3-1 /T1-F0-1 /T0-F0-1 /T1-F3-1 /T0-F3-1 /T4-F1-1 /T1-F0-1 /T1-F3-1 /W-F1-1  
/T0-F0-1 /T3-F3-1 /T1-F0-1 /T1-F3-1 /T3-F2-1 /T1-F2-1 /T3-F3-1 /T3-F2-1 /T2-T1-2 /T2-F3-1 
/D:1     /W-F1-1  /T0-F1-1 /T0-F0-1 /T1-F1-1 /T0-F1-1 /T1-F0-1 /T0-F0-1 /T1-F1-1 
"
1050023,g#Kr#nPL#OmeN#Tyibt#RkpUcq#wGusEvz#IFXDWHMljxoaVYhdACBZfJQS,92.000000,591.000000,34.000000,0.707143,1,"
minimal: 0 / states: 123 / duration: 0.000145s
history:
/T3-F3-1 /T5-T3-1 /T5-T3-1 /T4-T5-1 /D:2     /W-T0-1  /T3-T0-3 /T2-T3-1 /D:1     /W-T3-1  
/D:5     /W-T6-1  /D:2     /W-T6-1  /W-T6-1  /D:1     /W-T0-1  /D:1     /W-F1-1  /T4-F1-1 
/T0-T2-1 /T0-F1-1 /T2-T0-2 /T2-F2-1 /T0-F2-1 /T6-T2-4 /T6-T2-1 /T5-T2-2 /T5-F2-1 /D:4     
/W-F1-1  /D:1     /W-F0-1  /D:2     /W-F0-1  /W-F0-1  /D:2     /W-T2-1  /T6-T2-1 /D:1     
/W-T3-1  /T4-T3-1 /T5-T4-1 /T5-T6-1 /T3-T5-5 /T3-F3-1 /T0-F3-1 /T0-F2-1 /T1-F2-1 /W-T3-1  
/T4-T3-2 /T6-T4-2 /T6-T5-1 /T0-F1-1 /T4-T0-1 /T4-F2-1 /T2-T6-2 /T2-F2-1 /T6-T2-3 /T5-F2-1 
/T6-T3-1 /D:1     /W-F3-1  /T0-F3-1 /D:1     /W-F3-1  /T4-F3-1 /R       /D:2     /W-F0-1  
/T2-F0-1 /T0-F0-1 /T2-F1-1 /T0-F1-1 /T2-F0-1 /T2-F3-1 /T2-F2-1 /T3-F2-1 /T2-T1-1 /T2-F2-1 
/W-T1-1  /T1-T2-3 /D:2     /W-F0-1  /T2-F0-1 /D:1     /W-T0-1  /D:1     /W-F3-1  /W-F3-1  
/T5-T3-2 /T5-F3-1 /T3-T5-3 /T3-F2-1 /T2-T0-3 /T2-F2-1 /D:1     /W-F3-1  /T3-F3-1 /D:1     
/W-F1-1  /T5-F1-1 /T0-F1-1 /T5-F0-1 /T0-F0-1 /T5-F1-1 /T0-F1-1 /T5-F0-1 /T0-F0-1 /T5-F1-1 
"
1050101,B#zl#bGC#khDg#ZAHqr#WuVvfn#IwOTpxe#PEUaNQKmjsyXLJMtodRSiYcF,146.000000,2137.000000,43.000000,0.705882,1,"
minimal: 0 / states: 117 / duration: 0.000148s
history:
/T5-F2-1 /T4-T5-1 /T4-T6-1 /T3-T4-1 /D:1     /W-T3-1  /T0-T3-1 /D:3     /W-F1-1  /D:1     
/W-F3-1  /D:1     /W-T5-1  /T2-T5-1 /T5-T2-4 /W-T5-1  /T2-T5-5 /T2-F1-1 /D:1     /W-T1-1  
/D:1     /W-T0-1  /D:1     /W-T1-1  /T5-T1-7 /T4-T5-2 /T4-F0-1 /T3-F0-1 /T1-F0-1 /T3-T6-1 
/T3-F0-1 /W-F0-1  /D:1     /W-T5-1  /T6-T5-3 /D:1     /W-T0-1  /D:1     /W-T0-1  /D:1     
/W-T4-1  /D:1     /W-T0-1  /T5-T0-7 /D:1     /W-T2-1  /T1-T2-9 /D:1     /W-T3-1  /D:1     
/W-F2-1  /D:3     /W-T3-1  /D:2     /W-T1-1  /T6-T1-1 /T6-F2-1 /T6-T5-1 /T6-F3-1 /T0-F3-1 
/T2-F3-1 /W-T6-1  /T5-T6-2 /T0-F2-1 /W-F3-1  /T2-F2-1 /T3-F3-1 /T6-F3-1 /T5-T1-1 /D:1     
/W-F1-1  /W-F1-1  /T0-F1-1 /T0-F2-1 /T2-F1-1 /T3-F2-1 /T0-F1-1 /T6-F2-1 /T3-F1-1 /T6-T3-2 
/T3-F1-1 /T2-T1-3 /T2-F1-1 /T1-T6-2 /T1-F2-1 /T3-F2-1 /T3-F1-1 /T1-T2-1 /T1-F2-1 /T0-T4-4 
/T0-F2-1 /T2-T1-2 /T2-F1-1 /T0-F1-1 /T1-T2-3 /T1-F2-1 /T6-T2-3 /D:1     /W-F0-1  /T2-F0-1 
/T2-F3-1 /T4-F0-1 /T2-F0-1 /T4-F3-1 /T2-F3-1 /T4-F0-1 /T2-F0-1 /T4-F3-1 /T2-F3-1 /T4-F0-1 
/T2-F0-1 /T4-F3-1 
"
1050115,Q#ku#gbP#yCFm#IlNon#vWDcsU#EStiarj#LVhwfqAOzYTKRHpMxZJdBGeX,112.000000,1542.000000,53.000000,0.607955,1,"
minimal: 0 / states: 124 / duration: 0.000156s
history:
/T4-F2-1 /T4-F2-1 /T4-F3-1 /D:1     /W-T3-1  /D:6     /W-F0-1  /D:1     /W-F3-1  /T2-F3-1 
/T0-F3-1 /T3-T0-2 /D:3     /W-T1-1  /T3-T1-1 /T2-T3-1 /D:1     /W-T4-1  /T6-T4-1 /F3-T6-1 
/T3-T6-2 /D:1     /W-T1-1  /D:2     /W-F2-1  /D:6     /W-F0-1  /D:1     /W-T5-1  /D:2     
/W-T0-1  /R       /D:3     /W-T0-1  /D:1     /W-T5-1  /T6-T5-4 /T6-F1-1 /T5-F1-1 /T5-F0-1 
/T5-F3-1 /T6-T0-1 /T1-T0-4 /T0-F3-1 /T1-T3-1 /D:1     /W-F2-1  /T5-F2-1 /D:1     /W-T1-1  
/T4-T1-3 /T5-T4-3 /T5-F2-1 /T5-F1-1 /T5-F0-1 /T6-F2-1 /T6-F3-1 /T6-F0-1 /T0-F0-1 /T0-F3-1 
/T0-F2-1 /T4-T1-4 /D:2     /W-T0-1  /T2-T0-1 /D:1     /W-T2-1  /W-T2-1  /D:1     /W-T2-1  
/T5-T2-1 /T5-F2-1 /D:1     /W-T4-1  /T3-T4-2 /D:1     /W-T4-1  /T0-T4-3 /T0-F2-1 /D:1     
/W-F1-1  /D:1     /W-F1-1  /T1-F1-1 /T1-F0-1 /T1-F3-1 /T4-F1-1 /T4-F0-1 /W-F1-1  /T1-F0-1 
/T4-F1-1 /T1-F1-1 /W-F3-1  /T2-F3-1 /T2-F2-1 /T4-F0-1 /T0-F3-1 /T1-F0-1 /T2-F3-1 /T4-F1-1 
/T0-F0-1 /T1-F1-1 /T2-F0-1 /T4-F2-1 /T0-F1-1 /T1-F2-1 /T4-F3-1 
"
1050119,u#VS#Yjf#PqRN#MXJGk#LzbBHc#tQpiAOo#DvnZeIdWUgxsEhwrCyTFKlma,144.500000,1195.000000,49.000000,0.623711,1,"
minimal: 0 / states: 114 / duration: 0.000149s
history:
/T3-F3-1 /T6-T5-1 /T6-F3-1 /T6-F0-1 /T0-T6-1 /D:1     /W-T3-1  /T5-T3-2 /D:2     /W-F2-1  
/T3-F2-1 /D:1     /W-T0-1  /D:6     /W-T5-1  /D:2     /W-T5-1  /T3-T5-3 /D:1     /W-T1-1  
/D:2     /W-T4-1  /T6-T4-2 /T6-F2-1 /T3-F2-1 /T6-T1-1 /T2-T6-1 /T3-F3-1 /T1-F3-1 /D:1     
/W-F2-1  /D:2     /W-T0-1  /T4-T0-4 /T1-T4-2 /T5-T1-6 /T5-F0-1 /W-F0-1  /D:1     /W-T0-1  
/D:1     /W-T0-1  /T1-T0-3 /T1-F2-1 /D:3     /W-T3-1  /D:1     /W-F1-1  /T5-F1-1 /T0-F1-1 
/T0-F0-1 /T0-F3-1 /T4-F0-1 /T4-F3-1 /T0-F0-1 /T0-F3-1 /T4-F0-1 /T1-T4-3 /T5-T1-1 /T4-T0-1 
/T4-F0-1 /W-T1-1  /W-T1-1  /T2-T1-1 /T5-T3-1 /R       /D:1     /W-T1-1  /D:2     /W-F0-1  
/D:1     /W-F1-1  /W-F1-1  /T6-F1-1 /T0-F1-1 /T6-F2-1 /T0-F2-1 /T1-F2-1 /D:2     /W-F3-1  
/T4-F3-1 /W-F3-1  /T4-F0-1 /T4-F3-1 /T2-F3-1 /D:2     /W-F1-1  /T0-F1-1 /T0-F2-1 /T1-F1-1 
/T0-F1-1 /T1-F0-1 /T3-F0-1 /W-F2-1  /T0-F2-1 /T0-F3-1 /T1-F1-1 /T1-F2-1 /T3-F1-1 /T4-F0-1 
"
1050161,k#FA#qed#jCuH#hQazn#xOtKgb#rWVXYPm#JRfGIZUoNiLpDBycsTSElMvw,126.500000,1678.000000,49.000000,0.619048,1,"
minimal: 0 / states: 118 / duration: 0.000157s
history:
/T1-F0-1 /T4-F2-1 /D:1     /W-T0-1  /D:1     /W-T1-1  /D:6     /W-F2-1  /D:1     /W-F3-1  
/D:1     /W-T0-1  /T3-T0-1 /D:1     /W-T6-1  /T0-T6-4 /T6-T0-6 /D:1     /W-T2-1  /T5-T2-1 
/T5-T0-1 /T1-T0-2 /T4-T1-1 /T4-F1-1 /T2-F1-1 /T2-F2-1 /D:1     /W-T0-1  /T6-T0-1 /T6-T1-1 
/T5-T1-1 /D:1     /W-F0-1  /D:2     /W-F1-1  /T2-F1-1 /T2-F1-1 /T2-F2-1 /D:2     /W-T3-1  
/W-T3-1  /D:1     /W-T5-1  /D:1     /W-T5-1  /T4-T5-1 /T5-T4-4 /T5-F3-1 /T0-F3-1 /T4-F3-1 
/D:2     /W-T2-1  /W-T2-1  /T5-T2-1 /D:2     /W-T6-1  /R       /D:1     /W-F1-1  /D:3     
/W-T5-1  /D:2     /W-T5-1  /T6-T5-2 /T3-T6-3 /T3-F0-1 /T0-F0-1 /T0-F3-1 /T4-F0-1 /T0-F0-1 
/T6-T5-4 /T6-T1-1 /T6-F2-1 /T4-F3-1 /T5-F2-1 /T0-F1-1 /T4-F2-1 /T5-F3-1 /T5-F2-1 /T4-F1-1 
/W-F3-1  /T5-F3-1 /T1-F3-1 /W-T3-1  /W-F0-1  /T0-F0-1 /T0-F1-1 /T3-F0-1 /T0-F0-1 /T1-F0-1 
/T3-F1-1 /T0-F1-1 /T0-F0-1 /T2-T1-1 /T2-F1-1 /T0-F1-1 /T2-F0-1 /D:1     /W-F2-1  /T5-F2-1 
/T1-F2-1 /T5-F3-1 /T1-F3-1 /T5-F2-1 /T1-F2-1 /T5-F3-1 
"
1050205,x#Bz#tUy#vjfQ#pdGlP#WiYuLH#wDSkJNm#hOKgsoTrXZCIMcqEVaRnFbAe,91.500000,1593.000000,52.000000,0.661111,1,"
minimal: 0 / states: 124 / duration: 0.000160s
history:
/T2-T6-1 /D:4     /W-T5-1  /D:1     /W-T5-1  /D:1     /W-T4-1  /D:3     /W-T6-1  /D:2     
/W-T3-1  /D:7     /W-F1-1  /D:1     /W-T5-1  /D:1     /W-F2-1  /T4-F2-1 /D:2     /W-F1-1  
/D:1     /W-F0-1  /D:1     /R       /D:2     /W-T3-1  /D:7     /W-F1-1  /D:1     /W-T5-1  
/T4-T5-1 /T4-T1-1 /T4-T2-1 /T4-F1-1 /T0-T1-1 /T6-T0-3 /T6-F3-1 /T3-F3-1 /T4-F2-1 /T6-T0-1 
/T1-T4-3 /T1-F0-1 /T3-F0-1 /T5-F3-1 /T3-F3-1 /T5-F2-1 /T3-T2-1 /T3-T4-1 /T2-T3-3 /T5-F3-1 
/W-T1-1  /W-T4-1  /D:1     /W-T3-1  /D:1     /W-T0-1  /T5-T0-3 /T6-T5-1 /T6-F3-1 /T6-F0-1 
/T3-F0-1 /T6-T5-1 /W-T6-1  /W-F2-1  /T5-T6-3 /T0-F2-1 /T2-F2-1 /T5-F2-1 /T5-T1-1 /T5-T6-1 
/W-F3-1  /T3-T4-3 /T3-F2-1 /W-T1-1  /T5-T1-1 /D:1     /W-F0-1  /D:1     /W-F1-1  /T4-F1-1 
/T0-F1-1 /T4-F0-1 /T0-F0-1 /T4-F3-1 /T0-F3-1 /W-F1-1  /T4-F0-1 /T1-F3-1 /T6-F1-1 /T0-F0-1 
/T4-F1-1 /T1-F0-1 /T6-F2-1 /T0-F3-1 /T4-F2-1 /T1-F3-1 /T6-F1-1 /T0-F2-1 /T4-F1-1 /T4-F2-1 
/T6-F0-1 /T0-F1-1 /T1-F0-1 /T6-F3-1 
"
1050234,Z#LF#ghp#GUeO#uQzaj#fHTlkM#SvAbqXy#JncxPrwViCEtDNKdIBWRmYso,135.500000,3136.000000,51.000000,0.559140,1,"
minimal: 0 / states: 130 / duration: 0.000146s
history:
/T6-T0-1 /T6-T0-1 /T3-T2-1 /T6-T3-1 /T3-T1-2 /D:1     /W-T0-1  /D:1     /W-F2-1  /D:1     
/W-T1-1  /D:5     /W-T0-1  /D:4     /W-T3-1  /D:2     /W-F3-1  /T2-F3-1 /T6-T2-1 /T6-F0-1 
/T3-T6-2 /T6-T4-3 /T6-T3-1 /T5-T6-1 /D:4     /W-F0-1  /D:4     /W-T6-1  /D:2     /W-F2-1  
/R       /D:1     /W-T6-1  /T4-T6-4 /T4-F1-1 /T2-F1-1 /T1-F1-1 /T2-F2-1 /T3-T2-2 /T4-T3-1 
/T1-F2-1 /D:1     /W-F3-1  /T4-F3-1 /T4-T0-1 /D:1     /W-F2-1  /D:1     /W-T5-1  /D:1     
/W-T5-1  /D:1     /W-F0-1  /D:1     /W-T2-1  /D:1     /W-F0-1  /T2-F0-1 /D:2     /W-F1-1  
/T1-F1-1 /T1-F0-1 /T5-T1-3 /T5-T3-1 /T5-T0-1 /T5-T1-1 /T5-F1-1 /T2-T6-1 /T2-F0-1 /T1-F0-1 
/W-T3-1  /D:1     /W-F0-1  /D:1     /W-T3-1  /F0-T3-1 /T2-T3-1 /T2-F1-1 /T3-F1-1 /T1-F1-1 
/T3-F0-1 /T0-T1-3 /T0-F0-1 /T6-T3-4 /T6-F1-1 /T1-T0-4 /T1-F1-1 /T3-T6-5 /T3-F0-1 /T1-F0-1 
/T3-F1-1 /T6-T3-7 /T6-F0-1 /D:1     /W-F3-1  /T3-F3-1 /T0-F3-1 /D:1     /W-F1-1  /D:1     
/W-F2-1  /T3-F2-1 /T0-F2-1 /T3-F3-1 /T0-F3-1 /T3-F2-1 /T0-F2-1 /T3-F3-1 /T0-F3-1 /T3-F2-1 
/T0-F2-1 /T3-F3-1 /T0-F3-1 /T3-F2-1 
"
1050265,r#ds#Mwk#ZDRi#YhVSb#WOpAcg#BjPCymJ#IEoFxTLKuGnXqvetHUfNlQza,123.500000,2649.000000,47.000000,0.608434,1,"
minimal: 0 / states: 128 / duration: 0.000143s
history:
/T6-T2-1 /T3-T2-1 /T3-T1-1 /T1-T5-2 /T3-T5-1 /T1-T0-1 /T6-T1-1 /T6-T1-1 /T4-T6-1 /T6-T0-2 
/T2-T1-3 /T6-T5-1 /T0-T4-4 /D:1     /W-T6-1  /D:2     /W-T5-1  /D:4     /W-T3-1  /D:2     
/W-T1-1  /T5-T1-6 /D:2     /W-F2-1  /T1-F2-1 /D:1     /W-T3-1  /T2-T3-1 /D:6     /W-T6-1  
/D:2     /W-F3-1  /D:1     /W-T2-1  /D:2     /W-T0-1  /D:1     /W-F1-1  /T4-F1-1 /T5-F1-1 
/T5-F0-1 /T5-F2-1 /T5-F3-1 /T1-F3-1 /W-F3-1  /R       /D:3     /W-T2-1  /T6-T2-3 /T6-F0-1 
/T4-F0-1 /T1-F0-1 /T4-F1-1 /T1-F3-1 /D:3     /W-T2-1  /T4-T2-2 /T4-T3-1 /D:1     /W-F2-1  
/T2-F2-1 /T1-F2-1 /T2-F3-1 /D:1     /W-T5-1  /T4-T5-1 /W-T4-1  /W-F3-1  /T2-T5-1 /T2-F3-1 
/T3-F3-1 /W-T1-1  /W-F0-1  /T1-F0-1 /T5-F0-1 /T4-T0-2 /T5-T0-3 /D:1     /W-F1-1  /D:1     
/W-F2-1  /D:1     /W-F0-1  /T2-F0-1 /T0-T2-2 /T0-F3-1 /T1-T3-3 /T1-F0-1 /T0-F0-1 /T3-T1-4 
/T3-F3-1 /T0-F3-1 /T3-F0-1 /T3-F3-1 /T2-T0-5 /T2-F0-1 /D:1     /W-F1-1  /T1-F1-1 /T0-F1-1 
/T1-F2-1 /T0-F2-1 /T1-F1-1 /T0-F1-1 /T1-F2-1 /T0-F2-1 /T1-F1-1 /T0-F1-1 /T1-F2-1 /T0-F2-1 
/T1-F1-1 
"
1050285,Z#mU#aDH#wfcX#YKWzI#TjOiEG#PtJAosy#NVFMuRprkbqQBgChLdxSvenl,173.000000,2518.000000,58.000000,0.546729,1,"
minimal: 0 / states: 129 / duration: 0.000168s
history:
/T6-T0-1 /T5-T1-1 /T3-T0-1 /T1-T4-2 /D:1     /W-F3-1  /D:5     /W-T6-1  /D:5     /W-T6-1  
/T3-T6-1 /T5-T3-1 /T2-T5-1 /T3-T4-2 /T5-T3-2 /T5-F3-1 /T4-T5-5 /T3-T0-3 /T4-T3-1 /D:1     
/W-T5-1  /D:1     /W-T6-1  /D:1     /W-T0-1  /T6-T0-5 /D:1     /W-T5-1  /W-T5-1  /D:2     
/W-T1-1  /D:4     /W-T4-1  /D:2     /W-F2-1  /T6-F2-1 /T6-F0-1 /T0-F0-1 /D:1     /W-T3-1  
/R       /D:1     /W-T6-1  /D:3     /W-T6-1  /D:1     /W-F2-1  /T0-T2-1 /T0-F2-1 /T2-T0-2 
/T2-F1-1 /T5-F1-1 /T0-F1-1 /T5-F0-1 /T0-F0-1 /W-T2-1  /D:1     /W-F2-1  /D:1     /W-T1-1  
/T6-T1-3 /D:1     /W-T4-1  /T6-T4-1 /T6-F3-1 /T5-F3-1 /T0-F3-1 /T0-F2-1 /T4-F2-1 /T1-F2-1 
/T5-F0-1 /W-F0-1  /D:1     /W-F1-1  /D:1     /W-T3-1  /T4-T3-3 /T5-T4-5 /D:1     /W-F3-1  
/T5-F3-1 /T4-T3-2 /T4-F3-1 /T1-F3-1 /T3-T4-3 /T3-F2-1 /T3-F3-1 /T0-T1-3 /T0-F2-1 /T0-F3-1 
/T3-F2-1 /T4-T3-6 /T0-F2-1 /T4-F3-1 /T0-F3-1 /T3-T2-7 /T3-F2-1 /D:1     /W-F1-1  /T2-F1-1 
/T1-F1-1 /T2-F0-1 /T1-F0-1 /T2-F1-1 /T1-F1-1 /T2-F0-1 /T1-F0-1 /T2-F1-1 /T1-F1-1 /T2-F0-1 
/T1-F0-1 /T2-F1-1 /T1-F1-1 /T2-F0-1 
"
1050309,Y#bQ#wiL#djpD#xPUJR#CWNBmK#hsloFkn#ZSXuIgtAfeGEzVTOyrvMaqcH,85.500000,1182.000000,26.000000,0.844828,1,"
minimal: 0 / states: 123 / duration: 0.000142s
history:
/T6-F2-1  /T5-T0-1  /T6-T2-1  /T4-T6-1  /T3-T6-1  /T4-T2-1  /T2-T5-3  /T3-T1-1  /T2-T5-1  /T3-T0-1  
/D:4      /W-T5-1   /D:1      /W-T0-1   /T4-T0-1  /T4-T6-1  /D:1      /W-T5-1   /T6-T5-4  /T6-F2-1  
/T4-T6-1  /T5-T4-11 /T5-T4-1  /T5-F3-1  /T5-T6-1  /T1-F2-1  /T5-T1-1  /D:1      /W-T0-1   /D:1      
/W-F0-1   /T4-F0-1  /T1-F0-1  /D:1      /W-T0-1   /D:3      /W-T0-1   /T1-T0-1  /D:1      /W-T5-1   
/T6-T5-3  /D:1      /W-T2-1   /D:2      /W-F3-1   /T4-F3-1  /T0-F3-1  /T4-F0-1  /T0-F0-1  /T4-F3-1  
/T4-F0-1  /T6-T4-1  /D:2      /W-T0-1   /T3-T0-1  /D:1      /W-T5-1   /T6-T5-1  /D:1      /W-T3-1   
/T0-T3-9  /D:1      /W-F1-1   /T1-F1-1  /D:1      /W-F2-1   /D:1      /W-F1-1   /T3-F1-1  /T3-F2-1  
/T4-F2-1  /D:1      /W-T2-1   /R        /D:1      /W-T0-1   /D:1      /W-F3-1   /D:2      /W-F1-1   
/T3-F1-1  /T3-F2-1  /T4-F1-1  /T4-F2-1  /T5-F1-1  /T4-F1-1  /T5-F2-1  /T2-T4-2  /T2-F2-1  /T3-T5-2  
/T3-F1-1  /T5-T3-3  /T5-F2-1  /D:1      /W-F0-1   /T4-F0-1  /D:1      /W-F3-1   /T3-F3-1  /T3-F0-1  
/T4-F3-1  /T3-F3-1  /T4-F0-1  /T3-F0-1  /T4-F1-1  /T5-F1-1  /W-F3-1   /T3-F3-1  /T4-F0-1  /T3-F0-1  
/T0-F3-1  /T4-F1-1  /D:1      /W-F2-1   /T5-F2-1  
"
1050322,I#lH#xtZ#OAbW#DzLSV#TaevKd#PqGEMyh#FUmQskngroBpCcwjXuJRfiYN,132.000000,1403.000000,39.000000,0.654762,1,"
minimal: 0 / states: 117 / duration: 0.000131s
history:
/T6-T0-1 /T6-T2-1 /T1-T4-1 /T0-T3-2 /T6-T0-1 /T5-T6-1 /T5-T1-1 /T3-T1-3 /T1-T0-5 /T2-T1-2 
/T2-T0-1 /D:2     /W-T5-1  /D:4     /W-T1-1  /D:1     /W-F2-1  /D:1     /W-T4-1  /W-T4-1  
/D:2     /W-F2-1  /D:2     /W-T6-1  /T3-T6-1 /T3-F0-1 /W-F0-1  /D:1     /W-F0-1  /D:2     
/W-T1-1  /T4-T1-4 /T4-T0-1 /T6-T0-4 /T6-T5-1 /W-T6-1  /D:1     /W-T2-1  /T5-T2-3 /T5-T1-1 
/T5-F1-1 /T0-F1-1 /T6-F1-1 /T6-T1-1 /T0-F2-1 /T0-F1-1 /T1-F2-1 /T1-F1-1 /W-F2-1  /T1-F2-1 
/T0-T2-2 /T0-F2-1 /W-T2-1  /D:1     /W-T4-1  /D:1     /W-F2-1  /D:1     /W-T4-1  /D:2     
/W-F1-1  /T1-F1-1 /T0-F1-1 /T2-T0-5 /T2-F2-1 /T1-T4-2 /T1-F2-1 /T5-T4-1 /D:1     /W-F1-1  
/T2-F1-1 /T1-F1-1 /T2-F2-1 /T1-F2-1 /T4-T1-6 /T4-F2-1 /T4-F0-1 /D:2     /W-F3-1  /T3-F3-1 
/T6-F3-1 /T0-F3-1 /T0-F0-1 /R       /D:1     /W-F0-1  /D:1     /W-T2-1  /D:1     /W-F3-1  
/T0-F3-1 /T0-F0-1 /T1-F3-1 /T0-F3-1 /T1-F0-1 /T0-F0-1 /T1-F3-1 /T0-F3-1 /T1-F0-1 /T0-F0-1 
/T0-F1-1 /T1-F3-1 /T1-F0-1 /T2-F1-1 /T0-F0-1 /D:1     /W-F3-1  /T1-F3-1 
"
1050381,L#co#AaJ#mvGj#hIeFZ#ButRKp#yQYSUbH#fdrTMPiglsVkzqExXnWCDNOw,127.500000,1525.000000,46.000000,0.616883,1,"
minimal: 0 / states: 129 / duration: 0.000142s
history:
/T0-T4-1 /T4-T0-2 /D:4     /W-T6-1  /T4-T6-1 /T4-T6-1 /T4-T3-1 /T4-T3-1 /D:1     /W-T4-1  
/D:2     /W-T2-1  /T6-T2-4 /T6-T5-1 /D:2     /W-T4-1  /D:3     /W-T0-1  /T2-T0-6 /T2-F1-1 
/T2-F0-1 /T5-F1-1 /D:1     /W-T2-1  /D:1     /W-T0-1  /D:2     /W-T4-1  /T3-T4-3 /T3-T4-1 
/T6-T3-1 /T6-T4-1 /T6-T2-1 /T5-T6-1 /T5-T2-1 /W-T4-1  /T6-T4-2 /D:1     /W-T6-1  /D:1     
/W-F2-1  /T1-F2-1 /T1-F1-1 /T4-F2-1 /T0-F2-1 /D:1     /W-T2-1  /T3-T2-2 /T6-T3-2 /D:1     
/W-T4-1  /D:1     /W-T0-1  /D:1     /W-F3-1  /D:1     /W-F3-1  /D:1     /W-T3-1  /W-T3-1  
/R       /D:2     /W-F1-1  /T0-T5-1 /T0-F1-1 /T5-T0-2 /T5-T2-1 /T5-T3-1 /T5-F0-1 /T4-F0-1 
/T0-F0-1 /W-F1-1  /D:1     /W-F2-1  /D:1     /W-F3-1  /T4-F3-1 /T0-F3-1 /T4-F0-1 /T0-F0-1 
/T4-F3-1 /T4-F0-1 /T0-F3-1 /T0-F0-1 /T2-T4-1 /T2-F3-1 /T3-T0-1 /T3-F3-1 /T4-T2-2 /T4-F0-1 
/T0-T3-2 /T0-F0-1 /T2-T4-3 /T2-F3-1 /T2-F0-1 /T3-T0-3 /T3-F3-1 /T2-F3-1 /T0-T3-4 /T0-F0-1 
/T0-F3-1 /T4-T2-6 /T4-F0-1 /D:1     /W-F1-1  /D:1     /W-F2-1  /T2-F2-1 /T2-F1-1 /T3-F2-1 
/T2-F2-1 /T3-F1-1 /T2-F1-1 /T3-F2-1 /T2-F2-1 /T3-F1-1 /T2-F1-1 /T3-F2-1 /T2-F2-1 /T3-F1-1 
"
1050433,w#hF#yPS#iQID#lsdpm#faURLW#kOZBEex#CKYjGtHXqngAoNzbMvcJVurT,95.000000,2279.000000,42.000000,0.631944,1,"
minimal: 0 / states: 120 / duration: 0.000148s
history:
/T5-T6-1 /T5-T4-1 /T3-T5-1 /T5-T1-2 /T3-T6-1 /T5-T6-1 /T5-F1-1 /D:1     /W-T3-1  /D:4     
/W-T6-1  /T2-T6-1 /T2-T1-1 /D:3     /W-T2-1  /T0-T2-1 /T4-T0-2 /D:2     /W-F2-1  /D:2     
/W-F0-1  /D:1     /W-F2-1  /T4-F2-1 /D:1     /W-F3-1  /D:2     /W-F1-1  /D:3     /W-F1-1  
/T4-F1-1 /D:2     /W-T2-1  /D:1     /W-T2-1  /D:1     /W-T5-1  /T3-T5-2 /D:1     /W-T2-1  
/T1-T2-4 /R       /D:4     /W-T1-1  /T5-T1-4 /D:1     /W-T3-1  /D:1     /W-F2-1  /D:1     
/W-T3-1  /T4-T3-1 /T6-T4-6 /T6-F1-1 /T6-T4-1 /T6-F0-1 /T6-T5-1 /T6-F3-1 /T1-F0-1 /T2-F3-1 
/T1-F3-1 /T1-F2-1 /T2-F0-1 /T2-F3-1 /T3-F2-1 /T4-F0-1 /T1-F1-1 /T2-F0-1 /T3-F1-1 /T4-F3-1 
/T1-F2-1 /T2-F3-1 /T2-F2-1 /T4-F0-1 /T1-F1-1 /T3-F0-1 /T3-F1-1 /T4-F3-1 /T2-F3-1 /T4-F0-1 
/T4-F3-1 /W-F1-1  /T6-F1-1 /T2-T5-3 /D:1     /W-T1-1  /W-T1-1  /T4-T1-1 /T4-F1-1 /D:1     
/W-T2-1  /D:1     /W-F2-1  /T5-F2-1 /T1-F2-1 /T5-F3-1 /T5-F2-1 /T1-F3-1 /T1-F2-1 /T5-F3-1 
/D:1     /W-F0-1  /W-F0-1  /T0-F0-1 /T0-F1-1 /T2-F0-1 
"
1050440,y#rB#UcQ#PogW#GbmXN#JHkzSi#laCdtwv#sTeFxVZOApqYnfERjLMKuDIh,169.500000,2032.000000,61.000000,0.526316,1,"
minimal: 0 / states: 128 / duration: 0.000156s
history:
/T4-F3-1 /T6-T3-1 /T5-T6-1 /T6-T4-2 /T5-T6-1 /T4-T0-3 /T0-T4-4 /T5-T0-1 /D:8     /W-F3-1  
/D:1     /W-F0-1  /T1-F0-1 /T2-T1-1 /T1-T6-2 /T4-T1-5 /D:1     /W-T6-1  /T4-T6-1 /D:2     
/W-T0-1  /D:1     /W-F2-1  /D:1     /W-T4-1  /D:1     /W-T4-1  /D:5     /W-T0-1  /T3-T0-2 
/D:1     /W-T1-1  /T3-T1-1 /T3-F2-1 /T3-F3-1 /W-T3-1  /D:3     /W-T0-1  /T6-T0-6 /T6-T4-1 
/T6-F0-1 /T6-F1-1 /T0-F1-1 /T0-F2-1 /T0-F3-1 /T2-F1-1 /T4-F1-1 /T4-T2-3 /T6-T3-1 /R       
/D:1     /W-T1-1  /D:2     /W-F1-1  /D:2     /W-T3-1  /D:2     /W-T4-1  /D:1     /W-F2-1  
/T0-F2-1 /T1-F2-1 /T2-T0-1 /T2-F1-1 /T1-F1-1 /T0-T2-2 /T0-F2-1 /T0-F1-1 /T1-F2-1 /T0-F2-1 
/T1-F1-1 /T1-F2-1 /T3-F2-1 /D:1     /W-F3-1  /D:1     /W-F1-1  /T5-F1-1 /T3-F1-1 /T1-T4-2 
/T1-F1-1 /D:2     /W-F0-1  /T2-F0-1 /T2-F3-1 /D:1     /W-T0-1  /T2-T0-2 /R       /D:1     
/W-F3-1  /D:1     /W-F0-1  /T0-F0-1 /T0-F3-1 /T5-F0-1 /T0-F0-1 /T5-F0-1 /D:1     /W-F3-1  
/T0-F3-1 /T0-F0-1 /T4-F3-1 /T0-F3-1 /T4-F2-1 /T0-F2-1 /T4-F3-1 /D:1     /W-F0-1  /T3-F0-1 
"
1050481,Y#Mx#WwP#evTD#LlqGI#dgQZtO#XHfkjcS#pisBVNoAJyCaFzrRmbuKUEhn,106.000000,1721.000000,36.000000,0.698718,1,"
minimal: 0 / states: 115 / duration: 0.000142s
history:
/T2-T3-1 /T1-T0-1 /T0-T1-2 /D:2     /W-T2-1  /D:2     /W-T3-1  /D:2     /W-F3-1  /T5-F3-1 
/T6-T5-1 /T3-T6-1 /T3-F3-1 /T6-T3-2 /T4-T6-1 /T6-T1-2 /T2-T6-2 /D:2     /W-F0-1  /T3-F0-1 
/W-T3-1  /D:3     /W-F0-1  /D:1     /W-F1-1  /D:2     /W-T0-1  /D:1     /W-T5-1  /D:3     
/W-F1-1  /D:1     /W-T6-1  /D:2     /W-T1-1  /T5-T1-3 /D:3     /W-F2-1  /T3-F2-1 /T3-F1-1 
/T3-F0-1 /T3-T6-1 /T3-T2-1 /W-T2-1  /T4-T2-1 /T4-T3-1 /T4-T0-1 /T6-T4-5 /T6-T2-1 /T4-T5-6 
/T5-T4-7 /T5-F3-1 /T5-T6-1 /T5-F1-1 /W-F0-1  /W-T0-1  /W-T5-1  /W-F3-1  /W-F0-1  /T1-T2-1 
/T1-F3-1 /T4-F3-1 /T2-T1-2 /T2-F0-1 /T6-T4-1 /T6-F0-1 /T1-T2-3 /T1-F3-1 /T1-F0-1 /W-T5-1  
/W-F0-1  /T0-F0-1 /W-F3-1  /T2-T1-5 /T2-F3-1 /T6-F3-1 /T1-T0-7 /T1-F3-1 /T4-T5-5 /T4-F0-1 
/T1-F0-1 /T4-F3-1 /W-T5-1  /W-F2-1  /T3-F2-1 /T0-F2-1 /T3-F1-1 /T0-F1-1 /T5-F2-1 /T0-F2-1 
/T5-F1-1 /T0-F1-1 /T5-F2-1 /T0-F2-1 /T5-F1-1 /T0-F1-1 /T5-F2-1 /T0-F2-1 /T5-F1-1 /T0-F1-1 
/T5-F2-1 /T0-F2-1 /T5-F1-1 
"
1050522,d#PX#RIC#HjBN#VUWrc#YZvsQo#kKJgmfe#yzxOwiGlpnFMASubDhELtTqa,149.000000,1360.000000,51.000000,0.567308,1,"
minimal: 0 / states: 130 / duration: 0.000167s
history:
/T3-F3-1 /T5-T4-1 /T2-T0-1 /D:4     /W-F3-1  /D:1     /W-T1-1  /D:1     /W-T1-1  /D:3     
/W-T5-1  /D:1     /W-F2-1  /T4-F2-1 /T3-T4-1 /T2-T3-1 /T5-F2-1 /D:3     /W-F0-1  /T4-F0-1 
/T0-F0-1 /D:2     /W-T1-1  /D:2     /W-T2-1  /T4-T2-1 /T5-T4-1 /T6-T5-1 /T4-T6-2 /D:1     
/W-T3-1  /D:3     /W-T3-1  /T6-T3-3 /W-T6-1  /T1-T6-4 /T1-F3-1 /T3-F3-1 /T6-T1-6 /T5-T6-2 
/T6-T1-3 /T5-T4-1 /T0-T3-1 /T5-T0-1 /T2-T1-2 /T2-F3-1 /D:2     /W-F2-1  /D:1     /W-F1-1  
/R       /D:1     /W-T0-1  /D:1     /W-T2-1  /T5-T2-1 /D:1     /W-T2-1  /T4-T2-2 /T4-T2-1 
/T4-T6-1 /D:1     /W-T2-1  /D:3     /W-T4-1  /D:1     /W-F3-1  /D:1     /W-F1-1  /T1-F1-1 
/T1-F0-1 /T3-F1-1 /T1-F1-1 /T3-F2-1 /T1-F2-1 /T3-F1-1 /T3-F2-1 /T1-F1-1 /T1-F2-1 /T3-F1-1 
/T1-F1-1 /T2-T3-2 /T2-F2-1 /T3-T2-3 /T3-F1-1 /T1-F2-1 /T6-T1-2 /T2-T6-4 /T2-F2-1 /T6-T2-5 
/T0-F2-1 /T6-F1-1 /T2-T4-6 /T2-F2-1 /T3-T1-1 /D:1     /W-F0-1  /W-F0-1  /T4-F0-1 /T1-F0-1 
/W-F1-1  /T1-T0-4 /T1-F1-1 /D:1     /W-F3-1  /T4-F3-1 /T0-F3-1 /T4-F0-1 /T0-F0-1 /T4-F3-1 
/T0-F3-1 /T4-F0-1 /T0-F0-1 /T4-F3-1 /T0-F3-1 /T4-F0-1 
"
1050549,X#Dm#PJF#cqHw#SUMBi#Obujvn#CkfshaZ#AWNloyLTrKeVgGIREdYQxpzt,128.000000,2216.000000,55.000000,0.512195,1,"
minimal: 0 / states: 133 / duration: 0.000153s
history:
/T5-F2-1  /T4-T3-1  /T3-T0-2  /T3-T0-1  /D:1      /W-F0-1   /T4-F0-1  /D:2      /W-F3-1   /D:1      
/W-T4-1   /D:1      /W-F2-1   /D:1      /W-T1-1   /T0-T1-4  /T6-T0-1  /T6-F1-1  /T6-T5-1  /D:1      
/W-T0-1   /D:1      /W-T1-1   /T6-T1-1  /D:1      /W-T6-1   /D:1      /W-T4-1   /W-T4-1   /T5-T4-2  
/D:1      /W-T1-1   /T3-T1-1  /T3-T1-1  /T4-T3-6  /D:3      /W-T3-1   /T6-T3-2  /T6-T0-1  /T6-F0-1  
/T1-T6-11 /T1-F0-1  /D:1      /W-T5-1   /T4-T5-1  /D:1      /W-T2-1   /D:1      /W-F0-1   /D:1      
/W-T3-1   /D:4      /W-F2-1   /D:1      /W-T1-1   /D:1      /W-T5-1   /T4-T5-1  /R        /D:3      
/W-T1-1   /D:2      /W-T1-1   /T5-T1-5  /R        /D:2      /W-T5-1   /T2-T5-2  /T2-T0-1  /W-T0-1   
/T5-T0-4  /T5-F1-1  /T5-F3-1  /T2-F3-1  /T6-F1-1  /T3-F1-1  /T6-F2-1  /T6-F1-1  /T3-F2-1  /T3-F1-1  
/T6-F2-1  /T0-T6-2  /T0-F1-1  /T1-T3-1  /T1-F2-1  /T0-F2-1  /T3-T1-2  /T3-F1-1  /T3-F2-1  /T6-T0-4  
/T6-F1-1  /T6-F2-1  /T1-T3-4  /T1-F1-1  /T1-F2-1  /T0-T6-6  /T0-F1-1  /T3-T1-6  /T3-F1-1  /T6-T0-7  
/T6-F2-1  /T6-F1-1  /T1-T3-7  /T1-F2-1  /D:1      /W-F3-1   /T0-F3-1  /T0-F0-1  /T3-F3-1  /T0-F3-1  
/T3-F0-1  /T0-F0-1  /T3-F3-1  /T0-F3-1  /T3-F0-1  /T0-F0-1  /T3-F3-1  /T0-F3-1  /T3-F0-1  /T0-F0-1  
/T3-F3-1  /T0-F3-1  /T3-F0-1  
"
1050631,P#lW#xoR#GwVv#sDtLK#jmnfNk#eQIiEyF#ZqHdApXbMguOSBJhCYUTcrza,161.000000,2283.000000,50.000000,0.587629,1,"
minimal: 0 / states: 119 / duration: 0.000148s
history:
/T3-T1-1 /T2-T6-1 /T1-T4-2 /T4-T1-3 /T5-T4-1 /T5-F3-1 /T2-T0-1 /D:2     /W-T6-1  /T0-T6-2 
/W-T0-1  /T4-T0-2 /T5-T4-1 /T5-F2-1 /T6-F2-1 /D:1     /W-T3-1  /D:2     /W-F0-1  /D:1     
/W-F2-1  /D:4     /W-T3-1  /T6-T3-4 /T6-T5-1 /T6-T4-1 /D:1     /W-T6-1  /D:1     /W-F3-1  
/T3-F3-1 /T3-F2-1 /D:2     /W-F0-1  /D:1     /W-T0-1  /T6-T0-2 /D:1     /W-T1-1  /T4-T1-3 
/T4-T3-1 /D:1     /W-F0-1  /T3-F0-1 /T1-F0-1 /T3-T4-1 /T3-F0-1 /T4-T3-2 /T5-T4-2 /T6-T5-1 
/T6-F3-1 /T3-F3-1 /W-F3-1  /T5-T2-2 /W-T5-1  /T1-T5-7 /T6-T3-1 /D:2     /W-T2-1  /D:1     
/W-F3-1  /T2-F3-1 /D:2     /W-F2-1  /D:1     /W-T1-1  /D:1     /W-F1-1  /R       /D:2     
/W-T4-1  /D:1     /W-F1-1  /D:1     /W-T1-1  /T2-T1-3 /D:1     /W-F1-1  /W-F1-1  /T3-F1-1 
/T3-F2-1 /T5-F1-1 /T3-F1-1 /T5-F2-1 /T0-F2-1 /T3-T0-1 /T3-F3-1 /T3-T4-1 /T3-F0-1 /T0-F0-1 
/T5-F1-1 /T0-F1-1 /T1-F0-1 /T0-F0-1 /T5-F2-1 /T1-F1-1 /T4-F2-1 /T0-F1-1 /T5-F3-1 /T1-F2-1 
/T4-F3-1 /T4-F2-1 /T5-F0-1 /T0-F0-1 /T1-F3-1 /T0-F3-1 /T5-F1-1 /T1-F2-1 /T4-F1-1 /T5-F0-1 
"
1050677,E#Qh#Rlp#usIN#yjvDC#YOZSLz#XTgoWnP#FqmVHJbtKxfBewdkUGcrMiAa,154.000000,3907.000000,67.000000,0.526786,1,"
minimal: 0 / states: 138 / duration: 0.000176s
history:
/T3-F3-1  /T1-T3-1  /T4-T1-1  /T6-T4-1  /T6-F2-1  /T3-T6-2  /T1-T0-2  /T5-T1-1  /D:7      /W-T0-1   
/D:1      /W-T6-1   /D:3      /W-T6-1   /T0-T6-4  /D:1      /W-T4-1   /D:1      /W-T3-1   /T4-T3-3  
/D:3      /W-T5-1   /D:1      /W-T4-1   /D:1      /W-T4-1   /D:3      /W-T0-1   /D:2      /W-F0-1   
/T3-F0-1  /T6-T2-1  /T6-F0-1  /T2-T6-2  /T2-T0-1  /D:1      /W-F1-1   /T6-F1-1  /R        /D:2      
/W-T2-1   /T3-T2-1  /T3-F0-1  /D:4      /W-T5-1   /D:1      /W-T0-1   /T6-T0-8  /T6-F2-1  /T3-T6-2  
/T6-T3-3  /T0-F2-1  /D:4      /W-F1-1   /W-F1-1   /T3-F1-1  /T2-T3-3  /D:2      /W-T5-1   /T3-T5-6  
/R        /D:1      /W-T6-1   /D:1      /W-T2-1   /T5-T2-10 /T5-T4-1  /T5-T3-1  /T5-F3-1  /T2-F3-1  
/T0-F3-1  /T0-F0-1  /T2-F2-1  /T2-F3-1  /T6-F0-1  /T0-F1-1  /T4-F3-1  /T4-F0-1  /T6-F3-1  /T4-F3-1  
/T5-T1-1  /D:1      /W-F3-1   /D:1      /W-F0-1   /T0-T4-2  /T0-F0-1  /T4-T0-3  /T0-T4-3  /T0-F3-1  
/T4-T0-4  /T6-F3-1  /T1-F3-1  /T3-F3-1  /D:3      /W-F2-1   /T2-F2-1  /T0-F2-1  /T2-F1-1  /T0-F1-1  
/T2-F2-1  /T0-F2-1  /T2-F1-1  /T0-F1-1  /T2-F0-1  /T0-F0-1  /W-F2-1   /T2-F1-1  /T2-F0-1  /W-F2-1   
/T0-F1-1  /T0-F0-1  /T4-F2-1  /T1-F2-1  /T2-F1-1  
"
1050711,k#bU#wrG#hHyI#Loqex#mlzMQd#jgKDnpf#ivcJaPROWENutVBSXAZsTFYC,123.500000,2021.000000,53.000000,0.534884,1,"
minimal: 0 / states: 133 / duration: 0.000157s
history:
/T6-T2-1 /T6-T5-1 /T6-F2-1 /T2-T1-2 /T5-T2-2 /T1-T3-3 /T2-T3-3 /T1-T3-1 /T2-T0-1 /D:1     
/W-T0-1  /D:2     /W-T6-1  /D:2     /W-F1-1  /T3-F1-1 /T6-F1-1 /T3-T5-1 /T3-F1-1 /T5-T3-2 
/T5-T1-1 /T5-T2-1 /T4-T5-1 /T4-F1-1 /T5-T1-2 /D:1     /W-T4-1  /D:2     /W-T3-1  /D:1     
/W-T1-1  /T3-T1-8 /T3-T5-1 /T3-T0-1 /T0-T5-4 /D:2     /W-F3-1  /T1-F3-1 /T4-F3-1 /D:2     
/W-T3-1  /D:3     /W-T3-1  /T1-T3-3 /T1-F1-1 /D:2     /W-F0-1  /D:1     /W-T0-1  /D:2     
/W-T5-1  /W-T5-1  /D:2     /W-T2-1  /D:1     /R       /D:3     /W-T5-1  /T6-T5-1 /T6-T2-1 
/T6-F1-1 /T6-T2-1 /D:4     /W-F0-1  /D:3     /W-F0-1  /T5-F0-1 /T4-T5-1 /T4-F2-1 /T3-F2-1 
/T3-F3-1 /T5-F2-1 /T3-F2-1 /T5-F3-1 /T5-F2-1 /T3-F3-1 /T3-F2-1 /T3-F1-1 /T5-F3-1 /T4-T0-1 
/R       /D:1     /W-T2-1  /D:2     /W-F0-1  /D:1     /W-F2-1  /T2-F2-1 /D:2     /W-T0-1  
/D:1     /W-F0-1  /T1-F0-1 /T1-F3-1 /T5-F0-1 /T1-F0-1 /T5-F1-1 /T2-F1-1 /W-F3-1  /T1-F3-1 
/T5-F2-1 /T1-F2-1 /W-F0-1  /T0-F3-1 /T2-F0-1 /T2-F3-1 /T5-F1-1 /T0-F0-1 /T1-F1-1 /T1-F0-1 
/T5-F2-1 /T0-F3-1 /T2-F2-1 /T5-F1-1 
"
1050757,O#Qe#DAa#YjIz#EutXW#GiRbhm#xlkHBLN#cJMKCPoUwdpynqFVsZvTfgrS,140.500000,2300.000000,52.000000,0.562500,1,"
minimal: 0 / states: 124 / duration: 0.000143s
history:
/T2-F1-1 /T2-F0-1 /T6-F3-1 /T0-F3-1 /T5-T0-1 /T6-T0-1 /T6-F0-1 /T2-T1-1 /T3-T2-1 /T5-T3-1 
/T5-F1-1 /T3-T4-2 /D:1     /W-F1-1  /D:4     /W-F0-1  /T1-F0-1 /D:1     /W-F3-1  /D:4     
/W-F1-1  /T1-F1-1 /T1-F3-1 /T5-F3-1 /T6-T5-1 /T6-T0-1 /T6-T2-1 /T4-T6-3 /W-T0-1  /T5-T0-2 
/T5-T6-1 /T6-T2-5 /D:3     /W-F2-1  /D:5     /W-T1-1  /D:1     /W-T3-1  /D:1     /W-T0-1  
/W-T0-1  /D:1     /W-F1-1  /D:1     /W-F1-1  /D:2     /W-F3-1  /R       /D:1     /W-T4-1  
/D:1     /W-T5-1  /D:2     /W-F2-1  /D:1     /W-T3-1  /T2-T3-1 /T2-F1-1 /D:1     /W-F2-1  
/D:1     /W-T1-1  /T4-T1-2 /F1-T2-1 /T4-T2-1 /D:1     /W-F2-1  /D:2     /W-T1-1  /T4-T1-1 
/T4-F0-1 /W-F0-1  /T3-F0-1 /T0-T1-2 /T0-F0-1 /T2-T3-1 /T2-F1-1 /T0-F1-1 /T2-F0-1 /T3-T2-3 
/T3-F1-1 /T1-T0-4 /T1-F0-1 /W-F0-1  /T0-T1-5 /T0-F1-1 /T0-F0-1 /T5-F0-1 /T2-T3-5 /T2-F1-1 
/T0-F1-1 /T3-T2-6 /D:1     /W-F2-1  /T1-F2-1 /T1-F3-1 /T2-F2-1 /T1-F2-1 /T2-F3-1 /T1-F3-1 
/T2-F2-1 /T1-F2-1 /T2-F3-1 /T1-F3-1 /T2-F2-1 /T1-F2-1 /T2-F3-1 /T1-F3-1 /T2-F2-1 
"
1050788,c#eE#mqt#fyXn#irWpH#DgOGKR#NwkBdIs#FYSZUQACLuholjxPMzJVabvT,108.000000,2851.000000,52.000000,0.595238,1,"
minimal: 0 / states: 123 / duration: 0.000154s
history:
/T3-F2-1 /T5-T6-1 /D:3     /W-T2-1  /T1-T2-1 /D:3     /W-T2-1  /D:1     /W-F0-1  /D:1     
/W-T2-1  /D:4     /W-F2-1  /D:2     /W-T5-1  /D:5     /W-T3-1  /D:1     /W-T3-1  /T4-T3-1 
/T4-F2-1 /D:1     /W-F1-1  /D:1     /W-F1-1  /T0-F1-1 /W-T0-1  /D:1     /W-T4-1  /D:1     
/W-T3-1  /T6-T3-2 /T6-T5-1 /T6-F1-1 /T6-F0-1 /T1-F1-1 /T2-F0-1 /W-T1-1  /R       /D:2     
/W-T0-1  /T5-T0-3 /D:2     /W-T0-1  /T5-T0-1 /F0-T2-1 /T5-T2-1 /D:3     /W-T4-1  /T2-T4-6 
/T2-F2-1 /D:1     /W-T1-1  /D:1     /W-T1-1  /T4-T1-9 /T4-F2-1 /W-T4-1  /T5-T4-1 /W-T2-1  
/T3-T2-7 /T6-T3-1 /T6-T3-1 /T6-F3-1 /T1-F3-1 /T1-F0-1 /W-T6-1  /T3-T6-3 /T3-F1-1 /T4-F1-1 
/T5-F0-1 /T4-T6-2 /D:1     /W-F3-1  /T1-F3-1 /T1-F0-1 /T2-F3-1 /T1-F3-1 /T2-F2-1 /T1-F2-1 
/W-F0-1  /T0-F0-1 /T1-F1-1 /T2-F3-1 /T0-F3-1 /T2-F0-1 /T0-F0-1 /T6-F2-1 /T1-F2-1 /T2-F3-1 
/T1-F3-1 /T6-F1-1 /T0-F1-1 /T2-F0-1 /T0-F0-1 /T6-F2-1 /T1-F2-1 /T2-F3-1 /T0-F3-1 /T6-F1-1 
/T1-F1-1 /T2-F0-1 /T1-F0-1 /T6-F2-1 /T0-F2-1 /T2-F1-1 /T6-F3-1 
"
1050827,N#Ha#Uvg#riAh#FjWcy#Mudpmx#EtYsJRe#OTlqbwQVCkPLfIGXSDKnzoBZ,147.000000,2157.000000,52.000000,0.596774,1,"
minimal: 0 / states: 120 / duration: 0.000149s
history:
/T0-F3-1 /T1-F1-1 /T2-T1-1 /T3-T2-1 /T3-F0-1 /T1-T3-2 /D:1     /W-F3-1  /D:3     /W-T6-1  
/D:1     /W-F1-1  /D:5     /W-T4-1  /D:1     /W-F3-1  /D:4     /W-T2-1  /D:2     /W-T2-1  
/D:3     /W-F2-1  /D:1     /W-T0-1  /D:1     /W-F2-1  /D:1     /W-F0-1  /D:1     /W-T1-1  
/T4-T1-2 /T4-F1-1 /T4-T5-1 /T2-T4-4 /R       /D:2     /W-T0-1  /T5-T0-2 /D:1     /W-T1-1  
/T3-T1-3 /T3-T4-1 /T5-T3-1 /T5-F2-1 /T6-F2-1 /T5-F1-1 /T6-F1-1 /T4-F2-1 /W-T5-1  /D:1     
/W-F3-1  /T6-F3-1 /T4-F3-1 /T5-F3-1 /T2-F3-1 /D:1     /W-T6-1  /T5-T6-1 /D:1     /W-F0-1  
/D:1     /W-T3-1  /D:1     /W-F1-1  /T1-F1-1 /D:1     /W-T0-1  /D:1     /W-T3-1  /T6-T3-3 
/T6-F2-1 /T6-T5-1 /T6-F2-1 /T3-F2-1 /T3-F3-1 /T4-T0-2 /T4-F2-1 /T0-T4-3 /T0-F3-1 /T4-T0-4 
/T1-T3-2 /T1-F2-1 /T3-T1-3 /T3-F3-1 /T5-F3-1 /D:1     /W-F0-1  /T6-F0-1 /T4-F0-1 /T0-F0-1 
/T0-F1-1 /T1-F0-1 /T0-F0-1 /T1-F1-1 /T0-F1-1 /T0-F2-1 /T1-F0-1 /T1-F1-1 /T1-F2-1 /T0-F1-1 
/T0-F2-1 /T1-F3-1 /D:1     /W-F0-1  /T3-F0-1 /T3-F1-1 /T5-F0-1 
"
1050849,a#dV#mox#GFjD#ULqsP#erMnwv#giufzbc#BCYXTHNIJhZQlWARytpOKSkE,172.500000,4851.000000,54.000000,0.560606,1,"
minimal: 0 / states: 128 / duration: 0.000161s
history:
/T0-F1-1 /T6-T3-1 /T6-F1-1 /T6-T0-1 /T3-F1-1 /T4-T3-1 /D:1     /W-T3-1  /D:2     /W-T0-1  
/T2-T0-1 /D:3     /W-T1-1  /W-T1-1  /T4-T1-1 /F1-T4-1 /T2-T4-1 /D:1     /W-F3-1  /D:3     
/W-T5-1  /D:4     /W-T0-1  /T5-T0-2 /T1-T5-4 /D:1     /W-F0-1  /T3-F0-1 /T4-T3-1 /T4-F1-1 
/T1-F1-1 /D:1     /W-T5-1  /T3-T5-3 /D:1     /W-T2-1  /D:1     /W-T0-1  /T6-T0-1 /D:2     
/W-F3-1  /D:3     /W-T2-1  /T5-T2-9 /T5-F2-1 /T2-F2-1 /T2-F3-1 /T5-T1-1 /T5-T0-1 /T4-T5-1 
/D:1     /R       /D:1     /W-F0-1  /T2-F0-1 /T5-T2-1 /T5-F1-1 /D:1     /W-T4-1  /D:1     
/W-T3-1  /D:1     /W-T4-1  /D:1     /W-T5-1  /T4-T5-3 /T4-T3-1 /D:1     /W-F3-1  /D:1     
/W-T1-1  /D:1     /W-F2-1  /T2-F2-1 /T0-F2-1 /T2-F3-1 /T2-F2-1 /T0-F1-1 /T0-F2-1 /T6-F2-1 
/T6-T5-1 /T6-F1-1 /T0-F1-1 /T0-F2-1 /T5-F1-1 /T3-T0-2 /T3-F1-1 /T3-T2-1 /T2-T5-4 /T2-F2-1 
/T2-F1-1 /T1-F1-1 /T3-T0-1 /D:2     /W-F3-1  /D:1     /W-F0-1  /T5-F0-1 /T0-F0-1 /T5-F3-1 
/T0-F3-1 /T5-F0-1 /T0-F0-1 /T5-F3-1 /T0-F3-1 /T0-F2-1 /T5-F0-1 /T5-F3-1 /T2-F2-1 /W-F0-1  
/T0-F3-1 /T0-F2-1 /T5-F0-1 /T1-F0-1 /T2-F1-1 /T5-F3-1 
"
1050860,K#sB#YGZ#rPkV#TRxXE#oAjCdU#OtMfLvn#qcQNuSahIJwpHDiFmbgyWlze,114.500000,1564.000000,39.000000,0.705479,1,"
minimal: 0 / states: 122 / duration: 0.000142s
history:
/T6-F2-1 /T5-T6-1 /T5-T4-1 /T5-T4-1 /T6-T5-2 /T6-T2-1 /T4-T6-3 /T4-T2-1 /T5-T0-3 /T5-F0-1 
/T1-F0-1 /T5-F2-1 /T2-T5-3 /T6-T2-4 /T2-T0-5 /T4-T2-1 /T4-T1-1 /T1-T4-2 /T6-T1-1 /T0-F0-1 
/T2-T1-2 /D:1     /W-T4-1  /D:1     /W-T4-1  /D:2     /W-F3-1  /D:1     /W-T3-1  /T4-T3-5 
/D:1     /W-T6-1  /D:1     /W-F1-1  /D:3     /W-T5-1  /T3-T5-7 /D:1     /W-T3-1  /D:1     
/W-F2-1  /D:2     /W-F0-1  /D:1     /W-T3-1  /W-T3-1  /D:2     /W-T2-1  /D:1     /W-F1-1  
/T5-F1-1 /T0-F1-1 /T0-F0-1 /T5-F2-1 /W-F0-1  /D:1     /W-T3-1  /D:1     /W-T2-1  /T3-T2-5 
/F2-T5-1 /T3-T5-1 /T3-T0-1 /D:1     /W-T1-1  /W-T1-1  /W-T1-1  /T6-T1-2 /T6-F3-1 /T5-F3-1 
/T5-F2-1 /W-F3-1  /T0-F2-1 /T5-F3-1 /T1-F3-1 /T5-F2-1 /T5-F3-1 /T1-F2-1 /T5-F2-1 /T0-T1-2 
/T0-F3-1 /T0-F2-1 /T5-F3-1 /T1-T0-4 /T1-F3-1 /T2-T5-3 /T2-F2-1 /T1-F2-1 /T5-T2-4 /T5-F3-1 
/T1-F3-1 /T2-T5-5 /T2-F2-1 /T5-T2-6 /T5-F3-1 /D:1     /W-T1-1  /T0-T1-6 /D:1     /W-F2-1  
/D:1     /W-F1-1  /T1-F1-1 /T1-F0-1 /T2-F1-1 /T1-F1-1 /T2-F0-1 /T1-F0-1 /T2-F1-1 /T1-F1-1 
/T2-F0-1 /T1-F0-1 /T2-F1-1 /T1-F1-1 /T2-F0-1 /T1-F0-1 /T2-F1-1 
"
1050874,V#Xi#Uxc#ONbE#sMLIW#vBCpow#TlrPuSq#mgQZjfRknYAFGDyaeJHhztKd,103.500000,1117.000000,32.000000,0.784615,1,"
minimal: 0 / states: 125 / duration: 0.000148s
history:
/T2-T6-1 /T4-T2-1 /T4-T2-1 /T1-T5-1 /T5-T1-2 /T5-T6-1 /T1-T4-3 /D:1     /W-T1-1  /T4-T1-4 
/D:2     /W-T3-1  /T5-T3-1 /D:6     /W-F2-1  /T6-F2-1 /T3-F2-1 /T5-T3-1 /T5-T6-1 /D:1     
/W-T4-1  /T2-T4-3 /T2-T4-1 /T4-T2-6 /D:1     /W-F0-1  /T6-F0-1 /T3-F0-1 /D:2     /W-T2-1  
/D:1     /W-F0-1  /D:2     /W-F1-1  /D:1     /W-T4-1  /T6-T4-2 /T6-T2-1 /T6-T0-1 /T3-T2-2 
/T3-F1-1 /T3-F3-1 /T3-F3-1 /T4-F1-1 /T6-F3-1 /T2-F3-1 /T4-F2-1 /T6-F2-1 /T2-F0-1 /D:2     
/W-T1-1  /D:1     /W-T5-1  /D:1     /W-T3-1  /T6-T3-1 /T4-T6-2 /T6-T0-3 /D:1     /W-T5-1  
/D:1     /W-T3-1  /D:1     /W-F1-1  /T0-F1-1 /T0-F2-1 /T5-F2-1 /T0-T1-1 /T0-F2-1 /R       
/D:2     /W-T4-1  /D:1     /W-T3-1  /T5-T3-2 /D:1     /W-F1-1  /W-F1-1  /T3-F1-1 /T3-F2-1 
/T1-T0-2 /T1-F1-1 /T1-F2-1 /T3-F1-1 /T2-T3-5 /T2-F2-1 /D:1     /W-F3-1  /T3-F3-1 /T0-F3-1 
/D:1     /W-F1-1  /T3-T2-5 /T3-F1-1 /T1-T4-2 /T1-F1-1 /D:1     /W-F0-1  /T2-F0-1 /T0-F0-1 
/T2-F3-1 /T0-F3-1 /T2-F0-1 /T2-F3-1 /T4-F3-1 /D:1     /W-F2-1  /T3-F2-1 /D:1     /W-F0-1  
/T2-F0-1 /T2-F3-1 /T4-F0-1 /T2-F0-1 /T4-F3-1 
"
1051010,H#tX#BTV#zSvx#WdrEq#fGpLMZ#PuOcogj#CUeKwDQiRbhaYFmknNsJIyAl,127.500000,3486.000000,48.000000,0.601190,1,"
minimal: 0 / states: 120 / duration: 0.000157s
history:
/T6-T3-1 /T6-T0-1 /T0-T2-2 /T5-T0-1 /D:5     /W-T1-1  /T2-T1-3 /D:7     /W-F1-1  /D:1     
/W-T5-1  /T3-T5-2 /T3-T5-1 /W-T5-1  /W-F1-1  /D:1     /W-T1-1  /W-T1-1  /T4-T1-1 /T4-T3-1 
/D:3     /W-F2-1  /T6-F2-1 /T6-F1-1 /D:1     /W-F3-1  /T6-F3-1 /T2-T6-1 /D:1     /W-T6-1  
/D:3     /W-T0-1  /T1-T0-8 /T3-T1-2 /T1-T5-3 /T5-T1-9 /D:1     /W-F0-1  /T2-F0-1 /D:1     
/W-T3-1  /R       /D:1     /W-F0-1  /D:2     /W-T6-1  /D:1     /W-T3-1  /D:1     /W-F0-1  
/T1-F0-1 /T4-T1-1 /T4-F1-1 /T6-F1-1 /T0-T6-2 /T0-F0-1 /T4-T3-1 /D:1     /W-T1-1  /D:2     
/W-T2-1  /T5-T2-1 /T5-F2-1 /T5-F0-1 /T5-F1-1 /T0-F1-1 /T0-F0-1 /T6-T0-5 /T6-F3-1 /T0-F2-1 
/T1-F3-1 /T0-F3-1 /T1-F2-1 /T0-F2-1 /T1-F3-1 /T0-F3-1 /T1-F2-1 /T0-F2-1 /T1-F1-1 /W-F1-1  
/W-F3-1  /T0-F3-1 /T1-F2-1 /T0-F2-1 /T1-F1-1 /T1-F2-1 /T3-F3-1 /T0-F3-1 /T0-F2-1 /T1-F3-1 
/T0-F3-1 /T3-T1-2 /T3-F2-1 /D:1     /W-F1-1  /D:2     /W-F0-1  /W-F0-1  /T1-F0-1 /T1-F1-1 
/T2-F0-1 /T1-F0-1 /T2-F1-1 
"
1051016,K#we#pfM#dcTC#jJzXL#UgouVm#ROSnNis#bZPtvqGIxhHEyYFkAlBQaWDr,126.500000,1898.000000,58.000000,0.577982,1,"
minimal: 0 / states: 133 / duration: 0.000167s
history:
/T4-T5-1 /T4-T5-1 /T1-T6-1 /T1-T5-1 /T5-T1-4 /T5-T1-1 /T5-T1-1 /D:1     /W-T3-1  /D:5     
/W-T6-1  /D:8     /W-T2-1  /T0-T2-1 /T2-T0-3 /D:3     /W-F0-1  /D:1     /W-T4-1  /D:1     
/W-F0-1  /D:2     /W-F1-1  /T3-F1-1 /T3-F0-1 /T6-T3-3 /T3-T1-4 /T3-F1-1 /F1-T1-1 /T5-T1-1 
/D:1     /W-T0-1  /D:1     /W-F0-1  /D:1     /W-T2-1  /T3-T2-1 /T4-T3-2 /T6-T4-1 /T6-F3-1 
/T6-F2-1 /T1-F2-1 /T1-F1-1 /T2-F1-1 /W-T2-1  /R       /D:2     /W-T1-1  /D:2     /W-T0-1  
/D:3     /W-T3-1  /D:1     /W-T0-1  /D:1     /W-T4-1  /T5-T4-1 /D:1     /W-F0-1  /D:2     
/W-F0-1  /D:1     /R       /D:2     /W-T0-1  /T6-T0-1 /T6-F3-1 /T1-F3-1 /T2-F3-1 /T6-F3-1 
/T0-F3-1 /T2-T0-2 /T2-F2-1 /T1-F2-1 /T0-F2-1 /T1-F1-1 /T0-F1-1 /T1-F2-1 /T0-F2-1 /T1-F3-1 
/T4-F1-1 /T1-F2-1 /T0-F1-1 /T0-F2-1 /T5-F3-1 /T1-F3-1 /T0-F3-1 /T1-F2-1 /T4-T1-3 /T3-F2-1 
/W-T2-1  /T4-T0-1 /D:1     /W-F0-1  /T1-F0-1 /T1-F1-1 /T0-F1-1 /D:1     /W-F0-1  /T1-F0-1 
/T0-F0-1 /T1-F3-1 /T0-F3-1 /T1-F0-1 /T0-F0-1 /T2-F3-1 /D:1     /W-F2-1  /D:1     /W-F1-1  
/T3-F1-1 /T1-F1-1 /T3-F2-1 
"
1051058,G#sd#ZDJ#yHcz#fRMrO#WiEtTS#qbxAeoY#nghlkjavIPVXUNQpmwKLuCBF,121.000000,1323.000000,43.000000,0.655172,1,"
minimal: 0 / states: 125 / duration: 0.000154s
history:
/T6-T3-1 /T5-T0-1 /D:1     /W-F2-1  /T6-F2-1 /D:6     /W-F1-1  /D:4     /W-T2-1  /D:3     
/W-F3-1  /T4-F3-1 /T4-T0-1 /T1-T0-1 /T6-T1-1 /T6-F0-1 /T6-T3-1 /T6-F1-1 /T1-T5-2 /T3-T1-3 
/T3-F1-1 /T5-T3-3 /T3-T2-4 /T6-T2-1 /T4-T6-1 /T0-F1-1 /T2-T4-1 /T2-F1-1 /T4-T2-2 /T4-F1-1 
/D:1     /W-T0-1  /D:1     /W-F2-1  /T2-F2-1 /D:1     /W-T4-1  /T3-T4-1 /D:5     /W-T0-1  
/D:1     /W-F0-1  /T0-F0-1 /D:1     /R       /D:1     /W-F1-1  /D:1     /W-F1-1  /D:1     
/W-T6-1  /D:1     /W-T4-1  /T2-T4-6 /T2-F0-1 /D:1     /W-T1-1  /D:1     /W-T1-1  /F1-T1-1 
/T5-T1-1 /T5-F0-1 /D:2     /W-F3-1  /T0-F3-1 /T0-F2-1 /T4-F3-1 /T0-F3-1 /T4-F2-1 /T1-F2-1 
/T1-F1-1 /T5-F1-1 /T4-F3-1 /T1-T5-1 /T1-F1-1 /T5-T1-2 /D:2     /W-F3-1  /D:2     /W-T6-1  
/D:1     /W-T2-1  /D:1     /W-F2-1  /T1-F2-1 /W-F2-1  /T1-T6-1 /T1-F2-1 /T4-T2-4 /T4-F2-1 
/D:1     /W-F0-1  /T0-F0-1 /T2-F0-1 /T2-F3-1 /T6-F3-1 /W-F3-1  /W-F0-1  /T2-F0-1 /T2-F1-1 
/T6-F0-1 /T1-F3-1 /T2-F0-1 /T2-F3-1 /T6-F1-1 /T1-F2-1 /T4-F1-1 /T6-F0-1 
"
1051059,c#Yk#XKx#Uhrm#fqJjC#iQoNAW#gsIplDZ#bMEaSVGnTBztHPOduweLRyvF,102.500000,2080.000000,34.000000,0.724638,1,"
minimal: 0 / states: 122 / duration: 0.000136s
history:
/T5-T2-1 /T5-F0-1 /T5-F3-1 /T5-T0-1 /T4-T5-1 /D:1     /W-T5-1  /D:3     /W-F1-1  /T5-F1-1 
/D:4     /W-F2-1  /T0-F2-1 /T0-F1-1 /T6-T0-1 /D:2     /W-F0-1  /T5-F0-1 /T6-F0-1 /T2-T6-2 
/T4-T2-1 /T4-T1-1 /D:4     /W-T4-1  /D:1     /W-F3-1  /T4-F3-1 /T5-F3-1 /T5-T1-1 /T3-T5-1 
/W-T1-1  /D:1     /W-F1-1  /D:3     /W-F1-1  /D:1     /W-T0-1  /T1-T0-4 /T2-T1-2 /W-T2-1  
/D:1     /W-F3-1  /D:1     /W-T5-1  /T2-T5-2 /D:1     /W-T1-1  /D:1     /R       /D:1     
/W-T2-1  /T6-T2-3 /T6-F2-1 /T4-F2-1 /T3-F2-1 /T6-T2-1 /T6-F2-1 /T3-T1-1 /T4-F1-1 /T6-F1-1 
/T1-F1-1 /T3-T1-1 /D:1     /W-F0-1  /D:1     /W-F3-1  /D:1     /W-T5-1  /T0-T5-1 /T0-F1-1 
/D:1     /W-T1-1  /D:1     /W-F3-1  /D:1     /W-T3-1  /T1-T3-6 /D:1     /W-F2-1  /D:1     
/W-F2-1  /T3-T2-2 /T3-F2-1 /T3-F1-1 /T5-T0-2 /T5-F2-1 /T0-T5-3 /T0-F1-1 /T2-T3-4 /T2-F2-1 
/T2-F1-1 /T5-T0-4 /T5-F2-1 /T5-F1-1 /T3-T2-6 /T3-F2-1 /D:1     /W-F0-1  /T2-F0-1 /T0-F0-1 
/T2-F3-1 /T0-F3-1 /T2-F0-1 /T0-F0-1 /T2-F3-1 /T0-F3-1 /T2-F0-1 /T0-F0-1 /T2-F3-1 /T0-F3-1 
/T2-F0-1 
"
1051064,T#fP#SHX#Ogue#qKlzv#WsMLcy#hANxoar#IiBjJpUtVmZQRdFwYEnGDbCk,149.000000,1987.000000,53.000000,0.542169,1,"
minimal: 0 / states: 129 / duration: 0.000179s
history:
/T2-T5-1  /T0-T2-1  /D:3      /W-T1-1   /D:2      /W-T5-1   /D:2      /W-T4-1   /D:1      /W-T4-1   
/D:1      /W-T5-1   /T2-T5-2  /T6-T2-1  /T6-F1-1  /T2-T4-2  /D:1      /W-T0-1   /T5-T0-6  /T6-T5-1  
/D:1      /W-T2-1   /D:1      /W-T4-1   /W-T4-1   /W-T6-1   /T4-T6-7  /D:3      /W-T0-1   /T3-T0-1  
/D:2      /W-T4-1   /T6-T4-9  /T6-F3-1  /T6-F0-1  /T1-F0-1  /D:2      /W-F2-1   /T5-F2-1  /T4-F2-1  
/D:1      /W-T6-1   /D:1      /W-T0-1   /T5-T0-1  /T5-T2-1  /D:1      /W-F1-1   /T0-F1-1  /T1-T0-1  
/T1-T6-1  /T4-T1-10 /T4-T5-1  /T4-T5-1  /T4-F2-1  /T5-T4-3  /W-T6-1   /T1-T6-1  /T1-F2-1  /T5-F2-1  
/T5-T4-1  /D:1      /W-F0-1   /D:1      /W-T2-1   /W-T2-1   /W-F1-1   /R        /D:1      /W-T4-1   
/T6-T4-5  /D:1      /W-T2-1   /T3-T2-1  /T3-T2-1  /T3-F3-1  /T0-F3-1  /T0-F0-1  /T0-F1-1  /T4-F3-1  
/T4-F0-1  /T4-F1-1  /T0-F0-1  /T2-F1-1  /T4-F0-1  /T4-F1-1  /T0-T2-1  /T0-F0-1  /T4-F0-1  /T2-T0-2  
/T2-F1-1  /T0-T2-3  /T0-F0-1  /T1-T4-4  /T1-F1-1  /T2-T0-4  /T2-F1-1  /T4-T1-5  /T4-F0-1  /T2-F0-1  
/T4-F1-1  /T4-F0-1  /T0-T2-6  /T0-F1-1  /D:1      /W-F3-1   /T1-F3-1  /T1-F2-1  /T2-F3-1  /T1-F3-1  
/T2-F2-1  /T1-F2-1  /T2-F3-1  /T1-F3-1  /T2-F2-1  /T1-F2-1  /T2-F3-1  /T1-F3-1  /T2-F2-1  /T1-F2-1  
/T2-F3-1  
"
1051125,D#dt#EZg#TpuK#VIzLv#PnWlFf#qRSJOYN#werhUijmaMHkxBsCocXyQGbA,113.000000,1456.000000,49.000000,0.593333,1,"
minimal: 0 / states: 135 / duration: 0.000160s
history:
/T6-F3-1  /T5-T1-1  /T5-T2-1  /T3-T5-1  /T2-T3-2  /D:2      /W-T3-1   /T0-T3-1  /T2-T0-1  /T2-T1-1  
/D:2      /W-T4-1   /T1-T4-3  /T1-T4-1  /D:3      /W-T5-1   /T4-T5-6  /T4-T0-1  /T6-T4-1  /T6-F3-1  
/T4-T1-2  /W-T6-1   /T3-T6-5  /T3-T5-1  /W-T4-1   /D:1      /W-T2-1   /D:1      /W-F1-1   /D:3      
/W-T0-1   /T6-T0-7  /D:1      /W-T1-1   /D:2      /W-T3-1   /D:3      /W-T0-1   /W-T0-1   /D:2      
/W-T2-1   /W-T2-1   /D:2      /W-T4-1   /T6-T4-1  /T6-T3-1  /T6-T3-1  /D:1      /W-F1-1   /D:1      
/W-F0-1   /R        /D:1      /W-T2-1   /D:1      /W-T4-1   /D:1      /W-T6-1   /T5-T6-10 /T5-T1-1  
/T5-F2-1  /T0-F2-1  /T6-F2-1  /T4-T1-5  /T0-F1-1  /T3-F2-1  /T1-F2-1  /T5-F3-1  /T6-F1-1  /T0-T3-1  
/T0-F1-1  /T3-T0-2  /T3-F2-1  /T6-T1-1  /T6-F1-1  /T6-F2-1  /T0-T3-3  /T0-F1-1  /T0-F2-1  /T6-F1-1  
/T0-F1-1  /T6-F2-1  /T2-F2-1  /T6-F1-1  /T0-T2-1  /T0-F1-1  /T1-T6-6  /T1-F2-1  /T2-T0-2  /T2-F2-1  
/T6-T1-7  /T6-F1-1  /T2-F1-1  /T1-T6-8  /T1-F2-1  /T4-T0-1  /D:1      /W-T0-1   /T3-T0-4  /D:1      
/W-F0-1   /D:1      /W-F0-1   /T0-F0-1  /T6-F0-1  /D:1      /W-F3-1   /T0-F3-1  /T0-F0-1  /T6-F3-1  
/T0-F3-1  /T6-F0-1  /T0-F0-1  /T6-F3-1  /T0-F3-1  /T6-F0-1  /T0-F0-1  /T6-F3-1  /T0-F3-1  /T6-F0-1  
/T0-F0-1  /T6-F3-1  /T0-F3-1  /T6-F0-1  
"
1051129,N#GJ#vmD#Ucje#QEkFu#IlLPyn#ZXxoYSg#HMOwrdqiWpBfhzsaATVbtCKR,105.500000,879.000000,43.000000,0.641892,1,"
minimal: 0 / states: 130 / duration: 0.000151s
history:
/T0-F3-1 /T5-F2-1 /T6-T4-1 /T2-T3-1 /T5-T2-1 /T5-T3-1 /T2-T0-2 /D:3     /W-F3-1  /T3-F3-1 
/D:2     /W-T6-1  /D:1     /W-T6-1  /D:2     /W-T1-1  /T4-T1-2 /T3-T4-2 /T4-T1-3 /T4-T0-1 
/T1-T0-7 /T6-T1-3 /T2-T3-1 /D:2     /W-T1-1  /D:3     /W-T3-1  /T1-T3-5 /D:1     /W-T1-1  
/T6-T1-1 /T6-F2-1 /T3-T6-8 /T6-T1-9 /T3-T0-1 /T6-T5-1 /T5-T6-2 /T1-F2-1 /D:2     /W-F1-1  
/D:1     /W-F0-1  /D:3     /W-F1-1  /T0-F1-1 /T1-F1-1 /D:1     /W-T3-1  /D:2     /W-T5-1  
/D:1     /R       /D:2     /W-T2-1  /T5-T2-2 /T3-T5-2 /D:1     /W-T6-1  /D:1     /W-F2-1  
/T1-F2-1 /T4-T1-1 /T4-F3-1 /D:1     /W-T2-1  /T5-T2-3 /D:1     /W-F0-1  /D:1     /W-T2-1  
/D:1     /W-F2-1  /D:2     /W-T6-1  /D:1     /W-F0-1  /T0-F0-1 /T0-F1-1 /T1-F0-1 /T2-F1-1 
/T0-F0-1 /T0-F1-1 /T2-F2-1 /T0-F2-1 /T1-T2-2 /T1-F1-1 /T0-F1-1 /T1-F2-1 /T1-F1-1 /T6-T0-1 
/T6-F2-1 /T1-F2-1 /T0-T6-2 /T0-F1-1 /T0-F2-1 /T2-T1-6 /T2-F1-1 /T0-F1-1 /T1-T2-7 /T1-F2-1 
/D:1     /W-F3-1  /T2-F3-1 /T2-F0-1 /W-F3-1  /T2-F3-1 /W-F0-1  /T2-F0-1 /T6-F3-1 /T2-F3-1 
/T6-F0-1 /T2-F0-1 /T6-F3-1 /T2-F3-1 /T6-F0-1 /T2-F0-1 /T6-F3-1 
"
1051131,Q#dJ#hiw#fzPN#uDKta#FCgxrj#OcpISVZ#WTnLXqoYsBlyvRkmMEGHAUbe,130.000000,2171.000000,52.000000,0.573864,1,"
minimal: 0 / states: 125 / duration: 0.000233s
history:
/T3-F3-1 /T4-F1-1 /D:3     /W-F2-1  /D:1     /W-T6-1  /D:1     /W-T6-1  /T2-T6-1 /T2-T1-1 
/T4-T2-1 /T5-T4-1 /T0-T5-1 /T6-T0-4 /T6-T0-1 /T5-T6-2 /T6-T2-3 /T6-T4-1 /T6-T2-1 /T2-T4-6 
/D:2     /W-F2-1  /T4-F2-1 /W-F2-1  /D:3     /W-T3-1  /D:6     /W-T2-1  /D:4     /W-T0-1  
/D:1     /W-F0-1  /T3-F0-1 /D:2     /W-F1-1  /T6-F1-1 /T6-F3-1 /T3-F3-1 /T3-T6-1 /T4-F3-1 
/T4-F2-1 /D:1     /R       /D:1     /W-T5-1  /D:1     /W-T0-1  /D:1     /W-T6-1  /T5-T6-2 
/D:1     /W-F2-1  /D:2     /W-T2-1  /D:1     /W-T6-1  /D:1     /W-F3-1  /T4-F3-1 /T0-F3-1 
/T5-T0-1 /T5-F0-1 /T4-F2-1 /T5-T0-1 /D:1     /W-T2-1  /T1-T2-2 /T1-F1-1 /D:1     /W-T1-1  
/W-T1-1  /T4-T1-4 /T4-F0-1 /T4-F2-1 /T6-F2-1 /D:1     /W-F0-1  /T0-F0-1 /D:1     /W-F0-1  
/D:1     /W-F3-1  /T0-T2-2 /T0-F3-1 /T0-F2-1 /T6-F3-1 /T0-F3-1 /T6-F2-1 /T6-F3-1 /T2-T0-5 
/T2-F2-1 /T6-F2-1 /T0-T2-6 /T0-F3-1 /D:1     /W-F1-1  /T3-F1-1 /T2-F1-1 /T1-F1-1 /T2-F0-1 
/T1-F0-1 /T2-F1-1 /T1-F1-1 /T2-F0-1 /T1-F0-1 /T2-F1-1 /T1-F1-1 /T2-F0-1 /T1-F0-1 /T2-F1-1 
"
1051138,I#nf#uXs#GMDH#PZVCv#LzWmAi#pyhdaeU#ROblQrgBjkqcJYFSoNETwtKx,157.500000,1840.000000,57.000000,0.509901,1,"
minimal: 0 / states: 132 / duration: 0.000162s
history:
/T6-T0-1  /T6-T2-1  /T6-F1-1  /T3-T5-1  /T3-T2-1  /D:3      /W-F1-1   /D:1      /W-T3-1   /D:2      
/W-T1-1   /T6-T1-1  /T6-T4-1  /D:1      /W-T5-1   /T2-T5-3  /T2-T6-1  /D:5      /W-F1-1   /T1-F1-1  
/D:1      /W-T6-1   /T5-T6-6  /T5-F0-1  /T6-T5-9  /D:5      /W-F3-1   /D:2      /W-T2-1   /D:2      
/W-T0-1   /T1-T0-2  /T1-F2-1  /T5-T1-10 /T4-T5-2  /F1-T0-1  /T4-T0-1  /T2-T4-2  /T3-T2-2  /T3-T5-1  
/D:1      /W-T2-1   /T5-T2-4  /T5-T3-1  /D:1      /R        /D:2      /W-F3-1   /D:2      /W-F0-1   
/T0-F0-1  /T0-F1-1  /T1-F0-1  /T1-F1-1  /W-T0-1   /W-T1-1   /T6-T0-1  /D:2      /W-T5-1   /D:1      
/W-T1-1   /D:1      /W-T3-1   /D:1      /W-T4-1   /D:1      /W-T2-1   /T0-T2-3  /T0-F1-1  /D:1      
/W-F2-1   /T2-F2-1  /T1-F2-1  /D:1      /W-F0-1   /T4-F0-1  /T1-T4-2  /T1-F1-1  /T2-T0-3  /T2-F0-1  
/T1-F0-1  /T2-F1-1  /T1-F1-1  /T4-T1-5  /T4-T6-1  /T4-F3-1  /T0-F3-1  /T0-F2-1  /T1-F3-1  /T0-F3-1  
/T1-F2-1  /T0-F2-1  /T1-F3-1  /T0-F3-1  /T0-F0-1  /T1-F2-1  /T1-F3-1  /T1-F0-1  /T2-F2-1  /T2-F3-1  
/W-F1-1   /T2-F0-1  /T1-F3-1  /T3-F3-1  /T5-F1-1  /T5-F0-1  /T2-F1-1  /T2-F0-1  /T6-F3-1  /D:1      
/W-F2-1   /D:1      /W-F2-1   /T1-F2-1  /T1-F1-1  /T3-F2-1  
"
1051232,e#AN#wRo#Waqd#zSVPh#bfCBnX#smxDJGZ#rYpyQtIFjiMLOTUvcgKkEHlu,88.500000,677.000000,37.000000,0.784615,1,"
minimal: 0 / states: 117 / duration: 0.000139s
history:
/T1-F3-1 /T1-F0-1 /T6-T1-1 /T6-T4-1 /T6-T5-1 /T6-T0-1 /D:3     /W-T3-1  /D:1     /W-T1-1  
/T5-T1-2 /T5-F2-1 /T2-F2-1 /T5-F0-1 /T5-F0-1 /T5-T4-1 /T0-F0-1 /T3-F2-1 /D:5     /W-T6-1  
/D:1     /W-T1-1  /D:3     /W-F3-1  /D:3     /W-T6-1  /T4-T6-3 /T4-F3-1 /D:5     /W-T6-1  
/T3-T6-1 /T3-F2-1 /T3-F1-1 /T5-F1-1 /D:1     /W-T1-1  /D:2     /W-T4-1  /R       /D:1     
/W-F2-1  /D:2     /W-F3-1  /T2-F3-1 /T4-T2-2 /T4-F3-1 /W-T4-1  /T6-T4-8 /T6-T5-1 /T6-F2-1 
/D:1     /W-F2-1  /T2-F2-1 /D:1     /W-T3-1  /T4-T3-5 /T4-F2-1 /D:2     /W-T6-1  /D:1     
/W-T5-1  /D:1     /W-F3-1  /D:1     /W-F3-1  /T2-F3-1 /T2-F2-1 /T3-T4-6 /T3-F3-1 /D:1     
/W-F1-1  /T4-F1-1 /T0-F1-1 /T4-F0-1 /T4-F1-1 /W-F0-1  /T4-F0-1 /T1-F0-1 /D:1     /W-F1-1  
/T4-F1-1 /T1-F1-1 /T4-F0-1 /T1-F0-1 /T1-F3-1 /T4-F1-1 /T4-F2-1 /T1-F2-1 /T4-F3-1 /T1-F3-1 
/T4-F2-1 /D:1     /W-F0-1  /T5-F0-1 /T6-F0-1 /D:1     /W-F1-1  /D:1     /W-F1-1  /T5-F1-1 
"
1051281,G#nk#HVA#QScd#ZoMJN#DKhRLt#FvOYsIf#qxgEPyzWleuBTCmrwbiUpXja,132.500000,2638.000000,53.000000,0.622449,1,"
minimal: 0 / states: 124 / duration: 0.000236s
history:
/T2-F0-1 /T4-F3-1 /T6-T0-1 /T4-T1-1 /T2-T1-1 /T2-T1-1 /T4-T2-1 /D:3     /W-T1-1  /D:1     
/W-T0-1  /T3-T0-1 /T4-T3-1 /D:2     /W-T4-1  /T1-T4-5 /T1-F2-1 /T3-F2-1 /D:1     /W-T1-1  
/D:2     /W-T1-1  /D:3     /W-F0-1  /D:2     /W-F0-1  /D:6     /W-T6-1  /T5-T6-1 /D:1     
/W-F2-1  /D:1     /W-T5-1  /D:2     /W-F1-1  /R       /D:1     /W-F2-1  /D:1     /W-T1-1  
/D:2     /W-T1-1  /T6-T1-3 /T6-T4-1 /T6-T2-1 /T6-F3-1 /W-F3-1  /D:1     /W-T4-1  /F2-T4-1 
/T3-T4-1 /T3-T1-1 /T3-F3-1 /D:3     /W-T3-1  /T5-T3-2 /T5-F3-1 /T5-T6-1 /T5-T2-1 /T1-F3-1 
/T5-F0-1 /W-F3-1  /T1-T6-1 /T1-F3-1 /D:2     /W-T3-1  /D:1     /W-F1-1  /T4-F1-1 /T0-F1-1 
/T0-F0-1 /T4-F2-1 /T4-F1-1 /W-F2-1  /T0-F1-1 /T4-F2-1 /T6-F2-1 /T4-F1-1 /W-F2-1  /T6-T1-1 
/T6-F2-1 /T6-F0-1 /T0-F0-1 /T1-F1-1 /T4-F0-1 /T1-F0-1 /T4-F3-1 /T1-F3-1 /T3-F2-1 /T1-F2-1 
/T3-F3-1 /T4-F0-1 /T2-F0-1 /T2-F3-1 /T3-F0-1 /T2-F0-1 /T4-T3-2 /T4-F3-1 /D:1     /W-F1-1  
/D:1     /W-F1-1  /T3-F1-1 /T1-F1-1 /T3-F2-1 /T1-F2-1 /T3-F1-1 
"
1051301,l#Eq#tzd#wnWg#TFexA#cVfhZB#QJyKPsH#kjmboLMSIRpUYCvGiDNuraXO,138.500000,2421.000000,54.000000,0.531579,1,"
minimal: 0 / states: 128 / duration: 0.000151s
history:
/T4-F0-1 /T5-F0-1 /T3-T6-1 /T4-T0-1 /T3-T0-1 /T3-F2-1 /T1-T4-1 /T2-T1-1 /T0-T2-3 /T5-T0-1 
/D:5     /W-F2-1  /D:1     /W-T0-1  /D:3     /W-T2-1  /T5-T2-1 /T1-T5-2 /T2-T1-6 /T5-T2-3 
/T6-T5-2 /T6-T5-1 /T6-T4-1 /T4-T5-3 /T5-T3-7 /T2-T1-4 /D:1     /W-T4-1  /D:1     /W-F2-1  
/D:3     /W-F0-1  /D:4     /W-F0-1  /D:1     /W-F3-1  /D:3     /W-F1-1  /D:1     /W-T0-1  
/T3-T0-8 /D:1     /W-F3-1  /T0-F3-1 /T0-F2-1 /W-F2-1  /R       /D:2     /W-T6-1  /D:1     
/W-T2-1  /D:1     /W-F1-1  /T5-F1-1 /T1-F1-1 /T0-F1-1 /T0-F2-1 /T4-T0-2 /T1-F0-1 /T1-F1-1 
/T1-F2-1 /T0-T4-2 /T0-F1-1 /T1-F1-1 /T4-T0-3 /D:1     /W-T3-1  /D:2     /W-T1-1  /D:1     
/W-T3-1  /T6-T3-2 /T6-T2-1 /D:1     /W-T3-1  /D:1     /W-T1-1  /W-T1-1  /W-T2-1  /T6-T2-1 
/T6-F3-1 /T0-F3-1 /T0-F0-1 /T1-F3-1 /T0-F3-1 /T1-F0-1 /T0-F0-1 /T1-F3-1 /T1-F0-1 /T0-F3-1 
/T1-F3-1 /T2-F0-1 /T0-T2-1 /T0-F3-1 /T3-T1-2 /T3-F0-1 /T0-F0-1 /T3-F3-1 /T0-F3-1 /T3-F0-1 
/D:1     /W-F1-1  /D:1     /W-F2-1  /T1-F2-1 /T1-F1-1 /T2-F2-1 /T1-F2-1 /T2-F1-1 /T1-F1-1 
/T2-F2-1 /T1-F2-1 /T2-F1-1 
"
1051304,J#KX#Dkh#HIjx#frTuS#wtZGCo#sbBVyEl#WQAaPcMROemdqLFigzvnUYNp,133.500000,2742.000000,58.000000,0.543689,1,"
minimal: 0 / states: 134 / duration: 0.000153s
history:
/T3-T6-1 /T3-T6-1 /T2-T3-1 /T3-T6-2 /T0-T1-1 /D:3     /W-F0-1  /D:1     /W-F1-1  /D:3     
/W-T0-1  /T6-T0-5 /T6-T4-1 /T1-T6-2 /D:5     /W-T4-1  /D:4     /W-T6-1  /T3-T6-1 /D:1     
/W-T6-1  /W-T6-1  /D:1     /W-T3-1  /D:2     /W-F2-1  /T5-F2-1 /T5-T4-1 /T4-T5-4 /T5-T0-5 
/T6-T5-7 /T4-T6-1 /T4-T6-1 /D:2     /W-T3-1  /T1-T3-1 /T5-T1-8 /D:1     /W-F3-1  /D:1     
/W-F2-1  /R       /D:1     /W-T3-1  /D:1     /W-T4-1  /D:3     /W-T1-1  /D:1     /W-F3-1  
/D:3     /W-F2-1  /D:2     /W-T3-1  /D:1     /W-T3-1  /T5-T3-1 /T6-T5-3 /T6-F0-1 /T6-F1-1 
/T0-F0-1 /T5-T2-4 /T6-T2-1 /R       /D:1     /W-F3-1  /T4-F3-1 /T4-F2-1 /T1-F3-1 /T2-F2-1 
/T3-F2-1 /T0-T4-2 /T0-F3-1 /T2-F3-1 /T2-F2-1 /T3-F3-1 /T2-F3-1 /T3-F2-1 /T2-F2-1 /T3-F3-1 
/T0-T3-4 /T0-F2-1 /T1-T2-5 /T1-F3-1 /T2-T1-6 /T2-F0-1 /T3-T0-5 /T3-F3-1 /T4-T0-3 /D:1     
/W-F1-1  /T0-F1-1 /T0-F0-1 /T1-F0-1 /D:1     /W-F1-1  /T0-F1-1 /T0-F0-1 /T1-F1-1 /T0-F1-1 
/T1-F0-1 /T0-F0-1 /T1-F1-1 /T0-F1-1 /T1-F0-1 /T0-F0-1 /T1-F1-1 /T0-F1-1 /T1-F2-1 /T3-F2-1 
/T1-F3-1 /D:1     /W-F1-1  /D:1     /W-F0-1  /T0-F0-1 
"
1051328,w#bN#tXv#Ixhk#JZfGC#gQTSDM#lLmyHoU#sYAedEiVnFOqRKzBWaprcjuP,111.500000,1075.000000,36.000000,0.635135,1,"
minimal: 0 / states: 124 / duration: 0.000154s
history:
/T1-F3-1 /T6-T2-1 /T0-T3-1 /T5-T0-1 /T1-T4-1 /D:2     /W-T0-1  /D:1     /W-F0-1  /D:4     
/W-T3-1  /D:2     /W-F2-1  /T6-F2-1 /T6-T3-1 /T3-T6-4 /D:2     /W-F3-1  /D:3     /W-T0-1  
/D:1     /W-T1-1  /D:1     /W-F0-1  /D:1     /W-T0-1  /T2-T0-2 /D:1     /W-F1-1  /T4-F1-1 
/T4-F0-1 /T5-F0-1 /T4-T0-1 /T5-T0-1 /T5-T6-1 /D:1     /W-F2-1  /D:1     /W-T0-1  /T5-T0-1 
/D:1     /W-F1-1  /D:3     /W-F3-1  /T0-F3-1 /R       /D:1     /W-T5-1  /D:1     /W-T5-1  
/D:1     /W-F1-1  /T5-F1-1 /T4-F1-1 /T6-T4-6 /T5-T4-1 /T5-F1-1 /T3-F1-1 /T6-T5-1 /T2-T6-1 
/T6-T5-2 /T3-T6-1 /T6-T1-2 /T4-T6-8 /T4-T5-1 /D:1     /W-F0-1  /D:1     /W-T5-1  /T6-T5-3 
/T6-F1-1 /D:1     /W-F0-1  /T0-T2-2 /T0-F0-1 /T2-T0-3 /D:1     /W-F2-1  /T0-F2-1 /T5-F2-1 
/D:1     /W-F3-1  /T0-F3-1 /T0-F2-1 /T5-F3-1 /T0-F3-1 /T5-F0-1 /T3-F0-1 /T5-F3-1 /T5-F0-1 
/T0-T1-2 /T0-F0-1 /D:1     /W-F1-1  /T6-T5-1 /T6-F1-1 /T1-T0-3 /T1-F1-1 /T5-T6-2 /T5-F0-1 
/T5-F1-1 /T0-T1-4 /T0-F0-1 /D:1     /W-F2-1  /T1-F2-1 /T1-F3-1 /T6-F2-1 /T1-F2-1 /T6-F3-1 
/T1-F3-1 /T6-F2-1 /T1-F2-1 /T6-F3-1 
"
1051384,c#TX#ExY#RrUL#CPBms#HkvoGy#qFNSndj#zVWfAgOaubweJihptQMlDIKZ,144.000000,4278.000000,57.000000,0.537634,1,"
minimal: 0 / states: 123 / duration: 0.000152s
history:
/T1-T3-1 /T4-T1-1 /T5-T4-1 /D:4     /W-T5-1  /D:1     /W-F0-1  /D:3     /W-F1-1  /D:2     
/W-F1-1  /T0-F1-1 /T4-T0-2 /T4-F0-1 /D:1     /W-T3-1  /D:1     /W-T1-1  /D:2     /W-T3-1  
/D:7     /W-T1-1  /T4-T1-1 /T4-F0-1 /D:1     /W-T6-1  /D:1     /W-T2-1  /T6-T2-2 /T6-F1-1 
/T6-F2-1 /D:1     /W-T4-1  /T3-T4-4 /T5-T3-2 /T5-F2-1 /T3-T2-3 /T3-T2-1 /T1-T3-2 /T1-F1-1 
/T2-T6-1 /T2-F1-1 /T6-T2-2 /T6-F3-1 /T3-T1-3 /R       /D:1     /W-T3-1  /T2-T3-8 /D:2     
/W-T2-1  /T5-T2-1 /T5-T0-1 /T1-T5-5 /T5-T4-6 /D:1     /W-F1-1  /D:1     /W-F3-1  /T4-F3-1 
/T4-F0-1 /D:2     /W-T0-1  /D:1     /W-F1-1  /D:1     /W-F2-1  /D:2     /W-F3-1  /T4-F3-1 
/D:1     /W-T1-1  /D:1     /W-T1-1  /T2-T1-3 /T2-F0-1 /T6-F0-1 /T6-F2-1 /T3-F2-1 /T3-F3-1 
/T3-F0-1 /T4-F2-1 /T4-F3-1 /T4-F0-1 /W-F2-1  /T3-F3-1 /T3-F0-1 /W-F2-1  /T1-F2-1 /T4-F1-1 
/T3-F1-1 /W-F3-1  /T0-F0-1 /T1-F3-1 /T3-F0-1 /T4-F2-1 /T0-F1-1 /T1-F2-1 /T1-F1-1 /T4-F3-1 
/T0-F2-1 /T3-F3-1 /T3-F2-1 /T4-F0-1 /T0-F1-1 /T1-F0-1 /T4-F3-1 
"
1051394,w#ji#cap#GPHg#ONTyv#CQehsb#IUqFZzA#DnMfxdVrmBXJkYlERKtouSLW,147.500000,4096.000000,58.000000,0.526882,1,"
minimal: 0 / states: 125 / duration: 0.000162s
history:
/T6-F0-1 /T5-T2-1 /T5-T3-1 /T5-T4-1 /T5-T3-1 /T2-T5-2 /T2-F1-1 /T5-F1-1 /T1-T0-1 /T4-T1-2 
/T2-F1-1 /T6-T2-1 /T4-T6-1 /D:1     /W-T3-1  /D:1     /W-F2-1  /D:4     /W-F1-1  /D:4     
/W-F0-1  /D:1     /W-T6-1  /T0-T6-2 /T6-T0-5 /T6-T4-1 /D:3     /W-T2-1  /D:3     /W-T4-1  
/T6-T4-1 /D:1     /W-T2-1  /T1-T2-3 /D:1     /W-T2-1  /D:1     /W-F2-1  /T5-F2-1 /T4-F2-1 
/T3-T4-1 /T3-F1-1 /D:1     /W-T0-1  /T3-T0-2 /T4-T3-4 /T4-F3-1 /T4-F3-1 /D:1     /W-T2-1  
/W-T2-1  /T5-T2-1 /T5-F0-1 /T3-F0-1 /D:2     /R       /D:1     /W-T1-1  /D:1     /W-F1-1  
/D:3     /W-F2-1  /T0-F2-1 /T0-F1-1 /T2-T6-4 /T2-F1-1 /T6-T2-5 /D:1     /W-T4-1  /D:3     
/W-T1-1  /D:1     /W-T4-1  /W-T4-1  /W-T4-1  /W-T4-1  /T3-T4-4 /T3-F3-1 /T2-F3-1 /T2-F0-1 
/T4-F3-1 /T2-F3-1 /T2-F2-1 /T4-F0-1 /T3-F0-1 /T4-F3-1 /T0-F2-1 /T2-F3-1 /T2-F2-1 /T4-F0-1 
/T0-F1-1 /T4-F3-1 /T0-F2-1 /T6-F0-1 /T2-F1-1 /T4-F0-1 /T4-F1-1 /T1-F1-1 /T2-F0-1 /T4-F0-1 
/T1-F0-1 /T4-F1-1 /W-F2-1  /D:1     /W-F3-1  /T0-F3-1 /T0-F2-1 /T2-F3-1 /T0-F3-1 /T2-F2-1 
"
1051405,x#Pn#sSQ#cCdo#HqwXh#TYRKeu#yVgprfj#BUbOLaEDWiAklGzmJFZvItNM,150.500000,2004.000000,67.000000,0.495283,1,"
minimal: 0 / states: 141 / duration: 0.000181s
history:
/T1-F2-1 /T3-F2-1 /T6-T0-1 /D:1     /W-T1-1  /D:5     /W-F1-1  /D:1     /W-T6-1  /T2-T6-1 
/D:4     /W-F0-1  /T1-F0-1 /D:3     /W-T4-1  /T6-T4-3 /T6-T2-1 /T6-F2-1 /T3-T2-1 /T3-F0-1 
/T6-T5-1 /T5-T6-2 /D:4     /W-T6-1  /T5-T6-1 /D:2     /W-T0-1  /T4-T0-5 /D:3     /W-F3-1  
/D:1     /R       /D:2     /W-F1-1  /T3-F1-1 /T2-F1-1 /T6-F1-1 /D:1     /W-F3-1  /T1-F3-1 
/T0-F3-1 /D:2     /W-F0-1  /T0-F0-1 /T0-F1-1 /T2-T0-2 /T6-F0-1 /T6-F1-1 /D:1     /W-T5-1  
/D:4     /W-T1-1  /W-T1-1  /T5-T1-2 /T5-F3-1 /T0-T5-7 /D:1     /W-T0-1  /D:1     /W-T4-1  
/T6-T4-2 /T4-T6-4 /T6-T0-5 /D:1     /W-T3-1  /D:1     /W-T1-1  /D:2     /W-T6-1  /T5-T6-8 
/T2-T5-1 /T5-T0-2 /R       /D:1     /W-T1-1  /T6-T1-3 /T6-F1-1 /D:1     /W-T3-1  /D:1     
/W-F1-1  /D:1     /W-T3-1  /T4-T3-1 /T4-F2-1 /T1-F2-1 /T0-F2-1 /T1-F3-1 /T0-F3-1 /T1-F0-1 
/T4-F0-1 /T1-F3-1 /T1-F0-1 /T0-T3-2 /T0-F0-1 /T6-T1-1 /T6-F1-1 /T1-T6-2 /T1-F0-1 /T3-T0-3 
/T3-F1-1 /T1-F1-1 /T3-F0-1 /T0-T3-5 /T0-F1-1 /T6-T1-4 /T6-F0-1 /D:1     /W-F2-1  /T3-F2-1 
/T1-F2-1 /T3-F3-1 /T1-F3-1 /T3-F2-1 /T1-F2-1 /T3-F3-1 /T1-F3-1 /T3-F2-1 /T1-F2-1 /T3-F3-1 
"
1051411,u#BE#MFc#jsJd#ROhWp#itmIvY#rSUKCgo#ZkXbeLAaGyTlnxDHwzfQqNVP,109.000000,1391.000000,38.000000,0.693750,1,"
minimal: 0 / states: 125 / duration: 0.000158s
history:
/T6-T2-1 /T6-T0-1 /T4-T3-1 /T3-T1-2 /D:4     /W-T1-1  /D:3     /W-F0-1  /D:1     /W-F1-1  
/T1-F1-1 /D:5     /W-F2-1  /T2-F2-1 /T2-F1-1 /T2-T0-1 /T5-T2-1 /T5-T4-1 /T1-F2-1 /T6-T1-1 
/T4-T6-2 /T6-T2-3 /T4-T2-1 /T6-T5-1 /T1-T6-3 /T1-F0-1 /T4-T6-1 /T4-T0-1 /D:2     /W-T0-1  
/D:3     /W-T1-1  /D:3     /W-F2-1  /D:1     /W-F3-1  /T6-F3-1 /T6-F0-1 /T6-F1-1 /T0-F0-1 
/T6-F0-1 /D:1     /W-T3-1  /T0-T3-4 /D:1     /W-F3-1  /W-F3-1  /T3-F3-1 /T6-F3-1 /T6-F2-1 
/T3-F0-1 /R       /D:1     /W-T0-1  /D:3     /W-F1-1  /D:1     /W-T0-1  /W-T0-1  /T3-T0-4 
/T3-F2-1 /T5-T3-2 /T5-T4-1 /T5-F2-1 /D:1     /W-F0-1  /D:1     /W-T4-1  /W-T4-1  /D:1     
/W-F3-1  /T3-F3-1 /T0-T5-2 /T0-F3-1 /T5-T0-3 /D:1     /W-T1-1  /D:1     /W-T1-1  /T3-T1-2 
/D:1     /W-F0-1  /T1-F0-1 /T2-T1-2 /T2-F3-1 /T0-T4-4 /T0-F3-1 /D:2     /W-F1-1  /T4-F1-1 
/T1-F1-1 /T4-F2-1 /T1-F2-1 /T4-F1-1 /T1-F1-1 /T4-F0-1 /T2-F0-1 /W-F2-1  /T1-F2-1 /T2-F3-1 
/T4-F1-1 /T0-F0-1 /T1-F1-1 /T2-F0-1 /T4-F2-1 /T0-F3-1 /T1-F2-1 /T4-F1-1 
"
1051414,p#fT#Ycw#HLXr#oInue#GKMsqA#hPJUDRF#OZgBtxjykQbWNlEdzCivSaVm,147.500000,3655.000000,55.000000,0.533708,1,"
minimal: 0 / states: 131 / duration: 0.000244s
history:
/T5-F0-1 /T6-T1-1 /T6-T1-1 /T5-T1-1 /T4-T5-1 /T6-T5-1 /T1-T4-4 /T3-T1-1 /T2-T3-1 /T2-T4-1 
/D:1     /W-T0-1  /D:3     /W-F0-1  /D:1     /W-T6-1  /T1-T6-2 /D:1     /W-T2-1  /D:1     
/W-T2-1  /D:3     /W-T6-1  /T0-T6-2 /D:3     /W-F3-1  /T6-F3-1 /D:4     /W-T0-1  /T2-T0-3 
/D:1     /W-F0-1  /T5-F0-1 /D:1     /W-T3-1  /T4-T3-6 /T4-F2-1 /T6-T4-6 /T4-T0-7 /T4-F2-1 
/T0-F2-1 /D:3     /W-F1-1  /D:1     /W-T6-1  /D:1     /W-T1-1  /R       /D:1     /W-T2-1  
/D:2     /W-T1-1  /T3-T1-9 /T3-T2-1 /W-T3-1  /T5-T3-2 /T5-T4-1 /T3-T6-4 /D:1     /W-T2-1  
/T6-T2-6 /T6-F3-1 /T0-F3-1 /T1-T2-2 /T1-F3-1 /D:1     /W-F1-1  /T2-F1-1 /T2-F2-1 /T0-F2-1 
/T2-T1-1 /T2-F2-1 /D:1     /W-T5-1  /D:1     /W-T4-1  /T5-T4-2 /T0-T5-1 /T0-F2-1 /T5-T0-2 
/D:1     /W-F0-1  /D:1     /W-F1-1  /T1-F1-1 /T0-F1-1 /T1-F0-1 /T2-F1-1 /T0-F0-1 /T6-F1-1 
/T2-F0-1 /T1-T2-2 /T1-F1-1 /T0-T4-2 /T0-F1-1 /D:2     /W-F3-1  /T2-F3-1 /T2-F2-1 /T4-F3-1 
/T2-F3-1 /T4-F0-1 /T2-F0-1 /W-F2-1  /T1-F2-1 /T2-F1-1 /T4-F3-1 /T0-F2-1 /T1-F3-1 /T1-F2-1 
/T4-F0-1 /T0-F3-1 /T2-F0-1 /T2-F3-1 /T4-F1-1 /T0-F2-1 /T1-F1-1 /T4-F0-1 
"
1051415,p#wb#eJY#vDma#EqIrk#KBVghQ#uWLPMiG#xjUloStyfHORCdsZTXFNAczn,162.500000,1383.000000,56.000000,0.519802,1,"
minimal: 0 / states: 131 / duration: 0.000223s
history:
/T3-F1-1 /T1-F1-1 /T0-T5-1 /T3-T0-1 /T1-T4-1 /D:1     /W-T2-1  /D:1     /W-T2-1  /D:4     
/W-T6-1  /D:2     /W-T0-1  /T4-T0-2 /T5-T4-2 /T6-T5-2 /T6-T0-1 /T6-T1-1 /T4-T5-3 /T5-T4-6 
/T6-T3-1 /T2-T1-3 /T4-T1-7 /D:2     /W-T0-1  /T5-T0-1 /T5-T2-1 /T5-T3-1 /D:1     /W-T1-1  
/D:4     /W-T0-1  /D:3     /W-T6-1  /T2-T6-2 /T3-T2-3 /T2-T0-4 /D:2     /W-F3-1  /T1-F3-1 
/D:1     /W-F0-1  /T0-F0-1 /T0-F3-1 /D:1     /W-F1-1  /D:1     /W-T2-1  /D:1     /W-F2-1  
/R       /D:1     /W-T3-1  /D:1     /W-T2-1  /T5-T2-1 /D:1     /W-F2-1  /T1-F2-1 /T4-F2-1 
/T1-F3-1 /T1-F2-1 /T4-T1-1 /D:1     /W-T3-1  /D:1     /W-T3-1  /D:1     /W-F3-1  /T1-T3-1 
/T1-F3-1 /D:1     /W-F0-1  /T0-F0-1 /T3-F0-1 /D:1     /W-F1-1  /T0-F1-1 /T0-F2-1 /T3-F1-1 
/T3-F2-1 /T0-F1-1 /T1-T3-1 /T1-F1-1 /T0-T6-1 /T0-F1-1 /D:1     /W-T4-1  /T6-T4-5 /T6-T2-1 
/T6-F2-1 /T1-T2-1 /T1-F1-1 /T3-T2-2 /T3-F2-1 /T0-F2-1 /T0-F1-1 /T1-F2-1 /T0-F2-1 /T2-T1-5 
/T2-F1-1 /T0-F1-1 /T2-F2-1 /D:1     /W-F3-1  /D:1     /W-F0-1  /T1-F0-1 /T1-F3-1 /T4-F0-1 
/T1-F0-1 /T4-F3-1 /T1-F3-1 /T4-F0-1 /T1-F0-1 /T4-F3-1 /T1-F3-1 /T4-F0-1 /T1-F0-1 /T4-F3-1 
"
1051429,F#UO#ZRA#MYgm#NdbaE#BwQkhc#qWfpCHj#oiIuDKVlJeSzvnyrGtXxTsPL,128.500000,1975.000000,60.000000,0.551724,1,"
minimal: 0 / states: 137 / duration: 0.000167s
history:
/T2-F0-1 /T2-T0-1 /D:1     /W-T5-1  /D:2     /W-T6-1  /D:2     /W-T0-1  /T5-T0-2 /T5-T6-1 
/D:4     /W-T5-1  /D:5     /W-F2-1  /T0-F2-1 /D:1     /W-T2-1  /T5-T2-2 /T5-T4-1 /D:2     
/W-T6-1  /D:7     /W-T3-1  /R       /D:1     /W-T2-1  /D:1     /W-T2-1  /D:2     /W-T5-1  
/D:3     /W-T6-1  /T4-T6-2 /T4-F1-1 /T4-F1-1 /T0-F1-1 /T4-F1-1 /T4-F3-1 /T1-F3-1 /T3-T4-2 
/T3-T2-1 /W-F1-1  /T0-T2-3 /D:1     /W-T0-1  /T3-T0-1 /W-T3-1  /W-T0-1  /T6-T0-7 /T6-T5-1 
/T6-T0-1 /T6-F2-1 /T6-F1-1 /D:1     /W-T6-1  /T1-T6-1 /D:2     /W-T6-1  /D:1     /W-T4-1  
/T5-T4-3 /T5-F0-1 /T0-F0-1 /T2-F0-1 /D:1     /W-T3-1  /T6-T3-4 /T6-F2-1 /W-F2-1  /D:1     
/W-T4-1  /T2-T4-2 /T2-F1-1 /D:1     /W-F2-1  /T3-F2-1 /T2-F2-1 /T0-T3-4 /T0-F1-1 /T2-F1-1 
/T3-T0-5 /T3-F2-1 /T0-T3-6 /T0-F1-1 /T4-T2-5 /T4-F2-1 /T2-T4-6 /T2-F1-1 /T3-T0-7 /T3-F2-1 
/T2-F2-1 /T3-F1-1 /T0-T3-9 /T0-F2-1 /T4-T2-8 /T4-F1-1 /D:1     /W-F3-1  /T3-F3-1 /T2-F3-1 
/T3-F0-1 /T2-F0-1 /T3-F3-1 /T2-F3-1 /T3-F0-1 /T2-F0-1 /T3-F3-1 /T2-F3-1 /T3-F0-1 /T2-F0-1 
/T3-F3-1 /T2-F3-1 /T3-F0-1 /T2-F0-1 /T3-F3-1 /T2-F3-1 /T3-F0-1 
"
1051455,p#fK#vlm#CMED#khTeb#icwaoQ#ytRxZVA#GNuzWXLdgOPBYHSFUInjJqrs,161.000000,2326.000000,42.000000,0.634409,1,"
minimal: 0 / states: 118 / duration: 0.000143s
history:
/T6-F0-1 /T4-T0-1 /T3-T4-1 /T5-T3-1 /T0-T3-2 /T2-T0-1 /T1-T2-1 /T3-T1-4 /T2-T3-2 /D:2     
/W-F3-1  /D:1     /W-T6-1  /D:2     /W-T3-1  /T2-T3-1 /T3-T2-5 /D:2     /W-T0-1  /W-T0-1  
/D:2     /W-T6-1  /D:1     /W-F3-1  /D:1     /W-T4-1  /T5-T4-1 /T5-F1-1 /T1-F1-1 /T6-T5-3 
/T5-T0-4 /T5-F1-1 /W-F1-1  /D:1     /W-F0-1  /T3-F0-1 /T6-T3-1 /D:2     /W-T5-1  /D:2     
/W-T0-1  /T4-T0-4 /T4-T5-1 /T4-T2-1 /D:3     /W-F2-1  /T0-F2-1 /T0-F3-1 /T0-F0-1 /T1-F2-1 
/T1-F3-1 /T1-F0-1 /T0-F1-1 /T0-F0-1 /T1-F1-1 /T0-F1-1 /T2-F1-1 /D:1     /W-T6-1  /W-T6-1  
/W-T2-1  /D:1     /W-T4-1  /T5-T4-3 /D:1     /W-F2-1  /D:1     /W-F2-1  /D:1     /W-F2-1  
/R       /D:1     /W-F0-1  /T4-T0-1 /T4-F0-1 /T4-F1-1 /T6-F0-1 /T4-F0-1 /T6-F1-1 /T4-F1-1 
/T2-T6-3 /T2-F0-1 /T6-T2-4 /T6-F3-1 /T6-F2-1 /T0-T6-5 /T0-F0-1 /T6-T0-6 /D:1     /W-T1-1  
/T2-T1-5 /T2-F0-1 /D:2     /W-F3-1  /T0-F3-1 /T0-F2-1 /T1-F3-1 /T0-F3-1 /T1-F2-1 /T0-F2-1 
/T1-F3-1 /T0-F3-1 /T1-F2-1 /T0-F2-1 /T1-F1-1 /T0-F1-1 /W-F3-1  /T1-F2-1 /T3-F3-1 
"
1051532,Z#VD#Yvn#iByG#rSosx#QlEtNX#bJzIMwU#mhRqTgjPHfkuKAFdepCWLOca,126.000000,3655.000000,55.000000,0.523256,1,"
minimal: 0 / states: 133 / duration: 0.000152s
history:
/T2-F2-1 /T6-T2-1 /T6-T5-1 /T3-T2-1 /T5-T3-2 /T5-F3-1 /T3-T0-3 /D:7     /W-T4-1  /T2-T4-3 
/T4-T2-5 /T2-T6-6 /T6-T2-7 /D:1     /W-T1-1  /T3-T1-1 /T3-T0-1 /D:1     /W-T0-1  /W-T0-1  
/T4-T0-1 /T4-F2-1 /T4-T2-1 /T4-T2-1 /D:1     /W-T5-1  /D:4     /W-F0-1  /T1-F0-1 /D:2     
/W-T2-1  /D:1     /W-T0-1  /T1-T0-2 /D:1     /W-F2-1  /D:1     /W-F0-1  /D:3     /W-F3-1  
/T0-F3-1 /T0-F0-1 /D:2     /W-F1-1  /R       /D:1     /W-T3-1  /D:1     /W-T6-1  /T5-T6-2 
/T5-F0-1 /D:2     /W-F2-1  /D:3     /W-T1-1  /D:1     /W-T5-1  /D:1     /W-F0-1  /D:1     
/W-T5-1  /T6-T5-4 /T6-T4-1 /T5-T4-7 /T5-F3-1 /T1-T6-2 /D:1     /W-T3-1  /W-T3-1  /T6-T3-3 
/T6-F1-1 /W-T3-1  /W-F3-1  /T2-T4-2 /T2-F3-1 /T2-F0-1 /T3-F3-1 /T2-F3-1 /T0-T3-3 /T0-F0-1 
/T3-T0-4 /T3-F3-1 /T4-T2-5 /T4-F0-1 /T3-F0-1 /T4-F3-1 /T4-F0-1 /T0-T3-6 /T0-F3-1 /T2-T4-8 
/T2-F3-1 /T3-T0-7 /T3-F0-1 /T2-F0-1 /T0-T3-8 /T0-F3-1 /D:1     /W-F1-1  /T4-F1-1 /T3-F1-1 
/T4-F2-1 /T3-F2-1 /T4-F1-1 /T3-F1-1 /T4-F2-1 /T3-F2-1 /T4-F1-1 /T3-F1-1 /T4-F2-1 /T3-F2-1 
/T4-F1-1 /T3-F1-1 /T4-F2-1 /T3-F2-1 /T4-F1-1 /T3-F1-1 /T4-F2-1 
"
1051549,D#LC#qxn#gJtS#GpWPM#sifQhv#HAXEOcN#oUuzTjYZwyrRdVaIBbKmlFek,155.000000,1424.000000,50.000000,0.626316,1,"
minimal: 0 / states: 115 / duration: 0.000148s
history:
/T2-F2-1 /T6-F3-1 /T6-T0-1 /T6-F3-1 /T6-T3-1 /D:1     /W-F2-1  /D:1     /W-T5-1  /D:4     
/W-T2-1  /T5-T2-2 /D:1     /W-T4-1  /T2-T4-4 /D:2     /W-T6-1  /D:4     /W-T3-1  /T1-T3-1 
/T6-T1-2 /T6-F0-1 /D:1     /W-T1-1  /T6-T1-1 /T4-T6-6 /T4-F3-1 /D:1     /W-F1-1  /D:1     
/W-T4-1  /T5-T4-1 /T5-F3-1 /W-F3-1  /T3-T5-3 /T3-F3-1 /T3-T4-1 /T5-T4-4 /T5-T3-1 /D:1     
/W-F0-1  /T4-F0-1 /T0-T2-1 /T0-F0-1 /D:1     /W-F1-1  /T2-F1-1 /T4-F1-1 /T4-F0-1 /W-T4-1  
/D:2     /W-T0-1  /T1-T0-5 /D:2     /W-F0-1  /D:1     /W-F1-1  /D:1     /R       /D:1     
/W-T3-1  /D:1     /W-T1-1  /D:1     /W-F3-1  /T6-F3-1 /D:4     /W-T1-1  /W-T1-1  /T4-T1-6 
/T4-F2-1 /T2-F2-1 /T1-F2-1 /T1-F1-1 /T4-F0-1 /T5-F2-1 /T1-F2-1 /T0-F0-1 /T0-F3-1 /T3-F2-1 
/T6-F2-1 /T0-F2-1 /T3-T0-2 /T3-F1-1 /T1-F1-1 /T0-F1-1 /T1-F0-1 /T0-F0-1 /T1-F3-1 /T0-F3-1 
/T6-F1-1 /T1-F0-1 /T6-F2-1 /T6-F3-1 /T0-F0-1 /T6-F0-1 /W-F2-1  /W-F3-1  /D:1     /W-F1-1  
/T1-F1-1 /T0-F1-1 /T1-F2-1 
"
1051596,z#pV#Rkd#rgIP#ilNvK#nXyGMY#JCTOxAD#WjHZauSEfqFhwoQmsceBLUbt,135.500000,2571.000000,72.000000,0.440000,1,"
minimal: 0 / states: 142 / duration: 0.000170s
history:
/T5-T0-1  /T4-T0-1  /T3-T6-1  /D:1      /W-T0-1   /T4-T0-1  /T4-F3-1  /T4-T5-1  /D:2      /W-T1-1   
/D:2      /W-F1-1   /D:1      /W-T4-1   /D:6      /W-T0-1   /D:2      /W-T6-1   /D:8      /W-T3-1   
/D:1      /W-F1-1   /D:1      /W-T0-1   /R        /D:3      /W-T0-1   /D:1      /W-T0-1   /T2-T0-1  
/D:4      /W-T2-1   /T1-T2-2  /T1-T0-1  /T5-T1-2  /T5-T3-1  /T2-T5-4  /T6-T2-3  /T6-F0-1  /T6-T1-1  
/T6-F3-1  /T6-T4-1  /W-T4-1   /T2-T4-4  /D:2      /W-T2-1   /T5-T2-5  /D:2      /W-F1-1   /D:2      
/W-F0-1   /T6-F0-1  /T4-T6-8  /T6-T5-9  /D:1      /R        /D:1      /W-T1-1   /T3-T1-3  /T3-T2-1  
/D:1      /W-T4-1   /D:1      /W-T1-1   /T3-T1-1  /D:2      /W-T1-1   /T0-T1-1  /T0-F1-1  /D:1      
/W-T2-1   /D:1      /W-F1-1   /D:1      /W-T4-1   /T5-T4-10 /T5-F2-1  /T4-F2-1  /T1-F2-1  /T4-F3-1  
/T1-F3-1  /T4-F0-1  /T0-F0-1  /W-F2-1   /T1-F2-1  /T1-F1-1  /T4-F3-1  /T0-F3-1  /T2-F2-1  /T0-F2-1  
/T4-F0-1  /T1-F0-1  /T2-F1-1  /T0-F1-1  /T4-F3-1  /T1-F3-1  /T2-F0-1  /T1-F0-1  /T4-F2-1  /T0-F2-1  
/T2-F3-1  /T0-F3-1  /T4-F1-1  /T1-F1-1  /T2-F2-1  /T1-F2-1  /T4-F0-1  /T0-F0-1  /T2-F1-1  /T1-F1-1  
/T4-F3-1  /T0-F3-1  /T2-F2-1  /T0-F2-1  /T4-F0-1  /T1-F0-1  /T2-F1-1  /T4-F3-1  
"
1051630,G#MU#mzR#hbXV#QqkCx#FrnvSN#HapJogZ#lDWiByKteTfLcAdOYswjEPuI,94.500000,1770.000000,35.000000,0.733333,1,"
minimal: 0 / states: 125 / duration: 0.000147s
history:
/T5-F3-1 /T5-T0-1 /T1-T5-1 /T0-T5-2 /T6-T0-1 /D:1     /W-T1-1  /T4-T1-1 /D:1     /W-T2-1  
/D:1     /W-T1-1  /T5-T1-4 /T5-F2-1 /T5-T1-1 /T2-T5-2 /T5-T6-3 /T2-T5-1 /D:3     /W-T0-1  
/D:6     /W-T2-1  /D:1     /W-T6-1  /D:1     /W-F0-1  /D:1     /W-T1-1  /T4-T1-1 /T4-T0-1 
/D:1     /W-F3-1  /D:1     /W-T5-1  /D:2     /W-T0-1  /T3-T0-1 /T3-T2-1 /T3-T1-1 /D:3     
/W-F3-1  /D:1     /W-T0-1  /T6-T0-5 /T6-F2-1 /T6-T2-1 /T6-F2-1 /T6-F1-1 /T1-F1-1 /T4-F2-1 
/T0-F1-1 /T4-F3-1 /D:1     /R       /D:1     /W-T2-1  /T6-T2-1 /D:1     /W-F0-1  /T1-F0-1 
/T0-F0-1 /T0-F3-1 /T1-F1-1 /T1-F2-1 /T1-F3-1 /D:1     /W-T5-1  /D:1     /W-T3-1  /D:1     
/W-F1-1  /D:1     /W-F3-1  /D:1     /W-F1-1  /D:1     /W-F2-1  /T3-F2-1 /T0-T2-2 /T0-F2-1 
/T1-T3-1 /T1-F3-1 /T0-F3-1 /T1-F2-1 /T0-F2-1 /T1-F3-1 /T1-F2-1 /T2-T0-5 /T2-F3-1 /T0-T2-6 
/T0-F2-1 /T5-T1-1 /T5-F3-1 /T0-F3-1 /T5-F2-1 /D:1     /W-T1-1  /D:1     /W-F0-1  /T2-F0-1 
/T2-F1-1 /T3-F0-1 /T2-F0-1 /T3-F1-1 /T2-F1-1 /T1-F1-1 /D:1     /W-F0-1  /T2-F0-1 /T1-F0-1 
/T2-F1-1 /T1-F1-1 /T2-F0-1 /T1-F0-1 /T2-F1-1 
"
1051683,J#Zr#GEl#NDnH#aqjXU#uCPIzO#piBhMVK#fbtmoyvWQsFRwgxeTSYkAcLd,132.500000,2308.000000,76.000000,0.453271,1,"
minimal: 0 / states: 149 / duration: 0.000177s
history:
/T6-T2-1 /T6-T0-1 /T3-T0-1 /T3-F2-1 /T2-T6-2 /D:3     /W-T4-1  /D:2     /W-F2-1  /D:3     
/W-T6-1  /W-T6-1  /T4-T6-2 /T0-T4-3 /T6-T0-7 /D:1     /W-T1-1  /D:5     /W-T4-1  /D:4     
/W-T0-1  /T1-T0-2 /D:3     /W-F0-1  /D:1     /W-T3-1  /D:1     /W-T1-1  /T4-T1-5 /D:1     
/W-T2-1  /R       /D:5     /W-T1-1  /D:2     /W-T1-1  /T3-T1-2 /T3-F3-1 /T5-F3-1 /T5-T3-1 
/T5-T4-1 /T5-F3-1 /T6-T4-1 /T6-F0-1 /T5-F0-1 /T0-F3-1 /T5-T6-1 /D:4     /W-T6-1  /D:1     
/W-T3-1  /D:1     /R       /D:3     /W-T5-1  /D:1     /W-T5-1  /D:1     /W-T6-1  /D:2     
/W-T3-1  /T4-T3-3 /T1-T4-1 /T1-F0-1 /T4-T1-2 /T4-F1-1 /T2-T0-1 /T2-F0-1 /T6-F0-1 /T2-F0-1 
/D:2     /W-T5-1  /R       /D:2     /W-F1-1  /T1-F1-1 /T0-F1-1 /D:1     /W-T5-1  /T6-T5-3 
/T6-F2-1 /T1-F2-1 /T0-F2-1 /T1-F3-1 /T0-F3-1 /T1-F2-1 /T5-F3-1 /T0-F2-1 /T0-F3-1 /T5-F2-1 
/T0-F2-1 /T1-T5-2 /T1-F3-1 /T0-F3-1 /T5-T1-3 /T5-F2-1 /T1-T5-4 /T1-F3-1 /T3-T0-3 /T3-F2-1 
/T3-F3-1 /T5-T1-5 /T5-F2-1 /T3-F2-1 /T1-T5-6 /T1-F3-1 /D:1     /W-F1-1  /W-F1-1  /T5-F1-1 
/T0-F1-1 /T5-F0-1 /T0-F0-1 /T5-F1-1 /T0-F1-1 /T5-F0-1 /T0-F0-1 /T5-F1-1 /T0-F1-1 /T5-F0-1 
/T0-F0-1 /T5-F1-1 
"
1051689,X#bS#PDm#kIZH#jQEzw#tdlRoV#hUvAMqL#WyNunsefKiOJBracgpGxCYTF,111.500000,931.000000,39.000000,0.652941,1,"
minimal: 0 / states: 116 / duration: 0.000142s
history:
/T6-T2-1 /T5-T4-1 /T4-T0-2 /T3-T0-1 /T0-T2-4 /T4-T0-1 /T4-T1-1 /T4-T1-1 /D:2     /W-T3-1  
/D:1     /W-F3-1  /D:2     /W-F2-1  /T5-F2-1 /T6-T5-1 /D:6     /W-F3-1  /D:4     /W-F1-1  
/D:1     /W-T5-1  /D:1     /W-T2-1  /D:1     /W-F2-1  /D:3     /W-T1-1  /D:1     /W-T0-1  
/W-T0-1  /T4-T0-1 /T6-T4-1 /T6-F0-1 /T6-T0-1 /T6-T0-1 /W-T0-1  /T1-T0-4 /T1-F1-1 /T2-T1-7 
/T5-F1-1 /T5-F2-1 /T2-T5-1 /T2-T5-1 /T3-T2-2 /T5-F3-1 /W-F2-1  /W-F0-1  /T0-F0-1 /T0-F3-1 
/T5-F0-1 /T5-F3-1 /T5-T4-1 /T5-F1-1 /T0-F0-1 /T0-F3-1 /T5-T6-1 /T6-T3-2 /D:1     /W-F3-1  
/D:1     /W-F0-1  /T0-F0-1 /T0-F3-1 /R       /D:3     /W-F2-1  /T3-F2-1 /W-F2-1  /T0-F2-1 
/T3-T0-2 /T3-T2-1 /D:1     /W-F1-1  /D:1     /W-F1-1  /T1-F1-1 /T0-F1-1 /T1-F0-1 /T0-F0-1 
/T1-F3-1 /W-F3-1  /T1-F2-1 /T1-F3-1 /T0-T4-2 /T0-F3-1 /D:2     /W-F1-1  /T4-F1-1 /T4-F2-1 
/T2-F1-1 /T2-F2-1 /T0-F2-1 /T2-F3-1 /T4-F1-1 /D:1     /W-F0-1  /W-F0-1  /T1-F0-1 /T1-F1-1 
/T4-F0-1 
"
1051704,L#pk#nPv#IbVM#TmzwD#isXHEe#gcSRZOh#txBNqjFadoJfuAUYQGylKrCW,149.500000,1943.000000,60.000000,0.489362,1,"
minimal: 0 / states: 129 / duration: 0.000162s
history:
/T6-T2-1 /T4-T5-1 /T4-T1-1 /T1-T0-2 /T6-T1-1 /T0-T6-3 /T6-T0-4 /D:1     /W-T2-1  /D:3     
/W-F3-1  /T1-F3-1 /D:1     /W-T6-1  /D:3     /W-F1-1  /D:4     /W-T2-1  /D:2     /W-F0-1  
/D:2     /W-T3-1  /D:4     /W-T4-1  /D:1     /W-T3-1  /D:1     /W-T2-1  /D:2     /W-T3-1  
/T2-T3-5 /T2-F3-1 /T2-F2-1 /T3-T2-9 /T3-T0-1 /T3-F1-1 /R       /D:1     /W-T4-1  /D:1     
/W-F0-1  /D:1     /W-T4-1  /T3-T4-1 /T4-T3-5 /D:2     /W-T2-1  /T1-T2-1 /T4-T1-1 /W-T4-1  
/T5-T4-2 /D:1     /W-F2-1  /T2-F2-1 /T6-F2-1 /T2-T5-1 /T2-F2-1 /T5-T2-2 /T5-T0-1 /T4-T0-4 
/D:1     /W-T5-1  /D:2     /W-T3-1  /D:1     /W-F3-1  /T6-F3-1 /T6-F3-1 /T6-F1-1 /T2-F1-1 
/T0-T6-3 /T0-F3-1 /T3-F3-1 /T6-T0-4 /D:2     /W-T1-1  /T5-T1-2 /T5-F2-1 /T0-T5-5 /T0-F3-1 
/T5-T0-6 /D:1     /W-F0-1  /T0-F0-1 /T0-F1-1 /T2-F0-1 /T0-F0-1 /T2-F1-1 /T0-F1-1 /T2-F2-1 
/W-F0-1  /T0-F0-1 /T2-F1-1 /T3-F0-1 /W-F2-1  /T0-F1-1 /T1-F0-1 /T2-F2-1 /T0-F2-1 /T2-F3-1 
/T1-F3-1 /T3-F1-1 /T0-F1-1 /T2-F0-1 /T0-F0-1 /T3-F2-1 /T1-F2-1 /T2-F3-1 /T0-F3-1 /T3-F1-1 
/T1-F1-1 /T2-F0-1 /T3-F2-1 
"
1051729,s#ep#WMD#ULnz#dfhOQ#CrIowV#qBxkbZH#uPRKGEiTlXtgvYcNSFAajmyJ,129.000000,3576.000000,64.000000,0.489247,1,"
minimal: 0 / states: 141 / duration: 0.000176s
history:
/T6-T5-1 /T1-T4-1 /T2-T1-1 /T1-T0-2 /T6-T1-1 /T6-T4-1 /D:2     /W-T0-1  /D:6     /W-T5-1  
/T0-T5-4 /T3-T0-1 /T3-F2-1 /T6-T3-1 /T3-T1-2 /D:1     /W-T0-1  /T6-T0-1 /T6-T5-1 /D:2     
/W-T3-1  /D:3     /W-T2-1  /D:1     /W-T6-1  /D:1     /W-F3-1  /D:1     /W-T3-1  /D:2     
/W-F0-1  /T5-F0-1 /D:1     /W-F1-1  /T4-F1-1 /T6-F1-1 /D:1     /W-T0-1  /D:3     /W-T1-1  
/T5-T1-7 /R       /D:3     /W-T2-1  /D:2     /W-T3-1  /T4-T3-2 /T4-F3-1 /T1-F3-1 /W-T4-1  
/D:1     /W-T5-1  /D:3     /W-T0-1  /T4-T0-2 /T4-T0-1 /T4-F1-1 /T2-T4-3 /T2-T4-1 /D:2     
/W-T2-1  /D:1     /W-T2-1  /R       /D:1     /W-T5-1  /D:2     /W-T2-1  /T5-T2-3 /T5-F2-1 
/T3-F2-1 /T6-F2-1 /T5-T4-1 /T5-F2-1 /T5-F0-1 /T1-F0-1 /T1-F1-1 /T3-F3-1 /T3-F0-1 /T0-F1-1 
/W-F3-1  /T1-F2-1 /T3-F3-1 /T3-F2-1 /T1-F3-1 /T2-F2-1 /T3-F3-1 /T0-T4-2 /T0-F2-1 /T1-T2-1 
/T1-F3-1 /T2-T1-2 /T2-F2-1 /T4-T0-3 /T4-F3-1 /T2-F3-1 /T0-T4-4 /T0-F2-1 /T2-F2-1 /T4-T0-5 
/T4-F3-1 /T0-T4-6 /T0-F2-1 /T1-T2-5 /T1-F3-1 /D:1     /W-F1-1  /D:1     /W-F0-1  /T4-F0-1 
/T2-F0-1 /T4-F1-1 /T2-F1-1 /T4-F0-1 /T2-F0-1 /T4-F1-1 /T2-F1-1 /T4-F0-1 /T2-F0-1 /T4-F1-1 
/T2-F1-1 /T4-F0-1 
"
1051734,z#pI#nHV#saoQ#jePTf#crCyYJ#WvANXkl#uEMUDBhRFOtKSGqgdxLZbmwi,140.000000,2976.000000,69.000000,0.604545,1,"
minimal: 0 / states: 135 / duration: 0.000173s
history:
/T6-T0-1  /T5-T6-1  /T2-T6-1  /T2-T6-1  /T2-F2-1  /D:2      /W-T4-1   /T3-T4-1  /T3-F2-1  /T3-F1-1  
/D:1      /W-T2-1   /T5-T2-1  /T6-T5-4  /D:1      /W-T1-1   /D:4      /W-T3-1   /D:3      /W-T1-1   
/T4-T1-3  /T4-T5-1  /T3-T5-2  /D:1      /W-T0-1   /D:3      /W-T5-1   /T4-T5-1  /D:3      /W-T2-1   
/D:2      /W-T3-1   /T5-T3-10 /T5-T1-1  /D:1      /W-F1-1   /D:2      /W-T6-1   /D:1      /W-T6-1   
/R        /D:1      /W-T6-1   /D:1      /W-T4-1   /D:1      /W-T3-1   /D:3      /W-T1-1   /D:3      
/W-T6-1   /D:1      /W-T5-1   /D:2      /R        /D:2      /W-T6-1   /T4-T6-2  /T1-T4-8  /T1-F2-1  
/T3-T6-2  /T3-F2-1  /T4-T0-9  /D:4      /W-T1-1   /W-T1-1   /T6-T1-10 /T6-F3-1  /T0-F3-1  /T6-F0-1  
/T1-F0-1  /T0-F0-1  /T1-F3-1  /T0-F3-1  /T5-T0-1  /T5-F2-1  /T5-F1-1  /T0-F1-1  /T1-F0-1  /T0-F0-1  
/T1-F1-1  /T0-F1-1  /T3-F3-1  /T1-F0-1  /T3-F2-1  /T1-F1-1  /T0-F2-1  /T1-F2-1  /T6-F2-1  /W-F0-1   
/W-F3-1   /T3-F3-1  /T0-F3-1  /T3-F0-1  /T3-F3-1  /W-F1-1   /T0-F0-1  /T1-F1-1  /T0-F1-1  /T1-F2-1  
/T3-F0-1  /T3-F1-1  /T6-F3-1  /T0-F0-1  /T1-F3-1  /T1-F0-1  /T2-F2-1  /T0-F1-1  /T2-F3-1  /T2-F0-1  
/T3-F2-1  /T0-F2-1  /T1-F1-1  /T3-F3-1  
"
1051757,y#Vz#GFS#aJTn#CxAUc#EuprPl#IkfDQXs#WbvtHiegmowMLZdqORjYhBNK,128.000000,2117.000000,67.000000,0.480000,1,"
minimal: 0 / states: 142 / duration: 0.000176s
history:
/T3-F2-1  /T6-T3-1  /T5-T1-1  /T6-T0-1  /D:7      /W-T3-1   /D:3      /W-F2-1   /D:1      /W-T0-1   
/D:5      /W-T3-1   /T4-T3-1  /D:6      /W-T3-1   /D:1      /W-F3-1   /D:1      /W-T1-1   /R        
/D:1      /W-T1-1   /D:2      /W-T1-1   /T4-T1-1  /T4-F0-1  /T3-F0-1  /D:1      /W-T1-1   /T2-T1-1  
/D:2      /W-T0-1   /W-T0-1   /T3-T0-5  /D:7      /W-F3-1   /T5-F3-1  /T6-F3-1  /T5-T1-1  /T5-F2-1  
/T0-T6-1  /T0-F2-1  /T6-T0-2  /T1-F2-1  /T0-T2-3  /T0-F2-1  /T2-T0-4  /T6-T2-1  /T3-T6-1  /T3-F1-1  
/T1-T3-8  /T5-T1-1  /W-T5-1   /T1-T6-2  /W-T1-1   /W-T1-1   /T6-T1-4  /T5-T2-2  /W-T5-1   /D:1      
/W-F3-1   /T3-F3-1  /T3-F2-1  /T1-F2-1  /T3-T6-1  /T3-F2-1  /T2-T6-4  /W-T2-1   /T0-T2-10 /T6-T3-6  
/D:1      /W-T4-1   /D:1      /W-T5-1   /T4-T5-2  /T4-F0-1  /D:1      /R        /D:1      /W-F1-1   
/T2-F1-1  /T2-F0-1  /T3-F1-1  /T2-F1-1  /T3-F0-1  /T2-F0-1  /T2-F3-1  /T3-F1-1  /T3-F0-1  /T3-F3-1  
/T1-F3-1  /T2-F0-1  /T3-F0-1  /T3-F3-1  /T1-F0-1  /T3-F0-1  /T2-T1-2  /T2-F3-1  /T1-T2-3  /T1-F0-1  
/T5-T3-2  /T5-F3-1  /T1-F3-1  /T5-F0-1  /D:1      /W-F1-1   /D:1      /W-F1-1   /T2-F1-1  /T2-F2-1  
/T3-F1-1  /T2-F1-1  /T3-F2-1  /T2-F2-1  /T3-F1-1  /T2-F1-1  /T3-F2-1  
"
1051802,P#jy#uIS#WLRf#JMvmC#lhqUsQ#ZBgbOdk#HVpioTtEzxaGYNXrAeDcnFKw,101.000000,1197.000000,37.000000,0.806667,1,"
minimal: 0 / states: 119 / duration: 0.000145s
history:
/T6-T1-1 /T4-T5-1 /T1-T4-2 /D:3     /W-T6-1  /D:2     /W-T0-1  /D:3     /W-T2-1  /T5-T2-2 
/D:3     /W-F1-1  /D:3     /W-F3-1  /D:2     /W-T3-1  /T6-T3-2 /T6-F3-1 /T6-F1-1 /T5-T6-1 
/D:1     /W-F0-1  /D:1     /W-T6-1  /D:1     /W-T6-1  /T0-T6-2 /T4-T0-3 /T5-T4-1 /T4-T1-2 
/D:1     /W-F1-1  /D:1     /W-F2-1  /T6-F2-1 /T3-F2-1 /T5-F2-1 /T3-F1-1 /T3-F2-1 /T6-F3-1 
/D:3     /W-T0-1  /R       /D:2     /W-T0-1  /W-T0-1  /T6-T0-4 /T6-F0-1 /T2-F0-1 /T0-F0-1 
/T0-F1-1 /T2-F3-1 /T2-F0-1 /T3-F1-1 /T3-F3-1 /T0-F2-1 /T2-F3-1 /T3-T6-1 /T2-T3-1 /T5-T3-1 
/T5-T4-1 /T4-T5-2 /T0-F1-1 /T3-F1-1 /D:1     /W-F1-1  /D:1     /W-F3-1  /T1-F3-1 /D:1     
/W-F2-1  /T2-F2-1 /T1-F2-1 /T1-F1-1 /T0-T4-2 /T0-F2-1 /T0-F1-1 /T5-F1-1 /D:1     /W-T1-1  
/D:1     /W-F2-1  /T0-F2-1 /T0-F1-1 /T1-F2-1 /D:2     /W-T5-1  /D:1     /W-T6-1  /T4-T6-3 
/D:1     /W-F0-1  /W-F0-1  /T6-F0-1 /T3-F0-1 /T6-F3-1 /T3-F3-1 /T6-F0-1 /T6-F3-1 /T5-F3-1 
/D:1     /W-F0-1  /T6-F0-1 /T5-F0-1 /T6-F3-1 
"
1051866,k#en#jls#TYha#SuRwA#HzQNBd#PFXUOgZ#miVIMqbtEKorJCvcLDGyWpfx,121.500000,1329.000000,46.000000,0.651685,1,"
minimal: 0 / states: 116 / duration: 0.000151s
history:
/T1-F2-1 /T3-F1-1 /T4-F0-1 /T4-T0-1 /T4-T2-1 /D:2     /W-T0-1  /T4-T0-1 /D:4     /W-T1-1  
/D:1     /W-F1-1  /D:1     /W-T3-1  /T4-T3-1 /T6-T4-1 /T6-T0-1 /T2-T0-2 /D:1     /W-T3-1  
/T5-T3-1 /T5-F0-1 /T5-F3-1 /T6-F3-1 /D:1     /W-T2-1  /D:1     /W-F2-1  /D:3     /W-F0-1  
/D:2     /W-F1-1  /T3-F1-1 /T5-T3-1 /T2-T5-2 /T2-T5-1 /T5-T2-4 /W-T2-1  /T6-T2-1 /T1-T0-1 
/T1-F1-1 /W-T6-1  /D:1     /W-T4-1  /T6-T4-2 /D:1     /W-F0-1  /D:1     /W-T2-1  /D:3     
/W-F2-1  /T0-F2-1 /D:1     /W-F1-1  /D:1     /R       /D:1     /W-T1-1  /D:1     /W-T4-1  
/T5-T4-1 /D:2     /W-T5-1  /D:1     /W-F2-1  /T0-T6-1 /T0-F2-1 /T6-T0-2 /T6-F3-1 /T3-F3-1 
/T0-F3-1 /T3-F0-1 /T0-F0-1 /T0-F1-1 /T3-F3-1 /T2-F0-1 /T3-F2-1 /T3-F1-1 /T3-T5-1 /T3-F3-1 
/T0-F2-1 /T2-F3-1 /T2-F2-1 /T4-F0-1 /T0-F1-1 /T4-F3-1 /T0-F2-1 /W-F0-1  /T2-F1-1 /T4-F0-1 
/T0-F1-1 /T2-F0-1 /T2-F1-1 /T1-F1-1 /D:2     /W-F3-1  /T4-F3-1 /T4-F0-1 /T5-F3-1 /T5-F0-1 
/T4-F3-1 /D:1     /W-F2-1  /W-F2-1  /T2-F2-1 
"
1051876,J#iR#AcC#lUGM#xbLBQ#qZnasE#SIoONve#KkHhzFujytmrTVfWXgPpdwYD,143.500000,3710.000000,66.000000,0.489796,1,"
minimal: 0 / states: 140 / duration: 0.000253s
history:
/T4-T5-1 /T2-T5-1 /T4-T2-1 /D:2     /W-T4-1  /T0-T4-1 /T3-T0-1 /D:12    /W-T4-1  /D:1     
/W-T3-1  /T5-T3-3 /T6-T5-1 /D:8     /W-T0-1  /D:1     /W-T1-1  /T2-T1-2 /T2-F0-1 /T1-F0-1 
/T3-F0-1 /R       /D:1     /W-T0-1  /D:1     /W-T4-1  /D:1     /W-T6-1  /T3-T6-4 /D:1     
/W-T2-1  /D:3     /W-T0-1  /T6-T0-6 /T6-F3-1 /T6-F3-1 /T6-T1-1 /T3-T6-1 /T3-T2-1 /D:2     
/W-T6-1  /D:1     /W-T3-1  /T4-T3-5 /F0-T0-1 /T4-T0-1 /T4-T2-1 /D:2     /W-T3-1  /T5-T3-2 
/T5-F1-1 /T0-F1-1 /T0-F0-1 /T5-F2-1 /T1-F2-1 /T1-F1-1 /T5-T4-1 /T1-F0-1 /T5-T1-1 /D:1     
/W-T2-1  /T6-T2-3 /W-T6-1  /T0-T6-1 /T0-F0-1 /W-T4-1  /T6-T2-3 /D:1     /W-T4-1  /D:2     
/W-F3-1  /T2-F3-1 /T1-T3-1 /T1-F3-1 /T2-T0-1 /T2-F3-1 /D:1     /W-F2-1  /T3-F2-1 /T0-F2-1 
/D:1     /W-F1-1  /T3-F1-1 /T0-F1-1 /T3-F2-1 /T2-F2-1 /T3-F3-1 /T2-F3-1 /W-F1-1  /W-F2-1  
/W-F0-1  /T0-F0-1 /T0-F1-1 /T0-F2-1 /T3-F0-1 /T1-F1-1 /T2-F0-1 /T0-F1-1 /T3-F3-1 /T2-F3-1 
/T3-F0-1 /T0-F0-1 /T3-F1-1 /T3-F0-1 /T4-F3-1 /T0-F3-1 /T0-F0-1 /T4-T3-1 /T4-F3-1 /D:1     
/W-F2-1  /T2-F2-1 /T2-F1-1 /T3-F2-1 /T2-F2-1 /T3-F1-1 
"
1051883,l#cX#SOG#jKfE#PybLn#MwJhdA#ZvkszIp#rTYtBmoqWeNgCVDuFRHUQxia,142.000000,3658.000000,47.000000,0.563830,1,"
minimal: 0 / states: 123 / duration: 0.000151s
history:
/T4-F2-1 /T5-F0-1 /T6-T5-1 /T5-T3-2 /T5-T6-1 /T2-T6-1 /T5-T1-1 /T1-T4-2 /T2-T3-1 /T3-T2-4 
/T3-T6-1 /T3-T0-1 /T6-T3-4 /T0-T6-2 /T6-T0-3 /T3-T0-5 /D:1     /W-T0-1  /D:4     /W-F0-1  
/D:1     /W-T3-1  /T4-T3-3 /D:1     /W-F2-1  /D:3     /W-T6-1  /D:1     /W-F3-1  /T2-F3-1 
/T4-T2-1 /D:2     /W-F0-1  /D:1     /W-T3-1  /D:1     /W-F0-1  /T2-T0-3 /T2-F0-1 /D:1     
/W-T3-1  /W-T3-1  /T6-T3-2 /T6-T4-1 /T5-T4-1 /D:1     /W-F0-1  /D:3     /W-T6-1  /D:3     
/W-T4-1  /D:1     /W-F1-1  /T0-F1-1 /T0-F2-1 /T1-F1-1 /T0-F1-1 /T3-F1-1 /T0-T2-1 /T0-F1-1 
/T0-F0-1 /R       /D:2     /W-T5-1  /D:1     /W-T0-1  /T2-T0-2 /D:1     /W-F2-1  /T0-F2-1 
/T3-F2-1 /T3-F1-1 /T0-T6-2 /T0-F1-1 /T4-F1-1 /W-T3-1  /D:3     /W-F0-1  /T0-F0-1 /T6-T0-4 
/T4-T6-3 /T4-F3-1 /T3-T6-3 /T3-F0-1 /D:1     /W-F3-1  /W-F3-1  /T0-F3-1 /T0-F2-1 /T6-F3-1 
/T0-F3-1 /T6-F2-1 /T0-F2-1 /T0-F1-1 /T6-F3-1 /T6-F2-1 /T6-F1-1 /W-F3-1  /T0-F0-1 /T3-F3-1 
/T3-F0-1 /T0-F1-1 /T3-F1-1 /T5-F3-1 /T5-F0-1 /D:1     /W-F2-1  /T6-F2-1 /T0-F2-1 /T6-F3-1 
"
1051920,l#UL#dFG#aRfP#ynCtB#rMvguV#HwEWjZN#xzSOKkQesJhmATYiIobXDqcp,147.000000,2487.000000,50.000000,0.627551,1,"
minimal: 0 / states: 120 / duration: 0.000147s
history:
/T6-F3-1 /T4-T3-1 /T1-T6-1 /T4-T1-1 /D:1     /W-T0-1  /D:2     /W-T1-1  /D:1     /W-F3-1  
/D:2     /W-T6-1  /D:4     /W-T6-1  /T5-T6-1 /T5-T6-1 /T5-T6-1 /T1-T5-3 /T6-T1-7 /T6-T0-1 
/T5-T0-4 /T0-T5-7 /T5-T0-8 /W-T1-1  /W-T1-1  /W-T5-1  /T4-T5-1 /T4-F2-1 /T5-T0-3 /D:2     
/W-T5-1  /T4-T5-1 /D:1     /W-F0-1  /T3-F0-1 /T3-F3-1 /T3-T2-1 /T0-F0-1 /T0-F3-1 /T3-F3-1 
/T3-F1-1 /T0-T2-1 /T0-F3-1 /D:1     /W-F3-1  /D:3     /W-T6-1  /D:1     /W-F2-1  /D:1     
/W-F1-1  /D:1     /W-T5-1  /D:1     /W-F0-1  /D:1     /W-T1-1  /D:1     /W-F1-1  /D:1     
/W-F2-1  /T1-F2-1 /T2-F2-1 /R       /D:1     /W-T3-1  /D:2     /W-T6-1  /T2-T6-2 /T1-T2-1 
/T1-F2-1 /T2-T1-2 /T2-F1-1 /T1-F1-1 /T0-F2-1 /T0-F3-1 /T6-F1-1 /D:1     /W-T3-1  /W-T3-1  
/T6-T3-4 /T6-F0-1 /T1-F0-1 /T1-F1-1 /T1-F2-1 /T3-F0-1 /T3-F1-1 /T0-F2-1 /T6-F2-1 /T6-F0-1 
/T1-F3-1 /T3-F0-1 /T3-F3-1 /T1-F0-1 /T5-F3-1 /T3-F0-1 /T3-F3-1 /T1-T5-1 /T1-F0-1 /T1-F3-1 
/T0-T3-3 /T0-F0-1 /D:1     /W-F1-1  /T3-F1-1 /T3-F2-1 /T5-F1-1 /T3-F1-1 /T5-F2-1 /T3-F2-1 
/T5-F1-1 
"
1051969,Z#Ii#tva#qmXr#ldhwY#FkQPyH#BMuVLKo#OSnfJcRUgWCjxeTDbAsNEpzG,99.000000,1296.000000,38.000000,0.656716,1,"
minimal: 0 / states: 127 / duration: 0.000142s
history:
/T2-F1-1 /T5-T1-1 /T5-T0-1 /T6-T5-1 /T6-T4-1 /D:3     /W-F2-1  /T5-F2-1 /D:5     /W-T2-1  
/D:1     /W-T1-1  /D:1     /W-T4-1  /T2-T4-2 /T2-T4-1 /D:7     /W-F1-1  /D:1     /W-F0-1  
/D:1     /W-T1-1  /D:1     /W-F3-1  /D:2     /W-F2-1  /D:1     /W-T2-1  /T4-T2-6 /T1-T4-4 
/D:1     /R       /D:1     /W-F3-1  /T5-F3-1 /T5-F3-1 /T4-T5-5 /T4-T1-1 /T4-T3-1 /T5-T0-6 
/D:1     /W-T2-1  /T3-T2-2 /T3-T6-1 /T6-T3-2 /D:2     /W-T3-1  /T6-T3-1 /T6-T3-1 /T4-T6-1 
/T3-T4-6 /T3-F2-1 /T6-T3-2 /T6-F0-1 /D:1     /W-F1-1  /T2-F1-1 /T2-F2-1 /T0-F2-1 /T5-T0-1 
/D:1     /W-F3-1  /T2-F3-1 /T2-F2-1 /T4-F2-1 /D:1     /W-F0-1  /D:2     /W-T3-1  /W-T3-1  
/T1-T3-2 /D:1     /W-F1-1  /W-F1-1  /D:1     /W-F3-1  /T2-F3-1 /T2-F2-1 /T4-F3-1 /T2-F3-1 
/T0-T4-4 /T0-F2-1 /T3-T2-3 /T3-F2-1 /T4-T0-5 /T4-F3-1 /T0-T4-6 /T0-F2-1 /T2-T3-4 /T2-F3-1 
/T0-F3-1 /T2-F2-1 /D:1     /W-F0-1  /D:1     /W-F0-1  /T4-F0-1 /T4-F1-1 /T3-F1-1 /D:1     
/W-F0-1  /T4-F0-1 /T3-F0-1 /T4-F1-1 /T3-F1-1 /T4-F0-1 /T3-F0-1 /T4-F1-1 /T3-F1-1 /T4-F0-1 
/T3-F0-1 /T4-F1-1 
"
1051993,Z#OT#txA#hHbc#vedfL#UoinEr#MkgGCjQ#XVaKINBsPuSYqWFlRpzJwyDm,111.500000,1558.000000,45.000000,0.676829,1,"
minimal: 0 / states: 120 / duration: 0.000145s
history:
/T2-F0-1 /T6-T5-1 /T6-T2-1 /T4-T0-1 /T5-T4-2 /T6-T4-1 /T4-T6-4 /T4-T5-1 /D:1     /W-T0-1  
/D:2     /W-F1-1  /D:2     /W-T2-1  /D:1     /W-F3-1  /D:1     /W-F0-1  /T6-F0-1 /D:1     
/W-T1-1  /T4-T1-1 /D:5     /W-T1-1  /T3-T1-1 /T3-F1-1 /T1-T3-5 /T1-F3-1 /T3-F1-1 /T5-F1-1 
/D:5     /W-T6-1  /D:1     /W-T1-1  /D:1     /W-T0-1  /D:3     /W-F0-1  /T5-F0-1 /T5-F2-1 
/T5-T0-1 /T5-F2-1 /T6-F2-1 /T6-T5-4 /T3-T0-5 /T0-F2-1 /T0-F1-1 /T3-T2-1 /T5-T4-5 /D:1     
/W-T3-1  /W-T3-1  /R       /D:3     /W-F3-1  /T4-F3-1 /T4-F2-1 /T4-F1-1 /T6-F1-1 /T6-T3-1 
/T0-F2-1 /T2-F1-1 /D:2     /W-T4-1  /D:1     /W-T1-1  /T2-T1-3 /T2-F2-1 /W-F2-1  /T4-T1-3 
/T4-F2-1 /D:2     /W-F0-1  /D:1     /W-T6-1  /D:1     /W-F3-1  /T1-F3-1 /T0-F3-1 /T1-F0-1 
/T0-F0-1 /T0-F1-1 /T1-F3-1 /T1-F0-1 /T1-F1-1 /T0-F0-1 /T3-F1-1 /T6-F1-1 /W-T1-1  /W-F0-1  
/W-F3-1  /T1-F3-1 /T0-F3-1 /T0-F0-1 /T6-F0-1 /T3-T0-1 /T3-F1-1 /D:1     /W-F2-1  /T1-F2-1 
/T0-F2-1 /T1-F3-1 /T0-F3-1 /T1-F2-1 
"
1060053,M#jZ#EaP#kQpd#rczUw#iGveWK#HCAoOsX#qDmFITYhLSfgRbtBnJxNuVyl,77.000000,1111.000000,42.000000,0.701493,1,"
minimal: 0 / states: 123 / duration: 0.000147s
history:
/T4-T6-1 /D:7     /W-T0-1  /T5-T0-1 /T5-T0-1 /D:2     /W-T1-1  /T6-T1-2 /T5-T6-1 /T4-T5-1 
/T5-T0-2 /T5-T0-1 /T5-T1-1 /T4-T5-1 /D:1     /W-T0-1  /D:6     /W-T2-1  /D:1     /W-F2-1  
/D:3     /W-F3-1  /D:1     /W-T1-1  /D:3     /W-T5-1  /R       /D:1     /W-T6-1  /T2-T6-2 
/T2-F1-1 /T3-T2-1 /T3-T2-1 /T2-T0-3 /T1-T2-6 /D:4     /W-T1-1  /D:1     /W-T2-1  /T6-T2-5 
/T6-F3-1 /T6-F2-1 /T6-F0-1 /T2-F0-1 /T2-F3-1 /T3-F3-1 /T6-F0-1 /T4-T2-1 /T0-F2-1 /D:1     
/W-T1-1  /D:2     /W-T6-1  /D:1     /W-F3-1  /D:1     /W-F1-1  /T2-F1-1 /T0-F1-1 /T2-F2-1 
/T4-F2-1 /T2-F1-1 /T2-F2-1 /W-F1-1  /T6-F1-1 /T1-F1-1 /W-T2-1  /W-T4-1  /W-F0-1  /T0-F0-1 
/T0-F3-1 /T2-F0-1 /T0-F0-1 /T2-F3-1 /T6-F0-1 /T0-F3-1 /T1-F0-1 /D:1     /W-F2-1  /T2-F2-1 
/T0-F2-1 /T2-F1-1 /T1-F1-1 /T2-F2-1 /T3-F1-1 /T5-F1-1 /T4-F1-1 /D:1     /W-F0-1  /D:1     
/W-F2-1  /D:1     /W-F3-1  /T0-F3-1 /T0-F0-1 /T2-F3-1 /T0-F3-1 /T2-F0-1 /T0-F0-1 /T2-F3-1 
/D:1     /W-F2-1  /T5-F2-1 
"
1060061,F#sA#auk#VxDL#eQMEW#SypKfo#YgzbUhw#ZGdmvlXnRPBHrTJqNCijOItc,131.000000,2448.000000,47.000000,0.603448,1,"
minimal: 0 / states: 123 / duration: 0.000152s
history:
/T1-F0-1 /T6-T2-1 /T2-T3-2 /D:2     /W-T6-1  /D:3     /W-T4-1  /T6-T4-2 /D:3     /W-F2-1  
/T5-F2-1 /T5-T4-1 /T4-T5-5 /T4-T5-1 /D:1     /W-T0-1  /D:2     /W-F0-1  /D:3     /W-T2-1  
/T0-T2-2 /T4-T0-1 /T4-T5-1 /T4-T1-1 /D:2     /W-T1-1  /D:1     /W-F3-1  /D:1     /W-F0-1  
/D:1     /W-T3-1  /T2-T3-4 /T2-F1-1 /D:2     /W-F3-1  /D:2     /W-T6-1  /D:1     /W-T1-1  
/R       /D:1     /W-T2-1  /T3-T2-8 /T3-F0-1 /D:2     /W-T4-1  /D:1     /W-T0-1  /T5-T0-8 
/T5-F2-1 /T5-T4-1 /T5-T6-1 /D:1     /W-T4-1  /D:1     /W-F3-1  /T0-F3-1 /T0-F0-1 /T2-F3-1 
/T2-F0-1 /T6-F3-1 /T2-F3-1 /T0-T6-1 /T0-F0-1 /T6-T0-2 /T6-F3-1 /T6-F1-1 /T1-F1-1 /T1-F2-1 
/W-F1-1  /T1-F1-1 /T6-T5-1 /T6-T2-1 /T3-T6-1 /T0-F1-1 /T2-F1-1 /T3-F3-1 /T6-T5-2 /D:1     
/W-F0-1  /D:1     /W-F2-1  /T1-F2-1 /T0-F2-1 /T0-F1-1 /T2-F2-1 /T0-F2-1 /T2-F1-1 /T2-F2-1 
/T0-F3-1 /T4-F3-1 /T5-F2-1 /T4-F2-1 /T5-F3-1 /T5-F2-1 /T2-T4-2 /T2-F3-1 /D:1     /W-T4-1  
/D:1     /W-F1-1  /D:1     /W-F0-1  /T4-F0-1 /T0-F0-1 /T4-F1-1 /T0-F1-1 /T4-F0-1 /T0-F0-1 
/T4-F1-1 
"
1060133,L#qF#nNJ#AUIf#tDBhx#WcElrV#iSTmvda#uyMoskRGZjCHKXPQgwYOpbez,94.500000,721.000000,36.000000,0.750000,1,"
minimal: 0 / states: 128 / duration: 0.000162s
history:
/T6-F1-1  /T5-T2-1  /T6-T5-1  /T5-T3-2  /T4-T5-1  /T4-T6-1  /D:1      /W-T2-1   /D:5      /W-T0-1   
/T2-T0-3  /T2-F3-1  /T2-F2-1  /D:1      /W-T1-1   /D:1      /W-T6-1   /T3-T6-3  /D:1      /W-T2-1   
/T0-T2-5  /D:1      /W-T5-1   /T6-T5-6  /T6-T0-1  /T6-T2-1  /T1-T2-2  /T1-T2-1  /D:1      /W-T5-1   
/D:4      /W-T2-1   /T4-T2-1  /D:5      /W-F3-1   /D:2      /W-F1-1   /D:2      /W-T1-1   /T5-T1-10 
/T5-T6-1  /T5-F1-1  /T3-T5-1  /T3-T5-1  /T3-F0-1  /T2-F0-1  /T1-F0-1  /T4-F0-1  /T6-T4-2  /T1-F1-1  
/T2-F3-1  /T4-F0-1  /W-F1-1   /T1-T4-1  /T1-F1-1  /T4-T5-3  /R        /D:1      /W-T0-1   /D:1      
/W-T3-1   /D:1      /W-F2-1   /D:2      /W-T6-1   /D:2      /W-T0-1   /D:1      /W-F3-1   /D:1      
/W-F1-1   /D:1      /W-T0-1   /T6-T0-2  /D:1      /W-T3-1   /W-T3-1   /T5-T3-6  /D:1      /W-F2-1   
/T2-F2-1  /T2-F3-1  /T2-F0-1  /T3-F2-1  /T3-F3-1  /T1-F0-1  /W-F2-1   /T2-F3-1  /T0-F0-1  /T3-F2-1  
/T1-F1-1  /T2-F2-1  /T0-F1-1  /T3-F3-1  /T1-F2-1  /T2-F3-1  /T0-F2-1  /T3-F0-1  /T1-F1-1  /T2-F0-1  
/T2-F1-1  /T3-F3-1  /T0-F3-1  /T1-F2-1  /T0-F2-1  /T3-F0-1  /T1-F1-1  /T2-F0-1  /T0-F1-1  /T3-F3-1  
/T1-F2-1  /T2-F3-1  /T3-F0-1  
"
1060135,E#zs#miB#jaCl#cQIdN#uSghVU#peXWqMx#OFPYvDToHtKbZJrGknLfAywR,135.500000,4187.000000,49.000000,0.697115,1,"
minimal: 0 / states: 123 / duration: 0.000156s
history:
/T4-F3-1 /T6-T3-1 /T3-T6-2 /T4-T0-1 /T5-T4-1 /T3-T0-1 /T3-F1-1 /T4-T3-2 /T3-T6-3 /T6-T3-6 
/D:1     /W-F3-1  /D:2     /W-T6-1  /T2-T6-1 /D:6     /W-T2-1  /D:1     /W-T3-1  /D:2     
/W-F1-1  /D:6     /W-F2-1  /D:2     /W-T3-1  /T0-T3-3 /D:1     /W-F0-1  /T6-F0-1 /T3-F0-1 
/T6-F3-1 /T4-F3-1 /T4-F1-1 /T3-F1-1 /D:3     /W-T1-1  /T6-T1-1 /R       /D:3     /W-T6-1  
/D:1     /W-F0-1  /T3-F0-1 /D:1     /W-T2-1  /T1-T2-3 /W-T1-1  /W-F0-1  /D:1     /W-F2-1  
/D:1     /W-T1-1  /T6-T1-2 /D:1     /W-T0-1  /D:1     /W-T6-1  /T5-T6-1 /T5-T1-1 /D:1     
/W-T3-1  /D:1     /W-F0-1  /D:2     /W-T0-1  /T6-T0-3 /T6-F1-1 /T6-F2-1 /T2-F2-1 /T2-F3-1 
/T3-F2-1 /T2-F2-1 /T3-F1-1 /T5-F1-1 /T5-F3-1 /T2-F3-1 /T2-F0-1 /T3-F2-1 /T1-F1-1 /T3-F3-1 
/T3-F0-1 /T5-F2-1 /T0-F3-1 /T1-F2-1 /T1-F3-1 /T2-F1-1 /T0-F0-1 /T3-F1-1 /T1-F0-1 /T0-F3-1 
/T0-F0-1 /T1-F3-1 /T0-F3-1 /W-F1-1  /T3-T1-2 /T3-F0-1 /D:1     /W-T2-1  /D:1     /W-F2-1  
/T1-F2-1 /T1-F1-1 /T2-F2-1 /T1-F2-1 /T2-F1-1 
"
1060186,x#fd#sNg#tWJU#RHmju#ilKwOM#hArovPZ#SqnQIbVYGkFTLByECecDzpXa,152.000000,3531.000000,50.000000,0.623810,1,"
minimal: 0 / states: 117 / duration: 0.000158s
history:
/T2-T4-1 /T2-F3-1 /T2-T4-1 /T6-T2-1 /D:3     /W-F2-1  /D:5     /W-T5-1  /T0-T5-1 /T5-T0-3 
/T5-F3-1 /T6-F3-1 /T3-T6-1 /W-T3-1  /T4-T3-3 /T6-T4-2 /T6-F2-1 /T4-T0-3 /T1-T6-1 /T6-T1-2 
/T6-F0-1 /D:1     /W-T0-1  /T1-T0-3 /T4-T1-1 /D:3     /W-T4-1  /W-T4-1  /D:1     /W-T1-1  
/W-T1-1  /T5-T1-1 /D:1     /W-F0-1  /D:1     /W-T2-1  /D:2     /W-F0-1  /D:1     /W-T3-1  
/D:2     /W-F0-1  /D:2     /W-F2-1  /D:1     /W-T2-1  /T3-T2-6 /T3-T5-1 /T3-T6-1 /W-T3-1  
/D:1     /W-F1-1  /R       /D:1     /W-T6-1  /D:1     /W-F2-1  /D:1     /W-F3-1  /D:1     
/W-T5-1  /T6-T5-3 /D:1     /W-F1-1  /D:1     /W-F0-1  /T4-F0-1 /D:1     /W-F1-1  /T0-F1-1 
/T0-F2-1 /T2-F1-1 /T0-F1-1 /T0-F0-1 /T2-F2-1 /T2-F1-1 /T4-T2-1 /T4-F0-1 /T4-F3-1 /T5-F3-1 
/T2-F3-1 /T5-F2-1 /T0-F3-1 /T2-F2-1 /T2-F3-1 /T5-F1-1 /T0-F2-1 /T5-F0-1 /T5-F3-1 /T1-F2-1 
/T2-F0-1 /T2-F3-1 /T5-F0-1 /T5-T3-1 /T5-F1-1 /T0-F1-1 /T0-F2-1 /T0-F3-1 /T1-F1-1 /T1-F0-1 
/T2-F2-1 /T2-F3-1 /T3-F1-1 /T0-F0-1 /T1-F1-1 /T3-F2-1 
"
1060213,v#FI#Dzp#UZPa#BSNcu#nXysLq#fjKOiGe#MQCkEAdWrTHVwoJRlYxhmtbg,181.500000,3210.000000,61.000000,0.543478,1,"
minimal: 0 / states: 129 / duration: 0.000217s
history:
/T3-F1-1  /T5-T6-1  /T3-T6-1  /T5-T3-1  /T6-T5-3  /D:4      /W-T3-1   /D:2      /W-F0-1   /D:4      
/W-T4-1   /T5-T4-4  /D:3      /W-T3-1   /W-T3-1   /T4-T3-6  /D:1      /W-T3-1   /D:6      /W-T0-1   
/T6-T0-1  /D:3      /W-F1-1   /T4-F1-1  /T4-F3-1  /T4-T0-1  /T4-F0-1  /T3-T4-12 /W-T3-1   /T3-T1-2  
/W-T3-1   /T5-T3-1  /T5-T3-1  /T5-F2-1  /T4-F2-1  /T2-F2-1  /T2-T5-1  /T4-T2-1  /T4-F2-1  /T2-T4-2  
/D:1      /R        /D:1      /W-T2-1   /D:2      /W-F0-1   /D:1      /W-T0-1   /W-T0-1   /D:1      
/W-F1-1   /D:2      /W-F2-1   /D:1      /W-T6-1   /D:1      /W-T3-1   /T6-T3-2  /T6-F3-1  /T4-F3-1  
/T0-F3-1  /T4-F0-1  /T0-F0-1  /T4-F1-1  /W-T6-1   /T1-T6-3  /T1-F0-1  /T4-F2-1  /T6-F2-1  /T4-T3-1  
/T4-F2-1  /D:1      /W-F3-1   /T0-F3-1  /T3-F3-1  /T0-F0-1  /T6-F3-1  /T3-F0-1  /T4-F3-1  /T6-F0-1  
/T6-F3-1  /T3-T4-1  /T3-F0-1  /T6-F0-1  /T3-F3-1  /T4-T3-3  /T4-F0-1  /T2-F0-1  /T0-T6-2  /D:1      
/W-T5-1   /D:1      /W-F3-1   /T4-F3-1  /D:1      /W-T5-1   /T6-T5-3  /T6-F1-1  /D:1      /W-F1-1   
/T5-F1-1  /T3-F1-1  /T5-F2-1  /T3-F2-1  /T5-F1-1  /T3-F1-1  /T5-F2-1  /T3-F2-1  /T5-F1-1  /T3-F1-1  
/T5-F2-1  
"
1060451,X#Vs#Mwh#oxcZ#FgBjl#nCOAui#KGYDNrt#EHSQUmzeJdRyavTpIbWLqfkP,140.000000,3916.000000,60.000000,0.546875,1,"
minimal: 0 / states: 134 / duration: 0.000163s
history:
/T6-T2-1  /D:2      /W-T5-1   /D:1      /W-T2-1   /T6-T2-1  /T6-F3-1  /D:1      /W-T2-1   /D:4      
/W-T1-1   /T6-T1-1  /D:1      /W-T0-1   /T5-T0-2  /D:3      /W-T3-1   /T0-T3-4  /T3-T0-6  /T3-T1-1  
/T3-T4-1  /T3-T1-1  /D:1      /W-F1-1   /D:2      /W-T0-1   /T1-T0-5  /T5-T1-1  /T5-F0-1  /T5-F3-1  
/T5-T2-1  /T5-F2-1  /T0-F2-1  /D:1      /W-F2-1   /D:2      /W-F1-1   /T0-F1-1  /D:1      /W-T4-1   
/W-T4-1   /T2-T4-6  /T1-T2-2  /D:2      /W-F2-1   /D:3      /W-F3-1   /R        /D:3      /W-T1-1   
/D:1      /W-T3-1   /T4-T3-10 /D:1      /W-F1-1   /D:2      /W-T4-1   /D:1      /W-T1-1   /D:2      
/W-T1-1   /T2-T1-3  /T6-T2-1  /W-T6-1   /R        /D:1      /W-T6-1   /T3-T6-2  /T3-F2-1  /D:1      
/W-T4-1   /T6-T4-5  /T4-T6-8  /T4-F0-1  /T6-F0-1  /T0-F0-1  /T0-F1-1  /T6-F3-1  /T6-F0-1  /T6-F1-1  
/T4-F1-1  /T0-F2-1  /T4-F0-1  /T6-F0-1  /T0-T1-1  /T0-F0-1  /T3-T6-2  /T3-F1-1  /T0-F1-1  /T3-F0-1  
/T0-F0-1  /T6-T3-4  /T6-F1-1  /T6-F0-1  /T1-T0-4  /T1-F1-1  /T1-F0-1  /T3-T2-6  /T3-F1-1  /T1-F1-1  
/T2-T3-7  /T2-F0-1  /D:1      /W-F3-1   /T3-F3-1  /T0-F3-1  /T3-F2-1  /T0-F2-1  /T3-F3-1  /T0-F3-1  
/T3-F2-1  /T0-F2-1  /T3-F3-1  /T0-F3-1  /T3-F2-1  /T0-F2-1  /T3-F3-1  /T0-F3-1  /T3-F2-1  
"
1060492,V#Mc#Eux#HoIw#pOqUn#LsSihC#BPyjYzt#RZlmadGfeFTvAbDQgkrWJXKN,140.000000,3013.000000,47.000000,0.620879,1,"
minimal: 0 / states: 119 / duration: 0.000153s
history:
/T4-F2-1 /T6-T4-1 /T0-T3-1 /T6-T0-1 /T6-T0-1 /T6-T2-1 /T2-T0-2 /T2-T3-1 /D:5     /W-F1-1  
/D:1     /W-T2-1  /T5-T2-1 /D:1     /W-T5-1  /D:1     /W-T4-1  /T2-T4-3 /W-T2-1  /T6-T2-1 
/D:3     /W-T3-1  /W-T3-1  /W-T3-1  /D:1     /W-T0-1  /T5-T0-2 /D:1     /W-F0-1  /D:1     
/W-F1-1  /T1-F1-1 /W-T1-1  /D:1     /W-T3-1  /T6-T3-1 /T6-F0-1 /T4-F0-1 /T4-F1-1 /W-T6-1  
/D:1     /W-T4-1  /D:2     /W-T2-1  /T3-T2-8 /T4-T3-5 /T2-T4-1 /T2-F0-1 /T4-T2-2 /D:5     
/W-T1-1  /D:1     /W-F3-1  /T4-F3-1 /T2-F3-1 /T3-F3-1 /T3-F0-1 /R       /D:1     /W-F3-1  
/D:2     /W-T3-1  /D:1     /W-T1-1  /T3-T1-5 /T3-F2-1 /T4-F2-1 /T2-F2-1 /T1-F2-1 /T2-F1-1 
/T1-F1-1 /T2-F0-1 /T0-F0-1 /T3-F0-1 /W-F1-1  /T0-F1-1 /T5-F1-1 /T5-F3-1 /T5-F2-1 /T1-F2-1 
/T2-F3-1 /T1-F3-1 /T1-F0-1 /T2-F2-1 /T0-F2-1 /T0-F1-1 /T2-F3-1 /T1-F3-1 /T2-F2-1 /T0-F2-1 
/T2-F1-1 /T2-F2-1 /T1-T0-1 /T1-F1-1 /T2-F1-1 /T0-T1-2 /T0-F2-1 /T5-T6-1 /D:1     /W-F0-1  
/T1-F0-1 /T6-F0-1 /D:1     /W-F3-1  /T1-F3-1 /T1-F0-1 /T6-F3-1 
"
1060573,d#xB#Sbl#Xhuj#piDMf#kPRzNg#aHIrqLw#GAnJTsYZtOFUEWCyvmoQVceK,129.500000,4753.000000,69.000000,0.439394,1,"
minimal: 0 / states: 143 / duration: 0.000177s
history:
/D:2     /W-F0-1  /T1-F0-1 /T3-T1-1 /T5-T3-1 /T5-F3-1 /T2-T5-1 /T1-T5-2 /T5-T1-4 /D:1     
/W-F2-1  /D:3     /W-T3-1  /T5-T3-1 /D:4     /W-F3-1  /T5-F3-1 /T6-T5-1 /T5-T6-2 /D:3     
/W-T4-1  /T0-T4-1 /D:2     /W-T4-1  /T2-T4-1 /D:2     /W-T1-1  /D:1     /W-T0-1  /T6-T0-3 
/T6-T3-1 /T6-T2-1 /D:1     /W-F2-1  /D:1     /W-F3-1  /D:1     /W-T0-1  /T3-T0-5 /T3-T1-1 
/D:1     /W-T0-1  /D:2     /R       /D:1     /W-T1-1  /T4-T1-5 /T4-T5-1 /D:1     /W-T3-1  
/D:2     /W-T5-1  /D:4     /W-T6-1  /D:4     /W-T5-1  /R       /D:3     /W-T6-1  /T2-T6-2 
/W-T2-1  /D:2     /W-T5-1  /T6-T5-5 /D:1     /W-T2-1  /T3-T2-2 /D:1     /R       /D:1     
/W-T6-1  /D:1     /W-T6-1  /D:1     /W-T6-1  /T4-T6-1 /T4-T2-1 /T6-T2-5 /T6-F1-1 /T1-F1-1 
/T0-F1-1 /T1-F0-1 /T2-F0-1 /T4-F2-1 /T0-F2-1 /T0-F3-1 /T1-F1-1 /T1-F0-1 /T2-F1-1 /T2-F0-1 
/T5-F2-1 /T0-F2-1 /T1-F1-1 /T0-F1-1 /T5-F3-1 /T1-F0-1 /T2-F3-1 /T2-F0-1 /T5-F2-1 /T0-F2-1 
/T1-F1-1 /T2-F1-1 /T5-F3-1 /T0-F3-1 /T1-F2-1 /T0-F2-1 /T5-F0-1 /T1-F1-1 /T2-F0-1 /T0-F1-1 
/T5-F3-1 /T1-F2-1 /T2-F3-1 /T2-F2-1 /T5-F0-1 /T0-F0-1 /T1-F1-1 /T0-F1-1 /T5-F3-1 /T1-F2-1 
/T2-F3-1 /T5-F0-1 
"
1060576,j#nu#EPl#WDJw#sTYvC#FSpgfL#ZdhHrmc#aAiQxzXKqtVBekGbyRoIOMUN,204.000000,2359.000000,57.000000,0.553097,1,"
minimal: 0 / states: 131 / duration: 0.000158s
history:
/D:1     /W-F1-1  /D:1     /W-F0-1  /D:1     /W-T3-1  /T1-T3-1 /T1-F2-1 /D:2     /W-T2-1  
/T0-T2-1 /D:1     /W-T0-1  /T2-T0-3 /D:1     /W-T5-1  /T3-T5-3 /D:4     /W-T3-1  /D:1     
/W-F0-1  /T4-F0-1 /T4-T0-1 /D:4     /W-F1-1  /T6-F1-1 /T5-T6-5 /T6-T1-6 /T6-T5-1 /T6-T3-1 
/T6-T0-1 /T6-F1-1 /W-T0-1  /T5-T0-2 /T5-T1-1 /F1-T0-1 /T5-T0-1 /D:1     /W-T6-1  /W-T6-1  
/T3-T6-3 /T3-F0-1 /D:2     /W-F2-1  /T0-F2-1 /T0-F1-1 /D:1     /W-T3-1  /D:3     /W-T3-1  
/D:1     /W-F3-1  /R       /D:1     /W-T0-1  /D:1     /W-T4-1  /T3-T4-3 /D:1     /W-F2-1  
/D:1     /W-T4-1  /T5-T4-1 /T5-T1-1 /D:1     /W-F1-1  /T0-T4-2 /T0-F1-1 /D:1     /W-T1-1  
/F0-T1-1 /T2-T1-1 /T4-T2-1 /T4-F2-1 /T2-T4-2 /D:1     /W-F3-1  /T1-F3-1 /T1-F0-1 /T4-F3-1 
/T1-F3-1 /T4-F0-1 /T1-F0-1 /T4-F3-1 /T0-F0-1 /T1-F1-1 /T0-F1-1 /T6-F0-1 /T4-T0-2 /T4-F0-1 
/T1-T6-1 /T1-F1-1 /T0-T4-3 /T0-F1-1 /T6-T1-2 /T6-F0-1 /T6-F1-1 /T4-T0-4 /T4-F0-1 /T0-T4-5 
/T0-F1-1 /T4-T0-6 /T4-F3-1 /T4-F2-1 /T0-F2-1 /T0-F3-1 /T1-F2-1 /T0-F2-1 /T1-F3-1 /T0-F3-1 
/T1-F2-1 /T0-F2-1 /T1-F3-1 /T0-F3-1 /T1-F0-1 /T6-F2-1 /T0-F2-1 /T1-F1-1 /T6-F3-1 /D:1     
/W-F0-1  
"
1060952,p#YL#iTk#QGOm#obrJA#vzuFRc#gWxDyEn#jdKIMaXfhePHSVNsUCqtwZBl,112.000000,227.000000,44.000000,0.650000,0,"
minimal: 0 / states: 448914 / duration: 1.660757s
history:
/T4-F0-1 /T6-F2-1 /D:2     /W-T6-1  /T0-T6-1 /T3-T0-1 /T3-T6-1 /T1-T0-1 /D:1     /W-T1-1  
/D:3     /W-F1-1  /D:2     /W-T3-1  /T4-T2-1 /T4-T3-1 /T4-F1-1 /T4-F2-1 /T5-F1-1 /D:6     
/W-T2-1  /D:1     /W-F3-1  /T6-F3-1 /T6-F2-1 /T2-T0-3 /D:1     /W-T2-1  /D:2     /W-T6-1  
/D:1     /W-F2-1  /T3-F2-1 /T5-T2-1 /T2-T5-1 /T2-F2-1 /D:1     /W-F2-1  /T5-T2-2 /T5-F2-1 
/T5-T4-1 /T5-F2-1 /D:1     /W-F2-1  /D:1     /W-T5-1  /D:1     /W-F0-1  /T6-F0-1 /T6-F1-1 
/T6-T3-1 /T6-T5-1 /T6-F0-1 /T3-F0-1 /T6-F2-1 /T5-F2-1 /T4-F2-1 /D:1     /R       /D:2     
/W-T6-1  /D:4     /W-F1-1  /T3-F1-1 /D:1     /W-F3-1  /D:1     /W-T0-1  /D:1     /W-T3-1  
/D:1     /W-T6-1  /T3-T6-2 /T3-F3-1 /T2-F3-1 /T2-F0-1 /T6-F3-1 /T2-F3-1 /T6-F0-1 /T0-F0-1 
/T6-F3-1 /T0-F3-1 /T6-F0-1 /T0-F0-1 /T1-F0-1 /T6-F3-1 /T6-F1-1 /D:1     /R       /D:3     
/W-F3-1  /T1-F3-1 /T5-F3-1 /D:1     /W-F1-1  /T2-F1-1 /D:1     /R       /D:1     /W-F1-1  
/T0-F1-1 /T0-F0-1 /D:1     /W-F0-1  /D:1     /W-F1-1  /T0-F1-1 
"
1061047,e#ng#jml#pCZs#IDMiH#SJQOfA#aWuKoxV#vYtwbFqXRULTcrGdyzNEBhkP,111.500000,3570.000000,60.000000,0.482759,1,"
minimal: 0 / states: 137 / duration: 0.000123s
history:
/T5-F0-1 /T4-T6-1 /T3-T1-1 /T1-T6-2 /T1-F2-1 /T3-T1-1 /T0-T6-1 /D:5     /W-T3-1  /D:2     
/W-T6-1  /D:4     /W-T1-1  /D:2     /W-T6-1  /D:1     /W-T5-1  /D:2     /W-T5-1  /T3-T5-2 
/D:2     /W-T0-1  /T2-T0-1 /W-T2-1  /D:1     /W-F3-1  /D:2     /W-F0-1  /T5-T3-1 /T5-F0-1 
/T3-T5-2 /T2-T3-2 /D:2     /W-T1-1  /D:1     /R       /D:1     /W-T2-1  /D:3     /W-T1-1  
/T6-T1-7 /T6-T0-1 /T6-F2-1 /T2-T0-2 /D:2     /W-T3-1  /D:2     /W-T0-1  /D:2     /W-T0-1  
/T5-T0-5 /T5-F3-1 /D:3     /W-F3-1  /T5-F3-1 /T4-T5-1 /T4-T2-1 /T4-F0-1 /T5-T3-2 /W-T4-1  
/W-F0-1  /R       /D:1     /W-T2-1  /T6-T2-1 /T6-T3-1 /T6-T2-1 /T6-F1-1 /T0-F1-1 /T0-F2-1 
/T1-F1-1 /T0-F1-1 /T1-F2-1 /T0-F2-1 /T1-F1-1 /T0-F1-1 /T1-F2-1 /T1-F1-1 /T4-F1-1 /T4-T2-1 
/T5-T0-1 /D:1     /W-F2-1  /T3-F2-1 /T3-F1-1 /T0-T2-3 /T0-F2-1 /T0-F1-1 /T1-T3-2 /T1-F2-1 
/T0-F2-1 /T1-F1-1 /T0-F1-1 /T3-T1-4 /T3-F2-1 /T0-F2-1 /T3-F1-1 /D:1     /W-F0-1  /D:1     
/W-F3-1  /T2-F3-1 /T2-F0-1 /T1-F0-1 /D:1     /W-F3-1  /T2-F3-1 /T1-F3-1 /T2-F0-1 /T1-F0-1 
/T2-F3-1 /T1-F3-1 /T2-F0-1 /T1-F0-1 /T2-F3-1 /T1-F3-1 /T2-F0-1 
"
1061064,q#HA#wQj#FuCV#nrEsy#hNmPdO#ftWxDRJ#vTBbcMLlazUeSGXpkgZYoiKI,124.500000,366.000000,38.000000,0.715909,0,"
minimal: 0 / states: 24933282 / duration: 67.950730s
history:
/T1-F0-1  /D:1      /W-T2-1   /D:1      /W-T1-1   /D:1      /W-F0-1   /T3-T6-1  /D:1      /W-T3-1   
/D:1      /W-T0-1   /T1-T6-2  /D:1      /W-T1-1   /D:2      /W-T1-1   /D:1      /W-F1-1   /T3-F1-1  
/T0-F1-1  /T5-T3-1  /T5-F1-1  /D:2      /W-T2-1   /D:1      /W-F1-1   /D:5      /W-T4-1   /T6-T4-4  
/T5-T0-1  /T4-T5-6  /T4-T5-1  /T6-T5-1  /T6-T5-1  /T6-T1-1  /T6-T1-1  /T6-T2-1  /T6-F1-1  /T5-T6-10 
/T5-F3-1  /T3-F3-1  /T3-F0-1  /T6-F0-1  /T4-F0-1  /D:1      /W-F1-1   /T5-F1-1  /D:3      /W-T0-1   
/D:1      /W-F1-1   /T2-T1-3  /T2-F1-1  /D:2      /R        /D:2      /W-T5-1   /D:1      /W-T1-1   
/T4-T1-1  /T4-F2-1  /T0-F2-1  /T0-F3-1  /T2-F3-1  /T6-F3-1  /D:3      /W-F2-1   /T0-F2-1  /T1-F2-1  
/T1-F3-1  /T6-F2-1  /T1-F2-1  /T6-F3-1  /T1-F3-1  /T3-F2-1  /T3-F0-1  /T1-F2-1  /T2-F2-1  /D:4      
/W-T1-1   /R        /D:2      /W-F0-1   /T6-F0-1  /T1-F0-1  /T6-F3-1  /T1-F3-1  /T1-F2-1  /T6-F0-1  
/T6-F1-1  /T1-F1-1  /T6-F2-1  /T5-F2-1  /T6-F1-1  /D:1      /W-F3-1   /D:2      /W-F3-1   /D:1      
/W-F0-1   /R        /D:1      /W-F0-1   /T1-F0-1  /D:1      /W-F3-1   
"
1061137,P#aH#chm#VIAF#WXzkq#osEOvw#TYbrjgR#LJZBCiyufnpGUSxMDdtNeKQl,145.000000,1813.000000,57.000000,0.542105,1,"
minimal: 0 / states: 131 / duration: 0.000159s
history:
/T6-T3-1 /T6-T1-1 /T4-T3-1 /T5-T4-1 /T5-T6-1 /T3-T1-3 /T3-F0-1 /T0-T1-1 /T2-T0-1 /T2-T3-1 
/D:1     /W-T0-1  /T4-T0-2 /D:3     /W-F0-1  /D:1     /W-F0-1  /D:1     /W-T0-1  /T1-T0-6 
/T1-F1-1 /T4-T1-1 /D:4     /W-F2-1  /D:2     /W-T3-1  /D:1     /W-T6-1  /D:1     /W-T3-1  
/D:3     /W-F0-1  /D:2     /W-T6-1  /D:1     /W-F3-1  /T5-F3-1 /T5-F0-1 /T0-F3-1 /T0-T5-2 
/T0-F0-1 /T5-T0-3 /T5-F2-1 /T3-T6-1 /T3-F0-1 /T2-T0-1 /D:3     /W-F3-1  /D:1     /W-T1-1  
/W-T1-1  /T6-T1-5 /T6-T1-1 /T6-F1-1 /T0-F1-1 /R       /D:1     /W-T4-1  /D:1     /W-T2-1  
/D:1     /W-T2-1  /T4-T2-2 /T3-T4-2 /T3-T2-1 /D:1     /W-T2-1  /T0-T2-4 /T0-F0-1 /D:2     
/W-F2-1  /T2-F2-1 /T2-F3-1 /T1-F2-1 /T1-F3-1 /T2-F2-1 /T1-F2-1 /D:1     /W-T6-1  /T4-T6-3 
/D:1     /W-T3-1  /T6-T3-5 /T6-F3-1 /T1-F3-1 /T2-T0-2 /T2-F3-1 /T3-T1-1 /T3-F0-1 /T2-F0-1 
/T3-F3-1 /T2-F3-1 /T1-T3-3 /T1-F0-1 /T0-T2-5 /T0-F0-1 /T3-T1-4 /T3-F3-1 /T3-F0-1 /T2-T0-6 
/T2-F3-1 /D:1     /W-F1-1  /D:1     /W-F1-1  /W-F1-1  /T0-F1-1 /T0-F2-1 /T1-F1-1 /T0-F1-1 
/T1-F2-1 /T0-F2-1 /T1-F1-1 /T0-F1-1 /T1-F2-1 /T0-F2-1 /T1-F1-1 /T0-F1-1 /T1-F2-1 
"
1061145,c#tb#QJd#HCZP#evmRX#LihwoW#FVjDBMp#IKAyxaszTgGuUOEnqYSNkrlf,148.500000,369.000000,37.000000,0.671429,0,"
minimal: 0 / states: 2278628 / duration: 7.789811s
history:
/D:1     /W-T5-1  /D:2     /W-F0-1  /D:3     /W-F1-1  /T1-F1-1 /T0-F1-1 /D:2     /W-T0-1  
/D:5     /W-T5-1  /D:1     /W-T6-1  /D:2     /W-F2-1  /D:2     /W-T0-1  /D:1     /W-T1-1  
/D:1     /W-F3-1  /T6-F3-1 /T3-F3-1 /T6-T2-1 /D:3     /W-T6-1  /D:1     /R       /D:1     
/W-T6-1  /T5-T6-3 /T5-F2-1 /T2-F2-1 /T2-F1-1 /T2-T4-1 /T2-F3-1 /D:1     /W-T3-1  /T4-T3-2 
/T4-F3-1 /T1-F3-1 /T3-T2-4 /T1-T6-1 /T6-T1-7 /T6-F0-1 /T3-F0-1 /T6-F0-1 /D:1     /W-T0-1  
/D:2     /W-F3-1  /D:1     /W-T3-1  /D:3     /W-F0-1  /D:1     /W-F2-1  /D:2     /W-F2-1  
/T6-T0-1 /T6-T5-1 /T6-F0-1 /T4-T6-1 /T4-T0-1 /T4-F1-1 /D:1     /W-F1-1  /T3-F1-1 /R       
/D:1     /W-F2-1  /T1-F2-1 /T1-F3-1 /T5-F3-1 /D:1     /W-F0-1  /T3-F0-1 /T1-F0-1 /T1-F3-1 
/T2-F0-1 /T1-F0-1 /T2-F3-1 /D:1     /W-F2-1  /T0-F2-1 /T5-F2-1 /T5-F1-1 /T5-F1-1 /T0-F1-1 
/T0-F2-1 /T0-F3-1 /T2-F2-1 /T5-F0-1 /T0-F2-1 /T2-F3-1 /D:1     /W-F1-1  /T1-F1-1 /T1-F0-1 
/T6-F1-1 
"
1061255,D#vI#NBi#GaMl#ogCJy#HdLPQr#Zbnhesj#RzFtTkqEwxOmpcAXYUKVWufS,124.500000,2962.000000,63.000000,0.533333,1,"
minimal: 0 / states: 139 / duration: 0.000149s
history:
/T1-T6-1  /D:6      /W-T4-1   /D:3      /W-T4-1   /T2-T4-1  /D:1      /W-T3-1   /T6-T3-2  /D:4      
/W-T0-1   /T2-T0-1  /T2-F3-1  /D:1      /W-F0-1   /T0-F0-1  /D:3      /W-T1-1   /D:4      /W-T4-1   
/D:2      /R        /D:1      /W-T6-1   /T0-T6-2  /D:1      /W-T0-1   /T3-T0-4  /T3-T2-1  /T3-F1-1  
/T3-T1-1  /D:3      /W-T4-1   /T6-T4-4  /D:1      /W-T6-1   /D:2      /W-F3-1   /D:1      /W-T3-1   
/T4-T3-10 /D:3      /W-T2-1   /D:1      /W-T2-1   /D:1      /W-T4-1   /D:1      /W-T2-1   /T1-T2-3  
/D:1      /W-T2-1   /T5-T2-1  /T5-T2-1  /T5-F3-1  /W-T5-1   /T4-T5-2  /T4-F0-1  /T2-F3-1  /T3-T6-1  
/T3-F0-1  /T3-F3-1  /T6-T3-3  /T6-T0-1  /T6-F2-1  /T6-F1-1  /T5-T6-4  /T5-T2-1  /T4-T5-1  /T4-F2-1  
/T3-F1-1  /W-F2-1   /T2-F1-1  /T3-F2-1  /T2-F2-1  /T3-F1-1  /T3-F2-1  /W-F0-1   /T2-F1-1  /T5-F1-1  
/T0-F1-1  /W-F2-1   /W-F0-1   /T2-F0-1  /T5-F0-1  /T0-F0-1  /T3-T6-2  /T3-F1-1  /T0-F1-1  /T6-T3-3  
/T6-F0-1  /T2-T0-3  /T2-F0-1  /T3-T6-4  /T3-F1-1  /T0-T2-4  /T0-F1-1  /T6-T3-5  /T6-F0-1  /T2-T0-5  
/T2-F0-1  /T3-T6-6  /T3-F1-1  /D:1      /W-F3-1   /T6-F3-1  /T0-F3-1  /T6-F2-1  /T0-F2-1  /T6-F3-1  
/T0-F3-1  /T6-F2-1  /T0-F2-1  /T6-F3-1  /T0-F3-1  /T6-F2-1  /T0-F2-1  /T6-F3-1  
"
1061294,M#Aw#yIn#XHsh#YBVeT#gxRdSa#zDqmPuL#GJktoNWibCKjEZvflUrQpcOF,116.500000,2401.000000,49.000000,0.607143,1,"
minimal: 0 / states: 125 / duration: 0.000126s
history:
/T2-F2-1 /T5-F1-1 /T3-T2-1 /T3-T4-1 /T4-T3-2 /T4-T3-1 /T4-T1-1 /T3-T1-4 /T1-T3-6 /T1-F0-1 
/T4-F0-1 /T3-T6-7 /T4-T0-1 /D:1     /W-T2-1  /T5-T2-1 /D:4     /W-F2-1  /D:1     /W-F3-1  
/D:3     /W-F1-1  /D:1     /W-F0-1  /D:1     /W-T0-1  /D:1     /W-T0-1  /T2-T0-4 /D:1     
/W-T0-1  /T5-T0-1 /D:1     /W-T1-1  /T6-T1-8 /D:7     /W-F2-1  /D:1     /W-F1-1  /T0-F1-1 
/T1-F1-1 /T5-T1-1 /W-T0-1  /D:1     /W-F3-1  /D:1     /R       /D:2     /W-T2-1  /W-T2-1  
/D:2     /W-T5-1  /D:1     /W-T2-1  /T6-T2-1 /T6-F3-1 /T0-F3-1 /T6-T3-1 /T6-F2-1 /T6-F0-1 
/T0-F0-1 /T1-F3-1 /T0-F3-1 /T2-T3-5 /D:1     /W-T5-1  /D:1     /W-F1-1  /D:1     /W-T6-1  
/T5-T6-3 /T5-F1-1 /D:1     /W-T6-1  /T0-T6-1 /T0-F1-1 /D:1     /W-F2-1  /T1-F2-1 /W-F2-1  
/T1-F3-1 /T3-F2-1 /T3-F1-1 /T6-T0-2 /T6-F2-1 /T0-T6-3 /T0-F1-1 /T1-T3-2 /T1-F2-1 /T3-T1-3 
/T3-F1-1 /T6-T0-4 /T6-F2-1 /T3-F2-1 /T6-F1-1 /T3-F1-1 /T6-F2-1 /D:1     /W-F0-1  /T0-F0-1 
/T0-F3-1 /T1-F0-1 /T0-F0-1 /T1-F3-1 /T0-F3-1 /T1-F0-1 /T0-F0-1 /T1-F3-1 /T0-F3-1 /T1-F0-1 
/T0-F0-1 /T1-F3-1 
"
1061331,w#KS#dWR#Vpvh#UCDan#ZfeyHo#BgYAbTz#LcFkQtIJlPixjNXmqEOGMurs,134.000000,1918.000000,56.000000,0.558824,1,"
minimal: 0 / states: 128 / duration: 0.000153s
history:
/T4-F2-1 /T4-F1-1 /T5-F2-1 /T4-T2-1 /D:2     /W-T2-1  /D:4     /W-T3-1  /T1-T3-1 /D:3     
/W-T6-1  /T1-T6-1 /T6-T1-3 /T6-T5-1 /T6-F1-1 /T6-F0-1 /T2-F1-1 /D:1     /W-T2-1  /D:1     
/W-T0-1  /T5-T0-2 /D:1     /W-T6-1  /D:1     /W-T1-1  /D:1     /W-F3-1  /D:1     /W-T5-1  
/W-T5-1  /W-T1-1  /T3-T1-3 /D:3     /W-T1-1  /D:1     /W-F3-1  /T2-F3-1 /D:5     /W-T0-1  
/T2-T0-2 /T3-T2-1 /T3-F2-1 /T2-T6-2 /T4-T2-1 /T2-T1-2 /T3-T5-1 /T4-T6-1 /R       /D:4     
/W-F3-1  /D:1     /W-T2-1  /T5-T2-4 /T0-T5-1 /T0-F3-1 /T5-T0-2 /T1-T5-3 /T1-F3-1 /T5-T1-4 
/D:1     /W-F2-1  /D:1     /W-T6-1  /D:1     /W-T3-1  /T6-T3-6 /T0-T6-3 /T0-F3-1 /T6-T0-4 
/T6-F0-1 /T1-F0-1 /T0-F0-1 /T1-F1-1 /T0-F1-1 /T1-F0-1 /T1-F1-1 /D:1     /W-T2-1  /D:1     
/W-F2-1  /T0-F2-1 /T1-F2-1 /T0-F1-1 /T2-F2-1 /T1-F1-1 /T0-T2-1 /T0-F1-1 /T3-T1-2 /T3-F2-1 
/T0-F2-1 /T1-T3-3 /T1-F1-1 /W-F1-1  /W-F0-1  /T3-F0-1 /T2-F0-1 /T3-F3-1 /T2-F3-1 /T3-F0-1 
/T2-F0-1 /T3-F3-1 /T1-F0-1 /T2-F3-1 /T3-F2-1 /T1-F1-1 /T2-F2-1 /T3-F3-1 /T1-F2-1 /W-F0-1  
/T2-F1-1 /T3-F0-1 /T5-F3-1 
"
1061379,C#Pw#SND#KnXa#fGxVl#oHkzFL#WshATIc#uJUeRQMrOEvZtpdBmjbgqyiY,142.000000,2514.000000,57.000000,0.551020,1,"
minimal: 0 / states: 139 / duration: 0.000154s
history:
/T3-F1-1 /T6-T2-1 /T3-T5-1 /T3-F2-1 /T1-T5-1 /T3-T4-1 /D:3     /W-T6-1  /D:4     /W-T3-1  
/T4-T3-2 /T4-T5-1 /D:2     /W-T0-1  /D:4     /W-T6-1  /D:3     /W-T1-1  /D:2     /W-T3-1  
/T6-T3-3 /D:1     /W-F1-1  /T2-F1-1 /T1-T2-2 /W-T1-1  /T5-T1-4 /T5-T6-1 /W-F1-1  /D:5     
/W-T5-1  /T4-T5-1 /R       /D:1     /W-T1-1  /T6-T1-2 /T6-F0-1 /T2-F0-1 /T4-T6-1 /T4-T3-1 
/T5-T4-3 /D:1     /W-T5-1  /D:1     /W-T1-1  /T2-T1-2 /T2-F3-1 /T0-F3-1 /T0-F0-1 /T1-F3-1 
/T1-F0-1 /T1-F1-1 /T3-F1-1 /T2-T3-1 /D:1     /W-T1-1  /D:1     /W-F3-1  /T1-F3-1 /T3-F3-1 
/D:2     /W-F0-1  /T1-F0-1 /T6-F0-1 /T1-F3-1 /T3-T6-1 /T3-F3-1 /T6-T3-2 /D:2     /W-T0-1  
/D:2     /W-T1-1  /T6-T1-1 /T6-T4-1 /D:2     /W-T0-1  /T5-T0-2 /T5-F0-1 /T5-F2-1 /D:1     
/W-T0-1  /T1-T0-3 /T1-F3-1 /T4-F3-1 /R       /D:3     /W-F2-1  /D:1     /W-F2-1  /R       
/D:1     /W-F2-1  /T0-F2-1 /T0-F1-1 /T3-F2-1 /T0-F2-1 /T3-F1-1 /T0-F1-1 /T3-F0-1 /T0-F0-1 
/T3-F1-1 /T3-F0-1 /T0-F1-1 /T3-F1-1 /T1-T0-2 /T1-F0-1 /T1-F1-1 /T3-F0-1 /D:1     /W-F2-1  
/T0-F2-1 /T0-F3-1 /T4-F2-1 /T0-F2-1 /T4-F3-1 /T0-F3-1 /T4-F2-1 
"
1061395,i#VG#pjS#yOXM#hATvQ#fuqmJR#coUHbwn#rFeKkLBDtgZECWYsNxzaIldP,121.500000,1842.000000,60.000000,0.531579,1,"
minimal: 0 / states: 136 / duration: 0.000231s
history:
/T6-F2-1 /T2-T1-1 /T0-T6-1 /T3-T0-1 /T6-T3-2 /D:1     /W-T1-1  /T4-T1-1 /T4-T2-1 /D:1     
/W-T4-1  /T5-T4-1 /D:6     /W-T4-1  /D:5     /W-T1-1  /T6-T1-1 /T6-T3-1 /T4-T3-4 /T4-F0-1 
/T6-T2-1 /T6-F2-1 /T1-T2-6 /T1-T5-1 /T6-T3-1 /D:2     /W-T0-1  /D:2     /W-F3-1  /D:1     
/W-T0-1  /T2-T0-9 /T2-F2-1 /D:1     /W-T1-1  /D:1     /W-F1-1  /T0-F1-1 /T3-F1-1 /D:2     
/W-T1-1  /D:1     /W-F1-1  /D:1     /W-T3-1  /R       /D:1     /W-F1-1  /D:1     /W-T1-1  
/D:3     /W-F0-1  /T0-F0-1 /D:1     /W-T4-1  /D:2     /W-T2-1  /D:2     /W-T1-1  /D:2     
/W-T1-1  /T4-T1-2 /R       /D:2     /W-T2-1  /T3-T2-9 /T3-F3-1 /T2-F3-1 /T0-F3-1 /T2-F0-1 
/W-T3-1  /T5-T3-2 /T5-T4-1 /T5-F2-1 /T0-F2-1 /T2-F3-1 /T5-T3-1 /T0-F3-1 /T5-F1-1 /T3-T4-5 
/D:1     /W-F1-1  /D:1     /W-F0-1  /T2-F0-1 /T0-F0-1 /T2-F3-1 /T2-F0-1 /T0-F3-1 /T1-T0-2 
/T1-F0-1 /T4-T2-1 /T4-F3-1 /T1-F3-1 /T4-F0-1 /T1-F0-1 /T2-T4-3 /T2-F3-1 /T2-F0-1 /T0-T1-5 
/T0-F3-1 /T0-F0-1 /T2-F3-1 /D:1     /W-F2-1  /T1-F2-1 /T1-F1-1 /T4-F2-1 /T1-F2-1 /T4-F1-1 
/T1-F1-1 /T4-F2-1 /T1-F2-1 /T4-F1-1 /T1-F1-1 /T4-F2-1 /T1-F2-1 /T4-F1-1 
"
1061416,H#gP#MLI#hDoR#FclNw#iqsdVE#UTXGCya#znrBefpSvtOQWKxYAkujZmJb,115.500000,2934.000000,70.000000,0.524590,1,"
minimal: 0 / states: 138 / duration: 0.000160s
history:
/T6-F1-1 /D:2     /W-F2-1  /D:2     /W-T1-1  /D:8     /W-T5-1  /D:5     /W-F0-1  /T1-F0-1 
/D:1     /W-T6-1  /T4-T6-1 /T4-F3-1 /D:6     /W-F1-1  /R       /D:5     /W-T5-1  /D:4     
/W-F3-1  /T1-F3-1 /T1-T0-1 /D:2     /W-T4-1  /W-T4-1  /T2-T4-1 /D:5     /W-T1-1  /T6-T1-3 
/T6-F0-1 /D:2     /R       /D:4     /W-T6-1  /T5-T6-3 /T5-T1-1 /T6-T5-1 /T6-F3-1 /T3-F3-1 
/T3-F2-1 /T5-F2-1 /T3-F0-1 /T5-T6-1 /T6-T3-4 /T5-T0-1 /T5-F2-1 /T6-T2-1 /W-T0-1  /W-F2-1  
/T0-T1-4 /W-T0-1  /T4-T0-4 /T4-F1-1 /T3-F1-1 /T1-F1-1 /T1-F2-1 /T3-F0-1 /T3-F1-1 /T4-F0-1 
/T1-F1-1 /T6-T1-1 /T3-F0-1 /T3-F1-1 /T5-F1-1 /T6-T0-1 /D:1     /W-F3-1  /T1-F3-1 /T1-F0-1 
/T0-F3-1 /T0-F0-1 /T1-F3-1 /T0-F3-1 /T2-F3-1 /D:2     /W-F2-1  /D:2     /W-F3-1  /D:1     
/W-F2-1  /D:1     /W-F1-1  /D:1     /W-T3-1  /T2-T3-1 /D:1     /W-F0-1  /T0-F0-1 /T3-F0-1 
/T2-F0-1 /T1-T3-3 /T1-F3-1 /W-T0-1  /W-F2-1  /T3-F2-1 /T0-F2-1 /T3-F1-1 /T0-F1-1 /T3-F2-1 
/T0-F2-1 /T3-F1-1 
"
1061418,R#xb#zWY#SLiI#pQOPd#Ganowh#fErFXst#ljUBKyAvHTJqZeMuDNmVkCcg,139.500000,2640.000000,59.000000,0.622549,1,"
minimal: 0 / states: 123 / duration: 0.000151s
history:
/T6-T5-1 /T5-T3-2 /T0-T6-1 /D:5     /W-T2-1  /D:2     /W-F0-1  /D:5     /W-T6-1  /D:1     
/W-T0-1  /D:5     /W-F3-1  /D:2     /W-T5-1  /D:2     /W-T4-1  /T1-T4-1 /D:1     /W-T6-1  
/D:1     /R       /D:2     /W-T1-1  /T3-T1-3 /D:2     /W-F0-1  /D:1     /W-T0-1  /D:2     
/W-T3-1  /D:1     /W-T3-1  /T6-T3-4 /T5-T6-2 /T6-T0-3 /T5-T3-1 /T5-F2-1 /T3-F2-1 /T5-F1-1 
/T4-F1-1 /T3-F1-1 /T4-F0-1 /T4-F1-1 /T4-T3-1 /T4-F3-1 /T3-F3-1 /T4-F3-1 /T4-F2-1 /T3-F2-1 
/T3-F3-1 /D:2     /W-F1-1  /D:1     /W-T4-1  /T2-T4-2 /T2-T4-1 /D:1     /W-T0-1  /D:1     
/W-F0-1  /D:3     /W-T0-1  /T6-T0-1 /T6-F2-1 /T3-F2-1 /T6-F0-1 /T0-F0-1 /T6-F1-1 /T0-F1-1 
/T1-F2-1 /T0-F2-1 /T1-F1-1 /T3-T0-2 /T3-F1-1 /T5-F0-1 /T1-T4-1 /T1-F1-1 /W-F1-1  /W-T5-1  
/T3-T5-1 /T3-F3-1 /T0-F3-1 /T0-F0-1 /T4-F0-1 /W-F0-1  /W-F2-1  /W-F3-1  /T0-F3-1 /T0-F2-1 
/T4-F3-1 /T0-F3-1 /T1-F2-1 /T0-F2-1 /T4-F0-1 /T4-F3-1 /T5-F0-1 /T0-F3-1 /W-F1-1  /T2-F2-1 
/T4-F0-1 /T5-F1-1 
"
1061467,R#VX#Ywg#MGBc#xpoTD#bKPnhf#tEmNZle#IFaijdAWCSsqvJHukryzQLUO,125.500000,4008.000000,65.000000,0.484694,1,"
minimal: 0 / states: 143 / duration: 0.000170s
history:
/T4-T0-1 /T3-T0-1 /T3-T0-1 /T5-T3-1 /T3-T5-2 /D:2     /W-T2-1  /T6-T2-1 /T6-T3-1 /D:1     
/W-F1-1  /D:4     /W-F0-1  /T0-F0-1 /D:2     /W-F0-1  /D:2     /W-T4-1  /T0-T4-3 /T6-T0-1 
/T6-F3-1 /D:1     /W-T2-1  /T4-T2-1 /T4-F0-1 /D:2     /W-T1-1  /D:4     /W-T5-1  /D:1     
/W-T0-1  /T1-T0-2 /T1-T0-1 /T6-T1-1 /T6-F0-1 /D:2     /W-T5-1  /D:1     /W-T1-1  /D:2     
/W-F3-1  /R       /D:6     /W-T6-1  /D:2     /W-T0-1  /T4-T0-3 /T4-T2-1 /T4-T5-1 /T4-T3-1 
/D:2     /W-T1-1  /D:1     /W-T4-1  /D:1     /R       /D:3     /W-T3-1  /D:3     /W-T3-1  
/T5-T3-6 /T5-F2-1 /T2-F2-1 /T5-F3-1 /T3-F2-1 /T3-F3-1 /T0-F3-1 /T6-F3-1 /T2-T0-3 /T2-F0-1 
/T0-T2-4 /T0-F3-1 /T2-T0-5 /T2-T1-1 /T5-T2-1 /T5-F1-1 /T0-F1-1 /T0-F2-1 /T3-F2-1 /T3-T6-1 
/T3-F0-1 /W-T2-1  /W-F1-1  /T0-F1-1 /T0-F2-1 /T6-F1-1 /T0-F1-1 /T0-F0-1 /T6-F2-1 /T3-F1-1 
/W-F1-1  /W-F0-1  /T0-T1-1 /T0-F0-1 /T3-T2-1 /T3-F1-1 /T1-T0-2 /T1-F1-1 /T2-T3-2 /T2-F0-1 
/T1-F0-1 /T3-T2-3 /T3-F1-1 /T1-F1-1 /T3-F0-1 /T2-T4-4 /D:1     /W-F2-1  /T4-F2-1 /D:1     
/W-F3-1  /T0-F3-1 /T0-F2-1 /T4-F3-1 /T0-F3-1 /T4-F2-1 /T0-F2-1 /T4-F3-1 /T0-F3-1 /T4-F2-1 
"
1061473,I#dR#znC#rZQW#XKyme#PJwlFN#tLsHbcg#BipEaYhoMvOUfkSTGVuDxjqA,100.500000,1169.000000,41.000000,0.666667,1,"
minimal: 0 / states: 125 / duration: 0.000140s
history:
/T5-F3-1 /T4-T5-1 /T5-T6-2 /T0-T3-1 /T4-T0-1 /T4-T0-1 /T3-T4-2 /T2-T3-1 /T2-F2-1 /T5-T2-1 
/T4-T2-3 /T5-T4-1 /T4-T0-2 /D:2     /W-T0-1  /D:3     /W-F1-1  /D:2     /W-T2-1  /D:1     
/W-F2-1  /D:1     /W-T4-1  /W-T4-1  /D:2     /W-F3-1  /D:6     /W-T2-1  /D:1     /W-T5-1  
/D:1     /W-T0-1  /T6-T0-3 /D:1     /W-T0-1  /T6-T0-1 /T6-F1-1 /T6-T5-1 /T1-T6-1 /W-T5-1  
/T6-T5-2 /T0-F1-1 /T1-F1-1 /T0-T5-1 /T0-F1-1 /W-T2-1  /W-T6-1  /T5-T6-7 /T5-F3-1 /W-F1-1  
/D:1     /W-T4-1  /D:1     /W-T4-1  /D:2     /W-F0-1  /R       /D:1     /W-F0-1  /T3-F0-1 
/T6-F0-1 /T3-F3-1 /T3-T1-1 /T6-T1-8 /T1-F3-1 /T2-F3-1 /D:1     /W-F2-1  /D:1     /W-F0-1  
/T0-F0-1 /T2-F0-1 /T0-F1-1 /T2-F1-1 /T1-T0-2 /T1-F0-1 /T2-F0-1 /T0-T1-3 /T0-F1-1 /T4-F1-1 
/T1-T0-4 /T1-F0-1 /T1-F1-1 /T2-T4-1 /T2-F0-1 /T1-F0-1 /T2-F1-1 /T0-T1-7 /T0-F1-1 /T4-T2-3 
/T4-F0-1 /D:1     /W-T2-1  /D:1     /W-T2-1  /T6-T2-1 /D:1     /W-F2-1  /T3-F2-1 /T1-F2-1 
/T1-F3-1 /T2-F2-1 /T1-F2-1 /T2-F3-1 /T1-F3-1 /T2-F2-1 /T1-F2-1 /T2-F3-1 /T1-F3-1 /T2-F2-1 
/T1-F2-1 /T2-F3-1 /T1-F3-1 /T2-F2-1 
"
1061717,m#Av#ioN#QpLW#duIeR#zUPOBl#VhqGxZb#cfnHrYMsJwCTDgEXFtjySkaK,117.000000,364.000000,41.000000,0.681250,0,"
minimal: 0 / states: 279850 / duration: 1.057659s
history:
/T2-F3-1 /D:3     /W-F2-1  /T2-F2-1 /T1-T3-1 /T1-F0-1 /D:1     /W-T2-1  /D:3     /W-T1-1  
/T5-T1-1 /T5-F0-1 /T5-F3-1 /T5-F3-1 /D:4     /W-F0-1  /D:2     /W-F0-1  /D:1     /W-T2-1  
/D:1     /W-F0-1  /D:2     /W-F0-1  /D:1     /W-T5-1  /D:2     /W-T0-1  /D:1     /W-T5-1  
/D:1     /W-T0-1  /D:1     /W-F1-1  /T6-F1-1 /D:1     /W-T1-1  /T3-T1-2 /T3-T6-1 /T3-F2-1 
/T3-F3-1 /T4-F3-1 /T6-T3-2 /T5-T1-3 /R       /D:1     /W-F1-1  /D:2     /W-T1-1  /D:1     
/W-T5-1  /T6-T5-1 /T6-F0-1 /T6-F2-1 /T1-F2-1 /T1-F3-1 /D:1     /W-T2-1  /T4-T2-1 /D:3     
/W-F3-1  /D:2     /W-T5-1  /T4-T5-1 /T6-T5-1 /T4-T6-1 /T4-F1-1 /T2-F1-1 /T2-F2-1 /T1-F2-1 
/T1-F3-1 /T6-F2-1 /T1-F2-1 /T6-F3-1 /T1-F3-1 /R       /D:1     /W-F1-1  /T2-F1-1 /T2-F0-1 
/T5-F1-1 /T2-F1-1 /T5-F0-1 /T5-F1-1 /T0-F1-1 /D:1     /W-F0-1  /T1-F0-1 /T1-F1-1 /T3-F0-1 
/T1-F0-1 /D:1     /W-F2-1  /T5-F2-1 /T0-F2-1 /T0-F1-1 /D:1     /W-F3-1  /T5-F3-1 /T3-F3-1 
/T5-F2-1 
"
1061806,V#Pu#BEZ#qQzN#eSkIj#AgydrY#mHWpnGX#UsbRwDahvKClcOxTJMiofFLt,123.500000,1521.000000,64.000000,0.467033,1,"
minimal: 0 / states: 133 / duration: 0.000123s
history:
/T3-F3-1 /T5-T3-1 /T1-T0-1 /D:5     /W-T6-1  /T0-T6-2 /T2-T0-1 /D:2     /W-F1-1  /D:2     
/W-T4-1  /W-T4-1  /D:1     /W-T3-1  /T4-T3-3 /D:4     /W-F3-1  /T1-F3-1 /T3-T1-6 /T3-F3-1 
/W-T3-1  /D:2     /W-T6-1  /D:4     /W-T3-1  /D:2     /W-T6-1  /D:1     /W-T0-1  /T6-T0-6 
/T6-T1-1 /T6-F2-1 /T3-F2-1 /T6-F2-1 /T4-T6-1 /W-T1-1  /T5-T1-1 /T5-T1-1 /T4-T5-1 /T2-T4-1 
/T2-T3-1 /D:1     /R       /D:1     /W-T6-1  /D:2     /W-F1-1  /D:1     /W-F3-1  /D:2     
/W-T1-1  /D:3     /W-T5-1  /D:1     /W-T2-1  /D:1     /W-T5-1  /D:1     /W-T6-1  /T4-T6-2 
/T3-T4-3 /T4-T0-4 /R       /D:3     /W-T2-1  /D:1     /W-T2-1  /T6-T2-6 /T6-T5-1 /T5-T6-5 
/T5-T6-1 /T5-F0-1 /T0-F0-1 /T0-F1-1 /T0-F2-1 /T1-F0-1 /T1-F1-1 /T1-F2-1 /W-F0-1  /T0-F1-1 
/T2-F0-1 /T0-F0-1 /T1-F1-1 /T2-F3-1 /T1-F0-1 /W-F2-1  /T0-F3-1 /T2-F2-1 /T2-F3-1 /T6-F1-1 
/T0-F2-1 /T1-F1-1 /T1-F2-1 /T6-F0-1 /T0-F3-1 /T2-F0-1 /T2-F3-1 /T6-F1-1 /T0-F2-1 /T1-F1-1 
/T2-F2-1 /T6-F0-1 /T0-F3-1 /T1-F0-1 /T1-F3-1 /T6-F1-1 /T0-F0-1 /T2-F1-1 /T2-F0-1 /T6-F2-1 
/T0-F3-1 /T1-F2-1 /T6-F1-1 
"
1061825,w#Oi#Kkb#stLZ#SAEnf#DrxyjT#plBNgGh#CQHczaVUWqXdIvFoemPRYJuM,125.500000,2369.000000,56.000000,0.556180,1,"
minimal: 0 / states: 138 / duration: 0.000121s
history:
/T1-T0-1 /D:3     /W-T0-1  /T5-T0-1 /D:3     /W-F1-1  /T2-F1-1 /T0-T2-4 /T3-T0-1 /T3-T0-1 
/T4-T3-1 /T4-F2-1 /T4-T3-1 /T4-F0-1 /T2-T0-5 /T5-T2-1 /T3-T6-3 /T3-T0-1 /W-T3-1  /W-F1-1  
/W-T6-1  /W-T6-1  /T1-T6-1 /D:5     /W-T5-1  /D:1     /W-F1-1  /D:1     /W-T2-1  /T6-T2-7 
/T4-T6-1 /D:3     /W-F2-1  /D:1     /W-F1-1  /T2-T6-4 /T2-F1-1 /D:1     /W-T1-1  /T5-T1-2 
/D:2     /W-T0-1  /D:1     /W-T3-1  /T5-T3-1 /F1-T2-1 /T5-T2-1 /W-T5-1  /T5-T0-2 /D:1     
/W-T1-1  /D:2     /W-T4-1  /R       /D:1     /W-T1-1  /D:2     /W-T3-1  /D:2     /W-T3-1  
/D:2     /W-T1-1  /R       /D:1     /W-T3-1  /T6-T3-6 /T6-T1-1 /T6-F3-1 /T3-F3-1 /T6-F0-1 
/T0-F3-1 /T3-F0-1 /T0-F0-1 /T6-T4-1 /T6-F2-1 /T3-F3-1 /T3-F0-1 /T0-F3-1 /T3-F3-1 /T0-T1-1 
/T0-F3-1 /T2-T4-7 /D:1     /W-F2-1  /T4-F2-1 /T1-F2-1 /T4-F1-1 /T4-F2-1 /T1-F1-1 /T1-F2-1 
/T4-F1-1 /T0-T1-1 /T0-F1-1 /T3-T4-2 /T3-F2-1 /T0-F2-1 /T4-T3-3 /T4-F1-1 /T0-F1-1 /T3-T4-4 
/T3-F2-1 /T1-T0-4 /T1-F2-1 /T4-T3-5 /T4-F1-1 /T1-F1-1 /T3-T4-6 /T3-F2-1 /D:1     /W-F0-1  
/T4-F0-1 /T0-F0-1 /T4-F3-1 /T0-F3-1 /T4-F0-1 /T0-F0-1 /T4-F3-1 /T0-F3-1 /T4-F0-1 /T0-F0-1 
/T4-F3-1 /T0-F3-1 /T4-F0-1 
"
1061880,v#lk#RTj#gZYe#UAOSa#GVmQsw#xFCfdzB#MrEJDcpXuyiKNbIHLoqPhtnW,140.500000,2515.000000,46.000000,0.688172,1,"
minimal: 0 / states: 120 / duration: 0.000115s
history:
/T4-F1-1 /T5-T1-1 /T3-T5-1 /T0-T2-1 /D:1     /W-T0-1  /T3-T0-1 /D:1     /W-T4-1  /D:3     
/W-T5-1  /D:1     /W-T5-1  /T6-T5-1 /D:4     /W-T3-1  /T1-T3-2 /T1-T6-1 /T6-T1-2 /T6-T4-1 
/D:1     /W-T3-1  /W-T3-1  /D:1     /W-T0-1  /T2-T0-2 /T5-T2-5 /T2-T3-6 /D:1     /W-F3-1  
/D:1     /W-F1-1  /D:5     /W-T2-1  /D:1     /W-T2-1  /T3-T2-1 /T3-F1-1 /T4-F1-1 /T5-T4-1 
/D:1     /W-T0-1  /D:1     /W-T0-1  /T4-T0-3 /T4-F3-1 /T4-F0-1 /T2-F0-1 /T2-F3-1 /T0-F3-1 
/D:1     /W-F2-1  /W-F2-1  /W-T5-1  /D:1     /R       /D:1     /W-T6-1  /D:2     /W-F2-1  
/T2-F2-1 /T0-F2-1 /T2-F3-1 /T5-T2-2 /T0-F3-1 /T6-T0-2 /T6-F0-1 /T3-F0-1 /T0-F0-1 /T3-F1-1 
/T0-F1-1 /T3-F2-1 /T0-F2-1 /T6-F0-1 /T3-F3-1 /T6-T1-1 /T3-T6-6 /T3-F1-1 /T6-F2-1 /T0-F1-1 
/T0-F2-1 /T4-F3-1 /T5-F3-1 /T5-F0-1 /T6-F1-1 /T6-F2-1 /T0-F1-1 /T1-F2-1 /T6-F1-1 /T1-F1-1 
/T6-F2-1 /T1-F2-1 /T2-T6-1 /T2-F1-1 /D:1     /W-T6-1  /W-T6-1  /D:2     /W-F0-1  /W-F0-1  
/T6-F0-1 /T0-F0-1 /D:1     /W-F3-1  /T6-F3-1 /T0-F3-1 /T6-F0-1 /T0-F0-1 /T6-F3-1 
"
1061949,X#fh#xME#NPTt#JyCqe#dbwSaZ#HsRBpoA#IKFniVzYjWgQLcUODrklvGum,91.000000,664.000000,33.000000,0.782609,1,"
minimal: 0 / states: 122 / duration: 0.000111s
history:
/T6-F0-1 /T3-T1-1 /D:3     /W-T3-1  /T4-T3-1 /T4-T3-1 /D:1     /W-F2-1  /T6-F2-1 /T6-F2-1 
/T6-F0-1 /T4-F0-1 /T4-T5-1 /T0-T5-1 /T5-T0-3 /T5-F1-1 /T5-T1-1 /T2-T1-1 /T5-T0-1 /T5-F1-1 
/T5-T1-1 /T2-T5-1 /T3-F2-1 /D:1     /W-T0-1  /D:1     /W-T4-1  /D:2     /W-T5-1  /T2-T5-1 
/W-T2-1  /D:1     /W-T5-1  /D:5     /W-F1-1  /T1-F1-1 /T3-F1-1 /T6-T3-1 /D:3     /W-F0-1  
/T1-F0-1 /T3-T6-1 /T3-F0-1 /T6-T3-2 /T3-T6-3 /F2-T6-1 /T3-T6-1 /T3-F3-1 /W-F3-1  /T6-F3-1 
/T6-F2-1 /T6-T0-4 /D:1     /W-F2-1  /D:2     /W-T2-1  /D:1     /W-T5-1  /T1-T5-3 /T1-F1-1 
/D:1     /W-F0-1  /D:1     /W-T4-1  /T0-T4-3 /T0-F0-1 /D:1     /W-T1-1  /R       /D:1     
/W-F0-1  /D:1     /W-T2-1  /D:1     /W-T2-1  /D:1     /W-F1-1  /D:1     /W-F3-1  /T4-F3-1 
/T4-F2-1 /T5-F3-1 /T4-F3-1 /T5-F2-1 /T4-F2-1 /T5-F1-1 /T0-F1-1 /T5-F2-1 /T5-F1-1 /T0-F2-1 
/T5-F2-1 /T4-T0-2 /D:1     /W-T1-1  /T0-T1-3 /T0-F2-1 /D:1     /W-F3-1  /T1-F3-1 /T1-F0-1 
/T2-F3-1 /T1-F3-1 /T2-F0-1 /T5-F3-1 /T0-F3-1 /T1-F0-1 /T5-F0-1 /D:1     /W-F1-1  /T2-F1-1 
/T1-F1-1 /T2-F2-1 
"
1070324,H#MN#buc#oLCg#pSans#UwTIJQ#fWGivPY#RdADzXeqhrmEyFltBZxVjkKO,155.500000,1981.000000,46.000000,0.630682,1,"
minimal: 0 / states: 122 / duration: 0.000110s
history:
/T1-F3-1 /T6-T1-1 /T4-T3-1 /T4-F2-1 /T4-F1-1 /T3-T0-2 /T3-T5-1 /D:1     /W-T0-1  /D:2     
/W-F0-1  /D:1     /W-T0-1  /T6-T0-1 /D:2     /W-T3-1  /D:3     /W-T6-1  /D:1     /W-T4-1  
/T5-T4-2 /T5-T3-1 /D:6     /W-T6-1  /T4-T6-4 /D:1     /W-F0-1  /T6-F0-1 /T4-T6-1 /D:1     
/W-T4-1  /T3-T4-3 /T3-F2-1 /T6-F2-1 /D:1     /W-T1-1  /D:1     /W-T4-1  /T0-T4-6 /D:1     
/W-T1-1  /T6-T1-6 /D:3     /W-F3-1  /T4-F3-1 /T1-F3-1 /T2-T4-1 /T2-T6-1 /T2-F1-1 /T4-F1-1 
/T4-F0-1 /T4-F3-1 /R       /D:1     /W-F1-1  /D:1     /W-T0-1  /D:1     /W-F1-1  /D:1     
/W-F2-1  /T1-F2-1 /T4-F2-1 /T1-F3-1 /T1-F2-1 /T6-F2-1 /T1-T5-1 /T1-F2-1 /T5-T1-2 /T5-F3-1 
/T5-F2-1 /T5-F3-1 /T4-T6-2 /T4-F3-1 /T6-T4-3 /T6-T1-1 /T6-F3-1 /T6-F1-1 /T4-F1-1 /D:1     
/W-T2-1  /D:1     /W-F0-1  /D:1     /W-T2-1  /D:1     /W-F0-1  /T1-F0-1 /T1-F1-1 /T4-F0-1 
/T1-F0-1 /T4-F1-1 /T1-F1-1 /T1-F2-1 /T4-F0-1 /T4-F3-1 /T1-F3-1 /T2-F2-1 /T0-F2-1 /T4-T2-1 
/T4-F3-1 /D:1     /W-T1-1  /D:1     /W-F1-1  /T1-F1-1 /D:1     /W-F0-1  /T2-F0-1 /T1-F0-1 
/T2-F1-1 
"
1070340,D#rY#vGc#HASI#XzgyN#OQRtbs#mqEKJaV#ULulFZfPkpnihBWToMxwjdCe,74.000000,919.000000,37.000000,0.727273,1,"
minimal: 0 / states: 121 / duration: 0.000118s
history:
/T4-F3-1 /T2-T0-1 /D:1     /W-T3-1  /T2-T3-1 /D:2     /W-T6-1  /D:4     /W-T3-1  /D:2     
/W-T4-1  /D:2     /W-F2-1  /D:2     /W-T2-1  /D:1     /W-T0-1  /D:2     /W-T6-1  /T5-T6-1 
/D:1     /W-F2-1  /D:2     /W-T1-1  /D:1     /W-T4-1  /T6-T4-4 /T6-F1-1 /T5-F1-1 /T5-T2-1 
/T5-T4-1 /T0-T4-3 /W-T0-1  /T1-T0-2 /T5-T1-1 /T5-F3-1 /W-T0-1  /T3-T0-4 /T3-T2-1 /T3-F0-1 
/T4-F0-1 /T4-F1-1 /W-T6-1  /W-F2-1  /W-F3-1  /W-T5-1  /T4-T5-9 /T4-T3-1 /T1-T0-2 /T4-T1-1 
/T6-T4-2 /T0-F3-1 /W-T3-1  /W-T1-1  /T6-T1-1 /T6-T2-1 /T6-F2-1 /T0-F2-1 /T5-T3-2 /T5-F2-1 
/W-T6-1  /T3-T4-5 /T4-T6-8 /D:1     /W-T1-1  /T2-T1-5 /D:1     /W-F1-1  /D:1     /W-F0-1  
/T6-F0-1 /T1-F0-1 /T6-F3-1 /T1-F3-1 /T1-F2-1 /T5-F3-1 /T5-F2-1 /T6-F0-1 /T0-T1-2 /T0-F3-1 
/T5-F3-1 /T1-T0-3 /T1-F2-1 /T5-F2-1 /T0-T1-4 /T0-F3-1 /T0-F2-1 /T6-T5-4 /T6-F3-1 /T0-F3-1 
/T5-T6-5 /T5-F2-1 /T5-F3-1 /T1-T0-7 /T1-F2-1 /D:1     /W-F1-1  /T0-F1-1 /T0-F0-1 /T6-F1-1 
/T0-F1-1 /T6-F0-1 /T0-F0-1 /T6-F1-1 /T0-F1-1 /T6-F0-1 /T0-F0-1 /T6-F1-1 /T0-F1-1 /T6-F0-1 
/T0-F0-1 /T6-F1-1 
"
1070348,B#vO#uIa#KdCt#mgSjY#rhPUie#fwlyGcD#nHZRNpzAxMoqTsbQJEWkLVXF,121.500000,2171.000000,55.000000,0.605263,1,"
minimal: 0 / states: 127 / duration: 0.000120s
history:
/T2-F1-1 /T6-T5-1 /T6-T5-1 /T0-T5-1 /D:1     /W-F2-1  /D:2     /W-T0-1  /D:2     /W-F3-1  
/T1-F3-1 /D:3     /W-F0-1  /T5-F0-1 /D:1     /W-T4-1  /D:2     /W-F2-1  /D:4     /W-F1-1  
/T5-F1-1 /D:4     /W-T4-1  /T2-T4-1 /D:2     /W-T0-1  /W-T0-1  /D:3     /R       /D:3     
/W-F2-1  /D:3     /W-F2-1  /D:1     /W-T2-1  /D:1     /W-T2-1  /T5-T2-2 /T2-T5-5 /W-T2-1  
/T4-T2-4 /T1-T4-1 /W-T1-1  /D:2     /W-T0-1  /T5-T0-6 /T6-T5-1 /T5-T2-2 /T5-F3-1 /T3-T5-1 
/T3-F0-1 /T0-F0-1 /T3-F1-1 /T0-F1-1 /W-F3-1  /W-F3-1  /T4-T3-2 /T4-F3-1 /T5-T3-2 /T5-F2-1 
/T0-F2-1 /T0-F3-1 /T4-T0-1 /T6-T4-1 /T6-T1-1 /T3-F2-1 /T2-T3-1 /T2-F3-1 /T3-T1-5 /D:1     
/W-F0-1  /D:1     /W-F3-1  /D:1     /W-T4-1  /T6-T4-1 /T6-F1-1 /T0-F1-1 /T0-F2-1 /T1-T2-2 
/T1-F2-1 /T4-F2-1 /T2-T1-3 /T2-F3-1 /T2-F2-1 /T4-F3-1 /T2-F3-1 /T4-F2-1 /T0-T4-4 /T0-F3-1 
/T1-T2-6 /T1-F2-1 /W-T4-1  /D:1     /W-F0-1  /T2-F0-1 /T2-F1-1 /T4-F0-1 /T2-F0-1 /T4-F1-1 
/T2-F1-1 /T4-F0-1 /T2-F0-1 /T4-F1-1 /T2-F1-1 /T4-F0-1 /T2-F0-1 /T4-F1-1 
"
1070818,f#qe#NaK#YAUd#Zxzvm#XjCisE#BRStDup#FQhMcIlJrOkHPoynTVgwbWLG,134.000000,3321.000000,49.000000,0.584270,1,"
minimal: 0 / states: 128 / duration: 0.000112s
history:
/T6-T3-1 /T5-T0-1 /T3-T0-2 /T1-T5-1 /T1-T5-1 /T4-T1-1 /T3-T4-1 /T3-F0-1 /T2-T3-1 /T2-F1-1 
/T2-F3-1 /D:4     /W-T2-1  /T3-T2-2 /D:1     /W-T5-1  /D:5     /W-F3-1  /D:3     /W-F3-1  
/D:1     /W-T5-1  /D:1     /W-T1-1  /D:1     /W-F2-1  /T5-F2-1 /T0-F2-1 /D:1     /W-T6-1  
/T5-T6-4 /T6-T5-6 /T5-T6-1 /T5-F2-1 /T6-T5-2 /T6-T4-1 /T6-T4-1 /D:4     /W-F1-1  /T5-F1-1 
/T0-F1-1 /T5-T6-1 /T5-F1-1 /T6-T5-2 /T6-F0-1 /T0-T4-1 /T0-F1-1 /D:1     /W-T2-1  /T4-T2-5 
/T4-T0-1 /D:2     /R       /D:2     /W-F3-1  /D:3     /W-T0-1  /T4-T0-1 /D:2     /W-F2-1  
/D:1     /W-T1-1  /W-T1-1  /T5-T1-6 /T5-F0-1 /T1-F0-1 /T1-F3-1 /T1-F2-1 /T2-F0-1 /T2-F3-1 
/T2-F2-1 /T5-T0-1 /T1-F3-1 /T1-F2-1 /T2-F3-1 /T2-F2-1 /W-T0-1  /W-T0-1  /W-F0-1  /D:1     
/W-T1-1  /D:1     /W-F3-1  /T2-F3-1 /T5-F3-1 /D:1     /W-F1-1  /T0-F1-1 /D:1     /W-F2-1  
/T0-T2-2 /T0-F2-1 /T2-T0-3 /T2-F3-1 /T4-F3-1 /D:2     /W-F0-1  /T1-F0-1 /T0-F0-1 /T1-F1-1 
/T0-F1-1 /T1-F0-1 /T0-F0-1 /T1-F1-1 /T0-F1-1 /T1-F2-1 /T0-F2-1 /W-F0-1  /T1-F1-1 /T2-F0-1 
"
1070893,k#li#zYH#JgPp#fjTwx#CnQuFr#cZKRbOa#emUqvtWyIAVNsGXDhSEBoLdM,101.000000,1618.000000,42.000000,0.644928,1,"
minimal: 0 / states: 129 / duration: 0.000114s
history:
/T6-F1-1  /T6-T3-1  /T6-F1-1  /T2-T1-1  /T4-T2-1  /T4-T0-1  /T4-T1-1  /T1-T0-3  /T4-T2-1  /T5-T4-1  
/T5-T0-1  /T6-T0-1  /T6-T1-1  /D:4      /W-T0-1   /D:1      /W-T2-1   /W-T2-1   /D:1      /W-T2-1   
/T4-T2-2  /T6-T4-1  /T6-F1-1  /W-T6-1   /D:1      /W-T1-1   /D:1      /W-T4-1   /T0-T4-8  /D:1      
/W-T1-1   /D:1      /W-F0-1   /D:2      /W-F3-1   /T3-F3-1  /D:5      /W-T1-1   /D:3      /W-F0-1   
/D:2      /W-T6-1   /D:1      /W-T2-1   /T3-T2-1  /T3-F3-1  /T3-T5-1  /D:1      /W-T0-1   /T2-T0-10 
/T1-T2-5  /R        /D:2      /W-T3-1   /T5-T3-2  /T5-F3-1  /T5-F2-1  /T5-F0-1  /D:1      /W-T3-1   
/W-T3-1   /T4-T3-1  /T4-F3-1  /D:1      /W-T2-1   /D:1      /W-T6-1   /T3-T6-7  /D:1      /W-F0-1   
/D:1      /W-F3-1   /D:1      /W-F0-1   /T4-F0-1  /T2-F0-1  /T4-F3-1  /T4-F0-1  /T0-T2-5  /T0-F3-1  
/T2-T0-6  /T2-F0-1  /T6-T4-5  /T6-F3-1  /T2-F3-1  /T6-F0-1  /T2-F0-1  /T6-F3-1  /T6-F0-1  /T0-T2-9  
/T0-F3-1  /T0-F0-1  /T4-T6-9  /T4-F3-1  /D:1      /W-F2-1   /T2-F2-1  /T2-F1-1  /T6-F2-1  /T2-F2-1  
/T6-F1-1  /T2-F1-1  /T6-F2-1  /T2-F2-1  /T6-F1-1  /T2-F1-1  /T6-F2-1  /T2-F2-1  /T6-F1-1  /T2-F1-1  
/T6-F2-1  /T2-F2-1  /T6-F1-1  /T2-F1-1  /T6-F2-1  /T2-F2-1  /T6-F1-1  
"
1080143,v#mF#hdb#rTLt#Mzwfy#RGcDYP#lSkZNJB#QaEICWxpeqogHsiVjKAUXnuO,112.000000,1192.000000,47.000000,0.593023,1,"
minimal: 0 / states: 127 / duration: 0.000118s
history:
/T6-T5-1 /D:2     /W-F1-1  /T2-F1-1 /D:3     /W-T2-1  /D:4     /W-T1-1  /D:1     /W-T1-1  
/T5-T1-2 /D:5     /W-T6-1  /D:3     /W-T5-1  /W-T5-1  /T0-T5-1 /D:1     /W-F0-1  /T1-F0-1 
/T2-F0-1 /D:1     /W-T5-1  /T3-T5-1 /D:1     /W-T3-1  /T6-T3-2 /T6-F3-1 /T4-T6-1 /T4-T5-1 
/T6-T0-2 /T4-T6-1 /T5-T4-7 /T5-F0-1 /T5-F1-1 /T2-F1-1 /T6-T0-2 /T5-T2-1 /T6-T2-1 /T1-T5-2 
/T1-F1-1 /T5-T1-3 /T4-T5-8 /T5-F1-1 /W-T0-1  /T6-T4-1 /D:1     /W-F2-1  /D:1     /W-T0-1  
/D:1     /W-F3-1  /T1-F3-1 /R       /D:1     /W-F3-1  /D:1     /W-F0-1  /D:3     /W-T4-1  
/W-T4-1  /W-T4-1  /T2-T4-3 /D:2     /W-F2-1  /W-F2-1  /T1-F2-1 /T1-F3-1 /T1-F0-1 /T3-T1-4 
/T3-T0-1 /T3-F2-1 /T4-F3-1 /T4-F0-1 /T0-F3-1 /T5-T4-1 /T5-F3-1 /T0-T1-1 /T0-F3-1 /D:1     
/W-F1-1  /D:1     /W-F0-1  /T4-T5-2 /T4-F0-1 /T4-F3-1 /T1-T0-2 /T1-F0-1 /T1-F3-1 /T5-T4-4 
/T5-F0-1 /T1-F0-1 /T5-F3-1 /T0-T1-5 /T0-F3-1 /T4-T5-6 /T4-F0-1 /D:1     /W-F2-1  /T5-F2-1 
/T1-F2-1 /T5-F1-1 /T1-F1-1 /T5-F2-1 /T1-F2-1 /T5-F1-1 /T1-F1-1 /T5-F2-1 /T1-F2-1 /T5-F1-1 
/T1-F1-1 /T5-F2-1 
"
1081023,l#in#dua#mNYH#GcDoT#fsCUwh#IPxvypW#tFXAReQkZrSOVKJBbgjMzLqE,108.500000,2267.000000,58.000000,0.631579,1,"
minimal: 0 / states: 124 / duration: 0.000129s
history:
/T1-F2-1 /T2-F1-1 /T4-T2-1 /T4-F2-1 /T3-T1-1 /D:1     /W-T5-1  /D:1     /W-T2-1  /D:2     
/W-F0-1  /D:1     /W-T2-1  /T4-T2-1 /T4-T2-1 /D:6     /W-T4-1  /W-T4-1  /D:3     /W-T0-1  
/T6-T0-1 /T6-F2-1 /D:2     /W-F0-1  /D:1     /W-F1-1  /T2-F1-1 /D:1     /W-T1-1  /D:5     
/W-F2-1  /T4-F2-1 /D:1     /W-T4-1  /R       /D:1     /W-T6-1  /D:2     /W-T4-1  /D:5     
/W-T6-1  /W-T6-1  /T2-T6-5 /T2-F1-1 /D:2     /W-T2-1  /T3-T2-1 /T3-F3-1 /T6-T3-9 /T5-T6-2 
/T6-T0-3 /T6-T2-1 /T6-T3-1 /W-T2-1  /W-F3-1  /T3-F3-1 /T4-F3-1 /T1-T5-3 /W-T1-1  /T6-T2-1 
/D:1     /W-T6-1  /T0-T6-6 /D:1     /W-T1-1  /W-T1-1  /T5-T1-4 /T5-T2-1 /T5-F0-1 /T3-F0-1 
/T3-F3-1 /T4-F0-1 /T4-F3-1 /W-F1-1  /T3-F0-1 /T5-F2-1 /T3-F3-1 /T5-F1-1 /T1-F1-1 /T4-F0-1 
/T1-F0-1 /T6-F2-1 /T2-F3-1 /T3-F2-1 /T3-F3-1 /T6-F1-1 /T1-F1-1 /T2-F0-1 /T3-F0-1 /T6-F2-1 
/T1-F2-1 /T2-F1-1 /T1-F1-1 /T6-F3-1 /T2-F2-1 /T3-F3-1 /T3-F2-1 /T6-F0-1 /T1-F0-1 /T2-F3-1 
/T1-F3-1 /T6-F1-1 /T2-F0-1 /T3-F1-1 /T6-F2-1 
"
1081590,w#pQ#ZJI#utCY#drWeA#zhPjGi#EVmKDlx#goNRyqXnLbTOHMakFsUfScvB,98.000000,2346.000000,47.000000,0.640449,1,"
minimal: 0 / states: 129 / duration: 0.000133s
history:
/T4-F0-1 /T6-T3-1 /T5-T0-1 /D:3     /W-F3-1  /D:3     /W-T4-1  /D:2     /W-F2-1  /D:4     
/W-F3-1  /D:1     /W-T0-1  /W-T0-1  /D:2     /W-F1-1  /D:2     /W-T0-1  /T4-T0-2 /T2-T4-1 
/T4-T3-2 /T1-T4-1 /T1-T4-1 /D:2     /W-T3-1  /T5-T3-1 /D:1     /W-T3-1  /T4-T3-3 /D:2     
/W-T0-1  /D:1     /W-T5-1  /D:1     /W-F0-1  /R       /D:2     /W-F2-1  /T3-F2-1 /D:5     
/W-F1-1  /T0-F1-1 /T0-F2-1 /T4-F1-1 /T0-F1-1 /D:1     /W-T1-1  /T6-T1-1 /F1-T0-1 /T6-T0-1 
/T5-T6-2 /T5-F3-1 /T6-T1-3 /T6-T4-1 /T5-T1-1 /T3-T5-9 /T3-F0-1 /T0-F0-1 /T0-F1-1 /T5-F3-1 
/T5-F2-1 /T3-T1-1 /T6-T2-1 /T6-F0-1 /T5-F1-1 /T0-F0-1 /T5-F0-1 /T0-T3-1 /T0-F0-1 /W-T4-1  
/W-T4-1  /T2-T4-2 /W-T2-1  /W-F3-1  /W-F1-1  /T1-T5-1 /T1-F1-1 /T0-F1-1 /T5-T1-2 /T5-F0-1 
/T1-T5-3 /T1-F1-1 /T4-T0-1 /T4-F0-1 /T1-F0-1 /T4-T2-1 /T4-F0-1 /T0-T2-2 /T3-T2-2 /D:1     
/W-F1-1  /T1-F1-1 /T1-F0-1 /T4-F1-1 /D:1     /W-F2-1  /T5-F2-1 /D:1     /W-F3-1  /T2-F3-1 
/T2-F2-1 /T5-F3-1 /T2-F3-1 /T5-F2-1 /T2-F2-1 /T5-F3-1 /T2-F3-1 /T5-F2-1 /T2-F2-1 /T5-F3-1 
/T2-F3-1 /T5-F2-1 
"
1091321,y#CF#bPn#ozYM#jAEXN#LJRSWO#qHGZxcU#huBftvdkTVwrlimegDsQpaIK,100.000000,272.000000,43.000000,0.747126,0,"
minimal: 0 / states: 7150860 / duration: 24.847000s
history:
/T2-F2-1 /T4-F3-1 /T5-F3-1 /T2-F3-1 /D:5     /W-T6-1  /D:1     /W-T5-1  /D:2     /W-T0-1  
/D:3     /W-T0-1  /D:2     /W-T3-1  /D:1     /W-T0-1  /D:2     /W-T1-1  /D:2     /W-T1-1  
/D:2     /W-F3-1  /D:2     /W-F1-1  /T2-F1-1 /T6-T5-2 /T6-F1-1 /T5-T6-4 /T5-T6-1 /T5-F3-1 
/T5-T4-1 /T4-T5-2 /T4-T6-1 /T4-F0-1 /D:1     /W-T4-1  /D:1     /R       /D:1     /W-T4-1  
/D:1     /W-T0-1  /D:1     /W-F0-1  /D:2     /W-F1-1  /D:1     /W-T0-1  /T1-T0-3 /T1-F0-1 
/T0-F0-1 /T0-F1-1 /T6-F0-1 /T0-F0-1 /T6-F3-1 /T0-F3-1 /T6-T4-1 /T6-F3-1 /D:1     /W-F3-1  
/T3-T1-2 /T6-T1-3 /T6-T2-1 /T6-F0-1 /T6-F0-1 /T4-T1-2 /T4-F0-1 /T5-F0-1 /T1-T4-3 /T1-F3-1 
/T5-F3-1 /T3-F3-1 /T2-F3-1 /T3-T2-1 /T3-F2-1 /D:3     /W-T0-1  /D:2     /W-F2-1  /T6-F2-1 
/D:1     /W-F0-1  /T5-F0-1 /R       /D:1     /W-F1-1  /T0-F1-1 /D:1     /W-F2-1  /D:1     
/W-T3-1  /D:1     /W-F2-1  /T4-F2-1 /T0-F2-1 /T4-F1-1 /T0-F1-1 /T4-F2-1 /T0-F2-1 /T1-F2-1 
/T4-F1-1 /T0-F1-1 /T0-F2-1 /T1-F1-1 /T1-F0-1 /T2-F2-1 /T3-F1-1 
"
1100002,G#WL#nPa#Mysi#gAedc#xjwfXS#RFuICBK#mhlokVQHJEUtZzvqNDrTYpbO,98.000000,116.000000,38.000000,0.764706,0,"
minimal: 0 / states: 2993474 / duration: 10.366565s
history:
/T2-F1-1 /D:4     /W-T4-1  /D:1     /W-T1-1  /D:3     /W-T3-1  /D:1     /W-T1-1  /D:1     
/W-T5-1  /D:7     /W-F3-1  /D:3     /W-T3-1  /D:3     /W-F1-1  /D:1     /W-F3-1  /T2-F3-1 
/T2-F2-1 /T4-F2-1 /T4-F1-1 /T4-F1-1 /T3-T1-3 /T3-T1-1 /R       /D:1     /W-T2-1  /T3-T2-1 
/D:2     /W-T3-1  /D:2     /W-F3-1  /T4-T1-1 /T4-F0-1 /T6-T3-1 /T6-F0-1 /T6-F0-1 /D:1     
/W-T6-1  /D:1     /W-T6-1  /D:4     /W-T1-1  /D:1     /W-F0-1  /T5-F0-1 /D:1     /W-T5-1  
/D:2     /W-F2-1  /T1-F2-1 /T1-F1-1 /T5-F2-1 /T1-F2-1 /T6-F2-1 /T5-T0-1 /T5-T2-1 /T5-F1-1 
/T4-F1-1 /T5-T2-1 /T6-T5-2 /T6-F2-1 /T6-F0-1 /T6-F3-1 /T0-F3-1 /T0-F0-1 /T1-F3-1 /T1-F0-1 
/T5-F3-1 /T5-F0-1 /R       /D:1     /W-F1-1  /T1-F1-1 /T1-F0-1 /T5-F1-1 /T1-F1-1 /T3-F0-1 
/T1-F0-1 /T3-F1-1 /T3-F0-1 /D:1     /W-F3-1  /T1-F3-1 /D:3     /W-F2-1  /T2-F2-1 /T2-F3-1 
/T5-F2-1 /T2-F2-1 /T2-F1-1 /D:1     /W-F3-1  /R       /D:1     /W-F3-1  /D:1     /W-F2-1  
"
1100559,L#mn#ild#txRW#bgoYB#fuSFVK#hrUGIcX#wyqajNCADPsZHkTpvQMzEeJO,67.000000,129.000000,42.000000,0.673077,0,"
minimal: 0 / states: 2197812 / duration: 8.120917s
history:
/T1-F2-1 /T3-T5-1 /D:1     /W-T6-1  /D:2     /W-T3-1  /D:1     /W-F1-1  /D:2     /W-F3-1  
/D:1     /W-T2-1  /D:1     /W-F0-1  /T4-F0-1 /T2-F0-1 /T5-T4-2 /T6-T0-2 /D:1     /W-F0-1  
/T0-T1-3 /D:1     /W-T3-1  /D:3     /W-T5-1  /D:3     /W-T2-1  /D:3     /W-T0-1  /T4-T0-3 
/T4-F2-1 /T2-F2-1 /T4-T5-1 /T4-F1-1 /T6-F1-1 /T2-F1-1 /D:1     /W-T4-1  /D:1     /W-F0-1  
/T5-T1-3 /T5-F0-1 /T6-T0-1 /T6-F0-1 /D:1     /W-F1-1  /D:2     /W-F3-1  /T3-F3-1 /T3-F2-1 
/T6-T0-1 /T6-F2-1 /T2-T4-1 /R       /D:3     /W-F2-1  /D:5     /W-F3-1  /T3-F3-1 /T5-F3-1 
/T3-T4-1 /T3-F2-1 /T5-F2-1 /T5-F1-1 /T1-F1-1 /T1-F0-1 /T6-F1-1 /T2-F1-1 /D:1     /R       
/D:2     /W-F1-1  /D:2     /W-F1-1  /D:1     /W-F3-1  /T0-F3-1 /T0-F0-1 /T1-F3-1 /T0-F3-1 
/D:1     /W-F2-1  /T1-F2-1 /T1-F3-1 /T4-F2-1 /T4-F1-1 /D:1     /W-F0-1  /T0-F0-1 /T0-F3-1 
/T1-F0-1 /T0-F0-1 /T1-F1-1 /R       /D:1     /W-F2-1  /T4-F2-1 /D:1     /W-F3-1  
"
1100957,i#GE#NvW#JPAy#LXdDs#brVMxf#tpBuohC#SUgeTKcqHnOaklZjFmYIQzRw,138.000000,3389.000000,65.000000,0.634783,1,"
minimal: 0 / states: 139 / duration: 0.000131s
history:
/T1-T5-1 /T5-T1-2 /T2-T5-1 /T2-T5-1 /T2-F3-1 /D:2     /W-T5-1  /T1-T5-3 /D:2     /W-T4-1  
/D:4     /W-T4-1  /W-T4-1  /D:1     /W-T0-1  /D:1     /W-F2-1  /D:1     /W-F3-1  /D:1     
/W-F1-1  /D:1     /W-T3-1  /D:2     /W-T1-1  /T3-T1-2 /T3-F0-1 /T3-F3-1 /T0-T3-2 /T3-T1-3 
/D:3     /W-T0-1  /D:3     /W-T5-1  /T6-T5-1 /D:1     /W-T2-1  /D:2     /R       /D:2     
/W-T1-1  /T4-T1-4 /D:3     /W-T2-1  /T5-T2-9 /T5-T3-1 /D:3     /W-T3-1  /D:3     /R       
/D:3     /W-T3-1  /D:1     /W-T3-1  /D:2     /W-T3-1  /T6-T3-1 /T6-F2-1 /T6-T5-1 /T6-F0-1 
/T6-F2-1 /T2-F0-1 /T2-F3-1 /T4-F0-1 /T4-T2-1 /T6-T3-1 /D:1     /W-F3-1  /D:1     /W-T4-1  
/T5-T4-2 /T2-T5-1 /T2-F0-1 /T5-T2-2 /T5-F1-1 /T1-F1-1 /T1-F2-1 /T2-F1-1 /T1-F1-1 /T2-F2-1 
/T1-F2-1 /T2-F1-1 /W-F0-1  /T1-F1-1 /T2-F0-1 /T1-F0-1 /T3-F2-1 /T3-F1-1 /T1-F1-1 /T3-F0-1 
/T1-F0-1 /T3-F1-1 /T1-F1-1 /T4-T1-4 /T1-F2-1 /T3-F0-1 /T4-F0-1 /T2-T3-4 /T2-F1-1 /T0-F1-1 
/T3-T2-5 /T3-F0-1 /R       /D:1     /W-F3-1  /D:1     /W-F3-1  /T2-F3-1 /T1-F3-1 /T2-F2-1 
/T1-F2-1 /T2-F3-1 /T1-F3-1 /T2-F2-1 /T1-F2-1 /T2-F3-1 /T1-F3-1 /T2-F2-1 
"
