id,seed,forcedness,compression_score,stagnation,efficiency,auto_move_flag,result
1010051,P#od#kxw#HFfX#yDcUr#MITutR#YWVQvNq#maSsAiELOZpzbBGJCjghlnKe,130.000000,2114.000000,37.000000,0.708333,1,"
minimal: 0 / states: 114 / duration: 0.000118s
history:
/T6-T5-1 /T6-F3-1 /T2-T3-1 /T1-T4-1 /T0-T5-1 /T1-T5-1 /D:1     /W-T0-1  /D:1     /W-F1-1  
/D:3     /W-F0-1  /D:1     /W-T3-1  /D:2     /W-T0-1  /T3-T0-3 /T4-T3-2 /T4-T6-1 /D:1     
/W-F3-1  /T5-T4-1 /T5-F3-1 /T4-T5-2 /D:1     /W-T1-1  /D:1     /W-T3-1  /D:2     /W-F1-1  
/D:1     /W-F0-1  /D:1     /W-T6-1  /T3-T6-4 /T5-T3-4 /D:2     /W-F0-1  /T4-F0-1 /T4-T1-1 
/D:1     /W-T2-1  /T6-T2-7 /T6-F3-1 /D:4     /W-F2-1  /T3-F2-1 /T2-F2-1 /T3-F1-1 /T2-F1-1 
/T3-F2-1 /T2-F2-1 /T3-F3-1 /D:2     /W-F1-1  /T2-F1-1 /R       /D:1     /W-F3-1  /D:1     
/W-F2-1  /T5-F2-1 /T5-F2-1 /T5-F3-1 /T2-T5-2 /T2-F2-1 /T5-T2-3 /D:1     /W-F0-1  /T3-F0-1 
/T2-F0-1 /T2-F3-1 /T6-F3-1 /T6-F3-1 /T2-T6-3 /T3-F0-1 /T6-F0-1 /T0-T2-2 /T0-F3-1 /T2-T0-3 
/T6-T5-3 /D:1     /W-T2-1  /D:1     /W-F0-1  /D:1     /W-F1-1  /D:1     /W-F1-1  /T0-F1-1 
/T0-F2-1 /T5-F1-1 /T0-F1-1 /T5-F2-1 /T1-F2-1 /T2-F2-1 /T5-F3-1 /T1-F3-1 /D:1     /W-F1-1  
/D:1     /W-F0-1  /T0-F0-1 /T0-F1-1 /T5-F0-1 
"
1010086,z#lW#bJB#KyLn#fMCFT#jwiPNS#gUYqchr#kRdEsGvpDaoIAteOumVxHXZQ,183.500000,2880.000000,42.000000,0.617021,1,"
minimal: 0 / states: 121 / duration: 0.000124s
history:
/T3-F2-1 /T6-T5-1 /D:1     /W-T3-1  /D:2     /W-T5-1  /D:2     /W-T4-1  /D:1     /W-T6-1  
/T5-T6-3 /T5-F3-1 /T2-T5-1 /T2-T3-1 /D:1     /W-T1-1  /T6-T1-5 /D:1     /W-T1-1  /T2-T1-1 
/D:2     /W-F1-1  /T1-F1-1 /T6-F1-1 /T5-T6-2 /T5-T3-1 /D:1     /W-F2-1  /T1-F2-1 /T1-F1-1 
/D:2     /W-F0-1  /T6-F0-1 /D:2     /W-T4-1  /T6-T4-2 /T6-T0-1 /W-T6-1  /D:1     /W-F3-1  
/T4-F3-1 /T4-F2-1 /T1-F2-1 /T4-F1-1 /T4-F2-1 /T6-F2-1 /D:1     /W-T3-1  /T4-T3-1 /T4-T3-1 
/T4-F0-1 /T4-T2-1 /T4-F1-1 /D:1     /W-T4-1  /T3-T4-7 /D:1     /W-T5-1  /D:1     /W-T0-1  
/T1-T0-5 /T1-T2-1 /D:1     /W-T5-1  /T4-T5-2 /T4-F2-1 /D:1     /W-T3-1  /T5-T3-5 /W-T5-1  
/W-F0-1  /T6-T5-1 /T6-F1-1 /W-F0-1  /T3-F0-1 /T0-T5-2 /T0-F1-1 /T0-F2-1 /T4-F1-1 /T3-T4-3 
/T3-F2-1 /T5-T0-4 /T5-F1-1 /T4-T3-4 /T4-F1-1 /T2-F1-1 /D:1     /W-T1-1  /T3-T1-6 /T0-T3-5 
/T0-F2-1 /T1-T4-5 /T1-F2-1 /T0-T2-1 /T0-F2-1 /T4-T1-6 /T4-F1-1 /T3-T2-6 /D:1     /W-F3-1  
/W-F3-1  /T2-F3-1 /T1-F3-1 /T2-F0-1 /T1-F0-1 /T2-F3-1 /T1-F3-1 /T2-F0-1 /T1-F0-1 /T2-F3-1 
/T1-F3-1 /T2-F0-1 /T1-F0-1 /T2-F3-1 /T1-F3-1 /T2-F0-1 
"
1010088,M#Nm#LBl#JHtK#iGrbU#gcWyzd#CEFanVf#YxIhqZATjSQsvpwekOouXRDP,111.000000,1212.000000,37.000000,0.700000,1,"
minimal: 0 / states: 121 / duration: 0.000119s
history:
/T3-T2-1 /T6-T3-1 /T2-T0-2 /T3-T4-2 /T3-T6-1 /T6-T3-2 /T6-F2-1 /T6-F1-1 /D:7     /W-F0-1  
/T2-F0-1 /T2-T1-1 /T1-T2-2 /T1-F3-1 /W-T1-1  /D:1     /W-T3-1  /T6-T3-1 /T5-T6-1 /T6-T4-2 
/T6-T4-1 /T5-T6-1 /T5-T1-1 /T5-T0-1 /T4-F0-1 /D:5     /W-T0-1  /T4-T0-5 /T4-F1-1 /T5-F1-1 
/T0-F1-1 /W-T5-1  /W-T0-1  /D:1     /W-T0-1  /D:2     /W-F1-1  /D:1     /W-T1-1  /W-T1-1  
/D:1     /W-F3-1  /D:1     /W-F2-1  /T0-F2-1 /D:2     /W-T2-1  /T3-T2-5 /D:1     /W-T2-1  
/D:1     /W-F0-1  /T0-T4-1 /T0-F0-1 /T4-T0-2 /T2-T5-1 /T2-F0-1 /T4-F0-1 /W-T4-1  /T2-T4-1 
/T2-F0-1 /T4-T1-3 /D:1     /W-F3-1  /T0-F3-1 /T5-F3-1 /W-F3-1  /T1-F3-1 /T5-T1-2 /R       
/D:1     /W-T6-1  /D:1     /W-T6-1  /D:1     /W-F0-1  /D:2     /W-F2-1  /T0-F2-1 /T0-F1-1 
/T1-F2-1 /T0-F2-1 /T0-F3-1 /T1-F1-1 /T1-F2-1 /T2-F3-1 /W-F1-1  /T0-F2-1 /T0-F3-1 /T1-F1-1 
/T1-F2-1 /T2-F0-1 /T2-F3-1 /T0-F0-1 /T2-F0-1 /T6-F2-1 /T6-F3-1 /T0-T6-1 /T0-F0-1 /T1-T2-2 
/T1-F3-1 /D:1     /W-F1-1  /T2-F1-1 /T2-F2-1 /T6-F1-1 /T2-F1-1 /T6-F2-1 
"
1010090,q#KO#maN#QYDU#pTVrE#LwdZyj#WMAkoIn#FGtBzhCvbXclPJHxeSiRufgs,107.500000,889.000000,31.000000,0.753846,1,"
minimal: 0 / states: 109 / duration: 0.000104s
history:
/T2-F3-1 /T1-F3-1 /T2-F1-1 /T6-F2-1 /T5-T1-1 /T6-T1-1 /T6-F2-1 /T5-T2-1 /T3-T1-1 /T6-T2-1 
/T6-F0-1 /D:2     /W-T1-1  /D:2     /W-F0-1  /D:3     /W-F0-1  /T3-F0-1 /T4-F0-1 /T3-T6-1 
/T1-T6-5 /T5-T1-1 /T5-T4-1 /T5-T2-1 /T5-T1-1 /T6-T5-7 /D:1     /W-T6-1  /W-T6-1  /D:1     
/W-F1-1  /D:1     /W-T1-1  /D:1     /W-F1-1  /T4-F1-1 /T3-T4-1 /W-T3-1  /W-T6-1  /W-F0-1  
/T5-F0-1 /D:1     /W-T3-1  /D:1     /W-F3-1  /T4-F3-1 /D:1     /W-T1-1  /D:1     /W-F0-1  
/D:1     /W-T3-1  /T6-T3-4 /D:1     /W-F1-1  /D:1     /W-T3-1  /T4-T3-1 /T4-T1-1 /F0-T1-1 
/T4-T1-1 /T4-F2-1 /T0-F2-1 /T3-F2-1 /D:1     /W-T2-1  /D:1     /W-F3-1  /T3-F3-1 /T1-F3-1 
/T1-F0-1 /T5-F3-1 /T1-F3-1 /T5-F0-1 /T1-F0-1 /T3-T5-3 /T3-F3-1 /T1-F3-1 /T5-T3-4 /T5-F0-1 
/T1-F0-1 /T5-F3-1 /T1-F3-1 /T5-F0-1 /D:1     /W-T2-1  /D:1     /W-F1-1  /D:1     /W-F1-1  
/D:1     /W-F2-1  /T3-F2-1 /T2-F2-1 /T3-F1-1 /T2-F1-1 /T3-F2-1 /T2-F2-1 /T3-F1-1 /T2-F1-1 
/T3-F2-1 /T2-F2-1 /T3-F1-1 /T2-F1-1 /T3-F2-1 
"
1010115,f#oJ#qwm#OLZg#SYrIR#zxFGPa#hydcCAB#unkVMNEDpUlHvitKsWQeXTbj,119.500000,1309.000000,39.000000,0.680000,1,"
minimal: 0 / states: 121 / duration: 0.000117s
history:
/T5-F1-1 /T6-T5-1 /T6-F0-1 /T5-F0-1 /T6-F0-1 /D:2     /W-F2-1  /D:2     /W-T1-1  /D:2     
/W-F3-1  /D:1     /W-T0-1  /D:1     /W-T4-1  /T5-T4-1 /T0-T5-2 /T2-T0-1 /D:4     /W-T1-1  
/T3-T1-1 /D:2     /W-T2-1  /D:3     /W-T1-1  /T4-T1-3 /D:2     /W-T5-1  /D:4     /W-F1-1  
/T6-F1-1 /T6-F1-1 /T6-T0-1 /T5-T6-4 /T6-T4-5 /T3-T6-1 /T3-T6-1 /T3-F3-1 /T1-F3-1 /T1-F0-1 
/T4-F3-1 /T4-F0-1 /T5-F0-1 /T1-F3-1 /D:1     /W-T5-1  /T4-T5-4 /T4-T5-1 /T5-T4-7 /T4-T5-8 
/T4-F3-1 /W-F3-1  /W-T0-1  /T1-T0-5 /T1-F2-1 /W-F1-1  /R       /D:1     /W-T2-1  /D:1     
/W-T6-1  /T2-T6-3 /D:1     /W-T1-1  /D:1     /W-F2-1  /T2-F2-1 /T5-F2-1 /T0-F2-1 /T5-F1-1 
/T0-F1-1 /T5-F0-1 /T0-F0-1 /T5-F1-1 /T5-F0-1 /T6-T0-1 /T6-F1-1 /T5-F1-1 /T0-T6-2 /T0-F0-1 
/T6-T0-3 /T6-F1-1 /D:1     /W-F3-1  /D:1     /W-F1-1  /D:2     /W-F2-1  /T0-F2-1 /T0-F3-1 
/W-F2-1  /T0-F2-1 /T5-F2-1 /T0-T6-1 /T0-F2-1 /T0-F1-1 /T5-T1-1 /T5-F2-1 /D:1     /W-F0-1  
/D:1     /W-F3-1  /T6-F3-1 /T1-F3-1 /T6-F0-1 /T1-F0-1 /T6-F3-1 
"
1010234,Y#Ji#wEy#UbfN#xqdMo#ImaRQc#uFvWKZO#DTlkpHVBgnPjsLCAtrezGShX,131.000000,1644.000000,51.000000,0.536585,1,"
minimal: 0 / states: 131 / duration: 0.000123s
history:
/T3-F3-1 /T6-F3-1 /T4-T5-1 /T2-T6-1 /T2-T3-1 /T1-T2-1 /T0-T4-1 /T6-T0-2 /T6-T4-1 /T6-T4-1 
/T6-T4-1 /D:4     /W-T0-1  /T1-T0-1 /T4-T1-5 /T4-T3-1 /T5-T4-2 /D:1     /W-T3-1  /D:1     
/W-T2-1  /D:1     /W-T0-1  /D:2     /W-T2-1  /T6-T2-1 /T6-T0-1 /D:1     /W-F2-1  /T4-F2-1 
/T3-F2-1 /W-T4-1  /D:1     /W-F3-1  /T5-F3-1 /T5-F3-1 /T5-F1-1 /T5-T6-1 /F3-T2-1 /T4-T2-3 
/D:1     /W-T4-1  /T5-T4-1 /D:2     /W-T6-1  /D:1     /W-T3-1  /D:1     /W-F0-1  /T2-F0-1 
/T3-F0-1 /D:4     /W-T5-1  /D:3     /W-T1-1  /D:1     /W-T6-1  /T2-T6-8 /R       /D:1     
/W-F0-1  /D:1     /W-T0-1  /D:1     /W-T5-1  /T4-T5-3 /D:1     /W-T0-1  /D:1     /W-T1-1  
/T3-T1-3 /T3-F1-1 /T6-F1-1 /T1-F1-1 /T1-F0-1 /T6-F2-1 /T6-F3-1 /T6-F0-1 /T3-T5-1 /D:1     
/W-F2-1  /T0-F2-1 /D:1     /W-F1-1  /T1-F1-1 /T6-F1-1 /T1-F2-1 /T1-F1-1 /T0-T6-1 /T0-F2-1 
/T1-F2-1 /T6-T0-2 /T6-F1-1 /T6-F2-1 /T5-T1-2 /T5-F1-1 /T5-F2-1 /T0-T6-4 /T0-F1-1 /T0-F2-1 
/T5-F1-1 /T5-F2-1 /T6-T0-6 /T6-F1-1 /D:1     /W-F0-1  /D:1     /W-F3-1  /T0-F3-1 /T0-F0-1 
/T1-F3-1 /T0-F3-1 /T1-F0-1 /T0-F0-1 /T1-F3-1 /T0-F3-1 /T1-F0-1 /T0-F0-1 /T1-F3-1 /T0-F3-1 
/T1-F0-1 
"
1010251,v#wY#WRd#BQfq#kGtDn#rZCiNc#LXIgKzo#EyPVxMspjTumeFhbAUSaOJlH,153.500000,1449.000000,52.000000,0.681416,1,"
minimal: 0 / states: 120 / duration: 0.000129s
history:
/T4-F2-1 /T6-F2-1 /T5-T3-1 /T5-F3-1 /T1-T6-1 /T5-T1-1 /T5-T2-1 /D:2     /W-T5-1  /D:1     
/W-T4-1  /D:2     /W-T6-1  /D:3     /W-F2-1  /D:1     /W-T6-1  /T0-T6-1 /T6-T0-5 /D:2     
/W-T1-1  /W-T1-1  /W-T1-1  /D:2     /W-T1-1  /T3-T1-2 /D:2     /W-T0-1  /D:1     /W-T2-1  
/D:1     /W-F0-1  /D:3     /W-F1-1  /T2-F1-1 /T1-F1-1 /T1-F2-1 /T4-T1-2 /T3-T4-1 /T4-T0-2 
/T2-T3-1 /T2-F1-1 /T1-T2-2 /T1-F1-1 /T2-T1-3 /T2-T6-1 /T5-T2-2 /T3-T5-2 /T3-F0-1 /T0-F1-1 
/T5-F0-1 /W-T0-1  /T5-T0-2 /D:1     /W-F3-1  /T1-F3-1 /T0-F3-1 /T0-F2-1 /T1-F0-1 /T1-F3-1 
/T1-F2-1 /T0-F3-1 /T0-F2-1 /T4-T0-1 /T1-F3-1 /T1-F2-1 /W-F3-1  /T1-T4-2 /T4-T2-3 /D:3     
/W-T2-1  /R       /D:1     /W-F0-1  /D:1     /W-F3-1  /T6-F3-1 /D:1     /W-T1-1  /D:1     
/W-T3-1  /D:1     /W-F0-1  /T0-F0-1 /T2-F0-1 /D:2     /W-T1-1  /T6-T1-1 /T6-F1-1 /T0-F1-1 
/T0-F2-1 /T2-F1-1 /T2-F2-1 /T6-F0-1 /T0-F1-1 /T0-F2-1 /W-F0-1  /T1-F0-1 /T2-F1-1 /T1-F1-1 
/T6-F3-1 /T0-F3-1 /T2-F2-1 /T0-F2-1 /T6-F0-1 /T1-F0-1 /T2-F3-1 /T3-F1-1 
"
1010287,Q#XH#RpB#YSUn#AejMF#uJoaLT#qbydEvC#cGKrkiPOzVgWwDfhlNZtIsmx,114.000000,1676.000000,56.000000,0.553571,1,"
minimal: 0 / states: 135 / duration: 0.000128s
history:
/T3-F2-1 /T6-T0-1 /T5-T1-1 /T4-T1-1 /T3-T6-1 /D:2     /W-T6-1  /T3-T6-1 /T3-T4-1 /T4-T3-2 
/T6-T4-4 /T6-T4-1 /T6-T4-1 /D:1     /W-T3-1  /T4-T3-7 /T4-T1-1 /T4-F0-1 /T2-F0-1 /T2-T3-1 
/T0-F0-1 /D:2     /W-T5-1  /D:3     /W-T3-1  /D:1     /W-T4-1  /D:4     /W-T5-1  /D:1     
/W-F0-1  /D:3     /W-T4-1  /D:1     /W-F3-1  /T3-F3-1 /D:6     /W-T4-1  /R       /D:3     
/W-T5-1  /T1-T5-4 /T1-T6-1 /D:1     /W-F3-1  /T0-F3-1 /T2-F3-1 /D:3     /W-T4-1  /D:3     
/W-T0-1  /T5-T0-8 /T5-F1-1 /T5-F2-1 /T5-T6-1 /T3-F2-1 /D:2     /W-T4-1  /D:2     /W-T1-1  
/T6-T1-3 /T6-F1-1 /T6-F2-1 /R       /D:1     /W-F1-1  /T3-F1-1 /T0-F1-1 /T3-F0-1 /T0-F0-1 
/T3-F3-1 /T0-F3-1 /T3-F0-1 /T0-F0-1 /T3-F3-1 /T4-F0-1 /T1-F0-1 /T5-T0-1 /D:1     /W-F2-1  
/D:1     /W-F3-1  /T4-F3-1 /T1-F3-1 /T3-T4-2 /T3-F0-1 /T3-F3-1 /T0-T1-4 /T0-F0-1 /T0-F3-1 
/T3-F0-1 /D:1     /W-T1-1  /D:1     /W-F1-1  /T1-F1-1 /D:1     /W-F1-1  /D:2     /W-F2-1  
/W-F2-1  /T1-F2-1 /T1-F1-1 /T4-F2-1 /T1-F2-1 /T4-F1-1 /T1-F1-1 /T4-F2-1 /T1-F2-1 /T4-F1-1 
/T1-F1-1 /T4-F2-1 
"
1010293,V#qd#Wva#xQPe#TcJlS#IfmsoF#LbBpCGU#yKNEARYzMZgrutDjkwHhOiXn,109.500000,1201.000000,37.000000,0.695946,1,"
minimal: 0 / states: 123 / duration: 0.000124s
history:
/T2-F1-1 /T6-T2-1 /T6-T2-1 /T4-T2-1 /T6-T1-1 /T3-T5-1 /D:2     /W-T4-1  /D:1     /W-F3-1  
/D:1     /W-T2-1  /T1-T2-2 /T3-T1-1 /T6-T3-1 /T6-T1-1 /T6-F1-1 /T1-T5-3 /D:1     /W-F0-1  
/T5-F0-1 /T2-F0-1 /D:3     /W-T1-1  /T4-T1-2 /T0-T4-1 /D:1     /W-T0-1  /W-T0-1  /D:4     
/W-T4-1  /D:2     /W-F0-1  /D:1     /W-T1-1  /T2-T1-6 /D:1     /W-T6-1  /T4-T6-3 /T4-F1-1 
/T5-T4-4 /T5-T4-1 /T1-F1-1 /T3-T1-2 /T2-T3-1 /T3-T0-2 /T4-T6-6 /D:4     /W-F3-1  /D:3     
/W-F2-1  /T6-F2-1 /T1-F2-1 /T6-F3-1 /T1-F3-1 /T1-F0-1 /T6-F2-1 /T6-F1-1 /T6-F0-1 /T5-T6-1 
/T5-T2-1 /T5-F1-1 /T5-T0-1 /T6-T2-7 /R       /D:2     /W-F3-1  /T1-F3-1 /T1-F0-1 /D:1     
/W-T3-1  /W-T3-1  /D:1     /W-F1-1  /D:1     /W-F2-1  /T2-F2-1 /T2-F3-1 /T1-F3-1 /D:1     
/W-F2-1  /T2-F2-1 /T1-F2-1 /T2-F3-1 /T0-T1-1 /T0-F3-1 /D:1     /W-F2-1  /T0-F2-1 /T3-F2-1 
/D:1     /W-F0-1  /T1-F0-1 /T2-F0-1 /D:1     /W-F1-1  /D:1     /W-F1-1  /T1-F1-1 /T1-F0-1 
/T2-F1-1 /T1-F1-1 /T1-F2-1 /T2-F0-1 /T2-F1-1 /D:1     /W-F3-1  /T0-F3-1 /T0-F0-1 /T3-F3-1 
"
1010307,h#Zw#iOC#fUam#rLJQo#sMkpPd#YgXteEN#DcxlSBGTnqAVyzFKRjHWbvIu,104.500000,1401.000000,39.000000,0.682927,1,"
minimal: 0 / states: 120 / duration: 0.000129s
history:
/T6-F3-1 /T5-T6-1 /T4-T5-1 /T2-T4-1 /T2-F3-1 /T2-T1-1 /T3-T2-1 /T3-F1-1 /D:7     /W-T0-1  
/D:2     /W-F2-1  /T5-F2-1 /T5-F3-1 /T5-F2-1 /T1-T5-2 /T4-T6-1 /T4-F3-1 /D:1     /W-F2-1  
/D:1     /W-F0-1  /D:1     /W-T4-1  /D:1     /W-T1-1  /T5-T1-3 /D:4     /W-F3-1  /D:2     
/W-T1-1  /D:2     /W-F1-1  /D:3     /W-T4-1  /R       /D:2     /W-F1-1  /D:2     /W-T5-1  
/W-T5-1  /D:1     /W-T0-1  /T6-T0-3 /W-T6-1  /D:1     /W-F0-1  /T0-F0-1 /T0-F1-1 /T6-F0-1 
/T0-F0-1 /T6-F1-1 /T6-T3-1 /T4-T6-3 /T6-T4-4 /T4-T2-5 /T4-F2-1 /T0-F3-1 /T5-T4-3 /T5-F2-1 
/T6-T1-1 /T3-F2-1 /T2-F2-1 /D:1     /W-F3-1  /T3-F3-1 /T3-F1-1 /T1-F1-1 /T2-F3-1 /D:1     
/W-T3-1  /T6-T3-1 /D:1     /W-F0-1  /T0-F0-1 /T0-F1-1 /T1-F0-1 /T1-F1-1 /D:1     /W-T3-1  
/D:1     /W-F1-1  /D:1     /W-F3-1  /D:1     /W-F2-1  /T1-F2-1 /T4-F2-1 /T1-F1-1 /T1-F2-1 
/T4-F1-1 /T2-T1-3 /T2-F1-1 /T3-T4-2 /T3-F2-1 /D:1     /W-F0-1  /T1-F0-1 /T1-F3-1 /T4-F0-1 
/T1-F0-1 /T4-F3-1 /T1-F3-1 /T4-F0-1 
"
1010321,m#Sv#xIf#YHEz#rKBkl#swRPNJ#tWhygQF#LTpjdbDAMuncUoVZiXeaOGqC,132.500000,2485.000000,38.000000,0.666667,1,"
minimal: 0 / states: 116 / duration: 0.000120s
history:
/T4-T3-1 /T5-T4-1 /T5-F3-1 /D:1     /W-T0-1  /T4-T0-2 /T4-T5-1 /T4-T3-1 /T4-T2-1 /T3-T4-3 
/D:3     /W-T4-1  /T1-T4-1 /T3-T1-1 /D:1     /W-T1-1  /W-T1-1  /W-T3-1  /T6-T3-1 /T6-T2-1 
/D:1     /W-T1-1  /D:2     /W-F0-1  /T5-F0-1 /D:3     /W-F2-1  /D:2     /W-T4-1  /D:1     
/W-F2-1  /D:1     /W-T0-1  /T3-T0-3 /D:4     /W-T0-1  /D:1     /W-F1-1  /T1-F1-1 /T1-F2-1 
/D:1     /W-F3-1  /T5-F3-1 /T2-F3-1 /T5-F3-1 /D:1     /W-T4-1  /T2-T4-2 /D:1     /W-F2-1  
/T4-F2-1 /T1-T4-2 /T1-F3-1 /T0-T6-2 /T0-F3-1 /T6-T0-3 /W-T6-1  /T5-T6-1 /T5-F2-1 /W-T6-1  
/W-T1-1  /W-F1-1  /T6-T1-4 /T6-T2-1 /T2-T6-2 /T6-T2-3 /T4-F1-1 /T0-F1-1 /T6-F2-1 /W-F2-1  
/T4-T2-3 /T4-F3-1 /T4-F2-1 /T0-T1-3 /T0-F3-1 /T1-T0-4 /T1-F2-1 /T2-T4-5 /T2-F3-1 /T1-F3-1 
/T2-F2-1 /T1-F2-1 /T3-F3-1 /T1-F3-1 /W-T1-1  /T4-T1-8 /T4-F2-1 /D:1     /W-F0-1  /W-F0-1  
/T1-F0-1 /T0-F0-1 /T1-F1-1 /T0-F1-1 /T1-F0-1 /T0-F0-1 /T1-F1-1 /T0-F1-1 /T1-F0-1 /T0-F0-1 
/T1-F1-1 /T0-F1-1 /T1-F0-1 /T0-F0-1 /T1-F1-1 /T0-F1-1 /T1-F0-1 
"
1010337,M#ba#sOQ#hBCl#jiWRo#TyedqK#JxXwgmD#IZpHtAuVScrfLFYzPEUvGknN,123.500000,3403.000000,45.000000,0.583333,1,"
minimal: 0 / states: 128 / duration: 0.000126s
history:
/T1-F1-1 /T1-F1-1 /T5-T3-1 /T3-T0-2 /T3-T2-1 /D:2     /W-T1-1  /D:4     /W-F0-1  /T3-F0-1 
/T2-F0-1 /T6-F0-1 /W-T3-1  /D:3     /W-T3-1  /D:1     /W-T5-1  /T4-T5-1 /T5-T4-3 /D:1     
/W-T3-1  /T5-T3-1 /D:2     /W-T1-1  /D:5     /W-F0-1  /D:4     /W-T1-1  /D:1     /W-F2-1  
/T4-F2-1 /T4-F1-1 /T3-F1-1 /T5-F1-1 /T2-T3-1 /T5-T6-1 /D:1     /W-F3-1  /T2-F3-1 /T4-T2-2 
/T4-T0-1 /T2-T5-3 /T6-T2-2 /R       /D:1     /W-T0-1  /T3-T0-5 /D:1     /W-F2-1  /T5-F2-1 
/D:1     /W-T4-1  /T6-T4-1 /T6-T1-1 /T6-T2-1 /T4-T1-3 /T4-T6-1 /D:3     /W-F1-1  /T1-F1-1 
/T5-T1-3 /D:1     /W-F0-1  /D:2     /W-T3-1  /W-T3-1  /T6-T3-2 /W-T6-1  /W-T6-1  /T6-T2-3 
/D:1     /W-F3-1  /T0-F3-1 /T0-F2-1 /T1-F3-1 /T0-F3-1 /T1-F2-1 /T0-F2-1 /T1-F3-1 /T2-F2-1 
/T0-F1-1 /T1-T2-1 /T1-F1-1 /T3-F1-1 /D:1     /W-F3-1  /D:1     /W-F2-1  /T1-F2-1 /T1-F1-1 
/T3-F2-1 /T0-T3-3 /T0-F1-1 /T2-T1-4 /T2-F2-1 /T2-F1-1 /T3-T0-4 /T3-F2-1 /D:1     /W-F0-1  
/T1-F0-1 /T0-F0-1 /T1-F3-1 /T0-F3-1 /T1-F0-1 /T0-F0-1 /T1-F3-1 /T0-F3-1 /T1-F0-1 /T0-F0-1 
/T1-F3-1 
"
1010372,z#LY#DkI#dyOb#KCAXT#EFqsZh#gGrfwPR#mlpWBaQSjUeHvVNxMtociJun,115.500000,1609.000000,57.000000,0.570755,1,"
minimal: 0 / states: 127 / duration: 0.000185s
history:
/T5-T2-1  /T1-T0-1  /T1-T5-1  /T5-T1-2  /T6-T5-1  /T5-T4-2  /T6-T5-1  /T5-T4-2  /D:5      /W-T4-1   
/D:1      /W-F1-1   /T3-F1-1  /D:5      /W-T5-1   /D:3      /W-T6-1   /D:1      /W-F3-1   /T3-F3-1  
/D:1      /W-T0-1   /D:2      /W-T2-1   /D:2      /W-F1-1   /D:3      /W-T6-1   /T4-T6-6  /T6-T4-9  
/T4-T1-10 /T4-F0-1  /T1-F0-1  /T4-F0-1  /T6-T2-1  /T6-T2-1  /T1-F3-1  /D:1      /W-F2-1   /R        
/D:4      /W-T0-1   /T2-T0-5  /T2-T3-1  /T2-F0-1  /D:1      /W-F3-1   /T1-T5-1  /T1-F3-1  /D:1      
/W-F3-1   /D:1      /W-T4-1   /D:3      /W-T4-1   /D:1      /W-T2-1   /D:1      /W-F2-1   /D:2      
/W-T3-1   /W-T3-1   /W-T3-1   /W-T4-1   /W-F2-1   /T5-F2-1  /T6-T4-1  /T5-T6-2  /T0-F2-1  /T1-F2-1  
/T1-F3-1  /T5-F0-1  /T0-T4-1  /T0-F2-1  /T1-F2-1  /T4-T0-2  /T4-F3-1  /T1-F3-1  /T4-F2-1  /T1-F2-1  
/T0-T4-4  /T0-F3-1  /T0-F2-1  /T1-F3-1  /T3-T1-4  /T3-F2-1  /T3-F1-1  /T6-F1-1  /T4-F1-1  /T6-F0-1  
/T4-F0-1  /T6-F1-1  /T1-F0-1  /T4-F1-1  /T1-F1-1  /T4-F0-1  /T1-F0-1  /T4-F1-1  /T1-F1-1  /T4-F0-1  
/T0-F3-1  /T1-F0-1  /T1-F3-1  /W-F1-1   /T0-F2-1  /T2-F0-1  /W-F1-1   
"
1010373,c#iI#Jgu#AeQs#fqRVK#GjmYLW#XpdxlCh#wMHZTPoaEtSzNnUykBbvFDOr,110.000000,2415.000000,42.000000,0.664384,1,"
minimal: 0 / states: 126 / duration: 0.000134s
history:
/T6-T1-1 /T5-T4-1 /T1-T4-2 /T2-T1-1 /T3-T2-1 /T6-T3-1 /T4-T6-4 /T2-T1-2 /T4-T2-1 /T4-T1-1 
/T4-T1-1 /T0-T1-1 /D:2     /W-T0-1  /T6-T0-5 /D:1     /W-T2-1  /D:2     /W-T2-1  /D:2     
/W-T1-1  /D:1     /W-F1-1  /D:1     /W-T4-1  /T3-T4-2 /D:1     /W-T0-1  /T4-T0-4 /D:2     
/W-T4-1  /D:1     /W-F3-1  /D:1     /W-F2-1  /T1-F2-1 /D:3     /W-T5-1  /T2-T5-4 /D:1     
/W-T1-1  /D:1     /W-F1-1  /D:2     /W-T5-1  /T3-T5-1 /T3-F0-1 /T1-F0-1 /T1-F1-1 /T0-F0-1 
/D:1     /W-F0-1  /D:1     /W-F3-1  /D:1     /R       /D:2     /W-T2-1  /T5-T2-8 /T5-T4-1 
/T6-T4-1 /T6-F1-1 /T6-F2-1 /T5-T3-1 /T5-T4-1 /T1-F2-1 /T2-F1-1 /W-T6-1  /T1-T6-5 /D:1     
/W-F3-1  /T0-F3-1 /T0-F0-1 /T6-F3-1 /T2-F0-1 /T0-F1-1 /T5-F0-1 /T6-T2-1 /T6-F1-1 /T2-T6-2 
/T2-F0-1 /D:1     /W-F3-1  /D:2     /W-T3-1  /T6-T3-6 /D:1     /W-T4-1  /T0-T4-2 /T0-F0-1 
/D:1     /W-F2-1  /T3-F2-1 /T3-F3-1 /T4-F2-1 /T3-F2-1 /T4-F1-1 /T3-F1-1 /W-F3-1  /T2-F3-1 
/T2-F0-1 /T4-F2-1 /T0-F3-1 /T3-F2-1 /T3-F3-1 /T4-F1-1 /T0-F0-1 /T2-F1-1 /T2-F0-1 /T4-F2-1 
/T0-F1-1 /T3-F2-1 /T3-F1-1 /T4-F3-1 /T0-F0-1 /T2-F3-1 /T4-F2-1 
"
1010408,y#zx#RGm#tiUW#VYbFf#vEBHIX#gpSjhCO#sNuQZDkJTrLcPdaKqwloAnMe,149.500000,2004.000000,50.000000,0.604396,1,"
minimal: 0 / states: 130 / duration: 0.000127s
history:
/T5-T0-1 /T5-T3-1 /T3-T1-2 /T3-T1-1 /T5-T3-1 /T0-T2-2 /T2-T0-3 /T4-T2-1 /T2-T1-2 /T2-T4-1 
/D:2     /W-F3-1  /T6-F3-1 /D:3     /W-T2-1  /D:1     /W-T4-1  /D:2     /W-T0-1  /T3-T0-2 
/D:1     /W-T0-1  /T4-T0-3 /T4-T6-1 /T1-T4-6 /T4-T1-7 /D:1     /W-T1-1  /D:1     /W-T2-1  
/W-T2-1  /W-T1-1  /T6-T1-2 /W-T4-1  /T3-T6-1 /D:1     /W-T0-1  /T5-T0-1 /D:1     /W-F3-1  
/D:1     /W-T5-1  /T1-T5-2 /T1-F3-1 /D:1     /W-F1-1  /T5-F1-1 /D:3     /W-T2-1  /T4-T2-2 
/D:3     /W-F0-1  /T0-F0-1 /T5-F0-1 /T0-F1-1 /T0-F0-1 /T5-T1-1 /T5-F0-1 /T6-T5-2 /T0-F3-1 
/T0-F0-1 /T1-F1-1 /T1-T5-2 /T1-F0-1 /T0-T2-1 /T0-F0-1 /T5-T6-5 /D:1     /W-F2-1  /W-F2-1  
/D:1     /W-T3-1  /W-T3-1  /D:1     /W-F1-1  /R       /D:1     /W-T2-1  /D:1     /W-T3-1  
/T6-T3-6 /T6-F3-1 /T6-F2-1 /T2-T6-1 /T2-F3-1 /T1-F3-1 /T1-F0-1 /T2-T0-1 /T2-F3-1 /T1-F3-1 
/T0-T2-2 /T0-F0-1 /T0-F3-1 /T3-T1-6 /T3-F0-1 /T1-T3-7 /T1-F3-1 /T2-T0-4 /T2-F0-1 /T2-F3-1 
/T3-T1-8 /T3-F0-1 /T6-T0-2 /D:1     /W-F2-1  /T1-F2-1 /T0-F2-1 /T1-F1-1 /T0-F1-1 /T1-F2-1 
/T0-F2-1 /T1-F1-1 /T0-F1-1 /T1-F2-1 /T0-F2-1 /T1-F1-1 /T0-F1-1 /T1-F2-1 /T0-F2-1 /T1-F1-1 
/T0-F1-1 /T1-F2-1 
"
1010417,m#hV#rsu#ijdl#ZRMPz#xgeYtN#QHDwkFb#WnqSoXpBJGOaAIvyUTCcLKfE,96.000000,2278.000000,34.000000,0.766234,1,"
minimal: 0 / states: 123 / duration: 0.000135s
history:
/T5-F3-1 /T3-T4-1 /T2-T1-1 /D:2     /W-F2-1  /D:2     /W-T5-1  /D:1     /W-F2-1  /D:2     
/W-T3-1  /T6-T3-1 /D:4     /W-F3-1  /D:1     /W-F1-1  /T3-F1-1 /T3-F2-1 /D:1     /W-F0-1  
/D:3     /W-T0-1  /D:2     /W-T1-1  /T6-T1-1 /T6-T0-1 /T6-T0-1 /T1-T0-4 /T5-T1-2 /D:1     
/W-T3-1  /D:1     /W-F1-1  /D:2     /W-T4-1  /D:2     /W-T1-1  /T3-T1-2 /T3-T4-1 /R       
/D:2     /W-F2-1  /D:2     /W-F0-1  /T1-F0-1 /T1-F1-1 /T6-F0-1 /T6-T3-1 /T6-T1-1 /T4-T6-4 
/T4-F3-1 /T1-F3-1 /T1-F0-1 /T5-T4-1 /T5-F1-1 /T2-T5-1 /T2-F2-1 /T4-T2-2 /T4-F3-1 /T0-F0-1 
/T1-F3-1 /T5-F2-1 /T0-F3-1 /T5-T0-1 /T1-F2-1 /T0-T3-1 /T0-F2-1 /T5-T2-1 /D:2     /W-F0-1  
/D:1     /W-T6-1  /T1-T6-1 /D:1     /W-F2-1  /D:1     /W-F3-1  /T0-F3-1 /T0-F2-1 /T2-F2-1 
/W-T0-1  /T3-T0-3 /D:1     /W-T4-1  /T0-T4-5 /T0-F2-1 /D:1     /W-F1-1  /T4-F1-1 /T4-F0-1 
/T6-F1-1 /T4-F1-1 /T6-F0-1 /T4-F0-1 /T6-F1-1 /T4-F1-1 /T6-F0-1 /T6-F1-1 /T0-F1-1 /T4-F0-1 
/T6-F2-1 /R       /D:1     /W-F3-1  /D:1     /W-F3-1  /T2-F3-1 /T2-F0-1 /T4-F3-1 
"
1010453,L#JR#Trx#CuFl#sEpOy#dhmtcg#VjDNXAM#ZHeonBYkiIwWzGqafUvSKPQb,148.500000,1815.000000,53.000000,0.564516,1,"
minimal: 0 / states: 120 / duration: 0.000152s
history:
/T3-T6-1 /T2-T6-1 /T3-T5-1 /T5-T3-2 /T1-T3-1 /D:4     /W-T5-1  /D:1     /W-F2-1  /T5-F2-1 
/D:1     /W-T5-1  /D:2     /W-T0-1  /T1-T0-1 /T6-T1-3 /T6-F0-1 /T5-F0-1 /T6-T4-1 /T6-F3-1 
/T5-T6-1 /T6-T3-2 /T6-T1-1 /T3-T6-6 /T3-F0-1 /T6-T0-7 /D:2     /W-T1-1  /D:1     /W-T4-1  
/W-T4-1  /D:2     /W-T3-1  /D:3     /W-F1-1  /D:1     /W-T5-1  /T2-T5-1 /D:1     /W-T1-1  
/T5-T1-3 /T4-T5-4 /T4-F3-1 /T4-F2-1 /T5-T6-5 /W-F2-1  /T1-F2-1 /T4-T1-1 /T4-F2-1 /W-T5-1  
/T1-T5-2 /T1-F2-1 /D:4     /W-F3-1  /D:1     /W-F3-1  /D:1     /W-F1-1  /T0-F1-1 /T0-F0-1 
/T0-F3-1 /T5-F0-1 /T0-F0-1 /R       /D:1     /W-T4-1  /T0-T4-6 /D:1     /W-T6-1  /T4-T6-1 
/T4-F2-1 /D:2     /W-T3-1  /D:2     /W-F2-1  /D:1     /W-F3-1  /T2-F3-1 /T1-F3-1 /T5-T1-3 
/T5-F1-1 /T4-F3-1 /W-F3-1  /W-F1-1  /T1-F1-1 /T1-F0-1 /T6-F1-1 /T1-F1-1 /T6-F0-1 /T1-F0-1 
/T6-F1-1 /T1-F1-1 /T4-F0-1 /T6-F2-1 /T1-F2-1 /T4-F1-1 /T6-F3-1 /T6-F2-1 /T1-F1-1 /T3-F3-1 
/T3-F2-1 /T6-F1-1 /D:1     /W-F0-1  /T4-F0-1 /T1-F0-1 /T4-F3-1 
"
1010480,S#xo#Kum#NwRE#gIQVT#hFzbMv#CdpDWqs#lUGnArOJkPfcZYtBiajHLyeX,91.000000,1770.000000,35.000000,0.677419,1,"
minimal: 0 / states: 124 / duration: 0.000132s
history:
/T6-T4-1 /T3-T0-1 /T6-T3-1 /T5-T6-1 /T3-T4-2 /D:1     /W-T5-1  /D:1     /W-T6-1  /D:1     
/W-T6-1  /T0-T6-2 /T5-T0-2 /D:1     /W-F2-1  /T1-F2-1 /T6-T1-6 /T1-T0-7 /T2-T1-1 /T4-T2-4 
/T4-T3-1 /T4-T0-1 /T2-T3-5 /D:1     /W-F0-1  /D:5     /W-T3-1  /D:2     /W-T6-1  /D:4     
/W-F0-1  /D:2     /W-F1-1  /T5-F1-1 /T6-F1-1 /D:1     /W-T2-1  /T4-T2-1 /D:2     /W-T1-1  
/D:3     /W-T1-1  /T3-T1-8 /T3-F3-1 /T5-T3-1 /T5-T4-1 /W-T4-1  /T6-T4-1 /T6-F2-1 /T6-F1-1 
/T6-F0-1 /T4-F0-1 /T4-F1-1 /T5-T2-1 /R       /D:2     /W-F3-1  /T1-F3-1 /T0-F3-1 /T0-F0-1 
/T1-F2-1 /T1-F3-1 /T4-F0-1 /W-F2-1  /T0-F3-1 /T1-F2-1 /T1-F3-1 /T0-F0-1 /T0-F3-1 /T4-T1-1 
/D:3     /W-F1-1  /T1-F1-1 /T2-F1-1 /D:1     /W-T4-1  /D:1     /W-T3-1  /T2-T3-3 /D:1     
/W-F2-1  /T1-F2-1 /T0-F2-1 /T1-F3-1 /T0-F3-1 /T1-F2-1 /T0-F2-1 /T1-F3-1 /T3-T0-3 /T3-F3-1 
/T4-F3-1 /W-T1-1  /W-T1-1  /D:1     /W-F1-1  /D:1     /W-F0-1  /T0-F0-1 /T0-F1-1 /T1-F0-1 
/T0-F0-1 /T1-F1-1 /T0-F1-1 /T1-F0-1 /T0-F0-1 /T1-F1-1 /D:1     /W-F2-1  /T3-F2-1 
"
1010525,h#kV#Atu#KYFg#jJwbn#dfWIBQ#GNUCEiD#svmpXceHzTSMyRrlaqPoxLOZ,88.500000,909.000000,28.000000,0.857143,1,"
minimal: 0 / states: 120 / duration: 0.000124s
history:
/T4-F2-1 /T3-T2-1 /T2-T1-2 /T3-T1-1 /T2-T0-1 /T2-F0-1 /D:3     /W-T2-1  /D:1     /W-T5-1  
/T4-T5-1 /T1-T4-4 /T4-T1-5 /D:2     /W-T6-1  /D:1     /W-T1-1  /T6-T1-2 /T6-T4-1 /T5-T6-3 
/T5-F0-1 /T0-T5-2 /D:1     /W-T4-1  /D:1     /W-T0-1  /T3-T0-1 /T3-T0-1 /D:1     /W-T4-1  
/D:1     /W-T5-1  /T6-T5-4 /T6-F0-1 /D:1     /W-T3-1  /D:1     /W-T2-1  /W-T2-1  /T4-T2-4 
/T5-T4-8 /T5-T0-1 /W-T0-1  /T6-T0-1 /T6-F3-1 /T5-T6-1 /W-T2-1  /T6-T0-2 /D:1     /W-T2-1  
/D:1     /W-T0-1  /T5-T0-1 /D:1     /W-T3-1  /D:1     /W-F1-1  /T4-F1-1 /T1-F1-1 /T0-F1-1 
/T1-F0-1 /T1-F1-1 /T4-T0-2 /T4-F0-1 /T1-F0-1 /T0-T4-3 /T0-F1-1 /T0-F0-1 /T1-F1-1 /T2-T1-3 
/T2-F0-1 /T4-T0-5 /T4-F1-1 /T2-F1-1 /T4-F0-1 /T2-F0-1 /T4-F1-1 /T1-T2-6 /T1-F1-1 /T3-F1-1 
/D:1     /W-T2-1  /D:1     /W-T2-1  /D:1     /W-F2-1  /T0-F2-1 /D:3     /W-F3-1  /T2-F3-1 
/T0-F3-1 /T2-F2-1 /T0-F2-1 /T2-F3-1 /T0-F3-1 /T2-F2-1 /T0-F2-1 /T2-F3-1 /T0-F3-1 /T2-F2-1 
/T0-F2-1 /T2-F3-1 /T0-F3-1 /T0-F0-1 /T2-F2-1 /T2-F3-1 /W-F0-1  /W-F2-1  /T0-F3-1 /T2-F2-1 
/T0-F2-1 /T2-F1-1 /T3-F0-1 /D:1     /W-F3-1  
"
1010529,I#Gc#iXH#KAYF#uvDwU#sVLjTN#QOoeZBz#tlEgPnhyrSJWxMbpRdafCqkm,114.500000,2168.000000,37.000000,0.647059,1,"
minimal: 0 / states: 117 / duration: 0.000121s
history:
/T5-F3-1 /T4-T0-1 /T5-T2-1 /T3-T2-1 /T3-T6-1 /T3-F0-1 /T5-T3-1 /T0-T3-2 /T6-T0-2 /T6-F0-1 
/T5-T6-1 /T2-T5-3 /T4-T2-1 /T1-T4-1 /T2-T6-2 /T5-T6-4 /T1-T3-1 /T6-T1-8 /T6-T1-1 /T4-T1-2 
/T6-T1-1 /T6-F3-1 /T3-T0-5 /D:5     /W-F3-1  /T6-F3-1 /D:1     /W-F2-1  /T1-F2-1 /D:1     
/W-T4-1  /D:3     /W-T0-1  /W-T0-1  /D:4     /W-T3-1  /D:2     /W-F2-1  /D:1     /W-F3-1  
/D:1     /W-T0-1  /D:1     /W-F1-1  /W-F1-1  /T1-F1-1 /T0-F1-1 /D:2     /W-F0-1  /T1-F0-1 
/T1-F1-1 /W-F1-1  /D:1     /W-F2-1  /T0-F2-1 /T5-F2-1 /T0-F3-1 /D:2     /W-T5-1  /R       
/D:1     /W-F2-1  /D:1     /W-T3-1  /D:1     /W-F0-1  /T1-F0-1 /T0-F0-1 /T1-F3-1 /T0-F3-1 
/T1-F0-1 /T0-F0-1 /T4-T0-2 /T1-F3-1 /T4-F2-1 /T2-T1-1 /D:1     /W-F1-1  /T0-F1-1 /T0-F2-1 
/T1-F1-1 /T0-F1-1 /T1-F2-1 /D:1     /W-T5-1  /D:1     /W-F0-1  /T0-F0-1 /T1-T5-1 /T1-F0-1 
/D:1     /W-F3-1  /T5-F3-1 /T0-F3-1 /T1-F3-1 /T3-T0-1 /T3-F0-1 /D:1     /W-F2-1  /T5-F2-1 
/D:1     /W-F1-1  /T0-F1-1 /T0-F2-1 /T5-F1-1 
"
1010562,Y#fT#LRy#BGiP#FUuno#hWqsOX#pDlbZeA#rHkvECawNSxItKdQmVjzcMJg,85.500000,721.000000,36.000000,0.730159,1,"
minimal: 0 / states: 116 / duration: 0.000128s
history:
/T6-F0-1 /T5-T2-1 /T4-T3-1 /T4-F2-1 /T3-F2-1 /T1-T4-1 /D:1     /W-T1-1  /D:6     /W-F1-1  
/D:1     /W-T2-1  /D:1     /W-F3-1  /T5-F3-1 /T3-F3-1 /T6-T5-1 /T5-T4-2 /T2-T6-3 /T3-T6-1 
/T4-T6-4 /T5-T2-1 /T3-T4-1 /T3-F0-1 /T6-T3-9 /T6-F1-1 /W-F0-1  /T1-T4-2 /D:2     /W-T0-1  
/T5-T0-1 /D:1     /W-T0-1  /T4-T0-4 /T2-T4-2 /D:1     /W-T5-1  /W-T5-1  /W-T5-1  /D:1     
/W-T6-1  /D:1     /W-T0-1  /D:1     /W-F3-1  /T4-T3-1 /T4-F3-1 /D:1     /W-T1-1  /T2-T1-1 
/D:2     /W-T6-1  /D:1     /W-T2-1  /T6-T2-3 /T6-F0-1 /T6-F2-1 /T3-F2-1 /T5-F0-1 /T4-F0-1 
/T5-F3-1 /T0-T5-3 /T0-F0-1 /D:1     /W-F1-1  /T5-F1-1 /T3-F1-1 /T5-F2-1 /T3-F2-1 /T3-F3-1 
/T5-F1-1 /T5-F2-1 /T0-F3-1 /T3-F2-1 /W-F3-1  /W-F2-1  /T0-T2-1 /T0-F3-1 /W-T1-1  /W-F0-1  
/T2-F0-1 /T3-T1-2 /T3-F3-1 /D:1     /W-T4-1  /T0-T4-2 /D:1     /W-F0-1  /T2-T4-1 /T2-F0-1 
/T1-T3-3 /T1-F0-1 /T4-T2-2 /T4-F3-1 /T4-F0-1 /T3-T1-4 /T3-F3-1 /D:1     /W-F1-1  /T5-F1-1 
/T1-F1-1 /T1-F2-1 /T2-F1-1 /T1-F1-1 /T2-F2-1 /T1-F2-1 /T2-F1-1 /T1-F1-1 /T2-F2-1 
"
1010576,J#Yi#dtw#NCvA#ylpZj#PbExKn#srmkGIB#feHFSaWqLTVUDMRoQzXguOch,138.000000,1323.000000,45.000000,0.620879,1,"
minimal: 0 / states: 117 / duration: 0.000122s
history:
/T3-F0-1 /T5-F2-1 /T6-F0-1 /T6-T4-1 /T4-T5-2 /T1-T0-1 /T5-T1-3 /D:1     /W-T6-1  /D:2     
/W-T0-1  /D:3     /W-F1-1  /D:1     /W-T5-1  /T3-T5-1 /T3-F0-1 /T3-F3-1 /T4-T3-1 /D:2     
/W-T3-1  /D:1     /W-T0-1  /D:1     /W-T2-1  /D:1     /W-T1-1  /T6-T1-2 /T6-T3-1 /T2-T3-2 
/D:1     /W-F0-1  /D:3     /W-F2-1  /T4-F2-1 /T5-T4-3 /T5-F0-1 /T5-F1-1 /D:5     /W-T3-1  
/W-T3-1  /D:1     /W-F3-1  /T5-F3-1 /T6-T5-1 /T6-T1-1 /T6-T0-1 /D:1     /W-F1-1  /D:1     
/W-T4-1  /T2-T4-1 /T2-F1-1 /R       /D:1     /W-F1-1  /D:1     /W-F0-1  /T1-T4-2 /T1-F0-1 
/D:2     /W-F2-1  /T4-F2-1 /T4-F1-1 /T0-F2-1 /T3-F1-1 /T4-F2-1 /T4-F1-1 /T3-F2-1 /T4-F2-1 
/T0-T3-2 /T0-F1-1 /T1-T4-2 /T1-F1-1 /T3-T0-3 /T3-F2-1 /T3-F1-1 /T4-T1-3 /T4-F2-1 /T4-F1-1 
/T4-F2-1 /T5-F1-1 /D:1     /W-T2-1  /T1-T2-5 /D:2     /W-F3-1  /W-F3-1  /W-F3-1  /T0-F3-1 
/T0-F0-1 /T2-F3-1 /T0-F3-1 /T2-F0-1 /T0-F0-1 /T2-F3-1 /T2-F0-1 /T3-F0-1 /D:1     /W-F2-1  
/D:1     /W-F3-1  /T2-F3-1 /T2-F0-1 /T3-F3-1 
"
1010577,A#mg#IlR#zXQn#ofDwN#dYLycS#JupEsir#UvMHaGWbTKZqheFOVxBPjkCt,106.000000,1459.000000,47.000000,0.601266,1,"
minimal: 0 / states: 120 / duration: 0.000132s
history:
/T0-F0-1 /T3-F2-1 /T4-F3-1 /T6-T5-1 /T6-T4-1 /T6-T1-1 /T2-T1-1 /T3-T5-1 /T4-T3-2 /T4-T1-1 
/T6-T4-1 /T6-T5-1 /T1-T6-4 /T6-T3-5 /D:3     /W-T0-1  /T2-T0-1 /D:2     /W-F1-1  /D:3     
/W-F1-1  /D:2     /W-T0-1  /D:3     /W-T2-1  /D:3     /W-F3-1  /D:1     /W-T6-1  /D:2     
/W-F0-1  /D:1     /W-F3-1  /D:1     /W-T0-1  /T2-T0-2 /D:2     /W-F0-1  /T3-F0-1 /T4-F0-1 
/D:1     /W-T0-1  /T5-T0-4 /T5-F1-1 /T5-T1-1 /T3-T1-7 /W-T5-1  /T6-T5-2 /R       /D:3     
/W-T5-1  /D:3     /W-T5-1  /D:1     /W-T2-1  /T5-T2-6 /T5-T3-1 /T5-F1-1 /D:1     /W-T1-1  
/D:1     /W-F1-1  /T4-F1-1 /T4-F2-1 /T0-F2-1 /T0-F3-1 /T1-F2-1 /T0-F2-1 /T1-F3-1 /T0-F3-1 
/T1-F2-1 /T0-F2-1 /T1-F1-1 /T0-F1-1 /T1-F2-1 /T1-F1-1 /T2-F3-1 /D:1     /W-F0-1  /D:1     
/W-T3-1  /W-T3-1  /W-F0-1  /T2-F0-1 /T0-F0-1 /T0-F1-1 /W-F2-1  /W-F3-1  /T2-F3-1 /T1-F2-1 
/T2-F0-1 /T2-F1-1 /T3-F3-1 /T0-F0-1 /T1-F3-1 /T2-F0-1 /T3-F2-1 /T0-F1-1 /T1-F2-1 /T1-F1-1 
/T3-F3-1 /T0-F0-1 /T2-F3-1 /T3-F2-1 
"
1010585,g#JY#tOu#wTKx#qevoV#hESayN#FbsCpln#fXAZUQkirRHcDzmPWLdMjBGI,101.500000,1162.000000,45.000000,0.641892,1,"
minimal: 0 / states: 125 / duration: 0.000139s
history:
/T5-F3-1  /T6-F2-1  /T3-T1-1  /T2-T4-1  /T2-F3-1  /T3-T6-1  /T3-T4-1  /T4-T3-3  /T4-F2-1  /D:1      
/W-T2-1   /D:1      /W-T5-1   /T3-T5-4  /D:1      /W-F0-1   /D:1      /W-T3-1   /T5-T3-6  /T5-F1-1  
/D:1      /W-T4-1   /T2-T4-2  /D:4      /W-T4-1   /D:5      /W-T2-1   /T6-T2-2  /T6-F2-1  /D:2      
/W-F3-1   /D:1      /W-T1-1   /T4-T1-5  /D:2      /W-T1-1   /T6-T1-1  /T6-T0-1  /T6-F1-1  /T4-T0-1  
/T4-F2-1  /T6-T3-1  /D:1      /W-T4-1   /T1-T4-10 /D:1      /W-T2-1   /D:1      /W-F0-1   /T4-F0-1  
/D:2      /W-T2-1   /R        /D:1      /W-F3-1   /D:2      /W-T1-1   /D:1      /W-F3-1   /T5-F3-1  
/T4-T5-1  /T4-F2-1  /T5-T4-2  /T0-T3-1  /T0-F2-1  /T3-T0-2  /T3-F3-1  /T4-T5-4  /T4-F3-1  /T3-T1-1  
/T3-F3-1  /T0-T1-3  /T5-T2-5  /D:2      /W-F1-1   /T2-F1-1  /T1-F1-1  /D:1      /W-F0-1   /T2-F0-1  
/T1-F0-1  /T2-F1-1  /T1-F1-1  /T2-F2-1  /T1-F2-1  /T2-F1-1  /T4-F2-1  /T1-F1-1  /T3-F2-1  /T4-F3-1  
/T3-F3-1  /T4-F2-1  /T3-F2-1  /T4-F3-1  /T3-F3-1  /T2-T4-4  /T2-F2-1  /D:1      /W-T0-1   /D:1      
/W-T0-1   /D:1      /W-F0-1   /W-F0-1   /T4-F0-1  /T1-F0-1  /T4-F1-1  /T4-F0-1  /W-F1-1   /T0-F0-1  
/T4-F1-1  /T0-F1-1  /T4-F0-1  
"
1010594,S#Nm#brE#PlQn#HuVWc#hXTgaI#tvDfqxo#LGsBUOMCFApzwJdeYKkZijyR,165.500000,3570.000000,48.000000,0.622093,1,"
minimal: 0 / states: 119 / duration: 0.000128s
history:
/T3-F2-1 /T6-F2-1 /T2-T0-1 /T3-T0-1 /T6-T3-1 /T4-T6-1 /T5-T4-1 /T5-F1-1 /T4-T3-2 /D:1     
/W-T1-1  /D:2     /W-T5-1  /D:1     /W-T6-1  /D:1     /W-T3-1  /W-T3-1  /T0-T3-3 /T1-T0-2 
/T1-F3-1 /D:1     /W-F3-1  /D:1     /W-T1-1  /T3-T1-9 /T3-F3-1 /T1-F3-1 /D:3     /W-F0-1  
/T6-F0-1 /D:1     /W-F2-1  /D:1     /W-T3-1  /D:3     /W-T1-1  /D:1     /W-T5-1  /T6-T5-2 
/T2-T6-1 /T2-F1-1 /T5-F1-1 /T5-F2-1 /T1-F1-1 /T6-F2-1 /T5-F1-1 /T6-F1-1 /T5-F2-1 /T5-F1-1 
/D:1     /W-T3-1  /D:1     /W-T3-1  /D:1     /W-T0-1  /W-T0-1  /T4-T0-1 /T5-T4-1 /T4-T0-2 
/W-T5-1  /W-T0-1  /W-F0-1  /T6-F0-1 /T1-F0-1 /T0-F0-1 /D:1     /W-T2-1  /D:1     /W-T5-1  
/T4-T5-1 /D:1     /W-T3-1  /T6-T3-1 /T6-F2-1 /T0-T5-1 /T0-F2-1 /T3-F2-1 /D:1     /W-T2-1  
/T5-T2-5 /T5-F1-1 /T2-T0-2 /T2-F1-1 /T2-F2-1 /T3-F1-1 /T0-T2-4 /T0-F1-1 /T1-T3-5 /T1-F2-1 
/T1-F1-1 /T2-T0-5 /T2-F2-1 /T0-T2-6 /T0-F1-1 /T3-T1-7 /T3-F2-1 /D:1     /W-F3-1  /T1-F3-1 
/T1-F0-1 /T2-F3-1 /T1-F3-1 /T2-F0-1 /T1-F0-1 /T2-F3-1 /T1-F3-1 /T2-F0-1 /T1-F0-1 /T2-F3-1 
/T1-F3-1 /T2-F0-1 /T1-F0-1 /T2-F3-1 
"
1010623,M#Pw#CtQ#UoAa#Wyqzs#LhTSlN#pVGjxYm#FDOBEinHurZcgXRIeKbkdJfv,124.000000,1457.000000,39.000000,0.668919,1,"
minimal: 0 / states: 113 / duration: 0.000128s
history:
/T3-F1-1 /T3-F0-1 /T5-F3-1 /T5-T0-1 /D:3     /W-F3-1  /D:1     /W-F0-1  /D:1     /W-T5-1  
/T2-T5-1 /T5-T2-3 /T4-T5-1 /D:1     /W-T1-1  /D:1     /W-F2-1  /T3-F2-1 /T2-T3-4 /T2-T3-1 
/T6-T2-1 /T6-T4-1 /T6-T0-1 /T6-T0-1 /T3-F0-1 /W-F0-1  /D:1     /W-T1-1  /T5-T1-2 /T6-T5-1 
/D:1     /W-T6-1  /D:4     /W-T6-1  /D:2     /W-T1-1  /D:1     /W-T0-1  /T5-T0-2 /T5-T2-1 
/T4-T5-2 /T4-T1-1 /W-T2-1  /T1-T2-7 /T1-F3-1 /T3-F3-1 /T3-F0-1 /W-T2-1  /W-T1-1  /T4-T1-1 
/W-T3-1  /W-F0-1  /T0-F0-1 /D:2     /W-T5-1  /T4-T5-1 /D:1     /W-F1-1  /T2-F1-1 /D:1     
/W-T1-1  /D:1     /W-F1-1  /W-F1-1  /D:1     /W-T1-1  /T6-T1-3 /T6-F2-1 /T2-F2-1 /T2-F3-1 
/T3-F2-1 /T2-F2-1 /T3-F3-1 /T2-F3-1 /T2-F0-1 /T3-F2-1 /T3-F3-1 /T1-T2-2 /T1-F3-1 /T5-F3-1 
/D:1     /W-F1-1  /T2-F1-1 /T0-F1-1 /T0-F0-1 /T2-F2-1 /T2-F1-1 /T1-F0-1 /T0-F1-1 /T5-F0-1 
/T1-F1-1 /T0-T5-1 /T0-F1-1 /T2-T1-2 /T2-F0-1 /T0-F0-1 /T2-F1-1 /D:1     /W-F2-1  /T1-F2-1 
/T1-F3-1 /T5-F2-1 /T1-F2-1 /T5-F3-1 /T1-F3-1 /T5-F2-1 
"
1010626,x#PL#XJQ#yRrl#ZInTC#bHatdz#gSDfGhN#UKkWYvscMmopiBVjquwEAeFO,132.000000,1387.000000,47.000000,0.611111,1,"
minimal: 0 / states: 117 / duration: 0.000131s
history:
/T6-F3-1  /T4-T2-1  /T3-T5-1  /T2-T3-2  /T0-T5-1  /T5-T0-3  /D:3      /W-T1-1   /T2-T1-1  /D:1      
/W-T0-1   /D:2      /W-T0-1   /T6-T0-1  /T6-T0-1  /T6-T0-1  /T3-T0-3  /T6-T3-1  /D:1      /W-T4-1   
/T3-T4-2  /T2-T3-1  /D:1      /W-T4-1   /D:1      /W-T2-1   /W-T2-1   /W-T2-1   /D:2      /W-T4-1   
/D:1      /W-T5-1   /D:1      /W-T1-1   /D:3      /W-T2-1   /D:2      /W-T1-1   /T4-T1-6  /T4-F2-1  
/T1-F2-1  /T4-T2-1  /T1-T4-10 /T5-F2-1  /W-F2-1   /D:1      /W-T3-1   /W-T3-1   /W-T1-1   /D:1      
/W-T6-1   /T5-T6-1  /T6-T5-3  /D:1      /W-F0-1   /T1-F0-1  /T0-F0-1  /D:2      /W-T6-1   /W-T6-1   
/D:1      /W-F3-1   /T1-F3-1  /T0-F3-1  /T0-F2-1  /T4-T6-2  /T4-F3-1  /T4-F2-1  /T5-T0-2  /T5-F3-1  
/T5-F2-1  /T5-F1-1  /T5-T3-1  /T5-F1-1  /T6-F1-1  /T0-F1-1  /T6-F0-1  /T0-F0-1  /T6-F1-1  /T0-F1-1  
/T6-F0-1  /T0-F0-1  /T4-F3-1  /T6-F1-1  /T0-F1-1  /T3-F0-1  /T4-F2-1  /T4-F1-1  /T0-F2-1  /T2-F0-1  
/T2-F1-1  /T4-F0-1  /T2-F0-1  /T4-F1-1  /T4-F0-1  /T0-T2-2  /T0-F1-1  /W-F1-1   /W-F3-1   /T3-F3-1  
/T2-F3-1  /T3-F2-1  /T2-F2-1  /T3-F3-1  /T2-F3-1  /T2-F0-1  /T3-F2-1  /T0-F2-1  /T4-F3-1  
"
1010639,D#dJ#SQF#XqMt#spPob#uGHezk#hcKlZRa#LOvVBiCNfIWwrEmYjAyUxTgn,129.000000,2247.000000,39.000000,0.658228,1,"
minimal: 0 / states: 127 / duration: 0.000126s
history:
/T6-F1-1 /T4-F1-1 /T6-T2-1 /T1-T5-1 /T0-T2-1 /T6-T0-1 /D:1     /W-T0-1  /T5-T0-2 /T6-T5-1 
/T6-T5-1 /T6-F1-1 /T3-T6-1 /F1-T2-1 /T4-T2-1 /T2-T4-1 /T2-F1-1 /T4-T2-2 /T4-T1-1 /D:1     
/W-T1-1  /D:2     /W-T0-1  /D:4     /W-F3-1  /T1-F3-1 /D:1     /W-T6-1  /D:2     /W-T5-1  
/W-T5-1  /T6-T5-3 /T5-T6-8 /T5-T4-1 /T5-T0-1 /D:2     /W-T6-1  /T1-T6-2 /T3-T1-1 /T3-T4-1 
/W-T3-1  /D:3     /W-T1-1  /D:2     /W-F0-1  /D:3     /W-T1-1  /D:1     /W-T0-1  /T2-T0-5 
/T6-T2-1 /T6-F1-1 /T2-T6-2 /T2-T5-1 /D:2     /W-F2-1  /T0-F2-1 /T6-F2-1 /T0-F3-1 /T4-F2-1 
/T4-F1-1 /T6-F3-1 /T6-F2-1 /T4-F2-1 /T6-F1-1 /T6-F2-1 /T5-T6-2 /T5-F2-1 /W-F1-1  /R       
/D:1     /W-F2-1  /T3-F2-1 /T1-F2-1 /D:1     /W-F0-1  /D:2     /W-F0-1  /T0-F0-1 /T0-F3-1 
/T6-F3-1 /D:1     /W-F0-1  /T0-F0-1 /T0-F3-1 /T6-F0-1 /T0-F0-1 /T6-F1-1 /W-F1-1  /T6-F0-1 
/D:1     /W-T2-1  /D:1     /W-F1-1  /T0-T3-2 /T0-F1-1 /T6-T1-2 /T6-F1-1 /T2-F1-1 /T3-T0-3 
/D:1     /W-F2-1  /T6-F2-1 /D:1     /W-F3-1  /T0-F3-1 /T0-F0-1 /T1-F3-1 /T0-F3-1 /T1-F0-1 
/T0-F0-1 /T1-F3-1 /T0-F3-1 /T1-F0-1 
"
1010651,o#Hd#TlS#feRO#kumgq#WVrPXU#JwIjyEp#sQcazGbYxAZDCniMvKBtNFLh,109.000000,1897.000000,32.000000,0.723881,1,"
minimal: 0 / states: 129 / duration: 0.000135s
history:
/T6-T1-1  /T6-T2-1  /T3-T1-1  /T4-T3-1  /T1-T2-3  /T4-T1-1  /T6-T4-1  /D:1      /W-T1-1   /T3-T1-2  
/D:2      /W-T1-1   /T0-T1-1  /T4-T0-2  /D:1      /W-F1-1   /D:2      /W-T5-1   /T2-T5-5  /D:1      
/W-F1-1   /D:2      /W-T2-1   /T6-T2-1  /T5-T6-7  /T5-T0-1  /T6-T2-8  /T6-T0-1  /T1-T5-1  /T1-F1-1  
/T5-T1-2  /D:1      /W-F0-1   /D:2      /W-T3-1   /D:2      /W-F2-1   /T1-F2-1  /D:1      /W-T0-1   
/T4-T0-1  /T6-T4-1  /D:1      /W-T6-1   /T2-T6-11 /T2-T0-1  /D:3      /W-F0-1   /D:2      /W-F3-1   
/T6-F3-1  /T1-F3-1  /T6-F2-1  /T1-F2-1  /T5-F2-1  /T5-T4-1  /T6-F1-1  /T3-T1-1  /T3-F1-1  /T3-F1-1  
/T1-T0-3  /T1-F1-1  /T1-T4-1  /D:3      /W-F1-1   /R        /D:1      /W-F3-1   /D:1      /W-T1-1   
/D:1      /W-T1-1   /D:1      /W-T2-1   /D:1      /W-F0-1   /T0-F0-1  /T0-F3-1  /T0-F2-1  /T6-F0-1  
/T6-F3-1  /T0-F3-1  /D:1      /W-T5-1   /D:1      /W-T1-1   /T5-T1-2  /D:1      /W-F2-1   /T0-F2-1  
/T0-F1-1  /T1-F2-1  /T0-F2-1  /T6-T1-3  /T6-F1-1  /T6-F2-1  /T4-T0-3  /T4-F1-1  /T6-F1-1  /T0-T2-5  
/T0-F1-1  /D:1      /W-F0-1   /T1-F0-1  /T1-F3-1  /T2-F0-1  /T1-F0-1  /T2-F3-1  /T1-F3-1  /T2-F0-1  
/T1-F0-1  /T2-F3-1  /T1-F3-1  /T2-F2-1  /T1-F2-1  /T2-F3-1  /D:1      /W-F0-1   /T6-F0-1  
"
1010680,T#Iu#Eea#JHVm#XZPCN#WAhboy#MFRktdq#rUznDisBfGcpLjYOSlxvgwKQ,146.000000,3241.000000,43.000000,0.597701,1,"
minimal: 0 / states: 121 / duration: 0.000123s
history:
/T2-F1-1 /T4-F3-1 /T6-T2-1 /T5-T3-1 /T4-T6-1 /T5-T4-1 /T5-F1-1 /T4-T2-2 /T0-T1-1 /T3-T0-2 
/T1-T3-2 /T5-T1-1 /T5-F0-1 /T1-T5-2 /T4-T1-1 /T4-T0-1 /D:3     /W-T4-1  /D:1     /W-F2-1  
/T2-F2-1 /D:3     /W-T3-1  /T2-T3-3 /T6-T2-2 /T6-T5-1 /D:1     /W-F0-1  /T2-F0-1 /D:1     
/W-T5-1  /T2-T5-2 /D:2     /W-F1-1  /T5-F1-1 /D:1     /W-F2-1  /D:1     /W-T1-1  /T6-T1-1 
/T3-T6-2 /T3-F1-1 /T6-T3-3 /D:2     /W-T4-1  /D:1     /W-F3-1  /T3-F3-1 /T3-F2-1 /D:3     
/W-T4-1  /T5-T4-6 /D:3     /W-T0-1  /T3-T0-5 /W-T3-1  /T6-T3-1 /D:2     /W-F3-1  /T0-F3-1 
/R       /D:1     /W-F2-1  /T0-F2-1 /D:2     /W-F0-1  /T4-F0-1 /T3-F0-1 /T4-F1-1 /T3-F1-1 
/T4-F2-1 /T4-F1-1 /T0-T3-1 /T0-F2-1 /T3-T0-2 /W-T4-1  /T3-T1-1 /D:1     /W-F1-1  /D:1     
/W-F0-1  /D:1     /W-F1-1  /D:1     /W-F3-1  /T0-F3-1 /T0-F0-1 /T4-F3-1 /T0-F3-1 /T4-F0-1 
/T1-F0-1 /T1-F1-1 /T4-F3-1 /D:1     /W-F1-1  /D:1     /W-F2-1  /T0-F2-1 /T0-F3-1 /T4-F2-1 
/T0-F2-1 /T0-F1-1 /T4-F3-1 /T4-F2-1 /D:1     /W-F0-1  /T1-F0-1 /T1-F3-1 /T6-F0-1 
"
1010682,X#jU#YpV#kWRE#cGKxv#bDTAym#qraiLwN#JtQoFMSsudICZfOghnlHzBPe,126.000000,2424.000000,55.000000,0.534884,1,"
minimal: 0 / states: 137 / duration: 0.000143s
history:
/T6-F3-1 /T6-T0-1 /T6-T5-1 /T6-T0-1 /T6-F1-1 /T1-T4-1 /T4-T1-2 /T0-T5-3 /T5-T0-5 /T1-T4-3 
/D:2     /W-T4-1  /D:1     /W-T3-1  /D:3     /W-T1-1  /D:1     /W-T4-1  /T3-T4-2 /D:2     
/W-T0-1  /D:1     /W-T6-1  /D:2     /W-T4-1  /D:3     /W-F3-1  /D:1     /W-T0-1  /D:2     
/W-F2-1  /D:1     /W-T1-1  /T4-T1-9 /D:1     /W-T2-1  /D:3     /W-F3-1  /T1-T6-1 /T1-F3-1 
/T3-F3-1 /T3-T4-1 /T3-T5-1 /D:1     /R       /D:1     /W-T5-1  /T2-T5-2 /D:1     /W-F2-1  
/T2-F2-1 /T4-T2-2 /D:1     /W-T0-1  /D:2     /W-T2-1  /D:1     /W-T3-1  /T5-T3-5 /T5-F0-1 
/T5-T3-1 /F3-T0-1 /T5-T0-1 /T5-F1-1 /W-T3-1  /D:1     /W-T4-1  /T6-T4-3 /T6-F2-1 /T4-T1-2 
/T4-F2-1 /T3-F2-1 /D:1     /W-T2-1  /T4-T2-2 /T4-F1-1 /D:1     /W-T4-1  /T2-T4-7 /D:1     
/W-F0-1  /T1-F0-1 /T0-F0-1 /T0-F3-1 /T1-F1-1 /T1-F0-1 /T1-F3-1 /T0-F0-1 /T3-F3-1 /T1-F2-1 
/T1-F3-1 /T0-T3-1 /T0-F2-1 /T1-F2-1 /T3-T0-2 /T3-F3-1 /T0-T3-3 /T0-F2-1 /T4-T1-4 /T4-F3-1 
/T0-F3-1 /T1-T4-5 /T1-F2-1 /T3-T0-5 /T3-F2-1 /T4-T1-6 /T4-F3-1 /T3-F3-1 /T4-F2-1 /D:1     
/W-F1-1  /T1-F1-1 /T0-F1-1 /T1-F0-1 /T0-F0-1 /T1-F1-1 /T0-F1-1 /T1-F0-1 /T0-F0-1 /T1-F1-1 
/T0-F1-1 /T1-F0-1 /T0-F0-1 /T1-F1-1 /T0-F1-1 /T1-F0-1 
"
1010686,J#LR#szq#WVip#jZOnN#BHPAEK#CQDhYUd#XlkawreMImbgFtufcvoGxyST,149.500000,4656.000000,67.000000,0.474747,1,"
minimal: 0 / states: 140 / duration: 0.000141s
history:
/T4-F3-1 /T4-F2-1 /T4-F3-1 /T3-T6-1 /T2-T1-1 /T3-T0-1 /D:2     /W-T2-1  /T5-T2-1 /T6-T5-2 
/D:2     /W-F1-1  /D:7     /W-F1-1  /D:3     /W-T6-1  /D:1     /W-T0-1  /D:1     /W-T6-1  
/T5-T6-3 /T5-F0-1 /T5-F3-1 /T5-T3-1 /T5-F0-1 /T2-T5-3 /T1-T2-2 /T1-T4-1 /T4-T1-2 /T4-T5-1 
/D:1     /W-F1-1  /D:1     /W-T5-1  /T6-T5-6 /D:1     /W-F2-1  /T5-F2-1 /T2-F2-1 /T5-F1-1 
/D:2     /W-T6-1  /D:3     /W-T0-1  /T2-T0-2 /R       /D:1     /W-T1-1  /T0-T1-6 /D:3     
/W-F2-1  /D:1     /W-F1-1  /D:1     /W-T0-1  /T6-T0-2 /D:2     /W-T2-1  /D:1     /W-T3-1  
/D:1     /W-T3-1  /T1-T3-1 /T1-F2-1 /D:1     /W-T6-1  /T5-T6-2 /T5-F2-1 /D:1     /W-T2-1  
/D:1     /R       /D:1     /W-T2-1  /D:1     /W-T2-1  /T3-T2-5 /T3-T0-1 /D:1     /W-T0-1  
/T6-T0-4 /T6-T2-1 /T6-F3-1 /T6-F0-1 /T2-F0-1 /T0-F0-1 /T0-F1-1 /T2-F3-1 /T2-F0-1 /T2-F1-1 
/T0-F0-1 /T0-F1-1 /T2-F0-1 /T0-F0-1 /T1-T2-2 /T1-F1-1 /T1-F0-1 /T5-T0-2 /T5-F1-1 /T5-F0-1 
/T2-T1-4 /T2-F1-1 /T5-F1-1 /T1-T2-5 /T1-F0-1 /T0-T5-5 /T0-F0-1 /T2-T1-6 /T2-F1-1 /D:1     
/W-F3-1  /T1-F3-1 /T1-F2-1 /T5-F3-1 /T1-F3-1 /T5-F2-1 /T1-F2-1 /T5-F3-1 /T1-F3-1 /T5-F2-1 
/T1-F2-1 /T5-F3-1 /T1-F3-1 /T5-F2-1 
"
1010700,o#wN#bem#yrlk#hDYLp#GRWOFH#IXSiZuA#BcEKtdMxJVjgCTnvzfqUQsaP,137.500000,1721.000000,50.000000,0.653061,1,"
minimal: 0 / states: 114 / duration: 0.000131s
history:
/T1-F3-1 /T6-F0-1 /T1-T3-1 /T2-T1-1 /D:1     /W-F0-1  /D:9     /W-T3-1  /T5-T3-1 /T2-T5-1 
/T2-T4-1 /D:2     /W-T3-1  /T5-T3-2 /T5-F3-1 /D:1     /W-F0-1  /D:1     /W-T6-1  /D:1     
/W-F2-1  /T0-F2-1 /D:1     /W-T5-1  /D:1     /W-T0-1  /D:2     /W-T3-1  /D:1     /W-T5-1  
/D:2     /W-T6-1  /D:1     /W-F1-1  /T4-F1-1 /T4-F2-1 /T3-T4-8 /T4-T1-9 /T3-T0-1 /T1-F2-1 
/T3-F2-1 /T6-F2-1 /D:1     /W-F3-1  /W-F3-1  /R       /D:1     /W-F1-1  /D:2     /W-T0-1  
/T5-T0-3 /T5-F3-1 /T5-T0-1 /D:1     /W-F2-1  /D:1     /W-F1-1  /T1-F1-1 /D:1     /W-T2-1  
/T4-T2-1 /T4-F0-1 /W-F0-1  /T1-F0-1 /T0-F0-1 /D:1     /W-T2-1  /D:2     /W-T2-1  /D:1     
/W-F1-1  /T1-F1-1 /T4-F1-1 /T6-T1-1 /T6-F2-1 /T6-T4-1 /T6-F1-1 /T6-F3-1 /T1-F3-1 /T0-F3-1 
/T0-F2-1 /T1-F0-1 /T1-F3-1 /T1-F2-1 /T6-T3-1 /T6-F0-1 /T0-F3-1 /T2-F1-1 /T2-F2-1 /W-F0-1  
/T0-F0-1 /T1-F1-1 /T0-F1-1 /T3-F3-1 /T1-F0-1 /T2-F3-1 /T2-F0-1 /T3-F2-1 /T0-F2-1 /T1-F1-1 
/T4-F3-1 
"
1010716,p#jz#LOo#XiCN#qclwf#gVMBPI#FResbht#vZYGkKDArEWUaSJduyxQmHTn,139.500000,1076.000000,51.000000,0.629032,1,"
minimal: 0 / states: 118 / duration: 0.000134s
history:
/T3-F3-1  /T4-T6-1  /D:3      /W-T1-1   /D:3      /W-T1-1   /D:2      /W-F0-1   /D:1      /W-T6-1   
/D:2      /W-T1-1   /T5-T1-1  /T2-T5-1  /T2-F3-1  /D:1      /W-T1-1   /T6-T1-3  /D:1      /W-F1-1   
/D:3      /W-T1-1   /T3-T1-1  /T3-T4-1  /T4-T3-2  /T3-T2-3  /T1-T3-11 /D:1      /W-T2-1   /D:2      
/W-T4-1   /T1-T4-1  /D:2      /W-T1-1   /T2-T1-5  /D:2      /W-T1-1   /D:1      /W-F2-1   /T5-F2-1  
/T5-F3-1  /T5-F0-1  /T4-T5-3  /T5-T2-4  /T0-F2-1  /T3-F0-1  /W-T5-1   /W-F3-1   /R        /D:1      
/W-T2-1   /T6-T2-1  /T6-F1-1  /T4-F1-1  /T3-F1-1  /T4-F2-1  /T3-F2-1  /T6-F2-1  /T6-F1-1  /T6-F3-1  
/T3-F1-1  /T3-F2-1  /T1-T5-1  /T1-F2-1  /T6-T5-1  /D:1      /W-T0-1   /D:1      /W-T2-1   /D:2      
/W-F0-1   /D:1      /W-F0-1   /T5-F0-1  /T2-F0-1  /D:1      /W-F3-1   /T5-F3-1  /T3-F3-1  /T5-T1-1  
/T5-F3-1  /T5-F1-1  /T1-F0-1  /T2-F1-1  /T1-F1-1  /T2-F2-1  /T1-F2-1  /T3-F0-1  /T2-F1-1  /T3-F3-1  
/T2-F2-1  /T1-F3-1  /W-F1-1   /T2-F1-1  /T1-T0-1  /T1-F1-1  /D:1      /W-F0-1   /T3-F0-1  /T0-F0-1  
/T3-F3-1  /T2-F0-1  /T0-F3-1  /D:1      /W-F2-1   /T3-F2-1  
"
1010769,c#rW#MAw#sbJN#TpEYt#QhjVBa#dDefxgi#SXkvPIOKFLnomyHRqzCUZGul,138.000000,1372.000000,47.000000,0.638889,1,"
minimal: 0 / states: 116 / duration: 0.000129s
history:
/T3-F3-1 /T5-F1-1 /T6-T2-1 /T5-T0-1 /T5-T3-1 /D:1     /W-T4-1  /D:3     /W-T1-1  /D:2     
/W-T5-1  /D:1     /W-F3-1  /W-F3-1  /D:2     /W-T6-1  /D:2     /W-F2-1  /D:1     /W-F2-1  
/D:3     /W-T2-1  /T6-T2-2 /T5-T6-2 /T4-T5-2 /T6-T4-3 /T5-T1-3 /T5-F3-1 /D:1     /W-F3-1  
/T1-F3-1 /T6-T1-1 /T6-T2-1 /T6-T2-1 /T0-T2-2 /D:2     /W-T0-1  /T4-T0-4 /T4-T1-1 /T4-F2-1 
/T4-F3-1 /W-F2-1  /T6-T1-1 /D:1     /W-T1-1  /D:1     /W-F3-1  /T3-F3-1 /D:1     /W-T4-1  
/W-T4-1  /W-T5-1  /W-T5-1  /D:3     /R       /D:1     /W-T4-1  /T2-T4-9 /T2-F0-1 /T4-F0-1 
/T1-F0-1 /D:1     /W-T5-1  /T3-T5-1 /T3-F1-1 /T4-F1-1 /T1-F1-1 /T4-F0-1 /T1-F0-1 /T4-F1-1 
/T4-F0-1 /T1-F1-1 /T4-F1-1 /D:2     /W-F0-1  /T4-F0-1 /T0-F0-1 /T1-T0-3 /T1-F3-1 /T1-F2-1 
/T3-F2-1 /T0-F2-1 /T0-F1-1 /T4-F1-1 /T5-F0-1 /W-F0-1  /T4-T5-1 /T4-F3-1 /T5-T4-2 /T5-F0-1 
/T2-F0-1 /D:1     /W-F2-1  /T0-F2-1 /T0-F1-1 /T4-F2-1 /T0-F2-1 /T0-F3-1 /T4-F1-1 /T4-F2-1 
/T4-F3-1 /T0-F2-1 /D:1     /W-F1-1  /T5-F1-1 
"
1010770,E#Tb#IxC#ozWs#mMpgG#iVPOBZ#KvcLRnQ#qyetNwJrAjkuUXfdDhFlaSHY,143.000000,1896.000000,49.000000,0.596591,1,"
minimal: 0 / states: 122 / duration: 0.000134s
history:
/T6-T0-1  /T6-F2-1  /T6-T3-1  /T6-T5-1  /T2-T0-1  /T1-T0-1  /T3-T1-2  /T3-T2-1  /D:1      /W-T1-1   
/T6-T1-1  /T6-T2-1  /D:4      /W-F3-1   /D:4      /W-F0-1   /D:1      /W-T6-1   /D:1      /W-T5-1   
/D:2      /W-T2-1   /T4-T2-1  /D:2      /W-T2-1   /T0-T2-4  /T5-T0-3  /T5-F0-1  /T5-F3-1  /T5-F3-1  
/D:4      /W-T4-1   /D:1      /W-T3-1   /T2-T3-10 /T2-T6-1  /T3-T2-12 /T3-F2-1  /W-T6-1   /D:1      
/W-F1-1   /T2-F1-1  /T1-F1-1  /T2-F0-1  /W-F0-1   /T2-F3-1  /T2-F0-1  /T4-F0-1  /W-F1-1   /D:2      
/W-T5-1   /T4-T5-1  /T4-F2-1  /T1-F2-1  /T1-F3-1  /T4-T3-1  /W-F3-1   /T1-T5-1  /T1-F3-1  /T2-T6-2  
/T2-F3-1  /D:1      /W-T3-1   /T6-T3-6  /R        /D:1      /W-T4-1   /D:1      /W-F1-1   /T3-F1-1  
/T3-F0-1  /D:1      /W-T3-1   /D:1      /W-T0-1   /T5-T0-4  /T0-T5-3  /T0-F3-1  /T5-T0-4  /D:2      
/W-F2-1   /T0-F2-1  /T0-F1-1  /T0-F0-1  /T3-F2-1  /T3-F1-1  /T3-F0-1  /T0-F1-1  /W-F0-1   /T3-F1-1  
/T3-F0-1  /T0-T4-2  /T0-F0-1  /D:1      /W-F2-1   /T2-F2-1  /T2-F3-1  /T4-F2-1  /T2-F2-1  /T4-F1-1  
/T2-F1-1  /T4-F2-1  /T4-F1-1  /T2-F2-1  /D:1      /W-F3-1   /T3-F3-1  /T0-F3-1  /T3-F0-1  
"
1010811,s#iK#McP#qTGy#SdrBm#oEzZwn#bOgaWXf#LUCkHtIQuYAxVNeDRpJvhFlj,107.000000,1848.000000,45.000000,0.639241,1,"
minimal: 0 / states: 125 / duration: 0.000144s
history:
/T5-F2-1 /T3-T4-1 /T6-T3-1 /T6-T4-1 /T5-T4-1 /T6-T1-1 /T6-F1-1 /T0-T6-1 /T4-T0-4 /T4-T2-1 
/T4-T3-1 /T4-T3-1 /D:1     /W-T5-1  /D:2     /W-T3-1  /D:1     /W-T5-1  /D:3     /W-T1-1  
/D:4     /W-F0-1  /T2-F0-1 /T3-F0-1 /D:2     /W-T0-1  /D:1     /W-F3-1  /D:1     /W-T6-1  
/D:1     /W-T6-1  /T2-T6-1 /D:2     /W-T3-1  /D:1     /W-T5-1  /D:2     /W-T1-1  /T3-T1-5 
/D:1     /W-T3-1  /D:2     /R       /D:2     /W-T0-1  /T6-T0-5 /T6-F3-1 /T6-F1-1 /T2-F1-1 
/T5-T6-4 /T0-F3-1 /T0-F0-1 /D:2     /W-F3-1  /D:2     /W-T2-1  /T1-T2-9 /T1-T6-1 /T5-T1-1 
/T5-F0-1 /T5-F2-1 /T2-F2-1 /T2-F1-1 /W-T6-1  /T3-T6-2 /T3-F2-1 /T0-F1-1 /T2-F2-1 /T2-F1-1 
/T0-F2-1 /T0-F1-1 /T6-F0-1 /T2-F0-1 /T0-F0-1 /T2-F1-1 /T2-F0-1 /W-F2-1  /T6-T0-2 /T6-F1-1 
/T6-F0-1 /D:2     /W-F3-1  /T4-F3-1 /T0-F3-1 /T0-F2-1 /D:1     /W-F2-1  /D:1     /W-T1-1  
/W-T1-1  /W-F3-1  /T0-F3-1 /T0-F2-1 /T2-F3-1 /T0-F3-1 /T1-F2-1 /T0-F2-1 /T2-F0-1 /T2-F3-1 
/T1-T2-1 /T1-F2-1 /T6-T0-2 /T6-F3-1 /D:1     /W-F1-1  /T0-F1-1 /T0-F0-1 /T2-F1-1 /T0-F1-1 
/T2-F0-1 
"
1010841,d#ZE#jBA#uKDn#qlkHh#JLNzyS#sRXUQig#CavYwerOTWoxIGMVpPFctfbm,113.500000,1521.000000,49.000000,0.580247,1,"
minimal: 0 / states: 126 / duration: 0.000125s
history:
/T2-F0-1 /T2-F0-1 /T3-F2-1 /T1-T5-1 /T0-T5-1 /D:1     /W-F0-1  /T3-F0-1 /T2-T3-1 /D:1     
/W-F1-1  /D:1     /W-T3-1  /T4-T3-1 /T6-T4-1 /T4-T6-2 /D:2     /W-T4-1  /T6-T4-3 /D:6     
/W-F2-1  /D:3     /W-T3-1  /T5-T3-3 /T5-T1-1 /T5-T0-1 /T5-F3-1 /T4-T1-5 /T3-T4-8 /T4-T0-9 
/D:1     /W-T2-1  /D:2     /W-F2-1  /T4-F2-1 /D:2     /W-T1-1  /D:4     /W-F1-1  /D:1     
/W-T4-1  /T5-T4-1 /R       /D:1     /W-T2-1  /D:1     /W-T1-1  /D:1     /W-F2-1  /D:1     
/W-F3-1  /D:1     /W-T3-1  /D:2     /W-T2-1  /W-T2-1  /D:1     /W-T2-1  /D:1     /W-T5-1  
/T3-T5-2 /D:1     /W-F3-1  /T6-F3-1 /T6-T2-1 /T6-T4-1 /T6-F3-1 /T6-F2-1 /T5-T4-4 /D:1     
/W-F1-1  /T0-F1-1 /T0-F0-1 /T0-F3-1 /T1-F1-1 /T1-F0-1 /T4-F3-1 /T0-F0-1 /T2-F3-1 /T1-T4-1 
/T1-F0-1 /T2-F0-1 /T4-T1-2 /T4-F3-1 /T2-F3-1 /T4-F0-1 /T4-F3-1 /T0-T2-3 /T0-F0-1 /T4-F0-1 
/T2-T0-4 /T2-F3-1 /T2-F0-1 /T1-T4-6 /T1-F3-1 /D:1     /W-F2-1  /D:1     /W-F1-1  /T4-F1-1 
/T0-F1-1 /T4-F2-1 /T0-F2-1 /T4-F1-1 /T0-F1-1 /T4-F2-1 /T0-F2-1 /T4-F1-1 /T0-F1-1 /T4-F2-1 
/T0-F2-1 /T4-F1-1 
"
1010849,f#FV#Avn#hUgu#wMaCt#eiYObZ#GSyoWHP#DJLlmsQrBxKdjckXRIzTpNEq,125.500000,1759.000000,53.000000,0.560241,1,"
minimal: 0 / states: 130 / duration: 0.000176s
history:
/T2-F2-1  /T3-T1-1  /T3-T1-1  /T4-T3-1  /T3-T2-2  /T0-T2-1  /T5-T0-1  /T5-T4-1  /D:3      /W-T0-1   
/D:3      /W-T1-1   /D:2      /W-T2-1   /W-T2-1   /T4-T2-2  /T4-F1-1  /T2-F1-1  /T5-T2-1  /T5-T4-1  
/D:1      /W-T6-1   /D:1      /W-T4-1   /D:3      /W-T4-1   /T2-T4-8  /T2-F0-1  /T6-F0-1  /T4-T2-12 
/T1-T4-4  /D:1      /W-F1-1   /W-F1-1   /D:1      /W-T0-1   /T4-T0-5  /D:2      /W-T0-1   /D:2      
/W-T4-1   /D:3      /W-F3-1   /T2-F3-1  /T2-F0-1  /T6-F3-1  /T6-T5-1  /T2-F3-1  /T0-F3-1  /D:2      
/R        /D:1      /W-F0-1   /D:2      /W-T4-1   /D:2      /W-T4-1   /T6-T4-1  /T6-F2-1  /D:1      
/W-T6-1   /D:1      /W-T4-1   /T3-T4-1  /W-T3-1   /T6-T3-2  /T6-F3-1  /W-T3-1   /T5-T3-2  /T5-F1-1  
/T6-T4-1  /D:1      /W-F3-1   /D:1      /W-F2-1   /D:1      /W-F0-1   /T1-F0-1  /T4-F0-1  /T3-F0-1  
/T2-T4-3  /T2-F3-1  /T0-T3-3  /T0-F3-1  /T4-T2-4  /T4-F0-1  /T4-F3-1  /T3-T0-4  /T3-F0-1  /T3-F3-1  
/T4-F0-1  /T0-T3-6  /T0-F0-1  /T2-T4-7  /T2-F3-1  /T0-F3-1  /T2-F0-1  /D:1      /W-F2-1   /T4-F2-1  
/T3-F2-1  /T4-F1-1  /T3-F1-1  /T4-F2-1  /T3-F2-1  /T4-F1-1  /T3-F1-1  /T4-F2-1  /T3-F2-1  /T4-F1-1  
/T3-F1-1  /T4-F2-1  /T3-F2-1  /T4-F1-1  /T3-F1-1  /T4-F2-1  
"
1010895,K#vC#RGx#QEZd#rkFLs#gIyjOz#fVPbqoe#UNJhSMiYXBpAulDHaTnwmctW,131.000000,4005.000000,53.000000,0.571429,1,"
minimal: 0 / states: 128 / duration: 0.000138s
history:
/T6-T4-1 /T1-T3-1 /D:1     /W-T1-1  /D:1     /W-F3-1  /D:6     /W-T5-1  /T2-T5-1 /T2-T1-1 
/D:4     /W-F0-1  /D:3     /W-T2-1  /D:2     /W-F1-1  /D:2     /W-F2-1  /T6-F2-1 /T6-T4-1 
/T6-F1-1 /T6-T2-1 /D:3     /W-F1-1  /D:2     /W-T0-1  /T1-T0-3 /T5-T1-3 /T5-F3-1 /T5-T1-1 
/T2-F3-1 /R       /D:3     /W-T0-1  /D:3     /W-T5-1  /D:1     /W-F0-1  /T3-F0-1 /T2-F0-1 
/T3-F1-1 /T5-T3-2 /T5-T1-1 /T4-T5-3 /T5-T2-1 /T5-F1-1 /T2-T5-2 /T3-T2-3 /T3-F0-1 /T3-F3-1 
/D:1     /W-F2-1  /T5-F2-1 /T5-F3-1 /T0-F3-1 /D:1     /W-T6-1  /T5-T6-2 /D:3     /W-F3-1  
/D:1     /W-T2-1  /T6-T2-4 /T6-F1-1 /D:1     /W-T3-1  /T4-T3-1 /T4-F0-1 /T0-F0-1 /T4-T3-1 
/T4-F2-1 /T2-F2-1 /T2-F1-1 /W-F0-1  /T0-F3-1 /T1-F0-1 /D:1     /W-F2-1  /T2-F2-1 /T2-F3-1 
/T0-F2-1 /T0-F3-1 /T2-F2-1 /T2-F3-1 /T1-T0-1 /T1-F2-1 /T1-F3-1 /T2-F2-1 /T1-F2-1 /T2-F3-1 
/R       /D:1     /W-F0-1  /D:1     /W-F1-1  /D:1     /W-T1-1  /D:1     /W-F1-1  /T0-F1-1 
/T0-F0-1 /T3-F1-1 /T3-F0-1 /T1-F0-1 /D:1     /W-F1-1  /T3-F1-1 
"
1010914,G#Mu#yHn#ifAW#pOYgb#RxZsIC#lkXUQoa#VKhFJzvNmdqDLPrSjETcewBt,117.500000,2488.000000,43.000000,0.629870,1,"
minimal: 0 / states: 123 / duration: 0.000134s
history:
/T2-F2-1 /T6-F1-1 /T4-F1-1 /T6-F2-1 /T5-T6-1 /T5-T3-1 /T4-T1-1 /T5-T1-1 /D:2     /W-T4-1  
/T3-T4-2 /T3-F0-1 /T3-T0-1 /T1-T3-3 /T4-T1-4 /T4-T6-1 /T4-F2-1 /T5-T4-1 /D:1     /W-T1-1  
/T0-T1-2 /D:3     /W-T0-1  /D:2     /W-F3-1  /T6-F3-1 /D:3     /W-F2-1  /D:2     /W-T4-1  
/D:1     /W-F3-1  /D:1     /W-T1-1  /T6-T1-2 /D:2     /W-T5-1  /D:2     /W-T2-1  /D:1     
/W-F1-1  /D:1     /W-T3-1  /D:2     /W-F0-1  /T1-F0-1 /T1-F3-1 /T1-F2-1 /D:1     /W-T6-1  
/R       /D:2     /W-T2-1  /T3-T2-1 /T3-F2-1 /T6-F2-1 /D:2     /W-T5-1  /T6-T5-1 /T6-T4-1 
/W-T4-1  /W-T4-1  /T2-T4-4 /T6-T2-1 /T5-T6-4 /T5-F3-1 /T6-T0-5 /D:1     /W-T5-1  /T2-T5-2 
/D:1     /W-F1-1  /T4-F1-1 /T1-F1-1 /T3-F1-1 /T3-F2-1 /T1-T0-1 /T1-F1-1 /T3-F1-1 /T0-T1-2 
/T0-F2-1 /T0-F1-1 /T5-F1-1 /D:1     /W-F0-1  /D:1     /W-F3-1  /D:1     /W-F0-1  /T4-F0-1 
/T1-F0-1 /T4-F3-1 /T1-F3-1 /T4-F0-1 /T1-F0-1 /T4-F3-1 /T1-F3-1 /T4-F0-1 /T1-F0-1 /T4-F3-1 
/T4-F0-1 /T1-F3-1 /T1-F0-1 /T4-F3-1 /D:1     /W-F2-1  /T0-F2-1 /T0-F1-1 /T5-F2-1 /T0-F2-1 
/T5-F1-1 
"
1010924,M#ZT#wKg#OyVh#jUJaB#mCentR#zGNLpfl#DFrdoSAPHbicxsEYQkIvWquX,157.500000,3570.000000,43.000000,0.635294,1,"
minimal: 0 / states: 115 / duration: 0.000128s
history:
/T6-T0-1 /D:1     /W-T5-1  /D:1     /W-T1-1  /T5-T1-2 /T6-T5-1 /T5-T3-2 /T5-F2-1 /D:1     
/W-T3-1  /D:1     /W-T3-1  /T6-T3-1 /D:1     /W-F2-1  /T3-F2-1 /D:2     /W-F0-1  /T4-F0-1 
/T4-F1-1 /D:1     /W-T1-1  /D:2     /W-F1-1  /D:1     /W-T4-1  /W-T4-1  /T2-T4-1 /T2-T0-1 
/D:1     /W-F1-1  /T3-F1-1 /T5-F1-1 /T5-F0-1 /T6-T5-1 /T6-F3-1 /W-T6-1  /T3-T6-1 /T3-F1-1 
/T4-F1-1 /T1-T4-5 /D:5     /W-T6-1  /D:1     /W-T5-1  /T4-T5-8 /T6-T4-4 /W-T6-1  /D:3     
/W-T0-1  /W-T0-1  /T3-T0-2 /T3-T2-1 /T3-T1-1 /T3-F3-1 /T5-F3-1 /T4-F3-1 /T5-F0-1 /T5-F3-1 
/D:1     /W-F2-1  /T4-F2-1 /T4-F3-1 /D:1     /W-T2-1  /D:1     /W-T1-1  /T2-T1-3 /R       
/D:1     /W-T6-1  /D:1     /W-F2-1  /T0-F2-1 /T0-F1-1 /T4-T0-2 /T1-F2-1 /T5-T1-3 /T5-F1-1 
/T4-F1-1 /D:1     /W-F0-1  /T1-F0-1 /T0-F0-1 /T1-F3-1 /T0-F3-1 /T0-F2-1 /T1-F0-1 /T1-F3-1 
/T1-F2-1 /T0-F3-1 /T6-F2-1 /T1-F3-1 /T1-F2-1 /T6-F3-1 /T1-F3-1 /T6-F2-1 /D:1     /W-F0-1  
/T5-F0-1 /T0-F0-1 /T5-F1-1 /T0-F1-1 /T5-F0-1 /T0-F0-1 /T5-F1-1 
"
1010936,w#fg#HYM#WFhj#bRsJo#yTmSKV#ketUNQI#nuDdCpvcBqxGzZELPOiAlraX,80.000000,568.000000,23.000000,0.843750,1,"
minimal: 0 / states: 112 / duration: 0.000124s
history:
/T6-T3-1 /T5-T0-1 /T3-T5-2 /T3-T5-1 /T3-T1-1 /D:1     /W-F2-1  /T4-F2-1 /D:1     /W-T0-1  
/T1-T0-2 /D:3     /W-T6-1  /D:1     /W-F2-1  /D:1     /W-T3-1  /D:3     /W-F2-1  /D:2     
/W-T5-1  /T1-T5-1 /T2-T1-1 /T5-T2-6 /T2-T1-7 /D:3     /W-T1-1  /T6-T1-2 /T6-F3-1 /T6-T3-1 
/T5-T6-1 /T6-T3-2 /T6-T0-1 /T4-T6-1 /D:1     /W-T5-1  /T6-T5-2 /T5-T6-4 /T4-T5-1 /T4-T5-1 
/T5-T2-3 /T4-T1-1 /W-T4-1  /T5-T4-1 /W-T5-1  /D:2     /W-F3-1  /W-F3-1  /D:1     /W-T6-1  
/T2-T6-4 /D:1     /W-F0-1  /D:1     /W-T5-1  /W-T5-1  /W-F0-1  /T3-T5-5 /D:1     /W-F2-1  
/D:1     /W-F1-1  /T1-F1-1 /T1-F0-1 /T1-F3-1 /W-F1-1  /W-F1-1  /W-F0-1  /T0-F1-1 /T1-F0-1 
/T1-F1-1 /T6-F3-1 /T0-F0-1 /T5-F3-1 /T1-F0-1 /T6-F2-1 /T0-F1-1 /T5-F2-1 /T1-F1-1 /T6-F3-1 
/T0-F2-1 /T5-F3-1 /T5-F2-1 /T6-F0-1 /T0-F3-1 /T1-F0-1 /T5-F3-1 /T6-F1-1 /T0-F2-1 /T1-F1-1 
/T5-F2-1 /T6-F0-1 /T1-F0-1 /T6-F1-1 /T5-F1-1 /T4-F2-1 /T5-F2-1 /T6-F0-1 /T6-F1-1 /D:1     
/W-F3-1  /T1-F3-1 /T1-F0-1 /T4-F3-1 
"
1010953,a#Pk#mMY#cxWq#VdSlF#QvtHeN#hBRipIL#ZrJsXyzGDTwgEbOfujnUoAKC,77.000000,907.000000,31.000000,0.820312,1,"
minimal: 0 / states: 115 / duration: 0.000130s
history:
/T0-F1-1 /T5-F3-1 /T5-T4-1 /T3-T4-1 /T1-T6-1 /T1-T4-1 /D:1     /W-T0-1  /T6-T0-2 /T6-T3-1 
/D:2     /W-T0-1  /D:4     /W-T1-1  /T2-T1-1 /D:3     /W-T5-1  /T4-T5-4 /T4-T2-1 /D:3     
/W-T4-1  /D:1     /W-F1-1  /D:1     /W-F3-1  /T5-F3-1 /D:4     /W-F2-1  /D:1     /W-T3-1  
/D:1     /W-F2-1  /T6-F2-1 /T5-T6-5 /T6-T0-6 /T4-T5-2 /T5-T3-3 /T4-T3-1 /T0-F2-1 /D:1     
/W-F0-1  /D:1     /W-T1-1  /T3-T1-7 /T3-T2-1 /W-T2-1  /T5-T2-1 /T3-F1-1 /T2-T3-5 /T1-F1-1 
/T0-F1-1 /T6-T0-1 /T6-F0-1 /T5-F3-1 /T0-F3-1 /W-T4-1  /W-F1-1  /W-F1-1  /T6-F1-1 /D:1     
/W-F0-1  /R       /D:1     /W-F2-1  /D:1     /W-F2-1  /D:2     /W-T2-1  /W-T2-1  /D:2     
/W-F0-1  /T1-F0-1 /T0-F0-1 /T1-F3-1 /T0-F3-1 /T1-F2-1 /T4-F2-1 /W-F0-1  /T0-F0-1 /T0-F1-1 
/T1-F3-1 /T1-F0-1 /T3-F2-1 /T3-F1-1 /T4-F3-1 /T0-F0-1 /T1-F3-1 /T1-F0-1 /T0-F1-1 /T0-F0-1 
/T2-F3-1 /T1-F3-1 /T0-F3-1 /T3-T1-2 /T3-F0-1 /D:1     /W-F2-1  /T1-F2-1 /T1-F1-1 /T2-F2-1 
/T1-F2-1 /T2-F1-1 
"
1010994,Z#lw#rnH#yVSM#QAhka#sEXTcz#RCBKbOg#meFiDvoPJxuGWfpUjqtNILYd,135.000000,3081.000000,45.000000,0.613924,1,"
minimal: 0 / states: 117 / duration: 0.000141s
history:
/T4-F1-1 /T6-T2-1 /T1-T4-1 /T1-T3-1 /T5-T1-1 /D:3     /W-T2-1  /W-T2-1  /D:1     /W-T4-1  
/T2-T4-4 /T2-F2-1 /D:1     /W-T4-1  /T5-T4-1 /D:2     /W-F2-1  /D:3     /W-T3-1  /D:3     
/W-T3-1  /D:2     /W-F2-1  /D:3     /W-F2-1  /T2-F2-1 /T3-T2-4 /D:2     /W-F3-1  /T6-F3-1 
/T6-F1-1 /T4-F1-1 /D:1     /W-T2-1  /D:1     /W-T0-1  /T4-T0-8 /T4-T2-1 /T4-F0-1 /W-T2-1  
/T3-T2-1 /W-T6-1  /D:1     /W-T1-1  /T6-T1-2 /T6-F0-1 /T6-F0-1 /T0-F0-1 /D:1     /W-F1-1  
/T0-F1-1 /T6-T0-1 /R       /D:1     /W-T6-1  /D:1     /W-T1-1  /D:1     /W-F3-1  /T4-F3-1 
/T0-F3-1 /T2-F3-1 /T5-F3-1 /D:1     /W-T5-1  /T3-T5-1 /T5-T3-3 /T5-F0-1 /T0-F0-1 /T5-F2-1 
/T2-F2-1 /T3-T6-4 /D:1     /W-F2-1  /T1-F2-1 /D:1     /W-F0-1  /D:1     /W-F1-1  /T0-F1-1 
/T0-F0-1 /T2-F1-1 /T0-F1-1 /T0-F2-1 /T1-F1-1 /T0-F1-1 /T2-F0-1 /T2-T1-1 /T2-F2-1 /T2-F1-1 
/T6-T0-3 /T6-F2-1 /T6-F1-1 /T1-T2-3 /T1-F2-1 /D:1     /W-F3-1  /T0-F3-1 /T0-F0-1 /T2-F3-1 
/T0-F3-1 /T2-F0-1 /T0-F0-1 /T2-F3-1 /T0-F3-1 /T2-F0-1 
"
1011018,G#MJ#QtS#gAfR#ObpoU#hvNndu#esrBCPY#lHjTIFWackZKEiwDzVqLmXxy,81.000000,1024.000000,44.000000,0.743590,1,"
minimal: 0 / states: 122 / duration: 0.000126s
history:
/T2-T0-1 /T2-T4-1 /D:4     /W-T5-1  /D:2     /W-T5-1  /T3-T5-1 /T3-T4-1 /T3-F0-1 /D:2     
/W-F1-1  /D:4     /W-T6-1  /D:1     /W-T0-1  /T2-T0-1 /W-T2-1  /D:1     /W-T1-1  /T5-T1-4 
/D:2     /W-T1-1  /D:4     /W-T2-1  /D:2     /W-T2-1  /T1-T2-7 /T6-T1-2 /T6-T2-1 /T6-T0-1 
/T6-F0-1 /T5-T6-1 /T5-F2-1 /T5-F3-1 /T4-T5-3 /T4-F2-1 /T4-F2-1 /T4-F1-1 /T4-F3-1 /T0-F0-1 
/T2-F3-1 /T0-F3-1 /T6-T5-2 /T6-T3-1 /T2-F0-1 /T0-F0-1 /T2-F3-1 /T0-F3-1 /T2-F0-1 /T0-F0-1 
/T2-F3-1 /W-T0-1  /W-F2-1  /T3-T2-2 /T6-T2-1 /D:2     /W-T0-1  /R       /D:2     /W-F0-1  
/D:1     /W-T1-1  /T5-T1-6 /T1-T5-4 /T1-F3-1 /T5-T1-5 /D:1     /W-F0-1  /D:2     /W-F1-1  
/T1-F1-1 /T1-F2-1 /T2-F1-1 /T1-F1-1 /T2-F2-1 /T1-F2-1 /T2-F1-1 /T1-F1-1 /T2-F2-1 /T1-F2-1 
/T2-F1-1 /T1-F1-1 /T2-F0-1 /T1-F0-1 /T2-T0-1 /T2-F0-1 /D:1     /W-F1-1  /D:1     /W-F2-1  
/D:1     /W-T3-1  /T1-T3-1 /T1-F0-1 /D:1     /W-F3-1  /W-F3-1  /T0-F3-1 /T3-F3-1 /T2-F3-1 
/W-F1-1  /D:1     /W-F2-1  /T0-F2-1 /T0-F1-1 /T3-F2-1 
"
1011036,V#Na#Poj#ykRM#XupvD#OilZAH#IEeFcgr#YGwzBfWLtmxQSTCnqJsbUhKd,117.000000,2775.000000,47.000000,0.586667,1,"
minimal: 0 / states: 124 / duration: 0.000139s
history:
/T1-F1-1 /T1-F3-1 /T5-T0-1 /T5-F0-1 /T3-T1-1 /T4-T3-1 /T4-T2-1 /D:1     /W-T1-1  /D:4     
/W-F0-1  /D:3     /W-T5-1  /D:3     /W-T1-1  /T2-T1-2 /D:1     /W-T6-1  /T4-T6-1 /D:2     
/W-T0-1  /D:1     /W-F0-1  /T3-F0-1 /D:1     /W-F2-1  /T2-F2-1 /T6-F2-1 /D:1     /W-F2-1  
/D:2     /W-T0-1  /T3-T0-1 /T3-T5-1 /W-T5-1  /T0-T5-5 /T5-T0-9 /D:1     /W-F1-1  /D:1     
/W-T1-1  /D:2     /W-T5-1  /D:1     /R       /D:1     /W-T1-1  /D:3     /W-T1-1  /T6-T1-2 
/T6-T4-1 /T6-F1-1 /T6-T4-1 /T6-T4-1 /T6-F0-1 /D:1     /W-T5-1  /T6-T5-1 /W-T6-1  /T5-T6-4 
/T4-T5-4 /W-T4-1  /T5-T4-5 /T5-F3-1 /T2-F3-1 /T1-F3-1 /T0-F3-1 /T1-F2-1 /T0-F2-1 /T4-T3-7 
/D:1     /W-F2-1  /D:1     /W-T2-1  /T3-T2-8 /D:1     /W-F3-1  /T0-F3-1 /T2-T0-3 /T2-F2-1 
/T1-T6-3 /T1-F2-1 /D:2     /W-F1-1  /T0-F1-1 /T0-F0-1 /T6-F1-1 /T0-F1-1 /T6-F0-1 /T0-F0-1 
/T6-F3-1 /T0-F3-1 /W-F1-1  /T2-F1-1 /T2-F2-1 /T6-F0-1 /T0-F0-1 /T1-F1-1 /T0-F1-1 /T6-F3-1 
/T1-F2-1 /T2-F3-1 /T2-F2-1 /T6-F0-1 /T0-F0-1 /T1-F3-1 /T0-F3-1 /T6-F1-1 /T1-F0-1 /T2-F1-1 
/T6-F2-1 
"
1011043,E#Ix#UeL#QRgY#PTGcu#sMzZdt#oCrwqAb#FNaySHvfiKXBOhmWpklJnDjV,92.000000,1417.000000,41.000000,0.689873,1,"
minimal: 0 / states: 121 / duration: 0.000138s
history:
/T1-T3-1  /D:2      /W-F3-1   /D:1      /W-F1-1   /T6-F1-1  /T6-F0-1  /D:2      /W-T5-1   /T0-T5-1  
/D:6      /W-T2-1   /D:1      /W-F0-1   /D:1      /W-F3-1   /D:1      /W-T1-1   /T5-T1-3  /T5-T1-1  
/T5-T0-1  /T3-T5-2  /T2-T0-2  /T6-T2-1  /T6-T0-1  /T3-T4-1  /D:2      /W-T5-1   /T1-T5-6  /T5-T1-10 
/D:1      /W-T1-1   /D:2      /W-T5-1   /D:2      /W-F2-1   /D:1      /W-T3-1   /D:2      /W-T0-1   
/T4-T0-2  /T4-F1-1  /R        /D:1      /W-T0-1   /T2-T0-2  /T4-T2-1  /D:4      /W-T2-1   /T6-T2-1  
/T6-F0-1  /T6-F2-1  /T1-F2-1  /T1-F1-1  /T5-T6-2  /T3-T5-2  /T0-F2-1  /T0-F1-1  /T2-F2-1  /T2-F1-1  
/T5-F0-1  /T1-F0-1  /T0-F0-1  /T0-F1-1  /T4-T0-1  /T4-F3-1  /T3-F3-1  /T5-F3-1  /T1-F3-1  /T2-F0-1  
/T5-F2-1  /T0-F3-1  /T1-F2-1  /T0-F2-1  /T1-F1-1  /T2-F3-1  /W-F2-1   /W-F0-1   /T0-F3-1  /T1-F0-1  
/T1-F3-1  /T0-F2-1  /T0-F3-1  /T1-F2-1  /T1-F3-1  /W-F2-1   /T1-F2-1  /D:1      /W-F1-1   /D:1      
/W-T6-1   /D:1      /W-T1-1   /T0-T1-1  /T0-F3-1  /D:1      /W-T1-1   /D:1      /W-F0-1   /T6-F0-1  
/D:1      /W-F1-1   /T1-F1-1  /T1-F0-1  /T6-F1-1  /T1-F1-1  /T6-F0-1  
"
1011050,v#fN#JlZ#tOcw#FdAWy#jhQsgC#GzMIRmq#kuEKSnpYParUeDVxBoTibLXH,136.500000,1716.000000,39.000000,0.626667,1,"
minimal: 0 / states: 125 / duration: 0.000135s
history:
/T1-F3-1 /T4-T2-1 /T0-T4-1 /T2-T0-2 /D:1     /W-T0-1  /T3-T0-1 /T3-T6-1 /T3-F3-1 /T1-T3-1 
/D:2     /W-T3-1  /D:1     /W-T2-1  /T4-T2-2 /T4-F0-1 /T5-T4-1 /T4-T3-2 /T4-T5-1 /D:2     
/W-F2-1  /D:3     /W-F3-1  /D:1     /W-F1-1  /D:2     /W-T2-1  /T3-T2-5 /D:1     /W-T5-1  
/T6-T5-2 /T6-T1-1 /D:1     /W-T6-1  /D:1     /W-T0-1  /D:2     /W-F0-1  /T2-F0-1 /T6-F0-1 
/D:1     /W-F2-1  /D:3     /W-F1-1  /T5-F1-1 /T2-F1-1 /T2-F0-1 /T5-T6-1 /T5-F1-1 /T6-T5-2 
/T2-F1-1 /D:1     /W-T1-1  /D:1     /W-T1-1  /D:1     /W-T0-1  /T5-T0-4 /T0-T5-2 /T0-F0-1 
/T5-T0-3 /T5-F3-1 /T5-T6-1 /T6-T5-2 /T6-T3-1 /T2-T3-6 /T6-T4-1 /T6-F0-1 /W-T2-1  /T2-T1-2 
/R       /D:1     /W-T1-1  /T0-T1-4 /T0-F0-1 /D:1     /W-T3-1  /D:1     /W-F2-1  /T1-F2-1 
/T1-F3-1 /T3-F3-1 /D:1     /W-T4-1  /D:1     /W-F2-1  /T1-F2-1 /T1-F1-1 /T3-F2-1 /T5-F1-1 
/T1-F2-1 /T1-F1-1 /T5-F0-1 /T1-F0-1 /T5-F1-1 /T0-T1-2 /T0-F1-1 /T3-T4-4 /T3-F1-1 /D:2     
/W-F3-1  /T4-F3-1 /T1-F3-1 /T4-F2-1 /T1-F2-1 /T4-F3-1 /T1-F3-1 /T4-F0-1 /T1-F0-1 /W-F2-1  
/T0-F2-1 /T1-F1-1 /T4-F3-1 /T0-F3-1 /T3-F0-1 /T4-F2-1 
"
1011076,x#gw#kDE#VWAf#HYiOv#JSyGlR#XsPqzBN#aUpmKTdhCFLurQbtojeZIMnc,100.000000,826.000000,37.000000,0.746377,1,"
minimal: 0 / states: 121 / duration: 0.000134s
history:
/T6-F3-1 /T2-T3-1 /T2-T5-1 /T1-T2-1 /D:1     /W-F1-1  /D:1     /W-T4-1  /D:5     /W-T3-1  
/D:2     /W-T3-1  /D:1     /W-T1-1  /T5-T1-2 /T0-T5-1 /D:5     /W-F1-1  /D:1     /W-T4-1  
/T3-T4-4 /T3-F0-1 /T6-F0-1 /T4-T3-7 /T4-F3-1 /T3-F0-1 /T5-T6-2 /T6-T0-3 /T4-T2-1 /T3-T0-7 
/T1-F0-1 /T6-T1-1 /T6-F3-1 /W-F3-1  /D:3     /W-T6-1  /T1-T6-1 /T1-F3-1 /D:4     /W-F2-1  
/D:1     /W-F1-1  /T0-F1-1 /T0-F0-1 /T1-F0-1 /T5-F0-1 /T6-T1-3 /T2-T5-3 /W-T2-1  /T4-T2-1 
/T4-F0-1 /W-F0-1  /W-T4-1  /T5-T4-4 /T5-F3-1 /T5-F0-1 /R       /D:2     /W-T5-1  /D:1     
/W-F0-1  /D:1     /W-F3-1  /D:2     /W-F0-1  /D:1     /W-T3-1  /T1-T3-4 /D:1     /W-T0-1  
/D:1     /W-F2-1  /D:1     /R       /D:1     /W-F2-1  /T3-F2-1 /T0-F2-1 /T3-F1-1 /T0-F1-1 
/T3-F2-1 /T0-F2-1 /T0-F3-1 /T3-F1-1 /T3-F2-1 /T3-F3-1 /T0-F2-1 /T0-F3-1 /T6-F3-1 /T2-F3-1 
/T2-F0-1 /T4-T5-4 /T4-F3-1 /D:1     /W-F1-1  /T5-F1-1 /T5-F2-1 /T0-F2-1 /D:1     /W-F1-1  
/T5-F1-1 /T0-F1-1 /T5-F2-1 /T0-F2-1 /T5-F1-1 
"
1011181,k#NC#ybi#FEnx#dsuTj#pGftXZ#UqLWzaB#QgmwhIoORSMAHYvJcKVPelDr,117.500000,2382.000000,52.000000,0.595238,1,"
minimal: 0 / states: 126 / duration: 0.000137s
history:
/T4-T3-1 /D:4     /W-T0-1  /T2-T0-1 /T2-T1-1 /T0-T2-3 /T5-T0-1 /T2-T0-4 /W-T2-1  /D:2     
/W-T3-1  /W-T3-1  /D:6     /W-F0-1  /T6-F0-1 /T6-F1-1 /T1-F1-1 /T1-F0-1 /T1-F3-1 /T6-T1-1 
/D:1     /W-T0-1  /T4-T0-1 /D:1     /W-T1-1  /T3-T1-4 /T3-F2-1 /D:1     /W-T6-1  /D:1     
/W-T5-1  /D:1     /W-F1-1  /D:2     /W-T5-1  /T4-T5-1 /T4-T0-1 /T4-F1-1 /D:2     /W-F1-1  
/D:2     /W-F0-1  /T3-F0-1 /T3-F0-1 /D:1     /R       /D:2     /W-T5-1  /D:1     /W-F2-1  
/D:1     /W-F3-1  /D:1     /W-T0-1  /D:2     /W-T3-1  /D:2     /W-F3-1  /D:1     /W-T3-1  
/W-T3-1  /T6-T3-2 /T5-T6-5 /T5-T1-1 /T5-F1-1 /T5-F0-1 /T5-F2-1 /T6-T2-6 /T6-F2-1 /T2-F1-1 
/T0-T2-3 /T0-F0-1 /T1-T3-2 /T1-F0-1 /T3-T6-1 /T3-F1-1 /T0-F1-1 /T1-F1-1 /T2-T0-5 /T2-F0-1 
/T0-T2-6 /T0-F1-1 /T3-T1-2 /T3-F0-1 /T3-F1-1 /T2-T0-7 /T2-F0-1 /T2-F1-1 /T3-F0-1 /W-T6-1  
/W-F3-1  /T0-F3-1 /T6-F3-1 /T6-T1-2 /D:1     /W-F2-1  /T0-F2-1 /T0-F3-1 /T1-F2-1 /T0-F2-1 
/T1-F3-1 /T0-F3-1 /T1-F2-1 /T0-F2-1 /T1-F3-1 /T0-F3-1 /T1-F2-1 /T0-F2-1 /T1-F3-1 /T0-F3-1 
/T1-F2-1 
"
1011235,W#jF#MJe#ImcH#kEOav#bViSTA#owRCBsu#fYlQxgUGpPhZLnXKzDqdrtyN,83.000000,528.000000,35.000000,0.722222,1,"
minimal: 0 / states: 123 / duration: 0.000130s
history:
/T5-F0-1 /T4-T0-1 /T4-F1-1 /T5-T3-1 /T2-T1-1 /T1-T3-2 /D:6     /W-T6-1  /D:1     /W-T0-1  
/D:1     /W-T0-1  /T5-T0-1 /T6-T5-2 /T6-T5-1 /T6-F0-1 /T6-F0-1 /T5-T2-4 /T3-T5-4 /T6-T2-1 
/T5-T6-5 /T5-F1-1 /T3-F1-1 /T3-T5-1 /T3-T1-1 /D:3     /W-T1-1  /D:1     /W-T3-1  /D:1     
/W-T3-1  /D:1     /W-F2-1  /D:1     /W-T3-1  /T2-T3-6 /D:3     /W-F0-1  /D:1     /W-T3-1  
/D:1     /W-F1-1  /T6-F1-1 /D:1     /W-T0-1  /D:1     /W-T1-1  /D:1     /W-T5-1  /D:1     
/W-F3-1  /T4-F3-1 /T4-F0-1 /T6-T4-5 /T6-F2-1 /T4-F0-1 /T0-T1-2 /T0-F0-1 /W-T6-1  /T4-T5-5 
/R       /D:1     /W-F1-1  /T3-T5-3 /T3-F1-1 /T1-T0-3 /T1-F1-1 /T5-T3-4 /T5-F0-1 /T1-F0-1 
/T3-T5-5 /T3-F1-1 /T1-F1-1 /T3-F0-1 /T5-T3-7 /T5-F1-1 /D:1     /W-T2-1  /D:1     /W-F1-1  
/D:1     /W-T0-1  /D:1     /W-T2-1  /T0-T2-7 /D:1     /W-F2-1  /T3-F2-1 /D:1     /W-F3-1  
/T2-F3-1 /T2-F2-1 /T3-F3-1 /T2-F3-1 /T3-F2-1 /T2-F2-1 /T3-F3-1 /T2-F3-1 /T3-F2-1 /T2-F2-1 
/T3-F3-1 /T2-F3-1 /T3-F2-1 /T2-F2-1 /T3-F3-1 /T5-F2-1 /T2-F3-1 /T6-F2-1 /T5-F1-1 /D:1     
/W-F0-1  /T3-F0-1 /T2-F0-1 /T3-F3-1 
"
1011247,X#JB#mtx#rPOT#VcZMs#pwhdvn#FaeLREi#bjDNqlfAozGCYHKWygQSUIuk,97.500000,837.000000,36.000000,0.666667,1,"
minimal: 0 / states: 114 / duration: 0.000130s
history:
/T5-F2-1  /T4-T3-1  /D:2      /W-T2-1   /T5-T2-1  /D:2      /W-F3-1   /D:2      /W-T4-1   /T2-T4-3  
/D:1      /W-T2-1   /D:1      /W-F0-1   /T1-F0-1  /T6-T1-1  /T6-T2-1  /T6-T3-1  /T5-T2-1  /T5-T4-1  
/T2-T4-4  /T6-T2-1  /T5-T0-1  /T0-T2-2  /T4-T0-10 /T5-T0-1  /T4-T5-1  /W-T3-1   /T4-T3-1  /W-T6-1   
/W-T0-1   /T4-T2-1  /D:1      /W-F2-1   /D:1      /W-T4-1   /D:2      /W-F0-1   /T6-F0-1  /D:1      
/W-T4-1   /D:1      /W-T1-1   /T3-T1-5  /T3-F3-1  /T3-F3-1  /T0-T3-3  /T0-F0-1  /T3-T0-4  /D:1      
/W-T4-1   /D:1      /W-T4-1   /D:1      /W-T5-1   /D:2      /W-F3-1   /T1-T6-2  /T1-F3-1  /T6-T1-3  
/T6-F1-1  /T0-F1-1  /T0-F2-1  /T1-F1-1  /T0-F1-1  /T1-F2-1  /T0-F2-1  /T1-F1-1  /T0-F1-1  /T1-F2-1  
/T6-F0-1  /W-F1-1   /T0-F2-1  /T0-F1-1  /W-F0-1   /T1-T2-2  /T1-F1-1  /T0-T4-1  /T0-F1-1  /D:1      
/W-F3-1   /T2-F3-1  /T2-F0-1  /D:1      /W-F3-1   /T2-F3-1  /D:1      /W-F0-1   /T1-F0-1  /T4-T0-2  
/T4-F0-1  /T2-T5-2  /T2-F0-1  /D:1      /W-F2-1   /T0-F2-1  /T0-F3-1  /T5-F2-1  /T0-F2-1  /T5-F3-1  
/T4-F3-1  /T5-F2-1  /T5-F3-1  /T4-F2-1  /D:1      /W-F1-1   /T0-F1-1  /T0-F0-1  /T2-F1-1  
"
1011281,i#RN#zeY#kvdG#UoJsX#KWhjuV#fDPBnAm#qHgMTLCatlxObEpywSrZcIQF,143.000000,854.000000,42.000000,0.641304,1,"
minimal: 0 / states: 116 / duration: 0.000136s
history:
/T1-F3-1 /D:1     /W-T1-1  /D:1     /W-T0-1  /D:1     /W-T0-1  /D:3     /W-T6-1  /T4-T6-1 
/T4-T0-1 /T5-T4-1 /T5-T4-1 /T4-T6-3 /T1-T0-2 /T6-T1-6 /T6-F0-1 /T6-F2-1 /T4-F2-1 /T6-F0-1 
/T3-T4-1 /T6-T0-1 /W-T1-1  /D:1     /W-F0-1  /T6-F0-1 /T6-T4-1 /W-T6-1  /T2-T6-1 /D:1     
/W-F1-1  /D:3     /W-T6-1  /T5-T6-1 /D:1     /W-F3-1  /T0-F3-1 /D:1     /W-F1-1  /D:1     
/W-T4-1  /T3-T4-1 /T5-T3-1 /T3-T5-2 /D:1     /W-F2-1  /T0-F2-1 /D:2     /W-T3-1  /T0-T3-5 
/D:2     /W-F2-1  /D:1     /W-T0-1  /D:1     /W-F1-1  /T4-F1-1 /T2-F1-1 /T4-F0-1 /T4-F1-1 
/T3-T1-2 /T3-F1-1 /T5-F1-1 /W-T4-1  /W-T0-1  /W-T2-1  /T3-T0-4 /T4-T5-3 /D:1     /W-T6-1  
/D:1     /W-F3-1  /T1-F3-1 /T1-F2-1 /T5-F3-1 /W-F2-1  /T1-F3-1 /T1-F2-1 /T5-T6-2 /T5-F2-1 
/T0-T1-1 /T0-F1-1 /T0-F2-1 /T6-T5-3 /T6-F1-1 /T5-T6-4 /T0-F1-1 /T2-F1-1 /T6-T5-4 /T6-F2-1 
/T0-F2-1 /T2-F2-1 /T1-T0-5 /T1-F1-1 /T5-T6-5 /D:1     /W-F0-1  /T6-F0-1 /T0-F0-1 /T6-F3-1 
/T0-F3-1 /T6-F0-1 /T0-F0-1 /T6-F3-1 /T0-F3-1 /T6-F0-1 /T0-F0-1 /T6-F3-1 /T0-F3-1 /T6-F0-1 
"
1011282,d#hu#fON#ovrz#SaFHm#tbQPnX#DKsRpET#cZLwWYxUCGJVAjieIBlgMqky,135.500000,1804.000000,53.000000,0.556818,1,"
minimal: 0 / states: 128 / duration: 0.000143s
history:
/T2-F3-1 /T2-F3-1 /T6-T1-1 /T6-T2-1 /T6-T0-1 /T0-T2-2 /T4-T0-1 /D:3     /W-T0-1  /T5-T0-1 
/T5-F2-1 /T5-F3-1 /T5-F3-1 /T6-F3-1 /T6-T1-1 /T5-T2-1 /T2-T5-5 /T3-T2-1 /D:1     /W-T0-1  
/D:1     /W-T6-1  /D:1     /W-T2-1  /T6-T2-2 /D:6     /W-T0-1  /T4-T0-1 /D:1     /W-F0-1  
/D:3     /W-T1-1  /T6-T1-1 /D:1     /W-T2-1  /D:1     /W-F0-1  /D:2     /W-T0-1  /T4-T0-1 
/T4-F1-1 /T5-F1-1 /T3-T4-1 /D:1     /W-T6-1  /W-T6-1  /D:3     /R       /D:1     /W-F1-1  
/D:2     /W-T6-1  /D:1     /W-T2-1  /T5-T2-5 /W-T5-1  /D:1     /W-F0-1  /T1-F0-1 /T2-T4-2 
/T2-F0-1 /T0-F0-1 /T4-T2-3 /T4-F3-1 /T1-T0-2 /T1-F3-1 /D:1     /W-F0-1  /T0-T1-3 /T0-F0-1 
/T1-T0-4 /T2-T1-5 /T2-F3-1 /T2-F0-1 /T3-T2-1 /T3-F2-1 /T1-F2-1 /T1-F1-1 /T0-F1-1 /T1-T2-4 
/D:1     /W-F0-1  /T2-T6-6 /T2-F0-1 /D:3     /W-F2-1  /T6-F2-1 /T0-F2-1 /T6-F1-1 /T0-F1-1 
/T6-F2-1 /T0-F2-1 /T0-F3-1 /T6-F1-1 /T6-F2-1 /T6-F3-1 /W-F1-1  /T0-F2-1 /T0-F3-1 /W-F1-1  
/T6-F2-1 /T2-F3-1 /T0-F0-1 /T5-F3-1 /T6-T2-1 /T6-F0-1 /D:1     /W-F1-1  /T2-F1-1 /T0-F1-1 
/D:1     /W-F2-1  /T2-F2-1 
"
1011309,L#Kp#Tqs#HCkr#WeRou#BYlAdw#SzagZXi#xhOyjfmcNPMIGFbvEVJQDUnt,134.500000,1799.000000,49.000000,0.581522,1,"
minimal: 0 / states: 131 / duration: 0.000136s
history:
/T6-T5-1 /T5-T6-2 /T6-T0-3 /T4-T0-1 /T5-T3-1 /T5-F0-1 /T1-T3-1 /T0-T6-5 /T6-T0-6 /T6-T0-1 
/T6-F1-1 /T2-T0-1 /T5-T6-1 /T1-T5-1 /T6-T1-2 /T3-T6-3 /D:1     /W-T1-1  /D:2     /W-T6-1  
/D:2     /W-T1-1  /D:3     /W-T2-1  /T4-T2-1 /T4-T0-1 /T2-T0-3 /D:1     /W-F3-1  /T6-F3-1 
/D:1     /W-F3-1  /D:2     /W-T1-1  /D:2     /W-T2-1  /T4-T2-1 /T4-T5-1 /D:1     /W-F1-1  
/D:1     /W-T5-1  /D:3     /W-T3-1  /W-T3-1  /D:1     /W-F3-1  /T0-T2-3 /T0-F3-1 /D:2     
/W-T1-1  /D:1     /W-F2-1  /T2-F2-1 /T6-F2-1 /T2-F1-1 /T2-F2-1 /T6-F1-1 /T6-F2-1 /T0-F2-1 
/T2-F1-1 /T6-F3-1 /T2-T0-1 /T2-F3-1 /T1-F3-1 /T3-F3-1 /D:1     /W-F2-1  /R       /D:1     
/W-T1-1  /D:2     /W-F1-1  /D:1     /W-T2-1  /W-T2-1  /T3-T2-2 /D:1     /W-T4-1  /T5-T4-4 
/T5-F0-1 /T3-F0-1 /T0-T3-2 /T0-F2-1 /T4-F2-1 /T4-F3-1 /T0-T2-1 /T0-F2-1 /T0-F3-1 /T1-T4-3 
/T1-F2-1 /T2-T0-3 /T2-F2-1 /T4-T1-4 /T4-F3-1 /T0-T2-4 /T0-F3-1 /T1-T4-5 /T1-F2-1 /T3-T2-3 
/D:1     /W-T4-1  /D:2     /W-F0-1  /W-F0-1  /T2-F0-1 /T2-F1-1 /T4-F0-1 /T2-F0-1 /T4-F1-1 
/T2-F1-1 /T4-F0-1 /T2-F0-1 /T4-F1-1 /T2-F1-1 /T4-F0-1 /T2-F0-1 /T4-F1-1 /T2-F1-1 /T4-F0-1 
"
1011325,e#ji#Owz#IGKc#FsRfE#xkhmaN#QbTdqln#APpWoSXgUBHtyCrvLJDMYVuZ,116.500000,1231.000000,36.000000,0.736842,1,"
minimal: 0 / states: 122 / duration: 0.000124s
history:
/T5-F3-1  /T5-F1-1  /T6-F2-1  /T6-T2-1  /T6-T0-1  /T3-T0-1  /T6-T4-1  /T3-T2-1  /D:1      /W-F0-1   
/D:2      /W-T4-1   /D:1      /W-T2-1   /D:1      /W-F2-1   /T4-F2-1  /D:1      /W-T3-1   /T4-T3-2  
/D:4      /W-F0-1   /D:1      /W-T1-1   /T6-T1-1  /T6-F1-1  /T0-F1-1  /T0-F2-1  /T3-F1-1  /T6-T3-1  
/T5-T6-1  /T3-T5-4  /T5-T3-5  /T3-T2-6  /T2-T3-10 /T1-T2-3  /T2-T5-4  /T2-F3-1  /T0-F1-1  /T4-F1-1  
/D:2      /W-T6-1   /T5-T6-5  /T1-T5-1  /D:1      /W-F0-1   /D:1      /W-F2-1   /D:1      /W-T5-1   
/D:3      /W-F0-1   /D:1      /W-T0-1   /D:1      /W-T0-1   /T5-T0-3  /D:3      /W-T1-1   /R        
/D:1      /W-F3-1   /T3-F3-1  /T3-F0-1  /T4-F3-1  /T3-F3-1  /T4-F2-1  /T4-F0-1  /T3-F0-1  /T6-F3-1  
/T6-F0-1  /T3-T0-1  /T3-F0-1  /D:2      /W-F1-1   /T0-F1-1  /T6-F1-1  /T0-T3-1  /T0-F1-1  /D:1      
/W-F3-1   /D:1      /W-F2-1   /D:1      /W-T1-1   /W-T1-1   /T6-T1-1  /T6-F1-1  /D:1      /W-F0-1   
/T3-T0-2  /T3-F0-1  /T3-F1-1  /T1-T6-2  /T1-F0-1  /T0-T3-4  /T0-F0-1  /T6-T1-3  /T6-F1-1  /D:1      
/W-F3-1   /D:1      /W-F2-1   /T3-F2-1  /T1-F2-1  /T3-F3-1  /T1-F3-1  /T3-F2-1  /T1-F2-1  /T3-F3-1  
/T1-F3-1  /T3-F2-1  
"
1011337,N#kZ#BeI#vsAd#fPrHb#FMXUpC#REuliSG#oOLgayJjwxhzVnQmDWKtYcTq,130.000000,1174.000000,44.000000,0.642045,1,"
minimal: 0 / states: 116 / duration: 0.000131s
history:
/T0-F3-1 /T5-T3-1 /T4-T3-1 /T1-T0-1 /D:2     /W-F3-1  /D:1     /W-T0-1  /T1-T0-1 /D:1     
/W-T4-1  /D:1     /W-F1-1  /T3-F1-1 /D:2     /W-T0-1  /D:4     /W-T2-1  /T6-T2-1 /T6-T2-1 
/T6-T0-1 /T4-T0-2 /T3-T4-2 /T3-F0-1 /T4-T2-3 /T4-F3-1 /T3-T0-1 /W-T6-1  /D:1     /W-T1-1  
/T6-T1-2 /D:2     /W-F2-1  /D:1     /W-F3-1  /D:3     /W-T1-1  /T2-T1-7 /T2-T0-1 /T2-F0-1 
/T1-F0-1 /T5-T1-1 /T5-T3-1 /W-F0-1  /W-T2-1  /D:2     /W-T3-1  /T4-T3-1 /D:2     /W-F1-1  
/D:1     /W-T6-1  /D:1     /W-T0-1  /R       /D:1     /W-F2-1  /T1-F2-1 /T0-F2-1 /T1-F1-1 
/T0-F1-1 /T1-F2-1 /T0-F2-1 /T3-F1-1 /T0-F1-1 /T3-F2-1 /T6-T0-1 /T6-F2-1 /T6-F0-1 /T6-F3-1 
/T1-F3-1 /T0-F3-1 /T3-F3-1 /T3-F2-1 /D:1     /W-T2-1  /T5-T2-1 /T5-T3-1 /T5-F0-1 /T1-F0-1 
/T0-F0-1 /T1-F1-1 /T0-F1-1 /T1-F0-1 /T0-F0-1 /D:1     /W-F1-1  /T0-F1-1 /D:1     /W-F2-1  
/D:1     /W-F3-1  /T1-F3-1 /T1-F2-1 /T2-F3-1 /T2-F2-1 /T1-F1-1 /T1-F2-1 /T2-F1-1 /D:1     
/W-F0-1  /T0-F0-1 /T3-F0-1 /D:1     /W-F3-1  /T0-F3-1 
"
1011378,E#BH#WwZ#bAjl#TCsrv#iXgMzt#JmKfpVS#RLukeFaPGDUNnqhxyoQcOdIY,153.500000,2809.000000,45.000000,0.613861,1,"
minimal: 0 / states: 119 / duration: 0.000131s
history:
/T6-T5-1 /T1-T6-1 /T0-T5-1 /T2-T0-1 /T6-T2-2 /D:2     /W-T0-1  /D:2     /W-T0-1  /T2-T0-3 
/T4-T2-1 /D:3     /W-F1-1  /D:4     /W-T2-1  /T5-T2-3 /T3-T5-1 /D:1     /W-F3-1  /D:1     
/W-F2-1  /D:3     /W-T5-1  /T3-T5-1 /T3-F0-1 /T1-F0-1 /T3-F1-1 /T5-T1-4 /T5-T3-1 /T5-T0-1 
/D:2     /W-F2-1  /T6-F2-1 /T4-T6-1 /T4-T0-1 /T4-F0-1 /D:1     /W-T2-1  /D:1     /W-F1-1  
/D:1     /W-F3-1  /D:1     /W-F1-1  /D:1     /W-T1-1  /D:1     /W-T3-1  /R       /D:1     
/W-T0-1  /D:2     /W-F1-1  /D:1     /W-T4-1  /D:1     /W-F3-1  /T2-F3-1 /T0-F3-1 /D:2     
/W-F0-1  /T2-F0-1 /T4-F0-1 /T6-T2-1 /T6-F1-1 /T6-T3-1 /T2-T3-6 /T6-T2-1 /W-F0-1  /T0-T4-1 
/T0-F1-1 /T0-F0-1 /T1-F0-1 /T6-F0-1 /W-T0-1  /T4-T0-2 /D:1     /W-F2-1  /T3-F2-1 /T0-F2-1 
/T3-F3-1 /T0-F3-1 /T3-F2-1 /T0-F2-1 /T3-F3-1 /T0-F3-1 /T3-F2-1 /T3-F3-1 /T5-F3-1 /T0-F2-1 
/T3-F0-1 /T3-F3-1 /T0-T2-2 /T0-F3-1 /D:1     /W-F1-1  /T5-F1-1 /T1-F1-1 /T1-F2-1 /T2-F1-1 
/T1-F1-1 /T2-F0-1 /T3-F0-1 /T2-F1-1 /D:1     /W-F2-1  /T1-F2-1 
"
1011384,u#NE#DMA#omeZ#fCqlt#grBdiQ#csbKSpk#VXJGTYRzWjnLFahvwyIPHUxO,99.000000,1161.000000,47.000000,0.650000,1,"
minimal: 0 / states: 123 / duration: 0.000132s
history:
/T2-F0-1 /T5-T1-1 /T0-T5-1 /T3-T0-1 /D:3     /W-T6-1  /T5-T6-2 /D:2     /W-T6-1  /D:1     
/W-T2-1  /D:5     /W-F2-1  /D:1     /W-T0-1  /T6-T0-5 /T6-T1-1 /T6-T4-1 /T6-T2-1 /T6-T1-1 
/T3-T6-1 /T1-T4-4 /T1-F3-1 /T2-T1-3 /T6-T0-2 /T2-T0-1 /T3-T2-1 /T3-F2-1 /W-T1-1  /T6-T0-1 
/D:2     /W-F1-1  /T4-F1-1 /T0-F1-1 /T5-F1-1 /T5-F0-1 /T4-F2-1 /D:2     /W-T1-1  /W-T1-1  
/T4-T1-4 /D:2     /W-T2-1  /D:2     /W-T0-1  /D:3     /W-T4-1  /D:1     /W-F3-1  /T0-F3-1 
/T1-F3-1 /R       /D:2     /W-T2-1  /D:2     /W-F3-1  /D:1     /W-T3-1  /T4-T3-2 /T4-F2-1 
/T4-F0-1 /T0-F0-1 /T0-F1-1 /T1-F0-1 /T5-F2-1 /T0-F2-1 /T1-F3-1 /T4-F1-1 /T1-F2-1 /T0-F3-1 
/T0-F2-1 /T5-F1-1 /T1-F1-1 /T0-F1-1 /T1-F2-1 /T1-F1-1 /T0-T2-1 /T0-F1-1 /D:1     /W-T1-1  
/D:1     /W-F0-1  /W-F0-1  /W-T2-1  /D:1     /W-F2-1  /T3-F2-1 /T3-F1-1 /T2-T0-3 /T2-F2-1 
/T2-F1-1 /T3-F2-1 /D:1     /W-T1-1  /D:1     /W-F0-1  /T1-F0-1 /D:1     /W-F3-1  /T0-F3-1 
/T0-F0-1 /T1-F3-1 /T0-F3-1 /T1-F0-1 /T0-F0-1 /T1-F3-1 /T0-F3-1 /T1-F0-1 
"
1011390,t#cZ#wrh#uCAB#EgmfI#ljNpXF#sOWdona#byRvqLPVTJUQYDSkGxizHKMe,157.000000,4290.000000,58.000000,0.562500,1,"
minimal: 0 / states: 125 / duration: 0.000132s
history:
/T6-F1-1 /T6-F2-1 /T6-F2-1 /T2-T4-1 /T6-T2-1 /T4-T6-2 /T4-T0-1 /T2-T0-2 /T0-T6-4 /T4-T0-1 
/T5-T4-1 /T2-T5-1 /T1-T2-1 /T3-T1-1 /T3-F0-1 /T1-F0-1 /T3-F0-1 /T4-T3-2 /D:1     /W-F1-1  
/T1-F1-1 /T6-F1-1 /D:1     /W-T0-1  /T5-T0-2 /T5-F2-1 /T5-F3-1 /D:1     /W-T3-1  /D:1     
/W-T5-1  /D:1     /W-F2-1  /T6-F2-1 /T4-T6-1 /D:1     /W-T2-1  /D:2     /W-T0-1  /T3-T0-4 
/D:3     /W-T5-1  /D:1     /W-T6-1  /D:2     /W-F0-1  /D:2     /W-T2-1  /D:1     /W-T5-1  
/W-T5-1  /D:3     /W-T1-1  /D:3     /W-T3-1  /D:1     /W-F1-1  /T6-T5-2 /T6-F1-1 /R       
/D:3     /W-T2-1  /D:1     /W-T1-1  /D:1     /W-T1-1  /T6-T1-4 /T6-F3-1 /T6-F2-1 /T1-F2-1 
/D:1     /W-T2-1  /D:1     /W-T2-1  /T0-T2-3 /T0-F2-1 /D:1     /R       /D:1     /W-F3-1  
/T5-F3-1 /T2-F3-1 /T5-F0-1 /T2-F0-1 /T2-F1-1 /T5-F3-1 /T5-F0-1 /T1-F1-1 /T2-F0-1 /T2-F1-1 
/T1-F0-1 /T5-T1-2 /T5-F1-1 /T2-F0-1 /T2-F1-1 /T5-F1-1 /D:1     /W-F3-1  /T1-F3-1 /T0-F3-1 
/T1-F2-1 /T0-F2-1 /T1-F3-1 /T0-F3-1 /T1-F2-1 /T0-F2-1 /T0-F1-1 /T1-F3-1 /T1-F2-1 /D:1     
/W-F0-1  /T2-F0-1 /T2-F3-1 /T3-F0-1 
"
1011449,i#uJ#EfU#XkAI#wCpbo#nyzNaT#vMxgPLD#jhOYtmcrFVqZBGeQHRsSdlKW,153.500000,1619.000000,58.000000,0.581818,1,"
minimal: 0 / states: 127 / duration: 0.000207s
history:
/T2-T3-1  /T0-T1-1  /D:5      /W-T3-1   /T2-T3-1  /T2-T3-1  /D:1      /W-T0-1   /D:1      /W-T6-1   
/T4-T6-1  /D:2      /W-T5-1   /D:3      /W-T2-1   /D:3      /W-T5-1   /T6-T5-3  /T6-T0-1  /D:1      
/W-T3-1   /D:1      /W-T1-1   /T5-T1-6  /T5-F1-1  /T4-F1-1  /T5-F3-1  /T4-T3-1  /T1-T6-1  /T1-F1-1  
/T6-T1-2  /D:2      /W-T6-1   /W-T6-1   /D:2      /W-F1-1   /T1-T6-3  /T1-F1-1  /D:1      /W-T5-1   
/D:1      /W-T5-1   /D:1      /W-T5-1   /T3-T5-7  /T3-F0-1  /T1-T3-5  /T6-T1-6  /T3-T0-6  /R        
/D:1      /W-T6-1   /D:2      /W-F3-1   /D:5      /W-F0-1   /T4-F0-1  /T4-T3-1  /T5-T4-11 /T5-T2-1  
/T5-F2-1  /T1-F2-1  /T1-F3-1  /T1-F0-1  /T4-F2-1  /T4-F3-1  /T4-F0-1  /W-F2-1   /T1-F3-1  /T0-F0-1  
/T4-F1-1  /T1-T0-1  /T1-F1-1  /W-T3-1   /W-F2-1   /T0-F2-1  /T4-F2-1  /T1-F2-1  /T3-T2-3  /D:1      
/W-F0-1   /D:1      /W-F3-1   /T0-F3-1  /T0-F0-1  /T4-F3-1  /T2-F3-1  /T4-F0-1  /T4-F3-1  /T0-T2-1  
/T0-F0-1  /T4-F0-1  /T6-T4-2  /T6-T1-1  /T6-F2-1  /T2-T0-2  /T2-F3-1  /W-F3-1   /W-F1-1   /T0-F1-1  
/T0-F2-1  /T4-F1-1  /T0-F1-1  /T0-F0-1  /T4-F2-1  /T2-F2-1  /T2-F3-1  /T4-F1-1  /T0-F1-1  /T1-F0-1  
/T4-F2-1  
"
1011467,m#Pw#Mjo#yrxb#JXVSH#OdagAc#lUfsLiq#pvQKFBeunDEzIZGtRCkTYhNW,153.000000,4371.000000,47.000000,0.638298,1,"
minimal: 0 / states: 116 / duration: 0.000122s
history:
/T5-T6-1 /T5-F0-1 /T5-T4-1 /T5-F1-1 /T3-F1-1 /T2-T6-1 /T2-T3-1 /D:1     /W-T5-1  /D:1     
/W-T3-1  /D:3     /W-T4-1  /D:1     /W-F0-1  /D:1     /W-T4-1  /T6-T4-3 /T6-T1-1 /T4-T1-7 
/T6-T0-1 /D:2     /W-F2-1  /T1-F2-1 /T1-F1-1 /T5-F2-1 /T5-F1-1 /T1-F2-1 /T1-F1-1 /D:2     
/W-T4-1  /D:6     /W-T1-1  /D:1     /W-F0-1  /D:1     /W-T0-1  /T1-T0-6 /D:2     /W-T2-1  
/T3-T2-3 /T3-F2-1 /T6-F2-1 /T6-F1-1 /T6-T2-1 /D:2     /W-F3-1  /T5-F3-1 /T1-F3-1 /D:1     
/R       /D:1     /W-F3-1  /T0-F3-1 /D:1     /W-T6-1  /D:2     /W-F0-1  /T4-F0-1 /T0-F0-1 
/T0-F1-1 /T4-F3-1 /W-T4-1  /D:1     /W-T1-1  /T6-T1-2 /D:2     /W-T5-1  /T3-T5-1 /D:1     
/W-F0-1  /T0-F0-1 /W-F0-1  /D:1     /W-F2-1  /T4-F2-1 /D:1     /W-F3-1  /T2-F3-1 /T4-F3-1 
/T4-T5-1 /T2-F2-1 /T4-F0-1 /T1-F0-1 /D:1     /W-F1-1  /T0-F1-1 /T0-F2-1 /T2-F1-1 /T0-F1-1 
/T0-F0-1 /T1-F1-1 /T0-F1-1 /T2-F2-1 /T2-T1-1 /T2-F0-1 /D:1     /W-F3-1  /T5-F3-1 /T1-F3-1 
/T5-F2-1 /T1-F2-1 /T5-F3-1 
"
1011478,i#ux#OcJ#ytUN#mLSWB#QfCRva#HYjTXln#FegbAzwVpDZsoPqdKMkGIrhE,119.000000,862.000000,39.000000,0.711765,1,"
minimal: 0 / states: 110 / duration: 0.000122s
history:
/T3-F3-1 /T5-F1-1 /T6-F2-1 /T3-T5-1 /T1-T6-1 /T3-T5-1 /T0-T2-1 /T1-T2-1 /D:3     /W-T2-1  
/D:1     /W-F1-1  /D:1     /W-F0-1  /T4-F0-1 /T5-T4-3 /T4-T6-4 /T4-T6-1 /D:1     /W-T0-1  
/T6-T0-7 /T6-T3-1 /T2-T3-4 /T2-F1-1 /T2-F3-1 /D:4     /W-T5-1  /D:1     /W-T1-1  /T4-T1-1 
/T3-T4-6 /D:1     /W-T4-1  /T5-T4-2 /T5-F0-1 /T4-F0-1 /D:1     /W-F2-1  /W-F2-1  /D:1     
/W-F3-1  /D:1     /W-F2-1  /D:1     /W-F1-1  /D:2     /W-T2-1  /D:1     /W-T1-1  /D:3     
/W-F2-1  /D:2     /W-F0-1  /R       /D:1     /W-F0-1  /D:1     /W-F1-1  /T5-F1-1 /T5-F3-1 
/T4-F3-1 /T0-F3-1 /T4-F2-1 /T0-F2-1 /T4-F1-1 /T6-F3-1 /T4-F2-1 /T0-F3-1 /T0-F2-1 /D:1     
/W-F2-1  /D:1     /W-F3-1  /T0-F3-1 /T6-T0-1 /T6-T2-1 /T4-T1-2 /T4-F3-1 /T2-F3-1 /T6-T1-1 
/D:2     /W-F0-1  /T1-F0-1 /D:1     /W-F0-1  /D:1     /W-F1-1  /T1-F1-1 /T0-F1-1 /T0-F2-1 
/T1-F0-1 /T1-F1-1 /T4-F2-1 /W-F0-1  /T0-F1-1 /T0-F2-1 /T1-F0-1 /T1-F3-1 /T2-F0-1 /T4-F1-1 
"
1011498,E#wx#JOB#hMaz#tTqUV#eYvFgG#IcjbniZ#KkPprWoSmXRuLyDQsACHldfN,86.000000,916.000000,33.000000,0.726562,1,"
minimal: 0 / states: 140 / duration: 0.000141s
history:
/D:6      /W-T1-1   /D:2      /W-T5-1   /T0-T5-1  /T6-T0-1  /D:4      /W-T4-1   /D:1      /W-T0-1   
/D:3      /W-T5-1   /D:2      /W-F0-1   /T2-F0-1  /D:1      /W-T5-1   /T2-T5-1  /T6-T2-1  /T6-F2-1  
/D:1      /W-T2-1   /D:1      /W-T3-1   /T1-T3-2  /T4-T1-2  /T5-T4-6  /T5-T1-1  /T5-T1-1  /T4-T5-7  
/T5-T3-8  /D:3      /W-F3-1   /T3-F3-1  /T6-T3-1  /R        /D:1      /W-T5-1   /T6-T5-1  /T6-T4-1  
/T6-T5-1  /T3-T6-12 /T3-F1-1  /T6-F1-1  /T6-F0-1  /T5-T3-4  /T4-T5-2  /T4-T2-1  /T5-T1-3  /T3-T5-5  
/T1-F1-1  /T3-T5-1  /T4-T5-1  /D:1      /W-T0-1   /T1-T0-7  /D:1      /W-F3-1   /T6-F3-1  /D:3      
/W-F2-1   /D:1      /W-T1-1   /D:2      /W-F3-1   /D:1      /W-T1-1   /W-T1-1   /T2-T1-4  /D:1      
/W-F0-1   /T6-F0-1  /T6-F3-1  /T1-F3-1  /D:2      /W-F1-1   /D:1      /W-T5-1   /R        /D:1      
/W-F2-1   /T0-F2-1  /T0-F1-1  /T0-F0-1  /T5-F1-1  /T6-F0-1  /T0-F1-1  /T1-F0-1  /T6-F3-1  /T0-T1-1  
/T0-F3-1  /T5-T6-2  /T5-F0-1  /T1-T0-2  /T1-F0-1  /T6-T5-3  /T6-F3-1  /T1-F3-1  /T5-T6-4  /T5-F0-1  
/T5-F3-1  /T0-T1-4  /T0-F0-1  /T0-F3-1  /T5-F0-1  /D:1      /W-F2-1   /D:1      /W-F2-1   /T6-F2-1  
/T1-F2-1  /T6-F1-1  /T1-F1-1  /T6-F2-1  /T1-F2-1  /T6-F1-1  /T1-F1-1  /T6-F2-1  /T1-F2-1  /T6-F1-1  
/T1-F1-1  /T6-F2-1  
"
1011506,r#vb#Ntc#soGV#EmeTp#MPLZBS#jfgUODa#XAQYhwixuWRykJdzFClKHqIn,149.000000,2338.000000,49.000000,0.632979,1,"
minimal: 0 / states: 122 / duration: 0.000133s
history:
/T6-F1-1 /T1-F1-1 /T2-F1-1 /T5-T2-1 /F1-T6-1 /T5-T6-1 /T0-T2-1 /T5-T0-1 /T5-T0-1 /T6-T5-1 
/T6-F1-1 /T5-T6-2 /D:1     /W-T0-1  /D:1     /W-F0-1  /T6-F0-1 /D:1     /W-T2-1  /T4-T2-1 
/D:1     /W-T5-1  /D:1     /W-T1-1  /T2-T1-5 /T2-F3-1 /D:1     /W-T0-1  /T3-T0-1 /D:2     
/W-T5-1  /D:1     /W-T0-1  /T4-T0-1 /T6-T4-2 /T6-F3-1 /T3-T6-1 /T3-T4-1 /T4-T3-4 /T4-T2-1 
/T3-T0-5 /D:1     /W-T5-1  /T1-T5-7 /D:2     /W-T2-1  /D:1     /W-T2-1  /D:1     /W-T2-1  
/D:1     /W-F1-1  /D:1     /W-T1-1  /D:2     /W-F0-1  /D:1     /W-T1-1  /D:1     /W-T1-1  
/D:4     /W-F2-1  /T0-F2-1 /T0-F3-1 /T0-F0-1 /T5-F2-1 /T5-F3-1 /T4-F0-1 /T0-F1-1 /R       
/D:1     /W-T2-1  /D:1     /W-F3-1  /D:1     /W-F0-1  /T6-F0-1 /D:1     /W-F0-1  /D:1     
/W-F2-1  /T5-F2-1 /T0-F2-1 /T5-F3-1 /T0-F3-1 /T6-F3-1 /T6-T0-1 /T6-F1-1 /T0-F1-1 /T5-F2-1 
/T0-F2-1 /T0-F3-1 /T5-F1-1 /T2-F1-1 /T5-F2-1 /T0-F2-1 /T5-F3-1 /T0-F3-1 /T5-F2-1 /T5-F3-1 
/T6-F1-1 /T2-T0-2 /T2-F2-1 /T0-T2-3 /T0-F3-1 /T1-T5-2 /T1-F2-1 /D:1     /W-F0-1  /T2-F0-1 
/T2-F1-1 /T5-F0-1 /T2-F0-1 /T5-F1-1 /T2-F1-1 /T5-F0-1 
"
1011525,T#sq#oaH#QYui#WIrVd#XezBUp#KcjxkLP#ANOfZDSFJwhEgbmlCtvMnyRG,112.500000,2136.000000,53.000000,0.626263,1,"
minimal: 0 / states: 126 / duration: 0.000152s
history:
/T6-T1-1 /T5-T4-1 /T2-T3-1 /T2-F1-1 /T0-T3-1 /T2-T1-1 /D:1     /W-F0-1  /D:1     /W-F3-1  
/D:1     /W-F3-1  /D:2     /W-T0-1  /T6-T0-1 /T6-T0-1 /D:3     /W-T3-1  /D:1     /W-T0-1  
/T3-T0-4 /D:4     /W-T3-1  /D:1     /W-F1-1  /D:1     /W-T2-1  /D:3     /W-T5-1  /D:3     
/W-F2-1  /T1-F2-1 /T4-F2-1 /T1-F3-1 /T1-F2-1 /T1-T3-1 /W-T1-1  /D:1     /W-T2-1  /D:1     
/W-T0-1  /D:1     /R       /D:1     /W-T5-1  /D:1     /W-T0-1  /D:4     /W-T5-1  /T4-T5-1 
/T3-T4-3 /T6-T3-1 /T6-T3-1 /T6-F1-1 /T3-T1-3 /T3-F3-1 /T5-F1-1 /D:3     /W-T1-1  /T5-T1-4 
/T5-F0-1 /W-F0-1  /T0-F0-1 /T0-F3-1 /T1-F0-1 /T5-T3-1 /T5-F1-1 /T0-F0-1 /T1-F1-1 /T4-T0-1 
/T4-F1-1 /W-T3-1  /W-F1-1  /W-T5-1  /T4-T5-2 /T4-F2-1 /T0-F2-1 /W-F3-1  /T0-F3-1 /T1-F2-1 
/T5-F2-1 /T1-F3-1 /T1-F2-1 /T4-T1-1 /T5-F3-1 /T4-F3-1 /T5-F2-1 /T5-F3-1 /T1-T3-3 /T1-F3-1 
/T3-T6-2 /T3-F2-1 /T2-F2-1 /T0-T2-5 /T0-F3-1 /T3-T1-1 /T3-F2-1 /T6-T1-3 /D:1     /W-F0-1  
/T2-F0-1 /T1-F0-1 /T2-F1-1 /T1-F1-1 /T2-F0-1 /T1-F0-1 /T2-F1-1 /T1-F1-1 /T2-F0-1 /T1-F0-1 
/T2-F1-1 
"
1011558,G#Mf#pFD#RZBi#mCkHA#JudNsz#ELgtUIQ#qvSYXanKojlVxPbycweWhOTr,116.000000,2075.000000,52.000000,0.593407,1,"
minimal: 0 / states: 122 / duration: 0.000139s
history:
/T4-F0-1  /T4-T3-1  /T1-T0-1  /D:4      /W-T1-1   /D:2      /W-F1-1   /D:1      /W-F2-1   /D:1      
/W-T1-1   /D:1      /W-F2-1   /D:1      /W-T1-1   /D:1      /W-T5-1   /D:2      /W-T5-1   /D:1      
/W-T2-1   /D:1      /W-F1-1   /D:2      /W-F1-1   /D:1      /W-T4-1   /T3-T4-2  /T3-F0-1  /W-T3-1   
/T4-T3-4  /T4-F0-1  /D:2      /W-T5-1   /D:3      /W-T3-1   /D:1      /W-T0-1   /T6-T0-1  /T6-T1-1  
/T6-T1-1  /T6-T1-1  /R        /D:2      /W-T5-1   /D:1      /W-T1-1   /D:4      /W-T5-1   /T0-T5-4  
/T5-T0-10 /T5-T3-1  /T5-F3-1  /T5-F1-1  /T6-T5-1  /T6-T4-1  /T6-T1-1  /T3-T6-8  /T2-T3-2  /T2-T5-1  
/T2-F2-1  /W-F1-1   /T3-T5-3  /D:1      /W-F3-1   /T5-F3-1  /T0-F3-1  /T5-F0-1  /T1-F0-1  /T5-F3-1  
/T5-F0-1  /T1-F3-1  /T0-T1-2  /T0-F0-1  /T6-T5-1  /T6-F3-1  /T6-F0-1  /T5-T6-3  /T1-T0-3  /T1-F3-1  
/T1-F0-1  /T5-F0-1  /W-F3-1   /T0-T1-5  /T0-F3-1  /W-F3-1   /W-F2-1   /T1-F2-1  /T1-F1-1  /T6-F2-1  
/T1-F2-1  /T6-F1-1  /T1-F1-1  /T6-F2-1  /T1-F2-1  /T6-F1-1  /T1-F1-1  /T1-F0-1  /T6-F2-1  /T0-F2-1  
/T1-F3-1  /T6-F1-1  /T0-F1-1  /T4-F0-1  /T1-F0-1  /T6-F2-1  /T0-F2-1  /T4-F1-1  /T6-F3-1  
"
1011560,y#Qh#ulq#piBP#anAEW#ORFZez#StbTwmk#djMCcYVgULHvIofJGNxrsKDX,139.500000,2716.000000,73.000000,0.433962,1,"
minimal: 0 / states: 143 / duration: 0.000141s
history:
/T6-T0-1 /T3-T2-1 /T3-T2-1 /T0-T6-2 /T5-T0-1 /T2-T5-3 /T2-T0-1 /T2-T3-1 /T6-T2-3 /T6-T2-1 
/T6-T3-1 /T3-T2-3 /T6-T3-1 /T6-T1-1 /T6-T1-1 /D:3     /W-T6-1  /D:3     /W-T6-1  /D:6     
/W-T4-1  /T1-T4-3 /T3-T1-2 /D:6     /W-F3-1  /D:1     /W-T0-1  /T4-T0-5 /T4-T0-1 /T4-F0-1 
/T4-F2-1 /T4-F1-1 /T1-F1-1 /T5-F0-1 /T1-T0-2 /D:2     /W-T2-1  /T5-T2-3 /T5-T1-1 /D:1     
/W-T6-1  /D:2     /R       /D:2     /W-T6-1  /D:1     /W-F0-1  /D:1     /W-F1-1  /W-F1-1  
/D:4     /W-T1-1  /D:2     /W-T6-1  /D:1     /W-F2-1  /T0-F2-1 /D:5     /W-F0-1  /D:1     
/W-T1-1  /R       /D:3     /W-T6-1  /D:3     /W-T1-1  /D:1     /W-T6-1  /W-T6-1  /D:1     
/W-T6-1  /T0-T6-1 /T0-F0-1 /T5-F0-1 /T2-T5-2 /T2-F1-1 /T5-T2-3 /T5-F3-1 /T2-F3-1 /T2-F2-1 
/T6-F3-1 /T2-F3-1 /T6-F2-1 /T0-F3-1 /T2-F2-1 /T2-F3-1 /T6-F1-1 /T0-F2-1 /T6-F0-1 /T6-F3-1 
/T2-F2-1 /W-F0-1  /W-F1-1  /T0-F1-1 /T0-F2-1 /T2-F1-1 /T6-F0-1 /T6-F1-1 /W-F3-1  /T0-F3-1 
/T1-F0-1 /T2-F2-1 /T0-F2-1 /T1-F3-1 /T2-F1-1 /T2-F2-1 /T6-F0-1 /T0-F1-1 /T1-F0-1 /T2-F1-1 
/T6-F3-1 /T0-F2-1 /T1-F3-1 /T6-F0-1 
"
1011626,C#JV#yDn#PqxK#zskBL#ANhuwa#EegjodH#STiQXmbWpYRGvZctflOrIUMF,117.000000,1129.000000,45.000000,0.659722,1,"
minimal: 0 / states: 117 / duration: 0.000120s
history:
/T2-F2-1 /T5-F1-1 /T6-T1-1 /T1-T5-2 /T0-T6-1 /D:2     /W-T5-1  /D:1     /W-T1-1  /D:2     
/W-T4-1  /T5-T4-4 /T5-T1-1 /D:1     /W-T0-1  /T4-T0-6 /D:1     /W-F1-1  /D:1     /W-T3-1  
/D:4     /W-T5-1  /D:1     /W-T3-1  /T5-T3-2 /T5-F3-1 /T5-F0-1 /T4-F0-1 /T6-F0-1 /T2-F0-1 
/T4-T2-1 /T4-T0-1 /W-T0-1  /W-T4-1  /T3-T4-5 /W-T6-1  /T1-T2-3 /D:1     /W-T1-1  /T2-T1-5 
/D:1     /W-F1-1  /D:2     /W-T4-1  /D:2     /W-F3-1  /D:1     /W-T4-1  /T6-T4-2 /T6-F2-1 
/T4-F2-1 /T4-F1-1 /T6-T3-1 /T6-T1-1 /T6-F1-1 /T6-F0-1 /D:1     /W-T3-1  /D:1     /W-T3-1  
/D:1     /W-T2-1  /W-T2-1  /T3-T2-4 /T3-F2-1 /T3-F3-1 /T4-F2-1 /T4-F1-1 /T1-F1-1 /T4-T2-1 
/T4-F1-1 /D:1     /W-F0-1  /T2-F0-1 /T0-T1-3 /T0-F0-1 /T1-T0-4 /T1-F1-1 /T2-T4-1 /T2-F0-1 
/T1-F0-1 /T2-F1-1 /T1-F1-1 /T4-T2-3 /T4-F0-1 /T0-T1-7 /T0-F0-1 /T2-T4-4 /T2-F1-1 /T0-F1-1 
/T2-F0-1 /W-T4-1  /W-F3-1  /T1-F3-1 /T1-F2-1 /W-F3-1  /T1-F3-1 /T4-F2-1 /T1-F2-1 /T4-F3-1 
/T1-F3-1 /T4-F2-1 /T1-F2-1 /T4-F3-1 /T1-F3-1 /T4-F2-1 /T1-F2-1 /T4-F3-1 /T1-F3-1 /T4-F2-1 
"
1011633,t#oP#YKu#rSbs#WfRwg#HMIqAO#BQcdGxL#NlpjCUDEZzThikXJyevFnmVa,162.500000,2332.000000,64.000000,0.550420,1,"
minimal: 0 / states: 136 / duration: 0.000149s
history:
/T4-T2-1 /T3-T2-1 /D:1     /W-F3-1  /T5-F3-1 /T5-F0-1 /T1-F3-1 /D:12    /W-T4-1  /T2-T4-3 
/D:1     /W-T6-1  /T4-T6-5 /T5-T4-1 /T4-T6-2 /T4-T0-1 /T5-T4-1 /T4-T2-2 /T5-T4-1 /W-T2-1  
/W-T5-1  /T0-T2-2 /W-T0-1  /D:6     /W-T5-1  /D:1     /W-F2-1  /T1-F2-1 /D:1     /W-T1-1  
/T6-T1-9 /D:2     /W-F1-1  /T3-F1-1 /R       /D:1     /W-T0-1  /T6-T0-1 /T3-T6-1 /T3-T2-1 
/D:1     /W-F2-1  /T1-F2-1 /T2-F2-1 /T1-T5-1 /T1-F2-1 /D:1     /W-T0-1  /D:3     /W-T5-1  
/D:1     /W-T2-1  /D:1     /W-T3-1  /D:3     /W-T3-1  /D:2     /W-T0-1  /D:1     /R       
/D:2     /W-T0-1  /T6-T0-2 /T6-T2-1 /T6-F1-1 /T6-F3-1 /T6-F0-1 /W-F0-1  /T2-F1-1 /T5-F0-1 
/T2-F0-1 /T5-F3-1 /T0-F3-1 /T5-F0-1 /T5-F3-1 /T0-F0-1 /T0-F3-1 /T5-F0-1 /T2-T0-3 /T2-F0-1 
/D:1     /W-T3-1  /D:1     /W-F0-1  /D:1     /W-F1-1  /T0-F1-1 /T0-F2-1 /T1-F1-1 /T0-F1-1 
/T1-F2-1 /T0-F2-1 /T1-F1-1 /T0-F1-1 /T2-T0-1 /T2-F0-1 /T1-F2-1 /T1-F1-1 /T1-F0-1 /T4-F0-1 
/T0-T2-2 /T0-F1-1 /T1-F1-1 /T2-T0-3 /D:1     /W-F3-1  /T0-F3-1 /T0-F2-1 /T3-F3-1 /T0-F3-1 
/T3-F2-1 /T0-F2-1 /T3-F3-1 
"
1011645,a#AJ#uDf#odKL#IlRhr#nvpmZX#UOCjVzc#ykqPSgGBbtwWEiMxsTNYHQFe,62.000000,713.000000,33.000000,0.730159,1,"
minimal: 0 / states: 121 / duration: 0.000130s
history:
/T0-F1-1  /T5-T3-1  /T4-T2-1  /T5-T0-1  /T3-T0-2  /T1-T0-1  /T1-F0-1  /T5-T1-1  /D:1      /W-T1-1   
/D:1      /W-T1-1   /D:5      /W-T4-1   /T2-T4-2  /T6-T2-1  /D:1      /W-F0-1   /D:1      /W-F1-1   
/T2-F1-1  /D:2      /W-T1-1   /D:1      /W-T3-1   /D:2      /W-T0-1   /D:5      /W-F3-1   /D:1      
/W-T6-1   /T3-T6-2  /T3-F1-1  /F1-T4-1  /T5-T4-1  /T4-T5-6  /T2-T4-1  /T5-T6-7  /T5-F2-1  /T3-F2-1  
/T6-T3-11 /T6-T1-1  /T3-F2-1  /T3-F1-1  /W-T2-1   /W-T2-1   /T4-T2-2  /W-T4-1   /T6-T4-1  /T6-F0-1  
/T6-F3-1  /W-T5-1   /T4-T5-3  /T2-F0-1  /W-F0-1   /W-T6-1   /T2-T0-4  /T4-T5-1  /T6-T5-2  /D:1      
/W-T1-1   /W-T1-1   /W-T5-1   /W-F3-1   /W-F2-1   /T3-F2-1  /D:1      /W-F3-1   /T0-F3-1  /T5-F3-1  
/T0-F2-1  /T0-F3-1  /T5-F2-1  /T0-F2-1  /T5-F3-1  /T1-T0-2  /T1-F3-1  /T3-T5-3  /T3-F2-1  /T1-F2-1  
/T3-F3-1  /T0-T1-4  /T0-F3-1  /T5-T3-5  /T5-F2-1  /T1-T0-5  /T1-F2-1  /T3-T5-6  /T3-F3-1  /T3-F2-1  
/T0-T1-6  /T0-F3-1  /D:1      /W-F0-1   /D:1      /W-F1-1   /T5-F1-1  /T1-F1-1  /T5-F0-1  /T1-F0-1  
/T5-F1-1  /T1-F1-1  /T5-F0-1  /T1-F0-1  /T5-F1-1  /T1-F1-1  /T5-F0-1  /T1-F0-1  /T5-F1-1  /T1-F1-1  
/T5-F0-1  
"
1011660,q#Hh#ReX#gyow#JubvG#tEDnBA#ifpCONz#MKZLIxFTjSWsPrVUlkcaYQmd,107.500000,977.000000,48.000000,0.662500,1,"
minimal: 0 / states: 120 / duration: 0.000123s
history:
/T5-F0-1 /T5-F0-1 /T5-F2-1 /T4-T1-1 /T3-T2-1 /T3-F2-1 /T2-T3-2 /T5-T2-1 /T1-T4-2 /D:8     
/W-T1-1  /W-T1-1  /T2-T1-2 /T0-T2-1 /T6-T0-1 /T6-F3-1 /T6-F3-1 /T6-F0-1 /T6-F2-1 /T5-T6-1 
/T6-T4-2 /T1-F0-1 /T2-F2-1 /T4-F0-1 /T1-T6-4 /T6-T3-5 /D:2     /W-T5-1  /D:3     /W-F3-1  
/D:1     /W-F2-1  /W-F2-1  /D:3     /W-T0-1  /D:3     /W-F1-1  /D:2     /W-F3-1  /T2-F3-1 
/T5-F3-1 /T5-F2-1 /D:1     /W-T1-1  /T3-T1-8 /T1-T3-2 /T1-F3-1 /T3-T1-3 /D:1     /R       
/D:1     /W-T2-1  /D:1     /W-T0-1  /D:1     /W-T3-1  /D:1     /W-T3-1  /D:3     /W-T0-1  
/T4-T0-4 /T4-F1-1 /T4-F2-1 /D:2     /W-T4-1  /D:1     /W-F3-1  /T4-F3-1 /W-F3-1  /D:1     
/W-T3-1  /T1-T3-6 /T1-F3-1 /D:1     /W-F1-1  /D:1     /W-F3-1  /D:1     /W-F1-1  /T3-F1-1 
/T0-F1-1 /T3-F0-1 /T0-F0-1 /T3-F1-1 /T0-F1-1 /T0-F2-1 /T3-F0-1 /T3-F1-1 /T3-F2-1 /T0-F1-1 
/W-F2-1  /W-F0-1  /T4-F0-1 /T0-F0-1 /T3-F1-1 /T0-F1-1 /T1-F2-1 /T0-F2-1 /T3-F0-1 /T1-F1-1 
/T2-F0-1 /T3-F3-1 
"
1011688,B#Oj#UPs#owct#ndCKE#yJlYHA#fDNQThv#qGikebazprZVMmxWFISRgLuX,155.500000,3114.000000,53.000000,0.599010,1,"
minimal: 0 / states: 124 / duration: 0.000138s
history:
/T5-F0-1 /T0-F0-1 /T6-T1-1 /T6-T1-1 /T6-T5-1 /T3-T1-1 /T6-T4-1 /T6-F3-1 /T2-T5-1 /T3-T6-1 
/D:3     /W-T3-1  /T5-T3-3 /D:2     /W-T3-1  /T6-T3-2 /T4-T6-2 /T4-T5-1 /T4-F0-1 /T1-T5-4 
/T1-F3-1 /T2-F3-1 /T6-F3-1 /T4-T6-1 /T4-F2-1 /T6-T5-3 /D:2     /W-F1-1  /W-F1-1  /T3-F1-1 
/T3-F0-1 /T5-F1-1 /T5-F0-1 /T3-F1-1 /T5-F1-1 /D:1     /W-T0-1  /T5-T0-6 /D:3     /W-T1-1  
/D:2     /W-T4-1  /T5-T4-1 /W-T5-1  /D:1     /W-T6-1  /D:1     /W-T4-1  /D:1     /W-T4-1  
/D:1     /W-F0-1  /D:1     /W-T4-1  /T2-T4-1 /D:1     /W-T0-1  /W-T0-1  /D:1     /W-F3-1  
/D:1     /W-F1-1  /T0-T4-3 /T0-F1-1 /T3-T5-3 /T3-F1-1 /D:1     /W-T1-1  /D:2     /W-T1-1  
/T3-T1-1 /T3-F2-1 /R       /D:2     /W-F0-1  /D:2     /W-F2-1  /D:1     /R       /D:1     
/W-F2-1  /T4-F2-1 /T4-F3-1 /T5-F2-1 /T4-F2-1 /T5-F3-1 /T4-F3-1 /T5-F0-1 /T4-F0-1 /T5-T1-1 
/T5-F0-1 /T1-F3-1 /T4-F3-1 /T0-T4-2 /T0-F0-1 /T1-T5-2 /T1-F0-1 /T5-T1-3 /D:2     /W-F2-1  
/T4-F2-1 /T1-F2-1 /T1-F3-1 /T4-F1-1 /T4-F2-1 /T0-F3-1 /W-F1-1  /T1-F2-1 /T1-F3-1 /T4-F1-1 
/T0-F2-1 /T4-F0-1 /T6-F1-1 
"
1011721,x#Ue#CnY#Fbcd#lSNBA#JoIWrH#LPqsKMy#pVmfOQiRhwEjXvaGkzTgutZD,100.000000,2080.000000,41.000000,0.716418,1,"
minimal: 0 / states: 120 / duration: 0.000124s
history:
/T4-F0-1 /T4-F0-1 /T4-F3-1 /T0-T2-1 /D:1     /W-T3-1  /D:2     /W-T0-1  /T6-T0-1 /T2-T6-2 
/T2-F2-1 /T2-F0-1 /T6-T2-3 /D:2     /W-F3-1  /D:6     /W-T4-1  /T3-T4-2 /D:1     /W-T2-1  
/D:1     /W-T0-1  /W-T0-1  /D:1     /W-T2-1  /W-T2-1  /D:1     /W-F1-1  /D:1     /W-T2-1  
/T4-T2-4 /T6-T4-1 /T1-T6-1 /D:3     /W-T5-1  /T6-T5-2 /T3-T6-1 /T3-F1-1 /T6-T5-2 /T6-F3-1 
/T5-F1-1 /D:3     /W-T1-1  /D:2     /W-F0-1  /R       /D:1     /W-T0-1  /T5-T0-5 /T2-T5-2 
/T2-F0-1 /T5-T2-3 /T5-T4-1 /T5-T4-1 /T5-F2-1 /T2-F2-1 /T0-F2-1 /T2-F1-1 /T0-F1-1 /T2-F2-1 
/T0-F2-1 /T1-F2-1 /T3-F0-1 /T1-T4-1 /D:1     /W-F1-1  /D:1     /W-F3-1  /D:1     /W-T5-1  
/D:1     /W-F3-1  /T2-F3-1 /T0-F3-1 /T2-F0-1 /T4-F3-1 /T0-F0-1 /T0-F3-1 /T4-F0-1 /T4-F3-1 
/T5-T0-1 /T5-F0-1 /T4-F0-1 /T6-F0-1 /D:2     /W-T1-1  /T2-T1-5 /T2-F0-1 /D:1     /W-F1-1  
/T1-F1-1 /T0-F1-1 /D:1     /W-F2-1  /T1-F2-1 /T0-F2-1 /T0-F3-1 /T1-F1-1 /T1-F2-1 /T1-F3-1 
/W-F1-1  /T0-F2-1 /T4-F1-1 /T0-F1-1 /T1-F2-1 /D:1     /W-F3-1  
"
1011724,o#sj#yKC#xhXk#dpVrD#evgENi#nwTLJUP#MAcmBzqfHlbSGWFuYIaORZtQ,116.000000,1475.000000,51.000000,0.555556,1,"
minimal: 0 / states: 133 / duration: 0.000148s
history:
/T6-T4-1 /T0-T4-1 /D:1     /W-T0-1  /D:1     /W-F0-1  /D:3     /W-F0-1  /T2-F0-1 /T1-T2-1 
/D:4     /W-T5-1  /D:1     /W-T0-1  /T2-T0-2 /T3-T2-1 /D:3     /W-T6-1  /W-T6-1  /D:5     
/W-T0-1  /T6-T0-3 /T5-T6-2 /T5-F3-1 /T6-T2-3 /T5-T0-1 /T3-T6-1 /T5-T2-1 /T3-T5-1 /T1-T2-1 
/D:1     /W-F1-1  /D:1     /W-F3-1  /D:1     /W-T2-1  /T4-T2-3 /D:1     /W-T1-1  /T6-T1-2 
/D:1     /W-T5-1  /D:1     /W-T0-1  /R       /D:5     /W-T5-1  /T4-T5-1 /D:1     /W-F1-1  
/D:1     /W-T3-1  /T5-T3-5 /W-T5-1  /T2-T5-2 /T2-F0-1 /T0-T3-1 /T0-F0-1 /D:1     /W-F0-1  
/D:1     /W-T4-1  /T6-T4-1 /T4-T6-3 /T4-T3-1 /T6-T1-4 /T6-F2-1 /T5-F2-1 /T3-F2-1 /T5-F3-1 
/T3-F3-1 /T2-F3-1 /T0-F3-1 /T0-F0-1 /T1-F3-1 /T0-F3-1 /T5-F2-1 /T3-F2-1 /T2-F2-1 /T2-T1-1 
/T2-F0-1 /T0-F0-1 /T1-T2-2 /T1-F3-1 /T2-T1-3 /T2-F0-1 /T3-T0-4 /T3-F3-1 /T0-T3-5 /T0-F0-1 
/T1-T2-4 /T1-F3-1 /T1-F0-1 /W-T6-1  /T0-T6-1 /T0-F0-1 /W-T0-1  /W-F1-1  /T4-F1-1 /T5-F1-1 
/T3-F1-1 /T2-F1-1 /T3-F2-1 /T2-F2-1 /T3-F1-1 /T2-F1-1 /T3-F2-1 /T2-F2-1 /T3-F1-1 /T2-F1-1 
/T3-F2-1 /T2-F2-1 /T6-F1-1 /T0-F1-1 /T6-F2-1 /D:1     /W-F3-1  /T1-F3-1 
"
1011736,T#jo#uJK#htey#wsOvp#UIqNWb#FPglraB#LiEkZnzfMADCYmHVxSRcQdGX,66.500000,401.000000,22.000000,0.941176,1,"
minimal: 0 / states: 114 / duration: 0.000124s
history:
/T5-T4-1 /T5-T2-1 /T5-F3-1 /D:4     /W-T3-1  /D:2     /W-F2-1  /T1-F2-1 /D:4     /W-F0-1  
/T6-F0-1 /T6-F1-1 /T4-F1-1 /T4-F2-1 /T5-F2-1 /T6-F2-1 /T4-T1-1 /T4-F3-1 /T4-F2-1 /T2-T6-2 
/T2-T3-1 /T5-T6-1 /T0-T2-1 /W-T0-1  /T6-T0-4 /T5-T0-1 /D:2     /W-F0-1  /W-F0-1  /D:2     
/W-T5-1  /T3-T5-3 /F2-T2-1 /T3-T2-1 /T3-T0-1 /T3-T1-1 /D:2     /W-T4-1  /W-T4-1  /T6-T4-1 
/T6-F3-1 /T2-T6-1 /T2-F2-1 /T0-F2-1 /T6-T2-2 /D:4     /W-F1-1  /D:1     /W-F3-1  /W-F3-1  
/W-F3-1  /T2-T4-2 /T2-F3-1 /T0-F3-1 /T2-F2-1 /T1-T0-1 /T1-F2-1 /T4-T5-5 /T4-F2-1 /W-F2-1  
/D:1     /W-F1-1  /T5-F1-1 /D:1     /W-T0-1  /D:1     /R       /D:3     /W-F0-1  /T5-F0-1 
/T0-F0-1 /D:1     /W-T2-1  /D:1     /W-T3-1  /D:1     /W-F1-1  /T5-F1-1 /T0-F1-1 /T5-F0-1 
/T0-F0-1 /T5-F3-1 /T0-F3-1 /W-F1-1  /T1-F1-1 /T5-F0-1 /T0-F0-1 /T5-F1-1 /T0-F1-1 /T5-F2-1 
/T3-F2-1 /T5-F1-1 /W-F0-1  /T0-F0-1 /D:2     /W-F3-1  /W-F3-1  /T2-F3-1 
"
1011797,J#Hy#dvk#Fucq#KQejt#WCfrYT#sozbZNS#InxpXDhlAPOLRUwiamEGgMBV,96.000000,740.000000,37.000000,0.708333,1,"
minimal: 0 / states: 124 / duration: 0.000136s
history:
/T6-T4-1 /T6-F3-1 /T2-T1-1 /T1-T6-2 /T5-T1-1 /T0-T6-1 /T6-T0-4 /D:2     /W-F2-1  /D:1     
/W-T5-1  /D:4     /W-T2-1  /T4-T2-2 /T4-T5-1 /T3-T4-1 /T3-T4-1 /T2-T5-4 /D:2     /W-F0-1  
/D:2     /W-F3-1  /W-F3-1  /D:5     /W-T0-1  /T3-T0-1 /T4-T3-3 /T4-F3-1 /T3-T1-4 /D:1     
/W-F1-1  /T6-F1-1 /T5-T6-7 /T5-T6-1 /T6-T3-9 /T6-F2-1 /T1-F1-1 /T2-F1-1 /D:1     /W-T2-1  
/D:1     /W-T5-1  /D:2     /W-T0-1  /T6-T0-1 /D:1     /W-T6-1  /D:1     /W-F0-1  /D:1     
/R       /D:2     /W-F2-1  /T1-F2-1 /T3-F2-1 /T0-F2-1 /T1-F1-1 /T5-T3-1 /T5-F1-1 /T5-F0-1 
/T0-F1-1 /W-T5-1  /T5-T4-2 /D:2     /W-F0-1  /T3-F0-1 /T1-F0-1 /D:1     /W-T6-1  /T4-T6-3 
/D:1     /W-T2-1  /W-T2-1  /D:1     /W-F3-1  /T3-F3-1 /T1-F3-1 /T3-F2-1 /T0-F2-1 /T3-F1-1 
/T0-F1-1 /T3-F2-1 /T3-F1-1 /T0-T2-1 /T0-F1-1 /D:1     /W-F3-1  /D:1     /W-F2-1  /T3-F2-1 
/T0-F2-1 /T6-T3-3 /T6-F1-1 /T2-T0-3 /T2-F1-1 /T3-T6-4 /T3-F2-1 /D:1     /W-F0-1  /T1-F0-1 
/T6-F0-1 /T0-F0-1 /D:1     /W-F3-1  /T6-F3-1 /T0-F3-1 /T6-F0-1 /T0-F0-1 /T6-F3-1 /T0-F3-1 
/T6-F0-1 
"
1011798,e#lv#swP#ikZH#KTjLt#cbdMrU#EoafYGV#DSXgmIQARhxpuBOCznJNWyqF,139.000000,3828.000000,60.000000,0.494565,1,"
minimal: 0 / states: 131 / duration: 0.000143s
history:
/T5-T1-1 /T4-T1-1 /T3-T6-1 /T4-T3-1 /T1-T4-3 /D:1     /W-T0-1  /T2-T0-1 /T6-T2-2 /D:1     
/W-T4-1  /T5-T4-1 /T1-T5-1 /T5-T1-2 /T5-T4-1 /D:1     /W-T3-1  /T2-T3-3 /T0-T2-3 /T3-T0-6 
/D:1     /W-T0-1  /T2-T0-4 /D:1     /W-T2-1  /D:3     /W-F0-1  /D:3     /W-T1-1  /T4-T1-7 
/D:1     /W-T1-1  /T5-T1-1 /D:2     /W-F0-1  /D:2     /W-F0-1  /D:2     /W-F2-1  /D:1     
/W-T3-1  /D:1     /W-F3-1  /D:2     /W-T2-1  /T3-T2-2 /T3-T2-1 /D:2     /W-T4-1  /R       
/D:3     /W-T4-1  /D:2     /W-T2-1  /T4-T2-3 /D:1     /W-F3-1  /T0-F3-1 /T0-F0-1 /D:1     
/W-T3-1  /D:1     /W-T4-1  /D:1     /W-T0-1  /T5-T0-1 /R       /D:1     /W-T4-1  /D:1     
/W-F3-1  /T2-F3-1 /D:1     /W-T4-1  /T6-T4-1 /T6-T3-1 /T6-T4-1 /T6-F1-1 /T1-F1-1 /T6-F2-1 
/T0-F1-1 /T1-F2-1 /T0-F2-1 /T1-F1-1 /T0-F1-1 /T1-F2-1 /T0-F2-1 /T6-F0-1 /T1-F3-1 /T2-F0-1 
/T2-F3-1 /T4-F1-1 /T0-F1-1 /T1-F2-1 /T2-F2-1 /T4-F0-1 /T0-F0-1 /T1-F3-1 /T0-F3-1 /T4-F1-1 
/T1-F2-1 /T2-F1-1 /T0-F2-1 /T4-F0-1 /T1-F1-1 /T2-F0-1 /T2-F1-1 /T4-F3-1 /T0-F3-1 /T1-F2-1 
/T2-F2-1 /T4-F0-1 /T0-F0-1 /T1-F1-1 /T2-F1-1 /T3-F3-1 /T0-F3-1 /T1-F0-1 /T3-F2-1 
"
1011895,L#gA#pNV#svka#TUhFb#dxreoD#fEGtIqP#MjwyQRKYJiBuSmncClHOzZWX,154.500000,4372.000000,53.000000,0.581633,1,"
minimal: 0 / states: 122 / duration: 0.000134s
history:
/T1-F0-1  /T3-F1-1  /T4-F1-1  /T6-T5-1  /T4-T1-1  /T3-T0-1  /T4-T3-1  /D:3      /W-T0-1   /T2-T0-1  
/T2-F3-1  /D:3      /W-T1-1   /T5-T1-2  /T5-T1-1  /T6-T5-1  /T4-T6-1  /D:5      /W-F0-1   /D:1      
/W-T0-1   /T1-T0-6  /D:2      /W-T1-1   /T0-T1-11 /D:1      /W-F2-1   /T1-F2-1  /T2-F2-1  /T5-F2-1  
/D:1      /W-F1-1   /D:1      /W-F0-1   /D:3      /W-F3-1   /T1-F3-1  /T1-F0-1  /D:1      /W-T0-1   
/D:1      /W-T2-1   /D:2      /R        /D:3      /W-T2-1   /D:1      /W-F3-1   /T1-F3-1  /T5-T1-1  
/T5-F2-1  /W-T5-1   /T6-T5-2  /T6-T3-1  /T6-T5-1  /T6-F0-1  /T6-T3-1  /W-T6-1   /D:2      /W-T0-1   
/T5-T0-5  /T5-F1-1  /T1-F1-1  /T1-F0-1  /T3-F1-1  /T0-F0-1  /T1-F1-1  /T3-T0-1  /T3-F1-1  /T4-T1-1  
/D:2      /W-F1-1   /D:1      /W-F3-1   /T1-F3-1  /D:1      /W-T6-1   /D:1      /W-F0-1   /T0-T3-2  
/T0-F0-1  /T3-T0-3  /T3-F2-1  /T0-F2-1  /T0-F3-1  /T1-F2-1  /T0-F2-1  /T0-F1-1  /T1-F3-1  /T1-F2-1  
/W-F0-1   /T1-F1-1  /T0-F2-1  /T2-F2-1  /T6-F1-1  /W-F0-1   /T1-F0-1  /T1-F1-1  /T6-F0-1  /D:1      
/W-F3-1   /D:1      /W-F3-1   /T0-F3-1  /T0-F2-1  /T2-F3-1  
"
1011898,N#SW#zMF#Umqn#HyDxw#CERlot#dfBuLZP#QgVceGsiIkvrabpjhOTJXYKA,116.500000,1179.000000,44.000000,0.607143,1,"
minimal: 0 / states: 128 / duration: 0.000138s
history:
/T0-F3-1  /T3-F2-1  /T6-T3-1  /T6-T0-1  /T6-T0-1  /D:2      /W-T6-1   /T2-T6-1  /D:1      /W-T4-1   
/T6-T4-3  /T6-T3-1  /T6-T5-1  /D:2      /W-T4-1   /T3-T4-3  /D:4      /W-T1-1   /D:1      /W-T0-1   
/T4-T0-9  /T1-T4-2  /D:2      /W-T1-1   /T6-T1-1  /T2-T6-1  /D:1      /W-F1-1   /D:1      /W-F1-1   
/D:1      /W-T1-1   /D:2      /W-T4-1   /T5-T4-2  /T5-F2-1  /T4-T5-6  /T5-T2-7  /T4-T5-1  /T4-T3-1  
/T1-F2-1  /T0-T5-2  /T0-F2-1  /D:1      /W-F3-1   /D:1      /W-T4-1   /D:2      /W-T3-1   /W-T3-1   
/D:1      /W-T6-1   /D:1      /W-T6-1   /W-T6-1   /W-T6-1   /W-T3-1   /T4-T3-2  /T3-T4-7  /W-T4-1   
/T5-T4-4  /T5-T2-1  /T1-T2-1  /T1-F2-1  /W-T3-1   /W-F1-1   /T2-F1-1  /T0-F1-1  /T2-T1-1  /T2-F1-1  
/T4-T0-4  /T4-F2-1  /T2-F2-1  /T0-T4-5  /T0-F1-1  /T0-F2-1  /T2-F1-1  /T6-F2-1  /T4-T0-7  /T4-F1-1  
/T6-F1-1  /T0-T4-8  /T0-F2-1  /T0-F1-1  /T2-T6-2  /T2-F2-1  /T2-F1-1  /T4-T0-10 /T4-F2-1  /T2-F2-1  
/T4-F1-1  /W-T1-1   /T1-T3-3  /T3-T6-5  /T5-T6-1  /D:1      /W-F0-1   /T0-F0-1  /T0-F3-1  /T6-F0-1  
/T0-F0-1  /T6-F3-1  /T0-F3-1  /T6-F0-1  /T0-F0-1  /T6-F3-1  /T0-F3-1  /T6-F0-1  /T0-F0-1  /T6-F3-1  
/T0-F3-1  /T6-F0-1  /T0-F0-1  /T6-F3-1  /T0-F3-1  /T6-F0-1  /T0-F0-1  /T6-F3-1  /T0-F3-1  /T6-F0-1  
"
1011910,H#Ov#UYL#goip#cfBTd#jmhabr#zwCnPtX#NKZlqRxsFAueEWVMIyJGQDkS,53.500000,345.000000,16.000000,1.083333,1,"
minimal: 0 / states: 121 / duration: 0.000121s
history:
/T6-T2-1 /T4-T5-1 /T3-T5-1 /T4-T0-1 /T0-T3-2 /D:1     /W-F3-1  /D:2     /W-T0-1  /T2-T0-2 
/W-T2-1  /D:5     /W-T3-1  /D:2     /W-F0-1  /T4-F0-1 /T5-T4-3 /T5-T4-1 /T5-F1-1 /T4-F1-1 
/T6-T5-1 /T5-T1-2 /T4-T1-4 /T4-F1-1 /T5-T4-1 /T1-T5-7 /T1-F3-1 /T6-F3-1 /T6-F2-1 /T6-F0-1 
/T3-T6-4 /T3-F2-1 /T5-F2-1 /T5-F1-1 /T6-T0-5 /T2-T6-2 /W-T3-1  /T5-T6-6 /D:2     /W-F1-1  
/D:4     /W-T1-1  /D:2     /W-T4-1  /D:2     /W-T2-1  /D:1     /W-F3-1  /D:1     /W-F0-1  
/D:1     /W-T4-1  /W-T4-1  /D:1     /W-T2-1  /T6-T2-1 /T6-F1-1 /R       /D:1     /W-T1-1  
/D:1     /W-F2-1  /T2-F2-1 /T0-F2-1 /T6-F2-1 /T3-T0-1 /T3-F1-1 /T6-F1-1 /T2-T6-3 /D:1     
/W-F3-1  /T6-F3-1 /D:1     /W-T1-1  /D:1     /W-F2-1  /D:1     /W-F0-1  /T0-F0-1 /T0-F3-1 
/T6-F0-1 /T0-F0-1 /T0-F1-1 /T6-F3-1 /T6-F2-1 /T0-F2-1 /T1-F2-1 /T6-F1-1 /T4-T0-1 /T4-F1-1 
/T1-F1-1 /T4-F2-1 /T4-F1-1 /T6-T1-2 /T6-F2-1 /D:1     /W-T1-1  /D:1     /W-F3-1  /T1-F3-1 
/D:1     /W-F0-1  /T0-F0-1 /T0-F3-1 /T1-F0-1 /T0-F0-1 /T1-F3-1 /T0-F3-1 /T1-F0-1 
"
1020005,q#Xs#KVd#WlwZ#MCSBG#FjLoOy#kDYeInm#hzaAUpRHvPctbEiJfTguQxrN,115.000000,1428.000000,41.000000,0.635135,1,"
minimal: 0 / states: 124 / duration: 0.000127s
history:
/T5-T3-1  /D:3      /W-F1-1   /D:1      /W-F0-1   /D:2      /W-T2-1   /T5-T2-1  /D:1      /W-T1-1   
/T0-T1-1  /T6-T0-1  /T6-F2-1  /T5-F2-1  /T5-T0-1  /T6-T5-1  /W-T5-1   /T4-T5-1  /T4-F0-1  /T4-T5-1  
/T4-F0-1  /D:3      /W-T1-1   /D:3      /W-F1-1   /D:1      /W-T5-1   /T2-T5-3  /D:6      /W-T2-1   
/W-T2-1   /T1-T2-4  /T1-T0-1  /T3-T1-2  /T3-T0-1  /T2-T0-7  /T3-T4-1  /T5-T2-9  /T6-T5-1  /T2-T4-10 
/D:2      /W-T6-1   /T3-T6-1  /D:2      /W-F3-1   /T4-F3-1  /T0-F3-1  /T4-F2-1  /T0-F2-1  /W-F2-1   
/W-F3-1   /T0-F3-1  /T0-F2-1  /T5-T0-2  /R        /D:2      /W-T2-1   /T6-T2-3  /T6-F0-1  /T6-T1-1  
/D:2      /W-T2-1   /D:1      /W-F1-1   /T4-F1-1  /T0-F1-1  /T4-F0-1  /T0-F0-1  /T4-F3-1  /T4-F0-1  
/W-F0-1   /T4-T2-1  /T4-F0-1  /D:1      /W-F2-1   /D:2      /W-F0-1   /D:1      /W-F1-1   /T0-F1-1  
/T0-F2-1  /D:1      /W-F3-1   /T2-F3-1  /T0-F3-1  /T2-F2-1  /T2-F3-1  /T0-F2-1  /T0-F3-1  /T2-F2-1  
/T2-F3-1  /T1-T0-1  /T1-F2-1  /T1-F3-1  /T2-F2-1  /R        /D:1      /W-F1-1   /D:1      /W-F1-1   
/T4-F1-1  /T0-F1-1  /T4-F0-1  /T0-F0-1  /T4-F1-1  /T0-F1-1  /T4-F0-1  
"
1020038,C#dU#hZL#jfQG#nINeM#oslqrX#KgiYbST#DHtmcWPzpvVkAuBRwxEOJFay,144.000000,2269.000000,52.000000,0.582474,1,"
minimal: 0 / states: 126 / duration: 0.000133s
history:
/T5-T2-1 /T3-T1-1 /T3-T5-1 /T5-T3-2 /T3-T1-3 /T0-T1-1 /T4-T0-1 /T5-T4-1 /T5-T0-1 /T4-T5-2 
/T4-F3-1 /T1-T4-6 /T4-T3-7 /T4-F2-1 /T5-T6-3 /T5-F2-1 /D:4     /W-T4-1  /T2-T4-2 /T2-T5-1 
/W-T2-1  /D:1     /W-T6-1  /D:4     /W-F2-1  /D:4     /W-F0-1  /D:2     /W-F0-1  /T3-F0-1 
/D:2     /W-T4-1  /D:1     /W-T0-1  /T3-T0-7 /D:2     /W-F3-1  /D:3     /W-F1-1  /D:1     
/W-T5-1  /R       /D:1     /W-F0-1  /D:3     /W-F3-1  /T0-F3-1 /T1-T0-1 /D:1     /W-T1-1  
/D:2     /W-T4-1  /D:1     /W-T5-1  /D:1     /W-T4-1  /T6-T4-5 /T6-T2-1 /T6-F1-1 /T4-F1-1 
/T0-F1-1 /T4-F2-1 /T0-F2-1 /T4-F1-1 /T6-T1-1 /T0-F1-1 /T4-F2-1 /T2-T0-1 /T2-F2-1 /D:1     
/W-F3-1  /T0-F3-1 /T4-F3-1 /T4-F2-1 /W-F2-1  /T0-T2-1 /T0-F3-1 /T4-F3-1 /T6-T4-1 /T6-F1-1 
/W-F3-1  /T4-T5-2 /T4-F3-1 /T1-F3-1 /W-T5-1  /T2-T0-2 /D:1     /W-F0-1  /D:2     /W-F0-1  
/T0-F0-1 /T0-F1-1 /T5-F0-1 /T0-F0-1 /T5-F1-1 /T0-F1-1 /T5-F2-1 /T0-F2-1 /W-F0-1  /T5-F1-1 
/T5-F2-1 /T6-F0-1 /T0-F1-1 /T1-F2-1 /T4-F0-1 /T0-F0-1 /T4-F1-1 /T5-F3-1 
"
1020060,K#kn#YfU#semr#lLqIQ#joMOpH#SdAiXyZ#hRcGxEzCvJVNtWFPwgTbBDau,93.500000,927.000000,27.000000,0.768519,1,"
minimal: 0 / states: 125 / duration: 0.000128s
history:
/T1-F2-1  /T4-T3-1  /T2-T4-1  /T3-T2-2  /D:4      /W-T4-1   /T2-T4-3  /T0-T2-1  /T6-T0-1  /T6-T0-1  
/T6-T0-1  /T5-T6-1  /T5-T4-1  /T5-T4-1  /T2-T5-2  /T3-T2-1  /D:6      /W-T0-1   /T6-T0-2  /T6-F0-1  
/D:2      /W-F3-1   /T4-F3-1  /D:2      /W-T5-1   /T4-T5-7  /T4-T3-1  /T4-T2-1  /T1-T2-1  /T5-T1-11 
/T5-F2-1  /T1-F2-1  /T3-F2-1  /D:2      /W-F3-1   /T1-F3-1  /T6-T1-1  /D:1      /W-T2-1   /D:1      
/W-T0-1   /W-T0-1   /T3-T0-1  /D:3      /W-F0-1   /D:1      /W-T0-1   /D:1      /W-F1-1   /W-F1-1   
/D:1      /R        /D:2      /W-F3-1   /T6-F3-1  /D:1      /W-F1-1   /T1-F1-1  /T1-F2-1  /T3-F2-1  
/D:1      /W-T4-1   /T5-T4-1  /D:1      /W-T1-1   /D:1      /W-T3-1   /T4-T3-3  /D:1      /W-F0-1   
/T0-F0-1  /T0-F1-1  /T1-F0-1  /T0-F0-1  /T1-F1-1  /T0-F1-1  /T1-F0-1  /T0-F0-1  /W-F1-1   /T0-F1-1  
/T3-F1-1  /D:2      /W-T0-1   /D:1      /W-F2-1   /D:1      /W-F3-1   /T1-F3-1  /T1-F0-1  /T0-F3-1  
/T0-F0-1  /T1-F3-1  /T1-F0-1  /T0-F3-1  /T1-F3-1  /T2-T0-2  /T2-F0-1  /T1-F0-1  /T0-T2-3  /T0-F3-1  
/D:1      /W-F2-1   /W-F2-1   /T2-F2-1  /T2-F1-1  /T3-F2-1  /T2-F2-1  /T3-F1-1  /T2-F1-1  /T3-F2-1  
"
1020072,A#qf#ipW#wJQb#FZUMh#IsBjuY#LzdGVaE#CnxRSPrymTlOgDcoXtKvkHNe,126.000000,3160.000000,51.000000,0.607955,1,"
minimal: 0 / states: 128 / duration: 0.000144s
history:
/T0-F0-1 /T6-T1-1 /T6-F1-1 /T3-F1-1 /T3-T1-1 /T6-T3-1 /T6-T4-1 /T1-T4-3 /D:1     /W-T4-1  
/D:1     /W-F2-1  /D:1     /W-T5-1  /T2-T5-1 /T2-T6-1 /D:3     /W-T1-1  /D:3     /W-T0-1  
/W-T0-1  /D:3     /W-T4-1  /D:3     /W-F1-1  /D:1     /W-F2-1  /T6-F2-1 /T6-F1-1 /T5-T6-3 
/T5-T2-1 /D:1     /W-T0-1  /T3-T0-2 /T2-T3-2 /T6-T2-4 /D:3     /W-T2-1  /T4-T2-7 /D:1     
/W-T6-1  /T3-T6-3 /T4-T3-1 /D:1     /W-T0-1  /D:1     /W-F3-1  /T2-F3-1 /T1-F3-1 /T1-F2-1 
/D:1     /W-F1-1  /R       /D:3     /W-F2-1  /D:1     /W-T0-1  /D:1     /W-T3-1  /D:1     
/W-T6-1  /D:2     /W-T4-1  /D:1     /W-T3-1  /T5-T3-1 /T5-F0-1 /T2-F0-1 /T2-F3-1 /W-F0-1  
/T2-F0-1 /T2-F1-1 /T5-F2-1 /T4-T5-2 /T4-T1-1 /T4-F0-1 /T6-F1-1 /T2-F0-1 /T2-F1-1 /T5-F2-1 
/T6-F2-1 /T2-F2-1 /T6-F1-1 /T3-F1-1 /T6-F2-1 /T6-F1-1 /T2-T3-1 /T2-F2-1 /T0-T6-5 /T0-F2-1 
/T3-T2-2 /T3-F1-1 /T0-F1-1 /T2-T3-3 /T2-F2-1 /T5-T3-2 /T6-T1-6 /R       /D:1     /W-F3-1  
/D:1     /W-F3-1  /T1-F3-1 /T1-F0-1 /T3-F3-1 /T1-F3-1 /T3-F0-1 /T1-F0-1 /T3-F3-1 /T1-F3-1 
/T3-F0-1 /T1-F0-1 /T3-F3-1 /T1-F3-1 /T3-F0-1 
"
1020088,x#CM#NVu#fISR#OzoKU#eqAYXW#wQFBTGJ#pZrbgdEnajthylHkvsmciPLD,104.500000,3081.000000,58.000000,0.544444,1,"
minimal: 0 / states: 139 / duration: 0.000145s
history:
/T5-T0-1  /T6-T5-1  /T6-T4-1  /T6-T2-1  /D:8      /W-F2-1   /D:1      /W-F1-1   /D:5      /W-T1-1   
/T0-T1-2  /T1-T0-4  /D:3      /W-T0-1   /T4-T0-2  /D:1      /W-T2-1   /T3-T2-1  /T3-T0-1  /D:3      
/W-T5-1   /T2-T5-4  /D:3      /W-T5-1   /R        /D:3      /W-T0-1   /D:1      /W-F1-1   /D:2      
/W-T0-1   /T1-T0-1  /D:2      /W-T4-1   /T3-T4-1  /W-T3-1   /D:2      /W-T4-1   /W-T4-1   /T3-T4-2  
/D:2      /W-T2-1   /D:2      /W-T1-1   /D:1      /W-T5-1   /T6-T5-1  /D:2      /W-T1-1   /T5-T1-10 
/T4-T5-7  /T4-F2-1  /T5-T4-8  /T5-F0-1  /T1-F0-1  /T1-F1-1  /T4-T3-9  /T0-F0-1  /T0-F1-1  /T1-F0-1  
/T5-T1-1  /T3-F0-1  /T6-F0-1  /T6-T0-1  /T2-T6-2  /T2-F3-1  /T4-F3-1  /W-F3-1   /T0-F3-1  /T5-F1-1  
/T3-F1-1  /T0-T3-2  /T0-F0-1  /T6-F0-1  /R        /D:1      /W-F2-1   /T1-F2-1  /T1-F3-1  /T3-F2-1  
/T1-F2-1  /T3-F3-1  /T1-F3-1  /T3-F2-1  /T0-F3-1  /T1-F2-1  /T6-F3-1  /T0-F2-1  /T0-F3-1  /T6-F2-1  
/T0-F2-1  /D:1      /W-T2-1   /D:1      /W-F1-1   /T3-F1-1  /T1-F1-1  /T3-F0-1  /T1-F0-1  /T1-F3-1  
/T3-F1-1  /T3-F0-1  /T3-F3-1  /T1-F0-1  /T2-F3-1  /T0-T3-1  /T0-F0-1  /D:1      /W-F2-1   /D:1      
/W-F1-1   /T3-F1-1  /T1-F1-1  /T3-F2-1  
"
1020105,z#hI#vWN#OdkC#yXTrF#iPxpuU#DsSemGR#aElntKZqJjLAYQowgBcfHMbV,173.000000,4662.000000,52.000000,0.586538,1,"
minimal: 0 / states: 122 / duration: 0.000136s
history:
/T2-F3-1 /T6-T4-1 /T5-T1-1 /T6-T1-1 /T1-T2-3 /D:1     /W-F1-1  /D:2     /W-T0-1  /D:1     
/W-F2-1  /D:1     /W-T1-1  /D:1     /W-T0-1  /T2-T0-4 /T1-T2-2 /T6-T1-1 /D:2     /W-T4-1  
/D:3     /W-T1-1  /D:1     /W-F0-1  /D:3     /W-F2-1  /D:2     /W-T5-1  /T4-T5-3 /D:1     
/W-F0-1  /T3-F0-1 /T3-T1-1 /T3-T4-1 /T3-F3-1 /W-T1-1  /D:1     /W-T5-1  /D:1     /W-T0-1  
/T4-T0-2 /D:2     /W-T3-1  /D:1     /W-F1-1  /T5-F1-1 /T0-F1-1 /T6-F1-1 /T6-T2-1 /T6-T4-1 
/T6-F0-1 /T0-T2-1 /T0-F1-1 /D:1     /W-T1-1  /T5-T1-5 /T5-F2-1 /T1-F2-1 /T2-F2-1 /T4-F2-1 
/T1-T4-2 /T1-F1-1 /T4-T1-3 /T2-T0-1 /T2-F2-1 /T2-F1-1 /R       /D:1     /W-F0-1  /D:1     
/W-T6-1  /D:1     /W-T4-1  /D:1     /W-T5-1  /T2-T5-1 /D:1     /W-T3-1  /T5-T3-3 /T5-F3-1 
/T5-F1-1 /D:1     /W-F3-1  /T1-F3-1 /T0-F3-1 /T1-F0-1 /T0-F0-1 /T1-F3-1 /T0-F3-1 /T1-F2-1 
/T3-F2-1 /T1-F3-1 /T1-F2-1 /T3-F1-1 /T1-F1-1 /T4-T1-2 /T3-F2-1 /T4-F2-1 /T0-T3-3 /T0-F1-1 
/T0-F2-1 /T1-T6-3 /T1-F1-1 /D:1     /W-F0-1  /T3-F0-1 /T3-F3-1 /T6-F0-1 /T3-F0-1 /T6-F3-1 
/T3-F3-1 /T6-F0-1 /T3-F0-1 /T6-F3-1 
"
1020117,i#Hu#Wth#JmxS#vLTce#lrVERI#DaPYogB#KsGjkdwpCzNXFnUZMOqAbQyf,144.500000,4656.000000,54.000000,0.561224,1,"
minimal: 0 / states: 130 / duration: 0.000132s
history:
/T2-T5-1 /T3-T2-1 /T1-T0-1 /T2-T5-2 /T5-T2-4 /T2-T3-5 /D:10    /W-T2-1  /D:1     /W-F3-1  
/D:3     /W-F2-1  /D:4     /W-F3-1  /D:1     /W-T4-1  /D:1     /W-F0-1  /T6-F0-1 /T6-T0-1 
/T6-F2-1 /T6-T2-1 /T6-F3-1 /T6-F1-1 /T3-T2-6 /T6-T5-1 /T3-T6-1 /T0-T3-3 /W-T0-1  /D:1     
/W-F1-1  /D:1     /W-F3-1  /D:1     /W-T6-1  /D:1     /R       /D:2     /W-T3-1  /T4-T3-2 
/T4-F1-1 /T4-T1-1 /D:3     /W-T4-1  /T3-T4-7 /D:1     /W-F1-1  /D:2     /W-F2-1  /T4-F2-1 
/T5-T4-1 /T5-F3-1 /T5-T2-1 /T1-T5-2 /D:1     /W-F0-1  /T4-F0-1 /T2-F0-1 /T4-F1-1 /T2-F3-1 
/T5-F3-1 /D:1     /W-T6-1  /W-T6-1  /T5-T6-2 /T5-F2-1 /T4-F2-1 /T2-F2-1 /T4-T6-1 /T4-F2-1 
/T5-T0-1 /D:1     /W-F0-1  /D:1     /W-F3-1  /T6-T4-2 /T6-F3-1 /D:1     /W-T1-1  /T4-T1-6 
/T4-F2-1 /T6-F2-1 /D:1     /W-F1-1  /T1-F1-1 /T2-F1-1 /R       /D:1     /W-T0-1  /T2-T0-2 
/T2-F2-1 /D:1     /W-F0-1  /T1-F0-1 /T0-F0-1 /T0-F3-1 /T1-F1-1 /T1-F0-1 /T6-F3-1 /T0-F0-1 
/T2-F3-1 /T6-F2-1 /T2-F2-1 /T1-T6-2 /T1-F3-1 /D:1     /W-F1-1  /T6-F1-1 /T0-F1-1 /T6-F0-1 
/T0-F0-1 /T6-F1-1 
"
1020193,Y#oc#PtZ#qkps#zECbw#xvTQXG#fyeShRL#jnNBMlDiFOdIamrKuUVAJHgW,153.500000,1468.000000,54.000000,0.544444,1,"
minimal: 0 / states: 126 / duration: 0.000135s
history:
/T6-T2-1 /T6-T3-1 /T5-T6-1 /T4-T5-1 /T5-T2-2 /D:2     /W-F2-1  /D:1     /W-F3-1  /D:1     
/W-T1-1  /D:3     /W-T3-1  /T1-T3-2 /T1-F2-1 /T2-T1-4 /D:1     /W-T1-1  /D:2     /W-F3-1  
/D:3     /W-F1-1  /T4-F1-1 /T4-T5-1 /T5-T4-2 /T3-T5-5 /T3-F2-1 /D:3     /W-T0-1  /D:1     
/W-T1-1  /T5-T1-6 /T6-T5-2 /T6-T2-1 /T4-T2-3 /T0-T4-2 /D:3     /W-F0-1  /T1-F0-1 /T1-F1-1 
/T2-F0-1 /T1-F0-1 /D:1     /W-T3-1  /W-T3-1  /D:1     /W-T3-1  /D:1     /W-T3-1  /D:1     
/W-T4-1  /T5-T4-3 /R       /D:1     /W-T5-1  /D:1     /W-T0-1  /D:1     /W-T0-1  /T5-T0-2 
/D:1     /W-T3-1  /T6-T3-1 /T3-T6-7 /T3-F2-1 /D:1     /W-F1-1  /T6-F1-1 /D:1     /W-T0-1  
/D:1     /W-T3-1  /T6-T3-7 /T6-F1-1 /D:1     /W-F2-1  /T1-T3-1 /T1-F2-1 /T2-T4-3 /T2-F2-1 
/T2-F3-1 /T4-F3-1 /T3-F3-1 /T4-F0-1 /T3-F0-1 /T3-F1-1 /T4-F3-1 /T1-F3-1 /T1-F2-1 /T4-F0-1 
/T3-F0-1 /T4-F1-1 /T1-F1-1 /T0-F0-1 /T0-F1-1 /T4-F2-1 /T1-F2-1 /T0-F2-1 /T3-T1-2 /T3-F1-1 
/T0-F1-1 /T3-F2-1 /T3-F1-1 /T4-T0-3 /T4-F2-1 /D:1     /W-F3-1  /T1-F3-1 /T0-F3-1 /T1-F0-1 
/T0-F0-1 /T1-F3-1 /T0-F3-1 /T1-F0-1 /T0-F0-1 /T1-F3-1 
"
1020250,N#QA#Tvb#RmDW#zXuOk#IlSUis#nHrcLBC#etYgfpZoaqEKyMGFPjxdJVwh,149.000000,1982.000000,47.000000,0.651042,1,"
minimal: 0 / states: 123 / duration: 0.000122s
history:
/T0-F3-1 /T1-F0-1 /T6-T1-1 /T6-F0-1 /T4-T6-1 /T4-F3-1 /T2-T1-1 /T2-T3-1 /T5-T2-1 /T4-T5-1 
/T2-T5-2 /D:1     /W-T5-1  /D:6     /W-T0-1  /T6-T0-2 /D:1     /W-T6-1  /D:1     /W-F1-1  
/T1-F1-1 /T1-F0-1 /W-T1-1  /D:1     /W-T5-1  /T6-T5-2 /T1-T6-2 /D:4     /W-T1-1  /D:3     
/W-F3-1  /D:4     /W-T0-1  /T5-T0-8 /T5-T3-1 /T6-T5-3 /D:2     /W-T4-1  /W-T4-1  /T6-T4-1 
/T6-F2-1 /T0-F2-1 /T0-F1-1 /T5-F2-1 /T0-F2-1 /T5-F3-1 /W-F1-1  /T5-F2-1 /T0-F1-1 /T0-F2-1 
/D:1     /R       /D:1     /W-T3-1  /T5-T3-1 /T5-T1-1 /D:2     /W-T4-1  /D:1     /W-F1-1  
/T4-F1-1 /D:1     /W-T3-1  /D:1     /W-T1-1  /T3-T1-6 /T3-F0-1 /T1-F0-1 /T3-T2-1 /T3-F3-1 
/T1-F3-1 /T1-F2-1 /T0-F3-1 /T0-F2-1 /T1-F3-1 /T1-F2-1 /T4-T0-1 /T4-F3-1 /T1-F3-1 /T4-F2-1 
/T4-F3-1 /W-F3-1  /T0-T2-5 /T0-F3-1 /D:3     /W-F0-1  /W-F0-1  /T2-F0-1 /T5-F0-1 /D:1     
/W-T1-1  /D:1     /W-F2-1  /W-F2-1  /T4-F2-1 /D:1     /W-F1-1  /T2-F1-1 /T1-F1-1 /T2-F0-1 
/T1-F0-1 /T2-F1-1 /T1-F1-1 /T2-F0-1 /T1-F0-1 /T2-F1-1 
"
1020278,q#OB#PGE#HRax#KJkLi#wCnjmN#pdzWZTA#UbhYtgXuFfIylsDQecvSrMoV,111.000000,1191.000000,39.000000,0.680556,1,"
minimal: 0 / states: 121 / duration: 0.000113s
history:
/T5-F3-1 /T6-F0-1 /T1-F0-1 /T1-F3-1 /T5-T1-1 /T5-T3-1 /T5-F2-1 /T5-F0-1 /T4-T5-1 /T4-T1-1 
/T4-T1-1 /T4-T1-1 /D:8     /W-T5-1  /T6-T5-1 /D:1     /W-T5-1  /D:2     /W-T3-1  /D:1     
/W-T6-1  /D:3     /W-F0-1  /T2-F0-1 /T5-F0-1 /T2-F0-1 /T2-T0-1 /T6-T2-2 /T6-T4-1 /T0-F3-1 
/W-T5-1  /W-T6-1  /T3-T6-3 /T3-F1-1 /T3-T5-1 /T0-T5-1 /T6-T0-5 /T3-F0-1 /T0-F0-1 /T1-F0-1 
/T5-T1-7 /D:1     /W-F3-1  /D:2     /W-T1-1  /D:1     /W-T0-1  /D:3     /W-T3-1  /D:1     
/W-F2-1  /D:1     /R       /D:1     /W-T0-1  /D:1     /W-F1-1  /T1-F1-1 /T6-F1-1 /T6-F2-1 
/T1-F2-1 /T1-F3-1 /D:2     /W-T3-1  /T4-T3-2 /D:1     /W-T0-1  /D:2     /W-T2-1  /D:1     
/W-T0-1  /D:1     /W-F1-1  /T0-F1-1 /W-F1-1  /W-F1-1  /D:1     /W-F3-1  /D:1     /W-F2-1  
/T1-F2-1 /T0-F2-1 /T1-F3-1 /T0-F3-1 /T1-F2-1 /T0-F2-1 /T1-F1-1 /T0-F1-1 /T1-F2-1 /T1-F1-1 
/T0-F2-1 /T0-F1-1 /T2-T1-1 /T2-F2-1 /T0-F2-1 /T1-T2-2 /T1-F1-1 /D:1     /W-F3-1  /T3-F3-1 
/T2-F3-1 /T3-F0-1 /T2-F0-1 /T3-F3-1 /T2-F3-1 /T3-F0-1 
"
1020295,b#zx#GkY#qwJD#driCR#QUfFsX#IHuMmjA#EgpnBtKSNZlLohvTyaOWVPec,142.000000,2130.000000,48.000000,0.574713,1,"
minimal: 0 / states: 120 / duration: 0.000118s
history:
/T6-F0-1 /T6-T1-1 /T3-T4-1 /T3-T5-1 /T1-T2-2 /T2-T1-3 /T3-T2-1 /D:4     /W-F2-1  /D:1     
/W-F0-1  /D:4     /W-F3-1  /D:3     /W-T6-1  /T5-T6-2 /T4-T5-2 /T4-F0-1 /T4-T2-1 /T5-F0-1 
/T3-T5-1 /T6-T3-4 /W-T6-1  /D:1     /W-F2-1  /D:2     /W-T1-1  /W-T1-1  /D:3     /W-F1-1  
/T0-F1-1 /T6-T0-2 /T6-T2-1 /D:1     /W-F3-1  /D:2     /W-T3-1  /T6-T3-1 /D:1     /W-F3-1  
/D:2     /W-F1-1  /R       /D:1     /W-F0-1  /D:1     /W-T2-1  /T5-T2-3 /T5-F0-1 /T4-T5-1 
/T4-F1-1 /D:1     /W-F2-1  /T2-F2-1 /T5-F2-1 /D:1     /W-T1-1  /T5-T1-1 /T5-T6-1 /T5-F3-1 
/T2-F3-1 /T2-F2-1 /D:1     /W-T0-1  /D:1     /W-F3-1  /D:1     /W-T4-1  /D:1     /W-F3-1  
/T6-F3-1 /D:1     /W-T4-1  /T2-T4-5 /T2-F0-1 /T3-F0-1 /T3-F3-1 /T6-F0-1 /T3-F0-1 /T0-F0-1 
/D:1     /W-F3-1  /T3-F3-1 /T3-F0-1 /T1-T0-6 /T1-F3-1 /T0-T1-7 /T0-F0-1 /T4-T3-6 /T4-F3-1 
/D:1     /W-F1-1  /T1-F1-1 /T1-F2-1 /T3-F1-1 /T1-F1-1 /T3-F2-1 /T1-F2-1 /T3-F1-1 /T1-F1-1 
/T3-F2-1 /T1-F2-1 /T3-F1-1 /T1-F1-1 /T3-F2-1 /T1-F2-1 /T3-F1-1 
"
1020309,X#la#Unv#sAKu#kwomI#VyOjhM#bdHCPDB#WTSEztNifJQRepxLgFGrcZqY,143.000000,1384.000000,69.000000,0.532110,1,"
minimal: 0 / states: 140 / duration: 0.000150s
history:
/T1-F1-1 /T1-T5-1 /T5-T1-2 /T5-T2-1 /T4-T5-1 /D:2     /W-T3-1  /D:4     /W-T2-1  /D:1     
/W-F3-1  /D:2     /W-T2-1  /D:1     /W-T0-1  /W-T0-1  /T3-T0-2 /T5-T3-2 /T5-F3-1 /T3-T1-3 
/T3-F0-1 /T6-F0-1 /T5-T4-1 /T0-T4-5 /T4-T0-7 /T3-T0-1 /W-T3-1  /W-T2-1  /D:1     /W-T2-1  
/D:1     /W-T0-1  /T6-T0-1 /T6-F3-1 /T6-F0-1 /T6-T5-1 /F3-T0-1 /T4-T0-1 /T5-T4-2 /D:2     
/W-T2-1  /D:3     /W-T4-1  /D:1     /W-T4-1  /D:4     /W-T5-1  /D:2     /W-T3-1  /R       
/D:3     /W-T4-1  /D:1     /W-T3-1  /D:1     /W-T5-1  /D:4     /W-T4-1  /T0-T4-2 /T0-F0-1 
/R       /D:1     /W-T3-1  /T2-T3-7 /T2-F2-1 /T4-F2-1 /T4-F3-1 /T3-F2-1 /T3-F3-1 /T6-T3-1 
/T6-F1-1 /T0-F3-1 /T4-F2-1 /T2-T1-1 /D:1     /W-F3-1  /D:1     /W-T1-1  /D:1     /W-F2-1  
/T0-F2-1 /T0-F3-1 /T3-T1-3 /T3-F2-1 /T0-F2-1 /T1-T3-4 /T1-F3-1 /T4-T0-4 /T4-F3-1 /T3-T1-5 
/T3-F2-1 /T4-F2-1 /T3-F3-1 /T3-F2-1 /T0-T4-6 /T0-F3-1 /T0-F2-1 /T3-F3-1 /T3-F2-1 /T5-T0-1 
/T5-F3-1 /T4-T0-7 /D:1     /W-F1-1  /T1-F1-1 /T0-F1-1 /T1-F0-1 /T0-F0-1 /T1-F1-1 /T0-F1-1 
/T1-F0-1 /T0-F0-1 /T1-F1-1 /T0-F1-1 /T1-F0-1 /T0-F0-1 /T1-F1-1 /T0-F1-1 /T1-F0-1 /T0-F0-1 
/T1-F1-1 /T0-F1-1 /T1-F0-1 
"
1020317,C#Fg#jMt#KWUs#wvRpV#lmSQbN#hzTXAoP#iHuqnrkZDyEYecGOfIxaBdJL,96.000000,1891.000000,33.000000,0.725806,1,"
minimal: 0 / states: 122 / duration: 0.000127s
history:
/T5-F3-1 /T5-T0-1 /T3-T1-1 /T2-T3-1 /T0-T5-2 /T2-T0-1 /D:2     /W-T4-1  /T1-T4-2 /D:3     
/W-F2-1  /D:7     /W-T0-1  /D:1     /W-T1-1  /D:3     /W-F3-1  /T6-F3-1 /T6-F2-1 /T6-F0-1 
/D:1     /W-T3-1  /D:1     /W-T2-1  /T3-T2-3 /D:1     /W-T0-1  /T3-T0-1 /T2-T3-5 /D:1     
/W-F1-1  /T5-F1-1 /D:1     /W-F0-1  /T5-F0-1 /T5-F3-1 /D:2     /W-T6-1  /T4-T6-4 /T4-F2-1 
/T4-F3-1 /T5-F3-1 /T4-T0-1 /T5-T2-1 /T3-T5-6 /D:1     /W-T2-1  /T6-T2-6 /T6-F3-1 /T6-T3-1 
/T5-T6-2 /T5-F3-1 /T5-T3-4 /T6-T0-3 /R       /D:1     /W-T4-1  /T2-T4-3 /T2-F3-1 /D:2     
/W-F2-1  /D:1     /W-F2-1  /T4-F2-1 /T1-T4-2 /D:2     /W-T1-1  /D:1     /W-F0-1  /D:1     
/W-T1-1  /W-T1-1  /T4-T1-6 /D:1     /W-F0-1  /D:1     /W-F1-1  /D:2     /W-F1-1  /T1-F1-1 
/T0-F1-1 /T0-F2-1 /T1-F0-1 /T1-F1-1 /W-F0-1  /T0-F1-1 /T1-F0-1 /T3-F0-1 /W-F2-1  /T0-F2-1 
/T0-F3-1 /T1-F1-1 /T1-F2-1 /T2-F0-1 /T2-F3-1 /T3-F1-1 /T0-F2-1 /T1-F1-1 /T1-F2-1 /T3-F0-1 
/T0-F3-1 /T2-F0-1 /T1-F3-1 /T3-F1-1 /T0-F0-1 /T2-F1-1 /T3-F2-1 
"
1020389,l#Jm#pyf#aiZN#gcKzO#PTxEhL#ISDBuQH#tGoFwqRXVbjrsUvkMCYeAndW,128.500000,1815.000000,56.000000,0.532609,1,"
minimal: 0 / states: 129 / duration: 0.000132s
history:
/T3-F3-1 /T4-F3-1 /T5-T1-1 /T0-T4-1 /T4-T0-2 /T4-T0-1 /D:1     /W-T5-1  /T2-T5-1 /T2-T3-1 
/D:2     /W-T4-1  /D:5     /W-T1-1  /D:2     /W-T2-1  /D:1     /W-T0-1  /D:1     /W-T5-1  
/D:3     /W-T0-1  /T5-T0-4 /D:1     /W-T3-1  /D:5     /W-F0-1  /D:1     /W-F2-1  /T4-F2-1 
/D:1     /W-T0-1  /T2-T0-2 /T3-T2-3 /T6-T3-1 /T6-T5-1 /D:1     /R       /D:3     /W-T1-1  
/T3-T1-2 /T3-F1-1 /T0-F1-1 /T0-F2-1 /T4-F1-1 /T1-T3-6 /T0-F1-1 /W-T4-1  /T1-T2-1 /T4-T3-2 
/D:1     /W-F2-1  /T0-F2-1 /T5-T0-2 /D:1     /W-T3-1  /D:1     /W-T2-1  /T6-T2-1 /T6-F0-1 
/T6-T3-1 /D:1     /W-F2-1  /D:2     /W-T1-1  /D:1     /W-F0-1  /T3-F0-1 /D:1     /W-T1-1  
/T5-T1-1 /T5-T2-1 /T5-F3-1 /T0-F3-1 /T0-F0-1 /T3-F3-1 /T6-F3-1 /T2-F3-1 /T3-F0-1 /W-F3-1  
/W-F0-1  /T3-T2-1 /T3-F0-1 /T6-F0-1 /T2-T3-2 /T2-F3-1 /T2-F0-1 /T0-T1-5 /T0-F0-1 /D:1     
/W-F1-1  /T1-F1-1 /T1-F2-1 /T3-F1-1 /T1-F1-1 /T3-F2-1 /T1-F2-1 /T3-F1-1 /T1-F1-1 /T3-F2-1 
/T2-F1-1 /T0-F1-1 /T1-F2-1 /T2-F2-1 /T0-F2-1 /T3-T2-2 /T3-F1-1 /D:1     /W-F3-1  /T2-F3-1 
/T1-F3-1 /T2-F0-1 /T1-F0-1 /T2-F3-1 
"
1020408,o#fZ#QIe#Mpns#hUvmD#VwGxzC#PljduOy#EBkRrAHKXLiYTSJFNtWqcbag,109.000000,1108.000000,52.000000,0.592391,1,"
minimal: 0 / states: 125 / duration: 0.000130s
history:
/T6-T1-1 /T6-T5-1 /T4-T2-1 /T2-T3-2 /D:3     /W-T1-1  /D:3     /W-F0-1  /D:4     /W-T4-1  
/W-T4-1  /D:3     /W-T6-1  /T3-T6-3 /T3-F2-1 /T0-F2-1 /T3-F2-1 /T4-T0-3 /W-T3-1  /D:2     
/W-T0-1  /D:2     /W-F3-1  /T5-F3-1 /D:3     /W-F2-1  /D:1     /W-T6-1  /D:1     /W-T5-1  
/D:1     /W-F1-1  /T5-F1-1 /T6-F1-1 /D:1     /R       /D:2     /W-F0-1  /T5-F0-1 /T6-F0-1 
/W-F0-1  /D:2     /W-F2-1  /D:2     /W-T3-1  /D:1     /W-T0-1  /T6-T0-4 /T6-F1-1 /T0-F1-1 
/T4-T6-1 /T6-T3-2 /T4-T2-1 /T6-T5-1 /T6-F3-1 /T5-T6-2 /T5-T6-1 /T5-T2-1 /T5-T1-1 /T4-T3-1 
/T1-T4-4 /T1-F1-1 /T0-F2-1 /W-T5-1  /T5-T4-2 /D:1     /W-T2-1  /D:1     /W-F0-1  /D:1     
/W-F2-1  /T0-T4-1 /T0-F2-1 /D:1     /W-T6-1  /T2-T6-4 /T2-F3-1 /W-F3-1  /T6-F3-1 /T4-F3-1 
/T6-F0-1 /T6-F3-1 /T4-F0-1 /T4-F3-1 /T6-F0-1 /T6-F3-1 /T0-T4-1 /T0-F0-1 /T0-F3-1 /T3-T6-3 
/T3-F0-1 /T0-F0-1 /T3-F3-1 /T3-F0-1 /T4-T0-4 /T4-F3-1 /D:1     /W-F1-1  /T6-F1-1 /T0-F1-1 
/T6-F2-1 /T0-F2-1 /T6-F1-1 /T0-F1-1 /T6-F2-1 /T0-F2-1 /T6-F1-1 /T0-F1-1 /T6-F2-1 
"
1020431,a#eY#tzH#Jjfl#LWidC#hVUrPn#posXcBm#OwbvugFQAEGkIyqDKRZTNMSx,141.000000,2037.000000,54.000000,0.563830,1,"
minimal: 0 / states: 128 / duration: 0.000136s
history:
/T0-F1-1 /T5-F2-1 /T6-T0-1 /T6-T5-1 /D:1     /W-T4-1  /D:2     /W-F1-1  /T6-F1-1 /W-T6-1  
/D:3     /W-T2-1  /D:1     /W-T2-1  /D:2     /W-F0-1  /T5-F0-1 /D:5     /W-T0-1  /T6-T0-2 
/D:3     /W-T1-1  /D:1     /W-T2-1  /W-T2-1  /T5-T2-1 /D:3     /W-F3-1  /T4-F3-1 /T4-F0-1 
/T4-F1-1 /T2-T4-6 /T3-T2-1 /T5-T3-1 /T4-T0-7 /T4-T1-1 /T0-F3-1 /T0-F0-1 /D:3     /W-T2-1  
/R       /D:1     /W-T1-1  /T5-T1-1 /D:1     /W-T5-1  /D:1     /W-F3-1  /T0-F3-1 /D:1     
/W-F0-1  /T0-F0-1 /T6-T0-1 /T6-F2-1 /T6-F2-1 /T2-T6-3 /T3-T2-2 /T3-T6-1 /T5-T3-2 /T2-T1-3 
/D:1     /W-F0-1  /T0-T3-2 /T0-F0-1 /D:1     /W-T4-1  /T3-T4-5 /D:1     /W-F0-1  /D:1     
/W-F2-1  /T1-F2-1 /T4-F2-1 /D:1     /W-T2-1  /T4-T2-6 /D:2     /W-T3-1  /T1-T3-7 /T1-F1-1 
/T3-F1-1 /T2-F1-1 /T3-F2-1 /T5-F1-1 /T0-F1-1 /T2-F2-1 /T6-F1-1 /T2-T0-1 /T2-F0-1 /T2-F1-1 
/T3-T6-3 /T3-F0-1 /T2-F0-1 /T6-T3-4 /T6-F1-1 /T0-T2-4 /T0-F1-1 /T3-T6-5 /T3-F0-1 /D:1     
/W-F3-1  /W-F3-1  /T6-F3-1 /T2-F3-1 /T6-F2-1 /T2-F2-1 /T6-F3-1 /T2-F3-1 /T6-F2-1 /T2-F2-1 
/T6-F3-1 /T2-F3-1 /T6-F2-1 
"
1020465,r#Ip#hak#JUlH#TvcCO#bDVodS#iQeEAzG#sFKZPNfnjwLBXMuymxWqRtYg,144.500000,1740.000000,42.000000,0.644444,1,"
minimal: 0 / states: 120 / duration: 0.000119s
history:
/T5-T6-1 /T4-T1-1 /T5-T0-1 /T4-T0-1 /T5-T4-1 /T3-T5-1 /T0-T6-3 /D:3     /W-T3-1  /D:1     
/W-T0-1  /D:2     /W-F3-1  /T1-F3-1 /W-F3-1  /D:2     /W-F2-1  /T4-F2-1 /T1-F2-1 /D:1     
/W-T3-1  /T1-T3-1 /D:1     /W-T2-1  /T5-T2-2 /T4-T5-1 /D:1     /W-T0-1  /T2-T0-4 /T2-F1-1 
/T6-T2-5 /T6-T1-1 /T6-F0-1 /T3-T1-4 /T3-T1-1 /T2-T4-6 /D:1     /W-F0-1  /T4-F0-1 /D:2     
/W-T2-1  /D:6     /W-F2-1  /T4-T6-1 /T4-F2-1 /T6-T4-2 /T5-T6-2 /T5-F1-1 /T6-F1-1 /T4-F1-1 
/T6-F0-1 /T6-F1-1 /T6-F3-1 /T4-F0-1 /T6-T3-1 /D:1     /W-F3-1  /T4-F3-1 /D:1     /W-T1-1  
/D:1     /W-T2-1  /D:1     /W-T0-1  /R       /D:1     /W-F2-1  /T1-F2-1 /D:1     /W-F0-1  
/T4-F0-1 /D:1     /W-F1-1  /T0-F1-1 /T4-F1-1 /T0-F0-1 /T3-F1-1 /T1-T4-1 /T1-F0-1 /T4-T1-2 
/T4-F3-1 /T1-F3-1 /T0-F3-1 /T3-F0-1 /D:2     /W-F2-1  /T1-F2-1 /T0-F2-1 /T1-F1-1 /T0-F1-1 
/T1-F0-1 /T0-F0-1 /T1-F1-1 /T2-T1-1 /T2-F0-1 /D:1     /W-T0-1  /W-T0-1  /D:1     /W-F1-1  
/D:1     /W-F2-1  /D:1     /W-F3-1  /T0-F3-1 /T0-F2-1 /T1-F3-1 /T0-F3-1 /T1-F2-1 
"
1020467,Q#ns#ybS#NRTE#XKpFi#Zjgrmf#wIhPOlM#JeYHABudkCczLaoUVWqvGDtx,112.500000,2666.000000,57.000000,0.567708,1,"
minimal: 0 / states: 136 / duration: 0.000143s
history:
/T3-T2-1  /T1-T3-1  /T1-F2-1  /T6-T1-1  /T6-T1-1  /T0-T2-1  /D:2      /W-T3-1   /D:2      /W-T4-1   
/T3-T4-3  /D:1      /W-F0-1   /D:1      /W-F0-1   /D:4      /W-T2-1   /T6-T2-1  /D:2      /W-T0-1   
/D:2      /W-F1-1   /D:1      /W-F2-1   /D:4      /W-T3-1   /T6-T3-1  /D:2      /W-T6-1   /T5-T6-1  
/D:1      /W-T4-1   /D:2      /W-T1-1   /R        /D:2      /W-T0-1   /D:4      /W-T4-1   /D:1      
/W-T5-1   /W-T5-1   /D:3      /W-T1-1   /D:1      /W-T1-1   /T6-T1-3  /D:1      /R        /D:1      
/W-T5-1   /T4-T5-7  /T3-T4-3  /T3-F3-1  /T2-F3-1  /T4-F3-1  /T5-T3-11 /T5-T1-1  /T4-T5-3  /T4-F2-1  
/T4-T0-1  /T2-F0-1  /T2-F3-1  /T5-F2-1  /T1-F2-1  /T5-F3-1  /T2-T1-1  /T2-F3-1  /T2-F1-1  /T3-F1-1  
/T3-F0-1  /T1-F0-1  /T5-F0-1  /T3-T5-2  /T3-F3-1  /T5-T3-3  /T5-T0-1  /T6-T0-1  /T2-T5-1  /T4-T5-1  
/T6-T5-1  /D:2      /W-F1-1   /T3-F1-1  /T1-F1-1  /T1-F0-1  /T3-F2-1  /T3-F1-1  /T3-F0-1  /T0-F0-1  
/T1-F1-1  /T3-F1-1  /T0-F1-1  /T3-F0-1  /T0-F0-1  /T3-F1-1  /T3-F0-1  /T1-T0-3  /T1-F1-1  /T1-F0-1  
/T3-F1-1  /D:1      /W-F3-1   /D:1      /W-F3-1   /D:1      /W-F2-1   /W-F2-1   /T0-F2-1  /T0-F3-1  
/T5-F2-1  /T0-F2-1  /T5-F3-1  /T0-F3-1  /T5-F2-1  /T0-F2-1  /T5-F3-1  
"
1020470,k#Ta#rqu#gwLN#VcUCt#oKfsSM#zIRDBPd#OpxHEWlYAnjbZQJeFyhXvimG,121.500000,1752.000000,40.000000,0.735632,1,"
minimal: 0 / states: 117 / duration: 0.000115s
history:
/T1-F1-1 /T3-F3-1 /T0-T3-1 /T5-T0-1 /T5-T4-1 /T5-T1-1 /T1-T2-2 /D:1     /W-F3-1  /D:1     
/W-T6-1  /D:3     /W-T4-1  /T6-T4-2 /T6-F3-1 /D:2     /W-T0-1  /D:2     /W-F0-1  /T6-F0-1 
/D:1     /W-F2-1  /D:2     /W-F1-1  /D:1     /W-T1-1  /T3-T1-2 /T3-T1-1 /D:1     /W-F3-1  
/D:2     /W-T2-1  /T6-T2-1 /T6-F3-1 /T4-T5-3 /T4-F3-1 /T5-T4-4 /T5-T0-1 /T5-F2-1 /T4-F2-1 
/T2-T3-3 /T2-F3-1 /T3-T2-4 /D:3     /W-T6-1  /T4-T6-4 /T4-F0-1 /T4-F3-1 /T4-F1-1 /T2-F0-1 
/T6-F1-1 /T6-F0-1 /T2-T4-4 /T2-F2-1 /T2-F2-1 /T4-F1-1 /T4-F2-1 /T6-F1-1 /T6-F2-1 /T4-F1-1 
/T4-F2-1 /T4-F3-1 /T6-F1-1 /D:2     /W-F2-1  /T1-F2-1 /D:1     /W-F1-1  /D:1     /W-T2-1  
/D:1     /R       /D:1     /W-F2-1  /D:2     /W-T0-1  /T6-T0-1 /D:1     /W-T6-1  /D:1     
/W-F1-1  /T1-F1-1 /T0-T6-3 /T0-F1-1 /T2-F1-1 /D:2     /W-F0-1  /D:1     /W-F2-1  /T6-T0-4 
/T6-F2-1 /D:1     /W-T1-1  /W-T1-1  /D:1     /W-F0-1  /W-F0-1  /T0-F0-1 /T0-F3-1 /T1-F0-1 
/T0-F0-1 /T1-F3-1 /T0-F3-1 /T1-F0-1 /T0-F0-1 /T1-F3-1 
"
1020491,H#FB#Dvj#AVwI#pdLYn#sUthci#XPCzrSe#RMmolgxOEGNQKWyqZTkJbufa,125.000000,1571.000000,61.000000,0.543689,1,"
minimal: 0 / states: 130 / duration: 0.000145s
history:
/T4-F2-1 /T3-T2-1 /T5-T3-1 /T1-T5-1 /T6-T1-1 /T0-T3-1 /D:2     /W-T0-1  /T4-T0-1 /D:2     
/W-F2-1  /D:2     /W-T3-1  /T1-T3-2 /D:1     /W-T0-1  /T2-T0-2 /D:2     /W-T6-1  /D:2     
/W-F3-1  /D:1     /W-T6-1  /D:4     /W-T3-1  /T5-T3-2 /T5-T0-1 /T6-T5-3 /T5-T0-4 /T5-T2-1 
/D:1     /W-T1-1  /T4-T1-1 /T4-T6-1 /T4-F2-1 /D:2     /W-T1-1  /T3-T1-9 /D:3     /W-T3-1  
/D:2     /W-F1-1  /R       /D:1     /W-T5-1  /D:1     /W-T4-1  /D:2     /W-F3-1  /D:1     
/W-T2-1  /D:3     /W-T4-1  /D:1     /W-T3-1  /T5-T3-2 /D:2     /W-F1-1  /D:1     /W-T2-1  
/T6-T2-2 /T6-T5-1 /T6-T0-1 /T6-F3-1 /W-T6-1  /T3-T6-5 /T3-F0-1 /T1-F0-1 /T0-F0-1 /T0-F3-1 
/T1-F1-1 /T1-F2-1 /T2-F1-1 /T2-F2-1 /T1-F1-1 /T2-F1-1 /T6-F3-1 /T6-F2-1 /T0-T2-2 /T0-F2-1 
/T1-T6-1 /T1-F1-1 /T0-F1-1 /T6-T1-2 /T6-F2-1 /T2-T0-4 /T2-F2-1 /T2-F0-1 /T0-F0-1 /T0-F3-1 
/T1-F0-1 /T0-F0-1 /T1-F3-1 /T0-F3-1 /T1-F0-1 /T0-F0-1 /T1-F1-1 /T0-F1-1 /T6-F3-1 /T1-F2-1 
/T6-F0-1 /T1-F1-1 /W-F3-1  /T0-F2-1 /T6-F3-1 /T4-F2-1 /W-F0-1  /T0-F3-1 /T1-F0-1 /T1-F3-1 
/W-F1-1  /T0-F0-1 /T4-F1-1 /T5-F2-1 
"
1020495,V#KY#mvN#xRro#EyDOa#WngtUu#klBGcIj#pXhSFzZMeqAwHsibfJdCQPTL,55.500000,173.000000,18.000000,1.062500,1,"
minimal: 0 / states: 115 / duration: 0.000118s
history:
/T2-F3-1 /T4-F1-1 /T4-F3-1 /T5-T0-1 /T5-T2-1 /T5-T2-1 /T5-T0-1 /T5-F2-1 /T3-F2-1 /T2-T5-3 
/D:1     /W-F2-1  /D:3     /W-T5-1  /T3-T5-1 /T4-T3-1 /T4-T2-1 /D:1     /W-T0-1  /T3-T0-2 
/T6-T3-1 /T6-T3-1 /T6-T0-1 /W-T3-1  /T6-T3-1 /T6-T0-1 /W-T2-1  /T3-T1-5 /D:1     /W-T3-1  
/T1-T3-6 /T1-T6-1 /T5-T6-6 /D:1     /W-T1-1  /D:1     /W-T5-1  /T6-T5-8 /D:2     /W-F2-1  
/T5-F2-1 /T4-T5-1 /D:1     /W-F0-1  /T0-F0-1 /D:1     /W-T2-1  /T0-T2-7 /D:2     /W-F2-1  
/T5-T3-2 /T5-F2-1 /D:2     /W-F1-1  /T2-F1-1 /D:2     /W-T6-1  /D:1     /W-F1-1  /D:1     
/W-F0-1  /T2-F0-1 /T3-F0-1 /D:2     /W-F3-1  /W-F3-1  /T2-F3-1 /T3-F3-1 /T2-F0-1 /T3-F0-1 
/D:1     /W-F3-1  /T5-F3-1 /D:1     /W-T1-1  /T6-T1-2 /R       /D:1     /W-F1-1  /D:1     
/W-F0-1  /T3-T5-1 /T3-F0-1 /T1-F0-1 /D:2     /W-F1-1  /T2-F1-1 /T2-F2-1 /T2-F3-1 /T5-F1-1 
/T5-F2-1 /T5-F3-1 /W-F1-1  /T2-F2-1 /T2-F3-1 /T3-F1-1 /T1-F1-1 /T3-F2-1 /T2-F2-1 /T5-F0-1 
/T1-F0-1 /T3-F3-1 /T1-F3-1 /T5-F1-1 /T2-F1-1 /T3-F2-1 /T5-F0-1 
"
1020521,H#cv#bDk#Sern#guiRB#jVQFpP#tEwxCqG#hUKYsTIoZyzaMlNLdJfmOWAX,141.000000,1065.000000,55.000000,0.572165,1,"
minimal: 0 / states: 124 / duration: 0.000141s
history:
/T3-F2-1 /T4-T5-1 /D:1     /W-T1-1  /T6-T1-1 /T5-T6-2 /T6-T4-3 /D:5     /W-T0-1  /W-T0-1  
/T4-T0-4 /T0-T4-7 /D:2     /W-F2-1  /T5-F2-1 /D:1     /W-T0-1  /D:1     /W-T0-1  /T2-T0-1 
/T4-T2-2 /T4-F2-1 /T3-F2-1 /T2-T3-3 /T3-T5-4 /T2-T6-1 /T3-T1-1 /D:1     /W-T2-1  /D:1     
/W-F1-1  /T6-F1-1 /D:1     /W-T3-1  /D:1     /W-T2-1  /D:1     /W-F3-1  /D:3     /W-T0-1  
/T4-T0-5 /D:3     /W-F3-1  /D:2     /W-F0-1  /T5-F0-1 /T5-F3-1 /T6-F0-1 /T6-T2-1 /W-T2-1  
/T1-T2-4 /T1-F1-1 /T5-F0-1 /W-T1-1  /D:1     /R       /D:3     /W-T3-1  /W-T3-1  /D:2     
/W-T1-1  /D:1     /W-F1-1  /T5-F1-1 /T0-T5-1 /T0-F2-1 /T5-T0-2 /T5-F3-1 /T0-F3-1 /T4-T5-1 
/T5-T6-2 /T2-F3-1 /T0-T4-1 /T0-F3-1 /W-T5-1  /W-F3-1  /T4-T0-2 /T5-T3-2 /D:1     /W-F1-1  
/D:1     /W-T1-1  /T6-T1-3 /T6-F0-1 /T0-F0-1 /T0-F1-1 /T2-F0-1 /T0-F0-1 /T6-F2-1 /T1-F2-1 
/T1-F3-1 /T2-F1-1 /T0-F1-1 /T2-F2-1 /T1-F2-1 /T3-F0-1 /T0-F0-1 /T2-F3-1 /T1-F3-1 /T3-F1-1 
/T0-F1-1 /T2-F2-1 /T0-F2-1 /T3-F0-1 /T1-F0-1 /T2-F1-1 /T1-F1-1 /T3-F3-1 /T0-F3-1 /T2-F2-1 
/T3-F0-1 
"
1020528,g#nK#XWz#aHON#QjhPu#cFikmA#xYMwdUv#pZeITSoBErbyLJlGqsVftCRD,129.000000,1696.000000,53.000000,0.781250,1,"
minimal: 0 / states: 118 / duration: 0.000129s
history:
/T3-F3-1 /T3-F3-1 /T5-F0-1 /T0-T3-1 /T5-T0-1 /D:5     /W-T4-1  /D:3     /W-F0-1  /D:4     
/W-T0-1  /T5-T0-1 /T4-T5-2 /T4-F3-1 /T4-T6-1 /T6-T4-2 /T4-T1-3 /T4-F3-1 /T2-T4-1 /D:2     
/W-T0-1  /T5-T0-3 /T5-T0-1 /D:1     /W-T4-1  /T1-T4-4 /T1-F2-1 /D:1     /W-T4-1  /D:2     
/W-T3-1  /D:2     /W-T4-1  /D:1     /W-T6-1  /D:1     /W-F0-1  /D:1     /W-F3-1  /D:1     
/W-F0-1  /R       /D:2     /W-T1-1  /D:1     /W-T0-1  /D:1     /W-T2-1  /T6-T2-2 /W-T6-1  
/D:1     /W-F3-1  /D:1     /W-F2-1  /T6-F2-1 /D:1     /W-T4-1  /T6-T4-1 /D:3     /W-T1-1  
/D:1     /W-F2-1  /D:1     /W-T6-1  /T3-T6-3 /T3-F1-1 /W-F1-1  /T5-F1-1 /T4-F1-1 /T0-F1-1 
/T4-F0-1 /T0-F0-1 /W-F2-1  /T4-F1-1 /T4-F0-1 /T6-F2-1 /T0-F3-1 /T2-F2-1 /T2-F3-1 /T6-F1-1 
/T0-F2-1 /T4-F1-1 /T4-F2-1 /T6-F0-1 /T0-F1-1 /T2-F0-1 /T4-F1-1 /T6-F3-1 /T0-F0-1 /T2-F3-1 
/T4-F0-1 /T6-F2-1 /T0-F1-1 /T2-F3-1 /T1-F0-1 /T6-F0-1 /T6-F3-1 /T6-F2-1 /T0-F2-1 /T1-F3-1 
/T4-F1-1 /T0-F1-1 /T4-F2-1 
"
1020537,R#FM#iQe#JfuB#hzVmK#rkWCqL#XToPcIl#gxnYywUsEjSGNDavOHZdbtpA,125.000000,997.000000,41.000000,0.630682,1,"
minimal: 0 / states: 115 / duration: 0.000133s
history:
/T6-T1-1 /T4-T1-1 /T5-T4-1 /T5-T0-1 /D:3     /W-F2-1  /D:4     /W-T6-1  /D:3     /W-T1-1  
/T6-T1-2 /T6-T0-1 /T3-T0-1 /D:2     /W-T1-1  /W-T1-1  /W-T1-1  /D:1     /W-F3-1  /D:1     
/W-T2-1  /T6-T2-1 /T6-F2-1 /T6-T3-1 /T6-T4-1 /T4-T6-3 /T3-T4-2 /W-T4-1  /T2-T4-3 /T5-T2-1 
/T2-T1-2 /W-T6-1  /T4-T6-7 /D:1     /W-F1-1  /D:1     /W-T5-1  /D:1     /W-F3-1  /T6-F3-1 
/D:1     /W-T2-1  /D:3     /W-F1-1  /D:2     /W-F2-1  /T0-T6-2 /T0-F2-1 /D:1     /W-F0-1  
/T6-F0-1 /T1-F0-1 /T1-F3-1 /T6-F1-1 /T6-F0-1 /T0-F3-1 /T1-T0-9 /T0-F0-1 /T0-F3-1 /T3-T0-1 
/T2-T3-2 /T4-T2-1 /T1-F0-1 /W-T4-1  /W-F1-1  /T6-F1-1 /T0-F1-1 /T0-F0-1 /T3-F0-1 /T0-T5-1 
/T0-F0-1 /W-T1-1  /W-T1-1  /W-T2-1  /W-T2-1  /T5-T2-3 /T5-T1-1 /T5-F2-1 /T6-F2-1 /T4-F2-1 
/T6-F3-1 /T2-F3-1 /W-F1-1  /T4-F1-1 /T6-F2-1 /T2-F2-1 /T3-F1-1 /T0-F1-1 /T6-F3-1 /T2-F3-1 
/T3-F0-1 /T0-F0-1 /T6-F2-1 /T1-F1-1 /T2-F2-1 /T0-F1-1 /T6-F3-1 /T1-F2-1 /T2-F3-1 /T2-F2-1 
/T6-F0-1 /T0-F0-1 /T1-F3-1 /T6-F1-1 
"
1020557,L#AR#OuY#FBzN#PHcUk#dWopTx#VZGCiDr#nMhJvtXKeljgybmswSIEfQaq,126.000000,2782.000000,45.000000,0.634831,1,"
minimal: 0 / states: 127 / duration: 0.000135s
history:
/T3-F3-1 /T5-T2-1 /T4-T0-1 /T2-T3-2 /T5-T2-1 /D:1     /W-F2-1  /D:3     /W-T0-1  /D:2     
/W-T4-1  /D:5     /W-T3-1  /D:3     /W-T5-1  /D:2     /W-T2-1  /T1-T2-1 /T1-F0-1 /T3-T1-4 
/T3-F0-1 /D:2     /W-T4-1  /T6-T4-1 /T6-T2-1 /T6-T0-1 /T6-F0-1 /T2-T0-5 /T2-F3-1 /T0-F0-1 
/D:1     /W-T1-1  /T4-T1-4 /F0-T0-1 /T4-T0-1 /D:2     /W-T6-1  /W-T6-1  /D:1     /W-T1-1  
/T5-T1-2 /T5-F2-1 /D:1     /W-F1-1  /T1-F1-1 /T0-F1-1 /T1-F2-1 /T0-F0-1 /T6-F0-1 /T3-F0-1 
/D:1     /W-F2-1  /R       /D:1     /W-T2-1  /D:2     /W-T5-1  /W-T5-1  /T6-T5-2 /T6-T3-1 
/T4-T6-1 /T4-F3-1 /T1-F3-1 /T0-F3-1 /T1-F2-1 /T1-F3-1 /T0-F2-1 /T0-F3-1 /T1-F2-1 /T0-F2-1 
/T1-F3-1 /T5-T1-3 /T5-F2-1 /T6-T0-1 /T6-F3-1 /T5-F3-1 /T5-F1-1 /T0-T3-5 /D:1     /W-F3-1  
/D:2     /W-F1-1  /T1-F1-1 /T1-F0-1 /T3-F0-1 /D:1     /W-T2-1  /T1-T2-4 /T1-F3-1 /D:1     
/W-F1-1  /T2-F1-1 /T2-F0-1 /T3-F1-1 /T2-F1-1 /T3-F0-1 /W-F0-1  /T3-F1-1 /T3-F0-1 /T3-F3-1 
/T2-T1-2 /T2-F0-1 /D:2     /W-T0-1  /W-T0-1  /D:1     /W-F2-1  /T1-F2-1 /T0-F2-1 /T1-F1-1 
/T0-F1-1 /T1-F2-1 
"
1020577,R#Xw#LSz#ljyA#QarhB#ZMmWVv#JIdtPDi#YExGsOcqgbNnKuUkpoTeHFCf,134.000000,1891.000000,55.000000,0.592233,1,"
minimal: 0 / states: 130 / duration: 0.000135s
history:
/T3-F0-1 /T4-F0-1 /T6-T1-1 /T6-T0-1 /T6-T0-1 /T4-T5-1 /T6-T5-1 /T6-T4-1 /D:1     /W-T2-1  
/D:2     /W-T2-1  /D:8     /W-F3-1  /D:1     /W-F2-1  /D:2     /W-T1-1  /D:1     /W-T6-1  
/D:1     /W-T3-1  /T1-T3-3 /D:1     /W-T4-1  /D:1     /W-F2-1  /T4-F2-1 /D:1     /W-T3-1  
/D:3     /W-T3-1  /T0-T3-3 /T2-T0-3 /T4-T2-2 /T4-F1-1 /T2-T5-3 /T1-T2-1 /D:1     /W-F0-1  
/D:1     /R       /D:2     /W-T6-1  /D:2     /W-F3-1  /T3-F3-1 /T4-F3-1 /T3-F0-1 /T3-F3-1 
/D:2     /W-F2-1  /D:2     /W-F1-1  /D:2     /W-T3-1  /D:2     /W-T6-1  /T5-T6-2 /T5-F3-1 
/R       /D:1     /W-F0-1  /D:2     /W-F1-1  /T6-F1-1 /T3-F1-1 /T3-F0-1 /T6-F2-1 /T6-F1-1 
/T6-F0-1 /W-F2-1  /T3-F3-1 /T5-F2-1 /T6-F3-1 /T3-F2-1 /T5-T6-1 /T5-F2-1 /T5-F3-1 /T5-F3-1 
/T3-T5-4 /T5-T1-5 /T3-T0-1 /T5-T4-1 /T6-T0-2 /T2-F3-1 /T0-T3-4 /T0-F3-1 /T5-F3-1 /T1-T6-1 
/T1-F2-1 /T3-T0-5 /T6-T1-2 /D:1     /W-F1-1  /T0-F1-1 /T1-F1-1 /D:2     /W-F0-1  /T0-F0-1 
/T0-F1-1 /T0-F2-1 /T1-F0-1 /T1-F1-1 /T1-F2-1 /W-F0-1  /T0-F1-1 /T0-F2-1 /T2-F0-1 /T1-F1-1 
/T4-F0-1 
"
1020672,D#hT#yvn#jtNJ#zQYAE#KIPuLG#cWaCxUp#rmRHfdOlVkFeoXqZMbBsSgiw,99.000000,1540.000000,32.000000,0.794643,1,"
minimal: 0 / states: 112 / duration: 0.000112s
history:
/T2-F2-1  /D:5      /W-T5-1   /T4-T5-1  /T4-F0-1  /D:1      /W-T5-1   /T6-T5-1  /T5-T6-5  /T6-T2-6  
/T6-T4-1  /D:1      /W-T2-1   /D:2      /W-T3-1   /D:1      /W-T5-1   /T3-T5-2  /T3-F3-1  /T2-F3-1  
/D:1      /W-T1-1   /D:1      /W-T1-1   /T0-T1-1  /D:1      /W-F2-1   /T2-F2-1  /T6-T2-1  /T6-F1-1  
/T2-T6-7  /T6-T4-8  /T6-T1-1  /D:1      /W-T2-1   /D:1      /W-F2-1   /D:1      /W-T0-1   /T5-T0-4  
/T5-T0-1  /T5-F3-1  /T1-T0-5  /T3-T1-1  /T5-T3-1  /T1-T3-2  /T3-T5-4  /D:1      /W-T1-1   /T4-T1-10 
/T4-F3-1  /W-T4-1   /T5-T4-5  /D:1      /W-F1-1   /T0-F1-1  /D:1      /W-F0-1   /T1-F0-1  /T0-F0-1  
/T1-F1-1  /T0-F1-1  /T1-F0-1  /T0-F0-1  /T1-F1-1  /T1-F0-1  /W-F0-1   /W-F3-1   /W-T3-1   /W-F2-1   
/T2-T3-2  /D:1      /W-F2-1   /T4-F2-1  /D:1      /W-F3-1   /T0-F3-1  /T1-F3-1  /T0-F2-1  /T0-F3-1  
/T1-F2-1  /T1-F3-1  /T3-F3-1  /D:1      /W-F1-1   /T4-F1-1  /T4-F0-1  /T0-F0-1  /T4-T1-1  /T4-F0-1  
/T0-T3-1  /T0-F0-1  /T1-T4-2  /T1-F3-1  /T0-F3-1  /T1-F0-1  /D:1      /W-F1-1   /T4-F1-1  /T3-F1-1  
/D:1      /W-F2-1   /T4-F2-1  /T3-F2-1  /T4-F1-1  /T3-F1-1  /T4-F2-1  
"
1020675,k#rd#BMa#eoWw#ILmxX#vTfScQ#pFACnbi#KZtJzlUONHqYyuEhGRjPgDsV,104.000000,1579.000000,46.000000,0.626582,1,"
minimal: 0 / states: 127 / duration: 0.000125s
history:
/T2-F1-1 /T6-T3-1 /T6-F1-1 /T6-F2-1 /T3-T0-2 /T6-T1-1 /T6-F0-1 /D:4     /W-T4-1  /D:2     
/W-T2-1  /D:2     /W-T1-1  /D:1     /W-F3-1  /T1-F3-1 /D:1     /W-T0-1  /D:8     /W-T6-1  
/D:2     /W-F3-1  /T5-F3-1 /T5-F1-1 /T6-F3-1 /T5-F3-1 /D:1     /W-T0-1  /T6-T0-1 /D:3     
/W-T4-1  /R       /D:1     /W-T2-1  /T3-T2-1 /T3-F2-1 /T6-F2-1 /T2-T6-4 /T2-F0-1 /T1-F0-1 
/T1-F1-1 /T3-F1-1 /T5-F1-1 /T5-F3-1 /T5-T6-1 /D:1     /W-T2-1  /D:2     /W-T3-1  /D:1     
/W-F3-1  /T4-F3-1 /D:1     /W-F2-1  /T1-F2-1 /D:1     /W-T3-1  /D:1     /W-T2-1  /T4-T2-2 
/T4-T3-1 /T4-T1-1 /T4-T1-1 /T0-T1-6 /D:3     /W-T4-1  /D:1     /W-T4-1  /D:1     /W-T3-1  
/T6-T3-1 /T6-F3-1 /D:1     /W-F0-1  /W-F0-1  /T1-F0-1 /T4-F0-1 /T1-F1-1 /T1-F0-1 /T4-F1-1 
/T4-F0-1 /T1-F1-1 /T2-F0-1 /T2-F3-1 /T6-F0-1 /T1-T2-2 /T1-F0-1 /T3-T6-3 /T3-F3-1 /T2-T1-3 
/T2-F3-1 /T6-T3-4 /T6-F0-1 /D:1     /W-F2-1  /R       /D:1     /W-F2-1  /D:1     /W-F2-1  
/T3-F2-1 /T1-F2-1 /T3-F1-1 /T1-F1-1 /T3-F2-1 /T1-F2-1 /T3-F1-1 /T1-F1-1 /T3-F2-1 
"
1020690,p#JX#gSE#mxrd#ncNtw#yuPobM#RkfLZqK#AeIUYhOGHBWsaDlFCjvzTQiV,108.000000,1443.000000,50.000000,0.586207,1,"
minimal: 0 / states: 131 / duration: 0.000127s
history:
/T4-T1-1 /T3-T2-1 /T0-T2-1 /T5-T0-1 /T5-T2-1 /D:1     /W-F0-1  /D:4     /W-T0-1  /T6-T0-1 
/D:5     /W-F0-1  /D:1     /W-T0-1  /D:2     /W-F1-1  /T2-F1-1 /D:4     /W-F0-1  /D:2     
/W-T0-1  /D:3     /W-T3-1  /D:1     /W-T1-1  /D:1     /R       /D:3     /W-T0-1  /T4-T0-1 
/T4-F3-1 /T4-F1-1 /T4-F2-1 /T5-F2-1 /T5-T6-1 /T5-T1-1 /T1-T5-4 /T2-F2-1 /T2-F1-1 /D:2     
/W-F3-1  /T6-F3-1 /T3-F3-1 /T6-F2-1 /T3-F2-1 /T6-T4-1 /T6-T4-1 /T2-T6-1 /T6-T0-2 /T6-T4-1 
/T6-F3-1 /T2-F3-1 /T1-T4-1 /T2-T5-1 /D:3     /W-F2-1  /D:1     /W-F0-1  /T0-F0-1 /D:2     
/W-F0-1  /D:1     /W-T3-1  /D:1     /W-T1-1  /W-T1-1  /T3-T1-2 /T5-T3-6 /D:1     /W-F3-1  
/D:1     /W-T4-1  /W-T4-1  /W-F0-1  /T4-F0-1 /R       /D:1     /W-F1-1  /T0-F1-1 /T0-F2-1 
/T0-F3-1 /T3-F1-1 /T3-F2-1 /T4-F3-1 /T0-F2-1 /T0-F3-1 /T3-T4-1 /T3-F2-1 /T3-F3-1 /T1-T0-1 
/T1-F2-1 /T3-F2-1 /T0-T1-2 /T0-F3-1 /T1-T0-3 /T1-F2-1 /T4-T3-4 /T4-F3-1 /D:1     /W-F0-1  
/D:1     /W-F1-1  /T3-F1-1 /T0-F1-1 /T3-F0-1 /T0-F0-1 /T3-F1-1 /T0-F1-1 /T3-F0-1 /T0-F0-1 
/T3-F1-1 
"
1020797,z#cX#tRw#ePJM#aANWh#iQEsxI#gFBCvyf#DLGVSKjkZHnuOrqoTbpldmUY,139.000000,1740.000000,54.000000,0.557471,1,"
minimal: 0 / states: 122 / duration: 0.000127s
history:
/T4-T5-1 /T5-T4-2 /T4-T5-3 /T4-F3-1 /T4-F0-1 /T4-F1-1 /T3-T4-1 /T2-T1-1 /D:1     /W-T2-1  
/D:2     /W-T5-1  /T6-T5-1 /T1-T6-2 /T1-T2-1 /D:1     /W-T3-1  /D:5     /W-T1-1  /T6-T1-3 
/D:1     /W-T3-1  /D:1     /W-F2-1  /D:2     /W-F3-1  /D:1     /W-T5-1  /D:2     /W-F2-1  
/D:1     /W-T3-1  /D:1     /W-F1-1  /T2-F1-1 /D:1     /W-F2-1  /W-F2-1  /T5-F2-1 /D:1     
/W-T0-1  /T5-T0-6 /T5-F2-1 /T5-T0-1 /T5-T0-1 /F2-T3-1 /T2-T3-2 /W-T5-1  /T5-T1-2 /D:1     
/W-F1-1  /D:1     /W-T5-1  /D:1     /W-T6-1  /T2-T6-1 /D:1     /W-T4-1  /R       /D:1     
/W-T5-1  /D:1     /W-T6-1  /D:1     /W-T4-1  /D:1     /W-T4-1  /T6-T4-4 /T6-T0-1 /T6-F0-1 
/T0-F0-1 /T3-F0-1 /T3-T6-1 /T3-F2-1 /T6-T3-2 /T6-T1-1 /D:1     /W-T5-1  /T3-T5-6 /T3-F3-1 
/T0-F3-1 /T0-F0-1 /T3-F1-1 /T0-F1-1 /T5-F3-1 /T4-F3-1 /T4-F2-1 /T5-F0-1 /T0-F0-1 /T1-F1-1 
/T0-F1-1 /T5-F3-1 /T1-F2-1 /T4-F3-1 /T4-F2-1 /T5-F0-1 /T0-F0-1 /T1-F1-1 /T4-F1-1 /T5-F3-1 
/T0-F3-1 /T1-F2-1 /T0-F2-1 /T5-F0-1 /T1-F3-1 /T4-F0-1 /T4-F3-1 /T5-F1-1 /T0-F1-1 /T1-F2-1 
/T0-F2-1 /T5-F0-1 /T1-F3-1 /T4-F0-1 /T5-F1-1 
"
1020808,T#AW#XYt#gjFD#bcNma#GriPnC#KoSUsLO#EIVRvBufzlwJqhMHkZexQpdy,139.500000,1361.000000,56.000000,0.581522,1,"
minimal: 0 / states: 131 / duration: 0.000134s
history:
/T4-F1-1  /T6-T5-1  /T6-T4-1  /T6-T0-1  /T2-T6-1  /D:2      /W-T1-1   /T6-T1-2  /T6-T1-1  /W-T1-1   
/D:2      /W-T0-1   /T3-T0-1  /D:13     /W-T4-1   /D:2      /W-T3-1   /D:1      /W-T2-1   /T1-T2-6  
/T1-F0-1  /T4-T1-3  /T4-F3-1  /T5-F3-1  /T4-T0-1  /T4-F1-1  /T6-T0-1  /W-T4-1   /D:1      /W-T2-1   
/T5-T2-1  /T5-F2-1  /T0-F2-1  /T5-F3-1  /T0-F1-1  /W-T5-1   /T0-T5-4  /W-T0-1   /T2-T0-10 /D:1      
/W-F2-1   /D:1      /W-F1-1   /T3-F1-1  /D:1      /W-T4-1   /T2-T4-1  /R        /D:3      /W-F0-1   
/T0-F0-1  /T0-F3-1  /T5-F0-1  /T0-F0-1  /T3-F0-1  /T3-T6-1  /T5-F3-1  /T0-F3-1  /T5-T3-1  /T5-F3-1  
/W-T6-1   /T3-T5-2  /D:2      /W-F1-1   /D:1      /W-T2-1   /D:1      /W-T2-1   /T6-T2-3  /D:1      
/W-T1-1   /T5-T1-4  /F1-T0-1  /T5-T0-1  /T5-F0-1  /D:1      /W-T4-1   /D:1      /W-F2-1   /T0-F2-1  
/T0-F1-1  /T1-F2-1  /T0-F2-1  /T0-F3-1  /T1-F1-1  /T1-F0-1  /W-F2-1   /W-F3-1   /T0-F0-1  /T0-F3-1  
/T2-F2-1  /T4-F0-1  /T4-F3-1  /T2-T0-1  /T2-F0-1  /T0-T2-2  /T0-F3-1  /T1-T4-3  /T1-F0-1  /T0-F0-1  
/T4-T1-4  /T4-F3-1  /D:1      /W-F1-1   /T1-F1-1  /T1-F2-1  /T2-F1-1  /T1-F1-1  /T2-F2-1  /T1-F2-1  
/T2-F1-1  /T1-F1-1  /T2-F2-1  
"
1020852,l#jJ#sCW#eyPx#rnSmK#DvRUBA#tNoFdqT#ucGwphOZHYabQIgEMVLfkziX,126.000000,1451.000000,63.000000,0.525510,1,"
minimal: 0 / states: 133 / duration: 0.000130s
history:
/T5-F0-1 /T5-F0-1 /T4-T0-1 /T2-T0-1 /T2-F0-1 /T2-T6-1 /T4-T2-1 /D:3     /W-T5-1  /T4-T5-1 
/T4-F2-1 /T4-T5-1 /D:5     /W-T4-1  /D:3     /W-F1-1  /D:1     /W-F1-1  /D:1     /W-T5-1  
/D:1     /W-T0-1  /T5-T0-5 /T5-T6-1 /D:4     /W-T1-1  /D:1     /W-T2-1  /D:2     /W-T2-1  
/T1-T2-2 /T5-T1-1 /T5-F0-1 /T1-T3-2 /D:1     /W-T1-1  /T0-T1-9 /D:2     /R       /D:1     
/W-T2-1  /T6-T2-3 /T6-T2-1 /D:1     /W-F1-1  /T6-F1-1 /D:2     /W-T1-1  /D:1     /W-T3-1  
/D:1     /W-T1-1  /D:4     /W-F0-1  /T6-F0-1 /T6-F2-1 /T6-F3-1 /T1-F3-1 /T1-F2-1 /T2-F2-1 
/T1-T6-3 /T1-F0-1 /T6-T1-4 /D:1     /W-T0-1  /D:3     /R       /D:2     /W-F0-1  /D:1     
/W-T0-1  /T3-T0-4 /T3-F3-1 /T1-F3-1 /T1-F2-1 /T2-F3-1 /T1-F3-1 /T3-T4-1 /T3-F1-1 /T2-F2-1 
/T2-F3-1 /T1-F2-1 /T1-F3-1 /T1-F0-1 /T2-F2-1 /T2-F3-1 /T1-F3-1 /T2-F0-1 /T1-F0-1 /T2-T4-1 
/T2-F0-1 /W-T4-1  /D:2     /W-F1-1  /W-F1-1  /T0-F1-1 /T0-F2-1 /T4-F2-1 /D:1     /W-F1-1  
/T0-F1-1 /T0-F2-1 /T4-F1-1 /T1-F1-1 /T2-F1-1 /T4-F2-1 /T1-F2-1 /D:1     /W-F3-1  /T0-F3-1 
/T0-F0-1 /T4-F3-1 
"
1020859,n#Pm#jct#EHNr#sFJAQ#lzCbqK#MiURkaL#yVfBvXhYwZedOoupTgDGSWIx,107.500000,2217.000000,45.000000,0.705882,1,"
minimal: 0 / states: 121 / duration: 0.000124s
history:
/T0-F2-1 /T6-T1-1 /T6-F1-1 /T4-T3-1 /T4-F0-1 /T6-T1-1 /T4-T1-1 /T6-T4-1 /T2-T6-1 /T1-T0-4 
/D:2     /W-T0-1  /D:1     /W-T6-1  /T3-T6-2 /T3-F3-1 /T3-T0-1 /D:1     /W-F0-1  /D:8     
/W-T3-1  /D:1     /W-F3-1  /T1-F3-1 /T6-F3-1 /T4-F3-1 /W-T4-1  /W-T1-1  /D:1     /W-F2-1  
/D:2     /W-F2-1  /D:1     /W-T0-1  /T4-T0-2 /D:2     /W-T0-1  /T2-T0-1 /T2-T5-1 /D:2     
/W-F3-1  /D:2     /W-T5-1  /T6-T5-4 /D:1     /R       /D:1     /W-T1-1  /D:2     /W-T1-1  
/D:3     /W-T1-1  /T6-T1-1 /W-T6-1  /T5-T6-7 /T5-F2-1 /T5-F1-1 /T0-F1-1 /T5-F0-1 /T0-F0-1 
/T3-F1-1 /T0-F1-1 /T3-F0-1 /T0-F0-1 /T6-F2-1 /T4-F2-1 /T0-F3-1 /T6-F1-1 /T6-F2-1 /T5-T2-1 
/T6-F3-1 /T0-T1-1 /T0-F3-1 /W-T6-1  /T5-T2-1 /D:1     /W-F2-1  /W-F2-1  /T1-T0-2 /T1-F2-1 
/D:1     /W-F1-1  /T6-F1-1 /D:1     /W-F0-1  /T0-F0-1 /T0-F1-1 /T6-F0-1 /T0-F0-1 /T6-F1-1 
/T0-F1-1 /T2-F1-1 /T6-F0-1 /T0-F0-1 /T0-F1-1 /T6-T2-1 /T6-F0-1 /D:1     /W-F3-1  /T1-F3-1 
/T2-F3-1 /D:1     /W-F2-1  /T1-F2-1 /T1-F3-1 /T2-F2-1 
"
1020880,n#AT#zQe#EOZf#Ggtvp#iPHWqK#RJyYCXl#ajukVdMrNxbhBsLoUScIFDmw,150.000000,1891.000000,48.000000,0.590909,1,"
minimal: 0 / states: 120 / duration: 0.000123s
history:
/T0-F2-1 /T5-T6-1 /T5-T2-1 /T5-T6-1 /T1-T5-1 /T1-F0-1 /D:1     /W-F1-1  /D:6     /W-T0-1  
/T6-T0-3 /D:1     /W-T3-1  /W-T3-1  /T4-T3-1 /T4-T0-1 /T3-T4-4 /T3-T1-1 /T3-T4-1 /D:1     
/W-F3-1  /T4-F3-1 /D:2     /W-F1-1  /D:1     /W-T0-1  /T4-T0-5 /D:1     /W-F0-1  /D:1     
/W-T4-1  /T2-T4-2 /T2-T3-1 /D:1     /W-T1-1  /T6-T1-1 /T6-F0-1 /T6-T2-1 /W-T2-1  /D:1     
/W-F2-1  /T0-F2-1 /T4-F2-1 /D:3     /W-F1-1  /T0-F1-1 /T0-F2-1 /T4-F1-1 /T0-F1-1 /T4-T5-1 
/T4-F1-1 /T5-F2-1 /T0-F2-1 /T0-F1-1 /W-T4-1  /W-T0-1  /T3-T4-2 /T4-T0-4 /D:2     /W-T5-1  
/D:1     /W-F0-1  /D:1     /W-T3-1  /T6-T3-1 /T6-T1-1 /T6-T5-1 /D:1     /R       /D:1     
/W-T2-1  /D:1     /W-F2-1  /D:1     /W-T3-1  /D:1     /W-T1-1  /T5-T1-4 /T5-F3-1 /T0-F3-1 
/T0-F0-1 /T1-F3-1 /T0-F3-1 /T1-F0-1 /T0-F0-1 /T1-F3-1 /T0-F3-1 /T0-F2-1 /T1-F0-1 /T1-F3-1 
/T5-F1-1 /T0-F3-1 /T2-F1-1 /T3-F1-1 /D:1     /W-F0-1  /T1-F0-1 /T0-F0-1 /T0-F1-1 /T1-F3-1 
/T1-F0-1 /T0-F0-1 /T3-T1-1 /T3-F1-1 /D:1     /W-F2-1  /T2-F2-1 /T1-F2-1 /T2-F3-1 /T1-F3-1 
/T2-F2-1 
"
1020920,a#Bg#hnO#fZNm#qDQIj#oETxVF#pvRJLeP#GszHlCydwucYKXSkrUAMWtbi,140.000000,1806.000000,57.000000,0.534884,1,"
minimal: 0 / states: 122 / duration: 0.000124s
history:
/T0-F1-1 /T5-T1-1 /T3-T0-1 /T3-F3-1 /T2-F3-1 /T2-F2-1 /T6-F3-1 /T6-T1-1 /T6-T0-1 /T5-T6-1 
/T4-T5-1 /T4-T5-1 /T4-F3-1 /T4-T1-1 /T2-T5-1 /T3-T2-1 /D:1     /W-T5-1  /T3-T5-1 /D:2     
/W-T3-1  /D:1     /W-T6-1  /T1-T6-4 /D:1     /W-T3-1  /T5-T3-6 /W-T5-1  /D:2     /W-T2-1  
/D:4     /W-T4-1  /T1-T4-1 /D:3     /W-T0-1  /T6-T0-7 /T6-F3-1 /D:1     /W-F3-1  /D:1     
/W-T2-1  /D:1     /W-T3-1  /D:1     /W-T6-1  /D:1     /W-F0-1  /T4-F0-1 /D:1     /W-T1-1  
/D:2     /W-T6-1  /D:1     /W-F1-1  /T4-F1-1 /D:1     /R       /D:1     /W-F0-1  /T0-F0-1 
/T4-T0-1 /D:1     /W-F1-1  /D:1     /W-T2-1  /D:2     /W-T1-1  /D:1     /W-T1-1  /D:1     
/W-T1-1  /T6-T1-3 /D:1     /W-T2-1  /W-T2-1  /T5-T2-2 /T5-F0-1 /T5-F2-1 /T6-F2-1 /T0-F2-1 
/T0-F1-1 /T0-F0-1 /T3-F2-1 /T2-F2-1 /T2-F3-1 /T3-F1-1 /T0-F1-1 /T1-F2-1 /T2-F2-1 /T3-F0-1 
/T0-F0-1 /T1-F3-1 /T0-F3-1 /T3-F1-1 /T1-F2-1 /T2-F1-1 /T2-F2-1 /T3-F0-1 /T0-F0-1 /T1-F3-1 
/T0-F3-1 /T3-F1-1 /T1-F0-1 /T2-F1-1 /T0-F0-1 /T3-F2-1 /T1-F3-1 /T2-F2-1 /T2-F3-1 /T3-F1-1 
/T0-F1-1 /T1-F0-1 /T3-F2-1 
"
1020925,L#HY#qyI#UJRl#fuAPj#TcZpMX#EdVmDSx#whrBGFWnNgzvistCOboeaKkQ,144.500000,1148.000000,42.000000,0.677419,1,"
minimal: 0 / states: 121 / duration: 0.000130s
history:
/T6-T1-1  /T5-T0-1  /T4-T1-1  /T3-T5-1  /T2-T1-1  /D:1      /W-T0-1   /D:1      /W-T1-1   /D:1      
/W-T6-1   /D:1      /W-T4-1   /D:1      /W-T1-1   /T6-T1-2  /T6-T3-1  /T4-T3-2  /T4-F0-1  /T3-F0-1  
/T2-T6-1  /D:3      /W-F2-1   /D:1      /W-F3-1   /D:1      /W-T4-1   /D:3      /W-T0-1   /T4-T0-2  
/D:1      /W-T0-1   /T3-T0-3  /D:2      /W-F0-1   /T0-T2-1  /T0-F0-1  /T2-T0-2  /T5-T2-2  /D:1      
/W-F3-1   /T0-F3-1  /D:1      /W-T5-1   /D:1      /W-F2-1   /D:2      /W-F1-1   /T5-F1-1  /T5-F2-1  
/T0-T5-9  /T6-T0-2  /T6-T3-1  /T6-T1-1  /T6-T4-1  /T5-T6-10 /T5-F1-1  /T1-F1-1  /T6-F2-1  /W-F1-1   
/T1-F2-1  /T4-F0-1  /T4-F1-1  /T6-T5-2  /T6-F1-1  /T5-T6-3  /D:1      /W-T2-1   /D:1      /W-T0-1   
/T3-T0-2  /T1-T3-2  /T1-F1-1  /T6-T0-4  /T6-F1-1  /T3-T1-3  /D:1      /W-F3-1   /T0-F3-1  /T0-F2-1  
/T1-F3-1  /W-F2-1   /T0-F3-1  /T0-F2-1  /W-F2-1   /W-T3-1   /T1-T3-6  /T6-F2-1  /T3-T2-4  /T3-F2-1  
/T1-T0-1  /R        /D:1      /W-F0-1   /T2-F0-1  /T0-F0-1  /T2-F3-1  /T0-F3-1  /T2-F0-1  /T0-F0-1  
/T2-F1-1  /T0-F1-1  /T0-F2-1  /T2-F0-1  /T2-F1-1  /T0-F1-1  /T3-T2-1  /T3-F2-1  /D:1      /W-F3-1   
/T6-F3-1  /T2-F3-1  /T6-F0-1  /T2-F0-1  /T6-F3-1  
"
1020931,m#LD#fBU#WNyc#qOgGr#vtjCzs#lZXPAbd#iwJIMkSxhnKuFYoVHepTREaQ,125.500000,3109.000000,49.000000,0.630682,1,"
minimal: 0 / states: 132 / duration: 0.000132s
history:
/T6-T4-1 /T3-T1-1 /T3-T0-1 /T3-F3-1 /D:4     /W-T3-1  /T2-T3-1 /T2-T1-1 /T4-T2-2 /T4-T3-1 
/T5-T4-1 /T2-T3-3 /T5-T2-1 /T6-T5-1 /T6-F0-1 /T1-F0-1 /T5-T3-2 /D:2     /W-T0-1  /D:4     
/W-F2-1  /D:4     /W-T2-1  /D:1     /W-F2-1  /D:3     /W-T4-1  /T1-T4-2 /D:1     /W-F2-1  
/D:4     /W-F1-1  /T3-F1-1 /T4-F1-1 /T6-T4-1 /T6-T1-1 /T1-T6-2 /T6-T1-3 /T3-F0-1 /T3-F1-1 
/D:1     /W-T3-1  /R       /D:2     /W-T0-1  /W-T0-1  /D:1     /W-T1-1  /D:3     /W-T2-1  
/T5-T2-1 /W-T5-1  /D:2     /W-T6-1  /T3-T6-7 /D:1     /W-T0-1  /T4-T0-5 /T4-F3-1 /T0-F3-1 
/T0-F0-1 /T4-F2-1 /T0-F1-1 /T6-F3-1 /T6-F2-1 /T0-F2-1 /T6-F1-1 /T5-T6-1 /T5-F2-1 /T0-F1-1 
/T0-F2-1 /T5-F2-1 /W-F1-1  /T0-F1-1 /T0-F2-1 /T2-F1-1 /T0-F1-1 /T2-F2-1 /T0-F2-1 /T6-T2-6 
/T6-F1-1 /T0-F1-1 /W-T0-1  /T2-T0-7 /T2-F2-1 /D:2     /W-T1-1  /D:1     /W-T1-1  /D:1     
/W-T1-1  /W-T1-1  /D:1     /W-F3-1  /T0-F3-1 /D:1     /W-F0-1  /T1-F0-1 /T0-F0-1 /T1-F3-1 
/T0-F3-1 /T1-F0-1 /T0-F0-1 /T1-F3-1 /T0-F3-1 /T1-F0-1 /T0-F0-1 /T1-F3-1 /T0-F3-1 /T1-F0-1 
/T0-F0-1 /T1-F3-1 
"
1020976,a#uW#OHr#nRjL#VATIN#tzKpbi#XwxeBmJ#CDgdkYFcGovslEyqhMSPZfUQ,157.500000,3702.000000,68.000000,0.500000,1,"
minimal: 0 / states: 142 / duration: 0.000147s
history:
/T0-F1-1 /T4-F3-1 /T5-T6-1 /T5-F1-1 /T4-T1-1 /D:4     /W-T2-1  /T5-T2-1 /T1-T5-2 /T4-T1-1 
/T4-F0-1 /T1-T4-2 /D:1     /W-T3-1  /T6-T3-2 /T6-T0-1 /T6-F0-1 /T3-T0-4 /D:2     /W-T4-1  
/T6-T4-1 /T3-T6-1 /D:1     /W-F1-1  /D:3     /W-T6-1  /D:5     /W-T3-1  /D:1     /W-T5-1  
/D:1     /W-T1-1  /D:2     /W-T3-1  /D:3     /W-T6-1  /D:1     /R       /D:1     /W-F0-1  
/D:1     /W-F0-1  /D:2     /W-T1-1  /T5-T1-4 /D:1     /W-T1-1  /D:1     /W-T3-1  /D:2     
/W-T5-1  /T6-T5-4 /T4-T6-5 /T5-T4-6 /T5-T4-1 /D:1     /W-F0-1  /D:2     /W-T1-1  /T2-T1-3 
/T2-T0-1 /T2-F3-1 /D:1     /W-T2-1  /W-T2-1  /D:1     /W-T4-1  /D:1     /R       /D:1     
/W-T0-1  /D:1     /W-T0-1  /T3-T0-4 /T3-F2-1 /T0-F2-1 /T0-F3-1 /T1-F2-1 /T0-F2-1 /T1-F1-1 
/T6-F1-1 /T1-F2-1 /T4-F1-1 /T6-F0-1 /T0-T6-2 /T0-F1-1 /T1-T4-1 /T1-F0-1 /T0-F0-1 /T1-F1-1 
/T0-F1-1 /T1-F0-1 /T0-F0-1 /T6-T0-6 /T4-T1-4 /T4-F1-1 /T0-T6-6 /T0-F1-1 /T1-T4-5 /T1-F0-1 
/T0-F0-1 /T4-T1-6 /T4-F1-1 /T0-F1-1 /T1-T4-7 /T1-F0-1 /T6-T2-7 /D:1     /W-F3-1  /T2-F3-1 
/T2-F2-1 /T4-F3-1 /T2-F3-1 /T4-F2-1 /T2-F2-1 /T4-F3-1 /T2-F3-1 /T4-F2-1 /T2-F2-1 /T4-F3-1 
/T2-F3-1 /T4-F2-1 /T2-F2-1 /T4-F3-1 /T2-F3-1 /T4-F2-1 
"
1021007,t#IH#ACk#NSUn#XKgPa#MljeVE#iyTvQYm#qcRJDLzOZfuorbhxFwdGBspW,156.000000,3458.000000,60.000000,0.557018,1,"
minimal: 0 / states: 133 / duration: 0.000155s
history:
/T3-F2-1  /T4-F1-1  /T0-T3-1  /T6-T0-1  /D:4      /W-T2-1   /D:2      /W-T0-1   /T2-T0-2  /D:2      
/W-T2-1   /D:2      /W-T3-1   /T5-T3-1  /T5-T0-1  /T1-T0-1  /T3-T1-4  /D:2      /W-F2-1   /D:1      
/W-T3-1   /D:1      /W-F1-1   /D:2      /W-T6-1   /D:3      /W-T1-1   /T2-T1-2  /T2-F0-1  /D:2      
/W-F0-1   /D:2      /W-F2-1   /D:1      /W-T6-1   /T1-T6-8  /R        /D:1      /W-T5-1   /T4-T5-1  
/T4-T0-1  /D:1      /W-F1-1   /D:3      /W-T1-1   /T6-T1-11 /T6-T3-1  /T1-T3-2  /T1-F1-1  /D:1      
/W-T2-1   /D:2      /W-T6-1   /D:1      /W-T0-1   /T5-T0-3  /T6-T5-2  /T5-T4-3  /T4-T5-4  /D:1      
/W-T4-1   /D:1      /W-T5-1   /T3-T5-5  /T3-F3-1  /T5-F3-1  /T0-F3-1  /T0-F2-1  /T5-F0-1  /T5-F3-1  
/T5-F2-1  /T0-F1-1  /T1-T5-1  /T1-F1-1  /T0-T6-1  /T0-F1-1  /T6-T0-2  /T6-T2-1  /W-T6-1   /W-F0-1   
/T5-F0-1  /W-F3-1   /T0-F0-1  /T5-F3-1  /T5-F0-1  /T0-F3-1  /T0-F0-1  /T5-F1-1  /T1-T5-2  /T1-F0-1  
/T0-T4-1  /T0-F0-1  /T6-T4-1  /T6-F1-1  /T5-T1-3  /T5-F1-1  /T0-F1-1  /T5-F0-1  /T5-F1-1  /T0-F0-1  
/T0-F1-1  /T5-F0-1  /T4-T2-4  /D:1      /W-F2-1   /T1-F2-1  /T1-F3-1  /T2-F2-1  /T1-F2-1  /T2-F3-1  
/T1-F3-1  /T2-F2-1  /T1-F2-1  /T2-F3-1  /T1-F3-1  /T2-F2-1  /T1-F2-1  /T2-F3-1  
"
1021016,m#wn#cWd#eNpk#YjClH#tgqhSa#rfiIOKL#FzbERxXQuAyJUZTsovMPBDVG,137.500000,1523.000000,47.000000,0.661290,1,"
minimal: 0 / states: 115 / duration: 0.000128s
history:
/T1-F2-1 /T5-F1-1 /T6-T0-1 /T3-T0-1 /T3-T2-1 /T3-F3-1 /T1-T0-1 /D:2     /W-T1-1  /D:1     
/W-F1-1  /D:1     /W-T5-1  /T2-T5-2 /T2-T6-1 /T2-F1-1 /D:6     /W-F0-1  /D:4     /W-T2-1  
/D:1     /W-T4-1  /D:1     /W-T4-1  /T3-T4-1 /D:1     /W-F2-1  /T5-F2-1 /T5-F1-1 /T4-F1-1 
/D:1     /W-T6-1  /W-T6-1  /D:1     /W-T3-1  /D:2     /W-F0-1  /D:2     /W-T0-1  /T4-T0-3 
/T6-T4-4 /T6-F3-1 /T4-T1-5 /T4-F0-1 /T6-T4-1 /W-F0-1  /W-F3-1  /T5-F0-1 /D:1     /W-T1-1  
/T5-T1-1 /T5-T4-1 /T5-F2-1 /R       /D:1     /W-F0-1  /D:1     /W-T0-1  /D:3     /W-F3-1  
/T0-F3-1 /T1-F3-1 /T1-F0-1 /T0-T5-1 /T0-F3-1 /T5-T0-2 /T1-F3-1 /T0-T6-3 /T0-F3-1 /T6-T0-4 
/T6-F1-1 /T6-F2-1 /T0-F2-1 /T0-F1-1 /T0-F0-1 /T5-F2-1 /T4-F1-1 /T4-F0-1 /T0-F1-1 /T4-F1-1 
/T4-T3-1 /D:1     /W-F2-1  /T1-F2-1 /T0-F2-1 /T1-F3-1 /T0-F1-1 /W-F3-1  /W-F2-1  /T3-F3-1 
/T2-F3-1 /D:1     /W-F2-1  /T1-T3-2 /T1-F2-1 /D:1     /W-F0-1  /T3-F0-1 /T0-F0-1 /T3-F1-1 
/T0-F1-1 /T3-F0-1 
"
1021053,P#Lp#ADn#kHUZ#gtIsc#XGEwYq#yemJzRa#dOxorWNFShjQCiMfVubKTBvl,111.000000,1732.000000,44.000000,0.625000,1,"
minimal: 0 / states: 124 / duration: 0.000138s
history:
/T2-F2-1 /T6-F1-1 /T5-T6-1 /T4-T2-1 /T6-T4-2 /T5-T6-1 /T0-T4-1 /T6-T0-2 /D:2     /W-T1-1  
/D:1     /W-T0-1  /D:1     /W-F2-1  /D:2     /W-T0-1  /D:1     /W-F3-1  /T1-F3-1 /T1-F2-1 
/T1-T3-1 /T3-T1-2 /T4-F3-1 /T4-F2-1 /T2-T4-2 /T2-F0-1 /W-F2-1  /D:5     /W-F3-1  /D:2     
/W-T5-1  /D:1     /W-T2-1  /D:2     /W-T6-1  /D:1     /W-T5-1  /D:1     /W-F1-1  /T4-F1-1 
/D:2     /W-T5-1  /T4-T5-3 /T3-T4-1 /T4-T0-2 /T3-T6-1 /T5-T3-7 /T4-T0-1 /T3-T1-8 /T4-T6-1 
/D:1     /W-F0-1  /D:2     /W-T2-1  /R       /D:1     /W-F1-1  /D:1     /W-T6-1  /T1-T6-2 
/T1-F2-1 /T0-F2-1 /D:4     /W-F0-1  /T6-F0-1 /T5-F0-1 /T6-F3-1 /T5-T0-1 /T6-T5-5 /T6-T3-1 
/T6-F1-1 /T5-F0-1 /T0-F0-1 /T5-T6-5 /T6-T3-6 /D:1     /W-F1-1  /T3-F1-1 /T3-F0-1 /D:1     
/W-T2-1  /W-T2-1  /W-F1-1  /W-F3-1  /T1-F3-1 /T0-F3-1 /T0-F0-1 /T1-F2-1 /T1-F1-1 /T3-F3-1 
/T3-F0-1 /T0-F3-1 /T2-F1-1 /T2-F0-1 /T3-F3-1 /T0-T2-1 /T0-F3-1 /T1-T3-2 /T1-F0-1 /T1-F3-1 
/T2-T0-2 /T2-F0-1 /D:1     /W-F2-1  /T3-F2-1 /T0-F2-1 /T3-F1-1 /T0-F1-1 /T3-F2-1 /T0-F2-1 
/T3-F1-1 
"
1021068,r#WA#zeU#tDOc#TshwQ#PXkndG#uZmKEbg#qjfvJRHaFVpoyBNIMxCliYLS,143.500000,3255.000000,47.000000,0.647727,1,"
minimal: 0 / states: 118 / duration: 0.000132s
history:
/T1-F0-1 /T5-T2-1 /T4-T0-1 /D:3     /W-T2-1  /T0-T2-2 /D:1     /W-T1-1  /T2-T1-5 /D:4     
/W-F1-1  /D:1     /W-T6-1  /T2-T6-1 /D:1     /W-T4-1  /W-T4-1  /T6-T4-3 /T6-F1-1 /T3-F1-1 
/T5-F1-1 /T5-F2-1 /T4-T5-6 /T5-F1-1 /W-T5-1  /D:1     /W-T1-1  /T3-T1-1 /T3-T5-1 /T3-T4-1 
/D:1     /W-F2-1  /D:2     /W-F0-1  /D:1     /W-F3-1  /T1-F3-1 /T1-F2-1 /D:2     /W-T0-1  
/D:2     /W-F0-1  /T5-F0-1 /T6-F0-1 /T1-T6-7 /D:1     /W-T0-1  /T6-T0-8 /T6-T1-1 /T6-T3-1 
/D:2     /W-T2-1  /D:1     /W-T1-1  /T5-T1-7 /D:1     /W-T4-1  /T0-T4-2 /T0-F1-1 /R       
/D:1     /W-F2-1  /D:2     /W-T5-1  /D:1     /W-T3-1  /T5-T3-2 /T5-F3-1 /T4-F3-1 /T1-F3-1 
/T1-F0-1 /T4-F2-1 /T4-F3-1 /T0-F0-1 /T1-F1-1 /T4-T0-1 /T4-F1-1 /T4-F2-1 /T0-F2-1 /T4-F3-1 
/T0-F3-1 /T1-F0-1 /T6-F2-1 /T0-F2-1 /T1-F3-1 /T0-F3-1 /T1-F2-1 /T3-T1-1 /T3-F3-1 /T2-F3-1 
/W-T0-1  /D:1     /W-F0-1  /T1-F0-1 /D:1     /W-F2-1  /T3-F2-1 /T2-F2-1 /T3-F3-1 /D:1     
/W-F1-1  /T0-F1-1 /T0-F0-1 /T1-F1-1 /T0-F1-1 /T1-F0-1 /T0-F0-1 /T1-F1-1 
"
1021145,Y#CA#LqT#UDfo#ehcNK#GwQxOM#PutjbBE#FVmSZkdnlgyIrRHaJsXzpWvi,146.500000,2046.000000,56.000000,0.559783,1,"
minimal: 0 / states: 131 / duration: 0.000137s
history:
/T1-F0-1 /T4-T0-1 /T4-F3-1 /T3-T4-1 /T6-T3-1 /T6-F0-1 /T6-T1-1 /T6-T0-1 /T3-T6-2 /T4-T3-2 
/T6-T4-3 /T2-T6-1 /T0-T5-3 /T5-T0-4 /T5-F3-1 /D:1     /W-T6-1  /D:6     /W-T4-1  /T1-T4-2 
/D:1     /W-F2-1  /T3-F2-1 /D:4     /W-T0-1  /T4-T0-7 /T2-T4-1 /T4-T6-2 /D:4     /W-F1-1  
/T0-F1-1 /T0-F0-1 /T3-F1-1 /T3-F0-1 /T0-F1-1 /T0-F0-1 /D:3     /W-T2-1  /D:1     /W-T1-1  
/D:1     /W-F2-1  /T6-F2-1 /T6-F1-1 /T0-F1-1 /T6-F0-1 /W-T6-1  /W-T2-1  /D:1     /W-T5-1  
/D:1     /W-T5-1  /T3-T5-1 /D:1     /W-T2-1  /T6-T2-3 /T6-F3-1 /R       /D:2     /W-T3-1  
/T2-T3-7 /D:1     /W-T0-1  /D:1     /W-T2-1  /D:2     /W-T1-1  /T5-T1-4 /T5-F3-1 /D:1     
/W-F1-1  /T0-T1-2 /T0-F1-1 /D:1     /W-T2-1  /W-T2-1  /T5-T2-1 /T5-F0-1 /W-T2-1  /T3-T2-3 
/T3-F1-1 /D:1     /W-F2-1  /T2-F2-1 /D:1     /W-F3-1  /T1-F3-1 /T1-F2-1 /T2-F3-1 /T1-F3-1 
/T2-F2-1 /T1-F2-1 /T2-F3-1 /T2-F2-1 /T1-F3-1 /T1-F2-1 /T3-T2-1 /T3-F3-1 /T0-T1-3 /T0-F3-1 
/T2-T3-2 /T2-F2-1 /T2-F3-1 /T1-T0-4 /T1-F2-1 /D:1     /W-F0-1  /T0-F0-1 /T0-F1-1 /T3-F0-1 
/T0-F0-1 /T3-F1-1 /T0-F1-1 /T3-F0-1 /T0-F0-1 /T3-F1-1 
"
1021248,n#XO#aoK#hfiN#gGDqd#wZWPpl#mUVCrHA#eJMxyRFSkvBLbjcutsYQTzEI,70.500000,367.000000,16.000000,1.121951,1,"
minimal: 0 / states: 118 / duration: 0.000115s
history:
/T0-F2-1 /T3-F3-1 /T1-F3-1 /T6-F0-1 /T6-T3-1 /T4-T6-1 /T2-T5-1 /T2-F2-1 /T2-F1-1 /D:2     
/W-T1-1  /T3-T1-2 /T6-T3-2 /T6-T3-1 /D:1     /W-T0-1  /T5-T0-2 /T5-F2-1 /T4-F2-1 /T5-F3-1 
/T5-T0-1 /T5-T2-1 /T6-T5-1 /D:2     /W-T2-1  /T1-T2-4 /D:5     /W-T0-1  /T6-T0-1 /D:1     
/W-F0-1  /T3-F0-1 /T4-F0-1 /T3-T4-3 /T4-T0-4 /T4-T2-1 /D:1     /W-T6-1  /W-T6-1  /T5-T6-2 
/D:1     /W-F1-1  /D:2     /W-F1-1  /T0-F1-1 /T0-F2-1 /D:1     /W-T6-1  /D:1     /W-T3-1  
/D:1     /W-F2-1  /T3-F2-1 /T6-F2-1 /D:2     /W-F3-1  /D:2     /W-T1-1  /D:1     /W-F0-1  
/D:1     /R       /D:1     /W-F1-1  /T0-F1-1 /T2-F1-1 /T3-F1-1 /T2-T6-1 /T2-F1-1 /D:2     
/W-F3-1  /D:1     /W-F0-1  /T0-F0-1 /T6-F0-1 /D:1     /W-F3-1  /D:1     /W-F1-1  /D:1     
/W-T1-1  /W-T1-1  /D:1     /W-F3-1  /T0-F3-1 /T0-F2-1 /T6-F3-1 /T6-F2-1 /T0-F3-1 /T1-F2-1 
/T6-F1-1 /T0-T1-1 /T0-F1-1 /T2-T6-2 /T2-F2-1 /T1-T0-2 /T1-F2-1 /T6-T2-3 /T6-F1-1 /D:1     
/W-F0-1  /T2-F0-1 /T0-F0-1 /T2-F3-1 /T0-F3-1 /T2-F0-1 /T0-F0-1 /T2-F3-1 
"
1021302,c#VR#WSG#yMoh#vgUFz#sufipE#BYHIDlQ#CXbPqerawJKdnZjALOmxNtTk,133.500000,1332.000000,44.000000,0.614130,1,"
minimal: 0 / states: 119 / duration: 0.000128s
history:
/T6-T5-1 /T6-T4-1 /T6-T1-1 /T3-T6-1 /T2-T6-1 /T5-T2-2 /T5-T2-1 /T3-T0-1 /T2-T6-4 /T6-T2-7 
/T6-T5-1 /T6-T3-1 /T0-T1-2 /T4-T0-2 /T1-T4-4 /D:3     /W-T2-1  /D:5     /W-F1-1  /T2-F1-1 
/D:3     /W-T0-1  /T2-T0-8 /T3-T2-2 /D:2     /W-F2-1  /T4-F2-1 /T0-F2-1 /T4-F1-1 /W-F1-1  
/D:3     /W-F0-1  /T6-F0-1 /D:3     /W-T6-1  /T3-T6-1 /D:1     /W-T2-1  /D:1     /W-F3-1  
/W-F3-1  /D:2     /W-T5-1  /T4-T5-3 /W-T4-1  /D:1     /W-T6-1  /R       /D:1     /W-F0-1  
/T5-F0-1 /D:2     /W-F3-1  /T0-F3-1 /T0-F0-1 /T5-F3-1 /T0-F3-1 /T5-F0-1 /T0-F0-1 /T5-F3-1 
/T4-T0-1 /T4-F3-1 /T4-T5-1 /T1-F3-1 /D:1     /W-F2-1  /D:1     /W-F1-1  /D:1     /W-F2-1  
/D:1     /W-T6-1  /T5-T6-3 /T5-F1-1 /T6-F1-1 /T6-F0-1 /T5-T6-1 /T5-F2-1 /T0-F2-1 /T0-F1-1 
/T0-F0-1 /T6-F2-1 /T4-F2-1 /T0-F3-1 /T6-F1-1 /T6-F2-1 /T2-F2-1 /W-F3-1  /T2-F3-1 /D:1     
/W-F0-1  /T0-F0-1 /D:1     /W-F3-1  /D:1     /W-F1-1  /T6-F1-1 /T0-F1-1 /T6-F2-1 /T0-F2-1 
/T6-F1-1 /D:1     /W-F0-1  /T2-F0-1 
"
1021308,N#Rx#gBv#wDPA#fVkLK#drjEqT#Wmocliz#QOnMGuCtYhUHbpZJsIFyXaeS,126.000000,1381.000000,61.000000,0.547170,1,"
minimal: 0 / states: 126 / duration: 0.000145s
history:
/T0-F3-1 /T3-F0-1 /T6-T0-1 /D:2     /W-F3-1  /T3-F3-1 /W-F3-1  /D:1     /W-F2-1  /D:3     
/W-T6-1  /T5-T6-1 /D:3     /W-T0-1  /T4-T0-1 /D:1     /W-T2-1  /W-T2-1  /D:7     /W-T6-1  
/D:4     /W-T4-1  /D:1     /W-F1-1  /D:1     /W-T6-1  /T5-T6-1 /D:1     /W-T2-1  /T5-T2-1 
/T2-T5-5 /T2-F0-1 /T5-T0-6 /R       /D:3     /W-F0-1  /T3-F0-1 /T6-T3-6 /T1-T6-1 /T0-F0-1 
/T5-T0-1 /T1-F3-1 /T3-T4-7 /T5-T0-1 /D:3     /W-F1-1  /D:1     /W-T0-1  /D:1     /W-T1-1  
/T4-T1-9 /D:1     /W-T4-1  /D:2     /W-F0-1  /D:1     /R       /D:1     /W-T3-1  /T6-T3-2 
/T6-F1-1 /T6-F2-1 /T0-F2-1 /T0-F1-1 /T1-F2-1 /T0-F2-1 /T0-F3-1 /T1-F1-1 /T1-F2-1 /T1-F3-1 
/T6-T5-1 /T0-F2-1 /T1-F2-1 /T6-T3-1 /D:1     /W-F0-1  /D:1     /W-F3-1  /D:1     /W-F0-1  
/D:1     /W-F0-1  /T4-F0-1 /D:1     /W-T5-1  /T4-T5-1 /T4-F3-1 /T4-F1-1 /T2-F1-1 /T0-F1-1 
/T0-F2-1 /T1-F1-1 /T0-F1-1 /T1-F2-1 /T3-F3-1 /T0-F0-1 /T1-F3-1 /T3-F2-1 /T0-F3-1 /T5-F1-1 
/T1-F0-1 /T3-F1-1 /T3-F0-1 /T5-F2-1 /T0-F2-1 /T1-F3-1 /T5-F1-1 
"
1021341,b#Du#RBp#vTaL#coYGw#ZIsWMi#UHnCOQX#NVKPjhrFfygtezlkAmxdESJq,125.500000,2267.000000,53.000000,0.631579,1,"
minimal: 0 / states: 124 / duration: 0.000201s
history:
/T6-T3-1 /T5-T4-1 /T4-T3-2 /T2-T6-1 /T1-T3-1 /T0-T6-1 /T5-T0-1 /D:1     /W-F3-1  /D:3     
/W-T1-1  /T2-T1-1 /T1-T2-3 /D:5     /W-T4-1  /D:2     /W-T3-1  /D:3     /W-T1-1  /D:1     
/W-T0-1  /D:2     /W-F0-1  /T2-F0-1 /D:2     /W-T0-1  /T5-T0-1 /T5-T3-1 /T5-T0-1 /T3-T5-7 
/T3-F1-1 /T6-F1-1 /T2-T5-3 /W-T2-1  /D:2     /W-T4-1  /T6-T4-2 /T6-F3-1 /T6-F0-1 /T6-F2-1 
/T3-T6-1 /T5-F3-1 /T5-F0-1 /D:3     /W-T5-1  /R       /D:4     /W-T0-1  /T4-T0-5 /T4-T1-1 
/T4-F2-1 /T0-F2-1 /T0-F3-1 /T4-F1-1 /T5-F2-1 /T5-F3-1 /T0-F0-1 /D:1     /W-F2-1  /T5-F2-1 
/D:1     /W-F0-1  /D:1     /W-T2-1  /D:1     /W-F2-1  /D:2     /W-T2-1  /D:1     /W-F1-1  
/W-F1-1  /T0-F1-1 /T5-F1-1 /T0-F0-1 /T0-F1-1 /T6-T5-1 /T6-F0-1 /T0-F0-1 /T3-T0-1 /T6-T0-1 
/D:1     /W-F3-1  /T5-F3-1 /T0-F3-1 /T5-F2-1 /T0-F2-1 /T5-F1-1 /W-F1-1  /T2-F1-1 /T5-F2-1 
/T0-T1-2 /T0-F1-1 /D:1     /W-F0-1  /W-F0-1  /W-F3-1  /T1-F3-1 /T1-F2-1 /T5-F3-1 /T1-F3-1 
/T2-F2-1 /T1-F2-1 /T5-F0-1 /T0-F0-1 /T2-F1-1 /T5-F3-1 
"
1021344,g#zo#HaC#GrZt#ucVQF#iwnPlO#XybqUpA#xTKLeIBRWvhYjfDSkdmMEsNJ,89.000000,1326.000000,33.000000,0.763158,1,"
minimal: 0 / states: 120 / duration: 0.000128s
history:
/T6-F0-1  /T5-T2-1  /T4-T0-1  /T6-T4-1  /T3-T6-1  /D:1      /W-T5-1   /D:3      /W-T3-1   /D:1      
/W-T0-1   /D:2      /W-F0-1   /T2-T4-1  /T2-F0-1  /T2-F1-1  /T0-T2-3  /T3-T0-2  /T4-T3-3  /T2-T4-4  
/D:2      /W-T5-1   /D:1      /W-T5-1   /T6-T5-2  /T6-T4-1  /T6-F1-1  /D:4      /W-T5-1   /T3-T5-4  
/D:1      /W-F0-1   /D:1      /W-T3-1   /D:1      /W-T0-1   /D:2      /W-T2-1   /T6-T2-1  /T6-T2-1  
/D:1      /W-T6-1   /T5-T6-11 /T5-T4-1  /T5-F2-1  /T1-F2-1  /T4-T5-7  /T4-F1-1  /T5-T0-8  /W-F1-1   
/T4-T5-1  /D:1      /W-F0-1   /D:2      /W-F3-1   /T6-F3-1  /T0-F3-1  /T6-F2-1  /T0-F2-1  /T0-F1-1  
/T6-F3-1  /T6-F2-1  /T6-F1-1  /T0-F0-1  /T0-F1-1  /W-F2-1   /T6-F2-1  /T5-F2-1  /T3-T6-2  /D:1      
/W-T2-1   /T5-T2-1  /R        /D:1      /W-T0-1   /D:3      /W-F3-1   /T6-F3-1  /T0-F3-1  /T6-F0-1  
/T0-F0-1  /T6-F3-1  /T0-F3-1  /T6-F2-1  /T0-F2-1  /T6-F3-1  /T6-F2-1  /W-F0-1   /T2-T0-2  /T2-F3-1  
/T2-F2-1  /T1-F2-1  /W-T6-1   /D:1      /W-F1-1   /T0-F1-1  /T0-F0-1  /T6-F0-1  /D:1      /W-F3-1   
/T0-T2-2  /T0-F3-1  /D:1      /W-F1-1   /T2-F1-1  /T2-F0-1  /T6-F1-1  /T2-F1-1  /T6-F0-1  
"
1021418,V#qz#pjD#drTi#hIHgZ#GkftUe#syavAOw#obFNSBlJRXPQcxKYLEWuMCnm,147.000000,2031.000000,59.000000,0.533333,1,"
minimal: 0 / states: 126 / duration: 0.000139s
history:
/T3-T6-1  /T2-T5-1  /D:3      /W-T3-1   /T5-T3-2  /D:1      /W-F3-1   /D:3      /W-T1-1   /D:4      
/W-T3-1   /D:3      /W-T1-1   /T2-T1-1  /D:3      /W-T4-1   /D:3      /W-T0-1   /T3-T0-5  /D:3      
/W-F2-1   /D:1      /R        /D:1      /W-F2-1   /T2-F2-1  /T4-T2-2  /D:3      /W-T0-1   /D:3      
/W-T2-1   /T6-T2-2  /T6-F3-1  /T6-F0-1  /T0-F0-1  /T0-F3-1  /T5-T6-1  /T5-T6-1  /T6-T1-3  /T6-F1-1  
/T5-T1-1  /T3-T1-1  /T5-T6-1  /T3-T1-1  /T1-T3-10 /T1-F2-1  /D:1      /W-F3-1   /W-F3-1   /W-T6-1   
/W-F3-1   /W-F1-1   /T0-T4-3  /T0-F3-1  /T4-T0-4  /T4-T2-1  /T0-T6-6  /D:1      /W-F1-1   /T3-F1-1  
/T3-F2-1  /D:3      /W-T3-1   /D:2      /W-T0-1   /D:1      /W-F0-1   /T6-F0-1  /T3-F0-1  /T6-F1-1  
/T3-F1-1  /T6-F0-1  /T5-F0-1  /T2-F0-1  /T4-F0-1  /T6-F1-1  /T4-F1-1  /T2-F1-1  /T6-T2-2  /T6-F0-1  
/D:1      /W-T1-1   /T6-T1-2  /T6-F2-1  /T3-F2-1  /T2-F2-1  /T3-F3-1  /T2-F3-1  /T3-F2-1  /T2-F2-1  
/T3-F1-1  /T1-F1-1  /W-F3-1   /T2-F3-1  /T3-F2-1  /T1-F2-1  /T3-F1-1  /T1-F1-1  /T3-F2-1  /W-F3-1   
/W-F0-1   /T2-F0-1  /T0-F0-1  /T2-F3-1  
"
1021442,s#pq#DuZ#zKni#aeHWN#MPJAEk#GjobLVc#lXCxShUwIrRYBTtfQdvmgyOF,168.000000,2338.000000,52.000000,0.610000,1,"
minimal: 0 / states: 120 / duration: 0.000138s
history:
/T4-F3-1  /T6-T1-1  /D:8      /W-T5-1   /T6-T5-1  /T5-T6-3  /T6-T2-4  /D:1      /W-T4-1   /W-T4-1   
/D:2      /W-T0-1   /T1-T0-2  /T6-T1-1  /T6-T0-1  /D:4      /W-T4-1   /D:1      /W-T4-1   /T5-T4-1  
/T5-F0-1  /T3-T5-1  /T3-F2-1  /T0-F2-1  /T4-T3-6  /T4-T2-1  /W-T2-1   /W-F0-1   /T0-T2-4  /T2-T0-11 
/T2-T5-1  /T2-T4-1  /D:1      /W-T3-1   /T1-T3-2  /D:2      /W-T6-1   /D:1      /W-T1-1   /D:1      
/W-T5-1   /D:1      /W-T1-1   /D:1      /W-F3-1   /D:1      /W-T5-1   /T4-T5-2  /T4-F1-1  /T3-F1-1  
/T0-F1-1  /T3-F2-1  /T0-F2-1  /W-F1-1   /T5-T0-1  /T5-F1-1  /R        /D:2      /W-T1-1   /T5-T1-5  
/T5-F3-1  /W-T5-1   /T3-T5-8  /T5-F3-1  /D:1      /W-F0-1   /T0-F0-1  /T0-F3-1  /T5-F0-1  /T1-F0-1  
/T5-F1-1  /T1-F1-1  /D:2      /W-F3-1   /D:1      /W-F1-1   /D:1      /W-F2-1   /T0-F2-1  /T0-F3-1  
/T5-F2-1  /T1-F2-1  /T1-F1-1  /T5-F3-1  /T6-F2-1  /T6-F1-1  /T6-F0-1  /T0-F0-1  /T0-F3-1  /T0-F2-1  
/T5-F0-1  /T1-F0-1  /T0-F1-1  /T5-F3-1  /T1-F3-1  /T5-F0-1  /T0-F0-1  /W-F2-1   /T1-F2-1  /T5-F1-1  
/T1-F1-1  /T3-F2-1  /T5-F0-1  /D:1      /W-F3-1   /T0-F3-1  
"
1021449,d#IX#HEf#Kxbv#zaQVM#iSqNjC#kFRPUoA#JtwsluTgYWmeyLDZOhGcBnpr,84.500000,2211.000000,47.000000,0.694805,1,"
minimal: 0 / states: 124 / duration: 0.000143s
history:
/T6-F0-1  /T5-T0-1  /T3-T5-1  /T3-T0-1  /T5-T3-2  /T5-F3-1  /D:1      /W-T1-1   /D:4      /W-T4-1   
/T3-T4-3  /D:5      /W-T3-1   /D:7      /W-F3-1   /D:1      /W-T4-1   /D:1      /W-T4-1   /T2-T4-1  
/T2-T4-1  /T0-T4-3  /T4-T0-12 /T4-T1-1  /T2-T1-1  /W-T2-1   /D:1      /W-T5-1   /T6-T5-1  /D:1      
/W-F0-1   /D:1      /W-F2-1   /T5-F2-1  /D:1      /W-F2-1   /D:1      /R        /D:1      /W-T6-1   
/D:4      /W-T1-1   /D:5      /W-T2-1   /T1-T2-5  /T6-T1-2  /T6-F3-1  /T4-F3-1  /T4-F1-1  /T0-F1-1  
/T0-F0-1  /T5-F1-1  /T0-F1-1  /T5-F2-1  /T6-F3-1  /T5-F3-1  /T6-T2-1  /W-F1-1   /T1-T3-3  /W-T1-1   
/W-T4-1   /T3-T4-5  /D:1      /W-T1-1   /T6-T1-1  /D:1      /W-F0-1   /T0-F0-1  /T2-F0-1  /T0-F1-1  
/T0-F0-1  /T2-F3-1  /T2-F0-1  /W-F1-1   /T0-F1-1  /T5-F1-1  /T4-T0-2  /T4-F0-1  /T0-T4-3  /T0-F1-1  
/T1-F1-1  /W-T2-1   /D:1      /W-F2-1   /W-F2-1   /T4-F2-1  /T2-F2-1  /T4-F3-1  /T2-F3-1  /T2-F0-1  
/T4-F2-1  /T4-F3-1  /T4-F0-1  /W-F2-1   /T0-F2-1  /T0-F1-1  /T2-F3-1  /T1-F0-1  /T2-F2-1  /T1-F1-1  
/T4-F3-1  /T0-F0-1  /T2-F3-1  /T4-F2-1  
"
1021468,O#YV#QgT#ZfCt#IldBA#bqUpaz#MRNXGWD#wxnPHyjEFrLJekmKshiucvSo,117.500000,2840.000000,71.000000,0.495238,1,"
minimal: 0 / states: 136 / duration: 0.000157s
history:
/T4-F0-1 /T4-F0-1 /D:3     /W-F2-1  /D:1     /W-T6-1  /D:1     /W-T1-1  /T2-T1-1 /D:4     
/W-T1-1  /D:4     /W-T1-1  /T6-T1-2 /D:4     /W-T2-1  /D:5     /W-T6-1  /D:1     /W-T3-1  
/D:1     /W-F2-1  /R       /D:5     /W-T3-1  /T4-T3-1 /T4-T5-1 /D:6     /W-T5-1  /T6-T5-2 
/D:1     /W-T4-1  /T6-T4-1 /D:3     /R       /D:1     /W-T6-1  /T1-T6-7 /D:1     /W-T1-1  
/D:2     /W-T1-1  /T4-T1-3 /T5-T4-5 /T5-F1-1 /T5-F2-1 /T3-T5-4 /T3-F0-1 /T5-T4-5 /T5-F2-1 
/T5-F1-1 /T3-T1-1 /W-T3-1  /T6-T3-9 /T6-F3-1 /T0-F3-1 /T3-F3-1 /T6-T2-1 /T3-F0-1 /T1-T6-7 
/D:1     /W-F2-1  /D:4     /W-T0-1  /D:3     /W-F1-1  /T4-F1-1 /T3-F1-1 /T4-F0-1 /T6-F1-1 
/T3-F0-1 /T2-T3-2 /T2-F1-1 /T2-F3-1 /T3-F3-1 /T3-F2-1 /T4-F3-1 /T3-F3-1 /T4-F2-1 /T6-F0-1 
/T3-F0-1 /T4-F3-1 /T6-F1-1 /T6-F0-1 /W-F2-1  /T3-F3-1 /T4-F2-1 /T4-F3-1 /W-F1-1  /T3-F2-1 
/T6-F1-1 /T6-F2-1 /T3-F3-1 /T3-F2-1 /T6-F3-1 /T3-F3-1 /W-F1-1  /W-F0-1  /T4-F0-1 /T4-F1-1 
/T4-F2-1 /W-F0-1  /T0-F1-1 /T6-F0-1 
"
1021608,Y#fo#NtL#IWqb#drscD#gkphnZ#VHzUMyR#wKaBxOmPvFAGuEjTQJeClSiX,162.000000,4950.000000,56.000000,0.547170,1,"
minimal: 0 / states: 126 / duration: 0.000142s
history:
/T4-T6-1 /T4-T6-1 /T6-T4-3 /T6-T5-1 /T1-T4-1 /T0-T6-1 /T5-T0-2 /T5-F2-1 /T4-F2-1 /D:2     
/W-T6-1  /D:1     /W-F1-1  /T3-F1-1 /T4-F1-1 /D:5     /W-T3-1  /D:3     /W-F0-1  /D:1     
/W-T5-1  /T1-T5-1 /T6-T1-3 /D:2     /W-T5-1  /D:1     /W-T1-1  /D:2     /W-T5-1  /D:3     
/W-T5-1  /D:4     /W-T0-1  /R       /D:1     /W-T0-1  /D:1     /W-F0-1  /T5-F0-1 /T4-F0-1 
/T3-T4-2 /D:4     /W-T1-1  /T5-T1-5 /T5-F2-1 /T5-T2-1 /T4-T5-4 /T1-T4-1 /T1-F0-1 /T4-T1-2 
/T4-F1-1 /W-T4-1  /T2-T4-2 /T2-T6-1 /T2-F3-1 /W-F3-1  /T5-F3-1 /T1-F3-1 /T5-F2-1 /T1-F2-1 
/T5-F3-1 /T5-F2-1 /T6-F2-1 /D:1     /W-F0-1  /D:1     /W-F2-1  /D:2     /W-T4-1  /D:1     
/W-F1-1  /T1-F1-1 /T5-F1-1 /T1-F0-1 /T1-F1-1 /T6-T1-1 /T6-T2-1 /T6-F0-1 /T6-T0-1 /D:1     
/W-T2-1  /D:1     /W-F3-1  /W-F3-1  /T1-F3-1 /T0-F3-1 /T1-F2-1 /T3-F3-1 /T3-F0-1 /T0-F2-1 
/T0-F3-1 /T4-F0-1 /W-F2-1  /T0-F2-1 /T1-T2-2 /T1-F3-1 /T0-F3-1 /T2-T1-3 /T2-F2-1 /D:1     
/W-F1-1  /T1-F1-1 /T1-F0-1 /T4-F1-1 /T1-F1-1 /T4-F0-1 /T1-F0-1 /T4-F1-1 
"
1021657,x#LK#RWg#zlkV#OTYmM#HycDvd#eptuNCG#IiasXPwFJfoqhQbErSUBAnZj,149.000000,1441.000000,56.000000,0.728448,1,"
minimal: 0 / states: 125 / duration: 0.000137s
history:
/D:3      /W-F1-1   /D:1      /W-T2-1   /D:6      /W-T6-1   /D:5      /W-F1-1   /D:1      /W-T6-1   
/T5-T6-1  /D:3      /W-T5-1   /T6-T5-4  /T6-T5-1  /T6-F3-1  /T6-T3-1  /T2-T3-2  /T5-T2-7  /T2-T0-8  
/T5-T2-1  /T5-F1-1  /T2-T3-2  /T4-T2-1  /T5-T4-1  /W-T6-1   /W-T6-1   /W-T6-1   /T0-T6-1  /T0-F1-1  
/D:2      /W-F0-1   /W-F0-1   /T6-F0-1  /T3-F0-1  /T0-F0-1  /D:1      /W-F2-1   /D:2      /W-T1-1   
/R        /D:1      /W-T1-1   /D:2      /W-T4-1   /D:2      /W-T4-1   /T3-T4-5  /D:1      /W-F0-1   
/D:1      /W-T3-1   /D:1      /W-F2-1   /D:1      /W-T4-1   /W-T4-1   /W-T3-1   /T5-T3-1  /T4-T5-11 
/T4-T2-1  /T1-T2-3  /T3-T1-4  /T4-T1-1  /T4-F3-1  /T5-F3-1  /T6-F3-1  /T0-T3-6  /D:1      /W-T2-1   
/T6-T2-3  /T6-F2-1  /T5-F2-1  /T2-F2-1  /T5-F3-1  /T2-F3-1  /T6-F1-1  /T3-F1-1  /T3-F0-1  /T5-F2-1  
/T1-F3-1  /T2-F2-1  /T3-F3-1  /T5-F1-1  /T1-F0-1  /T2-F1-1  /T2-F0-1  /T5-F2-1  /T1-F1-1  /T3-F2-1  
/T2-F1-1  /T5-F3-1  /T1-F0-1  /T3-F3-1  /T2-F0-1  /T5-F2-1  /T1-F1-1  /T3-F2-1  /T3-F1-1  /T5-F3-1  
/T1-F0-1  /T2-F3-1  /T2-F0-1  /T5-F2-1  /T3-F2-1  /T5-F1-1  /D:1      /W-F3-1   
"
1021667,T#ep#QCR#qJFI#OUKyz#MHdbxh#DovLGaN#wWZgSsrjlmAEfPkcBXVtiYun,129.000000,1378.000000,50.000000,0.567073,1,"
minimal: 0 / states: 125 / duration: 0.000131s
history:
/T6-F3-1  /T6-F1-1  /T5-T3-1  /T6-T3-1  /D:2      /W-T5-1   /T3-T5-3  /T2-T3-1  /T3-T0-2  /D:3      
/W-T5-1   /D:2      /W-T5-1   /D:2      /W-T4-1   /T5-T4-7  /T5-F1-1  /T5-T4-1  /T1-T4-1  /T0-T5-3  
/T4-T0-11 /D:2      /W-F0-1   /D:4      /W-T4-1   /T3-T4-1  /W-T3-1   /T3-T1-2  /D:1      /W-F1-1   
/D:1      /W-F0-1   /T2-F0-1  /T0-T2-1  /T0-F1-1  /T1-T5-2  /T1-F1-1  /W-F1-1   /T2-T0-2  /D:1      
/W-T6-1   /D:1      /W-T4-1   /T5-T4-6  /D:3      /W-T5-1   /D:2      /W-F2-1   /R        /D:1      
/W-T6-1   /D:1      /W-T1-1   /T4-T1-10 /T4-T5-1  /D:1      /W-F1-1   /T0-T4-5  /T0-F1-1  /T4-T0-6  
/T4-F3-1  /T1-F3-1  /D:2      /W-T5-1   /D:1      /W-T2-1   /T6-T2-3  /T6-T5-1  /T6-F2-1  /T0-F2-1  
/T0-F3-1  /T1-F2-1  /T0-F2-1  /T6-F0-1  /T1-F3-1  /W-F2-1   /T0-F3-1  /D:1      /W-F0-1   /T1-F0-1  
/T0-F0-1  /T1-F3-1  /T1-F0-1  /T0-F3-1  /T0-F0-1  /T1-F3-1  /T0-F3-1  /T1-F0-1  /T2-T1-1  /T2-F3-1  
/T5-T0-2  /T5-F0-1  /T2-F0-1  /T5-F3-1  /T5-F0-1  /T1-T2-3  /T1-F3-1  /D:1      /W-F2-1   /D:1      
/W-F1-1   /D:1      /W-F2-1   /T0-F2-1  /T0-F1-1  /T2-F2-1  /T0-F2-1  /T2-F1-1  /T0-F1-1  /T2-F2-1  
/T0-F2-1  /T2-F1-1  
"
1021747,X#nc#dSD#VyCm#gqepv#aABtwl#okjZRzN#PJHWxGEKFTYOIhLbusfriQUM,124.500000,3321.000000,51.000000,0.560976,1,"
minimal: 0 / states: 130 / duration: 0.000135s
history:
/T6-F3-1 /T5-T6-1 /T5-T0-1 /T1-T2-1 /T1-F2-1 /T6-T1-2 /T2-T6-2 /T2-T5-1 /D:5     /W-T1-1  
/W-T1-1  /T4-T1-1 /T4-T2-1 /D:2     /W-T5-1  /T2-T5-2 /T3-T2-1 /D:5     /W-F3-1  /D:2     
/W-T1-1  /T5-T1-5 /T5-T6-1 /T5-F0-1 /T5-F1-1 /T6-F0-1 /T3-F0-1 /T3-T2-1 /T0-T2-2 /T3-T2-1 
/D:2     /W-F1-1  /T6-F1-1 /T6-F0-1 /D:1     /W-T2-1  /D:7     /W-T0-1  /R       /D:1     
/W-F3-1  /D:6     /W-T2-1  /W-T2-1  /T6-T2-1 /T6-T3-1 /D:1     /W-T0-1  /W-T0-1  /T6-T0-1 
/D:1     /W-T0-1  /D:1     /W-T3-1  /T6-T3-1 /T6-F2-1 /T1-F2-1 /T1-F1-1 /T4-F1-1 /T4-F2-1 
/T1-F0-1 /D:1     /W-T4-1  /T2-T4-1 /T2-F0-1 /W-F0-1  /W-F0-1  /T0-F0-1 /W-F0-1  /D:1     
/W-F1-1  /T4-T2-2 /T4-F1-1 /D:1     /W-F2-1  /D:2     /W-F3-1  /T2-F3-1 /T1-F3-1 /T2-F2-1 
/T1-F2-1 /T1-F1-1 /T2-F3-1 /T2-F2-1 /W-F1-1  /T0-F1-1 /T0-F0-1 /T1-F2-1 /T3-F1-1 /T3-F0-1 
/T1-T0-2 /T1-F1-1 /T0-T1-3 /T0-F0-1 /T2-T3-4 /T2-F1-1 /D:1     /W-F3-1  /T3-F3-1 /T1-F3-1 
/T3-F2-1 /T1-F2-1 /T3-F3-1 /T1-F3-1 /T3-F2-1 /T1-F2-1 /T3-F3-1 
"
1021762,h#Pc#vea#StpI#zgqDQ#TLfruX#sHWibnw#GoMROVNkKBUyYmdxAJFjEClZ,106.500000,1065.000000,41.000000,0.717647,1,"
minimal: 0 / states: 119 / duration: 0.000136s
history:
/T2-F1-1 /T6-T5-1 /T6-F2-1 /T6-F1-1 /T1-F1-1 /T6-T5-1 /T3-T6-1 /T3-T4-1 /T3-T0-1 /T0-T6-2 
/T3-T6-1 /D:2     /W-F2-1  /T4-F2-1 /D:1     /W-T0-1  /D:4     /W-F3-1  /D:3     /W-T1-1  
/D:3     /W-T0-1  /D:1     /W-T3-1  /W-T3-1  /T5-T3-3 /T5-T3-1 /T4-T5-1 /T4-T2-1 /T4-F2-1 
/T5-T6-2 /T4-T3-1 /T1-T2-2 /D:1     /W-F1-1  /D:1     /W-T0-1  /T6-T0-7 /D:1     /W-F0-1  
/T2-F0-1 /D:2     /W-T3-1  /T2-T3-3 /D:2     /W-T5-1  /T0-T5-1 /T0-F2-1 /D:1     /W-F0-1  
/D:1     /W-T4-1  /D:1     /W-T1-1  /R       /D:3     /W-F3-1  /T3-F3-1 /T3-F0-1 /T3-F1-1 
/T5-F3-1 /T5-F0-1 /T5-F1-1 /W-F3-1  /T0-F3-1 /T3-F0-1 /W-F0-1  /T6-F0-1 /T6-F2-1 /T0-F2-1 
/T3-F1-1 /T0-F1-1 /T5-T1-1 /T5-F3-1 /T3-F2-1 /T3-F1-1 /T0-F0-1 /T2-F2-1 /T3-F2-1 /D:2     
/W-T1-1  /D:1     /W-T4-1  /T0-T4-1 /T0-F2-1 /D:1     /W-F3-1  /W-F3-1  /T4-F3-1 /T3-F3-1 
/T0-F3-1 /T3-F2-1 /T1-T3-2 /T1-F3-1 /T4-T0-2 /T4-F2-1 /D:1     /W-F0-1  /T0-F0-1 /D:1     
/W-F1-1  /T3-F1-1 /T0-F1-1 /T3-F0-1 /T0-F0-1 /T3-F1-1 
"
1021847,D#mO#UCn#NELl#wZBFc#fepaVo#sQtJygz#SuMYrAdHvIkqKWPGhxXiRTjb,129.500000,1575.000000,67.000000,0.505000,1,"
minimal: 0 / states: 136 / duration: 0.000148s
history:
/T2-F2-1 /T5-F2-1 /T4-T0-1 /T3-T6-1 /T1-T2-1 /T3-T1-1 /D:2     /W-T5-1  /D:4     /W-F0-1  
/D:1     /W-T3-1  /T2-T3-2 /D:4     /W-T1-1  /D:2     /W-T6-1  /D:1     /W-T6-1  /D:2     
/W-T2-1  /D:5     /W-T4-1  /T0-T4-2 /T6-T0-4 /T6-T5-1 /T4-T5-4 /T4-F0-1 /T6-T4-1 /T5-T6-7 
/T5-F1-1 /T5-F2-1 /T6-T1-8 /D:3     /W-F1-1  /T1-F1-1 /R       /D:1     /W-T2-1  /T3-T2-4 
/T3-F3-1 /T2-F3-1 /T2-F0-1 /T2-F1-1 /T5-F1-1 /T4-T3-2 /T1-F0-1 /T2-F0-1 /T5-F1-1 /D:1     
/W-T5-1  /D:1     /W-T5-1  /D:1     /W-T2-1  /D:2     /W-T0-1  /T2-T0-4 /D:2     /W-F2-1  
/T0-F2-1 /D:1     /W-F3-1  /D:2     /W-T5-1  /D:1     /W-T3-1  /T4-T3-1 /D:1     /W-T3-1  
/D:2     /W-T5-1  /R       /D:1     /W-T3-1  /D:1     /W-T5-1  /D:1     /W-T5-1  /T6-T5-1 
/T6-F3-1 /T1-F3-1 /T0-F3-1 /T1-F0-1 /T0-F0-1 /T6-F2-1 /T1-F1-1 /T5-F2-1 /T5-F1-1 /T1-F2-1 
/T3-F0-1 /T3-F1-1 /T5-F0-1 /T5-F1-1 /T1-T3-1 /T1-F0-1 /T1-F1-1 /T0-T5-3 /T0-F0-1 /T0-F1-1 
/T1-F0-1 /T1-F1-1 /T5-T0-5 /T5-F0-1 /D:1     /W-F3-1  /T0-F3-1 /T0-F2-1 /T3-F3-1 /T0-F3-1 
/T3-F2-1 /T0-F2-1 /T3-F3-1 /T0-F3-1 /T3-F2-1 /T0-F2-1 /T3-F3-1 
"
1021853,l#wi#FpJ#KDuT#qOfZh#nrxkaB#mRNzWcG#EosXgLIVPYbeCdSAMUHjyQvt,123.000000,3403.000000,51.000000,0.572289,1,"
minimal: 0 / states: 126 / duration: 0.000139s
history:
/T6-T4-1 /T5-T6-1 /T5-F1-1 /T2-T5-1 /T1-T5-1 /D:3     /W-T3-1  /D:5     /W-T1-1  /D:3     
/W-F1-1  /D:1     /W-T3-1  /D:3     /W-T4-1  /D:1     /W-F0-1  /T6-F0-1 /T6-F1-1 /W-F1-1  
/T3-F1-1 /W-F0-1  /D:3     /W-T1-1  /T3-T1-2 /T3-T5-1 /T3-F0-1 /T6-T3-1 /T0-T6-1 /T6-T0-2 
/T6-F3-1 /T6-T1-1 /T3-T0-2 /D:2     /W-T6-1  /T5-T6-4 /W-T5-1  /D:2     /W-T0-1  /T4-T0-3 
/T4-T3-1 /T4-F1-1 /T4-F3-1 /T4-T1-1 /D:1     /R       /D:1     /W-F0-1  /D:3     /W-F1-1  
/D:1     /W-T3-1  /W-T3-1  /T1-T3-7 /D:1     /W-T5-1  /D:1     /W-F3-1  /D:2     /W-T1-1  
/W-T1-1  /T5-T1-3 /T5-T0-1 /T5-F2-1 /W-F2-1  /T2-F2-1 /T3-F2-1 /T0-F2-1 /T2-F0-1 /D:1     
/W-T1-1  /T0-T1-2 /T0-F1-1 /D:1     /W-F3-1  /T3-F3-1 /T1-F3-1 /T1-F0-1 /T3-F2-1 /T3-F3-1 
/T3-F0-1 /T1-F3-1 /T1-F0-1 /T3-F3-1 /T0-T1-1 /T0-F3-1 /T6-T3-2 /T6-F0-1 /T0-F0-1 /T3-T6-3 
/T3-F3-1 /T3-F0-1 /T1-T0-3 /T1-F3-1 /T1-F0-1 /T3-F3-1 /D:1     /W-F2-1  /T6-F2-1 /T0-F2-1 
/T6-F1-1 /T0-F1-1 /T6-F2-1 /T0-F2-1 /T6-F1-1 /T0-F1-1 /T6-F2-1 /T0-F2-1 /T6-F1-1 
"
1021856,Y#DN#eOW#KHPx#jTtzQ#MywFhq#vmGsoid#fRLSXIpEUcgrlaunZJkVbACB,124.500000,1210.000000,40.000000,0.654321,1,"
minimal: 0 / states: 126 / duration: 0.000135s
history:
/T1-F3-1 /T3-T0-1 /T2-T0-1 /T2-F3-1 /T3-F3-1 /T4-F3-1 /T5-T2-1 /T0-T4-3 /T4-T0-4 /T4-T5-1 
/T4-T3-1 /D:1     /W-T5-1  /D:1     /W-F3-1  /D:2     /W-F3-1  /T3-F3-1 /D:2     /W-T0-1  
/T5-T0-3 /F3-T3-1 /T5-T3-1 /T2-T3-2 /D:1     /W-T6-1  /D:1     /W-T0-1  /T6-T0-2 /T6-T5-1 
/T3-T5-5 /T4-T3-1 /D:2     /W-T1-1  /T6-T1-1 /D:4     /W-F1-1  /D:2     /W-F2-1  /T1-F2-1 
/T0-F2-1 /T5-F2-1 /T1-T5-2 /D:1     /W-T1-1  /D:4     /W-F1-1  /T5-F1-1 /T0-F1-1 /D:1     
/W-F0-1  /D:2     /W-F0-1  /W-F0-1  /T5-F0-1 /T0-F0-1 /T5-F1-1 /T5-F0-1 /T6-T5-1 /T6-F0-1 
/T6-T2-1 /T0-F1-1 /T6-T3-1 /R       /D:1     /W-T1-1  /D:1     /W-T1-1  /T5-T1-5 /T5-T2-1 
/D:1     /W-T3-1  /D:1     /W-F1-1  /T0-T3-1 /T0-F1-1 /D:1     /W-F2-1  /T1-F2-1 /T1-F3-1 
/T1-F0-1 /T3-F2-1 /T3-F3-1 /T0-F0-1 /T1-F1-1 /T3-T0-1 /T3-F1-1 /D:1     /W-T5-1  /T3-T5-1 
/D:1     /W-F2-1  /T0-F2-1 /T1-F2-1 /T0-T5-1 /T0-F2-1 /T2-F2-1 /D:1     /W-F0-1  /D:1     
/W-F1-1  /T5-T0-2 /T5-F1-1 /T2-F1-1 /T0-T5-3 /T0-F2-1 /D:1     /W-F3-1  /T5-F3-1 /T1-F3-1 
/T5-F0-1 /T1-F0-1 /T5-F3-1 /T1-F3-1 /T5-F0-1 
"
1021941,B#MS#eLw#lvqY#ctVEH#ZNkACK#RQfmPnG#dDgjXpbFuITOWJyazoUhsrxi,139.500000,1382.000000,66.000000,0.631579,1,"
minimal: 0 / states: 132 / duration: 0.000221s
history:
/T5-T3-1 /T1-T6-1 /T3-T1-2 /D:3     /W-T4-1  /D:1     /W-T1-1  /D:3     /W-T5-1  /D:1     
/W-T4-1  /D:2     /W-T1-1  /D:6     /W-F1-1  /T5-F1-1 /D:3     /W-T1-1  /T6-T1-2 /T6-F2-1 
/W-F2-1  /T6-T3-1 /T0-T3-1 /T6-T0-1 /D:3     /W-T1-1  /D:2     /W-T2-1  /T4-T2-3 /T4-T6-1 
/R       /D:1     /W-T1-1  /T5-T1-1 /T5-F0-1 /T3-F0-1 /T2-T5-5 /T5-T2-6 /T5-F3-1 /T2-T0-7 
/T3-T2-2 /T1-F0-1 /T2-T0-3 /D:1     /W-F0-1  /T6-F0-1 /D:2     /W-F2-1  /D:1     /W-T4-1  
/D:1     /W-T4-1  /D:1     /W-F3-1  /T0-F3-1 /T0-F2-1 /D:3     /W-T5-1  /D:1     /W-T2-1  
/D:1     /W-T3-1  /D:1     /W-T4-1  /T0-T4-1 /T0-F0-1 /D:1     /R       /D:1     /W-T5-1  
/D:2     /W-T5-1  /T4-T5-5 /T6-T4-1 /T6-F3-1 /T6-F3-1 /T4-T3-2 /T4-F1-1 /T1-F1-1 /T1-F2-1 
/T1-F3-1 /T5-F1-1 /T3-F1-1 /T1-F0-1 /T5-F2-1 /T0-F1-1 /T3-F2-1 /T3-F1-1 /T5-F3-1 /T0-F0-1 
/T1-F3-1 /T1-F0-1 /T5-F2-1 /T0-F1-1 /T3-F2-1 /T1-F1-1 /T5-F3-1 /T0-F2-1 /T5-F0-1 /T0-F1-1 
/W-F3-1  /T1-F0-1 /T5-F3-1 /T0-F0-1 /T1-F3-1 /T1-F0-1 /T3-F1-1 /T0-F1-1 /D:1     /W-F2-1  
/T5-F2-1 /T2-F2-1 /T5-F3-1 
"
1021977,R#Dr#LsM#ZFdw#tljaB#EfzbYq#XKVGgSA#hWmUxNQcPIounCeTvOipykJH,140.500000,1159.000000,46.000000,0.625000,1,"
minimal: 0 / states: 115 / duration: 0.000134s
history:
/T6-F0-1  /T4-F0-1  /T4-F1-1  /T5-T0-1  /T5-T2-1  /T5-F1-1  /T1-T6-1  /D:5      /W-T2-1   /T4-T2-1  
/T4-T5-1  /T6-T4-2  /D:1      /W-F3-1   /D:1      /W-T4-1   /D:1      /W-F1-1   /D:1      /W-T0-1   
/D:1      /W-T2-1   /W-T2-1   /T4-T2-4  /T2-T4-10 /T2-T6-1  /T0-T6-3  /T5-T0-2  /D:1      /W-T6-1   
/D:2      /W-F2-1   /T6-F2-1  /D:1      /W-F0-1   /T1-F0-1  /D:4      /W-F3-1   /T6-F3-1  /T4-F3-1  
/D:1      /W-T3-1   /D:1      /W-F2-1   /T6-F2-1  /T6-F3-1  /T4-F2-1  /T4-F3-1  /T5-T4-1  /T5-F0-1  
/T6-F2-1  /D:2      /W-T2-1   /T3-T2-2  /T3-F1-1  /T3-F0-1  /W-T3-1   /D:2      /W-T2-1   /T6-T2-1  
/T6-F0-1  /R        /D:3      /W-T1-1   /T2-T1-6  /D:1      /W-T6-1   /T1-T6-1  /T1-F0-1  /D:1      
/W-F1-1   /T4-F1-1  /T4-F2-1  /T6-F1-1  /T6-F2-1  /D:1      /W-F3-1   /T4-F3-1  /T6-F3-1  /T6-T0-1  
/T4-F0-1  /W-F3-1   /W-F1-1   /T1-F1-1  /T4-F1-1  /T6-F3-1  /D:1      /W-F2-1   /T1-F2-1  /T4-F2-1  
/T1-F1-1  /T3-F2-1  /T4-F3-1  /T3-F3-1  /T0-T4-2  /T0-F2-1  /D:1      /W-F0-1   /T4-F0-1  /T1-F0-1  
/T4-F1-1  /T1-F1-1  /T4-F0-1  
"
1030022,e#iQ#xjF#JTYK#VrOwl#CuzWZN#cLRpGAI#XtnHUbMakmdoBgsDEvhSfyqP,154.000000,1807.000000,55.000000,0.575000,1,"
minimal: 0 / states: 129 / duration: 0.000154s
history:
/T5-F3-1 /T3-T4-1 /T0-T2-1 /T5-T0-1 /T6-T5-1 /T6-F0-1 /T5-T4-2 /T4-T5-4 /D:3     /W-F2-1  
/D:2     /W-T5-1  /T6-T5-1 /T6-T1-1 /D:1     /W-T1-1  /D:2     /W-F1-1  /T1-F1-1 /D:4     
/W-F2-1  /T1-F2-1 /D:1     /W-F0-1  /D:3     /W-T2-1  /D:4     /W-T5-1  /D:2     /W-T0-1  
/D:1     /W-F2-1  /D:1     /W-T2-1  /R       /D:1     /W-T0-1  /T4-T0-1 /T4-F3-1 /T2-F3-1 
/T1-F3-1 /T4-F2-1 /T6-F3-1 /T1-T0-1 /T5-T1-8 /T5-T0-1 /T5-F0-1 /T1-F3-1 /T2-F0-1 /D:2     
/W-T4-1  /D:1     /W-T5-1  /T3-T5-1 /T3-F3-1 /F3-T0-1 /T2-T0-2 /T4-T3-2 /D:1     /W-T6-1  
/T3-T6-3 /D:1     /W-T3-1  /T6-T3-5 /T6-F1-1 /D:1     /W-F1-1  /T0-F1-1 /D:1     /W-T3-1  
/T0-T3-1 /T0-F3-1 /D:1     /W-F2-1  /W-F2-1  /T0-F2-1 /D:1     /W-F0-1  /T3-F0-1 /T1-F0-1 
/T1-F3-1 /T3-T0-2 /T3-F3-1 /T1-T2-1 /T1-F3-1 /T2-T1-2 /T2-T5-1 /D:1     /W-F2-1  /T0-T3-3 
/T0-F2-1 /T0-F3-1 /T5-F2-1 /T0-F2-1 /T5-F3-1 /T0-F3-1 /T1-T5-4 /T1-F2-1 /D:1     /W-T5-1  
/D:1     /W-F1-1  /T3-F1-1 /T3-F0-1 /T5-F1-1 /T3-F1-1 /T5-F0-1 /T3-F0-1 /T5-F1-1 /T3-F1-1 
/T5-F0-1 /T3-F0-1 /T5-F1-1 /T3-F1-1 /T5-F0-1 
"
1030114,e#GZ#kBK#dSti#lPcru#IwhCNW#xJoYUyv#QfFmnTaAbVjDqpgLRMXsOHEz,121.000000,811.000000,35.000000,0.786517,1,"
minimal: 0 / states: 107 / duration: 0.000143s
history:
/T6-T5-1 /T5-T2-2 /T5-F3-1 /T6-T1-1 /T4-T3-1 /T6-T2-1 /T2-T6-4 /D:1     /W-T4-1  /T5-T4-1 
/D:4     /W-F2-1  /D:1     /W-T3-1  /D:1     /W-F1-1  /D:1     /W-F0-1  /T2-F0-1 /T2-T1-1 
/T1-T2-3 /T4-F0-1 /T1-T5-1 /W-T1-1  /W-T3-1  /W-T5-1  /T4-T5-2 /T0-T3-1 /D:1     /W-F1-1  
/T4-F1-1 /D:3     /W-T3-1  /T4-T3-1 /D:2     /W-T5-1  /D:2     /W-T1-1  /D:2     /W-T0-1  
/T6-T0-5 /T6-F2-1 /T3-T6-7 /T3-T0-1 /T3-T0-1 /T6-T2-8 /T3-F1-1 /T5-F2-1 /T6-T4-1 /D:1     
/W-T1-1  /D:2     /W-F3-1  /T2-F3-1 /T2-F0-1 /T5-F3-1 /T2-F1-1 /T5-T0-1 /T5-F1-1 /D:2     
/W-F0-1  /T2-F0-1 /T5-F0-1 /W-F0-1  /W-T2-1  /W-F3-1  /W-F1-1  /W-F2-1  /T0-F2-1 /T0-F3-1 
/T2-F2-1 /T0-F2-1 /T2-F3-1 /T0-F3-1 /T2-F2-1 /T5-F1-1 /T0-F2-1 /T2-F1-1 /T5-F2-1 /T5-F0-1 
/W-F1-1  /W-F3-1  /T0-F3-1 /T2-F0-1 /T0-F0-1 /T1-F3-1 /T2-F1-1 /T1-F0-1 /T4-F2-1 /T0-F3-1 
/T2-F2-1 /T2-F3-1 /T4-F1-1 /T0-F0-1 /T1-F1-1 /D:1     /W-F2-1  
"
1030128,j#Lf#TgJ#xIry#hsAcE#KtReUa#HozkPbd#ZMpwVmqOiBXnWSvGQCluDNYF,141.500000,2149.000000,49.000000,0.626316,1,"
minimal: 0 / states: 126 / duration: 0.000141s
history:
/T5-F1-1  /T6-T4-1  /T6-F1-1  /T4-T1-2  /T4-F1-1  /T4-F0-1  /T1-F1-1  /D:5      /W-T2-1   /D:5      
/W-F0-1   /D:1      /W-T3-1   /T2-T3-2  /T4-T2-1  /D:1      /W-F2-1   /D:3      /W-T0-1   /T5-T0-1  
/T5-F1-1  /T5-T2-1  /T1-T5-2  /T5-T0-3  /T0-T5-6  /D:1      /W-T4-1   /W-T4-1   /T5-T4-1  /T5-F1-1  
/D:1      /W-T4-1   /D:1      /W-F0-1   /D:2      /W-T3-1   /T2-T3-3  /T3-T2-2  /T3-F1-1  /T2-T3-3  
/D:1      /W-T3-1   /T6-T3-1  /T6-T1-1  /T6-T0-1  /T6-F2-1  /W-T0-1   /T5-T0-5  /D:1      /W-F3-1   
/D:2      /R        /D:1      /W-T2-1   /T3-T2-10 /D:1      /W-T5-1   /D:1      /W-F2-1   /D:1      
/W-T1-1   /D:2      /W-F2-1   /T3-F2-1  /T4-T3-5  /W-T4-1   /T1-T4-3  /D:1      /W-F3-1   /T2-F3-1  
/T2-F0-1  /T3-F3-1  /T2-F3-1  /T2-F2-1  /T3-F0-1  /T3-F3-1  /T0-F2-1  /T2-F3-1  /T2-F2-1  /T0-F3-1  
/T0-F2-1  /T3-T0-3  /T2-F3-1  /T4-F2-1  /T3-F2-1  /D:1      /W-T2-1   /T6-T2-1  /D:1      /W-F3-1   
/T2-T4-3  /T2-F3-1  /T2-F2-1  /T0-T5-6  /T0-F2-1  /D:1      /W-F3-1   /T2-F3-1  /D:1      /W-F0-1   
/T5-F0-1  /T4-F0-1  /T5-F1-1  /T4-F1-1  /T5-F0-1  /T4-F0-1  /T5-F1-1  /T4-F1-1  /T5-F0-1  /T4-F0-1  
/T5-F1-1  /T4-F1-1  /T5-F0-1  
"
1030151,u#cr#MRh#WLdZ#EAbIe#voDPYT#lFgGmXC#kpQOKVyNSwJjiqHsxaUnfBtz,133.000000,2124.000000,44.000000,0.672619,1,"
minimal: 0 / states: 120 / duration: 0.000147s
history:
/T5-T0-1  /D:3      /W-T1-1   /T6-T1-1  /D:1      /W-T1-1   /D:1      /W-T5-1   /D:2      /W-T3-1   
/T6-T3-1  /D:1      /W-F3-1   /T1-F3-1  /D:2      /W-T3-1   /D:2      /W-T5-1   /D:1      /W-T3-1   
/T0-T3-2  /T6-T0-1  /T6-T2-1  /D:1      /W-T4-1   /D:2      /W-T3-1   /T4-T3-2  /T4-T5-1  /T2-T5-2  
/T4-T1-1  /T4-F0-1  /D:2      /W-F1-1   /T1-F1-1  /D:2      /W-F2-1   /D:1      /W-T5-1   /T1-T5-3  
/T1-T3-1  /T3-T1-11 /T3-T4-1  /T3-T0-1  /T1-F1-1  /T4-F1-1  /T1-T2-1  /T1-F1-1  /T2-T1-2  /T5-T2-10 
/T5-F3-1  /D:1      /W-F0-1   /T2-F0-1  /T5-F0-1  /T5-F2-1  /T2-F3-1  /T4-F0-1  /W-T5-1   /T5-T3-2  
/D:1      /W-T3-1   /D:1      /W-T4-1   /R        /D:1      /W-T0-1   /D:1      /W-F2-1   /T1-F2-1  
/T1-F3-1  /T2-F2-1  /T1-F2-1  /T2-F1-1  /T6-F1-1  /T6-F0-1  /T2-F0-1  /T2-F1-1  /T3-F2-1  /T6-T4-1  
/D:2      /W-F3-1   /T1-F3-1  /T1-F2-1  /T3-F3-1  /T3-F2-1  /T1-F1-1  /T1-F2-1  /W-F3-1   /T3-F3-1  
/T1-F3-1  /T2-T4-3  /T2-F3-1  /D:1      /W-T0-1   /D:1      /W-F0-1   /T4-F0-1  /T0-F0-1  /T4-F1-1  
/T0-F1-1  /T4-F0-1  /T0-F0-1  /T2-F0-1  /T4-F1-1  /T0-F1-1  /D:1      /W-F2-1   /T1-F2-1  /T1-F3-1  
/T4-F2-1  
"
1030157,l#wo#Hne#TuQp#Fvbir#WLOIVa#kYyPqCg#mStKXEzJdBfUDshAjRGNcZxM,112.000000,1557.000000,51.000000,0.606250,1,"
minimal: 0 / states: 126 / duration: 0.000141s
history:
/T5-F1-1 /D:4     /W-T0-1  /D:5     /W-T4-1  /T3-T4-1 /D:4     /W-T2-1  /D:1     /W-T6-1  
/T2-T6-2 /T2-F2-1 /T1-F2-1 /T6-T2-4 /T6-T3-1 /T5-T1-1 /T4-F2-1 /T6-F2-1 /T6-T2-1 /W-T5-1  
/T2-T1-6 /D:2     /W-F0-1  /D:1     /W-T0-1  /T5-T0-2 /T5-T3-1 /D:2     /W-T0-1  /D:1     
/W-F3-1  /T3-F3-1 /T1-F3-1 /T3-T4-1 /T3-F3-1 /W-F3-1  /D:1     /W-T1-1  /D:1     /W-T2-1  
/T6-T2-1 /D:1     /W-T6-1  /D:1     /R       /D:2     /W-T0-1  /T4-T0-3 /T3-T4-1 /T3-T4-1 
/W-T3-1  /T5-T3-1 /T5-T6-1 /D:2     /W-T2-1  /T1-T2-8 /D:2     /W-T1-1  /T6-T1-3 /T6-T3-1 
/D:1     /W-T3-1  /T4-T3-3 /T4-F1-1 /T4-T1-1 /T2-F1-1 /T4-T3-1 /D:1     /W-F0-1  /T0-F0-1 
/T0-F1-1 /T0-F2-1 /T2-F0-1 /T2-F1-1 /T2-F2-1 /W-F0-1  /T0-F3-1 /T3-F0-1 /T3-F3-1 /T0-F0-1 
/T0-F3-1 /W-F2-1  /T3-F2-1 /T1-F2-1 /T2-T3-2 /T2-F3-1 /T1-F3-1 /T2-F2-1 /T1-F2-1 /T2-F3-1 
/T1-F3-1 /T2-F2-1 /T1-F2-1 /T2-F3-1 /D:1     /W-F1-1  /T3-F1-1 /T3-F0-1 /T0-F0-1 /D:1     
/W-F1-1  /T3-F1-1 /T0-F1-1 /T3-F0-1 /T0-F0-1 /T3-F1-1 /T0-F1-1 /T3-F0-1 /T3-F1-1 /D:1     
/W-F0-1  
"
1030243,M#jE#XqY#nFsI#lOwCp#cSyPNf#zrbQiVm#TgvdxeLuJoBtZRaHDKkAUGhW,135.000000,3403.000000,50.000000,0.596386,1,"
minimal: 0 / states: 122 / duration: 0.000138s
history:
/T2-T0-1 /T1-T5-1 /T3-T1-1 /D:4     /W-T5-1  /T4-T5-1 /D:1     /W-T0-1  /T1-T0-2 /T6-T1-1 
/D:1     /W-T3-1  /T2-T3-1 /D:1     /W-T1-1  /T2-T1-1 /D:1     /W-T6-1  /D:1     /W-T1-1  
/T6-T1-2 /D:4     /W-T2-1  /D:2     /W-F1-1  /D:1     /W-T6-1  /D:4     /W-F0-1  /D:1     
/W-T0-1  /D:1     /W-T0-1  /T5-T0-4 /T5-F3-1 /T5-T3-1 /T5-T2-1 /W-T2-1  /D:2     /R       
/D:1     /W-T1-1  /T3-T1-4 /D:1     /W-T6-1  /T3-T6-1 /T3-F2-1 /D:2     /W-F2-1  /T0-F2-1 
/T4-T0-1 /T6-T4-4 /T4-T2-5 /T4-F3-1 /T1-F3-1 /T6-F3-1 /T6-F1-1 /T6-T5-1 /T1-F2-1 /T5-F2-1 
/T1-T2-1 /T1-F2-1 /T4-T6-1 /D:1     /W-F0-1  /T0-F0-1 /D:1     /W-F2-1  /D:1     /W-F3-1  
/T5-F3-1 /T5-F1-1 /T0-F1-1 /T1-F3-1 /T1-F2-1 /T2-F1-1 /W-F2-1  /D:1     /W-F0-1  /T0-F0-1 
/T0-F1-1 /T2-F0-1 /T0-F0-1 /T0-F3-1 /T2-F1-1 /T2-F0-1 /T1-F3-1 /T0-F0-1 /T1-F0-1 /D:1     
/W-F0-1  /D:1     /W-F1-1  /T2-F1-1 /T0-F1-1 /T2-F2-1 /T2-F1-1 /T0-F2-1 /T6-F1-1 /T2-F2-1 
/T6-F2-1 /T1-T2-2 /T1-F1-1 /D:1     /W-F3-1  /T2-F3-1 /T0-F3-1 /T2-F0-1 /T0-F0-1 /T2-F3-1 
"
1030319,E#zi#DOr#vgTN#UbCsl#IGfkBA#JmYQdua#xFSqwKPtMnZeHWyLRVpcojhX,129.000000,1691.000000,50.000000,0.637363,1,"
minimal: 0 / states: 119 / duration: 0.000142s
history:
/T3-F3-1 /T5-F0-1 /T5-F0-1 /T6-F1-1 /T6-T1-1 /T6-T0-1 /T6-T2-1 /T3-T1-1 /D:1     /W-T4-1  
/D:1     /W-T1-1  /D:3     /W-T5-1  /T1-T5-4 /T4-T1-2 /T4-T3-1 /T4-F0-1 /T4-F1-1 /D:1     
/W-T6-1  /D:2     /W-T4-1  /D:2     /W-F2-1  /D:2     /W-T3-1  /D:2     /W-T1-1  /D:3     
/W-T5-1  /D:2     /W-T0-1  /D:1     /W-F1-1  /T0-T2-1 /T0-F1-1 /T3-F1-1 /D:1     /W-F2-1  
/T2-F2-1 /D:1     /W-T6-1  /D:2     /R       /D:1     /W-T4-1  /T2-T4-2 /T2-F3-1 /T2-F0-1 
/T0-F0-1 /T5-T3-1 /T5-F0-1 /D:1     /W-F2-1  /D:1     /W-F3-1  /T4-F3-1 /T3-F3-1 /T4-F2-1 
/T3-F2-1 /T4-F3-1 /T5-F3-1 /T3-T5-1 /T4-F2-1 /T4-F3-1 /T3-T1-1 /D:1     /W-T0-1  /T6-T0-3 
/T6-T2-1 /D:1     /W-T3-1  /D:2     /W-T2-1  /T5-T2-5 /T5-F1-1 /T2-F1-1 /T2-F2-1 /T5-F0-1 
/W-F0-1  /T1-F2-1 /T5-F0-1 /T6-F0-1 /D:1     /W-T3-1  /D:1     /W-F3-1  /T1-F3-1 /T0-T1-1 
/T0-F0-1 /T3-F0-1 /D:1     /W-F1-1  /T2-F1-1 /T1-F1-1 /T2-F2-1 /T1-F2-1 /T2-F1-1 /T1-F1-1 
/T2-F2-1 /T2-F1-1 /T1-F2-1 /D:1     /W-F3-1  /T0-F3-1 /T0-F0-1 /T3-F3-1 
"
1030389,x#CX#fkK#hceP#AgzmJ#bIEqHj#OLSYBvW#iZaRnowrMysDFpTNQulUtdVG,130.000000,1576.000000,53.000000,0.524390,1,"
minimal: 0 / states: 125 / duration: 0.000153s
history:
/T6-T0-1  /T5-T2-1  /T6-T0-1  /T4-T1-1  /T6-T3-1  /T2-T6-2  /D:1      /W-T1-1   /T5-T1-1  /T3-T5-2  
/T5-T3-3  /D:2      /W-F1-1   /D:2      /W-F2-1   /D:1      /W-F2-1   /D:1      /W-T2-1   /D:3      
/W-T4-1   /T1-T4-4  /D:4      /W-F2-1   /D:1      /W-T4-1   /W-T4-1   /T3-T4-4  /D:1      /W-F3-1   
/D:1      /W-T5-1   /T1-T5-1  /T4-T1-12 /T6-T4-3  /T5-T6-3  /T5-T4-1  /T5-F1-1  /T3-F1-1  /T4-T5-5  
/T3-T0-1  /D:3      /W-T5-1   /D:1      /W-T0-1   /T6-T0-4  /T2-T6-2  /D:1      /W-F1-1   /D:1      
/W-T6-1   /D:1      /W-T5-1   /T2-T5-1  /R        /D:1      /W-T2-1   /T6-T2-4  /T6-F3-1  /D:2      
/W-T5-1   /D:1      /W-T3-1   /D:1      /W-T4-1   /W-T4-1   /T1-T4-3  /T1-F1-1  /D:2      /W-T2-1   
/T4-T2-6  /T4-F0-1  /T2-F0-1  /T0-F0-1  /T2-F3-1  /T0-F3-1  /T2-F2-1  /T5-F2-1  /W-F0-1   /T0-F0-1  
/T2-F3-1  /T0-F3-1  /T1-F0-1  /T2-F2-1  /T1-F3-1  /T5-F1-1  /T0-F2-1  /T2-F1-1  /T2-F2-1  /T5-F0-1  
/T0-F1-1  /T1-F0-1  /T1-F1-1  /T5-F3-1  /T0-F2-1  /T2-F3-1  /T2-F2-1  /T5-F0-1  /T0-F3-1  /T1-F0-1  
/T1-F3-1  /T5-F1-1  /T0-F2-1  /T2-F1-1  /T1-F2-1  /T5-F0-1  /T2-F0-1  /T5-F3-1  /T2-F3-1  /T3-F0-1  
/T5-F2-1  /D:1      /W-F1-1   /T1-F1-1  
"
1030467,p#Zx#wgE#Tnta#KcrOS#oYdJhW#uRbCzFm#feIyiABUjqLQVkvMGPDNlHXs,94.500000,707.000000,32.000000,0.746154,1,"
minimal: 0 / states: 117 / duration: 0.000137s
history:
/T3-F1-1  /T5-T1-1  /T4-T3-1  /T4-T0-1  /T2-T3-1  /T3-T5-3  /T3-F2-1  /D:3      /W-T1-1   /T5-T1-4  
/D:1      /W-T6-1   /D:1      /W-T5-1   /D:1      /W-F0-1   /D:1      /W-F0-1   /D:5      /W-T1-1   
/T0-T1-2  /T6-T0-2  /T6-T2-1  /D:2      /W-T0-1   /T5-T0-2  /T5-T4-1  /T1-T5-10 /T5-T6-11 /T5-F2-1  
/T6-T5-12 /T6-F0-1  /T6-F1-1  /T6-T2-1  /T2-T6-3  /W-T2-1   /W-T1-1   /W-T6-1   /T6-T0-5  /D:2      
/W-T6-1   /D:2      /W-T0-1   /D:1      /W-F0-1   /D:1      /W-F3-1   /T5-F3-1  /T0-F3-1  /T5-F2-1  
/T5-F3-1  /T0-F2-1  /T0-F3-1  /T4-T5-1  /T4-F2-1  /T4-F1-1  /T5-F1-1  /T5-F0-1  /T5-F3-1  /T0-F0-1  
/T3-F3-1  /W-F0-1   /D:1      /W-T6-1   /T4-T6-1  /D:1      /W-F0-1   /D:1      /W-T1-1   /T2-T1-2  
/D:1      /W-F2-1   /T5-F2-1  /R        /D:2      /W-F1-1   /W-F1-1   /T0-F1-1  /T0-F2-1  /T5-F1-1  
/T0-F1-1  /T5-F0-1  /T0-F0-1  /T6-F0-1  /D:1      /W-F3-1   /T1-F3-1  /T5-F3-1  /T1-T0-1  /T1-F3-1  
/T1-F0-1  /T5-T6-1  /T5-F3-1  /T1-F3-1  /T6-T5-2  /T6-F0-1  /D:1      /W-F1-1   /D:1      /W-F2-1   
/T0-F2-1  /T0-F1-1  /T5-F2-1  /T0-F2-1  /T5-F1-1  /T0-F1-1  /T5-F2-1  
"
1030486,z#kH#gfT#mtnb#oALDa#YBGNFE#cipQjWd#uKZXhROVPxrCMqywsUISveJl,128.500000,2193.000000,68.000000,0.528037,1,"
minimal: 0 / states: 138 / duration: 0.000174s
history:
/T4-F1-1 /T3-F1-1 /T3-F2-1 /T6-T5-1 /T2-T1-1 /T5-T2-2 /T5-T1-1 /T5-F3-1 /T2-T3-3 /D:6     
/W-T1-1  /T4-T1-1 /D:1     /W-F3-1  /D:2     /W-F3-1  /D:3     /W-T3-1  /D:5     /W-T2-1  
/D:2     /W-T6-1  /W-T6-1  /T5-T6-1 /F3-T1-1 /T5-T1-1 /T5-T0-1 /D:1     /W-T6-1  /D:2     
/W-T2-1  /D:2     /R       /D:2     /W-T0-1  /T6-T0-5 /D:1     /W-T5-1  /T4-T5-1 /T4-F0-1 
/T1-F0-1 /T3-F0-1 /T4-F2-1 /T1-F3-1 /T1-F0-1 /D:1     /W-T5-1  /D:4     /W-T0-1  /T3-T0-1 
/T3-F0-1 /D:1     /W-T4-1  /D:1     /W-T1-1  /D:2     /W-T5-1  /D:1     /W-T6-1  /D:2     
/W-T4-1  /R       /D:2     /W-T6-1  /T3-T6-2 /D:1     /W-T5-1  /T1-T5-5 /D:1     /W-T4-1  
/T6-T4-5 /T6-F3-1 /T6-F2-1 /T5-F2-1 /T5-F3-1 /T5-F0-1 /T0-T4-2 /T0-F3-1 /T0-F0-1 /T5-F3-1 
/T0-F3-1 /T5-F0-1 /T0-F0-1 /T5-F3-1 /T6-T5-1 /T6-F1-1 /T4-F1-1 /T2-F1-1 /T4-F2-1 /T2-F2-1 
/T4-F1-1 /T2-F1-1 /T4-F2-1 /T4-F1-1 /W-F2-1  /T4-F2-1 /T0-F3-1 /T5-F1-1 /T4-F1-1 /T5-F2-1 
/T4-F2-1 /T1-F1-1 /T4-F1-1 /T3-F1-1 /T5-F3-1 /D:1     /W-F2-1  /T0-T4-2 /T0-F2-1 /D:1     
/W-F0-1  /T4-F0-1 /T4-F3-1 /T5-F0-1 /T4-F0-1 /T5-F3-1 
"
1030498,c#Tr#bOz#pAZY#fBNim#owagUW#GPCKqMJ#VuHLlsXdyeQERhDSFjktvInx,111.500000,1162.000000,43.000000,0.644928,1,"
minimal: 0 / states: 122 / duration: 0.000133s
history:
/T3-T2-1 /D:1     /W-T6-1  /D:1     /W-T6-1  /D:2     /W-T3-1  /D:3     /W-T3-1  /T6-T3-3 
/D:1     /W-T1-1  /D:1     /W-T4-1  /D:10    /W-T4-1  /D:2     /W-T5-1  /D:2     /W-F2-1  
/D:1     /W-T2-1  /T5-T2-2 /T5-T2-1 /T5-T3-1 /T5-F1-1 /T5-T4-1 /T5-F2-1 /T6-T5-1 /T0-T6-1 
/T4-T0-4 /T4-T0-1 /T4-F3-1 /T4-T6-1 /T1-T4-2 /R       /D:1     /W-T0-1  /T1-T0-1 /T2-T1-6 
/T2-F3-1 /T2-F1-1 /T3-T2-7 /T3-F0-1 /T3-F2-1 /T6-F0-1 /T6-F1-1 /T6-F2-1 /T4-F1-1 /T4-F2-1 
/D:1     /W-T5-1  /T6-T5-1 /T6-F0-1 /T6-F3-1 /T4-T6-1 /T6-T1-2 /D:1     /W-F2-1  /D:1     
/W-F1-1  /T1-F1-1 /T2-F1-1 /D:1     /W-F3-1  /D:2     /W-F3-1  /D:1     /W-F1-1  /D:1     
/W-F0-1  /W-F0-1  /D:1     /W-F3-1  /T0-F3-1 /D:1     /W-F0-1  /T1-F0-1 /T0-F0-1 /T0-F1-1 
/T1-F3-1 /D:1     /W-F1-1  /D:1     /W-F2-1  /T2-F2-1 /T1-F2-1 /T2-F3-1 /T0-F2-1 /T0-F1-1 
/T1-F3-1 /T1-F2-1 /T0-F2-1 /T5-T1-1 /T5-F1-1 /T0-F1-1 /T1-T5-2 /T1-F2-1 /D:1     /W-F0-1  
/T2-F0-1 /T2-F3-1 /T5-F0-1 /T2-F0-1 /T5-F3-1 /T2-F3-1 /T5-F0-1 
"
1030645,x#hY#ytI#vpKq#FZGlo#OETLzN#rCPHwuS#fnAJjXBaksDVReWmUciQgdMb,131.500000,1753.000000,44.000000,0.642857,1,"
minimal: 0 / states: 123 / duration: 0.000156s
history:
/T5-F3-1 /T1-T5-1 /T0-T5-1 /T5-T0-3 /T1-T2-1 /D:2     /W-F2-1  /T4-F2-1 /D:1     /W-F0-1  
/D:2     /W-T0-1  /T2-T0-2 /T6-T2-1 /T2-T0-2 /D:1     /W-T2-1  /W-T2-1  /D:1     /W-F0-1  
/D:1     /W-F1-1  /D:1     /W-T5-1  /D:3     /W-T2-1  /T6-T2-1 /T6-T5-1 /D:4     /W-T1-1  
/T5-T1-3 /T5-T2-1 /T5-T0-1 /T5-F3-1 /D:2     /W-T3-1  /D:1     /W-T1-1  /T6-T1-1 /T6-F3-1 
/T6-F0-1 /D:1     /W-F3-1  /D:1     /W-T1-1  /D:1     /W-T0-1  /D:1     /W-T5-1  /T4-T5-1 
/D:1     /W-F1-1  /T3-F1-1 /T0-F1-1 /R       /D:1     /W-T4-1  /T6-T4-1 /D:1     /W-T1-1  
/D:1     /W-F0-1  /T0-F0-1 /D:1     /W-T1-1  /T3-T1-1 /T3-T5-1 /T3-F2-1 /T1-F2-1 /T1-F3-1 
/T4-F2-1 /T0-F3-1 /T1-F2-1 /T0-F2-1 /T4-T0-2 /T4-T6-1 /T2-F3-1 /T2-F2-1 /T3-F2-1 /T4-F0-1 
/T2-T6-4 /D:1     /W-F1-1  /T0-F1-1 /T0-F0-1 /T1-F1-1 /T0-F1-1 /T1-F0-1 /T1-F1-1 /T0-F0-1 
/T0-F1-1 /T1-F2-1 /T0-F2-1 /T1-F1-1 /T5-T0-1 /T5-F1-1 /T6-T1-3 /T6-F2-1 /T0-T5-2 /T0-F2-1 
/T1-T6-4 /T1-F1-1 /D:1     /W-T5-1  /D:1     /W-F3-1  /T6-F3-1 /T5-F3-1 /T6-F0-1 /T5-F0-1 
/T6-F3-1 /T5-F3-1 /T6-F0-1 /T5-F0-1 /T6-F3-1 
"
1030658,T#dP#Nnj#KMsw#brYIo#uBWDch#gAzEeOp#QVfZXLykCSaGqvRmitHxUlJF,89.000000,1246.000000,45.000000,0.666667,1,"
minimal: 0 / states: 138 / duration: 0.000161s
history:
/T4-T1-1 /T5-T4-1 /T4-T2-2 /D:2     /W-T3-1  /D:9     /W-F1-1  /D:1     /W-T2-1  /W-T2-1  
/D:7     /W-T3-1  /T0-T3-1 /D:1     /W-T4-1  /T2-T4-5 /T2-F2-1 /T1-F2-1 /T2-F3-1 /T6-F2-1 
/T6-F3-1 /T1-F3-1 /D:4     /W-T3-1  /T6-T3-1 /T6-T4-1 /T4-T6-8 /T6-T0-9 /T6-F0-1 /T1-T0-1 
/R       /D:1     /W-F3-1  /D:2     /W-T1-1  /D:2     /W-T1-1  /W-T1-1  /T3-T1-6 /T3-T6-1 
/T3-T2-1 /D:3     /W-T0-1  /D:1     /W-T1-1  /T5-T1-1 /T1-T5-1 /T1-F2-1 /T4-F2-1 /T4-F1-1 
/T5-T1-2 /T5-T3-1 /T5-F0-1 /T0-F0-1 /T1-F1-1 /T0-F1-1 /T1-F0-1 /T0-F0-1 /T1-F1-1 /T1-F0-1 
/T6-F2-1 /T6-T5-1 /D:1     /W-T3-1  /D:1     /W-F3-1  /T0-F3-1 /T1-F3-1 /T0-F0-1 /T1-F0-1 
/T0-T3-1 /T0-F0-1 /T5-T1-2 /D:1     /W-T4-1  /D:2     /W-F2-1  /D:1     /W-F3-1  /D:1     
/W-T2-1  /T3-T2-4 /D:1     /W-F0-1  /R       /D:1     /W-F1-1  /T1-F1-1 /T1-F2-1 /T1-F3-1 
/T2-F1-1 /T2-F2-1 /T2-F3-1 /T1-F2-1 /T1-F3-1 /T2-F0-1 /T1-F0-1 /T0-T2-2 /T0-F3-1 /T1-F3-1 
/T2-T0-3 /T2-F0-1 /D:1     /W-T4-1  /D:1     /W-T4-1  /D:1     /W-F1-1  /T0-F1-1 /T0-F2-1 
/T4-F1-1 /T0-F1-1 /T4-F2-1 /T0-F2-1 /T4-F1-1 
"
1030772,P#Kg#TSG#zBRe#kMwCx#Ybhnof#yNdZIEr#UJHOVlXFALmupiqWQvasDjct,83.500000,676.000000,37.000000,0.690141,1,"
minimal: 0 / states: 122 / duration: 0.000147s
history:
/T6-T5-1 /T5-T2-2 /T5-T0-1 /T5-F2-1 /T0-F2-1 /T2-T5-3 /T6-T2-1 /T5-T6-4 /D:8     /W-T1-1  
/T3-T1-1 /D:1     /W-F0-1  /D:4     /W-F2-1  /D:2     /W-F2-1  /T6-F2-1 /D:1     /W-T4-1  
/T6-T4-4 /D:1     /W-T2-1  /D:2     /W-F1-1  /T5-F1-1 /T4-T5-6 /T4-T2-1 /D:1     /W-F2-1  
/D:1     /W-T1-1  /T0-T1-1 /T6-T0-1 /D:2     /W-F1-1  /T6-F1-1 /T6-F3-1 /T1-T3-2 /T1-F1-1 
/T3-T1-3 /T3-F0-1 /T2-F0-1 /T5-F1-1 /T2-T5-3 /T1-T2-4 /T1-F1-1 /W-T1-1  /W-T1-1  /W-T4-1  
/W-T4-1  /T2-T4-5 /W-T2-1  /W-T0-1  /W-T0-1  /T4-T0-8 /T5-T3-9 /T4-T5-1 /W-T5-1  /T1-T5-3 
/T4-T6-1 /T6-T2-2 /D:1     /W-F2-1  /R       /D:1     /W-T5-1  /T3-T5-4 /T3-F1-1 /D:1     
/W-T2-1  /D:2     /W-F3-1  /T0-F3-1 /T0-F0-1 /T5-F3-1 /T0-F3-1 /T5-F0-1 /T0-F0-1 /T5-F3-1 
/T0-F3-1 /T0-F2-1 /T5-F0-1 /T5-F3-1 /T5-F2-1 /W-F0-1  /T0-F1-1 /T3-F0-1 /T5-F1-1 /T0-F2-1 
/T2-F0-1 /T2-F1-1 /T5-F0-1 /T5-F1-1 /T0-T2-1 /T0-F0-1 /T5-F0-1 /T2-T0-2 /T2-F1-1 /D:1     
/W-F3-1  /T3-F3-1 /T0-F3-1 /T3-F2-1 /T0-F2-1 /T3-F3-1 /T0-F3-1 /T3-F2-1 
"
1030854,K#vu#fQt#YAiR#Uxaro#hVPlDW#OzwHpSM#NBgmynIksqFCGLdbTcZEeXjJ,134.000000,804.000000,37.000000,0.680233,1,"
minimal: 0 / states: 111 / duration: 0.000134s
history:
/T5-T0-1 /T5-T3-1 /T5-T6-1 /T4-T5-1 /T5-T3-2 /T1-T5-1 /T0-T6-2 /T6-T0-4 /T6-T2-1 /T4-T2-1 
/T4-F1-1 /T1-T0-1 /D:1     /W-F3-1  /D:2     /W-T5-1  /D:1     /W-T1-1  /D:1     /W-T1-1  
/D:1     /W-F2-1  /T3-F2-1 /T6-F2-1 /W-T3-1  /D:2     /W-T1-1  /D:1     /W-T5-1  /T3-T5-4 
/T6-T3-1 /T3-T6-2 /T3-F0-1 /T5-F0-1 /T6-T1-3 /T4-T3-1 /T2-T4-3 /T2-T4-1 /T3-T6-2 /T6-T3-3 
/T6-F3-1 /T5-F3-1 /T4-F3-1 /T4-T0-4 /D:1     /W-F2-1  /T0-F2-1 /D:2     /W-F0-1  /T5-F0-1 
/T5-F3-1 /T0-F3-1 /T5-F2-1 /T0-F2-1 /T5-T1-1 /T5-F2-1 /W-T1-1  /D:1     /W-T0-1  /T2-T0-1 
/D:3     /W-F1-1  /D:1     /W-F3-1  /D:1     /W-F1-1  /W-F1-1  /D:1     /W-T2-1  /W-T2-1  
/D:1     /W-F0-1  /T1-F0-1 /D:1     /W-F1-1  /T0-F1-1 /T0-F0-1 /T0-F3-1 /T1-F1-1 /T1-F0-1 
/T5-F3-1 /T5-F1-1 /T0-F2-1 /T1-F1-1 /T1-F2-1 /W-F0-1  /T0-F3-1 /T3-F2-1 /T1-T2-1 /T1-F2-1 
/D:1     /W-F3-1  /T3-F3-1 /T3-F2-1 /T2-T1-2 /T2-F3-1 /D:1     /W-F1-1  /T1-F1-1 /D:1     
/W-F0-1  /T0-F0-1 /T0-F1-1 /T1-F0-1 /T0-F0-1 /T1-F1-1 
"
1030880,E#zr#Ovi#qBua#syYht#VRCldA#kfcXpgb#PeZDHMTnjGQKWxIwSLoFJNmU,96.500000,2346.000000,50.000000,0.662791,1,"
minimal: 0 / states: 125 / duration: 0.000167s
history:
/T3-F1-1 /T5-F0-1 /T6-F1-1 /T6-T3-1 /T5-T0-1 /T6-T0-1 /T3-T2-2 /T3-F0-1 /D:1     /W-T3-1  
/D:7     /W-F2-1  /D:3     /W-T1-1  /D:1     /W-T5-1  /D:1     /W-T5-1  /D:2     /W-T5-1  
/D:1     /W-T6-1  /T2-T6-3 /D:1     /W-T4-1  /T1-T4-2 /T5-T1-4 /T5-F0-1 /T3-T5-2 /D:2     
/W-F2-1  /T0-F2-1 /D:1     /W-T6-1  /T5-T6-3 /D:2     /W-F3-1  /D:1     /W-T3-1  /D:1     
/W-T1-1  /T4-T1-4 /T4-T2-1 /R       /D:3     /W-F0-1  /D:1     /W-T5-1  /D:2     /W-T5-1  
/D:2     /W-T2-1  /D:1     /W-T4-1  /W-T4-1  /T2-T4-3 /T2-F3-1 /T6-F3-1 /T1-F3-1 /W-T2-1  
/T4-T2-6 /T6-T4-8 /T6-F1-1 /T0-F1-1 /T0-F0-1 /T4-F2-1 /T1-F2-1 /T4-F3-1 /T1-F3-1 /T4-T3-7 
/T6-T1-1 /T3-F0-1 /T2-F0-1 /T4-F2-1 /T5-F3-1 /T5-F0-1 /T1-T2-2 /T1-F3-1 /T1-F0-1 /T5-F3-1 
/T1-F3-1 /T3-T6-4 /T3-F3-1 /W-T0-1  /W-F1-1  /T2-F1-1 /T2-F2-1 /T6-F1-1 /T2-F1-1 /T6-F2-1 
/T2-F2-1 /T6-F1-1 /T2-F1-1 /T6-F2-1 /T2-F2-1 /T2-F3-1 /T0-F3-1 /T3-F2-1 /T6-F1-1 /T1-T2-2 
/T1-F2-1 /D:1     /W-T3-1  /D:1     /W-F0-1  /T2-F0-1 /T2-F1-1 /T3-F0-1 /T2-F0-1 /T3-F1-1 
"
1030968,T#JI#cUP#erfy#xbOlS#uKoMGV#vpCjdXk#mYqHLFWzQBanwAsDEZRtgihN,135.500000,4005.000000,62.000000,0.510989,1,"
minimal: 0 / states: 138 / duration: 0.000157s
history:
/T6-T3-1 /D:4     /W-T5-1  /T0-T5-1 /D:2     /W-T5-1  /D:2     /W-T0-1  /D:2     /W-T2-1  
/D:1     /W-F1-1  /D:1     /W-F2-1  /D:1     /W-T3-1  /T5-T3-4 /T4-T5-1 /T4-T0-1 /D:1     
/W-F0-1  /T2-F0-1 /D:3     /W-T5-1  /D:2     /W-T3-1  /D:4     /W-T1-1  /T5-T1-3 /D:1     
/W-F3-1  /T4-F3-1 /T4-F1-1 /T2-F3-1 /T4-T0-1 /T5-T4-1 /T5-F2-1 /R       /D:2     /W-T4-1  
/T5-T4-1 /D:1     /W-T3-1  /D:2     /W-T0-1  /T1-T0-5 /T1-T6-1 /D:1     /W-F3-1  /D:3     
/W-T1-1  /T3-T1-9 /D:1     /W-T2-1  /T3-T2-1 /T3-T2-1 /T1-T3-1 /T1-F3-1 /T3-T1-2 /D:1     
/W-T5-1  /D:1     /W-T6-1  /T5-T6-2 /R       /D:1     /W-T3-1  /D:1     /W-T3-1  /T6-T3-5 
/T6-T0-1 /T6-T4-1 /T6-F0-1 /T6-F2-1 /T2-T6-4 /T2-F1-1 /T0-F1-1 /T1-F2-1 /T6-F2-1 /T1-F1-1 
/T6-F1-1 /T3-F1-1 /T6-T4-3 /D:1     /W-F2-1  /T4-F2-1 /T3-F2-1 /T0-T4-3 /T0-F1-1 /T3-F1-1 
/T4-T0-4 /T4-F2-1 /T4-F1-1 /T1-T3-4 /T1-F2-1 /T1-F1-1 /T0-T4-6 /T0-F2-1 /T0-F1-1 /T1-F2-1 
/T0-F2-1 /T3-T1-7 /T3-F1-1 /D:1     /W-F0-1  /T4-F0-1 /T1-F0-1 /T4-F3-1 /T1-F3-1 /T4-F0-1 
/T1-F0-1 /T4-F3-1 /T1-F3-1 /T4-F0-1 /T1-F0-1 /T4-F3-1 /T1-F3-1 /T4-F0-1 /T1-F0-1 /T4-F3-1 
/T1-F3-1 /T4-F0-1 
"
1030972,z#bc#LEh#kDVG#dwJWq#tTCFuS#nUOXayY#liPeBofIQgpKxjNHRMvArZms,112.500000,2133.000000,57.000000,0.621053,1,"
minimal: 0 / states: 146 / duration: 0.000162s
history:
/T6-T0-1 /T5-T3-1 /T3-T2-2 /T5-T3-1 /T1-T4-1 /D:4     /W-T5-1  /T4-T5-2 /D:1     /W-T5-1  
/D:3     /W-T4-1  /T2-T4-3 /T2-T4-1 /D:1     /W-T4-1  /D:1     /W-T3-1  /T5-T3-5 /T5-T4-1 
/T1-T4-1 /D:2     /W-T0-1  /T4-T0-9 /T3-T4-8 /D:3     /W-F3-1  /D:3     /W-T1-1  /D:2     
/W-F0-1  /T4-F0-1 /D:4     /W-T5-1  /R       /D:1     /W-T1-1  /D:2     /W-T3-1  /D:1     
/W-T3-1  /D:3     /W-T1-1  /D:1     /W-T1-1  /D:2     /W-T5-1  /T3-T5-3 /T4-T3-8 /T3-T2-9 
/D:1     /W-T1-1  /D:2     /W-T3-1  /T6-T3-1 /T6-F1-1 /T0-F1-1 /T6-T3-1 /T6-F3-1 /T0-F0-1 
/T4-T3-1 /T6-T1-1 /T6-F2-1 /T5-F2-1 /T2-F1-1 /T5-F3-1 /T5-F0-1 /T0-F3-1 /T0-F0-1 /T4-F1-1 
/T5-F3-1 /T0-F3-1 /T2-T5-2 /T2-F0-1 /T5-T2-3 /T5-F3-1 /T0-F0-1 /T1-F3-1 /T5-T0-1 /D:1     
/W-T4-1  /T2-T4-9 /R       /D:1     /W-T3-1  /T4-T3-5 /T4-F3-1 /D:1     /W-T0-1  /D:1     
/W-F2-1  /T3-F2-1 /T3-F1-1 /T0-F1-1 /D:1     /W-F0-1  /T0-T1-2 /T0-F0-1 /T0-F3-1 /T4-F0-1 
/T0-F0-1 /T3-T4-5 /T3-F3-1 /T0-F3-1 /T4-T3-6 /T4-F0-1 /T1-T0-6 /T1-F0-1 /T3-T4-7 /T3-F3-1 
/D:1     /W-F2-1  /T4-F2-1 /T0-F2-1 /T4-F1-1 /T0-F1-1 /T4-F2-1 /T0-F2-1 /T4-F1-1 /T0-F1-1 
/T4-F2-1 /T0-F2-1 /T4-F1-1 /T0-F1-1 /T4-F2-1 /T0-F2-1 /T4-F1-1 
"
1030987,u#sL#ohr#SRaG#cbWAK#CeUOjX#pyfQBDg#mYtnMNTkvHdlPqJziZxEFIVw,165.000000,4465.000000,56.000000,0.563158,1,"
minimal: 0 / states: 128 / duration: 0.000144s
history:
/T6-T0-1 /T5-T1-1 /T5-T4-1 /D:4     /W-F2-1  /D:2     /W-F3-1  /T5-F3-1 /T3-T5-1 /T3-F1-1 
/T6-T3-1 /D:3     /W-T4-1  /T5-T4-2 /D:2     /W-T2-1  /D:2     /W-T3-1  /T6-T3-1 /D:1     
/W-T5-1  /D:1     /W-T1-1  /D:2     /W-T1-1  /T0-T1-2 /W-T0-1  /W-T0-1  /T4-T0-5 /T4-F0-1 
/T3-F0-1 /T3-F3-1 /T6-F3-1 /T2-T6-2 /T6-T0-3 /D:4     /W-T1-1  /T3-T1-2 /W-T3-1  /D:1     
/W-T4-1  /T2-T4-1 /T2-F2-1 /D:2     /R       /D:1     /W-T2-1  /T1-T2-9 /T5-T1-2 /T5-F0-1 
/T2-F0-1 /T2-F3-1 /T3-F0-1 /T2-F0-1 /T3-F3-1 /T1-T2-3 /D:2     /W-T4-1  /T0-T4-3 /T0-F0-1 
/D:1     /W-T1-1  /W-T1-1  /D:1     /W-F3-1  /T0-F3-1 /D:1     /W-T6-1  /D:1     /W-F0-1  
/T4-T0-5 /T4-F0-1 /D:1     /W-T3-1  /T6-T3-2 /T6-F2-1 /T2-F2-1 /D:1     /W-T1-1  /T4-T1-1 
/T4-F1-1 /T4-F1-1 /T0-F1-1 /T0-F2-1 /T2-F1-1 /T0-F1-1 /T2-F2-1 /T0-F2-1 /T2-F1-1 /T0-F1-1 
/T2-F2-1 /T0-F2-1 /T2-F1-1 /T0-F1-1 /T2-F0-1 /T0-F0-1 /T3-F1-1 /T0-F1-1 /T2-T3-1 /T2-F0-1 
/T2-F1-1 /T1-T0-3 /T1-F0-1 /D:1     /W-F3-1  /T0-F3-1 /T3-F3-1 /D:1     /W-F2-1  /T0-F2-1 
/T0-F3-1 /T3-F2-1 /T0-F2-1 /T3-F3-1 
"
1031064,n#hb#uTp#zUas#dHWcN#koyMCR#eGZDwAI#BqSjrifVgOxvmXFPlJEtQLYK,120.000000,1909.000000,39.000000,0.655844,1,"
minimal: 0 / states: 117 / duration: 0.000134s
history:
/T0-F2-1 /T4-F3-1 /T5-T3-1 /T1-T2-1 /T1-T6-1 /D:1     /W-T4-1  /D:1     /W-T3-1  /T4-T3-2 
/T6-T4-2 /T6-F0-1 /T3-F0-1 /T5-F0-1 /T5-T0-1 /D:4     /W-T6-1  /D:4     /W-F3-1  /D:3     
/W-T1-1  /T5-T1-1 /T5-F2-1 /T6-T5-2 /T6-F0-1 /T5-T1-3 /T6-T5-1 /T6-T4-1 /D:3     /W-F3-1  
/D:1     /W-T0-1  /D:2     /W-F0-1  /D:2     /W-F3-1  /T3-T6-2 /T3-F3-1 /T6-T3-3 /D:1     
/W-T5-1  /D:2     /W-T0-1  /T4-T0-4 /T4-T1-1 /T2-T4-2 /T3-T2-4 /T3-F1-1 /T4-F1-1 /T2-F1-1 
/T4-F2-1 /T2-F2-1 /T4-F1-1 /T2-F1-1 /T2-T1-2 /R       /D:1     /W-F3-1  /D:2     /W-F2-1  
/T1-F2-1 /T1-F3-1 /T3-F3-1 /D:1     /W-F1-1  /D:1     /W-F3-1  /D:1     /W-F1-1  /D:3     
/W-T5-1  /D:1     /W-F0-1  /T0-F0-1 /T1-F0-1 /T0-F1-1 /T0-F0-1 /T0-F3-1 /T1-F1-1 /T5-F3-1 
/D:1     /W-F0-1  /T0-F0-1 /T5-F0-1 /T0-T3-1 /T0-F0-1 /D:1     /W-F2-1  /T2-F2-1 /W-F2-1  
/T1-F2-1 /W-F2-1  /W-F1-1  /T1-F1-1 /T1-F2-1 /T3-F1-1 /T1-F1-1 /T3-F2-1 /D:1     /W-F3-1  
/T5-F3-1 
"
1031102,l#Fj#PXe#VxoI#ArBnc#GvMdNh#qbQyWtK#zRSfpZUimkDgTuaCwOsHYELJ,117.500000,987.000000,52.000000,0.686869,1,"
minimal: 0 / states: 129 / duration: 0.000152s
history:
/T6-T0-1 /T5-T3-1 /T5-F3-1 /T6-T3-1 /T6-T0-1 /T3-T0-3 /T3-T4-1 /T1-T3-1 /T2-T1-1 /T2-T6-1 
/D:3     /W-T0-1  /D:2     /W-T5-1  /D:6     /W-T1-1  /T4-T1-2 /T4-F2-1 /T1-F2-1 /T4-T1-1 
/T5-T4-2 /T4-T0-3 /T4-F0-1 /T1-F0-1 /T5-T4-1 /T5-T3-1 /T0-F2-1 /T0-T4-9 /D:4     /W-F1-1  
/D:1     /W-F0-1  /D:1     /W-T6-1  /D:1     /W-F3-1  /T2-F3-1 /D:6     /R       /D:1     
/W-T0-1  /D:2     /W-T5-1  /D:1     /W-T2-1  /T6-T2-3 /T6-F3-1 /T6-F1-1 /T1-F1-1 /T1-F0-1 
/T4-F1-1 /T6-F2-1 /T1-F1-1 /T4-F2-1 /W-F3-1  /T4-F3-1 /T5-F1-1 /D:1     /W-T3-1  /T5-T3-1 
/D:1     /W-T2-1  /D:1     /W-T5-1  /D:2     /W-F1-1  /D:1     /W-F3-1  /D:1     /W-T2-1  
/D:1     /W-F2-1  /T4-F2-1 /T2-F2-1 /T4-F1-1 /T2-F1-1 /T3-T4-2 /T3-F2-1 /T2-F2-1 /T3-F1-1 
/T3-F2-1 /W-F1-1  /D:1     /W-T3-1  /D:1     /W-T0-1  /T4-T0-5 /T4-F1-1 /T5-F1-1 /D:1     
/W-F0-1  /T1-F0-1 /T0-F0-1 /T0-F3-1 /T3-F0-1 /T0-F0-1 /T3-F3-1 /T0-F3-1 /T2-F3-1 /T2-F2-1 
/T0-T4-2 /T0-F2-1 /D:1     /W-T2-1  /D:1     /W-F0-1  /T4-F0-1 /T2-F0-1 /T4-F3-1 /T2-F3-1 
/T4-F0-1 
"
1031123,D#VT#taN#LBPW#omlrb#UQusRY#xpSFzAc#ndqCyMegfXGwkhijvIOJEZKH,79.000000,1485.000000,31.000000,0.796875,1,"
minimal: 0 / states: 120 / duration: 0.000129s
history:
/T2-F3-1 /T2-F1-1 /T4-F1-1 /T6-F1-1 /T6-F0-1 /T5-T6-1 /T0-T5-1 /T6-T0-2 /T5-T6-2 /T5-T1-1 
/T1-T5-2 /T5-T1-3 /T5-T4-1 /T2-T5-1 /D:1     /W-F2-1  /D:1     /W-F1-1  /D:2     /W-T4-1  
/D:2     /W-T2-1  /D:1     /W-F1-1  /D:2     /W-T5-1  /T4-T5-3 /T4-T2-1 /D:8     /W-T3-1  
/T5-T3-6 /T4-T5-1 /T4-F2-1 /D:2     /W-F3-1  /D:3     /W-T4-1  /D:1     /W-T0-1  /T3-T0-8 
/T3-F3-1 /T3-F0-1 /T0-F0-1 /T6-F0-1 /T0-F3-1 /W-F0-1  /T6-T1-1 /T6-F0-1 /T1-F3-1 /T6-F3-1 
/T6-F2-1 /T3-T4-1 /T6-T2-1 /D:1     /R       /D:1     /W-F2-1  /T0-F2-1 /T0-F1-1 /T1-F2-1 
/T0-F2-1 /T1-F3-1 /T0-F3-1 /T1-F2-1 /T0-F2-1 /T1-F3-1 /T0-F3-1 /D:1     /W-T5-1  /D:1     
/W-F1-1  /D:1     /W-F3-1  /D:1     /W-F0-1  /D:1     /W-F2-1  /T2-F2-1 /T5-F2-1 /T0-T2-1 
/T0-F3-1 /T0-F2-1 /T4-T5-1 /T4-F3-1 /D:1     /W-T5-1  /D:1     /W-F1-1  /D:1     /W-F1-1  
/D:1     /W-F1-1  /T5-F1-1 /D:3     /W-F0-1  /R       /D:1     /W-F0-1  /D:1     /W-F0-1  
/T2-F0-1 /T2-F1-1 /T5-F0-1 /T2-F0-1 /T5-F1-1 
"
1031262,N#Ro#UFQ#qIjW#DJBLf#guSXHd#bEtiCrz#PyOGwAcpxenmTlvhYMZsKkVa,159.000000,1786.000000,57.000000,0.525000,1,"
minimal: 0 / states: 126 / duration: 0.000154s
history:
/T0-F3-1 /T6-T0-1 /T5-T6-1 /T6-T4-2 /T6-T2-1 /T5-T6-1 /D:3     /W-F3-1  /D:2     /W-T5-1  
/T6-T5-2 /T4-T6-3 /T5-T4-4 /D:1     /W-F0-1  /D:2     /W-T6-1  /D:3     /W-F2-1  /T1-F2-1 
/T6-F2-1 /D:2     /W-T4-1  /D:1     /W-T0-1  /D:1     /W-T3-1  /D:1     /W-T3-1  /T6-T3-4 
/T2-T6-2 /T2-T4-1 /T6-T5-3 /T1-T4-1 /W-T1-1  /T4-T1-8 /T4-F0-1 /T5-F0-1 /D:5     /W-T0-1  
/T3-T0-7 /D:2     /W-T4-1  /D:1     /W-F1-1  /T6-F1-1 /R       /D:1     /W-F3-1  /T5-F3-1 
/T1-F3-1 /D:2     /W-T2-1  /T5-T2-2 /T5-T4-1 /T5-T4-1 /D:1     /W-F1-1  /T0-F1-1 /D:2     
/W-F1-1  /D:2     /W-T5-1  /W-T5-1  /W-T5-1  /T3-T5-1 /T3-T5-1 /T3-F2-1 /T0-F2-1 /T0-F1-1 
/T4-F1-1 /T2-T5-4 /D:1     /W-T2-1  /W-T2-1  /D:1     /W-F2-1  /T0-F2-1 /T0-F1-1 /T4-F2-1 
/T0-F2-1 /T1-T4-3 /T1-F1-1 /T1-F2-1 /T4-T1-5 /T4-F0-1 /T5-F0-1 /T1-F0-1 /T5-F3-1 /T1-F3-1 
/T5-F0-1 /T1-F0-1 /T5-F3-1 /T1-F3-1 /T5-F0-1 /T0-F3-1 /T1-F0-1 /T1-F3-1 /T5-F1-1 /T0-F0-1 
/T5-F2-1 /T5-F3-1 /T1-F0-1 /T2-F2-1 /T2-F3-1 /T5-F0-1 /D:1     /W-F1-1  /T0-F1-1 /T0-F2-1 
/T1-F1-1 
"
1031279,k#Yx#Qqr#goAf#hmydB#KFZPVa#zDbEuvW#NwlGsITpejCSnLROcUJMiXHt,116.500000,2083.000000,45.000000,0.634615,1,"
minimal: 0 / states: 124 / duration: 0.000193s
history:
/T5-F1-1 /T6-T1-1 /T6-T1-1 /T6-T5-1 /T6-T3-1 /T6-F1-1 /D:1     /W-F3-1  /D:1     /W-T0-1  
/T5-T0-2 /T4-T5-1 /T4-T2-1 /T5-T6-2 /T4-T5-1 /T0-T5-4 /T5-T0-6 /D:5     /W-T0-1  /T5-T0-1 
/D:1     /W-T2-1  /D:1     /W-T0-1  /T6-T0-3 /D:1     /W-T5-1  /W-T5-1  /D:3     /W-F2-1  
/D:1     /W-T4-1  /D:2     /W-F3-1  /D:1     /W-F1-1  /D:1     /W-T1-1  /D:4     /W-T4-1  
/D:2     /W-T1-1  /T3-T1-2 /T3-F0-1 /T0-F0-1 /T3-F2-1 /T0-F3-1 /T2-F2-1 /T2-F1-1 /R       
/D:1     /W-T6-1  /T1-T6-7 /T5-T1-3 /T4-T5-3 /T4-T1-1 /D:1     /W-T1-1  /D:1     /W-T3-1  
/D:1     /W-F0-1  /T0-F0-1 /T0-F1-1 /T6-F0-1 /T2-T6-1 /T2-F2-1 /T2-F3-1 /T6-F2-1 /T6-F1-1 
/T0-F0-1 /T1-F0-1 /T3-F2-1 /T3-F1-1 /T1-F1-1 /T6-F2-1 /D:2     /W-F3-1  /W-F3-1  /T0-F3-1 
/T0-F2-1 /T6-F3-1 /T6-F2-1 /T0-F3-1 /T0-F2-1 /T6-F3-1 /T5-F3-1 /T6-F2-1 /T0-T5-1 /T0-F2-1 
/T1-T6-3 /T1-F3-1 /T0-F3-1 /D:1     /W-T5-1  /D:1     /W-T0-1  /T6-T0-4 /T6-F2-1 /D:1     
/W-F1-1  /D:1     /W-F0-1  /T0-F0-1 /T0-F1-1 /T5-F0-1 /T0-F0-1 /T5-F1-1 /T0-F1-1 /T5-F0-1 
/T0-F0-1 /T5-F1-1 
"
1031410,y#TQ#gMP#rNkV#WqOoK#IzZAGu#xUbhDjB#RnpewvJmtYafEsFdLHSXcCil,153.500000,2451.000000,72.000000,0.440000,1,"
minimal: 0 / states: 139 / duration: 0.000164s
history:
/T6-T2-1  /T5-T3-1  /T6-T4-1  /T2-T6-2  /D:2      /W-F2-1   /D:1      /W-T1-1   /D:3      /W-T4-1   
/D:4      /W-T2-1   /T4-T2-3  /T4-F2-1  /T4-T1-1  /D:1      /W-F1-1   /D:1      /W-T5-1   /D:1      
/W-T5-1   /T1-T5-3  /T1-T3-1  /T2-T1-5  /D:1      /W-T2-1   /D:1      /W-T3-1   /D:5      /W-T0-1   
/D:1      /W-T4-1   /D:3      /R        /D:1      /W-T2-1   /T6-T2-3  /T5-T6-6  /T5-F0-1  /T2-F0-1  
/T6-T1-7  /T6-F1-1  /T4-F1-1  /T0-T5-2  /T5-T0-3  /D:1      /W-T3-1   /T4-T3-1  /D:1      /W-T0-1   
/T3-T0-6  /D:1      /W-T3-1   /D:2      /W-T6-1   /D:1      /W-F1-1   /D:3      /W-T6-1   /D:1      
/W-F0-1   /T2-T0-1  /T2-F0-1  /T0-T2-2  /T0-F1-1  /T1-T6-4  /T1-F1-1  /D:1      /W-T3-1   /W-T3-1   
/T2-T3-5  /T5-T2-1  /T6-T5-7  /T4-T6-1  /T5-T6-8  /D:1      /W-T2-1   /T6-T2-10 /R        /D:1      
/W-T4-1   /D:1      /W-T4-1   /T3-T4-9  /T3-F3-1  /T2-F3-1  /T2-F2-1  /T4-F3-1  /T2-F3-1  /T2-F0-1  
/T4-F2-1  /T3-F2-1  /T4-F3-1  /T0-F0-1  /T2-F3-1  /T1-F0-1  /T4-F2-1  /T0-F3-1  /T2-F2-1  /T2-F3-1  
/T4-F1-1  /T0-F2-1  /T1-F1-1  /T1-F2-1  /T4-F0-1  /T0-F3-1  /T2-F0-1  /T2-F3-1  /T4-F1-1  /T0-F2-1  
/T1-F1-1  /T2-F2-1  /T4-F0-1  /T0-F3-1  /T1-F0-1  /T1-F3-1  /T4-F1-1  /T0-F2-1  /T2-F1-1  /T2-F2-1  
/T4-F0-1  /T0-F3-1  /T1-F0-1  /T4-F1-1  
"
1031588,T#Ng#dQx#hALF#wvDof#CaMIGq#ltsHpZJ#jKYzEXVnciBOkrmPyuUWSRbe,132.000000,1779.000000,56.000000,0.601942,1,"
minimal: 0 / states: 120 / duration: 0.000158s
history:
/T3-T0-1 /D:1     /W-T2-1  /D:4     /W-T4-1  /D:1     /W-T3-1  /T6-T3-1 /T3-T6-3 /T3-F0-1 
/D:1     /W-T6-1  /D:1     /W-F2-1  /D:1     /W-T5-1  /D:2     /W-F0-1  /D:7     /W-T6-1  
/T1-T6-1 /T1-F3-1 /T6-T1-7 /D:4     /W-T0-1  /T5-T0-2 /T4-T5-2 /T4-F2-1 /T6-F2-1 /T5-T3-3 
/T5-T2-1 /T0-T6-5 /T5-T0-1 /T5-F1-1 /T5-F0-1 /T4-F0-1 /T3-F0-1 /T3-T2-3 /D:1     /W-F1-1  
/T6-F1-1 /T6-F2-1 /D:1     /R       /D:2     /W-T0-1  /T2-T0-6 /F0-T0-1 /T2-T0-1 /T2-F1-1 
/D:1     /W-T2-1  /D:2     /W-F3-1  /D:2     /W-F2-1  /D:1     /W-T3-1  /D:1     /W-F3-1  
/T0-F3-1 /T0-F0-1 /T6-F3-1 /T6-F0-1 /D:1     /W-T3-1  /W-T3-1  /D:1     /W-T4-1  /D:2     
/W-F3-1  /T6-F3-1 /T4-F3-1 /D:1     /W-F1-1  /T0-F1-1 /T0-F0-1 /T6-F0-1 /T6-F2-1 /T1-F1-1 
/T6-F2-1 /T0-F1-1 /T0-F0-1 /T1-F2-1 /T1-F3-1 /T4-F2-1 /W-F3-1  /W-F1-1  /T0-F1-1 /T1-F0-1 
/T4-F2-1 /T0-F2-1 /T1-F3-1 /T3-F1-1 /T3-F2-1 /W-F0-1  /T0-F3-1 /T1-F0-1 /T1-F3-1 /T6-F1-1 
/T0-F0-1 /T2-F2-1 /T3-F1-1 
"
1031684,t#Hx#dRm#PLaQ#ASMzO#VDsXGf#ThbcqwN#pnyeiBvEYWkrouKlFJIUZjCg,128.000000,458.000000,54.000000,0.573684,0,"
minimal: 0 / states: 8264025 / duration: 36.486276s
history:
/T6-F3-1 /T4-F3-1 /D:1     /W-T3-1  /D:1     /W-F2-1  /D:3     /W-T6-1  /D:4     /W-T4-1  
/D:1     /W-T1-1  /D:2     /W-T5-1  /T3-T5-2 /T3-F1-1 /D:1     /W-F2-1  /T5-F2-1 /T3-T2-1 
/T3-F3-1 /T5-F3-1 /T4-T3-2 /D:1     /W-T6-1  /D:1     /W-T3-1  /D:1     /W-T4-1  /D:3     
/W-T1-1  /D:1     /W-T1-1  /T5-T0-2 /T5-T1-1 /T6-T5-3 /T6-F2-1 /T0-F2-1 /T5-T2-4 /T5-F2-1 
/T6-T5-1 /T6-F1-1 /T5-F1-1 /T0-T1-1 /T0-F2-1 /T2-F2-1 /T2-T0-5 /T2-F3-1 /T2-F1-1 /T4-T2-2 
/T4-F3-1 /T4-F0-1 /T1-T2-6 /D:2     /W-T3-1  /D:2     /W-T1-1  /R       /D:2     /W-F1-1  
/T2-F1-1 /T1-F1-1 /T6-F1-1 /T0-F1-1 /T3-F1-1 /T6-F3-1 /D:1     /W-F0-1  /D:1     /W-F2-1  
/T0-F2-1 /D:2     /W-F1-1  /T2-T3-4 /T2-F2-1 /T2-F1-1 /D:3     /W-T4-1  /D:1     /W-F0-1  
/T5-F0-1 /R       /D:1     /W-F2-1  /D:1     /W-F0-1  /D:1     /W-F0-1  /T3-F0-1 /T1-F0-1 
/T3-F3-1 /T3-F0-1 /T5-F3-1 /T3-F3-1 /T0-F3-1 /D:1     /W-F0-1  /T3-F0-1 /T0-F0-1 /T0-F1-1 
/T2-F0-1 /T3-F3-1 /T3-F2-1 /T4-F3-1 
"
1031759,d#Dl#YaJ#NbZC#RHiLn#EgIoeS#KpOPtvW#zufxFkhyTVUjXwmcMqQABGrs,121.000000,409.000000,57.000000,0.569149,0,"
minimal: 0 / states: 2976869 / duration: 11.582539s
history:
/T4-F2-1 /T3-T0-1 /T4-T3-1 /D:2     /W-T4-1  /D:2     /W-T1-1  /T6-T1-1 /T6-T1-1 /D:2     
/W-T3-1  /D:3     /W-T4-1  /D:1     /W-T2-1  /T5-T6-1 /D:1     /W-T1-1  /D:7     /W-T5-1  
/D:2     /W-F0-1  /D:1     /W-F0-1  /T0-F0-1 /T2-T3-2 /T2-F1-1 /D:1     /W-T1-1  /D:1     
/W-T6-1  /T0-T6-1 /T3-T0-5 /T3-F1-1 /T3-F3-1 /D:1     /R       /D:2     /W-T1-1  /D:1     
/W-T4-1  /T5-T4-2 /T5-F2-1 /D:1     /W-T5-1  /T6-T5-4 /T6-T4-1 /T6-F3-1 /T4-F3-1 /T6-F2-1 
/T4-F2-1 /D:2     /W-T6-1  /D:4     /W-F1-1  /T5-F1-1 /T4-F1-1 /T5-F2-1 /T1-F1-1 /T5-T6-4 
/T5-F1-1 /D:1     /W-T3-1  /T1-T3-6 /T1-F0-1 /T5-F0-1 /T4-F0-1 /T3-F0-1 /D:1     /W-F3-1  
/D:1     /W-F2-1  /T6-T3-2 /T6-F1-1 /T4-T0-2 /T4-F1-1 /T4-F0-1 /T4-F3-1 /T3-F3-1 /T0-F3-1 
/T3-F2-1 /T0-F2-1 /T3-F3-1 /T0-F3-1 /T3-F2-1 /T3-F3-1 /T6-F0-1 /T0-F0-1 /T6-F1-1 /T0-F1-1 
/T6-F0-1 /T0-F0-1 /R       /D:3     /W-F3-1  /T2-F3-1 /T0-F3-1 /D:1     /W-F2-1  /T3-F2-1 
/T3-F1-1 /T3-F0-1 /D:1     /W-F1-1  /R       /D:1     /W-T0-1  /D:1     /W-F2-1  /T0-F2-1 
"
1031910,u#kr#jIW#gpMK#HseLo#DZaFfn#qURVctl#ixGNhmEYJzQbSyTwBdOvCAPX,120.000000,2346.000000,37.000000,0.671233,1,"
minimal: 0 / states: 125 / duration: 0.000109s
history:
/T5-F2-1 /T4-F2-1 /T3-T6-1 /T6-T3-2 /T5-T6-1 /T2-T3-1 /T1-T6-1 /T2-T3-1 /T1-T4-1 /T3-T1-5 
/T3-F2-1 /T5-T3-1 /T5-F1-1 /T4-T5-2 /T4-T3-1 /T3-T0-3 /T5-T3-3 /T5-T0-1 /D:4     /W-F3-1  
/D:1     /W-T1-1  /T6-T1-3 /T6-T0-1 /T0-T6-6 /D:1     /W-T0-1  /D:3     /W-T3-1  /T6-T3-7 
/T6-T4-1 /D:1     /W-T5-1  /W-T5-1  /D:1     /W-T1-1  /D:1     /W-F1-1  /T3-F1-1 /D:2     
/W-T0-1  /D:4     /W-F1-1  /T3-T4-1 /T3-F1-1 /D:1     /W-F3-1  /D:1     /W-T2-1  /T6-T2-1 
/T6-F2-1 /D:1     /W-T1-1  /D:1     /W-F0-1  /W-F0-1  /T1-F0-1 /T4-F0-1 /D:1     /W-F3-1  
/T1-F3-1 /T1-F2-1 /T4-F3-1 /T4-F2-1 /T1-F1-1 /T1-F2-1 /T3-T4-2 /T3-F2-1 /T4-T3-3 /D:1     
/W-T0-1  /W-T0-1  /R       /D:1     /W-T0-1  /D:1     /W-T5-1  /T2-T5-3 /D:1     /W-T1-1  
/D:1     /W-F0-1  /T3-F0-1 /T3-F1-1 /T1-F0-1 /T1-F1-1 /T0-F1-1 /T3-F0-1 /T1-F0-1 /T3-T0-1 
/T3-F0-1 /T5-T1-2 /T5-F1-1 /T3-F1-1 /T1-T5-3 /T1-F0-1 /T1-F1-1 /T3-F0-1 /T1-F0-1 /T0-T3-4 
/T0-F1-1 /D:1     /W-F3-1  /D:1     /W-F3-1  /T5-F3-1 /T3-F3-1 /T5-F2-1 /T3-F2-1 /T5-F3-1 
/T3-F3-1 /T5-F2-1 /T3-F2-1 /T5-F3-1 /T3-F3-1 /T5-F2-1 
"
1031950,V#Sx#NjH#tEOz#LIMoD#PBJiKT#qcUkAun#fsyQlbeChXdGvZpFRarwmWgY,144.000000,4095.000000,64.000000,0.489130,1,"
minimal: 0 / states: 136 / duration: 0.000121s
history:
/T6-F2-1 /T5-T2-1 /T6-T0-1 /T6-F0-1 /D:2     /W-T2-1  /D:3     /W-T3-1  /T5-T3-1 /T2-T5-3 
/T2-T1-1 /T2-F3-1 /T3-T2-3 /T3-F3-1 /W-T3-1  /D:2     /W-T5-1  /T4-T5-1 /T4-F2-1 /D:1     
/W-T3-1  /W-T3-1  /D:5     /W-T1-1  /D:2     /W-F2-1  /D:3     /W-F1-1  /T3-F1-1 /D:2     
/W-T6-1  /T5-T6-6 /T0-T5-2 /T4-T0-1 /D:2     /W-T2-1  /T4-T2-1 /T6-T4-8 /T6-T1-1 /T6-F1-1 
/T6-F2-1 /W-T6-1  /W-F2-1  /T4-T6-9 /D:1     /W-T5-1  /D:1     /W-T0-1  /T1-T0-4 /T3-T1-3 
/T1-T3-4 /T3-T0-5 /R       /D:3     /W-T2-1  /D:2     /W-F1-1  /D:1     /W-T2-1  /D:1     
/W-T1-1  /D:1     /W-T5-1  /T6-T5-2 /T6-F2-1 /T0-T2-4 /T0-F2-1 /D:1     /R       /D:2     
/W-T1-1  /D:1     /W-T1-1  /T5-T1-7 /T5-F0-1 /T2-F0-1 /T5-F3-1 /T1-F0-1 /T1-F1-1 /T2-F3-1 
/T2-F0-1 /W-F1-1  /T1-F0-1 /T1-F1-1 /T1-F2-1 /T2-T0-2 /T2-F1-1 /T0-T2-3 /T0-F2-1 /T6-T1-2 
/T6-F1-1 /T0-F1-1 /T6-F2-1 /T0-F2-1 /T6-F1-1 /T1-T6-5 /T1-F2-1 /T2-T0-6 /T2-F1-1 /T2-F2-1 
/T6-T1-6 /T6-F1-1 /D:1     /W-F3-1  /T0-F3-1 /T0-F0-1 /T1-F3-1 /T0-F3-1 /T1-F0-1 /T0-F0-1 
/T1-F3-1 /T0-F3-1 /T1-F0-1 /T0-F0-1 /T1-F3-1 /T0-F3-1 /T1-F0-1 /T0-F0-1 /T1-F3-1 
"
1040044,s#wV#BbG#WemA#lOzCY#DXinES#hyoNLxT#jJHKZuFQrPtakMvUpRdqIcfg,147.000000,4095.000000,53.000000,0.549451,1,"
minimal: 0 / states: 122 / duration: 0.000113s
history:
/T3-F0-1 /T5-T2-1 /T5-T2-1 /T5-F2-1 /T0-T6-1 /T3-T0-1 /T3-T6-1 /D:3     /W-T1-1  /T6-T1-3 
/T6-T4-1 /T6-T0-1 /T6-F3-1 /T6-F2-1 /T3-T4-1 /D:2     /W-T3-1  /T6-T3-1 /T2-T6-3 /D:1     
/W-T5-1  /D:2     /W-T6-1  /D:4     /W-F1-1  /T2-F1-1 /T2-F0-1 /D:1     /W-T0-1  /D:1     
/W-T2-1  /T4-T2-3 /T4-F0-1 /D:1     /W-T2-1  /T6-T2-5 /T4-T6-1 /T4-F3-1 /T4-T6-1 /D:2     
/W-F2-1  /D:3     /W-F2-1  /D:2     /W-F1-1  /D:2     /W-T5-1  /R       /D:2     /W-T0-1  
/T5-T0-3 /T5-T3-1 /T5-F0-1 /D:1     /W-T6-1  /W-T6-1  /D:1     /W-T0-1  /D:1     /W-F2-1  
/T1-T0-1 /T1-F2-1 /D:1     /W-F3-1  /T2-F3-1 /T2-F0-1 /D:1     /W-F2-1  /D:2     /W-F3-1  
/T2-F3-1 /T1-F3-1 /W-F3-1  /T0-T1-3 /T0-F2-1 /T1-T0-4 /T1-F3-1 /T2-T6-3 /T2-F3-1 /T3-F3-1 
/D:1     /W-F1-1  /T0-F1-1 /T0-F0-1 /T6-F0-1 /D:2     /W-F1-1  /T0-F1-1 /T0-F0-1 /T6-F1-1 
/T0-F1-1 /T6-F2-1 /T1-F2-1 /W-F0-1  /T0-F0-1 /T6-F1-1 /T0-F1-1 /T2-F2-1 /T3-F2-1 /T6-F0-1 
/T0-F0-1 /T2-F3-1 /T3-F3-1 /T6-F1-1 /T0-F1-1 /T2-F0-1 /T6-F2-1 
"
1040162,H#bG#Ynz#OWjR#tufKi#hwxrqS#gpyvIcD#UQolkVdJETeXZFMaPACNBLms,179.500000,2002.000000,53.000000,0.558559,1,"
minimal: 0 / states: 124 / duration: 0.000123s
history:
/T6-T3-1 /T5-T1-1 /T6-T3-1 /T0-T4-1 /T2-T0-1 /T2-F2-1 /T2-T0-1 /D:1     /W-T6-1  /T1-T6-2 
/D:2     /W-F2-1  /D:6     /W-T6-1  /D:1     /W-T4-1  /D:3     /W-T2-1  /D:1     /W-T4-1  
/T3-T4-3 /T6-T3-5 /D:2     /W-F1-1  /T1-F1-1 /T4-F1-1 /W-T1-1  /D:1     /W-T4-1  /D:1     
/W-F0-1  /D:2     /W-F3-1  /D:1     /W-F0-1  /W-F0-1  /T4-T5-1 /T4-F0-1 /T5-T4-2 /T3-F0-1 
/T5-T3-1 /T3-T5-6 /T6-T3-1 /T5-T0-7 /T4-T5-7 /T6-T2-1 /T6-F2-1 /T3-T4-2 /T3-F3-1 /T5-F3-1 
/T5-F2-1 /W-T2-1  /T5-T2-6 /T0-F2-1 /T5-T4-1 /D:2     /W-T3-1  /W-T3-1  /D:1     /W-F2-1  
/R       /D:1     /W-F3-1  /T2-F3-1 /T0-F3-1 /T2-F0-1 /T2-F3-1 /T0-F0-1 /T0-F3-1 /T2-F0-1 
/T0-F0-1 /D:1     /W-T1-1  /T4-T1-4 /D:1     /W-T3-1  /D:1     /W-F3-1  /T1-T0-2 /T1-F3-1 
/T2-T3-2 /T2-F3-1 /D:1     /W-F1-1  /D:1     /W-F0-1  /T1-F0-1 /T0-T1-4 /T0-F3-1 /T3-T2-3 
/T3-F0-1 /T1-T0-5 /T1-F0-1 /T2-T3-4 /T2-F3-1 /D:1     /W-F1-1  /T4-F1-1 /T6-F1-1 /T4-T3-1 
/T4-F2-1 /T0-F1-1 /T3-F2-1 /T0-F2-1 /T3-F1-1 /T0-F1-1 /T3-F2-1 /T0-F2-1 /T3-F1-1 /T0-F1-1 
/T3-F2-1 /T0-F2-1 /T3-F1-1 
"
1040193,W#Ji#fAm#drqz#HPoQu#RTslFk#LGZIMOY#btKaxNceUCwhpVSnByDXgjEv,148.500000,3440.000000,53.000000,0.557895,1,"
minimal: 0 / states: 130 / duration: 0.000125s
history:
/T6-T3-1  /T4-T1-1  /D:3      /W-T3-1   /T0-T3-1  /T3-T0-4  /D:1      /W-F1-1   /D:2      /W-F3-1   
/T6-F3-1  /D:1      /W-T3-1   /D:3      /W-T4-1   /D:1      /W-T5-1   /T1-T5-2  /D:3      /W-T1-1   
/D:2      /W-F2-1   /D:1      /W-T3-1   /D:1      /W-T2-1   /T5-T2-4  /D:3      /W-T2-1   /T5-T2-1  
/T5-T6-1  /D:3      /W-T0-1   /R        /D:1      /W-F1-1   /D:2      /W-T6-1   /D:1      /W-T2-1   
/T3-T2-3  /T4-T3-2  /T4-F2-1  /T4-F3-1  /T4-T1-1  /T6-T4-3  /D:1      /W-T0-1   /W-T0-1   /D:1      
/W-T6-1   /D:1      /W-F2-1   /D:1      /W-T0-1   /T3-T0-3  /T0-T3-1  /T0-F3-1  /T3-T0-2  /T2-T3-12 
/T2-F0-1  /T3-F0-1  /T0-F0-1  /T3-F1-1  /T0-F1-1  /T3-F2-1  /T0-F2-1  /T5-F2-1  /T5-T1-1  /T3-F1-1  
/T2-F1-1  /T5-F3-1  /T0-F3-1  /T0-F2-1  /T1-F3-1  /T0-F3-1  /T3-T1-2  /T3-F2-1  /T0-F2-1  /T6-T0-2  
/T6-T2-1  /T6-T0-1  /T1-T3-3  /T1-F3-1  /T3-T1-4  /T3-F2-1  /T4-F2-1  /T3-T6-1  /T3-F2-1  /T1-T6-5  
/T6-T2-7  /D:1      /W-F0-1   /D:3      /W-F0-1   /T2-F0-1  /T0-F0-1  /T2-F1-1  /T0-F1-1  /T2-F0-1  
/T0-F0-1  /T0-F3-1  /T2-F1-1  /T2-F0-1  /W-F1-1   /T0-F0-1  /T2-F1-1  /T4-F1-1  /W-F3-1   /T0-F3-1  
/T0-F2-1  /T2-F0-1  /T2-F3-1  /T3-F1-1  /T4-F0-1  
"
1040214,F#je#IXx#pgYh#TlHkU#qPtzGa#JLbAOZN#orsuSVMyKmvfDcWwnQiCRdEB,93.000000,308.000000,37.000000,0.675000,0,"
minimal: 0 / states: 4719121 / duration: 21.507969s
history:
/T5-F1-1 /T6-F3-1 /T1-T0-1 /T1-T2-1 /T6-T1-1 /T6-F3-1 /T6-F0-1 /T6-F1-1 /T6-T1-1 /D:5     
/W-T5-1  /D:1     /W-T6-1  /T5-T4-2 /D:5     /W-T2-1  /T3-T2-1 /T2-T3-4 /T2-T1-1 /T6-T1-2 
/T5-T6-1 /T5-T3-1 /T5-F3-1 /T4-T2-3 /D:1     /W-T3-1  /D:2     /W-F1-1  /D:2     /W-T4-1  
/D:1     /W-F2-1  /D:1     /W-F3-1  /D:1     /W-T4-1  /D:2     /W-F3-1  /T2-F3-1 /D:1     
/W-F1-1  /T0-F1-1 /T3-F1-1 /T3-T6-6 /T3-F1-1 /D:2     /W-F0-1  /R       /D:1     /W-F2-1  
/T3-F2-1 /T5-F2-1 /D:1     /W-F2-1  /D:1     /W-F2-1  /T6-F2-1 /T6-F1-1 /T4-F1-1 /D:1     
/W-F2-1  /T6-F2-1 /T4-F2-1 /T6-F1-1 /T4-F1-1 /T6-F2-1 /T4-T1-1 /T4-F1-1 /T4-F3-1 /D:1     
/W-T3-1  /D:1     /W-F2-1  /D:1     /W-T6-1  /D:1     /W-F1-1  /D:3     /W-F0-1  /D:1     
/R       /D:1     /W-F0-1  /D:1     /W-T6-1  /D:1     /W-F0-1  /T0-F0-1 /T2-F0-1 /T1-F0-1 
/T2-F3-1 /T1-F3-1 /T2-F0-1 /T1-F0-1 /T6-F3-1 /T1-F3-1 /T6-F0-1 /T1-F0-1 /T3-F0-1 /T6-F3-1 
/T1-F3-1 /T6-F2-1 
"
1040365,r#IS#uga#foed#BPnQM#wEhTNO#pYkAbGj#cmDJszUlZCLHKVvRtxXqWFyi,123.000000,3865.000000,76.000000,0.509259,1,"
minimal: 0 / states: 148 / duration: 0.000141s
history:
/T2-F1-1 /T3-T0-1 /T0-T1-2 /T4-T0-1 /D:3     /W-T3-1  /D:2     /W-T2-1  /T3-T2-2 /D:3     
/W-T0-1  /D:2     /W-T1-1  /T5-T1-1 /T5-F3-1 /T1-F3-1 /D:3     /W-T0-1  /T6-T0-1 /T1-T6-4 
/T1-T0-1 /D:9     /W-T5-1  /D:2     /R       /D:1     /W-T2-1  /T3-T2-1 /D:1     /W-T1-1  
/D:3     /W-T0-1  /T6-T0-5 /T6-F1-1 /T6-F0-1 /D:2     /W-T1-1  /T6-T1-1 /D:4     /W-T5-1  
/D:2     /W-T6-1  /D:2     /W-T5-1  /D:1     /W-T6-1  /D:2     /R       /D:1     /W-T1-1  
/D:4     /W-T1-1  /W-T1-1  /T5-T1-4 /D:1     /W-T6-1  /T5-T6-1 /T4-T5-1 /T4-F2-1 /T2-F2-1 
/T4-F3-1 /T4-F0-1 /T0-F0-1 /T2-F1-1 /T2-F0-1 /T5-T3-2 /T0-F1-1 /T2-F1-1 /T3-F3-1 /T3-F0-1 
/T3-F1-1 /T1-T2-2 /T1-F0-1 /T2-T1-3 /T2-F1-1 /T6-F1-1 /W-T3-1  /W-T4-1  /T6-T4-4 /T6-F2-1 
/T1-F2-1 /T0-F2-1 /T1-F3-1 /T0-F3-1 /T0-F0-1 /T1-F2-1 /T1-F3-1 /T1-F0-1 /T0-F3-1 /T0-F0-1 
/T1-F3-1 /T1-F0-1 /T4-T0-1 /T4-F3-1 /T0-T4-2 /T0-F0-1 /T5-T1-1 /D:1     /W-F2-1  /T2-F2-1 
/T4-F2-1 /T1-F2-1 /D:1     /W-F3-1  /T4-T0-2 /T4-F3-1 /T3-F3-1 /D:2     /W-F1-1  /T0-F1-1 
/T0-F2-1 /T1-F1-1 /T0-F1-1 /T1-F0-1 /T0-F0-1 /W-F2-1  /T1-F1-1 /T4-F2-1 
"
1040424,f#Ac#oMn#dOGC#mzjBZ#WklqLJ#bKIPiNe#puVsSghwrayFxvHETtDURXYQ,114.500000,2701.000000,52.000000,0.572368,1,"
minimal: 0 / states: 124 / duration: 0.000118s
history:
/T2-F2-1 /D:3     /W-T5-1  /W-T5-1  /D:3     /W-T5-1  /D:3     /W-T0-1  /D:1     /W-F1-1  
/D:1     /W-T4-1  /D:1     /W-T5-1  /T6-T5-1 /T6-F3-1 /D:3     /W-T6-1  /D:2     /W-T6-1  
/D:2     /W-T5-1  /T1-T5-1 /T1-F0-1 /T4-T1-2 /T4-F0-1 /T3-F0-1 /T0-T3-2 /T2-T0-1 /T2-F2-1 
/D:3     /W-T1-1  /T5-T1-8 /D:1     /W-T0-1  /D:1     /W-T3-1  /R       /D:1     /W-F2-1  
/D:1     /W-T6-1  /D:4     /W-T0-1  /T4-T0-1 /T4-T2-1 /T5-T4-1 /T5-F2-1 /T5-T2-1 /T5-T4-1 
/W-T4-1  /T6-T4-4 /D:1     /W-T0-1  /W-T0-1  /T3-T0-4 /T3-F3-1 /T6-F3-1 /T0-F3-1 /T6-T5-1 
/T6-T2-1 /T6-F1-1 /T1-F1-1 /T1-F0-1 /T3-F1-1 /T0-F2-1 /T1-F1-1 /T0-F1-1 /T4-F2-1 /T1-T4-1 
/T1-F1-1 /W-T0-1  /T5-T2-2 /D:1     /W-F0-1  /T4-F0-1 /D:1     /W-F2-1  /T1-F2-1 /T0-T2-3 
/T0-F2-1 /D:2     /W-F3-1  /T2-F3-1 /T2-F0-1 /T2-F1-1 /T4-F3-1 /T4-F0-1 /T4-F1-1 /W-F3-1  
/T1-F3-1 /T2-F0-1 /T0-F1-1 /T1-F0-1 /T2-F3-1 /T2-F0-1 /T4-F2-1 /T0-F2-1 /T1-F3-1 /T0-F3-1 
/T4-F1-1 /T1-F2-1 /T2-F1-1 /T2-F2-1 /T4-F0-1 /T0-F0-1 /T1-F3-1 /T4-F1-1 
"
1040433,A#pl#zeB#GvPD#UYkho#aVELnx#IsgyKHZ#XQONcFmiqMbWCSJftRjwudTr,146.000000,1644.000000,40.000000,0.636364,1,"
minimal: 0 / states: 119 / duration: 0.000109s
history:
/T0-F0-1 /T2-F0-1 /T6-T0-1 /T5-T1-1 /T5-F2-1 /T4-F2-1 /T3-T2-1 /T5-T0-1 /T3-T2-1 /T4-T3-1 
/T4-T0-1 /D:2     /W-T5-1  /D:2     /W-F3-1  /W-F3-1  /T2-F3-1 /T5-F3-1 /D:1     /W-T2-1  
/D:7     /W-T1-1  /T3-T1-2 /T3-T1-1 /D:1     /W-F0-1  /D:1     /W-T1-1  /T5-T1-1 /T6-T5-1 
/T6-T4-1 /D:1     /W-T0-1  /T5-T0-2 /T5-F1-1 /W-F1-1  /T2-F1-1 /T2-F0-1 /W-T3-1  /T1-T3-8 
/T1-F2-1 /W-F2-1  /T3-F0-1 /D:3     /W-F3-1  /T3-F3-1 /D:1     /W-T4-1  /D:3     /W-F1-1  
/T2-F1-1 /T4-T2-3 /D:1     /W-F3-1  /T4-F3-1 /D:1     /W-F2-1  /R       /D:1     /W-T6-1  
/D:1     /W-F0-1  /T3-F0-1 /T0-F0-1 /T0-F3-1 /T3-T2-2 /T3-F3-1 /T6-F3-1 /D:1     /W-T1-1  
/T6-T1-1 /D:1     /W-T0-1  /F0-T0-1 /T6-T0-1 /T6-F2-1 /D:1     /W-F1-1  /T0-F1-1 /T0-F0-1 
/T2-F1-1 /T6-F0-1 /T0-F1-1 /T0-F0-1 /T2-T3-2 /T2-F0-1 /T2-F3-1 /T0-T1-1 /T0-F0-1 /T0-F3-1 
/T3-T2-4 /T3-F0-1 /D:1     /W-F2-1  /D:1     /W-T1-1  /D:1     /W-F2-1  /T2-F2-1 /T1-F2-1 
/T2-F1-1 /T1-F1-1 /T2-F2-1 /T1-F2-1 /T2-F1-1 /T1-F1-1 /T2-F2-1 
"
1040436,p#DA#kZr#FzPd#xQKeq#TtNuXB#HYJULOE#mcnyRblWiSgGIaMoswCjVfhv,100.500000,1773.000000,34.000000,0.848837,1,"
minimal: 0 / states: 109 / duration: 0.000119s
history:
/T1-F0-1 /T5-F0-1 /T3-T2-1 /T3-T1-1 /T0-T2-1 /T3-T0-1 /D:2     /W-T4-1  /D:1     /W-F2-1  
/D:2     /W-T3-1  /T4-T3-2 /T1-T4-2 /D:1     /W-T2-1  /D:1     /W-T0-1  /D:7     /W-F1-1  
/T2-F1-1 /T3-F1-1 /D:1     /W-T1-1  /D:1     /W-F2-1  /T2-F2-1 /T2-F1-1 /T3-F2-1 /T2-F2-1 
/T4-T3-2 /T4-F1-1 /T4-T0-1 /T4-T6-1 /D:1     /W-F2-1  /D:1     /W-T5-1  /D:1     /W-F0-1  
/D:1     /W-T0-1  /W-T0-1  /D:1     /W-T5-1  /D:1     /W-F1-1  /D:1     /W-T0-1  /W-T0-1  
/F1-T0-1 /T6-T0-2 /F0-T0-1 /T6-T0-1 /T5-T6-3 /T6-T2-4 /T5-T2-1 /T5-F3-1 /T0-F3-1 /T0-F0-1 
/T3-F3-1 /T0-F3-1 /T3-F0-1 /T0-F0-1 /T0-F1-1 /T3-F3-1 /T3-F0-1 /W-F1-1  /W-F3-1  /T0-F0-1 
/T5-F2-1 /T0-F1-1 /T5-F3-1 /T2-F2-1 /T6-F3-1 /T2-T3-5 /T6-T2-1 /T6-T1-1 /T6-F0-1 /T0-F0-1 
/T3-F3-1 /W-F1-1  /T2-F0-1 /T0-F1-1 /T0-F0-1 /T2-F1-1 /T0-F1-1 /W-F3-1  /T4-T1-1 /D:1     
/W-F2-1  /T3-F2-1 /T1-F2-1 /T3-F3-1 /T1-F3-1 /T3-F0-1 /T1-F0-1 /W-F2-1  /T0-F2-1 /T3-F3-1 
/W-F1-1  
"
1040621,P#kL#uop#gdUI#EXDna#mVjCWZ#vqBMfTJ#whltOxHYyRNKiFrbseSGAczQ,145.500000,3510.000000,52.000000,0.563158,1,"
minimal: 0 / states: 122 / duration: 0.000124s
history:
/T4-F1-1 /T4-F2-1 /T1-T5-1 /T6-T1-1 /T0-T4-1 /T5-T0-2 /T3-T5-1 /T3-T5-1 /T2-T3-1 /T2-F2-1 
/T6-T2-1 /T3-F2-1 /T1-T0-2 /D:4     /W-T5-1  /T6-T5-1 /T6-T1-1 /T6-T4-1 /T6-F2-1 /W-T1-1  
/W-T6-1  /D:2     /W-T1-1  /T5-T1-5 /T5-T3-1 /W-T3-1  /T6-T5-2 /D:5     /W-F3-1  /T3-F3-1 
/D:2     /W-T0-1  /T2-T0-2 /D:1     /W-T0-1  /D:1     /W-T1-1  /T3-T1-2 /D:1     /W-F1-1  
/D:1     /W-T3-1  /D:1     /W-T0-1  /T4-T0-3 /D:2     /W-T5-1  /W-T5-1  /D:1     /W-F0-1  
/T0-F0-1 /T0-F3-1 /T1-F0-1 /T0-F0-1 /D:1     /W-F1-1  /T1-F1-1 /T0-F1-1 /T1-F2-1 /T1-F1-1 
/T3-F2-1 /T1-F2-1 /T3-F1-1 /T5-T1-2 /T5-F1-1 /D:1     /W-T2-1  /D:1     /W-F3-1  /R       
/D:1     /W-T4-1  /D:2     /W-T2-1  /D:2     /W-F3-1  /T1-F3-1 /D:1     /W-T2-1  /T5-T2-2 
/T5-T4-1 /W-T5-1  /T4-T5-3 /T4-F0-1 /T0-F0-1 /T0-F3-1 /T0-F2-1 /T1-F0-1 /T1-F3-1 /T2-F2-1 
/W-F0-1  /T0-F1-1 /T1-F0-1 /T2-F1-1 /T5-F3-1 /T0-F0-1 /T1-F3-1 /T2-F0-1 /T5-F2-1 /T0-F1-1 
/T1-F2-1 /T1-F1-1 /T5-F3-1 /T0-F0-1 /T2-F3-1 /T1-F0-1 /T5-F2-1 /T0-F3-1 /T2-F2-1 /T5-F1-1 
"
1040695,a#mz#ZtE#hqyp#TSflN#vJiMgX#LnCuOHW#eIPxGjBrUdwsDYFQVkKRocbA,183.000000,1896.000000,55.000000,0.545455,1,"
minimal: 0 / states: 126 / duration: 0.000135s
history:
/T0-F1-1 /T4-F3-1 /T4-T1-1 /T2-T4-1 /T4-T2-2 /T1-T0-2 /D:2     /W-T6-1  /D:2     /W-T0-1  
/T6-T0-2 /D:4     /W-T4-1  /D:1     /W-T0-1  /T2-T0-3 /D:1     /W-T0-1  /T3-T0-1 /T5-T3-1 
/T5-T6-1 /T3-T1-2 /D:1     /W-T1-1  /D:1     /W-T6-1  /D:2     /W-T5-1  /D:2     /W-T4-1  
/D:1     /W-T1-1  /T6-T1-3 /T6-F3-1 /D:2     /W-T5-1  /D:1     /W-T1-1  /T3-T1-1 /D:2     
/W-T1-1  /W-T1-1  /D:1     /W-F1-1  /D:1     /W-F0-1  /R       /D:2     /W-F3-1  /T4-F3-1 
/D:1     /W-T3-1  /T4-T3-2 /T4-T6-1 /T5-T4-3 /T6-T5-2 /F3-T3-1 /T6-T3-1 /T6-F2-1 /T1-F2-1 
/T0-F2-1 /T1-F1-1 /T1-F2-1 /T0-F1-1 /W-F1-1  /T3-T0-2 /T3-F2-1 /T0-T3-3 /T0-F1-1 /T1-T5-2 
/T1-F1-1 /T6-T2-1 /D:1     /W-T4-1  /D:1     /W-F0-1  /T3-F0-1 /T3-F3-1 /T5-F3-1 /T5-F2-1 
/T0-F2-1 /T5-T1-1 /T5-F2-1 /T3-T0-3 /T3-F1-1 /T5-F1-1 /T4-F1-1 /D:1     /W-F0-1  /T0-F0-1 
/T0-F3-1 /T1-F3-1 /D:1     /W-F0-1  /T0-F0-1 /T0-F3-1 /T1-F0-1 /T0-F0-1 /T1-F3-1 /T5-F0-1 
/T5-F2-1 /T0-F3-1 /T1-F2-1 /T0-F2-1 /T1-F3-1 /T4-F0-1 /T4-F3-1 /T1-F2-1 /T2-F0-1 /T2-F3-1 
/T4-F0-1 /D:1     /W-F1-1  /T0-F1-1 /T0-F2-1 /T1-F1-1 
"
1040765,Z#Rl#xqT#QmGL#UiCJj#dpNvAn#KWVHcbX#DeShsgkPfztyIoBwMEuaYrOF,123.500000,1159.000000,46.000000,0.643678,1,"
minimal: 0 / states: 123 / duration: 0.000153s
history:
/T5-F2-1 /T5-F0-1 /T6-T3-1 /T3-T0-2 /T5-T4-1 /T5-F3-1 /T6-T5-1 /D:3     /W-T3-1  /D:1     
/W-T4-1  /T3-T4-2 /D:1     /W-T2-1  /W-T2-1  /W-T2-1  /T6-T2-1 /T2-T6-5 /D:3     /W-T2-1  
/D:4     /W-T3-1  /D:2     /W-F2-1  /D:1     /W-F0-1  /D:1     /W-T0-1  /D:2     /W-T4-1  
/D:2     /W-F1-1  /T5-F1-1 /T6-F1-1 /T5-F2-1 /T2-T6-1 /T2-F2-1 /T4-T2-6 /T2-T1-7 /T3-T2-2 
/T5-F1-1 /T3-T1-1 /D:2     /W-F2-1  /D:1     /W-F3-1  /T6-F3-1 /T1-F3-1 /D:1     /R       
/D:2     /W-T2-1  /T4-T2-1 /T4-F0-1 /T6-F0-1 /T1-F0-1 /T6-F1-1 /T6-T4-3 /T6-T0-1 /T4-T2-4 
/T2-F2-1 /D:1     /W-F1-1  /W-F1-1  /T1-T4-2 /T1-F1-1 /T2-T0-2 /T2-F1-1 /T1-T6-1 /T1-F1-1 
/T6-T1-2 /T4-T1-3 /D:1     /W-T3-1  /T1-T3-7 /T1-F3-1 /T3-F3-1 /T0-F3-1 /D:1     /W-F2-1  
/D:2     /W-T1-1  /D:1     /W-F2-1  /D:1     /W-T1-1  /T6-T1-1 /D:1     /W-F0-1  /T3-F0-1 
/T0-F0-1 /T3-F3-1 /T0-F3-1 /T3-F2-1 /T0-F2-1 /W-F0-1  /T2-F0-1 /T2-F1-1 /T3-F3-1 /T0-F3-1 
/T1-F0-1 /T0-F0-1 /T3-F2-1 /T1-F3-1 /T2-F2-1 /T0-F3-1 /T3-F1-1 /T1-F0-1 /T2-F1-1 /T3-F2-1 
"
1040787,k#lU#Suq#JYAy#PHXjx#zQdTEG#FWODmvB#pnwLerMgCNhbRKZfsatiVIco,130.000000,1255.000000,59.000000,0.520833,1,"
minimal: 0 / states: 133 / duration: 0.000128s
history:
/T5-T1-1 /T0-T3-1 /D:2     /W-F2-1  /D:1     /W-T3-1  /D:4     /W-T0-1  /D:3     /W-F3-1  
/D:6     /W-T1-1  /T5-T1-1 /D:1     /W-T5-1  /D:1     /W-F1-1  /D:2     /W-T3-1  /D:3     
/W-T2-1  /T6-T2-1 /T1-T6-4 /T4-T1-1 /T6-T4-5 /T3-T6-4 /T3-F0-1 /T2-F0-1 /T4-T1-6 /T3-T0-1 
/T3-T4-1 /T6-T3-5 /D:1     /W-F2-1  /R       /D:1     /W-F2-1  /T2-T6-1 /T2-F2-1 /T5-T2-2 
/T5-T1-1 /T2-T3-3 /D:2     /W-T3-1  /T6-T3-2 /T6-F3-1 /D:1     /W-T2-1  /T5-T2-1 /T1-T5-9 
/D:2     /W-F0-1  /D:2     /W-F1-1  /T3-F1-1 /T5-F1-1 /T3-F0-1 /T3-F1-1 /T5-F0-1 /T5-F1-1 
/T2-T5-3 /D:1     /W-T3-1  /D:1     /W-T0-1  /T6-T0-1 /T6-F0-1 /D:1     /W-T1-1  /D:2     
/W-T4-1  /D:1     /W-T0-1  /R       /D:1     /W-T1-1  /T4-T1-3 /T4-T1-1 /T4-F3-1 /T5-F3-1 
/T3-F3-1 /T5-F2-1 /T3-F2-1 /T5-F3-1 /T3-F3-1 /T5-F0-1 /T1-F0-1 /T0-F0-1 /T5-F3-1 /T1-F3-1 
/T0-F3-1 /T1-F0-1 /T0-F0-1 /T1-F3-1 /T0-F3-1 /T1-F0-1 /T0-F0-1 /T1-F3-1 /D:1     /W-F1-1  
/D:1     /W-F1-1  /D:1     /W-F2-1  /T3-F2-1 /T3-F1-1 /T5-F2-1 /T3-F2-1 /T5-F1-1 /T3-F1-1 
/T5-F2-1 /T3-F2-1 /T5-F1-1 /T3-F1-1 /T5-F2-1 
"
1040817,t#yA#ewx#pDdK#gOEan#jViqvN#fWoCBUZ#hlIMmcHkrsTSRbFYzLuJXQPG,124.000000,2044.000000,43.000000,0.717647,1,"
minimal: 0 / states: 104 / duration: 0.000179s
history:
/T1-F0-1 /T4-F2-1 /T4-F1-1 /T5-F3-1 /T1-T6-1 /T6-T1-2 /T6-T5-1 /T6-F0-1 /T6-F0-1 /T6-F2-1 
/T5-T6-2 /T6-T2-3 /T4-T6-1 /T4-F3-1 /T0-T2-1 /T6-T2-2 /D:4     /W-T0-1  /D:1     /W-T6-1  
/D:1     /W-T5-1  /D:2     /W-T1-1  /D:2     /W-T4-1  /D:3     /W-T4-1  /T5-T4-2 /D:1     
/W-F1-1  /T4-F1-1 /D:2     /W-T0-1  /T3-T0-1 /T3-F1-1 /T3-F0-1 /T3-F2-1 /T2-F0-1 /T4-F2-1 
/W-F0-1  /D:1     /W-T3-1  /D:1     /W-T6-1  /D:1     /W-T5-1  /T4-T5-3 /D:1     /W-T1-1  
/T5-T1-5 /D:1     /W-T6-1  /D:2     /W-F3-1  /W-F3-1  /T1-F3-1 /W-F3-1  /W-F3-1  /W-F2-1  
/T1-F2-1 /W-T5-1  /D:1     /W-F0-1  /T5-F0-1 /W-F0-1  /W-T3-1  /T2-T3-6 /T2-T6-1 /T2-F1-1 
/T3-F1-1 /T1-F1-1 /T3-F2-1 /T1-F2-1 /T3-F3-1 /T5-F3-1 /W-F1-1  /T1-F1-1 /T1-F0-1 /T3-F2-1 
/T3-F3-1 /T5-F1-1 /T0-F0-1 /T6-F2-1 /T1-F1-1 /T3-F2-1 /T3-F1-1 /T6-F3-1 /T0-F3-1 /T1-F2-1 
/T3-F2-1 /T6-F0-1 /T0-F0-1 /T1-F3-1 /T6-F1-1 
"
1040855,k#Gn#ijV#WTaK#XPOsm#UEwdql#uYgyFDc#NoMJIrexQbftzZvRCHpASLhB,127.000000,3403.000000,48.000000,0.616279,1,"
minimal: 0 / states: 122 / duration: 0.000166s
history:
/T1-F2-1 /T3-T5-1 /T3-F1-1 /D:1     /W-F3-1  /D:1     /W-F2-1  /D:2     /W-T0-1  /T2-T0-1 
/T2-T5-1 /D:1     /W-T5-1  /D:5     /W-F1-1  /T6-F1-1 /D:1     /W-T1-1  /D:7     /W-T0-1  
/T3-T0-1 /D:1     /W-F2-1  /D:1     /W-F0-1  /D:2     /W-T4-1  /T0-T4-5 /T4-T0-7 /T4-T0-1 
/T4-F3-1 /T4-F3-1 /D:1     /W-T5-1  /T1-T5-2 /D:1     /W-F0-1  /R       /D:1     /W-T1-1  
/T5-T1-7 /T5-F2-1 /T5-F1-1 /T5-T4-1 /T5-T1-1 /T2-T4-1 /D:1     /W-F2-1  /T0-F2-1 /D:1     
/W-F1-1  /D:2     /W-F3-1  /D:1     /W-F2-1  /D:1     /W-T2-1  /D:2     /W-T3-1  /T5-T3-1 
/W-T5-1  /D:1     /W-F3-1  /D:1     /W-F0-1  /T6-F0-1 /T1-F0-1 /T1-F1-1 /T6-F0-1 /T6-T5-1 
/T6-F1-1 /T6-T2-1 /T1-F0-1 /T1-F1-1 /T4-F1-1 /T6-F2-1 /T3-T1-1 /T3-F2-1 /T4-F2-1 /W-F2-1  
/T5-F2-1 /T1-T3-2 /T1-F1-1 /T0-T4-4 /T0-F1-1 /T1-T2-1 /T1-F1-1 /T0-T5-1 /T0-F1-1 /T2-T1-2 
/T2-F2-1 /T3-T1-3 /T4-T5-5 /D:1     /W-F3-1  /T5-F3-1 /T1-F3-1 /T5-F0-1 /T1-F0-1 /T5-F3-1 
/T1-F3-1 /T5-F0-1 /T1-F0-1 /T5-F3-1 /T1-F3-1 /T5-F0-1 /T1-F0-1 /T5-F3-1 
"
1040876,v#Zc#KNA#qUfy#tkIQz#nxSPOo#apmDVij#CJFdWGTsbrERlYMhBXLweuHg,136.500000,2487.000000,57.000000,0.543011,1,"
minimal: 0 / states: 129 / duration: 0.000126s
history:
/T2-F0-1 /T2-F3-1 /T6-T2-1 /T5-T1-1 /T5-F3-1 /T5-F3-1 /T0-T2-1 /T4-T0-1 /T4-F3-1 /D:10    
/W-T5-1  /D:2     /W-F3-1  /D:1     /W-T0-1  /T2-T0-3 /D:2     /W-T2-1  /W-T2-1  /D:1     
/W-T0-1  /D:1     /W-F0-1  /D:1     /W-T3-1  /D:2     /W-T3-1  /T6-T3-1 /D:2     /W-T3-1  
/D:1     /W-T6-1  /D:1     /W-T3-1  /R       /D:1     /W-F0-1  /D:2     /W-T3-1  /D:1     
/W-T5-1  /D:2     /W-T0-1  /T5-T0-3 /T5-T2-1 /T5-F2-1 /T1-F2-1 /W-T2-1  /T4-T2-1 /W-T4-1  
/T6-T4-2 /T6-F0-1 /T3-T6-7 /T6-T5-8 /T6-F2-1 /T6-F1-1 /T0-T3-2 /T0-F3-1 /T3-T0-3 /T3-T2-1 
/T1-T3-1 /D:1     /W-F3-1  /T2-F3-1 /D:2     /W-F1-1  /T3-F1-1 /T0-F1-1 /T3-F2-1 /T0-F2-1 
/W-F2-1  /D:1     /W-F0-1  /T5-F0-1 /D:1     /W-T1-1  /T4-T1-4 /T4-F2-1 /T5-T1-1 /T5-F2-1 
/T0-T2-3 /T0-F2-1 /T1-T5-2 /T1-F3-1 /T2-T0-4 /T2-F3-1 /T5-T1-3 /T5-F2-1 /T2-F2-1 /T5-F3-1 
/T2-F3-1 /T5-F2-1 /T0-T2-7 /T0-F2-1 /T1-T5-6 /T1-F3-1 /D:1     /W-F1-1  /T2-F1-1 /T2-F0-1 
/T5-F1-1 /T2-F1-1 /T5-F0-1 /T2-F0-1 /T5-F1-1 /T2-F1-1 /T5-F0-1 /T2-F0-1 /T5-F1-1 /T2-F1-1 
/T5-F0-1 /T2-F0-1 /T5-F1-1 
"
1040903,s#zx#QHu#IgMo#alpEA#drCJcP#wDSjyUn#YFkRVOvKZNfiXBWLbemGhqTt,146.000000,2793.000000,64.000000,0.505102,1,"
minimal: 0 / states: 136 / duration: 0.000145s
history:
/T4-F0-1  /T6-F2-1  /T3-F2-1  /D:1      /W-T3-1   /T1-T3-1  /D:3      /W-T0-1   /D:6      /W-F3-1   
/D:4      /W-F0-1   /D:1      /W-T3-1   /D:5      /W-T6-1   /D:2      /W-T0-1   /T5-T0-1  /D:1      
/W-T2-1   /T0-T2-4  /T3-T0-4  /D:1      /R        /D:1      /W-T3-1   /D:3      /W-F3-1   /T2-F3-1  
/T5-T2-1  /W-T5-1   /T2-T5-6  /T3-T2-2  /T6-T3-2  /W-T6-1   /T5-T6-8  /T5-F0-1  /T3-T0-3  /D:3      
/W-T3-1   /T6-T3-10 /D:1      /W-T0-1   /T4-T0-1  /T4-F2-1  /T4-T1-1  /T4-F1-1  /W-T1-1   /T6-T1-1  
/T5-T6-1  /W-T1-1   /T5-T0-1  /D:4      /W-F1-1   /T3-F1-1  /T0-F1-1  /T3-F2-1  /T6-F2-1  /T3-T2-1  
/T3-F2-1  /D:1      /W-F1-1   /T0-T6-1  /T0-F1-1  /T6-T0-2  /T6-F0-1  /T0-F0-1  /T2-T3-2  /T2-F1-1  
/D:1      /W-T4-1   /W-T4-1   /W-T4-1   /W-T6-1   /T2-T6-1  /T2-F3-1  /T3-F3-1  /T0-F3-1  /T3-F0-1  
/T0-F0-1  /T3-F3-1  /T6-F0-1  /T0-F3-1  /T0-F0-1  /T3-T6-1  /T3-F3-1  /T0-F3-1  /T3-F0-1  /T4-F3-1  
/T1-T0-2  /T1-F0-1  /T4-F0-1  /T0-T1-3  /T0-F3-1  /T0-F0-1  /T3-T4-2  /T3-F3-1  /T6-T4-3  /D:1      
/W-F1-1   /D:1      /W-F2-1   /T4-F2-1  /T1-F2-1  /T4-F1-1  /T1-F1-1  /T4-F2-1  /T1-F2-1  /T4-F1-1  
/T1-F1-1  /T4-F2-1  /T1-F2-1  /T4-F1-1  
"
1040965,l#kp#mMe#xBHv#rGuaK#hIisSj#WCwOXNc#DZqfUAnEVbyzPFtLgYTJodRQ,138.000000,1572.000000,47.000000,0.620690,1,"
minimal: 0 / states: 115 / duration: 0.000127s
history:
/T5-T4-1 /T4-T0-2 /T4-F1-1 /T3-T0-1 /D:1     /W-T2-1  /T6-T2-1 /T6-F3-1 /D:4     /W-T0-1  
/D:1     /W-F0-1  /D:1     /W-F2-1  /D:1     /W-T5-1  /D:2     /W-F1-1  /T2-F1-1 /D:3     
/W-T2-1  /D:2     /W-T0-1  /T5-T0-2 /T2-T5-3 /T0-T2-8 /T2-T0-9 /D:1     /W-T2-1  /T6-T2-1 
/T6-F3-1 /T6-T2-1 /T5-F3-1 /D:1     /W-T3-1  /T5-T3-3 /T3-T5-5 /T3-F0-1 /T6-F0-1 /T5-F0-1 
/T5-T2-5 /T5-T6-1 /T0-F0-1 /W-F0-1  /T5-T6-1 /W-T5-1  /T6-T3-3 /D:1     /W-T5-1  /T3-T5-4 
/D:1     /W-T4-1  /D:2     /W-F2-1  /T1-F2-1 /W-T1-1  /D:1     /W-F1-1  /T2-F1-1 /D:1     
/W-T2-1  /D:1     /W-F3-1  /T2-F3-1 /T0-F3-1 /T4-F3-1 /T0-T5-1 /T0-F3-1 /R       /D:1     
/W-T3-1  /D:1     /W-F2-1  /D:1     /W-F1-1  /D:1     /W-T1-1  /T4-T1-1 /T4-F0-1 /T4-F2-1 
/T2-F2-1 /T2-F1-1 /T2-F0-1 /T5-F2-1 /T1-F2-1 /T1-F3-1 /T5-F1-1 /T0-F2-1 /T2-F1-1 /T2-F2-1 
/T5-F0-1 /T0-F1-1 /T1-F0-1 /T1-F1-1 /T5-F3-1 /T0-F0-1 /T2-F3-1 /T2-F0-1 /T5-F2-1 /T0-F1-1 
/T5-F3-1 /T0-F0-1 /T2-F1-1 /T3-F3-1 /D:1     /W-F2-1  /T5-F2-1 
"
1040972,Y#xX#kIf#ANFV#volDL#jpwcrB#dZQhWqb#CMGmUnEuPyHzOKTsJetRSaig,116.000000,1843.000000,65.000000,0.500000,1,"
minimal: 0 / states: 141 / duration: 0.000149s
history:
/T1-T4-1 /T1-T0-1 /D:2     /W-T1-1  /T0-T1-2 /D:2     /W-T0-1  /T4-T0-2 /D:2     /W-F2-1  
/D:1     /W-T2-1  /D:1     /W-T3-1  /D:1     /W-T4-1  /T5-T4-1 /D:6     /W-T3-1  /D:1     
/W-T3-1  /D:1     /W-T0-1  /T3-T0-4 /D:1     /W-T0-1  /T4-T0-3 /W-T4-1  /D:2     /W-T3-1  
/D:2     /W-F1-1  /T6-F1-1 /T6-T3-1 /T6-T1-1 /D:2     /R       /D:2     /W-T6-1  /T2-T6-2 
/T6-T2-4 /T6-T2-1 /T2-T1-6 /W-T1-1  /D:2     /W-T6-1  /T2-T6-1 /T6-T2-3 /T6-T5-1 /D:2     
/W-T6-1  /T4-T6-2 /T4-F2-1 /D:1     /W-T1-1  /D:4     /R       /D:1     /W-T4-1  /D:2     
/W-T4-1  /D:1     /W-T4-1  /T5-T4-2 /T5-F1-1 /T5-T2-1 /T5-F2-1 /T3-F2-1 /T4-F1-1 /T4-F2-1 
/T0-T3-3 /T0-F1-1 /T0-F2-1 /T3-T0-5 /T3-F3-1 /T1-F3-1 /T3-F0-1 /T0-F0-1 /T0-F3-1 /T1-F0-1 
/T0-F0-1 /T1-F3-1 /T0-F3-1 /T1-F0-1 /T0-F0-1 /T1-F1-1 /T4-F3-1 /T0-F3-1 /T1-F0-1 /T4-F2-1 
/T4-F3-1 /T0-F2-1 /T0-F3-1 /T4-F2-1 /T2-F2-1 /W-F0-1  /T1-T5-2 /T1-F3-1 /T1-F2-1 /T0-T2-1 
/T0-F3-1 /T1-F3-1 /T2-T0-2 /T2-F2-1 /T2-F3-1 /T6-T1-2 /T6-F2-1 /T5-T1-3 /D:1     /W-T0-1  
/D:1     /W-F1-1  /T1-F1-1 /T0-F1-1 /T1-F0-1 /T0-F0-1 /T1-F1-1 /T0-F1-1 /T1-F0-1 /T0-F0-1 
/T1-F1-1 /T0-F1-1 /T1-F0-1 
"
1041003,G#iU#yQE#HSAP#TFbup#CtrOXL#dqowxmf#nlKYRceIgvWjzDBhksMaNZJV,119.000000,1738.000000,51.000000,0.625000,1,"
minimal: 0 / states: 123 / duration: 0.000136s
history:
/T6-T0-1 /T5-T6-1 /T5-T6-1 /T5-T4-1 /T2-T0-1 /T4-T2-2 /T2-T0-3 /T0-T1-6 /T6-T0-3 /D:1     
/W-F2-1  /D:8     /W-T4-1  /D:2     /W-T6-1  /W-T6-1  /T1-T6-7 /T4-T1-2 /D:4     /W-T3-1  
/D:2     /W-T2-1  /D:1     /W-T1-1  /D:2     /W-F1-1  /T4-F1-1 /D:1     /W-F3-1  /T6-F3-1 
/D:2     /W-T0-1  /T1-T0-4 /W-T1-1  /T2-T1-2 /W-T2-1  /D:1     /R       /D:1     /W-T2-1  
/T6-T2-9 /T6-T1-1 /T6-F2-1 /T2-F2-1 /T6-F2-1 /T5-F2-1 /T0-F2-1 /T5-F2-1 /T4-T0-1 /T5-T2-1 
/D:3     /W-T0-1  /D:1     /W-F1-1  /T6-F1-1 /D:1     /W-F1-1  /D:3     /W-T5-1  /D:1     
/W-T0-1  /T3-T0-2 /T3-F0-1 /T0-F0-1 /T0-F3-1 /T2-F0-1 /T0-F0-1 /T2-F3-1 /T0-F3-1 /T2-F0-1 
/T0-F0-1 /T2-F1-1 /T0-F1-1 /T3-F3-1 /T2-F0-1 /T4-F3-1 /T0-F2-1 /T2-F3-1 /T3-F0-1 /T2-F2-1 
/T1-F2-1 /D:1     /W-F1-1  /T0-F1-1 /W-F1-1  /W-F0-1  /T0-F0-1 /T1-F1-1 /W-T5-1  /W-F0-1  
/T0-T1-1 /T0-F0-1 /T2-T5-2 /T2-F1-1 /T0-F1-1 /T2-F0-1 /D:1     /W-F3-1  /T5-F3-1 /T1-F3-1 
/T5-F2-1 /T1-F2-1 /T5-F3-1 /T1-F3-1 /T5-F2-1 
"
1041005,A#We#wLH#MctU#kpiPE#ORjyag#orBVhFD#dnxzTmsXlqJSfGZYQbvuNCKI,108.500000,2109.000000,51.000000,0.597403,1,"
minimal: 0 / states: 135 / duration: 0.000143s
history:
/T0-F0-1  /T6-T1-1  /T5-T2-1  /T5-F1-1  /T6-T2-1  /T1-T2-2  /D:1      /W-T4-1   /D:1      /W-F2-1   
/D:2      /W-T0-1   /D:4      /W-T5-1   /D:1      /W-T0-1   /D:2      /W-T5-1   /D:3      /W-T3-1   
/W-T3-1   /T4-T3-2  /T4-T2-1  /T2-T4-6  /T4-T5-7  /T4-T3-1  /T4-T2-1  /D:1      /W-T4-1   /T5-T4-10 
/D:3      /W-F1-1   /D:1      /W-T1-1   /T6-T1-1  /D:1      /W-T6-1   /D:1      /W-F3-1   /D:2      
/W-T0-1   /T5-T0-1  /D:1      /W-T0-1   /T3-T0-6  /T3-T1-1  /T3-F1-1  /R        /D:2      /W-T6-1   
/D:2      /W-T6-1   /T5-T6-1  /T5-F3-1  /W-T5-1   /T2-T5-2  /T6-T2-5  /T6-F0-1  /T4-F3-1  /T2-T5-6  
/D:1      /W-T5-1   /D:1      /W-T1-1   /T6-T1-1  /T6-F2-1  /T0-F2-1  /T5-F2-1  /T0-F1-1  /T1-F2-1  
/T4-T5-1  /T4-F1-1  /T0-T1-1  /T0-F1-1  /T5-T4-2  /T5-F2-1  /T1-T0-2  /T1-F2-1  /T4-T5-3  /T4-F1-1  
/T1-F1-1  /T5-T4-4  /T5-F2-1  /T1-F2-1  /T4-T5-5  /T4-F1-1  /T0-T1-5  /T0-F1-1  /T5-T4-6  /T5-F2-1  
/T5-F1-1  /W-F2-1   /T4-T5-8  /T4-F2-1  /T0-T3-2  /T0-F2-1  /T1-T3-6  /D:2      /W-F3-1   /D:1      
/W-F0-1   /T5-F0-1  /T3-F0-1  /T5-F3-1  /T3-F3-1  /T5-F0-1  /T3-F0-1  /T5-F3-1  /T3-F3-1  /T5-F0-1  
/T3-F0-1  /T5-F3-1  /T3-F3-1  /T5-F0-1  /T3-F0-1  /T3-F1-1  /T5-F3-1  /T5-F0-1  /T5-F1-1  /W-F3-1   
/T3-F0-1  /T4-F3-1  
"
1041031,C#DY#LWw#IxMu#FZQoV#BJjkKs#hHqizTR#gSeptfXvbElmOnGdyPNarUcA,103.000000,3003.000000,52.000000,0.505814,1,"
minimal: 0 / states: 132 / duration: 0.000133s
history:
/T6-T5-1  /T5-T6-2  /T6-T3-3  /T4-T2-1  /T5-T1-1  /T3-T2-4  /T2-T5-6  /T1-T3-2  /T2-T3-1  /T5-T2-7  
/T1-T2-1  /T6-T1-1  /D:8      /W-T3-1   /D:1      /W-T0-1   /D:2      /W-T1-1   /D:3      /W-F2-1   
/T4-F2-1  /T0-T4-2  /T3-T0-5  /T5-T3-1  /T6-T5-1  /T3-T1-2  /T3-T1-1  /D:4      /W-T2-1   /D:1      
/W-F3-1   /D:1      /W-F1-1   /T4-F1-1  /D:2      /W-T0-1   /D:1      /W-F1-1   /D:1      /W-F0-1   
/R        /D:4      /W-F2-1   /T6-F2-1  /T6-T5-1  /T6-T1-1  /D:1      /W-T0-1   /D:1      /W-T0-1   
/D:2      /W-T0-1   /T4-T0-2  /T4-T3-1  /T2-T3-10 /D:1      /W-T2-1   /D:1      /W-F3-1   /T3-F3-1  
/D:1      /W-T1-1   /D:1      /W-F1-1   /D:1      /W-T2-1   /W-T2-1   /T5-T2-3  /T5-F0-1  /T0-F0-1  
/T0-F3-1  /T3-F0-1  /T0-F0-1  /T3-F3-1  /W-F1-1   /T4-F0-1  /T0-F1-1  /T1-F0-1  /T2-F0-1  /W-F3-1   
/W-F1-1   /T1-F1-1  /T1-F0-1  /T2-F1-1  /T1-F1-1  /T2-F0-1  /T0-T1-4  /T0-F0-1  /T3-T2-5  /T3-F1-1  
/T3-F0-1  /T1-T0-5  /T1-F1-1  /T0-T1-6  /T0-F0-1  /T2-T3-7  /T2-F1-1  /D:1      /W-F2-1   /T3-F2-1  
/T1-F2-1  /T3-F3-1  /T1-F3-1  /T3-F2-1  /T1-F2-1  /T3-F3-1  /T1-F3-1  /T3-F2-1  /T1-F2-1  /T3-F3-1  
/T1-F3-1  /T3-F2-1  /T1-F2-1  /T3-F3-1  
"
1041258,A#CU#dnq#WPzS#KJbGm#evILxT#kQDtOZV#raosHMgjyNuBpcXhRFYfwEil,114.500000,1482.000000,43.000000,0.628205,1,"
minimal: 0 / states: 117 / duration: 0.000123s
history:
/T0-F0-1 /T4-T0-1 /T3-T4-1 /T4-T1-2 /D:1     /W-T1-1  /D:1     /W-F1-1  /T4-F1-1 /T6-T4-1 
/D:2     /W-T5-1  /D:1     /W-T4-1  /T5-T4-2 /D:3     /W-T5-1  /D:1     /W-T0-1  /D:1     
/W-F3-1  /D:2     /W-F0-1  /D:2     /W-F1-1  /D:1     /W-T0-1  /T4-T0-5 /D:2     /W-T0-1  
/T2-T0-1 /T2-F2-1 /T2-T1-1 /T6-T2-1 /T6-F3-1 /T1-F1-1 /D:2     /W-T3-1  /T5-T3-2 /T5-T2-1 
/T5-T3-1 /T1-T3-4 /T1-F0-1 /T3-T1-9 /T3-F3-1 /T5-T3-1 /T5-F1-1 /T3-T4-2 /D:1     /W-F1-1  
/D:4     /R       /D:1     /W-F2-1  /D:1     /W-T3-1  /D:1     /W-F1-1  /D:2     /W-F2-1  
/T0-F2-1 /T1-F2-1 /D:1     /W-T4-1  /T6-T4-1 /T6-F0-1 /T6-F3-1 /T0-F3-1 /T0-F2-1 /T1-F3-1 
/T4-F2-1 /T0-F3-1 /W-F2-1  /T4-F1-1 /T4-F2-1 /T6-T2-1 /D:2     /W-F2-1  /D:1     /W-F0-1  
/W-F0-1  /T1-F0-1 /T0-F0-1 /T1-F3-1 /T0-F3-1 /T1-F0-1 /T4-F3-1 /T0-F0-1 /T0-F3-1 /T4-F0-1 
/T2-T0-1 /T2-F0-1 /T3-F0-1 /D:1     /W-F1-1  /T1-F1-1 /T0-F1-1 /T1-F2-1 /T0-F2-1 /T1-F3-1 
/T2-F3-1 /T1-F2-1 /D:1     /W-F1-1  /T0-F1-1 
"
1050018,R#ua#ZJl#ejrP#kVFpc#zdXntN#QCybSsM#AOWLvgiTmfIhwYHqxUKDEGoB,140.500000,738.000000,43.000000,0.668478,1,"
minimal: 0 / states: 120 / duration: 0.000129s
history:
/T1-F1-1 /T5-F3-1 /T2-T6-1 /D:1     /W-F0-1  /D:1     /W-F3-1  /T3-F3-1 /D:4     /W-T1-1  
/D:1     /W-T2-1  /T1-T2-2 /T6-T1-2 /T6-T2-1 /T6-T5-1 /T6-F1-1 /T4-F1-1 /T3-T5-1 /W-T3-1  
/T0-T2-1 /D:2     /W-T0-1  /T6-T0-1 /D:3     /W-T3-1  /T5-T3-3 /T5-F2-1 /T5-T0-1 /T5-F1-1 
/T2-T0-6 /F1-T3-1 /T4-T3-1 /D:2     /W-T5-1  /D:2     /W-T0-1  /D:1     /W-T1-1  /T3-T1-8 
/T3-T4-1 /D:2     /W-T5-1  /D:1     /W-T4-1  /D:3     /W-F2-1  /T1-F2-1 /T0-F2-1 /T6-T1-1 
/T6-F3-1 /T0-F3-1 /D:1     /W-F0-1  /T1-F0-1 /T1-F1-1 /T1-F2-1 /T4-F0-1 /T4-F1-1 /T0-F2-1 
/T4-T0-1 /T1-F3-1 /T1-F2-1 /W-T1-1  /W-F0-1  /T0-F0-1 /T1-F0-1 /R       /D:1     /W-T5-1  
/D:1     /W-T2-1  /D:1     /W-F3-1  /D:1     /W-F1-1  /T0-F1-1 /T0-F2-1 /T1-F1-1 /T0-F1-1 
/T4-T0-1 /T1-F2-1 /T1-F1-1 /T4-F1-1 /D:1     /W-T5-1  /D:1     /W-F2-1  /T1-F2-1 /T1-F1-1 
/T0-T2-3 /T0-F2-1 /T0-F1-1 /T5-T1-4 /T5-F2-1 /D:1     /W-F0-1  /T1-F0-1 /D:1     /W-F3-1  
/T2-F3-1 /T1-F3-1 /T2-F0-1 /T1-F0-1 /T2-F3-1 /T1-F3-1 /T2-F0-1 /T1-F0-1 /T2-F3-1 
"
1050107,W#fM#Itl#Uwce#qzXDs#ugYVrv#QGRNnLb#BodmCFJxApETiaZOSPyjKkHh,156.000000,1385.000000,58.000000,0.547872,1,"
minimal: 0 / states: 124 / duration: 0.000146s
history:
/T5-T0-1 /T3-T4-1 /T2-T1-1 /D:1     /W-T3-1  /D:2     /W-T5-1  /D:2     /W-T5-1  /T6-T5-1 
/D:3     /W-T1-1  /T0-T1-2 /T1-T0-5 /T5-T1-4 /T1-T2-5 /D:1     /W-F0-1  /T3-F0-1 /D:5     
/W-F1-1  /T2-F1-1 /T3-F1-1 /T5-T3-1 /T2-F0-1 /T2-F1-1 /T4-F1-1 /D:1     /W-T1-1  /T6-T1-1 
/T6-F2-1 /T6-F3-1 /T6-T4-1 /D:1     /W-F3-1  /D:1     /W-T6-1  /T2-T6-1 /T2-F1-1 /D:1     
/W-F3-1  /D:3     /W-T5-1  /W-T5-1  /D:1     /W-T1-1  /T3-T1-2 /T2-T3-1 /T2-T5-1 /T3-T0-2 
/D:1     /W-T1-1  /D:1     /W-T5-1  /T6-T5-3 /T6-F3-1 /T4-F3-1 /R       /D:1     /W-F2-1  
/D:1     /W-T2-1  /D:3     /W-F2-1  /D:2     /W-T1-1  /T4-T1-1 /T4-F0-1 /W-F0-1  /W-T4-1  
/W-F0-1  /T5-T0-2 /T5-F0-1 /D:1     /W-T4-1  /D:1     /W-T2-1  /T4-T2-3 /T5-T4-5 /T5-F1-1 
/T4-T3-6 /T4-F2-1 /T0-F2-1 /T0-F3-1 /T1-F2-1 /T0-F2-1 /T1-F3-1 /T0-F3-1 /T1-F0-1 /T3-F1-1 
/T3-F0-1 /T5-F2-1 /T0-F2-1 /T1-F3-1 /T0-F3-1 /T2-F1-1 /T1-F2-1 /T2-F0-1 /T2-F3-1 /T3-F1-1 
/T0-F2-1 /T1-F1-1 /T2-F2-1 /T3-F0-1 /T0-F1-1 /T1-F0-1 /T2-F1-1 /T3-F3-1 /T0-F0-1 /T1-F3-1 
/T3-F2-1 
"
1050122,b#FP#kWa#HzLr#XJqwT#gDyhCI#mtRNGcA#jneOSEZfYMBvQipdlxusUoVK,133.000000,1187.000000,48.000000,0.666667,1,"
minimal: 0 / states: 121 / duration: 0.000140s
history:
/T2-F1-1 /T0-F1-1 /T6-F0-1 /T6-F1-1 /T5-T2-1 /D:2     /W-F2-1  /D:2     /W-T5-1  /D:1     
/W-T6-1  /T3-T6-1 /D:2     /W-T0-1  /T3-T0-1 /D:2     /W-T3-1  /D:2     /W-F0-1  /D:2     
/W-T6-1  /T5-T6-2 /T6-T5-6 /T6-F3-1 /T5-F3-1 /T5-F0-1 /T1-F3-1 /T5-T2-5 /T6-T1-1 /T1-T4-2 
/T3-T1-2 /T4-T3-3 /T2-F3-1 /T3-F3-1 /D:1     /W-T4-1  /T3-T4-3 /D:2     /W-F1-1  /D:2     
/W-T1-1  /T2-T1-6 /T4-T2-5 /F3-T2-1 /T4-T2-1 /T2-T0-8 /D:4     /W-F2-1  /D:1     /W-T4-1  
/D:1     /R       /D:2     /W-F1-1  /D:2     /W-F1-1  /D:1     /W-T2-1  /D:2     /W-F2-1  
/T0-F2-1 /T1-F2-1 /T0-F3-1 /T1-F3-1 /D:1     /W-T2-1  /D:1     /W-T4-1  /D:1     /W-F2-1  
/T6-F2-1 /T5-T6-1 /T5-F0-1 /T4-F2-1 /T5-F1-1 /W-F2-1  /W-F0-1  /T0-F0-1 /T0-F3-1 /T1-F0-1 
/T0-F0-1 /T1-F1-1 /T0-F1-1 /T0-F2-1 /T4-T0-2 /T1-F0-1 /W-F1-1  /T0-T4-2 /T0-F1-1 /T2-F1-1 
/T4-T0-3 /D:1     /W-F3-1  /T0-F3-1 /T0-F0-1 /T1-F3-1 /T0-F3-1 /T1-F2-1 /T6-F2-1 /T1-F3-1 
/T1-F2-1 /T6-F1-1 /D:1     /W-F0-1  /T0-F0-1 /T0-F3-1 /T2-F0-1 
"
1050123,W#OZ#AIa#EokQ#vumDT#cJKCVL#bgXhtpe#BzNsfMPwyGHRirlqYjdnSUFx,144.000000,3655.000000,52.000000,0.540698,1,"
minimal: 0 / states: 130 / duration: 0.000145s
history:
/T2-F1-1 /T5-T1-1 /T2-T0-1 /T2-F0-1 /T1-T2-2 /D:1     /W-F0-1  /D:2     /W-F3-1  /T1-F3-1 
/W-T1-1  /D:1     /W-T4-1  /T6-T4-1 /T6-T3-1 /D:1     /W-T6-1  /D:2     /W-F3-1  /D:4     
/W-T5-1  /T4-T5-3 /T4-T5-1 /D:3     /W-T6-1  /T3-T6-2 /T3-T2-1 /F3-T5-1 /T3-T5-1 /D:1     
/W-T1-1  /D:4     /W-T3-1  /D:1     /W-F2-1  /T5-F2-1 /T5-F3-1 /T6-F2-1 /T6-F3-1 /D:2     
/W-T0-1  /T6-T0-3 /D:2     /W-T1-1  /T0-T1-6 /T4-T0-1 /R       /D:2     /W-T2-1  /T5-T2-6 
/T5-F0-1 /T2-F0-1 /T3-T1-1 /T3-F0-1 /W-T3-1  /D:1     /W-T0-1  /D:1     /W-T6-1  /D:1     
/W-F3-1  /D:2     /W-F2-1  /D:1     /W-T3-1  /T5-T3-1 /W-T5-1  /T4-T5-1 /T6-T4-2 /T6-T0-1 
/T5-T0-3 /T6-T0-1 /T6-F1-1 /T5-F1-1 /T1-F1-1 /T1-F2-1 /T2-F1-1 /T1-F1-1 /T2-F2-1 /T0-F1-1 
/T1-F2-1 /T0-F2-1 /T4-T1-1 /T4-F1-1 /T0-F1-1 /T4-F2-1 /T2-T0-3 /T2-F2-1 /T1-T3-4 /T1-F2-1 
/D:1     /W-F1-1  /T2-F1-1 /T1-F1-1 /T0-T2-5 /T0-F2-1 /T0-F1-1 /T1-F2-1 /D:1     /W-F3-1  
/T2-F3-1 /D:1     /W-F0-1  /T3-F0-1 /T2-F0-1 /T3-F3-1 /T2-F3-1 /T3-F0-1 /T2-F0-1 /T3-F3-1 
/T2-F3-1 /T3-F0-1 /T2-F0-1 /T3-F3-1 /T2-F3-1 /T3-F0-1 
"
1050193,d#zv#WXP#FoyS#OQYxt#VBkIHb#cLpfwDZ#AeKsJigarRGMjmTlEqNUChun,128.000000,2335.000000,53.000000,0.546512,1,"
minimal: 0 / states: 129 / duration: 0.000136s
history:
/T3-T4-1 /T3-T6-1 /T3-T2-1 /D:1     /W-F0-1  /D:1     /W-T3-1  /D:6     /W-F1-1  /T5-F1-1 
/W-T5-1  /T3-T5-2 /T6-T3-2 /T6-T5-1 /T2-T5-2 /T6-T2-1 /T2-T3-2 /T1-T2-1 /W-T3-1  /T5-T3-7 
/D:1     /W-T4-1  /T0-T4-1 /D:3     /W-T0-1  /D:4     /W-T0-1  /D:1     /W-T6-1  /D:2     
/W-F3-1  /D:1     /W-T2-1  /T4-T2-4 /T4-T0-1 /T4-T1-1 /T4-T6-1 /T4-F3-1 /T2-T0-7 /D:1     
/W-T0-1  /D:1     /W-T5-1  /D:2     /W-F2-1  /T3-F2-1 /T3-F3-1 /T6-F3-1 /R       /D:1     
/W-T1-1  /D:3     /W-F3-1  /D:1     /W-T5-1  /T6-T5-2 /T6-F2-1 /D:1     /W-T1-1  /T5-T1-5 
/T5-T6-1 /T5-F0-1 /T0-F0-1 /T3-F0-1 /T1-F0-1 /T0-T1-2 /T0-F3-1 /W-T6-1  /T5-T6-1 /D:1     
/W-T2-1  /T6-T2-4 /T6-F1-1 /T1-F1-1 /T3-F1-1 /T3-F0-1 /T1-T0-2 /T1-F0-1 /W-T3-1  /D:1     
/W-F3-1  /T0-T1-3 /T0-F3-1 /T2-F3-1 /D:1     /W-F2-1  /T1-F2-1 /T1-F1-1 /T3-F2-1 /T1-F2-1 
/T3-F1-1 /T1-F1-1 /T3-F0-1 /T1-F0-1 /T2-F0-1 /T3-F1-1 /T1-F1-1 /T1-F0-1 /T2-F1-1 /T2-F0-1 
/T0-T1-3 /T0-F1-1 /T0-F0-1 /T2-F1-1 /D:1     /W-F2-1  /T1-F2-1 /T1-F3-1 /T3-F2-1 /T1-F2-1 
/T3-F3-1 /T1-F3-1 /T3-F2-1 /T1-F2-1 /T3-F3-1 
"
1050364,c#Dy#uqx#fvES#XRszP#BibnrJ#VKHNCal#wFAegdWZGoMtYOhkQUTpLjmI,163.000000,2200.000000,53.000000,0.599010,1,"
minimal: 0 / states: 123 / duration: 0.000138s
history:
/T2-T6-1 /T4-T2-1 /T6-T4-2 /T6-F1-1 /D:3     /W-F0-1  /D:4     /W-T4-1  /D:3     /W-T0-1  
/D:4     /W-T6-1  /D:2     /W-T1-1  /T5-T1-1 /T5-T3-1 /T5-F2-1 /T0-F2-1 /T5-F1-1 /T5-T1-1 
/T5-F0-1 /T0-F1-1 /T4-T0-4 /D:1     /W-T3-1  /T6-T3-2 /T6-F3-1 /T3-F3-1 /T2-F3-1 /T3-F0-1 
/T6-T1-1 /T3-F3-1 /D:2     /W-T1-1  /T4-T1-1 /T4-F3-1 /F3-T1-1 /T2-T1-1 /D:1     /W-F2-1  
/T1-F2-1 /T1-F3-1 /T3-F2-1 /T3-F3-1 /T1-F2-1 /T1-F3-1 /W-F3-1  /D:2     /W-T6-1  /D:1     
/W-T5-1  /T1-T5-5 /T1-F0-1 /T3-F0-1 /T3-T0-1 /D:1     /W-T6-1  /R       /D:1     /W-T4-1  
/D:1     /W-F0-1  /D:2     /W-T2-1  /D:1     /W-F1-1  /W-F1-1  /T3-F1-1 /T2-F1-1 /D:1     
/W-T1-1  /D:1     /W-F0-1  /T5-F0-1 /T6-F0-1 /T5-T4-1 /T5-F0-1 /T2-T4-1 /D:1     /W-T2-1  
/D:1     /W-F2-1  /T4-F2-1 /T0-F2-1 /D:1     /W-T2-1  /T6-T2-2 /T6-F3-1 /T0-F3-1 /T2-T0-1 
/T2-F0-1 /T4-T5-2 /T4-F3-1 /T2-F3-1 /T1-F3-1 /D:1     /W-F1-1  /T5-F1-1 /T0-F1-1 /T5-F2-1 
/T0-F2-1 /T5-F1-1 /T0-F1-1 /T5-F2-1 /T0-F2-1 /T5-F1-1 /D:1     /W-F0-1  /T2-F0-1 
"
1050369,s#jb#Sfu#PRGW#zYLTD#gldhIn#HFEmkpC#JZOAXVvNwBxtMeoyiqrKaUcQ,75.000000,443.000000,29.000000,0.810345,1,"
minimal: 0 / states: 120 / duration: 0.000131s
history:
/T5-F2-1 /T5-T3-1 /T5-T3-1 /T6-T5-1 /T1-T5-1 /D:3     /W-T6-1  /D:1     /W-F0-1  /D:3     
/W-T1-1  /D:1     /W-F3-1  /T6-F3-1 /D:2     /W-F0-1  /T5-T6-1 /T5-F0-1 /T4-F0-1 /T6-T5-2 
/T4-T2-1 /T6-T4-1 /T4-T6-2 /T0-T2-1 /T6-T0-3 /T6-F0-1 /T6-F0-1 /W-T0-1  /W-T0-1  /T2-T0-3 
/D:1     /W-T4-1  /T3-T4-3 /T3-F0-1 /T3-T0-1 /F0-T4-1 /T2-T4-1 /T3-F3-1 /D:2     /W-T3-1  
/T4-T3-7 /D:2     /W-F2-1  /D:3     /W-T0-1  /D:1     /W-T2-1  /T5-T2-3 /T5-T4-1 /T5-T6-1 
/D:1     /W-T4-1  /T1-T4-2 /D:1     /W-F1-1  /T2-F1-1 /T2-F2-1 /T0-F2-1 /D:1     /W-T4-1  
/D:1     /W-F1-1  /T2-F1-1 /T2-F2-1 /D:1     /W-F3-1  /T0-F3-1 /T2-F3-1 /T0-F2-1 /T0-F3-1 
/T4-F3-1 /R       /D:2     /W-T1-1  /D:2     /W-F2-1  /T0-F2-1 /T0-F3-1 /T4-F2-1 /T0-F2-1 
/T3-T4-4 /T3-F3-1 /T3-F2-1 /W-F3-1  /T3-F3-1 /T1-F3-1 /W-T0-1  /D:1     /W-F1-1  /T4-F1-1 
/T4-F0-1 /T6-F1-1 /T4-F1-1 /T6-F0-1 /T4-F0-1 /T0-F0-1 /D:1     /W-F2-1  /T4-T3-3 /T4-F2-1 
/D:1     /W-F1-1  /T3-F1-1 /T0-F1-1 /T3-F0-1 /T0-F0-1 /T3-F1-1 /T0-F1-1 /T3-F0-1 
"
1050484,s#rZ#HIV#bvAF#DYSqR#gjhaWC#BeJcztu#fpxdoPTKEGXmwQlinNLkyOMU,157.500000,1254.000000,47.000000,0.590426,1,"
minimal: 0 / states: 127 / duration: 0.000134s
history:
/T6-T2-1  /T4-T0-1  /T4-T0-1  /T4-T6-1  /D:3      /W-T4-1   /D:3      /W-T0-1   /W-T0-1   /D:1      
/W-T2-1   /T3-T2-1  /T3-F0-1  /D:2      /W-T6-1   /D:5      /W-T6-1   /T5-T6-1  /T5-T4-1  /T5-F1-1  
/T6-T5-5  /T5-T3-6  /T3-T4-7  /T3-F1-1  /T6-T3-1  /T6-F1-1  /T2-T6-4  /T2-T5-1  /T4-T3-10 /D:3      
/W-F2-1   /T0-F2-1  /D:1      /W-F3-1   /D:1      /W-T1-1   /D:1      /W-T1-1   /T6-T1-5  /T6-T1-1  
/T6-F0-1  /T1-T6-9  /T3-F0-1  /T4-F0-1  /T3-T1-1  /T3-F0-1  /T1-T3-2  /D:2      /W-F3-1   /T0-F3-1  
/T3-F3-1  /T0-T6-1  /T0-F3-1  /T6-T0-2  /T6-F0-1  /T0-T6-3  /D:1      /W-T0-1   /D:1      /W-T5-1   
/R        /D:2      /W-F2-1   /T6-F2-1  /T3-F2-1  /T3-F3-1  /W-T3-1   /D:1      /W-F1-1   /T6-F1-1  
/T3-F1-1  /T6-F2-1  /T3-F2-1  /T6-F3-1  /T5-F3-1  /T6-F2-1  /T6-F3-1  /T3-T5-1  /T3-F2-1  /T3-F3-1  
/T5-T3-3  /T5-F1-1  /T3-F1-1  /D:2      /W-F0-1   /T2-F0-1  /T3-F0-1  /T6-F0-1  /W-F0-1   /D:1      
/W-F3-1   /D:1      /W-T1-1   /D:1      /W-F2-1   /D:1      /W-T0-1   /T3-T0-2  /T3-F3-1  /T6-T1-2  
/T6-F3-1  /D:1      /W-F1-1   /T0-F1-1  /T0-F2-1  /T1-F1-1  /T0-F1-1  /T1-F0-1  /T0-F0-1  /T1-F1-1  
/D:1      /W-F2-1   /T3-F2-1  
"
1050573,r#uJ#qza#lodX#RPMjn#gAHVDW#EOSpGCv#tFxiwKhIymTQfNYUbBZkseLc,130.000000,1462.000000,64.000000,0.494737,1,"
minimal: 0 / states: 136 / duration: 0.000153s
history:
/T2-F1-1  /T4-F2-1  /T6-T4-1  /T1-T3-1  /D:4      /W-T3-1   /T1-T3-1  /T2-T1-1  /D:3      /W-T4-1   
/D:1      /W-T5-1   /D:3      /W-T3-1   /D:1      /W-T0-1   /T6-T0-1  /T6-T4-1  /D:1      /W-T4-1   
/T0-T4-3  /W-T0-1   /W-T0-1   /T3-T0-5  /T6-T3-1  /D:1      /W-F3-1   /D:1      /W-T1-1   /W-T1-1   
/T5-T1-2  /D:1      /W-T1-1   /D:1      /W-F1-1   /D:4      /W-T0-1   /D:1      /W-T0-1   /T5-T0-1  
/D:2      /W-F1-1   /R        /D:1      /W-T1-1   /T6-T1-1  /T6-F3-1  /T3-T6-2  /T3-F2-1  /T6-F2-1  
/T2-F2-1  /T6-F1-1  /T4-T6-2  /T4-F2-1  /T6-T1-3  /D:2      /W-T3-1   /T4-T3-5  /T4-T2-1  /T4-F3-1  
/T0-T4-1  /T0-F1-1  /T0-F2-1  /T3-F1-1  /T1-T3-4  /T1-F2-1  /W-T0-1   /T3-T2-10 /T4-T0-2  /D:3      
/W-T3-1   /D:2      /W-T3-1   /W-T3-1   /R        /D:1      /W-T3-1   /T5-T3-1  /T5-T3-1  /T5-F0-1  
/T5-F1-1  /T0-T3-4  /T0-F2-1  /T2-T1-5  /T2-F1-1  /T0-F1-1  /T2-F2-1  /T2-F1-1  /T3-T0-6  /T3-F2-1  
/T2-F2-1  /T3-F1-1  /T2-F1-1  /T0-T3-8  /T0-F2-1  /T0-F1-1  /T1-T2-10 /T1-F2-1  /D:1      /W-F0-1   
/T2-F0-1  /T2-F3-1  /T3-F0-1  /T2-F0-1  /T3-F3-1  /T2-F3-1  /T3-F0-1  /T2-F0-1  /T3-F3-1  /T2-F3-1  
/T3-F0-1  /T2-F0-1  /T3-F3-1  /T2-F3-1  /T3-F0-1  /T2-F0-1  /T3-F3-1  /T2-F3-1  /T3-F0-1  /T2-F0-1  
/T3-F3-1  
"
1050579,A#nd#lxL#JBKR#Ejevs#UMyuWk#cSpqDwN#YXHbiOVChmFzPgotIQaTZGfr,133.000000,2067.000000,73.000000,0.495868,1,"
minimal: 0 / states: 147 / duration: 0.000166s
history:
/T0-F0-1 /T6-F3-1 /T5-T2-1 /T6-T2-1 /T6-T3-1 /T3-T4-2 /T5-T3-1 /D:5     /W-T2-1  /T5-T2-1 
/D:1     /W-F3-1  /D:2     /W-T1-1  /D:2     /W-T0-1  /T2-T0-5 /D:3     /W-F3-1  /D:1     
/W-T0-1  /T4-T0-3 /T4-T3-1 /T6-T4-1 /D:4     /W-F3-1  /D:1     /W-F1-1  /D:5     /R       
/D:2     /W-T5-1  /D:2     /W-F1-1  /D:2     /W-T3-1  /D:4     /W-T3-1  /D:5     /W-T3-1  
/D:1     /W-T3-1  /T1-T3-2 /T1-F2-1 /R       /D:5     /W-T1-1  /D:1     /W-F2-1  /T6-F2-1 
/T4-F2-1 /T0-T4-1 /T0-F3-1 /T6-F3-1 /T4-T0-2 /T4-T2-1 /T6-F1-1 /T3-T4-2 /T3-F2-1 /T4-T3-3 
/D:1     /W-T2-1  /D:1     /W-F3-1  /D:1     /W-T4-1  /T5-T4-2 /T5-T6-1 /T5-F3-1 /D:1     
/R       /D:1     /W-T1-1  /T3-T1-9 /T3-F0-1 /T1-F0-1 /T0-F0-1 /T1-F1-1 /T0-F1-1 /T0-F2-1 
/T1-F0-1 /T1-F1-1 /T1-F2-1 /T0-F1-1 /T0-F2-1 /T1-F1-1 /T1-F2-1 /T0-F1-1 /T0-F2-1 /T2-T1-1 
/T2-F1-1 /T2-F2-1 /T0-F1-1 /T2-F1-1 /T4-T0-1 /T4-F2-1 /T0-T4-2 /T0-F1-1 /T1-T6-4 /T1-F2-1 
/T3-T4-1 /D:2     /W-F3-1  /D:1     /W-F0-1  /D:1     /W-F0-1  /W-F0-1  /T6-F0-1 /T4-F0-1 
/T6-F3-1 /T4-F3-1 /T6-F0-1 /T4-F0-1 /T6-F3-1 /T4-F3-1 /T6-F0-1 
"
1050581,i#Em#VSg#jCZb#fuwqL#aoIpPB#dGFszJX#RYOlhyHWvTKceUkrNxMQtADn,135.000000,2170.000000,50.000000,0.605263,1,"
minimal: 0 / states: 127 / duration: 0.000149s
history:
/T6-T4-1 /T6-T4-1 /T4-T1-3 /T0-T1-1 /T6-T0-1 /T6-T2-1 /D:1     /W-T2-1  /T4-T2-1 /D:1     
/W-T0-1  /D:5     /W-T1-1  /T2-T1-4 /D:4     /W-T0-1  /D:1     /W-T1-1  /T5-T1-1 /D:1     
/W-T6-1  /D:3     /W-T2-1  /D:1     /W-F3-1  /D:3     /W-T2-1  /D:2     /W-F0-1  /T1-F0-1 
/D:1     /W-T6-1  /T5-T6-1 /T3-T5-1 /T5-T2-2 /D:1     /W-F2-1  /R       /D:1     /W-F3-1  
/T6-F3-1 /D:2     /W-T5-1  /D:1     /W-T3-1  /D:1     /W-T0-1  /T5-T0-2 /T5-F2-1 /T5-F1-1 
/T2-F1-1 /T1-F1-1 /T2-F2-1 /T1-F2-1 /T3-T5-2 /T3-F0-1 /T2-F3-1 /T6-F0-1 /T1-F3-1 /T2-F2-1 
/T2-F3-1 /T2-T4-1 /T1-T2-8 /T1-F0-1 /T6-T2-1 /T6-F0-1 /T6-F0-1 /T6-F1-1 /T2-F1-1 /T2-F2-1 
/D:1     /W-T3-1  /D:1     /W-F3-1  /D:1     /W-F3-1  /T4-F3-1 /D:1     /W-T5-1  /T4-T5-1 
/F3-T5-1 /T4-T5-1 /T4-F1-1 /T2-F1-1 /T2-F0-1 /T0-F1-1 /T0-F0-1 /T2-F1-1 /T2-F0-1 /T3-T0-1 
/T3-F1-1 /T5-T2-3 /T5-F1-1 /W-F1-1  /D:2     /W-T1-1  /D:1     /W-F2-1  /T2-F2-1 /T0-F2-1 
/T2-F3-1 /T0-F3-1 /T0-F0-1 /T2-F2-1 /T2-F3-1 /T2-F0-1 /W-F2-1  /T0-F3-1 /T1-F0-1 /T5-F2-1 
/T0-F2-1 /T2-F1-1 /T5-F3-1 
"
1050588,z#Lx#MnE#hrFZ#iHtoy#sJeYIl#APOXCgw#NWuaSDqKdTQvcBRGjUbpmkVf,148.000000,3747.000000,52.000000,0.586957,1,"
minimal: 0 / states: 127 / duration: 0.000136s
history:
/T5-T0-1 /T4-T3-1 /T1-T0-1 /D:1     /W-F3-1  /D:1     /W-T0-1  /T5-T0-1 /D:2     /W-F1-1  
/D:4     /W-T5-1  /D:1     /W-T2-1  /D:8     /W-T5-1  /D:1     /W-T0-1  /W-T0-1  /D:1     
/W-F1-1  /D:1     /W-T2-1  /D:2     /W-T1-1  /T6-T1-1 /D:1     /W-T1-1  /D:1     /W-T0-1  
/T2-T0-3 /T2-F2-1 /T4-F2-1 /T5-T2-3 /T0-F2-1 /R       /D:1     /W-T1-1  /T6-T1-1 /T6-T0-1 
/T6-T3-1 /T6-F3-1 /T6-F3-1 /T6-F0-1 /T3-T6-3 /T3-T1-1 /T5-T1-1 /T5-T6-1 /D:1     /W-T4-1  
/T3-T4-1 /T4-T3-3 /D:1     /W-T1-1  /D:1     /W-F2-1  /T3-F2-1 /T5-F2-1 /D:1     /W-T4-1  
/D:1     /W-F3-1  /D:1     /W-T2-1  /T3-T2-3 /D:1     /W-F1-1  /D:1     /W-F0-1  /T0-F0-1 
/T0-F1-1 /T1-F0-1 /T0-F0-1 /T1-F1-1 /T0-F1-1 /T1-F0-1 /T1-F1-1 /T0-F0-1 /T4-T1-1 /T4-F0-1 
/T2-T0-2 /T2-F1-1 /T4-F1-1 /T0-T2-3 /T0-F0-1 /T6-F0-1 /T2-T0-4 /T2-F1-1 /T2-F0-1 /T1-T6-4 
/T1-F1-1 /T1-F0-1 /T0-T2-6 /T0-F1-1 /T2-T0-7 /T2-F0-1 /D:1     /W-F3-1  /T0-F3-1 /T0-F2-1 
/T6-F3-1 /T0-F3-1 /T6-F2-1 /T0-F2-1 /T6-F3-1 /T0-F3-1 /T6-F2-1 /T0-F2-1 /T6-F3-1 /T0-F3-1 
/T6-F2-1 /T0-F2-1 /T6-F3-1 /D:1     /W-F1-1  
"
1050643,c#FK#tEs#YNzZ#Coegy#MfqDXi#bkRhUJH#PjxSAavBrdVmQuTnOpwLGlIW,120.500000,1458.000000,53.000000,0.522989,1,"
minimal: 0 / states: 127 / duration: 0.000140s
history:
/T6-T5-1  /T5-T6-2  /T6-T5-3  /T4-T3-1  /T5-T3-4  /T4-T3-1  /T5-T4-1  /T2-T3-1  /T4-T3-2  /T4-T0-1  
/T0-T3-2  /T3-T0-12 /D:1      /W-T5-1   /D:1      /W-T1-1   /D:3      /W-F0-1   /D:1      /W-F1-1   
/D:1      /W-T1-1   /T6-T1-1  /D:1      /W-F0-1   /T4-F0-1  /T3-T4-1  /T3-F3-1  /T1-T3-4  /T3-T4-5  
/D:2      /W-T2-1   /D:2      /W-T3-1   /D:4      /W-F2-1   /T0-F2-1  /D:1      /W-F3-1   /T5-F3-1  
/T0-T5-1  /T0-F0-1  /T5-T0-2  /T2-T5-2  /T5-T2-3  /T2-T4-4  /D:1      /W-F2-1   /D:2      /W-T3-1   
/D:1      /W-T6-1   /D:1      /W-T5-1   /D:2      /R        /D:1      /W-T5-1   /D:1      /W-T6-1   
/D:1      /W-T6-1   /T4-T6-1  /T4-F0-1  /T1-F0-1  /D:2      /W-F3-1   /D:5      /W-T5-1   /W-T5-1   
/T6-T5-5  /T6-F3-1  /T6-T3-1  /T6-F1-1  /T0-F1-1  /T0-F2-1  /T5-F1-1  /T0-F1-1  /T5-F2-1  /T0-F2-1  
/T4-F1-1  /T0-F1-1  /T5-F3-1  /T4-F2-1  /T5-F0-1  /T5-F1-1  /T0-F0-1  /T0-F1-1  /T5-F0-1  /T0-F0-1  
/T4-T5-2  /T4-F1-1  /T3-F1-1  /T4-F0-1  /T3-F0-1  /T5-T4-4  /T5-F1-1  /T3-F1-1  /T5-F0-1  /W-T0-1   
/W-F3-1   /T4-F3-1  /W-F2-1   /T4-F2-1  /W-F3-1   /T0-F2-1  /T4-F3-1  /T0-F3-1  /T4-F2-1  /T0-F2-1  
/T4-F3-1  /T0-F3-1  /T4-F2-1  
"
1050697,k#Qy#Esi#zohG#DWTcJ#ZxnuMb#lIpSeva#VBAYPUFXRdNgKfrHOwCqLtjm,132.000000,2895.000000,44.000000,0.623596,1,"
minimal: 0 / states: 119 / duration: 0.000171s
history:
/T6-F1-1 /T5-F1-1 /T4-T0-1 /T4-F1-1 /T2-T0-1 /T2-T4-1 /T0-T1-3 /T5-T0-1 /T5-T1-1 /T5-F2-1 
/T4-T1-2 /T6-T4-1 /T6-T1-1 /T6-T3-1 /T4-T5-2 /T2-T3-1 /T4-T1-1 /D:3     /W-F0-1  /W-F0-1  
/D:1     /W-T0-1  /T5-T0-3 /T1-T5-9 /T6-T1-1 /T1-T3-2 /D:1     /W-T5-1  /D:1     /W-T0-1  
/T3-T0-5 /T3-T6-1 /T3-F2-1 /T0-F2-1 /D:4     /W-F1-1  /D:1     /W-F3-1  /D:6     /W-F3-1  
/T5-F3-1 /T0-F3-1 /D:2     /W-F0-1  /T5-F0-1 /T0-F0-1 /T5-F1-1 /D:1     /W-F2-1  /D:2     
/W-T6-1  /D:2     /W-T1-1  /R       /D:2     /W-F0-1  /T0-T6-1 /T0-F0-1 /D:2     /W-F3-1  
/T6-F3-1 /D:3     /W-F1-1  /D:1     /W-F2-1  /T5-F2-1 /T5-F3-1 /T6-F2-1 /T0-F3-1 /T5-F2-1 
/T0-F2-1 /T6-T0-2 /W-T6-1  /W-F1-1  /T0-F1-1 /T5-F1-1 /T6-T3-2 /D:1     /W-F0-1  /T0-F0-1 
/T5-F0-1 /T3-F0-1 /D:1     /W-F2-1  /D:1     /W-F0-1  /D:1     /W-F1-1  /T5-F1-1 /T3-F1-1 
/T1-F1-1 /T0-T3-3 /T0-F0-1 /W-T5-1  /W-F3-1  /T3-F3-1 /T3-F2-1 /T5-F3-1 /T3-F3-1 /T5-F2-1 
/T3-F2-1 /T5-F3-1 
"
1050721,x#qX#mzC#aAuT#VDOZi#JfRKwp#esLHWNF#nkodYvgGSPbjltMUEIhcQyrB,87.500000,405.000000,33.000000,0.758065,1,"
minimal: 0 / states: 119 / duration: 0.000172s
history:
/T6-T3-1 /T6-F3-1 /T6-T0-1 /T3-T6-2 /T6-T4-3 /T1-T6-1 /D:1     /W-F2-1  /D:2     /W-F2-1  
/T5-F2-1 /T4-T5-4 /T5-T6-5 /T6-T4-7 /T1-F2-1 /T4-T1-8 /T4-F3-1 /D:3     /W-T0-1  /D:1     
/W-T3-1  /T6-T3-1 /T4-T6-1 /T3-T4-3 /T3-F0-1 /T3-F1-1 /T6-T1-2 /D:3     /W-F3-1  /D:1     
/W-F1-1  /D:1     /W-T5-1  /D:3     /W-T3-1  /D:1     /W-T0-1  /W-T0-1  /W-T3-1  /T5-T3-2 
/T5-T4-1 /T5-T0-1 /T4-T5-5 /D:1     /W-T0-1  /D:1     /W-T3-1  /D:1     /W-T3-1  /D:1     
/W-F1-1  /D:1     /W-T0-1  /T2-T0-1 /T2-T4-1 /D:1     /W-T2-1  /D:1     /W-F2-1  /D:1     
/W-F0-1  /T0-F0-1 /T0-F3-1 /T1-F0-1 /T5-F3-1 /T0-F0-1 /W-F3-1  /T5-F2-1 /T1-T5-2 /T1-F3-1 
/T0-T3-2 /T0-F3-1 /R       /D:1     /W-T2-1  /T5-T2-6 /D:1     /W-F1-1  /T2-F1-1 /T2-F0-1 
/T3-F1-1 /T2-F1-1 /T3-F2-1 /T2-F2-1 /T0-F2-1 /T2-F3-1 /T0-F3-1 /T3-F1-1 /T1-T2-2 /T1-F2-1 
/T0-F2-1 /T1-F3-1 /T2-T1-4 /T2-F2-1 /T4-F2-1 /D:1     /W-F3-1  /T1-T2-5 /T1-F3-1 /D:1     
/W-F0-1  /T2-F0-1 /T2-F1-1 /T3-F0-1 /T2-F0-1 /T3-F1-1 /T2-F1-1 /T3-F0-1 /T2-F0-1 /T3-F1-1 
/T2-F1-1 /T3-F0-1 
"
1050741,E#cH#iLj#rGIM#bRgtn#QVxDBo#hAdZmkK#zYqpOFUWuSvPTyJsNaeXCfwl,126.000000,1278.000000,56.000000,0.559783,1,"
minimal: 0 / states: 124 / duration: 0.000158s
history:
/T4-F2-1 /T5-F2-1 /T2-T6-1 /D:2     /W-T3-1  /T6-T3-2 /T6-T2-1 /T2-T6-2 /T1-T2-1 /T5-T1-1 
/T1-T5-2 /T6-T1-3 /D:2     /W-F2-1  /W-F2-1  /D:6     /W-T4-1  /T0-T4-1 /T3-T0-4 /T3-T0-1 
/D:3     /W-T2-1  /D:1     /W-T6-1  /D:1     /W-T1-1  /T2-T1-3 /T6-T2-2 /T6-T4-1 /T6-F0-1 
/T5-F0-1 /T4-T6-4 /T6-T0-5 /D:1     /W-T1-1  /D:1     /W-F3-1  /D:1     /W-F1-1  /D:1     
/W-T1-1  /T5-T1-2 /D:1     /W-T2-1  /D:1     /W-F0-1  /D:1     /W-T3-1  /D:1     /W-T2-1  
/D:1     /R       /D:1     /W-T6-1  /D:1     /W-F3-1  /D:1     /W-T4-1  /D:2     /W-T5-1  
/D:2     /W-T5-1  /D:1     /W-F3-1  /D:1     /W-T6-1  /T5-T6-3 /T5-T2-1 /T5-F3-1 /W-T2-1  
/T4-T2-2 /T4-F3-1 /T4-F1-1 /T1-F1-1 /T0-F1-1 /T1-F0-1 /T0-F0-1 /T1-F1-1 /T2-F0-1 /W-T6-1  
/T3-T6-2 /T3-F2-1 /T0-F3-1 /T1-F2-1 /T1-F3-1 /T6-F1-1 /T0-F2-1 /T2-F1-1 /T2-F2-1 /T6-F0-1 
/T0-F1-1 /T1-F0-1 /T1-F1-1 /T6-F3-1 /T0-F0-1 /T2-F3-1 /T1-F0-1 /T6-F2-1 /T0-F1-1 /T2-F2-1 
/T1-F1-1 /T6-F3-1 /T0-F0-1 /T2-F3-1 /T1-F0-1 /T6-F2-1 /T0-F3-1 /T2-F2-1 /T2-F3-1 /T6-F1-1 
/T0-F0-1 /T1-F1-1 /T6-F2-1 
"
1050777,c#Ln#dzf#Ouls#RDMXx#HJVTpE#vhUIqoC#bYiGQFayZkBtWrgmKjNAewPS,158.000000,3733.000000,54.000000,0.550505,1,"
minimal: 0 / states: 130 / duration: 0.000148s
history:
/T1-F2-1 /T5-T2-1 /D:1     /W-T5-1  /D:4     /W-T2-1  /T6-T2-1 /T6-F2-1 /T5-T2-1 /T5-F2-1 
/T6-F2-1 /T3-T5-1 /T4-T3-1 /T4-T1-1 /T3-T4-2 /T5-T3-2 /T3-T5-3 /D:2     /W-F1-1  /T2-F1-1 
/T3-T2-1 /T4-T3-3 /T0-F1-1 /D:2     /W-T0-1  /W-T0-1  /D:1     /W-T0-1  /D:3     /W-T3-1  
/T6-T3-1 /T6-T3-1 /W-T3-1  /T2-T3-5 /D:1     /W-F2-1  /T5-F2-1 /D:5     /W-F3-1  /T3-F3-1 
/D:1     /W-F0-1  /D:2     /W-T0-1  /T5-T0-3 /T5-T1-1 /D:1     /W-F3-1  /D:1     /R       
/D:1     /W-T2-1  /D:1     /W-T1-1  /T5-T1-1 /T2-T5-2 /T2-F1-1 /D:1     /W-T6-1  /T3-T6-4 
/T3-F2-1 /T0-T1-1 /T0-F2-1 /D:1     /W-T1-1  /D:1     /W-F0-1  /T6-F0-1 /T4-F0-1 /T6-F3-1 
/T4-F3-1 /T6-F0-1 /T1-F0-1 /D:2     /W-T2-1  /T1-T2-6 /D:1     /W-T5-1  /D:1     /W-T5-1  
/D:1     /W-F1-1  /T6-F1-1 /W-F1-1  /T6-T3-1 /T6-F1-1 /T3-F0-1 /T6-F2-1 /T2-T0-2 /T2-F1-1 
/T5-F1-1 /T0-T2-3 /T0-F2-1 /T0-F1-1 /T3-T5-3 /T3-F2-1 /T0-F2-1 /T3-F1-1 /T2-T0-6 /T2-F1-1 
/T5-T3-5 /T5-F2-1 /D:1     /W-F3-1  /T0-F3-1 /T0-F0-1 /T3-F3-1 /T0-F3-1 /T3-F0-1 /T0-F0-1 
/T3-F3-1 /T0-F3-1 /T3-F0-1 /T0-F0-1 /T3-F3-1 /T0-F3-1 /T3-F0-1 
"
1050797,s#uY#Ftp#bRQL#DmTPr#XoHSNn#GBiUKjZ#VqJMdkvAEchlwzxeOagIyWCf,155.500000,2492.000000,57.000000,0.536082,1,"
minimal: 0 / states: 135 / duration: 0.000181s
history:
/T5-F2-1  /T5-F3-1  /T4-T5-1  /T3-T6-1  /T2-T3-1  /T5-T2-2  /T3-T2-2  /T3-T0-1  /T3-T2-1  /T6-T3-2  
/D:2      /W-T0-1   /T4-T0-1  /T4-T5-1  /T0-T5-4  /T4-T0-1  /D:4      /W-T3-1   /D:1      /W-T6-1   
/D:1      /W-F0-1   /D:2      /W-T4-1   /D:1      /W-T6-1   /T2-T6-6  /D:2      /W-T3-1   /D:2      
/W-T1-1   /T6-T1-9  /D:1      /W-T2-1   /T4-T2-2  /W-T4-1   /T1-T4-11 /D:1      /W-F3-1   /T5-F3-1  
/D:1      /W-F1-1   /T4-F1-1  /T2-F1-1  /D:1      /W-T1-1   /T2-T1-3  /D:2      /W-T0-1   /D:1      
/W-T6-1   /W-T6-1   /D:2      /R        /D:1      /W-T3-1   /T5-T3-5  /T5-F2-1  /T4-F2-1  /T3-F2-1  
/T4-F3-1  /T3-F3-1  /T4-F2-1  /T3-F2-1  /T4-F3-1  /T3-F3-1  /T4-F2-1  /T1-T3-4  /T1-F2-1  /T4-T6-1  
/T4-F2-1  /T5-T0-1  /D:1      /W-T0-1   /T3-T0-6  /T3-F2-1  /D:1      /W-T1-1   /D:1      /W-F1-1   
/D:2      /W-T1-1   /T6-T1-4  /T6-F3-1  /F2-T3-1  /T6-T3-1  /T6-F0-1  /T0-T3-5  /T0-F3-1  /T1-T4-2  
/T1-F3-1  /T3-T0-6  /T3-F2-1  /T0-T3-7  /T0-F3-1  /T4-T1-3  /T4-F2-1  /T0-F2-1  /T4-F3-1  /T4-F2-1  
/T3-T0-9  /T3-F3-1  /T6-T1-1  /D:1      /W-F0-1   /T0-F0-1  /T0-F1-1  /W-F0-1   /T0-F0-1  /T1-F0-1  
/D:1      /W-F1-1   /T0-F1-1  /T0-F0-1  /T1-F1-1  /T0-F1-1  /T1-F0-1  /T0-F0-1  /T1-F1-1  /T0-F1-1  
/T1-F0-1  /T0-F0-1  /T1-F1-1  /T0-F1-1  /T1-F0-1  
"
1050830,S#Jn#Fku#GXTd#tzZfp#bvomEa#ywxRYOC#UMQcVlIPDjKeHNsLWhrqgiAB,158.500000,3916.000000,48.000000,0.569892,1,"
minimal: 0 / states: 122 / duration: 0.000141s
history:
/T1-F2-1 /T5-F1-1 /T6-T3-1 /T6-T3-1 /T5-T0-1 /T3-T0-3 /T3-T2-1 /T1-T3-1 /T5-T1-1 /T5-F2-1 
/T4-F2-1 /D:1     /W-T5-1  /D:4     /W-T3-1  /T2-T3-2 /D:6     /W-T6-1  /W-T6-1  /T5-T6-2 
/T5-F1-1 /D:3     /W-F3-1  /T0-F3-1 /D:1     /W-T3-1  /D:1     /W-T1-1  /T2-T1-1 /D:3     
/W-T4-1  /D:1     /W-F2-1  /T4-F2-1 /T3-F2-1 /T2-T3-1 /D:3     /W-F0-1  /D:1     /W-F0-1  
/T0-F0-1 /R       /D:1     /W-T2-1  /T6-T2-5 /T6-T3-1 /D:2     /W-F1-1  /T0-F1-1 /W-T0-1  
/D:3     /W-F3-1  /T0-F3-1 /T3-F3-1 /T0-T4-1 /T0-F3-1 /D:1     /W-F0-1  /T4-F0-1 /T3-F0-1 
/T3-F3-1 /T2-F3-1 /D:1     /W-F1-1  /T4-F1-1 /T4-T0-1 /T4-T5-1 /T4-F2-1 /T3-F2-1 /T2-F2-1 
/T3-F3-1 /W-T2-1  /W-T5-1  /T6-T5-1 /T6-F2-1 /T3-T6-2 /T3-F0-1 /T5-F2-1 /T6-T0-3 /D:1     
/W-F0-1  /T2-F0-1 /T0-F0-1 /D:1     /W-F3-1  /T0-F3-1 /T0-F2-1 /T2-T5-2 /T2-F3-1 /T0-F3-1 
/T5-T2-3 /T5-F2-1 /D:2     /W-F1-1  /W-F1-1  /D:1     /W-F1-1  /T2-F1-1 /T1-F1-1 /T2-F0-1 
/T1-F0-1 /T2-F1-1 /T1-F1-1 /T2-F0-1 
"
1050870,o#ZN#SiE#FTxG#elrOc#dWkjPs#znBvmbf#ICKXaRyHJqDUQthLMgwYVupA,111.500000,1138.000000,43.000000,0.675676,1,"
minimal: 0 / states: 125 / duration: 0.000152s
history:
/T1-F3-1 /T6-T3-1 /T2-T3-1 /T0-T4-1 /D:5     /W-F1-1  /T6-F1-1 /T6-T0-1 /D:1     /W-T5-1  
/D:1     /W-T0-1  /W-T0-1  /D:1     /W-T2-1  /D:1     /W-T0-1  /T2-T0-2 /D:1     /W-T5-1  
/T4-T5-2 /T4-F3-1 /T4-T2-1 /W-T4-1  /D:2     /W-T6-1  /T3-T6-3 /D:1     /W-T2-1  /D:3     
/W-T1-1  /D:2     /W-T0-1  /T5-T0-5 /T5-F3-1 /T5-T3-1 /T6-T3-5 /T5-T1-1 /T5-T4-1 /T2-F3-1 
/T5-T2-1 /W-T5-1  /T4-T5-3 /T0-T4-3 /T0-F3-1 /T4-T0-4 /D:1     /W-T1-1  /D:2     /W-T1-1  
/D:1     /W-T1-1  /D:1     /W-T2-1  /D:1     /W-F0-1  /T6-F0-1 /T6-F2-1 /T0-F2-1 /T0-F1-1 
/T2-F2-1 /T0-F2-1 /W-T6-1  /T3-T6-7 /T3-T1-1 /T2-F1-1 /T2-F2-1 /T0-F1-1 /T0-F2-1 /T2-F3-1 
/T1-F3-1 /T3-T0-1 /R       /D:1     /W-T5-1  /D:1     /W-F0-1  /D:1     /W-F0-1  /T6-F0-1 
/T0-F0-1 /T6-F1-1 /T0-F1-1 /T6-F0-1 /T0-F0-1 /T5-F0-1 /T6-F3-1 /T1-T0-1 /T1-F3-1 /T5-F3-1 
/T0-T1-2 /T0-F0-1 /T0-F3-1 /T5-F0-1 /T1-T0-4 /T1-F0-1 /T6-T5-3 /T6-F3-1 /T1-F3-1 /T5-T6-4 
/T5-F0-1 /D:1     /W-F2-1  /T0-F2-1 /T6-F2-1 /D:1     /W-F1-1  /T0-F1-1 /T0-F2-1 /T6-F1-1 
/T0-F1-1 /T6-F2-1 /T0-F2-1 /T6-F1-1 /T0-F1-1 /T6-F2-1 
"
1050901,T#Fu#Ctk#EyQW#IOHaw#PVnYvi#KJNZDRc#joblpXSqrgBULxzAdhGfsMme,106.000000,1113.000000,46.000000,0.623457,1,"
minimal: 0 / states: 128 / duration: 0.000147s
history:
/T5-T4-1 /T4-T2-2 /T4-F1-1 /T5-T3-1 /T4-T2-1 /T0-T1-1 /D:2     /W-T6-1  /D:1     /W-F1-1  
/D:7     /W-T2-1  /D:2     /W-T3-1  /D:2     /W-T5-1  /T3-T5-3 /D:1     /W-T0-1  /T5-T0-5 
/T5-F2-1 /T6-F2-1 /T6-F1-1 /T1-T5-2 /T6-T1-1 /T6-T1-1 /T1-T2-3 /T6-T1-1 /T6-F3-1 /T4-F3-1 
/T5-T6-3 /W-T1-1  /T2-T1-8 /T2-T0-1 /T5-F3-1 /T3-F3-1 /D:1     /W-F0-1  /W-F0-1  /T2-F0-1 
/T1-F0-1 /T1-F3-1 /D:1     /W-F1-1  /D:1     /W-T4-1  /D:1     /W-T4-1  /D:1     /W-T0-1  
/W-T0-1  /D:1     /W-T6-1  /D:1     /W-T2-1  /D:1     /W-T5-1  /T3-T5-1 /T3-F0-1 /T1-F0-1 
/T4-F0-1 /D:1     /W-F1-1  /R       /D:2     /W-T2-1  /D:1     /W-F2-1  /D:1     /W-T5-1  
/T6-T5-5 /W-T6-1  /T4-T6-2 /T6-T2-4 /D:1     /W-F3-1  /T5-T1-1 /T5-F3-1 /T0-T2-3 /T0-F3-1 
/T1-T5-2 /T1-F0-1 /T2-T0-4 /T2-F0-1 /T5-T1-3 /T5-F3-1 /T5-F0-1 /T0-T2-5 /T0-F3-1 /T5-F3-1 
/T2-T0-6 /T2-F0-1 /T0-T2-7 /T0-F3-1 /T1-T5-6 /T1-F0-1 /T1-F3-1 /T2-T0-8 /T2-F0-1 /D:1     
/W-F2-1  /T0-F2-1 /T0-F1-1 /T5-F2-1 /T0-F2-1 /T5-F1-1 /T0-F1-1 /T5-F2-1 /T0-F2-1 /T5-F1-1 
/T0-F1-1 /T5-F2-1 /T0-F2-1 /T5-F1-1 /T0-F1-1 /T5-F2-1 /T0-F2-1 /T5-F1-1 
"
1050902,s#SQ#UTW#kwVv#FGZxd#qghnAe#EyODNro#XutJbRLfjCzmYcPMKlHIBpai,148.000000,2405.000000,45.000000,0.713542,1,"
minimal: 0 / states: 113 / duration: 0.000146s
history:
/T5-T0-1 /T5-F0-1 /T5-F2-1 /T6-F2-1 /T4-T6-1 /T3-T2-1 /T2-T4-2 /T5-T4-1 /T0-T2-2 /D:2     
/W-T3-1  /T2-T3-3 /D:1     /W-T2-1  /D:5     /W-T2-1  /T6-T2-2 /T6-F3-1 /T6-T3-1 /T6-F3-1 
/D:2     /W-T1-1  /D:1     /W-T0-1  /D:2     /W-T0-1  /T4-T0-4 /T6-T4-1 /T1-T6-2 /T6-T1-3 
/T4-T6-2 /T4-T0-1 /T1-T0-4 /W-T1-1  /T4-T5-1 /D:1     /W-T3-1  /D:1     /W-F3-1  /T0-T2-1 
/T0-F3-1 /D:1     /W-T4-1  /D:2     /W-T4-1  /W-T4-1  /W-T4-1  /W-T1-1  /W-F3-1  /W-T2-1  
/D:2     /W-T4-1  /T2-T4-7 /D:1     /W-F0-1  /D:1     /W-F2-1  /D:1     /W-F1-1  /T4-F1-1 
/T3-F1-1 /T4-F0-1 /T3-F0-1 /T4-F1-1 /T0-F0-1 /T0-F3-1 /T3-F1-1 /T5-F0-1 /T0-F0-1 /W-F0-1  
/T3-T5-1 /T3-F3-1 /T5-T3-2 /T5-F2-1 /T4-F2-1 /T3-F2-1 /T4-F1-1 /T3-F1-1 /T4-F2-1 /T0-F1-1 
/T3-F2-1 /T4-F3-1 /T0-F2-1 /T3-F3-1 /T4-F0-1 /T0-F3-1 /T3-F2-1 /T0-F2-1 /T6-F2-1 /W-F0-1  
/W-F3-1  /T0-F3-1 /T0-F2-1 /T6-F3-1 /T3-T1-1 /D:1     /W-F1-1  /T4-F1-1 /T1-F1-1 /T4-F0-1 
/T1-F0-1 /T4-F1-1 /T1-F1-1 /T4-F0-1 
"
1050907,w#eY#xMU#PmaK#FrVpZ#zLCqvi#DGcOlhE#oHbWsAguTJkjQNtRfIBySXdn,122.000000,1921.000000,51.000000,0.559524,1,"
minimal: 0 / states: 131 / duration: 0.000151s
history:
/T5-T0-1  /T3-T1-1  /T3-F1-1  /T2-T5-1  /T1-T2-2  /D:2      /W-T0-1   /D:1      /W-F1-1   /D:1      
/W-T2-1   /T5-T2-2  /T5-T1-1  /D:2      /W-F0-1   /D:1      /W-T0-1   /W-T0-1   /T1-T0-2  /T4-T1-1  
/D:6      /W-T6-1   /T4-T6-1  /D:1      /W-F3-1   /D:1      /W-T2-1   /D:2      /W-T2-1   /T6-T2-3  
/D:2      /W-F0-1   /T5-F0-1  /T5-T1-1  /D:1      /W-T3-1   /D:2      /W-T1-1   /T0-T1-7  /T2-T0-11 
/D:2      /W-F2-1   /R        /D:1      /W-F2-1   /T0-F2-1  /T1-F2-1  /D:1      /W-T4-1   /D:1      
/W-T4-1   /D:2      /W-T3-1   /W-T3-1   /T4-T3-3  /T4-F2-1  /T4-T3-1  /T3-T4-8  /T1-T4-1  /T1-F2-1  
/D:1      /W-T2-1   /D:2      /W-T2-1   /T6-T2-1  /T6-T5-1  /T6-F3-1  /T3-F3-1  /T0-F3-1  /T6-F1-1  
/T6-T2-1  /T6-F0-1  /W-F3-1   /T0-F0-1  /T0-T2-1  /T0-F2-1  /T2-T5-6  /D:1      /W-F3-1   /T4-T1-2  
/T4-F3-1  /T0-F3-1  /T4-F2-1  /T0-F2-1  /T4-F3-1  /T0-F3-1  /T1-T4-5  /T1-F2-1  /T1-F3-1  /T5-T0-5  
/T5-F2-1  /T0-T5-6  /T0-F3-1  /T4-T1-7  /T4-F2-1  /T1-T4-8  /T1-F3-1  /T5-T0-7  /T5-F2-1  /D:1      
/W-F1-1   /T4-F1-1  /T0-F1-1  /T4-F0-1  /T0-F0-1  /T4-F1-1  /T0-F1-1  /T4-F0-1  /T0-F0-1  /T4-F1-1  
/T0-F1-1  /T4-F0-1  /T0-F0-1  /T4-F1-1  /T0-F1-1  /T4-F0-1  /T0-F0-1  /T4-F1-1  
"
1050912,O#rf#PyE#MLQk#cphWN#VAKCFJ#iIsgnYz#xqabXStmHelTuGBdjUoRwvDZ,141.500000,1777.000000,46.000000,0.608696,1,"
minimal: 0 / states: 116 / duration: 0.000143s
history:
/T4-F3-1 /T0-F3-1 /T6-T0-1 /T5-T3-1 /T6-T0-1 /T6-F2-1 /T5-T6-1 /T2-T1-1 /T3-T2-2 /T5-T3-1 
/T4-T5-1 /T3-T1-2 /T5-T0-2 /T5-F0-1 /T5-T2-1 /D:3     /W-F1-1  /D:1     /W-F1-1  /D:1     
/W-T3-1  /D:2     /W-T4-1  /T1-T4-4 /D:1     /W-T5-1  /T2-T5-4 /T2-F3-1 /D:1     /W-T5-1  
/T6-T5-2 /D:1     /W-T5-1  /D:5     /W-F0-1  /T4-F0-1 /T4-F3-1 /D:1     /W-T1-1  /D:3     
/W-F2-1  /D:1     /W-F3-1  /D:1     /W-T3-1  /D:1     /W-T0-1  /T4-T0-4 /T4-F2-1 /T4-F1-1 
/T1-F1-1 /T5-F1-1 /D:1     /W-F0-1  /T0-F0-1 /T5-F0-1 /T6-T5-1 /T0-F1-1 /W-T6-1  /D:1     
/W-T2-1  /T3-T2-3 /R       /D:2     /W-F2-1  /T1-F2-1 /T5-F2-1 /T5-F1-1 /T0-F2-1 /T0-F1-1 
/D:1     /W-F3-1  /D:1     /W-T3-1  /W-T3-1  /D:1     /W-F3-1  /T6-F3-1 /D:1     /W-F2-1  
/T0-F2-1 /T6-T0-1 /T2-F2-1 /T3-F2-1 /T6-F1-1 /D:1     /W-F0-1  /T5-F0-1 /T0-F0-1 /T5-F3-1 
/T0-F3-1 /T5-F0-1 /T2-F3-1 /T0-F0-1 /T0-F3-1 /T2-F0-1 /T2-F3-1 /T3-T0-1 /T3-F0-1 /D:1     
/W-F1-1  /T5-F1-1 /T0-F1-1 /T5-F2-1 /T0-F2-1 /T5-F1-1 
"
1050983,l#vc#UwD#JION#Tijfg#dZunPp#hHytEFa#zLVkrAbseBWoCGqxQYMRSXmK,156.000000,3173.000000,76.000000,0.504167,1,"
minimal: 0 / states: 139 / duration: 0.000173s
history:
/T3-F3-1  /T3-F3-1  /T6-F1-1  /T6-T4-1  /T1-T2-1  /D:6      /W-F0-1   /D:1      /W-F1-1   /T2-F1-1  
/D:2      /W-T4-1   /T2-T4-1  /D:1      /W-F0-1   /D:3      /W-F0-1   /T4-F0-1  /T6-F0-1  /D:2      
/W-T4-1   /D:1      /W-T0-1   /D:5      /W-T6-1   /D:3      /R        /D:3      /W-T2-1   /D:2      
/W-T6-1   /D:2      /W-T0-1   /T3-T0-1  /D:3      /W-T6-1   /T5-T6-1  /T5-F3-1  /T5-F2-1  /T4-T5-4  
/T5-T2-5  /D:6      /R        /D:2      /W-T5-1   /D:1      /W-T5-1   /T2-T5-7  /T6-T2-5  /T2-T0-6  
/T5-T2-10 /T5-F1-1  /W-T5-1   /T0-T5-10 /D:2      /W-F2-1   /T5-F2-1  /T2-F2-1  /T2-F1-1  /T5-F3-1  
/T5-F2-1  /T4-F1-1  /T2-F0-1  /T2-F1-1  /W-F2-1   /T1-T4-1  /D:1      /W-F0-1   /D:2      /W-T0-1   
/W-T0-1   /D:1      /W-F3-1   /T5-F3-1  /T5-F2-1  /T2-F2-1  /T4-F2-1  /T2-T3-1  /T2-F2-1  /T3-T2-2  
/D:1      /W-T6-1   /D:1      /W-T1-1   /T6-T1-2  /T6-F0-1  /T6-F1-1  /D:1      /W-T0-1   /T4-T0-1  
/T4-F1-1  /T4-F3-1  /T5-F3-1  /T2-F3-1  /T5-F0-1  /T0-F1-1  /T2-F0-1  /T2-F1-1  /T5-F3-1  /T0-F0-1  
/T1-F3-1  /T2-F0-1  /T5-F2-1  /T0-F3-1  /T1-F2-1  /T2-F3-1  /T5-F1-1  /T0-F0-1  /T1-F1-1  /T5-F2-1  
"
1050989,B#yj#Lnx#XmgY#HqrFV#INflbJ#TecUtwp#CRDksAZvOiSWGMhaEodPuKQz,136.500000,2031.000000,53.000000,0.591398,1,"
minimal: 0 / states: 122 / duration: 0.000155s
history:
/T4-T5-1 /T2-T3-1 /T2-F2-1 /T1-T3-1 /D:2     /W-T4-1  /D:1     /W-T4-1  /D:1     /W-T1-1  
/T5-T1-2 /T5-T6-1 /D:2     /W-F0-1  /T0-F0-1 /D:1     /W-T0-1  /T1-T0-4 /D:1     /W-T3-1  
/D:6     /W-T1-1  /T3-T1-4 /T4-T3-3 /D:1     /W-T1-1  /W-T1-1  /D:1     /W-F1-1  /T6-F1-1 
/D:2     /W-F2-1  /T6-F2-1 /D:1     /W-T4-1  /D:1     /W-T3-1  /D:1     /W-T0-1  /T3-T0-5 
/T2-T3-1 /T3-T2-2 /T6-T3-1 /T3-T2-2 /D:1     /W-T5-1  /D:2     /W-T3-1  /T5-T3-2 /T4-T5-2 
/T4-F2-1 /T5-T1-3 /T5-F3-1 /R       /D:1     /W-F0-1  /D:2     /W-F3-1  /T0-F3-1 /T0-F0-1 
/D:1     /W-T2-1  /T4-T2-1 /D:1     /W-T6-1  /D:1     /W-T3-1  /T5-T3-1 /D:1     /W-F0-1  
/D:1     /W-F3-1  /T0-F3-1 /T0-F0-1 /T6-F3-1 /T1-T6-3 /T1-F0-1 /T6-T1-4 /T6-T3-1 /T6-F1-1 
/T1-F1-1 /T1-F2-1 /T6-F1-1 /T1-F1-1 /W-F2-1  /T0-F1-1 /T1-F2-1 /T1-F1-1 /T6-F3-1 /T0-F2-1 
/T2-F0-1 /T2-F1-1 /T3-F3-1 /T0-F3-1 /T1-F2-1 /T2-F2-1 /T3-F0-1 /T0-F0-1 /T1-F1-1 /T0-F1-1 
/T3-F3-1 /T1-F2-1 /T2-F3-1 /T0-F2-1 /T3-F0-1 /T1-F3-1 /T2-F0-1 /T0-F3-1 /T3-F1-1 /T1-F0-1 
/T2-F1-1 /T3-F2-1 
"
1051036,W#Qh#UMe#pizj#fLTIt#HYymlV#SdgCbkB#ncPqxEXOJNKoZFurRAGsvaDw,137.500000,1317.000000,48.000000,0.557471,1,"
minimal: 0 / states: 118 / duration: 0.000160s
history:
/T4-T1-1  /T4-T0-1  /T1-T0-2  /D:1      /W-F2-1   /D:3      /W-T2-1   /W-T2-1   /T6-T2-1  /D:5      
/W-T6-1   /T5-T6-1  /D:1      /W-F3-1   /W-F3-1   /D:1      /W-T5-1   /T3-T5-1  /T5-T3-3  /D:1      
/W-F2-1   /D:2      /W-T4-1   /T2-T4-4  /D:1      /W-T6-1   /T4-T6-6  /T6-T4-10 /T4-T5-11 /T4-T0-1  
/T5-T4-12 /D:1      /W-T0-1   /T1-T0-1  /T3-T1-4  /D:2      /W-F0-1   /T4-F0-1  /T4-F3-1  /T0-F3-1  
/W-F3-1   /D:3      /W-T1-1   /D:1      /W-F1-1   /T6-F1-1  /T6-F0-1  /W-T6-1   /D:1      /W-F0-1   
/D:1      /R        /D:1      /W-F1-1   /D:2      /W-F0-1   /T4-T6-2  /T4-F0-1  /D:1      /W-T5-1   
/D:2      /W-F0-1   /D:1      /W-T5-1   /T3-T5-1  /T3-F2-1  /T6-F2-1  /T2-T3-1  /T0-F2-1  /T2-T1-1  
/W-T2-1   /T5-T2-4  /T5-T3-1  /T6-T5-3  /T6-F1-1  /T5-F1-1  /T0-F1-1  /T5-F2-1  /T5-F1-1  /T6-F3-1  
/T0-F2-1  /T0-F1-1  /T4-F3-1  /T1-F3-1  /T4-F2-1  /T1-F2-1  /T5-F0-1  /T0-F0-1  /T2-F1-1  /T1-F1-1  
/T4-F3-1  /T0-F3-1  /T2-F2-1  /T4-F0-1  /T1-F0-1  /T2-F3-1  /T4-F1-1  /T4-F0-1  /W-F2-1   /T1-F1-1  
/T2-F2-1  /T3-F3-1  /T1-F2-1  /T2-F3-1  /T3-F0-1  /T4-F1-1  
"
1051072,f#zj#JEm#XWNx#OdghQ#TRPnbB#HLSCUIc#vtGYZaKDleFAiqkMpowrVyus,133.000000,3655.000000,53.000000,0.570652,1,"
minimal: 0 / states: 132 / duration: 0.000160s
history:
/T5-T6-1 /T1-T3-1 /D:1     /W-T3-1  /D:3     /W-T1-1  /T3-T1-3 /T3-F3-1 /D:2     /W-F1-1  
/T5-F1-1 /T5-F2-1 /T6-T5-1 /T6-F1-1 /T6-T3-1 /T6-T1-1 /T6-T4-1 /D:6     /W-F0-1  /T5-F0-1 
/T4-F0-1 /D:5     /W-T4-1  /D:1     /W-F2-1  /T4-F2-1 /D:2     /W-T0-1  /T4-T0-1 /T4-T3-1 
/D:2     /W-T2-1  /D:2     /W-T4-1  /R       /D:1     /W-T1-1  /T6-T1-1 /D:1     /W-T3-1  
/T0-T3-3 /T2-T0-2 /T2-T1-1 /D:3     /W-F0-1  /T1-F0-1 /D:2     /W-T4-1  /D:1     /W-F0-1  
/D:1     /W-T2-1  /D:1     /W-T4-1  /T5-T4-1 /D:1     /W-T0-1  /T2-T0-2 /D:1     /W-T2-1  
/W-T2-1  /W-T2-1  /T3-T2-7 /T3-T6-1 /W-T3-1  /T6-T3-2 /T4-T6-5 /T4-F1-1 /T4-F3-1 /T6-F3-1 
/T2-F3-1 /T6-F2-1 /T2-F2-1 /T5-F3-1 /T1-F3-1 /T6-F1-1 /T2-F1-1 /T2-F0-1 /T6-F2-1 /T1-F2-1 
/T5-F3-1 /T1-F3-1 /T6-F1-1 /T2-F1-1 /T6-F0-1 /T2-F0-1 /T0-F1-1 /T0-F0-1 /T1-T2-1 /T1-F1-1 
/T0-F1-1 /T2-T1-2 /T2-F0-1 /T2-F1-1 /T3-T0-1 /T3-F0-1 /T2-F0-1 /T0-T3-2 /T0-F1-1 /D:1     
/W-T3-1  /D:1     /W-F3-1  /D:1     /W-F2-1  /T1-F2-1 /T1-F3-1 /T3-F2-1 /T1-F2-1 /T3-F3-1 
/T1-F3-1 /T3-F2-1 /T1-F2-1 /T3-F3-1 
"
1051073,p#Ft#AvS#kZlN#xOUMu#iqanrg#HTcWCeL#XmEfzGPdRbIQwjKYhoVyDJsB,126.000000,1644.000000,54.000000,0.563953,1,"
minimal: 0 / states: 137 / duration: 0.000188s
history:
/T3-F3-1 /T5-T4-1 /T5-T2-1 /T5-F2-1 /T5-F1-1 /T2-T1-2 /D:1     /W-T6-1  /D:6     /W-T5-1  
/D:1     /W-T1-1  /T0-T1-1 /D:2     /W-F1-1  /D:3     /W-T6-1  /D:2     /W-T3-1  /W-T3-1  
/T2-T3-1 /T2-F0-1 /D:2     /W-T3-1  /T1-T3-5 /T1-T4-1 /D:1     /W-F2-1  /T3-F2-1 /D:1     
/W-T6-1  /T4-T6-3 /T4-T0-1 /T3-T0-9 /T6-T3-7 /T6-T3-1 /T6-T0-1 /T3-T1-9 /T5-T1-2 /D:3     
/W-T3-1  /T5-T3-1 /D:2     /W-F0-1  /T0-F0-1 /R       /D:1     /W-T2-1  /D:3     /W-T5-1  
/D:1     /W-T4-1  /W-T4-1  /W-T4-1  /D:2     /W-T6-1  /T4-T6-4 /T4-F3-1 /T1-F3-1 /T6-T4-6 
/T6-F1-1 /T0-F1-1 /T1-F2-1 /T0-F2-1 /T1-F1-1 /T4-T0-1 /T4-F1-1 /T1-T6-1 /T1-F1-1 /T6-T1-2 
/W-T1-1  /T6-T3-1 /D:1     /W-F3-1  /T1-F3-1 /D:1     /W-T5-1  /T4-T5-5 /D:1     /W-T2-1  
/T3-T2-4 /D:1     /W-F0-1  /T0-F0-1 /T0-F3-1 /T1-F0-1 /T5-F0-1 /T1-F3-1 /T2-F0-1 /T5-F3-1 
/T5-F0-1 /T1-T2-1 /T1-F3-1 /T5-F3-1 /T2-T1-2 /T2-F0-1 /T0-T5-4 /T0-F0-1 /T1-T2-3 /T1-F3-1 
/T1-F0-1 /T5-T0-5 /T5-F3-1 /T1-F3-1 /T0-T5-6 /T0-F0-1 /D:1     /W-F2-1  /T5-F2-1 /T2-F2-1 
/T5-F1-1 /T2-F1-1 /T5-F2-1 /T2-F2-1 /T5-F1-1 /T2-F1-1 /T5-F2-1 /T2-F2-1 /T5-F1-1 /T2-F1-1 
/T5-F2-1 
"
1051086,x#rB#Ehu#RJeX#wOypA#kisoav#zTLNYgq#fGCjPSbVdMnDFcQUmlItZKHW,117.000000,820.000000,38.000000,0.683544,1,"
minimal: 0 / states: 118 / duration: 0.000160s
history:
/T4-F0-1  /T1-F0-1  /D:3      /W-F0-1   /D:1      /W-T0-1   /T5-T0-1  /T5-F1-1  /D:1      /W-T6-1   
/T5-T6-1  /D:2      /W-F1-1   /D:2      /W-T1-1   /T4-T1-1  /T3-T4-1  /T6-T3-3  /T6-T2-1  /T3-T5-4  
/T5-T2-5  /T2-T5-7  /T2-T0-1  /T3-T4-1  /T5-T4-8  /T0-T6-4  /D:1      /W-T0-1   /T6-T0-5  /T6-F3-1  
/T5-T6-1  /D:1      /W-F2-1   /T4-F2-1  /T1-F2-1  /D:1      /W-F0-1   /T2-F0-1  /D:1      /W-F0-1   
/D:1      /W-F1-1   /T1-F1-1  /T4-T3-2  /T4-F1-1  /T3-T4-3  /D:1      /W-T1-1   /D:2      /W-T2-1   
/T4-T2-10 /T4-F3-1  /T2-F3-1  /T1-F3-1  /T2-F2-1  /T1-F2-1  /T2-F3-1  /T2-F2-1  /T4-T6-1  /D:3      
/W-F2-1   /D:1      /W-T1-1   /T6-T1-3  /D:3      /R        /D:1      /W-F1-1   /T2-F1-1  /T6-T2-1  
/T0-F1-1  /D:1      /W-F0-1   /D:1      /W-F3-1   /T2-F3-1  /T2-F2-1  /T0-F2-1  /T1-F2-1  /T2-F1-1  
/T0-F1-1  /T0-F2-1  /T1-F1-1  /T2-T1-2  /T2-F2-1  /T6-F2-1  /D:1      /W-T1-1   /D:1      /W-F3-1   
/T1-F3-1  /D:1      /W-F1-1   /T2-F1-1  /D:2      /W-T0-1   /D:1      /W-F0-1   /W-F0-1   /T1-F0-1  
/T0-F0-1  /D:1      /W-F3-1   /T1-F3-1  /T0-F3-1  /T1-F0-1  /T0-F0-1  /T1-F3-1  
"
1051095,g#Mx#GZb#uIsH#zmJVE#iLtqoW#BcyDRla#SvfjkQpNFOTPYrCwXheKndUA,154.500000,1608.000000,45.000000,0.602041,1,"
minimal: 0 / states: 125 / duration: 0.000154s
history:
/T6-F1-1 /T2-F1-1 /T5-T1-1 /T1-T6-2 /T6-T1-3 /T0-T3-1 /T2-T0-1 /D:1     /W-T2-1  /T4-T2-1 
/T3-T4-2 /T6-T3-1 /T6-T3-1 /T3-T4-3 /T6-T0-1 /T6-F1-1 /T3-T1-1 /F1-T4-1 /T5-T4-1 /D:4     
/W-T0-1  /D:1     /W-T2-1  /D:1     /W-T2-1  /D:1     /W-F3-1  /D:2     /W-F3-1  /D:1     
/W-T3-1  /W-T3-1  /D:1     /W-F3-1  /D:4     /W-T0-1  /T4-T0-8 /D:2     /W-T1-1  /T2-T1-5 
/D:1     /W-T3-1  /T5-T3-1 /D:2     /W-F2-1  /T0-F2-1 /T1-F2-1 /T0-F1-1 /T3-F2-1 /T1-F3-1 
/T0-T3-1 /T0-F3-1 /D:1     /W-F1-1  /D:2     /W-F0-1  /T6-F0-1 /R       /D:2     /W-T5-1  
/T1-T5-1 /T1-F3-1 /D:3     /W-F2-1  /T0-F2-1 /T5-T1-2 /T5-F2-1 /T3-T0-3 /T3-F3-1 /T3-F2-1 
/D:1     /W-F0-1  /T0-F0-1 /T0-F1-1 /T1-F0-1 /T0-F0-1 /T1-F1-1 /T0-F1-1 /T1-F0-1 /T0-F0-1 
/T1-F1-1 /T1-F0-1 /T4-F0-1 /T4-T2-1 /T5-T2-1 /T5-F1-1 /W-T4-1  /W-F1-1  /W-F2-1  /D:1     
/W-T2-1  /T0-T2-2 /T0-F1-1 /T1-T4-2 /T1-F1-1 /D:1     /W-F0-1  /T2-T0-3 /T2-F0-1 /T1-F0-1 
/T2-F1-1 /D:1     /W-F3-1  /T0-F3-1 /T0-F2-1 /T4-F3-1 /T0-F3-1 /T4-F2-1 /T0-F2-1 /T4-F3-1 
/T0-F3-1 /T4-F2-1 
"
1051139,F#mk#SNU#usPv#RJzVf#XQDYpl#ByqEGnA#ojiZIWteTcHdrgwOaxLhMKbC,130.000000,1419.000000,44.000000,0.678571,1,"
minimal: 0 / states: 122 / duration: 0.000150s
history:
/T6-F0-1 /T6-F2-1 /T4-T6-1 /T6-T2-2 /T6-T2-1 /T2-T3-4 /T2-F3-1 /D:1     /W-F2-1  /D:7     
/W-T0-1  /T6-T0-1 /T1-T6-1 /T6-T1-2 /T6-F0-1 /D:2     /W-T0-1  /D:1     /W-T4-1  /W-T4-1  
/T0-T4-4 /D:1     /W-T3-1  /D:1     /W-T2-1  /D:2     /W-T1-1  /T4-T1-7 /T5-T4-1 /T5-F2-1 
/T4-T0-2 /D:1     /W-F3-1  /D:1     /W-F1-1  /D:1     /W-T0-1  /D:3     /W-T6-1  /T5-T6-1 
/T1-T5-1 /T1-F2-1 /T5-T1-2 /T5-T2-1 /T4-T5-1 /D:1     /W-T6-1  /D:1     /W-F1-1  /T1-F1-1 
/T3-F1-1 /T1-T4-1 /T1-F1-1 /T2-T3-1 /T2-F2-1 /T3-T2-2 /T3-F1-1 /T2-T3-3 /T4-T1-2 /D:1     
/W-F0-1  /T1-F0-1 /R       /D:1     /W-T0-1  /T3-T0-6 /T3-F3-1 /T0-F3-1 /T0-F0-1 /T1-F3-1 
/T0-F3-1 /T1-F0-1 /T0-F0-1 /T3-F2-1 /T1-F3-1 /T0-F3-1 /T1-F0-1 /T1-F3-1 /D:1     /W-T1-1  
/T3-T1-1 /D:1     /W-T2-1  /D:1     /W-F0-1  /T5-F0-1 /T6-F0-1 /D:1     /W-F3-1  /T5-F3-1 
/T6-F3-1 /T2-F3-1 /D:1     /W-F2-1  /T1-F2-1 /T0-F2-1 /D:1     /W-F1-1  /D:1     /W-F0-1  
/T6-F0-1 /D:1     /W-F1-1  /T1-F1-1 /T0-F1-1 /T1-F2-1 /T0-F2-1 /T1-F1-1 /T0-F1-1 /T1-F2-1 
/T0-F2-1 /T1-F1-1 
"
1051170,N#Gt#rYv#zJHw#UQgEM#deKxnL#hFbTalP#BSIOqXCZypioVfjWuRDscAkm,144.000000,1976.000000,53.000000,0.623656,1,"
minimal: 0 / states: 119 / duration: 0.000162s
history:
/T0-F3-1  /T4-T0-1  /D:1      /W-T6-1   /D:1      /W-T1-1   /T4-T1-1  /D:2      /W-F3-1   /D:2      
/W-T5-1   /T3-T5-1  /T4-T3-1  /T4-T1-1  /T1-T4-4  /T4-T2-5  /D:1      /W-T2-1   /D:1      /W-T4-1   
/T5-T4-3  /T5-F2-1  /D:3      /W-T4-1   /T3-T4-2  /D:1      /W-F2-1   /W-F2-1   /D:1      /W-T3-1   
/D:1      /W-T1-1   /D:1      /W-T5-1   /T2-T5-7  /T5-T2-9  /T2-T0-10 /T2-T1-1  /D:1      /W-T5-1   
/D:1      /W-T3-1   /D:3      /W-T4-1   /D:2      /W-F0-1   /T6-F0-1  /T6-F3-1  /T5-T6-2  /T5-T4-1  
/T0-F0-1  /T0-F3-1  /T5-T0-1  /D:2      /W-T2-1   /R        /D:1      /W-T6-1   /D:1      /W-F2-1   
/T1-F2-1  /D:1      /W-T2-1   /D:1      /W-F3-1   /T0-T1-2  /T0-F3-1  /D:1      /W-F0-1   /D:2      
/W-T2-1   /T3-T2-3  /T6-T3-4  /T6-F1-1  /T6-F3-1  /T6-F1-1  /W-F1-1   /T1-F1-1  /T1-F0-1  /T4-F1-1  
/T1-F1-1  /T4-F2-1  /T0-F2-1  /T6-F0-1  /T1-F0-1  /T0-F3-1  /T4-F1-1  /T2-F2-1  /T4-F0-1  /T2-F3-1  
/T6-F1-1  /T0-F2-1  /T3-F0-1  /T3-F3-1  /T4-F1-1  /T0-F1-1  /T2-F0-1  /T3-F0-1  /T4-F2-1  /T0-F2-1  
/T2-F1-1  /T3-F1-1  /T4-F3-1  /T0-F3-1  /T2-F2-1  /T3-F2-1  /T4-F0-1  /T0-F0-1  /T2-F1-1  /T4-F3-1  
"
1051219,T#ho#ctz#gLrP#AlIYi#FyqpQG#REnasfH#XBMWKvbeSCNduVkDUZwJjmOx,158.000000,4097.000000,57.000000,0.561905,1,"
minimal: 0 / states: 125 / duration: 0.000165s
history:
/T6-T4-1  /T6-T5-1  /T6-T0-1  /T6-F1-1  /T6-F2-1  /T1-F2-1  /T5-T1-2  /T5-T6-1  /T5-F2-1  /T5-F2-1  
/T6-T1-2  /T0-T4-2  /T2-T0-1  /F2-T6-1  /T3-T6-1  /T6-T4-3  /D:1      /W-T5-1   /D:1      /W-T4-1   
/D:1      /W-T6-1   /D:4      /W-F1-1   /D:2      /W-T2-1   /T3-T2-1  /D:1      /W-T1-1   /D:1      
/W-F3-1   /D:1      /W-T2-1   /D:3      /W-T3-1   /D:4      /W-T3-1   /T4-T3-8  /T4-T0-1  /T1-T4-6  
/W-T1-1   /T3-T1-11 /D:1      /W-T5-1   /D:3      /W-F3-1   /D:1      /W-T0-1   /R        /D:1      
/W-T0-1   /T4-T0-7  /T4-T6-1  /T4-F0-1  /T1-F0-1  /T0-F0-1  /T1-F3-1  /T0-F3-1  /T1-F2-1  /T1-F3-1  
/T2-T0-1  /T2-F2-1  /T1-F2-1  /T2-F3-1  /T2-F2-1  /T2-F1-1  /T0-F1-1  /T1-F3-1  /T3-T1-1  /D:1      
/W-T6-1   /D:2      /W-F1-1   /D:1      /W-F2-1   /W-F2-1   /T1-T5-3  /T1-F2-1  /T0-T6-6  /T0-F2-1  
/D:2      /W-F0-1   /T6-F0-1  /T6-F1-1  /T5-F1-1  /D:1      /W-F3-1   /W-F3-1   /D:2      /W-T2-1   
/T5-T2-5  /T5-F0-1  /T6-F0-1  /T2-F0-1  /T6-F1-1  /T2-F1-1  /T6-F0-1  /T2-F0-1  /T6-F3-1  /T2-F3-1  
/W-F1-1   /T1-F1-1  /T2-F2-1  /T6-F0-1  /T0-F3-1  /T1-F0-1  /T1-F3-1  /T6-F1-1  /T0-F2-1  /T2-F1-1  
/T6-F0-1  
"
1051312,P#qh#ODS#VkRC#Zbsgm#upleya#fMoNwQA#UGLjJirHtnXxBdEvTKIWFczY,148.500000,1096.000000,42.000000,0.704301,1,"
minimal: 0 / states: 107 / duration: 0.000147s
history:
/T5-F1-1 /T6-F0-1 /T5-T4-1 /T3-T6-1 /D:2     /W-T1-1  /T2-T1-1 /T2-T3-1 /T0-T3-1 /T4-T0-2 
/T2-T6-1 /D:5     /W-T1-1  /T6-T1-3 /W-T6-1  /D:1     /W-T6-1  /T4-T6-1 /T5-T4-1 /T4-T6-2 
/T4-F1-1 /D:2     /W-F2-1  /D:1     /W-T0-1  /T6-T0-6 /T6-F3-1 /T1-F3-1 /T6-F2-1 /T5-T6-1 
/T5-F2-1 /T6-T2-2 /T3-F3-1 /D:1     /W-T2-1  /D:1     /W-F0-1  /T1-F0-1 /T1-F3-1 /T3-T0-1 
/T3-F3-1 /T0-F0-1 /T1-T6-1 /T1-F3-1 /T6-T1-2 /D:1     /W-T1-1  /D:1     /W-F0-1  /D:2     
/W-F3-1  /D:3     /W-T2-1  /W-T2-1  /T1-T2-5 /T1-F2-1 /D:1     /W-F0-1  /D:1     /W-F1-1  
/T2-F1-1 /T0-F1-1 /T2-F2-1 /T0-F2-1 /T2-F1-1 /T0-F1-1 /T2-F0-1 /T0-F0-1 /T2-F1-1 /T0-F1-1 
/T2-F0-1 /D:1     /W-T1-1  /D:1     /W-T1-1  /W-T1-1  /W-T2-1  /W-F2-1  /T5-F2-1 /T2-F2-1 
/T0-F2-1 /W-F0-1  /W-F1-1  /T3-F1-1 /T1-F0-1 /W-F0-1  /W-F3-1  /T3-F3-1 /T2-F3-1 /T0-F3-1 
/T2-F2-1 /T0-F2-1 /T1-F3-1 /T2-F1-1 /T0-F1-1 /T1-F2-1 /T2-F0-1 /T4-F3-1 
"
1051322,W#xi#RML#FoeB#JCPDY#vmArjK#qSEIZtX#hczGgQTsUnfwpkbyulaNHdOV,135.000000,1894.000000,53.000000,0.534483,1,"
minimal: 0 / states: 123 / duration: 0.000155s
history:
/T6-T2-1 /T5-T4-1 /T5-T4-1 /D:6     /W-T5-1  /D:4     /W-F2-1  /D:1     /W-T6-1  /T5-T6-2 
/T5-F0-1 /T3-F0-1 /T2-T5-2 /T4-T2-3 /T4-T3-1 /T4-T3-1 /T4-F0-1 /T1-T4-1 /T0-T1-1 /T2-T0-4 
/T4-T5-2 /T5-T4-5 /W-T5-1  /T6-T5-4 /T5-T0-6 /T6-T5-1 /T6-T1-1 /D:2     /W-T0-1  /D:2     
/W-T0-1  /D:1     /W-T5-1  /W-T5-1  /W-T5-1  /D:1     /W-T4-1  /D:2     /W-F1-1  /T0-F1-1 
/D:1     /W-F3-1  /D:2     /W-T6-1  /D:1     /W-F3-1  /T3-F3-1 /T3-F0-1 /T0-T6-1 /T0-F3-1 
/T6-T0-2 /T6-F0-1 /T2-F3-1 /T6-F3-1 /T6-T3-1 /D:1     /W-T5-1  /W-T5-1  /R       /D:1     
/W-T1-1  /D:1     /W-F1-1  /D:1     /W-T2-1  /D:1     /W-T1-1  /D:1     /W-T4-1  /D:1     
/W-F3-1  /D:1     /W-T4-1  /T3-T4-2 /T3-F2-1 /T0-F2-1 /T0-F1-1 /T4-F2-1 /T0-F2-1 /T4-F1-1 
/T0-F1-1 /T3-F0-1 /T1-F0-1 /T4-F2-1 /T0-F2-1 /T0-F3-1 /T4-F1-1 /T1-F1-1 /T4-F2-1 /T0-F2-1 
/T5-F0-1 /T1-F0-1 /T4-F1-1 /T0-F1-1 /T5-F3-1 /T1-F3-1 /T4-F0-1 /T0-F0-1 /T5-F2-1 /T1-F2-1 
/T4-F3-1 /T0-F3-1 /T5-F1-1 /T4-F0-1 /T5-F2-1 /T5-F3-1 /T0-F0-1 /T2-F2-1 /D:1     /W-F1-1  
/T4-F1-1 
"
1051364,X#KT#wch#tHMR#xVFyD#ACJYvl#WQzNqbB#nLsjSZOEukaGUdPIgmpriefo,143.000000,3126.000000,49.000000,0.561798,1,"
minimal: 0 / states: 132 / duration: 0.000249s
history:
/T4-T3-1 /T0-T4-1 /D:1     /W-F2-1  /D:2     /W-T1-1  /T3-T1-2 /T5-T3-1 /T2-T5-1 /T6-T2-1 
/T3-T0-2 /T1-T3-4 /T2-T3-2 /T1-T0-1 /T2-T4-1 /D:1     /W-T0-1  /T5-T0-2 /D:2     /W-T1-1  
/T4-T1-3 /D:5     /W-F1-1  /T6-F1-1 /D:1     /W-T0-1  /D:3     /W-T6-1  /T3-T6-1 /T3-F1-1 
/W-F1-1  /D:3     /W-T2-1  /D:3     /W-T1-1  /T3-T1-5 /D:1     /W-T4-1  /T6-T4-3 /T6-F3-1 
/T5-T6-1 /D:1     /W-T0-1  /W-T0-1  /D:1     /W-F2-1  /W-F2-1  /T4-T1-2 /T4-F2-1 /T0-F2-1 
/T4-F1-1 /T0-F1-1 /W-F1-1  /T1-T4-4 /T1-F2-1 /T4-T1-5 /T4-T5-1 /T4-T6-1 /T6-T4-3 /T3-F2-1 
/R       /D:1     /W-T2-1  /D:1     /W-T0-1  /D:1     /W-F3-1  /D:1     /W-T0-1  /T6-T0-1 
/T6-T4-1 /D:1     /W-F2-1  /D:1     /W-T2-1  /T5-T2-2 /T5-T0-1 /T5-F0-1 /T1-F0-1 /T0-F0-1 
/T1-F3-1 /T0-F3-1 /T1-F0-1 /T0-F0-1 /T1-F3-1 /T0-F3-1 /T1-F0-1 /T0-F0-1 /T0-F1-1 /T1-F3-1 
/T1-F0-1 /T1-F1-1 /T0-F2-1 /T0-F1-1 /T1-F2-1 /T2-T1-2 /T2-F1-1 /T4-T0-1 /T4-F2-1 /T0-T4-2 
/T0-F1-1 /T1-T2-3 /T1-F2-1 /T2-T1-4 /T2-F1-1 /T4-T0-3 /T4-F2-1 /D:1     /W-F3-1  /T1-F3-1 
/T0-F3-1 /D:1     /W-F0-1  /T1-F0-1 /T0-F0-1 /T1-F3-1 /T0-F3-1 /T1-F0-1 /T0-F0-1 /T1-F3-1 
"
1051366,Y#QH#XSf#ctuO#gpJLR#vwPanj#oUqkCrK#lezFdxbIZDGBhVmNTWiAyMsE,137.500000,1946.000000,49.000000,0.604651,1,"
minimal: 0 / states: 124 / duration: 0.000159s
history:
/T6-T0-1 /T5-T0-1 /T5-F2-1 /T5-F1-1 /T6-T2-1 /T3-T6-1 /D:5     /W-T2-1  /T6-T2-2 /D:2     
/W-F1-1  /D:1     /W-T0-1  /D:2     /W-T4-1  /T5-T4-1 /T5-T6-1 /D:2     /W-T4-1  /D:1     
/W-T0-1  /W-T0-1  /T2-T0-5 /D:1     /W-T6-1  /T3-T6-1 /T2-T3-1 /D:2     /W-F3-1  /T0-F3-1 
/D:1     /W-T1-1  /D:3     /W-F0-1  /T4-F0-1 /T0-F0-1 /T4-F3-1 /T4-F0-1 /D:3     /W-T1-1  
/T4-T1-1 /T6-T4-4 /T6-T1-1 /T3-T6-2 /T6-T5-3 /T6-F2-1 /T3-F1-1 /T0-F1-1 /W-T3-1  /T0-T3-8 
/D:1     /W-F0-1  /R       /D:2     /W-F1-1  /T3-T5-1 /T3-F1-1 /D:1     /W-T0-1  /W-T0-1  
/D:1     /W-F0-1  /T3-F0-1 /T1-T4-4 /T1-F0-1 /T1-F3-1 /D:1     /W-T0-1  /D:1     /W-T1-1  
/T4-T1-9 /T4-T2-1 /T4-F2-1 /T1-F2-1 /T1-F3-1 /T5-F2-1 /T1-F2-1 /T4-F1-1 /T5-F3-1 /T1-F3-1 
/T5-F2-1 /T1-F2-1 /T3-F1-1 /T5-F3-1 /T1-F3-1 /T3-F0-1 /T5-F2-1 /T1-F2-1 /T0-F2-1 /T2-F0-1 
/D:1     /W-T4-1  /D:1     /W-F3-1  /T2-F3-1 /T3-T0-2 /T3-F3-1 /T1-T4-2 /T1-F3-1 /D:1     
/W-F1-1  /T0-F1-1 /T0-F0-1 /T4-F1-1 /T0-F1-1 /T4-F0-1 /T3-F0-1 /T4-F1-1 /D:1     /W-F2-1  
/T0-F2-1 
"
1051375,p#Pt#KMZ#FQLl#HobOW#uYvdsE#TCirhIc#VekgNjyJwnBAmRDSzqGfaXUx,114.500000,1059.000000,55.000000,0.570588,1,"
minimal: 0 / states: 125 / duration: 0.000162s
history:
/D:5     /W-F3-1  /D:2     /W-T2-1  /D:3     /W-F2-1  /D:1     /W-T6-1  /D:1     /W-F0-1  
/T6-F0-1 /D:4     /W-T1-1  /T5-T1-1 /D:5     /W-F1-1  /D:1     /W-T2-1  /D:2     /W-T3-1  
/T4-T3-1 /T4-F3-1 /T4-F1-1 /T4-F2-1 /T0-F2-1 /T6-F1-1 /T6-T3-1 /T6-T3-1 /T2-T0-3 /T3-T2-5 
/T1-T2-3 /T1-F3-1 /T2-T1-9 /R       /D:2     /W-T5-1  /D:1     /W-T3-1  /D:1     /W-T4-1  
/T5-T4-2 /T5-F1-1 /T4-F1-1 /D:1     /W-T2-1  /T5-T2-1 /T2-T5-3 /D:1     /W-T0-1  /W-T0-1  
/T4-T0-3 /D:1     /W-T3-1  /D:1     /W-T2-1  /T3-T2-3 /T3-F3-1 /D:1     /W-F3-1  /D:2     
/W-T4-1  /T5-T4-4 /D:1     /W-F2-1  /T6-F2-1 /T0-F2-1 /T6-T2-1 /T6-F0-1 /W-F0-1  /T1-F0-1 
/T1-F3-1 /T3-F0-1 /T6-F3-1 /T1-F2-1 /T5-F2-1 /T4-F2-1 /D:1     /W-F0-1  /D:1     /W-F1-1  
/T0-F1-1 /T0-F0-1 /T1-F1-1 /T2-F1-1 /T1-F0-1 /T4-F1-1 /T2-F2-1 /T2-F1-1 /T1-T4-1 /T1-F2-1 
/T1-F1-1 /T0-T2-3 /T0-F2-1 /T2-T0-4 /T2-F1-1 /T4-T1-3 /T4-F2-1 /D:1     /W-F3-1  /T0-F3-1 
/T0-F0-1 /T1-F3-1 /T0-F3-1 /T1-F0-1 /T0-F0-1 /T1-F3-1 /T0-F3-1 /T1-F0-1 
"
1051533,F#IL#JNB#VsDK#PXOaz#MebrUR#GhEoTfj#YWZkuqyildtvQHcxnwSmCpgA,117.500000,1602.000000,46.000000,0.635802,1,"
minimal: 0 / states: 128 / duration: 0.000155s
history:
/T6-T3-1  /T5-T0-1  /D:1      /W-T4-1   /T3-T4-2  /T3-T0-1  /D:3      /W-T1-1   /D:7      /W-T5-1   
/T6-T5-1  /T3-T6-1  /D:1      /W-T4-1   /T5-T4-3  /T5-T4-1  /W-T4-1   /D:2      /W-T3-1   /T6-T3-2  
/D:1      /W-T0-1   /T6-T0-1  /W-T6-1   /D:2      /W-F2-1   /T0-F2-1  /T2-T0-1  /T2-F3-1  /T2-T1-1  
/T4-T2-10 /T4-F1-1  /T4-F3-1  /T5-F1-1  /T5-T3-1  /T3-T1-5  /D:1      /W-T4-1   /D:2      /W-T3-1   
/T1-T3-8  /D:1      /W-T2-1   /D:1      /W-F2-1   /D:2      /W-F0-1   /T0-F0-1  /T0-F1-1  /T2-F0-1  
/T2-F1-1  /T0-F0-1  /T6-T2-1  /T6-F0-1  /T6-T1-1  /T3-F1-1  /T0-T3-1  /T0-F0-1  /T6-F0-1  /R        
/D:2      /W-T0-1   /D:2      /W-F2-1   /D:1      /W-T0-1   /T4-T0-2  /T4-F3-1  /T2-F3-1  /T2-F2-1  
/T2-F1-1  /T3-F3-1  /T3-F2-1  /T2-F2-1  /W-F2-1   /D:1      /W-T0-1   /D:1      /W-T5-1   /D:1      
/W-T5-1   /W-T5-1   /T1-T5-2  /D:1      /W-F3-1   /T3-F3-1  /T2-F3-1  /T2-F2-1  /T3-F0-1  /T3-F3-1  
/T0-T3-1  /T0-F2-1  /T5-T2-2  /T5-F3-1  /T0-F3-1  /T5-F2-1  /T0-F2-1  /T2-T5-4  /T2-F3-1  /T0-F3-1  
/T2-F2-1  /D:1      /W-F1-1   /T5-F1-1  /T3-F1-1  /T5-F0-1  /T3-F0-1  /T5-F1-1  /T3-F1-1  /T5-F0-1  
/T3-F0-1  /T5-F1-1  /T3-F1-1  /T5-F0-1  
"
1051576,E#lB#QCF#WHSu#fDrJY#LRtbcg#PpndmjK#vMAhOyixaTwqeoGsIZzNkXVU,142.000000,2033.000000,50.000000,0.598901,1,"
minimal: 0 / states: 126 / duration: 0.000156s
history:
/T6-T4-1 /T5-T3-1 /T6-T4-1 /T2-T3-1 /T1-T5-1 /D:1     /W-T4-1  /D:2     /W-F0-1  /T5-F0-1 
/T2-F0-1 /T2-T0-1 /T6-T2-1 /D:1     /W-T4-1  /D:2     /W-T2-1  /D:2     /W-T1-1  /D:1     
/W-F1-1  /D:4     /W-T3-1  /W-T3-1  /T5-T3-1 /T5-F1-1 /T5-T4-1 /T3-F1-1 /T6-F1-1 /T6-F2-1 
/T6-T0-1 /T3-T5-1 /T3-F1-1 /T5-T3-2 /T6-T3-1 /D:1     /W-F2-1  /T0-F2-1 /D:4     /W-T6-1  
/T5-T6-1 /D:1     /W-T5-1  /T4-T5-6 /D:1     /W-F3-1  /D:1     /W-T2-1  /T4-T2-1 /D:1     
/W-T6-1  /D:1     /W-T2-1  /T3-T2-6 /T3-T5-1 /T4-T5-1 /T4-F0-1 /T4-F1-1 /T0-T5-1 /T0-F0-1 
/D:1     /R       /D:1     /W-T0-1  /T1-T0-2 /D:1     /W-F3-1  /T2-F3-1 /T2-F2-1 /T5-F3-1 
/T2-F3-1 /T2-F0-1 /T5-F2-1 /T5-F3-1 /T2-F1-1 /D:2     /W-F3-1  /D:1     /W-T6-1  /W-T6-1  
/T3-T6-1 /T3-T0-1 /D:1     /W-F0-1  /T6-F0-1 /D:1     /W-F2-1  /T5-F2-1 /T2-F2-1 /T5-F1-1 
/T6-F1-1 /T5-F2-1 /T5-F1-1 /T6-F2-1 /T0-T5-1 /T0-F2-1 /T2-T6-2 /T2-F1-1 /T0-F1-1 /T2-F2-1 
/T2-F1-1 /T5-T0-3 /T5-F2-1 /D:1     /W-F0-1  /D:1     /W-F3-1  /T6-F3-1 /T0-F3-1 /T6-F0-1 
/T0-F0-1 /T6-F3-1 /T0-F3-1 /T6-F0-1 /T0-F0-1 /T6-F3-1 
"
1051586,G#kC#ZOH#ftLw#DmsBF#ecXTSK#dIlJaYP#zoVpQMrUxEnRyqWjNAugbhvi,153.000000,2406.000000,58.000000,0.525773,1,"
minimal: 0 / states: 137 / duration: 0.000169s
history:
/D:2      /W-T6-1   /D:1      /W-T3-1   /T2-T3-1  /T2-T1-1  /D:8      /W-F2-1   /T6-F2-1  /D:1      
/W-T4-1   /D:1      /W-T2-1   /D:1      /W-T4-1   /T6-T4-1  /T5-T6-1  /T5-T0-1  /T4-T5-4  /T4-T5-1  
/T5-T3-6  /T3-T5-9  /T5-T2-10 /W-T0-1   /D:1      /W-T6-1   /D:2      /W-F3-1   /T1-F3-1  /T2-T5-1  
/T2-F3-1  /T5-T2-2  /T5-T4-1  /D:1      /W-F0-1   /T2-F0-1  /T1-F0-1  /T1-T3-1  /D:5      /W-T6-1   
/W-T6-1   /T0-T6-3  /D:1      /R        /D:1      /W-T0-1   /T6-T0-8  /T6-F1-1  /T6-T3-1  /D:1      
/W-F2-1   /D:1      /W-F3-1   /T2-T4-2  /T2-F3-1  /D:1      /W-T1-1   /T6-T1-1  /D:2      /W-T6-1   
/D:1      /W-T1-1   /D:1      /W-T1-1   /T6-T1-2  /T6-T0-1  /D:3      /W-F1-1   /T4-F1-1  /T0-F1-1  
/T4-F2-1  /T4-F1-1  /D:1      /W-T3-1   /R        /D:1      /W-F2-1   /T4-F2-1  /T3-T4-4  /T3-F2-1  
/T4-T5-5  /T4-F0-1  /T0-F0-1  /T0-F3-1  /T2-F0-1  /T2-F3-1  /T3-F1-1  /T0-F0-1  /T1-F3-1  /T2-F0-1  
/T1-F0-1  /T2-F3-1  /T0-T1-2  /T0-F3-1  /T5-T2-1  /T5-F0-1  /T0-F0-1  /T2-T5-2  /T2-F3-1  /T0-F3-1  
/T5-T2-3  /T5-F0-1  /T1-T0-5  /T1-F0-1  /T2-T5-4  /T2-F3-1  /D:1      /W-F2-1   /D:1      /W-F1-1   
/T0-F1-1  /T0-F2-1  /T5-F1-1  /T0-F1-1  /T5-F2-1  /T0-F2-1  /T5-F1-1  /T0-F1-1  /T5-F2-1  /T0-F2-1  
/T5-F1-1  
"
1051601,l#qs#COa#rugw#mKfRZ#IShLjp#FxyPdNz#MkWvAEDXGUbBioneVYTtHQcJ,137.500000,1348.000000,41.000000,0.666667,1,"
minimal: 0 / states: 112 / duration: 0.000155s
history:
/T2-F1-1 /T2-T5-1 /T0-T6-1 /T6-T0-2 /T6-F3-1 /T5-F3-1 /T5-T6-1 /D:4     /W-T5-1  /D:1     
/W-F0-1  /D:5     /W-T5-1  /W-T5-1  /D:1     /W-F1-1  /D:1     /W-F0-1  /T2-F0-1 /T4-T2-1 
/T4-T1-1 /T4-T5-1 /T5-T4-5 /T5-T2-1 /T4-T0-6 /W-T2-1  /T3-T2-1 /T1-T3-2 /W-F0-1  /W-T0-1  
/T6-T0-2 /T6-F3-1 /T6-T4-1 /W-T6-1  /W-T4-1  /T1-T3-1 /W-T1-1  /D:1     /W-T2-1  /D:2     
/W-F2-1  /W-F2-1  /T0-F2-1 /T3-F2-1 /D:3     /W-T1-1  /T6-T1-2 /D:2     /W-T5-1  /D:1     
/W-T2-1  /T3-T2-3 /W-T3-1  /T6-T3-1 /D:1     /W-F3-1  /T2-F3-1 /D:1     /W-F1-1  /T0-F1-1 
/T0-F0-1 /T3-F0-1 /T0-T5-1 /T0-F0-1 /D:1     /W-T4-1  /W-T4-1  /W-F1-1  /T3-T4-2 /T3-F2-1 
/T2-F2-1 /T5-F1-1 /T2-F1-1 /T5-T0-1 /T5-F1-1 /T5-F3-1 /T0-F2-1 /T4-F3-1 /T0-F3-1 /T2-F0-1 
/T4-F2-1 /T0-F2-1 /T2-F1-1 /T4-F3-1 /T2-F2-1 /T5-F0-1 /T0-F1-1 /T1-F3-1 /T1-F2-1 /T4-F0-1 
/T0-F0-1 /T2-F3-1 /T1-F3-1 /T4-F1-1 /T0-F1-1 /T2-F0-1 /T1-F0-1 /T4-F2-1 /T0-F2-1 /T2-F3-1 
/T4-F1-1 
"
1051612,I#Fs#dLw#zpnW#erqBy#vXKimU#hGNHoZY#jJRSVAMCOTuPxklDtfbgEaQc,124.000000,2702.000000,43.000000,0.747191,1,"
minimal: 0 / states: 115 / duration: 0.000139s
history:
/T5-T0-1  /T4-T5-1  /T0-T3-2  /T5-T0-2  /T5-T2-1  /T3-T5-3  /T3-F2-1  /T5-T6-4  /T2-T5-2  /T5-T0-3  
/D:3      /W-T1-1   /D:3      /W-F0-1   /T4-F0-1  /T4-T1-1  /D:2      /W-F0-1   /D:1      /W-T3-1   
/D:2      /W-T0-1   /W-T0-1   /T1-T0-3  /D:1      /W-T0-1   /D:2      /W-T2-1   /D:2      /W-F0-1   
/D:1      /W-T6-1   /D:1      /W-T6-1   /T4-T6-1  /T4-T1-1  /D:3      /W-F0-1   /D:1      /W-F1-1   
/D:1      /W-T6-1   /T3-T6-2  /T6-T3-11 /T6-T4-1  /T6-F2-1  /T2-T4-2  /W-T6-1   /W-F1-1   /T1-T6-2  
/D:1      /W-F1-1   /T2-F1-1  /T6-F1-1  /T6-F0-1  /R        /D:2      /W-T4-1   /D:2      /W-T4-1   
/T6-T4-2  /T6-F3-1  /T3-F3-1  /T0-F3-1  /T3-F2-1  /T0-F2-1  /T3-F3-1  /T0-F3-1  /T3-F2-1  /T0-F2-1  
/T3-F1-1  /T4-F1-1  /W-F3-1   /T0-F3-1  /T3-F2-1  /T0-F2-1  /T6-F0-1  /T3-F3-1  /T4-F0-1  /T4-F3-1  
/T6-F1-1  /T0-F1-1  /T3-F0-1  /T4-F0-1  /T5-F2-1  /T0-F2-1  /T3-F3-1  /T0-F3-1  /W-F1-1   /T3-F0-1  
/T4-F1-1  /T4-F0-1  /T3-F3-1  /T4-F3-1  /D:1      /W-F0-1   /D:1      /W-F2-1   /T0-F2-1  /T3-F2-1  
/D:1      /W-F1-1   /T0-F1-1  
"
1051620,W#fY#dXA#mMUw#IzKta#JgQNEP#bukvrVq#lDOZTLsScFoRBeyHCGjpxnhi,112.000000,1971.000000,42.000000,0.600000,1,"
minimal: 0 / states: 127 / duration: 0.000146s
history:
/T2-F0-1 /T4-F1-1 /T5-T6-1 /T3-T2-1 /T4-T3-1 /T4-T1-1 /T1-T4-2 /T5-T1-1 /T5-F3-1 /T5-T1-1 
/T0-T4-1 /T4-T0-4 /T3-T4-2 /T1-T4-3 /T3-T1-1 /T4-T0-6 /D:1     /W-T1-1  /D:2     /W-F3-1  
/T6-F3-1 /T0-F3-1 /D:1     /W-T4-1  /D:2     /W-T3-1  /T2-T3-2 /T2-T0-1 /D:1     /W-T5-1  
/D:2     /W-T6-1  /D:2     /W-T6-1  /D:1     /W-T5-1  /T6-T5-3 /T6-T3-1 /D:1     /W-F0-1  
/D:2     /W-T4-1  /D:1     /W-T3-1  /T5-T3-6 /D:1     /W-F0-1  /D:3     /W-T0-1  /D:1     
/W-T1-1  /W-T1-1  /D:1     /W-F2-1  /T3-F2-1 /T0-F2-1 /D:2     /W-T5-1  /R       /D:1     
/W-F0-1  /T0-T6-1 /T0-F0-1 /T6-T0-2 /T6-T1-1 /T6-T4-1 /T6-T5-1 /T6-F1-1 /T3-F1-1 /T0-F1-1 
/T3-F2-1 /T0-F2-1 /T3-F3-1 /T3-F2-1 /T5-T4-3 /D:1     /W-T4-1  /D:1     /W-F3-1  /T4-F3-1 
/D:1     /W-F0-1  /D:1     /W-F1-1  /T0-F1-1 /T0-F2-1 /T3-F1-1 /T4-F2-1 /T0-F3-1 /T1-F2-1 
/T3-T4-1 /T3-F3-1 /T3-F2-1 /T0-T1-1 /T0-F3-1 /T3-F3-1 /T1-T0-2 /T1-F2-1 /T0-T1-3 /T0-F3-1 
/T4-T3-4 /T4-F2-1 /T0-F2-1 /T4-F3-1 /D:1     /W-F0-1  /T3-F0-1 /T1-F0-1 /D:1     /W-F1-1  
/T3-F1-1 /T1-F1-1 /T3-F0-1 /T1-F0-1 /T3-F1-1 /T1-F1-1 /T3-F0-1 /T1-F0-1 /T3-F1-1 
"
1051669,U#xy#VuI#dbmR#HYkGt#hsOnNC#gjcDoPL#vzeWQZiTJaqKFpfSMlArwXBE,179.500000,3084.000000,58.000000,0.567568,1,"
minimal: 0 / states: 125 / duration: 0.000156s
history:
/T4-T0-1 /T0-T2-2 /D:2     /W-T0-1  /D:8     /W-F1-1  /D:1     /W-T3-1  /D:4     /W-T2-1  
/D:1     /W-T4-1  /D:2     /W-T0-1  /D:1     /W-F0-1  /D:1     /W-T2-1  /D:2     /W-T1-1  
/W-T1-1  /D:1     /W-F0-1  /T5-F0-1 /T5-F3-1 /T5-F2-1 /T5-F3-1 /T3-T5-2 /T6-T3-1 /T6-F3-1 
/T6-F2-1 /T6-F0-1 /T6-T5-1 /T2-T6-5 /D:1     /W-F0-1  /R       /D:4     /W-F3-1  /D:2     
/W-T1-1  /T2-T1-1 /D:1     /W-T1-1  /T5-T1-4 /T4-T5-2 /T4-T3-1 /D:1     /W-T3-1  /T2-T3-1 
/T3-T2-5 /T3-F1-1 /T1-F1-1 /T3-F1-1 /W-T3-1  /T1-T3-9 /T6-T1-6 /T1-T0-7 /D:1     /W-T4-1  
/W-T4-1  /W-F1-1  /T0-T5-1 /T0-F1-1 /T6-F1-1 /W-T4-1  /T5-T4-4 /D:1     /W-F0-1  /T4-T0-2 
/T4-F0-1 /T4-F1-1 /T3-T2-5 /T3-F1-1 /D:1     /W-F2-1  /T2-F2-1 /T0-F2-1 /T2-F3-1 /T0-F3-1 
/T2-F2-1 /T0-F2-1 /T2-F3-1 /T0-F3-1 /T2-F2-1 /T4-F2-1 /T2-F3-1 /T3-F2-1 /T4-F3-1 /T3-F3-1 
/T0-T4-2 /T0-F2-1 /T4-T0-3 /T4-F3-1 /T4-F0-1 /T0-F0-1 /T0-F1-1 /T2-F0-1 /T0-F0-1 /T2-F1-1 
/T0-F1-1 /T2-F0-1 /T3-F2-1 /T0-F2-1 /T2-F1-1 /T3-F3-1 /D:1     /W-F0-1  
"
1051750,O#wX#dIa#mEFb#otUqr#HgjxuZ#JLQSWKl#YTNGDARvkVBCfPcMnhziyspe,138.000000,1327.000000,48.000000,0.575581,1,"
minimal: 0 / states: 124 / duration: 0.000151s
history:
/T2-F1-1 /T3-F1-1 /D:3     /W-F3-1  /T0-F3-1 /T5-T0-1 /W-T5-1  /T3-T5-1 /D:3     /W-F0-1  
/D:1     /W-T5-1  /W-T5-1  /D:4     /W-F0-1  /D:1     /W-F0-1  /T5-F0-1 /T3-F0-1 /D:2     
/W-F3-1  /D:1     /W-F1-1  /D:2     /W-F2-1  /D:1     /W-T2-1  /D:3     /W-T0-1  /T1-T0-1 
/W-T1-1  /T5-T1-4 /T5-T6-1 /T5-T6-1 /T2-T6-2 /T2-F1-1 /W-T2-1  /T6-T2-5 /T1-T0-6 /W-T1-1  
/D:1     /W-T5-1  /T0-T5-1 /T0-F0-1 /D:2     /W-F1-1  /R       /D:1     /W-T1-1  /T6-T1-1 
/T6-T1-1 /T4-T6-1 /T4-T5-1 /D:1     /W-T2-1  /T6-T2-2 /T6-F3-1 /T6-T3-1 /D:1     /W-T1-1  
/T4-T1-1 /T4-T1-1 /T4-F2-1 /T2-T1-2 /T2-F0-1 /D:1     /W-T3-1  /T6-T3-1 /D:1     /W-T3-1  
/D:1     /W-F1-1  /T5-T0-3 /T5-F1-1 /T2-F1-1 /T5-F0-1 /T2-F0-1 /T0-T3-5 /T0-F1-1 /T2-F1-1 
/T3-T0-6 /T3-F0-1 /T3-F1-1 /T1-T2-6 /T1-F0-1 /T3-F0-1 /T2-T1-7 /T2-F1-1 /T3-F1-1 /T1-T2-8 
/T1-F0-1 /D:1     /W-F2-1  /T0-F2-1 /T0-F3-1 /T2-F2-1 /T0-F2-1 /T2-F3-1 /T0-F3-1 /T2-F2-1 
/T0-F2-1 /T2-F3-1 /T0-F3-1 /T2-F2-1 /T0-F2-1 /T2-F3-1 /T0-F3-1 /T2-F2-1 /T0-F2-1 /T2-F3-1 
/T0-F3-1 /T2-F2-1 
"
1051850,F#Hb#fkv#EJdr#gaAYh#mzGyZp#CtsLPKj#WVlcDMBoqxOTXRuINwieQSnU,127.000000,1694.000000,51.000000,0.545455,1,"
minimal: 0 / states: 131 / duration: 0.000150s
history:
/T4-T2-1 /T2-T6-2 /T1-T5-1 /D:10    /W-T4-1  /T6-T4-3 /D:2     /W-T1-1  /T0-T1-1 /D:2     
/W-T1-1  /D:3     /W-F3-1  /D:1     /W-T2-1  /D:1     /W-T2-1  /T1-T2-4 /D:2     /W-T3-1  
/T5-T3-2 /T5-T0-1 /T5-T0-1 /T5-T4-1 /T4-T5-6 /T4-F0-1 /T4-F1-1 /T3-F1-1 /T2-T0-7 /T3-T2-3 
/T5-T1-7 /T2-T1-4 /D:2     /W-F2-1  /D:1     /R       /D:1     /W-T6-1  /D:3     /W-F1-1  
/T3-F1-1 /D:1     /W-T0-1  /D:1     /W-T2-1  /W-T2-1  /T6-T2-2 /T6-T0-1 /T6-T5-1 /T6-T4-1 
/W-T3-1  /D:1     /W-F0-1  /D:1     /W-F2-1  /T1-F2-1 /D:1     /W-F2-1  /D:1     /W-F3-1  
/T0-F3-1 /T1-F3-1 /T1-F2-1 /T4-F2-1 /T6-F2-1 /T6-F0-1 /T0-F0-1 /T0-F3-1 /D:1     /W-T5-1  
/T3-T5-2 /T3-F0-1 /T0-F0-1 /D:1     /W-F2-1  /D:1     /W-T2-1  /T1-T2-3 /T1-F2-1 /D:1     
/W-F1-1  /T2-F1-1 /T4-F1-1 /T2-F0-1 /T2-F1-1 /T0-T5-2 /T0-F1-1 /T0-F2-1 /T1-F1-1 /T0-F1-1 
/T1-F2-1 /T0-F2-1 /T2-T1-3 /T2-F1-1 /T1-T2-4 /T1-F2-1 /T5-T0-6 /T5-F1-1 /D:1     /W-F3-1  
/T0-F3-1 /T0-F0-1 /T2-F0-1 /D:1     /W-F3-1  /T0-F3-1 /T0-F0-1 /T2-F3-1 /T0-F3-1 /T2-F0-1 
/T0-F0-1 /T2-F3-1 /T0-F3-1 /T2-F0-1 
"
1051889,Z#Cz#iVD#YOBS#swexn#JIjoLW#tXgGqAR#dUmQphaHrPkbTycNKMulfEvF,151.500000,3345.000000,54.000000,0.611111,1,"
minimal: 0 / states: 120 / duration: 0.000146s
history:
/T4-F2-1 /T5-T4-1 /T5-T0-1 /T5-F2-1 /T2-T6-1 /D:5     /W-F2-1  /D:2     /W-F1-1  /D:1     
/W-T2-1  /D:1     /W-T3-1  /D:1     /W-T6-1  /D:1     /W-T0-1  /D:1     /W-F1-1  /D:1     
/W-T2-1  /D:2     /W-F1-1  /D:1     /W-F3-1  /D:4     /W-T1-1  /T4-T1-2 /D:3     /W-T1-1  
/D:1     /W-T2-1  /T6-T2-3 /T6-F0-1 /T6-F2-1 /T3-T6-2 /T3-F0-1 /T3-F3-1 /T2-F3-1 /T6-F2-1 
/W-T6-1  /R       /D:1     /W-F1-1  /T4-F1-1 /T2-T4-6 /T4-T0-7 /T4-F2-1 /T1-T4-5 /T1-F0-1 
/T0-F0-1 /T6-F0-1 /D:1     /W-T4-1  /T6-T4-2 /D:1     /W-T1-1  /D:1     /W-F3-1  /T0-F3-1 
/T0-F0-1 /T4-F3-1 /T0-F3-1 /T6-T0-1 /T4-F0-1 /T4-F3-1 /T0-T2-2 /T0-F3-1 /T4-T5-1 /T4-F3-1 
/T6-F3-1 /T5-T4-2 /T3-F3-1 /T6-F2-1 /T0-T1-3 /T0-F3-1 /T2-T1-3 /D:1     /W-T4-1  /D:3     
/W-T0-1  /D:1     /W-F2-1  /T4-T5-1 /T4-F2-1 /T5-T4-2 /T1-T5-3 /T1-F2-1 /T5-T1-4 /D:1     
/W-F1-1  /T1-F1-1 /T1-F0-1 /T4-F1-1 /T1-F1-1 /T4-F0-1 /T1-F0-1 /T4-F1-1 /T1-F1-1 /T4-F2-1 
/W-F0-1  /T1-F0-1 /T4-F1-1 /T0-F0-1 /W-F2-1  /T1-F1-1 /T4-F2-1 
"
1051916,K#GJ#fnF#tkIP#sAOho#CRxMQX#UbliHNj#vBwVLTcEuyaqgmeDSdWYrpZz,119.000000,1076.000000,48.000000,0.655556,1,"
minimal: 0 / states: 116 / duration: 0.000160s
history:
/T6-T0-1 /T6-F3-1 /T4-T3-1 /T1-T5-1 /T1-T4-1 /D:1     /W-T0-1  /T4-T0-2 /T4-F3-1 /T4-F0-1 
/D:1     /W-F0-1  /D:2     /W-T5-1  /T6-T5-1 /D:2     /W-T5-1  /T2-T5-1 /T2-F2-1 /T3-F2-1 
/T3-F3-1 /T2-T0-1 /D:2     /W-T0-1  /D:1     /W-T6-1  /D:2     /W-F1-1  /D:2     /W-T6-1  
/T4-T6-1 /D:1     /W-T1-1  /D:1     /W-T5-1  /W-T5-1  /W-T1-1  /T5-T1-8 /T5-F3-1 /T5-T2-1 
/W-T1-1  /D:3     /W-T0-1  /D:1     /W-T5-1  /T3-T5-1 /D:1     /W-T2-1  /T5-T2-3 /T5-F3-1 
/T5-F0-1 /W-F3-1  /W-F0-1  /D:2     /W-F2-1  /D:1     /W-T4-1  /D:1     /W-T5-1  /R       
/D:1     /W-T3-1  /T6-T3-4 /T6-T5-1 /T6-F1-1 /T1-F1-1 /T0-F1-1 /T0-F0-1 /T1-F2-1 /T1-F1-1 
/T1-F0-1 /T0-F1-1 /T0-F0-1 /T1-F3-1 /T1-F0-1 /T2-F0-1 /T6-F3-1 /T1-F3-1 /T1-F0-1 /T2-F3-1 
/T1-F3-1 /T3-T1-6 /T0-T2-3 /T0-F0-1 /T2-T5-4 /T2-F3-1 /T4-F3-1 /T3-T5-1 /D:1     /W-F0-1  
/T2-F0-1 /D:1     /W-F2-1  /T1-F2-1 /T1-F1-1 /T5-F2-1 /T1-F2-1 /T5-F1-1 /T1-F1-1 /T5-F2-1 
/T1-F2-1 /T5-F1-1 /T1-F1-1 /T5-F2-1 /T1-F2-1 /T5-F1-1 /T1-F1-1 /T5-F2-1 
"
1051959,N#Ai#lyO#nuHP#mXEMR#KqwSJe#WLBxTQg#IVjkoUzvthCbpadsDZfcYGFr,89.500000,892.000000,41.000000,0.676471,1,"
minimal: 0 / states: 129 / duration: 0.000151s
history:
/T0-F3-1  /T2-F3-1  /T3-F3-1  /T6-T3-1  /T6-F3-1  /T4-F3-1  /T4-T0-1  /T3-T1-2  /T6-T3-1  /D:3      
/W-T6-1   /D:1      /W-T2-1   /D:4      /W-T6-1   /D:2      /W-T6-1   /W-T6-1   /D:4      /W-F1-1   
/D:1      /W-T4-1   /W-T4-1   /W-F1-1   /D:1      /W-T1-1   /T5-T1-1  /T5-T2-1  /T5-F3-1  /T1-T2-5  
/T1-F0-1  /F3-T6-1  /T4-T6-3  /T5-T4-1  /T5-T2-1  /D:2      /W-T1-1   /T2-T1-9  /T6-T2-9  /T6-F0-1  
/T4-T6-2  /T6-T4-3  /T2-T0-10 /T6-T5-1  /D:2      /W-F1-1   /D:3      /W-T3-1   /D:1      /R        
/D:1      /W-T5-1   /D:1      /W-T4-1   /T3-T4-3  /T3-F2-1  /D:1      /W-F2-1   /T0-F2-1  /T1-F2-1  
/T0-F1-1  /T1-F1-1  /D:1      /W-T5-1   /D:1      /W-T2-1   /D:1      /W-F0-1   /D:1      /W-F0-1   
/T0-F0-1  /T4-F0-1  /T0-F3-1  /T4-F3-1  /T5-F3-1  /D:1      /W-F1-1   /D:1      /W-T2-1   /T5-T2-3  
/D:1      /W-F0-1   /T1-T4-2  /T1-F0-1  /T2-F0-1  /T4-T1-3  /T4-F3-1  /T2-F3-1  /T1-T4-4  /T1-F0-1  
/T2-F0-1  /T4-T1-5  /T4-F3-1  /T2-F3-1  /T4-F0-1  /T0-T2-6  /T0-F0-1  /T1-T4-7  /T1-F3-1  /D:1      
/W-F2-1   /T4-F2-1  /T2-F2-1  /T4-F1-1  /T2-F1-1  /T4-F2-1  /T2-F2-1  /T4-F1-1  /T2-F1-1  /T4-F2-1  
/T2-F2-1  /T4-F1-1  /T2-F1-1  /T4-F2-1  /T2-F2-1  /T4-F1-1  
"
1060128,E#aZ#dRI#hTwD#bskPu#VXUQeF#HtfrONi#qoWmySCMpzKcxnGYvJBAlLgj,148.000000,2121.000000,61.000000,0.563636,1,"
minimal: 0 / states: 128 / duration: 0.000158s
history:
/T4-T6-1 /T4-T3-1 /D:2     /W-T3-1  /D:3     /W-T1-1  /T4-T1-1 /D:9     /W-F2-1  /T3-F2-1 
/D:4     /W-T1-1  /T6-T1-2 /T6-F3-1 /T6-F3-1 /T3-F3-1 /D:2     /W-F0-1  /W-F0-1  /D:3     
/W-T1-1  /T5-T1-1 /T5-T1-1 /T5-F3-1 /T3-T1-1 /T5-T2-1 /T3-T5-1 /T4-T3-1 /D:1     /R       
/D:5     /W-F0-1  /T1-F0-1 /T0-F0-1 /T1-T0-9 /T1-F1-1 /T4-F1-1 /T0-T3-1 /T0-F0-1 /D:1     
/W-T1-1  /D:1     /W-F2-1  /D:1     /W-T4-1  /D:2     /W-F1-1  /D:2     /W-F0-1  /D:1     
/W-T1-1  /W-T1-1  /D:2     /W-T4-1  /D:2     /W-T1-1  /T2-T1-2 /T2-F3-1 /T2-F1-1 /T3-F1-1 
/R       /D:1     /W-F2-1  /T6-F2-1 /T3-F2-1 /T6-F1-1 /T0-F1-1 /T6-F2-1 /T3-T0-1 /T3-F1-1 
/T6-F0-1 /D:2     /W-T2-1  /D:1     /W-F3-1  /T0-F3-1 /T0-F2-1 /T0-F1-1 /T1-F3-1 /T1-F0-1 
/T0-F0-1 /T1-F1-1 /T0-F1-1 /T5-T0-2 /T5-F3-1 /T4-F1-1 /T2-F1-1 /W-F3-1  /D:1     /W-F0-1  
/D:1     /W-F2-1  /T0-F2-1 /T0-F3-1 /T1-F2-1 /T0-F2-1 /T1-F3-1 /T4-F2-1 /T0-F3-1 /D:1     
/W-F0-1  /T1-F0-1 
"
1060255,n#Za#iKV#xzIb#rFqeW#mlokvc#PyfQgAu#pBJGDdjXCTSUNOtswhREMLYH,117.500000,1351.000000,29.000000,0.818182,1,"
minimal: 0 / states: 116 / duration: 0.000144s
history:
/T0-F2-1 /T1-F1-1 /T3-F1-1 /T5-F1-1 /T6-T2-1 /T6-F0-1 /T5-T4-1 /T6-T2-1 /D:1     /W-T6-1  
/D:1     /W-F0-1  /D:1     /W-T5-1  /T2-T5-3 /T4-T2-2 /D:2     /W-T4-1  /D:1     /W-F1-1  
/D:3     /W-F0-1  /T4-F0-1 /T4-F1-1 /D:3     /W-T2-1  /D:1     /W-F3-1  /D:1     /W-F3-1  
/D:1     /W-T2-1  /W-T2-1  /D:1     /W-T5-1  /F1-T5-1 /T4-T5-1 /D:2     /W-T3-1  /D:1     
/W-T4-1  /T5-T4-1 /T5-F1-1 /D:1     /W-T2-1  /T6-T2-2 /T6-F1-1 /T5-T6-6 /T5-F2-1 /T2-F2-1 
/T2-T5-8 /T6-T1-7 /T6-F3-1 /T4-F2-1 /T5-F3-1 /T4-F3-1 /T5-F0-1 /T4-F0-1 /T4-F2-1 /T1-F2-1 
/T1-F1-1 /T5-F3-1 /T5-F2-1 /T1-F2-1 /T3-F1-1 /T2-F1-1 /T5-T3-1 /T5-F2-1 /T3-T5-2 /T3-T0-1 
/T5-T0-5 /W-F2-1  /W-F3-1  /T0-F3-1 /T1-F3-1 /T3-F2-1 /D:1     /W-T2-1  /D:1     /W-T5-1  
/T1-T5-2 /T1-F2-1 /T0-T2-4 /T0-F2-1 /D:2     /R       /D:1     /W-F0-1  /D:1     /W-F1-1  
/D:3     /W-F0-1  /T2-F0-1 /T2-F3-1 /T5-F0-1 /T2-F0-1 /T5-F1-1 /T2-F1-1 /T5-F0-1 /T5-F1-1 
/T2-F0-1 /R       /D:1     /W-F3-1  /D:1     /W-F3-1  /T1-F3-1 
"
1060354,Y#Lf#ymX#jpei#QNqhn#BPTGAr#FbSxlHk#VuEIZsKoOaDUtCRMgJcvdzWw,148.500000,2075.000000,57.000000,0.651376,1,"
minimal: 0 / states: 127 / duration: 0.000187s
history:
/T4-F2-1  /T5-T1-1  /T5-F0-1  /T5-T4-1  /T1-T4-2  /T6-T1-1  /T6-T3-1  /T5-T3-1  /D:6      /W-T3-1   
/D:1      /W-T0-1   /D:1      /W-F2-1   /D:2      /W-F1-1   /D:5      /W-T3-1   /D:3      /W-T1-1   
/T3-T1-5  /D:3      /W-T4-1   /D:2      /W-T0-1   /D:1      /W-T2-1   /R        /D:1      /W-T2-1   
/D:1      /W-T2-1   /D:2      /W-T0-1   /T4-T0-5  /T4-T1-1  /T4-F3-1  /T5-T1-1  /T5-F0-1  /D:1      
/W-T5-1   /T1-T5-10 /D:1      /W-F3-1   /T5-F3-1  /T4-F3-1  /T5-T3-1  /T5-F3-1  /T3-T5-2  /T3-F2-1  
/T5-F2-1  /D:1      /W-T5-1   /D:3      /W-F0-1   /T5-F0-1  /D:1      /W-T1-1   /T6-T1-1  /T6-T1-1  
/T6-F3-1  /T6-F1-1  /T3-T1-1  /D:1      /W-T2-1   /T5-T2-2  /T5-F3-1  /D:1      /W-F1-1   /T0-F1-1  
/T0-F2-1  /T2-F1-1  /T2-F2-1  /T0-F1-1  /W-F2-1   /T2-F1-1  /T2-F2-1  /W-F3-1   /W-F0-1   /T6-F0-1  
/T0-F0-1  /T0-F1-1  /T5-F0-1  /T0-F0-1  /T2-F3-1  /T5-F1-1  /T5-F0-1  /T0-F3-1  /T2-T5-1  /T2-F3-1  
/T2-T3-1  /T0-F0-1  /T0-F3-1  /T1-F1-1  /T5-T2-2  /T5-F0-1  /T5-F3-1  /T2-T3-3  /D:1      /W-F2-1   
/T3-F2-1  /T1-F2-1  /T3-F1-1  /T1-F1-1  /T1-F0-1  /T3-F2-1  /T3-F1-1  /D:1      /W-F2-1   
"
1060578,a#tR#JmX#FqoN#hSxGb#OzvsgD#eVLCZQr#kUTpWwHMcPEydAYKInjlfiuB,106.500000,2630.000000,50.000000,0.554217,1,"
minimal: 0 / states: 123 / duration: 0.000227s
history:
/T0-F1-1  /T3-F3-1  /T4-F1-1  /T5-T1-1  /D:6      /W-T2-1   /D:2      /W-T0-1   /D:1      /W-T1-1   
/T3-T1-1  /D:1      /W-T3-1   /T1-T3-1  /T1-F1-1  /D:3      /W-F1-1   /D:1      /W-F0-1   /D:1      
/W-T0-1   /D:1      /W-T0-1   /D:2      /W-F2-1   /T3-F2-1  /D:1      /W-T0-1   /W-T0-1   /D:2      
/W-T4-1   /T6-T4-1  /T6-T4-1  /D:1      /W-T2-1   /D:1      /W-T2-1   /T5-T2-1  /T5-T2-1  /T1-T2-2  
/D:1      /W-F0-1   /R        /D:2      /W-T0-1   /T4-T0-4  /D:2      /W-F2-1   /T3-T2-1  /T3-F2-1  
/D:1      /W-T4-1   /T5-T4-1  /D:3      /W-T6-1   /T2-T6-9  /D:1      /W-T5-1   /T4-T5-3  /T4-T1-1  
/T1-T4-2  /T6-T1-11 /T6-F0-1  /T6-T2-1  /T4-T5-3  /T2-T4-2  /T6-T2-1  /T6-T3-1  /T5-T6-8  /T5-F3-1  
/T1-F3-1  /T0-F3-1  /T0-F2-1  /T1-F0-1  /T1-F3-1  /T3-F1-1  /T1-F2-1  /W-F0-1   /T0-F1-1  /T3-F0-1  
/T1-F1-1  /T6-F3-1  /T0-F0-1  /T6-F2-1  /T6-F1-1  /T1-F2-1  /T1-F1-1  /T6-F2-1  /T1-F2-1  /W-F0-1   
/W-F3-1   /T0-F3-1  /T0-F0-1  /T0-F1-1  /T2-F3-1  /T2-F0-1  /T6-F3-1  /T0-F0-1  /T1-F3-1  /T6-F2-1  
/T0-F3-1  /W-F1-1   /T1-F2-1  /T4-F0-1  /T1-F3-1  /T6-F1-1  /T0-F0-1  /T4-F1-1  /T6-F2-1  
"
1060732,J#sg#mHV#kftQ#ZyiTK#YvEzAP#cChqXeO#rRbuIMjaoUNlpdSGxwFBWDnL,198.500000,6105.000000,52.000000,0.593750,1,"
minimal: 0 / states: 125 / duration: 0.000155s
history:
/T2-T0-1 /T1-T2-1 /T2-T0-2 /T1-T0-1 /D:2     /W-T0-1  /D:4     /W-T1-1  /D:1     /W-T4-1  
/W-T4-1  /D:1     /W-F1-1  /D:1     /W-T5-1  /D:1     /W-T4-1  /D:1     /W-F3-1  /T6-F3-1 
/D:1     /W-T1-1  /T4-T1-4 /D:1     /W-T3-1  /D:3     /W-T1-1  /W-T1-1  /D:3     /W-T4-1  
/T6-T4-1 /W-T6-1  /D:3     /W-T0-1  /T5-T0-2 /T5-F0-1 /D:1     /W-F2-1  /T0-F2-1 /T0-F3-1 
/T3-F2-1 /T3-F3-1 /T0-T4-1 /T0-F3-1 /T1-F3-1 /D:1     /W-T2-1  /T6-T2-2 /T6-F2-1 /T3-T6-1 
/T3-T1-1 /T0-T3-5 /T5-T0-1 /T5-T1-1 /T6-T5-2 /R       /D:1     /W-F2-1  /T3-F2-1 /T4-T3-3 
/T4-F3-1 /T4-T2-1 /T5-F2-1 /T1-T5-3 /T1-F3-1 /T3-T2-5 /T3-F3-1 /T3-T4-2 /D:1     /W-F1-1  
/D:1     /W-F2-1  /T5-T1-4 /T5-F2-1 /T2-T4-6 /T2-F2-1 /T5-T0-1 /D:1     /W-T1-1  /T6-T1-1 
/T6-F1-1 /D:1     /W-F2-1  /D:1     /W-F0-1  /T1-F0-1 /T1-F1-1 /T4-F0-1 /T1-F0-1 /T4-F1-1 
/T1-F1-1 /T4-F0-1 /T1-F0-1 /T4-F1-1 /T1-F1-1 /T4-F0-1 /T1-F0-1 /T4-F1-1 /T1-F1-1 /T4-F0-1 
/T4-F1-1 /T4-F2-1 /T1-F0-1 /T1-F1-1 /T0-T1-1 /T0-F2-1 /T2-T4-2 /T2-F1-1 /D:1     /W-F3-1  
/T4-F3-1 /T1-F3-1 /T4-F0-1 /T1-F0-1 /T4-F3-1 
"
1060815,z#vh#CAa#rlIu#oTLbx#etgZJU#WpXVOnf#PFwyYBjkQmRGsiqMDHcNKdSE,140.500000,1626.000000,49.000000,0.602273,1,"
minimal: 0 / states: 119 / duration: 0.000147s
history:
/T2-F1-1 /T2-F0-1 /D:5     /W-T0-1  /T4-T0-1 /T4-F1-1 /D:1     /W-F0-1  /T2-F0-1 /D:1     
/W-T0-1  /D:1     /W-T4-1  /D:2     /W-T2-1  /T4-T2-2 /T4-T3-1 /D:2     /W-T1-1  /T6-T1-1 
/T6-F2-1 /T4-F2-1 /D:1     /W-T3-1  /W-T3-1  /D:2     /W-T3-1  /D:1     /W-T4-1  /D:1     
/W-F0-1  /D:2     /W-F1-1  /D:1     /W-F3-1  /T6-F3-1 /T3-T6-5 /T5-T3-1 /T5-T2-1 /T6-T2-6 
/T3-T0-2 /T3-T4-1 /T3-T1-1 /T5-T3-1 /D:1     /W-T4-1  /D:1     /W-F1-1  /D:2     /W-F0-1  
/R       /D:1     /W-F3-1  /D:1     /W-F0-1  /D:1     /W-T6-1  /D:1     /W-T3-1  /T6-T3-2 
/T6-F2-1 /T2-F2-1 /T1-F2-1 /T6-T4-1 /D:1     /W-F3-1  /T2-F3-1 /T2-F2-1 /D:1     /W-T3-1  
/D:1     /W-T3-1  /T5-T3-1 /T5-F2-1 /T5-F1-1 /T1-F1-1 /T3-F1-1 /T1-T0-1 /T1-F1-1 /T0-F0-1 
/T3-F0-1 /T3-F1-1 /T0-T1-1 /T0-F0-1 /T0-F1-1 /T2-T3-3 /T2-F0-1 /T2-F1-1 /T4-T0-1 /T4-F0-1 
/T2-F0-1 /T4-F1-1 /T2-F1-1 /T4-F0-1 /T1-T0-2 /D:1     /W-F3-1  /T3-F3-1 /T0-F3-1 /T3-F2-1 
/T0-F2-1 /T3-F3-1 /T0-F3-1 /T3-F2-1 /T0-F2-1 /T3-F3-1 /T0-F3-1 /T3-F2-1 /T0-F2-1 /T3-F3-1 
"
1061287,h#dp#AKz#twFy#rZkam#bvqcTP#BLQufnY#jGSoVEIUDOWlMxHXJeCRigNs,132.500000,2810.000000,55.000000,0.549505,1,"
minimal: 0 / states: 131 / duration: 0.000220s
history:
/T6-T2-1  /T6-F2-1  /T3-T4-1  /D:2      /W-T0-1   /T6-T0-1  /D:2      /W-F2-1   /T1-F2-1  /D:2      
/W-T0-1   /T1-T0-1  /T4-T1-2  /T4-F1-1  /T4-T1-1  /D:8      /W-T2-1   /D:3      /W-T1-1   /D:1      
/W-T3-1   /D:1      /W-T0-1   /D:2      /W-T1-1   /T6-T1-1  /D:1      /W-T1-1   /T3-T1-2  /D:1      
/W-F3-1   /D:1      /R        /D:1      /W-T2-1   /D:2      /W-T3-1   /D:1      /W-T2-1   /T0-T2-6  
/T2-T0-11 /D:2      /W-T1-1   /T5-T1-1  /D:1      /W-F3-1   /T1-F3-1  /T6-F3-1  /T6-T4-1  /D:1      
/W-T2-1   /D:3      /W-T3-1   /T5-T3-1  /T5-T1-1  /T5-F2-1  /T5-T2-1  /T5-F1-1  /T4-T5-2  /T1-F1-1  
/T4-F2-1  /W-T4-1   /W-T4-1   /T2-T4-3  /T2-F0-1  /T6-F0-1  /T0-F0-1  /T0-F1-1  /T1-F0-1  /T0-F0-1  
/T1-F1-1  /T0-F1-1  /T1-F0-1  /T0-F0-1  /T1-F1-1  /T0-F1-1  /T3-T1-1  /T3-F0-1  /T0-F0-1  /T1-T3-2  
/T1-F1-1  /T0-F1-1  /T1-F0-1  /T3-T1-4  /T4-T0-2  /T4-F0-1  /T5-F0-1  /W-T0-1   /W-T3-1   /T3-T0-2  
/D:2      /W-F3-1   /T0-F3-1  /T1-F3-1  /D:1      /W-F2-1   /T0-F2-1  /T0-F3-1  /T1-F2-1  /T0-F2-1  
/T1-F3-1  /T0-F3-1  /T1-F2-1  /T0-F2-1  /T1-F1-1  /T4-F1-1  /W-F3-1   /T0-F3-1  /T1-F2-1  /T0-F2-1  
/T1-F1-1  /T4-F0-1  /T5-F3-1  
"
1061320,a#yh#kDs#UYbE#Zlvpf#WznewL#ijrRQtg#NXdFOSqGcoATMHCxJImPKBVu,125.000000,1806.000000,51.000000,0.570588,1,"
minimal: 0 / states: 123 / duration: 0.000234s
history:
/T0-F1-1 /T3-T4-1 /T3-F1-1 /T2-T6-1 /D:1     /W-F3-1  /D:1     /W-T5-1  /D:1     /W-T4-1  
/D:2     /W-F3-1  /D:3     /W-T1-1  /T4-T1-3 /T4-T1-1 /T1-T4-6 /D:1     /W-F1-1  /D:2     
/W-F0-1  /D:2     /W-T0-1  /T3-T0-1 /D:3     /W-T0-1  /D:1     /W-T5-1  /D:3     /W-F3-1  
/D:2     /W-F0-1  /D:1     /W-T5-1  /D:1     /W-T5-1  /T6-T5-2 /T6-T3-1 /T6-F3-1 /T6-F3-1 
/F3-T5-1 /T2-T5-1 /T2-T1-1 /R       /D:2     /W-T3-1  /T6-T3-1 /T4-T6-7 /T6-T0-8 /D:4     
/W-T6-1  /W-T6-1  /D:1     /W-F0-1  /T5-F0-1 /T5-F3-1 /T0-T3-2 /T0-F0-1 /T3-T0-3 /T3-F3-1 
/T6-F3-1 /D:2     /W-T2-1  /T5-T2-7 /T5-T1-1 /T5-T2-1 /T5-F2-1 /T4-T5-1 /T1-T4-3 /T5-T1-2 
/W-T5-1  /W-F2-1  /T0-F2-1 /T0-F1-1 /W-F2-1  /T0-F2-1 /T2-F1-1 /T0-F1-1 /T2-F2-1 /T3-F2-1 
/W-F0-1  /T0-F0-1 /T2-F1-1 /T0-F1-1 /T2-F2-1 /T3-F3-1 /T0-F2-1 /T6-F0-1 /T2-F3-1 /T5-F0-1 
/T5-F3-1 /T6-F1-1 /T0-F1-1 /T2-F0-1 /T4-F2-1 /T0-F2-1 /T2-F3-1 /T4-F1-1 /T4-F2-1 /T0-F3-1 
/T1-F1-1 /T1-F2-1 /T4-F3-1 /D:1     /W-F0-1  /T2-F0-1 /T0-F0-1 /T2-F1-1 
"
1061428,C#YP#Brk#GqFg#ltpAh#dEVONJ#jIoLzQn#sSDmHbcUwvxKWeiZuaXfRMyT,167.000000,668.000000,47.000000,0.635417,0,"
minimal: 0 / states: 7143758 / duration: 29.159857s
history:
/T6-F2-1 /T5-T2-1 /T5-F3-1 /T5-F3-1 /T1-F3-1 /T6-F3-1 /T1-T6-1 /D:1     /W-T3-1  /D:3     
/W-T1-1  /D:1     /W-T5-1  /T3-T5-2 /D:1     /W-T0-1  /D:6     /W-T6-1  /D:2     /W-T3-1  
/D:1     /W-T2-1  /D:2     /W-T2-1  /D:1     /W-F1-1  /T0-F1-1 /D:3     /W-F3-1  /D:3     
/W-T2-1  /T3-T2-2 /T3-T2-1 /T3-T4-1 /T6-T3-3 /T6-T1-1 /T6-F2-1 /T4-T6-2 /T4-F0-1 /T4-F2-1 
/T2-F2-1 /T2-T1-7 /T2-F2-1 /T2-F0-1 /T0-F0-1 /T5-F2-1 /T4-F2-1 /R       /D:1     /W-F3-1  
/D:1     /W-F0-1  /D:1     /W-F1-1  /T1-T5-2 /T1-F3-1 /T1-F2-1 /D:1     /W-F3-1  /T5-T1-4 
/T5-F3-1 /T5-F0-1 /T5-F1-1 /T1-F1-1 /T1-F0-1 /T6-F0-1 /D:2     /W-F2-1  /D:1     /W-T4-1  
/D:1     /W-F3-1  /D:2     /W-F3-1  /D:1     /W-F1-1  /T1-F1-1 /T1-F0-1 /T6-F1-1 /T1-F1-1 
/T6-F0-1 /T1-F0-1 /T3-F0-1 /T6-F1-1 /T1-F1-1 /T1-F0-1 /T3-F3-1 /D:1     /W-F0-1  /D:1     
/W-T1-1  /R       /D:1     /W-F2-1  /T4-F2-1 /T1-F2-1 /T3-F2-1 /T4-F1-1 /T1-F1-1 /D:1     
/W-F3-1  
"
1061671,q#Ys#dCb#jFzJ#EiXWm#DZOpHo#RQnLBfK#PtaINgyhVSexvlrkwuGAMUcT,128.000000,1694.000000,43.000000,0.711765,1,"
minimal: 0 / states: 119 / duration: 0.000118s
history:
/D:1      /W-T0-1   /T5-T0-1  /D:2      /W-F1-1   /T2-F1-1  /D:2      /W-F3-1   /D:1      /W-T5-1   
/T1-T5-1  /T6-T1-1  /D:1      /W-T4-1   /D:2      /W-T3-1   /T5-T3-3  /D:2      /W-T3-1   /T0-T3-3  
/T4-T0-2  /T4-T1-1  /T3-T4-9  /T4-T0-10 /T1-T3-3  /T3-T1-4  /D:2      /W-T1-1   /D:2      /W-T6-1   
/D:3      /W-T4-1   /D:2      /W-F0-1   /D:2      /W-T1-1   /D:1      /W-F1-1   /D:1      /W-T4-1   
/T3-T4-1  /R        /D:1      /W-T1-1   /T6-T1-2  /T6-F0-1  /T2-F0-1  /T5-T2-1  /T5-F3-1  /T6-T5-1  
/T6-F2-1  /T0-F2-1  /T0-F3-1  /T2-F2-1  /T0-F2-1  /T2-F1-1  /T6-F3-1  /T1-F2-1  /T5-T2-2  /T5-F0-1  
/T0-F1-1  /T6-F3-1  /T0-F2-1  /T1-F1-1  /T0-F1-1  /T1-F2-1  /T4-T0-2  /T4-F2-1  /D:1      /W-T3-1   
/T1-T3-1  /T1-F2-1  /D:1      /W-F1-1   /T4-F1-1  /T4-F0-1  /T0-F0-1  /T3-T1-2  /T3-F1-1  /D:1      
/W-F3-1   /T0-F3-1  /T1-F3-1  /D:3      /W-F1-1   /W-F1-1   /D:1      /W-F2-1   /W-F2-1   /T0-T2-4  
/T0-F2-1  /T0-F1-1  /D:1      /W-F0-1   /T2-F0-1  /T1-F0-1  /T2-F3-1  /T1-F3-1  /T2-F0-1  /T1-F0-1  
/T2-F3-1  /T1-F3-1  /T1-F2-1  /T2-F0-1  /T2-F3-1  /D:1      /W-F0-1   
"
1061753,K#ox#rPs#DJhb#wvINl#CTzZSe#LqgBHWA#cufVXypjnOaidQFkGmRMtEYU,124.000000,1549.000000,58.000000,0.500000,1,"
minimal: 0 / states: 138 / duration: 0.000128s
history:
/T6-F0-1 /T5-T2-1 /T6-T0-1 /T1-T4-1 /D:8     /W-T4-1  /D:1     /W-F2-1  /T1-F2-1 /W-F2-1  
/D:2     /W-F1-1  /T3-F1-1 /D:6     /W-T3-1  /T5-T3-1 /T5-T1-1 /T4-T5-3 /T4-F3-1 /T3-T4-3 
/T4-T0-4 /T4-T5-1 /D:5     /W-T0-1  /D:2     /W-T5-1  /R       /D:1     /W-F1-1  /D:3     
/W-T3-1  /T6-T3-1 /T6-F0-1 /T2-T6-2 /T6-T3-3 /T6-F2-1 /T6-T1-1 /T5-T6-6 /F2-T3-1 /T2-T3-1 
/D:1     /W-T1-1  /T3-T1-8 /T1-T3-1 /T1-F2-1 /T2-F2-1 /T3-T1-2 /D:2     /W-F3-1  /T1-F3-1 
/D:1     /W-T4-1  /D:1     /W-F1-1  /D:1     /W-F3-1  /D:1     /W-T5-1  /T1-T5-2 /T1-F2-1 
/D:2     /W-T2-1  /D:1     /W-F3-1  /D:1     /W-T3-1  /D:1     /W-F2-1  /D:1     /W-T3-1  
/T0-T3-7 /R       /D:1     /W-T4-1  /T5-T4-4 /T5-F0-1 /T4-F0-1 /T3-F0-1 /T3-F3-1 /T4-F1-1 
/T4-F0-1 /T4-F3-1 /T3-F0-1 /T6-F3-1 /T4-F2-1 /T6-F2-1 /T1-T4-2 /T1-F3-1 /T3-T6-2 /T3-F3-1 
/T4-T1-3 /T4-F2-1 /T6-T3-3 /T6-F2-1 /D:1     /W-F1-1  /T1-F1-1 /T1-F0-1 /T3-F1-1 /T1-F1-1 
/T3-F0-1 /T1-F0-1 /T1-F3-1 /T3-F1-1 /T3-F0-1 /T3-F3-1 /T1-F0-1 /T1-F3-1 /T3-F0-1 /D:1     
/W-F2-1  /D:1     /W-F1-1  /T6-F1-1 /T2-F1-1 /T6-F2-1 
"
1070064,D#lX#zNm#dtUv#qIEyg#KAFkuZ#bWnjOsL#TVwRhocfaiQMSHYxJrBePCGp,115.000000,1446.000000,53.000000,0.564103,1,"
minimal: 0 / states: 136 / duration: 0.000142s
history:
/T6-T2-1  /T6-T4-1  /T1-T2-1  /D:3      /W-T2-1   /W-T2-1   /D:1      /W-T4-1   /T0-T4-1  /T5-T0-1  
/T4-T5-4  /T5-T2-5  /T4-T0-1  /T5-T0-1  /D:1      /W-T3-1   /D:2      /W-T2-1   /W-T2-1   /D:2      
/W-F1-1   /D:2      /W-T4-1   /D:5      /W-T1-1   /D:1      /W-T0-1   /D:3      /W-T5-1   /D:2      
/W-T4-1   /T6-T4-1  /T3-T6-2  /T6-T1-3  /T6-F2-1  /T2-F2-1  /D:1      /W-T1-1   /D:1      /W-F2-1   
/R        /D:2      /W-T1-1   /T4-T1-4  /T3-T4-1  /T3-T4-1  /T4-T6-3  /T4-T5-1  /T2-T4-11 /T2-F3-1  
/T1-F3-1  /T5-F2-1  /T1-T2-10 /D:1      /W-T0-1   /D:1      /W-T1-1   /D:1      /W-T6-1   /D:1      
/W-T0-1   /W-T0-1   /T5-T0-2  /T5-F0-1  /T6-T5-5  /T6-F1-1  /T4-F1-1  /T3-F1-1  /T0-F1-1  /T2-T5-3  
/T2-F1-1  /D:1      /W-T1-1   /T5-T1-9  /D:1      /W-F2-1   /T4-T0-2  /T4-F2-1  /T4-F1-1  /T1-T2-4  
/T1-F2-1  /T4-F2-1  /T2-T1-5  /T2-F1-1  /T2-F2-1  /T0-T4-5  /T0-F1-1  /T2-F1-1  /T4-T0-6  /T4-F2-1  
/T2-F2-1  /T0-T4-7  /T0-F1-1  /T0-F2-1  /T2-F1-1  /T2-F2-1  /T4-T0-9  /T4-F1-1  /D:1      /W-F0-1   
/T1-F0-1  /T0-F0-1  /D:1      /W-F3-1   /T1-F3-1  /T0-F3-1  /T1-F0-1  /T0-F0-1  /T1-F3-1  /T0-F3-1  
/T1-F0-1  /T0-F0-1  /T1-F3-1  /T0-F3-1  /T1-F0-1  /T0-F0-1  /T1-F3-1  /T0-F3-1  /T1-F0-1  /T0-F0-1  
/T1-F3-1  /T0-F3-1  /T1-F0-1  
"
1070731,v#iD#dfx#GbZH#UMCgN#ptAuFX#sTSeonL#lPahYWjwyIErOmqzcRBQkKJV,103.000000,1405.000000,56.000000,0.552326,1,"
minimal: 0 / states: 126 / duration: 0.000131s
history:
/T4-F3-1 /T5-T6-1 /T5-T4-1 /T4-T3-2 /D:2     /W-T1-1  /D:1     /W-F1-1  /D:1     /W-T0-1  
/D:2     /W-T2-1  /T0-T2-2 /D:2     /W-T6-1  /D:5     /W-F3-1  /T1-F3-1 /D:1     /W-T0-1  
/T6-T0-3 /T6-F2-1 /T6-F2-1 /T6-T3-1 /T1-T3-1 /T3-T1-5 /T1-T0-6 /T3-T1-1 /T3-F1-1 /T6-T3-1 
/T6-T5-1 /W-T3-1  /T3-T2-3 /T6-T5-1 /D:2     /W-T3-1  /D:1     /W-F1-1  /D:1     /W-T5-1  
/W-T5-1  /D:2     /W-T2-1  /T4-T2-1 /T4-T6-1 /D:4     /R       /D:1     /W-T3-1  /T2-T3-9 
/D:1     /W-T6-1  /D:2     /W-T1-1  /D:2     /W-T2-1  /D:2     /W-T1-1  /D:1     /W-T6-1  
/D:1     /W-T1-1  /D:1     /W-T1-1  /T5-T1-5 /T5-F0-1 /W-F0-1  /T3-F0-1 /T0-F0-1 /T2-T5-2 
/T5-T4-3 /T5-F2-1 /T1-F2-1 /T2-F1-1 /T0-F1-1 /T3-F3-1 /T1-F3-1 /T3-F2-1 /T1-F2-1 /T4-F0-1 
/T0-F0-1 /T3-F3-1 /T1-F3-1 /T4-F1-1 /T0-F1-1 /T3-F0-1 /T0-F0-1 /T4-F2-1 /T1-F2-1 /T3-F1-1 
/T0-F1-1 /T4-F3-1 /T1-F3-1 /T3-F2-1 /T0-F2-1 /W-F0-1  /T1-F0-1 /T3-F3-1 /T0-F3-1 /W-F1-1  
/T1-F1-1 /T3-F2-1 /T1-F2-1 /T6-F0-1 /T0-F0-1 /T3-F1-1 /T0-F1-1 /T6-F3-1 /T1-F3-1 /T3-F2-1 
/T6-F0-1 
"
1070863,N#cg#XQd#Ypal#jAnCK#HWMkzq#VZbuixF#OwSGRhUBrmsoeyPLItTDvfEJ,39.000000,37.000000,50.000000,0.569307,0,"
minimal: 0 / states: 1115977 / duration: 3.767712s
history:
/T0-F3-1 /T4-T3-1 /T4-T2-1 /T4-F2-1 /T4-F0-1 /D:1     /W-F3-1  /D:4     /W-T6-1  /D:3     
/W-F0-1  /T2-F0-1 /D:4     /W-F2-1  /D:3     /W-F3-1  /T5-T6-1 /T3-T5-2 /T3-F1-1 /T3-F2-1 
/T6-F2-1 /T5-T0-3 /D:5     /W-F0-1  /D:1     /W-T4-1  /T6-T1-2 /T6-T3-1 /D:2     /W-F0-1  
/D:1     /W-T5-1  /T6-T5-1 /T1-T6-3 /T6-T5-4 /T6-F1-1 /T1-F1-1 /T2-F1-1 /T2-F3-1 /T5-F3-1 
/T5-F0-1 /R       /D:2     /W-F3-1  /D:1     /W-F0-1  /D:1     /W-T4-1  /D:2     /W-F2-1  
/D:2     /W-F2-1  /D:1     /W-F1-1  /D:1     /W-T6-1  /D:3     /W-F2-1  /D:1     /W-F3-1  
/D:1     /W-F1-1  /T5-F1-1 /T4-F1-1 /T5-F2-1 /T4-F2-1 /T5-F1-1 /T4-F1-1 /T5-T2-1 /T5-F1-1 
/T6-T1-2 /T5-T4-1 /R       /D:1     /W-F2-1  /T3-F2-1 /T1-F2-1 /D:1     /W-F3-1  /T6-F3-1 
/T5-F3-1 /T5-F0-1 /D:3     /W-F0-1  /T2-F0-1 /T0-F0-1 /T0-F1-1 /T2-F3-1 /T0-F2-1 /T3-F3-1 
/T1-F3-1 /R       /D:1     /W-F1-1  /D:1     /W-F0-1  /T4-F0-1 
"
1071435,g#zM#YJX#WxuH#mbpGZ#dSTOVR#IkiyAQq#evFEKwlftUBrsDCcoNjhPLna,125.500000,1281.000000,43.000000,0.590278,1,"
minimal: 0 / states: 120 / duration: 0.000131s
history:
/T6-T5-1  /T0-T3-1  /T4-T0-1  /D:3      /W-T3-1   /T5-T3-2  /T3-T5-5  /D:3      /W-T2-1   /T5-T2-6  
/D:1      /W-T1-1   /W-T1-1   /D:1      /W-T4-1   /W-T4-1   /T6-T4-1  /T6-F0-1  /T6-T0-1  /T2-T0-8  
/T3-T6-1  /T6-T2-2  /T2-T6-3  /T3-T2-1  /T3-T1-1  /T1-T3-4  /W-T3-1   /T2-T1-2  /D:2      /W-T3-1   
/T4-T3-4  /T5-T4-1  /T4-T3-2  /T5-T6-1  /D:1      /W-F0-1   /D:1      /W-T5-1   /D:1      /W-T6-1   
/D:2      /W-F0-1   /W-F0-1   /T3-T5-3  /T3-F0-1  /T0-T6-2  /T0-F0-1  /D:1      /W-T6-1   /D:1      
/W-T6-1   /D:1      /W-F3-1   /T5-F3-1  /T4-T5-1  /D:1      /W-T1-1   /D:2      /W-F3-1   /D:1      
/W-T4-1   /T6-T4-10 /W-T6-1   /W-T6-1   /T5-T6-5  /T6-T5-2  /T6-F3-1  /T5-T6-3  /T6-T1-8  /D:1      
/W-F2-1   /T4-F2-1  /D:1      /W-F1-1   /T1-F1-1  /T1-F2-1  /T4-F1-1  /T1-F1-1  /T4-F2-1  /T1-F2-1  
/T4-F3-1  /T1-F3-1  /W-F1-1   /T3-F1-1  /T3-F0-1  /T4-F2-1  /T0-F1-1  /T1-F2-1  /T1-F1-1  /T4-F3-1  
/T0-F0-1  /T3-F3-1  /T1-F0-1  /T4-F2-1  /T0-F3-1  /T3-F2-1  /T3-F3-1  /T4-F1-1  /T0-F2-1  /T1-F1-1  
/T1-F2-1  /T4-F0-1  /T0-F3-1  /T3-F0-1  /T1-F3-1  /T4-F1-1  /T0-F2-1  /T3-F1-1  /T1-F2-1  /T4-F0-1  
/T0-F3-1  /T3-F0-1  /T4-F1-1  
"
1071544,M#Tk#aIc#JpqE#bOtlZ#NQRoHh#XiUGAFY#ezLVWCjBmwxgDPKfvrnsSudy,152.000000,4656.000000,69.000000,0.464286,1,"
minimal: 0 / states: 141 / duration: 0.000156s
history:
/T6-T0-1 /D:1     /W-T6-1  /D:2     /W-T4-1  /T1-T4-1 /T6-T1-2 /T6-F0-1 /T6-T5-1 /D:5     
/W-F0-1  /D:2     /W-T4-1  /D:1     /W-T0-1  /D:2     /W-T1-1  /T2-T1-1 /T5-T2-2 /T1-T5-5 
/T4-T1-4 /D:2     /W-T4-1  /D:1     /W-T2-1  /T3-T2-1 /W-T3-1  /D:3     /W-F2-1  /D:4     
/W-T2-1  /D:1     /R       /D:2     /W-T1-1  /T5-T1-6 /T5-F2-1 /T3-T5-2 /T3-F2-1 /D:1     
/W-T0-1  /T2-T0-6 /T2-F1-1 /W-T2-1  /T4-T2-2 /T4-T6-1 /F2-T0-1 /T4-T0-1 /T4-F1-1 /T1-F1-1 
/D:1     /W-F0-1  /T1-F0-1 /D:1     /W-T2-1  /D:1     /W-T4-1  /D:2     /W-T2-1  /T6-T2-2 
/T6-T3-1 /T3-T6-2 /D:3     /W-T2-1  /D:1     /W-T6-1  /D:1     /W-T4-1  /T6-T4-4 /R       
/D:1     /W-T4-1  /D:1     /W-T2-1  /T0-T2-3 /T0-F0-1 /D:1     /W-T4-1  /T5-T4-3 /F0-T0-1 
/T5-T0-1 /T5-F3-1 /T2-F3-1 /T2-F2-1 /T2-F1-1 /T4-F3-1 /T0-F3-1 /T0-F0-1 /T4-F2-1 /T1-F1-1 
/T2-F2-1 /T0-F1-1 /T4-F3-1 /T1-F0-1 /T2-F3-1 /T0-F0-1 /T4-F2-1 /T1-F3-1 /T2-F2-1 /T2-F3-1 
/T4-F1-1 /T0-F1-1 /T1-F0-1 /T0-F0-1 /T4-F2-1 /T1-F3-1 /T2-F2-1 /T0-F3-1 /T4-F1-1 /T1-F2-1 
/T2-F1-1 /T0-F2-1 /T4-F0-1 /T1-F1-1 /T2-F0-1 /T2-F1-1 /T4-F3-1 /T0-F3-1 /T1-F0-1 /T0-F0-1 
/T4-F2-1 /T1-F3-1 /T2-F2-1 /T4-F1-1 
"
1080445,X#gy#nGJ#zveh#dkLlq#saZoFV#pTrUPDI#tYxjiNWwMHQCmbBcOKSfAEuR,70.500000,144.000000,59.000000,0.621622,0,"
minimal: 0 / states: 3549090 / duration: 11.865922s
history:
/T2-T0-1 /T3-T6-1 /T4-T3-1 /D:1     /W-T6-1  /D:2     /W-T4-1  /D:3     /W-F3-1  /D:1     
/W-T4-1  /D:3     /W-T5-1  /D:6     /W-T3-1  /D:1     /W-F3-1  /D:2     /W-T2-1  /D:1     
/W-T6-1  /D:1     /W-F0-1  /T5-T0-2 /D:1     /W-T2-1  /D:2     /W-T5-1  /R       /D:6     
/W-T2-1  /D:1     /W-T2-1  /D:3     /W-F0-1  /T2-F0-1 /T6-T4-4 /T6-F0-1 /T6-F3-1 /T2-F3-1 
/T2-F0-1 /T5-F3-1 /T2-F3-1 /T5-F0-1 /T2-F0-1 /T2-F2-1 /T5-F2-1 /T0-F0-1 /T5-T2-1 /T5-F1-1 
/T3-T5-3 /T6-T3-1 /T6-T4-1 /T6-F3-1 /T6-F2-1 /T3-F3-1 /T0-F3-1 /T4-T3-4 /T4-F0-1 /T0-F0-1 
/T4-F3-1 /T0-F3-1 /D:1     /W-F0-1  /D:1     /R       /D:1     /W-F3-1  /T2-F3-1 /D:1     
/W-T4-1  /T3-T4-5 /T4-T3-8 /T4-F0-1 /D:3     /W-F0-1  /D:1     /W-T0-1  /D:1     /W-F1-1  
/T5-F1-1 /T5-F2-1 /T3-F2-1 /T4-T1-1 /T4-F1-1 /T5-F1-1 /T3-F1-1 /T5-F2-1 /T3-F2-1 /T1-T0-2 
/T1-F1-1 /T3-F1-1 /D:1     /W-F2-1  /T3-F2-1 /R       /D:1     /W-F1-1  /T3-F1-1 /T0-F1-1 
/D:1     /W-F2-1  /T3-F2-1 /T0-F2-1 /T3-F1-1 /T0-F1-1 /T3-F2-1 
"
1080809,H#iV#wbt#MJCv#QyAUR#rOmNTS#PIYqFzc#xfnhZaBGgpjkDeduLlsWEXKo,134.000000,2780.000000,53.000000,0.590426,1,"
minimal: 0 / states: 122 / duration: 0.000141s
history:
/T5-T2-1 /T5-T0-1 /T5-F3-1 /T0-T1-2 /T5-T0-1 /T5-F3-1 /T5-T2-1 /D:3     /W-F2-1  /D:1     
/W-T3-1  /T2-T3-3 /D:1     /W-T5-1  /D:1     /W-F1-1  /T2-F1-1 /T6-F1-1 /T1-T2-3 /D:7     
/W-T4-1  /D:2     /W-F1-1  /W-F1-1  /D:1     /W-T1-1  /D:1     /W-T0-1  /W-T0-1  /T2-T0-4 
/T6-T2-1 /T4-T6-2 /T6-T0-3 /D:1     /W-T2-1  /D:5     /W-T2-1  /D:1     /W-F2-1  /R       
/D:2     /W-F1-1  /D:2     /W-T4-1  /D:1     /W-F1-1  /D:1     /W-F2-1  /T6-F2-1 /T3-F2-1 
/D:1     /W-T2-1  /T3-T2-4 /D:1     /W-F2-1  /T2-T4-1 /T2-F2-1 /T1-F2-1 /T2-F1-1 /T4-T2-3 
/T4-F0-1 /W-F0-1  /T3-F0-1 /T4-T5-1 /T0-F0-1 /T1-F1-1 /W-T6-1  /D:1     /W-T6-1  /T2-T6-4 
/T2-F1-1 /D:1     /W-F0-1  /D:1     /W-T5-1  /T3-T5-1 /T6-T3-7 /F1-T2-1 /T6-T2-1 /T6-F3-1 
/T4-F3-1 /T0-F3-1 /T0-F0-1 /T3-F3-1 /T0-F3-1 /T3-F0-1 /T0-F0-1 /T3-F3-1 /T0-F3-1 /T2-F0-1 
/T3-F2-1 /T0-F2-1 /T2-F1-1 /T3-F3-1 /T3-F2-1 /T5-F0-1 /T0-F1-1 /T2-F0-1 /T2-F1-1 /T5-F3-1 
/T0-F0-1 /T3-F3-1 /T3-F0-1 /T5-F2-1 /T0-F1-1 /T2-F2-1 /T5-F3-1 
"
1080821,Z#bV#kuX#GTHp#sUKlo#YavWLn#iPAqIyh#rBgzQetEMxSfFdOJNwRDCjmc,77.500000,901.000000,37.000000,0.741667,1,"
minimal: 0 / states: 121 / duration: 0.000125s
history:
/T5-F2-1 /T4-F2-1 /T3-F2-1 /T5-T0-1 /T2-T0-1 /T3-T1-1 /T3-T1-1 /T3-T6-1 /D:3     /W-T2-1  
/D:1     /W-T3-1  /T4-T3-1 /T5-T4-1 /T6-T5-2 /T4-T3-2 /T5-T3-3 /T5-F1-1 /D:3     /W-T4-1  
/D:3     /W-T5-1  /D:1     /W-T3-1  /D:1     /W-T4-1  /D:1     /W-T1-1  /D:3     /W-T0-1  
/T1-T0-4 /T1-F1-1 /D:1     /W-F3-1  /W-F3-1  /D:2     /W-T0-1  /D:1     /W-T0-1  /D:2     
/W-T5-1  /D:1     /W-T1-1  /T6-T1-1 /T6-T5-1 /T6-F2-1 /T6-F0-1 /T6-F3-1 /T2-T6-2 /T4-T5-3 
/T2-T1-1 /T4-T6-1 /D:1     /W-F1-1  /R       /D:1     /W-F2-1  /T6-F2-1 /D:1     /W-F0-1  
/D:1     /W-F3-1  /D:2     /W-T3-1  /D:1     /W-T2-1  /T5-T2-7 /D:1     /W-F1-1  /W-F1-1  
/T2-F1-1 /T2-F2-1 /T6-F1-1 /T6-F2-1 /T3-T2-3 /T3-F1-1 /T3-F2-1 /T6-F1-1 /T2-T3-5 /T2-F1-1 
/T1-F1-1 /D:1     /W-F2-1  /T2-F2-1 /T1-F2-1 /T3-T2-7 /T3-F1-1 /T1-F1-1 /T3-F2-1 /D:1     
/W-F0-1  /T0-F0-1 /T0-F3-1 /T2-F0-1 /T0-F0-1 /T2-F3-1 /T0-F3-1 /T2-F0-1 /T0-F0-1 /T2-F3-1 
/T0-F3-1 /T2-F0-1 /T0-F0-1 /T2-F3-1 /T0-F3-1 /T2-F0-1 /T0-F0-1 /T2-F3-1 /T0-F3-1 /T2-F0-1 
"
1081264,H#dX#sgz#OjRn#uFGyA#QJCLar#bDNETZP#hkwYocKBiWpMVflqeUIvtSmx,133.000000,3295.000000,63.000000,0.500000,1,"
minimal: 0 / states: 135 / duration: 0.000154s
history:
/T3-F2-1  /T4-F0-1  /T1-T4-1  /T1-T5-1  /T2-T1-1  /T2-T0-1  /T3-T2-1  /T2-T0-2  /D:3      /W-T4-1   
/D:1      /W-T1-1   /D:1      /W-F2-1   /D:2      /W-T1-1   /T3-T1-1  /D:1      /W-F0-1   /D:1      
/W-T4-1   /T0-T4-4  /D:2      /W-F2-1   /D:1      /W-T0-1   /D:3      /W-T0-1   /D:1      /W-T4-1   
/T6-T4-1  /T6-T2-1  /T4-T2-10 /W-T4-1   /T5-T4-2  /T5-F1-1  /D:3      /W-T1-1   /W-T1-1   /T4-T1-4  
/T4-T6-1  /T6-T4-2  /W-T4-1   /D:5      /W-T0-1   /R        /D:2      /W-T5-1   /D:2      /W-T0-1   
/D:2      /W-T0-1   /D:3      /R        /D:1      /W-T0-1   /D:3      /W-T0-1   /D:1      /W-T0-1   
/T6-T0-1  /T6-F3-1  /T3-F3-1  /T2-F3-1  /T6-T4-1  /T6-F1-1  /T2-F2-1  /T1-T0-1  /T1-F2-1  /D:1      
/W-T3-1   /T5-T3-2  /T5-F0-1  /T5-T3-1  /T5-F3-1  /T2-F3-1  /T2-F2-1  /T4-F0-1  /T0-T1-2  /T0-F3-1  
/T0-F2-1  /T4-T2-2  /T4-F3-1  /T4-F2-1  /T1-T0-4  /T1-F3-1  /W-F3-1   /W-F1-1   /T0-F1-1  /T0-F0-1  
/T2-F1-1  /T0-F1-1  /T2-F0-1  /T0-F0-1  /T2-F1-1  /T0-F1-1  /T0-F2-1  /T2-F0-1  /T1-F0-1  /T0-F3-1  
/T2-F1-1  /T1-F1-1  /T2-F2-1  /T0-F2-1  /T3-F0-1  /T1-F0-1  /T2-F3-1  /T1-F3-1  /T3-F1-1  /T0-F1-1  
/T2-F2-1  /T1-F2-1  /T3-F0-1  /T0-F0-1  /T2-F3-1  /T3-F1-1  
"
1081645,B#kX#iWt#Fvml#uweLN#pcYrqI#dTZUgKz#MJbOGVoRQPHCyDaEhsnfSxAj,113.000000,2628.000000,48.000000,0.574468,1,"
minimal: 0 / states: 118 / duration: 0.000150s
history:
/T4-F3-1 /T3-T6-1 /T4-T3-1 /T1-T3-1 /D:2     /W-T1-1  /D:2     /W-F3-1  /D:2     /W-T1-1  
/D:4     /W-F3-1  /W-F3-1  /W-F3-1  /D:1     /W-T1-1  /D:3     /W-T4-1  /D:1     /W-F1-1  
/D:2     /W-T5-1  /T2-T5-1 /T5-T2-3 /D:2     /W-F2-1  /D:1     /W-T2-1  /D:1     /W-F3-1  
/D:1     /W-T6-1  /T2-T6-5 /D:1     /W-F0-1  /T0-F0-1 /T6-T0-8 /D:1     /W-T6-1  /R       
/D:2     /W-F1-1  /D:2     /W-F2-1  /D:1     /W-F0-1  /T4-F0-1 /T5-T4-1 /T5-T0-1 /T6-T5-2 
/T6-T1-1 /W-T6-1  /D:2     /W-F0-1  /D:1     /W-T1-1  /T4-T1-2 /T4-T3-1 /T2-T3-1 /T3-T2-5 
/T6-T3-2 /T3-T5-3 /T4-T2-1 /T6-T4-1 /T6-F3-1 /T3-F0-1 /T5-F0-1 /T5-F3-1 /T1-T2-4 /T1-F0-1 
/T1-F3-1 /T0-T5-4 /T0-F0-1 /T0-F3-1 /T1-F0-1 /T5-T0-6 /T5-F0-1 /T2-T1-7 /T2-F3-1 /T5-F3-1 
/T5-F1-1 /T5-F2-1 /T1-F2-1 /T6-F1-1 /T0-F2-1 /T1-F1-1 /T0-F1-1 /T1-F2-1 /T0-F2-1 /T1-F1-1 
/T0-F1-1 /T1-F2-1 /T0-F2-1 /T1-F1-1 /T0-F1-1 /T1-F2-1 /T0-F2-1 /T1-F1-1 /T0-F1-1 /T2-F0-1 
/W-F2-1  /T0-F2-1 /T2-F1-1 /T4-F3-1 /W-F0-1  
"
1090471,i#XG#YtA#jFMU#gElSZ#mJTsbq#RczQCLx#VPIWOKfrDpHyhwauBdkNvnoe,87.000000,608.000000,46.000000,0.612360,0,"
minimal: 0 / states: 510698 / duration: 2.245235s
history:
/T2-F0-1 /T2-T3-1 /T6-T2-1 /T6-T4-1 /D:2     /W-T5-1  /D:2     /W-T2-1  /D:1     /W-T6-1  
/D:2     /W-T3-1  /D:1     /W-T3-1  /D:7     /W-F1-1  /D:2     /W-F0-1  /D:3     /W-F3-1  
/T6-F3-1 /T5-F3-1 /T6-F0-1 /T6-F3-1 /D:2     /W-F2-1  /D:1     /W-F2-1  /D:1     /R       
/D:2     /W-T2-1  /D:2     /W-F0-1  /D:1     /W-F2-1  /T5-F2-1 /T5-F1-1 /T3-F2-1 /T5-F2-1 
/T2-T6-4 /T6-T2-5 /T6-F1-1 /T6-F3-1 /T4-T6-2 /T4-F3-1 /T5-F3-1 /T3-T1-1 /T3-F2-1 /T3-F3-1 
/T4-T3-1 /T4-F0-1 /D:1     /W-T0-1  /D:4     /W-F2-1  /D:1     /W-F1-1  /D:2     /W-F2-1  
/D:1     /W-F1-1  /T1-F1-1 /T4-F1-1 /T3-T4-2 /T3-F0-1 /T1-F0-1 /T0-F0-1 /T2-F0-1 /T5-F0-1 
/R       /D:1     /W-F3-1  /T2-F3-1 /T1-F3-1 /D:1     /W-F0-1  /T6-F0-1 /D:1     /W-T5-1  
/D:1     /W-F1-1  /T0-F1-1 /T3-F1-1 /D:1     /W-F2-1  /T2-F2-1 /T2-F3-1 /T5-F2-1 /T2-F2-1 
/T6-F3-1 /D:1     /W-F1-1  /T4-F1-1 /T4-F0-1 /T5-F1-1 
"
1090488,o#GL#VMk#pTaF#xeRli#SdqnBH#YzUJyEK#ImvgjcXNufrtAWhwsCPbZQOD,147.000000,3655.000000,45.000000,0.633721,1,"
minimal: 0 / states: 119 / duration: 0.000169s
history:
/T5-T4-1 /T2-T1-1 /D:4     /W-T4-1  /T3-T4-1 /T3-F1-1 /D:1     /W-T6-1  /W-T6-1  /D:3     
/W-F3-1  /D:5     /W-F0-1  /T5-F0-1 /T5-F2-1 /T0-F2-1 /T2-T0-1 /D:2     /W-T6-1  /D:1     
/W-T1-1  /T4-T1-4 /T6-T4-4 /T4-T0-5 /T4-T1-1 /T5-T1-1 /T5-T6-1 /T6-T5-2 /D:1     /W-T3-1  
/T4-T3-1 /W-T4-1  /W-T0-1  /T5-T0-3 /D:1     /W-F0-1  /D:1     /W-T1-1  /D:1     /W-F1-1  
/D:1     /W-T5-1  /T6-T5-1 /T2-T6-1 /D:2     /W-F3-1  /T1-F3-1 /W-F3-1  /T1-T3-1 /T1-F3-1 
/D:1     /W-F0-1  /R       /D:1     /W-T4-1  /D:1     /W-T2-1  /T1-T2-7 /D:1     /W-F1-1  
/T0-F1-1 /T0-F0-1 /T0-F3-1 /T2-F0-1 /T3-T2-3 /T3-F3-1 /T3-F2-1 /T2-F2-1 /T2-F1-1 /T1-F0-1 
/D:1     /W-T5-1  /T6-T5-2 /T6-F3-1 /T6-T1-1 /T5-F3-1 /T4-T6-3 /T6-T1-4 /D:2     /W-F1-1  
/D:1     /W-F2-1  /T2-F2-1 /T0-F2-1 /T2-F1-1 /T0-F1-1 /T2-F0-1 /T1-F0-1 /W-F2-1  /T0-F2-1 
/T1-F3-1 /T2-F1-1 /T0-F1-1 /T2-F2-1 /T1-F2-1 /T5-F0-1 /T0-F0-1 /T2-F1-1 /T0-F1-1 /T5-F3-1 
/T1-F3-1 /T2-F0-1 /T0-F0-1 /T5-F2-1 /T1-F2-1 /T2-F1-1 /T5-F3-1 
"
1100408,U#ed#qrN#pSLD#owAgJ#QOcEnW#RYaubzs#yGtijTlVfMKPvkmxIhHZBXFC,137.500000,2863.000000,69.000000,0.505000,1,"
minimal: 0 / states: 133 / duration: 0.000143s
history:
/T2-F3-1 /T1-T2-1 /T3-T1-1 /T1-T6-2 /D:2     /W-T0-1  /D:2     /W-T4-1  /D:5     /W-T0-1  
/T2-T0-2 /D:1     /W-T1-1  /D:2     /W-T2-1  /D:1     /W-T5-1  /T0-T5-5 /D:1     /W-T3-1  
/T4-T3-2 /T6-T4-3 /T6-T0-1 /D:5     /W-T3-1  /T4-T3-4 /T4-F0-1 /D:2     /W-F0-1  /D:3     
/W-T5-1  /T6-T5-1 /R       /D:4     /W-T6-1  /D:1     /W-T0-1  /D:1     /W-T4-1  /T6-T4-2 
/T6-F1-1 /T5-F1-1 /T6-T1-1 /T5-F0-1 /T3-F0-1 /T2-T3-2 /D:1     /W-T0-1  /T5-T0-7 /T5-F2-1 
/T5-F0-1 /T5-F1-1 /T5-F3-1 /T0-F1-1 /T3-F3-1 /T5-F3-1 /T6-F3-1 /D:1     /W-T2-1  /T3-T2-9 
/T3-F3-1 /T4-F3-1 /D:1     /W-T1-1  /W-T1-1  /D:1     /W-T1-1  /D:1     /W-T1-1  /T0-T1-3 
/T0-F3-1 /D:1     /W-T5-1  /D:2     /W-F0-1  /R       /D:1     /W-T5-1  /D:2     /W-T5-1  
/T4-T5-3 /T4-F2-1 /T3-F2-1 /T2-F2-1 /T1-F2-1 /T2-F1-1 /T1-F1-1 /T1-F0-1 /T2-F2-1 /T2-F1-1 
/T2-F0-1 /W-F2-1  /T1-F1-1 /T1-F0-1 /T5-F2-1 /T0-F2-1 /T2-F1-1 /T1-F1-1 /T5-F3-1 /T0-F3-1 
/T2-F0-1 /T0-F0-1 /T5-F2-1 /T1-F2-1 /T2-F1-1 /T0-F1-1 /T5-F3-1 /T1-F3-1 /T2-F0-1 /T1-F0-1 
/T5-F2-1 /T0-F2-1 /T2-F1-1 /T5-F3-1 
"
