id,seed,forcedness,compression_score,stagnation,efficiency,auto_move_flag,result
1010013,Y#QA#ilS#kMTU#RPjEo#mLyWnN#ZgusCeh#ctDIXpdBbJwqfaHxKVzOrFGv,160.500000,2042.000000,52.000000,0.615385,1,"
minimal: 0 / states: 121 / duration: 0.000128s
history:
/T1-F0-1 /T5-F3-1 /T5-F2-1 /T4-F2-1 /T4-T2-1 /T1-T2-1 /D:2     /W-T3-1  /T2-T3-3 /D:2     
/W-T4-1  /T6-T4-1 /W-T6-1  /W-T6-1  /D:2     /W-F2-1  /D:2     /W-F0-1  /D:4     /W-F2-1  
/D:2     /W-F1-1  /D:2     /W-T0-1  /T5-T0-1 /D:1     /W-T2-1  /T4-T2-3 /D:2     /W-T1-1  
/T2-T1-5 /D:1     /W-F3-1  /T4-F3-1 /T3-F3-1 /T4-F3-1 /D:1     /W-F2-1  /D:2     /W-T1-1  
/D:1     /W-T0-1  /T3-T0-4 /W-T3-1  /T6-T3-3 /T6-F0-1 /T6-F2-1 /T3-T6-5 /T6-T2-6 /T3-T4-1 
/T0-T1-2 /T0-F2-1 /T0-T4-5 /T3-T5-1 /R       /D:2     /W-T1-1  /D:1     /W-F1-1  /T2-F1-1 
/T1-F1-1 /T2-F0-1 /T1-F0-1 /T1-F3-1 /T2-F1-1 /T2-F0-1 /T2-F3-1 /T6-T2-1 /T5-T6-2 /T1-F0-1 
/T4-F3-1 /W-T5-1  /D:1     /W-T5-1  /T2-T5-3 /D:1     /W-T6-1  /D:1     /W-F1-1  /T5-F1-1 
/T1-F1-1 /T5-F2-1 /T4-F2-1 /T5-F1-1 /T6-F2-1 /T1-T4-1 /T1-F1-1 /T6-F1-1 /T4-T1-2 /T4-F2-1 
/T6-F2-1 /T5-T6-3 /T1-T4-3 /T1-F1-1 /T1-F2-1 /T5-F1-1 /D:1     /W-F0-1  /T4-F0-1 /T6-F0-1 
/D:1     /W-F3-1  /T4-F3-1 /T4-F0-1 /T6-F3-1 /T4-F3-1 /T6-F0-1 /T4-F0-1 /T6-F3-1 
"
1010014,A#JC#lOT#tvFW#zYDka#msfIcb#rPdUBnw#hoSHLiZNQqxVGuyMXEjegpRK,103.000000,1131.000000,37.000000,0.720588,1,"
minimal: 0 / states: 116 / duration: 0.000116s
history:
/T0-F0-1 /T4-F1-1 /T5-F1-1 /T5-F1-1 /T6-T4-1 /T6-F2-1 /T6-F0-1 /T1-F0-1 /T5-T3-1 /T6-T3-1 
/T6-F1-1 /D:2     /W-F2-1  /D:4     /W-T1-1  /D:1     /W-T0-1  /W-T0-1  /T4-T0-2 /T4-F0-1 
/W-T1-1  /T2-T1-1 /D:1     /W-F3-1  /T2-F3-1 /T6-F3-1 /T6-T5-1 /D:1     /W-F3-1  /D:2     
/W-T2-1  /T3-T2-3 /T3-T1-1 /D:1     /W-T0-1  /D:1     /W-T2-1  /T5-T2-2 /D:1     /W-T0-1  
/D:2     /W-T6-1  /T4-T6-1 /T2-T4-8 /D:2     /W-F0-1  /T1-F0-1 /T5-T1-1 /D:2     /W-F1-1  
/D:1     /W-T0-1  /D:1     /W-F2-1  /D:1     /W-F3-1  /D:1     /W-T6-1  /W-T6-1  /T3-T6-1 
/T4-T3-2 /T4-F0-1 /T3-T4-3 /R       /D:1     /W-T6-1  /D:1     /W-F3-1  /T1-T0-1 /T1-F3-1 
/T1-F0-1 /T4-T6-3 /T4-F3-1 /T4-F0-1 /T0-T1-3 /T0-F3-1 /T4-F3-1 /T1-T0-4 /T1-F0-1 /T6-T4-6 
/T6-F0-1 /D:1     /W-F2-1  /T4-F2-1 /T0-F2-1 /T4-F1-1 /T0-F1-1 /T4-F2-1 /T0-F2-1 /T4-F1-1 
/T0-F1-1 /T4-F2-1 /T0-F2-1 /T4-F1-1 /T0-F1-1 /T4-F2-1 /T4-F1-1 /T0-F0-1 /T5-F1-1 /T6-T4-1 
/T6-F0-1 /D:1     /W-F2-1  /D:1     /W-F3-1  /T4-F3-1 /T0-F3-1 /T4-F2-1 
"
1010016,R#rF#thm#UDfl#gPOyI#pqWcTV#eQEGJzN#bLYdXaksBnwuCKZijxAoMvHS,93.000000,1770.000000,35.000000,0.691667,1,"
minimal: 0 / states: 128 / duration: 0.000118s
history:
/T6-F3-1 /T3-T6-1 /T0-T1-1 /T6-T0-2 /T5-T6-1 /T1-T5-2 /T1-T3-1 /T2-T1-1 /T2-T4-1 /T3-T2-2 
/T3-T5-1 /T2-T3-3 /D:2     /W-T1-1  /D:2     /W-T3-1  /D:1     /W-T1-1  /T6-T1-2 /T6-T4-1 
/D:1     /W-F1-1  /D:4     /W-F2-1  /D:2     /W-T1-1  /T5-T1-4 /T5-T1-1 /T4-T5-3 /D:1     
/W-T3-1  /D:1     /W-T0-1  /T5-T0-4 /D:1     /W-T2-1  /T4-T2-1 /T4-F3-1 /T4-F3-1 /D:4     
/W-F0-1  /D:1     /W-F2-1  /D:4     /W-T0-1  /T6-T0-1 /T6-F3-1 /T5-T6-1 /T5-F2-1 /T6-F2-1 
/T1-T6-2 /T1-F3-1 /T3-T0-2 /T3-F2-1 /T0-T3-3 /T0-F3-1 /T1-T4-1 /T1-F3-1 /T4-T1-2 /T6-T1-3 
/R       /D:1     /W-F1-1  /T1-F1-1 /D:2     /W-T2-1  /D:1     /W-F2-1  /T3-T0-4 /T3-F2-1 
/T3-F3-1 /D:1     /W-F0-1  /T0-F0-1 /T0-F1-1 /T1-F0-1 /T0-F0-1 /T1-F1-1 /T0-F1-1 /T1-F0-1 
/T0-F0-1 /T1-F1-1 /T0-F1-1 /T1-F2-1 /T1-F3-1 /D:1     /W-T2-1  /D:1     /W-F1-1  /D:1     
/W-F1-1  /D:2     /W-T3-1  /D:1     /W-F2-1  /T2-F2-1 /T2-F1-1 /W-F2-1  /T2-F2-1 /T0-T3-4 
/T0-F2-1 /D:1     /W-F0-1  /T3-F0-1 /T1-F0-1 /T3-F3-1 /T1-F3-1 /T3-F0-1 /T1-F0-1 /T3-F1-1 
/T1-F1-1 /W-F3-1  /T2-F3-1 /T3-F0-1 
"
1010017,g#xH#jne#LOID#BSAMU#ysEdlr#fqpizot#XwYamvTCWuGNFPbhZVQKRJkc,99.500000,1028.000000,31.000000,0.734375,1,"
minimal: 0 / states: 119 / duration: 0.000108s
history:
/T6-T4-1 /T3-T2-1 /T4-T3-2 /T0-T1-1 /T4-T0-1 /T4-F0-1 /T5-T4-1 /T5-T0-1 /T5-T4-1 /T4-T3-3 
/T4-F0-1 /D:4     /W-F1-1  /D:1     /W-T4-1  /D:3     /W-F0-1  /T2-F0-1 /T5-F0-1 /T2-T5-1 
/T2-F2-1 /T6-F2-1 /T3-T2-6 /T5-T1-2 /T5-T4-1 /T6-T5-1 /T1-T6-4 /T1-T0-1 /T2-T0-7 /D:4     
/W-F3-1  /T3-F3-1 /D:1     /W-F0-1  /W-F0-1  /D:1     /W-F3-1  /D:1     /W-F1-1  /D:2     
/W-T1-1  /T3-T1-1 /D:2     /W-F3-1  /D:2     /W-F3-1  /D:2     /W-T1-1  /W-T1-1  /T6-T1-5 
/T6-F2-1 /T6-F2-1 /T0-T6-2 /T0-F3-1 /T6-T0-3 /D:1     /W-F1-1  /T0-F1-1 /T0-F2-1 /T1-F1-1 
/T0-F1-1 /T1-F2-1 /T0-F2-1 /T1-F1-1 /T1-F0-1 /R       /D:1     /W-T4-1  /D:1     /W-T4-1  
/D:1     /W-T5-1  /D:2     /W-F3-1  /T0-F3-1 /T0-F0-1 /T1-T4-1 /T1-F0-1 /W-T0-1  /D:2     
/W-F2-1  /T0-F2-1 /D:1     /W-F1-1  /T4-F1-1 /T0-F1-1 /T1-F1-1 /T4-F2-1 /T0-F2-1 /T0-F1-1 
/T4-T1-1 /T4-F2-1 /T4-F1-1 /T5-T0-1 /T5-F2-1 /D:1     /W-F3-1  /W-F3-1  /T1-F3-1 /T0-F3-1 
/D:1     /W-F0-1  /T1-F0-1 /T0-F0-1 /T1-F3-1 
"
1010042,x#jA#SWX#qHRZ#JGryB#sgLQNd#maioptY#TFlKvzkIUfwDhOCneVEPuMbc,74.500000,794.000000,29.000000,0.816667,1,"
minimal: 0 / states: 119 / duration: 0.000122s
history:
/T1-F0-1 /T4-F0-1 /T4-T3-1 /T5-T4-1 /T5-F3-1 /T2-T3-1 /T2-T0-1 /T4-T2-2 /T0-T6-2 /T3-T0-3 
/T2-T4-3 /D:5     /W-T1-1  /D:1     /W-T2-1  /T6-T2-3 /D:2     /W-T2-1  /D:1     /W-T1-1  
/T6-T1-1 /T6-T4-1 /D:1     /W-T1-1  /D:1     /W-T0-1  /D:1     /W-T3-1  /D:1     /W-T2-1  
/T4-T2-5 /D:1     /W-F3-1  /D:1     /W-F0-1  /T3-F0-1 /D:1     /W-F2-1  /T6-F2-1 /T6-T0-1 
/T6-F1-1 /T2-F2-1 /D:2     /W-T4-1  /D:1     /W-T1-1  /T5-T1-1 /T5-T6-1 /D:1     /W-F3-1  
/T1-F3-1 /T3-F3-1 /T3-T0-1 /T5-T0-1 /T1-F0-1 /T3-F2-1 /T2-T1-2 /T2-F3-1 /W-T5-1  /W-T6-1  
/T4-T6-2 /T5-T0-2 /D:1     /W-T6-1  /D:1     /W-T3-1  /D:1     /W-F1-1  /D:1     /W-F1-1  
/T1-F1-1 /T0-F1-1 /T1-F2-1 /T0-F2-1 /T1-F1-1 /T1-F2-1 /T0-F1-1 /T6-F2-1 /T2-T1-1 /T2-F1-1 
/T0-T6-1 /T0-F1-1 /T1-T2-2 /T1-F2-1 /T0-F2-1 /T1-F1-1 /T6-T0-3 /T6-F1-1 /R       /D:1     
/W-F3-1  /D:1     /W-F0-1  /T2-F0-1 /T0-F0-1 /T2-F3-1 /T0-F3-1 /T2-F0-1 /T0-F0-1 /T2-F3-1 
/T0-F3-1 /T2-F2-1 /T0-F2-1 /T2-F3-1 /T0-F3-1 /T2-F2-1 /D:1     /W-F1-1  /D:1     /W-F0-1  
/T6-F0-1 /T3-F0-1 /T6-F1-1 
"
1010053,f#Md#Jow#SnIB#kTipb#UlDCqu#WtmRzAa#EhXyvPLgFjZrGKONYHQVxcse,87.000000,939.000000,40.000000,0.671875,1,"
minimal: 0 / states: 132 / duration: 0.000129s
history:
/T6-F1-1  /T4-F1-1  /T6-F0-1  /T3-F0-1  /T4-T1-1  /T5-T4-1  /T4-T2-2  /T4-T2-1  /T2-T4-4  /D:1      
/W-T0-1   /T1-T0-2  /D:1      /W-T3-1   /D:4      /W-T5-1   /T2-T5-1  /D:3      /W-T4-1   /D:4      
/W-T3-1   /T0-T3-4  /T6-T0-1  /T5-T6-3  /T5-F0-1  /T5-F0-1  /T6-T4-4  /T5-T0-1  /D:1      /W-T0-1   
/D:1      /W-T3-1   /D:1      /W-F3-1   /T3-F3-1  /D:1      /W-T1-1   /D:3      /W-T2-1   /D:1      
/W-T1-1   /D:1      /W-F1-1   /D:2      /R        /D:2      /W-T6-1   /T4-T6-10 /T6-T4-12 /T6-T5-1  
/T3-T6-7  /T3-F2-1  /T4-F2-1  /T4-F3-1  /T6-F2-1  /T4-F2-1  /T6-F1-1  /T6-F0-1  /T3-T5-1  /T6-T0-5  
/D:4      /W-T1-1   /D:1      /W-T3-1   /D:1      /W-F2-1   /D:1      /W-T2-1   /W-T2-1   /W-T3-1   
/W-T1-1   /W-T3-1   /T2-T3-4  /T5-T1-3  /D:1      /W-F3-1   /T4-F3-1  /T1-F3-1  /T4-F0-1  /T4-F3-1  
/T0-T1-1  /T0-F0-1  /T1-T0-2  /T1-F3-1  /T3-T4-1  /T3-F0-1  /T3-F3-1  /T0-T1-3  /T0-F0-1  /T0-F3-1  
/T3-F0-1  /T0-F0-1  /T3-F3-1  /T3-F0-1  /T1-T0-6  /T1-F3-1  /T1-F0-1  /T3-F3-1  /D:1      /W-F2-1   
/D:1      /W-F1-1   /T0-F1-1  /T0-F2-1  /T4-F1-1  /T0-F1-1  /T4-F2-1  /T0-F2-1  /T4-F1-1  /T0-F1-1  
/T4-F2-1  /T0-F2-1  /T4-F1-1  /T0-F1-1  /T4-F2-1  /T0-F2-1  /T4-F1-1  
"
1010066,o#KF#WCL#gJzw#XbvaZ#USfmhi#MAdOrkq#jYpxVDBTNPtHueIyElnRQscG,102.000000,1056.000000,42.000000,0.606667,1,"
minimal: 0 / states: 131 / duration: 0.000128s
history:
/T5-T3-1  /T2-T4-1  /D:9      /W-F3-1   /D:1      /W-T6-1   /T0-T6-1  /T4-T0-2  /T4-F1-1  /T5-T4-1  
/D:1      /W-T4-1   /D:1      /W-T3-1   /W-T3-1   /T1-T3-1  /D:2      /W-T3-1   /T6-T3-3  /T6-T0-1  
/T3-T0-9  /D:2      /W-T5-1   /D:2      /W-T3-1   /T1-T3-1  /T5-T1-2  /T6-T5-1  /T6-F3-1  /T5-T4-2  
/T6-T4-1  /T6-F0-1  /T2-T4-1  /T4-T2-7  /T4-F1-1  /T2-T3-8  /T3-T2-11 /T3-T4-1  /W-T5-1   /T4-T1-2  
/D:1      /W-F2-1   /T0-F2-1  /T0-F3-1  /D:2      /W-F3-1   /W-F3-1   /D:1      /W-T3-1   /D:1      
/W-F1-1   /D:1      /R        /D:2      /W-T6-1   /D:1      /W-F2-1   /T0-F2-1  /T2-T5-2  /T2-F2-1  
/T5-T2-3  /T5-F3-1  /T3-F2-1  /T0-T3-2  /T0-F3-1  /T5-F3-1  /T3-T0-3  /D:1      /W-T6-1   /W-T6-1   
/D:1      /W-F3-1   /T2-T6-7  /T2-F3-1  /D:1      /W-T0-1   /D:1      /W-F0-1   /T6-F0-1  /T0-F0-1  
/T6-F1-1  /T0-F1-1  /T6-F0-1  /T0-F0-1  /T6-F1-1  /T0-F1-1  /T6-F2-1  /T6-F1-1  /D:1      /W-F2-1   
/T6-F2-1  /T0-T1-2  /T0-F2-1  /T1-T0-3  /T1-F3-1  /T6-T2-1  /T6-F2-1  /T1-F2-1  /T6-F3-1  /T0-T1-5  
/T0-F3-1  /T2-T6-3  /T2-F2-1  /D:1      /W-T6-1   /D:1      /W-F0-1   /T1-F0-1  /T1-F1-1  /T6-F0-1  
/T1-F0-1  /T6-F1-1  /T1-F1-1  /T6-F0-1  /T1-F0-1  /T6-F1-1  /T1-F1-1  /T6-F0-1  
"
1010068,N#Ll#Vjc#CxUa#vqepF#EgdKYP#ZuStmMb#GHoRDTzAkniyXOJrhfBQwIWs,111.000000,1285.000000,41.000000,0.670886,1,"
minimal: 0 / states: 122 / duration: 0.000119s
history:
/T0-F3-1 /T3-F1-1 /T6-F1-1 /T2-F1-1 /T6-T0-1 /T1-T0-1 /T1-T6-1 /T6-T1-2 /T6-T3-1 /T6-T3-1 
/D:3     /W-T5-1  /D:1     /W-T4-1  /D:1     /W-T4-1  /T5-T4-2 /D:1     /W-T6-1  /T4-T6-5 
/D:2     /W-F0-1  /D:1     /W-T1-1  /D:1     /W-F2-1  /T6-F2-1 /T4-F2-1 /D:4     /W-F3-1  
/T6-F3-1 /D:1     /W-T1-1  /D:1     /W-T3-1  /D:3     /W-F0-1  /D:1     /W-F3-1  /T6-T4-1 
/T6-F3-1 /T4-T6-2 /T4-F2-1 /T3-T4-4 /T2-T3-1 /T3-T0-2 /T3-F0-1 /T6-F0-1 /T6-T2-4 /T4-F2-1 
/T4-F3-1 /W-T4-1  /T2-T1-5 /T4-T0-4 /D:4     /W-F2-1  /R       /D:3     /W-T2-1  /T5-T2-1 
/T5-T2-1 /T5-F1-1 /T1-F1-1 /T0-F1-1 /T0-F2-1 /T5-F1-1 /T5-F0-1 /T1-F0-1 /T1-F3-1 /T1-F2-1 
/T0-F3-1 /T0-F2-1 /T1-F3-1 /D:1     /W-T1-1  /W-T1-1  /W-F0-1  /T1-F0-1 /D:1     /W-T6-1  
/D:1     /W-T6-1  /D:1     /W-F1-1  /T1-F1-1 /T0-F1-1 /T1-T6-1 /T1-F1-1 /D:1     /W-F2-1  
/T0-F2-1 /T0-F1-1 /T6-T1-2 /T6-F2-1 /T1-T6-3 /T1-F1-1 /T2-T0-2 /T2-F2-1 /D:1     /W-F0-1  
/T6-F0-1 /T0-F0-1 /D:1     /W-F3-1  /T6-F3-1 /T0-F3-1 /T6-F0-1 /T0-F0-1 /T6-F3-1 
"
1010070,s#gh#SNy#ZzFm#ponWK#UdwBqX#YRAOTeP#vxMcfVHIjDCurEQGibaLklJt,63.000000,403.000000,19.000000,1.010638,1,"
minimal: 0 / states: 119 / duration: 0.000118s
history:
/T5-T2-1 /T6-T5-1 /T6-T0-1 /T5-T0-2 /T5-T0-1 /T2-T3-2 /T2-F3-1 /T5-T3-1 /T0-T6-5 /T3-T0-4 
/D:6     /W-T0-1  /D:1     /W-T0-1  /T6-T0-6 /T6-F3-1 /T6-F0-1 /T0-F0-1 /T6-T3-1 /T4-T6-1 
/T4-T6-1 /T4-F2-1 /T4-F2-1 /T0-F3-1 /T4-F2-1 /T0-F2-1 /D:1     /W-T6-1  /T1-T6-1 /T3-T1-2 
/T3-T4-1 /T6-T4-5 /D:2     /W-T0-1  /D:1     /W-F0-1  /T0-F0-1 /D:2     /W-T2-1  /T5-T2-1 
/D:1     /W-F0-1  /D:1     /W-F3-1  /T1-F3-1 /T1-F0-1 /D:1     /W-F0-1  /D:3     /W-F1-1  
/W-F1-1  /D:1     /W-T3-1  /D:1     /W-T3-1  /D:2     /W-T3-1  /D:1     /W-T4-1  /T2-T4-3 
/R       /D:3     /W-T2-1  /D:1     /W-F1-1  /T4-F1-1 /T0-F1-1 /T4-F2-1 /T0-F2-1 /T4-F3-1 
/T0-F3-1 /T0-F0-1 /T4-F2-1 /T5-F3-1 /T0-F3-1 /D:1     /W-F1-1  /T1-F1-1 /T4-F1-1 /T4-F0-1 
/T3-F0-1 /T4-F3-1 /T4-F0-1 /T0-T3-1 /T0-F3-1 /T4-F3-1 /T3-T0-2 /T3-F0-1 /T2-F0-1 /T3-F3-1 
/D:2     /W-F2-1  /D:1     /W-F1-1  /W-F1-1  /D:1     /W-T4-1  /W-T4-1  /W-F2-1  /T0-F2-1 
/T0-F1-1 /T4-F2-1 /T0-F2-1 /T4-F1-1 /T0-F1-1 /T4-F2-1 
"
1010071,f#zJ#bVo#LwUp#TGYAl#iFXRyK#ECdxQOn#DgvcNMSkjeIWBZqarmsPutHh,94.000000,1037.000000,27.000000,0.815385,1,"
minimal: 0 / states: 111 / duration: 0.000116s
history:
/T6-F2-1 /T2-F2-1 /T3-F2-1 /T5-T4-1 /T2-T1-1 /D:5     /W-F3-1  /T6-F3-1 /D:3     /W-T5-1  
/T1-T5-2 /T4-T1-2 /T4-F0-1 /D:1     /W-T1-1  /D:2     /W-T1-1  /T3-T1-1 /D:2     /W-F0-1  
/D:2     /W-F2-1  /D:1     /W-F1-1  /T2-F1-1 /W-T2-1  /T5-T2-4 /D:1     /W-T0-1  /T6-T0-1 
/T6-T4-1 /W-T4-1  /D:3     /W-F3-1  /T0-F3-1 /T5-F3-1 /T6-T0-1 /T6-F0-1 /T3-T5-1 /T5-T3-2 
/T0-T6-1 /T0-F2-1 /W-F2-1  /T6-T0-2 /W-T6-1  /W-T5-1  /W-F3-1  /T3-T6-3 /W-T3-1  /W-F1-1  
/T0-F1-1 /T4-T3-3 /T4-T1-1 /T5-T4-2 /T4-F1-1 /W-T3-1  /T0-T1-2 /T5-T6-1 /D:1     /W-T2-1  
/W-T2-1  /W-F0-1  /T1-F0-1 /T1-F1-1 /T4-F0-1 /T1-F0-1 /T2-F1-1 /T4-F3-1 /T1-F3-1 /T2-T6-1 
/T2-F3-1 /D:1     /W-F2-1  /T6-F2-1 /T3-F2-1 /T3-F3-1 /T6-T2-1 /T6-F2-1 /T3-F2-1 /T6-F3-1 
/T3-F3-1 /T2-T6-3 /T2-F2-1 /T2-F3-1 /T1-T3-4 /T1-F2-1 /D:1     /W-F0-1  /T3-F0-1 /D:1     
/W-F1-1  /T6-F1-1 /T3-F1-1 /T6-F0-1 /T3-F0-1 /T6-F1-1 /T3-F1-1 /T6-F0-1 /T3-F0-1 /T6-F1-1 
"
1010073,F#pG#YRL#hnOk#zQsKM#JUvDdb#uZoPjfa#NWlAIgXqyiVBSmtwxcTrCeEH,137.000000,2850.000000,33.000000,0.727273,1,"
minimal: 0 / states: 102 / duration: 0.000102s
history:
/T6-F1-1 /T5-F1-1 /T6-T1-1 /T3-T2-1 /D:1     /W-F3-1  /T3-F3-1 /T3-F2-1 /T1-T3-2 /T1-T5-1 
/T4-T1-1 /T6-T4-1 /T6-F3-1 /T6-F2-1 /T5-F2-1 /T2-T6-2 /T2-T0-1 /T4-T2-2 /T2-T1-3 /T6-T2-3 
/D:3     /W-F0-1  /D:1     /W-T1-1  /T3-T1-3 /D:1     /W-T6-1  /T4-T6-1 /T4-F3-1 /T0-F3-1 
/W-T4-1  /D:2     /W-F2-1  /D:4     /W-F0-1  /D:1     /W-F3-1  /D:1     /W-T3-1  /D:2     
/W-T2-1  /D:1     /W-T4-1  /D:1     /W-F1-1  /T5-F1-1 /D:1     /W-F3-1  /D:1     /W-F2-1  
/T6-F2-1 /W-F2-1  /W-T2-1  /T0-T6-1 /T6-T2-3 /D:1     /W-F0-1  /T5-F0-1 /D:1     /W-F1-1  
/T1-F1-1 /D:1     /W-F0-1  /T2-F0-1 /T1-F0-1 /T2-F1-1 /T1-F1-1 /T2-F2-1 /T5-F2-1 /T5-F3-1 
/T2-F3-1 /T2-F2-1 /T4-F2-1 /W-F1-1  /W-F2-1  /T5-T2-1 /D:1     /W-F0-1  /T1-F0-1 /T1-F1-1 
/T2-F0-1 /T2-F1-1 /T1-F0-1 /T4-F1-1 /T2-F0-1 /T3-F1-1 /T4-F2-1 /R       /D:1     /W-F3-1  
/D:1     /W-F3-1  /T1-F3-1 /T1-F0-1 /T2-F3-1 
"
1010082,E#uk#gNT#zxHp#wCMyf#QcjasF#WGbnBJR#vmldhtVKILqPDUeAoZOSiXrY,201.500000,2348.000000,46.000000,0.633028,1,"
minimal: 0 / states: 117 / duration: 0.000121s
history:
/T6-T5-1 /T5-T2-2 /T6-T1-1 /T0-T4-1 /D:2     /W-T0-1  /D:2     /W-T4-1  /T3-T4-1 /T2-T3-3 
/T2-F3-1 /T5-T2-1 /T5-F1-1 /D:3     /W-T1-1  /T3-T1-4 /T5-T3-1 /T6-T5-1 /T6-F2-1 /T6-F1-1 
/T4-T6-4 /T4-T0-1 /T1-T0-7 /T2-T1-2 /T4-T2-1 /D:2     /W-T3-1  /D:2     /W-T0-1  /T5-T0-2 
/T4-T5-1 /D:3     /W-T3-1  /T6-T3-5 /D:1     /W-T1-1  /W-T1-1  /W-T1-1  /T0-T1-1 /T0-F1-1 
/D:1     /W-F0-1  /T1-F0-1 /T5-F0-1 /T3-T5-1 /T3-F1-1 /T1-T0-1 /T1-F0-1 /T1-F1-1 /T3-F0-1 
/T3-F1-1 /T0-T1-3 /T0-F0-1 /T3-F0-1 /T1-T0-4 /T1-F1-1 /T0-T1-5 /T0-F0-1 /T1-T0-6 /D:1     
/W-F2-1  /T5-F2-1 /D:1     /W-T1-1  /W-T1-1  /D:1     /W-F3-1  /T0-F3-1 /T0-F2-1 /T5-F3-1 
/T0-F3-1 /D:1     /W-F3-1  /D:1     /W-T4-1  /D:1     /W-T1-1  /T4-T1-2 /D:1     /W-F2-1  
/T0-F2-1 /T0-F3-1 /T3-F3-1 /T3-F0-1 /T0-T1-1 /T0-F3-1 /T0-F0-1 /T6-F3-1 /W-F0-1  /W-F2-1  
/T1-F2-1 /W-F1-1  /T1-F1-1 /W-T2-1  /W-F2-1  /T1-F2-1 /T1-F3-1 /T3-F1-1 /T0-F1-1 /T1-F0-1 
/T3-F2-1 /T0-F2-1 /T2-F1-1 /T0-F1-1 /T2-F0-1 /T3-F2-1 /D:1     /W-F3-1  /T1-F3-1 
"
1010098,Y#aO#qBQ#tHbD#ureUc#FzkyoA#IRdMNiw#CfPWZxvTgnlEVXspSmLKJGjh,77.500000,374.000000,18.000000,1.023810,1,"
minimal: 0 / states: 119 / duration: 0.000117s
history:
/T5-F0-1 /T4-T3-1 /T5-T3-1 /D:1     /W-T2-1  /T1-T2-1 /T1-F1-1 /D:4     /W-T1-1  /T5-T1-1 
/T6-T5-1 /T6-T5-1 /T6-F3-1 /T2-F3-1 /T5-T1-3 /T0-T5-1 /T6-T0-1 /D:1     /W-T5-1  /W-T5-1  
/W-F3-1  /T2-T6-1 /T2-F3-1 /T2-F0-1 /T6-F0-1 /T3-T2-2 /T3-F0-1 /T3-F1-1 /T3-T1-1 /T3-T4-1 
/T5-T3-4 /W-T4-1  /D:1     /W-T3-1  /T4-T3-3 /T4-T5-1 /T6-T4-1 /T6-F3-1 /T4-T3-2 /T2-T5-3 
/D:1     /W-T1-1  /T5-T1-5 /D:1     /W-T4-1  /D:1     /W-F2-1  /T1-F2-1 /T1-F1-1 /T3-F1-1 
/D:1     /W-T0-1  /D:1     /W-F0-1  /D:3     /W-T4-1  /T1-T4-2 /T1-F0-1 /D:1     /W-F2-1  
/T4-F2-1 /T3-F2-1 /T4-F1-1 /T3-F1-1 /T4-F2-1 /T4-F1-1 /T3-F2-1 /T4-F2-1 /T3-T6-1 /T3-F2-1 
/T6-T3-2 /D:1     /W-F3-1  /T1-F3-1 /T3-F3-1 /D:1     /W-T2-1  /D:1     /W-T2-1  /W-T2-1  
/W-F3-1  /D:1     /W-T0-1  /D:1     /W-T2-1  /T1-T2-2 /T1-F2-1 /T3-T0-2 /T3-F2-1 /D:1     
/W-F0-1  /T2-F0-1 /T0-F0-1 /T0-F3-1 /T2-T1-2 /T2-F3-1 /T3-F3-1 /T1-T2-3 /T1-F2-1 /T1-F3-1 
/T3-F2-1 /D:1     /W-T0-1  /D:1     /W-F1-1  /T2-F1-1 /T0-F1-1 /T2-F0-1 /T0-F0-1 /T2-F1-1 
/T0-F1-1 /T2-F0-1 /T0-F0-1 /T2-F1-1 
"
1010129,K#xV#ulI#dUQn#ETeyb#YGDmPh#FJkvNBq#wCaRirgsftWZHoOAzMcXSLjp,122.000000,1465.000000,39.000000,0.666667,1,"
minimal: 0 / states: 115 / duration: 0.000126s
history:
/T3-F2-1 /T5-T2-1 /T5-T6-1 /D:2     /W-T3-1  /T4-T3-1 /T4-T5-1 /T6-T4-2 /T6-T4-1 /T6-F3-1 
/D:1     /W-F1-1  /T3-F1-1 /D:7     /W-T2-1  /W-T2-1  /D:1     /W-T0-1  /T6-T0-1 /T6-T5-1 
/T1-T6-1 /T6-T5-2 /T4-T6-4 /T6-T4-5 /T5-T6-5 /D:2     /W-T6-1  /T4-T6-6 /T3-T4-2 /T3-T0-1 
/T4-T2-3 /W-T4-1  /D:1     /W-F2-1  /D:1     /W-F3-1  /D:1     /W-F0-1  /T6-F0-1 /T2-F0-1 
/T6-F3-1 /T5-F0-1 /T5-T0-1 /T2-F3-1 /T2-F0-1 /T0-T5-5 /D:1     /W-T0-1  /T5-T0-6 /D:1     
/W-T5-1  /D:1     /W-F1-1  /T3-F1-1 /D:2     /W-T0-1  /D:1     /W-T4-1  /W-T4-1  /D:1     
/W-T1-1  /T2-T1-4 /T2-T5-1 /T1-T5-6 /D:1     /W-F2-1  /T6-F2-1 /T6-F1-1 /T5-F1-1 /T6-F0-1 
/T0-T5-1 /T0-F0-1 /T6-T2-1 /T6-F0-1 /W-T2-1  /W-F1-1  /W-F2-1  /T2-F2-1 /T5-T0-2 /T5-F1-1 
/T5-F0-1 /W-F1-1  /W-F3-1  /T0-F3-1 /T0-F2-1 /T2-F3-1 /T0-F3-1 /T2-F2-1 /T0-F2-1 /T5-F1-1 
/T6-F3-1 /T0-F3-1 /T6-F0-1 /T0-F0-1 /W-F2-1  /T4-F3-1 /T5-F2-1 /T0-F3-1 /T6-F1-1 /T4-F0-1 
/T5-F1-1 /T5-F0-1 /T6-F2-1 /T0-F2-1 /T4-F3-1 /T6-F1-1 
"
1010139,z#Ev#VHF#texN#Oqjao#GsLpkb#XPRgfhn#iMQlTDdYIJuUCcrKBWmyASZw,109.500000,961.000000,47.000000,0.649351,1,"
minimal: 0 / states: 123 / duration: 0.000124s
history:
/T3-F3-1 /T6-F2-1 /T4-F2-1 /T4-F1-1 /T5-F1-1 /T6-T1-1 /T4-T3-1 /T1-T3-2 /T1-T6-1 /D:2     
/W-T1-1  /D:1     /W-T6-1  /D:1     /W-T0-1  /T3-T0-4 /T3-T2-1 /T6-T3-3 /T2-T6-2 /T6-T2-3 
/T4-T2-1 /T4-F3-1 /T3-T0-4 /D:2     /W-T6-1  /D:2     /W-T1-1  /D:2     /W-T5-1  /D:3     
/W-T0-1  /D:1     /W-F1-1  /D:2     /W-T1-1  /D:2     /W-T1-1  /D:1     /W-T3-1  /D:1     
/W-T3-1  /T5-T3-2 /T5-F2-1 /T2-F2-1 /D:1     /W-F0-1  /W-F0-1  /T0-F0-1 /T6-F0-1 /W-F2-1  
/D:2     /W-T4-1  /T5-T4-1 /T5-F2-1 /T0-T5-3 /T0-F2-1 /T5-T0-4 /D:1     /R       /D:1     
/W-T3-1  /T2-T3-4 /D:2     /W-F1-1  /T3-F1-1 /T6-T3-1 /T6-F3-1 /T0-F3-1 /T0-F0-1 /T0-F1-1 
/T3-F3-1 /T3-F0-1 /T3-F1-1 /T0-F0-1 /T0-F1-1 /T3-F0-1 /T3-F1-1 /T0-T1-1 /T0-F1-1 /T3-T6-1 
/T3-F1-1 /T2-T6-1 /T6-T3-3 /D:1     /W-F0-1  /D:1     /W-F2-1  /T1-F2-1 /D:2     /W-F3-1  
/D:1     /W-F2-1  /T0-F2-1 /T0-F1-1 /T3-T4-3 /T3-F2-1 /T0-F2-1 /T3-F1-1 /R       /D:1     
/W-F3-1  /D:1     /W-F3-1  /T4-F3-1 /T1-F3-1 /T4-F0-1 /T1-F0-1 /T4-F3-1 /T1-F3-1 /T4-F0-1 
/T1-F0-1 /T4-F3-1 
"
1010148,S#tq#IxH#RPeV#jCbnL#FUEOgk#rowylca#iJYpWBhXuGZNDfvmdKsQzTAM,135.500000,1326.000000,49.000000,0.614458,1,"
minimal: 0 / states: 125 / duration: 0.000124s
history:
/T6-F1-1  /T5-T4-1  /T6-T1-1  /T5-T2-1  /T2-T3-2  /T2-T6-1  /D:2      /W-T4-1   /T3-T4-3  /T1-T3-2  
/T0-T1-1  /D:3      /W-T6-1   /T2-T6-1  /D:1      /W-T3-1   /D:1      /W-T6-1   /T1-T6-2  /D:4      
/W-T0-1   /T4-T0-6  /T4-F2-1  /T4-F1-1  /T5-T4-1  /T5-T6-1  /W-T5-1   /D:1      /W-F3-1   /T4-F3-1  
/D:2      /W-T5-1   /D:2      /W-T1-1   /D:1      /W-T6-1   /T4-T6-1  /W-T4-1   /T5-T4-3  /T3-T5-4  
/T3-F3-1  /W-T3-1   /T5-T0-5  /D:3      /W-F3-1   /D:1      /W-T2-1   /T6-T2-10 /T6-T1-1  /D:2      
/W-F0-1   /T0-F0-1  /T2-F0-1  /T0-F1-1  /T3-F0-1  /T2-F1-1  /T2-F0-1  /T3-F3-1  /T2-F3-1  /W-F3-1   
/D:1      /W-T3-1   /R        /D:1      /W-T6-1   /D:1      /W-T3-1   /D:2      /W-T1-1   /T6-T1-2  
/T6-F2-1  /W-F2-1   /T0-F2-1  /T0-F1-1  /T0-F0-1  /T6-F2-1  /T4-F1-1  /T4-F0-1  /T0-F1-1  /T0-F0-1  
/T4-F3-1  /T0-F3-1  /T2-T4-2  /T2-F0-1  /T0-F0-1  /T2-F3-1  /T1-T0-2  /T1-F3-1  /T3-F3-1  /T4-T2-4  
/D:1      /W-T0-1   /D:1      /W-F0-1   /T0-T1-4  /T0-F0-1  /T0-F3-1  /T3-F0-1  /D:1      /W-F2-1   
/T2-F2-1  /T1-F2-1  /T2-F1-1  /T1-F1-1  /T2-F2-1  /T1-F2-1  /T2-F1-1  /T1-F1-1  /T2-F2-1  /T1-F2-1  
/T2-F1-1  /T1-F1-1  /T2-F2-1  
"
1010158,A#Ke#kEQ#tWou#mislJ#rjqyUB#IhLHpvF#bVNDTRYSxXfZnzwGMPOadcgC,153.500000,2031.000000,48.000000,0.610526,1,"
minimal: 0 / states: 122 / duration: 0.000119s
history:
/T0-F0-1 /T5-F0-1 /T1-T6-1 /D:2     /W-T4-1  /T3-T4-1 /D:1     /W-F3-1  /D:1     /W-T6-1  
/D:1     /W-T4-1  /T6-T4-3 /T5-T6-1 /D:5     /W-T5-1  /T4-T5-7 /W-T4-1  /D:2     /W-T0-1  
/T5-T0-9 /D:1     /W-F2-1  /T3-F2-1 /T6-T3-2 /T6-F2-1 /T5-F2-1 /T3-T1-3 /T5-T4-1 /T2-T5-1 
/W-T3-1  /T2-T3-1 /T5-T3-1 /T5-F2-1 /T3-T1-4 /D:1     /W-T3-1  /T4-T3-3 /T4-F2-1 /T6-T4-1 
/T2-T6-1 /D:1     /W-T6-1  /T4-T6-2 /T6-T4-5 /D:1     /W-T6-1  /T1-T6-3 /T1-F2-1 /T0-T4-4 
/T0-F2-1 /D:1     /W-T2-1  /D:1     /W-T4-1  /D:1     /W-F3-1  /T4-F3-1 /T6-F3-1 /D:1     
/W-F1-1  /D:1     /W-T6-1  /D:1     /W-T4-1  /D:2     /W-F0-1  /R       /D:1     /W-F1-1  
/T4-F1-1 /T4-F0-1 /T6-F1-1 /T4-F1-1 /T6-F0-1 /T6-F1-1 /T4-F0-1 /T6-F0-1 /D:1     /W-F3-1  
/D:1     /W-T2-1  /T1-T2-4 /D:1     /W-F3-1  /T4-F3-1 /T2-F3-1 /T6-T2-1 /T0-F3-1 /T4-F0-1 
/T6-F0-1 /T0-F0-1 /T2-T3-2 /T2-F3-1 /T0-F3-1 /T2-F0-1 /T2-F3-1 /T4-T0-3 /T4-F0-1 /T2-F0-1 
/T0-T4-4 /T0-F3-1 /D:1     /W-F1-1  /T3-F1-1 /T3-F2-1 /T4-F1-1 /T3-F1-1 /T4-F2-1 /T3-F2-1 
/T4-F1-1 /T3-F1-1 /T4-F2-1 /T3-F2-1 /T4-F1-1 
"
1010171,r#ua#gYP#USBQ#GmcFZ#tdCevW#DsxNoAb#kpMVIwRJnhLilqETKfOzjHXy,102.000000,2016.000000,29.000000,0.804688,1,"
minimal: 0 / states: 127 / duration: 0.000122s
history:
/T1-F1-1 /T6-F1-1 /T6-F0-1 /T6-T2-1 /T6-F3-1 /T5-T6-1 /T5-T6-1 /T3-T0-1 /T3-F0-1 /T0-T3-2 
/T4-T0-1 /T5-T4-1 /T5-F0-1 /D:2     /W-T3-1  /D:7     /W-F2-1  /T2-F2-1 /T3-F2-1 /D:1     
/W-T6-1  /D:1     /W-T0-1  /D:3     /W-T4-1  /T2-T4-1 /T6-T2-4 /D:2     /W-T1-1  /T4-T1-4 
/T4-F1-1 /T5-F1-1 /T3-T5-3 /T5-T2-4 /T4-T5-1 /T4-T3-1 /D:2     /W-T3-1  /D:1     /W-F3-1  
/T1-F3-1 /T1-F2-1 /T2-F3-1 /T2-F2-1 /T6-F2-1 /T6-F0-1 /T1-F1-1 /T3-F1-1 /T2-T3-1 /T2-F2-1 
/D:1     /W-T4-1  /T2-T4-5 /T2-F1-1 /T4-F1-1 /T3-T4-3 /D:3     /W-T0-1  /D:1     /W-T5-1  
/R       /D:1     /W-T5-1  /D:1     /W-T2-1  /D:3     /W-T0-1  /D:1     /W-F3-1  /T4-F3-1 
/D:1     /W-T5-1  /D:1     /W-F1-1  /D:1     /W-T2-1  /D:1     /W-F0-1  /T1-F0-1 /T1-F3-1 
/T1-F2-1 /T4-F0-1 /T4-F3-1 /T4-F2-1 /T0-F2-1 /W-T4-1  /W-F3-1  /D:1     /W-T2-1  /T4-T2-2 
/T4-F2-1 /D:1     /W-F1-1  /T5-T0-1 /T5-F1-1 /T5-F2-1 /T2-T4-3 /T2-F1-1 /T5-F1-1 /T4-T2-4 
/T4-F2-1 /D:1     /W-F0-1  /T2-F0-1 /T0-F0-1 /T2-F3-1 /T0-F3-1 /T2-F0-1 /T0-F0-1 /T2-F3-1 
/T0-F3-1 /T2-F0-1 
"
1010188,k#Hn#mwW#cZLx#sQfGY#rIqlRX#BMTzyub#PNhVtApvCgiedFaJOjoDEUSK,120.500000,1232.000000,37.000000,0.630137,1,"
minimal: 0 / states: 109 / duration: 0.000114s
history:
/T1-F2-1 /T3-T4-1 /T5-T3-1 /T2-T4-1 /T2-T0-1 /T3-T2-2 /D:2     /W-F3-1  /D:2     /W-T0-1  
/T1-T0-1 /T3-T1-1 /D:2     /W-F0-1  /D:2     /W-T4-1  /D:2     /W-T0-1  /D:4     /W-T0-1  
/T5-T0-1 /D:1     /W-F1-1  /T6-F1-1 /T3-F1-1 /W-F1-1  /W-F1-1  /D:1     /W-T2-1  /W-T2-1  
/T6-T2-1 /T6-T1-1 /T4-T6-4 /T6-T3-5 /T6-T2-1 /T5-T6-1 /T5-T0-1 /T0-T1-8 /T6-T0-2 /T6-F0-1 
/W-F0-1  /D:1     /W-F3-1  /D:2     /W-F2-1  /D:1     /W-F0-1  /D:1     /W-F0-1  /D:1     
/W-T3-1  /T4-T3-1 /T4-F1-1 /T1-T2-3 /T1-F1-1 /D:1     /W-T3-1  /F0-T3-1 /T4-T3-1 /D:1     
/W-T0-1  /W-T0-1  /W-F2-1  /T5-T0-1 /T2-F2-1 /T5-F2-1 /T4-F2-1 /W-F2-1  /W-F1-1  /W-F3-1  
/T3-F3-1 /T2-F3-1 /T3-F0-1 /T2-F0-1 /T3-F3-1 /T2-F3-1 /T2-F2-1 /T3-F0-1 /T1-F0-1 /T2-F1-1 
/T3-F3-1 /T0-F0-1 /T1-F3-1 /T2-F0-1 /T3-F2-1 /T0-F1-1 /T1-F2-1 /T1-F1-1 /T3-F3-1 /T0-F0-1 
/T2-F3-1 /T2-F0-1 /T3-F2-1 /T0-F1-1 /T1-F2-1 /T2-F1-1 /T3-F3-1 /T0-F0-1 /T1-F3-1 /T3-F2-1 
"
1010199,B#Lf#wIn#azyF#psWmd#UvVkNr#gjcoHRh#iDQYGAtlKuOXJbETeqSCxZPM,129.500000,2041.000000,55.000000,0.575472,1,"
minimal: 0 / states: 125 / duration: 0.000131s
history:
/T2-F2-1 /T6-T2-1 /T5-T1-1 /T5-F3-1 /T6-T3-1 /T4-T1-1 /D:2     /W-T3-1  /D:3     /W-T2-1  
/T1-T2-3 /T5-T1-1 /T6-T5-1 /T6-F2-1 /T6-T3-1 /T2-T6-6 /T5-T2-2 /T0-T3-1 /T4-T0-1 /T5-T4-1 
/T1-T0-2 /T2-T0-3 /T5-T4-1 /D:1     /W-F0-1  /T3-F0-1 /D:1     /W-T4-1  /D:4     /W-F3-1  
/D:5     /W-T0-1  /T3-T0-4 /D:3     /W-T4-1  /D:1     /W-F0-1  /D:2     /W-T1-1  /T3-T1-1 
/T3-T2-1 /T3-F1-1 /D:1     /W-F3-1  /D:1     /W-T3-1  /R       /D:2     /W-F3-1  /D:1     
/W-T2-1  /D:1     /W-T3-1  /D:1     /W-T2-1  /T4-T2-5 /D:2     /W-T1-1  /D:1     /W-T1-1  
/D:1     /W-F1-1  /T0-F1-1 /T0-F0-1 /T0-F3-1 /T2-F3-1 /T6-F1-1 /D:1     /W-F0-1  /T0-F0-1 
/T4-T0-1 /T4-F2-1 /T6-T2-2 /T6-F0-1 /D:1     /W-F1-1  /D:1     /W-F2-1  /T2-F2-1 /T0-F2-1 
/T0-F3-1 /T2-F1-1 /T2-F2-1 /T2-F3-1 /T0-F0-1 /T0-F3-1 /W-F2-1  /T2-F2-1 /T0-F2-1 /T2-F3-1 
/T6-T2-3 /T6-F1-1 /T2-F1-1 /T2-F0-1 /W-F1-1  /T1-F0-1 /T1-F3-1 /T2-F1-1 /T0-F1-1 /T2-F0-1 
/T0-F0-1 /T2-F3-1 /T3-F1-1 /T3-F0-1 /T0-F1-1 /D:1     /W-F2-1  /T1-F2-1 /T1-F3-1 /T2-F2-1 
"
1010208,u#fj#IJc#somX#ULMCy#WdNPFn#lzEriOT#ZhtRgkKqaAwQvDBepSVxHGbY,116.500000,2109.000000,37.000000,0.679012,1,"
minimal: 0 / states: 116 / duration: 0.000119s
history:
/T5-F2-1 /T6-T0-1 /T5-T0-1 /T3-T4-1 /T4-T3-2 /T6-T4-1 /T0-T6-3 /T3-T0-3 /T3-F2-1 /D:4     
/W-T3-1  /D:4     /W-T3-1  /T5-T3-1 /T5-F3-1 /T4-F3-1 /T4-T5-1 /T3-F3-1 /T2-T3-1 /T6-T2-4 
/T2-T0-5 /T5-T6-2 /T2-T1-1 /T4-T2-1 /D:1     /W-F1-1  /D:1     /W-F0-1  /D:2     /W-F3-1  
/D:1     /W-T5-1  /D:2     /W-F0-1  /T6-F0-1 /W-F0-1  /D:1     /W-T0-1  /T3-T0-2 /T3-F3-1 
/D:1     /W-F2-1  /D:1     /W-F3-1  /D:5     /W-F1-1  /T0-F1-1 /T0-F2-1 /T6-F1-1 /T0-F1-1 
/T6-F2-1 /T3-F2-1 /T6-F0-1 /T0-F0-1 /T0-F3-1 /T6-T3-1 /W-F0-1  /W-F0-1  /W-T6-1  /T1-T6-2 
/T1-F1-1 /T6-F0-1 /T6-T2-3 /D:1     /W-T3-1  /R       /D:1     /W-T1-1  /T4-T1-1 /T4-F3-1 
/D:1     /W-T5-1  /D:1     /W-F2-1  /T0-F2-1 /D:1     /W-F1-1  /T5-F1-1 /T0-F1-1 /T5-F2-1 
/T2-F1-1 /T0-F0-1 /T5-T2-1 /D:1     /W-F1-1  /T2-T3-2 /T2-F1-1 /D:1     /W-F0-1  /T1-F0-1 
/T2-F0-1 /T0-T1-2 /T0-F1-1 /D:1     /W-F2-1  /D:1     /W-F3-1  /T3-F3-1 /T1-F3-1 /T3-F2-1 
/T1-F2-1 /T3-F3-1 /T1-F3-1 /T3-F2-1 
"
1010213,U#Xi#CLN#semz#QgWjP#FruDMl#bwoBdES#AnGkKIqVZhYpOaHTJvfycxtR,140.000000,1947.000000,48.000000,0.568966,1,"
minimal: 0 / states: 124 / duration: 0.000124s
history:
/T2-F3-1  /T5-T3-1  /D:1      /W-F0-1   /D:1      /W-F2-1   /D:1      /W-T0-1   /T6-T0-1  /T6-T0-1  
/T6-T0-1  /T6-F0-1  /T6-F2-1  /T1-T6-1  /T6-T1-2  /T1-T2-3  /T5-T1-1  /T4-T5-1  /D:2      /W-T3-1   
/T4-T3-1  /D:1      /W-T3-1   /T0-T3-5  /T3-T0-10 /T2-T3-4  /T2-T0-1  /T3-T2-5  /T5-T3-2  /T5-T2-1  
/T0-F0-1  /D:5      /W-T1-1   /D:1      /W-F2-1   /D:1      /W-F3-1   /T3-F3-1  /T3-F0-1  /T0-T5-1  
/T0-F0-1  /T5-T0-2  /T3-T5-1  /T5-T3-1  /T5-F0-1  /D:1      /W-F1-1   /T6-F1-1  /D:2      /W-T2-1   
/T3-T2-2  /D:2      /W-T4-1   /D:3      /W-F1-1   /T0-F1-1  /T2-F1-1  /D:1      /W-T1-1   /T4-T1-2  
/D:2      /W-T2-1   /R        /D:2      /W-F2-1   /T0-F2-1  /D:2      /W-T3-1   /D:1      /W-T1-1   
/D:3      /W-F1-1   /T4-F1-1  /T4-F3-1  /T2-F3-1  /T0-F3-1  /T0-F0-1  /T2-F2-1  /T2-F3-1  /T0-F3-1  
/T1-F1-1  /D:1      /W-T3-1   /D:1      /W-F2-1   /T2-F2-1  /T1-F2-1  /T2-F1-1  /T2-F2-1  /T0-T1-1  
/T0-F1-1  /T1-T0-2  /T1-F2-1  /T3-F2-1  /W-T2-1   /W-F0-1   /T0-F0-1  /W-F3-1   /T0-F3-1  /T2-F0-1  
/T0-F0-1  /T2-F3-1  /T1-F3-1  /W-F1-1   /T0-F1-1  /T0-F2-1  /T2-F0-1  /T1-F0-1  /T2-F1-1  /T3-F3-1  
"
1010224,X#Aq#tlw#BevL#QgDpd#Thynbj#EWSJKFZ#sOGoNiVmPxUfzRcIkHaMrYuC,142.000000,3574.000000,48.000000,0.634409,1,"
minimal: 0 / states: 120 / duration: 0.000120s
history:
/T3-T6-1 /T2-T0-1 /T3-T5-1 /T1-T3-1 /T1-F0-1 /T6-T1-2 /T3-T6-2 /T3-F0-1 /T0-T1-2 /D:5     
/W-F3-1  /D:1     /W-T1-1  /D:2     /W-T0-1  /D:1     /W-T6-1  /D:1     /W-T2-1  /T5-T2-2 
/D:1     /W-T2-1  /D:2     /W-T3-1  /T2-T3-5 /W-T2-1  /T2-T3-2 /D:5     /W-T1-1  /D:1     
/W-F1-1  /T5-F1-1 /T5-F2-1 /T5-T0-1 /W-T0-1  /D:1     /W-T2-1  /D:1     /W-T3-1  /T4-T3-1 
/T4-T3-1 /D:1     /W-T2-1  /D:2     /W-F0-1  /T4-F0-1 /T6-T4-4 /T6-T2-1 /T6-T0-1 /T4-T1-5 
/R       /D:2     /W-F3-1  /T1-F3-1 /T4-F3-1 /D:1     /W-T5-1  /T6-T5-1 /T6-T2-1 /T6-F0-1 
/D:1     /W-F2-1  /T3-F2-1 /T1-F2-1 /D:1     /W-T0-1  /D:1     /W-F3-1  /T5-F3-1 /D:1     
/W-F1-1  /T3-F1-1 /T1-F1-1 /T1-F0-1 /T3-F2-1 /T3-F1-1 /T5-F0-1 /W-F2-1  /T1-F1-1 /T3-F2-1 
/T5-F1-1 /T5-F3-1 /T1-F0-1 /T3-F3-1 /T0-F3-1 /T1-F1-1 /T2-F3-1 /D:1     /W-F0-1  /T0-F0-1 
/T2-F0-1 /T1-T0-1 /T1-F3-1 /T1-F0-1 /T2-F3-1 /T1-F3-1 /T2-F0-1 /D:1     /W-F2-1  /T3-F2-1 
/T0-F2-1 /T3-F1-1 /T0-F1-1 /T3-F2-1 /T0-F2-1 /T3-F1-1 /T0-F1-1 /T3-F2-1 
"
1010239,V#cA#KQX#Etul#wxbsJ#UGYHFf#iMjnhLr#qWyCpdkZNRaogmDIezvPBSTO,134.500000,2850.000000,44.000000,0.615385,1,"
minimal: 0 / states: 124 / duration: 0.000125s
history:
/T1-F0-1 /T6-T5-1 /T4-T2-1 /T2-T6-2 /T2-T5-1 /T0-T6-1 /T2-T3-1 /D:2     /W-T3-1  /D:2     
/W-T5-1  /D:4     /W-T0-1  /T6-T0-4 /D:1     /W-F3-1  /D:1     /W-T4-1  /D:1     /W-F1-1  
/D:1     /W-T1-1  /D:2     /W-T2-1  /D:1     /W-T4-1  /T1-T4-2 /D:1     /W-T3-1  /T6-T3-1 
/T6-F2-1 /T4-F2-1 /D:2     /W-T1-1  /T3-T1-5 /T3-T0-1 /T5-T3-4 /T3-T1-5 /W-T5-1  /W-T0-1  
/T5-T0-2 /D:1     /W-T6-1  /D:2     /W-F0-1  /T1-F0-1 /D:2     /W-T5-1  /T4-T5-4 /T4-F1-1 
/T5-F1-1 /T6-T4-2 /T5-F0-1 /T3-F0-1 /T6-T3-1 /T5-T6-4 /T5-T3-1 /T4-T3-3 /W-T5-1  /T6-T4-5 
/D:1     /W-F3-1  /W-F3-1  /T1-F3-1 /T4-F3-1 /T5-F3-1 /T0-T4-1 /T0-F0-1 /T5-F0-1 /T4-T0-2 
/T4-F3-1 /T4-F0-1 /T5-F3-1 /T0-T4-4 /T0-F3-1 /T1-T3-4 /T1-F0-1 /T0-F0-1 /T1-F3-1 /T0-F3-1 
/T1-F0-1 /T0-F0-1 /T3-T1-7 /T3-F3-1 /T0-F3-1 /T3-F0-1 /R       /D:1     /W-T4-1  /D:1     
/W-T2-1  /D:1     /W-F2-1  /T4-F2-1 /T1-F2-1 /D:1     /W-F1-1  /T4-F1-1 /T1-F1-1 /T4-F2-1 
/T1-F2-1 /T4-F1-1 /T1-F1-1 /T4-F2-1 /T1-F2-1 /T4-F1-1 /T1-F1-1 /T4-F2-1 /T1-F2-1 /T2-F2-1 
/D:1     /W-F1-1  /T1-F1-1 /T1-F2-1 /T2-F1-1 
"
1010254,j#Jm#EUI#FlQu#PrzcV#SphZfk#aHynOqB#WbRsLexoYwgAKDXdtCGiNMvT,150.500000,1802.000000,61.000000,0.479798,1,"
minimal: 0 / states: 132 / duration: 0.000149s
history:
/T3-T4-1 /T2-T0-1 /T2-T0-1 /T3-T2-1 /D:5     /W-T1-1  /T5-T1-1 /T2-T5-2 /T1-T2-3 /T4-T1-2 
/T6-T4-1 /T4-T6-2 /T3-T4-1 /T1-T2-3 /T4-T1-2 /D:1     /W-T3-1  /T6-T3-3 /D:1     /W-T1-1  
/T0-T1-3 /D:4     /W-T2-1  /T3-T2-5 /D:1     /W-F0-1  /T2-F0-1 /D:4     /W-T4-1  /D:1     
/W-T1-1  /T5-T1-3 /T5-T0-1 /D:1     /W-T1-1  /T6-T1-1 /T6-F2-1 /T6-T0-1 /W-T0-1  /D:1     
/W-T5-1  /D:2     /W-F3-1  /T1-F3-1 /T1-F0-1 /D:1     /W-T3-1  /D:2     /W-T6-1  /R       
/D:4     /W-T6-1  /W-T6-1  /D:1     /W-F2-1  /D:1     /W-T3-1  /D:1     /W-T0-1  /D:1     
/W-T3-1  /D:1     /W-F0-1  /D:1     /W-T0-1  /T6-T0-4 /T6-F1-1 /W-F1-1  /T2-F1-1 /T4-F1-1 
/T1-T4-1 /T1-F0-1 /T4-T1-2 /T4-F3-1 /T1-F3-1 /T0-F3-1 /T2-T0-2 /T2-F0-1 /T5-F0-1 /W-T3-1  
/D:1     /W-T3-1  /T5-T3-1 /T5-F2-1 /T0-F2-1 /T0-F1-1 /T1-F2-1 /T0-F2-1 /T1-F1-1 /T2-F1-1 
/T5-F3-1 /T0-F3-1 /T0-F0-1 /T1-F2-1 /T1-F3-1 /T2-F2-1 /T2-F3-1 /T3-F1-1 /T0-F1-1 /T1-F0-1 
/T2-F0-1 /T3-F2-1 /T0-F2-1 /T1-F1-1 /T2-F1-1 /T3-F3-1 /T0-F3-1 /T1-F2-1 /T0-F2-1 /T3-F0-1 
/T1-F1-1 /T2-F0-1 /T2-F1-1 /T3-F3-1 /T0-F3-1 /T1-F2-1 /T3-F0-1 
"
1010266,a#wG#vNL#SOpi#cxRHm#CulZAz#gesQPWB#hMKIbJtnYfUFdyDrkjqTEXoV,120.500000,1987.000000,55.000000,0.549451,1,"
minimal: 0 / states: 124 / duration: 0.000137s
history:
/T0-F1-1 /T5-T0-1 /T5-F0-1 /T6-F0-1 /T2-T4-1 /T2-F3-1 /T2-T6-1 /T4-T2-2 /T4-T3-1 /D:1     
/W-T6-1  /T1-T6-1 /T3-T1-2 /D:4     /W-F1-1  /D:3     /W-F2-1  /D:1     /W-T0-1  /D:1     
/W-T6-1  /D:4     /W-T5-1  /D:1     /W-T4-1  /D:1     /W-T6-1  /W-T6-1  /T3-T6-1 /T3-F3-1 
/D:1     /W-T2-1  /T1-T2-3 /T5-T1-2 /D:3     /W-T2-1  /D:1     /W-T3-1  /D:1     /W-T1-1  
/D:1     /W-F2-1  /T6-F2-1 /W-F2-1  /T6-T3-1 /T6-F2-1 /D:1     /R       /D:2     /W-T0-1  
/T6-T0-5 /T6-F3-1 /T6-F3-1 /T6-F2-1 /T4-T6-1 /T4-F3-1 /T4-T5-1 /T4-F1-1 /W-T4-1  /T5-T4-2 
/F2-T2-1 /T6-T2-2 /T3-F1-1 /T3-T0-1 /T3-F3-1 /T2-T6-3 /T2-F3-1 /T6-T2-4 /D:2     /W-T1-1  
/D:2     /W-F3-1  /D:2     /W-T4-1  /D:1     /W-T1-1  /T5-T1-1 /T5-F0-1 /T2-F0-1 /T0-F0-1 
/T2-F1-1 /T0-F1-1 /T2-F2-1 /W-F0-1  /T0-F0-1 /T2-F1-1 /T2-F0-1 /W-F2-1  /T0-F1-1 /T1-F2-1 
/T0-F2-1 /T1-F3-1 /T2-F1-1 /T2-F2-1 /W-F0-1  /T0-F3-1 /T1-F0-1 /T1-F3-1 /T4-F1-1 /T0-F0-1 
/T2-F1-1 /T2-F0-1 /T4-F2-1 /T0-F3-1 /T1-F2-1 /T1-F3-1 /T4-F1-1 /T0-F2-1 /T2-F1-1 /T4-F0-1 
"
1010268,y#lh#KtN#VTBo#Hfkqx#vFLpSO#zGAIjna#wrCZMQEgsmdbPWXucReUiJYD,91.500000,890.000000,32.000000,0.776923,1,"
minimal: 0 / states: 112 / duration: 0.000109s
history:
/T2-F3-1 /T5-F3-1 /T6-F1-1 /T6-F2-1 /T3-F2-1 /T5-T2-1 /T5-F2-1 /T6-T4-1 /T6-T4-1 /T6-F0-1 
/T3-F0-1 /T1-T4-1 /T4-T1-4 /T4-F2-1 /T4-T0-1 /T2-T1-2 /T4-T6-1 /T3-T4-1 /T4-T3-2 /D:1     
/W-T0-1  /T3-T0-3 /D:1     /W-F2-1  /D:1     /W-F0-1  /D:1     /W-T3-1  /T5-T3-1 /T5-T0-1 
/D:1     /W-T4-1  /T1-T4-7 /D:2     /W-T4-1  /W-T4-1  /D:2     /W-F2-1  /D:1     /W-T1-1  
/T0-T1-7 /D:2     /W-F1-1  /D:1     /W-F3-1  /T4-F3-1 /W-T4-1  /D:1     /W-T2-1  /T5-T2-1 
/D:1     /W-T3-1  /D:2     /W-F1-1  /T4-F1-1 /D:1     /W-F3-1  /T4-T6-1 /T4-F3-1 /T4-F2-1 
/T6-T4-3 /W-F2-1  /T2-F2-1 /D:1     /W-F1-1  /D:3     /W-T3-1  /T1-T3-4 /T1-F2-1 /D:1     
/W-T6-1  /T2-T6-2 /D:1     /W-F0-1  /T4-F0-1 /T3-F0-1 /T3-F3-1 /T4-F1-1 /T4-F0-1 /T3-F0-1 
/R       /D:1     /W-F1-1  /T4-F1-1 /T4-F0-1 /D:1     /W-F3-1  /T3-F3-1 /T6-F3-1 /T3-F0-1 
/T3-F3-1 /T6-F0-1 /T3-F0-1 /T6-F3-1 /T3-F3-1 /T4-T6-3 /T4-F0-1 /D:1     /W-F1-1  /T6-F1-1 
/T1-F1-1 /T6-F2-1 /T1-F2-1 /T6-F1-1 /T1-F1-1 /T6-F2-1 
"
1010312,y#CG#lrb#TKSa#gvoPI#ZumWVi#LRqpYzc#DhFJjUBOsekHEtxMdwAfnNQX,132.000000,1100.000000,42.000000,0.632530,1,"
minimal: 0 / states: 127 / duration: 0.000126s
history:
/T3-F1-1 /T2-F1-1 /T6-F1-1 /T3-T1-1 /T2-T1-1 /T3-T2-1 /T2-T6-2 /T6-T2-3 /D:2     /W-T4-1  
/T1-T4-3 /D:1     /W-T3-1  /D:2     /W-T2-1  /T4-T2-5 /D:2     /W-T4-1  /D:1     /W-T1-1  
/D:2     /W-T3-1  /D:1     /W-T0-1  /D:1     /W-T5-1  /T3-T5-3 /D:3     /W-T6-1  /D:1     
/W-T3-1  /T6-T3-2 /D:1     /W-T2-1  /T6-T2-1 /T4-T6-2 /T6-T5-3 /D:1     /W-T0-1  /T5-T0-8 
/D:1     /W-F0-1  /T0-F0-1 /T4-T0-1 /T1-T2-1 /T1-F0-1 /D:2     /W-F2-1  /T0-F2-1 /D:1     
/W-F3-1  /T2-F3-1 /T0-F3-1 /T2-F2-1 /T0-F2-1 /T2-F1-1 /T0-F1-1 /T6-T0-1 /T2-F2-1 /W-F1-1  
/D:1     /W-F3-1  /T0-F3-1 /T2-F3-1 /D:1     /W-T6-1  /R       /D:1     /W-F0-1  /D:1     
/W-T6-1  /T5-T6-1 /T5-T3-1 /T5-T1-1 /T4-T3-1 /T5-T6-1 /T4-F1-1 /T0-T1-7 /T6-T5-5 /D:1     
/W-T3-1  /T2-T3-1 /T2-F1-1 /D:1     /W-F2-1  /D:1     /W-F0-1  /T1-F0-1 /T1-F3-1 /T3-F0-1 
/T1-F0-1 /T1-F1-1 /T2-F0-1 /T2-F1-1 /T3-F3-1 /T5-T1-2 /T5-F0-1 /T2-F0-1 /T1-T5-3 /T1-F1-1 
/T2-F1-1 /T5-T1-4 /T5-F0-1 /T1-T5-5 /T1-F1-1 /T3-T2-4 /T3-F0-1 /D:1     /W-F2-1  /T5-F2-1 
/T2-F2-1 /T5-F3-1 /T2-F3-1 /T5-F2-1 /T2-F2-1 /T5-F3-1 /T2-F3-1 /T5-F2-1 /T2-F2-1 /T5-F3-1 
"
1010324,S#Xn#eYw#RiQk#zgDHV#GvxbLB#hysjcJM#mrfFWIEqCuNpAUZtdolOPaTK,161.500000,991.000000,39.000000,0.673684,1,"
minimal: 0 / states: 113 / duration: 0.000115s
history:
/T1-F2-1  /T4-T2-1  /T4-T2-1  /T2-T1-3  /T2-T6-1  /T4-T2-1  /T4-T1-1  /D:2      /W-T0-1   /D:2      
/W-T1-1   /T2-T1-2  /T6-T2-2  /T6-T3-1  /T5-T6-1  /T6-T1-2  /T3-T5-2  /T3-T0-1  /T3-T5-1  /D:2      
/W-T6-1   /D:2      /W-T3-1   /D:1      /W-T0-1   /D:1      /W-T5-1   /D:1      /W-F3-1   /D:2      
/W-F0-1   /T1-F0-1  /T0-F0-1  /T1-T3-1  /T1-F0-1  /W-T0-1   /W-F0-1   /D:1      /W-T6-1   /D:2      
/W-T6-1   /T0-T6-4  /W-T0-1   /T5-T0-5  /T5-T6-1  /T6-T5-9  /T5-T2-10 /T1-T6-1  /T1-F0-1  /T6-T1-2  
/T1-T6-7  /D:2      /W-F2-1   /D:1      /W-T4-1   /D:1      /W-F3-1   /D:1      /W-F3-1   /D:1      
/W-F1-1   /T2-F1-1  /T2-F2-1  /T2-F3-1  /T3-F1-1  /T3-F2-1  /T3-F3-1  /W-F1-1   /T2-F2-1  /T2-F3-1  
/T6-F1-1  /T6-F2-1  /T2-F2-1  /T0-F2-1  /T5-F2-1  /T5-F0-1  /D:1      /W-F3-1   /T2-F3-1  /T6-T0-2  
/T6-F3-1  /T6-F2-1  /W-F3-1   /W-F1-1   /T0-F1-1  /T0-F0-1  /W-T1-1   /T6-T1-2  /T6-F1-1  /T0-F1-1  
/T2-F0-1  /T0-F0-1  /T1-F3-1  /T2-F1-1  /T0-F1-1  /T2-F2-1  /T1-F2-1  /T2-F3-1  /T4-F1-1  /T4-F2-1  
/T1-F1-1  /D:1      /W-F0-1   /T0-F0-1  /T0-F3-1  /T2-F0-1  
"
1010325,N#ka#wxK#OiWV#zdbDy#BXTctj#mLsArvP#qnEfhJoZRSepQlMUGugCIFHY,150.500000,2108.000000,52.000000,0.776316,1,"
minimal: 0 / states: 117 / duration: 0.000131s
history:
/T0-F3-1 /T1-F1-1 /T5-T2-1 /T1-T4-1 /D:2     /W-F2-1  /D:2     /W-T5-1  /W-T5-1  /D:2     
/W-T4-1  /T3-T4-1 /D:1     /W-F2-1  /D:1     /W-T0-1  /T4-T0-4 /T6-T4-1 /T6-T2-1 /W-T2-1  
/T5-T2-3 /D:4     /W-F2-1  /D:1     /W-T2-1  /D:2     /W-T1-1  /W-T1-1  /T2-T1-8 /T3-T2-1 
/D:3     /W-T0-1  /D:1     /W-T0-1  /D:1     /W-T1-1  /D:1     /W-T2-1  /D:1     /W-T0-1  
/D:1     /W-T3-1  /D:1     /R       /D:1     /W-F2-1  /T6-F2-1 /T6-F0-1 /T6-F2-1 /D:1     
/W-T0-1  /T4-T0-2 /T4-F1-1 /T5-F1-1 /T4-F1-1 /T5-T3-1 /T5-T6-1 /T5-F0-1 /T1-F0-1 /D:2     
/W-F1-1  /D:1     /W-T2-1  /D:1     /W-T2-1  /T1-T2-3 /T1-F2-1 /D:1     /W-T4-1  /T2-T4-8 
/T3-T2-3 /T3-F3-1 /T0-F3-1 /T0-F0-1 /T4-F3-1 /T0-F3-1 /T4-F0-1 /T0-F0-1 /T4-F1-1 /T0-F1-1 
/W-F3-1  /T2-F3-1 /T0-F2-1 /T4-F0-1 /T1-F1-1 /T2-F0-1 /T2-F1-1 /T4-F3-1 /T0-F3-1 /T1-F2-1 
/T2-F2-1 /T4-F0-1 /T0-F0-1 /T1-F1-1 /T0-F1-1 /T4-F3-1 /T1-F0-1 /T4-F2-1 /T1-F1-1 /T6-F3-1 
/T0-F2-1 /T4-F3-1 /T4-F2-1 /T6-F0-1 /T0-F3-1 /T1-F0-1 /T6-F1-1 
"
1010327,Z#CJ#bmO#HdRt#VENAB#qxpzTf#WGoYPrn#vaMXgFwyKiulDkLcIQShsjUe,134.500000,1148.000000,48.000000,0.650602,1,"
minimal: 0 / states: 114 / duration: 0.000113s
history:
/T6-F2-1 /T5-T3-1 /T6-T3-1 /T4-T6-1 /T4-F0-1 /T4-F3-1 /T2-F3-1 /T6-F0-1 /T6-F3-1 /D:2     
/W-F1-1  /D:4     /W-T5-1  /D:2     /W-T0-1  /D:1     /W-T6-1  /D:1     /W-T1-1  /D:1     
/W-T1-1  /T5-T1-2 /T6-T5-2 /T6-F2-1 /D:3     /W-T0-1  /T1-T0-5 /T1-F0-1 /T5-T1-3 /T5-F2-1 
/W-F0-1  /T4-F0-1 /T0-F0-1 /T6-F0-1 /T6-T1-1 /T2-T6-1 /T2-F1-1 /D:1     /W-T6-1  /D:1     
/W-F1-1  /D:1     /W-T1-1  /D:1     /W-F3-1  /D:2     /W-T1-1  /T3-T1-3 /T3-F3-1 /T3-F1-1 
/T3-F0-1 /W-F3-1  /T0-F3-1 /D:2     /W-T5-1  /D:1     /W-F3-1  /T4-F3-1 /T1-T5-5 /T1-F3-1 
/D:1     /W-F1-1  /R       /D:2     /W-T2-1  /D:1     /W-F3-1  /D:1     /W-T0-1  /D:2     
/W-T2-1  /T5-T2-7 /T5-F2-1 /T2-F2-1 /T2-F1-1 /T0-F1-1 /D:1     /W-F2-1  /T2-F2-1 /T0-F2-1 
/T2-F1-1 /T0-F1-1 /T2-F0-1 /T0-F0-1 /T1-F0-1 /T1-F3-1 /T2-F1-1 /T0-F1-1 /T6-F0-1 /T0-T6-1 
/T0-F3-1 /T2-T1-2 /T2-F0-1 /R       /D:1     /W-F2-1  /D:1     /W-F2-1  /T1-F2-1 /T1-F1-1 
/T6-F2-1 /T1-F2-1 /T6-F1-1 
"
1010346,B#qy#xAb#uSZp#hGzDE#wTWeNf#IlXLsja#RnHdJoYgVimrCkFtQKvOMUPc,168.500000,4381.000000,50.000000,0.599057,1,"
minimal: 0 / states: 119 / duration: 0.000123s
history:
/T6-F1-1 /T2-F1-1 /T2-F0-1 /T0-F0-1 /T6-T2-1 /T4-T5-1 /D:1     /W-T6-1  /T4-T6-1 /T4-T0-1 
/T5-T4-2 /T5-F3-1 /D:1     /W-F2-1  /D:2     /W-T4-1  /T3-T4-1 /T1-T3-1 /T1-T5-1 /T3-T1-2 
/D:2     /W-F2-1  /T4-F2-1 /T5-F2-1 /D:1     /W-T0-1  /T2-T0-2 /D:4     /W-T2-1  /D:1     
/W-F2-1  /D:1     /W-F0-1  /T6-F0-1 /D:1     /W-T1-1  /D:5     /W-T0-1  /D:1     /W-F3-1  
/D:2     /W-T0-1  /T4-T0-4 /D:1     /W-F3-1  /D:1     /W-F1-1  /T0-F1-1 /T5-F1-1 /T0-F0-1 
/T0-F1-1 /T3-T0-1 /R       /D:2     /W-T1-1  /D:1     /W-T3-1  /T6-T3-2 /T6-T2-1 /T6-T2-1 
/D:1     /W-T1-1  /W-T1-1  /D:2     /W-F0-1  /D:1     /W-T4-1  /T0-T4-1 /T0-F0-1 /T1-F0-1 
/T3-T1-4 /D:1     /W-F3-1  /T1-F3-1 /T1-F2-1 /T1-F1-1 /T4-F3-1 /T4-F2-1 /T4-F1-1 /T1-F2-1 
/W-F1-1  /T0-T5-2 /T0-F1-1 /T5-T0-3 /T5-F3-1 /T0-F3-1 /T0-F2-1 /T1-F3-1 /T5-F2-1 /T0-F3-1 
/T0-F2-1 /T2-F3-1 /T0-F3-1 /T6-T0-1 /T6-F0-1 /T1-F0-1 /T1-F1-1 /T1-F2-1 /T0-F1-1 /T0-F2-1 
/T1-F3-1 /D:1     /W-F0-1  /T2-F0-1 /T2-F1-1 /D:1     /W-F0-1  
"
1010351,p#MY#Tkn#WKoA#iNasv#ISQyzB#rPfqFOL#hXCGgtJlujHmbEVUZdRwecxD,89.000000,1774.000000,45.000000,0.794872,1,"
minimal: 0 / states: 111 / duration: 0.000111s
history:
/T2-F2-1 /T3-F0-1 /T3-F2-1 /T5-F0-1 /T1-T5-1 /T2-T6-1 /T3-T5-1 /T4-T3-1 /T4-T2-1 /T4-F1-1 
/T4-F3-1 /T3-T5-2 /T5-T3-5 /T0-F2-1 /D:1     /W-T3-1  /D:1     /W-T5-1  /D:1     /W-F0-1  
/D:1     /W-T3-1  /D:3     /W-T5-1  /T4-T5-1 /D:1     /W-T1-1  /D:1     /W-T5-1  /T2-T5-2 
/D:3     /W-T0-1  /T6-T0-2 /T6-F3-1 /D:1     /W-F1-1  /D:4     /W-T2-1  /T5-T2-7 /D:2     
/W-T2-1  /D:1     /W-T0-1  /D:1     /W-T6-1  /D:1     /W-F1-1  /W-F1-1  /T6-F1-1 /D:1     
/W-T1-1  /D:1     /W-F0-1  /R       /D:3     /W-T1-1  /D:2     /W-F0-1  /T6-F0-1 /T6-F2-1 
/T6-F1-1 /T6-F3-1 /T5-F3-1 /T2-F3-1 /T6-F2-1 /T2-F2-1 /T5-F3-1 /T2-F3-1 /T3-F0-1 /W-F0-1  
/W-F2-1  /W-F1-1  /T2-F2-1 /T3-F1-1 /T2-F1-1 /T1-F1-1 /T3-F2-1 /T0-F2-1 /T0-F1-1 /T1-F2-1 
/T1-F1-1 /T5-F0-1 /T2-F0-1 /T2-T0-1 /T2-F2-1 /T0-T2-2 /T0-F1-1 /T3-T1-3 /T3-F2-1 /D:2     
/W-F3-1  /W-F3-1  /T1-F3-1 /T1-F0-1 /T2-F3-1 /T1-F3-1 /T2-F0-1 /T1-F0-1 /T2-F3-1 
"
1010358,l#GU#dbe#XwSA#IHNnE#rfhpYB#qmcoPWV#ZzkLuaKtgJvjFQyOTDsixCRM,123.500000,1459.000000,50.000000,0.612500,1,"
minimal: 0 / states: 123 / duration: 0.000119s
history:
/T3-F0-1 /T5-F0-1 /T4-T3-1 /T4-F2-1 /T4-F3-1 /T4-T6-1 /T1-T4-1 /T3-T1-2 /T6-T3-2 /T1-T4-3 
/T4-T6-5 /D:1     /W-T1-1  /D:1     /W-T4-1  /T5-T4-1 /D:2     /W-T1-1  /W-T1-1  /T3-T1-3 
/D:2     /W-F1-1  /D:1     /W-T0-1  /T6-T0-6 /D:2     /W-T1-1  /D:1     /W-T3-1  /D:3     
/W-T1-1  /T2-T1-1 /T2-F1-1 /T5-T2-1 /T2-T0-2 /D:3     /W-F3-1  /T6-F3-1 /T6-F2-1 /T0-F2-1 
/T6-F1-1 /T6-T2-1 /T6-F2-1 /T0-F1-1 /T1-F1-1 /W-T2-1  /W-F3-1  /T3-T2-2 /D:4     /W-T2-1  
/D:1     /W-T4-1  /D:1     /W-F0-1  /D:1     /W-F3-1  /D:1     /W-T3-1  /T0-T3-8 /R       
/D:1     /W-T2-1  /D:1     /W-T5-1  /D:2     /W-T4-1  /W-T4-1  /T5-T4-2 /T5-F1-1 /T5-F2-1 
/D:1     /W-T2-1  /T1-T2-1 /T1-F1-1 /D:1     /W-F0-1  /T3-F0-1 /T2-F0-1 /T3-F3-1 /T3-F0-1 
/T1-F0-1 /T2-F3-1 /T3-F3-1 /T1-F3-1 /T3-F0-1 /T3-F3-1 /T2-T1-2 /T2-F0-1 /T2-F3-1 /T3-F0-1 
/T1-T2-4 /T1-F0-1 /T4-T3-5 /T4-F3-1 /T1-F3-1 /T3-T4-6 /T3-F0-1 /D:1     /W-F2-1  /T4-F2-1 
/T2-F2-1 /T4-F1-1 /T2-F1-1 /T4-F2-1 /T2-F2-1 /T4-F1-1 /T2-F1-1 /T4-F2-1 /T2-F2-1 /T4-F1-1 
/T2-F1-1 /T4-F2-1 
"
1010359,R#wO#mUr#gfZt#HeGBl#WaAYNC#QPyFonS#vdJuihTEXDMLcIkqxzbjpKVs,137.000000,3321.000000,51.000000,0.610465,1,"
minimal: 0 / states: 119 / duration: 0.000121s
history:
/T6-T3-1 /T6-F2-1 /T6-F2-1 /T2-T3-1 /T3-T2-3 /T1-T5-1 /T0-T6-1 /T3-T0-1 /D:2     /W-T2-1  
/T5-T2-2 /T5-F3-1 /T2-F3-1 /D:3     /W-T1-1  /W-T1-1  /D:2     /W-T1-1  /T6-T1-2 /T6-T0-1 
/T6-F3-1 /T6-F3-1 /T1-F3-1 /T2-T3-3 /T2-F3-1 /T3-T2-4 /T1-T3-1 /T1-F3-1 /T3-T1-2 /D:2     
/W-T0-1  /T1-T0-5 /D:2     /W-T1-1  /T4-T1-1 /D:6     /W-T1-1  /D:1     /W-T3-1  /T5-T3-1 
/T5-F0-1 /T4-F0-1 /T5-F1-1 /T2-F0-1 /T5-T1-1 /D:1     /W-F1-1  /D:2     /W-F2-1  /D:1     
/W-T3-1  /W-T3-1  /W-F2-1  /D:2     /R       /D:1     /W-T1-1  /T2-T1-5 /D:4     /W-F0-1  
/W-F0-1  /T0-F0-1 /T4-F0-1 /D:1     /W-T2-1  /D:1     /W-F1-1  /T1-F1-1 /T1-F2-1 /T4-F1-1 
/T1-F1-1 /T0-F1-1 /T4-F0-1 /W-F1-1  /D:1     /W-F0-1  /W-F0-1  /D:1     /W-T2-1  /D:2     
/W-F2-1  /T1-F2-1 /T0-F2-1 /T0-F1-1 /T1-F3-1 /T1-F2-1 /T3-F1-1 /W-F3-1  /T0-F2-1 /T1-F3-1 
/T0-F3-1 /T1-F2-1 /T2-F1-1 /T0-F2-1 /T3-F0-1 /T1-F1-1 /T2-F0-1 /T2-F1-1 /T3-F3-1 /T0-F3-1 
/T1-F0-1 /T3-F2-1 
"
1010364,c#ma#joE#fIZM#JBHgb#XVtLwA#uRCYind#SDePQlGrxTUNzOsyKWpkFhqv,91.000000,1711.000000,32.000000,0.811475,1,"
minimal: 0 / states: 122 / duration: 0.000112s
history:
/T1-F1-1 /T4-F1-1 /T5-F0-1 /T6-T2-1 /T6-F2-1 /T6-T5-1 /T6-T3-1 /T6-T2-1 /T0-F1-1 /T3-T0-2 
/D:2     /W-T6-1  /D:2     /W-T6-1  /D:5     /W-T0-1  /D:3     /W-F3-1  /D:2     /W-F3-1  
/T6-F3-1 /D:1     /W-T4-1  /T6-T4-2 /T4-T6-4 /T4-T5-1 /T4-F0-1 /T2-F0-1 /T6-F0-1 /T2-F1-1 
/T2-F0-1 /T2-F2-1 /T2-T0-1 /T3-T2-1 /T3-T0-1 /D:1     /W-T1-1  /D:3     /W-F2-1  /D:1     
/W-T1-1  /T5-T1-3 /T5-T2-1 /T3-T5-1 /D:1     /W-F0-1  /D:1     /W-T0-1  /T5-T0-2 /T5-T4-1 
/T4-T5-2 /T5-T2-3 /T6-T2-4 /D:1     /W-F2-1  /D:1     /R       /D:2     /W-F1-1  /T0-F1-1 
/W-T0-1  /D:1     /W-F3-1  /T2-F3-1 /T0-F3-1 /D:2     /W-F0-1  /T1-F0-1 /D:1     /W-F2-1  
/T2-F2-1 /T0-F2-1 /T2-F1-1 /T0-F1-1 /T0-F0-1 /T1-F1-1 /T0-F1-1 /T2-F2-1 /T2-T1-1 /T2-F0-1 
/T1-T2-2 /T1-F1-1 /W-F1-1  /D:1     /W-F3-1  /D:1     /W-F3-1  /T2-F3-1 /D:1     /W-T3-1  
/D:1     /W-F0-1  /T2-T1-2 /T2-F0-1 /T0-T3-2 /T0-F0-1 /T1-T2-3 /T1-F1-1 /D:1     /W-F3-1  
/D:1     /W-F2-1  /T2-F2-1 /T2-F3-1 /T3-F2-1 /T2-F2-1 /T3-F3-1 /T2-F3-1 /T3-F2-1 
"
1010377,M#SI#QbA#gqDy#uploX#vjHBnw#cVCmPNf#LYTRteJOsakUEGdrKhFxzWZi,124.500000,2552.000000,60.000000,0.566327,1,"
minimal: 0 / states: 137 / duration: 0.000133s
history:
/T2-F0-1 /T5-T4-1 /T5-F2-1 /T5-F0-1 /T4-T3-2 /T4-F2-1 /T4-T0-1 /T4-F2-1 /D:3     /W-T4-1  
/D:6     /W-T4-1  /D:1     /W-F1-1  /T2-F1-1 /D:2     /W-T1-1  /D:1     /W-T6-1  /T2-T6-1 
/D:1     /W-T1-1  /T6-T1-3 /T6-F3-1 /D:3     /W-T0-1  /D:4     /W-T2-1  /D:1     /W-T0-1  
/T1-T0-6 /D:2     /W-T3-1  /T5-T3-1 /R       /D:2     /W-T2-1  /D:1     /W-T4-1  /D:4     
/W-F3-1  /T6-F3-1 /T3-T6-5 /T3-T4-1 /T3-F2-1 /T3-T6-1 /T6-T3-7 /T6-F0-1 /T0-F3-1 /T4-F0-1 
/T4-F3-1 /T0-F0-1 /T1-F3-1 /T4-T3-1 /T4-F3-1 /T4-T6-1 /D:3     /W-F2-1  /T3-F2-1 /D:2     
/W-F0-1  /D:1     /W-T2-1  /T5-T2-1 /W-T5-1  /T0-T5-2 /T0-F3-1 /T5-T2-4 /D:1     /W-T1-1  
/R       /D:1     /W-T1-1  /D:1     /W-F2-1  /T6-F2-1 /T6-F3-1 /T6-F1-1 /T2-T0-3 /T2-F2-1 
/T0-T2-4 /T0-F3-1 /D:3     /W-T1-1  /T3-T1-4 /T3-F3-1 /D:1     /W-F1-1  /R       /D:1     
/W-F1-1  /T2-F1-1 /T1-F1-1 /T2-F0-1 /T1-F0-1 /T2-F1-1 /T1-F1-1 /T1-F2-1 /T2-F0-1 /T2-F1-1 
/T2-F2-1 /T1-F1-1 /T3-F2-1 /T2-F3-1 /T2-F2-1 /T1-T3-1 /T1-F3-1 /D:1     /W-F0-1  /T0-F0-1 
/T0-F1-1 /T3-F0-1 /T0-F0-1 /T3-F1-1 
"
1010393,l#yG#bhn#XHcf#JgzjD#rpwToQ#iPYdCMB#mNZkqKvueIRsOALWaSFExtVU,100.500000,987.000000,44.000000,0.660256,1,"
minimal: 0 / states: 126 / duration: 0.000127s
history:
/T2-F2-1 /T3-T1-1 /T6-T3-1 /T3-T4-2 /T1-T2-2 /T0-T6-1 /T6-T0-2 /T6-T5-1 /D:2     /W-F3-1  
/D:2     /W-T1-1  /D:2     /W-T0-1  /D:7     /W-F3-1  /D:1     /W-F0-1  /T4-F0-1 /T5-F0-1 
/D:2     /W-T0-1  /D:1     /W-F1-1  /D:3     /W-T2-1  /T5-T2-1 /T5-F2-1 /T5-T3-1 /T5-T1-1 
/T5-F2-1 /T6-T5-1 /W-T3-1  /D:1     /W-T6-1  /D:2     /W-T1-1  /T3-T1-3 /D:1     /R       
/D:3     /W-F2-1  /D:1     /W-T0-1  /T2-T0-5 /T2-F1-1 /T4-F1-1 /T5-F1-1 /T4-F0-1 /T4-T6-1 
/T4-T2-1 /T6-T2-3 /T6-F3-1 /T0-F3-1 /T0-F0-1 /T5-F2-1 /T1-F0-1 /W-T5-1  /T1-T5-6 /W-T1-1  
/D:1     /W-T6-1  /T4-T6-1 /T4-T3-1 /T6-T3-3 /D:1     /W-F1-1  /T0-F1-1 /T0-F0-1 /T3-F1-1 
/T0-F1-1 /T5-T3-1 /T5-F0-1 /T3-T5-2 /T3-F1-1 /T2-F1-1 /D:1     /W-F0-1  /T3-F0-1 /T0-T2-2 
/T0-F0-1 /T5-T3-4 /T5-F1-1 /T0-F1-1 /T1-F1-1 /T3-T5-5 /D:1     /W-F3-1  /D:1     /W-F2-1  
/D:1     /W-F0-1  /T0-F0-1 /D:1     /W-F3-1  /T5-F3-1 /D:1     /W-F2-1  /T5-F2-1 /T2-F2-1 
/D:1     /W-F3-1  /T5-F3-1 /T2-F3-1 /T5-F2-1 /T2-F2-1 /T5-F3-1 /T2-F3-1 /T5-F2-1 /T2-F2-1 
/T5-F3-1 
"
1010396,f#CL#GyK#EhwN#nQdWD#jsMJHi#evYTZPA#zOSlqIpkVtabcUugFBrRoxmX,95.000000,825.000000,44.000000,0.603896,1,"
minimal: 0 / states: 115 / duration: 0.000117s
history:
/T3-F3-1 /T6-F0-1 /T5-T3-1 /T6-T4-1 /T5-T3-1 /T1-T6-1 /D:2     /W-F3-1  /T4-F3-1 /D:6     
/W-T6-1  /T5-T6-1 /D:1     /W-T6-1  /D:2     /W-F1-1  /D:1     /W-F1-1  /D:1     /W-F1-1  
/D:2     /W-T6-1  /D:1     /W-T3-1  /D:1     /W-T3-1  /D:1     /W-F0-1  /T1-F0-1 /T4-F0-1 
/T6-T1-6 /T4-T2-1 /T4-F1-1 /T4-F3-1 /T4-F2-1 /T6-T1-1 /T2-T6-2 /T5-T4-1 /T6-T4-3 /T5-T1-1 
/T6-T4-1 /T6-F1-1 /T0-F1-1 /W-T4-1  /W-T4-1  /D:2     /W-F3-1  /D:1     /W-F2-1  /D:2     
/W-T0-1  /T2-T0-1 /D:1     /W-T0-1  /T3-T0-5 /T2-T3-1 /R       /D:1     /W-T2-1  /D:1     
/W-F3-1  /D:1     /W-T2-1  /D:2     /W-T5-1  /T3-T5-2 /T3-F0-1 /T0-F0-1 /T5-F0-1 /T0-F1-1 
/T0-F0-1 /T5-F1-1 /T0-F1-1 /T5-F0-1 /T5-F1-1 /T1-T0-4 /T1-F0-1 /T1-F1-1 /T2-F1-1 /D:1     
/W-F2-1  /W-F2-1  /D:1     /W-F2-1  /T0-F2-1 /T0-F3-1 /T4-F2-1 /T0-F2-1 /T4-F3-1 /T0-F3-1 
/T4-F2-1 /T0-F2-1 /T4-F3-1 /T0-F3-1 /T4-F0-1 /T1-F0-1 /T4-F3-1 /T4-F0-1 /T1-F3-1 /D:1     
/W-F2-1  /T0-F2-1 /T0-F1-1 /T2-F2-1 
"
1010410,i#CB#UJZ#eXIA#hFVMG#yodqTY#StmvKrQ#DxfwnbOkzaHpWcERPuNsglLj,143.000000,3403.000000,49.000000,0.559524,1,"
minimal: 0 / states: 132 / duration: 0.000131s
history:
/T3-F0-1 /T1-F0-1 /T1-T6-1 /T2-T1-1 /T6-F0-1 /T0-T2-1 /D:1     /W-F0-1  /D:1     /W-T5-1  
/D:1     /W-T4-1  /D:2     /W-F2-1  /D:4     /W-T0-1  /T5-T0-2 /D:1     /W-F1-1  /D:1     
/W-T2-1  /T5-T2-1 /D:1     /W-T6-1  /D:1     /W-T0-1  /T3-T0-1 /T2-T3-4 /T4-T2-2 /T2-T0-3 
/T4-T2-1 /D:1     /W-T5-1  /D:1     /W-T0-1  /T6-T0-2 /T0-T6-2 /T0-F0-1 /T6-T0-3 /D:3     
/W-T4-1  /D:1     /W-F3-1  /D:1     /W-T3-1  /D:1     /W-T4-1  /D:1     /W-T2-1  /T6-T2-1 
/D:1     /W-T1-1  /T3-T1-6 /T5-T3-2 /T3-T1-3 /D:1     /W-T2-1  /T6-T2-1 /T6-T3-1 /R       
/D:2     /W-F1-1  /T1-F1-1 /T5-F1-1 /T5-F2-1 /T0-F2-1 /T1-F2-1 /T1-F1-1 /T5-T3-1 /D:1     
/W-F3-1  /D:1     /W-T3-1  /W-T3-1  /T4-T3-3 /T4-F0-1 /T6-T4-1 /T0-T4-3 /T0-F0-1 /T4-T6-2 
/T4-F1-1 /T3-F1-1 /T1-T3-2 /T1-F0-1 /T0-T2-1 /T0-F0-1 /T4-T2-1 /T4-F1-1 /T1-F1-1 /T1-F0-1 
/T2-T0-3 /T2-F1-1 /T2-F0-1 /T3-T1-5 /T3-F1-1 /T2-F1-1 /T1-T3-6 /T1-F0-1 /T2-F0-1 /T3-T1-7 
/T3-F1-1 /T6-T0-3 /D:1     /W-T1-1  /D:1     /W-F3-1  /T0-F3-1 /T0-F2-1 /T1-F3-1 /T0-F3-1 
/T1-F2-1 /T0-F2-1 /T1-F3-1 /T0-F3-1 /T1-F2-1 /T0-F2-1 /T1-F3-1 /T0-F3-1 /T1-F2-1 /T0-F2-1 
/T1-F3-1 /T0-F3-1 /T1-F2-1 /T0-F2-1 /T1-F3-1 
"
1010427,G#vS#crA#DHsI#obNJh#PCwXyY#gtWMkjV#zROnULaxflBpZEFTQqKeidum,111.000000,1366.000000,44.000000,0.628378,1,"
minimal: 0 / states: 123 / duration: 0.000122s
history:
/T2-F0-1 /T4-T3-1 /T6-T4-1 /T3-T6-2 /T1-T0-1 /T2-T0-1 /T0-T6-3 /D:1     /W-T0-1  /T5-T0-1 
/D:1     /W-T3-1  /D:2     /W-F2-1  /D:1     /W-T1-1  /D:2     /W-F1-1  /D:1     /W-T0-1  
/T6-T0-6 /T6-T5-1 /T4-T5-2 /T4-F3-1 /T4-F1-1 /T4-F2-1 /T6-T4-1 /T2-F1-1 /T1-T6-2 /D:2     
/W-T4-1  /D:1     /W-F0-1  /D:1     /W-F2-1  /D:1     /W-T1-1  /T5-T1-4 /D:4     /W-T0-1  
/D:1     /W-F2-1  /D:1     /W-T4-1  /T6-T4-3 /T6-T4-1 /T3-T6-2 /T3-T1-1 /W-T1-1  /W-T1-1  
/T3-T6-1 /D:1     /W-T1-1  /D:2     /W-F1-1  /T1-F1-1 /D:2     /W-T2-1  /R       /D:1     
/W-F3-1  /D:1     /W-T2-1  /T5-T2-1 /T5-T2-1 /T5-F0-1 /T5-F3-1 /T0-F3-1 /T0-F2-1 /T6-F0-1 
/T6-F3-1 /T6-F2-1 /T0-F3-1 /T4-F2-1 /T1-T6-1 /T1-F3-1 /T4-F3-1 /T6-T1-2 /D:1     /W-F1-1  
/D:1     /W-F0-1  /T1-F0-1 /T0-F0-1 /T1-F1-1 /T0-F1-1 /T1-F0-1 /T0-F0-1 /T1-F3-1 /T1-F0-1 
/T4-T0-1 /T4-F3-1 /T4-F0-1 /T2-T1-1 /T2-F3-1 /T2-F0-1 /T0-T4-3 /T0-F3-1 /T1-T2-3 /T1-F3-1 
/T4-T0-4 /T4-F0-1 /D:1     /W-F1-1  /D:1     /W-F2-1  /T0-F2-1 /T0-F1-1 /T2-F2-1 /T0-F2-1 
/T2-F1-1 /T0-F1-1 /T2-F2-1 /T0-F2-1 /T2-F1-1 
"
1010452,b#HY#wKR#gjkX#ZGxzN#sLCcWJ#TBUDvaO#IePymEQFhrfuAdVlMipStnqo,90.500000,1275.000000,30.000000,0.761905,1,"
minimal: 0 / states: 123 / duration: 0.000122s
history:
/T4-F3-1 /T6-F3-1 /T6-F1-1 /T0-F1-1 /T5-T3-1 /T6-T5-1 /T4-T0-1 /T5-T4-2 /T5-F1-1 /T6-T2-1 
/T4-T1-3 /T6-T1-1 /T1-T0-5 /T4-T0-1 /F1-T2-1 /T6-T2-1 /T6-T1-1 /D:3     /W-F3-1  /D:1     
/W-T4-1  /T3-T4-2 /D:1     /W-T6-1  /D:2     /W-F3-1  /D:1     /W-T1-1  /T2-T1-4 /D:3     
/W-T0-1  /W-T0-1  /F3-T0-1 /T5-T0-1 /T3-T5-1 /T3-T2-1 /T5-T6-2 /T5-T3-1 /D:2     /W-F0-1  
/T1-F0-1 /T0-F0-1 /T0-F3-1 /T1-F1-1 /T1-F0-1 /T1-F3-1 /D:1     /W-F1-1  /D:1     /W-T4-1  
/W-T4-1  /T3-T4-2 /D:2     /W-T3-1  /W-T3-1  /T2-T3-2 /T2-T6-1 /D:1     /W-T6-1  /T1-T6-3 
/D:2     /W-F3-1  /D:2     /W-F2-1  /D:2     /W-F2-1  /R       /D:1     /W-T3-1  /D:1     
/W-F1-1  /D:1     /W-F0-1  /T6-F0-1 /T6-F3-1 /D:1     /W-T3-1  /T0-T3-3 /T0-F3-1 /D:1     
/W-F2-1  /D:2     /W-F2-1  /T3-F2-1 /T3-F1-1 /T3-F0-1 /T4-F2-1 /T4-F1-1 /T6-F0-1 /W-F2-1  
/T3-F1-1 /T3-F0-1 /T4-F2-1 /T0-F2-1 /T4-F3-1 /T0-F3-1 /T6-F1-1 /T3-F1-1 /T4-F0-1 /T3-F0-1 
/T6-F2-1 /T0-F2-1 /T4-F3-1 /T0-F3-1 /T6-F1-1 /T3-F1-1 /T4-F2-1 /T0-F2-1 /T6-F0-1 /T3-F0-1 
/T4-F3-1 /T6-F1-1 
"
1010459,E#cL#sHM#SQXU#PgyKa#zmRJrC#IvflGNA#thWOwZkTqijDudponeFYBVxb,70.000000,463.000000,21.000000,0.953488,1,"
minimal: 0 / states: 114 / duration: 0.000117s
history:
/T4-F1-1 /T6-F0-1 /T6-F3-1 /T6-T3-1 /T4-T6-1 /T6-T2-2 /T6-T3-1 /T3-T6-3 /T3-T1-1 /T5-T3-1 
/T5-T6-1 /T5-T1-1 /T3-T0-2 /T0-T3-3 /T2-T0-3 /D:3     /W-T0-1  /T6-T0-5 /W-T6-1  /W-T6-1  
/T3-T6-4 /D:1     /W-F3-1  /D:2     /W-T3-1  /T4-T3-1 /T4-T2-1 /T4-F3-1 /D:1     /W-T3-1  
/W-T3-1  /D:2     /W-T5-1  /D:1     /W-T1-1  /T2-T1-2 /T5-T2-2 /T1-T5-6 /T5-T4-7 /T1-T2-1 
/T2-T4-4 /D:4     /W-T0-1  /T6-T0-1 /T6-F3-1 /D:2     /W-T4-1  /D:1     /W-F2-1  /T4-F2-1 
/W-F2-1  /D:3     /W-T5-1  /D:1     /W-F0-1  /T0-F0-1 /D:1     /W-T3-1  /D:1     /W-T5-1  
/D:1     /W-F1-1  /T4-F1-1 /T0-F1-1 /T4-F2-1 /T0-F2-1 /T4-F3-1 /T4-F2-1 /T6-T0-1 /T6-F3-1 
/T6-F2-1 /W-T4-1  /W-F1-1  /W-F2-1  /W-F0-1  /T0-F0-1 /T0-F1-1 /T4-F0-1 /T0-F0-1 /T4-F1-1 
/T6-F1-1 /T4-F0-1 /T4-F1-1 /T6-F0-1 /T4-F0-1 /W-F1-1  /W-F3-1  /T0-F3-1 /T0-F2-1 /T3-F3-1 
/T0-F3-1 /T0-F0-1 /T3-F2-1 /T3-F1-1 /T4-F3-1 /T4-F0-1 /T5-F2-1 /T0-F1-1 /T3-F2-1 /T4-F1-1 
/T5-F3-1 /T0-F0-1 /T3-F3-1 /T5-F2-1 
"
1010476,m#KX#fIu#rNAn#kLtzH#MDSoRV#WJQTdBO#blewycqgEjivaPhUsCZGYxpF,94.500000,969.000000,34.000000,0.741667,1,"
minimal: 0 / states: 120 / duration: 0.000115s
history:
/T3-F2-1 /T3-F0-1 /T3-F3-1 /T6-F3-1 /T6-F0-1 /T4-T5-1 /T6-T3-1 /T6-T2-1 /D:2     /W-T4-1  
/D:2     /W-T1-1  /T5-T1-2 /D:1     /W-T0-1  /T1-T0-4 /T1-T4-1 /T4-T1-3 /D:2     /W-T5-1  
/W-T5-1  /D:1     /W-T0-1  /D:2     /W-T1-1  /D:2     /W-T1-1  /D:1     /W-F1-1  /D:1     
/W-F3-1  /T6-F3-1 /W-T6-1  /T2-T6-2 /D:1     /W-T1-1  /T4-T1-1 /D:1     /W-T2-1  /D:1     
/W-T0-1  /T5-T0-3 /T5-F2-1 /T5-T1-1 /W-T1-1  /D:1     /W-F0-1  /T5-F0-1 /T1-F0-1 /T3-T1-2 
/D:1     /W-T3-1  /T4-T3-1 /T6-T4-4 /T2-T6-2 /T4-T3-5 /D:1     /W-T6-1  /T2-T6-1 /D:1     
/W-T5-1  /D:1     /W-T5-1  /T6-T5-5 /D:1     /W-F2-1  /D:1     /W-F0-1  /R       /D:1     
/W-F1-1  /T0-F1-1 /T0-F2-1 /T0-F3-1 /T1-F1-1 /T1-F2-1 /T1-F3-1 /T0-F2-1 /T3-F3-1 /T1-F2-1 
/T3-F2-1 /T5-T1-2 /T5-F3-1 /T0-T3-2 /T0-F3-1 /T1-T5-3 /T1-F2-1 /T0-F2-1 /T5-T1-4 /T5-F3-1 
/T0-F3-1 /T5-F2-1 /T0-F2-1 /T5-F3-1 /T1-T5-7 /T1-F2-1 /T3-T0-6 /T3-F3-1 /D:1     /W-F1-1  
/T5-F1-1 /T0-F1-1 /T5-F0-1 /T0-F0-1 /T5-F1-1 /T0-F1-1 /T5-F0-1 /T0-F0-1 /T5-F1-1 /T0-F1-1 
/T5-F0-1 /T0-F0-1 /T5-F1-1 /T0-F1-1 /T5-F0-1 
"
1010494,u#Ul#WBi#jOcw#RrkYb#SIMzFo#DLCEfvx#AaJNqspnTygQVdPGmZXhteHK,80.500000,507.000000,22.000000,0.855769,1,"
minimal: 0 / states: 122 / duration: 0.000113s
history:
/T6-T1-1 /T2-T3-1 /T0-T3-1 /D:1     /W-F0-1  /T2-F0-1 /T6-T2-1 /T2-T1-2 /D:1     /W-F1-1  
/T4-F1-1 /D:2     /W-F3-1  /D:4     /W-F2-1  /T5-F2-1 /W-F2-1  /D:1     /W-T3-1  /T5-T3-1 
/T4-T5-1 /T3-T4-5 /T3-F1-1 /T3-F3-1 /T5-T0-2 /T5-T2-1 /T1-T2-4 /T5-T3-1 /T1-T2-1 /D:5     
/W-F1-1  /D:1     /W-F3-1  /D:1     /W-T2-1  /T6-T2-1 /T6-T2-1 /T6-F0-1 /T4-T6-6 /T4-T5-1 
/T4-T6-1 /D:1     /W-T1-1  /T6-T1-8 /T6-F0-1 /T2-F0-1 /D:1     /W-T4-1  /D:2     /W-T3-1  
/D:1     /W-T3-1  /T5-T3-2 /D:1     /W-F1-1  /T2-F1-1 /D:2     /W-T0-1  /T3-T0-6 /R       
/D:2     /W-F2-1  /T0-F2-1 /D:1     /W-F2-1  /T0-T2-1 /T0-F2-1 /D:1     /W-T4-1  /D:1     
/W-F1-1  /T0-F1-1 /D:1     /W-F3-1  /T1-F3-1 /T1-F0-1 /T2-F3-1 /T1-F3-1 /T1-F2-1 /T2-F0-1 
/T2-F3-1 /T2-F2-1 /T1-F1-1 /T1-F2-1 /T0-T2-1 /T0-F1-1 /T1-F1-1 /T2-T0-2 /T2-F2-1 /T2-F1-1 
/T4-F2-1 /T0-T2-4 /T0-F2-1 /T1-T4-1 /T1-F1-1 /D:1     /W-F3-1  /D:1     /W-T4-1  /W-T4-1  
/D:1     /W-F0-1  /T2-F0-1 /T2-F3-1 /T4-F0-1 /T2-F0-1 /T4-F3-1 /T2-F3-1 /T4-F0-1 /T2-F0-1 
/T4-F3-1 
"
1010511,R#ML#dya#NgcD#sIxiE#vZCBzA#PmoJwFX#QThbWUSKGtnkOjqHVrufplYe,107.000000,2775.000000,49.000000,0.564935,1,"
minimal: 0 / states: 127 / duration: 0.000150s
history:
/T2-F1-1 /T5-F0-1 /T6-T1-1 /T3-T0-1 /T3-T0-1 /T6-T3-1 /T6-T1-1 /T0-T3-3 /T5-T0-1 /T5-F0-1 
/T5-F0-1 /T1-T5-3 /D:1     /W-T4-1  /D:3     /W-F1-1  /T3-F1-1 /T3-F0-1 /D:7     /W-F2-1  
/D:1     /W-T2-1  /T6-T2-1 /T6-F2-1 /T2-T6-3 /T2-F1-1 /T5-T2-4 /D:3     /W-T3-1  /D:2     
/W-T2-1  /W-T2-1  /T3-T2-4 /T3-F3-1 /T6-T3-4 /T6-T2-1 /D:4     /W-F2-1  /D:1     /W-T0-1  
/D:1     /W-T1-1  /D:1     /W-F1-1  /W-F1-1  /R       /D:2     /W-T5-1  /D:4     /W-T0-1  
/D:1     /W-T5-1  /W-T5-1  /T4-T5-2 /T4-T3-1 /T4-T1-1 /W-T4-1  /W-T0-1  /T4-T0-2 /D:1     
/W-T0-1  /D:1     /W-F3-1  /T2-F3-1 /T2-F2-1 /T5-F3-1 /T2-F3-1 /T5-F0-1 /T2-F0-1 /T2-F1-1 
/T5-F3-1 /T5-F0-1 /T2-F0-1 /T5-F1-1 /T3-F1-1 /W-F3-1  /T0-T5-2 /T0-F0-1 /T3-F0-1 /T0-T1-1 
/T0-F0-1 /T5-T1-3 /D:1     /W-F1-1  /T3-F1-1 /T0-F1-1 /T2-T3-3 /T2-F0-1 /T1-T0-6 /T1-F0-1 
/T3-T2-4 /T3-F1-1 /D:1     /W-F2-1  /T4-F2-1 /T0-F2-1 /T0-F3-1 /T2-F3-1 /D:1     /W-F2-1  
/T0-F2-1 /T0-F3-1 /T2-F2-1 /T0-F2-1 /T2-F3-1 /T0-F3-1 /T2-F2-1 /T0-F2-1 /T2-F3-1 
"
1010512,s#iN#gpu#vUox#dEPOl#jDrzkM#JmQSqeh#XCcLFaRWYVKHtTIfyZAnwbGB,111.000000,1902.000000,40.000000,0.721519,1,"
minimal: 0 / states: 116 / duration: 0.000122s
history:
/T1-F3-1 /T4-T5-1 /T4-F3-1 /T4-F3-1 /T3-T5-1 /T2-T1-1 /D:6     /W-F1-1  /D:1     /W-T0-1  
/D:1     /W-T5-1  /D:5     /W-T6-1  /D:1     /W-T1-1  /T0-T1-2 /T5-T0-4 /D:1     /W-T0-1  
/T6-T0-2 /D:1     /W-T0-1  /T4-T0-1 /T2-T4-1 /T4-T0-2 /D:2     /W-T4-1  /W-T4-1  /T5-T4-1 
/D:1     /W-F0-1  /D:1     /W-F2-1  /T3-F2-1 /T0-F2-1 /D:1     /W-T4-1  /T1-T4-5 /T5-T1-1 
/D:1     /W-F1-1  /D:1     /W-T3-1  /D:1     /W-F0-1  /R       /D:2     /W-F0-1  /D:1     
/W-F1-1  /T0-F1-1 /T6-F1-1 /T6-F2-1 /T5-F2-1 /T5-F0-1 /T6-T3-1 /T6-F3-1 /T0-F0-1 /T0-F1-1 
/T4-F3-1 /T3-F3-1 /T4-F2-1 /T0-F2-1 /T2-F1-1 /T6-T2-1 /T0-F1-1 /T3-T0-2 /T4-F3-1 /T4-F2-1 
/T3-F2-1 /T4-F1-1 /T4-F2-1 /T5-F1-1 /T4-F1-1 /W-T4-1  /T6-T4-1 /D:1     /W-T2-1  /D:1     
/W-F0-1  /T0-F0-1 /T0-F3-1 /D:1     /W-T1-1  /T0-T1-3 /T0-F1-1 /D:1     /W-F3-1  /D:2     
/W-F0-1  /T1-F0-1 /T1-F3-1 /T1-F2-1 /T4-F0-1 /T4-F3-1 /T4-F2-1 /W-F0-1  /T1-F3-1 /T1-F2-1 
/T2-F0-1 /T0-F0-1 /T2-F1-1 /T4-F3-1 
"
1010520,X#Jo#mOb#ZRDC#Escjn#kxQFTv#WhLlKza#APwigGMqVfUdeyNpBtHurYSI,125.500000,2926.000000,42.000000,0.654321,1,"
minimal: 0 / states: 119 / duration: 0.000113s
history:
/T4-F2-1 /T1-F2-1 /T6-F1-1 /T2-F1-1 /T5-T4-1 /T2-T3-1 /T1-T0-1 /T6-T1-1 /T4-T6-2 /T4-F1-1 
/T4-T5-1 /D:1     /W-F0-1  /D:3     /W-T0-1  /D:7     /W-T6-1  /D:1     /W-T4-1  /T3-T4-2 
/D:1     /W-T5-1  /T3-T5-1 /D:1     /W-T2-1  /T0-T2-3 /D:1     /W-F3-1  /T4-F3-1 /D:1     
/W-F2-1  /D:1     /W-F0-1  /T4-F0-1 /T4-F1-1 /T5-F0-1 /T4-F0-1 /T5-F1-1 /T3-T5-1 /W-F1-1  
/D:1     /W-T6-1  /D:1     /W-T2-1  /T5-T2-3 /T5-F0-1 /D:3     /W-T1-1  /T6-T1-5 /D:1     
/W-T1-1  /W-T1-1  /T5-T1-1 /T5-T6-1 /D:1     /R       /D:1     /W-F3-1  /T1-F3-1 /T2-F3-1 
/D:1     /W-T5-1  /D:1     /W-F1-1  /D:1     /W-F0-1  /D:1     /W-T0-1  /T6-T0-2 /T6-T3-1 
/T6-F1-1 /T5-T3-2 /T6-T0-1 /D:1     /W-F2-1  /T1-F2-1 /T1-F3-1 /T2-F2-1 /T1-F2-1 /T2-F3-1 
/T1-F3-1 /T2-F0-1 /T2-F1-1 /T1-T0-1 /T1-F1-1 /D:1     /W-F3-1  /D:1     /W-F2-1  /T0-F2-1 
/T3-F2-1 /T0-F3-1 /T0-F2-1 /T3-F1-1 /T0-F1-1 /T2-T3-2 /T2-F2-1 /T2-F1-1 /T1-T0-2 /T1-F2-1 
/D:1     /W-F0-1  /T3-F0-1 /T0-F0-1 /T3-F3-1 /T0-F3-1 /T3-F0-1 /T0-F0-1 /T3-F3-1 
"
1010522,K#tO#pmX#BRIj#VwkTh#rgxQEL#iSDoCPZ#aJYdMzGNsWHblyUvquAcFnfe,125.000000,1355.000000,40.000000,0.648810,1,"
minimal: 0 / states: 125 / duration: 0.000119s
history:
/T5-T6-1 /T3-T0-1 /T4-T3-1 /T2-T6-1 /T3-T0-2 /D:1     /W-F1-1  /D:1     /W-T6-1  /D:2     
/W-T5-1  /D:3     /W-T0-1  /D:1     /W-F3-1  /T1-F3-1 /D:1     /W-T4-1  /T3-T4-1 /D:3     
/W-F1-1  /D:2     /W-T2-1  /D:3     /W-T4-1  /D:2     /W-F0-1  /T3-F0-1 /T6-T3-4 /T6-F3-1 
/T6-F0-1 /F3-T4-1 /T6-T4-1 /T6-F0-1 /T5-T6-2 /T6-T0-3 /T6-T3-1 /T2-T6-2 /W-T3-1  /T4-T3-6 
/T4-T6-1 /T4-T6-1 /T2-T0-1 /T4-T6-1 /D:1     /W-F1-1  /T0-T5-1 /T0-F1-1 /T5-T0-2 /D:2     
/W-F2-1  /T3-F2-1 /T0-F2-1 /T3-F3-1 /T0-F3-1 /T0-F0-1 /T3-F2-1 /T3-F3-1 /T0-F3-1 /W-F0-1  
/T0-F0-1 /T1-T0-1 /D:1     /W-T0-1  /D:1     /W-F1-1  /T0-F1-1 /R       /D:2     /W-T1-1  
/W-T1-1  /T5-T1-1 /T5-F1-1 /T5-F2-1 /T3-F2-1 /T0-F2-1 /T0-F1-1 /T3-F3-1 /T3-F2-1 /T3-F1-1 
/D:1     /W-T2-1  /D:1     /W-T1-1  /T0-T1-1 /T0-F1-1 /D:1     /W-F0-1  /T1-F0-1 /T3-F0-1 
/T0-F0-1 /T6-T3-2 /T6-F1-1 /T3-T6-3 /T3-F0-1 /T1-T2-3 /T1-F0-1 /D:1     /W-F1-1  /T6-T3-4 
/T6-F1-1 /D:1     /W-F3-1  /T3-F3-1 /T2-F3-1 /D:1     /W-F2-1  /T3-F2-1 /T2-F2-1 /T3-F3-1 
/T2-F3-1 /T3-F2-1 /T2-F2-1 /T3-F3-1 
"
1010548,f#KP#cWb#VLjy#lHYBN#pksOmM#QJErnwU#XSFgvRCqTZiDtdAxuehIzGoa,123.500000,3160.000000,48.000000,0.571429,1,"
minimal: 0 / states: 127 / duration: 0.000125s
history:
/T4-F3-1 /T4-T1-1 /T4-T5-1 /D:1     /W-T3-1  /D:3     /W-T4-1  /W-T4-1  /D:2     /W-T4-1  
/D:2     /W-T4-1  /T1-T4-2 /T1-T5-1 /T5-T1-3 /T3-T5-2 /T3-T1-1 /D:5     /W-T6-1  /T0-T6-1 
/T5-T0-3 /T5-F3-1 /D:2     /W-F0-1  /T4-F0-1 /T4-F3-1 /D:3     /W-T5-1  /D:2     /W-T1-1  
/T6-T1-3 /T6-T0-1 /T6-F2-1 /T6-T1-1 /D:3     /W-F2-1  /D:1     /W-F1-1  /T2-F1-1 /R       
/D:2     /W-T2-1  /D:1     /W-F0-1  /D:3     /W-T0-1  /T4-T0-5 /D:1     /W-F0-1  /T6-F0-1 
/D:1     /W-T1-1  /D:1     /W-T4-1  /T2-T4-2 /T2-F1-1 /W-T2-1  /T3-T2-1 /T1-F1-1 /T5-F1-1 
/T0-T5-2 /T0-F0-1 /T5-T0-3 /T5-T2-1 /T5-F2-1 /T0-F2-1 /T6-T2-1 /T6-F3-1 /T0-F3-1 /T1-F2-1 
/T0-F2-1 /T1-F1-1 /T0-F1-1 /T1-F2-1 /W-T0-1  /W-F3-1  /T0-F3-1 /T1-F3-1 /T3-F3-1 /D:1     
/W-F2-1  /T4-F2-1 /T4-F3-1 /T0-T2-2 /T0-F2-1 /T0-F3-1 /T4-F2-1 /T0-F2-1 /T1-T4-3 /T1-F3-1 
/T2-T0-5 /T2-F3-1 /T4-T1-4 /D:1     /W-F1-1  /D:1     /W-F2-1  /D:1     /W-F0-1  /T0-F0-1 
/T0-F1-1 /T1-F0-1 /T0-F0-1 /T1-F1-1 /T0-F1-1 /T1-F0-1 /T0-F0-1 /T1-F1-1 /T0-F1-1 /T1-F0-1 
"
1010552,b#Ui#jJk#fhBQ#XsWGq#vtyeCa#FcZNgPw#DuRLAnMIzOVToSmpdHrYKxlE,125.000000,1789.000000,38.000000,0.688312,1,"
minimal: 0 / states: 112 / duration: 0.000114s
history:
/T5-F1-1 /T0-F1-1 /T6-T2-1 /T6-T4-1 /T5-T3-1 /T4-T5-2 /T1-T2-1 /T4-T1-1 /D:2     /W-T2-1  
/T6-T2-1 /T6-F3-1 /T6-T0-1 /T6-F1-1 /T5-T6-3 /T2-T5-5 /T5-T0-6 /T6-T0-4 /D:3     /W-F0-1  
/D:1     /W-F2-1  /D:1     /W-T6-1  /D:1     /W-T4-1  /T1-T4-2 /D:1     /W-T1-1  /D:1     
/W-F3-1  /T0-F3-1 /D:1     /W-T2-1  /D:2     /W-F2-1  /D:1     /W-T4-1  /D:2     /W-F2-1  
/T0-F2-1 /D:1     /W-F1-1  /T0-F1-1 /D:1     /W-T2-1  /D:1     /W-T4-1  /T3-T4-2 /T3-F0-1 
/T4-F0-1 /T4-F3-1 /T4-F2-1 /T5-T3-1 /T3-T5-2 /T3-F1-1 /W-T3-1  /W-T2-1  /T0-T2-1 /T0-F1-1 
/W-T3-1  /W-F3-1  /W-F0-1  /T4-F3-1 /D:1     /W-T1-1  /D:1     /W-T1-1  /T4-T1-4 /T4-F2-1 
/T5-F2-1 /T2-T4-5 /T0-F2-1 /T5-F1-1 /T0-F1-1 /T2-F1-1 /T5-F2-1 /T0-F2-1 /T0-F1-1 /T4-T0-6 
/D:1     /W-F2-1  /T0-T3-6 /T0-F2-1 /T1-T6-6 /T1-F2-1 /D:1     /W-F1-1  /T3-T0-7 /T3-F1-1 
/D:1     /W-F0-1  /T0-F0-1 /T0-F3-1 /T6-F0-1 /T0-F0-1 /T6-F3-1 /T0-F3-1 /T6-F0-1 /T0-F0-1 
/T6-F3-1 /T0-F3-1 /T6-F0-1 /T0-F0-1 /T6-F3-1 /T0-F3-1 /T6-F0-1 
"
1010558,I#MC#BiF#Oqdn#Twbpg#jxuVWE#htcYoJa#zXskNePQZrLmKRyHASGlUvfD,145.500000,3342.000000,51.000000,0.608696,1,"
minimal: 0 / states: 127 / duration: 0.000126s
history:
/T3-F2-1 /T6-F1-1 /T2-T4-1 /T3-T5-1 /T1-T5-1 /T2-T6-1 /D:5     /W-F3-1  /D:1     /W-T4-1  
/T3-T4-1 /T3-F3-1 /D:1     /W-F3-1  /D:1     /W-F3-1  /D:1     /W-T3-1  /D:2     /W-T3-1  
/D:3     /W-F3-1  /D:2     /W-T6-1  /T4-T6-4 /D:1     /W-F0-1  /T2-F0-1 /T5-F0-1 /T4-T5-1 
/T4-F1-1 /D:1     /W-F3-1  /D:2     /W-T1-1  /D:1     /W-T0-1  /W-T0-1  /F3-T0-1 /T5-T0-3 
/T0-T5-7 /D:3     /W-F0-1  /R       /D:1     /W-T0-1  /D:1     /W-T3-1  /T6-T3-7 /T6-F2-1 
/T5-F2-1 /T6-T0-1 /T6-F1-1 /T3-F2-1 /T5-F1-1 /T3-F1-1 /T5-F0-1 /T3-F0-1 /T5-F3-1 /T5-F0-1 
/T6-T5-1 /D:1     /W-T3-1  /D:2     /W-F2-1  /T3-F2-1 /T5-F2-1 /D:1     /W-T2-1  /D:1     
/W-T0-1  /T5-T0-3 /T5-T4-1 /T5-F2-1 /T5-T1-1 /T5-T1-1 /D:1     /W-T2-1  /W-T2-1  /T4-T2-2 
/T4-F3-1 /T0-F3-1 /T2-F3-1 /T0-T1-1 /T0-F3-1 /T6-T1-1 /D:1     /W-F2-1  /T2-F2-1 /T1-T0-3 
/T1-F2-1 /T3-T2-4 /T3-F3-1 /T0-T1-4 /T0-F3-1 /T2-T3-5 /T2-F2-1 /T0-F2-1 /T3-T2-6 /T3-F3-1 
/D:1     /W-F1-1  /T2-F1-1 /T1-F1-1 /T2-F0-1 /T1-F0-1 /T2-F1-1 /T1-F1-1 /T2-F0-1 /T1-F0-1 
/T2-F1-1 /T1-F1-1 /T2-F0-1 /T1-F0-1 /T2-F1-1 
"
1010573,P#OW#kaN#lUcm#uIQHp#vwTEeb#MdDJnLA#tYqjixVgSoRXBsyKfhFCZGzr,162.500000,3310.000000,54.000000,0.575000,1,"
minimal: 0 / states: 125 / duration: 0.000122s
history:
/T2-F3-1 /T2-F1-1 /T5-F1-1 /T6-F0-1 /T6-T3-1 /T6-F2-1 /T6-T2-1 /T6-T5-1 /T4-T6-1 /T0-T5-1 
/T3-T0-2 /T3-F1-1 /T2-T0-2 /D:1     /W-T3-1  /D:4     /W-T0-1  /T4-T0-1 /T6-T4-1 /T6-F1-1 
/D:3     /W-T0-1  /D:1     /W-T3-1  /D:1     /W-F2-1  /T4-F2-1 /D:3     /W-F0-1  /D:1     
/W-T0-1  /T5-T0-3 /T5-T3-1 /T4-T3-1 /T3-T4-5 /T4-T1-6 /T5-T4-1 /T3-T6-1 /D:2     /W-T6-1  
/T1-T6-7 /T1-F3-1 /T0-F3-1 /T6-F3-1 /D:3     /W-T4-1  /D:1     /W-F0-1  /T0-F0-1 /T6-F0-1 
/T0-F1-1 /T4-F0-1 /D:1     /W-T1-1  /D:1     /W-F0-1  /D:1     /W-T2-1  /D:1     /W-T6-1  
/R       /D:1     /W-T2-1  /D:1     /W-F2-1  /T6-F2-1 /T0-F2-1 /D:2     /W-T2-1  /W-T2-1  
/D:1     /W-T5-1  /T4-T5-2 /D:1     /W-F3-1  /T6-F3-1 /T5-F3-1 /T6-F2-1 /T6-F3-1 /T5-F2-1 
/T5-F3-1 /T6-T2-1 /T6-F3-1 /D:1     /W-F3-1  /D:1     /W-T1-1  /F3-T1-1 /T5-T1-1 /T5-F2-1 
/T1-F2-1 /T1-F3-1 /T2-T6-2 /T2-F2-1 /T1-F2-1 /T2-F3-1 /T1-F3-1 /T2-F2-1 /D:1     /W-F1-1  
/T0-F1-1 /T0-F0-1 /T6-F0-1 /D:1     /W-F1-1  /T0-F1-1 /T0-F0-1 /T6-F1-1 /T0-F1-1 /T6-F0-1 
/T0-F0-1 /T6-F1-1 /T0-F1-1 /T6-F0-1 
"
1010589,B#mW#ysZ#Fncq#VtvRL#fOTDQb#zaMNXSC#kYgJPGrUKlHxiwApEejduohI,82.000000,1129.000000,25.000000,0.852941,1,"
minimal: 0 / states: 119 / duration: 0.000112s
history:
/T5-T6-1 /T6-T5-2 /T4-T2-1 /T3-T4-1 /T3-T4-1 /T3-F2-1 /T4-T3-3 /T4-T1-1 /T6-T4-1 /T6-T2-1 
/T6-F3-1 /T0-T3-1 /T2-T0-3 /D:2     /W-T6-1  /D:2     /W-T0-1  /D:3     /W-T4-1  /T5-T4-3 
/D:1     /W-T1-1  /T4-T1-6 /T4-T0-1 /T6-T4-2 /T6-F1-1 /T1-F1-1 /D:1     /W-T4-1  /T1-T4-8 
/D:1     /W-T6-1  /D:1     /W-T0-1  /D:1     /W-T6-1  /D:3     /W-F0-1  /T3-F0-1 /T3-F1-1 
/T4-F0-1 /T5-F0-1 /T5-T0-1 /T5-F3-1 /T2-T0-1 /T2-T1-1 /D:1     /W-T4-1  /D:1     /W-F0-1  
/T3-T0-2 /T3-F0-1 /D:2     /W-T6-1  /D:1     /W-F1-1  /W-F1-1  /T5-F1-1 /D:2     /W-F2-1  
/T4-F2-1 /T0-F2-1 /D:2     /W-T6-1  /W-T6-1  /R       /D:1     /W-T1-1  /D:1     /W-F1-1  
/T6-F1-1 /D:1     /W-F3-1  /T4-F3-1 /T0-F3-1 /T4-F2-1 /T0-F2-1 /T4-F3-1 /T0-F3-1 /T4-F2-1 
/T4-F3-1 /D:1     /W-F0-1  /T0-F0-1 /T6-F0-1 /T0-F3-1 /T0-F0-1 /T4-T6-1 /T4-F3-1 /T0-F3-1 
/T4-F0-1 /T0-F0-1 /T4-F3-1 /T0-F3-1 /T4-F0-1 /D:1     /W-F1-1  /D:1     /W-T1-1  /D:1     
/W-F2-1  /T6-F2-1 /T1-F2-1 /T6-F1-1 /T1-F1-1 /T6-F2-1 /T1-F2-1 /T6-F1-1 /T1-F1-1 /T6-F2-1 
"
1010609,H#lE#jnx#ZMzo#kspQB#DSWeNA#JdOIqVa#PfFXhmcvtTRgiGwYyUruKCbL,84.000000,993.000000,37.000000,0.731343,1,"
minimal: 0 / states: 122 / duration: 0.000117s
history:
/T5-F0-1 /T4-F0-1 /T5-F3-1 /T6-F1-1 /T4-T1-1 /T4-T1-1 /T5-T4-1 /T5-T2-1 /T1-T5-3 /T2-T1-2 
/T2-F2-1 /T3-F2-1 /T0-T6-1 /T3-T0-1 /T1-T0-3 /T3-T1-1 /T5-F2-1 /D:8     /W-T0-1  /D:2     
/W-T6-1  /T4-T6-2 /D:5     /W-T4-1  /T6-T4-5 /T6-F2-1 /T6-T2-1 /T6-F3-1 /D:1     /W-T1-1  
/D:1     /W-T3-1  /T4-T3-7 /D:1     /W-T0-1  /W-T0-1  /T5-T0-3 /T5-T3-1 /D:1     /W-F2-1  
/D:2     /W-T1-1  /T2-T1-2 /D:1     /W-F0-1  /T3-F0-1 /D:1     /W-F1-1  /D:1     /R       
/D:1     /W-F3-1  /T0-F3-1 /T6-T0-1 /D:4     /W-T1-1  /D:1     /W-T2-1  /D:1     /W-F1-1  
/T0-F1-1 /T0-F0-1 /T3-F1-1 /T3-F2-1 /D:1     /W-F2-1  /D:1     /W-F3-1  /T0-F3-1 /T3-F3-1 
/T0-T1-1 /T0-F3-1 /D:1     /W-T3-1  /D:1     /W-T6-1  /T3-T6-2 /T3-F3-1 /D:1     /W-F2-1  
/T0-F2-1 /T0-F3-1 /T3-F2-1 /T0-F2-1 /W-F3-1  /W-F0-1  /W-F1-1  /T1-F0-1 /T6-F1-1 /T1-F1-1 
/T6-F0-1 /T1-F0-1 /T6-F1-1 /T1-F1-1 /T6-F0-1 /T1-F0-1 /T1-F3-1 /T3-F1-1 /T0-F1-1 /T3-F2-1 
/T0-F2-1 /T2-F1-1 /T3-F3-1 /D:1     /W-F0-1  /T1-F0-1 
"
1010615,R#Qi#ydO#YmMx#KLDaA#tVoZTw#XSpFUnk#qhWfIulzEHGCBcjsPbergNvJ,136.500000,1158.000000,43.000000,0.611765,1,"
minimal: 0 / states: 125 / duration: 0.000125s
history:
/T4-F0-1 /T4-F1-1 /T5-T6-1 /T4-T0-1 /T6-T4-2 /T6-F2-1 /T1-T4-1 /D:3     /W-T3-1  /D:2     
/W-T3-1  /T6-T3-1 /T6-T5-1 /T2-T6-1 /T6-T1-2 /T0-T5-2 /D:1     /W-T4-1  /T5-T4-4 /T5-T0-1 
/T5-F2-1 /T4-T0-9 /D:3     /W-T6-1  /T2-T6-1 /D:1     /W-T5-1  /D:1     /W-T3-1  /T6-T3-3 
/T6-T2-1 /W-T6-1  /W-T6-1  /T3-T6-8 /D:1     /W-T6-1  /T1-T6-1 /T1-F2-1 /D:1     /W-F0-1  
/D:1     /W-T0-1  /D:1     /W-T4-1  /D:3     /W-F1-1  /T0-F1-1 /T6-T1-2 /T6-F1-1 /T1-T6-3 
/T3-T1-1 /T2-T3-2 /T3-T2-3 /W-T0-1  /T3-T1-1 /T4-T1-2 /D:1     /W-F1-1  /D:2     /W-T5-1  
/D:1     /W-F3-1  /T6-F3-1 /T0-F3-1 /T6-F0-1 /T0-F0-1 /T6-F3-1 /T6-F0-1 /T0-F3-1 /T0-F0-1 
/T6-F3-1 /T0-F3-1 /T6-F0-1 /T6-F3-1 /T5-T0-1 /T5-F0-1 /T5-F3-1 /T6-F0-1 /T6-F3-1 /T2-F3-1 
/D:1     /W-T1-1  /D:1     /W-F0-1  /T1-T6-2 /T1-F0-1 /T1-F3-1 /T0-T2-5 /T0-F0-1 /T0-F3-1 
/T1-F0-1 /R       /D:1     /W-F2-1  /D:1     /W-T6-1  /T5-T6-1 /D:1     /W-F1-1  /T2-F1-1 
/D:2     /W-F2-1  /W-F2-1  /T6-F2-1 /T2-F2-1 /T6-F1-1 /T2-F1-1 /T6-F2-1 /T2-F2-1 /T6-F1-1 
/T2-F1-1 /T6-F2-1 /T2-F2-1 /T6-F1-1 /T2-F1-1 /T6-F2-1 
"
1010617,K#yr#HJb#RMSA#lzBOt#QEivpL#xechoYw#DqdPGCXsfTkgIWNjFUaZVnum,138.000000,3081.000000,46.000000,0.588608,1,"
minimal: 0 / states: 125 / duration: 0.000121s
history:
/T3-F0-1 /T3-T4-1 /T1-T4-1 /D:3     /W-T4-1  /D:3     /W-T4-1  /T2-T4-1 /D:1     /W-T1-1  
/T6-T1-1 /T6-T3-1 /T0-T3-1 /T3-T0-3 /D:4     /W-T5-1  /T2-T5-1 /W-T2-1  /D:3     /W-T0-1  
/W-T0-1  /D:1     /W-F3-1  /D:2     /W-T2-1  /T3-T2-1 /D:1     /W-T0-1  /T4-T0-6 /T4-F3-1 
/T4-F0-1 /T4-T3-1 /T4-T3-1 /D:1     /W-F1-1  /T0-F1-1 /T0-F0-1 /D:1     /W-T4-1  /T5-T4-3 
/T5-T0-1 /D:1     /W-T1-1  /T2-T1-4 /D:1     /W-F2-1  /T6-F2-1 /T0-F2-1 /T6-T5-1 /T6-F1-1 
/T0-F1-1 /T6-F1-1 /W-T6-1  /T5-T6-2 /T5-T4-1 /T6-T3-4 /D:1     /W-T4-1  /W-T4-1  /W-F1-1  
/T4-F1-1 /T3-F1-1 /D:1     /W-T2-1  /T1-T2-8 /R       /D:1     /W-F0-1  /T5-F0-1 /T5-T0-1 
/D:1     /W-F2-1  /D:1     /W-F3-1  /T0-F3-1 /T0-F2-1 /T2-F3-1 /T0-F3-1 /T2-F0-1 /T2-F3-1 
/D:1     /W-F0-1  /T2-F0-1 /T0-T3-2 /T0-F0-1 /T4-T2-1 /T4-F1-1 /T4-F0-1 /T3-T0-3 /T3-F1-1 
/T4-F1-1 /T0-T3-4 /T0-F0-1 /T4-F0-1 /T3-T0-5 /T3-F1-1 /T0-T3-6 /T0-F0-1 /T2-T4-5 /T2-F1-1 
/D:1     /W-F2-1  /T3-F2-1 /T3-F3-1 /T4-F2-1 /T3-F2-1 /T4-F3-1 /T3-F3-1 /T4-F2-1 /T3-F2-1 
/T4-F3-1 /T3-F3-1 /T4-F2-1 /T3-F2-1 /T4-F3-1 
"
1010625,U#Ea#oKt#Rzpc#jsLgZ#hQWCPN#wSynDbM#equrxvOJlAYGVdmHiFfXTBkI,115.000000,1691.000000,49.000000,0.604396,1,"
minimal: 0 / states: 122 / duration: 0.000125s
history:
/T1-F1-1 /T5-F3-1 /T2-T0-1 /D:7     /W-F3-1  /T5-F3-1 /D:2     /W-T6-1  /T2-T6-1 /T2-T3-1 
/T6-T2-3 /T6-F1-1 /T3-T6-2 /D:1     /W-F0-1  /D:4     /W-T1-1  /T5-T1-1 /T5-T2-1 /T5-F3-1 
/D:5     /W-T0-1  /T1-T0-3 /T4-T1-1 /W-T4-1  /D:3     /W-F0-1  /T0-F0-1 /T3-T0-1 /D:2     
/W-T2-1  /T0-T2-6 /T3-T0-1 /T6-T3-3 /T6-F2-1 /T3-F2-1 /T2-F2-1 /T3-F1-1 /T2-F1-1 /T3-F0-1 
/T2-F0-1 /T6-T1-1 /T3-F3-1 /T6-F3-1 /T4-F0-1 /W-T1-1  /W-F3-1  /T2-T5-2 /T2-F3-1 /T5-T2-3 
/T6-T1-1 /R       /D:1     /W-F1-1  /T2-F1-1 /T4-F1-1 /D:1     /W-F2-1  /D:2     /W-F2-1  
/D:4     /W-T0-1  /D:1     /W-F0-1  /D:1     /W-F3-1  /D:1     /W-T3-1  /T4-T3-1 /T4-F2-1 
/T2-F2-1 /T2-F1-1 /T2-T4-1 /T2-F3-1 /T4-T2-2 /D:1     /W-F0-1  /T2-F0-1 /W-F0-1  /W-T2-1  
/W-T0-1  /W-F2-1  /T2-F2-1 /T1-F2-1 /T0-F2-1 /T1-T3-1 /T1-F2-1 /D:1     /W-F1-1  /T2-F1-1 
/T2-F0-1 /T3-F1-1 /T2-F1-1 /T3-F0-1 /T3-F1-1 /T2-F0-1 /D:1     /W-F3-1  /T0-F3-1 /T0-F2-1 
/T1-F3-1 
"
1010632,K#az#iFk#EluG#dAxYf#gbphor#seHXtBO#CLTjyPmDcVSwZRQWnMIvqNUJ,128.500000,1909.000000,53.000000,0.563953,1,"
minimal: 0 / states: 125 / duration: 0.000202s
history:
/T5-T4-1 /T4-T3-2 /T4-T1-1 /T4-T1-1 /T4-F0-1 /T4-T3-1 /T1-T4-3 /T1-F1-1 /D:1     /W-T3-1  
/T6-T3-1 /T6-F0-1 /D:3     /W-T0-1  /D:3     /W-T1-1  /D:4     /W-T6-1  /D:1     /W-T2-1  
/W-T2-1  /D:4     /W-T4-1  /D:1     /W-F2-1  /T5-F2-1 /T6-T5-2 /D:2     /W-T0-1  /T5-T0-3 
/T5-F2-1 /T5-F1-1 /D:1     /W-T4-1  /D:1     /W-F2-1  /D:1     /W-F3-1  /T3-F3-1 /T3-F0-1 
/D:1     /W-T4-1  /T3-T4-4 /T3-T2-1 /T0-T3-6 /W-T0-1  /T3-T0-7 /T4-T3-1 /T4-F2-1 /T3-T0-2 
/T5-T2-1 /D:1     /W-T6-1  /R       /D:1     /W-T1-1  /T6-T1-2 /D:1     /W-T6-1  /D:2     
/W-F3-1  /D:1     /W-F0-1  /D:1     /W-F1-1  /T0-F1-1 /T0-F0-1 /D:1     /W-T3-1  /W-T3-1  
/T2-T3-5 /T2-F0-1 /T6-T2-2 /T6-F1-1 /T4-F1-1 /T3-F1-1 /T4-F0-1 /T6-F2-1 /T0-T4-2 /T0-F1-1 
/T2-T3-1 /T2-F0-1 /T0-F0-1 /T1-F0-1 /T2-F1-1 /T0-F1-1 /T0-F0-1 /T3-T1-4 /T3-F1-1 /T0-F1-1 
/T1-T3-5 /T1-F0-1 /T0-F0-1 /T1-F1-1 /D:2     /W-F3-1  /W-F3-1  /T4-F3-1 /T3-F3-1 /T4-F2-1 
/T3-F2-1 /T4-F3-1 /T3-F3-1 /T4-F2-1 /T3-F2-1 /T4-F3-1 /T3-F3-1 /T4-F2-1 /T3-F2-1 /T4-F3-1 
/T3-F3-1 /T4-F2-1 
"
1010637,E#nf#SAl#jLJb#tQqXs#YgOMuN#KGkUmVT#iharcyxzFvPpwoWIDBHeRCZd,110.500000,1231.000000,45.000000,0.601190,1,"
minimal: 0 / states: 127 / duration: 0.000133s
history:
/T5-F3-1 /T6-T5-1 /T4-T5-1 /T5-T6-3 /T2-T5-1 /T2-F0-1 /T0-T1-1 /T5-T0-2 /T5-F3-1 /D:3     
/W-F1-1  /T3-F1-1 /T6-T3-4 /T3-T4-5 /T4-T3-6 /T3-T6-7 /D:1     /W-T2-1  /D:1     /W-F1-1  
/D:2     /W-T0-1  /T3-T0-1 /T6-T3-8 /D:2     /W-T5-1  /D:1     /W-T0-1  /T6-T0-1 /D:1     
/W-F3-1  /D:2     /W-T6-1  /D:5     /W-F0-1  /D:2     /W-T3-1  /T4-T3-1 /T4-F3-1 /T1-T4-2 
/T1-F2-1 /T4-T0-3 /D:1     /W-F3-1  /D:1     /W-F0-1  /D:1     /W-T1-1  /D:1     /W-F1-1  
/R       /D:1     /W-T6-1  /D:2     /W-T1-1  /T6-T1-3 /T2-T6-2 /D:1     /W-T2-1  /D:2     
/W-F2-1  /W-F2-1  /T3-F2-1 /T6-F2-1 /T3-F1-1 /T3-F2-1 /T6-F3-1 /T3-F3-1 /T5-T3-2 /T0-T6-2 
/T0-F2-1 /T6-T0-3 /T5-T2-1 /T6-T2-1 /D:1     /W-T2-1  /D:1     /W-T2-1  /W-T2-1  /T0-T2-3 
/T0-F3-1 /T3-T1-3 /T3-F3-1 /D:1     /W-F0-1  /T2-F0-1 /T1-F0-1 /T2-F1-1 /T1-F1-1 /T1-F2-1 
/T2-F0-1 /T2-F1-1 /T0-F2-1 /T1-F1-1 /T1-F2-1 /T0-F1-1 /T0-F2-1 /T1-F1-1 /T0-F1-1 /T1-F2-1 
/T2-T0-4 /T2-F2-1 /T3-T1-3 /T3-F1-1 /D:1     /W-F0-1  /T0-F0-1 /T0-F3-1 /T1-F0-1 /T0-F0-1 
/T1-F3-1 /T0-F3-1 /T1-F0-1 /T0-F0-1 /T1-F3-1 
"
1010642,E#gK#DYo#NGyn#wMcdm#CqVBIO#ZLrzpWa#heSUlkXfFQbvHxTtRsPijJuA,168.500000,2151.000000,50.000000,0.594340,1,"
minimal: 0 / states: 121 / duration: 0.000124s
history:
/T3-F2-1  /T2-F2-1  /T6-F1-1  /T6-T1-1  /T6-F2-1  /T3-T4-1  /T1-T2-2  /T2-T6-3  /D:3      /W-T3-1   
/T0-T3-1  /T4-T0-2  /T4-T3-1  /T4-T2-1  /F2-T3-1  /T5-T3-1  /T5-T6-1  /T5-T2-1  /D:1      /W-T6-1   
/T3-T6-6  /T3-F3-1  /T6-F3-1  /T6-T3-11 /T3-F2-1  /D:1      /W-T4-1   /D:1      /W-T0-1   /D:3      
/W-T1-1   /D:1      /W-T6-1   /D:1      /W-F1-1   /D:2      /W-T5-1   /T1-T5-2  /T4-T1-2  /T5-T4-4  
/T5-F2-1  /T4-T0-5  /T5-T3-1  /D:1      /W-T1-1   /D:3      /W-T0-1   /T2-T0-3  /D:2      /W-F3-1   
/T6-F3-1  /T6-F2-1  /W-F2-1   /W-F2-1   /D:2      /W-T1-1   /D:2      /W-F2-1   /D:1      /W-F0-1   
/T0-F0-1  /T0-F1-1  /T3-F0-1  /T0-F0-1  /T0-F3-1  /T3-F1-1  /T3-F0-1  /T3-F3-1  /T0-F0-1  /T3-F0-1  
/R        /D:2      /W-F1-1   /D:1      /W-T6-1   /D:1      /W-F1-1   /T0-F1-1  /W-F1-1   /T0-F0-1  
/D:1      /W-F2-1   /D:1      /W-F3-1   /T3-F3-1  /T0-F3-1  /T3-F0-1  /T3-F3-1  /T0-F2-1  /T6-F3-1  
/T1-T3-1  /T1-F2-1  /T0-T6-1  /T0-F2-1  /T6-T0-2  /T3-T1-2  /T3-F3-1  /T3-F2-1  /T6-F3-1  /D:1      
/W-F1-1   /T1-F1-1  /T0-F1-1  /D:1      /W-F0-1   /T1-F0-1  /T0-F0-1  /T1-F1-1  /T0-F1-1  /T1-F0-1  
"
1010650,Z#in#dVp#Lmto#UfMBy#xTRObg#wlauskA#JXEFzjIYHSKePrcNWGvhDQqC,64.000000,426.000000,20.000000,1.011905,1,"
minimal: 0 / states: 124 / duration: 0.000116s
history:
/T1-F2-1 /T3-F2-1 /T6-F0-1 /T2-F2-1 /T6-T4-1 /T4-T0-2 /T4-F0-1 /T6-T5-1 /T5-T6-2 /T6-T1-3 
/T6-F1-1 /T5-F1-1 /T6-T4-1 /T2-T6-1 /T6-T0-2 /T4-T6-2 /T4-T3-1 /T3-T4-2 /F2-T2-1 /T5-T2-1 
/T5-T1-1 /D:3     /W-T4-1  /T2-T4-3 /T3-T2-1 /W-T3-1  /W-T3-1  /T1-T3-5 /T3-T2-8 /D:1     
/W-T5-1  /D:1     /W-T1-1  /D:3     /W-T1-1  /D:1     /W-T0-1  /T5-T0-2 /T5-T1-1 /D:2     
/W-T6-1  /D:1     /W-T0-1  /D:3     /W-F1-1  /D:1     /W-F3-1  /T4-F3-1 /T4-F2-1 /T4-F1-1 
/T0-F1-1 /D:1     /W-T1-1  /D:2     /W-T1-1  /T4-T1-4 /D:2     /W-T2-1  /D:1     /W-T1-1  
/D:1     /W-F2-1  /D:1     /W-F0-1  /T2-F0-1 /R       /D:1     /W-T6-1  /D:1     /W-T6-1  
/D:2     /W-F3-1  /T1-F3-1 /T1-F0-1 /T2-F3-1 /T0-F0-1 /T1-F1-1 /W-F3-1  /T0-F3-1 /D:1     
/W-F2-1  /T2-F2-1 /T1-F2-1 /T2-F1-1 /T2-F2-1 /T1-F3-1 /T1-F2-1 /T0-T2-1 /T0-F3-1 /T0-F2-1 
/T1-F3-1 /T1-F2-1 /T2-T0-3 /T2-F3-1 /T1-F3-1 /T0-T2-4 /T0-F2-1 /T0-F3-1 /T1-F2-1 /D:1     
/W-F0-1  /T2-F0-1 /T6-F0-1 /D:1     /W-F1-1  /T2-F1-1 /T2-F0-1 /T6-F1-1 /T2-F1-1 /T6-F0-1 
/T2-F0-1 /T6-F1-1 /T2-F1-1 /T6-F0-1 
"
1010662,E#yH#pTo#eCMb#GOwKN#tqUaVL#gRDPFxm#lXScBjkAJvhZisWIndQYfruz,121.000000,1246.000000,38.000000,0.697368,1,"
minimal: 0 / states: 115 / duration: 0.000120s
history:
/T4-F3-1 /T5-T6-1 /T1-T5-1 /D:2     /W-T1-1  /D:4     /W-T4-1  /D:1     /W-T6-1  /D:1     
/W-F0-1  /W-F0-1  /D:1     /W-T1-1  /T5-T1-2 /T5-F1-1 /T3-F1-1 /W-F1-1  /D:1     /W-T4-1  
/T5-T4-1 /F1-T5-1 /T2-T5-1 /T2-T1-1 /D:4     /W-T1-1  /D:3     /W-F2-1  /T5-F2-1 /T5-F1-1 
/T2-F2-1 /T5-F2-1 /T6-T2-3 /T5-T4-1 /T3-T5-1 /T3-F0-1 /T3-T1-1 /D:1     /W-F1-1  /T1-F1-1 
/D:1     /W-T0-1  /D:1     /W-T5-1  /T6-T5-1 /D:1     /W-F1-1  /D:1     /W-F2-1  /T1-F2-1 
/T6-T1-1 /T4-F2-1 /D:1     /W-F2-1  /D:1     /W-T3-1  /R       /D:1     /W-T3-1  /T4-T3-4 
/T4-T2-1 /T4-F3-1 /T6-F3-1 /T0-F3-1 /T6-F0-1 /T0-F0-1 /T6-F3-1 /T1-F0-1 /T6-F1-1 /T4-F0-1 
/D:1     /W-F3-1  /T1-F3-1 /T1-F0-1 /T3-F3-1 /T1-F3-1 /T3-F2-1 /T2-F2-1 /T5-F2-1 /D:1     
/W-F1-1  /D:1     /W-T0-1  /T1-T0-3 /D:1     /W-F1-1  /T3-F1-1 /T2-F1-1 /T0-T2-2 /T0-F2-1 
/T3-T5-1 /T3-F1-1 /T3-F2-1 /T2-T0-3 /T2-F1-1 /D:1     /W-F3-1  /D:1     /W-F0-1  /T0-F0-1 
/T0-F3-1 /T5-F0-1 /T0-F0-1 /T5-F3-1 /T0-F3-1 /T5-F0-1 
"
1010681,U#tv#CyA#ERJf#bSNVo#wLhBqF#DQPmaxk#lesKnWXZciIpjYrGguzdOMTH,105.500000,548.000000,41.000000,0.713333,1,"
minimal: 0 / states: 121 / duration: 0.000126s
history:
/T2-F0-1 /T6-T2-1 /T0-T1-1 /D:2     /W-T5-1  /D:3     /W-F2-1  /T4-F2-1 /D:1     /W-T6-1  
/T1-T6-2 /T3-T1-1 /T4-T3-1 /T4-F3-1 /T3-T2-2 /T1-T6-2 /D:2     /W-T0-1  /T2-T0-4 /D:4     
/W-F2-1  /D:3     /W-T4-1  /D:3     /W-T0-1  /W-T0-1  /T5-T0-2 /T5-F2-1 /T5-F0-1 /W-T5-1  
/T4-T5-2 /T2-F0-1 /T5-F2-1 /D:1     /W-T1-1  /W-T1-1  /T6-T1-6 /T6-F1-1 /T4-F1-1 /T6-T2-1 
/D:2     /W-F3-1  /T6-F3-1 /T6-F3-1 /T3-F3-1 /T5-F3-1 /T6-F0-1 /T3-F0-1 /D:1     /W-T3-1  
/D:1     /W-F3-1  /D:1     /R       /D:1     /W-T3-1  /D:1     /W-F2-1  /T1-T5-1 /T1-F2-1 
/T1-F3-1 /T5-T1-3 /T5-T2-1 /D:1     /W-T3-1  /D:1     /W-T2-1  /T5-T2-1 /D:1     /W-F1-1  
/D:1     /W-T2-1  /T0-T2-4 /T0-F3-1 /D:2     /W-T3-1  /T1-T3-4 /T1-F3-1 /D:1     /W-F1-1  
/T2-F1-1 /T2-F0-1 /T3-F1-1 /T2-F1-1 /T2-F2-1 /T3-F0-1 /T3-F1-1 /T3-F2-1 /T2-F1-1 /T2-F2-1 
/T1-F2-1 /T2-F3-1 /T1-F3-1 /T3-F1-1 /T0-T2-2 /T0-F2-1 /T0-F3-1 /T1-F2-1 /D:1     /W-F0-1  
/W-F0-1  /T2-F0-1 /T2-F1-1 /T3-F0-1 /T2-F0-1 /T3-F1-1 /T2-F1-1 /T3-F0-1 
"
1010714,i#pc#KkA#LjPw#EgzRf#BmOSbh#evFrTun#loxXqdMNCQGVYtIyaUDHZJWs,121.500000,4671.000000,72.000000,0.486111,1,"
minimal: 0 / states: 155 / duration: 0.000153s
history:
/T2-F0-1  /T6-F2-1  /T6-T0-1  /T6-T0-1  /T3-T2-1  /T6-T4-1  /T6-T0-1  /T5-T6-1  /T0-T2-4  /D:2      
/W-F2-1   /D:4      /W-T4-1   /D:1      /W-T0-1   /D:1      /W-F3-1   /D:1      /W-T4-1   /T5-T4-1  
/D:2      /W-T6-1   /T4-T6-5  /T4-T2-1  /D:2      /W-T0-1   /D:4      /W-F1-1   /T6-F1-1  /T1-F1-1  
/T1-F2-1  /T4-T1-1  /D:2      /W-T2-1   /T3-T2-1  /T6-T3-7  /D:5      /W-T4-1   /T6-T4-1  /R        
/D:1      /W-T1-1   /D:1      /W-T0-1   /T3-T0-8  /T2-T3-9  /T2-T1-1  /D:2      /W-F2-1   /D:8      
/W-T2-1   /T3-T2-10 /D:2      /W-T1-1   /R        /D:5      /W-T1-1   /D:2      /W-T1-1   /D:2      
/R        /D:4      /W-T1-1   /T5-T1-1  /T5-F3-1  /T5-T3-1  /T5-F0-1  /T0-F0-1  /T0-F1-1  /T2-F3-1  
/T2-F0-1  /T4-F1-1  /T0-F2-1  /T0-F1-1  /T4-F2-1  /T4-F1-1  /T4-F0-1  /T1-T0-1  /T1-F2-1  /T0-T1-2  
/T0-F1-1  /D:1      /W-T3-1   /D:2      /R        /D:1      /W-T3-1   /D:1      /W-F3-1   /T2-F3-1  
/T1-F3-1  /T2-F0-1  /T1-F0-1  /T2-F3-1  /T1-F3-1  /T2-F2-1  /T0-F2-1  /T2-F1-1  /T0-F1-1  /T2-F2-1  
/T0-F2-1  /T2-F1-1  /T1-T0-3  /T1-F1-1  /T3-T2-1  /T3-F2-1  /T1-F2-1  /T3-F1-1  /D:1      /W-F3-1   
/D:1      /W-F0-1   /T0-F0-1  /T0-F3-1  /T2-F3-1  /D:1      /W-F0-1   /T0-F0-1  /T0-F3-1  /T2-F0-1  
/T0-F0-1  /T2-F3-1  
"
1010724,E#Ii#ben#VMya#KsuHU#AzcGPg#RBhkpWX#ZDoOYvmfrStFxjqTQNCwdLJl,142.500000,3403.000000,52.000000,0.548193,1,"
minimal: 0 / states: 119 / duration: 0.000131s
history:
/T2-F2-1 /T3-F1-1 /T6-T3-1 /D:2     /W-T2-1  /D:1     /W-F2-1  /D:3     /W-T6-1  /T4-T6-1 
/T5-T4-1 /T5-T2-1 /T4-T1-2 /T5-T6-1 /D:2     /W-T6-1  /T0-T6-1 /W-T0-1  /T3-T0-2 /W-T3-1  
/D:4     /W-T1-1  /T2-T1-3 /T2-F1-1 /T5-F1-1 /T3-T2-2 /T4-T3-1 /D:1     /W-T2-1  /T6-T2-6 
/T6-F2-1 /D:2     /W-F2-1  /D:1     /W-T3-1  /T4-T3-1 /W-T4-1  /D:1     /W-T2-1  /D:1     
/W-F3-1  /D:1     /W-T2-1  /D:1     /W-T0-1  /T1-T0-7 /T1-T4-1 /T5-T1-1 /T5-F0-1 /D:1     
/W-F1-1  /D:2     /W-T6-1  /T3-T6-4 /D:1     /W-T1-1  /T4-T1-3 /R       /D:1     /W-T3-1  
/D:1     /W-F3-1  /T0-F3-1 /D:1     /W-F2-1  /T6-F2-1 /D:2     /W-F2-1  /D:1     /W-T3-1  
/T6-T3-5 /T6-T1-1 /T6-F0-1 /T2-F0-1 /T0-F0-1 /T0-F1-1 /T2-F3-1 /T2-F0-1 /T2-F1-1 /T6-F3-1 
/T0-F0-1 /T0-F1-1 /W-F3-1  /T2-F0-1 /T1-F1-1 /T3-F3-1 /T0-F0-1 /T2-F3-1 /T1-F0-1 /T3-F2-1 
/T0-F1-1 /T2-F2-1 /T1-F1-1 /T3-F3-1 /T0-F2-1 /T2-F3-1 /T2-F2-1 /T3-F0-1 /T0-F3-1 /T1-F0-1 
/T2-F3-1 /T3-F1-1 /T0-F2-1 /T1-F1-1 /T1-F2-1 /T3-F0-1 /T0-F1-1 /T2-F0-1 /T3-F3-1 
"
1010731,y#aM#wmf#WDYn#hPstr#VBpcNZ#xCuQlIk#UbFLOoEiKjzeqRgSAdTvXHGJ,116.000000,1352.000000,51.000000,0.563291,1,"
minimal: 0 / states: 129 / duration: 0.000133s
history:
/T3-F2-1  /T6-T0-1  /T4-T2-1  /T2-T4-2  /T3-T1-1  /T0-T2-2  /T5-T0-1  /T5-F3-1  /T5-T3-1  /D:1      
/W-T6-1   /T4-T6-3  /D:1      /W-T5-1   /D:2      /W-T0-1   /D:1      /W-F3-1   /D:1      /W-F2-1   
/D:3      /W-T1-1   /D:1      /W-T1-1   /T6-T1-5  /D:2      /W-T4-1   /T3-T4-2  /D:5      /W-F0-1   
/D:1      /W-T1-1   /T5-T1-2  /T5-F0-1  /D:2      /W-T3-1   /D:1      /W-T0-1   /D:1      /W-T5-1   
/W-T5-1   /T4-T5-4  /T4-F3-1  /T4-T3-1  /T1-T4-12 /T1-F1-1  /T4-F1-1  /T4-F2-1  /T5-F1-1  /T2-T1-3  
/T4-F1-1  /T2-T0-1  /T5-T0-6  /D:1      /W-T3-1   /W-T3-1   /D:1      /W-T1-1   /R        /D:2      
/W-T3-1   /D:1      /W-T1-1   /D:1      /W-T2-1   /T6-T2-1  /T6-F3-1  /T6-T1-1  /T6-F0-1  /T0-F0-1  
/T3-F0-1  /T0-F1-1  /W-F0-1   /T4-T3-1  /T4-F1-1  /T3-T4-2  /T3-F0-1  /T0-T1-2  /T0-F0-1  /T3-T6-3  
/T6-T2-4  /D:1      /W-F2-1   /T4-F2-1  /T1-F2-1  /D:1      /W-F3-1   /T4-F3-1  /T1-F3-1  /T4-F2-1  
/T4-F3-1  /T0-F3-1  /T1-F2-1  /T4-F0-1  /T1-T0-1  /T1-F0-1  /T2-T4-2  /T2-F3-1  /T0-T1-2  /T0-F3-1  
/T4-T2-3  /T4-F0-1  /T0-F0-1  /T4-F3-1  /T0-F3-1  /T4-F0-1  /D:1      /W-F1-1   /T2-F1-1  /T1-F1-1  
/T2-F2-1  /T1-F2-1  /T2-F1-1  /T1-F1-1  /T2-F2-1  /T1-F2-1  /T2-F1-1  /T1-F1-1  /T2-F2-1  
"
1010734,p#Zw#uhD#RgKo#rHePA#msJFdz#SynLlNV#IivTxtUbEOjcaMXQkfCBYWqG,113.500000,838.000000,32.000000,0.760000,1,"
minimal: 0 / states: 113 / duration: 0.000142s
history:
/T4-F0-1 /T6-T1-1 /T6-F3-1 /T6-T5-1 /T3-T4-1 /T4-T2-2 /T2-T4-3 /T3-T5-1 /D:6     /W-T2-1  
/D:2     /W-T0-1  /D:2     /W-F3-1  /D:1     /W-T5-1  /D:2     /W-F1-1  /T0-F1-1 /W-F1-1  
/D:2     /W-T6-1  /T1-T6-2 /T6-T1-4 /T6-F2-1 /T4-F2-1 /T0-F2-1 /T5-T0-4 /T5-F1-1 /T5-T3-1 
/T4-T3-3 /T3-T4-5 /T4-T1-6 /T1-F3-1 /T1-T3-1 /T1-F1-1 /T3-T1-2 /W-T3-1  /D:1     /W-F3-1  
/D:1     /W-T6-1  /T5-T6-1 /D:1     /W-F1-1  /D:2     /W-F0-1  /W-F0-1  /T1-F0-1 /W-F0-1  
/T1-F3-1 /T1-F0-1 /T5-T1-1 /T6-T5-3 /T6-F3-1 /D:1     /W-T3-1  /D:2     /W-F2-1  /T4-F2-1 
/T1-F2-1 /T1-F1-1 /T2-F2-1 /T2-F1-1 /T2-F2-1 /D:1     /W-F0-1  /T1-F0-1 /R       /D:1     
/W-F0-1  /T5-F0-1 /D:1     /W-F1-1  /T0-F1-1 /T0-F0-1 /T5-F1-1 /T0-F1-1 /T1-T5-3 /T1-F0-1 
/T3-T0-1 /T3-F0-1 /T5-T1-4 /T5-F1-1 /D:1     /W-F2-1  /D:1     /W-F3-1  /D:1     /W-T0-1  
/D:1     /W-F3-1  /T1-F3-1 /T1-F2-1 /T0-F2-1 /D:1     /W-F3-1  /T1-F3-1 /T0-F3-1 /T1-F2-1 
/T0-F2-1 /T1-F3-1 
"
1010740,y#kX#Vri#MtWc#KZHxA#DCndaN#qmOpzRf#sLTebUSwgvJGPQBulFjIYohE,113.500000,2022.000000,46.000000,0.634615,1,"
minimal: 0 / states: 117 / duration: 0.000120s
history:
/T4-F0-1 /T5-F3-1 /T5-F1-1 /T1-T0-1 /D:5     /W-F1-1  /T3-F1-1 /T5-F1-1 /T5-F2-1 /T3-T4-1 
/T6-T3-1 /W-F1-1  /T3-F1-1 /D:2     /W-T3-1  /D:1     /W-T0-1  /T2-T0-1 /T2-T3-1 /D:1     
/W-F1-1  /D:1     /W-T4-1  /W-T4-1  /T3-T4-3 /D:1     /W-T1-1  /T2-T1-1 /D:3     /W-T4-1  
/T5-T4-1 /W-T5-1  /T5-T6-2 /D:1     /W-F0-1  /T4-F0-1 /D:1     /W-T0-1  /D:1     /W-T3-1  
/T4-T3-8 /T4-T1-1 /T4-T2-1 /T0-T2-5 /D:2     /W-T4-1  /D:1     /W-T4-1  /D:2     /W-F2-1  
/D:1     /W-F1-1  /D:1     /R       /D:3     /W-T1-1  /D:2     /W-T1-1  /T6-T1-3 /T6-T0-1 
/T6-F2-1 /T6-F3-1 /T1-F3-1 /T1-F0-1 /T3-F3-1 /T6-T5-1 /T6-F2-1 /T1-F3-1 /T3-F2-1 /T3-F3-1 
/D:1     /W-T0-1  /T4-T0-3 /D:1     /W-F0-1  /T1-F0-1 /W-F0-1  /T1-F3-1 /T1-F0-1 /T0-F0-1 
/T2-T1-1 /T2-F1-1 /T0-F1-1 /T1-T2-2 /T1-F0-1 /T0-F0-1 /T1-F1-1 /W-F0-1  /W-F2-1  /T3-F2-1 
/T2-F2-1 /T3-F3-1 /T2-F3-1 /T3-F2-1 /T2-F2-1 /T3-F3-1 /T2-F3-1 /T3-F2-1 /T0-F3-1 /T2-F2-1 
/T2-F3-1 /T3-F1-1 /T0-F2-1 /T3-F0-1 /T5-F1-1 
"
1010744,d#js#AfX#VFKE#UMRiO#kSqvyz#gnTcDbY#oZLClGNpJBareQuIHmtPxhwW,147.500000,1271.000000,47.000000,0.576923,1,"
minimal: 0 / states: 129 / duration: 0.000126s
history:
/T6-T5-1  /T0-T3-1  /T5-T0-2  /T2-T5-1  /T3-T2-2  /T3-T0-1  /D:4      /W-T2-1   /T6-T2-1  /D:3      
/W-F3-1   /T4-F3-1  /D:2      /W-T5-1   /T4-T5-1  /T6-T4-1  /T6-T4-1  /T4-T1-3  /T1-T6-4  /T1-T0-1  
/T4-T1-1  /D:1      /W-T6-1   /D:1      /W-F1-1   /T2-F1-1  /D:2      /W-T3-1   /D:2      /W-T5-1   
/T6-T5-6  /T6-F2-1  /T3-T6-2  /D:1      /W-T0-1   /T4-T0-1  /D:1      /W-T3-1   /T6-T3-3  /D:1      
/W-T4-1   /T5-T4-11 /D:1      /W-T0-1   /T2-T0-4  /T2-F0-1  /T4-F0-1  /T0-F0-1  /T4-F1-1  /T0-F1-1  
/T3-F1-1  /T4-F0-1  /T0-F0-1  /T0-F1-1  /T3-F0-1  /T3-F1-1  /D:1      /W-F3-1   /W-F3-1   /T4-F3-1  
/D:2      /W-F1-1   /D:2      /R        /D:1      /W-F2-1   /D:1      /W-T2-1   /D:1      /W-T2-1   
/D:1      /W-T1-1   /D:1      /W-F0-1   /T3-F0-1  /T0-T5-2  /T0-F0-1  /T5-T0-3  /F3-T4-1  /T5-T4-1  
/T5-T0-1  /T4-T3-5  /T4-F1-1  /T4-F0-1  /T5-T2-1  /D:1      /W-F2-1   /T3-F2-1  /T3-F3-1  /T0-F3-1  
/D:1      /W-F2-1   /T3-F2-1  /T0-F2-1  /T3-F3-1  /T0-F3-1  /T3-F2-1  /T0-F2-1  /T0-F1-1  /T3-F3-1  
/T0-F0-1  /T2-F1-1  /T1-F1-1  /T2-F0-1  /T1-F0-1  /T4-T2-2  /T4-F1-1  /D:1      /W-T0-1   /D:1      
/W-F2-1   /T0-F2-1  /D:1      /W-F3-1   /T2-F3-1  /T0-F3-1  /T2-F2-1  /T0-F2-1  /T2-F3-1  
"
1010763,s#RN#qbQ#eUrW#xptnc#MZDOvA#HEYLXlo#TuzPGygFaImfwJKihCBVjdkS,127.000000,3163.000000,46.000000,0.614943,1,"
minimal: 0 / states: 118 / duration: 0.000118s
history:
/T1-F3-1 /T5-F0-1 /T6-T4-1 /T5-T3-1 /T5-F3-1 /T4-T5-2 /T4-F2-1 /T5-F2-1 /T5-T1-2 /T1-T0-3 
/T5-T1-1 /T6-T5-1 /D:4     /W-F3-1  /T2-F3-1 /D:2     /W-T1-1  /T6-T1-1 /D:3     /W-F1-1  
/T2-F1-1 /T0-F1-1 /D:3     /W-T4-1  /D:1     /W-T1-1  /D:2     /W-T5-1  /T3-T5-2 /T3-T4-1 
/T4-T3-3 /T4-F2-1 /T2-F2-1 /T3-T5-4 /T5-F2-1 /T0-T3-1 /T0-F3-1 /T0-F2-1 /D:1     /W-T1-1  
/D:3     /W-F0-1  /W-F0-1  /T3-F0-1 /D:2     /W-T4-1  /D:1     /W-F1-1  /T3-F1-1 /T5-F1-1 
/T5-F2-1 /D:1     /W-T6-1  /D:1     /W-F3-1  /R       /D:1     /W-F3-1  /T5-F3-1 /D:1     
/W-F2-1  /T5-F2-1 /D:1     /W-T0-1  /D:2     /W-F1-1  /D:2     /W-T4-1  /D:1     /W-T2-1  
/T6-T2-2 /T6-T0-1 /T6-F0-1 /W-F0-1  /W-F0-1  /T6-F0-1 /T4-F0-1 /T4-T0-2 /D:1     /W-F0-1  
/D:1     /W-F1-1  /T1-F1-1 /T0-F1-1 /T1-F2-1 /T2-F1-1 /T0-F2-1 /T1-T2-1 /T1-F2-1 /T5-T0-2 
/T5-F1-1 /T0-T5-3 /T0-F2-1 /T2-T1-2 /T2-F1-1 /D:1     /W-F3-1  /T5-F3-1 /T1-F3-1 /T5-F0-1 
/T1-F0-1 /T5-F3-1 /T1-F3-1 /T5-F0-1 
"
1010766,M#Kn#OQe#JjrA#XaRfP#GxlFqU#HTdLVvY#ZpDwCNgWbczEoSkthsmuiyBI,87.500000,835.000000,35.000000,0.715385,1,"
minimal: 0 / states: 128 / duration: 0.000130s
history:
/T1-F2-1 /T3-F0-1 /T6-T0-1 /T5-T6-1 /T4-T5-1 /T5-T2-2 /T2-T5-3 /T3-T4-1 /T6-T3-2 /T2-T4-1 
/T3-T1-3 /T6-T3-1 /T1-T0-4 /D:1     /W-T1-1  /T6-T1-1 /D:1     /W-T4-1  /T2-T4-1 /D:3     
/W-T6-1  /D:1     /W-F3-1  /T4-F3-1 /T5-F3-1 /D:3     /W-T4-1  /D:1     /W-T5-1  /D:1     
/W-T2-1  /D:2     /W-F2-1  /T4-T6-1 /T4-F2-1 /T4-F3-1 /T6-T4-3 /T5-T6-4 /T5-T2-1 /T5-T2-1 
/T4-T5-5 /T4-F3-1 /T4-F1-1 /T5-F1-1 /T6-F1-1 /T6-F2-1 /T3-T4-2 /T4-T1-3 /T5-T0-5 /D:1     
/W-F3-1  /D:5     /W-T3-1  /D:1     /W-T1-1  /T6-T1-3 /D:2     /W-T3-1  /D:1     /W-F0-1  
/T0-F0-1 /T0-F1-1 /T0-F2-1 /T1-F1-1 /T0-F1-1 /D:1     /R       /D:1     /W-F0-1  /D:2     
/W-F1-1  /D:1     /W-T2-1  /D:1     /W-F0-1  /T1-F0-1 /T0-F0-1 /T1-F3-1 /T6-F0-1 /T0-F3-1 
/D:1     /W-T3-1  /W-T3-1  /D:2     /W-F1-1  /D:1     /W-F2-1  /W-F2-1  /T1-F2-1 /T0-F2-1 
/T1-F3-1 /T2-F3-1 /T3-F2-1 /T2-F2-1 /T1-T3-1 /T1-F3-1 /T0-T2-2 /T0-F3-1 /T3-T1-2 /T3-F2-1 
/T1-T3-3 /T1-F3-1 /T2-T0-3 /T2-F2-1 /D:1     /W-F1-1  /T0-F1-1 /D:1     /W-F0-1  /T3-F0-1 
/T0-F0-1 /T3-F1-1 /T0-F1-1 /T3-F0-1 /T0-F0-1 /T3-F1-1 
"
1010793,z#lB#qcm#oUGH#fTPga#EKDYnX#NdjbJFL#QvpAVMCewShyZItrisukRxOW,120.000000,1281.000000,46.000000,0.608434,1,"
minimal: 0 / states: 123 / duration: 0.000118s
history:
/T4-F1-1  /T6-T2-1  /T5-T2-1  /T5-F2-1  /T6-T4-1  /T6-T2-1  /T6-F1-1  /T4-T3-2  /T5-T0-1  /T4-T5-1  
/T1-T5-1  /D:2      /W-T6-1   /D:2      /W-F0-1   /T5-F0-1  /D:1      /W-T2-1   /T3-T2-3  /D:2      
/W-F0-1   /D:1      /W-T2-1   /T5-T2-2  /T6-T5-2  /T5-T0-3  /T6-T5-1  /T6-F3-1  /T2-T6-11 /T2-F1-1  
/T5-F1-1  /T6-T2-1  /T6-F0-1  /T5-F0-1  /T6-F1-1  /T6-F0-1  /T3-F0-1  /T3-T0-1  /T3-F2-1  /W-T3-1   
/W-F2-1   /T1-T3-1  /D:5      /W-T1-1   /W-T1-1   /D:2      /W-T0-1   /D:3      /W-T4-1   /D:2      
/W-T1-1   /D:1      /W-T4-1   /T2-T4-2  /D:1      /W-T3-1   /D:1      /W-F3-1   /T4-F3-1  /T4-F2-1  
/D:1      /W-T3-1   /R        /D:1      /W-F3-1   /T4-F3-1  /D:1      /W-T1-1   /D:1      /W-F3-1   
/T4-T6-1  /T4-F3-1  /T4-F1-1  /D:2      /W-T3-1   /W-T3-1   /T0-T3-1  /T0-F3-1  /D:1      /W-F2-1   
/T6-F2-1  /T3-F2-1  /T6-F1-1  /T3-F1-1  /T6-F0-1  /T3-F0-1  /T6-F3-1  /T3-F3-1  /T6-F0-1  /T6-F3-1  
/T0-T3-2  /T0-F0-1  /T0-F3-1  /T6-F0-1  /T1-T6-3  /T1-F3-1  /T3-T0-4  /T3-F0-1  /D:1      /W-F1-1   
/D:1      /W-F2-1   /T0-F2-1  /T0-F1-1  /T6-F2-1  /T0-F2-1  /T6-F1-1  /T0-F1-1  /T6-F2-1  /T0-F2-1  
/T6-F1-1  
"
1010797,m#PV#dlo#IzeW#vrign#hXyFJb#YSuHMRC#UxsZwAqafpLjEcOTKBkGDNtQ,157.500000,4095.000000,48.000000,0.571429,1,"
minimal: 0 / states: 125 / duration: 0.000123s
history:
/T4-F2-1 /T2-F2-1 /T5-T6-1 /T1-T5-1 /D:2     /W-T2-1  /T3-T2-1 /D:1     /W-T4-1  /T3-T4-1 
/T2-T3-3 /T6-T2-2 /D:3     /W-F0-1  /D:1     /W-T4-1  /T1-T4-1 /T3-T1-4 /T3-T1-1 /D:1     
/W-F1-1  /T2-F1-1 /D:2     /W-F2-1  /D:1     /W-T0-1  /D:3     /W-F1-1  /D:1     /W-T2-1  
/D:3     /W-F0-1  /D:1     /W-T0-1  /T5-T0-2 /T6-T5-1 /T6-T3-1 /T4-T6-5 /T6-T0-6 /T6-T4-1 
/D:2     /W-T5-1  /T0-T5-1 /T0-F2-1 /D:1     /W-F3-1  /T2-F3-1 /T2-F0-1 /T2-F1-1 /T5-F3-1 
/T5-F0-1 /T0-F1-1 /D:2     /W-F3-1  /T5-F3-1 /T6-F3-1 /T6-T3-1 /R       /D:1     /W-T1-1  
/D:1     /W-T2-1  /D:2     /W-F1-1  /D:2     /W-F0-1  /T5-F0-1 /T5-T2-1 /T5-T2-1 /D:1     
/W-F3-1  /T1-F3-1 /T5-T1-1 /D:1     /W-T3-1  /W-T3-1  /W-T2-1  /T4-T2-2 /T4-F2-1 /T0-F2-1 
/T0-F1-1 /T1-F1-1 /T4-T3-1 /D:1     /W-F0-1  /T0-F0-1 /T1-F0-1 /T0-F3-1 /T0-F0-1 /T1-F3-1 
/T2-T0-3 /T2-F3-1 /T3-T1-2 /T3-F0-1 /T3-F3-1 /T0-T2-4 /T0-F0-1 /T3-F0-1 /T2-T0-5 /T2-F3-1 
/D:1     /W-F2-1  /T0-F2-1 /T0-F1-1 /T1-F2-1 /T0-F2-1 /T1-F1-1 /T0-F1-1 /T1-F2-1 /T0-F2-1 
/T1-F1-1 /T0-F1-1 /T1-F2-1 
"
1010809,R#fU#gWm#olMv#hxOdi#XDjsqt#GpFCaJA#SIKnHNwuQVEZryecBLYPTzkb,166.000000,4465.000000,52.000000,0.551546,1,"
minimal: 0 / states: 123 / duration: 0.000120s
history:
/T6-F0-1 /T5-T1-1 /T4-T6-1 /T5-T0-1 /T1-T3-2 /T0-T5-2 /T2-T0-1 /T3-T2-3 /T1-T2-1 /T3-T1-1 
/T3-T1-1 /D:3     /W-T1-1  /T2-T1-5 /T5-T2-3 /W-T5-1  /D:1     /W-F2-1  /T3-F2-1 /D:1     
/W-T6-1  /T2-T6-4 /D:1     /W-F3-1  /D:5     /W-T1-1  /T4-T1-1 /T4-F3-1 /T5-T4-2 /D:1     
/W-T2-1  /D:2     /W-T0-1  /D:2     /W-T5-1  /D:1     /W-F0-1  /D:1     /W-T2-1  /D:2     
/W-F3-1  /D:2     /W-T3-1  /D:1     /W-T0-1  /T6-T0-7 /T6-F1-1 /T6-F0-1 /T5-T0-1 /T5-F0-1 
/T5-T2-1 /D:1     /W-F1-1  /T0-F1-1 /T1-F1-1 /T1-F0-1 /T6-F0-1 /T6-F2-1 /T0-F2-1 /T6-F0-1 
/R       /D:2     /W-T2-1  /D:2     /W-F3-1  /T0-F3-1 /D:1     /W-T2-1  /W-T2-1  /W-F3-1  
/T0-T2-2 /T0-F0-1 /T4-F0-1 /D:1     /W-F2-1  /T2-F2-1 /D:1     /W-F1-1  /T1-F1-1 /T1-F2-1 
/T2-F1-1 /T2-F2-1 /D:1     /W-T3-1  /T4-T3-2 /T4-F1-1 /T0-F1-1 /T0-F0-1 /T3-F1-1 /T0-F1-1 
/T1-T3-3 /T1-F0-1 /T1-F1-1 /T2-T0-3 /T2-F0-1 /T1-F0-1 /T0-T2-4 /T0-F1-1 /D:1     /W-F3-1  
/T3-F3-1 /T2-F3-1 /T3-F2-1 /T2-F2-1 /T3-F3-1 /T2-F3-1 /T3-F2-1 /T2-F2-1 /T3-F3-1 /T2-F3-1 
/T3-F2-1 
"
1010868,A#jr#Vfx#tLPW#olqeJ#psmFgn#kQyzOHd#NvKuUcMYDGaRBIhTbwEiXSCZ,152.500000,2162.000000,57.000000,0.515625,1,"
minimal: 0 / states: 125 / duration: 0.000139s
history:
/T0-F0-1 /T5-F2-1 /T6-T1-1 /T5-T6-1 /T3-T2-1 /T5-T6-1 /T5-T0-1 /D:1     /W-F3-1  /D:1     
/W-T2-1  /D:3     /W-T2-1  /D:5     /W-T2-1  /D:1     /W-F1-1  /D:1     /W-T5-1  /W-T5-1  
/T3-T5-1 /T3-T0-1 /D:1     /W-F0-1  /D:4     /W-F1-1  /D:3     /W-T4-1  /T6-T4-3 /T6-F3-1 
/T5-F3-1 /D:1     /W-T0-1  /T4-T0-5 /T4-T0-1 /T4-T0-1 /T2-T4-5 /T1-T2-2 /T2-T3-3 /T4-T6-6 
/T4-F2-1 /T6-T4-7 /D:1     /W-T4-1  /W-T4-1  /D:1     /W-F0-1  /T5-F0-1 /T4-F0-1 /D:1     
/R       /D:2     /W-T2-1  /D:1     /W-F1-1  /T3-F1-1 /T0-T5-1 /T0-F1-1 /T0-F0-1 /T5-T0-3 
/T5-F2-1 /T0-F2-1 /T3-F2-1 /T3-F1-1 /T4-T3-1 /T4-F0-1 /T0-T2-3 /T0-F0-1 /T3-T4-2 /D:1     
/W-T3-1  /D:1     /W-T3-1  /W-T3-1  /T1-T3-1 /D:1     /W-F0-1  /D:4     /W-T1-1  /T6-T1-1 
/T6-F3-1 /T2-F3-1 /T2-F2-1 /T2-F1-1 /T4-F3-1 /T4-F2-1 /T2-F2-1 /W-T6-1  /W-F3-1  /T4-F3-1 
/T2-F3-1 /W-F1-1  /T0-F1-1 /T0-F0-1 /T4-F2-1 /T3-F1-1 /T4-F3-1 /T3-F0-1 /T6-F2-1 /T0-F3-1 
/T4-F2-1 /T3-F3-1 /T6-F1-1 /T0-F0-1 /T1-F2-1 /T1-F3-1 /T4-F1-1 /T0-F1-1 /T3-F0-1 /T4-F2-1 
"
1010871,A#kX#HYg#WSNa#Rvcwt#FdqZnU#serpCMi#mDIPjTLuhBElzOoQfKVGyJxb,142.000000,1927.000000,51.000000,0.559140,1,"
minimal: 0 / states: 118 / duration: 0.000122s
history:
/T0-F0-1 /T3-F1-1 /T3-F3-1 /T4-T5-1 /T6-T4-1 /T6-T0-1 /T4-T1-2 /T3-T5-1 /D:3     /W-T3-1  
/T5-T3-3 /T5-F2-1 /D:4     /W-T5-1  /T1-T5-3 /D:1     /W-T5-1  /T2-T5-1 /T2-T0-1 /W-T2-1  
/D:2     /W-F0-1  /T6-F0-1 /D:1     /W-T3-1  /D:3     /W-F3-1  /D:1     /W-F2-1  /T6-F2-1 
/D:1     /W-T3-1  /D:2     /W-T0-1  /T3-T0-7 /T5-T3-7 /T5-F2-1 /T6-F2-1 /D:4     /W-T1-1  
/D:2     /W-F1-1  /T4-F1-1 /T5-F1-1 /T6-F1-1 /T6-F2-1 /T5-T2-1 /R       /D:1     /W-T5-1  
/D:1     /W-F0-1  /D:1     /W-F3-1  /T0-F3-1 /T0-F0-1 /T2-F0-1 /D:2     /W-T4-1  /D:2     
/W-T6-1  /W-T6-1  /D:1     /W-F1-1  /T3-F1-1 /T4-F1-1 /D:1     /W-T1-1  /T3-T1-1 /T3-F1-1 
/W-F1-1  /D:1     /W-F0-1  /T2-T1-1 /T2-F0-1 /T0-T4-3 /T0-F0-1 /T4-T0-4 /T4-F3-1 /T0-F3-1 
/T0-F2-1 /T1-F3-1 /T0-F3-1 /T1-F2-1 /T0-F2-1 /T1-F3-1 /T0-F3-1 /T1-F0-1 /T0-F0-1 /T3-F2-1 
/T1-F1-1 /T3-F3-1 /T3-F0-1 /T0-F3-1 /T0-F0-1 /T3-F3-1 /T6-F1-1 /T5-F1-1 /D:2     /W-F2-1  
/W-F2-1  /T6-F2-1 
"
1010872,m#Pn#qGO#gAdS#KbENH#jRLleU#vwkcopV#tFzrYJZfxBXQhDTCWyiMuIsa,102.000000,2787.000000,56.000000,0.645161,1,"
minimal: 0 / states: 137 / duration: 0.000129s
history:
/T1-F2-1 /T4-T6-1 /T4-F3-1 /T2-F3-1 /T3-T2-1 /T3-T4-1 /T3-F0-1 /T4-T2-2 /T2-T5-4 /T1-F3-1 
/T3-T6-1 /D:2     /W-T6-1  /D:1     /W-T1-1  /D:2     /W-T1-1  /D:2     /W-T3-1  /D:2     
/W-T1-1  /D:1     /W-F0-1  /D:2     /W-F3-1  /D:4     /W-T5-1  /T4-T5-1 /D:1     /W-T1-1  
/D:1     /W-T0-1  /D:4     /W-T1-1  /T5-T1-7 /T5-T6-1 /T2-T6-1 /T4-T5-1 /D:2     /W-F1-1  
/T1-F1-1 /T1-F0-1 /R       /D:5     /W-T0-1  /D:2     /W-F0-1  /D:3     /W-T2-1  /T5-T2-2 
/T5-T3-1 /T5-F3-1 /T5-T2-1 /D:2     /R       /D:3     /W-T0-1  /T6-T0-6 /T6-T1-1 /T6-F2-1 
/T1-F2-1 /T6-F1-1 /T0-F2-1 /T1-F1-1 /T0-F1-1 /T1-F0-1 /T0-F0-1 /W-F2-1  /T1-F3-1 /T6-T3-1 
/T6-T3-1 /T1-F0-1 /W-T1-1  /T6-T2-1 /D:1     /W-F1-1  /T0-F1-1 /T0-F0-1 /T1-T2-2 /T1-F0-1 
/T0-T3-1 /T0-F0-1 /D:1     /W-F1-1  /D:1     /W-F3-1  /D:1     /W-F1-1  /T2-T1-3 /T2-F1-1 
/T2-F0-1 /T3-T0-2 /T3-F1-1 /T2-F1-1 /T3-F0-1 /T2-F0-1 /T0-T3-4 /T0-F1-1 /D:1     /W-T3-1  
/D:1     /W-F2-1  /T1-F2-1 /T1-F3-1 /T3-F2-1 /T1-F2-1 /T3-F3-1 /T1-F3-1 /T3-F2-1 /T1-F2-1 
/T3-F3-1 /T1-F3-1 /T3-F2-1 /T1-F2-1 /T3-F3-1 
"
1010909,v#km#fGw#UajT#EPrVY#pBnXxi#SFHcAqL#QNbROdZJtuzeWKMDhsoCyglI,88.000000,766.000000,44.000000,0.678082,1,"
minimal: 0 / states: 134 / duration: 0.000129s
history:
/T6-T1-1 /T5-T2-1 /T5-T4-1 /T5-T1-1 /T5-F2-1 /T2-T1-2 /D:2     /W-F3-1  /D:3     /W-F3-1  
/D:5     /W-T1-1  /T3-T1-1 /T3-T4-1 /T3-F1-1 /T2-T3-1 /T0-T4-1 /T1-T0-7 /T2-T3-1 /T3-T4-3 
/D:1     /W-T2-1  /T4-T2-7 /D:4     /W-T3-1  /D:3     /W-T0-1  /D:1     /W-F2-1  /D:4     
/W-T3-1  /D:1     /R       /D:2     /W-F1-1  /D:1     /W-T0-1  /T6-T0-1 /T6-F0-1 /T5-F0-1 
/T5-F2-1 /T6-F1-1 /T6-T4-1 /T0-F2-1 /D:1     /W-F1-1  /D:1     /W-T5-1  /D:1     /W-T1-1  
/T4-T1-2 /T4-F2-1 /T4-F3-1 /W-F3-1  /T0-F3-1 /T0-F2-1 /T6-T0-1 /T6-F3-1 /T4-T2-1 /D:1     
/W-F2-1  /T0-T1-2 /T0-F2-1 /D:1     /W-F1-1  /D:2     /W-T3-1  /W-T3-1  /D:3     /W-F0-1  
/D:1     /W-T5-1  /T1-T5-6 /D:2     /W-T3-1  /T2-T3-4 /T2-F2-1 /R       /D:1     /W-F0-1  
/T3-F0-1 /T3-F1-1 /T5-F0-1 /T3-F0-1 /T5-F3-1 /T3-F3-1 /T5-F0-1 /T5-F3-1 /T3-F0-1 /T3-F3-1 
/T5-F0-1 /T3-F0-1 /T0-T5-2 /T0-F3-1 /T0-F0-1 /T2-T3-2 /T2-F3-1 /T3-T2-3 /T3-F0-1 /T5-T0-4 
/T5-F3-1 /D:2     /W-F1-1  /W-F1-1  /T0-F1-1 /T0-F2-1 /T2-F1-1 /T0-F1-1 /T2-F2-1 /T0-F2-1 
/T2-F1-1 /T0-F1-1 /T2-F2-1 
"
1010919,s#PG#pwS#jUrR#CfQlu#XLbvoK#eqJYMNi#TazgmHhItVxDkcyOFEnWBdAZ,114.000000,1591.000000,36.000000,0.676056,1,"
minimal: 0 / states: 119 / duration: 0.000119s
history:
/T4-T6-1  /T5-T4-1  /T3-T0-1  /T2-T1-1  /T6-T2-2  /T6-F3-1  /T4-T6-2  /T3-T1-1  /T4-T1-1  /T1-T3-4  
/T5-T1-1  /T3-T5-5  /T5-T3-6  /T3-T6-7  /T6-T3-10 /D:1      /W-T2-1   /T0-T2-2  /D:1      /W-F1-1   
/T5-F1-1  /D:1      /W-T0-1   /T6-T0-1  /D:7      /W-T6-1   /D:1      /W-T0-1   /D:1      /W-T2-1   
/T1-T2-2  /D:1      /W-T5-1   /T6-T5-2  /D:1      /W-F1-1   /D:2      /W-F3-1   /D:2      /W-T4-1   
/D:1      /W-F2-1   /T2-F2-1  /T2-F3-1  /T3-F3-1  /D:1      /W-T0-1   /D:2      /W-F1-1   /D:1      
/W-F0-1   /W-F0-1   /D:1      /W-T1-1   /T5-T1-4  /T2-T5-7  /T2-F2-1  /T6-F2-1  /T3-F2-1  /T6-F1-1  
/T4-T3-1  /T4-F1-1  /T4-F0-1  /T5-F0-1  /T3-F0-1  /T5-F3-1  /T3-F3-1  /T5-F2-1  /W-F0-1   /T3-F0-1  
/T5-F3-1  /T3-F3-1  /T1-F3-1  /T0-F3-1  /R        /D:1      /W-F1-1   /D:1      /W-T2-1   /D:1      
/W-F0-1   /D:1      /W-F1-1   /D:1      /W-F0-1   /T1-F0-1  /T3-T0-2  /T3-F0-1  /T5-T1-3  /T5-F3-1  
/T0-T3-3  /T0-F3-1  /T1-T2-5  /T1-F3-1  /D:1      /W-F2-1   /T2-F2-1  /T2-F1-1  /T3-F2-1  /T2-F2-1  
/T3-F1-1  /T2-F1-1  /T2-F0-1  /T3-F2-1  /T3-F1-1  /T3-F0-1  /T2-F1-1  /D:1      /W-F2-1   /T0-F2-1  
"
1010929,n#uA#zjR#lVco#qCgwI#vbfLMU#GXBPZOp#FQNSKhHTeaYtkyrsxEWdmiJD,135.500000,4005.000000,62.000000,0.505495,1,"
minimal: 0 / states: 133 / duration: 0.000123s
history:
/T0-F2-1 /T1-F0-1 /T3-F2-1 /T6-F2-1 /T5-T4-1 /T5-T0-1 /D:3     /W-F3-1  /T6-F3-1 /T5-T6-1 
/D:5     /W-T1-1  /D:2     /W-F1-1  /D:1     /W-T0-1  /D:1     /W-T4-1  /T5-T4-1 /T5-F1-1 
/T3-F1-1 /T1-T3-2 /T6-T1-2 /T6-F3-1 /T6-F0-1 /T6-T1-1 /D:3     /W-T4-1  /D:1     /W-T3-1  
/T2-T3-1 /T4-T2-5 /T4-T1-1 /T3-T1-5 /D:1     /W-T0-1  /T2-T0-6 /T3-T2-1 /D:3     /W-F1-1  
/D:1     /W-T3-1  /D:3     /W-T1-1  /R       /D:1     /W-T4-1  /D:1     /W-F3-1  /D:1     
/W-T6-1  /D:1     /W-T2-1  /D:1     /W-T5-1  /T6-T5-2 /D:2     /W-F1-1  /T0-T5-1 /T0-F1-1 
/D:2     /W-T3-1  /W-T3-1  /D:2     /W-T2-1  /T5-T2-5 /D:2     /W-T3-1  /W-T3-1  /R       
/D:1     /W-T3-1  /T4-T3-2 /T4-F0-1 /T1-F0-1 /T4-F2-1 /T1-F3-1 /T2-F2-1 /T1-F2-1 /T0-F2-1 
/T2-F3-1 /T1-F3-1 /T0-F3-1 /T1-F2-1 /T1-F3-1 /T2-T0-2 /T2-F2-1 /T1-F2-1 /T2-F3-1 /T1-F3-1 
/T0-T2-4 /T0-F2-1 /T0-F3-1 /T3-T1-6 /T3-F2-1 /T1-T3-7 /T1-F3-1 /T2-T0-6 /T2-F2-1 /D:1     
/W-F0-1  /T3-F0-1 /T0-F0-1 /T3-F1-1 /T0-F1-1 /T3-F0-1 /T0-F0-1 /T3-F1-1 /T0-F1-1 /T3-F0-1 
/T0-F0-1 /T3-F1-1 /T0-F1-1 /T3-F0-1 /T0-F0-1 /T3-F1-1 
"
1010934,r#vT#eZt#diCu#IPEkb#RLosMD#mWKhNxU#OnjFQyAqSBXHYfJlVpzGcgwa,130.500000,1640.000000,50.000000,0.666667,1,"
minimal: 0 / states: 122 / duration: 0.000134s
history:
/T2-T6-1 /T1-T3-1 /T6-T1-2 /D:2     /W-F2-1  /D:1     /W-T6-1  /T1-T6-3 /T2-T1-1 /T5-T2-1 
/D:1     /W-T3-1  /T2-T3-2 /T5-T2-1 /D:1     /W-T0-1  /D:1     /W-T1-1  /D:1     /W-F0-1  
/D:2     /W-T6-1  /T0-T6-2 /D:1     /W-F0-1  /D:1     /W-T1-1  /D:2     /W-T2-1  /T6-T2-8 
/T6-F3-1 /D:2     /W-T1-1  /D:2     /W-T1-1  /T3-T1-5 /T3-F0-1 /F0-T2-1 /T4-T2-1 /D:2     
/W-T0-1  /D:1     /W-T6-1  /D:1     /W-T1-1  /D:2     /W-T4-1  /T3-T4-1 /D:1     /W-F1-1  
/T2-F1-1 /T1-F1-1 /T2-F0-1 /T1-F0-1 /T3-F1-1 /T1-F1-1 /R       /D:1     /W-F3-1  /D:2     
/W-T4-1  /D:1     /W-F1-1  /D:1     /W-T0-1  /D:1     /W-T2-1  /D:1     /W-T4-1  /T5-T4-1 
/T5-F2-1 /T2-F2-1 /T4-T5-6 /T4-F0-1 /T4-F3-1 /T2-F3-1 /W-F2-1  /T2-F2-1 /T6-T4-2 /T6-T0-1 
/T6-T0-1 /T5-T6-7 /T5-F3-1 /T1-F0-1 /T2-F3-1 /T4-F0-1 /T6-F2-1 /T1-F3-1 /T2-F2-1 /T2-F3-1 
/T6-F1-1 /T1-F2-1 /T4-F1-1 /T2-F2-1 /T6-F0-1 /T1-F3-1 /T4-F0-1 /T0-F3-1 /T6-F1-1 /T1-F0-1 
/T2-F1-1 /T0-F0-1 /T6-F2-1 /T1-F3-1 /T2-F2-1 /T2-F3-1 /T6-F1-1 /T0-F1-1 /T1-F2-1 /T0-F2-1 
/T6-F0-1 /T1-F3-1 /T2-F0-1 /T6-F1-1 
"
1010958,L#qg#RVa#QwlO#ZbAGs#fkFErc#JyWYBCn#pPejUIhMziDmxvToSNKHtXud,154.000000,2347.000000,58.000000,0.563725,1,"
minimal: 0 / states: 130 / duration: 0.000135s
history:
/T2-F1-1 /T6-F2-1 /T4-T1-1 /T3-T6-1 /D:3     /W-T1-1  /D:8     /W-T1-1  /T5-T1-1 /D:2     
/W-T3-1  /D:3     /W-F2-1  /D:1     /W-T4-1  /T5-T4-1 /D:1     /W-F3-1  /T6-F3-1 /D:2     
/W-T2-1  /T1-T2-5 /D:2     /W-T0-1  /D:2     /W-T4-1  /T6-T4-1 /T6-T2-1 /R       /D:1     
/W-F2-1  /T1-F2-1 /T4-T5-2 /T4-F2-1 /T5-T4-3 /T2-T5-4 /T2-F2-1 /T5-T2-5 /D:1     /W-F3-1  
/D:1     /W-T3-1  /D:2     /W-T3-1  /W-T3-1  /T4-T3-5 /T4-F0-1 /T2-F0-1 /T4-F1-1 /T2-F1-1 
/T3-F0-1 /T2-F0-1 /T3-F1-1 /T2-F1-1 /T3-F0-1 /T2-F0-1 /T0-T4-2 /D:2     /W-T0-1  /T6-T0-1 
/D:1     /W-T1-1  /T3-T1-7 /T2-T3-3 /T3-T4-4 /T3-F3-1 /T2-F3-1 /T1-F3-1 /T1-F0-1 /D:2     
/W-T2-1  /D:1     /W-T6-1  /D:1     /W-F3-1  /T1-F3-1 /D:1     /W-T0-1  /T6-T0-2 /T5-T6-1 
/T5-F1-1 /T4-F1-1 /T4-F0-1 /T6-T2-2 /T1-F0-1 /T4-F3-1 /T6-F0-1 /T0-T1-1 /T0-F3-1 /T0-F0-1 
/T4-T2-1 /T4-F3-1 /T0-F3-1 /T4-F0-1 /T0-F0-1 /T4-F3-1 /W-T2-1  /W-F1-1  /T2-F1-1 /D:1     
/W-F2-1  /D:1     /W-F2-1  /T1-F2-1 /T1-F1-1 /T2-F2-1 /T1-F2-1 /T2-F1-1 /T1-F1-1 /T2-F2-1 
/T1-F2-1 /T2-F1-1 
"
1010979,Z#Eo#mgh#ULDG#uQzAI#vefKwd#PaXcCOp#NyJstnWbBlRkqTjxFYirHVMS,95.000000,1035.000000,16.000000,1.031915,1,"
minimal: 0 / states: 109 / duration: 0.000105s
history:
/T6-T5-1 /T6-T5-1 /T3-T2-1 /T2-T4-2 /D:1     /W-F3-1  /T5-F3-1 /D:1     /W-T0-1  /D:2     
/W-T2-1  /D:2     /W-F2-1  /T1-F2-1 /T5-T1-2 /T1-F2-1 /T6-T1-1 /T6-T3-1 /T5-T6-1 /T6-T0-2 
/T6-F1-1 /T6-F3-1 /D:1     /W-T5-1  /T4-T5-3 /T4-F0-1 /T4-T6-1 /T4-F3-1 /T2-T4-2 /D:1     
/W-F1-1  /T3-F1-1 /D:1     /W-F0-1  /T1-F0-1 /T1-F1-1 /T3-F0-1 /T1-F0-1 /T3-T2-1 /W-T3-1  
/D:1     /W-T6-1  /T5-T6-5 /T5-T3-1 /T5-F1-1 /T3-F1-1 /T3-T5-2 /D:1     /W-F3-1  /D:1     
/W-T2-1  /W-T2-1  /D:1     /W-F2-1  /D:4     /W-F0-1  /T6-F0-1 /D:2     /W-T0-1  /T4-T0-3 
/D:1     /W-F2-1  /T0-F2-1 /T0-F1-1 /T5-F2-1 /T6-F1-1 /T0-F2-1 /T0-F1-1 /T5-T6-1 /T5-F2-1 
/T0-F2-1 /D:1     /W-F0-1  /D:1     /W-T2-1  /D:1     /W-T1-1  /W-T1-1  /W-F2-1  /W-F1-1  
/T2-T0-2 /T2-F1-1 /T0-T2-3 /T0-F2-1 /T6-T1-4 /T6-F1-1 /T6-F2-1 /T2-T0-4 /T2-F1-1 /D:1     
/W-F3-1  /W-F3-1  /T1-F3-1 /T0-F3-1 /T1-F0-1 /T0-F0-1 /T1-F3-1 /T0-F3-1 /T1-F0-1 /T0-F0-1 
/T1-F3-1 /T0-F3-1 /T1-F0-1 
"
1011001,K#aG#XHm#jxpC#ZbMPY#uFwSqz#AVviQrO#IolefLRJkBgysdcWNhtEUDnT,128.000000,3741.000000,54.000000,0.534091,1,"
minimal: 0 / states: 138 / duration: 0.000128s
history:
/T6-T3-1 /T4-T5-1 /T0-T5-1 /T5-T0-3 /T4-T5-1 /D:2     /W-T5-1  /D:1     /W-T4-1  /D:2     
/W-T1-1  /T6-T1-1 /T6-T1-1 /T3-T1-2 /D:1     /W-T2-1  /D:3     /W-T2-1  /W-T2-1  /T6-T2-1 
/D:7     /W-T0-1  /T6-T0-1 /D:1     /W-F3-1  /T1-F3-1 /D:1     /W-T0-1  /T1-T0-5 /T1-F1-1 
/T2-T1-5 /T2-T1-1 /D:5     /W-F2-1  /T5-F2-1 /T3-F2-1 /T3-T4-1 /T3-T4-1 /T4-T3-4 /T4-F1-1 
/T5-F3-1 /T5-F2-1 /D:1     /W-T1-1  /R       /D:1     /W-T3-1  /D:5     /W-T4-1  /T2-T4-1 
/D:1     /W-T1-1  /D:2     /W-F1-1  /W-F1-1  /D:2     /W-T5-1  /T0-T5-2 /T0-F2-1 /T1-F2-1 
/W-F2-1  /D:1     /W-T3-1  /F2-T3-1 /T5-T3-4 /T5-T4-1 /T5-T1-1 /T6-T4-1 /T6-F0-1 /W-T5-1  
/W-F0-1  /T3-F0-1 /T3-F3-1 /W-F3-1  /W-F1-1  /T0-F1-1 /T5-F1-1 /T3-T0-2 /T3-F2-1 /T5-F2-1 
/T0-T3-3 /T0-F1-1 /T0-F2-1 /T1-T4-3 /T1-F1-1 /T3-T0-5 /T3-F1-1 /T4-T1-4 /T4-F2-1 /T3-F2-1 
/T1-T4-5 /T1-F1-1 /T3-F1-1 /T4-T1-6 /T4-F2-1 /T0-T3-8 /T0-F2-1 /T1-T4-7 /T1-F1-1 /D:1     
/W-F0-1  /T3-F0-1 /T3-F3-1 /T4-F0-1 /T3-F0-1 /T4-F3-1 /T3-F3-1 /T4-F0-1 /T3-F0-1 /T4-F3-1 
/T3-F3-1 /T4-F0-1 /T3-F0-1 /T4-F3-1 /T3-F3-1 /T4-F0-1 /T3-F0-1 /T4-F3-1 
"
1011004,f#iM#aJI#esyn#qNoFl#tXWOcR#CZUYuQr#PwvBAHLEbKjzDVGgmkSxpdhT,142.000000,2826.000000,54.000000,0.544444,1,"
minimal: 0 / states: 125 / duration: 0.000124s
history:
/T3-F2-1  /T6-T0-1  /T6-T0-1  /T4-T1-1  /T5-T4-1  /D:4      /W-T5-1   /D:1      /W-F0-1   /T5-F0-1  
/D:5      /W-T1-1   /D:1      /W-T1-1   /T2-T1-1  /D:2      /W-T4-1   /T5-T4-1  /D:1      /W-T2-1   
/T6-T2-1  /D:2      /W-T2-1   /T4-T2-4  /T4-F2-1  /T4-F3-1  /T5-F3-1  /D:2      /W-T3-1   /T2-T3-8  
/T2-F1-1  /T1-T2-5  /D:2      /W-T6-1   /T5-T6-1  /D:1      /W-F2-1   /T4-F2-1  /D:2      /W-T2-1   
/D:1      /R        /D:1      /W-F3-1   /T0-F3-1  /T0-F2-1  /D:1      /W-T5-1   /T1-T5-1  /D:1      
/W-T6-1   /D:1      /W-T5-1   /D:2      /W-T0-1   /D:1      /W-F1-1   /T3-F1-1  /D:1      /W-T1-1   
/T6-T1-4  /T6-T1-1  /T3-T6-9  /T3-F2-1  /T6-T4-10 /T6-F0-1  /T4-F0-1  /T4-F3-1  /T0-F0-1  /T4-F0-1  
/D:1      /W-F0-1   /T5-F0-1  /D:1      /W-T6-1   /W-T6-1   /T5-T6-3  /T5-F2-1  /D:1      /W-F3-1   
/D:1      /W-F1-1   /T3-F1-1  /T0-F1-1  /T4-F1-1  /T2-F1-1  /T2-F0-1  /T4-F2-1  /T6-F1-1  /T2-F1-1  
/T4-T6-1  /T4-F0-1  /T2-F0-1  /T4-F1-1  /T2-F1-1  /T6-T4-3  /T6-F0-1  /T2-F0-1  /T6-F1-1  /D:1      
/W-F3-1   /T1-F3-1  /T1-F2-1  /T4-F3-1  /T1-F3-1  /T4-F2-1  /T1-F2-1  /T4-F3-1  /T1-F3-1  /T4-F2-1  
/T1-F2-1  /T4-F3-1  
"
1011037,x#Zj#iYS#XLtD#KvOnF#sGmBQb#lqTrWpe#JzydVIokgAhPCMEURawfuHcN,146.000000,3655.000000,46.000000,0.577778,1,"
minimal: 0 / states: 129 / duration: 0.000126s
history:
/T6-T4-1 /T5-T6-1 /T6-T5-2 /T6-T0-1 /T5-T6-3 /T3-T4-1 /T6-T2-4 /T4-T6-3 /T4-F2-1 /T2-T3-5 
/T0-T2-2 /D:2     /W-T0-1  /T2-T0-3 /D:4     /W-T0-1  /D:1     /W-F2-1  /D:3     /W-F0-1  
/T5-F0-1 /D:1     /W-T0-1  /T3-T0-6 /T3-T5-1 /T3-T5-1 /T5-T3-3 /D:1     /W-T6-1  /D:1     
/W-F0-1  /D:5     /W-F1-1  /T0-F1-1 /T4-T0-1 /T4-T1-1 /T1-T4-2 /D:1     /W-T3-1  /T2-T3-1 
/D:1     /W-T5-1  /D:1     /W-T3-1  /T6-T3-5 /T3-T6-1 /T3-F0-1 /T6-T3-2 /T4-T6-3 /D:2     
/W-F1-1  /D:1     /W-F3-1  /T0-F3-1 /T0-F2-1 /T3-F3-1 /T0-F3-1 /T3-F2-1 /T0-F2-1 /R       
/D:2     /W-T1-1  /D:1     /W-F1-1  /T3-F1-1 /T5-F1-1 /D:2     /W-T1-1  /D:1     /W-F1-1  
/D:1     /W-T2-1  /T6-T2-4 /D:1     /W-F0-1  /T3-F0-1 /T5-F0-1 /T5-F2-1 /D:1     /W-T2-1  
/T0-T2-2 /T0-F1-1 /D:1     /W-F3-1  /T2-F3-1 /T2-F2-1 /T3-F3-1 /T2-F3-1 /T3-F2-1 /T2-F2-1 
/T3-F1-1 /T2-F1-1 /T1-F1-1 /T3-F2-1 /W-F3-1  /T0-T2-2 /T0-F2-1 /T1-F2-1 /T2-T0-3 /T2-F1-1 
/T0-T2-4 /T0-F2-1 /T3-T1-2 /T3-F1-1 /W-T1-1  /D:1     /W-F0-1  /T2-F0-1 /T1-F0-1 /T2-F3-1 
/T1-F3-1 /T2-F0-1 /T1-F0-1 /T2-F3-1 /T1-F3-1 /T2-F0-1 
"
1011041,i#fH#cmk#zIBp#rVFTE#ewnylJ#QOChLZP#xvDaKubMSogsXAYRNWUqjtGd,111.500000,1459.000000,46.000000,0.653409,1,"
minimal: 0 / states: 121 / duration: 0.000124s
history:
/T5-T2-1 /T1-T0-1 /T4-T1-1 /T4-T0-1 /T4-T0-1 /T4-T2-1 /D:1     /W-T5-1  /D:3     /W-F1-1  
/D:2     /W-T2-1  /D:1     /W-F1-1  /D:3     /W-T6-1  /D:1     /W-T2-1  /D:1     /W-T2-1  
/D:2     /W-F0-1  /D:2     /W-T0-1  /D:1     /W-F3-1  /D:1     /W-T5-1  /D:2     /W-T0-1  
/T6-T0-2 /D:4     /W-T1-1  /T3-T1-1 /T3-F0-1 /T3-T5-1 /T5-T3-4 /T5-T6-1 /T5-F2-1 /T0-F2-1 
/T2-T6-6 /T0-T5-7 /T6-T0-8 /T6-T2-1 /T6-T3-1 /T6-F0-1 /T6-F3-1 /T1-F2-1 /T5-F3-1 /T6-F3-1 
/T2-T6-2 /T2-F1-1 /T1-F1-1 /T5-F2-1 /T4-F2-1 /T0-F2-1 /T5-F3-1 /W-T3-1  /W-F2-1  /T1-T3-2 
/R       /D:2     /W-F0-1  /T3-F0-1 /T5-F0-1 /D:2     /W-T1-1  /D:1     /W-F3-1  /T5-F3-1 
/T0-T5-1 /T0-F2-1 /D:1     /W-T6-1  /T5-T6-4 /T5-F1-1 /T3-F1-1 /T3-F0-1 /T6-F1-1 /T3-F1-1 
/T6-F0-1 /T6-F1-1 /T3-F0-1 /T0-T6-1 /T0-F0-1 /W-F0-1  /W-F2-1  /D:1     /W-T1-1  /D:1     
/W-F3-1  /T6-F3-1 /T3-F3-1 /T6-F2-1 /T6-F3-1 /T1-F3-1 /T3-F2-1 /T6-F0-1 /T1-F0-1 /T0-T6-2 
/T0-F3-1 /D:1     /W-F1-1  /T6-F1-1 /T3-F1-1 /T6-F2-1 /T3-F2-1 /T6-F1-1 
"
1011044,d#EI#gVh#Qwuj#mYJbt#pRkAiM#rGOzBos#KZCncHDXyWxPaLlTSUfeqNFv,148.000000,1533.000000,53.000000,0.547872,1,"
minimal: 0 / states: 129 / duration: 0.000124s
history:
/T4-T2-1 /T2-T1-2 /T1-T3-3 /T0-T1-1 /T5-T0-1 /D:3     /W-T1-1  /T4-T1-1 /T5-T4-1 /T5-F0-1 
/T4-T5-2 /T4-T0-1 /D:1     /W-F2-1  /D:2     /W-T2-1  /D:3     /W-T4-1  /T5-T4-3 /T5-T6-1 
/D:2     /W-T0-1  /T3-T0-4 /T3-T4-1 /T2-T3-2 /T6-T2-2 /T6-F2-1 /T6-F0-1 /T2-T3-3 /T6-T2-1 
/T6-T5-1 /D:2     /W-F1-1  /T1-F1-1 /T1-F0-1 /T5-T1-2 /D:2     /W-T2-1  /D:1     /W-T4-1  
/D:1     /W-T0-1  /T1-T0-4 /D:2     /W-T6-1  /D:2     /W-T3-1  /D:1     /W-F3-1  /T0-F3-1 
/T0-F2-1 /T3-F2-1 /D:1     /W-T4-1  /W-T4-1  /D:1     /R       /D:1     /W-T2-1  /D:1     
/W-T1-1  /D:1     /W-F1-1  /T0-F1-1 /T4-F1-1 /T6-F1-1 /D:1     /W-F0-1  /T0-F0-1 /T4-F0-1 
/T6-F0-1 /T6-F2-1 /T3-T4-2 /T3-F1-1 /T3-F0-1 /D:2     /W-T2-1  /D:1     /W-F3-1  /D:1     
/W-T1-1  /W-T1-1  /T3-T1-2 /T3-F3-1 /T4-F3-1 /T0-F3-1 /T4-F2-1 /T0-F2-1 /T0-F1-1 /T4-F3-1 
/T4-F2-1 /T4-F1-1 /T0-F0-1 /T0-F1-1 /T4-F0-1 /T4-F1-1 /T2-T0-1 /T2-F0-1 /T2-F1-1 /T1-T4-3 
/T1-F0-1 /T0-T2-3 /T0-F0-1 /T4-T1-4 /T4-F1-1 /D:1     /W-F3-1  /T1-F3-1 /T2-F3-1 /D:1     
/W-F2-1  /T1-F2-1 /T1-F3-1 /T2-F2-1 /T1-F2-1 /T2-F3-1 /T1-F3-1 /T2-F2-1 
"
1011051,h#Ka#Usq#dVNL#YuWbn#tQZFBl#jkSTPMo#JwfCHmXGRrxyicAzepgDOvIE,132.500000,1930.000000,50.000000,0.593023,1,"
minimal: 0 / states: 132 / duration: 0.000127s
history:
/T1-F1-1 /T4-F2-1 /T4-F1-1 /T6-F2-1 /T5-T6-1 /T4-T1-1 /T1-T6-2 /T6-T1-4 /T5-T6-1 /T6-T2-2 
/T5-T6-1 /T3-T5-1 /T3-F3-1 /T6-T4-2 /T4-T3-3 /D:7     /W-T5-1  /D:1     /W-T0-1  /T6-T0-1 
/D:1     /W-T3-1  /T2-T3-3 /D:1     /W-T0-1  /D:1     /W-T4-1  /D:3     /W-F1-1  /D:1     
/W-F0-1  /T3-F0-1 /D:2     /W-T2-1  /D:1     /W-F2-1  /D:2     /W-T2-1  /T3-T2-1 /T3-F2-1 
/T0-F2-1 /D:1     /W-F3-1  /T2-F3-1 /D:1     /W-T1-1  /T0-T1-3 /T5-T0-3 /T5-F3-1 /T3-F3-1 
/T2-T3-2 /T2-F2-1 /T1-F3-1 /T5-F2-1 /D:2     /R       /D:1     /W-T0-1  /T3-T0-6 /T3-F1-1 
/D:1     /W-T6-1  /D:1     /W-T1-1  /D:1     /W-F0-1  /T0-F0-1 /T0-F1-1 /T1-F1-1 /D:2     
/W-T3-1  /D:1     /W-T3-1  /T6-T3-2 /T6-T4-1 /D:1     /W-T3-1  /W-T3-1  /T0-T3-2 /T0-F2-1 
/D:1     /W-T5-1  /T4-T5-3 /D:1     /W-F1-1  /T1-T2-1 /T1-F1-1 /T1-F2-1 /T3-T0-3 /T3-F1-1 
/T3-F2-1 /T5-F1-1 /T3-F1-1 /T5-F2-1 /T3-F2-1 /T1-T5-2 /T1-F1-1 /T3-F1-1 /T5-T1-3 /T5-F2-1 
/D:1     /W-T1-1  /T2-T1-2 /D:1     /W-F0-1  /T0-F0-1 /T0-F3-1 /T1-F0-1 /T0-F0-1 /T1-F3-1 
/T0-F3-1 /T1-F0-1 /T0-F0-1 /T1-F3-1 /T0-F3-1 /T1-F0-1 /T0-F0-1 /T1-F3-1 /T0-F3-1 /T1-F0-1 
"
1011060,n#dg#qGj#zLeZ#FWKMO#NBVSbA#ERuliQP#mXsrDCtwJpUYyfaHTxohkvcI,146.000000,2433.000000,56.000000,0.545918,1,"
minimal: 0 / states: 126 / duration: 0.000124s
history:
/T0-F2-1 /T5-F0-1 /T3-T0-1 /D:3     /W-T1-1  /T3-T1-1 /T3-T0-1 /W-T0-1  /D:2     /W-T1-1  
/T6-T1-1 /D:1     /W-T6-1  /T4-T6-1 /D:2     /W-T0-1  /D:4     /W-T3-1  /D:3     /W-F1-1  
/T5-F1-1 /D:3     /W-T3-1  /T2-T3-1 /T5-T2-1 /T5-T0-1 /T5-F0-1 /T5-F3-1 /T6-F3-1 /T6-F0-1 
/T4-T5-1 /T1-F3-1 /T6-F3-1 /T1-F0-1 /D:1     /W-F2-1  /D:3     /W-T3-1  /D:1     /W-F1-1  
/D:1     /R       /D:2     /W-T2-1  /D:3     /W-F2-1  /D:1     /W-T3-1  /T2-T3-3 /T2-F2-1 
/T3-F2-1 /D:3     /W-T0-1  /T1-T0-3 /T1-F1-1 /T0-F1-1 /T0-F2-1 /W-F1-1  /T0-F1-1 /D:1     
/W-T0-1  /D:1     /W-F1-1  /T6-F1-1 /T6-T5-1 /T4-T5-1 /T4-T5-1 /T3-T5-4 /T3-F1-1 /T4-T0-1 
/D:1     /W-F1-1  /D:1     /R       /D:1     /W-T1-1  /D:1     /W-F2-1  /T6-F2-1 /T6-F3-1 
/T6-F0-1 /T0-F0-1 /T5-F3-1 /T0-F3-1 /T5-F0-1 /T0-F0-1 /T5-F3-1 /T0-F3-1 /T5-F2-1 /T0-F2-1 
/T3-F2-1 /T5-F3-1 /T0-F3-1 /T3-F3-1 /T0-T1-1 /T0-F3-1 /D:2     /W-F2-1  /T3-F2-1 /D:1     
/W-F0-1  /W-F0-1  /T5-F0-1 /T1-F0-1 /T5-F1-1 /T1-F1-1 /T5-F0-1 
"
1011069,N#qW#HBb#QGIz#PlZEL#shdrKC#RjOYTVX#xMSpnUoJacewyiftDmuFvgAk,116.500000,1101.000000,39.000000,0.671053,1,"
minimal: 0 / states: 118 / duration: 0.000122s
history:
/T0-F3-1 /T6-T4-1 /T3-T0-1 /T2-T5-1 /T3-T1-1 /D:3     /W-T3-1  /D:2     /W-F2-1  /D:1     
/W-T1-1  /T3-T1-2 /T5-T3-2 /T1-T5-5 /D:1     /W-F2-1  /W-F2-1  /T1-F2-1 /W-T1-1  /D:1     
/W-T4-1  /T6-T4-1 /D:1     /W-F1-1  /T3-F1-1 /D:1     /W-F1-1  /D:9     /W-T4-1  /T6-T4-1 
/T5-T6-6 /T5-F2-1 /T5-F1-1 /T6-T0-7 /T6-F3-1 /D:1     /W-T4-1  /D:1     /W-T6-1  /T5-T6-1 
/T5-F2-1 /W-T5-1  /T4-T5-7 /T4-T0-1 /T3-T0-2 /T4-T3-1 /T4-T1-1 /T2-T4-1 /D:1     /W-T2-1  
/D:1     /W-F0-1  /T4-F0-1 /T0-F0-1 /T4-F3-1 /T0-F3-1 /W-F0-1  /T0-F0-1 /T5-F0-1 /W-F2-1  
/D:1     /R       /D:1     /W-T1-1  /T6-T1-3 /T6-F3-1 /T0-F3-1 /T5-F3-1 /T0-F0-1 /T0-F3-1 
/T5-F2-1 /T5-F3-1 /T1-T0-1 /T1-F2-1 /T0-T1-2 /T0-F3-1 /D:1     /W-F1-1  /D:1     /W-F2-1  
/T1-T0-3 /T1-F2-1 /D:1     /W-F2-1  /D:1     /W-T5-1  /T2-T5-2 /D:1     /W-F1-1  /T5-F1-1 
/T0-F1-1 /T5-F0-1 /T0-F0-1 /T5-F1-1 /T0-F1-1 /T5-F0-1 /T0-F0-1 /T5-F3-1 /T0-F3-1 /T0-F2-1 
/T3-F3-1 /T5-F0-1 /D:1     /W-F1-1  /T1-F1-1 /T1-F0-1 /T5-F1-1 
"
1011084,g#KB#wuL#Rxef#SpltG#POQAIs#vFUETcW#kNYijohzCydHrVmaXJMbnZqD,120.500000,2926.000000,48.000000,0.689655,1,"
minimal: 0 / states: 114 / duration: 0.000128s
history:
/T5-T0-1 /T5-T6-1 /T5-F0-1 /T1-F0-1 /T6-T1-2 /T3-T4-1 /T3-T0-1 /D:1     /W-T2-1  /D:1     
/W-F3-1  /D:3     /W-T3-1  /D:1     /W-T6-1  /D:1     /W-T1-1  /T4-T1-2 /D:2     /W-F0-1  
/D:4     /W-T1-1  /T5-T1-1 /T5-F3-1 /T5-F3-1 /T1-F3-1 /D:2     /W-T5-1  /T2-T5-2 /T0-T2-3 
/D:1     /W-F1-1  /D:2     /W-T5-1  /D:1     /W-T0-1  /D:1     /W-F1-1  /D:1     /W-F2-1  
/T6-F2-1 /T6-F1-1 /D:2     /W-T2-1  /D:1     /W-F0-1  /R       /D:1     /W-T0-1  /T3-T0-2 
/T3-F3-1 /D:1     /W-T5-1  /T2-T5-5 /D:1     /W-T3-1  /D:2     /W-F1-1  /D:2     /W-T2-1  
/W-T2-1  /T6-T2-1 /T6-F0-1 /T4-T6-1 /T4-T3-1 /T4-F2-1 /T5-F2-1 /T1-F2-1 /T4-F3-1 /T5-F1-1 
/T1-F1-1 /T5-F2-1 /T6-F2-1 /T2-F3-1 /T6-F3-1 /T6-F0-1 /T1-F0-1 /T5-F1-1 /T1-F1-1 /T2-F0-1 
/T1-F0-1 /T5-F2-1 /T2-F3-1 /T5-F1-1 /T5-F0-1 /T6-F2-1 /T0-F1-1 /T1-F3-1 /T1-F0-1 /T2-F2-1 
/T0-F2-1 /T5-F1-1 /T3-F1-1 /T5-F0-1 /T5-F1-1 /W-F2-1  /T3-F2-1 /D:1     /W-F3-1  /T0-F3-1 
/T0-F0-1 /D:1     /W-F3-1  
"
1011089,b#Vl#GLT#jWKN#PROMa#CUHhiY#FDIpzBq#foEcgvxQJysdmewnAuZXtrkS,82.500000,1953.000000,42.000000,0.625000,1,"
minimal: 0 / states: 129 / duration: 0.000128s
history:
/T3-F3-1 /T4-F1-1 /T0-F1-1 /T5-T4-1 /T4-T0-2 /T4-F3-1 /T6-T4-1 /T3-T0-1 /T3-T0-1 /D:4     
/W-T4-1  /T6-T4-1 /T1-T6-1 /D:2     /W-T0-1  /D:1     /W-T6-1  /T3-T6-1 /T6-T3-4 /D:4     
/W-T2-1  /T4-T2-4 /T4-F3-1 /D:2     /W-T4-1  /D:3     /W-F2-1  /D:1     /W-F0-1  /T2-F0-1 
/T2-F1-1 /D:1     /W-T1-1  /T2-T1-4 /T2-T4-1 /D:2     /W-T4-1  /D:4     /W-T2-1  /R       
/D:2     /W-F2-1  /T6-F2-1 /T1-F2-1 /T6-T3-1 /T6-T1-1 /D:1     /W-T2-1  /D:2     /W-F3-1  
/D:1     /W-T4-1  /T5-T4-1 /T5-T0-1 /T5-T4-1 /T5-T3-1 /T5-F0-1 /T1-F0-1 /T1-F3-1 /T2-F0-1 
/T2-F3-1 /T6-F0-1 /T2-F0-1 /T4-F0-1 /D:2     /W-F1-1  /D:1     /W-F1-1  /D:2     /W-T2-1  
/D:1     /W-T0-1  /D:1     /W-F2-1  /T1-F2-1 /T1-F3-1 /T0-F2-1 /T3-F3-1 /T1-F2-1 /T1-F3-1 
/T3-F0-1 /T0-T3-2 /T0-F3-1 /D:1     /R       /D:1     /W-F1-1  /D:1     /W-F1-1  /T3-F1-1 
/T3-F2-1 /T4-F1-1 /T3-F1-1 /T4-F0-1 /T0-F0-1 /T4-F3-1 /T0-F3-1 /T2-F3-1 /T4-F0-1 /T0-F0-1 
/D:1     /W-T4-1  /D:1     /W-F2-1  /T3-F2-1 /T4-F2-1 /D:1     /W-F1-1  /T3-F1-1 /T3-F2-1 
/T4-F1-1 
"
1011091,U#Ja#gwd#lzPW#rKsVf#Xvpxem#LjCbTuE#hiYnqoMkRDcIBtANOFZGQySH,119.500000,1099.000000,36.000000,0.641026,1,"
minimal: 0 / states: 114 / duration: 0.000122s
history:
/T1-F1-1  /T6-T4-1  /T2-T4-1  /D:2      /W-T1-1   /T6-T1-1  /T6-T1-1  /T6-F1-1  /T6-T4-1  /D:2      
/W-F2-1   /D:2      /W-F2-1   /D:5      /W-F1-1   /D:1      /W-T3-1   /T0-T3-1  /T5-T0-1  /W-T5-1   
/D:2      /W-T3-1   /T4-T3-4  /T4-T2-1  /T5-T4-2  /T3-T5-8  /T3-T4-1  /T4-T1-4  /T6-T4-1  /T6-T0-1  
/T3-T6-1  /T5-T3-9  /T5-F2-1  /T5-T4-1  /T2-T5-2  /W-T1-1   /T3-T6-10 /T5-T0-3  /D:1      /W-F0-1   
/T1-F0-1  /T6-F0-1  /T6-F1-1  /D:1      /W-F3-1   /D:1      /W-F3-1   /T1-F3-1  /T1-F0-1  /T1-F1-1  
/T6-F0-1  /T6-F1-1  /T2-F1-1  /W-T1-1   /D:1      /W-F0-1   /D:1      /W-T2-1   /D:1      /W-F0-1   
/D:1      /W-F3-1   /T1-F3-1  /D:1      /W-T2-1   /W-T2-1   /W-T3-1   /W-F2-1   /W-T3-1   /T4-T3-3  
/T4-F2-1  /T1-F2-1  /T6-F2-1  /W-F1-1   /T1-T0-2  /T1-F1-1  /T1-T2-1  /D:1      /W-F3-1   /T0-F3-1  
/T0-F2-1  /T6-F3-1  /T3-F2-1  /T0-F3-1  /T0-F2-1  /T3-F1-1  /T2-T0-1  /T2-F1-1  /T6-T3-2  /T6-F2-1  
/T2-F2-1  /T6-F1-1  /T6-F2-1  /T0-T2-3  /T0-F1-1  /D:1      /W-F0-1   /T3-F0-1  /T2-F0-1  /T3-F3-1  
/T2-F3-1  /T3-F0-1  /T2-F0-1  /T3-F3-1  /T2-F3-1  /T3-F0-1  
"
1011099,y#gv#eIO#cPhK#dTNak#Exonru#QMAZjUw#CJbmBlGRSFqiftWzYHLpsXDV,97.000000,733.000000,31.000000,0.786885,1,"
minimal: 0 / states: 115 / duration: 0.000112s
history:
/T6-T4-1 /T6-T1-1 /T4-T0-2 /T4-F1-1 /T4-F3-1 /T2-F3-1 /T6-T3-1 /T1-T3-2 /T4-T5-1 /T0-T6-3 
/T6-T0-4 /T6-F0-1 /D:1     /W-T4-1  /D:2     /W-F1-1  /D:2     /W-F0-1  /T4-F0-1 /D:1     
/W-T6-1  /T3-T6-4 /T3-T2-1 /T3-F3-1 /T3-F1-1 /T6-T3-6 /T4-F1-1 /T6-F3-1 /W-T4-1  /D:1     
/W-T2-1  /D:1     /W-F3-1  /D:1     /W-F3-1  /T5-F3-1 /T3-F3-1 /T1-T5-1 /D:1     /W-T5-1  
/D:2     /W-T0-1  /T5-T0-3 /D:1     /W-T2-1  /T5-T2-1 /T5-F2-1 /T5-F2-1 /D:2     /W-T5-1  
/T2-T5-5 /T2-F1-1 /D:1     /W-T1-1  /D:1     /W-T1-1  /T5-T1-7 /D:2     /W-T4-1  /D:1     
/W-F2-1  /D:2     /W-T4-1  /D:1     /W-F0-1  /T5-F0-1 /T0-F0-1 /W-T0-1  /D:1     /W-F3-1  
/R       /D:1     /W-T4-1  /D:1     /W-F2-1  /T1-F2-1 /T0-F2-1 /T1-F1-1 /T0-F1-1 /T1-F0-1 
/T1-F1-1 /D:1     /W-F2-1  /T0-F2-1 /T3-F2-1 /T0-F1-1 /T0-F2-1 /T3-F1-1 /T0-F1-1 /T1-T3-2 
/T1-F2-1 /T0-F2-1 /T3-T1-3 /T3-F1-1 /T1-T3-4 /T1-F2-1 /T4-T0-3 /T4-F1-1 /D:1     /W-F0-1  
/T3-F0-1 /T0-F0-1 /T3-F3-1 /T0-F3-1 /T3-F0-1 /T0-F0-1 /T3-F3-1 /T0-F3-1 /T3-F0-1 
"
1011168,P#qf#Ikx#hlCb#GpojB#drVNve#RFWZTcs#SMDUnywEJYmOLzgXtQuAiHaK,128.500000,2027.000000,45.000000,0.666667,1,"
minimal: 0 / states: 123 / duration: 0.000118s
history:
/T5-T6-1 /T4-T0-1 /T5-T4-1 /T5-F3-1 /T4-T2-2 /D:3     /W-T6-1  /T0-T6-2 /W-T0-1  /D:1     
/W-T2-1  /D:1     /W-F2-1  /T4-F2-1 /T4-F2-1 /T1-T4-1 /T1-F2-1 /T4-T2-2 /D:3     /W-T2-1  
/D:2     /W-T0-1  /T2-T0-7 /W-T2-1  /T5-T2-1 /T5-F2-1 /T5-T0-1 /D:1     /W-T1-1  /D:1     
/W-F3-1  /D:1     /W-T1-1  /T2-T1-3 /D:1     /W-T4-1  /D:5     /W-T1-1  /D:1     /W-F0-1  
/T6-F0-1 /T6-F3-1 /W-F3-1  /D:3     /W-F1-1  /T3-F1-1 /T3-F0-1 /T3-T4-1 /T6-F0-1 /T3-T2-1 
/D:1     /W-T4-1  /R       /D:4     /W-T1-1  /T6-T1-2 /T6-F1-1 /T0-F1-1 /T0-F0-1 /T1-F1-1 
/T0-F1-1 /T1-F2-1 /T1-F1-1 /T6-T1-1 /T6-T3-1 /T6-T4-1 /T6-F0-1 /T6-F3-1 /T0-F0-1 /T2-F1-1 
/T2-T4-1 /D:2     /W-F2-1  /D:1     /W-F1-1  /D:1     /W-F0-1  /T4-F0-1 /T0-T4-2 /T0-F1-1 
/R       /D:1     /W-F3-1  /T1-F3-1 /T1-F2-1 /T4-F3-1 /T1-F3-1 /T1-F0-1 /T4-F2-1 /T4-F3-1 
/T4-F0-1 /T1-F1-1 /T1-F0-1 /T4-F1-1 /T1-F1-1 /T0-T4-2 /T0-F0-1 /D:1     /W-T3-1  /D:1     
/W-F2-1  /T4-F2-1 /T3-F2-1 /D:1     /W-F3-1  /T4-F3-1 /T3-F3-1 /T4-F2-1 
"
1011170,W#mk#Igy#PYZU#dKuql#eHEOvp#wfcoaXM#zLiDnVGjStCsJBhNATFrQxRb,133.500000,1891.000000,59.000000,0.539326,1,"
minimal: 0 / states: 133 / duration: 0.000139s
history:
/T4-T6-1  /T1-T2-1  /T2-T1-2  /D:5      /W-F2-1   /D:2      /W-T3-1   /D:2      /W-T3-1   /D:3      
/W-T2-1   /D:1      /W-T1-1   /D:3      /W-F3-1   /D:1      /W-F0-1   /D:3      /W-T3-1   /D:1      
/W-T3-1   /T5-T3-1  /T5-T0-1  /T5-F3-1  /T3-T0-6  /D:1      /W-T6-1   /T0-T6-8  /T6-T0-11 /D:1      
/W-T2-1   /T4-T2-1  /T2-T4-4  /D:1      /W-T0-1   /R        /D:2      /W-T3-1   /T6-T3-1  /T6-F1-1  
/T0-F1-1  /T6-F2-1  /T0-F2-1  /T6-F1-1  /T5-T6-1  /T4-F2-1  /T0-T6-1  /T0-F2-1  /D:1      /W-T1-1   
/T4-T1-4  /D:1      /W-T1-1   /D:2      /W-T4-1   /T2-T4-1  /T3-T2-3  /T4-T3-3  /T4-F1-1  /D:2      
/W-T6-1   /D:1      /W-F0-1   /T6-F0-1  /T1-F0-1  /D:1      /W-T3-1   /W-T3-1   /T6-T3-3  /W-T6-1   
/T5-T6-1  /T5-F1-1  /W-T4-1   /T3-T4-9  /T3-F3-1  /T4-F3-1  /T1-F3-1  /T1-F2-1  /T4-F0-1  /T0-F3-1  
/T4-F1-1  /T4-F2-1  /T1-F1-1  /T1-F2-1  /T4-F1-1  /T1-F1-1  /T0-T4-2  /T0-F2-1  /T4-T0-3  /T4-F1-1  
/T1-T2-1  /T1-F1-1  /T6-T2-2  /T6-F2-1  /T0-T4-4  /T0-F2-1  /T0-F1-1  /T1-F2-1  /T1-F1-1  /T4-T0-6  
/T4-F2-1  /D:1      /W-F3-1   /D:1      /W-F0-1   /T0-F0-1  /T0-F3-1  /T2-F0-1  /T0-F0-1  /T2-F3-1  
/T0-F3-1  /T2-F0-1  /T0-F0-1  /T2-F3-1  /T0-F3-1  /T2-F0-1  /T0-F0-1  /T2-F3-1  
"
1011190,n#Sd#VPY#Cohx#gblXL#wfqcZT#FiRIpEv#uGWNysAQkaDzeKjmrOJtHBMU,163.500000,2089.000000,48.000000,0.641304,1,"
minimal: 0 / states: 116 / duration: 0.000114s
history:
/T0-F2-1  /T3-T2-1  /T3-T6-1  /T3-F2-1  /T3-T1-1  /D:2      /W-T6-1   /D:1      /W-T2-1   /T6-T2-3  
/T1-T6-2  /T6-T1-3  /T6-F2-1  /T1-T2-4  /D:1      /W-F3-1   /D:2      /W-T5-1   /D:1      /W-F0-1   
/D:2      /W-T4-1   /D:1      /W-F1-1   /D:2      /W-T0-1   /T2-T0-10 /D:1      /W-T5-1   /W-T5-1   
/T2-T5-1  /D:3      /W-T1-1   /T4-T1-2  /D:2      /W-F3-1   /T5-F3-1  /D:1      /W-T1-1   /T2-T1-1  
/D:2      /W-T1-1   /T5-T1-4  /T5-T2-1  /T5-T1-1  /T5-F2-1  /D:1      /W-F0-1   /T0-F0-1  /D:1      
/W-T3-1   /D:1      /W-T6-1   /W-T6-1   /T5-T6-1  /W-F2-1   /T5-T4-1  /R        /D:2      /W-T2-1   
/T4-T2-2  /T4-T3-1  /T4-F1-1  /T1-F1-1  /T0-F1-1  /T1-F0-1  /T1-F1-1  /T0-F0-1  /T6-F1-1  /T1-F2-1  
/T4-F1-1  /T6-F2-1  /W-F2-1   /T0-T6-2  /T0-F1-1  /T0-F2-1  /T6-T0-4  /T2-F2-1  /D:1      /W-F3-1   
/T6-F3-1  /T0-F3-1  /T6-F1-1  /T6-F0-1  /T0-F0-1  /T1-F3-1  /T0-F3-1  /T1-F0-1  /T0-F0-1  /T1-F3-1  
/T0-F3-1  /T1-F0-1  /T2-F3-1  /T0-F2-1  /T0-F3-1  /T2-F2-1  /T0-F2-1  /T2-F3-1  /D:1      /W-F0-1   
/D:1      /W-F1-1   /T1-F1-1  /T1-F0-1  /T3-F1-1  /T1-F1-1  /T3-F0-1  
"
1011195,c#yN#WCA#OJZl#Irqko#DSQaLx#hidjKnu#pwsgHMYPBEtTeVbFRUmXvzfG,124.000000,2557.000000,48.000000,0.613333,1,"
minimal: 0 / states: 128 / duration: 0.000126s
history:
/T1-F3-1 /T2-F0-1 /T5-T3-1 /T4-T0-1 /T4-T1-1 /T0-T4-2 /D:2     /W-T1-1  /D:2     /W-T6-1  
/W-T6-1  /D:2     /W-T0-1  /T3-T0-2 /T5-T3-1 /T5-F1-1 /T2-T5-1 /T2-T0-1 /T3-T2-2 /D:3     
/W-F0-1  /T5-F0-1 /D:4     /W-T6-1  /T4-T6-3 /T5-T4-1 /T4-T5-2 /T4-T0-1 /D:1     /W-T1-1  
/T6-T1-7 /T6-F2-1 /T1-F2-1 /D:1     /W-F1-1  /T1-F1-1 /D:3     /W-T0-1  /D:1     /W-T4-1  
/T1-T4-9 /D:1     /W-T2-1  /T3-T2-1 /T3-F3-1 /D:2     /W-T1-1  /D:2     /W-T0-1  /T5-T0-3 
/T5-F0-1 /R       /D:1     /W-F2-1  /T4-F2-1 /D:2     /W-T1-1  /T6-T1-1 /T6-T1-1 /T6-F1-1 
/T4-F1-1 /T6-T2-1 /W-T2-1  /D:1     /W-F3-1  /T0-F3-1 /T0-F2-1 /T4-F2-1 /D:1     /W-F0-1  
/D:1     /W-F2-1  /T4-T2-1 /T4-F2-1 /D:2     /W-F0-1  /D:1     /W-F3-1  /T0-F3-1 /W-F3-1  
/T0-F0-1 /T0-F3-1 /T4-F3-1 /T0-T1-1 /T0-F3-1 /T6-T1-1 /D:1     /W-F2-1  /T4-F2-1 /T0-F2-1 
/T2-T4-4 /T2-F3-1 /T1-T0-4 /T1-F3-1 /T4-T2-5 /T4-F2-1 /T1-F2-1 /T2-T4-6 /T2-F3-1 /D:1     
/W-F1-1  /T4-F1-1 /T0-F1-1 /T4-F0-1 /T0-F0-1 /T4-F1-1 /T0-F1-1 /T4-F0-1 /T0-F0-1 /T4-F1-1 
/T0-F1-1 /T4-F0-1 /T0-F0-1 /T4-F1-1 
"
1011208,x#MD#Pnc#rdQl#YAfIj#pHRbGv#zOVTiKo#mZkLCNyUXwtuJgWSBEasqeFh,113.500000,1521.000000,55.000000,0.567073,1,"
minimal: 0 / states: 131 / duration: 0.000130s
history:
/T6-T2-1 /T5-T4-1 /T6-T3-1 /T4-T0-2 /T2-T1-2 /T2-F2-1 /T1-F2-1 /D:6     /W-F3-1  /D:2     
/W-T0-1  /T5-T0-1 /D:4     /W-T6-1  /D:2     /W-T6-1  /D:1     /W-T3-1  /T4-T3-1 /T4-T0-1 
/T4-F0-1 /T0-T4-6 /D:2     /W-F0-1  /D:1     /W-T4-1  /D:1     /W-F1-1  /T5-F1-1 /T1-F1-1 
/T1-T5-1 /T3-T1-4 /T3-T4-1 /T3-F1-1 /T2-T5-1 /D:1     /W-T6-1  /T5-T6-3 /D:2     /W-F1-1  
/D:2     /W-T1-1  /R       /D:1     /W-T0-1  /D:1     /W-T2-1  /D:2     /W-T0-1  /W-T0-1  
/D:1     /W-F0-1  /D:1     /W-T2-1  /D:1     /W-T2-1  /D:1     /W-T0-1  /T6-T0-7 /T6-T5-1 
/T5-T6-2 /T5-F2-1 /D:1     /W-T1-1  /D:1     /W-T2-1  /T6-T2-3 /T6-F3-1 /T0-F3-1 /T0-F0-1 
/T4-F3-1 /T4-F0-1 /T0-F3-1 /T4-F1-1 /T0-T2-1 /T0-F1-1 /T4-T6-6 /D:1     /W-F3-1  /D:1     
/W-F2-1  /T3-F2-1 /T2-F2-1 /T1-F2-1 /T0-F2-1 /T1-F1-1 /T0-F1-1 /T2-F3-1 /T6-T1-2 /T6-F2-1 
/T0-F2-1 /T6-F1-1 /T0-F1-1 /T6-F2-1 /T1-T6-5 /T1-F1-1 /T2-T0-4 /T2-F2-1 /T0-T2-5 /T0-F1-1 
/T6-T1-6 /T6-F2-1 /D:1     /W-F0-1  /T1-F0-1 /T1-F3-1 /T2-F0-1 /T1-F0-1 /T2-F3-1 /T1-F3-1 
/T2-F0-1 /T1-F0-1 /T2-F3-1 /T1-F3-1 /T2-F0-1 /T1-F0-1 /T2-F3-1 
"
1011213,w#Nh#zWm#cqEt#yOIDS#GFjYpd#eVTavLK#UbHQuxZrPiJMfRBklnsogCAX,159.500000,4703.000000,70.000000,0.482609,1,"
minimal: 0 / states: 144 / duration: 0.000141s
history:
/T4-T3-1  /T3-T1-2  /T5-T3-1  /T5-T3-1  /T6-T5-1  /T6-T2-1  /T3-T1-3  /T1-T6-6  /T1-F3-1  /T2-T1-2  
/T6-T2-7  /T6-F1-1  /T2-T5-8  /T5-T2-10 /D:2      /W-F1-1   /D:7      /W-T3-1   /D:1      /W-T0-1   
/D:5      /W-T3-1   /D:1      /W-T1-1   /T0-T1-2  /D:2      /W-F2-1   /D:1      /W-T6-1   /D:1      
/W-F2-1   /T2-F2-1  /T3-T4-2  /T3-F2-1  /T3-F1-1  /T2-F1-1  /D:3      /W-F0-1   /T4-F0-1  /W-F0-1   
/D:1      /R        /D:2      /W-T1-1   /T6-T1-2  /D:1      /W-T2-1   /D:1      /W-T6-1   /D:2      
/W-T0-1   /D:1      /W-F2-1   /T1-F2-1  /D:2      /W-T3-1   /D:3      /W-T3-1   /D:1      /W-T6-1   
/D:1      /R        /D:2      /W-T3-1   /T5-T3-1  /T5-T1-1  /T2-T5-3  /T2-F2-1  /T5-T2-4  /D:3      
/W-T1-1   /T4-T1-2  /T4-T3-1  /T4-F3-1  /T1-F3-1  /T1-F0-1  /T2-F3-1  /T1-F3-1  /T2-F0-1  /T2-F3-1  
/T1-F0-1  /T1-F3-1  /T2-F0-1  /T1-F0-1  /T3-F0-1  /T4-T0-1  /D:1      /W-T0-1   /R        /D:1      
/W-F3-1   /T6-T1-2  /T6-F3-1  /T6-F1-1  /T2-T3-2  /T2-F3-1  /T0-F3-1  /D:1      /W-F0-1   /T2-F0-1  
/T2-F3-1  /T1-T0-5  /T1-F0-1  /T0-T1-6  /T0-F3-1  /T3-T2-5  /T3-F0-1  /D:1      /W-F1-1   /T1-F1-1  
/T1-F2-1  /T2-F1-1  /T1-F1-1  /T2-F2-1  /T1-F2-1  /T2-F1-1  /T1-F1-1  /T2-F2-1  /T1-F2-1  /T2-F1-1  
/T1-F1-1  /T2-F2-1  
"
1011218,Z#AO#krp#xKio#MDhBv#TCbcyG#ezVSNna#IYuHXFtWjwRdfLgJsQUPEqlm,107.500000,990.000000,49.000000,0.653409,1,"
minimal: 0 / states: 120 / duration: 0.000117s
history:
/T6-F1-1 /T6-F2-1 /T3-F2-1 /T6-F3-1 /T1-F3-1 /T1-F0-1 /T2-F2-1 /T6-T5-1 /T2-T5-1 /D:3     
/W-T3-1  /D:1     /W-T6-1  /D:6     /W-T2-1  /T3-T2-2 /W-T3-1  /T4-T3-1 /T4-F0-1 /T5-T4-3 
/T5-T0-1 /T4-T3-4 /T5-T4-1 /T5-F1-1 /T4-F1-1 /T5-F0-1 /T4-F0-1 /T2-T0-4 /T5-T0-1 /D:2     
/W-F1-1  /D:3     /W-T6-1  /D:2     /W-T0-1  /D:1     /W-T3-1  /D:2     /W-F3-1  /T3-F3-1 
/D:1     /W-F0-1  /D:1     /W-F2-1  /T3-F2-1 /T0-F2-1 /D:1     /W-T4-1  /T3-T4-6 /D:1     
/W-T1-1  /R       /D:4     /W-F0-1  /D:1     /W-F2-1  /D:1     /W-T3-1  /D:1     /W-F3-1  
/T4-F3-1 /T0-F3-1 /T0-F2-1 /T4-F0-1 /D:2     /W-T1-1  /D:2     /W-F3-1  /T6-T0-2 /T6-F3-1 
/T6-T2-1 /T6-F1-1 /T3-F3-1 /R       /D:2     /W-T2-1  /T3-T2-1 /D:1     /W-F3-1  /D:1     
/W-F1-1  /T0-F1-1 /T0-F0-1 /T4-F1-1 /T0-F1-1 /T4-F2-1 /T0-F2-1 /W-F0-1  /T4-F1-1 /T2-F2-1 
/T0-F1-1 /T0-F2-1 /T2-F3-1 /T0-F3-1 /T2-F2-1 /D:1     /W-F0-1  /T4-F0-1 /T1-F0-1 /T4-F1-1 
/T1-F1-1 /T4-F0-1 
"
1011241,N#gk#Pxy#vmCn#usBVl#eRdWOw#GijJpcQ#YFrXMqaSAETotZIfbzDKLUhH,139.000000,1823.000000,49.000000,0.584211,1,"
minimal: 0 / states: 120 / duration: 0.000119s
history:
/T0-F3-1 /T3-F2-1 /T5-T1-1 /T5-F3-1 /T3-T6-1 /T2-T3-1 /T5-T2-1 /T1-T3-2 /T2-T4-2 /T3-T0-4 
/T2-F3-1 /T6-T5-1 /T6-F3-1 /T3-T4-1 /D:2     /W-T1-1  /D:3     /W-T2-1  /T4-T2-4 /T4-T0-1 
/T4-T6-1 /D:2     /W-F1-1  /D:2     /W-F0-1  /T6-F0-1 /T5-F0-1 /D:3     /W-F2-1  /D:2     
/W-T3-1  /D:3     /W-F1-1  /T6-F1-1 /T6-F2-1 /T5-F1-1 /T5-F3-1 /T5-F1-1 /W-F1-1  /D:1     
/W-T5-1  /D:1     /W-F0-1  /D:2     /W-T3-1  /D:1     /W-T2-1  /D:2     /W-T0-1  /T1-T0-2 
/R       /D:1     /W-T5-1  /D:2     /W-T3-1  /T6-T3-1 /D:1     /W-F2-1  /W-F2-1  /T4-F2-1 
/D:1     /W-F3-1  /D:1     /W-F0-1  /T0-F0-1 /T0-F1-1 /D:1     /W-F3-1  /T2-F3-1 /D:1     
/W-F2-1  /T4-F2-1 /T2-F2-1 /T0-T3-2 /T0-F2-1 /D:1     /W-T2-1  /D:1     /W-T5-1  /T6-T5-1 
/F2-T0-1 /T6-T0-1 /T6-F0-1 /T3-F0-1 /T3-F3-1 /T2-F0-1 /T2-F3-1 /T3-F0-1 /T3-F3-1 /T5-T2-1 
/T5-F0-1 /T3-F0-1 /T5-F3-1 /T3-F3-1 /T2-T5-3 /T2-F0-1 /D:1     /W-F1-1  /T0-F1-1 /T0-F2-1 
/T5-F1-1 /T0-F1-1 /T5-F2-1 /T0-F2-1 /T5-F1-1 /T0-F1-1 /T5-F2-1 
"
1011286,a#ms#BKn#jxUh#rPoOt#pwMyDE#XVdzCGQ#WvgIfJYbuAHZFlLRSNeciqkT,139.500000,2712.000000,39.000000,0.646067,1,"
minimal: 0 / states: 118 / duration: 0.000132s
history:
/T0-F1-1  /T2-F2-1  /T6-T5-1  /T6-T3-1  /T6-T5-1  /T6-T0-1  /D:1      /W-T2-1   /D:1      /W-T2-1   
/T3-T2-2  /T4-T3-1  /T4-T5-1  /T4-F2-1  /D:3      /W-T2-1   /T5-T2-4  /T4-T5-1  /T6-T4-1  /D:2      
/W-T0-1   /T2-T0-10 /T2-T5-1  /D:1      /W-F1-1   /D:1      /W-T6-1   /D:1      /W-F0-1   /T5-F0-1  
/D:2      /W-T2-1   /D:3      /W-T2-1   /D:1      /W-T1-1   /T5-T1-2  /D:1      /W-T3-1   /T4-T3-2  
/D:1      /W-F3-1   /T0-F3-1  /T0-F0-1  /T1-F3-1  /T0-F3-1  /T1-F0-1  /T0-F0-1  /T1-F3-1  /T3-T0-2  
/T3-F3-1  /D:1      /W-T1-1   /D:1      /W-F1-1   /T0-F1-1  /T1-F1-1  /D:3      /W-T2-1   /D:1      
/W-T6-1   /T1-T6-1  /T5-T1-1  /T5-T4-1  /T5-T2-1  /T5-F2-1  /W-F2-1   /T0-F2-1  /T0-F1-1  /T6-F2-1  
/T3-F2-1  /T6-T2-3  /T2-F3-1  /T3-F3-1  /T2-F2-1  /T2-F3-1  /W-T2-1   /W-T4-1   /W-F0-1   /T0-F0-1  
/T3-T4-1  /W-F0-1   /T0-T3-2  /T0-F3-1  /T6-F3-1  /T3-T0-3  /R        /D:1      /W-F1-1   /T0-F1-1  
/T0-F2-1  /T2-F1-1  /T2-F2-1  /T0-F1-1  /T4-F2-1  /T1-F2-1  /T2-F1-1  /T4-F1-1  /T1-F1-1  /T0-T4-2  
/T0-F2-1  /D:1      /W-F0-1   /D:1      /W-F0-1   /T4-F0-1  /T2-F0-1  /T4-F3-1  /T2-F3-1  /T4-F0-1  
"
1011287,F#yL#OKl#JuAc#QjtXb#ovEzNq#SpMZnUW#IfYVDxPriGgTaHhRdCskemwB,112.500000,982.000000,51.000000,0.574074,1,"
minimal: 0 / states: 128 / duration: 0.000134s
history:
/T3-T5-1 /T3-F0-1 /D:1     /W-T6-1  /D:5     /W-T2-1  /T6-T2-2 /T6-T2-1 /T6-F2-1 /T1-T6-1 
/D:4     /W-T2-1  /D:1     /W-T3-1  /T0-T3-1 /T6-T0-2 /T2-T6-6 /D:2     /W-F1-1  /T4-F1-1 
/T4-T0-1 /T5-F1-1 /D:3     /W-T3-1  /T5-T3-1 /T5-F3-1 /D:1     /W-F1-1  /D:3     /W-T1-1  
/D:1     /W-F1-1  /D:2     /W-T0-1  /D:1     /W-F0-1  /R       /D:1     /W-F1-1  /D:1     
/W-T5-1  /T2-T5-1 /T2-F3-1 /T5-T2-3 /F1-T4-1 /T5-T4-1 /D:1     /W-T0-1  /T3-T0-5 /T3-T1-1 
/T6-T3-7 /D:2     /W-F3-1  /D:2     /W-T1-1  /D:2     /W-T1-1  /W-T1-1  /D:1     /W-T5-1  
/T4-T5-3 /T4-T2-1 /T5-T2-5 /T5-F2-1 /T6-F2-1 /T0-F2-1 /T4-F3-1 /W-F2-1  /T0-F3-1 /T6-F3-1 
/T1-F3-1 /D:1     /W-F0-1  /W-F0-1  /T2-F0-1 /T0-F0-1 /T2-F1-1 /T3-F0-1 /T0-F1-1 /T1-F0-1 
/T3-F3-1 /T3-F0-1 /T0-T1-1 /T0-F3-1 /T3-F3-1 /T1-T0-2 /T1-F0-1 /T0-T1-3 /T0-F3-1 /T2-T3-4 
/T2-F0-1 /T0-F0-1 /T2-F3-1 /T0-F3-1 /T3-T2-6 /T3-F0-1 /D:1     /W-F2-1  /T2-F2-1 /T1-F2-1 
/T2-F1-1 /T1-F1-1 /T2-F2-1 /T1-F2-1 /T2-F1-1 /T1-F1-1 /T2-F2-1 /T1-F2-1 /T2-F1-1 /T2-F2-1 
/D:1     /W-F1-1  
"
1011292,H#yK#rwf#pMdz#bkumC#anEAvN#SRDcXFj#oLUsQPZlxYVOqTiBIehJgGWt,119.000000,2011.000000,51.000000,0.557692,1,"
minimal: 0 / states: 126 / duration: 0.000127s
history:
/T5-F3-1  /T6-T1-1  /T5-T1-1  /T5-F0-1  /T5-T2-1  /T5-F2-1  /T5-F1-1  /T3-T5-1  /T4-T3-1  /T3-T2-2  
/D:1      /W-F2-1   /D:1      /W-T4-1   /D:1      /W-T1-1   /D:5      /W-T3-1   /T1-T3-4  /D:2      
/W-T5-1   /W-T5-1   /D:2      /W-F3-1   /D:2      /W-T0-1   /T6-T0-1  /T6-T1-1  /D:2      /W-F0-1   
/T2-F0-1  /D:2      /W-T0-1   /D:2      /W-T1-1   /D:2      /W-T3-1   /T2-T3-3  /D:1      /W-T5-1   
/D:1      /R        /D:3      /W-F3-1   /W-F3-1   /D:2      /W-T1-1   /T0-T1-4  /T4-T0-2  /D:1      
/W-T1-1   /T6-T1-1  /T6-F0-1  /T6-F3-1  /T6-F3-1  /T3-T6-10 /T3-F2-1  /W-T3-1   /T1-T3-10 /D:1      
/W-T2-1   /T4-T2-1  /T2-T4-3  /T4-T0-4  /T4-F1-1  /T3-F1-1  /T3-F2-1  /T6-F1-1  /T2-F2-1  /T3-F1-1  
/T6-F0-1  /T3-F0-1  /T6-F1-1  /T6-F0-1  /W-F2-1   /T3-F3-1  /T3-F0-1  /T6-F3-1  /T3-F3-1  /T5-F3-1  
/D:1      /W-F0-1   /T3-F0-1  /T3-F3-1  /T6-T5-2  /T6-F0-1  /T0-T3-4  /T0-F0-1  /T5-T6-3  /T5-F3-1  
/T3-T0-5  /T3-F3-1  /T6-T5-4  /T6-F0-1  /D:1      /W-T5-1   /D:1      /W-F1-1   /T5-F1-1  /D:1      
/W-F2-1   /T0-F2-1  /T0-F1-1  /T5-F2-1  /T0-F2-1  /T5-F1-1  /T0-F1-1  /T5-F2-1  /T0-F2-1  /T5-F1-1  
/T0-F1-1  /T5-F2-1  
"
1011298,z#gl#jfZ#AODk#KLhCV#IqmoaH#xTYSbdy#FBJMuGQtEvpnwWURPNiersXc,122.000000,1455.000000,40.000000,0.664557,1,"
minimal: 0 / states: 117 / duration: 0.000120s
history:
/T6-T2-1 /T5-T4-1 /T5-F1-1 /T3-T2-1 /T1-T0-1 /T1-T4-1 /T2-T1-3 /D:1     /W-T4-1  /D:2     
/W-T1-1  /T4-T1-4 /T4-T6-1 /D:3     /W-T4-1  /T2-T4-1 /D:3     /W-T4-1  /T6-T4-2 /T6-F1-1 
/D:1     /W-T2-1  /T4-T2-6 /D:2     /W-F2-1  /T5-F2-1 /T4-T5-1 /T2-T4-8 /T5-T2-2 /W-F2-1  
/T5-F2-1 /T4-T0-9 /D:3     /W-T5-1  /D:1     /W-T1-1  /T3-T1-1 /T3-T0-1 /T3-F0-1 /D:1     
/W-T1-1  /D:1     /W-F3-1  /T0-F3-1 /T1-F3-1 /D:3     /W-F2-1  /D:1     /W-F2-1  /D:1     
/W-T2-1  /D:1     /W-F1-1  /R       /D:1     /W-F0-1  /T0-F0-1 /T0-F1-1 /T1-F0-1 /T0-F0-1 
/D:1     /W-T3-1  /D:2     /W-F3-1  /T1-F3-1 /T6-F3-1 /T6-T3-1 /T6-F3-1 /T1-F0-1 /T5-F3-1 
/T6-T3-1 /D:1     /W-F2-1  /W-F2-1  /T0-T5-3 /T0-F2-1 /T5-T0-4 /D:1     /W-F2-1  /T3-F2-1 
/D:3     /W-F1-1  /T0-F1-1 /T0-F0-1 /T1-F1-1 /T0-F1-1 /T1-F0-1 /T0-F0-1 /T1-F3-1 /W-F1-1  
/T0-F1-1 /T1-F0-1 /T1-F1-1 /W-F3-1  /T0-F0-1 /T0-F1-1 /T2-F3-1 /T1-F2-1 /T2-F0-1 /T2-F1-1 
/T3-F3-1 /T0-F2-1 /T1-F3-1 /T3-F0-1 
"
1011339,n#yB#YLa#rqXh#VHESG#QcZdNg#CoFvzAP#UwipRWljsKIxMmJTbtefkDuO,135.500000,2667.000000,71.000000,0.440594,1,"
minimal: 0 / states: 150 / duration: 0.000147s
history:
/T0-F2-1  /T2-F1-1  /T4-T3-1  /T4-T3-1  /T4-T3-1  /T5-T4-1  /T5-F3-1  /T5-T3-1  /T5-T0-1  /T1-T5-1  
/T2-T0-1  /D:4      /W-T3-1   /D:5      /W-T4-1   /D:1      /W-T2-1   /W-T2-1   /D:1      /W-T2-1   
/T3-T2-6  /T3-T0-1  /T6-T3-1  /T6-F0-1  /T5-F0-1  /T2-T6-10 /T6-T2-11 /D:4      /W-T0-1   /D:2      
/W-F1-1   /T5-F1-1  /T2-T5-1  /T2-F1-1  /T5-T2-2  /D:2      /W-T4-1   /T3-T4-2  /D:2      /W-T1-1   
/D:3      /W-F3-1   /T4-F3-1  /R        /D:1      /W-T6-1   /D:1      /W-T1-1   /D:1      /W-T0-1   
/T4-T0-5  /T4-T1-1  /D:5      /W-T4-1   /D:1      /W-T5-1   /T1-T5-4  /D:2      /W-T6-1   /D:1      
/W-T6-1   /T3-T6-1  /D:2      /W-T5-1   /R        /D:3      /W-T4-1   /D:1      /W-T4-1   /W-T4-1   
/T6-T4-5  /W-T6-1   /T0-T6-1  /T0-F1-1  /D:1      /W-T5-1   /T6-T5-3  /T6-F2-1  /T2-F2-1  /T5-F2-1  
/T6-F0-1  /T2-F3-1  /T4-F2-1  /T0-F2-1  /T4-F1-1  /T0-F1-1  /T4-F2-1  /T5-F3-1  /T2-T4-3  /T2-F1-1  
/T5-T0-2  /T5-F2-1  /T0-T5-3  /T0-F1-1  /T4-T2-4  /T4-F2-1  /T2-T4-5  /T2-F1-1  /T5-T0-4  /T5-F2-1  
/T5-F1-1  /T4-T2-6  /T4-F2-1  /T4-F1-1  /T5-F2-1  /T5-F1-1  /T2-T4-8  /T2-F2-1  /D:1      /W-F0-1   
/T4-F0-1  /T0-F0-1  /T4-F3-1  /T0-F3-1  /T4-F0-1  /T0-F0-1  /T4-F3-1  /T0-F3-1  /T4-F0-1  /T0-F0-1  
/T4-F3-1  /T0-F3-1  /T4-F0-1  /T0-F0-1  /T4-F3-1  /T0-F3-1  /T4-F0-1  
"
1011356,W#ql#Yhv#GeBc#JEkSx#HZFKTC#PoDfzjd#RpsrmNLUuinAIXOwtbgaMyQV,146.000000,1200.000000,52.000000,0.598958,1,"
minimal: 0 / states: 124 / duration: 0.000140s
history:
/T5-T6-1 /T4-T1-1 /T2-T0-1 /T2-T0-1 /T0-T1-3 /D:3     /W-T5-1  /D:1     /W-T4-1  /T6-T4-2 
/D:1     /W-T0-1  /D:1     /W-F3-1  /D:1     /W-T0-1  /D:4     /W-F2-1  /D:1     /W-F0-1  
/D:1     /W-T6-1  /D:1     /W-T0-1  /D:1     /W-F3-1  /D:1     /W-T0-1  /W-T0-1  /W-T0-1  
/T5-T0-2 /T6-T5-2 /T5-T2-3 /T1-T6-5 /T3-T1-1 /T3-F0-1 /T3-T0-1 /T4-T3-4 /T1-T0-2 /T6-T1-6 
/T3-F0-1 /W-T2-1  /W-T3-1  /W-T5-1  /T3-T1-5 /D:1     /W-T2-1  /T6-T2-1 /T6-F0-1 /T6-F2-1 
/T6-F3-1 /T1-F2-1 /D:3     /W-F1-1  /D:1     /W-T3-1  /T2-T3-7 /D:2     /W-F3-1  /T5-F3-1 
/T1-T3-2 /T1-F3-1 /D:1     /R       /D:1     /W-F1-1  /T0-F1-1 /T0-F2-1 /T3-F1-1 /T0-F1-1 
/T3-F2-1 /T0-F2-1 /T5-T0-1 /T5-T2-1 /T3-F1-1 /T3-F2-1 /T0-T5-2 /T0-F2-1 /T5-T0-3 /D:1     
/W-F1-1  /T1-T3-1 /T1-F1-1 /T1-F2-1 /D:1     /W-T2-1  /T4-T2-1 /T4-F0-1 /T0-F0-1 /T0-F3-1 
/T3-F0-1 /T0-F0-1 /T0-F1-1 /T3-F3-1 /T3-F0-1 /T3-F1-1 /T0-F2-1 /T2-F1-1 /T4-F0-1 /T3-F0-1 
/T0-T2-1 /T0-F0-1 /T1-T3-2 /T1-F1-1 /T0-F1-1 /T3-T1-3 /T3-F0-1 /D:1     /W-F3-1  /T1-F3-1 
/T1-F2-1 /T2-F3-1 /T1-F3-1 /T2-F2-1 /T1-F2-1 /T2-F3-1 
"
1011359,i#KX#kJI#TfGU#qZeAB#LxgNoc#PdltOCa#wSyruRzbYMnjvmDHVEhWFQsp,132.500000,1222.000000,43.000000,0.687500,1,"
minimal: 0 / states: 119 / duration: 0.000129s
history:
/T6-F1-1 /T4-T5-1 /T4-F0-1 /T5-F0-1 /T6-F0-1 /T3-T2-1 /T3-T2-1 /T3-T2-1 /D:1     /W-T1-1  
/T0-T1-1 /D:3     /W-T2-1  /D:1     /W-T1-1  /T3-T1-1 /D:2     /W-T0-1  /D:1     /W-F1-1  
/T5-F1-1 /D:1     /W-T0-1  /D:1     /W-T3-1  /D:1     /W-F2-1  /T5-F2-1 /T5-F3-1 /T6-F3-1 
/D:4     /W-F0-1  /D:3     /W-F0-1  /D:3     /W-T1-1  /T4-T1-1 /D:1     /W-T2-1  /D:1     
/W-T5-1  /T1-T5-1 /T1-F0-1 /T2-T6-3 /T2-F0-1 /T6-T2-4 /T6-T3-1 /T6-F1-1 /T6-F3-1 /T4-T6-1 
/T2-F3-1 /T5-F1-1 /D:1     /W-F2-1  /T4-F2-1 /T2-F2-1 /T2-F1-1 /T5-T1-1 /T5-F1-1 /T5-T0-1 
/T1-T5-6 /W-T0-1  /T2-T0-3 /T5-F2-1 /T0-F2-1 /W-F1-1  /W-T2-1  /W-F0-1  /T5-T2-2 /T5-F1-1 
/W-T4-1  /T1-T3-1 /T5-T4-3 /R       /D:2     /W-T6-1  /D:1     /W-F3-1  /W-F3-1  /T2-F3-1 
/T0-F3-1 /T0-F0-1 /T2-F2-1 /T2-F3-1 /T2-F0-1 /T0-F3-1 /T3-F0-1 /T4-T2-1 /T4-F3-1 /T4-F0-1 
/T0-T3-1 /T0-F3-1 /T3-T0-2 /T3-F0-1 /T6-T4-1 /T6-F3-1 /T2-T4-2 /D:1     /W-F1-1  /D:1     
/W-F2-1  /T4-F2-1 /T0-F2-1 /T4-F1-1 /T0-F1-1 /T4-F2-1 /T0-F2-1 /T4-F1-1 
"
1011368,u#aD#iWL#tBAN#xbZCo#SvKVmX#kfgrRTP#jycHqQIeOdlEFMzYUpJsnwGh,96.500000,2145.000000,44.000000,0.613333,1,"
minimal: 0 / states: 127 / duration: 0.000124s
history:
/T3-F3-1 /T3-F0-1 /T3-F0-1 /T6-T1-1 /T5-T2-1 /T6-T0-1 /T4-T1-1 /T4-F0-1 /T2-T4-2 /T1-T6-3 
/T1-F1-1 /T5-T1-1 /T0-T5-2 /T4-T0-3 /T4-F1-1 /T2-T4-1 /D:2     /W-T1-1  /D:1     /W-F1-1  
/D:1     /W-T2-1  /D:3     /W-T4-1  /D:2     /W-F3-1  /D:1     /W-F1-1  /W-F1-1  /D:3     
/W-T5-1  /T6-T5-4 /D:4     /W-T4-1  /T3-T4-1 /D:2     /W-T0-1  /T5-T0-8 /D:2     /W-F2-1  
/T0-F2-1 /T0-F3-1 /T0-F0-1 /D:3     /R       /D:1     /W-T5-1  /D:1     /W-T0-1  /D:1     
/W-F3-1  /D:2     /W-F0-1  /D:1     /W-T3-1  /W-T3-1  /T5-T3-2 /T5-T3-1 /T6-T5-1 /T6-T2-1 
/T6-F1-1 /T2-F1-1 /T5-T4-2 /T6-T1-1 /D:1     /W-T5-1  /D:1     /W-T5-1  /T4-T5-7 /D:1     
/W-F2-1  /T0-F2-1 /T0-F3-1 /T0-F0-1 /T5-F2-1 /T5-F3-1 /T0-F3-1 /D:1     /W-F2-1  /T5-F2-1 
/T0-F2-1 /T3-F2-1 /T5-F3-1 /T0-F3-1 /T5-T3-1 /T5-F3-1 /T0-T1-1 /T0-F3-1 /T2-T1-2 /D:1     
/W-F2-1  /T5-F2-1 /T5-F3-1 /T1-T0-4 /T1-F2-1 /T5-F2-1 /T0-T1-5 /T0-F3-1 /D:1     /W-F0-1  
/T1-F0-1 /T3-F0-1 /D:1     /W-F1-1  /T1-F1-1 /T1-F0-1 /T3-F1-1 /T1-F1-1 /T3-F0-1 /T1-F0-1 
/T3-F1-1 /T1-F1-1 /T3-F0-1 
"
1011369,y#kJ#eBQ#rjUP#HdwbF#vIzqCA#YfTGEcR#tVhiLSWKgxuopaMDZlmsXnNO,86.000000,1030.000000,38.000000,0.712500,1,"
minimal: 0 / states: 117 / duration: 0.000133s
history:
/T5-F0-1 /T6-T4-1 /T5-T2-1 /T6-T5-1 /T5-T4-2 /T2-T6-2 /T2-F0-1 /T6-F0-1 /D:2     /W-T1-1  
/D:9     /W-T1-1  /D:1     /W-T3-1  /D:1     /W-T6-1  /D:1     /W-F1-1  /D:2     /W-T2-1  
/T3-T2-2 /D:2     /W-T5-1  /D:3     /W-T0-1  /T1-T0-3 /D:1     /W-F2-1  /T2-F2-1 /T6-F2-1 
/D:1     /W-F3-1  /D:1     /W-F3-1  /T2-F3-1 /T6-F3-1 /T2-F0-1 /T6-F0-1 /T6-T3-1 /T4-T6-4 
/T4-F1-1 /T6-F1-1 /T6-F2-1 /T6-F3-1 /T4-T1-1 /T4-F1-1 /T2-F1-1 /T6-F0-1 /T5-T2-2 /T3-T5-2 
/T6-T0-1 /T6-F1-1 /T5-T3-3 /T3-F0-1 /T4-F0-1 /T3-T5-1 /T3-F0-1 /T0-T1-3 /T0-F0-1 /W-T1-1  
/W-T4-1  /T0-T4-2 /W-T0-1  /T5-T3-2 /W-T5-1  /W-T2-1  /T3-T2-3 /T3-F2-1 /T1-F2-1 /W-F1-1  
/W-F0-1  /T6-T5-1 /R       /D:1     /W-F2-1  /D:1     /W-F1-1  /D:1     /W-F1-1  /D:1     
/W-F0-1  /D:1     /W-F3-1  /T1-F3-1 /T1-F2-1 /T2-F3-1 /T1-F3-1 /T2-F2-1 /T1-F2-1 /T2-F1-1 
/T1-F1-1 /T2-F2-1 /T2-F1-1 /T4-T0-2 /T4-F1-1 /T5-T2-1 /T5-F0-1 /D:1     /W-F3-1  /T0-F3-1 
/T0-F2-1 /T2-F3-1 /T0-F3-1 /T2-F2-1 
"
1011439,F#fj#PEc#Zpoh#ngGtN#kUCYQB#LJavxAR#lrSuOsIHMzWDbwKeyqXVTidm,153.500000,2656.000000,52.000000,0.611111,1,"
minimal: 0 / states: 128 / duration: 0.000146s
history:
/T4-F3-1  /T6-T0-1  /T6-F0-1  /T5-F0-1  /T4-T3-1  /T1-T6-1  /T1-T3-1  /D:2      /W-T3-1   /T5-T3-1  
/T6-T5-2  /T3-T6-5  /T6-T5-6  /T6-F1-1  /T3-T2-1  /T3-T5-1  /D:1      /W-T4-1   /D:2      /W-F3-1   
/D:4      /W-T1-1   /T5-T1-10 /T5-F0-1  /T4-T5-2  /T0-T4-2  /D:1      /W-T0-1   /D:2      /W-T4-1   
/T2-T4-2  /T2-T5-1  /T2-F3-1  /D:1      /W-F1-1   /D:4      /W-T3-1   /D:2      /W-T3-1   /T6-T3-1  
/D:1      /W-T3-1   /D:3      /W-T5-1   /T1-T5-1  /T1-F3-1  /D:1      /W-T2-1   /T6-T2-1  /R        
/D:1      /W-T0-1   /D:1      /W-T3-1   /T4-T3-6  /T4-F2-1  /T3-F2-1  /T3-F1-1  /T3-F0-1  /T5-F2-1  
/T5-F1-1  /T5-F0-1  /T3-F3-1  /T3-F0-1  /T5-F3-1  /T5-F0-1  /D:1      /W-T3-1   /D:2      /W-F0-1   
/W-F0-1   /D:3      /W-T0-1   /D:1      /W-F1-1   /D:1      /W-F2-1   /T1-F2-1  /T1-F1-1  /T3-F2-1  
/T1-F2-1  /T3-F1-1  /T1-F1-1  /T5-T1-1  /T3-F2-1  /W-T5-1   /T3-T5-1  /T3-F0-1  /T0-F0-1  /T2-F0-1  
/D:1      /W-F3-1   /T1-F3-1  /T1-F2-1  /T5-F3-1  /W-F3-1   /T3-F3-1  /T5-F2-1  /T1-T0-2  /T1-F3-1  
/T1-F0-1  /T3-T2-1  /T3-F3-1  /T5-T2-1  /D:1      /W-F1-1   /T0-F1-1  /T0-F2-1  /T2-F1-1  /T0-F1-1  
/T2-F2-1  /T0-F2-1  /T2-F1-1  
"
1011450,C#Ho#XLA#VcBd#fvrqb#kTFRnO#uGJZwEt#xDIWUePsQamzNiYMhypgSjlK,96.000000,1299.000000,39.000000,0.720779,1,"
minimal: 0 / states: 117 / duration: 0.000126s
history:
/T2-F0-1 /T5-T0-1 /T5-F2-1 /T1-F2-1 /T0-T3-2 /D:2     /W-T5-1  /D:5     /W-T5-1  /D:3     
/W-F1-1  /T4-F1-1 /D:1     /W-T0-1  /T2-T0-1 /T2-T0-1 /D:1     /W-T2-1  /D:1     /W-F3-1  
/T3-F3-1 /T5-F3-1 /W-F3-1  /D:2     /W-T2-1  /D:4     /W-F2-1  /T4-F2-1 /T4-F2-1 /D:1     
/W-T1-1  /D:1     /W-T6-1  /F2-T6-1 /T3-T6-2 /T3-F0-1 /T3-F1-1 /T6-F0-1 /T5-F0-1 /T5-F3-1 
/T6-F1-1 /T6-F2-1 /T5-T1-1 /T6-F3-1 /T5-F3-1 /T1-T3-3 /D:3     /W-T2-1  /R       /D:3     
/W-T2-1  /T4-T2-1 /T4-T6-1 /D:1     /W-T2-1  /T6-T2-2 /T6-F0-1 /T6-T0-1 /T6-T1-1 /T6-T5-1 
/T3-F0-1 /T6-F0-1 /T3-T6-1 /T3-F0-1 /W-F0-1  /T5-F0-1 /T3-T0-1 /T6-T0-2 /D:1     /W-F1-1  
/T2-F1-1 /T0-F1-1 /D:1     /W-F2-1  /T2-F2-1 /T0-F2-1 /T2-F3-1 /T0-F3-1 /T2-F2-1 /T2-F3-1 
/T0-F2-1 /T0-F3-1 /T2-F0-1 /T0-F0-1 /T2-F3-1 /T1-F3-1 /W-F2-1  /D:2     /W-F0-1  /D:1     
/W-F1-1  /W-F1-1  /D:1     /W-F2-1  /T2-F2-1 /D:1     /W-F1-1  /T5-F1-1 /D:1     /W-F1-1  
/T0-F1-1 
"
1011460,z#Vg#pZf#XLyb#NCHWs#BPiwAk#lMRFDJm#OYqcIGQKUauhjtxEdSoreTvn,92.000000,553.000000,37.000000,0.672131,1,"
minimal: 0 / states: 127 / duration: 0.000125s
history:
/T4-T1-1 /D:2     /W-T0-1  /D:3     /W-T4-1  /D:3     /W-T0-1  /T4-T0-2 /T1-T4-2 /T4-T1-3 
/T3-T4-1 /T5-T3-1 /T5-F0-1 /T5-T3-1 /T3-T6-3 /T5-T6-1 /D:1     /W-T0-1  /D:1     /W-F1-1  
/T4-F1-1 /D:1     /W-T6-1  /D:3     /W-T0-1  /T2-T0-1 /T3-T2-1 /T3-T2-1 /T6-T3-6 /T6-T2-1 
/T5-T6-1 /T5-F0-1 /T4-F0-1 /T4-F3-1 /T2-T4-4 /T1-T4-4 /D:2     /W-T0-1  /D:1     /W-T0-1  
/T2-T0-1 /D:2     /W-T6-1  /D:2     /W-T4-1  /T6-T4-3 /D:1     /W-T3-1  /T6-T3-1 /T6-T3-1 
/T6-T1-1 /T6-T1-1 /D:2     /W-F2-1  /T4-F2-1 /T0-F2-1 /R       /D:1     /W-F3-1  /T4-F3-1 
/T4-F0-1 /D:1     /W-F2-1  /D:1     /W-F1-1  /T0-F1-1 /T4-F1-1 /T0-F0-1 /T0-F1-1 /T3-T4-1 
/T3-F0-1 /T4-T3-2 /T4-F1-1 /D:1     /W-F0-1  /T4-F0-1 /D:1     /W-F3-1  /T3-F3-1 /D:1     
/W-F1-1  /T3-T4-3 /T3-F1-1 /D:1     /W-F1-1  /D:1     /W-T1-1  /D:1     /W-F3-1  /D:1     
/W-F2-1  /T4-F2-1 /T0-F2-1 /T4-F3-1 /T0-F3-1 /T0-F0-1 /T4-F2-1 /T4-F3-1 /T4-F0-1 /T0-F3-1 
/T0-F0-1 /T4-F3-1 /T0-F3-1 /T4-F0-1 /T4-F3-1 /T1-T0-2 /T1-F0-1 /D:1     /W-F2-1  /T3-F2-1 
/T0-F2-1 /T3-F1-1 /T0-F1-1 /T3-F2-1 /T0-F2-1 /T3-F1-1 
"
1011504,q#Tk#Vds#gKCc#pGIzw#YjNSRa#iPJEOhb#QmLBuWZXlynxreHoAtUvMfFD,147.000000,3250.000000,56.000000,0.564356,1,"
minimal: 0 / states: 126 / duration: 0.000137s
history:
/T5-F1-1 /T6-F1-1 /T3-F1-1 /T4-T1-1 /T5-T2-1 /T0-T2-1 /T4-T0-1 /T6-T4-1 /T6-T3-1 /T6-T5-1 
/D:1     /W-T5-1  /T3-T5-2 /D:5     /W-T3-1  /T4-T3-2 /T5-T4-5 /T5-F3-1 /T4-F3-1 /T4-T3-5 
/D:3     /W-T0-1  /T3-T0-9 /T2-T3-3 /T2-F1-1 /T2-T1-1 /D:2     /W-F2-1  /D:3     /W-F1-1  
/D:1     /W-T1-1  /T3-T1-4 /D:1     /W-F2-1  /T4-F2-1 /T1-F2-1 /W-F2-1  /D:1     /W-F0-1  
/D:3     /W-T5-1  /W-T5-1  /W-T5-1  /D:1     /W-T2-1  /D:1     /W-F1-1  /D:2     /W-T1-1  
/R       /D:1     /W-T3-1  /D:1     /W-T3-1  /T1-T3-8 /T3-T1-3 /T3-F1-1 /T1-T3-4 /D:1     
/W-F0-1  /T0-F0-1 /T3-F0-1 /D:2     /W-T1-1  /D:2     /W-T1-1  /W-T1-1  /T6-T1-1 /T6-F3-1 
/T0-F3-1 /T0-F0-1 /T3-F3-1 /T0-F3-1 /T3-F2-1 /T5-F2-1 /T3-F3-1 /W-F2-1  /T5-F3-1 /T5-F2-1 
/T3-T1-2 /T3-F2-1 /T1-T6-1 /T1-F3-1 /T0-T5-3 /T0-F3-1 /T5-T0-4 /T1-T3-1 /T1-F3-1 /T5-F3-1 
/T6-T3-2 /D:1     /W-F2-1  /T1-F2-1 /T1-F3-1 /T0-T2-6 /T0-F2-1 /D:1     /W-F0-1  /T2-F0-1 
/T2-F1-1 /T3-F0-1 /T2-F0-1 /T3-F1-1 /T2-F1-1 /T3-F0-1 /T2-F0-1 /T3-F1-1 /T2-F1-1 /T3-F0-1 
/T2-F0-1 /T3-F1-1 
"
1011517,d#YK#fbj#nFOU#RHzmg#cBIaAN#thqDkle#XWZJSPvpiTxGVrsLCyEwuoQM,100.500000,2559.000000,48.000000,0.617647,1,"
minimal: 0 / states: 124 / duration: 0.000116s
history:
/T5-F3-1 /T5-F0-1 /T5-F1-1 /T3-T5-1 /T3-F3-1 /T6-T3-1 /T2-T1-1 /T2-F1-1 /T5-T1-2 /T5-F0-1 
/T1-T6-4 /T3-T4-2 /T3-F2-1 /T5-F1-1 /T0-F1-1 /T4-F1-1 /T2-F1-1 /D:3     /W-T0-1  /D:3     
/W-F3-1  /D:5     /W-T1-1  /D:1     /W-T6-1  /D:4     /W-T0-1  /D:1     /W-F0-1  /D:5     
/W-F2-1  /D:1     /W-F3-1  /D:1     /W-T2-1  /T6-T2-6 /T6-T0-1 /T6-F0-1 /R       /D:2     
/W-T1-1  /D:1     /W-T0-1  /D:1     /W-T2-1  /D:1     /W-T1-1  /D:1     /W-F2-1  /T6-F2-1 
/T6-T1-1 /T6-T1-1 /D:1     /W-T0-1  /D:3     /W-F2-1  /D:1     /W-F2-1  /T1-F2-1 /D:2     
/W-F0-1  /T4-F0-1 /T4-F1-1 /T4-T3-1 /T4-T5-1 /T4-T0-1 /T4-F3-1 /T2-F3-1 /T2-F0-1 /T1-F1-1 
/T0-F0-1 /T0-F1-1 /T2-T1-1 /T2-F0-1 /T0-F0-1 /T2-F1-1 /T0-F1-1 /T2-F0-1 /T0-F0-1 /T2-F1-1 
/T2-F0-1 /T3-F1-1 /W-T0-1  /T1-T5-5 /D:2     /W-F2-1  /R       /D:1     /W-T0-1  /D:1     
/W-F3-1  /T5-F3-1 /T5-F2-1 /D:1     /W-F3-1  /T5-F3-1 /T0-F3-1 /D:1     /W-F2-1  /T5-F2-1 
/T0-F2-1 /T5-F3-1 /T0-F3-1 /T5-F2-1 
"
1011526,K#yg#fiz#jLVR#vEGoZ#slUemn#wQcIBWD#rMxbNHCSkXuAPapJTtdhOYqF,138.000000,1771.000000,55.000000,0.532609,1,"
minimal: 0 / states: 134 / duration: 0.000137s
history:
/T5-F2-1  /T6-T3-1  /T6-T0-1  /D:5      /W-F3-1   /D:7      /W-F0-1   /T6-F0-1  /T6-T0-1  /T6-T3-1  
/D:2      /W-F1-1   /D:1      /W-T6-1   /D:5      /W-T0-1   /D:1      /W-F3-1   /D:1      /W-T2-1   
/T0-T2-4  /T4-T0-1  /T4-F2-1  /T4-T2-1  /T6-T4-2  /T4-F2-1  /D:1      /W-F2-1   /D:1      /W-T1-1   
/T3-T1-3  /T3-T6-1  /T3-T0-1  /R        /D:1      /W-F2-1   /D:3      /W-F1-1   /T1-F1-1  /D:1      
/W-T6-1   /T1-T6-4  /T1-T5-1  /T5-T1-2  /D:1      /W-F0-1   /T6-F0-1  /D:1      /W-T2-1   /T4-T2-2  
/T4-T3-1  /T2-T4-10 /D:1      /W-T0-1   /T6-T0-6  /D:1      /W-T1-1   /D:1      /W-T2-1   /D:1      
/W-F3-1   /T4-F3-1  /T0-F3-1  /T5-T0-1  /T5-T3-1  /T4-F0-1  /T4-F3-1  /W-T5-1   /W-T6-1   /T5-T6-2  
/T5-F2-1  /T3-T6-3  /D:1      /W-T1-1   /T2-T1-2  /T2-T4-1  /D:1      /W-F3-1   /T6-F3-1  /D:1      
/W-F2-1   /T1-F2-1  /T6-F2-1  /T0-T1-4  /T0-F3-1  /T0-F2-1  /T4-T6-4  /T4-F3-1  /T1-T0-6  /T1-F3-1  
/T6-T4-5  /T6-F2-1  /T1-F2-1  /T4-T6-6  /T4-F3-1  /T4-F2-1  /T0-T1-8  /T0-F3-1  /D:1      /W-F1-1   
/T1-F1-1  /T1-F0-1  /T6-F1-1  /T1-F1-1  /T6-F0-1  /T1-F0-1  /T6-F1-1  /T1-F1-1  /T6-F0-1  /T1-F0-1  
/T6-F1-1  /T1-F1-1  /T6-F0-1  /T1-F0-1  /T6-F1-1  /T1-F1-1  /T6-F0-1  
"
1011540,v#ub#stK#cIDz#rCBWF#xqAMnh#RNEfkyY#eGaPgoXQVJUOHwdjiTSlmLZp,118.500000,2415.000000,43.000000,0.635714,1,"
minimal: 0 / states: 123 / duration: 0.000131s
history:
/T6-T3-1 /T5-T0-1 /T5-F2-1 /T2-T3-1 /T2-T0-1 /D:1     /W-T2-1  /D:2     /W-F1-1  /T1-F1-1 
/D:2     /W-T1-1  /T4-T1-1 /T4-T3-1 /T0-T3-3 /T3-T0-7 /T3-T2-1 /W-T2-1  /T4-T2-1 /D:1     
/W-F2-1  /D:1     /W-T6-1  /D:3     /W-T6-1  /W-T6-1  /T1-T6-3 /T5-T1-1 /T5-F0-1 /T2-F0-1 
/T4-F0-1 /T2-T5-1 /T2-F0-1 /T5-T2-2 /W-T4-1  /D:1     /W-T3-1  /W-T3-1  /D:5     /W-T5-1  
/T3-T5-3 /T3-F1-1 /W-F1-1  /D:3     /W-T0-1  /T4-T0-2 /D:1     /W-T1-1  /T5-T1-5 /D:1     
/W-T3-1  /T6-T3-7 /D:2     /W-T4-1  /W-T4-1  /T6-T4-1 /T6-T1-1 /T6-F0-1 /T6-F3-1 /T3-F0-1 
/T2-T6-2 /T2-F1-1 /T1-F1-1 /T1-F0-1 /T3-F1-1 /T0-T1-4 /T0-F1-1 /W-T3-1  /W-F1-1  /W-T4-1  
/W-F0-1  /W-F3-1  /T6-F3-1 /T1-F3-1 /T1-T0-4 /T1-F0-1 /T1-F1-1 /T3-T4-3 /T3-F0-1 /T0-T1-6 
/T0-F0-1 /T4-T3-4 /T4-F1-1 /T4-F0-1 /T1-T0-7 /T1-F1-1 /T1-F0-1 /T3-T4-6 /T3-F1-1 /T2-T4-1 
/T6-T4-2 /D:1     /W-F2-1  /T4-F2-1 /T0-F2-1 /T4-F3-1 /T0-F3-1 /T4-F2-1 /T0-F2-1 /T4-F3-1 
/T0-F3-1 /T4-F2-1 /T0-F2-1 /T4-F3-1 /T0-F3-1 /T4-F2-1 /T0-F2-1 /T4-F3-1 /T0-F3-1 /T4-F2-1 
/T0-F2-1 /T4-F3-1 
"
1011550,W#LU#hIc#RdJO#fKAyN#HmoaXn#pYEsuBZ#qFizTwVbxjevltgDQMSGrCPk,125.500000,960.000000,46.000000,0.626506,1,"
minimal: 0 / states: 121 / duration: 0.000132s
history:
/T4-F3-1 /T3-F3-1 /T5-F2-1 /T5-T4-1 /T5-F1-1 /T5-F2-1 /T4-T5-2 /T4-F0-1 /T3-T5-1 /T0-T4-1 
/T6-T0-1 /T6-F0-1 /D:3     /W-T5-1  /T6-T5-1 /D:2     /W-T5-1  /T6-T5-1 /T3-T6-1 /T3-T5-1 
/T5-T3-9 /D:3     /W-F1-1  /T2-F1-1 /T1-T2-1 /T2-T4-2 /T6-F1-1 /T1-T0-1 /D:3     /W-F1-1  
/D:3     /W-T2-1  /D:1     /W-T5-1  /D:1     /W-T3-1  /D:1     /W-T6-1  /D:1     /W-T1-1  
/W-T1-1  /T4-T1-4 /T6-T4-2 /T4-T2-3 /D:2     /W-T1-1  /W-T1-1  /T2-T1-2 /T2-F1-1 /T5-F1-1 
/D:2     /W-F0-1  /T3-F0-1 /D:1     /W-F3-1  /T1-F3-1 /T1-F0-1 /T3-F3-1 /T1-F3-1 /D:1     
/W-T0-1  /R       /D:2     /W-F0-1  /T1-F0-1 /T5-F0-1 /T2-T1-1 /T2-F1-1 /D:1     /W-T2-1  
/T6-T2-1 /T6-F2-1 /W-F2-1  /D:1     /W-T0-1  /D:1     /W-T0-1  /T3-T0-3 /T3-F1-1 /D:1     
/W-T2-1  /D:1     /W-F1-1  /D:2     /W-F2-1  /T0-F2-1 /T0-F3-1 /T1-F2-1 /T0-F2-1 /T1-F3-1 
/T0-F3-1 /T1-F0-1 /T3-F0-1 /W-F2-1  /T0-F2-1 /T0-F1-1 /T1-F3-1 /T1-F0-1 /T2-F2-1 /T1-F1-1 
/T3-F3-1 /T0-F0-1 /T2-F3-1 /T1-F0-1 /T3-F2-1 /T0-F3-1 /T2-F2-1 /T3-F1-1 
"
1011592,k#oB#DzA#gYLQ#MbEqP#hSRIlj#GmxKsVJ#FWuNZrdiHUeTXfycvCwapOtn,110.500000,1396.000000,40.000000,0.666667,1,"
minimal: 0 / states: 123 / duration: 0.000130s
history:
/T2-F0-1 /T1-F0-1 /T6-T0-1 /T6-T0-1 /T1-T4-1 /T2-T1-1 /T4-T2-2 /D:3     /W-T0-1  /D:1     
/W-F3-1  /D:7     /W-T6-1  /T4-T6-1 /T3-T4-1 /T0-T3-4 /D:1     /W-T3-1  /T6-T3-3 /T5-T6-1 
/T5-T1-1 /T5-T6-1 /T6-T1-3 /W-T1-1  /T2-T5-3 /D:4     /W-T3-1  /D:2     /W-F0-1  /D:2     
/W-F1-1  /D:1     /W-T4-1  /D:1     /W-F3-1  /T5-T3-1 /T5-F3-1 /T5-F0-1 /D:1     /W-T1-1  
/D:1     /W-F2-1  /T3-F2-1 /T4-F2-1 /T4-F3-1 /T4-F0-1 /T4-F1-1 /T3-F1-1 /T3-F2-1 /T5-F3-1 
/T5-F3-1 /R       /D:1     /W-F0-1  /D:1     /W-T6-1  /D:1     /W-T0-1  /T3-T0-8 /T6-T3-2 
/T3-T4-3 /T6-T2-1 /T6-F0-1 /T0-T3-2 /T0-F3-1 /T1-T5-1 /T1-F3-1 /T3-T0-3 /T5-T1-2 /D:1     
/W-F2-1  /D:1     /W-F1-1  /T0-F1-1 /T0-F2-1 /T1-F2-1 /D:2     /W-F0-1  /D:2     /W-F1-1  
/T0-F1-1 /T0-F2-1 /T0-F3-1 /T1-F1-1 /T1-F0-1 /T0-F0-1 /T4-F3-1 /W-F3-1  /W-F1-1  /T1-F1-1 
/T1-F0-1 /T0-F1-1 /T0-F0-1 /T1-F1-1 /T2-F1-1 /T4-T1-2 /T4-F0-1 /D:1     /W-T0-1  /D:1     
/W-F2-1  /D:1     /W-F2-1  /T1-F2-1 /T0-F2-1 /T1-F3-1 /T0-F3-1 /T1-F2-1 
"
1011608,o#VP#him#fSTR#GnDWU#KdtNqA#QJMFHOI#lXyxpubEjseLkYwzBcZagCrv,139.500000,1746.000000,58.000000,0.524510,1,"
minimal: 0 / states: 125 / duration: 0.000137s
history:
/T5-F0-1  /T4-T6-1  /T6-T4-2  /T5-T3-1  /T5-F3-1  /T6-F3-1  /T1-F3-1  /T6-T1-1  /T3-T6-2  /T6-T3-3  
/T3-T1-4  /T5-T4-1  /T3-T4-1  /D:1      /W-T6-1   /D:2      /W-T2-1   /W-T2-1   /D:1      /W-T6-1   
/T4-T6-5  /D:1      /W-T5-1   /D:2      /W-T5-1   /D:1      /W-T3-1   /T5-T3-3  /D:1      /W-T5-1   
/D:6      /W-T2-1   /T1-T2-6  /T2-T1-10 /D:2      /W-F0-1   /D:1      /W-T1-1   /T0-T1-1  /T6-T0-8  
/T2-T6-1  /D:2      /W-F1-1   /T3-F1-1  /D:2      /W-F0-1   /T4-F0-1  /T4-F2-1  /T1-F2-1  /T1-F1-1  
/T3-F2-1  /T1-F2-1  /T3-F1-1  /T3-F0-1  /T3-T4-1  /T4-T2-2  /D:1      /W-F2-1   /D:1      /W-T5-1   
/T2-T5-3  /R        /D:1      /W-T6-1   /D:1      /W-F2-1   /D:1      /W-F1-1   /T5-F1-1  /T0-T5-1  
/T0-F2-1  /T6-F2-1  /D:4      /W-T2-1   /W-T2-1   /T5-T2-6  /D:1      /W-T3-1   /D:1      /W-F1-1   
/T2-T0-2  /T2-F1-1  /T2-F2-1  /T6-F1-1  /T2-F1-1  /W-F1-1   /T1-T6-5  /T1-F2-1  /T6-T1-6  /T6-F3-1  
/T1-F3-1  /T0-F3-1  /T1-F0-1  /T0-F0-1  /T1-F3-1  /T0-F3-1  /T1-F0-1  /T0-F0-1  /T1-F3-1  /T0-F3-1  
/T0-F2-1  /T1-F0-1  /T1-F3-1  /T1-F2-1  /T2-F0-1  /T0-F1-1  /T2-F3-1  /T2-F2-1  /W-F0-1   /T0-F0-1  
/T1-F1-1  /T3-F3-1  
"
1011651,x#Yd#oUi#PJGq#wTNIc#yfLrAH#FXCEVze#ZstvQbMglpRnkjmuKDSOWhaB,139.500000,2965.000000,61.000000,0.505155,1,"
minimal: 0 / states: 137 / duration: 0.000147s
history:
/T5-T2-1  /T5-F0-1  /T4-T3-1  /T3-T6-2  /T1-T5-1  /T0-T1-1  /D:1      /W-T0-1   /D:7      /W-T2-1   
/D:2      /W-T5-1   /D:2      /W-F2-1   /D:2      /W-T1-1   /T4-T1-1  /T4-F3-1  /D:5      /W-T3-1   
/T5-T3-3  /T5-T0-1  /D:1      /W-F3-1   /D:2      /W-T1-1   /T3-T1-5  /T2-T3-3  /D:1      /W-F1-1   
/D:1      /W-F0-1   /R        /D:1      /W-T3-1   /T6-T3-3  /T1-T6-10 /T6-T1-11 /D:1      /W-T2-1   
/T5-T2-1  /D:3      /W-F1-1   /T3-F1-1  /D:4      /W-T0-1   /T3-T0-7  /T3-F3-1  /D:1      /W-T3-1   
/T5-T3-1  /D:1      /W-T6-1   /T4-T6-1  /T6-T4-3  /T6-T2-1  /T6-F0-1  /T6-T3-1  /W-T6-1   /T4-T3-4  
/T6-T3-2  /D:2      /W-F0-1   /T2-F0-1  /D:1      /R        /D:2      /W-F3-1   /T3-F3-1  /T3-F0-1  
/T1-T2-3  /T1-F3-1  /T1-F0-1  /T3-F3-1  /T2-T1-5  /T2-F3-1  /T2-F2-1  /T1-F2-1  /T0-F2-1  /T1-F1-1  
/T0-F1-1  /T1-F2-1  /T0-F2-1  /T1-F1-1  /T0-F1-1  /T0-F0-1  /T1-F2-1  /T1-F1-1  /T1-F0-1  /T3-F2-1  
/T0-F1-1  /T3-F3-1  /T0-F0-1  /W-F2-1   /T1-F1-1  /T3-F2-1  /T0-F1-1  /T1-F2-1  /T3-T0-1  /T3-F2-1  
/D:1      /W-T2-1   /T1-T2-1  /T1-F2-1  /D:1      /W-F1-1   /T3-F1-1  /D:1      /W-F0-1   /D:1      
/W-F3-1   /T0-F3-1  /T0-F0-1  /T2-F3-1  /T0-F3-1  /T2-F0-1  
"
1011662,f#nN#JSO#GAtu#jPpcW#awmvYV#yBCeoMh#ZlRzDkxLEHbqIrXiUsdQKgFT,120.000000,2631.000000,50.000000,0.582278,1,"
minimal: 0 / states: 123 / duration: 0.000134s
history:
/T1-F3-1 /T1-F2-1 /T2-F3-1 /T3-T5-1 /T3-T6-1 /T3-F0-1 /T2-T3-1 /T5-T2-2 /T0-T6-1 /D:1     
/W-T0-1  /D:3     /W-T1-1  /T5-T1-1 /T6-T5-3 /T5-T4-4 /D:3     /W-T1-1  /T4-T1-5 /D:1     
/W-T0-1  /W-T0-1  /T2-T0-3 /T6-T2-1 /T6-F2-1 /W-T6-1  /T4-T6-1 /T4-F2-1 /T4-F3-1 /D:1     
/W-T1-1  /D:3     /W-F2-1  /D:1     /W-T4-1  /D:1     /W-F2-1  /D:3     /W-T4-1  /T3-T4-2 
/T5-T3-1 /W-T5-1  /D:1     /W-F2-1  /D:1     /W-T1-1  /D:1     /W-F3-1  /D:2     /W-T0-1  
/F2-T0-1 /T6-T0-3 /T6-T1-1 /T6-F0-1 /T1-F0-1 /T6-T3-1 /D:2     /R       /D:1     /W-T2-1  
/D:1     /W-F3-1  /T4-F3-1 /D:1     /W-T5-1  /D:2     /W-T3-1  /T5-T3-3 /T5-F1-1 /W-F1-1  
/T0-F1-1 /T0-F0-1 /T1-F1-1 /T0-F1-1 /T0-F2-1 /T1-F0-1 /T1-F1-1 /T1-F2-1 /T0-F1-1 /T0-F2-1 
/T1-F1-1 /T1-F2-1 /T3-T0-1 /T3-F1-1 /T3-F2-1 /T4-T1-3 /T4-F1-1 /T0-T3-3 /T0-F1-1 /T2-F1-1 
/D:2     /W-F0-1  /T1-F0-1 /T3-F0-1 /D:1     /W-F3-1  /T1-F3-1 /T1-F0-1 /T3-F3-1 /T1-F3-1 
/T1-F2-1 /T3-F0-1 /T3-F3-1 /T3-F2-1 /W-F0-1  /T0-F0-1 /T1-F3-1 /T0-F3-1 /T1-F2-1 /T2-F0-1 
/T3-F1-1 
"
1011667,n#Ks#pPB#kjcE#GDIRN#gruvmz#LfqxbyA#VCWQlTXZwthaHoJdUOeFYSMi,137.500000,2850.000000,38.000000,0.672619,1,"
minimal: 0 / states: 113 / duration: 0.000138s
history:
/T0-F2-1 /T4-F3-1 /T6-F0-1 /T2-F0-1 /T5-T0-1 /T6-T5-1 /T4-T1-1 /D:2     /W-F0-1  /D:2     
/W-T3-1  /F0-T3-1 /T6-T3-1 /W-T6-1  /T4-T6-1 /T2-T4-1 /T4-T1-2 /T3-T2-1 /T3-F0-1 /T2-T3-2 
/T5-T2-2 /D:1     /W-T0-1  /T6-T0-3 /T1-T6-1 /T1-F0-1 /T6-T1-2 /T3-T6-4 /T6-T4-5 /D:2     
/W-T2-1  /D:2     /W-T2-1  /D:2     /W-T0-1  /W-T0-1  /D:1     /W-F1-1  /T4-F1-1 /T3-F1-1 
/T5-T3-1 /D:2     /W-F2-1  /T4-F2-1 /D:2     /W-F1-1  /D:1     /W-T3-1  /T4-T3-4 /D:1     
/W-F3-1  /T1-F3-1 /T1-F2-1 /T3-F3-1 /T1-F3-1 /T3-F0-1 /D:1     /W-F1-1  /T3-F1-1 /D:1     
/W-F0-1  /T3-F0-1 /D:2     /W-F3-1  /D:1     /W-T4-1  /W-T4-1  /D:1     /W-T2-1  /T5-T2-1 
/T5-F2-1 /T1-F2-1 /T0-F2-1 /T5-F1-1 /T0-F1-1 /T3-T1-3 /T2-F2-1 /T2-F1-1 /T1-T0-1 /T1-F2-1 
/T1-F1-1 /T2-F2-1 /T3-F1-1 /T0-T1-3 /T0-F2-1 /T0-F1-1 /T2-T6-1 /T2-F2-1 /T0-F2-1 /T2-F1-1 
/W-T6-1  /W-F0-1  /W-T0-1  /W-F3-1  /T1-F3-1 /T1-F0-1 /W-F3-1  /T1-F3-1 /T6-F0-1 /T1-F0-1 
/T6-F3-1 /T4-F3-1 /T6-F0-1 /T0-F3-1 /T4-F0-1 
"
1011696,f#mn#HhD#EIrk#eGxbg#FTOAoj#YqtaiUv#pZulLSsMVXWCBKJwzcNyRPQd,84.000000,481.000000,36.000000,0.702703,1,"
minimal: 0 / states: 124 / duration: 0.000133s
history:
/T1-F2-1 /T6-T5-1 /T6-T5-1 /D:3     /W-T6-1  /T4-T6-1 /D:2     /W-T1-1  /T3-T1-1 /T3-T0-1 
/D:2     /W-T6-1  /D:8     /W-T1-1  /T6-T1-4 /T6-F1-1 /T4-F1-1 /T5-T4-3 /T5-F2-1 /T5-F0-1 
/T6-T4-1 /T0-T4-2 /D:2     /W-T0-1  /D:1     /W-F1-1  /D:1     /W-F3-1  /T5-F3-1 /D:2     
/W-T1-1  /T2-T1-1 /T2-T3-1 /T5-T2-1 /T5-T2-1 /D:1     /W-F3-1  /D:1     /W-F3-1  /D:1     
/W-F1-1  /R       /D:1     /W-F2-1  /T6-F2-1 /T4-F2-1 /T4-T6-6 /T4-T3-1 /T4-F1-1 /T6-F1-1 
/T1-T2-2 /T1-F2-1 /T1-F1-1 /T6-F2-1 /T1-F2-1 /T3-T6-1 /T3-F1-1 /T1-F1-1 /T6-T3-2 /T6-F2-1 
/T3-T6-3 /T6-T0-6 /D:1     /W-T4-1  /D:2     /W-T0-1  /T3-T0-1 /D:1     /W-T3-1  /W-T3-1  
/D:1     /W-T1-1  /T2-T1-5 /D:4     /W-F0-1  /W-F0-1  /T1-F0-1 /T0-F0-1 /T1-F3-1 /T0-F3-1 
/T1-F0-1 /T0-F0-1 /T1-F3-1 /T0-F3-1 /T1-F0-1 /T0-F0-1 /T0-F1-1 /T1-F3-1 /T1-F0-1 /W-F3-1  
/T1-F1-1 /T3-F1-1 /W-F3-1  /T1-T4-1 /T1-F1-1 /D:1     /W-F0-1  /T4-F0-1 /T3-F0-1 /D:1     
/W-F2-1  /T0-F2-1 /T0-F3-1 /T4-F3-1 /D:1     /W-F2-1  /T0-F2-1 
"
1011708,a#vM#wpq#jSzm#KxnfO#VtdFhA#HWEZNXL#QBDoGPCYRscuJUkIbeigTylr,115.000000,1304.000000,52.000000,0.576087,1,"
minimal: 0 / states: 117 / duration: 0.000134s
history:
/T0-F1-1 /T5-F0-1 /T6-T3-1 /T6-T3-1 /T6-F3-1 /T4-F3-1 /T3-T0-3 /D:2     /W-F0-1  /D:3     
/W-T5-1  /T4-T5-1 /T4-F2-1 /W-F2-1  /D:1     /W-F3-1  /D:1     /W-F0-1  /W-F0-1  /W-F3-1  
/D:1     /W-T1-1  /T4-T1-1 /D:1     /W-F3-1  /D:2     /W-T2-1  /D:2     /W-T0-1  /D:4     
/W-F1-1  /T2-F1-1 /D:2     /W-T0-1  /D:3     /W-T6-1  /D:1     /W-T3-1  /T4-T3-1 /T6-T4-2 
/T6-F0-1 /T6-T1-1 /T6-T0-1 /T3-T6-3 /T3-F3-1 /T3-T6-1 /T1-T3-4 /T5-T1-3 /T5-F0-1 /T5-F1-1 
/W-F3-1  /T1-T5-1 /T1-F0-1 /T5-T1-2 /T0-F0-1 /T1-T3-4 /D:1     /W-T3-1  /R       /D:2     
/W-T0-1  /D:1     /W-F3-1  /T5-F3-1 /T3-T6-5 /T3-F3-1 /D:1     /W-T4-1  /T0-T4-3 /T0-F3-1 
/D:1     /W-F0-1  /D:1     /W-F1-1  /D:1     /W-T4-1  /W-T4-1  /F1-T4-1 /T2-T4-1 /T2-F2-1 
/T4-F2-1 /T4-F1-1 /T6-F2-1 /T4-F2-1 /T6-F1-1 /T4-F1-1 /T6-F2-1 /T4-F2-1 /T6-F1-1 /T4-F1-1 
/T4-F0-1 /T6-F2-1 /T2-F2-1 /T6-F1-1 /T3-F2-1 /T4-F1-1 /T4-F2-1 /T6-F0-1 /T0-F0-1 /T3-F3-1 
/T4-F3-1 /T6-F1-1 /T0-F1-1 /T3-F0-1 /T6-F2-1 
"
1011761,n#SZ#OQR#VYms#eUTJg#HGoaKN#CjrMdWk#FzcxXDvfhtiblBEypIPuAwqL,152.500000,4095.000000,53.000000,0.521277,1,"
minimal: 0 / states: 123 / duration: 0.000132s
history:
/T0-F2-1 /T5-F3-1 /T3-T4-1 /T2-T4-1 /T3-T0-1 /T5-T3-1 /T5-F1-1 /T5-F2-1 /D:6     /W-T4-1  
/D:2     /W-T5-1  /D:4     /W-F1-1  /D:3     /W-T5-1  /T2-T5-1 /T2-F3-1 /T1-T2-1 /D:1     
/W-T0-1  /T6-T0-1 /T6-T3-1 /D:1     /W-F2-1  /D:1     /W-T3-1  /D:1     /W-F3-1  /T5-F3-1 
/T6-T5-1 /T3-T6-4 /D:1     /W-T3-1  /T4-T3-4 /T4-T0-1 /T3-T0-6 /T6-T3-5 /T6-T1-1 /D:1     
/W-F0-1  /W-F0-1  /D:2     /W-F2-1  /T1-F2-1 /D:1     /W-T2-1  /R       /D:1     /W-T4-1  
/T0-T4-2 /T0-F2-1 /D:2     /W-F1-1  /T5-F1-1 /D:2     /W-T2-1  /D:1     /W-T6-1  /D:1     
/W-T3-1  /T5-T3-3 /T4-T5-4 /T4-T6-1 /T4-F1-1 /T3-T1-1 /T3-F1-1 /T0-F1-1 /T3-T6-1 /T3-F1-1 
/T1-T6-2 /D:1     /W-F2-1  /T0-F2-1 /T6-T3-4 /T6-F2-1 /T5-T0-5 /D:1     /W-F1-1  /T6-F1-1 
/T6-F0-1 /T0-F0-1 /T0-F3-1 /T3-F0-1 /T0-F0-1 /T3-F3-1 /T0-F3-1 /T3-F0-1 /T0-F0-1 /T3-F3-1 
/T0-F3-1 /T3-F0-1 /T0-F0-1 /T3-F3-1 /T3-F0-1 /T0-F1-1 /T2-F3-1 /T2-F0-1 /T3-F3-1 /T2-F3-1 
/T3-F0-1 /D:1     /W-F1-1  /D:1     /W-F2-1  /W-F2-1  /T0-F2-1 /T0-F1-1 /W-F2-1  
"
1011780,e#Df#zoL#cOJM#qPXdG#QmCVFA#lZprBga#bjsSNvxtTikIuHUKnYyWREhw,85.000000,1267.000000,50.000000,0.625000,1,"
minimal: 0 / states: 122 / duration: 0.000126s
history:
/T5-F0-1  /T6-F1-1  /T5-T6-1  /T1-T4-1  /T0-T6-1  /T3-T0-1  /T5-T3-1  /T1-T6-1  /D:1      /W-F1-1   
/D:4      /W-F3-1   /D:6      /W-T2-1   /T3-T2-2  /T3-F3-1  /T3-F1-1  /D:2      /W-T2-1   /T6-T2-4  
/T6-F0-1  /T5-F0-1  /T6-T4-1  /T2-T5-9  /T5-T1-10 /T6-T5-1  /T6-T3-1  /F1-T1-1  /T2-T1-1  /T5-T4-2  
/T6-T0-1  /D:3      /W-T0-1   /D:1      /W-F2-1   /T1-F2-1  /T1-F1-1  /T4-F2-1  /T1-F0-1  /D:1      
/W-T2-1   /D:1      /W-T3-1   /D:1      /W-T0-1   /D:2      /W-F0-1   /D:2      /R        /D:4      
/W-T0-1   /D:1      /W-T2-1   /D:6      /W-T0-1   /T4-T0-4  /T4-F1-1  /T4-T3-1  /T4-F3-1  /T0-F3-1  
/T4-F2-1  /T0-F2-1  /T1-F1-1  /T0-F1-1  /T1-F0-1  /T0-F0-1  /T1-F1-1  /W-F0-1   /W-F0-1   /D:1      
/W-F3-1   /D:1      /W-F1-1   /W-F1-1   /W-T1-1   /W-T0-1   /W-F3-1   /W-F2-1   /T0-F2-1  /T1-F3-1  
/T0-F3-1  /T1-F2-1  /T0-F2-1  /T1-F3-1  /T0-F3-1  /T1-F0-1  /W-F1-1   /T0-F0-1  /T1-F1-1  /T0-F1-1  
/T1-F0-1  /T0-F0-1  /T1-F1-1  /T3-F3-1  /D:1      /W-F2-1   /T2-F2-1  /T2-F3-1  /T3-F2-1  /T2-F2-1  
/T3-F3-1  
"
1011806,q#Un#BJY#tEdM#FKCuQ#PhOpNH#IjDskfa#LGToSilvcVeRWrxzbAwgZmXy,137.000000,2152.000000,54.000000,0.647059,1,"
minimal: 0 / states: 120 / duration: 0.000137s
history:
/T1-F2-1 /T6-F1-1 /T2-T3-1 /D:2     /W-T1-1  /T6-T1-1 /T2-T6-1 /D:1     /W-T5-1  /D:1     
/W-F2-1  /D:2     /W-T6-1  /T5-T6-2 /T5-F3-1 /T5-F2-1 /T5-F3-1 /T0-F2-1 /T3-T0-2 /D:8     
/W-T1-1  /T4-T1-1 /D:1     /W-T0-1  /W-T0-1  /D:2     /W-F1-1  /D:1     /W-F0-1  /T2-F0-1 
/W-T2-1  /D:2     /W-T4-1  /D:4     /R       /D:3     /W-T2-1  /D:1     /W-T0-1  /T5-T0-1 
/T5-F3-1 /T1-F3-1 /T3-T1-1 /T1-T3-1 /T1-F2-1 /T3-T1-2 /W-T3-1  /T3-T0-2 /D:1     /W-F1-1  
/T1-F1-1 /D:2     /W-F1-1  /T1-T0-1 /T1-F1-1 /T4-F1-1 /D:1     /W-F3-1  /D:2     /W-T3-1  
/D:1     /W-T5-1  /D:2     /W-T3-1  /T6-T3-5 /T6-F2-1 /T0-T1-2 /T0-F2-1 /T4-F2-1 /T4-F0-1 
/T6-F0-1 /T1-F0-1 /T1-F3-1 /T4-T2-1 /T4-F0-1 /T1-F0-1 /T0-F1-1 /T3-F3-1 /T1-F3-1 /T0-F2-1 
/T3-F0-1 /T3-F1-1 /T6-F1-1 /T6-F0-1 /T3-F0-1 /T2-F0-1 /T3-F1-1 /T2-F1-1 /T5-F1-1 /W-T3-1  
/W-F2-1  /W-F3-1  /T0-F3-1 /T0-F2-1 /T3-F3-1 /T0-F3-1 /T3-F2-1 /T2-F2-1 /W-F0-1  /T0-F0-1 
/T3-F3-1 
"
1011823,r#kb#zin#FySp#HWsMX#RwCYQT#IjtKGJd#DxNVghLqEeUvmofcBAZauOlP,109.500000,2628.000000,43.000000,0.601266,1,"
minimal: 0 / states: 124 / duration: 0.000128s
history:
/T2-F2-1 /T6-T0-1 /T6-T4-1 /T3-T0-1 /T3-T6-1 /T4-T3-2 /T1-T0-1 /T2-T3-1 /T0-T6-4 /T4-T0-1 
/T4-T5-1 /D:3     /W-F3-1  /D:7     /W-T5-1  /D:2     /W-T4-1  /W-T4-1  /T6-T4-6 /T4-T6-9 
/T5-T4-3 /T4-T3-4 /D:1     /W-T4-1  /T3-T4-8 /D:1     /W-F2-1  /D:4     /W-F0-1  /W-F0-1  
/D:2     /W-F1-1  /T6-F1-1 /T6-F2-1 /D:2     /W-F3-1  /D:1     /W-T0-1  /T6-T0-8 /D:1     
/W-F3-1  /T5-F3-1 /T5-T2-1 /T5-F0-1 /T5-T1-1 /T5-F3-1 /R       /D:1     /W-F0-1  /D:1     
/W-T2-1  /D:1     /W-T1-1  /D:4     /W-F2-1  /D:1     /W-F0-1  /T3-F0-1 /T0-T6-3 /T0-F0-1 
/T6-T0-4 /T6-T2-1 /T6-T2-1 /D:2     /W-F1-1  /T0-F1-1 /T0-F2-1 /T0-F3-1 /T4-F1-1 /T4-F2-1 
/T4-F3-1 /W-F1-1  /T0-F2-1 /T0-F3-1 /T1-F3-1 /T4-F0-1 /T2-F0-1 /T0-T2-1 /T0-F3-1 /T4-T1-1 
/T4-F0-1 /T0-F0-1 /T4-F3-1 /W-F0-1  /T2-T0-3 /T2-F3-1 /T0-T2-4 /T0-F0-1 /W-T2-1  /W-F1-1  
/T2-F1-1 /T1-F1-1 /T1-T4-2 /D:1     /W-F3-1  /D:1     /W-F2-1  /T2-F2-1 /T2-F1-1 /T4-F2-1 
/T2-F2-1 /T4-F1-1 /T2-F1-1 /T4-F2-1 /T2-F2-1 /T4-F1-1 
"
1011832,s#zA#pkB#ytZr#JbVMQ#ifejPl#SoIYRTN#UhDmFEaWOCHXcLwvduqgKnxG,88.000000,1653.000000,34.000000,0.729508,1,"
minimal: 0 / states: 129 / duration: 0.000132s
history:
/T1-F0-1 /T2-F0-1 /T6-F3-1 /T5-T1-1 /T4-T3-1 /T0-T6-1 /T4-T0-1 /D:7     /W-F1-1  /D:2     
/W-F3-1  /T5-F3-1 /T3-F3-1 /D:1     /W-F0-1  /D:1     /W-T4-1  /T6-T4-2 /T6-F3-1 /T6-T0-1 
/T6-T5-1 /D:4     /W-T2-1  /T4-T2-4 /T4-F1-1 /D:2     /W-T3-1  /D:4     /W-T0-1  /T5-T0-2 
/T5-T2-1 /T3-T5-2 /D:1     /W-F2-1  /T6-F2-1 /T6-F3-1 /T3-T6-1 /T5-T3-3 /T5-T4-1 /D:1     
/W-T1-1  /D:1     /R       /D:1     /W-T0-1  /T3-T0-4 /T2-T3-7 /T2-F2-1 /T3-T6-8 /D:2     
/W-F0-1  /D:1     /W-T2-1  /D:2     /W-F0-1  /W-F0-1  /D:1     /W-T1-1  /D:2     /W-F1-1  
/T0-F1-1 /T6-F1-1 /D:1     /W-T2-1  /W-T2-1  /T4-T2-2 /D:1     /W-T1-1  /W-T1-1  /D:1     
/W-T2-1  /D:1     /W-F2-1  /T0-F2-1 /T0-F1-1 /T6-F2-1 /T0-F2-1 /T6-F3-1 /T0-F3-1 /T2-F2-1 
/T1-T0-1 /T1-F2-1 /T6-T2-1 /T6-F3-1 /T1-F3-1 /T6-F2-1 /T1-F2-1 /T2-T6-3 /T2-F3-1 /T0-T1-4 
/T0-F3-1 /T6-T2-4 /T6-F2-1 /T6-F3-1 /T1-T0-5 /T1-F2-1 /D:1     /W-F1-1  /T0-F1-1 /D:1     
/W-F0-1  /T2-F0-1 /T0-F0-1 /T2-F1-1 /T0-F1-1 /T2-F0-1 /T0-F0-1 /T2-F1-1 /T0-F1-1 /T2-F0-1 
/T0-F0-1 /T2-F1-1 
"
1011924,a#mn#CiK#RgUM#EGJek#DTzhqW#uYtsLNB#jVAHZbcldFoXPxIOfwvypQrS,143.500000,1252.000000,49.000000,0.541237,1,"
minimal: 0 / states: 123 / duration: 0.000144s
history:
/T0-F1-1 /T1-F2-1 /T5-T2-1 /T3-T0-1 /D:3     /W-F0-1  /T6-F0-1 /T6-F3-1 /T4-T6-1 /T5-T4-1 
/T6-T1-2 /T4-T6-2 /T4-T1-1 /T4-T3-1 /W-T1-1  /D:1     /W-T1-1  /D:2     /W-F1-1  /D:1     
/W-F1-1  /D:1     /W-T0-1  /T2-T0-2 /D:1     /W-F1-1  /D:2     /W-F2-1  /D:2     /W-T6-1  
/D:2     /W-T0-1  /T5-T0-1 /D:1     /W-F3-1  /T6-F3-1 /D:1     /W-T3-1  /T4-T3-1 /T5-T4-1 
/T6-T5-3 /T6-T0-1 /T5-T1-4 /T6-T4-1 /W-T4-1  /T6-T2-1 /D:4     /W-F2-1  /T1-F2-1 /T1-F1-1 
/D:1     /W-F3-1  /D:1     /W-F2-1  /T1-F2-1 /T0-F2-1 /T2-F2-1 /D:1     /R       /D:1     
/W-T4-1  /D:1     /W-T6-1  /D:1     /W-T1-1  /D:3     /W-T4-1  /T3-T4-4 /F2-T2-1 /T3-T2-1 
/T3-F3-1 /D:1     /W-T6-1  /D:1     /W-F3-1  /T1-T2-1 /T1-F3-1 /T2-T1-2 /T2-F2-1 /T4-T0-3 
/T4-F3-1 /T4-F2-1 /W-F2-1  /T1-T2-3 /T1-F3-1 /T2-T1-4 /T2-F0-1 /T5-F0-1 /T0-F0-1 /T0-F1-1 
/T1-F0-1 /T0-F0-1 /T1-F1-1 /T0-F1-1 /T1-F0-1 /T0-F0-1 /T0-F3-1 /T1-F1-1 /T1-F0-1 /T4-F1-1 
/T0-F0-1 /T1-F1-1 /T4-F2-1 /T0-F1-1 /W-F3-1  /T1-F0-1 /T4-F3-1 /T0-F0-1 /T6-F2-1 /T1-F1-1 
/T4-F2-1 /T6-F3-1 
"
1011979,q#Zc#ELw#dOzD#XSysP#JMeFAi#pRCobBk#mQWTgYrKlutjUVnGxavhIfNH,76.500000,842.000000,33.000000,0.801471,1,"
minimal: 0 / states: 125 / duration: 0.000126s
history:
/T5-T2-1 /T5-F0-1 /T4-T0-1 /T2-T6-2 /T6-T2-3 /T6-F0-1 /T1-T3-1 /T2-T1-4 /D:2     /W-T2-1  
/D:8     /W-T1-1  /D:5     /W-F2-1  /D:3     /W-F1-1  /T6-F1-1 /T6-F2-1 /T3-F1-1 /T6-F0-1 
/T3-F0-1 /T6-T4-1 /T0-T4-2 /T3-T0-1 /T3-T6-1 /T3-F1-1 /T6-T2-2 /D:5     /W-F3-1  /T2-F3-1 
/T2-F2-1 /T4-F3-1 /T2-F3-1 /T2-F0-1 /T4-F2-1 /T4-F3-1 /T5-F0-1 /T5-F1-1 /T5-T2-1 /W-F1-1  
/D:1     /R       /D:1     /W-T3-1  /D:2     /W-T1-1  /T4-T1-1 /T4-T3-1 /T4-F3-1 /T4-T3-1 
/T5-T3-1 /D:1     /W-F1-1  /D:1     /W-T0-1  /D:1     /W-F2-1  /T1-F2-1 /T1-F3-1 /D:1     
/W-T0-1  /W-T0-1  /D:1     /W-T2-1  /D:1     /W-F2-1  /T1-F2-1 /D:2     /W-F3-1  /D:1     
/W-F3-1  /T0-F3-1 /W-T0-1  /D:1     /W-F0-1  /D:1     /W-T2-1  /D:1     /W-F2-1  /T1-T3-1 
/T1-F2-1 /T2-F2-1 /T3-T1-2 /T3-F3-1 /T3-F2-1 /T0-T2-2 /T0-F3-1 /T0-F2-1 /T1-T3-4 /T1-F3-1 
/D:1     /W-F1-1  /T3-F1-1 /T2-F1-1 /D:2     /W-F0-1  /W-F0-1  /T3-F0-1 /T2-F0-1 /T3-F1-1 
/T2-F1-1 /T3-F0-1 /T2-F0-1 /T3-F1-1 
"
1011989,m#Nn#WBR#GQIA#iVksb#lKzFvj#fJoHuCy#UXZxOeaSDpYLPtqghTMEcwrd,145.500000,1794.000000,48.000000,0.626263,1,"
minimal: 0 / states: 117 / duration: 0.000134s
history:
/T1-F2-1 /T1-F3-1 /T3-F0-1 /T6-T0-1 /T4-T6-1 /T2-T4-1 /T2-F0-1 /T3-T2-1 /T6-T3-2 /D:1     
/W-T2-1  /D:1     /W-T0-1  /D:1     /W-T1-1  /D:2     /W-F3-1  /D:2     /W-F1-1  /T3-F1-1 
/T3-F0-1 /D:2     /W-F0-1  /D:1     /W-T3-1  /D:2     /W-T1-1  /D:1     /W-F3-1  /D:1     
/W-T2-1  /D:1     /W-T4-1  /D:1     /W-T6-1  /T4-T6-3 /T4-T1-1 /T6-T4-5 /D:2     /W-T6-1  
/D:2     /W-F0-1  /D:1     /W-F1-1  /D:1     /W-T0-1  /T4-T0-6 /T6-T4-2 /T6-F2-1 /T3-F2-1 
/T0-F2-1 /T3-F3-1 /T0-F3-1 /T6-T1-1 /T4-T1-3 /W-T4-1  /T6-T2-1 /D:1     /W-F2-1  /T0-F2-1 
/T2-T3-1 /T2-F2-1 /T3-T2-2 /D:1     /W-F1-1  /R       /D:2     /W-F1-1  /T2-F1-1 /T0-F1-1 
/T0-F2-1 /D:1     /W-F3-1  /T1-F3-1 /D:1     /W-T4-1  /W-T4-1  /T5-T4-1 /T5-F2-1 /T5-F0-1 
/T2-F0-1 /T1-F0-1 /T2-F3-1 /T0-F3-1 /T5-T3-1 /T0-F2-1 /T2-F0-1 /T2-F3-1 /T0-F3-1 /T4-T5-1 
/T4-F2-1 /T5-T4-2 /T0-F2-1 /T3-F2-1 /T4-T5-2 /T4-F3-1 /T1-T0-4 /T1-F3-1 /T5-T4-3 /D:1     
/W-F1-1  /T0-F1-1 /T0-F0-1 /T4-F1-1 /T0-F1-1 /T4-F0-1 /T0-F0-1 /T4-F1-1 /T0-F1-1 /T4-F0-1 
"
1020000,n#JV#hkI#cepW#Mlvxm#qPARTr#KfBOzDN#YgbdEyatFoXCwUiZLuQHjGSs,175.500000,1851.000000,58.000000,0.643443,1,"
minimal: 0 / states: 125 / duration: 0.000145s
history:
/T0-F2-1 /T6-F3-1 /T4-T0-1 /T3-T4-1 /T2-T4-1 /D:3     /W-T3-1  /D:1     /W-T5-1  /T3-T5-2 
/T6-T3-1 /D:2     /W-T0-1  /T2-T0-1 /T2-T4-1 /T6-T2-1 /T6-F3-1 /D:1     /W-F1-1  /T5-F1-1 
/D:1     /W-T4-1  /D:2     /W-F2-1  /T5-F2-1 /D:2     /W-T5-1  /D:1     /W-T0-1  /T1-T0-1 
/D:2     /W-T1-1  /D:3     /W-T0-1  /D:2     /W-T1-1  /D:3     /W-T4-1  /T5-T4-3 /T5-T0-1 
/D:1     /W-T0-1  /T5-T0-1 /T5-F0-1 /T6-F0-1 /T4-F0-1 /T5-F3-1 /T3-F0-1 /T5-F2-1 /R       
/D:1     /W-T2-1  /T4-T2-8 /D:1     /W-T1-1  /D:1     /W-F0-1  /D:1     /W-T1-1  /T3-T1-1 
/T3-F1-1 /T2-F1-1 /T1-F1-1 /T6-F1-1 /T1-F0-1 /T1-F1-1 /T2-F2-1 /D:2     /W-T4-1  /T2-T4-2 
/T2-F1-1 /D:1     /W-T3-1  /D:1     /W-T3-1  /W-T3-1  /T1-T3-3 /D:1     /W-F3-1  /T0-F3-1 
/T0-F2-1 /T4-F3-1 /T0-F3-1 /T4-F2-1 /T0-F2-1 /T4-T2-1 /T4-F2-1 /T2-F3-1 /T0-F3-1 /T0-F2-1 
/T2-T6-2 /T2-F2-1 /T6-T2-3 /D:2     /W-F0-1  /T3-F0-1 /T2-F0-1 /T2-F3-1 /T3-F1-1 /T3-F0-1 
/T3-F3-1 /W-F1-1  /T0-F1-1 /T0-F2-1 /T2-F0-1 /T2-F3-1 /T3-F0-1 /T3-F3-1 /T4-F1-1 /T0-F1-1 
/T2-F2-1 /T4-F0-1 
"
1020015,z#jd#eAx#YCrL#DTgfi#JWXOmN#bqIaRMn#tZkhEBsSGvlQyVKcuPFpwHUo,133.000000,4380.000000,72.000000,0.447115,1,"
minimal: 0 / states: 145 / duration: 0.000161s
history:
/T5-F3-1 /T6-F2-1 /T3-T5-1 /T1-T3-1 /T1-T2-1 /T6-T1-1 /D:3     /W-T5-1  /D:7     /W-T2-1  
/D:1     /W-T0-1  /T2-T0-3 /T2-F0-1 /D:6     /W-T4-1  /D:3     /W-T3-1  /D:1     /W-T5-1  
/T4-T5-2 /T3-T4-3 /D:2     /W-T0-1  /D:1     /W-F2-1  /T4-F2-1 /T3-T4-1 /T3-T1-1 /T5-T3-6 
/T5-F3-1 /R       /D:1     /W-T0-1  /T4-T0-4 /T4-T3-1 /D:4     /W-F0-1  /T0-F0-1 /D:1     
/W-T3-1  /T6-T3-1 /T6-F1-1 /D:6     /W-T1-1  /D:2     /W-F3-1  /D:1     /W-T4-1  /T2-T4-1 
/D:1     /R       /D:1     /W-T2-1  /D:1     /W-T6-1  /D:3     /W-T6-1  /W-T6-1  /W-T6-1  
/D:1     /W-F3-1  /T3-F3-1 /D:1     /W-T2-1  /T5-T2-1 /T6-T5-5 /T6-F2-1 /T6-F1-1 /T5-T1-6 
/T0-T1-1 /T0-F2-1 /T3-F2-1 /T1-T0-2 /T1-F3-1 /T4-T3-2 /T4-F3-1 /T4-F0-1 /T0-T1-3 /T0-F2-1 
/T0-F3-1 /T5-T2-1 /D:1     /W-F3-1  /D:1     /W-F1-1  /T1-F1-1 /T1-F0-1 /T3-F1-1 /T1-F1-1 
/T3-F0-1 /T1-F0-1 /T3-F1-1 /T1-F1-1 /T3-F2-1 /T0-F2-1 /T3-F1-1 /T3-F2-1 /T0-F1-1 /T0-F2-1 
/T3-F1-1 /T0-F1-1 /T2-T3-2 /T2-F2-1 /T0-F2-1 /T3-T2-3 /T3-F1-1 /D:1     /W-F0-1  /T1-F0-1 
/T1-F3-1 /T2-F0-1 /T1-F0-1 /T2-F3-1 /T1-F3-1 /T2-F0-1 /T1-F0-1 /T2-F3-1 
"
1020053,W#RJ#Ziy#rPXA#nOjaz#usqMGw#oTCpQIN#lfKghFSevLmcVtHEBxUbDdkY,151.000000,3306.000000,58.000000,0.525510,1,"
minimal: 0 / states: 125 / duration: 0.000154s
history:
/T3-F0-1 /T6-F3-1 /T5-T3-1 /T6-T0-1 /T3-T2-2 /D:1     /W-T4-1  /D:1     /W-T5-1  /D:1     
/W-T4-1  /T0-T4-2 /T4-T0-5 /T4-F1-1 /D:2     /W-T0-1  /T5-T0-2 /D:4     /W-T4-1  /D:4     
/W-T1-1  /D:2     /W-T1-1  /D:1     /W-T0-1  /T6-T0-1 /T6-T0-1 /D:1     /W-F0-1  /T6-F0-1 
/T6-T1-1 /T6-T3-1 /T5-T6-1 /T3-T5-2 /D:2     /W-T4-1  /D:1     /W-F1-1  /D:1     /W-F0-1  
/T0-T3-2 /T0-F0-1 /T3-T0-3 /D:3     /W-T6-1  /R       /D:2     /W-F0-1  /D:4     /W-T3-1  
/T2-T3-3 /T2-T3-1 /W-T2-1  /D:1     /W-F1-1  /D:1     /W-T4-1  /T0-T4-4 /T0-F0-1 /D:1     
/W-T6-1  /T4-T6-8 /T4-F3-1 /T4-F2-1 /T5-F2-1 /T5-F3-1 /T6-F2-1 /T5-F2-1 /T6-F3-1 /T5-T1-1 
/T6-F2-1 /T1-F2-1 /T1-T5-1 /T1-F0-1 /T5-T1-2 /D:1     /W-F1-1  /W-F1-1  /T6-F1-1 /T6-F2-1 
/D:1     /W-T2-1  /T1-T2-4 /T1-F3-1 /W-F3-1  /T2-F3-1 /T6-F3-1 /W-F1-1  /T0-F1-1 /T0-F0-1 
/T2-F2-1 /T2-F3-1 /T3-F1-1 /T2-F0-1 /T6-F2-1 /T0-F3-1 /T3-F2-1 /T3-F3-1 /T6-F1-1 /T0-F0-1 
/T2-F1-1 /T2-F0-1 /T6-F2-1 /T0-F1-1 /T3-F2-1 /T3-F1-1 /T6-F3-1 /T0-F2-1 /T2-F3-1 /T6-F0-1 
"
1020069,K#kd#Fol#ZIrY#eXfbU#qMAWxn#hTDNBHj#mEGJgcuwVysCPLiSRtQpzaOv,134.000000,1201.000000,52.000000,0.609375,1,"
minimal: 0 / states: 125 / duration: 0.000144s
history:
/T5-F2-1 /T6-T0-1 /T5-T2-1 /T5-T2-1 /T5-F0-1 /T3-T5-1 /T1-T3-1 /T0-T5-2 /T5-T0-4 /D:3     
/W-T4-1  /D:1     /W-T1-1  /D:1     /W-T6-1  /D:1     /W-T5-1  /D:3     /W-T1-1  /T6-T1-2 
/T6-F0-1 /T6-F3-1 /D:2     /W-T1-1  /D:1     /W-F0-1  /T6-F0-1 /D:4     /W-T4-1  /T3-T4-2 
/T4-T3-5 /T3-T0-6 /D:1     /W-T1-1  /T5-T1-2 /D:3     /W-T0-1  /T4-T0-1 /D:1     /W-T5-1  
/T2-T5-3 /T2-F2-1 /T2-T6-1 /D:1     /W-F1-1  /T0-F1-1 /T1-F1-1 /T0-F2-1 /T0-F1-1 /T1-F2-1 
/T0-F2-1 /T1-T6-1 /T1-F2-1 /D:1     /W-F3-1  /D:1     /W-T5-1  /R       /D:1     /W-T2-1  
/D:1     /W-F0-1  /D:3     /W-T2-1  /T1-T2-5 /D:1     /W-F3-1  /D:1     /W-T3-1  /D:2     
/W-F2-1  /D:1     /W-F3-1  /T6-F3-1 /T0-F3-1 /T4-T0-1 /T4-T3-1 /T4-F1-1 /T0-F1-1 /T6-F0-1 
/T0-F0-1 /T2-F1-1 /T6-F3-1 /T0-F3-1 /T2-F0-1 /T6-F1-1 /T0-F0-1 /T2-F3-1 /T2-F0-1 /W-F1-1  
/T0-F1-1 /T0-F0-1 /T2-F1-1 /T3-T2-1 /T3-F0-1 /T5-T0-3 /T5-F1-1 /T0-T5-4 /T0-F0-1 /T2-T3-2 
/T2-F1-1 /W-T3-1  /W-F2-1  /T5-F2-1 /T3-F2-1 /T5-F3-1 /T3-F3-1 /T5-F2-1 /T3-F2-1 /T5-F3-1 
/T3-F3-1 /T5-F2-1 
"
1020079,l#QN#Ofq#FJgw#XDPvY#sWbjEt#VucimIx#azBeRpkydSnUHohTAZCrGKML,106.500000,838.000000,42.000000,0.688312,1,"
minimal: 0 / states: 122 / duration: 0.000139s
history:
/T1-F3-1 /T6-T0-1 /D:1     /W-F1-1  /D:5     /W-T1-1  /D:4     /W-T5-1  /D:1     /W-F2-1  
/D:1     /W-T6-1  /T5-T6-2 /T5-T6-1 /T6-T5-5 /T5-T0-6 /T5-F1-1 /T1-T0-2 /T6-T1-1 /T6-T3-1 
/T6-F1-1 /T6-T3-1 /W-F1-1  /W-T1-1  /W-T1-1  /T3-T1-3 /T3-T1-1 /T6-T3-1 /D:1     /W-T3-1  
/D:1     /W-F2-1  /T0-F2-1 /T2-F2-1 /D:2     /W-T3-1  /D:1     /W-F0-1  /D:1     /W-T6-1  
/D:1     /W-T0-1  /D:1     /W-F2-1  /D:2     /W-T4-1  /T5-T4-1 /T5-F2-1 /D:1     /W-T5-1  
/T4-T5-3 /T4-T5-1 /D:1     /W-T6-1  /R       /D:2     /W-F0-1  /T0-F0-1 /D:1     /W-F1-1  
/T2-F1-1 /T2-F3-1 /T4-F3-1 /T0-F3-1 /T4-F0-1 /T0-F0-1 /T3-T4-4 /T1-F1-1 /T3-F0-1 /W-T2-1  
/T0-T2-7 /T4-T6-5 /D:1     /W-F3-1  /T2-F3-1 /T2-F2-1 /T6-F3-1 /T1-F2-1 /T2-F3-1 /T5-F2-1 
/T6-T1-1 /T6-F3-1 /T5-F3-1 /T1-T6-2 /T1-F2-1 /T2-T5-2 /T2-F2-1 /T6-T1-3 /T6-F3-1 /T1-T6-4 
/T1-F2-1 /T5-T2-3 /T5-F3-1 /T2-T5-4 /T2-F2-1 /T6-T1-5 /T6-F3-1 /D:1     /W-F1-1  /D:1     
/W-F0-1  /T1-F0-1 /T1-F1-1 /T5-F0-1 /T1-F0-1 /T5-F1-1 /T1-F1-1 /T5-F0-1 /T1-F0-1 /T5-F1-1 
/T1-F1-1 /T5-F0-1 
"
1020092,k#us#BEW#ZQJA#PUHLm#FpRjnS#ryODbTv#VgxfNMXqlihIaYctoCwKzedG,120.500000,2854.000000,50.000000,0.625000,1,"
minimal: 0 / states: 121 / duration: 0.000144s
history:
/T3-F0-1 /T6-T2-1 /T3-T0-1 /T1-T6-1 /T6-T1-2 /D:1     /W-T0-1  /T1-T0-3 /T4-T1-1 /T4-T1-1 
/T0-T1-6 /D:1     /W-T4-1  /D:3     /W-F3-1  /D:1     /W-T0-1  /D:3     /W-T0-1  /D:2     
/W-T2-1  /D:2     /W-F1-1  /T6-F1-1 /D:2     /W-F1-1  /D:1     /W-T2-1  /T5-T2-1 /T5-F2-1 
/D:1     /W-F2-1  /D:1     /W-T3-1  /D:2     /W-T0-1  /T5-T0-1 /T6-T5-1 /T6-F3-1 /T5-T1-2 
/T5-F2-1 /T5-T4-1 /D:1     /W-T5-1  /D:1     /W-T4-1  /D:1     /W-F1-1  /T4-F1-1 /D:1     
/R       /D:2     /W-F1-1  /D:1     /W-T6-1  /D:1     /W-F2-1  /D:2     /W-T0-1  /D:1     
/W-T5-1  /D:1     /W-T6-1  /W-T6-1  /T4-T6-3 /T4-T0-1 /W-T5-1  /T2-T5-5 /T2-T5-1 /T2-F0-1 
/T3-F0-1 /T4-F3-1 /T1-F0-1 /T3-F3-1 /T1-F3-1 /T5-F0-1 /T6-F0-1 /T6-T3-6 /T6-F2-1 /T1-F2-1 
/T3-F1-1 /T5-F3-1 /T1-F3-1 /T5-F2-1 /T1-F2-1 /T0-F3-1 /T1-F3-1 /T5-F1-1 /T5-F2-1 /T5-F3-1 
/T3-T1-2 /T3-F2-1 /T3-F3-1 /T5-F2-1 /T3-F2-1 /T5-F3-1 /T3-F3-1 /T5-F2-1 /D:1     /W-F0-1  
/T1-F0-1 /T0-F0-1 /T1-F1-1 /T0-F1-1 /T1-F0-1 /T0-F0-1 /T1-F1-1 /T0-F1-1 /T1-F0-1 /T0-F0-1 
/T1-F1-1 
"
1020132,a#Oy#JLs#kdEh#ucADN#VTHfKj#lIoXPnY#tUmzpGeZRrWBbwSFqiQCMxgv,116.000000,1346.000000,34.000000,0.786667,1,"
minimal: 0 / states: 104 / duration: 0.000125s
history:
/T0-F1-1 /T4-F3-1 /D:1     /W-T3-1  /D:2     /W-T0-1  /T1-T0-1 /T1-F3-1 /D:1     /W-T1-1  
/T6-T1-1 /T6-F2-1 /T6-F3-1 /T6-T0-1 /T6-F2-1 /T3-T6-2 /T6-T5-3 /D:1     /W-F2-1  /D:2     
/W-T2-1  /T4-T2-1 /T4-F0-1 /T4-T2-1 /D:5     /W-F0-1  /D:1     /W-F1-1  /T2-F1-1 /D:1     
/W-T0-1  /D:1     /W-T5-1  /T3-T5-1 /T3-F1-1 /D:2     /W-F2-1  /D:1     /W-T0-1  /T4-T0-1 
/D:1     /W-F3-1  /D:1     /W-F0-1  /T2-F0-1 /T2-F1-1 /T5-F0-1 /W-F0-1  /D:1     /W-T4-1  
/T6-T4-1 /D:1     /W-T1-1  /T5-T1-5 /T5-T4-1 /T5-F1-1 /W-T4-1  /W-F2-1  /W-F3-1  /T1-F3-1 
/T2-F2-1 /T1-F2-1 /W-T6-1  /W-F0-1  /T5-F0-1 /T5-F3-1 /W-F3-1  /T2-T6-1 /T0-F2-1 /T5-F3-1 
/T4-F3-1 /T0-T3-2 /T0-F3-1 /T3-T0-3 /D:1     /W-F1-1  /T1-F1-1 /T0-F1-1 /T1-F0-1 /T2-F0-1 
/T1-F1-1 /T4-F0-1 /T6-F0-1 /T1-T4-1 /T1-F3-1 /T6-F3-1 /T4-T1-2 /T4-F0-1 /D:1     /W-F2-1  
/T0-F2-1 /T0-F1-1 /T1-F2-1 /T0-F2-1 /T1-F1-1 /T0-F1-1 /T1-F2-1 
"
1020147,y#he#QOw#RxKc#qokzA#VmPtsF#SZuJbCa#gLrBlvGEIniHDXYTpfWdUjNM,125.500000,2421.000000,54.000000,0.546392,1,"
minimal: 0 / states: 127 / duration: 0.000147s
history:
/T4-F0-1 /T6-F1-1 /T1-T5-1 /D:4     /W-F0-1  /T6-F0-1 /T6-F1-1 /T3-F1-1 /D:1     /W-T4-1  
/T3-T4-1 /D:2     /W-T1-1  /D:3     /W-F2-1  /D:1     /W-T2-1  /D:1     /W-T2-1  /D:1     
/W-F0-1  /D:1     /W-T0-1  /T6-T0-1 /D:2     /W-T2-1  /T5-T2-2 /D:2     /W-T1-1  /D:1     
/W-T3-1  /D:1     /W-F1-1  /T2-F1-1 /T1-F1-1 /D:2     /W-T4-1  /D:1     /W-F3-1  /D:1     
/R       /D:1     /W-T6-1  /T5-T6-1 /D:3     /W-T3-1  /T1-T3-2 /T4-T1-4 /T2-T4-5 /T2-F3-1 
/D:1     /W-F0-1  /T4-F0-1 /T3-F0-1 /T5-T3-1 /T5-F3-1 /T0-T5-3 /T5-T0-4 /T6-T5-3 /T5-T0-4 
/T6-T5-1 /T2-F3-1 /T0-T4-1 /T0-F1-1 /T4-T0-2 /T4-F0-1 /W-T6-1  /W-T5-1  /T4-T5-3 /T4-F2-1 
/T6-T3-2 /D:1     /W-F0-1  /D:2     /W-F2-1  /T4-F2-1 /T3-F2-1 /T0-F2-1 /D:2     /W-T2-1  
/R       /D:1     /W-T2-1  /T3-T2-6 /T3-F3-1 /T2-F3-1 /T0-F3-1 /T2-F2-1 /T0-F2-1 /T2-F1-1 
/T5-F1-1 /T1-F1-1 /T2-F2-1 /T5-F2-1 /T5-F1-1 /T2-T1-1 /T2-F2-1 /T0-T5-3 /T0-F2-1 /T1-T2-2 
/T1-F1-1 /T0-F1-1 /T1-F2-1 /D:1     /W-F3-1  /T5-F3-1 /T2-F3-1 /T5-F0-1 /T2-F0-1 /T5-F3-1 
/T2-F3-1 /T5-F0-1 /T2-F0-1 /T5-F3-1 
"
1020152,s#gN#XHV#ftMc#GIDaT#SrQoBY#ZKlkRPx#pnvUqFhJeAdECyimzWuwOjbL,116.000000,1197.000000,43.000000,0.626582,1,"
minimal: 0 / states: 122 / duration: 0.000138s
history:
/T1-F3-1 /T6-T5-1 /T0-T1-1 /D:2     /W-F2-1  /D:4     /W-T4-1  /D:3     /W-T1-1  /D:1     
/W-F0-1  /D:6     /W-T0-1  /D:2     /W-T5-1  /D:1     /W-T2-1  /T4-T2-2 /T4-F1-1 /T6-T4-1 
/T6-T2-1 /T4-T1-2 /T4-T5-1 /D:1     /W-T6-1  /T2-T6-5 /T1-T2-5 /W-T1-1  /T5-T1-4 /T5-F0-1 
/T5-F2-1 /D:1     /W-F3-1  /T2-F3-1 /T5-F3-1 /T3-T2-1 /T6-F3-1 /D:2     /W-F1-1  /T2-F1-1 
/D:1     /W-T0-1  /T6-T0-6 /T6-T3-1 /T6-T3-1 /W-T3-1  /R       /D:1     /W-F2-1  /D:1     
/W-T3-1  /D:1     /W-T1-1  /T4-T1-1 /T3-T4-5 /D:1     /W-F2-1  /T5-F2-1 /T5-F3-1 /T2-T0-2 
/T2-F2-1 /T3-F2-1 /T0-T2-3 /T0-F3-1 /T0-F2-1 /T2-T0-5 /T4-F2-1 /T3-T1-1 /D:2     /W-T2-1  
/T0-T2-6 /T0-F2-1 /D:1     /W-F1-1  /D:1     /W-T1-1  /D:1     /W-F0-1  /T2-F0-1 /T1-F0-1 
/T2-F1-1 /T1-F1-1 /T2-F0-1 /T1-F0-1 /T1-F3-1 /T2-F1-1 /T2-F0-1 /T2-F3-1 /W-F1-1  /T1-F0-1 
/T1-F3-1 /T1-F2-1 /T2-F0-1 /T2-F3-1 /T1-F3-1 /T6-F3-1 /D:1     /W-F2-1  /T1-F2-1 /D:1     
/W-F1-1  /T4-F1-1 /T0-F1-1 /T4-F0-1 /T0-F0-1 /T4-F1-1 /T0-F1-1 /T4-F0-1 
"
1020153,I#pA#Nhx#sZbX#OdHRn#PKVCfT#WBDcomF#eiqytzEUlQgGvLJaSrjuwYMk,141.000000,3655.000000,54.000000,0.540698,1,"
minimal: 0 / states: 127 / duration: 0.000140s
history:
/T1-F0-1 /T4-F2-1 /T6-T5-1 /T4-T5-1 /T5-T4-3 /D:3     /W-T4-1  /D:1     /W-T6-1  /T3-T6-1 
/T3-T1-1 /D:3     /W-T5-1  /D:1     /W-T0-1  /D:2     /W-T5-1  /T1-T5-2 /T6-T1-3 /T6-F2-1 
/T6-T4-1 /D:2     /W-T0-1  /T5-T0-5 /T0-T5-1 /T0-F2-1 /T5-T0-2 /T4-T5-6 /T5-T6-1 /T5-F2-1 
/T6-T5-2 /T6-F0-1 /T0-T6-8 /T3-T0-1 /T6-T2-9 /D:2     /W-T0-1  /D:1     /W-T1-1  /T5-T1-7 
/D:1     /W-F1-1  /T2-F1-1 /T1-F1-1 /T4-F1-1 /T2-F0-1 /T1-F0-1 /D:2     /W-F2-1  /T3-F2-1 
/D:1     /W-T5-1  /D:4     /W-T3-1  /W-T3-1  /T2-T3-8 /D:1     /W-T0-1  /W-T0-1  /R       
/D:1     /W-F1-1  /D:1     /W-T0-1  /D:1     /W-F2-1  /D:1     /W-T6-1  /D:1     /W-T6-1  
/T5-T6-2 /D:2     /W-T6-1  /T2-T6-1 /T2-F3-1 /T4-F3-1 /T5-F3-1 /T3-F3-1 /T1-F3-1 /T3-F0-1 
/T1-F0-1 /T3-F1-1 /W-F1-1  /T3-F0-1 /T6-F1-1 /T0-F1-1 /D:1     /W-F3-1  /T1-F3-1 /T1-F0-1 
/T3-F3-1 /T3-F0-1 /T1-F3-1 /T1-F0-1 /T3-F3-1 /T1-F3-1 /T6-T3-2 /T6-F0-1 /T0-T1-2 /T0-F0-1 
/T3-T6-3 /T3-F3-1 /T0-F3-1 /T3-F0-1 /D:1     /W-F2-1  /T6-F2-1 /T1-F2-1 /T6-F1-1 /T1-F1-1 
/T6-F2-1 /T1-F2-1 /T6-F1-1 /T1-F1-1 /T6-F2-1 
"
1020181,H#Gz#jOp#ytax#YhnAN#dUTkCL#EwVDFWo#BuSZgbJfPrmevliKcMIXQRsq,127.500000,2089.000000,54.000000,0.584270,1,"
minimal: 0 / states: 119 / duration: 0.000203s
history:
/T4-F3-1 /T4-F0-1 /T4-F2-1 /T6-F2-1 /T2-F2-1 /T2-F3-1 /T6-T3-1 /D:1     /W-F0-1  /D:4     
/W-T0-1  /T6-T0-1 /D:4     /W-F3-1  /D:3     /W-T0-1  /T6-T0-1 /T0-T6-5 /T1-T0-1 /T1-T4-1 
/W-T1-1  /T5-T1-1 /T5-F0-1 /T5-T1-1 /T6-F0-1 /D:1     /W-T2-1  /T4-T2-2 /T3-T4-2 /T3-F1-1 
/T4-T0-3 /D:5     /W-T4-1  /D:1     /W-T0-1  /D:2     /W-F3-1  /D:1     /W-F3-1  /D:1     
/W-T5-1  /D:1     /W-F2-1  /R       /D:2     /W-F3-1  /D:2     /W-F1-1  /D:1     /W-T1-1  
/T6-T1-5 /D:1     /W-T2-1  /D:1     /W-F2-1  /T5-F2-1 /T3-F2-1 /T5-F3-1 /T5-F3-1 /D:1     
/W-T4-1  /D:1     /W-T6-1  /T1-T6-4 /T1-F3-1 /D:1     /W-T4-1  /T2-T4-5 /W-T2-1  /W-F2-1  
/T4-T0-3 /T4-F2-1 /T6-T1-5 /T6-F2-1 /T6-F0-1 /T0-T4-4 /T0-F3-1 /T0-F2-1 /T3-F2-1 /D:1     
/W-F1-1  /T5-F1-1 /T1-F1-1 /T1-F0-1 /T4-F1-1 /T1-F1-1 /T4-F0-1 /T1-F0-1 /T4-F1-1 /T1-F1-1 
/T4-F0-1 /T1-F0-1 /T4-F1-1 /T1-F1-1 /T4-F0-1 /T4-F1-1 /T1-F0-1 /T1-F1-1 /T4-F0-1 /D:1     
/W-F3-1  /T0-F3-1 /T0-F2-1 /T2-F3-1 
"
1020238,v#DL#yNF#jfJn#trZcQ#SxlpHR#bGVCWik#hqMwXYBPAuOEsKUgaIomzdeT,124.000000,1381.000000,49.000000,0.569620,1,"
minimal: 0 / states: 130 / duration: 0.000147s
history:
/T3-F2-1  /T6-T1-1  /T5-T2-1  /T6-T3-1  /T5-T3-1  /T5-T4-1  /T3-T1-3  /T0-T6-1  /D:1      /W-T6-1   
/D:1      /W-T2-1   /D:1      /W-T0-1   /T5-T0-1  /T6-T5-3  /T5-T0-4  /D:5      /W-T2-1   /W-T2-1   
/D:1      /W-F0-1   /T2-F0-1  /T6-F0-1  /D:1      /W-T6-1   /D:1      /W-T4-1   /D:1      /W-T3-1   
/T4-T3-3  /D:4      /W-T1-1   /T2-T1-4  /T2-F3-1  /T3-F3-1  /T1-F3-1  /T4-T1-1  /T1-T4-10 /T1-F0-1  
/T4-T1-11 /T4-T5-1  /T3-T4-4  /T4-T5-2  /T4-F0-1  /T4-T0-2  /D:1      /W-F1-1   /D:1      /W-T3-1   
/W-T3-1   /D:1      /W-F2-1   /T5-F2-1  /T5-F3-1  /D:1      /W-T4-1   /T2-T4-1  /D:1      /W-T2-1   
/D:1      /W-T5-1   /D:2      /W-T6-1   /R        /D:2      /W-T4-1   /W-T4-1   /T6-T4-3  /T6-T3-1  
/T6-F1-1  /T1-F1-1  /T1-F2-1  /T1-F3-1  /T5-F1-1  /T5-F2-1  /T5-F3-1  /T1-F0-1  /T3-F0-1  /T4-F3-1  
/T3-F3-1  /T1-T4-1  /T1-F0-1  /T3-F0-1  /T4-T1-2  /T4-F3-1  /T0-T3-4  /T0-F3-1  /T1-T4-3  /T1-F0-1  
/T4-T1-4  /T4-F3-1  /T3-T0-5  /D:1      /W-F3-1   /D:1      /W-F2-1   /D:1      /W-F0-1   /T1-T4-5  
/T1-F0-1  /T1-F3-1  /T0-T2-7  /T0-F0-1  /D:1      /W-F1-1   /T2-F1-1  /T2-F2-1  /T4-F1-1  /T2-F1-1  
/T4-F2-1  /T2-F2-1  /T4-F1-1  /T2-F1-1  /T4-F2-1  /T2-F2-1  /T4-F1-1  /T2-F1-1  /T4-F2-1  /T2-F2-1  
/T4-F1-1  
"
1020267,Y#xO#mCW#StzU#knolP#psDbcq#ZuQIGaK#TvLiyNVRdrJejwMEXfAHFghB,135.500000,4373.000000,69.000000,0.480769,1,"
minimal: 0 / states: 145 / duration: 0.000159s
history:
/T6-T0-1 /T6-F1-1 /T4-T5-1 /T6-T3-1 /T3-T6-2 /T4-T3-1 /T6-T2-3 /T2-T0-4 /T4-T5-1 /T4-F2-1 
/T5-F2-1 /T1-T2-1 /T2-T6-2 /T1-T3-1 /T3-T1-3 /D:3     /W-T2-1  /T4-T2-1 /D:3     /W-F3-1  
/T6-F3-1 /T5-F3-1 /D:5     /W-T2-1  /D:2     /W-T1-1  /D:2     /W-T4-1  /T0-T4-6 /D:3     
/W-T3-1  /D:1     /W-F0-1  /D:5     /W-F0-1  /T6-F0-1 /T6-F3-1 /R       /D:1     /W-T6-1  
/D:1     /W-T1-1  /D:1     /W-T2-1  /T6-T2-2 /D:1     /W-T6-1  /D:2     /W-F3-1  /D:2     
/W-T3-1  /W-T3-1  /D:4     /W-T6-1  /D:2     /W-T2-1  /F3-T2-1 /T5-T2-1 /T5-T2-1 /T5-F1-1 
/T2-F1-1 /T5-F0-1 /T3-F1-1 /D:2     /W-T1-1  /T3-T1-3 /T3-T4-1 /R       /D:2     /W-F1-1  
/T1-T4-1 /T1-F1-1 /D:1     /W-T6-1  /W-T6-1  /D:1     /W-F0-1  /T2-T5-2 /T2-F0-1 /T5-T2-3 
/T5-F2-1 /T2-F2-1 /T2-F3-1 /T4-F2-1 /T2-F2-1 /T4-F3-1 /T1-F2-1 /T2-F3-1 /T4-F0-1 /T4-F3-1 
/T2-F2-1 /T6-F3-1 /T1-T4-1 /T1-F2-1 /T6-F2-1 /T4-T1-2 /T4-F3-1 /T6-F3-1 /T1-T4-3 /T1-F2-1 
/T6-F2-1 /T4-T1-4 /T4-F3-1 /T6-F3-1 /T1-T4-5 /T1-F2-1 /D:1     /W-F0-1  /D:1     /W-F1-1  
/T4-F1-1 /T2-F1-1 /T4-F0-1 /T2-F0-1 /T4-F1-1 /T2-F1-1 /T4-F0-1 /T2-F0-1 /T4-F1-1 /T2-F1-1 
/T4-F0-1 
"
1020273,z#lH#bGY#jOqx#EXTAv#CtQNFa#VywLJnP#ieofgskdMZrKcBDRpSWuIhmU,117.000000,1110.000000,38.000000,0.854651,1,"
minimal: 0 / states: 105 / duration: 0.000127s
history:
/T5-F1-1 /T3-T2-1 /T6-T3-1 /T6-F2-1 /T2-T0-2 /D:1     /W-T6-1  /T1-T6-1 /D:1     /W-T5-1  
/T3-T5-2 /D:1     /W-F2-1  /D:1     /W-T2-1  /D:1     /W-T6-1  /T5-T6-4 /T5-F3-1 /T3-F3-1 
/T4-T3-1 /T4-F0-1 /T6-F3-1 /T5-F3-1 /T3-T0-2 /D:1     /W-T4-1  /D:3     /W-T3-1  /T1-T3-1 
/D:1     /W-T1-1  /D:1     /W-T2-1  /W-T2-1  /D:1     /W-T3-1  /D:1     /W-T6-1  /D:1     
/W-F0-1  /D:2     /W-F3-1  /D:1     /W-F2-1  /D:1     /W-F3-1  /D:1     /W-T3-1  /D:2     
/W-T3-1  /D:1     /W-T0-1  /T2-T0-4 /T2-F1-1 /T6-F1-1 /T6-F2-1 /T0-F1-1 /T0-F2-1 /T4-F2-1 
/T4-F3-1 /T5-F2-1 /T5-F0-1 /T6-T4-6 /T6-T1-1 /T4-T1-7 /T1-F1-1 /T0-F1-1 /W-F2-1  /W-F0-1  
/T4-F0-1 /T1-F0-1 /T0-F0-1 /T1-F1-1 /T0-F1-1 /T1-F0-1 /T1-F1-1 /T0-F2-1 /T6-F2-1 /T0-F1-1 
/T0-F2-1 /T6-F2-1 /T3-F0-1 /T1-F0-1 /W-F1-1  /T3-T0-2 /T3-F1-1 /T0-T3-3 /T0-F2-1 /D:1     
/W-F1-1  /D:1     /W-F3-1  /T6-F3-1 /T3-F3-1 /T1-F3-1 /T3-F0-1 /T1-F0-1 /T3-F3-1 /T1-F3-1 
/T3-F0-1 
"
1020282,i#ZM#nxl#PHuU#rSaKX#JTeNhw#GmFVgBz#AqRpIokbvdWjCtDYLQcyEOfs,82.000000,770.000000,31.000000,0.753731,1,"
minimal: 0 / states: 107 / duration: 0.000121s
history:
/T5-T4-1 /T2-T1-1 /T2-T1-1 /T2-F2-1 /T6-T2-1 /T0-T4-1 /T1-T0-3 /D:1     /W-F0-1  /T6-F0-1 
/D:5     /W-F2-1  /D:5     /W-T0-1  /D:2     /W-F0-1  /D:1     /W-T3-1  /D:1     /W-F0-1  
/D:1     /W-T2-1  /D:1     /W-T1-1  /T4-T1-3 /T4-T2-1 /T4-F1-1 /T4-T3-1 /W-T2-1  /W-T4-1  
/W-T0-1  /W-F1-1  /T5-T0-1 /T5-F3-1 /T4-T3-2 /D:2     /W-F1-1  /T3-F1-1 /T5-F1-1 /W-T3-1  
/D:2     /W-F0-1  /D:1     /W-F3-1  /D:1     /W-F1-1  /T6-F1-1 /T0-F1-1 /T3-T0-5 /T3-T1-1 
/T3-T6-1 /T3-F3-1 /T5-T1-1 /T6-T5-2 /T6-F0-1 /T6-T3-1 /T0-F3-1 /T6-F0-1 /T5-F0-1 /T1-T5-2 
/T1-F1-1 /T2-F1-1 /W-T3-1  /W-F1-1  /W-F0-1  /W-F2-1  /W-F3-1  /W-F2-1  /T0-F2-1 /T0-F3-1 
/T5-F3-1 /T5-T1-2 /T5-F0-1 /T2-F0-1 /T0-T2-5 /T0-F1-1 /T1-T3-4 /T1-F0-1 /T0-F0-1 /T3-T1-5 
/T3-F1-1 /D:1     /W-F2-1  /T2-F2-1 /T1-F2-1 /T2-F3-1 /T1-F3-1 /T2-F2-1 /T1-F2-1 /T2-F3-1 
/T1-F3-1 /T2-F2-1 /T1-F2-1 /T2-F3-1 /T1-F3-1 /T2-F2-1 
"
1020302,K#Nj#UvO#Ybti#eXcaS#uFpLxA#mzdsWMZ#GICkoHQrlqhyTPgnRwJBDEfV,139.000000,1443.000000,48.000000,0.563953,1,"
minimal: 0 / states: 125 / duration: 0.000146s
history:
/T5-F0-1 /T1-T0-1 /T1-F3-1 /T2-F3-1 /T6-T1-1 /T2-T0-1 /T2-T0-1 /T6-T2-1 /T6-T5-1 /D:1     
/W-T0-1  /T4-T0-1 /T4-F1-1 /D:1     /W-T5-1  /D:3     /W-T4-1  /D:1     /W-T3-1  /D:2     
/W-T0-1  /W-T0-1  /D:1     /W-T2-1  /T5-T2-3 /T5-T1-1 /T5-T0-1 /W-T1-1  /D:2     /W-T2-1  
/D:2     /W-T3-1  /T6-T3-1 /D:1     /W-F3-1  /T0-T6-1 /T0-F3-1 /T6-T0-2 /D:2     /W-F2-1  
/T4-F2-1 /T0-F2-1 /D:1     /W-F3-1  /D:1     /W-T1-1  /T3-T1-4 /T3-T2-1 /T3-F1-1 /T4-F1-1 
/T0-T3-8 /T6-T0-1 /T3-F1-1 /T3-T0-8 /D:1     /W-T4-1  /D:1     /W-F0-1  /D:3     /W-T2-1  
/T0-T2-1 /T0-F3-1 /D:1     /W-T4-1  /R       /D:1     /W-F0-1  /D:1     /W-F2-1  /T2-F2-1 
/T1-F2-1 /T5-T1-1 /T2-T0-1 /T2-F2-1 /T5-F2-1 /D:1     /W-T6-1  /T4-T6-3 /T4-F1-1 /T0-F1-1 
/D:1     /W-F1-1  /T2-F1-1 /T0-T2-2 /T0-F2-1 /T1-T6-3 /T1-F1-1 /T0-F1-1 /T1-F2-1 /T1-F1-1 
/T2-T0-4 /T2-F2-1 /T2-F1-1 /T6-T1-6 /T6-F2-1 /T6-F1-1 /T0-T2-6 /T0-F2-1 /D:1     /W-F0-1  
/D:1     /W-F0-1  /T1-F0-1 /T1-F3-1 /T2-F0-1 /T1-F0-1 /T2-F3-1 /T1-F3-1 /T2-F0-1 /T1-F0-1 
/T2-F3-1 /T1-F3-1 /T2-F0-1 /T1-F0-1 /T2-F3-1 /T1-F3-1 /T2-F0-1 
"
1020331,O#qp#YEW#dKna#cVixz#smgTZP#XCQRlIt#ywJBSfhrDkFAGbMHoLUjeNvu,143.000000,3648.000000,61.000000,0.530612,1,"
minimal: 0 / states: 134 / duration: 0.000154s
history:
/T3-F1-1 /T3-F2-1 /T2-T3-1 /T0-T1-1 /T4-T0-1 /D:4     /W-T5-1  /D:1     /W-T6-1  /T2-T6-1 
/T4-T2-1 /T2-T0-2 /D:7     /W-F0-1  /T5-F0-1 /D:2     /W-F1-1  /D:1     /W-T2-1  /D:1     
/W-T4-1  /D:1     /W-F2-1  /D:3     /W-T0-1  /D:2     /W-F3-1  /T1-F3-1 /T1-F2-1 /T5-F3-1 
/T1-F2-1 /T5-T1-1 /T5-T4-1 /D:1     /W-T0-1  /D:1     /R       /D:1     /W-T1-1  /D:4     
/W-T0-1  /T6-T0-3 /T6-T3-1 /T6-T2-1 /T3-T2-3 /T3-T0-1 /D:1     /W-F2-1  /D:1     /W-T6-1  
/D:1     /W-T1-1  /D:1     /W-T4-1  /T6-T4-2 /T6-F3-1 /T6-F0-1 /T4-F0-1 /T4-F3-1 /D:3     
/W-T2-1  /D:1     /W-T4-1  /D:1     /R       /D:1     /W-T1-1  /T4-T1-5 /D:1     /W-T6-1  
/T4-T6-1 /T4-F1-1 /T0-F1-1 /T0-F0-1 /T0-F3-1 /T1-F1-1 /T1-F0-1 /T1-F3-1 /T5-T1-1 /T5-T3-1 
/T5-F2-1 /T0-F2-1 /T2-F3-1 /T6-F3-1 /D:1     /W-F1-1  /T1-F1-1 /T0-F1-1 /D:1     /W-F0-1  
/T1-F0-1 /T2-F0-1 /T1-F1-1 /T6-F0-1 /T2-F3-1 /T2-F0-1 /T6-F3-1 /T0-T2-3 /T0-F3-1 /T1-T3-3 
/T1-F3-1 /D:1     /W-F0-1  /T2-T0-4 /T2-F0-1 /D:1     /W-F2-1  /T0-F2-1 /T0-F1-1 /T3-F2-1 
/T0-F2-1 /T3-F1-1 /T0-F1-1 /T3-F2-1 /T0-F2-1 /T3-F1-1 
"
1020344,z#ET#DhJ#UePp#Qmjra#AFcsgy#dONHZWo#CMlvVGfbxiKRnBYXqkIuLSwt,115.500000,1347.000000,48.000000,0.622222,1,"
minimal: 0 / states: 120 / duration: 0.000134s
history:
/T4-F1-1 /D:3     /W-T0-1  /D:2     /W-T2-1  /D:3     /W-F1-1  /D:1     /W-T0-1  /D:4     
/W-F2-1  /T6-F2-1 /T3-F2-1 /T6-T0-1 /T5-T6-1 /D:1     /W-T3-1  /D:2     /W-T6-1  /T2-T6-2 
/D:1     /W-F2-1  /T4-F2-1 /D:2     /W-T0-1  /T2-T0-1 /T3-T2-2 /T2-T3-3 /T6-T2-5 /T5-T6-1 
/T5-F2-1 /T5-F1-1 /T6-T2-2 /T6-F3-1 /T6-F3-1 /T3-T5-4 /T5-T1-5 /T5-F0-1 /T1-F0-1 /T1-F3-1 
/T6-F1-1 /D:5     /W-F2-1  /R       /D:1     /W-F0-1  /T1-F0-1 /T1-F1-1 /D:1     /W-T5-1  
/D:1     /W-T4-1  /T3-T4-1 /D:1     /W-T0-1  /D:1     /W-F1-1  /T2-F1-1 /T1-T2-2 /T1-F0-1 
/T2-F0-1 /T0-F0-1 /T0-F1-1 /D:1     /W-F1-1  /D:3     /W-T5-1  /D:2     /W-F2-1  /T4-T0-1 
/T4-F2-1 /T4-F1-1 /T4-T1-1 /T4-F3-1 /W-F1-1  /W-F3-1  /T0-T5-4 /T0-F1-1 /T1-F1-1 /D:2     
/W-F3-1  /T2-F3-1 /T2-F0-1 /T5-F3-1 /T2-F3-1 /T5-F0-1 /T2-F0-1 /T5-F3-1 /T2-F3-1 /D:1     
/W-F2-1  /T5-F2-1 /T2-F2-1 /T0-F2-1 /T5-F3-1 /T2-F3-1 /R       /D:1     /W-F0-1  /D:1     
/W-F0-1  /T5-F0-1 
"
1020351,O#Fx#tQz#GTkR#eXmsj#uDaiAn#BINrvpq#dKHJlEhMLScWfZoVPUwgbYyC,151.500000,2551.000000,57.000000,0.516854,1,"
minimal: 0 / states: 132 / duration: 0.000148s
history:
/T5-F2-1 /T5-F0-1 /T6-T3-1 /T4-T1-1 /T3-T4-2 /T0-T6-1 /T2-T0-1 /T6-T2-2 /T6-T1-1 /T2-T6-3 
/D:3     /W-T5-1  /D:1     /W-T3-1  /T5-T3-2 /T5-F1-1 /D:1     /W-T0-1  /T1-T0-3 /D:2     
/W-T0-1  /T2-T0-1 /D:1     /W-T2-1  /D:2     /W-T0-1  /T6-T0-4 /T6-F3-1 /T0-F3-1 /D:1     
/W-T4-1  /D:4     /W-F2-1  /T0-F2-1 /T4-T5-1 /T4-F2-1 /T5-T4-2 /D:2     /W-F3-1  /T0-F3-1 
/T0-F2-1 /T4-T1-3 /T4-F2-1 /D:1     /W-T6-1  /D:2     /W-T3-1  /T1-T3-4 /T4-T1-1 /W-T4-1  
/W-T4-1  /T5-T4-1 /W-T5-1  /D:1     /W-F1-1  /T3-F1-1 /D:1     /W-T2-1  /D:1     /W-T1-1  
/T3-T1-8 /T3-T4-1 /T0-T3-1 /T0-F2-1 /T3-T0-2 /D:1     /R       /D:1     /W-F1-1  /D:1     
/W-T2-1  /D:1     /W-T0-1  /D:1     /W-T5-1  /T4-T5-5 /T4-F1-1 /D:1     /W-T2-1  /T6-T2-2 
/T6-F0-1 /D:1     /W-F1-1  /T1-T5-3 /T1-F1-1 /T0-T2-3 /T0-F1-1 /T5-T1-4 /T5-F2-1 /T0-F2-1 
/T1-T5-5 /T1-F1-1 /T0-F1-1 /T5-T1-6 /T5-F2-1 /T0-F2-1 /T1-T5-7 /T1-F1-1 /T0-F1-1 /T1-F2-1 
/T0-F2-1 /T1-F1-1 /D:1     /W-F0-1  /T5-F0-1 /T2-F0-1 /T5-F3-1 /T2-F3-1 /T5-F0-1 /T2-F0-1 
/T5-F3-1 /T2-F3-1 /T5-F0-1 /T2-F0-1 /T5-F3-1 /T2-F3-1 /T5-F0-1 /T2-F0-1 /T5-F3-1 /T2-F3-1 
/T5-F0-1 /T2-F0-1 /T5-F3-1 
"
1020353,h#Lj#DGg#pnli#bKwAz#feYIXP#TREkQyu#VsarHdFomSCqUMxZBcOWvJtN,131.500000,2461.000000,50.000000,0.560241,1,"
minimal: 0 / states: 131 / duration: 0.000138s
history:
/T6-T3-1  /T2-T3-1  /T2-T0-1  /T5-T2-1  /T5-T6-1  /T5-T1-1  /T5-T4-1  /T0-T1-2  /T4-T0-2  /T4-F0-1  
/T3-T4-3  /T4-T6-4  /T1-T4-4  /T4-T0-5  /T2-T5-2  /D:2      /W-T6-1   /T5-T6-3  /T5-T0-1  /D:1      
/W-F1-1   /T4-F1-1  /D:1      /W-T0-1   /D:2      /W-T0-1   /D:2      /W-T6-1   /D:1      /W-T2-1   
/T6-T2-11 /D:2      /W-T0-1   /D:3      /W-T4-1   /T3-T4-1  /T3-F2-1  /T2-F2-1  /T3-F2-1  /D:1      
/W-T4-1   /D:1      /W-T3-1   /T1-T3-1  /D:1      /W-F0-1   /T0-F0-1  /D:1      /W-F1-1   /T0-F1-1  
/T6-T0-1  /T6-T3-1  /D:2      /W-T4-1   /D:1      /W-T4-1   /D:1      /W-T3-1   /D:2      /W-F3-1   
/R        /D:1      /W-T3-1   /D:1      /W-T3-1   /D:3      /W-F2-1   /T0-T6-1  /T0-F2-1  /T6-T0-2  
/T2-T6-2  /T2-F1-1  /T6-T2-3  /T6-T3-1  /D:1      /W-T4-1   /D:1      /W-F3-1   /T2-F3-1  /T0-F3-1  
/T2-F0-1  /T0-F0-1  /T0-F1-1  /T2-F3-1  /T2-F2-1  /W-F3-1   /W-F0-1   /T0-F0-1  /T2-F1-1  /T3-F3-1  
/T3-F0-1  /T0-F1-1  /T0-F0-1  /T4-F3-1  /T3-F3-1  /T3-F0-1  /T4-T0-1  /T4-F3-1  /T0-T4-2  /T0-F0-1  
/T2-T3-3  /T2-F3-1  /T0-F3-1  /T3-T2-4  /T3-F0-1  /T3-F3-1  /T4-T0-4  /T4-F0-1  /D:1      /W-F2-1   
/T2-F2-1  /T0-F2-1  /T2-F1-1  /T0-F1-1  /T2-F2-1  /T0-F2-1  /T2-F1-1  /T0-F1-1  /T2-F2-1  /T0-F2-1  
/T2-F1-1  
"
1020375,N#Zt#KFn#vEmC#LXIOa#GhHzgw#jVsPcue#WRyMfqUSQodkpTibDxrBAYlJ,155.000000,2370.000000,43.000000,0.747619,1,"
minimal: 0 / states: 112 / duration: 0.000146s
history:
/T0-F3-1 /T2-F2-1 /T4-F1-1 /T4-F3-1 /T6-T2-1 /D:4     /W-T0-1  /D:1     /W-T1-1  /D:1     
/W-T2-1  /D:1     /W-T4-1  /T1-T4-2 /W-T1-1  /D:3     /W-F2-1  /D:2     /W-T1-1  /T5-T1-1 
/T5-T6-1 /T2-T6-3 /D:1     /W-F2-1  /T6-F2-1 /D:2     /W-T1-1  /T6-T1-4 /F2-T1-1 /T6-T1-1 
/T6-F3-1 /D:1     /W-F1-1  /T1-F1-1 /T1-F2-1 /D:1     /W-T1-1  /D:2     /W-F2-1  /T6-F2-1 
/D:2     /W-F0-1  /W-F0-1  /T3-F0-1 /T1-F0-1 /D:1     /W-T0-1  /T2-T0-1 /T5-T2-1 /T5-T6-1 
/D:1     /W-T2-1  /W-T2-1  /W-T6-1  /W-F1-1  /T1-F1-1 /W-F3-1  /T4-F1-1 /T4-F2-1 /T1-T6-1 
/T1-F1-1 /T5-F1-1 /T5-T4-1 /T3-T5-1 /T3-F0-1 /T1-F2-1 /T1-F1-1 /T6-T1-4 /T4-T6-3 /T1-F0-1 
/T3-F2-1 /T6-F0-1 /T6-T0-3 /D:1     /W-T4-1  /T1-T4-3 /T1-F2-1 /T2-F2-1 /R       /D:2     
/W-F3-1  /D:1     /W-F3-1  /T4-F3-1 /T0-F3-1 /T4-F0-1 /T0-F0-1 /T0-F1-1 /T4-F3-1 /T4-F0-1 
/T1-F1-1 /W-F3-1  /T0-F0-1 /T2-F1-1 /T4-F3-1 /T0-F3-1 /T1-F2-1 /T2-F2-1 /T4-F0-1 /T0-F0-1 
/T1-F3-1 /T5-F1-1 
"
1020404,u#SM#hXN#YHeT#WcrBC#vzLpOl#kJVRtQx#AbdfPwgKsjDmGaiZUnqFoyIE,149.500000,1336.000000,45.000000,0.625000,1,"
minimal: 0 / states: 125 / duration: 0.000146s
history:
/T2-F3-1 /T6-T5-1 /T5-T1-2 /T5-F3-1 /T4-T6-1 /T3-T0-1 /D:1     /W-F0-1  /T4-F0-1 /T6-T4-2 
/T4-F0-1 /T5-T4-1 /T2-T5-1 /T6-T2-1 /D:1     /W-T4-1  /D:2     /W-T2-1  /T4-T2-4 /D:1     
/W-F3-1  /D:1     /W-T5-1  /D:3     /W-T0-1  /T6-T0-1 /T6-T5-1 /T0-T5-4 /T1-T0-3 /D:1     
/W-T0-1  /D:1     /W-T3-1  /T4-T3-1 /D:3     /W-F1-1  /T2-F1-1 /T3-F1-1 /T3-F0-1 /D:1     
/W-T6-1  /D:3     /W-F2-1  /D:1     /W-T3-1  /D:2     /W-F2-1  /T2-F2-1 /T2-F3-1 /T3-F2-1 
/T5-F3-1 /T3-T5-1 /T3-T6-1 /T1-F3-1 /T2-F2-1 /D:2     /W-T0-1  /T2-T0-3 /D:1     /W-F0-1  
/R       /D:1     /W-F1-1  /T5-F1-1 /T0-F1-1 /T5-F2-1 /T0-F2-1 /T5-F3-1 /T5-F2-1 /D:1     
/W-F1-1  /T0-F1-1 /T6-T5-1 /T6-F1-1 /T0-T4-1 /T0-F1-1 /T4-T0-2 /D:1     /W-T3-1  /D:1     
/W-T1-1  /T5-T1-5 /T5-T2-1 /T5-F2-1 /T1-T6-2 /T1-F2-1 /T6-T1-3 /T6-F1-1 /T0-T3-2 /T0-F2-1 
/T0-F1-1 /T3-T0-4 /D:2     /W-T3-1  /T1-T3-5 /T1-F1-1 /D:1     /W-F3-1  /D:1     /W-F0-1  
/W-F0-1  /T3-F0-1 /T0-F0-1 /T3-F3-1 /T0-F3-1 /T3-F0-1 /T0-F0-1 /T3-F3-1 /T0-F3-1 /T3-F0-1 
/T0-F0-1 /T3-F3-1 /D:1     /W-F2-1  /T2-F2-1 
"
1020438,X#QL#VRE#wUiO#yYWFx#aduBjD#treSqzc#ZJTkMAGKolmvbhNgCnsIfpPH,143.000000,4015.000000,50.000000,0.578947,1,"
minimal: 0 / states: 130 / duration: 0.000150s
history:
/T6-T5-1 /T0-T1-1 /T6-T0-1 /D:2     /W-T1-1  /D:4     /W-F0-1  /D:3     /W-T5-1  /D:1     
/W-T0-1  /T4-T0-1 /D:5     /W-F3-1  /T3-F3-1 /T3-T1-1 /D:3     /W-F2-1  /T5-F2-1 /D:4     
/W-F2-1  /T6-F2-1 /T2-T6-1 /T5-T2-2 /T5-T0-1 /T5-F0-1 /T5-T1-1 /T2-T4-3 /T5-T6-1 /T5-F1-1 
/D:1     /W-F3-1  /D:1     /W-T2-1  /R       /D:1     /W-T5-1  /T1-T5-5 /T1-F3-1 /D:1     
/W-T2-1  /T4-T2-4 /D:2     /W-T1-1  /D:1     /W-T3-1  /T6-T3-3 /T2-T6-2 /T2-F3-1 /T6-T2-3 
/T6-F2-1 /D:3     /W-T0-1  /T3-T0-5 /T2-T3-7 /W-T2-1  /D:1     /W-F1-1  /T3-F1-1 /T0-F1-1 
/D:2     /W-T5-1  /D:1     /W-F0-1  /T3-F0-1 /T0-F0-1 /T0-F3-1 /T3-F1-1 /T3-F0-1 /T0-F0-1 
/T3-F3-1 /T0-F3-1 /T3-F0-1 /T3-F3-1 /T4-F3-1 /T4-T1-1 /W-T0-1  /W-T1-1  /W-T4-1  /T5-T4-4 
/T5-F3-1 /T4-T2-6 /T6-T0-1 /D:1     /W-F2-1  /T0-F2-1 /D:1     /W-F0-1  /T2-T3-3 /T2-F0-1 
/T1-F0-1 /T1-F3-1 /T5-F0-1 /T1-F0-1 /T5-F3-1 /T3-T2-4 /D:1     /W-F1-1  /T2-F1-1 /T0-F1-1 
/T2-F2-1 /T0-F2-1 /T2-F1-1 /T0-F1-1 /T2-F2-1 /T0-F2-1 /T2-F1-1 /T0-F1-1 /T2-F2-1 /T0-F2-1 
/T2-F1-1 
"
1020458,b#Kh#cXj#AVRy#grima#OGDYpl#BtqNnHs#TIQfJEZvPLSkFWUxdCezwuMo,142.500000,4560.000000,60.000000,0.520833,1,"
minimal: 0 / states: 138 / duration: 0.000150s
history:
/T4-F1-1 /T0-F1-1 /T3-T4-1 /T4-T0-2 /T3-T6-1 /D:2     /W-T2-1  /T1-T2-1 /T2-T1-3 /T2-T0-1 
/T2-F1-1 /T1-T5-4 /D:3     /W-T0-1  /T4-T0-1 /D:2     /W-T1-1  /D:3     /W-T1-1  /D:2     
/W-T1-1  /D:5     /W-F1-1  /D:2     /W-F1-1  /D:1     /W-T2-1  /T5-T2-5 /D:1     /W-T1-1  
/T3-T1-1 /T3-F0-1 /D:1     /W-T0-1  /D:1     /W-T3-1  /D:1     /R       /D:1     /W-T0-1  
/T6-T0-2 /T6-T1-1 /T6-F2-1 /T6-F3-1 /T6-T0-1 /T6-T2-1 /T6-F0-1 /D:1     /W-T4-1  /T5-T4-1 
/T5-T3-1 /D:1     /W-T2-1  /T4-T2-3 /T4-T1-1 /D:3     /W-T0-1  /D:2     /W-T1-1  /F1-T1-1 
/T5-T1-1 /W-T5-1  /D:3     /W-T3-1  /D:1     /W-F0-1  /T1-F0-1 /T1-F1-1 /T2-T5-3 /T2-F1-1 
/D:1     /W-F2-1  /T5-F2-1 /R       /D:1     /W-F0-1  /T1-F0-1 /T5-T2-3 /T5-F0-1 /T5-F3-1 
/T0-F3-1 /T0-F2-1 /T2-F3-1 /T0-F3-1 /T2-F2-1 /T0-F2-1 /T1-F1-1 /T2-F3-1 /T0-F3-1 /T1-F0-1 
/T2-F2-1 /T0-F2-1 /T2-F1-1 /T0-F1-1 /T2-F0-1 /T0-F0-1 /T2-F1-1 /T2-F0-1 /T1-T0-2 /T1-F1-1 
/T1-F0-1 /T2-F1-1 /T0-T1-4 /T0-F1-1 /T3-T2-2 /T3-F0-1 /D:1     /W-F2-1  /D:1     /W-T2-1  
/D:1     /W-F3-1  /T1-F3-1 /T1-F2-1 /T2-F3-1 /T1-F3-1 /T2-F2-1 /T1-F2-1 /T2-F3-1 /T1-F3-1 
/T2-F2-1 
"
1020518,g#hz#Rij#nBAE#vbPqx#tVeowZ#FOCDWfX#YNHQMkTpGlJrycKSUIdusLam,130.500000,1642.000000,56.000000,0.530120,1,"
minimal: 0 / states: 135 / duration: 0.000152s
history:
/T2-T4-1 /D:1     /W-T1-1  /T4-T1-2 /D:1     /W-F3-1  /D:1     /W-T2-1  /T0-T2-1 /T5-T0-1 
/T5-T6-1 /T2-T6-3 /T4-T2-1 /T5-T4-1 /T4-T2-2 /D:1     /W-T3-1  /D:4     /W-T3-1  /T4-T3-1 
/T4-T1-1 /T1-T4-5 /T1-T4-1 /D:1     /W-T4-1  /D:4     /W-T0-1  /T6-T0-5 /T6-T4-1 /T3-T4-4 
/T3-F0-1 /T3-F0-1 /T3-F2-1 /T2-F2-1 /D:5     /W-T6-1  /W-T6-1  /D:3     /W-T0-1  /T5-T0-1 
/W-T5-1  /D:2     /W-F1-1  /T4-F1-1 /T4-F2-1 /D:1     /W-T1-1  /W-T1-1  /R       /D:1     
/W-T3-1  /D:1     /W-T1-1  /D:1     /W-T5-1  /D:1     /W-T3-1  /D:1     /W-T1-1  /T5-T1-3 
/T5-T6-1 /D:2     /W-F1-1  /D:1     /W-T3-1  /T6-T3-4 /T6-T0-1 /T6-F0-1 /T6-F3-1 /T2-F3-1 
/T0-F0-1 /T2-F2-1 /T4-F3-1 /T2-F3-1 /T4-F0-1 /T6-F0-1 /W-F2-1  /T4-T3-1 /T4-F0-1 /D:1     
/W-F3-1  /T1-F3-1 /T0-T1-3 /T0-F0-1 /T3-T4-2 /T3-F3-1 /T3-F0-1 /T1-T0-4 /T1-F3-1 /T1-F0-1 
/T3-F3-1 /T3-F0-1 /T0-T1-6 /T0-F3-1 /T1-T0-7 /T1-F0-1 /T4-T3-6 /T4-F3-1 /T0-T1-8 /T0-F3-1 
/T3-T4-7 /T3-F0-1 /D:1     /W-F1-1  /T1-F1-1 /T1-F2-1 /T4-F1-1 /T1-F1-1 /T4-F2-1 /T1-F2-1 
/T4-F1-1 /T1-F1-1 /T4-F2-1 /T1-F2-1 /T4-F1-1 /T1-F1-1 /T4-F2-1 /T1-F2-1 /T4-F1-1 /T1-F1-1 
/T4-F2-1 
"
1020573,B#oy#CSN#YDIe#wkVdm#QaAcnq#jWPhMJO#GfgZUTErsiblLxHvupFztKRX,91.000000,1004.000000,33.000000,0.766129,1,"
minimal: 0 / states: 118 / duration: 0.000129s
history:
/T2-F3-1 /T6-F3-1 /T5-T3-1 /T5-F2-1 /T5-T3-1 /T5-F0-1 /T0-F0-1 /T5-F1-1 /T4-T0-1 /T1-T0-1 
/T1-F2-1 /D:4     /W-T1-1  /D:3     /W-T2-1  /T4-T2-1 /T4-T6-1 /T6-T4-2 /T4-T0-3 /D:3     
/W-T4-1  /D:1     /W-F1-1  /T3-F1-1 /T2-F1-1 /T5-T2-1 /T6-T5-1 /D:1     /W-T5-1  /D:1     
/W-T1-1  /D:1     /W-T5-1  /D:1     /W-T0-1  /D:2     /W-T4-1  /D:1     /W-F2-1  /T3-F2-1 
/T3-F1-1 /T6-T3-1 /T6-F3-1 /T3-T6-2 /T6-T5-3 /T2-F3-1 /W-T6-1  /D:3     /W-T5-1  /T2-T5-2 
/T2-F0-1 /T3-F0-1 /T5-F0-1 /W-T2-1  /W-F0-1  /T3-T2-1 /D:1     /W-T2-1  /T6-T2-2 /D:1     
/W-F3-1  /T5-F3-1 /D:1     /W-T1-1  /T4-T1-3 /R       /D:1     /W-F0-1  /T0-F0-1 /T5-T2-2 
/T5-F0-1 /D:1     /W-F1-1  /D:1     /W-F1-1  /D:2     /W-F3-1  /W-F3-1  /T0-F3-1 /T0-F0-1 
/T5-F3-1 /T1-T0-3 /T1-F3-1 /T2-T5-4 /T2-F0-1 /T1-F0-1 /T2-F3-1 /T1-F3-1 /T5-T2-6 /T5-F0-1 
/D:1     /W-F2-1  /D:1     /W-F2-1  /T2-F2-1 /T0-F2-1 /T2-F1-1 /T0-F1-1 /T2-F2-1 /T0-F2-1 
/T2-F1-1 /T0-F1-1 /T2-F2-1 /T0-F2-1 /T2-F1-1 /T0-F1-1 /T2-F2-1 
"
1020595,X#Be#LDo#qrGA#ChuTa#SnyvKb#QixdOlP#JgskWIwfzjmcHVFpRtEZNMYU,139.000000,1956.000000,58.000000,0.561111,1,"
minimal: 0 / states: 123 / duration: 0.000154s
history:
/T3-F0-1 /T4-F1-1 /T5-F1-1 /T2-T6-1 /T6-T2-2 /T5-T6-1 /T2-T1-3 /T0-T2-1 /D:1     /W-T2-1  
/D:2     /W-T4-1  /T1-T4-4 /T1-F0-1 /D:2     /W-T6-1  /T5-T6-1 /W-T5-1  /D:2     /W-T5-1  
/D:1     /W-T3-1  /D:1     /W-T0-1  /T6-T0-4 /D:2     /W-T1-1  /T5-T1-3 /T5-F2-1 /T4-F2-1 
/D:1     /W-F1-1  /D:2     /W-T1-1  /W-T1-1  /T4-T1-5 /D:2     /W-F2-1  /D:3     /W-T3-1  
/D:2     /W-F3-1  /T6-F3-1 /T1-F3-1 /T6-F1-1 /D:3     /W-T0-1  /T3-T0-3 /T3-T5-1 /T3-F2-1 
/T5-F2-1 /R       /D:1     /W-T4-1  /D:2     /W-T6-1  /W-T6-1  /D:1     /W-T4-1  /T1-T4-2 
/T1-F2-1 /D:2     /W-F2-1  /D:1     /W-T3-1  /T2-T3-3 /D:1     /W-T2-1  /D:1     /W-T2-1  
/T6-T2-3 /T4-T6-5 /T4-T2-1 /T4-F0-1 /T6-F0-1 /T6-F1-1 /T6-T3-4 /T6-F3-1 /T0-F0-1 /T0-F1-1 
/W-F3-1  /T3-F0-1 /T3-F1-1 /T5-F3-1 /T0-F0-1 /T1-F3-1 /T0-F3-1 /T1-F0-1 /T2-F1-1 /T2-F0-1 
/T3-F2-1 /T0-F2-1 /T1-F3-1 /T0-F3-1 /T3-F1-1 /T1-F2-1 /T2-F1-1 /T2-F2-1 /T3-F0-1 /T0-F0-1 
/T1-F1-1 /T0-F1-1 /T3-F3-1 /T1-F2-1 /T2-F3-1 /T0-F2-1 /T3-F0-1 /T1-F1-1 /T2-F0-1 /T3-F3-1 
"
1020617,z#fA#wxY#EjGr#PLgQM#IHRdeb#qpOSlvm#KuyFThDWsaVNinXkotUcCJZB,112.500000,1563.000000,39.000000,0.635714,1,"
minimal: 0 / states: 126 / duration: 0.000138s
history:
/T1-F0-1 /T3-T1-1 /T2-T0-1 /T2-T0-1 /T1-T3-2 /T6-T1-1 /D:3     /W-T1-1  /D:3     /W-T6-1  
/T3-T6-3 /T6-T3-5 /T6-T4-1 /T3-T0-6 /T3-T6-1 /T4-T3-2 /T4-T0-1 /D:3     /W-T4-1  /D:1     
/W-F1-1  /T5-F1-1 /T5-T4-1 /T5-T6-1 /D:1     /W-T2-1  /D:1     /W-F3-1  /D:2     /W-F2-1  
/D:1     /W-T1-1  /T2-T1-2 /D:2     /W-F2-1  /D:3     /W-F1-1  /T6-F1-1 /T4-F1-1 /T5-T4-1 
/T4-T5-3 /T5-T1-4 /W-T5-1  /W-T5-1  /T6-T5-2 /T6-F3-1 /T6-F2-1 /T6-F2-1 /T0-T5-1 /T0-F2-1 
/T0-F1-1 /W-T4-1  /D:1     /W-T5-1  /D:1     /W-T4-1  /W-T4-1  /D:1     /W-T2-1  /T4-T2-4 
/T4-F3-1 /D:1     /W-F0-1  /T5-F0-1 /T5-F3-1 /T1-F3-1 /T1-F2-1 /T1-F1-1 /T5-T0-2 /T5-F2-1 
/T0-T5-3 /T0-F1-1 /T2-F1-1 /R       /D:1     /W-T3-1  /D:1     /W-F2-1  /T0-F2-1 /T0-F1-1 
/T1-T2-2 /T1-F2-1 /T0-F2-1 /T2-T1-3 /T2-F1-1 /T1-T2-4 /T1-F2-1 /T3-T0-1 /T3-F1-1 /T1-F1-1 
/T0-T3-2 /T0-F2-1 /D:2     /W-T2-1  /W-T2-1  /D:1     /W-F0-1  /T5-F0-1 /T2-F0-1 /T5-F3-1 
/T2-F3-1 /T5-F0-1 /T2-F0-1 /T5-F3-1 /T2-F3-1 /T5-F0-1 /T2-F0-1 /T3-F0-1 /D:1     /W-F3-1  
/T2-F3-1 /T2-F0-1 /T3-F3-1 /T2-F3-1 /T3-F0-1 
"
1020707,L#ic#IQa#BRhZ#qeSKY#EOjnDf#CsMGtWk#VxHPmyUNlTzpubFrvoJdwgAX,113.000000,1416.000000,50.000000,0.573171,1,"
minimal: 0 / states: 122 / duration: 0.000148s
history:
/T2-F1-1  /T6-T0-1  /T0-T3-2  /T3-T0-3  /D:2      /W-T4-1   /T6-T4-1  /T5-T6-1  /T6-T3-2  /T1-T5-1  
/D:1      /W-T1-1   /D:5      /W-F3-1   /D:2      /W-T1-1   /D:2      /W-T2-1   /D:2      /W-F1-1   
/T5-F1-1  /D:1      /W-T1-1   /D:1      /W-T3-1   /T2-T3-2  /T3-T2-6  /T5-T3-1  /T5-F2-1  /T3-T1-2  
/T2-T4-7  /D:1      /W-T5-1   /D:1      /W-F2-1   /T4-F2-1  /D:1      /W-T0-1   /T1-T0-6  /D:1      
/W-F1-1   /D:3      /W-F0-1   /T3-F0-1  /D:1      /R        /D:2      /W-T0-1   /D:1      /W-T1-1   
/D:1      /W-T1-1   /D:1      /W-T5-1   /T6-T5-1  /T4-T6-9  /T5-T4-4  /T5-F3-1  /T0-F3-1  /T6-T2-10 
/T2-F3-1  /D:2      /W-T3-1   /W-T3-1   /T4-T3-5  /T4-T3-1  /T4-F1-1  /T4-F2-1  /T2-F2-1  /T6-F2-1  
/T6-F0-1  /T0-F0-1  /T0-F3-1  /T5-F0-1  /T0-F0-1  /T2-F1-1  /T3-F3-1  /T0-F3-1  /T2-F2-1  /T3-F0-1  
/T3-F3-1  /T0-F0-1  /W-F3-1   /T2-T3-1  /T2-F0-1  /T2-F3-1  /D:1      /W-F2-1   /D:2      /W-F1-1   
/T3-F1-1  /T0-F1-1  /T0-F0-1  /T3-F2-1  /T3-F1-1  /T3-F0-1  /W-F2-1   /T0-F1-1  /T2-F2-1  /T3-F1-1  
/T0-F0-1  /T1-F2-1  /T1-F1-1  /T3-F2-1  /D:1      /W-F3-1   /T2-F3-1  /T0-F3-1  /T2-F0-1  
"
1020708,x#mk#pSO#cCLs#IjJwT#RtqEiu#GvfZBVn#dXrUHNPAKgoWheaylMYDbzFQ,137.000000,1174.000000,37.000000,0.666667,1,"
minimal: 0 / states: 117 / duration: 0.000138s
history:
/T6-F2-1 /T5-T6-1 /T4-T6-1 /T6-T4-3 /T3-T4-1 /T4-T1-5 /T5-T4-1 /T1-T3-6 /T3-T1-7 /T2-T3-1 
/T5-T2-1 /D:1     /W-T2-1  /T3-T2-2 /T6-T3-1 /T3-T5-2 /T6-T3-1 /D:2     /W-T6-1  /D:2     
/W-T4-1  /D:1     /W-F3-1  /T2-F3-1 /D:1     /W-F3-1  /D:1     /W-F0-1  /T5-F0-1 /T2-F0-1 
/D:2     /W-T4-1  /D:1     /W-F2-1  /D:1     /W-T0-1  /D:2     /W-T1-1  /T5-T1-2 /T6-T5-2 
/T6-T0-1 /T2-T6-3 /W-T0-1  /T5-T0-3 /T2-F2-1 /D:1     /W-F1-1  /D:1     /W-T3-1  /D:2     
/W-T2-1  /W-T2-1  /W-T2-1  /D:2     /W-F0-1  /T6-T0-1 /T6-F0-1 /D:1     /W-F1-1  /T1-F1-1 
/T0-F1-1 /T1-F2-1 /T1-F1-1 /T0-F2-1 /T0-F1-1 /T1-F2-1 /T0-F2-1 /T4-F1-1 /T0-F1-1 /T1-T4-1 
/T1-F2-1 /T0-F2-1 /T4-T1-2 /T4-F1-1 /T1-T4-3 /T1-F2-1 /T4-T1-4 /T4-F1-1 /T0-T2-1 /T0-F2-1 
/T3-F2-1 /T4-T2-1 /D:1     /W-F2-1  /D:1     /W-F0-1  /D:1     /W-F3-1  /T5-F3-1 /T6-F3-1 
/T1-F3-1 /T6-F0-1 /T1-F0-1 /T2-F0-1 /R       /D:2     /W-F3-1  /T1-F3-1 /T1-F0-1 /T1-F1-1 
/T2-F3-1 /T2-F0-1 /T2-F1-1 /W-F3-1  /T1-F0-1 /T1-F1-1 /T2-F0-1 /D:1     /W-F3-1  /T3-F3-1 
"
1020722,L#vA#iPV#TOMH#FusQb#lGYnJh#zStKBec#awgZkxfrUpCEWmyNjqdXIDRo,132.500000,2562.000000,38.000000,0.697368,1,"
minimal: 0 / states: 118 / duration: 0.000137s
history:
/T1-F0-1  /T5-T1-1  /T3-T2-1  /T2-T5-2  /D:1      /W-F1-1   /T4-F1-1  /T6-F1-1  /D:2      /W-T5-1   
/D:2      /W-T0-1   /T5-T0-4  /T5-F2-1  /T5-T3-1  /T5-T1-1  /D:1      /W-T3-1   /D:1      /W-T1-1   
/D:1      /W-T1-1   /T4-T1-1  /T6-T4-1  /T6-F0-1  /T6-T5-1  /T4-T0-2  /D:2      /W-T1-1   /D:1      
/W-F0-1   /D:2      /W-T3-1   /T1-T3-7  /T3-T1-11 /T3-T1-1  /T3-T4-1  /D:1      /W-T3-1   /T0-T3-8  
/D:2      /W-F3-1   /T1-F3-1  /T2-F3-1  /T4-T2-2  /T4-T2-1  /D:1      /W-T5-1   /D:1      /W-T3-1   
/D:1      /W-F1-1   /D:2      /W-T5-1   /D:1      /W-F0-1   /D:1      /W-T2-1   /T3-T2-1  /T3-F1-1  
/D:1      /W-F2-1   /T1-F2-1  /T1-F3-1  /T2-F2-1  /T1-F2-1  /T2-F3-1  /T3-F2-1  /T6-F2-1  /T6-F3-1  
/T1-F1-1  /T3-F1-1  /T2-T3-2  /T2-F2-1  /T1-T5-2  /T1-F2-1  /T5-T6-6  /R        /D:1      /W-F2-1   
/D:1      /W-T0-1   /D:2      /W-F0-1   /T3-F0-1  /T3-F3-1  /T6-F0-1  /T3-F0-1  /T6-F1-1  /T2-F1-1  
/W-F3-1   /T3-F3-1  /T6-F0-1  /T1-F3-1  /T3-F0-1  /T6-F1-1  /T1-F2-1  /T3-F1-1  /T6-F0-1  /T6-F1-1  
/T3-F0-1  /T3-F1-1  /T1-T6-1  /T1-F0-1  /D:1      /W-F2-1   /D:1      /W-F3-1   /T6-F3-1  /T0-F3-1  
/T6-F2-1  
"
1020728,k#JR#mvy#MTOE#USQYq#WBcaAj#dHpDnPw#KGieVruflFoXgxbtIzsChZNL,117.000000,1638.000000,39.000000,0.717949,1,"
minimal: 0 / states: 122 / duration: 0.000144s
history:
/T6-T0-1 /T6-T4-1 /T6-F2-1 /T4-T1-2 /T0-T2-2 /D:1     /W-T4-1  /T5-T4-1 /T5-F0-1 /T5-F1-1 
/T5-T6-1 /T5-F0-1 /D:2     /W-T2-1  /D:4     /W-T2-1  /D:4     /W-F2-1  /D:2     /W-T2-1  
/D:2     /W-F1-1  /T6-F1-1 /D:2     /W-T4-1  /D:1     /W-T0-1  /T4-T0-4 /T4-T3-1 /T3-T4-2 
/D:1     /W-T2-1  /T1-T2-3 /D:1     /W-T4-1  /T3-T4-1 /D:1     /W-T0-1  /W-T0-1  /T4-T0-5 
/D:2     /W-F3-1  /T0-F3-1 /T0-F0-1 /T2-F3-1 /T6-F0-1 /T6-F2-1 /T0-F3-1 /T2-F2-1 /T2-F3-1 
/T3-T6-1 /T0-F0-1 /T0-F3-1 /T6-F3-1 /T4-F3-1 /W-T4-1  /T2-T4-7 /T2-T5-1 /D:1     /W-T2-1  
/R       /D:2     /W-T4-1  /D:1     /W-T1-1  /T6-T1-1 /T6-F1-1 /T4-F1-1 /D:1     /W-F2-1  
/T4-F2-1 /T0-F2-1 /T4-T1-1 /T4-F2-1 /T5-F2-1 /T1-T4-2 /T1-F3-1 /T5-F3-1 /T4-T1-3 /T4-F2-1 
/W-T0-1  /T1-T4-4 /D:1     /W-F1-1  /T4-F1-1 /D:1     /W-T3-1  /D:1     /W-F0-1  /T0-F0-1 
/T0-F1-1 /T4-F0-1 /T0-F0-1 /T4-F1-1 /T0-F1-1 /T4-F0-1 /T0-F0-1 /T4-F1-1 /T2-F0-1 /T3-F1-1 
/T2-F1-1 /T3-F0-1 /D:1     /W-F3-1  /T0-F3-1 /D:1     /W-F2-1  /T4-F2-1 /T0-F2-1 /T4-F3-1 
"
1020752,C#DM#FiW#rZau#JHQvh#UjBcEb#eOYnzwN#oplPgsVIKdLSkXmtfARqGTyx,141.000000,1583.000000,46.000000,0.646341,1,"
minimal: 0 / states: 125 / duration: 0.000154s
history:
/T6-F3-1 /T5-T0-1 /D:3     /W-T1-1  /D:2     /W-T3-1  /D:1     /W-T3-1  /D:1     /W-T6-1  
/T3-T6-3 /T3-F1-1 /T0-F1-1 /D:1     /W-T2-1  /T4-T2-1 /D:1     /W-T1-1  /T2-T1-3 /D:1     
/W-T5-1  /T0-T5-1 /T1-T0-6 /W-T1-1  /D:1     /W-T3-1  /D:2     /W-T3-1  /T6-T3-5 /D:3     
/W-T0-1  /D:1     /W-T0-1  /T5-T0-3 /T5-F1-1 /T5-T1-1 /T4-T5-1 /T0-T4-1 /T0-F1-1 /T4-T0-2 
/T4-T2-1 /T2-T4-2 /D:1     /W-F0-1  /T1-F0-1 /T0-F0-1 /D:1     /W-T2-1  /T1-T2-2 /T6-T1-1 
/T6-F2-1 /T6-T1-1 /T6-F3-1 /T6-T3-1 /T3-T6-9 /T2-F3-1 /T2-F0-1 /T0-F3-1 /T0-F0-1 /T2-F3-1 
/T2-F0-1 /T6-F1-1 /T0-F1-1 /W-T2-1  /D:2     /W-F0-1  /T4-F0-1 /T0-T5-2 /T0-F0-1 /D:2     
/W-T2-1  /D:1     /W-T1-1  /T5-T1-4 /R       /D:1     /W-F2-1  /D:1     /W-F2-1  /D:1     
/W-F3-1  /D:1     /W-T2-1  /T4-T2-2 /D:1     /W-F2-1  /T3-F2-1 /T6-F2-1 /T1-F2-1 /T6-F1-1 
/T1-F1-1 /T2-F1-1 /T2-F0-1 /T6-F2-1 /T1-F2-1 /T1-F1-1 /T0-T1-1 /T0-F0-1 /T6-T2-2 /T6-F1-1 
/T0-F1-1 /T6-F0-1 /T0-F0-1 /T2-T6-4 /T2-F1-1 /D:1     /W-F3-1  /T5-F3-1 /T6-F3-1 /T1-F3-1 
/T6-F2-1 /T1-F2-1 /T6-F3-1 /T1-F3-1 /T6-F2-1 /T1-F2-1 /T6-F3-1 
"
1020775,F#UZ#JPp#wiTI#vzxDW#COBVNf#mHtERld#qjLaGQohreyYncsMAkuKSgXb,146.000000,1412.000000,48.000000,0.612245,1,"
minimal: 0 / states: 121 / duration: 0.000145s
history:
/T3-T4-1 /T2-T6-1 /T0-T3-1 /T1-T0-1 /T1-T4-1 /D:3     /W-T0-1  /D:1     /W-F1-1  /D:1     
/W-T4-1  /T5-T4-1 /T5-F3-1 /D:2     /W-T2-1  /D:2     /W-T4-1  /T6-T4-2 /D:1     /W-T3-1  
/D:3     /W-F2-1  /T2-F2-1 /T4-F2-1 /D:3     /W-T1-1  /T6-T1-1 /D:1     /W-F0-1  /D:1     
/W-T0-1  /D:1     /W-T5-1  /T3-T5-3 /D:1     /W-T1-1  /T4-T1-7 /T4-T5-1 /T2-T5-1 /T5-T2-7 
/T5-F0-1 /T5-F3-1 /T2-F3-1 /T5-F0-1 /T2-F0-1 /T2-T0-6 /D:4     /W-F1-1  /R       /D:1     
/W-F2-1  /D:1     /W-T4-1  /D:1     /W-F3-1  /T6-F3-1 /T6-F0-1 /D:4     /W-F1-1  /T1-F1-1 
/T0-F1-1 /T0-F0-1 /T1-F2-1 /T1-F1-1 /T1-F0-1 /T6-T1-1 /T6-F0-1 /D:1     /W-F2-1  /T1-F2-1 
/D:1     /W-F3-1  /T0-F3-1 /T1-F3-1 /T0-F2-1 /T0-F3-1 /T3-T0-1 /T1-F0-1 /T1-F3-1 /T0-T3-1 
/T0-F0-1 /T1-F0-1 /T4-T1-2 /T4-T2-1 /T4-F2-1 /W-T2-1  /W-T6-1  /T0-T6-1 /T0-F0-1 /T3-T6-2 
/D:1     /W-F1-1  /W-F1-1  /T6-F1-1 /T1-F1-1 /T6-F2-1 /T1-F2-1 /T6-F1-1 /T1-F1-1 /T1-F0-1 
/T6-F2-1 /T6-F1-1 /D:1     /W-F3-1  /T2-F3-1 /T0-F3-1 /T2-F2-1 
"
1020843,j#mO#ILA#kiXT#yDVca#gYpRKF#sftrMlu#deWPbnHZzJvwSoUhxGENQqCB,141.500000,2622.000000,44.000000,0.626316,1,"
minimal: 0 / states: 118 / duration: 0.000136s
history:
/T2-F0-1 /T4-F1-1 /T5-T3-1 /T3-T6-2 /T3-T2-1 /T6-T3-3 /T5-T6-1 /T5-T3-1 /T1-T5-1 /T2-T1-2 
/T0-T6-1 /T2-T6-1 /D:5     /W-F1-1  /T4-F1-1 /D:1     /W-F2-1  /D:1     /W-T4-1  /D:1     
/W-T0-1  /D:1     /W-T2-1  /T6-T2-4 /D:1     /W-T1-1  /T4-T1-2 /T4-T3-1 /T4-T0-1 /T6-T4-1 
/W-T3-1  /D:4     /W-F2-1  /D:1     /W-T2-1  /D:3     /W-T2-1  /D:2     /W-F3-1  /T5-F3-1 
/T5-F2-1 /T5-T4-1 /T3-F3-1 /T5-T1-1 /D:1     /W-F3-1  /D:1     /W-F2-1  /T6-F2-1 /D:2     
/W-F0-1  /W-F0-1  /T3-F0-1 /T3-F3-1 /W-F0-1  /T3-F0-1 /T2-F0-1 /T6-T2-1 /T6-T2-1 /T6-F2-1 
/W-T4-1  /R       /D:1     /W-F1-1  /D:1     /W-F1-1  /T2-F1-1 /T1-F1-1 /T1-F0-1 /T2-F2-1 
/D:1     /W-T4-1  /D:1     /W-T4-1  /T2-T4-1 /T2-F0-1 /D:2     /W-F3-1  /T3-F3-1 /T3-F2-1 
/T4-F3-1 /T1-F3-1 /T3-T1-1 /T4-F2-1 /T4-F3-1 /W-F2-1  /T4-F2-1 /T0-F2-1 /T1-T3-2 /T1-F3-1 
/T4-F3-1 /T0-F3-1 /T2-T4-3 /T2-F2-1 /T3-T1-3 /D:1     /W-F1-1  /T1-F1-1 /T1-F0-1 /T4-F1-1 
/T1-F1-1 /T4-F0-1 /T1-F0-1 /T4-F1-1 /T1-F1-1 /T4-F0-1 
"
1020867,H#Mz#BLF#wbkC#gsIid#jSRGcl#rYpXnOA#fQmDVtuaTyZWPUNqhKEvxJoe,122.500000,3786.000000,68.000000,0.495146,1,"
minimal: 0 / states: 140 / duration: 0.000162s
history:
/T6-F0-1  /T5-T1-1  /T6-T3-1  /T6-F2-1  /T3-T4-2  /D:8      /W-F1-1   /D:1      /W-T0-1   /T2-T0-1  
/T6-T2-1  /D:6      /W-F3-1   /T4-F3-1  /D:3      /W-T1-1   /D:4      /W-T2-1   /D:1      /W-F2-1   
/T6-F2-1  /W-T6-1   /D:1      /W-T0-1   /R        /D:4      /W-T0-1   /T5-T0-1  /D:1      /W-T2-1   
/T0-T2-6  /T1-T0-3  /T6-T1-2  /T4-T6-2  /D:2      /W-T4-1   /D:3      /W-T0-1   /D:1      /W-F3-1   
/D:2      /W-F2-1   /D:3      /W-T0-1   /R        /D:1      /W-T5-1   /T6-T5-3  /D:1      /W-F3-1   
/D:1      /W-T6-1   /T2-T6-10 /T2-F0-1  /T5-F0-1  /D:3      /W-T2-1   /W-T2-1   /T3-T2-1  /T3-F1-1  
/T6-F1-1  /T5-F1-1  /T5-F2-1  /T6-F0-1  /T6-F1-1  /T4-T3-2  /T5-F1-1  /T3-T2-3  /D:1      /W-T0-1   
/T5-T0-1  /T5-F3-1  /T5-F3-1  /T4-T5-1  /T4-F2-1  /W-F2-1   /T2-F2-1  /T4-F1-1  /T0-T5-2  /T0-F2-1  
/T5-T1-4  /D:1      /W-F1-1   /T2-F1-1  /T2-F2-1  /T1-T0-3  /T1-F1-1  /T1-F2-1  /T2-F1-1  /T2-F2-1  
/T0-T1-5  /T0-F1-1  /T0-F2-1  /T6-T2-7  /T6-F1-1  /D:1      /W-F0-1   /T2-F0-1  /T1-F0-1  /T2-F3-1  
/T1-F3-1  /T2-F0-1  /T1-F0-1  /T2-F3-1  /T1-F3-1  /T2-F0-1  /T1-F0-1  /T2-F3-1  /T1-F3-1  /T2-F0-1  
/T1-F0-1  /T2-F3-1  
"
1020993,J#mA#EYG#ocbH#siUOW#furMIR#TSvelqB#LgyVtnZDCjXxadphQFNzPKkw,115.500000,1272.000000,32.000000,0.750000,1,"
minimal: 0 / states: 101 / duration: 0.000121s
history:
/T1-F0-1 /T6-F0-1 /T6-T5-1 /D:1     /W-T1-1  /D:1     /W-T3-1  /D:2     /W-T0-1  /T3-T0-2 
/D:2     /W-F2-1  /D:3     /W-F0-1  /W-F0-1  /D:2     /W-T1-1  /T0-T1-4 /D:1     /W-T6-1  
/T4-T6-1 /D:1     /W-F1-1  /T3-F1-1 /T3-F1-1 /T3-F2-1 /D:1     /W-F1-1  /D:1     /W-F2-1  
/T5-F2-1 /D:3     /W-T1-1  /T5-T1-1 /T5-T6-1 /T6-T5-4 /T6-F1-1 /T5-T0-5 /T5-F2-1 /D:1     
/W-F3-1  /T4-F3-1 /T2-T4-1 /T4-T0-2 /T5-T4-1 /T5-F1-1 /D:1     /W-T3-1  /T2-T3-1 /T2-F0-1 
/D:1     /W-F3-1  /W-F3-1  /T1-F3-1 /T1-F0-1 /T0-F0-1 /T1-F1-1 /T1-F0-1 /W-F1-1  /T4-T1-1 
/T4-F1-1 /T4-F2-1 /W-F1-1  /T0-T6-1 /T0-F0-1 /T6-T0-2 /T6-F3-1 /T6-F3-1 /T0-F3-1 /W-T2-1  
/W-F2-1  /T1-F2-1 /T0-F2-1 /T1-F3-1 /T0-F3-1 /T1-F0-1 /T1-F3-1 /T3-F3-1 /T2-F3-1 /D:1     
/W-F0-1  /T1-F0-1 /T0-T3-2 /T0-F0-1 /W-T1-1  /D:1     /W-F1-1  /D:1     /W-F2-1  /T3-F2-1 
/T1-F2-1 /T3-F1-1 /T1-F1-1 /T3-F2-1 
"
1021032,E#Cr#jsn#RDKM#UITHp#PqyGdg#zJkmfoQ#VLhwSWaveObtZXYlciNuFxBA,125.000000,2851.000000,48.000000,0.612360,1,"
minimal: 0 / states: 124 / duration: 0.000150s
history:
/T2-F2-1 /T6-T0-1 /T6-F2-1 /T4-F2-1 /T5-T4-1 /T5-T1-1 /T6-T5-1 /T1-T5-2 /T2-T4-1 /T1-T0-1 
/T3-T1-1 /T2-T3-1 /T6-T2-1 /D:2     /W-T2-1  /T6-T2-1 /T6-T2-1 /W-T2-1  /T4-T2-3 /D:5     
/W-F1-1  /D:1     /W-T3-1  /D:1     /W-T2-1  /D:1     /W-T0-1  /D:1     /W-F1-1  /D:4     
/W-T1-1  /T3-T1-3 /T3-T2-1 /D:1     /W-T6-1  /D:1     /W-F1-1  /T5-F1-1 /T2-T3-1 /T2-F1-1 
/T3-T2-2 /D:2     /W-F3-1  /T0-F3-1 /D:2     /W-T4-1  /D:1     /W-T6-1  /D:2     /W-F0-1  
/W-F0-1  /T0-F0-1 /T2-F0-1 /T0-T5-1 /T0-F0-1 /T4-F0-1 /R       /D:1     /W-T1-1  /T5-T1-4 
/D:3     /W-T6-1  /D:2     /W-T0-1  /T5-T0-1 /T5-F2-1 /T5-F3-1 /T1-F3-1 /T1-F2-1 /T1-F1-1 
/T2-F3-1 /T2-F2-1 /T2-F1-1 /T4-T2-1 /T4-T6-1 /T1-F0-1 /T1-F1-1 /W-F2-1  /W-F3-1  /T2-F3-1 
/T2-F0-1 /T4-F3-1 /T6-F0-1 /T2-F3-1 /T2-F0-1 /T6-F3-1 /T1-T6-2 /T1-F0-1 /T2-T0-1 /T2-F0-1 
/W-T0-1  /D:1     /W-F3-1  /T1-F3-1 /T1-F0-1 /T0-T2-3 /T0-F3-1 /D:1     /W-F1-1  /D:1     
/W-F2-1  /T6-F2-1 /T2-F2-1 /T6-F1-1 /T2-F1-1 /T6-F2-1 /T2-F2-1 /T6-F1-1 /T2-F1-1 /T6-F2-1 
"
1021101,P#mM#vBV#pdJK#ShQcq#kyeIzN#GXotxjO#sCEZTiWHFwLalnbUrRDgAYuf,121.500000,2558.000000,45.000000,0.616883,1,"
minimal: 0 / states: 128 / duration: 0.000142s
history:
/T5-F3-1 /T6-F3-1 /T6-T3-1 /T0-T4-1 /T5-T0-1 /T5-T3-1 /T4-T5-2 /T5-F3-1 /T4-T5-1 /T4-F3-1 
/T4-T3-1 /D:3     /W-T4-1  /D:4     /W-T6-1  /D:1     /W-T2-1  /D:4     /W-F1-1  /D:1     
/W-T0-1  /T6-T0-2 /T6-T3-1 /T6-T5-1 /T4-T3-2 /T1-T4-1 /W-T1-1  /T6-T1-1 /W-T1-1  /T2-T1-2 
/D:1     /W-F2-1  /T5-F2-1 /T2-T5-1 /T2-T0-1 /D:1     /W-F1-1  /D:1     /W-T0-1  /T6-T0-1 
/D:2     /W-F3-1  /D:2     /W-T1-1  /D:1     /W-F0-1  /T5-F0-1 /T5-F1-1 /D:1     /W-T4-1  
/T3-T4-7 /D:2     /W-T0-1  /T4-T0-1 /T4-F3-1 /R       /D:1     /W-T1-1  /T5-T1-2 /D:1     
/W-F0-1  /D:1     /W-T2-1  /T5-T2-1 /T3-T5-1 /T3-F1-1 /T3-F2-1 /T1-F2-1 /T1-F1-1 /T5-T2-2 
/D:1     /W-F3-1  /D:1     /W-T2-1  /D:2     /W-F2-1  /T1-F2-1 /T4-F2-1 /T0-T4-3 /T0-F3-1 
/T1-T2-2 /T1-F3-1 /W-T2-1  /D:1     /W-F0-1  /T4-F0-1 /T2-F0-1 /T4-F1-1 /T2-F1-1 /T4-F0-1 
/T2-F0-1 /T4-F1-1 /T4-F0-1 /T2-F1-1 /T2-F0-1 /T4-F1-1 /T2-F1-1 /T4-F0-1 /T0-T4-3 /T0-F1-1 
/T1-T2-2 /T1-F0-1 /T1-F1-1 /T4-T0-4 /T4-F0-1 /D:1     /W-F2-1  /T0-F2-1 /T0-F3-1 /T2-F2-1 
/T0-F2-1 /T2-F3-1 /T0-F3-1 /T2-F2-1 /T0-F2-1 /T2-F3-1 
"
1021132,a#vx#hwp#DJlT#imgfY#UyHGjM#zOAIKdR#qFEQbXteSoZnsNkVcurPWCBL,128.000000,1982.000000,44.000000,0.594937,1,"
minimal: 0 / states: 122 / duration: 0.000140s
history:
/T0-F1-1 /T5-T0-1 /T4-T0-1 /T5-T1-1 /T4-T5-1 /T1-T0-2 /T1-T0-1 /D:1     /W-T6-1  /D:1     
/W-T3-1  /T6-T3-2 /T2-T6-1 /D:1     /W-T5-1  /T6-T5-2 /D:2     /W-F1-1  /D:6     /W-T1-1  
/D:1     /W-F2-1  /W-F2-1  /T5-F2-1 /T3-F2-1 /D:1     /W-T4-1  /D:1     /W-F3-1  /D:2     
/W-T2-1  /D:1     /W-F1-1  /T5-F1-1 /D:1     /W-T2-1  /T3-T2-3 /T6-T3-1 /D:1     /W-F2-1  
/T4-F2-1 /D:2     /W-T3-1  /T6-T3-1 /T6-F0-1 /T6-F3-1 /T3-T6-4 /W-F3-1  /D:2     /W-F0-1  
/W-F0-1  /D:1     /W-T1-1  /W-T1-1  /T2-T1-6 /T5-T2-3 /T4-T5-1 /T2-T0-4 /T4-T2-1 /T5-T4-2 
/T5-T2-1 /T4-T3-3 /T5-T6-1 /R       /D:1     /W-F3-1  /T1-F3-1 /D:1     /W-T2-1  /T3-T2-4 
/T3-F0-1 /T0-F0-1 /T1-F0-1 /D:1     /W-F2-1  /D:1     /W-F1-1  /T0-F1-1 /T2-F1-1 /T0-F0-1 
/T0-F1-1 /T2-F0-1 /T2-F1-1 /T6-T0-1 /T6-F0-1 /T2-F0-1 /T0-T6-2 /T0-F1-1 /T1-T2-4 /T1-F1-1 
/T6-T0-3 /T6-F0-1 /T1-F0-1 /T6-F1-1 /T0-T6-5 /T0-F0-1 /T2-T1-6 /T2-F1-1 /D:1     /W-F3-1  
/T1-F3-1 /T1-F2-1 /T6-F3-1 /T1-F3-1 /T6-F2-1 /T1-F2-1 /T6-F3-1 /T1-F3-1 /T6-F2-1 /T1-F2-1 
/T6-F3-1 /T1-F3-1 /T6-F2-1 
"
1021154,Y#Ta#sgk#rSHo#ANFCM#wbBZJx#WcKRlnI#PdEfqVjQihGmuDXeLvyztpOU,122.000000,2002.000000,58.000000,0.563953,1,"
minimal: 0 / states: 131 / duration: 0.000151s
history:
/T1-F1-1 /T5-T0-1 /T5-T2-1 /T0-T4-2 /T4-T0-3 /D:6     /W-T2-1  /D:1     /W-T0-1  /T6-T0-1 
/T6-F2-1 /T3-F2-1 /T3-T2-1 /T1-T2-1 /T5-T1-1 /D:3     /W-T0-1  /D:1     /W-T0-1  /T3-T0-1 
/T3-T0-1 /D:1     /W-T3-1  /D:5     /W-T1-1  /T2-T1-5 /D:2     /W-T3-1  /D:3     /W-F2-1  
/D:1     /W-T4-1  /D:1     /R       /D:2     /W-T0-1  /T4-T0-2 /T4-T1-1 /T4-F3-1 /T0-F3-1 
/T4-F0-1 /T5-F0-1 /T5-F1-1 /T0-F0-1 /W-F3-1  /D:3     /W-F2-1  /D:1     /W-F3-1  /D:1     
/W-T5-1  /D:1     /W-T5-1  /T2-T5-1 /T2-T5-1 /D:1     /W-F0-1  /D:1     /W-T3-1  /T5-T3-5 
/D:1     /W-T1-1  /D:2     /W-T2-1  /T6-T2-1 /T6-F3-1 /T6-T2-1 /T6-F1-1 /T0-F1-1 /T0-F2-1 
/T1-F1-1 /T3-F2-1 /T0-F3-1 /T1-T3-1 /T1-F3-1 /W-T6-1  /W-F1-1  /W-F0-1  /T3-F0-1 /T0-F0-1 
/T3-F1-1 /T1-F0-1 /T0-F1-1 /T0-F0-1 /T3-T1-1 /T3-F1-1 /T0-F1-1 /T1-T3-2 /T1-F0-1 /T1-F1-1 
/T2-F0-1 /T1-F0-1 /T2-F1-1 /T0-T2-2 /T0-F0-1 /T3-T1-5 /T3-F1-1 /T6-T2-2 /D:1     /W-F2-1  
/T1-F2-1 /T2-F2-1 /D:1     /W-F3-1  /T1-F3-1 /T1-F2-1 /T2-F3-1 /T1-F3-1 /T2-F2-1 /T1-F2-1 
/T2-F3-1 /T1-F3-1 /T2-F2-1 
"
1021163,h#st#liA#TZdP#FufOK#URQaeX#ovECVrn#SNLyMpGjHJkzxcDwBmIqWgbY,148.500000,2182.000000,65.000000,0.504808,1,"
minimal: 0 / states: 148 / duration: 0.000170s
history:
/T2-F0-1 /T6-F2-1 /T1-T0-1 /D:1     /W-T0-1  /T6-T0-1 /D:1     /W-F3-1  /D:6     /W-T4-1  
/D:1     /W-T2-1  /D:1     /W-T5-1  /T6-T5-1 /D:7     /W-F0-1  /T6-F0-1 /D:2     /W-T4-1  
/T0-T4-4 /W-T0-1  /D:3     /W-T2-1  /T1-T2-1 /D:2     /R       /D:1     /W-T0-1  /T5-T0-3 
/T5-T2-1 /T5-F1-1 /T5-T4-1 /D:2     /W-T1-1  /D:1     /W-T4-1  /D:6     /W-T2-1  /T3-T2-1 
/T3-T6-1 /D:2     /W-T5-1  /T2-T5-1 /T2-F0-1 /D:2     /W-F1-1  /D:1     /W-T1-1  /T4-T1-9 
/T4-F3-1 /T6-T4-2 /T5-F3-1 /T1-T4-1 /T1-F3-1 /T5-T2-1 /T5-F3-1 /T5-T6-1 /T3-T5-1 /T4-T1-2 
/T4-F0-1 /T1-T4-3 /T1-F3-1 /T4-T1-4 /T4-T0-1 /T3-F3-1 /T4-F0-1 /T6-F3-1 /R       /D:1     
/W-T5-1  /D:1     /W-F0-1  /T2-T0-4 /T2-F0-1 /T0-T2-5 /T0-F3-1 /T2-T0-6 /T1-T6-6 /T1-F0-1 
/T6-T1-7 /T6-F2-1 /T1-F2-1 /T0-F2-1 /D:1     /W-T5-1  /D:1     /W-T3-1  /T2-T3-1 /D:1     
/W-T3-1  /D:1     /W-F1-1  /T1-F1-1 /T0-F1-1 /T1-F2-1 /T0-F2-1 /T1-F1-1 /T0-F1-1 /T1-F2-1 
/T0-F2-1 /T1-F1-1 /T0-F1-1 /T0-F0-1 /T1-F2-1 /T1-F1-1 /T1-F0-1 /T5-F1-1 /T0-T5-1 /T0-F0-1 
/T3-T1-1 /T3-F1-1 /T0-F1-1 /T1-T3-2 /T1-F0-1 /D:1     /W-F2-1  /T3-F2-1 /D:1     /W-F3-1  
/T5-F3-1 /T3-F3-1 /T5-F2-1 /T3-F2-1 /T5-F3-1 
"
1021247,C#YX#lDs#hqkm#rRWOd#jKuynN#IeZtbPa#EozBipSMQFGTvfxVHJAcwgLU,124.500000,3570.000000,55.000000,0.554348,1,"
minimal: 0 / states: 121 / duration: 0.000150s
history:
/T5-F3-1 /T5-F2-1 /T6-F1-1 /T5-T3-1 /T1-T3-1 /T0-T4-1 /T3-T0-3 /D:2     /W-F2-1  /D:2     
/W-T6-1  /D:2     /W-F2-1  /D:6     /W-T5-1  /T2-T5-1 /T6-T2-2 /T6-F1-1 /D:2     /W-T6-1  
/D:1     /W-T1-1  /D:3     /W-T0-1  /D:1     /W-F0-1  /T2-F0-1 /T4-F0-1 /D:1     /W-F1-1  
/T4-F1-1 /T4-F3-1 /T2-F3-1 /T2-F0-1 /T4-T1-1 /T4-T5-1 /T4-T6-1 /D:1     /W-T3-1  /D:3     
/R       /D:1     /W-F0-1  /D:1     /W-T4-1  /T1-T4-3 /D:1     /W-T0-1  /T5-T0-4 /T5-T2-1 
/T5-T2-1 /D:2     /W-T1-1  /T2-T1-3 /D:1     /W-F3-1  /T0-F3-1 /W-F3-1  /D:1     /W-F0-1  
/D:1     /W-F0-1  /D:1     /W-T1-1  /D:1     /W-T3-1  /D:1     /W-F0-1  /D:3     /W-T1-1  
/T6-T1-3 /T6-T2-1 /T6-F1-1 /W-T2-1  /T3-T2-3 /T3-F2-1 /T1-F2-1 /T0-F2-1 /T0-F3-1 /T1-F1-1 
/T1-F2-1 /T1-F3-1 /W-F1-1  /T0-F2-1 /T2-F3-1 /T3-F1-1 /T0-F1-1 /T1-F2-1 /T2-F2-1 /T6-F0-1 
/T0-F0-1 /T1-F1-1 /T2-F1-1 /T4-F3-1 /T0-F3-1 /T1-F0-1 /T2-F0-1 /T4-F2-1 /T0-F2-1 /T1-F1-1 
/T0-F1-1 /T4-F3-1 /T1-F0-1 /T2-F3-1 /T4-F2-1 
"
1021351,Z#CU#VJk#oyGz#QRaYL#dBNKfO#ISlnxAP#MjcrgbvqFeEiHXtWsDwmphTu,135.500000,2306.000000,59.000000,0.563830,1,"
minimal: 0 / states: 130 / duration: 0.000139s
history:
/T4-T0-1 /T4-T3-1 /T4-F1-1 /T2-T0-1 /T2-T0-1 /T2-T0-1 /T3-T2-2 /T3-T1-1 /D:6     /W-F1-1  
/D:2     /W-T4-1  /T6-T4-1 /T6-F0-1 /T6-T2-1 /T6-F2-1 /D:5     /W-T0-1  /D:1     /W-T3-1  
/D:2     /W-T2-1  /D:3     /W-T3-1  /D:4     /W-T0-1  /D:1     /R       /D:3     /W-F1-1  
/D:3     /W-T2-1  /T1-T2-2 /T5-T1-1 /T5-T2-1 /T5-T6-1 /T5-F3-1 /T1-F3-1 /T5-F0-1 /T1-F0-1 
/T4-F3-1 /T5-F1-1 /D:1     /W-T0-1  /T4-T0-2 /T4-F3-1 /D:1     /W-F1-1  /T2-F1-1 /W-F1-1  
/D:2     /W-T3-1  /D:3     /W-F0-1  /D:1     /W-T1-1  /T3-T1-4 /T3-F2-1 /D:1     /W-F2-1  
/T0-F2-1 /T0-F3-1 /D:1     /W-F1-1  /T1-F1-1 /D:1     /R       /D:1     /W-T3-1  /T6-T3-2 
/T6-F3-1 /D:1     /W-F1-1  /D:1     /W-F2-1  /D:1     /W-F0-1  /T0-F0-1 /T2-F0-1 /T0-F3-1 
/T0-F0-1 /T2-F3-1 /T6-F0-1 /T0-F3-1 /T0-F0-1 /T0-F1-1 /T3-F0-1 /T0-F0-1 /T3-F1-1 /T3-F0-1 
/T1-T0-3 /T1-F1-1 /D:2     /W-F2-1  /W-F2-1  /D:1     /W-F2-1  /T2-F2-1 /T0-F2-1 /T2-F3-1 
/T0-F3-1 /T2-F2-1 /T0-F2-1 /T2-F3-1 /T0-F3-1 /T2-F2-1 
"
1021375,L#RY#uKv#DFJt#gBMfq#szTEUA#lGkxiCN#SWabpIOnZcjhHdXwoyVrQemP,107.000000,1168.000000,37.000000,0.666667,1,"
minimal: 0 / states: 122 / duration: 0.000136s
history:
/T5-F0-1 /T6-F3-1 /T5-T2-1 /T3-T2-1 /D:1     /W-T2-1  /T5-T2-1 /D:2     /W-F1-1  /D:1     
/W-F1-1  /D:3     /W-F3-1  /D:1     /W-F2-1  /D:2     /W-F1-1  /D:4     /W-T2-1  /T6-T2-1 
/T6-T3-1 /T6-T1-1 /T3-T6-2 /T6-T0-3 /T3-T5-1 /W-T0-1  /T5-T0-2 /T1-T5-2 /T4-T1-1 /T4-T6-1 
/T1-T0-2 /T4-T1-1 /T4-F0-1 /T2-F0-1 /T2-F1-1 /T3-F0-1 /T5-T3-3 /T2-F0-1 /T0-T5-2 /T0-F0-1 
/T5-T0-3 /D:3     /W-F2-1  /D:3     /W-T2-1  /D:1     /W-T2-1  /D:1     /W-F1-1  /T6-F1-1 
/T6-F0-1 /T4-F1-1 /T6-T1-1 /D:1     /W-T4-1  /T0-T4-9 /D:1     /W-F3-1  /T2-F3-1 /R       
/D:1     /W-T3-1  /T2-T3-5 /T2-T1-1 /T4-T2-4 /T4-F0-1 /T2-T4-5 /D:1     /W-F2-1  /T4-F2-1 
/T3-F2-1 /T4-F3-1 /T3-F3-1 /T4-F2-1 /T3-F2-1 /T4-F3-1 /T3-F3-1 /T4-F2-1 /T3-F2-1 /D:1     
/W-F0-1  /D:1     /W-T0-1  /D:1     /W-T1-1  /D:1     /W-F1-1  /T4-F1-1 /T1-F1-1 /T4-F0-1 
/T1-F0-1 /T4-F1-1 /T1-F1-1 /T4-F0-1 /T1-F0-1 /T4-F1-1 /D:2     /W-F2-1  /D:1     /W-T0-1  
/W-T0-1  /D:1     /W-F3-1  /T3-F3-1 /T0-F3-1 /T3-F2-1 /T0-F2-1 /T3-F3-1 /T0-F3-1 /T3-F2-1 
"
1021420,P#Kn#UvM#YuhN#OHWEt#SjVmsQ#LJIFDag#pTAyXzcoiBrxGRbdCqZwfkel,142.500000,1436.000000,50.000000,0.583333,1,"
minimal: 0 / states: 122 / duration: 0.000136s
history:
/T1-F2-1 /T3-F3-1 /T4-T3-1 /T5-T4-1 /T5-T6-1 /D:1     /W-T4-1  /D:2     /W-F0-1  /D:1     
/W-T5-1  /D:1     /W-T5-1  /D:3     /W-F2-1  /T4-F2-1 /D:2     /W-F0-1  /D:4     /W-T6-1  
/D:3     /W-F0-1  /D:1     /W-F2-1  /D:2     /W-T5-1  /D:1     /W-T3-1  /T4-T3-2 /T4-T1-1 
/T6-T4-3 /T6-F1-1 /T6-F0-1 /D:2     /W-T6-1  /D:1     /W-T2-1  /T1-T2-2 /T5-T1-4 /T5-T1-1 
/T4-T1-4 /T4-F3-1 /T0-F3-1 /T3-F3-1 /T1-F3-1 /T2-T0-4 /T3-T2-4 /T2-T0-5 /T0-F0-1 /T6-T1-1 
/T6-F0-1 /T6-T5-1 /T2-T5-1 /R       /D:1     /W-T3-1  /D:1     /W-T2-1  /D:2     /W-T6-1  
/T3-T6-2 /T3-T2-1 /D:1     /W-F2-1  /D:1     /W-T2-1  /T5-T2-3 /T5-F3-1 /T6-F3-1 /T2-F3-1 
/D:1     /W-F0-1  /T1-T6-3 /T1-F0-1 /T1-F3-1 /T2-F0-1 /T6-T1-5 /T6-F0-1 /T0-T2-4 /T0-F3-1 
/T0-F0-1 /T6-F0-1 /D:1     /W-F1-1  /W-F1-1  /D:1     /W-F1-1  /T1-F1-1 /T1-F2-1 /T2-F1-1 
/T1-F1-1 /T2-F2-1 /T1-F2-1 /T2-F1-1 /T1-F1-1 /T2-F2-1 /T1-F2-1 /T1-F3-1 /T2-F1-1 /T2-F2-1 
/T2-F3-1 /T1-F2-1 /T2-F2-1 /D:1     /W-F3-1  /D:1     /W-F1-1  /T0-F1-1 /T0-F0-1 /T1-F1-1 
"
1021461,A#Mu#LRD#zybC#IhVQg#ldTNYa#WnFfUOE#ZmiPHGxJqsKperotcwSBkvjX,114.000000,3571.000000,63.000000,0.562500,1,"
minimal: 0 / states: 131 / duration: 0.000162s
history:
/T0-F0-1 /T5-F1-1 /T4-T1-1 /T3-T4-1 /T3-F1-1 /T4-T6-2 /T1-T4-2 /T5-T1-1 /T5-F3-1 /D:1     
/W-T0-1  /T3-T0-1 /D:3     /W-T2-1  /D:3     /W-T1-1  /D:3     /W-T4-1  /D:3     /W-T4-1  
/T2-T4-2 /D:2     /W-T4-1  /D:2     /W-F1-1  /D:3     /W-F0-1  /T6-F0-1 /D:1     /W-T0-1  
/D:2     /W-T1-1  /W-T1-1  /D:1     /R       /D:5     /W-T0-1  /T4-T0-8 /T4-T1-1 /W-T1-1  
/D:1     /W-T2-1  /T0-T2-2 /T0-F0-1 /D:2     /W-T6-1  /D:4     /W-T1-1  /T6-T1-3 /T6-F3-1 
/T6-T4-1 /D:1     /R       /D:5     /W-T6-1  /T1-T6-2 /T1-F0-1 /D:1     /W-T4-1  /T6-T4-4 
/T6-F0-1 /T6-F2-1 /T2-F2-1 /T2-F3-1 /T4-F2-1 /T2-F2-1 /T4-F3-1 /T2-F3-1 /T1-F3-1 /T5-F3-1 
/T5-F1-1 /T0-F1-1 /T4-F2-1 /T0-F2-1 /T4-F1-1 /T0-F1-1 /T1-F0-1 /T4-F2-1 /T0-F2-1 /T1-F1-1 
/T4-F3-1 /T1-F2-1 /T0-F3-1 /T6-F3-1 /W-T5-1  /W-F0-1  /T4-F0-1 /W-F1-1  /T0-F0-1 /T1-F1-1 
/T5-F0-1 /T0-F1-1 /T2-F0-1 /T5-F1-1 /W-F1-1  /T1-T3-2 /T1-F0-1 /D:1     /W-F2-1  /T3-F2-1 
/T0-F2-1 /D:1     /W-F3-1  /T3-F3-1 /T0-F3-1 /T3-F2-1 
"
1021525,J#Zq#UWT#Vgja#Gexir#FyKvPl#twpscIN#nYhABfdXkzESLoOmDHuMQbRC,134.000000,1599.000000,52.000000,0.603093,1,"
minimal: 0 / states: 125 / duration: 0.000145s
history:
/T3-F1-1 /T6-F3-1 /T6-T3-1 /T6-T1-1 /T6-T2-1 /D:1     /W-F2-1  /D:2     /W-T3-1  /D:1     
/W-F0-1  /D:1     /W-F0-1  /D:2     /W-T4-1  /T6-T4-1 /D:7     /W-F2-1  /T4-F2-1 /D:1     
/W-F3-1  /D:7     /W-F1-1  /T1-F1-1 /T1-F2-1 /T4-F1-1 /T4-F2-1 /T4-T0-1 /T3-T4-3 /T4-T5-4 
/T4-F1-1 /T2-F2-1 /T4-T5-1 /D:2     /W-F0-1  /R       /D:2     /W-F1-1  /T3-F1-1 /T3-T6-1 
/D:3     /W-T3-1  /T5-T3-6 /T5-F3-1 /D:2     /W-T3-1  /W-T3-1  /D:1     /W-T1-1  /W-T1-1  
/T6-T1-2 /T6-F2-1 /D:1     /W-T4-1  /D:1     /W-F0-1  /T3-F0-1 /D:1     /W-T0-1  /T2-T0-1 
/T5-T2-1 /T2-T5-2 /T3-T2-2 /T3-F1-1 /T0-T1-2 /T0-F1-1 /T2-T3-3 /D:1     /W-F2-1  /T5-F2-1 
/T1-T0-3 /T1-F2-1 /T3-T5-4 /T3-F1-1 /T1-F1-1 /T3-F2-1 /T5-T3-6 /T5-F2-1 /T5-F0-1 /W-T1-1  
/T0-T1-4 /D:1     /W-T0-1  /T3-T0-7 /T3-F2-1 /D:1     /W-F3-1  /D:1     /W-F3-1  /T0-F3-1 
/T0-F0-1 /T1-F3-1 /T0-F3-1 /T1-F0-1 /T0-F0-1 /T1-F3-1 /T0-F3-1 /T1-F0-1 /T0-F0-1 /T0-F1-1 
/T1-F3-1 /T1-F0-1 /T4-F1-1 /W-F3-1  /T0-F0-1 /T1-F3-1 
"
1021556,D#et#YVK#zlJA#HRxun#dqfMah#oUrwBWy#jXSiLFcIZNbmCksQvOPpgETG,131.000000,1761.000000,46.000000,0.607595,1,"
minimal: 0 / states: 119 / duration: 0.000129s
history:
/T3-F0-1 /T4-F2-1 /T1-T5-1 /T0-T1-1 /D:1     /W-T2-1  /D:1     /W-T6-1  /T3-T6-1 /T2-T3-2 
/T4-T2-1 /T2-T6-2 /T4-T2-1 /D:1     /W-T5-1  /D:4     /W-T1-1  /D:1     /W-T3-1  /T5-T3-3 
/T5-F1-1 /T5-T0-1 /T3-T0-7 /T2-T3-2 /D:1     /W-T2-1  /T6-T2-5 /T6-T3-1 /T6-F0-1 /D:1     
/W-F3-1  /D:1     /W-F1-1  /T1-F1-1 /D:2     /W-F0-1  /T1-F0-1 /D:4     /W-T3-1  /D:1     
/W-F3-1  /D:1     /W-F3-1  /W-F3-1  /T4-F3-1 /T0-F3-1 /T5-T0-1 /T5-T1-1 /T5-F1-1 /D:2     
/W-T2-1  /D:1     /W-F0-1  /D:1     /W-F3-1  /D:1     /R       /D:1     /W-T6-1  /T4-T6-1 
/D:2     /W-F0-1  /D:1     /W-T4-1  /W-T4-1  /D:1     /W-T4-1  /T6-T4-3 /T6-T0-1 /T6-F3-1 
/T6-F2-1 /D:1     /W-T2-1  /T1-T2-2 /D:1     /W-F2-1  /T2-F2-1 /T0-F2-1 /T2-F1-1 /T0-F1-1 
/T2-F2-1 /T0-F2-1 /T2-F1-1 /T2-F2-1 /T0-F1-1 /T3-F2-1 /T2-F3-1 /T3-F3-1 /T4-T2-2 /T4-F2-1 
/T3-F2-1 /T2-T4-3 /T2-F3-1 /T2-F2-1 /T3-F3-1 /T2-F3-1 /T3-F2-1 /D:1     /W-F0-1  /T4-F0-1 
/T0-F0-1 /T4-F1-1 /T0-F1-1 /T4-F0-1 /T0-F0-1 /T4-F1-1 /T0-F1-1 /T4-F0-1 /T0-F0-1 /T4-F1-1 
"
1021582,n#oZ#WTp#SbMK#XsJYy#rqfQAu#HEUCckm#gwxRNOzFVDehaGiPltBIdLvj,104.500000,1551.000000,33.000000,0.805556,1,"
minimal: 0 / states: 115 / duration: 0.000135s
history:
/T0-F2-1 /T6-T0-1 /T6-T4-1 /T4-T0-2 /T3-T4-1 /T4-T3-2 /T4-T0-1 /D:1     /W-T5-1  /T4-T5-1 
/D:1     /W-T4-1  /D:2     /W-T5-1  /D:1     /W-F3-1  /D:1     /W-F3-1  /D:3     /W-T0-1  
/T5-T0-4 /T5-F0-1 /T2-T5-1 /W-T2-1  /D:1     /W-T0-1  /T6-T0-1 /D:1     /W-T2-1  /D:2     
/W-F1-1  /D:2     /W-T4-1  /D:1     /W-F3-1  /D:3     /W-F0-1  /T6-F0-1 /W-T6-1  /D:3     
/W-T1-1  /T4-T1-3 /T3-T4-3 /T3-F1-1 /T3-T6-1 /T1-T3-5 /T1-F2-1 /T0-F1-1 /T0-F0-1 /T5-F2-1 
/T5-F3-1 /W-F1-1  /T0-F3-1 /T2-F1-1 /T5-F1-1 /T5-F2-1 /T5-F2-1 /T0-F2-1 /T0-F1-1 /T2-T0-2 
/W-T2-1  /T6-T2-3 /T6-F0-1 /T0-F0-1 /T2-F3-1 /T0-F3-1 /T2-F2-1 /T0-F2-1 /T2-F3-1 /T0-F3-1 
/T2-T4-2 /T6-T3-1 /D:1     /W-F2-1  /T3-T0-2 /T3-F2-1 /D:1     /R       /D:1     /W-F2-1  
/D:1     /W-T1-1  /D:1     /W-F1-1  /D:1     /W-F0-1  /T0-F0-1 /T0-F1-1 /T4-F0-1 /T0-F0-1 
/T4-F3-1 /T3-F3-1 /T4-F0-1 /T4-F3-1 /T3-F0-1 /T3-F3-1 /T4-F0-1 /D:1     /W-T1-1  /D:1     
/W-F1-1  /T0-F1-1 /T0-F2-1 /T1-F1-1 /T0-F1-1 /T1-F2-1 
"
1021645,N#yx#LPC#tKOg#ZhRzE#WGdeMb#YSFsmlI#JBajVwpikoQTcHfDuqvrnXAU,114.500000,1842.000000,50.000000,0.605556,1,"
minimal: 0 / states: 132 / duration: 0.000157s
history:
/T0-F3-1 /T5-T2-1 /T5-T0-1 /D:3     /W-F1-1  /T2-F1-1 /D:1     /W-T1-1  /T6-T1-1 /T6-T0-1 
/T1-T0-3 /T1-T6-1 /T6-T1-2 /T5-T6-1 /T6-T3-2 /T2-T5-1 /T5-T4-2 /W-T2-1  /D:5     /W-T1-1  
/D:4     /W-F1-1  /D:2     /W-T5-1  /T4-T5-3 /D:1     /W-T3-1  /T2-T3-2 /D:5     /W-F2-1  
/D:1     /W-T2-1  /D:1     /W-F0-1  /T3-F0-1 /T5-F0-1 /T5-F1-1 /D:1     /W-T0-1  /T5-T0-3 
/R       /D:1     /W-T1-1  /D:1     /W-T1-1  /D:1     /W-T2-1  /D:2     /W-T2-1  /D:1     
/W-F2-1  /W-F2-1  /D:1     /W-T0-1  /D:2     /W-T1-1  /T3-T1-5 /T3-F3-1 /T1-F3-1 /T0-F3-1 
/T1-F0-1 /T0-F0-1 /T6-F0-1 /T5-T3-1 /T4-T5-1 /T4-F3-1 /T6-F3-1 /T3-T6-2 /T1-F1-1 /T0-F1-1 
/T0-F0-1 /W-F3-1  /T0-F3-1 /T4-T0-1 /T1-T2-3 /T1-F3-1 /T6-F3-1 /T2-T4-7 /T3-T0-1 /T6-T5-2 
/D:2     /W-F2-1  /D:2     /W-F2-1  /T4-F2-1 /T0-F2-1 /T4-F1-1 /T0-F1-1 /T4-F0-1 /T0-F0-1 
/T1-F0-1 /T4-F1-1 /T0-F1-1 /T5-F0-1 /T1-F1-1 /T0-T5-1 /T0-F1-1 /T4-T1-2 /T4-F0-1 /T0-F0-1 
/T1-T4-3 /T1-F1-1 /R       /D:1     /W-F2-1  /D:1     /W-F2-1  /T4-F2-1 /T4-F3-1 /T5-F2-1 
/T4-F2-1 /T5-F3-1 /T4-F3-1 /T5-F2-1 
"
1021687,w#TA#Kyr#dvqR#SpjMD#uCNJba#LzsmUBH#toVhYFZeXcOfWgGIilPQknxE,98.000000,700.000000,42.000000,0.617647,1,"
minimal: 0 / states: 130 / duration: 0.000141s
history:
/T1-F0-1 /T5-F1-1 /T5-F1-1 /T4-T3-1 /T1-T6-1 /T4-T1-1 /D:3     /W-T0-1  /T6-T0-2 /T6-F0-1 
/D:2     /W-T1-1  /D:1     /W-T0-1  /T3-T0-2 /D:4     /W-F1-1  /D:5     /W-T6-1  /D:1     
/W-T4-1  /T6-T4-2 /D:1     /W-T5-1  /D:2     /W-T0-1  /D:1     /W-T2-1  /D:2     /W-F2-1  
/D:1     /W-T1-1  /T4-T1-4 /T4-T2-1 /T2-T4-3 /T2-T6-1 /T4-T1-4 /T6-T4-2 /W-T4-1  /T5-T4-2 
/T5-F3-1 /T5-F0-1 /T0-T3-1 /T0-F0-1 /T3-T0-2 /T5-T4-1 /D:1     /W-F0-1  /T0-T6-3 /T0-F0-1 
/T6-T0-4 /T6-T5-1 /W-T5-1  /W-T4-1  /W-T2-1  /T3-T2-1 /T3-F1-1 /T2-T5-3 /R       /D:2     
/W-F2-1  /T1-F2-1 /D:1     /W-T5-1  /W-T5-1  /T1-T5-3 /T1-F0-1 /D:1     /W-T2-1  /T6-T2-1 
/D:1     /W-F1-1  /D:1     /W-T2-1  /T0-T2-8 /D:1     /W-F3-1  /T2-F3-1 /T2-F2-1 /T5-F3-1 
/T2-F3-1 /T5-F2-1 /T2-F2-1 /T5-F3-1 /T2-F3-1 /T1-F3-1 /T2-F0-1 /T1-F0-1 /T2-F3-1 /T5-F2-1 
/T4-T2-3 /T4-F0-1 /T5-T1-2 /T5-F3-1 /T5-F0-1 /T2-T4-4 /T2-F3-1 /T2-F0-1 /T1-T5-4 /T1-F3-1 
/T1-F0-1 /T2-F3-1 /D:1     /W-F1-1  /T4-F1-1 /T4-F2-1 /T5-F1-1 /T4-F1-1 /T5-F2-1 /T4-F2-1 
/T5-F1-1 /T4-F1-1 /T5-F2-1 /T4-F2-1 /T5-F1-1 /T4-F1-1 /T5-F2-1 
"
1021703,b#jm#dqO#UEyk#zVuDg#TKGoHA#WMRZcCF#JliwvSpnIrPBXYxtfseQahNL,132.000000,1550.000000,48.000000,0.550562,1,"
minimal: 0 / states: 122 / duration: 0.000134s
history:
/T5-F0-1 /T6-T4-1 /T4-T5-2 /T2-T6-1 /D:1     /W-T3-1  /D:2     /W-T3-1  /T5-T3-3 /D:5     
/W-F2-1  /T5-F2-1 /W-F2-1  /T2-F2-1 /T6-T2-2 /T6-T4-1 /W-T5-1  /D:2     /W-F2-1  /D:2     
/W-F0-1  /D:6     /W-F2-1  /D:1     /W-T3-1  /T4-T3-2 /D:2     /W-F1-1  /T0-F1-1 /T3-F1-1 
/T6-T0-1 /D:2     /W-F3-1  /T2-F3-1 /T2-F0-1 /T2-F1-1 /T1-T2-1 /T3-F0-1 /T3-F1-1 /T6-T3-1 
/D:1     /W-T0-1  /T3-T0-7 /T3-T2-1 /T3-F0-1 /T5-T3-2 /T1-T5-1 /T6-T1-1 /R       /D:1     
/W-T1-1  /T5-T1-2 /T5-T4-1 /D:2     /W-T1-1  /T3-T1-3 /D:1     /W-T6-1  /D:1     /W-F3-1  
/D:1     /W-T2-1  /W-T2-1  /D:3     /W-F2-1  /D:1     /W-F1-1  /T0-T4-2 /T0-F1-1 /T4-T0-3 
/T4-F2-1 /T4-T2-1 /T1-T6-3 /T1-F2-1 /D:1     /W-F3-1  /T0-F3-1 /T0-F0-1 /T6-F3-1 /T0-F3-1 
/T6-F0-1 /T0-F0-1 /T6-F3-1 /T2-F3-1 /T2-F2-1 /T6-F0-1 /T6-F3-1 /T2-F3-1 /W-F2-1  /T2-F2-1 
/T4-F2-1 /W-F3-1  /T0-T2-4 /T0-F3-1 /D:1     /W-F1-1  /T2-F1-1 /T1-F1-1 /T2-F0-1 /T1-F0-1 
/T2-F1-1 /T1-F1-1 /T2-F0-1 /T1-F0-1 /T2-F1-1 
"
1021728,d#Mh#Pke#pfDV#CNbsu#tXqiga#JFjcSnI#GoyvTOmRlAHwKrLEUWzxQBYZ,107.000000,2278.000000,48.000000,0.668675,1,"
minimal: 0 / states: 119 / duration: 0.000147s
history:
/T5-F1-1 /T4-T3-1 /T5-T3-1 /T4-T3-1 /T4-F1-1 /T4-F3-1 /T2-T3-1 /T1-T6-1 /T4-T0-1 /D:1     
/W-T6-1  /D:5     /W-F3-1  /D:1     /W-T4-1  /D:2     /W-T1-1  /D:1     /W-F0-1  /D:1     
/W-T5-1  /D:1     /W-T2-1  /T3-T2-5 /T3-T2-1 /T3-T6-1 /D:1     /W-T1-1  /D:1     /W-T6-1  
/T0-T6-2 /D:1     /W-T4-1  /T2-T4-8 /T2-F3-1 /D:3     /W-T1-1  /T6-T1-7 /T6-F2-1 /D:1     
/W-T0-1  /D:2     /W-F3-1  /D:1     /W-F0-1  /T1-F0-1 /T4-F0-1 /T3-T1-1 /D:1     /W-T0-1  
/W-T0-1  /D:1     /W-T2-1  /R       /D:1     /W-F2-1  /T1-F2-1 /D:1     /W-T2-1  /D:2     
/W-T5-1  /D:1     /W-F3-1  /T6-F3-1 /T6-F1-1 /T1-F1-1 /T6-T0-1 /T6-T5-1 /T5-T6-4 /T5-F2-1 
/T1-F2-1 /T4-F1-1 /T4-F2-1 /T5-T2-1 /T1-F1-1 /T5-F2-1 /T4-F1-1 /T4-F2-1 /W-F2-1  /T6-T2-5 
/D:1     /W-F0-1  /T2-F0-1 /T1-F0-1 /T1-F1-1 /T2-F3-1 /T2-F0-1 /T2-F1-1 /T0-F1-1 /T1-F0-1 
/T2-F0-1 /T1-T0-1 /T1-F0-1 /T4-T2-2 /T4-F1-1 /T1-F1-1 /T4-F0-1 /T1-F0-1 /T4-F1-1 /D:1     
/W-F3-1  /T2-F3-1 /T0-F3-1 /T2-F2-1 /T0-F2-1 /T2-F3-1 /T0-F3-1 /T2-F2-1 /T0-F2-1 /T2-F3-1 
"
1021804,K#vY#jSr#MWof#TwsBZ#lhzFXC#IDyOeaH#NuQpkqitUngVEPcLbGRJxmAd,154.000000,2346.000000,62.000000,0.519608,1,"
minimal: 0 / states: 129 / duration: 0.000159s
history:
/T2-T3-1  /T0-T1-1  /T4-T0-1  /D:1      /W-F3-1   /D:2      /W-T3-1   /T5-T3-1  /D:7      /W-F2-1   
/D:1      /W-T6-1   /D:2      /W-T2-1   /D:3      /W-T0-1   /T5-T0-1  /T5-T6-1  /T1-T5-2  /D:1      
/W-T3-1   /D:2      /W-T6-1   /D:1      /W-T0-1   /D:3      /W-F0-1   /T4-F0-1  /D:1      /W-T2-1   
/R        /D:2      /W-T2-1   /T3-T2-1  /T3-F0-1  /D:2      /W-T6-1   /D:1      /W-T0-1   /T6-T0-5  
/T6-F1-1  /T2-F1-1  /T6-T4-1  /T6-F3-1  /W-T6-1   /D:2      /W-T1-1   /W-T1-1   /T3-T1-3  /T3-F2-1  
/T2-F2-1  /T3-T5-1  /T1-T5-6  /T5-T1-10 /T0-F2-1  /D:2      /W-F3-1   /T1-F3-1  /T0-F3-1  /T1-F2-1  
/T4-T0-1  /T4-F2-1  /T4-T6-1  /T2-T1-2  /T2-F3-1  /T4-F3-1  /T1-T5-4  /T1-F3-1  /T5-T1-5  /W-F3-1   
/T1-T2-6  /T1-F3-1  /T2-T1-7  /T5-T3-1  /D:1      /W-F1-1   /T1-F1-1  /T0-F1-1  /D:2      /W-T3-1   
/D:1      /W-T2-1   /T6-T2-3  /T6-F0-1  /T1-F0-1  /T0-F0-1  /T1-F1-1  /T0-F1-1  /T1-F2-1  /W-F0-1   
/T0-F0-1  /T1-F1-1  /T6-F0-1  /W-F2-1   /T0-F1-1  /T0-F0-1  /T1-F2-1  /T1-F1-1  /T1-F0-1  /T2-F2-1  
/T0-F3-1  /T2-F1-1  /T0-F0-1  /T3-F2-1  /T1-F3-1  /T2-F2-1  /T0-F3-1  /T3-F1-1  /T1-F2-1  /T2-F1-1  
/T3-F0-1  
"
1021806,l#Tc#sxn#tXVS#fYAmb#wEdUqO#IFhZjpM#zgoevPriHLyCDBKNWkaJGRuQ,117.500000,1923.000000,41.000000,0.634615,1,"
minimal: 0 / states: 128 / duration: 0.000145s
history:
/T2-F2-1 /T2-T0-1 /T0-T6-2 /T6-T0-3 /T5-T6-1 /T1-T5-1 /T2-T1-1 /D:1     /W-T2-1  /D:2     
/W-F2-1  /D:1     /W-T1-1  /T5-T1-2 /D:3     /W-T3-1  /D:7     /W-T1-1  /D:2     /W-F3-1  
/T6-F3-1 /T6-F2-1 /T6-T0-1 /D:3     /W-F1-1  /T4-F1-1 /D:2     /W-T5-1  /T3-T5-2 /D:2     
/W-T3-1  /T1-T3-6 /T4-T1-1 /T4-F0-1 /T3-F0-1 /T3-F1-1 /T4-T2-1 /T3-F2-1 /T5-F2-1 /D:1     
/R       /D:2     /W-T0-1  /T5-T0-3 /T5-F1-1 /T5-T0-1 /T3-T5-5 /T5-T3-6 /T6-T5-1 /T3-F1-1 
/T3-F2-1 /T4-F1-1 /W-F1-1  /T6-F1-1 /T6-T3-1 /D:1     /W-F3-1  /D:1     /W-F1-1  /D:2     
/W-T1-1  /T3-T1-6 /T3-F2-1 /D:1     /W-T5-1  /D:1     /W-F0-1  /D:1     /W-F0-1  /T0-F0-1 
/T1-F0-1 /D:1     /W-T2-1  /D:1     /W-T2-1  /T0-T2-4 /T0-F1-1 /D:1     /W-F1-1  /D:3     
/W-F3-1  /W-F3-1  /T2-F3-1 /T1-F3-1 /T1-F2-1 /T2-F0-1 /T2-F3-1 /T2-F2-1 /T1-F3-1 /T1-F2-1 
/T0-F2-1 /T0-F1-1 /T2-F3-1 /T1-F3-1 /T5-F2-1 /T1-T5-1 /T1-F1-1 /T2-T0-2 /T2-F2-1 /R       
/D:1     /W-F0-1  /T6-F0-1 /D:1     /W-F0-1  /T0-F0-1 /T0-F3-1 /T5-F0-1 /T0-F0-1 /T5-F3-1 
"
1021865,b#Kw#doe#gLHY#nBOvA#hlCXaq#EprGcVm#uiJRxFMSDWyZUtkjIPfTsNzQ,153.000000,1691.000000,49.000000,0.623596,1,"
minimal: 0 / states: 122 / duration: 0.000141s
history:
/T4-F0-1 /T5-T2-1 /T5-F1-1 /T0-F1-1 /T6-T0-1 /T6-T1-1 /T6-F1-1 /T1-T5-2 /T1-T3-1 /D:1     
/W-T5-1  /D:6     /W-T1-1  /T3-T1-2 /D:1     /W-T6-1  /D:2     /W-T1-1  /T4-T1-1 /D:1     
/W-T0-1  /T5-T0-4 /T4-T5-1 /T4-F0-1 /T4-F2-1 /D:1     /W-T4-1  /D:1     /W-T1-1  /T6-T1-2 
/T6-T1-1 /T5-T6-1 /T5-F0-1 /W-F0-1  /D:5     /W-T2-1  /D:2     /W-T0-1  /D:1     /W-T0-1  
/T2-T0-3 /T2-F2-1 /T6-T2-2 /T6-F0-1 /T2-T1-3 /D:1     /W-F3-1  /T1-F3-1 /T0-F3-1 /T1-F2-1 
/T0-F2-1 /T1-F1-1 /T0-F1-1 /T1-F2-1 /W-F1-1  /T0-F2-1 /D:1     /W-T2-1  /T5-T2-1 /D:1     
/W-F3-1  /R       /D:3     /W-F3-1  /T1-F3-1 /T0-F3-1 /T1-T5-1 /T1-F3-1 /T5-T1-2 /D:1     
/W-T2-1  /D:1     /W-F0-1  /T1-F0-1 /T3-F0-1 /T3-T4-1 /T3-F1-1 /T1-F1-1 /D:1     /W-F2-1  
/T0-F2-1 /T0-F3-1 /T1-F2-1 /T0-F2-1 /T1-F3-1 /T0-F3-1 /T2-F2-1 /T0-F2-1 /T1-T2-1 /T1-F3-1 
/T2-T1-2 /T2-F2-1 /T4-T0-1 /T4-F3-1 /D:1     /W-T0-1  /W-T0-1  /W-F1-1  /D:1     /W-F1-1  
/D:1     /W-F0-1  /T0-F0-1 /T0-F1-1 /T1-F0-1 /T0-F0-1 /T1-F1-1 /T0-F1-1 /T1-F0-1 
"
1021984,s#in#hMS#DOuU#wcEjG#BTgLxN#dploCft#RakQrqYHFVIbevyZXWAJPzKm,108.500000,2077.000000,72.000000,0.466667,1,"
minimal: 0 / states: 137 / duration: 0.000170s
history:
/T1-F2-1 /T5-F3-1 /T6-T3-1 /T6-T3-1 /T2-T4-1 /D:1     /W-T0-1  /D:1     /W-F1-1  /D:3     
/W-T3-1  /W-T3-1  /T6-T3-1 /T6-F2-1 /T5-T6-1 /T6-T2-2 /T6-F2-1 /W-T5-1  /D:1     /W-F2-1  
/D:2     /W-T1-1  /D:4     /W-F1-1  /D:6     /W-T2-1  /D:1     /W-F0-1  /D:1     /W-T5-1  
/T1-T5-2 /T2-T1-4 /T4-T2-2 /D:4     /R       /D:4     /W-T1-1  /T3-T1-6 /D:2     /W-T4-1  
/T2-T4-3 /D:2     /W-T2-1  /T5-T2-5 /T5-T2-1 /T5-T3-1 /T5-F0-1 /T1-F0-1 /T0-T2-2 /D:3     
/W-T0-1  /D:2     /W-T5-1  /R       /D:1     /W-T0-1  /D:1     /W-T3-1  /D:2     /W-T3-1  
/D:1     /W-T5-1  /D:1     /W-T5-1  /D:2     /W-T0-1  /T4-T0-5 /T4-T0-1 /T4-F1-1 /T6-F1-1 
/T3-F1-1 /T1-T0-1 /T1-F2-1 /T1-F1-1 /T2-T3-1 /T2-F2-1 /T1-F2-1 /T2-F1-1 /T3-T2-3 /T3-F2-1 
/T3-F3-1 /W-F3-1  /T0-F3-1 /T3-F0-1 /T0-F0-1 /T2-F3-1 /T0-F3-1 /T2-F0-1 /T0-F0-1 /T0-F1-1 
/T2-F3-1 /T1-F3-1 /T0-F2-1 /T2-F0-1 /T1-F0-1 /T2-F1-1 /T0-F1-1 /W-F3-1  /T1-F3-1 /T2-F0-1 
/T0-F0-1 /T4-F2-1 /T1-F2-1 /T2-F1-1 /T1-F1-1 /T5-F3-1 /T0-F3-1 /T2-F0-1 /T1-F0-1 /T5-F2-1 
/T0-F2-1 /T2-F3-1 /T5-F1-1 
"
1030200,A#WD#GdF#bJxn#KuwcE#UjesVI#QoXzaOy#HrSRYpCgMZPkitBqNfvLTlhm,141.000000,4851.000000,67.000000,0.494949,1,"
minimal: 0 / states: 136 / duration: 0.000151s
history:
/T0-F0-1 /T3-F2-1 /D:4     /W-T2-1  /T1-T2-1 /T5-T1-1 /T1-T3-2 /D:5     /W-T0-1  /D:1     
/W-T1-1  /T6-T1-1 /D:1     /W-T2-1  /D:1     /W-T1-1  /D:3     /W-F0-1  /D:2     /W-F3-1  
/T6-F3-1 /T6-F1-1 /T2-F3-1 /D:5     /W-T0-1  /T3-T0-3 /T5-T3-1 /T3-T1-2 /T3-F1-1 /T6-T3-1 
/D:1     /W-T0-1  /D:1     /R       /D:1     /W-T1-1  /D:3     /W-T3-1  /D:2     /W-F0-1  
/T2-F0-1 /T4-F0-1 /T4-F1-1 /T4-T6-1 /T2-T5-1 /T2-F0-1 /T2-F1-1 /T2-F0-1 /T1-F0-1 /T4-T1-1 
/T4-T3-1 /D:1     /W-T1-1  /T5-T1-2 /T5-F1-1 /T5-T3-1 /D:1     /W-T6-1  /D:1     /W-T0-1  
/D:1     /W-T1-1  /D:1     /W-F1-1  /D:1     /W-T3-1  /T0-T3-2 /T0-F0-1 /D:3     /W-T2-1  
/R       /D:2     /W-T3-1  /W-T3-1  /D:2     /W-T2-1  /T6-T2-3 /T6-F2-1 /W-F2-1  /T1-F2-1 
/T6-F3-1 /T1-F3-1 /T3-F2-1 /T1-F2-1 /T1-F1-1 /T3-F3-1 /T3-F2-1 /T3-F1-1 /T1-F2-1 /T2-F1-1 
/T3-F2-1 /T3-F1-1 /T2-F2-1 /T0-T3-1 /T0-F2-1 /T1-T2-2 /T1-F1-1 /T0-F1-1 /T1-F2-1 /T2-T1-4 
/T2-F1-1 /T3-T0-3 /T3-F2-1 /D:1     /W-F3-1  /T5-F3-1 /T1-F3-1 /T0-F3-1 /T1-F0-1 /T0-F0-1 
/T1-F3-1 /T0-F3-1 /T1-F0-1 /T0-F0-1 /T1-F3-1 
"
1030215,k#zn#xsy#OLub#VFjcm#WHNipa#rKIAwvP#YofGTMRZSgBqQEJedXtCDUlh,124.500000,2415.000000,41.000000,0.650685,1,"
minimal: 0 / states: 113 / duration: 0.000134s
history:
/T1-F2-1 /T5-F1-1 /T3-F1-1 /T2-T4-1 /T0-T4-1 /T4-T0-3 /T4-F1-1 /D:1     /W-T1-1  /D:1     
/W-F2-1  /T5-F2-1 /T3-T5-1 /D:3     /W-T5-1  /T2-T5-1 /T4-T2-1 /T2-T1-2 /D:1     /W-T2-1  
/D:1     /W-T4-1  /D:4     /W-T6-1  /D:1     /W-T4-1  /T6-T4-2 /T6-T1-1 /T6-T0-1 /T6-F0-1 
/T4-F0-1 /T5-T0-4 /T5-F3-1 /W-T5-1  /T4-T5-4 /T5-T4-6 /T6-T5-1 /T5-T6-2 /D:4     /W-T0-1  
/D:1     /W-F1-1  /T0-F1-1 /D:1     /W-T3-1  /W-T3-1  /T4-T3-7 /D:2     /W-F0-1  /D:1     
/W-F0-1  /D:1     /W-T1-1  /W-T1-1  /W-F0-1  /T3-T0-3 /T3-F0-1 /D:1     /W-T2-1  /T6-T2-3 
/W-T6-1  /W-T1-1  /W-T4-1  /T3-T4-6 /T3-F3-1 /T0-F3-1 /T0-F2-1 /T6-F3-1 /T0-F3-1 /T6-F2-1 
/T0-F2-1 /T1-F3-1 /T0-F3-1 /T1-F2-1 /T0-F2-1 /T1-F3-1 /T1-F2-1 /W-F0-1  /W-F1-1  /T4-F1-1 
/T4-F0-1 /T4-F3-1 /T2-F0-1 /T2-F3-1 /T4-F0-1 /T2-F0-1 /T4-F3-1 /T4-F0-1 /T1-T2-2 /T1-F3-1 
/T4-F3-1 /T2-T1-3 /T2-F0-1 /D:1     /W-F1-1  /T0-F1-1 /T0-F2-1 /T1-F1-1 /T0-F1-1 /T1-F2-1 
/T0-F2-1 /T1-F1-1 /T0-F1-1 /T1-F2-1 
"
1030278,O#Vp#xoM#Pwhr#NzRTQ#ilmAEk#HIcbynJ#BZsDeLFtGdSagYvUfXjWuCKq,136.500000,4950.000000,70.000000,0.446602,1,"
minimal: 0 / states: 137 / duration: 0.000157s
history:
/T6-T5-1 /T6-F2-1 /T5-T6-2 /T4-T3-1 /T1-T3-1 /T0-T3-1 /T2-T0-1 /T2-F2-1 /T1-T6-1 /D:2     
/W-T1-1  /T6-T1-4 /D:1     /W-T4-1  /D:2     /W-T4-1  /W-T4-1  /D:5     /W-T5-1  /D:2     
/W-F1-1  /T6-F1-1 /T6-F1-1 /T5-F1-1 /D:2     /W-T0-1  /T2-T0-1 /D:2     /W-T6-1  /D:3     
/W-T0-1  /T6-T0-2 /T4-T6-4 /T6-T4-1 /T6-F1-1 /T4-T6-2 /T4-T2-1 /T4-F3-1 /T3-F3-1 /T3-F2-1 
/T6-T1-5 /D:3     /W-T3-1  /D:2     /W-F2-1  /T3-T5-2 /T3-F2-1 /R       /D:4     /W-T0-1  
/D:1     /W-T3-1  /D:1     /W-T0-1  /T5-T0-3 /T5-F0-1 /T5-T4-1 /T5-T2-1 /D:3     /W-F1-1  
/D:3     /W-T5-1  /D:1     /W-T2-1  /W-T2-1  /R       /D:1     /W-F0-1  /T0-F0-1 /T1-F0-1 
/D:1     /W-T4-1  /D:2     /W-F1-1  /D:1     /W-T2-1  /T3-T2-2 /T5-T3-2 /D:1     /W-T4-1  
/T3-T4-3 /T3-F3-1 /T0-F3-1 /T0-F0-1 /T1-F3-1 /T0-F3-1 /T1-F2-1 /T0-F2-1 /W-F0-1  /T1-F3-1 
/T2-F0-1 /T0-F3-1 /T1-F0-1 /T2-F1-1 /T0-F0-1 /T4-F2-1 /T1-F3-1 /T2-F2-1 /T2-F3-1 /T4-F1-1 
/T0-F1-1 /T1-F0-1 /T2-F0-1 /T4-F2-1 /T0-F2-1 /T1-F1-1 /T2-F1-1 /T4-F3-1 /T0-F3-1 /T1-F2-1 
/T2-F2-1 /T4-F0-1 /T0-F0-1 /T1-F3-1 /T4-F1-1 
"
1030327,u#gL#Mrz#oVWQ#kFZUA#jPJBnN#lxDGbIs#ScwptKCHEYRyihOmevfaXqdT,136.500000,3241.000000,58.000000,0.590476,1,"
minimal: 0 / states: 126 / duration: 0.000170s
history:
/T4-F0-1 /T5-F3-1 /T5-F2-1 /T5-F0-1 /D:4     /W-T3-1  /D:1     /W-T4-1  /D:2     /W-F0-1  
/D:3     /W-T2-1  /D:1     /W-T6-1  /D:2     /W-T5-1  /T0-T5-1 /T2-T0-2 /T3-T2-2 /D:2     
/W-F3-1  /D:3     /W-T3-1  /T4-T3-2 /T1-T4-1 /T6-T1-2 /T1-T5-3 /T4-T1-2 /W-T4-1  /D:1     
/W-T3-1  /T2-T3-3 /D:1     /W-F1-1  /D:1     /W-T1-1  /T5-T1-6 /T5-F3-1 /T6-T5-1 /T6-F1-1 
/D:1     /W-T1-1  /D:2     /R       /D:1     /W-T6-1  /D:1     /W-F1-1  /D:2     /W-T0-1  
/T3-T0-8 /D:1     /W-T3-1  /D:1     /W-T6-1  /D:2     /W-T5-1  /T6-T5-3 /T6-F0-1 /T5-F0-1 
/T5-T6-5 /D:1     /W-T5-1  /W-T5-1  /D:1     /W-F1-1  /T4-F1-1 /T4-F0-1 /W-T4-1  /T3-T4-2 
/T3-F2-1 /T0-F2-1 /T0-F3-1 /T1-F2-1 /T0-F2-1 /T0-F1-1 /T1-F3-1 /T1-F2-1 /T1-F1-1 /T6-F3-1 
/T0-F2-1 /T6-F0-1 /T6-F1-1 /T1-F2-1 /T1-F1-1 /T4-F0-1 /T6-F0-1 /T1-F0-1 /T6-F1-1 /T0-T6-3 
/T0-F0-1 /T6-T0-4 /T1-T5-1 /T1-F0-1 /T2-F0-1 /T4-T5-2 /T4-F1-1 /T6-F1-1 /T5-T1-4 /T5-F1-1 
/D:1     /W-F3-1  /T0-F3-1 /T0-F2-1 /T1-F3-1 /T0-F3-1 /T1-F2-1 /T0-F2-1 /T1-F3-1 /T0-F3-1 
/T1-F2-1 /T0-F2-1 /T1-F3-1 
"
1030351,A#Xb#oFz#duWU#wYeHE#LgqrDQ#yfinaKP#NxGJOTjBpMCvmSRscZIkVhtl,131.000000,3322.000000,42.000000,0.636905,1,"
minimal: 0 / states: 127 / duration: 0.000144s
history:
/T0-F0-1 /T5-T4-1 /T6-T5-1 /T2-T0-1 /D:1     /W-F3-1  /D:2     /W-T3-1  /D:2     /W-F3-1  
/T5-F3-1 /T4-F3-1 /D:2     /W-T6-1  /D:1     /W-F0-1  /D:3     /W-F0-1  /T5-F0-1 /T4-F0-1 
/T2-F0-1 /T3-F0-1 /T4-F0-1 /D:1     /W-T6-1  /T3-T6-1 /D:3     /W-F3-1  /W-F3-1  /D:4     
/W-F0-1  /D:4     /W-T6-1  /F3-T6-1 /T5-T6-1 /T5-T4-1 /D:1     /W-T0-1  /T6-T0-7 /T6-F1-1 
/T1-F1-1 /T6-F2-1 /T2-F2-1 /R       /D:2     /W-T1-1  /T6-T1-1 /T0-T6-1 /T0-F3-1 /T6-T0-2 
/T1-T6-3 /D:1     /W-F3-1  /D:1     /W-F2-1  /T4-F2-1 /T0-F2-1 /D:1     /W-T1-1  /D:1     
/W-T2-1  /T6-T2-4 /D:1     /W-T5-1  /T4-T5-1 /T4-T1-1 /W-T1-1  /T3-T1-1 /T3-T2-1 /T5-T2-3 
/T2-T4-5 /T2-F0-1 /T4-T2-6 /D:1     /W-F1-1  /T3-F1-1 /T2-F1-1 /T0-F1-1 /T2-F2-1 /T0-F2-1 
/T0-F3-1 /T2-F1-1 /T2-F2-1 /T0-F2-1 /D:1     /W-T3-1  /T5-T3-1 /D:1     /W-T3-1  /D:1     
/W-F3-1  /T1-F3-1 /T0-T1-1 /T0-F0-1 /T2-T3-2 /T2-F3-1 /T1-T0-2 /T1-F3-1 /T3-T2-3 /T3-F0-1 
/T1-F0-1 /T3-F3-1 /D:1     /W-F1-1  /T2-F1-1 /T0-F1-1 /T2-F2-1 /T0-F2-1 /T2-F1-1 /T0-F1-1 
/T2-F2-1 /T0-F2-1 /T2-F1-1 
"
1030357,J#Qs#aXA#lyYh#eGkuz#EvcrRZ#PdbngCL#DBTqUiHmNtWxVMfKISwpFjOo,116.500000,918.000000,42.000000,0.714286,1,"
minimal: 0 / states: 117 / duration: 0.000133s
history:
/T2-F0-1 /T6-T5-1 /T2-T5-1 /T2-F1-1 /T5-T2-3 /T5-T1-1 /T0-T2-1 /T4-T0-1 /D:1     /W-T1-1  
/D:1     /W-F0-1  /T6-F0-1 /T6-T4-1 /T6-F2-1 /T6-F1-1 /T1-T4-3 /T6-T5-1 /T4-F0-1 /D:2     
/W-T4-1  /T6-T4-1 /D:2     /W-T2-1  /T4-T2-6 /D:2     /W-T6-1  /D:1     /W-F3-1  /D:1     
/W-T3-1  /D:5     /W-T3-1  /T5-T3-2 /T5-F1-1 /T3-T5-5 /T3-T0-1 /T4-T3-1 /T3-T6-2 /T5-F1-1 
/T1-T5-1 /W-T1-1  /T3-T1-1 /D:1     /W-T0-1  /D:2     /W-T4-1  /D:1     /W-T6-1  /D:1     
/W-T5-1  /D:2     /W-T0-1  /T5-T0-7 /T5-F0-1 /W-F0-1  /D:1     /W-F3-1  /T2-F3-1 /D:1     
/W-F2-1  /T0-F2-1 /T0-F3-1 /T2-F2-1 /T0-F2-1 /T2-F3-1 /T4-F3-1 /T4-F0-1 /T4-F1-1 /T0-F1-1 
/T2-F2-1 /T0-F2-1 /T2-F1-1 /T0-F1-1 /T2-F2-1 /T0-F2-1 /T2-F1-1 /T0-F1-1 /T6-F2-1 /T6-F1-1 
/T1-F1-1 /R       /D:1     /W-F3-1  /D:1     /W-F3-1  /D:1     /W-F0-1  /D:1     /W-T0-1  
/D:1     /W-F2-1  /T6-F2-1 /T6-F1-1 /T0-T1-3 /T0-F2-1 /D:1     /W-F3-1  /T1-F3-1 /D:1     
/W-F0-1  /T2-F0-1 /T1-F0-1 /T2-F3-1 /T1-F3-1 /T2-F0-1 /T1-F0-1 /T2-F3-1 
"
1030410,v#Nl#WYP#bXjA#DOpsB#yGrdeh#wmfxzTK#RQUEoHnqVJaMgukLiItSFZCc,61.500000,633.000000,22.000000,0.900000,1,"
minimal: 0 / states: 125 / duration: 0.000137s
history:
/T3-F0-1 /T4-F0-1 /T6-T1-1 /T5-T0-1 /T5-T4-1 /T4-T6-2 /T3-T1-1 /T4-T5-1 /T4-T5-1 /T2-T4-1 
/T0-T1-2 /T4-T6-2 /D:5     /W-T6-1  /D:2     /W-F2-1  /T6-F2-1 /D:3     /W-T3-1  /W-T3-1  
/D:1     /W-F1-1  /D:1     /W-T0-1  /T1-T0-5 /T1-F3-1 /T5-F3-1 /T6-F3-1 /T5-F2-1 /W-F2-1  
/W-T3-1  /T6-T3-4 /T6-T1-1 /T6-T2-1 /T2-T1-2 /W-T6-1  /T5-T6-1 /T5-F2-1 /T6-T5-3 /T5-T0-4 
/T3-T5-8 /T3-F1-1 /T6-T3-1 /T2-T1-1 /T5-T3-9 /D:5     /W-T6-1  /D:1     /W-T1-1  /D:4     
/W-T2-1  /D:1     /W-F0-1  /T3-F0-1 /D:1     /W-F1-1  /T0-F1-1 /T3-F1-1 /T0-F0-1 /T0-F1-1 
/T3-F2-1 /W-F0-1  /T0-F0-1 /R       /D:2     /W-F3-1  /W-F3-1  /D:1     /W-T1-1  /D:1     
/W-F1-1  /T0-F1-1 /T6-F1-1 /D:3     /W-T2-1  /W-T2-1  /T6-T2-1 /D:1     /W-F2-1  /W-F2-1  
/T0-F2-1 /T0-F1-1 /T2-F2-1 /T2-F1-1 /T1-T0-3 /T1-F2-1 /T0-T1-4 /T0-F1-1 /T3-T2-5 /T3-F2-1 
/T3-F1-1 /T1-T0-5 /T1-F2-1 /D:1     /W-F3-1  /T2-F3-1 /T0-F3-1 /T2-F0-1 /T0-F0-1 /T2-F3-1 
/T0-F3-1 /T2-F0-1 /T0-F0-1 /T2-F3-1 /T0-F3-1 /T2-F0-1 /T0-F0-1 /T2-F3-1 
"
1030424,G#fP#ywN#SdgX#OJHAn#cBFhCs#RLlzorq#kuVIEWxeUtZQjKimDpavYTbM,127.500000,2562.000000,47.000000,0.596154,1,"
minimal: 0 / states: 126 / duration: 0.000173s
history:
/T2-F3-1  /T4-F2-1  /T4-F0-1  /T1-T6-1  /T2-T3-1  /T3-T2-2  /T5-T3-1  /T3-T4-2  /T5-T3-1  /T0-T5-1  
/T1-T5-1  /D:3      /W-T2-1   /T4-T2-3  /D:2      /W-T5-1   /T3-T5-2  /D:3      /W-T2-1   /T6-T2-2  
/T6-T3-1  /T6-F2-1  /T6-T0-1  /T6-T0-1  /W-T0-1   /W-T0-1   /W-T0-1   /T5-T0-6  /D:3      /W-T1-1   
/T6-T1-1  /T6-T5-1  /D:1      /W-T3-1   /D:3      /W-T4-1   /D:1      /W-T6-1   /T2-T6-10 /D:1      
/W-T5-1   /D:1      /W-F2-1   /T6-T5-1  /T6-F2-1  /D:1      /W-F1-1   /D:4      /W-F1-1   /D:1      
/W-T2-1   /R        /D:1      /W-T1-1   /T4-T1-2  /T4-F3-1  /T5-F3-1  /T3-F3-1  /T3-F2-1  /T5-T6-1  
/T5-F3-1  /T3-F3-1  /T6-T5-2  /T6-F2-1  /T5-T6-3  /T5-F0-1  /T0-F0-1  /T5-F1-1  /T0-F1-1  /T6-F0-1  
/T0-F0-1  /T6-F1-1  /T0-F1-1  /T6-F0-1  /T0-F0-1  /T6-F1-1  /T0-F1-1  /T1-F1-1  /T6-F0-1  /T0-F0-1  
/T1-F0-1  /D:1      /W-T6-1   /D:2      /W-F2-1   /T6-F2-1  /D:1      /W-F1-1   /T1-F1-1  /D:1      
/W-F0-1   /T1-F0-1  /T2-F0-1  /D:1      /W-F2-1   /D:2      /W-F3-1   /R        /D:1      /W-F3-1   
/T6-F3-1  /T0-F3-1  /T6-F2-1  /T0-F2-1  /T0-F1-1  /T6-F3-1  /T6-F2-1  /T6-F1-1  /T0-F2-1  /D:1      
/W-F3-1   /T1-F3-1  
"
1030579,r#jN#Oez#xFmT#acKdn#kgZXus#EHiPMBD#AUqpvSQhRJLCVfGylbIoWwYt,178.500000,4656.000000,55.000000,0.505155,1,"
minimal: 0 / states: 131 / duration: 0.000156s
history:
/T1-F3-1 /T4-F2-1 /T5-T3-1 /T3-T5-2 /T4-T0-1 /T1-T4-1 /T2-T1-1 /T6-T2-1 /T2-T5-2 /T2-F3-1 
/T3-T2-1 /D:1     /W-F0-1  /T6-F0-1 /D:3     /W-T0-1  /D:1     /W-T4-1  /D:3     /W-T4-1  
/D:1     /W-T3-1  /D:2     /W-T2-1  /D:1     /W-F0-1  /T5-F0-1 /D:3     /W-T4-1  /W-T4-1  
/T0-T4-3 /T6-T0-1 /T6-F3-1 /T5-T6-4 /T5-T2-1 /D:1     /W-T5-1  /D:1     /W-T0-1  /T4-T0-9 
/F0-T3-1 /T4-T3-1 /T4-F1-1 /T5-T4-2 /T3-T5-4 /D:1     /W-F1-1  /T5-F1-1 /T5-F0-1 /D:2     
/W-F2-1  /T0-F2-1 /T0-F1-1 /T6-F1-1 /D:1     /W-T3-1  /W-T3-1  /D:1     /W-T2-1  /T6-T2-4 
/T5-T6-3 /T5-T4-1 /D:1     /W-T1-1  /T3-T1-3 /D:1     /R       /D:1     /W-T1-1  /D:1     
/W-F2-1  /T0-F2-1 /T0-F1-1 /T2-F2-1 /T6-T2-2 /T6-F1-1 /T0-T1-1 /T0-F1-1 /D:1     /W-T1-1  
/D:1     /W-F3-1  /T2-F3-1 /T1-F3-1 /D:1     /W-T4-1  /D:1     /W-T4-1  /T6-T4-1 /T6-F0-1 
/T2-F0-1 /T1-F0-1 /T2-F3-1 /T4-F0-1 /T1-F3-1 /T1-F0-1 /T4-F3-1 /T1-F3-1 /T4-F0-1 /T0-T1-2 
/T0-F0-1 /T2-T4-3 /T2-F3-1 /T2-F0-1 /T1-T0-3 /T1-F3-1 /T0-T1-4 /T0-F0-1 /T4-T2-5 /T4-F3-1 
/D:1     /W-F2-1  /T2-F2-1 /T1-F2-1 /T2-F1-1 /T1-F1-1 /T2-F2-1 /T1-F2-1 /T2-F1-1 /T1-F1-1 
/T2-F2-1 /T1-F2-1 /T2-F1-1 
"
1030660,R#jL#oMZ#leYO#rEhps#zDnCqt#fimPvKx#NXabGIHBJATwVyFuWdScQkgU,130.500000,2011.000000,44.000000,0.627907,1,"
minimal: 0 / states: 117 / duration: 0.000137s
history:
/T1-T2-1 /T0-T4-1 /T2-T0-2 /T1-T6-1 /T2-T1-1 /D:1     /W-F3-1  /T3-F3-1 /T6-T3-2 /T3-T1-3 
/D:1     /W-T0-1  /D:1     /W-F1-1  /D:1     /W-F1-1  /D:2     /W-T1-1  /D:3     /W-T0-1  
/D:1     /W-F0-1  /W-F0-1  /D:3     /W-T0-1  /D:3     /W-T0-1  /D:1     /W-T6-1  /D:2     
/W-T5-1  /D:1     /W-F1-1  /W-F1-1  /T3-F1-1 /T6-T3-2 /T6-T3-1 /T6-F3-1 /D:1     /W-F3-1  
/T4-F3-1 /T5-F3-1 /D:2     /W-T0-1  /T4-T0-1 /D:1     /W-T1-1  /T5-T1-1 /F1-T0-1 /T5-T0-1 
/T5-F0-1 /T5-F2-1 /T2-F2-1 /T4-F2-1 /T0-F2-1 /T5-F0-1 /T0-F1-1 /T4-T3-1 /T4-F0-1 /T4-F2-1 
/T0-F2-1 /T6-T2-1 /T1-F2-1 /T3-T5-5 /R       /D:1     /W-T1-1  /D:1     /W-T6-1  /T0-T6-1 
/T0-F2-1 /D:1     /W-F3-1  /T1-T5-1 /T1-F3-1 /T0-F3-1 /T6-T0-3 /T6-F1-1 /T0-F1-1 /T5-T1-2 
/T5-F2-1 /T5-F3-1 /D:1     /W-F2-1  /T1-T5-4 /T1-F2-1 /D:1     /W-F2-1  /D:1     /W-F0-1  
/T5-F0-1 /T0-F0-1 /T5-F1-1 /T0-F1-1 /T5-F0-1 /T0-F0-1 /T0-F3-1 /T5-F1-1 /T5-F0-1 /T1-F3-1 
/T0-F0-1 /T0-F3-1 /T1-F0-1 /D:1     /W-F1-1  /T5-F1-1 /T2-F1-1 /T5-F2-1 
"
1030866,N#cI#XeD#Gylu#xfEwM#iWFJOp#qRCsQda#SobYAnUmLZKrzVtjhgvPHkBT,111.000000,1434.000000,34.000000,0.724359,1,"
minimal: 0 / states: 112 / duration: 0.000148s
history:
/T0-F3-1 /T6-F1-1 /T5-T6-1 /T5-F3-1 /T4-T0-1 /D:3     /W-F1-1  /D:1     /W-T0-1  /D:1     
/W-F0-1  /D:1     /W-F2-1  /W-F2-1  /T6-F2-1 /D:1     /W-T1-1  /D:4     /W-T0-1  /D:3     
/W-T4-1  /T3-T4-1 /D:1     /W-T1-1  /D:1     /W-T0-1  /T1-T0-3 /T1-F1-1 /T6-F1-1 /W-T1-1  
/T3-T1-1 /D:2     /W-T4-1  /D:2     /W-F3-1  /T6-F3-1 /T6-T4-1 /D:2     /W-T3-1  /T4-T3-5 
/F1-T4-1 /T6-T4-1 /T6-F3-1 /T6-F2-1 /F3-T3-1 /T2-T3-1 /T3-T2-1 /T3-F3-1 /T2-T3-2 /T5-T2-1 
/D:1     /W-F0-1  /T4-F0-1 /T3-F0-1 /T4-F1-1 /T3-F1-1 /T4-F0-1 /T5-F0-1 /T4-F1-1 /T5-T4-1 
/W-T5-1  /W-T4-1  /W-T4-1  /W-F2-1  /T3-F2-1 /T3-F1-1 /W-T6-1  /T3-T6-5 /T0-F2-1 /T3-F0-1 
/T4-F1-1 /T5-F0-1 /T5-F1-1 /T6-F2-1 /T4-F2-1 /T0-T4-2 /T0-F1-1 /T6-T2-1 /T6-F2-1 /T6-F1-1 
/T1-F1-1 /T4-T0-3 /T4-F2-1 /T6-F2-1 /T1-F2-1 /W-T6-1  /W-F1-1  /W-F3-1  /T2-T6-3 /D:1     
/W-F3-1  /T0-F3-1 /T0-F0-1 /T6-F3-1 /T0-F3-1 /T6-F0-1 /T0-F0-1 /T6-F3-1 /T0-F3-1 /T6-F0-1 
/T0-F0-1 /T6-F3-1 
"
1030876,O#ES#wgD#cxKl#krFGn#desvmB#oqMfHZu#zAJiRUjXyVQINbYhPWtLCpTa,133.000000,1554.000000,49.000000,0.552326,1,"
minimal: 0 / states: 127 / duration: 0.000148s
history:
/T4-F2-1 /T1-T4-1 /T1-T4-1 /D:1     /W-T1-1  /T3-T1-1 /T3-T1-1 /D:1     /W-F0-1  /T5-F0-1 
/D:5     /W-T1-1  /D:2     /W-T5-1  /W-T5-1  /D:2     /W-T4-1  /D:1     /W-T1-1  /D:1     
/W-F3-1  /T0-F3-1 /T5-T0-3 /D:3     /W-T1-1  /T4-T1-4 /D:1     /W-F3-1  /T1-F3-1 /D:1     
/W-T3-1  /T5-T3-1 /D:3     /W-F0-1  /T2-F0-1 /T4-T2-1 /T2-T6-2 /T1-F0-1 /T4-T1-1 /T6-F0-1 
/T5-T6-1 /T5-T6-1 /T2-T0-1 /T5-T1-1 /D:1     /W-T1-1  /D:2     /W-F1-1  /R       /D:1     
/W-T4-1  /D:1     /W-T0-1  /T6-T0-4 /T6-T2-1 /D:1     /W-F3-1  /D:1     /W-T3-1  /D:1     
/W-T4-1  /T6-T4-1 /T1-T6-3 /T1-F3-1 /T6-T1-4 /T6-T5-1 /T6-T0-1 /T6-F2-1 /T1-F2-1 /T0-F2-1 
/D:1     /W-F1-1  /D:1     /W-T5-1  /T3-T5-4 /T3-F1-1 /T1-F1-1 /T0-F1-1 /T1-F2-1 /T0-F2-1 
/T1-F1-1 /T0-F1-1 /T1-F0-1 /T1-F1-1 /T4-F0-1 /T1-F0-1 /T0-T4-1 /T0-F1-1 /T1-F1-1 /T4-T0-2 
/T4-F0-1 /T1-F0-1 /T4-F1-1 /T1-F1-1 /T0-T2-5 /T0-F1-1 /D:1     /W-F2-1  /T2-F2-1 /D:1     
/W-F0-1  /T5-T1-5 /T5-F0-1 /D:1     /W-F3-1  /T1-F3-1 /T1-F2-1 /T2-F3-1 /T1-F3-1 /T2-F2-1 
/T1-F2-1 /T2-F3-1 /T1-F3-1 /T2-F2-1 /T1-F2-1 /T2-F3-1 
"
1030918,I#yQ#WTL#GcYS#xhJOj#FgVfqM#aCdAUsZ#krPoEbKlvwnumpztDNieRHXB,168.000000,4278.000000,53.000000,0.537634,1,"
minimal: 0 / states: 123 / duration: 0.000155s
history:
/T2-T6-1 /T0-T4-1 /T6-T0-2 /T6-T2-1 /T6-T4-1 /T6-F0-1 /D:1     /W-T0-1  /D:1     /W-T3-1  
/T6-T3-1 /T6-T1-1 /T6-F1-1 /T5-T6-1 /D:1     /W-T5-1  /D:1     /W-T5-1  /D:2     /W-F1-1  
/D:2     /W-T6-1  /W-T6-1  /T4-T6-3 /T4-T1-1 /T4-T0-1 /D:3     /W-F2-1  /T5-F2-1 /D:3     
/W-F2-1  /D:2     /W-T4-1  /T3-T4-3 /D:2     /W-F3-1  /T1-F3-1 /T5-F3-1 /T5-F2-1 /T1-T4-1 
/T1-F3-1 /D:1     /W-T0-1  /D:1     /W-T2-1  /W-T2-1  /D:1     /W-F3-1  /T4-T5-3 /T4-F3-1 
/T5-T4-4 /D:1     /W-T0-1  /T2-T0-4 /D:1     /W-T1-1  /D:1     /W-F0-1  /T4-F0-1 /T0-F0-1 
/R       /D:1     /W-F0-1  /D:1     /W-T2-1  /T4-T2-5 /T2-T4-7 /T4-T3-8 /D:1     /W-T1-1  
/T5-T1-1 /T0-T5-2 /T0-F3-1 /T5-T0-3 /T5-F0-1 /T6-F3-1 /T1-F3-1 /D:2     /W-T2-1  /T1-T2-3 
/D:1     /W-T1-1  /T3-T1-9 /T3-F1-1 /T1-F1-1 /T0-F1-1 /T1-F2-1 /T0-F2-1 /T1-F1-1 /T0-F1-1 
/T1-F2-1 /T3-F0-1 /T0-F0-1 /T1-F1-1 /T6-F0-1 /W-F2-1  /T0-F1-1 /T0-F0-1 /T1-F2-1 /T1-F3-1 
/T2-F2-1 /T2-F3-1 /T6-F1-1 /T0-F1-1 /T1-F2-1 /T2-F2-1 /T6-F0-1 /T0-F0-1 /T1-F3-1 /T0-F3-1 
/T6-F1-1 /T1-F2-1 /T2-F1-1 /T6-F0-1 
"
1030954,M#Tl#GtV#anvr#XqByp#COfgUD#uNHQocA#LhksJSxiKZPIWzbdwjEYmeRF,132.500000,3006.000000,52.000000,0.580247,1,"
minimal: 0 / states: 130 / duration: 0.000176s
history:
/T6-F0-1 /T6-T5-1 /T6-T5-1 /T4-T6-1 /T6-T3-2 /T6-T2-1 /T6-F3-1 /T1-T0-1 /T1-T2-1 /D:3     
/W-T4-1  /D:1     /W-T2-1  /D:1     /W-T4-1  /T2-T4-4 /D:1     /W-T2-1  /T3-T2-3 /W-T3-1  
/T2-T3-5 /D:1     /W-T0-1  /D:3     /W-T1-1  /T4-T1-7 /T4-F0-1 /D:1     /W-T4-1  /D:2     
/W-T0-1  /T3-T0-7 /T3-F2-1 /T3-F1-1 /T5-F2-1 /T0-F2-1 /D:1     /W-T3-1  /D:1     /W-F1-1  
/T5-F1-1 /T4-T5-1 /T4-F2-1 /D:1     /W-F1-1  /D:1     /W-T4-1  /D:3     /W-T3-1  /D:2     
/W-T1-1  /T5-T1-2 /T2-T5-1 /W-T2-1  /D:2     /R       /D:1     /W-T2-1  /T4-T2-2 /D:1     
/W-T2-1  /T6-T2-1 /D:1     /W-T3-1  /D:2     /W-T3-1  /W-T3-1  /T5-T3-2 /T5-T2-1 /T5-T3-1 
/T5-F3-1 /T1-F3-1 /T5-F0-1 /T0-F3-1 /T0-F2-1 /T1-F0-1 /T1-F1-1 /T1-F2-1 /T3-F1-1 /T2-F1-1 
/T0-T3-1 /T0-F2-1 /T0-F1-1 /T2-F2-1 /T0-F2-1 /T2-F1-1 /T2-F2-1 /T3-T0-4 /T3-F1-1 /T0-T3-5 
/T0-F2-1 /T1-T2-4 /T1-F1-1 /T0-F1-1 /T1-F2-1 /T2-T1-6 /T2-F1-1 /T3-T0-7 /T3-F2-1 /D:1     
/W-F0-1  /D:1     /W-F3-1  /T0-F3-1 /T1-F3-1 /D:1     /W-F0-1  /T0-F0-1 /T0-F3-1 /T1-F0-1 
/T0-F0-1 /T1-F3-1 /T0-F3-1 /T1-F0-1 /T0-F0-1 /T1-F3-1 /T0-F3-1 /T1-F0-1 /T0-F0-1 /T1-F3-1 
"
1030963,M#HZ#Kzy#SjEI#mvalC#FrfdTw#gutxXiN#hqQboLOBeUPckARDVnWYpGJs,99.000000,1230.000000,47.000000,0.578313,1,"
minimal: 0 / states: 129 / duration: 0.000151s
history:
/T6-F3-1  /T6-T5-1  /T5-T6-2  /T6-T2-3  /T2-T1-4  /D:1      /W-T3-1   /D:3      /W-T4-1   /D:3      
/W-F3-1   /D:4      /W-F3-1   /D:3      /W-F0-1   /D:4      /W-F2-1   /D:1      /W-T6-1   /T3-T6-2  
/D:1      /W-T0-1   /T6-T0-4  /T6-T0-1  /T5-T6-1  /T4-T5-2  /T4-T2-1  /T4-F1-1  /T5-F1-1  /T5-T3-2  
/T3-T5-3  /T5-T0-4  /T4-T3-1  /T6-T1-2  /D:4      /W-T1-1   /R        /D:2      /W-F3-1   /D:1      
/W-F2-1   /D:1      /W-T4-1   /D:1      /W-F0-1   /T0-F0-1  /D:1      /W-T1-1   /W-T1-1   /D:1      
/W-T3-1   /D:1      /W-F1-1   /T0-F1-1  /D:1      /W-T4-1   /D:1      /W-F3-1   /D:1      /W-F0-1   
/T0-F0-1  /T5-T0-1  /T5-T6-1  /T1-T5-10 /T6-T1-2  /T2-T6-2  /T3-T2-3  /T1-F0-1  /T3-F3-1  /T5-T1-3  
/T5-F3-1  /T2-F3-1  /T2-T6-3  /D:1      /W-F3-1   /D:1      /W-F2-1   /T1-F2-1  /T0-F2-1  /T1-F1-1  
/T0-F1-1  /T1-F2-1  /T0-F2-1  /T1-F1-1  /T5-F2-1  /T0-F1-1  /T6-F2-1  /T5-F1-1  /T5-F2-1  /T6-F1-1  
/T4-F1-1  /T0-T6-2  /T0-F2-1  /T5-T4-1  /T5-F2-1  /T6-T0-3  /T6-F1-1  /T6-F2-1  /T4-T5-2  /T4-F1-1  
/D:1      /W-F0-1   /T1-F0-1  /T0-F0-1  /T0-F3-1  /T5-F3-1  /D:1      /W-F0-1   /T0-F0-1  /T0-F3-1  
/T5-F0-1  /T0-F0-1  /T5-F3-1  
"
1031145,q#Te#laK#uWMU#BHEsA#vxDgYd#CLknbNI#OXwyJroSVtZQGmifRchjzPpF,101.000000,1152.000000,46.000000,0.596154,1,"
minimal: 0 / states: 127 / duration: 0.000145s
history:
/T4-F0-1 /T3-T6-1 /T1-T4-1 /T4-T1-2 /T5-T4-1 /T5-T3-1 /T2-T3-1 /T2-F1-1 /T0-T1-1 /T3-T0-3 
/T6-T3-2 /T6-F3-1 /T6-F1-1 /T6-F2-1 /T3-T0-3 /T5-T3-1 /D:1     /W-F3-1  /D:2     /W-T6-1  
/D:4     /W-F2-1  /D:2     /W-T6-1  /T3-T6-2 /D:1     /W-T0-1  /W-T0-1  /T4-T0-2 /T1-T4-4 
/D:1     /W-T1-1  /D:3     /W-T3-1  /D:4     /W-F1-1  /T0-F1-1 /D:4     /W-F3-1  /D:1     
/W-F2-1  /T4-F2-1 /T5-T4-1 /T5-T2-1 /D:1     /W-T6-1  /R       /D:2     /W-T1-1  /T6-T1-6 
/T6-T3-1 /W-T3-1  /D:1     /W-T3-1  /D:1     /W-F2-1  /T4-T1-2 /T4-F2-1 /D:1     /W-F3-1  
/D:2     /W-T3-1  /T4-T3-2 /T4-F0-1 /T6-F0-1 /T1-F0-1 /T0-F0-1 /T1-F1-1 /T1-F0-1 /W-F0-1  
/D:1     /W-F1-1  /T1-F1-1 /T3-T1-1 /T3-F0-1 /T0-T5-3 /T0-F0-1 /T5-T0-4 /D:1     /W-F3-1  
/T0-F3-1 /T0-F2-1 /T1-F3-1 /T0-F3-1 /T1-F2-1 /T1-F3-1 /T0-F2-1 /T0-F3-1 /T1-F2-1 /T2-F2-1 
/T3-T1-2 /T3-F3-1 /T0-T2-1 /T0-F3-1 /T1-T3-3 /T1-F2-1 /T1-F3-1 /T2-T0-2 /D:1     /W-F1-1  
/T3-F1-1 /T3-F0-1 /T0-F0-1 /D:1     /W-F1-1  /T3-F1-1 /T0-F1-1 /T3-F0-1 /T0-F0-1 /T3-F1-1 
/D:1     /W-F2-1  
"
1031194,j#DA#Boa#qvIi#hMwZH#TJCfkW#VcFYUEP#ldQpbGruSnzyOeNLgXxRtsmK,129.000000,452.000000,43.000000,0.642857,0,"
minimal: 0 / states: 411816 / duration: 0.826080s
history:
/T1-F0-1 /T2-F1-1 /T6-T1-1 /D:3     /W-T6-1  /D:1     /W-T6-1  /D:1     /W-F1-1  /D:5     
/W-F2-1  /T2-F2-1 /T2-F0-1 /T4-T3-1 /D:2     /W-T4-1  /D:1     /W-T6-1  /D:2     /W-F3-1  
/T6-F3-1 /T1-F3-1 /T6-F2-1 /T6-F3-1 /T4-T2-2 /T3-T4-2 /T3-T5-1 /T3-T0-1 /T3-F2-1 /D:2     
/W-T4-1  /D:1     /W-T2-1  /T4-T2-4 /T4-T3-1 /D:2     /W-F3-1  /D:1     /W-T4-1  /T4-T5-2 
/D:1     /W-T2-1  /D:1     /W-T4-1  /D:1     /R       /D:2     /W-T6-1  /D:2     /W-F2-1  
/T2-F2-1 /D:2     /W-T5-1  /T6-T5-2 /T6-T0-1 /T6-T3-1 /T6-T2-1 /T6-F1-1 /T5-F1-1 /D:2     
/W-F1-1  /D:1     /W-T4-1  /D:1     /W-T3-1  /T5-T3-6 /T5-T4-1 /T5-F1-1 /T5-F0-1 /T1-F0-1 
/T3-F0-1 /T2-F0-1 /T2-F1-1 /T3-F3-1 /T3-F2-1 /T3-F1-1 /T5-T4-1 /T5-F3-1 /T0-F3-1 /T6-F3-1 
/D:1     /R       /D:2     /W-F0-1  /T2-F0-1 /T2-F1-1 /T3-F0-1 /T3-F3-1 /T4-F0-1 /D:1     
/W-F2-1  /T0-F2-1 /T0-F1-1 /T2-F2-1 /T2-F3-1 /T3-F2-1 /T2-F2-1 /T3-F3-1 /T4-F1-1 /T2-F3-1 
/D:2     /W-F0-1  /T4-F0-1 /T3-F0-1 /R       /D:1     /W-F1-1  /T4-F1-1 /D:1     /W-F2-1  
"
1031270,X#oi#WbP#rMAU#GyKuT#pDcQjz#dtxVnew#COvmgaJhsqfZSNkEILFlHBYR,137.500000,2037.000000,58.000000,0.521505,1,"
minimal: 0 / states: 125 / duration: 0.000136s
history:
/T6-T0-1 /T1-T0-1 /T1-T2-1 /T5-T1-1 /D:3     /W-T5-1  /T3-T5-1 /T3-F0-1 /D:3     /W-F1-1  
/D:3     /W-T4-1  /T6-T4-1 /T6-F2-1 /T2-F2-1 /D:1     /W-T4-1  /T2-T4-1 /T2-F1-1 /D:4     
/W-F3-1  /D:3     /W-T2-1  /D:3     /W-T1-1  /D:1     /W-T0-1  /T4-T0-5 /T4-T6-1 /T5-T4-3 
/T4-T1-4 /T0-T4-9 /T3-T0-1 /T5-T3-1 /T5-F1-1 /D:1     /W-F0-1  /D:1     /W-T0-1  /D:1     
/R       /D:1     /W-F0-1  /T5-F0-1 /T5-F2-1 /D:1     /W-F3-1  /T4-F3-1 /T3-F3-1 /T4-F2-1 
/T3-F2-1 /D:1     /W-T3-1  /T4-T3-8 /T4-T1-1 /D:1     /W-T6-1  /D:2     /W-T2-1  /D:1     
/W-T1-1  /D:1     /W-T4-1  /D:3     /W-F0-1  /D:1     /W-T4-1  /W-T4-1  /D:1     /W-F0-1  
/D:1     /W-F3-1  /W-F3-1  /W-T4-1  /T6-T4-3 /T6-T0-1 /T6-T2-1 /T6-F1-1 /T3-F1-1 /T1-F1-1 
/T1-F0-1 /T3-F2-1 /T2-F2-1 /T3-F3-1 /T1-F3-1 /T4-F1-1 /T2-F1-1 /T3-F0-1 /T2-F0-1 /T4-F2-1 
/T1-F2-1 /T3-F1-1 /T1-F1-1 /T4-F3-1 /T2-F3-1 /T3-F2-1 /T0-F2-1 /T4-F0-1 /T1-F0-1 /T3-F3-1 
/T0-F3-1 /T4-F1-1 /T1-F1-1 /T3-F2-1 /T1-F2-1 /T4-F0-1 /T0-F0-1 /T3-F1-1 /T4-F3-1 
"
1031349,Z#Sq#QhY#dFVP#bEgOj#LXMCNI#rtmiycD#lJTawxueAfKBnsvUGkHzWpRo,110.000000,1476.000000,41.000000,0.660256,1,"
minimal: 0 / states: 116 / duration: 0.000118s
history:
/T5-T4-1 /T5-F3-1 /T3-T1-1 /D:4     /W-F1-1  /D:2     /W-T2-1  /T4-T2-2 /T4-F3-1 /T1-F3-1 
/D:1     /W-T3-1  /T4-T3-1 /D:2     /W-F0-1  /D:3     /W-F0-1  /T5-F0-1 /T6-F0-1 /T4-F0-1 
/T4-F1-1 /T6-F1-1 /T6-T0-1 /T2-T5-4 /T5-T4-5 /T2-T4-1 /T5-T0-1 /T2-F3-1 /D:1     /W-F2-1  
/D:1     /W-T3-1  /D:3     /W-T4-1  /D:1     /W-T5-1  /D:1     /W-T6-1  /D:1     /W-T2-1  
/D:3     /W-T3-1  /T1-T3-1 /T1-T4-1 /D:1     /W-F2-1  /W-F2-1  /T3-F2-1 /T3-F3-1 /T4-F3-1 
/R       /D:1     /W-T2-1  /D:1     /W-T0-1  /T6-T0-2 /T6-T1-1 /T5-T1-2 /D:1     /W-F3-1  
/D:1     /W-T1-1  /T3-T1-4 /T3-F0-1 /T3-F1-1 /T4-F0-1 /T6-T4-1 /T6-F2-1 /T0-F0-1 /T1-F2-1 
/T4-F2-1 /D:1     /W-F1-1  /D:1     /W-F1-1  /T1-F1-1 /T1-F2-1 /T4-F1-1 /T0-F1-1 /T4-F0-1 
/T0-F0-1 /T4-F1-1 /T1-T0-2 /T1-F1-1 /T2-F1-1 /D:1     /W-F0-1  /T1-F0-1 /T1-F1-1 /T4-T2-2 
/T4-F0-1 /D:1     /W-F2-1  /D:1     /W-F3-1  /T0-F3-1 /T0-F2-1 /T2-F2-1 /D:1     /W-F3-1  
/T0-F3-1 /T0-F2-1 /T2-F3-1 /T0-F3-1 /T2-F2-1 
"
1031427,p#DY#qSm#fhFs#EHknd#PwXvxy#gcLOKbM#ZUzAQaCjltJNViRreoBGuTIW,113.500000,2349.000000,46.000000,0.653409,1,"
minimal: 0 / states: 126 / duration: 0.000134s
history:
/T5-T2-1 /T5-T1-1 /T1-T6-2 /T0-T4-1 /T6-T0-3 /T6-T4-1 /D:2     /W-T5-1  /D:2     /W-F0-1  
/D:2     /W-F1-1  /T4-F1-1 /D:2     /W-T0-1  /T5-T0-2 /T5-T2-1 /T5-T2-1 /T5-T1-1 /T2-T5-4 
/D:2     /W-T0-1  /T2-T0-1 /D:2     /W-F3-1  /D:1     /W-T5-1  /D:2     /W-T3-1  /T1-T3-2 
/D:1     /W-T0-1  /T4-T0-2 /T4-F2-1 /D:2     /W-F2-1  /T0-F2-1 /T2-F2-1 /D:1     /W-F0-1  
/D:2     /W-T5-1  /D:1     /W-T5-1  /T3-T5-4 /D:2     /W-T6-1  /W-T6-1  /R       /D:1     
/W-T1-1  /D:1     /W-T2-1  /D:2     /W-F0-1  /D:1     /W-T2-1  /T6-T2-3 /T6-F3-1 /T5-F3-1 
/W-F3-1  /T4-T6-1 /T6-T1-2 /T6-F1-1 /T0-F1-1 /T0-F2-1 /T5-F0-1 /T5-F3-1 /T3-T6-1 /T3-T2-1 
/T0-F3-1 /T5-F2-1 /T0-F2-1 /T5-F3-1 /T0-F3-1 /T5-F2-1 /T4-T5-1 /T4-F0-1 /T0-F2-1 /T6-F0-1 
/T6-T5-1 /D:1     /W-T1-1  /T5-T1-3 /T5-F2-1 /D:2     /W-F1-1  /T3-F1-1 /T1-F1-1 /T2-F1-1 
/W-F1-1  /T0-F1-1 /T0-F2-1 /T1-T5-3 /T1-F1-1 /T2-T0-3 /T2-F1-1 /T5-T1-4 /T5-F2-1 /T2-F2-1 
/T5-F1-1 /D:1     /W-F0-1  /T1-F0-1 /T0-F0-1 /T1-F3-1 /T0-F3-1 /T1-F0-1 /T0-F0-1 /T1-F3-1 
/T0-F3-1 /T1-F0-1 /T0-F0-1 /T1-F3-1 
"
1031536,D#Lz#daG#elKX#QxpiN#SsZgCJ#MrOfEyA#bkcuhtnVFHBwWjUITomYvRqP,69.500000,590.000000,29.000000,0.816667,1,"
minimal: 0 / states: 121 / duration: 0.000128s
history:
/T4-F3-1 /T6-F0-1 /T5-T3-1 /T3-T6-2 /T4-T6-1 /D:1     /W-T4-1  /D:2     /W-T0-1  /D:1     
/W-T6-1  /D:3     /W-F2-1  /D:4     /W-F0-1  /T5-F0-1 /T5-T6-1 /T6-T5-6 /D:2     /W-T3-1  
/D:3     /W-T3-1  /W-T3-1  /T2-T3-1 /T2-F1-1 /T4-F1-1 /T4-T2-1 /T2-T6-2 /T5-T2-7 /T5-T2-1 
/T6-T5-3 /T6-T3-1 /T6-F3-1 /T6-T3-1 /T0-F1-1 /T0-F0-1 /T1-T0-1 /T5-T3-2 /T5-F0-1 /W-T4-1  
/D:2     /W-F2-1  /T3-F2-1 /T3-F1-1 /D:2     /W-T0-1  /T3-T0-7 /T3-T6-1 /T4-T6-2 /T3-F1-1 
/T0-T5-1 /T0-F1-1 /W-T3-1  /T1-T3-1 /T4-T5-1 /T5-T0-3 /D:1     /W-T6-1  /D:1     /W-T2-1  
/D:1     /W-F2-1  /D:1     /W-F3-1  /T0-F3-1 /T0-F2-1 /T2-F3-1 /T0-F3-1 /T2-F2-1 /T2-F1-1 
/W-F3-1  /R       /D:1     /W-T3-1  /D:1     /W-F1-1  /D:1     /W-F2-1  /T2-F2-1 /T2-F1-1 
/T6-F2-1 /T6-F1-1 /T3-F1-1 /D:1     /W-T2-1  /D:1     /W-F0-1  /T0-F0-1 /T0-F3-1 /T2-F3-1 
/D:1     /W-F0-1  /T0-F0-1 /T0-F3-1 /T2-F0-1 /T0-F0-1 /T2-F3-1 /T3-F0-1 /T0-F3-1 /T2-T3-1 
/T2-F3-1 /T6-T0-2 /T6-F0-1 /D:1     /W-F2-1  /T0-F2-1 /T0-F1-1 /T3-F2-1 /T0-F2-1 /T3-F1-1 
"
1031627,Z#me#Xgr#RsTI#huHnd#pPwBFM#AqliJct#EbOayjCWQUSxVLkGzfDYoKNv,138.500000,3160.000000,43.000000,0.611111,1,"
minimal: 0 / states: 126 / duration: 0.000123s
history:
/T4-T2-1 /T4-F2-1 /D:4     /W-F1-1  /D:1     /W-T0-1  /D:2     /W-T2-1  /D:3     /W-T3-1  
/T6-T3-1 /D:1     /W-T3-1  /T2-T3-3 /T2-T4-1 /T2-T0-1 /T5-T2-1 /T5-T4-1 /T5-T6-1 /T5-T0-1 
/T1-T4-1 /D:2     /W-T0-1  /T4-T0-4 /D:1     /W-T1-1  /D:1     /W-T1-1  /D:4     /W-T0-1  
/T6-T0-2 /T6-T1-1 /T6-T1-1 /T6-T2-1 /T4-T1-1 /T5-T6-1 /D:2     /W-F2-1  /T5-F2-1 /D:1     
/W-T2-1  /D:1     /W-F3-1  /D:1     /R       /D:2     /W-F1-1  /T0-T6-1 /T0-F1-1 /T6-T0-2 
/T6-F2-1 /T6-F0-1 /T0-F0-1 /T3-F0-1 /T3-F1-1 /T3-F2-1 /W-T3-1  /D:1     /W-F3-1  /T0-F3-1 
/T0-F0-1 /T0-F1-1 /T3-F0-1 /T0-F0-1 /D:1     /W-T2-1  /T3-T2-4 /T3-T1-1 /T3-F2-1 /D:2     
/W-F3-1  /T3-F3-1 /T2-F3-1 /T1-F3-1 /T2-F2-1 /T1-F2-1 /T2-F3-1 /T0-T1-2 /T0-F3-1 /W-F3-1  
/T4-T2-1 /D:2     /W-F0-1  /D:1     /W-T3-1  /D:1     /W-F1-1  /T1-F1-1 /T1-F0-1 /T2-F1-1 
/T1-F1-1 /T2-F0-1 /T1-F0-1 /T2-F1-1 /T2-F0-1 /T1-F1-1 /T1-F0-1 /T2-F1-1 /T1-F1-1 /T2-F0-1 
/D:1     /W-T3-1  /W-T3-1  /D:1     /W-F2-1  /T0-F2-1 /T0-F3-1 /T3-F2-1 /T0-F2-1 /T3-F3-1 
/T0-F3-1 /T3-F2-1 
"
1031922,H#Kf#CVP#uQOl#zgsaG#ywtDFn#xUdXAbo#LZiBNvRJYEIhWMkcmpeTSqjr,116.500000,2781.000000,49.000000,0.680723,1,"
minimal: 0 / states: 122 / duration: 0.000131s
history:
/T5-F2-1 /T6-F2-1 /T1-T4-1 /T1-T3-1 /D:2     /W-T1-1  /W-T1-1  /D:2     /W-T2-1  /D:1     
/W-F3-1  /D:2     /W-T5-1  /D:3     /W-T4-1  /D:3     /W-T3-1  /D:2     /W-T1-1  /D:3     
/W-F2-1  /D:2     /W-T0-1  /T5-T0-2 /T5-T0-1 /T2-T0-2 /T0-T2-7 /D:1     /W-T5-1  /D:1     
/W-F2-1  /D:2     /W-F2-1  /R       /D:2     /W-T3-1  /D:1     /W-T1-1  /T2-T1-8 /T6-T2-1 
/T6-F0-1 /T1-F0-1 /D:3     /W-T3-1  /T4-T3-3 /T4-F1-1 /T2-F1-1 /T4-F2-1 /T2-F0-1 /D:1     
/W-T0-1  /T3-T0-8 /T3-F3-1 /T1-F3-1 /T3-F3-1 /T4-T3-1 /T1-F0-1 /T1-F3-1 /T0-F0-1 /T5-F3-1 
/T5-F2-1 /T5-T6-1 /T6-T5-2 /F0-T0-1 /T6-T0-1 /T1-T3-1 /T1-F3-1 /T6-F3-1 /T3-T1-2 /T3-F2-1 
/D:1     /W-F1-1  /T0-F1-1 /T0-F0-1 /T1-F0-1 /D:1     /W-T2-1  /T5-T2-3 /D:1     /W-F1-1  
/T0-F1-1 /T0-F0-1 /T1-F1-1 /T0-F1-1 /T0-F2-1 /T1-F0-1 /T1-F3-1 /W-F0-1  /T0-F3-1 /T1-F0-1 
/T0-F0-1 /T2-F2-1 /T2-F3-1 /T6-F2-1 /W-F3-1  /W-F1-1  /T2-F2-1 /T4-F2-1 /T1-T2-2 /T1-F3-1 
/D:1     /W-F1-1  /T2-F1-1 /T0-F1-1 /T2-F0-1 /T0-F0-1 /T2-F1-1 
"
1040081,W#bN#hcS#JFYQ#HiMKC#EqTXgU#uDZeALG#alfpkwysodBRIVnOPtxzvrmj,112.000000,1245.000000,46.000000,0.570513,1,"
minimal: 0 / states: 131 / duration: 0.000131s
history:
/T1-F3-1  /T6-T5-1  /T4-T3-1  /T2-T5-1  /T0-T4-1  /T1-T3-1  /D:1      /W-F1-1   /T3-F1-1  /T2-F1-1  
/D:4      /W-T6-1   /D:1      /W-T6-1   /D:4      /W-F1-1   /D:3      /W-T4-1   /T5-T4-3  /D:1      
/W-T6-1   /D:1      /W-F2-1   /D:1      /W-F3-1   /D:1      /W-F3-1   /D:1      /W-T2-1   /D:2      
/W-T0-1   /D:2      /W-T4-1   /T3-T4-2  /T4-T3-9  /T3-T0-10 /T4-T1-1  /T3-T5-1  /T4-T3-1  /T5-T4-2  
/T3-T5-2  /T4-T5-3  /D:1      /W-T3-1   /T6-T3-4  /T6-F0-1  /T6-F1-1  /T6-T4-1  /F1-T5-1  /T6-T5-1  
/T6-T3-1  /D:1      /R        /D:1      /W-T1-1   /D:1      /W-T2-1   /D:2      /W-T4-1   /T5-T4-8  
/T5-T3-1  /D:1      /W-T3-1   /D:1      /W-F2-1   /W-F2-1   /T5-F2-1  /T0-T5-2  /T0-F2-1  /T3-F2-1  
/T5-T0-3  /D:1      /W-F0-1   /T0-F0-1  /T0-F3-1  /T4-F0-1  /T0-F0-1  /T4-F1-1  /T2-F1-1  /T2-F2-1  
/T4-F0-1  /T4-F1-1  /T2-F1-1  /T3-T4-1  /T3-F2-1  /T4-T3-2  /T4-F1-1  /D:1      /W-F3-1   /T0-F3-1  
/T0-F0-1  /T3-F3-1  /T0-F3-1  /T3-F0-1  /T0-F0-1  /T3-F3-1  /T4-F0-1  /T0-F3-1  /T0-F0-1  /T4-F3-1  
/T0-F3-1  /T3-T4-2  /T3-F0-1  /T1-T0-1  /T1-F0-1  /T4-T3-3  /T4-F3-1  /D:1      /W-T0-1   /D:1      
/W-F2-1   /T3-F2-1  /T0-F2-1  /D:1      /W-F1-1   /T3-F1-1  /T0-F1-1  /T3-F2-1  /T0-F2-1  /T3-F1-1  
"
1040458,T#MQ#cmZ#fgGK#tiRIu#sFnbBL#CWzSlaw#hykepNojPJdEUqVYDrXHvAOx,150.500000,2221.000000,55.000000,0.536842,1,"
minimal: 0 / states: 123 / duration: 0.000132s
history:
/T5-T2-1 /T0-T4-1 /T2-T0-2 /D:2     /W-T2-1  /D:1     /W-T0-1  /T6-T0-1 /T6-F1-1 /T3-T6-1 
/D:2     /W-T1-1  /D:1     /W-F3-1  /D:2     /W-T6-1  /D:7     /W-T0-1  /T4-T0-2 /T4-T6-1 
/W-T4-1  /W-T6-1  /T3-T6-1 /D:4     /W-T2-1  /D:3     /W-F0-1  /T5-F0-1 /T5-F1-1 /T5-F2-1 
/T4-T5-2 /T5-T0-3 /T5-T3-1 /T2-T5-3 /T2-F1-1 /D:1     /W-F3-1  /D:1     /R       /D:2     
/W-T3-1  /D:1     /W-F2-1  /T1-F2-1 /T0-F2-1 /D:1     /W-F3-1  /T1-F3-1 /T6-T1-6 /T6-T1-1 
/T6-T2-1 /T0-F3-1 /T1-F3-1 /D:1     /W-T5-1  /T4-T5-1 /D:1     /W-F1-1  /T3-F1-1 /D:2     
/W-T2-1  /D:2     /W-F2-1  /T3-F2-1 /T4-F2-1 /T0-T3-1 /T0-F3-1 /T3-T0-2 /T3-F1-1 /D:1     
/W-T5-1  /T0-T5-2 /T0-F2-1 /D:1     /W-F2-1  /D:1     /W-T2-1  /T6-T2-1 /T6-F0-1 /W-F0-1  
/W-F0-1  /T5-F0-1 /T1-F0-1 /T1-F3-1 /T5-F1-1 /T5-F0-1 /T0-F3-1 /W-F1-1  /T1-F0-1 /T2-F3-1 
/T5-F1-1 /T0-F2-1 /T1-F1-1 /T2-F2-1 /T5-F0-1 /T0-F1-1 /T1-F0-1 /T1-F1-1 /T5-F3-1 /T0-F0-1 
/T2-F3-1 /T1-F0-1 /T5-F2-1 /T0-F3-1 /T2-F2-1 /T5-F1-1 
"
1041279,M#ZJ#QoD#wWLR#CSaVp#etmFjT#dPIYbAX#OqKrEfkunBvixlcNUgGyhszH,123.500000,1838.000000,53.000000,0.581522,1,"
minimal: 0 / states: 131 / duration: 0.000141s
history:
/T2-T3-1 /T1-T6-1 /D:1     /W-T4-1  /D:8     /W-F2-1  /T2-F2-1 /T4-T2-2 /T4-T6-1 /T4-F1-1 
/W-T6-1  /T5-T6-1 /D:2     /W-T5-1  /D:3     /W-T0-1  /W-T0-1  /T5-T0-2 /T3-T5-2 /T6-T3-5 
/T6-F0-1 /T6-F1-1 /T5-T3-3 /T3-T1-9 /D:1     /W-F1-1  /D:1     /W-F3-1  /T2-F3-1 /T2-F2-1 
/D:1     /W-T0-1  /D:2     /W-T0-1  /T4-T0-1 /T4-T2-1 /T5-T4-1 /D:1     /W-T4-1  /D:4     
/R       /D:1     /W-F2-1  /D:1     /W-T6-1  /T3-T6-1 /D:1     /W-F2-1  /D:1     /W-T0-1  
/T2-T0-2 /D:1     /W-T5-1  /D:1     /W-T4-1  /T3-T4-1 /D:1     /W-F0-1  /T0-F0-1 /T1-F0-1 
/D:1     /W-T4-1  /D:3     /W-F2-1  /D:1     /W-T2-1  /T6-T2-3 /T6-T2-1 /T6-F3-1 /T0-F3-1 
/T1-F3-1 /T6-F1-1 /T0-F0-1 /T0-F3-1 /T5-T0-1 /T5-F2-1 /T5-F1-1 /T0-F1-1 /T1-F0-1 /T0-F0-1 
/T1-F3-1 /T0-F3-1 /T1-F2-1 /T0-F2-1 /T1-F3-1 /T2-T0-1 /T2-F3-1 /T4-T1-1 /T4-F2-1 /T0-T2-2 
/T0-F2-1 /T1-T4-2 /T1-F3-1 /T2-T0-3 /T2-F3-1 /T4-T1-3 /T4-F2-1 /T2-F2-1 /T1-T4-4 /T1-F3-1 
/W-T0-1  /W-F1-1  /T0-F1-1 /T4-F1-1 /D:1     /W-F0-1  /T0-F0-1 /T0-F1-1 /T4-F0-1 /T0-F0-1 
/T4-F1-1 /T0-F1-1 /T4-F0-1 /T0-F0-1 /T4-F1-1 
"
1050044,n#xO#ucp#HEbD#sSltg#yTWwNo#AJLMkYz#UCPjrRZQhqdVmefBFIXKavGi,105.500000,1202.000000,48.000000,0.582278,1,"
minimal: 0 / states: 130 / duration: 0.000128s
history:
/T0-F2-1 /T5-F2-1 /T5-F3-1 /T1-F3-1 /T2-F2-1 /T6-T0-1 /T6-T0-1 /T5-T6-1 /T5-T1-1 /T2-T3-1 
/T4-T2-1 /T1-T0-2 /D:3     /W-F3-1  /D:4     /W-T1-1  /D:1     /W-F3-1  /W-F3-1  /D:2     
/W-F2-1  /D:2     /W-T6-1  /T2-T6-2 /D:1     /W-T2-1  /D:2     /W-T4-1  /D:1     /W-T3-1  
/D:1     /W-T5-1  /W-T5-1  /T3-T5-3 /D:1     /W-T0-1  /D:3     /W-F1-1  /T3-F1-1 /T3-T4-1 
/T5-T3-6 /T6-T5-5 /T5-T1-6 /T6-T5-1 /T6-T2-1 /D:3     /W-T6-1  /T3-T6-7 /R       /D:1     
/W-T0-1  /T4-T0-3 /T4-T5-1 /T4-F3-1 /T6-T1-5 /T6-F3-1 /D:3     /W-F2-1  /T4-F2-1 /D:2     
/W-T0-1  /D:1     /W-T2-1  /T6-T2-3 /T6-F0-1 /T1-F0-1 /T1-F1-1 /T0-F1-1 /D:1     /W-T5-1  
/D:2     /R       /D:1     /W-F0-1  /T1-F0-1 /T0-F0-1 /T1-F1-1 /T0-F1-1 /T0-F2-1 /T1-F0-1 
/T1-F1-1 /T1-F2-1 /T0-F3-1 /T1-F3-1 /D:1     /W-T5-1  /T0-T5-1 /T0-F3-1 /D:1     /W-F1-1  
/D:1     /W-F2-1  /T1-F2-1 /T0-F2-1 /T2-T1-3 /T2-F3-1 /T0-F3-1 /T1-T2-4 /T1-F2-1 /T0-F2-1 
/T1-F3-1 /D:1     /W-F0-1  /T2-F0-1 /T2-F1-1 /T5-F0-1 /T2-F0-1 /T5-F1-1 /T2-F1-1 /T5-F0-1 
/T2-F0-1 /T5-F1-1 /T2-F1-1 /T5-F0-1 
"
1050051,F#Km#fGW#irIo#BkQSA#XZhxPM#CjdnHRl#aLbzOtqyYvJUsgNuwEceDVpT,76.500000,545.000000,32.000000,0.737288,1,"
minimal: 0 / states: 125 / duration: 0.000197s
history:
/T4-F0-1 /T6-T5-1 /T6-T0-1 /D:1     /W-F1-1  /D:1     /W-T1-1  /D:1     /W-F1-1  /D:4     
/W-T0-1  /D:3     /W-T2-1  /D:2     /W-T2-1  /D:2     /W-T6-1  /T0-T6-3 /T5-T0-2 /T5-T6-1 
/T3-T6-1 /T5-T0-1 /T2-T0-3 /T4-T2-1 /T5-T3-1 /T2-T0-2 /D:1     /W-F3-1  /D:3     /W-T0-1  
/T4-T0-1 /T4-T1-1 /T4-F0-1 /T1-T4-3 /W-T4-1  /D:1     /W-F1-1  /D:3     /W-T4-1  /T6-T4-7 
/T6-F2-1 /T4-F2-1 /T6-F1-1 /T3-T6-2 /T3-T2-1 /T6-T1-3 /T6-T0-1 /T5-T6-1 /T0-F0-1 /W-F0-1  
/W-F1-1  /T0-T2-1 /T0-F0-1 /T2-T0-2 /T2-F1-1 /W-T3-1  /D:1     /W-F2-1  /D:1     /W-T3-1  
/T4-T3-4 /T4-F1-1 /T1-F1-1 /R       /D:1     /W-T2-1  /D:1     /W-F3-1  /T3-F3-1 /T0-F3-1 
/T3-F2-1 /T0-F2-1 /T3-F3-1 /T0-F3-1 /T3-F0-1 /T0-F0-1 /T3-F3-1 /T4-F0-1 /T0-F3-1 /T1-F0-1 
/T4-F3-1 /T0-T1-1 /T0-F3-1 /T5-F3-1 /T3-T4-2 /D:2     /W-T6-1  /D:1     /W-F3-1  /D:1     
/W-F0-1  /T1-T0-2 /T1-F0-1 /T4-T6-4 /T4-F0-1 /T0-T2-4 /T0-F0-1 /T6-T4-5 /T6-F3-1 /D:1     
/W-F2-1  /W-F2-1  /T4-F2-1 /T2-F2-1 /T4-F1-1 /T2-F1-1 /T4-F2-1 /T2-F2-1 /T4-F1-1 /T2-F1-1 
/T4-F2-1 /T2-F2-1 /T4-F1-1 
"
1050095,R#CA#nPr#HIVT#qENSD#FQKfGs#mJjuoxc#pwMaYhlOdXevzkUWyibZLtgB,119.500000,1657.000000,43.000000,0.643750,1,"
minimal: 0 / states: 131 / duration: 0.000141s
history:
/T1-F0-1 /T6-T4-1 /T5-T3-1 /T4-T0-2 /T4-T5-1 /T4-F3-1 /T2-T5-1 /T0-T3-3 /D:3     /W-T0-1  
/D:1     /W-F1-1  /D:1     /W-T0-1  /T6-T0-1 /T6-T2-1 /T3-T6-5 /T6-T3-6 /T6-T0-1 /T3-T6-7 
/T3-T0-1 /D:1     /W-T0-1  /T5-T0-3 /T4-T5-1 /T2-T4-2 /T2-F2-1 /T4-F2-1 /D:2     /W-F3-1  
/T4-F3-1 /D:1     /W-T0-1  /T1-T0-1 /D:4     /W-T1-1  /D:6     /W-F1-1  /T6-F1-1 /D:1     
/W-T2-1  /D:1     /W-T2-1  /D:2     /W-T3-1  /D:1     /W-F0-1  /T0-F0-1 /T6-F0-1 /T0-F1-1 
/T5-F0-1 /T4-T6-1 /R       /D:1     /W-F2-1  /T6-F2-1 /T0-F2-1 /D:2     /W-T1-1  /D:1     
/W-T2-1  /T6-T2-6 /D:1     /W-F1-1  /T5-F1-1 /T5-T1-1 /T5-F3-1 /T2-F3-1 /T0-F3-1 /T2-F2-1 
/T5-F0-1 /T0-F0-1 /T2-F3-1 /T3-F1-1 /T3-F0-1 /T0-F1-1 /T0-F0-1 /D:1     /W-T0-1  /D:2     
/W-F3-1  /D:1     /W-T1-1  /D:1     /W-T6-1  /W-T6-1  /W-T6-1  /T2-T6-2 /T2-F0-1 /D:1     
/W-F1-1  /T0-T1-1 /T0-F1-1 /T1-T0-2 /T1-F0-1 /T6-T2-3 /T6-F1-1 /T1-F1-1 /T2-T6-4 /T2-F0-1 
/T0-T1-4 /T0-F0-1 /T6-T2-5 /T6-F1-1 /D:1     /W-F2-1  /T2-F2-1 /T1-F2-1 /T2-F3-1 /T1-F3-1 
/T2-F2-1 /T1-F2-1 /T2-F3-1 /T1-F3-1 /T2-F2-1 /T1-F2-1 /T2-F3-1 
"
1050136,w#Iu#tdg#DJPS#WeNmZ#FGLQTA#lEHiRBk#vzxCOqcaVMbosfyhYUXKnrjp,130.000000,1455.000000,57.000000,0.577320,1,"
minimal: 0 / states: 129 / duration: 0.000141s
history:
/T5-F0-1 /T5-T1-1 /T0-T6-1 /T4-T0-1 /D:4     /W-T5-1  /D:1     /W-T5-1  /D:3     /W-F1-1  
/D:1     /W-T6-1  /T1-T6-2 /D:2     /W-F1-1  /D:2     /W-T2-1  /D:2     /W-T0-1  /T6-T0-5 
/T6-F0-1 /T6-T2-1 /D:1     /W-T1-1  /D:5     /W-F2-1  /D:1     /W-T3-1  /T5-T3-3 /T5-T4-1 
/T3-T5-5 /T5-T1-6 /T5-T0-1 /T4-T5-2 /T4-F3-1 /T1-F3-1 /T1-F0-1 /T3-F3-1 /T6-T3-1 /T2-T6-3 
/T6-T3-4 /T2-T6-1 /T4-T0-1 /T1-F3-1 /T3-F3-1 /T1-T4-5 /D:2     /W-T6-1  /R       /D:2     
/W-T1-1  /D:2     /W-T0-1  /D:1     /W-F1-1  /D:2     /W-F2-1  /T6-F2-1 /T0-F2-1 /T6-F1-1 
/T4-F2-1 /T6-T4-1 /T0-F1-1 /T3-F2-1 /T2-F2-1 /W-T2-1  /W-T6-1  /T4-T6-6 /T6-T1-8 /D:1     
/W-F1-1  /T3-F1-1 /T0-T3-2 /T0-F2-1 /W-F2-1  /D:1     /W-T2-1  /D:2     /W-T5-1  /T3-T5-5 
/T3-F0-1 /T1-F0-1 /T1-F3-1 /T5-F0-1 /T1-F0-1 /T1-F1-1 /T5-F3-1 /T5-F0-1 /T5-F1-1 /W-F3-1  
/T0-F3-1 /T0-F2-1 /T1-F0-1 /T1-F3-1 /T5-F0-1 /T5-F3-1 /T1-F2-1 /T2-F3-1 /T0-T5-1 /T0-F2-1 
/T0-F3-1 /T1-T2-1 /T1-F2-1 /D:1     /W-F0-1  /D:1     /W-F1-1  /T5-F1-1 /T2-F1-1 /T5-F0-1 
/T2-F0-1 /T5-F1-1 
"
1050195,n#pO#ZdU#WuRe#ECPac#StjiFQ#zVGgbTm#hfINYkAqvxMLwJlrXoHDKsBy,123.500000,2415.000000,32.000000,0.760563,1,"
minimal: 0 / states: 108 / duration: 0.000110s
history:
/T0-F2-1 /T6-T0-1 /D:4     /W-F3-1  /T1-F3-1 /T1-T5-1 /D:3     /W-F0-1  /D:1     /W-T3-1  
/T4-T3-1 /T4-F1-1 /T4-F3-1 /D:3     /W-T1-1  /D:1     /W-T0-1  /D:3     /W-T1-1  /D:2     
/W-T0-1  /D:1     /W-F2-1  /T5-F2-1 /T5-F3-1 /T5-T6-1 /T3-T6-3 /T3-F3-1 /T6-T3-5 /T6-F1-1 
/T3-T5-6 /T5-F1-1 /T5-F2-1 /W-F2-1  /W-T0-1  /T5-T0-5 /D:2     /W-T0-1  /D:1     /W-T1-1  
/T5-T1-1 /T5-T2-1 /T5-F3-1 /T0-T6-3 /T0-F3-1 /T6-T0-4 /D:1     /W-F2-1  /T2-F2-1 /T2-F3-1 
/T2-F1-1 /D:1     /W-F0-1  /T4-F0-1 /T0-F0-1 /T0-F1-1 /T4-F0-1 /T0-F0-1 /T6-F0-1 /T6-F3-1 
/T3-F3-1 /W-F0-1  /D:1     /W-T2-1  /R       /D:2     /W-F1-1  /T0-F1-1 /T0-F2-1 /W-F1-1  
/T0-F1-1 /T1-F1-1 /D:1     /W-F0-1  /T0-F0-1 /T1-F0-1 /T0-F3-1 /T0-F0-1 /T1-T6-1 /T1-F0-1 
/D:1     /W-F3-1  /T2-T0-1 /T2-F3-1 /D:1     /W-F1-1  /T6-F1-1 /D:1     /W-F2-1  /D:2     
/W-F2-1  /W-F2-1  /T0-F2-1 /T0-F1-1 /T6-F2-1 
"
1050217,e#yA#CBg#cLbo#XPwnj#SGqtxh#QrTEUIF#kDsZOivaJfzupKdWYHlRmVNM,136.500000,3917.000000,63.000000,0.521277,1,"
minimal: 0 / states: 127 / duration: 0.000135s
history:
/T1-F0-1 /T6-T2-1 /T5-T6-1 /T6-T4-2 /T4-T5-3 /T4-F2-1 /T3-F2-1 /T0-T2-1 /D:1     /W-T1-1  
/T4-T1-1 /D:1     /W-T2-1  /T4-T2-1 /D:2     /W-T0-1  /T1-T0-3 /D:2     /W-T0-1  /D:2     
/W-F1-1  /T3-F1-1 /T4-T3-1 /D:1     /W-T3-1  /D:2     /W-T1-1  /D:1     /W-T0-1  /T2-T0-5 
/T2-F0-1 /T2-F0-1 /D:1     /W-F2-1  /D:4     /W-T1-1  /T5-T1-4 /T5-T1-1 /T5-F2-1 /T5-T6-1 
/T5-T1-1 /D:4     /W-T2-1  /T3-T2-3 /T3-F1-1 /D:1     /W-T2-1  /D:1     /W-F3-1  /D:1     
/W-T3-1  /R       /D:2     /W-F3-1  /T0-F3-1 /T0-F0-1 /D:2     /W-T6-1  /D:2     /W-F1-1  
/T0-F1-1 /T6-F1-1 /D:2     /W-T2-1  /D:1     /W-T3-1  /D:1     /W-T0-1  /R       /D:3     
/W-T3-1  /D:1     /W-T3-1  /W-T3-1  /T6-T3-2 /T6-F0-1 /T6-T2-1 /T6-F2-1 /T6-F3-1 /T0-F3-1 
/T0-F0-1 /T1-F3-1 /T3-F0-1 /W-F2-1  /T0-F1-1 /T1-F2-1 /T1-F1-1 /T2-F3-1 /T0-F2-1 /T2-F0-1 
/T0-F1-1 /T3-F3-1 /T1-F0-1 /T2-F3-1 /T2-F0-1 /T3-F2-1 /T0-F2-1 /T1-F1-1 /T0-F1-1 /T3-F3-1 
/T1-F2-1 /T2-F3-1 /T0-F2-1 /T3-F0-1 /T1-F3-1 /T2-F0-1 /T0-F3-1 /T3-F1-1 /T1-F2-1 /T2-F1-1 
/T3-F0-1 
"
1050319,Y#hG#CDz#mkUc#NnMVa#itpgZv#HdTAFQL#jPWlIKxoufbRqrBeySEwXOJs,123.500000,2811.000000,49.000000,0.583333,1,"
minimal: 0 / states: 128 / duration: 0.000131s
history:
/T4-F1-1 /T0-T2-1 /T2-T0-2 /T3-T2-1 /T3-T5-1 /T1-T5-1 /T3-T6-1 /T6-T3-2 /D:6     /W-T0-1  
/D:2     /W-T2-1  /D:1     /W-T4-1  /D:1     /W-T5-1  /D:1     /W-F1-1  /D:3     /W-T5-1  
/T6-T5-1 /D:2     /W-T6-1  /T2-T6-3 /T2-T5-1 /D:4     /W-T3-1  /T4-T3-2 /T4-T2-1 /T4-F2-1 
/T4-F3-1 /T6-F2-1 /T6-F1-1 /D:2     /W-F3-1  /D:2     /R       /D:1     /W-T0-1  /T5-T0-7 
/T5-T4-1 /T6-T5-3 /T6-F0-1 /T5-T3-4 /T5-F2-1 /T5-T1-1 /D:1     /W-F3-1  /D:2     /W-T2-1  
/D:2     /W-T2-1  /D:2     /W-F2-1  /D:1     /W-F0-1  /T0-F0-1 /T0-F3-1 /T3-F0-1 /W-F3-1  
/T0-F2-1 /D:1     /W-T4-1  /D:1     /W-F3-1  /T6-F3-1 /T6-F1-1 /T3-F1-1 /T0-F1-1 /T6-T5-1 
/D:1     /W-F0-1  /T3-F0-1 /T0-F0-1 /T0-F3-1 /T3-F1-1 /T5-F0-1 /W-F0-1  /T3-T5-1 /T3-F3-1 
/W-F3-1  /T1-T0-2 /T5-T3-2 /D:1     /W-F3-1  /D:1     /W-F0-1  /T0-T2-4 /T0-F0-1 /T0-F3-1 
/T3-T4-4 /T3-F0-1 /T2-T0-6 /T2-F0-1 /T4-T3-5 /T4-F3-1 /D:1     /W-F2-1  /T0-F2-1 /T0-F1-1 
/T3-F2-1 /T0-F2-1 /T3-F1-1 /T0-F1-1 /T3-F2-1 /T0-F2-1 /T3-F1-1 /T0-F1-1 /T3-F2-1 /T0-F2-1 
/T3-F1-1 
"
1050361,m#Nn#jMP#IGJx#KQCYA#agqpXv#DdwWhzF#uybtksUHlVBLTZOioSfRErce,92.000000,2083.000000,46.000000,0.608974,1,"
minimal: 0 / states: 129 / duration: 0.000131s
history:
/T1-F2-1  /T1-F3-1  /T4-F0-1  /T3-T4-1  /D:2      /W-T0-1   /D:3      /W-T0-1   /T3-T0-1  /D:2      
/W-T5-1   /T3-T5-1  /D:3      /W-T0-1   /D:1      /W-F0-1   /D:3      /W-T1-1   /D:1      /W-F3-1   
/T2-F3-1  /T4-T2-2  /T4-F0-1  /T4-F3-1  /D:2      /W-F2-1   /D:1      /W-T5-1   /D:2      /W-F3-1   
/T5-F3-1  /W-T5-1   /D:1      /W-T5-1   /D:3      /W-T6-1   /R        /D:1      /W-T0-1   /D:6      
/W-T1-1   /D:1      /W-T0-1   /T6-T0-2  /W-T6-1   /T4-T6-1  /T6-T4-3  /T6-T3-1  /T5-T6-5  /T5-T1-1  
/T5-F2-1  /T5-F2-1  /T6-T2-6  /T6-T1-1  /T6-T2-1  /T6-T0-1  /T2-T6-10 /T0-F0-1  /T0-T5-2  /T0-F3-1  
/T5-T0-3  /T5-F1-1  /T6-T3-4  /T6-F3-1  /T2-T4-1  /T3-T4-6  /D:1      /W-T1-1   /T0-T1-4  /T0-F3-1  
/D:1      /W-F2-1   /D:1      /R        /D:1      /W-F1-1   /D:2      /W-F2-1   /W-F2-1   /D:2      
/W-F1-1   /T4-F1-1  /T1-F1-1  /T4-F0-1  /T1-F0-1  /T4-F1-1  /T1-F1-1  /T1-F2-1  /T4-F0-1  /T4-F1-1  
/T6-F2-1  /W-F0-1   /T1-F1-1  /T1-F2-1  /T4-F0-1  /T0-F0-1  /T4-F1-1  /T0-F1-1  /T6-F3-1  /T1-F3-1  
/T4-F0-1  /T1-F0-1  /T6-F2-1  /T0-F2-1  /T4-F1-1  /T0-F1-1  /T6-F3-1  /T1-F3-1  /T4-F2-1  /T6-F0-1  
"
1050365,h#Ho#xcf#uRrG#gWtCq#wasjpy#DiXJUBO#VFnNdEMbKILQSmezAlTkPZYv,136.000000,2547.000000,56.000000,0.561224,1,"
minimal: 0 / states: 130 / duration: 0.000165s
history:
/T3-T0-1  /T2-T0-1  /T3-T0-1  /T4-T3-1  /T6-T4-1  /T6-T2-1  /T2-T3-2  /D:3      /W-F2-1   /T1-F2-1  
/D:1      /W-F3-1   /T4-F3-1  /D:1      /W-T0-1   /T4-T0-1  /T4-T6-1  /T4-T2-1  /W-T4-1   /T3-T4-4  
/T4-T1-6  /D:2      /W-T4-1   /D:1      /W-T0-1   /D:2      /W-T2-1   /T6-T2-2  /D:3      /W-T2-1   
/D:4      /W-F0-1   /T1-F0-1  /D:1      /W-T4-1   /T2-T4-6  /W-T2-1   /D:1      /W-T3-1   /D:1      
/W-T5-1   /T6-T5-1  /D:1      /W-F3-1   /D:2      /W-T2-1   /D:1      /R        /D:1      /W-T5-1   
/T1-T5-6  /D:1      /W-T4-1   /D:1      /W-T2-1   /D:2      /W-F3-1   /D:1      /W-T1-1   /T5-T1-10 
/T5-F2-1  /T5-T2-1  /T5-T3-1  /T5-F1-1  /T0-F1-1  /T0-F0-1  /T1-F1-1  /T0-F1-1  /T1-F2-1  /T0-F2-1  
/T1-F3-1  /T3-F2-1  /T4-T0-1  /T4-F3-1  /T3-F3-1  /T4-F2-1  /T3-F2-1  /T4-F3-1  /T0-T4-4  /T5-T6-1  
/D:1      /W-F1-1   /D:1      /W-T0-1   /W-T0-1   /T6-T0-2  /T6-T0-1  /T6-F0-1  /T4-F0-1  /T1-F0-1  
/T4-F1-1  /T1-F1-1  /T4-F0-1  /T1-F0-1  /T1-F3-1  /T4-F1-1  /T0-F1-1  /T4-F0-1  /T1-F0-1  /T2-F1-1  
/T1-F1-1  /T2-F0-1  /T4-F3-1  /T0-T1-2  /T0-F0-1  /T4-T2-1  /T4-F1-1  /T4-F0-1  /T1-T0-3  /T1-F1-1  
/D:1      /W-F2-1   /T0-F2-1  /T0-F3-1  /T2-F2-1  /T0-F2-1  /T2-F3-1  /T0-F3-1  /T2-F2-1  
"
1050493,l#IK#nva#PDGU#JOpdm#TXoRxL#etQEgkf#qwZzSHjFhiWVubCMycNsrABY,181.500000,3229.000000,55.000000,0.566964,1,"
minimal: 0 / states: 126 / duration: 0.000135s
history:
/T2-F1-1 /T5-T4-1 /T5-T0-1 /T3-T2-1 /T6-T3-1 /T6-T4-1 /T3-T2-2 /T3-T5-1 /T3-T5-1 /T4-T3-3 
/D:2     /W-T3-1  /D:5     /W-T0-1  /T2-T0-4 /T2-F2-1 /D:1     /W-T6-1  /T5-T6-3 /T5-F2-1 
/D:2     /W-T3-1  /D:1     /W-T1-1  /D:2     /W-T3-1  /T6-T3-5 /T4-T6-1 /T4-F2-1 /T6-T0-2 
/F2-T0-1 /T4-T0-1 /W-T4-1  /T4-T5-2 /D:1     /W-F1-1  /D:1     /W-T6-1  /T0-T6-1 /T0-F2-1 
/D:1     /W-T2-1  /T0-T2-9 /D:2     /W-F1-1  /T2-F1-1 /T6-T2-3 /D:1     /W-F3-1  /T2-F3-1 
/T3-F3-1 /D:3     /W-F0-1  /D:1     /W-F0-1  /T2-F0-1 /T2-F3-1 /T3-F0-1 /T2-F0-1 /T3-F3-1 
/T3-F0-1 /T2-T6-1 /T2-F0-1 /T6-T2-2 /T6-F1-1 /T2-F1-1 /T3-F1-1 /D:1     /R       /D:1     
/W-F2-1  /D:1     /W-T0-1  /D:1     /W-T4-1  /D:1     /W-F3-1  /D:1     /W-F0-1  /D:1     
/W-F1-1  /T3-T5-1 /T3-F1-1 /T2-T1-3 /T2-F1-1 /D:1     /W-T0-1  /T5-T0-4 /T5-F3-1 /D:2     
/W-F2-1  /W-F2-1  /T1-F2-1 /T0-F2-1 /T1-F3-1 /T0-F3-1 /T1-F2-1 /T3-F2-1 /T1-F3-1 /T2-F2-1 
/T1-T2-1 /T1-F0-1 /T0-F0-1 /T0-F3-1 /T2-F0-1 /T3-F1-1 /T0-F2-1 /T2-F1-1 /T3-F0-1 /T3-F1-1 
/T2-F0-1 /T4-F2-1 /D:1     /W-F3-1  /T0-F3-1 
"
1050545,q#Ab#zti#Nejn#FGsoE#UlQmrV#LXfTacd#vZWgupyRwSMYOCHxDIJhKPBk,159.000000,4005.000000,46.000000,0.633333,1,"
minimal: 0 / states: 117 / duration: 0.000117s
history:
/T3-F2-1 /T6-T4-1 /T6-T0-1 /T6-F1-1 /T1-F1-1 /T1-F0-1 /T0-F1-1 /T4-F1-1 /D:1     /W-T3-1  
/D:1     /W-T1-1  /D:3     /W-T2-1  /T6-T2-1 /T4-T6-1 /T4-F2-1 /T4-T2-1 /T6-T4-2 /D:1     
/W-F2-1  /T0-F2-1 /D:1     /W-T1-1  /T6-T1-1 /D:1     /W-T2-1  /D:1     /W-T1-1  /T5-T1-1 
/T5-F2-1 /T5-T0-1 /T5-T4-1 /T6-T0-1 /D:2     /W-T6-1  /T5-T6-1 /T4-T5-4 /T2-T4-1 /T2-F2-1 
/T4-T2-2 /T5-T3-5 /D:3     /W-T3-1  /W-T3-1  /D:1     /W-T1-1  /D:1     /W-T6-1  /T3-T6-9 
/T3-F1-1 /T3-F3-1 /T6-F3-1 /D:1     /W-T2-1  /D:5     /W-F3-1  /D:1     /W-F0-1  /T6-F0-1 
/T2-F0-1 /T6-F3-1 /T2-F3-1 /T6-F0-1 /T2-F0-1 /T6-F1-1 /T6-F0-1 /T1-F0-1 /D:1     /W-T0-1  
/R       /D:2     /W-F1-1  /D:1     /W-F3-1  /T2-F3-1 /T6-F3-1 /T1-F3-1 /T2-T1-2 /T2-F2-1 
/T1-F2-1 /T6-F2-1 /W-F3-1  /T1-T0-2 /T1-F3-1 /D:1     /W-F3-1  /D:1     /W-F0-1  /D:1     
/W-F0-1  /D:1     /W-F1-1  /T0-F1-1 /T0-F2-1 /T6-F1-1 /T0-F1-1 /T6-F2-1 /T1-F2-1 /T1-F3-1 
/T2-F2-1 /T6-F1-1 /D:1     /W-F0-1  /T0-F0-1 /T0-F1-1 /T6-F0-1 
"
1050564,y#pP#tRY#CsKE#fOXln#VkJbeS#dZcovIm#rDgWMzxFNGAQwajqBiLuHTUh,137.000000,3300.000000,65.000000,0.529126,1,"
minimal: 0 / states: 135 / duration: 0.000145s
history:
/T4-F2-1 /T3-T5-1 /T3-T2-1 /T0-T6-1 /T6-T0-2 /D:4     /W-T2-1  /T6-T2-1 /D:3     /W-T4-1  
/D:2     /W-F3-1  /D:2     /W-F0-1  /D:1     /W-T5-1  /D:2     /W-F1-1  /D:1     /W-T4-1  
/T6-T4-1 /T6-F2-1 /D:2     /W-F0-1  /D:6     /W-T2-1  /D:1     /W-T4-1  /R       /D:7     
/W-T2-1  /T5-T2-3 /T5-T3-1 /T5-F1-1 /T6-F1-1 /D:2     /W-T3-1  /T1-T3-1 /T1-T2-1 /T6-T1-1 
/T2-F2-1 /T6-F1-1 /D:1     /W-T5-1  /D:1     /W-T1-1  /D:1     /W-T5-1  /D:2     /W-T5-1  
/T3-T5-4 /T3-F0-1 /R       /D:2     /W-F0-1  /D:2     /W-T3-1  /T4-T3-5 /T4-T0-1 /T4-F3-1 
/T5-F3-1 /T2-F3-1 /T2-F0-1 /T5-F2-1 /T5-F1-1 /T5-T0-5 /T5-T1-1 /T4-F1-1 /W-F1-1  /W-F2-1  
/T0-F2-1 /T3-F1-1 /T0-T5-2 /T0-F1-1 /T5-T0-3 /D:1     /W-T4-1  /T2-T4-7 /T2-F3-1 /T4-F3-1 
/T2-F2-1 /T0-F3-1 /T0-F2-1 /T3-F2-1 /T3-F1-1 /T1-F1-1 /D:1     /W-F0-1  /T4-F0-1 /T4-F3-1 
/T0-F3-1 /D:1     /W-F2-1  /T3-F2-1 /T3-F1-1 /T0-T1-2 /T0-F2-1 /T0-F1-1 /T4-T3-4 /T4-F2-1 
/D:1     /W-F0-1  /T3-F0-1 /T1-F0-1 /T3-F3-1 /T1-F3-1 /T3-F0-1 /T1-F0-1 /T3-F3-1 /T1-F3-1 
/T3-F0-1 
"
1050576,l#XB#kGm#FgVU#fpKJD#WvbNRn#rquexcA#aMwziZShOPTCyYQsEtIjoHLd,119.000000,1526.000000,56.000000,0.573684,1,"
minimal: 0 / states: 129 / duration: 0.000138s
history:
/T5-F2-1 /T6-F0-1 /T1-F0-1 /T6-T4-1 /T4-T5-2 /T6-T0-1 /T4-T1-1 /D:1     /W-F1-1  /D:4     
/W-T1-1  /D:7     /W-F0-1  /D:1     /W-T2-1  /T1-T2-3 /T2-T1-5 /T2-T3-1 /D:7     /W-T0-1  
/W-T0-1  /T3-T0-2 /D:1     /W-F2-1  /D:1     /W-T1-1  /D:2     /R       /D:2     /W-T2-1  
/T3-T2-1 /T3-T1-1 /T5-T3-3 /T5-F3-1 /T5-F1-1 /T3-F1-1 /T3-F0-1 /T3-T1-2 /W-T3-1  /T0-T3-6 
/D:1     /W-T0-1  /D:2     /W-T3-1  /D:1     /W-T5-1  /D:1     /W-F3-1  /D:1     /W-F3-1  
/D:2     /W-T0-1  /T4-T0-1 /T4-F2-1 /D:1     /W-F3-1  /T1-F3-1 /T6-T1-1 /T6-T2-1 /T6-F2-1 
/T3-F3-1 /T6-F2-1 /W-F3-1  /T3-T5-1 /T3-F3-1 /W-T6-1  /T4-T5-1 /D:1     /W-F2-1  /D:1     
/W-F0-1  /D:1     /W-F2-1  /T2-F2-1 /T5-T3-3 /T5-F2-1 /T2-F3-1 /T2-F2-1 /T5-F3-1 /T1-T2-6 
/T1-F3-1 /T3-T0-5 /T3-F2-1 /T1-F2-1 /T0-T3-6 /T0-F3-1 /T0-F2-1 /T6-F3-1 /D:1     /W-T1-1  
/T2-T1-7 /D:1     /W-F1-1  /T1-F1-1 /T1-F0-1 /T3-F1-1 /T1-F1-1 /T3-F0-1 /T1-F0-1 /T3-F1-1 
/T1-F1-1 /T3-F0-1 /T1-F0-1 /T3-F1-1 /T1-F1-1 /T3-F0-1 /T1-F0-1 /T3-F1-1 /T1-F1-1 /T3-F0-1 
"
1050619,E#qY#Fpu#Avan#USGKN#MxkJmj#QIeycgb#OVDsBXLPRCtrZTHfiWzhodlw,149.500000,3326.000000,50.000000,0.745370,1,"
minimal: 0 / states: 116 / duration: 0.000132s
history:
/T3-F2-1 /T3-F1-1 /T4-F3-1 /T6-F1-1 /T5-T4-1 /T6-T2-1 /T6-F1-1 /T4-T1-2 /T6-T5-1 /T3-T1-1 
/T3-F0-1 /T5-T3-2 /D:1     /W-F3-1  /D:1     /W-T5-1  /T2-T5-2 /D:1     /W-T6-1  /D:1     
/W-T5-1  /T6-T5-2 /D:1     /W-F0-1  /D:1     /W-T3-1  /T5-T3-7 /D:2     /W-F3-1  /D:2     
/W-F0-1  /T3-F0-1 /T0-F0-1 /D:3     /W-T0-1  /D:3     /W-T4-1  /D:4     /W-T1-1  /T4-T1-2 
/D:1     /W-F2-1  /T2-F2-1 /T2-F0-1 /W-T2-1  /T1-T2-7 /T1-F2-1 /D:1     /W-F1-1  /T3-F1-1 
/T2-F1-1 /T4-T2-1 /T4-T6-1 /D:2     /W-T5-1  /R       /D:1     /W-T0-1  /T5-T0-2 /D:1     
/W-T3-1  /D:1     /W-T6-1  /T2-T6-1 /T2-F0-1 /D:1     /W-F2-1  /D:2     /W-F0-1  /D:1     
/W-T0-1  /D:1     /W-T5-1  /T6-T5-4 /T6-F3-1 /T3-F3-1 /T3-F2-1 /T3-F1-1 /T5-F3-1 /T5-F2-1 
/T2-F1-1 /W-F3-1  /T3-F2-1 /T0-F1-1 /T5-F3-1 /T2-F2-1 /T3-F3-1 /T0-F2-1 /T5-F0-1 /T2-F1-1 
/T3-F0-1 /T0-F1-1 /T5-F3-1 /T2-F0-1 /T3-F3-1 /T0-F0-1 /T5-F2-1 /T2-F3-1 /T3-F2-1 /T0-F3-1 
/T2-F2-1 /T5-F0-1 /D:1     /W-F1-1  /T3-F1-1 
"
1050625,R#Mq#yUm#Frhn#osANj#OGDgLl#TQEHiwC#bvcfBeZIzSuKWVPdYxktpJaX,148.000000,2646.000000,51.000000,0.593750,1,"
minimal: 0 / states: 133 / duration: 0.000147s
history:
/T3-F2-1 /T1-T0-1 /T5-T1-1 /T5-T2-1 /D:1     /W-T6-1  /D:1     /W-T4-1  /T3-T4-1 /D:1     
/W-T0-1  /D:2     /W-T0-1  /D:7     /W-T1-1  /T4-T1-3 /T4-F3-1 /T4-F0-1 /T0-F0-1 /T4-T5-1 
/T4-F2-1 /T2-T4-2 /T0-T5-3 /D:4     /W-T3-1  /T6-T3-2 /D:3     /W-T4-1  /T6-T4-1 /T6-T4-1 
/T5-T6-5 /T6-T4-6 /D:1     /W-T1-1  /D:1     /W-F2-1  /T4-T5-1 /T4-F2-1 /T5-T4-2 /T5-T2-1 
/T5-F3-1 /T3-T6-3 /T3-F2-1 /T4-T3-3 /T4-F2-1 /T1-F2-1 /T3-T4-4 /D:2     /W-F1-1  /T6-F1-1 
/T4-F1-1 /T6-F0-1 /T6-F1-1 /T4-F0-1 /T6-F0-1 /D:1     /R       /D:1     /W-T2-1  /F0-T2-1 
/T6-T2-1 /D:1     /W-F1-1  /D:1     /W-T0-1  /D:2     /W-T3-1  /D:2     /W-F2-1  /D:3     
/W-F3-1  /T2-F3-1 /T2-F0-1 /T2-F1-1 /T4-F3-1 /T4-F0-1 /T4-F1-1 /T1-F1-1 /T2-T1-2 /T1-F0-1 
/T4-F0-1 /T4-F1-1 /W-T4-1  /T2-T0-1 /D:1     /W-T3-1  /D:1     /W-T3-1  /W-T3-1  /W-F3-1  
/T6-F3-1 /T1-F3-1 /T1-F2-1 /T4-F3-1 /T4-F2-1 /W-F0-1  /T1-F1-1 /T3-F3-1 /T3-F2-1 /T0-F2-1 
/T4-F1-1 /T1-T3-1 /T1-F1-1 /T3-T1-2 /T3-F2-1 /T4-T0-1 /T4-F1-1 /D:1     /W-F0-1  /T1-F0-1 
/T0-F0-1 /D:1     /W-F3-1  /T1-F3-1 /T0-F3-1 /T1-F0-1 
"
1050632,O#sn#jSq#FyaL#uiCIf#gMVEdz#hJQxZNX#veAtcpmHTKoBkDWblRwUPYrG,104.000000,1000.000000,43.000000,0.656250,1,"
minimal: 0 / states: 118 / duration: 0.000163s
history:
/T1-F2-1 /T6-T3-1 /T6-F3-1 /T0-F3-1 /T5-T0-1 /T3-T6-2 /T3-F1-1 /D:2     /W-T1-1  /T2-T1-1 
/D:1     /W-F0-1  /D:2     /W-T1-1  /D:1     /W-T5-1  /D:5     /W-F2-1  /T5-F2-1 /D:1     
/W-F0-1  /D:1     /W-T3-1  /D:3     /W-F1-1  /T1-F1-1 /T5-F1-1 /T5-T2-1 /T1-F2-1 /T1-F1-1 
/T4-F1-1 /D:1     /W-T0-1  /D:1     /W-T1-1  /D:1     /W-T3-1  /T5-T3-1 /D:1     /W-T4-1  
/D:1     /W-F3-1  /D:1     /W-T5-1  /D:1     /W-F2-1  /D:1     /W-T4-1  /T2-T4-2 /T4-T2-5 
/T4-F0-1 /R       /D:4     /W-T3-1  /D:1     /W-T3-1  /T1-T3-2 /T6-T1-3 /T6-T0-1 /T6-F3-1 
/T4-T6-1 /T6-T1-2 /T2-T0-6 /T5-T2-2 /T3-F3-1 /T3-F2-1 /T5-F1-1 /W-T5-1  /T3-T5-6 /T6-F1-1 
/T1-F1-1 /W-F2-1  /T4-F2-1 /W-F2-1  /T5-T1-3 /T5-F2-1 /T3-T1-1 /D:1     /W-T2-1  /T0-T2-6 
/T0-F2-1 /D:1     /W-F0-1  /T2-F0-1 /T1-F0-1 /T2-F3-1 /T1-F3-1 /T2-F0-1 /T1-F0-1 /T2-F3-1 
/T1-F3-1 /T2-F0-1 /T1-F0-1 /T2-F1-1 /T5-F1-1 /T0-F1-1 /T2-F0-1 /T5-F2-1 /T0-F2-1 /T5-F1-1 
/D:1     /W-F3-1  /T1-F3-1 /T1-F0-1 /T2-F3-1 /T1-F3-1 /T2-F0-1 
"
1050655,p#wS#nCO#EsFz#ZIoaB#RJgUjP#XlftQmD#GcuWkLVNAhKTdyevHqYibrxM,117.500000,833.000000,51.000000,0.625000,1,"
minimal: 0 / states: 121 / duration: 0.000166s
history:
/T5-T6-1 /T4-T6-1 /T4-F1-1 /T2-T0-1 /D:8     /W-F3-1  /T0-F3-1 /D:1     /W-F0-1  /T6-F0-1 
/T2-F0-1 /T2-F2-1 /T4-F2-1 /T6-F3-1 /T6-F0-1 /T6-T2-1 /T6-F3-1 /T1-T6-1 /T4-T5-1 /T0-F2-1 
/T3-T0-1 /W-T1-1  /W-T2-1  /W-T2-1  /T1-T2-2 /D:1     /W-T5-1  /T6-T5-2 /D:4     /W-T4-1  
/D:1     /W-T3-1  /D:2     /W-T2-1  /D:1     /W-F2-1  /D:1     /W-T0-1  /D:2     /W-F1-1  
/D:1     /W-F2-1  /D:1     /W-T0-1  /T5-T0-5 /D:1     /W-T1-1  /R       /D:1     /W-T5-1  
/T6-T5-1 /T6-T1-1 /T6-T4-1 /D:1     /W-F1-1  /D:3     /W-T1-1  /W-T1-1  /D:1     /W-T2-1  
/T3-T2-2 /T3-F2-1 /T3-F0-1 /D:1     /W-F1-1  /T2-F1-1 /T5-F1-1 /T2-F0-1 /T5-F0-1 /D:1     
/W-T1-1  /T5-T1-1 /T5-F1-1 /T5-T4-1 /T5-F3-1 /T0-F3-1 /T0-F2-1 /T0-F1-1 /T2-F3-1 /T1-F3-1 
/T2-F0-1 /T0-F0-1 /W-F2-1  /T1-F2-1 /T2-F3-1 /T1-F3-1 /T2-F2-1 /T4-F0-1 /T4-F3-1 /T1-F0-1 
/T0-T1-2 /T0-F3-1 /T2-T4-1 /T2-F0-1 /T1-T0-3 /T1-F0-1 /T4-T2-2 /T4-F3-1 /D:1     /W-F1-1  
/T0-F1-1 /T0-F2-1 /T2-F1-1 /T0-F1-1 /T2-F2-1 /T0-F2-1 /T2-F1-1 
"
1050679,d#jO#cuG#BZYp#RgAJN#HLlExr#FVbiUvn#ICmWtfQXwqKyToMSezhsDPak,141.000000,4371.000000,59.000000,0.533981,1,"
minimal: 0 / states: 130 / duration: 0.000147s
history:
/T4-F3-1  /T1-F3-1  /T6-F2-1  /T6-T1-1  /T6-T1-1  /T3-T0-1  /T6-T4-1  /T2-T1-1  /T6-T0-1  /T2-T4-1  
/T0-T5-3  /D:3      /W-T0-1   /D:3      /W-T1-1   /T5-T1-4  /T5-T3-1  /T1-T3-9  /D:1      /W-T5-1   
/D:5      /W-T0-1   /D:1      /W-T4-1   /D:1      /W-F2-1   /D:1      /W-T1-1   /T3-T1-11 /D:5      
/W-T4-1   /D:2      /W-F3-1   /T5-F3-1  /D:1      /W-F1-1   /T1-F1-1  /T1-F2-1  /T2-F1-1  /T3-T2-1  
/T1-F1-1  /D:1      /W-T0-1   /T4-T0-5  /T4-F0-1  /T3-F0-1  /R        /D:2      /W-F0-1   /D:5      
/W-F2-1   /T1-F2-1  /T5-T1-1  /T0-F2-1  /D:1      /W-T5-1   /D:2      /W-F1-1   /D:1      /W-T3-1   
/T5-T3-2  /T5-T2-1  /T4-T5-1  /T4-F3-1  /W-F3-1   /T0-F3-1  /T5-T6-2  /D:2      /W-F0-1   /T1-F0-1  
/T1-F1-1  /T6-F1-1  /W-F1-1   /R        /D:2      /W-T3-1   /W-T3-1   /D:1      /W-F2-1   /T0-F2-1  
/T0-F1-1  /T6-T0-2  /T6-F0-1  /T1-F0-1  /T0-F0-1  /T1-F3-1  /T0-F3-1  /T1-F2-1  /T3-F0-1  /T0-F0-1  
/T1-F1-1  /T3-F3-1  /T3-F0-1  /T0-F1-1  /T2-F0-1  /T3-F1-1  /T0-T2-1  /T0-F1-1  /T1-T3-2  /T1-F0-1  
/D:1      /W-F3-1   /D:1      /W-F2-1   /T3-F2-1  /T2-F2-1  /T3-F3-1  /T2-F3-1  /T3-F2-1  
"
1050705,B#dI#VJR#NnYQ#WextZ#vlcHPw#ThpiUkD#jgGzSrEmqAuOybKfFoMXaLCs,162.500000,2764.000000,60.000000,0.540541,1,"
minimal: 0 / states: 136 / duration: 0.000153s
history:
/T6-T2-1  /T5-T6-1  /T5-T2-1  /T0-T2-1  /T4-T0-1  /D:2      /W-T5-1   /D:3      /W-T4-1   /D:1      
/W-T4-1   /T3-T4-1  /D:4      /W-F0-1   /T2-F0-1  /D:3      /W-T0-1   /T6-T0-2  /T6-T1-1  /T4-T1-4  
/T5-T6-2  /T6-T0-3  /T4-T3-1  /T6-T1-1  /W-T1-1   /D:4      /W-T0-1   /T2-T0-3  /D:1      /W-T0-1   
/D:3      /W-F1-1   /D:2      /W-F0-1   /D:1      /R        /D:1      /W-T3-1   /T1-T3-8  /D:1      
/W-T6-1   /D:4      /W-T4-1   /T5-T4-1  /D:2      /W-F1-1   /T4-F1-1  /T1-F1-1  /T0-T4-2  /T0-F0-1  
/T4-T0-3  /T4-F1-1  /D:1      /W-T5-1   /T4-T5-1  /D:1      /W-F1-1   /D:1      /W-T1-1   /T3-T1-11 
/T3-F2-1  /T0-F2-1  /T3-F3-1  /T1-F3-1  /T0-F3-1  /T1-F2-1  /T0-F2-1  /T1-F3-1  /T0-F3-1  /T1-F2-1  
/T1-F3-1  /D:3      /W-F2-1   /T1-F2-1  /R        /D:1      /W-T3-1   /T5-T3-3  /T6-T5-2  /T6-F3-1  
/T1-F3-1  /T5-T3-3  /D:1      /W-F0-1   /T0-F0-1  /T0-F1-1  /T3-F0-1  /T0-F0-1  /T3-F1-1  /T1-F0-1  
/T2-F0-1  /T0-F1-1  /T1-F1-1  /T2-F3-1  /T3-T1-2  /T3-F0-1  /D:1      /W-T2-1   /D:1      /W-F2-1   
/T1-F2-1  /T0-F2-1  /T0-F1-1  /T1-F3-1  /T1-F2-1  /T3-F1-1  /T0-F2-1  /T2-F1-1  /T3-F2-1  /D:1      
/W-F3-1   /T1-F3-1  /T0-F3-1  /D:1      /W-F0-1   /T1-F0-1  
"
1050707,m#Zp#NtC#TRJL#Ouocy#DAYakn#UKbrqxi#MvSfEHGQhFgzlejBPwWVsdXI,122.500000,937.000000,58.000000,0.575581,1,"
minimal: 0 / states: 128 / duration: 0.000176s
history:
/T5-F2-1 /T4-T0-1 /T5-T0-1 /T5-F1-1 /D:6     /W-T6-1  /D:5     /W-T6-1  /W-T6-1  /D:3     
/W-T6-1  /D:2     /W-T4-1  /D:2     /W-T0-1  /T6-T0-5 /T6-T5-1 /T6-T0-1 /T4-T0-2 /T4-F2-1 
/T1-F2-1 /T3-T1-1 /D:1     /W-T5-1  /D:1     /W-T3-1  /T4-T3-1 /T4-T2-1 /D:2     /W-T6-1  
/T2-T6-2 /D:1     /W-T1-1  /T3-T1-3 /D:1     /W-T5-1  /R       /D:1     /W-T4-1  /T5-T4-4 
/T5-F0-1 /T0-F0-1 /T0-T5-1 /T0-F2-1 /T5-T0-2 /D:2     /W-T2-1  /T6-T2-4 /T6-F1-1 /T0-F1-1 
/D:5     /W-T4-1  /T2-T4-6 /T2-F3-1 /T4-F3-1 /T4-F0-1 /T4-F1-1 /T0-F0-1 /T0-F1-1 /T3-T0-1 
/T4-F2-1 /T3-T1-1 /D:1     /W-T2-1  /D:1     /W-T2-1  /T6-T2-1 /D:1     /W-T2-1  /D:1     
/W-F3-1  /W-F3-1  /T0-F3-1 /T4-F3-1 /T1-F3-1 /T6-F3-1 /D:1     /W-F2-1  /T4-F2-1 /T1-F2-1 
/T1-F3-1 /T4-T2-2 /T4-F3-1 /W-T2-1  /W-F0-1  /T0-F0-1 /W-F1-1  /T0-F1-1 /T2-F0-1 /T0-F0-1 
/T2-F1-1 /T0-F1-1 /T2-F0-1 /T1-F0-1 /W-F2-1  /T0-F2-1 /T1-F3-1 /T2-F1-1 /T0-F1-1 /T2-F0-1 
/T1-F0-1 /T4-F2-1 /T0-F2-1 /T2-F1-1 /T0-F1-1 /T4-F3-1 /T1-F3-1 /T2-F2-1 /T4-F0-1 
"
1050732,q#Mx#gyJ#KtZk#lVTnU#jPoCcp#DdsaHWY#XeifEQFIbALuzNRwBvrhSmGO,116.000000,1383.000000,37.000000,0.698630,1,"
minimal: 0 / states: 124 / duration: 0.000126s
history:
/T2-T3-1 /T3-T2-2 /T1-T6-1 /T6-T1-2 /T6-T1-1 /T2-T3-3 /T2-T6-1 /T3-T2-4 /T3-T4-1 /D:3     
/W-T2-1  /T6-T2-2 /T6-F1-1 /T6-T2-1 /T5-T6-1 /T5-T0-1 /W-T2-1  /T0-T2-2 /D:1     /W-T4-1  
/D:1     /W-T4-1  /T6-T4-2 /D:3     /W-T1-1  /T4-T1-6 /T4-F2-1 /W-T4-1  /D:1     /W-F1-1  
/T2-F1-1 /D:1     /W-F0-1  /D:3     /W-T0-1  /D:1     /W-F3-1  /D:1     /W-T4-1  /T6-T4-1 
/D:2     /W-F0-1  /T5-F0-1 /T5-F2-1 /T5-T2-1 /T1-F2-1 /T1-F1-1 /T4-F0-1 /T1-F0-1 /T2-T4-2 
/T2-F1-1 /T1-F1-1 /T4-T2-3 /T4-F0-1 /T2-T4-4 /T2-F1-1 /T4-T2-5 /T5-T3-1 /D:1     /W-T3-1  
/D:2     /W-F1-1  /T2-T4-6 /T2-F1-1 /T4-T2-7 /T3-T4-3 /T4-T0-4 /D:1     /W-T1-1  /W-T1-1  
/D:1     /W-T3-1  /D:1     /W-F0-1  /D:1     /W-F3-1  /T2-F3-1 /T2-F2-1 /T1-F2-1 /R       
/D:2     /W-F3-1  /T2-F3-1 /T1-F3-1 /T2-F2-1 /T1-F2-1 /T2-F3-1 /T1-F3-1 /T2-F0-1 /T1-F0-1 
/T2-F3-1 /T2-F0-1 /T1-F3-1 /W-F3-1  /T0-T1-2 /T0-F0-1 /T1-T0-3 /T1-F3-1 /T2-T3-2 /T2-F3-1 
/D:1     /W-F0-1  /T1-F0-1 /D:1     /W-F2-1  /T0-F2-1 /T0-F1-1 /T3-F1-1 /D:1     /W-F2-1  
/T0-F2-1 /T0-F1-1 /T3-F2-1 /T0-F2-1 /T3-F1-1 
"
1050774,z#fw#lvO#hIQk#DSqoF#PZdVaR#xBMcbmW#jnXiugrestLKTAYJCpyHUNGE,125.500000,2866.000000,47.000000,0.627778,1,"
minimal: 0 / states: 119 / duration: 0.000135s
history:
/T5-T4-1  /T5-F1-1  /T5-T1-1  /T1-T3-2  /D:2      /W-F2-1   /D:3      /W-T3-1   /D:1      /W-T3-1   
/T4-T3-2  /T4-F2-1  /T4-T3-1  /D:1      /W-T1-1   /T5-T1-1  /D:4      /W-T5-1   /T3-T5-8  /D:3      
/W-F0-1   /D:1      /W-T0-1   /D:2      /W-T1-1   /T2-T1-1  /T2-T6-1  /D:1      /W-F2-1   /T5-F2-1  
/D:3      /W-T6-1   /D:1      /W-F3-1   /T1-F3-1  /D:1      /W-T6-1   /T4-T6-1  /T4-T5-1  /T5-T4-10 
/T5-F3-1  /T3-F3-1  /D:1      /W-T6-1   /T1-T6-2  /T1-F2-1  /R        /D:5      /W-F2-1   /D:1      
/W-F2-1   /D:1      /W-T0-1   /T6-T0-8  /T6-T5-1  /T6-F1-1  /T6-F1-1  /T2-T6-1  /T6-T2-2  /T6-F0-1  
/T0-F0-1  /T0-F1-1  /T4-F0-1  /T0-F0-1  /T4-F3-1  /T0-F3-1  /W-F1-1   /T1-F1-1  /T4-F0-1  /T0-F0-1  
/T4-F1-1  /T4-F2-1  /T0-T3-1  /T0-F2-1  /T3-T0-2  /T3-F1-1  /W-F1-1   /T6-T2-1  /D:1      /W-F3-1   
/T0-F3-1  /T4-F3-1  /T4-F2-1  /T2-F2-1  /D:1      /W-T4-1   /D:1      /W-F2-1   /D:1      /W-F0-1   
/T0-F0-1  /T0-F3-1  /T4-F0-1  /W-F3-1   /W-F1-1   /T0-F0-1  /T0-F3-1  /T4-F1-1  /T2-F1-1  /T0-F2-1  
/T4-F0-1  /T2-F0-1  /T4-F3-1  /T5-F1-1  
"
1050804,f#oH#JFk#ybnA#GIMNe#qjcQia#LWrgKsZ#BOVTdvElpRhStUwDPxYmuCzX,137.500000,1726.000000,45.000000,0.637363,1,"
minimal: 0 / states: 121 / duration: 0.000127s
history:
/T3-F0-1 /T3-F2-1 /T5-F1-1 /T3-F1-1 /T2-T3-1 /T4-T2-1 /T4-F3-1 /T1-T5-1 /T1-F2-1 /T6-T1-1 
/T3-T1-2 /T4-T3-1 /D:1     /W-F0-1  /D:1     /W-F3-1  /D:2     /W-T5-1  /T6-T5-1 /D:3     
/W-T0-1  /D:1     /W-T3-1  /T6-T3-1 /T2-T6-2 /T5-T2-4 /T5-T0-1 /T5-F1-1 /T4-T5-1 /T5-T3-2 
/T0-T4-3 /T2-T1-5 /T5-T6-1 /D:1     /W-F2-1  /T6-F2-1 /D:1     /W-T1-1  /D:1     /W-T3-1  
/T4-T3-4 /D:5     /W-T1-1  /D:1     /W-F3-1  /T3-F3-1 /T1-T6-1 /T1-F3-1 /D:3     /W-T0-1  
/D:2     /W-F0-1  /T6-F0-1 /T3-F0-1 /T6-T1-1 /T6-F0-1 /D:1     /W-T2-1  /D:1     /R       
/D:2     /W-F1-1  /T1-F1-1 /T3-F1-1 /T6-F1-1 /T6-F2-1 /T1-F2-1 /T3-F0-1 /T3-F1-1 /D:1     
/W-T6-1  /D:1     /W-F3-1  /T1-F3-1 /T1-F0-1 /T1-F1-1 /T3-F0-1 /T1-F0-1 /T3-F1-1 /T6-T3-2 
/T1-F1-1 /T6-T0-1 /D:1     /W-F2-1  /D:1     /W-F3-1  /W-F3-1  /D:3     /W-T2-1  /T3-T2-3 
/T3-F1-1 /D:1     /W-F2-1  /T2-F2-1 /T2-F3-1 /T2-F0-1 /T0-F0-1 /T0-F1-1 /T3-F0-1 /W-T2-1  
/W-F2-1  /T2-F2-1 /T1-F2-1 /D:1     /W-F3-1  /T2-F3-1 /T1-F3-1 /T2-F2-1 
"
1050815,l#eJ#WIt#ycov#DRBqz#GFYmPO#ZKsrdMQ#paHXbjLfSkVNECwugTUihxnA,121.000000,1823.000000,44.000000,0.685393,1,"
minimal: 0 / states: 119 / duration: 0.000140s
history:
/T0-T4-1 /T4-T0-2 /D:1     /W-T6-1  /T5-T6-1 /T5-T4-1 /D:1     /W-F1-1  /D:3     /W-F1-1  
/D:2     /W-T5-1  /D:1     /W-T2-1  /D:2     /W-T5-1  /T1-T5-1 /T4-T1-2 /T4-T1-1 /D:1     
/W-T5-1  /D:1     /W-F3-1  /T6-F3-1 /D:1     /W-T2-1  /T6-T2-2 /D:3     /W-T5-1  /D:1     
/W-T5-1  /D:2     /W-T3-1  /T2-T3-5 /D:2     /W-T2-1  /D:1     /W-T0-1  /D:1     /W-F2-1  
/D:1     /W-F0-1  /T1-F0-1 /T1-F3-1 /R       /D:3     /W-T0-1  /T3-T0-7 /T3-F2-1 /T0-F2-1 
/T3-F1-1 /T1-F2-1 /T0-F3-1 /T4-F3-1 /T4-T1-1 /T6-T4-1 /T6-F1-1 /T6-F2-1 /T6-F2-1 /W-T3-1  
/D:1     /W-F3-1  /D:1     /W-F0-1  /T1-F0-1 /T0-F0-1 /T1-F1-1 /T0-F1-1 /T0-F2-1 /T5-T1-7 
/T5-T4-1 /T5-F0-1 /T1-F1-1 /T5-F0-1 /T2-F1-1 /T6-T4-1 /T1-F2-1 /W-F0-1  /T2-F0-1 /T2-T4-1 
/T3-T6-2 /D:1     /W-T6-1  /T1-T6-1 /T1-F0-1 /D:1     /W-F3-1  /T0-F3-1 /T0-F2-1 /T6-F3-1 
/T4-F3-1 /T4-F0-1 /T6-F2-1 /T6-F3-1 /T4-F3-1 /T1-T6-1 /T1-F0-1 /T4-F0-1 /T6-T1-2 /T6-F3-1 
/D:1     /W-F1-1  /T0-F1-1 /T0-F2-1 /T1-F1-1 /T0-F1-1 /T1-F2-1 /T0-F2-1 /T1-F1-1 
"
1050930,L#xP#EtM#kygr#VmejH#qFTozn#bZlIvaY#BRipUXNsDdSKfuAJwWCcQhOG,111.500000,1668.000000,46.000000,0.560976,1,"
minimal: 0 / states: 128 / duration: 0.000134s
history:
/T5-F2-1 /T6-T2-1 /T6-F1-1 /D:1     /W-T1-1  /D:4     /W-T6-1  /D:1     /W-T0-1  /D:1     
/W-F3-1  /D:3     /W-T3-1  /D:2     /W-T2-1  /D:3     /W-F0-1  /T1-F0-1 /D:1     /W-T0-1  
/D:2     /W-T2-1  /T6-T2-2 /D:1     /W-F0-1  /D:3     /W-T6-1  /D:1     /W-F3-1  /T1-F3-1 
/W-F3-1  /D:1     /W-T2-1  /R       /D:1     /W-F3-1  /D:1     /W-T0-1  /T4-T0-1 /T4-T1-1 
/T6-T1-2 /T6-T5-1 /T0-T6-5 /T5-T0-2 /T5-F2-1 /T5-T6-1 /T4-T5-1 /T5-T6-2 /T1-T0-4 /T2-T1-7 
/T2-T0-1 /T5-T6-1 /T4-T5-1 /D:1     /W-F2-1  /T6-F2-1 /T3-T2-1 /T3-F2-1 /D:1     /W-F2-1  
/T0-F2-1 /D:1     /W-F0-1  /D:1     /W-F3-1  /T6-T3-2 /T6-F3-1 /T3-T6-3 /T3-T5-1 /T3-T5-1 
/T6-T3-9 /T6-F1-1 /T1-T0-1 /T1-F3-1 /T4-F3-1 /D:1     /W-T0-1  /T2-T0-2 /D:1     /W-F2-1  
/T1-F2-1 /T1-F3-1 /T3-T5-6 /T3-F3-1 /D:1     /W-F2-1  /T0-T1-7 /T0-F2-1 /T1-T0-8 /T1-F3-1 
/T5-T3-7 /T5-F2-1 /T0-T1-9 /T0-F2-1 /T3-T5-8 /T3-F3-1 /D:1     /W-F1-1  /T1-F1-1 /T1-F0-1 
/T5-F1-1 /T1-F1-1 /T5-F0-1 /T1-F0-1 /T5-F1-1 /T1-F1-1 /T5-F0-1 /T1-F0-1 /T5-F1-1 /T1-F1-1 
/T5-F0-1 /T1-F0-1 /T5-F1-1 /T1-F1-1 /T5-F0-1 /T1-F0-1 /T5-F1-1 
"
1050943,D#xK#zjo#GLHy#lTCnW#pFMuba#cRkVOAP#qBUJmsEerfXNQvIYhtwZiSgd,123.000000,1733.000000,51.000000,0.627778,1,"
minimal: 0 / states: 122 / duration: 0.000131s
history:
/T5-F1-1 /T5-F1-1 /T6-T0-1 /T6-F0-1 /T4-T1-1 /T4-F2-1 /T2-F2-1 /T6-T4-1 /T5-T6-1 /D:2     
/W-F0-1  /D:9     /W-T3-1  /D:1     /W-F3-1  /T4-F3-1 /T0-F3-1 /T4-F0-1 /T4-T6-1 /T1-T4-2 
/T2-T1-1 /T4-T2-3 /T5-T4-1 /T5-T6-1 /T5-F2-1 /T0-F0-1 /D:1     /W-F3-1  /D:1     /W-T1-1  
/D:1     /W-T2-1  /D:1     /W-T4-1  /T1-T4-3 /D:1     /W-T2-1  /D:1     /W-T2-1  /W-T2-1  
/W-T2-1  /W-T6-1  /W-F0-1  /D:1     /W-T3-1  /T6-T3-5 /D:1     /W-T0-1  /T3-T0-8 /D:3     
/W-T3-1  /D:1     /W-T2-1  /R       /D:1     /W-F2-1  /D:1     /W-T4-1  /D:1     /W-T6-1  
/D:1     /W-T1-1  /D:1     /W-T3-1  /T0-T3-1 /T0-F0-1 /D:1     /W-T6-1  /T3-T6-4 /T6-T3-7 
/T6-F3-1 /T6-F1-1 /T2-F1-1 /T2-F2-1 /T3-F1-1 /T2-F1-1 /T3-F2-1 /T3-F1-1 /T3-T1-5 /T2-F2-1 
/T2-F1-1 /T3-F0-1 /T1-F0-1 /T1-F1-1 /T2-F0-1 /T1-F0-1 /T4-T2-2 /T4-F1-1 /T1-F1-1 /T2-T4-3 
/T2-F0-1 /T1-F0-1 /T2-F1-1 /T1-F1-1 /T4-T2-5 /T4-F0-1 /D:1     /W-F3-1  /T0-F3-1 /T0-F2-1 
/T2-F3-1 /T0-F3-1 /T2-F2-1 /T0-F2-1 /T2-F3-1 /T0-F3-1 /T2-F2-1 /T0-F2-1 /T2-F3-1 /T0-F3-1 
/T2-F2-1 
"
1050945,a#WE#DxB#Fisc#gSOyw#eoGnvX#HLplrTu#ZbMqmtfRAVkUjQPzKYJNhdIC,141.500000,1773.000000,46.000000,0.619565,1,"
minimal: 0 / states: 120 / duration: 0.000130s
history:
/T0-F1-1 /T4-T5-1 /T5-T4-2 /T2-T3-1 /D:1     /W-T0-1  /T4-T0-3 /D:1     /W-F1-1  /D:7     
/W-F0-1  /T3-F0-1 /T3-F1-1 /W-T3-1  /D:1     /W-T0-1  /T6-T0-1 /T6-T0-1 /T3-T0-2 /D:2     
/W-T5-1  /D:1     /W-T2-1  /T5-T2-2 /T5-F2-1 /T5-T2-1 /T5-F2-1 /D:1     /W-T1-1  /D:6     
/W-F3-1  /T4-F3-1 /T6-T4-1 /T2-T6-5 /T4-T6-2 /T2-T0-1 /D:2     /W-F1-1  /T5-F1-1 /D:2     
/W-F0-1  /T0-F0-1 /T1-T6-1 /T1-F0-1 /W-T1-1  /W-T1-1  /R       /D:1     /W-T2-1  /T6-T2-9 
/T6-F2-1 /D:1     /W-F2-1  /D:1     /W-T5-1  /T6-T5-1 /T4-T6-1 /T6-T3-2 /D:1     /W-T1-1  
/D:1     /W-F1-1  /T3-F1-1 /D:1     /W-T5-1  /D:1     /W-F3-1  /T2-F3-1 /T0-F3-1 /T2-F2-1 
/T0-F2-1 /T2-F3-1 /T1-F2-1 /T0-F3-1 /T0-F2-1 /T1-F1-1 /T3-T0-1 /T3-F1-1 /T3-F0-1 /T2-F0-1 
/T0-F0-1 /T2-F3-1 /T0-F3-1 /T1-F0-1 /T2-F2-1 /T0-F2-1 /T1-F3-1 /T2-F1-1 /T2-F2-1 /T0-F3-1 
/T0-F2-1 /T5-F1-1 /T2-F1-1 /T5-T0-1 /T5-F1-1 /D:1     /W-F2-1  /D:2     /W-F3-1  /D:1     
/W-F0-1  /W-F0-1  /T0-F0-1 /T0-F3-1 /T2-F0-1 
"
1051006,D#jK#lAa#rcHu#qwxNm#BgOLZJ#vUzQIWy#bfhFRiXekdMTVCGtnsYpESoP,155.000000,1510.000000,54.000000,0.540000,1,"
minimal: 0 / states: 124 / duration: 0.000142s
history:
/T2-F1-1  /T2-F0-1  /T6-T4-1  /T6-T1-1  /T6-T1-1  /T1-T2-3  /D:1      /W-F1-1   /D:2      /W-T2-1   
/D:3      /W-T5-1   /T3-T5-1  /D:1      /W-T4-1   /T5-T4-3  /D:5      /W-T3-1   /D:2      /W-T6-1   
/D:1      /W-T2-1   /D:2      /W-F2-1   /D:1      /W-T3-1   /D:4      /W-T2-1   /W-T2-1   /T6-T2-2  
/T2-T6-10 /T4-T2-6  /T4-F3-1  /T1-T4-1  /T5-T1-1  /T5-T1-1  /T5-F3-1  /T5-T2-1  /T5-F0-1  /T6-F0-1  
/T6-T5-10 /T0-F0-1  /W-T5-1   /D:1      /W-F2-1   /T5-F2-1  /D:1      /W-F3-1   /T5-F3-1  /T5-F0-1  
/R        /D:2      /W-F0-1   /D:1      /W-F3-1   /T5-F3-1  /T5-F0-1  /T3-T2-1  /T3-F3-1  /T3-F0-1  
/T3-F1-1  /T6-F3-1  /T5-T6-1  /T5-F0-1  /T6-T4-2  /D:1      /W-T2-1   /D:1      /W-T1-1   /D:1      
/W-F1-1   /T2-F1-1  /W-F1-1   /D:1      /W-T0-1   /D:1      /W-F3-1   /T5-F3-1  /T2-T1-5  /T2-F3-1  
/D:1      /W-T4-1   /D:1      /W-T0-1   /T4-T0-5  /F3-T2-1  /T4-T2-1  /T4-F2-1  /T3-F2-1  /T1-F2-1  
/T0-F2-1  /T1-F1-1  /T0-F1-1  /T1-F2-1  /T0-F2-1  /T1-F1-1  /T0-F1-1  /T1-F0-1  /T2-F2-1  /T0-F2-1  
/T1-F1-1  /T2-F3-1  /T2-F2-1  /T5-F0-1  /T0-F3-1  /T1-F0-1  /T1-F3-1  /T5-F1-1  /T0-F0-1  /T2-F1-1  
/T5-F2-1  
"
1051156,y#Am#prh#BMuE#bWLJX#DaRfeK#GYiNVOz#CcsPjTUISFgZtoklxvnQwqdH,114.500000,2208.000000,65.000000,0.461957,1,"
minimal: 0 / states: 141 / duration: 0.000146s
history:
/T4-T0-1  /T4-T0-1  /T4-T1-1  /T4-T5-1  /D:8      /W-T5-1   /T2-T5-1  /D:5      /W-T5-1   /D:2      
/W-T1-1   /D:1      /W-T6-1   /T5-T6-5  /D:3      /W-F2-1   /D:1      /W-T2-1   /D:1      /W-T1-1   
/D:1      /W-T5-1   /D:1      /W-T3-1   /D:1      /R        /D:1      /W-T2-1   /T4-T2-1  /T6-T4-7  
/D:1      /W-T5-1   /D:6      /W-T4-1   /T3-T4-2  /D:2      /W-T3-1   /W-T3-1   /T5-T3-3  /T2-T5-4  
/T6-T2-1  /T6-T0-1  /T6-F3-1  /T2-F3-1  /T3-T0-6  /T6-T1-1  /T6-T3-1  /T5-T6-5  /T2-T4-1  /T1-T2-5  
/T1-F0-1  /T3-T1-2  /T3-F0-1  /T6-T4-1  /T6-F0-1  /D:1      /W-T3-1   /T0-T3-10 /D:1      /W-F2-1   
/D:1      /W-T1-1   /D:2      /W-T2-1   /R        /D:2      /W-F3-1   /T6-F3-1  /T5-F3-1  /T5-F1-1  
/T4-F1-1  /T3-F1-1  /T4-F2-1  /T3-F2-1  /T4-F1-1  /T5-F0-1  /T3-F1-1  /T4-F0-1  /T3-F0-1  /T6-F2-1  
/T4-F3-1  /T6-F1-1  /T6-F0-1  /W-F2-1   /T3-F1-1  /T4-F2-1  /T4-F1-1  /T2-F0-1  /T2-F1-1  /T3-F2-1  
/T4-F0-1  /T3-T2-1  /T3-F0-1  /T4-T1-1  /T4-F0-1  /D:1      /W-F1-1   /T2-T3-2  /T2-F1-1  /T2-F0-1  
/T4-F1-1  /T2-F1-1  /T1-T4-3  /T1-F0-1  /D:1      /W-F3-1   /D:1      /W-F3-1   /T3-F3-1  /T4-F3-1  
/D:1      /W-F2-1   /T3-F2-1  /T3-F3-1  /T4-F2-1  /T3-F2-1  /T4-F3-1  /T3-F3-1  /T4-F2-1  
"
1051290,l#yX#pRK#oOEL#rZVzb#hcswUT#vnWSBDH#CfgqjFikAuNxaYGMdmIJeQPt,127.500000,1011.000000,52.000000,0.543210,1,"
minimal: 0 / states: 131 / duration: 0.000172s
history:
/T5-T6-1 /T2-T0-1 /T1-T3-1 /D:4     /W-T2-1  /D:1     /W-T0-1  /D:1     /W-T6-1  /T2-T6-2 
/T4-T2-1 /T0-T4-3 /T4-T0-4 /T6-T4-5 /D:2     /W-T1-1  /D:1     /W-F0-1  /D:2     /W-F3-1  
/D:2     /W-F1-1  /T2-F1-1 /D:2     /W-T5-1  /D:4     /W-T0-1  /T5-T0-2 /T5-T1-1 /T4-T1-6 
/T3-T4-2 /D:1     /W-T4-1  /D:1     /W-T5-1  /T6-T5-1 /T6-F0-1 /T6-T0-1 /T3-T0-1 /T3-F3-1 
/D:1     /W-T0-1  /T2-T0-1 /T4-T2-4 /D:1     /W-F3-1  /D:1     /R       /D:1     /W-F0-1  
/T5-F0-1 /T0-T4-2 /T0-F0-1 /T4-T0-3 /D:3     /W-T2-1  /D:1     /W-T2-1  /W-T2-1  /T5-T2-2 
/T5-F1-1 /D:3     /W-T4-1  /W-T4-1  /W-T4-1  /T6-T4-1 /T6-F2-1 /T3-F2-1 /T0-F2-1 /T0-F3-1 
/T1-F2-1 /T1-F3-1 /T0-F2-1 /T0-F3-1 /T1-F0-1 /T0-F0-1 /T1-F3-1 /T0-F3-1 /T1-F0-1 /T0-F0-1 
/T1-F3-1 /T4-F3-1 /T2-T1-5 /T2-F0-1 /T2-F3-1 /T0-T4-1 /T0-F0-1 /T2-F0-1 /T4-T0-2 /T4-F3-1 
/T2-F3-1 /T4-F0-1 /T5-T6-1 /T6-T0-2 /D:1     /W-F1-1  /T1-F1-1 /T1-F2-1 /W-F1-1  /T1-F1-1 
/T0-F1-1 /D:1     /W-T2-1  /T1-T2-5 /D:1     /W-F2-1  /T2-F2-1 /T0-F2-1 /T2-F1-1 /T0-F1-1 
/T2-F2-1 /T0-F2-1 /T2-F1-1 /T0-F1-1 /T2-F2-1 /T0-F2-1 /T2-F1-1 
"
1051339,U#sP#TWJ#ojBc#QgONS#VkvLat#xYrFChe#HnDKfliEwmMqIydGZbRAXzup,135.500000,1244.000000,45.000000,0.651899,1,"
minimal: 0 / states: 120 / duration: 0.000135s
history:
/T5-T0-1 /T5-F1-1 /T4-T0-1 /T4-F3-1 /T4-F3-1 /T1-F3-1 /T6-T1-1 /T1-T4-2 /D:2     /W-F2-1  
/D:1     /W-T4-1  /T3-T4-1 /T3-T4-1 /D:4     /W-T2-1  /D:1     /W-T0-1  /D:2     /W-T1-1  
/T5-T1-1 /T6-T5-1 /T5-T3-2 /T2-T5-2 /T5-T1-3 /D:3     /W-T2-1  /T0-T2-4 /D:2     /W-T2-1  
/T6-T2-1 /D:1     /W-T3-1  /D:1     /W-T0-1  /W-T0-1  /D:1     /W-F1-1  /D:1     /W-T6-1  
/W-T6-1  /D:1     /W-F0-1  /T4-F0-1 /T2-F0-1 /T4-F1-1 /T4-F0-1 /T2-F1-1 /T2-F0-1 /T4-F1-1 
/T6-T4-2 /T6-F0-1 /T6-T2-1 /T3-F0-1 /D:1     /W-T0-1  /D:2     /W-T1-1  /T4-T1-4 /T4-F3-1 
/W-T4-1  /T6-T4-1 /T2-T6-6 /T6-T4-7 /W-T6-1  /W-T0-1  /W-T6-1  /W-F1-1  /W-T6-1  /T3-T6-3 
/T3-F2-1 /W-F0-1  /T1-T2-3 /T1-F1-1 /T6-F1-1 /T1-T5-1 /T1-F1-1 /T4-T6-4 /T4-F0-1 /T1-F0-1 
/T6-T4-5 /T6-F1-1 /T1-F1-1 /T6-F0-1 /T1-F0-1 /T6-F1-1 /T1-F1-1 /T6-F0-1 /T2-T5-4 /T5-T0-6 
/D:1     /W-F2-1  /T0-F2-1 /T0-F3-1 /T4-F2-1 /T0-F2-1 /T4-F3-1 /T0-F3-1 /T4-F2-1 /T0-F2-1 
/T4-F3-1 /T0-F3-1 /T4-F2-1 /T0-F2-1 /T4-F3-1 /T0-F3-1 /T4-F2-1 /T0-F2-1 /T4-F3-1 /T0-F3-1 
/T4-F2-1 
"
1051344,I#fR#ktQ#Gson#xFpgr#TMVdbN#CzvyJDa#ZicLBOjAuXUKlEehYmHwPSqW,106.500000,2016.000000,36.000000,0.702703,1,"
minimal: 0 / states: 109 / duration: 0.000122s
history:
/T3-F2-1 /T3-F2-1 /T5-F3-1 /T6-F1-1 /T5-F1-1 /T6-T1-1 /T5-T4-1 /T5-T6-1 /T1-T3-2 /T4-T1-2 
/T3-T4-3 /T1-T3-3 /T5-T1-1 /D:3     /W-F1-1  /T3-F1-1 /T2-T3-1 /D:3     /W-F3-1  /D:2     
/W-F0-1  /D:1     /W-T6-1  /T4-T6-4 /T4-F2-1 /T4-T5-1 /W-T4-1  /W-F0-1  /T0-T4-1 /D:2     
/W-T4-1  /T2-T4-1 /T6-T2-7 /W-T6-1  /D:2     /W-T1-1  /W-T1-1  /D:2     /W-F1-1  /D:3     
/W-T0-1  /T6-T0-2 /D:2     /W-T0-1  /D:1     /W-F3-1  /T3-F3-1 /D:1     /W-T4-1  /T3-T4-1 
/T3-F1-1 /D:1     /W-F2-1  /T4-F2-1 /T2-T5-2 /T2-F2-1 /T2-F1-1 /T4-T3-1 /T4-F2-1 /T2-F2-1 
/T6-F2-1 /T3-T4-2 /T6-T3-1 /T6-F0-1 /T5-F0-1 /T5-F3-1 /T0-F2-1 /T4-F3-1 /T4-T1-4 /T4-F2-1 
/W-T2-1  /W-T3-1  /W-F1-1  /W-F0-1  /T5-F0-1 /T1-F0-1 /T5-F3-1 /T1-F3-1 /T2-F0-1 /T1-F0-1 
/T2-F3-1 /T2-F0-1 /D:1     /W-F3-1  /T0-F3-1 /T0-F2-1 /T3-F3-1 /T3-F2-1 /W-T0-1  /W-F1-1  
/T1-F1-1 /T1-F0-1 /T2-F1-1 /T0-F0-1 /T1-F1-1 /T0-F1-1 /T1-F0-1 /W-F3-1  
"
1051355,u#Gz#IlV#ZOwD#ipAja#JNkyvT#tosnXEU#qgScmfYWKCdrHPBFexRMbhLQ,175.500000,1534.000000,53.000000,0.591743,1,"
minimal: 0 / states: 127 / duration: 0.000136s
history:
/T4-F1-1 /T5-T0-1 /T6-T5-1 /T5-T4-2 /T0-T2-2 /T1-T0-1 /T1-T4-1 /D:3     /W-T4-1  /T6-T4-1 
/T6-T5-1 /T6-F2-1 /T6-T2-1 /T6-F2-1 /D:1     /W-T3-1  /D:1     /W-T1-1  /T5-T1-2 /D:1     
/W-T6-1  /D:1     /W-T0-1  /D:2     /W-T0-1  /T4-T0-6 /T4-F0-1 /T4-F2-1 /D:2     /W-T0-1  
/W-T0-1  /D:1     /W-T6-1  /D:1     /W-T4-1  /D:2     /W-F0-1  /T0-F0-1 /D:2     /W-T2-1  
/T3-T2-2 /T2-T3-7 /T3-T1-8 /F0-T0-1 /T3-T0-1 /D:1     /W-T2-1  /D:3     /W-F1-1  /T1-F1-1 
/D:2     /W-T3-1  /T5-T3-1 /T5-F3-1 /T0-F3-1 /T0-F0-1 /T0-F1-1 /T1-F0-1 /T0-F0-1 /T1-F1-1 
/T6-T0-1 /T6-F1-1 /T4-T5-2 /T5-T3-3 /D:1     /W-T0-1  /R       /D:1     /W-F2-1  /D:1     
/W-F1-1  /D:1     /W-T2-1  /D:1     /W-F3-1  /T0-F3-1 /T0-F2-1 /T1-F2-1 /T6-F2-1 /T1-T3-1 
/T1-F2-1 /D:1     /W-F0-1  /D:1     /W-F3-1  /T0-F3-1 /T0-F0-1 /T3-F3-1 /T0-F3-1 /T3-F0-1 
/T1-F3-1 /T0-F2-1 /T1-F2-1 /T2-F3-1 /T1-F3-1 /T2-F2-1 /T1-F2-1 /T0-T2-2 /T0-F3-1 /T2-T0-3 
/T2-F0-1 /T3-T1-4 /T3-F3-1 /D:1     /W-T2-1  /T0-T2-3 /T0-F2-1 /D:1     /W-F1-1  /T1-F1-1 
/T1-F0-1 /T2-F1-1 /T1-F1-1 /T2-F0-1 /T1-F0-1 /T2-F1-1 /T1-F1-1 /T2-F0-1 
"
1051522,x#dL#loX#MVjk#pROhq#nBUTyA#DQrauvz#ZSbwmCFiYeWgEtNPIGsJKHfc,120.000000,2957.000000,62.000000,0.515789,1,"
minimal: 0 / states: 139 / duration: 0.000142s
history:
/T5-F0-1 /T3-T1-1 /T2-T5-1 /T3-T0-1 /D:4     /W-T1-1  /T3-T1-1 /D:5     /W-T3-1  /T0-T3-2 
/T6-T0-1 /T6-T3-1 /T6-T1-1 /T6-F1-1 /D:3     /W-T1-1  /D:3     /W-F3-1  /D:1     /W-T4-1  
/T2-T4-1 /T2-T0-1 /D:3     /W-T1-1  /D:1     /W-T5-1  /D:1     /W-T0-1  /D:3     /R       
/D:1     /W-T2-1  /T5-T2-3 /D:2     /W-F1-1  /D:3     /W-T5-1  /D:1     /W-T2-1  /D:1     
/W-T1-1  /T4-T1-3 /T4-T3-1 /T4-F3-1 /T4-T5-1 /D:1     /W-T0-1  /D:2     /W-T3-1  /D:1     
/W-T0-1  /D:2     /W-T2-1  /T5-T2-3 /T5-T0-1 /T5-F0-1 /T5-F2-1 /T1-F2-1 /T1-F3-1 /T4-F2-1 
/T1-F2-1 /T6-F2-1 /T6-F3-1 /T2-F3-1 /T1-T2-1 /T1-F2-1 /T3-F2-1 /W-T0-1  /T6-T2-1 /D:1     
/W-T0-1  /W-T0-1  /W-F0-1  /W-T4-1  /T1-T4-6 /T2-F0-1 /T0-F0-1 /W-F3-1  /T2-T4-2 /T2-F3-1 
/T0-T3-2 /T0-F3-1 /T4-T2-3 /T4-F2-1 /T4-F3-1 /T3-T0-3 /T3-F2-1 /T4-F2-1 /T0-T3-4 /T0-F3-1 
/T2-T4-6 /T2-F3-1 /T3-T0-5 /T3-F2-1 /T2-F2-1 /T3-F3-1 /T2-F3-1 /T0-T3-7 /T0-F2-1 /D:1     
/W-F1-1  /T1-F1-1 /T4-F1-1 /T3-F1-1 /T4-F0-1 /T3-F0-1 /T4-F1-1 /T3-F1-1 /T4-F0-1 /T3-F0-1 
/T4-F1-1 /T3-F1-1 /T4-F0-1 /T3-F0-1 /T4-F1-1 /T3-F1-1 /T4-F0-1 /T3-F0-1 /T4-F1-1 
"
1051702,d#Xu#pBq#yYxO#zPUZh#TSGsLa#rwRNWkt#bAHngfEIcFoKVjmlJiQDCMev,120.500000,1323.000000,39.000000,0.767442,1,"
minimal: 0 / states: 112 / duration: 0.000137s
history:
/T5-F1-1 /T6-T4-1 /T6-T5-1 /D:1     /W-F1-1  /D:1     /W-F0-1  /D:2     /W-F2-1  /D:1     
/W-T1-1  /D:1     /W-T4-1  /D:1     /W-T4-1  /T0-T4-1 /D:1     /W-T6-1  /T4-T6-5 /T5-T4-2 
/T4-T0-3 /T5-T1-1 /T5-T4-1 /T5-T4-1 /D:1     /W-F1-1  /T6-F1-1 /D:1     /W-T5-1  /D:1     
/W-F2-1  /D:6     /W-T0-1  /D:1     /W-T0-1  /T1-T0-3 /D:1     /W-T6-1  /D:2     /W-T6-1  
/T3-T6-1 /T6-T3-9 /T6-F3-1 /T3-F3-1 /T2-T6-1 /T2-F0-1 /T2-F2-1 /T3-F0-1 /T6-T0-2 /T6-T1-1 
/T0-F2-1 /T6-F2-1 /W-F0-1  /T0-T5-1 /T0-F2-1 /D:1     /W-T2-1  /W-T2-1  /T3-T2-8 /W-T6-1  
/D:1     /W-F1-1  /T2-T4-2 /T2-F1-1 /T0-F1-1 /T2-F2-1 /T0-F2-1 /T2-F1-1 /T4-T2-5 /T4-F3-1 
/T2-F3-1 /T2-F0-1 /T5-F3-1 /T2-F3-1 /T5-F0-1 /T2-F0-1 /T5-F3-1 /T2-F3-1 /T3-T4-1 /T0-F1-1 
/W-F1-1  /W-F3-1  /W-T4-1  /W-F0-1  /T2-F0-1 /T0-F0-1 /T0-F1-1 /T2-F3-1 /T4-F0-1 /T0-F0-1 
/T2-T4-1 /T2-F1-1 /T2-F0-1 /T6-F1-1 /T1-T3-2 /T3-T0-3 /D:1     /W-F2-1  /T0-F2-1 /T0-F3-1 
/T4-F2-1 /T0-F2-1 /T4-F3-1 /T0-F3-1 /T4-F2-1 
"
1051703,A#GY#NKC#kMLX#sZzPD#eUEOxv#cTBHndR#pWwyIbqFmgSJtfjoaiQurlhV,144.000000,4278.000000,63.000000,0.516129,1,"
minimal: 0 / states: 140 / duration: 0.000153s
history:
/T0-F0-1 /T4-T6-1 /T4-T6-1 /T4-T0-1 /T1-T0-1 /D:3     /W-T3-1  /D:1     /W-T4-1  /T3-T4-2 
/D:2     /W-T2-1  /D:5     /W-T1-1  /D:5     /W-T6-1  /D:1     /W-F1-1  /T2-F1-1 /D:1     
/W-T4-1  /D:2     /W-T4-1  /D:1     /W-T1-1  /W-T1-1  /T2-T1-1 /T2-T0-1 /T2-F3-1 /T4-T2-6 
/T6-T4-4 /W-T0-1  /T5-T0-1 /D:2     /W-T0-1  /T1-T0-5 /D:1     /R       /D:1     /W-T6-1  
/D:1     /W-T5-1  /D:1     /W-T5-1  /D:3     /W-T1-1  /T3-T1-1 /D:1     /W-T2-1  /T4-T2-5 
/T3-T4-1 /T3-T1-1 /D:1     /W-T1-1  /D:3     /W-T4-1  /T5-T4-3 /T5-F3-1 /T6-T5-2 /T6-F2-1 
/T2-F2-1 /T5-F2-1 /T2-F3-1 /T0-T5-1 /T0-F3-1 /D:1     /W-T1-1  /T6-T1-1 /T6-F0-1 /T5-F0-1 
/T6-T1-1 /T6-F1-1 /T2-F0-1 /T5-F1-1 /T5-F0-1 /T5-T4-1 /T2-F3-1 /T5-F1-1 /W-F1-1  /T2-T1-1 
/T2-F1-1 /T0-T4-3 /T0-F1-1 /R       /D:1     /W-F2-1  /T4-F2-1 /T1-F2-1 /T4-F3-1 /T1-F3-1 
/D:1     /W-F0-1  /T4-F0-1 /T1-F0-1 /T4-F3-1 /T4-F0-1 /T1-F3-1 /T1-F0-1 /T4-F3-1 /T0-T4-2 
/T0-F0-1 /T2-T1-3 /T2-F3-1 /T0-F3-1 /T1-T2-4 /T1-F0-1 /T2-T1-5 /T2-F3-1 /T4-T0-4 /T4-F0-1 
/D:1     /W-F2-1  /T1-F2-1 /T0-F2-1 /T1-F1-1 /T0-F1-1 /T1-F2-1 /T0-F2-1 /T1-F1-1 /T0-F1-1 
/T1-F2-1 /T0-F2-1 /T1-F1-1 
"
1051813,v#CN#KqA#YkdB#XrTcW#mizHQs#DGwnxpe#SloyIZFLauVtPgEfhjbJRMOU,109.000000,1200.000000,58.000000,0.601010,1,"
minimal: 0 / states: 132 / duration: 0.000147s
history:
/T1-F3-1 /T2-F0-1 /T3-F0-1 /T6-T5-1 /T6-T3-1 /T4-T6-1 /T4-T2-1 /T5-T4-2 /T2-T4-2 /T1-F0-1 
/T0-T6-1 /D:3     /W-T4-1  /D:3     /W-T0-1  /D:2     /W-T0-1  /D:1     /W-F1-1  /D:8     
/W-T6-1  /D:1     /W-T2-1  /D:1     /W-F1-1  /D:3     /W-T1-1  /D:1     /W-F3-1  /D:1     
/R       /D:2     /W-T1-1  /T6-T1-4 /T6-F2-1 /T4-F2-1 /T3-F2-1 /T4-F1-1 /T3-F1-1 /T6-T3-1 
/T3-T0-2 /T6-T1-1 /T4-F2-1 /T4-F1-1 /T6-F0-1 /W-T1-1  /T2-T3-2 /D:2     /W-T3-1  /D:3     
/W-T0-1  /W-T0-1  /T4-T0-2 /T4-F2-1 /F2-T1-1 /T5-T1-1 /D:2     /W-F3-1  /T1-F3-1 /T1-F2-1 
/T0-F2-1 /W-F2-1  /T0-T5-1 /T0-F2-1 /T5-T0-2 /T5-T2-1 /T1-T3-3 /T1-F2-1 /W-T0-1  /T3-T2-7 
/D:2     /W-F0-1  /T0-F0-1 /D:1     /W-F1-1  /W-F1-1  /D:1     /W-T4-1  /T5-T4-1 /W-T5-1  
/T4-T5-3 /D:1     /W-F3-1  /T2-F3-1 /T0-F3-1 /T2-F0-1 /T0-F0-1 /T2-F1-1 /T5-F1-1 /T2-F0-1 
/T2-F1-1 /T5-F0-1 /T2-F0-1 /T0-T5-2 /T0-F1-1 /T0-F0-1 /T1-T2-2 /T1-F1-1 /T1-F0-1 /T5-T0-4 
/T5-F1-1 /D:1     /W-F3-1  /T0-F3-1 /T0-F2-1 /T2-F3-1 /T0-F3-1 /T2-F2-1 /T0-F2-1 /T2-F3-1 
/T0-F3-1 /T2-F2-1 
"
1051940,Y#fL#vGV#WDng#QywpO#qUlEko#BdPtjaX#AuSsIMTrCcihJKbFRHxzeZNm,111.000000,2146.000000,43.000000,0.678571,1,"
minimal: 0 / states: 122 / duration: 0.000142s
history:
/T6-T1-1 /T6-F1-1 /D:1     /W-F0-1  /D:1     /W-T2-1  /T3-T2-1 /T3-F2-1 /T5-F2-1 /D:2     
/W-T2-1  /D:1     /W-T6-1  /D:5     /W-T3-1  /D:2     /W-T6-1  /D:1     /W-T1-1  /T2-T1-4 
/T2-T6-1 /D:1     /W-T0-1  /T6-T0-4 /D:1     /W-F1-1  /T3-F1-1 /D:2     /W-T1-1  /T3-T1-1 
/T2-T3-1 /D:3     /W-T2-1  /T0-T2-6 /D:2     /W-T0-1  /T1-T0-9 /T1-T2-1 /D:1     /W-F3-1  
/T4-F3-1 /T4-F2-1 /T4-T5-1 /T5-T4-2 /T5-T2-1 /D:1     /W-T1-1  /T4-T1-3 /T4-T2-1 /R       
/D:1     /W-T6-1  /D:1     /W-T4-1  /T5-T4-1 /T6-T5-2 /T6-F3-1 /T6-F1-1 /T6-F0-1 /T5-T3-3 
/T5-F2-1 /T2-F3-1 /D:2     /W-F2-1  /D:1     /W-F0-1  /T0-F0-1 /T0-F3-1 /T2-F0-1 /T3-F3-1 
/T0-F2-1 /T3-F2-1 /W-F3-1  /T3-F3-1 /D:1     /W-T1-1  /T0-T1-2 /T0-F3-1 /D:1     /W-F0-1  
/D:2     /W-T4-1  /T3-T4-2 /D:1     /W-F1-1  /T2-F1-1 /T1-F1-1 /T1-F2-1 /T2-F0-1 /T2-F1-1 
/T4-F2-1 /W-F0-1  /T1-F1-1 /T1-F2-1 /T2-F0-1 /T0-F0-1 /T2-F1-1 /T1-F1-1 /T4-F3-1 /T0-F3-1 
/T2-F0-1 /T0-F0-1 /T4-F2-1 /T1-F2-1 /T2-F3-1 /T0-F3-1 /T4-F1-1 /T1-F1-1 /T2-F2-1 /T4-F0-1 
"
1060549,j#za#HSL#dwGo#MgAkt#KDFXZq#vCINBfY#emnOQilJTVpsrUERPchybuWx,133.000000,3157.000000,65.000000,0.557143,1,"
minimal: 0 / states: 138 / duration: 0.000145s
history:
/T1-F1-1 /T6-T1-1 /T6-T4-1 /D:3     /W-F2-1  /T3-F2-1 /D:8     /W-F2-1  /T5-F2-1 /T2-T5-1 
/T2-T3-1 /D:2     /W-F2-1  /W-F2-1  /D:2     /W-T3-1  /D:6     /W-F1-1  /D:3     /W-T1-1  
/T0-T1-1 /T5-T0-2 /T5-T0-1 /R       /D:1     /W-T5-1  /D:3     /W-T3-1  /D:3     /W-T0-1  
/D:1     /W-T2-1  /T5-T2-2 /T5-T2-1 /D:1     /W-T0-1  /T2-T0-5 /D:3     /W-T0-1  /T6-T0-1 
/T6-F3-1 /T6-T1-1 /T6-T3-1 /D:1     /W-F1-1  /D:1     /W-T1-1  /T4-T1-2 /D:3     /W-T5-1  
/T6-T5-1 /R       /D:1     /W-T2-1  /D:1     /W-F3-1  /D:3     /W-T5-1  /T3-T5-5 /T3-T4-1 
/T3-F1-1 /D:2     /W-T2-1  /T4-T2-2 /T4-F0-1 /T0-F0-1 /T0-F3-1 /T5-F0-1 /T0-F0-1 /T0-F1-1 
/T5-F3-1 /T5-F0-1 /T1-F1-1 /W-F3-1  /T0-F0-1 /T4-F1-1 /T5-F3-1 /T0-F3-1 /T1-F2-1 /T5-F0-1 
/T0-F0-1 /T1-F1-1 /T5-F3-1 /T1-F0-1 /T0-F3-1 /T0-F0-1 /T5-T1-1 /T5-F3-1 /T0-F3-1 /T5-F0-1 
/T0-F0-1 /T4-F0-1 /D:1     /W-F2-1  /T1-F2-1 /T2-F2-1 /R       /D:1     /W-F1-1  /T1-F1-1 
/T1-F2-1 /T1-F3-1 /T2-F1-1 /T2-F2-1 /T0-F3-1 /T1-F2-1 /D:1     /W-F1-1  /T2-F1-1 
"
1060785,H#qP#yKQ#nMLv#sYmhW#tcgbrR#IuZXFGC#VBSlTDdEkAzxoJiajNOwefpU,116.500000,961.000000,38.000000,0.628571,1,"
minimal: 0 / states: 123 / duration: 0.000136s
history:
/T6-T2-1  /T3-T4-1  /D:2      /W-T1-1   /D:1      /W-T6-1   /D:2      /W-T0-1   /D:1      /W-T5-1   
/T1-T5-2  /D:2      /W-T6-1   /T2-T6-2  /T4-T2-2  /T6-T4-5  /T5-T6-4  /T6-T0-5  /T4-T2-6  /T6-T3-1  
/T3-T4-2  /W-T5-1   /W-T3-1   /T2-T3-9  /T2-T6-1  /T4-T2-3  /D:1      /W-T6-1   /D:1      /W-F0-1   
/T0-F0-1  /T3-F0-1  /T0-T1-1  /T0-F0-1  /T1-T0-2  /T6-T1-3  /D:2      /W-T4-1   /D:1      /W-T0-1   
/D:1      /W-T1-1   /D:1      /W-T1-1   /T6-T1-1  /D:1      /W-F1-1   /D:1      /W-T4-1   /T6-T4-1  
/T3-T6-10 /T3-F2-1  /T0-F2-1  /W-T3-1   /T4-T3-4  /D:1      /W-F3-1   /D:1      /W-F3-1   /T0-F3-1  
/T6-F3-1  /T6-F0-1  /T5-T6-2  /T5-F1-1  /T5-T1-1  /T5-F1-1  /T6-F1-1  /T0-T4-2  /T0-F0-1  /T6-T5-2  
/T6-F0-1  /T4-T0-3  /T5-T6-3  /D:1      /W-T2-1   /W-T2-1   /T0-T2-5  /D:1      /W-F1-1   /D:1      
/W-F1-1   /T1-F1-1  /T2-T1-4  /T2-F0-1  /T3-F0-1  /D:1      /W-F2-1   /T1-F2-1  /T1-F3-1  /T6-F2-1  
/T1-F2-1  /T6-F3-1  /T1-F3-1  /T6-F2-1  /T1-F2-1  /T6-F1-1  /T1-F1-1  /T1-F0-1  /T3-F1-1  /T1-F1-1  
/T6-F2-1  /T6-T3-1  /T6-F0-1  /T6-F1-1  /T2-T1-3  /T2-F0-1  /T2-F1-1  /T6-F0-1  /D:1      /W-F3-1   
/T1-F3-1  /T1-F2-1  /T3-F3-1  /T1-F3-1  /T3-F2-1  /T1-F2-1  /T3-F3-1  /T1-F3-1  /T3-F2-1  
"
1060804,X#dh#QOS#TAvg#CrjtV#lncaFE#sHwDRmI#xBqkYKWubZUpozMJNiyLGPfe,142.000000,1813.000000,54.000000,0.541667,1,"
minimal: 0 / states: 129 / duration: 0.000138s
history:
/T5-T2-1 /T5-T3-1 /T5-F1-1 /T1-T6-1 /T1-T2-1 /D:2     /W-T5-1  /D:6     /W-T4-1  /T3-T4-2 
/D:1     /W-F1-1  /D:1     /W-T1-1  /D:1     /W-T3-1  /D:1     /W-T2-1  /D:4     /W-T0-1  
/T4-T0-4 /T4-T3-1 /T6-T4-2 /T2-T3-4 /T2-T3-1 /D:1     /W-F3-1  /T3-F3-1 /D:2     /W-T1-1  
/T0-T1-6 /T6-T0-1 /T6-T1-1 /T6-T1-1 /T5-T1-2 /T5-F2-1 /W-T6-1  /D:1     /W-T0-1  /D:1     
/W-T4-1  /D:1     /W-F3-1  /T2-F3-1 /W-T2-1  /T5-T2-1 /W-T5-1  /W-F2-1  /T3-F2-1 /D:1     
/W-T4-1  /D:1     /R       /D:1     /W-T2-1  /T4-T2-5 /T4-T2-1 /T4-T3-1 /D:1     /W-F2-1  
/T2-F2-1 /D:1     /W-T0-1  /T6-T0-2 /T6-T0-1 /T6-F2-1 /D:1     /W-T5-1  /D:1     /W-T5-1  
/D:1     /W-T5-1  /T3-T5-7 /T3-F0-1 /T1-F0-1 /T1-F1-1 /T5-F0-1 /T1-F0-1 /T1-F3-1 /T5-F1-1 
/T5-F0-1 /T5-F3-1 /T1-F0-1 /T3-F3-1 /T5-F2-1 /T5-F3-1 /T1-T0-1 /T1-F2-1 /T1-F3-1 /T5-F2-1 
/T5-F3-1 /T0-T1-3 /T0-F2-1 /T1-T0-4 /T1-F3-1 /T2-T5-5 /T2-F2-1 /T1-F2-1 /T5-T2-6 /T5-F3-1 
/T1-F3-1 /T5-F2-1 /D:1     /W-F1-1  /T2-F1-1 /T0-F1-1 /T2-F0-1 /T0-F0-1 /T2-F1-1 /T0-F1-1 
/T2-F0-1 /T0-F0-1 /T2-F1-1 /T0-F1-1 /T2-F0-1 /T0-F0-1 /T2-F1-1 /T0-F1-1 /T2-F0-1 
"
1061175,X#Bg#TVf#UIzc#MNkrD#RSGnFA#OqtoZJp#sPywvYuEWQmLKxabHjCihdle,120.000000,1347.000000,45.000000,0.613924,1,"
minimal: 0 / states: 122 / duration: 0.000132s
history:
/T5-F0-1 /T5-T1-1 /T5-F2-1 /T3-T4-1 /T2-T5-1 /D:4     /W-T0-1  /T2-T0-1 /D:2     /W-T3-1  
/D:1     /W-T0-1  /T1-T0-2 /T1-F0-1 /T3-T1-2 /D:1     /W-T5-1  /D:2     /W-T5-1  /T6-T5-1 
/D:3     /W-T1-1  /D:2     /W-F1-1  /D:1     /W-F1-1  /T4-F1-1 /D:2     /W-T1-1  /T3-T1-1 
/T5-T3-5 /T3-T1-6 /D:1     /W-F0-1  /T4-F0-1 /T4-T5-1 /T6-T4-1 /T6-T3-1 /T6-F2-1 /T5-T6-2 
/T1-F2-1 /T1-T6-1 /T1-F0-1 /T0-F0-1 /D:1     /W-T4-1  /W-T4-1  /T2-T4-1 /D:2     /W-F1-1  
/D:2     /W-F1-1  /T1-F1-1 /T0-F1-1 /T1-F0-1 /T6-T1-4 /T6-F2-1 /T4-T0-1 /T4-F0-1 /R       
/D:1     /W-T0-1  /T5-T0-1 /D:2     /W-T3-1  /T4-T3-3 /T4-F3-1 /T6-F3-1 /W-F3-1  /T1-F3-1 
/T0-F3-1 /T1-F2-1 /T0-F2-1 /T1-F3-1 /T0-F3-1 /T1-F2-1 /T0-F2-1 /T1-F3-1 /T0-F3-1 /T1-F0-1 
/T3-T0-1 /T3-F0-1 /D:1     /W-F2-1  /D:1     /W-F3-1  /T0-T3-2 /T0-F3-1 /D:1     /W-T0-1  
/D:1     /W-T0-1  /D:2     /W-F1-1  /T3-F1-1 /T1-F1-1 /T1-F0-1 /T3-F2-1 /T3-F1-1 /T0-F0-1 
/W-F2-1  /T1-F3-1 /T3-F2-1 /T3-F3-1 /T1-F2-1 /T4-F0-1 /D:1     /W-F1-1  /T0-F1-1 
"
1061335,S#Ld#hpi#TBDo#jKQmx#ewMsgW#btqZzOc#nElAJRFPNGVkuXYaCfyHIUrv,143.500000,1125.000000,49.000000,0.571429,1,"
minimal: 0 / states: 123 / duration: 0.000147s
history:
/T5-T4-1  /T3-T6-1  /T6-T3-2  /D:1      /W-F2-1   /T3-F2-1  /D:1      /W-T0-1   /T1-T0-1  /D:2      
/W-F0-1   /D:3      /W-T5-1   /W-T5-1   /T3-T5-2  /T3-F0-1  /D:2      /W-F3-1   /T6-F3-1  /W-F3-1   
/D:3      /W-T1-1   /D:1      /W-T2-1   /T5-T2-5  /T5-T3-1  /D:2      /W-T5-1   /T4-T5-2  /T1-T4-2  
/T6-T1-1  /D:1      /W-F1-1   /D:1      /W-F0-1   /D:2      /W-T6-1   /D:2      /W-T5-1   /D:1      
/W-T5-1   /D:2      /R        /D:1      /W-T1-1   /D:1      /W-T4-1   /T2-T4-7  /T2-F2-1  /D:1      
/W-T2-1   /T0-T2-3  /T4-T0-11 /T4-F3-1  /T4-T1-1  /T4-T1-1  /T6-T4-2  /T6-F2-1  /T6-T5-1  /T6-F1-1  
/T0-F1-1  /T0-F0-1  /T0-F3-1  /T2-F1-1  /T2-F0-1  /T5-T6-7  /T0-F0-1  /T2-F3-1  /T2-F0-1  /T3-T0-1  
/T3-F3-1  /T6-T2-1  /T6-F3-1  /T2-T6-2  /D:1      /W-F3-1   /T6-T1-3  /T6-F3-1  /D:1      /W-T4-1   
/T5-T4-1  /T5-F1-1  /D:1      /W-F1-1   /D:1      /W-F0-1   /D:1      /W-F2-1   /T0-F2-1  /T0-F1-1  
/T1-F2-1  /T0-F2-1  /T1-F1-1  /T0-F1-1  /T1-F0-1  /T0-F0-1  /T1-F1-1  /T1-F0-1  /T0-F1-1  /T0-F0-1  
/T1-F1-1  /T0-F1-1  /T6-T1-2  /T6-F0-1  /D:1      /W-F2-1   /T4-F2-1  /T1-F2-1  /T4-F3-1  /T1-F3-1  
/T4-F2-1  /T1-F2-1  /T4-F3-1  
"
1061422,C#cs#irO#VyGA#jDqXd#zZIBRK#lHtToam#WJxfhwvUEkpgPQunNYeSLMFb,121.500000,2926.000000,49.000000,0.640449,1,"
minimal: 0 / states: 126 / duration: 0.000148s
history:
/T3-F0-1 /T2-T0-1 /T4-T2-1 /T0-T2-2 /T6-T0-1 /T6-F1-1 /D:1     /W-T5-1  /D:1     /W-T4-1  
/D:2     /W-T3-1  /T2-T3-4 /T2-T4-1 /D:3     /W-T5-1  /D:1     /W-T5-1  /T3-T5-6 /T4-T3-3 
/T3-T0-4 /D:5     /W-T4-1  /T6-T4-1 /T1-T6-1 /D:2     /W-T0-1  /T6-T0-2 /D:1     /W-F2-1  
/T4-F2-1 /D:1     /W-F3-1  /T5-F3-1 /T4-F3-1 /W-F3-1  /T1-T4-1 /D:2     /W-T0-1  /T4-T0-2 
/D:1     /W-T6-1  /D:2     /W-T1-1  /D:2     /W-F1-1  /T0-F1-1 /R       /D:4     /W-T6-1  
/D:2     /W-F2-1  /T0-F2-1 /T4-T0-1 /T5-T6-2 /T5-F2-1 /D:2     /W-T1-1  /T5-T1-6 /T5-F3-1 
/T5-F0-1 /T6-F0-1 /T0-F0-1 /T6-F1-1 /T0-F1-1 /T0-F2-1 /T6-F0-1 /T1-F1-1 /T6-F3-1 /T6-F2-1 
/T5-T4-1 /T5-T2-1 /T6-T3-1 /T0-F3-1 /T0-F2-1 /W-F1-1  /T1-T4-2 /T1-F2-1 /T6-T5-1 /D:1     
/W-T2-1  /W-T2-1  /W-F2-1  /W-F1-1  /T0-F1-1 /W-F2-1  /T4-T1-3 /T4-F1-1 /T2-F1-1 /T5-F1-1 
/T0-T2-2 /T0-F2-1 /T0-F1-1 /T5-F2-1 /T3-T2-2 /D:1     /W-F0-1  /T1-F0-1 /T1-F3-1 /T2-F0-1 
/T1-F0-1 /T2-F3-1 /T1-F3-1 /T2-F0-1 /T1-F0-1 /T2-F3-1 /T1-F3-1 /T2-F0-1 /T1-F0-1 /T2-F3-1 
"
1061647,S#JC#omA#QxVi#RzpvF#GnauEt#WIrYOTy#bPwLKHNBjekldgfMZhcDsXUq,138.000000,2130.000000,45.000000,0.613636,1,"
minimal: 0 / states: 121 / duration: 0.000147s
history:
/T2-F0-1 /T6-T2-1 /T4-T6-1 /T0-T5-1 /T2-T0-2 /D:1     /W-T1-1  /D:5     /W-T3-1  /T6-T3-2 
/D:1     /W-F3-1  /T6-F3-1 /W-T6-1  /D:1     /W-F0-1  /D:1     /W-T6-1  /T4-T6-1 /T1-T4-1 
/T1-F0-1 /T3-T1-4 /D:1     /W-T1-1  /D:1     /W-T0-1  /T1-T0-6 /D:5     /W-T1-1  /T6-T1-4 
/T6-T5-1 /D:2     /W-T1-1  /T5-T1-3 /D:2     /W-F0-1  /T5-F0-1 /T5-T3-1 /T5-F1-1 /T4-F1-1 
/T5-F2-1 /T2-F2-1 /T4-F2-1 /W-F1-1  /T4-T2-1 /D:3     /W-T6-1  /T5-T6-1 /D:1     /W-F2-1  
/T1-F2-1 /R       /D:1     /W-F3-1  /D:3     /W-T2-1  /D:1     /W-F1-1  /T0-F1-1 /T0-F0-1 
/T6-F0-1 /T0-T3-1 /T0-F0-1 /D:2     /W-F1-1  /W-F1-1  /T1-T6-2 /T1-F1-1 /T6-T1-3 /T6-F0-1 
/T0-F1-1 /T3-T0-3 /T3-T2-1 /T3-F3-1 /T4-F3-1 /T1-F3-1 /T0-F3-1 /T1-T6-3 /T1-F1-1 /T6-T1-4 
/D:1     /W-T3-1  /W-T3-1  /D:1     /W-F2-1  /T1-F2-1 /T0-F2-1 /T1-F3-1 /T0-F3-1 /T0-F0-1 
/T1-F2-1 /T1-F3-1 /T1-F0-1 /W-F2-1  /T0-F1-1 /T2-F2-1 /T2-F1-1 /T0-F2-1 /T0-F1-1 /T2-F2-1 
/T3-F0-1 /D:1     /W-F3-1  /T1-F3-1 /T1-F0-1 /T3-F3-1 
"
1070531,y#xM#hvo#iLcb#VCktn#USTdaY#ZuzBFJN#RPfeIKmwOrsjDQXglqGHEpAW,99.500000,1603.000000,52.000000,0.623596,1,"
minimal: 0 / states: 127 / duration: 0.000147s
history:
/T4-F2-1 /T2-F2-1 /T6-F3-1 /T5-T1-1 /T5-F1-1 /T3-F1-1 /T3-F1-1 /T5-F1-1 /D:3     /W-T4-1  
/D:1     /W-F1-1  /T4-F1-1 /D:2     /W-T1-1  /D:3     /W-F3-1  /D:2     /W-T5-1  /D:1     
/W-T1-1  /T2-T1-1 /T4-T2-1 /T6-T4-1 /T4-T0-2 /T2-T1-2 /T1-T2-7 /D:3     /W-T3-1  /D:1     
/W-F1-1  /D:6     /W-F2-1  /D:1     /W-F0-1  /D:1     /W-T1-1  /R       /D:1     /W-T5-1  
/D:1     /W-F3-1  /D:1     /W-T1-1  /D:2     /W-T3-1  /D:2     /W-T5-1  /D:1     /W-F3-1  
/D:2     /W-F2-1  /D:3     /R       /D:2     /W-F2-1  /T5-T6-2 /T5-F2-1 /T6-T5-3 /T6-F0-1 
/T4-F0-1 /T5-F0-1 /T5-F3-1 /T4-T0-1 /T6-T4-1 /T5-T6-2 /T5-F3-1 /T2-F2-1 /T6-T0-3 /T3-T6-3 
/T2-F1-1 /T3-F1-1 /W-T3-1  /T0-T3-7 /T5-T1-1 /D:1     /W-T4-1  /T1-T4-4 /D:1     /W-T4-1  
/D:2     /W-F0-1  /T3-F0-1 /T3-F3-1 /T3-F2-1 /T4-F0-1 /T4-F3-1 /T2-F2-1 /W-F0-1  /T3-F3-1 
/T4-F0-1 /T2-F1-1 /T3-F0-1 /T4-F3-1 /T2-F0-1 /T6-F2-1 /T3-F1-1 /T4-F2-1 /T4-F1-1 /T6-F3-1 
/T2-F3-1 /T3-F2-1 /T4-F2-1 /T6-F0-1 /T2-F0-1 /T3-F1-1 /T6-F3-1 
"
1100910,Z#RC#xXw#POYg#qGjDA#EaIces#QznhbBt#TlmWNModipLkrFHuyJVfvSKU,133.500000,3655.000000,62.000000,0.559140,1,"
minimal: 0 / states: 128 / duration: 0.000153s
history:
/T4-F0-1 /T5-T3-1 /T5-T3-1 /T4-T3-1 /T5-T3-1 /T5-T4-1 /T5-F1-1 /D:5     /W-F3-1  /D:2     
/W-T3-1  /D:1     /W-T5-1  /T1-T5-1 /D:1     /W-T2-1  /D:2     /W-T0-1  /D:1     /W-T0-1  
/T2-T0-2 /D:3     /W-T0-1  /T3-T0-6 /D:3     /W-T2-1  /D:1     /W-T2-1  /D:1     /W-T6-1  
/T5-T6-3 /D:3     /W-T3-1  /T4-T3-2 /W-T4-1  /D:1     /W-T3-1  /T6-T3-5 /T6-F0-1 /T6-F1-1 
/T4-T6-2 /T3-F0-1 /T0-T4-2 /T0-F0-1 /T4-T0-3 /R       /D:3     /W-T4-1  /D:2     /W-T5-1  
/T3-T5-9 /T3-F3-1 /T3-F3-1 /D:1     /W-T5-1  /D:1     /W-T6-1  /T5-T6-2 /T5-F0-1 /D:1     
/W-F0-1  /D:1     /W-T2-1  /D:1     /W-T4-1  /T2-T4-4 /W-T2-1  /D:1     /W-T2-1  /T6-T2-6 
/T6-F2-1 /T0-F2-1 /T0-F1-1 /T2-F2-1 /T0-F2-1 /T2-F1-1 /T0-F1-1 /T6-T3-1 /T6-F3-1 /T1-F3-1 
/T2-F2-1 /T0-F2-1 /T2-F3-1 /T5-F1-1 /T0-F1-1 /T2-F0-1 /T5-F2-1 /T2-F1-1 /T0-F0-1 /T0-F1-1 
/T4-F2-1 /T2-F2-1 /T0-F2-1 /T5-T2-2 /T5-F1-1 /T0-F1-1 /W-F1-1  /W-F3-1  /T2-F3-1 /T2-F0-1 
/T4-F3-1 /T2-F3-1 /T2-F2-1 /T4-F0-1 /T4-F3-1 /T4-F2-1 /T5-F0-1 /T0-F0-1 /T4-F1-1 /T5-F3-1 
/T0-F3-1 /T3-F2-1 /T5-F0-1 
"
