id,seed,forcedness,compression_score,stagnation,efficiency,auto_move_flag,result
1010034,l#oX#cPY#ETSG#bHhNA#iQsUvr#puezBJf#ZaFMdqgLKmxjnOtCwyWDIkVR,104.500000,1144.000000,44.000000,0.642857,1,"
minimal: 0 / states: 122 / duration: 0.000123s
history:
/T4-F0-1 /T4-F3-1 /T6-T3-1 /T5-T3-1 /T6-T1-1 /T6-F0-1 /T3-T4-3 /T2-T6-1 /T4-T5-4 /D:2     
/W-F1-1  /D:3     /W-T5-1  /D:2     /W-T4-1  /D:2     /W-T0-1  /D:2     /W-T6-1  /D:1     
/W-T0-1  /T5-T0-6 /D:1     /W-F2-1  /D:1     /W-F3-1  /T2-F3-1 /D:1     /W-T5-1  /T3-T5-1 
/D:1     /W-F0-1  /D:3     /W-T6-1  /D:1     /W-F0-1  /D:1     /W-T6-1  /T5-T6-3 /T5-T3-1 
/T5-F3-1 /T4-T5-2 /T4-F1-1 /T6-T4-8 /T6-T3-1 /T3-T6-3 /T2-F1-1 /T0-F1-1 /T3-F0-1 /T6-F1-1 
/T0-T4-1 /T0-F1-1 /T5-F1-1 /T5-T1-2 /D:3     /W-F3-1  /R       /D:1     /W-T2-1  /D:1     
/W-F0-1  /T0-F0-1 /T0-F1-1 /T1-F0-1 /T6-T1-3 /T4-T0-4 /T4-F0-1 /D:1     /W-T3-1  /T0-T3-8 
/D:2     /W-T2-1  /T1-T2-6 /T1-F2-1 /T6-F2-1 /W-F2-1  /T3-F2-1 /T2-F2-1 /T3-F3-1 /T2-F3-1 
/T3-F2-1 /T2-F2-1 /T2-F1-1 /T3-F3-1 /T3-F2-1 /T3-F1-1 /T2-F0-1 /T3-F0-1 /D:1     /W-T0-1  
/D:1     /W-F2-1  /D:1     /W-T0-1  /T2-T0-1 /T2-F0-1 /D:1     /W-F1-1  /T3-F1-1 /T3-F0-1 
/T0-T2-2 /T0-F1-1 /D:1     /W-F3-1  /T4-F3-1 /T2-F3-1 /T4-F2-1 /T2-F2-1 /T4-F3-1 /T2-F3-1 
/T4-F2-1 
"
1010124,r#fd#RHh#bxoN#klens#zKUcGA#iQpJgaM#XZtyVvOCBjYImDuFwPSTqWEL,118.500000,721.000000,38.000000,0.789474,1,"
minimal: 0 / states: 103 / duration: 0.000115s
history:
/T3-F3-1 /T5-F0-1 /T5-T2-1 /T3-T5-1 /T1-T0-1 /T0-T1-2 /T6-T0-1 /T6-F1-1 /T4-T6-1 /T4-F2-1 
/T5-F2-1 /T4-T6-1 /T3-T4-1 /T3-F1-1 /T5-F1-1 /T4-T0-2 /T1-F1-1 /T6-F1-1 /T1-T2-2 /D:2     
/W-T1-1  /D:1     /W-T5-1  /D:1     /W-T1-1  /W-T1-1  /D:3     /W-F3-1  /D:2     /W-F0-1  
/W-F0-1  /D:1     /W-T0-1  /W-T0-1  /T2-T0-4 /T6-T2-2 /T6-T1-1 /T6-F2-1 /T6-T0-1 /T2-T6-3 
/W-T1-1  /T2-T6-1 /D:3     /W-T2-1  /D:1     /W-F0-1  /D:1     /W-T1-1  /D:2     /W-T4-1  
/T6-T4-5 /D:1     /W-F3-1  /T0-F3-1 /T4-F3-1 /D:1     /W-F3-1  /D:1     /W-F3-1  /D:1     
/W-F2-1  /T0-F2-1 /T4-F2-1 /T0-F1-1 /T5-F2-1 /T5-F3-1 /T1-F2-1 /T1-F3-1 /T4-F1-1 /D:1     
/W-F3-1  /D:1     /W-F0-1  /W-F0-1  /T0-F0-1 /T0-F1-1 /T0-F2-1 /T4-F0-1 /T4-F1-1 /T4-F2-1 
/W-F0-1  /T0-F1-1 /T0-F2-1 /T1-F0-1 /T1-F3-1 /T4-F1-1 /T1-F2-1 /T5-F0-1 /T0-F1-1 /W-F3-1  
/T5-F2-1 /T1-F3-1 /T2-F1-1 /D:1     /W-F0-1  /T0-F0-1 
"
1010133,N#gk#RKy#zMrd#VCSvO#XuZlWt#wfbqHae#ExinpDcmYLGsFoUhIBAQPJjT,107.500000,1257.000000,30.000000,0.782609,1,"
minimal: 0 / states: 118 / duration: 0.000120s
history:
/T0-F3-1 /T4-F3-1 /T1-T2-1 /D:4     /W-F2-1  /D:1     /W-T3-1  /D:1     /W-T6-1  /D:1     
/W-T6-1  /D:1     /W-T0-1  /T2-T0-2 /D:4     /W-T1-1  /T6-T1-3 /T6-F1-1 /T1-T6-5 /D:2     
/W-F2-1  /T3-F2-1 /D:1     /W-T4-1  /T5-T4-1 /T5-T2-1 /T4-T2-3 /T4-T2-1 /T2-T5-6 /T4-T3-1 
/T6-T4-6 /T6-F2-1 /T6-F1-1 /T4-F1-1 /D:4     /W-F0-1  /W-F0-1  /T3-F0-1 /T3-F1-1 /T3-F2-1 
/T5-T3-7 /T5-T1-1 /T4-F0-1 /T4-F1-1 /T6-F1-1 /T2-T4-1 /T3-T2-8 /T4-T6-5 /T6-T0-6 /D:2     
/W-F3-1  /W-F3-1  /T0-F3-1 /T0-F2-1 /T0-F1-1 /T2-F3-1 /T2-F2-1 /T5-F2-1 /D:1     /W-T5-1  
/D:2     /W-F3-1  /T2-F3-1 /T2-F2-1 /T0-T5-2 /T0-F2-1 /R       /D:1     /W-F0-1  /D:1     
/W-F2-1  /D:2     /W-T3-1  /D:1     /W-T1-1  /T0-T1-1 /T0-F2-1 /D:2     /W-F0-1  /W-F0-1  
/T5-F0-1 /T5-F3-1 /T2-F3-1 /T5-T1-1 /T5-F3-1 /T3-F3-1 /T3-F2-1 /T1-T0-3 /T1-F3-1 /W-T0-1  
/D:1     /W-F1-1  /T0-F1-1 /D:1     /W-F0-1  /T0-F0-1 /T2-F0-1 /D:1     /W-F1-1  /T0-F1-1 
/T0-F0-1 /T2-F1-1 /T0-F1-1 /T2-F0-1 
"
1010135,b#lY#GjN#LaPA#gOCBW#ySRtMV#ZsuQzKJ#ExUvmFwecToDqrXkHiIpndfh,109.500000,2346.000000,42.000000,0.652174,1,"
minimal: 0 / states: 119 / duration: 0.000121s
history:
/T2-F3-1 /T3-F0-1 /T5-T6-1 /T1-T5-1 /D:2     /W-T1-1  /T4-T1-1 /T4-F0-1 /T4-F0-1 /T4-F3-1 
/T3-F3-1 /T3-F1-1 /T0-F1-1 /T5-T0-2 /D:2     /W-T1-1  /W-T1-1  /T5-T1-1 /D:2     /W-T4-1  
/T5-T4-1 /T5-T1-1 /D:3     /W-F1-1  /D:3     /W-F0-1  /D:1     /W-T4-1  /D:1     /W-T1-1  
/D:1     /W-T3-1  /T6-T3-2 /T6-T0-1 /T2-T0-1 /T1-T6-8 /T6-T1-9 /T6-F3-1 /T6-T3-1 /T4-T3-4 
/D:1     /W-T5-1  /D:3     /W-T0-1  /D:2     /W-F2-1  /D:1     /W-F1-1  /D:1     /W-T2-1  
/D:1     /W-T0-1  /T2-T0-2 /R       /D:1     /W-F0-1  /T3-T6-2 /T3-F0-1 /T6-T3-3 /T3-T6-9 
/D:1     /W-T2-1  /T5-T2-2 /D:1     /W-T2-1  /D:1     /W-F1-1  /T0-F1-1 /T0-F0-1 /D:2     
/W-F2-1  /D:1     /W-F0-1  /D:1     /W-T2-1  /D:1     /W-F2-1  /T6-F2-1 /T1-F2-1 /T6-F3-1 
/T1-F3-1 /T6-F2-1 /T1-F2-1 /T6-F1-1 /T0-F1-1 /W-F3-1  /T1-F3-1 /T0-F0-1 /T6-F2-1 /T1-F2-1 
/T2-F1-1 /T0-F1-1 /T6-F3-1 /T1-F3-1 /T2-F2-1 /T1-F2-1 /T6-F0-1 /T0-F0-1 /T2-F1-1 /T1-F1-1 
/T6-F3-1 /T0-F3-1 /T2-F2-1 /T1-F2-1 /T6-F0-1 /T0-F0-1 /T2-F1-1 /T6-F3-1 
"
1010146,N#sZ#Mor#xfXu#RGqcd#lFObny#hzaBILT#JVtpmwgCikjYWvHEPKeADSQU,101.000000,2102.000000,47.000000,0.672840,1,"
minimal: 0 / states: 125 / duration: 0.000138s
history:
/T0-F3-1 /T6-T3-1 /T5-T1-1 /T5-F2-1 /T4-T2-1 /T1-T0-2 /T1-T3-1 /D:4     /W-T2-1  /T5-T2-1 
/T5-F3-1 /D:1     /W-T1-1  /T6-T1-1 /D:5     /W-T0-1  /D:7     /W-F3-1  /D:2     /W-T3-1  
/D:1     /W-F0-1  /D:1     /W-T3-1  /T4-T3-1 /D:2     /W-F3-1  /D:1     /W-T6-1  /R       
/D:1     /W-T0-1  /D:1     /W-T0-1  /T3-T0-6 /T3-T1-1 /T2-T3-4 /T2-F2-1 /D:1     /W-T6-1  
/T3-T6-5 /D:1     /W-T1-1  /D:3     /W-T1-1  /D:1     /W-T3-1  /T6-T3-8 /T6-F0-1 /T6-F1-1 
/T3-F1-1 /T0-F1-1 /T3-F2-1 /T4-F2-1 /W-F0-1  /T0-F0-1 /T3-F1-1 /T0-F1-1 /T3-F2-1 /T0-F2-1 
/T5-T0-1 /T3-T5-6 /T6-T3-1 /T4-T6-1 /T4-F3-1 /T5-F1-1 /T5-F2-1 /W-F1-1  /T6-T5-1 /T6-F1-1 
/T1-F1-1 /T5-T2-6 /D:1     /W-T3-1  /D:4     /W-F0-1  /T0-F0-1 /T2-F0-1 /W-F0-1  /D:1     
/W-T3-1  /D:1     /W-F3-1  /T0-F3-1 /T0-F2-1 /T2-F3-1 /T0-F3-1 /T2-F0-1 /T0-F0-1 /W-F2-1  
/T1-F2-1 /T2-F1-1 /T0-F1-1 /W-F3-1  /T1-F3-1 /T2-F2-1 /T0-F2-1 /T3-F0-1 /T1-F0-1 /T2-F1-1 
/T1-F1-1 /T3-F3-1 /T0-F3-1 /T2-F0-1 /T3-F2-1 
"
1010150,H#ca#wXk#Esor#IWQRB#VjThzm#KYudNiD#tGfpnbqlxeMCvSyUgAPLOJFZ,133.000000,1597.000000,53.000000,0.615000,1,"
minimal: 0 / states: 127 / duration: 0.000141s
history:
/T1-F1-1 /T4-T1-1 /T6-T4-1 /T0-T6-1 /T5-T0-1 /T1-T4-2 /T5-T1-1 /D:1     /W-T5-1  /D:2     
/W-T5-1  /T3-T5-1 /D:2     /W-F2-1  /T3-F2-1 /T4-T3-4 /T4-T5-1 /W-F2-1  /D:1     /W-F1-1  
/D:1     /W-F2-1  /D:1     /W-T1-1  /D:1     /W-T1-1  /T4-T1-1 /T5-T4-5 /T5-T6-1 /T3-T6-5 
/T4-T3-1 /T4-F2-1 /T3-T4-2 /T4-T1-6 /D:2     /W-T3-1  /D:1     /W-T1-1  /D:1     /W-T5-1  
/D:2     /W-T0-1  /T2-T0-1 /D:1     /W-T5-1  /D:2     /W-F0-1  /T6-F0-1 /T6-F1-1 /T1-F0-1 
/T6-F0-1 /D:4     /W-T0-1  /T6-T0-5 /T6-F3-1 /T6-F1-1 /W-F3-1  /D:2     /W-T4-1  /R       
/D:1     /W-T5-1  /D:1     /W-F1-1  /D:1     /W-T5-1  /T1-T5-2 /T1-F1-1 /D:1     /W-F1-1  
/D:1     /W-F3-1  /T5-F3-1 /T0-F3-1 /T0-F2-1 /T5-F0-1 /T5-F3-1 /T1-F2-1 /T6-F2-1 /T6-T3-1 
/T5-T6-4 /T0-F3-1 /T1-F1-1 /T0-T5-1 /T0-F1-1 /T6-T1-2 /T6-F2-1 /T6-F1-1 /T0-T2-1 /T0-F1-1 
/T2-T0-2 /T2-F2-1 /T1-T3-5 /T1-F1-1 /T0-T4-3 /T0-F1-1 /T3-T6-4 /T3-F2-1 /T5-T4-2 /T6-T3-5 
/D:2     /W-F0-1  /T3-F0-1 /T3-F3-1 /T4-F0-1 /T3-F0-1 /T4-F3-1 /T3-F3-1 /T4-F0-1 /T3-F0-1 
/T4-F3-1 /T3-F3-1 /T4-F2-1 /T1-F2-1 /W-F0-1  /T3-F0-1 /T4-F3-1 
"
1010190,B#Xe#zOM#SdrJ#LmTFc#wtDnvW#UjquHox#bNCsYVlQRhgZpyiKAaIEfkPG,115.000000,2083.000000,39.000000,0.637681,1,"
minimal: 0 / states: 117 / duration: 0.000121s
history:
/T5-T6-1  /T5-T6-1  /T5-F2-1  /T4-T5-1  /T5-T1-2  /T1-T4-3  /T3-T1-1  /T0-T4-1  /T2-T0-1  /D:2      
/W-F3-1   /T2-F3-1  /D:3      /W-T0-1   /T6-T0-3  /T6-F2-1  /D:1      /W-T1-1   /T6-T1-1  /D:1      
/W-T2-1   /D:1      /W-T3-1   /D:2      /W-T0-1   /T5-T0-1  /D:1      /W-T1-1   /T4-T1-5  /T4-T6-1  
/D:2      /W-F2-1   /D:1      /W-T4-1   /T1-T4-10 /T4-T1-12 /D:1      /W-T5-1   /T6-T5-2  /T6-F2-1  
/D:1      /W-T2-1   /T6-T2-1  /D:1      /W-F0-1   /T1-F0-1  /D:1      /W-F1-1   /D:1      /W-T2-1   
/T6-T2-1  /W-T6-1   /T4-T6-1  /D:2      /W-T0-1   /T3-T0-2  /D:1      /W-T6-1   /T5-T6-4  /D:1      
/W-F3-1   /T0-F3-1  /T3-T0-1  /W-T3-1   /W-F3-1   /T0-T3-1  /T0-F2-1  /W-F2-1   /W-F0-1   /W-F1-1   
/T1-F1-1  /T1-F0-1  /T3-F1-1  /T1-F1-1  /T3-F0-1  /T0-F1-1  /T1-F0-1  /T1-F1-1  /T3-F3-1  /T0-F2-1  
/T6-F3-1  /T6-F2-1  /T0-F1-1  /T0-F2-1  /T2-F3-1  /T6-F1-1  /T6-F2-1  /T2-T0-1  /T2-F1-1  /T6-F1-1  
/T0-T2-2  /T0-F2-1  /T1-T6-4  /T1-F2-1  /T2-T0-3  /T2-F1-1  /T1-F1-1  /T2-F2-1  /D:1      /W-F0-1   
/T6-F0-1  /T0-F0-1  /T6-F3-1  /T0-F3-1  /T6-F0-1  /T0-F0-1  /T6-F3-1  /T0-F3-1  /T6-F0-1  /T0-F0-1  
/T6-F3-1  
"
1010211,e#bK#fuT#wtZa#RklzN#BchAIX#GDPHUJj#goryWsxQmivSqYpFVEOCMLdn,148.500000,4656.000000,65.000000,0.469072,1,"
minimal: 0 / states: 137 / duration: 0.000141s
history:
/T3-F1-1 /T4-F3-1 /T6-T1-1 /T6-T5-1 /D:4     /W-T3-1  /T5-T3-2 /T5-T1-1 /T5-F0-1 /T6-T1-1 
/T2-T6-1 /D:2     /W-T6-1  /T0-T6-1 /T4-T0-1 /T4-T0-1 /T1-T0-4 /T1-F1-1 /T3-T1-4 /T3-T0-1 
/T3-T4-1 /D:3     /W-T3-1  /D:1     /W-T1-1  /T6-T1-4 /D:2     /W-T0-1  /D:1     /W-T1-1  
/T6-T1-1 /D:4     /W-T4-1  /T2-T4-1 /D:1     /W-T0-1  /D:1     /W-F3-1  /T1-F3-1 /D:3     
/W-T3-1  /T4-T3-4 /T6-T4-1 /T2-T6-1 /W-T2-1  /T6-T5-2 /D:1     /W-T0-1  /W-T0-1  /D:1     
/W-F2-1  /R       /D:1     /W-T3-1  /D:1     /W-F2-1  /D:1     /W-T5-1  /D:3     /W-F3-1  
/D:2     /W-T2-1  /D:1     /W-F2-1  /T1-F2-1 /T5-F2-1 /T4-T1-1 /T4-F3-1 /T0-T5-3 /T0-F3-1 
/T1-T3-3 /T1-F3-1 /D:1     /R       /D:2     /W-T2-1  /W-T2-1  /D:1     /W-T2-1  /T5-T2-6 
/T5-F1-1 /T5-F0-1 /T2-F0-1 /T2-F1-1 /T3-F0-1 /T2-F0-1 /T3-F1-1 /T2-F1-1 /T3-F2-1 /T0-F2-1 
/T0-F3-1 /T3-F1-1 /T3-F2-1 /T3-F3-1 /T2-T0-2 /T2-F2-1 /T2-F3-1 /T3-F2-1 /T2-F2-1 /T1-T3-3 
/T1-F3-1 /T1-F2-1 /T2-F3-1 /T1-F3-1 /T0-T2-6 /T0-F2-1 /D:1     /W-F0-1  /T2-F0-1 /T2-F1-1 
/T3-F0-1 /T2-F0-1 /T3-F1-1 /T2-F1-1 /T3-F0-1 /T2-F0-1 /T3-F1-1 /T2-F1-1 /T3-F0-1 /T2-F0-1 
/T3-F1-1 
"
1010231,E#Yt#hLG#XeVx#wRPgJ#zqsiCb#moMdcAa#FyuNTKDOSjIZlUknWfHvQrBp,105.500000,1717.000000,33.000000,0.738095,1,"
minimal: 0 / states: 117 / duration: 0.000128s
history:
/T6-F1-1 /T5-F1-1 /T6-F0-1 /T6-F1-1 /T6-F1-1 /F1-T0-1 /T5-T0-1 /T5-T4-1 /D:3     /W-T4-1  
/D:1     /W-F3-1  /D:1     /W-T4-1  /T5-T4-1 /D:3     /W-F3-1  /D:1     /W-T1-1  /T0-T1-3 
/T6-T0-1 /F1-T5-1 /T6-T5-1 /D:1     /W-T3-1  /D:1     /W-T3-1  /D:2     /W-T0-1  /T3-T0-3 
/D:1     /W-T0-1  /T2-T0-1 /T2-T6-1 /T1-T2-5 /D:1     /W-T6-1  /T4-T6-5 /D:1     /W-F2-1  
/T5-F2-1 /T5-F1-1 /D:2     /W-T0-1  /D:1     /W-T3-1  /T4-T3-1 /T4-F3-1 /T4-T6-1 /T3-T4-3 
/T5-T3-1 /T1-T5-1 /D:2     /W-F3-1  /T6-F3-1 /T3-T6-2 /T2-T0-3 /T2-F3-1 /T6-T4-3 /T6-F3-1 
/T4-T3-7 /D:2     /W-F0-1  /T0-F0-1 /T0-F1-1 /D:1     /W-F2-1  /T3-F2-1 /W-F2-1  /T3-F1-1 
/T3-F2-1 /T2-F2-1 /T6-F2-1 /W-F2-1  /T0-T2-3 /T0-F3-1 /T3-T6-2 /T3-F3-1 /T3-F2-1 /W-F3-1  
/T3-F3-1 /T5-F3-1 /W-F3-1  /W-F0-1  /T2-F0-1 /T2-F1-1 /T6-F1-1 /T2-T0-2 /R       /D:1     
/W-F0-1  /T0-F0-1 /T0-F1-1 /T6-F0-1 /T0-F0-1 /T6-F1-1 /T0-F1-1 /T0-F2-1 /T6-F0-1 /T6-F1-1 
/T0-F1-1 /D:1     /W-F2-1  /T5-F2-1 /D:1     /W-F0-1  /T6-F0-1 /T0-F0-1 /T6-F1-1 
"
1010232,z#Ao#PXO#kyGg#ShrLb#JUHvNq#iQfweZc#CslYMRduKTtpxDjIanFBmWEV,121.000000,1091.000000,49.000000,0.595506,1,"
minimal: 0 / states: 127 / duration: 0.000133s
history:
/T6-T5-1 /T1-T5-1 /T1-F0-1 /T6-T1-1 /T5-T6-3 /T5-F3-1 /T2-F3-1 /D:2     /W-T3-1  /T6-T3-4 
/T6-T2-1 /D:1     /W-T0-1  /D:6     /W-T0-1  /D:6     /W-T0-1  /T5-T0-1 /T3-T5-6 /T6-T3-1 
/D:2     /W-F1-1  /T4-F1-1 /T4-T1-1 /T4-T3-1 /T3-T4-3 /T2-T1-2 /T4-T0-4 /T6-T0-1 /T5-T6-7 
/T2-F3-1 /T0-F3-1 /T6-T1-8 /D:1     /W-F2-1  /T1-F2-1 /T1-F1-1 /D:2     /W-F0-1  /D:1     
/W-T2-1  /T3-T2-1 /T3-T2-1 /D:2     /W-T4-1  /D:1     /R       /D:1     /W-F0-1  /D:2     
/W-T3-1  /W-T3-1  /D:1     /W-F3-1  /D:1     /W-F1-1  /D:3     /W-T5-1  /T4-T5-2 /D:1     
/W-F2-1  /T1-F2-1 /T0-F2-1 /T1-F1-1 /T1-F2-1 /T0-F1-1 /T1-F1-1 /T5-T0-2 /T5-F2-1 /T0-T5-3 
/T0-F1-1 /T5-T0-4 /W-T1-1  /W-F2-1  /T5-T2-1 /D:1     /W-T3-1  /D:1     /W-F0-1  /T0-F0-1 
/T0-F3-1 /T1-F3-1 /D:2     /W-F0-1  /T0-F0-1 /T0-F3-1 /T0-F2-1 /T1-F0-1 /T1-F1-1 /W-F0-1  
/T0-F1-1 /T1-F2-1 /T2-F0-1 /T2-F1-1 /T0-F0-1 /T0-F1-1 /T3-F2-1 /T2-F2-1 /T0-F2-1 /T2-F1-1 
/D:2     /W-F3-1  /W-F3-1  /T1-F3-1 /T1-F0-1 /T3-F3-1 /T1-F3-1 /T3-F0-1 
"
1010243,K#gu#PAJ#VEal#GdMkc#yqxihB#YUQeWnZ#XRFpzNTrmtbOICDfwsjHLSvo,106.500000,2080.000000,39.000000,0.676923,1,"
minimal: 0 / states: 124 / duration: 0.000134s
history:
/T5-T4-1 /T0-T3-1 /T6-T0-1 /T6-F2-1 /T6-T3-1 /D:6     /W-F3-1  /D:1     /W-T1-1  /D:3     
/W-T5-1  /D:2     /W-F3-1  /D:1     /W-T3-1  /T5-T3-2 /T5-T2-1 /T1-T2-2 /D:2     /W-T6-1  
/T4-T6-2 /T2-T4-4 /T2-F0-1 /T6-F0-1 /T2-F3-1 /W-F0-1  /D:1     /W-T3-1  /D:2     /W-T1-1  
/T6-T1-3 /T6-F3-1 /D:1     /W-T5-1  /D:2     /W-T0-1  /T4-T0-5 /T3-T4-7 /T3-F1-1 /T4-T2-8 
/T3-T2-1 /T4-T2-1 /W-T3-1  /T1-T3-5 /T4-T6-1 /D:1     /W-T6-1  /D:1     /W-T5-1  /T6-T5-3 
/T5-T6-6 /T3-T5-1 /T3-F0-1 /T5-T3-2 /D:1     /W-F2-1  /R       /D:1     /W-T5-1  /D:1     
/W-F3-1  /T6-F3-1 /T0-F3-1 /D:2     /W-F2-1  /D:1     /W-T1-1  /T6-T1-6 /D:2     /W-T4-1  
/T5-T4-2 /D:1     /W-F1-1  /T3-F1-1 /T2-F1-1 /T2-F0-1 /T3-F2-1 /T3-F1-1 /W-F2-1  /T2-F1-1 
/T3-F2-1 /T2-F2-1 /W-F0-1  /T1-F0-1 /T1-F3-1 /T3-F1-1 /T0-F2-1 /T2-F1-1 /T1-F2-1 /T3-F0-1 
/T0-F1-1 /T2-F0-1 /T1-F1-1 /T3-F3-1 /T0-F0-1 /T2-F3-1 /T2-F0-1 /T0-F1-1 /T0-F0-1 /T2-F1-1 
/T2-F0-1 /T4-F3-1 /T4-T0-1 /T4-F1-1 /D:1     /W-F2-1  /T1-F2-1 /T0-F2-1 /T1-F3-1 /T0-F3-1 
/T1-F2-1 
"
1010257,W#uI#alU#GyxL#keNTn#MYtCiA#mgbKXfO#ErcvsQoRdVZFwBhqpjDSzPHJ,177.000000,4672.000000,52.000000,0.608491,1,"
minimal: 0 / states: 122 / duration: 0.000124s
history:
/T4-F2-1  /T5-F0-1  /T2-T1-1  /T1-T0-2  /T4-T1-1  /T4-F3-1  /T6-F3-1  /T1-T5-2  /D:1      /W-T6-1   
/D:4      /W-T5-1   /T4-T5-1  /T4-T3-1  /D:1      /W-T6-1   /D:1      /W-F2-1   /D:4      /W-T1-1   
/T3-T1-2  /T3-T2-1  /T0-T2-3  /D:2      /W-T1-1   /T5-T1-5  /T5-T6-1  /T6-T5-4  /T6-T3-1  /T5-T2-5  
/T6-T5-1  /T6-T2-1  /W-T6-1   /D:1      /W-F0-1   /D:2      /W-T1-1   /D:1      /W-F2-1   /T1-F2-1  
/D:1      /W-T5-1   /D:1      /W-T1-1   /D:2      /W-T0-1   /T2-T0-11 /T2-F1-1  /T0-F1-1  /T0-F0-1  
/T1-F0-1  /D:1      /W-F3-1   /T0-F3-1  /T0-F0-1  /T6-F0-1  /D:2      /W-T3-1   /R        /D:1      
/W-F2-1   /D:1      /W-F1-1   /D:1      /W-T5-1   /D:1      /W-F3-1   /D:1      /W-F1-1   /T1-F1-1  
/T0-F1-1  /T1-F2-1  /T6-F1-1  /T3-T6-3  /T0-F2-1  /T3-F0-1  /D:1      /W-T6-1   /D:1      /W-F1-1   
/T1-T6-2  /T1-F1-1  /D:1      /W-F3-1   /T6-F3-1  /T0-F3-1  /T6-F2-1  /T5-F2-1  /T1-F2-1  /T5-F1-1  
/T1-F1-1  /T6-F3-1  /T0-T5-2  /T0-F2-1  /T0-F1-1  /T5-T0-4  /T6-T1-2  /T6-F2-1  /T6-F1-1  /T0-T5-4  
/T0-F2-1  /D:1      /W-F0-1   /T5-F0-1  /T1-F0-1  /T5-F3-1  /T1-F3-1  /T5-F0-1  /T1-F0-1  /T5-F3-1  
/T1-F3-1  /T5-F0-1  
"
1010258,F#Rr#TSe#tucQ#zfoCP#GsbpkA#HEUJiNn#IZMxglYDVdhmXvBKOqawWyLj,104.500000,1467.000000,63.000000,0.595000,1,"
minimal: 0 / states: 128 / duration: 0.000147s
history:
/T5-F0-1 /T6-F2-1 /T6-F3-1 /T3-T1-1 /T2-T0-1 /T1-T2-2 /D:8     /W-T0-1  /T4-T0-1 /T4-T2-1 
/T4-F2-1 /D:7     /W-F0-1  /T2-F0-1 /D:2     /W-F3-1  /T0-F3-1 /T3-T0-1 /T3-T6-1 /T2-T3-3 
/T3-F3-1 /T1-F3-1 /T3-T4-1 /T3-F3-1 /T4-T3-2 /T2-F3-1 /D:2     /W-F1-1  /D:1     /W-T5-1  
/T6-T5-2 /D:4     /R       /D:2     /W-T1-1  /D:1     /W-T2-1  /D:2     /W-T5-1  /T0-T5-4 
/D:1     /W-T2-1  /W-T2-1  /D:1     /W-T4-1  /D:1     /W-T6-1  /D:1     /W-T3-1  /D:2     
/W-T0-1  /D:3     /W-T4-1  /D:2     /W-T2-1  /D:1     /W-T0-1  /T5-T0-9 /T5-F2-1 /T5-F1-1 
/T0-F1-1 /T0-F0-1 /T3-F1-1 /W-F2-1  /T0-F1-1 /T3-F2-1 /T5-F2-1 /T3-F1-1 /T3-F2-1 /W-T2-1  
/D:1     /W-T1-1  /W-T1-1  /T6-T1-2 /T6-F3-1 /T6-F0-1 /T0-F0-1 /T0-F1-1 /T0-F2-1 /T5-F0-1 
/T6-F0-1 /T1-F3-1 /W-F1-1  /T0-F1-1 /T2-F2-1 /T0-F2-1 /W-F0-1  /T1-F0-1 /T2-F3-1 /T1-F3-1 
/T2-F2-1 /T4-F0-1 /T4-F3-1 /T1-F0-1 /T1-F3-1 /T2-T4-1 /T2-F0-1 /D:1     /W-F1-1  /T0-F1-1 
/T0-F2-1 /T4-F1-1 /T0-F1-1 /T4-F2-1 
"
1010259,j#qC#iDv#Ehge#VlZAc#QtzpBw#RJmsrIO#GUYHMFWSLNabudnkfPxKXoyT,165.000000,1699.000000,43.000000,0.601064,1,"
minimal: 0 / states: 119 / duration: 0.000139s
history:
/T6-T1-1  /T6-T0-1  /D:2      /W-T0-1   /W-T0-1   /D:6      /W-T0-1   /T6-T0-1  /T3-T6-1  /T6-T3-2  
/D:1      /W-T6-1   /D:1      /W-F3-1   /T1-F3-1  /D:1      /W-F1-1   /D:1      /W-F1-1   /T4-F1-1  
/T4-F0-1  /D:2      /W-T0-1   /T1-T0-1  /T1-T3-1  /T4-T1-1  /D:1      /W-F2-1   /D:1      /W-T6-1   
/T5-T6-1  /T5-F0-1  /T0-F0-1  /T5-T0-1  /T4-T5-1  /T4-T6-1  /T5-T4-2  /W-T6-1   /T3-T6-4  /T3-T2-1  
/T5-T2-1  /T5-T3-1  /T6-T5-10 /T0-T3-1  /T0-F1-1  /D:1      /W-T2-1   /T3-T2-3  /D:1      /W-F3-1   
/D:1      /W-T4-1   /W-T4-1   /T2-T4-7  /T2-F0-1  /T4-T0-2  /T4-F0-1  /W-F0-1   /W-T3-1   /W-T2-1   
/W-T3-1   /T2-T6-2  /D:1      /W-T3-1   /T0-T3-8  /D:2      /W-F2-1   /T3-F2-1  /T3-F3-1  /T5-F2-1  
/T3-F2-1  /T5-F1-1  /T4-F1-1  /T5-F2-1  /T5-F1-1  /T4-F2-1  /T4-F1-1  /T5-F2-1  /T4-F2-1  /T6-T5-1  
/T6-F1-1  /T3-T4-4  /T3-F1-1  /T5-T6-2  /T5-F2-1  /T6-T5-3  /T6-F3-1  /T4-F3-1  /T4-F0-1  /T5-F0-1  
/T4-T3-3  /T4-F2-1  /D:1      /W-F2-1   /D:1      /W-F3-1   /T3-F3-1  /T3-F0-1  /T5-F3-1  /T3-F3-1  
/T5-F0-1  /T3-F0-1  /T5-F1-1  /T4-F1-1  /W-F3-1   /T3-F3-1  /T4-F2-1  /T5-F0-1  /T1-F3-1  /T3-F0-1  
/T5-F1-1  
"
1010264,O#BR#PYw#duSQ#LzDcm#vpbZaI#eGgVFEU#JfyhkrotxnKAqCNlWHXTiMjs,88.500000,1134.000000,22.000000,0.877193,1,"
minimal: 0 / states: 115 / duration: 0.000119s
history:
/T6-T5-1 /T3-T6-1 /T6-T3-2 /T1-T6-1 /D:3     /W-T4-1  /D:2     /W-T4-1  /T2-T4-1 /D:3     
/W-T5-1  /T3-T5-3 /D:1     /W-T2-1  /D:1     /W-F2-1  /W-F2-1  /D:2     /W-F0-1  /T1-F0-1 
/T4-T1-4 /D:1     /W-T6-1  /T4-T6-1 /D:1     /W-F0-1  /T4-F0-1 /T2-T4-2 /D:1     /W-F3-1  
/T0-F3-1 /T2-F3-1 /T4-T0-3 /T5-F3-1 /T5-F0-1 /D:2     /W-T0-1  /T5-T0-4 /T5-F1-1 /T5-T2-1 
/T5-F1-1 /T5-F2-1 /T6-F1-1 /T6-F2-1 /T6-F3-1 /T6-F0-1 /T6-T1-1 /T6-T3-1 /T6-F0-1 /T3-T1-2 
/T3-F1-1 /T6-F1-1 /T0-F3-1 /T4-T2-1 /D:1     /W-F0-1  /T0-T5-2 /T0-F0-1 /T5-T0-3 /D:1     
/W-T2-1  /D:1     /W-F3-1  /D:2     /W-T3-1  /D:2     /W-T1-1  /R       /D:1     /W-F0-1  
/D:1     /W-F1-1  /D:2     /W-F2-1  /T1-F2-1 /T0-F2-1 /T0-F3-1 /T1-F1-1 /T1-F2-1 /T1-F3-1 
/W-F1-1  /T0-F2-1 /T0-F3-1 /T1-F2-1 /T2-F3-1 /T0-F2-1 /T0-F3-1 /T1-T2-1 /T1-F2-1 /T0-F2-1 
/T2-T1-2 /T2-F3-1 /D:1     /W-F0-1  /D:1     /W-T3-1  /D:1     /W-F1-1  /D:1     /W-F1-1  
/T1-F1-1 /T1-F0-1 /T3-F1-1 /T1-F1-1 /T3-F0-1 
"
1010270,i#oj#vNQ#HzKb#VwTWa#YXFnDu#xesPMcr#yJZhtUgSBLmEApqGOCIRkdlf,92.500000,1182.000000,29.000000,0.779661,1,"
minimal: 0 / states: 118 / duration: 0.000132s
history:
/T4-F1-1 /T3-F1-1 /T5-T0-1 /T4-T3-1 /T2-T6-1 /T2-F3-1 /T4-T0-1 /T0-T4-3 /T2-T1-1 /D:3     
/W-T0-1  /D:1     /W-T1-1  /D:1     /W-T1-1  /D:3     /W-T1-1  /T6-T1-2 /T6-F1-1 /T6-T2-1 
/T6-T5-1 /T6-T4-1 /T5-T6-2 /T5-F2-1 /T6-T4-3 /T1-T6-7 /T1-F2-1 /D:1     /W-T4-1  /D:1     
/W-T0-1  /D:1     /W-T1-1  /D:2     /W-F0-1  /T4-F0-1 /D:1     /W-F2-1  /D:1     /W-F2-1  
/D:2     /W-F3-1  /T4-F3-1 /T6-F3-1 /T6-F2-1 /T4-T5-2 /T4-F2-1 /T5-T4-3 /T4-T5-7 /T5-T0-8 
/T3-T5-2 /T5-T2-3 /T3-T5-1 /T3-T4-1 /D:1     /W-F0-1  /T0-F0-1 /D:1     /W-T2-1  /D:1     
/W-F3-1  /T6-F3-1 /T6-F2-1 /T0-T4-3 /T0-F2-1 /T6-T2-1 /T6-F2-1 /W-T2-1  /W-F0-1  /D:2     
/W-F1-1  /T4-F1-1 /T4-F0-1 /T4-F3-1 /T2-F0-1 /T4-F0-1 /D:1     /W-T5-1  /T6-T5-2 /D:1     
/W-F1-1  /R       /D:1     /W-T1-1  /D:2     /W-F3-1  /T4-F3-1 /T2-T5-2 /T2-F3-1 /D:1     
/W-F1-1  /T5-F1-1 /T0-F1-1 /T0-F2-1 /T5-F0-1 /T5-F1-1 /T5-F2-1 /W-F0-1  /T0-F3-1 /T2-F0-1 
/T2-F3-1 /T0-F0-1 /T0-F3-1 /T1-F2-1 /T2-F0-1 /D:1     /W-F1-1  /T5-F1-1 /T1-F1-1 /T5-F2-1 
"
1010291,y#ak#eSd#wxmO#ITbpW#DZUncY#LtzRBAs#KrhNXgMovfPFqGCiuHlVEjQJ,111.500000,1393.000000,33.000000,0.698529,1,"
minimal: 0 / states: 110 / duration: 0.000119s
history:
/T1-T0-1 /T1-F1-1 /D:1     /W-T5-1  /T4-T5-1 /T3-T4-1 /T4-T2-2 /T4-F1-1 /T6-T4-1 /T6-F0-1 
/T6-F0-1 /T6-T4-1 /T5-T6-3 /T5-F1-1 /T5-F2-1 /T3-T1-1 /T0-T1-2 /T6-T0-4 /T6-T5-1 /D:3     
/W-F3-1  /T2-F3-1 /D:1     /W-T6-1  /D:3     /W-F2-1  /T2-F2-1 /T2-F1-1 /T2-T5-1 /T2-F1-1 
/W-T2-1  /D:1     /W-T0-1  /T5-T0-3 /T6-T5-2 /T5-T6-3 /T5-T4-1 /D:1     /W-F1-1  /W-F1-1  
/W-F1-1  /W-T0-1  /D:1     /W-F3-1  /D:2     /W-F2-1  /T0-F2-1 /D:2     /W-F0-1  /T4-F0-1 
/D:1     /W-F1-1  /D:3     /W-T2-1  /T3-T2-1 /T3-T1-1 /D:1     /W-T1-1  /W-T1-1  /T4-T1-3 
/D:1     /W-F0-1  /D:1     /W-F1-1  /T1-T6-6 /T1-F1-1 /D:1     /W-F3-1  /T6-F3-1 /T0-F3-1 
/T6-F2-1 /T0-F2-1 /T6-F3-1 /W-F2-1  /T0-F3-1 /T0-F2-1 /T4-T0-1 /D:1     /R       /D:1     
/W-F0-1  /D:1     /W-F0-1  /T6-F0-1 /T0-F0-1 /T6-F3-1 /T0-F3-1 /T6-F2-1 /T2-F2-1 /T1-F2-1 
/T2-F1-1 /T1-F1-1 /T6-F3-1 /T0-T2-2 /T0-F2-1 /D:1     /W-F0-1  /T2-F0-1 /T2-F3-1 /T6-F0-1 
/T2-F0-1 /T6-F3-1 
"
1010323,g#fh#bje#TpKV#vWtYE#PkxXNB#qJDRnmI#GoCFsLSZQAdzyOcauirwHMlU,142.000000,2334.000000,56.000000,0.665049,1,"
minimal: 0 / states: 127 / duration: 0.000147s
history:
/T1-T6-1 /T4-T1-1 /D:1     /W-T6-1  /T1-T6-2 /D:3     /W-T0-1  /T2-T0-1 /T6-T2-5 /T6-T1-1 
/T6-F2-1 /D:2     /W-T1-1  /D:3     /W-T2-1  /D:1     /W-F0-1  /T5-F0-1 /T5-F3-1 /T5-T1-1 
/T5-T4-1 /T2-T4-7 /D:4     /W-F3-1  /D:2     /W-F1-1  /T2-F1-1 /W-F1-1  /D:1     /W-T3-1  
/T0-T3-3 /D:3     /W-T1-1  /T3-T1-5 /D:2     /W-T0-1  /T4-T0-9 /D:2     /R       /D:1     
/W-F2-1  /D:1     /W-F0-1  /D:2     /W-T4-1  /D:1     /W-T2-1  /D:1     /W-F1-1  /T1-F1-1 
/T6-T1-1 /T6-F0-1 /T6-T5-1 /T0-T4-2 /T0-F1-1 /T6-T1-1 /D:1     /W-T6-1  /D:1     /W-T2-1  
/T5-T2-2 /T5-F3-1 /T4-F3-1 /T4-F0-1 /D:1     /W-T2-1  /D:1     /W-T4-1  /D:1     /W-T2-1  
/D:1     /W-T6-1  /T3-T6-1 /T3-F2-1 /T1-F2-1 /T1-F3-1 /T1-F0-1 /T4-F2-1 /T4-F3-1 /T0-F0-1 
/W-F2-1  /T1-F1-1 /T3-F3-1 /T2-F0-1 /T4-F2-1 /T0-F1-1 /T1-F2-1 /T2-F1-1 /T4-T6-1 /T0-F0-1 
/T0-F1-1 /T2-F0-1 /T2-F1-1 /T4-F2-1 /T6-T0-1 /T6-F0-1 /T6-F1-1 /T1-T2-3 /T1-F0-1 /T1-F1-1 
/T0-T6-3 /T0-F0-1 /D:1     /W-F3-1  /T2-F3-1 /T2-F2-1 /T6-F3-1 /T2-F3-1 /T6-F2-1 /T2-F2-1 
/T6-F3-1 /T2-F3-1 /T6-F2-1 
"
1010345,P#bO#LSF#hxWC#IMnea#gmdHfc#JvrzXEA#ZNKTYBRiokpVluwDyjsGtqUQ,134.000000,2480.000000,47.000000,0.590909,1,"
minimal: 0 / states: 122 / duration: 0.000130s
history:
/T4-F1-1 /T6-F0-1 /T4-T2-1 /T4-F2-1 /T1-T3-1 /T1-F1-1 /T5-F1-1 /T6-T5-1 /T4-T1-1 /D:2     
/W-F3-1  /T3-F3-1 /T0-F3-1 /W-T0-1  /D:3     /W-T1-1  /D:1     /W-F0-1  /T3-F0-1 /T4-T3-1 
/D:3     /W-F2-1  /D:2     /W-F2-1  /D:4     /W-T6-1  /D:1     /W-F0-1  /T5-F0-1 /D:1     
/W-T0-1  /T6-T0-2 /T6-T4-1 /T6-T5-1 /D:5     /W-F2-1  /T5-F2-1 /D:1     /W-T3-1  /W-T3-1  
/T5-T3-1 /D:1     /W-F3-1  /R       /D:1     /W-T1-1  /T3-T1-5 /D:1     /W-T5-1  /T2-T5-2 
/D:1     /W-F3-1  /T2-F3-1 /D:1     /W-T0-1  /T5-T0-4 /T5-F1-1 /T0-F1-1 /T0-F0-1 /T1-F1-1 
/T2-T5-1 /T5-T2-2 /T0-F3-1 /T5-F1-1 /D:1     /W-T2-1  /D:2     /W-T4-1  /T3-T4-1 /T3-F1-1 
/D:2     /W-T4-1  /T6-T4-1 /T6-T2-1 /D:1     /W-F2-1  /T1-F2-1 /W-F2-1  /T1-F3-1 /T4-F2-1 
/W-F3-1  /T0-T2-2 /T0-F2-1 /T1-T4-1 /T1-F3-1 /T0-F3-1 /T4-T1-2 /T4-F2-1 /T0-F2-1 /T1-T4-3 
/T1-F3-1 /T0-F3-1 /T4-T1-4 /T4-F2-1 /D:1     /W-F0-1  /T2-F0-1 /T1-F0-1 /T2-F1-1 /T1-F1-1 
/T2-F0-1 /T1-F0-1 /T2-F1-1 /T1-F1-1 /T2-F0-1 /T1-F0-1 /T2-F1-1 
"
1010353,y#Fx#dYw#zhNo#SlJDX#vOnIMe#ktsRQcE#prTHgaiZGqBujPAfUWmLKCVb,111.500000,1150.000000,35.000000,0.760274,1,"
minimal: 0 / states: 111 / duration: 0.000115s
history:
/T4-T0-1 /T4-T5-1 /T2-T0-1 /T1-T2-1 /T5-T1-2 /T2-T5-2 /T2-T6-1 /T5-T2-3 /D:1     /W-T6-1  
/D:5     /W-F1-1  /D:1     /W-T0-1  /D:5     /W-T0-1  /D:1     /W-T2-1  /T5-T2-1 /T5-F2-1 
/T3-F2-1 /T3-F3-1 /T5-F3-1 /T3-T2-1 /T6-F2-1 /D:1     /W-F3-1  /D:1     /W-F0-1  /W-F0-1  
/W-F2-1  /W-T2-1  /D:1     /W-T2-1  /T6-T2-2 /T6-T1-1 /T6-F3-1 /T6-F3-1 /D:1     /W-T5-1  
/D:5     /W-F0-1  /D:1     /W-T4-1  /D:1     /W-F1-1  /T1-F1-1 /T1-F0-1 /T2-F1-1 /T1-F1-1 
/T2-F0-1 /T1-F0-1 /T2-F1-1 /T2-F0-1 /R       /D:1     /W-F2-1  /T6-F2-1 /T6-F2-1 /T4-T6-2 
/T4-T3-1 /T4-F3-1 /T0-F2-1 /D:1     /W-F3-1  /T5-F3-1 /T5-F2-1 /T6-F3-1 /T0-T6-1 /T0-F2-1 
/D:1     /W-F0-1  /D:1     /W-F1-1  /T2-F1-1 /T2-F0-1 /T6-F1-1 /T2-F1-1 /T6-F0-1 /T6-F1-1 
/T2-F2-1 /T3-F1-1 /D:1     /W-T1-1  /T0-T1-2 /D:1     /W-F3-1  /T1-F3-1 /T1-F2-1 /T2-F3-1 
/T3-F2-1 /T1-F3-1 /D:1     /W-F1-1  /D:2     /W-F0-1  /W-F0-1  /T2-F0-1 
"
1010382,q#Xn#vhp#LQUl#kdfgK#mTuBVe#DHyWoas#ItSxcwbGAEzYCJZPRjFONiMr,101.500000,944.000000,38.000000,0.705882,1,"
minimal: 0 / states: 121 / duration: 0.000129s
history:
/T1-F2-1 /T5-T6-1 /T4-T3-1 /T6-T4-2 /T6-F1-1 /T6-F2-1 /T2-F2-1 /T6-T3-1 /T0-F2-1 /T1-T6-1 
/D:1     /W-T3-1  /T2-T3-1 /D:1     /W-T3-1  /D:1     /W-T3-1  /D:3     /W-T6-1  /T5-T6-1 
/D:1     /W-F1-1  /W-F1-1  /D:2     /W-F0-1  /T5-F0-1 /T4-T5-3 /T5-T6-4 /D:1     /W-T3-1  
/D:1     /W-T0-1  /T3-T0-8 /T3-T2-1 /T3-T0-1 /W-T2-1  /T4-T2-1 /T4-F1-1 /T6-F1-1 /T2-F1-1 
/T6-T5-1 /T6-F1-1 /T5-T6-2 /T6-T5-7 /T4-T3-1 /D:2     /W-F0-1  /D:1     /W-T3-1  /D:1     
/W-T1-1  /T3-T1-3 /D:2     /W-T5-1  /D:4     /W-F3-1  /W-F3-1  /D:1     /W-T1-1  /T6-T1-1 
/T6-F0-1 /D:1     /W-T3-1  /D:1     /W-F2-1  /R       /D:2     /W-T3-1  /W-T3-1  /D:1     
/W-F3-1  /T0-F3-1 /T0-F0-1 /T5-F3-1 /T0-F3-1 /T5-F2-1 /T0-F2-1 /T0-F1-1 /T5-F3-1 /T5-F2-1 
/T1-T5-1 /T1-F1-1 /T2-T0-2 /T2-F2-1 /T5-T1-2 /T5-F2-1 /T3-F2-1 /D:1     /W-F1-1  /T1-T5-3 
/T1-F1-1 /T0-T3-5 /T0-F1-1 /T5-T1-4 /T5-F2-1 /T0-F2-1 /T5-F1-1 /D:1     /W-F0-1  /T3-F0-1 
/T1-F0-1 /T3-F3-1 /T1-F3-1 /T3-F0-1 /T1-F0-1 /T3-F3-1 /T1-F3-1 /T3-F0-1 /T1-F0-1 /T3-F3-1 
/T1-F3-1 /T3-F0-1 
"
1010470,y#eh#rQI#cMKF#vVCYS#PNAkHa#tDqlOmG#WBxsjoZifpLbEnRwuJTXdUzg,104.000000,1243.000000,44.000000,0.619718,1,"
minimal: 0 / states: 129 / duration: 0.000138s
history:
/T5-F1-1  /T6-T1-1  /T4-T1-1  /T1-T2-3  /T0-T6-1  /T6-T0-2  /T1-T3-1  /D:3      /W-T4-1   /D:2      
/W-T4-1   /T2-T4-4  /D:2      /W-T1-1   /D:3      /W-T2-1   /T6-T2-1  /D:1      /W-T1-1   /D:1      
/W-F1-1   /D:1      /W-T4-1   /T2-T4-3  /D:1      /W-F2-1   /D:5      /W-T5-1   /T3-T5-2  /T3-T6-1  
/T4-T3-11 /D:1      /W-T0-1   /W-T0-1   /D:1      /W-T2-1   /T4-T2-1  /T5-T4-4  /T5-T1-1  /T5-F0-1  
/T5-F3-1  /T3-F3-1  /T4-T0-5  /T5-F3-1  /T3-T5-11 /T3-F1-1  /D:1      /W-T4-1   /D:1      /W-T3-1   
/T6-T3-2  /T6-T0-1  /D:1      /R        /D:1      /W-T3-1   /T4-T3-2  /D:1      /W-F0-1   /T2-F0-1  
/T6-F0-1  /T2-F1-1  /T5-T2-2  /T5-F0-1  /T2-T5-3  /T6-T3-1  /D:2      /W-F2-1   /T5-F2-1  /T0-F2-1  
/T0-F1-1  /T5-F3-1  /T5-F2-1  /T0-F0-1  /W-F2-1   /T3-F2-1  /D:2      /W-F1-1   /D:1      /W-F3-1   
/T5-F3-1  /T0-F3-1  /T5-F0-1  /T3-F3-1  /T0-F0-1  /T0-F3-1  /T5-T3-1  /T5-F0-1  /T0-F0-1  /T3-T5-2  
/T3-F3-1  /T0-F3-1  /T3-F0-1  /T1-T0-1  /T1-F0-1  /T5-T3-4  /T5-F3-1  /T1-F3-1  /T5-F0-1  /D:1      
/W-T0-1   /W-T0-1   /D:1      /W-F2-1   /D:1      /W-F1-1   /T3-F1-1  /T0-F1-1  /T3-F2-1  /T0-F2-1  
/T3-F1-1  /T0-F1-1  /T3-F2-1  /T0-F2-1  /T3-F1-1  /T0-F1-1  /T3-F2-1  
"
1010488,L#Wk#eZr#Ylan#XhUFw#zGpoqu#mSNAHbf#ygtBxDcjMKQOTvEisPJVRCId,128.000000,3081.000000,57.000000,0.659574,1,"
minimal: 0 / states: 121 / duration: 0.000135s
history:
/T3-F2-1 /T3-F1-1 /T4-T1-1 /T2-T6-1 /T1-T0-2 /T0-T2-3 /T2-T0-4 /T2-T4-1 /D:2     /W-T5-1  
/T4-T5-2 /D:1     /W-T4-1  /T6-T4-2 /T6-F1-1 /D:2     /W-T3-1  /T1-T3-1 /D:1     /W-T5-1  
/D:1     /W-F1-1  /D:2     /W-T1-1  /T3-T1-3 /D:1     /W-T3-1  /W-T3-1  /D:1     /W-T4-1  
/D:2     /W-T6-1  /D:1     /W-T1-1  /T4-T1-5 /D:2     /W-T0-1  /T5-T0-5 /D:1     /W-T6-1  
/D:1     /W-T0-1  /D:3     /W-T6-1  /T5-T6-1 /T5-F2-1 /T5-F2-1 /T5-T4-1 /T6-F2-1 /T3-T5-3 
/D:1     /W-T1-1  /D:1     /W-T5-1  /T4-T5-2 /D:1     /W-F1-1  /T0-T6-2 /T0-F1-1 /R       
/D:2     /W-T6-1  /D:1     /W-T1-1  /D:2     /W-T4-1  /D:1     /W-T4-1  /T6-T4-7 /T6-F0-1 
/T4-F0-1 /T6-F3-1 /T1-F3-1 /T1-F0-1 /T4-F3-1 /T1-F3-1 /T1-F2-1 /T4-F0-1 /T4-F3-1 /T4-F2-1 
/W-F0-1  /T0-F0-1 /T1-F1-1 /T0-F1-1 /T6-F3-1 /T1-F2-1 /T4-F3-1 /T0-F2-1 /T5-F0-1 /T1-F3-1 
/T4-F0-1 /T4-F3-1 /T5-F1-1 /T0-F1-1 /T1-F2-1 /T0-F2-1 /T5-F0-1 /T1-F3-1 /T4-F0-1 /T4-F3-1 
/T5-F1-1 /T0-F1-1 /T1-F2-1 /T5-F0-1 /T0-F0-1 /T1-F1-1 /T5-F3-1 /T1-F0-1 /W-F2-1  /T0-F3-1 
/T5-F2-1 /T6-F1-1 
"
1010493,d#st#wiM#bIYg#AOWCx#GRUKlq#fzmQpEe#NhuLTVoXSjcnyPJBaDkvZFrH,137.000000,1771.000000,51.000000,0.538462,1,"
minimal: 0 / states: 132 / duration: 0.000142s
history:
/T5-T6-1 /T4-T5-1 /T5-T2-2 /T4-T0-1 /T4-T2-1 /T4-T0-1 /T4-F0-1 /T2-T4-4 /D:1     /W-F3-1  
/T0-F3-1 /D:2     /W-T2-1  /T3-T2-1 /T5-T3-1 /T1-T5-1 /T6-T1-2 /T0-T6-2 /T1-T2-3 /D:6     
/W-T5-1  /T6-T5-3 /D:1     /W-T3-1  /D:1     /W-T2-1  /D:1     /W-F2-1  /D:2     /W-F3-1  
/D:2     /W-F0-1  /T5-F0-1 /T6-T5-1 /T6-F3-1 /T6-T0-1 /T3-T6-3 /T5-T3-6 /T5-F3-1 /T3-T4-7 
/T6-T1-4 /T4-T6-3 /T4-F3-1 /T3-T6-1 /T6-T4-5 /D:1     /W-F1-1  /T4-F1-1 /T2-F1-1 /D:1     
/W-F0-1  /D:2     /W-T1-1  /D:1     /W-T3-1  /D:3     /R       /D:1     /W-T1-1  /T5-T1-1 
/D:1     /W-T0-1  /D:1     /W-F3-1  /D:2     /W-F2-1  /T4-F2-1 /T2-F2-1 /T4-F1-1 /T2-F1-1 
/T4-F0-1 /T4-F1-1 /D:1     /W-T0-1  /D:1     /W-T3-1  /D:1     /W-T0-1  /T2-T0-4 /W-T2-1  
/D:1     /W-T3-1  /T2-T3-2 /D:1     /W-F0-1  /T1-F0-1 /T4-T1-1 /T4-F3-1 /T3-F3-1 /D:1     
/W-F2-1  /T0-F2-1 /T0-F1-1 /T1-F2-1 /T0-F2-1 /T1-F1-1 /T1-F2-1 /T0-F1-1 /T3-F2-1 /T1-F1-1 
/T3-F1-1 /T4-T1-2 /T4-F2-1 /T3-F2-1 /T4-F1-1 /T0-T3-3 /T0-F1-1 /T1-T4-4 /T1-F2-1 /D:1     
/W-F0-1  /T4-F0-1 /T3-F0-1 /T4-F3-1 /T3-F3-1 /T4-F0-1 /T3-F0-1 /T4-F3-1 /T3-F3-1 /T4-F0-1 
"
1010509,A#gJ#efS#iHRE#dtjln#PxFUIV#vsKupNM#rbhayDZzwTqXYGkcQWLoBCOm,152.500000,3127.000000,61.000000,0.495370,1,"
minimal: 0 / states: 134 / duration: 0.000152s
history:
/T0-F0-1 /T4-F2-1 /T6-T0-1 /T6-F3-1 /T5-T1-1 /T3-T2-1 /T4-T0-1 /T5-T4-1 /T5-T4-1 /T3-T5-1 
/T3-T1-1 /D:2     /W-T6-1  /D:2     /W-F1-1  /T6-F1-1 /D:2     /W-T5-1  /D:4     /W-T1-1  
/T5-T1-3 /T4-T5-3 /T2-T4-2 /T4-T5-3 /T6-T4-1 /T6-T3-1 /T6-T0-1 /T4-T5-2 /D:6     /W-F1-1  
/D:2     /W-T0-1  /D:2     /W-F2-1  /T5-F2-1 /T5-F1-1 /D:1     /W-F0-1  /D:1     /W-F0-1  
/T1-F0-1 /T5-F0-1 /T1-T6-1 /T1-F0-1 /T6-T1-2 /T6-T0-1 /D:1     /W-F3-1  /D:1     /W-T4-1  
/W-T4-1  /R       /D:1     /W-T2-1  /D:1     /W-T0-1  /D:2     /W-T6-1  /W-T6-1  /D:3     
/W-F2-1  /T2-F2-1 /D:1     /W-T4-1  /T1-T4-6 /T1-T3-1 /D:2     /W-T0-1  /T2-T0-1 /T2-F1-1 
/T0-F1-1 /T0-F0-1 /T3-F1-1 /T0-F1-1 /T4-T3-3 /T4-F0-1 /T5-T0-3 /T5-F0-1 /T3-T4-4 /T3-F1-1 
/T5-F1-1 /D:1     /W-F1-1  /D:1     /R       /D:1     /W-T1-1  /D:2     /W-T1-1  /T5-T1-1 
/T5-F3-1 /D:1     /W-F3-1  /T4-F3-1 /T0-F3-1 /T4-F2-1 /T0-F2-1 /T4-F3-1 /T0-F3-1 /T4-F2-1 
/T0-F2-1 /T4-F3-1 /T0-F3-1 /T4-F0-1 /T0-F0-1 /W-F2-1  /T1-F2-1 /T0-F1-1 /T4-F3-1 /T1-F3-1 
/T4-F0-1 /T0-F0-1 /T6-F2-1 /T1-F2-1 /T4-F1-1 /T6-F3-1 
"
1010514,F#Uo#wMu#pbqA#vSJmC#VTKYia#IyrlfPG#HXWRtLdNOknZQzsDxEjecgBh,101.500000,934.000000,37.000000,0.720588,1,"
minimal: 0 / states: 114 / duration: 0.000129s
history:
/T3-F0-1 /T5-F1-1 /T2-T5-1 /D:4     /W-T0-1  /T3-T0-1 /T3-F1-1 /D:4     /W-F3-1  /D:1     
/W-F3-1  /D:2     /W-F2-1  /T1-F2-1 /T3-F2-1 /T6-T1-1 /T6-F3-1 /T6-T1-1 /T6-T2-1 /T6-T1-1 
/T2-T3-2 /T5-T2-2 /T0-F2-1 /T1-F2-1 /W-T6-1  /T2-T6-3 /D:1     /W-T2-1  /T6-T2-5 /T1-T6-3 
/D:1     /W-F3-1  /T0-F3-1 /D:1     /W-T1-1  /T5-T1-1 /T5-T1-1 /T5-T2-1 /T0-T2-1 /D:1     
/W-F2-1  /D:2     /W-T3-1  /D:1     /W-T6-1  /D:1     /W-T1-1  /T6-T1-5 /D:1     /W-T2-1  
/W-T2-1  /W-T1-1  /T4-T1-1 /T4-T0-1 /W-T0-1  /W-F2-1  /W-T3-1  /W-T0-1  /T4-T0-1 /T4-F3-1 
/W-T5-1  /T2-T5-4 /T2-F2-1 /T4-F2-1 /T2-T0-1 /T2-F2-1 /D:1     /W-F1-1  /D:2     /W-F0-1  
/T1-F0-1 /T1-F1-1 /T5-F0-1 /T1-F0-1 /T5-F1-1 /T1-F1-1 /T5-F0-1 /T1-F0-1 /T5-F3-1 /T1-F3-1 
/W-F1-1  /T5-F0-1 /T5-F3-1 /T1-F0-1 /T3-F3-1 /T3-F2-1 /T0-T2-2 /T0-F3-1 /T1-T3-2 /T1-F3-1 
/T2-T0-3 /T2-F2-1 /T1-F2-1 /T2-F3-1 /D:1     /W-F1-1  /T0-F1-1 /T0-F0-1 /T3-F1-1 /T0-F1-1 
/T3-F0-1 /T0-F0-1 /T3-F1-1 /T0-F1-1 /T3-F0-1 
"
1010528,c#oC#dTX#eYJO#RLhAa#WwrKDf#tjIGzxn#HgBFNPulvmEbMkVZiqyQpSUs,141.500000,2169.000000,38.000000,0.668675,1,"
minimal: 0 / states: 117 / duration: 0.000126s
history:
/T4-F1-1 /T4-F0-1 /T6-F2-1 /T3-T1-1 /T3-T2-1 /T6-T3-1 /T3-T6-2 /D:3     /W-F0-1  /D:2     
/W-F3-1  /T1-F3-1 /T1-F0-1 /T1-F2-1 /T6-T1-3 /T5-T6-1 /T5-F0-1 /T6-T4-2 /T4-T6-3 /T2-T4-2 
/W-T2-1  /T3-T2-1 /D:1     /W-F3-1  /D:4     /W-T3-1  /T4-T3-3 /D:1     /W-F0-1  /D:1     
/W-F1-1  /T0-F1-1 /D:1     /W-T0-1  /D:2     /W-T3-1  /D:3     /W-T2-1  /D:2     /W-F3-1  
/T4-F3-1 /D:1     /W-F2-1  /T2-F2-1 /D:1     /W-F3-1  /D:2     /R       /D:1     /W-T3-1  
/T2-T3-3 /T2-F1-1 /T3-F1-1 /T3-F0-1 /T3-F3-1 /T6-F1-1 /T6-F0-1 /T3-F0-1 /D:1     /W-F1-1  
/T6-F1-1 /T6-F0-1 /T6-T1-1 /D:1     /W-T3-1  /D:1     /W-T0-1  /T5-T0-1 /T5-F2-1 /T3-T5-2 
/T3-F0-1 /T5-T3-3 /T0-F0-1 /D:1     /W-T1-1  /D:2     /W-T2-1  /D:1     /W-F1-1  /T1-T5-1 
/T1-F1-1 /W-F1-1  /T0-F1-1 /T3-T2-5 /T3-F1-1 /T5-T1-2 /D:2     /W-F3-1  /D:1     /W-F2-1  
/T6-F2-1 /T2-F2-1 /T1-F2-1 /T2-F3-1 /T1-F3-1 /T2-F2-1 /T1-F2-1 /T2-F3-1 /T1-F3-1 /T2-F0-1 
/T0-F0-1 /W-F2-1  /T1-F2-1 /T2-F3-1 
"
1010538,M#Xa#EqU#bNxi#fHOcy#usortd#TphQIJm#LzVKSnYjFADWPGRZBvgwCekl,145.500000,2904.000000,61.000000,0.520202,1,"
minimal: 0 / states: 130 / duration: 0.000144s
history:
/T1-F1-1 /T4-T6-1 /T1-T6-1 /T6-T1-3 /T6-T1-1 /T3-T1-1 /T2-T6-1 /T4-T2-1 /D:6     /W-F2-1  
/D:1     /W-T0-1  /T3-T0-1 /T3-F3-1 /T3-F1-1 /T4-F3-1 /T4-T1-1 /T2-F1-1 /T5-F1-1 /T5-T6-1 
/T5-T4-1 /T5-F2-1 /W-T6-1  /D:1     /W-T0-1  /T6-T0-4 /T6-T4-1 /D:2     /W-F0-1  /D:3     
/W-F3-1  /T4-F3-1 /D:1     /W-T6-1  /T4-T6-2 /D:1     /W-T5-1  /T2-T5-1 /T2-T0-1 /D:1     
/W-T2-1  /D:1     /W-F0-1  /D:2     /W-T1-1  /T5-T1-3 /D:2     /W-F0-1  /D:1     /W-F1-1  
/D:2     /R       /D:1     /W-T2-1  /D:1     /W-T3-1  /D:4     /W-F0-1  /T0-F0-1 /W-F0-1  
/T6-T0-1 /T6-F1-1 /T6-F0-1 /T1-T5-4 /T1-F0-1 /T5-T1-5 /D:4     /W-T2-1  /W-T2-1  /D:1     
/W-T3-1  /R       /D:1     /W-T2-1  /D:1     /W-T3-1  /D:1     /W-T3-1  /D:1     /W-T3-1  
/T6-T3-1 /T6-F2-1 /T1-F2-1 /T0-F2-1 /T1-F3-1 /T0-F3-1 /T1-F2-1 /T0-F2-1 /T1-F1-1 /T3-F1-1 
/T6-F3-1 /T0-F3-1 /T0-F0-1 /T1-F2-1 /T1-F1-1 /T2-F3-1 /T1-F0-1 /T3-F2-1 /T0-F1-1 /T2-F2-1 
/T2-F1-1 /T3-F3-1 /T0-F2-1 /T1-F3-1 /T1-F2-1 /T3-F0-1 /T0-F3-1 /T2-F0-1 /T2-F3-1 /T3-F1-1 
/T0-F0-1 /T1-F1-1 /T3-F2-1 
"
1010544,D#Bd#uvi#GWEn#TetLo#CHcRZX#gFSsjfA#PabyNIOxmYlkJrKhVwzUQpMq,160.000000,2336.000000,54.000000,0.577670,1,"
minimal: 0 / states: 123 / duration: 0.000144s
history:
/T3-F2-1 /T4-F2-1 /T6-F0-1 /T5-T4-1 /T4-T5-2 /T6-T4-1 /T3-T4-1 /T1-T4-1 /T1-F0-1 /T5-T1-3 
/T0-T5-1 /D:1     /W-T5-1  /D:1     /W-F1-1  /D:1     /W-F1-1  /D:2     /W-F3-1  /D:1     
/W-T3-1  /D:1     /W-F3-1  /T5-F3-1 /D:2     /W-T0-1  /D:4     /W-T1-1  /T2-T1-1 /T2-T6-1 
/T2-T1-1 /D:3     /W-T3-1  /T4-T3-4 /D:3     /W-T2-1  /D:1     /W-T6-1  /D:1     /W-F3-1  
/T5-T4-1 /T5-F3-1 /T5-F1-1 /T3-F1-1 /D:1     /W-F2-1  /D:2     /W-F2-1  /R       /D:1     
/W-T0-1  /D:2     /W-T2-1  /W-T2-1  /T6-T2-3 /T4-T6-2 /T6-T4-3 /T6-F3-1 /T4-T1-4 /D:2     
/W-T0-1  /D:1     /W-F2-1  /T1-T6-2 /T1-F2-1 /T6-T1-3 /T6-T5-1 /T1-T5-3 /T1-F3-1 /T2-F3-1 
/D:2     /W-F3-1  /D:1     /W-T0-1  /F3-T0-1 /T5-T0-5 /T5-F0-1 /T0-F0-1 /T0-F1-1 /T3-F0-1 
/T0-F0-1 /T3-F1-1 /T0-F1-1 /T3-F2-1 /T1-F2-1 /T2-F2-1 /T3-F1-1 /T1-F1-1 /T2-F1-1 /T3-T2-2 
/T3-F0-1 /T0-F0-1 /T0-F3-1 /T0-F2-1 /T2-F0-1 /T1-F0-1 /T0-F1-1 /T2-F3-1 /T1-F3-1 /T2-F2-1 
/T0-F2-1 /W-F0-1  /T1-F0-1 /T2-F3-1 /T1-F3-1 /W-F1-1  /T0-F1-1 /T2-F2-1 /D:1     /W-F0-1  
"
1010565,x#nB#fDC#acSg#lhrdJ#KyuVOL#XQqAPmN#twbYWjpvUoGezkTZFsRIEHMi,94.500000,575.000000,27.000000,0.932203,1,"
minimal: 0 / states: 107 / duration: 0.000126s
history:
/T6-F3-1 /T5-T6-1 /T5-F3-1 /T5-T4-1 /T3-T5-1 /T5-T4-2 /D:3     /W-T2-1  /D:2     /W-T0-1  
/D:3     /W-T0-1  /D:1     /W-T0-1  /D:2     /W-T0-1  /T3-T0-1 /T1-T3-1 /T1-F2-1 /W-F2-1  
/T6-T1-2 /T6-F3-1 /T6-F0-1 /T3-F0-1 /T3-T6-1 /T3-F1-1 /T2-F1-1 /T2-F0-1 /T6-F1-1 /T2-F0-1 
/W-F2-1  /T6-F2-1 /T6-F3-1 /T4-T6-4 /T4-F1-1 /T4-F2-1 /T6-T1-5 /D:1     /W-F1-1  /T2-F1-1 
/T1-F1-1 /T4-F1-1 /T0-T4-6 /D:1     /W-T0-1  /T4-T0-7 /D:1     /W-T5-1  /D:1     /W-T1-1  
/D:1     /W-T2-1  /T5-T2-2 /W-T5-1  /D:1     /W-T1-1  /D:1     /W-F2-1  /D:1     /W-F3-1  
/T0-F3-1 /D:1     /W-T5-1  /D:1     /W-F0-1  /T1-F0-1 /T0-F0-1 /T1-F3-1 /T0-F3-1 /D:1     
/W-F0-1  /T5-F0-1 /D:1     /W-T3-1  /W-T3-1  /W-T2-1  /W-F2-1  /T1-F2-1 /T0-F2-1 /T1-F3-1 
/T0-F3-1 /T1-F0-1 /T1-F3-1 /T2-F2-1 /T0-F2-1 /T3-F3-1 /T2-T1-1 /T2-F2-1 /T2-F3-1 /T0-T3-1 
/T0-F2-1 /T5-T3-2 /D:1     /W-F1-1  /T3-F1-1 /T1-F1-1 /T3-F0-1 /T1-F0-1 /T3-F1-1 /T1-F1-1 
/T3-F0-1 
"
1010649,o#tu#ysl#paTG#JUPRv#BgNhfq#QSZmVej#HzAKLrMdXOwcIbWnYiEkCFDx,98.500000,631.000000,26.000000,0.833333,1,"
minimal: 0 / states: 117 / duration: 0.000143s
history:
/T4-T6-1  /T5-T4-1  /T5-T3-1  /T3-T5-2  /T5-T6-3  /T5-F3-1  /T3-T1-1  /T3-F1-1  /D:3      /W-F0-1   
/D:1      /W-T2-1   /T6-T2-5  /D:2      /W-T2-1   /D:2      /W-T2-1   /T3-T2-1  /W-T3-1   /T2-T3-10 
/T6-T2-1  /T1-T6-2  /T2-T5-2  /D:1      /W-T2-1   /D:1      /W-F3-1   /D:1      /W-T2-1   /T6-T2-3  
/T2-T6-6  /T6-T2-7  /W-T6-1   /D:1      /W-T4-1   /T0-T4-1  /T6-T0-2  /T6-T1-1  /D:2      /W-F1-1   
/D:2      /W-F2-1   /T4-F2-1  /T3-F2-1  /T4-F1-1  /T3-F1-1  /T4-F2-1  /T3-F2-1  /T5-F1-1  /T4-T5-1  
/T4-F3-1  /T3-F1-1  /T5-T2-2  /T5-F1-1  /T5-F0-1  /T6-F3-1  /T2-F3-1  /T2-F2-1  /T1-F3-1  /T1-F2-1  
/T2-F3-1  /T2-F2-1  /T4-F3-1  /T2-F3-1  /W-F3-1   /D:2      /W-T2-1   /D:2      /W-T0-1   /T2-T0-2  
/T2-F3-1  /D:1      /W-F0-1   /D:2      /W-F0-1   /D:1      /R        /D:1      /W-T0-1   /D:1      
/W-T1-1   /D:2      /W-F3-1   /D:1      /W-F0-1   /D:1      /W-F0-1   /T3-F0-1  /T0-F0-1  /T3-F1-1  
/T0-F1-1  /T3-F2-1  /T0-F2-1  /W-F0-1   /T3-F1-1  /T4-F0-1  /T0-F1-1  /T3-F0-1  /T0-F0-1  /T0-F3-1  
/T3-F1-1  /T3-F0-1  /D:1      /W-F2-1   /T2-F2-1  /T1-F2-1  /T2-F1-1  
"
1010695,j#aU#QNA#Tron#cgqFv#ixGplL#CeOmMfb#SEVBJytHwRKusZdhXYWzDPkI,104.500000,1585.000000,48.000000,0.602564,1,"
minimal: 0 / states: 120 / duration: 0.000165s
history:
/T2-F0-1 /T2-F3-1 /T3-F2-1 /T3-F2-1 /T4-T0-1 /T1-T0-1 /T1-F1-1 /T6-F1-1 /T3-T6-1 /T4-T3-1 
/T2-T6-1 /D:4     /W-F0-1  /D:3     /W-T0-1  /T6-T0-3 /T6-T1-1 /T5-T6-1 /T5-T1-1 /T5-F2-1 
/T4-F2-1 /T6-T2-2 /T6-F3-1 /T6-T3-1 /T6-F0-1 /D:4     /W-T1-1  /T0-T1-7 /D:2     /W-T4-1  
/D:1     /W-T0-1  /D:3     /W-T2-1  /D:3     /W-T6-1  /D:1     /W-F0-1  /D:1     /W-F3-1  
/T1-F3-1 /T1-F2-1 /T4-F2-1 /T1-T5-1 /T1-F2-1 /T5-T1-2 /W-T5-1  /W-T6-1  /T5-T6-2 /D:2     
/W-T6-1  /R       /D:2     /W-F0-1  /D:2     /W-T2-1  /W-T2-1  /D:1     /W-T0-1  /D:1     
/W-T2-1  /T4-T2-1 /T4-F1-1 /D:2     /W-F3-1  /D:1     /W-F2-1  /T1-T6-3 /T1-F2-1 /W-F2-1  
/W-F3-1  /T3-T2-2 /T3-F3-1 /D:1     /W-F1-1  /T2-F1-1 /T2-F0-1 /T6-F1-1 /T2-F1-1 /T6-F0-1 
/T2-F0-1 /T6-F3-1 /T2-F3-1 /T6-F0-1 /T6-F3-1 /T2-F0-1 /T2-F3-1 /T6-F2-1 /T0-F2-1 /T6-F3-1 
/T0-F3-1 /T6-F2-1 /D:1     /W-F1-1  /T5-F1-1 /T1-F1-1 /T1-F0-1 /T2-F0-1 /D:1     /W-F1-1  
/T1-F1-1 /T1-F0-1 /T2-F1-1 
"
1010705,n#vI#tSA#zKgG#MjLas#WRmuNf#pDhUOJZ#qoiBkrQxybVlHEwYXceTPFCd,98.500000,1024.000000,37.000000,0.666667,1,"
minimal: 0 / states: 123 / duration: 0.000134s
history:
/T0-F2-1 /T2-F0-1 /T6-T0-1 /T5-T3-1 /T5-F3-1 /D:2     /W-F2-1  /D:1     /W-T6-1  /T5-T6-1 
/D:1     /W-F0-1  /D:2     /W-T2-1  /D:1     /W-T2-1  /D:2     /W-T0-1  /D:5     /W-T3-1  
/D:3     /W-T0-1  /T6-T0-3 /T6-F3-1 /T3-T6-3 /T4-T3-1 /T4-F1-1 /T6-T1-4 /T3-T0-2 /T4-T5-1 
/T1-T4-5 /T6-T1-1 /T4-T3-6 /W-T4-1  /T3-T4-7 /D:1     /W-T6-1  /D:1     /W-T0-1  /T6-T0-2 
/T6-T2-1 /T5-T6-2 /T2-F2-1 /D:2     /W-F3-1  /T2-F3-1 /T5-F3-1 /T1-T5-2 /D:2     /W-F0-1  
/D:1     /W-T2-1  /R       /D:1     /W-F2-1  /T2-T4-1 /T2-F2-1 /T2-F3-1 /T2-T5-1 /D:1     
/W-T6-1  /D:2     /W-F1-1  /T0-F1-1 /T0-F0-1 /T4-F1-1 /T0-F1-1 /T0-F2-1 /T4-F0-1 /T4-F1-1 
/T5-F2-1 /T0-F1-1 /T0-F2-1 /T5-F1-1 /T0-F1-1 /T5-F2-1 /T4-T5-3 /T4-F1-1 /T6-F1-1 /T5-T4-4 
/D:1     /W-T0-1  /D:1     /W-F1-1  /D:1     /W-T0-1  /D:1     /W-F2-1  /W-F2-1  /T0-T6-4 
/T0-F2-1 /T3-F2-1 /T6-T0-5 /T6-F1-1 /D:1     /W-F3-1  /D:1     /W-F0-1  /T4-F0-1 /T0-F0-1 
/T4-F3-1 /T0-F3-1 /T4-F0-1 /T0-F0-1 /T4-F3-1 /T0-F3-1 /T4-F0-1 /T0-F0-1 /T4-F3-1 /T0-F3-1 
/T4-F0-1 
"
1010765,Q#LW#AbD#kUce#hEOop#IYXGuw#CymBszv#tVlxdSfaZNFqHrnKiRPTjJgM,140.000000,1500.000000,41.000000,0.628205,1,"
minimal: 0 / states: 128 / duration: 0.000139s
history:
/T6-T1-1 /T4-T0-1 /T2-T3-1 /T2-T0-1 /T2-F0-1 /T6-T2-1 /T3-T6-2 /T4-T3-1 /T3-T6-2 /T3-T1-1 
/T5-T3-1 /D:1     /W-T1-1  /D:1     /W-T3-1  /T5-T3-1 /D:1     /W-T2-1  /D:1     /W-T2-1  
/T1-T2-4 /T3-T1-4 /D:2     /W-T2-1  /D:1     /W-T5-1  /D:1     /W-F1-1  /T0-F1-1 /T4-T0-1 
/T4-T2-1 /T5-T4-2 /W-T2-1  /D:1     /W-T3-1  /T1-T3-5 /D:1     /W-F3-1  /T0-F3-1 /D:4     
/W-T4-1  /T0-T4-2 /D:1     /W-F2-1  /T6-F2-1 /T4-F2-1 /T6-F1-1 /T2-F1-1 /D:4     /W-F3-1  
/T4-F3-1 /W-F3-1  /D:1     /W-T3-1  /T6-T3-3 /T6-F0-1 /T6-T0-1 /T5-T6-1 /T6-T0-2 /T6-F0-1 
/T3-F0-1 /T2-F0-1 /T2-F3-1 /T3-F1-1 /D:2     /W-T0-1  /D:2     /W-T1-1  /T5-T1-1 /T4-T5-4 
/R       /D:1     /W-F0-1  /T5-T2-2 /T5-F0-1 /D:1     /W-F2-1  /T2-F2-1 /T2-F1-1 /T3-F2-1 
/T2-F2-1 /T3-F3-1 /T2-F3-1 /T3-F2-1 /T2-F2-1 /T3-F3-1 /T2-F3-1 /T3-F2-1 /T2-F2-1 /T0-T3-1 
/T0-F3-1 /T0-F2-1 /T1-F3-1 /T2-T1-1 /T2-F2-1 /T3-T0-3 /T3-F3-1 /D:1     /W-F0-1  /D:1     
/W-T1-1  /D:1     /W-T0-1  /D:1     /W-T1-1  /T5-T1-2 /D:1     /W-F1-1  /T1-F1-1 /T0-F1-1 
/T1-F0-1 /T0-F0-1 /T1-F1-1 /T0-F1-1 /T1-F0-1 /T0-F0-1 /T1-F1-1 /T0-F1-1 /T1-F0-1 
"
1010789,w#yj#klZ#ICda#QzDOX#xRvpcg#bsqVeMK#FLnENGHWJimSBuYhTPtAfUor,121.000000,2279.000000,38.000000,0.633803,1,"
minimal: 0 / states: 115 / duration: 0.000131s
history:
/T3-F1-1 /T1-T6-1 /T4-T1-1 /T0-T1-1 /T2-T0-1 /T6-T2-2 /T2-T6-3 /T1-T0-3 /T6-T1-4 /D:1     
/W-T5-1  /T6-T5-1 /T6-T0-1 /T6-T5-1 /D:2     /W-F2-1  /D:2     /W-F3-1  /T4-F3-1 /D:2     
/W-T0-1  /T5-T0-4 /T5-T0-1 /T5-T3-1 /T5-T1-1 /T4-T5-1 /T5-T6-2 /D:1     /W-T5-1  /D:1     
/W-T2-1  /D:1     /W-T2-1  /D:3     /W-T0-1  /D:1     /W-T2-1  /D:1     /W-T4-1  /T5-T4-2 
/T4-T5-4 /D:1     /W-T1-1  /D:1     /W-T2-1  /T6-T2-3 /T6-F1-1 /D:1     /W-F3-1  /T4-F3-1 
/D:1     /W-T1-1  /W-T1-1  /W-T4-1  /D:1     /W-F0-1  /T0-F0-1 /T0-F1-1 /D:3     /W-F2-1  
/T3-F2-1 /T0-F2-1 /T3-F1-1 /T3-F0-1 /T2-F0-1 /T0-F1-1 /T2-F3-1 /T1-F3-1 /W-T3-1  /W-F1-1  
/W-T3-1  /W-F0-1  /T0-F0-1 /T3-F0-1 /T0-F1-1 /T0-F0-1 /T1-T3-1 /T1-F1-1 /T2-T0-3 /T2-F1-1 
/T1-T5-1 /T1-F1-1 /T3-T5-2 /T3-F0-1 /T2-F0-1 /T1-F0-1 /T2-F1-1 /T1-F1-1 /T4-F1-1 /W-F0-1  
/T1-F0-1 /D:1     /W-F2-1  /T0-F2-1 /T0-F3-1 /T5-F2-1 /T0-F2-1 /T5-F3-1 /T0-F3-1 /T5-F2-1 
/T0-F2-1 /T5-F3-1 /T0-F3-1 /T5-F2-1 /T0-F2-1 /T5-F3-1 /T0-F3-1 /T5-F2-1 
"
1010801,H#lC#vxs#EtnN#mzTbe#hVROUi#KXjpduq#LckarSofywDGJFBQZWPYIAMg,102.500000,1246.000000,46.000000,0.600000,1,"
minimal: 0 / states: 130 / duration: 0.000147s
history:
/T3-F3-1 /T3-F2-1 /T6-T4-1 /T6-T5-1 /T4-T2-2 /T4-T1-1 /T2-T4-3 /T4-T0-4 /T1-T6-2 /T2-T1-1 
/T1-T4-2 /T4-T1-3 /D:1     /W-T4-1  /D:1     /W-T0-1  /D:1     /W-T4-1  /D:1     /W-F1-1  
/T6-F1-1 /T0-F1-1 /D:2     /W-T3-1  /W-T3-1  /T6-T3-2 /D:1     /W-F2-1  /T6-F2-1 /T6-T1-1 
/T0-F2-1 /T2-T1-1 /D:3     /W-T4-1  /T5-T4-2 /T5-T1-1 /T5-F3-1 /T3-T1-5 /T1-T3-2 /T1-F2-1 
/T3-T1-3 /D:1     /W-T0-1  /D:2     /W-T6-1  /D:4     /W-T2-1  /D:2     /W-F3-1  /D:3     
/W-F0-1  /D:1     /W-T3-1  /D:1     /W-T4-1  /R       /D:2     /W-T2-1  /T6-T2-2 /D:2     
/W-T4-1  /T5-T4-1 /T5-T2-1 /W-T5-1  /W-T5-1  /T0-T2-5 /D:1     /W-F0-1  /T1-F0-1 /T1-F1-1 
/T2-F0-1 /T2-F1-1 /T1-F0-1 /T5-F1-1 /T2-F2-1 /T1-T5-1 /T1-F2-1 /T4-T2-2 /T4-F1-1 /T4-F2-1 
/T5-T1-2 /T5-F1-1 /T4-F1-1 /D:1     /W-F3-1  /T2-F3-1 /T1-F3-1 /T2-F0-1 /T1-F0-1 /T2-F3-1 
/T1-F3-1 /T1-F2-1 /T2-F0-1 /T2-F3-1 /T4-F2-1 /T1-F1-1 /T1-F2-1 /T4-F1-1 /T1-F1-1 /T2-T4-2 
/T2-F2-1 /T1-F2-1 /T4-T2-3 /T4-F1-1 /D:1     /W-F3-1  /D:1     /W-T3-1  /T6-T3-1 /D:1     
/W-F0-1  /T2-F0-1 /T2-F3-1 /T3-F0-1 /T2-F0-1 /T3-F3-1 /T2-F3-1 /T3-F0-1 
"
1010832,c#GN#HjC#MfkX#hEtvn#ywbpDU#KOlZTSJ#QBadIVPLYxieoFAqWugRrszm,110.000000,1602.000000,43.000000,0.645570,1,"
minimal: 0 / states: 121 / duration: 0.000133s
history:
/T1-F3-1 /T4-F2-1 /T6-T3-1 /T5-T4-1 /T6-T1-1 /T0-T5-1 /T1-T4-2 /D:2     /W-T5-1  /D:1     
/W-F1-1  /D:3     /W-T3-1  /D:7     /W-F2-1  /D:1     /W-T6-1  /W-T6-1  /T5-T6-3 /T5-F2-1 
/T5-F1-1 /W-T5-1  /D:1     /W-F0-1  /T6-F0-1 /T6-F1-1 /T2-F0-1 /T4-T2-4 /T6-F0-1 /D:1     
/W-F2-1  /D:2     /W-T3-1  /T6-T3-3 /T6-T0-1 /D:3     /W-F2-1  /D:1     /W-F2-1  /T4-F2-1 
/T4-F0-1 /D:1     /W-T1-1  /T6-T1-1 /T6-F3-1 /T2-T6-5 /T3-T2-3 /T3-F2-1 /T2-T3-4 /T6-T1-6 
/D:1     /W-T2-1  /R       /D:2     /W-F1-1  /T3-F1-1 /T3-F0-1 /D:2     /W-F3-1  /D:1     
/W-T0-1  /T3-T0-5 /T5-T3-2 /T3-T5-3 /T3-F1-1 /T5-T2-4 /D:1     /W-T3-1  /D:1     /W-T3-1  
/D:1     /W-T3-1  /W-T3-1  /W-F3-1  /T1-T3-3 /T1-F2-1 /D:1     /W-F1-1  /T4-F1-1 /T2-F1-1 
/T1-F1-1 /T2-F2-1 /T2-F1-1 /T3-T1-5 /T3-F2-1 /T2-F2-1 /T1-T3-6 /T1-F1-1 /T1-F2-1 /T2-F1-1 
/D:1     /W-F3-1  /T3-F3-1 /T0-F3-1 /T3-F0-1 /T0-F0-1 /T3-F3-1 /T0-F3-1 /T3-F0-1 /T0-F0-1 
/T3-F3-1 /T0-F3-1 /T3-F0-1 /T0-F0-1 /T3-F3-1 /T0-F3-1 /T3-F0-1 
"
1010843,E#aY#ziy#FxWo#tSfGH#DqQhRM#cJsdBNb#pTIOjngwZeVkKUCLmXvurPlA,138.500000,1602.000000,52.000000,0.588235,1,"
minimal: 0 / states: 122 / duration: 0.000137s
history:
/T1-T5-1 /T1-F1-1 /T6-F1-1 /T6-F3-1 /T5-T1-2 /D:2     /W-T4-1  /D:2     /W-F3-1  /D:2     
/W-F2-1  /T3-F2-1 /D:6     /W-T2-1  /D:1     /W-T1-1  /T3-T1-1 /D:6     /W-T1-1  /D:3     
/W-F3-1  /D:2     /W-F0-1  /T6-F0-1 /T6-T0-1 /T5-T6-1 /T5-T1-1 /T5-F3-1 /T6-T4-2 /T5-T4-1 
/T6-T2-1 /T6-F1-1 /T0-F1-1 /R       /D:1     /W-F2-1  /T4-F2-1 /T4-F3-1 /D:2     /W-T3-1  
/W-T3-1  /D:3     /W-T6-1  /T2-T6-3 /T4-T2-3 /T4-T1-1 /T4-T1-1 /T4-F3-1 /T2-T6-4 /T0-T1-1 
/D:1     /W-F1-1  /D:2     /W-T3-1  /T4-T3-1 /D:1     /W-F0-1  /T5-F0-1 /T1-F0-1 /T1-F1-1 
/D:2     /W-T0-1  /W-T0-1  /D:1     /W-T0-1  /D:2     /W-F2-1  /T6-F2-1 /T3-F2-1 /T6-F3-1 
/T3-F3-1 /W-F2-1  /W-F3-1  /T1-T3-2 /T1-F2-1 /T1-F3-1 /T0-F3-1 /W-F2-1  /T3-T1-4 /T3-F2-1 
/T3-F0-1 /T1-F0-1 /W-F1-1  /T1-F1-1 /T6-F0-1 /T1-F0-1 /T6-F1-1 /T1-F1-1 /T6-F0-1 /T1-F0-1 
/T1-F3-1 /T6-F1-1 /T0-F0-1 /T6-F2-1 /T6-F3-1 /T1-F0-1 /T2-F2-1 /D:1     /W-F1-1  /T0-F1-1 
"
1010866,G#Rd#UjS#ZwyV#WJOAh#iHuKns#mrFBgvN#ofCYklxXaqtPzELDpeQbMITc,121.000000,1990.000000,50.000000,0.673684,1,"
minimal: 0 / states: 118 / duration: 0.000156s
history:
/T6-F3-1 /T4-T6-1 /T4-F0-1 /T4-F3-1 /T3-T4-1 /T2-T0-1 /T6-T2-2 /T5-T6-1 /T5-F2-1 /T2-T5-3 
/T0-T2-2 /D:1     /W-F2-1  /D:2     /W-T1-1  /D:2     /W-T3-1  /T4-T3-2 /D:4     /W-F1-1  
/D:2     /W-T5-1  /D:1     /W-F3-1  /D:1     /W-T0-1  /D:1     /W-T2-1  /T1-T2-2 /W-T1-1  
/T1-T6-2 /D:3     /W-F2-1  /T6-F2-1 /W-T6-1  /D:2     /W-F3-1  /D:1     /W-F1-1  /D:1     
/W-T1-1  /D:1     /W-T4-1  /T2-T4-6 /D:2     /W-F1-1  /R       /D:1     /W-T5-1  /D:1     
/W-T0-1  /T5-T0-6 /T6-T5-4 /T6-F0-1 /T4-F0-1 /T4-F1-1 /T5-F0-1 /T4-F0-1 /T5-F3-1 /T6-F0-1 
/T6-F2-1 /T4-F3-1 /T3-T6-4 /T5-T6-3 /T4-F0-1 /T5-F0-1 /T6-F2-1 /T5-T3-1 /D:1     /W-T1-1  
/D:1     /W-T1-1  /T4-T1-3 /D:3     /W-F1-1  /T0-F1-1 /T0-F2-1 /T6-F1-1 /T0-F1-1 /T3-F1-1 
/T6-F2-1 /T0-F2-1 /T3-F2-1 /T0-F1-1 /T1-T0-3 /T1-F2-1 /W-T3-1  /T6-T3-3 /T6-F2-1 /D:1     
/W-F3-1  /T0-F3-1 /T0-F0-1 /T3-F3-1 /T0-F3-1 /T3-F0-1 /T0-F0-1 /T3-F1-1 /T1-F1-1 /W-F3-1  
/T0-F3-1 /T0-F2-1 /T3-F0-1 /T1-F0-1 /T3-F3-1 /T6-F1-1 
"
1010879,A#jK#Rhz#dymV#FTULr#BZnJwl#GOpNaCf#XbugQkxWEHMsvDScIeotPqiY,129.500000,3321.000000,51.000000,0.566667,1,"
minimal: 0 / states: 121 / duration: 0.000140s
history:
/T0-F0-1 /T5-T2-1 /T4-T6-1 /T3-T5-1 /T4-T3-1 /T2-T0-2 /T1-T0-1 /T1-T0-1 /T3-T1-2 /D:1     
/W-T1-1  /T5-T1-2 /D:2     /W-T1-1  /D:1     /W-T1-1  /D:1     /W-T6-1  /D:1     /W-T3-1  
/T5-T3-1 /T5-F2-1 /T3-T5-3 /D:6     /W-T1-1  /D:1     /W-T0-1  /T4-T0-1 /D:5     /W-T1-1  
/D:1     /W-F2-1  /D:1     /W-T0-1  /T6-T0-3 /T6-T0-1 /T6-F1-1 /T6-F3-1 /T6-F2-1 /T6-F3-1 
/T6-T2-1 /T5-T6-4 /T5-F0-1 /T0-F0-1 /D:1     /W-F3-1  /T0-F3-1 /T3-T0-1 /D:1     /W-F2-1  
/D:1     /W-T6-1  /D:1     /R       /D:1     /W-F1-1  /D:4     /W-T6-1  /T4-T6-1 /T4-T6-1 
/D:1     /W-T3-1  /D:1     /W-F0-1  /W-F0-1  /T6-F0-1 /T2-F0-1 /D:2     /W-F1-1  /T0-F1-1 
/T0-F2-1 /T1-F1-1 /T0-F1-1 /T1-F2-1 /T1-F1-1 /T2-F1-1 /T2-F3-1 /W-F3-1  /T0-F2-1 /T6-F3-1 
/T0-F3-1 /T1-F2-1 /T0-F2-1 /T6-F0-1 /T1-F3-1 /T6-F1-1 /T1-F2-1 /T0-F1-1 /W-F3-1  /W-F2-1  
/T1-F3-1 /T6-T1-2 /T6-F2-1 /T0-T3-2 /T0-F2-1 /D:1     /W-F0-1  /T1-F0-1 /T1-F1-1 /T3-F0-1 
/T1-F0-1 /T3-F1-1 /T1-F1-1 /T3-F0-1 /D:1     /W-F3-1  /T6-F3-1 
"
1010882,Y#iK#kAX#ebgm#LctWB#dfFGpU#hrjCSwJ#oMZERyIauvHxszlQOTDqVNnP,122.000000,3160.000000,52.000000,0.585366,1,"
minimal: 0 / states: 126 / duration: 0.000135s
history:
/T6-T2-1 /T1-T0-1 /T1-T2-1 /T3-T1-1 /D:6     /W-T1-1  /T2-T1-3 /T2-F0-1 /T4-F0-1 /T6-T2-1 
/T4-T0-1 /T6-T4-1 /T6-F0-1 /T4-T5-2 /D:1     /W-T0-1  /T5-T0-3 /D:1     /W-F1-1  /D:1     
/W-T1-1  /T3-T1-1 /T3-F1-1 /T4-F1-1 /T2-T4-2 /D:1     /W-T6-1  /D:3     /W-T1-1  /T3-T1-1 
/D:1     /W-T2-1  /T0-T2-7 /D:3     /W-T5-1  /D:2     /W-F0-1  /D:1     /W-T1-1  /D:1     
/W-T4-1  /D:1     /W-F3-1  /T5-F3-1 /D:1     /W-F2-1  /D:1     /W-F3-1  /R       /D:1     
/W-F2-1  /T5-F2-1 /T1-F2-1 /D:1     /W-T0-1  /D:1     /W-T3-1  /T4-T3-4 /D:1     /W-F0-1  
/D:2     /W-T3-1  /D:2     /W-T0-1  /W-T0-1  /T6-T0-2 /T6-F2-1 /T5-T6-1 /T5-F0-1 /T5-T6-1 
/T5-F1-1 /T1-F1-1 /T6-F1-1 /T1-F2-1 /T1-F1-1 /T6-F0-1 /T3-F0-1 /T6-F1-1 /T1-T3-1 /T1-F1-1 
/T2-T0-3 /T2-F0-1 /T1-F0-1 /T0-T2-4 /T0-F1-1 /T2-T0-5 /T2-F0-1 /T3-T1-3 /T3-F1-1 /T3-F0-1 
/T0-T2-6 /T0-F1-1 /T0-F0-1 /T1-T3-5 /T1-F1-1 /D:1     /W-F3-1  /W-F3-1  /T2-F3-1 /T2-F2-1 
/T3-F2-1 /D:1     /W-F3-1  /T2-F3-1 /T2-F2-1 /T3-F3-1 /T2-F3-1 /T3-F2-1 /T2-F2-1 /T3-F3-1 
/T2-F3-1 /T3-F2-1 /T2-F2-1 /T3-F3-1 
"
1010890,n#wx#sqE#dvrG#bhMOl#kSWUDi#uyepIaz#mXjCFVtfQAHYoKJTBRNPcZLg,128.000000,858.000000,37.000000,0.638889,1,"
minimal: 0 / states: 120 / duration: 0.000135s
history:
/T0-F2-1 /T6-T0-1 /T6-F1-1 /T4-T0-1 /T1-T0-1 /T5-T1-1 /D:3     /W-T0-1  /T6-T0-1 /T4-T6-1 
/D:5     /W-T3-1  /T2-T3-1 /D:1     /W-T3-1  /T6-T3-2 /T5-T6-1 /T3-T5-6 /T5-T0-7 /D:1     
/W-F0-1  /D:1     /W-T1-1  /D:1     /W-T4-1  /D:1     /W-F2-1  /D:1     /W-T4-1  /T5-T4-1 
/T3-T5-1 /T3-T4-1 /T3-T5-1 /T4-T3-5 /T4-T3-1 /T4-F1-1 /W-T3-1  /T5-T3-3 /T1-T5-3 /D:2     
/W-T5-1  /D:1     /W-F0-1  /D:2     /W-F3-1  /T0-F3-1 /T0-F2-1 /T2-F2-1 /T6-T2-2 /T2-T5-3 
/T5-T6-8 /D:1     /W-F3-1  /T0-F3-1 /W-F3-1  /T3-T0-1 /T3-F2-1 /T3-F3-1 /D:1     /W-F1-1  
/T0-F1-1 /D:1     /W-T1-1  /T6-T1-9 /D:2     /W-T6-1  /T1-T6-3 /T1-F3-1 /R       /D:1     
/W-T2-1  /D:2     /W-F0-1  /T6-F0-1 /T0-F0-1 /T6-F1-1 /T0-F1-1 /T6-F2-1 /T3-F2-1 /T6-F1-1 
/T6-F2-1 /T3-F1-1 /T3-F2-1 /D:1     /W-F0-1  /T0-F0-1 /T0-F3-1 /T1-F0-1 /T0-F0-1 /T1-F1-1 
/T0-F1-1 /T1-F2-1 /T0-F2-1 /T1-F1-1 /T0-F1-1 /T1-F2-1 /T0-F2-1 /T2-F1-1 /D:1     /W-F3-1  
/T3-F3-1 /W-F3-1  /D:1     /W-F0-1  /T3-F0-1 /T3-F3-1 /T1-F3-1 /D:1     /W-F0-1  /T3-F0-1 
"
1010933,z#Ln#KNk#VuAe#rbJtx#fMpoOj#yTdGUQi#IXgCWPBZvwHEaSFclYRmqsDh,170.000000,4101.000000,55.000000,0.584211,1,"
minimal: 0 / states: 124 / duration: 0.000226s
history:
/T1-F2-1  /T5-T4-1  /T2-T1-1  /T2-F3-1  /T5-F3-1  /T5-F2-1  /T5-F2-1  /D:1      /W-T4-1   /D:4      
/W-T2-1   /D:1      /W-F3-1   /D:3      /W-T2-1   /D:1      /W-T1-1   /T6-T1-1  /T6-F3-1  /T6-T2-1  
/T6-T2-1  /D:1      /W-T1-1   /D:2      /W-F1-1   /D:1      /W-T2-1   /W-T2-1   /T6-T2-1  /T6-T1-1  
/D:1      /W-T1-1   /T3-T1-1  /T3-F0-1  /D:2      /W-T0-1   /T4-T0-3  /D:1      /W-T5-1   /T2-T5-8  
/T5-T2-10 /T5-T4-1  /D:1      /W-F3-1   /T2-T4-2  /T2-F3-1  /D:1      /W-T5-1   /T1-T5-8  /D:1      
/W-F2-1   /D:2      /W-T5-1   /D:1      /W-T0-1   /T4-T0-4  /R        /D:1      /W-T6-1   /T4-T6-1  
/T4-F1-1  /T4-F2-1  /D:1      /W-T3-1   /T5-T3-3  /T5-F3-1  /D:1      /W-T0-1   /D:1      /W-F0-1   
/T0-F0-1  /T3-F0-1  /D:1      /W-T1-1   /T6-T1-3  /D:1      /W-F1-1   /T0-F1-1  /T0-F0-1  /T3-F1-1  
/T0-F1-1  /T3-F0-1  /T2-F0-1  /T2-F3-1  /T3-F1-1  /T5-F0-1  /T3-T5-1  /T3-F3-1  /T0-T2-2  /T0-F0-1  
/T1-F0-1  /T2-T0-3  /T2-F3-1  /T1-F3-1  /T2-F0-1  /T2-F3-1  /T5-T1-4  /T5-F0-1  /T2-F0-1  /T1-T5-5  
/T1-F3-1  /D:1      /W-F2-1   /T0-F2-1  /T0-F1-1  /T5-F2-1  /T0-F2-1  /T5-F1-1  /T0-F1-1  /T5-F2-1  
/T0-F2-1  /T5-F1-1  /T0-F1-1  /T5-F2-1  /T0-F2-1  /T5-F1-1  
"
1010935,U#wI#KpZ#TLVG#Rkvnf#iszXQy#WcHajOC#AgDEBtMJreluPmobFYqhxSdN,63.500000,385.000000,27.000000,0.826923,1,"
minimal: 0 / states: 118 / duration: 0.000142s
history:
/T5-T2-1 /T6-T5-1 /T6-T5-1 /T4-T3-1 /T4-F2-1 /T3-T0-2 /T4-T6-1 /T4-T2-1 /T0-T1-3 /T2-T0-3 
/D:1     /W-F0-1  /D:2     /W-T4-1  /D:1     /W-T1-1  /T5-T1-3 /D:1     /W-F0-1  /T1-T2-1 
/T1-F0-1 /T2-T1-2 /T6-T2-2 /T6-F1-1 /T6-T3-1 /T6-T4-1 /T1-T6-8 /T3-T1-2 /T5-T3-1 /T1-T0-3 
/T5-T1-1 /W-T0-1  /T5-T0-1 /T4-T0-3 /D:2     /W-T4-1  /D:1     /W-T3-1  /T5-T3-1 /D:3     
/W-T1-1  /T2-T1-3 /D:1     /W-T3-1  /D:2     /W-T2-1  /T3-T2-5 /T3-T2-1 /D:1     /W-F2-1  
/D:1     /W-F1-1  /T0-F1-1 /T0-F0-1 /D:1     /W-T2-1  /D:1     /W-T4-1  /D:1     /W-T0-1  
/W-T0-1  /W-T2-1  /D:1     /W-T1-1  /D:1     /W-T4-1  /T6-T4-9 /D:2     /W-F1-1  /T2-F1-1 
/D:1     /W-F3-1  /T4-F3-1 /T0-F3-1 /T4-F2-1 /T0-F2-1 /T4-F3-1 /T0-F3-1 /T4-F0-1 /T2-F0-1 
/T4-F1-1 /T4-F0-1 /W-F3-1  /W-F2-1  /T0-F2-1 /T0-F1-1 /T2-F3-1 /T0-F0-1 /W-F2-1  /T1-F1-1 
/T2-F2-1 /T2-F1-1 /T4-F3-1 /T0-F3-1 /T1-F2-1 /T0-F2-1 /T4-F0-1 /T1-F1-1 /T2-F0-1 /T0-F1-1 
/T4-F3-1 /T1-F0-1 /T2-F3-1 /T2-F0-1 /T4-F2-1 /T0-F2-1 /T1-F1-1 /T2-F1-1 /T4-F3-1 /T0-F3-1 
/T1-F2-1 /T4-F0-1 
"
1010959,q#hA#TfC#OUQJ#jgYaN#DBdIcx#zusrmMP#GFvXRHnZVpSbwyeWLoliktKE,112.500000,1047.000000,39.000000,0.673611,1,"
minimal: 0 / states: 117 / duration: 0.000133s
history:
/T1-F0-1 /T4-F3-1 /T4-F1-1 /T6-T0-1 /T5-T4-1 /T4-T6-2 /D:1     /W-T1-1  /D:1     /W-T4-1  
/D:3     /W-T4-1  /T0-T4-2 /T6-T0-3 /D:2     /W-F2-1  /D:2     /W-T3-1  /D:2     /W-T1-1  
/D:1     /W-F1-1  /T5-F1-1 /T1-T5-3 /T6-T1-1 /T6-T5-1 /D:2     /W-T1-1  /D:1     /W-T6-1  
/D:1     /W-T0-1  /T5-T0-5 /T5-F1-1 /T5-F0-1 /T2-F0-1 /T5-F0-1 /T6-F1-1 /T2-F1-1 /T6-T2-1 
/T4-T6-5 /T6-T3-6 /D:2     /W-F2-1  /D:1     /W-T6-1  /D:2     /W-T1-1  /T3-T1-8 /T3-T0-1 
/D:1     /W-T3-1  /D:1     /W-T6-1  /T4-T6-1 /D:1     /W-F0-1  /T1-T2-3 /T1-F0-1 /T1-F1-1 
/T0-T3-3 /T0-F0-1 /T0-F1-1 /T3-T0-5 /T3-F3-1 /T2-F3-1 /T0-F3-1 /W-F1-1  /T6-F1-1 /T2-T1-4 
/R       /D:3     /W-F0-1  /D:1     /W-T2-1  /D:1     /W-F2-1  /T1-F2-1 /T0-F2-1 /T1-F3-1 
/T0-F3-1 /T1-F2-1 /T0-F2-1 /T1-F3-1 /T0-F3-1 /T0-F0-1 /T1-F2-1 /T1-F3-1 /T1-F0-1 /T0-F3-1 
/T6-F0-1 /T1-F1-1 /T6-F1-1 /W-F3-1  /W-F2-1  /T1-T2-1 /T1-F1-1 /D:1     /W-F2-1  /T0-F2-1 
/T0-F3-1 /T2-F2-1 /T6-F2-1 /T2-F3-1 /D:1     /W-F0-1  /T0-F0-1 
"
1010962,x#CE#IjW#eAgo#GQbPv#upzNdk#HVwiyMh#OfaUtXqsYJZmnclrRBSFDLTK,171.500000,2451.000000,54.000000,0.575000,1,"
minimal: 0 / states: 130 / duration: 0.000157s
history:
/T6-T4-1 /T4-T2-2 /T3-T4-1 /T2-T0-3 /D:3     /W-F1-1  /D:2     /W-T0-1  /D:3     /W-T3-1  
/D:1     /W-T6-1  /T0-T6-5 /T6-T0-7 /T5-T6-1 /T5-T1-1 /T5-F3-1 /D:1     /W-T6-1  /D:3     
/W-F2-1  /T4-F2-1 /D:2     /W-T5-1  /D:2     /W-T3-1  /D:1     /W-T4-1  /D:1     /W-T0-1  
/T1-T0-2 /T1-T0-1 /T5-T1-2 /T5-F2-1 /T3-T5-3 /T3-F0-1 /T4-F0-1 /T0-F0-1 /D:2     /W-T3-1  
/T4-T3-1 /T4-F1-1 /D:3     /W-T1-1  /T2-T1-1 /T2-T1-1 /R       /D:1     /W-F3-1  /T3-F3-1 
/T4-F3-1 /T3-F0-1 /T5-F3-1 /T3-T5-1 /D:1     /W-T4-1  /T0-T4-2 /T0-F3-1 /D:1     /W-T1-1  
/T4-T1-4 /D:2     /W-F2-1  /D:1     /W-T2-1  /T6-T2-3 /T6-T2-1 /T5-T2-4 /D:1     /W-T3-1  
/D:1     /W-F1-1  /T1-F1-1 /T1-F0-1 /T2-F1-1 /T1-F1-1 /D:1     /W-F2-1  /T2-F2-1 /T0-F2-1 
/T2-F1-1 /T0-F1-1 /T2-F2-1 /T0-F2-1 /T6-F2-1 /T2-F1-1 /T6-T2-1 /T1-T0-3 /T1-F1-1 /T0-T1-4 
/T0-F2-1 /T6-T2-1 /D:1     /W-F0-1  /T1-F0-1 /T2-F0-1 /D:1     /W-T3-1  /T2-T3-3 /T2-F2-1 
/D:1     /W-F3-1  /T1-F3-1 /T1-F0-1 /T3-F3-1 /T1-F3-1 /T3-F0-1 /T1-F0-1 /T3-F1-1 /T1-F1-1 
/W-F3-1  /T0-F3-1 /T1-F2-1 /T3-F0-1 /T0-F0-1 /T2-F3-1 /T3-F1-1 
"
1010968,B#jU#JHw#hbAV#xstnk#rGYEiq#gXFzuNI#QySpfdLmTocvROZelCaPMDKW,160.000000,3539.000000,52.000000,0.578431,1,"
minimal: 0 / states: 126 / duration: 0.000151s
history:
/T3-T2-1 /T3-F0-1 /T0-F0-1 /T2-T4-2 /T1-T6-1 /T6-T1-2 /T6-F3-1 /T6-T4-1 /T6-T0-1 /D:9     
/W-T2-1  /T6-T2-1 /D:2     /W-T5-1  /W-T5-1  /D:2     /W-T2-1  /T5-T2-3 /T2-T5-7 /T5-T2-8 
/T2-T6-9 /D:1     /W-F3-1  /D:1     /W-T2-1  /D:2     /W-T0-1  /D:1     /W-F0-1  /D:1     
/W-F1-1  /T3-F1-1 /D:1     /W-F3-1  /D:2     /W-F0-1  /T5-F0-1 /D:1     /W-T0-1  /T1-T0-3 
/W-T1-1  /T5-T1-1 /T5-T0-1 /D:1     /R       /D:1     /W-F3-1  /D:1     /W-T2-1  /T4-T2-4 
/T4-F2-1 /T6-F2-1 /T6-F1-1 /T4-T3-1 /T6-T4-2 /T6-F0-1 /T4-T6-3 /T0-F0-1 /T6-T2-4 /T6-F0-1 
/T4-T1-1 /D:1     /W-T3-1  /T5-T3-1 /D:1     /W-F2-1  /T2-F2-1 /T2-F3-1 /T3-F2-1 /T3-F3-1 
/T2-F2-1 /T2-F3-1 /T0-F3-1 /T0-F0-1 /T3-F2-1 /T2-F2-1 /T2-F3-1 /T6-T2-1 /T6-F0-1 /T0-T1-1 
/T0-F0-1 /D:2     /W-F1-1  /D:1     /W-F0-1  /D:1     /W-T4-1  /F0-T4-1 /T6-T4-1 /D:1     
/W-F2-1  /D:1     /W-F1-1  /W-F1-1  /T6-F1-1 /T3-F1-1 /T2-F1-1 /T1-F1-1 /T2-F2-1 /T2-F1-1 
/T0-F1-1 /T1-F2-1 /T2-F2-1 /T0-F2-1 /T4-T2-2 /T4-F1-1 /D:1     /W-F3-1  /T2-F3-1 /T1-F3-1 
/T2-F0-1 /T1-F0-1 /T2-F3-1 
"
1010975,t#Tn#Ssa#HVdA#BQYLi#GDXpjc#fwkRPEJ#CUeWxOKbZholuyqMzIrFvmNg,132.000000,1528.000000,36.000000,0.714286,1,"
minimal: 0 / states: 115 / duration: 0.000147s
history:
/T1-F2-1 /T2-F1-1 /T3-F0-1 /T4-T6-1 /T2-T1-1 /T2-T0-1 /D:1     /W-T3-1  /D:2     /W-T1-1  
/D:3     /W-T3-1  /D:2     /W-F1-1  /T5-F1-1 /D:1     /W-T2-1  /T4-T2-1 /W-T4-1  /T5-T4-1 
/D:2     /W-F2-1  /T5-F2-1 /T6-T5-2 /T6-T0-1 /T3-T0-3 /T5-T2-3 /T6-T5-1 /T5-T1-2 /D:2     
/W-T2-1  /T1-T2-5 /D:2     /W-F2-1  /D:1     /W-T1-1  /T4-T1-3 /T0-T4-2 /T0-F1-1 /T4-T0-3 
/T4-F0-1 /T2-T6-2 /T2-F1-1 /T6-T2-3 /D:1     /W-T4-1  /D:1     /W-T1-1  /D:1     /W-F2-1  
/D:4     /W-F3-1  /T0-F3-1 /T0-F0-1 /T2-F3-1 /T0-F3-1 /T2-F0-1 /T0-F0-1 /T2-F3-1 /T0-F3-1 
/T2-F2-1 /T0-F2-1 /T2-F3-1 /T2-F2-1 /W-T0-1  /W-F2-1  /W-F0-1  /W-T0-1  /T6-T0-1 /T6-F2-1 
/T6-F1-1 /T5-F0-1 /F2-T0-1 /T3-T0-1 /T3-F0-1 /T1-F0-1 /W-T4-1  /D:1     /W-F1-1  /W-F1-1  
/T2-F1-1 /T1-F1-1 /T2-F0-1 /T1-F0-1 /T0-T2-2 /T0-F1-1 /T4-F1-1 /T2-T0-3 /T2-F0-1 /T0-T2-4 
/T0-F1-1 /T1-T4-1 /T1-F0-1 /W-T4-1  /W-T4-1  /W-F3-1  /T2-F3-1 /T2-F2-1 /T4-F3-1 /T2-F3-1 
/T4-F2-1 /T2-F2-1 /T4-F3-1 /T2-F3-1 /T4-F2-1 
"
1010980,b#gN#YIh#SHna#XDMBq#kirpRz#mKloLCA#VFvWyPJjsfQwdUetxTucGOZE,126.000000,1367.000000,53.000000,0.588542,1,"
minimal: 0 / states: 119 / duration: 0.000135s
history:
/T1-F3-1 /T3-F1-1 /T0-F1-1 /T3-F2-1 /T6-F0-1 /T5-T0-1 /T4-T5-1 /T4-F0-1 /T6-F0-1 /T1-T3-1 
/T4-T1-1 /T4-F0-1 /T4-T6-1 /D:2     /W-T3-1  /T5-T3-2 /D:4     /W-T3-1  /D:1     /W-T6-1  
/D:9     /W-T2-1  /D:4     /W-F1-1  /D:2     /W-F3-1  /T3-F3-1 /D:1     /W-T4-1  /T6-T4-3 
/T6-F2-1 /T5-F2-1 /T3-F2-1 /T5-F2-1 /T6-T0-1 /T3-T5-4 /T5-T4-5 /T6-T0-1 /T3-T2-1 /D:1     
/W-F0-1  /R       /D:3     /W-T0-1  /W-T0-1  /T2-T0-3 /D:1     /W-T6-1  /T5-T6-1 /D:2     
/W-F2-1  /D:2     /W-F3-1  /T4-F3-1 /T0-F3-1 /T0-F2-1 /T4-F0-1 /D:1     /W-T6-1  /D:1     
/W-F1-1  /D:1     /W-T2-1  /D:1     /W-F1-1  /W-F1-1  /T4-F1-1 /T0-F1-1 /D:2     /W-F3-1  
/T2-F3-1 /D:1     /W-F2-1  /T0-F2-1 /T2-T0-1 /T6-F2-1 /W-F2-1  /T2-T1-1 /D:1     /W-F0-1  
/T4-F0-1 /T0-F0-1 /T4-F1-1 /W-F1-1  /W-F3-1  /T0-F3-1 /T4-F0-1 /T0-F0-1 /T4-F3-1 /T1-F3-1 
/T6-F1-1 /T0-F1-1 /T4-F0-1 /T1-F0-1 /T6-F2-1 /T0-F2-1 /T4-F3-1 /T6-F1-1 
"
1010991,o#PY#dua#rgmA#UbDIB#WeFOMn#iHhVkql#sESQcJCTKGjZfypLtXwNvxRz,138.500000,1349.000000,46.000000,0.729885,1,"
minimal: 0 / states: 106 / duration: 0.000182s
history:
/T2-F1-1 /T3-F0-1 /T4-F0-1 /T5-F2-1 /T0-F2-1 /T6-T5-1 /T5-T0-2 /D:5     /W-T6-1  /D:2     
/W-F0-1  /D:1     /W-T2-1  /D:1     /W-T0-1  /D:2     /W-T0-1  /T4-T0-1 /T4-F0-1 /T4-F1-1 
/T6-F1-1 /T4-T0-1 /T3-T4-1 /W-T0-1  /D:2     /W-T0-1  /D:1     /W-T4-1  /D:1     /W-F2-1  
/T6-F2-1 /T6-T4-1 /T2-T6-2 /T2-F1-1 /W-T2-1  /W-T4-1  /T6-T4-3 /D:1     /W-T2-1  /D:1     
/W-T6-1  /D:1     /W-T2-1  /D:1     /W-T2-1  /D:1     /W-F3-1  /T5-F3-1 /T5-T3-1 /T5-F1-1 
/T0-F1-1 /T3-T4-1 /T3-F1-1 /T3-F2-1 /D:1     /W-T5-1  /T6-T5-2 /D:1     /W-T1-1  /T5-T1-4 
/D:1     /W-T4-1  /D:1     /W-T3-1  /T1-T3-6 /T1-F3-1 /W-F3-1  /T4-F3-1 /W-F3-1  /W-F0-1  
/T4-F0-1 /T0-F0-1 /W-F2-1  /T3-F2-1 /T3-F1-1 /T4-F3-1 /T0-F3-1 /T4-F2-1 /T3-F2-1 /T6-F0-1 
/T0-F0-1 /T4-F3-1 /T3-F3-1 /T6-F1-1 /T0-F1-1 /T2-F2-1 /T3-F2-1 /T4-F0-1 /T0-F0-1 /T2-F3-1 
/T3-F3-1 /T4-F1-1 /T0-F1-1 /T2-F0-1 /T0-F0-1 /T4-F2-1 /T2-F3-1 /T3-F2-1 /T4-F1-1 
"
1011016,U#hC#SHo#xXLr#weEbB#mTafYJ#iWQZOnN#gMvkulIDjVpAPzFsctqyGdRK,106.000000,1334.000000,42.000000,0.654930,1,"
minimal: 0 / states: 126 / duration: 0.000141s
history:
/T6-F3-1 /T6-F2-1 /T2-F2-1 /T6-F3-1 /D:1     /W-T2-1  /D:9     /W-T5-1  /T2-T5-2 /T3-T2-1 
/T3-T6-1 /T5-T3-4 /T3-T6-5 /T3-T5-1 /T6-T3-7 /T6-T2-1 /T1-T2-1 /T6-T5-1 /D:1     /W-F2-1  
/D:1     /W-F0-1  /T4-F0-1 /T4-T2-1 /D:1     /W-F3-1  /D:2     /W-T3-1  /D:3     /W-T0-1  
/T2-T0-5 /D:1     /W-F2-1  /T0-T4-3 /T0-F2-1 /T4-T0-4 /T4-T3-1 /T6-T4-1 /D:2     /W-T1-1  
/D:3     /R       /D:1     /W-T2-1  /T5-T2-3 /T5-T1-1 /T5-F1-1 /T0-F1-1 /T0-F0-1 /T0-F3-1 
/D:1     /W-T2-1  /T0-T2-4 /D:2     /W-T4-1  /T5-T4-1 /D:3     /W-F0-1  /T2-F0-1 /D:2     
/W-T0-1  /D:1     /W-F2-1  /D:1     /W-F1-1  /D:1     /W-T5-1  /D:1     /W-F1-1  /T3-F1-1 
/T1-F1-1 /T3-F0-1 /T3-F1-1 /T1-F0-1 /T1-F1-1 /T3-F0-1 /T4-T3-2 /T4-F1-1 /W-F1-1  /W-F0-1  
/T3-T4-3 /T3-F0-1 /W-T0-1  /W-F1-1  /T0-F1-1 /T4-T3-4 /D:1     /W-F3-1  /T2-F3-1 /T2-F2-1 
/T3-F3-1 /T2-F3-1 /T3-F2-1 /T2-F2-1 /T3-F3-1 /T2-F3-1 /T3-F2-1 /T2-F2-1 /T3-F3-1 /T5-F2-1 
/T0-F2-1 /T2-F3-1 /T5-F1-1 /D:1     /W-F0-1  /T3-F0-1 /T2-F0-1 /T3-F3-1 
"
1011020,F#SX#Hjt#PDAT#mREGW#cfzphM#vqNbnwI#ygQYseaKOLrVkduUxCZloBJi,111.500000,1101.000000,39.000000,0.660000,1,"
minimal: 0 / states: 124 / duration: 0.000143s
history:
/T6-T4-1 /T6-T1-1 /T6-F2-1 /T0-T3-1 /T5-T0-1 /T5-T4-1 /T6-T5-1 /T6-F3-1 /T2-T4-1 /D:4     
/W-T0-1  /D:2     /W-T3-1  /T6-T3-1 /T6-T2-1 /D:1     /W-F1-1  /T5-F1-1 /D:1     /W-T0-1  
/T4-T0-4 /D:1     /W-F3-1  /D:3     /W-T1-1  /D:3     /W-T1-1  /T3-T1-4 /T3-F0-1 /D:1     
/W-T2-1  /T4-T2-1 /W-T4-1  /T5-T4-1 /T5-T6-1 /T4-T5-3 /T3-T4-1 /T5-T0-4 /T3-F3-1 /T5-F1-1 
/D:3     /W-T3-1  /D:1     /W-T6-1  /D:1     /W-F2-1  /T0-F2-1 /T1-F2-1 /T0-F1-1 /T1-F1-1 
/T4-T1-2 /D:1     /W-F0-1  /W-F0-1  /T1-F0-1 /W-T6-1  /T2-T6-4 /T0-F0-1 /T0-F1-1 /D:2     
/R       /D:1     /W-T3-1  /T1-T3-7 /T1-T0-1 /D:1     /W-F1-1  /D:1     /W-F3-1  /T3-F3-1 
/T3-F0-1 /T0-F3-1 /T6-F0-1 /T2-F0-1 /T3-F3-1 /T6-F3-1 /T0-T6-2 /T0-F0-1 /D:2     /W-T4-1  
/D:1     /W-F2-1  /W-F2-1  /T6-F2-1 /T3-F2-1 /T3-F3-1 /T6-F1-1 /T6-F2-1 /T0-F3-1 /T3-F2-1 
/T3-F3-1 /T6-T0-1 /T6-F2-1 /T3-F2-1 /T0-T6-2 /T0-F3-1 /T3-F3-1 /T6-T0-3 /T6-F2-1 /D:1     
/W-T4-1  /D:1     /W-F0-1  /D:1     /W-F1-1  /T0-F1-1 /T0-F0-1 /T4-F1-1 /T0-F1-1 /T4-F0-1 
/T0-F0-1 /T4-F1-1 
"
1011039,k#OH#gqY#MTvV#rGbKE#WDBmsd#QanSfZt#CcLlUoxNPhzewJARuXyijpFI,144.000000,3656.000000,58.000000,0.590909,1,"
minimal: 0 / states: 131 / duration: 0.000154s
history:
/T5-T4-1 /T1-T3-1 /D:1     /W-T4-1  /T1-T4-1 /D:6     /W-T2-1  /D:1     /W-F3-1  /T4-F3-1 
/D:1     /W-F3-1  /D:2     /W-T1-1  /T2-T1-2 /D:1     /W-T5-1  /T2-T5-1 /T5-T2-3 /T2-T3-4 
/T5-T2-1 /F3-T3-1 /T5-T3-1 /D:1     /W-T0-1  /T3-T0-8 /W-T3-1  /T6-T3-1 /D:2     /W-F0-1  
/T0-F0-1 /T0-F3-1 /T4-F0-1 /T5-F0-1 /T3-T5-3 /T5-T1-4 /T6-T5-1 /T4-T6-2 /T6-T1-3 /D:4     
/W-T2-1  /W-T2-1  /D:2     /W-T4-1  /D:1     /W-T1-1  /D:1     /W-T3-1  /D:1     /W-T4-1  
/R       /D:1     /W-T0-1  /D:1     /W-T5-1  /T0-T5-9 /D:2     /W-T4-1  /D:1     /W-T5-1  
/D:1     /W-T2-1  /D:1     /W-T3-1  /D:2     /W-T2-1  /W-T2-1  /T3-T2-3 /W-T3-1  /T4-T3-4 
/T4-T1-1 /T6-T4-1 /T6-F2-1 /T5-F2-1 /T6-F1-1 /T1-F1-1 /T1-F2-1 /T5-F1-1 /T1-F1-1 /T5-F2-1 
/T5-F1-1 /T6-F3-1 /T1-F0-1 /T2-F3-1 /T2-F0-1 /T4-T3-2 /T4-F2-1 /T1-F1-1 /T3-F3-1 /T3-F0-1 
/T5-F2-1 /T1-F2-1 /T2-F3-1 /T3-F3-1 /T5-F1-1 /T1-F1-1 /T2-F2-1 /T1-F2-1 /T5-F0-1 /T2-F1-1 
/T3-F0-1 /T3-F1-1 /T5-F3-1 /T1-F3-1 /T2-F0-1 /T3-F0-1 /T5-F2-1 /T1-F2-1 /T2-F3-1 /T1-F3-1 
/T5-F1-1 /T2-F2-1 /T3-F1-1 /T1-F2-1 /T5-F0-1 /T2-F1-1 /T3-F0-1 /T5-F3-1 
"
1011040,M#WH#yzV#mtir#JvqNI#EUefQG#LZdTpDB#hAaocSKxXCjlbkunYRFPswgO,116.500000,2214.000000,33.000000,0.750000,1,"
minimal: 0 / states: 106 / duration: 0.000134s
history:
/T1-T2-1 /T4-T1-1 /T4-F3-1 /D:1     /W-T1-1  /T5-T1-1 /T5-T3-1 /T3-T5-2 /T5-T1-3 /T4-T5-1 
/D:1     /W-F0-1  /T6-F0-1 /D:1     /W-F1-1  /D:2     /W-T5-1  /W-T5-1  /D:5     /W-F0-1  
/T6-F0-1 /T6-T1-1 /T6-T2-1 /D:2     /W-T0-1  /D:1     /W-F1-1  /D:2     /W-T3-1  /D:1     
/W-F2-1  /T5-F2-1 /T5-F1-1 /T6-F1-1 /T1-F2-1 /T5-F2-1 /T5-F1-1 /T5-T4-1 /T5-F0-1 /T6-T5-1 
/W-T6-1  /T6-T5-2 /D:3     /W-F0-1  /D:2     /W-T2-1  /D:1     /W-T5-1  /T2-T5-4 /T2-T6-1 
/D:1     /W-T3-1  /D:1     /W-F3-1  /W-F3-1  /T1-F3-1 /T1-F2-1 /T1-F1-1 /W-F3-1  /T5-F2-1 
/T3-F1-1 /T1-F0-1 /T1-F1-1 /T5-T3-1 /T5-F0-1 /T3-T5-2 /T3-F1-1 /T3-F2-1 /T1-F0-1 /T4-T1-2 
/T4-F0-1 /W-T6-1  /W-F1-1  /W-T2-1  /T5-T2-4 /T5-F1-1 /T0-F1-1 /T3-F1-1 /W-T6-1  /W-F0-1  
/W-F3-1  /T2-F3-1 /T1-F3-1 /T2-F2-1 /T1-F2-1 /T2-F3-1 /T1-F3-1 /T2-F2-1 /T2-F3-1 /T5-F0-1 
/T6-F2-1 /T2-F2-1 /T6-F3-1 /T0-F0-1 /T5-F3-1 /T6-F2-1 
"
1011048,u#mb#eqw#lIva#dCGDg#pztrVL#MxTHoJf#BNQRFESnXiKAjYWPkhsUZycO,142.000000,2929.000000,46.000000,0.598765,1,"
minimal: 0 / states: 125 / duration: 0.000137s
history:
/T3-F1-1  /T1-F1-1  /T5-T1-1  /T4-T0-1  /T5-T2-1  /T5-T6-1  /T6-T5-2  /T0-T2-2  /D:2      /W-F3-1   
/D:1      /W-T5-1   /D:2      /W-T2-1   /W-T2-1   /T4-T2-1  /D:2      /W-T4-1   /W-T4-1   /D:1      
/W-F2-1   /D:1      /W-T1-1   /T6-T1-1  /T6-F2-1  /D:1      /W-T1-1   /T6-T1-1  /T6-T1-1  /D:2      
/W-F0-1   /D:1      /W-T6-1   /T3-T6-1  /D:3      /W-T2-1   /D:2      /W-T3-1   /T4-T3-3  /T4-T5-1  
/T4-T3-1  /D:1      /W-T1-1   /D:1      /W-T6-1   /T5-T6-5  /T5-T0-1  /T5-F2-1  /D:1      /W-T4-1   
/D:1      /W-T4-1   /W-T4-1   /T2-T4-8  /T2-F2-1  /T2-T1-1  /D:1      /W-F1-1   /T3-F1-1  /T1-F1-1  
/T6-T3-2  /T6-F2-1  /T1-F2-1  /T6-F1-1  /T6-F2-1  /T4-T1-4  /T4-F1-1  /T4-F2-1  /T3-T6-5  /T3-F1-1  
/T6-T3-6  /T6-F2-1  /T3-T6-7  /T6-T3-9  /T1-T4-6  /T1-F1-1  /T4-T1-7  /T4-F2-1  /T3-T0-10 /D:1      
/W-F3-1   /T1-F3-1  /R        /D:1      /W-F0-1   /T0-F0-1  /T0-F3-1  /T1-F0-1  /T0-F0-1  /T1-F3-1  
/T0-F3-1  /T1-F0-1  /T0-F0-1  /T1-F3-1  /T0-F3-1  /T1-F0-1  /T0-F0-1  /T0-F1-1  /T1-F3-1  /T1-F0-1  
/T4-F1-1  /T0-F2-1  /T0-F1-1  /T4-F2-1  /T0-F2-1  /T1-T4-2  /T1-F1-1  /D:1      /W-F0-1   /D:1      
/W-T6-1   /D:1      /W-F3-1   /T4-F3-1  /T4-F0-1  /T6-F3-1  /T4-F3-1  /T6-F0-1  
"
1011052,j#Jk#zew#KFXT#toViv#RmgrHh#ISECpcA#ZOaGLfUQByDudnlYbWxMsNPq,125.000000,877.000000,46.000000,0.611111,1,"
minimal: 0 / states: 122 / duration: 0.000142s
history:
/T6-F0-1 /T5-T4-1 /T4-T0-2 /T5-T4-1 /T3-T4-1 /T4-T2-3 /T2-T1-4 /D:3     /W-F1-1  /D:1     
/W-T0-1  /D:2     /W-T0-1  /T5-T0-1 /D:2     /W-T0-1  /D:1     /W-F0-1  /D:2     /W-T2-1  
/T6-T2-1 /T6-T0-1 /T6-F0-1 /D:1     /W-T4-1  /T5-T4-1 /W-T5-1  /T3-T5-1 /T2-T3-3 /T3-T1-4 
/T0-T3-8 /T5-T0-3 /D:1     /W-T6-1  /D:1     /W-F2-1  /D:1     /W-T2-1  /T3-T2-9 /D:2     
/W-F1-1  /T1-F1-1 /T1-F0-1 /T6-F1-1 /T6-F0-1 /T1-F1-1 /T1-F0-1 /T2-T6-3 /T2-F1-1 /T6-T2-4 
/T4-F1-1 /D:3     /W-T3-1  /D:1     /W-T1-1  /T5-T1-1 /D:1     /W-F3-1  /D:2     /W-T1-1  
/W-T1-1  /R       /D:1     /W-T5-1  /D:1     /W-F3-1  /T1-F3-1 /D:1     /W-T5-1  /T1-T5-8 
/T4-T1-2 /T4-F2-1 /T2-F2-1 /T2-F3-1 /T5-F2-1 /T2-F2-1 /T5-F3-1 /T2-F3-1 /T2-F0-1 /T5-F2-1 
/T4-F2-1 /T2-F1-1 /T5-F3-1 /T1-F2-1 /T5-F0-1 /T5-F1-1 /T2-F2-1 /T2-F1-1 /T5-F2-1 /T5-F1-1 
/T6-F0-1 /T1-T0-2 /D:1     /W-F3-1  /T0-F3-1 /T0-F0-1 /T2-F0-1 /T2-F1-1 /T5-F0-1 /T3-F0-1 
/T0-T5-2 /T0-F1-1 /D:1     /W-T2-1  /D:1     /W-F3-1  /T5-F3-1 /T2-F3-1 /D:1     /W-F2-1  
/T5-F2-1 /T2-F2-1 /T5-F3-1 
"
1011061,b#cB#zlZ#jHYn#PguCp#GLMSfy#UvTKVmh#ReJdqorAksEQaDtNwIWixXFO,144.000000,2293.000000,36.000000,0.739362,1,"
minimal: 0 / states: 107 / duration: 0.000133s
history:
/T3-F2-1 /T5-T2-1 /T0-T4-1 /T2-T0-2 /D:6     /W-F2-1  /D:1     /W-T5-1  /D:1     /W-F0-1  
/T1-F0-1 /D:1     /W-T0-1  /D:3     /W-T5-1  /T4-T5-2 /T4-F0-1 /D:1     /W-F1-1  /T5-F1-1 
/T1-F1-1 /T5-F2-1 /D:1     /W-F0-1  /W-F0-1  /D:1     /W-T6-1  /T5-T6-3 /D:1     /W-F3-1  
/D:1     /W-T0-1  /D:3     /W-T0-1  /T4-T0-1 /T4-T0-1 /D:1     /W-T2-1  /W-T2-1  /W-T2-1  
/T6-T2-5 /T6-T1-1 /W-T0-1  /W-F2-1  /W-F1-1  /D:2     /W-F0-1  /D:1     /W-F3-1  /T4-F3-1 
/T2-F3-1 /T2-F2-1 /T0-F2-1 /R       /D:1     /W-F3-1  /T5-F3-1 /T3-T5-1 /T5-T4-2 /T3-T6-1 
/T5-T1-1 /T5-F0-1 /T6-F0-1 /D:1     /W-F1-1  /T2-F1-1 /T0-F1-1 /T2-F2-1 /T2-F1-1 /T0-F2-1 
/T0-F1-1 /T6-T0-1 /T6-T4-1 /T6-F3-1 /T6-F2-1 /T6-F3-1 /T0-F3-1 /T0-F2-1 /T2-F0-1 /T2-F3-1 
/T3-F1-1 /T2-F2-1 /T0-F1-1 /T2-F1-1 /T0-F2-1 /T2-F2-1 /T1-T0-1 /T1-F1-1 /D:1     /W-F0-1  
/T4-F0-1 /T0-F0-1 /D:1     /W-F3-1  /T4-F3-1 /T0-F3-1 /T4-F0-1 
"
1011062,u#UT#dXH#KSVo#zqivb#wLQAJp#ZCaMePg#RlNBsjcrEtmhfGDYOkIynWFx,99.000000,2081.000000,38.000000,0.673913,1,"
minimal: 0 / states: 122 / duration: 0.000135s
history:
/T6-T0-1 /T4-T5-1 /T3-T6-1 /T2-T3-1 /T1-T3-1 /T1-T4-1 /D:3     /W-F3-1  /D:2     /W-T0-1  
/D:5     /W-T4-1  /D:1     /W-T1-1  /D:2     /W-T4-1  /D:4     /W-F3-1  /D:3     /W-T1-1  
/T2-T1-1 /T5-T2-2 /T5-T1-1 /T5-F0-1 /T3-T1-3 /D:1     /W-F2-1  /T6-F2-1 /T6-F3-1 /T5-F3-1 
/T6-T0-1 /D:2     /W-T1-1  /D:1     /R       /D:1     /W-F3-1  /T3-F3-1 /D:1     /W-T6-1  
/T3-T6-1 /T6-T3-3 /T6-F1-1 /T2-F1-1 /T2-F2-1 /T6-T2-1 /T5-T6-1 /D:1     /W-F0-1  /T2-F0-1 
/D:1     /W-T3-1  /T4-T3-4 /T4-T5-1 /T4-F2-1 /T0-T5-4 /D:1     /W-F1-1  /T2-F1-1 /T5-F1-1 
/T3-F1-1 /D:1     /W-F2-1  /T5-F2-1 /T3-F2-1 /T5-F1-1 /T5-F2-1 /D:2     /W-F1-1  /T5-F1-1 
/D:1     /W-T3-1  /D:1     /W-F0-1  /W-F0-1  /T1-F0-1 /T1-F3-1 /T3-F0-1 /T1-F0-1 /T3-F3-1 
/T1-F3-1 /T3-F2-1 /T5-F2-1 /T3-F1-1 /D:1     /W-T4-1  /D:1     /W-F1-1  /T3-T4-1 /T3-F1-1 
/D:1     /W-F0-1  /T1-F0-1 /T4-F0-1 /T6-F0-1 /T3-F0-1 /T1-T6-2 /T1-F1-1 /D:1     /W-F3-1  
/T6-F3-1 /T4-F3-1 /D:1     /W-F2-1  /T6-F2-1 /T4-F2-1 /T6-F3-1 
"
1011075,V#To#icW#whlZ#NAkdn#Qgfezm#UjvFYuE#OpDsqSPHyLtabxGRJrIBMXCK,125.500000,1753.000000,47.000000,0.684211,1,"
minimal: 0 / states: 113 / duration: 0.000138s
history:
/T4-F2-1 /T1-F2-1 /T4-T6-1 /D:2     /W-F2-1  /D:2     /W-T1-1  /D:1     /W-F2-1  /D:3     
/W-T0-1  /T1-T0-2 /T5-T1-1 /D:1     /W-T1-1  /T4-T1-1 /T4-F0-1 /T4-F3-1 /T5-T4-1 /T5-T0-1 
/T6-T5-2 /D:1     /W-T3-1  /D:2     /W-F1-1  /D:1     /W-F1-1  /D:4     /W-T1-1  /T0-T1-5 
/T3-T0-2 /T3-T4-1 /D:1     /W-F2-1  /D:1     /W-T2-1  /T3-T2-1 /D:1     /W-F0-1  /D:2     
/W-T0-1  /T3-T0-1 /W-T3-1  /D:1     /W-F0-1  /D:1     /W-T4-1  /T2-T4-3 /T2-F1-1 /T5-F1-1 
/T6-T2-1 /T6-T3-1 /T1-F1-1 /T1-F2-1 /T6-T1-1 /W-T1-1  /W-T4-1  /T5-T4-2 /T5-T2-1 /W-T3-1  
/W-F2-1  /T2-T0-3 /T5-T4-1 /R       /D:1     /W-F3-1  /D:1     /W-F0-1  /D:2     /W-F3-1  
/T4-F3-1 /T1-F3-1 /T4-F0-1 /T1-F0-1 /T4-F1-1 /T0-F1-1 /W-F3-1  /T1-F3-1 /T0-F2-1 /T4-F0-1 
/T1-F0-1 /T4-F1-1 /T0-F1-1 /T6-F2-1 /T6-F1-1 /T6-F3-1 /T1-F3-1 /T0-F2-1 /T4-F0-1 /T1-F0-1 
/T1-F1-1 /T4-F3-1 /T0-F3-1 /T3-F2-1 /T1-F2-1 /T4-F0-1 /T0-F0-1 /T3-F3-1 /T0-F3-1 /T4-F1-1 
/T1-F1-1 /T3-F0-1 /T4-F2-1 
"
1011079,i#eO#utN#zMcq#Jshyl#ZBKHpw#FvPnjfA#xXVWmCrGbadSLRDoIgTEkQUY,116.000000,1953.000000,29.000000,0.771429,1,"
minimal: 0 / states: 125 / duration: 0.000134s
history:
/T2-F3-1 /T1-F3-1 /T6-F0-1 /T6-T2-1 /T3-T1-1 /T3-T1-1 /T4-T3-1 /T0-T5-1 /T3-T0-2 /D:1     
/W-T0-1  /T6-T0-1 /T6-F2-1 /T6-F3-1 /T6-T0-1 /T1-T6-3 /D:1     /W-T4-1  /T5-T4-2 /D:3     
/W-T1-1  /T4-T1-4 /T4-T0-1 /T2-T0-2 /T2-T1-1 /D:2     /W-T0-1  /D:2     /W-T5-1  /D:1     
/W-F1-1  /T5-F1-1 /T6-F1-1 /D:1     /W-T0-1  /T5-T0-1 /D:3     /W-T4-1  /D:1     /W-T4-1  
/D:1     /W-F2-1  /T0-F2-1 /T6-F2-1 /T0-F1-1 /T0-F2-1 /T6-F1-1 /T4-T6-2 /T4-F2-1 /T0-F1-1 
/T0-F2-1 /T1-F2-1 /T5-T1-1 /D:2     /W-F1-1  /T0-F1-1 /T0-F2-1 /T1-T4-2 /T1-F2-1 /T0-T5-1 
/T0-F2-1 /T5-T0-2 /T5-F0-1 /W-T0-1  /W-T5-1  /T1-T5-1 /T1-F2-1 /T3-F2-1 /T4-T5-3 /D:1     
/W-T5-1  /T6-T5-3 /D:3     /W-F3-1  /D:1     /W-T0-1  /D:1     /R       /D:3     /W-F0-1  
/T5-F0-1 /T5-F3-1 /D:1     /W-T0-1  /D:1     /W-F3-1  /D:1     /W-F0-1  /T5-F0-1 /T0-F0-1 
/T5-F3-1 /T0-F3-1 /T5-F0-1 /T0-F0-1 /T5-F1-1 /T0-F1-1 /T5-F0-1 /T0-F0-1 /D:1     /W-F1-1  
/T0-F1-1 /T1-F1-1 /D:1     /W-T0-1  /R       /D:1     /W-F3-1  /D:1     /W-F3-1  /T5-F3-1 
/T0-F3-1 /T5-F0-1 /T0-F0-1 /T5-F3-1 
"
1011100,y#lG#sCw#umNP#ReBnI#oOhKMx#QHrpDqa#JbzYUStFTZEdkXfiWLjcVvAg,164.500000,1647.000000,56.000000,0.552632,1,"
minimal: 0 / states: 130 / duration: 0.000146s
history:
/T6-F1-1 /T3-T6-1 /T3-F3-1 /T0-T3-1 /T3-T0-2 /D:2     /W-F1-1  /D:3     /W-T4-1  /T1-T4-1 
/T5-T1-1 /T1-T5-2 /T5-T1-3 /D:1     /W-T4-1  /D:3     /W-T3-1  /W-T3-1  /D:2     /W-T4-1  
/D:1     /W-T4-1  /D:1     /W-T0-1  /T2-T0-1 /T2-T4-1 /D:3     /W-T0-1  /T3-T0-3 /D:1     
/W-T1-1  /T4-T1-7 /T4-F2-1 /T4-T6-1 /T6-T4-3 /T4-T0-4 /T6-T4-1 /T4-T2-2 /D:2     /W-T5-1  
/D:1     /W-F1-1  /D:2     /W-T5-1  /D:1     /W-F0-1  /T0-F0-1 /T1-F0-1 /T6-T1-1 /T2-F0-1 
/T1-T6-2 /T1-F0-1 /T6-T1-3 /D:1     /W-T6-1  /T2-T6-2 /R       /D:2     /W-T2-1  /D:1     
/W-T2-1  /T5-T2-3 /T5-T2-1 /T5-F3-1 /T5-F2-1 /T0-F3-1 /T1-F2-1 /T0-F2-1 /T1-F1-1 /T0-F1-1 
/T0-F0-1 /T1-F2-1 /D:1     /W-T2-1  /T1-T2-1 /T1-F0-1 /D:1     /W-T3-1  /D:2     /W-F1-1  
/T6-T0-2 /T6-F1-1 /T6-F0-1 /T6-F3-1 /T0-F3-1 /T0-F2-1 /T2-F3-1 /T0-F3-1 /T2-F2-1 /T0-F2-1 
/T1-F3-1 /T2-F1-1 /T0-F1-1 /T1-F0-1 /T2-F2-1 /T2-F1-1 /T0-F2-1 /T0-F1-1 /T1-T2-1 /T1-F2-1 
/T0-F2-1 /T1-F1-1 /T0-F1-1 /T2-T1-3 /T2-F2-1 /D:1     /W-T3-1  /W-T3-1  /W-F0-1  /D:1     
/W-F3-1  /T1-F3-1 /T1-F0-1 /T3-F3-1 /T1-F3-1 /T3-F0-1 /T1-F0-1 /T3-F3-1 
"
1011180,y#rl#RIx#YKvW#pjDEA#uQtJFh#qgznikT#dsaPmCoSUNHMbcBwGefVLZXO,137.500000,1361.000000,51.000000,0.690909,1,"
minimal: 0 / states: 122 / duration: 0.000157s
history:
/T4-F0-1 /T3-T2-1 /T5-T3-1 /T5-T6-1 /T2-T1-2 /T3-T1-2 /D:1     /W-T4-1  /D:2     /W-F1-1  
/D:3     /W-T4-1  /D:3     /W-T2-1  /D:1     /W-F3-1  /D:3     /W-F1-1  /D:1     /W-F1-1  
/D:1     /W-F0-1  /T4-F0-1 /T4-F1-1 /D:2     /W-T1-1  /D:1     /W-F1-1  /D:1     /W-T1-1  
/T4-T1-1 /T4-F0-1 /T2-T4-2 /T4-T3-3 /T1-F0-1 /T1-F1-1 /T6-F0-1 /T1-F0-1 /D:1     /W-T5-1  
/D:3     /W-T0-1  /T5-T0-2 /T5-T1-1 /T4-T5-1 /W-T4-1  /W-T4-1  /D:1     /W-F3-1  /R       
/D:1     /W-T6-1  /T2-T6-1 /D:1     /W-F3-1  /D:1     /W-T2-1  /T0-T2-4 /D:2     /W-T1-1  
/D:1     /W-T2-1  /T6-T2-3 /T6-T4-1 /D:1     /W-T0-1  /T1-T0-7 /T5-T1-2 /T2-T5-3 /T2-F0-1 
/T1-T0-3 /T5-T2-4 /D:1     /W-T4-1  /T6-T4-1 /T6-F2-1 /W-F2-1  /T0-F2-1 /T0-F3-1 /T6-T1-1 
/T6-F1-1 /T6-F2-1 /T0-F2-1 /T2-F3-1 /T0-F3-1 /T2-F2-1 /T0-F2-1 /T0-F1-1 /T2-F3-1 /T2-F2-1 
/T3-F3-1 /T0-F2-1 /T2-F3-1 /T3-F0-1 /T0-F3-1 /T4-F1-1 /T2-F0-1 /T3-F1-1 /T3-F0-1 /T4-F2-1 
/T0-F2-1 /T2-F3-1 /T3-F3-1 /T4-F1-1 /T0-F1-1 /T2-F2-1 /T1-F2-1 /T4-F0-1 /T0-F0-1 /T2-F1-1 
/T4-F3-1 
"
1011200,G#xR#zwS#qLjU#hfMHI#FvmgZY#lrCBsVD#WaEdAytbTOeuXKconiJNQkPp,123.500000,1784.000000,40.000000,0.609195,1,"
minimal: 0 / states: 113 / duration: 0.000151s
history:
/T6-T1-1 /T3-T4-1 /T4-T3-2 /T4-T6-1 /T5-T4-1 /T2-T0-1 /T6-T2-2 /T1-T6-2 /T3-T1-3 /T3-T5-1 
/T0-T1-2 /T5-T0-2 /T6-T5-3 /T5-T2-4 /T1-T4-6 /T4-T1-8 /D:2     /W-F1-1  /D:1     /W-T1-1  
/D:1     /W-T1-1  /D:1     /W-F0-1  /T6-F0-1 /T6-F0-1 /T6-T4-1 /T2-F0-1 /T3-T2-1 /T5-T3-1 
/T1-T4-1 /T1-F0-1 /D:1     /W-T3-1  /D:2     /W-F1-1  /D:5     /W-T0-1  /T2-T0-7 /T6-T2-1 
/D:1     /W-T2-1  /D:1     /W-F1-1  /T4-F1-1 /D:2     /W-F2-1  /W-F2-1  /D:3     /W-F3-1  
/D:1     /W-T4-1  /D:1     /W-T3-1  /W-T3-1  /W-T3-1  /W-T3-1  /W-F1-1  /W-F3-1  /T4-T1-2 
/T4-F1-1 /W-T3-1  /T0-T3-3 /T0-F1-1 /T4-F1-1 /D:1     /W-F3-1  /T1-F3-1 /D:1     /W-F2-1  
/T3-F2-1 /T1-F2-1 /T3-F3-1 /T1-F3-1 /T3-F2-1 /W-F2-1  /W-T2-1  /T5-T2-1 /T5-F0-1 /T1-F0-1 
/T3-F3-1 /T0-F0-1 /T1-F3-1 /T1-F0-1 /T3-F2-1 /T0-F3-1 /T2-F2-1 /T2-F3-1 /T3-F1-1 /T0-F2-1 
/T1-F1-1 /T1-F2-1 /T3-F0-1 /T0-F3-1 /T2-F0-1 /T1-F3-1 /T3-F1-1 /T0-F0-1 /T2-F1-1 /T1-F0-1 
/T3-F2-1 /T0-F3-1 /T2-F2-1 /T3-F1-1 
"
1011259,x#mi#SgX#WvGR#bnyAD#pEUhKe#YwMcJBO#CZuTrasdqofkLHQltIzPFjNV,125.500000,1155.000000,52.000000,0.616279,1,"
minimal: 0 / states: 128 / duration: 0.000154s
history:
/T4-T3-1  /T4-F0-1  /T2-T4-1  /D:3      /W-T1-1   /T2-T1-1  /D:2      /W-T2-1   /D:1      /W-F1-1   
/D:1      /W-T1-1   /T5-T1-1  /D:1      /W-T2-1   /D:1      /W-T1-1   /D:11     /W-T1-1   /D:2      
/W-T0-1   /D:1      /W-F3-1   /T6-F3-1  /T6-F0-1  /T6-T4-1  /T6-T3-1  /T1-T4-7  /T4-T1-10 /T4-F2-1  
/T4-F1-1  /T6-T4-1  /T1-F3-1  /T3-F1-1  /T2-F1-1  /D:1      /W-T6-1   /R        /D:1      /W-F0-1   
/T3-F0-1  /T1-T3-1  /T1-F1-1  /T3-T1-2  /T2-T3-2  /D:1      /W-T2-1   /D:2      /W-F2-1   /D:1      
/W-F1-1   /D:2      /W-T2-1   /W-T2-1   /T6-T2-2  /T5-T6-1  /T3-T5-3  /T5-T3-4  /T3-T0-5  /T3-T6-1  
/T6-T4-3  /D:1      /W-T2-1   /W-T2-1   /T1-T2-3  /T1-F1-1  /T0-T5-3  /T0-F1-1  /T5-T0-4  /T5-F0-1  
/T5-F2-1  /T2-F2-1  /T0-F2-1  /D:1      /W-F3-1   /T2-F3-1  /T0-F3-1  /T2-F2-1  /T2-F3-1  /D:2      
/W-F2-1   /T1-F2-1  /T1-F1-1  /T0-T4-3  /T0-F1-1  /D:2      /W-T3-1   /D:1      /W-F0-1   /T4-F0-1  
/T2-F0-1  /T4-F3-1  /T2-F3-1  /T4-F2-1  /T2-F2-1  /W-F0-1   /T1-F0-1  /T2-F1-1  /T4-F3-1  /T0-F2-1  
/T1-F3-1  /T1-F2-1  /T4-F0-1  /T2-F0-1  /T4-F3-1  /T2-F3-1  /W-F1-1   /T1-F1-1  /T3-F2-1  /T4-F0-1  
"
1011271,y#OG#mTR#sCYb#PVpfn#ihtHxu#veXINMc#JrWLAlBFZojwazkEUdSKQDqg,139.000000,1892.000000,46.000000,0.616279,1,"
minimal: 0 / states: 116 / duration: 0.000137s
history:
/T4-F2-1 /T4-T1-1 /T3-T4-1 /D:2     /W-T1-1  /D:3     /W-F0-1  /D:2     /W-F0-1  /D:3     
/W-F2-1  /D:3     /W-F1-1  /T4-F1-1 /T6-F1-1 /T4-F2-1 /T5-T4-1 /T5-T3-1 /T3-T6-2 /T3-F0-1 
/T2-T3-1 /T2-T4-1 /T0-T2-1 /T6-T0-3 /T6-F3-1 /T3-T4-2 /D:1     /W-T3-1  /D:1     /W-T2-1  
/W-T2-1  /T4-T2-5 /W-T0-1  /T6-T0-1 /D:2     /W-T0-1  /T1-T0-3 /T1-F3-1 /T4-F3-1 /D:1     
/W-F1-1  /D:3     /W-F3-1  /T2-F3-1 /D:1     /W-F0-1  /D:1     /W-F2-1  /T0-F2-1 /T2-F2-1 
/D:1     /W-T5-1  /R       /D:1     /W-T6-1  /D:3     /W-T3-1  /D:1     /W-T2-1  /D:1     
/W-T1-1  /W-T1-1  /T6-T1-2 /T6-F1-1 /T0-F1-1 /T5-F1-1 /D:1     /W-F0-1  /T2-F0-1 /T0-F0-1 
/T5-F0-1 /T5-F2-1 /T5-F1-1 /T5-F1-1 /T0-T6-1 /T0-F0-1 /T0-F1-1 /T1-F0-1 /T2-T1-4 /T2-F1-1 
/T3-F1-1 /W-T0-1  /T6-T0-2 /D:1     /W-F3-1  /T1-F3-1 /T0-F3-1 /T1-F2-1 /T0-F2-1 /T1-F3-1 
/T0-F3-1 /T1-F2-1 /T0-F2-1 /T1-F3-1 /T2-F2-1 /T0-F3-1 /T3-F2-1 /T2-F1-1 /D:1     /W-F0-1  
/T1-F0-1 /T0-F0-1 /T1-F3-1 
"
1011289,k#cj#rlU#DsYu#CpnIt#xPavoy#WwMhzNS#ZLKqORGbgJAdeXiFBEfHVTmQ,127.500000,2927.000000,53.000000,0.561728,1,"
minimal: 0 / states: 131 / duration: 0.000149s
history:
/T6-T4-1 /T6-F3-1 /T4-T2-2 /T4-T1-1 /T4-F2-1 /T2-T1-3 /T2-T6-1 /T0-T5-1 /T6-T0-2 /T2-T1-1 
/D:1     /W-T2-1  /T5-T2-2 /T5-F2-1 /T4-F2-1 /T6-T5-1 /D:2     /W-T0-1  /T1-T0-6 /D:1     
/W-F2-1  /T0-F2-1 /D:1     /W-F3-1  /D:2     /W-T5-1  /D:1     /W-T4-1  /D:1     /W-T3-1  
/D:1     /W-T2-1  /D:1     /W-F0-1  /D:4     /W-T2-1  /T3-T2-2 /T3-T6-1 /T3-F2-1 /T1-T3-1 
/T6-T1-2 /T0-T5-1 /T0-F2-1 /D:1     /W-T2-1  /D:1     /W-F0-1  /D:1     /W-T5-1  /D:3     
/W-T6-1  /W-T6-1  /T2-T6-2 /T2-F2-1 /D:3     /W-T5-1  /T4-T5-2 /W-T4-1  /R       /D:1     
/W-T4-1  /D:1     /W-T6-1  /T3-T6-2 /D:3     /W-T4-1  /T6-T4-8 /T5-T6-8 /T5-F1-1 /T5-F3-1 
/T6-F1-1 /T4-F1-1 /T6-F0-1 /T4-F0-1 /T6-F3-1 /T4-F3-1 /T6-F0-1 /T6-F3-1 /T4-F0-1 /T6-F0-1 
/T5-T1-1 /T6-T1-3 /D:2     /W-F3-1  /T0-F3-1 /T1-T0-1 /T1-F2-1 /T4-T2-2 /T4-F3-1 /T1-F3-1 
/T4-F2-1 /T1-F2-1 /T4-F3-1 /T1-F3-1 /T2-T4-5 /T2-F2-1 /T2-F3-1 /T0-T1-5 /T0-F2-1 /R       
/D:1     /W-F1-1  /D:1     /W-F1-1  /D:1     /W-F1-1  /T4-F1-1 /T1-F1-1 /T4-F0-1 /T1-F0-1 
/T4-F1-1 /T1-F1-1 /T4-F0-1 /T1-F0-1 /T4-F1-1 /T1-F1-1 /T4-F0-1 /T1-F0-1 /T4-F1-1 
"
1011314,x#zn#QmX#tAYO#eDZRW#yhfNlq#Moacjbs#EUIFHdkSwrViGuCpLPTgvJKB,100.000000,909.000000,41.000000,0.694030,1,"
minimal: 0 / states: 121 / duration: 0.000139s
history:
/T1-F2-1 /T4-T0-1 /T5-T4-1 /T5-T1-1 /T5-F3-1 /T3-F3-1 /T4-T6-2 /T0-T1-2 /T4-T0-1 /D:1     
/W-T5-1  /D:2     /W-T1-1  /W-T1-1  /D:3     /W-T5-1  /D:3     /W-T2-1  /D:2     /W-T2-1  
/D:2     /W-T1-1  /T5-T1-3 /D:1     /W-T2-1  /D:1     /W-T1-1  /D:2     /W-T0-1  /T2-T0-4 
/D:1     /W-F3-1  /D:1     /W-T0-1  /T6-T0-3 /T6-T1-1 /D:2     /W-T6-1  /T5-T6-1 /T5-T2-1 
/T2-T5-2 /T2-F3-1 /D:2     /W-T3-1  /T6-T3-3 /T6-T0-1 /T6-F1-1 /T1-F1-1 /T6-F2-1 /T3-T6-5 
/T3-F0-1 /T0-F1-1 /T3-T6-1 /D:1     /W-F0-1  /T1-F0-1 /T4-F0-1 /T1-F1-1 /T1-F0-1 /T4-F1-1 
/T1-F1-1 /R       /D:1     /W-F0-1  /T1-F0-1 /D:1     /W-F0-1  /D:1     /W-T5-1  /D:1     
/W-T6-1  /D:1     /W-T6-1  /D:2     /W-F2-1  /T0-F2-1 /T0-F3-1 /T6-F2-1 /T0-F2-1 /T6-F3-1 
/T0-F3-1 /T6-F2-1 /T1-F3-1 /T0-F2-1 /T0-F3-1 /T1-F0-1 /T1-F3-1 /T0-T5-1 /T0-F3-1 /W-T5-1  
/D:1     /W-F1-1  /T6-F1-1 /T5-F1-1 /T6-F2-1 /T5-F2-1 /T6-F1-1 /T1-F2-1 /T5-F1-1 /T5-F2-1 
/T1-F1-1 /T1-F2-1 /T5-F1-1 /D:1     /W-F0-1  /T6-F0-1 /T0-F0-1 /T6-F3-1 /T0-F3-1 /T6-F0-1 
"
1011330,G#Nf#Qek#gUHq#aznOv#dSAEPi#uTrCbpL#JycwslZtxYhoMXmKIVFRWDBj,120.000000,3573.000000,57.000000,0.577778,1,"
minimal: 0 / states: 140 / duration: 0.000160s
history:
/T2-T6-1  /T3-T2-1  /T3-T5-1  /T1-T0-1  /T1-F3-1  /T3-T4-1  /T0-T4-2  /T3-T5-1  /D:1      /W-T6-1   
/T5-T6-3  /T5-T2-1  /T5-T4-1  /T5-F0-1  /D:4      /W-T6-1   /T2-T6-3  /T2-T4-1  /D:2      /W-T0-1   
/T6-T0-10 /T6-T4-1  /T6-T4-1  /D:5      /W-T0-1   /D:1      /W-T1-1   /D:2      /W-T2-1   /D:8      
/W-F0-1   /T6-F0-1  /T6-T5-1  /W-F0-1   /T4-T5-3  /T4-F0-1  /D:1      /R        /D:1      /W-T2-1   
/D:3      /W-T1-1   /D:2      /W-T1-1   /D:3      /W-T2-1   /D:4      /W-F0-1   /D:2      /W-T1-1   
/T4-T1-4  /T4-F3-1  /T4-F2-1  /T0-F2-1  /T0-F3-1  /T4-T3-1  /T4-F1-1  /T5-F1-1  /T5-F2-1  /T5-F3-1  
/T0-F2-1  /W-F3-1   /T5-T1-1  /T5-F3-1  /T6-F3-1  /T1-F2-1  /D:1      /R        /D:1      /W-F1-1   
/T5-F1-1  /T0-F1-1  /T0-F2-1  /T1-F1-1  /T0-F1-1  /T1-F0-1  /T0-F0-1  /T1-F3-1  /T6-T0-1  /D:1      
/W-T2-1   /D:1      /W-F2-1   /T0-F2-1  /T1-F2-1  /T2-F2-1  /D:1      /W-T3-1   /D:1      /W-F1-1   
/T0-F1-1  /D:1      /W-T3-1   /T1-T3-1  /T1-F2-1  /D:1      /W-F0-1   /T0-F0-1  /D:1      /W-F3-1   
/T3-F3-1  /T2-F3-1  /T2-F2-1  /T3-F0-1  /T3-F3-1  /T3-F2-1  /T0-T2-2  /T0-F3-1  /D:1      /W-F1-1   
/T2-F1-1  /T1-F1-1  /T2-F0-1  /T1-F0-1  /T2-F1-1  
"
1011340,h#Wq#bgz#eORp#yHTPX#EijxLN#dZrmcQn#MUoIJBuskDvfFaYwVltAGSKC,127.000000,1406.000000,45.000000,0.619048,1,"
minimal: 0 / states: 121 / duration: 0.000146s
history:
/T5-F3-1 /T6-F2-1 /T4-T5-1 /T3-T6-1 /T4-T1-1 /T1-T3-2 /D:3     /W-F2-1  /T6-F2-1 /D:1     
/W-T1-1  /T0-T1-1 /T2-T0-1 /D:1     /W-T5-1  /D:1     /W-T3-1  /D:2     /W-T2-1  /T3-T2-4 
/T3-F3-1 /D:2     /W-T3-1  /T2-T3-2 /T2-F2-1 /D:3     /W-T4-1  /T3-T4-4 /D:1     /W-F1-1  
/D:1     /W-T0-1  /D:2     /W-T5-1  /D:2     /W-T1-1  /D:1     /W-F0-1  /T4-F0-1 /T4-F3-1 
/T6-F3-1 /T6-T4-1 /T5-T6-4 /T5-T0-1 /T6-T3-5 /T6-F2-1 /T5-T0-1 /T2-F3-1 /T2-F2-1 /T1-F2-1 
/D:1     /W-T1-1  /D:1     /W-F3-1  /T4-T2-4 /T4-F3-1 /T2-T4-5 /T2-F1-1 /T4-F1-1 /T4-T3-5 
/T6-T2-1 /T6-F1-1 /T4-T2-1 /D:2     /W-F0-1  /T3-F0-1 /T3-F1-1 /R       /D:1     /W-T4-1  
/D:1     /W-F3-1  /T3-T5-3 /T3-F3-1 /T5-T3-4 /T5-F0-1 /T3-F0-1 /T1-F0-1 /T1-T0-2 /T1-F3-1 
/D:1     /W-F2-1  /D:1     /W-T2-1  /T3-T2-4 /T3-F3-1 /D:1     /W-F2-1  /D:1     /W-F1-1  
/T2-F1-1 /T0-F1-1 /T2-F0-1 /T0-F0-1 /T2-F1-1 /T0-F1-1 /T2-F0-1 /T2-F1-1 /D:1     /W-F2-1  
/T0-F2-1 /T2-F2-1 /T0-F3-1 /T0-F2-1 /T2-F3-1 /D:1     /W-F1-1  /D:1     /W-F0-1  /T3-F0-1 
/T3-F1-1 /T4-F0-1 
"
1011355,L#VO#aGC#FfHK#RZQzl#eiTBhA#bJWdnrg#mUqsowtukcSEYINPjvxMpXyD,121.500000,2451.000000,44.000000,0.611111,1,"
minimal: 0 / states: 120 / duration: 0.000126s
history:
/T5-F0-1 /T3-T4-1 /T6-T3-1 /T1-T2-1 /T3-T1-2 /T6-T3-1 /T6-F2-1 /T6-T3-1 /T2-T3-2 /T6-T4-1 
/T2-T5-1 /T2-F1-1 /T3-T5-5 /T1-T6-3 /T3-T6-1 /D:1     /W-T1-1  /T0-T1-1 /D:4     /W-F2-1  
/D:4     /W-T1-1  /T6-T1-5 /T6-F1-1 /D:1     /W-F1-1  /D:4     /W-T4-1  /T5-T4-7 /T5-F0-1 
/D:1     /W-F3-1  /T4-F3-1 /T4-F0-1 /T4-F1-1 /D:1     /W-F3-1  /D:4     /W-T0-1  /T4-T0-8 
/T4-T2-1 /T4-F3-1 /T4-T3-1 /T4-F3-1 /D:1     /W-F2-1  /D:2     /W-T3-1  /W-T3-1  /D:1     
/W-F0-1  /R       /D:2     /W-F2-1  /T0-F2-1 /D:1     /W-F2-1  /D:1     /W-T3-1  /D:1     
/W-F2-1  /D:1     /W-F2-1  /D:1     /W-F3-1  /T5-F3-1 /T5-T3-1 /T5-F1-1 /T0-F1-1 /W-F3-1  
/T1-T3-3 /T1-F3-1 /D:1     /W-F0-1  /T3-F0-1 /T0-F0-1 /T3-F1-1 /T0-F1-1 /T3-F0-1 /T0-F0-1 
/T3-F1-1 /T1-F0-1 /T0-F3-1 /T0-F0-1 /T3-T1-1 /T3-F3-1 /T1-T3-2 /T1-F0-1 /T0-T2-1 /T0-F0-1 
/D:1     /W-F3-1  /T3-T1-3 /T3-F3-1 /D:1     /W-F1-1  /D:1     /W-F2-1  /T1-F2-1 /T1-F1-1 
/T2-F1-1 /D:1     /W-F2-1  /T1-F2-1 /T1-F1-1 /T2-F2-1 
"
1011396,P#cD#kLs#xuKS#QeOgv#ZdtGRr#lHwzaMB#FNTyIiUfnqjYbCAVopmWJhEX,123.000000,1712.000000,40.000000,0.685393,1,"
minimal: 0 / states: 124 / duration: 0.000156s
history:
/T6-T0-1 /T5-T3-1 /T5-T2-1 /T3-T5-2 /T1-T2-1 /T0-T2-2 /T6-T0-1 /T6-F1-1 /D:2     /W-F3-1  
/D:5     /W-T4-1  /T5-T4-3 /D:1     /W-T5-1  /D:1     /W-F2-1  /D:2     /W-T3-1  /T4-T3-5 
/T2-T4-5 /D:1     /W-T0-1  /T3-T0-7 /T4-T3-6 /T4-F3-1 /T3-T1-1 /T3-F3-1 /T1-T3-2 /T6-T1-1 
/W-T4-1  /W-T6-1  /T3-T6-7 /D:1     /W-F1-1  /D:2     /W-F0-1  /T6-F0-1 /W-F0-1  /T6-F1-1 
/T6-F0-1 /D:2     /W-F2-1  /D:1     /W-F2-1  /T4-F2-1 /T0-F2-1 /D:2     /W-T3-1  /D:3     
/W-F0-1  /D:1     /W-T2-1  /T6-T2-6 /R       /D:1     /W-F0-1  /D:1     /W-T6-1  /F0-T6-1 
/T4-T6-1 /T4-F3-1 /T2-F3-1 /T0-F3-1 /T2-F2-1 /T5-T0-1 /T5-F2-1 /T5-F1-1 /T6-F1-1 /T0-F1-1 
/T6-F0-1 /T0-F0-1 /T2-F1-1 /T6-F3-1 /T0-F3-1 /T2-F2-1 /T6-F0-1 /T2-T5-4 /T0-F2-1 /T3-T6-2 
/T6-T1-3 /D:2     /W-F0-1  /D:1     /W-F3-1  /T1-F3-1 /T5-T2-2 /T5-F3-1 /T2-T5-3 /D:1     
/W-T2-1  /W-T2-1  /D:1     /W-F0-1  /T0-T1-1 /T0-F0-1 /T0-F3-1 /T5-T2-3 /T5-F0-1 /T0-F0-1 
/T5-F3-1 /D:1     /W-F1-1  /T2-F1-1 /T1-F1-1 /T2-F2-1 /T1-F2-1 /T2-F1-1 /T1-F1-1 /T2-F2-1 
/T1-F2-1 /T2-F1-1 
"
1011417,K#RH#DLn#xOTz#afIem#gcrqpA#iuZVNBk#YdFJWhbywEXPlQtCsUvSMjoG,164.500000,1908.000000,46.000000,0.601124,1,"
minimal: 0 / states: 117 / duration: 0.000145s
history:
/T2-F2-1 /T5-F0-1 /T6-T2-1 /T6-F0-1 /T6-F3-1 /T1-T6-1 /T2-T4-2 /T2-T1-1 /T4-T2-3 /D:1     
/W-T3-1  /T0-T3-1 /T3-T0-3 /T3-T6-1 /T3-F3-1 /D:2     /W-T6-1  /T4-T6-1 /D:1     /W-T2-1  
/T6-T2-5 /D:1     /W-T0-1  /T4-T0-1 /D:1     /W-T0-1  /D:1     /W-T5-1  /D:1     /W-T6-1  
/D:2     /W-T4-1  /D:1     /W-T6-1  /W-T6-1  /W-T4-1  /T5-T4-2 /T5-T2-1 /D:1     /W-F3-1  
/D:2     /W-F3-1  /D:1     /W-T0-1  /T4-T0-5 /T4-F1-1 /T0-F1-1 /T6-T4-4 /D:1     /W-F0-1  
/T1-F0-1 /T1-F3-1 /T0-T5-2 /T0-F0-1 /T5-T0-3 /T5-F1-1 /T5-T6-1 /D:1     /W-T6-1  /T2-T6-2 
/T2-F0-1 /D:3     /W-F3-1  /T2-F3-1 /D:1     /W-T1-1  /D:1     /W-T3-1  /W-T3-1  /W-F3-1  
/W-T1-1  /T3-T1-3 /D:1     /W-F2-1  /T0-F2-1 /T0-F1-1 /T6-F2-1 /T0-F2-1 /T6-F1-1 /T0-F1-1 
/T6-F2-1 /T0-F2-1 /T6-F1-1 /T6-F2-1 /T0-F1-1 /T1-F2-1 /T4-F2-1 /T6-F1-1 /T1-F1-1 /T1-F2-1 
/T2-T4-3 /T2-F1-1 /T1-F1-1 /T4-T2-4 /T4-F2-1 /T0-T1-4 /T0-F2-1 /T2-T4-5 /T2-F1-1 /D:1     
/W-F0-1  /T4-F0-1 /T1-F0-1 /T4-F3-1 /T1-F3-1 /T4-F0-1 /T1-F0-1 /T4-F3-1 /T1-F3-1 /T4-F0-1 
/T1-F0-1 /T4-F3-1 
"
1011421,Q#Kz#sYF#pZPL#xcthN#yUMmoW#AdREfqv#HejrGXnDJBkOSugVTlabCiwI,135.500000,1462.000000,49.000000,0.562500,1,"
minimal: 0 / states: 129 / duration: 0.000149s
history:
/T4-F3-1  /T6-T5-1  /T4-T5-1  /T4-T5-1  /T4-T6-1  /T5-T4-4  /T5-T6-1  /T3-T5-1  /D:2      /W-T2-1   
/T6-T2-3  /T6-T4-1  /T6-T4-1  /T0-T4-1  /T5-T0-2  /D:4      /W-T0-1   /D:1      /W-F2-1   /T2-F2-1  
/D:1      /W-T6-1   /T3-T6-1  /D:1      /W-T0-1   /D:1      /W-T2-1   /D:2      /W-F3-1   /T6-F3-1  
/T4-F3-1  /D:4      /W-T0-1   /D:2      /W-T1-1   /T4-T1-7  /T5-T4-1  /D:1      /W-F1-1   /D:1      
/W-F1-1   /D:4      /R        /D:1      /W-T0-1   /D:3      /W-T5-1   /D:2      /W-T5-1   /D:2      
/W-T0-1   /T2-T0-5  /T2-T4-1  /T6-T2-2  /T6-T1-1  /T6-F0-1  /T0-F0-1  /T0-F1-1  /T1-T6-10 /T1-T4-1  
/T3-T1-1  /T3-F2-1  /T0-F2-1  /T6-F1-1  /T0-F1-1  /T6-T5-1  /T6-F1-1  /D:2      /W-F0-1   /T2-F0-1  
/T2-F3-1  /T5-F0-1  /T0-F0-1  /T0-F1-1  /T5-F3-1  /T5-F0-1  /T0-F0-1  /W-F3-1   /T5-F3-1  /T0-F3-1  
/T5-T1-1  /D:1      /W-T0-1   /W-T0-1   /W-T1-1   /W-F2-1   /T2-F2-1  /T6-F2-1  /T0-F2-1  /T6-F1-1  
/T0-F1-1  /T6-F2-1  /T6-F3-1  /W-F1-1   /T1-F1-1  /D:1      /W-F2-1   /T6-F2-1  /T1-F2-1  /T6-F1-1  
/T6-F2-1  /T0-T1-3  /T0-F1-1  /D:1      /W-F0-1   /T1-F0-1  /T1-F3-1  /T4-F0-1  /T1-F0-1  /T4-F3-1  
/T1-F3-1  /T4-F0-1  
"
1011441,Z#Gz#gKx#EJPu#mCTdv#RoVQBh#kpeIWOj#MfLryFAXaSibUsYDHlntcNwq,137.500000,1373.000000,54.000000,0.547872,1,"
minimal: 0 / states: 131 / duration: 0.000141s
history:
/T6-T2-1 /T5-T4-1 /T4-T2-2 /D:3     /W-T0-1  /D:4     /W-F0-1  /T5-F0-1 /D:1     /W-T0-1  
/D:1     /W-F1-1  /D:3     /W-F1-1  /D:3     /W-T1-1  /T2-T1-4 /D:4     /W-F2-1  /D:1     
/W-T1-1  /D:1     /W-F1-1  /T4-F1-1 /T4-T3-1 /T4-F0-1 /F0-T5-1 /T6-T5-1 /T6-T2-1 /T6-T2-1 
/T6-F1-1 /T5-T6-1 /T5-F0-1 /T6-T5-2 /D:1     /W-F3-1  /T5-F3-1 /D:1     /W-T0-1  /D:1     
/R       /D:2     /W-F1-1  /D:2     /W-T4-1  /T6-T4-1 /T1-T6-7 /D:1     /W-T3-1  /D:1     
/W-T1-1  /W-T1-1  /T5-T1-2 /T3-T5-3 /T3-F3-1 /T5-T0-4 /T5-F2-1 /T1-F2-1 /T1-F3-1 /T3-T4-1 
/T5-F3-1 /W-T5-1  /D:1     /W-T4-1  /D:1     /W-T2-1  /T1-T2-3 /D:2     /W-F0-1  /T3-F0-1 
/T0-F0-1 /T2-T6-2 /T2-F0-1 /W-T0-1  /D:1     /W-F0-1  /D:1     /W-T5-1  /T2-T5-4 /T2-F1-1 
/T6-T5-3 /T6-F1-1 /T4-F1-1 /T5-T6-4 /T5-F0-1 /T4-F0-1 /T6-T5-5 /T6-F1-1 /T4-F1-1 /T5-T6-6 
/T5-F0-1 /T5-F1-1 /T0-T4-6 /T0-F0-1 /T5-F0-1 /T4-T0-7 /T4-F1-1 /D:1     /W-F2-1  /T6-F2-1 
/T0-F2-1 /T6-F3-1 /T0-F3-1 /T6-F2-1 /T0-F2-1 /T6-F3-1 /T0-F3-1 /T6-F2-1 /T0-F2-1 /T6-F3-1 
/T0-F3-1 /T6-F2-1 /T0-F2-1 /T6-F3-1 /T0-F3-1 /T6-F2-1 
"
1011454,L#mT#yjQ#cktn#uPezH#pfSECB#ZdIFwNl#baiGovVsRxXJKrDUgAMOYhWq,116.000000,2059.000000,53.000000,0.593407,1,"
minimal: 0 / states: 122 / duration: 0.000149s
history:
/T3-F2-1 /T1-T4-1 /T0-T1-1 /D:2     /W-F1-1  /W-F1-1  /D:3     /W-F2-1  /D:3     /W-T4-1  
/D:1     /W-T4-1  /D:1     /W-T6-1  /D:1     /W-T1-1  /D:1     /W-T1-1  /W-T1-1  /T4-T1-4 
/T6-T4-2 /T6-F3-1 /T4-T0-3 /D:3     /W-T1-1  /D:3     /W-F0-1  /T5-F0-1 /T5-F0-1 /T2-T5-1 
/T2-T0-1 /T1-F0-1 /D:2     /W-F3-1  /D:4     /W-T1-1  /R       /D:1     /W-T6-1  /D:2     
/W-T0-1  /D:3     /W-T0-1  /T3-T0-1 /T6-T3-2 /T4-T6-1 /T4-F3-1 /T3-T2-3 /T3-F1-1 /T5-F3-1 
/T5-F0-1 /T5-T0-1 /T1-T6-1 /T1-F3-1 /T6-T1-2 /T6-F0-1 /T0-F3-1 /T5-T0-1 /T5-F2-1 /T1-F2-1 
/W-F2-1  /T4-T2-1 /D:1     /W-T2-1  /T1-T2-2 /T1-F3-1 /D:1     /W-T3-1  /D:1     /W-T3-1  
/W-T3-1  /W-F0-1  /T1-F0-1 /T6-F0-1 /T6-F1-1 /T2-F1-1 /T0-F1-1 /T2-F2-1 /T0-F2-1 /T0-F3-1 
/T2-F1-1 /T2-F2-1 /T1-F3-1 /T0-F2-1 /T1-F0-1 /T3-F0-1 /T2-T6-4 /D:1     /W-F1-1  /T6-F1-1 
/T0-F1-1 /T6-F2-1 /T6-F1-1 /T0-F2-1 /T0-F1-1 /T6-F2-1 /T0-F2-1 /T1-T6-2 /T1-F1-1 /D:1     
/W-F3-1  /T6-F3-1 /T3-F3-1 /T6-F0-1 /T3-F0-1 /T6-F3-1 
"
1011455,Q#Bw#dXK#lNpk#TYLEI#UFVvSZ#jJfOzWC#rhGbyAnMDacuxRiHtmoqsPeg,121.000000,2239.000000,39.000000,0.677215,1,"
minimal: 0 / states: 124 / duration: 0.000139s
history:
/T6-T0-1  /T6-T2-1  /T4-T2-1  /T1-T3-1  /T0-T4-2  /T5-T0-1  /T4-T5-3  /T3-T4-2  /T4-T0-3  /T2-T4-3  
/T4-T6-4  /D:2      /W-T6-1   /D:1      /W-T6-1   /T5-T6-4  /D:1      /W-T3-1   /D:2      /W-F0-1   
/T1-F0-1  /T6-T1-11 /T6-T1-1  /D:1      /W-F2-1   /D:3      /W-F1-1   /T3-F1-1  /T1-T3-1  /T1-F0-1  
/T3-T1-2  /T3-F3-1  /T1-F3-1  /W-F0-1   /D:1      /W-F1-1   /D:2      /W-T3-1   /D:2      /W-T0-1   
/D:1      /W-T0-1   /T4-T0-1  /D:2      /W-T4-1   /D:1      /W-F2-1   /T1-F2-1  /D:1      /W-F2-1   
/D:1      /W-T0-1   /D:1      /W-F3-1   /T1-F3-1  /T1-F0-1  /D:1      /W-T0-1   /D:1      /R        
/D:1      /W-F2-1   /D:1      /W-T4-1   /T2-T4-1  /T2-F1-1  /T0-F1-1  /T6-F1-1  /T6-T4-1  /T5-T6-1  
/T5-T4-1  /T5-F0-1  /T0-F2-1  /T5-T6-1  /T6-T3-3  /D:1      /W-T2-1   /T3-T2-5  /D:1      /W-T4-1   
/D:1      /W-F3-1   /T1-F3-1  /T0-F3-1  /T1-F0-1  /T0-F0-1  /T2-F3-1  /T1-T2-1  /T1-F0-1  /T4-T0-1  
/T4-F3-1  /T1-F3-1  /T4-F0-1  /T1-F0-1  /T4-F3-1  /T1-F3-1  /T0-T4-4  /T0-F0-1  /T0-F3-1  /T2-T1-5  
/T2-F0-1  /D:1      /W-F2-1   /T4-F2-1  /D:1      /W-F1-1   /T1-F1-1  /T1-F2-1  /T4-F1-1  /T1-F1-1  
/T4-F2-1  /T1-F2-1  /T4-F1-1  /T1-F1-1  /T4-F2-1  /T1-F2-1  /T4-F1-1  
"
1011475,L#OW#XCv#rImS#nNpyA#QfsdZc#KDlzYkR#ouqjPGwUaBEbhgxJtMHieTVF,122.500000,908.000000,39.000000,0.643836,1,"
minimal: 0 / states: 113 / duration: 0.000142s
history:
/T4-F0-1 /T2-T1-1 /D:1     /W-T5-1  /D:2     /W-T6-1  /T5-T6-2 /T4-T5-1 /D:5     /W-T1-1  
/D:1     /W-F1-1  /D:1     /W-F0-1  /T2-F0-1 /T2-T0-1 /T5-T2-2 /T4-T5-1 /T4-F3-1 /T4-F2-1 
/T6-F2-1 /T5-F2-1 /W-T0-1  /W-T1-1  /T3-T1-1 /T3-T4-1 /T0-T4-3 /D:1     /W-T1-1  /T5-T1-1 
/T6-T5-3 /T6-T2-1 /D:1     /W-F1-1  /T5-F1-1 /T1-F1-1 /T5-F2-1 /D:1     /W-T3-1  /D:2     
/W-T6-1  /T1-T6-6 /T1-F3-1 /D:1     /W-T2-1  /D:1     /W-T3-1  /D:1     /W-T0-1  /T6-T0-8 
/T6-T1-1 /T6-T1-1 /T6-F0-1 /T0-F0-1 /T6-T1-1 /D:2     /W-T2-1  /W-T2-1  /W-T2-1  /W-F3-1  
/T5-T2-2 /T5-T3-1 /T5-F3-1 /T2-F3-1 /W-T1-1  /T3-T1-4 /T3-F2-1 /T0-F3-1 /T2-F2-1 /T1-T0-1 
/T1-F2-1 /W-F2-1  /D:1     /W-F1-1  /T0-F1-1 /T2-F1-1 /T1-F1-1 /T0-T1-2 /T0-F2-1 /T4-F2-1 
/D:1     /W-F3-1  /D:2     /W-F0-1  /T1-F0-1 /T1-F3-1 /T2-F0-1 /T1-F0-1 /T2-F1-1 /T1-F1-1 
/W-F3-1  /T0-F3-1 /T0-F2-1 /T2-F0-1 /T1-F0-1 /T2-F1-1 /T1-F1-1 /T4-F3-1 /T0-F3-1 /T2-F2-1 
/T1-F2-1 /T4-F0-1 /T0-F0-1 /T2-F3-1 /T4-F1-1 
"
1011546,c#Yq#uVC#OIKy#dQNmX#AbSLGB#iwsnEvf#hatgJlToZzkjrRUHepWDxMPF,157.500000,1435.000000,54.000000,0.565217,1,"
minimal: 0 / states: 128 / duration: 0.000150s
history:
/T5-T0-1  /T6-T5-1  /T4-T3-1  /T3-T4-2  /T0-T1-2  /T4-T0-3  /T4-F3-1  /T2-T4-1  /D:1      /W-T6-1   
/T5-T6-2  /D:1      /W-F1-1   /D:3      /W-T0-1   /T2-T0-1  /W-T2-1   /T2-T0-2  /D:4      /W-T2-1   
/T5-T2-1  /D:2      /W-T2-1   /D:1      /W-T3-1   /T6-T3-4  /T6-T3-1  /T6-F2-1  /T6-T0-1  /T4-T3-2  
/T6-T2-1  /T6-T2-1  /W-T6-1   /W-F2-1   /D:1      /W-T5-1   /T4-T5-1  /D:1      /W-T0-1   /T1-T0-3  
/T3-T1-9  /T1-T6-10 /D:1      /W-T3-1   /D:1      /W-T2-1   /W-T2-1   /D:2      /W-F2-1   /D:4      
/W-T1-1   /D:2      /W-T2-1   /R        /D:1      /W-T3-1   /T5-T3-3  /T5-F1-1  /T5-F0-1  /T0-F0-1  
/T0-F1-1  /T0-F2-1  /T3-F1-1  /T3-F2-1  /T6-F0-1  /T0-T2-1  /T0-F2-1  /D:1      /W-T1-1   /D:1      
/W-F1-1   /T6-T3-2  /T6-F1-1  /T0-F1-1  /T3-T6-3  /T3-F2-1  /T0-F2-1  /T6-T3-4  /T6-F1-1  /T6-F2-1  
/T3-T6-6  /T3-F3-1  /T2-T0-4  /T2-F1-1  /T2-F2-1  /D:2      /W-F0-1   /D:1      /W-F2-1   /D:1      
/W-F3-1   /T6-F3-1  /T0-F3-1  /T6-F0-1  /T0-F0-1  /T6-F3-1  /T0-F3-1  /T6-F0-1  /T0-F0-1  /T6-F3-1  
/T0-F3-1  /T6-F0-1  /T0-F0-1  /T6-F1-1  /T2-F1-1  /W-F3-1   /T0-F3-1  /T0-F2-1  /T6-F0-1  /T1-F1-1  
/T2-F0-1  /T0-F1-1  /T6-F3-1  /T1-F0-1  /T2-F3-1  /T6-F2-1  
"
1011572,q#NI#YRf#CylK#XdUnb#JcEMjw#ZtPmOGa#zpehoiFkLuWVQAxsgTDrBHvS,92.500000,498.000000,33.000000,0.761538,1,"
minimal: 0 / states: 112 / duration: 0.000128s
history:
/T6-F1-1 /T4-F1-1 /T4-F2-1 /T6-T4-1 /T2-T4-1 /T4-T1-3 /T0-T2-1 /D:1     /W-T0-1  /D:1     
/W-T4-1  /T6-T4-1 /D:3     /W-F2-1  /D:1     /W-T5-1  /D:3     /W-T6-1  /W-T6-1  /T5-T6-2 
/T5-T3-1 /T1-T3-4 /T1-F3-1 /T4-F3-1 /T4-F2-1 /T5-T1-1 /T5-T3-1 /T5-F1-1 /T4-F1-1 /T5-T4-1 
/T6-T5-5 /T6-F3-1 /T2-F2-1 /D:1     /W-T5-1  /D:2     /W-T4-1  /D:1     /W-F3-1  /T2-F3-1 
/T3-T2-7 /T3-T0-1 /T2-T1-8 /T4-T3-3 /D:1     /W-F0-1  /D:1     /W-T0-1  /W-T0-1  /D:2     
/W-T5-1  /W-T5-1  /D:3     /W-F2-1  /T5-F2-1 /T6-F2-1 /T3-T6-4 /D:1     /W-F0-1  /T3-F0-1 
/W-F0-1  /T1-F0-1 /D:1     /W-T6-1  /T5-T6-1 /T5-F2-1 /D:1     /W-F2-1  /D:1     /W-F3-1  
/W-F3-1  /W-F0-1  /R       /D:1     /W-F1-1  /T1-F1-1 /T1-F0-1 /T1-F3-1 /T6-F1-1 /T6-F0-1 
/T6-F3-1 /T0-F3-1 /T1-F0-1 /T6-F0-1 /T6-F3-1 /T1-T0-1 /T1-F0-1 /T1-F3-1 /T5-T6-3 /T5-F0-1 
/T1-F0-1 /T6-T5-4 /T6-F3-1 /D:1     /W-F1-1  /T5-F1-1 /T0-F1-1 /T5-F2-1 /T0-F2-1 /T5-F1-1 
/T0-F1-1 /T5-F2-1 /T0-F2-1 /T5-F1-1 
"
1011577,H#Av#eZs#IGtz#PXpdL#lNncUT#WCDQjaR#xBVSgJOowyFqbikuEhKMrYfm,121.500000,1135.000000,44.000000,0.662651,1,"
minimal: 0 / states: 128 / duration: 0.000139s
history:
/T6-T2-1 /T6-F1-1 /T5-T0-1 /T5-T1-1 /T2-T0-2 /T4-T2-1 /T1-T6-2 /T1-F0-1 /T3-T1-1 /T3-T6-1 
/D:2     /W-F0-1  /D:2     /W-T3-1  /D:4     /W-T5-1  /D:4     /W-T0-1  /T5-T0-2 /T5-F2-1 
/T0-F2-1 /T5-F3-1 /T5-T1-1 /T2-T5-2 /D:1     /W-F1-1  /T0-F1-1 /T4-F1-1 /T4-F2-1 /T4-T5-1 
/T0-F2-1 /T2-F1-1 /D:4     /W-T3-1  /D:2     /W-T1-1  /T6-T1-4 /T6-T3-1 /T6-T0-1 /T6-F0-1 
/T0-F0-1 /D:1     /W-T2-1  /D:1     /W-F2-1  /D:1     /W-T2-1  /D:1     /W-F1-1  /D:1     
/R       /D:1     /W-T2-1  /T6-T2-1 /D:2     /W-F1-1  /D:1     /W-T5-1  /W-T5-1  /T0-T5-4 
/D:1     /W-F3-1  /T4-F3-1 /T3-F3-1 /T3-F0-1 /T5-F3-1 /T3-F3-1 /T5-F2-1 /T1-F2-1 /T3-T1-1 
/T5-F3-1 /T3-T2-1 /D:3     /W-F0-1  /T1-F0-1 /T1-F3-1 /T5-F0-1 /T2-F0-1 /T5-F3-1 /T2-F3-1 
/T5-F0-1 /T5-F3-1 /T1-T2-2 /T1-F0-1 /T5-F0-1 /T2-T1-3 /T2-F3-1 /T2-F0-1 /T5-F3-1 /D:3     
/W-F2-1  /T1-F2-1 /D:1     /W-F1-1  /D:1     /W-T0-1  /R       /D:1     /W-F2-1  /D:1     
/W-T0-1  /D:1     /W-F1-1  /T1-F1-1 /T1-F2-1 /T0-F2-1 /D:1     /W-F1-1  /T1-F1-1 /T0-F1-1 
/T1-F2-1 
"
1011598,K#St#cjp#gkmV#DOQaN#WileoR#wvrPubH#MXIhGTYsdyJLAFEzBxnUCfZq,132.000000,2927.000000,39.000000,0.704819,1,"
minimal: 0 / states: 107 / duration: 0.000139s
history:
/T4-F3-1 /T4-F1-1 /T6-T3-1 /T6-F1-1 /T2-T4-1 /T2-T0-1 /T2-F1-1 /D:1     /W-T2-1  /D:2     
/W-T0-1  /D:1     /W-T0-1  /T1-T0-1 /T1-T0-1 /D:2     /W-T3-1  /D:1     /W-T2-1  /T0-T2-6 
/D:1     /W-T3-1  /T5-T3-1 /D:1     /W-F1-1  /D:4     /W-F0-1  /D:2     /W-T2-1  /T4-T2-2 
/T4-F3-1 /T4-T3-1 /D:1     /W-T0-1  /D:1     /W-F0-1  /D:2     /W-F2-1  /T5-F2-1 /T2-F2-1 
/T5-F1-1 /T5-T0-1 /T6-T5-1 /T6-F3-1 /T2-F3-1 /W-T0-1  /D:2     /W-F0-1  /T3-F0-1 /T2-F0-1 
/T6-T2-1 /T3-F3-1 /W-T6-1  /W-F0-1  /D:1     /W-F1-1  /D:1     /W-T1-1  /W-T1-1  /D:1     
/W-F2-1  /T2-F2-1 /T2-F3-1 /T3-F2-1 /T2-F2-1 /T3-F3-1 /T5-F2-1 /T6-F3-1 /T6-F2-1 /T3-T6-2 
/T3-T4-1 /T3-T1-1 /T3-F1-1 /W-T1-1  /T5-T1-1 /T2-F1-1 /T1-F1-1 /T2-T5-1 /T2-F1-1 /T6-T1-2 
/T6-F2-1 /T0-F2-1 /W-F2-1  /W-F0-1  /T1-F0-1 /T1-F3-1 /T5-F0-1 /T1-F0-1 /T1-F1-1 /T5-F3-1 
/T2-F0-1 /T0-F1-1 /W-F3-1  /T1-F0-1 /T2-F3-1 /T0-F2-1 /T1-F3-1 /T2-F0-1 /T4-F1-1 
"
1011600,E#kI#RNj#VMUJ#uhPZb#lDqxny#eWcCOYo#AzaXQTHfriKvpdGFSgLmBtws,79.000000,307.000000,21.000000,0.925532,1,"
minimal: 0 / states: 114 / duration: 0.000142s
history:
/T1-T2-1 /T3-T1-1 /T3-T2-1 /T1-T5-2 /T3-T1-1 /T3-T5-1 /D:1     /W-F0-1  /D:1     /W-T3-1  
/D:1     /W-F1-1  /T4-F1-1 /T5-T4-4 /T5-F2-1 /T6-F2-1 /T6-T1-1 /T5-T1-1 /T2-T1-3 /T2-F3-1 
/T6-F3-1 /T5-T2-1 /D:2     /W-T0-1  /T6-T0-1 /T6-F1-1 /D:2     /W-T4-1  /W-T4-1  /D:5     
/W-T6-1  /D:1     /W-F2-1  /T2-F2-1 /T5-T2-1 /T5-T3-1 /T4-T5-7 /T4-F3-1 /T4-T6-1 /W-T3-1  
/T6-T3-3 /D:1     /W-F1-1  /T6-F1-1 /D:1     /W-T1-1  /D:1     /W-T5-1  /T2-T5-2 /D:1     
/W-T1-1  /T0-T1-3 /D:1     /W-T4-1  /D:2     /W-T0-1  /W-T0-1  /D:1     /W-F0-1  /T1-F0-1 
/T1-F3-1 /T5-F0-1 /T1-F0-1 /T5-F3-1 /T5-F0-1 /T1-F3-1 /T1-F0-1 /T5-F3-1 /T1-F3-1 /T5-F0-1 
/T1-F0-1 /T5-F3-1 /T5-F0-1 /T3-T1-2 /T3-F3-1 /T3-F0-1 /T0-F0-1 /D:1     /W-T1-1  /D:1     
/W-T5-1  /W-T5-1  /W-F2-1  /W-F1-1  /T4-F1-1 /W-F3-1  /T1-T3-5 /T1-F3-1 /T1-F0-1 /T5-T0-4 
/T5-F3-1 /T4-T0-1 /D:1     /W-F2-1  /T3-F2-1 /T0-F2-1 /T3-F1-1 /T0-F1-1 /T3-F2-1 /T0-F2-1 
/T3-F1-1 /T0-F1-1 /T3-F2-1 /T0-F2-1 /T3-F1-1 /T0-F1-1 /T3-F2-1 
"
1011617,u#ZV#boe#BWDt#jvyhL#SgkaOd#RHGIxlE#NUpFsmTXcnqfYAJKiPQCwrzM,135.500000,3081.000000,43.000000,0.662921,1,"
minimal: 0 / states: 117 / duration: 0.000131s
history:
/T5-T6-1 /T0-T1-1 /D:1     /W-F3-1  /T5-F3-1 /T5-F1-1 /T5-T4-1 /T5-T1-1 /T6-T5-2 /T5-T3-3 
/D:2     /W-T3-1  /D:1     /W-T1-1  /T2-T1-1 /D:2     /W-T0-1  /T4-T0-2 /T3-T4-5 /T3-T1-1 
/D:3     /W-T1-1  /T2-T1-1 /T2-F1-1 /D:1     /W-F2-1  /T1-F2-1 /T4-F2-1 /T1-F1-1 /T4-F1-1 
/D:1     /W-F2-1  /D:3     /W-F0-1  /D:1     /W-T0-1  /T1-T0-6 /D:1     /W-T6-1  /T3-T6-1 
/T3-F0-1 /D:2     /W-F3-1  /D:1     /W-F3-1  /D:1     /W-F0-1  /T0-F0-1 /T0-F1-1 /T4-F0-1 
/T0-F0-1 /D:2     /W-F2-1  /D:1     /W-T2-1  /T6-T2-3 /D:1     /W-T3-1  /R       /D:2     
/W-F2-1  /D:3     /W-F1-1  /T0-F1-1 /D:1     /W-T3-1  /T6-T3-1 /T4-T6-3 /T6-T2-4 /T6-F0-1 
/T6-F0-1 /T6-F3-1 /T2-F3-1 /T2-F2-1 /T2-F1-1 /T4-T1-1 /T0-F2-1 /T4-F2-1 /T2-F0-1 /W-T1-1  
/W-F3-1  /W-F3-1  /T0-F3-1 /T2-F3-1 /T0-F0-1 /T1-F3-1 /T2-F0-1 /T0-T1-1 /T0-F0-1 /T3-T2-1 
/T3-F3-1 /T3-F0-1 /T1-T0-2 /T1-F3-1 /T4-T2-1 /D:1     /W-F1-1  /T2-F1-1 /T0-F1-1 /D:1     
/W-F2-1  /T2-F2-1 /T0-F2-1 /T2-F1-1 /T0-F1-1 /T2-F2-1 
"
1011664,f#LV#pKA#RbPW#IsGtX#xiuqEh#gedQNDn#oFczJkjOrwTSmHYBMlCZvUya,160.000000,2811.000000,50.000000,0.620000,1,"
minimal: 0 / states: 125 / duration: 0.000183s
history:
/T2-F0-1 /T6-F2-1 /T3-T2-1 /T3-T6-1 /D:1     /W-F2-1  /D:4     /W-T4-1  /T1-T4-1 /T4-T1-3 
/T4-T5-1 /T0-T4-1 /W-T0-1  /D:4     /W-T4-1  /D:3     /W-T5-1  /D:2     /W-T1-1  /D:1     
/W-T0-1  /T2-T0-2 /T3-T2-1 /T6-T3-2 /T6-F3-1 /T6-T4-1 /T2-T4-2 /W-T2-1  /W-T1-1  /T1-T2-6 
/D:1     /W-F0-1  /D:1     /W-T1-1  /D:1     /W-T1-1  /D:1     /W-F0-1  /D:2     /W-T0-1  
/T5-T0-3 /T5-T0-1 /T6-T0-1 /T5-T6-1 /T3-T6-1 /T3-F0-1 /D:3     /W-F1-1  /T4-F1-1 /T4-F2-1 
/R       /D:1     /W-T2-1  /T6-T2-3 /T6-T5-1 /D:1     /W-F1-1  /T0-F1-1 /T0-F0-1 /T2-T3-2 
/T2-F1-1 /T2-F0-1 /T4-T0-2 /T4-F1-1 /T4-F0-1 /T4-T2-1 /T5-F1-1 /T2-T5-2 /T2-F0-1 /T5-T2-3 
/T4-F0-1 /T3-T2-3 /D:3     /W-F3-1  /T2-F3-1 /T0-F3-1 /T2-F2-1 /T0-F2-1 /T2-F3-1 /T0-F3-1 
/T2-F2-1 /T0-F2-1 /T0-F1-1 /T2-F3-1 /T2-F2-1 /T5-F1-1 /T0-F2-1 /W-F1-1  /W-F1-1  /T1-F1-1 
/D:1     /W-F2-1  /T5-F2-1 /D:1     /W-T3-1  /T2-T3-4 /T2-F1-1 /D:1     /W-F3-1  /T3-F3-1 
/T0-F3-1 /T3-F0-1 /T0-F0-1 /T3-F3-1 /T0-F3-1 /T3-F0-1 /T1-F0-1 /T3-F3-1 /D:1     /W-F2-1  
/T0-F2-1 
"
1011731,U#Aw#PGc#tzTM#ZDbel#vFRpqN#SrHnadm#KVIoyhWsuigYCLOfQxEBjJXk,130.500000,2016.000000,52.000000,0.581522,1,"
minimal: 0 / states: 127 / duration: 0.000141s
history:
/T5-F3-1 /T4-T3-1 /T5-T4-1 /T2-T4-1 /T2-T0-1 /D:1     /W-T3-1  /D:1     /W-T1-1  /D:2     
/W-T2-1  /D:1     /W-T6-1  /D:2     /W-T3-1  /D:2     /W-T1-1  /D:2     /W-T1-1  /D:4     
/W-F3-1  /T2-T4-1 /T2-F3-1 /T6-T2-2 /T5-T6-1 /D:1     /W-T0-1  /D:1     /W-F3-1  /T5-F3-1 
/T4-T5-4 /T4-T6-1 /T5-T1-5 /T0-T5-3 /T3-T0-4 /T5-T0-4 /D:2     /W-T0-1  /T6-T0-3 /T6-F1-1 
/T0-F1-1 /T6-F2-1 /T1-F2-1 /T0-F2-1 /T3-T6-1 /T3-T5-1 /T1-F1-1 /T1-F2-1 /T4-T1-1 /T0-F1-1 
/D:4     /W-T2-1  /T1-T2-7 /T1-F0-1 /D:1     /R       /D:3     /W-T6-1  /D:2     /W-T5-1  
/D:2     /W-T4-1  /D:1     /W-T5-1  /D:1     /W-F0-1  /W-F0-1  /T2-F0-1 /T0-F0-1 /T2-F1-1 
/T2-F0-1 /T0-F1-1 /T0-F0-1 /T2-F1-1 /T6-T2-2 /T6-F0-1 /T6-F2-1 /T2-F2-1 /T6-F3-1 /T2-F3-1 
/T3-F2-1 /T0-F3-1 /T2-F2-1 /T2-F3-1 /T0-F2-1 /T0-F3-1 /T2-F2-1 /T2-F3-1 /T5-F2-1 /T2-F2-1 
/T5-F3-1 /T5-F2-1 /T4-T2-1 /T4-F3-1 /D:1     /W-T0-1  /D:2     /W-T2-1  /W-T2-1  /W-T2-1  
/W-F1-1  /T2-F1-1 /W-F0-1  /T0-F1-1 /T2-F0-1 /T0-F0-1 /T2-F1-1 /T0-F1-1 /T2-F0-1 /T0-F0-1 
/T2-F1-1 
"
1011734,w#rf#exJ#WczC#aqpyY#QStgNK#onTOBbv#kRZsVGXFUAMLEjHIdlPDuimh,132.000000,1781.000000,57.000000,0.619565,1,"
minimal: 0 / states: 125 / duration: 0.000149s
history:
/T5-T4-1  /T5-F3-1  /D:4      /W-T5-1   /D:1      /W-T0-1   /D:4      /W-T6-1   /D:1      /W-F0-1   
/D:3      /W-T1-1   /D:1      /W-T4-1   /T6-T4-2  /T6-T3-1  /T6-F0-1  /T6-F3-1  /D:1      /W-T0-1   
/T5-T0-2  /T5-T4-1  /T1-T4-2  /T1-T5-1  /D:2      /W-T4-1   /T3-T4-2  /T4-T3-11 /T3-T1-12 /D:2      
/W-F3-1   /D:3      /W-T2-1   /W-T2-1   /T6-T2-1  /T6-F2-1  /T6-F2-1  /D:1      /W-T6-1   /T4-T6-1  
/T4-F2-1  /T4-F2-1  /T4-F1-1  /T1-F1-1  /T1-F0-1  /T3-F1-1  /T1-F1-1  /W-F0-1   /T1-F0-1  /T5-F2-1  
/T0-F2-1  /D:1      /R        /D:1      /W-T6-1   /T2-T6-4  /T3-T2-1  /D:2      /W-T3-1   /D:3      
/W-F0-1   /D:1      /W-T4-1   /D:1      /W-T3-1   /W-T3-1   /W-F0-1   /T0-T3-4  /D:1      /W-T2-1   
/D:1      /W-T4-1   /T2-T4-3  /T2-F1-1  /T1-F1-1  /T3-F1-1  /T5-T1-1  /T5-F3-1  /W-F3-1   /T1-F3-1  
/T1-F2-1  /T6-F3-1  /T1-F3-1  /T3-F0-1  /T6-F2-1  /T3-F3-1  /T1-F2-1  /T3-F2-1  /T4-F0-1  /T4-F3-1  
/T3-F3-1  /T4-F2-1  /T1-T4-2  /T1-F3-1  /T6-T3-3  /T6-F2-1  /T1-F2-1  /T3-T6-4  /T3-F3-1  /D:1      
/W-F1-1   /T6-F1-1  /T4-F1-1  /T6-F0-1  /T4-F0-1  /T6-F1-1  /T4-F1-1  /T6-F0-1  /T4-F0-1  /T6-F1-1  
"
1011753,R#yJ#uEM#rPja#cWKkq#wTeYHv#VGodXlh#nLxBOCFAsgtSpQzDNIfiZUbm,142.000000,1731.000000,48.000000,0.593023,1,"
minimal: 0 / states: 123 / duration: 0.000144s
history:
/T3-F1-1 /T6-T5-1 /T5-T3-2 /T6-T2-1 /T4-T0-1 /T1-T4-1 /T6-T1-1 /D:1     /W-F2-1  /D:2     
/W-T2-1  /T3-T2-3 /T3-T0-1 /T6-T3-1 /T6-F2-1 /T6-T2-1 /T5-T6-1 /T6-T4-2 /T2-T6-7 /D:1     
/W-T0-1  /D:2     /W-T3-1  /W-T3-1  /D:2     /W-F0-1  /T0-F0-1 /D:2     /W-T4-1  /W-T4-1  
/T0-T4-3 /D:2     /W-T6-1  /T2-T6-1 /D:1     /W-F2-1  /D:1     /W-T6-1  /D:1     /W-T0-1  
/T5-T0-1 /D:1     /W-T5-1  /T4-T5-1 /T4-F2-1 /D:1     /W-F3-1  /T3-F3-1 /T5-F3-1 /T3-F0-1 
/T6-F3-1 /T4-F3-1 /T5-T4-2 /T5-T2-1 /T4-F0-1 /T6-F0-1 /T6-F3-1 /T2-F3-1 /T5-T1-1 /D:2     
/W-T6-1  /T3-T6-2 /D:1     /W-T1-1  /T2-T1-1 /D:1     /W-T2-1  /T1-T2-5 /D:1     /W-F3-1  
/D:1     /W-F1-1  /D:1     /W-T1-1  /R       /D:1     /W-T1-1  /T4-T1-7 /T4-T0-1 /T4-T0-1 
/T4-F1-1 /T6-F1-1 /T1-F1-1 /T6-F2-1 /T1-F2-1 /T6-F1-1 /T1-F1-1 /D:1     /W-F0-1  /T6-F0-1 
/T1-F0-1 /T1-F3-1 /T0-F3-1 /T6-F1-1 /D:1     /W-F2-1  /T2-F2-1 /T2-F1-1 /T6-F2-1 /T2-F2-1 
/T2-F3-1 /T6-F1-1 /T6-F2-1 /T2-F2-1 /T0-T6-1 /T0-F3-1 /T0-F2-1 /T2-F3-1 /D:1     /W-F0-1  
/T1-F0-1 /T1-F1-1 /T6-F0-1 /T1-F0-1 /T6-F1-1 /T1-F1-1 /T6-F0-1 
"
1011763,L#Rx#WPj#MZJo#besqf#FNBTuv#AVtOUCk#rwKaSmYdHpDlznhQiIgXEycG,51.000000,291.000000,13.000000,1.152778,1,"
minimal: 0 / states: 121 / duration: 0.000132s
history:
/T6-T0-1 /T5-T2-1 /T2-T1-2 /T3-T2-1 /T3-T0-1 /T0-T3-3 /T3-T0-4 /D:1     /W-T4-1  /D:3     
/W-F1-1  /D:3     /W-T3-1  /T1-T3-3 /D:1     /W-T4-1  /T6-T4-1 /T6-T3-1 /T6-T4-1 /T4-T6-5 
/T4-T1-1 /T6-T3-6 /T5-T6-1 /T5-T6-1 /T4-T6-1 /T2-T1-2 /T4-T6-1 /T4-F1-1 /T6-T0-5 /T6-F0-1 
/T5-F0-1 /T5-F3-1 /T3-F3-1 /T3-F0-1 /W-T4-1  /T1-T5-4 /D:2     /W-T3-1  /D:1     /W-F0-1  
/D:2     /W-T1-1  /W-T1-1  /D:1     /W-F2-1  /T5-F2-1 /T3-F2-1 /T5-F3-1 /T5-F2-1 /D:2     
/W-F3-1  /T5-F3-1 /D:2     /W-T2-1  /D:3     /W-F0-1  /T5-F0-1 /D:1     /W-T4-1  /W-T4-1  
/D:1     /W-F1-1  /T3-F1-1 /T0-F1-1 /T3-F2-1 /T0-F2-1 /T3-F1-1 /W-F1-1  /T3-F2-1 /D:1     
/W-F0-1  /R       /D:1     /W-T4-1  /D:1     /W-T1-1  /T2-T1-2 /D:1     /W-F3-1  /T0-F3-1 
/T0-F2-1 /T3-F3-1 /T0-F3-1 /T3-F2-1 /T4-F2-1 /T1-T3-1 /T1-F3-1 /T4-F3-1 /T3-T1-2 /T3-F2-1 
/T3-F3-1 /T4-F2-1 /T0-T4-3 /T0-F3-1 /T1-T3-4 /T1-F2-1 /D:1     /W-F0-1  /T3-F0-1 /T4-F0-1 
/D:1     /W-F1-1  /D:1     /W-F1-1  /T3-F1-1 /T3-F0-1 /T4-F1-1 /T3-F1-1 /T4-F0-1 /T3-F0-1 
/T4-F1-1 
"
1011794,u#GH#Zzb#pgIw#kCTPi#YELNqo#FrVRcUJ#KSjQdXtDOfWehvyMlxnmaBsA,132.000000,2123.000000,70.000000,0.461905,1,"
minimal: 0 / states: 141 / duration: 0.000162s
history:
/T4-T3-1 /T5-T4-1 /T4-T5-2 /T4-T0-1 /T2-T4-1 /T1-T3-1 /D:2     /W-T1-1  /D:15    /W-T2-1  
/D:1     /W-T2-1  /D:1     /W-F2-1  /T5-F2-1 /D:2     /W-F1-1  /T4-F1-1 /D:1     /W-T5-1  
/D:1     /W-T0-1  /D:1     /W-F0-1  /T5-F0-1 /T4-F0-1 /T6-T4-1 /T1-T6-2 /T2-T1-3 /R       
/D:2     /W-T1-1  /D:5     /W-F0-1  /D:4     /W-T0-1  /T5-T0-2 /T5-F3-1 /T5-T2-1 /T5-F0-1 
/T4-T2-2 /D:2     /W-T1-1  /T6-T1-3 /T6-F1-1 /D:2     /W-T4-1  /T5-T4-1 /D:1     /W-T5-1  
/W-T5-1  /R       /D:1     /W-T4-1  /D:2     /W-F1-1  /T0-T6-2 /T0-F1-1 /T6-T0-3 /T6-T2-1 
/T6-T1-1 /T6-F0-1 /W-T1-1  /T0-T2-6 /D:1     /W-T5-1  /T3-T5-3 /D:2     /W-F3-1  /T2-F3-1 
/T1-F3-1 /D:1     /W-F1-1  /D:1     /W-T4-1  /T3-T4-1 /T3-F1-1 /T3-F2-1 /T2-F2-1 /T1-F2-1 
/T2-F3-1 /T1-F3-1 /T1-F0-1 /T2-F2-1 /T2-F3-1 /T5-F0-1 /W-F2-1  /T1-F3-1 /T2-F2-1 /T2-F3-1 
/T1-F2-1 /T4-F0-1 /T4-F3-1 /T2-F0-1 /T4-F0-1 /T5-T2-2 /T5-F3-1 /T4-F3-1 /T2-T5-3 /T2-F0-1 
/T2-F3-1 /T4-F0-1 /D:1     /W-F1-1  /T5-F1-1 /T1-F1-1 /T5-F2-1 /T1-F2-1 /T5-F1-1 /T1-F1-1 
/T5-F2-1 /T1-F2-1 /T5-F1-1 
"
1011807,l#Ak#QmW#fzqN#iVGxL#sXDPug#SrhtEUR#cnOjoKbyHvFaZeCwMdBTJIYp,121.500000,1500.000000,45.000000,0.613924,1,"
minimal: 0 / states: 121 / duration: 0.000148s
history:
/T3-F3-1 /T3-T6-1 /T1-T4-1 /T1-F0-1 /T3-T1-1 /T0-T1-1 /D:1     /W-T6-1  /D:1     /W-F2-1  
/D:1     /W-F3-1  /D:2     /W-F2-1  /D:1     /W-T1-1  /T2-T1-1 /T4-T2-2 /T2-T0-3 /W-T4-1  
/D:4     /W-T1-1  /D:1     /W-T5-1  /T6-T5-3 /T6-T1-1 /T6-T3-1 /T6-T1-1 /T2-T3-1 /T3-T1-3 
/D:1     /W-F1-1  /D:1     /W-T2-1  /D:2     /W-T1-1  /D:1     /W-T0-1  /D:1     /W-T3-1  
/D:2     /W-F0-1  /T1-F0-1 /D:3     /W-T4-1  /T6-T4-1 /D:1     /W-T3-1  /T4-T3-4 /T4-T3-1 
/T4-T0-1 /D:1     /W-F2-1  /R       /D:1     /W-F1-1  /T5-F1-1 /T5-F2-1 /T6-F2-1 /T6-T3-1 
/D:1     /W-T2-1  /D:1     /W-T0-1  /T5-T0-3 /T5-T4-1 /T5-F3-1 /T1-F3-1 /T5-F0-1 /T0-F3-1 
/T5-T2-1 /T1-F0-1 /T3-F3-1 /T0-F0-1 /T3-F0-1 /T5-F2-1 /T0-T4-1 /T0-F0-1 /D:2     /W-F1-1  
/W-F1-1  /T1-F1-1 /T1-F2-1 /T4-F1-1 /T3-F1-1 /T3-F0-1 /T4-F2-1 /T4-F1-1 /T3-F1-1 /T0-T2-2 
/T0-F1-1 /D:1     /W-F3-1  /T1-F3-1 /T1-F2-1 /T2-F3-1 /T1-F3-1 /T2-F2-1 /T3-F2-1 /T2-F3-1 
/T2-F2-1 /T3-F3-1 /T2-F3-1 /T1-T3-2 /T1-F2-1 /D:1     /W-F0-1  /T3-F0-1 /T0-F0-1 /T3-F1-1 
/T0-F1-1 /T3-F0-1 
"
1011833,f#an#Tqm#MYGI#vhEOR#KLuZgp#jWFdrib#BVwNkHcsCeQXPUztDJoAyxlS,158.000000,2722.000000,50.000000,0.617925,1,"
minimal: 0 / states: 119 / duration: 0.000140s
history:
/T1-F2-1 /T1-F1-1 /T6-F1-1 /T2-T1-1 /T2-T4-1 /D:4     /W-F3-1  /D:2     /W-T6-1  /T2-T6-1 
/D:1     /W-F1-1  /D:1     /W-T6-1  /T4-T6-2 /T4-F3-1 /T4-T0-1 /T4-T3-1 /D:3     /W-T0-1  
/T5-T0-1 /D:2     /W-F3-1  /D:1     /W-T4-1  /D:1     /W-T2-1  /D:1     /W-T3-1  /T0-T3-4 
/D:3     /W-F2-1  /T3-F2-1 /T6-F2-1 /T3-F3-1 /T6-F3-1 /D:1     /W-F0-1  /D:1     /W-T1-1  
/D:2     /W-T2-1  /W-T2-1  /D:1     /W-F3-1  /T6-T5-1 /T6-F3-1 /T5-T6-2 /T5-T0-1 /T4-F3-1 
/R       /D:1     /W-F0-1  /D:1     /W-F3-1  /D:2     /W-T1-1  /W-T1-1  /T6-T1-4 /T6-F2-1 
/T6-F1-1 /T1-F2-1 /T6-T1-1 /T6-F3-1 /T3-T6-5 /T6-T3-2 /T6-F2-1 /T5-F2-1 /T3-T6-3 /T5-T0-1 
/T4-F2-1 /T5-T3-1 /T6-T2-6 /D:1     /W-F0-1  /D:1     /W-F1-1  /D:1     /W-F3-1  /D:1     
/W-F0-1  /T2-F0-1 /T1-F0-1 /T2-F1-1 /T1-F1-1 /T2-F0-1 /T1-F0-1 /T2-F1-1 /T1-F1-1 /T1-F2-1 
/T2-F0-1 /T2-F1-1 /T2-F2-1 /T3-T2-1 /T3-F3-1 /T1-F1-1 /T1-F2-1 /T0-T1-1 /T0-F3-1 /T2-T3-2 
/T2-F2-1 /D:1     /W-F0-1  /T3-F0-1 /T1-F0-1 /T3-F1-1 /T1-F1-1 /T3-F0-1 
"
1011837,l#CD#Vgb#BFok#RurUz#PptfdX#sLxancJ#WiqKAheGmTvNSHYwZIMyQEjO,97.500000,362.000000,46.000000,0.636364,0,"
minimal: 0 / states: 9020149 / duration: 29.903868s
history:
/T6-T3-1 /T6-T1-1 /T6-F2-1 /T6-F1-1 /T2-F1-1 /T1-F1-1 /T6-T0-1 /T3-T6-2 /T3-F2-1 /T3-T2-1 
/D:1     /W-T0-1  /D:1     /W-T6-1  /D:3     /W-F0-1  /T3-F0-1 /T4-T3-1 /D:2     /W-T2-1  
/T1-T2-1 /T1-F0-1 /T2-F0-1 /D:1     /W-T4-1  /D:1     /W-T1-1  /D:2     /W-T0-1  /T4-T0-2 
/D:1     /W-F3-1  /D:2     /W-T6-1  /D:1     /W-T3-1  /D:1     /W-T5-1  /D:4     /W-T1-1  
/T5-T1-2 /T5-F1-1 /T2-F1-1 /T5-F1-1 /D:1     /W-T4-1  /D:1     /W-F0-1  /T2-F0-1 /T0-F0-1 
/T2-F1-1 /T6-F0-1 /T5-T0-1 /T5-F2-1 /D:2     /W-F3-1  /T5-F3-1 /T4-F3-1 /R       /D:1     
/W-F2-1  /T4-F2-1 /D:2     /W-F1-1  /T6-F1-1 /T4-T2-1 /T4-F3-1 /D:1     /W-T2-1  /D:1     
/W-F3-1  /T2-F3-1 /D:1     /W-T4-1  /D:1     /W-F0-1  /T6-F0-1 /T6-T4-2 /T6-F2-1 /T0-F2-1 
/T0-F3-1 /T2-F2-1 /T0-F2-1 /T1-F2-1 /T2-F3-1 /T0-F3-1 /T0-F2-1 /T1-F3-1 /T1-F2-1 /T3-F3-1 
/T3-F2-1 /D:2     /W-F1-1  /T4-F1-1 /T0-F1-1 /T1-F1-1 /R       /D:1     /W-F0-1  /T4-F0-1 
/T4-F3-1 /D:1     /W-F0-1  
"
1011849,C#oT#Bmr#GDsS#fzNVF#hPZWMq#xQUAvHa#bRjyOkYieKcXtluEJpIwnLdg,109.500000,1290.000000,49.000000,0.578313,1,"
minimal: 0 / states: 124 / duration: 0.000117s
history:
/T6-F1-1  /T4-T1-1  /T6-T4-1  /T2-T3-1  /T1-T4-2  /D:1      /W-F1-1   /D:1      /W-T4-1   /T5-T4-1  
/D:2      /W-T2-1   /D:1      /W-T0-1   /D:1      /W-T2-1   /D:1      /W-T5-1   /D:3      /W-T5-1   
/D:1      /W-F1-1   /D:6      /W-T2-1   /T4-T2-6  /T4-F3-1  /T0-F3-1  /D:4      /W-F2-1   /T1-F2-1  
/T5-T1-3  /T6-T5-1  /T6-F0-1  /T5-T1-2  /T6-T1-1  /T6-T3-1  /T0-T3-1  /T5-T0-1  /T5-F3-1  /D:1      
/W-T0-1   /D:1      /W-F1-1   /D:1      /R        /D:1      /W-T6-1   /D:2      /W-F1-1   /D:1      
/W-T0-1   /D:1      /W-T1-1   /T3-T1-4  /D:1      /W-T4-1   /T6-T4-2  /T2-T6-10 /T2-F0-1  /T1-F0-1  
/T4-T2-4  /T1-F3-1  /T4-F1-1  /D:3      /W-F2-1   /T6-F2-1  /T1-F2-1  /T3-F2-1  /T3-F0-1  /T6-F3-1  
/W-F0-1   /T1-F3-1  /T1-F2-1  /T6-F0-1  /T3-F0-1  /T6-F3-1  /T1-F3-1  /T6-F0-1  /T6-F3-1  /W-F2-1   
/T1-F2-1  /T1-F3-1  /T0-F3-1  /W-T6-1   /D:1      /W-F0-1   /D:1      /W-F2-1   /T2-T1-1  /T2-F2-1  
/T1-T2-2  /T1-F3-1  /T6-T0-3  /T6-F2-1  /T0-T6-4  /T0-F3-1  /T2-T1-3  /T2-F2-1  /D:1      /W-F1-1   
/T5-F1-1  /T6-F1-1  /T1-F1-1  /T6-F0-1  /T1-F0-1  /T6-F1-1  /T1-F1-1  /T6-F0-1  /T1-F0-1  /T6-F1-1  
"
1011903,i#rJ#hyo#GQVe#TKOML#Efukpz#BmvxcgA#FUjYNaqbZHXPWCRIlSndtwDs,124.000000,1027.000000,41.000000,0.645570,1,"
minimal: 0 / states: 132 / duration: 0.000116s
history:
/T6-F0-1 /T0-T1-1 /T5-T0-1 /D:1     /W-T6-1  /T3-T6-1 /D:3     /W-T0-1  /D:1     /W-F3-1  
/D:1     /W-F1-1  /D:1     /W-T6-1  /D:1     /W-F1-1  /D:2     /W-T1-1  /T6-T1-4 /T6-F1-1 
/T6-T0-1 /F1-T1-1 /T2-T1-1 /D:1     /W-T2-1  /T1-T2-9 /D:2     /W-T0-1  /T6-T0-1 /T4-T6-1 
/D:4     /W-T4-1  /D:2     /W-F2-1  /T2-F2-1 /T5-F2-1 /T5-T6-1 /T5-T3-1 /T1-T5-1 /T4-T1-2 
/T4-F3-1 /T4-T1-1 /T4-T3-1 /T6-T4-3 /T6-F0-1 /T2-F1-1 /T2-F2-1 /T5-F2-1 /D:1     /W-F1-1  
/T2-F1-1 /T5-F1-1 /T2-T3-1 /T2-F1-1 /D:2     /W-T4-1  /T3-T4-4 /T3-T5-1 /D:2     /W-F2-1  
/R       /D:1     /W-T0-1  /T3-T0-1 /D:1     /W-T1-1  /D:1     /W-T3-1  /T2-T3-5 /T2-F1-1 
/D:1     /W-F3-1  /T5-F3-1 /D:1     /W-F0-1  /D:1     /W-F3-1  /D:1     /W-T1-1  /D:1     
/W-F3-1  /D:1     /W-F2-1  /T4-T3-2 /T4-F2-1 /T0-T1-2 /T0-F2-1 /T3-T4-3 /T3-F1-1 /T1-T0-3 
/T1-F1-1 /T4-T3-4 /T4-F2-1 /T4-F1-1 /T0-T1-4 /T0-F2-1 /T1-T0-5 /T1-F1-1 /T3-T4-6 /T3-F2-1 
/T0-T1-6 /T0-F2-1 /T4-T3-7 /T4-F1-1 /D:1     /W-F0-1  /T5-F0-1 /T3-F0-1 /T1-F0-1 /T3-F3-1 
/T1-F3-1 /T3-F0-1 /T1-F0-1 /T3-F3-1 /T1-F3-1 /T3-F0-1 /T1-F0-1 /T3-F3-1 /T1-F3-1 /T3-F0-1 
/T1-F0-1 /T3-F3-1 
"
1011954,f#GU#ItD#nlCa#xiSNZ#QMBzAe#PVhbFdy#quHKEXTjRWkYwJpOgomvrscL,149.000000,2314.000000,56.000000,0.521739,1,"
minimal: 0 / states: 124 / duration: 0.000106s
history:
/T3-F1-1 /T6-T4-1 /T2-T5-1 /T3-T6-1 /T2-T1-1 /T1-T2-2 /T0-T1-1 /T4-T0-2 /T4-F3-1 /T4-T2-1 
/D:2     /W-T4-1  /D:2     /W-T3-1  /D:1     /W-T1-1  /T6-T1-2 /T5-T6-2 /T5-F0-1 /T3-T5-2 
/T3-F2-1 /T5-T3-3 /T5-F0-1 /T1-F0-1 /T6-F0-1 /D:1     /W-T0-1  /D:1     /W-T4-1  /T6-T4-2 
/T6-F1-1 /T1-T6-4 /T5-T1-1 /D:1     /W-T3-1  /T2-T3-4 /D:4     /W-T1-1  /D:1     /W-T0-1  
/T4-T0-5 /T4-T1-1 /D:2     /W-T5-1  /D:1     /W-F3-1  /D:2     /W-F2-1  /T5-F2-1 /D:1     
/W-T2-1  /D:2     /W-T3-1  /T6-T3-1 /T6-F0-1 /D:2     /W-F1-1  /T3-F1-1 /T0-F1-1 /T0-F0-1 
/T6-F1-1 /T6-F0-1 /W-T0-1  /T5-T3-1 /D:1     /W-T2-1  /R       /D:1     /W-F2-1  /D:1     
/W-F0-1  /D:1     /W-T0-1  /D:1     /W-T1-1  /D:1     /W-T2-1  /D:1     /W-T2-1  /D:1     
/W-F1-1  /T6-F1-1 /T6-T2-1 /T6-F3-1 /T3-F3-1 /T0-F3-1 /T3-F2-1 /T0-F2-1 /T3-F3-1 /T0-F3-1 
/T3-F2-1 /T0-F2-1 /T0-F1-1 /T3-F3-1 /T2-F3-1 /T3-F0-1 /T2-F0-1 /T1-F3-1 /T3-F1-1 /T3-F0-1 
/T2-F1-1 /T2-F0-1 /T3-F1-1 /T2-F1-1 /T1-T3-2 /T1-F0-1 /D:1     /W-F2-1  /T0-F2-1 /T0-F3-1 
/T3-F2-1 /T0-F2-1 /T3-F3-1 /T0-F3-1 /T3-F2-1 
"
1011973,Q#lJ#dMy#mgnX#OtCDB#xicZka#TPELKuA#swHvGRjFIrzWVYefbqpSoNUh,85.500000,571.000000,35.000000,0.706349,1,"
minimal: 0 / states: 118 / duration: 0.000095s
history:
/T5-F1-1 /T6-F0-1 /T4-F0-1 /T5-T2-1 /T2-T5-2 /T1-T3-1 /T1-T2-1 /T5-T1-3 /T5-T4-1 /T6-T5-1 
/T6-T2-1 /T3-T6-2 /T3-F2-1 /T3-T5-1 /T6-T3-3 /T5-T3-3 /T0-T6-1 /T2-T0-3 /D:1     /W-T3-1  
/D:1     /W-T1-1  /D:4     /W-T3-1  /T4-T3-2 /T4-F0-1 /D:1     /W-T0-1  /D:2     /W-T0-1  
/D:3     /W-T5-1  /D:1     /W-T1-1  /D:3     /W-T4-1  /T6-T4-2 /D:1     /W-F1-1  /T3-F1-1 
/T6-T3-1 /T2-F1-1 /W-F1-1  /D:2     /W-T4-1  /D:2     /W-F2-1  /T4-F2-1 /D:1     /W-F3-1  
/D:1     /W-T0-1  /T4-T0-4 /T4-F3-1 /T3-F3-1 /T0-F3-1 /T3-F0-1 /T0-F0-1 /T0-F1-1 /T3-F3-1 
/W-F3-1  /W-F2-1  /T6-F3-1 /D:1     /R       /D:1     /W-T1-1  /D:1     /W-T5-1  /D:2     
/W-F0-1  /W-F0-1  /T1-F0-1 /T0-T5-2 /T0-F0-1 /D:1     /W-F2-1  /T3-F2-1 /T3-F1-1 /T5-F2-1 
/T3-F2-1 /T5-F3-1 /T1-F3-1 /T5-F2-1 /T5-F3-1 /T1-F2-1 /T5-F2-1 /T3-T1-2 /T3-F3-1 /T1-T3-3 
/T1-F2-1 /D:1     /W-F2-1  /D:1     /W-F3-1  /T1-F3-1 /D:1     /W-F1-1  /T3-F1-1 /T0-F1-1 
/T3-F0-1 /T0-F0-1 /T3-F1-1 /T0-F1-1 /T3-F0-1 /T0-F0-1 /T3-F1-1 
"
1011991,v#fn#zFA#WOdx#sUipe#utqRTy#kwVGmBY#SXELlhbaQHJIZcKMCPoNDgrj,153.500000,1683.000000,42.000000,0.675532,1,"
minimal: 0 / states: 116 / duration: 0.000108s
history:
/T1-F2-1 /T2-F0-1 /T4-T2-1 /T3-T6-1 /T4-T3-1 /D:2     /W-T5-1  /D:1     /W-T1-1  /T3-T1-2 
/T3-T1-1 /T0-T3-1 /T3-T6-2 /D:3     /W-T6-1  /D:2     /W-F1-1  /W-F1-1  /D:2     /W-T4-1  
/D:1     /W-T5-1  /T4-T5-2 /D:2     /W-T0-1  /T5-T0-5 /T5-T0-1 /T2-T0-2 /T6-T2-5 /T6-F0-1 
/T6-T3-1 /T6-T2-1 /T1-T2-5 /D:1     /W-F1-1  /D:2     /W-T1-1  /D:1     /W-F0-1  /D:2     
/W-F2-1  /D:1     /W-F3-1  /T2-F3-1 /T2-F2-1 /T2-F1-1 /W-F3-1  /T0-F1-1 /T5-T0-1 /T5-F2-1 
/T5-T4-1 /T5-T6-1 /D:1     /W-F0-1  /T2-F0-1 /T2-F1-1 /D:1     /W-F1-1  /D:1     /W-F2-1  
/D:1     /R       /D:1     /W-T2-1  /D:1     /W-T3-1  /D:1     /W-T1-1  /D:1     /W-F3-1  
/T0-F3-1 /T0-F0-1 /T2-F3-1 /T2-F0-1 /T0-F3-1 /T0-F0-1 /T4-T2-1 /T4-F3-1 /T4-F2-1 /T2-F2-1 
/T2-F1-1 /T6-F2-1 /T0-F1-1 /T2-F2-1 /T6-F3-1 /T6-F2-1 /T2-F3-1 /T2-F2-1 /T0-T3-2 /T0-F2-1 
/T3-T6-1 /T3-F3-1 /T2-F3-1 /T0-F3-1 /T2-F2-1 /T6-T3-2 /D:1     /W-F0-1  /T3-F0-1 /D:1     
/W-F0-1  /D:1     /W-F1-1  /T3-F1-1 /T1-F1-1 /T3-F0-1 /T1-F0-1 /T3-F1-1 
"
1020012,N#VX#Jef#KLEp#Wvtrz#mIlPQH#dbBFioY#TnAqaZhkDxRwjOSMCsUGycgu,140.000000,1660.000000,33.000000,0.686747,1,"
minimal: 0 / states: 107 / duration: 0.000101s
history:
/T0-F3-1 /T6-T4-1 /T4-T0-2 /T4-T2-1 /T2-T4-2 /D:1     /W-T5-1  /D:1     /W-F2-1  /T6-F2-1 
/T3-F2-1 /T5-T6-2 /T5-T3-1 /D:1     /W-F0-1  /D:1     /W-T2-1  /T5-T2-1 /D:1     /W-F1-1  
/D:5     /W-T0-1  /D:2     /W-T1-1  /T6-T1-3 /T6-T1-1 /T6-F0-1 /T6-F1-1 /T2-T1-3 /T6-T4-1 
/D:1     /W-T0-1  /D:1     /W-F3-1  /T1-F3-1 /T1-F2-1 /T3-F3-1 /W-F3-1  /T4-T3-1 /T4-F2-1 
/T3-T4-2 /T1-T3-7 /W-T3-1  /T1-T2-1 /D:1     /W-F3-1  /D:1     /W-T1-1  /T5-T1-1 /T5-T0-1 
/T3-T5-9 /T3-T1-1 /D:1     /W-F0-1  /T5-F0-1 /D:1     /W-F2-1  /D:1     /W-T0-1  /T4-T0-4 
/D:3     /W-F1-1  /T0-F1-1 /T0-F0-1 /T5-F1-1 /T0-F1-1 /T0-F2-1 /T5-F0-1 /T5-F3-1 /T0-F3-1 
/T2-F3-1 /D:1     /W-F1-1  /D:1     /W-F2-1  /T4-F2-1 /T4-F3-1 /T5-T2-2 /T5-F2-1 /T5-F3-1 
/T0-T1-2 /T0-F2-1 /T0-F3-1 /W-F2-1  /W-F0-1  /T2-F0-1 /T0-F2-1 /T1-F0-1 /W-T5-1  /W-F1-1  
/T2-F1-1 /T1-F1-1 /T2-F0-1 /T1-F0-1 /T5-F1-1 /T1-F1-1 /T5-F0-1 /T1-F0-1 /T5-F1-1 /W-F3-1  
"
1020059,R#bn#lOC#ToEa#wVNpY#vkLFiq#MQxPztH#uBGmdSgIZcWejXhysJDrUAKf,125.000000,2077.000000,59.000000,0.590909,1,"
minimal: 0 / states: 126 / duration: 0.000112s
history:
/T1-F2-1 /T3-F1-1 /T1-F1-1 /T5-T0-1 /T6-T5-1 /D:4     /W-T1-1  /D:1     /W-T3-1  /T2-T3-1 
/T2-T3-1 /D:1     /W-T6-1  /T3-T6-4 /T3-F2-1 /T3-T5-1 /D:3     /W-T3-1  /D:1     /W-F1-1  
/D:6     /W-T1-1  /D:1     /W-T5-1  /T0-T5-2 /D:5     /W-F0-1  /D:1     /W-T2-1  /D:1     
/R       /D:2     /W-F0-1  /D:4     /W-T2-1  /W-T2-1  /D:3     /W-T1-1  /D:1     /W-T2-1  
/T6-T2-6 /T4-T6-1 /T4-F2-1 /T4-F3-1 /T2-F3-1 /T2-F0-1 /T2-F1-1 /T6-T0-2 /T6-F3-1 /T5-F2-1 
/T6-T0-1 /T6-F3-1 /T5-F3-1 /W-T0-1  /W-F1-1  /T2-T6-8 /D:1     /W-T1-1  /T5-T1-4 /D:1     
/W-F0-1  /T6-F0-1 /T5-F0-1 /T5-T3-1 /T5-T3-1 /T6-F3-1 /T5-T0-1 /D:1     /W-F2-1  /T1-F2-1 
/T1-F3-1 /T6-F2-1 /W-T1-1  /W-F0-1  /W-F2-1  /T0-F2-1 /D:1     /W-F3-1  /T4-F3-1 /T4-F2-1 
/T6-T0-2 /T6-F3-1 /T0-T6-3 /T0-F2-1 /T1-T3-4 /T1-F3-1 /T0-F3-1 /T1-F2-1 /T0-F2-1 /T3-T1-6 
/T3-F3-1 /D:1     /W-F1-1  /T1-F1-1 /T1-F0-1 /T6-F1-1 /T1-F1-1 /T6-F0-1 /T1-F0-1 /T6-F1-1 
/T1-F1-1 /T6-F0-1 /T1-F0-1 /T6-F1-1 /T1-F1-1 /T6-F0-1 
"
1020099,F#BK#EXN#LjhO#eSHAP#ydWtRQ#rMgmIaz#ZwpTuivofcqUxDVlYJsnCGkb,133.000000,1704.000000,47.000000,0.604938,1,"
minimal: 0 / states: 117 / duration: 0.000105s
history:
/T2-F3-1  /T3-F3-1  /T4-F3-1  /T4-F0-1  /T5-F3-1  /T5-F3-1  /T5-T3-1  /T5-T1-1  /D:2      /W-T2-1   
/D:1      /W-T5-1   /D:1      /W-T4-1   /T0-T4-1  /T6-T0-1  /T6-F1-1  /T6-T1-1  /T3-T1-2  /D:2      
/W-T2-1   /T4-T2-3  /T4-F3-1  /T4-T2-1  /T6-T4-1  /T2-T6-2  /T2-F3-1  /T6-T2-3  /D:1      /W-T3-1   
/D:2      /W-T1-1   /D:2      /W-T2-1   /W-T2-1   /W-T2-1   /D:1      /W-F3-1   /D:3      /W-F3-1   
/D:1      /W-T0-1   /T1-T0-6  /T1-F0-1  /T6-T1-1  /T5-T6-2  /T2-T5-10 /T2-T0-1  /T5-T4-11 /D:1      
/W-T1-1   /D:3      /W-F2-1   /T4-F2-1  /T6-F2-1  /D:1      /W-F0-1   /D:3      /W-F1-1   /T4-F1-1  
/T4-F2-1  /T6-F1-1  /T6-F2-1  /T4-F1-1  /R        /D:1      /W-T2-1   /D:2      /W-T1-1   /T3-T1-2  
/T3-T2-1  /D:1      /W-F0-1   /T0-F0-1  /T0-F1-1  /T4-F0-1  /T4-F1-1  /D:2      /W-F2-1   /T0-F2-1  
/T0-F1-1  /D:1      /W-F0-1   /T4-F0-1  /T0-F0-1  /T0-F3-1  /T4-F1-1  /W-F0-1   /W-F2-1   /T1-F2-1  
/T1-F1-1  /T0-F0-1  /T4-F2-1  /T1-F2-1  /T4-F3-1  /T1-F3-1  /T2-F0-1  /T1-F0-1  /T2-F3-1  /T4-F2-1  
/D:1      /W-F1-1   /T0-F1-1  /T0-F2-1  /T4-F1-1  
"
1020114,o#eY#AUM#JLrT#cwPld#BRIqHK#SQxapCG#gDbzmsnONWyXtEkfhFZijuVv,131.000000,1756.000000,45.000000,0.625000,1,"
minimal: 0 / states: 127 / duration: 0.000109s
history:
/T5-T1-1 /T3-T5-1 /T4-T3-1 /T4-T2-1 /T0-T4-1 /T2-T0-2 /T6-T2-1 /T6-T3-1 /D:3     /W-T3-1  
/D:3     /W-T5-1  /D:1     /W-F2-1  /T4-F2-1 /T6-F2-1 /T6-F1-1 /T3-F1-1 /T6-T0-1 /D:1     
/W-T3-1  /D:1     /W-F3-1  /T3-F3-1 /T4-F3-1 /T6-F3-1 /T3-T6-3 /T6-T2-4 /W-T6-1  /T3-T6-1 
/D:1     /W-T0-1  /D:2     /W-T6-1  /T4-T6-1 /T4-F1-1 /D:7     /W-T4-1  /D:1     /W-T3-1  
/T5-T3-3 /T5-F2-1 /T5-T0-1 /T5-F3-1 /T2-T0-6 /T2-F0-1 /T5-F0-1 /T0-F0-1 /T0-F1-1 /T0-F2-1 
/T0-F3-1 /T3-F2-1 /T3-F3-1 /D:1     /W-T1-1  /D:2     /W-T6-1  /W-T6-1  /D:1     /W-T1-1  
/R       /D:1     /W-T3-1  /D:1     /W-F0-1  /D:1     /W-T2-1  /T1-T2-4 /T1-F1-1 /D:1     
/W-T4-1  /D:1     /W-F2-1  /T6-F2-1 /T2-F2-1 /D:1     /W-F0-1  /D:1     /W-T4-1  /T3-T4-4 
/D:1     /W-F1-1  /T4-F1-1 /D:1     /W-F1-1  /T4-T6-1 /T4-F1-1 /T2-F1-1 /T6-T4-2 /T6-F2-1 
/T0-T2-4 /T0-F2-1 /T4-T6-3 /T4-F1-1 /T0-F1-1 /T4-F2-1 /T2-T0-6 /T2-F2-1 /T6-T4-5 /T6-F1-1 
/D:1     /W-F0-1  /T0-F0-1 /T0-F3-1 /T4-F0-1 /T0-F0-1 /T4-F3-1 /T0-F3-1 /T4-F0-1 /T0-F0-1 
/T4-F3-1 /T0-F3-1 /T4-F0-1 /T0-F0-1 /T4-F3-1 
"
1020116,p#Tx#VJc#iyla#CNMsb#dSHoPf#jIBtRkW#DgLYFKurAvGXEmUZnewqQOzh,159.000000,2392.000000,54.000000,0.603960,1,"
minimal: 0 / states: 122 / duration: 0.000112s
history:
/T3-F1-1  /T4-F1-1  /T2-F1-1  /T6-T1-1  /T1-T3-2  /T4-T1-1  /T3-T4-3  /T6-T3-1  /T6-T1-1  /T5-T6-1  
/T2-T3-1  /T2-T3-1  /T4-T2-4  /T4-F3-1  /D:1      /W-T1-1   /T5-T1-1  /T5-T1-1  /T5-T3-1  /T1-T3-6  
/D:7      /W-T5-1   /D:1      /W-F0-1   /D:1      /W-T2-1   /D:3      /W-T6-1   /D:1      /W-T1-1   
/T3-T1-11 /D:1      /W-T2-1   /T6-T2-3  /T6-F0-1  /T4-F0-1  /D:1      /W-T4-1   /D:1      /W-F2-1   
/T1-F2-1  /T0-F2-1  /D:3      /W-F2-1   /T5-F2-1  /D:1      /W-T2-1   /D:1      /W-F3-1   /T1-F3-1  
/T1-F0-1  /T2-F3-1  /T1-F3-1  /T5-F3-1  /T5-F1-1  /T2-F0-1  /T1-F2-1  /T1-F3-1  /D:1      /W-T0-1   
/D:1      /W-T6-1   /T2-T6-2  /T2-F3-1  /T1-T3-1  /T1-F3-1  /T3-T1-2  /R        /D:1      /W-T1-1   
/D:1      /W-T4-1   /D:1      /W-T0-1   /D:1      /W-F0-1   /D:1      /W-T0-1   /D:2      /W-F0-1   
/D:1      /W-T4-1   /D:1      /W-F1-1   /T6-F1-1  /T1-F1-1  /T1-F0-1  /T6-F2-1  /T6-F1-1  /T6-F0-1  
/W-F2-1   /T1-F1-1  /T1-F0-1  /T2-F2-1  /T2-F3-1  /T6-F1-1  /T0-F0-1  /T1-F1-1  /T4-F3-1  /T4-F0-1  
/T0-F3-1  /T4-F3-1  /T2-T0-2  /T2-F0-1  /D:1      /W-F2-1   /T0-F2-1  /T0-F1-1  /T1-F2-1  /T0-F2-1  
/T1-F1-1  
"
1020194,t#qp#Ghm#TOKy#riUze#gVZNfS#bDYJakn#PxXRCujovLdcwFsHQlMIAEBW,123.000000,1727.000000,59.000000,0.562500,1,"
minimal: 0 / states: 132 / duration: 0.000119s
history:
/T6-F2-1 /T5-T0-1 /T6-T3-1 /T6-F1-1 /T3-T2-2 /T6-T2-1 /T3-T6-1 /T3-T1-1 /D:7     /W-T6-1  
/D:1     /W-F2-1  /D:1     /W-T6-1  /D:5     /W-T3-1  /T4-T3-1 /T6-T4-4 /T6-T3-1 /T6-F1-1 
/T4-T6-5 /T4-T6-1 /T4-T2-1 /T0-T6-2 /T2-T0-5 /T4-T5-1 /D:2     /W-T0-1  /T3-T0-4 /D:1     
/W-T5-1  /T1-T5-2 /D:2     /W-T3-1  /W-T3-1  /D:2     /W-F0-1  /D:1     /W-T6-1  /D:1     
/W-F0-1  /D:1     /R       /D:1     /W-T0-1  /D:1     /W-T3-1  /D:3     /W-F0-1  /T0-T1-1 
/T0-F0-1 /T6-F0-1 /T1-T0-2 /D:4     /W-F1-1  /W-F1-1  /D:4     /W-T3-1  /W-T3-1  /T2-T3-1 
/T5-T2-5 /T5-F3-1 /T2-F3-1 /T0-F3-1 /T2-F2-1 /T0-F2-1 /T0-F1-1 /T2-F3-1 /T2-F2-1 /T2-F1-1 
/T5-T1-1 /T0-F0-1 /T2-F0-1 /W-F2-1  /R       /D:2     /W-F3-1  /T6-F3-1 /T0-F3-1 /T6-F2-1 
/T6-F3-1 /T5-F3-1 /T5-F1-1 /T0-F0-1 /T3-F1-1 /T3-F0-1 /T0-F1-1 /T0-F0-1 /T3-F3-1 /W-F3-1  
/T6-T3-2 /T6-F0-1 /T6-F3-1 /T1-F3-1 /D:1     /W-F2-1  /T3-F2-1 /T3-F1-1 /T0-F1-1 /D:1     
/W-F0-1  /T3-T6-2 /T3-F0-1 /D:1     /W-F2-1  /T6-F2-1 /T0-F2-1 /T6-F1-1 /T0-F1-1 /T6-F2-1 
"
1020212,q#Bg#LwY#rGea#HQERu#SCFIiN#DsmohdA#ptzxkjTVPXnlvOMZJUfbKycW,125.000000,1935.000000,40.000000,0.666667,1,"
minimal: 0 / states: 122 / duration: 0.000114s
history:
/T3-F1-1 /T5-F3-1 /T6-F0-1 /T4-T5-1 /T1-T5-1 /T1-F0-1 /T0-T3-1 /D:1     /W-T6-1  /D:2     
/W-T0-1  /T2-T0-1 /T5-T2-3 /D:1     /W-T0-1  /D:2     /W-T0-1  /T5-T0-1 /T4-T5-1 /T6-T4-2 
/T6-T0-1 /T5-T2-2 /T5-F0-1 /T4-T5-3 /D:3     /W-T3-1  /T6-T3-1 /T6-T1-1 /T3-T6-4 /T3-T0-1 
/T4-T3-1 /T5-T0-4 /D:2     /W-F2-1  /T6-F2-1 /T0-F2-1 /D:3     /W-F3-1  /T6-F3-1 /T3-F3-1 
/T2-F3-1 /T6-F2-1 /T3-F2-1 /T6-T2-1 /T6-F2-1 /T6-F0-1 /D:1     /W-T3-1  /D:1     /W-T5-1  
/D:4     /W-F1-1  /D:2     /W-T1-1  /D:1     /W-F1-1  /T0-F1-1 /T0-F0-1 /T0-F3-1 /T2-F1-1 
/T2-F0-1 /T0-F0-1 /T4-F0-1 /D:1     /R       /D:1     /W-F2-1  /D:1     /W-T1-1  /T2-T1-4 
/T2-T5-1 /D:1     /W-F3-1  /D:2     /W-T5-1  /D:1     /W-T3-1  /D:2     /W-T5-1  /D:1     
/W-F3-1  /D:1     /W-F1-1  /T1-F1-1 /T0-F1-1 /T0-F0-1 /T1-F2-1 /T1-F1-1 /W-F2-1  /T0-F1-1 
/W-F3-1  /T1-F2-1 /T5-F0-1 /T1-F1-1 /T0-F2-1 /T1-F2-1 /T3-F1-1 /T1-F1-1 /T0-T3-1 /T0-F2-1 
/D:1     /W-F0-1  /D:1     /W-F3-1  /T5-F3-1 /T3-F3-1 /T5-F0-1 /T3-F0-1 /T5-F3-1 
"
1020246,R#jX#yiI#vUuw#qmpNd#lKDAVg#MkLObhf#YrzHBGsWJEPSeonFTCcQZxta,75.500000,405.000000,18.000000,1.025000,1,"
minimal: 0 / states: 116 / duration: 0.000113s
history:
/T3-T1-1  /T5-T3-1  /T5-T1-1  /T5-F0-1  /T3-T1-2  /T5-T0-1  /T3-T2-1  /D:2      /W-T6-1   /T4-T6-1  
/T4-F3-1  /T4-T6-1  /D:3      /W-F0-1   /D:1      /W-T2-1   /T6-T2-4  /T6-T3-1  /T6-T2-1  /T6-F3-1  
/T6-T4-1  /T1-T4-5  /T2-T1-8  /T1-T5-9  /T4-T1-7  /W-T2-1   /D:1      /W-T1-1   /T0-T1-2  /W-T0-1   
/W-T0-1   /T5-T0-10 /D:2      /W-T6-1   /T2-T6-2  /T6-T2-4  /T5-T6-1  /D:2      /W-F3-1   /D:4      
/W-F2-1   /W-F2-1   /D:2      /W-T2-1   /W-T2-1   /W-T2-1   /T4-T2-1  /D:1      /W-F0-1   /T1-F0-1  
/D:1      /W-T2-1   /D:1      /W-F3-1   /T1-F3-1  /W-F3-1   /W-F0-1   /T2-T1-3  /T2-F0-1  /T2-F3-1  
/T0-T3-6  /T0-F3-1  /D:1      /W-T4-1   /T2-T4-5  /D:1      /W-T6-1   /W-T6-1   /T3-T6-8  /D:2      
/W-F1-1   /T6-F1-1  /T1-F1-1  /T6-F2-1  /T1-F2-1  /T6-F1-1  /T1-F1-1  /T6-F2-1  /T1-F2-1  /T6-F1-1  
/T1-F1-1  /T6-F0-1  /T4-F0-1  /W-F2-1   /T1-F2-1  /T1-F3-1  /T6-F1-1  /T0-F0-1  /T4-F1-1  /T4-F0-1  
/T6-F2-1  /T0-F1-1  /T1-F2-1  /T4-F1-1  /T6-F3-1  /T0-F0-1  /T1-F3-1  /T1-F0-1  /T6-F2-1  /T0-F3-1  
/T4-F2-1  /T4-F3-1  /T6-F1-1  /T0-F2-1  /T1-F1-1  /T6-F0-1  
"
1020296,t#yP#Chu#awdX#iIFqJ#erSRgZ#KjYNVAf#UokbEcxzWDTMpmsvGBOQnHlL,132.000000,2789.000000,51.000000,0.573864,1,"
minimal: 0 / states: 125 / duration: 0.000128s
history:
/T6-T0-1  /T6-F0-1  /T4-T3-1  /T6-T3-1  /T6-F3-1  /T2-T3-1  /T1-T4-1  /T3-T1-4  /T0-T2-2  /T5-T0-1  
/T5-T1-1  /T4-T5-2  /T5-T4-3  /T4-T1-4  /T2-T4-3  /T1-T0-10 /T2-T3-1  /D:2      /W-T0-1   /D:2      
/W-T3-1   /D:1      /W-T4-1   /T3-T4-3  /D:2      /W-T6-1   /D:1      /W-T1-1   /T6-T1-2  /T4-T6-8  
/T6-T1-9  /T4-T3-1  /D:1      /W-T6-1   /D:3      /W-T2-1   /D:2      /W-T4-1   /D:2      /W-T6-1   
/D:2      /W-F0-1   /D:1      /W-F3-1   /D:2      /W-F2-1   /T0-F2-1  /T0-F3-1  /W-F3-1   /D:1      
/W-T3-1   /D:1      /W-T2-1   /T6-T2-3  /D:1      /W-T4-1   /R        /D:1      /W-T2-1   /D:1      
/W-T4-1   /T3-T4-3  /T3-F1-1  /T1-F1-1  /T1-F0-1  /D:1      /W-F1-1   /T1-F1-1  /D:1      /W-F0-1   
/T1-F0-1  /D:1      /W-T4-1   /D:1      /W-F2-1   /T0-F2-1  /T0-F3-1  /T5-F3-1  /T5-F2-1  /T5-F1-1  
/T0-F0-1  /T1-F1-1  /T0-F1-1  /T4-F3-1  /T2-F3-1  /D:1      /W-F2-1   /T1-F2-1  /T0-F2-1  /T0-F3-1  
/T1-F1-1  /T2-F2-1  /T2-F3-1  /T4-T0-2  /T4-F2-1  /T0-T4-3  /T0-F3-1  /T1-T2-2  /T1-F2-1  /T0-F2-1  
/T1-F3-1  /T0-F3-1  /T1-F2-1  /D:1      /W-F0-1   /T4-F0-1  /T2-F0-1  /T4-F1-1  /T2-F1-1  /T4-F0-1  
/T2-F0-1  /T4-F1-1  /T2-F1-1  /T4-F0-1  /T2-F0-1  /T4-F1-1  
"
1020310,W#Si#cqw#hOYU#lJzbA#fjZxMH#rCmgRpE#eTvoQaXKLDnsFudGyVtNIPBk,155.000000,3042.000000,50.000000,0.568421,1,"
minimal: 0 / states: 124 / duration: 0.000126s
history:
/T4-F0-1 /T5-T1-1 /T1-T2-2 /T6-T1-1 /T4-T6-1 /D:2     /W-T2-1  /D:1     /W-T0-1  /T3-T0-1 
/T3-T4-1 /D:2     /W-T1-1  /T6-T1-2 /D:1     /W-F1-1  /T1-F1-1 /T3-T1-1 /D:2     /W-T4-1  
/T0-T4-3 /T5-T0-1 /D:2     /W-T6-1  /D:1     /W-F2-1  /D:1     /W-T2-1  /T6-T2-2 /D:1     
/W-T6-1  /D:3     /W-T3-1  /T1-T3-5 /T4-T1-6 /D:2     /W-T4-1  /D:1     /W-T1-1  /D:1     
/W-F3-1  /T3-F3-1 /D:2     /W-F3-1  /D:1     /W-F0-1  /D:1     /R       /D:1     /W-T6-1  
/D:1     /W-F2-1  /T3-F2-1 /T3-F3-1 /T2-T6-1 /T2-F3-1 /D:3     /W-T4-1  /T6-T4-4 /W-T6-1  
/W-T6-1  /T2-T6-5 /T2-F2-1 /T2-F1-1 /T6-T2-8 /T6-F0-1 /T4-F0-1 /T3-F0-1 /T3-F3-1 /T6-F2-1 
/T2-F2-1 /T1-F2-1 /T2-F3-1 /T1-F3-1 /T4-T2-3 /T4-F2-1 /T1-F2-1 /T4-F3-1 /T1-F3-1 /T2-T4-5 
/T2-F2-1 /T5-F2-1 /T5-T6-1 /T4-T2-6 /T5-T1-1 /T4-T0-1 /T5-T3-1 /D:1     /W-F1-1  /T2-F1-1 
/T2-F0-1 /T3-F1-1 /T2-F1-1 /T3-F0-1 /T2-F0-1 /T3-F1-1 /T2-F1-1 /T1-F1-1 /D:1     /W-F2-1  
/D:1     /W-F0-1  /T2-F0-1 /T1-F0-1 /T2-F3-1 /T1-F3-1 /T1-F2-1 /T2-F0-1 /T6-F3-1 /D:1     
/W-F1-1  /T0-F1-1 /T0-F0-1 /T2-F1-1 
"
1020376,X#uV#LZr#qKkS#RTedI#cDAgtn#wmsJWQz#ibOfpHxGjYUvaNPyCoFlMBEh,69.000000,1381.000000,35.000000,0.742647,1,"
minimal: 0 / states: 129 / duration: 0.000125s
history:
/T5-F2-1 /T3-T5-1 /T2-T5-1 /D:6     /W-T1-1  /D:4     /W-T6-1  /D:1     /W-T4-1  /T5-T4-3 
/T5-T1-1 /T5-F0-1 /D:2     /W-F1-1  /D:1     /W-F3-1  /D:1     /W-T5-1  /D:1     /W-T2-1  
/T3-T2-1 /T3-T6-1 /D:2     /W-F2-1  /D:1     /W-T1-1  /D:3     /W-F0-1  /D:2     /R       
/D:2     /W-F1-1  /D:1     /W-F3-1  /T5-F3-1 /D:2     /W-F2-1  /T3-F2-1 /T6-T3-3 /T6-F3-1 
/T4-T6-5 /T6-T3-6 /T4-T3-1 /T6-T0-1 /T4-T1-1 /T6-T4-1 /T1-T0-5 /T4-T1-2 /T5-T0-1 /T5-F1-1 
/T2-T5-3 /T0-T2-8 /T6-T0-1 /T3-F1-1 /T3-F2-1 /T1-F2-1 /T4-F3-1 /T3-F3-1 /T1-F3-1 /T3-F2-1 
/T1-F2-1 /T3-F3-1 /T2-T0-9 /T6-T5-1 /D:4     /W-F2-1  /T5-F2-1 /D:1     /W-F0-1  /T0-F0-1 
/T0-F1-1 /D:2     /W-T1-1  /W-T1-1  /D:1     /W-F0-1  /T0-F0-1 /D:1     /W-T3-1  /R       
/D:2     /W-F1-1  /T0-F1-1 /T3-F1-1 /W-F1-1  /D:1     /W-F2-1  /D:1     /W-F0-1  /T0-F0-1 
/T0-F3-1 /T3-F0-1 /T0-F0-1 /T3-F3-1 /T0-F3-1 /T3-F0-1 /T3-F3-1 /T0-F0-1 /T1-T3-1 /T1-F0-1 
/T5-T0-2 /T5-F3-1 /D:1     /W-F1-1  /T0-F1-1 /T0-F2-1 /T3-F1-1 /T0-F1-1 /T3-F2-1 
"
1020409,i#sI#XCR#eUdJ#zcgHh#yKvVOQ#mWkobfZ#ptwanBDYqALGPurElxMjSFNT,156.000000,1634.000000,40.000000,0.677778,1,"
minimal: 0 / states: 117 / duration: 0.000114s
history:
/T4-T1-1 /T4-T0-1 /T4-T0-1 /T0-T3-3 /T6-T0-1 /D:1     /W-T5-1  /D:1     /W-T1-1  /T6-T1-1 
/T6-T5-1 /T6-T4-1 /T3-T6-4 /D:2     /W-F1-1  /T5-F1-1 /D:1     /W-F2-1  /T4-F2-1 /T4-F1-1 
/T3-F1-1 /T5-F2-1 /D:2     /W-T2-1  /D:1     /W-T4-1  /D:1     /W-F2-1  /D:1     /W-F0-1  
/W-F0-1  /D:1     /W-T0-1  /T6-T0-5 /T1-T6-4 /T2-T1-2 /T2-F0-1 /T1-F0-1 /W-T2-1  /T1-T0-2 
/D:1     /W-T3-1  /D:3     /W-T6-1  /T5-T6-1 /D:1     /W-F0-1  /D:2     /W-T4-1  /T6-T4-7 
/D:1     /W-T1-1  /W-T1-1  /D:2     /W-T3-1  /D:1     /W-F0-1  /D:1     /W-F3-1  /T5-F3-1 
/T5-T2-1 /T3-T5-3 /T3-F1-1 /T4-T5-2 /T4-F1-1 /T5-T4-3 /T5-F0-1 /D:1     /R       /D:1     
/W-F3-1  /T4-F3-1 /T0-F3-1 /T4-F2-1 /T0-F2-1 /T0-F1-1 /T4-F3-1 /T4-F2-1 /T4-F1-1 /T0-F0-1 
/T0-F1-1 /T4-F0-1 /T5-T4-2 /T5-T1-1 /T0-F0-1 /T1-F0-1 /T0-T5-1 /T0-F0-1 /T5-T0-2 /D:1     
/W-F2-1  /D:1     /W-F1-1  /T0-F1-1 /T1-F1-1 /T1-F0-1 /T6-F1-1 /T2-T0-3 /D:1     /W-F3-1  
/T4-F3-1 /T0-F3-1 /T4-F2-1 /T0-F2-1 /T4-F3-1 /T0-F3-1 /T4-F2-1 /T0-F2-1 /T4-F3-1 /T0-F3-1 
/T4-F2-1 
"
1020410,p#xu#vjc#DwJa#tRfyi#KqYNAm#LQlBEGb#ksSZTHenVUroWPIXCMhFzgdO,158.500000,4005.000000,55.000000,0.543478,1,"
minimal: 0 / states: 127 / duration: 0.000121s
history:
/T3-F1-1 /T6-F1-1 /T2-F1-1 /T4-T3-1 /T4-T5-1 /T4-T6-1 /T1-T3-1 /T2-T1-1 /T2-T1-1 /T5-T2-2 
/T5-F0-1 /T5-F3-1 /T1-T5-3 /D:1     /W-T2-1  /T3-T2-3 /D:3     /W-T1-1  /D:1     /W-T2-1  
/D:3     /W-F2-1  /D:1     /W-T3-1  /D:1     /W-T5-1  /T6-T5-2 /T6-T5-1 /T6-F0-1 /D:2     
/W-F2-1  /T0-F2-1 /D:5     /W-F0-1  /D:1     /W-T0-1  /T5-T0-8 /T5-F2-1 /T5-T6-1 /D:2     
/W-T2-1  /T4-T2-1 /D:1     /W-T5-1  /T6-T5-2 /T6-T0-1 /T6-T1-1 /D:2     /W-F1-1  /D:1     
/W-F3-1  /R       /D:2     /W-T4-1  /D:1     /W-T3-1  /D:1     /W-F1-1  /T0-T4-2 /T0-F1-1 
/D:1     /W-F2-1  /W-F2-1  /T4-T0-3 /T4-F2-1 /T2-T3-3 /T2-F2-1 /D:1     /W-T5-1  /D:1     
/W-F3-1  /T0-F3-1 /T3-F3-1 /D:1     /W-T5-1  /T0-T5-4 /T0-F2-1 /D:1     /W-T1-1  /T3-T1-5 
/T3-F0-1 /T5-F0-1 /T1-F0-1 /T5-F3-1 /T1-F3-1 /T5-F0-1 /T5-F3-1 /T1-F0-1 /T1-F3-1 /T1-F2-1 
/T5-F0-1 /T5-F3-1 /T1-F3-1 /T0-T5-1 /T0-F2-1 /T0-F3-1 /T2-T1-3 /T2-F2-1 /T1-T2-4 /T1-F3-1 
/T5-T0-3 /T5-F2-1 /D:2     /W-F1-1  /W-F1-1  /T2-F1-1 /T0-F1-1 /T2-F0-1 /T0-F0-1 /T2-F1-1 
/T0-F1-1 /T2-F0-1 /T0-F0-1 /T2-F1-1 
"
1020414,C#cz#Kyv#xhsp#UBVWY#lGAtam#DMSJLIq#oOdginTQkrNjEZPwRFbefXuH,131.500000,2115.000000,53.000000,0.564516,1,"
minimal: 0 / states: 132 / duration: 0.000130s
history:
/T4-T1-1 /T2-T4-1 /T2-T5-1 /T4-T2-2 /T2-T1-3 /T5-T2-2 /T5-F1-1 /D:2     /W-T0-1  /D:4     
/W-F2-1  /D:3     /W-T2-1  /D:2     /W-F3-1  /T0-F3-1 /D:4     /W-F3-1  /D:1     /W-T2-1  
/T4-T2-1 /F3-T6-1 /T4-T6-1 /T5-T4-1 /T5-F0-1 /T6-F0-1 /T4-T1-2 /T1-T4-7 /T0-F0-1 /T6-F3-1 
/W-T0-1  /T1-T6-1 /D:3     /W-F1-1  /T6-F1-1 /D:2     /W-T4-1  /D:2     /W-T2-1  /D:1     
/R       /D:1     /W-F2-1  /T3-F2-1 /T6-F2-1 /D:1     /W-F1-1  /D:1     /W-T2-1  /T3-T2-1 
/T3-T6-1 /T5-T6-1 /T3-T5-1 /D:3     /W-F3-1  /D:1     /W-F2-1  /T2-F2-1 /T4-T6-1 /T4-F2-1 
/D:1     /W-T5-1  /T6-T5-4 /T6-T0-1 /D:1     /W-T5-1  /D:1     /W-F3-1  /D:1     /W-T2-1  
/D:1     /W-F1-1  /D:1     /W-T0-1  /T6-T0-1 /T6-F3-1 /T6-T1-1 /T6-F0-1 /T5-F0-1 /T2-F0-1 
/T5-F1-1 /T2-F1-1 /T5-F0-1 /T5-F1-1 /W-F3-1  /T2-F2-1 /T4-F3-1 /T4-F2-1 /T2-F3-1 /T2-F2-1 
/T4-F3-1 /W-F1-1  /T0-T2-1 /T0-F3-1 /T5-T4-2 /T5-F2-1 /T2-T0-2 /T2-F2-1 /T4-T1-4 /T4-F2-1 
/T1-T5-3 /T1-F3-1 /T0-T2-3 /T0-F3-1 /T5-T1-4 /D:1     /W-F0-1  /T1-F0-1 /T1-F1-1 /T2-F0-1 
/T1-F0-1 /T2-F1-1 /T1-F1-1 /T2-F0-1 /T1-F0-1 /T2-F1-1 
"
1020421,C#LA#unr#GPKy#xMIDE#gSzchB#fOVJTmw#UZWdkYaepjvobQlRtFXqHNsi,112.000000,2347.000000,51.000000,0.659341,1,"
minimal: 0 / states: 123 / duration: 0.000133s
history:
/T1-F0-1 /T5-F0-1 /T0-F0-1 /D:2     /W-T0-1  /T3-T0-1 /D:1     /W-T3-1  /D:1     /W-T2-1  
/D:1     /W-T0-1  /T6-T0-1 /T1-T6-1 /T6-T1-2 /D:2     /W-F1-1  /D:2     /W-T2-1  /D:2     
/W-T3-1  /T5-T3-1 /D:1     /W-T5-1  /D:1     /W-F1-1  /D:1     /W-T4-1  /D:3     /W-T3-1  
/D:1     /W-T6-1  /W-T6-1  /D:1     /W-T1-1  /D:1     /W-T6-1  /T5-T6-2 /W-T5-1  /T3-T5-5 
/T6-T3-1 /T6-F1-1 /T3-T6-2 /T2-T4-1 /T2-F1-1 /D:2     /W-F3-1  /D:2     /W-T0-1  /R       
/D:3     /W-F1-1  /D:2     /W-T0-1  /T6-T0-6 /T6-T1-1 /T6-T1-1 /T6-F3-1 /T4-T6-3 /T4-F0-1 
/T6-T3-4 /T5-T6-7 /T2-T5-1 /T2-F2-1 /T0-F2-1 /T0-F3-1 /T3-F2-1 /T0-F2-1 /T3-F3-1 /T0-F3-1 
/T3-F0-1 /T0-F0-1 /T5-F2-1 /T3-F1-1 /T5-F3-1 /T3-F0-1 /T0-F3-1 /T0-F0-1 /T4-F0-1 /T4-T3-1 
/T5-F1-1 /W-T4-1  /W-T3-1  /W-F3-1  /T1-F3-1 /T1-F0-1 /T6-T4-3 /T6-F3-1 /T1-F3-1 /T3-F3-1 
/T6-F0-1 /T1-F0-1 /T3-F0-1 /T0-T1-4 /T0-F3-1 /T2-T1-1 /T4-T6-5 /D:1     /W-F2-1  /T6-F2-1 
/T1-F2-1 /T6-F1-1 /T1-F1-1 /T6-F2-1 /T1-F2-1 /T6-F1-1 /T1-F1-1 /T6-F2-1 /T1-F2-1 /T6-F1-1 
/T1-F1-1 /T6-F2-1 
"
1020456,R#Mt#JoA#yfiQ#YrPBc#uqkUhW#eEIdnON#jmGpCwbxFXvzTDVLlSsgaZHK,133.500000,1003.000000,57.000000,0.579787,1,"
minimal: 0 / states: 123 / duration: 0.000123s
history:
/T2-F0-1 /T6-F3-1 /T6-F3-1 /T6-F2-1 /T2-F2-1 /D:4     /W-F2-1  /D:1     /W-T3-1  /D:2     
/W-T3-1  /D:4     /W-T5-1  /D:3     /W-T0-1  /T4-T0-1 /T4-F0-1 /T4-F3-1 /T3-T4-3 /T3-T2-1 
/T3-T1-1 /T4-T1-4 /T1-T6-2 /T1-F3-1 /T6-T1-3 /D:7     /W-F1-1  /T1-F1-1 /T0-F1-1 /T1-F0-1 
/T0-F0-1 /T1-F1-1 /T0-F3-1 /D:1     /W-T0-1  /T3-T0-1 /D:1     /W-T2-1  /W-T2-1  /W-T2-1  
/W-F3-1  /D:1     /W-T4-1  /T5-T4-2 /T5-T4-1 /T5-T6-1 /T5-T0-1 /T5-F2-1 /T1-F2-1 /T1-T4-2 
/T2-F2-1 /W-T1-1  /T2-T0-4 /R       /D:2     /W-T2-1  /D:1     /W-T6-1  /T4-T6-1 /T4-F2-1 
/T5-F2-1 /D:2     /W-T1-1  /D:1     /W-T0-1  /D:2     /W-T3-1  /T4-T3-5 /D:1     /W-F3-1  
/T6-T3-2 /T6-F3-1 /T3-T6-3 /T3-F2-1 /T6-T3-4 /T6-F0-1 /T6-F1-1 /T0-F0-1 /T3-F1-1 /T0-F1-1 
/T3-F0-1 /T0-F0-1 /T3-F1-1 /T0-F1-1 /T3-F0-1 /T0-F0-1 /T3-T1-1 /T3-F0-1 /D:1     /W-F3-1  
/T1-F3-1 /W-F3-1  /W-F2-1  /W-F1-1  /T0-F1-1 /T1-F2-1 /T0-F2-1 /T1-F1-1 /T3-F3-1 /T3-F2-1 
/T0-F3-1 /T2-F1-1 /D:1     /W-F0-1  /T1-F0-1 
"
1020497,N#bu#hrW#DTnB#UPsdK#kjtQGw#IHEZlXF#RaAOgoLJvCpSqVezMxmfiYcy,158.500000,2100.000000,45.000000,0.659794,1,"
minimal: 0 / states: 118 / duration: 0.000120s
history:
/T0-F3-1 /T2-T4-1 /D:1     /W-T6-1  /D:1     /W-F1-1  /D:1     /W-F0-1  /T3-F0-1 /T3-F2-1 
/T6-T3-2 /T5-T6-1 /T3-T1-3 /T3-T1-1 /D:1     /W-F3-1  /D:2     /W-F2-1  /D:3     /W-T4-1  
/D:1     /W-F0-1  /T1-F0-1 /D:1     /W-F2-1  /D:1     /W-T5-1  /T2-T5-1 /T5-T2-3 /T5-T2-1 
/T2-T4-5 /D:1     /W-F2-1  /D:1     /W-T6-1  /T1-T6-4 /T1-F1-1 /D:2     /W-T0-1  /D:1     
/W-T1-1  /D:2     /W-T2-1  /D:1     /W-T5-1  /D:2     /W-T0-1  /T4-T0-8 /D:1     /W-F1-1  
/T4-F1-1 /D:1     /W-T2-1  /T6-T2-7 /T6-T1-1 /T6-T3-1 /T6-F0-1 /T2-T4-1 /T2-F0-1 /T4-T2-2 
/T4-F3-1 /T0-F3-1 /T0-F2-1 /T2-F3-1 /T0-F3-1 /T5-T4-2 /T0-F0-1 /T6-F0-1 /T2-F2-1 /T2-F3-1 
/T6-F0-1 /T4-T0-2 /T4-F3-1 /R       /D:1     /W-T2-1  /D:1     /W-T3-1  /D:1     /W-F0-1  
/D:1     /W-F1-1  /T0-F1-1 /T0-F2-1 /T2-F1-1 /T0-F1-1 /T2-F2-1 /T0-F2-1 /T2-F3-1 /T0-F3-1 
/T5-T0-1 /T2-F2-1 /T2-F3-1 /T0-T1-2 /T0-F3-1 /T5-T2-1 /D:1     /W-F2-1  /T2-T3-1 /T2-F2-1 
/T0-F2-1 /T3-T2-2 /T3-F3-1 /D:1     /W-F1-1  /T1-F1-1 /T1-F0-1 /T2-F1-1 /T1-F1-1 /T2-F0-1 
/T1-F0-1 /T2-F1-1 
"
1020499,a#ju#XFk#WqSo#lbIdR#hTvnBx#DOrGipJ#LzVstACQfmcHEgKyNwYeMZUP,122.000000,1246.000000,47.000000,0.638554,1,"
minimal: 0 / states: 125 / duration: 0.000125s
history:
/T0-F1-1 /T6-T2-1 /D:2     /W-T0-1  /D:1     /W-T2-1  /T1-T2-1 /T1-T5-1 /D:3     /W-F0-1  
/D:4     /W-T1-1  /D:4     /W-T2-1  /D:2     /W-T1-1  /T2-T1-5 /T4-T2-1 /T6-T4-1 /T2-T1-2 
/D:1     /W-F3-1  /D:1     /W-T2-1  /T6-T2-1 /D:1     /W-T0-1  /T5-T0-2 /T5-F0-1 /T5-F2-1 
/T3-F2-1 /T3-T6-1 /T5-T0-1 /T3-T1-1 /T4-F2-1 /T1-F2-1 /D:4     /W-T0-1  /T6-T0-2 /T6-F2-1 
/T6-F3-1 /F2-T0-1 /T4-T0-1 /T4-T3-1 /T4-F1-1 /T6-T1-1 /W-T6-1  /D:1     /W-F3-1  /R       
/D:1     /W-T6-1  /T2-T6-3 /D:1     /W-T5-1  /D:2     /W-F0-1  /T1-F0-1 /D:1     /W-F3-1  
/T1-F3-1 /D:2     /W-F1-1  /T0-F1-1 /T0-F2-1 /T0-F3-1 /T5-F2-1 /T5-F3-1 /T0-T5-1 /T0-F3-1 
/T1-T6-3 /T1-F3-1 /W-T5-1  /W-F2-1  /T5-T0-3 /D:2     /W-F0-1  /T6-F0-1 /D:1     /W-T4-1  
/T3-T4-2 /D:1     /W-F1-1  /T0-F1-1 /T0-F0-1 /T6-F1-1 /T0-F1-1 /T6-F2-1 /T0-F2-1 /W-F0-1  
/T4-F0-1 /T4-F3-1 /T6-F1-1 /T0-F1-1 /T1-F0-1 /T4-F0-1 /T6-F2-1 /T0-F2-1 /T1-F1-1 /T4-F1-1 
/T6-F3-1 /T0-F3-1 /T1-F2-1 /T0-F2-1 /T6-F0-1 /T1-F1-1 /T6-F3-1 /D:1     /W-F0-1  
"
1020531,a#tm#RBH#pevN#PFsqA#ThLIdY#ujCnDSg#yQXMwZobJEixWlUfkOKVzGrc,150.500000,2331.000000,49.000000,0.622340,1,"
minimal: 0 / states: 120 / duration: 0.000112s
history:
/T0-F1-1 /T3-F3-1 /T4-F0-1 /T6-T2-1 /T1-T0-1 /T6-T1-1 /D:1     /W-T0-1  /D:2     /W-T0-1  
/D:2     /W-T0-1  /D:3     /W-F1-1  /D:2     /W-T1-1  /D:1     /W-T0-1  /T2-T0-2 /T2-F0-1 
/T6-T2-1 /T6-F2-1 /T6-F0-1 /T3-T6-1 /T4-T3-1 /T4-T0-1 /T3-T0-2 /T2-F0-1 /T1-F0-1 /T4-F0-1 
/T4-T0-1 /D:1     /W-T5-1  /T6-T5-2 /D:3     /W-T5-1  /T1-T5-2 /D:3     /W-F3-1  /T0-F3-1 
/D:3     /W-T1-1  /T5-T1-7 /T3-T5-1 /D:1     /W-F0-1  /T0-T6-4 /T0-F0-1 /T6-T0-5 /D:1     
/W-T1-1  /T5-T1-2 /T5-F0-1 /D:1     /W-F1-1  /R       /D:1     /W-F3-1  /T2-F3-1 /D:1     
/W-T2-1  /D:1     /W-T3-1  /T5-T3-1 /D:1     /W-F2-1  /T1-F2-1 /T0-F2-1 /T1-F1-1 /T0-F1-1 
/T1-F2-1 /T0-F2-1 /T1-F3-1 /T1-F2-1 /D:1     /W-F0-1  /D:2     /W-T2-1  /D:1     /W-F1-1  
/T0-F1-1 /T5-F1-1 /T5-F3-1 /T0-F2-1 /T0-F1-1 /T1-F3-1 /T1-F2-1 /T1-F1-1 /T0-F2-1 /T1-F2-1 
/T0-T3-1 /T0-F2-1 /D:1     /W-F1-1  /T2-F1-1 /T0-F1-1 /T1-T2-1 /T1-F2-1 /D:1     /W-F0-1  
/D:1     /W-F3-1  /W-F3-1  /T3-F3-1 /T2-F3-1 /T3-F0-1 /T2-F0-1 /T3-F3-1 
"
1020563,s#ji#OpW#BTdv#CSQlY#GhnPtX#HVZezEU#uyoMDrwNImKcRbFJkqfgxLaA,144.000000,1655.000000,51.000000,0.586022,1,"
minimal: 0 / states: 128 / duration: 0.000116s
history:
/T6-T3-1 /T3-T2-2 /T3-T6-1 /T0-T3-1 /D:1     /W-T1-1  /T3-T1-2 /D:3     /W-T0-1  /T4-T0-1 
/D:3     /W-T5-1  /T1-T5-4 /D:1     /W-F3-1  /D:1     /W-T1-1  /D:2     /W-T0-1  /T2-T0-3 
/T2-T6-1 /T2-F3-1 /W-T2-1  /D:2     /W-T5-1  /D:1     /W-T6-1  /D:4     /W-T5-1  /D:3     
/W-T4-1  /T1-T4-2 /D:1     /W-T2-1  /T5-T2-8 /T5-T0-1 /T5-F3-1 /T5-F2-1 /T5-T4-1 /T5-T4-1 
/D:1     /W-F1-1  /T6-F1-1 /D:1     /W-F0-1  /T3-F0-1 /R       /D:2     /W-F2-1  /T6-F2-1 
/T2-F2-1 /D:1     /W-T2-1  /D:1     /W-F2-1  /D:1     /W-F1-1  /T6-F1-1 /D:4     /W-T0-1  
/T6-T0-1 /T6-T1-1 /T6-F1-1 /T4-T1-6 /T4-F3-1 /T6-T3-1 /T4-T1-1 /T4-F0-1 /T2-F0-1 /T0-F0-1 
/T0-F1-1 /T2-F3-1 /T1-F3-1 /T2-F2-1 /T0-F2-1 /T2-F3-1 /T0-F3-1 /T6-F3-1 /T2-F2-1 /T0-F2-1 
/T0-F3-1 /T6-T2-1 /D:1     /W-F1-1  /R       /D:1     /W-T3-1  /D:1     /W-F0-1  /T1-F0-1 
/T1-F1-1 /T2-F0-1 /T1-F0-1 /T2-F1-1 /T1-F1-1 /T2-F2-1 /T1-F2-1 /T2-F3-1 /T3-F2-1 /T0-T1-1 
/T0-F3-1 /T3-F3-1 /T1-T0-2 /T1-F2-1 /D:1     /W-F0-1  /T0-F0-1 /T2-F0-1 /D:1     /W-F1-1  
/T0-F1-1 /T0-F0-1 /T2-F1-1 
"
1020630,k#ec#wsa#zBIt#XTfmi#JVHlQp#GrEUgxD#WvouLZnCMYKARPyOFqNShbjd,163.000000,1348.000000,46.000000,0.627660,1,"
minimal: 0 / states: 127 / duration: 0.000127s
history:
/T2-F1-1 /T1-T6-1 /T6-T1-2 /T1-T2-3 /D:1     /W-T6-1  /D:1     /W-T6-1  /D:1     /W-T2-1  
/D:1     /W-T4-1  /D:2     /W-T1-1  /W-T1-1  /T0-T1-1 /D:1     /W-F2-1  /T2-F2-1 /T5-F2-1 
/D:1     /W-T5-1  /D:1     /W-T0-1  /D:1     /W-T0-1  /T6-T0-3 /T6-T4-1 /T3-T6-1 /T6-T0-2 
/T5-T6-2 /T2-T4-4 /T4-T2-7 /T2-T1-8 /T4-T2-1 /T4-T0-1 /T6-T0-3 /D:1     /W-T5-1  /D:1     
/W-F0-1  /D:3     /W-T2-1  /D:1     /W-T0-1  /D:1     /W-T4-1  /D:1     /W-F2-1  /T6-F2-1 
/T1-T4-3 /T1-F2-1 /T0-T6-5 /T0-F2-1 /T6-T0-6 /D:1     /W-F3-1  /T0-F3-1 /W-F3-1  /D:2     
/W-T3-1  /D:1     /W-F1-1  /T4-F1-1 /D:1     /W-T5-1  /T3-T5-2 /T3-F0-1 /T0-F0-1 /T0-F3-1 
/T4-F0-1 /T5-T3-5 /T4-T5-3 /T0-F0-1 /T4-T2-1 /D:1     /W-F1-1  /T5-F1-1 /T0-F1-1 /T1-F1-1 
/T1-F2-1 /T5-T1-3 /T1-F0-1 /T0-F0-1 /T3-F1-1 /T0-T3-1 /T0-F2-1 /T1-T5-2 /T1-F1-1 /T5-T1-3 
/T3-T0-2 /T3-F1-1 /T1-T2-4 /T1-F1-1 /T2-T5-3 /T2-F2-1 /T0-T3-3 /T0-F2-1 /T2-T1-1 /T2-F2-1 
/T3-T0-4 /T3-F1-1 /T2-F1-1 /T3-F2-1 /T5-T1-4 /R       /D:1     /W-F3-1  /D:1     /W-F3-1  
/T1-F3-1 /T0-F3-1 /T1-F0-1 /T0-F0-1 /T1-F3-1 /T0-F3-1 /T1-F0-1 /T0-F0-1 /T1-F3-1 /T0-F3-1 
/T1-F0-1 /T0-F0-1 /T1-F3-1 
"
1020637,V#qm#vCb#puAU#isJIG#YZwDWL#XQoPMHg#xdrBNnRezFalfyEOStckThjK,140.500000,3409.000000,44.000000,0.613636,1,"
minimal: 0 / states: 123 / duration: 0.000115s
history:
/T5-T1-1 /T4-T3-1 /T3-T4-2 /T3-F0-1 /T6-T3-1 /T6-T0-1 /T4-T5-3 /T0-T4-2 /T6-T0-1 /D:4     
/W-F0-1  /D:1     /W-F3-1  /D:1     /W-F2-1  /D:4     /W-T3-1  /D:1     /W-F1-1  /T2-F1-1 
/T2-F0-1 /D:1     /W-T0-1  /D:1     /W-T5-1  /D:2     /W-T5-1  /D:1     /W-F3-1  /T6-F3-1 
/T6-F2-1 /T6-F3-1 /T4-T6-3 /T6-T1-4 /T1-T6-6 /D:3     /W-F1-1  /D:2     /W-T6-1  /T4-T6-1 
/T3-T4-3 /T3-F2-1 /T1-F2-1 /D:1     /W-T2-1  /D:2     /W-T0-1  /T5-T0-6 /T5-F0-1 /T0-F0-1 
/T4-F0-1 /T4-T5-3 /R       /D:2     /W-F1-1  /D:1     /W-F2-1  /T6-F2-1 /D:1     /W-F3-1  
/D:1     /W-F1-1  /T0-F1-1 /T5-F1-1 /T0-F0-1 /T2-F1-1 /T6-T5-1 /T6-F0-1 /T5-T6-2 /T5-F1-1 
/T0-T2-1 /T0-F0-1 /T6-T5-3 /T6-F0-1 /T5-T6-4 /T5-T1-1 /W-T5-1  /T0-T5-1 /T0-F0-1 /T2-T5-2 
/D:1     /W-T2-1  /T5-T2-5 /D:1     /W-T1-1  /T6-T1-5 /T6-F0-1 /D:1     /W-F3-1  /T1-F3-1 
/T2-F3-1 /D:1     /W-F2-1  /T1-F2-1 /T1-F3-1 /T2-F2-1 /T1-F2-1 /T2-F3-1 /T1-F3-1 /T2-F2-1 
/T2-F3-1 /T1-F2-1 /T1-F3-1 /T2-F2-1 /D:2     /W-F1-1  /W-F1-1  /T0-F1-1 /T0-F0-1 /T6-F1-1 
"
1020642,m#Vl#TJr#giUh#BMtdA#qaySHK#fpvnONc#kEDGzeoPXZbxLIWCQFuYswRj,138.000000,3240.000000,42.000000,0.635802,1,"
minimal: 0 / states: 120 / duration: 0.000105s
history:
/T4-F0-1 /T5-T1-1 /T4-T2-1 /T4-T3-1 /T1-T4-2 /T5-T1-1 /T5-T3-1 /T2-T3-2 /T5-T0-1 /T5-F1-1 
/T6-T5-1 /T6-F3-1 /T6-F3-1 /T6-F2-1 /T3-T6-5 /T1-T2-2 /T4-T1-3 /T4-F0-1 /D:1     /W-T0-1  
/T2-T0-3 /T2-T0-1 /D:3     /W-T3-1  /D:1     /W-T2-1  /D:2     /W-F2-1  /D:1     /W-F3-1  
/D:2     /W-T4-1  /D:1     /W-F1-1  /T5-F1-1 /T6-F1-1 /D:2     /W-T4-1  /D:2     /W-T1-1  
/T6-T1-5 /T6-F2-1 /T5-F2-1 /T1-F2-1 /T6-T3-1 /D:1     /W-F0-1  /D:1     /W-F3-1  /D:1     
/W-T0-1  /D:2     /W-T2-1  /D:1     /W-F2-1  /D:2     /W-F3-1  /T1-F3-1 /T1-F2-1 /D:1     
/R       /D:1     /W-T3-1  /D:1     /W-F0-1  /T3-F0-1 /T0-F0-1 /T0-F3-1 /T3-T1-2 /T3-F3-1 
/T0-T3-1 /T0-F3-1 /T3-T0-2 /T3-T0-1 /D:1     /W-F1-1  /T1-F1-1 /T0-F1-1 /T1-F0-1 /T0-F0-1 
/T1-F1-1 /T0-F1-1 /D:1     /W-T4-1  /D:1     /W-T2-1  /D:1     /W-F0-1  /T0-F0-1 /T1-T2-2 
/T1-F0-1 /D:1     /W-F2-1  /T2-F2-1 /T2-F3-1 /T4-F3-1 /T4-F0-1 /T2-T1-1 /T2-F3-1 /T4-F3-1 
/T1-T2-2 /T1-F0-1 /D:1     /W-F2-1  /T2-F2-1 /D:1     /W-F1-1  /T0-F1-1 /T0-F2-1 /T2-F1-1 
/T0-F1-1 /T2-F2-1 
"
1020659,W#mh#YNl#KRiy#fwACa#GvSXgD#TeIFpPQ#HOVnELZktujBJozcUsqbrdMx,114.000000,1779.000000,45.000000,0.712644,1,"
minimal: 0 / states: 107 / duration: 0.000114s
history:
/T4-F1-1 /T4-T6-1 /T4-F0-1 /D:2     /W-T6-1  /D:1     /W-T4-1  /W-T4-1  /D:1     /W-F2-1  
/D:4     /W-T3-1  /T4-T3-3 /D:1     /W-T1-1  /T4-T1-1 /W-T4-1  /T3-T4-5 /D:1     /W-T3-1  
/D:2     /W-F0-1  /D:2     /W-F2-1  /D:2     /W-T5-1  /D:4     /W-F1-1  /T5-F1-1 /D:1     
/W-T1-1  /T6-T1-3 /T6-T5-1 /T6-F2-1 /W-F2-1  /D:1     /W-F1-1  /D:2     /W-T2-1  /T0-T2-1 
/W-T0-1  /T2-T0-3 /T2-F3-1 /T1-F3-1 /T1-F0-1 /T5-F3-1 /T1-F3-1 /T1-F2-1 /T5-F0-1 /T5-T3-1 
/T6-T3-1 /T6-T0-1 /T6-F1-1 /T1-T0-3 /T0-F1-1 /W-F2-1  /T0-F2-1 /T3-T4-2 /T3-F2-1 /T4-T6-1 
/T4-F1-1 /T0-F1-1 /T3-F1-1 /T3-F3-1 /W-T0-1  /T3-T2-1 /W-T3-1  /W-T5-1  /W-F1-1  /W-T1-1  
/W-F0-1  /T6-F0-1 /T5-T1-2 /T5-F3-1 /T6-F3-1 /T5-F2-1 /T5-F0-1 /T0-F3-1 /T4-F0-1 /T0-F0-1 
/T4-F3-1 /T0-F3-1 /T1-F0-1 /T2-F0-1 /T4-F2-1 /T0-F2-1 /T1-F3-1 /T2-F3-1 /T4-F1-1 /T0-F1-1 
/T1-F0-1 /T0-F0-1 /T4-F2-1 /T1-F1-1 /T3-F2-1 /T4-F3-1 
"
1020678,K#IN#Yas#iPZc#wfMmn#jOxpTR#GhUgqXo#JArzDLCutQkveFHdlVWESbBy,136.000000,4278.000000,64.000000,0.500000,1,"
minimal: 0 / states: 131 / duration: 0.000134s
history:
/T1-F3-1 /T4-F2-1 /T6-F2-1 /T5-T2-1 /T2-T5-2 /T2-F1-1 /T0-T2-1 /T4-T0-1 /T2-T4-2 /T4-T2-3 
/D:1     /W-T6-1  /D:1     /W-F0-1  /D:1     /W-T4-1  /D:2     /W-T5-1  /T3-T5-1 /D:1     
/W-T0-1  /T6-T0-2 /D:4     /W-T4-1  /D:8     /W-T0-1  /D:1     /W-T2-1  /T1-T2-1 /T3-T1-1 
/T3-T6-1 /D:3     /W-F1-1  /T5-F1-1 /D:1     /W-F0-1  /D:1     /W-T1-1  /R       /D:2     
/W-F0-1  /T5-F0-1 /T6-T5-2 /D:1     /W-T0-1  /T5-T0-5 /T5-F2-1 /D:2     /W-T1-1  /D:3     
/W-T6-1  /W-T6-1  /D:1     /W-T3-1  /T6-T3-3 /T6-T2-1 /D:1     /W-F1-1  /T3-F1-1 /D:2     
/W-F0-1  /T3-F0-1 /D:1     /R       /D:2     /W-T2-1  /T4-T2-3 /T3-T4-3 /W-T3-1  /T4-T1-4 
/D:2     /W-T3-1  /T5-T3-1 /T5-F3-1 /T0-F3-1 /T0-F2-1 /T2-F3-1 /T0-F3-1 /T2-F2-1 /T0-F2-1 
/T2-F1-1 /T1-F1-1 /T6-F1-1 /T2-F2-1 /T6-F0-1 /T1-F0-1 /T1-F1-1 /T5-F1-1 /D:1     /W-F3-1  
/T0-F3-1 /T0-F2-1 /T2-F3-1 /T0-F3-1 /T2-F0-1 /T0-F0-1 /W-F2-1  /T1-F2-1 /T1-F1-1 /T2-F3-1 
/T0-F3-1 /T2-F0-1 /T0-F0-1 /T3-F2-1 /T1-F2-1 /T2-F3-1 /T1-F3-1 /T3-F1-1 /T0-F1-1 /T2-F0-1 
/T3-F2-1 
"
1020717,l#gV#jWa#PLSy#GAves#rFYfEu#BTNzIoQ#qpnZDdbiUXHJRtCmwcOkhxMK,132.500000,1402.000000,50.000000,0.602273,1,"
minimal: 0 / states: 122 / duration: 0.000121s
history:
/T2-F1-1 /T5-T1-1 /T6-T5-1 /D:2     /W-T5-1  /D:1     /W-F2-1  /T6-F2-1 /T6-T2-1 /T0-T6-1 
/T6-T0-2 /T6-F3-1 /T4-T6-1 /T4-T6-1 /T6-T1-3 /T5-F2-1 /W-F2-1  /D:2     /W-T1-1  /D:2     
/W-F1-1  /D:2     /W-T2-1  /D:1     /W-T3-1  /D:2     /W-T3-1  /T1-T3-6 /D:2     /W-T2-1  
/D:1     /W-T5-1  /D:3     /W-F1-1  /D:1     /W-F3-1  /D:2     /W-T4-1  /D:1     /W-T0-1  
/T2-T0-4 /T4-T2-2 /T4-F0-1 /T6-F0-1 /T5-F0-1 /T3-F0-1 /T4-T2-1 /D:1     /W-T4-1  /D:1     
/R       /D:1     /W-T6-1  /T3-T6-8 /T5-T3-2 /T5-T0-1 /T3-T2-3 /T5-T4-1 /T5-T1-1 /T5-F2-1 
/T6-T1-1 /T6-F2-1 /D:1     /W-F1-1  /T1-F1-1 /T0-F1-1 /T0-F2-1 /T1-T6-1 /T1-F1-1 /T2-T0-4 
/T2-F1-1 /D:1     /W-F1-1  /D:2     /W-T6-1  /D:1     /W-T1-1  /T3-T1-1 /T3-F3-1 /T0-F3-1 
/T0-F0-1 /T6-F3-1 /T0-F3-1 /T6-F0-1 /T0-F0-1 /T6-F3-1 /T0-F3-1 /T6-F2-1 /T2-F2-1 /W-F0-1  
/T0-F0-1 /T2-F1-1 /T6-F3-1 /T0-F3-1 /T6-F0-1 /T6-F3-1 /T4-F3-1 /D:1     /W-F2-1  /T0-F2-1 
/T6-F2-1 /T6-F3-1 /T0-T4-1 /T0-F2-1 /D:1     /W-F1-1  /T4-F1-1 /D:1     /W-F0-1  /T1-F0-1 
/T1-F1-1 /T4-F0-1 
"
1020800,A#Pc#HLp#TutW#VGRkB#Ofzryh#XICKqmi#lFNnUZEjbosMadeSvYwDQxJg,129.500000,1358.000000,44.000000,0.610465,1,"
minimal: 0 / states: 120 / duration: 0.000121s
history:
/T0-F0-1 /T4-F0-1 /D:3     /W-F3-1  /D:1     /W-F2-1  /D:2     /W-T0-1  /D:3     /W-T2-1  
/D:1     /W-F2-1  /D:3     /W-F1-1  /T2-F1-1 /T1-F1-1 /T2-F2-1 /T4-T2-1 /T2-T0-2 /T2-T6-1 
/W-T2-1  /D:1     /W-F1-1  /D:1     /W-F1-1  /D:2     /W-T3-1  /T5-T3-1 /D:1     /W-T2-1  
/D:1     /W-T0-1  /T6-T0-2 /T5-T6-1 /D:1     /W-T4-1  /T1-T4-1 /T6-T1-2 /T6-F2-1 /T5-F2-1 
/T3-T6-3 /T6-T2-4 /T6-F0-1 /T3-T2-1 /W-T2-1  /W-F2-1  /D:4     /W-T0-1  /F2-T0-1 /T4-T0-3 
/R       /D:1     /W-T5-1  /D:2     /W-T6-1  /T4-T6-1 /T3-T4-1 /T3-T4-1 /T5-T3-2 /T5-F1-1 
/T5-F3-1 /T0-F3-1 /T0-F0-1 /T0-T4-2 /T0-F1-1 /D:1     /W-F0-1  /W-F0-1  /T6-F0-1 /T0-F0-1 
/T2-T6-2 /T2-F1-1 /T6-T2-3 /T6-F0-1 /T0-F1-1 /T4-T0-5 /T6-T1-1 /D:1     /W-F1-1  /T0-T1-6 
/T0-F1-1 /T3-F1-1 /D:1     /W-F3-1  /T1-F3-1 /T1-F2-1 /T2-F3-1 /T1-F3-1 /T2-F2-1 /T1-F2-1 
/T2-F3-1 /T1-F3-1 /T2-F2-1 /T1-F2-1 /T2-F3-1 /T1-F3-1 /D:1     /W-F2-1  /T1-F2-1 /T1-F1-1 
/T3-F2-1 /D:1     /W-F0-1  /T2-F0-1 /T0-F0-1 /T2-F3-1 /T0-F3-1 /T2-F0-1 
"
1020835,o#yO#pwN#Kzmv#WhYqQ#TuLtFj#sxHXIrV#ckgfdJaUAeibSMCnDPRGlEZB,120.500000,2850.000000,42.000000,0.690476,1,"
minimal: 0 / states: 116 / duration: 0.000117s
history:
/T2-F3-1 /T1-F3-1 /T6-T2-1 /T4-T6-1 /T3-T5-1 /T1-T3-1 /T3-T1-2 /D:1     /W-T4-1  /T0-T4-1 
/T3-T0-1 /T5-T3-2 /D:1     /W-T1-1  /T2-T1-2 /T2-T6-1 /D:5     /W-F1-1  /D:1     /W-T3-1  
/D:1     /W-F0-1  /D:1     /W-T5-1  /T4-T5-3 /T4-T0-1 /T3-T0-4 /D:2     /W-F1-1  /D:2     
/W-T2-1  /D:2     /W-F2-1  /T5-F2-1 /T6-F2-1 /T5-F1-1 /T5-F2-1 /W-T6-1  /D:1     /W-T5-1  
/D:1     /W-F3-1  /D:2     /W-T0-1  /D:1     /W-T2-1  /D:2     /W-T3-1  /D:1     /W-F0-1  
/T6-F0-1 /T5-F0-1 /T6-F3-1 /T6-F2-1 /T4-T6-1 /T6-T4-2 /W-F0-1  /W-F3-1  /W-F3-1  /R       
/D:2     /W-T0-1  /D:1     /W-F1-1  /T5-F1-1 /T0-F1-1 /T5-F0-1 /T0-F0-1 /T5-T0-1 /T6-T5-1 
/T6-F0-1 /T5-T3-2 /T5-T1-1 /T6-T2-1 /T6-F2-1 /T0-F2-1 /T5-F3-1 /T0-F3-1 /W-F1-1  /T1-F2-1 
/T1-F3-1 /T4-F1-1 /T0-F2-1 /T4-F0-1 /T4-F3-1 /T1-F2-1 /T2-F2-1 /T3-F3-1 /T0-T2-2 /T0-F3-1 
/T1-T3-1 /T1-F2-1 /T0-F2-1 /T3-T1-2 /T3-F3-1 /D:1     /W-F0-1  /D:1     /W-F1-1  /T2-F1-1 
/T1-F1-1 /T2-F0-1 /T1-F0-1 /T2-F1-1 /T1-F1-1 /T2-F0-1 
"
1020860,Y#CN#qTe#bDig#hnLuO#IvkQMz#mfdolPw#EFAJWsxXVpHartSGZUBcyRjK,132.500000,1196.000000,46.000000,0.589286,1,"
minimal: 0 / states: 123 / duration: 0.000122s
history:
/T1-F3-1  /T4-F3-1  /T3-T4-1  /T4-T3-2  /T3-T6-3  /T3-T2-1  /T0-T5-1  /T5-T0-2  /T3-T1-1  /T5-T3-1  
/T1-T5-2  /D:2      /W-T6-1   /T2-T6-2  /D:1      /W-F0-1   /D:3      /W-T2-1   /D:1      /W-T0-1   
/W-T0-1   /D:1      /W-T4-1   /T6-T4-7  /T6-F3-1  /T6-T3-1  /F3-T4-1  /T6-T4-1  /D:2      /W-T6-1   
/D:2      /W-F1-1   /T5-F1-1  /D:5      /W-T1-1   /T4-T1-11 /T4-F2-1  /T1-F2-1  /T6-F2-1  /T1-F3-1  
/T5-T6-1  /T5-F3-1  /W-T4-1   /W-T4-1   /D:2      /W-F0-1   /T6-F0-1  /T1-F0-1  /D:1      /W-F1-1   
/T6-F1-1  /T1-F1-1  /T6-F1-1  /D:1      /W-T6-1   /T5-T6-1  /T5-T0-1  /W-T0-1   /W-T0-1   /W-T4-1   
/T4-T5-4  /D:1      /W-F3-1   /D:2      /W-T3-1   /W-T3-1   /T5-T3-5  /R        /D:1      /W-F0-1   
/T1-F0-1  /T1-F1-1  /T2-T1-2  /T2-F2-1  /T3-F2-1  /T1-F2-1  /T3-F3-1  /T0-F2-1  /T1-F3-1  /T1-F2-1  
/T3-F0-1  /T0-F3-1  /T3-F1-1  /T0-F2-1  /T1-F1-1  /T1-F2-1  /T3-T0-1  /T3-F1-1  /T6-F1-1  /T0-T3-2  
/T0-F2-1  /T6-F2-1  /T3-T0-3  /T3-F1-1  /T6-F1-1  /T0-T3-4  /T0-F2-1  /D:1      /W-T1-1   /D:1      
/W-F3-1   /D:1      /W-F0-1   /T3-F0-1  /T1-F0-1  /T3-F3-1  /T1-F3-1  /T3-F0-1  /T1-F0-1  /T3-F3-1  
/T1-F3-1  /T3-F0-1  
"
1020907,d#Me#gYI#XCbk#wOouW#zGEKZJ#HlUQVFj#npsfhRScPLADxvtrNiBTaqmy,90.500000,1953.000000,40.000000,0.712329,1,"
minimal: 0 / states: 123 / duration: 0.000115s
history:
/T5-T3-1 /T2-T4-1 /D:1     /W-F2-1  /D:1     /W-T0-1  /D:3     /W-T4-1  /D:5     /W-T5-1  
/T3-T5-2 /T3-T0-1 /D:1     /W-F0-1  /D:1     /W-T1-1  /W-T1-1  /D:1     /W-T2-1  /T6-T2-1 
/T1-T6-3 /T2-T1-3 /T6-T2-4 /T6-T5-1 /T3-T6-1 /D:1     /W-T1-1  /D:1     /W-T4-1  /D:2     
/W-F3-1  /D:2     /W-F0-1  /T6-F0-1 /D:2     /W-F1-1  /T0-F1-1 /D:3     /R       /D:2     
/W-T4-1  /D:3     /W-F1-1  /T0-T6-1 /T0-F1-1 /T5-T0-5 /T4-T5-5 /T4-T0-1 /T4-F2-1 /T4-F3-1 
/T2-F3-1 /T2-F0-1 /T6-F2-1 /T6-F3-1 /T6-T1-1 /T5-T6-6 /T5-F0-1 /T5-T1-1 /T6-T5-7 /T2-F1-1 
/T2-F0-1 /T1-F0-1 /T5-F1-1 /T2-F1-1 /T6-F0-1 /T5-T1-1 /T5-F1-1 /T5-F0-1 /T0-T4-2 /T0-F0-1 
/W-T1-1  /W-F3-1  /T1-F3-1 /T4-T0-3 /D:2     /W-F1-1  /T1-T5-3 /T1-F1-1 /T0-T3-3 /T0-F1-1 
/T5-T1-4 /T5-F0-1 /T0-F0-1 /T5-F1-1 /T1-T5-6 /T1-F0-1 /D:1     /W-F3-1  /D:1     /W-F2-1  
/W-F2-1  /W-F2-1  /T5-F2-1 /T3-F2-1 /T5-F3-1 /T3-F3-1 /T5-F2-1 /T3-F2-1 /T5-F3-1 /T3-F3-1 
/T5-F2-1 /T5-F3-1 /T0-F3-1 /D:1     /W-F1-1  /D:1     /W-F2-1  /T5-F2-1 
"
1020928,L#sU#vmd#eyDn#QxAMH#ibNOoZ#GWkEclq#IfzSChJRBtKPXwTapujFYgrV,126.500000,1012.000000,52.000000,0.556818,1,"
minimal: 0 / states: 129 / duration: 0.000113s
history:
/T3-F2-1 /T0-T5-1 /T5-T0-2 /T5-F2-1 /D:5     /W-T2-1  /T5-T2-1 /T5-F3-1 /T2-F3-1 /T5-T2-1 
/T4-T5-1 /D:5     /W-T1-1  /D:2     /W-F3-1  /D:1     /W-T0-1  /D:1     /W-T0-1  /T5-T0-2 
/T4-T5-1 /T4-F0-1 /D:1     /W-T0-1  /D:1     /W-F1-1  /T2-F1-1 /D:1     /W-F2-1  /T6-F2-1 
/T6-T5-1 /T6-F1-1 /T2-T6-2 /T4-T5-1 /T4-F3-1 /T2-T4-1 /T1-T2-2 /T1-T0-1 /D:2     /W-T5-1  
/T2-T5-3 /D:4     /W-F2-1  /T0-F2-1 /T5-F2-1 /D:1     /R       /D:3     /W-T1-1  /D:4     
/W-F3-1  /D:1     /W-F0-1  /T6-F0-1 /T3-F0-1 /T6-F1-1 /T6-F0-1 /T6-T3-1 /T3-T4-2 /T3-F1-1 
/W-T4-1  /D:2     /W-F2-1  /D:1     /W-F0-1  /D:1     /W-T1-1  /W-T1-1  /T6-T1-1 /T6-F0-1 
/D:2     /W-T4-1  /R       /D:1     /W-T1-1  /T5-T1-1 /T5-F2-1 /D:1     /W-F1-1  /D:1     
/W-F3-1  /T0-F3-1 /T1-F3-1 /T0-F0-1 /T4-F3-1 /T1-F0-1 /T1-F3-1 /T4-F0-1 /T1-F0-1 /T0-T4-2 
/T0-F3-1 /T0-F0-1 /T1-F3-1 /T0-F3-1 /T5-T1-3 /T5-F0-1 /D:2     /W-F1-1  /W-F1-1  /T4-F1-1 
/T1-F1-1 /T4-F2-1 /T1-F2-1 /T4-F1-1 /T1-F1-1 /T4-F2-1 /T1-F2-1 /T4-F1-1 
"
1020935,W#Ne#Uqk#vVEp#gxZOa#zFBYMt#wXjCmsn#ALDdQuRhGcfHJyoIbrPTSKli,152.000000,1488.000000,44.000000,0.602041,1,"
minimal: 0 / states: 118 / duration: 0.000112s
history:
/T4-F1-1 /T6-F2-1 /T4-T3-1 /T1-T6-1 /T1-F3-1 /T3-F3-1 /T4-T1-1 /T0-T4-1 /D:1     /W-F0-1  
/D:1     /W-T1-1  /T2-T1-1 /T2-T6-1 /T5-T2-1 /T5-T0-1 /T5-T0-1 /T5-F0-1 /T4-T0-2 /T6-T4-3 
/D:5     /W-T5-1  /D:3     /W-T4-1  /D:1     /W-T2-1  /D:2     /W-T1-1  /D:1     /W-T6-1  
/D:1     /W-F2-1  /T3-F2-1 /T3-T2-1 /T3-T1-1 /T2-T3-4 /T6-T2-2 /T6-F0-1 /W-T1-1  /T3-T0-5 
/T4-T1-5 /D:1     /W-T6-1  /D:1     /W-F1-1  /T1-F1-1 /T1-F2-1 /D:1     /W-F2-1  /D:1     
/W-F3-1  /D:5     /R       /D:1     /W-F0-1  /T0-F0-1 /D:1     /W-F1-1  /T1-F1-1 /T0-F1-1 
/T5-T1-1 /T5-F0-1 /D:1     /W-F3-1  /T1-F3-1 /T1-F2-1 /T1-F1-1 /T0-F2-1 /D:1     /W-F2-1  
/T0-T6-1 /T0-F2-1 /D:1     /W-F1-1  /D:1     /W-F0-1  /T1-F0-1 /D:2     /W-F3-1  /W-F3-1  
/T6-F3-1 /T1-F3-1 /T6-F0-1 /T0-F3-1 /T6-T0-1 /T6-F3-1 /T1-F0-1 /T6-F2-1 /D:1     /W-F0-1  
/T1-T2-1 /T1-F0-1 /T0-T5-3 /T0-F0-1 /D:2     /W-F1-1  /T5-F1-1 /T2-F1-1 /T5-F2-1 /T2-F2-1 
/T5-F3-1 /T1-F3-1 /W-F1-1  /T2-F1-1 /T5-F2-1 
"
1020970,F#Ut#Oap#WDAm#KEXfT#luzCRM#vgqdIni#GcNykjwbHZrQxoJLSsPYVBhe,154.000000,2902.000000,47.000000,0.611702,1,"
minimal: 0 / states: 117 / duration: 0.000117s
history:
/T0-T4-1 /T5-T0-1 /T5-T4-1 /D:3     /W-F3-1  /D:1     /W-T3-1  /D:1     /W-T3-1  /D:2     
/W-T3-1  /T6-T3-1 /T6-F2-1 /D:1     /W-T2-1  /D:1     /W-T3-1  /T4-T3-3 /T4-T1-1 /D:2     
/W-T1-1  /D:1     /W-T1-1  /T5-T1-1 /D:2     /W-F2-1  /T2-T1-1 /T2-F2-1 /T2-F1-1 /T1-F1-1 
/T2-F3-1 /T3-T2-9 /T3-F0-1 /T3-T2-1 /T6-T3-1 /D:1     /W-T4-1  /D:4     /W-F3-1  /T1-T6-1 
/T1-F3-1 /T6-T1-2 /T6-F2-1 /W-T6-1  /D:1     /W-T0-1  /D:1     /W-T4-1  /D:1     /W-F0-1  
/T1-F0-1 /T2-F0-1 /T2-F3-1 /W-F3-1  /D:1     /W-T3-1  /T1-T3-4 /D:1     /W-T2-1  /R       
/D:1     /W-T1-1  /D:1     /W-F1-1  /T3-F1-1 /T2-F1-1 /T3-F2-1 /T6-F2-1 /T3-F1-1 /T3-F2-1 
/T6-F1-1 /T1-T6-2 /T5-T1-1 /T5-F2-1 /T3-F1-1 /T2-T4-3 /T2-F1-1 /T6-T3-2 /T6-F2-1 /T2-F2-1 
/T5-T1-1 /D:1     /W-F1-1  /T2-F1-1 /T4-T2-6 /T4-F0-1 /T2-F0-1 /T2-F3-1 /T3-F0-1 /T2-F0-1 
/T3-F3-1 /T2-F3-1 /T3-F0-1 /T2-F0-1 /T3-F3-1 /T2-F3-1 /T4-F0-1 /T0-F3-1 /T1-F1-1 /D:1     
/W-F3-1  /D:1     /W-F2-1  /T2-F2-1 /T1-F2-1 /T2-F1-1 /D:1     /W-F0-1  /T0-F0-1 
"
1021015,F#fL#IDa#tCdo#uGiHU#WKBzQn#YswXbRA#xhJPpjqSOMTkmlcNgvyerZEV,142.500000,3690.000000,65.000000,0.563559,1,"
minimal: 0 / states: 129 / duration: 0.000124s
history:
/T2-F1-1 /T5-F2-1 /T3-F2-1 /T6-F0-1 /T6-T0-1 /T6-F1-1 /T6-T1-1 /T6-T1-1 /T2-T0-1 /T4-T2-1 
/D:4     /W-T0-1  /D:1     /W-F2-1  /D:2     /W-F2-1  /D:4     /W-T4-1  /T6-T4-1 /D:4     
/W-F1-1  /T3-F1-1 /T3-T5-1 /T3-T2-1 /D:1     /W-F3-1  /D:4     /W-F1-1  /D:1     /W-F2-1  
/T4-F2-1 /T2-F2-1 /T0-T4-4 /D:1     /W-T0-1  /T1-T0-3 /T1-F1-1 /D:2     /W-T0-1  /T4-T0-6 
/R       /D:1     /W-T6-1  /D:3     /W-T6-1  /T2-T6-2 /D:2     /W-F3-1  /T0-F3-1 /D:1     
/W-T1-1  /T6-T1-5 /D:2     /W-T2-1  /D:2     /W-F1-1  /D:2     /W-T2-1  /D:1     /R       
/D:1     /W-F1-1  /T4-F1-1 /T4-T1-1 /T4-F2-1 /D:2     /W-T1-1  /D:1     /W-T2-1  /W-T2-1  
/D:2     /W-F2-1  /T0-T2-6 /T0-F2-1 /D:1     /W-T1-1  /T5-T1-2 /T5-T3-1 /T5-F0-1 /T1-F0-1 
/T1-F3-1 /T2-F0-1 /T1-F0-1 /T2-F3-1 /T1-F3-1 /T2-F0-1 /T1-F0-1 /T2-F3-1 /T1-F3-1 /T2-F0-1 
/T1-F0-1 /T1-F1-1 /T2-F3-1 /T2-F0-1 /T2-F1-1 /T5-F0-1 /T5-F3-1 /T0-F3-1 /T0-F0-1 /T1-F2-1 
/T1-F3-1 /T2-F2-1 /T0-F3-1 /W-F1-1  /T1-F0-1 /T2-F1-1 /T3-F2-1 
"
1021030,Z#JX#Kup#QVUi#orxFz#qBERNn#kacmPsL#GChMtjyDTblvfwdOYeWAHgIS,140.500000,1861.000000,59.000000,0.505682,1,"
minimal: 0 / states: 129 / duration: 0.000126s
history:
/T5-F2-1 /T5-F3-1 /T6-T0-1 /T5-T6-1 /T1-T0-1 /T3-T1-1 /T1-T0-2 /T4-T1-1 /D:1     /W-T3-1  
/D:7     /W-T6-1  /D:2     /W-T2-1  /D:1     /W-T1-1  /D:2     /W-T3-1  /T5-T3-1 /D:2     
/W-T3-1  /T2-T3-2 /T2-T0-1 /T2-T1-1 /D:1     /W-F3-1  /D:2     /W-T4-1  /D:1     /W-T1-1  
/D:1     /W-F0-1  /T5-F0-1 /T5-T4-1 /D:2     /W-T0-1  /T6-T0-3 /T6-F3-1 /T6-T2-1 /T6-T0-1 
/T6-F1-1 /T3-F1-1 /T0-F1-1 /D:1     /W-T1-1  /T3-T1-6 /W-T3-1  /D:1     /R       /D:1     
/W-F0-1  /T0-F0-1 /D:2     /W-T5-1  /D:3     /W-T2-1  /T6-T2-1 /D:1     /W-T3-1  /T4-T3-3 
/W-T4-1  /D:1     /W-T4-1  /D:1     /W-T2-1  /T3-T2-6 /T3-F3-1 /T0-F3-1 /D:1     /W-T5-1  
/T4-T5-3 /T1-T4-2 /T1-F0-1 /T4-T1-3 /T4-F2-1 /T1-F2-1 /T1-F1-1 /T2-F2-1 /T1-F2-1 /T2-F1-1 
/T0-F2-1 /T1-F1-1 /T2-F0-1 /T0-F1-1 /T1-F0-1 /W-F2-1  /W-F1-1  /T0-F2-1 /T0-F1-1 /T5-F2-1 
/T5-F1-1 /T2-T0-3 /T2-F2-1 /T2-F1-1 /T5-F2-1 /T2-F2-1 /T1-T5-4 /T1-F1-1 /T1-F2-1 /T2-F1-1 
/D:1     /W-F3-1  /T0-F3-1 /T0-F0-1 /T5-F3-1 /T0-F3-1 /T5-F0-1 /T0-F0-1 /T5-F3-1 /T0-F3-1 
/T5-F0-1 /T0-F0-1 /T5-F3-1 /T0-F3-1 /T5-F0-1 
"
1021060,x#zn#OEo#GJqR#PKeSZ#QhDbjY#mWUNwCL#pvctFIgkalTdrVifHMsXAByu,148.000000,2854.000000,50.000000,0.595745,1,"
minimal: 0 / states: 120 / duration: 0.000111s
history:
/T1-F2-1 /T2-F2-1 /T6-T4-1 /T5-T1-1 /T5-T0-1 /T5-T6-1 /T5-T3-1 /T0-T1-2 /T4-T0-2 /T2-T4-1 
/D:1     /W-F2-1  /D:1     /W-T1-1  /T5-T1-1 /T6-T5-2 /T5-T4-3 /D:1     /W-T3-1  /D:1     
/W-T1-1  /T4-T1-5 /D:4     /W-T0-1  /T6-T0-1 /T6-F3-1 /T2-F3-1 /D:1     /W-F1-1  /T1-F1-1 
/T3-F1-1 /D:3     /W-F1-1  /T4-F1-1 /D:2     /W-T0-1  /D:2     /W-F1-1  /D:1     /W-T0-1  
/D:1     /W-T2-1  /D:3     /W-F0-1  /D:1     /W-F0-1  /T1-F0-1 /T3-F0-1 /D:2     /R       
/D:3     /W-F1-1  /T1-T6-4 /T1-F1-1 /T6-T1-5 /T6-T4-1 /W-T4-1  /D:1     /W-T2-1  /T4-T2-3 
/T4-F3-1 /T1-F3-1 /T1-F0-1 /T3-F3-1 /T3-F2-1 /W-F0-1  /T1-F3-1 /D:1     /W-F3-1  /D:1     
/W-F2-1  /D:1     /W-F1-1  /D:1     /W-F2-1  /T1-F2-1 /T1-F3-1 /D:2     /W-T6-1  /W-T6-1  
/T3-T6-1 /T3-F0-1 /T0-F0-1 /T2-F0-1 /T0-F3-1 /T6-F0-1 /T2-F3-1 /T2-F0-1 /T6-F3-1 /T0-T6-2 
/T0-F0-1 /T1-T2-3 /T1-F3-1 /T0-F3-1 /T2-T1-4 /T2-F0-1 /D:1     /W-F2-1  /T1-F2-1 /T1-F1-1 
/T6-F2-1 /T1-F2-1 /T6-F1-1 /T1-F1-1 /T6-F2-1 /T1-F2-1 /T6-F1-1 
"
1021094,T#XK#aYt#LJSs#pNBvV#QiOnDh#dEPHbCI#jufMZrFUcqgzeyAWwkRxolmG,130.000000,2528.000000,52.000000,0.644444,1,"
minimal: 0 / states: 119 / duration: 0.000116s
history:
/T5-T6-1 /T3-T0-1 /T2-T6-1 /T3-T6-1 /T4-T3-1 /T1-T2-1 /T3-T1-2 /T1-T3-3 /D:1     /W-T2-1  
/T6-T2-4 /D:1     /W-T3-1  /T0-T3-2 /D:2     /W-T0-1  /T2-T0-7 /T2-F1-1 /D:1     /W-T1-1  
/T3-T1-7 /D:1     /W-T0-1  /D:2     /W-T4-1  /D:1     /W-T5-1  /D:3     /W-T2-1  /D:1     
/W-T1-1  /T5-T1-2 /T5-F2-1 /T5-T6-1 /D:2     /W-F0-1  /D:6     /W-F2-1  /D:1     /W-T2-1  
/W-T2-1  /D:1     /W-T3-1  /D:1     /W-T4-1  /R       /D:1     /W-T4-1  /D:4     /W-T3-1  
/D:1     /W-T2-1  /T4-T2-4 /T4-F0-1 /T4-F3-1 /T6-F3-1 /T6-F0-1 /T6-F1-1 /T1-F1-1 /T4-F2-1 
/T6-T5-1 /T6-F3-1 /T1-F0-1 /T6-F0-1 /T6-F1-1 /T1-F1-1 /T2-F1-1 /W-F1-1  /W-F2-1  /T0-F2-1 
/T1-F2-1 /W-F0-1  /T2-F0-1 /T5-F0-1 /T0-T2-2 /T0-F1-1 /T5-F1-1 /T5-F3-1 /T0-F0-1 /T0-F1-1 
/D:2     /W-F1-1  /D:1     /W-F3-1  /T2-F3-1 /T1-F3-1 /T2-F2-1 /T1-F2-1 /T2-F3-1 /T1-F3-1 
/T1-F0-1 /T2-F2-1 /T2-F3-1 /T0-F0-1 /W-F2-1  /T1-F3-1 /T1-F0-1 /T2-F2-1 /T0-F3-1 /T2-F1-1 
/T0-F0-1 /T3-F2-1 /T1-F3-1 /T2-F2-1 /T3-F1-1 
"
1021168,e#cF#oIu#Wnlz#fhUiN#yRYBPw#JmGgsOL#atTkDvQEpbCxdAVXrjHKMZqS,139.500000,3009.000000,44.000000,0.595238,1,"
minimal: 0 / states: 122 / duration: 0.000114s
history:
/T4-F3-1  /T4-T5-1  /T2-T5-1  /T4-T2-1  /T0-T1-1  /T3-T0-1  /T3-T0-1  /T3-F2-1  /T2-T3-2  /T2-F2-1  
/D:1      /W-F1-1   /D:1      /W-T3-1   /D:1      /W-T5-1   /T1-T5-2  /D:1      /W-T6-1   /T5-T6-6  
/D:1      /W-T6-1   /T5-T6-1  /T5-T1-1  /D:4      /W-F2-1   /D:1      /W-F1-1   /T1-T6-1  /T1-F1-1  
/D:2      /W-T0-1   /T3-T0-4  /D:1      /W-F1-1   /D:1      /W-F0-1   /T6-F0-1  /W-F0-1   /D:6      
/W-T5-1   /D:1      /W-T1-1   /T5-T1-2  /T6-T5-2  /T6-F1-1  /T5-T6-3  /D:1      /W-T2-1   /T6-T2-10 
/T6-F3-1  /T2-F3-1  /T2-F0-1  /D:1      /W-F2-1   /D:1      /W-T0-1   /R        /D:2      /W-F3-1   
/T2-F3-1  /T0-F3-1  /D:1      /W-F0-1   /T2-F0-1  /T6-T2-1  /T2-T6-1  /T2-F3-1  /T6-T2-2  /T6-F0-1  
/T6-T3-1  /T0-T4-1  /T0-F3-1  /T4-T0-2  /T4-F1-1  /T5-T3-1  /D:1      /W-F3-1   /D:1      /W-T3-1   
/T6-T3-1  /D:1      /W-F2-1   /T2-F2-1  /T0-F2-1  /T2-F1-1  /T0-F1-1  /T2-F2-1  /W-F2-1   /T2-F1-1  
/T2-F2-1  /T0-T1-2  /T0-F2-1  /D:1      /W-F1-1   /T2-F1-1  /T0-F1-1  /T3-T2-2  /T3-F2-1  /T0-F2-1  
/T3-F1-1  /D:1      /W-F0-1   /T1-F0-1  /T1-F3-1  /T2-F0-1  /T1-F0-1  /T2-F3-1  /T1-F3-1  /T2-F0-1  
/T1-F0-1  /T2-F3-1  
"
1021235,A#fp#QKb#rVlH#FYvZN#SmRaiw#TJMksCB#LIoedPcUhzntjEWOxDyqXugG,115.500000,1318.000000,46.000000,0.612500,1,"
minimal: 0 / states: 123 / duration: 0.000121s
history:
/T0-F0-1 /T4-F3-1 /T6-F0-1 /T6-F0-1 /T4-T0-1 /T2-T1-1 /D:1     /W-T0-1  /D:3     /W-T6-1  
/D:4     /W-T4-1  /D:3     /W-F2-1  /D:1     /W-T4-1  /D:1     /W-T2-1  /T4-T2-3 /T2-T4-5 
/T1-T2-2 /T1-T4-1 /W-T1-1  /T4-T1-7 /D:1     /W-T1-1  /T2-T1-3 /D:2     /W-F3-1  /D:2     
/W-F0-1  /D:2     /W-T6-1  /D:1     /W-T0-1  /T5-T0-1 /T5-T0-1 /T5-F1-1 /T1-F1-1 /T3-T0-1 
/T5-T4-1 /T5-T2-1 /W-T2-1  /W-T3-1  /W-T3-1  /D:2     /W-T0-1  /T6-T0-3 /T6-T2-1 /T3-T6-3 
/W-T3-1  /D:1     /R       /D:1     /W-T6-1  /D:1     /W-F2-1  /T1-F2-1 /T0-F2-1 /D:2     
/W-F3-1  /T1-F3-1 /T4-F3-1 /T1-F0-1 /T4-F0-1 /T6-T4-5 /T3-T6-2 /T6-T2-3 /T3-F2-1 /T5-F3-1 
/T6-F3-1 /D:1     /W-F1-1  /W-F1-1  /T0-F1-1 /T0-F2-1 /T1-F1-1 /T0-F1-1 /T1-F2-1 /T2-F2-1 
/T1-F3-1 /T1-F2-1 /T2-F3-1 /T0-T2-2 /T0-F2-1 /T4-T1-1 /T4-F3-1 /T0-F3-1 /T4-F2-1 /T1-T4-3 
/T1-F3-1 /T2-T0-4 /T2-F2-1 /T1-F2-1 /T0-T2-5 /T0-F3-1 /D:1     /W-F1-1  /D:1     /W-F0-1  
/T2-F0-1 /T2-F1-1 /T4-F0-1 /T2-F0-1 /T4-F1-1 /T2-F1-1 /T4-F0-1 /T2-F0-1 /T4-F1-1 /T2-F1-1 
/T4-F0-1 
"
1021239,h#TV#Wxs#Uevd#pOCrn#GtguNA#jMFbHkl#SLcQazBoYIiRDKfqEwXJPmyZ,115.500000,3170.000000,57.000000,0.543956,1,"
minimal: 0 / states: 128 / duration: 0.000119s
history:
/T4-F2-1 /T5-F0-1 /T5-F3-1 /T3-T4-1 /T5-T1-1 /T2-T5-1 /T5-T1-2 /T2-T6-1 /T3-T2-1 /T3-T1-1 
/T5-T0-1 /T0-T2-2 /T2-T6-4 /T5-T3-1 /D:1     /W-T3-1  /T4-T3-2 /T4-T3-1 /T4-F3-1 /D:4     
/W-F1-1  /D:1     /W-T0-1  /T6-T0-6 /D:1     /W-F0-1  /T3-F0-1 /T4-T3-1 /D:1     /W-F2-1  
/T3-F2-1 /D:5     /W-F0-1  /D:2     /W-T0-1  /D:1     /W-F2-1  /D:1     /W-F0-1  /D:1     
/W-T6-1  /T1-T6-5 /D:3     /W-F3-1  /D:1     /W-T2-1  /D:1     /W-T2-1  /T6-T2-7 /T1-T6-1 
/D:1     /W-T1-1  /R       /D:1     /W-T1-1  /D:2     /W-F3-1  /D:4     /W-F3-1  /T3-T0-2 
/T3-F3-1 /T6-F3-1 /D:2     /W-T1-1  /D:1     /W-T1-1  /R       /D:4     /W-T1-1  /T6-T1-1 
/T6-F1-1 /T6-F0-1 /T6-T4-1 /T3-F0-1 /T1-F0-1 /T3-F3-1 /W-F0-1  /T2-T1-4 /T2-F3-1 /T0-T6-6 
/T0-F3-1 /T1-T2-5 /T1-F0-1 /T1-F3-1 /W-F3-1  /W-F1-1  /T6-F1-1 /T2-F1-1 /T6-F2-1 /T2-F2-1 
/T6-F1-1 /T2-F1-1 /T6-F2-1 /T2-F2-1 /T6-F1-1 /T2-F1-1 /T6-F2-1 /T2-F2-1 /T6-F1-1 /T0-F2-1 
/T2-F1-1 /T2-F2-1 /T0-F1-1 /T0-F2-1 /T2-F1-1 /D:1     /W-F0-1  /T1-F0-1 /T1-F3-1 /T4-F0-1 
"
1021275,o#Ft#RTK#pPuY#clBHS#kMUOAX#VDyGehN#dEmvWLxsCJfQjzIrqbaZwign,132.000000,2746.000000,58.000000,0.540698,1,"
minimal: 0 / states: 126 / duration: 0.000131s
history:
/T6-F3-1  /T4-T1-1  /T2-T3-1  /T1-T6-2  /T2-T4-1  /T1-T4-1  /T2-T4-1  /D:2      /W-T6-1   /W-T6-1   
/D:1      /W-T1-1   /D:2      /W-T3-1   /W-T3-1   /T6-T3-5  /D:1      /W-T1-1   /T5-T1-1  /T5-F0-1  
/T5-F3-1  /D:3      /W-T3-1   /D:1      /W-T1-1   /D:4      /W-T2-1   /T3-T2-10 /D:3      /W-T4-1   
/D:1      /W-T2-1   /D:1      /W-F1-1   /T2-F1-1  /D:3      /W-T1-1   /T4-T1-5  /T4-F0-1  /T2-F0-1  
/D:1      /W-T3-1   /D:1      /W-F2-1   /T0-F2-1  /R        /D:1      /W-T4-1   /D:1      /W-T3-1   
/T6-T3-1  /T6-T5-1  /D:1      /W-T5-1   /D:2      /W-T4-1   /D:1      /W-T4-1   /T5-T4-3  /T4-T5-7  
/T4-F1-1  /T5-T0-8  /T2-F1-1  /T3-F1-1  /T0-F1-1  /W-T2-1   /T5-T6-1  /D:2      /W-T4-1   /T6-T4-2  
/T6-F0-1  /T3-T6-3  /T3-F3-1  /T3-F2-1  /T1-F2-1  /T2-F3-1  /T1-F3-1  /T2-F0-1  /T1-F0-1  /W-F2-1   
/T2-F3-1  /T0-F0-1  /T6-F2-1  /T1-F3-1  /T2-F2-1  /T0-F3-1  /T6-F1-1  /T1-F0-1  /T2-F1-1  /T0-F0-1  
/T6-F2-1  /T1-F1-1  /T2-F2-1  /T0-F1-1  /T6-F3-1  /T1-F0-1  /T2-F3-1  /T2-F0-1  /T1-F3-1  /T1-F0-1  
/T2-F3-1  /T4-F1-1  /T0-T2-2  /T0-F0-1  /T4-T1-1  /T4-F3-1  /D:1      /W-F2-1   /T2-F2-1  /T1-F2-1  
/T2-F1-1  /T1-F1-1  /T2-F2-1  
"
1021310,E#iA#tJh#Xysz#KGTZY#QCqfHN#BPWLnmR#uUOMwvpxVbaFDdoSelgjrckI,121.000000,1813.000000,49.000000,0.589286,1,"
minimal: 0 / states: 122 / duration: 0.000123s
history:
/T1-F0-1 /T5-F3-1 /T4-T3-1 /T5-T1-1 /T0-T5-1 /T3-T0-2 /T6-T3-1 /D:3     /W-F3-1  /D:5     
/W-T0-1  /D:3     /W-F1-1  /W-F1-1  /D:2     /W-T3-1  /D:1     /W-T5-1  /D:5     /W-T1-1  
/T3-T1-3 /T3-T4-1 /T3-T4-1 /T6-T3-1 /T6-F2-1 /T6-T3-1 /T6-T0-1 /T6-F3-1 /T6-F0-1 /T4-T6-3 
/D:3     /W-F1-1  /T5-F1-1 /D:1     /W-T3-1  /D:1     /W-T0-1  /T2-T0-1 /T2-T3-1 /T5-T2-2 
/T1-T3-6 /T2-T0-3 /R       /D:3     /W-T1-1  /D:1     /W-T6-1  /D:3     /W-T6-1  /D:1     
/W-T4-1  /D:1     /W-F2-1  /W-F2-1  /T5-F2-1 /T5-F0-1 /T3-F0-1 /T5-F3-1 /T0-F0-1 /T3-F3-1 
/T4-F0-1 /D:1     /W-F3-1  /T4-F3-1 /T4-F0-1 /D:1     /W-F1-1  /T0-F1-1 /D:1     /W-T1-1  
/T4-T1-1 /D:1     /W-T1-1  /W-T1-1  /W-F3-1  /T6-F3-1 /D:1     /W-F2-1  /T3-F2-1 /T0-F2-1 
/T3-F1-1 /T0-F1-1 /T3-F0-1 /T0-F0-1 /W-F2-1  /T1-F2-1 /T0-F3-1 /T3-F1-1 /T1-F1-1 /T3-F0-1 
/T1-F0-1 /T6-F2-1 /T0-F2-1 /T3-F1-1 /T1-F1-1 /T6-F3-1 /T0-F3-1 /T3-F0-1 /T1-F0-1 /T6-F2-1 
/T0-F2-1 /T3-F1-1 /T6-F3-1 
"
1021329,y#Jw#mHd#GNai#XlWRA#zegQvK#SFOknjY#pEMCcrUbDPxTqVIutZsBhfLo,116.500000,1660.000000,46.000000,0.657303,1,"
minimal: 0 / states: 125 / duration: 0.000118s
history:
/T4-F0-1 /T5-T6-1 /T3-T1-1 /T3-F1-1 /T3-F3-1 /D:1     /W-T2-1  /D:6     /W-T5-1  /T3-T5-1 
/D:1     /W-F1-1  /D:1     /W-T4-1  /D:1     /W-T4-1  /D:6     /W-T1-1  /D:2     /W-T3-1  
/T0-T3-1 /D:2     /W-F0-1  /D:2     /W-T5-1  /D:2     /W-T4-1  /R       /D:1     /W-T5-1  
/T2-T5-2 /D:1     /W-T0-1  /T6-T0-2 /T6-T0-1 /T6-F2-1 /T4-F2-1 /T5-T0-7 /T6-T3-1 /T6-F3-1 
/T0-F2-1 /T4-F3-1 /T5-F3-1 /T4-T6-2 /T5-T1-1 /T1-T3-4 /T6-T3-3 /T3-T5-1 /T3-F3-1 /T5-T3-2 
/T6-F3-1 /D:1     /W-F0-1  /T3-F0-1 /D:1     /W-F1-1  /T0-F1-1 /T0-F0-1 /T3-F1-1 /T3-F0-1 
/T0-F1-1 /T0-F0-1 /T2-F0-1 /T3-F1-1 /D:3     /W-F3-1  /T0-F3-1 /D:1     /W-F2-1  /D:1     
/W-F3-1  /T4-F3-1 /T4-T5-1 /T4-F3-1 /T0-T5-3 /T0-F3-1 /T3-T2-5 /T3-F3-1 /D:1     /W-F0-1  
/T1-F0-1 /D:3     /W-F1-1  /D:1     /R       /D:1     /W-F2-1  /D:3     /W-F2-1  /W-F2-1  
/T2-F2-1 /T2-F1-1 /T5-F2-1 /T2-F2-1 /T5-F1-1 /T2-F1-1 /T5-F0-1 /W-F2-1  /T2-F2-1 /T5-F1-1 
/T5-F2-1 /T2-F1-1 /D:1     /W-F0-1  /T0-F0-1 
"
1021372,t#Ul#XVk#vMyB#uGDSR#sLPrAj#qfidYwT#hpZNQoICKWegFEOJHzncmxab,130.500000,925.000000,40.000000,0.688235,1,"
minimal: 0 / states: 112 / duration: 0.000144s
history:
/D:4      /W-F3-1   /D:3      /W-T5-1   /D:2      /W-T1-1   /T5-T1-2  /T5-F0-1  /T3-F0-1  /T2-T3-1  
/W-F0-1   /D:4      /W-T6-1   /T4-T6-1  /T4-T0-1  /T4-F0-1  /T5-T0-1  /F0-T6-1  /T5-T6-1  /D:2      
/W-F3-1   /T6-F3-1  /T6-F0-1  /W-F0-1   /D:1      /W-T3-1   /T2-T3-1  /T2-T5-1  /D:1      /W-T3-1   
/T6-T3-3  /T6-T5-1  /D:1      /W-T2-1   /T6-T2-1  /T6-T0-1  /T6-T5-1  /T6-T4-1  /T6-T3-1  /D:1      
/W-F2-1   /D:1      /W-T3-1   /D:1      /W-T6-1   /T3-T6-10 /T1-T3-4  /T4-T1-2  /T1-T3-3  /T3-T1-8  
/W-T4-1   /T4-T5-2  /D:1      /W-T2-1   /D:1      /W-F1-1   /D:1      /W-F1-1   /T6-F1-1  /T0-F1-1  
/W-F1-1   /T1-F1-1  /T5-F1-1  /W-T2-1   /W-F2-1   /W-F3-1   /W-T4-1   /W-F2-1   /T6-F2-1  /T0-F2-1  
/T6-F3-1  /T0-F3-1  /T6-F0-1  /T1-F0-1  /T5-T4-5  /T5-F2-1  /T0-F2-1  /T6-F3-1  /T1-F3-1  /T4-F2-1  
/T6-F0-1  /T6-F3-1  /W-F1-1   /T1-F0-1  /T3-F2-1  /T2-F3-1  /T4-F1-1  /T1-F1-1  /T4-F2-1  /T2-F2-1  
/T6-F0-1  /T1-F0-1  /T4-F3-1  /T2-F3-1  /T6-F1-1  /T1-F1-1  /T4-F0-1  /T1-F0-1  /T6-F2-1  /T2-F2-1  
/T4-F3-1  /T6-F1-1  
"
1021401,L#VH#nfA#xkRT#qEpKW#QtoCrB#eyDMcIm#waJPFNYvjiXSdblgsZUOhuzG,133.000000,1336.000000,40.000000,0.682353,1,"
minimal: 0 / states: 102 / duration: 0.000103s
history:
/T2-F0-1 /T5-F0-1 /T5-T2-1 /T5-F0-1 /T3-T1-1 /T0-T6-1 /T6-T0-2 /T6-T4-1 /T5-T6-1 /T2-T5-2 
/T2-F2-1 /T6-F2-1 /D:2     /W-F1-1  /D:3     /W-T1-1  /T3-T1-1 /T3-T0-1 /T4-T3-2 /D:1     
/W-F3-1  /D:3     /W-T4-1  /W-T4-1  /D:4     /W-T5-1  /D:1     /W-F1-1  /T6-F1-1 /T6-T2-1 
/T6-F0-1 /T5-F1-1 /D:1     /W-T2-1  /T4-T2-3 /T4-F2-1 /T4-F0-1 /T4-F2-1 /T5-F2-1 /D:2     
/W-F2-1  /D:1     /W-T4-1  /T6-T4-1 /T6-F1-1 /T5-F1-1 /T5-F2-1 /W-F1-1  /D:1     /W-T2-1  
/D:1     /W-F3-1  /D:1     /W-F1-1  /D:1     /W-F2-1  /T2-T3-1 /T2-F2-1 /D:1     /W-T6-1  
/D:1     /W-T3-1  /W-T3-1  /W-T4-1  /W-F1-1  /T2-F1-1 /T0-F1-1 /W-T6-1  /W-F3-1  /T5-F3-1 
/T1-F3-1 /T1-F0-1 /T3-F3-1 /T1-F3-1 /T3-F0-1 /T1-F0-1 /T3-F3-1 /T1-F3-1 /T3-F0-1 /T3-F3-1 
/W-F0-1  /T2-F0-1 /W-F2-1  /T3-F2-1 /T2-F1-1 /T4-F3-1 /T0-F0-1 /T4-F2-1 /T0-F1-1 /T6-F3-1 
/T2-F0-1 /T4-F3-1 /T6-F2-1 
"
1021481,O#SA#CnE#DhmM#tzbJN#aYBRoI#suPleLW#TXvKHVpywZdxrUFjgqcfGQki,127.500000,2454.000000,66.000000,0.519048,1,"
minimal: 0 / states: 139 / duration: 0.000130s
history:
/T1-F0-1 /T4-F3-1 /T0-F3-1 /T5-T6-1 /T3-T0-1 /T2-T1-1 /T2-F2-1 /T5-F2-1 /D:6     /W-T4-1  
/W-T4-1  /D:1     /W-F2-1  /D:1     /W-T3-1  /D:3     /W-T1-1  /T2-T1-1 /T3-T2-2 /T3-T6-1 
/T3-T5-1 /W-T3-1  /D:6     /W-T4-1  /D:1     /W-F2-1  /D:1     /W-T5-1  /D:2     /W-T6-1  
/W-T6-1  /D:2     /W-T2-1  /T4-T2-4 /T4-T1-1 /D:1     /R       /D:7     /W-F2-1  /D:2     
/W-T2-1  /T5-T2-3 /T5-F0-1 /T5-T0-1 /T5-F1-1 /T1-F1-1 /T1-F0-1 /T2-F1-1 /T1-F1-1 /T4-T5-1 
/T2-F0-1 /T1-F0-1 /T1-T4-1 /D:3     /R       /D:4     /W-T0-1  /T6-T0-5 /T6-T3-1 /T6-F1-1 
/T0-F1-1 /T6-T5-1 /T6-F3-1 /D:2     /W-T5-1  /D:2     /W-T5-1  /D:1     /W-F3-1  /T2-F3-1 
/T2-F0-1 /T4-F3-1 /T0-F0-1 /T2-F1-1 /T0-F1-1 /T2-F0-1 /T6-T2-1 /T6-F2-1 /T4-F2-1 /T0-F0-1 
/T2-F2-1 /D:1     /W-F1-1  /T5-F1-1 /R       /D:1     /W-F3-1  /D:1     /W-T3-1  /T2-T3-2 
/T2-F1-1 /D:1     /W-F2-1  /D:1     /W-F2-1  /T5-F2-1 /T2-F2-1 /T5-F1-1 /T2-F1-1 /T5-F2-1 
/D:1     /W-F3-1  /T3-F3-1 /T0-F3-1 /T3-F0-1 /T0-F0-1 /T3-F3-1 /T0-F3-1 /T3-F0-1 /T0-F0-1 
/T3-F3-1 
"
1021483,J#Wy#MKO#FwHo#BtGks#hcVbpZ#dgRvXue#SlfEjxDCPAmrQYzaniLITNqU,144.000000,2037.000000,53.000000,0.559140,1,"
minimal: 0 / states: 132 / duration: 0.000120s
history:
/T6-T4-1 /T1-T5-1 /D:7     /W-T4-1  /D:2     /W-T4-1  /T3-T4-1 /D:1     /W-F0-1  /D:6     
/W-F1-1  /D:1     /W-F2-1  /T4-F2-1 /D:1     /W-T0-1  /T6-T0-1 /T6-T5-1 /T6-T1-1 /T0-T5-3 
/T5-T0-6 /T5-F2-1 /T5-F1-1 /T3-T5-1 /T5-T3-2 /T5-F1-1 /T5-T1-1 /W-T5-1  /W-T5-1  /D:3     
/W-T0-1  /T4-T0-4 /T3-T4-3 /T6-T3-1 /T6-T4-1 /F2-T6-1 /T2-T6-1 /T2-T5-1 /T1-T5-3 /T3-T4-2 
/D:1     /W-F3-1  /T6-F3-1 /T6-F2-1 /T0-F3-1 /T6-F1-1 /T0-T4-1 /T0-F1-1 /D:1     /W-F2-1  
/D:1     /R       /D:2     /W-T2-1  /D:1     /W-F1-1  /D:3     /W-T2-1  /W-T2-1  /D:2     
/W-T1-1  /D:1     /W-F2-1  /T0-F2-1 /T4-T0-3 /T4-F1-1 /T5-F1-1 /D:1     /W-F3-1  /D:1     
/W-T1-1  /T4-T1-4 /F1-T5-1 /T4-T5-1 /T4-F2-1 /T4-F0-1 /W-F0-1  /T0-F0-1 /T0-F3-1 /W-F0-1  
/T0-F0-1 /W-F3-1  /T0-F3-1 /T0-F2-1 /T5-F0-1 /T1-F0-1 /T5-F1-1 /T0-F1-1 /T2-F1-1 /T5-F2-1 
/T1-T0-1 /T1-F2-1 /T1-F1-1 /T2-F2-1 /T2-F1-1 /T0-T1-3 /T0-F2-1 /T1-T0-4 /T1-F1-1 /T5-T2-3 
/T5-F2-1 /D:1     /W-F0-1  /D:1     /W-F3-1  /T0-F3-1 /T0-F0-1 /T2-F3-1 /T0-F3-1 /T2-F0-1 
/T0-F0-1 /T2-F3-1 /T0-F3-1 /T2-F0-1 
"
1021536,s#Qq#Gdp#fSUm#EjlgX#PtHJyr#eBKCMNA#hbcvFkwYoRaTWDIzuLiZOVxn,144.000000,2305.000000,64.000000,0.510204,1,"
minimal: 0 / states: 135 / duration: 0.000128s
history:
/T6-F0-1  /T6-F3-1  /D:2      /W-T2-1   /D:1      /W-T1-1   /D:4      /W-T4-1   /D:1      /W-T6-1   
/D:1      /W-T1-1   /D:1      /W-T0-1   /T1-T0-3  /T2-T1-2  /T2-T5-1  /D:1      /W-F1-1   /T1-F1-1  
/D:7      /W-T3-1   /T4-T3-2  /T0-T4-5  /T6-T0-2  /T6-T5-1  /T6-T0-1  /T6-F0-1  /T5-F0-1  /D:1      
/W-T3-1   /W-T3-1   /T4-T3-6  /D:2      /W-F3-1   /D:2      /W-T4-1   /D:1      /W-F2-1   /T3-F2-1  
/T1-F2-1  /T3-F1-1  /T5-F1-1  /T1-T5-1  /T3-T1-10 /T1-F2-1  /T6-F1-1  /T2-T3-1  /R        /D:6      
/W-T0-1   /D:1      /W-F0-1   /D:1      /W-T0-1   /T3-T0-2  /T5-T3-2  /T3-T0-3  /T3-F1-1  /D:1      
/W-T2-1   /T4-T2-2  /T4-T2-1  /T4-F0-1  /D:1      /W-T3-1   /T5-T3-1  /D:1      /W-T5-1   /R        
/D:2      /W-T2-1   /W-T2-1   /D:1      /W-F0-1   /D:1      /W-T3-1   /T5-T3-2  /T5-T3-1  /T5-T2-1  
/T5-F3-1  /T0-F3-1  /T0-F2-1  /T1-F3-1  /T0-F3-1  /T0-F0-1  /T1-F2-1  /T1-F1-1  /T2-F2-1  /T2-F1-1  
/T1-F2-1  /T1-F1-1  /T2-F2-1  /T1-F2-1  /T2-F1-1  /T2-F2-1  /T3-F0-1  /T3-T1-2  /T3-F1-1  /T2-F1-1  
/T3-F2-1  /T2-F2-1  /T1-T3-4  /T1-F1-1  /D:1      /W-F3-1   /T0-F3-1  /T0-F0-1  /T3-F3-1  /T0-F3-1  
/T3-F0-1  /T0-F0-1  /T3-F3-1  /T0-F3-1  /T3-F0-1  /T0-F0-1  /T3-F3-1  
"
1021602,E#YH#jxo#zrPa#ywVbT#pfNSLe#uMUDCni#BlZgWAtqQsKIXORhdvcmkGFJ,149.500000,3580.000000,50.000000,0.595745,1,"
minimal: 0 / states: 127 / duration: 0.000118s
history:
/T3-F1-1 /T4-T1-1 /T4-F1-1 /T2-T3-1 /T1-T4-2 /T2-T1-1 /T2-T1-1 /D:3     /W-T2-1  /D:3     
/W-F0-1  /D:2     /W-T5-1  /T3-T5-2 /D:1     /W-T0-1  /D:1     /W-T4-1  /T5-T4-4 /T5-T2-1 
/T3-T5-1 /T1-T3-3 /D:2     /W-T3-1  /D:1     /W-T2-1  /D:3     /W-T3-1  /D:1     /W-T5-1  
/D:2     /W-F1-1  /T5-F1-1 /D:1     /W-T1-1  /D:2     /W-T3-1  /T5-T3-2 /T5-F3-1 /T0-T5-2 
/D:2     /W-T2-1  /T6-T2-1 /T6-F2-1 /T4-F2-1 /T6-T5-1 /R       /D:1     /W-F0-1  /T5-F0-1 
/T6-F0-1 /T5-T3-1 /T5-F0-1 /D:4     /W-T6-1  /T5-T6-1 /T5-F2-1 /D:2     /W-F3-1  /T4-F3-1 
/T3-F3-1 /T4-F2-1 /T3-F2-1 /T4-F1-1 /T6-F1-1 /T4-F2-1 /T6-F2-1 /D:1     /W-F3-1  /T3-F3-1 
/T4-F3-1 /T6-F3-1 /T6-T0-1 /T4-T2-1 /T4-F3-1 /T6-F2-1 /D:1     /W-F2-1  /T4-F2-1 /T4-T1-1 
/D:1     /W-T1-1  /D:1     /W-F0-1  /T3-F0-1 /T2-F0-1 /R       /D:1     /W-T0-1  /D:1     
/W-F1-1  /T3-F1-1 /T2-F1-1 /T3-F0-1 /T2-F0-1 /T3-F1-1 /T1-F1-1 /T0-F1-1 /T3-F2-1 /T1-F2-1 
/T1-F1-1 /T3-T0-1 /T3-F2-1 /D:1     /W-F3-1  /T2-F3-1 /T0-F3-1 /D:1     /W-F0-1  /T2-F0-1 
/T0-F0-1 /T2-F3-1 
"
1021636,R#Wh#EXG#cbjZ#wovsQ#euPJam#iHVUrBI#qfDKlktyNnLzYpASFdgMxCOT,144.000000,830.000000,49.000000,0.576531,1,"
minimal: 0 / states: 119 / duration: 0.000118s
history:
/T2-T1-1 /T1-T6-2 /T6-T1-3 /D:1     /W-T0-1  /D:1     /W-T1-1  /D:6     /W-T3-1  /T2-T3-1 
/T4-T2-1 /T0-T4-2 /T5-T0-1 /T5-F1-1 /T5-T3-1 /T6-T5-1 /T6-T1-1 /T5-T4-2 /W-T6-1  /D:1     
/W-F3-1  /D:1     /W-F2-1  /D:1     /W-T0-1  /W-T0-1  /D:3     /W-T2-1  /D:1     /W-F0-1  
/T4-F0-1 /D:1     /W-T6-1  /T2-T6-3 /T3-T2-4 /D:2     /W-T1-1  /D:1     /W-T5-1  /T4-T5-4 
/T6-T4-6 /T4-T3-7 /T4-F2-1 /T6-T2-1 /T5-T2-6 /T3-F2-1 /T4-T0-1 /D:1     /W-T4-1  /D:2     
/W-F0-1  /D:1     /W-F3-1  /T2-F3-1 /T3-F3-1 /T2-F2-1 /T2-F3-1 /T1-T3-1 /T1-F2-1 /T2-F2-1 
/T3-T1-2 /T3-F3-1 /T3-F2-1 /T2-T6-1 /T2-F2-1 /T6-T2-2 /T6-T0-1 /D:1     /W-F3-1  /T3-F3-1 
/T3-F2-1 /T2-T0-2 /T2-F3-1 /T0-T2-3 /T0-F2-1 /W-F2-1  /T1-T3-6 /T1-F3-1 /T2-T0-4 /T2-F3-1 
/T2-F2-1 /W-T0-1  /W-F3-1  /T2-F3-1 /W-F2-1  /W-T4-1  /W-T4-1  /T3-T4-7 /T3-F1-1 /T3-F1-1 
/T4-F1-1 /W-F0-1  /T4-F0-1 /T5-F1-1 /T0-F0-1 /T4-F1-1 /T0-F1-1 /T4-F0-1 /T0-F0-1 /T4-F1-1 
/T0-F1-1 /T4-F0-1 /T0-F0-1 /T4-F1-1 /T0-F1-1 /T4-F0-1 /T0-F0-1 /T4-F1-1 /T0-F1-1 /T4-F0-1 
"
1021656,a#rq#oYw#hyJX#ljFek#fvGbnt#gORpMcK#UiAVPDZLIzdCENuWxsHTBmSQ,160.000000,4231.000000,66.000000,0.554622,1,"
minimal: 0 / states: 138 / duration: 0.000138s
history:
/T0-F1-1 /T2-T3-1 /T6-T2-1 /T6-T1-1 /T6-T0-1 /T2-T0-2 /T2-T1-1 /D:2     /W-T3-1  /D:1     
/W-F0-1  /D:4     /W-T2-1  /D:1     /W-T2-1  /T4-T2-1 /T1-T4-3 /D:3     /W-T1-1  /T6-T1-1 
/D:3     /W-F3-1  /D:1     /W-T3-1  /D:1     /W-T0-1  /D:4     /W-T3-1  /D:1     /W-F0-1  
/D:2     /W-T5-1  /T1-T5-3 /W-T1-1  /D:1     /R       /D:4     /W-T6-1  /W-T6-1  /D:1     
/W-T0-1  /D:2     /W-F0-1  /D:3     /W-T3-1  /T4-T3-4 /T6-T4-3 /T6-F3-1 /T4-T6-4 /T6-F3-1 
/T6-F0-1 /D:2     /W-F3-1  /T6-F3-1 /R       /D:1     /W-T0-1  /T5-T0-5 /T5-F2-1 /T3-F2-1 
/T5-F1-1 /T0-F2-1 /T3-F1-1 /T0-F1-1 /T3-F2-1 /T0-F2-1 /T3-F1-1 /T3-F2-1 /T0-F3-1 /T0-F2-1 
/T5-T0-1 /T5-T4-1 /T3-F3-1 /T3-F2-1 /T4-F2-1 /T5-F1-1 /D:2     /W-T5-1  /D:1     /W-F0-1  
/T6-F0-1 /T0-F0-1 /T0-F3-1 /T6-F1-1 /W-F3-1  /T0-T4-1 /T0-F3-1 /T4-T0-2 /T3-T2-2 /T3-F3-1 
/T0-T4-3 /T0-F3-1 /T2-T1-4 /T2-F3-1 /T1-T3-1 /T1-F2-1 /T3-T1-2 /F3-T2-1 /T3-T2-1 /T3-F1-1 
/T1-F1-1 /T4-T0-4 /D:1     /W-F2-1  /T2-F2-1 /T2-F3-1 /T5-F2-1 /D:1     /W-F0-1  /T0-F0-1 
/T0-F1-1 /T1-F0-1 /T0-F0-1 /T1-F1-1 /T0-F1-1 /T1-F0-1 /T0-F0-1 /T1-F1-1 
"
1021736,J#Pk#NLV#jSDM#GfmsO#HizaCh#IrQFTpA#eXKqtWyvExoYRZlUncuBdgwb,164.500000,2551.000000,50.000000,0.593750,1,"
minimal: 0 / states: 122 / duration: 0.000123s
history:
/T6-F0-1 /T4-T6-1 /T2-T0-1 /T1-T2-1 /T0-T2-2 /T3-T0-1 /T1-T3-1 /D:1     /W-T4-1  /T3-T4-2 
/D:4     /W-T5-1  /T3-T5-1 /D:3     /W-T3-1  /T5-T3-3 /D:1     /W-T3-1  /D:2     /W-T4-1  
/D:1     /W-T0-1  /W-T0-1  /T3-T0-6 /D:2     /W-T1-1  /T2-T1-4 /T2-F3-1 /T6-F3-1 /D:3     
/W-F2-1  /T4-F2-1 /T6-F2-1 /T4-T6-4 /T4-T2-1 /T6-F3-1 /D:1     /W-T6-1  /D:1     /W-T1-1  
/T6-T1-5 /D:1     /W-F0-1  /T5-F0-1 /T5-F1-1 /T5-T3-1 /D:1     /W-T0-1  /D:3     /W-F1-1  
/T1-F1-1 /T0-F1-1 /T1-F0-1 /T0-F0-1 /T6-F0-1 /T6-F3-1 /T6-T0-1 /T1-F1-1 /T4-F1-1 /T4-F0-1 
/R       /D:3     /W-F2-1  /T0-F2-1 /T1-F2-1 /D:2     /W-T2-1  /D:1     /W-F3-1  /T0-F3-1 
/T0-F2-1 /T1-F3-1 /T1-F2-1 /T0-T6-1 /T0-F2-1 /T6-T0-2 /D:1     /W-T3-1  /D:1     /W-F3-1  
/T1-F3-1 /T5-T1-1 /T5-F0-1 /W-F3-1  /W-T3-1  /W-F3-1  /D:1     /W-F1-1  /T0-F1-1 /T0-F0-1 
/T1-F1-1 /T0-F1-1 /T1-F0-1 /T3-F0-1 /T1-F1-1 /T1-F0-1 /T3-F1-1 /T0-T3-2 /T0-F0-1 /T2-T1-1 
/T2-F1-1 /D:1     /W-F2-1  /T3-F2-1 /T1-F2-1 /T3-F3-1 /T1-F3-1 /T3-F2-1 
"
1021791,H#sM#UOy#Anwr#RPixX#GVhzkb#ITSjKpY#NQFqvJmuaefWlcdgBtoDLCZE,141.500000,3828.000000,53.000000,0.538889,1,"
minimal: 0 / states: 134 / duration: 0.000134s
history:
/T6-T1-1 /T5-T6-1 /T4-T2-1 /T4-T1-1 /T0-T4-1 /T1-T0-3 /D:1     /W-F3-1  /D:1     /W-T3-1  
/T6-T3-2 /D:4     /W-T2-1  /T4-T2-2 /D:3     /W-F1-1  /T3-F1-1 /D:1     /W-T1-1  /D:2     
/W-T0-1  /D:2     /W-F1-1  /D:1     /W-F1-1  /T1-F1-1 /D:1     /W-T2-1  /T1-T2-1 /D:1     
/W-T4-1  /D:6     /W-T1-1  /T2-T1-7 /T2-F3-1 /D:1     /R       /D:3     /W-T0-1  /T2-T0-1 
/D:1     /W-T2-1  /D:2     /W-F1-1  /D:2     /W-T0-1  /F1-T0-1 /T3-T0-3 /T3-T5-1 /T3-F2-1 
/T3-F0-1 /T4-F0-1 /T4-F3-1 /T4-T1-1 /D:1     /W-F2-1  /T0-F2-1 /T0-F3-1 /T1-F3-1 /D:2     
/W-T2-1  /T5-T2-2 /T5-T3-1 /D:1     /W-F0-1  /W-F0-1  /W-T3-1  /T6-T3-1 /T6-T3-1 /T6-F3-1 
/T6-F3-1 /T5-T6-1 /T5-T2-1 /T0-T6-3 /T0-F3-1 /T2-F3-1 /T0-T3-1 /T0-F3-1 /D:1     /W-F0-1  
/R       /D:1     /W-F0-1  /T5-F0-1 /D:1     /W-F2-1  /T6-F2-1 /T1-F2-1 /T6-F1-1 /T1-F1-1 
/T1-F0-1 /T6-F2-1 /T6-F1-1 /T6-F0-1 /T1-F1-1 /T1-F0-1 /T1-F3-1 /T3-T0-2 /T3-F0-1 /T0-T3-3 
/T0-F3-1 /T2-T1-2 /T2-F0-1 /T0-F0-1 /T1-T2-3 /T1-F3-1 /D:1     /W-F2-1  /T3-F2-1 /T2-F2-1 
/T3-F1-1 /T2-F1-1 /T3-F2-1 /T2-F2-1 /T3-F1-1 /T2-F1-1 /T3-F2-1 
"
1021801,z#cC#FoA#vyjx#PeHhR#fLTpDQ#iJqgsnt#aZErNWSGVMwOkuKdbYXlUIBm,137.500000,1514.000000,47.000000,0.646739,1,"
minimal: 0 / states: 118 / duration: 0.000120s
history:
/T2-F0-1 /T1-T5-1 /T2-T1-1 /T4-T2-1 /T6-T4-1 /T6-F2-1 /T1-F2-1 /D:1     /W-F1-1  /D:4     
/W-F3-1  /D:1     /W-T3-1  /D:1     /W-T4-1  /W-T4-1  /T5-T4-2 /T5-T2-1 /T5-F2-1 /T6-T5-1 
/T1-T2-1 /T2-T6-4 /D:3     /W-T1-1  /D:2     /W-F3-1  /D:5     /W-F1-1  /T6-F1-1 /W-F1-1  
/D:1     /W-T0-1  /T3-T0-2 /D:2     /W-T1-1  /D:2     /W-T0-1  /T4-T0-6 /T6-T4-4 /T6-F2-1 
/D:1     /W-F0-1  /T0-F0-1 /T4-F0-1 /D:1     /W-T2-1  /R       /D:2     /W-F0-1  /T4-T5-1 
/T4-F0-1 /D:1     /W-F0-1  /D:1     /W-T6-1  /T4-T6-2 /T4-F1-1 /T4-F3-1 /T0-F3-1 /T0-F2-1 
/T5-F3-1 /T0-F3-1 /T5-F2-1 /T5-F3-1 /T5-T2-1 /T5-F1-1 /T0-F2-1 /T6-F1-1 /T0-F1-1 /T6-F0-1 
/T0-F0-1 /W-T4-1  /D:2     /W-T2-1  /T6-T2-2 /T6-F1-1 /T3-F1-1 /T3-T4-1 /T3-T0-1 /D:1     
/W-F2-1  /T0-F2-1 /W-F2-1  /D:1     /W-T1-1  /T0-T1-1 /T0-F2-1 /T4-F2-1 /D:2     /W-F3-1  
/T2-F3-1 /T1-F3-1 /T2-F0-1 /T1-F0-1 /T2-F1-1 /T1-F1-1 /W-F3-1  /T0-F3-1 /T0-F2-1 /T2-F0-1 
/T1-F0-1 /T2-F1-1 /T4-F3-1 
"
1021909,K#GL#qjs#ImcH#pAVBk#wQNgOD#TbalMEC#ZfuoYSFXrzydUtJxPniRevhW,67.500000,766.000000,38.000000,0.726562,1,"
minimal: 0 / states: 132 / duration: 0.000115s
history:
/T4-T1-1  /D:15     /W-T1-1   /D:2      /W-T5-1   /T4-T5-1  /T3-T4-1  /T4-T1-2  /T4-F0-1  /T5-F0-1  
/T6-F0-1  /D:1      /W-F2-1   /D:2      /W-T2-1   /T5-T2-2  /T5-T4-1  /T5-T1-1  /T5-F3-1  /T4-F3-1  
/T2-T1-4  /T2-T0-1  /T3-T2-1  /T1-T3-10 /T5-T6-1  /T4-T6-1  /T3-T4-11 /T4-F3-1  /T4-F0-1  /W-T5-1   
/T2-T4-2  /T3-T0-1  /D:3      /W-T0-1   /T1-T0-1  /D:1      /R        /D:1      /W-T1-1   /D:1      
/W-T0-1   /T6-T0-3  /T6-T2-1  /T6-T2-1  /T6-F1-1  /T6-F1-1  /T4-F1-1  /T0-T2-9  /D:1      /W-T5-1   
/T6-T5-1  /D:1      /W-F2-1   /T2-F2-1  /T2-F3-1  /T4-F2-1  /T4-F3-1  /T2-F0-1  /D:2      /W-F3-1   
/T5-F3-1  /D:1      /W-F0-1   /D:2      /W-F2-1   /T4-F2-1  /D:1      /W-T0-1   /D:1      /W-T1-1   
/W-T1-1   /W-T0-1   /T5-T1-3  /D:1      /W-F1-1   /D:1      /W-F3-1   /D:1      /W-F2-1   /T1-F2-1  
/T4-T1-2  /T4-F3-1  /D:1      /W-T0-1   /D:1      /W-F1-1   /T2-F1-1  /T1-F1-1  /T2-F0-1  /T1-F0-1  
/T2-F1-1  /T1-F1-1  /T2-F0-1  /T4-F0-1  /T2-F1-1  /T2-F0-1  /T4-F1-1  /T2-F1-1  /T4-F0-1  /T2-F0-1  
/T4-F1-1  /D:1      /W-F2-1   /T1-F2-1  /T0-F2-1  /D:1      /W-F3-1   /T1-F3-1  /T0-F3-1  /T1-F2-1  
/T0-F2-1  /T1-F3-1  
"
1030039,f#WO#iGQ#xvMT#SwaZp#XDmPks#JUrzlEn#dIjVhAgbeRtKHucoBFYNyLqC,160.500000,3829.000000,45.000000,0.579787,1,"
minimal: 0 / states: 116 / duration: 0.000119s
history:
/T6-F2-1  /T5-T3-1  /T6-T0-1  /T4-T2-1  /T2-T0-2  /T1-T0-1  /T0-T2-5  /T4-T0-1  /T4-F1-1  /T4-T5-1  
/D:2      /W-T1-1   /D:2      /W-T5-1   /D:1      /W-T1-1   /T2-T1-6  /D:1      /W-F0-1   /D:2      
/W-F1-1   /D:1      /W-T3-1   /D:3      /W-T6-1   /T1-T6-9  /D:1      /W-T2-1   /T3-T2-3  /T6-T3-11 
/T6-T1-1  /T6-T4-1  /W-T6-1   /T4-T6-2  /T3-T4-12 /T6-T3-4  /T2-T6-5  /D:1      /W-T5-1   /D:1      
/W-F1-1   /D:1      /W-F2-1   /D:1      /W-F0-1   /D:2      /W-T1-1   /D:1      /W-F3-1   /T4-F3-1  
/T4-F2-1  /D:1      /W-T0-1   /T5-T0-4  /T5-F3-1  /T5-T2-1  /T5-T6-1  /T4-F3-1  /T6-T5-7  /D:1      
/W-T2-1   /T5-T2-8  /D:1      /W-F2-1   /T3-F2-1  /D:1      /W-F0-1   /T2-F0-1  /T4-F0-1  /W-F0-1   
/W-F3-1   /T3-F3-1  /T4-T3-1  /T4-F0-1  /T2-T0-3  /T2-F0-1  /R        /D:1      /W-F1-1   /T0-F1-1  
/T0-F2-1  /T0-F3-1  /T3-F1-1  /T3-F2-1  /T3-F3-1  /T0-F2-1  /T0-F3-1  /T3-F2-1  /T0-F2-1  /T3-F2-1  
/D:2      /W-F1-1   /T4-F1-1  /T2-F1-1  /T4-F0-1  /T2-F0-1  /T4-F3-1  /T2-F3-1  /W-F1-1   /T0-F1-1  
/T0-F2-1  /T4-F0-1  /T1-F3-1  /T2-F0-1  /T0-F3-1  /T4-F1-1  /T1-F2-1  /T2-F1-1  /T4-F0-1  
"
1030048,C#PA#wzB#sHuR#TrGLp#MdNnEt#cVgfbSX#OJxiUvFyYlWIakmjDhQqZoeK,132.000000,2441.000000,76.000000,0.495536,1,"
minimal: 0 / states: 141 / duration: 0.000136s
history:
/T1-F0-1 /T2-F0-1 /T0-F0-1 /T2-T0-1 /T2-T6-1 /D:1     /W-T4-1  /D:3     /W-T6-1  /D:5     
/W-T0-1  /D:4     /W-F1-1  /D:2     /W-T2-1  /D:2     /W-F0-1  /D:3     /W-T3-1  /T1-T3-1 
/D:1     /W-T1-1  /D:1     /W-T3-1  /D:2     /W-T0-1  /R       /D:6     /W-T1-1  /T6-T1-3 
/T6-T5-1 /T6-F1-1 /D:2     /W-T0-1  /D:1     /W-T0-1  /D:3     /W-T0-1  /T5-T0-2 /T5-F0-1 
/T5-F2-1 /T3-F2-1 /T5-F3-1 /T4-F3-1 /T3-F3-1 /T4-F2-1 /T4-T2-1 /T6-T4-1 /F0-T0-1 /T5-T0-1 
/T3-F2-1 /D:1     /W-F3-1  /T3-F3-1 /T3-T1-1 /T6-T1-1 /T3-T6-1 /T0-T4-2 /T0-F3-1 /T3-T1-1 
/D:1     /W-T1-1  /R       /D:6     /W-T5-1  /D:1     /W-T2-1  /D:1     /R       /D:1     
/W-T2-1  /T6-T2-2 /T6-F1-1 /T4-F1-1 /T1-F1-1 /T4-F0-1 /T4-F1-1 /D:1     /W-T5-1  /D:3     
/W-F0-1  /T4-F0-1 /T4-F2-1 /T1-F2-1 /T0-F2-1 /T1-F1-1 /T0-F1-1 /T4-F3-1 /T1-F2-1 /T2-F0-1 
/T1-F1-1 /T0-F0-1 /W-F2-1  /W-F3-1  /T2-F3-1 /T0-F3-1 /T1-F2-1 /T2-F0-1 /T1-F3-1 /T0-F0-1 
/T0-F3-1 /T5-F2-1 /T1-F2-1 /T0-F2-1 /T1-F3-1 /D:1     /W-F1-1  /T2-F1-1 /T2-F0-1 /T5-F1-1 
/T2-F1-1 /T5-F0-1 
"
1030069,X#gs#OHy#iJre#KPxBN#FuzUbf#ZMhqDIp#kRmdEtLlVYCaQGncjTAWwoSv,129.000000,3486.000000,45.000000,0.607143,1,"
minimal: 0 / states: 128 / duration: 0.000117s
history:
/T4-F3-1 /T3-T1-1 /T3-T5-1 /T3-T0-1 /T0-T2-2 /T3-T2-1 /D:3     /W-T0-1  /T2-T0-4 /T2-T0-1 
/T2-F3-1 /D:1     /W-T5-1  /T6-T5-1 /D:8     /W-F1-1  /D:3     /W-F2-1  /D:3     /W-T0-1  
/T1-T0-2 /D:1     /W-F0-1  /T4-F0-1 /W-T4-1  /T6-T4-1 /T6-T0-1 /W-T0-1  /D:3     /W-F2-1  
/T5-F2-1 /T6-F2-1 /T6-T4-1 /T6-T2-1 /D:2     /R       /D:4     /W-T4-1  /T5-T4-3 /T5-F1-1 
/T0-F1-1 /T4-F1-1 /T4-F2-1 /W-T4-1  /D:1     /W-T6-1  /D:1     /W-T2-1  /T4-T2-7 /T4-F3-1 
/D:3     /W-F0-1  /T0-F0-1 /T0-F1-1 /T0-F2-1 /T2-F0-1 /T2-F1-1 /T1-F1-1 /T2-F2-1 /T2-F1-1 
/T5-T2-1 /T5-T1-1 /T5-F2-1 /T5-F0-1 /W-T1-1  /T4-T1-1 /D:1     /W-F3-1  /D:1     /W-F0-1  
/D:1     /W-T1-1  /D:3     /W-F2-1  /R       /D:1     /W-T6-1  /D:1     /W-F3-1  /D:2     
/W-F2-1  /D:1     /W-F3-1  /T0-F3-1 /T0-F0-1 /T0-F1-1 /T2-F3-1 /T2-F0-1 /T2-F1-1 /W-F3-1  
/T0-F0-1 /T1-F3-1 /T0-F3-1 /T1-F0-1 /T2-F2-1 /T1-F3-1 /T6-F1-1 /T0-F2-1 /T2-F1-1 /T1-F2-1 
/T6-F0-1 /T0-F1-1 /T2-F0-1 /T6-F3-1 
"
1030142,g#oT#FjJ#mRva#ZknBp#DyHtxb#SEGqVOY#AlzQiUNWdrLKPIwhCscufXMe,185.500000,4449.000000,62.000000,0.546296,1,"
minimal: 0 / states: 129 / duration: 0.000121s
history:
/T3-F1-1 /T5-F1-1 /T5-T6-1 /D:1     /W-F0-1  /D:4     /W-T2-1  /D:1     /W-T3-1  /T5-T3-1 
/T5-T2-1 /T1-T2-1 /D:1     /W-F3-1  /D:1     /W-T6-1  /T3-T6-3 /D:10    /W-T0-1  /T3-T0-1 
/T5-T3-1 /T5-T0-1 /D:1     /W-F1-1  /D:2     /W-T6-1  /D:1     /W-T3-1  /T2-T3-4 /D:1     
/W-T5-1  /T6-T5-7 /T6-F3-1 /W-T6-1  /T0-T6-4 /D:1     /R       /D:2     /W-T0-1  /W-T0-1  
/D:2     /W-F1-1  /D:1     /W-T5-1  /W-T5-1  /T4-T5-1 /T4-F0-1 /T4-F2-1 /T1-F2-1 /T5-F2-1 
/D:2     /W-T0-1  /T2-T0-1 /T2-T3-1 /D:1     /W-F3-1  /T5-F3-1 /D:1     /W-T0-1  /D:1     
/W-T4-1  /T6-T4-6 /T6-F2-1 /T5-F2-1 /T4-T3-2 /T4-F2-1 /T5-T6-1 /T5-F2-1 /T6-T5-2 /T6-T5-1 
/D:1     /W-T0-1  /D:1     /W-F0-1  /T3-F0-1 /T3-F3-1 /T5-F0-1 /T6-F3-1 /T3-F0-1 /T3-F3-1 
/T4-T3-1 /T4-F2-1 /T5-T0-2 /T5-F3-1 /T4-F3-1 /T5-F2-1 /T4-F2-1 /T5-F3-1 /T5-F2-1 /T3-T4-4 
/T3-F3-1 /T4-T3-5 /T5-F3-1 /T4-F3-1 /D:1     /W-F1-1  /T0-F1-1 /T0-F0-1 /T3-F1-1 /T0-F1-1 
/T3-F0-1 /T0-F0-1 /T3-F1-1 /T0-F1-1 /T3-F0-1 /T0-F0-1 /T3-F1-1 /T0-F1-1 /T3-F2-1 /T0-F2-1 
/W-F0-1  /T3-F1-1 /T5-F0-1 
"
1030201,D#io#Uwe#SNlk#dvILg#RYEspm#KVQMGZj#WFTztbJHAuanXqPcyBxrfCOh,91.000000,608.000000,35.000000,0.661765,1,"
minimal: 0 / states: 115 / duration: 0.000115s
history:
/T0-T2-1 /T5-T0-1 /D:2     /W-T4-1  /T2-T4-2 /T2-T3-1 /D:3     /W-T2-1  /D:1     /W-T5-1  
/D:3     /W-F0-1  /D:2     /W-F1-1  /T5-F1-1 /D:1     /W-F2-1  /T1-F2-1 /T5-F2-1 /W-T1-1  
/T4-T1-4 /T3-T4-2 /T4-T0-3 /T4-T6-1 /T1-T0-6 /T2-T4-2 /D:2     /W-F2-1  /D:1     /W-T0-1  
/D:1     /W-F1-1  /D:2     /W-F0-1  /D:1     /W-T3-1  /T6-T3-2 /T6-T1-1 /W-T1-1  /W-T1-1  
/D:1     /W-F2-1  /T5-F2-1 /T4-F2-1 /T6-T4-1 /T6-T2-1 /T3-T2-4 /T3-F3-1 /T5-T3-1 /T6-T3-1 
/W-T6-1  /W-T1-1  /T6-T1-2 /T0-T1-5 /T0-F2-1 /T4-T2-2 /T4-F2-1 /T4-F1-1 /W-T4-1  /T5-T4-1 
/T1-T5-2 /T1-F1-1 /T3-T2-3 /T5-T1-3 /T6-T4-1 /D:1     /W-F1-1  /D:1     /W-F0-1  /D:1     
/W-F3-1  /T1-F3-1 /T1-F0-1 /T2-F3-1 /T1-F3-1 /T2-F0-1 /T1-F0-1 /T1-F1-1 /T2-F3-1 /T2-F0-1 
/W-F3-1  /T1-F0-1 /T2-F3-1 /T1-F3-1 /T2-F0-1 /W-F3-1  /T1-F0-1 /T1-F3-1 /T4-F0-1 /T4-F3-1 
/T0-T1-3 /T0-F0-1 /T1-T0-4 /T1-F3-1 /T2-T4-3 /T2-F0-1 /D:1     /W-F1-1  /T0-F1-1 /T0-F2-1 
/T4-F1-1 /T0-F1-1 /T4-F2-1 /T0-F2-1 /T4-F1-1 /T0-F1-1 /T4-F2-1 
"
1030240,q#rl#zgB#IUSd#eTiGV#CvFJyA#HYQjpck#mDxahKwMoZLPuntONXRWEbfs,127.500000,2281.000000,48.000000,0.582353,1,"
minimal: 0 / states: 133 / duration: 0.000126s
history:
/T5-F0-1 /T2-F0-1 /T6-T5-1 /T6-T0-1 /T6-T3-1 /D:3     /W-T1-1  /T6-T1-1 /D:1     /W-F1-1  
/D:3     /W-T5-1  /T4-T5-1 /D:2     /W-T0-1  /D:4     /W-T5-1  /T2-T5-1 /T1-T2-3 /T3-T1-2 
/T3-T4-1 /T4-T3-2 /T1-T3-3 /D:1     /W-F2-1  /T0-F2-1 /T3-F2-1 /D:3     /W-F3-1  /W-F3-1  
/D:5     /W-F1-1  /T0-F1-1 /T0-F2-1 /T3-F1-1 /T6-T3-1 /D:2     /W-T5-1  /R       /D:1     
/W-T0-1  /T5-T0-7 /T4-T5-1 /D:3     /W-T6-1  /D:1     /W-T1-1  /T6-T1-2 /T4-T6-1 /T4-F1-1 
/T6-T5-2 /D:1     /W-T4-1  /D:1     /W-T4-1  /D:1     /W-F3-1  /T3-F3-1 /T3-F2-1 /T0-F2-1 
/D:1     /W-F2-1  /D:1     /W-T4-1  /T5-T4-4 /T5-T0-1 /T3-T5-3 /T5-T2-4 /T5-F0-1 /W-T3-1  
/W-F0-1  /D:1     /W-F3-1  /T2-F3-1 /T4-F3-1 /T0-T4-2 /T0-F2-1 /T2-T3-1 /T2-F3-1 /T0-F3-1 
/T2-F2-1 /T0-F2-1 /T2-T1-1 /T2-F2-1 /T3-T1-3 /D:1     /W-F3-1  /T4-T0-5 /T4-F3-1 /T0-T4-6 
/T0-F2-1 /T1-T2-5 /T1-F3-1 /T2-T1-6 /T2-F2-1 /T4-T0-7 /T4-F3-1 /D:1     /W-F0-1  /T0-F0-1 
/T1-F0-1 /D:1     /W-F1-1  /T0-F1-1 /T0-F0-1 /T1-F1-1 /T0-F1-1 /T1-F0-1 /T0-F0-1 /T1-F1-1 
/T0-F1-1 /T1-F0-1 /T0-F0-1 /T1-F1-1 /T0-F1-1 /T1-F0-1 
"
1030275,i#Tx#AJc#ImeR#VygjY#OHNntu#SfGLZbq#rPWzUQDvpoChdksaEXFwlMBK,104.500000,1158.000000,41.000000,0.669014,1,"
minimal: 0 / states: 125 / duration: 0.000119s
history:
/T6-T3-1 /T5-T0-1 /T2-T3-1 /T1-T4-1 /T0-T2-2 /T1-T2-1 /D:3     /W-T4-1  /D:1     /W-T0-1  
/T4-T0-3 /D:4     /W-T0-1  /D:2     /W-T3-1  /D:2     /W-T0-1  /T5-T0-1 /T5-F2-1 /T3-F2-1 
/T5-F3-1 /D:3     /W-T2-1  /T3-T2-3 /D:1     /W-F1-1  /T6-F1-1 /T6-T1-1 /T6-T1-1 /W-T1-1  
/T2-T1-8 /T2-F0-1 /T1-F1-1 /W-F1-1  /T3-F1-1 /T3-T2-1 /T3-T4-1 /D:6     /W-T3-1  /W-T3-1  
/D:1     /W-F0-1  /D:1     /W-T3-1  /T4-T3-2 /T4-T5-1 /T4-T2-1 /T5-T4-2 /T5-F3-1 /R       
/D:2     /W-F3-1  /D:1     /W-T3-1  /T6-T3-1 /T6-F1-1 /T4-F1-1 /W-T6-1  /T6-T0-2 /D:1     
/W-F3-1  /D:2     /W-F2-1  /T1-F2-1 /T0-F2-1 /T1-F3-1 /T1-F2-1 /T0-F3-1 /T0-F2-1 /T0-F1-1 
/T1-F3-1 /T1-F2-1 /T0-F2-1 /T1-F1-1 /T3-T0-3 /T3-F1-1 /T4-T1-2 /D:1     /W-F0-1  /W-F0-1  
/D:1     /W-F0-1  /D:1     /W-T2-1  /T1-T2-3 /T1-F1-1 /D:1     /W-F0-1  /T0-F0-1 /T0-F3-1 
/T2-F0-1 /T0-F0-1 /T2-F3-1 /T0-F3-1 /T2-F0-1 /T3-F0-1 /T1-F0-1 /T2-F3-1 /T3-F1-1 /T3-F0-1 
/T2-T1-1 /T2-F1-1 /D:1     /W-F2-1  /T0-F2-1 /T0-F3-1 /T1-F2-1 /T0-F2-1 /T1-F3-1 
"
1030323,U#YF#zkQ#ubDj#BqyeC#fPOoSm#lLsEaKt#ipnxAdNMhcGWvHITXVZJRgwr,101.500000,1028.000000,34.000000,0.746269,1,"
minimal: 0 / states: 129 / duration: 0.000117s
history:
/T6-T0-1  /T4-T2-1  /T3-T6-1  /T4-T1-1  /T3-T1-1  /T4-T5-1  /T3-T2-1  /D:3      /W-F2-1   /D:2      
/W-F0-1   /D:2      /W-F3-1   /D:3      /W-T1-1   /D:3      /W-T6-1   /T0-T6-2  /T5-T0-2  /T5-T6-1  
/T5-F2-1  /T5-F3-1  /T5-F3-1  /D:3      /W-T3-1   /T1-T3-4  /T6-T1-6  /T6-F1-1  /T2-F1-1  /T6-T1-1  
/T2-T1-2  /T2-T0-1  /T3-F1-1  /T1-T2-10 /D:3      /W-T1-1   /D:1      /W-T0-1   /W-T0-1   /T3-T0-5  
/D:1      /W-T6-1   /T4-T6-1  /T4-F0-1  /T2-F0-1  /T0-F0-1  /T2-F3-1  /T2-F0-1  /T6-T0-1  /T6-F3-1  
/T2-F3-1  /T0-T6-2  /T0-F0-1  /T6-T0-3  /T6-T1-1  /W-T1-1   /T5-T2-1  /D:2      /W-T1-1   /D:1      
/W-T2-1   /R        /D:1      /W-T1-1   /D:1      /W-F2-1   /T0-F2-1  /T2-F2-1  /D:1      /W-T6-1   
/D:1      /W-F1-1   /T0-F1-1  /T0-F2-1  /T0-F3-1  /T2-F1-1  /T2-F2-1  /T0-F2-1  /T2-F3-1  /T0-F3-1  
/T2-F2-1  /T1-T0-1  /T1-F2-1  /T6-F2-1  /D:1      /W-T3-1   /T6-T3-1  /D:2      /W-F0-1   /D:1      
/W-F3-1   /T1-F3-1  /T0-T1-3  /T0-F2-1  /T2-T3-2  /T2-F3-1  /T2-F2-1  /T1-T0-4  /T1-F3-1  /D:1      
/W-F0-1   /D:1      /W-F0-1   /D:1      /W-F1-1   /W-F1-1   /T0-F1-1  /T0-F0-1  /T3-F1-1  /T0-F1-1  
/T3-F0-1  /T0-F0-1  /T3-F1-1  /T0-F1-1  /T3-F0-1  
"
1030334,y#LR#eiK#TStA#ZzDam#EhjHrb#xuXqYMs#cvUCWwkgldpfNGnVOJBFPoIQ,121.500000,3321.000000,38.000000,0.654762,1,"
minimal: 0 / states: 121 / duration: 0.000114s
history:
/T3-F0-1 /T1-T6-1 /T0-T4-1 /T4-T0-2 /T4-F1-1 /T5-F1-1 /T4-T6-1 /D:1     /W-F1-1  /D:4     
/W-T2-1  /D:2     /W-T0-1  /W-T0-1  /D:2     /W-T4-1  /T2-T4-2 /T2-T0-1 /D:1     /W-F1-1  
/T2-F1-1 /T4-T2-4 /T1-T4-1 /D:2     /W-T3-1  /T5-T3-1 /T5-T0-1 /D:1     /W-F3-1  /D:2     
/W-F2-1  /D:2     /W-F3-1  /D:2     /W-F0-1  /D:2     /W-F3-1  /D:1     /W-F2-1  /D:1     
/W-T2-1  /D:1     /W-F3-1  /R       /D:1     /W-T5-1  /D:1     /W-T2-1  /T3-T2-3 /T2-T3-1 
/T2-F1-1 /T3-T2-2 /T6-T3-3 /T6-T1-1 /T6-T1-1 /T3-T0-4 /D:1     /W-F0-1  /T0-F0-1 /T6-T0-1 
/T6-T4-1 /D:1     /W-F1-1  /D:1     /W-F2-1  /T0-F2-1 /T0-F3-1 /T2-F2-1 /T0-F2-1 /T2-F3-1 
/T2-F2-1 /T6-F2-1 /T5-T6-2 /T5-F1-1 /T5-F0-1 /T0-F3-1 /T2-F3-1 /T6-F2-1 /T6-T1-2 /D:2     
/W-F3-1  /T2-T1-1 /T2-F3-1 /T4-F3-1 /D:2     /W-F0-1  /R       /D:1     /W-F0-1  /T0-F0-1 
/T0-F1-1 /T0-F2-1 /T1-F0-1 /T1-F1-1 /T1-F2-1 /T0-F1-1 /T0-F2-1 /T1-F3-1 /T2-T1-2 /T2-F2-1 
/T4-T0-1 /T4-F3-1 /D:1     /W-F0-1  /T1-F0-1 /T0-F0-1 /T1-F1-1 /T0-F1-1 /T1-F0-1 
"
1030343,B#EA#hkV#vScl#RQoOx#rbZjwC#qXPKtpH#gLdnfJyWeMGImTasFuiYzUND,136.500000,1073.000000,46.000000,0.596386,1,"
minimal: 0 / states: 127 / duration: 0.000119s
history:
/T1-F0-1 /T0-F0-1 /T5-F0-1 /T6-T2-1 /T4-T3-1 /T4-T6-1 /T2-T5-2 /T5-T2-3 /T5-T3-1 /T5-T0-1 
/D:1     /W-T2-1  /D:1     /W-T0-1  /T2-T0-5 /D:1     /W-T1-1  /T6-T1-2 /T6-T2-1 /D:1     
/W-F2-1  /T4-F2-1 /F0-T4-1 /T5-T4-1 /T4-T5-3 /D:1     /W-T2-1  /T1-T2-4 /D:3     /W-T6-1  
/D:2     /W-T1-1  /T3-T1-3 /D:2     /W-T1-1  /T2-T1-7 /D:1     /W-T2-1  /D:2     /W-F1-1  
/T5-F1-1 /T3-F1-1 /T5-F0-1 /T1-T5-2 /T1-F1-1 /T5-T3-4 /D:1     /W-T0-1  /T4-T0-1 /D:5     
/W-T4-1  /W-T4-1  /T6-T4-2 /D:2     /W-F3-1  /T3-F3-1 /T3-F2-1 /T6-F3-1 /T3-F3-1 /T0-F3-1 
/D:1     /W-F0-1  /T1-F0-1 /T3-T1-1 /T3-F3-1 /W-T3-1  /T3-T4-2 /R       /D:1     /W-T6-1  
/D:1     /W-T2-1  /T6-T2-2 /T6-F2-1 /T1-F2-1 /T0-F2-1 /D:1     /W-F1-1  /T1-F1-1 /T1-F2-1 
/T0-F1-1 /T1-F1-1 /D:1     /W-T4-1  /D:1     /W-F3-1  /D:1     /W-F0-1  /T4-F0-1 /T0-F0-1 
/T4-F3-1 /T1-F0-1 /T0-F3-1 /T2-F0-1 /T4-T1-1 /T4-F3-1 /T2-F3-1 /T4-F0-1 /T4-F3-1 /T0-T2-2 
/T0-F0-1 /T0-F3-1 /T1-T4-4 /T1-F0-1 /D:1     /W-F2-1  /T4-F2-1 /T2-F2-1 /D:1     /W-F1-1  
/T4-F1-1 /T2-F1-1 /T4-F2-1 /T2-F2-1 /T4-F1-1 /T2-F1-1 /T4-F2-1 
"
1030379,x#hi#LSY#aCBz#ZjkmG#UcDQqK#dREfsbX#uAHlwnPgOVeovTWrFIypJNtM,177.500000,2864.000000,52.000000,0.615741,1,"
minimal: 0 / states: 119 / duration: 0.000125s
history:
/T5-T2-1 /T2-T3-2 /T2-T4-1 /T6-T2-1 /D:1     /W-T1-1  /D:1     /W-F0-1  /D:3     /W-T2-1  
/T1-T2-2 /T4-T1-2 /T2-T4-5 /T3-T2-3 /T3-F0-1 /T3-F0-1 /T3-F1-1 /T6-F1-1 /T4-T3-6 /D:1     
/W-F2-1  /D:1     /W-T5-1  /D:1     /W-T3-1  /T6-T3-1 /D:3     /W-T3-1  /T5-T3-2 /D:1     
/W-F2-1  /D:3     /W-T0-1  /D:1     /W-T1-1  /T5-T1-1 /T5-F0-1 /T5-F1-1 /D:2     /W-T0-1  
/T1-T0-5 /D:2     /W-F2-1  /D:1     /W-T4-1  /D:1     /W-F3-1  /D:1     /W-T5-1  /T6-T5-1 
/T6-F0-1 /D:1     /W-T1-1  /R       /D:2     /W-T1-1  /T0-T1-8 /D:1     /W-F3-1  /T3-F3-1 
/T1-F3-1 /T3-F2-1 /T6-F3-1 /T6-F1-1 /T1-F2-1 /T1-F3-1 /T3-F1-1 /T3-F2-1 /T5-F1-1 /T5-F2-1 
/T3-F1-1 /T3-F2-1 /T1-T5-1 /T1-F1-1 /T3-F1-1 /T5-T1-2 /D:1     /W-T3-1  /W-T3-1  /D:1     
/W-F2-1  /T3-T4-2 /T3-F2-1 /T1-T2-4 /T1-F2-1 /D:1     /W-F3-1  /D:1     /W-F0-1  /T2-F0-1 
/T2-F3-1 /T4-F0-1 /T2-F0-1 /T4-F3-1 /T2-F3-1 /T4-F0-1 /T3-F3-1 /T4-T3-1 /T4-F1-1 /T2-F0-1 
/T2-F3-1 /T3-F1-1 /T1-F1-1 /T3-F0-1 /T1-F0-1 /T3-F1-1 /T4-F3-1 /D:1     /W-F2-1  /T2-F2-1 
"
1030403,a#Hm#rlv#ICJy#WTgDk#KSnAcV#xNFhqEB#ZLXifOezdPosRtpjuMUQYbGw,109.000000,2294.000000,49.000000,0.595238,1,"
minimal: 0 / states: 125 / duration: 0.000124s
history:
/T0-F1-1 /T4-T3-1 /T3-T1-2 /T5-T3-1 /T6-T5-1 /T5-T4-2 /T5-F0-1 /T4-F0-1 /T5-F2-1 /T6-T5-1 
/T3-T1-2 /T3-F0-1 /T1-T0-5 /T4-T6-1 /T4-F0-1 /T4-T1-1 /T5-F0-1 /T1-T0-2 /D:1     /W-T1-1  
/D:1     /W-T1-1  /D:1     /W-T1-1  /D:8     /W-F2-1  /D:1     /W-T0-1  /D:1     /W-T0-1  
/T6-T0-2 /T6-T2-1 /T6-F0-1 /T6-F3-1 /D:1     /W-T2-1  /T5-T2-1 /D:1     /W-F2-1  /D:1     
/W-T5-1  /T2-T5-4 /T5-T2-6 /D:2     /W-T5-1  /T2-T5-7 /T2-T5-1 /D:1     /W-T3-1  /D:1     
/W-T5-1  /D:2     /W-F1-1  /T0-F1-1 /T0-F2-1 /D:1     /W-F0-1  /D:1     /W-T1-1  /R       
/D:1     /W-T1-1  /D:2     /W-F3-1  /D:2     /W-T2-1  /D:1     /W-F1-1  /W-F1-1  /W-F1-1  
/T0-T4-2 /T0-F1-1 /T4-T0-3 /T5-T3-4 /T5-F1-1 /T1-F1-1 /T5-T4-1 /T5-F1-1 /T4-T5-2 /D:1     
/W-F3-1  /T3-F3-1 /T0-F3-1 /T3-F2-1 /T0-F2-1 /T3-F3-1 /T0-F3-1 /T0-F0-1 /T3-F2-1 /T3-F3-1 
/T3-F0-1 /T0-F3-1 /T0-F0-1 /T0-F1-1 /T5-T6-2 /T5-F0-1 /T5-F1-1 /T1-T0-2 /T1-F0-1 /T5-F0-1 
/T0-T1-3 /T0-F1-1 /D:1     /W-F2-1  /T6-F2-1 /T1-F2-1 /T6-F3-1 /T1-F3-1 /T6-F2-1 /T1-F2-1 
/T2-F2-1 /D:1     /W-F3-1  /T1-F3-1 
"
1030406,A#lj#SRd#oeQf#HzxrL#vmWMDX#hqaPspt#KTFENBObwVYiuGgJycknCIUZ,143.000000,1136.000000,44.000000,0.631579,1,"
minimal: 0 / states: 124 / duration: 0.000126s
history:
/T0-F0-1  /T5-T4-1  /T3-T6-1  /D:4      /W-T6-1   /T2-T6-1  /T5-T2-1  /T5-T0-1  /D:1      /W-F3-1   
/D:1      /W-F0-1   /D:1      /W-F3-1   /D:2      /W-T4-1   /D:1      /W-T4-1   /D:1      /W-T0-1   
/D:2      /W-T4-1   /D:2      /W-T4-1   /D:3      /W-T2-1   /D:2      /W-F2-1   /D:1      /W-F0-1   
/D:1      /W-T1-1   /D:1      /W-T1-1   /T6-T1-4  /T6-T1-1  /T6-T4-1  /T6-F3-1  /T6-F1-1  /T3-F3-1  
/T2-T4-3  /T6-T3-1  /T4-T3-1  /T4-F0-1  /T4-F3-1  /T3-T4-3  /T3-F2-1  /T1-F2-1  /T2-F3-1  /D:1      
/W-T2-1   /T4-T2-10 /T1-T4-1  /T1-F0-1  /T4-T1-2  /T4-T0-1  /T5-T0-1  /T4-T3-1  /R        /D:2      
/W-F3-1   /T1-T6-4  /T1-F3-1  /T6-T1-5  /T5-T6-1  /T5-T0-1  /D:1      /W-F0-1   /D:1      /W-F1-1   
/T2-F1-1  /T1-F1-1  /T2-F2-1  /T1-F2-1  /T2-F1-1  /T1-F1-1  /T2-F2-1  /T1-F2-1  /T2-F1-1  /T2-F2-1  
/T0-F2-1  /T1-F1-1  /T2-F3-1  /T0-F3-1  /T1-T0-2  /T2-F2-1  /T2-F3-1  /T0-T1-3  /T0-F3-1  /T2-T6-1  
/T2-F3-1  /T1-T0-4  /D:1      /W-F1-1   /D:1      /W-F0-1   /T4-F0-1  /T0-F0-1  /T0-F1-1  /T0-F2-1  
/W-T0-1   /D:1      /W-F0-1   /T0-F0-1  /T6-F0-1  /T0-T3-1  /T0-F0-1  /D:1      /W-F2-1   /D:1      
/W-F1-1   /T3-F1-1  /T3-F2-1  /T6-F1-1  
"
1030423,b#fZ#mVj#kdAa#esMrF#oQwWTq#hugGXyv#pICnENtcDxJRBLiSzPOYlHUK,152.000000,1664.000000,46.000000,0.663265,1,"
minimal: 0 / states: 114 / duration: 0.000116s
history:
/T3-F1-1 /T0-F1-1 /T3-F0-1 /T6-T2-1 /T6-T1-1 /T6-T1-1 /T1-T0-3 /T1-T6-1 /D:1     /W-T3-1  
/D:3     /W-F2-1  /D:1     /W-T6-1  /T3-T6-2 /D:1     /W-F3-1  /D:2     /W-F1-1  /D:3     
/W-T0-1  /D:1     /W-T4-1  /T5-T4-1 /T4-T5-3 /D:1     /W-F0-1  /D:2     /W-T0-1  /D:2     
/W-T1-1  /D:1     /W-T5-1  /D:1     /W-F3-1  /T5-F3-1 /D:1     /W-T1-1  /D:2     /W-T0-1  
/T5-T0-4 /D:1     /W-T2-1  /T6-T2-5 /D:1     /W-T1-1  /T5-T1-1 /T5-T3-1 /T5-F3-1 /T5-F2-1 
/T2-F2-1 /T0-F2-1 /T4-F2-1 /T4-T5-1 /T4-F2-1 /T0-F3-1 /T2-F1-1 /T4-F1-1 /W-T5-1  /W-F3-1  
/T0-T6-1 /T0-F3-1 /T6-T0-2 /R       /D:1     /W-T1-1  /D:1     /W-F0-1  /D:1     /W-F2-1  
/T6-F2-1 /T2-T1-4 /T2-F2-1 /T3-F2-1 /T1-T6-3 /T1-F3-1 /T6-T1-4 /D:1     /W-F0-1  /T1-F0-1 
/T0-F0-1 /T1-F1-1 /T0-F1-1 /T1-F0-1 /T0-F0-1 /T1-F1-1 /T0-F1-1 /T1-F0-1 /T2-F1-1 /T2-F3-1 
/T0-F0-1 /T1-F3-1 /T0-F3-1 /T1-F0-1 /T3-F1-1 /T1-F3-1 /T5-F1-1 /T2-F1-1 /D:1     /W-F2-1  
/T0-F2-1 /T1-F2-1 /T0-F3-1 /D:1     /W-F0-1  /T5-F0-1 
"
1030430,x#tP#vkn#LcNB#UzWET#pAdyMF#jXIrhuY#fmQeVoRDOgliSKGwHCaqsZbJ,149.000000,2187.000000,52.000000,0.561856,1,"
minimal: 0 / states: 133 / duration: 0.000124s
history:
/T2-F2-1 /T5-T4-1 /T6-T5-1 /T4-T6-2 /T3-T1-1 /T3-F3-1 /T0-T5-1 /T5-T0-3 /T2-T5-1 /D:3     
/W-T4-1  /D:1     /W-T6-1  /D:2     /W-F2-1  /D:2     /W-T6-1  /T1-T6-2 /D:1     /W-F3-1  
/T6-T3-1 /T6-F3-1 /T3-T6-2 /T4-F3-1 /W-F3-1  /D:4     /W-T1-1  /T4-T1-1 /T4-T0-1 /T2-T0-1 
/T4-T2-1 /T1-T4-3 /T4-T0-4 /D:3     /W-T5-1  /D:3     /W-F1-1  /D:3     /W-T1-1  /T5-T1-3 
/T5-T0-1 /T5-F0-1 /T6-F0-1 /T5-F2-1 /D:1     /W-F1-1  /T6-F1-1 /T0-F1-1 /D:1     /R       
/D:2     /W-T4-1  /T3-T4-1 /D:1     /W-T1-1  /T6-T1-5 /D:2     /W-T2-1  /D:2     /W-T2-1  
/D:1     /W-T6-1  /D:2     /W-F0-1  /T1-F0-1 /T0-F0-1 /T0-F3-1 /T1-F1-1 /T1-F0-1 /T1-F3-1 
/T6-F0-1 /W-F0-1  /T0-T6-1 /T0-F3-1 /T6-T0-2 /D:1     /W-F2-1  /T6-F2-1 /T6-F0-1 /T6-T4-1 
/T6-T2-1 /D:1     /W-F2-1  /T0-F2-1 /T1-F2-1 /T1-F3-1 /T0-T2-2 /T0-F3-1 /T4-F3-1 /W-T1-1  
/D:1     /W-F0-1  /T2-T0-3 /T2-F0-1 /T4-F0-1 /T0-T2-4 /T0-F3-1 /T0-F0-1 /T1-T4-4 /T1-F3-1 
/R       /D:1     /W-F1-1  /D:1     /W-F1-1  /T2-F1-1 /T2-F2-1 /T4-F1-1 /T2-F1-1 /T4-F2-1 
/T2-F2-1 /T4-F1-1 /T2-F1-1 /T4-F2-1 /T2-F2-1 /T4-F1-1 
"
1030459,S#hN#qFn#DQzH#bRxUt#mXvGAL#wMZIcrg#dyBjoEasKOYTfpilPkuVCJeW,170.000000,3704.000000,47.000000,0.561905,1,"
minimal: 0 / states: 123 / duration: 0.000119s
history:
/T1-F3-1 /T2-F2-1 /T6-T3-1 /T6-T0-1 /T4-T1-1 /T2-T3-1 /T6-T2-1 /T4-T6-1 /T0-T1-2 /D:1     
/W-T1-1  /D:2     /W-T2-1  /D:1     /W-T4-1  /T6-T4-2 /T5-T6-1 /T5-F0-1 /T2-F0-1 /T5-T4-1 
/T6-T0-2 /T1-T5-5 /T6-T1-1 /D:1     /W-F2-1  /D:2     /W-F1-1  /D:3     /W-F3-1  /D:1     
/W-T1-1  /T4-T1-5 /T4-T3-1 /T4-F1-1 /T2-F1-1 /T5-F1-1 /T2-T3-1 /D:2     /W-T1-1  /D:1     
/W-F2-1  /T3-F2-1 /T5-F2-1 /D:1     /W-T6-1  /T3-T6-4 /T3-T2-1 /F2-T1-1 /T3-T1-1 /T3-T6-1 
/D:1     /W-T2-1  /D:1     /W-F3-1  /T1-F3-1 /T1-F2-1 /D:1     /W-T0-1  /T6-T0-7 /D:3     
/W-F0-1  /T0-F0-1 /T0-F3-1 /T5-F3-1 /D:2     /W-F1-1  /T1-F1-1 /D:1     /R       /D:2     
/W-F0-1  /T0-F0-1 /T1-F0-1 /T0-F1-1 /T0-F0-1 /T5-T1-1 /T5-F1-1 /T0-F1-1 /T1-T5-2 /T1-F0-1 
/T5-T1-3 /D:1     /W-F2-1  /T1-F2-1 /D:1     /W-T2-1  /D:1     /W-F3-1  /T1-F3-1 /D:1     
/W-F2-1  /T1-F2-1 /T1-F1-1 /T0-F2-1 /T0-F1-1 /T5-T0-1 /T1-F2-1 /W-F2-1  /T2-T1-1 /T2-F1-1 
/T2-F2-1 /T5-F1-1 /D:1     /W-F3-1  /D:1     /W-F0-1  /T1-F0-1 /D:1     /W-F3-1  /T0-F3-1 
/T0-F0-1 /T1-F3-1 /T0-F3-1 /T1-F0-1 
"
1030537,E#Rv#dCL#joKU#DGQZO#kbyefu#YJTPzAX#ImFswalcqWMxSVpHgrNhtniB,141.500000,3828.000000,50.000000,0.556180,1,"
minimal: 0 / states: 121 / duration: 0.000133s
history:
/T6-T2-1 /T6-F0-1 /T3-T1-1 /D:5     /W-T2-1  /D:1     /W-F1-1  /D:1     /W-T6-1  /T3-T6-1 
/D:3     /W-T6-1  /T1-T6-2 /W-T1-1  /W-T1-1  /T3-T1-1 /D:4     /W-T2-1  /T5-T2-1 /T0-T5-1 
/T6-T0-6 /D:3     /W-T2-1  /D:2     /W-F3-1  /T4-F3-1 /T6-F3-1 /T2-T4-6 /D:2     /W-T0-1  
/T5-T0-2 /D:1     /W-F2-1  /T1-F2-1 /D:2     /W-F0-1  /T2-F0-1 /T2-T0-1 /T4-T2-7 /T4-F3-1 
/T1-T5-2 /T1-F3-1 /R       /D:1     /W-T3-1  /D:1     /W-T1-1  /D:1     /W-T2-1  /T5-T2-3 
/T5-T1-1 /T5-F1-1 /T2-F1-1 /T0-F1-1 /T5-T1-1 /D:1     /W-T6-1  /D:1     /W-T5-1  /D:2     
/W-F3-1  /D:1     /W-F2-1  /T2-F2-1 /T2-F1-1 /D:2     /W-F2-1  /T6-F2-1 /T6-F3-1 /T6-T1-1 
/T0-T4-2 /T0-F2-1 /T4-T0-3 /T4-F0-1 /T0-F0-1 /T0-F1-1 /T2-F0-1 /T0-F0-1 /T0-F3-1 /T2-F1-1 
/T2-F2-1 /W-F0-1  /T2-F3-1 /T0-F2-1 /T0-F3-1 /T2-F2-1 /T2-F3-1 /T3-F0-1 /T1-F0-1 /T0-F0-1 
/T2-F0-1 /T5-F0-1 /T6-F3-1 /T2-F3-1 /W-F2-1  /D:1     /W-F1-1  /D:1     /W-F1-1  /T3-F1-1 
/T1-F1-1 /T0-F1-1 /T1-F2-1 /T0-F2-1 /T1-F1-1 
"
1030568,U#sH#Bmc#GvDA#fjSba#KQhLNk#OYqrynJ#TuedMzpXVPCFZIoigWxREwlt,130.000000,1139.000000,48.000000,0.604651,1,"
minimal: 0 / states: 126 / duration: 0.000128s
history:
/T3-F0-1 /T4-F1-1 /T4-F1-1 /T2-F1-1 /T6-T5-1 /T6-F2-1 /T5-T6-2 /T5-F3-1 /T6-T2-3 /T6-T4-1 
/D:1     /W-T1-1  /D:3     /W-F1-1  /W-F1-1  /D:4     /W-T5-1  /D:1     /W-T2-1  /T1-T2-2 
/T1-T2-1 /T2-T1-8 /T2-F0-1 /F1-T1-1 /T3-T1-1 /T0-T3-1 /D:1     /W-T1-1  /D:1     /W-F0-1  
/T1-T6-1 /T1-F0-1 /T6-T1-2 /D:2     /W-T0-1  /T5-T0-2 /D:2     /W-F2-1  /D:4     /W-T6-1  
/W-T6-1  /T3-T6-2 /T4-T3-2 /T3-T5-3 /D:2     /W-F0-1  /D:1     /W-T0-1  /D:2     /W-T6-1  
/R       /D:2     /W-T2-1  /T6-T2-6 /T6-F3-1 /T1-F3-1 /D:1     /W-T3-1  /D:1     /W-F2-1  
/T1-F2-1 /T1-F1-1 /T5-F2-1 /T1-F2-1 /T2-F2-1 /W-F2-1  /D:1     /W-F0-1  /D:1     /W-T4-1  
/T5-T4-3 /T5-F3-1 /T4-T5-5 /T4-F1-1 /D:1     /W-T0-1  /D:1     /W-F1-1  /T5-T2-2 /T5-F1-1 
/T0-F1-1 /T2-T5-3 /T2-F2-1 /T0-F2-1 /T5-T2-4 /T5-F1-1 /T1-T0-4 /T1-F1-1 /T2-T5-5 /T2-F2-1 
/T1-F2-1 /T3-F2-1 /T5-T2-6 /D:1     /W-F3-1  /T2-F3-1 /T0-F3-1 /T2-F0-1 /T0-F0-1 /T2-F3-1 
/T0-F3-1 /T2-F0-1 /T0-F0-1 /T2-F3-1 /T0-F3-1 /T2-F0-1 /T0-F0-1 /T2-F3-1 /T0-F3-1 /T2-F0-1 
/D:1     /W-F1-1  /T1-F1-1 
"
1030627,A#bn#Pfp#jcKk#XzRMv#VowshO#eUlErYm#SFGWxNuBZgqItTQHayiJdLCD,94.000000,1432.000000,34.000000,0.720588,1,"
minimal: 0 / states: 121 / duration: 0.000122s
history:
/T0-F0-1 /T1-F2-1 /T6-T0-1 /T5-T2-1 /T5-T4-1 /D:3     /W-T4-1  /D:2     /W-T6-1  /W-T6-1  
/T4-T6-3 /T6-T4-6 /D:1     /W-F3-1  /T2-F3-1 /T1-T2-1 /T4-T1-7 /T4-T5-1 /D:2     /W-F0-1  
/D:3     /W-T5-1  /D:4     /W-T6-1  /T2-T6-2 /T6-T2-4 /T2-T1-5 /T2-T5-1 /T4-T2-1 /T5-F3-1 
/D:2     /W-F1-1  /T1-F1-1 /D:1     /W-T0-1  /T3-T0-1 /D:2     /W-T0-1  /W-T0-1  /W-T0-1  
/W-T0-1  /T5-T0-3 /T5-T4-1 /T5-F2-1 /T1-F2-1 /T0-F2-1 /T1-F3-1 /T0-F3-1 /T1-F2-1 /T6-T1-1 
/T3-T6-1 /T3-F1-1 /T6-T2-2 /T0-F2-1 /W-F2-1  /W-T3-1  /T6-T3-1 /T3-T2-3 /T5-T4-1 /D:1     
/W-F1-1  /T6-F1-1 /D:2     /W-F0-1  /D:1     /W-F0-1  /T1-F0-1 /T1-F1-1 /R       /D:1     
/W-F3-1  /T0-F3-1 /T2-F3-1 /T4-F3-1 /D:1     /W-F0-1  /T1-F0-1 /T0-F0-1 /T2-F0-1 /T0-T4-1 
/T0-F0-1 /T1-T2-2 /T1-F3-1 /T2-T1-3 /T2-F0-1 /T4-T0-2 /T4-F3-1 /T1-T2-4 /T1-F3-1 /D:1     
/W-F2-1  /D:1     /W-F3-1  /D:1     /W-F1-1  /T2-F1-1 /T0-F1-1 /T2-F2-1 /T0-F2-1 /T2-F1-1 
/T0-F1-1 /T2-F2-1 /T0-F2-1 /T2-F1-1 /T2-F2-1 /T0-F1-1 /D:1     /W-F0-1  /T1-F0-1 
"
1030681,t#rC#MKn#BGUl#fYWjc#SkPbNp#gZEQxeJ#uLwzyvVdaDhiqOoHAIRXTsFm,108.000000,751.000000,43.000000,0.693333,1,"
minimal: 0 / states: 124 / duration: 0.000124s
history:
/T2-F2-1 /T2-T3-1 /T3-T2-2 /T0-T3-1 /D:4     /W-T0-1  /D:3     /W-T6-1  /D:2     /W-F1-1  
/D:5     /W-T1-1  /D:1     /W-F2-1  /T5-F2-1 /T5-F3-1 /T1-F3-1 /T5-F1-1 /T4-F1-1 /T5-F3-1 
/W-F2-1  /T6-T5-2 /T4-T2-1 /D:1     /W-T5-1  /D:1     /W-F0-1  /D:1     /W-T2-1  /T3-T2-2 
/D:3     /W-T5-1  /D:1     /W-T5-1  /T6-T5-1 /T4-T6-1 /T6-T4-2 /T6-F3-1 /T4-T0-3 /T6-T4-1 
/T4-T2-2 /T6-T4-1 /F3-T2-1 /T1-T2-1 /T1-F2-1 /D:1     /W-T6-1  /T5-T6-1 /T5-F2-1 /T2-T3-4 
/T2-F2-1 /T3-T2-5 /T3-F0-1 /T2-F0-1 /T2-F3-1 /D:1     /W-T1-1  /R       /D:1     /W-F2-1  
/D:1     /W-T1-1  /T5-T1-5 /D:2     /W-T4-1  /D:1     /W-F2-1  /W-F2-1  /D:1     /W-F1-1  
/T6-F1-1 /T2-T5-1 /T2-F1-1 /T6-T1-1 /T6-F1-1 /T5-T2-2 /D:1     /W-F0-1  /T2-F0-1 /T1-F0-1 
/D:1     /W-F1-1  /D:1     /W-F1-1  /T2-T0-4 /T2-F1-1 /T0-T2-5 /T0-F2-1 /T4-F2-1 /D:1     
/W-F3-1  /T2-F3-1 /T1-F3-1 /T2-F0-1 /T1-F0-1 /T2-F3-1 /T1-F3-1 /T2-F0-1 /T1-F0-1 /T1-F1-1 
/T2-F3-1 /T2-F0-1 /T2-F1-1 /T1-F0-1 /T1-F1-1 /T2-F0-1 /D:1     /W-F3-1  /T0-F3-1 /T0-F2-1 
/T4-F3-1 
"
1030706,T#GC#zbq#BnIa#AcYOV#yurLlo#EZDiPKU#sdXNxvWpjgFhQRmkteJMfwSH,151.000000,2116.000000,57.000000,0.574468,1,"
minimal: 0 / states: 127 / duration: 0.000128s
history:
/T3-F1-1 /T6-T3-1 /D:1     /W-T0-1  /D:3     /W-F3-1  /D:3     /W-T6-1  /T3-T6-2 /T3-F2-1 
/T5-F2-1 /T6-T5-4 /T6-T2-1 /T3-T2-1 /D:1     /W-F2-1  /D:6     /W-T0-1  /T2-T0-3 /T2-F1-1 
/T5-T2-5 /D:1     /W-T3-1  /T5-T3-1 /W-T5-1  /T1-T5-1 /T1-T2-1 /D:1     /W-T3-1  /D:3     
/W-T3-1  /T4-T3-1 /T4-F3-1 /D:1     /W-T1-1  /T4-T1-1 /T4-F1-1 /T4-F0-1 /T0-F0-1 /T0-F3-1 
/T0-F2-1 /T5-F0-1 /T5-F3-1 /T5-F2-1 /T5-T3-1 /T0-F3-1 /T0-F2-1 /T0-T3-1 /D:1     /W-T2-1  
/D:2     /W-F3-1  /T3-F3-1 /D:1     /W-T6-1  /R       /D:1     /W-F1-1  /D:1     /W-T5-1  
/D:1     /W-T1-1  /D:2     /W-T1-1  /W-T1-1  /D:1     /W-T3-1  /D:1     /W-T3-1  /D:1     
/W-T1-1  /T2-T1-2 /T2-F3-1 /D:1     /W-F2-1  /T3-T6-2 /T3-F2-1 /T3-F3-1 /T6-T3-4 /T6-F0-1 
/T6-T0-1 /T6-F0-1 /T3-F0-1 /T1-T2-3 /T1-F2-1 /T2-T1-4 /T2-F3-1 /T5-F3-1 /T5-T0-1 /D:1     
/W-F1-1  /T1-F1-1 /T1-F0-1 /T3-F1-1 /T1-F1-1 /T3-F0-1 /T1-F0-1 /T3-F1-1 /T1-F1-1 /T3-F0-1 
/T2-F0-1 /T3-F1-1 /T3-F0-1 /T2-F1-1 /T3-F1-1 /T1-T2-2 /T1-F0-1 /D:1     /W-F2-1  /T2-F2-1 
/T0-F2-1 /T2-F3-1 /T0-F3-1 /T2-F2-1 
"
1030755,M#Vo#fQx#XtrO#AIZdC#mRPBSc#sHhlUpg#ziavDbjeLyKYwuNWkGFJTqEn,122.500000,1524.000000,56.000000,0.549451,1,"
minimal: 0 / states: 135 / duration: 0.000135s
history:
/T3-T4-1 /T1-T5-1 /D:3     /W-F1-1  /D:3     /W-F1-1  /D:1     /W-T2-1  /D:5     /W-T0-1  
/T2-T0-2 /T4-T2-2 /T4-T3-1 /D:2     /W-T1-1  /T6-T1-1 /T6-T3-1 /D:1     /W-F3-1  /T2-F3-1 
/D:3     /W-T6-1  /D:1     /W-T1-1  /D:5     /W-F2-1  /T5-F2-1 /T3-F2-1 /T5-F1-1 /T5-T6-1 
/T3-T6-2 /T6-F1-1 /T2-T6-2 /T2-T3-1 /T4-T2-1 /T6-T4-6 /T4-T0-7 /T4-F0-1 /T5-F0-1 /T0-F0-1 
/T5-F3-1 /T0-F3-1 /T5-F3-1 /T0-T3-1 /T0-F3-1 /R       /D:1     /W-T4-1  /T6-T4-1 /T3-T6-3 
/D:3     /W-F0-1  /D:1     /W-F1-1  /D:1     /W-T2-1  /T3-T2-1 /D:1     /W-T5-1  /D:1     
/W-T4-1  /D:1     /W-T2-1  /T1-T2-4 /D:1     /W-T4-1  /W-T4-1  /T6-T4-4 /D:1     /W-T5-1  
/D:1     /W-T5-1  /W-T5-1  /T6-T5-1 /D:1     /W-F3-1  /D:1     /W-F2-1  /T4-F2-1 /T6-F2-1 
/T4-F1-1 /T4-F2-1 /T0-T4-1 /T0-F3-1 /T2-T5-2 /T2-F2-1 /T2-F3-1 /T4-T0-2 /T4-F2-1 /T2-F2-1 
/T4-F3-1 /T2-F3-1 /T0-T4-4 /T0-F2-1 /T0-F3-1 /T5-T2-6 /T5-F2-1 /T2-T5-7 /T2-F3-1 /T4-T0-6 
/T4-F2-1 /D:1     /W-F0-1  /T5-F0-1 /T0-F0-1 /T5-F1-1 /T0-F1-1 /T5-F0-1 /T0-F0-1 /T5-F1-1 
/T0-F1-1 /T5-F0-1 /T0-F0-1 /T5-F1-1 /T0-F1-1 /T5-F0-1 /T0-F0-1 /T5-F1-1 
"
1030818,d#zl#owN#Xcgi#UZJRL#jsAPbB#MQGuxaO#rtepWTmKHfIhkDFESVYvyqCn,139.000000,3564.000000,55.000000,0.590909,1,"
minimal: 0 / states: 124 / duration: 0.000111s
history:
/T2-F3-1 /T6-F3-1 /T6-F1-1 /T6-T1-1 /T3-T2-1 /T6-T2-1 /T3-T2-1 /T5-T3-1 /T5-F1-1 /T5-F3-1 
/T5-F0-1 /T3-F0-1 /T3-F1-1 /T2-T3-4 /T5-T3-1 /T0-F1-1 /T3-T4-6 /T5-T1-1 /D:3     /W-F1-1  
/D:4     /W-T0-1  /T4-T0-7 /T4-T0-1 /D:3     /W-F1-1  /D:1     /W-T1-1  /D:1     /W-T1-1  
/T6-T1-1 /T6-F3-1 /T1-T6-6 /T0-F3-1 /D:5     /W-F3-1  /D:1     /W-T4-1  /D:1     /W-T1-1  
/D:4     /W-F0-1  /D:1     /W-F2-1  /T2-F2-1 /R       /D:3     /W-F2-1  /D:2     /W-F3-1  
/D:1     /W-T1-1  /W-T1-1  /D:1     /W-T4-1  /D:2     /W-F0-1  /D:2     /W-F0-1  /W-F0-1  
/T6-F0-1 /T4-F0-1 /D:1     /W-T1-1  /T6-T1-1 /T6-F0-1 /D:2     /W-F2-1  /R       /D:1     
/W-F2-1  /T0-F2-1 /T0-F1-1 /T1-F1-1 /T0-T4-1 /T0-F1-1 /T4-T0-2 /T4-F0-1 /T4-T2-1 /T4-F3-1 
/T6-F1-1 /T1-T6-2 /T1-F0-1 /D:1     /W-F2-1  /T0-F2-1 /T0-F3-1 /T6-F2-1 /T0-F2-1 /T6-F3-1 
/T0-F3-1 /T6-F2-1 /T1-F3-1 /T0-F0-1 /T2-F3-1 /T6-T1-1 /T6-F0-1 /D:1     /W-F1-1  /T1-F1-1 
/T0-F1-1 /D:1     /W-F2-1  /T1-F2-1 
"
1030838,i#FK#dgr#uGbt#ZBPkR#mDUMNv#enAcfWw#aqIVEyLCQhlOzjsoTJpYxXHS,116.500000,1950.000000,60.000000,0.534483,1,"
minimal: 0 / states: 136 / duration: 0.000130s
history:
/T0-T6-1 /D:1     /W-F1-1  /D:1     /W-T4-1  /D:7     /W-T2-1  /W-T2-1  /D:1     /W-T5-1  
/T3-T5-1 /T3-F1-1 /D:2     /W-T2-1  /D:1     /W-T0-1  /W-T0-1  /T1-T0-1 /T4-T1-2 /T6-T4-2 
/T5-T6-3 /T5-F3-1 /T2-F3-1 /T6-T0-4 /T6-T0-1 /T6-F1-1 /T6-F0-1 /T6-F2-1 /T2-T0-3 /T1-T2-3 
/T5-T1-1 /T3-T5-1 /T2-T3-4 /T2-F1-1 /T6-F1-1 /T3-T4-5 /D:3     /W-F2-1  /D:3     /W-F2-1  
/T4-F2-1 /D:1     /W-T1-1  /D:1     /W-T1-1  /D:3     /W-T5-1  /T0-T5-3 /T0-F1-1 /R       
/D:6     /W-T1-1  /D:5     /R       /D:1     /W-T1-1  /T5-T1-6 /T5-T4-1 /D:3     /W-T5-1  
/T4-T5-8 /T4-F3-1 /T4-F0-1 /T1-F0-1 /T1-F3-1 /T1-F2-1 /T5-F0-1 /T5-F3-1 /W-F0-1  /T1-F3-1 
/T5-F0-1 /T1-F0-1 /T5-F1-1 /T0-T1-1 /T0-F1-1 /D:1     /W-T4-1  /D:1     /W-F2-1  /T1-F2-1 
/T5-F2-1 /T0-F2-1 /T5-F1-1 /T5-F2-1 /T1-T0-2 /T1-F1-1 /T1-F2-1 /T5-F1-1 /T5-F2-1 /T0-T1-4 
/T0-F1-1 /T0-F2-1 /T5-F1-1 /D:1     /W-F3-1  /T1-F3-1 /W-F3-1  /D:2     /W-T4-1  /W-T4-1  
/D:1     /W-F0-1  /T1-F0-1 /T1-F3-1 /T4-F0-1 /T1-F0-1 /T4-F3-1 /T1-F3-1 /T4-F0-1 /T1-F0-1 
/T4-F3-1 
"
1030862,C#hw#DXE#oxBV#WAnfN#GOKgtM#UbeZvYF#QIrmySqRuzcajiplJTPkHsLd,79.000000,686.000000,28.000000,0.839286,1,"
minimal: 0 / states: 127 / duration: 0.000121s
history:
/T4-F3-1 /T3-T1-1 /T2-T4-1 /T1-T2-2 /D:1     /W-T4-1  /T0-T4-1 /T5-T0-1 /T5-T1-1 /T6-T5-1 
/T6-T0-1 /T4-T1-4 /T4-F2-1 /T4-F0-1 /T3-F0-1 /T6-T4-1 /T3-T0-1 /T3-F2-1 /T6-T3-1 /T6-T5-1 
/T6-T1-1 /T1-T4-7 /T4-T0-9 /D:3     /W-T1-1  /D:1     /W-T1-1  /T2-T1-3 /T2-T5-1 /D:4     
/W-T1-1  /T5-T1-4 /D:1     /W-T2-1  /D:1     /W-T1-1  /D:1     /W-F1-1  /T0-F1-1 /T1-F1-1 
/T0-F0-1 /T1-F0-1 /D:1     /W-T5-1  /D:2     /W-F2-1  /D:1     /W-T2-1  /T5-T2-2 /T5-F3-1 
/T5-T6-1 /D:3     /W-F3-1  /T0-F3-1 /T0-F0-1 /D:4     /W-T3-1  /D:1     /W-F1-1  /T1-F1-1 
/T0-F1-1 /T1-F0-1 /T1-F1-1 /T6-F0-1 /T0-T6-1 /T0-F1-1 /T6-T0-2 /R       /D:1     /W-T2-1  
/D:2     /W-T0-1  /W-T0-1  /D:1     /W-F2-1  /T0-F2-1 /D:1     /W-F3-1  /T0-F3-1 /D:1     
/W-F1-1  /D:2     /W-F3-1  /D:1     /W-T3-1  /W-T3-1  /D:1     /W-F0-1  /T2-F0-1 /T2-F1-1 
/T3-F0-1 /T2-F0-1 /T3-F1-1 /T2-F1-1 /T3-F0-1 /T0-T2-6 /T0-F0-1 /T1-T3-5 /T1-F1-1 /D:1     
/W-F2-1  /T2-F2-1 /T2-F3-1 /T3-F2-1 /T2-F2-1 /T3-F3-1 /T2-F3-1 /T3-F2-1 /T2-F2-1 /T3-F3-1 
/T2-F3-1 /T3-F2-1 /T2-F2-1 /T3-F3-1 
"
1031019,T#yt#wJS#EDAL#KevpN#lnajYb#QmrcqPx#zGsgfhCBXoVFWuZiOIkRMHdU,131.000000,2023.000000,55.000000,0.554217,1,"
minimal: 0 / states: 131 / duration: 0.000140s
history:
/T4-F3-1  /T5-T4-1  /T6-T5-1  /T2-T1-1  /D:3      /W-T0-1   /D:5      /W-T6-1   /D:1      /W-T3-1   
/T2-T3-1  /D:2      /W-T2-1   /D:2      /W-T5-1   /D:1      /W-T2-1   /T0-T2-2  /D:1      /W-T0-1   
/T3-T0-3  /T3-F0-1  /T6-F0-1  /T6-T3-1  /D:1      /W-T0-1   /D:1      /W-F3-1   /T3-F3-1  /D:1      
/W-T5-1   /D:2      /W-T2-1   /T6-T2-1  /T6-T2-1  /T6-T1-1  /D:2      /W-T0-1   /D:1      /W-T1-1   
/T4-T1-2  /D:1      /W-T4-1   /T1-T4-6  /T1-T6-1  /T6-T1-2  /T6-F3-1  /W-T6-1   /T5-T6-4  /T4-T5-8  
/T3-T4-1  /W-T1-1   /T2-T1-8  /R        /D:1      /W-T2-1   /D:2      /W-T0-1   /D:2      /W-T6-1   
/D:1      /W-F0-1   /T4-F0-1  /T3-F0-1  /T1-T4-2  /T1-F3-1  /T4-T1-3  /T5-T4-9  /T5-F1-1  /T4-F1-1  
/T5-F2-1  /T1-F1-1  /T4-T5-9  /T5-T2-10 /D:1      /W-F2-1   /T2-F2-1  /T1-F2-1  /T2-F1-1  /T1-F1-1  
/T2-F2-1  /T1-F2-1  /T2-F3-1  /W-F1-1   /T2-F2-1  /T0-F1-1  /T1-F3-1  /T1-F2-1  /T2-F3-1  /T1-F3-1  
/T2-F2-1  /T1-F2-1  /T6-F1-1  /T6-T2-1  /T6-F3-1  /T6-F2-1  /T0-T1-3  /T0-F3-1  /T6-F3-1  /T1-T0-4  
/T1-F2-1  /T0-T1-5  /T0-F3-1  /T2-T6-4  /T2-F2-1  /D:1      /W-F0-1   /W-F0-1   /T1-F0-1  /T1-F1-1  
/T6-F0-1  /T1-F0-1  /T6-F1-1  /T1-F1-1  /T6-F0-1  /T1-F0-1  /T6-F1-1  /T1-F1-1  /T6-F0-1  
"
1031070,E#aC#flH#SyhN#cUKwb#XgrDBz#FOukjGQ#IvJxALTRWmneidtsoPZYMVqp,129.000000,2004.000000,57.000000,0.522989,1,"
minimal: 0 / states: 125 / duration: 0.000140s
history:
/T3-F3-1 /T6-T0-1 /T6-T3-1 /T4-T1-1 /T1-T0-2 /T1-F1-1 /T0-F1-1 /T5-T1-1 /D:1     /W-T6-1  
/T3-T6-2 /D:4     /W-F0-1  /T5-F0-1 /T0-F0-1 /T5-F0-1 /T0-T5-1 /T0-F0-1 /D:2     /W-T2-1  
/D:3     /W-T0-1  /T3-T0-1 /T5-T3-2 /T3-T6-3 /D:1     /W-F2-1  /D:2     /W-T4-1  /T2-T4-2 
/T2-T1-1 /D:3     /W-T4-1  /D:1     /W-F2-1  /D:2     /W-T3-1  /D:5     /W-F2-1  /W-F2-1  
/R       /D:3     /W-T1-1  /T6-T1-7 /T4-T6-5 /T6-T0-6 /T5-T6-1 /W-T5-1  /D:1     /W-T3-1  
/T5-T3-2 /D:1     /W-T0-1  /D:1     /W-T4-1  /W-T4-1  /D:6     /W-T5-1  /W-T5-1  /T4-T5-3 
/T4-T5-1 /T4-F1-1 /D:1     /W-T3-1  /T6-T3-2 /T6-F3-1 /W-F3-1  /T1-F3-1 /T0-F3-1 /T1-F2-1 
/T1-F3-1 /T0-F2-1 /T0-F3-1 /T5-F3-1 /T6-F0-1 /T1-F0-1 /T0-F0-1 /W-F2-1  /W-F1-1  /W-F1-1  
/T2-F1-1 /T3-F1-1 /T1-F1-1 /T1-F0-1 /T3-F2-1 /T0-F1-1 /T3-F3-1 /T3-F0-1 /T5-F2-1 /T0-F2-1 
/T1-F1-1 /T0-F1-1 /T5-F3-1 /T1-F2-1 /T3-F3-1 /T0-F2-1 /T5-F0-1 /T1-F1-1 /T3-F0-1 /T0-F1-1 
/T5-F3-1 /T1-F2-1 /T3-F3-1 /T5-F0-1 
"
1031078,k#an#Wbq#ptBT#NAFxC#SOfILe#gvcRrhu#YUGHzMlZmPVQDJKiyodEswXj,129.500000,4005.000000,66.000000,0.483516,1,"
minimal: 0 / states: 146 / duration: 0.000138s
history:
/T1-F2-1  /T1-F1-1  /T3-T6-1  /T2-T5-1  /T2-F1-1  /D:5      /W-T1-1   /D:2      /W-T1-1   /D:3      
/W-T5-1   /T3-T5-1  /D:4      /W-T0-1   /D:1      /W-T1-1   /T2-T1-1  /D:1      /W-T0-1   /T6-T0-2  
/T3-T6-1  /D:2      /W-F2-1   /T3-F2-1  /D:3      /W-T0-1   /T5-T0-4  /T0-T5-10 /D:3      /R        
/D:5      /W-T0-1   /D:1      /W-T2-1   /T5-T2-11 /T6-T5-2  /T5-T1-3  /T6-T5-1  /T5-T1-2  /T5-T4-1  
/D:1      /W-T3-1   /D:2      /W-T1-1   /T4-T1-2  /D:1      /W-T6-1   /T2-T6-2  /T2-F2-1  /D:1      
/W-T3-1   /D:2      /W-T5-1   /T1-T5-3  /T1-F2-1  /D:2      /W-T3-1   /W-T3-1   /D:1      /W-T4-1   
/R        /D:1      /W-T0-1   /T4-T0-2  /T6-T4-4  /T6-F1-1  /T6-T0-1  /T4-T6-5  /T4-F0-1  /T4-F3-1  
/T5-F3-1  /T6-F0-1  /T5-F0-1  /T6-F3-1  /T5-F3-1  /T6-F0-1  /T6-F3-1  /T5-F0-1  /T5-F3-1  /T6-F0-1  
/T2-T6-2  /T2-F3-1  /T6-T2-3  /D:1      /W-F3-1   /D:1      /W-F0-1   /D:1      /W-F0-1   /T1-T0-3  
/T1-F0-1  /T2-T3-5  /T2-F0-1  /D:1      /W-F3-1   /T1-F3-1  /T1-F0-1  /T3-T2-6  /T3-F3-1  /T0-T1-6  
/T0-F3-1  /T2-T3-7  /T2-F0-1  /T0-F0-1  /T2-F3-1  /D:1      /W-F1-1   /T3-F1-1  /T1-F1-1  /T3-F2-1  
/T1-F2-1  /T3-F1-1  /T1-F1-1  /T3-F2-1  /T1-F2-1  /T3-F1-1  /T1-F1-1  /T3-F2-1  /T1-F2-1  /T3-F1-1  
/T1-F1-1  /T3-F2-1  /T1-F2-1  /T3-F1-1  
"
1031105,c#CS#iOa#onIt#fGXry#ETjYLA#kuRsFZb#hMVxHBpJNgUvzQwWqdKlDemP,119.500000,1839.000000,65.000000,0.540000,1,"
minimal: 0 / states: 137 / duration: 0.000159s
history:
/T2-F1-1 /T5-F0-1 /T6-F1-1 /T4-T6-1 /T4-T1-1 /T4-T5-1 /T1-T3-2 /T2-T1-1 /T0-F1-1 /T6-T0-2 
/D:5     /W-T2-1  /D:1     /W-F0-1  /D:2     /W-T5-1  /T2-T5-2 /D:1     /W-F3-1  /T1-F3-1 
/T1-F0-1 /D:1     /W-T5-1  /T6-T5-1 /D:3     /W-T1-1  /D:1     /W-T3-1  /D:4     /W-F1-1  
/D:2     /W-T1-1  /W-T1-1  /D:1     /W-F0-1  /D:1     /W-F1-1  /D:1     /W-T2-1  /T5-T2-7 
/D:1     /W-F3-1  /T3-F3-1 /R       /D:4     /W-T5-1  /D:5     /W-T1-1  /D:1     /R       
/D:6     /W-T1-1  /W-T1-1  /T3-T1-3 /D:2     /R       /D:1     /W-T3-1  /T4-T3-1 /T4-F1-1 
/D:1     /W-T4-1  /T5-T4-2 /T3-T5-3 /T3-F2-1 /T3-F2-1 /T5-T4-4 /T6-T5-1 /T6-F3-1 /T5-T6-2 
/T5-F0-1 /T2-F0-1 /T2-F1-1 /T4-F0-1 /T2-F0-1 /T6-T2-3 /T4-F1-1 /T4-F0-1 /T6-T0-1 /D:2     
/W-F2-1  /D:1     /W-T0-1  /T2-T0-4 /T2-F0-1 /D:1     /W-F2-1  /T1-F2-1 /T0-F2-1 /T1-F3-1 
/T0-F3-1 /T1-F2-1 /T0-F2-1 /T0-F1-1 /T1-F3-1 /T1-F2-1 /T4-F1-1 /W-F3-1  /T0-F2-1 /T0-F1-1 
/T1-F3-1 /T1-F0-1 /T2-F3-1 /T2-F0-1 /T4-F2-1 /T0-F2-1 /T1-F1-1 /T2-F1-1 /T4-F3-1 /T0-F3-1 
/T1-F2-1 /T4-F0-1 
"
1031120,n#Da#Yrp#OCWw#vERNg#fAyFbX#VdMocSL#QZexPmKhGUIJHTkqtlBuijsz,114.500000,2485.000000,43.000000,0.659722,1,"
minimal: 0 / states: 120 / duration: 0.000120s
history:
/T0-F2-1 /T1-F1-1 /T5-T6-1 /T5-F1-1 /T3-T6-1 /T5-T4-1 /D:2     /W-T0-1  /T6-T0-3 /D:1     
/W-T4-1  /T1-T4-1 /D:2     /W-T4-1  /D:1     /W-T1-1  /T5-T1-1 /T5-F0-1 /D:5     /W-T3-1  
/W-T3-1  /W-T3-1  /T6-T3-1 /T6-F1-1 /T6-F2-1 /T2-F2-1 /T2-T3-1 /T2-T6-1 /T6-T2-2 /T6-F1-1 
/T6-T0-1 /D:2     /W-T0-1  /T4-T0-5 /T4-F3-1 /T0-T4-2 /T0-F1-1 /T4-T0-3 /T4-T5-1 /D:2     
/W-T1-1  /D:1     /W-F2-1  /T3-F2-1 /T5-T3-1 /T5-F1-1 /D:3     /W-F0-1  /D:4     /W-F2-1  
/D:1     /W-T5-1  /R       /D:1     /W-T3-1  /D:1     /W-T2-1  /T3-T2-7 /T3-F0-1 /T3-F3-1 
/T0-F3-1 /T0-F0-1 /T2-F3-1 /T0-F3-1 /T2-F0-1 /T0-F0-1 /T0-F1-1 /T2-F3-1 /T2-F0-1 /T0-F0-1 
/T2-T4-1 /T2-F0-1 /T4-T2-2 /D:2     /W-F1-1  /D:1     /W-F0-1  /W-F0-1  /D:1     /W-F3-1  
/T2-F3-1 /T0-F3-1 /D:1     /W-F2-1  /D:1     /W-T5-1  /D:1     /W-F2-1  /T2-F2-1 /T2-F3-1 
/T0-F2-1 /T0-F3-1 /T0-F0-1 /T2-F2-1 /T2-F3-1 /T0-F3-1 /T2-F0-1 /D:1     /W-F1-1  /D:1     
/W-F1-1  /T1-F1-1 /T1-F2-1 /T5-F1-1 /T1-F1-1 /T5-F2-1 
"
1031153,p#OT#wFn#vGrI#UJSmc#KLCRHt#YqxPyio#uXAEMBZQDzsblVjfekghdaWN,129.000000,1489.000000,56.000000,0.580645,1,"
minimal: 0 / states: 126 / duration: 0.000135s
history:
/T2-F2-1 /T6-F2-1 /T2-T1-1 /T6-T2-1 /T0-F2-1 /D:1     /W-T2-1  /T1-T2-2 /D:1     /W-T6-1  
/T2-T6-5 /D:1     /W-F0-1  /D:2     /W-T0-1  /D:1     /W-F0-1  /D:1     /W-T2-1  /T6-T2-7 
/D:6     /W-T0-1  /D:3     /W-T5-1  /D:1     /W-T2-1  /D:3     /W-T3-1  /T5-T3-2 /W-T5-1  
/D:2     /W-F1-1  /D:2     /W-F3-1  /T1-F3-1 /T6-F3-1 /T6-T0-1 /T6-F2-1 /W-T0-1  /T3-T0-4 
/T3-F2-1 /R       /D:1     /W-T0-1  /D:1     /W-F3-1  /D:1     /W-T2-1  /T4-T2-1 /T4-T1-1 
/T4-T3-1 /D:2     /W-F2-1  /D:1     /W-F1-1  /T2-F1-1 /D:1     /W-T4-1  /T5-T4-2 /T5-F3-1 
/T5-F0-1 /T2-F0-1 /T5-T1-1 /T0-F0-1 /T3-F3-1 /T0-T3-1 /T0-F2-1 /T3-T0-2 /T2-T4-2 /T2-F3-1 
/T2-F2-1 /T3-F2-1 /W-T3-1  /T5-T6-1 /T6-T3-2 /D:1     /W-T3-1  /D:1     /W-T1-1  /T4-T1-6 
/T4-F3-1 /T1-T2-4 /T1-F3-1 /T0-T3-4 /T0-F3-1 /T2-T1-5 /T2-F2-1 /T0-F2-1 /T2-F3-1 /T2-F2-1 
/T3-T0-6 /T3-F3-1 /T2-F3-1 /T3-F2-1 /D:1     /W-F1-1  /T1-F1-1 /T0-F1-1 /T1-F0-1 /T0-F0-1 
/T1-F1-1 /T0-F1-1 /T1-F0-1 /T0-F0-1 /T1-F1-1 /T0-F1-1 /T1-F0-1 /T0-F0-1 /T1-F1-1 /T0-F1-1 
/T1-F0-1 /T0-F0-1 /T1-F1-1 
"
1031360,A#mW#CsR#IjBJ#UkXdv#zSEfKD#lcaQGLp#OtexywTYPHoFniZurVbNMqgh,126.500000,1284.000000,51.000000,0.701923,1,"
minimal: 0 / states: 120 / duration: 0.000133s
history:
/T0-F0-1 /T5-T2-1 /T4-T1-1 /T6-T4-1 /T1-T5-2 /T6-T1-1 /D:1     /W-T4-1  /D:8     /W-T2-1  
/D:2     /W-T2-1  /D:2     /W-F2-1  /T2-F2-1 /D:1     /W-T3-1  /D:1     /W-T0-1  /D:1     
/W-T3-1  /D:4     /W-F3-1  /T4-F3-1 /T2-F3-1 /T4-F2-1 /D:2     /W-F2-1  /D:1     /W-T3-1  
/D:1     /W-T5-1  /T6-T5-1 /T6-F3-1 /T6-F1-1 /T6-T2-1 /T5-T6-5 /T5-T6-1 /T4-T5-1 /T3-T4-4 
/T3-F0-1 /T4-T1-5 /T5-T6-2 /R       /D:4     /W-T0-1  /T4-T0-1 /D:1     /W-T0-1  /D:4     
/W-T1-1  /T2-T1-3 /D:1     /W-F2-1  /T2-F2-1 /T2-F0-1 /D:1     /W-T0-1  /W-T0-1  /D:1     
/W-F1-1  /T1-F1-1 /T1-F0-1 /T1-F3-1 /T6-F1-1 /T6-F0-1 /T5-F3-1 /T1-F0-1 /W-T5-1  /W-F3-1  
/W-T5-1  /W-F1-1  /T6-F1-1 /T1-F1-1 /T6-F0-1 /T0-F0-1 /W-F2-1  /T1-F2-1 /T4-F3-1 /T0-F3-1 
/T6-F1-1 /T1-F1-1 /T6-F2-1 /T0-F2-1 /T3-F1-1 /T3-F0-1 /T1-F0-1 /T0-F1-1 /T6-F3-1 /T1-F3-1 
/T5-F2-1 /T0-F2-1 /T6-F0-1 /T1-F0-1 /T5-F3-1 /T0-F3-1 /T6-F1-1 /T1-F1-1 /T5-F2-1 /D:1     
/W-F0-1  
"
1031457,i#dY#UbN#QDrs#lZzkR#HFvTmn#wyXpjES#fKWxGJItgOoMheVALuPBCqca,166.500000,2433.000000,50.000000,0.574257,1,"
minimal: 0 / states: 126 / duration: 0.000133s
history:
/T2-F3-1 /T5-F2-1 /T4-T3-1 /D:2     /W-T1-1  /D:1     /W-T1-1  /D:3     /W-T4-1  /T0-T4-1 
/T5-T0-1 /T3-T5-2 /T3-T6-1 /T3-T5-1 /T3-T6-1 /D:1     /W-T1-1  /D:3     /W-F3-1  /D:1     
/W-F2-1  /D:1     /W-T3-1  /T1-T3-4 /D:1     /W-T3-1  /D:3     /W-F0-1  /D:1     /W-T0-1  
/T4-T0-3 /D:1     /W-T0-1  /T5-T0-4 /D:1     /W-F3-1  /T6-F3-1 /T1-T6-1 /T4-T1-1 /D:1     
/W-F0-1  /D:1     /W-T6-1  /T2-T6-1 /T2-T5-1 /T4-T2-1 /T4-T1-1 /D:2     /W-T0-1  /D:1     
/W-F1-1  /T6-F1-1 /T0-F1-1 /T6-F0-1 /T0-F0-1 /T0-F3-1 /T6-F1-1 /R       /D:2     /W-T1-1  
/D:1     /W-T3-1  /T6-T3-2 /T6-F0-1 /T6-T1-1 /T6-F2-1 /T5-T1-2 /T5-F0-1 /D:1     /W-T1-1  
/T3-T1-2 /T3-F0-1 /T5-F0-1 /D:2     /W-F1-1  /D:2     /W-F2-1  /T1-F2-1 /T0-F2-1 /T1-F3-1 
/T0-F3-1 /T1-F2-1 /T1-F3-1 /T0-F2-1 /W-F3-1  /T1-F2-1 /T3-T1-2 /T3-F3-1 /T6-F3-1 /T6-T2-1 
/T6-F2-1 /T1-T3-3 /T1-F2-1 /T2-F2-1 /T3-T1-4 /T3-F3-1 /T2-F3-1 /T1-T3-5 /T1-F2-1 /R       
/D:1     /W-F1-1  /D:1     /W-F1-1  /T3-F1-1 /T0-F1-1 /T3-F0-1 /T0-F0-1 /T3-F1-1 /T0-F1-1 
/T3-F0-1 /T0-F0-1 /T3-F1-1 /T0-F1-1 /T3-F0-1 
"
1031487,U#jT#DCt#xAKH#JWEaR#bopvQV#iwOhFNz#kcfrsmYnXBPdguSZqIyMGleL,138.000000,1242.000000,40.000000,0.654762,1,"
minimal: 0 / states: 122 / duration: 0.000125s
history:
/T3-T5-1 /T2-T0-1 /T1-T5-1 /T1-T3-1 /T6-T1-1 /T6-F3-1 /T4-T6-1 /T4-F1-1 /T6-T5-2 /D:3     
/W-T0-1  /T4-T0-1 /D:4     /W-T1-1  /T3-T1-2 /T3-F0-1 /T4-T3-1 /T5-T4-5 /T5-T0-1 /T5-T1-1 
/T6-T1-1 /T6-F3-1 /T5-T0-1 /D:1     /W-F2-1  /T5-F2-1 /T5-F1-1 /T0-F2-1 /T2-T0-1 /W-T5-1  
/T2-T4-1 /D:2     /W-F0-1  /T0-F0-1 /T4-F0-1 /D:1     /W-F3-1  /T0-F3-1 /T0-F0-1 /T4-F3-1 
/T4-F0-1 /D:4     /W-F3-1  /T4-F3-1 /T0-T1-2 /T0-F3-1 /D:1     /W-T0-1  /D:1     /W-F2-1  
/D:1     /W-T3-1  /D:1     /W-T0-1  /D:1     /W-T2-1  /D:1     /W-F0-1  /T4-F0-1 /T3-F0-1 
/T4-F3-1 /T3-F3-1 /T4-F0-1 /T1-T3-5 /T1-F0-1 /T3-T1-6 /D:1     /W-T2-1  /D:2     /W-F0-1  
/R       /D:1     /W-T0-1  /T6-T0-1 /T6-T0-1 /D:1     /W-F1-1  /D:1     /W-F2-1  /D:1     
/W-F2-1  /D:1     /W-F3-1  /T1-T2-6 /T1-F3-1 /T0-T5-4 /T0-F3-1 /T2-T1-7 /T2-F0-1 /D:1     
/W-F1-1  /D:2     /W-T5-1  /W-T5-1  /D:1     /W-F1-1  /T1-F1-1 /T1-F2-1 /T5-F1-1 /T1-F1-1 
/T5-F2-1 /T1-F2-1 /T5-F1-1 /T1-F1-1 /T5-F2-1 /T1-F2-1 /T5-F1-1 /T1-F1-1 /T5-F2-1 /T1-F2-1 
/T5-F1-1 
"
1031493,k#Bt#cRy#lrbC#FPaqI#ioTjLV#HQKJMSu#gezxDOpGdmhANEZXwYWUvnsf,144.500000,2916.000000,51.000000,0.573864,1,"
minimal: 0 / states: 128 / duration: 0.000135s
history:
/T6-T5-1  /T6-T1-1  /T0-T2-1  /T6-T0-1  /T5-T6-2  /T6-T2-3  /D:1      /W-T2-1   /D:5      /W-T3-1   
/D:5      /W-T4-1   /T1-T4-2  /D:1      /W-F0-1   /T1-F0-1  /W-T1-1   /T5-T1-1  /T4-T5-4  /T5-T6-5  
/D:1      /W-F3-1   /T3-F3-1  /T3-F0-1  /D:1      /W-T6-1   /W-T6-1   /F0-T6-1  /T3-T6-1  /D:2      
/W-T1-1   /D:1      /W-T1-1   /D:1      /W-T0-1   /T6-T0-10 /T6-T3-1  /T5-T6-1  /D:4      /W-F2-1   
/T5-F2-1  /T5-T1-1  /T6-T1-2  /D:1      /W-T1-1   /D:1      /R        /D:1      /W-T1-1   /T4-T1-1  
/T4-F1-1  /T0-F1-1  /T0-F0-1  /T4-F3-1  /T3-F3-1  /T4-T2-1  /D:1      /W-T4-1   /D:2      /W-F0-1   
/T0-T3-1  /T0-F0-1  /T3-T0-2  /T2-F0-1  /W-T3-1   /T3-T4-2  /D:1      /W-F2-1   /T1-F2-1  /D:1      
/W-F0-1   /D:1      /W-T3-1   /T2-T3-6  /T2-F3-1  /T2-F1-1  /T0-F1-1  /T0-F2-1  /T0-F3-1  /T1-F1-1  
/T1-F2-1  /T1-F3-1  /T0-F2-1  /T1-F0-1  /D:1      /W-T4-1   /D:1      /W-F3-1   /T3-T1-2  /T3-F3-1  
/T4-F3-1  /D:2      /W-F1-1   /T1-F1-1  /T0-F1-1  /T0-F0-1  /T1-F2-1  /T1-F1-1  /T3-F0-1  /W-F2-1   
/T0-F1-1  /T0-F0-1  /T1-F2-1  /T1-F3-1  /T3-F1-1  /T1-F0-1  /T4-F2-1  /T0-F3-1  /T3-F2-1  /T3-F3-1  
/T4-F1-1  /T0-F0-1  /T1-F1-1  /T4-F2-1  
"
1031611,V#ja#Lpe#XDSO#zwBAN#RucMxF#ivmlEkq#rJhsfKToUtCGbnygWYIZHPQd,137.000000,2765.000000,51.000000,0.602041,1,"
minimal: 0 / states: 122 / duration: 0.000136s
history:
/T1-F1-1 /T4-F3-1 /T3-F3-1 /T4-F0-1 /T4-F0-1 /T6-T2-1 /T2-T5-2 /T4-T6-1 /T0-T6-1 /D:1     
/W-T3-1  /D:10    /W-F0-1  /D:2     /W-F1-1  /D:1     /W-F2-1  /D:4     /W-T4-1  /D:1     
/W-T1-1  /D:1     /W-T0-1  /D:1     /W-T6-1  /D:1     /W-F3-1  /D:1     /W-T3-1  /T2-T3-1 
/T6-T2-4 /T2-T0-5 /D:1     /W-T6-1  /T3-T6-1 /T3-F3-1 /R       /D:2     /W-T1-1  /D:3     
/W-T4-1  /T1-T4-3 /D:1     /W-T0-1  /T5-T0-3 /D:1     /W-F2-1  /T6-F2-1 /T0-F2-1 /T3-F2-1 
/T6-T3-2 /T5-T6-1 /T5-T1-1 /T5-F1-1 /T3-F1-1 /T6-T1-2 /T6-T2-1 /T0-F1-1 /W-F1-1  /W-F2-1  
/D:1     /W-T6-1  /D:1     /W-T4-1  /T3-T4-2 /T3-F0-1 /T4-F0-1 /T0-F0-1 /W-T3-1  /D:1     
/W-F0-1  /T0-T5-1 /T0-F0-1 /T5-T0-2 /T5-F3-1 /T4-F3-1 /T0-F3-1 /T4-F2-1 /T6-F3-1 /T0-F2-1 
/T0-F3-1 /T6-F2-1 /T0-F2-1 /T1-F2-1 /T6-T3-1 /D:1     /W-F2-1  /D:1     /W-F1-1  /T4-F1-1 
/T3-F1-1 /T4-F0-1 /T3-F0-1 /T4-F1-1 /T0-F1-1 /T1-F1-1 /T2-F1-1 /T4-F0-1 /T0-F0-1 /T1-F0-1 
/D:1     /W-F3-1  /T3-F3-1 /T4-F3-1 /T0-F3-1 /T4-F2-1 
"
1031660,d#WS#wpX#lHCa#frsFP#JkzBtT#iVomNMA#QubZgjLqKxnRDeOUYhEvGcIy,184.500000,2162.000000,57.000000,0.536364,1,"
minimal: 0 / states: 127 / duration: 0.000138s
history:
/T3-F1-1 /T6-F0-1 /T3-T0-1 /T5-T3-1 /T1-T5-1 /D:3     /W-F1-1  /D:8     /W-F2-1  /D:4     
/W-T0-1  /D:2     /W-T6-1  /D:2     /W-T5-1  /T0-T5-3 /T6-T0-2 /T6-F3-1 /T5-F3-1 /T4-F3-1 
/T4-T3-1 /D:1     /W-T1-1  /W-T1-1  /T5-T1-5 /T5-F0-1 /T1-F0-1 /D:2     /W-F1-1  /T1-F1-1 
/D:2     /W-T6-1  /T2-T6-1 /F1-T1-1 /T2-T1-1 /T2-T6-1 /T6-T2-4 /T6-F2-1 /T1-F2-1 /T1-F1-1 
/T3-T6-3 /T6-T2-4 /T3-T5-1 /T5-T3-2 /R       /D:1     /W-F3-1  /D:1     /W-T6-1  /D:2     
/W-T6-1  /T4-T6-1 /D:3     /W-F2-1  /T4-F2-1 /T6-F2-1 /D:1     /W-T0-1  /T1-T0-6 /D:1     
/W-T3-1  /D:1     /W-F3-1  /T0-T4-1 /T0-F3-1 /T0-F2-1 /T2-T6-1 /T2-F3-1 /T6-T2-2 /T6-F2-1 
/D:1     /W-F0-1  /T4-F0-1 /T2-F0-1 /D:1     /W-F1-1  /T4-F1-1 /T2-F1-1 /T0-F1-1 /T0-F2-1 
/T6-F1-1 /D:1     /W-F3-1  /D:1     /W-F0-1  /T2-F0-1 /T2-F3-1 /T2-F2-1 /T0-F3-1 /T2-F3-1 
/T5-T2-1 /T3-F2-1 /T0-T3-1 /T0-F3-1 /T5-T2-1 /D:1     /W-F0-1  /T2-F0-1 /T3-F0-1 /W-F0-1  
/W-F1-1  /T2-F1-1 /T2-F2-1 /T3-F1-1 /T0-F0-1 /T2-F1-1 /T3-F2-1 /W-F3-1  
"
1031679,R#iv#nrV#mFyN#OGcMw#SECbPX#qtQgZTx#AjhIuloWfzLDsYBedJUHKkpa,109.500000,2211.000000,43.000000,0.590909,1,"
minimal: 0 / states: 126 / duration: 0.000135s
history:
/T3-F3-1 /T5-T3-1 /T4-T3-1 /T2-T3-1 /D:1     /W-F0-1  /D:1     /W-T6-1  /T1-T6-1 /D:1     
/W-T6-1  /D:2     /W-T1-1  /D:1     /W-T4-1  /T6-T4-4 /T6-T1-1 /T3-T6-4 /T3-T1-1 /T0-T1-1 
/T6-T0-5 /D:1     /W-T5-1  /D:4     /W-T3-1  /D:1     /W-T1-1  /T5-T1-2 /D:1     /W-T6-1  
/D:2     /W-F0-1  /D:1     /W-T6-1  /D:1     /W-T2-1  /D:3     /W-T0-1  /T6-T0-3 /D:2     
/W-T3-1  /D:1     /W-T2-1  /T5-T2-1 /T5-F0-1 /T6-T5-1 /T6-T4-1 /T6-T0-1 /T4-T6-7 /T4-T0-1 
/D:1     /W-F1-1  /T2-F1-1 /T0-F1-1 /T2-T5-1 /T2-F1-1 /T1-T0-2 /T1-F0-1 /T5-T2-2 /T5-F0-1 
/T2-T5-3 /T2-F2-1 /T0-F2-1 /T5-F2-1 /T0-T1-2 /T0-F1-1 /T1-T0-3 /T1-F0-1 /T4-F0-1 /T4-F3-1 
/T0-F3-1 /T0-F2-1 /T5-F3-1 /T0-F3-1 /T5-F2-1 /T0-F2-1 /T5-F3-1 /T1-F3-1 /T6-F2-1 /T1-F2-1 
/R       /D:3     /W-F1-1  /T0-F1-1 /T0-F0-1 /T6-F1-1 /T1-F1-1 /T6-F2-1 /T6-F1-1 /T3-F1-1 
/W-T6-1  /W-F0-1  /D:1     /W-T1-1  /D:1     /W-T1-1  /T6-T1-2 /T6-F1-1 /D:1     /W-F0-1  
/D:1     /W-F3-1  /T0-F3-1 /T0-F2-1 /T1-F3-1 /T0-F3-1 /T1-F2-1 /T0-F2-1 /T1-F3-1 /T1-F2-1 
/T0-F3-1 /D:1     /W-F0-1  /T3-F0-1 /T3-F1-1 /T6-F0-1 
"
1031692,z#bm#exg#PFJq#ifdja#rknDBI#ZpoAClt#uWERLYhcQUOKMNVvXyGwHSTs,136.000000,3411.000000,70.000000,0.543269,1,"
minimal: 0 / states: 143 / duration: 0.000172s
history:
/T4-F1-1  /T5-T4-1  /D:5      /W-T1-1   /D:1      /W-T0-1   /D:1      /W-T4-1   /T6-T4-1  /D:1      
/W-T3-1   /T5-T3-1  /D:4      /W-T0-1   /T4-T0-4  /D:2      /W-F3-1   /D:3      /W-T1-1   /D:3      
/W-T1-1   /D:2      /W-T0-1   /D:2      /W-T2-1   /R        /D:3      /W-T0-1   /T4-T0-1  /D:1      
/W-T2-1   /T3-T2-3  /D:3      /W-F3-1   /D:2      /W-T1-1   /D:4      /W-T1-1   /T2-T1-6  /T2-T6-1  
/T5-T2-1  /T5-F2-1  /T3-T5-1  /T2-T3-2  /T1-T2-12 /T1-F1-1  /D:1      /R        /D:2      /W-T6-1   
/D:3      /W-T1-1   /T6-T1-3  /T6-T0-1  /T6-F0-1  /T2-F0-1  /T0-F0-1  /T6-F2-1  /T2-F1-1  /T6-F2-1  
/T0-F1-1  /T2-F2-1  /T3-F0-1  /T3-F1-1  /T4-F1-1  /T0-F0-1  /T3-F0-1  /T3-F3-1  /T4-T5-1  /D:1      
/W-T1-1   /W-T1-1   /W-F3-1   /T2-F3-1  /T0-F3-1  /W-T5-1   /D:1      /W-T6-1   /T5-T6-4  /T5-F2-1  
/T2-F2-1  /T0-F2-1  /T2-F1-1  /T0-F1-1  /T6-F2-1  /T6-F1-1  /T1-T0-1  /T1-F2-1  /T0-T1-2  /T0-F1-1  
/T2-T6-2  /T2-F2-1  /T1-T0-3  /T1-F2-1  /T6-T2-3  /T6-F1-1  /T1-F1-1  /T6-F2-1  /T0-T1-5  /T0-F2-1  
/T2-T6-5  /T2-F1-1  /D:1      /W-F0-1   /T6-F0-1  /D:1      /W-F3-1   /T1-F3-1  /T1-F0-1  /T6-F3-1  
/T1-F3-1  /T6-F0-1  /T1-F0-1  /T6-F3-1  /T1-F3-1  /T6-F0-1  /T1-F0-1  /T6-F3-1  
"
1031805,Y#Ob#KMj#tUzN#rCIga#mfWQuE#HqGPons#FeRcXwvBVShAkDlLyZpxidTJ,103.500000,2486.000000,45.000000,0.621795,1,"
minimal: 0 / states: 124 / duration: 0.000126s
history:
/T3-F3-1 /T4-F1-1 /T1-F1-1 /T1-F3-1 /T6-T4-1 /T6-F2-1 /T6-F2-1 /T6-F3-1 /T3-T1-1 /T6-T3-1 
/T0-T1-1 /D:2     /W-T4-1  /T6-T4-1 /T4-T6-4 /T4-T2-1 /T3-T2-2 /D:2     /W-F1-1  /D:6     
/W-T2-1  /T5-T2-1 /D:2     /W-F0-1  /D:6     /W-T0-1  /W-T0-1  /D:1     /W-F2-1  /T6-F2-1 
/D:1     /W-T1-1  /T2-T1-6 /D:2     /W-T1-1  /T4-T1-1 /T4-F2-1 /T2-T4-1 /D:1     /W-T5-1  
/D:1     /R       /D:1     /W-T5-1  /T6-T5-1 /T6-F2-1 /T3-F2-1 /D:2     /W-T0-1  /D:1     
/W-T0-1  /D:2     /W-F0-1  /T1-F0-1 /T1-F1-1 /T5-F1-1 /D:1     /W-T0-1  /T5-T0-3 /T5-F3-1 
/T5-T2-1 /T5-F1-1 /T6-F1-1 /T0-T6-2 /T0-F2-1 /W-F2-1  /W-F3-1  /T6-T0-3 /D:1     /W-F1-1  
/D:2     /W-F0-1  /T1-F0-1 /T0-F0-1 /T1-F3-1 /T0-F3-1 /T1-F0-1 /T0-F0-1 /T1-F3-1 /T0-F3-1 
/T1-F0-1 /T2-F3-1 /T0-F2-1 /T0-F3-1 /T1-T2-1 /T1-F2-1 /T0-F2-1 /T1-F3-1 /T0-F3-1 /T1-F2-1 
/D:1     /W-T4-1  /T2-T4-2 /D:1     /W-T5-1  /W-T5-1  /D:1     /W-F1-1  /T4-F1-1 /T5-F1-1 
/D:1     /W-F0-1  /T4-F0-1 /T4-F1-1 /T5-F0-1 /T4-F0-1 /T5-F1-1 
"
1031813,D#ho#Fln#HitN#SyGvV#XeQBks#YTJmRpZ#fUzwAMLgIaPruxdjcKbOCEWq,142.000000,1909.000000,48.000000,0.614130,1,"
minimal: 0 / states: 118 / duration: 0.000140s
history:
/T2-F2-1 /T1-F2-1 /T3-F3-1 /T3-T1-1 /D:1     /W-T1-1  /D:4     /W-F0-1  /D:2     /W-T6-1  
/D:3     /W-F1-1  /D:1     /W-T0-1  /D:1     /W-T1-1  /D:1     /W-T3-1  /D:1     /W-T2-1  
/D:1     /W-T1-1  /D:1     /W-T2-1  /W-T2-1  /T1-T2-5 /T6-T1-2 /T6-F2-1 /T6-T5-1 /T0-T5-2 
/T6-T0-1 /T4-T6-1 /W-T3-1  /T5-T3-4 /T5-T1-1 /T5-F0-1 /T6-T1-2 /D:3     /W-F1-1  /D:1     
/W-F3-1  /T3-F3-1 /T5-F3-1 /T3-T5-1 /T3-F3-1 /T5-T3-2 /D:1     /W-F0-1  /T3-F0-1 /D:1     
/W-F0-1  /D:2     /W-F2-1  /R       /D:1     /W-T4-1  /D:2     /W-T5-1  /T3-T5-5 /T6-T3-1 
/T3-T1-2 /W-T3-1  /T2-T3-9 /T2-F0-1 /D:1     /W-T2-1  /T6-T2-1 /D:1     /W-F1-1  /T3-F1-1 
/T3-F2-1 /T5-F1-1 /T3-F1-1 /T5-F2-1 /T5-F1-1 /T3-F2-1 /T3-F1-1 /T5-F2-1 /T4-T3-1 /T4-F2-1 
/T4-F0-1 /T4-T0-1 /T4-F3-1 /T1-F3-1 /T1-F0-1 /T3-F3-1 /T1-F3-1 /T3-F0-1 /T5-F1-1 /T1-F0-1 
/T3-F1-1 /T5-F2-1 /T1-F1-1 /T3-F2-1 /T0-F2-1 /T3-F1-1 /T0-F1-1 /T3-F2-1 /T5-T1-1 /D:1     
/W-F0-1  /D:1     /W-F3-1  /T1-F3-1 /T1-F0-1 /T2-F3-1 /T1-F3-1 /T2-F0-1 
"
1031878,O#LV#kve#RFMD#lcwGK#dUNZoY#QHJbhyu#BsXEWTjxPCqSfzIapngrAitm,105.000000,2038.000000,42.000000,0.636364,1,"
minimal: 0 / states: 125 / duration: 0.000177s
history:
/T6-T1-1  /T4-T5-1  /T3-T2-1  /T5-T3-2  /D:3      /W-T6-1   /D:2      /W-T3-1   /D:1      /W-T1-1   
/D:3      /W-T2-1   /T5-T2-1  /T6-T5-2  /T4-T6-1  /T4-T5-1  /T1-T5-3  /D:3      /W-T6-1   /D:3      
/W-T3-1   /T6-T3-3  /D:1      /W-F1-1   /T6-F1-1  /T4-F1-1  /D:2      /W-F2-1   /T2-F2-1  /W-F2-1   
/D:2      /W-T3-1   /D:1      /W-F0-1   /D:1      /W-T6-1   /D:2      /R        /D:1      /W-F0-1   
/D:1      /W-T5-1   /T2-T5-3  /D:3      /W-T4-1   /W-T4-1   /T2-T4-1  /T6-T2-2  /T6-T2-1  /T2-T1-4  
/T5-T2-11 /T5-F3-1  /T0-F3-1  /T2-F3-1  /T3-T0-9  /T5-T4-1  /T5-F1-1  /T6-F3-1  /D:1      /W-F0-1   
/T2-F0-1  /W-F0-1   /T3-F0-1  /T2-F1-1  /T3-F3-1  /D:1      /W-F2-1   /T0-F2-1  /T0-F3-1  /T2-F2-1  
/T2-F3-1  /T0-F0-1  /T1-F0-1  /T4-F3-1  /T0-T4-1  /T0-F0-1  /T2-T1-1  /T2-F3-1  /T0-F3-1  /T1-T2-2  
/T1-F0-1  /T0-F0-1  /T2-T1-3  /T2-F3-1  /T0-F3-1  /T1-T2-4  /T1-F0-1  /T0-F0-1  /D:1      /W-F1-1   
/D:1      /W-T0-1   /T4-T0-5  /D:1      /W-F1-1   /T0-F1-1  /D:1      /W-F2-1   /T2-F2-1  /T0-F2-1  
/T2-F1-1  /T0-F1-1  /T2-F2-1  /T0-F2-1  /T2-F1-1  /T0-F1-1  /T2-F2-1  /T0-F2-1  /T2-F3-1  /D:1      
/W-F1-1   
"
1040004,c#sS#QAu#WxHB#dFDRj#feLoKt#GkOYpCa#yiwlqUMJTIbrXPZmEVNvhzng,115.000000,2929.000000,54.000000,0.796117,1,"
minimal: 0 / states: 126 / duration: 0.000155s
history:
/T6-F1-1 /T3-T0-1 /T1-T5-1 /D:9     /W-T2-1  /T1-T2-1 /D:1     /W-T4-1  /D:1     /W-F1-1  
/D:1     /W-T5-1  /D:3     /W-T1-1  /D:4     /W-F3-1  /D:2     /W-T4-1  /T5-T4-3 /T4-T5-6 
/T4-T2-1 /T4-T2-1 /T0-T2-2 /D:1     /W-T0-1  /D:1     /W-F2-1  /D:1     /W-T3-1  /T4-T3-1 
/T6-T4-1 /T4-T5-2 /R       /D:1     /W-T1-1  /D:3     /W-T0-1  /T5-T0-9 /T5-F2-1 /T6-F2-1 
/D:1     /W-F2-1  /D:2     /W-T4-1  /T6-T4-1 /T6-F3-1 /T6-T1-1 /D:1     /W-T1-1  /D:1     
/W-T5-1  /D:1     /W-F3-1  /D:3     /W-T1-1  /T2-T1-7 /T2-F0-1 /T1-F0-1 /T0-F0-1 /T1-F1-1 
/T0-F1-1 /T1-F0-1 /T2-F3-1 /T0-F2-1 /T1-F3-1 /W-F0-1  /T0-F3-1 /W-T2-1  /T5-T2-2 /T5-F1-1 
/T1-F2-1 /T3-F0-1 /T1-F3-1 /T5-F1-1 /T0-F2-1 /T3-F1-1 /T1-F2-1 /T6-F0-1 /T0-F1-1 /T3-F0-1 
/W-F3-1  /T0-F0-1 /T1-F3-1 /T3-T4-1 /T1-F0-1 /T3-F3-1 /T2-F3-1 /T0-T4-1 /T0-F0-1 /T2-F0-1 
/T4-T0-2 /T4-F3-1 /T4-F0-1 /T1-T2-2 /T1-F3-1 /W-T2-1  /W-F1-1  /T0-F1-1 /D:1     /W-F2-1  
/T2-F2-1 /T0-F2-1 /T2-F1-1 /T0-F1-1 /T2-F2-1 /T0-F2-1 /T2-F1-1 
"
1040039,e#sX#RcA#ufYH#bZOTW#USjFhw#ymvPpGE#IlMQJadrgqVDoxkNKzCnLBti,120.000000,1291.000000,42.000000,0.625000,1,"
minimal: 0 / states: 123 / duration: 0.000148s
history:
/T2-F0-1  /T5-T1-1  /D:1      /W-T4-1   /T5-T4-1  /T0-T5-1  /D:2      /W-T0-1   /W-T0-1   /D:1      
/W-T6-1   /D:2      /W-F1-1   /D:3      /W-T3-1   /T5-T3-2  /D:1      /W-T3-1   /T2-T3-1  /D:1      
/W-T1-1   /T3-T1-6  /D:1      /W-T2-1   /D:1      /W-T1-1   /D:1      /W-T0-1   /T4-T0-3  /D:2      
/W-F3-1   /D:1      /W-T3-1   /T5-T3-1  /T6-T5-2  /T6-T0-1  /T6-T5-1  /T6-T2-1  /T6-T3-1  /T5-T0-4  
/T5-T3-1  /T6-T5-1  /T1-T6-10 /T1-T4-1  /T2-T4-3  /T6-T5-11 /D:1      /W-T1-1   /T3-T1-5  /D:2      
/W-F2-1   /T5-F2-1  /T0-F2-1  /W-T0-1   /D:2      /W-F0-1   /T0-F0-1  /D:1      /W-T1-1   /T3-T1-1  
/T4-T3-5  /T4-F3-1  /T3-F3-1  /T0-F3-1  /T4-T2-1  /T4-F1-1  /T5-F1-1  /T3-F0-1  /T5-F2-1  /T3-F3-1  
/T0-F0-1  /T0-F3-1  /T5-T3-1  /T5-F0-1  /T0-F0-1  /T3-T5-2  /T3-F3-1  /T1-T0-2  /T1-F3-1  /T5-T3-3  
/T5-F0-1  /T5-F3-1  /T0-T1-3  /T0-F0-1  /T0-F3-1  /W-T2-1   /W-T2-1   /W-F2-1   /W-F1-1   /T3-F1-1  
/T1-F1-1  /T3-F2-1  /T1-F2-1  /T3-F1-1  /T1-F1-1  /T3-F2-1  /T1-F2-1  /T5-F2-1  /T0-F2-1  /T5-F3-1  
/T5-F2-1  /W-F0-1   /T1-T0-2  /T1-F3-1  /T1-F2-1  /T2-T5-2  /T2-F3-1  /D:1      /W-F1-1   /T0-F1-1  
/T0-F0-1  /T5-F1-1  /T0-F1-1  /T5-F0-1  /T0-F0-1  /T5-F1-1  
"
1040196,M#cK#iZo#mbBX#qwHaN#pRLOtY#ujFzvWE#gkVnThCPGQIAfesdlxUSDrJy,86.000000,937.000000,33.000000,0.777778,1,"
minimal: 0 / states: 119 / duration: 0.000135s
history:
/T4-F3-1 /T4-F1-1 /T5-T0-1 /T1-T0-1 /T2-T1-1 /D:1     /W-T4-1  /D:3     /W-F2-1  /T1-F2-1 
/D:6     /W-T6-1  /D:2     /W-F0-1  /D:1     /W-T5-1  /T6-T5-2 /T6-T0-1 /T6-T0-1 /D:2     
/W-T4-1  /W-T4-1  /D:2     /W-T6-1  /D:1     /W-T6-1  /D:1     /W-T0-1  /T5-T0-4 /T5-F3-1 
/T3-T5-1 /T3-F0-1 /T3-F1-1 /T1-F1-1 /T6-T1-3 /T5-T2-2 /T5-T6-1 /T5-F2-1 /T2-T5-3 /T4-T2-4 
/T4-T5-1 /T4-F2-1 /W-F1-1  /T2-F1-1 /T2-T5-4 /D:2     /W-T6-1  /D:1     /W-F2-1  /T5-F2-1 
/T6-T5-3 /T6-T1-1 /D:2     /W-T3-1  /R       /D:1     /W-T3-1  /D:2     /W-T6-1  /D:2     
/W-F0-1  /T5-F0-1 /D:1     /W-F3-1  /T0-F3-1 /T0-F0-1 /T0-F1-1 /T5-F3-1 /T5-F0-1 /T5-F1-1 
/T0-F2-1 /W-F1-1  /T6-T5-1 /T6-F2-1 /D:1     /W-F0-1  /D:1     /W-T1-1  /T0-T1-1 /T0-F2-1 
/D:1     /W-F3-1  /T5-F3-1 /T1-F3-1 /T5-F0-1 /T1-F0-1 /T5-F1-1 /T1-F1-1 /W-F3-1  /T0-F3-1 
/T5-F2-1 /T1-F2-1 /T3-F1-1 /T1-F1-1 /T3-F2-1 /T1-F2-1 /T3-F1-1 /T5-F3-1 /D:1     /W-F0-1  
/T0-F0-1 /T0-F3-1 /T5-F0-1 /T0-F0-1 /T5-F3-1 
"
1040213,y#Nu#gte#bvmd#jorxs#pMVPTn#AhKqcRY#OfLDIUzEZwWSHFaJCXkilQGB,149.500000,4465.000000,69.000000,0.453608,1,"
minimal: 0 / states: 141 / duration: 0.000143s
history:
/T5-F2-1 /T4-T5-1 /T5-T1-2 /T4-T6-1 /T3-T4-1 /T2-T1-1 /T0-T3-1 /T3-T0-2 /D:2     /W-T2-1  
/T4-T2-2 /T4-F2-1 /T3-T4-1 /T4-T6-2 /D:2     /W-T1-1  /T5-T1-1 /T1-T5-6 /T1-F3-1 /D:2     
/W-T6-1  /T2-T6-4 /D:1     /W-T1-1  /T6-T1-9 /D:2     /W-T4-1  /D:5     /W-T2-1  /T6-T2-1 
/D:1     /W-F1-1  /T3-F1-1 /T6-F1-1 /T6-T2-1 /T1-F1-1 /D:3     /W-T0-1  /D:4     /W-T1-1  
/D:2     /W-T5-1  /R       /D:1     /W-F3-1  /D:1     /W-T4-1  /D:3     /W-T0-1  /T5-T0-8 
/T5-T3-1 /T5-F2-1 /T2-F2-1 /T0-T2-3 /T0-F1-1 /D:1     /W-T6-1  /D:4     /W-T1-1  /D:1     
/W-T4-1  /W-T4-1  /D:1     /W-T4-1  /W-T4-1  /T2-T4-6 /D:1     /W-T3-1  /T6-T3-2 /D:1     
/W-T6-1  /W-T6-1  /T1-T6-3 /T1-F1-1 /R       /D:1     /W-T3-1  /T6-T3-6 /T6-F0-1 /T4-F0-1 
/T3-F0-1 /T4-F3-1 /T3-F3-1 /T3-F2-1 /T4-F0-1 /T4-F3-1 /T0-F2-1 /T1-F2-1 /T3-F3-1 /T0-F3-1 
/T0-F2-1 /T1-F3-1 /T0-F3-1 /T1-F2-1 /T0-F2-1 /T3-T1-3 /T3-F3-1 /T0-F3-1 /T1-T3-4 /T1-F2-1 
/T0-F2-1 /T1-F3-1 /T1-F2-1 /T4-T0-7 /T4-F3-1 /D:1     /W-F0-1  /T0-F0-1 /T0-F1-1 /T3-F0-1 
/T0-F0-1 /T3-F1-1 /T0-F1-1 /T3-F0-1 /T0-F0-1 /T3-F1-1 /T0-F1-1 /T3-F0-1 /T0-F0-1 /T3-F1-1 
/T0-F1-1 /T3-F0-1 
"
1040303,A#lK#enH#NuyJ#EqrpL#mBwfsb#odFhXPZ#IaRQcjYgzDSiMVWxCOUvTtkG,125.500000,3003.000000,51.000000,0.606250,1,"
minimal: 0 / states: 131 / duration: 0.000140s
history:
/T0-F0-1 /T6-T0-1 /T4-T0-1 /T5-T4-1 /D:2     /W-F1-1  /T4-F1-1 /D:1     /W-T5-1  /D:2     
/W-F1-1  /D:1     /W-T1-1  /D:2     /W-T2-1  /T5-T2-2 /D:2     /W-T2-1  /T6-T2-1 /T6-T0-1 
/T3-T0-1 /D:2     /W-T0-1  /T2-T0-6 /T2-F2-1 /D:6     /W-T4-1  /D:2     /W-T1-1  /T6-T1-1 
/T2-T6-1 /D:2     /W-T1-1  /T5-T1-1 /D:1     /W-T3-1  /T5-T3-1 /T5-F0-1 /T3-T5-3 /W-T3-1  
/T6-T3-2 /T6-F1-1 /T6-F2-1 /T3-F1-1 /T1-F1-1 /D:1     /R       /D:4     /W-T2-1  /W-T2-1  
/T1-T2-5 /D:1     /W-T2-1  /D:1     /W-T6-1  /T1-T6-1 /D:1     /W-T5-1  /T3-T5-3 /T3-F3-1 
/T4-F3-1 /T0-F3-1 /T4-F2-1 /T4-T2-1 /T4-F2-1 /T2-F2-1 /W-F3-1  /T0-T5-2 /T0-F2-1 /T0-F1-1 
/T4-T2-1 /D:2     /W-T6-1  /W-T6-1  /W-T6-1  /D:1     /W-F0-1  /T5-F0-1 /T2-F0-1 /T5-F3-1 
/T2-F3-1 /T2-F2-1 /T5-F0-1 /T5-F3-1 /T5-F2-1 /T2-F1-1 /T2-F2-1 /T0-T5-1 /T0-F1-1 /T2-F1-1 
/T5-T0-2 /T5-F2-1 /T5-F1-1 /T6-T2-2 /T6-F2-1 /T5-F2-1 /T6-F1-1 /T5-F1-1 /T2-T6-4 /T2-F2-1 
/D:1     /W-F3-1  /D:1     /W-F0-1  /T0-F0-1 /T0-F3-1 /T6-F0-1 /T0-F0-1 /T6-F3-1 /T0-F3-1 
/T6-F0-1 /T0-F0-1 /T6-F3-1 /T0-F3-1 /T6-F0-1 
"
1040461,D#Kb#wLq#zeAC#oVtyI#xhZcfa#vRONlEX#mQdHuJrFGjsBPgpkWYnSMUiT,102.000000,1282.000000,50.000000,0.598765,1,"
minimal: 0 / states: 129 / duration: 0.000142s
history:
/T5-F1-1 /T1-F1-1 /D:6     /W-T6-1  /D:1     /W-T5-1  /D:3     /W-T1-1  /T4-T1-1 /T6-T4-2 
/D:3     /W-T0-1  /W-T0-1  /D:6     /W-F2-1  /D:3     /W-T1-1  /D:1     /W-T4-1  /D:1     
/R       /D:2     /W-T5-1  /T3-T5-1 /T3-F0-1 /T0-F0-1 /T2-T3-1 /T5-F0-1 /T0-T3-1 /T0-F0-1 
/T6-F0-1 /W-T0-1  /T4-T0-4 /T5-T4-3 /T5-F1-1 /T4-T1-4 /T2-T5-1 /T4-T2-1 /T4-F2-1 /T5-T4-2 
/T1-T6-8 /D:1     /W-F1-1  /D:1     /W-T0-1  /D:1     /W-T2-1  /D:1     /W-F0-1  /D:1     
/W-F0-1  /T0-F0-1 /D:2     /W-T2-1  /W-T2-1  /T3-T2-3 /T6-T3-9 /T6-F3-1 /T6-F3-1 /T2-F3-1 
/T3-F3-1 /T6-F3-1 /T5-T6-1 /D:1     /W-F2-1  /T2-F2-1 /T2-F1-1 /T3-F2-1 /T2-F2-1 /T3-F1-1 
/T2-F1-1 /T3-F2-1 /T6-F1-1 /T0-F1-1 /T2-F2-1 /T6-F2-1 /T2-T0-1 /T2-F2-1 /T5-F2-1 /T0-T4-3 
/T0-F2-1 /D:4     /W-F3-1  /D:1     /W-T1-1  /T3-T1-5 /T3-F2-1 /D:1     /W-F3-1  /T1-F3-1 
/T1-F0-1 /T1-F1-1 /T4-F3-1 /T4-F0-1 /T1-F0-1 /R       /D:1     /W-F1-1  /T1-F1-1 /T0-F1-1 
/D:1     /W-F3-1  /T4-F3-1 /T4-F0-1 /T1-F0-1 /D:1     /W-F3-1  /T4-F3-1 
"
1040518,d#jh#MRs#WFAS#eDiIC#xTJyoE#KPpqmZl#acHrvUfLzQwbVXkOgtNnBYGu,112.500000,3003.000000,50.000000,0.590361,1,"
minimal: 0 / states: 126 / duration: 0.000149s
history:
/T5-T3-1 /T4-T0-1 /T1-T4-1 /T4-T1-2 /T0-T3-2 /D:1     /W-F1-1  /D:2     /W-T4-1  /D:6     
/W-T0-1  /T6-T0-1 /W-T6-1  /D:3     /W-F1-1  /D:2     /W-T6-1  /D:2     /W-T3-1  /D:1     
/W-T4-1  /T2-T4-1 /T2-T4-1 /D:1     /W-T1-1  /T3-T1-5 /T3-F0-1 /D:1     /W-F3-1  /T1-F3-1 
/D:1     /W-F2-1  /T5-F2-1 /W-T5-1  /D:1     /W-F0-1  /T1-F0-1 /D:1     /W-T2-1  /D:2     
/R       /D:1     /W-F1-1  /T1-F1-1 /D:5     /W-T1-1  /D:1     /W-T5-1  /T4-T5-5 /T4-F0-1 
/T4-T3-1 /T6-T4-3 /T5-T6-8 /T5-T4-1 /T3-T5-2 /T5-F1-1 /W-F1-1  /D:1     /W-T4-1  /D:2     
/W-T4-1  /T5-T4-2 /T1-T5-7 /T6-T1-9 /T6-T1-1 /T6-F2-1 /T6-F3-1 /T1-F2-1 /T5-F3-1 /T1-F3-1 
/T5-F0-1 /T4-F0-1 /T5-F3-1 /W-F0-1  /T4-F3-1 /W-F3-1  /T1-T4-2 /T1-F0-1 /T4-T1-3 /T4-F3-1 
/T3-F3-1 /T5-T0-5 /T6-T2-1 /R       /D:1     /W-F2-1  /T1-F2-1 /T0-F2-1 /T1-F1-1 /T0-F1-1 
/T0-F0-1 /T1-F2-1 /T1-F1-1 /T4-F0-1 /T0-F1-1 /T2-F0-1 /T4-F3-1 /T2-F3-1 /T4-F0-1 /T2-F0-1 
/T4-F3-1 /D:1     /W-F2-1  /T1-F2-1 /T0-F2-1 /T1-F1-1 /T0-F1-1 /T1-F2-1 /T0-F2-1 /T1-F1-1 
"
1040563,A#JF#pPy#vlxa#XfdTt#HYVCqb#UzrSmRi#GgwEIneKcQsMoZODjhkNWuBL,124.500000,1478.000000,52.000000,0.613636,1,"
minimal: 0 / states: 123 / duration: 0.000145s
history:
/T0-F0-1 /T3-F1-1 /T5-F1-1 /D:6     /W-F2-1  /D:1     /W-T1-1  /T5-T1-1 /D:2     /W-F1-1  
/D:3     /W-T0-1  /D:1     /W-F2-1  /D:2     /W-T5-1  /D:2     /W-T3-1  /D:2     /W-T2-1  
/D:1     /W-F3-1  /T5-F3-1 /D:2     /W-T6-1  /D:1     /W-F0-1  /T5-F0-1 /D:1     /R       
/D:2     /W-T6-1  /T1-T6-3 /T6-T1-6 /T1-T2-7 /D:3     /W-T3-1  /D:4     /W-T1-1  /T2-T1-9 
/T2-F3-1 /T2-F2-1 /T1-F2-1 /D:1     /W-F0-1  /D:1     /W-T3-1  /T4-T3-1 /W-T4-1  /W-F3-1  
/T6-F3-1 /T6-T2-1 /T6-F3-1 /T6-F2-1 /T4-F2-1 /T4-F3-1 /T4-F1-1 /T1-F1-1 /T4-F1-1 /T3-F2-1 
/D:2     /W-T2-1  /T4-T2-1 /T6-T4-1 /T6-F3-1 /T5-F3-1 /T3-T5-4 /T3-T0-1 /T5-T4-5 /W-F3-1  
/T2-F3-1 /T1-T5-2 /T1-F2-1 /T3-F2-1 /T4-T0-4 /T4-F3-1 /T5-T1-3 /R       /D:1     /W-T0-1  
/D:1     /W-F2-1  /D:1     /W-F0-1  /T1-F0-1 /T0-F0-1 /T1-F1-1 /T0-F1-1 /T1-F0-1 /T0-F0-1 
/T1-F1-1 /T0-F1-1 /T0-F2-1 /T1-F0-1 /T1-F1-1 /T1-F2-1 /T0-F1-1 /T4-F2-1 /T1-F3-1 /D:1     
/W-F0-1  /T2-F0-1 /T0-F0-1 /T2-F1-1 
"
1040660,P#EH#Szj#gMAV#CQNfw#irsYpT#bWBaRGl#LJhUkyXOFtdZnIxocqDevKum,134.500000,4371.000000,71.000000,0.484848,1,"
minimal: 0 / states: 138 / duration: 0.000154s
history:
/T5-T1-1 /T3-T4-1 /T3-F0-1 /T6-T3-1 /T1-T4-2 /D:8     /W-T5-1  /D:1     /W-T4-1  /D:2     
/W-T1-1  /T5-T1-2 /D:2     /W-F2-1  /D:1     /W-T2-1  /D:1     /W-T3-1  /T2-T3-2 /T5-T2-1 
/D:1     /W-F2-1  /D:4     /W-T4-1  /W-T4-1  /T0-T4-1 /T2-T0-2 /T1-T2-4 /T3-T1-5 /T5-T3-1 
/T2-T6-5 /D:2     /W-T0-1  /D:2     /W-T2-1  /R       /D:1     /W-T2-1  /D:2     /W-T1-1  
/T6-T1-6 /T6-T3-1 /T6-F1-1 /T6-F0-1 /T6-T0-1 /T6-F1-1 /D:2     /W-T2-1  /T4-T2-8 /T5-T4-1 
/D:4     /W-T6-1  /D:1     /W-F1-1  /D:1     /W-T3-1  /D:1     /W-T0-1  /D:1     /W-T5-1  
/T3-T5-4 /R       /D:2     /W-T0-1  /D:1     /W-T6-1  /D:1     /W-T6-1  /W-T6-1  /T5-T6-6 
/D:1     /W-T0-1  /T4-T0-2 /T4-F3-1 /T1-F3-1 /T1-F2-1 /T2-F3-1 /T6-F2-1 /T4-F3-1 /T4-F0-1 
/T1-F1-1 /T0-F2-1 /T2-F0-1 /T1-F0-1 /T2-F1-1 /T0-F1-1 /T6-F3-1 /T1-F3-1 /T2-F0-1 /T1-F0-1 
/T6-F2-1 /T0-F2-1 /T2-F3-1 /T0-F3-1 /T6-F1-1 /T1-F1-1 /T2-F0-1 /T1-F0-1 /T6-F2-1 /T0-F2-1 
/T2-F3-1 /T0-F3-1 /T6-F1-1 /T1-F1-1 /T2-F2-1 /T1-F2-1 /T6-F0-1 /T0-F0-1 /T2-F1-1 /T1-F1-1 
/T6-F3-1 /T0-F3-1 /T2-F0-1 /T1-F0-1 /T6-F2-1 /T0-F2-1 /T2-F1-1 /T6-F3-1 
"
1040757,J#dB#VHQ#ZNbY#mOxzF#oAwLUW#pEfMGXt#jhyITsPkriRCqDvaleScuKng,150.000000,4958.000000,75.000000,0.590164,1,"
minimal: 0 / states: 143 / duration: 0.000181s
history:
/D:4      /W-T5-1   /D:6      /W-T0-1   /D:1      /W-T4-1   /D:1      /W-T2-1   /D:1      /W-T4-1   
/D:3      /W-F1-1   /D:3      /W-T6-1   /D:1      /W-T4-1   /T1-T4-1  /D:1      /W-T0-1   /D:1      
/W-T3-1   /T5-T3-2  /T6-T5-2  /T5-T3-3  /T6-T5-1  /T0-T5-3  /D:1      /W-F2-1   /D:1      /W-T5-1   
/T4-T5-5  /T3-T4-7  /T3-F1-1  /T3-F3-1  /T4-T0-8  /T5-T3-11 /R        /D:1      /W-T4-1   /D:7      
/W-T0-1   /T2-T0-2  /D:2      /W-T4-1   /D:2      /R        /D:1      /W-T4-1   /T6-T4-1  /D:2      
/W-T2-1   /D:1      /W-T2-1   /D:4      /W-T6-1   /T4-T6-5  /T4-F3-1  /D:1      /W-T2-1   /W-T2-1   
/R        /D:1      /W-T4-1   /D:1      /W-F3-1   /T0-T1-1  /T0-F3-1  /T1-T0-2  /T6-T1-7  /T6-T1-1  
/T6-T1-1  /D:1      /W-T4-1   /T5-T4-1  /T5-F0-1  /T3-F0-1  /T0-F0-1  /T5-F2-1  /T3-F1-1  /T2-F0-1  
/T6-F2-1  /T0-F1-1  /T1-F0-1  /T3-F2-1  /T0-F2-1  /T2-F1-1  /T1-F1-1  /T3-F3-1  /T0-F3-1  /T2-F2-1  
/T0-F2-1  /T3-F0-1  /T1-F0-1  /T2-F3-1  /T0-F3-1  /T3-F1-1  /T1-F1-1  /T2-F0-1  /T0-F0-1  /T3-F2-1  
/T1-F2-1  /T2-F3-1  /T0-F3-1  /T3-F1-1  /T1-F1-1  /T3-F0-1  /T0-F0-1  /T4-F2-1  /T1-F2-1  /T3-F3-1  
/T0-F3-1  /T4-F1-1  /T1-F1-1  /T3-F0-1  /T1-F0-1  /T4-F2-1  /T0-F2-1  /T3-F3-1  /T4-F1-1  
"
1040806,P#Ng#skU#JWEo#dDmyQ#GFIOin#TXRMeCY#hpHrvuKxabcALzwZlqjfBSVt,118.500000,1632.000000,50.000000,0.567073,1,"
minimal: 0 / states: 123 / duration: 0.000149s
history:
/T5-F2-1 /T3-F2-1 /T4-T3-1 /D:2     /W-F2-1  /D:1     /W-T5-1  /T1-T5-1 /T1-F3-1 /D:4     
/W-T6-1  /D:2     /W-F1-1  /D:1     /W-F1-1  /D:1     /W-F1-1  /D:1     /W-F0-1  /D:2     
/W-T1-1  /T6-T1-2 /T6-T3-1 /D:4     /W-F2-1  /D:1     /W-T1-1  /D:2     /W-F0-1  /T3-F0-1 
/D:3     /W-T2-1  /R       /D:2     /W-F2-1  /D:1     /W-T1-1  /T2-T1-2 /T2-T4-1 /T6-T2-1 
/T2-T5-2 /T6-T2-1 /D:4     /W-T4-1  /T5-T4-5 /T5-F3-1 /T0-F3-1 /T3-F3-1 /T6-F3-1 /D:1     
/W-T0-1  /T4-T0-8 /W-T4-1  /T6-T4-1 /D:1     /W-T2-1  /W-T2-1  /D:1     /W-T1-1  /T3-T1-1 
/T5-T3-1 /T3-T2-2 /T5-T6-1 /T3-T4-1 /T4-T3-4 /T4-F0-1 /T4-F1-1 /T0-F1-1 /T0-F2-1 /T1-F0-1 
/T1-F1-1 /T6-F0-1 /T0-F1-1 /T1-F2-1 /T5-F0-1 /T0-F0-1 /T2-F0-1 /T3-F0-1 /W-F2-1  /W-F1-1  
/T0-F1-1 /T1-T2-2 /T1-F1-1 /T1-F0-1 /T0-T3-1 /T0-F1-1 /T2-T1-4 /T2-F1-1 /T3-T0-2 /T3-F0-1 
/T2-F0-1 /T3-F1-1 /D:1     /W-F3-1  /T6-F3-1 /T1-F3-1 /T1-F2-1 /T0-F2-1 /D:1     /W-F3-1  
/T1-F3-1 /T0-F3-1 /T1-F2-1 /T0-F2-1 /T1-F3-1 /T0-F3-1 /T1-F2-1 
"
1041129,t#Ce#JaQ#SFrD#IqbyM#GiBlPp#NhAkuoY#RjvmOzKxsWgdHXZTVfELcwnU,175.000000,3125.000000,63.000000,0.546729,1,"
minimal: 0 / states: 132 / duration: 0.000152s
history:
/T6-T4-1  /T5-T2-1  /T6-T5-1  /T5-T3-2  /T3-T1-3  /T2-T3-2  /T2-F1-1  /D:5      /W-T3-1   /D:2      
/W-T4-1   /D:1      /W-T5-1   /D:2      /W-T4-1   /D:1      /W-T6-1   /W-T6-1   /T1-T6-4  /D:6      
/W-T2-1   /T6-T2-7  /T2-T6-9  /T4-T2-4  /T6-T4-10 /T6-F0-1  /T0-T6-1  /D:1      /W-T6-1   /T3-T6-4  
/D:5      /W-F2-1   /T4-F2-1  /T6-T1-1  /T6-F2-1  /T1-T6-2  /D:1      /R        /D:1      /W-T3-1   
/D:1      /W-T5-1   /D:1      /W-T2-1   /T6-T2-7  /T6-F3-1  /T2-F3-1  /T4-F3-1  /D:1      /W-T0-1   
/T4-T0-9  /T4-F1-1  /T4-F2-1  /T4-T5-1  /D:1      /W-T1-1   /T5-T1-4  /T5-F0-1  /T2-F0-1  /T2-F3-1  
/T0-F0-1  /T3-F3-1  /T2-F2-1  /T0-T3-1  /T0-F2-1  /T3-T0-2  /T3-F3-1  /D:2      /W-T5-1   /D:2      
/W-T3-1   /D:1      /W-F3-1   /D:1      /W-F0-1   /D:1      /W-T3-1   /W-T3-1   /D:1      /W-F1-1   
/W-F1-1   /T0-F1-1  /T0-F0-1  /T2-F1-1  /T0-F1-1  /T2-F2-1  /T0-F2-1  /T2-F1-1  /T5-T0-1  /T5-F1-1  
/T5-F0-1  /T0-F0-1  /T1-F0-1  /T1-F1-1  /T2-F2-1  /T0-T3-2  /T0-F1-1  /D:1      /W-F2-1   /T1-F2-1  
/T0-F2-1  /T1-F1-1  /T0-F1-1  /T1-F2-1  /D:1      /W-F3-1   /T3-F3-1  /T2-F3-1  /T3-F0-1  /T2-F0-1  
/T3-F3-1  /T2-F3-1  /T3-F0-1  /T2-F0-1  /T3-F3-1  
"
1050040,u#wi#XNG#oDeV#RKsaA#hOQmxB#dkPqTvS#ZyWIpfjlYtnLJEcUHFCgzrMb,114.000000,1531.000000,49.000000,0.711340,1,"
minimal: 0 / states: 126 / duration: 0.000163s
history:
/T4-F0-1 /T4-F1-1 /T5-F0-1 /T6-T2-1 /T0-T1-1 /D:1     /W-T0-1  /D:1     /W-T0-1  /D:1     
/W-T5-1  /T6-T5-1 /T6-T1-1 /T4-T1-1 /D:4     /W-T4-1  /D:4     /W-F2-1  /D:3     /W-T2-1  
/D:1     /W-T6-1  /D:1     /W-T5-1  /T2-T5-3 /T2-F3-1 /W-T2-1  /T3-T2-1 /T6-T3-2 /T3-T1-3 
/T6-T3-1 /T6-T0-1 /T6-T5-1 /D:1     /W-T2-1  /D:2     /W-F0-1  /D:1     /W-T2-1  /W-T2-1  
/D:1     /W-T6-1  /D:3     /W-F1-1  /T1-F1-1 /T3-T1-1 /T3-F0-1 /T3-F2-1 /T5-F1-1 /T5-F0-1 
/T2-F0-1 /W-T3-1  /W-T5-1  /R       /D:1     /W-T4-1  /D:1     /W-F2-1  /D:2     /W-T3-1  
/T5-T3-7 /D:1     /W-T6-1  /T4-T6-3 /T1-T4-2 /T1-F1-1 /T4-T1-3 /T5-T4-1 /T5-T3-1 /T5-F3-1 
/T1-F3-1 /T1-F2-1 /T3-F3-1 /T1-F3-1 /T3-F2-1 /T1-F2-1 /T3-F3-1 /T1-F3-1 /W-F1-1  /T2-F1-1 
/T3-F0-1 /T2-F0-1 /T3-F3-1 /T2-F3-1 /T1-T2-2 /T5-F1-1 /T6-F0-1 /T2-T1-2 /T2-F0-1 /T3-T6-1 
/T3-F3-1 /T2-F3-1 /T6-T3-2 /T6-F0-1 /T6-F3-1 /T0-T4-2 /T0-F3-1 /T1-T4-3 /D:1     /W-F2-1  
/T4-F2-1 /T3-F2-1 /T4-F1-1 /T3-F1-1 /T4-F2-1 /T3-F2-1 /T4-F1-1 /T3-F1-1 /T4-F2-1 /T6-F2-1 
/T4-F1-1 /D:1     /W-F0-1  /T3-F0-1 
"
1050041,i#ny#Blf#OcdH#IwxNa#QTuCmg#qeJEUkD#bAhKoZPWpsLFtrXVSzYRGMvj,132.000000,4095.000000,65.000000,0.520833,1,"
minimal: 0 / states: 131 / duration: 0.000158s
history:
/T4-F1-1 /T4-F3-1 /T5-T3-1 /T3-T0-2 /T1-T5-1 /T1-F2-1 /T5-T1-2 /T5-T3-1 /D:1     /W-F1-1  
/D:1     /W-F0-1  /D:3     /W-F2-1  /D:2     /W-T6-1  /D:1     /W-T4-1  /D:1     /W-F2-1  
/D:1     /W-T0-1  /D:4     /W-T2-1  /T3-T2-2 /T3-F1-1 /T3-F3-1 /T6-F3-1 /D:1     /W-T1-1  
/D:3     /W-T3-1  /D:1     /W-T3-1  /T4-T3-2 /T4-T1-1 /T0-T1-4 /T4-T3-1 /D:1     /W-T1-1  
/T6-T1-1 /D:2     /W-T0-1  /D:2     /R       /D:1     /W-T3-1  /D:2     /W-T4-1  /D:1     
/W-T4-1  /T6-T4-1 /D:2     /W-T3-1  /T2-T3-4 /T2-T0-1 /T2-F0-1 /T3-F0-1 /T1-F0-1 /T3-F1-1 
/D:3     /W-T6-1  /W-T6-1  /D:2     /R       /D:1     /W-T0-1  /D:4     /W-T0-1  /W-T0-1  
/T6-T0-3 /T6-F0-1 /T6-T4-1 /T6-F1-1 /T6-F2-1 /W-T4-1  /T5-T4-1 /T5-T4-1 /T5-F3-1 /T1-F3-1 
/T3-F2-1 /T0-F3-1 /T1-F2-1 /T3-F1-1 /T3-F2-1 /W-F0-1  /T0-F0-1 /T1-F1-1 /T3-F1-1 /T4-F3-1 
/T0-F3-1 /T1-F0-1 /T3-F0-1 /T4-F2-1 /T0-F2-1 /T1-F1-1 /T0-F1-1 /T4-F3-1 /T1-F2-1 /T3-F3-1 
/T3-F2-1 /T4-F0-1 /T0-F0-1 /T1-F3-1 /T3-F3-1 /T4-F1-1 /T0-F1-1 /T1-F2-1 /T3-F2-1 /T4-F0-1 
/T0-F0-1 /T1-F1-1 /T4-F3-1 
"
1050048,x#AZ#zsT#Ypbk#cQtgL#WmlqVG#CRedUwI#PifvoOHDjNBuEyJnMFXrKhSa,135.500000,3594.000000,64.000000,0.474490,1,"
minimal: 0 / states: 135 / duration: 0.000162s
history:
/T4-T1-1 /T3-T1-1 /D:3     /W-T5-1  /D:6     /W-T0-1  /T6-T0-1 /T6-T1-1 /T5-T6-2 /T5-T1-1 
/T6-T0-3 /D:1     /W-F3-1  /D:2     /W-T1-1  /T4-T1-1 /D:1     /W-T0-1  /T6-T0-1 /T5-T6-1 
/T0-T5-8 /T1-T0-7 /T1-F0-1 /W-F0-1  /D:3     /W-F2-1  /D:1     /W-T1-1  /T5-T1-9 /D:1     
/W-T0-1  /T6-T0-2 /D:5     /W-T4-1  /D:1     /W-F1-1  /T3-F1-1 /T3-T1-1 /R       /D:1     
/W-T0-1  /D:3     /W-F2-1  /T1-F2-1 /D:1     /W-F3-1  /T0-F3-1 /T0-F2-1 /D:2     /W-T0-1  
/D:1     /W-T5-1  /D:2     /W-T5-1  /W-T5-1  /D:1     /W-F2-1  /D:1     /W-T3-1  /D:1     
/R       /D:1     /W-T5-1  /D:2     /W-T5-1  /T2-T5-1 /T2-F2-1 /T3-T2-2 /T5-T3-7 /F2-T3-1 
/T6-T3-1 /T6-F0-1 /T0-F0-1 /W-T5-1  /T5-T2-2 /D:1     /W-T2-1  /T4-T2-2 /T4-F3-1 /T3-F3-1 
/T4-F1-1 /T1-F1-1 /T0-F1-1 /T1-F0-1 /T0-F0-1 /T1-F1-1 /T2-F3-1 /T1-F0-1 /T3-F2-1 /T0-F1-1 
/T2-F2-1 /T2-F1-1 /T3-F3-1 /T0-F2-1 /T1-F3-1 /T2-F2-1 /T3-F0-1 /T0-F3-1 /T1-F0-1 /T2-F3-1 
/T3-F1-1 /T0-F2-1 /T1-F1-1 /T1-F2-1 /T3-F0-1 /T0-F1-1 /T2-F0-1 /T1-F1-1 /T3-F3-1 /T0-F0-1 
/T2-F3-1 /T1-F0-1 /T3-F2-1 /T0-F3-1 /T2-F2-1 /T3-F1-1 
"
1050075,X#zs#Qpm#GLhD#IxAnJ#TZaWNo#jrRdklE#iSqUHfBOFbCYgyVMtvcKuePw,95.500000,912.000000,34.000000,0.763889,1,"
minimal: 0 / states: 114 / duration: 0.000127s
history:
/T4-T0-1 /T4-F2-1 /T4-F0-1 /T5-F2-1 /T5-F3-1 /T5-T4-1 /T5-F1-1 /D:1     /W-T0-1  /D:4     
/W-T0-1  /D:2     /W-F0-1  /D:1     /W-F3-1  /D:2     /W-F1-1  /D:1     /W-F0-1  /T3-F0-1 
/T6-F0-1 /T4-T6-2 /T3-T4-1 /T3-T2-1 /T0-T2-4 /T2-T0-6 /T2-F2-1 /T3-T4-1 /T5-T3-1 /T1-T5-1 
/T6-T1-3 /W-F0-1  /T4-F0-1 /T0-F0-1 /T4-T1-2 /D:3     /W-T3-1  /T6-T3-1 /D:2     /W-T4-1  
/D:1     /W-T1-1  /D:2     /W-F1-1  /T6-F1-1 /T6-T5-1 /T2-T6-1 /D:2     /W-T0-1  /T5-T0-3 
/D:1     /W-F1-1  /D:1     /W-F3-1  /T6-F3-1 /T0-F3-1 /D:1     /W-T3-1  /R       /D:1     
/W-T1-1  /T6-T1-1 /D:1     /W-F2-1  /T1-F2-1 /T0-F2-1 /T1-F3-1 /T0-F3-1 /T1-F2-1 /T0-F2-1 
/D:1     /W-F3-1  /D:1     /W-F1-1  /D:1     /W-T4-1  /D:1     /W-F1-1  /T1-F1-1 /T0-F1-1 
/T1-F0-1 /T0-F0-1 /T6-F1-1 /T3-T0-1 /T3-F1-1 /T1-T4-2 /T1-F1-1 /D:1     /W-F3-1  /T4-F3-1 
/D:1     /W-F2-1  /T0-F2-1 /T0-F3-1 /T4-F2-1 /T3-F2-1 /T1-F2-1 /T4-F3-1 /T3-F3-1 /D:1     
/W-F0-1  /T0-F0-1 /T0-F1-1 /T4-F0-1 
"
1050135,B#oR#Avm#YXzn#IsKgq#UdHJeE#VtFpaPN#OCufQlbyiwMcWkjxSrDhLTGZ,136.500000,1038.000000,48.000000,0.593023,1,"
minimal: 0 / states: 121 / duration: 0.000148s
history:
/T3-F2-1 /T6-F3-1 /T6-T4-1 /T6-F1-1 /T4-T1-2 /T0-T1-1 /T2-T0-1 /D:1     /W-F3-1  /D:4     
/W-T5-1  /T6-T5-1 /T6-T4-1 /T1-T4-4 /T1-F2-1 /T3-T1-1 /W-T6-1  /T5-T6-3 /T6-F2-1 /D:1     
/W-T1-1  /D:1     /W-F1-1  /D:1     /W-T0-1  /T3-T0-1 /D:2     /W-T0-1  /W-T0-1  /W-T0-1  
/T4-T0-6 /T4-T1-1 /T5-T4-1 /W-T6-1  /D:2     /W-F1-1  /D:1     /W-T1-1  /T2-T1-1 /T2-F0-1 
/T0-F0-1 /T0-F3-1 /T0-F2-1 /T6-F0-1 /T6-F3-1 /T0-F3-1 /W-T2-1  /T3-T2-1 /D:3     /W-T2-1  
/W-T2-1  /D:1     /W-F3-1  /D:1     /W-F2-1  /T4-T0-1 /T4-F2-1 /T4-T2-1 /D:1     /W-F0-1  
/T6-F0-1 /D:1     /W-T1-1  /T6-T1-2 /T6-T5-1 /D:2     /W-F3-1  /D:2     /W-T3-1  /R       
/D:2     /W-T3-1  /W-T3-1  /T5-T3-2 /T5-T3-1 /T5-F1-1 /T0-F1-1 /T0-F0-1 /T1-F1-1 /T0-F1-1 
/T1-F2-1 /T0-F2-1 /T1-F1-1 /T0-F1-1 /T1-F2-1 /T0-F2-1 /T5-F3-1 /T2-T1-1 /T2-F1-1 /T2-F2-1 
/T3-T0-3 /T3-F1-1 /T0-T3-4 /T0-F2-1 /T1-T2-3 /T1-F1-1 /T0-F1-1 /T1-F2-1 /D:1     /W-F0-1  
/T3-F0-1 /T2-F0-1 /T3-F3-1 /T2-F3-1 /T3-F0-1 /T2-F0-1 /T3-F3-1 /T2-F3-1 /T3-F0-1 /T2-F0-1 
/T3-F3-1 
"
1050147,q#Lg#smn#rRSP#MpeXB#QZcCtD#vldVFAw#HEibuJyGWzUIhfNYToakKxOj,43.500000,211.000000,19.000000,1.025000,1,"
minimal: 0 / states: 124 / duration: 0.000168s
history:
/T2-F2-1 /T4-T3-1 /T6-T4-1 /T6-F0-1 /T3-F0-1 /T6-T1-1 /T3-T0-1 /T6-T4-1 /D:1     /W-T4-1  
/T1-T4-2 /T4-T1-6 /T5-T4-1 /T3-T5-1 /T4-T1-2 /T4-T6-1 /T0-T3-2 /T2-T0-1 /T3-T2-3 /T6-T3-2 
/T6-T4-1 /T1-T0-9 /T3-T5-3 /D:3     /W-T5-1  /D:6     /W-T1-1  /D:1     /W-T6-1  /T5-T6-6 
/T5-F0-1 /T5-T0-1 /T5-T3-1 /D:4     /W-F3-1  /D:1     /W-T1-1  /D:2     /W-F2-1  /D:1     
/W-F1-1  /T6-F1-1 /T0-F1-1 /T0-F0-1 /T6-F2-1 /T6-F1-1 /T0-F1-1 /T5-T6-1 /D:2     /W-T1-1  
/D:1     /W-T4-1  /D:1     /W-F3-1  /T2-F3-1 /T2-F2-1 /T6-F3-1 /T2-F3-1 /T6-F2-1 /T2-F2-1 
/T6-F3-1 /T6-F2-1 /D:1     /W-T1-1  /T6-T1-2 /R       /D:1     /W-F0-1  /T0-F0-1 /D:2     
/W-F2-1  /D:2     /W-T3-1  /D:1     /W-F0-1  /D:1     /W-T4-1  /D:1     /W-T4-1  /T1-T4-1 
/T1-F2-1 /D:2     /W-F1-1  /T0-F1-1 /W-F1-1  /T0-F0-1 /D:1     /W-F3-1  /T4-F3-1 /T0-F3-1 
/T4-F0-1 /T4-F3-1 /T0-F2-1 /T0-F3-1 /T4-F2-1 /T3-F2-1 /W-F0-1  /W-F1-1  /T1-F1-1 /T1-F0-1 
/T1-F3-1 /T0-F0-1 /T3-F3-1 /T1-F2-1 /D:1     /W-F1-1  /T4-F1-1 /T0-F1-1 /T4-F0-1 
"
1050172,K#Hq#OZJ#ATib#sGwpg#CtQmuN#WXMcVkL#ledDnjzPFfvRyrYBxohUIESa,105.500000,752.000000,41.000000,0.606061,1,"
minimal: 0 / states: 116 / duration: 0.000138s
history:
/T5-F3-1 /T4-T5-1 /T3-T4-1 /T5-T3-2 /T6-T5-1 /T6-T5-1 /T6-T2-1 /T6-T1-1 /T2-T5-2 /D:1     
/W-T6-1  /T0-T6-1 /T5-T0-5 /T4-T5-2 /T3-T4-3 /D:4     /W-F2-1  /D:1     /W-T6-1  /D:3     
/W-T3-1  /D:2     /W-T6-1  /D:1     /W-T3-1  /T1-T3-2 /T3-T1-5 /T3-F0-1 /T6-T3-5 /T4-T6-4 
/T1-T0-6 /T2-T1-1 /T2-F3-1 /W-T4-1  /W-F3-1  /W-T2-1  /D:1     /W-T1-1  /T6-T1-5 /D:1     
/W-T4-1  /T5-T4-3 /D:1     /W-T2-1  /D:1     /W-F0-1  /D:1     /W-T2-1  /T6-T2-1 /D:1     
/W-F2-1  /D:1     /W-T3-1  /T4-T3-6 /T4-T1-1 /D:2     /W-T2-1  /W-T2-1  /T5-T2-1 /T5-F0-1 
/W-F0-1  /D:1     /W-F0-1  /T0-T1-3 /T0-F0-1 /T3-T2-5 /T3-F0-1 /D:2     /W-F1-1  /T2-F1-1 
/T1-F1-1 /T2-F2-1 /T1-F2-1 /T2-F3-1 /T1-F3-1 /T2-F2-1 /W-F3-1  /W-F1-1  /W-F1-1  /T1-F2-1 
/T0-F3-1 /T2-F1-1 /T1-F1-1 /T0-F0-1 /T2-F2-1 /T1-F2-1 /T2-F3-1 /T0-F3-1 /T3-F1-1 /T1-F1-1 
/T2-F0-1 /T0-F0-1 /T3-F2-1 /T1-F2-1 /T2-F3-1 /T1-F3-1 /T3-F1-1 /T0-F1-1 /T2-F2-1 /T1-F2-1 
/T3-F0-1 /T0-F0-1 /T2-F3-1 /T1-F3-1 /T3-F1-1 /T0-F1-1 /T2-F2-1 /T3-F0-1 
"
1050282,Y#Wu#UKI#Vwex#ZsmQp#zvqgfS#TEGaBMO#lbtyPNdiCFLAXRDHkorJcnjh,151.500000,2200.000000,51.000000,0.602804,1,"
minimal: 0 / states: 129 / duration: 0.000160s
history:
/T6-T4-1 /T3-T0-1 /T0-T6-2 /T6-T0-3 /D:6     /W-F3-1  /T4-F3-1 /W-F3-1  /D:6     /W-F0-1  
/T6-F0-1 /T6-F1-1 /T5-T6-1 /D:3     /W-T3-1  /D:4     /W-T5-1  /D:2     /W-T3-1  /D:1     
/W-F2-1  /D:1     /W-T0-1  /T2-T0-1 /D:1     /W-T0-1  /T6-T0-2 /T6-T0-1 /T6-T1-1 /R       
/D:2     /W-F1-1  /T3-F1-1 /D:3     /W-T0-1  /T4-T0-1 /T4-F3-1 /T4-T6-1 /T3-T4-2 /T4-T1-3 
/W-T4-1  /D:1     /W-T3-1  /T1-T3-5 /T1-T2-1 /D:1     /W-F0-1  /T3-F0-1 /T0-T5-2 /T0-F0-1 
/D:1     /W-F0-1  /D:1     /W-T6-1  /D:1     /W-T4-1  /T3-T4-6 /D:1     /W-F3-1  /T0-F3-1 
/T5-T0-4 /T4-T5-2 /T4-F3-1 /T5-T4-3 /T5-T4-1 /T5-T2-1 /D:1     /W-T3-1  /D:1     /W-T6-1  
/D:1     /W-F2-1  /T0-F2-1 /T0-F1-1 /T4-F2-1 /T0-F2-1 /T4-F1-1 /T0-F1-1 /T0-F0-1 /T4-F2-1 
/T4-F1-1 /T3-F0-1 /W-F2-1  /T0-F1-1 /T4-F2-1 /T4-F1-1 /W-T5-1  /T2-T5-3 /T2-F3-1 /T0-F0-1 
/T3-F3-1 /T5-F2-1 /T0-F1-1 /T4-F2-1 /T5-F3-1 /T0-F2-1 /T4-F3-1 /T0-F3-1 /T4-F2-1 /T4-F3-1 
/T6-F1-1 /T5-T0-2 /T5-F2-1 /D:1     /W-F0-1  /T0-F0-1 /T0-F1-1 /T6-F0-1 /T0-F0-1 /T6-F1-1 
"
1050307,c#vs#ZGp#tmqf#JMdQr#DhoYUl#AHkNOKe#bLSETIVaRWuziyFBXwxgPCnj,139.500000,2929.000000,40.000000,0.640244,1,"
minimal: 0 / states: 113 / duration: 0.000139s
history:
/T6-T1-1  /T6-T5-1  /T4-T3-1  /T6-T2-1  /T6-F3-1  /T2-F3-1  /T4-T3-1  /T2-T3-1  /T3-T2-4  /T3-T1-1  
/T0-T1-1  /T3-T0-1  /D:1      /W-T2-1   /D:1      /W-T0-1   /T6-T0-1  /D:1      /W-T3-1   /D:1      
/W-T3-1   /T4-T3-1  /T5-T4-2  /T2-T5-6  /D:1      /W-T6-1   /T1-T6-4  /T5-T1-7  /D:3      /W-F1-1   
/T1-F1-1  /T6-F1-1  /T3-F1-1  /D:2      /W-T4-1   /T1-T4-7  /T4-T1-11 /T4-T0-1  /D:2      /W-T4-1   
/T5-T4-1  /D:1      /W-T0-1   /T6-T0-5  /T6-F0-1  /D:1      /W-T2-1   /D:2      /W-F0-1   /D:1      
/W-T2-1   /D:1      /W-T2-1   /D:1      /W-T4-1   /D:2      /W-T0-1   /T5-T0-1  /T3-T5-3  /D:1      
/W-F0-1   /D:1      /W-F2-1   /T0-F2-1  /T0-F3-1  /T1-F2-1  /T0-F2-1  /T1-F3-1  /T1-F2-1  /T0-F1-1  
/T0-F2-1  /T1-F1-1  /W-F1-1   /T5-T1-2  /T5-F2-1  /T5-F1-1  /T5-F0-1  /T1-F0-1  /W-F0-1   /W-F2-1   
/W-F3-1   /T1-F3-1  /T0-F3-1  /T1-F0-1  /T0-F0-1  /T0-F1-1  /T1-F3-1  /T1-F2-1  /W-F3-1   /T2-F2-1  
/W-F0-1   /T0-F0-1  /T1-F3-1  /T2-F3-1  /T1-F0-1  /T4-F2-1  /T4-F3-1  /T2-F2-1  /T2-F3-1  /T4-F2-1  
/D:1      /W-F1-1   /T0-F1-1  /T0-F0-1  /T1-F1-1  /T0-F1-1  /T1-F0-1  
"
1050330,Y#oZ#Dcq#TMjU#HsIdJ#gEaknp#lwRFVvL#KrNehCxziyPSBGXtWmAuQbOf,196.500000,6328.000000,63.000000,0.500000,1,"
minimal: 0 / states: 136 / duration: 0.000164s
history:
/T6-T1-1 /T3-T6-1 /T6-T3-2 /T6-T4-1 /D:1     /W-T0-1  /T3-T0-3 /T0-T3-5 /T1-T0-2 /D:2     
/W-F3-1  /D:1     /W-T6-1  /T2-T6-1 /T2-T6-1 /T1-T6-1 /T3-T1-6 /T6-T3-5 /T2-T6-1 /D:4     
/W-T2-1  /D:3     /W-T6-1  /D:2     /W-T6-1  /D:1     /W-T1-1  /W-T1-1  /D:1     /W-T0-1  
/T4-T0-2 /T5-T4-1 /T5-F2-1 /T3-F2-1 /T4-F2-1 /D:4     /W-F0-1  /T6-F0-1 /D:1     /W-T0-1  
/T3-T0-5 /W-T3-1  /D:3     /W-F3-1  /T6-F3-1 /T0-T6-1 /T0-F2-1 /D:1     /R       /D:1     
/W-T1-1  /T4-T1-1 /D:1     /W-T4-1  /D:1     /W-F0-1  /D:3     /W-T3-1  /T5-T3-1 /T5-F1-1 
/T1-T5-1 /T1-F2-1 /T5-T1-2 /D:1     /W-T4-1  /D:2     /W-F3-1  /T6-T0-2 /T6-F3-1 /T6-T3-1 
/T6-T2-1 /D:1     /W-F1-1  /T0-F1-1 /T0-F0-1 /T1-F1-1 /T0-F1-1 /T1-F0-1 /T0-F0-1 /T1-F3-1 
/T0-F3-1 /T1-F0-1 /T1-F3-1 /T5-T0-1 /D:1     /W-F1-1  /T0-F1-1 /R       /D:1     /W-T2-1  
/D:1     /W-T3-1  /T0-T3-1 /T0-F3-1 /D:1     /W-T2-1  /T4-T2-3 /T4-F2-1 /T2-F2-1 /T2-F1-1 
/T3-F2-1 /T1-F2-1 /T4-F0-1 /T2-F0-1 /T2-F3-1 /T3-F1-1 /T0-F0-1 /T1-F1-1 /T1-F0-1 /T3-F2-1 
/T0-F3-1 /T2-F2-1 /T1-F3-1 /T3-F1-1 /T0-F0-1 /T2-F1-1 /T1-F0-1 /T3-F2-1 /T0-F3-1 /T2-F2-1 
/T3-F1-1 
"
1050434,h#Fb#ZSQ#KfWc#XTuPk#GLwydA#MEBsoOI#xVtJnlzUegHvjNYDqCmpaRir,110.500000,1572.000000,37.000000,0.710843,1,"
minimal: 0 / states: 109 / duration: 0.000136s
history:
/T5-F0-1 /T0-T6-1 /D:3     /W-T6-1  /D:1     /W-T4-1  /W-T4-1  /D:1     /W-F2-1  /D:2     
/W-T0-1  /W-T0-1  /W-T0-1  /D:4     /W-T4-1  /W-T4-1  /D:2     /W-T0-1  /T6-T0-3 /D:1     
/W-F3-1  /T6-F3-1 /T6-F2-1 /T6-T4-1 /T6-F0-1 /T5-T6-1 /T4-T5-6 /T4-F3-1 /T2-F3-1 /T2-T0-1 
/T5-T2-7 /T6-T0-2 /D:1     /W-T6-1  /D:3     /W-T0-1  /T1-T0-1 /D:2     /W-F2-1  /D:1     
/W-F1-1  /T0-F1-1 /T0-F0-1 /T3-F1-1 /T0-F1-1 /D:1     /W-F3-1  /D:1     /W-T5-1  /T4-T5-1 
/T4-T5-1 /T5-T4-4 /T1-T4-1 /W-T1-1  /W-F2-1  /W-F0-1  /T0-F0-1 /T5-T1-1 /T0-F3-1 /T4-F0-1 
/T4-F3-1 /T5-F0-1 /T2-T4-2 /T2-F0-1 /W-T3-1  /W-F1-1  /W-F3-1  /T2-F3-1 /T0-T3-2 /T0-F0-1 
/T3-T0-3 /T3-F3-1 /T3-F1-1 /T2-F0-1 /T3-F0-1 /T1-F0-1 /T4-T2-5 /T4-F3-1 /T6-F3-1 /T6-F0-1 
/T2-T1-7 /T2-F3-1 /D:1     /W-F2-1  /T1-F2-1 /T0-F2-1 /T1-F1-1 /T0-F1-1 /T1-F2-1 /T0-F2-1 
/T1-F1-1 /T0-F1-1 /T1-F2-1 /T0-F2-1 /T1-F1-1 /T0-F1-1 /T1-F2-1 /T0-F2-1 /T1-F1-1 
"
1050474,r#OW#spl#SvDN#fwxIt#ahFPeL#oKHBnUQ#miVcjJGEbgqTyYCZMzAuRkXd,108.000000,2145.000000,39.000000,0.689394,1,"
minimal: 0 / states: 131 / duration: 0.000144s
history:
/T3-F3-1  /T6-T0-1  /T4-T6-1  /T6-T4-2  /T6-F2-1  /T4-T1-3  /T4-T2-1  /T1-T2-4  /T1-F3-1  /D:1      
/W-T1-1   /T5-T1-1  /T3-T5-1  /D:1      /W-T4-1   /D:2      /W-T5-1   /T6-T5-1  /T6-T4-1  /D:1      
/W-T6-1   /T3-T6-1  /T0-T3-2  /T3-T2-3  /D:5      /W-T4-1   /D:5      /W-T2-1   /D:1      /W-T0-1   
/D:1      /W-T3-1   /T2-T3-10 /D:2      /W-F0-1   /T5-F0-1  /T3-F0-1  /T2-T3-1  /T5-T2-3  /T5-F3-1  
/T5-T4-1  /T5-T6-1  /T5-F1-1  /W-T5-1   /W-T5-1   /T6-T5-4  /T6-F2-1  /T3-F2-1  /T3-F3-1  /W-T0-1   
/D:2      /W-F3-1   /D:1      /W-T0-1   /T4-T0-5  /T3-T4-1  /T3-F3-1  /T4-T3-2  /D:1      /W-T1-1   
/D:1      /W-T3-1   /R        /D:2      /W-T1-1   /W-T1-1   /D:1      /W-T5-1   /D:2      /W-F1-1   
/T2-F1-1  /T2-F0-1  /T3-F1-1  /W-F0-1   /T0-F0-1  /T2-F1-1  /T5-F0-1  /T2-T0-1  /D:1      /W-F2-1   
/T3-F2-1  /T0-F2-1  /T3-F1-1  /T0-F1-1  /T3-F2-1  /T5-F1-1  /T0-F0-1  /T0-F1-1  /T3-T5-1  /T3-F0-1  
/T1-T0-1  /T1-F0-1  /T5-T3-2  /T5-F1-1  /T5-F0-1  /T0-T1-2  /T0-F1-1  /T1-T0-3  /T1-F0-1  /T3-T5-4  
/T3-F1-1  /T1-F1-1  /T3-F0-1  /D:1      /W-F3-1   /T5-F3-1  /T0-F3-1  /D:1      /W-F2-1   /T5-F2-1  
/T0-F2-1  /T5-F3-1  /T0-F3-1  /T5-F2-1  /T0-F2-1  /T5-F3-1  /T0-F3-1  /T5-F2-1  
"
1050524,d#ou#fWV#TDgh#EISzv#pjwUsY#ciPAkty#NRKMQmHOZXbJelLGqrnaBCFx,160.500000,3045.000000,60.000000,0.547170,1,"
minimal: 0 / states: 132 / duration: 0.000154s
history:
/T3-T4-1 /T3-T1-1 /T1-T2-2 /D:1     /W-F3-1  /D:2     /W-T5-1  /D:5     /W-F3-1  /D:2     
/W-T6-1  /D:2     /W-T6-1  /T2-T6-3 /T4-T2-2 /T5-T4-2 /T5-T6-1 /T2-T4-3 /D:1     /W-T6-1  
/T3-T6-1 /D:3     /W-T4-1  /T2-T4-1 /T4-T2-8 /D:2     /W-T2-1  /T0-T2-1 /D:1     /W-F2-1  
/T1-F2-1 /D:1     /W-F1-1  /D:2     /W-T2-1  /D:1     /W-T3-1  /D:1     /R       /D:1     
/W-T3-1  /D:1     /W-T0-1  /D:2     /W-T1-1  /T6-T1-9 /T6-T5-1 /T4-T5-1 /T5-T4-3 /T5-T6-1 
/T4-T5-4 /W-T4-1  /T4-T5-2 /D:2     /W-T4-1  /D:1     /W-F1-1  /D:1     /W-T0-1  /D:1     
/W-T4-1  /T6-T4-2 /T6-F0-1 /T6-F3-1 /T6-T4-1 /T5-F3-1 /T3-F3-1 /T6-F1-1 /W-T4-1  /T3-T4-2 
/D:2     /W-F0-1  /T2-F0-1 /T1-F0-1 /T2-F1-1 /T5-F0-1 /T1-F1-1 /T4-F0-1 /T5-F3-1 /T4-F3-1 
/T2-T5-2 /T2-F0-1 /T4-F0-1 /T5-T2-3 /T5-F3-1 /T5-F0-1 /T1-T4-3 /T1-F3-1 /T1-F0-1 /T2-T5-5 
/T2-F3-1 /T5-T2-6 /T5-F2-1 /W-F2-1  /T2-F2-1 /T2-F1-1 /T4-F2-1 /T2-F2-1 /T4-F1-1 /T2-F1-1 
/T4-F2-1 /T2-F2-1 /T4-F1-1 /T2-F1-1 /T2-F0-1 /T4-F2-1 /T1-F3-1 /T4-F1-1 /T4-F0-1 /T0-F1-1 
/T0-F0-1 /T2-F3-1 /T4-F3-1 /D:1     /W-F2-1  /T1-F2-1 /T1-F1-1 /T2-F2-1 
"
1050559,Q#SY#aKc#iwXh#CJOro#TxFZEz#tRyPgDA#mdMlsBfjNpGLWIHbunVkvqUe,124.500000,1981.000000,49.000000,0.580460,1,"
minimal: 0 / states: 123 / duration: 0.000149s
history:
/T6-F0-1 /T4-T2-1 /T2-T6-2 /T1-T5-1 /T4-T1-1 /T2-T5-1 /T2-F1-1 /T5-T2-3 /T0-T1-1 /D:1     
/W-T0-1  /D:1     /W-T5-1  /D:4     /W-F0-1  /D:2     /W-T2-1  /D:1     /W-F3-1  /T4-F3-1 
/D:1     /W-T1-1  /D:1     /W-T3-1  /W-T3-1  /T5-T3-2 /D:1     /W-T0-1  /D:2     /W-T2-1  
/T3-T2-5 /T3-T0-1 /T3-T0-1 /T3-T0-1 /T5-T3-1 /D:1     /W-T0-1  /D:1     /W-F1-1  /D:2     
/W-F2-1  /T6-F2-1 /T1-F2-1 /T6-F1-1 /T2-F1-1 /D:1     /W-T4-1  /W-T4-1  /D:3     /W-F2-1  
/T1-T2-1 /T1-F2-1 /D:2     /W-T5-1  /T6-T5-1 /T6-T0-1 /T6-F3-1 /T5-T0-3 /T6-T3-1 /T2-F3-1 
/T6-F3-1 /T1-F3-1 /R       /D:1     /W-T1-1  /D:1     /W-T1-1  /T5-T1-1 /T5-F3-1 /D:1     
/W-F2-1  /T6-F2-1 /T4-F2-1 /D:1     /W-T1-1  /D:1     /W-T3-1  /T4-T3-2 /T4-F0-1 /T0-F0-1 
/T0-F1-1 /T2-F0-1 /T0-F0-1 /T2-F1-1 /T0-F1-1 /T2-F0-1 /T0-F0-1 /T2-F1-1 /T0-F1-1 /T2-F0-1 
/T2-F1-1 /T3-T0-1 /T3-F0-1 /T2-F0-1 /T3-F1-1 /T0-T3-3 /T0-F0-1 /T1-T2-2 /T1-F1-1 /T0-F1-1 
/T1-F0-1 /D:1     /W-F2-1  /D:1     /W-F3-1  /T3-F3-1 /T2-F3-1 /T3-F2-1 /T2-F2-1 /T3-F3-1 
/T2-F3-1 /T3-F2-1 /T2-F2-1 /T3-F3-1 
"
1050569,f#sU#VKl#yNSJ#mcPgQ#oDFiGL#wuHZOhk#IRaWTevzrBdtEqMpYnCbXjxA,149.500000,2421.000000,58.000000,0.540000,1,"
minimal: 0 / states: 133 / duration: 0.000156s
history:
/T6-T5-1 /T3-T5-1 /D:3     /W-F1-1  /D:6     /W-T0-1  /T4-T0-1 /D:3     /W-T1-1  /T3-T1-1 
/T3-F3-1 /D:1     /W-T1-1  /W-T1-1  /D:3     /W-T0-1  /D:2     /W-F2-1  /D:1     /W-T1-1  
/D:1     /W-F1-1  /D:1     /W-T3-1  /D:2     /W-T2-1  /W-T2-1  /D:1     /W-F0-1  /R       
/D:1     /W-T2-1  /T6-T2-1 /T6-F3-1 /T5-T6-3 /T5-T2-1 /T5-T6-1 /T5-T4-1 /T0-T2-4 /T6-T0-5 
/T4-T6-2 /T4-F3-1 /T4-F1-1 /T6-T0-3 /T3-T4-2 /D:1     /W-T0-1  /T5-T0-1 /T5-F2-1 /T2-F2-1 
/T2-F3-1 /D:2     /W-T6-1  /D:3     /W-T3-1  /T2-T3-8 /D:1     /W-F0-1  /T1-F0-1 /T0-F0-1 
/T1-F1-1 /T1-F0-1 /T0-F3-1 /T0-F0-1 /T1-F3-1 /T6-F3-1 /T3-T1-2 /T3-F0-1 /T1-T3-3 /T1-F3-1 
/T0-T6-1 /T0-F0-1 /T6-T0-2 /T1-T0-1 /T6-T4-1 /D:1     /W-F2-1  /T3-F2-1 /T0-F2-1 /D:1     
/W-T1-1  /D:1     /W-T1-1  /T2-T1-1 /T2-F3-1 /R       /D:1     /W-F3-1  /D:1     /W-F1-1  
/T3-F1-1 /T0-F1-1 /T3-F2-1 /T0-F2-1 /T3-F1-1 /T0-F1-1 /T3-F0-1 /T0-F0-1 /T1-F0-1 /T3-F1-1 
/T0-F1-1 /T0-F0-1 /T3-T1-1 /T3-F1-1 /T1-T3-2 /T1-F0-1 /T4-T0-3 /T4-F1-1 /D:1     /W-F2-1  
/T0-F2-1 /T0-F3-1 /T3-F2-1 /T0-F2-1 /T3-F3-1 /T0-F3-1 /T3-F2-1 
"
1050673,B#tn#fqz#ZWbJ#URHpd#vwGeLP#SiNoMCT#sEulgIxymODAcYKkaVrFhXQj,137.500000,1426.000000,61.000000,0.519608,1,"
minimal: 0 / states: 136 / duration: 0.000169s
history:
/T1-F2-1 /T0-T5-1 /T2-T0-1 /T5-T2-2 /D:1     /W-T6-1  /D:3     /W-T0-1  /D:3     /W-T0-1  
/D:5     /W-F0-1  /T2-F0-1 /D:4     /W-T5-1  /T3-T5-1 /D:1     /W-F1-1  /T3-F1-1 /T3-T0-1 
/T5-T3-3 /T5-T6-1 /T2-T6-2 /T2-T1-1 /D:1     /W-T3-1  /D:1     /W-T1-1  /T4-T1-1 /T4-T1-1 
/T6-T4-5 /T6-F0-1 /T6-T2-1 /T6-F2-1 /T6-F3-1 /T4-T3-6 /T1-F2-1 /D:5     /R       /D:2     
/W-T6-1  /D:1     /W-T6-1  /D:1     /W-T0-1  /D:3     /W-F3-1  /T3-F3-1 /T3-F2-1 /D:1     
/W-F0-1  /D:1     /W-F1-1  /T1-F1-1 /T3-F1-1 /T4-T3-1 /T5-T4-1 /T6-T5-3 /T1-F2-1 /T1-F1-1 
/T5-F1-1 /T4-T0-2 /W-T4-1  /W-T4-1  /W-F0-1  /T6-T0-1 /D:1     /W-T2-1  /D:1     /W-T2-1  
/D:1     /W-F0-1  /T0-T1-1 /T0-F0-1 /T3-T5-3 /T3-F0-1 /T1-T0-2 /D:1     /W-F1-1  /T5-T3-4 
/T5-F1-1 /D:1     /W-T4-1  /T5-T4-1 /T0-T5-3 /T0-F0-1 /T3-T4-5 /T3-F0-1 /T2-F0-1 /T5-T0-4 
/D:1     /W-F3-1  /T4-F3-1 /T0-F3-1 /T4-F2-1 /T0-F2-1 /T4-F3-1 /T0-F3-1 /T4-F2-1 /T0-F2-1 
/T4-F3-1 /T0-F3-1 /T4-F2-1 /T4-F3-1 /T0-F2-1 /T2-F3-1 /T4-F2-1 /T0-T2-1 /T0-F2-1 /T3-T4-2 
/T3-F3-1 /D:1     /W-F1-1  /T4-F1-1 /T2-F1-1 /T4-F0-1 /T2-F0-1 /T4-F1-1 
"
1050689,c#uY#DyU#HTKb#LFaAM#PlWZBt#GqVhnxd#pRjwIvsCfXkJEzSeNrQiOgmo,147.500000,2421.000000,48.000000,0.600000,1,"
minimal: 0 / states: 126 / duration: 0.000139s
history:
/T5-T2-1 /T5-T0-1 /T1-T4-1 /D:1     /W-T6-1  /T3-T6-1 /T3-T4-1 /T3-T1-1 /D:2     /W-T4-1  
/D:2     /W-T4-1  /T2-T4-2 /T2-T5-1 /T0-T2-2 /T4-T0-7 /T4-F0-1 /T2-F0-1 /T4-F1-1 /T6-F1-1 
/T4-T1-1 /T2-F1-1 /D:3     /W-F0-1  /T2-F0-1 /T5-T2-2 /D:1     /W-T0-1  /D:1     /W-T2-1  
/D:1     /W-T4-1  /D:1     /W-T2-1  /D:1     /W-T0-1  /T6-T0-2 /T5-T6-1 /T6-T5-2 /T6-F2-1 
/D:3     /W-T1-1  /D:1     /W-F3-1  /D:3     /W-T2-1  /T1-T2-4 /D:1     /W-F3-1  /D:1     
/W-T3-1  /D:1     /W-T1-1  /T4-T1-2 /D:1     /W-F2-1  /T0-F2-1 /T0-F1-1 /T0-F0-1 /T2-F1-1 
/T0-F1-1 /T2-F0-1 /T3-F1-1 /T6-F1-1 /T2-T6-2 /T2-F1-1 /T6-T2-3 /T6-F2-1 /T6-F0-1 /T3-F0-1 
/T0-T5-3 /T0-F1-1 /T1-F1-1 /R       /D:4     /W-T2-1  /D:1     /W-T3-1  /T5-T3-6 /T5-F3-1 
/D:1     /W-T3-1  /D:1     /W-F2-1  /T2-F2-1 /D:1     /W-F3-1  /R       /D:1     /W-F3-1  
/T3-F3-1 /T2-F3-1 /T3-F2-1 /T2-F2-1 /T3-F3-1 /T2-F3-1 /T3-F0-1 /T2-F0-1 /T0-F0-1 /T1-F0-1 
/T3-F3-1 /T2-F3-1 /T0-F3-1 /T0-F0-1 /T2-T1-1 /T2-F3-1 /D:2     /W-F2-1  /W-F2-1  /T3-F2-1 
/T1-F2-1 /T3-F1-1 /T1-F1-1 /T3-F2-1 
"
1050690,F#XB#ahz#SUZy#kVvTl#DQsocb#weIKdrt#qWGpNgHOCmjMJxEuPLYifRAn,142.000000,3088.000000,67.000000,0.568376,1,"
minimal: 0 / states: 134 / duration: 0.000179s
history:
/T4-T2-1 /T0-T4-1 /T2-T0-2 /T6-T2-1 /D:5     /W-F3-1  /D:3     /W-F3-1  /D:6     /W-T0-1  
/D:3     /W-F3-1  /D:4     /W-T2-1  /T6-T2-1 /T6-T2-1 /D:1     /W-T4-1  /D:1     /W-F0-1  
/T1-F0-1 /T1-T3-1 /D:1     /W-F2-1  /R       /D:1     /W-T4-1  /D:1     /W-T0-1  /D:2     
/W-T2-1  /T5-T2-1 /T5-T4-1 /T5-F2-1 /D:3     /W-F0-1  /D:1     /W-T1-1  /T3-T1-2 /D:1     
/W-T6-1  /D:2     /W-T1-1  /D:3     /W-T3-1  /D:2     /W-T1-1  /R       /D:3     /W-T1-1  
/T4-T1-5 /T4-T0-1 /T2-T0-7 /T2-F1-1 /T0-F1-1 /T0-F2-1 /T1-F1-1 /T0-F1-1 /T1-F2-1 /T3-T2-2 
/T0-F2-1 /T5-F2-1 /T5-F3-1 /T5-F0-1 /T1-F3-1 /D:1     /W-T5-1  /D:1     /W-F0-1  /T1-F0-1 
/D:1     /W-T4-1  /W-T4-1  /W-F0-1  /D:1     /W-T5-1  /T6-T5-2 /T6-T5-1 /T6-F1-1 /T0-F1-1 
/T4-F1-1 /T3-T5-1 /T3-F3-1 /T0-F2-1 /T0-F1-1 /T1-F3-1 /T1-F0-1 /T4-F2-1 /T1-F1-1 /T5-F3-1 
/T0-F2-1 /T4-F3-1 /T5-F0-1 /T0-F3-1 /T1-F0-1 /T5-F1-1 /T5-F0-1 /T6-F2-1 /T0-F2-1 /T1-F3-1 
/T4-F1-1 /T0-F1-1 /T1-F2-1 /T2-F0-1 /T1-F1-1 /T5-F3-1 /T0-F2-1 /T2-F3-1 /T5-F0-1 
"
1050730,B#nL#xHq#bUoP#uzlZX#FDywAc#kihJGpC#TfWYvVrjsaMgOeRKIQSNdtEm,139.000000,2309.000000,63.000000,0.536697,1,"
minimal: 0 / states: 133 / duration: 0.000146s
history:
/T5-T2-1 /T5-F0-1 /T0-F0-1 /T6-F0-1 /T4-T1-1 /T4-T0-1 /T5-T1-1 /T5-T0-1 /T5-F0-1 /D:6     
/W-T1-1  /D:4     /W-F1-1  /D:3     /W-T6-1  /D:1     /W-T5-1  /T2-T5-2 /T2-T1-1 /W-T1-1  
/T2-T4-1 /W-T2-1  /T4-T2-2 /T5-T1-4 /T4-T5-1 /D:6     /W-F3-1  /T6-F3-1 /T3-F3-1 /T3-T1-1 
/D:2     /W-T3-1  /D:1     /W-F0-1  /D:1     /R       /D:1     /W-T4-1  /D:1     /W-T3-1  
/D:1     /W-T2-1  /D:1     /W-T5-1  /D:1     /W-T2-1  /T3-T2-3 /T3-F1-1 /D:1     /W-T2-1  
/D:2     /W-T4-1  /T1-T4-4 /T1-F0-1 /D:2     /W-T5-1  /D:2     /W-T2-1  /T6-T2-1 /T6-F0-1 
/D:3     /W-T3-1  /T1-T3-6 /T1-F2-1 /T4-F2-1 /T2-F2-1 /T2-F3-1 /T4-F1-1 /T4-F2-1 /W-F1-1  
/T2-F2-1 /T4-F1-1 /T2-F1-1 /T3-F1-1 /T3-F0-1 /T4-F2-1 /T2-F2-1 /T4-T3-2 /R       /D:1     
/W-T5-1  /D:1     /W-F3-1  /D:1     /W-F0-1  /T6-F0-1 /T6-F1-1 /T6-F1-1 /T5-F1-1 /T5-F0-1 
/T6-F1-1 /T2-T5-4 /T2-F1-1 /T3-T0-5 /T3-F0-1 /T2-F0-1 /T3-F1-1 /D:1     /W-F3-1  /T0-F3-1 
/T0-F2-1 /T5-F3-1 /T0-F3-1 /T5-F2-1 /T0-F2-1 /T5-F3-1 /T0-F3-1 /T5-F2-1 /T0-F2-1 /T5-F3-1 
/T0-F3-1 /T5-F2-1 
"
1050742,l#oT#gJE#FYUI#reRGh#CpLVsD#zHtBPwx#maXnMdciSNuAfvjWOyQbKkZq,168.000000,4560.000000,46.000000,0.640625,1,"
minimal: 0 / states: 121 / duration: 0.000144s
history:
/T6-T0-1 /T4-T3-1 /T4-T3-1 /T5-T4-1 /T5-T1-1 /T5-T6-1 /T4-T1-2 /D:2     /W-F1-1  /D:1     
/W-T5-1  /T6-T5-2 /T6-T1-1 /T6-T1-1 /D:1     /W-F2-1  /D:2     /W-T2-1  /D:3     /W-T3-1  
/T2-T3-2 /W-T2-1  /D:1     /W-F3-1  /D:1     /W-T2-1  /T1-T2-6 /T1-F2-1 /D:1     /W-F0-1  
/T2-F0-1 /D:1     /W-T6-1  /D:2     /W-T0-1  /T3-T0-6 /T6-T3-2 /T6-T5-1 /T0-T6-9 /D:2     
/W-F3-1  /T2-F3-1 /D:2     /W-F3-1  /T2-T4-1 /T2-F3-1 /T4-T2-2 /T6-T3-2 /T6-F3-1 /D:1     
/W-F1-1  /D:3     /W-T0-1  /T5-T0-5 /T5-F2-1 /T5-F0-1 /T2-F0-1 /T3-T4-1 /T3-F0-1 /T4-T3-2 
/D:1     /W-F2-1  /R       /D:1     /W-T1-1  /D:1     /W-T4-1  /D:1     /W-F1-1  /T3-F1-1 
/T2-F1-1 /T3-F2-1 /T2-F2-1 /T3-F1-1 /T3-F2-1 /T2-F3-1 /T3-F3-1 /T3-T4-1 /T3-F0-1 /T6-F0-1 
/T0-F0-1 /T0-F3-1 /T2-F2-1 /D:1     /W-F2-1  /T0-F2-1 /T2-T0-2 /T2-F1-1 /T6-F1-1 /T0-F1-1 
/T6-F0-1 /T0-F0-1 /T6-F1-1 /T6-F2-1 /D:1     /W-F3-1  /T0-F3-1 /T4-F3-1 /T0-T1-1 /T0-F3-1 
/D:1     /W-F2-1  /T6-T4-1 /T6-F2-1 /D:1     /W-F0-1  /T1-F0-1 /D:1     /W-F1-1  /T4-F1-1 
/T1-F1-1 /T4-F0-1 
"
1050769,l#ET#Wmu#xbPX#SVDAy#zvsMcU#YBGetCR#inKJHaofpLIwNqdkOFQjhgrZ,125.000000,2314.000000,49.000000,0.588542,1,"
minimal: 0 / states: 119 / duration: 0.000145s
history:
/T3-T4-1  /T1-T2-1  /D:2      /W-F2-1   /D:1      /W-T0-1   /D:1      /W-T4-1   /W-T4-1   /T2-T4-2  
/T4-T2-6  /T4-F0-1  /T3-T4-1  /T4-T6-2  /D:1      /W-T4-1   /D:1      /W-F1-1   /T3-F1-1  /D:1      
/W-F2-1   /D:2      /W-F2-1   /D:4      /W-F3-1   /D:1      /W-F2-1   /D:1      /W-T1-1   /D:2      
/W-F3-1   /T6-F3-1  /D:1      /W-T2-1   /T6-T2-2  /T6-T1-1  /T6-T5-1  /D:1      /W-F3-1   /T2-T6-1  
/T2-F3-1  /T6-T2-2  /D:1      /W-T0-1   /D:2      /W-T4-1   /D:1      /W-F2-1   /D:1      /R        
/D:1      /W-T5-1   /T1-T5-3  /T2-T1-10 /T2-T3-1  /D:2      /W-T0-1   /T5-T0-6  /T5-F1-1  /T5-T2-1  
/T5-F2-1  /T5-T3-1  /T0-T6-4  /T0-F2-1  /T6-T0-5  /T6-F0-1  /T0-F0-1  /T0-F1-1  /T1-F0-1  /T0-F0-1  
/T1-F1-1  /T0-F1-1  /T1-F0-1  /T4-F1-1  /T0-F0-1  /T4-F0-1  /T0-T3-1  /T0-F0-1  /T0-T2-3  /T3-T6-4  
/T6-T5-5  /D:3      /W-F1-1   /T1-T4-2  /T1-F1-1  /T4-T1-3  /T4-F3-1  /T1-F3-1  /T1-F2-1  /T5-F3-1  
/T1-F3-1  /T1-F0-1  /T5-F2-1  /T2-F1-1  /T5-F3-1  /T2-F0-1  /T1-F3-1  /W-F1-1   /W-F2-1   /T5-F2-1  
/T1-F2-1  /T2-F1-1  /T5-F3-1  /T5-F2-1  /W-F0-1   /T1-F1-1  /T2-F0-1  /D:1      /W-F3-1   
"
1050772,Z#iB#cze#oVxy#hYOlm#tTHIqA#nFWwGgJ#DaRuSvKQjMCLEkUdbPrfsXpN,134.500000,1855.000000,54.000000,0.533708,1,"
minimal: 0 / states: 137 / duration: 0.000143s
history:
/T5-F0-1  /T1-F0-1  /T5-T2-1  /T3-T0-1  /T1-T6-1  /T4-T1-1  /T3-T4-1  /D:2      /W-F1-1   /D:2      
/W-T3-1   /D:5      /W-T4-1   /T5-T4-1  /T5-T6-1  /T5-T3-1  /D:2      /W-F0-1   /D:1      /W-T1-1   
/D:2      /W-T0-1   /T6-T0-3  /T6-T0-1  /D:1      /W-T4-1   /T6-T4-1  /T3-T6-3  /D:2      /W-F1-1   
/D:1      /W-T2-1   /T3-T2-1  /D:2      /W-T4-1   /W-T4-1   /W-T4-1   /D:1      /W-T0-1   /T2-T0-4  
/T4-T2-9  /T2-T3-10 /F0-T3-1  /T4-T3-1  /T2-F1-1  /D:1      /W-T1-1   /T6-T1-4  /D:2      /W-F3-1   
/T3-F3-1  /T3-F0-1  /T3-F1-1  /R        /D:1      /W-F0-1   /D:2      /W-T5-1   /D:1      /W-T6-1   
/D:1      /W-T4-1   /T6-T4-2  /T6-T1-1  /T6-F2-1  /T0-F2-1  /T0-F3-1  /W-T1-1   /T0-T1-1  /T0-F1-1  
/T3-T5-1  /T3-F1-1  /D:1      /W-F3-1   /D:1      /W-T2-1   /T4-T2-4  /T4-T2-1  /T5-T2-3  /D:1      
/W-F0-1   /T1-T0-2  /T1-F0-1  /T3-F0-1  /T0-T1-3  /T0-F1-1  /T0-F0-1  /T2-T3-3  /T2-F1-1  /T0-F1-1  
/T3-T2-4  /T3-F0-1  /T0-F0-1  /T3-F1-1  /T0-F1-1  /T2-T3-6  /T2-F0-1  /T1-T0-8  /T1-F0-1  /T3-T2-7  
/T3-F1-1  /T1-F1-1  /T2-T3-8  /T2-F0-1  /D:1      /W-F2-1   /T0-F2-1  /T0-F3-1  /T3-F2-1  /T0-F2-1  
/T3-F3-1  /T0-F3-1  /T3-F2-1  /T0-F2-1  /T3-F3-1  /T0-F3-1  /T3-F2-1  /T0-F2-1  /T3-F3-1  /T0-F3-1  
/T3-F2-1  /T0-F2-1  /T3-F3-1  /T0-F3-1  /T3-F2-1  
"
1050826,k#CQ#KmN#hexg#bEDUw#tIcpLy#rdiaBMG#RFZlAfosqOYHuXjnSTJvPWVz,110.500000,1114.000000,43.000000,0.620000,1,"
minimal: 0 / states: 128 / duration: 0.000141s
history:
/T2-F3-1  /T5-T2-1  /T4-T0-1  /T6-T4-1  /T0-T2-2  /T6-T0-1  /D:2      /W-T3-1   /W-T3-1   /D:2      
/W-T0-1   /D:1      /W-F0-1   /T6-F0-1  /T6-F1-1  /T6-T2-1  /D:1      /W-T4-1   /D:3      /W-T3-1   
/D:1      /W-F3-1   /D:2      /W-T2-1   /T3-T2-4  /T3-T0-1  /D:2      /W-T5-1   /D:1      /W-T0-1   
/D:1      /W-F2-1   /D:3      /W-T5-1   /D:1      /W-T0-1   /T4-T0-3  /T4-T3-1  /T1-T4-1  /T4-T0-2  
/T4-F1-1  /T1-F0-1  /T2-T1-10 /T3-F0-1  /D:1      /W-F3-1   /T0-F3-1  /T6-T0-1  /T1-T3-1  /T1-F3-1  
/T3-T1-2  /T0-T6-1  /T0-F0-1  /T6-T0-2  /D:1      /W-T2-1   /D:1      /W-T5-1   /D:1      /W-T4-1   
/R        /D:1      /W-T6-1   /T5-T6-4  /T5-T0-1  /T5-F1-1  /T5-T2-1  /T3-T2-1  /T5-T2-1  /D:1      
/W-F2-1   /T0-F2-1  /T0-F1-1  /T1-F2-1  /T0-F2-1  /T1-F1-1  /T0-F1-1  /T1-F0-1  /T0-F0-1  /T1-F1-1  
/T1-F0-1  /T2-T0-1  /T2-F1-1  /T1-F1-1  /T2-F0-1  /T0-T2-3  /T0-F1-1  /T6-T1-1  /T6-F0-1  /T1-T6-2  
/T1-F1-1  /T2-T0-4  /T2-F0-1  /T6-T1-3  /T6-F0-1  /T0-T4-6  /T0-F0-1  /D:1      /W-F2-1   /T4-F2-1  
/D:2      /W-F2-1   /D:1      /W-F3-1   /D:1      /W-F3-1   /T4-F3-1  /T1-F3-1  /T4-F2-1  /T1-F2-1  
/T4-F3-1  /T1-F3-1  /T4-F2-1  /T1-F2-1  /T4-F1-1  /T1-F1-1  /W-F3-1   /T4-F2-1  /T6-F3-1  
"
1050831,H#rU#vna#EORL#CoujA#QTWtDd#bePpSIY#zZsygmGXcNlJifBFqVwhMKxk,122.500000,3403.000000,61.000000,0.547059,1,"
minimal: 0 / states: 128 / duration: 0.000149s
history:
/T2-F1-1 /T2-F2-1 /T4-F0-1 /T1-T2-1 /T5-T1-1 /T2-T4-2 /D:1     /W-T2-1  /T6-T2-1 /D:4     
/W-T0-1  /D:2     /W-T4-1  /D:1     /W-T3-1  /D:1     /W-T5-1  /D:1     /W-F3-1  /D:2     
/W-T3-1  /D:1     /W-T3-1  /T0-T3-2 /D:1     /W-T4-1  /T1-T4-2 /D:1     /W-F0-1  /D:1     
/W-T3-1  /D:4     /W-T6-1  /D:1     /W-T0-1  /D:1     /W-T2-1  /T4-T2-7 /D:2     /R       
/D:1     /W-T1-1  /T3-T1-7 /T5-T3-2 /T5-T6-1 /T6-T5-3 /T6-T5-1 /T6-T2-1 /T3-T1-3 /T3-F3-1 
/T6-F3-1 /T3-T5-1 /D:3     /W-T3-1  /W-T3-1  /D:1     /W-T0-1  /D:1     /W-T6-1  /D:3     
/W-T0-1  /T5-T0-6 /T5-T4-1 /T5-F3-1 /D:1     /W-T3-1  /W-T3-1  /W-T3-1  /T4-T3-2 /T4-F2-1 
/W-T3-1  /T6-T3-2 /T6-F1-1 /T1-F1-1 /T2-F2-1 /T3-F2-1 /T4-F0-1 /T1-F0-1 /T1-F3-1 /T2-F1-1 
/T0-F0-1 /T2-F2-1 /T0-F3-1 /T3-F1-1 /T1-F0-1 /T2-F1-1 /T2-F0-1 /T3-F2-1 /T0-F2-1 /T1-F1-1 
/T0-F1-1 /T3-F3-1 /T1-F0-1 /T2-F3-1 /T0-F0-1 /T3-F2-1 /T1-F1-1 /T2-F2-1 /T2-F1-1 /T3-F3-1 
/T0-F3-1 /T1-F0-1 /T2-F0-1 /T3-F2-1 /T0-F2-1 /T1-F3-1 /T2-F3-1 /T3-F1-1 /T0-F1-1 /T1-F0-1 
/T0-F0-1 /T3-F2-1 /T1-F3-1 /T2-F2-1 /T3-F1-1 
"
1050833,U#Tj#ovr#zONQ#hCIya#cBVmWk#fJPDwAG#iXqgHRYtLnMlbKeFEspxdSZu,143.500000,1400.000000,61.000000,0.560748,1,"
minimal: 0 / states: 128 / duration: 0.000148s
history:
/T4-F1-1 /T6-T0-1 /T6-F0-1 /T5-T4-1 /T6-T4-1 /T3-T2-1 /T3-F3-1 /T3-F3-1 /D:1     /W-T4-1  
/D:4     /W-T4-1  /W-T4-1  /D:2     /W-T3-1  /D:3     /W-F2-1  /D:3     /W-F1-1  /D:1     
/W-T3-1  /T5-T3-1 /T4-T5-6 /T4-T1-1 /T4-T2-1 /T0-T1-2 /T5-T0-7 /D:2     /W-T0-1  /W-T0-1  
/T6-T0-1 /T6-F3-1 /T5-T6-1 /T5-F0-1 /T2-F0-1 /T0-F0-1 /T2-F3-1 /T5-F1-1 /D:1     /W-F0-1  
/D:4     /W-F1-1  /T0-F1-1 /T0-F0-1 /T1-F0-1 /D:2     /W-T5-1  /D:1     /W-T6-1  /T0-T6-1 
/T0-F0-1 /R       /D:3     /W-F3-1  /D:1     /W-T1-1  /D:1     /W-T5-1  /D:3     /W-T6-1  
/D:3     /W-T1-1  /T2-T1-1 /T2-T3-1 /T2-F2-1 /T1-T3-4 /T1-F0-1 /R       /D:1     /W-T5-1  
/T6-T5-5 /T6-F1-1 /D:2     /W-T2-1  /D:1     /W-T2-1  /D:1     /W-F2-1  /W-F2-1  /T3-F2-1 
/T3-F3-1 /T5-F2-1 /T3-F2-1 /T5-F1-1 /T4-F1-1 /T0-F1-1 /T1-F1-1 /T1-F3-1 /T3-F3-1 /T5-F2-1 
/T3-F2-1 /T5-F3-1 /T0-F2-1 /T3-F3-1 /T5-F0-1 /T0-F1-1 /T3-F0-1 /T5-F3-1 /T5-F0-1 /T2-F1-1 
/T2-F0-1 /T3-F3-1 /T5-F3-1 /D:1     /W-F2-1  /T0-F2-1 /T0-F1-1 /T3-F2-1 
"
1050927,u#yK#AmD#Pnsf#iFcet#qJBUNW#HgQrwSX#TLEGRkZYjIMhaCVlodbxpzOv,137.000000,3242.000000,43.000000,0.695402,1,"
minimal: 0 / states: 120 / duration: 0.000127s
history:
/T5-T1-1 /T5-F3-1 /T4-T5-1 /T3-T5-1 /T4-T3-1 /T2-T3-1 /T4-T3-1 /D:1     /W-T0-1  /T3-T0-4 
/T3-F2-1 /D:1     /W-T2-1  /T6-T2-1 /D:1     /W-T5-1  /D:2     /W-T4-1  /D:5     /W-T1-1  
/T5-T1-4 /T5-T0-1 /T5-T2-1 /T3-T5-1 /T2-T3-4 /T2-F0-1 /T0-F0-1 /T5-T4-2 /D:1     /W-T2-1  
/D:2     /W-F1-1  /D:1     /W-F0-1  /D:1     /W-T3-1  /T0-T3-6 /D:1     /W-T2-1  /T1-T2-7 
/D:1     /W-F2-1  /D:1     /W-T2-1  /D:1     /W-F1-1  /T3-F1-1 /T2-F1-1 /T3-F0-1 /T2-F0-1 
/T3-F1-1 /T4-T3-3 /T4-F0-1 /T2-F1-1 /T6-T2-1 /T4-T6-1 /D:2     /W-F2-1  /D:1     /W-T0-1  
/D:1     /W-F3-1  /T3-F3-1 /T3-F2-1 /D:1     /R       /D:1     /W-F0-1  /D:1     /W-T1-1  
/T6-T1-2 /T6-F2-1 /T6-F3-1 /T3-F3-1 /T2-F3-1 /T3-F2-1 /T2-F2-1 /T3-F3-1 /T2-F3-1 /T6-F1-1 
/T3-F2-1 /T6-F0-1 /T3-F3-1 /T2-F0-1 /T2-F3-1 /T3-F0-1 /T2-F0-1 /T3-F3-1 /T3-F0-1 /T2-T0-1 
/T2-F0-1 /T1-T3-4 /D:1     /W-T1-1  /D:1     /W-F3-1  /T1-F3-1 /D:2     /W-F1-1  /T3-F1-1 
/W-F1-1  /D:1     /W-T0-1  /D:1     /W-F2-1  /T3-F2-1 /T0-F2-1 /T3-F1-1 /T0-F1-1 /T3-F2-1 
/T0-F2-1 /T3-F1-1 
"
1050953,V#aj#eux#ORmM#pTbgG#AiZsYJ#wDlkyLU#IKtWocEzhCFHdSQnqvBfXNPr,114.000000,2926.000000,47.000000,0.551948,1,"
minimal: 0 / states: 132 / duration: 0.000140s
history:
/T4-T6-1 /T1-T2-1 /T1-F1-1 /T3-T1-1 /T0-T5-1 /T3-T0-1 /D:1     /W-T2-1  /T6-T2-2 /T6-T0-1 
/D:10    /W-T4-1  /T3-T4-1 /D:1     /W-T5-1  /T4-T5-3 /T4-F1-1 /D:2     /W-T2-1  /D:2     
/W-F2-1  /D:1     /W-T5-1  /D:4     /W-T0-1  /T5-T0-7 /T5-T1-1 /T5-T4-1 /T6-T5-1 /T6-T5-1 
/T2-T1-6 /T4-T2-2 /T3-T4-1 /T5-T3-3 /T2-T5-3 /T2-T5-1 /D:1     /W-F3-1  /T4-F3-1 /D:1     
/W-F3-1  /D:1     /W-T1-1  /R       /D:1     /W-T6-1  /D:2     /W-T6-1  /D:1     /W-F2-1  
/T4-F2-1 /T0-F2-1 /T1-F2-1 /D:1     /W-F1-1  /D:1     /W-T1-1  /D:1     /W-T2-1  /T6-T2-3 
/T6-T0-1 /T5-T6-5 /T5-F0-1 /T6-T3-6 /D:3     /W-F1-1  /T3-F1-1 /T3-F2-1 /D:1     /W-F3-1  
/D:1     /W-T2-1  /D:1     /W-F0-1  /W-F0-1  /T0-F0-1 /T0-F3-1 /T1-F0-1 /T0-F0-1 /T1-F3-1 
/T3-F3-1 /T1-F0-1 /T1-F3-1 /T0-T3-1 /T0-F0-1 /T0-F3-1 /T1-F0-1 /T0-F0-1 /T2-T1-1 /T2-F3-1 
/T0-F3-1 /T2-F0-1 /T0-F0-1 /T1-T2-3 /T1-F3-1 /T1-F0-1 /T3-T0-6 /T3-F3-1 /W-T2-1  /W-F2-1  
/D:1     /W-F1-1  /T0-F1-1 /T0-F2-1 /T2-F1-1 /T0-F1-1 /T2-F2-1 /T0-F2-1 /T2-F1-1 /T0-F1-1 
/T2-F2-1 /T0-F2-1 /T2-F1-1 /T0-F1-1 /T2-F2-1 
"
1051070,O#EK#HPy#NuIX#LJFfj#DURdhT#VqnxtaY#BkQsrzwMApGvZCegmcbliWSo,165.500000,1226.000000,54.000000,0.550505,1,"
minimal: 0 / states: 130 / duration: 0.000148s
history:
/T4-T1-1 /T3-T2-1 /T3-T1-1 /T5-T3-1 /T5-T1-1 /T1-T6-4 /T5-T1-1 /T1-T4-2 /D:4     /W-T3-1  
/T5-T3-1 /D:2     /W-T1-1  /T6-T1-5 /T6-F1-1 /T6-T1-1 /T4-T1-3 /D:1     /W-T2-1  /D:2     
/W-F0-1  /D:1     /W-T1-1  /T0-T1-1 /W-T0-1  /D:1     /W-T5-1  /D:4     /W-T4-1  /D:4     
/W-F1-1  /W-F1-1  /D:1     /W-T0-1  /T6-T0-1 /T6-F2-1 /T6-T3-1 /T3-T6-5 /T3-F3-1 /T1-F3-1 
/W-T3-1  /T2-T3-3 /T2-F3-1 /W-T2-1  /T4-T2-2 /T6-T3-6 /D:1     /W-T4-1  /T2-T4-4 /D:1     
/W-T0-1  /D:1     /W-T5-1  /D:1     /W-F2-1  /T1-F2-1 /T3-F2-1 /T1-F1-1 /T4-F1-1 /T1-T5-1 
/T1-F1-1 /R       /D:1     /W-F0-1  /D:2     /W-F3-1  /T3-F3-1 /D:1     /W-F2-1  /T3-F2-1 
/T1-F2-1 /T4-T3-1 /T4-F1-1 /T1-F1-1 /T5-T1-4 /T3-T4-2 /T3-F2-1 /T4-T3-3 /T4-F1-1 /T1-T0-5 
/T1-F1-1 /W-F1-1  /D:1     /W-F2-1  /T3-T4-4 /T3-F2-1 /T4-T3-5 /T0-T1-6 /T0-F2-1 /T0-F1-1 
/T3-T4-6 /T3-F2-1 /T3-F1-1 /T1-T0-8 /T1-F2-1 /D:1     /W-T1-1  /T4-T1-7 /D:1     /W-F0-1  
/T5-F0-1 /T0-F0-1 /T0-F3-1 /T1-F0-1 /T0-F0-1 /T1-F3-1 /T0-F3-1 /T1-F0-1 /T0-F0-1 /T1-F3-1 
/T0-F3-1 /T1-F0-1 /T0-F0-1 /T1-F3-1 /T0-F3-1 /T1-F0-1 /T0-F0-1 /T1-F3-1 
"
1051110,M#jX#tQZ#pfla#kDAqr#JmYWxH#TUscndK#wyRNCOVbieLPzguEBIGFhvSo,149.000000,1014.000000,34.000000,0.744318,1,"
minimal: 0 / states: 103 / duration: 0.000131s
history:
/T3-F1-1 /T6-T3-1 /T6-T4-1 /T6-F2-1 /T3-T0-2 /T4-T3-2 /T6-T4-1 /D:1     /W-T1-1  /D:1     
/W-T2-1  /T1-T2-2 /T1-T0-1 /T2-T1-4 /D:1     /W-T6-1  /T4-T6-2 /T4-F0-1 /D:1     /W-F3-1  
/D:1     /W-T2-1  /D:1     /W-F3-1  /D:1     /W-T1-1  /T5-T1-1 /D:1     /W-F1-1  /T6-F1-1 
/T3-F1-1 /T2-T3-2 /T3-T2-4 /D:2     /W-F1-1  /D:2     /W-F3-1  /D:2     /W-T1-1  /T6-T1-3 
/T2-T6-5 /W-T2-1  /D:3     /W-F0-1  /T6-F0-1 /T4-F0-1 /T6-F3-1 /W-F0-1  /D:1     /W-T0-1  
/T6-T0-4 /D:2     /W-F0-1  /W-F0-1  /D:4     /W-F2-1  /T3-F2-1 /T1-F2-1 /T0-F2-1 /T0-F1-1 
/T1-F3-1 /T1-F2-1 /T1-F1-1 /W-F3-1  /T0-F2-1 /T6-F3-1 /T0-F3-1 /T1-F0-1 /T0-F0-1 /T1-F3-1 
/W-T0-1  /W-F1-1  /W-F2-1  /T0-F2-1 /T1-F2-1 /T5-F2-1 /T5-F3-1 /T5-T2-1 /T5-T3-1 /T1-F3-1 
/T1-F2-1 /T2-F3-1 /T1-F3-1 /T2-F2-1 /T5-F0-1 /W-T3-1  /W-F1-1  /T0-F1-1 /T0-F0-1 /T4-F1-1 
/T0-F1-1 /T3-F0-1 /T0-F0-1 /T3-F1-1 
"
1051184,p#hP#Rfn#WeMH#cjxqT#gzBUiE#kDCvYAN#VtFIrKZJLouOdGwlyXmSabsQ,72.500000,694.000000,22.000000,0.906250,1,"
minimal: 0 / states: 121 / duration: 0.000137s
history:
/T2-F2-1 /T6-F3-1 /T6-F0-1 /T5-T2-1 /T4-T3-1 /T3-T5-2 /T6-T3-1 /T1-T4-1 /T1-T6-1 /T3-T1-2 
/T4-T3-2 /T4-T1-1 /T6-T4-2 /T4-T1-3 /D:2     /W-T1-1  /T2-T1-2 /D:1     /W-T5-1  /T3-T5-3 
/D:1     /W-T3-1  /D:6     /W-F2-1  /T0-F2-1 /D:2     /W-F3-1  /T5-F3-1 /T5-F2-1 /D:1     
/W-T1-1  /T6-T1-1 /T6-T2-1 /T4-T2-1 /D:2     /W-T6-1  /T5-T6-5 /T5-T3-1 /T5-F0-1 /T5-T0-1 
/T1-F0-1 /W-T3-1  /D:1     /W-T0-1  /D:3     /W-T4-1  /D:1     /W-T3-1  /D:1     /W-F1-1  
/D:1     /W-F1-1  /T2-F1-1 /T1-F1-1 /T2-F0-1 /T6-F1-1 /T1-F0-1 /T1-F1-1 /T5-F1-1 /T6-F0-1 
/T3-T1-1 /T3-F0-1 /T1-T3-2 /T1-F1-1 /D:1     /W-T6-1  /T2-T6-1 /D:1     /W-F3-1  /T6-F3-1 
/T3-F3-1 /R       /D:2     /W-F2-1  /T6-F2-1 /T3-F2-1 /T6-F3-1 /T3-F3-1 /T6-F0-1 /T3-F0-1 
/T6-F1-1 /W-F3-1  /T3-F3-1 /D:1     /W-T0-1  /D:1     /W-T2-1  /D:1     /W-F0-1  /T0-F0-1 
/D:1     /W-F0-1  /D:1     /W-F2-1  /T1-F2-1 /T1-F1-1 /T6-F2-1 /T1-F2-1 /T6-F1-1 /T0-F1-1 
/T4-F1-1 /T1-T0-1 /T1-F0-1 /D:1     /W-F2-1  /D:1     /W-F3-1  /T0-F3-1 /T0-F2-1 /T2-F3-1 
"
1051205,t#ME#ySA#lKJp#gZIaB#RzGPvX#kcsNCqQ#xrTFuhdLbmnDwfOjVHoiUeYW,121.500000,1631.000000,48.000000,0.601124,1,"
minimal: 0 / states: 125 / duration: 0.000149s
history:
/T2-F0-1 /T4-F0-1 /T4-F1-1 /T6-T1-1 /T3-T1-1 /T3-T5-1 /T1-T2-3 /T2-T0-4 /T5-T2-2 /D:6     
/W-T4-1  /T0-T4-5 /D:3     /W-F1-1  /D:1     /W-T0-1  /W-T0-1  /D:1     /W-F2-1  /D:4     
/W-T4-1  /D:1     /W-T3-1  /T5-T3-1 /T5-T6-1 /W-T5-1  /D:1     /W-T2-1  /D:1     /W-T2-1  
/D:1     /W-F2-1  /D:2     /W-T3-1  /T5-T3-2 /D:2     /W-T1-1  /T3-T1-6 /T3-T5-1 /T5-T3-2 
/T6-T5-2 /T6-F0-1 /T6-F3-1 /T4-F3-1 /T4-F2-1 /T5-F3-1 /T4-F3-1 /T5-F2-1 /T5-F3-1 /T4-T1-1 
/T4-F3-1 /W-T6-1  /D:1     /R       /D:1     /W-T3-1  /D:1     /W-F2-1  /D:1     /W-T2-1  
/T6-T2-2 /T6-F1-1 /T6-T0-1 /D:3     /W-F1-1  /T2-F1-1 /T2-F2-1 /T2-F3-1 /T4-F2-1 /W-F2-1  
/T1-T4-3 /T1-F3-1 /T1-F2-1 /T4-T1-5 /T4-T5-1 /W-T4-1  /T2-T5-5 /T4-T5-2 /D:1     /W-F0-1  
/T1-F0-1 /T1-F1-1 /T5-F0-1 /T1-F0-1 /T5-F1-1 /T1-F1-1 /T5-F0-1 /T1-F0-1 /T5-F3-1 /T5-F0-1 
/T1-T3-1 /T1-F0-1 /D:1     /W-F2-1  /D:1     /W-F1-1  /T3-F1-1 /T0-F1-1 /T0-F0-1 /T3-F2-1 
/T3-F1-1 /T0-F1-1 /T1-T3-1 /T1-F0-1 /D:1     /W-F3-1  /T5-F3-1 /T3-F3-1 /T5-F2-1 /T3-F2-1 
/T5-F3-1 
"
1051206,h#cK#Dwn#uxJG#RmvbY#eBNCjz#tfdMZLH#VQspAUaqkrWySPgEFXoOliTI,82.500000,775.000000,35.000000,0.735294,1,"
minimal: 0 / states: 114 / duration: 0.000143s
history:
/T2-F2-1 /T4-T5-1 /T3-T0-1 /T1-T5-1 /D:1     /W-T2-1  /T6-T2-1 /D:4     /W-F0-1  /D:2     
/W-F1-1  /T4-F1-1 /T0-T4-2 /T5-T0-3 /T5-T0-1 /T4-T0-3 /T6-T4-1 /T1-F1-1 /T6-T1-1 /D:2     
/W-T4-1  /T3-T4-1 /D:2     /W-T3-1  /D:1     /W-T1-1  /D:1     /W-T0-1  /W-T0-1  /D:2     
/W-T2-1  /D:2     /W-T2-1  /D:1     /W-T1-1  /T2-T1-5 /D:1     /W-F2-1  /D:1     /W-T5-1  
/D:1     /W-T6-1  /T3-T6-2 /D:1     /W-T4-1  /T3-T4-1 /T6-T3-4 /T6-F1-1 /F1-T0-1 /T5-T0-2 
/T5-F3-1 /T0-F3-1 /T5-F0-1 /T0-F0-1 /T2-T5-1 /T4-T2-6 /T0-F1-1 /T5-F0-1 /T5-F1-1 /T6-F1-1 
/W-F0-1  /W-F3-1  /T1-F0-1 /T1-F1-1 /T0-T6-2 /T0-F0-1 /T0-F1-1 /T1-F0-1 /T2-T1-1 /T2-F1-1 
/T0-T3-1 /T0-F1-1 /W-T4-1  /W-T3-1  /W-F2-1  /T4-F2-1 /T6-F2-1 /W-F2-1  /W-F3-1  /T4-F3-1 
/T6-F3-1 /T6-F2-1 /T1-F2-1 /D:1     /W-F3-1  /T3-F3-1 /T1-F3-1 /T3-F2-1 /T1-F2-1 /T3-F3-1 
/T3-F2-1 /T1-F3-1 /T1-F2-1 /T0-T3-1 /T0-F3-1 /T0-F2-1 /T1-F3-1 /D:1     /W-F0-1  /T2-F0-1 
/T2-F1-1 /T3-F0-1 /T2-F0-1 /T3-F1-1 /T2-F1-1 /T3-F0-1 
"
1051264,I#HV#hnE#NDpJ#dUvZk#BbPRmC#rSqXfLj#syeGAWtQKzwMxaFiTgoOclYu,144.000000,4851.000000,62.000000,0.530000,1,"
minimal: 0 / states: 133 / duration: 0.000152s
history:
/T3-T4-1 /T1-T4-1 /T0-T6-1 /T1-T4-1 /D:5     /W-F0-1  /D:3     /W-T2-1  /T5-T2-1 /T5-T0-1 
/D:2     /W-T1-1  /D:4     /W-F1-1  /D:3     /W-T4-1  /D:3     /W-T2-1  /D:2     /W-T1-1  
/D:2     /R       /D:1     /W-T4-1  /T5-T4-1 /D:1     /W-T0-1  /T4-T0-7 /D:5     /W-T1-1  
/T6-T1-2 /T6-T4-1 /T2-T6-4 /T2-F2-1 /T2-T1-1 /T4-T2-2 /W-T1-1  /T6-T1-5 /T6-T2-1 /T5-T6-1 
/T5-F1-1 /T5-F0-1 /T6-T0-2 /T1-T3-1 /T1-F0-1 /T3-T1-2 /T3-F0-1 /T3-F3-1 /T1-F3-1 /T0-F3-1 
/D:1     /W-T2-1  /D:1     /W-T3-1  /D:3     /W-T2-1  /D:2     /W-F2-1  /T1-F2-1 /T1-F3-1 
/T0-F2-1 /T0-F3-1 /T6-F3-1 /T1-F0-1 /T6-F2-1 /T0-F2-1 /T0-F3-1 /W-T0-1  /W-F0-1  /D:1     
/W-F1-1  /D:1     /W-T3-1  /W-T3-1  /W-T3-1  /T4-T3-1 /T4-F3-1 /T4-F1-1 /W-F0-1  /W-F1-1  
/T1-F1-1 /T0-F1-1 /T0-F0-1 /T1-F2-1 /T1-F1-1 /T1-F0-1 /T0-F3-1 /T0-F0-1 /T2-F1-1 /T1-F1-1 
/T0-F1-1 /T1-F0-1 /T1-F1-1 /T2-T0-2 /T2-F0-1 /T0-T2-3 /T0-F1-1 /T3-T1-4 /T3-F0-1 /D:1     
/W-F2-1  /T1-F2-1 /T1-F3-1 /T2-F2-1 /T1-F2-1 /T2-F3-1 /T1-F3-1 /T2-F2-1 /T1-F2-1 /T2-F3-1 
"
1051308,L#oi#PDg#OjpA#kHlSr#RWvZsa#nNMCBhb#UycVuTqGXxEezJwQmFtdIYKf,130.500000,2775.000000,41.000000,0.653846,1,"
minimal: 0 / states: 111 / duration: 0.000135s
history:
/T3-F0-1 /T5-F1-1 /T6-F1-1 /T5-T2-1 /T0-T5-1 /T5-T0-2 /T6-T5-1 /T6-F0-1 /T6-F0-1 /D:3     
/W-F1-1  /D:2     /W-T1-1  /T2-T1-2 /T2-F0-1 /D:3     /W-T5-1  /D:1     /W-T0-1  /D:2     
/W-F0-1  /D:1     /W-T1-1  /D:2     /W-T0-1  /T1-T0-5 /T1-T2-1 /T6-T1-1 /T6-F3-1 /T6-F2-1 
/T2-F2-1 /T3-F2-1 /T5-T3-3 /W-T6-1  /D:2     /W-T4-1  /D:2     /W-F0-1  /T3-F0-1 /D:1     
/W-T3-1  /D:1     /W-F1-1  /T0-F1-1 /D:1     /W-T5-1  /D:1     /W-T1-1  /D:1     /W-T1-1  
/T3-T1-4 /T3-F3-1 /T2-F3-1 /T4-F3-1 /W-T2-1  /D:1     /W-T1-1  /T4-T1-1 /T1-T4-1 /T1-F1-1 
/T4-T1-2 /T4-T6-1 /T4-F0-1 /T5-F0-1 /W-T4-1  /W-T6-1  /W-F2-1  /T1-F2-1 /T5-T6-1 /T5-F3-1 
/T0-F2-1 /T0-F1-1 /T1-F3-1 /T1-F2-1 /T1-F1-1 /W-F3-1  /T0-F2-1 /T0-F1-1 /T0-F0-1 /T1-F2-1 
/T1-F1-1 /T1-F0-1 /T4-F2-1 /T4-F1-1 /T6-T1-2 /T6-F1-1 /T2-F1-1 /R       /D:1     /W-F3-1  
/D:2     /W-F3-1  /T1-F3-1 /T0-F3-1 /T0-F0-1 /T1-F2-1 /T1-F3-1 /T1-F0-1 /W-F2-1  /T0-F3-1 
/T6-F2-1 
"
1051358,t#LO#Bcy#FQEl#GsxJW#dMhCSg#RHfqwXu#pDAivNIozrmPnUZKVbeaTYkj,152.500000,1880.000000,49.000000,0.598901,1,"
minimal: 0 / states: 116 / duration: 0.000144s
history:
/T5-T6-1 /T5-T0-1 /T1-T5-1 /D:3     /W-F0-1  /D:2     /W-T4-1  /D:1     /W-F3-1  /T5-F3-1 
/D:4     /W-T0-1  /D:2     /W-F3-1  /D:1     /W-F2-1  /D:1     /W-T4-1  /T0-T4-3 /W-T0-1  
/T2-T0-1 /D:2     /W-T3-1  /T4-T3-6 /D:1     /W-T4-1  /T6-T4-2 /T6-T0-1 /T6-T0-1 /T2-T6-1 
/T2-F0-1 /T5-F0-1 /W-T2-1  /T1-T2-1 /W-T1-1  /W-F2-1  /T3-T1-8 /D:3     /W-F1-1  /D:3     
/W-T2-1  /T4-T2-4 /D:1     /W-T4-1  /R       /D:1     /W-F2-1  /D:1     /W-F0-1  /T3-F0-1 
/T3-F3-1 /T3-F0-1 /D:1     /W-T0-1  /D:1     /W-T4-1  /T5-T4-1 /T5-T3-1 /T5-T1-1 /D:1     
/W-F1-1  /T6-F1-1 /T1-F1-1 /T6-F2-1 /T1-F2-1 /D:1     /W-F1-1  /T6-F1-1 /T6-T0-1 /T6-F3-1 
/T1-F3-1 /T2-F1-1 /T4-F1-1 /D:1     /W-F3-1  /D:1     /W-T3-1  /T4-T3-3 /T4-F2-1 /T1-F2-1 
/T2-F2-1 /T4-F0-1 /T0-F0-1 /T0-F1-1 /T1-F3-1 /T1-F2-1 /T2-F3-1 /T0-F2-1 /T3-F0-1 /T1-F3-1 
/T2-F0-1 /T0-F3-1 /T3-F1-1 /T1-F0-1 /T2-F1-1 /T2-F0-1 /T3-F2-1 /T0-F2-1 /T1-F1-1 /T0-F1-1 
/T3-F3-1 /T1-F2-1 /T2-F3-1 /T3-F0-1 
"
1051370,G#zt#JgU#Hlhv#precy#NfqsaX#KjFniBO#QVTSWDYwLAbEkMmPdoxCRuIZ,115.000000,1189.000000,49.000000,0.672414,1,"
minimal: 0 / states: 120 / duration: 0.000143s
history:
/T5-T4-1 /T5-F1-1 /T2-T3-1 /T5-T2-1 /T1-T3-1 /D:4     /W-T0-1  /D:3     /W-T1-1  /D:1     
/W-T4-1  /D:2     /W-F0-1  /D:1     /W-F1-1  /D:1     /W-T0-1  /D:4     /W-T5-1  /D:1     
/W-T0-1  /D:1     /W-T5-1  /D:1     /W-T1-1  /D:1     /W-T0-1  /T6-T0-1 /T6-F0-1 /T6-T4-1 
/T6-F2-1 /T5-F2-1 /D:1     /W-T2-1  /T5-T2-2 /T5-T3-1 /T5-F3-1 /T0-F3-1 /T0-F0-1 /T2-F3-1 
/W-T5-1  /T4-T5-4 /T4-F1-1 /T4-T6-1 /T4-T3-1 /T4-F2-1 /T0-F1-1 /T2-F2-1 /T3-F2-1 /T6-F1-1 
/T3-F1-1 /T2-T6-1 /T2-F2-1 /T2-F1-1 /T3-F2-1 /W-T4-1  /T0-T3-3 /D:1     /W-F2-1  /D:2     
/W-T0-1  /R       /D:1     /W-F3-1  /T6-F3-1 /D:1     /W-T2-1  /D:2     /W-T1-1  /T3-T1-5 
/T3-F1-1 /T3-T4-1 /W-T3-1  /T6-T3-1 /T5-F1-1 /T6-F1-1 /T3-T2-3 /T6-T4-1 /D:1     /W-F0-1  
/T1-F0-1 /T1-F3-1 /T2-F0-1 /T1-F0-1 /T2-F3-1 /T1-F3-1 /T1-F2-1 /T2-F0-1 /T2-F3-1 /T5-F2-1 
/T1-F3-1 /T1-F2-1 /T5-F3-1 /T1-F3-1 /T0-F3-1 /T5-F2-1 /T1-F2-1 /D:1     /W-T5-1  /D:1     
/W-F1-1  /D:1     /W-F0-1  /T2-F0-1 /T4-F0-1 /T4-F1-1 /T5-F0-1 /T4-F0-1 /T5-F1-1 
"
1051378,h#YC#Zca#GfTS#MdtLQ#XslEBy#uizxIeD#AWJrgbpkFRUVmHjvnNKPwqoO,140.500000,3626.000000,53.000000,0.609524,1,"
minimal: 0 / states: 118 / duration: 0.000134s
history:
/T2-F1-1 /T1-T4-1 /T2-T6-1 /T5-T2-1 /T5-T6-1 /T4-T5-2 /T5-T3-3 /D:1     /W-F0-1  /T6-F0-1 
/T3-F0-1 /D:5     /W-F1-1  /T6-F1-1 /T6-F0-1 /D:1     /W-T3-1  /D:1     /W-T2-1  /D:9     
/W-F2-1  /D:1     /W-F3-1  /D:1     /W-T1-1  /D:2     /W-T2-1  /D:1     /W-T6-1  /W-T6-1  
/D:1     /W-F2-1  /T3-F2-1 /D:1     /W-F3-1  /T6-F3-1 /T3-F3-1 /T6-F2-1 /T3-F0-1 /R       
/D:1     /W-T1-1  /D:2     /W-F2-1  /D:2     /W-F0-1  /D:1     /W-F3-1  /T3-F3-1 /T3-F3-1 
/D:1     /W-F3-1  /D:1     /W-F3-1  /T1-F3-1 /D:3     /W-T1-1  /D:1     /W-T1-1  /T0-T1-1 
/R       /D:3     /W-T0-1  /T4-T0-1 /T4-T1-1 /T4-F1-1 /T6-F1-1 /T3-F1-1 /T3-F0-1 /T5-T4-1 
/T5-F2-1 /T1-F2-1 /W-F1-1  /T1-F1-1 /T5-F3-1 /T1-T4-3 /T1-F3-1 /D:1     /W-F0-1  /T6-F0-1 
/W-F0-1  /T4-T6-2 /T4-F0-1 /T6-T4-3 /T6-T1-1 /T6-F1-1 /T6-F2-1 /T4-F2-1 /T2-F2-1 /T4-F1-1 
/T2-F1-1 /T0-F0-1 /T4-F2-1 /T2-F2-1 /T2-F3-1 /T4-F1-1 /T0-F1-1 /T1-F2-1 /T4-F0-1 
"
1051388,S#zx#tZH#Wihw#JCYLr#KljsFn#vkUEXqc#gNOafpVmRPGyMTuIebBQoAdD,120.000000,1020.000000,33.000000,0.729885,1,"
minimal: 0 / states: 112 / duration: 0.000133s
history:
/T5-F2-1 /T4-T0-1 /D:1     /W-T2-1  /T5-T2-1 /D:1     /W-F3-1  /D:1     /W-F3-1  /D:1     
/W-F1-1  /D:3     /W-T3-1  /T2-T3-3 /T4-T2-1 /T1-T4-1 /T4-T1-2 /D:2     /W-T3-1  /D:1     
/W-F3-1  /D:7     /W-T5-1  /D:1     /W-F1-1  /T6-F1-1 /T6-T3-1 /T6-T2-1 /T3-T2-7 /D:2     
/W-T0-1  /T4-T0-1 /D:1     /W-F2-1  /D:1     /W-F0-1  /W-F0-1  /T0-F0-1 /T0-F3-1 /T2-T5-1 
/T2-F3-1 /D:1     /W-F1-1  /D:1     /W-F0-1  /T6-F0-1 /T2-F0-1 /T5-T2-3 /T5-T1-1 /W-T1-1  
/T3-T1-1 /T3-T4-1 /W-T4-1  /W-T4-1  /R       /D:2     /W-F2-1  /T2-F2-1 /T0-F2-1 /T0-F3-1 
/T2-F1-1 /T2-F2-1 /T4-F3-1 /W-F1-1  /T2-F1-1 /T6-F3-1 /T2-T0-6 /T2-F2-1 /T4-F2-1 /T1-F1-1 
/T4-F1-1 /T1-T3-1 /T1-F1-1 /T6-F1-1 /T6-F2-1 /T5-F1-1 /T0-T4-2 /T0-F2-1 /T1-F2-1 /T3-T5-2 
/T4-T0-3 /T5-T1-3 /D:1     /W-F1-1  /D:1     /W-F0-1  /T0-F0-1 /T0-F3-1 /T1-F0-1 /T0-F0-1 
/T1-F3-1 /T0-F3-1 /T1-F0-1 /T0-F0-1 /T1-F3-1 /T0-F3-1 /D:1     /W-F2-1  /T1-F2-1 /D:1     
/W-F0-1  
"
1051460,m#Uj#WsL#GMuy#dBEhn#YciqOv#VZIrwSR#TkJzblXDaPoFtANxpQCfHKeg,121.500000,1099.000000,35.000000,0.677215,1,"
minimal: 0 / states: 111 / duration: 0.000129s
history:
/T4-F2-1 /T5-T1-1 /T3-T0-1 /T4-T1-1 /D:1     /W-T3-1  /D:1     /W-T0-1  /D:1     /W-T0-1  
/D:4     /W-T2-1  /D:1     /W-T6-1  /D:1     /W-F1-1  /D:1     /W-T6-1  /D:1     /W-F2-1  
/D:1     /W-T3-1  /T6-T3-3 /T4-T6-1 /T4-T3-1 /T4-T6-1 /D:1     /W-T1-1  /T6-T1-3 /T6-T2-1 
/D:1     /W-F0-1  /T3-F0-1 /D:1     /W-F3-1  /T5-F3-1 /T3-F3-1 /D:2     /W-F2-1  /T5-F2-1 
/T6-F2-1 /T3-T5-5 /T5-T0-6 /T3-T4-1 /T5-T0-1 /W-T5-1  /T1-T5-7 /W-T4-1  /W-F1-1  /T0-F1-1 
/T5-F1-1 /T1-T6-1 /W-T1-1  /T3-T6-1 /T5-T1-8 /D:1     /W-F3-1  /D:1     /W-F0-1  /T0-F0-1 
/T0-F3-1 /T1-F0-1 /T1-F3-1 /T0-F0-1 /T0-F3-1 /T6-F0-1 /T6-F3-1 /D:1     /W-T1-1  /D:1     
/W-F0-1  /T6-F0-1 /T2-T6-3 /T2-F2-1 /T6-T3-4 /T6-F3-1 /T2-F3-1 /T0-T3-2 /T0-F0-1 /T3-T0-3 
/T3-F3-1 /T1-T4-6 /T1-F3-1 /D:1     /W-F0-1  /T3-F0-1 /T3-F3-1 /T4-T1-7 /T4-F0-1 /D:1     
/W-F1-1  /T1-F1-1 /T1-F2-1 /T0-F2-1 /D:1     /W-F1-1  /T1-F1-1 /T0-F1-1 /T1-F2-1 /T0-F2-1 
/T1-F1-1 /T0-F1-1 /T1-F2-1 /T0-F2-1 /T1-F1-1 /T0-F1-1 /T1-F2-1 
"
1051508,Z#na#zxg#QFUy#uorbV#RphlSN#tqwdjcC#LYDMAWkOvfKeBmXsIPHEGiJT,130.000000,1578.000000,59.000000,0.564516,1,"
minimal: 0 / states: 122 / duration: 0.000147s
history:
/T1-F1-1 /T1-F2-1 /T5-F3-1 /T3-T0-1 /D:4     /W-T1-1  /D:1     /W-F0-1  /D:2     /W-T0-1  
/D:1     /W-F3-1  /D:5     /W-F0-1  /T6-F0-1 /D:3     /W-T2-1  /D:2     /W-F3-1  /D:1     
/W-T4-1  /T2-T4-2 /D:1     /W-T5-1  /D:1     /W-T3-1  /T5-T3-2 /T5-T1-1 /T2-T1-1 /D:2     
/W-T0-1  /T4-T0-4 /T4-F1-1 /T6-F1-1 /T6-T1-1 /T6-F1-1 /W-T6-1  /W-T1-1  /T3-T1-4 /D:1     
/R       /D:2     /W-T2-1  /D:1     /W-F0-1  /T1-F0-1 /T3-F0-1 /T4-T1-1 /T4-F2-1 /T3-F3-1 
/T4-T6-1 /D:4     /W-T2-1  /D:1     /W-F1-1  /W-F1-1  /D:1     /W-T3-1  /D:2     /W-T6-1  
/T0-T6-1 /T0-F1-1 /T5-F1-1 /T5-F2-1 /T5-F3-1 /R       /D:1     /W-T3-1  /D:1     /W-T2-1  
/D:1     /W-T2-1  /D:1     /W-T3-1  /T6-T3-5 /T6-F2-1 /T1-F2-1 /T1-F3-1 /T1-F0-1 /T3-F2-1 
/T3-F3-1 /T0-F0-1 /T6-F2-1 /T1-F3-1 /T1-F0-1 /T3-F2-1 /T0-F3-1 /T2-F2-1 /T2-F3-1 /T3-F1-1 
/T0-F0-1 /T1-F1-1 /T2-F0-1 /T3-F2-1 /T0-F1-1 /T1-F2-1 /T1-F1-1 /T3-F3-1 /T0-F2-1 /T2-F3-1 
/T2-F2-1 /T3-F0-1 /T0-F3-1 /T1-F0-1 /T3-F1-1 
"
1051628,S#CY#WmQ#MfRB#zdUqF#Ktvbrk#jIHTAip#EGyalNnhecZuPwogVxJODLXs,105.500000,724.000000,41.000000,0.750000,1,"
minimal: 0 / states: 121 / duration: 0.000145s
history:
/T6-T2-1  /D:1      /W-T0-1   /T2-T0-2  /D:2      /W-T2-1   /T5-T2-1  /D:1      /W-F1-1   /D:2      
/W-F3-1   /D:1      /W-F2-1   /D:2      /W-T4-1   /D:3      /W-T6-1   /D:2      /W-T2-1   /T6-T2-2  
/T6-F0-1  /T3-F0-1  /T4-T6-2  /T4-T3-1  /T6-T2-3  /W-T3-1   /D:1      /W-F2-1   /T0-F2-1  /D:1      
/W-T6-1   /D:2      /W-T1-1   /D:2      /W-F3-1   /T3-F3-1  /T0-F3-1  /T3-T2-1  /T3-F3-1  /T5-T3-1  
/T5-F1-1  /T4-T5-1  /T4-T0-1  /T1-T4-2  /T1-F0-1  /T2-T1-10 /T5-T2-2  /T3-T5-2  /T5-T2-3  /T1-F2-1  
/T2-F2-1  /T0-T2-2  /T0-F3-1  /T1-T6-2  /T1-F3-1  /T2-T4-7  /D:1      /W-F0-1   /D:3      /W-F2-1   
/R        /D:2      /W-T3-1   /T5-T3-1  /D:2      /W-F1-1   /T4-F1-1  /T4-F0-1  /T6-F1-1  /T4-F1-1  
/T4-F2-1  /T6-F0-1  /T6-F1-1  /T1-F2-1  /T6-T1-1  /T4-F3-1  /T4-F2-1  /T6-T4-1  /W-F1-1   /W-F0-1   
/T1-F0-1  /T1-F1-1  /T4-F0-1  /T6-F1-1  /T1-F2-1  /T1-F1-1  /T4-T3-1  /T4-F2-1  /T1-F2-1  /T3-T4-2  
/T3-F1-1  /T1-F1-1  /T4-T3-3  /T4-F2-1  /D:1      /W-T0-1   /D:1      /W-F3-1   /T3-F3-1  /D:1      
/W-F0-1   /T3-F0-1  /D:1      /W-F0-1   /D:1      /W-F3-1   /T3-F3-1  /T0-F3-1  /T3-F0-1  
"
1051650,H#Wy#SMk#BhKe#npLZd#wPOYfs#GrXvEAl#xgcCNaqijRDzIJVbtQmoTuUF,113.000000,1225.000000,35.000000,0.681818,1,"
minimal: 0 / states: 117 / duration: 0.000131s
history:
/T3-T5-1 /T2-T1-1 /T6-T2-1 /T6-F0-1 /T4-T6-1 /T3-T2-1 /T1-T4-2 /T1-T2-1 /T4-T1-3 /D:2     
/W-T0-1  /T5-T0-2 /T6-T5-2 /T6-T2-1 /T6-T4-1 /T3-T2-1 /T3-F0-1 /T2-T3-6 /T6-T2-1 /T5-T6-3 
/W-T5-1  /T6-T3-4 /D:2     /W-F0-1  /D:1     /W-F3-1  /D:1     /W-F1-1  /D:1     /W-T0-1  
/W-T0-1  /D:2     /W-T5-1  /D:2     /W-F0-1  /T3-T2-1 /T3-F0-1 /D:1     /W-T6-1  /T5-T6-3 
/T5-F3-1 /T5-F3-1 /T5-T1-1 /D:1     /W-T6-1  /D:1     /W-T4-1  /D:1     /W-T1-1  /T0-T1-6 
/D:1     /W-F1-1  /T1-F1-1 /T2-F1-1 /D:2     /W-F3-1  /D:1     /W-T0-1  /T4-T0-3 /F1-T2-1 
/T4-T2-1 /T4-F2-1 /D:1     /W-F2-1  /T2-F2-1 /T1-F2-1 /T2-F1-1 /T1-F1-1 /T2-F2-1 /T3-F1-1 
/T1-F2-1 /T1-F1-1 /W-F2-1  /W-F3-1  /T2-F3-1 /W-T0-1  /D:1     /W-F3-1  /D:1     /W-F2-1  
/T3-T6-2 /T3-F2-1 /D:1     /W-F3-1  /T1-T0-1 /T1-F3-1 /T1-F2-1 /T3-F3-1 /T0-T1-3 /T0-F3-1 
/T6-T3-4 /T6-F2-1 /T6-F3-1 /T1-T0-4 /T1-F2-1 /T1-F3-1 /T6-F2-1 /D:1     /W-F0-1  /T3-F0-1 
/T0-F0-1 /T3-F1-1 /T0-F1-1 /T3-F0-1 /T0-F0-1 /T3-F1-1 /T0-F1-1 /T3-F0-1 /T0-F0-1 /T3-F1-1 
/T0-F1-1 /T3-F0-1 
"
1051686,s#Cq#MtK#JSbr#LijTd#whAuUP#GFDVyYN#alpkXmzZOgHfEevRoxnIQcWB,101.000000,2556.000000,41.000000,0.818681,1,"
minimal: 0 / states: 117 / duration: 0.000155s
history:
/T6-F3-1 /T5-T1-1 /T4-T3-1 /T2-T6-1 /T2-T5-1 /T6-T2-2 /T0-T4-1 /D:1     /W-F1-1  /D:2     
/W-T3-1  /D:1     /W-T6-1  /D:2     /W-T0-1  /T6-T0-2 /D:3     /W-F3-1  /T1-F3-1 /D:2     
/W-T6-1  /T4-T6-2 /T4-T2-1 /D:1     /W-T5-1  /T3-T5-3 /T3-F1-1 /D:1     /W-T3-1  /D:1     
/W-T6-1  /T1-T6-1 /D:1     /W-T2-1  /T5-T2-6 /T5-T4-1 /T5-F0-1 /W-T4-1  /D:4     /W-F2-1  
/D:2     /W-F3-1  /D:1     /W-F1-1  /D:2     /W-F0-1  /T1-F0-1 /R       /D:3     /W-T1-1  
/D:2     /W-F3-1  /D:1     /W-F2-1  /T2-F2-1 /T2-F1-1 /T6-F2-1 /T2-F2-1 /T3-T2-1 /T3-F3-1 
/T6-T3-5 /T6-F0-1 /T2-F0-1 /T3-F1-1 /T2-F1-1 /T3-F2-1 /T2-F2-1 /T6-F0-1 /T3-F3-1 /T4-F1-1 
/T4-F2-1 /T6-F0-1 /T2-F3-1 /T3-F0-1 /T3-F3-1 /T5-F1-1 /T2-F2-1 /T4-F1-1 /T5-F2-1 /T2-F1-1 
/T0-F1-1 /W-T5-1  /W-T0-1  /W-F1-1  /T0-T5-2 /T0-F1-1 /T3-T5-1 /D:1     /W-F2-1  /T5-T4-2 
/T5-F2-1 /T1-F2-1 /T4-T5-3 /D:1     /W-F0-1  /T5-F0-1 /T2-F0-1 /D:1     /W-F3-1  /T5-F3-1 
/T2-F3-1 /T5-F0-1 /T2-F0-1 /T5-F3-1 
"
1051726,i#Cu#LUq#oYaT#XrmZN#MvwIjS#clHJBOG#epbzWtxRkfgEyPKsVQnDhdAF,51.000000,42.000000,43.000000,0.697674,0,"
minimal: 0 / states: 1724217 / duration: 3.260422s
history:
/T4-F3-1 /T3-T1-1 /T3-F1-1 /D:3     /W-F1-1  /D:9     /W-T5-1  /D:1     /W-T4-1  /D:1     
/W-T2-1  /D:1     /W-T3-1  /D:1     /W-T1-1  /D:2     /W-T5-1  /D:1     /W-F2-1  /T5-T6-3 
/T5-T3-1 /D:2     /W-T5-1  /T6-T5-4 /T6-F3-1 /T2-F3-1 /D:2     /W-F0-1  /T6-F0-1 /T1-T0-3 
/T1-F0-1 /D:1     /R       /D:2     /W-T5-1  /D:1     /W-T1-1  /T3-T1-3 /T3-F2-1 /T5-F2-1 
/T2-F2-1 /T5-F3-1 /T4-T3-2 /T0-T6-4 /T4-T0-1 /T4-F2-1 /T6-F2-1 /D:2     /W-F2-1  /D:2     
/W-F3-1  /T6-T4-4 /D:1     /W-T3-1  /D:4     /W-F0-1  /T5-F0-1 /T5-F3-1 /T4-F3-1 /T2-F3-1 
/T4-F2-1 /T5-T1-3 /T5-T3-1 /T5-F2-1 /T3-F2-1 /T6-T4-1 /T6-T5-1 /T6-F1-1 /D:1     /W-F1-1  
/D:1     /W-F0-1  /T1-F0-1 /T4-F0-1 /R       /D:1     /W-F1-1  /D:3     /W-F1-1  /D:1     
/W-F1-1  /T1-F1-1 /T1-F0-1 /T4-F1-1 /T1-F1-1 /T4-F0-1 /T1-F0-1 /T2-F0-1 /T3-F1-1 /T5-F1-1 
/T0-F1-1 /T5-F0-1 /D:1     /W-F3-1  /R       /D:1     /W-F3-1  /T4-F3-1 /T1-F3-1 /D:1     
/W-F2-1  /T3-F2-1 /T1-F2-1 /T3-F3-1 
"
1051774,r#sh#Fwz#LPtC#vZXla#EjTYJf#pRqybMQ#doKiWeNDmkInOVSxBUGcgAuH,96.500000,976.000000,41.000000,0.590278,1,"
minimal: 0 / states: 129 / duration: 0.000115s
history:
/T4-F1-1 /T6-T0-1 /T3-T0-1 /T5-T3-1 /T4-T2-1 /T5-T4-1 /T5-T6-1 /T3-T1-2 /T0-T1-3 /T6-T0-2 
/T6-F1-1 /T4-T6-2 /T6-T4-3 /T3-T6-1 /D:2     /W-T6-1  /D:1     /W-T0-1  /D:1     /W-T4-1  
/D:1     /W-T0-1  /D:2     /W-F3-1  /D:3     /W-T3-1  /D:1     /W-T0-1  /T1-T0-6 /T1-T5-1 
/T2-T1-2 /T2-T3-1 /D:1     /W-F2-1  /T6-F2-1 /D:1     /W-F3-1  /T6-F3-1 /D:1     /W-T3-1  
/D:2     /W-T1-1  /D:4     /W-F1-1  /D:2     /W-F0-1  /D:1     /W-T3-1  /T5-T3-2 /T5-T1-1 
/D:1     /W-T4-1  /W-T4-1  /T2-T4-1 /T4-T2-8 /T4-T1-1 /R       /D:1     /W-F1-1  /D:1     
/W-T2-1  /T6-T2-1 /T6-T3-1 /T6-F2-1 /T2-F2-1 /T2-F1-1 /T0-T5-2 /T0-F2-1 /T0-F1-1 /T3-T2-1 
/T3-F2-1 /T0-F2-1 /T2-T3-2 /T2-F1-1 /T0-F1-1 /T3-T2-3 /T3-F2-1 /T1-F2-1 /T2-T3-4 /T2-F1-1 
/T1-F1-1 /T3-T2-5 /T3-F2-1 /T1-F2-1 /T3-F1-1 /T1-F1-1 /T2-T3-7 /T2-F2-1 /T1-F2-1 /T3-T2-8 
/D:1     /W-T2-1  /D:1     /W-F1-1  /D:2     /W-F0-1  /T5-F0-1 /T2-F0-1 /T5-F3-1 /T2-F3-1 
/T5-F0-1 /T2-F0-1 /W-F3-1  /T2-F3-1 /D:1     /W-F3-1  /D:1     /W-F0-1  /T2-F0-1 /T0-F0-1 
/T2-F3-1 /T0-F3-1 /T2-F0-1 /T0-F0-1 /T2-F3-1 /T0-F3-1 /T2-F0-1 /T0-F0-1 /T2-F3-1 
"
1051776,V#hl#Gga#MiKp#YqBen#cbfLvJ#kFjuRdX#zCUtDATOHNIyZPmxQEswrWoS,143.500000,3119.000000,48.000000,0.648936,1,"
minimal: 0 / states: 122 / duration: 0.000121s
history:
/T2-F1-1 /T4-F2-1 /T5-T6-1 /T0-T6-1 /D:1     /W-T0-1  /T1-T0-1 /T1-T5-1 /D:3     /W-T5-1  
/D:1     /W-T4-1  /D:1     /W-F0-1  /D:2     /W-T3-1  /D:1     /W-T6-1  /T2-T6-1 /D:1     
/W-F3-1  /T3-F3-1 /D:3     /W-T1-1  /W-T1-1  /T6-T1-5 /T3-T6-1 /T3-T0-1 /D:1     /W-F3-1  
/D:3     /W-F3-1  /D:2     /W-T1-1  /T4-T1-2 /T4-F0-1 /D:3     /W-T0-1  /T5-T0-3 /D:1     
/W-F2-1  /T6-F2-1 /T4-F2-1 /W-F2-1  /D:1     /W-T0-1  /F2-T0-1 /T6-T0-1 /T6-F3-1 /T6-T3-1 
/R       /D:1     /W-F0-1  /T1-F0-1 /D:2     /W-T3-1  /D:1     /W-T6-1  /W-T6-1  /T2-T6-1 
/D:1     /W-T2-1  /T5-T2-1 /T5-T6-1 /T5-F1-1 /T5-F1-1 /T0-F1-1 /T0-F2-1 /T1-F1-1 /T1-F2-1 
/T0-F3-1 /T0-F2-1 /T3-F3-1 /T3-F2-1 /T6-F1-1 /T1-F1-1 /T0-F1-1 /T3-F1-1 /T0-F2-1 /T6-T0-3 
/T6-F1-1 /F3-T1-1 /T6-T1-1 /T6-F1-1 /T0-T4-5 /T0-F1-1 /T4-T0-6 /D:2     /W-F0-1  /T1-F0-1 
/T0-F0-1 /T1-F3-1 /T0-F3-1 /T1-F0-1 /T0-F0-1 /T1-F3-1 /T0-F3-1 /T1-F0-1 /T0-F0-1 /T1-F3-1 
/T2-F0-1 /T0-F3-1 /T3-F0-1 /T2-F1-1 /D:1     /W-F2-1  /W-F2-1  /T1-F2-1 /T0-F2-1 /T1-F3-1 
"
1051797,D#CR#qch#uvEI#bpFMK#mHnraB#lLQZUOS#WtisVXGYwdfekygzPNJAoxTj,103.000000,1566.000000,50.000000,0.617021,1,"
minimal: 0 / states: 126 / duration: 0.000125s
history:
/T2-T3-1 /T5-T2-1 /T5-F1-1 /T5-T6-1 /T5-F2-1 /T2-T0-2 /T0-T1-3 /D:1     /W-T4-1  /T3-T4-2 
/D:1     /W-T4-1  /T6-T4-2 /D:8     /W-T3-1  /D:5     /W-T5-1  /D:1     /W-T0-1  /D:1     
/W-T2-1  /D:1     /W-F3-1  /T6-F3-1 /T2-F3-1 /D:2     /W-F0-1  /T1-F0-1 /D:1     /W-F2-1  
/D:3     /R       /D:2     /W-T5-1  /T1-T5-3 /T1-F0-1 /T5-T2-1 /T5-F0-1 /T3-T4-1 /T3-F0-1 
/T6-T3-1 /T6-T1-1 /T6-F3-1 /T6-T1-1 /T4-T6-8 /T2-T5-2 /T4-T2-1 /T4-F0-1 /T4-F2-1 /T4-F1-1 
/T5-F1-1 /T5-F2-1 /T5-F3-1 /T6-F1-1 /T6-F2-1 /T6-F3-1 /T5-F2-1 /T6-F2-1 /T6-T0-5 /D:2     
/W-T1-1  /D:1     /W-F0-1  /D:1     /W-T2-1  /D:1     /W-T1-1  /W-T1-1  /T5-T1-2 /D:2     
/W-F1-1  /W-F1-1  /T1-F1-1 /T0-F1-1 /T1-F0-1 /T0-F0-1 /T3-T0-2 /T3-F2-1 /W-F1-1  /D:2     
/W-T5-1  /W-T5-1  /D:1     /W-F0-1  /D:1     /W-T2-1  /T0-T2-3 /T0-F0-1 /D:1     /W-F3-1  
/T2-F3-1 /T1-F3-1 /T2-F2-1 /T1-F2-1 /T2-F3-1 /T1-F3-1 /T1-F0-1 /T2-F2-1 /T2-F3-1 /T1-F3-1 
/T2-F0-1 /D:1     /W-F1-1  /T5-F1-1 /T0-F1-1 /T5-F2-1 /T0-F2-1 /T5-F1-1 
"
1051812,M#Qk#Yti#HPax#zOhTn#KJmAUR#doCGBbv#eLprZIVSsWcEjlguqNFwfyDX,134.000000,1978.000000,51.000000,0.718447,1,"
minimal: 0 / states: 120 / duration: 0.000122s
history:
/T4-F2-1  /D:9      /W-T4-1   /T5-T4-1  /T5-T6-1  /T5-F0-1  /D:1      /W-T3-1   /T6-T3-2  /D:4      
/W-T0-1   /T3-T0-4  /T3-F1-1  /T6-F1-1  /T6-F0-1  /T6-T0-1  /T6-F0-1  /T6-F2-1  /D:2      /W-T2-1   
/T4-T2-3  /D:1      /W-T2-1   /T3-T2-1  /W-T3-1   /D:1      /W-F3-1   /D:1      /W-T3-1   /D:1      
/W-T1-1   /T2-T1-7  /T2-T4-1  /D:1      /W-T0-1   /D:1      /W-T5-1   /T1-T5-9  /D:1      /W-F0-1   
/D:1      /R        /D:1      /W-T3-1   /D:2      /W-F2-1   /D:1      /W-T0-1   /T1-T0-1  /T5-T1-11 
/D:3      /W-T5-1   /T3-T5-4  /D:1      /W-T4-1   /D:1      /W-F1-1   /T6-F1-1  /T5-F1-1  /T0-T4-2  
/T0-F1-1  /D:1      /W-F0-1   /T5-F0-1  /T0-F0-1  /T5-F1-1  /T4-T0-4  /T4-F1-1  /T4-F3-1  /T1-F3-1  
/T0-F3-1  /T1-F2-1  /T0-F2-1  /T1-F3-1  /T0-F3-1  /T1-F2-1  /T0-F2-1  /T1-F3-1  /T0-F3-1  /T1-F2-1  
/T0-F2-1  /T5-F0-1  /T1-F1-1  /T5-F3-1  /T1-F2-1  /W-F0-1   /T0-F3-1  /T5-F0-1  /T0-F2-1  /T5-F0-1  
/W-T3-1   /W-F0-1   /T0-T4-1  /T0-F0-1  /D:1      /W-F1-1   /T1-F1-1  /T4-F1-1  /T1-F2-1  /T1-F1-1  
/T4-F2-1  /D:1      /W-F3-1   /T2-F3-1  /T3-F3-1  
"
1051922,A#Qx#YFM#Hmya#PwDBE#gJKsTG#VhRLIlu#rcbWtCijUZpOevNdnoSkzfqX,124.000000,1484.000000,36.000000,0.741758,1,"
minimal: 0 / states: 110 / duration: 0.000119s
history:
/T0-F0-1 /T3-F1-1 /T2-T0-1 /D:3     /W-F1-1  /W-F1-1  /D:1     /W-T1-1  /D:9     /W-T2-1  
/D:1     /W-T1-1  /D:1     /W-F3-1  /W-F3-1  /D:1     /W-F1-1  /T2-F1-1 /D:1     /W-F2-1  
/D:1     /W-F2-1  /W-F2-1  /D:1     /W-T5-1  /T4-T5-1 /T4-F0-1 /F1-T2-1 /T4-T2-1 /D:1     
/W-T3-1  /T4-T3-1 /T4-F3-1 /W-T4-1  /T3-T4-3 /W-T1-1  /T5-T1-3 /T5-T6-1 /T5-T6-1 /W-T5-1  
/W-T4-1  /W-F0-1  /T2-F0-1 /T6-T4-3 /T6-T0-1 /T6-T5-1 /T6-T3-1 /T5-T0-3 /T6-T4-1 /T6-T0-1 
/T6-T5-1 /T3-T6-2 /T1-F0-1 /T2-F1-1 /T2-F0-1 /T1-T2-6 /T1-F3-1 /T4-F3-1 /T2-F3-1 /T2-F0-1 
/T3-F0-1 /W-T0-1  /D:1     /W-T1-1  /T2-T1-5 /D:1     /W-F1-1  /D:1     /W-F2-1  /W-F2-1  
/T4-F2-1 /T0-F2-1 /T4-F3-1 /T1-F3-1 /T4-F2-1 /T5-F3-1 /T1-F2-1 /T1-F3-1 /T4-T5-1 /T4-F2-1 
/T5-T4-2 /T5-F1-1 /T0-F1-1 /T0-F0-1 /T4-F1-1 /T0-F1-1 /T1-F2-1 /T4-F0-1 /T0-F0-1 /T4-F1-1 
/T0-F1-1 /T4-F2-1 /T6-F0-1 /T6-F1-1 /T0-F0-1 /D:1     /W-F3-1  /T1-F3-1 /T1-F2-1 /T4-F3-1 
"
1051960,V#PQ#lCm#qWFk#XwMfv#iyGSBT#IcYDOHA#nxKZudgoztpEeRjUhNbsraLJ,131.500000,2824.000000,47.000000,0.611111,1,"
minimal: 0 / states: 130 / duration: 0.000130s
history:
/T6-F0-1 /T5-T6-1 /T5-F0-1 /T6-T0-2 /D:1     /W-F2-1  /D:7     /W-F2-1  /D:3     /W-T1-1  
/T6-T1-1 /D:1     /W-T5-1  /T1-T5-3 /T1-T6-1 /T2-T1-1 /T2-F0-1 /D:4     /W-T4-1  /D:2     
/W-F3-1  /T5-F3-1 /T6-F3-1 /T6-F0-1 /T5-F2-1 /T5-F3-1 /T5-F0-1 /D:2     /W-T0-1  /D:1     
/W-T5-1  /D:1     /W-F1-1  /W-F1-1  /D:1     /W-T1-1  /T3-T1-1 /T3-F0-1 /T4-T3-2 /D:1     
/W-T1-1  /T0-T1-4 /R       /D:1     /W-T2-1  /T3-T2-3 /T3-F2-1 /T5-F2-1 /T1-F2-1 /D:1     
/W-T6-1  /D:1     /W-T0-1  /D:4     /W-T3-1  /T6-T3-2 /T6-F1-1 /D:1     /W-T2-1  /T4-T2-1 
/T2-T4-7 /T4-T2-8 /D:2     /W-F3-1  /T5-F3-1 /T1-F3-1 /T5-F0-1 /T5-T0-1 /T1-F0-1 /T6-F0-1 
/T1-T4-1 /T1-F0-1 /T4-T1-2 /T3-F0-1 /T1-T0-3 /T1-F0-1 /D:2     /R       /D:1     /W-T0-1  
/D:1     /W-F1-1  /D:1     /W-T0-1  /D:1     /W-F1-1  /T2-F1-1 /T0-F1-1 /T2-F2-1 /T0-F2-1 
/T2-F3-1 /T0-F3-1 /T2-F2-1 /T2-F3-1 /T0-F2-1 /T4-F3-1 /T2-F2-1 /T3-F3-1 /T0-T1-2 /T0-F3-1 
/T2-T3-1 /T2-F0-1 /D:2     /W-F1-1  /T5-F1-1 /W-F1-1  /T1-F1-1 /T1-F2-1 /T3-F1-1 /T1-F1-1 
/T3-F2-1 
"
1051983,V#Ay#KgT#ibxI#FWBpm#EUfdvl#MStwucj#DqOLPhrYNQnaGRsXozCZeJHk,92.500000,607.000000,35.000000,0.692308,1,"
minimal: 0 / states: 123 / duration: 0.000118s
history:
/T3-T6-1 /T6-T3-2 /T3-T5-3 /T1-T4-1 /T1-F0-1 /T4-T1-2 /T3-T4-1 /D:6     /W-T5-1  /D:3     
/W-F3-1  /D:2     /W-F2-1  /D:1     /W-F1-1  /T4-F1-1 /T6-F1-1 /T6-T0-1 /T2-T0-1 /T0-T6-3 
/D:1     /W-T5-1  /D:2     /W-T2-1  /W-T2-1  /D:1     /W-T1-1  /T6-T1-4 /D:1     /W-F2-1  
/T4-F2-1 /T4-F0-1 /D:1     /W-T0-1  /T5-T0-6 /T5-T4-1 /T5-F1-1 /T5-T0-1 /T6-T5-1 /T5-T4-2 
/T6-T4-1 /W-T5-1  /W-T6-1  /W-T0-1  /T5-T4-2 /D:1     /W-F0-1  /D:1     /W-T5-1  /D:1     
/W-F1-1  /D:2     /W-T3-1  /T2-T3-3 /T4-T2-7 /T2-T6-8 /T4-T1-1 /D:1     /R       /D:1     
/W-F0-1  /T6-T0-1 /T6-F0-1 /T1-F0-1 /T0-T6-2 /T0-F1-1 /T0-F0-1 /T3-T1-2 /T3-F1-1 /T0-F1-1 
/T3-F0-1 /T0-F0-1 /T3-F1-1 /T0-F1-1 /D:1     /W-F2-1  /D:1     /W-F3-1  /D:1     /W-T5-1  
/D:1     /W-F3-1  /T6-F3-1 /T1-F3-1 /T6-F2-1 /T1-F2-1 /T6-F3-1 /T1-F3-1 /T6-F2-1 /T1-F2-1 
/T6-F3-1 /T1-F3-1 /T6-F2-1 /T1-F2-1 /T6-F3-1 /T0-F2-1 /T1-F3-1 /T1-F2-1 /T6-T0-1 /T6-F3-1 
/T0-T6-2 /T0-F2-1 /T5-T1-1 /T5-F3-1 /D:1     /W-F0-1  /T6-F0-1 /T1-F0-1 /D:1     /W-F1-1  
/T6-F1-1 /T1-F1-1 /T6-F0-1 
"
1051998,Z#xp#Rfh#ytoS#WIkYH#cVeAdQ#TBECObs#DKlJqzFwnUgvXimuPLrMNaGj,136.500000,3321.000000,42.000000,0.689024,1,"
minimal: 0 / states: 129 / duration: 0.000121s
history:
/T1-T5-1 /D:9     /W-F2-1  /D:2     /W-T4-1  /T6-T4-1 /T6-T5-1 /D:7     /W-T0-1  /D:1     
/W-T3-1  /T5-T3-3 /D:2     /W-F3-1  /T6-F3-1 /T6-T5-1 /T5-T6-2 /T5-F0-1 /T5-T4-1 /T4-T5-4 
/T1-T4-1 /W-T1-1  /T4-T1-2 /T4-T0-1 /T2-T4-1 /T6-T2-3 /T6-F0-1 /T2-F0-1 /W-F3-1  /T3-T2-2 
/T3-F3-1 /D:1     /W-F1-1  /T2-F1-1 /D:1     /W-T4-1  /T3-T4-2 /T3-F2-1 /T2-F2-1 /T2-T3-3 
/T2-F3-1 /D:1     /W-T1-1  /T4-T1-5 /R       /D:1     /W-F0-1  /T3-T1-1 /T3-F0-1 /T1-T3-2 
/T1-F3-1 /T6-F3-1 /D:3     /W-T0-1  /T5-T0-5 /T5-F1-1 /T3-F1-1 /T0-F1-1 /D:1     /W-F2-1  
/T3-F2-1 /T0-F2-1 /T3-F1-1 /T3-F2-1 /T0-F1-1 /D:1     /W-T2-1  /W-T2-1  /W-T2-1  /T4-T2-1 
/D:1     /W-F0-1  /T1-F0-1 /T0-F0-1 /T1-F1-1 /T1-F0-1 /D:2     /W-F3-1  /T0-F3-1 /T0-F0-1 
/T2-F3-1 /T2-F0-1 /T0-T3-1 /T0-F0-1 /W-T3-1  /T3-T0-3 /D:1     /W-T1-1  /D:1     /W-F3-1  
/T1-T2-3 /T1-F3-1 /T1-F0-1 /D:1     /W-F1-1  /D:1     /W-T1-1  /T0-T1-3 /T0-F3-1 /D:1     
/W-F2-1  /T2-F2-1 /T1-F2-1 /T2-F1-1 /T1-F1-1 /T2-F2-1 /T1-F2-1 /T2-F1-1 /T1-F1-1 /T2-F2-1 
"
1060020,h#kl#sBZ#LQUH#oIdXK#zgCpiq#SYwbeGA#aTnRxFVucvWyrDPmMtJNOEfj,124.000000,2628.000000,41.000000,0.658228,1,"
minimal: 0 / states: 117 / duration: 0.000122s
history:
/T6-F0-1  /T6-T0-1  /T5-T6-1  /T4-T1-1  /T3-T5-1  /D:1      /W-F1-1   /D:1      /W-T5-1   /D:1      
/W-F2-1   /D:3      /W-T5-1   /T6-T5-2  /T6-F1-1  /T5-T6-6  /T6-T4-7  /W-T6-1   /D:3      /W-F1-1   
/D:2      /W-T1-1   /W-T1-1   /T3-T1-1  /T5-T3-1  /D:1      /W-T2-1   /T4-T2-8  /T4-F1-1  /T0-T4-2  
/T2-T0-10 /T2-F0-1  /T5-F0-1  /T2-T5-1  /D:2      /W-F0-1   /D:1      /W-T0-1   /D:1      /W-T2-1   
/D:2      /W-T1-1   /D:2      /W-F3-1   /D:1      /W-F3-1   /T0-F3-1  /D:1      /W-F0-1   /T0-T5-2  
/T0-F0-1  /T4-F0-1  /D:1      /W-T1-1   /D:1      /W-T6-1   /T4-T6-2  /T4-F2-1  /T3-F2-1  /T3-F3-1  
/T5-F2-1  /T5-F1-1  /T1-F1-1  /T5-T0-1  /T5-F1-1  /T1-T5-6  /T6-F1-1  /W-T1-1   /W-T4-1   /W-F2-1   
/T6-T4-4  /T0-F2-1  /T5-F2-1  /W-F2-1   /T5-T4-1  /T5-F2-1  /T0-T1-3  /T0-F2-1  /T1-T3-5  /T3-T2-6  
/R        /D:1      /W-F3-1   /T6-F3-1  /T2-F3-1  /T2-F0-1  /T2-F1-1  /T4-F3-1  /T4-F0-1  /T4-F1-1  
/T2-F0-1  /T2-F1-1  /T4-F2-1  /T0-T2-1  /T0-F2-1  /T5-T4-2  /T5-F1-1  /T5-F2-1  /T2-T0-2  /T2-F1-1  
/D:1      /W-F3-1   /T4-F3-1  /T0-F3-1  /T4-F0-1  /T0-F0-1  /T4-F3-1  /T0-F3-1  /T4-F0-1  
"
1060264,R#gy#CZz#WcOI#Xdinb#JBGATk#qxpmarP#juFlQYMDsovUVLtSwEeNhHfK,138.000000,3570.000000,60.000000,0.529412,1,"
minimal: 0 / states: 123 / duration: 0.000128s
history:
/T5-T1-1 /D:3     /W-T5-1  /T0-T5-1 /T2-T0-1 /T1-T2-2 /D:1     /W-T0-1  /D:4     /W-T5-1  
/T6-T5-1 /D:1     /W-T1-1  /D:1     /W-T5-1  /D:2     /W-T3-1  /D:3     /W-T3-1  /D:1     
/W-T3-1  /T6-T3-1 /T6-F1-1 /T4-F1-1 /T4-F2-1 /T5-F2-1 /W-T6-1  /D:1     /W-T2-1  /T4-T2-1 
/T4-T3-1 /T4-T6-1 /T6-T4-3 /T6-F2-1 /T6-T0-1 /T6-F2-1 /T2-T6-5 /T2-T3-1 /D:2     /W-T1-1  
/D:1     /W-F3-1  /D:2     /W-T6-1  /T5-T6-5 /T5-F0-1 /D:1     /W-T5-1  /D:1     /R       
/D:1     /W-T0-1  /T3-T0-7 /T3-F3-1 /T3-F1-1 /T6-F3-1 /D:2     /W-F3-1  /T6-T1-1 /T6-F3-1 
/T0-T5-3 /T0-F3-1 /D:2     /W-T2-1  /W-T2-1  /D:1     /W-T3-1  /D:3     /W-T3-1  /T5-T3-5 
/T5-F0-1 /T3-F0-1 /T1-F0-1 /T3-F1-1 /T1-F1-1 /T3-F2-1 /T1-F2-1 /W-F0-1  /T3-F1-1 /T0-F2-1 
/T6-F0-1 /T1-F1-1 /T3-F0-1 /T3-F1-1 /T6-F3-1 /T0-F3-1 /T6-F0-1 /T0-F0-1 /T5-F0-1 /T6-F1-1 
/T0-F1-1 /W-F3-1  /W-F2-1  /T3-F2-1 /T3-F3-1 /T6-F2-1 /T0-F2-1 /T4-F3-1 /T6-F1-1 /T6-F2-1 
/T0-F1-1 /T0-F2-1 /T2-F3-1 /T6-F3-1 /D:1     /W-F0-1  /T4-F0-1 /T2-F0-1 /T4-F1-1 
"
1060291,Y#ua#Ohn#MAzG#RBUwT#fykDSF#VcQKJml#jIrPsZgLbvWoCxtqXediHpNE,155.500000,1689.000000,61.000000,0.514286,1,"
minimal: 0 / states: 130 / duration: 0.000130s
history:
/T1-F1-1  /T2-F2-1  /T5-T4-1  /T4-T1-2  /T5-T3-1  /T3-T2-2  /T6-T3-1  /D:3      /W-T2-1   /D:1      
/W-T5-1   /D:4      /W-T6-1   /D:1      /W-F1-1   /D:3      /W-F2-1   /D:2      /W-T0-1   /D:3      
/W-T6-1   /T4-T6-1  /D:1      /W-T1-1   /T5-T1-2  /D:1      /W-T2-1   /D:1      /W-T6-1   /T1-T6-6  
/T6-T1-11 /T6-T5-1  /T6-T3-1  /D:2      /W-F2-1   /D:1      /W-F3-1   /D:1      /R        /D:1      
/W-T0-1   /D:1      /W-T0-1   /T4-T0-1  /T4-T1-1  /D:5      /W-T3-1   /W-T3-1   /T2-T3-5  /T2-F3-1  
/T3-T2-10 /T3-F0-1  /T1-F0-1  /T1-F3-1  /T6-F3-1  /T6-F1-1  /T2-F1-1  /T4-F3-1  /T0-T3-5  /T6-T5-1  
/D:1      /W-F0-1   /T1-F0-1  /T1-F1-1  /D:1      /W-T3-1   /D:1      /W-F2-1   /T2-F2-1  /T2-F3-1  
/D:1      /W-T5-1   /W-T5-1   /T1-T5-1  /T1-F3-1  /W-T0-1   /W-F2-1   /T3-F2-1  /T1-F2-1  /T3-F3-1  
/T5-T1-3  /T5-F3-1  /T2-T3-2  /T2-F2-1  /T2-F3-1  /T1-T5-4  /T1-F2-1  /T1-F3-1  /T5-T1-6  /T5-T0-1  
/T5-F1-1  /T3-T2-4  /T3-F2-1  /T0-F2-1  /T3-F3-1  /T0-F3-1  /T2-T3-6  /T2-F2-1  /D:1      /W-F0-1   
/T1-F0-1  /T1-F1-1  /T3-F0-1  /T1-F0-1  /T3-F1-1  /T1-F1-1  /T3-F0-1  /T1-F0-1  /T3-F1-1  /T1-F1-1  
/T3-F0-1  /T1-F0-1  /T3-F1-1  /T1-F1-1  /T3-F0-1  
"
1060434,j#Wr#XCq#YTkf#QmcPl#eHdZiD#tEoKGOv#yBspxnIAFUwbSzNRuVLahJMg,125.000000,1592.000000,43.000000,0.660714,1,"
minimal: 0 / states: 115 / duration: 0.000119s
history:
/T6-T0-1 /T1-T3-1 /D:5     /W-T4-1  /T0-T4-2 /D:1     /W-F2-1  /D:1     /W-T1-1  /D:1     
/W-F0-1  /D:2     /W-T1-1  /D:4     /W-T0-1  /T4-T0-4 /T4-T2-1 /T4-T5-1 /D:1     /W-F3-1  
/T6-F3-1 /T6-T1-1 /T3-T1-2 /T1-T6-6 /T4-T1-1 /T2-F3-1 /T4-F3-1 /D:1     /W-F3-1  /W-F3-1  
/D:3     /W-T1-1  /T3-T1-1 /T3-F3-1 /T6-T3-7 /T6-F2-1 /D:1     /W-F1-1  /D:1     /W-T0-1  
/T3-T0-3 /T3-F3-1 /W-F3-1  /D:1     /W-T1-1  /D:1     /W-T4-1  /T3-T4-4 /D:1     /R       
/D:2     /W-F0-1  /D:2     /W-F2-1  /T2-F2-1 /T2-F0-1 /T0-F2-1 /T6-T0-1 /W-F2-1  /T6-F2-1 
/D:2     /W-T2-1  /D:1     /W-F1-1  /T5-F1-1 /T5-F0-1 /T5-T1-1 /T5-T3-1 /T5-F1-1 /T0-F0-1 
/T5-T1-1 /T5-F1-1 /T0-F1-1 /W-F0-1  /T0-F0-1 /T1-F0-1 /T4-F0-1 /T4-F3-1 /T1-T2-1 /T1-F0-1 
/T4-F0-1 /T2-T1-2 /T2-F3-1 /T4-F3-1 /T3-F3-1 /D:1     /W-F2-1  /D:1     /W-F1-1  /T0-F1-1 
/T0-F2-1 /T1-F1-1 /T0-F1-1 /T1-F2-1 /T0-F2-1 /T1-F1-1 /T0-F1-1 /T1-F0-1 /T4-F0-1 /W-F2-1  
/T0-F2-1 /T1-F1-1 
"
1060526,g#YV#Dwt#rQBX#FKljx#GIMusv#hqJTzHf#aoEdRcOAipWLSNPembCykUZn,180.000000,1795.000000,55.000000,0.543269,1,"
minimal: 0 / states: 125 / duration: 0.000135s
history:
/T6-T2-1 /T6-T1-1 /T0-T1-1 /T6-T0-1 /D:1     /W-F1-1  /D:2     /W-T2-1  /D:1     /W-T2-1  
/D:4     /W-F0-1  /D:2     /W-T2-1  /D:1     /W-T4-1  /T5-T4-1 /T5-T1-1 /T6-T5-1 /T6-T3-1 
/T1-T3-4 /T4-T1-3 /T1-T0-4 /D:3     /W-F3-1  /D:1     /W-T6-1  /D:1     /W-T3-1  /T6-T3-2 
/T2-T6-5 /T6-T0-6 /D:1     /W-T1-1  /D:1     /W-F1-1  /D:2     /W-T1-1  /T3-T1-9 /T3-F0-1 
/W-F0-1  /D:3     /W-T6-1  /D:1     /W-F2-1  /R       /D:1     /W-F2-1  /T0-F2-1 /D:2     
/W-F1-1  /T0-F1-1 /T3-T0-1 /D:1     /W-F3-1  /T1-F3-1 /T0-F3-1 /T1-F2-1 /T3-F2-1 /T1-F1-1 
/T1-F2-1 /W-F3-1  /D:1     /W-T2-1  /T5-T2-2 /T5-T3-1 /T5-T4-1 /T0-T5-2 /T0-F2-1 /T5-T0-3 
/D:1     /W-T6-1  /D:1     /W-F3-1  /T2-F3-1 /T2-F2-1 /T0-T4-4 /T0-F2-1 /D:1     /W-T6-1  
/T2-T6-2 /T2-F0-1 /T4-F0-1 /T4-F1-1 /T1-F1-1 /D:1     /W-F3-1  /T1-T6-1 /T1-F3-1 /T0-F3-1 
/T4-T0-4 /T4-T3-1 /T4-T3-1 /T4-F0-1 /T0-F0-1 /T0-F1-1 /T6-F0-1 /T0-F0-1 /T6-F1-1 /T0-F1-1 
/T1-F0-1 /T3-F0-1 /T6-F2-1 /T0-F2-1 /T1-F3-1 /T0-F3-1 /T6-F1-1 /T1-F2-1 /T3-F1-1 /T0-F2-1 
/T6-F0-1 /T1-F1-1 /T3-F0-1 /T6-F3-1 
"
1060635,c#hj#zZa#IADm#WxHtP#wroeMF#udUTKbn#OLkXgNRqypBsClQGYVvSEfiJ,141.500000,1452.000000,38.000000,0.664384,1,"
minimal: 0 / states: 106 / duration: 0.000110s
history:
/T2-F1-1 /T6-F2-1 /T6-F1-1 /T1-T6-1 /T0-F1-1 /T3-T0-1 /T4-T3-1 /T4-T1-1 /D:2     /W-T0-1  
/D:1     /W-T0-1  /D:2     /W-T4-1  /T5-T4-1 /D:1     /W-F3-1  /D:1     /W-T4-1  /T3-T4-2 
/T3-F0-1 /T1-T3-2 /T5-T1-1 /T3-T6-3 /T2-T3-1 /D:1     /W-T5-1  /D:1     /W-T3-1  /W-T3-1  
/W-F3-1  /T4-F3-1 /D:2     /W-F0-1  /D:2     /W-F0-1  /T4-F0-1 /D:1     /W-T1-1  /T6-T1-5 
/W-T6-1  /T5-T6-2 /T5-F2-1 /W-F2-1  /T6-F2-1 /T5-F2-1 /T5-T0-1 /D:1     /W-F3-1  /T4-F3-1 
/T6-T4-1 /T6-F2-1 /T1-F2-1 /D:1     /W-T1-1  /D:1     /W-T2-1  /D:1     /W-T0-1  /T4-T0-4 
/T4-T2-1 /T4-T2-1 /D:1     /W-T2-1  /D:1     /W-F3-1  /T6-F3-1 /T6-F3-1 /T6-F1-1 /T0-F1-1 
/T6-F2-1 /T2-F2-1 /D:1     /W-F0-1  /T0-F0-1 /T1-F0-1 /D:1     /W-F1-1  /T0-F1-1 /T0-F0-1 
/T0-F3-1 /T1-F1-1 /T1-F0-1 /T2-F3-1 /T0-F2-1 /T2-F2-1 /T3-F3-1 /T2-F3-1 /T3-F2-1 /T2-F2-1 
/T3-F3-1 /D:1     /W-F1-1  /T1-F1-1 /T0-F1-1 /D:1     /W-F0-1  /T1-F0-1 /T0-F0-1 /T1-F1-1 
/T0-F1-1 /T1-F0-1 
"
1060759,v#uy#RIN#wFUh#tkpbP#gKqzTX#HlOSoLj#CnxecfQdAJaMGYmZrWiDBsEV,113.000000,1831.000000,59.000000,0.515625,1,"
minimal: 0 / states: 136 / duration: 0.000136s
history:
/T2-F3-1 /T5-T1-1 /T3-T0-1 /T3-T2-1 /T2-T6-2 /T3-T5-1 /T2-T5-1 /T3-T1-1 /D:2     /W-F2-1  
/D:7     /W-F0-1  /D:2     /W-F1-1  /D:1     /W-T2-1  /D:1     /W-T0-1  /D:1     /W-T2-1  
/D:1     /W-T3-1  /T1-T3-3 /T5-T1-3 /D:4     /W-T3-1  /T1-T3-4 /T5-T1-1 /T4-T5-1 /T4-F1-1 
/T5-T3-2 /T6-T5-3 /T5-T2-4 /D:2     /W-F0-1  /D:1     /W-T5-1  /D:2     /R       /D:1     
/W-F0-1  /D:2     /W-T5-1  /D:1     /W-F1-1  /D:1     /W-T0-1  /D:2     /W-F1-1  /T5-F1-1 
/T0-F1-1 /D:5     /W-F0-1  /D:1     /W-F0-1  /T3-T5-3 /T3-F0-1 /T0-F0-1 /T5-T3-4 /T5-F1-1 
/T0-F1-1 /D:1     /R       /D:4     /W-T5-1  /T6-T5-1 /T6-F2-1 /T4-F2-1 /T4-T5-1 /T6-T4-1 
/T6-F3-1 /T3-F3-1 /T3-F2-1 /T6-T1-1 /T6-F0-1 /T2-T0-1 /T2-F0-1 /W-F0-1  /W-F3-1  /T3-F3-1 
/T4-F3-1 /W-T1-1  /T2-T1-1 /T2-F0-1 /T0-T1-2 /T4-T1-1 /D:1     /W-F2-1  /T3-F2-1 /T1-F2-1 
/T3-F3-1 /T1-F3-1 /T3-F2-1 /T1-F2-1 /T3-F1-1 /T1-F1-1 /T3-F2-1 /T5-F1-1 /T1-F2-1 /T1-F1-1 
/T5-F0-1 /T2-T1-1 /T2-F0-1 /T3-T5-2 /T3-F1-1 /D:2     /W-F3-1  /W-F3-1  /T5-F3-1 /T1-F3-1 
/T5-F2-1 /T1-F2-1 /T5-F3-1 
"
1060944,v#Oo#eLj#EyCV#xUHzg#mNAMDZ#lShcXbp#RkKqWfYsPJTnGIFdBtawirQu,133.000000,3198.000000,74.000000,0.464602,1,"
minimal: 0 / states: 151 / duration: 0.000149s
history:
/T0-T2-1 /T5-T0-1 /D:8     /W-T4-1  /D:1     /W-T5-1  /T1-T5-1 /T1-T6-1 /D:3     /W-F2-1  
/T5-F2-1 /D:5     /W-T5-1  /D:2     /W-F1-1  /D:5     /W-T3-1  /T4-T3-2 /T4-T1-1 /R       
/D:1     /W-T3-1  /T5-T3-3 /D:6     /W-T1-1  /D:2     /W-T4-1  /D:3     /W-T4-1  /D:6     
/R       /D:2     /W-T1-1  /T2-T1-2 /T2-T0-1 /T2-T4-1 /T5-T2-1 /T5-F0-1 /T3-F0-1 /T5-F3-1 
/T6-F3-1 /T3-F3-1 /T6-F2-1 /T6-F1-1 /T6-T0-1 /T6-F1-1 /T6-T1-1 /D:1     /W-F2-1  /D:3     
/W-T0-1  /T3-T0-6 /T3-F0-1 /T0-F0-1 /T3-T5-1 /T3-F0-1 /D:1     /W-T1-1  /T6-T1-1 /T6-T2-1 
/D:2     /W-F1-1  /T4-F1-1 /T4-F0-1 /D:4     /W-F2-1  /D:1     /W-F3-1  /T0-F3-1 /T0-F2-1 
/T1-F3-1 /T4-F3-1 /T1-F0-1 /T4-F0-1 /T4-F3-1 /T4-T2-1 /R       /D:1     /W-T5-1  /D:1     
/W-T2-1  /D:1     /W-F1-1  /T0-F1-1 /T1-F1-1 /D:1     /W-F0-1  /D:1     /W-F2-1  /T0-F2-1 
/T0-F3-1 /T1-F2-1 /T2-F3-1 /T0-F0-1 /T0-F3-1 /T1-T2-1 /T1-F0-1 /T0-F0-1 /T1-F3-1 /T0-F3-1 
/T2-T1-3 /T2-F0-1 /D:1     /W-F2-1  /D:1     /W-F1-1  /T1-F1-1 /T1-F2-1 /T5-F1-1 /T1-F1-1 
/T5-F2-1 /T1-F2-1 /T5-F1-1 
"
1061042,r#fB#agv#EkWN#jJRdS#ueqtcO#yGPFiXZ#UnTlpmKoVwDIbCzYMAhxsQLH,112.500000,1819.000000,58.000000,0.547872,1,"
minimal: 0 / states: 135 / duration: 0.000147s
history:
/T3-F3-1 /T5-F3-1 /T2-T3-1 /T1-T5-1 /T0-T1-1 /T6-T0-1 /D:1     /W-T3-1  /D:1     /W-F2-1  
/D:6     /W-F2-1  /D:2     /W-T6-1  /W-T6-1  /D:8     /W-F0-1  /T5-F0-1 /D:3     /W-T2-1  
/D:1     /W-T1-1  /D:1     /W-T0-1  /T6-T0-3 /D:1     /W-T0-1  /T2-T0-2 /T2-F1-1 /R       
/D:3     /W-F2-1  /D:1     /W-T2-1  /D:4     /W-F1-1  /T5-F1-1 /T4-T5-1 /T4-F1-1 /T5-T3-2 
/T5-F2-1 /T5-F1-1 /T4-T0-1 /T6-T4-1 /T1-T3-2 /T1-F1-1 /T5-T4-1 /D:1     /W-F0-1  /D:1     
/W-T1-1  /D:1     /W-T1-1  /D:1     /W-T5-1  /D:2     /W-T1-1  /T3-T1-7 /T4-T3-3 /R       
/D:1     /W-T3-1  /T6-T3-1 /T6-F3-1 /T1-F3-1 /T1-F2-1 /T0-F3-1 /T0-F2-1 /T0-F1-1 /T1-F3-1 
/T1-F2-1 /T6-T1-1 /T3-T6-6 /T6-T0-2 /T6-F2-1 /T6-T2-4 /D:1     /W-T5-1  /D:1     /W-T5-1  
/T4-T5-1 /D:1     /W-F0-1  /T3-F0-1 /T0-F0-1 /T0-F3-1 /T1-F0-1 /T0-F0-1 /T1-F3-1 /T0-F3-1 
/T1-F2-1 /T0-F2-1 /T1-F3-1 /T0-F3-1 /T1-F2-1 /T1-F3-1 /T2-T0-3 /T2-F2-1 /T1-F2-1 /T0-T2-4 
/T0-F3-1 /D:1     /W-F0-1  /D:1     /W-F1-1  /T2-F1-1 /T2-F0-1 /T5-F1-1 /T2-F1-1 /T5-F0-1 
/T2-F0-1 /T5-F1-1 /T2-F1-1 /T5-F0-1 
"
1061203,r#Tk#qJB#sxLf#lpSDw#CoNjWV#dUncmMt#ivzghAEQPeXKaZRYFGubyOIH,132.000000,3756.000000,68.000000,0.468421,1,"
minimal: 0 / states: 146 / duration: 0.000150s
history:
/T5-T4-1  /T4-T1-2  /T3-T6-1  /T1-T3-3  /T0-T6-1  /D:2      /W-T5-1   /D:1      /W-T0-1   /D:2      
/W-T5-1   /T6-T5-3  /D:1      /W-F0-1   /T2-F0-1  /D:2      /W-T5-1   /D:1      /W-T4-1   /D:4      
/W-F1-1   /D:3      /W-T0-1   /D:1      /W-T1-1   /W-T1-1   /T4-T1-2  /D:2      /W-T3-1   /T1-T3-5  
/T6-T1-1  /T3-T6-10 /T5-T3-7  /T3-T0-8  /D:1      /W-F1-1   /D:3      /W-T5-1   /D:1      /R        
/D:1      /W-T2-1   /D:2      /W-T4-1   /D:1      /W-T3-1   /D:7      /W-T2-1   /R        /D:1      
/W-T2-1   /T3-T2-2  /T6-T3-11 /T6-F1-1  /T6-F2-1  /T6-T5-1  /T6-F1-1  /T2-F1-1  /D:3      /W-T6-1   
/D:1      /W-T5-1   /T4-T5-2  /T4-T0-1  /W-T4-1   /T5-T4-6  /T5-F3-1  /T5-F2-1  /T0-F2-1  /T5-F0-1  
/T4-T1-8  /D:1      /W-T6-1   /W-T6-1   /T2-T6-5  /T2-F2-1  /T0-T1-1  /T0-F2-1  /T0-F1-1  /T6-F2-1  
/T0-F2-1  /T6-F1-1  /T0-F1-1  /T3-T6-5  /T3-F2-1  /T0-F2-1  /T6-T3-6  /T6-F1-1  /T1-T0-6  /T1-F1-1  
/T3-T6-7  /T3-F2-1  /T3-F1-1  /T0-T1-7  /T0-F2-1  /T1-T0-8  /T1-F1-1  /T6-T3-9  /T6-F2-1  /T0-T1-9  
/T0-F2-1  /T3-T6-10 /T3-F1-1  /D:1      /W-F3-1   /T6-F3-1  /T1-F3-1  /T6-F0-1  /T1-F0-1  /T6-F3-1  
/T1-F3-1  /T6-F0-1  /T1-F0-1  /T6-F3-1  /T1-F3-1  /T6-F0-1  /T1-F0-1  /T6-F3-1  /T1-F3-1  /T6-F0-1  
/T1-F0-1  /T6-F3-1  /T1-F3-1  /T6-F0-1  /T1-F0-1  /T6-F3-1  
"
1061222,U#xF#qzv#LGjN#PJcmT#pICOof#ethunDA#HSBKMbRiWrdgkVZlysEwaXYQ,122.000000,1471.000000,44.000000,0.634615,1,"
minimal: 0 / states: 122 / duration: 0.000121s
history:
/T3-F3-1 /T6-F0-1 /T2-T3-1 /T1-T4-1 /T3-T1-2 /T5-T3-1 /T3-T0-2 /T0-T1-3 /T2-T0-1 /D:3     
/W-F0-1  /D:4     /W-T4-1  /T6-T4-1 /T6-F2-1 /T5-F2-1 /T5-F3-1 /T5-F0-1 /T4-T6-4 /T3-T4-1 
/T4-T3-2 /T4-T2-1 /T6-F0-1 /T2-T6-2 /D:1     /W-T4-1  /T6-T4-6 /T6-T5-1 /T6-T5-1 /D:2     
/W-T1-1  /D:1     /W-T1-1  /D:2     /W-T3-1  /T4-T3-8 /T4-F3-1 /D:2     /W-T2-1  /D:1     
/W-T0-1  /T1-T0-8 /D:1     /W-T2-1  /D:2     /W-F0-1  /D:2     /W-F1-1  /D:1     /W-T2-1  
/W-T2-1  /D:2     /W-F3-1  /T3-T6-2 /T3-F3-1 /T3-F0-1 /T0-T5-3 /T0-F0-1 /R       /D:1     
/W-F0-1  /D:1     /W-F3-1  /T3-F3-1 /T0-F3-1 /T5-T0-5 /T5-F0-1 /T5-F2-1 /T3-T2-2 /T3-F0-1 
/D:1     /W-F0-1  /D:1     /W-T1-1  /D:1     /W-F1-1  /T6-F1-1 /T0-F1-1 /T6-F2-1 /T0-F2-1 
/T6-F1-1 /T0-F1-1 /D:2     /W-F1-1  /D:1     /W-F3-1  /W-F3-1  /T2-T3-3 /T2-F3-1 /T3-T2-4 
/T3-F0-1 /T1-F0-1 /D:1     /W-F2-1  /T0-F2-1 /T0-F1-1 /T2-F2-1 /T0-F2-1 /T2-F1-1 /T0-F1-1 
/T2-F2-1 /T0-F2-1 /T2-F1-1 /T0-F1-1 /T2-F2-1 /T3-F1-1 /T0-F2-1 /D:1     /W-F3-1  /T2-F3-1 
"
1061512,o#Ik#beO#AKRp#Jzqni#yfjlQE#mcDsMuS#BVGaPFWrxghNwZvTUdHtYLXC,108.500000,1736.000000,64.000000,0.510309,1,"
minimal: 0 / states: 152 / duration: 0.000156s
history:
/T5-T6-1 /T5-T6-1 /T3-T6-1 /T2-T6-1 /D:4     /W-F1-1  /D:5     /W-T5-1  /D:3     /W-F3-1  
/T6-F3-1 /D:1     /W-T1-1  /T4-T1-1 /T4-F2-1 /T0-F2-1 /T4-T2-1 /T5-T4-2 /T5-T4-1 /T4-T0-4 
/T6-F2-1 /T2-F2-1 /D:2     /W-T0-1  /D:2     /W-T0-1  /D:2     /W-T1-1  /D:1     /W-T0-1  
/T6-T0-3 /D:4     /W-T0-1  /R       /D:2     /W-T4-1  /T6-T4-1 /D:2     /W-F3-1  /D:3     
/W-F2-1  /D:1     /W-T1-1  /D:3     /W-T4-1  /D:2     /W-T6-1  /D:2     /R       /D:3     
/W-T1-1  /T3-T1-1 /T3-T6-1 /T3-F0-1 /T6-T3-3 /T6-F2-1 /T6-T1-1 /T6-T1-1 /F2-T4-1 /T2-T4-1 
/T2-F1-1 /T1-F1-1 /D:1     /W-T3-1  /D:2     /W-T2-1  /D:1     /W-F1-1  /T4-F1-1 /T5-F1-1 
/T1-T5-8 /T4-F2-1 /T5-T4-3 /T5-F1-1 /W-F1-1  /T1-T3-1 /T5-T2-5 /D:1     /W-T6-1  /D:1     
/W-T6-1  /T4-T6-7 /R       /D:1     /W-F0-1  /T0-F0-1 /T0-F3-1 /T6-F0-1 /T0-F0-1 /T6-F3-1 
/T0-F3-1 /T0-F2-1 /T6-F0-1 /T6-F3-1 /T6-F2-1 /T0-F3-1 /T0-F2-1 /T6-F3-1 /T2-T6-2 /T2-F2-1 
/T3-T0-1 /T3-F3-1 /T0-T3-2 /T0-F2-1 /T6-T2-3 /T6-F3-1 /T2-T6-4 /T2-F2-1 /T3-T0-3 /T3-F3-1 
/T2-F3-1 /T0-T3-4 /T0-F2-1 /D:1     /W-F0-1  /T6-F0-1 /T3-F0-1 /T6-F1-1 /T3-F1-1 /T6-F0-1 
/T3-F0-1 /T6-F1-1 /T3-F1-1 /T6-F0-1 /T3-F0-1 /T6-F1-1 
"
1061660,a#Hn#fVE#dxtJ#zCcuk#QZPrby#wTgIUNm#slFASYvRKXoipqOGeMBjLWhD,128.000000,1464.000000,42.000000,0.626506,1,"
minimal: 0 / states: 122 / duration: 0.000124s
history:
/T0-F1-1 /T1-F2-1 /T6-T0-1 /T6-F3-1 /T5-T0-1 /T5-F1-1 /T4-T0-1 /T3-T0-1 /T3-T6-1 /D:4     
/W-F0-1  /D:1     /W-T6-1  /T5-T6-1 /D:6     /W-F2-1  /D:1     /W-T0-1  /T4-T0-1 /T4-F1-1 
/D:1     /W-F2-1  /D:1     /W-F2-1  /T6-F2-1 /T2-T6-1 /T1-T2-1 /D:1     /W-F3-1  /T5-F3-1 
/T5-T1-1 /T4-T5-1 /T5-T6-2 /D:3     /W-T5-1  /D:1     /W-F0-1  /T6-F0-1 /T6-F3-1 /D:1     
/W-T3-1  /D:1     /W-T1-1  /D:3     /W-F0-1  /T6-F0-1 /R       /D:1     /W-F2-1  /D:1     
/W-T4-1  /T3-T4-2 /T3-F1-1 /D:1     /W-F0-1  /D:1     /W-T5-1  /D:1     /W-T4-1  /T6-T4-3 
/D:1     /W-F3-1  /T4-F3-1 /T4-F2-1 /T0-F2-1 /T4-T6-1 /T4-F2-1 /T6-T4-2 /T6-T2-1 /T6-F3-1 
/T2-T6-3 /T4-F3-1 /T6-T0-2 /T6-F3-1 /T6-F2-1 /D:1     /W-T5-1  /T4-T5-2 /T4-F2-1 /T0-T1-5 
/T0-F2-1 /D:2     /W-F0-1  /D:1     /W-F1-1  /T2-F1-1 /T1-F1-1 /T1-F0-1 /T5-F0-1 /D:1     
/W-F3-1  /W-F3-1  /T5-T4-2 /T5-F3-1 /T1-T0-4 /T1-F3-1 /T4-T5-3 /T4-F2-1 /D:1     /W-F1-1  
/T0-F1-1 /T0-F0-1 /T5-F1-1 /T0-F1-1 /T5-F0-1 /T0-F0-1 /T5-F1-1 /T0-F1-1 /T5-F0-1 
"
1061763,W#lI#uKk#xtpD#zJvNg#FTUfAq#mRPjoOE#YHbrLBsXMQCwVSdianchyGZe,114.000000,1330.000000,51.000000,0.673913,1,"
minimal: 0 / states: 122 / duration: 0.000146s
history:
/T1-T0-1 /D:7     /W-T4-1  /D:3     /W-T6-1  /D:1     /W-T6-1  /D:1     /W-T2-1  /D:1     
/W-T2-1  /D:4     /W-F1-1  /D:1     /W-F2-1  /D:1     /W-T3-1  /D:1     /W-T0-1  /D:2     
/W-T0-1  /D:2     /W-T4-1  /T5-T4-1 /T5-F0-1 /T6-T5-3 /T6-T5-1 /T6-F2-1 /T5-T0-5 /R       
/D:2     /W-T2-1  /T4-T2-4 /T4-F3-1 /T0-F3-1 /T4-T6-1 /T5-T6-1 /D:1     /W-F1-1  /T3-F1-1 
/D:3     /W-F0-1  /T0-F0-1 /T3-F0-1 /T3-F2-1 /T3-T6-1 /T6-T3-4 /T6-F3-1 /T0-F3-1 /T2-F2-1 
/T6-F3-1 /W-T6-1  /T2-T6-7 /T2-T1-1 /T5-T2-1 /T0-F0-1 /T5-F0-1 /W-F2-1  /T0-T3-1 /T0-F0-1 
/T0-T1-3 /D:2     /W-T0-1  /T1-T0-5 /D:1     /W-F3-1  /T2-F3-1 /T3-T0-2 /T3-F3-1 /T6-T2-3 
/T6-F0-1 /T6-F3-1 /T0-T3-3 /T0-F0-1 /T4-F0-1 /T0-F3-1 /T0-F0-1 /W-F3-1  /W-F3-1  /T3-T0-6 
/D:1     /W-F1-1  /T2-F1-1 /T0-F1-1 /T2-F2-1 /T0-F2-1 /T2-F1-1 /T0-F1-1 /T2-F2-1 /T0-F2-1 
/T6-F2-1 /D:1     /W-F1-1  /T0-F1-1 /T0-F2-1 /T6-F1-1 /T0-F1-1 /T6-F0-1 /T0-F0-1 /T6-F1-1 
/D:1     /W-F2-1  /T4-F2-1 /D:1     /W-F3-1  
"
1070571,s#uK#IZj#bOtE#eDWaC#TBLqzR#FngXQSh#JyHfiMpUPowdlcGANvVxmkYr,169.000000,3613.000000,79.000000,0.466667,1,"
minimal: 0 / states: 146 / duration: 0.000164s
history:
/T5-T0-1  /T2-T1-1  /D:2      /W-T2-1   /D:10     /W-T3-1   /T4-T3-1  /T4-F1-1  /D:1      /W-T5-1   
/T1-T5-2  /D:2      /W-T6-1   /D:1      /W-F0-1   /D:1      /W-F3-1   /D:1      /W-T4-1   /T6-T4-2  
/T6-T4-1  /T3-T4-3  /D:4      /W-T2-1   /D:2      /R        /D:1      /W-T2-1   /D:2      /W-T3-1   
/D:1      /W-T2-1   /T1-T2-1  /T5-T1-4  /T5-T0-1  /D:2      /W-T6-1   /D:2      /W-T0-1   /D:1      
/W-T0-1   /D:7      /W-T3-1   /T6-T3-2  /T6-T5-1  /T6-T2-1  /T6-F2-1  /T0-F2-1  /T0-T2-4  /T2-T0-11 
/T3-F2-1  /T2-T1-1  /R        /D:2      /W-T2-1   /D:1      /W-T1-1   /T3-T1-4  /T3-F3-1  /T3-F1-1  
/T0-F3-1  /T0-F2-1  /T1-F3-1  /T0-F3-1  /T1-F2-1  /T0-F2-1  /T4-T1-3  /T4-F3-1  /T1-T4-4  /T1-F2-1  
/T6-T0-1  /D:1      /W-T5-1   /D:1      /W-F1-1   /D:1      /W-T5-1   /W-T5-1   /T0-T5-2  /T0-F2-1  
/D:2      /W-T3-1   /T5-T3-7  /T5-F0-1  /T4-F0-1  /T4-F1-1  /T5-F3-1  /T1-F3-1  /T4-T1-4  /T4-F2-1  
/T3-T0-3  /T3-F3-1  /T4-F3-1  /T4-F0-1  /T1-F0-1  /T4-F1-1  /T0-F0-1  /T1-F1-1  /T0-F1-1  /T1-F0-1  
/T0-F0-1  /T1-F1-1  /T0-F1-1  /T1-F0-1  /T0-F0-1  /T1-F1-1  /T1-F0-1  /T3-F2-1  /T0-F1-1  /T3-F3-1  
/T3-F0-1  /W-F2-1   /T0-F2-1  /T1-F1-1  /T3-F1-1  /T1-F2-1  /T2-F0-1  /D:1      /W-F3-1   /T0-F3-1  
"
1071524,v#yd#IaU#tCbB#DijKG#rQchuF#TOgSZMY#JNqenVopmsAwRLXEHPlfWxzk,114.500000,4187.000000,67.000000,0.500000,1,"
minimal: 0 / states: 142 / duration: 0.000151s
history:
/T4-T2-1 /T4-T6-1 /T2-T0-2 /T2-F1-1 /T4-T6-1 /T0-T6-3 /D:2     /W-F3-1  /D:2     /W-T5-1  
/W-T5-1  /D:1     /W-F2-1  /D:2     /W-F2-1  /D:1     /W-F2-1  /T5-F2-1 /D:1     /W-T0-1  
/D:2     /W-F0-1  /T3-F0-1 /T3-F1-1 /T3-F0-1 /D:3     /W-T0-1  /D:1     /W-T0-1  /D:2     
/W-T4-1  /D:3     /W-T3-1  /D:4     /R       /D:1     /W-T0-1  /T4-T0-2 /T4-F0-1 /D:5     
/W-T3-1  /T1-T3-1 /D:5     /W-T4-1  /T6-T4-6 /D:1     /W-T1-1  /R       /D:3     /W-T1-1  
/D:3     /W-T6-1  /D:2     /W-T6-1  /W-T6-1  /T2-T6-1 /T6-T2-5 /T1-T6-3 /T6-T1-4 /T6-T4-1 
/T5-T6-2 /T6-T0-3 /T6-F3-1 /W-F3-1  /T6-T5-1 /R       /D:1     /W-T1-1  /T5-T1-2 /T5-T2-1 
/T5-F1-1 /T3-F1-1 /T0-F1-1 /T5-F3-1 /T3-F0-1 /T5-F2-1 /T3-F1-1 /T0-F0-1 /T0-F1-1 /T2-F1-1 
/T4-T3-1 /T4-F0-1 /T0-F0-1 /T0-F1-1 /T2-F0-1 /T0-F0-1 /T4-T2-2 /T4-F1-1 /T4-F0-1 /T1-T0-4 
/T1-F1-1 /T0-T1-5 /T0-F0-1 /T2-T4-4 /T2-F1-1 /T0-F1-1 /T2-F0-1 /T3-T4-2 /D:1     /W-F2-1  
/D:1     /W-F3-1  /T4-F3-1 /T1-F3-1 /T4-F2-1 /T1-F2-1 /T4-F3-1 /T1-F3-1 /T4-F2-1 /T1-F2-1 
/T4-F3-1 /T1-F3-1 /T4-F2-1 /T1-F2-1 /T4-F3-1 /T1-F3-1 /T4-F2-1 
"
1071568,Y#rp#IBC#cAGh#EOgwv#PxsuJn#XqeUVKk#QmjHRdySaZTzWFtfibLNDlMo,103.500000,2628.000000,45.000000,0.636986,1,"
minimal: 0 / states: 128 / duration: 0.000136s
history:
/T5-F2-1 /T5-T6-1 /T3-T4-1 /T3-T4-1 /T3-F0-1 /D:8     /W-T4-1  /D:1     /W-F1-1  /D:2     
/W-T5-1  /D:3     /W-T5-1  /D:3     /W-T6-1  /T5-T6-3 /D:1     /W-F1-1  /T3-F1-1 /D:2     
/W-F3-1  /D:3     /W-T3-1  /W-T3-1  /D:1     /W-F2-1  /T1-F2-1 /T1-T4-1 /R       /D:1     
/W-T4-1  /T2-T4-1 /T2-F0-1 /T4-F0-1 /D:1     /W-T1-1  /D:3     /W-T5-1  /D:1     /W-F1-1  
/D:1     /W-T1-1  /T6-T1-6 /T6-T0-1 /W-T6-1  /W-T0-1  /T4-T0-6 /T6-T4-2 /T6-T2-1 /T6-F1-1 
/T6-F2-1 /T4-T6-3 /T4-T6-1 /T4-F3-1 /T5-T6-2 /T5-T3-1 /T5-F3-1 /T0-F3-1 /T0-F2-1 /T6-F3-1 
/T6-F2-1 /T0-F3-1 /T1-T6-1 /T1-F3-1 /T2-F3-1 /D:1     /W-T5-1  /D:2     /W-T3-1  /T2-T3-1 
/W-T2-1  /T0-T2-6 /D:1     /W-F2-1  /T1-F2-1 /T2-T3-2 /T2-F2-1 /T6-T1-3 /T6-F3-1 /T6-F2-1 
/T3-T2-3 /T3-F3-1 /T3-F2-1 /T6-F3-1 /T2-T3-5 /T2-F3-1 /T5-F3-1 /D:1     /W-F1-1  /D:2     
/W-F0-1  /T4-F0-1 /T1-F0-1 /T1-F1-1 /T3-F0-1 /T1-F0-1 /T3-F1-1 /T1-F1-1 /T3-F0-1 /T1-F0-1 
/T3-F1-1 /T1-F1-1 /T1-F2-1 /T3-F0-1 /T3-F1-1 /T2-F2-1 /W-F0-1  /T1-F1-1 /T3-F0-1 
"
1071639,y#TF#lmR#brjA#pDGkw#hMgeBO#EWQJtCs#UZavHdqNVuxzXYPSnioLcIKf,166.500000,2830.000000,42.000000,0.630682,1,"
minimal: 0 / states: 114 / duration: 0.000133s
history:
/T3-F0-1 /T2-T1-1 /T0-T2-1 /T2-T0-2 /D:3     /W-F1-1  /D:1     /W-T3-1  /D:3     /W-T1-1  
/D:1     /W-F3-1  /T5-F3-1 /T5-F0-1 /T5-T6-1 /T6-T5-2 /T6-F0-1 /D:1     /W-T4-1  /D:1     
/W-T4-1  /T5-T4-3 /T2-T5-1 /T5-T2-2 /T6-T5-1 /T5-T3-2 /D:1     /W-T2-1  /T3-T2-4 /W-T3-1  
/D:1     /W-T5-1  /D:1     /W-T0-1  /T4-T0-6 /T6-T4-1 /D:1     /W-T5-1  /D:1     /W-F3-1  
/T6-F3-1 /T1-T0-1 /T1-F3-1 /D:1     /W-T2-1  /T3-T2-2 /T3-F1-1 /D:1     /W-F2-1  /D:1     
/W-T4-1  /W-T4-1  /W-T3-1  /D:1     /W-F2-1  /D:1     /W-T3-1  /T4-T3-4 /D:1     /W-F1-1  
/T2-F1-1 /D:1     /W-T6-1  /W-T6-1  /T4-T6-1 /T4-F0-1 /T4-F2-1 /T0-F2-1 /T0-F1-1 /T2-F2-1 
/T0-F2-1 /T1-T0-1 /T2-F3-1 /T1-F3-1 /T2-F2-1 /T6-T2-1 /T6-F3-1 /T0-T3-2 /T0-F2-1 /T0-F3-1 
/T2-T6-2 /T2-F2-1 /T6-T2-3 /T6-F3-1 /T6-F0-1 /T3-F0-1 /T0-F2-1 /T0-F3-1 /T2-F0-1 /T5-F3-1 
/D:2     /W-F1-1  /T3-F1-1 /T2-F1-1 /T3-F0-1 /T2-F0-1 /T3-F1-1 /T2-F1-1 /T2-F2-1 /T3-F0-1 
/T3-F1-1 /T0-F2-1 /W-F0-1  /T2-F1-1 /T3-F0-1 /T0-F1-1 /T2-F0-1 /T3-F3-1 /T5-F2-1 
"
1071969,X#QP#SBN#UsdT#mwJlh#jrICZV#fpbqFkW#cEGoKMnuyDRLHaetvOAxYigz,142.000000,3424.000000,55.000000,0.617347,1,"
minimal: 0 / states: 122 / duration: 0.000146s
history:
/T2-F3-1 /T2-T1-1 /D:2     /W-T2-1  /D:1     /W-T4-1  /T2-T4-2 /D:3     /W-T2-1  /D:1     
/W-F2-1  /D:1     /W-T5-1  /T3-T5-1 /T3-T4-1 /T3-T5-1 /D:3     /W-T5-1  /W-T5-1  /T1-T5-2 
/D:3     /W-F1-1  /D:2     /W-T3-1  /D:1     /W-T6-1  /T4-T6-5 /T4-T2-1 /T5-T4-8 /T4-T0-9 
/D:1     /W-F3-1  /D:1     /W-F0-1  /T0-F0-1 /T0-F3-1 /T1-F3-1 /T5-T1-1 /T5-F0-1 /T0-F0-1 
/T0-F3-1 /W-T0-1  /T3-T5-2 /D:1     /W-T2-1  /T6-T2-7 /T4-T6-1 /D:2     /W-T6-1  /D:2     
/W-T3-1  /R       /D:2     /W-F2-1  /D:2     /W-T1-1  /T6-T1-3 /D:1     /W-T4-1  /T0-T4-7 
/D:1     /W-T1-1  /D:1     /W-T3-1  /W-T3-1  /D:1     /W-T1-1  /T6-T1-1 /T6-T4-1 /T6-F1-1 
/T6-F2-1 /W-F1-1  /T2-F1-1 /T2-F0-1 /T4-F2-1 /T4-F1-1 /T1-F0-1 /T2-F3-1 /T2-F0-1 /T6-F1-1 
/T1-F1-1 /T1-F0-1 /T2-F1-1 /T5-T2-2 /T5-F0-1 /T5-F2-1 /T4-F2-1 /T2-F2-1 /T4-F3-1 /T2-F3-1 
/T4-F2-1 /T1-F1-1 /T2-F2-1 /T4-F3-1 /T1-F2-1 /T2-F3-1 /T4-F0-1 /T4-F3-1 /T5-F1-1 /T1-F1-1 
/T2-F2-1 /T1-F2-1 /T3-F0-1 /T2-F1-1 /T3-F3-1 /T3-F2-1 /T4-F0-1 /T1-F3-1 /T2-F0-1 /T4-F1-1 
"
1100525,i#mY#HVf#gsZS#tvpOL#hFloMe#yPUWaNk#jXTBIJQbArGuqDzwcKRnCdxE,119.500000,448.000000,51.000000,0.653846,0,"
minimal: 0 / states: 2919977 / duration: 5.389074s
history:
/T6-T4-1 /T6-F3-1 /T6-F1-1 /D:5     /W-T6-1  /D:1     /W-T4-1  /D:2     /W-F1-1  /D:1     
/W-F0-1  /D:1     /W-T3-1  /D:2     /W-T0-1  /D:5     /W-F1-1  /D:1     /W-T1-1  /D:2     
/W-F2-1  /D:2     /W-F1-1  /T5-F1-1 /T2-F1-1 /T1-T5-2 /T4-T1-3 /T4-F3-1 /T0-T1-2 /T5-T0-3 
/T5-F2-1 /T4-F2-1 /D:1     /W-T5-1  /T6-T5-2 /T6-T4-1 /T6-F3-1 /D:1     /R       /D:1     
/W-T0-1  /D:1     /W-T6-1  /D:1     /W-T1-1  /D:1     /W-F0-1  /D:1     /W-F3-1  /D:2     
/W-F2-1  /T3-F2-1 /D:3     /W-T6-1  /D:1     /W-F3-1  /T3-F3-1 /T1-F3-1 /T4-T0-2 /D:1     
/W-F0-1  /T4-T0-1 /T3-T4-1 /T3-F2-1 /T0-F2-1 /T0-F3-1 /T1-F2-1 /T0-F2-1 /T2-F3-1 /T3-F1-1 
/T6-F2-1 /T5-T0-1 /T5-F3-1 /T5-F2-1 /T6-F3-1 /T6-F2-1 /D:1     /R       /D:2     /W-F0-1  
/D:2     /W-F0-1  /T0-T5-3 /T0-F3-1 /T4-F3-1 /T5-T0-4 /T5-F0-1 /T5-F1-1 /T1-F1-1 /R       
/D:1     /W-F0-1  /T2-F0-1 /T0-F0-1 /T0-F1-1 /T1-F0-1 /T0-F0-1 /T1-F1-1 /T0-F1-1 /T1-F0-1 
/T0-F0-1 /T1-F1-1 /D:1     /W-F2-1  
"
