id,seed,forcedness,compression_score,stagnation,efficiency,auto_move_flag,result
1010001,W#jG#DIn#xkbF#RYvgp#iHsQSK#zThOMNa#XcZwloLyrfAqmCBJteUduVPE,143.500000,2932.000000,40.000000,0.645349,1,"
minimal: 0 / states: 112 / duration: 0.000125s
history:
/T2-F2-1 /T6-F1-1 /T6-F3-1 /T2-T0-1 /T0-T5-2 /T6-T0-1 /T6-F3-1 /T6-T5-1 /T3-T6-1 /T3-F1-1 
/T1-T5-1 /D:2     /W-F1-1  /D:2     /W-T3-1  /D:1     /W-T0-1  /T5-T0-5 /T5-T0-1 /T4-T5-1 
/D:1     /W-F2-1  /T5-F2-1 /D:3     /W-T0-1  /T5-T0-1 /T5-T4-1 /T4-T5-2 /T4-T1-1 /D:2     
/W-F0-1  /D:1     /W-F2-1  /D:2     /W-T0-1  /D:1     /W-F0-1  /T0-F0-1 /T2-F0-1 /W-T2-1  
/D:3     /W-T5-1  /D:1     /W-T1-1  /W-T1-1  /D:1     /W-F1-1  /T5-F1-1 /D:2     /W-T3-1  
/T5-T3-3 /W-T5-1  /T6-T5-2 /T4-T6-1 /T4-T3-1 /D:1     /W-F3-1  /T0-F3-1 /T0-F2-1 /T3-F3-1 
/T3-F2-1 /T0-F3-1 /T1-F2-1 /T5-T3-1 /T5-F3-1 /T1-F3-1 /T5-F2-1 /T1-F2-1 /T3-T5-3 /T3-F3-1 
/T3-F2-1 /T0-T1-3 /T0-F3-1 /W-T3-1  /W-F1-1  /W-T2-1  /T3-T2-2 /T3-F2-1 /T1-T0-4 /T5-T2-4 
/D:1     /W-F0-1  /T2-F0-1 /T0-F0-1 /T2-F1-1 /T0-F1-1 /T2-F0-1 /T0-F0-1 /T2-F1-1 /T0-F1-1 
/T2-F0-1 /T0-F0-1 /T2-F1-1 /T0-F1-1 /T2-F2-1 /T2-F1-1 /W-F0-1  /T0-F0-1 /W-T0-1  /W-F3-1  
/T6-F3-1 /T0-F3-1 /T6-F2-1 
"
1010002,x#tN#eRC#DQHl#kJUfa#ISjydn#hTzXbqA#MPBmKEOYgvoFpLVwiWGsurcZ,92.500000,1000.000000,27.000000,0.862069,1,"
minimal: 0 / states: 118 / duration: 0.000127s
history:
/T1-F3-1 /T4-F1-1 /T5-F2-1 /T6-F0-1 /T4-T1-1 /T2-T5-1 /T6-T2-1 /T6-F1-1 /T0-T3-1 /T1-T4-2 
/D:1     /W-T0-1  /T3-T0-2 /D:1     /W-T2-1  /D:1     /W-F0-1  /T5-F0-1 /D:1     /W-T1-1  
/D:2     /W-T4-1  /T5-T4-1 /T5-T1-1 /T6-T1-1 /T5-T0-1 /D:1     /W-F3-1  /T2-F3-1 /D:1     
/W-T6-1  /W-T6-1  /D:1     /W-T3-1  /D:1     /W-T0-1  /T4-T0-5 /T4-T1-1 /D:1     /W-F2-1  
/D:1     /W-T3-1  /T2-T3-2 /D:1     /W-F2-1  /T3-F2-1 /D:2     /W-T1-1  /T3-T1-4 /T3-F3-1 
/T3-T1-1 /T6-T3-3 /T1-F0-1 /T1-F3-1 /T5-F3-1 /T6-F3-1 /T0-T6-4 /T0-F3-1 /T2-T1-1 /T6-T0-5 
/D:1     /W-T4-1  /D:1     /W-T4-1  /T1-T4-4 /T1-F3-1 /D:1     /W-F3-1  /D:4     /W-F2-1  
/D:1     /W-F1-1  /T0-F1-1 /T0-F0-1 /T4-F1-1 /T0-F1-1 /T4-F0-1 /T4-F1-1 /D:1     /W-T2-1  
/R       /D:1     /W-T2-1  /T4-T2-4 /D:1     /W-F0-1  /T2-F0-1 /T5-F0-1 /T1-F0-1 /T1-F3-1 
/T3-F0-1 /T3-F3-1 /T2-T1-3 /T2-F0-1 /T2-F3-1 /T0-T3-6 /T0-F0-1 /D:1     /W-F2-1  /T3-F2-1 
/T3-F1-1 /T1-F1-1 /D:1     /W-F2-1  /T3-F2-1 /T1-F2-1 /T3-F1-1 /T1-F1-1 /T3-F2-1 /T1-F2-1 
/T3-F1-1 /T1-F1-1 /T3-F2-1 
"
1010004,G#Ug#zha#puIN#qfSvK#tTJoyw#OicnbjA#VWrZReEkCFsMLHYQDBPldXmx,104.000000,2346.000000,52.000000,0.604938,1,"
minimal: 0 / states: 122 / duration: 0.000124s
history:
/T2-F1-1 /T3-F3-1 /T6-F0-1 /T6-T4-1 /T6-F1-1 /T6-F2-1 /T6-F1-1 /T3-T4-1 /T1-T3-1 /T2-T4-1 
/T3-T6-2 /T6-T5-3 /T6-F3-1 /T0-T1-1 /D:4     /W-T0-1  /D:6     /W-T5-1  /D:2     /W-T6-1  
/D:1     /W-T0-1  /D:2     /W-T2-1  /T4-T2-4 /T1-T4-2 /D:3     /W-F0-1  /D:1     /W-F3-1  
/D:1     /W-T6-1  /D:1     /W-F1-1  /D:1     /W-T0-1  /T5-T0-5 /D:1     /W-T1-1  /T5-T1-1 
/T5-F2-1 /T3-F2-1 /D:1     /W-T6-1  /R       /D:1     /W-T5-1  /D:1     /W-T6-1  /T4-T6-3 
/T4-T6-1 /D:1     /W-T4-1  /D:1     /W-T0-1  /D:1     /W-F1-1  /T4-T6-1 /T4-F1-1 /T4-F2-1 
/T6-F2-1 /D:1     /W-T6-1  /D:1     /W-T1-1  /T5-T1-2 /T0-T5-2 /T0-F1-1 /T5-T0-3 /T2-F1-1 
/T0-T1-4 /T0-F1-1 /D:1     /W-F0-1  /D:1     /W-F2-1  /T5-F2-1 /D:2     /W-F3-1  /T1-F3-1 
/D:1     /W-F0-1  /T6-F0-1 /T1-F0-1 /T6-F3-1 /T1-F3-1 /T1-F2-1 /T6-F0-1 /T6-F3-1 /T6-F2-1 
/W-F0-1  /T1-F3-1 /T0-F2-1 /T2-F0-1 /T1-F0-1 /T2-F1-1 /T1-F1-1 /T6-F3-1 /T0-F3-1 /T2-F0-1 
/T0-F0-1 /T6-F2-1 /T1-F2-1 /T2-F3-1 /T0-F3-1 /T6-F1-1 /T1-F1-1 /T2-F2-1 /T6-F0-1 
"
1010008,O#Wn#FTB#qRJz#ZLxrA#pDdluN#EGIwoSQ#XvsKUCtmVbyaefckgMPHijhY,127.500000,1140.000000,46.000000,0.642857,1,"
minimal: 0 / states: 112 / duration: 0.000117s
history:
/T1-F2-1 /T4-F0-1 /T2-F0-1 /T5-F3-1 /T0-F3-1 /T6-T4-1 /T3-T0-1 /T4-T6-2 /T2-T5-1 /T1-T4-1 
/T2-T5-1 /D:2     /W-T4-1  /D:3     /W-T4-1  /D:1     /W-F0-1  /D:1     /W-T4-1  /T6-T4-3 
/T6-F2-1 /D:1     /W-T1-1  /D:1     /W-T3-1  /T5-T3-3 /T5-T0-1 /T4-T0-8 /T4-T1-1 /D:2     
/W-T4-1  /D:1     /W-F1-1  /W-F1-1  /D:1     /W-T3-1  /D:2     /W-F1-1  /T5-F1-1 /T5-F0-1 
/T5-F2-1 /T3-F1-1 /W-F1-1  /D:1     /W-T1-1  /T6-T1-1 /D:1     /W-F1-1  /D:1     /W-T2-1  
/D:1     /W-F3-1  /T0-F3-1 /D:2     /W-T1-1  /W-T1-1  /D:2     /W-F1-1  /D:1     /W-T2-1  
/R       /D:1     /W-T4-1  /T3-T4-5 /T3-F3-1 /T3-F2-1 /T0-F2-1 /T0-F3-1 /D:1     /W-F2-1  
/T0-F2-1 /T4-T1-2 /T4-F2-1 /T0-T6-1 /T0-F2-1 /T6-T0-2 /T6-T0-1 /T6-F0-1 /T1-F0-1 /T0-F0-1 
/T1-F3-1 /T0-F3-1 /T1-F0-1 /T0-F0-1 /T1-F1-1 /T4-F3-1 /T0-F3-1 /T1-F2-1 /T4-F0-1 /T4-F3-1 
/T0-F2-1 /T2-F3-1 /T4-F2-1 /T4-F3-1 /T0-T2-1 /T0-F2-1 /D:1     /W-F0-1  /D:1     /W-F1-1  
/T1-F1-1 /T1-F0-1 /T2-F1-1 /T1-F1-1 /T2-F0-1 
"
1010009,h#Ao#UMv#klyz#WiYBn#DeQFcw#dsuErjX#fPLtaNSRxmgbOGCIJZqVpKHT,81.500000,1130.000000,32.000000,0.722222,1,"
minimal: 0 / states: 112 / duration: 0.000120s
history:
/T4-F2-1 /T1-F2-1 /T1-F0-1 /T4-F0-1 /T5-T6-1 /T3-T1-1 /T6-T3-2 /T2-T6-1 /T4-T1-1 /T4-T3-1 
/T0-T6-1 /T2-T0-1 /D:4     /W-T2-1  /D:1     /W-F1-1  /D:1     /W-F3-1  /D:1     /W-T2-1  
/D:2     /W-T1-1  /T6-T1-3 /T6-T2-1 /D:3     /W-F1-1  /T5-F1-1 /D:1     /W-F3-1  /D:1     
/W-T1-1  /D:1     /W-F0-1  /D:1     /W-T4-1  /T2-T4-4 /D:2     /W-T2-1  /T3-T2-4 /T3-T0-1 
/W-T3-1  /D:2     /W-T3-1  /D:1     /W-F2-1  /W-F2-1  /T4-F2-1 /T6-T4-1 /T6-T2-1 /T6-F2-1 
/T6-F1-1 /W-T2-1  /T5-T2-1 /T5-T4-1 /T5-F1-1 /T5-F0-1 /T4-T1-3 /T4-F2-1 /W-T5-1  /W-T2-1  
/W-T5-1  /W-F3-1  /T1-F3-1 /T1-F0-1 /T2-F3-1 /T1-F3-1 /T2-F0-1 /W-F1-1  /T1-F0-1 /T2-F1-1 
/T1-F1-1 /T2-F2-1 /T1-F2-1 /T2-F1-1 /T1-F1-1 /T2-F2-1 /T1-F2-1 /T2-T5-1 /T2-F2-1 /T3-T5-2 
/T3-F1-1 /T0-F1-1 /T1-T0-1 /T1-F2-1 /T5-T2-4 /T5-F1-1 /D:1     /W-T0-1  /T4-T0-3 /D:1     
/W-F0-1  /D:1     /W-F3-1  /T0-F3-1 /T0-F0-1 /T2-F3-1 /T0-F3-1 /T2-F0-1 /T0-F0-1 /T2-F3-1 
/T0-F3-1 /T2-F0-1 /T0-F0-1 /T2-F3-1 
"
1010010,Q#bX#FzU#ISRv#Deymj#xwnrGN#YpcCHdh#fOLlPksqEMaVKiJoWtugABTZ,128.500000,2485.000000,40.000000,0.628378,1,"
minimal: 0 / states: 108 / duration: 0.000182s
history:
/T5-F3-1 /T6-T3-1 /T5-T2-1 /T6-T5-1 /T3-T4-2 /D:1     /W-T2-1  /T5-T2-2 /T5-F2-1 /T5-T1-1 
/T4-T5-3 /D:1     /W-F3-1  /D:1     /W-T4-1  /T1-T4-2 /D:2     /W-F3-1  /T0-F3-1 /T3-F3-1 
/T3-F3-1 /T4-T0-4 /T2-T3-5 /W-T2-1  /T5-T2-4 /T2-T5-6 /D:1     /W-T4-1  /D:5     /W-F1-1  
/T1-F1-1 /W-T1-1  /D:1     /W-T0-1  /T6-T0-1 /T6-T3-1 /T6-F1-1 /D:3     /W-T4-1  /W-T4-1  
/D:1     /W-F2-1  /T6-F2-1 /W-T6-1  /T6-T1-2 /D:1     /W-T1-1  /T3-T1-7 /D:1     /W-T5-1  
/D:1     /W-T4-1  /D:1     /W-T0-1  /T2-T0-1 /D:1     /W-F0-1  /D:1     /W-F0-1  /T1-F0-1 
/T1-F1-1 /D:1     /W-F3-1  /D:1     /W-T2-1  /T4-T2-5 /T4-F1-1 /T4-F0-1 /W-F0-1  /T0-F0-1 
/W-F2-1  /T1-F2-1 /T1-F1-1 /T1-F0-1 /W-F2-1  /T0-F1-1 /T0-F0-1 /T5-F2-1 /T1-F3-1 /T2-F2-1 
/T0-F3-1 /T5-F1-1 /T1-F0-1 /T2-F1-1 /T2-F0-1 /T5-F2-1 /T0-F2-1 /T1-F3-1 /T0-F3-1 /T5-F1-1 
/T1-F0-1 /T2-F1-1 /T0-F0-1 /T5-F2-1 /T1-F3-1 /T2-F2-1 /T2-F3-1 /T5-F1-1 /T0-F1-1 /T1-F0-1 
/T5-F2-1 
"
1010011,d#yn#DjM#mtVc#iXZQa#kFOBKv#qrubCoW#lewJfLhREGpIAxHTPYSszUgN,151.500000,2530.000000,49.000000,0.585106,1,"
minimal: 0 / states: 124 / duration: 0.000133s
history:
/T1-F2-1 /T4-F1-1 /T5-T6-1 /T6-T5-2 /T6-F2-1 /T6-T0-1 /T6-F1-1 /T3-F1-1 /T6-T3-1 /T4-T6-1 
/T1-T4-1 /T2-T1-1 /T0-T6-1 /T0-F1-1 /T4-T0-2 /T4-T0-1 /D:1     /W-T1-1  /T5-T1-3 /D:1     
/W-F1-1  /D:1     /W-T0-1  /T3-T0-2 /D:2     /W-T3-1  /T6-T3-3 /D:2     /W-T1-1  /T3-T1-5 
/W-T3-1  /D:4     /W-F2-1  /T6-F2-1 /D:1     /W-T2-1  /D:1     /W-F0-1  /T5-F0-1 /T5-T1-1 
/D:2     /W-T4-1  /D:1     /W-T0-1  /T5-T0-1 /T5-T3-1 /D:5     /W-T5-1  /D:1     /W-T2-1  
/D:1     /W-T4-1  /W-T4-1  /D:1     /W-F3-1  /T1-F3-1 /T1-F0-1 /R       /D:1     /W-T3-1  
/T4-T3-4 /D:1     /W-T0-1  /D:2     /W-T2-1  /D:2     /W-F3-1  /T1-F3-1 /T1-F2-1 /T0-F3-1 
/T3-F2-1 /T1-F1-1 /T1-F2-1 /T3-F1-1 /T1-F1-1 /T0-T3-2 /T0-F2-1 /T1-F2-1 /T3-T0-3 /T3-F1-1 
/T2-T1-3 /T2-F1-1 /T2-F0-1 /T0-T3-4 /T0-F2-1 /W-F2-1  /W-F0-1  /T3-F0-1 /T1-F0-1 /T3-T0-4 
/T3-F1-1 /T0-T3-5 /T0-F2-1 /T5-F2-1 /D:2     /W-F3-1  /T3-F3-1 /T1-F3-1 /T3-F0-1 /T1-F0-1 
/T3-F3-1 /T1-F3-1 /T3-F0-1 /T1-F0-1 /T1-F1-1 /T3-F3-1 /T3-F0-1 /T3-F1-1 /W-F3-1  /T0-F3-1 
/T1-F0-1 
"
1010020,j#Xa#PwA#sFkq#HhIRU#ETvdLN#CZKVOMB#nuGolbyzeipWgcxJrmDYfSQt,97.000000,1286.000000,34.000000,0.746154,1,"
minimal: 0 / states: 110 / duration: 0.000117s
history:
/T1-F1-1 /T2-F0-1 /T5-F3-1 /T6-F0-1 /T2-T1-1 /T1-T5-2 /T6-T1-1 /T6-F3-1 /T6-T5-1 /T2-F3-1 
/T0-T6-1 /D:1     /W-F2-1  /D:1     /W-T5-1  /D:1     /W-T4-1  /D:1     /W-F2-1  /D:1     
/W-T1-1  /T6-T1-2 /T5-T6-5 /T6-T0-6 /T6-F0-1 /D:1     /W-F1-1  /D:2     /W-T2-1  /D:3     
/W-F2-1  /T3-F2-1 /D:2     /W-T0-1  /D:1     /W-F1-1  /T5-F1-1 /T4-T5-2 /T5-T1-3 /D:2     
/W-T3-1  /D:1     /W-F2-1  /D:1     /W-T6-1  /D:1     /W-F0-1  /D:1     /W-T2-1  /W-T2-1  
/W-T2-1  /W-T3-1  /W-F1-1  /W-T6-1  /T3-T6-3 /T4-T3-1 /T4-T2-1 /T3-T0-2 /T4-T2-1 /T5-T4-1 
/T3-F2-1 /T5-F0-1 /T4-T6-2 /D:1     /W-F1-1  /T0-T6-2 /T0-F1-1 /T2-F1-1 /D:1     /W-T1-1  
/D:1     /W-F3-1  /T6-F3-1 /T1-F3-1 /T6-F0-1 /T1-F0-1 /T6-F3-1 /T6-F0-1 /T1-F3-1 /T2-F0-1 
/T6-F1-1 /T6-F0-1 /T1-T2-1 /T1-F1-1 /T1-F0-1 /T6-F1-1 /T1-F1-1 /T0-T6-4 /T0-F0-1 /T1-F0-1 
/T6-T0-5 /T6-F1-1 /D:1     /W-F2-1  /T0-F2-1 /T0-F3-1 /T2-F2-1 /T0-F2-1 /T2-F3-1 /T0-F3-1 
/T2-F2-1 /T0-F2-1 /T2-F3-1 /T0-F3-1 /T2-F2-1 
"
1010024,Z#pf#XvA#uzPM#WjDLa#YIcNwb#KqgOTUB#keCdJrnERixhFQHSmyVGtosl,95.500000,1713.000000,29.000000,0.809524,1,"
minimal: 0 / states: 106 / duration: 0.000115s
history:
/T2-F0-1 /T4-F1-1 /T5-F1-1 /T6-F0-1 /T6-T2-1 /T4-T0-1 /D:1     /W-T0-1  /T5-T0-1 /T5-F3-1 
/T5-F1-1 /D:2     /W-F0-1  /T4-F0-1 /T2-T4-2 /D:1     /W-F1-1  /W-F1-1  /T1-F1-1 /D:1     
/W-T2-1  /D:2     /W-F2-1  /D:1     /W-F0-1  /D:2     /W-T0-1  /D:2     /W-T5-1  /D:1     
/W-F0-1  /D:2     /W-T0-1  /T6-T0-1 /T6-F3-1 /T6-F1-1 /T5-F1-1 /D:4     /W-T2-1  /T0-T2-2 
/T0-F1-1 /D:1     /W-F0-1  /D:1     /W-T4-1  /D:1     /W-F2-1  /T1-F2-1 /T6-F2-1 /T3-T1-1 
/T3-F3-1 /T4-T6-4 /T5-T4-1 /T5-T1-1 /T3-T5-1 /T2-T3-1 /T2-F0-1 /T4-F0-1 /T2-T0-1 /T2-F0-1 
/T6-T4-3 /T6-F1-1 /T6-F0-1 /T0-T2-2 /T0-F1-1 /T0-F0-1 /T1-T5-1 /T1-F0-1 /W-T0-1  /W-T1-1  
/W-T4-1  /W-F3-1  /W-T5-1  /W-F3-1  /W-F2-1  /T4-F3-1 /T3-F3-1 /T2-T0-3 /T3-T0-1 /T4-T5-4 
/D:1     /W-F2-1  /T5-F2-1 /T0-F2-1 /T5-F3-1 /T0-F3-1 /T5-F2-1 /T0-F2-1 /T5-F3-1 /T0-F3-1 
/T5-F2-1 /T0-F2-1 /T5-F3-1 /T0-F3-1 /T5-F2-1 /D:1     /W-F1-1  /T1-F1-1 
"
1010027,C#iO#hBn#tIDZ#qegdG#FkRrMN#QjSlPAL#zVvmHUyapTxfwsbuXKcEWJYo,128.000000,2786.000000,44.000000,0.683908,1,"
minimal: 0 / states: 117 / duration: 0.000111s
history:
/T2-F2-1 /T5-F3-1 /T1-F3-1 /T6-T3-1 /T6-F0-1 /T2-F0-1 /T6-F3-1 /T4-T2-1 /T6-T5-1 /T6-T2-1 
/T0-T4-1 /T5-T0-2 /T4-T5-2 /T5-T2-3 /T2-F0-1 /D:3     /W-T6-1  /T2-T6-5 /T3-T2-2 /T3-F0-1 
/D:2     /W-T1-1  /T4-T1-1 /D:1     /W-T3-1  /D:2     /W-F1-1  /D:1     /W-T6-1  /D:2     
/W-T0-1  /T6-T0-8 /T6-F3-1 /T5-F3-1 /T5-T2-1 /T4-T5-1 /T4-T5-1 /T5-T1-3 /D:2     /W-T2-1  
/T1-T2-6 /D:2     /W-F1-1  /D:4     /W-F1-1  /D:1     /W-F0-1  /D:4     /W-F2-1  /T0-F2-1 
/T0-F1-1 /T2-F2-1 /T0-F2-1 /T0-F3-1 /T2-F1-1 /T2-F0-1 /T0-F0-1 /R       /D:1     /W-T1-1  
/D:2     /W-T4-1  /D:1     /W-T4-1  /D:1     /W-F3-1  /T3-F3-1 /W-F3-1  /D:1     /W-F1-1  
/T2-F1-1 /T2-F0-1 /T3-F0-1 /T0-F1-1 /T2-F1-1 /D:1     /W-F2-1  /T3-F2-1 /D:1     /W-F2-1  
/T0-F2-1 /T0-F1-1 /T2-F2-1 /T0-F2-1 /T2-F1-1 /T0-F1-1 /T4-F2-1 /T1-F2-1 /T4-F1-1 /D:1     
/W-T2-1  /D:2     /W-F3-1  /T2-F3-1 /D:1     /W-F0-1  /W-F0-1  /T2-F0-1 /T0-F0-1 /D:1     
/W-F3-1  /T2-F3-1 
"
1010028,Y#PO#Cgy#wqWx#KHvcF#kGeUta#zpRrZNn#sumQBLfEbSJdMIXjDoAVTilh,105.000000,641.000000,37.000000,0.770270,1,"
minimal: 0 / states: 120 / duration: 0.000124s
history:
/T5-F1-1 /T6-F2-1 /T6-F3-1 /T1-F3-1 /T3-T0-1 /T2-T6-1 /T4-T2-1 /T3-T0-1 /T4-T3-1 /T4-T0-1 
/T2-T4-2 /T1-F3-1 /T6-T1-2 /D:4     /W-F3-1  /D:1     /W-T3-1  /D:2     /W-T5-1  /T6-T5-1 
/T6-F3-1 /F3-T4-1 /T3-T4-3 /F3-T5-1 /T6-T5-1 /T0-T6-4 /D:2     /W-F1-1  /D:4     /W-T0-1  
/D:2     /W-T1-1  /T3-T1-1 /D:3     /W-F2-1  /T5-F2-1 /T5-F3-1 /D:1     /W-F0-1  /T4-F0-1 
/T2-F0-1 /T4-F1-1 /T4-F2-1 /W-F0-1  /T4-F3-1 /T5-F2-1 /D:1     /W-T1-1  /T4-T1-3 /W-T4-1  
/W-T4-1  /W-F1-1  /D:3     /W-T0-1  /T4-T0-3 /D:1     /W-T0-1  /T5-T0-2 /T5-T6-1 /T5-F1-1 
/T5-T6-1 /T0-F1-1 /R       /D:1     /W-F2-1  /T0-F2-1 /D:1     /W-F2-1  /D:1     /W-T2-1  
/D:1     /W-T2-1  /T5-T2-1 /D:1     /W-F0-1  /T1-F0-1 /T1-F1-1 /T0-F1-1 /T6-F0-1 /T1-F0-1 
/T0-F0-1 /D:1     /W-F3-1  /D:1     /W-F0-1  /D:1     /W-F3-1  /T6-F3-1 /T1-F3-1 /T6-F2-1 
/T6-F3-1 /T1-F2-1 /T1-F3-1 /T6-F2-1 /T1-F2-1 /T6-F3-1 /T1-F3-1 /T6-F2-1 /D:1     /W-F1-1  
/T0-F1-1 /T0-F0-1 /T2-F1-1 /T0-F1-1 /T2-F0-1 /T0-F0-1 /T2-F1-1 
"
1010030,w#nA#qWL#YpjN#lStmI#JQXrKk#dFDHxCi#oVhceOUyGBzZfaPuEsMRTvgb,104.000000,2278.000000,39.000000,0.651316,1,"
minimal: 0 / states: 119 / duration: 0.000116s
history:
/T1-F0-1 /T1-F2-1 /T3-F3-1 /T6-T0-1 /T5-T2-1 /T4-T3-1 /T4-T1-1 /T2-T1-2 /T3-T5-2 /T0-T1-2 
/D:1     /W-F2-1  /T3-F2-1 /T5-T3-3 /D:2     /W-T3-1  /T4-T3-1 /T5-T4-1 /T4-T3-2 /D:3     
/W-F3-1  /D:4     /W-F0-1  /T6-F0-1 /T6-T4-1 /T6-T1-1 /T6-F0-1 /T2-T4-1 /T2-F2-1 /T3-F2-1 
/D:1     /W-T0-1  /T3-T0-7 /D:1     /W-T2-1  /D:2     /W-F1-1  /D:1     /W-F3-1  /D:2     
/W-F0-1  /T6-F0-1 /D:1     /W-F2-1  /D:1     /W-T3-1  /T4-T3-3 /D:2     /W-T1-1  /D:1     
/W-T3-1  /D:2     /W-F1-1  /R       /D:2     /W-F1-1  /T6-F1-1 /D:1     /W-F1-1  /D:1     
/W-T3-1  /D:1     /W-T2-1  /T5-T2-1 /T5-F3-1 /W-T5-1  /T5-T2-2 /D:1     /W-F0-1  /D:1     
/W-F1-1  /D:1     /W-T2-1  /T1-T2-1 /T1-F0-1 /D:1     /W-F3-1  /T0-F3-1 /T0-F2-1 /T2-F3-1 
/T3-F3-1 /T2-F2-1 /T2-F3-1 /T3-F2-1 /T3-F3-1 /T1-T2-1 /T1-F2-1 /T3-F2-1 /T2-T1-2 /T2-F3-1 
/T2-F2-1 /T0-T3-4 /T0-F3-1 /T0-F2-1 /T2-F3-1 /D:1     /W-F1-1  /T3-F1-1 /T1-F1-1 /T3-F0-1 
/T1-F0-1 /T3-F1-1 /T1-F1-1 /T3-F0-1 /T1-F0-1 /T3-F1-1 /T1-F1-1 /T3-F0-1 
"
1010031,z#wF#icI#pYNr#hufZS#tTdRna#geVqBDj#mPJUEGoOxMkKsWCvHAyLXlQb,91.500000,895.000000,35.000000,0.712121,1,"
minimal: 0 / states: 122 / duration: 0.000129s
history:
/T5-F1-1 /T5-F2-1 /T3-T4-1 /T3-F3-1 /T5-T1-1 /T2-T6-1 /T5-T4-1 /T1-T5-2 /T3-T0-1 /T3-T4-1 
/D:1     /W-T3-1  /D:3     /W-T6-1  /D:2     /W-T6-1  /T4-T6-4 /D:1     /W-F2-1  /T6-F2-1 
/D:1     /W-F3-1  /D:1     /W-T0-1  /T6-T0-7 /T6-T5-1 /T6-T2-1 /T6-F2-1 /T6-T1-1 /T2-T5-2 
/D:6     /W-T0-1  /D:2     /W-T1-1  /T5-T1-6 /D:1     /W-F0-1  /T1-F0-1 /T0-F0-1 /D:1     
/W-T3-1  /D:1     /W-T4-1  /D:1     /W-T3-1  /T1-T3-8 /T4-T1-2 /T4-T5-1 /T4-T2-1 /T5-T4-2 
/D:3     /W-F1-1  /T3-F1-1 /T0-F1-1 /T6-F1-1 /T0-F2-1 /T3-F0-1 /T4-F1-1 /T6-F1-1 /R       
/D:1     /W-F3-1  /D:2     /W-F0-1  /D:1     /W-T5-1  /D:1     /W-T1-1  /W-T1-1  /T2-T1-2 
/D:2     /W-F2-1  /T4-F2-1 /T1-F2-1 /T4-F1-1 /T1-F1-1 /D:2     /W-F2-1  /T3-T1-5 /T3-F2-1 
/D:1     /W-T5-1  /D:1     /W-F3-1  /T1-F3-1 /T0-F3-1 /T1-F0-1 /T0-F0-1 /T1-F3-1 /T0-F3-1 
/T1-F0-1 /T0-F0-1 /T0-F1-1 /T1-F3-1 /T1-F0-1 /T1-F1-1 /W-F3-1  /T0-F2-1 /T3-F3-1 /T3-F2-1 
/W-F0-1  /T0-F3-1 /T1-F0-1 /T1-F3-1 /T5-F1-1 /T0-F2-1 /T3-F1-1 /T5-F0-1 
"
1010032,d#eO#xLT#ZkRM#YgwJa#tjuUlB#zIsDKVA#mvXSyGFPnNobrhcfqiCHEpWQ,138.000000,1199.000000,45.000000,0.642045,1,"
minimal: 0 / states: 123 / duration: 0.000131s
history:
/T4-F1-1 /T6-F0-1 /T5-F0-1 /T6-T4-1 /T5-T3-1 /T6-T3-1 /D:6     /W-T5-1  /D:1     /W-T2-1  
/D:1     /W-T6-1  /D:1     /W-F2-1  /D:1     /W-F3-1  /T1-F3-1 /T6-T1-2 /T1-T2-3 /T3-T1-3 
/T3-T6-1 /T4-T3-2 /T2-F3-1 /D:1     /W-F2-1  /D:1     /W-F1-1  /D:3     /W-F1-1  /T0-F1-1 
/T2-T6-1 /T2-F1-1 /D:1     /W-F1-1  /D:2     /W-T4-1  /D:1     /W-F0-1  /T6-F0-1 /W-T6-1  
/D:1     /W-T3-1  /T2-T3-2 /T3-T2-6 /T2-T3-7 /D:1     /W-F0-1  /T3-F0-1 /T6-T3-3 /T5-T6-2 
/T5-T4-1 /T5-T1-1 /T6-T1-3 /T1-F0-1 /T3-T4-4 /T3-F0-1 /T5-T1-1 /D:1     /W-F2-1  /T4-F2-1 
/D:1     /W-T2-1  /D:1     /W-F3-1  /T4-F3-1 /R       /D:1     /W-T0-1  /D:1     /W-T2-1  
/T1-T2-2 /T1-F0-1 /D:2     /W-F3-1  /D:1     /W-T0-1  /W-T0-1  /T4-T0-5 /T4-F1-1 /T2-T4-5 
/T4-T6-6 /D:1     /W-F2-1  /T0-F2-1 /T0-F3-1 /T6-F2-1 /T0-F2-1 /T6-F3-1 /T3-F3-1 /T3-F0-1 
/T6-F2-1 /T6-F3-1 /T0-T3-2 /T0-F3-1 /T1-T6-1 /T1-F0-1 /T3-T0-3 /T3-F0-1 /T6-T1-2 /T6-F3-1 
/T3-F3-1 /T1-T6-3 /T1-F0-1 /D:1     /W-F1-1  /T0-F1-1 /T0-F2-1 /T6-F1-1 /T0-F1-1 /T6-F2-1 
/T0-F2-1 /T6-F1-1 /T0-F1-1 /T6-F2-1 
"
1010036,Z#mU#tQa#SvOn#uiXoH#yzreFN#JLlRYVP#gMBwjbTpIAdhkDfEcKWxGsCq,91.500000,707.000000,32.000000,0.784483,1,"
minimal: 0 / states: 118 / duration: 0.000123s
history:
/T2-F1-1 /T3-F2-1 /T5-F3-1 /T3-F3-1 /T6-F3-1 /T2-F3-1 /T4-T6-1 /T4-F2-1 /T1-T3-1 /T2-T3-1 
/D:1     /W-T6-1  /T5-T6-1 /T5-T6-1 /D:1     /W-T2-1  /D:2     /W-T4-1  /T6-T4-5 /T6-T2-1 
/T6-F3-1 /D:2     /W-F1-1  /D:2     /W-F2-1  /D:2     /W-F0-1  /D:1     /W-T5-1  /D:3     
/W-T4-1  /D:1     /W-T3-1  /T5-T3-2 /T6-T5-1 /T4-T6-8 /T6-T0-9 /T4-T6-1 /T4-T6-1 /T5-T4-2 
/W-T5-1  /T5-T1-2 /T6-T1-3 /D:2     /W-F1-1  /T3-F1-1 /D:1     /W-T2-1  /D:1     /W-T2-1  
/T3-T2-5 /T3-F3-1 /D:1     /W-T4-1  /D:4     /W-F2-1  /T2-F2-1 /R       /D:1     /W-F0-1  
/D:1     /W-T4-1  /D:1     /W-F3-1  /D:1     /W-T4-1  /D:1     /W-T4-1  /T2-T4-2 /T2-F3-1 
/D:1     /W-T4-1  /D:2     /W-F2-1  /D:1     /W-F0-1  /T0-F0-1 /T0-F1-1 /T4-F0-1 /T0-F0-1 
/T4-F1-1 /T0-F1-1 /T4-F2-1 /T1-F2-1 /W-F0-1  /T0-F0-1 /T0-F3-1 /T4-F1-1 /T1-F1-1 /T2-F2-1 
/T0-F2-1 /T4-F0-1 /T1-F0-1 /T2-F3-1 /T0-F3-1 /T4-F1-1 /T1-F1-1 /T2-F0-1 /T0-F0-1 /T4-F2-1 
/T1-F2-1 /T2-F3-1 /T0-F3-1 /T4-F1-1 /T1-F1-1 /T2-F0-1 /T4-F2-1 
"
1010041,X#ry#jgn#ocQt#GsPqa#DKlUMC#TumzpAZ#WLVIxvbRBieNwFJEdSHOkYfh,107.000000,1292.000000,43.000000,0.666667,1,"
minimal: 0 / states: 118 / duration: 0.000130s
history:
/T2-F2-1 /T4-F1-1 /T1-T6-1 /T0-T6-1 /T6-T0-3 /T6-F0-1 /D:7     /W-F1-1  /D:2     /W-F0-1  
/T5-F0-1 /D:3     /W-F3-1  /D:1     /W-T0-1  /D:1     /W-T2-1  /W-T2-1  /T4-T2-1 /T4-T2-1 
/W-T0-1  /W-T4-1  /D:3     /W-T1-1  /T6-T1-1 /D:1     /W-T3-1  /T1-T3-3 /T5-T1-1 /T3-T5-5 
/D:1     /W-T0-1  /T2-T0-5 /D:1     /W-F3-1  /T0-F3-1 /T3-F3-1 /T3-F1-1 /T3-F2-1 /T5-F2-1 
/T0-F2-1 /T5-F1-1 /T5-F2-1 /T6-T3-1 /T0-F1-1 /T4-T0-1 /T4-F2-1 /T0-F3-1 /T5-F3-1 /T5-F2-1 
/T4-T5-1 /T6-T4-1 /T6-F2-1 /T6-F3-1 /D:2     /W-T1-1  /D:1     /W-F1-1  /D:1     /R       
/D:2     /W-T4-1  /D:2     /W-T2-1  /T5-T2-2 /T5-T3-1 /T5-T1-1 /T5-F0-1 /T2-T1-4 /D:1     
/W-T3-1  /D:1     /W-F2-1  /D:2     /W-F0-1  /T0-F0-1 /T0-F1-1 /T1-F0-1 /T0-F0-1 /T1-F3-1 
/T1-F0-1 /W-F0-1  /W-F3-1  /W-F3-1  /T1-T3-1 /T1-F0-1 /T4-F0-1 /D:2     /W-F1-1  /T0-F1-1 
/T0-F2-1 /T0-F3-1 /T3-F1-1 /T3-F2-1 /T1-F3-1 /W-F1-1  /T0-F2-1 /T0-F3-1 /T3-F1-1 /T1-F0-1 
/T3-F2-1 /T4-F1-1 
"
1010048,v#dZ#zXC#GfJO#mEhVA#UDoNxL#RKHwbln#spyPrgMcjqFaSIikeBWQTYtu,128.500000,2167.000000,48.000000,0.611111,1,"
minimal: 0 / states: 115 / duration: 0.000122s
history:
/T4-F0-1 /T6-F2-1 /T5-T1-1 /T5-T6-1 /T5-F3-1 /T3-F3-1 /T5-F2-1 /T4-T3-1 /T4-T0-1 /D:2     
/W-F2-1  /D:2     /W-F3-1  /D:4     /W-T5-1  /D:1     /W-T6-1  /T0-T6-2 /T1-T0-2 /T2-T1-1 
/T3-T2-2 /T2-T0-3 /T6-T2-5 /T6-T1-1 /T4-T3-1 /T1-T3-3 /W-T1-1  /D:1     /W-F2-1  /D:2     
/W-F1-1  /T3-F1-1 /T5-F1-1 /D:3     /W-T6-1  /D:3     /W-F0-1  /T3-F0-1 /T3-F1-1 /T5-F0-1 
/W-F1-1  /T3-F0-1 /T3-F1-1 /T3-T2-1 /D:2     /W-F3-1  /D:2     /W-T1-1  /D:1     /W-T5-1  
/D:1     /W-T0-1  /W-T0-1  /R       /D:1     /W-T0-1  /D:1     /W-T4-1  /D:1     /W-F2-1  
/T0-F2-1 /T5-F2-1 /D:1     /W-F1-1  /T2-T5-1 /T2-F1-1 /T6-F1-1 /T5-T2-2 /D:1     /W-F0-1  
/T2-F0-1 /D:3     /W-T4-1  /T6-T4-1 /T6-F0-1 /T6-T1-1 /T6-F3-1 /W-F0-1  /W-F3-1  /T0-F3-1 
/T0-F2-1 /T2-F3-1 /T0-F3-1 /T0-F0-1 /T2-F2-1 /T2-F1-1 /T4-F2-1 /T4-F1-1 /T1-F0-1 /T2-F2-1 
/T2-F1-1 /T4-F2-1 /T2-F2-1 /T4-F1-1 /D:1     /W-F3-1  /T0-F3-1 /T0-F0-1 /T1-F3-1 /T0-F3-1 
/T1-F0-1 
"
1010049,K#Oy#CEa#kutM#zgSBN#edvsnA#oJQrmqR#pUFcTXZWbDijwVPHIflGLxYh,92.500000,1167.000000,22.000000,0.941667,1,"
minimal: 0 / states: 121 / duration: 0.000121s
history:
/T2-F1-1 /T4-F3-1 /T5-F0-1 /T4-F0-1 /T5-F2-1 /T6-T5-1 /T6-T5-1 /T1-T6-1 /T1-F3-1 /T6-T1-2 
/T6-T4-1 /T6-T2-1 /D:1     /W-T2-1  /D:3     /W-T5-1  /D:2     /W-T1-1  /T6-T1-1 /T6-F2-1 
/T3-T6-1 /T4-T3-2 /T5-T4-4 /T2-F2-1 /D:2     /W-T0-1  /T5-T0-1 /T5-T3-1 /D:1     /W-F1-1  
/T4-F1-1 /T3-F1-1 /T4-F2-1 /T3-F2-1 /T2-T3-2 /T2-F0-1 /T5-F1-1 /W-T2-1  /D:1     /W-F0-1  
/D:1     /W-T1-1  /D:4     /W-F3-1  /T3-F3-1 /T3-F0-1 /T4-F3-1 /T3-F3-1 /T4-F2-1 /T3-F2-1 
/T3-F2-1 /F2-T1-1 /T4-T1-1 /D:3     /W-F1-1  /T1-F1-1 /T1-F2-1 /T0-F2-1 /W-T0-1  /W-T1-1  
/D:1     /W-T4-1  /T0-T4-3 /D:2     /W-T2-1  /T3-T2-1 /D:2     /W-T6-1  /W-T6-1  /D:1     
/W-F1-1  /R       /D:1     /W-T4-1  /D:1     /W-F0-1  /D:1     /W-F3-1  /T4-F3-1 /D:1     
/W-T6-1  /D:1     /W-F2-1  /D:1     /W-F3-1  /T4-T6-1 /T4-F3-1 /T1-T2-3 /T1-F3-1 /T6-T4-2 
/T6-F2-1 /T1-F2-1 /T6-F3-1 /T2-T1-5 /T2-F3-1 /T4-T6-4 /T4-F2-1 /D:1     /W-F0-1  /T1-F0-1 
/T1-F1-1 /T6-F0-1 /T1-F0-1 /T6-F1-1 /T1-F1-1 /T6-F0-1 /T1-F0-1 /T6-F1-1 /T1-F1-1 /T6-F0-1 
"
1010055,Q#ZU#sKa#eion#fBOcI#vxrdwC#huGHPzD#FVWqpXgJlkSLTtbjNREMyAYm,128.000000,1117.000000,39.000000,0.688312,1,"
minimal: 0 / states: 120 / duration: 0.000123s
history:
/T2-F1-1 /T3-F2-1 /T3-F2-1 /T5-T0-1 /T1-T4-1 /T3-T5-1 /T6-T3-1 /D:3     /W-T2-1  /T4-T2-2 
/T4-T3-1 /T4-T0-1 /T4-T3-1 /D:2     /W-F2-1  /W-F2-1  /D:4     /W-T6-1  /T2-T6-4 /T3-T2-4 
/T6-T3-6 /D:3     /W-T1-1  /D:2     /W-T3-1  /T4-T3-1 /D:1     /W-F1-1  /T2-T6-1 /T2-F1-1 
/T6-T2-2 /T6-T5-1 /W-T5-1  /W-T6-1  /W-T1-1  /T5-T1-4 /T5-F1-1 /T5-F2-1 /T2-T1-5 /D:1     
/W-T5-1  /D:1     /W-F3-1  /T0-F3-1 /D:2     /W-T3-1  /T0-T3-2 /D:1     /W-T0-1  /D:2     
/W-F0-1  /T1-F0-1 /T1-F3-1 /T3-F0-1 /T1-F0-1 /T1-F1-1 /T3-F3-1 /T3-F0-1 /T3-F1-1 /T1-F2-1 
/T3-F2-1 /T6-T3-2 /T6-F2-1 /D:1     /W-T0-1  /T5-T0-2 /T5-F2-1 /D:1     /W-T2-1  /W-T2-1  
/W-F3-1  /T3-F3-1 /T1-F3-1 /T3-T6-1 /T3-F3-1 /T6-T3-2 /R       /D:1     /W-F0-1  /T3-F0-1 
/T1-F0-1 /D:1     /W-F3-1  /T3-T0-2 /T3-F3-1 /D:1     /W-F3-1  /D:1     /W-F1-1  /T0-F1-1 
/T0-F0-1 /T1-F1-1 /T0-F1-1 /T1-F2-1 /T0-F2-1 /T0-F3-1 /T1-F1-1 /T2-F2-1 /T1-T2-1 /T1-F3-1 
/T3-T0-2 /T3-F2-1 /D:1     /W-F0-1  /T0-F0-1 /T0-F1-1 /T2-F0-1 /T0-F0-1 /T2-F1-1 
"
1010064,n#uY#Rma#LoCv#wztQF#IefTGN#PqhbXKA#lZOBdxkWHVDsrMcpSUyjEiJg,76.000000,347.000000,22.000000,0.900000,1,"
minimal: 0 / states: 118 / duration: 0.000122s
history:
/T0-F2-1 /T2-F1-1 /T5-F3-1 /T6-F0-1 /T6-T1-1 /T2-T0-1 /T2-T4-1 /D:2     /W-T2-1  /D:1     
/W-F3-1  /D:1     /W-F0-1  /D:4     /W-T1-1  /T3-T1-1 /T3-F0-1 /T3-F2-1 /T6-T3-1 /T6-F1-1 
/T5-T6-1 /T4-T5-2 /T6-T1-2 /T6-T5-1 /T6-F3-1 /T4-F3-1 /T3-T0-2 /D:3     /W-F0-1  /D:3     
/W-T3-1  /T1-T3-6 /T5-T1-4 /T5-T3-1 /T1-T5-1 /T1-F3-1 /T5-T1-2 /W-T3-1  /D:1     /W-F1-1  
/D:1     /W-F2-1  /T1-F2-1 /T3-F2-1 /W-F2-1  /T4-F2-1 /T4-T6-1 /W-T4-1  /W-T4-1  /T1-T4-3 
/T1-F2-1 /T3-T5-3 /T3-F2-1 /T4-T0-6 /T5-T3-4 /D:1     /W-F3-1  /D:2     /W-T2-1  /D:2     
/W-F0-1  /D:3     /R       /D:1     /W-T6-1  /D:1     /W-F1-1  /T0-F1-1 /T0-F0-1 /T0-F3-1 
/T3-F1-1 /T3-F0-1 /T0-F0-1 /D:1     /W-T6-1  /D:1     /W-T2-1  /D:1     /W-F3-1  /T0-F3-1 
/T0-F2-1 /T6-F2-1 /D:3     /W-T0-1  /W-T0-1  /D:1     /W-F1-1  /T3-F1-1 /T0-F1-1 /T3-F0-1 
/T0-F0-1 /T3-F3-1 /T0-F3-1 /W-F1-1  /T2-F1-1 /T2-F2-1 /T3-F0-1 /T0-F0-1 /T3-F3-1 /T2-F3-1 
/T6-F1-1 /T0-F1-1 /T3-F0-1 /T6-F2-1 
"
1010065,a#Be#qJn#vWxy#HKPtA#EsZpNF#khSjgLr#VQuYcCoRwiOGMlmDzUXdfITb,152.500000,3747.000000,50.000000,0.592391,1,"
minimal: 0 / states: 124 / duration: 0.000132s
history:
/T0-F1-1 /T2-F2-1 /T4-F0-1 /T1-T5-1 /T1-F0-1 /D:1     /W-T2-1  /D:1     /W-T6-1  /D:1     
/W-T2-1  /D:3     /W-F0-1  /D:1     /W-F2-1  /D:6     /W-T0-1  /D:1     /W-T0-1  /D:1     
/W-T1-1  /T3-T1-1 /T3-T0-1 /T3-T0-1 /T3-T0-1 /D:1     /W-F0-1  /D:1     /W-T3-1  /D:1     
/W-T0-1  /T4-T0-1 /F0-T5-1 /T4-T5-1 /D:1     /W-T1-1  /T2-T1-3 /T5-T2-1 /T5-F0-1 /T2-T5-2 
/D:2     /W-T0-1  /T6-T0-2 /D:2     /W-T1-1  /T5-T1-4 /T5-F3-1 /T5-F2-1 /T6-T5-1 /T5-T2-2 
/T5-T6-1 /T5-F0-1 /T1-T6-3 /T1-F0-1 /D:1     /W-F1-1  /R       /D:1     /W-T3-1  /T4-T3-1 
/T6-T4-5 /T6-T3-1 /D:1     /W-F1-1  /D:4     /W-F3-1  /T4-F3-1 /T0-F3-1 /T4-F2-1 /T0-F2-1 
/D:1     /W-F0-1  /D:1     /W-F1-1  /T4-F1-1 /T0-F1-1 /T6-T0-1 /T4-F2-1 /T4-F1-1 /T6-F1-1 
/T4-F0-1 /W-F1-1  /T3-F1-1 /T6-F1-1 /D:1     /W-F0-1  /R       /D:1     /W-F3-1  /T0-F3-1 
/T0-F2-1 /T1-F3-1 /T0-F3-1 /T1-F2-1 /T0-F2-1 /T1-F3-1 /T0-F3-1 /T1-F0-1 /T3-F0-1 /T1-F3-1 
/T2-F0-1 /T3-F3-1 /T2-F3-1 /T0-T3-2 /T0-F0-1 /D:1     /W-F2-1  /T3-F2-1 /T1-F2-1 /T3-F1-1 
/T1-F1-1 /T3-F2-1 
"
1010067,Z#jI#rwF#LpOe#JQBon#mtWKYT#hDbPCqA#UHXysRNxScfVkuliGEgaMzdv,83.500000,738.000000,30.000000,0.817460,1,"
minimal: 0 / states: 127 / duration: 0.000130s
history:
/T4-F2-1 /T4-F2-1 /T6-F0-1 /T4-F0-1 /T6-T3-1 /T6-F0-1 /T3-T2-2 /T6-T2-1 /T2-T5-4 /F0-T4-1 
/T3-T4-1 /T3-F2-1 /T3-T0-1 /D:1     /W-T1-1  /D:2     /W-T0-1  /T2-T0-1 /T4-T2-3 /D:4     
/W-F3-1  /T2-F3-1 /T5-F3-1 /T6-T2-1 /T5-F2-1 /T6-T5-1 /D:3     /W-T5-1  /D:2     /W-T0-1  
/D:2     /W-T0-1  /T5-T0-5 /D:2     /W-T4-1  /D:1     /W-T1-1  /D:3     /W-F1-1  /T2-F1-1 
/T0-F1-1 /T2-F0-1 /T0-F0-1 /T2-F3-1 /T2-F2-1 /D:1     /W-T2-1  /T5-T2-1 /T5-T2-1 /T5-T2-1 
/T1-T2-3 /T5-T6-1 /D:1     /W-T3-1  /D:1     /W-F1-1  /T0-F1-1 /D:1     /W-T1-1  /T6-T1-2 
/R       /D:1     /W-T4-1  /D:1     /W-T5-1  /D:1     /W-F2-1  /T1-F2-1 /T0-T4-2 /T0-F2-1 
/D:1     /W-F3-1  /D:2     /W-F3-1  /D:1     /W-F1-1  /D:1     /W-T5-1  /T4-T5-5 /D:1     
/W-T3-1  /W-T3-1  /T1-T3-3 /D:1     /W-F0-1  /T5-F0-1 /T2-F0-1 /T5-F3-1 /T2-F3-1 /T0-F3-1 
/T5-F0-1 /T2-F0-1 /T2-F3-1 /T5-T0-1 /T5-F0-1 /T2-F0-1 /T0-T5-2 /T0-F3-1 /T0-F0-1 /T2-F3-1 
/T0-F3-1 /T2-F0-1 /D:1     /W-F1-1  /T3-F1-1 /T3-F2-1 /T5-F1-1 /T3-F1-1 /T5-F2-1 /T3-F2-1 
/T5-F1-1 /T3-F1-1 /T5-F2-1 /T3-F2-1 /T5-F1-1 
"
1010076,u#yM#xET#RLUA#mCQdw#kpePZY#GWzHsaV#gnvIBtNrKFjfhSbliXocqODJ,91.500000,628.000000,37.000000,0.708333,1,"
minimal: 0 / states: 111 / duration: 0.000116s
history:
/T3-F0-1 /T6-T4-1 /T6-F1-1 /T5-T1-1 /T6-T2-1 /T6-T4-1 /T2-T0-2 /D:1     /W-T4-1  /D:1     
/W-F2-1  /D:3     /W-F0-1  /D:1     /W-T3-1  /D:1     /W-F3-1  /D:2     /W-T1-1  /D:1     
/W-T4-1  /D:1     /W-T1-1  /D:1     /W-T3-1  /T2-T3-1 /D:3     /W-F1-1  /D:1     /W-T6-1  
/T2-T6-1 /T5-T2-1 /D:3     /W-F2-1  /D:1     /W-F1-1  /D:2     /W-F3-1  /T5-F3-1 /T5-T0-1 
/T5-F2-1 /W-F2-1  /T4-T5-5 /T4-F1-1 /T4-F3-1 /T4-F0-1 /T0-F1-1 /D:1     /W-F0-1  /T3-F0-1 
/T3-F1-1 /T5-F0-1 /T5-F1-1 /D:1     /R       /D:1     /W-T1-1  /T3-T1-2 /T3-T2-1 /T3-F3-1 
/T6-T3-3 /T6-T3-1 /T5-T2-4 /T1-T5-7 /T6-F0-1 /T2-F0-1 /T0-T2-3 /T1-T4-1 /D:1     /W-F0-1  
/D:1     /W-F2-1  /T2-F2-1 /T5-F2-1 /D:1     /W-F1-1  /D:1     /W-F3-1  /T2-F3-1 /T2-F2-1 
/T5-F3-1 /T2-F3-1 /T5-F2-1 /T3-F3-1 /T2-F2-1 /T3-F2-1 /T4-F2-1 /D:1     /W-F1-1  /T5-F1-1 
/T2-F1-1 /T3-F1-1 /T3-F2-1 /T4-F1-1 /D:1     /W-F3-1  /D:1     /W-F0-1  /T5-F0-1 /T2-F0-1 
/T5-F3-1 /T2-F3-1 /T5-F0-1 
"
1010080,n#cf#CPj#wVMB#xLmro#sWZYgQ#UXdzphN#EDluqIbvKyatJTFHiAGSOekR,134.500000,1451.000000,43.000000,0.642857,1,"
minimal: 0 / states: 120 / duration: 0.000129s
history:
/T0-F2-1 /T4-F2-1 /T6-F3-1 /T5-T4-1 /T4-T1-2 /T4-T0-1 /T4-T0-1 /T2-T4-1 /T3-T2-1 /D:3     
/W-T3-1  /T4-T3-2 /T3-T4-4 /D:1     /W-T3-1  /T5-T3-1 /D:2     /W-T4-1  /T6-T4-1 /T6-F2-1 
/T5-T6-1 /W-F2-1  /D:3     /W-T6-1  /D:1     /W-T5-1  /D:1     /W-F1-1  /D:1     /W-T4-1  
/T1-T4-3 /D:3     /W-T3-1  /D:3     /W-F0-1  /T2-F0-1 /D:3     /W-F3-1  /T2-F3-1 /T2-T4-1 
/T6-T2-3 /T4-F0-1 /T4-F3-1 /T6-T4-1 /T6-T0-1 /D:1     /W-T3-1  /D:1     /W-T5-1  /D:1     
/W-F3-1  /W-F3-1  /W-T6-1  /R       /D:2     /W-F0-1  /W-F0-1  /D:1     /W-F1-1  /T1-F1-1 
/T4-F1-1 /T3-F1-1 /T3-F0-1 /T4-F2-1 /T4-F1-1 /T6-F0-1 /T5-T1-3 /T5-T2-1 /T5-F2-1 /T3-F1-1 
/T4-F2-1 /T4-F1-1 /T3-F2-1 /T6-T4-1 /D:1     /W-F2-1  /D:1     /W-T0-1  /T3-T0-1 /T3-F2-1 
/D:1     /W-F3-1  /T4-F3-1 /T0-F3-1 /T2-F3-1 /T0-T1-1 /T0-F3-1 /T4-T2-2 /T4-F2-1 /T1-T0-2 
/T1-F2-1 /T2-T4-3 /T2-F3-1 /T1-F3-1 /T2-F2-1 /D:1     /W-F0-1  /T4-F0-1 /T0-F0-1 /D:1     
/W-F1-1  /T4-F1-1 /T0-F1-1 /T4-F0-1 /T0-F0-1 /T4-F1-1 /T0-F1-1 /T4-F0-1 
"
1010085,Q#lY#DPa#ipwX#uvWgJ#kMTohn#bLrCAfV#jqGdOztHyRxSZBcIKesUFNmE,104.000000,1891.000000,36.000000,0.714286,1,"
minimal: 0 / states: 123 / duration: 0.000123s
history:
/T2-F1-1 /T5-F2-1 /T6-T4-1 /T4-T3-2 /D:3     /W-T5-1  /T6-T5-1 /T6-F0-1 /T6-T0-1 /T6-T5-1 
/T3-T6-3 /T0-T5-2 /D:2     /W-T5-1  /D:1     /W-T0-1  /T1-T0-1 /D:2     /W-T6-1  /T4-T6-1 
/D:3     /W-T0-1  /T4-T0-1 /T5-T4-7 /T5-F2-1 /T4-T0-8 /T5-T4-1 /T1-T5-1 /T5-T1-2 /T3-T5-1 
/T3-F2-1 /T3-T5-1 /T4-T5-2 /D:2     /W-T3-1  /T6-T3-6 /T6-F1-1 /D:1     /W-F0-1  /D:1     
/W-F1-1  /D:2     /W-T1-1  /D:2     /W-T3-1  /W-T3-1  /D:2     /W-T5-1  /D:1     /W-F3-1  
/T0-F3-1 /T0-F0-1 /T2-F3-1 /T0-F3-1 /T2-F0-1 /D:1     /W-T2-1  /D:1     /W-F0-1  /T5-F0-1 
/R       /D:1     /W-T1-1  /D:1     /W-F2-1  /T0-F2-1 /D:1     /W-F1-1  /T3-F1-1 /T0-F1-1 
/T0-F0-1 /T3-F2-1 /T3-F1-1 /T0-F1-1 /T3-F0-1 /T5-T3-2 /T5-F1-1 /T1-F1-1 /D:1     /W-F2-1  
/D:1     /W-T2-1  /T5-T2-2 /D:1     /W-F3-1  /D:1     /W-F3-1  /T3-F3-1 /T3-F2-1 /T0-F2-1 
/T2-F2-1 /T2-F1-1 /T0-T1-1 /T0-F2-1 /T2-F2-1 /T1-T0-2 /T1-F1-1 /T2-F1-1 /T0-T1-3 /T0-F2-1 
/D:1     /W-F0-1  /D:1     /W-F3-1  /T3-F3-1 /T1-F3-1 /T3-F0-1 /T1-F0-1 /T3-F3-1 /T1-F3-1 
/T3-F0-1 /T1-F0-1 /T3-F3-1 
"
1010089,K#qO#QkX#IPvN#aVGZt#iwCpmz#sedJoWU#bxMYLBchEyAlFSRfDHngrTuj,80.000000,580.000000,32.000000,0.742188,1,"
minimal: 0 / states: 126 / duration: 0.000128s
history:
/T3-F3-1 /T1-F3-1 /T6-T3-1 /T6-T0-1 /T4-T3-1 /T3-T0-3 /T3-F3-1 /F3-T1-1 /T6-T1-1 /T6-T2-1 
/D:4     /W-T5-1  /T0-T5-5 /T5-T0-7 /D:1     /W-T4-1  /T2-T4-2 /D:3     /W-T3-1  /D:2     
/W-T5-1  /T2-T5-1 /D:1     /W-F0-1  /D:3     /W-T0-1  /D:5     /W-F2-1  /T1-F2-1 /T1-F3-1 
/T2-F3-1 /T5-T2-3 /T5-F2-1 /T5-T6-1 /T5-T2-1 /T5-T2-1 /T4-T5-4 /T4-T3-1 /T4-T5-1 /T4-F1-1 
/T1-F2-1 /W-T2-1  /D:1     /W-T2-1  /D:1     /W-T0-1  /T6-T0-2 /W-T6-1  /W-T3-1  /W-F3-1  
/W-T2-1  /T6-T2-2 /T0-T3-3 /T0-F3-1 /D:1     /W-F3-1  /D:1     /W-T5-1  /D:1     /R       
/D:1     /W-F1-1  /D:2     /W-T1-1  /D:1     /W-F0-1  /T3-F0-1 /T2-F0-1 /D:1     /W-F1-1  
/T3-F1-1 /T2-F1-1 /T3-F2-1 /T6-F2-1 /T0-F2-1 /T0-F3-1 /T3-F1-1 /T5-F2-1 /T0-F2-1 /T5-F3-1 
/T0-F3-1 /T2-T5-4 /T2-F2-1 /W-F2-1  /T5-T2-5 /T5-F3-1 /T2-T5-6 /T2-F2-1 /T0-T1-2 /T0-F2-1 
/D:1     /W-F0-1  /T5-F0-1 /T3-F0-1 /T5-F1-1 /T3-F1-1 /T5-F0-1 /T3-F0-1 /T5-F1-1 /T5-F0-1 
/T1-F0-1 /T1-F3-1 /T5-T2-2 /T5-F3-1 /D:1     /W-T1-1  /D:1     /W-F1-1  /T2-F1-1 /T1-F1-1 
/T2-F0-1 /T1-F0-1 /T2-F1-1 
"
1010094,v#xG#tTw#OgSs#IJFpA#WyRLaN#BMujUbn#ckqdoHXZPfirVmhzlDKCYQEe,110.000000,1033.000000,36.000000,0.738095,1,"
minimal: 0 / states: 120 / duration: 0.000122s
history:
/T4-F0-1 /T5-F3-1 /T5-F1-1 /T6-F2-1 /T6-F1-1 /T6-T0-1 /T1-T0-1 /T6-T1-1 /T0-T1-3 /D:1     
/W-F1-1  /D:1     /W-T5-1  /T2-T5-1 /T3-T2-1 /T3-T1-1 /T2-T6-2 /D:2     /W-F1-1  /D:1     
/W-F2-1  /T4-F2-1 /T4-T3-1 /W-F2-1  /D:3     /W-T0-1  /T5-T0-3 /T5-T3-1 /W-T5-1  /T4-T5-1 
/D:2     /W-T2-1  /D:1     /W-T0-1  /T6-T0-3 /D:1     /W-F2-1  /T0-F2-1 /D:1     /W-T5-1  
/D:2     /W-T4-1  /T2-T4-2 /T6-T2-1 /T6-F0-1 /W-T6-1  /T5-T6-4 /T4-T5-4 /D:1     /W-T4-1  
/D:1     /W-T2-1  /T1-T2-6 /D:1     /W-T3-1  /W-T3-1  /W-T6-1  /T3-T6-5 /T3-F3-1 /T6-F3-1 
/D:2     /W-F0-1  /T6-F0-1 /D:1     /W-T4-1  /W-T4-1  /T5-T4-5 /D:1     /W-F3-1  /T6-F3-1 
/T2-F3-1 /T0-F3-1 /T4-T2-1 /T4-F2-1 /T0-F2-1 /T2-T4-2 /T2-F3-1 /T2-F2-1 /T6-T0-3 /T6-F3-1 
/T0-T6-4 /T0-F2-1 /T4-T2-4 /T4-F3-1 /T2-T4-5 /T2-F2-1 /T6-T0-5 /T6-F3-1 /T6-F2-1 /T4-T2-6 
/T4-F3-1 /T4-F2-1 /T0-T6-7 /T0-F3-1 /D:1     /W-F0-1  /T6-F0-1 /D:1     /W-F1-1  /T2-F1-1 
/T2-F0-1 /T6-F1-1 /T2-F1-1 /T6-F0-1 /T2-F0-1 /T6-F1-1 /T2-F1-1 /T6-F0-1 /T2-F0-1 /T6-F1-1 
/T2-F1-1 /T6-F0-1 /T2-F0-1 /T6-F1-1 
"
1010095,k#YG#pis#TqPa#JtEDL#IUwhnN#rMQFygm#KClVdbZfzHOouSxWXeBcvRAj,122.500000,1088.000000,52.000000,0.591837,1,"
minimal: 0 / states: 120 / duration: 0.000136s
history:
/T3-F1-1 /T5-F3-1 /T5-F2-1 /T4-T6-1 /T3-T4-1 /T1-T5-1 /T0-T6-1 /T6-T0-3 /T2-T6-1 /D:1     
/W-T1-1  /D:5     /W-F1-1  /D:2     /W-T5-1  /D:2     /W-T2-1  /T6-T2-2 /D:1     /W-F3-1  
/T4-F3-1 /D:1     /W-F2-1  /D:4     /W-T1-1  /D:1     /W-T6-1  /D:1     /W-T2-1  /T4-T2-1 
/T4-T5-1 /D:2     /W-F1-1  /D:1     /W-T1-1  /T5-T1-4 /T5-T0-1 /T2-T0-6 /T2-F2-1 /T3-F2-1 
/T4-T5-1 /T4-T6-1 /D:2     /W-F0-1  /D:1     /R       /D:3     /W-T6-1  /D:1     /W-F1-1  
/D:1     /W-T2-1  /T6-T2-4 /T6-T3-1 /T6-F3-1 /T6-T4-1 /T6-F2-1 /T0-T3-2 /T0-F2-1 /T5-F2-1 
/W-T4-1  /D:1     /W-T6-1  /T1-T6-8 /D:1     /W-F2-1  /D:2     /W-T4-1  /D:1     /W-F0-1  
/D:1     /W-F3-1  /W-F3-1  /W-F0-1  /T3-F0-1 /T3-F1-1 /T6-F0-1 /T3-F0-1 /T3-F3-1 /T6-F1-1 
/T0-F1-1 /T6-F0-1 /T0-F0-1 /T5-F3-1 /T2-F3-1 /T6-F1-1 /T0-F1-1 /T5-F0-1 /T2-F0-1 /T6-F2-1 
/T0-F2-1 /T6-F3-1 /T2-F3-1 /T4-F2-1 /T2-F2-1 /T6-F0-1 /T6-F3-1 /T2-F3-1 /T6-F2-1 /D:1     
/W-F1-1  /T0-F1-1 /T0-F0-1 /T4-F1-1 /T0-F1-1 /T4-F0-1 
"
1010096,T#ji#dba#VPCq#MYvcn#eSIrFN#kEKtRsA#fLxolWwygmZhUOXDuQHpBGJz,126.000000,2171.000000,47.000000,0.718085,1,"
minimal: 0 / states: 119 / duration: 0.000123s
history:
/T2-F1-1 /T2-F1-1 /T4-F2-1 /T5-F3-1 /T6-F0-1 /T4-F1-1 /T6-T0-1 /T6-T0-1 /T3-T0-1 /T3-T2-1 
/T3-T0-1 /D:1     /W-T6-1  /D:3     /W-F2-1  /D:8     /W-T4-1  /T6-T4-2 /D:2     /W-F3-1  
/T0-F3-1 /D:3     /W-T1-1  /T0-T1-4 /D:1     /W-F3-1  /D:1     /W-T3-1  /D:1     /W-F2-1  
/T1-F2-1 /T1-F3-1 /D:1     /W-F0-1  /T2-F0-1 /T2-F1-1 /W-F0-1  /D:3     /W-T0-1  /R       
/D:3     /W-T0-1  /T6-T0-1 /T6-F0-1 /T5-F0-1 /T5-F2-1 /T1-F2-1 /D:1     /W-T0-1  /T4-T0-4 
/W-T4-1  /D:1     /W-T6-1  /T1-T6-3 /T5-T1-1 /T5-F3-1 /T5-F1-1 /T0-F1-1 /T0-F2-1 /T6-F3-1 
/T6-F2-1 /T0-T1-1 /T0-F2-1 /T1-T4-3 /D:2     /W-F1-1  /T4-F1-1 /T6-F1-1 /T6-F2-1 /T4-T0-1 
/T4-F1-1 /T4-F2-1 /T6-F1-1 /W-F2-1  /T0-T4-3 /T0-F1-1 /T4-T0-4 /T0-T4-4 /T0-F2-1 /D:1     
/W-F1-1  /D:1     /W-T0-1  /W-T0-1  /D:1     /W-F3-1  /D:1     /W-T0-1  /D:1     /W-F0-1  
/T3-F0-1 /T3-F3-1 /T4-F0-1 /T4-F3-1 /T0-F3-1 /D:1     /W-F0-1  /T4-F0-1 /T0-F0-1 /T4-F3-1 
/T0-F3-1 /T4-F0-1 
"
1010103,x#gB#Ywa#QFPc#Iplou#HXWGNM#fryOnEe#AjSDhRsJZqtVCzibvKLmTkdU,146.500000,1284.000000,44.000000,0.659091,1,"
minimal: 0 / states: 110 / duration: 0.000121s
history:
/T2-F1-1 /T1-T3-1 /T1-T4-1 /T5-T1-1 /T5-F3-1 /D:1     /W-F0-1  /T3-F0-1 /D:1     /W-T0-1  
/D:1     /W-T5-1  /D:1     /W-T6-1  /T3-T6-1 /D:3     /W-T4-1  /T6-T4-3 /T6-T5-1 /T6-F2-1 
/T6-F3-1 /T3-F3-1 /W-T3-1  /D:3     /W-T3-1  /D:2     /W-T2-1  /T4-T2-6 /T4-F2-1 /T4-T1-1 
/T4-F2-1 /T3-F2-1 /T0-T1-2 /T4-T1-1 /D:1     /W-F0-1  /D:1     /W-T0-1  /D:2     /W-F1-1  
/T2-F1-1 /T2-F0-1 /T5-F0-1 /D:4     /W-T4-1  /T6-T4-1 /T6-F2-1 /D:2     /W-T4-1  /T2-T4-6 
/T2-T0-1 /D:1     /W-F1-1  /T4-F1-1 /T6-F1-1 /T3-T4-1 /T3-F0-1 /T3-F3-1 /T4-F3-1 /T4-F2-1 
/T4-F1-1 /T5-F3-1 /T5-F0-1 /W-F3-1  /D:1     /W-F3-1  /R       /D:1     /W-F1-1  /D:2     
/W-T2-1  /D:1     /W-F2-1  /T4-F2-1 /T4-F3-1 /T5-F3-1 /T5-F3-1 /T5-F0-1 /T1-F0-1 /T0-F3-1 
/T2-F3-1 /W-F0-1  /D:1     /W-F1-1  /T1-F1-1 /D:1     /W-F2-1  /T4-F2-1 /T1-F2-1 /T4-F1-1 
/T4-F2-1 /T0-F2-1 /T1-F1-1 /T4-F1-1 /D:1     /W-F0-1  /D:1     /W-F0-1  /T1-F0-1 
"
1010104,K#MA#lXY#rByz#TcbaH#fRikhQ#JqPdtOm#WSwCGxLeFDjVngZpEvsUoINu,116.500000,2556.000000,45.000000,0.621622,1,"
minimal: 0 / states: 126 / duration: 0.000132s
history:
/T1-F0-1 /T2-T1-1 /T0-T1-1 /T6-T0-1 /D:1     /W-T1-1  /D:2     /W-T2-1  /D:1     /W-T5-1  
/T6-T5-1 /W-T6-1  /D:3     /W-T0-1  /T2-T0-2 /T2-T3-1 /T3-T2-2 /W-T2-1  /D:4     /W-T2-1  
/D:1     /W-T0-1  /T4-T0-1 /T4-F1-1 /T4-F1-1 /T4-F1-1 /T4-T0-1 /D:1     /W-F2-1  /D:2     
/W-T4-1  /T3-T4-1 /T3-F0-1 /T5-T3-3 /T6-T5-2 /T6-F1-1 /T3-T5-4 /D:3     /W-T1-1  /T5-T1-7 
/T5-T4-1 /D:1     /W-T0-1  /D:2     /W-F2-1  /D:1     /W-T2-1  /W-T2-1  /D:1     /W-F3-1  
/T1-F3-1 /T1-F0-1 /T6-F3-1 /T1-F3-1 /D:1     /W-T5-1  /R       /D:1     /W-T2-1  /D:1     
/W-T0-1  /T6-T0-1 /T5-T6-2 /T5-F3-1 /T1-T5-1 /T1-F3-1 /T5-T1-2 /T6-T4-3 /D:2     /W-F0-1  
/D:1     /W-T4-1  /T0-T4-3 /T0-F3-1 /D:1     /W-F2-1  /T4-F2-1 /T1-F2-1 /T4-F1-1 /T4-F2-1 
/T1-F1-1 /T1-F2-1 /T4-F1-1 /T4-F2-1 /T1-F1-1 /T1-F2-1 /T4-F1-1 /T0-T4-2 /T0-F2-1 /T2-T1-3 
/T2-F1-1 /T2-F2-1 /T4-T0-3 /T4-F1-1 /T2-F1-1 /T4-F2-1 /T2-F2-1 /T0-T4-5 /T0-F1-1 /D:1     
/W-F0-1  /W-F0-1  /T1-F0-1 /T1-F3-1 /T4-F0-1 /T1-F0-1 /T4-F3-1 /T1-F3-1 /T4-F0-1 /T1-F0-1 
/T4-F3-1 /T1-F3-1 /T4-F0-1 /T1-F0-1 /T4-F3-1 
"
1010108,Y#lW#eor#TxdA#iKPOv#ftyuGB#asRHVjM#JhkwQqbEXcZCgnDFULNImpSz,119.500000,1465.000000,49.000000,0.601190,1,"
minimal: 0 / states: 130 / duration: 0.000130s
history:
/T3-F0-1 /T5-F0-1 /T4-T1-1 /T3-T2-1 /T1-T3-2 /T3-T0-3 /T0-T6-4 /T6-T0-5 /D:2     /W-T0-1  
/T5-T0-1 /T3-T5-1 /D:9     /W-T3-1  /D:1     /W-T2-1  /T4-T2-1 /D:2     /W-F2-1  /D:2     
/W-T5-1  /D:2     /W-T3-1  /D:1     /W-F3-1  /T2-F3-1 /T4-F3-1 /T6-T4-1 /T5-T6-3 /T4-T1-2 
/T2-F0-1 /D:1     /W-T1-1  /W-T1-1  /W-F0-1  /D:2     /W-T2-1  /D:1     /W-T0-1  /T2-T0-3 
/T2-F2-1 /T0-F2-1 /T2-T6-1 /W-T2-1  /T5-T2-1 /T5-T1-1 /T5-T1-1 /D:1     /W-T5-1  /T1-T5-7 
/R       /D:2     /W-T2-1  /W-T2-1  /T6-T2-5 /T6-T4-1 /D:2     /W-F3-1  /T6-F3-1 /T0-T5-2 
/T0-F3-1 /D:1     /W-F2-1  /D:2     /W-F0-1  /T2-T6-1 /T2-F0-1 /T6-T2-2 /T6-F1-1 /W-F1-1  
/T0-F0-1 /T4-F0-1 /D:1     /W-T3-1  /W-T3-1  /T4-T3-1 /D:1     /W-F1-1  /T5-F1-1 /T2-F1-1 
/T5-F2-1 /T2-F2-1 /T2-F3-1 /T5-F1-1 /T5-F2-1 /T5-F3-1 /T2-F2-1 /T2-F3-1 /T5-F0-1 /T2-F0-1 
/T0-T5-2 /T0-F3-1 /T3-T2-2 /T3-F3-1 /T5-T0-3 /T5-F0-1 /T3-F0-1 /T0-T5-4 /T0-F3-1 /T0-F0-1 
/T3-F3-1 /D:1     /W-F1-1  /T5-F1-1 /T2-F1-1 /T5-F2-1 /T2-F2-1 /T5-F1-1 /T2-F1-1 /T5-F2-1 
/T2-F2-1 /T5-F1-1 /T2-F1-1 /T5-F2-1 
"
1010110,P#St#Irg#KeNo#upCdU#hRQqMc#xlwDOzn#GaHJkYsjLABbVWmvZXyfFTEi,92.000000,742.000000,34.000000,0.828125,1,"
minimal: 0 / states: 112 / duration: 0.000129s
history:
/T6-F2-1 /T3-F2-1 /T3-F3-1 /T1-T4-1 /T1-T4-1 /T6-T1-1 /T6-F3-1 /T5-T6-1 /T6-T3-2 /T0-F3-1 
/T5-T0-1 /D:2     /W-F1-1  /D:4     /W-T0-1  /D:1     /W-T2-1  /T3-T2-3 /T3-T0-1 /D:1     
/W-T0-1  /D:2     /W-F0-1  /D:1     /W-F0-1  /D:1     /W-F1-1  /T2-F1-1 /D:1     /W-T6-1  
/D:2     /W-T3-1  /D:1     /W-T0-1  /T4-T0-3 /T4-F1-1 /T4-F0-1 /T2-F0-1 /T4-F2-1 /T5-F2-1 
/T2-F1-1 /T5-F3-1 /T5-F3-1 /T2-T4-2 /T2-F2-1 /T4-F2-1 /T0-F3-1 /T0-F2-1 /T4-T6-2 /T5-T2-1 
/D:1     /W-T4-1  /D:2     /W-T3-1  /W-T3-1  /T6-T3-4 /T6-T1-1 /W-T6-1  /W-T4-1  /W-T4-1  
/W-T4-1  /T2-T6-2 /T6-T1-4 /D:1     /W-F1-1  /T3-F1-1 /T1-F1-1 /T3-F2-1 /T0-T1-1 /T0-F2-1 
/T3-T4-1 /T3-F2-1 /W-T4-1  /W-T1-1  /D:2     /W-F3-1  /D:1     /W-F0-1  /W-F0-1  /T1-F0-1 
/T1-F3-1 /T4-F0-1 /T1-F0-1 /T4-F3-1 /T1-F3-1 /T1-F2-1 /T3-F3-1 /T3-F2-1 /T4-F0-1 /T0-T1-2 
/T0-F3-1 /T1-T0-3 /T1-F2-1 /T4-T3-2 /T4-F3-1 /D:1     /W-F1-1  /T0-F1-1 /T0-F0-1 /T3-F1-1 
/T0-F1-1 /T3-F0-1 /T0-F0-1 /T3-F1-1 
"
1010121,s#zw#XNb#CTPp#vDieI#rqdKVA#fFRGHmY#OnZUEugcaSMWBLhQlJykxtoj,131.500000,2136.000000,39.000000,0.689024,1,"
minimal: 0 / states: 112 / duration: 0.000124s
history:
/T5-F0-1 /T5-T1-1 /T5-T6-1 /T3-T5-1 /T2-T5-1 /T2-F3-1 /T1-T2-2 /T6-T1-2 /D:1     /W-F3-1  
/T3-F3-1 /T0-T3-1 /T6-T0-1 /T6-T2-1 /T3-T2-2 /D:1     /W-F2-1  /D:2     /W-T4-1  /T6-T4-1 
/T6-T2-1 /D:5     /W-F1-1  /T5-F1-1 /W-F1-1  /D:1     /W-T4-1  /D:2     /W-T1-1  /T4-T1-4 
/T4-T6-1 /D:1     /W-F0-1  /T3-F0-1 /W-T3-1  /D:1     /W-T0-1  /T2-T0-7 /D:2     /W-F3-1  
/T0-F3-1 /T1-F3-1 /D:1     /W-T3-1  /D:4     /W-T3-1  /D:2     /W-F2-1  /T5-F2-1 /T5-F1-1 
/T5-F2-1 /T5-F2-1 /T0-F2-1 /T6-T0-2 /T0-F1-1 /T6-F1-1 /W-F2-1  /D:1     /W-T3-1  /R       
/D:1     /W-T2-1  /D:2     /W-F2-1  /D:1     /W-F1-1  /D:1     /W-F1-1  /T4-F1-1 /T4-F0-1 
/W-F0-1  /T0-F0-1 /T0-F3-1 /T1-F0-1 /T0-F0-1 /T1-F3-1 /T0-F3-1 /T1-F0-1 /T4-F2-1 /T0-F2-1 
/T1-F3-1 /T3-F1-1 /T3-F2-1 /T0-F3-1 /T1-T3-1 /T1-F3-1 /T2-F3-1 /D:1     /W-F0-1  /T3-F0-1 
/T0-F0-1 /T3-T1-1 /T3-F0-1 /D:1     /W-F2-1  /D:1     /W-F1-1  /T1-F1-1 /T0-F1-1 /T1-F2-1 
"
1010123,o#YT#ShK#fCzn#xIwpA#UGuBab#rvyZjOd#lFMNWsEcDVtLmqPHJgRQkXei,102.500000,721.000000,36.000000,0.714286,1,"
minimal: 0 / states: 108 / duration: 0.000152s
history:
/T3-F2-1 /T0-F2-1 /T4-F0-1 /T4-F2-1 /T3-T0-1 /T5-T3-1 /T5-F1-1 /T3-F1-1 /T5-F0-1 /T3-F0-1 
/T1-T5-1 /T2-T1-1 /T1-T0-2 /D:2     /W-T5-1  /D:1     /W-T1-1  /W-T1-1  /D:1     /W-F3-1  
/D:1     /W-T0-1  /D:2     /W-T3-1  /T6-T3-1 /T6-F3-1 /D:1     /W-F1-1  /T3-F1-1 /D:1     
/W-F0-1  /T3-F0-1 /T5-F0-1 /W-T5-1  /D:1     /W-T4-1  /T5-T4-3 /T5-F0-1 /D:1     /W-T2-1  
/T3-T2-1 /D:2     /W-T3-1  /W-T3-1  /D:1     /W-F2-1  /D:1     /W-F3-1  /D:1     /W-F0-1  
/D:3     /W-T4-1  /D:1     /W-F3-1  /T4-F3-1 /D:1     /W-T3-1  /T4-T3-5 /T4-F0-1 /T6-T4-1 
/T4-T1-2 /T6-T4-1 /T6-T4-1 /T2-T6-3 /T6-T0-4 /T6-F2-1 /T2-F3-1 /T3-F2-1 /T3-F3-1 /T5-F3-1 
/W-T3-1  /W-F0-1  /D:1     /W-T4-1  /D:1     /W-F1-1  /T0-F1-1 /T0-F2-1 /T3-F1-1 /T0-F1-1 
/T3-F2-1 /T0-F2-1 /T3-F3-1 /T0-F3-1 /T0-F0-1 /T3-F2-1 /T4-F3-1 /T0-F3-1 /T3-T4-1 /T3-F0-1 
/T1-T0-3 /T1-F0-1 /T4-T3-2 /T4-F3-1 /D:1     /W-F1-1  /T0-F1-1 /T0-F2-1 /T3-F1-1 /T0-F1-1 
/T3-F2-1 /T0-F2-1 /T3-F1-1 
"
1010126,Q#pL#INT#sVCz#bcHwX#myanhA#OjKMeBi#txWRSJUgdEFulfqDZrGPovYk,171.500000,2788.000000,56.000000,0.584821,1,"
minimal: 0 / states: 124 / duration: 0.000135s
history:
/T5-F0-1 /T4-T1-1 /T6-T4-1 /T6-F0-1 /T4-T1-2 /T2-T4-1 /T2-F3-1 /T5-T2-1 /T5-F2-1 /T5-F1-1 
/T4-T1-2 /D:1     /W-T2-1  /D:4     /W-T2-1  /D:5     /W-T2-1  /T0-T2-1 /T3-T0-1 /T3-F0-1 
/D:1     /W-T1-1  /T6-T1-1 /D:1     /W-T3-1  /D:1     /W-T0-1  /D:2     /W-T1-1  /T4-T1-1 
/T4-F1-1 /T6-T4-1 /T6-T0-1 /T6-T0-1 /T6-F3-1 /T1-F1-1 /T2-T0-6 /D:1     /W-F0-1  /D:1     
/W-T2-1  /T1-T2-9 /T1-T0-1 /D:3     /W-F3-1  /D:1     /W-F2-1  /T0-F2-1 /T0-F3-1 /T2-F2-1 
/T0-F0-1 /D:2     /W-T4-1  /D:1     /W-T5-1  /R       /D:1     /W-T4-1  /D:1     /W-T4-1  
/D:1     /W-F3-1  /T0-F3-1 /D:1     /W-T5-1  /T3-T5-2 /T2-T3-1 /T2-F0-1 /T2-F3-1 /D:1     
/W-F3-1  /D:1     /W-T2-1  /T3-T2-2 /D:1     /W-F1-1  /T2-F1-1 /D:1     /W-F1-1  /D:1     
/W-F2-1  /T2-F2-1 /T0-F2-1 /T2-F1-1 /T5-F2-1 /T0-F1-1 /T5-F3-1 /T4-F3-1 /D:1     /W-F0-1  
/T2-F0-1 /T0-F0-1 /T2-F1-1 /T5-F0-1 /T0-F1-1 /T0-F0-1 /T5-F1-1 /T0-F1-1 /T2-T5-2 /T2-F0-1 
/T5-T2-3 /T5-F1-1 /T4-T0-2 /T4-F0-1 /D:1     /W-F2-1  /T2-F2-1 /T0-F2-1 /T2-F3-1 /T0-F3-1 
/T2-F2-1 /T0-F2-1 /T2-F3-1 
"
1010137,o#cz#mxt#XJZI#KYsVN#hGpDAU#FrfuSOH#WTjgyPdBqCvekELnRbMiQwal,97.000000,905.000000,34.000000,0.678571,1,"
minimal: 0 / states: 114 / duration: 0.000126s
history:
/T4-F3-1 /T6-T4-1 /T6-F3-1 /T5-T3-1 /T5-F0-1 /T6-T2-1 /T2-T3-2 /D:1     /W-T2-1  /T3-T2-4 
/D:1     /W-T4-1  /D:2     /W-T6-1  /D:1     /W-T3-1  /D:1     /W-F3-1  /D:2     /W-F0-1  
/D:2     /W-F0-1  /T5-F0-1 /D:3     /W-T3-1  /D:1     /W-F0-1  /D:2     /W-F2-1  /T0-F2-1 
/T5-F2-1 /T3-T0-3 /T4-T3-3 /T4-T3-1 /T2-T4-6 /T3-T0-5 /T4-T1-7 /W-T2-1  /T3-T2-1 /T1-T3-8 
/W-T0-1  /D:5     /W-F3-1  /D:1     /W-T2-1  /W-T2-1  /T6-T2-2 /T6-T5-1 /T6-T3-1 /T6-F0-1 
/W-T6-1  /D:1     /W-F1-1  /W-F1-1  /T1-F1-1 /W-F3-1  /T3-T5-1 /T3-F3-1 /T5-T3-2 /T5-F0-1 
/T0-T2-2 /T0-F3-1 /T0-F0-1 /T3-T5-3 /T3-F3-1 /T0-F3-1 /T3-F0-1 /T0-F0-1 /T3-F3-1 /T4-F0-1 
/T2-T0-6 /T2-F3-1 /T2-F0-1 /T6-F0-1 /D:1     /R       /D:1     /W-T3-1  /D:1     /W-F1-1  
/T0-F1-1 /D:1     /W-F2-1  /T5-F2-1 /T0-F2-1 /T5-F1-1 /T0-F1-1 /T5-F2-1 /T0-F2-1 /T5-F1-1 
/T0-F1-1 /T3-F1-1 /D:1     /W-F2-1  /T0-F2-1 /T0-F1-1 /T3-F2-1 /T0-F2-1 /T3-F3-1 /T0-F3-1 
/T3-F2-1 /D:1     /W-F1-1  /T2-F1-1 
"
1010143,n#LV#Del#IkcC#EUaQM#ihJurv#HtGPdjN#YzoqxymwSbTAWgBZpfOKXFRs,124.500000,1213.000000,31.000000,0.740000,1,"
minimal: 0 / states: 103 / duration: 0.000111s
history:
/T0-F2-1 /T6-F3-1 /T5-T6-1 /T4-T0-1 /T3-T4-1 /T4-T5-2 /T4-F1-1 /T2-T0-1 /T4-T6-1 /D:3     
/W-F2-1  /D:1     /W-T2-1  /T3-T2-1 /D:1     /W-T0-1  /T6-T0-3 /T6-T4-1 /D:3     /W-T3-1  
/T1-T3-1 /T3-T1-3 /D:2     /W-F1-1  /T2-F1-1 /T6-T2-1 /T6-T0-1 /W-T0-1  /T5-T0-3 /T5-T1-1 
/T4-F1-1 /D:1     /W-T1-1  /D:1     /W-F0-1  /D:3     /W-F0-1  /T0-F0-1 /D:2     /W-F2-1  
/D:1     /W-T6-1  /T4-T6-1 /W-T4-1  /T1-T4-6 /D:1     /W-F3-1  /T2-F3-1 /T0-F3-1 /T2-F2-1 
/T0-F2-1 /T2-F1-1 /T2-F0-1 /T6-F0-1 /T6-F1-1 /W-F1-1  /D:3     /W-F0-1  /T0-T6-1 /T0-F0-1 
/T6-T0-2 /T6-F0-1 /T3-F0-1 /T5-F0-1 /T5-F1-1 /T5-F1-1 /D:1     /W-F3-1  /T0-F3-1 /T4-F3-1 
/D:1     /W-F2-1  /T0-F2-1 /T0-F3-1 /T4-F2-1 /T0-F2-1 /T0-F1-1 /T4-F3-1 /T4-F2-1 /T4-F1-1 
/T0-F2-1 /T0-F1-1 /W-T4-1  /W-F0-1  /W-F3-1  /T4-F3-1 /T4-F0-1 /T0-F0-1 /W-F1-1  /W-F2-1  
/W-F2-1  /W-F3-1  /T4-F3-1 
"
1010152,n#vz#UXG#ekQa#YFImH#ilrsCw#jZgJPoS#qRyufKTOAhNdLbDExcMpWBtV,128.000000,1549.000000,43.000000,0.576471,1,"
minimal: 0 / states: 125 / duration: 0.000134s
history:
/T0-F2-1 /T3-F1-1 /T6-T2-1 /T6-F2-1 /T1-T0-1 /D:7     /W-T4-1  /D:2     /W-F0-1  /D:1     
/W-T1-1  /T2-T1-2 /T5-T2-1 /T5-T3-1 /T5-T4-1 /T3-T5-2 /T5-T1-3 /T5-T0-1 /T4-T5-3 /T5-T2-4 
/T4-T5-1 /W-T1-1  /W-T0-1  /D:1     /W-F3-1  /T1-F3-1 /T6-F3-1 /T6-T3-1 /D:2     /W-T5-1  
/T2-T5-6 /T2-T4-1 /D:1     /W-F1-1  /D:4     /W-F1-1  /D:1     /W-T2-1  /D:1     /W-F2-1  
/D:1     /W-T0-1  /T4-T0-2 /T4-T6-1 /W-T4-1  /T4-T2-2 /D:1     /W-F0-1  /T1-F0-1 /T1-F3-1 
/D:1     /W-T0-1  /D:1     /W-T3-1  /R       /D:1     /W-F2-1  /T1-F2-1 /T5-F2-1 /T0-F2-1 
/D:1     /W-F3-1  /T1-F3-1 /T5-F3-1 /T6-T5-2 /T6-T4-1 /T0-F3-1 /T3-F3-1 /T0-T6-1 /T0-F3-1 
/T6-T0-2 /D:1     /W-T4-1  /T3-T4-2 /T3-T5-1 /D:1     /W-F2-1  /T1-T0-2 /T1-F2-1 /T5-T4-5 
/T5-F2-1 /T2-F2-1 /T5-F3-1 /T2-F3-1 /T4-T5-7 /T4-F2-1 /T4-F3-1 /T0-T2-6 /T0-F2-1 /D:1     
/W-T2-1  /D:1     /W-F1-1  /T5-F1-1 /T2-F1-1 /D:1     /W-F0-1  /D:1     /W-F0-1  /T5-F0-1 
/T2-F0-1 /T5-F1-1 /T2-F1-1 /T5-F0-1 /T2-F0-1 /T5-F1-1 /T2-F1-1 /T5-F0-1 /T2-F0-1 /T5-F1-1 
/T2-F1-1 /T5-F0-1 /T2-F0-1 /T5-F1-1 
"
1010155,n#BX#wiS#rKQs#dLTmN#GpucYU#xWPOkey#EzjvqZAHRagIMDtFJblhofCV,92.500000,1502.000000,41.000000,0.671429,1,"
minimal: 0 / states: 122 / duration: 0.000139s
history:
/T0-F2-1 /T4-F3-1 /T6-T4-1 /T6-T3-1 /T6-T4-1 /T6-F3-1 /T6-F3-1 /T4-T0-3 /T3-T4-2 /T3-F3-1 
/T6-T3-1 /D:1     /W-T2-1  /D:2     /W-T6-1  /D:1     /W-T3-1  /T5-T3-1 /T3-T5-4 /D:1     
/W-T4-1  /D:2     /W-F0-1  /D:2     /W-F3-1  /D:1     /W-F1-1  /D:2     /W-T6-1  /D:3     
/W-T5-1  /T2-T5-2 /D:2     /W-T0-1  /T2-T0-1 /T2-T1-1 /D:1     /W-F1-1  /D:2     /W-T6-1  
/D:1     /W-F2-1  /D:3     /W-T1-1  /R       /D:1     /W-T2-1  /T5-T2-8 /T5-F1-1 /T4-T5-4 
/T5-T0-5 /T5-F2-1 /T0-F2-1 /T1-T4-3 /T1-F0-1 /T3-F2-1 /T5-T6-1 /D:1     /W-T1-1  /T4-T1-4 
/T4-F1-1 /T0-F1-1 /T0-F2-1 /T2-T6-2 /T2-F2-1 /D:1     /W-T1-1  /T0-T1-1 /T0-F2-1 /D:2     
/W-T3-1  /D:2     /W-T1-1  /D:1     /W-T3-1  /T6-T3-7 /D:1     /W-F1-1  /D:1     /W-F0-1  
/W-F0-1  /T3-F0-1 /T1-F0-1 /T3-F3-1 /T1-F3-1 /T3-F0-1 /T2-F3-1 /W-F1-1  /T1-F0-1 /T1-F3-1 
/T3-F1-1 /T0-F1-1 /T2-F2-1 /T1-F2-1 /T3-F0-1 /T0-F0-1 /T2-F3-1 /T1-F3-1 /T3-F1-1 /T0-F1-1 
/T2-F0-1 /T1-F0-1 /T3-F2-1 /T0-F2-1 /T2-F3-1 /T1-F3-1 /T3-F1-1 /T0-F1-1 /T2-F2-1 /T3-F0-1 
"
1010167,J#ON#PeX#ISHb#KfUvT#mrplsZ#jhdqRVM#yYitEgDnkQzBLCWxwAcaFGuo,104.500000,1799.000000,38.000000,0.642857,1,"
minimal: 0 / states: 132 / duration: 0.000142s
history:
/T1-F3-1 /T1-F3-1 /T6-T1-1 /T6-T0-1 /T0-T2-2 /T5-T0-1 /T5-T4-1 /T6-T4-1 /T5-T1-1 /T3-T5-1 
/T4-T3-3 /T6-T3-1 /T3-T2-5 /T5-T6-2 /T6-T5-3 /T5-T3-4 /T6-T4-1 /T4-T6-2 /D:1     /W-T0-1  
/T2-T0-8 /D:3     /W-T4-1  /T3-T4-5 /T4-T3-7 /D:1     /W-T4-1  /D:2     /W-T2-1  /D:1     
/W-F2-1  /D:2     /W-T4-1  /D:3     /W-T5-1  /D:1     /W-T4-1  /D:2     /W-T1-1  /W-T1-1  
/T3-T1-8 /D:2     /W-F0-1  /D:1     /W-T0-1  /D:1     /W-F1-1  /T1-F1-1 /T0-F1-1 /D:2     
/W-T6-1  /T4-T6-4 /T6-T4-8 /D:2     /W-F2-1  /T1-F2-1 /T0-F2-1 /T1-F1-1 /T2-T0-1 /T2-F1-1 
/T1-F2-1 /T2-F3-1 /T4-T1-3 /T4-F1-1 /R       /D:3     /W-F1-1  /D:1     /W-T5-1  /D:1     
/W-T2-1  /D:1     /W-F0-1  /T1-F0-1 /T0-F0-1 /T1-F3-1 /T0-F3-1 /T0-F2-1 /T1-F0-1 /T1-F3-1 
/T1-F2-1 /T0-F3-1 /T1-F3-1 /D:1     /W-T5-1  /W-T5-1  /T0-T5-1 /T0-F3-1 /W-T2-1  /T4-T2-5 
/D:1     /W-F0-1  /T2-F0-1 /T2-F1-1 /T5-F0-1 /T1-F0-1 /T0-F0-1 /T1-F3-1 /T0-F3-1 /T5-F1-1 
/T2-T1-2 /T2-F0-1 /T2-F3-1 /T5-T0-2 /T5-F0-1 /T0-T5-3 /T0-F3-1 /T1-T2-4 /T1-F0-1 /D:1     
/W-F2-1  /T2-F2-1 /T2-F1-1 /T5-F2-1 /T2-F2-1 /T5-F1-1 /T2-F1-1 /T5-F2-1 /T2-F2-1 /T5-F1-1 
"
1010169,l#iC#ybq#dxOh#gMAWz#UwXHsK#VLjvTYG#EeIDcZukRPFrSNofmBnpJQta,82.000000,569.000000,29.000000,0.764151,1,"
minimal: 0 / states: 123 / duration: 0.000141s
history:
/T6-T3-1  /T5-T0-1  /T6-T4-1  /T5-T6-1  /T6-T5-2  /T3-T6-2  /T3-T1-1  /T3-T4-1  /T1-T3-2  /T5-T1-3  
/D:2      /W-T1-1   /T2-T1-1  /D:3      /W-T1-1   /D:8      /W-T6-1   /W-T6-1   /T3-T6-3  /T4-T3-3  
/T4-T0-1  /T4-F0-1  /T6-T0-8  /T6-T3-1  /T5-T6-1  /T5-T6-1  /T0-T4-11 /T4-T0-12 /W-T4-1   /T1-T6-7  
/D:1      /W-F3-1   /T0-F3-1  /T2-T0-1  /W-F3-1   /W-T4-1   /W-T2-1   /D:1      /W-T6-1   /D:2      
/W-T1-1   /T6-T1-11 /D:1      /W-F0-1   /D:1      /W-F2-1   /T1-F2-1  /D:1      /W-F2-1   /D:1      
/W-T2-1   /T6-T2-1  /D:1      /W-F3-1   /T4-F3-1  /D:1      /W-T5-1   /W-T5-1   /T0-T5-4  /T0-F3-1  
/W-T2-1   /W-T6-1   /T2-T6-5  /T4-T6-2  /D:1      /W-F1-1   /T5-F1-1  /T1-F1-1  /T1-F2-1  /T5-F0-1  
/T5-F1-1  /T5-F2-1  /W-F0-1   /T1-F1-1  /T1-F2-1  /T1-F3-1  /T5-F1-1  /T5-F2-1  /T5-F3-1  /T6-T1-2  
/T6-F2-1  /T6-F3-1  /T0-T3-3  /T0-F3-1  /R        /D:1      /W-F0-1   /T1-F0-1  /T1-F1-1  /T3-F0-1  
/T1-F0-1  /T3-F1-1  /T1-F1-1  /T3-F2-1  /T1-F2-1  /T1-F3-1  /T3-F1-1  /T3-F2-1  /T3-F3-1  /T6-T1-2  
/T6-F2-1  /T3-F2-1  /T6-F3-1  /D:1      /W-F0-1   /T1-F0-1  /T0-F0-1  /T1-F1-1  /T0-F1-1  /T1-F0-1  
/T0-F0-1  /T1-F1-1  
"
1010172,t#wm#Zbo#SkjA#WgDIN#uRvfaM#GQElPpe#XiYsqdcJxyVCBUzHLKnrFOhT,109.500000,1605.000000,34.000000,0.746154,1,"
minimal: 0 / states: 116 / duration: 0.000128s
history:
/T3-F0-1 /T4-F3-1 /T4-T3-1 /T4-T6-1 /D:3     /W-T5-1  /D:1     /W-T4-1  /T6-T4-2 /D:3     
/W-T4-1  /T2-T4-1 /T2-T6-1 /D:2     /W-T5-1  /T3-T5-2 /W-T3-1  /D:1     /W-T1-1  /T3-T1-2 
/T3-T0-1 /T5-T3-5 /T5-F1-1 /T6-F1-1 /D:1     /W-T1-1  /D:2     /W-F0-1  /W-F0-1  /D:1     
/W-T3-1  /T0-T3-2 /T1-T0-5 /D:2     /W-T0-1  /T4-T0-6 /D:1     /W-T2-1  /D:2     /W-F2-1  
/T0-F2-1 /T0-F1-1 /T6-F2-1 /T6-T0-1 /W-T6-1  /T4-T6-1 /W-T4-1  /W-F1-1  /T6-T4-3 /T6-T3-1 
/T6-T3-1 /T5-T6-1 /T5-T4-1 /W-F2-1  /T0-T5-2 /T0-F1-1 /T5-T0-3 /T6-F1-1 /W-T1-1  /W-T2-1  
/T1-T2-2 /T5-T2-1 /D:1     /W-F2-1  /D:2     /W-F3-1  /T0-F3-1 /T0-F0-1 /T3-F3-1 /T0-F3-1 
/T0-F2-1 /T3-F0-1 /T3-F3-1 /T3-F2-1 /W-F0-1  /T0-F1-1 /T6-F0-1 /T0-F0-1 /T2-F2-1 /T4-F2-1 
/D:1     /W-F1-1  /T2-F1-1 /T2-F2-1 /T3-T4-2 /T3-F1-1 /T3-F2-1 /T0-T2-2 /T0-F1-1 /T0-F2-1 
/T4-T3-4 /T4-F1-1 /T0-F1-1 /T4-F2-1 /D:1     /W-F3-1  /T3-F3-1 /T2-F3-1 /T3-F0-1 /T2-F0-1 
/T3-F3-1 /T2-F3-1 /T3-F0-1 /T2-F0-1 /T3-F3-1 /T2-F3-1 /T3-F0-1 
"
1010189,t#yI#wcj#fuHY#lrkis#JPMDCA#RThxpQg#ZVzaXvbmnKOBUNFWGEqLodSe,141.000000,1842.000000,51.000000,0.593407,1,"
minimal: 0 / states: 121 / duration: 0.000145s
history:
/T5-F0-1 /T4-T6-1 /T1-T2-1 /D:4     /W-F1-1  /D:1     /W-T1-1  /D:2     /W-F1-1  /D:2     
/W-F2-1  /D:1     /W-T3-1  /T2-T3-2 /T2-F1-1 /T4-T2-1 /T2-T1-2 /W-T2-1  /T1-T2-4 /D:1     
/W-T5-1  /D:1     /W-F0-1  /D:1     /W-T3-1  /T0-T3-1 /D:1     /W-F3-1  /T5-F3-1 /T5-F0-1 
/T5-F0-1 /T3-T5-6 /T6-T3-2 /T3-T2-3 /T5-T0-7 /T5-F3-1 /T6-F3-1 /T5-T4-1 /D:4     /W-F0-1  
/D:3     /W-F2-1  /T6-F2-1 /D:1     /W-F1-1  /D:1     /W-T0-1  /D:1     /W-F1-1  /R       
/D:1     /W-T1-1  /D:1     /W-T4-1  /T3-T4-1 /T3-F1-1 /D:1     /W-T3-1  /D:2     /W-F0-1  
/D:1     /W-T6-1  /W-T6-1  /D:1     /W-F0-1  /T2-T4-2 /T2-F0-1 /T0-T6-3 /T0-F0-1 /D:1     
/W-F2-1  /D:1     /W-T1-1  /T4-T1-6 /T4-F2-1 /T6-T4-6 /F0-T0-1 /T6-T0-1 /F0-T2-1 /T6-T2-1 
/T6-F3-1 /T1-F2-1 /T1-F1-1 /T4-F3-1 /T2-F3-1 /T2-F0-1 /T4-F2-1 /T0-F1-1 /T1-F2-1 /T2-F1-1 
/T4-F3-1 /T0-F0-1 /T1-F3-1 /T1-F0-1 /T4-F2-1 /T0-F1-1 /T2-F2-1 /T1-F1-1 /T4-F3-1 /T0-F0-1 
/T2-F3-1 /T1-F0-1 /T4-F2-1 /T0-F3-1 /T2-F2-1 /T1-F3-1 /T4-F1-1 /T0-F0-1 /T2-F1-1 /T3-F2-1 
"
1010195,y#ma#xfZ#hleR#rptDX#jGYJMC#EVUvNcn#LWuHTQFoOzwBSKIgidsqPAbk,97.500000,906.000000,36.000000,0.659091,1,"
minimal: 0 / states: 119 / duration: 0.000133s
history:
/T1-F1-1 /T6-F2-1 /T4-T0-1 /T6-T4-1 /T6-F3-1 /T4-T3-2 /T0-T1-2 /T2-T0-1 /T2-T4-1 /D:1     
/W-T0-1  /D:1     /W-T2-1  /T6-T2-1 /T4-T6-2 /T6-T2-3 /D:1     /W-T6-1  /D:2     /W-T6-1  
/D:2     /W-T6-1  /T3-T6-3 /D:1     /W-F2-1  /T4-F2-1 /W-T4-1  /T5-T4-1 /T4-T2-3 /T5-T4-1 
/T5-T1-1 /T5-T4-1 /T6-T1-7 /T2-T4-9 /D:1     /W-F3-1  /D:1     /W-T2-1  /D:2     /W-T1-1  
/D:1     /W-T5-1  /T6-T5-1 /D:5     /W-T5-1  /D:2     /W-F2-1  /D:1     /W-F3-1  /T4-T5-1 
/T4-F3-1 /T4-F2-1 /W-F2-1  /T1-T3-3 /T1-F3-1 /T3-T1-4 /T3-T2-1 /T5-T3-5 /T3-T4-3 /T3-F3-1 
/T4-T3-4 /T4-F2-1 /D:1     /W-F0-1  /T1-F0-1 /T3-F0-1 /D:1     /W-F1-1  /T1-F1-1 /T1-F0-1 
/T3-F1-1 /T1-F1-1 /T3-F0-1 /T1-F0-1 /T1-F3-1 /T3-F1-1 /T3-F0-1 /T4-F3-1 /T1-F2-1 /T1-F3-1 
/T4-F2-1 /T4-F3-1 /W-T1-1  /W-F1-1  /T3-F1-1 /T1-F1-1 /T5-F1-1 /D:1     /W-F1-1  /T2-F1-1 
/R       /D:1     /W-F0-1  /D:1     /W-F2-1  /T4-F2-1 /T1-T0-2 /T1-F2-1 /T1-F1-1 /T2-F2-1 
/D:1     /W-T4-1  /D:1     /W-F0-1  /T0-F0-1 /T0-F3-1 /T4-F0-1 /T0-F0-1 /T4-F3-1 /T0-F3-1 
/T4-F0-1 
"
1010196,U#vQ#glt#mTdj#pfRNC#yoPrEa#wcDSZIn#hBizYLHWeFJOMkAqXsVGKubx,113.000000,2145.000000,38.000000,0.704225,1,"
minimal: 0 / states: 124 / duration: 0.000141s
history:
/T5-F1-1 /T6-F2-1 /T6-T3-1 /T4-T1-1 /T4-F3-1 /T2-T0-1 /T1-T5-2 /T0-T1-2 /T6-T0-1 /T5-T6-3 
/T6-T1-4 /T6-T4-1 /T6-T4-1 /D:1     /W-T3-1  /D:1     /W-T4-1  /D:1     /W-T6-1  /D:3     
/W-T0-1  /D:1     /W-T6-1  /D:5     /W-F3-1  /D:2     /W-T0-1  /T6-T0-3 /W-T6-1  /T2-T6-1 
/T2-T0-1 /D:1     /W-F0-1  /T4-F0-1 /T1-F0-1 /D:3     /W-T0-1  /T4-T0-3 /T5-T4-1 /T5-F3-1 
/T5-F2-1 /T1-F3-1 /W-T5-1  /D:2     /W-T3-1  /T4-T3-2 /T4-F2-1 /D:1     /W-T6-1  /T3-T6-6 
/T3-T1-1 /D:2     /W-F1-1  /T0-F1-1 /T0-F0-1 /T1-F1-1 /T1-F0-1 /T0-F3-1 /T1-F3-1 /T3-F3-1 
/T5-T3-2 /D:1     /R       /D:1     /W-T2-1  /D:1     /W-T2-1  /D:2     /W-F1-1  /D:1     
/W-F0-1  /T6-T1-2 /T6-F0-1 /T1-T6-3 /T1-F3-1 /D:1     /W-T3-1  /D:1     /W-F2-1  /T6-F2-1 
/T0-F2-1 /T6-F1-1 /T0-F1-1 /T0-F0-1 /T6-F2-1 /T6-F1-1 /T6-F0-1 /T0-F1-1 /T3-F0-1 /T6-F1-1 
/T6-F0-1 /T0-T3-1 /T0-F1-1 /T0-F0-1 /T6-F1-1 /T6-F0-1 /T3-T0-3 /T3-F1-1 /D:1     /W-F3-1  
/W-F3-1  /D:1     /W-F2-1  /T1-F2-1 /T0-F2-1 /T0-F3-1 /T2-F3-1 /D:1     /W-F2-1  /T0-F2-1 
/T0-F3-1 /T2-F2-1 
"
1010197,q#Dv#QfP#EXnr#SaWwA#FeCBcL#hIKzipZ#HMdbsJGmyVulkxtjORoNUgTY,173.000000,2457.000000,53.000000,0.593137,1,"
minimal: 0 / states: 118 / duration: 0.000134s
history:
/T4-F0-1 /T5-T6-1 /T5-T0-1 /T5-F0-1 /T5-F0-1 /T0-T5-2 /T6-T0-2 /D:3     /W-T3-1  /T6-T3-1 
/T6-T4-1 /D:1     /W-T3-1  /D:7     /W-T4-1  /D:1     /W-T6-1  /D:1     /W-T0-1  /T4-T0-3 
/T1-T4-1 /T2-T1-1 /T3-T2-4 /T3-F2-1 /D:1     /W-T6-1  /T4-T6-2 /T4-F1-1 /T2-F1-1 /T5-F1-1 
/T1-T5-1 /T1-F0-1 /T6-T1-5 /D:2     /W-T6-1  /D:1     /W-T2-1  /D:2     /W-F2-1  /D:1     
/W-F3-1  /T2-F3-1 /T2-F2-1 /T2-F1-1 /T5-F3-1 /T5-F2-1 /T5-F1-1 /T2-T4-1 /T2-F1-1 /T2-F3-1 
/T4-F2-1 /W-F3-1  /T4-F3-1 /D:1     /W-T1-1  /W-T1-1  /D:1     /W-F1-1  /D:1     /W-F3-1  
/D:1     /R       /D:2     /W-T2-1  /D:1     /W-F2-1  /T1-F2-1 /T0-F2-1 /T1-F3-1 /T1-F2-1 
/W-T0-1  /D:1     /W-T3-1  /T0-T3-2 /T0-F2-1 /D:2     /W-T4-1  /D:1     /W-T4-1  /T3-T4-4 
/T3-F0-1 /T5-F0-1 /W-F0-1  /T4-F0-1 /D:1     /W-F3-1  /T1-F3-1 /T1-F2-1 /T6-T1-2 /T6-F0-1 
/T6-F1-1 /T4-F1-1 /T1-F1-1 /T4-F0-1 /T0-F1-1 /T1-F0-1 /T1-F1-1 /T4-F3-1 /T0-F0-1 /T4-F2-1 
/T4-F1-1 /T1-F2-1 /T2-F0-1 /D:1     /W-F3-1  /T0-F3-1 
"
1010201,d#wK#Nil#TcvB#qpCJS#XoMDyA#gfmRsza#HrPVIxQOWFubjnhZkUtYGeLE,115.000000,1626.000000,50.000000,0.611765,1,"
minimal: 0 / states: 131 / duration: 0.000138s
history:
/T5-F0-1  /T3-F0-1  /T6-F1-1  /T2-T6-1  /T1-T6-1  /T2-T1-1  /T2-F3-1  /T6-T2-3  /D:1      /W-T1-1   
/D:1      /W-T4-1   /T0-T4-1  /D:6      /W-F3-1   /D:1      /W-T2-1   /T3-T2-1  /D:3      /W-F1-1   
/T3-F1-1  /T6-T3-1  /T6-T3-1  /T5-T6-1  /T5-T3-1  /T5-T0-1  /T3-T1-4  /T6-T3-2  /F1-T1-1  /T5-T1-1  
/T1-T5-9  /T5-T3-10 /D:2      /W-F2-1   /T3-F2-1  /T3-F1-1  /T4-F1-1  /D:1      /W-T2-1   /D:1      
/W-T1-1   /D:3      /W-T2-1   /T4-T2-2  /D:1      /W-T0-1   /D:2      /W-F1-1   /T6-F1-1  /T6-F1-1  
/D:1      /W-T1-1   /D:1      /R        /D:1      /W-F3-1   /D:1      /W-T4-1   /D:2      /W-T0-1   
/D:1      /W-F3-1   /D:2      /W-T4-1   /D:1      /W-T0-1   /D:1      /W-T1-1   /T4-T1-3  /T4-F0-1  
/T3-F0-1  /T4-F2-1  /T4-F2-1  /T2-F2-1  /T3-F3-1  /T3-F2-1  /T2-F3-1  /T2-F2-1  /T1-F2-1  /T2-F1-1  
/T2-F2-1  /T3-F3-1  /T3-T1-1  /T3-F1-1  /T0-F1-1  /T3-F2-1  /T0-F2-1  /T1-T3-3  /T1-F1-1  /T2-T0-2  
/T2-F1-1  /T3-T1-4  /T3-F2-1  /T2-F2-1  /T3-F1-1  /D:1      /W-F3-1   /D:2      /W-F0-1   /R        
/D:1      /W-T0-1   /D:1      /W-F0-1   /D:1      /W-F0-1   /T1-F0-1  /T0-F0-1  /T1-F3-1  /T0-F3-1  
/T1-F0-1  /T0-F0-1  /T1-F3-1  /T0-F3-1  /T1-F0-1  /T0-F0-1  /T1-F3-1  
"
1010225,s#Uh#Fog#ejWN#CkYnL#XZvdtA#qVDixSB#EuJGmOKPpTbycHlzfMrIwRQa,120.000000,1358.000000,46.000000,0.635294,1,"
minimal: 0 / states: 114 / duration: 0.000137s
history:
/T3-F3-1 /T5-F0-1 /T6-F0-1 /T6-T5-1 /T5-T1-2 /T3-T6-1 /T0-T2-1 /D:1     /W-T1-1  /T5-T1-1 
/T5-T3-1 /T4-T5-1 /T4-F2-1 /T6-T4-2 /T1-T3-5 /T5-T0-2 /T5-T0-1 /D:1     /W-T6-1  /T2-T6-2 
/T2-F2-1 /D:1     /W-T0-1  /T6-T0-4 /D:1     /W-T1-1  /D:1     /W-T5-1  /D:1     /W-F3-1  
/D:2     /W-F3-1  /D:1     /W-F2-1  /D:3     /W-T5-1  /D:1     /W-T6-1  /D:4     /W-T1-1  
/D:2     /W-T1-1  /D:1     /W-T4-1  /T1-T4-4 /W-T1-1  /T4-T1-8 /T4-T5-1 /T4-F0-1 /W-T4-1  
/W-T4-1  /D:1     /W-T5-1  /D:1     /W-T0-1  /T6-T0-2 /T6-T5-1 /T6-F2-1 /T1-F2-1 /T0-T2-3 
/T0-F2-1 /W-T5-1  /T2-T0-4 /D:1     /W-F3-1  /D:1     /W-F1-1  /W-F1-1  /T0-F1-1 /T0-F0-1 
/T0-F3-1 /T3-F1-1 /T3-F0-1 /T3-F3-1 /T0-F0-1 /W-F3-1  /W-T4-1  /T3-T4-4 /T3-F1-1 /T1-F1-1 
/T0-F1-1 /T1-F0-1 /T4-F2-1 /T0-F2-1 /T1-F3-1 /T4-F1-1 /T4-F2-1 /T5-F0-1 /T0-F1-1 /T1-F0-1 
/T4-F1-1 /T5-F3-1 /T0-F0-1 /T1-F3-1 /T4-F0-1 /T5-F2-1 /T0-F3-1 /T1-F2-1 /T1-F3-1 /T5-F1-1 
/T0-F0-1 /T4-F1-1 /T1-F0-1 /T5-F2-1 /T0-F3-1 /T4-F2-1 /T5-F1-1 
"
1010228,B#OX#kzJ#rhHu#VwofU#PjAaGN#eFgtsyb#WQxvpRLMcICDEZYdnmSliTqK,88.000000,769.000000,36.000000,0.716216,1,"
minimal: 0 / states: 105 / duration: 0.000125s
history:
/T5-F3-1 /T5-T4-1 /T5-F1-1 /T5-F0-1 /T0-F0-1 /T6-F1-1 /T2-T1-1 /T1-T6-2 /T1-F3-1 /T2-T0-1 
/D:4     /W-T5-1  /T4-T5-2 /T4-T5-1 /D:4     /W-T1-1  /D:1     /W-F1-1  /D:2     /W-F0-1  
/D:1     /W-F0-1  /D:1     /W-F0-1  /D:2     /W-T0-1  /D:1     /W-F1-1  /D:1     /W-F2-1  
/T4-F2-1 /T4-T2-1 /T3-T4-1 /T4-T2-2 /W-T4-1  /T6-T4-3 /D:3     /W-T1-1  /D:1     /W-T4-1  
/T3-T4-1 /D:1     /W-T2-1  /T6-T2-1 /T6-T3-1 /T6-T4-1 /T6-F0-1 /T6-F1-1 /T5-F1-1 /T4-F1-1 
/T5-F0-1 /T3-T5-1 /T3-F1-1 /T4-F0-1 /T4-F1-1 /W-T5-1  /W-T6-1  /W-F0-1  /T4-F0-1 /W-T6-1  
/W-T2-1  /W-F2-1  /W-T0-1  /T5-T0-5 /T5-F3-1 /W-F3-1  /T2-F3-1 /T0-F3-1 /T2-T6-6 /D:1     
/W-F2-1  /T3-F2-1 /T6-F2-1 /T0-F2-1 /T6-F3-1 /T0-F3-1 /T6-F2-1 /T0-F2-1 /T0-F1-1 /T6-F3-1 
/T6-F2-1 /T6-F1-1 /W-F3-1  /T0-F2-1 /T4-F3-1 /T4-F2-1 /T0-F3-1 /T0-F2-1 /T1-F1-1 /T4-F3-1 
/D:1     /W-F0-1  /T6-F0-1 /T1-F0-1 /T6-F1-1 
"
1010230,K#Li#FyD#MxCw#QSJsk#UdrVRA#thTmcEN#lvopaOWuebPYXfHgjzqnZGBI,94.500000,1777.000000,37.000000,0.710145,1,"
minimal: 0 / states: 124 / duration: 0.000143s
history:
/T5-F0-1 /T6-F3-1 /T3-T4-1 /T2-T5-1 /T4-T2-2 /T5-T4-2 /T5-T2-1 /D:5     /W-F1-1  /D:1     
/W-F3-1  /D:1     /W-T0-1  /D:1     /W-T1-1  /D:2     /W-F1-1  /D:1     /W-F3-1  /D:4     
/W-T2-1  /D:1     /W-T1-1  /T4-T1-3 /T1-T4-6 /D:4     /W-F2-1  /D:3     /W-F0-1  /T3-F0-1 
/T4-F0-1 /T6-F0-1 /T6-F1-1 /T2-T6-5 /T2-F0-1 /T6-T2-6 /T6-T2-1 /W-F0-1  /D:1     /W-T0-1  
/T6-T0-1 /T6-T0-1 /W-T6-1  /W-T4-1  /T1-T6-1 /W-T1-1  /W-T3-1  /W-T0-1  /T5-T0-1 /T5-F1-1 
/W-T6-1  /T4-T6-7 /W-T1-1  /T3-T1-2 /F0-T5-1 /T4-T5-1 /T4-F3-1 /W-F1-1  /T0-T5-1 /T0-F1-1 
/T5-T0-2 /T5-F0-1 /T6-T2-3 /T6-F1-1 /T0-T5-3 /T0-F1-1 /T2-T6-4 /T2-F0-1 /T0-F0-1 /T6-T2-5 
/T6-F1-1 /T1-F1-1 /T6-F0-1 /T0-T1-1 /T0-F0-1 /T2-T6-7 /T2-F1-1 /T6-T2-8 /T6-F0-1 /T3-F0-1 
/R       /D:1     /W-F1-1  /T2-T6-9 /T2-F1-1 /D:1     /W-T1-1  /T5-T1-4 /D:1     /W-F2-1  
/D:1     /W-F2-1  /T6-F2-1 /T1-F2-1 /T6-F3-1 /T1-F3-1 /T6-F2-1 /T1-F2-1 /T6-F3-1 /T1-F3-1 
/T6-F2-1 /T1-F2-1 /T6-F3-1 /T1-F3-1 /T6-F2-1 /T1-F2-1 /T6-F3-1 /T1-F3-1 /T6-F2-1 /T1-F2-1 
/T6-F3-1 
"
1010235,u#os#dlz#hRiQ#SYqcZ#rTweyp#ExkKmNA#gIbtjFanfJVCBXOUPvDHWGLM,138.500000,1444.000000,44.000000,0.628049,1,"
minimal: 0 / states: 112 / duration: 0.000132s
history:
/T6-F0-1 /T6-F3-1 /T5-T3-1 /T5-T4-1 /T5-T1-1 /D:1     /W-T0-1  /T1-T0-2 /D:2     /W-T3-1  
/D:4     /W-F1-1  /T3-F1-1 /D:1     /W-F2-1  /T1-F2-1 /T4-T1-2 /T4-F1-1 /T4-T0-1 /T4-T2-1 
/T3-F2-1 /T0-F2-1 /D:3     /W-T5-1  /T0-T5-4 /T6-T0-1 /T6-T2-1 /T5-T6-6 /T6-T1-7 /D:1     
/W-T3-1  /D:1     /W-F0-1  /T3-F0-1 /D:2     /W-F3-1  /D:2     /W-F3-1  /T3-F3-1 /D:2     
/W-F0-1  /D:1     /W-T3-1  /T5-T3-1 /T5-T4-1 /T2-T5-3 /T6-T2-1 /T4-F2-1 /T6-F0-1 /D:1     
/W-T2-1  /W-T2-1  /W-T2-1  /D:1     /W-T2-1  /T4-T2-1 /D:1     /W-T0-1  /W-T0-1  /W-T0-1  
/T3-T0-3 /T3-F3-1 /T2-F3-1 /T0-F3-1 /T2-T3-1 /T2-F3-1 /W-T3-1  /W-F0-1  /W-T5-1  /T3-T2-3 
/D:1     /W-T3-1  /T2-T3-7 /T2-F1-1 /T1-F1-1 /T1-F2-1 /T3-F1-1 /T1-F1-1 /T3-F0-1 /T0-F0-1 
/W-F2-1  /T1-F2-1 /T1-F3-1 /T3-F1-1 /T0-F1-1 /T3-F2-1 /T1-F2-1 /W-F0-1  /T0-F0-1 /T3-F3-1 
/T0-F3-1 /T5-F1-1 /T1-F1-1 /T3-F2-1 /T1-F2-1 /T5-F0-1 /T0-F0-1 /T3-F1-1 /T0-F1-1 /T5-F3-1 
/T1-F3-1 /T3-F0-1 /T5-F2-1 
"
1010248,a#Mn#lbJ#eUkN#XFOEY#wImtPp#dxvGWKB#fjrusiohLCQAZcRyHSqTgVDz,130.000000,1341.000000,39.000000,0.660000,1,"
minimal: 0 / states: 119 / duration: 0.000130s
history:
/T0-F1-1 /T1-F2-1 /T3-F3-1 /T4-T1-1 /T2-T3-1 /T2-F1-1 /D:6     /W-T3-1  /D:1     /W-F2-1  
/T5-F2-1 /T6-T5-1 /T6-T1-1 /T6-T1-1 /D:4     /W-T4-1  /W-T4-1  /D:1     /W-F0-1  /T5-F0-1 
/T4-F0-1 /D:1     /W-T0-1  /W-T0-1  /T3-T0-3 /T6-T3-1 /T6-T1-1 /T3-T1-2 /T6-T2-1 /D:1     
/W-F1-1  /T6-F1-1 /T3-F1-1 /D:3     /W-T0-1  /D:1     /W-T1-1  /T4-T1-2 /T4-F3-1 /T5-F3-1 
/T1-F3-1 /D:1     /W-F2-1  /D:1     /W-T0-1  /T4-T0-1 /D:3     /W-F0-1  /T1-F0-1 /T0-F0-1 
/T1-T5-1 /T1-F0-1 /T5-T1-2 /T5-T3-1 /D:1     /W-T6-1  /T2-T6-2 /R       /D:1     /W-F1-1  
/D:1     /W-T6-1  /T5-T6-1 /T5-T4-1 /D:1     /W-F2-1  /D:2     /W-F2-1  /D:1     /W-T6-1  
/D:1     /W-F3-1  /T1-F3-1 /T0-F3-1 /T1-F2-1 /T1-F3-1 /T0-F0-1 /W-F2-1  /T1-F2-1 /T4-F2-1 
/D:1     /W-T3-1  /T4-T3-1 /D:1     /W-F1-1  /T6-F1-1 /T0-F1-1 /T6-F0-1 /T6-F1-1 /T0-F0-1 
/T0-F1-1 /T6-F2-1 /T6-F1-1 /T3-T0-1 /T3-F2-1 /T3-F1-1 /T6-F2-1 /D:1     /W-F3-1  /T1-F3-1 
/T0-F3-1 /T1-F0-1 /T0-F0-1 /T1-F3-1 /T0-F3-1 /T1-F0-1 
"
1010249,k#BE#rRy#WjZA#MmFOi#dqfPeI#spDbXoS#HlLcnJQNwgVzKCuYxthTvGaU,113.000000,2485.000000,42.000000,0.645833,1,"
minimal: 0 / states: 119 / duration: 0.000127s
history:
/T3-F0-1 /T2-T3-1 /T1-T6-1 /T1-F0-1 /T3-T1-2 /T5-T3-1 /T0-T1-1 /D:1     /W-T4-1  /D:4     
/W-F2-1  /D:1     /W-T1-1  /T4-T1-2 /D:1     /W-T6-1  /D:1     /W-F3-1  /T4-F3-1 /T5-T4-1 
/T5-F3-1 /T6-F3-1 /T2-F3-1 /T6-T5-1 /T6-F3-1 /T6-F2-1 /D:1     /W-T6-1  /D:1     /W-T1-1  
/T4-T1-2 /T4-T0-1 /D:1     /W-T6-1  /D:3     /W-F0-1  /D:1     /W-T6-1  /D:1     /W-T4-1  
/W-T4-1  /T3-T4-2 /D:3     /W-T4-1  /W-T4-1  /T5-T4-2 /T5-T1-1 /T5-T2-1 /D:1     /W-F3-1  
/D:1     /W-T3-1  /D:2     /W-F1-1  /D:1     /W-F3-1  /R       /D:2     /W-T0-1  /T6-T0-4 
/T6-F1-1 /T6-F0-1 /T6-F2-1 /T1-F2-1 /T4-F0-1 /T1-T6-1 /T1-F0-1 /T2-T4-2 /T6-T1-2 /D:1     
/W-F1-1  /T4-F1-1 /T1-F1-1 /T4-F2-1 /T1-F2-1 /T4-F1-1 /T1-F1-1 /T4-F2-1 /T0-F2-1 /T0-F3-1 
/T3-F2-1 /T0-F2-1 /T3-F3-1 /T0-F3-1 /T4-F1-1 /D:1     /W-T2-1  /W-T2-1  /T4-T2-3 /T4-F3-1 
/D:1     /W-F2-1  /T1-T0-4 /T1-F2-1 /T1-F3-1 /T2-T4-4 /T2-F2-1 /D:1     /W-F0-1  /T0-F0-1 
/T0-F1-1 /T4-F0-1 /T0-F0-1 /T4-F1-1 /T0-F1-1 /T4-F0-1 /T0-F0-1 /T4-F1-1 /T0-F1-1 /T4-F0-1 
"
1010261,H#Iz#Wbx#XAcf#OBFya#dupjnV#DsvKZNY#GeQRUMomhgETLilCtkrSJPwq,145.000000,2163.000000,61.000000,0.520408,1,"
minimal: 0 / states: 128 / duration: 0.000161s
history:
/T4-F1-1 /T6-T1-1 /T6-F3-1 /T4-T6-1 /T2-T1-1 /T2-F1-1 /T0-T5-1 /T6-T0-2 /T2-T1-1 /T1-T2-4 
/T1-T2-1 /D:2     /W-T4-1  /D:3     /W-T2-1  /D:1     /W-T1-1  /D:4     /W-T5-1  /T4-T5-2 
/D:1     /W-T3-1  /D:4     /W-T1-1  /T6-T1-1 /D:2     /W-T2-1  /T3-T2-2 /T3-F1-1 /T3-F0-1 
/T4-F0-1 /T4-F3-1 /W-F0-1  /T3-T0-1 /D:4     /W-T0-1  /T5-T0-5 /T5-F2-1 /T5-T1-1 /T6-T1-1 
/D:1     /W-F3-1  /D:2     /W-T0-1  /R       /D:2     /W-T2-1  /T5-T2-1 /D:1     /W-T6-1  
/D:1     /W-F2-1  /T2-F2-1 /T0-F2-1 /T2-F3-1 /T6-F3-1 /D:1     /W-T3-1  /D:1     /W-T1-1  
/W-T1-1  /D:1     /W-T5-1  /T6-T5-1 /T6-F0-1 /T2-F0-1 /T0-T5-1 /T0-F0-1 /T1-F0-1 /D:1     
/W-T3-1  /D:2     /W-T3-1  /D:1     /W-F2-1  /D:1     /W-F3-1  /T5-T0-2 /T5-F3-1 /T0-T5-3 
/T0-F0-1 /T5-T0-4 /T5-F1-1 /T0-F1-1 /T0-F2-1 /T2-F1-1 /T0-F1-1 /T2-F2-1 /T0-F2-1 /T1-F1-1 
/T2-F3-1 /T0-F3-1 /T1-F2-1 /T2-F0-1 /T2-F3-1 /W-F1-1  /T0-F0-1 /T1-F1-1 /T1-F0-1 /T0-F3-1 
/T3-F1-1 /T3-F0-1 /T1-F1-1 /T1-F0-1 /T3-F1-1 /D:1     /W-F2-1  /T2-F2-1 /T0-F2-1 /T2-F3-1 
/T0-F3-1 /T2-F2-1 
"
1010269,G#LV#boI#jAaW#ZBQMw#gTPnuz#fdHJEXm#syeRcUxYOpDvtCSriKhqlNkF,137.500000,1266.000000,47.000000,0.632184,1,"
minimal: 0 / states: 111 / duration: 0.000125s
history:
/T2-T3-1 /T1-T4-1 /T1-T6-1 /T6-T1-2 /T6-T1-1 /T4-T1-2 /D:6     /W-T3-1  /T0-T3-1 /T5-T0-1 
/T5-T1-1 /T5-F2-1 /T2-F2-1 /D:2     /W-T0-1  /W-T0-1  /T3-T0-4 /T3-F1-1 /T2-F1-1 /T3-F0-1 
/T4-T2-1 /T4-T6-1 /T4-F0-1 /W-F1-1  /D:2     /W-F2-1  /D:2     /W-T3-1  /D:2     /W-F0-1  
/D:1     /W-T0-1  /T6-T0-2 /D:2     /W-T6-1  /D:2     /W-T3-1  /D:1     /W-F2-1  /D:1     
/W-T2-1  /W-T2-1  /W-F2-1  /W-T3-1  /W-F0-1  /T3-T2-4 /D:1     /W-F3-1  /W-F3-1  /T5-F3-1 
/T0-F3-1 /W-F3-1  /T5-T1-1 /T0-F0-1 /T0-F3-1 /T1-F3-1 /T5-T1-1 /D:2     /W-F0-1  /T0-F0-1 
/T0-F3-1 /T1-T6-2 /T1-F3-1 /R       /D:1     /W-F2-1  /T2-F2-1 /D:1     /W-T4-1  /D:2     
/W-T4-1  /T6-T4-4 /T6-F0-1 /T6-F1-1 /W-F1-1  /T6-F1-1 /T4-F1-1 /T2-F1-1 /T0-F0-1 /T4-F2-1 
/T2-F2-1 /T0-F3-1 /T4-F1-1 /T1-F2-1 /T2-F1-1 /T0-F2-1 /T4-F0-1 /T1-F3-1 /T2-F0-1 /T0-F3-1 
/T4-F1-1 /T1-F0-1 /T2-F1-1 /T2-F0-1 /T4-F2-1 /T0-F2-1 /T1-F1-1 /T4-F3-1 
"
1010281,i#ON#txn#UYyA#HsaMm#ESkXIv#bdPwjCW#KBulcgLoZFDqfRJepTVrzhQG,107.000000,1901.000000,43.000000,0.635135,1,"
minimal: 0 / states: 120 / duration: 0.000133s
history:
/T1-F3-1 /T1-F3-1 /T2-F2-1 /T3-F0-1 /T6-T2-1 /T5-T2-1 /T4-T1-1 /T3-T1-1 /T2-T3-3 /T3-T4-4 
/T2-T3-1 /T4-T2-5 /T4-F1-1 /T3-T2-2 /D:2     /W-F0-1  /T6-F0-1 /T5-T6-1 /T5-T1-1 /D:1     
/W-T0-1  /D:3     /W-T0-1  /T4-T0-1 /D:2     /W-F2-1  /D:1     /W-T3-1  /W-T3-1  /T5-T3-1 
/T5-T2-1 /T5-T2-1 /D:2     /W-F0-1  /T2-F0-1 /W-F0-1  /D:3     /W-T0-1  /D:1     /W-T1-1  
/T0-T1-5 /D:2     /W-F2-1  /D:1     /W-T4-1  /D:2     /W-T2-1  /D:1     /W-T0-1  /D:1     
/W-T6-1  /D:1     /W-T2-1  /D:1     /W-F0-1  /R       /D:2     /W-T0-1  /W-T0-1  /T6-T0-3 
/T6-T3-1 /T6-F3-1 /T2-F3-1 /T6-T2-1 /T6-F1-1 /T1-F3-1 /D:1     /W-F1-1  /T2-F1-1 /D:1     
/W-F2-1  /T2-F2-1 /T2-F3-1 /T1-F2-1 /T4-F3-1 /T2-F2-1 /T2-F3-1 /T4-F0-1 /T0-T2-1 /T0-F0-1 
/T1-T3-3 /T1-F0-1 /D:2     /W-F1-1  /W-F1-1  /T3-F1-1 /T2-F1-1 /T3-F2-1 /T2-F2-1 /T3-F1-1 
/T0-F1-1 /T0-F0-1 /T3-F2-1 /T3-F1-1 /T0-F1-1 /T3-F0-1 /T1-T3-2 /T1-F1-1 /T2-T0-3 /T2-F0-1 
/D:1     /W-F3-1  /T0-F3-1 /T0-F2-1 /T3-F3-1 /T0-F3-1 /T3-F2-1 /T0-F2-1 /T3-F3-1 
"
1010283,l#sd#eYz#FKtn#GQhEN#XVUxkg#uwSRPBb#qofWyHcTOmDAIJMZpvrijLaC,125.000000,1269.000000,45.000000,0.611765,1,"
minimal: 0 / states: 120 / duration: 0.000135s
history:
/T3-F2-1 /T4-F3-1 /T1-T4-1 /T0-T2-1 /T2-T0-2 /T1-T5-1 /D:2     /W-F2-1  /D:1     /W-T3-1  
/T4-T3-2 /T3-T4-4 /T3-T0-1 /D:1     /W-T0-1  /D:5     /W-F3-1  /D:1     /W-T1-1  /D:2     
/W-F0-1  /D:1     /W-T0-1  /T4-T0-5 /D:4     /W-T0-1  /T6-T0-1 /T6-F0-1 /T6-F3-1 /T4-F3-1 
/T6-F3-1 /T6-F3-1 /D:3     /W-T6-1  /D:2     /W-T1-1  /D:1     /W-F1-1  /T0-F1-1 /T0-F2-1 
/D:1     /W-F0-1  /R       /D:1     /W-F2-1  /D:2     /W-T6-1  /T5-T6-2 /T5-T1-1 /T5-T2-1 
/T6-T1-5 /T4-T5-1 /D:1     /W-F1-1  /T0-F1-1 /D:1     /W-F3-1  /D:1     /W-F0-1  /T0-F0-1 
/T3-F0-1 /T5-F0-1 /T5-F3-1 /T5-F3-1 /T1-T6-2 /T1-F0-1 /T6-T1-3 /D:1     /W-T5-1  /D:1     
/W-T3-1  /T2-T3-2 /T2-F1-1 /T0-F1-1 /D:1     /W-T2-1  /W-T2-1  /T5-T2-2 /D:2     /W-F2-1  
/T1-F2-1 /T0-F2-1 /T1-F1-1 /T0-F1-1 /T0-F0-1 /T1-F2-1 /T1-F1-1 /T2-F0-1 /W-F2-1  /T0-F3-1 
/T1-F2-1 /T2-F3-1 /T0-F0-1 /T3-F2-1 /T3-F3-1 /T2-F2-1 /T2-F3-1 /T0-T3-1 /T0-F2-1 /D:1     
/W-F1-1  /T1-F1-1 /T1-F0-1 /T3-F1-1 /T1-F1-1 /T3-F0-1 
"
1010320,I#Ex#Jqh#caBA#gPMop#bYzftn#UvjKCQF#TmDGuNdyOlriRkZLSWeXsHVw,70.500000,821.000000,15.000000,1.088889,1,"
minimal: 0 / states: 113 / duration: 0.000125s
history:
/T3-F0-1 /T3-F0-1 /T3-F1-1 /T5-F2-1 /T5-T2-1 /T5-T2-1 /T2-T0-3 /T3-T2-1 /T5-T3-1 /T1-T5-1 
/T5-T3-2 /T5-F1-1 /T2-F1-1 /T1-T0-1 /D:2     /W-T1-1  /D:4     /W-F3-1  /D:1     /W-T0-1  
/T4-T0-1 /T4-F2-1 /T4-T5-1 /T4-T2-1 /T6-T4-1 /T0-F2-1 /T0-F1-1 /T6-T0-1 /T6-F0-1 /D:1     
/W-T1-1  /D:1     /W-F3-1  /T2-F3-1 /T0-F3-1 /T2-F2-1 /D:1     /W-T5-1  /T6-T5-1 /T6-T3-1 
/T6-T3-1 /T6-T3-1 /D:1     /W-F2-1  /D:1     /W-T2-1  /W-T2-1  /W-T3-1  /W-F0-1  /T0-F0-1 
/T4-F0-1 /T3-F0-1 /W-T2-1  /D:1     /W-F3-1  /D:1     /W-T1-1  /T2-T1-4 /D:1     /W-T2-1  
/D:1     /W-T2-1  /D:1     /W-F3-1  /T1-F3-1 /T3-F3-1 /T4-T1-1 /D:1     /W-T5-1  /T0-T5-4 
/D:1     /W-F1-1  /T5-F1-1 /T1-F1-1 /D:1     /W-T2-1  /D:1     /W-F2-1  /T5-F2-1 /T1-F2-1 
/T5-F1-1 /T3-F2-1 /T1-F1-1 /T3-F1-1 /T1-T2-1 /T1-F1-1 /D:1     /W-F0-1  /T5-F0-1 /T2-F0-1 
/T5-T3-1 /T5-F0-1 /T5-F1-1 /T2-T1-1 /T2-F0-1 /T5-F0-1 /T1-T2-2 /T1-F1-1 /D:1     /W-F3-1  
/T3-F3-1 /T2-F3-1 /D:1     /W-F2-1  /T3-F2-1 /T2-F2-1 /T3-F3-1 /T2-F3-1 /T3-F2-1 
"
1010326,A#oj#ymt#bBzn#FPZpM#GsfuIL#eSdXUqh#kgawiOVxRDHNKEcYCTrWvJlQ,144.500000,1776.000000,52.000000,0.545455,1,"
minimal: 0 / states: 119 / duration: 0.000132s
history:
/T0-F0-1  /T3-F2-1  /T4-T0-1  /T2-T6-1  /T5-T2-1  /T6-T5-2  /T5-T1-3  /D:1      /W-T2-1   /D:1      
/W-T5-1   /D:1      /W-F1-1   /D:1      /W-T2-1   /D:1      /W-T2-1   /T5-T2-2  /T5-T1-1  /T5-T2-1  
/D:1      /W-T4-1   /D:3      /W-T2-1   /T6-T2-1  /T5-T6-1  /T3-T5-1  /T3-F0-1  /T3-F1-1  /T2-T3-10 
/D:3      /W-F3-1   /T4-F3-1  /D:2      /W-T1-1   /D:1      /W-F1-1   /D:1      /W-T0-1   /W-T0-1   
/T1-T0-6  /T1-F2-1  /T4-F2-1  /T4-T1-1  /T4-F3-1  /T3-F2-1  /T2-T1-1  /D:1      /W-F0-1   /D:2      
/W-F2-1   /T3-T4-1  /T3-F2-1  /T0-T6-2  /T0-F2-1  /T4-T3-2  /D:4      /W-T5-1   /D:1      /W-F3-1   
/T3-F3-1  /R        /D:2      /W-T5-1   /D:1      /W-F0-1   /T6-F0-1  /T3-F0-1  /D:3      /W-T5-1   
/D:1      /W-T5-1   /T6-T5-3  /T6-T1-1  /T6-F1-1  /T6-F3-1  /T6-F1-1  /T5-F1-1  /T3-F1-1  /T5-F0-1  
/T0-F1-1  /W-F3-1   /T3-F2-1  /T5-F3-1  /T5-F2-1  /W-F0-1   /T0-F0-1  /T3-F1-1  /T0-F1-1  /W-F3-1   
/T3-F2-1  /T5-F3-1  /T5-F2-1  /T1-F3-1  /T1-F2-1  /T3-F1-1  /T5-F1-1  /T5-F2-1  /T3-T1-1  /T3-F1-1  
/D:1      /W-F0-1   /T0-F0-1  /T0-F3-1  /T1-F0-1  /T0-F0-1  /T1-F3-1  
"
1010332,M#Yr#VNQ#gpWy#sDTxl#SwUfaz#FvtkRPA#buGcOXnJCoZehIHiLBjdEqKm,72.500000,364.000000,17.000000,1.000000,1,"
minimal: 0 / states: 122 / duration: 0.000124s
history:
/T6-F0-1 /T4-T0-1 /T4-T0-1 /T2-T1-1 /T2-F3-1 /D:2     /W-T2-1  /T4-T2-1 /T6-T4-1 /T4-T6-2 
/T6-T4-3 /T6-T3-1 /T4-T2-4 /T5-T4-1 /T5-F1-1 /W-F1-1  /T5-T6-1 /T6-T5-2 /T5-T6-3 /T1-T6-2 
/T5-T3-1 /T1-T4-1 /T2-T3-7 /D:2     /W-F1-1  /D:1     /W-F3-1  /T3-F3-1 /T6-F3-1 /D:2     
/W-F2-1  /D:3     /W-F2-1  /D:1     /W-T1-1  /T3-T1-9 /T3-T0-1 /T3-F2-1 /T6-T0-5 /T6-T3-1 
/D:1     /W-T3-1  /T1-T3-1 /T1-F3-1 /T5-F3-1 /D:6     /W-F0-1  /D:2     /W-F1-1  /D:2     
/W-F2-1  /T0-F2-1 /T1-F2-1 /T1-F3-1 /W-T0-1  /T3-T1-4 /D:1     /W-T4-1  /W-T4-1  /D:1     
/W-T2-1  /W-T2-1  /R       /D:2     /W-T2-1  /D:1     /W-T2-1  /D:1     /W-F0-1  /T1-F0-1 
/T0-F0-1 /T1-F1-1 /T0-F1-1 /T0-F2-1 /T1-F0-1 /T1-F1-1 /T1-F2-1 /W-F0-1  /T0-F3-1 /T0-F2-1 
/T1-F3-1 /T0-F3-1 /T1-F2-1 /T0-F2-1 /T2-T1-1 /T2-F3-1 /T1-T2-2 /T1-F2-1 /T4-T0-2 /T4-F3-1 
/T1-F3-1 /T4-F2-1 /D:1     /W-F1-1  /D:1     /W-T0-1  /D:1     /W-F0-1  /T0-F0-1 /T2-F0-1 
/D:1     /W-F1-1  /T0-F1-1 /T0-F0-1 /T2-F1-1 /T0-F1-1 /T2-F0-1 /T0-F0-1 /T2-F1-1 
"
1010334,b#Aa#RzM#kOjU#VhJZi#dgNvCt#EesIpGP#YmDryunFqWSBlxHoXQLwKTfc,106.500000,1891.000000,34.000000,0.707692,1,"
minimal: 0 / states: 114 / duration: 0.000124s
history:
/T1-F1-1 /T0-F1-1 /T1-F0-1 /T5-T3-1 /T2-T0-1 /T2-T1-1 /D:1     /W-T0-1  /D:2     /W-T2-1  
/T6-T2-1 /D:3     /W-T4-1  /D:1     /W-F2-1  /D:4     /W-T3-1  /D:1     /W-F0-1  /T5-F0-1 
/T3-T5-3 /T5-T3-4 /T5-F3-1 /T5-T4-1 /D:1     /W-T1-1  /D:1     /W-T0-1  /T3-T0-5 /T3-F3-1 
/T2-F3-1 /T2-F0-1 /D:2     /W-F2-1  /D:2     /W-F3-1  /T2-F3-1 /T0-F3-1 /D:2     /W-T3-1  
/T4-T3-3 /T4-T2-1 /W-T2-1  /W-T2-1  /T4-T2-1 /T6-T4-1 /T6-F2-1 /T4-T6-2 /W-T4-1  /T4-T2-2 
/D:1     /W-T1-1  /W-T1-1  /T6-T1-3 /T6-T3-1 /T6-T3-1 /T6-F0-1 /W-F2-1  /W-F0-1  /T1-F0-1 
/T2-F0-1 /D:1     /W-F3-1  /T0-T1-1 /T0-F3-1 /T2-F3-1 /T1-T0-2 /T1-F0-1 /T1-F3-1 /T2-F0-1 
/T1-F0-1 /T2-F3-1 /T2-F0-1 /T0-T1-5 /T0-F3-1 /T0-F0-1 /T2-F3-1 /D:1     /W-T1-1  /D:1     
/W-F1-1  /T5-F1-1 /T3-F1-1 /T1-F1-1 /R       /D:1     /W-T0-1  /D:1     /W-F2-1  /T3-F2-1 
/T1-F2-1 /T3-F1-1 /T1-F1-1 /T3-F2-1 /T1-F2-1 /T3-F1-1 /T1-F1-1 /T3-F2-1 /T1-F2-1 /T3-F1-1 
/T1-F1-1 /T0-F1-1 /D:1     /W-F2-1  /T1-F2-1 
"
1010342,W#aK#XuH#nGFg#DpIil#tsBVcO#rSMoAZd#jhJENwkemzLfQYRvbxTUyPqC,122.000000,2211.000000,38.000000,0.661765,1,"
minimal: 0 / states: 127 / duration: 0.000139s
history:
/T3-T2-1 /T3-T2-1 /T1-T4-1 /T1-F1-1 /T0-T4-1 /D:5     /W-F3-1  /T5-F3-1 /D:3     /W-T2-1  
/D:1     /W-T0-1  /D:1     /W-T1-1  /T4-T1-3 /T2-T4-4 /D:1     /W-T0-1  /W-T0-1  /W-T0-1  
/T4-T0-5 /T4-T1-1 /T4-T6-1 /T5-T4-1 /T2-T5-1 /T4-T0-2 /D:1     /W-T3-1  /W-T3-1  /T6-T3-2 
/T6-T4-1 /T6-F0-1 /T6-T0-1 /W-T2-1  /T5-T2-2 /T5-F0-1 /W-T1-1  /T3-T1-5 /T3-F2-1 /T0-F2-1 
/T6-T3-1 /T1-F2-1 /D:2     /W-T3-1  /D:1     /W-T5-1  /D:2     /W-F1-1  /T0-F1-1 /T1-F1-1 
/T0-T5-1 /T0-F1-1 /T1-T6-1 /T1-F1-1 /T6-T1-2 /D:1     /W-T3-1  /D:1     /W-T2-1  /T5-T2-3 
/D:2     /W-T4-1  /T2-T4-8 /D:1     /W-F3-1  /D:1     /W-F2-1  /T6-F2-1 /T4-T0-2 /T4-F2-1 
/T5-F2-1 /T0-T4-3 /T0-F1-1 /T4-T0-4 /T4-F2-1 /D:1     /W-F0-1  /T0-F0-1 /T1-F0-1 /R       
/D:1     /W-T3-1  /D:1     /W-F3-1  /T0-F3-1 /T0-F0-1 /T1-F3-1 /T0-F3-1 /T1-F0-1 /T0-F0-1 
/T1-F1-1 /T0-F1-1 /T1-F0-1 /T3-F1-1 /T4-T0-1 /T4-F0-1 /T0-T4-2 /T0-F1-1 /T1-T3-1 /T1-F0-1 
/T0-F0-1 /T1-F1-1 /T0-F1-1 /T3-T1-3 /T3-F0-1 /D:1     /W-F2-1  /D:1     /W-F3-1  /T4-F3-1 
/T1-F3-1 /T4-F2-1 /T1-F2-1 /T4-F3-1 /T1-F3-1 /T4-F2-1 /T1-F2-1 /T4-F3-1 
"
1010344,L#XI#wPn#iZoJ#cGDzj#SYMFgd#xvEybNa#HUAfpCBumstTKqRVOrkWlhQe,149.000000,3013.000000,41.000000,0.620690,1,"
minimal: 0 / states: 121 / duration: 0.000138s
history:
/T2-F2-1 /T6-F1-1 /T6-F3-1 /T6-F1-1 /T1-T4-1 /T3-T1-1 /T3-F2-1 /T6-T3-1 /T5-T6-1 /T1-T0-2 
/T3-T1-2 /T3-T0-1 /D:1     /W-T0-1  /T5-T0-1 /T5-T0-1 /T5-T3-1 /T5-T3-1 /T6-T5-2 /D:1     
/W-T4-1  /D:1     /W-F0-1  /D:2     /W-F2-1  /D:1     /W-T5-1  /D:1     /W-F0-1  /T5-F0-1 
/D:4     /W-T4-1  /T5-T4-3 /D:2     /W-T3-1  /T4-T3-7 /T4-T5-1 /T4-F0-1 /D:1     /W-F2-1  
/D:1     /W-T0-1  /F0-T0-1 /T2-T0-1 /D:1     /W-T2-1  /D:1     /W-F3-1  /T0-F3-1 /T0-F0-1 
/D:1     /W-F2-1  /D:1     /W-T1-1  /T2-T1-2 /D:2     /W-T5-1  /D:1     /W-T6-1  /T4-T6-1 
/T4-F1-1 /T3-F1-1 /T3-F0-1 /D:1     /W-F3-1  /T0-F3-1 /T3-F3-1 /T0-F0-1 /T6-F0-1 /D:1     
/W-F1-1  /R       /D:1     /W-F1-1  /T0-F1-1 /T0-F0-1 /T6-F1-1 /T0-F1-1 /T3-T6-2 /T3-F0-1 
/T6-T3-3 /T0-F0-1 /T3-T6-4 /T3-F0-1 /T6-T3-5 /D:1     /W-T1-1  /D:1     /W-T2-1  /T0-T2-2 
/D:1     /W-F2-1  /T3-F2-1 /T1-F2-1 /D:1     /W-F3-1  /T3-F3-1 /T1-F3-1 /T3-F2-1 /T1-F2-1 
/T3-F1-1 /T1-F1-1 /T3-F2-1 /T5-F1-1 /T1-F2-1 /T5-F2-1 /T2-T1-2 /T2-F1-1 /D:1     /W-F3-1  
/T1-F3-1 /T1-F0-1 /T3-F3-1 /T1-F3-1 /T3-F0-1 
"
1010357,N#RT#rCi#LeSx#oPdul#mBvcaw#ftyqnMA#OJzhFGbsgYWUXKVjEZpQkHID,66.000000,676.000000,22.000000,0.940000,1,"
minimal: 0 / states: 120 / duration: 0.000125s
history:
/T0-F3-1 /T6-F0-1 /T6-T0-1 /T6-F2-1 /T4-T0-1 /T3-T0-1 /T4-T2-1 /T2-T5-2 /T1-T5-1 /T6-T1-1 
/T2-T4-1 /T4-T2-2 /T4-T1-1 /T4-F2-1 /T2-T3-3 /D:1     /W-F3-1  /T1-F3-1 /D:2     /W-T2-1  
/D:2     /W-T5-1  /T1-T5-2 /D:2     /W-T3-1  /D:3     /W-T2-1  /D:1     /W-T0-1  /D:2     
/W-T6-1  /T5-T6-7 /T5-F1-1 /T3-F1-1 /T5-F1-1 /T5-T0-1 /T5-F0-1 /T3-F0-1 /T6-T5-9 /T3-T6-3 
/W-T0-1  /T6-T0-4 /T0-F1-1 /T3-F1-1 /T6-F1-1 /W-F1-1  /D:1     /W-T2-1  /D:2     /W-T2-1  
/D:2     /W-T1-1  /T3-T1-1 /D:1     /W-F2-1  /T5-F2-1 /T0-F2-1 /W-T0-1  /D:1     /W-F3-1  
/T5-F3-1 /D:1     /W-T1-1  /D:2     /W-T2-1  /D:1     /W-F0-1  /T0-F0-1 /T0-F3-1 /T5-F0-1 
/T5-F3-1 /R       /D:1     /W-T1-1  /D:1     /W-F1-1  /D:1     /W-F0-1  /D:1     /W-F2-1  
/T0-F2-1 /T0-F3-1 /T5-F2-1 /T0-F2-1 /T5-F1-1 /T5-F2-1 /T2-T0-1 /T2-F1-1 /T0-T2-2 /T0-F2-1 
/T1-T5-1 /T1-F1-1 /T0-F1-1 /T5-T1-2 /T5-F2-1 /T5-F1-1 /T2-T0-4 /T2-F2-1 /D:1     /W-F3-1  
/D:1     /W-F0-1  /T0-F0-1 /T0-F3-1 /T1-F0-1 /T0-F0-1 /T1-F3-1 /T0-F3-1 /T1-F0-1 /T0-F0-1 
/T1-F3-1 
"
1010360,l#JU#NKt#Qwso#kSWhA#rTmVnB#yZPxEga#OiIFqdDHeLGMfRCXYbzjcuvp,108.500000,1157.000000,45.000000,0.660494,1,"
minimal: 0 / states: 119 / duration: 0.000133s
history:
/T4-F0-1 /T5-F0-1 /T5-F2-1 /T3-F2-1 /T6-F1-1 /T2-T1-1 /T3-T6-1 /T5-T3-1 /T2-T0-1 /T2-F3-1 
/T5-T2-1 /D:1     /W-F3-1  /D:3     /W-T5-1  /D:4     /W-T3-1  /T6-T3-2 /D:1     /W-T3-1  
/W-T3-1  /W-T6-1  /D:1     /W-T2-1  /D:1     /W-T4-1  /D:2     /W-T1-1  /T6-T1-2 /D:1     
/W-T5-1  /D:1     /W-F0-1  /T3-F0-1 /D:1     /W-T2-1  /T3-T2-6 /D:2     /W-F1-1  /D:2     
/W-T0-1  /D:1     /W-F1-1  /T1-F1-1 /T1-F0-1 /T2-F1-1 /T1-F1-1 /T5-T2-1 /T5-F0-1 /T4-F0-1 
/T2-T5-2 /T2-F1-1 /T4-F1-1 /T4-T6-1 /T4-T1-1 /T5-T2-3 /T3-T5-1 /W-T3-1  /W-T3-1  /T6-T3-2 
/T6-F3-1 /T5-T1-2 /T6-T5-1 /T1-F3-1 /T2-F3-1 /T4-T6-1 /W-T4-1  /T0-T4-3 /T6-T5-2 /D:2     
/W-T3-1  /T1-T3-4 /T1-T5-1 /D:1     /W-F2-1  /R       /D:1     /W-F1-1  /T4-F1-1 /D:2     
/W-F2-1  /T3-F2-1 /T2-F2-1 /T3-F3-1 /T2-F3-1 /T2-F0-1 /T3-F2-1 /T3-F3-1 /W-F0-1  /T2-F3-1 
/T5-F0-1 /T4-F0-1 /T5-F1-1 /T4-F1-1 /T2-T5-2 /T2-F0-1 /T2-F1-1 /T4-F0-1 /D:1     /W-F2-1  
/T3-F2-1 /T3-F3-1 /T5-F2-1 /T3-F2-1 /T5-F3-1 /T3-F3-1 /T5-F2-1 /T3-F2-1 /T5-F3-1 
"
1010362,q#Eh#VIx#erML#OGsvX#diQtAw#YHozcNa#pRKbnJfZuBjSgDClkUFWyTmP,92.500000,559.000000,20.000000,0.932692,1,"
minimal: 0 / states: 118 / duration: 0.000126s
history:
/T6-F1-1 /T6-F3-1 /T5-T4-1 /T5-F0-1 /T4-T3-2 /T6-T0-1 /T5-T1-1 /T1-T4-2 /T5-T1-1 /T5-T3-1 
/D:1     /W-T1-1  /D:3     /W-F1-1  /T0-F1-1 /T5-F1-1 /T6-T5-1 /D:1     /W-F2-1  /T6-F2-1 
/T6-T3-1 /T2-T6-1 /T1-F2-1 /T0-F2-1 /T6-T5-2 /D:2     /W-T4-1  /T1-T4-2 /D:1     /W-T0-1  
/T3-T0-5 /T3-T1-1 /T3-F2-1 /T3-F1-1 /D:2     /W-F0-1  /D:1     /W-T5-1  /T4-T5-6 /T4-F2-1 
/T5-T4-3 /T5-F2-1 /T4-T5-4 /T4-F3-1 /W-F2-1  /T5-T2-5 /T5-F2-1 /T2-T5-6 /D:2     /W-T0-1  
/D:2     /W-F0-1  /W-F0-1  /D:1     /W-T1-1  /D:3     /W-T0-1  /D:4     /W-T3-1  /D:1     
/W-F3-1  /T5-F3-1 /T5-F0-1 /T5-F1-1 /T0-F0-1 /T0-F1-1 /T5-F0-1 /T5-F1-1 /T0-F0-1 /T0-F1-1 
/T0-F2-1 /T5-F0-1 /T5-F1-1 /T5-F2-1 /R       /D:1     /W-F3-1  /D:1     /W-T1-1  /D:1     
/W-F0-1  /T1-F0-1 /D:1     /W-F3-1  /D:1     /W-F1-1  /T1-F1-1 /T3-F1-1 /D:3     /W-F2-1  
/T5-T1-1 /T5-F2-1 /D:1     /W-F3-1  /R       /D:1     /W-F3-1  /T2-F3-1 /D:1     /W-F3-1  
/T0-F3-1 /T0-F0-1 /T1-F3-1 /T0-F3-1 /T1-F0-1 
"
1010370,U#VQ#Jwh#Ldoc#DqFON#MEmgAn#IZWsKlz#etpSyjPvBrYRHTuXGiafkxCb,119.500000,906.000000,38.000000,0.666667,1,"
minimal: 0 / states: 113 / duration: 0.000135s
history:
/T4-F3-1 /T4-F3-1 /T5-F2-1 /T5-F0-1 /T4-T5-1 /T3-T4-1 /T3-F2-1 /D:1     /W-T5-1  /T4-T5-2 
/D:1     /W-T0-1  /D:1     /W-F2-1  /T5-T4-1 /T5-F2-1 /T4-T5-2 /T6-T4-1 /T6-T4-1 /T6-T4-1 
/D:1     /W-T0-1  /D:2     /W-T4-1  /D:1     /W-F3-1  /T1-F3-1 /D:1     /W-T4-1  /T2-T4-1 
/T1-T2-1 /D:1     /W-F0-1  /D:1     /W-T0-1  /T3-T0-1 /D:2     /W-F3-1  /D:1     /W-T2-1  
/T5-T2-5 /T5-T1-1 /T0-T5-1 /T0-F2-1 /T6-F2-1 /T5-T0-2 /W-T5-1  /W-T1-1  /D:3     /W-T1-1  
/T2-T1-8 /D:1     /W-T4-1  /T0-T4-3 /T0-F2-1 /W-F2-1  /D:1     /W-T2-1  /D:1     /W-F1-1  
/D:2     /W-T3-1  /T2-T3-2 /D:1     /W-T5-1  /T6-T5-1 /T6-T2-1 /T4-T6-5 /T4-F2-1 /T3-T2-4 
/T6-T4-6 /D:1     /W-F0-1  /D:1     /W-F1-1  /T1-F1-1 /T1-F0-1 /T4-F1-1 /T1-F1-1 /T4-F0-1 
/T1-F0-1 /T4-F3-1 /W-F1-1  /T1-F1-1 /T4-F0-1 /T4-F1-1 /W-F3-1  /T0-F3-1 /T1-F0-1 /T1-F3-1 
/T2-F1-1 /T1-F2-1 /T4-F0-1 /T2-F0-1 /T4-F1-1 /T2-F1-1 /T5-F3-1 /T1-F3-1 /T4-F0-1 /T2-F0-1 
/T5-F2-1 /T1-F2-1 /T4-F1-1 /T1-F1-1 /T5-F3-1 /T2-F3-1 /T4-F2-1 /T5-F0-1 
"
1010376,p#WU#uYM#gKfl#whFqZ#ixcQkA#EmoPHDB#vGyCTertnLXzbsOaVdjIJRNS,133.000000,2212.000000,42.000000,0.618750,1,"
minimal: 0 / states: 120 / duration: 0.000132s
history:
/T5-F0-1 /T6-F0-1 /T3-T2-1 /D:2     /W-T1-1  /T3-T1-1 /T3-T2-1 /D:1     /W-T4-1  /T5-T4-1 
/T0-T5-1 /T4-T0-3 /D:1     /W-F0-1  /T6-F0-1 /T3-T6-1 /T2-T3-3 /D:3     /W-T1-1  /T5-T1-2 
/T5-T4-1 /T5-T2-1 /T6-T5-2 /D:2     /W-F2-1  /D:4     /W-T1-1  /D:1     /W-T5-1  /D:2     
/W-F1-1  /T1-F1-1 /T4-F1-1 /T6-T4-1 /T6-F2-1 /T1-F2-1 /D:2     /W-F1-1  /D:1     /W-T2-1  
/D:1     /W-T2-1  /T1-T2-5 /T1-T3-1 /T6-T1-1 /T6-F0-1 /D:1     /W-T0-1  /W-T0-1  /D:1     
/W-T5-1  /T4-T5-2 /T4-F0-1 /D:1     /W-F3-1  /W-F3-1  /T5-F3-1 /T2-F3-1 /T5-F2-1 /T2-F2-1 
/T5-F3-1 /W-T6-1  /T2-T6-7 /T5-F2-1 /T2-T0-1 /D:1     /W-F3-1  /R       /D:1     /W-T3-1  
/T4-T3-1 /T5-T4-3 /D:1     /W-F3-1  /T6-T3-2 /T6-F3-1 /D:1     /W-F1-1  /T3-F1-1 /T3-F0-1 
/T4-F1-1 /T4-F0-1 /T3-F1-1 /T6-F0-1 /T4-F1-1 /T6-F1-1 /T0-T4-2 /T0-F0-1 /T0-F1-1 /T3-T6-2 
/T3-F0-1 /T3-F1-1 /T1-F1-1 /D:1     /W-F2-1  /T4-F2-1 /T4-F3-1 /T6-F2-1 /T4-F2-1 /T6-F3-1 
/T6-F2-1 /T0-F2-1 /T6-T3-1 /T6-F2-1 /D:1     /W-F0-1  /D:1     /W-F3-1  /T3-F3-1 /T0-F3-1 
/T3-F0-1 
"
1010380,e#Wt#wMh#myAV#idxga#KcEJON#CBTzPkX#vQbGZjnlfrHLDUpSIYFuqsRo,109.000000,1624.000000,55.000000,0.556250,1,"
minimal: 0 / states: 131 / duration: 0.000135s
history:
/T4-F1-1 /T5-F3-1 /T5-F3-1 /T3-T5-1 /T3-F0-1 /T6-T3-1 /T5-T3-2 /T1-T2-1 /D:1     /W-T1-1  
/T2-T1-2 /D:1     /W-T5-1  /D:1     /W-F1-1  /D:4     /W-F2-1  /D:1     /W-T2-1  /D:1     
/W-T1-1  /T5-T1-2 /T5-F1-1 /T1-T5-7 /T2-T1-2 /T2-T6-1 /T5-T1-8 /D:2     /W-T3-1  /T4-T3-1 
/D:2     /W-T0-1  /D:2     /W-T1-1  /D:4     /W-T3-1  /T0-T3-2 /D:5     /W-F2-1  /T1-F2-1 
/R       /D:2     /W-T0-1  /T3-T0-9 /D:1     /W-T4-1  /D:2     /W-T3-1  /T6-T3-2 /T6-F3-1 
/T6-T2-1 /T1-F3-1 /D:3     /W-T4-1  /D:1     /W-T2-1  /T4-T2-3 /T4-F1-1 /T4-T3-1 /D:1     
/W-T3-1  /T6-T3-1 /T6-F0-1 /T6-F0-1 /T0-F0-1 /T1-F0-1 /T0-F1-1 /T0-F0-1 /T1-F1-1 /T0-F1-1 
/W-T1-1  /W-T2-1  /T1-T2-2 /T1-F1-1 /W-T2-1  /W-F0-1  /T0-F0-1 /T2-T1-4 /T2-F0-1 /T3-T0-2 
/T3-F1-1 /T2-F1-1 /T0-T3-3 /T0-F0-1 /T1-T2-6 /T1-F0-1 /T3-T0-4 /T3-F1-1 /T1-F1-1 /T3-F0-1 
/T1-F0-1 /T3-F1-1 /D:1     /W-F2-1  /T2-F2-1 /D:1     /W-F2-1  /D:1     /W-F3-1  /T2-F3-1 
/T0-F3-1 /T2-F2-1 /T0-F2-1 /T2-F3-1 /T0-F3-1 /T2-F2-1 /T0-F2-1 /T2-F3-1 /T0-F3-1 /T2-F2-1 
/T0-F2-1 /T2-F3-1 /T0-F3-1 /T2-F2-1 
"
1010391,L#MZ#ygt#TjHW#IlViq#UuesfX#GrdaQDB#oEChmJcbxOPpYwnFNkARKvzS,174.500000,1888.000000,50.000000,0.556075,1,"
minimal: 0 / states: 127 / duration: 0.000144s
history:
/T5-T0-1 /T5-T2-1 /T0-T1-2 /T1-T0-3 /D:2     /W-T2-1  /D:4     /W-T0-1  /D:1     /W-T4-1  
/T6-T4-1 /D:4     /W-T6-1  /D:2     /W-T1-1  /D:2     /W-F2-1  /D:2     /W-F3-1  /D:2     
/W-F0-1  /T4-F0-1 /D:1     /W-T5-1  /T6-T5-2 /T6-T2-1 /T6-F1-1 /D:1     /W-T1-1  /T3-T1-1 
/D:1     /W-T1-1  /D:2     /R       /D:1     /W-F2-1  /D:1     /W-F0-1  /D:1     /W-T1-1  
/T2-T1-4 /T5-T2-4 /T4-T5-2 /T4-T0-1 /T3-T0-1 /T2-T0-5 /D:2     /W-F1-1  /T5-F1-1 /T6-F1-1 
/T0-T5-1 /T0-F0-1 /T5-T0-2 /T5-F1-1 /T5-T4-1 /T1-T6-1 /T1-F0-1 /T6-T1-2 /T6-T5-1 /W-T6-1  
/T2-T6-1 /D:2     /W-F3-1  /T0-F3-1 /T1-F3-1 /D:1     /W-F2-1  /T0-F2-1 /T0-F3-1 /T1-F2-1 
/T0-F2-1 /T1-F1-1 /T0-F1-1 /T1-F2-1 /T1-F1-1 /T4-F2-1 /T1-F2-1 /T0-T4-1 /T0-F1-1 /T3-F1-1 
/T4-T0-2 /W-T4-1  /T3-T0-1 /D:1     /W-F2-1  /T4-F2-1 /T6-F2-1 /D:1     /W-F0-1  /T5-F0-1 
/D:1     /W-F1-1  /T4-F1-1 /T6-F1-1 /T4-T1-1 /T5-T1-1 /D:1     /W-F2-1  /D:1     /W-F3-1  
/T0-F3-1 /T0-F0-1 /T1-F3-1 /T0-F3-1 /T1-F0-1 /T0-F0-1 /T1-F3-1 /T0-F3-1 /T1-F0-1 /T0-F0-1 
/T1-F3-1 /T0-F3-1 /T1-F0-1 
"
1010395,j#zB#bwg#PNUs#HhiAL#doJDam#EyIruxk#netcfCTQGVYlpvOZqSFXWRMK,109.500000,798.000000,35.000000,0.766667,1,"
minimal: 0 / states: 118 / duration: 0.000137s
history:
/T6-T4-1 /T4-T5-2 /T4-F0-1 /T1-F0-1 /T3-T2-1 /T0-T6-1 /T5-T0-3 /T5-F1-1 /D:1     /W-F2-1  
/D:1     /W-T2-1  /T5-T2-1 /T4-T5-1 /T5-T0-2 /T5-F2-1 /D:1     /W-T3-1  /D:1     /W-T2-1  
/D:1     /W-T3-1  /D:1     /W-F0-1  /D:3     /W-T4-1  /D:2     /W-T1-1  /T6-T1-2 /T6-T0-1 
/T6-T3-1 /T2-T0-5 /T3-T6-4 /T3-F3-1 /T6-T1-5 /W-T2-1  /W-T1-1  /D:2     /W-F2-1  /D:2     
/W-F3-1  /T3-F3-1 /T1-F3-1 /T5-T1-1 /D:1     /W-T3-1  /T6-T3-1 /D:1     /W-F2-1  /T1-T6-1 
/T1-F2-1 /T6-T1-2 /D:1     /W-T4-1  /D:2     /W-T3-1  /T2-T3-2 /T2-F1-1 /T0-F1-1 /T0-F0-1 
/T1-F1-1 /T0-F1-1 /T1-F0-1 /T1-F1-1 /T0-F2-1 /T0-F1-1 /T1-F2-1 /T4-T1-2 /T4-F1-1 /T0-F2-1 
/T0-F1-1 /W-F0-1  /W-F2-1  /T3-T0-1 /T3-F2-1 /T4-T0-1 /D:2     /W-F3-1  /T1-F3-1 /T1-F0-1 
/T0-F0-1 /D:1     /W-T2-1  /D:1     /R       /D:1     /W-F3-1  /T1-F3-1 /T0-F3-1 /T1-F0-1 
/T0-F0-1 /T1-F1-1 /T0-F1-1 /T1-F2-1 /T3-T0-1 /T3-F2-1 /T1-T2-1 /T1-F2-1 /D:1     /W-F1-1  
/T0-T3-2 /T0-F1-1 /D:1     /W-F3-1  /T3-F3-1 /T2-F3-1 /D:1     /W-F0-1  /T3-F0-1 /T2-F0-1 
/T3-F3-1 
"
1010398,K#Rn#mEv#zjhN#SHwCf#UXZYBg#iqtpFak#oIrMAQDTsGWOdLbxyJclVueP,98.500000,1044.000000,35.000000,0.764706,1,"
minimal: 0 / states: 118 / duration: 0.000125s
history:
/T1-F2-1 /T3-F3-1 /T3-T2-1 /T2-T3-2 /T2-T4-1 /T3-T0-3 /D:1     /W-F2-1  /D:4     /W-F0-1  
/D:1     /W-T4-1  /D:1     /W-T1-1  /D:2     /W-T5-1  /T1-T5-2 /D:1     /W-T0-1  /T4-T0-3 
/T4-T0-1 /T4-T6-1 /T5-T4-4 /T5-F0-1 /T5-T3-1 /T5-T1-1 /T0-F0-1 /T4-F0-1 /T0-T3-8 /D:2     
/W-F3-1  /D:2     /W-T1-1  /T6-T1-2 /T6-F1-1 /D:1     /W-F1-1  /D:2     /W-T2-1  /T5-T2-1 
/D:1     /W-T2-1  /D:1     /W-F1-1  /D:2     /W-T1-1  /T4-T1-4 /D:2     /W-T6-1  /D:1     
/W-F3-1  /T3-F3-1 /T1-F3-1 /T3-F0-1 /T6-T1-1 /T6-F0-1 /T6-F2-1 /T6-T5-1 /T6-F2-1 /T4-F3-1 
/T3-T5-1 /T3-F0-1 /W-T6-1  /T1-T6-3 /T1-F0-1 /T6-T2-5 /R       /D:1     /W-F0-1  /D:1     
/W-F2-1  /D:1     /W-T0-1  /D:1     /W-F3-1  /T5-T3-2 /T5-F3-1 /T1-F3-1 /T2-T1-5 /T2-F0-1 
/D:1     /W-F3-1  /T2-F3-1 /D:1     /W-F1-1  /T1-F1-1 /T1-F2-1 /T3-F1-1 /T1-F1-1 /T3-F2-1 
/T1-F2-1 /T3-F1-1 /T1-F1-1 /T3-F2-1 /T1-F2-1 /T3-F1-1 /T1-F1-1 /T3-F0-1 /T1-F0-1 /T0-F0-1 
/T3-F3-1 /T1-F3-1 /D:1     /W-F2-1  /T2-F2-1 /T3-F2-1 /D:1     /W-F1-1  /T2-F1-1 
"
1010401,L#tA#hVS#GUYD#vqNus#weTnga#kMiJomc#IrxfyCjHFRXEWzZKbBQOpPdl,50.000000,466.000000,18.000000,1.051282,1,"
minimal: 0 / states: 130 / duration: 0.000139s
history:
/T1-F0-1 /T5-F1-1 /T6-T3-1 /T4-T5-1 /T5-T4-2 /T5-F2-1 /T2-T1-1 /T4-T2-3 /T4-F3-1 /T0-T6-1 
/T6-T0-2 /T6-F2-1 /T2-T6-4 /T1-T2-2 /D:2     /W-T2-1  /D:7     /W-T5-1  /D:1     /W-T5-1  
/T3-T5-2 /D:1     /W-T0-1  /T6-T0-5 /W-T6-1  /T5-T6-5 /T4-T5-1 /T5-T0-2 /T6-T5-7 /T3-T6-1 
/T3-T4-1 /T6-T1-2 /T3-T4-1 /T5-T6-8 /D:3     /W-T3-1  /D:1     /W-T5-1  /D:1     /W-T1-1  
/W-T1-1  /T4-T1-3 /D:1     /W-F1-1  /T6-F1-1 /D:1     /W-F0-1  /D:1     /W-T2-1  /D:1     
/W-F3-1  /D:1     /W-F2-1  /T0-F2-1 /D:1     /W-F3-1  /T2-F3-1 /T2-F2-1 /T6-T0-1 /T6-F3-1 
/T2-F3-1 /T0-T6-2 /T0-F2-1 /T2-F2-1 /T6-T0-3 /T6-F3-1 /T0-T6-4 /T0-F2-1 /T1-T2-1 /T1-F3-1 
/T0-F3-1 /T1-F2-1 /T1-F3-1 /T6-T0-6 /T6-F2-1 /T0-T6-7 /T0-F3-1 /T6-T0-8 /D:1     /W-F1-1  
/D:1     /W-T3-1  /T1-T3-1 /T1-F3-1 /T5-F3-1 /R       /D:2     /W-F2-1  /D:1     /W-T2-1  
/D:1     /W-F2-1  /T3-T1-2 /T3-F2-1 /D:1     /W-F0-1  /T0-F0-1 /T0-F1-1 /T2-F1-1 /D:1     
/W-T1-1  /W-T1-1  /T2-T1-2 /D:1     /W-F0-1  /T0-F0-1 /T0-F1-1 /T1-F0-1 /T0-F0-1 /T1-F1-1 
/T0-F1-1 /T1-F0-1 /T0-F0-1 /T1-F1-1 /T0-F1-1 /T1-F0-1 /T0-F0-1 /T1-F1-1 /T0-F1-1 /T1-F0-1 
"
1010420,n#Kr#xwb#yhOL#EvIWA#StgJlH#RjuCPiX#ZsfkNDzQaqMVGocpeYUBTdFm,105.000000,1224.000000,38.000000,0.669014,1,"
minimal: 0 / states: 123 / duration: 0.000130s
history:
/T0-F2-1 /T4-F0-1 /T6-T3-1 /T5-T6-1 /D:1     /W-T0-1  /T3-T0-2 /D:4     /W-F3-1  /T3-F3-1 
/D:3     /W-T1-1  /D:1     /W-F1-1  /T2-F1-1 /T6-T2-2 /T6-F3-1 /T6-T1-1 /T2-T0-3 /T4-T2-1 
/T4-T2-1 /T3-T2-1 /T2-T5-4 /W-T2-1  /T5-T2-5 /D:3     /W-T5-1  /T6-T5-1 /T4-T6-1 /D:1     
/W-T2-1  /D:1     /W-F2-1  /D:1     /W-F1-1  /D:1     /W-F2-1  /D:3     /W-T6-1  /D:1     
/W-F0-1  /T1-F0-1 /T1-F3-1 /D:1     /W-T0-1  /D:1     /W-F1-1  /D:1     /W-T0-1  /D:1     
/R       /D:2     /W-T2-1  /T1-T2-1 /T6-T1-3 /T6-F3-1 /D:1     /W-T3-1  /T5-T3-3 /T5-T3-1 
/T5-T1-1 /T5-F3-1 /T0-T3-1 /T0-F3-1 /D:1     /W-F0-1  /T4-F0-1 /T3-F0-1 /T2-T1-2 /T2-F0-1 
/T0-F0-1 /T1-T2-3 /T1-F3-1 /T2-T1-4 /T2-F0-1 /T3-T0-2 /T3-F3-1 /T2-F3-1 /T3-F0-1 /T0-T3-4 
/T0-F3-1 /T1-T2-6 /T1-F0-1 /T0-F0-1 /W-T3-1  /T3-T0-7 /D:1     /W-F2-1  /T2-F2-1 /T0-F2-1 
/D:1     /W-F0-1  /D:1     /W-F1-1  /T2-F1-1 /T0-F1-1 /T2-F2-1 /T0-F2-1 /T2-F1-1 /T0-F1-1 
/T2-F2-1 /T0-F2-1 /T2-F1-1 /T0-F1-1 /T2-F2-1 /T0-F2-1 /T2-F1-1 /T2-F2-1 /D:1     /W-F3-1  
/T0-F3-1 /D:1     /W-F1-1  
"
1010428,p#om#ECy#BaQN#uWxdS#cKwkLR#IYibtMX#VnlTqUGsJrhZADFjzPfgOHve,103.000000,2061.000000,52.000000,0.554945,1,"
minimal: 0 / states: 135 / duration: 0.000145s
history:
/T3-F3-1 /T6-T2-1 /T2-T1-2 /T2-T3-1 /T3-T2-2 /T3-F1-1 /T2-T4-3 /T6-T2-1 /T4-T6-4 /T0-T4-1 
/T1-T0-3 /D:2     /W-F2-1  /T1-F2-1 /T4-F2-1 /D:1     /W-T2-1  /D:2     /W-F2-1  /D:4     
/W-T0-1  /D:1     /W-F2-1  /W-F2-1  /D:2     /W-T1-1  /D:1     /W-F0-1  /T3-F0-1 /T6-F0-1 
/D:1     /W-F0-1  /D:3     /W-T3-1  /D:4     /W-F3-1  /D:3     /R       /D:1     /W-T0-1  
/D:7     /W-F3-1  /T6-F3-1 /T5-F3-1 /T5-T1-1 /T4-T6-1 /T5-T1-1 /T4-T2-1 /T5-T1-1 /T4-T2-1 
/W-T5-1  /T4-T0-1 /D:2     /W-T0-1  /D:2     /W-T2-1  /D:1     /R       /D:2     /W-T2-1  
/T6-T2-4 /T6-F1-1 /T6-T1-1 /T5-T6-2 /T5-F1-1 /T2-F1-1 /T2-F0-1 /T2-F3-1 /T6-T3-3 /T2-F2-1 
/W-F3-1  /T2-F3-1 /T0-T1-2 /T0-F3-1 /T2-T3-1 /T2-F3-1 /D:2     /W-T3-1  /W-T3-1  /D:1     
/W-F0-1  /T3-F0-1 /D:2     /W-F0-1  /T6-F0-1 /T0-F0-1 /T0-F3-1 /T3-T2-3 /T3-F0-1 /T3-F3-1 
/T1-T0-5 /T1-F0-1 /T1-F3-1 /T2-T3-5 /T2-F0-1 /D:1     /W-F1-1  /W-F1-1  /T0-F1-1 /T0-F2-1 
/T3-F1-1 /T0-F1-1 /T3-F2-1 /T0-F2-1 /T3-F1-1 /T0-F1-1 /T3-F2-1 /T0-F2-1 /T3-F1-1 /T0-F1-1 
/T3-F2-1 
"
1010432,k#Yn#MdJ#zwaL#CribZ#QcIopK#tjuUxVg#GDBFeEsvmPOSWhyHNqRfATXl,134.000000,3175.000000,49.000000,0.629032,1,"
minimal: 0 / states: 129 / duration: 0.000139s
history:
/T1-F2-1 /T5-T1-1 /T3-T4-1 /T3-F1-1 /T2-T0-1 /T5-T2-1 /T5-F2-1 /T0-T4-2 /T4-T0-4 /T4-F1-1 
/T4-T0-1 /T2-T4-2 /T4-F2-1 /T1-T2-2 /D:4     /W-T6-1  /D:1     /W-T6-1  /D:4     /W-T1-1  
/D:4     /W-T2-1  /T5-T2-1 /T5-F1-1 /T4-F1-1 /T6-F1-1 /T5-T4-1 /D:1     /W-T2-1  /D:1     
/W-T1-1  /D:1     /W-T0-1  /T6-T0-2 /T6-T3-1 /D:1     /W-F3-1  /D:1     /W-F2-1  /D:1     
/W-T0-1  /D:1     /W-F1-1  /D:1     /W-F0-1  /D:2     /W-T1-1  /T3-T1-2 /D:1     /W-T3-1  
/T6-T3-1 /R       /D:1     /W-T2-1  /F1-T2-1 /T4-T2-2 /T4-T2-1 /D:1     /W-T0-1  /D:1     
/W-F0-1  /T2-F0-1 /T0-F0-1 /D:1     /W-F0-1  /D:4     /W-F3-1  /W-F3-1  /T2-F3-1 /T0-F3-1 
/T0-F0-1 /T2-F2-1 /T2-F1-1 /T0-F1-1 /T2-F0-1 /T0-F0-1 /T2-F1-1 /T6-T2-1 /T6-T0-1 /T6-T3-1 
/T0-T1-1 /T0-F1-1 /T3-F1-1 /T6-T2-1 /D:1     /W-F3-1  /D:1     /W-F3-1  /R       /D:1     
/W-F2-1  /T2-F2-1 /T1-F2-1 /T2-F3-1 /T1-F3-1 /T2-F0-1 /T0-F0-1 /T0-F1-1 /T2-F3-1 /T2-F0-1 
/T0-F0-1 /T3-T2-1 /T3-F1-1 /T1-T0-3 /T1-F1-1 /T2-T3-2 /T2-F0-1 /D:1     /W-F2-1  /T0-F2-1 
/T0-F3-1 /T3-F2-1 /T0-F2-1 /T3-F3-1 /T0-F3-1 /T3-F2-1 
"
1010442,q#Qr#hKX#SjRd#keYlw#pJtyoM#iFxvOnI#WBLCgUmsNVzaZTGcuPDEbAHf,149.000000,4278.000000,56.000000,0.553191,1,"
minimal: 0 / states: 132 / duration: 0.000153s
history:
/T4-T2-1 /T3-T1-1 /T4-T5-1 /T0-T3-1 /T5-T0-2 /D:4     /W-T1-1  /D:2     /W-T6-1  /D:3     
/W-F3-1  /D:1     /W-T2-1  /D:2     /W-F1-1  /D:3     /W-T6-1  /D:1     /W-T3-1  /T5-T3-1 
/T2-T5-3 /T2-T0-1 /D:1     /W-T5-1  /W-T5-1  /D:4     /W-F1-1  /D:1     /W-F0-1  /D:2     
/W-T6-1  /T1-T6-3 /R       /D:1     /W-T0-1  /T6-T0-7 /T6-F2-1 /T3-F2-1 /T6-F3-1 /T3-F1-1 
/T0-T1-1 /T0-F1-1 /T1-T0-2 /T2-T6-1 /D:1     /W-F0-1  /T0-F0-1 /D:3     /W-T1-1  /T5-T1-6 
/T5-T6-1 /D:1     /W-T1-1  /T3-T1-2 /T6-T3-3 /T6-T4-1 /T3-T4-4 /T3-T4-1 /D:1     /W-T2-1  
/T4-T2-7 /T4-F1-1 /T5-T4-1 /T5-F2-1 /T1-F2-1 /T0-T2-2 /T0-F1-1 /W-F1-1  /D:1     /W-T3-1  
/W-T3-1  /T4-T3-2 /D:1     /W-F3-1  /T2-F3-1 /T2-F2-1 /T1-F3-1 /T1-F2-1 /T6-T1-1 /T2-F3-1 
/T2-F2-1 /T2-F1-1 /T6-F1-1 /D:1     /W-F0-1  /D:1     /W-F0-1  /T1-F0-1 /T0-F0-1 /T1-F3-1 
/T0-F3-1 /T1-F2-1 /T2-F2-1 /T1-F3-1 /T1-F2-1 /T2-F1-1 /T2-F2-1 /T3-T1-1 /T3-F1-1 /T0-T2-3 
/T0-F1-1 /T1-T3-2 /T1-F2-1 /T1-F1-1 /T2-T0-4 /T2-F2-1 /D:1     /W-F0-1  /T0-F0-1 /T0-F3-1 
/T3-F0-1 /T0-F0-1 /T3-F3-1 /T0-F3-1 /T3-F0-1 /T0-F0-1 /T3-F3-1 
"
1010446,w#fS#Zpa#skGA#meUur#VhxPoF#lHqcQBN#tdgIziLjJOKXynCDEMWbYvTR,122.500000,2415.000000,37.000000,0.690789,1,"
minimal: 0 / states: 110 / duration: 0.000146s
history:
/T2-F1-1 /T3-F0-1 /T6-F3-1 /T6-F0-1 /T4-T1-1 /T6-T1-1 /T1-T3-3 /T2-T3-1 /D:3     /W-T4-1  
/T5-T4-1 /T5-T6-1 /D:3     /W-T0-1  /T4-T0-3 /T3-T4-5 /T0-T3-5 /W-T0-1  /D:1     /W-T2-1  
/T3-T2-6 /D:3     /W-F3-1  /T5-F3-1 /D:4     /W-F2-1  /T6-F2-1 /T4-F2-1 /T4-F3-1 /D:1     
/W-F0-1  /D:1     /W-F0-1  /D:1     /W-F0-1  /T2-F0-1 /T3-T2-1 /D:1     /W-T3-1  /D:1     
/W-T5-1  /D:1     /W-F1-1  /T6-F1-1 /T6-F2-1 /T4-F2-1 /T2-F2-1 /D:1     /W-T0-1  /T5-T0-2 
/D:1     /W-T0-1  /T4-T0-3 /F0-T2-1 /T4-T2-1 /W-T4-1  /W-T4-1  /D:1     /W-T6-1  /D:1     
/W-F3-1  /T0-F3-1 /T6-F3-1 /T0-T5-1 /T0-F3-1 /T5-T0-2 /T6-T5-1 /W-T6-1  /W-T4-1  /W-T6-1  
/W-T6-1  /W-F1-1  /T2-F1-1 /T1-F1-1 /T2-F0-1 /T0-F0-1 /T2-F1-1 /T5-F0-1 /W-F2-1  /T0-F1-1 
/T2-F2-1 /T0-F2-1 /T2-F1-1 /T5-F3-1 /T2-F2-1 /T6-F0-1 /T0-F3-1 /T4-F0-1 /T4-F3-1 /T6-F1-1 
/T0-F2-1 /T2-F1-1 /T4-F2-1 /T6-F0-1 /T0-F3-1 /T2-F0-1 /T2-F3-1 /T6-F1-1 /T0-F2-1 /T3-F0-1 
/T4-F1-1 
"
1010447,n#Ia#czO#smqF#UCSyM#grRHuN#vBTQPKE#dDeXxpjwVZLhbfikGtolYWAJ,118.500000,1846.000000,54.000000,0.579545,1,"
minimal: 0 / states: 121 / duration: 0.000143s
history:
/T0-F2-1 /T1-F1-1 /T5-F3-1 /T2-F3-1 /T4-T0-1 /D:1     /W-T6-1  /D:2     /W-T3-1  /W-T3-1  
/D:1     /W-T4-1  /D:2     /W-T6-1  /D:2     /W-T4-1  /D:1     /W-T4-1  /T5-T4-1 /D:3     
/W-T1-1  /D:1     /W-F1-1  /D:4     /W-T1-1  /D:2     /W-F2-1  /T6-F2-1 /D:1     /W-T0-1  
/D:1     /W-T2-1  /D:2     /W-F0-1  /D:1     /R       /D:1     /W-T0-1  /D:1     /W-T0-1  
/T1-T0-3 /T2-T1-2 /T2-F1-1 /T6-F1-1 /D:1     /W-T2-1  /T4-T2-5 /T6-T4-1 /T6-T1-1 /T6-F3-1 
/T6-F3-1 /T3-T6-3 /T3-F2-1 /T4-T0-2 /T6-T2-4 /T6-F0-1 /T4-F0-1 /T2-F0-1 /T0-F0-1 /T2-F1-1 
/T4-T6-1 /T3-T4-1 /T2-F0-1 /T3-T2-1 /D:1     /W-T4-1  /D:1     /W-F1-1  /D:2     /W-T4-1  
/D:1     /W-T6-1  /T0-T6-1 /T0-F0-1 /T5-F0-1 /T5-F3-1 /T5-F2-1 /T2-F2-1 /T5-F1-1 /T6-F3-1 
/T2-F3-1 /T6-F2-1 /T0-F1-1 /T2-F2-1 /T6-F3-1 /T0-F0-1 /T2-F3-1 /T6-F2-1 /W-F1-1  /T0-F1-1 
/T2-F2-1 /T0-F2-1 /T4-F1-1 /T0-F1-1 /T2-T4-1 /T2-F2-1 /T1-T0-2 /T1-F2-1 /T4-T2-2 /T4-F1-1 
/D:1     /W-F3-1  /T2-F3-1 /D:1     /W-F0-1  /T0-F0-1 /T0-F3-1 /T2-F0-1 /T0-F0-1 /T2-F3-1 
"
1010449,B#TJ#Zqz#dwpP#xMEFG#fLySuN#eXojsbn#AgDYOhWrVIlcRaHvCUKmQtik,121.000000,1379.000000,38.000000,0.668919,1,"
minimal: 0 / states: 110 / duration: 0.000141s
history:
/T5-F3-1 /T6-F2-1 /T0-T3-1 /T2-T0-1 /T3-T2-2 /T6-T3-1 /D:1     /W-F0-1  /T2-F0-1 /D:1     
/W-T5-1  /T6-T5-1 /D:2     /W-T0-1  /D:1     /W-F3-1  /T2-F3-1 /D:4     /W-T1-1  /T5-T1-3 
/T5-T4-1 /W-T4-1  /D:1     /W-T6-1  /D:2     /W-T2-1  /D:1     /W-T1-1  /T2-T1-2 /T5-T2-1 
/D:1     /W-F1-1  /T3-F1-1 /T1-F1-1 /D:3     /W-F0-1  /D:1     /W-T6-1  /T4-T6-3 /D:1     
/W-T0-1  /T6-T0-6 /T6-F2-1 /T3-F2-1 /T1-F2-1 /T1-T6-6 /T4-T1-1 /T6-T2-7 /T0-F2-1 /T4-T0-1 
/T6-T1-1 /T4-T6-1 /D:2     /W-F3-1  /T2-F3-1 /T2-F2-1 /D:1     /W-F2-1  /D:1     /W-T3-1  
/D:1     /W-T5-1  /T3-T5-2 /T3-F1-1 /W-T3-1  /T5-T3-4 /T1-F1-1 /T5-F1-1 /T2-F1-1 /T2-F2-1 
/W-F2-1  /W-T2-1  /W-T6-1  /W-T4-1  /W-F1-1  /W-F0-1  /T0-F0-1 /T0-F3-1 /T1-F0-1 /T0-F0-1 
/T1-F3-1 /T0-F3-1 /T2-F0-1 /T0-F0-1 /T2-F3-1 /T3-F1-1 /T0-F1-1 /T2-F0-1 /T3-F2-1 /T3-F1-1 
/T4-F3-1 /T0-F0-1 /T2-F3-1 /T3-F0-1 /T4-F2-1 /T0-F3-1 /T2-F2-1 /T2-F3-1 /T6-F1-1 /T0-F2-1 
/T3-F1-1 /T6-F0-1 
"
1010461,n#Cy#pah#rHPl#AtsDj#NeQvuZ#USbgYzV#wKRkGdqLBWXIJExTcimMoOFf,138.000000,2767.000000,56.000000,0.553191,1,"
minimal: 0 / states: 129 / duration: 0.000136s
history:
/T0-F2-1  /T5-T0-1  /T5-T6-1  /T5-T4-1  /T2-T4-1  /T2-F1-1  /T1-T0-1  /T1-T5-1  /D:2      /W-T3-1   
/T4-T3-3  /D:2      /W-T0-1   /D:1      /W-T3-1   /D:8      /W-T0-1   /T6-T0-2  /T6-T1-1  /T6-T1-1  
/T6-T0-1  /T6-F1-1  /T6-T3-1  /D:1      /W-T3-1   /T5-T3-2  /T4-T5-1  /T4-T0-1  /T4-T6-1  /T4-F0-1  
/T5-T0-2  /T5-F3-1  /D:1      /W-T1-1   /D:2      /W-F1-1   /D:2      /W-T4-1   /D:1      /W-T5-1   
/T3-T5-10 /T3-T0-1  /D:1      /W-F2-1   /T2-F2-1  /D:1      /W-F3-1   /T0-F3-1  /D:2      /W-T6-1   
/R        /D:3      /W-F1-1   /D:1      /W-F2-1   /D:1      /W-T4-1   /D:1      /W-F0-1   /T5-F0-1  
/T0-F0-1  /T0-F1-1  /T5-F3-1  /T5-F0-1  /W-F3-1   /T5-F3-1  /T6-F1-1  /D:1      /W-T1-1   /D:1      
/W-T4-1   /W-T4-1   /D:1      /W-T1-1   /T6-T1-2  /D:1      /W-F3-1   /D:1      /W-T4-1   /T3-T4-1  
/T3-F2-1  /T0-F2-1  /T1-F2-1  /T0-F1-1  /T0-F2-1  /T1-F3-1  /T0-F3-1  /T5-T1-2  /T5-F2-1  /T1-T5-3  
/T1-F3-1  /T4-T0-2  /T4-F2-1  /T1-F2-1  /T4-F3-1  /T1-F3-1  /T0-T4-4  /T0-F2-1  /T0-F3-1  /T1-F2-1  
/D:1      /W-F0-1   /T5-F0-1  /T4-F0-1  /T5-F1-1  /T4-F1-1  /T5-F0-1  /T4-F0-1  /T5-F1-1  /T4-F1-1  
/T5-F0-1  /T4-F0-1  /T5-F1-1  /T4-F1-1  /T5-F0-1  
"
1010471,y#KX#Zwb#rxpn#WfCAe#gdlaoh#USQkOsG#LDumcMJVPBtNEYqTvFzHIjRi,177.000000,1428.000000,56.000000,0.584112,1,"
minimal: 0 / states: 120 / duration: 0.000130s
history:
/T3-F2-1 /T6-T5-1 /T4-T6-1 /T4-F0-1 /T2-T3-1 /T1-T0-1 /T2-T0-1 /T0-T2-3 /D:2     /W-T6-1  
/D:2     /W-T0-1  /D:1     /W-T6-1  /D:3     /W-T2-1  /D:2     /W-F0-1  /T4-F0-1 /T4-T5-1 
/T4-T1-1 /D:2     /W-F3-1  /D:1     /W-T5-1  /D:4     /W-T1-1  /T5-T1-4 /T5-F2-1 /T5-F1-1 
/T3-F1-1 /T6-F1-1 /T3-F2-1 /T3-T5-1 /T6-F0-1 /T1-F0-1 /T3-T1-1 /D:1     /W-F0-1  /D:1     
/W-T3-1  /T5-T3-2 /T5-F1-1 /T6-T5-2 /T6-F3-1 /T5-F1-1 /D:1     /W-T2-1  /W-T2-1  /W-F2-1  
/T1-F2-1 /T1-F1-1 /T1-F0-1 /T5-F2-1 /T5-F1-1 /T1-F1-1 /D:2     /W-T3-1  /W-T3-1  /D:2     
/W-F1-1  /R       /D:1     /W-T0-1  /T6-T0-1 /D:2     /W-T4-1  /D:1     /W-T0-1  /D:1     
/W-F3-1  /T6-F3-1 /D:1     /W-F2-1  /W-F2-1  /T1-F2-1 /T2-T0-3 /T2-F2-1 /T3-T1-1 /T3-F1-1 
/T3-F2-1 /T0-T2-4 /T0-F1-1 /T3-F1-1 /T2-T0-5 /T2-F2-1 /T3-F2-1 /T0-T2-6 /T0-F1-1 /D:1     
/W-T4-1  /T1-T4-3 /D:1     /W-F3-1  /T6-F3-1 /T2-F3-1 /T2-F0-1 /T6-F3-1 /T2-F3-1 /T4-F0-1 
/T2-F0-1 /T4-F3-1 /T2-F3-1 /T4-F0-1 /T2-F0-1 /T4-F3-1 /T2-F3-1 /T4-F0-1 
"
1010478,h#lm#uZQ#xgWf#ODeca#MPJFBC#YrRGHLn#TIAwpqKvXSoVNbEjUkidyszt,101.000000,770.000000,36.000000,0.678082,1,"
minimal: 0 / states: 126 / duration: 0.000152s
history:
/T4-F1-1 /T6-F2-1 /T5-T2-1 /T6-T1-1 /T5-T4-1 /D:1     /W-T6-1  /T5-T6-1 /D:2     /W-F0-1  
/T4-F0-1 /T2-F0-1 /D:2     /W-T2-1  /D:4     /W-T1-1  /T5-T1-1 /D:2     /W-F2-1  /T2-F2-1 
/D:1     /W-T1-1  /T6-T1-3 /T3-T6-1 /T6-T0-2 /T6-T1-1 /T2-T6-1 /T6-T0-2 /D:1     /W-F3-1  
/D:1     /W-F1-1  /T4-F1-1 /D:6     /W-F1-1  /T4-F1-1 /T4-F0-1 /T4-F3-1 /T5-F3-1 /T0-F3-1 
/T1-T4-9 /T1-T5-1 /T2-T1-1 /T4-F3-1 /D:1     /W-T1-1  /D:3     /R       /D:1     /W-T3-1  
/T0-T3-4 /D:2     /W-F2-1  /T3-F2-1 /T3-F1-1 /D:1     /W-T5-1  /T3-T5-4 /T3-F1-1 /T3-T6-1 
/D:2     /W-F3-1  /D:1     /W-F0-1  /T4-F0-1 /T5-F0-1 /T4-F3-1 /T4-F0-1 /T5-F1-1 /T5-F0-1 
/W-T5-1  /T2-T4-1 /D:1     /W-T6-1  /D:1     /W-F3-1  /D:1     /W-T1-1  /W-T1-1  /T4-T1-2 
/T4-F0-1 /D:1     /W-F1-1  /T6-F1-1 /T1-T4-3 /T1-F1-1 /T5-T6-2 /T5-F0-1 /T5-F1-1 /T4-T1-4 
/T4-F0-1 /T4-F1-1 /T5-F0-1 /D:1     /W-F2-1  /D:1     /W-T0-1  /T6-T0-4 /D:1     /W-F2-1  
/T1-F2-1 /T0-F2-1 /T1-F3-1 /T0-F3-1 /T1-F2-1 /T0-F2-1 /T1-F3-1 /T0-F3-1 /T1-F2-1 /T0-F2-1 
/T1-F3-1 
"
1010482,t#BZ#uwQ#zJeS#UAcxH#PnVNka#dGKCXmO#RoYMpijsTqhrIfbLDgvElWFy,158.500000,2182.000000,58.000000,0.552632,1,"
minimal: 0 / states: 131 / duration: 0.000136s
history:
/T5-F1-1  /T3-T0-1  /D:5      /W-T2-1   /T6-T2-1  /D:4      /W-T4-1   /W-T4-1   /T3-T4-1  /T3-T5-1  
/D:1      /W-T4-1   /D:2      /W-T0-1   /T2-T0-3  /D:3      /W-F1-1   /D:1      /W-T1-1   /T5-T1-2  
/T5-F3-1  /T0-F3-1  /T4-T5-5  /T5-T1-6  /T5-F2-1  /T5-T1-1  /T6-T5-1  /T2-T6-1  /T1-F3-1  /D:2      
/W-T2-1   /D:3      /W-T3-1   /T4-T3-1  /T4-F1-1  /T4-F0-1  /T0-T4-5  /T1-T0-10 /T1-F0-1  /D:1      
/W-T3-1   /D:1      /W-T2-1   /D:1      /W-T5-1   /T6-T5-2  /T6-F0-1  /R        /D:1      /W-T2-1   
/D:1      /W-F2-1   /T4-F2-1  /T0-F2-1  /T4-F3-1  /T2-F3-1  /T4-F2-1  /T4-F3-1  /T0-T2-1  /T0-F2-1  
/T0-F3-1  /T4-F2-1  /T4-F3-1  /T2-T0-3  /T2-F2-1  /D:2      /W-T1-1   /W-T1-1   /T6-T1-1  /D:1      
/W-T5-1   /T0-T5-4  /T0-F3-1  /T3-F3-1  /D:1      /W-T1-1   /D:2      /W-T1-1   /W-T1-1   /T6-T1-1  
/T6-F1-1  /T5-F1-1  /D:1      /W-F1-1   /D:1      /W-F0-1   /D:1      /W-F2-1   /T5-T0-4  /T5-F2-1  
/T3-F2-1  /T5-F3-1  /T5-F2-1  /T1-T3-5  /T1-F3-1  /T0-T5-7  /T0-F3-1  /T3-T1-6  /T3-F2-1  /D:1      
/W-F0-1   /T5-F0-1  /T1-F0-1  /T5-F1-1  /T1-F1-1  /T5-F0-1  /T1-F0-1  /T5-F1-1  /T1-F1-1  /T5-F0-1  
/T1-F0-1  /T5-F1-1  /T1-F1-1  /T5-F0-1  /T1-F0-1  /T5-F1-1  
"
1010496,N#kH#Jrg#isxU#GaQmI#OEWBMn#RTqVpAl#whfSYcdbPeLDjZyuzvXFtCKo,115.500000,1928.000000,46.000000,0.575949,1,"
minimal: 0 / states: 125 / duration: 0.000142s
history:
/T0-F3-1 /T5-F2-1 /T6-T5-1 /T6-F0-1 /T5-T0-2 /T5-F0-1 /T4-T5-1 /T3-T5-1 /T2-T1-1 /T3-T0-1 
/T5-T0-3 /T3-T1-1 /T1-T3-3 /D:1     /W-T1-1  /T3-T1-4 /T4-T3-1 /T6-T4-1 /T4-T2-2 /T4-F1-1 
/T4-T0-1 /D:2     /W-T0-1  /T2-T0-3 /T6-T2-1 /D:3     /W-T6-1  /D:1     /W-T5-1  /D:1     
/W-F1-1  /T6-F1-1 /T5-F1-1 /D:1     /W-T6-1  /D:1     /W-T1-1  /T6-T1-2 /D:1     /W-T3-1  
/T1-T3-9 /D:3     /W-T1-1  /D:1     /W-T1-1  /D:1     /W-T2-1  /T6-T2-1 /T3-T6-2 /T3-F1-1 
/T6-T3-3 /D:1     /W-T4-1  /D:2     /W-T1-1  /T2-T1-4 /D:1     /W-T1-1  /D:2     /W-F0-1  
/D:2     /W-F2-1  /T0-F2-1 /R       /D:3     /W-T4-1  /D:1     /W-F0-1  /T5-F0-1 /T5-F3-1 
/T3-F3-1 /T0-F3-1 /T3-F2-1 /T0-F2-1 /T0-F1-1 /T3-F3-1 /T1-F0-1 /T3-F2-1 /T3-F1-1 /W-F3-1  
/T0-F0-1 /T1-F3-1 /T3-F0-1 /T0-F3-1 /T0-F0-1 /W-F1-1  /T3-F1-1 /T1-T3-2 /T1-F0-1 /D:1     
/W-F1-1  /T3-T1-3 /T3-F1-1 /T0-T4-2 /T0-F1-1 /D:1     /W-T4-1  /D:1     /W-F2-1  /T1-F2-1 
/T1-F3-1 /T4-F2-1 /T1-F2-1 /T4-F3-1 /T1-F3-1 /T4-F2-1 /T1-F2-1 /T4-F3-1 /T4-F2-1 /T1-F3-1 
/D:1     /W-F0-1  /T3-F0-1 /T0-F0-1 /T3-F1-1 
"
1010510,a#os#hdP#iJrA#QyOeZ#TncKNt#RGkIzDL#qpMvCSjVmYgFluWXExHfUBwb,129.000000,1160.000000,45.000000,0.631250,1,"
minimal: 0 / states: 128 / duration: 0.000136s
history:
/T0-F1-1 /T3-F0-1 /T6-T4-1 /T4-T0-2 /T6-T4-1 /T4-T1-2 /T2-T1-1 /T2-T3-1 /T5-T2-1 /T5-F3-1 
/T4-F3-1 /T1-F3-1 /D:2     /W-T3-1  /D:4     /W-T2-1  /T3-T2-3 /D:1     /W-T5-1  /D:1     
/W-T3-1  /D:2     /W-T6-1  /T5-T6-2 /T5-T1-1 /T5-F2-1 /T1-T5-4 /T1-F2-1 /T6-T1-4 /T6-T1-1 
/T6-T0-1 /T3-T0-2 /T2-F2-1 /T2-T1-5 /W-T2-1  /T4-T2-1 /T4-F3-1 /W-T1-1  /D:4     /W-T0-1  
/T5-T0-5 /D:2     /W-T2-1  /D:3     /W-T3-1  /D:1     /W-T6-1  /D:2     /W-F0-1  /T1-F0-1 
/D:1     /W-T2-1  /T3-T2-2 /D:1     /W-F1-1  /T0-F1-1 /T0-F0-1 /T1-F1-1 /T0-F1-1 /T6-F1-1 
/R       /D:1     /W-F2-1  /T1-F2-1 /T0-F2-1 /T1-T6-1 /T1-F2-1 /T6-T1-2 /T6-F3-1 /T1-F3-1 
/T0-F3-1 /T0-F2-1 /D:1     /W-T3-1  /D:1     /W-F2-1  /D:1     /W-F1-1  /D:2     /W-T3-1  
/D:2     /W-F0-1  /D:1     /W-T3-1  /W-T3-1  /W-F0-1  /T1-F0-1 /T1-F1-1 /T2-F0-1 /T2-F1-1 
/T1-F0-1 /T1-F1-1 /T2-F2-1 /T0-T2-2 /T0-F1-1 /T3-T1-1 /T3-F2-1 /T3-F1-1 /T2-T0-3 /T2-F2-1 
/T2-F1-1 /T1-T3-3 /T1-F2-1 /D:1     /W-F3-1  /T0-F3-1 /T0-F0-1 /T3-F3-1 /T0-F3-1 /T3-F0-1 
/T0-F0-1 /T3-F3-1 /T0-F3-1 /T3-F0-1 
"
1010513,p#oZ#OqA#kHRz#Ddyfa#xvjKBn#SLFsWeY#lMQbPrhVIGUmJwuciTgNXCEt,120.000000,1795.000000,35.000000,0.734177,1,"
minimal: 0 / states: 110 / duration: 0.000127s
history:
/T2-F0-1 /T4-F1-1 /T5-F2-1 /T5-F0-1 /T6-T3-1 /T5-T3-1 /T5-T3-1 /T2-T6-1 /T5-T3-1 /T2-T0-1 
/T3-T2-5 /D:4     /W-F1-1  /D:1     /W-T6-1  /D:1     /W-T4-1  /W-T4-1  /T0-T4-2 /T1-T0-1 
/T1-F2-1 /W-T1-1  /W-T1-1  /T5-T1-1 /D:1     /W-T2-1  /D:3     /W-T2-1  /T4-T2-5 /T4-T0-1 
/D:2     /W-T5-1  /D:4     /W-F1-1  /T4-F1-1 /T6-T3-2 /T6-F1-1 /T6-T1-1 /T3-T6-3 /D:2     
/W-T3-1  /T6-T3-4 /D:2     /W-F3-1  /T2-F3-1 /T2-F2-1 /T3-F3-1 /T3-F2-1 /T2-F3-1 /T2-F2-1 
/T2-F1-1 /T3-F3-1 /T3-F2-1 /T6-T3-1 /T6-T5-1 /T6-F3-1 /W-F1-1  /D:1     /W-T0-1  /D:1     
/W-F0-1  /T4-F0-1 /D:1     /W-F0-1  /T3-F0-1 /T2-F0-1 /T3-F3-1 /T3-F0-1 /T2-F1-1 /W-F1-1  
/T2-T1-1 /T2-F1-1 /T3-F1-1 /D:1     /W-F2-1  /W-F2-1  /T1-F2-1 /W-F2-1  /T1-T2-1 /T1-F2-1 
/T1-F1-1 /T0-T5-1 /T0-F2-1 /T2-T1-3 /T2-F2-1 /T5-T0-2 /T5-F1-1 /W-T0-1  /W-F3-1  /W-F0-1  
/W-F3-1  /T0-F0-1 /T1-F3-1 /T0-F3-1 /T1-F0-1 /T0-F0-1 /T1-F3-1 /T0-F3-1 /T1-F0-1 
"
1010515,f#lr#hdC#tXWU#sTRvp#VYExZO#KIFknya#uMGjQomBqgJwzibPNHLceDAS,117.500000,2211.000000,37.000000,0.676471,1,"
minimal: 0 / states: 122 / duration: 0.000133s
history:
/T6-F1-1  /T5-T2-1  /T6-T5-1  /T6-F2-1  /T6-T5-1  /T1-T0-1  /D:3      /W-T3-1   /T0-T3-2  /T5-T0-3  
/T5-T1-1  /D:1      /W-T1-1   /D:1      /W-T3-1   /T4-T3-1  /T3-T4-6  /T4-T1-7  /T4-T6-1  /T6-T4-2  
/T6-T3-1  /T3-T6-2  /D:1      /W-F2-1   /T1-F2-1  /T2-T1-2  /T2-T5-1  /T2-T6-1  /W-T2-1   /T1-T2-11 
/D:1      /W-T1-1   /D:2      /W-F2-1   /D:2      /W-T0-1   /D:1      /W-T3-1   /D:2      /W-T0-1   
/D:1      /W-F1-1   /D:2      /W-F3-1   /T2-F3-1  /W-F3-1   /T2-T5-1  /T2-F3-1  /T2-F2-1  /T5-T2-3  
/T4-F3-1  /T6-T5-4  /W-T6-1   /T5-T6-5  /T5-T3-1  /D:1      /W-T0-1   /T4-T0-2  /T4-F2-1  /D:1      
/W-T1-1   /T3-T1-3  /T3-F2-1  /D:1      /W-F1-1   /D:1      /W-T0-1   /D:1      /W-T0-1   /D:1      
/W-F0-1   /D:1      /W-F3-1   /R        /D:1      /W-F2-1   /D:1      /W-F0-1   /T2-F0-1  /T0-F0-1  
/T2-F1-1  /T0-F1-1  /T2-F0-1  /T0-F0-1  /T0-F3-1  /T2-F1-1  /T2-F0-1  /T2-F3-1  /T0-F0-1  /T1-F3-1  
/T2-F2-1  /T1-F2-1  /T6-T2-2  /T6-F3-1  /T1-F3-1  /T2-T6-3  /T2-F2-1  /T0-T1-3  /T0-F2-1  /T6-T2-4  
/T6-F3-1  /T0-F3-1  /T6-F2-1  /D:1      /W-F1-1   /T2-F1-1  /T1-F1-1  /T2-F0-1  /T1-F0-1  /T2-F1-1  
/T1-F1-1  /T2-F0-1  /T1-F0-1  /T2-F1-1  /T1-F1-1  /T2-F0-1  
"
1010530,e#Pa#VHN#fjBX#xCQpc#GvsFyA#wTmRhWO#UZdiYukDqrnJlEtMIKboSLzg,147.500000,2346.000000,55.000000,0.592784,1,"
minimal: 0 / states: 117 / duration: 0.000137s
history:
/T1-F1-1 /T2-F3-1 /T5-F0-1 /T6-F3-1 /T3-T5-1 /T3-F0-1 /T1-F3-1 /D:2     /W-T1-1  /T5-T1-2 
/T0-T5-1 /D:6     /W-T5-1  /T4-T5-1 /D:3     /W-F2-1  /D:1     /W-T1-1  /D:4     /W-T0-1  
/D:1     /W-T3-1  /D:2     /W-F1-1  /T5-F1-1 /D:1     /W-F2-1  /T4-F2-1 /T4-F3-1 /T4-F0-1 
/T5-F0-1 /T6-T4-1 /T6-T3-1 /T6-F3-1 /D:1     /W-F3-1  /D:1     /W-T6-1  /D:2     /W-T2-1  
/T5-T2-2 /R       /D:2     /W-F1-1  /T2-F1-1 /D:1     /W-T1-1  /T2-T1-3 /D:1     /W-T0-1  
/T4-T0-2 /T6-T4-2 /T6-F3-1 /W-F3-1  /T2-F3-1 /T0-F3-1 /T3-T0-3 /T3-F1-1 /D:2     /W-T4-1  
/T1-T4-5 /T1-F3-1 /D:1     /W-F2-1  /D:1     /W-F2-1  /T5-F2-1 /D:2     /W-F0-1  /T4-F0-1 
/T4-F1-1 /T0-F1-1 /D:1     /W-F2-1  /D:2     /W-T2-1  /R       /D:1     /W-F2-1  /T5-F2-1 
/T5-F0-1 /T4-F0-1 /T0-F0-1 /T4-F1-1 /T0-F1-1 /T4-F0-1 /T6-F2-1 /T0-F2-1 /T4-F1-1 /T1-F2-1 
/T0-F3-1 /T1-F3-1 /T2-F2-1 /D:1     /W-F1-1  /D:1     /W-F0-1  /T4-F0-1 /T0-F0-1 /T4-F1-1 
"
1010534,C#kA#wOe#VThL#BXQDb#tjWyEN#uRdIrJp#MnGqcsPoZfYUaHgvzxmiFKlS,85.500000,703.000000,49.000000,0.622340,0,"
minimal: 0 / states: 506659 / duration: 1.351469s
history:
/T1-F0-1 /T5-F3-1 /D:2     /W-F2-1  /D:2     /W-T2-1  /D:1     /W-T2-1  /D:3     /W-F2-1  
/T6-F2-1 /D:5     /W-F1-1  /T4-F1-1 /T2-F1-1 /T2-F2-1 /T6-T1-1 /T6-F2-1 /T4-T2-1 /T4-T5-1 
/T4-T3-1 /T4-F0-1 /T0-F0-1 /T2-F0-1 /D:4     /W-T0-1  /D:2     /W-T4-1  /T3-T4-2 /D:1     
/W-T1-1  /T3-T6-1 /D:1     /W-T3-1  /D:2     /W-T0-1  /D:1     /R       /D:2     /W-T6-1  
/D:1     /W-F2-1  /T2-T3-1 /T2-F3-1 /D:1     /W-F3-1  /T5-F3-1 /T5-F0-1 /T1-T5-3 /D:1     
/W-T1-1  /T5-T1-4 /T6-T5-3 /T6-F1-1 /T3-F1-1 /T3-F0-1 /T6-F3-1 /T5-F0-1 /D:1     /W-F1-1  
/D:3     /W-F0-1  /D:1     /W-F1-1  /T5-F1-1 /T1-F1-1 /T5-F0-1 /T1-F0-1 /D:2     /W-T0-1  
/D:1     /W-F0-1  /D:1     /W-F3-1  /T3-F3-1 /T5-T0-1 /T5-F1-1 /T5-F2-1 /T6-F2-1 /T1-F1-1 
/R       /D:3     /W-F3-1  /T3-F3-1 /T0-F3-1 /T4-F3-1 /T4-F0-1 /D:1     /W-F2-1  /T2-F2-1 
/T0-F2-1 /T0-F1-1 /T1-F2-1 /T0-F2-1 /T4-F1-1 /R       /D:1     /W-F0-1  /D:1     /W-F3-1  
/T1-F3-1 
"
1010535,n#bH#giN#TZRm#JDSeQ#qchIyC#BftYwUa#zdlokrGXMjupsALVFPEWKvOx,115.000000,1165.000000,58.000000,0.526316,1,"
minimal: 0 / states: 128 / duration: 0.000139s
history:
/T0-F2-1 /T2-F3-1 /T6-F1-1 /T5-T4-1 /T5-T3-1 /T6-T5-1 /T3-T0-2 /T1-T2-1 /T1-F1-1 /T2-T6-2 
/T2-T6-1 /D:1     /W-T1-1  /D:2     /W-T1-1  /D:1     /W-F2-1  /D:1     /W-T0-1  /T6-T0-4 
/D:2     /W-T5-1  /D:2     /W-T2-1  /T6-T2-1 /D:3     /W-F2-1  /D:1     /W-T0-1  /T3-T0-1 
/D:1     /W-F0-1  /D:1     /W-T3-1  /D:6     /W-T1-1  /W-T1-1  /T5-T1-3 /T6-T5-1 /T6-T1-1 
/T6-F0-1 /T3-T6-2 /W-T1-1  /T4-T1-2 /T1-F0-1 /D:2     /W-F3-1  /D:1     /W-T2-1  /R       
/D:3     /W-T6-1  /D:1     /W-T2-1  /D:3     /W-T3-1  /T4-T3-1 /T4-T5-1 /T4-F0-1 /W-T4-1  
/W-T4-1  /W-T5-1  /T1-T5-1 /T1-F0-1 /T3-T4-3 /T4-T6-6 /D:1     /W-F3-1  /T5-F3-1 /T0-F3-1 
/T5-T1-1 /T5-F3-1 /T6-T0-1 /T6-F0-1 /T6-F3-1 /T1-T5-2 /T1-F0-1 /T1-F3-1 /T5-T1-4 /T5-F1-1 
/T5-F2-1 /W-F1-1  /T0-F1-1 /T1-F2-1 /T0-F2-1 /T1-F1-1 /T0-F1-1 /T0-F0-1 /T1-F2-1 /T1-F1-1 
/T1-F0-1 /T6-F2-1 /T0-F1-1 /T6-F3-1 /T6-F0-1 /T1-F3-1 /T1-F0-1 /T2-F1-1 /T6-F3-1 /T6-F0-1 
/T2-T1-1 /T2-F3-1 /T2-F0-1 /T6-F3-1 /D:1     /W-F2-1  /T0-F2-1 /T0-F1-1 /T1-F2-1 /T0-F2-1 
/T1-F1-1 /T0-F1-1 /T1-F2-1 
"
1010536,y#hL#WYH#vjnT#ZlGNp#FSmMQA#BXcIOJa#wzqVgCdkuetxKUbsoiRDPrfE,91.500000,1206.000000,40.000000,0.649254,1,"
minimal: 0 / states: 125 / duration: 0.000124s
history:
/T5-F0-1 /T6-F1-1 /T4-T5-1 /T4-F3-1 /T3-T2-1 /T3-F2-1 /D:4     /W-T6-1  /T2-T6-2 /D:4     
/W-T0-1  /T6-T0-4 /T6-F3-1 /T6-T3-1 /D:4     /W-T2-1  /T3-T2-2 /D:2     /W-T2-1  /T4-T2-1 
/W-T4-1  /D:1     /W-F1-1  /T6-F1-1 /T6-T1-1 /T6-F0-1 /D:1     /W-T0-1  /D:1     /W-F2-1  
/T5-F2-1 /D:2     /W-T0-1  /D:1     /W-T0-1  /D:1     /W-F3-1  /T5-F3-1 /T5-T6-1 /T1-T5-2 
/T2-T6-6 /T1-T3-1 /T5-T1-3 /T5-T6-1 /T2-T4-1 /T3-T4-2 /D:1     /W-T6-1  /D:2     /R       
/D:1     /W-T1-1  /D:1     /W-T2-1  /T4-T2-5 /T0-T4-9 /D:1     /W-F2-1  /T6-F2-1 /T4-T5-2 
/T4-F2-1 /T5-T4-3 /D:2     /W-F0-1  /T4-F0-1 /T4-F3-1 /T6-F3-1 /D:1     /W-F1-1  /D:2     
/W-F1-1  /D:1     /W-F2-1  /W-F2-1  /D:1     /W-T1-1  /D:1     /W-F1-1  /W-F1-1  /T2-F1-1 
/T1-F1-1 /T2-F2-1 /T1-F2-1 /T6-T2-3 /T6-F1-1 /T6-F2-1 /T4-T1-5 /T4-F1-1 /T4-F2-1 /T2-T6-5 
/T2-F1-1 /T2-F2-1 /T1-T4-7 /T1-F1-1 /D:1     /W-F0-1  /T4-F0-1 /T4-F3-1 /T6-F0-1 /T4-F0-1 
/T6-F3-1 /T4-F3-1 /T6-F0-1 /T4-F0-1 /T6-F3-1 /T4-F3-1 /T6-F0-1 /T4-F0-1 /T6-F3-1 /T4-F3-1 
/T6-F0-1 
"
1010537,N#Zi#jdW#emrA#kpBoy#UPzvQa#sIGDuCX#hHKOTxtJEfYFRVLgnblSMwqc,150.500000,3741.000000,49.000000,0.585227,1,"
minimal: 0 / states: 125 / duration: 0.000127s
history:
/T0-F3-1 /T3-F0-1 /T5-F1-1 /T6-T4-1 /T6-T5-1 /T5-T3-2 /T6-T1-1 /T5-T2-1 /T5-T0-1 /T5-T6-1 
/T5-T2-1 /D:4     /W-F3-1  /T6-F3-1 /D:1     /W-T1-1  /D:2     /W-T2-1  /D:1     /W-T4-1  
/T1-T4-3 /T4-T1-6 /F3-T6-1 /T4-T6-1 /T4-F0-1 /T3-F0-1 /T4-T3-1 /D:2     /W-T2-1  /T3-T2-3 
/T3-T5-1 /T6-T3-3 /D:1     /W-T0-1  /D:1     /W-T1-1  /T3-T1-4 /D:3     /W-T5-1  /T4-T5-1 
/D:2     /W-F2-1  /T1-F2-1 /T1-F3-1 /T1-F0-1 /T2-F2-1 /T2-F3-1 /D:1     /W-F1-1  /D:2     
/W-T6-1  /D:1     /W-T3-1  /W-T3-1  /D:1     /W-T5-1  /D:1     /W-F2-1  /T2-F2-1 /D:1     
/W-F1-1  /R       /D:3     /W-T0-1  /T2-T0-5 /T2-F1-1 /T1-F1-1 /T0-F1-1 /D:1     /W-T3-1  
/T2-T3-1 /D:1     /W-F0-1  /T1-F0-1 /T6-T0-1 /T6-F0-1 /T6-T3-1 /T6-F2-1 /W-F0-1  /T3-F0-1 
/T1-T5-3 /T1-F0-1 /D:1     /W-F3-1  /T0-F3-1 /T0-F2-1 /T5-F3-1 /T0-F3-1 /T5-F2-1 /T0-F2-1 
/D:1     /W-F3-1  /T0-F3-1 /T0-F0-1 /T1-F3-1 /T0-F3-1 /T5-T1-3 /T5-F0-1 /T1-T5-4 /T1-F3-1 
/T3-T0-3 /T3-F0-1 /D:1     /W-F1-1  /W-F1-1  /T5-F1-1 /T0-F1-1 /T5-F2-1 /T0-F2-1 /T5-F1-1 
/T0-F1-1 /T5-F2-1 /T0-F2-1 /T5-F1-1 
"
1010563,G#lc#XJZ#pRBx#zIjNS#EaQoPD#CAgLbYu#sOndtkmehWrTfvUiMqwFyVHK,130.500000,3741.000000,60.000000,0.517241,1,"
minimal: 0 / states: 127 / duration: 0.000125s
history:
/T4-T0-1 /T4-F3-1 /T4-T3-1 /T1-T5-1 /T3-T1-2 /T3-T5-1 /T5-T3-3 /T4-T1-1 /T1-T4-4 /T2-T1-1 
/D:2     /W-F3-1  /T5-F3-1 /D:1     /W-F2-1  /T5-F2-1 /T5-F3-1 /T5-F1-1 /T5-T0-1 /D:1     
/W-T0-1  /D:3     /W-T5-1  /D:2     /W-T4-1  /T0-T4-4 /D:3     /W-T6-1  /D:4     /W-T2-1  
/T6-T2-2 /D:1     /W-T0-1  /T6-T0-1 /T6-F1-1 /T6-T1-1 /D:3     /W-T2-1  /T3-T2-4 /T3-F2-1 
/D:1     /W-T5-1  /D:3     /W-T0-1  /R       /D:1     /W-T6-1  /D:2     /W-T1-1  /T2-T1-9 
/T2-T5-1 /D:1     /W-T6-1  /T1-T6-3 /T1-F3-1 /D:1     /W-T0-1  /D:3     /W-T0-1  /D:1     
/W-T0-1  /D:1     /W-F2-1  /D:1     /W-T5-1  /D:1     /W-T5-1  /D:1     /W-T5-1  /T6-T5-6 
/T6-F0-1 /T5-F0-1 /T5-F1-1 /T6-F0-1 /T4-F1-1 /T5-F0-1 /T4-F0-1 /T5-F1-1 /T1-F0-1 /T4-F3-1 
/T1-F3-1 /T0-F3-1 /T4-F0-1 /W-F1-1  /W-F2-1  /T5-F2-1 /T5-F1-1 /T5-F0-1 /W-F2-1  /T1-F2-1 
/T4-F1-1 /T0-F2-1 /T1-F1-1 /T4-F0-1 /T4-F1-1 /T5-F3-1 /T0-F3-1 /T1-F0-1 /T0-F0-1 /T5-F2-1 
/T1-F1-1 /T4-F2-1 /T4-F1-1 /T5-F3-1 /T0-F3-1 /T1-F0-1 /T0-F0-1 /T5-F2-1 /T1-F3-1 /T4-F2-1 
/T5-F1-1 
"
1010572,S#LK#cGN#ZzDP#dVBji#ExrJyM#uwOmIHl#sARabfpknTCqXgvFtQWohUYe,77.500000,697.000000,35.000000,0.710938,1,"
minimal: 0 / states: 120 / duration: 0.000122s
history:
/T2-F3-1 /T6-T5-1 /T6-T4-1 /T1-T5-1 /T0-T2-1 /T5-T0-3 /D:2     /W-F0-1  /D:2     /W-F1-1  
/D:1     /W-F1-1  /D:3     /W-T1-1  /D:1     /W-F2-1  /D:1     /W-T4-1  /D:3     /W-T5-1  
/D:3     /W-T4-1  /D:3     /W-T0-1  /T6-T0-1 /T5-T6-2 /T4-T5-4 /T5-T1-5 /T5-T2-1 /T4-T5-1 
/T4-F0-1 /W-T2-1  /D:1     /W-F2-1  /D:1     /W-T0-1  /T2-T0-4 /T2-F1-1 /T6-T2-3 /T6-F3-1 
/T3-F3-1 /T4-T6-1 /T6-T2-2 /T0-F3-1 /T4-F1-1 /T6-T2-1 /D:3     /W-T1-1  /T3-T1-1 /T3-T4-1 
/W-T4-1  /T5-T4-2 /T1-T3-9 /R       /D:2     /W-F3-1  /D:2     /W-F2-1  /D:1     /W-F0-1  
/T3-F0-1 /T5-F0-1 /T3-F1-1 /T3-F0-1 /W-F1-1  /W-T3-1  /D:1     /W-F2-1  /T0-F2-1 /T0-F3-1 
/T0-F0-1 /T3-F2-1 /T3-F3-1 /T3-F0-1 /D:1     /W-F1-1  /T0-F1-1 /T0-F0-1 /T3-F1-1 /T3-F0-1 
/T4-F1-1 /T3-F1-1 /T0-T4-1 /T0-F0-1 /T0-F1-1 /T3-F0-1 /T0-F0-1 /T2-T3-5 /T2-F1-1 /D:1     
/W-T4-1  /D:1     /W-F2-1  /T3-F2-1 /T4-F2-1 /D:1     /W-F3-1  /T3-F3-1 /T3-F2-1 /T4-F3-1 
/T3-F3-1 /T4-F2-1 /T3-F2-1 /T4-F3-1 /T3-F3-1 /T4-F2-1 
"
1010578,S#NA#phn#DbYm#QFouE#GkzBWy#UxTMCRr#KILagZPdJVvflXHwtjsOqiec,131.000000,3173.000000,57.000000,0.582474,1,"
minimal: 0 / states: 127 / duration: 0.000136s
history:
/T1-F0-1 /T1-F3-1 /T2-F2-1 /T6-T0-1 /T5-T3-1 /T3-T1-2 /D:1     /W-T3-1  /T5-T3-1 /T5-F0-1 
/T3-T5-3 /D:1     /W-T5-1  /T2-T5-1 /T3-T2-1 /T3-T6-1 /T5-T3-6 /T5-T1-1 /T0-T5-2 /T5-T3-3 
/D:2     /W-F1-1  /T2-F1-1 /D:2     /W-T0-1  /D:1     /W-T6-1  /D:1     /W-T3-1  /T2-T3-1 
/D:1     /W-T1-1  /D:1     /W-T1-1  /D:5     /W-T1-1  /D:5     /W-F3-1  /T6-F3-1 /D:4     
/W-F1-1  /R       /D:1     /W-T0-1  /D:1     /W-T1-1  /D:4     /W-T0-1  /D:1     /W-T0-1  
/D:3     /W-T1-1  /T6-T1-2 /T6-F0-1 /T1-F0-1 /T4-F0-1 /T6-T2-1 /T6-T4-1 /W-T6-1  /D:1     
/W-T1-1  /D:1     /W-T0-1  /T4-T0-2 /T4-F2-1 /T3-F2-1 /T1-F2-1 /T3-F1-1 /T4-F0-1 /T4-F3-1 
/T1-F3-1 /T3-F2-1 /T3-F3-1 /T0-F3-1 /T1-F2-1 /T3-F0-1 /W-F2-1  /W-T2-1  /T6-T2-2 /T6-F3-1 
/T0-F2-1 /T1-T0-2 /T1-F3-1 /T3-T2-2 /T3-F3-1 /D:1     /W-F1-1  /W-F1-1  /T0-F1-1 /T0-F0-1 
/T2-F1-1 /T0-F1-1 /T2-F0-1 /T1-F0-1 /W-F2-1  /T0-F2-1 /T0-F3-1 /T2-F1-1 /T1-F1-1 /T2-F2-1 
/T1-F2-1 /T3-F0-1 /T0-F0-1 /T2-F1-1 /T1-F1-1 /T3-F3-1 /T0-F3-1 /T2-F0-1 /T3-F2-1 
"
1010582,t#vB#HEr#FhoN#Qwscp#qjZfAW#YGzeiMn#xuTdJagyXImOCLbPkUSKRVlD,132.000000,1528.000000,53.000000,0.576923,1,"
minimal: 0 / states: 120 / duration: 0.000131s
history:
/T3-F3-1 /T6-F2-1 /T3-F2-1 /T4-F2-1 /T1-T4-1 /T3-T1-1 /T0-T1-1 /T6-T0-1 /T1-T5-3 /D:2     
/W-T6-1  /D:1     /W-T6-1  /T3-T6-1 /D:1     /W-T2-1  /D:2     /W-F1-1  /D:5     /W-T1-1  
/D:1     /W-F3-1  /D:1     /W-T2-1  /D:1     /W-T1-1  /D:1     /W-F1-1  /D:1     /W-F3-1  
/D:1     /W-T1-1  /D:2     /W-T5-1  /T2-T5-3 /D:2     /W-T6-1  /D:2     /W-T0-1  /D:1     
/W-T6-1  /T4-T6-2 /R       /D:1     /W-T0-1  /T5-T0-8 /T5-F0-1 /T6-F0-1 /T0-F0-1 /T6-F1-1 
/T0-F1-1 /T6-F0-1 /T2-F0-1 /T6-T4-1 /T6-F0-1 /T4-T6-2 /T6-T4-5 /T6-F1-1 /T5-F1-1 /T5-T3-1 
/T4-T1-6 /T4-F3-1 /T6-T4-1 /T6-F0-1 /T1-F3-1 /T2-F0-1 /T6-T4-1 /D:2     /W-F1-1  /D:1     
/W-T3-1  /D:1     /W-T3-1  /W-T3-1  /D:1     /W-F0-1  /T3-F0-1 /D:2     /W-T4-1  /T5-T4-1 
/T5-F2-1 /T0-F2-1 /T0-F3-1 /T1-F2-1 /T0-F2-1 /T0-F1-1 /T1-F3-1 /T1-F2-1 /T1-F1-1 /W-F3-1  
/T0-F2-1 /T4-F1-1 /T1-F2-1 /T1-F1-1 /T4-F0-1 /T1-F0-1 /T0-T4-2 /T0-F1-1 /T0-F0-1 /T1-F1-1 
/D:1     /W-F3-1  /T4-F3-1 /T3-F3-1 /T4-F2-1 /T3-F2-1 /T4-F3-1 /T3-F3-1 /T4-F2-1 
"
1010583,C#fi#Mqt#gHNI#EUrXn#QGxKbu#vDRSlTa#msFJPOAzhpZeckBwyWojVLYd,132.500000,3097.000000,50.000000,0.657303,1,"
minimal: 0 / states: 125 / duration: 0.000139s
history:
/T4-F2-1 /T6-F1-1 /T5-T1-1 /T5-F1-1 /T6-T1-1 /T5-T6-1 /D:2     /W-T1-1  /D:2     /W-T4-1  
/T1-T4-4 /T1-T2-1 /D:2     /W-T0-1  /D:1     /W-F0-1  /D:1     /W-T1-1  /T6-T1-2 /D:1     
/W-T3-1  /T2-T3-2 /W-T2-1  /D:3     /W-T4-1  /T2-T4-2 /D:1     /W-F1-1  /D:2     /W-F0-1  
/D:3     /W-T1-1  /T3-T1-4 /T3-F3-1 /T0-F3-1 /T0-F0-1 /T4-F3-1 /D:1     /W-F2-1  /D:1     
/W-T5-1  /D:3     /W-T2-1  /T5-T2-2 /T6-T5-1 /D:1     /W-F1-1  /T4-T6-1 /T4-F1-1 /T6-T4-2 
/T6-F0-1 /T1-F1-1 /T6-T2-1 /R       /D:1     /W-T0-1  /D:2     /W-F2-1  /T4-F2-1 /D:1     
/W-T6-1  /D:3     /W-T0-1  /T4-T0-7 /T4-F2-1 /T4-T2-1 /T5-T2-2 /T5-F3-1 /T0-F3-1 /T0-F2-1 
/T4-F0-1 /T2-F3-1 /T1-F2-1 /T0-F3-1 /T0-F2-1 /T3-T0-1 /T3-F1-1 /T1-F1-1 /T2-T1-2 /T2-F2-1 
/W-F2-1  /D:2     /W-T6-1  /R       /D:1     /W-F0-1  /T1-F0-1 /T0-F0-1 /T0-F1-1 /T1-F3-1 
/T1-F0-1 /T2-F1-1 /T0-F0-1 /T2-F2-1 /T0-T6-1 /T0-F2-1 /D:1     /W-F1-1  /T1-T2-2 /T1-F1-1 
/T0-F1-1 /T1-F2-1 /D:1     /W-F3-1  /T2-F3-1 /T2-F0-1 /T6-F3-1 /T2-F3-1 /T6-F0-1 /T2-F0-1 
/T6-F3-1 
"
1010584,F#HN#LUP#wIEe#sQXyz#uYkAta#vxMmqrO#DgGKhWBpCZTclJdojibnfVRS,106.000000,996.000000,36.000000,0.684932,1,"
minimal: 0 / states: 115 / duration: 0.000123s
history:
/T1-F3-1 /T5-F1-1 /T6-F3-1 /T2-F3-1 /T5-T2-1 /T5-F0-1 /T3-T0-1 /D:1     /W-T0-1  /D:1     
/W-T1-1  /T0-T1-3 /T4-T0-1 /T5-T4-1 /T5-T0-1 /D:2     /W-T0-1  /D:2     /W-T0-1  /D:1     
/W-F0-1  /D:2     /W-F0-1  /T1-F0-1 /T3-F0-1 /T2-T3-2 /T3-T0-3 /T3-T4-1 /D:1     /W-T3-1  
/T4-T3-3 /T4-T2-1 /T4-F3-1 /T1-T4-1 /T1-F0-1 /T4-T1-2 /D:1     /W-T5-1  /D:3     /W-T2-1  
/D:1     /W-T6-1  /D:3     /W-T2-1  /T1-T2-4 /D:1     /W-F1-1  /D:1     /W-F2-1  /D:1     
/W-T0-1  /T6-T0-2 /T6-T2-1 /T6-T1-1 /T6-T4-1 /W-T6-1  /W-F2-1  /W-T4-1  /W-F1-1  /W-F2-1  
/T0-F1-1 /T2-F2-1 /T0-F2-1 /T2-F1-1 /T0-F1-1 /T6-T4-2 /T2-F2-1 /T2-F1-1 /T0-F2-1 /W-F1-1  
/W-F0-1  /T2-F0-1 /T2-F1-1 /T4-F1-1 /T0-T6-1 /T0-F0-1 /T2-F0-1 /T0-T4-1 /T0-F0-1 /T3-T2-1 
/T3-F1-1 /T2-T3-2 /T2-F0-1 /T4-T0-2 /T4-F1-1 /T1-F1-1 /T4-F0-1 /T6-T0-2 /D:1     /W-T3-1  
/T5-T3-2 /D:1     /W-F3-1  /D:1     /W-F3-1  /T3-F3-1 /T0-F3-1 /T3-F2-1 /T0-F2-1 /T3-F3-1 
/T0-F3-1 /T3-F2-1 /T0-F2-1 /T3-F3-1 /T0-F3-1 /T3-F2-1 /T0-F2-1 /T3-F3-1 
"
1010587,d#Ia#pQF#wtoA#MRgbn#hvGUuf#zDHVeiC#BqSXZcjWmLrExJlPTYsyOKNk,93.000000,1570.000000,49.000000,0.617284,1,"
minimal: 0 / states: 121 / duration: 0.000131s
history:
/T1-F1-1 /T3-F0-1 /T4-F2-1 /T3-F2-1 /T4-F1-1 /T6-T0-1 /T5-T3-1 /T5-T6-1 /T5-T1-1 /T2-T4-1 
/T4-T6-2 /T5-T1-1 /T4-T6-1 /D:1     /W-F0-1  /T0-F0-1 /D:1     /W-T6-1  /D:1     /W-T1-1  
/D:3     /W-F1-1  /T0-F1-1 /W-T0-1  /D:4     /W-T0-1  /D:1     /W-T1-1  /T2-T1-1 /T2-F2-1 
/T6-F2-1 /W-T2-1  /D:1     /W-T3-1  /T1-T3-1 /T1-F2-1 /D:3     /W-T4-1  /D:4     /W-F2-1  
/D:1     /W-T2-1  /D:2     /W-T4-1  /D:1     /W-F3-1  /W-F3-1  /D:1     /W-T0-1  /R       
/D:1     /W-T2-1  /D:1     /W-T4-1  /T5-T4-1 /T3-T5-4 /T6-T3-5 /T6-F1-1 /T5-T1-2 /T5-F1-1 
/T5-F2-1 /T3-T0-6 /T5-T4-1 /D:3     /W-T2-1  /T6-T2-1 /T6-T2-1 /T6-F0-1 /T0-T2-3 /T0-F2-1 
/D:1     /W-F3-1  /T1-F3-1 /T1-F0-1 /T2-F3-1 /T1-F3-1 /T2-F0-1 /T1-F0-1 /T2-F1-1 /T4-F1-1 
/T0-F1-1 /T2-F0-1 /T4-F2-1 /T0-F2-1 /T4-F1-1 /T0-F1-1 /W-F2-1  /T2-T0-3 /T2-F2-1 /T6-F2-1 
/W-T4-1  /T1-T4-2 /D:1     /W-F3-1  /T4-F3-1 /T0-F3-1 /T4-F0-1 /T0-F0-1 /T4-F3-1 /T0-F3-1 
/T4-F0-1 /T0-F0-1 /T4-F1-1 /T2-F1-1 /T4-F0-1 /D:1     /W-F3-1  /T0-F3-1 
"
1010591,v#pZ#PIz#rHBa#RmVcA#hJYMDn#ufKeXNl#GLtWbExOSkwsoFdqUjiyTCgQ,119.000000,964.000000,46.000000,0.598765,1,"
minimal: 0 / states: 116 / duration: 0.000122s
history:
/T3-F1-1 /T4-F0-1 /T3-F0-1 /T5-F2-1 /T6-T2-1 /T6-F3-1 /T4-T5-1 /T3-T4-1 /D:2     /W-T1-1  
/T6-T1-1 /T5-T6-2 /D:3     /W-F1-1  /T6-F1-1 /D:2     /W-T2-1  /D:1     /W-F3-1  /D:3     
/W-T1-1  /T4-T1-2 /D:2     /W-F2-1  /D:2     /W-F1-1  /D:2     /W-T0-1  /D:1     /W-T2-1  
/T0-T2-2 /T5-T0-1 /T5-T0-1 /D:1     /W-T5-1  /D:1     /W-T4-1  /D:1     /W-T1-1  /D:1     
/W-F0-1  /T6-F0-1 /T6-F1-1 /T6-T0-1 /T6-F1-1 /T6-T5-1 /T2-T6-6 /D:1     /W-F1-1  /D:1     
/W-T3-1  /R       /D:1     /W-T6-1  /D:2     /W-T0-1  /T2-T0-1 /T2-F3-1 /T1-T2-7 /T1-F2-1 
/T3-F3-1 /T4-T1-2 /T4-F3-1 /D:1     /W-F0-1  /D:1     /W-F3-1  /T2-F3-1 /D:1     /W-T1-1  
/T5-T1-3 /T5-F1-1 /D:2     /W-F0-1  /T6-F0-1 /T2-F0-1 /T0-F0-1 /T6-F3-1 /T2-F3-1 /T0-F3-1 
/T1-T2-2 /T1-F0-1 /T0-F0-1 /T2-T1-3 /T2-F3-1 /T0-F3-1 /T2-F0-1 /T0-F0-1 /T2-F3-1 /D:1     
/W-F2-1  /T3-F2-1 /W-F2-1  /W-F2-1  /T1-F2-1 /T1-F1-1 /T6-F2-1 /T1-F2-1 /T6-F1-1 /T1-F1-1 
/T6-F2-1 /T1-F2-1 /T6-F1-1 /T1-F1-1 /T6-F2-1 
"
1010596,A#Fv#BdU#OLao#gthfn#QDEcVi#RyHqeIG#YsjJzZmNwMWurTCPKSkxlbXp,118.500000,3087.000000,60.000000,0.663366,1,"
minimal: 0 / states: 128 / duration: 0.000136s
history:
/T0-F0-1 /T4-F2-1 /T3-F2-1 /T3-F1-1 /T6-T2-1 /T4-T2-1 /T2-T1-3 /T4-T6-1 /T4-T6-1 /D:2     
/W-T4-1  /D:3     /W-T0-1  /D:3     /W-F3-1  /D:4     /W-T5-1  /T4-T5-2 /D:1     /W-T1-1  
/T2-T1-1 /T2-F0-1 /D:2     /W-F0-1  /D:3     /W-T6-1  /D:1     /W-T3-1  /D:2     /W-T0-1  
/W-T0-1  /D:1     /W-F1-1  /D:2     /W-F2-1  /R       /D:2     /W-T0-1  /T6-T0-4 /T6-T5-1 
/T6-F2-1 /D:1     /W-T3-1  /T5-T3-5 /T6-T5-1 /D:1     /W-T2-1  /T3-T2-8 /T3-F3-1 /D:1     
/W-T3-1  /T6-T3-1 /D:2     /W-T4-1  /D:2     /W-T5-1  /D:1     /W-F3-1  /D:2     /W-T3-1  
/R       /D:1     /W-T4-1  /D:1     /W-T3-1  /T5-T3-3 /T5-F1-1 /T1-F1-1 /T5-T0-1 /T5-F0-1 
/T2-F1-1 /T5-F3-1 /T0-F0-1 /T1-F2-1 /T1-F1-1 /T6-F3-1 /T0-F3-1 /T2-F2-1 /T0-F2-1 /T2-F1-1 
/T0-F1-1 /T2-F2-1 /T1-T0-2 /T1-F2-1 /T1-F0-1 /T0-F0-1 /T3-F3-1 /T0-F3-1 /T3-F0-1 /T0-F0-1 
/T2-F1-1 /T0-F1-1 /T3-F3-1 /T2-F0-1 /T3-F2-1 /T2-F1-1 /T0-F2-1 /T0-F1-1 /T3-T2-1 /T3-F2-1 
/T0-F2-1 /T3-F1-1 /D:1     /W-F3-1  /T2-F3-1 /T4-F3-1 /D:1     /W-F0-1  /T2-F0-1 /T2-F3-1 
/T4-F0-1 
"
1010605,n#Sl#drA#CLPy#DeHYk#vjtfTp#MGZbROi#UXsIwWchFBuqgozmVKxQENaJ,165.500000,3762.000000,52.000000,0.558511,1,"
minimal: 0 / states: 127 / duration: 0.000139s
history:
/T0-F2-1  /T2-F0-1  /T4-T3-1  /D:5      /W-T3-1   /T6-T3-1  /T6-T5-1  /D:5      /W-F0-1   /D:1      
/W-T3-1   /D:1      /W-T6-1   /D:1      /W-T3-1   /W-T3-1   /T6-T3-2  /D:1      /W-F2-1   /D:1      
/W-T0-1   /T4-T0-1  /D:3      /W-T0-1   /D:1      /W-T1-1   /D:1      /W-T2-1   /T5-T2-2  /T5-T4-1  
/T2-T5-4  /D:2      /W-F3-1   /T5-F3-1  /T6-T5-1  /T3-T6-9  /T3-F3-1  /T5-T2-2  /T5-F3-1  /T2-T5-3  
/T6-T2-10 /T5-T6-5  /D:1      /W-F1-1   /T6-F1-1  /T6-F2-1  /T2-F2-1  /T2-F3-1  /D:1      /R        
/D:2      /W-T3-1   /D:1      /W-T4-1   /D:2      /W-T0-1   /W-T0-1   /W-T0-1   /T5-T0-1  /T5-T1-1  
/T5-T1-1  /D:1      /W-F1-1   /T6-F1-1  /T6-F2-1  /T4-F2-1  /T0-F2-1  /T6-T0-2  /T1-T6-4  /T1-F3-1  
/T4-F3-1  /T2-T4-2  /T2-F2-1  /T4-T2-3  /T4-F1-1  /T0-F1-1  /T6-F2-1  /D:2      /W-T1-1   /T3-T1-2  
/T3-F0-1  /T4-F0-1  /D:2      /W-F0-1   /T2-F0-1  /T0-F0-1  /T0-F3-1  /T2-F1-1  /T2-F0-1  /W-F3-1   
/W-F1-1   /T0-F0-1  /T0-F3-1  /T2-F1-1  /T2-F2-1  /T6-F1-1  /T6-F2-1  /T1-F3-1  /T2-F1-1  /T2-F2-1  
/T6-F1-1  /T0-T6-2  /T0-F2-1  /T1-T2-1  /T1-F1-1  /D:1      /W-F0-1   /T6-F0-1  /T2-F0-1  /T6-F3-1  
/T2-F3-1  /T6-F0-1  
"
1010613,l#Sy#eDI#WYpr#sCcOn#FVuEZo#mxQMgah#bRXvBzJqkHjLGdKwPTtAiNfU,129.500000,1887.000000,49.000000,0.623596,1,"
minimal: 0 / states: 122 / duration: 0.000126s
history:
/T4-F2-1 /T5-F2-1 /T6-T2-1 /T6-F1-1 /T1-T5-1 /T3-T1-1 /T3-F2-1 /D:1     /W-F1-1  /D:2     
/W-T5-1  /D:4     /W-T5-1  /D:1     /W-F2-1  /T1-F2-1 /D:5     /W-T2-1  /T1-T2-1 /T5-T1-4 
/T5-T2-1 /T6-T5-1 /T3-T6-1 /T2-T3-5 /D:1     /W-T3-1  /D:1     /W-T0-1  /T3-T0-7 /T6-T3-2 
/D:2     /W-T2-1  /D:3     /W-F0-1  /D:1     /W-T1-1  /T5-T1-2 /D:1     /W-F3-1  /T4-F3-1 
/T4-F1-1 /T4-T0-1 /T2-F3-1 /T6-F3-1 /T6-T3-1 /T4-F2-1 /W-F2-1  /D:2     /R       /D:1     
/W-F3-1  /D:2     /W-F0-1  /T0-F0-1 /T0-F1-1 /T2-F0-1 /T0-F0-1 /T0-F3-1 /T2-F1-1 /D:1     
/W-T2-1  /T0-T2-6 /D:2     /W-T5-1  /T1-T5-1 /T1-F2-1 /D:1     /W-T3-1  /D:1     /W-T6-1  
/W-T6-1  /W-F2-1  /D:1     /W-T6-1  /T5-T6-3 /T5-F0-1 /T2-F0-1 /D:1     /W-F3-1  /D:1     
/W-F1-1  /T6-F1-1 /T2-F1-1 /T6-F0-1 /T1-F1-1 /T2-F0-1 /T3-F1-1 /T1-F0-1 /T2-T3-1 /T2-F0-1 
/T6-T1-2 /T6-F1-1 /T2-F1-1 /T6-F0-1 /T6-F1-1 /T3-T2-3 /T3-F0-1 /D:1     /W-F3-1  /T1-F3-1 
/T1-F2-1 /T2-F3-1 /T1-F3-1 /T2-F2-1 /T1-F2-1 /T2-F3-1 /T1-F3-1 /T2-F2-1 
"
1010614,j#UQ#twn#ekbX#IGOgA#xdrDLN#ZYvBuJS#RPcyVqhpHafToWFmKlCMsEiz,128.000000,1117.000000,45.000000,0.614458,1,"
minimal: 0 / states: 125 / duration: 0.000137s
history:
/T2-F2-1 /T4-F0-1 /T5-F3-1 /T3-T5-1 /T2-T5-1 /T6-T2-1 /D:5     /W-T5-1  /D:3     /W-T1-1  
/T3-T1-1 /T6-T3-1 /T6-T5-1 /T6-F0-1 /T4-T5-1 /T4-F3-1 /T6-T0-1 /W-T0-1  /T4-T0-1 /D:2     
/W-F1-1  /T1-F1-1 /D:1     /W-T0-1  /D:2     /W-F2-1  /T1-F2-1 /D:2     /W-T5-1  /D:2     
/W-T6-1  /T0-T6-5 /W-T0-1  /T5-T0-7 /D:2     /W-F0-1  /T5-F0-1 /T5-T2-1 /T1-T2-1 /T1-T4-1 
/T2-T4-4 /D:1     /W-T1-1  /T6-T1-7 /D:2     /W-T1-1  /T5-T1-1 /D:1     /W-T3-1  /D:1     
/W-T2-1  /R       /D:1     /W-T0-1  /D:1     /W-F3-1  /T4-F3-1 /T0-F3-1 /T1-T4-1 /T1-F0-1 
/T0-F0-1 /T4-T1-2 /T4-F3-1 /T1-T4-3 /T1-F0-1 /D:1     /W-F1-1  /T4-F1-1 /D:1     /W-T6-1  
/T3-T6-3 /T3-F1-1 /D:1     /W-F2-1  /T4-F2-1 /T4-F1-1 /T0-F1-1 /T1-F1-1 /T6-F1-1 /D:1     
/W-F0-1  /T4-T1-2 /T4-F0-1 /T6-F0-1 /T1-T5-4 /T1-F0-1 /T5-T1-5 /D:1     /W-F3-1  /D:2     
/W-T2-1  /D:1     /W-F2-1  /T1-F2-1 /T0-F2-1 /T1-F3-1 /T0-F3-1 /T1-F2-1 /T0-F2-1 /T1-F1-1 
/T6-F1-1 /W-F3-1  /T0-F3-1 /T0-F0-1 /T1-F2-1 /T1-F3-1 /T2-F1-1 /T1-F0-1 /T6-F2-1 /T0-F1-1 
/T2-F2-1 /T6-F3-1 
"
1010620,u#rR#zOm#SVcQ#hHxPB#eyjbap#NKnXsgA#foUYEdiqMvTZGJlFwICDtLWk,128.000000,2485.000000,35.000000,0.736111,1,"
minimal: 0 / states: 117 / duration: 0.000121s
history:
/T6-F0-1 /T4-F0-1 /T5-T3-1 /T5-F1-1 /T5-F1-1 /T6-T0-1 /T6-T0-1 /T1-T0-1 /T3-T1-2 /T3-F1-1 
/T0-T3-4 /T2-T0-1 /T2-T1-1 /D:2     /W-T4-1  /D:2     /W-T2-1  /D:2     /W-F1-1  /D:2     
/W-T3-1  /T4-T3-2 /T4-T2-1 /T5-T2-1 /T6-T5-1 /T6-F2-1 /T3-F2-1 /T5-T0-2 /T5-F1-1 /D:1     
/W-T5-1  /D:1     /W-T2-1  /D:1     /W-T4-1  /D:3     /W-T0-1  /T3-T0-7 /T1-T3-4 /D:1     
/W-T5-1  /T6-T5-1 /T6-F3-1 /T3-F3-1 /T0-F3-1 /T3-F2-1 /T0-F2-1 /T3-F3-1 /T3-F2-1 /T0-F3-1 
/T0-F2-1 /T3-F3-1 /T4-F3-1 /D:1     /W-T0-1  /D:3     /W-F0-1  /D:1     /W-F0-1  /D:1     
/W-F2-1  /T0-T4-2 /T0-F2-1 /T4-T0-3 /T2-F2-1 /W-T2-1  /W-F2-1  /T2-T5-2 /T2-F2-1 /W-T4-1  
/W-T1-1  /T4-T5-2 /D:1     /W-T1-1  /T0-T1-6 /T0-F2-1 /D:2     /R       /D:1     /W-F1-1  
/D:1     /W-F3-1  /D:1     /W-F0-1  /T1-F0-1 /T1-F1-1 /T5-F0-1 /T1-F0-1 /T1-F3-1 /T5-F1-1 
/T5-F0-1 /T1-F0-1 /D:1     /W-F1-1  /T5-F1-1 /T5-F0-1 /D:1     /W-F3-1  /T1-F3-1 /T2-F3-1 
/T1-F0-1 /T1-F3-1 /T2-F2-1 /D:1     /W-F1-1  /T5-F1-1 /T0-F1-1 /T5-F0-1 
"
1010628,Q#Yp#Lqc#iISf#UulVb#FJxnEa#GgsvzBO#wKrhDtToXWjHRCNZdyeMmkAP,118.000000,2146.000000,43.000000,0.629870,1,"
minimal: 0 / states: 128 / duration: 0.000140s
history:
/T5-F1-1 /T4-F1-1 /T2-F1-1 /T6-T1-1 /T5-T3-1 /T5-F2-1 /T1-T0-2 /T5-T1-1 /T4-T5-1 /F1-T2-1 
/T6-T2-1 /T4-T6-1 /T4-T5-1 /T0-T3-3 /T6-T0-2 /T4-T6-1 /D:2     /W-T0-1  /D:4     /W-T6-1  
/T3-T6-5 /D:1     /W-T5-1  /D:1     /W-F2-1  /D:2     /W-T0-1  /T6-T0-8 /T6-T5-1 /D:1     
/W-T1-1  /D:2     /W-T5-1  /T2-T5-3 /D:2     /W-F3-1  /T0-F3-1 /T0-F2-1 /W-T0-1  /D:1     
/W-T4-1  /T2-T4-1 /D:4     /W-T2-1  /T1-T2-3 /D:1     /W-T1-1  /D:1     /W-T4-1  /T5-T4-9 
/W-T5-1  /W-T1-1  /T5-T6-2 /D:1     /W-F0-1  /T4-F0-1 /T0-F0-1 /T4-F1-1 /W-F1-1  /T4-F2-1 
/T6-F1-1 /T0-T3-2 /T0-F1-1 /T3-T0-3 /T3-T2-1 /W-T3-1  /T6-T3-2 /W-T1-1  /W-F0-1  /W-T2-1  
/W-F2-1  /T4-T3-1 /T4-F2-1 /T0-T6-3 /T0-F2-1 /T3-T4-2 /T3-F1-1 /T2-F1-1 /T4-T3-3 /T4-F2-1 
/T0-T2-1 /T0-F2-1 /W-F2-1  /T3-T4-4 /T3-F1-1 /T2-T0-2 /T2-F1-1 /T2-F2-1 /T4-T1-6 /T4-F1-1 
/T0-T2-4 /T0-F1-1 /T1-T4-7 /T1-F2-1 /T0-F2-1 /T1-F1-1 /T6-T2-4 /D:1     /W-F3-1  /T2-F3-1 
/T2-F0-1 /T4-F3-1 /T2-F3-1 /T4-F0-1 /T2-F0-1 /T4-F3-1 /T2-F3-1 /T4-F0-1 /T2-F0-1 /T4-F3-1 
/T2-F3-1 /T4-F0-1 /T2-F0-1 /T4-F3-1 /T2-F3-1 /T4-F0-1 /T2-F0-1 /T4-F3-1 
"
1010656,r#YZ#Mve#Eatl#gRjKN#HhOquA#WfCBcXL#wiGTxmpIPsQbzkSFJndVUyDo,95.500000,1221.000000,34.000000,0.722222,1,"
minimal: 0 / states: 119 / duration: 0.000121s
history:
/T4-F3-1 /T5-F0-1 /T6-T1-1 /T6-T1-1 /T4-T3-1 /T4-T3-1 /D:1     /W-T1-1  /D:1     /W-T1-1  
/T5-T1-1 /T6-T5-1 /T6-F0-1 /T6-F0-1 /T5-T2-2 /T5-F3-1 /T0-T6-1 /T1-T0-6 /D:1     /W-T5-1  
/T6-T5-2 /D:1     /W-T0-1  /D:1     /W-T1-1  /T6-T1-1 /D:1     /W-T6-1  /D:2     /W-T1-1  
/T5-T1-4 /D:1     /W-F3-1  /D:1     /W-T0-1  /T2-T0-3 /T2-T3-1 /T3-T2-4 /D:1     /W-F3-1  
/T4-F3-1 /T4-T5-1 /D:2     /W-T4-1  /T1-T4-8 /D:2     /W-F3-1  /T0-T5-4 /T0-F3-1 /D:3     
/W-F2-1  /D:1     /W-T4-1  /D:2     /W-T2-1  /T3-T2-1 /T3-F1-1 /D:1     /W-T6-1  /D:1     
/W-F0-1  /T3-F0-1 /D:1     /W-F2-1  /R       /D:1     /W-F2-1  /D:1     /W-F1-1  /T5-F1-1 
/T4-F1-1 /T5-F2-1 /T4-F2-1 /T5-F1-1 /T4-F1-1 /T5-F2-1 /T2-F2-1 /T0-F2-1 /T2-F3-1 /T2-F2-1 
/T5-F1-1 /T5-T0-1 /D:1     /W-T6-1  /D:1     /W-F0-1  /T4-F0-1 /T0-F0-1 /T4-F1-1 /T0-F1-1 
/T4-F0-1 /T2-F1-1 /T0-F2-1 /T6-F1-1 /T4-T2-1 /T4-F2-1 /T6-F2-1 /T2-T4-2 /T2-F1-1 /T6-F1-1 
/T4-T2-3 /T4-F2-1 /D:1     /W-F0-1  /D:1     /W-F3-1  /T2-F3-1 /T0-F3-1 /T2-F0-1 /T0-F0-1 
/T2-F3-1 /T0-F3-1 /T2-F0-1 
"
1010665,n#aO#SUE#QWFl#LHcqz#jTfPyA#ksvRoZb#uXhBDeYiCwtNdrGJVKIxmgpM,124.500000,1086.000000,41.000000,0.637500,1,"
minimal: 0 / states: 118 / duration: 0.000130s
history:
/T0-F2-1 /T5-F0-1 /T4-T0-1 /T3-T0-1 /D:2     /W-T5-1  /D:2     /W-F0-1  /D:2     /W-T3-1  
/T4-T3-1 /T4-T3-1 /D:3     /W-F0-1  /D:1     /W-T5-1  /W-T5-1  /T4-T5-1 /D:2     /W-F3-1  
/T1-F3-1 /T1-F1-1 /T6-F1-1 /T6-T1-1 /T6-F2-1 /T3-F1-1 /T5-T1-5 /T5-F3-1 /T2-T5-1 /W-T2-1  
/T5-T2-2 /T3-T5-3 /T5-T1-4 /D:1     /W-F1-1  /T1-T6-1 /T1-F1-1 /T6-T1-2 /T6-T3-1 /T2-T3-4 
/T3-T2-1 /T3-F1-1 /T2-T3-2 /D:5     /W-T0-1  /T3-T0-6 /T3-F3-1 /D:1     /W-T5-1  /D:2     
/W-T2-1  /T4-T2-1 /D:1     /W-F1-1  /D:1     /W-F2-1  /T1-F2-1 /T1-F3-1 /D:1     /W-T3-1  
/R       /D:2     /W-F1-1  /D:1     /W-F0-1  /T0-F0-1 /T1-F0-1 /T6-T1-1 /T0-F3-1 /T6-T2-1 
/D:1     /W-T3-1  /D:1     /W-F2-1  /T1-F2-1 /T0-F2-1 /T1-F3-1 /W-F2-1  /T0-F3-1 /T0-F2-1 
/D:1     /W-F0-1  /T1-F0-1 /T1-F1-1 /T5-F0-1 /T5-F1-1 /T1-F2-1 /T2-F1-1 /T0-T3-2 /T0-F1-1 
/D:1     /W-F0-1  /D:1     /W-F3-1  /T3-F3-1 /T1-F3-1 /T3-F0-1 /T2-F0-1 /T2-F1-1 /T3-F3-1 
/T3-F0-1 /D:1     /W-F2-1  /T1-F2-1 /T0-F2-1 /T1-F3-1 
"
1010669,K#Yf#ODZ#wFcR#sCzgJ#quBGAp#THbdaEk#LXiQUVrjlemxvoStNPyWnMIh,92.000000,1030.000000,45.000000,0.631944,1,"
minimal: 0 / states: 136 / duration: 0.000136s
history:
/T4-T6-1 /D:1     /W-T2-1  /T6-T2-2 /T6-T1-1 /T6-F1-1 /T5-T6-1 /T5-F0-1 /T6-T1-2 /T6-F1-1 
/T4-T6-1 /T1-T5-4 /T0-T1-1 /T2-T0-4 /T2-T3-1 /T1-T4-2 /T4-T1-3 /T2-T4-1 /D:2     /W-T0-1  
/T6-T0-2 /D:5     /W-T1-1  /D:3     /W-T2-1  /D:2     /W-T1-1  /D:4     /W-F3-1  /T4-F3-1 
/D:1     /W-F3-1  /D:1     /W-T2-1  /D:2     /W-F2-1  /D:3     /W-T1-1  /T5-T1-5 /T5-F0-1 
/T4-F0-1 /T3-T4-2 /T3-F1-1 /T4-F0-1 /T3-T0-1 /T4-T6-2 /T6-T5-3 /R       /D:1     /W-T2-1  
/T3-T2-1 /D:1     /W-F3-1  /T5-F3-1 /D:2     /W-T2-1  /T5-T2-3 /D:3     /W-T0-1  /T5-T0-1 
/D:2     /W-F2-1  /T1-F2-1 /T0-F2-1 /T1-F1-1 /T0-F1-1 /T1-F0-1 /T0-F0-1 /T1-F1-1 /T0-F1-1 
/T1-F0-1 /T0-F0-1 /T1-F1-1 /T0-F1-1 /D:1     /W-F3-1  /D:3     /W-T3-1  /D:1     /W-F0-1  
/T0-F0-1 /R       /D:1     /W-T1-1  /D:1     /W-F2-1  /T2-F2-1 /T2-F3-1 /T1-F3-1 /D:1     
/W-T3-1  /D:1     /W-T3-1  /T1-T3-2 /T1-F0-1 /D:1     /W-F2-1  /T2-F2-1 /T2-F3-1 /T3-F2-1 
/T2-F2-1 /T3-F1-1 /T0-F1-1 /T0-F0-1 /T3-F2-1 /T3-F1-1 /T3-F0-1 /T2-T0-2 /T2-F1-1 /D:1     
/W-F3-1  /T0-F3-1 /T0-F2-1 /T1-F3-1 /T0-F3-1 /T1-F2-1 
"
1010679,d#EC#knN#cPzA#UreKQ#pRDOBl#yZaMomt#uTbiJfHGvqLjsYIwWFShXVgx,58.000000,276.000000,26.000000,0.912281,1,"
minimal: 0 / states: 107 / duration: 0.000121s
history:
/T2-F3-1 /T2-F2-1 /T3-F0-1 /T5-T3-1 /T5-F0-1 /T5-F3-1 /T1-F0-1 /T5-F0-1 /T4-T1-1 /T4-T3-1 
/D:5     /W-T2-1  /W-T2-1  /D:1     /W-T6-1  /T1-T6-2 /T3-T1-3 /T3-F3-1 /T6-F3-1 /T5-F3-1 
/T6-F0-1 /W-T5-1  /T5-T0-2 /D:1     /W-T2-1  /W-T2-1  /D:3     /W-T4-1  /T3-T4-1 /D:2     
/W-T1-1  /D:1     /W-T2-1  /T4-T2-3 /T4-T6-1 /T6-T4-3 /T6-T3-1 /T6-F2-1 /T6-T5-1 /T6-F1-1 
/T0-F1-1 /T0-F2-1 /T2-F1-1 /T0-F1-1 /T2-F2-1 /T2-F1-1 /T4-F2-1 /T2-F2-1 /T4-F1-1 /T6-T0-1 
/T4-F2-1 /W-T0-1  /W-T1-1  /W-T4-1  /W-F2-1  /T1-F2-1 /T2-T0-5 /T6-T3-1 /D:1     /W-T5-1  
/D:1     /W-T1-1  /T4-T1-2 /D:1     /W-F2-1  /D:2     /W-F0-1  /T1-F0-1 /D:1     /W-F3-1  
/T0-F3-1 /T1-F3-1 /T0-F0-1 /T1-F0-1 /D:2     /W-T3-1  /D:1     /W-F3-1  /D:1     /W-F1-1  
/W-F1-1  /T0-F1-1 /T0-F0-1 /T1-F1-1 /T0-F1-1 /W-F3-1  /T1-F0-1 /T3-F3-1 /T0-F0-1 /T1-F1-1 
/T5-F3-1 /T5-F0-1 /T0-F3-1 /D:1     /W-F2-1  /T3-F2-1 /T1-F2-1 /T3-F1-1 
"
1010697,n#tw#FhK#WdTc#vxCiI#sUBaAl#jXSupMO#kgomGeNbzrfHJLYQyEVRDZPq,85.000000,549.000000,26.000000,0.907407,1,"
minimal: 0 / states: 117 / duration: 0.000123s
history:
/T0-F2-1 /T2-T5-1 /T2-T4-1 /D:3     /W-F2-1  /D:1     /W-T0-1  /D:1     /W-T4-1  /D:1     
/W-T2-1  /D:1     /W-F3-1  /T6-F3-1 /T5-T6-2 /T5-F0-1 /T5-F1-1 /T5-F0-1 /D:1     /W-F1-1  
/T3-F1-1 /T2-T3-2 /T6-T2-3 /T6-F2-1 /T3-T6-3 /T3-F1-1 /T4-T3-3 /T4-T1-1 /T4-F0-1 /T6-T1-4 
/T6-T3-1 /T1-T6-6 /T6-F1-1 /T1-T5-1 /T3-T2-5 /D:1     /W-T1-1  /D:1     /W-T2-1  /D:1     
/W-F1-1  /W-F1-1  /D:3     /W-T0-1  /T6-T0-6 /T6-T4-1 /D:1     /W-T1-1  /T4-T1-2 /T5-T4-2 
/T4-T1-3 /D:1     /W-T2-1  /D:4     /W-T0-1  /D:1     /W-F0-1  /D:1     /W-T3-1  /D:1     
/W-F3-1  /T2-F3-1 /T0-F3-1 /D:1     /W-F2-1  /T2-F2-1 /T5-F2-1 /T1-F2-1 /T2-F3-1 /T2-T1-1 
/T2-F1-1 /R       /D:4     /W-T3-1  /D:1     /W-F0-1  /T0-F0-1 /T0-F3-1 /T0-F2-1 /T1-F0-1 
/T1-F3-1 /T1-F2-1 /T0-F1-1 /T0-F2-1 /T1-F1-1 /T1-F2-1 /T3-F2-1 /W-T0-1  /W-F0-1  /T2-F0-1 
/T0-F0-1 /W-F1-1  /T2-T1-2 /T2-F1-1 /T0-T3-2 /T0-F1-1 /T1-T2-3 /T1-F2-1 /D:1     /W-F3-1  
/T2-F3-1 /T2-F0-1 /T3-F3-1 /T2-F3-1 /T3-F0-1 /T2-F0-1 /T3-F3-1 
"
1010698,J#gQ#rqM#GwfO#xXEWl#mDZszn#kHSpRNY#KVLaBbvojuTieCAUhdyPctFI,129.500000,2664.000000,44.000000,0.608434,1,"
minimal: 0 / states: 125 / duration: 0.000133s
history:
/T5-F2-1 /T6-T2-1 /T6-F3-1 /T3-F3-1 /T4-T5-1 /D:1     /W-T2-1  /T4-T2-1 /T4-T3-1 /T1-T3-1 
/T0-T4-1 /T5-T0-2 /T6-T5-1 /T5-T1-2 /T6-T3-1 /D:1     /W-T4-1  /D:1     /W-T5-1  /T4-T5-3 
/T4-T0-1 /T2-T4-4 /T2-T1-1 /T2-T6-1 /T5-T2-5 /D:1     /W-F1-1  /D:2     /W-F1-1  /D:1     
/W-T4-1  /D:1     /W-F2-1  /T3-F2-1 /T1-F2-1 /T5-T1-1 /T6-F2-1 /D:1     /W-T0-1  /D:1     
/W-T2-1  /T1-T2-4 /D:4     /W-T3-1  /D:1     /W-F0-1  /D:1     /W-T4-1  /D:3     /W-T5-1  
/D:1     /W-F3-1  /D:1     /W-F1-1  /W-F1-1  /D:1     /W-T4-1  /T3-T4-4 /D:2     /W-T0-1  
/R       /D:1     /W-F0-1  /T4-F0-1 /T2-F0-1 /T4-F3-1 /T2-F3-1 /T4-F0-1 /T6-F3-1 /T2-F2-1 
/D:1     /W-F3-1  /D:1     /W-T3-1  /T6-T3-1 /T3-T6-3 /T4-T3-1 /T4-F2-1 /T4-F3-1 /T2-T6-1 
/T2-F2-1 /T2-F3-1 /T4-F2-1 /T4-F3-1 /T6-T2-3 /T6-F2-1 /T0-T4-2 /T0-F2-1 /T5-F2-1 /T2-T6-4 
/T2-F3-1 /T4-T0-3 /T4-F3-1 /T0-T4-4 /T0-F2-1 /T2-T5-1 /T2-F3-1 /T6-T5-5 /D:1     /W-F1-1  
/T3-F1-1 /T5-F1-1 /D:1     /W-F1-1  /D:1     /W-F0-1  /T3-F0-1 /T5-F0-1 /T4-F0-1 /T5-F1-1 
/T4-F1-1 /T5-F0-1 /T4-F0-1 /T5-F1-1 /T4-F1-1 /T5-F0-1 /T4-F0-1 /T5-F1-1 
"
1010715,x#Fo#zhW#UfeQ#sCmcB#rqjMTX#GkLgupa#HZVPbRKOEiJYnlISytNDdAvw,165.000000,1569.000000,53.000000,0.561224,1,"
minimal: 0 / states: 120 / duration: 0.000128s
history:
/T6-F1-1 /T6-T3-1 /T2-T0-1 /D:5     /W-F1-1  /D:3     /W-T3-1  /D:3     /W-T5-1  /W-T5-1  
/T6-T5-1 /T6-T5-1 /T5-T6-5 /D:2     /W-F2-1  /T1-F2-1 /T1-T5-1 /D:2     /W-T0-1  /T2-T0-1 
/W-T2-1  /T0-T2-4 /D:3     /W-T2-1  /D:1     /W-F3-1  /T3-F3-1 /T3-F2-1 /D:3     /W-F0-1  
/T4-F0-1 /T4-F1-1 /T4-T0-1 /T4-F0-1 /W-F1-1  /T6-T0-6 /W-F0-1  /T4-T0-1 /D:2     /W-T6-1  
/R       /D:2     /W-T1-1  /D:1     /W-T6-1  /W-T6-1  /T5-T6-2 /T5-T4-1 /D:1     /W-F3-1  
/T3-F3-1 /T3-F1-1 /T3-F1-1 /D:1     /W-F3-1  /D:2     /W-F0-1  /T6-F0-1 /T0-T6-1 /T0-F1-1 
/T2-T3-1 /T2-F1-1 /T3-T2-2 /D:1     /W-T4-1  /W-T4-1  /T5-T4-1 /T5-F2-1 /T5-F2-1 /T6-F2-1 
/T2-F2-1 /T0-F2-1 /T0-F1-1 /T4-F1-1 /D:1     /W-F3-1  /T6-F3-1 /T2-F3-1 /D:1     /W-T1-1  
/T6-T1-4 /T6-F0-1 /T1-F0-1 /T1-F3-1 /T2-F0-1 /T0-F0-1 /T2-F3-1 /T4-F0-1 /T0-F3-1 /T0-F0-1 
/T4-F3-1 /T4-F0-1 /T1-T0-3 /T1-F3-1 /D:1     /W-F2-1  /T0-F2-1 /T0-F1-1 /T2-F2-1 /T0-F2-1 
/T2-F1-1 /T0-F1-1 /T2-F2-1 
"
1010720,y#IZ#WUn#eVzq#PECRL#GmcBKi#DdusjXk#bNFToYAxgSwlartvOMQJphHf,112.500000,1906.000000,51.000000,0.581395,1,"
minimal: 0 / states: 128 / duration: 0.000142s
history:
/T2-F2-1 /T6-T0-1 /T6-T4-1 /T4-T1-2 /T3-T4-1 /D:2     /W-F3-1  /D:3     /W-F2-1  /D:1     
/W-T3-1  /D:1     /W-F0-1  /D:1     /W-T3-1  /T6-T3-1 /T4-T6-2 /D:3     /W-T0-1  /T5-T0-1 
/D:2     /W-F1-1  /D:2     /W-T2-1  /D:1     /W-T3-1  /T2-T3-2 /T2-T5-1 /T3-T2-7 /D:1     
/W-F3-1  /D:3     /W-T1-1  /T3-T1-1 /D:1     /W-F2-1  /T6-F2-1 /D:2     /W-T0-1  /D:1     
/W-T2-1  /R       /D:1     /W-F1-1  /D:2     /W-T0-1  /T6-T0-2 /T6-T1-1 /T4-T6-1 /T4-T2-1 
/T6-T2-2 /T4-T6-1 /T1-T4-6 /T6-F3-1 /T1-T5-1 /T6-T0-1 /D:1     /W-T4-1  /W-T4-1  /T3-T4-1 
/D:3     /W-F2-1  /D:1     /W-T1-1  /W-T1-1  /T5-T1-3 /T5-F0-1 /T2-F0-1 /T5-F1-1 /T0-F0-1 
/T2-F1-1 /T4-F1-1 /T5-T3-1 /T2-F0-1 /T2-F1-1 /T4-F0-1 /T4-F1-1 /T5-F0-1 /T0-T4-3 /T0-F0-1 
/T1-F0-1 /W-T2-1  /T0-T3-4 /D:1     /W-F3-1  /T4-F3-1 /T2-F3-1 /T4-F2-1 /T2-F2-1 /T4-F3-1 
/T2-F3-1 /T4-F2-1 /T4-F3-1 /T1-F3-1 /T2-F2-1 /T4-F0-1 /T1-F0-1 /T4-F3-1 /T4-F0-1 /T2-T1-2 
/T2-F3-1 /T4-F3-1 /T1-T2-3 /T1-F0-1 /D:1     /W-F1-1  /T3-F1-1 /T2-F1-1 /T3-F2-1 /T2-F2-1 
/T3-F1-1 /T2-F1-1 /T3-F2-1 /T2-F2-1 /T3-F1-1 
"
1010754,k#wg#mvu#piqE#IjAoa#PDzXcn#eSVKOfC#xtrGMBNhLyFZlJRWUsYHbdTQ,111.500000,803.000000,42.000000,0.660000,1,"
minimal: 0 / states: 106 / duration: 0.000123s
history:
/T4-F1-1 /T5-F2-1 /T4-F2-1 /T4-F0-1 /T1-T2-1 /T1-T0-1 /D:5     /W-T1-1  /D:1     /W-F0-1  
/T6-F0-1 /T3-T6-1 /T5-T3-1 /D:1     /W-F3-1  /D:4     /W-T2-1  /D:2     /W-T1-1  /D:1     
/W-T5-1  /D:1     /W-T2-1  /T3-T2-2 /T2-T3-6 /T2-T4-1 /T3-T0-7 /T3-F2-1 /W-T3-1  /W-T2-1  
/T5-T2-2 /W-T3-1  /T0-T3-9 /T5-T0-1 /T5-F0-1 /T6-F0-1 /W-T4-1  /W-T4-1  /T6-T4-1 /T6-F3-1 
/T5-F3-1 /T6-T1-1 /T6-T2-1 /T4-T1-5 /W-T1-1  /D:2     /W-T4-1  /D:2     /W-T0-1  /D:1     
/W-T2-1  /D:1     /W-F1-1  /T3-F1-1 /T3-F2-1 /T1-F2-1 /W-F2-1  /D:1     /W-F1-1  /D:1     
/W-T2-1  /D:1     /W-F3-1  /T3-F3-1 /T6-F3-1 /T6-F1-1 /T1-F1-1 /T3-F0-1 /T1-F0-1 /T2-F3-1 
/T3-F1-1 /T2-F0-1 /T1-F1-1 /T4-F3-1 /T4-F0-1 /T2-F3-1 /T2-F0-1 /W-F3-1  /W-F2-1  /T3-F2-1 
/T1-F2-1 /T3-F1-1 /T1-F1-1 /T1-F0-1 /T3-F2-1 /T2-F3-1 /T3-F1-1 /T3-F0-1 /W-F2-1  /T0-F3-1 
/T1-F1-1 /T1-F0-1 /T2-F2-1 /T0-F2-1 /T2-F1-1 /T3-F3-1 
"
1010790,R#Fs#LxB#gtzN#irbCS#jfeTpm#IhJXAUW#aHkVovZPqOlucMGDdwEynQYK,137.000000,1690.000000,45.000000,0.668478,1,"
minimal: 0 / states: 114 / duration: 0.000128s
history:
/T3-F3-1 /T0-T1-1 /T5-T0-1 /D:1     /W-F1-1  /D:5     /W-T6-1  /D:3     /W-T1-1  /W-T1-1  
/T2-T1-1 /T6-T2-2 /T6-T2-1 /T6-F0-1 /T1-F0-1 /D:1     /W-F3-1  /T1-F3-1 /D:1     /W-T3-1  
/T2-T3-4 /T6-T2-1 /T6-T2-1 /T2-T0-3 /T3-T2-6 /T4-T3-1 /T4-F0-1 /T4-F1-1 /T3-T2-2 /T1-T3-3 
/T4-T2-1 /T4-T0-1 /W-T4-1  /D:1     /W-T0-1  /T3-T0-4 /D:1     /W-F1-1  /D:1     /W-T3-1  
/D:1     /W-T6-1  /D:1     /W-F0-1  /D:1     /W-T2-1  /T5-T2-1 /T1-T5-1 /D:2     /W-F0-1  
/T5-F0-1 /T6-F0-1 /D:1     /W-T4-1  /D:1     /W-F2-1  /D:1     /W-F3-1  /D:1     /W-T3-1  
/D:1     /W-T3-1  /R       /D:1     /W-F0-1  /D:1     /W-T4-1  /D:2     /W-F2-1  /T2-F2-1 
/T0-F2-1 /T0-F3-1 /T2-F1-1 /T2-F2-1 /T2-F3-1 /T5-F3-1 /T5-F1-1 /T0-F2-1 /T5-F1-1 /T0-F1-1 
/T2-F2-1 /T0-F2-1 /T2-F3-1 /T6-F1-1 /T0-F1-1 /T2-F2-1 /T6-F0-1 /T5-F1-1 /W-F3-1  /T0-F0-1 
/T2-F3-1 /T3-F0-1 /T0-F3-1 /T0-F0-1 /T3-F3-1 /T3-F0-1 /T4-F1-1 /T4-T0-1 /T4-F3-1 /D:1     
/W-F2-1  /T2-F2-1 /T0-F2-1 /T2-F1-1 /T0-F1-1 /T2-F2-1 
"
1010794,h#Cz#esd#vofB#QMtHA#GaPLWn#FgZpUrO#JRTEkySViXDjuYbqImKclxNw,134.000000,2669.000000,64.000000,0.524510,1,"
minimal: 0 / states: 142 / duration: 0.000143s
history:
/T4-F0-1 /T3-F0-1 /T5-F2-1 /D:3     /W-T4-1  /D:1     /W-T3-1  /T2-T3-1 /T2-T4-1 /T2-T4-1 
/T1-T2-1 /T6-T1-1 /T1-T3-2 /D:7     /W-T4-1  /D:3     /W-T2-1  /D:3     /W-T5-1  /T0-T5-1 
/D:1     /W-T0-1  /D:1     /W-T2-1  /T5-T2-3 /T5-T0-1 /T5-T4-1 /T5-F1-1 /T3-T5-5 /T3-F2-1 
/T5-T2-6 /D:4     /W-F3-1  /T2-F3-1 /T4-F3-1 /T2-F0-1 /T4-F0-1 /T2-T6-1 /T2-F0-1 /T6-T2-2 
/T6-T3-1 /T6-F2-1 /T6-T1-1 /D:1     /R       /D:3     /W-T0-1  /D:1     /W-T1-1  /D:4     
/W-T1-1  /D:3     /W-F1-1  /D:1     /W-F2-1  /D:1     /W-F1-1  /T2-F1-1 /T4-F1-1 /T2-F2-1 
/T2-F1-1 /T6-F1-1 /T4-F2-1 /T6-F0-1 /T2-F0-1 /T2-F1-1 /D:3     /W-T0-1  /R       /D:1     
/W-T1-1  /D:3     /W-T0-1  /T4-T0-2 /T4-F2-1 /T4-T5-1 /T4-F3-1 /D:1     /W-F1-1  /D:1     
/W-F1-1  /D:1     /W-F2-1  /T3-T2-1 /T3-F2-1 /T0-T1-3 /T0-F2-1 /T0-F1-1 /D:1     /W-F1-1  
/D:1     /W-F2-1  /T1-T0-5 /T1-F2-1 /T0-T1-6 /T0-F1-1 /T2-T5-5 /T2-F2-1 /R       /D:1     
/W-F3-1  /D:1     /W-F3-1  /T1-F3-1 /T1-F0-1 /T5-F3-1 /T1-F3-1 /T5-F0-1 /T1-F0-1 /T5-F3-1 
/T1-F3-1 /T5-F0-1 /T1-F0-1 /T5-F3-1 /T1-F3-1 /T5-F0-1 
"
1010865,f#ZA#hOY#dCgx#TSEwy#cQDkzH#MUJrRjn#LlqGBtPboFpIXiKvaWsVNume,124.000000,1724.000000,52.000000,0.562500,1,"
minimal: 0 / states: 127 / duration: 0.000133s
history:
/T1-F0-1 /T6-F2-1 /T6-T3-1 /T4-T1-1 /T3-T2-2 /T3-T5-1 /D:3     /W-T6-1  /D:2     /W-F0-1  
/T3-F0-1 /D:2     /W-T6-1  /D:2     /W-F2-1  /D:1     /W-T5-1  /T6-T5-3 /T6-T0-1 /T3-T0-1 
/D:1     /W-F2-1  /D:1     /W-T2-1  /D:1     /W-T1-1  /T4-T1-1 /D:1     /W-T1-1  /T5-T1-6 
/T5-T3-1 /T2-T3-4 /T6-T5-1 /T6-T3-1 /F0-T0-1 /T2-T0-1 /D:3     /W-F1-1  /D:3     /W-T5-1  
/D:1     /W-F3-1  /T0-F3-1 /T1-F3-1 /T0-F0-1 /T1-F2-1 /T0-T4-1 /T0-F2-1 /T4-T0-2 /W-F2-1  
/D:1     /W-T5-1  /D:2     /R       /D:2     /W-T6-1  /D:1     /W-T2-1  /T4-T2-1 /T4-T5-1 
/D:1     /W-F2-1  /D:1     /W-F1-1  /D:1     /W-T6-1  /D:2     /W-T6-1  /W-T6-1  /T2-T6-3 
/D:1     /W-T2-1  /W-T2-1  /T5-T2-5 /T5-F0-1 /T5-F3-1 /T1-F3-1 /T5-F1-1 /T0-F1-1 /T0-F0-1 
/T6-F3-1 /T1-F0-1 /T2-F3-1 /T2-F2-1 /T3-F3-1 /T2-F3-1 /T6-F0-1 /T6-T3-1 /T6-F2-1 /T6-F3-1 
/T1-T2-3 /T1-F2-1 /T1-F3-1 /T3-T6-3 /T3-F2-1 /T1-F2-1 /T3-F3-1 /T1-F3-1 /T3-F2-1 /D:1     
/W-F1-1  /T0-F1-1 /T2-F1-1 /T2-F0-1 /T6-F1-1 /T2-F1-1 /T6-F0-1 /T2-F0-1 /T6-F1-1 /T2-F1-1 
/T6-F0-1 /T2-F0-1 /T6-F1-1 /T2-F1-1 /T6-F0-1 
"
1010908,R#KL#Fxz#fycb#pPCHi#GVOljX#eYhZqwa#sEBuAtWgrQDkIodSUmMnJTvN,143.000000,4011.000000,51.000000,0.556701,1,"
minimal: 0 / states: 124 / duration: 0.000130s
history:
/T6-F1-1 /T3-F1-1 /T3-F1-1 /T5-T1-1 /T6-T1-1 /T4-T1-1 /T6-T0-1 /T4-T1-1 /T1-T6-5 /T5-T1-1 
/T5-T2-1 /T5-T4-1 /T1-T2-2 /T6-T1-6 /D:4     /W-T5-1  /D:1     /W-F0-1  /W-F0-1  /D:1     
/W-T6-1  /D:2     /W-T1-1  /D:4     /W-T3-1  /D:1     /W-T2-1  /T6-T2-2 /D:2     /W-F1-1  
/D:1     /W-T2-1  /D:4     /W-F2-1  /D:1     /W-T3-1  /T5-T3-2 /D:1     /W-T3-1  /D:2     
/W-F3-1  /T4-F3-1 /T4-F0-1 /T4-F3-1 /R       /D:1     /W-T1-1  /T0-T1-2 /T2-T0-8 /T2-T6-1 
/T2-T3-1 /D:1     /W-T0-1  /D:1     /W-T6-1  /D:2     /W-F3-1  /D:1     /W-F0-1  /T0-F0-1 
/T3-F0-1 /T5-F0-1 /W-T0-1  /D:1     /W-F2-1  /T4-F2-1 /T1-F2-1 /T0-F2-1 /T1-F3-1 /T0-F3-1 
/T1-F2-1 /T3-F3-1 /T0-F2-1 /T3-F2-1 /D:1     /W-F3-1  /T3-F3-1 /T6-F3-1 /D:1     /W-T2-1  
/T3-T2-3 /D:1     /W-T4-1  /T6-T4-2 /T6-F1-1 /T3-F1-1 /T1-F1-1 /T0-F1-1 /T1-F0-1 /T0-F0-1 
/T1-F1-1 /T2-F0-1 /T0-F1-1 /T0-F0-1 /T2-F1-1 /T0-F1-1 /T1-T2-2 /T1-F0-1 /T2-T1-3 /T2-F1-1 
/T4-T0-2 /T4-F0-1 /D:1     /W-F2-1  /T1-F2-1 /T0-F2-1 /T1-F3-1 /T0-F3-1 /T1-F2-1 /T0-F2-1 
/T1-F3-1 
"
1010937,h#RA#wnl#bMsN#CLBQf#YEHoqa#UeIZSKp#xJvkWtzXjVgPdOGmcTDruFiy,105.500000,2485.000000,45.000000,0.686667,1,"
minimal: 0 / states: 120 / duration: 0.000123s
history:
/T1-F0-1 /T3-F3-1 /T5-F1-1 /T5-T1-1 /T1-T3-2 /D:1     /W-T2-1  /D:4     /W-T2-1  /D:1     
/W-T0-1  /T4-T0-1 /T6-T4-1 /D:1     /W-T1-1  /T2-T1-3 /T2-F2-1 /T5-F2-1 /T4-F2-1 /T3-F2-1 
/D:2     /W-T6-1  /D:1     /W-T2-1  /T5-T2-1 /T4-T5-1 /T4-F0-1 /T5-T0-2 /T6-T5-2 /W-T4-1  
/T2-T4-3 /D:1     /W-T4-1  /T3-T4-2 /T3-T2-1 /T3-F1-1 /T5-T2-3 /D:3     /W-F3-1  /D:2     
/W-T3-1  /T4-T3-8 /T4-F0-1 /D:1     /W-F1-1  /D:2     /W-F0-1  /D:1     /W-F2-1  /D:4     
/R       /D:2     /W-T1-1  /T0-T1-5 /D:2     /W-F3-1  /T1-F3-1 /T3-F3-1 /T6-F3-1 /T6-T0-1 
/T6-T2-1 /T6-T3-1 /T1-F0-1 /T6-T2-1 /D:1     /W-F1-1  /T3-F1-1 /T1-F1-1 /T3-F2-1 /T1-F2-1 
/T3-F1-1 /T1-F1-1 /D:1     /W-T2-1  /D:1     /W-F3-1  /D:1     /W-F2-1  /T1-F2-1 /D:1     
/W-F0-1  /T2-F0-1 /T2-F3-1 /T3-F0-1 /T2-F0-1 /T3-F3-1 /T1-F3-1 /T3-F2-1 /T1-F2-1 /T3-F3-1 
/T2-T1-2 /T2-F3-1 /T0-F3-1 /W-T3-1  /W-F0-1  /D:1     /W-F1-1  /T1-F1-1 /T1-F0-1 /T3-F1-1 
/T1-F1-1 /T3-F0-1 /T2-F0-1 /T3-F1-1 /D:1     /W-F2-1  /T1-F2-1 
"
1011011,t#FB#Dvs#QSrZ#gpGHy#bhPEUk#iLmRIMA#eOYxJCazwKjnVdNqfoTlcXWu,143.500000,1326.000000,50.000000,0.538043,1,"
minimal: 0 / states: 122 / duration: 0.000135s
history:
/T6-F0-1 /T1-F0-1 /T5-T4-1 /T4-T3-2 /T0-T5-1 /T6-T0-1 /T5-T6-2 /D:1     /W-T1-1  /D:2     
/W-T0-1  /D:1     /W-T0-1  /D:1     /W-T3-1  /D:1     /W-F0-1  /D:1     /W-F1-1  /D:4     
/W-T0-1  /T6-T0-3 /T6-T2-1 /D:1     /W-F2-1  /D:1     /W-T3-1  /T4-T3-1 /D:1     /W-T5-1  
/D:1     /W-F3-1  /D:1     /W-T1-1  /D:1     /W-T0-1  /T5-T0-2 /T5-T1-1 /T4-T5-1 /T4-T0-1 
/T2-T4-2 /T5-T2-2 /T5-F1-1 /T3-T5-6 /T4-T5-3 /T6-T4-1 /T6-T4-1 /D:1     /W-F2-1  /T0-F2-1 
/D:3     /W-F1-1  /T0-F1-1 /T1-T5-2 /T1-F1-1 /D:1     /W-T4-1  /D:2     /W-T6-1  /R       
/D:1     /W-F3-1  /T5-F3-1 /T5-F2-1 /T3-F2-1 /T3-T2-1 /T3-F3-1 /T5-F3-1 /T5-F2-1 /T2-F3-1 
/T0-T2-2 /T0-F2-1 /T6-F2-1 /T1-T5-1 /D:1     /W-T1-1  /D:1     /W-T4-1  /T6-T4-1 /D:2     
/W-F3-1  /T0-F3-1 /T2-T0-4 /T2-F2-1 /T2-F0-1 /T0-F0-1 /T0-F1-1 /T5-F0-1 /T0-F0-1 /T5-F1-1 
/T0-F1-1 /T5-F0-1 /T0-F0-1 /T4-F1-1 /T0-F1-1 /T5-F3-1 /T4-F2-1 /T5-F0-1 /T5-F1-1 /T0-F2-1 
/T5-F2-1 /T1-F2-1 /W-F0-1  /D:1     /W-F1-1  /T4-T5-2 /T4-F1-1 /D:1     /W-F3-1  /T5-F3-1 
/T0-F3-1 /T5-F0-1 /T0-F0-1 /T5-F3-1 
"
1011017,Y#OI#PsW#kKAf#zUcar#FZDpwg#EHqCmQu#SobVRXdLTyveJGntljxNhBiM,116.500000,1599.000000,47.000000,0.589888,1,"
minimal: 0 / states: 124 / duration: 0.000124s
history:
/T5-T6-1 /T4-T3-1 /T4-F1-1 /T1-T2-1 /D:2     /W-T4-1  /D:1     /W-F1-1  /D:1     /W-T5-1  
/T6-T5-2 /T6-T3-1 /D:4     /W-T6-1  /D:7     /W-F2-1  /T4-F2-1 /T4-F1-1 /T4-T2-1 /T0-T4-1 
/T6-T0-2 /T6-T3-1 /W-T2-1  /T3-T2-4 /T3-F0-1 /T2-T3-8 /T2-T5-1 /T3-T4-9 /T5-T3-5 /T5-F2-1 
/T6-F2-1 /T1-T4-1 /T2-T5-1 /T3-T0-6 /D:5     /W-F3-1  /T4-F3-1 /T5-F3-1 /D:2     /W-F0-1  
/T4-F0-1 /T4-F3-1 /T5-F0-1 /T5-T1-1 /T4-F2-1 /T0-F2-1 /T5-T0-1 /D:2     /W-T2-1  /R       
/D:2     /W-F3-1  /W-F3-1  /D:2     /W-F1-1  /D:1     /W-F3-1  /D:1     /W-T1-1  /W-T1-1  
/D:2     /W-F1-1  /T4-F1-1 /D:1     /W-T1-1  /D:1     /W-F2-1  /T0-T6-2 /T0-F2-1 /T6-T0-3 
/T6-F0-1 /T0-F0-1 /T0-F1-1 /T4-F0-1 /T0-F0-1 /T4-F3-1 /T0-F3-1 /T4-F0-1 /T1-F0-1 /T4-F3-1 
/T1-F3-1 /T4-F0-1 /T4-F3-1 /W-F2-1  /T0-F2-1 /T0-T1-1 /T0-F0-1 /T2-F0-1 /T1-T0-2 /T1-F3-1 
/D:1     /W-T4-1  /D:2     /W-F2-1  /D:1     /W-F1-1  /D:1     /W-F1-1  /W-F1-1  /T0-F1-1 
/T0-F2-1 /T4-F1-1 /T0-F1-1 /T4-F2-1 
"
1011049,y#pY#EJR#IgBv#ifkZh#nSWNaK#mzHruOA#sjwqGPxLdcoCXFVeUDlTQMtb,122.500000,2562.000000,41.000000,0.660494,1,"
minimal: 0 / states: 112 / duration: 0.000118s
history:
/T6-F0-1 /T5-T1-1 /T5-F1-1 /T5-F3-1 /T6-F3-1 /T4-T3-1 /T3-T5-2 /T3-F0-1 /T5-T1-3 /T3-T6-1 
/T0-T4-1 /T4-T0-2 /T4-T0-1 /D:1     /W-T6-1  /T2-T6-1 /T2-T0-1 /T2-T4-1 /D:3     /W-T6-1  
/D:1     /W-T1-1  /T4-T1-2 /T6-T4-5 /T6-T5-1 /T4-T0-6 /D:1     /W-F3-1  /D:3     /W-T1-1  
/D:1     /W-T0-1  /D:1     /W-T0-1  /D:1     /W-F0-1  /D:5     /W-T3-1  /D:1     /W-F0-1  
/T1-T5-1 /T1-F0-1 /D:2     /W-T6-1  /D:1     /W-F3-1  /D:1     /W-T2-1  /T1-T2-7 /T1-T5-1 
/D:1     /W-T3-1  /T5-T3-4 /T5-F2-1 /T0-F2-1 /T3-F2-1 /D:1     /W-F1-1  /T0-F1-1 /T0-F2-1 
/T0-F3-1 /T3-F1-1 /T3-F2-1 /T3-F3-1 /T0-F2-1 /T3-F2-1 /T6-F3-1 /T3-F3-1 /T0-T6-1 /T0-F2-1 
/T6-T0-2 /T6-T1-1 /T2-T3-3 /T2-F2-1 /W-T1-1  /W-F1-1  /T3-F1-1 /T0-F1-1 /W-F3-1  /W-F0-1  
/T3-F0-1 /T0-F0-1 /T3-F1-1 /T0-F1-1 /T3-F0-1 /T0-F0-1 /T2-F3-1 /T2-F0-1 /W-F3-1  /T2-F3-1 
/W-F0-1  /T2-F0-1 /T0-T6-2 /T0-F3-1 /W-T1-1  /W-F2-1  /W-F1-1  /T1-F2-1 /T6-F1-1 /T1-F1-1 
/T6-F2-1 /T1-F2-1 /T6-F1-1 
"
1011058,A#hl#gxt#ORcU#DLbKM#SsFzjn#aeoyNYv#GdwuXkBqJCZEHpPITQiVfrWm,116.000000,3916.000000,64.000000,0.494845,1,"
minimal: 0 / states: 145 / duration: 0.000152s
history:
/T0-F0-1 /T5-F2-1 /T6-T5-1 /T6-T4-1 /T6-F3-1 /T4-T0-2 /T5-T4-2 /T3-T4-1 /T4-T0-4 /T2-T0-1 
/T1-T5-1 /T2-T5-1 /D:1     /W-T1-1  /D:4     /W-T6-1  /D:2     /W-F0-1  /D:2     /W-T6-1  
/D:1     /W-F0-1  /D:9     /W-T6-1  /D:2     /W-T0-1  /D:1     /W-T0-1  /D:1     /W-T5-1  
/D:1     /R       /D:1     /W-T0-1  /F0-T0-1 /T4-T0-1 /D:2     /W-T6-1  /T2-T6-1 /T5-T2-4 
/T5-T6-1 /D:1     /W-T4-1  /W-T4-1  /D:7     /W-T2-1  /T1-T2-2 /D:3     /W-T4-1  /D:1     
/W-T1-1  /T6-T1-7 /T6-F2-1 /T6-T1-1 /T6-F1-1 /T0-F1-1 /T3-F1-1 /T3-T5-1 /T3-F3-1 /T0-F0-1 
/T0-F1-1 /T1-F1-1 /W-T0-1  /R       /D:1     /W-T5-1  /D:1     /W-T3-1  /T4-T3-4 /T4-F0-1 
/D:1     /W-F0-1  /T1-F0-1 /T5-T1-3 /T2-F0-1 /T0-T5-2 /T0-F1-1 /T5-T0-3 /D:1     /W-F0-1  
/D:1     /W-F2-1  /T1-F2-1 /D:1     /W-F3-1  /T0-F3-1 /T0-F2-1 /T1-F3-1 /T0-F3-1 /T1-F2-1 
/T0-F2-1 /T1-F1-1 /T2-F1-1 /T1-F2-1 /T1-F1-1 /T2-F0-1 /T1-F0-1 /T0-T2-2 /T0-F1-1 /T0-F0-1 
/T3-T1-2 /T3-F1-1 /T3-F0-1 /T2-T0-4 /T2-F1-1 /T0-T2-5 /T0-F0-1 /T1-T3-4 /T1-F1-1 /D:1     
/W-F3-1  /T2-F3-1 /T2-F2-1 /T3-F3-1 /T2-F3-1 /T3-F2-1 /T2-F2-1 /T3-F3-1 /T2-F3-1 /T3-F2-1 
/T2-F2-1 /T3-F3-1 
"
1011059,x#cf#wtH#ZXRV#mJYBl#igFaWN#DOeLyzU#CEdkhqPuGbjMKnsArpTQovSI,139.000000,3162.000000,45.000000,0.637931,1,"
minimal: 0 / states: 126 / duration: 0.000131s
history:
/T5-F3-1 /T5-T0-1 /T5-F1-1 /T2-T3-1 /T1-T2-1 /T2-T6-2 /T3-T2-2 /T3-T5-1 /T0-T4-2 /T2-T3-3 
/D:2     /W-T6-1  /D:1     /W-T6-1  /W-T6-1  /D:3     /W-T5-1  /T1-T5-1 /D:4     /W-F1-1  
/T5-F1-1 /D:2     /W-T0-1  /T4-T0-3 /F1-T5-1 /T4-T5-1 /D:1     /W-T4-1  /W-T4-1  /D:1     
/W-F2-1  /D:2     /W-F0-1  /T5-F0-1 /T5-F1-1 /T6-F0-1 /T6-F1-1 /D:3     /W-T3-1  /T5-T3-3 
/D:1     /W-T6-1  /W-T6-1  /D:1     /W-F2-1  /T6-F2-1 /T3-F2-1 /W-F2-1  /W-F2-1  /D:1     
/W-T0-1  /T6-T0-5 /T6-T1-1 /T4-T1-3 /T3-T6-7 /T6-T3-8 /D:2     /W-T1-1  /R       /D:1     
/W-T6-1  /T4-T6-1 /T6-T4-3 /T6-F1-1 /T6-F3-1 /T6-F0-1 /D:1     /W-T1-1  /D:1     /W-F3-1  
/T0-F3-1 /T0-F0-1 /T0-F1-1 /T3-F3-1 /T3-F0-1 /T5-F1-1 /T0-F2-1 /T1-F1-1 /T5-F1-1 /D:1     
/W-F2-1  /T0-T1-1 /T0-F2-1 /T1-T0-2 /T1-F1-1 /T3-T4-3 /T3-F2-1 /T0-T1-3 /T0-F2-1 /T4-T3-4 
/T4-F1-1 /T0-F1-1 /T3-T4-5 /T3-F2-1 /T1-T0-5 /T1-F2-1 /T4-T3-6 /T4-F1-1 /D:1     /W-F0-1  
/D:1     /W-F3-1  /T3-F3-1 /T0-F3-1 /T3-F0-1 /T0-F0-1 /T3-F3-1 /T0-F3-1 /T3-F0-1 /T0-F0-1 
/T3-F3-1 /T0-F3-1 /T3-F0-1 /T0-F0-1 /T3-F3-1 
"
1011088,C#cI#Alo#vBzM#xXmtH#WRuEOb#PDgeiUQ#sZnTpFVwqKhNjSkadJGyLfYr,129.500000,2486.000000,32.000000,0.705479,1,"
minimal: 0 / states: 115 / duration: 0.000123s
history:
/T5-T0-1 /T0-T6-2 /T3-T0-1 /D:3     /W-F2-1  /T2-F2-1 /T2-T0-1 /T2-F0-1 /T3-T2-1 /T3-F0-1 
/D:1     /W-T4-1  /D:1     /W-F2-1  /D:1     /W-T4-1  /D:3     /W-F2-1  /D:1     /W-T0-1  
/D:1     /W-T1-1  /D:1     /W-F3-1  /T5-F3-1 /T6-T5-3 /T6-T3-1 /T4-T6-3 /T4-T1-1 /D:1     
/W-T0-1  /T1-T0-3 /D:1     /W-T0-1  /T5-T0-4 /D:2     /W-F1-1  /T0-F1-1 /T0-F0-1 /T1-F1-1 
/T4-T1-1 /D:1     /W-F1-1  /D:1     /W-T4-1  /T6-T4-4 /T6-F1-1 /T6-T5-1 /T6-F0-1 /T6-F3-1 
/T0-F3-1 /T0-F0-1 /T4-F0-1 /D:1     /W-F0-1  /D:1     /W-T1-1  /T4-T1-5 /D:2     /W-F1-1  
/T5-F1-1 /T0-T3-2 /T0-F1-1 /T1-T5-1 /T1-F0-1 /T5-T1-2 /T5-F3-1 /T0-F0-1 /T3-F3-1 /T1-F3-1 
/T3-T0-3 /T5-T4-1 /D:1     /W-T2-1  /T4-T2-2 /D:1     /W-F2-1  /R       /D:1     /W-F2-1  
/T0-F2-1 /T0-F3-1 /T1-F2-1 /T0-F2-1 /T1-F1-1 /T0-F1-1 /T1-F0-1 /T0-F0-1 /D:1     /W-T3-1  
/D:1     /W-F3-1  /T2-F3-1 /T1-F3-1 /T2-T0-1 /T2-F3-1 /T3-F3-1 /D:1     /W-F2-1  /T0-F2-1 
/T1-F2-1 /T2-F2-1 /D:1     /W-F1-1  /T0-F1-1 /T1-F1-1 /D:1     /W-F0-1  /T0-F0-1 
"
1011105,u#gq#lAP#McON#tVQze#iUSCdh#JHXjkLs#WZyIwYnfTvpbomaxFDKBRGEr,133.500000,2701.000000,38.000000,0.695402,1,"
minimal: 0 / states: 105 / duration: 0.000116s
history:
/T3-F3-1 /T3-F3-1 /T2-F3-1 /T2-F0-1 /T4-T6-1 /T1-T6-1 /T6-T1-3 /T3-T1-1 /T1-T0-5 /T4-T1-1 
/T4-F3-1 /T0-T4-6 /T2-T1-1 /D:2     /W-T0-1  /T6-T0-1 /T6-T0-1 /D:2     /W-T6-1  /T5-T6-1 
/D:1     /W-T0-1  /T4-T0-7 /T4-T6-1 /D:1     /W-T3-1  /D:1     /W-F2-1  /D:1     /W-T6-1  
/D:3     /W-T5-1  /D:1     /W-T5-1  /D:1     /W-F2-1  /D:1     /W-T2-1  /D:1     /W-F1-1  
/T5-F1-1 /T5-F2-1 /T0-F1-1 /T0-F2-1 /T5-F1-1 /T0-F1-1 /T6-F1-1 /D:1     /W-T1-1  /T6-T1-4 
/D:3     /W-T3-1  /D:1     /W-F0-1  /T5-F0-1 /W-F0-1  /T5-T1-1 /D:1     /W-F3-1  /T1-F3-1 
/D:1     /W-T5-1  /D:1     /W-F0-1  /W-F0-1  /T5-F0-1 /D:1     /W-F2-1  /T0-F2-1 /T0-F1-1 
/T1-F2-1 /T1-F1-1 /T5-T1-1 /T0-F2-1 /T5-F1-1 /W-F2-1  /W-F3-1  /T1-F3-1 /W-T2-1  /T6-T2-1 
/T6-F0-1 /T0-F3-1 /T0-F2-1 /T1-F0-1 /T1-F1-1 /T6-F0-1 /T0-F1-1 /W-F3-1  /T1-F2-1 /T2-F3-1 
/T2-F2-1 /T3-F0-1 /T0-F0-1 /T1-F1-1 /T2-F1-1 /T3-F3-1 /T0-F3-1 /T1-F2-1 /T3-F0-1 
"
1011110,z#NW#QHE#ZyVY#TvAXK#RktFhM#SUqBLfO#gsirJDGxemjpCPoldacIwubn,170.500000,2987.000000,52.000000,0.637615,1,"
minimal: 0 / states: 125 / duration: 0.000137s
history:
/T4-T3-1 /T3-T0-2 /T1-T0-1 /T1-F3-1 /T6-F3-1 /T5-T1-1 /T2-T6-1 /T2-T3-1 /T2-T6-1 /D:1     
/W-T3-1  /D:1     /W-T3-1  /D:3     /W-T4-1  /T3-T4-4 /T4-T3-6 /T4-F0-1 /T5-T4-1 /T4-T0-2 
/T5-T4-1 /T6-T5-3 /T5-T0-4 /T5-T6-1 /T5-T3-1 /D:1     /W-T3-1  /D:3     /W-T4-1  /D:1     
/W-T2-1  /T6-T2-2 /T6-F0-1 /T6-T4-1 /D:2     /W-T0-1  /D:1     /W-F0-1  /T3-F0-1 /D:1     
/W-F3-1  /D:2     /W-T1-1  /D:2     /W-F1-1  /D:1     /W-T4-1  /D:2     /W-T2-1  /D:2     
/W-F1-1  /T4-F1-1 /D:1     /W-F2-1  /R       /D:1     /W-T2-1  /D:2     /W-T6-1  /D:1     
/W-T1-1  /D:1     /W-T1-1  /D:1     /W-F2-1  /T0-F2-1 /T0-F3-1 /T4-F2-1 /T3-F3-1 /T0-F0-1 
/W-F2-1  /T3-F2-1 /T0-T6-1 /T0-F2-1 /D:1     /W-F1-1  /T4-F1-1 /T4-F0-1 /T6-F1-1 /T3-F1-1 
/T0-F1-1 /T6-T0-2 /T6-F3-1 /T0-F0-1 /T4-F3-1 /T0-F3-1 /T3-F0-1 /T2-F1-1 /T1-F1-1 /T3-F3-1 
/D:1     /W-F0-1  /T3-F0-1 /T0-T1-2 /T0-F0-1 /T2-T3-1 /T2-F1-1 /T2-F0-1 /T3-T2-3 /T1-T0-3 
/T1-F1-1 /T1-F0-1 /T2-T3-3 /T2-F1-1 /D:1     /W-F2-1  /T0-F2-1 /T0-F3-1 /T3-F2-1 /T0-F2-1 
/T3-F3-1 /T0-F3-1 /T3-F2-1 /T0-F2-1 /T3-F3-1 
"
1011120,P#yz#ZWa#whfm#boBnI#vLMJqC#VEgtRGY#iSexKDUrNdFujHXlsQpOTkcA,163.000000,5253.000000,53.000000,0.580952,1,"
minimal: 0 / states: 122 / duration: 0.000118s
history:
/T2-F1-1 /T6-T1-1 /T4-T2-1 /T4-F2-1 /T4-T0-1 /T4-F2-1 /T4-F1-1 /T3-T4-1 /T3-T6-1 /T6-T3-2 
/T3-T2-3 /D:1     /W-T3-1  /D:3     /W-T1-1  /T2-T1-5 /D:2     /W-T6-1  /T0-T6-2 /T1-T0-8 
/T1-T2-1 /D:2     /W-T0-1  /D:1     /W-F3-1  /D:1     /W-T0-1  /T5-T0-1 /D:2     /W-T3-1  
/D:3     /W-T2-1  /T3-T2-3 /D:4     /W-F2-1  /T5-F2-1 /D:1     /W-F3-1  /D:1     /W-T2-1  
/D:2     /W-F1-1  /D:1     /W-F0-1  /T6-F0-1 /T0-F0-1 /T0-F1-1 /T6-F3-1 /T6-F0-1 /T0-F2-1 
/R       /D:2     /W-F1-1  /T0-F1-1 /W-T0-1  /D:3     /W-T2-1  /T6-T2-1 /D:4     /W-F2-1  
/T6-F2-1 /T6-F1-1 /T6-F0-1 /T6-T5-1 /D:1     /W-F3-1  /T2-F3-1 /T0-F3-1 /T2-F0-1 /T0-F0-1 
/T0-F1-1 /T2-F3-1 /T2-F2-1 /T2-F1-1 /D:1     /R       /D:2     /W-F3-1  /T5-F3-1 /D:1     
/W-F1-1  /D:1     /W-F0-1  /T0-F0-1 /T5-F0-1 /T5-T1-1 /T5-T4-1 /T5-F2-1 /T0-F3-1 /T2-F2-1 
/T0-F2-1 /T2-F3-1 /W-F0-1  /T0-F3-1 /T2-F2-1 /T0-F2-1 /T2-F3-1 /T4-F0-1 /T1-F0-1 /D:2     
/W-F1-1  /W-F1-1  /T4-F1-1 
"
1011121,Z#iJ#wWy#OeuX#VRtbs#hUQKNv#fTjMHLS#GDYoFclnPaCgBpzkAEdmqrxI,126.000000,1476.000000,52.000000,0.596774,1,"
minimal: 0 / states: 122 / duration: 0.000130s
history:
/T3-T2-1 /T2-T0-2 /T5-T2-1 /T5-F3-1 /T1-T0-1 /T3-T1-1 /T2-T5-2 /T3-T4-1 /T3-F3-1 /T1-T0-2 
/D:2     /W-T4-1  /D:4     /W-T4-1  /D:2     /W-F2-1  /D:1     /W-F3-1  /D:1     /W-F1-1  
/D:2     /W-T0-1  /T4-T0-4 /T4-F1-1 /T6-T4-1 /T0-F1-1 /D:3     /W-T1-1  /D:1     /W-T6-1  
/T2-T6-1 /D:1     /W-F0-1  /D:1     /W-T4-1  /D:1     /W-F1-1  /D:1     /W-T2-1  /T6-T2-3 
/D:4     /R       /D:2     /W-T1-1  /T5-T1-3 /T5-F3-1 /T4-T5-3 /T4-F3-1 /T6-T4-1 /T6-T3-1 
/T5-T1-4 /W-T5-1  /T4-T2-2 /D:1     /W-F2-1  /D:2     /W-T3-1  /D:2     /W-F0-1  /W-F0-1  
/T0-F0-1 /T1-F0-1 /T0-F1-1 /W-F0-1  /T1-F3-1 /T5-F0-1 /T2-F0-1 /D:1     /W-F2-1  /D:1     
/W-F2-1  /D:1     /W-F2-1  /T0-F2-1 /T1-F2-1 /D:1     /W-T3-1  /T6-T3-1 /T6-F3-1 /T1-F3-1 
/T6-F1-1 /T0-F1-1 /T0-F2-1 /T2-F3-1 /T5-F1-1 /T0-F1-1 /T1-F2-1 /T2-F2-1 /T1-F3-1 /T3-F1-1 
/T3-F2-1 /T2-F1-1 /T3-F1-1 /T0-T2-2 /T0-F2-1 /T1-T3-2 /T1-F2-1 /T2-T0-3 /T2-F1-1 /D:1     
/W-F0-1  /T0-F0-1 /T0-F3-1 /T3-F0-1 /T0-F0-1 /T3-F3-1 /T0-F3-1 /T3-F0-1 
"
1011129,r#Vf#cly#npiA#aEFhk#QUYRmZ#qGXbeCx#wWjuLdtITvDBPKOHSMJNzsog,159.000000,2496.000000,45.000000,0.597701,1,"
minimal: 0 / states: 123 / duration: 0.000132s
history:
/T3-F0-1  /T4-T2-1  /T2-T5-2  /T6-T2-1  /T0-T1-1  /T5-T0-3  /D:1      /W-T0-1   /T3-T0-1  /D:1      
/W-T2-1   /D:2      /W-T0-1   /D:1      /W-T5-1   /D:1      /W-T1-1   /T6-T1-1  /D:1      /W-T4-1   
/T1-T4-4  /D:1      /W-T2-1   /T4-T2-6  /T6-T4-1  /T6-T2-1  /T6-T5-1  /D:1      /W-T0-1   /T4-T0-2  
/D:2      /W-T0-1   /D:1      /W-F0-1   /T2-T3-1  /T2-F0-1  /T3-T2-2  /T3-F2-1  /T5-T3-3  /T0-F0-1  
/T4-F0-1  /T4-F1-1  /T2-F1-1  /D:3      /W-T2-1   /D:1      /W-T1-1   /D:1      /W-T6-1   /D:1      
/W-T4-1   /T2-T4-11 /T2-F1-1  /D:1      /W-T3-1   /T1-T3-2  /D:1      /W-F3-1   /T4-F3-1  /D:1      
/W-T1-1   /D:2      /W-F2-1   /T4-F2-1  /T4-F1-1  /T0-F1-1  /T5-T0-1  /T5-T1-1  /T6-T5-2  /T6-F2-1  
/T4-F2-1  /T4-F1-1  /W-F2-1   /T4-F2-1  /T0-T3-3  /T0-F2-1  /W-T1-1   /W-F3-1   /W-F2-1   /W-T1-1   
/F2-T1-1  /T5-T1-3  /T5-F3-1  /T3-F3-1  /T1-F3-1  /T3-F0-1  /T1-F0-1  /T3-F3-1  /T1-F3-1  /T1-F2-1  
/T3-F0-1  /T3-F3-1  /T0-T3-1  /T0-F2-1  /T4-T1-2  /T4-F3-1  /T4-F2-1  /T3-T0-2  /T3-F3-1  /T0-T3-3  
/T0-F2-1  /T1-T4-4  /T1-F3-1  /T0-F3-1  /T1-F2-1  /D:1      /W-F1-1   /T4-F1-1  /T3-F1-1  /T4-F0-1  
/T3-F0-1  /T4-F1-1  /T3-F1-1  /T4-F0-1  /T3-F0-1  /T4-F1-1  /T3-F1-1  /T4-F0-1  
"
1011135,Z#Qt#Rxy#ViaP#AvHkl#EsMSeW#DdrBzON#GfInhuoYbgpcKTmXFUjqCJwL,124.500000,2087.000000,32.000000,0.729167,1,"
minimal: 0 / states: 116 / duration: 0.000115s
history:
/T6-F3-1 /T6-F3-1 /T3-F3-1 /T3-F1-1 /T4-T6-1 /T4-T2-1 /T2-T0-2 /T5-T2-1 /T4-T3-1 /T2-T6-2 
/T4-T6-1 /T4-F0-1 /T6-T4-5 /T6-F0-1 /D:2     /W-T1-1  /T6-T1-1 /T6-T1-1 /T6-T2-1 /D:2     
/W-F2-1  /D:1     /W-T4-1  /T1-T4-4 /T1-F3-1 /T2-T5-1 /T2-F3-1 /D:2     /W-F2-1  /D:2     
/W-F1-1  /D:1     /W-T3-1  /D:1     /W-F2-1  /D:1     /W-F1-1  /T4-F1-1 /D:3     /W-T1-1  
/D:2     /W-T3-1  /T5-T3-2 /T5-F3-1 /T5-T2-1 /D:3     /W-F2-1  /T4-F2-1 /T5-F2-1 /T5-T4-1 
/D:1     /W-F0-1  /T3-F0-1 /T3-F1-1 /T4-F0-1 /T3-F0-1 /T4-F1-1 /T3-F1-1 /T4-F2-1 /T4-F1-1 
/D:1     /W-T0-1  /T3-T0-2 /T0-T3-1 /T0-F1-1 /W-F1-1  /W-T4-1  /T3-T0-2 /D:2     /W-T1-1  
/R       /D:1     /W-F0-1  /T0-F0-1 /D:1     /W-F0-1  /D:1     /W-F2-1  /D:1     /W-T2-1  
/D:1     /W-T2-1  /D:1     /W-F3-1  /T4-F3-1 /T0-F3-1 /T0-F0-1 /T4-F2-1 /T4-F3-1 /T2-F0-1 
/T0-F1-1 /T1-F0-1 /T4-T2-1 /T4-F1-1 /T1-F1-1 /T2-T4-2 /T2-F0-1 /D:1     /W-F3-1  /D:1     
/W-F2-1  /T4-F2-1 /T0-F2-1 /T4-F3-1 /T0-F3-1 /T4-F2-1 
"
1011157,k#Rw#buz#VhKB#YInyN#GEfJLT#ajmOlAX#MSvxePtCDZsrQoUdHgqciFWp,61.500000,561.000000,18.000000,1.000000,1,"
minimal: 0 / states: 112 / duration: 0.000111s
history:
/T4-F3-1 /T6-T4-1 /T6-F0-1 /T3-F0-1 /T6-T2-1 /T6-F3-1 /T4-T6-2 /T4-F2-1 /T3-T2-1 /T1-T0-1 
/T3-T4-1 /T3-T0-1 /T2-T3-3 /T5-T2-1 /T2-T0-2 /T0-T5-5 /T6-T0-3 /T4-T6-2 /T6-T3-3 /T6-F1-1 
/T2-F1-1 /D:1     /W-T2-1  /T4-T2-1 /D:3     /W-T2-1  /D:2     /W-F3-1  /D:1     /W-T3-1  
/D:1     /W-F0-1  /D:1     /W-F0-1  /D:1     /W-T4-1  /T5-T4-6 /T5-T0-1 /T5-T3-1 /T5-F0-1 
/D:1     /W-T4-1  /W-T4-1  /D:1     /W-T3-1  /D:1     /W-F3-1  /T1-F3-1 /D:1     /W-F2-1  
/D:2     /W-T3-1  /D:3     /W-T4-1  /D:1     /W-F1-1  /T3-F1-1 /D:1     /W-T0-1  /D:1     
/W-F0-1  /T5-F0-1 /D:1     /W-T2-1  /D:1     /W-F2-1  /T4-F2-1 /T3-F2-1 /T4-F1-1 /T3-F1-1 
/T4-F2-1 /W-F1-1  /T3-F2-1 /T3-F1-1 /T0-F1-1 /W-F0-1  /T3-F0-1 /T0-F0-1 /T3-F1-1 /T3-F0-1 
/T4-T0-4 /T4-F1-1 /T3-F1-1 /T4-F0-1 /T0-T4-6 /T0-F1-1 /T2-T3-3 /T2-F0-1 /R       /D:1     
/W-F3-1  /T4-F3-1 /T4-F2-1 /D:1     /W-F2-1  /D:1     /W-F3-1  /T4-F3-1 /T3-F3-1 /T4-F2-1 
/T3-F2-1 /T4-F3-1 /T3-F3-1 /T4-F2-1 /T3-F2-1 /T4-F3-1 
"
1011159,N#QS#ETk#RXPz#sbFya#hYdOmB#uUxeiHn#JVrwcMqgGptCvlWZLDIAKjof,148.500000,2445.000000,50.000000,0.575269,1,"
minimal: 0 / states: 123 / duration: 0.000125s
history:
/T0-F3-1 /T4-F1-1 /T6-F2-1 /T3-T0-1 /T5-T3-1 /T4-T5-1 /T2-T5-1 /T4-T2-1 /T4-F1-1 /T2-T6-2 
/T2-T1-1 /T5-T2-3 /T5-F3-1 /T5-T1-1 /T5-T0-1 /D:1     /W-T2-1  /D:1     /W-T2-1  /T6-T2-3 
/D:3     /W-F1-1  /T1-F1-1 /D:4     /W-T5-1  /T1-T5-2 /T1-T5-1 /D:1     /W-T5-1  /D:6     
/W-T1-1  /D:1     /W-T1-1  /D:3     /W-F0-1  /T3-F0-1 /T3-F3-1 /T3-T1-1 /T3-T2-1 /D:1     
/W-T0-1  /D:1     /W-T0-1  /W-T0-1  /W-T2-1  /T5-T0-6 /D:1     /W-F2-1  /T0-F2-1 /T0-F3-1 
/D:1     /R       /D:2     /W-T1-1  /T6-T1-1 /T6-F1-1 /D:1     /W-T3-1  /D:1     /W-F2-1  
/W-F2-1  /T4-F2-1 /D:2     /W-F2-1  /D:1     /W-F0-1  /T2-F0-1 /T0-F0-1 /T2-F3-1 /T0-F3-1 
/T2-F0-1 /T2-F3-1 /T0-F0-1 /T2-F0-1 /D:2     /W-T3-1  /T6-T3-1 /T6-F3-1 /T2-F3-1 /T6-F2-1 
/W-F2-1  /T1-T2-1 /T1-F2-1 /T3-F2-1 /D:1     /W-F3-1  /T1-F3-1 /T0-T3-4 /T0-F3-1 /T2-T1-3 
/T2-F2-1 /T0-F2-1 /T1-T2-4 /T1-F3-1 /D:1     /W-F1-1  /W-F1-1  /T3-F1-1 /T2-F1-1 /T3-F0-1 
/T2-F0-1 /T3-F1-1 /T2-F1-1 /T3-F0-1 /T2-F0-1 /T3-F1-1 /T2-F1-1 /T3-F0-1 
"
1011165,F#TA#ybZ#oPpL#huKia#vDWsHB#qVjkdxQ#eIJgMXOcNYzSwGtrUEmnlfRC,122.500000,2236.000000,54.000000,0.557895,1,"
minimal: 0 / states: 133 / duration: 0.000136s
history:
/T1-F0-1 /T4-F1-1 /T5-F0-1 /T5-T4-1 /T3-T2-1 /T5-T1-1 /T3-T6-1 /T1-T4-2 /T2-T1-2 /T2-F1-1 
/D:1     /W-T0-1  /D:1     /W-T5-1  /D:4     /W-T1-1  /D:1     /W-T6-1  /D:1     /W-F1-1  
/D:1     /W-F3-1  /T6-F3-1 /T3-F3-1 /D:4     /W-T1-1  /T4-T1-4 /T5-T4-2 /T5-T0-1 /D:4     
/W-T4-1  /D:3     /W-F2-1  /T3-F2-1 /T6-F2-1 /T6-F3-1 /W-T3-1  /T2-T3-1 /D:3     /W-F3-1  
/D:1     /W-F0-1  /T0-F0-1 /R       /D:3     /W-T2-1  /D:1     /W-T2-1  /T6-T2-1 /T6-F1-1 
/T6-T3-1 /T6-T2-1 /T0-F1-1 /T5-T2-1 /D:1     /W-T5-1  /D:1     /W-F3-1  /D:1     /W-T4-1  
/D:3     /W-F0-1  /T0-F0-1 /T4-F0-1 /D:1     /W-T5-1  /T4-T5-4 /T4-T6-1 /T1-T6-2 /T1-F0-1 
/T5-T2-1 /T5-F0-1 /D:1     /W-F1-1  /R       /D:1     /W-T3-1  /T6-T3-4 /T6-F2-1 /D:1     
/W-F1-1  /T4-F1-1 /T1-F1-1 /T2-T5-2 /T2-F1-1 /T3-T1-4 /T3-F0-1 /T3-F1-1 /T5-T2-3 /T5-F0-1 
/T5-F1-1 /T1-T3-6 /T1-F0-1 /T2-T5-5 /T2-F0-1 /T3-T1-7 /T3-F1-1 /D:1     /W-T5-1  /D:1     
/W-F2-1  /T1-F2-1 /T1-F3-1 /T5-F2-1 /T1-F2-1 /T5-F3-1 /T1-F3-1 /T5-F2-1 /T1-F2-1 /T5-F3-1 
/T1-F3-1 /T5-F2-1 /T1-F2-1 /T5-F3-1 /T1-F3-1 /T5-F2-1 
"
1011175,V#Sw#pzc#Biqn#bGmZM#YsONuy#vxhaQEA#DTFPUWHeIJKgjCLltrfRodkX,107.000000,2160.000000,53.000000,0.555556,1,"
minimal: 0 / states: 132 / duration: 0.000133s
history:
/T3-F2-1  /T6-F0-1  /T2-T3-1  /T0-T1-1  /T4-T0-1  /T5-T4-1  /T5-T1-1  /T5-F3-1  /T5-F3-1  /D:2      
/W-T1-1   /T5-T1-1  /T5-T0-1  /T4-T5-2  /D:2      /W-F3-1   /D:4      /W-T1-1   /T3-T1-2  /W-T3-1   
/D:3      /W-T0-1   /D:1      /W-T3-1   /D:1      /W-T0-1   /D:2      /W-T4-1   /D:1      /W-T2-1   
/D:5      /W-F2-1   /D:1      /W-T6-1   /D:1      /W-T4-1   /T1-T4-8  /T6-T1-2  /T6-F3-1  /T6-F1-1  
/W-F3-1   /D:1      /W-T5-1   /R        /D:2      /W-T3-1   /D:3      /W-T0-1   /T6-T0-1  /T6-T2-1  
/W-T2-1   /T6-T2-1  /T4-T6-11 /T4-T0-1  /T4-F1-1  /T2-T4-5  /T2-F2-1  /T6-F1-1  /T6-F2-1  /T1-F1-1  
/T6-F1-1  /W-T4-1   /T1-T0-2  /D:1      /W-T5-1   /T3-T5-4  /T3-F0-1  /D:1      /W-F0-1   /W-F0-1   
/T0-F0-1  /T5-F0-1  /T0-F3-1  /T0-F0-1  /T6-T5-1  /T6-F3-1  /T4-F3-1  /T5-T6-2  /T5-F0-1  /T0-T4-1  
/T0-F0-1  /T6-T5-3  /T6-F3-1  /T4-T0-2  /T4-F3-1  /T5-T6-4  /T5-F0-1  /T5-F3-1  /T0-T4-3  /T0-F0-1  
/T0-F3-1  /T6-T5-6  /T6-F0-1  /T0-F0-1  /T5-T6-7  /T5-F3-1  /D:1      /W-T4-1   /D:1      /W-F2-1   
/T6-F2-1  /T4-F2-1  /D:1      /W-F1-1   /T6-F1-1  /T4-F1-1  /T6-F2-1  /T4-F2-1  /T6-F1-1  /T4-F1-1  
/T6-F2-1  /T4-F2-1  /T6-F1-1  /T4-F1-1  /T6-F2-1  /T4-F2-1  /T6-F1-1  
"
1011204,z#WX#lmf#aqGp#SEeJy#RBoHrN#iTdVnvY#cjIsbULuMAFQPwKZCxDgkhOt,71.500000,391.000000,14.000000,1.115385,1,"
minimal: 0 / states: 124 / duration: 0.000127s
history:
/T5-F3-1 /T6-T0-1 /T5-T2-1 /T1-T4-1 /T6-T1-1 /T6-F2-1 /T5-T6-1 /T5-F2-1 /T3-F2-1 /T2-T3-2 
/T4-T2-2 /T4-T2-1 /T6-T2-2 /T6-T3-1 /T6-T2-1 /D:4     /W-T2-1  /T4-T2-1 /D:2     /W-T1-1  
/T3-T1-4 /T3-F2-1 /T3-F1-1 /W-F1-1  /T2-T3-9 /T1-T4-1 /T1-F2-1 /T4-T1-2 /D:2     /W-T6-1  
/D:2     /W-F0-1  /T5-F0-1 /D:5     /W-T0-1  /T1-T0-7 /D:1     /W-T1-1  /D:1     /W-F0-1  
/D:1     /W-T2-1  /D:1     /W-F0-1  /D:1     /W-T6-1  /D:3     /W-F3-1  /D:1     /R       
/D:1     /W-F1-1  /T0-F1-1 /T3-F1-1 /T0-F0-1 /T0-F1-1 /T3-F2-1 /T6-F1-1 /T4-T0-1 /D:1     
/W-T2-1  /D:1     /W-T2-1  /D:1     /W-T1-1  /D:1     /W-T4-1  /T2-T4-4 /D:1     /W-F0-1  
/D:2     /W-F3-1  /W-F3-1  /T5-F3-1 /T0-F3-1 /T0-F0-1 /T3-F3-1 /T3-F0-1 /T0-F3-1 /T3-F3-1 
/T4-F0-1 /T3-F0-1 /T0-T4-1 /T0-F3-1 /T0-F0-1 /T1-F0-1 /T3-F3-1 /T0-F3-1 /T1-F3-1 /T4-T0-4 
/T4-F0-1 /D:2     /W-T3-1  /W-T3-1  /T6-T3-2 /D:1     /W-F1-1  /D:1     /W-F2-1  /T3-F2-1 
/T0-F2-1 /T3-F1-1 /T0-F1-1 /T3-F2-1 /T0-F2-1 /T3-F1-1 /T0-F1-1 /T3-F2-1 /T0-F2-1 /T3-F1-1 
"
1011205,G#bo#QZN#kSKI#fCtFa#JUxWMA#EveDBlq#dHOpnsXzYRcwiTugjhVLyrPm,142.000000,1273.000000,46.000000,0.631868,1,"
minimal: 0 / states: 117 / duration: 0.000129s
history:
/T2-F3-1 /T4-F1-1 /T5-F0-1 /D:3     /W-F3-1  /D:2     /W-F2-1  /T1-F2-1 /T1-F1-1 /W-F2-1  
/T6-F2-1 /T6-T5-1 /T6-F0-1 /T5-T1-2 /T3-T5-1 /T5-T3-2 /T3-T1-3 /T3-T0-1 /D:5     /W-T4-1  
/T6-T4-1 /D:1     /W-F1-1  /D:1     /W-T3-1  /D:1     /W-T3-1  /D:2     /W-T3-1  /W-T3-1  
/T4-T3-3 /D:2     /W-T5-1  /D:1     /W-T1-1  /T4-T1-1 /T4-F0-1 /T4-T1-1 /T2-T4-1 /T3-F0-1 
/D:2     /W-T4-1  /T3-T4-7 /D:2     /W-F2-1  /D:1     /W-F3-1  /T2-F3-1 /T4-F3-1 /T6-T4-1 
/T6-T5-1 /T0-F3-1 /T6-F0-1 /D:1     /W-T2-1  /W-T2-1  /R       /D:1     /W-F1-1  /T4-F1-1 
/T1-F1-1 /T4-F0-1 /T0-F0-1 /T4-F3-1 /D:1     /W-F0-1  /T1-T5-2 /T1-F0-1 /D:1     /W-F2-1  
/T5-F2-1 /T4-F2-1 /D:1     /W-T2-1  /D:1     /W-T0-1  /D:1     /W-T0-1  /T5-T0-4 /T5-F3-1 
/T5-F0-1 /D:1     /W-F1-1  /T0-F1-1 /T0-F2-1 /T4-F1-1 /T0-F1-1 /T4-F2-1 /T4-F1-1 /T0-F2-1 
/T1-T0-2 /T1-F1-1 /T2-T4-1 /T2-F2-1 /T2-F1-1 /T0-T1-3 /T0-F2-1 /D:1     /W-F3-1  /T1-F3-1 
/T1-F0-1 /T4-F3-1 /T1-F3-1 /T4-F0-1 /T1-F0-1 /T4-F3-1 
"
1011300,v#xg#bhi#YTra#OHUcu#ksVpKm#JPEeZMt#qfjILlFzoABdXwyGCNSWRnQD,102.500000,1953.000000,43.000000,0.677215,1,"
minimal: 0 / states: 115 / duration: 0.000127s
history:
/T3-F1-1 /T4-T2-1 /T1-T2-1 /D:2     /W-T6-1  /T3-T6-1 /D:1     /W-T1-1  /T0-T1-1 /T5-T0-1 
/D:2     /W-T0-1  /D:2     /W-T2-1  /D:2     /W-T4-1  /D:1     /W-F0-1  /D:1     /W-F0-1  
/D:1     /W-T6-1  /D:1     /W-T0-1  /D:1     /W-T0-1  /T2-T0-4 /T6-T2-4 /T2-T1-5 /T2-F1-1 
/T6-T2-1 /D:1     /W-T6-1  /D:2     /W-F0-1  /D:1     /W-F3-1  /D:2     /W-T5-1  /D:1     
/W-T0-1  /D:1     /W-F2-1  /T4-F2-1 /T4-F1-1 /T1-F1-1 /D:1     /W-T1-1  /D:1     /W-F0-1  
/R       /D:1     /W-T0-1  /D:1     /W-T5-1  /T4-T5-1 /T3-T4-1 /T5-T3-4 /T5-F2-1 /T4-T5-2 
/T4-F3-1 /T6-T4-2 /T6-F1-1 /T6-F0-1 /T6-F3-1 /T0-F2-1 /T1-F3-1 /T0-F3-1 /T0-F0-1 /T1-F2-1 
/T1-F1-1 /T5-T6-3 /T5-F2-1 /T0-F1-1 /T1-F2-1 /T0-F2-1 /T1-F1-1 /T0-F1-1 /T1-F2-1 /T0-F2-1 
/T1-F1-1 /T1-F2-1 /T4-F2-1 /T5-F1-1 /T3-T2-5 /T6-T0-4 /D:1     /W-F1-1  /T0-T4-6 /T0-F1-1 
/D:1     /W-F2-1  /D:1     /W-F0-1  /D:1     /W-F3-1  /T4-F3-1 /T2-F3-1 /T4-F0-1 /T2-F0-1 
/T4-F3-1 /T2-F3-1 /T4-F0-1 /T2-F0-1 /T4-F3-1 /T2-F3-1 /T4-F0-1 /T2-F0-1 /T4-F3-1 
"
1011308,H#Wy#Irl#BAon#zELbN#vjXaJk#PFVMtCZ#TGuhOKSedgwqQcsmRpDUYixf,82.000000,642.000000,32.000000,0.785714,1,"
minimal: 0 / states: 108 / duration: 0.000124s
history:
/T3-F2-1 /T3-F2-1 /T3-F0-1 /T3-F0-1 /T4-F3-1 /T6-T3-1 /T6-F0-1 /T5-T1-1 /T5-T1-1 /T5-F1-1 
/T4-F1-1 /T4-T3-1 /T5-T3-1 /D:1     /W-T0-1  /D:4     /W-F3-1  /D:1     /W-T2-1  /T5-T2-1 
/W-T5-1  /T6-T5-1 /T2-T6-3 /T5-T6-3 /T6-T5-7 /T6-T1-1 /T6-T0-1 /T6-F3-1 /W-T1-1  /D:1     
/W-T5-1  /T2-T5-1 /D:1     /W-T0-1  /D:1     /W-T4-1  /D:1     /W-T1-1  /D:1     /W-T3-1  
/D:1     /W-T0-1  /D:1     /W-F3-1  /D:1     /W-F1-1  /T4-F1-1 /D:1     /W-T1-1  /D:1     
/W-T6-1  /T1-T6-7 /T2-T1-1 /D:1     /W-F3-1  /D:1     /W-F2-1  /T0-F2-1 /T5-F2-1 /T4-T5-1 
/T0-F1-1 /T6-F2-1 /D:1     /W-F0-1  /T5-F0-1 /T0-F0-1 /T5-F3-1 /T0-F3-1 /T5-F2-1 /W-F0-1  
/T0-F0-1 /T1-F0-1 /T6-T3-3 /T6-F0-1 /D:1     /W-F3-1  /D:1     /W-T4-1  /D:2     /W-T4-1  
/T5-T4-3 /T5-F0-1 /D:1     /W-F1-1  /T3-F1-1 /T3-F2-1 /T3-F3-1 /T4-F1-1 /T4-F2-1 /T1-F3-1 
/W-F1-1  /T3-F2-1 /T3-F3-1 /T4-F1-1 /T4-F2-1 /T4-F3-1 /T6-F1-1 /T3-F0-1 /T5-F1-1 /T5-F0-1 
/T6-F2-1 /T3-F3-1 /T4-F2-1 /T6-F1-1 
"
1011316,O#Ll#hnY#uUAN#QrpxV#JyZTCv#HsmEqdW#keiawczfIDXgjPMRtSFoBGKb,82.500000,1717.000000,40.000000,0.683099,1,"
minimal: 0 / states: 120 / duration: 0.000132s
history:
/T3-F3-1 /T0-F3-1 /T3-F0-1 /T5-T6-1 /T3-T6-1 /T3-T4-1 /D:4     /W-F1-1  /D:3     /W-T0-1  
/T2-T0-1 /T2-F2-1 /D:5     /W-T4-1  /D:2     /W-F3-1  /D:1     /W-T3-1  /T1-T3-1 /D:2     
/W-T2-1  /D:1     /W-T2-1  /D:1     /W-T4-1  /W-T4-1  /D:1     /W-F2-1  /D:1     /W-F0-1  
/T5-F0-1 /D:1     /W-T6-1  /D:1     /W-T0-1  /T6-T0-4 /D:1     /W-F1-1  /R       /D:1     
/W-T1-1  /D:3     /W-T1-1  /T4-T1-5 /T4-T3-1 /T4-F2-1 /T6-T4-1 /T6-F2-1 /T6-T2-1 /T4-T2-1 
/T4-F2-1 /T4-F3-1 /T6-T4-1 /T6-F2-1 /T5-T6-1 /T1-T4-8 /T5-T1-1 /T5-T1-1 /T4-F3-1 /T2-T0-3 
/T2-F2-1 /W-T5-1  /W-T4-1  /T6-T5-2 /D:1     /W-F1-1  /T0-F1-1 /T4-F1-1 /D:1     /W-F1-1  
/T4-T5-1 /T4-F1-1 /T2-F1-1 /T4-F2-1 /T5-T4-3 /T5-F1-1 /D:2     /W-F0-1  /T0-F0-1 /T0-F3-1 
/T4-F0-1 /T0-F0-1 /T4-F3-1 /T0-F3-1 /T0-F2-1 /T4-F0-1 /T4-F3-1 /T4-F2-1 /W-F0-1  /T0-F3-1 
/T5-F0-1 /T0-F0-1 /T3-F2-1 /T1-F2-1 /D:1     /W-F3-1  /T0-F3-1 /T0-F2-1 /T1-F3-1 /D:1     
/W-F1-1  /T4-F1-1 /T3-F1-1 /T4-F0-1 /T3-F0-1 /T4-F1-1 
"
1011329,u#QG#FOl#grhK#XWxdz#ijqZoA#ESeRIYb#JDPTpVCmMnkaUvBLcwstyNfH,114.500000,1491.000000,41.000000,0.615385,1,"
minimal: 0 / states: 130 / duration: 0.000131s
history:
/T5-F0-1 /T3-T2-1 /T2-T4-2 /T1-T3-1 /D:4     /W-T0-1  /D:1     /W-T1-1  /T6-T1-1 /D:5     
/W-F2-1  /T5-F2-1 /D:2     /W-F1-1  /T1-F1-1 /T2-T1-1 /T2-T0-1 /T4-T2-3 /D:3     /W-F0-1  
/D:1     /W-T5-1  /D:1     /W-F1-1  /T4-F1-1 /T4-T6-1 /T4-T2-1 /T4-T5-1 /T5-T4-3 /W-T2-1  
/T3-T2-2 /T1-T3-3 /D:1     /W-T4-1  /D:4     /W-F3-1  /T3-F3-1 /T3-F2-1 /T5-F2-1 /T5-T6-1 
/T0-T5-3 /T5-T4-4 /D:1     /W-T2-1  /T3-T2-2 /D:1     /R       /D:3     /W-F3-1  /T2-F3-1 
/T2-F2-1 /D:2     /W-F0-1  /D:1     /W-T0-1  /D:1     /W-T1-1  /T6-T1-3 /T6-T1-1 /T6-F3-1 
/T6-F1-1 /T6-F3-1 /T2-F1-1 /T3-F1-1 /D:2     /W-T1-1  /T2-T1-1 /T2-F1-1 /D:1     /W-F2-1  
/D:1     /W-F2-1  /D:1     /W-T0-1  /W-T0-1  /D:1     /R       /D:1     /W-T0-1  /D:1     
/W-F0-1  /T6-F0-1 /T4-F0-1 /T1-F0-1 /T4-F3-1 /T1-F3-1 /T4-F2-1 /T2-F2-1 /T4-F1-1 /T4-F2-1 
/T1-T2-1 /T1-F1-1 /T1-F2-1 /T0-T4-1 /T0-F1-1 /T0-F2-1 /T2-T1-3 /T2-F1-1 /T0-F1-1 /T2-F2-1 
/D:1     /W-F3-1  /D:1     /W-F0-1  /T1-F0-1 /T1-F3-1 /T4-F0-1 /T1-F0-1 /T4-F3-1 /T1-F3-1 
/T4-F0-1 /T1-F0-1 /T4-F3-1 
"
1011347,N#iO#HCQ#knPf#VgSYI#uZwKxm#cztpGXD#eAUBlTMjErWvdFRLsJhqyoba,145.500000,1322.000000,47.000000,0.601124,1,"
minimal: 0 / states: 123 / duration: 0.000137s
history:
/T0-F3-1 /T1-F3-1 /T5-T0-1 /D:2     /W-F0-1  /D:1     /W-T4-1  /D:1     /W-F0-1  /D:4     
/W-T5-1  /T4-T5-2 /T5-T4-4 /D:1     /W-T3-1  /T2-T3-1 /T2-F0-1 /T6-F0-1 /T2-T1-1 /W-T2-1  
/T4-T2-5 /W-T1-1  /D:1     /W-T4-1  /T3-T4-1 /T3-F0-1 /D:1     /W-T5-1  /D:1     /W-T5-1  
/D:2     /W-F0-1  /D:2     /W-T0-1  /T6-T0-1 /T6-F0-1 /T6-T4-1 /T3-T6-1 /T3-F3-1 /T3-F2-1 
/T6-T2-2 /D:1     /W-T1-1  /W-T1-1  /D:1     /W-T0-1  /T1-T0-5 /T6-T1-1 /D:1     /W-T5-1  
/F0-T5-1 /T4-T5-4 /D:1     /W-T0-1  /T6-T0-1 /D:2     /W-F2-1  /T5-F2-1 /T5-F3-1 /D:2     
/W-F1-1  /W-F1-1  /T0-F1-1 /T0-F2-1 /T0-F3-1 /T5-F2-1 /T5-F3-1 /T0-F2-1 /T0-F3-1 /T4-T0-1 
/T5-F0-1 /T2-T5-2 /T2-F3-1 /T4-F3-1 /R       /D:2     /W-T1-1  /T5-T1-6 /T5-T3-1 /T5-T4-1 
/T0-T5-1 /T0-F0-1 /T2-F0-1 /T0-T3-1 /T0-F0-1 /T1-T2-4 /T1-F3-1 /T0-F3-1 /T1-F0-1 /T0-F0-1 
/T2-T1-6 /T2-F3-1 /T2-F0-1 /T4-F3-1 /T5-T3-2 /D:1     /W-F1-1  /W-F1-1  /T1-F1-1 /T1-F2-1 
/T3-F1-1 /T1-F1-1 /T3-F2-1 /T1-F2-1 /T3-F1-1 /T1-F1-1 /T3-F2-1 /T1-F2-1 /T3-F1-1 /T1-F1-1 
/T0-F1-1 /D:1     /W-F2-1  /T1-F2-1 
"
1011358,a#bn#hfG#FLuO#DemCU#KBVEwX#gSPctyo#HrqzYvWQdklANisTIJMjZRpx,116.000000,2557.000000,37.000000,0.682432,1,"
minimal: 0 / states: 117 / duration: 0.000122s
history:
/T0-F1-1 /T1-F2-1 /T1-F1-1 /T6-F2-1 /T5-T6-1 /T5-T6-1 /T2-T4-1 /T5-T2-1 /T5-T6-1 /T2-T4-2 
/D:1     /W-T6-1  /D:3     /W-T0-1  /D:1     /W-T0-1  /D:3     /W-T4-1  /D:4     /W-F0-1  
/T5-F0-1 /T5-T0-1 /D:1     /W-F3-1  /T3-F3-1 /D:3     /W-T3-1  /W-T3-1  /D:3     /W-T1-1  
/D:1     /W-T0-1  /D:1     /W-T5-1  /T6-T5-5 /T6-T2-1 /T6-F1-1 /T6-F3-1 /T6-T2-1 /T4-F3-1 
/T6-T5-1 /D:1     /W-F3-1  /T2-F3-1 /T3-T5-1 /T3-F3-1 /D:1     /W-F2-1  /D:1     /R       
/D:2     /W-F2-1  /W-F2-1  /T5-F2-1 /T2-F2-1 /T3-F2-1 /T4-T2-3 /T4-F3-1 /T4-F0-1 /T4-T6-1 
/T3-T6-1 /T4-T3-1 /T4-F0-1 /T2-F0-1 /T3-T5-2 /D:1     /W-F2-1  /D:2     /W-F1-1  /T5-F1-1 
/T2-F1-1 /T5-F0-1 /T2-F0-1 /T5-F1-1 /T2-F1-1 /T5-F0-1 /T5-F3-1 /T5-F2-1 /W-F3-1  /T5-F3-1 
/D:1     /W-T5-1  /D:1     /W-T1-1  /T0-T1-2 /T0-F3-1 /D:1     /W-F1-1  /T1-F1-1 /T5-F1-1 
/D:1     /W-F0-1  /D:1     /W-F0-1  /T1-F0-1 /T6-F0-1 /T1-F1-1 /T1-F0-1 /T6-F1-1 /D:1     
/W-F2-1  /T5-F2-1 /T0-F2-1 /T5-F3-1 
"
1011360,Y#yb#Mmw#Ldgx#CBRqZ#rFcpNa#DWKOfkj#XtlTEUhnsPIJziHVAoQuevGS,117.500000,1341.000000,45.000000,0.631250,1,"
minimal: 0 / states: 122 / duration: 0.000129s
history:
/T5-F1-1 /T1-F1-1 /T5-F3-1 /T6-T3-1 /T6-T1-1 /T3-T0-2 /T2-T1-1 /T1-T2-3 /T4-T1-1 /D:5     
/W-T6-1  /D:3     /W-F2-1  /D:1     /W-T3-1  /D:1     /W-T4-1  /D:1     /W-T0-1  /W-T0-1  
/D:3     /W-T2-1  /D:1     /W-T2-1  /T3-T2-2 /T5-T3-1 /T5-F1-1 /T3-T6-2 /T3-T1-1 /T2-T3-8 
/T0-T2-5 /W-T0-1  /D:2     /W-F0-1  /D:1     /W-F2-1  /T6-F2-1 /T6-F1-1 /D:1     /W-T6-1  
/D:2     /W-T3-1  /T4-T3-2 /T4-T5-1 /T4-F0-1 /T4-F0-1 /T3-T5-2 /T3-F1-1 /D:2     /W-T2-1  
/T6-T2-3 /T6-F3-1 /T5-F3-1 /T2-F3-1 /T5-F2-1 /T5-F3-1 /D:1     /W-F3-1  /R       /D:1     
/W-T1-1  /D:2     /W-T0-1  /T6-T0-1 /T6-T0-1 /T6-F0-1 /T2-F0-1 /T5-F0-1 /T5-F2-1 /T2-F1-1 
/T2-F0-1 /T3-F2-1 /T3-F1-1 /W-F2-1  /T2-F1-1 /T3-F0-1 /T2-F0-1 /T3-F1-1 /T2-F1-1 /T3-T1-1 
/T3-F1-1 /D:1     /W-F3-1  /D:1     /W-F3-1  /D:1     /W-F0-1  /T0-T2-1 /T0-F0-1 /T0-F1-1 
/T1-T3-2 /T1-F0-1 /T2-T0-3 /T2-F0-1 /T3-T1-3 /T3-F1-1 /D:1     /W-F3-1  /T0-F3-1 /D:1     
/W-F2-1  /D:1     /W-F2-1  /T1-F2-1 /T0-F2-1 /T1-F3-1 /T0-F3-1 /T1-F2-1 /T0-F2-1 /T1-F3-1 
"
1011372,N#Uv#bVw#TQgH#PBeRK#xpGMnt#dZArIcl#uDEsmLWqFXkYOSjiJfoyhaCz,121.000000,1023.000000,52.000000,0.588235,1,"
minimal: 0 / states: 129 / duration: 0.000145s
history:
/T0-F3-1 /T4-T6-1 /D:2     /W-T4-1  /D:3     /W-T0-1  /D:1     /W-T0-1  /D:1     /W-T6-1  
/T1-T6-1 /T5-T1-1 /T5-F2-1 /T6-T5-4 /T6-T4-1 /T1-T5-2 /T5-T1-7 /D:3     /W-T0-1  /T2-T0-1 
/T3-T2-1 /T3-T2-1 /T2-T0-3 /W-T0-1  /T4-T0-3 /W-T4-1  /D:3     /W-F3-1  /D:1     /W-T1-1  
/D:4     /W-T5-1  /D:1     /W-F2-1  /D:2     /W-T6-1  /T5-T6-2 /T5-F2-1 /T4-F2-1 /D:1     
/W-F1-1  /T2-F1-1 /T0-F1-1 /D:1     /W-T3-1  /D:1     /W-T2-1  /R       /D:2     /W-T1-1  
/T3-T1-2 /D:1     /W-T3-1  /T4-T3-1 /F1-T0-1 /T4-T0-1 /T4-F3-1 /D:2     /W-T2-1  /T5-T2-1 
/D:1     /W-T2-1  /T6-T2-4 /T6-F2-1 /T6-F0-1 /T0-F0-1 /T0-F1-1 /T1-F0-1 /T0-F0-1 /T1-F3-1 
/T0-F3-1 /T6-T4-1 /T6-F1-1 /T1-F0-1 /T1-F3-1 /T3-F1-1 /T0-F0-1 /T2-F1-1 /T2-F0-1 /T3-F2-1 
/T0-F1-1 /T1-F2-1 /T2-F1-1 /T3-F3-1 /T0-F0-1 /T1-F3-1 /T2-F0-1 /T0-F3-1 /T1-T2-1 /T1-F3-1 
/D:1     /W-F1-1  /D:1     /W-F0-1  /T1-F0-1 /D:1     /W-T4-1  /T0-T4-2 /T0-F0-1 /R       
/D:1     /W-F2-1  /T2-F2-1 /T2-F1-1 /T4-F2-1 /T2-F2-1 /T4-F3-1 /T2-F3-1 /T4-F2-1 /T4-F3-1 
/T2-F2-1 /D:1     /W-F1-1  /T1-F1-1 /T0-F1-1 /T1-F0-1 
"
1011373,Y#Ta#gtL#QuXA#KRWmN#SqVwcP#fkDxZes#boiMnlBdEyHzFpJUIGCjOrhv,99.000000,772.000000,30.000000,0.729508,1,"
minimal: 0 / states: 120 / duration: 0.000119s
history:
/T1-F1-1  /T3-F0-1  /T4-F3-1  /T6-T1-1  /T6-T1-1  /T2-T4-1  /T3-T4-1  /T1-T3-3  /T6-T1-1  /T6-T0-1  
/T5-T6-1  /T6-T3-2  /D:1      /W-F1-1   /T5-F1-1  /T5-T4-1  /T5-T4-1  /T3-T4-6  /D:1      /W-T4-1   
/D:3      /W-F2-1   /T4-F2-1  /D:2      /W-F0-1   /D:1      /W-F1-1   /D:2      /W-T1-1   /T6-T1-1  
/T6-T2-1  /T4-T6-11 /T4-T0-1  /T5-T4-1  /W-T2-1   /T3-T2-1  /D:2      /W-T3-1   /T0-T3-3  /D:2      
/W-F2-1   /T4-F2-1  /T6-T4-2  /T6-F1-1  /T4-T6-3  /T2-T5-2  /T2-F1-1  /T5-T2-3  /D:1      /W-T1-1   
/D:2      /W-T3-1   /W-T3-1   /T2-T3-4  /T2-F1-1  /D:2      /W-F0-1   /D:1      /W-T4-1   /D:1      
/W-F3-1   /T6-F3-1  /T3-F3-1  /T6-F0-1  /T3-F0-1  /T6-F3-1  /T3-F3-1  /D:1      /W-F2-1   /T6-F2-1  
/T3-F2-1  /T6-F3-1  /T6-F2-1  /T3-F3-1  /T6-F3-1  /T3-T4-1  /T3-F3-1  /D:1      /W-F1-1   /D:1      
/W-F2-1   /T6-F2-1  /T3-F2-1  /T6-F3-1  /T3-F3-1  /T1-T6-2  /T1-F2-1  /T1-F3-1  /T3-F2-1  /R        
/D:1      /W-F1-1   /D:1      /W-T0-1   /D:1      /W-T0-1   /T4-T0-3  /D:2      /W-F0-1   /D:1      
/W-F0-1   /W-F0-1   /T0-F0-1  /T0-F1-1  /T6-F0-1  /T0-F0-1  /T6-F1-1  /T0-F1-1  /T6-F0-1  /T0-F0-1  
/T6-F1-1  
"
1011392,I#Vv#PHX#bkCN#poWRw#trBLhA#DSFflOZ#iyeUqQYGJcsMgnzuEmKdxjTa,131.500000,3414.000000,64.000000,0.511111,1,"
minimal: 0 / states: 127 / duration: 0.000138s
history:
/T3-F3-1 /T5-F0-1 /T4-T2-1 /T5-T0-1 /T5-T6-1 /T5-F0-1 /T3-F0-1 /T2-T6-2 /D:1     /W-T6-1  
/T2-T6-1 /D:3     /W-T1-1  /D:1     /W-T4-1  /T2-T4-1 /T6-T2-6 /T6-F3-1 /T4-F3-1 /D:1     
/W-F3-1  /D:2     /W-T0-1  /D:1     /W-T3-1  /D:1     /W-T4-1  /D:3     /W-T2-1  /D:1     
/W-F2-1  /D:5     /W-T6-1  /D:1     /W-T5-1  /D:2     /W-T6-1  /T1-T6-2 /T1-T3-1 /D:2     
/W-F1-1  /R       /D:4     /W-T2-1  /T4-T2-3 /T0-T4-3 /D:1     /W-T0-1  /T6-T0-5 /T6-T4-1 
/T5-T4-2 /T5-T0-1 /D:1     /W-T1-1  /W-T1-1  /W-T6-1  /T2-T6-2 /T2-F3-1 /D:1     /W-T3-1  
/D:2     /W-T5-1  /D:1     /W-T1-1  /T4-T1-7 /T4-F2-1 /T4-F2-1 /D:1     /W-T3-1  /T6-T3-4 
/T6-F3-1 /T6-F0-1 /W-F0-1  /W-T5-1  /T3-T5-9 /T3-F1-1 /T5-F1-1 /T1-F1-1 /T5-F2-1 /T1-F2-1 
/T5-F1-1 /T1-F1-1 /T2-F2-1 /T0-F2-1 /T5-F0-1 /T1-F0-1 /T2-F1-1 /T1-F1-1 /T5-F3-1 /T0-F3-1 
/T2-F0-1 /T1-F0-1 /T5-F2-1 /T0-F2-1 /T2-F1-1 /T0-F1-1 /T5-F3-1 /T1-F3-1 /T2-F2-1 /T1-F2-1 
/T5-F0-1 /T0-F0-1 /T2-F3-1 /T1-F3-1 /T5-F1-1 /T0-F1-1 /T2-F0-1 /T0-F0-1 /T5-F2-1 /T1-F2-1 
/T2-F3-1 /T5-F1-1 
"
1011420,A#Jl#IkR#KmOw#ftovF#MUSagN#jLqrnCB#WEcTuPZzHiXGdQhbYDsxyepV,51.000000,379.000000,15.000000,1.144737,1,"
minimal: 0 / states: 119 / duration: 0.000126s
history:
/T0-F0-1 /T5-F3-1 /T6-F0-1 /T6-F0-1 /T6-F2-1 /T4-T5-1 /T2-T5-1 /T3-T2-1 /T3-F3-1 /T3-T0-1 
/T3-T1-1 /D:1     /W-T1-1  /T4-T1-1 /T4-F2-1 /D:5     /W-F3-1  /D:1     /W-T3-1  /D:3     
/W-T2-1  /W-T2-1  /T5-T2-3 /T5-F1-1 /T6-T5-1 /T5-T4-2 /T6-T2-1 /T2-T6-8 /T4-T5-3 /T5-T1-4 
/T1-T5-8 /T6-T0-9 /T2-T6-1 /W-T2-1  /D:3     /W-T5-1  /D:1     /W-F3-1  /D:1     /W-T6-1  
/W-T6-1  /T4-T6-1 /D:1     /W-F1-1  /D:1     /W-T2-1  /D:1     /W-F0-1  /D:2     /W-T2-1  
/T6-T2-5 /D:1     /W-T3-1  /D:2     /W-F2-1  /T0-F2-1 /T0-F3-1 /T5-T2-2 /T5-F3-1 /W-T0-1  
/D:1     /W-T1-1  /R       /D:1     /W-F0-1  /D:1     /W-F1-1  /T2-F1-1 /T0-F1-1 /T0-F0-1 
/T2-F2-1 /T2-F1-1 /T2-F0-1 /T0-F1-1 /T0-F0-1 /T2-F1-1 /T0-F1-1 /T2-F0-1 /T2-F1-1 /T1-T0-1 
/T1-F0-1 /T5-T2-4 /T5-F0-1 /T0-T3-3 /T0-F0-1 /D:1     /W-F3-1  /D:1     /W-T3-1  /D:2     
/W-F2-1  /T2-F2-1 /T2-F3-1 /T3-F2-1 /T2-F2-1 /T3-F3-1 /T2-F3-1 /T3-F2-1 /T2-F2-1 /T3-F1-1 
/T5-F1-1 /W-F3-1  /T2-F3-1 /T3-F2-1 /T0-F1-1 /T2-F2-1 /T3-F3-1 /T5-F0-1 
"
1011437,A#JN#GyR#mwMb#lxZOa#sSWjET#FevIdCD#HQqUoYVgrpkLKtXnhzuPifBc,133.000000,1624.000000,52.000000,0.695455,1,"
minimal: 0 / states: 119 / duration: 0.000138s
history:
/T0-F0-1 /T1-F3-1 /T4-F1-1 /T3-F1-1 /T4-F3-1 /T6-T2-1 /T3-T0-1 /D:6     /W-T0-1  /D:1     
/W-T1-1  /D:5     /W-T4-1  /W-T4-1  /T3-T4-1 /D:1     /W-T0-1  /D:3     /W-F2-1  /D:3     
/W-T1-1  /T5-T1-1 /D:1     /W-F3-1  /D:1     /W-T4-1  /D:2     /W-F0-1  /T6-F0-1 /T6-T5-1 
/T2-F0-1 /D:1     /W-F1-1  /T5-F1-1 /T5-F0-1 /T5-T0-1 /T6-T0-1 /T6-T5-1 /T6-F1-1 /T2-T6-1 
/T2-T3-1 /T6-T1-2 /T4-T6-5 /T5-T4-2 /T5-T2-1 /W-F1-1  /T1-T5-1 /T1-F0-1 /T5-T1-2 /W-T5-1  
/W-T0-1  /W-T3-1  /W-T0-1  /T2-T0-1 /T2-F0-1 /T1-T3-6 /R       /D:1     /W-F0-1  /T0-T4-3 
/T0-F0-1 /D:1     /W-F3-1  /T3-F3-1 /T4-F3-1 /D:3     /W-F2-1  /D:1     /W-F1-1  /D:2     
/W-F2-1  /R       /D:1     /W-F2-1  /D:2     /W-F2-1  /T3-F2-1 /T3-F3-1 /T4-F2-1 /T3-F2-1 
/T4-F1-1 /T6-F1-1 /W-F3-1  /T3-F3-1 /T3-F0-1 /T4-F2-1 /T0-F1-1 /T4-F3-1 /T0-F0-1 /T6-F2-1 
/T3-F3-1 /T4-F2-1 /T0-F3-1 /T6-F1-1 /T3-F2-1 /T4-F1-1 /T5-F2-1 /T6-F0-1 /T0-F0-1 /T3-F1-1 
/T6-F3-1 
"
1011480,r#La#OTb#Bjwt#qCsXk#eGVYJl#gcSDxzN#hQPEKyWHIZmoMFniuUdRfvAp,101.500000,1117.000000,43.000000,0.652778,1,"
minimal: 0 / states: 118 / duration: 0.000132s
history:
/T1-F1-1 /T2-F1-1 /T6-F3-1 /T5-T6-1 /T4-T1-1 /T5-T1-1 /D:2     /W-T0-1  /D:3     /W-T5-1  
/D:2     /W-T5-1  /D:2     /W-T5-1  /D:5     /W-T2-1  /D:1     /W-F2-1  /D:1     /W-T1-1  
/D:1     /W-T1-1  /T2-T1-2 /T2-F3-1 /T6-T2-2 /T6-T2-1 /D:1     /W-T5-1  /T3-T5-1 /T3-T4-1 
/T3-T2-1 /D:2     /W-T1-1  /T6-T1-1 /T6-T5-1 /T6-F1-1 /W-F1-1  /T0-T5-2 /W-T0-1  /W-F2-1  
/T5-T0-9 /T5-T4-1 /D:1     /W-T5-1  /D:1     /W-T2-1  /D:1     /W-F0-1  /T3-F0-1 /W-T3-1  
/T1-T3-9 /W-T1-1  /W-T4-1  /W-T1-1  /T4-T1-4 /T4-T6-1 /T4-F0-1 /T3-F0-1 /W-F0-1  /W-F3-1  
/W-T2-1  /T5-T2-2 /T0-F3-1 /T3-F3-1 /T3-F0-1 /T5-F1-1 /T2-F1-1 /T2-F0-1 /T1-F0-1 /T6-T3-1 
/T6-F1-1 /T2-F1-1 /T0-T2-4 /T0-F0-1 /T3-T1-3 /T3-F1-1 /T3-F0-1 /T2-T0-5 /T2-F1-1 /T3-F1-1 
/T0-T2-6 /T0-F0-1 /T3-F0-1 /T2-T0-7 /T2-F1-1 /T3-F1-1 /T0-T2-8 /T0-F0-1 /D:1     /W-F2-1  
/T4-F2-1 /T2-F2-1 /T1-F2-1 /T2-F3-1 /T1-F3-1 /T2-F2-1 /T1-F2-1 /T2-F3-1 /T1-F3-1 /T2-F2-1 
/T1-F2-1 /T2-F3-1 /T1-F3-1 /T2-F2-1 /T1-F2-1 /T2-F3-1 /T1-F3-1 /T2-F2-1 
"
1011493,Y#cX#ELZ#mAfM#FGanD#geulyh#itSrBbR#vzpjOUTWJCsIwKVdqxNkPoQH,123.000000,2229.000000,57.000000,0.568421,1,"
minimal: 0 / states: 120 / duration: 0.000132s
history:
/T4-T6-1 /T4-F2-1 /T4-F1-1 /T4-T5-1 /T6-T4-2 /T6-F1-1 /T0-T3-1 /T3-T0-2 /T3-T5-1 /T3-F0-1 
/T6-F0-1 /T6-T5-1 /D:9     /W-T1-1  /D:1     /W-F0-1  /T4-F0-1 /D:4     /W-T0-1  /D:1     
/W-T1-1  /D:1     /W-T5-1  /D:1     /W-T4-1  /D:2     /W-F3-1  /D:2     /W-T4-1  /D:1     
/W-F2-1  /D:2     /W-T1-1  /R       /D:3     /W-F2-1  /D:1     /W-T0-1  /D:1     /W-F3-1  
/T4-F3-1 /T4-F2-1 /D:2     /W-T1-1  /T4-T1-2 /T2-T4-1 /T1-T2-7 /T1-F1-1 /T5-F1-1 /T2-T3-8 
/T2-F0-1 /T5-F2-1 /D:2     /W-F2-1  /D:1     /W-T0-1  /T5-T0-3 /T5-T4-1 /D:2     /W-T5-1  
/D:1     /W-T4-1  /W-T4-1  /W-T5-1  /D:1     /W-F3-1  /T3-F3-1 /T6-F3-1 /T6-F2-1 /T3-F0-1 
/T3-F3-1 /W-F3-1  /W-T1-1  /T5-T1-3 /T5-F2-1 /T5-F1-1 /T0-F1-1 /T0-F0-1 /T5-F1-1 /T0-F1-1 
/T3-F0-1 /T0-F0-1 /T3-F3-1 /T6-F1-1 /T3-F0-1 /W-F2-1  /T0-F1-1 /T1-F3-1 /T0-F0-1 /T4-F2-1 
/T1-F2-1 /T3-F3-1 /T0-F3-1 /T4-F1-1 /T1-F1-1 /T3-F0-1 /T0-F0-1 /T4-F2-1 /T1-F2-1 /T3-F1-1 
/T4-F3-1 
"
1011520,N#VI#DTv#MjqA#elYmk#XErbyF#uifQzPn#KgCBtwdoUxWRJShHLZGcOspa,161.000000,2341.000000,47.000000,0.584211,1,"
minimal: 0 / states: 128 / duration: 0.000141s
history:
/T0-F3-1  /T3-F0-1  /T6-F2-1  /T6-T3-1  /T6-T0-1  /D:3      /W-T6-1   /D:1      /W-F0-1   /T6-F0-1  
/D:2      /W-T4-1   /D:2      /W-F2-1   /D:1      /W-T1-1   /D:3      /W-T5-1   /T3-T5-2  /T2-T3-1  
/T5-T2-4  /T4-T5-2  /T5-T4-3  /F0-T6-1  /T5-T6-1  /T6-T5-3  /T5-T6-4  /D:3      /W-T3-1   /D:4      
/W-T1-1   /T6-T1-5  /T6-T4-1  /T2-T6-5  /T6-T4-6  /T4-T6-11 /T4-T0-1  /D:1      /W-T2-1   /D:1      
/W-F3-1   /T6-F3-1  /D:2      /W-F2-1   /T6-F2-1  /T1-T5-3  /T1-F2-1  /T5-T1-4  /W-F2-1   /T2-T6-2  
/W-T2-1   /W-T2-1   /T5-T2-1  /D:1      /W-F1-1   /T1-F1-1  /T1-F0-1  /T1-F3-1  /T6-F1-1  /T6-F0-1  
/T6-F3-1  /T1-F0-1  /T6-F0-1  /R        /D:1      /W-T0-1   /T3-T0-3  /T4-T3-1  /D:2      /W-F2-1   
/D:1      /W-F1-1   /T4-F1-1  /T1-F1-1  /W-F1-1   /T0-F1-1  /T1-F0-1  /D:1      /W-T3-1   /D:1      
/W-T3-1   /T1-T3-2  /T6-T1-2  /T6-F1-1  /T1-T6-3  /D:1      /W-T2-1   /D:1      /W-F3-1   /T6-F3-1  
/T3-F3-1  /T6-F2-1  /T0-F2-1  /T0-F1-1  /T6-F3-1  /T6-F2-1  /T6-F1-1  /T3-T0-2  /T3-F2-1  /T3-F1-1  
/T6-F2-1  /T6-F1-1  /T0-T3-4  /T0-F2-1  /D:1      /W-F0-1   /T3-F0-1  /T2-F0-1  /T3-F3-1  /T2-F3-1  
/T3-F0-1  /T2-F0-1  /T3-F3-1  /T2-F3-1  /T3-F0-1  
"
1011522,n#Li#UxN#BObS#KEZQF#JfslXC#vgPDezw#daVqMYIjHouGkhWprtmTcRAy,127.500000,1303.000000,39.000000,0.655844,1,"
minimal: 0 / states: 123 / duration: 0.000132s
history:
/T0-F2-1  /T2-F3-1  /T1-T6-1  /D:2      /W-F1-1   /D:3      /W-T0-1   /D:1      /W-T0-1   /T2-T0-1  
/D:2      /W-T0-1   /W-T0-1   /T2-T0-1  /D:1      /W-T6-1   /D:1      /W-F2-1   /D:2      /W-T0-1   
/T3-T0-1  /T3-F1-1  /T3-F3-1  /D:1      /W-T1-1   /T6-T1-3  /T6-T2-1  /T6-T4-1  /T6-T4-1  /T6-F3-1  
/T4-T6-3  /T4-F3-1  /T6-T1-4  /T1-T4-9  /T4-T1-10 /T4-T0-1  /F3-T0-1  /T5-T0-1  /D:1      /W-T6-1   
/D:1      /W-T4-1   /T6-T4-2  /D:1      /W-F2-1   /D:2      /W-T4-1   /D:1      /W-T6-1   /D:2      
/W-F1-1   /D:2      /W-F0-1   /T3-F0-1  /T0-F0-1  /T0-F3-1  /T1-F0-1  /T0-F0-1  /W-F3-1   /T0-F3-1  
/W-F3-1   /D:1      /W-T6-1   /T5-T6-1  /T5-T2-1  /T1-T5-1  /T1-F0-1  /T5-T1-2  /T5-T0-1  /T0-T4-1  
/T0-F0-1  /T0-F3-1  /W-T4-1   /T4-T2-7  /T5-T6-1  /R        /D:1      /W-F1-1   /T1-F1-1  /D:1      
/W-F3-1   /D:1      /W-F2-1   /T2-F2-1  /T1-F2-1  /T2-F1-1  /T1-F1-1  /T1-F0-1  /T2-F2-1  /T2-F1-1  
/T0-F0-1  /T1-F1-1  /T6-F0-1  /T0-F1-1  /T1-T6-1  /T1-F1-1  /T2-T0-2  /T2-F0-1  /T1-F0-1  /T2-F1-1  
/T0-T2-4  /T0-F0-1  /T6-T1-3  /T6-F1-1  /D:1      /W-F2-1   /T2-F2-1  /T1-F2-1  /T2-F3-1  /T1-F3-1  
/T2-F2-1  /T1-F2-1  /T2-F3-1  /T1-F3-1  /T2-F2-1  
"
1011568,M#lp#siN#PxuK#dzyAj#oImRbr#FeSghZv#JUYkGLOcHaVQWXECwDnfBqtT,85.000000,639.000000,32.000000,0.737288,1,"
minimal: 0 / states: 122 / duration: 0.000133s
history:
/T2-F3-1 /T6-T4-1 /T4-T3-2 /T4-F0-1 /T4-T6-1 /D:2     /W-T3-1  /D:1     /W-T0-1  /T3-T0-4 
/T3-T2-1 /D:1     /W-T6-1  /W-T6-1  /T2-T6-2 /D:1     /W-T0-1  /D:2     /W-F3-1  /D:3     
/W-F1-1  /D:2     /W-T5-1  /T1-T5-1 /T3-T1-1 /T1-T4-2 /T6-T1-6 /T3-F3-1 /T4-T3-3 /T5-T4-1 
/T5-F3-1 /T4-T5-2 /D:1     /W-T3-1  /D:6     /W-F2-1  /D:1     /W-T0-1  /T5-T0-3 /T5-F1-1 
/T5-F3-1 /T5-T4-1 /T6-T5-1 /T6-T1-1 /T6-F3-1 /T5-T3-2 /T5-F2-1 /T0-F2-1 /T6-T2-1 /W-T2-1  
/T2-T1-3 /D:1     /W-F0-1  /D:1     /W-F2-1  /D:1     /W-T3-1  /D:1     /W-F3-1  /R       
/D:1     /W-T4-1  /D:1     /W-F1-1  /T0-F1-1 /T0-F2-1 /T1-T6-2 /T1-F2-1 /T3-F2-1 /T0-T3-2 
/T0-F3-1 /T6-T1-3 /D:2     /W-F3-1  /D:1     /W-T4-1  /D:1     /W-T3-1  /D:1     /W-F0-1  
/T1-F0-1 /T1-F1-1 /T3-F0-1 /T1-F0-1 /T3-F1-1 /T1-F1-1 /T1-F2-1 /T3-F0-1 /T3-F1-1 /T0-F2-1 
/W-F0-1  /T1-F1-1 /T3-F0-1 /T0-F1-1 /T1-F0-1 /T3-F3-1 /T0-F0-1 /T1-F1-1 /T4-F3-1 /T4-F0-1 
/T0-F3-1 /T0-F0-1 /T1-T4-1 /T1-F3-1 /D:1     /W-F2-1  /T3-F2-1 /T3-F1-1 /T4-F2-1 /T3-F2-1 
/T4-F1-1 
"
1011589,a#EA#RYj#yeCc#rJBfo#QqGkNb#POLSUKz#gsZInMhltWVHimwXudFxDpTv,121.000000,1524.000000,52.000000,0.586207,1,"
minimal: 0 / states: 121 / duration: 0.000128s
history:
/T0-F1-1 /T1-F0-1 /T5-F1-1 /T5-F3-1 /T3-F1-1 /T6-T0-1 /T2-T6-1 /T6-T2-2 /T2-T0-3 /D:4     
/W-T0-1  /T6-T0-1 /T1-T6-1 /W-T1-1  /D:1     /W-F2-1  /T4-F2-1 /D:4     /W-T0-1  /T4-T0-1 
/T4-F0-1 /T3-F0-1 /T4-T5-1 /T4-T0-1 /D:2     /W-T5-1  /D:1     /W-T5-1  /D:2     /W-T4-1  
/D:4     /W-F1-1  /T3-F1-1 /T5-T3-4 /T6-T5-2 /T6-T1-1 /T6-F3-1 /T6-F3-1 /T3-T4-5 /D:3     
/W-F0-1  /T5-F0-1 /T0-T5-1 /T0-F1-1 /D:1     /W-F2-1  /D:1     /W-T4-1  /D:1     /R       
/D:1     /W-F1-1  /D:1     /W-T4-1  /T2-T4-1 /D:1     /W-T2-1  /D:1     /W-F1-1  /D:1     
/W-T2-1  /D:2     /W-F1-1  /D:2     /W-T1-1  /W-T1-1  /D:2     /W-F0-1  /T5-T0-2 /T5-F0-1 
/T5-F2-1 /T5-F3-1 /T0-F2-1 /T4-F3-1 /T0-F3-1 /T4-F2-1 /T0-F2-1 /T4-F3-1 /T0-F3-1 /T4-F0-1 
/T0-F0-1 /W-F2-1  /T4-F3-1 /T4-F0-1 /T0-F1-1 /T0-F0-1 /T4-F1-1 /T2-F1-1 /W-F3-1  /T1-T4-2 
/T1-F0-1 /T2-F0-1 /T4-T1-3 /T4-F1-1 /D:1     /W-T0-1  /D:1     /W-F2-1  /T1-F2-1 /T0-F2-1 
/T1-F3-1 /T0-F3-1 /T1-F2-1 /T0-F2-1 /T1-F3-1 
"
1011599,V#cL#GtW#ZOgN#IomDb#xkqnvu#jUHFhlS#KYdyeiBCTpQwXMszrEfaJPRA,134.500000,2811.000000,49.000000,0.587209,1,"
minimal: 0 / states: 129 / duration: 0.000140s
history:
/T3-F3-1 /T5-T0-1 /T5-T2-1 /T5-F2-1 /T3-T0-1 /T3-F3-1 /T1-T3-1 /T1-T5-1 /D:7     /W-T5-1  
/D:6     /W-T3-1  /W-T3-1  /T0-T3-3 /D:1     /W-T0-1  /D:1     /W-T3-1  /D:1     /W-T1-1  
/D:1     /W-T6-1  /W-T6-1  /W-T6-1  /T4-T6-1 /D:3     /W-F1-1  /T6-F1-1 /D:2     /W-F3-1  
/D:1     /W-T3-1  /T4-T3-1 /D:1     /W-F0-1  /T5-F0-1 /T5-F1-1 /R       /D:2     /W-T0-1  
/W-T0-1  /T2-T0-2 /T6-T2-4 /T6-T1-1 /T6-T0-1 /T2-T0-5 /D:1     /W-F1-1  /D:1     /W-T4-1  
/D:1     /W-T6-1  /T5-T6-1 /T5-T4-1 /T5-T1-1 /T4-T5-3 /T4-F2-1 /T0-F2-1 /T6-F2-1 /T0-F3-1 
/T0-F2-1 /T6-F1-1 /T3-T6-2 /T3-F2-1 /T6-T3-3 /T0-T2-1 /T0-F2-1 /T3-T6-4 /T3-F2-1 /T6-T3-5 
/T6-T4-1 /T2-T0-2 /T4-T6-2 /T6-T1-3 /D:2     /W-F0-1  /T3-F0-1 /T3-F3-1 /T0-F3-1 /D:1     
/W-F3-1  /T1-F3-1 /T0-T1-2 /T0-F2-1 /D:1     /W-F0-1  /T3-F0-1 /T1-F0-1 /D:1     /W-F1-1  
/T3-F1-1 /T1-F1-1 /T3-F0-1 /T1-F0-1 /T3-F3-1 /T0-F3-1 /W-F1-1  /T1-F1-1 /T3-F2-1 /T1-F2-1 
/T3-F3-1 /T5-F1-1 /T5-F2-1 /T1-F1-1 /T1-F2-1 /T5-F1-1 /D:1     /W-F0-1  /T0-F0-1 /T0-F3-1 
/T3-F0-1 /T0-F0-1 /T3-F3-1 
"
1011604,t#zI#AoU#Fjld#DWuiy#QTPVqR#pOGxNrZ#fbnLeJCcXKmhaEBwYMSksvHg,144.000000,3031.000000,48.000000,0.620879,1,"
minimal: 0 / states: 122 / duration: 0.000133s
history:
/T4-T6-1 /T2-T1-1 /T0-T1-1 /T6-T0-2 /T3-T6-1 /D:1     /W-T1-1  /T6-T1-2 /T6-F3-1 /T6-T3-1 
/D:2     /W-F2-1  /T2-F2-1 /T2-F0-1 /D:4     /W-T1-1  /D:2     /W-T0-1  /D:2     /W-T2-1  
/D:2     /W-F1-1  /D:2     /W-F0-1  /T1-F0-1 /D:1     /W-T0-1  /T4-T0-1 /T4-T0-1 /T1-T4-6 
/T3-T1-2 /T3-T1-1 /T5-T3-1 /T5-T3-1 /D:3     /W-T6-1  /D:3     /W-T1-1  /D:1     /W-T5-1  
/D:1     /W-T0-1  /W-T0-1  /R       /D:1     /W-F1-1  /D:1     /W-T2-1  /D:1     /W-T0-1  
/D:2     /W-F1-1  /T4-F1-1 /T0-F1-1 /T4-T6-1 /T4-F1-1 /D:2     /W-T1-1  /T6-T1-3 /T6-F3-1 
/T6-F2-1 /T3-F2-1 /T1-F2-1 /T0-F2-1 /T0-F1-1 /T4-F2-1 /T0-F2-1 /T1-T4-2 /T1-F1-1 /T0-F1-1 
/T5-T0-2 /T5-F3-1 /T5-T0-1 /T5-F3-1 /T1-F2-1 /T1-F1-1 /T4-T1-5 /T4-F0-1 /T3-F3-1 /T1-F3-1 
/T0-F3-1 /D:1     /W-F0-1  /T3-F0-1 /T1-F0-1 /T0-F0-1 /T1-F3-1 /T0-F3-1 /T0-F2-1 /T1-F0-1 
/T1-F3-1 /T1-F2-1 /T0-F3-1 /T0-F2-1 /W-T1-1  /W-F0-1  /T1-F0-1 /T2-F0-1 /D:1     /W-F3-1  
/T0-F3-1 /D:1     /W-F0-1  /D:1     /W-F1-1  /T1-F1-1 /T1-F2-1 /T2-F1-1 
"
1011607,A#Kn#YwX#JlTV#zxUyb#PhuvoI#gHfEeNq#kMdpmSrjFCDZGsRtiaWQBLOc,103.000000,1135.000000,48.000000,0.647059,1,"
minimal: 0 / states: 122 / duration: 0.000131s
history:
/T0-F0-1 /T1-F2-1 /D:2     /W-T0-1  /D:6     /W-T1-1  /T5-T1-1 /T5-F2-1 /D:10    /W-F1-1  
/T4-F1-1 /T2-T4-1 /T3-T2-1 /T2-T4-2 /T1-T2-3 /T2-T0-4 /D:3     /W-F0-1  /D:3     /W-F1-1  
/R       /D:2     /W-F1-1  /D:1     /W-F2-1  /T6-F2-1 /T6-F3-1 /T6-F1-1 /D:1     /W-T1-1  
/T4-T1-4 /T4-T0-1 /D:2     /W-F2-1  /D:1     /W-T3-1  /D:1     /W-F0-1  /D:1     /W-F0-1  
/T6-F0-1 /T6-F1-1 /T3-T6-2 /T4-T3-1 /T3-T4-2 /T6-T1-3 /T1-F0-1 /T6-F1-1 /D:1     /W-T2-1  
/D:1     /W-F0-1  /D:1     /W-F2-1  /D:2     /W-F2-1  /D:1     /W-T3-1  /D:1     /W-T4-1  
/T5-T4-1 /T5-F2-1 /T5-F1-1 /T3-F1-1 /T4-F2-1 /T0-T4-2 /T0-F1-1 /T1-T3-3 /T1-F2-1 /T4-T0-3 
/T4-F2-1 /T3-T1-4 /D:2     /W-T2-1  /T1-T2-5 /T1-F2-1 /D:1     /W-F3-1  /T5-F3-1 /W-F3-1  
/W-F3-1  /W-F3-1  /T2-F3-1 /T0-F3-1 /T2-F0-1 /T0-F0-1 /T2-F3-1 /T0-F3-1 /T2-F0-1 /T0-F0-1 
/T2-F3-1 /T0-F3-1 /W-F1-1  /T2-F0-1 /T2-F3-1 /T4-F1-1 /T0-F0-1 /T1-F1-1 /T4-F2-1 
"
1011673,l#mo#VZz#RbYe#nastB#LWKkfA#yPOjNDC#GFhHIiJpTvcXUxuqQwMgdrES,80.500000,709.000000,32.000000,0.803571,1,"
minimal: 0 / states: 115 / duration: 0.000126s
history:
/T5-F0-1 /T4-F0-1 /T6-F0-1 /T6-F0-1 /T6-F3-1 /T5-T4-1 /T0-T2-1 /T2-T0-2 /D:5     /W-T6-1  
/D:2     /W-T5-1  /W-T5-1  /W-T5-1  /W-T6-1  /T4-T6-2 /T3-T4-1 /D:2     /W-T5-1  /T4-T5-2 
/T4-F1-1 /T4-F2-1 /T1-F2-1 /T2-T4-1 /W-F2-1  /D:5     /W-T0-1  /T6-T0-5 /T6-F3-1 /T6-F3-1 
/T5-T6-7 /T5-T3-1 /T5-T3-1 /T5-T1-1 /T6-T4-8 /D:1     /W-T2-1  /D:1     /W-F2-1  /D:1     
/W-F3-1  /D:2     /W-T5-1  /T3-T5-3 /T3-F1-1 /T3-F3-1 /D:1     /W-T2-1  /D:2     /W-F2-1  
/D:1     /W-F0-1  /D:1     /W-F3-1  /T4-T2-2 /T4-F3-1 /R       /D:2     /W-F0-1  /W-F0-1  
/T4-F0-1 /D:1     /W-T5-1  /T0-T5-3 /T0-F0-1 /D:1     /W-F1-1  /D:1     /W-T1-1  /D:1     
/W-F3-1  /T2-T4-4 /T2-F3-1 /T5-T0-4 /T5-F3-1 /T1-F3-1 /D:2     /W-F1-1  /T4-F1-1 /T0-F1-1 
/T4-F2-1 /T0-F2-1 /T4-F1-1 /T0-F1-1 /T4-F2-1 /T0-F2-1 /T4-F1-1 /T0-F1-1 /T4-F0-1 /T5-F0-1 
/W-F2-1  /T0-F2-1 /T4-F1-1 /T0-F1-1 /T1-F0-1 /T4-F2-1 /T1-F1-1 /T5-F3-1 /T0-F2-1 /T4-F3-1 
/T5-F0-1 
"
1011687,w#aI#Gkx#qfJO#uVemN#TZMpSH#vXdzDtj#KnUoigYhryAsbLcQECRBlWPF,95.500000,681.000000,26.000000,0.788462,1,"
minimal: 0 / states: 121 / duration: 0.000130s
history:
/T4-F3-1 /T3-F3-1 /T6-T2-1 /T1-T2-1 /T1-F1-1 /T4-T1-1 /D:2     /W-F2-1  /D:1     /W-T2-1  
/T6-T2-1 /T6-T4-1 /D:1     /W-F2-1  /D:1     /W-T0-1  /T5-T0-1 /T5-T2-1 /T5-F2-1 /D:1     
/W-T0-1  /D:1     /W-T5-1  /T2-T5-6 /T3-T2-1 /D:2     /W-T3-1  /D:1     /W-T1-1  /T2-T1-2 
/T3-T2-2 /T3-F2-1 /T6-T3-1 /T6-T2-1 /T0-T6-4 /T5-T0-8 /D:1     /W-F0-1  /D:1     /W-T6-1  
/T4-T6-2 /T4-T1-1 /T4-T1-1 /T5-T4-1 /T5-T1-1 /D:1     /W-F1-1  /D:1     /W-T4-1  /T6-T4-8 
/W-T6-1  /T2-T6-4 /D:1     /W-F1-1  /T6-F1-1 /T6-F2-1 /D:2     /W-T0-1  /W-T0-1  /D:1     
/W-T0-1  /D:2     /W-F0-1  /T0-F0-1 /T4-F0-1 /T4-F1-1 /T4-F2-1 /T6-F1-1 /T4-F1-1 /T0-T6-3 
/T0-F2-1 /T1-T4-1 /T1-F2-1 /T6-T0-4 /T6-F1-1 /T6-F2-1 /T4-T1-2 /T4-F1-1 /T4-F2-1 /D:1     
/W-T3-1  /D:2     /W-F3-1  /T0-F3-1 /T0-F0-1 /D:1     /W-F0-1  /R       /D:1     /W-T3-1  
/T0-T3-5 /T0-F2-1 /D:1     /W-F3-1  /T3-F3-1 /T1-F3-1 /T3-F0-1 /T1-F0-1 /T3-F3-1 /T1-F3-1 
/T3-F0-1 /T1-F0-1 /T3-F1-1 /T1-F1-1 /T1-F2-1 /T3-F0-1 /T3-F1-1 /T1-F1-1 /T3-F2-1 /D:1     
/W-F3-1  /T4-F3-1 /T0-F3-1 /T4-F0-1 /T0-F0-1 /T4-F3-1 
"
1011700,T#Sv#EtX#MpCA#zdaFH#uygKPU#VZskjrf#WwheODoNbYcJLiGmqQxnIlRB,131.000000,3241.000000,47.000000,0.594118,1,"
minimal: 0 / states: 121 / duration: 0.000134s
history:
/T3-F0-1 /T5-T1-1 /T0-T4-1 /D:2     /W-T2-1  /D:3     /W-T3-1  /D:2     /W-T5-1  /D:1     
/W-F3-1  /T3-F3-1 /D:1     /W-T3-1  /D:5     /W-T2-1  /T4-T2-2 /T4-T2-1 /T4-F1-1 /T3-F1-1 
/T3-T4-1 /D:1     /W-T1-1  /T6-T1-1 /T6-T1-1 /T1-T6-5 /T4-T6-2 /D:1     /W-T0-1  /W-T0-1  
/T2-T0-6 /T1-T2-1 /D:4     /W-F2-1  /T5-F2-1 /T3-F2-1 /T5-F3-1 /T6-T5-8 /D:2     /W-T3-1  
/T5-T3-9 /D:1     /W-T0-1  /D:1     /W-F0-1  /T3-F0-1 /R       /D:4     /W-F0-1  /D:1     
/W-T4-1  /D:1     /W-F1-1  /T3-F1-1 /W-F1-1  /T3-T2-1 /T3-F1-1 /T5-F1-1 /T6-T5-1 /W-F1-1  
/D:1     /W-T5-1  /D:1     /W-F2-1  /T2-F2-1 /T6-F2-1 /T5-T6-3 /T6-T1-4 /T2-T3-1 /T2-F2-1 
/T2-F0-1 /T5-F2-1 /T0-T6-4 /T0-F1-1 /T6-T0-5 /D:1     /W-F3-1  /T0-F3-1 /T0-F0-1 /T3-F3-1 
/T0-F3-1 /T3-F0-1 /T0-F0-1 /T3-F3-1 /T0-F3-1 /T3-F2-1 /T0-F2-1 /T3-F1-1 /W-F3-1  /T0-F3-1 
/T4-F3-1 /D:1     /W-F2-1  /T1-T0-2 /T1-F2-1 /T1-F3-1 /T4-F2-1 /D:1     /W-F0-1  /T0-F0-1 
/T0-F1-1 /T3-F0-1 /T0-F0-1 /T3-F1-1 /T0-F1-1 /T3-F0-1 
"
1011711,H#dT#oNn#uKSy#hvAZa#lCVgFY#szQJMcX#EIkDGwxOtmrRLWqfjPBUpibe,109.500000,1191.000000,46.000000,0.627778,1,"
minimal: 0 / states: 120 / duration: 0.000139s
history:
/T2-F2-1 /T2-F3-1 /T2-F2-1 /T4-F1-1 /T6-T3-1 /T3-T4-2 /T4-T2-3 /T4-F0-1 /T1-T0-1 /D:1     
/W-T3-1  /T1-T3-1 /D:5     /W-T2-1  /D:1     /W-T5-1  /D:1     /W-F3-1  /D:2     /W-T1-1  
/D:3     /W-T1-1  /D:1     /W-T5-1  /T4-T5-1 /T4-T5-1 /D:4     /W-F3-1  /D:1     /W-F0-1  
/D:2     /W-F2-1  /D:1     /W-T2-1  /T0-T2-2 /D:1     /W-F1-1  /T6-F1-1 /T5-T6-5 /T5-T2-1 
/T6-T0-6 /T3-F1-1 /D:1     /W-F1-1  /R       /D:2     /W-T1-1  /T6-T1-1 /T6-F3-1 /T6-T4-1 
/T6-T5-1 /D:2     /W-T0-1  /T3-T0-2 /D:3     /W-F3-1  /D:1     /W-F2-1  /W-F2-1  /T5-F2-1 
/W-F2-1  /D:1     /W-F1-1  /T5-F1-1 /T5-T1-1 /T5-F0-1 /W-F0-1  /T0-F0-1 /T0-F3-1 /T2-F0-1 
/T0-F0-1 /T0-F1-1 /T2-F3-1 /T2-F0-1 /T3-T5-1 /T3-F2-1 /T2-F1-1 /T0-F2-1 /T2-F2-1 /W-F0-1  
/T0-T5-1 /T0-F2-1 /T5-T4-3 /D:1     /W-F1-1  /T1-T2-2 /T1-F1-1 /T2-T1-3 /T2-F2-1 /T4-T0-2 
/T4-F1-1 /T4-F2-1 /T1-T2-4 /T1-F1-1 /D:1     /W-F3-1  /T2-F3-1 /T0-F3-1 /T2-F0-1 /T0-F0-1 
/T2-F3-1 /T0-F3-1 /T2-F0-1 /T0-F0-1 /T2-F3-1 
"
1011741,l#DJ#EkK#NMwH#efjOz#sQcboC#SxuYXPn#iBTgAhmyRZWIpvaGVqUtrLdF,155.500000,2454.000000,51.000000,0.613861,1,"
minimal: 0 / states: 125 / duration: 0.000158s
history:
/T6-F2-1 /T2-T0-1 /T1-T2-1 /T6-T1-1 /T0-T4-2 /T4-T0-3 /T4-T5-1 /T4-T0-1 /D:1     /W-T2-1  
/T3-T2-1 /T3-T6-1 /D:1     /W-T1-1  /D:1     /W-T2-1  /D:2     /W-F0-1  /T1-F0-1 /D:7     
/W-T0-1  /D:3     /W-F1-1  /D:2     /W-T6-1  /D:2     /W-T0-1  /D:1     /W-T0-1  /T4-T0-1 
/T1-T4-2 /T3-T1-1 /T3-F3-1 /T5-F3-1 /T5-F0-1 /T5-F2-1 /T4-F3-1 /T5-F1-1 /T5-F1-1 /T4-F0-1 
/T5-F3-1 /W-T4-1  /T4-T5-2 /T5-T2-3 /D:1     /W-T0-1  /D:2     /W-F1-1  /D:1     /R       
/D:3     /W-T3-1  /D:1     /W-T3-1  /T6-T3-3 /T6-T1-1 /T6-T3-1 /T6-T1-1 /D:1     /W-F3-1  
/T6-F3-1 /D:1     /W-T4-1  /D:1     /W-T1-1  /D:1     /W-F2-1  /T2-F2-1 /T0-F2-1 /T2-F1-1 
/T2-F2-1 /T0-F1-1 /T0-F2-1 /T2-F3-1 /T0-F3-1 /T3-F2-1 /T3-F3-1 /T1-F3-1 /W-T0-1  /W-F1-1  
/T0-F1-1 /D:1     /W-F2-1  /T3-F2-1 /T1-F2-1 /T3-F3-1 /T2-T3-4 /T2-F0-1 /T1-F3-1 /T4-F3-1 
/D:3     /W-F0-1  /R       /D:1     /W-F0-1  /T3-F0-1 /T0-F0-1 /T3-F1-1 /T0-F1-1 /T3-F0-1 
/T0-F0-1 /T3-F1-1 /T0-F1-1 /T3-F2-1 /T0-F2-1 /T3-F1-1 /D:1     /W-F0-1  /T1-F0-1 
"
1011790,U#ju#xnw#LaJz#fXTiV#NveYCk#hgDmEbZ#OBSPpWtFqRlMAcQIHdGsryoK,180.000000,3334.000000,56.000000,0.528571,1,"
minimal: 0 / states: 130 / duration: 0.000140s
history:
/T4-T2-1 /T2-T5-2 /T2-F2-1 /T1-T4-1 /T1-T2-1 /T6-T1-1 /D:7     /W-T0-1  /D:4     /W-T3-1  
/T2-T3-2 /T3-T2-4 /T4-T3-2 /T4-T3-1 /T3-T4-4 /T3-F1-1 /T6-F1-1 /T5-T3-3 /T3-T1-4 /D:1     
/W-T3-1  /D:1     /W-F0-1  /D:1     /W-F1-1  /D:1     /W-T6-1  /T5-T6-1 /T5-T3-1 /D:1     
/W-T2-1  /T0-T2-2 /D:1     /W-T1-1  /D:1     /W-F1-1  /T5-F1-1 /D:2     /W-T4-1  /D:3     
/W-F2-1  /D:1     /W-T3-1  /R       /D:1     /W-T6-1  /D:1     /W-F0-1  /D:1     /W-T2-1  
/T6-T2-4 /T6-T0-1 /F1-T4-1 /T6-T4-1 /T6-T1-1 /T6-T5-1 /D:1     /W-T4-1  /D:1     /W-F2-1  
/D:1     /W-T3-1  /T5-T3-2 /T5-F3-1 /T2-F3-1 /T2-F0-1 /T4-F3-1 /T2-F3-1 /T4-F0-1 /T2-F0-1 
/T4-F1-1 /D:1     /W-F0-1  /D:1     /W-F2-1  /D:1     /W-F3-1  /T2-F3-1 /T4-T1-1 /T4-F3-1 
/T2-T3-1 /T2-F3-1 /D:1     /W-F0-1  /T1-T4-2 /T1-F0-1 /T1-F3-1 /T2-F0-1 /T4-T1-4 /T4-F0-1 
/T3-T2-3 /T3-F3-1 /T4-F3-1 /T3-F0-1 /T3-F3-1 /T4-F1-1 /T1-T0-7 /T1-F3-1 /D:1     /W-F2-1  
/T0-F2-1 /T0-F1-1 /T2-F2-1 /T0-F2-1 /T2-F1-1 /T0-F1-1 /T2-F2-1 /T0-F2-1 /T2-F1-1 /T0-F1-1 
/T0-F0-1 /T2-F2-1 /T2-F1-1 /T3-F0-1 /T0-F1-1 /D:1     /W-F2-1  /T2-F2-1 
"
1011810,Y#Ls#uKh#CQbN#dAaEO#wcBWoq#HmGFikR#yJxplTegfUMPnvzVDXSjZtIr,116.000000,1833.000000,59.000000,0.587629,1,"
minimal: 0 / states: 135 / duration: 0.000147s
history:
/T3-F3-1 /T4-F3-1 /T6-T1-1 /T5-T1-1 /D:2     /W-T6-1  /D:1     /W-T0-1  /D:9     /W-T1-1  
/T5-T1-1 /T5-T0-1 /D:1     /W-F2-1  /T1-F2-1 /T5-T1-1 /T1-T5-1 /T1-F3-1 /T5-T1-2 /D:1     
/W-T0-1  /T2-T0-1 /D:2     /W-T5-1  /D:4     /W-T2-1  /D:2     /W-T0-1  /D:1     /W-T2-1  
/D:1     /R       /D:2     /W-F2-1  /D:5     /W-T0-1  /T4-T0-1 /T4-F1-1 /T3-F1-1 /T4-F0-1 
/T1-F0-1 /T1-F1-1 /T1-F2-1 /T3-F3-1 /T3-F0-1 /T4-F1-1 /T1-F3-1 /D:1     /W-T2-1  /D:1     
/W-T3-1  /T0-T3-8 /D:1     /W-T0-1  /D:1     /W-F0-1  /T3-F0-1 /D:2     /W-F3-1  /D:1     
/W-T4-1  /D:1     /W-F2-1  /T1-F2-1 /T6-T1-2 /T6-T1-1 /T6-F0-1 /T6-F0-1 /T1-T4-4 /T6-T1-1 
/T6-F0-1 /R       /D:1     /W-T1-1  /D:1     /W-T0-1  /T2-T0-4 /T2-T4-1 /D:1     /W-F3-1  
/T0-F3-1 /T0-F0-1 /T5-F3-1 /T3-T0-4 /T3-F3-1 /T4-T5-2 /T4-F0-1 /T0-T3-5 /T0-F0-1 /T4-T1-1 
/T4-F0-1 /T5-T1-3 /D:1     /W-F1-1  /T3-F1-1 /T3-F2-1 /T1-F2-1 /D:1     /W-F1-1  /T3-F1-1 
/T1-F1-1 /T3-F2-1 /T1-F2-1 /T3-F1-1 /T1-F1-1 /T3-F2-1 /T0-F1-1 /T1-F2-1 /T1-F1-1 /T0-F2-1 
/D:1     /W-F3-1  /T3-F3-1 /T3-F0-1 /T4-F3-1 
"
1011856,m#jy#GMe#FtzA#DvgQa#WrSOHi#CoXYqbh#KnsTwpJZfcRLxUPulEIBdNVk,134.000000,3441.000000,71.000000,0.459184,1,"
minimal: 0 / states: 138 / duration: 0.000154s
history:
/T3-F0-1 /T4-F1-1 /T1-T0-1 /D:2     /W-F2-1  /D:4     /W-T4-1  /D:10    /W-T5-1  /D:1     
/W-T3-1  /D:2     /W-T1-1  /T6-T1-1 /T6-F1-1 /T6-T2-1 /D:1     /W-F0-1  /D:2     /W-F3-1  
/D:2     /W-T0-1  /R       /D:1     /W-T3-1  /T1-T3-3 /T3-T1-6 /T3-T1-1 /T2-T3-2 /T6-T2-1 
/D:2     /W-T5-1  /T3-T5-3 /T2-T3-2 /D:1     /W-T0-1  /T5-T0-6 /D:1     /W-T6-1  /D:2     
/W-T1-1  /D:1     /W-F1-1  /D:3     /W-T3-1  /D:2     /W-T0-1  /D:1     /W-T1-1  /T4-T1-2 
/T4-T5-1 /W-T4-1  /T2-T4-1 /D:1     /W-F1-1  /D:1     /W-T6-1  /T5-T6-2 /T5-F3-1 /T5-T4-1 
/T5-T4-1 /T4-T5-5 /T0-F3-1 /T5-T3-6 /R       /D:1     /W-T6-1  /D:1     /W-T2-1  /D:1     
/W-T6-1  /T0-T6-1 /T0-F1-1 /D:1     /W-T2-1  /T6-T2-8 /T6-F2-1 /T1-F2-1 /T2-F2-1 /T6-F0-1 
/T1-F3-1 /T3-F2-1 /T4-F0-1 /T1-F0-1 /T1-F1-1 /T2-F3-1 /T0-F0-1 /T2-F2-1 /T2-F1-1 /T3-F3-1 
/T0-F3-1 /T1-F2-1 /T0-F2-1 /T3-F0-1 /T1-F1-1 /T2-F0-1 /T0-F1-1 /T3-F3-1 /T1-F0-1 /T2-F3-1 
/T2-F0-1 /T3-F2-1 /T0-F2-1 /T1-F1-1 /T0-F1-1 /T3-F3-1 /T1-F0-1 /T2-F3-1 /T2-F0-1 /T3-F2-1 
/T0-F2-1 /T1-F1-1 /T0-F1-1 /T3-F3-1 /T1-F2-1 /T2-F3-1 /T3-F0-1 
"
1011925,a#Uw#lmQ#TrGH#djcKx#eqfBsy#oJPIOWk#RDXFVSzvtbhZNCMEuAgLnpiY,126.000000,1153.000000,48.000000,0.590909,1,"
minimal: 0 / states: 125 / duration: 0.000132s
history:
/T0-F1-1 /T6-T5-1 /T6-T4-1 /T1-T5-1 /D:5     /W-T5-1  /T3-T5-1 /T3-T1-1 /T2-T3-1 /T5-T2-5 
/T2-T0-6 /T4-T2-2 /D:1     /W-T1-1  /T3-T1-2 /T5-T3-1 /T3-T0-2 /D:1     /W-T3-1  /T2-T3-3 
/D:1     /W-T3-1  /T1-T3-5 /D:2     /W-F1-1  /D:2     /W-T1-1  /D:1     /W-F3-1  /T6-F3-1 
/W-T6-1  /W-T6-1  /D:1     /W-T3-1  /D:1     /W-T2-1  /D:3     /W-F0-1  /T5-F0-1 /T3-F0-1 
/T5-T6-1 /D:2     /W-T1-1  /D:1     /W-F2-1  /D:1     /W-T3-1  /D:2     /W-T2-1  /T4-T2-1 
/T4-F1-1 /T6-T4-4 /T6-F3-1 /T4-T2-5 /T4-F1-1 /W-T6-1  /R       /D:1     /W-T0-1  /T5-T0-1 
/T5-F1-1 /T2-F1-1 /D:1     /W-F0-1  /D:1     /W-T1-1  /T6-T1-2 /T6-F2-1 /T3-F2-1 /T0-F2-1 
/T3-F3-1 /T0-F3-1 /T3-F2-1 /T0-F2-1 /T2-F2-1 /T3-F3-1 /T0-F3-1 /T3-T2-1 /T3-F3-1 /T0-T1-1 
/T0-F3-1 /D:2     /W-F0-1  /W-F0-1  /T2-F0-1 /T1-F0-1 /T2-T3-1 /T2-F0-1 /T1-T0-1 /T1-F0-1 
/T3-T2-2 /T3-F3-1 /T1-F3-1 /T2-T3-3 /T2-F0-1 /T1-F0-1 /T2-F3-1 /T1-F3-1 /T2-F0-1 /D:1     
/W-F2-1  /D:1     /W-F1-1  /T3-F1-1 /T0-F1-1 /T3-F2-1 /T0-F2-1 /T3-F1-1 /T0-F1-1 /T3-F2-1 
/T0-F2-1 /T3-F1-1 /T0-F1-1 /T3-F2-1 
"
1011927,T#Gh#Kan#Sqol#FzZAf#gbEIsm#cBrRukH#UDQJOyVNedMtPiYvCXxpWwjL,99.500000,2571.000000,54.000000,0.561728,1,"
minimal: 0 / states: 128 / duration: 0.000135s
history:
/T2-F2-1 /T2-F1-1 /T0-T6-1 /T5-T0-1 /T5-T6-1 /T1-T5-1 /T4-T1-1 /T4-F0-1 /T1-T5-2 /T4-T1-1 
/T3-T4-1 /T3-F2-1 /T2-T4-1 /T4-T2-3 /D:6     /W-T0-1  /D:2     /W-F3-1  /D:1     /W-T4-1  
/T3-T4-1 /D:4     /W-T4-1  /D:5     /W-T0-1  /D:2     /W-F2-1  /D:1     /W-T2-1  /T5-T2-4 
/T5-T2-1 /T5-F1-1 /T4-T5-4 /D:1     /W-T0-1  /D:2     /W-T1-1  /R       /D:3     /W-T2-1  
/D:2     /W-F3-1  /T5-F3-1 /T2-F3-1 /T5-F2-1 /D:1     /W-T0-1  /T6-T0-3 /T6-T1-1 /W-T1-1  
/W-T5-1  /T5-T6-4 /D:1     /W-T2-1  /D:1     /W-T4-1  /D:2     /W-T1-1  /T6-T1-5 /T6-F3-1 
/T6-F2-1 /T6-F0-1 /T6-F1-1 /T0-F2-1 /T2-F1-1 /T3-F3-1 /T0-F3-1 /W-F2-1  /W-F3-1  /T1-T0-4 
/T1-F2-1 /T0-T1-5 /T0-F3-1 /D:1     /W-T4-1  /D:1     /W-F2-1  /T0-F2-1 /D:1     /W-F0-1  
/T1-F0-1 /T1-F1-1 /T2-F0-1 /T1-F0-1 /T2-F1-1 /T1-F1-1 /T2-F0-1 /T1-F0-1 /T2-F1-1 /T1-F1-1 
/T2-F0-1 /T1-F0-1 /T2-F3-1 /T0-F3-1 /T2-F0-1 /T4-F3-1 /T1-T0-1 /T1-F0-1 /T1-F3-1 /T4-F0-1 
/D:1     /W-F2-1  /D:1     /W-F1-1  /T0-F1-1 /T0-F2-1 /T2-F1-1 /T0-F1-1 /T2-F2-1 
"
1011928,V#mv#jBF#StZx#wHkuY#gscDIC#roRUWbJ#nypaqTPelXfKdOEhNLziQMGA,97.500000,1073.000000,43.000000,0.723684,1,"
minimal: 0 / states: 119 / duration: 0.000131s
history:
/T3-T4-1  /T0-T6-1  /T3-T0-1  /D:1      /W-F2-1   /D:1      /W-T0-1   /D:2      /W-F1-1   /D:4      
/W-T2-1   /D:2      /W-T0-1   /T6-T0-2  /T6-F1-1  /T6-T4-1  /T6-T1-1  /T1-T4-2  /T3-T4-1  /T3-T4-1  
/D:4      /W-T5-1   /D:1      /W-T4-1   /W-T4-1   /T5-T4-2  /D:1      /W-T5-1   /D:1      /W-F3-1   
/T4-F3-1  /D:1      /W-T1-1   /D:1      /W-T3-1   /T4-T3-10 /T4-T0-1  /T4-T1-1  /D:4      /W-T5-1   
/D:1      /W-F0-1   /R        /D:2      /W-T2-1   /D:1      /W-T0-1   /T2-T0-3  /T2-F0-1  /T3-F0-1  
/T5-T2-3  /T5-F0-1  /T5-F1-1  /T6-T5-1  /T6-F2-1  /W-F2-1   /T3-F1-1  /T0-F2-1  /T0-F1-1  /T3-F0-1  
/T0-F0-1  /T5-T0-2  /T2-F0-1  /T4-F0-1  /T6-F2-1  /T4-T1-1  /D:1      /W-F3-1   /D:2      /W-F1-1   
/T5-F1-1  /T2-F1-1  /T2-F0-1  /T0-T1-5  /T0-F0-1  /D:1      /W-F0-1   /D:1      /W-F1-1   /T2-F1-1  
/T1-T0-6  /T1-F1-1  /T1-F0-1  /W-F1-1   /T1-F1-1  /D:1      /W-F3-1   /T0-F3-1  /T0-F2-1  /T3-F3-1  
/T0-F3-1  /T3-F2-1  /T0-F2-1  /T3-F3-1  /T0-F3-1  /T3-F2-1  /T0-F2-1  /T3-F3-1  /T0-F3-1  /T3-F2-1  
/T0-F2-1  /T3-F3-1  /T0-F3-1  /T3-F2-1  /D:1      /W-F0-1   
"
1011935,V#ML#JfZ#mdxu#KRXyj#rtvQqh#UGipDBl#wYSgaAPNWIeOCnoHzFsbckET,110.000000,2415.000000,37.000000,0.677632,1,"
minimal: 0 / states: 119 / duration: 0.000134s
history:
/T3-T0-1 /T4-T3-1 /T4-T2-1 /T3-T6-2 /T4-T1-1 /D:1     /W-T1-1  /T0-T1-2 /T2-T0-2 /D:3     
/W-T1-1  /D:1     /W-F1-1  /D:1     /W-F0-1  /D:2     /W-F3-1  /D:2     /W-T6-1  /T5-T6-1 
/T5-T4-1 /D:2     /W-F3-1  /D:1     /W-T3-1  /D:1     /W-F2-1  /D:1     /W-F2-1  /D:3     
/W-T1-1  /T4-T1-2 /D:2     /W-F1-1  /D:1     /W-F1-1  /T3-T5-1 /T3-F1-1 /T1-T3-9 /T6-T1-5 
/T6-F0-1 /T5-F0-1 /T6-F0-1 /T6-F2-1 /T3-F2-1 /D:1     /W-T0-1  /D:1     /W-T2-1  /T5-T2-1 
/D:1     /R       /D:3     /W-F3-1  /T2-F3-1 /T2-F0-1 /T3-F3-1 /T3-F0-1 /W-F3-1  /D:1     
/W-T4-1  /T5-T4-1 /T2-T5-1 /T6-T2-1 /T6-F0-1 /T5-T1-2 /T5-F2-1 /T2-T0-2 /T6-T4-1 /D:1     
/W-F1-1  /T1-F1-1 /T3-F1-1 /T1-T4-1 /T1-F1-1 /T0-F1-1 /D:1     /W-F0-1  /T1-F0-1 /T0-F0-1 
/T1-F1-1 /T0-F1-1 /T4-T1-4 /T4-F0-1 /T3-T0-4 /T3-F0-1 /D:1     /W-T2-1  /T1-T2-6 /T1-F0-1 
/D:1     /W-F2-1  /T2-F2-1 /T0-F2-1 /D:1     /W-F3-1  /T2-F3-1 /T0-F3-1 /T2-F2-1 /T0-F2-1 
/T2-F3-1 /T0-F3-1 /T2-F2-1 /T0-F2-1 /T2-F1-1 /T3-F1-1 /W-F3-1  /T0-F3-1 /T2-F2-1 
"
1011945,Y#EN#XbZ#fpdv#OGoHn#exlaUL#BTQkmhV#zFqwsIStDryucAKCMjRPWJgi,107.000000,1441.000000,47.000000,0.613333,1,"
minimal: 0 / states: 118 / duration: 0.000130s
history:
/T1-F3-1 /T4-F2-1 /T5-T2-1 /T5-T3-1 /T5-F1-1 /T4-T6-1 /T4-F2-1 /T4-T3-1 /T4-F3-1 /T2-T4-2 
/T2-F1-1 /T2-T4-1 /D:1     /W-T2-1  /T5-T2-1 /T5-T0-1 /D:2     /W-T5-1  /D:1     /W-T4-1  
/T6-T4-2 /D:3     /W-T3-1  /T1-T3-1 /D:1     /W-T6-1  /D:5     /W-F1-1  /D:1     /W-F0-1  
/D:1     /W-T2-1  /D:2     /W-T1-1  /T0-T1-2 /D:1     /W-T1-1  /T3-T1-5 /T3-F1-1 /T3-F2-1 
/T5-F2-1 /T5-F1-1 /T3-F1-1 /D:2     /W-F3-1  /D:1     /W-T2-1  /D:2     /W-F1-1  /D:1     
/R       /D:3     /W-T2-1  /T6-T2-2 /T6-T0-1 /D:2     /W-F2-1  /D:1     /W-T0-1  /T6-T0-1 
/T6-F3-1 /T6-T4-1 /T6-F0-1 /D:2     /W-F0-1  /D:1     /W-F3-1  /D:1     /W-T0-1  /D:1     
/W-T0-1  /W-T0-1  /W-F0-1  /T1-F0-1 /T1-F3-1 /W-F2-1  /T2-F2-1 /W-F0-1  /T1-F0-1 /T2-F1-1 
/T4-F3-1 /T0-F2-1 /T1-F3-1 /T1-F2-1 /T4-F0-1 /T0-F1-1 /T2-F0-1 /T1-F1-1 /T4-F3-1 /T0-F0-1 
/T2-F3-1 /T2-F0-1 /T4-F2-1 /T0-F1-1 /T1-F2-1 /T2-F1-1 /T4-F3-1 /T0-F2-1 /T1-F3-1 /T2-F2-1 
/T4-F0-1 /T0-F1-1 /T1-F0-1 /T4-F3-1 
"
1011960,U#SV#rgA#hoQa#vuIxz#dljPHn#cKMqpbt#XkRiYmsJOCTGWLZwBFeENyfD,177.000000,3007.000000,65.000000,0.504310,1,"
minimal: 0 / states: 130 / duration: 0.000134s
history:
/T2-F0-1 /T3-F1-1 /T5-F2-1 /T6-T0-1 /T6-F1-1 /T5-T1-1 /T6-T3-1 /T5-T6-1 /T2-T1-1 /T3-T2-2 
/T3-F2-1 /T2-F2-1 /D:5     /W-T4-1  /D:2     /W-T1-1  /D:3     /W-T2-1  /W-T2-1  /D:2     
/W-T3-1  /D:5     /W-F0-1  /D:2     /W-T1-1  /T6-T1-2 /D:2     /W-F3-1  /T2-F3-1 /T1-F3-1 
/T2-F0-1 /T2-F3-1 /T1-F2-1 /T2-F2-1 /T4-T2-2 /T4-T2-1 /T4-T5-1 /T5-T2-2 /T5-T6-1 /T0-T2-2 
/T6-T0-2 /T6-T0-1 /T6-F1-1 /T5-F1-1 /T1-F1-1 /T1-F2-1 /T2-F2-1 /T4-F2-1 /T4-F2-1 /D:2     
/W-F1-1  /T1-F1-1 /T3-T2-1 /T3-F1-1 /D:1     /W-F0-1  /R       /D:3     /W-F3-1  /D:1     
/W-F1-1  /D:1     /W-T3-1  /D:2     /W-T1-1  /D:1     /W-T0-1  /T2-T0-3 /T2-F1-1 /D:1     
/W-T3-1  /D:1     /W-T4-1  /D:1     /W-F2-1  /T2-F2-1 /D:1     /W-T1-1  /D:1     /W-F0-1  
/T1-F0-1 /T0-F0-1 /D:1     /W-F2-1  /R       /D:1     /W-T3-1  /D:1     /W-F1-1  /T0-T2-4 
/T0-F1-1 /T2-T0-5 /T2-F2-1 /T3-T4-2 /T3-F1-1 /D:1     /W-T4-1  /T1-T4-3 /T1-F3-1 /T4-F3-1 
/T0-F3-1 /T4-F0-1 /T0-F0-1 /T4-F3-1 /T0-F3-1 /T4-F0-1 /T0-F0-1 /T4-F3-1 /T0-F3-1 /T4-F0-1 
/T0-F0-1 /T4-F3-1 
"
1020073,p#nw#VmN#vDYR#bEJLa#UHTQZq#tguAfoc#dxhGCWysPFeXiIMrzBjOSlkK,113.500000,3658.000000,64.000000,0.478723,1,"
minimal: 0 / states: 145 / duration: 0.000159s
history:
/T2-F3-1 /T4-F1-1 /T6-T5-1 /T5-T3-2 /T6-T3-1 /T4-T2-1 /D:7     /W-T5-1  /D:5     /W-T2-1  
/T4-T2-1 /T4-T6-1 /T4-F1-1 /T5-T4-2 /T5-T6-1 /T0-T6-1 /T2-T0-4 /T2-T0-1 /D:1     /W-T1-1  
/D:2     /W-T2-1  /D:5     /W-F3-1  /D:2     /W-T2-1  /D:1     /W-T4-1  /T1-T4-2 /T1-F2-1 
/T3-F2-1 /T6-F2-1 /T3-F1-1 /T3-F2-1 /D:1     /W-T2-1  /R       /D:1     /W-F1-1  /D:4     
/W-T6-1  /D:1     /W-T2-1  /D:1     /W-T5-1  /T3-T5-1 /D:1     /W-F3-1  /D:2     /W-F1-1  
/D:1     /W-T2-1  /D:1     /W-F2-1  /D:1     /W-T1-1  /T3-T1-1 /T3-T5-1 /D:3     /R       
/D:1     /W-T1-1  /D:1     /W-T2-1  /D:1     /W-T2-1  /T6-T2-4 /T6-F0-1 /T5-T6-4 /T6-T0-5 
/T5-T4-1 /T6-T4-1 /T5-T3-1 /T6-T3-1 /D:1     /W-T4-1  /T0-T4-2 /T0-F2-1 /T3-F2-1 /D:1     
/W-F0-1  /T2-F0-1 /T2-F3-1 /T4-F0-1 /T2-F0-1 /T2-F1-1 /T4-F3-1 /T4-F0-1 /T4-F1-1 /T2-F0-1 
/T2-F1-1 /T4-F0-1 /T2-F0-1 /T4-F1-1 /T0-T4-3 /T0-F0-1 /T2-T1-1 /T2-F0-1 /T3-T1-2 /D:1     
/W-F1-1  /T4-T0-4 /T4-F1-1 /T2-F1-1 /T0-T4-5 /T0-F0-1 /T0-F1-1 /T2-F0-1 /D:1     /W-F3-1  
/T4-F3-1 /T1-F3-1 /T4-F2-1 /T1-F2-1 /T4-F3-1 /T1-F3-1 /T4-F2-1 /T1-F2-1 /T4-F3-1 /T1-F3-1 
/T4-F2-1 /T1-F2-1 /T4-F3-1 
"
1020084,P#qX#ucZ#zGMH#prDlJ#dFgxQK#WvBbosV#wyfiCNEYOmRahjkTISetLAnU,127.500000,1054.000000,40.000000,0.623529,1,"
minimal: 0 / states: 129 / duration: 0.000153s
history:
/T6-T4-1 /T4-T1-2 /T5-T4-1 /T3-T1-1 /T4-T3-2 /T0-T4-1 /T2-T0-1 /D:2     /W-T0-1  /T1-T0-4 
/T2-T1-1 /D:3     /W-T5-1  /D:1     /W-F3-1  /D:3     /W-F3-1  /T4-F3-1 /D:2     /W-T6-1  
/T4-T6-1 /T5-T4-2 /D:1     /W-F1-1  /D:2     /W-T3-1  /D:2     /W-T0-1  /T6-T0-3 /T6-T1-1 
/T6-F1-1 /F3-T0-1 /T6-T0-1 /T6-T3-1 /T6-T5-1 /T3-T6-5 /D:1     /W-T5-1  /D:1     /W-T3-1  
/T4-T3-3 /D:4     /W-F0-1  /T0-F0-1 /T3-F0-1 /T0-F3-1 /T0-F0-1 /T3-F3-1 /T0-F3-1 /D:1     
/W-F2-1  /T1-F2-1 /T1-F1-1 /T4-F2-1 /T1-F2-1 /T3-F2-1 /T0-F2-1 /T3-F3-1 /T0-F3-1 /D:1     
/W-T5-1  /T3-T5-1 /R       /D:2     /W-T5-1  /D:2     /W-F0-1  /D:1     /W-T3-1  /T5-T3-6 
/T5-T0-1 /T5-F0-1 /T5-F1-1 /D:1     /W-T1-1  /D:1     /W-T6-1  /T3-T6-2 /T3-F3-1 /D:2     
/W-F1-1  /T6-F1-1 /T0-F1-1 /T6-F0-1 /T0-F0-1 /T0-F3-1 /T3-F0-1 /T0-F0-1 /T3-F3-1 /T0-F3-1 
/T6-F1-1 /T6-T3-2 /T6-F0-1 /T3-T6-3 /T3-F3-1 /T0-T1-1 /T0-F3-1 /W-T1-1  /W-F1-1  /W-T1-1  
/D:1     /W-F2-1  /T2-F2-1 /T6-F2-1 /T1-F2-1 /T6-F1-1 /T1-F1-1 /T6-F2-1 /T1-F2-1 /T6-F1-1 
/T3-F2-1 /T1-F1-1 /D:1     /W-F0-1  /T6-F0-1 
"
1020191,U#ot#XVL#beIB#xFZHu#ypQMNc#qRdkYEa#WPgnvDrGAzwSiKhlmsOJCTjf,137.000000,1264.000000,47.000000,0.596774,1,"
minimal: 0 / states: 122 / duration: 0.000229s
history:
/T6-F1-1 /T3-T5-1 /T1-T0-1 /T0-T3-2 /D:3     /W-T4-1  /D:1     /W-F2-1  /T1-F2-1 /D:5     
/W-F0-1  /T5-F0-1 /D:1     /W-T0-1  /D:2     /W-T3-1  /T6-T3-1 /T6-T0-1 /T6-T2-1 /T6-T3-1 
/W-T2-1  /D:1     /W-T2-1  /T4-T2-2 /D:1     /W-T0-1  /D:3     /W-T1-1  /T2-T1-6 /T4-T2-1 
/D:1     /W-T1-1  /T6-T1-1 /T5-T6-1 /T5-F3-1 /T6-T1-2 /T5-T6-1 /W-T6-1  /D:1     /W-F3-1  
/D:2     /W-F0-1  /D:1     /W-T2-1  /D:1     /W-T0-1  /T3-T0-6 /D:1     /R       /D:2     
/W-F3-1  /T5-F3-1 /T5-F2-1 /T5-T4-1 /T4-T5-2 /T3-T4-1 /T3-F1-1 /T1-F1-1 /T0-F1-1 /T1-F2-1 
/T4-T2-2 /T1-F3-1 /T2-F1-1 /W-T4-1  /T4-T6-2 /D:1     /W-T6-1  /D:1     /W-F0-1  /T0-F0-1 
/T2-F0-1 /T0-F3-1 /T2-F3-1 /D:1     /W-F2-1  /T1-F2-1 /T0-F2-1 /T0-F3-1 /T1-T2-1 /T1-F2-1 
/T2-T1-2 /T2-F3-1 /T6-F2-1 /T6-F3-1 /T2-F3-1 /D:1     /W-F0-1  /D:1     /W-T0-1  /D:2     
/W-F1-1  /T1-F1-1 /T0-F1-1 /T1-F0-1 /T0-F0-1 /T1-F1-1 /T0-F1-1 /T1-F2-1 /T6-F2-1 /W-F0-1  
/T0-F0-1 /T0-F3-1 /T1-F1-1 /T1-F0-1 /T5-F2-1 /T5-F3-1 /T6-F1-1 /T0-F2-1 /T1-F1-1 /T6-F0-1 
"
1020266,n#Hj#FYg#ZVKP#ihxCN#UEWflB#qRmcAMp#wbSGerzXJsQTtyvauOIDdokL,99.500000,1338.000000,41.000000,0.680556,1,"
minimal: 0 / states: 118 / duration: 0.000147s
history:
/T0-F2-1 /T4-F3-1 /T5-T3-1 /D:2     /W-T4-1  /D:5     /W-T0-1  /T5-T0-1 /W-T5-1  /D:3     
/W-T2-1  /D:1     /W-T5-1  /T6-T5-1 /D:4     /W-T1-1  /D:1     /W-F1-1  /T4-F1-1 /D:2     
/W-F3-1  /D:4     /W-F2-1  /T5-F2-1 /T4-T5-1 /T4-T0-1 /T1-T0-2 /T2-T1-2 /T2-T6-1 /T4-T0-1 
/T1-T4-3 /T6-T1-2 /T6-F0-1 /T3-F0-1 /T3-F3-1 /T5-F0-1 /T5-F3-1 /T6-F1-1 /W-F1-1  /W-F0-1  
/T3-T1-1 /D:2     /W-T6-1  /W-T6-1  /R       /D:1     /W-T6-1  /T3-T6-1 /D:2     /W-T0-1  
/T5-T0-2 /T5-T1-1 /T5-F0-1 /T2-F0-1 /T6-T2-5 /T6-F3-1 /T6-F2-1 /T0-F2-1 /W-F3-1  /T4-F2-1 
/D:1     /W-F1-1  /T0-F1-1 /T0-F0-1 /T4-F1-1 /T0-F1-1 /T4-F0-1 /T4-F1-1 /T0-T1-1 /T0-F1-1 
/T5-T1-1 /D:3     /W-F3-1  /T1-F3-1 /T2-F3-1 /D:1     /W-F2-1  /D:1     /W-T3-1  /D:1     
/W-F2-1  /T1-F2-1 /T2-F2-1 /T0-F2-1 /T1-F3-1 /T2-F1-1 /T0-F1-1 /T3-F2-1 /T0-F2-1 /T2-T3-1 
/T2-F1-1 /D:1     /W-F0-1  /W-F0-1  /T1-F0-1 /W-F3-1  /T1-F3-1 /T3-F0-1 /T1-F0-1 /T3-F3-1 
"
1020277,i#pF#HsT#RjcM#IEqCL#DhlwSX#egoKNAa#bYvUZQBWGOyJrxktdnzumPVf,139.000000,1492.000000,49.000000,0.613636,1,"
minimal: 0 / states: 115 / duration: 0.000135s
history:
/T6-F1-1 /T6-F0-1 /T6-F3-1 /T5-T4-1 /T1-T2-1 /D:1     /W-F1-1  /D:1     /W-T3-1  /T6-T3-1 
/D:5     /W-F0-1  /D:1     /W-T3-1  /D:2     /W-F3-1  /D:2     /W-T4-1  /T0-T4-1 /T3-T0-4 
/T3-F1-1 /D:1     /W-T5-1  /D:4     /W-F1-1  /D:1     /W-F2-1  /T6-F2-1 /T1-F2-1 /D:1     
/W-T1-1  /D:1     /W-T4-1  /T2-T4-2 /T2-T6-1 /T6-T2-2 /T6-F1-1 /D:1     /W-T6-1  /T4-T6-7 
/T4-F0-1 /T4-F2-1 /T5-F2-1 /T4-T5-1 /T2-F2-1 /W-F2-1  /T4-T0-1 /D:1     /W-F3-1  /D:2     
/W-F1-1  /T2-F1-1 /T6-T2-2 /T6-F2-1 /T2-T6-3 /R       /D:1     /W-F2-1  /D:1     /W-T0-1  
/D:1     /W-T2-1  /D:1     /W-F3-1  /D:1     /W-T0-1  /T5-T0-2 /T5-F2-1 /T5-T1-1 /T5-F1-1 
/T5-F0-1 /T0-F0-1 /T6-F0-1 /D:1     /W-T2-1  /D:1     /W-T1-1  /T3-T1-1 /T3-F3-1 /T0-F3-1 
/T0-F0-1 /T6-F3-1 /T0-F3-1 /T6-F0-1 /T0-F0-1 /T6-F1-1 /T1-F1-1 /T1-F2-1 /T2-F2-1 /T6-F0-1 
/D:1     /W-F1-1  /T1-F1-1 /T1-F2-1 /T6-T2-2 /T6-F1-1 /D:1     /W-F3-1  /T0-F3-1 /T0-F0-1 
/T2-F3-1 /T0-F3-1 /T2-F0-1 /T0-F0-1 /T2-F3-1 
"
1020280,T#Lv#jwP#DdYn#GQUFE#lMWtNa#cuRbesA#zSIVJkXpgHKmOxqfirBZCyho,100.000000,914.000000,41.000000,0.723684,1,"
minimal: 0 / states: 121 / duration: 0.000142s
history:
/T3-F2-1 /T5-F1-1 /T5-F3-1 /T6-F0-1 /T6-T0-1 /T6-T0-1 /T6-F1-1 /D:2     /W-T5-1  /T4-T5-1 
/T6-T4-1 /T0-T6-3 /W-T0-1  /T3-T0-1 /T3-T5-1 /T2-T3-1 /T3-T4-2 /D:2     /W-T2-1  /T6-T2-4 
/T6-F1-1 /T5-F1-1 /T2-F1-1 /D:7     /W-T0-1  /D:1     /W-T3-1  /D:1     /W-F3-1  /T4-F3-1 
/D:3     /W-F1-1  /D:3     /W-F0-1  /D:1     /W-T6-1  /D:1     /W-F0-1  /T4-F0-1 /T5-F0-1 
/T4-T2-1 /T4-F0-1 /T5-T4-2 /T4-T1-3 /T4-F3-1 /T5-T0-1 /T1-T0-4 /T1-T3-1 /T5-T1-1 /T2-F3-1 
/T0-F3-1 /T4-F0-1 /T5-T1-1 /D:1     /W-T6-1  /D:2     /W-F2-1  /R       /D:3     /W-T3-1  
/T2-T3-5 /D:1     /W-T6-1  /W-T6-1  /W-T2-1  /D:1     /W-F2-1  /D:1     /W-F1-1  /D:1     
/W-F0-1  /T2-F0-1 /T6-F0-1 /D:1     /W-T1-1  /T0-T1-4 /T0-F0-1 /D:1     /W-F2-1  /D:2     
/W-F2-1  /T3-F2-1 /T1-F2-1 /T3-F3-1 /T1-F3-1 /T3-F2-1 /T3-F3-1 /T1-F2-1 /T1-F3-1 /T3-F2-1 
/T6-F3-1 /T0-F3-1 /T1-F2-1 /T6-F2-1 /T0-F2-1 /T6-F3-1 /D:1     /W-F1-1  /W-F1-1  /T2-F1-1 
/T3-F1-1 /T1-F1-1 /T3-F0-1 /T1-F0-1 /T3-F1-1 
"
1020298,Q#zK#siF#Yfua#tUBmq#ZgxknN#VrGdPDA#EhJIvylTWXCwbLecjpSHRoOM,124.000000,1596.000000,49.000000,0.601190,1,"
minimal: 0 / states: 133 / duration: 0.000149s
history:
/T3-F1-1 /T5-F3-1 /T5-F2-1 /T6-F0-1 /D:3     /W-T5-1  /D:5     /W-T3-1  /T2-T3-1 /T3-T2-3 
/T2-T5-4 /D:1     /W-T1-1  /D:2     /W-T0-1  /D:2     /W-F1-1  /D:2     /W-T2-1  /T6-T2-1 
/T6-T2-1 /D:1     /W-F1-1  /T6-F1-1 /T3-T6-1 /T1-T3-2 /T3-T1-3 /D:5     /W-T5-1  /T4-T5-1 
/T4-T3-1 /T4-F0-1 /T6-T4-2 /T6-T4-1 /T0-F0-1 /T2-T5-1 /T2-F0-1 /T2-F1-1 /W-T6-1  /T0-T4-1 
/D:1     /W-F2-1  /D:1     /W-F3-1  /T5-F3-1 /T4-F3-1 /D:1     /W-T0-1  /R       /D:1     
/W-F0-1  /T5-T2-2 /T5-F0-1 /T2-T5-3 /D:2     /W-T1-1  /T4-T1-4 /T1-T4-2 /T1-F0-1 /T6-F0-1 
/T4-T1-3 /D:2     /W-T3-1  /T5-T3-8 /D:1     /W-T0-1  /T5-T0-1 /F0-T6-1 /T5-T6-1 /D:3     
/W-T5-1  /D:1     /W-T0-1  /D:1     /W-F2-1  /T3-F2-1 /T1-F2-1 /T1-F1-1 /T3-F3-1 /T3-F2-1 
/T6-F1-1 /T1-F2-1 /T6-F0-1 /D:1     /W-F3-1  /T3-F3-1 /T1-F3-1 /T3-F2-1 /T6-F3-1 /T1-F0-1 
/T1-F3-1 /R       /D:1     /W-F1-1  /T3-F1-1 /T3-F0-1 /T0-F1-1 /T1-F0-1 /T3-F1-1 /T5-F0-1 
/T0-T1-1 /T0-F1-1 /T0-F0-1 /T3-T5-1 /T3-F1-1 /D:1     /W-F2-1  /D:1     /W-F3-1  /D:1     
/W-F2-1  /T1-F2-1 /T1-F3-1 /T5-F2-1 /T1-F2-1 /T5-F3-1 
"
1020335,Y#LS#MTy#BDGN#jVQKa#tmZPwn#ecbXxRv#IJgizprfqCOEsFuAWdoHlUhk,137.000000,1857.000000,54.000000,0.591837,1,"
minimal: 0 / states: 124 / duration: 0.000239s
history:
/T3-F3-1 /T4-F1-1 /T5-F2-1 /T4-T0-1 /T1-T3-1 /D:4     /W-T5-1  /D:2     /W-T4-1  /D:1     
/W-T3-1  /T4-T3-2 /D:4     /W-F3-1  /D:4     /W-T4-1  /D:1     /W-F0-1  /D:1     /W-T0-1  
/T6-T0-1 /D:2     /W-F2-1  /T3-F2-1 /D:1     /W-T5-1  /D:2     /W-T0-1  /T3-T0-4 /T3-T6-1 
/T3-F0-1 /D:2     /W-T1-1  /T5-T1-3 /T5-F3-1 /T2-T5-1 /T5-T3-2 /T2-T1-1 /T0-T2-9 /T5-T0-1 
/T2-F3-1 /T1-T0-6 /R       /D:3     /W-T4-1  /D:1     /W-T1-1  /D:1     /W-T5-1  /D:1     
/W-F2-1  /T2-F2-1 /D:1     /W-F0-1  /T6-F0-1 /T6-F3-1 /T2-F3-1 /T0-F3-1 /D:1     /W-F0-1  
/D:1     /W-F2-1  /T5-T2-1 /T5-F2-1 /T4-T0-1 /T4-F2-1 /D:1     /W-F0-1  /D:2     /W-T1-1  
/T6-T1-1 /T6-T3-1 /T6-F1-1 /T6-F1-1 /W-F1-1  /T6-F1-1 /T2-F1-1 /T0-F1-1 /T2-F0-1 /T0-F0-1 
/T2-F3-1 /T4-F3-1 /T2-F2-1 /T2-F3-1 /T3-F3-1 /T4-T1-1 /D:1     /W-F1-1  /T0-F1-1 /T0-F2-1 
/T1-F1-1 /T1-F2-1 /T0-F1-1 /T3-F2-1 /T1-F1-1 /T1-F2-1 /T0-T3-1 /T0-F1-1 /R       /D:1     
/W-F0-1  /D:1     /W-F0-1  /T2-F0-1 /T2-F3-1 /T3-F0-1 /T2-F0-1 /T3-F3-1 
"
1020358,z#Ay#BZY#hsed#HrMgI#jROwDX#cJFSPbf#GnxutolUvkViamLKEWCNTQqp,145.000000,2935.000000,62.000000,0.566038,1,"
minimal: 0 / states: 133 / duration: 0.000248s
history:
/T5-T1-1 /T2-T0-1 /T1-T2-2 /T1-F0-1 /T2-T1-3 /T2-F0-1 /D:2     /W-F2-1  /D:1     /W-T0-1  
/D:3     /W-F2-1  /D:2     /W-T4-1  /D:5     /W-F1-1  /D:1     /W-T2-1  /D:1     /W-T2-1  
/D:2     /W-T6-1  /T3-T6-1 /T5-T3-1 /T5-T1-1 /D:1     /W-T0-1  /T4-T0-2 /D:1     /W-T6-1  
/T5-T6-1 /D:1     /W-F3-1  /T6-F3-1 /T6-F0-1 /T3-F0-1 /D:3     /W-T3-1  /D:1     /W-F2-1  
/T3-F2-1 /R       /D:1     /W-T0-1  /T6-T0-3 /T6-F1-1 /T6-F3-1 /D:5     /W-T2-1  /D:1     
/W-T1-1  /D:4     /W-F3-1  /T5-F3-1 /T6-F3-1 /T3-T6-1 /T6-T4-2 /T6-T2-1 /T6-F1-1 /T0-F1-1 
/T0-F0-1 /T4-F1-1 /T4-F0-1 /T3-T4-1 /T0-F1-1 /T0-F0-1 /W-F3-1  /T0-F3-1 /T1-F3-1 /T0-T5-1 
/T0-F3-1 /T3-T5-1 /T5-T0-3 /R       /D:2     /W-T0-1  /D:3     /W-T1-1  /D:1     /R       
/D:1     /W-T1-1  /T4-T1-2 /T4-T3-1 /T4-F2-1 /T1-F2-1 /T0-F2-1 /T1-F1-1 /T0-F1-1 /T1-F2-1 
/T4-F0-1 /T0-F0-1 /T1-F1-1 /T2-F0-1 /T0-F1-1 /T2-F1-1 /D:1     /W-F1-1  /D:1     /W-F2-1  
/T1-F2-1 /T0-F2-1 /T1-F3-1 /T1-F2-1 /T0-F3-1 /T0-F2-1 /T1-F3-1 /D:1     /W-F0-1  /T2-F0-1 
/T2-F1-1 /T3-F0-1 
"
1020362,I#oN#aqS#MfHU#XsCDW#cxrLln#edbQGPi#hkmEFjBywzRVAZpOvJuYKtgT,132.000000,2695.000000,68.000000,0.540816,1,"
minimal: 0 / states: 139 / duration: 0.000166s
history:
/T1-F3-1 /T5-F2-1 /T1-F2-1 /T3-T0-1 /T3-T6-1 /T0-T4-2 /D:3     /W-T0-1  /D:1     /W-T2-1  
/D:4     /W-T0-1  /D:2     /W-T1-1  /T5-T1-1 /D:3     /W-F0-1  /D:2     /W-F2-1  /D:1     
/W-F3-1  /D:5     /W-T1-1  /T4-T1-3 /D:1     /W-T1-1  /T2-T1-2 /T2-F2-1 /T2-F1-1 /D:1     
/W-T6-1  /D:1     /R       /D:2     /W-T0-1  /D:1     /W-T6-1  /D:2     /W-F0-1  /D:1     
/W-T0-1  /T6-T0-4 /T6-F3-1 /T3-T6-1 /D:1     /W-T0-1  /T4-T0-1 /T4-F0-1 /T0-F0-1 /T1-F0-1 
/T0-T4-1 /T0-F0-1 /T4-T0-2 /T4-T5-1 /D:2     /W-T2-1  /T5-T2-2 /T5-F2-1 /D:2     /W-T2-1  
/D:2     /W-T3-1  /T5-T3-1 /D:1     /R       /D:2     /W-T3-1  /D:1     /W-T2-1  /D:1     
/W-T3-1  /W-T3-1  /T6-T3-2 /T6-F3-1 /T0-F3-1 /T1-F3-1 /T6-F1-1 /T5-F1-1 /T6-F1-1 /T6-F1-1 
/T0-F2-1 /T3-F1-1 /T0-F1-1 /T1-F2-1 /T3-F0-1 /T3-F1-1 /T0-F0-1 /T0-F1-1 /T1-T3-1 /T1-F0-1 
/T2-T0-1 /T2-F0-1 /T3-T1-2 /T3-F1-1 /T0-T2-2 /T0-F1-1 /T1-T3-3 /T1-F0-1 /T1-F1-1 /T2-T0-3 
/T2-F0-1 /T0-T2-4 /T0-F1-1 /T3-T1-5 /T3-F0-1 /D:1     /W-F2-1  /D:1     /W-F3-1  /T1-F3-1 
/T1-F2-1 /T2-F3-1 /T1-F3-1 /T2-F2-1 /T1-F2-1 /T2-F3-1 /T1-F3-1 /T2-F2-1 /T1-F2-1 /T2-F3-1 
"
1020386,Q#WP#ETN#JLXf#Ybqvn#tmdFBr#SuksKGR#IDaHZeyColOcVjhzwgUiAMpx,126.500000,1953.000000,44.000000,0.664773,1,"
minimal: 0 / states: 125 / duration: 0.000162s
history:
/T2-F3-1 /T4-F2-1 /T5-T3-1 /T5-T1-1 /T6-T5-1 /T3-T6-2 /T5-T2-2 /T5-T6-1 /D:2     /W-T2-1  
/T1-T2-2 /T4-T1-1 /D:1     /W-F1-1  /D:4     /W-T5-1  /T3-T5-1 /D:1     /W-T0-1  /D:1     
/W-F2-1  /D:2     /W-F3-1  /D:1     /W-T4-1  /T2-T4-1 /T2-F3-1 /T0-T6-1 /T0-F3-1 /T5-T0-3 
/D:3     /W-T1-1  /T6-T1-5 /W-T6-1  /D:2     /W-T0-1  /D:3     /W-T0-1  /D:1     /W-F0-1  
/T4-F0-1 /T1-F0-1 /T2-F0-1 /T4-T2-2 /T4-F1-1 /T2-F1-1 /T6-T4-2 /T1-F1-1 /D:2     /W-F2-1  
/T2-F2-1 /T1-F2-1 /T2-F3-1 /T6-F2-1 /T6-T3-1 /T2-T6-2 /T2-F0-1 /T6-T0-3 /T6-F3-1 /T0-F0-1 
/T0-F3-1 /T5-F2-1 /T0-F2-1 /W-T2-1  /W-F3-1  /T4-T2-3 /D:1     /R       /D:1     /W-T2-1  
/T1-T2-3 /T1-F2-1 /D:1     /W-T0-1  /D:1     /W-T4-1  /T3-T4-2 /T0-T3-2 /T0-F2-1 /T3-T0-3 
/D:1     /W-F1-1  /T2-F1-1 /T2-F0-1 /T0-F0-1 /D:2     /W-F3-1  /T1-F3-1 /T0-T4-2 /T0-F3-1 
/D:1     /W-T1-1  /W-T1-1  /T2-T1-4 /T2-F3-1 /D:1     /W-F1-1  /T1-F1-1 /T1-F0-1 /T4-F1-1 
/T1-F1-1 /T4-F0-1 /T1-F0-1 /T4-F1-1 /T4-F0-1 /T1-F1-1 /T2-F0-1 /T4-F3-1 /D:1     /W-F2-1  
/T0-F2-1 /T0-F1-1 /T1-F2-1 
"
1020397,L#DV#RgZ#akmu#QGpsW#ebwESx#cPnrBON#vHJYMTXthIFCjyfAqoidlUKz,139.500000,3573.000000,56.000000,0.554945,1,"
minimal: 0 / states: 126 / duration: 0.000164s
history:
/T6-F3-1 /T6-F3-1 /T4-T5-1 /T3-T1-1 /T0-T2-1 /T2-T0-2 /T4-T2-1 /T2-T1-2 /T2-T1-1 /T3-T2-1 
/T3-T0-1 /T3-F1-1 /D:1     /W-T5-1  /D:2     /W-T0-1  /T1-T0-5 /T1-T0-1 /D:2     /W-T1-1  
/W-T1-1  /T5-T1-3 /D:4     /W-T1-1  /W-T1-1  /T5-T1-1 /T5-T1-1 /D:5     /W-T2-1  /D:2     
/W-F0-1  /T6-F0-1 /D:3     /W-T5-1  /D:1     /W-T1-1  /T4-T1-1 /D:4     /W-T3-1  /R       
/D:1     /W-T5-1  /D:1     /W-T5-1  /D:1     /W-T2-1  /T5-T2-4 /T5-F1-1 /D:2     /W-T2-1  
/T5-T2-1 /D:1     /W-F0-1  /T0-F0-1 /T1-T6-2 /T1-F0-1 /T6-T1-3 /T6-F2-1 /T6-F3-1 /T6-F1-1 
/D:2     /W-T4-1  /D:1     /W-T0-1  /D:1     /W-F2-1  /T1-F2-1 /T0-F2-1 /T1-F1-1 /T2-F1-1 
/T1-F2-1 /T4-F1-1 /T2-F0-1 /T4-F0-1 /T4-F3-1 /T0-F3-1 /T0-F2-1 /T0-F1-1 /T1-F3-1 /T1-F2-1 
/T1-F1-1 /T2-F3-1 /T0-F2-1 /T2-F0-1 /T2-F1-1 /T1-F2-1 /T2-F2-1 /W-F1-1  /W-F0-1  /T0-T2-2 
/T0-F1-1 /D:1     /W-F1-1  /D:1     /W-F3-1  /T2-F3-1 /T1-F3-1 /T1-F2-1 /T2-F0-1 /T2-F3-1 
/T2-F2-1 /T1-F3-1 /T3-F2-1 /T2-F1-1 /D:1     /W-F0-1  /T0-F0-1 /T0-F3-1 /T1-F0-1 
"
1020411,T#tA#SEf#DORK#FQCJd#whkzLY#iUycbrp#xXPlqaZGeVNmWHgosIMBjvnu,141.000000,1946.000000,53.000000,0.550562,1,"
minimal: 0 / states: 127 / duration: 0.000160s
history:
/T1-F0-1  /T6-T4-1  /T6-T2-1  /T4-T2-2  /T6-T2-1  /T3-T5-1  /T2-T1-5  /D:5      /W-T3-1   /T6-T3-1  
/D:1      /W-F1-1   /T1-F1-1  /T3-F1-1  /D:4      /W-T4-1   /D:1      /W-F3-1   /D:2      /W-T5-1   
/D:1      /W-T4-1   /T0-T4-1  /W-T0-1   /T6-T0-1  /T1-T6-5  /D:3      /W-T4-1   /T3-T4-2  /T3-F3-1  
/D:1      /W-T5-1   /T6-T5-6  /D:1      /W-T1-1   /T5-T1-10 /D:1      /W-F0-1   /D:3      /W-F2-1   
/D:1      /W-T6-1   /R        /D:2      /W-T0-1   /T4-T0-7  /T4-F0-1  /T4-T2-1  /T3-F0-1  /T1-T2-1  
/T1-F1-1  /T2-T1-2  /T2-F0-1  /T4-F0-1  /D:1      /W-F3-1   /D:2      /W-T3-1   /T5-T3-1  /T5-T4-1  
/T5-T3-1  /W-T4-1   /W-T4-1   /D:1      /W-F0-1   /T0-T6-4  /T0-F0-1  /D:1      /W-F1-1   /T1-T2-3  
/T1-F1-1  /T2-T1-4  /D:1      /W-F1-1   /T5-F1-1  /T6-T0-5  /T6-F1-1  /T5-T3-1  /D:1      /W-F2-1   
/T1-F2-1  /T0-F2-1  /T1-F3-1  /T0-F3-1  /T1-F2-1  /T0-F2-1  /T1-F3-1  /T0-F3-1  /T1-F2-1  /T0-F2-1  
/T1-F3-1  /T0-F3-1  /T1-F0-1  /T0-F0-1  /T1-F3-1  /T0-F3-1  /T1-F0-1  /T1-F3-1  /T3-T0-2  /T3-F0-1  
/T1-F0-1  /T3-F3-1  /D:1      /W-F1-1   /D:1      /W-F2-1   /T0-F2-1  /T0-F1-1  /T4-F2-1  /T0-F2-1  
/T4-F1-1  /T0-F1-1  /T4-F2-1  
"
1020444,M#OA#hka#fsbc#oxDKU#mJEGWY#dqVvtnC#wpjigTLzQyZuNSPlRIXHeBFr,140.500000,1906.000000,51.000000,0.638614,1,"
minimal: 0 / states: 123 / duration: 0.000153s
history:
/T1-F0-1 /T2-F1-1 /T5-T0-1 /T1-T6-1 /D:1     /W-T2-1  /D:3     /W-T2-1  /D:4     /W-T1-1  
/D:4     /W-T2-1  /D:1     /W-F3-1  /T6-F3-1 /D:2     /W-F3-1  /D:1     /W-T1-1  /D:2     
/W-T5-1  /T4-T5-1 /T5-T4-3 /T4-T0-4 /T3-T4-1 /T3-F1-1 /T5-T0-1 /W-T3-1  /T4-T3-2 /T4-T1-1 
/W-T0-1  /T5-T0-1 /T3-F1-1 /D:4     /W-F0-1  /T6-F0-1 /T3-F0-1 /T6-F2-1 /T4-F2-1 /T0-F0-1 
/D:1     /W-F0-1  /T0-T6-1 /T0-F0-1 /T6-T0-2 /D:1     /W-T0-1  /R       /D:1     /W-F2-1  
/D:1     /W-T1-1  /T6-T1-1 /T6-T5-1 /T6-F2-1 /T6-F1-1 /T0-F2-1 /D:1     /W-T2-1  /T3-T2-2 
/D:3     /W-F3-1  /T2-F3-1 /T0-F3-1 /T2-F2-1 /T0-F2-1 /D:2     /W-T4-1  /W-T4-1  /T2-T4-5 
/T2-T1-1 /D:2     /W-F0-1  /D:1     /W-F1-1  /T3-F1-1 /T4-F1-1 /T1-F1-1 /T4-F2-1 /T4-F1-1 
/T1-F2-1 /T1-F1-1 /T4-F2-1 /T5-T4-2 /T1-F2-1 /R       /D:1     /W-F3-1  /T0-F3-1 /T0-F0-1 
/T4-F3-1 /T0-F3-1 /T4-F0-1 /T0-F0-1 /T4-F1-1 /T1-F1-1 /T4-F2-1 /T1-F2-1 /T5-F1-1 /D:1     
/W-F0-1  /D:1     /W-F3-1  /T0-F3-1 /T0-F0-1 /T4-F3-1 
"
1020463,T#Ps#Llg#WpyA#YCozN#KGEcXu#baMSmhR#OdUkJqHxfeVwIDtviQrnFZjB,139.000000,2493.000000,50.000000,0.560440,1,"
minimal: 0 / states: 129 / duration: 0.000164s
history:
/T3-F0-1 /T4-F3-1 /T6-T1-1 /T2-T5-1 /T1-T0-2 /T2-T4-1 /D:1     /W-F3-1  /T1-F3-1 /T4-T1-2 
/D:3     /W-T2-1  /D:1     /W-T2-1  /D:1     /W-T0-1  /F3-T0-1 /T4-T0-1 /D:2     /W-T1-1  
/D:3     /W-T2-1  /T5-T2-2 /T5-T3-1 /T0-T5-1 /T0-F3-1 /T5-T0-2 /D:1     /W-T3-1  /D:3     
/W-T6-1  /D:2     /W-T3-1  /D:1     /W-T5-1  /T4-T5-1 /D:2     /W-F2-1  /T0-F2-1 /D:1     
/W-T2-1  /D:2     /W-T1-1  /D:1     /W-F0-1  /T5-F0-1 /T5-F3-1 /R       /D:1     /W-T5-1  
/D:2     /W-T3-1  /T0-T3-5 /D:1     /W-T6-1  /T5-T6-2 /D:1     /W-T2-1  /T3-T2-2 /T3-F3-1 
/D:1     /W-T1-1  /T6-T1-5 /T6-T0-1 /T6-F3-1 /T3-T0-7 /T3-F2-1 /T4-T6-1 /T6-T4-2 /T6-F1-1 
/T6-F1-1 /T2-F1-1 /T1-F1-1 /T2-F2-1 /T2-F1-1 /D:1     /W-F0-1  /T1-F0-1 /T2-F0-1 /T5-F0-1 
/T1-F1-1 /T2-F1-1 /T0-T2-2 /T0-F0-1 /T3-T5-1 /T5-T4-2 /D:1     /W-T4-1  /T1-T4-2 /T1-F0-1 
/D:1     /W-F2-1  /T2-F2-1 /T2-F3-1 /T4-F2-1 /T2-F2-1 /T4-F1-1 /T0-F1-1 /W-F3-1  /T2-F3-1 
/T2-F0-1 /T4-F2-1 /T0-F2-1 /T1-F1-1 /T2-F1-1 /T4-F3-1 /T0-F3-1 /T1-F2-1 /T0-F2-1 /T4-F0-1 
/T1-F1-1 /T2-F0-1 /T0-F1-1 /T4-F3-1 /T1-F2-1 /T4-F0-1 /D:1     /W-F3-1  
"
1020529,o#sA#glc#jeES#RPTBt#fLuIaN#HvhrWCw#ZQbMGxYnVOdDzJiKXFmkyqUp,121.000000,903.000000,47.000000,0.637500,1,"
minimal: 0 / states: 118 / duration: 0.000140s
history:
/T1-F0-1 /T5-F3-1 /T5-F1-1 /T3-T4-1 /T3-T4-1 /T3-T1-1 /T5-T3-1 /T0-T2-1 /D:1     /W-T0-1  
/D:1     /W-T4-1  /D:1     /W-F1-1  /D:5     /W-F2-1  /T2-F2-1 /T2-F1-1 /D:1     /W-T6-1  
/T5-T6-1 /T5-T0-1 /D:1     /W-F3-1  /D:1     /W-F1-1  /T1-F1-1 /T5-F1-1 /D:2     /W-T5-1  
/T2-T5-1 /T2-F1-1 /D:3     /W-T5-1  /T3-T5-2 /D:1     /W-T0-1  /T6-T0-3 /T6-T4-1 /D:2     
/W-T2-1  /D:2     /W-T2-1  /W-T2-1  /D:2     /W-T5-1  /T4-T5-5 /T4-F0-1 /T5-F0-1 /T4-T0-1 
/T4-F3-1 /T5-F3-1 /T4-F3-1 /T1-T0-1 /D:1     /W-F2-1  /W-F2-1  /R       /D:1     /W-T1-1  
/D:3     /W-T1-1  /W-T1-1  /T6-T1-1 /T6-F2-1 /T0-F2-1 /T6-F1-1 /T6-T1-1 /D:1     /W-F0-1  
/T5-F0-1 /T5-F3-1 /T5-F2-1 /T0-F3-1 /T0-F2-1 /T1-F2-1 /T5-F3-1 /T0-F3-1 /T0-F2-1 /T1-F3-1 
/T0-F3-1 /T1-F2-1 /T1-F3-1 /T2-T0-1 /T2-F2-1 /T0-T2-2 /T0-F3-1 /T5-T1-4 /T5-F2-1 /D:1     
/W-T2-1  /D:1     /W-F1-1  /D:1     /W-F0-1  /W-F0-1  /T6-F0-1 /T1-F0-1 /T1-F1-1 /T2-F0-1 
/T1-F0-1 /T2-F1-1 /T1-F1-1 /T2-F0-1 /T1-F0-1 /T2-F1-1 
"
1020583,r#wf#UcQ#hlao#BGiNq#JEjRvM#kusLXPe#nKytZHFAmIDdzSpYVgxTWOCb,132.500000,1879.000000,53.000000,0.585106,1,"
minimal: 0 / states: 128 / duration: 0.000157s
history:
/T4-T6-1 /T4-F3-1 /T2-T0-1 /T3-T2-1 /T3-F1-1 /T2-T6-2 /T3-T5-1 /T0-T1-2 /T5-T0-2 /T2-T5-1 
/D:1     /W-F2-1  /T6-F2-1 /D:1     /W-T0-1  /D:2     /W-T3-1  /T1-T3-3 /T4-T1-1 /T4-T5-1 
/T4-T6-1 /D:1     /W-T2-1  /W-T2-1  /D:1     /W-T1-1  /D:2     /W-F0-1  /T6-F0-1 /D:1     
/W-T4-1  /D:5     /W-T5-1  /D:1     /W-F2-1  /D:3     /W-T1-1  /D:3     /W-T0-1  /T5-T0-4 
/D:1     /W-F3-1  /D:1     /W-F0-1  /D:1     /W-F1-1  /T6-F1-1 /T6-F2-1 /R       /D:1     
/W-T1-1  /T6-T1-1 /T6-F3-1 /T3-F3-1 /T5-F3-1 /T6-T2-1 /T6-T4-1 /T0-F3-1 /T3-F2-1 /T6-F2-1 
/T3-T0-1 /T3-F2-1 /T6-F2-1 /T1-T2-6 /T6-T4-1 /D:1     /W-T5-1  /T0-T5-3 /T0-F2-1 /D:1     
/W-F0-1  /D:1     /W-F1-1  /T2-F1-1 /T5-F1-1 /D:1     /W-T1-1  /D:1     /W-T1-1  /D:2     
/W-T1-1  /T5-T1-4 /T5-F0-1 /T2-F0-1 /T1-F0-1 /T2-F1-1 /T3-F1-1 /T2-F0-1 /T2-F1-1 /T2-F2-1 
/T1-T0-2 /T1-F1-1 /T1-F2-1 /T4-F1-1 /T0-T1-4 /T0-F1-1 /T2-T4-1 /T2-F2-1 /T1-T0-5 /T1-F2-1 
/T4-T2-2 /T4-F1-1 /W-T5-1  /T5-T2-2 /D:1     /W-F3-1  /T0-F3-1 /T0-F0-1 /T2-F3-1 /T0-F3-1 
/T2-F0-1 /T0-F0-1 /T2-F3-1 /T0-F3-1 /T2-F0-1 /T0-F0-1 /T2-F3-1 
"
1020620,H#sN#qTj#GRYk#lQtpb#vAdKZo#SyMOLDn#cUfrzhBgaEVJCFXWemiPxuIw,137.000000,1928.000000,55.000000,0.556818,1,"
minimal: 0 / states: 124 / duration: 0.000159s
history:
/T1-F3-1 /T6-F2-1 /T5-F2-1 /D:1     /W-T6-1  /D:6     /W-T6-1  /D:1     /W-T0-1  /T1-T0-1 
/T5-T1-1 /T2-T5-1 /D:1     /W-F1-1  /T4-F1-1 /T4-F2-1 /D:3     /W-T3-1  /W-T3-1  /T0-T3-3 
/D:2     /W-T2-1  /D:3     /W-T2-1  /T6-T2-3 /T6-T1-1 /T6-F3-1 /T3-T1-6 /T5-T3-2 /T3-T6-3 
/T6-T0-4 /T3-T1-1 /D:3     /W-F3-1  /D:3     /W-T0-1  /D:1     /R       /D:1     /W-T0-1  
/T4-T0-1 /T4-F3-1 /T1-F3-1 /D:1     /W-T0-1  /D:1     /W-T0-1  /T5-T0-1 /T5-F0-1 /T2-F0-1 
/T2-F1-1 /T0-F1-1 /D:2     /W-T5-1  /T3-T5-1 /W-T3-1  /T4-T3-1 /D:2     /W-F0-1  /T2-F0-1 
/W-F0-1  /T2-F1-1 /T2-F0-1 /T5-F0-1 /D:1     /W-T6-1  /D:2     /W-T4-1  /T6-T4-2 /T6-F3-1 
/T2-F3-1 /T2-F2-1 /T0-F2-1 /T0-F1-1 /T1-F2-1 /T0-F2-1 /T0-F3-1 /T1-F1-1 /T1-F0-1 /T5-F1-1 
/T0-F0-1 /T1-F3-1 /T1-F0-1 /W-F3-1  /T4-F3-1 /T0-T3-2 /T0-F3-1 /T5-T3-1 /D:1     /W-F1-1  
/D:2     /W-F2-1  /T3-F2-1 /T3-F1-1 /T3-F0-1 /T1-F1-1 /T1-F0-1 /T0-F0-1 /T1-F3-1 /T3-F1-1 
/D:1     /W-F2-1  /W-F2-1  /T4-F2-1 /T3-F2-1 /T4-F1-1 
"
1020664,n#xy#oNI#fJOm#CiLXZ#FzVcks#vqlGQEU#prKMYBPbewtgHhAdRauDTWSj,129.000000,1687.000000,53.000000,0.554348,1,"
minimal: 0 / states: 128 / duration: 0.000160s
history:
/T0-F2-1 /T6-T2-1 /T4-T0-1 /T4-T1-1 /T4-T0-1 /T1-T3-2 /D:9     /W-T5-1  /D:1     /W-T3-1  
/T4-T3-1 /W-T4-1  /D:1     /W-T2-1  /D:2     /W-T3-1  /W-T3-1  /T5-T3-2 /T5-T0-1 /D:2     
/W-F0-1  /D:1     /W-T6-1  /T4-T6-2 /T3-T4-9 /D:2     /W-F1-1  /T6-F1-1 /T5-F1-1 /T3-T6-1 
/T5-T3-1 /T3-T0-2 /T6-T3-4 /T3-T2-5 /T5-T3-1 /T2-T6-2 /T2-F1-1 /T6-T2-3 /T4-F1-1 /W-T4-1  
/D:1     /W-T0-1  /D:1     /W-T4-1  /D:1     /W-T0-1  /T5-T0-1 /D:1     /W-T1-1  /T2-T1-8 
/T2-F3-1 /T1-F3-1 /T2-F2-1 /D:1     /W-T6-1  /T1-T6-3 /T1-F1-1 /D:1     /R       /D:1     
/W-F2-1  /D:3     /W-T2-1  /D:1     /W-T2-1  /W-T2-1  /D:1     /W-F0-1  /T6-F0-1 /T4-F0-1 
/D:1     /W-F3-1  /T6-F3-1 /T6-F0-1 /T0-F0-1 /T6-T1-1 /T6-F0-1 /T6-T3-1 /T6-F2-1 /T4-F3-1 
/W-F2-1  /T1-F3-1 /T4-F2-1 /T0-F3-1 /T1-F2-1 /T1-F3-1 /T4-F1-1 /T0-F2-1 /T4-F0-1 /T0-F3-1 
/T1-F0-1 /T0-F0-1 /T1-F3-1 /T2-F0-1 /T6-F2-1 /T4-T0-2 /T4-F3-1 /T2-F3-1 /T0-T4-3 /T0-F0-1 
/T0-F3-1 /T2-F0-1 /T1-T3-1 /D:1     /W-F1-1  /T4-F1-1 /T4-F2-1 /T3-F2-1 /D:1     /W-F1-1  
/T4-F1-1 /T3-F1-1 /T4-F2-1 /T3-F2-1 /T4-F1-1 
"
1020727,c#Of#Jhz#gGml#RvdbA#YLPxpn#BwQDSjk#tyWFXTMUaKZrqsHViEIuoNeC,135.000000,2005.000000,56.000000,0.505618,1,"
minimal: 0 / states: 131 / duration: 0.000156s
history:
/T4-F0-1 /T5-F2-1 /T3-T2-1 /T4-T5-1 /T5-T4-2 /T5-T2-1 /D:2     /W-T3-1  /T6-T3-1 /T6-T2-1 
/D:7     /W-F1-1  /T4-F1-1 /T0-F1-1 /T2-T0-4 /D:3     /W-T1-1  /T4-T1-2 /T2-T4-1 /T4-T0-2 
/T2-T3-1 /T3-T2-4 /T6-T3-1 /T6-T4-1 /T5-T4-1 /T3-T0-2 /T1-T6-1 /T1-F1-1 /T6-T1-2 /D:2     
/W-T3-1  /T4-T3-3 /D:2     /W-T2-1  /W-T2-1  /T3-T2-5 /D:1     /W-T6-1  /D:1     /W-T0-1  
/D:2     /W-T6-1  /D:1     /W-F2-1  /T1-F2-1 /D:1     /W-F3-1  /D:1     /W-F1-1  /D:1     
/W-T1-1  /R       /D:4     /W-T5-1  /T6-T5-3 /T6-F0-1 /T1-F0-1 /D:1     /W-T5-1  /W-T5-1  
/D:1     /W-T3-1  /D:3     /W-T4-1  /T5-T4-7 /W-T5-1  /T5-T3-2 /D:1     /W-F2-1  /T1-T0-1 
/T1-F2-1 /T1-F1-1 /T1-F3-1 /T2-F3-1 /T0-F3-1 /T2-F0-1 /T0-F0-1 /T2-F3-1 /T0-F3-1 /T2-F2-1 
/T4-F0-1 /T0-F0-1 /T2-F1-1 /T4-F3-1 /T2-F0-1 /T0-F1-1 /W-F3-1  /T2-F3-1 /W-F3-1  /W-F2-1  
/T4-F2-1 /T0-F2-1 /T4-F1-1 /T4-F2-1 /T0-F1-1 /T0-F2-1 /T4-F3-1 /T2-T4-2 /T2-F2-1 /T3-T0-1 
/T3-F3-1 /T0-T3-2 /T0-F2-1 /T4-T2-3 /T4-F3-1 /D:1     /W-F0-1  /T2-F0-1 /T2-F1-1 /T3-F0-1 
/T2-F0-1 /T3-F1-1 /T2-F1-1 /T3-F0-1 
"
1020814,r#Po#KOb#HCMu#UiGZa#vxpwDd#JeISgsA#LmQEjqhYTWFVfnXBcNtkyzlR,114.500000,2704.000000,52.000000,0.646739,1,"
minimal: 0 / states: 120 / duration: 0.000156s
history:
/T4-F1-1 /T2-F1-1 /T6-F0-1 /T5-T0-1 /D:1     /W-T4-1  /D:8     /W-T3-1  /T6-T3-1 /D:2     
/W-T6-1  /D:3     /W-F2-1  /T1-F2-1 /T1-T5-1 /T4-T1-2 /W-T4-1  /T0-T4-2 /D:1     /W-T1-1  
/D:1     /W-F0-1  /D:1     /W-F1-1  /T4-F1-1 /D:1     /W-F3-1  /T2-F3-1 /T5-F3-1 /D:4     
/W-T0-1  /D:1     /W-T0-1  /T2-T0-1 /D:1     /W-T3-1  /T5-T3-1 /T5-T1-1 /T5-F2-1 /R       
/D:1     /W-T2-1  /D:1     /W-F3-1  /D:2     /W-T0-1  /D:1     /W-F2-1  /T4-F2-1 /T3-T6-2 
/T3-F2-1 /W-T4-1  /D:3     /W-T5-1  /D:1     /W-T1-1  /T3-T1-2 /W-T3-1  /T5-T3-2 /T5-T0-1 
/T3-T5-4 /T3-F0-1 /T6-F0-1 /T4-F0-1 /T6-F3-1 /T6-T3-2 /T6-F3-1 /T6-T5-1 /T6-F1-1 /T3-F0-1 
/T1-F3-1 /T4-F1-1 /T3-F1-1 /T4-F0-1 /T3-F0-1 /T4-T6-1 /T4-F3-1 /T5-F0-1 /W-F1-1  /T6-F1-1 
/T6-F0-1 /T0-T5-1 /T0-F1-1 /T0-F0-1 /D:1     /W-F2-1  /T1-F2-1 /T1-F3-1 /T5-F2-1 /T1-F2-1 
/T5-F3-1 /T1-F3-1 /T5-F2-1 /T5-F3-1 /T1-F0-1 /T1-F3-1 /T5-F0-1 /D:1     /W-F1-1  /T0-F1-1 
/T2-F1-1 /D:1     /W-F2-1  /T0-F2-1 
"
1020856,i#SH#TPv#hNoA#sgmjz#GcXIZe#dyBYOMq#EwUWkfxunJrlbKRCpVQFtDaL,132.500000,3829.000000,56.000000,0.537234,1,"
minimal: 0 / states: 124 / duration: 0.000165s
history:
/T3-F0-1  /T6-T5-1  /T1-T0-1  /D:1      /W-T1-1   /D:2      /W-T2-1   /D:6      /W-F2-1   /T3-F2-1  
/T3-F3-1  /D:3      /W-T4-1   /D:2      /W-T4-1   /D:3      /W-F2-1   /T5-F2-1  /D:2      /W-T1-1   
/D:2      /W-T2-1   /T1-T2-3  /T6-T1-1  /T6-F3-1  /T6-T1-1  /T6-F0-1  /D:1      /W-T5-1   /D:1      
/W-F1-1   /D:1      /R        /D:2      /W-T4-1   /T2-T4-6  /T2-F3-1  /T2-T0-1  /T4-T2-10 /T2-F3-1  
/D:1      /W-T6-1   /W-T6-1   /T0-T6-3  /D:2      /W-T1-1   /T4-T1-1  /T4-T0-1  /T6-T0-6  /T6-T2-1  
/D:3      /W-F2-1   /D:1      /W-F1-1   /D:1      /W-F3-1   /D:1      /W-F0-1   /T5-F0-1  /D:2      
/W-T0-1   /T5-T0-1  /T5-T6-1  /T5-T1-1  /T3-T1-1  /D:1      /W-T6-1   /T5-T6-1  /T5-F1-1  /T2-F1-1  
/T0-F1-1  /T2-F0-1  /T0-F0-1  /T2-F3-1  /T0-F3-1  /T4-T0-1  /T4-F2-1  /T2-F2-1  /T2-F3-1  /T5-F0-1  
/W-F3-1   /W-T6-1   /W-F2-1   /W-F1-1   /T0-F1-1  /T0-F0-1  /T1-F1-1  /T0-F1-1  /T1-F0-1  /T2-F2-1  
/T0-F2-1  /T1-F1-1  /T2-F3-1  /T1-F2-1  /T6-F0-1  /T0-F1-1  /T2-F0-1  /T2-F1-1  /T6-F3-1  /T0-F2-1  
/T1-F3-1  /T2-F2-1  /T6-F0-1  /T0-F1-1  /T1-F0-1  /T6-F3-1  
"
1021011,y#Jf#EDU#YFcu#vxeHl#QrBsob#pWCOXZa#GdmtRiVSwKLhTnMzPIjAgNqk,133.000000,2001.000000,50.000000,0.590361,1,"
minimal: 0 / states: 120 / duration: 0.000147s
history:
/T6-F1-1 /T5-F1-1 /T0-T6-1 /T6-T0-2 /T6-T0-1 /D:1     /W-T2-1  /T1-T2-1 /T1-T0-1 /D:2     
/W-T1-1  /D:3     /W-T0-1  /T3-T0-1 /T3-F1-1 /W-T3-1  /D:4     /W-T4-1  /D:1     /W-T1-1  
/D:2     /W-T0-1  /T3-T0-2 /D:1     /W-F2-1  /T5-F2-1 /D:5     /W-T4-1  /W-T4-1  /T2-T4-3 
/T2-T0-1 /W-T0-1  /T2-T4-1 /W-T2-1  /T4-T2-8 /D:1     /W-F0-1  /D:1     /W-T4-1  /T5-T4-1 
/T5-F0-1 /D:1     /W-F3-1  /T6-F3-1 /T0-F3-1 /T6-F0-1 /T0-F0-1 /T2-F0-1 /T5-T2-1 /T5-F3-1 
/T0-F3-1 /T0-F0-1 /W-T5-1  /T3-T5-1 /D:2     /W-T1-1  /R       /D:1     /W-F1-1  /D:3     
/W-F3-1  /T0-F3-1 /D:1     /W-T1-1  /W-T1-1  /T4-T1-3 /T4-F1-1 /T4-T5-1 /T6-T5-1 /T6-F2-1 
/T4-T5-1 /D:1     /W-T5-1  /T2-T5-3 /T2-F3-1 /D:1     /W-F2-1  /T5-F2-1 /T1-F2-1 /T5-F1-1 
/T1-F1-1 /T5-F0-1 /T1-F0-1 /W-F2-1  /T0-F2-1 /T1-F3-1 /T5-F1-1 /T0-F1-1 /T2-F0-1 /T0-F0-1 
/T5-F2-1 /T1-F2-1 /T2-F1-1 /T1-F1-1 /T5-F3-1 /T0-F3-1 /T2-F0-1 /T1-F0-1 /T5-F2-1 /T0-F2-1 
/T2-F1-1 /T1-F1-1 /T5-F3-1 /T0-F3-1 /T2-F2-1 /T5-F0-1 
"
1021089,t#qX#LGn#Pxvs#TFKkZ#jJpbBA#hzEWcia#OwldIeNRmQyYofUHuSrgCDVM,144.000000,1220.000000,45.000000,0.626437,1,"
minimal: 0 / states: 119 / duration: 0.000181s
history:
/T2-F2-1  /T5-F0-1  /T5-F0-1  /T6-F1-1  /T5-F1-1  /D:1      /W-T5-1   /D:1      /W-T1-1   /T6-T1-1  
/T6-F1-1  /D:2      /W-F1-1   /D:1      /W-T6-1   /D:1      /W-F1-1   /D:1      /W-F3-1   /T5-F3-1  
/D:1      /W-T3-1   /D:3      /W-T4-1   /T1-T4-3  /T1-T3-1  /T4-T1-5  /D:2      /W-F2-1   /T5-F2-1  
/T5-T4-1  /T3-F2-1  /D:1      /W-F1-1   /D:1      /W-T6-1   /T2-T6-1  /T4-T2-2  /T6-T4-4  /F1-T0-1  
/T6-T0-1  /W-T6-1   /T4-T6-5  /W-T0-1   /D:1      /W-T1-1   /D:2      /W-T6-1   /T0-T6-2  /T0-F1-1  
/D:1      /W-F2-1   /T3-T4-1  /T3-F2-1  /T3-T5-1  /T5-T3-2  /T6-T5-10 /T0-F2-1  /W-F2-1   /T3-F2-1  
/T1-T2-2  /T1-F2-1  /W-T0-1   /T2-T0-5  /D:1      /W-T0-1   /T4-T0-2  /T0-T4-2  /T0-F1-1  /T6-F1-1  
/T4-T0-3  /D:1      /W-F0-1   /D:1      /W-F0-1   /D:2      /W-T2-1   /R        /D:1      /W-T2-1   
/T3-T2-2  /T3-F3-1  /T5-F3-1  /T0-F3-1  /T5-F0-1  /T0-F0-1  /T5-F3-1  /T0-F3-1  /T5-F0-1  /T0-F0-1  
/T0-F1-1  /T5-F3-1  /T5-F0-1  /T2-F1-1  /T0-F0-1  /T0-F1-1  /T2-F2-1  /T2-F1-1  /T1-T0-1  /T1-F2-1  
/T0-T1-2  /T0-F1-1  /T5-T2-3  /T5-F2-1  /D:1      /W-F3-1   /T2-F3-1  /T1-F3-1  /T2-F0-1  /T1-F0-1  
/T2-F3-1  /T1-F3-1  /T2-F0-1  
"
1021293,G#Ch#VbX#SJIZ#Eufsz#twNBoe#WlxdagL#TYRMqkQUKjHirPycvmODFnpA,145.000000,1611.000000,49.000000,0.576471,1,"
minimal: 0 / states: 131 / duration: 0.000140s
history:
/T6-T3-1 /T2-T3-1 /T0-T1-1 /T4-T0-1 /T5-T4-1 /T4-T6-2 /T4-T1-1 /T6-T4-3 /T6-F1-1 /T2-F1-1 
/T4-T2-4 /T6-T4-1 /T4-T1-2 /T3-T4-3 /T1-T3-5 /T1-T3-1 /D:2     /W-T0-1  /T6-T0-1 /D:2     
/W-T1-1  /T6-T1-1 /T3-T6-7 /T3-T4-1 /T2-T4-5 /T6-T0-8 /D:1     /W-T4-1  /D:4     /W-T1-1  
/D:1     /W-T1-1  /D:3     /W-T3-1  /D:1     /W-T4-1  /T5-T4-1 /D:2     /W-F1-1  /D:1     
/W-T1-1  /D:1     /W-T2-1  /W-T2-1  /D:1     /W-T0-1  /D:3     /W-F2-1  /T4-F2-1 /T5-T4-1 
/T5-F3-1 /T0-F3-1 /D:1     /W-F2-1  /D:1     /W-F0-1  /T4-F0-1 /T0-F0-1 /T0-F1-1 /T4-F3-1 
/T4-F2-1 /T3-F2-1 /T4-F1-1 /T4-F2-1 /T0-T3-1 /T0-F1-1 /T4-F1-1 /T3-T0-2 /R       /D:1     
/W-T4-1  /D:2     /W-T2-1  /T5-T2-1 /T5-F2-1 /D:1     /W-F3-1  /W-F3-1  /D:1     /W-T1-1  
/T0-T1-3 /T0-F1-1 /D:2     /W-F1-1  /D:1     /W-F0-1  /T1-F0-1 /T1-F3-1 /T4-F3-1 /T4-F2-1 
/T1-T0-2 /T1-F2-1 /T1-F1-1 /T2-F2-1 /T2-F1-1 /T0-T1-4 /T0-F2-1 /T2-F2-1 /T1-T0-5 /T1-F1-1 
/T2-F1-1 /T0-T1-6 /T0-F2-1 /W-T4-1  /D:1     /W-F0-1  /T1-F0-1 /T1-F3-1 /T4-F0-1 /T1-F0-1 
/T4-F3-1 /T1-F3-1 /T4-F0-1 /T1-F0-1 /T4-F3-1 /T1-F3-1 /T4-F0-1 /T1-F0-1 /T4-F3-1 
"
1021406,W#tM#AVY#uwkI#TxDpN#rlQHSP#fmJOgdB#CFqEejXGUychLsniRbvKZoaz,174.000000,2078.000000,55.000000,0.523810,1,"
minimal: 0 / states: 129 / duration: 0.000162s
history:
/T4-F3-1  /T6-T5-1  /T3-T0-1  /T4-T6-1  /T5-T4-2  /T2-T1-1  /D:4      /W-T5-1   /T6-T5-2  /D:5      
/W-T0-1   /W-T0-1   /T5-T0-4  /T6-T5-1  /T6-F3-1  /T5-T2-2  /T6-T3-1  /T2-T3-3  /T2-F0-1  /T4-F0-1  
/T1-T2-2  /T4-F3-1  /T5-F3-1  /D:1      /W-T6-1   /T3-T6-5  /D:1      /W-T4-1   /D:3      /W-T6-1   
/D:1      /W-F2-1   /D:1      /W-T3-1   /D:1      /W-T6-1   /T4-T6-2  /T4-T2-1  /T0-T2-8  /T6-T0-11 
/T6-T1-1  /D:1      /W-T2-1   /D:2      /W-T5-1   /D:1      /W-T6-1   /D:1      /W-F2-1   /D:1      
/W-F1-1   /T2-F1-1  /T0-F1-1  /T2-F2-1  /T2-F1-1  /D:1      /R        /D:1      /W-F0-1   /T0-F0-1  
/T2-F0-1  /T0-F3-1  /T2-F3-1  /T4-F3-1  /D:1      /W-F0-1   /T2-F0-1  /T2-F3-1  /T0-T3-3  /T0-F3-1  
/D:1      /W-F2-1   /D:1      /W-F1-1   /T1-F1-1  /D:1      /W-T5-1   /T2-T5-1  /T2-F3-1  /D:1      
/W-F3-1   /D:1      /W-T5-1   /T1-T5-1  /D:1      /W-T6-1   /F3-T6-1  /T3-T6-5  /T6-T3-2  /T6-F0-1  
/T3-T6-3  /D:2      /W-T1-1   /T5-T1-6  /T5-F2-1  /T6-F2-1  /T1-F2-1  /T6-F1-1  /T1-F1-1  /T1-F0-1  
/T6-F2-1  /T6-F1-1  /T0-F0-1  /W-F2-1   /T1-F1-1  /T1-F0-1  /T6-F2-1  /T0-F1-1  /T2-F2-1  /T1-F1-1  
/T6-F3-1  /T0-F2-1  /T2-F3-1  /T1-F2-1  /T6-F0-1  /T0-F1-1  /T2-F0-1  /T6-F3-1  
"
1021519,W#kH#htZ#FROe#gqxNL#riEzVn#UDjbBoa#cpGYufAlQsdPmTwKJXCMSIyv,132.000000,2515.000000,62.000000,0.568627,1,"
minimal: 0 / states: 127 / duration: 0.000255s
history:
/T5-F2-1 /T6-F1-1 /T6-F2-1 /T4-T2-1 /T4-F3-1 /T1-T5-1 /T0-T4-1 /T2-T0-2 /T1-T0-1 /D:2     
/W-F2-1  /D:4     /W-T2-1  /D:1     /W-F0-1  /T6-F0-1 /T6-F1-1 /D:6     /W-T1-1  /D:1     
/W-T5-1  /D:1     /W-T0-1  /T5-T0-3 /D:4     /W-F0-1  /D:3     /W-T4-1  /D:1     /W-T1-1  
/D:1     /W-T6-1  /R       /D:1     /W-F1-1  /D:2     /W-T5-1  /T4-T5-3 /T4-F2-1 /D:4     
/W-T0-1  /T3-T0-1 /T3-F3-1 /D:1     /W-F1-1  /T0-F1-1 /T3-T0-1 /T3-T4-1 /T5-T3-5 /T5-T2-1 
/W-T2-1  /D:1     /W-F3-1  /T2-F3-1 /T0-F3-1 /D:3     /W-T1-1  /W-T1-1  /T5-T1-1 /T5-F2-1 
/T0-F2-1 /D:1     /W-T5-1  /D:1     /W-F3-1  /T0-F3-1 /T4-T0-2 /R       /D:2     /W-T1-1  
/D:1     /W-T5-1  /D:1     /W-T5-1  /T6-T5-2 /T6-F0-1 /T2-F0-1 /T0-F0-1 /T2-F1-1 /T0-F1-1 
/T2-F2-1 /T1-F2-1 /W-F0-1  /T0-F0-1 /T2-F1-1 /T1-F1-1 /T6-F3-1 /T0-F3-1 /T3-F0-1 /T1-F0-1 
/T5-F2-1 /T0-F2-1 /T3-F3-1 /T1-F3-1 /T5-F1-1 /T0-F1-1 /T3-F2-1 /T1-F2-1 /T5-F0-1 /T0-F0-1 
/T3-F3-1 /T0-F3-1 /T5-F1-1 /T1-F1-1 /T3-F2-1 /T5-F0-1 
"
1021612,V#EM#tlo#Whcz#KNYQH#BujdfT#SLpgvCn#xbRyiDFPXqIGAeUJwaZsmOrk,47.000000,28.000000,43.000000,0.647059,0,"
minimal: 0 / states: 1018432 / duration: 2.226087s
history:
/T6-F2-1 /T2-F2-1 /D:1     /W-T2-1  /D:1     /W-T6-1  /D:5     /W-T5-1  /D:6     /W-F0-1  
/D:1     /W-T5-1  /T4-T0-1 /T5-T0-3 /T6-T4-2 /D:1     /W-T6-1  /D:3     /W-F1-1  /T4-F1-1 
/T2-T3-2 /T2-T6-1 /T1-T2-1 /T4-T1-2 /T4-T2-1 /T4-F3-1 /T4-T2-1 /T3-T4-3 /T3-F1-1 /T5-T6-1 
/T5-F1-1 /T0-F1-1 /T6-F1-1 /T6-T5-3 /T6-F1-1 /T6-F2-1 /T3-F1-1 /T3-T2-1 /D:1     /W-T3-1  
/T6-T3-1 /D:3     /W-F3-1  /D:1     /W-T6-1  /D:1     /W-T3-1  /R       /D:1     /W-T0-1  
/D:2     /W-F1-1  /T5-T2-3 /T5-F1-1 /D:1     /W-T0-1  /D:1     /W-F3-1  /D:2     /W-F2-1  
/T6-F2-1 /D:3     /W-T3-1  /D:2     /W-F2-1  /T2-F2-1 /T5-F2-1 /T5-F0-1 /T1-F0-1 /T0-F0-1 
/T1-F3-1 /T0-F3-1 /T1-F0-1 /T0-F0-1 /T6-F3-1 /T0-F3-1 /T2-F3-1 /T2-F2-1 /D:1     /W-T1-1  
/R       /D:4     /W-F0-1  /T0-F0-1 /T0-F3-1 /T2-F3-1 /D:1     /W-F2-1  /T4-F2-1 /R       
/D:1     /W-F2-1  /D:1     /W-F3-1  /D:1     /W-F0-1  /T3-F0-1 /T2-F0-1 /T2-F3-1 /T3-F1-1 
/T3-F0-1 /T2-F0-1 /T3-F3-1 /T4-F1-1 /T1-F1-1 /T4-F2-1 
"
1021627,e#zu#FYw#CZMO#jtxcn#gfSlma#dbAKQGV#WRHDNkUJPrETyIpihqXBoLsv,92.000000,971.000000,50.000000,0.674419,1,"
minimal: 0 / states: 128 / duration: 0.000121s
history:
/T4-F2-1 /T5-F1-1 /T6-T2-1 /T1-T2-1 /D:4     /W-T0-1  /T4-T0-1 /D:1     /W-F3-1  /T3-F3-1 
/D:4     /W-F3-1  /D:3     /W-T2-1  /D:1     /W-T5-1  /D:6     /W-T5-1  /T2-T5-4 /T4-T2-1 
/T2-T1-2 /T0-T2-3 /T5-T0-7 /T5-T3-1 /T5-T4-1 /T5-T6-1 /T2-T0-4 /T3-T2-2 /D:1     /W-T0-1  
/D:1     /W-F2-1  /D:1     /W-T3-1  /D:1     /W-T5-1  /D:1     /R       /D:1     /W-T1-1  
/D:1     /W-T5-1  /D:2     /W-T3-1  /D:2     /W-T3-1  /D:1     /W-T4-1  /D:1     /W-T6-1  
/D:1     /W-T1-1  /W-T1-1  /T6-T1-3 /T6-F3-1 /T6-T2-1 /T6-F0-1 /T0-F0-1 /T6-F1-1 /T0-F1-1 
/T6-T1-1 /T3-T6-4 /T3-F0-1 /T0-F0-1 /T1-F1-1 /T1-F0-1 /T0-F1-1 /T0-F0-1 /T1-F1-1 /T1-F0-1 
/T4-T1-3 /T5-F3-1 /W-F0-1  /T5-T0-1 /T5-F1-1 /T4-T2-1 /D:1     /W-F2-1  /D:1     /W-T6-1  
/D:1     /W-F1-1  /T6-F1-1 /T2-F1-1 /D:1     /W-F2-1  /T1-F2-1 /T0-F2-1 /T1-F3-1 /T0-F3-1 
/T1-F2-1 /T0-F2-1 /T1-F3-1 /T0-F3-1 /T1-F0-1 /T6-F0-1 /T1-F3-1 /T2-F0-1 /T6-F1-1 /T2-F1-1 
/T6-F0-1 /T2-F0-1 /T0-T6-3 /T0-F1-1 /D:1     /W-F2-1  /T6-F2-1 /T1-F2-1 /T6-F3-1 /T1-F3-1 
/T6-F2-1 /T1-F2-1 /T6-F3-1 
"
1021718,X#Sy#DKx#ngzN#JBLhV#QMkwWY#oTHiFbZ#GsIlRjfmdrCaEPOUvpqAtecu,132.500000,2191.000000,52.000000,0.551724,1,"
minimal: 0 / states: 131 / duration: 0.000124s
history:
/T3-F3-1 /T5-T3-1 /T5-T2-1 /T4-T5-1 /T5-T0-2 /T2-T3-2 /T5-T1-1 /T1-T6-2 /D:1     /W-T4-1  
/T1-T4-1 /T6-T1-3 /D:2     /W-T3-1  /T4-T3-3 /T0-T4-3 /T3-T0-8 /W-T3-1  /D:1     /W-T5-1  
/T2-T5-1 /D:1     /W-T3-1  /T2-T3-1 /T5-T2-3 /D:1     /W-T2-1  /D:4     /W-T0-1  /W-T0-1  
/D:1     /W-T0-1  /T6-T0-1 /D:1     /W-F1-1  /T0-F1-1 /D:2     /W-T3-1  /D:1     /W-F3-1  
/T3-F3-1 /T5-F3-1 /D:2     /W-T2-1  /W-T2-1  /D:3     /W-F0-1  /D:1     /W-T2-1  /D:1     
/W-T6-1  /T3-T6-1 /T3-F3-1 /D:1     /W-F1-1  /D:1     /W-T4-1  /T3-T4-2 /T3-F2-1 /R       
/D:1     /W-T2-1  /T0-T2-3 /T0-F3-1 /D:1     /W-T3-1  /T4-T3-7 /T4-F0-1 /T2-F0-1 /T6-F0-1 
/T2-F1-1 /T6-F1-1 /T4-T1-1 /D:1     /W-F0-1  /T6-F0-1 /T6-T1-1 /T6-T1-1 /T6-F3-1 /T6-F2-1 
/T0-F0-1 /T1-F0-1 /T2-T0-3 /T2-F3-1 /T0-T2-4 /T0-F0-1 /T3-T1-3 /T3-F3-1 /T0-F3-1 /T1-T3-4 
/T1-F0-1 /T2-T0-6 /T2-F0-1 /T3-T1-5 /T3-F3-1 /T3-F0-1 /T0-T2-7 /T0-F3-1 /T1-T3-7 /T1-F3-1 
/T2-T0-8 /T2-F0-1 /D:1     /W-F2-1  /D:1     /W-F2-1  /T0-F2-1 /T0-F1-1 /T3-F2-1 /T0-F2-1 
/T3-F1-1 /T0-F1-1 /T3-F2-1 /T0-F2-1 /T3-F1-1 /T0-F1-1 /T3-F2-1 /T0-F2-1 /T3-F1-1 /T0-F1-1 
/T3-F2-1 /T0-F2-1 /T3-F1-1 
"
1021735,j#VY#JqQ#fhap#mAogz#MHbZrw#sUlXROn#PWNLcTKDvtEdiFxeBIGySukC,146.000000,3916.000000,52.000000,0.572222,1,"
minimal: 0 / states: 126 / duration: 0.000119s
history:
/T6-F2-1 /T6-T3-1 /T3-T2-2 /T3-F1-1 /T1-T4-1 /T1-T5-1 /T4-T1-2 /D:3     /W-F3-1  /T2-F3-1 
/D:4     /W-T1-1  /T0-T1-1 /D:1     /W-T6-1  /D:1     /W-T1-1  /T3-T1-1 /D:1     /W-T1-1  
/T3-T1-1 /D:1     /W-T1-1  /T2-T1-2 /D:3     /W-T4-1  /T6-T4-2 /T5-T6-2 /D:8     /W-T6-1  
/T4-T6-4 /T4-F2-1 /T4-F0-1 /T1-F2-1 /T2-F2-1 /T5-F2-1 /T5-T0-1 /T5-F1-1 /D:2     /W-T1-1  
/R       /D:1     /W-F3-1  /D:2     /W-T0-1  /T6-T0-8 /D:1     /W-F1-1  /D:1     /W-T5-1  
/D:1     /W-F1-1  /D:1     /W-T2-1  /T5-T2-2 /T6-T5-1 /D:1     /W-T5-1  /W-T5-1  /D:1     
/W-F1-1  /D:1     /W-F0-1  /T1-F0-1 /T0-F0-1 /T1-F3-1 /T0-F3-1 /T1-F0-1 /T0-F0-1 /T1-F1-1 
/T0-F1-1 /T1-T6-1 /T1-F1-1 /T6-T1-2 /T6-F2-1 /T1-F2-1 /T0-F2-1 /T2-T0-2 /T2-F1-1 /T1-T5-2 
/T1-F1-1 /D:2     /W-F0-1  /D:1     /W-T4-1  /D:1     /W-F3-1  /T0-F3-1 /T0-F0-1 /T5-F3-1 
/T0-F3-1 /T5-F2-1 /T0-F2-1 /W-F0-1  /T2-F0-1 /T5-F3-1 /T0-F3-1 /T1-F0-1 /T5-F2-1 /T1-F3-1 
/T0-F0-1 /T0-F3-1 /T4-F2-1 /T1-F2-1 /D:1     /W-F1-1  /T5-F1-1 /T4-F1-1 /T5-F0-1 
"
1021782,A#eB#JiY#QVoH#KkrfF#TpGzaO#tlXdWEN#myDCZLjgvbwqMRUxnSsIuchP,153.500000,1197.000000,45.000000,0.638889,1,"
minimal: 0 / states: 118 / duration: 0.000114s
history:
/T0-F0-1 /T1-F0-1 /T6-F3-1 /T5-F3-1 /T5-F1-1 /T5-T0-1 /T2-T0-1 /T3-T2-1 /T1-T4-1 /D:1     
/W-T1-1  /D:1     /W-T1-1  /D:1     /W-T4-1  /D:1     /W-F0-1  /T4-F0-1 /T6-F0-1 /D:4     
/W-T2-1  /T4-T2-2 /T4-T5-1 /T4-T5-1 /T4-T1-1 /T6-T4-1 /T6-T5-1 /T4-T0-2 /D:1     /W-T0-1  
/D:1     /W-F1-1  /D:1     /W-T1-1  /T2-T1-5 /T2-T6-1 /D:1     /W-T1-1  /D:1     /W-T2-1  
/D:2     /W-T0-1  /T5-T0-4 /T5-T0-1 /D:2     /W-F2-1  /T3-F2-1 /T0-F2-1 /T3-T6-1 /T1-F2-1 
/D:2     /W-T5-1  /T1-T5-1 /T1-F0-1 /D:2     /W-T6-1  /T5-T6-3 /D:1     /W-F1-1  /T0-F1-1 
/T6-F1-1 /T0-F2-1 /T0-F1-1 /T0-F0-1 /T1-F1-1 /T1-F0-1 /T6-F2-1 /W-F0-1  /D:1     /W-F1-1  
/T1-F1-1 /T6-T1-3 /T6-F0-1 /D:1     /W-F3-1  /T3-F3-1 /R       /D:1     /W-T3-1  /D:1     
/W-T3-1  /T6-T3-1 /T6-T2-1 /T6-F2-1 /D:1     /W-F1-1  /T1-T3-4 /T1-F1-1 /T2-F1-1 /D:1     
/W-F3-1  /D:2     /W-F3-1  /T3-F3-1 /T0-F3-1 /T3-F2-1 /T0-F2-1 /T3-F3-1 /T0-F3-1 /T0-F0-1 
/T3-F2-1 /T3-F3-1 /T3-F0-1 /W-F2-1  /T0-F3-1 /T1-F2-1 /T0-F2-1 /T1-F1-1 /T2-F0-1 /T3-F3-1 
"
1021819,D#Rz#qUo#XFEm#Hdbac#xepQZw#gtJWTGl#YsIVinBCuvhjNkMrSyOLAfPK,121.500000,1416.000000,49.000000,0.595745,1,"
minimal: 0 / states: 122 / duration: 0.000116s
history:
/T6-T1-1 /T4-T0-1 /T4-F1-1 /T4-F1-1 /T2-T0-1 /T6-T2-1 /D:2     /W-T6-1  /D:2     /W-T5-1  
/D:2     /W-F2-1  /T0-F2-1 /T0-F1-1 /T4-F1-1 /T6-T4-2 /T4-T5-3 /T3-T4-1 /D:4     /W-T6-1  
/T2-T6-2 /D:3     /W-F3-1  /D:4     /W-T6-1  /T3-T6-1 /D:1     /W-T4-1  /D:1     /W-F3-1  
/D:2     /W-F0-1  /D:2     /W-F3-1  /D:1     /W-T1-1  /T6-T1-6 /R       /D:3     /W-T6-1  
/D:1     /W-F0-1  /D:1     /W-F0-1  /T0-F0-1 /T1-T0-9 /T0-F0-1 /T3-F0-1 /T5-T3-5 /T1-T3-1 
/T5-T1-1 /T5-F3-1 /T5-F2-1 /T2-F2-1 /T3-F3-1 /T5-F1-1 /T0-F3-1 /T0-F0-1 /T3-T4-6 /D:1     
/W-T6-1  /T4-T6-2 /T4-F0-1 /W-F0-1  /D:2     /W-T5-1  /D:2     /W-T2-1  /D:1     /W-F2-1  
/T6-F2-1 /T6-F3-1 /T0-F3-1 /T4-F3-1 /T6-T4-2 /T6-F0-1 /T6-F2-1 /T4-F2-1 /T0-F2-1 /T0-F3-1 
/T0-F0-1 /T5-T0-2 /D:1     /W-F0-1  /T2-F0-1 /D:1     /W-F1-1  /T6-F1-1 /R       /D:2     
/W-F1-1  /T4-F1-1 /T0-F1-1 /T4-F2-1 /T0-F2-1 /T4-F3-1 /W-F3-1  /T1-F3-1 /T4-F2-1 /D:1     
/W-F1-1  /T0-F1-1 /T0-F2-1 /T4-F1-1 
"
1021827,A#Ql#Hgv#oCcx#mOVzj#WTetbw#UJEXSMB#pPsdhiGrLNyfuaKqFZIkYRDn,155.500000,3159.000000,50.000000,0.590909,1,"
minimal: 0 / states: 118 / duration: 0.000120s
history:
/T0-F0-1 /T6-F0-1 /T6-T0-1 /T4-T3-1 /T3-T1-2 /T2-T1-1 /T1-T0-4 /D:1     /W-T1-1  /D:2     
/W-T2-1  /D:2     /W-T0-1  /D:1     /W-T5-1  /D:1     /W-T0-1  /T6-T0-1 /T5-T6-2 /T5-T1-1 
/D:1     /W-T0-1  /T1-T0-3 /T4-T1-1 /D:2     /W-F3-1  /D:2     /W-T5-1  /D:1     /W-T4-1  
/T2-T4-2 /T2-T6-1 /D:1     /W-F1-1  /T0-F1-1 /T3-F1-1 /T3-F0-1 /D:4     /W-T2-1  /D:3     
/W-T1-1  /D:1     /W-T4-1  /D:1     /W-F0-1  /D:1     /W-F2-1  /T3-F2-1 /T0-F2-1 /R       
/D:2     /W-F1-1  /D:1     /W-T2-1  /T6-T2-4 /T6-F0-1 /T4-T6-5 /T4-F3-1 /W-F3-1  /T0-F3-1 
/T6-F3-1 /T0-T5-1 /T0-F3-1 /D:1     /W-T4-1  /D:1     /W-T1-1  /D:1     /W-F2-1  /T5-F2-1 
/T6-F2-1 /T5-T0-1 /T5-F2-1 /T5-F1-1 /T0-F1-1 /T5-F3-1 /T6-F1-1 /T6-F2-1 /T5-T1-1 /D:1     
/W-F0-1  /T0-F0-1 /T0-F1-1 /T2-F0-1 /T2-F1-1 /T0-F2-1 /T0-F1-1 /T2-F2-1 /T6-T2-2 /T6-F3-1 
/T2-F3-1 /T0-F2-1 /T1-F3-1 /T4-F2-1 /D:1     /W-F0-1  /T2-F0-1 /T1-F0-1 /T2-F3-1 /T1-F3-1 
/T1-F2-1 /T2-F0-1 /T2-F3-1 /D:1     /W-F1-1  /T0-F1-1 /T0-F0-1 /T4-F1-1 
"
1021906,N#jM#bya#GHAU#olwrI#QnqXfP#BsxdVcY#vgJEkRZzeOmipDWtuFKLhSCT,111.500000,3081.000000,54.000000,0.549383,1,"
minimal: 0 / states: 137 / duration: 0.000121s
history:
/T0-F3-1 /T2-F1-1 /T6-T1-1 /T3-T4-1 /T3-F0-1 /T1-T0-2 /T4-T1-2 /D:2     /W-T3-1  /D:3     
/W-T2-1  /D:5     /W-F3-1  /T5-F3-1 /T4-T5-1 /T4-T2-1 /D:2     /W-T2-1  /T3-T2-2 /T5-T3-2 
/T3-T1-3 /W-T3-1  /T2-T3-6 /T2-F1-1 /T6-F1-1 /D:5     /W-T6-1  /D:1     /W-T3-1  /D:1     
/W-T0-1  /T1-T0-6 /D:5     /W-T6-1  /R       /D:2     /W-T5-1  /T6-T5-3 /T6-F1-1 /T6-T4-1 
/T6-T5-1 /T6-F0-1 /D:2     /W-T3-1  /D:1     /W-T1-1  /D:1     /W-T2-1  /T4-T2-2 /D:1     
/W-F1-1  /D:2     /W-T3-1  /D:1     /W-T2-1  /D:2     /W-T1-1  /T5-T1-6 /F1-T1-1 /T5-T1-1 
/T5-F2-1 /T4-F2-1 /T5-F3-1 /D:3     /W-F0-1  /T3-F0-1 /T3-F3-1 /W-F3-1  /R       /D:1     
/W-T2-1  /D:1     /W-F0-1  /T3-F0-1 /T1-T3-3 /T1-F3-1 /D:1     /W-F2-1  /T3-F2-1 /T0-F2-1 
/T3-F1-1 /T0-F1-1 /T0-F0-1 /T3-F2-1 /T3-F1-1 /T3-F0-1 /T0-F3-1 /T0-F0-1 /T1-T3-1 /T1-F3-1 
/T1-F0-1 /T2-T0-1 /T2-F3-1 /T1-F3-1 /T0-T2-2 /T0-F0-1 /T0-F3-1 /T1-F0-1 /T0-F0-1 /T1-F3-1 
/D:1     /W-F2-1  /T3-F2-1 /T2-F2-1 /D:1     /W-F1-1  /T3-F1-1 /T2-F1-1 /T3-F2-1 /T2-F2-1 
/T3-F1-1 /T2-F1-1 /T3-F2-1 /T2-F2-1 /T3-F1-1 
"
1021989,n#TO#JuY#hcPL#qzbtw#yECdja#rKGMQFp#efHxlSsWmBIvAVDgXiRZkNoU,112.000000,1222.000000,44.000000,0.641026,1,"
minimal: 0 / states: 123 / duration: 0.000119s
history:
/T0-F2-1 /T5-F1-1 /T1-T6-1 /D:4     /W-T2-1  /T5-T2-1 /T6-T5-2 /T6-T1-1 /D:5     /W-T0-1  
/T3-T0-1 /D:1     /W-T3-1  /D:1     /W-T2-1  /D:2     /W-F0-1  /T3-F0-1 /D:1     /W-T4-1  
/D:3     /W-T0-1  /T4-T0-2 /D:2     /W-T1-1  /D:3     /W-F3-1  /T5-F3-1 /T3-F3-1 /T6-F3-1 
/T2-T6-4 /T2-T0-1 /T1-T0-3 /T6-T1-5 /T0-F3-1 /D:1     /W-F2-1  /T5-F2-1 /D:1     /W-T1-1  
/T4-T1-1 /T4-F1-1 /T3-F1-1 /T5-F1-1 /T5-F0-1 /T6-T3-1 /R       /D:1     /W-F1-1  /D:1     
/W-T1-1  /T5-T1-1 /D:2     /W-T4-1  /T6-T4-1 /D:1     /W-F3-1  /D:2     /W-T4-1  /D:1     
/W-T4-1  /T3-T4-2 /T4-T3-7 /T4-F2-1 /T6-F2-1 /W-F2-1  /T1-T3-2 /T1-F2-1 /D:1     /W-F0-1  
/T3-F0-1 /T0-F0-1 /T0-F3-1 /T3-F1-1 /T3-F0-1 /T1-F3-1 /T0-F2-1 /T0-F3-1 /W-F0-1  /T1-F0-1 
/T2-F0-1 /T3-T1-2 /T3-F3-1 /T3-F0-1 /T0-T5-2 /T0-F0-1 /T5-T0-3 /D:1     /W-F1-1  /T1-F1-1 
/T1-F2-1 /T0-F2-1 /T0-F3-1 /T1-T3-2 /T1-F3-1 /T1-F0-1 /D:1     /W-F1-1  /T3-F1-1 /T3-F2-1 
/T0-F2-1 /D:1     /W-F3-1  /D:1     /W-F1-1  /T3-F1-1 /T0-F1-1 /T3-F2-1 
"
1030075,r#cf#mkA#gtYO#DpBdT#yzQWuN#VlJFoCn#eUGswvXEPqxZMKRHbjaSiIhL,85.000000,1247.000000,37.000000,0.746575,1,"
minimal: 0 / states: 106 / duration: 0.000112s
history:
/T2-F0-1 /T5-F3-1 /T3-F3-1 /T6-F2-1 /T4-T5-1 /T6-T4-1 /T6-F2-1 /T4-T0-2 /T4-F0-1 /T4-F2-1 
/T6-T5-1 /T6-T2-1 /T0-F0-1 /T4-F0-1 /T0-T1-2 /D:1     /W-T5-1  /D:7     /W-F0-1  /D:1     
/W-F3-1  /D:1     /W-F2-1  /D:1     /W-T3-1  /D:1     /W-T0-1  /D:1     /W-T4-1  /T3-T4-2 
/T1-T3-3 /D:1     /W-T6-1  /D:4     /W-T4-1  /D:1     /W-F1-1  /W-F1-1  /T1-F1-1 /T3-F1-1 
/T5-F1-1 /T3-F2-1 /T3-F1-1 /T5-F0-1 /D:1     /W-T3-1  /D:1     /W-T2-1  /T5-T2-2 /T5-T6-1 
/T5-F3-1 /T5-T1-1 /T2-T5-5 /T6-T1-3 /W-T6-1  /W-F3-1  /T3-F3-1 /T5-F3-1 /T5-T0-5 /D:1     
/W-T1-1  /D:1     /W-T1-1  /T3-T1-1 /T3-F1-1 /D:1     /W-T2-1  /W-T2-1  /W-T4-1  /W-T2-1  
/W-F2-1  /T1-F2-1 /T0-F2-1 /W-F0-1  /T1-F1-1 /T6-F0-1 /T0-F1-1 /W-F3-1  /T1-F0-1 /T4-F2-1 
/T4-F1-1 /T6-F3-1 /T0-F0-1 /T1-F3-1 /T1-F0-1 /T2-F2-1 /T0-F1-1 /T2-F3-1 /T2-F0-1 /T4-F2-1 
/T0-F2-1 /T1-F1-1 /T2-F1-1 /T4-F3-1 /T0-F3-1 /T1-F2-1 /T4-F0-1 
"
1030160,P#fn#iyA#RqpF#hCDmM#SILuXa#VwgYdZK#OerJWEHtkGczjvQslBTbUNxo,146.500000,2181.000000,51.000000,0.586957,1,"
minimal: 0 / states: 125 / duration: 0.000121s
history:
/T1-F2-1 /T2-F0-1 /T5-F1-1 /T5-T2-1 /D:2     /W-T3-1  /D:1     /W-T1-1  /D:1     /W-T2-1  
/D:1     /W-T6-1  /D:9     /W-T6-1  /D:1     /W-T1-1  /D:2     /W-T4-1  /T6-T4-3 /T2-T6-3 
/T5-T2-1 /T2-T6-2 /T6-T2-6 /D:1     /W-F0-1  /D:1     /W-T2-1  /T3-T2-2 /T3-T1-1 /T3-T2-1 
/T0-T2-1 /T4-T0-5 /T5-T4-1 /D:1     /W-F1-1  /D:1     /W-T0-1  /D:1     /W-F3-1  /D:2     
/W-F2-1  /T1-F2-1 /R       /D:1     /W-F3-1  /T2-F3-1 /T1-F3-1 /T6-T1-1 /T2-F2-1 /T3-F3-1 
/T4-T3-2 /T4-T2-1 /T4-F0-1 /T2-F0-1 /T4-T5-1 /D:1     /W-F0-1  /D:2     /W-T0-1  /T1-T0-3 
/D:1     /W-T3-1  /D:1     /W-T5-1  /D:1     /W-F1-1  /T0-F1-1 /T0-F2-1 /T2-F1-1 /T0-F1-1 
/T2-F0-1 /T5-F0-1 /W-F0-1  /D:1     /W-T1-1  /T6-T1-1 /T6-F1-1 /T6-T3-1 /T5-F1-1 /T5-F0-1 
/T5-F3-1 /T2-F3-1 /T2-T3-2 /T2-F0-1 /T3-T6-1 /T3-F1-1 /T6-T3-2 /D:1     /W-F1-1  /T3-T2-3 
/T3-F1-1 /T0-T1-5 /T0-F1-1 /D:1     /W-F2-1  /T1-F2-1 /T1-F3-1 /T2-F2-1 /T1-F2-1 /T2-F3-1 
/T1-F3-1 /T1-F0-1 /T2-F2-1 /T2-F3-1 /T3-F0-1 /T0-F0-1 /T1-F3-1 /T3-F1-1 /D:1     /W-F2-1  
/T2-F2-1 /T1-F2-1 /T2-F3-1 
"
1030190,y#DK#lJA#uGIf#SiFXV#jgqkrt#UWONdpZ#ReQoExhcsvCwnPLYzmTHMbaB,147.000000,2251.000000,57.000000,0.571429,1,"
minimal: 0 / states: 136 / duration: 0.000135s
history:
/T2-F0-1 /T4-T2-1 /T3-T5-1 /T4-T0-1 /T2-T0-2 /T1-T2-1 /T0-T6-4 /T6-T0-5 /D:1     /W-T4-1  
/T1-T4-1 /D:4     /W-T5-1  /D:2     /W-T3-1  /T5-T3-3 /D:1     /W-T4-1  /D:5     /W-F2-1  
/D:4     /W-T1-1  /W-T1-1  /D:3     /W-T0-1  /W-T0-1  /T4-T0-4 /D:2     /W-T6-1  /D:1     
/W-F1-1  /T6-F1-1 /T0-F1-1 /D:1     /W-F0-1  /R       /D:2     /W-T3-1  /T6-T3-1 /T6-F1-1 
/T6-F3-1 /T6-F3-1 /T3-T6-7 /T6-T2-8 /T3-T6-1 /W-F1-1  /T3-T4-1 /D:1     /W-F2-1  /T2-F2-1 
/D:1     /W-T1-1  /D:3     /W-F0-1  /T0-F0-1 /T2-T5-1 /T2-F0-1 /T5-T2-2 /D:1     /W-T5-1  
/T4-T5-2 /T2-T4-2 /T2-F1-1 /T4-T2-3 /D:1     /W-F3-1  /T2-F3-1 /T0-F3-1 /T0-F0-1 /T6-F0-1 
/T0-T5-1 /T0-F0-1 /D:2     /W-T3-1  /W-T3-1  /T5-T3-5 /T5-F2-1 /T2-F2-1 /T2-F3-1 /T5-F1-1 
/T3-F3-1 /T6-F3-1 /T0-F3-1 /T2-T5-3 /T2-F3-1 /T5-T1-4 /D:1     /W-T4-1  /T2-T4-2 /R       
/D:1     /W-F2-1  /T1-F2-1 /T1-F1-1 /T1-F0-1 /T3-F2-1 /T3-F1-1 /T0-F0-1 /T0-F3-1 /T1-F1-1 
/T4-F0-1 /T1-T4-1 /T1-F3-1 /T3-T0-2 /T3-F0-1 /T0-T3-3 /T0-F3-1 /T4-T1-2 /T4-F0-1 /D:1     
/W-F2-1  /T3-F2-1 /T1-F2-1 /T3-F1-1 /T1-F1-1 /T3-F2-1 /T1-F2-1 /T3-F1-1 
"
1030571,h#ja#GWr#gtDb#MyClA#wuVQPo#YIpRFSk#sZcHXmdJOiqneEzvKNTfBxLU,152.500000,2028.000000,49.000000,0.585859,1,"
minimal: 0 / states: 129 / duration: 0.000127s
history:
/T1-F1-1 /T3-F1-1 /T4-F0-1 /D:3     /W-T3-1  /T5-T3-1 /T3-T5-1 /T3-F1-1 /T5-T3-2 /T5-T2-1 
/D:1     /W-T5-1  /D:3     /W-F1-1  /D:1     /W-T6-1  /T5-T6-2 /D:4     /W-F2-1  /T3-F2-1 
/D:1     /W-F1-1  /D:3     /W-T1-1  /T0-T1-1 /W-T0-1  /T4-T0-1 /T4-T2-1 /T6-T4-4 /T2-T6-3 
/D:1     /W-T0-1  /T2-T0-1 /T6-T2-4 /F1-T6-1 /T3-T6-2 /T3-T1-1 /T6-T3-4 /T3-T6-2 /T3-F1-1 
/T6-T3-3 /T6-F2-1 /T6-T0-1 /T3-T4-5 /D:1     /W-F3-1  /D:1     /W-T5-1  /D:1     /W-F1-1  
/T4-T5-4 /T4-F1-1 /D:1     /W-F0-1  /T2-F0-1 /D:1     /W-T6-1  /T1-T6-4 /D:2     /W-T0-1  
/T6-T0-1 /T6-F1-1 /R       /D:2     /W-T1-1  /T4-T1-5 /T6-T4-4 /D:2     /W-T3-1  /D:1     
/W-F3-1  /T5-F3-1 /T2-F3-1 /T5-F0-1 /T5-F3-1 /D:1     /W-F1-1  /D:1     /W-F2-1  /T2-F2-1 
/T2-F3-1 /D:1     /W-F0-1  /T5-F0-1 /T2-F0-1 /T1-F0-1 /T5-T1-2 /T1-F3-1 /T0-T4-2 /T0-F0-1 
/T1-T5-2 /T1-F0-1 /T4-T0-3 /T4-F1-1 /T1-F1-1 /T0-T4-4 /T0-F0-1 /T0-F1-1 /T3-F1-1 /W-T1-1  
/W-F2-1  /T4-F2-1 /T4-F3-1 /T5-F2-1 /T4-F2-1 /T5-F3-1 /T4-F3-1 /T5-F2-1 /T1-F3-1 /T4-F2-1 
/T1-F2-1 /T4-F3-1 /T0-F2-1 /T1-F3-1 /D:1     /W-F0-1  /T4-F0-1 
"
1030670,h#iX#KIn#SPYx#WtALy#voBZum#QzbHDqj#cVlFEwOrNMfCgJapUTdkesRG,109.000000,1717.000000,41.000000,0.671233,1,"
minimal: 0 / states: 114 / duration: 0.000108s
history:
/T2-F2-1 /T6-T3-1 /T4-T5-1 /T1-T4-1 /T2-T3-1 /T0-T3-1 /T5-T0-2 /T5-T1-1 /T4-T5-2 /T4-F0-1 
/T4-T3-1 /T4-T2-1 /T5-T4-3 /T5-F0-1 /T5-F2-1 /T5-T2-1 /D:1     /W-T6-1  /D:5     /W-T4-1  
/T1-T4-2 /D:3     /W-F3-1  /D:1     /W-T1-1  /D:1     /W-T3-1  /W-T3-1  /W-F3-1  /D:1     
/W-F0-1  /D:1     /W-T4-1  /D:2     /W-F1-1  /D:1     /W-F2-1  /D:1     /W-T2-1  /D:2     
/W-T3-1  /D:1     /W-T0-1  /D:2     /W-T4-1  /W-T4-1  /T6-T4-2 /T6-F0-1 /W-T6-1  /W-T0-1  
/W-F0-1  /W-F0-1  /W-T1-1  /T3-T1-8 /W-T0-1  /T6-T0-2 /T6-F1-1 /T4-F1-1 /T1-F1-1 /T3-T6-1 
/T3-F3-1 /T4-F2-1 /T4-F1-1 /T6-T5-2 /T6-F3-1 /T1-F2-1 /T1-F1-1 /T4-F2-1 /T4-F1-1 /T1-F2-1 
/T1-F1-1 /T4-F2-1 /T4-F1-1 /T2-T1-1 /T2-F2-1 /T4-F2-1 /T1-T2-2 /T1-F1-1 /T1-F2-1 /T0-T4-4 
/T0-F1-1 /T0-F2-1 /T1-F1-1 /T0-F1-1 /T5-T1-1 /T5-F2-1 /T2-T1-4 /D:1     /W-F3-1  /T3-F3-1 
/T4-F3-1 /T1-F3-1 /D:1     /W-F0-1  /T4-F0-1 /T1-F0-1 /T4-F3-1 /T1-F3-1 /T4-F0-1 /T1-F0-1 
/T4-F3-1 /T1-F3-1 /T4-F0-1 /T1-F0-1 /T4-F3-1 
"
1030704,g#wn#vQy#uOAc#YrziI#TfCMsh#WZPFbKq#oUSXEDLjlpJGamVHteNkRdxB,152.000000,2954.000000,42.000000,0.605882,1,"
minimal: 0 / states: 120 / duration: 0.000111s
history:
/T1-F2-1 /T5-T4-1 /T5-T0-1 /T3-T6-1 /T3-F0-1 /D:1     /W-F2-1  /D:3     /W-T2-1  /T1-T2-1 
/T5-T1-1 /T3-T5-1 /T0-T3-2 /D:5     /W-T1-1  /D:1     /W-F2-1  /D:2     /W-T4-1  /D:1     
/W-F1-1  /D:1     /W-T0-1  /T2-T0-3 /T5-T2-2 /T5-T4-1 /D:1     /W-T0-1  /T3-T0-3 /D:3     
/W-T0-1  /T6-T0-2 /T6-T1-1 /T6-F1-1 /T6-T5-1 /T0-F1-1 /T6-T0-1 /T6-T3-1 /T4-T6-4 /T6-T1-5 
/D:1     /W-F3-1  /T2-F3-1 /T0-F3-1 /T0-F2-1 /D:2     /W-T5-1  /D:1     /W-F1-1  /T0-F1-1 
/T1-F1-1 /D:2     /W-F0-1  /T2-F0-1 /T2-F3-1 /T5-F3-1 /R       /D:1     /W-T2-1  /D:1     
/W-F3-1  /D:2     /W-F0-1  /W-F0-1  /T5-F0-1 /T1-F0-1 /T5-F3-1 /T2-F3-1 /T0-T4-3 /T0-F3-1 
/T4-T0-4 /T4-T5-1 /T4-F2-1 /T0-F2-1 /T0-F1-1 /T1-F1-1 /T4-T5-1 /D:1     /W-T3-1  /D:3     
/W-F0-1  /T1-F0-1 /T1-F3-1 /W-F0-1  /T1-F0-1 /T3-F0-1 /D:1     /W-F2-1  /T0-F2-1 /T0-F1-1 
/T2-F2-1 /T0-F2-1 /T0-F3-1 /W-F1-1  /T5-F3-1 /T3-F3-1 /T1-T5-1 /T1-F0-1 /D:1     /W-F1-1  
/T5-F1-1 /D:1     /W-F2-1  /T0-F2-1 /T0-F1-1 /T5-F2-1 
"
1030822,z#yA#juo#lQWG#wCavY#PZKspV#TXhxLIc#iOdbJHgmrfnqDMBSFUtNeREk,100.000000,1919.000000,40.000000,0.647887,1,"
minimal: 0 / states: 121 / duration: 0.000123s
history:
/T1-F0-1 /T4-T0-1 /T2-T6-1 /T2-T5-1 /T4-T2-1 /T4-F1-1 /D:2     /W-T4-1  /D:2     /W-F1-1  
/D:3     /W-T5-1  /D:3     /W-T3-1  /W-T3-1  /D:1     /W-F2-1  /T6-F2-1 /T6-F1-1 /D:4     
/W-F0-1  /D:2     /W-T5-1  /D:1     /W-T2-1  /T3-T2-3 /T6-T3-1 /D:2     /W-F3-1  /T4-F3-1 
/T4-F0-1 /T5-T4-4 /T5-F2-1 /D:1     /W-T4-1  /D:1     /W-T5-1  /D:2     /W-T1-1  /T4-T1-6 
/R       /D:2     /W-F1-1  /T1-F1-1 /D:3     /W-T4-1  /T6-T4-1 /T6-T0-1 /T3-T0-2 /T6-T0-1 
/T3-T2-1 /T6-T4-1 /T5-T6-2 /T5-T3-1 /T1-T5-7 /T5-T1-8 /T5-F3-1 /T2-F3-1 /T6-F3-1 /T2-T3-6 
/D:1     /W-F2-1  /T3-F2-1 /T6-F2-1 /T3-F1-1 /T1-T6-1 /T1-F1-1 /T0-F1-1 /T6-T1-2 /D:1     
/W-F0-1  /D:1     /W-T2-1  /T3-T2-6 /D:1     /W-F3-1  /D:1     /W-F2-1  /D:1     /W-F0-1  
/T1-F0-1 /T1-F3-1 /T1-F2-1 /T2-F0-1 /T2-F3-1 /T2-F2-1 /W-F0-1  /T0-F0-1 /T1-F3-1 /T0-F3-1 
/T1-F2-1 /T0-F2-1 /T4-F3-1 /T0-F3-1 /W-F0-1  /W-F1-1  /T2-F1-1 /T1-F1-1 /T1-F2-1 /T2-F0-1 
/T2-F1-1 /T0-F2-1 /T4-F0-1 /T1-F3-1 /T2-F0-1 /T4-F1-1 
"
1031011,n#jA#zOY#fZHr#GRVaJ#FvIcBK#EulPqdm#XgxoUpWbLeskyQwDSTihMNtC,116.000000,3003.000000,44.000000,0.621951,1,"
minimal: 0 / states: 127 / duration: 0.000125s
history:
/T0-F2-1 /T1-F0-1 /T6-T0-1 /T5-T2-1 /T5-F0-1 /T6-T3-1 /T5-T6-1 /T5-T1-1 /T1-T2-2 /D:4     
/W-F2-1  /D:1     /W-T2-1  /D:1     /W-F2-1  /D:3     /W-T0-1  /D:3     /W-T0-1  /T4-T0-1 
/T4-F1-1 /T4-T0-1 /T6-T4-2 /D:8     /W-T5-1  /D:1     /W-T1-1  /T2-T1-5 /F2-T3-1 /T2-T3-1 
/D:1     /W-F3-1  /T3-F3-1 /T6-F3-1 /T6-T2-1 /T6-T0-1 /T3-F2-1 /D:1     /W-T1-1  /D:1     
/W-F0-1  /R       /D:2     /W-T0-1  /D:1     /W-T2-1  /D:1     /W-T2-1  /T5-T2-2 /T4-T5-3 
/T4-T2-1 /T5-T0-4 /D:1     /W-F1-1  /T0-F1-1 /T0-F2-1 /T3-F1-1 /T3-F2-1 /D:1     /W-F1-1  
/D:1     /W-F2-1  /T1-F2-1 /T0-T3-3 /T0-F2-1 /T3-T0-4 /T3-T4-1 /T3-F1-1 /D:1     /W-T4-1  
/W-T4-1  /D:1     /W-F3-1  /T0-F3-1 /D:1     /W-T4-1  /D:1     /W-F0-1  /T6-F0-1 /T0-F0-1 
/T0-F1-1 /T2-F0-1 /T2-F1-1 /T0-F0-1 /T2-F2-1 /T4-F2-1 /D:1     /W-F3-1  /D:1     /W-F3-1  
/T1-F3-1 /T0-F3-1 /T1-F0-1 /T2-F3-1 /T0-F0-1 /T4-F3-1 /T2-F2-1 /T4-F2-1 /T1-T2-2 /T1-F3-1 
/T4-F3-1 /T2-T1-3 /T2-F2-1 /D:1     /W-F1-1  /T1-F1-1 /T0-F1-1 /T1-F0-1 /T0-F0-1 /T1-F1-1 
/T0-F1-1 /T1-F0-1 
"
1031281,c#hD#qYJ#WOrf#sjPpF#uBmMIG#TeiAUKL#ySgbkwQtvazxVXEnRdNCoHZl,138.500000,2216.000000,52.000000,0.590909,1,"
minimal: 0 / states: 131 / duration: 0.000120s
history:
/T3-T5-1 /T3-T5-1 /T0-T1-1 /D:5     /W-T6-1  /T2-T6-1 /D:2     /W-T5-1  /D:3     /W-F1-1  
/D:1     /W-T0-1  /T2-T0-1 /D:1     /W-T0-1  /D:1     /W-T6-1  /D:3     /W-F2-1  /D:1     
/W-T4-1  /T1-T4-2 /T5-T1-4 /T1-T5-5 /D:2     /W-F3-1  /T3-F3-1 /T5-T3-6 /T5-T1-1 /T6-T5-4 
/T3-T0-7 /T5-T3-5 /T5-T4-1 /T5-T3-1 /D:1     /W-T0-1  /D:1     /W-F2-1  /D:2     /W-T5-1  
/D:1     /W-T1-1  /T6-T1-1 /R       /D:1     /W-T5-1  /D:2     /W-T3-1  /T4-T3-5 /T4-F2-1 
/T4-F3-1 /T4-T1-1 /T2-F2-1 /D:1     /W-F1-1  /D:2     /W-T6-1  /D:1     /W-T1-1  /T6-T1-2 
/T6-F0-1 /T3-F0-1 /T0-F0-1 /T0-F3-1 /T3-F1-1 /T3-F0-1 /T3-F3-1 /T0-F2-1 /T4-F2-1 /T1-F2-1 
/D:1     /W-T5-1  /W-T5-1  /T6-T5-1 /T6-T3-1 /W-F3-1  /T6-F3-1 /T1-F3-1 /T3-T5-4 /T3-F3-1 
/D:1     /W-F0-1  /D:1     /W-F1-1  /T5-F1-1 /T0-F1-1 /T5-F0-1 /T0-F0-1 /T5-F1-1 /T0-F1-1 
/T5-F2-1 /T1-F2-1 /T5-F1-1 /T5-F2-1 /T1-F1-1 /T0-T1-2 /T0-F2-1 /T3-T5-1 /T3-F1-1 /T1-T0-3 
/T1-F1-1 /T5-T3-2 /T5-F2-1 /T0-T1-4 /T0-F2-1 /T3-T5-3 /T3-F1-1 /D:1     /W-F0-1  /T1-F0-1 
/T1-F3-1 /T5-F0-1 /T1-F0-1 /T5-F3-1 /T1-F3-1 /T5-F0-1 /T1-F0-1 /T5-F3-1 
"
1031449,N#di#xIa#lCPt#ZLcnm#RFwOAp#TuygHoX#BhEQfsvJUVMjKYezWbqDrGSk,154.500000,1809.000000,50.000000,0.585859,1,"
minimal: 0 / states: 120 / duration: 0.000114s
history:
/T0-F3-1 /T2-F1-1 /T4-T0-1 /T4-F2-1 /D:1     /W-T4-1  /D:1     /W-T2-1  /T3-T2-1 /D:3     
/W-T2-1  /D:3     /W-T6-1  /T1-T6-1 /T5-T1-1 /T5-F0-1 /T4-F0-1 /T5-F3-1 /T3-F3-1 /T3-F0-1 
/D:2     /W-T5-1  /D:3     /W-T3-1  /W-T3-1  /T2-T3-4 /D:4     /W-T2-1  /D:1     /W-F1-1  
/T4-F1-1 /T6-T4-3 /T6-F2-1 /T1-F2-1 /T1-F1-1 /T6-T4-1 /T6-T4-1 /T6-T0-1 /T6-T5-1 /W-T1-1  
/W-F1-1  /T3-F1-1 /T4-F1-1 /W-T1-1  /T2-T1-2 /W-T2-1  /T3-T2-6 /T6-T4-1 /D:1     /W-F2-1  
/D:1     /W-F0-1  /D:1     /W-F2-1  /D:2     /W-T2-1  /D:1     /W-T0-1  /T5-T0-3 /T5-T4-1 
/T5-T4-1 /R       /D:1     /W-F0-1  /D:1     /W-F3-1  /T4-F3-1 /T2-F3-1 /T4-F0-1 /T4-F3-1 
/D:1     /W-F2-1  /T2-F2-1 /T0-F2-1 /T2-F1-1 /T4-T0-1 /T4-F1-1 /T2-T1-1 /T2-F1-1 /D:1     
/W-F2-1  /T0-T4-2 /T0-F2-1 /T0-F1-1 /T1-T2-2 /T1-F2-1 /T0-F2-1 /T4-T0-5 /T2-T1-3 /T2-F1-1 
/T0-T4-5 /T0-F1-1 /T1-T2-4 /T1-F2-1 /D:1     /W-F3-1  /D:1     /W-F0-1  /T4-F0-1 /T2-F0-1 
/T4-F3-1 /T2-F3-1 /T4-F0-1 /T2-F0-1 /T4-F3-1 /T2-F3-1 /T4-F0-1 /T2-F0-1 /T4-F3-1 
"
1031992,i#gN#GzA#nbxs#leBuI#EjRwdq#FrhKDfk#HMCXQYUJLcaVoWOPmZtTpvSy,125.500000,2712.000000,51.000000,0.635294,1,"
minimal: 0 / states: 117 / duration: 0.000118s
history:
/T1-F3-1 /T2-F0-1 /T3-T1-1 /D:1     /W-T0-1  /T1-T0-2 /T2-T1-1 /D:5     /W-T1-1  /T3-T1-1 
/D:1     /W-T4-1  /T2-T4-1 /D:1     /W-T6-1  /T0-T6-4 /D:2     /W-T5-1  /D:1     /W-F1-1  
/T3-F1-1 /T3-F2-1 /T5-F1-1 /D:2     /W-F2-1  /D:1     /W-T1-1  /T4-T1-3 /D:1     /W-F3-1  
/D:1     /W-F3-1  /D:1     /W-T0-1  /D:1     /W-T2-1  /D:2     /W-T4-1  /D:1     /W-F2-1  
/T5-F2-1 /T5-F1-1 /D:2     /W-T1-1  /D:1     /W-T0-1  /T6-T0-6 /R       /D:1     /W-T3-1  
/D:3     /W-F3-1  /D:1     /W-T2-1  /W-T2-1  /T5-T2-1 /T5-F3-1 /T1-F3-1 /T6-T1-1 /T4-F3-1 
/D:1     /W-T2-1  /T4-T2-1 /T4-F0-1 /W-F0-1  /T6-F0-1 /T4-F1-1 /T6-T4-1 /T5-T4-1 /T5-F0-1 
/T1-F1-1 /T1-T6-1 /T1-F3-1 /T6-T1-2 /T6-F2-1 /T0-F2-1 /T6-F0-1 /T0-F1-1 /T1-F0-1 /T0-F0-1 
/T1-F1-1 /T1-F0-1 /T0-F1-1 /T0-F0-1 /T4-F1-1 /T0-F1-1 /T4-F0-1 /T4-F1-1 /T2-T0-4 /T2-F0-1 
/T3-F0-1 /T0-T2-5 /T0-F1-1 /D:1     /W-F2-1  /T2-F2-1 /T2-F3-1 /T1-F3-1 /D:1     /W-F2-1  
/T2-F2-1 /T1-F2-1 /T2-F3-1 /T1-F3-1 /T2-F2-1 /T1-F2-1 /T2-F3-1 
"
1040146,a#zC#hmc#sMQJ#bSAGL#VHjftk#dpOEUZi#XuRDlNevKxBoqgrYnyFPITwW,96.000000,2081.000000,45.000000,0.656977,1,"
minimal: 0 / states: 127 / duration: 0.000129s
history:
/T0-F1-1 /T6-T3-1 /T5-T4-1 /T6-T0-1 /T4-T0-2 /T5-T6-1 /T3-T0-2 /T5-T4-1 /T1-T3-1 /D:2     
/W-T0-1  /D:3     /W-T1-1  /D:1     /W-F3-1  /D:2     /W-T5-1  /T6-T5-2 /T6-T4-1 /T6-F3-1 
/T3-T4-2 /D:1     /W-T1-1  /T5-T1-4 /D:2     /W-T2-1  /D:3     /W-T0-1  /D:2     /W-T3-1  
/D:1     /W-F2-1  /D:2     /W-T0-1  /D:1     /W-F3-1  /D:2     /W-T5-1  /D:2     /R       
/D:2     /W-T0-1  /D:1     /W-T0-1  /T2-T0-2 /D:2     /W-T3-1  /D:1     /W-F2-1  /T6-F2-1 
/T4-T6-1 /T4-F3-1 /T6-T4-2 /T2-T6-1 /T4-T2-5 /T4-F0-1 /T0-F0-1 /T4-T1-1 /T4-F1-1 /T0-F1-1 
/T2-F0-1 /T0-F0-1 /T2-F1-1 /T2-F0-1 /T3-T4-3 /T0-F3-1 /T0-F0-1 /T1-F3-1 /T5-F3-1 /W-F1-1  
/T2-F1-1 /T2-F0-1 /T5-F0-1 /T0-F1-1 /T2-F1-1 /T0-T5-1 /T0-F1-1 /T5-T0-2 /D:1     /W-F2-1  
/D:1     /W-F2-1  /T3-F2-1 /T1-F2-1 /T0-F2-1 /T1-F3-1 /T0-F3-1 /T1-F2-1 /T1-F1-1 /D:1     
/W-T6-1  /W-T6-1  /T0-T6-1 /T0-F1-1 /D:1     /W-F0-1  /T6-F0-1 /T1-F0-1 /T0-F0-1 /T1-F1-1 
/T4-T1-2 /T4-F0-1 /T6-T0-2 /T6-F1-1 /D:1     /W-F2-1  /T1-F2-1 /D:1     /W-F3-1  /T0-F3-1 
/T0-F2-1 /T1-F3-1 /T0-F3-1 /T1-F2-1 
"
1040344,A#YV#Euv#QfMa#eznxO#DjGKZt#IlCcmSw#PNBibsFrHLyJkgTRpqWoUXdh,104.000000,1711.000000,45.000000,0.598765,1,"
minimal: 0 / states: 119 / duration: 0.000114s
history:
/T0-F0-1 /T3-F1-1 /T3-T0-1 /T1-T6-1 /T3-T5-1 /T1-T0-1 /D:2     /W-F3-1  /T4-F3-1 /T4-T0-1 
/T4-F2-1 /T4-T1-1 /W-F3-1  /T3-F3-1 /D:1     /W-F0-1  /D:2     /W-F1-1  /D:3     /W-T5-1  
/D:1     /W-T6-1  /D:5     /W-T6-1  /D:2     /W-F3-1  /D:2     /W-T4-1  /D:1     /W-T0-1  
/T2-T0-1 /D:1     /W-F2-1  /W-F2-1  /T4-F2-1 /T5-F2-1 /W-T2-1  /D:1     /W-T0-1  /T5-T0-2 
/T5-T3-1 /D:3     /R       /D:2     /W-F2-1  /D:1     /W-T2-1  /T4-T2-1 /D:1     /W-T3-1  
/D:3     /W-T3-1  /T6-T3-4 /T6-F3-1 /T6-T4-1 /T6-F1-1 /T6-F0-1 /T5-T6-1 /T6-T1-2 /T2-T3-2 
/T2-F3-1 /T0-T5-1 /T0-F2-1 /T2-F2-1 /T5-T0-2 /T5-T1-1 /T5-F0-1 /T2-F0-1 /T0-T6-3 /T0-F2-1 
/T6-T0-4 /D:2     /W-F1-1  /T3-F1-1 /T0-F1-1 /T3-F0-1 /T0-F0-1 /T0-F3-1 /T3-F1-1 /T3-F0-1 
/T3-F3-1 /T0-F0-1 /T0-F3-1 /T3-F2-1 /T0-F2-1 /W-F3-1  /T0-F3-1 /W-F0-1  /W-F2-1  /T1-T0-3 
/T1-F2-1 /T3-T4-2 /T3-F3-1 /D:1     /W-F1-1  /W-F1-1  /T0-F1-1 /T0-F0-1 /T4-F1-1 /T0-F1-1 
/T4-F0-1 /T0-F0-1 /T4-F1-1 
"
1040773,a#oe#QYw#jSun#tUfJl#mhcWBy#FVsdGDb#KCLMrTRzXHxPAZIOqgkNEipv,154.500000,2007.000000,67.000000,0.522727,1,"
minimal: 0 / states: 133 / duration: 0.000140s
history:
/T0-F1-1 /T3-F2-1 /T6-F1-1 /T6-T1-1 /D:1     /W-T4-1  /D:3     /W-T0-1  /T4-T0-2 /D:2     
/W-T3-1  /D:3     /W-T5-1  /T4-T5-1 /T4-T6-1 /T6-T4-2 /D:3     /W-T1-1  /D:1     /W-F0-1  
/D:7     /W-F3-1  /D:1     /W-T4-1  /T6-T4-1 /T6-T3-1 /T3-T6-3 /T1-T6-3 /T1-F2-1 /T6-T2-7 
/D:1     /W-T5-1  /D:1     /W-F2-1  /D:1     /R       /D:1     /W-T4-1  /D:2     /W-T3-1  
/D:1     /W-T6-1  /D:1     /W-T1-1  /D:1     /W-T5-1  /D:4     /W-F3-1  /T2-F3-1 /D:1     
/W-F2-1  /T3-F2-1 /D:1     /W-T5-1  /T6-T5-2 /D:2     /R       /D:3     /W-T6-1  /T5-T6-8 
/T5-F0-1 /T4-F0-1 /T5-T0-1 /T5-F1-1 /T2-F0-1 /T4-F1-1 /T2-F1-1 /T2-F2-1 /T4-F0-1 /T4-F1-1 
/T3-T4-1 /T6-T2-2 /T6-F1-1 /T5-F1-1 /D:1     /W-T0-1  /T4-T0-3 /T4-F2-1 /T2-T6-3 /T2-F2-1 
/T6-T2-4 /T6-F1-1 /T3-F1-1 /D:1     /W-F1-1  /D:1     /W-F2-1  /T2-T6-5 /T2-F2-1 /T2-T1-1 
/T2-F3-1 /T6-F3-1 /T0-F3-1 /T6-F0-1 /T0-F0-1 /T6-F3-1 /T0-F3-1 /T6-F0-1 /T0-F0-1 /T6-F3-1 
/T0-F3-1 /T6-F0-1 /T0-F0-1 /T6-F3-1 /W-F2-1  /T0-F1-1 /T1-F3-1 /T6-F2-1 /T1-F2-1 /W-F0-1  
/T0-F0-1 /T5-F1-1 /T6-F3-1 
"
1041255,P#nD#RJm#jqSc#IMKCB#glvseN#kUZbHzL#VioywdQrEtxGFYphOTXuAfWa,131.000000,3004.000000,47.000000,0.576471,1,"
minimal: 0 / states: 132 / duration: 0.000125s
history:
/T5-F3-1 /T6-T2-1 /T4-T0-1 /T3-T1-1 /T1-T5-2 /T1-F2-1 /T6-T1-1 /D:3     /W-F2-1  /D:5     
/W-T3-1  /W-T3-1  /T4-T3-1 /D:6     /W-T1-1  /T4-T1-1 /D:1     /W-F2-1  /D:2     /W-F3-1  
/T0-T5-1 /T0-F3-1 /T2-T0-2 /D:1     /W-T6-1  /D:1     /W-T0-1  /T2-T0-1 /D:2     /W-F0-1  
/T5-F0-1 /T3-F0-1 /T3-F3-1 /T2-F3-1 /T4-T2-1 /D:2     /W-T1-1  /T4-T1-1 /D:1     /W-F1-1  
/R       /D:1     /W-T0-1  /T6-T0-2 /T6-F1-1 /T5-F1-1 /T5-F0-1 /T6-T4-1 /T6-T1-1 /D:2     
/W-T4-1  /T6-T4-1 /D:1     /W-T4-1  /W-T4-1  /D:1     /W-F1-1  /T5-F1-1 /T5-T0-1 /D:1     
/W-F0-1  /D:1     /W-T1-1  /T3-T1-2 /T3-F2-1 /T1-F2-1 /T0-F2-1 /T1-F3-1 /T5-T3-1 /T5-T2-1 
/T0-F3-1 /T1-F2-1 /T1-F3-1 /T0-T4-1 /T0-F3-1 /T5-T4-1 /D:1     /W-T2-1  /T3-T2-2 /D:2     
/W-F0-1  /W-F0-1  /D:1     /W-T1-1  /D:1     /W-F2-1  /T2-F2-1 /T1-T2-2 /T1-F3-1 /T4-T0-3 
/T4-F2-1 /T0-T4-4 /T0-F3-1 /T2-T1-3 /T2-F2-1 /T1-T2-4 /T1-F3-1 /T4-T0-5 /T4-F2-1 /T1-F2-1 
/T4-F3-1 /D:1     /W-F1-1  /T0-F1-1 /T0-F0-1 /T2-F1-1 /T0-F1-1 /T2-F0-1 /T0-F0-1 /T2-F1-1 
/T0-F1-1 /T2-F0-1 /T0-F0-1 /T2-F1-1 /T0-F1-1 /T2-F0-1 
"
1041276,z#vk#SsL#oUna#XxrDP#TbiJAt#BWplCfO#FZKeGYycqQHMhIRjdEmwVugN,73.500000,1230.000000,33.000000,0.873134,1,"
minimal: 0 / states: 122 / duration: 0.000120s
history:
/T3-F1-1 /T3-F2-1 /T5-T3-1 /T5-F0-1 /T5-T1-1 /T5-T1-1 /T5-F1-1 /T1-T2-3 /T3-T1-2 /T3-F2-1 
/D:1     /W-T5-1  /D:1     /W-T3-1  /T2-T3-4 /D:2     /W-T2-1  /D:2     /W-T0-1  /D:2     
/W-F1-1  /D:1     /W-T2-1  /T4-T2-1 /D:2     /W-T3-1  /T5-T3-2 /D:1     /W-T5-1  /D:3     
/W-T3-1  /T4-T3-1 /D:2     /W-F1-1  /D:7     /W-F3-1  /T6-F3-1 /T6-T1-1 /T4-T1-1 /T4-T0-1 
/F1-T1-1 /T6-T1-1 /T6-T5-1 /T6-F2-1 /T6-T0-1 /T6-F0-1 /T1-F0-1 /T1-F1-1 /T2-F3-1 /T2-F2-1 
/T3-F0-1 /T2-F1-1 /T1-F2-1 /T2-F2-1 /T1-F1-1 /T1-F2-1 /W-F1-1  /W-F2-1  /T1-T0-2 /R       
/D:1     /W-T5-1  /D:1     /W-T0-1  /T2-T0-1 /D:2     /W-F3-1  /T3-F3-1 /T0-F3-1 /D:1     
/W-F1-1  /D:2     /W-T5-1  /W-T5-1  /T0-T5-2 /T0-F2-1 /D:1     /W-F0-1  /T3-F0-1 /T3-F3-1 
/T5-F0-1 /T3-F0-1 /T3-F1-1 /T5-F3-1 /T5-F0-1 /T5-F1-1 /T3-F0-1 /T3-F1-1 /T5-F0-1 /T3-F0-1 
/T5-F1-1 /T5-F0-1 /W-T3-1  /T4-T3-1 /D:1     /W-F1-1  /D:1     /W-F2-1  /D:1     /W-F3-1  
/T0-F3-1 /T0-F2-1 /T3-F3-1 /T0-F3-1 /T3-F2-1 /T0-F2-1 /T3-F3-1 
"
1041348,R#aN#ZHy#kDfs#eJWoG#EzVvpA#BxTldXq#CPtmcYjuQwrOSgUnIMFhLbKi,98.000000,697.000000,40.000000,0.677632,1,"
minimal: 0 / states: 122 / duration: 0.000125s
history:
/T1-F3-1 /T1-F1-1 /T5-F0-1 /T6-T0-1 /T6-T2-1 /T5-T6-1 /T0-T3-2 /D:2     /W-T3-1  /D:2     
/W-T0-1  /T2-T0-2 /D:6     /W-T0-1  /D:2     /W-F3-1  /T3-F3-1 /D:1     /W-T4-1  /W-T4-1  
/T6-T4-2 /W-F3-1  /D:1     /W-T2-1  /T3-T2-3 /D:1     /W-T5-1  /T4-T5-5 /D:1     /W-F2-1  
/T4-F2-1 /T5-T4-7 /T5-T0-1 /T6-T5-1 /T2-T0-5 /T5-T1-2 /T4-F2-1 /T0-F2-1 /T0-F3-1 /T4-T3-2 
/T4-F3-1 /T6-F3-1 /T3-T4-3 /T4-T6-7 /T6-T1-8 /T6-F0-1 /T1-T5-1 /T1-F2-1 /T0-F2-1 /T5-T1-2 
/D:2     /W-T5-1  /D:1     /W-T0-1  /D:2     /W-T2-1  /D:1     /W-F1-1  /D:2     /W-T4-1  
/R       /D:1     /W-F0-1  /T3-F0-1 /T4-T3-2 /T3-T2-3 /T4-T0-1 /D:1     /W-F2-1  /D:1     
/W-F1-1  /T1-F1-1 /T0-F1-1 /T1-F0-1 /T0-F0-1 /T1-F1-1 /T0-F1-1 /T1-F0-1 /T0-F0-1 /T1-F3-1 
/T0-F3-1 /D:1     /W-T5-1  /D:2     /W-F2-1  /T1-F2-1 /T0-F2-1 /T1-F3-1 /T0-F3-1 /T1-F2-1 
/T0-F2-1 /T5-F3-1 /T1-T5-1 /T1-F2-1 /T2-T0-4 /T2-F3-1 /D:1     /W-F0-1  /D:1     /W-F1-1  
/T0-F1-1 /T0-F0-1 /W-F1-1  /T0-F1-1 /T5-F1-1 /D:1     /W-F0-1  /T0-F0-1 /T0-F1-1 /T5-F0-1 
"
1041371,y#oU#Qmn#IfGZ#JkMEw#xgtbza#ehPLdpq#VlcuAFKBSvWHCDXiNOsrRjTY,105.000000,896.000000,37.000000,0.739437,1,"
minimal: 0 / states: 103 / duration: 0.000113s
history:
/T2-F2-1 /T5-F1-1 /T0-T2-1 /T5-T0-1 /T5-F1-1 /T5-T1-1 /D:1     /W-T4-1  /D:1     /W-T0-1  
/D:1     /W-F1-1  /D:1     /W-T4-1  /T5-T4-1 /T5-T0-1 /T3-T5-1 /D:1     /W-F0-1  /D:1     
/W-T4-1  /D:2     /W-F0-1  /D:1     /W-T1-1  /D:2     /W-T0-1  /W-T0-1  /T1-T0-3 /T1-F2-1 
/T2-T1-2 /D:2     /W-F0-1  /D:1     /W-F0-1  /D:1     /W-T1-1  /T4-T1-5 /T4-F0-1 /T1-F0-1 
/T3-F0-1 /W-F0-1  /D:2     /W-F3-1  /D:1     /W-F3-1  /D:1     /W-T1-1  /D:1     /W-T0-1  
/T2-T0-1 /T4-T2-1 /D:1     /W-T1-1  /T6-T1-1 /T6-F2-1 /T6-F1-1 /T6-T5-1 /T6-F3-1 /T0-F3-1 
/T1-F2-1 /T0-F2-1 /T1-F3-1 /T0-F3-1 /T3-T0-1 /T4-T5-1 /T6-T3-1 /T6-F1-1 /T0-F1-1 /T1-F2-1 
/T0-F2-1 /T1-F1-1 /T3-F1-1 /T1-F2-1 /W-F1-1  /T3-F0-1 /T4-F0-1 /W-F0-1  /D:1     /W-F1-1  
/T5-F1-1 /T5-F0-1 /T2-F0-1 /D:1     /W-F3-1  /T0-F3-1 /T0-F2-1 /T1-F3-1 /T0-F3-1 /T1-F2-1 
/T0-F2-1 /T0-F1-1 /T1-F3-1 /T1-F2-1 /T1-F1-1 /T0-F2-1 /D:1     /W-F3-1  /T5-F3-1 
"
1050258,Z#Xn#TkB#PNCQ#pOeoW#MUDarv#fcKsiyw#VHxhzIJFljmgdRYbLAtGuqSE,115.000000,1732.000000,47.000000,0.643678,1,"
minimal: 0 / states: 121 / duration: 0.000117s
history:
/T1-F2-1 /T6-T1-1 /T5-T4-1 /T6-T0-1 /T6-T1-1 /T3-T5-1 /T3-T5-1 /T3-F3-1 /T2-T3-1 /T2-T0-1 
/T6-T2-1 /T4-T6-2 /T4-F2-1 /T4-T2-1 /T4-F3-1 /T4-F2-1 /D:2     /W-T1-1  /T2-T1-3 /D:2     
/W-T6-1  /D:1     /W-T2-1  /D:2     /W-T0-1  /D:2     /W-T2-1  /T6-T2-4 /T3-T6-1 /T3-F3-1 
/D:2     /W-T3-1  /D:5     /W-T5-1  /D:1     /W-T3-1  /T1-T3-7 /D:1     /W-F0-1  /T6-F0-1 
/D:1     /W-T2-1  /D:3     /W-T3-1  /T6-T3-1 /T5-T6-4 /T5-F1-1 /T6-F1-1 /T3-F1-1 /T3-F2-1 
/T6-F0-1 /T5-F0-1 /T6-F3-1 /T6-F2-1 /T6-T2-1 /D:2     /W-F0-1  /R       /D:1     /W-T0-1  
/D:3     /W-F0-1  /D:3     /W-F1-1  /T3-F1-1 /T2-F1-1 /T3-F2-1 /W-F1-1  /T2-F2-1 /T2-F1-1 
/T5-T2-1 /T3-T0-2 /T3-F1-1 /W-F1-1  /D:1     /W-F3-1  /D:1     /W-T5-1  /D:1     /W-F0-1  
/D:1     /W-F2-1  /D:1     /W-F3-1  /T0-F3-1 /T0-F0-1 /T2-F3-1 /T0-F3-1 /T2-F2-1 /T3-F2-1 
/W-F0-1  /T0-F0-1 /T0-F1-1 /T2-F3-1 /T2-F0-1 /T3-F3-1 /T3-F0-1 /W-F2-1  /T0-F2-1 /T2-F1-1 
/T3-F1-1 /T5-F3-1 /T0-F3-1 /T2-F2-1 /T5-F0-1 
"
1050442,n#hk#SpN#tUBq#HucXC#fRlGTA#srWQmza#MZyDdjEwbegFxoOKVYPIJLvi,98.500000,2062.000000,61.000000,0.570652,1,"
minimal: 0 / states: 132 / duration: 0.000141s
history:
/T0-F2-1 /T2-F3-1 /T5-F0-1 /T6-F1-1 /T6-T0-1 /D:3     /W-T6-1  /T1-T6-1 /D:5     /W-T6-1  
/D:1     /W-F1-1  /D:3     /W-T5-1  /D:2     /W-F2-1  /T2-F2-1 /T3-F2-1 /T3-F0-1 /T4-F0-1 
/D:1     /W-F3-1  /D:2     /W-T6-1  /D:1     /W-T0-1  /W-T0-1  /D:1     /W-F3-1  /D:2     
/W-T4-1  /D:3     /W-T4-1  /R       /D:3     /W-F0-1  /D:2     /W-T0-1  /D:1     /W-F0-1  
/T5-F0-1 /D:4     /W-T0-1  /T3-T0-1 /T2-T3-1 /T6-T2-5 /T6-F3-1 /T3-T0-2 /D:2     /W-T6-1  
/T1-T6-1 /R       /D:1     /W-T1-1  /D:1     /W-T3-1  /D:5     /W-T3-1  /T4-T3-3 /T4-F1-1 
/T5-T4-1 /T5-F0-1 /T5-T1-1 /T5-F3-1 /T4-T2-2 /W-T1-1  /T6-T1-3 /T6-F2-1 /T0-F3-1 /T2-F3-1 
/T4-F0-1 /T6-F2-1 /T0-F2-1 /T0-F3-1 /T0-F0-1 /T2-F2-1 /T2-F3-1 /T1-T0-2 /T1-F3-1 /T3-T2-1 
/T3-F0-1 /T3-F3-1 /T0-T1-3 /T0-F0-1 /T0-F3-1 /T3-F0-1 /T3-F3-1 /T1-T0-5 /T1-F0-1 /R       
/D:1     /W-F1-1  /D:1     /W-F1-1  /T5-F1-1 /D:1     /W-F1-1  /T0-F1-1 /T0-F2-1 /T2-F1-1 
/T0-F1-1 /T2-F2-1 /T0-F2-1 /T2-F1-1 /T0-F1-1 /T2-F2-1 /T0-F2-1 /T2-F1-1 
"
1050456,z#he#GkZ#mNJA#PqDOl#CRWnbi#uTQKpoI#VaLjdUxcEgvFfHYwstSrXyBM,84.000000,1176.000000,20.000000,0.969388,1,"
minimal: 0 / states: 111 / duration: 0.000112s
history:
/T3-F0-1 /T5-T3-1 /T4-T0-1 /D:2     /W-F1-1  /T5-F1-1 /T5-F2-1 /T6-T5-1 /T6-F2-1 /T6-F2-1 
/T6-T0-1 /T5-T0-2 /F2-T6-1 /T4-T6-1 /T4-T1-1 /T4-T5-1 /T4-T1-1 /T2-T4-1 /T3-T2-2 /T3-F3-1 
/T6-F3-1 /T6-F2-1 /T1-F3-1 /T6-F3-1 /T5-F2-1 /T5-F3-1 /D:1     /W-T3-1  /T2-T3-3 /D:3     
/W-T0-1  /T2-T0-1 /D:2     /W-F1-1  /D:4     /W-T6-1  /T1-T6-2 /D:1     /W-T0-1  /D:1     
/W-T3-1  /T6-T3-4 /D:4     /W-T1-1  /D:1     /W-F3-1  /D:1     /W-F2-1  /W-F2-1  /T1-F2-1 
/T6-F2-1 /D:2     /W-T4-1  /W-T4-1  /W-T4-1  /D:1     /W-F0-1  /T5-F0-1 /T3-F0-1 /D:1     
/W-T2-1  /W-T2-1  /W-F2-1  /T4-F2-1 /R       /D:3     /W-F1-1  /T3-F1-1 /T0-F1-1 /D:1     
/W-F2-1  /D:1     /W-F0-1  /T3-F0-1 /T0-F0-1 /T3-F3-1 /T0-F3-1 /T3-F0-1 /T0-F0-1 /D:1     
/W-F1-1  /T1-F1-1 /T3-F1-1 /W-F1-1  /W-F3-1  /T0-F3-1 /T3-F0-1 /T0-F0-1 /T3-F1-1 /T0-F1-1 
/T4-F3-1 /T2-F3-1 /T3-F0-1 /T2-F0-1 /T4-F2-1 /T0-F2-1 /T3-F1-1 /T4-F3-1 
"
1050476,K#bS#RkN#dDUa#njxqB#HgJrMI#pPeXLlC#TomuvcQZGYfsyOFwEzVtihWA,89.000000,1183.000000,41.000000,0.726027,1,"
minimal: 0 / states: 124 / duration: 0.000138s
history:
/T2-F3-1 /T3-F1-1 /T3-T5-1 /D:6     /W-T3-1  /T4-T3-1 /D:3     /W-T5-1  /T1-T5-1 /T1-F1-1 
/W-T1-1  /D:4     /W-T1-1  /T2-T1-1 /T4-T2-1 /D:1     /W-F3-1  /D:2     /W-T1-1  /D:1     
/W-T5-1  /D:2     /W-T1-1  /D:4     /W-T0-1  /T5-T0-5 /D:1     /W-F0-1  /T3-F0-1 /T6-F0-1 
/T6-T5-1 /T4-T5-1 /T4-T5-1 /T4-F2-1 /T5-T4-4 /T3-T2-1 /T3-F0-1 /T0-F0-1 /T5-T0-1 /T2-F1-1 
/T3-F1-1 /R       /D:2     /W-F2-1  /D:1     /W-T3-1  /T6-T3-1 /T6-T3-1 /T6-F1-1 /T6-F3-1 
/T6-F2-1 /T2-F2-1 /T5-T3-1 /T0-F2-1 /D:1     /W-T1-1  /T5-T1-1 /W-T5-1  /D:1     /W-T4-1  
/D:1     /W-F3-1  /T2-F3-1 /T0-F3-1 /T5-F3-1 /D:2     /W-F1-1  /T1-F1-1 /D:1     /W-F2-1  
/D:1     /W-F0-1  /T0-F0-1 /T5-F0-1 /T0-F3-1 /T0-F0-1 /T3-F0-1 /D:1     /W-T2-1  /W-T2-1  
/T0-T2-2 /D:1     /W-F2-1  /T1-F2-1 /T1-F3-1 /T2-F3-1 /T2-F0-1 /T3-F3-1 /T2-F3-1 /T3-F0-1 
/T4-F2-1 /T1-F2-1 /T1-T3-2 /T1-F3-1 /T4-T2-3 /T4-F0-1 /D:2     /W-F1-1  /W-F1-1  /T2-F1-1 
/T2-F2-1 /T3-F1-1 /T2-F1-1 /T3-F2-1 /T2-F2-1 /T3-F1-1 
"
1050480,y#ZR#JoE#uTcG#prQva#XUSlgA#ONzFBKk#CnqeMtWHPsxfdiYmhIDjbwVL,106.000000,1946.000000,45.000000,0.716049,1,"
minimal: 0 / states: 123 / duration: 0.000126s
history:
/T4-F1-1  /T5-F0-1  /T6-T0-1  /D:2      /W-F2-1   /D:1      /W-T1-1   /D:4      /W-T6-1   /T4-T6-1  
/T4-T2-1  /D:2      /W-T1-1   /D:1      /W-T5-1   /T1-T5-3  /T0-T1-2  /D:2      /W-T3-1   /T2-T3-2  
/T2-F2-1  /T2-T1-1  /D:1      /W-T4-1   /D:1      /W-T1-1   /D:2      /W-T0-1   /D:1      /W-T6-1   
/T3-T6-4  /D:4      /W-F1-1   /T3-F1-1  /T4-F1-1  /D:3      /W-T0-1   /R        /D:1      /W-T6-1   
/D:1      /W-F1-1   /D:1      /W-T2-1   /D:2      /W-T1-1   /T5-T1-5  /T6-T5-9  /T6-F0-1  /T5-T2-10 
/T6-T3-1  /T4-T5-1  /T2-F0-1  /T4-T2-1  /T6-T4-1  /T6-F3-1  /T6-F3-1  /T1-F3-1  /T2-F2-1  /T1-F2-1  
/T2-F3-1  /T5-F2-1  /T1-F3-1  /T1-F2-1  /T5-F3-1  /T3-T1-1  /T3-F3-1  /T5-F3-1  /W-F2-1   /T3-F2-1  
/T5-T0-1  /D:2      /W-T4-1   /W-T4-1   /D:2      /W-F0-1   /T2-F0-1  /T1-F0-1  /T2-F1-1  /T1-F1-1  
/T2-F0-1  /T1-F0-1  /T2-F1-1  /T1-F1-1  /T2-F2-1  /W-F0-1   /T1-F0-1  /T2-T4-1  /T2-F0-1  /D:1      
/W-F1-1   /T1-F1-1  /T2-F1-1  /T0-T1-1  /T0-F0-1  /T0-F1-1  /T2-F0-1  /D:1      /W-F2-1   /D:1      
/W-F3-1   /T4-F3-1  /T1-F3-1  /T4-F2-1  /T1-F2-1  /T4-F3-1  /T1-F3-1  /T4-F2-1  
"
1050535,I#bU#icn#jeZo#TgruW#QNsSyt#wkmPqlM#xVFAODCvpGzRJfLhaXBdEHKY,77.000000,1081.000000,23.000000,0.826923,1,"
minimal: 0 / states: 109 / duration: 0.000109s
history:
/T2-F2-1 /T3-F2-1 /T5-T1-1 /T5-T3-1 /T5-T1-1 /T1-T0-3 /T0-T4-4 /T6-T0-1 /T6-T0-1 /T2-T6-1 
/D:1     /W-T0-1  /T4-T0-5 /T4-T2-1 /T4-T0-1 /T5-T4-1 /T5-F3-1 /T4-T2-2 /T5-T0-1 /T3-T5-2 
/T6-T3-2 /T3-T2-3 /D:2     /W-T4-1  /D:1     /W-F0-1  /D:1     /W-F3-1  /T6-F3-1 /T0-F3-1 
/D:3     /W-T3-1  /D:1     /W-F2-1  /D:3     /W-F3-1  /D:3     /W-T6-1  /D:1     /W-T3-1  
/D:1     /W-F1-1  /T1-F1-1 /T6-T1-2 /T6-T1-1 /T2-F1-1 /T2-F2-1 /T0-F2-1 /T0-F3-1 /T2-T4-1 
/T2-F2-1 /T0-F2-1 /T4-T2-2 /T4-F3-1 /T0-F3-1 /T2-T6-5 /T6-T1-6 /D:1     /W-T5-1  /D:1     
/W-F0-1  /D:1     /W-F1-1  /T1-F1-1 /W-F1-1  /W-T5-1  /W-T2-1  /W-T3-1  /W-F0-1  /W-F0-1  
/W-F3-1  /D:1     /W-F0-1  /T1-F0-1 /T1-F1-1 /T1-F2-1 /T3-F0-1 /T3-F1-1 /T3-F2-1 /T1-F1-1 
/T1-F2-1 /T3-F1-1 /T1-F1-1 /D:1     /W-F0-1  /T0-F0-1 /T0-F3-1 /T0-F2-1 /T5-F0-1 /T5-F3-1 
/T5-F2-1 /T0-F1-1 /T2-F2-1 /T1-T5-1 /T1-F1-1 /D:1     /W-F0-1  /T5-F0-1 /T0-F0-1 /D:1     
/W-F3-1  /T5-F3-1 
"
1050701,y#Sl#DvB#fGkY#EhoNH#FLqzRO#UdgJPjM#sCpIbXaQTturKciWeVxnwmZA,129.500000,1851.000000,49.000000,0.574713,1,"
minimal: 0 / states: 132 / duration: 0.000151s
history:
/T3-T6-1 /T3-T0-1 /D:7     /W-F1-1  /D:2     /W-T4-1  /D:4     /W-T1-1  /D:3     /W-T1-1  
/D:3     /W-T6-1  /D:1     /W-F2-1  /D:1     /W-T0-1  /W-T0-1  /T4-T0-2 /T4-F3-1 /T4-F2-1 
/T5-F3-1 /T3-T4-1 /T3-T4-1 /T6-T3-3 /T6-T3-1 /T6-F3-1 /D:3     /W-F0-1  /T2-F0-1 /T2-T1-1 
/T4-T1-3 /T2-T5-1 /W-T2-1  /T0-T2-6 /W-T0-1  /T4-T1-1 /R       /D:1     /W-T2-1  /T5-T2-2 
/T5-T4-1 /T1-T4-8 /D:1     /W-F0-1  /T2-F0-1 /T5-T2-1 /T5-T0-1 /T4-F0-1 /T5-F0-1 /D:1     
/W-F2-1  /T2-F2-1 /D:1     /W-T3-1  /D:1     /W-F1-1  /D:1     /W-T0-1  /T6-T0-1 /D:1     
/W-F3-1  /T2-F3-1 /T1-F3-1 /T2-T6-1 /T2-F3-1 /T6-T2-2 /D:3     /W-T4-1  /T6-T4-1 /T6-F3-1 
/D:1     /W-F1-1  /T4-F1-1 /T4-F2-1 /T2-F2-1 /D:1     /W-T0-1  /T2-T0-2 /T2-F3-1 /D:1     
/W-F1-1  /T4-F1-1 /T0-F1-1 /T4-F0-1 /T0-F0-1 /T3-F0-1 /T4-F1-1 /T0-F1-1 /T0-F0-1 /T3-F1-1 
/T2-T0-1 /T2-F1-1 /T4-T3-2 /T4-F0-1 /T4-F1-1 /T0-T2-2 /T0-F0-1 /T0-F1-1 /T3-T4-4 /T3-F0-1 
/R       /D:1     /W-F2-1  /D:1     /W-F2-1  /T4-F2-1 /T2-F2-1 /T4-F3-1 /T2-F3-1 /T4-F2-1 
/T2-F2-1 /T4-F3-1 /T2-F3-1 /T4-F2-1 
"
1050770,H#Dn#idA#gjIl#zLpof#eutGcW#rMRNTUZ#ayqPsOYwxQkbFvEBSmXCJVhK,134.500000,2214.000000,40.000000,0.654321,1,"
minimal: 0 / states: 117 / duration: 0.000122s
history:
/T1-F2-1 /T2-F0-1 /D:1     /W-F1-1  /D:1     /W-T6-1  /D:2     /W-T1-1  /D:5     /W-T3-1  
/T5-T3-1 /D:2     /W-T6-1  /D:1     /W-F1-1  /T5-F1-1 /T2-F1-1 /T4-T5-1 /T4-F2-1 /T4-F2-1 
/T0-T2-1 /T6-T0-3 /T5-T6-2 /D:2     /W-T3-1  /T6-T3-3 /T6-T2-1 /T6-F3-1 /W-T2-1  /T6-T2-1 
/T3-T6-7 /T1-T2-2 /T6-T1-8 /W-T6-1  /W-T0-1  /T2-T0-7 /T6-T1-2 /D:2     /W-F0-1  /D:1     
/W-T5-1  /W-T5-1  /D:1     /W-T2-1  /T4-T2-1 /W-T4-1  /W-F3-1  /T0-F3-1 /T1-F3-1 /D:1     
/W-T2-1  /D:1     /W-F0-1  /T0-F0-1 /T5-F0-1 /T0-F3-1 /T0-F0-1 /T5-F3-1 /T0-F3-1 /T1-T5-2 
/T1-F0-1 /T5-T1-3 /T0-F0-1 /T3-F0-1 /T5-T0-1 /T5-F1-1 /D:1     /W-F0-1  /D:3     /W-T4-1  
/T3-T4-1 /T3-T0-1 /R       /D:1     /W-F2-1  /T1-F2-1 /T1-F1-1 /T0-F1-1 /D:1     /W-F2-1  
/T1-F2-1 /T0-F2-1 /T1-F3-1 /T1-F2-1 /D:1     /W-F3-1  /T1-F3-1 /T2-F3-1 /T4-T1-1 /T4-F0-1 
/T2-F0-1 /T4-F3-1 /T0-T2-4 /T0-F3-1 /T1-T4-3 /T1-F0-1 /D:1     /W-F1-1  /T2-F1-1 /T2-F2-1 
/T4-F1-1 /T2-F1-1 /T4-F2-1 /T2-F2-1 /T4-F1-1 /T2-F1-1 /T4-F2-1 
"
1050789,V#ns#WSU#cvot#EOHNk#QhlZJb#PuriBma#AxgIqMTeGCYDwFjzpdLXRfyK,144.000000,4463.000000,75.000000,0.445946,1,"
minimal: 0 / states: 141 / duration: 0.000141s
history:
/T6-F1-1 /T5-F1-1 /T5-T4-1 /T3-T2-1 /T0-T4-1 /T6-T0-1 /D:1     /W-F0-1  /T6-F0-1 /D:7     
/W-T1-1  /D:2     /W-F0-1  /D:2     /W-F0-1  /D:7     /W-T0-1  /T4-T0-3 /T4-F3-1 /T4-T0-1 
/T4-F3-1 /T4-F0-1 /T5-T4-1 /D:3     /W-T2-1  /D:1     /W-T4-1  /D:1     /W-T5-1  /R       
/D:2     /W-T0-1  /T1-T0-2 /T1-F2-1 /T3-F2-1 /T2-T3-3 /D:2     /W-T0-1  /D:1     /W-T1-1  
/T5-T1-2 /D:2     /W-T5-1  /T2-T5-1 /T3-T2-4 /T3-F1-1 /T2-T1-5 /D:3     /W-F0-1  /D:2     
/W-T2-1  /D:1     /W-F2-1  /T0-F2-1 /D:1     /W-F1-1  /T0-F1-1 /T1-F1-1 /T5-T1-1 /T5-F0-1 
/D:1     /W-T4-1  /D:1     /W-T0-1  /R       /D:4     /W-T2-1  /D:1     /W-T4-1  /T6-T4-1 
/T6-F2-1 /T6-T4-1 /T6-F3-1 /T0-T4-3 /T0-F0-1 /D:1     /R       /D:1     /W-T2-1  /D:1     
/W-F0-1  /D:2     /W-T2-1  /F0-T2-1 /T5-T2-1 /T5-F3-1 /T4-F3-1 /T1-F3-1 /T4-F2-1 /T1-F2-1 
/T4-F1-1 /T2-F1-1 /W-F3-1  /T1-F3-1 /T2-F0-1 /T4-F2-1 /T0-F3-1 /T1-F2-1 /T1-F3-1 /T4-F1-1 
/T0-F0-1 /T2-F1-1 /T1-F0-1 /T4-F2-1 /T0-F1-1 /T2-F2-1 /T1-F1-1 /T4-F3-1 /T0-F0-1 /T2-F3-1 
/T1-F0-1 /T4-F2-1 /T0-F1-1 /T2-F2-1 /T4-F3-1 
"
1050795,w#YX#edF#yaCg#hoSjl#sDzmbp#vVinIPL#fUcuJKOTBQtqAMEHxNGRZWkr,118.500000,3081.000000,52.000000,0.548780,1,"
minimal: 0 / states: 134 / duration: 0.000127s
history:
/T2-T3-1 /T5-T2-1 /T5-T2-1 /T6-T5-1 /T1-T5-1 /T0-T5-1 /T5-T0-4 /T4-T5-1 /D:6     /W-T1-1  
/T4-T1-1 /D:3     /W-T6-1  /D:4     /W-F0-1  /T6-F0-1 /D:2     /W-T4-1  /T2-T4-3 /T2-T3-1 
/T5-T2-2 /T6-T5-1 /T6-T1-1 /T6-F2-1 /T6-T0-1 /T5-T3-2 /D:1     /W-T0-1  /T3-T0-5 /T3-F0-1 
/T3-F1-1 /T4-F1-1 /D:1     /W-T2-1  /D:1     /W-F3-1  /D:2     /W-T5-1  /D:2     /W-T2-1  
/D:1     /W-T3-1  /D:1     /R       /D:2     /W-T1-1  /D:1     /W-F1-1  /D:1     /W-T6-1  
/D:1     /W-T3-1  /T6-T3-2 /T6-T2-1 /D:1     /W-F3-1  /T0-F3-1 /T0-F0-1 /D:1     /W-T3-1  
/T5-T3-2 /D:1     /W-F3-1  /T3-F3-1 /D:1     /W-T1-1  /T4-T1-4 /T4-F2-1 /T1-F2-1 /T1-F1-1 
/T1-F0-1 /T0-F1-1 /T0-F0-1 /T1-F3-1 /W-F1-1  /T0-F1-1 /T4-F1-1 /D:1     /W-F2-1  /D:1     
/W-T4-1  /T1-T4-6 /D:1     /W-F0-1  /T0-F0-1 /T0-F1-1 /T4-T2-2 /T4-F0-1 /T4-F1-1 /T3-T0-4 
/T3-F0-1 /T3-F1-1 /T4-F0-1 /T0-T3-6 /T0-F0-1 /T2-T4-5 /T2-F1-1 /T0-F1-1 /T4-T2-6 /T4-F0-1 
/D:1     /W-T0-1  /T3-T0-7 /D:1     /W-F2-1  /T0-F2-1 /T0-F3-1 /T2-F2-1 /T0-F2-1 /T2-F3-1 
/T0-F3-1 /T2-F2-1 /T0-F2-1 /T2-F3-1 /T0-F3-1 /T2-F2-1 /T0-F2-1 /T2-F3-1 /T0-F3-1 /T2-F2-1 
"
1050843,E#AN#Xgv#xMQi#JbknZ#jIYfVy#LestmBp#RSGUTcuKhPwqCFHOozdWDrla,123.500000,1102.000000,53.000000,0.564516,1,"
minimal: 0 / states: 122 / duration: 0.000129s
history:
/T1-F3-1 /T1-F0-1 /T5-T4-1 /T4-T1-2 /T4-F2-1 /T4-T1-1 /T4-T6-1 /T5-T4-1 /T0-T5-1 /T4-T1-2 
/D:4     /W-T2-1  /W-T2-1  /T5-T2-2 /D:3     /W-T1-1  /D:1     /W-T5-1  /D:7     /W-T3-1  
/D:1     /W-F3-1  /D:1     /W-F2-1  /D:1     /W-T0-1  /T5-T0-2 /D:1     /W-T2-1  /T6-T2-2 
/T6-F0-1 /T6-T4-1 /D:1     /W-T0-1  /T2-T0-8 /T2-T1-1 /W-T1-1  /W-F0-1  /D:1     /W-F0-1  
/D:3     /W-F1-1  /T0-F1-1 /T0-F2-1 /R       /D:1     /W-T1-1  /D:1     /W-T6-1  /D:1     
/W-T3-1  /D:1     /W-F1-1  /T0-F1-1 /T0-F0-1 /D:1     /W-T5-1  /T6-T5-2 /T6-T3-1 /T6-F1-1 
/T0-F1-1 /T1-T3-1 /T1-F0-1 /T0-F0-1 /T1-F1-1 /T3-T1-3 /T3-F0-1 /T5-T0-2 /T5-F1-1 /T3-F1-1 
/T5-F0-1 /T5-F1-1 /T1-T2-6 /T1-F1-1 /T2-T1-7 /T6-T4-1 /D:1     /W-F3-1  /T3-F3-1 /T3-T2-1 
/T1-F3-1 /T0-F3-1 /D:2     /W-F2-1  /D:1     /W-F2-1  /T1-F2-1 /T0-F2-1 /T1-F3-1 /T0-F3-1 
/T1-F2-1 /T0-F2-1 /T1-F3-1 /T0-F3-1 /T1-F0-1 /T0-F0-1 /W-F2-1  /T1-F3-1 /T3-F2-1 /T0-F3-1 
/T1-F2-1 /T4-F0-1 /T1-F3-1 /T0-F2-1 /T2-F0-1 /D:1     /W-F1-1  /T4-F1-1 
"
1050896,V#nX#RZs#yaNJ#ExmPu#FcYUoz#ihIMCQW#SAjbHgwdptvqrkBleGOLTKfD,123.000000,2926.000000,38.000000,0.629870,1,"
minimal: 0 / states: 122 / duration: 0.000117s
history:
/T4-T0-1 /T3-T1-1 /T3-F3-1 /T3-F1-1 /T1-T3-2 /T1-F2-1 /T5-T1-1 /T5-F2-1 /T0-T3-2 /D:2     
/W-F0-1  /D:2     /W-F1-1  /D:2     /W-T3-1  /T2-T3-1 /T2-T0-1 /T2-T3-1 /T3-T0-8 /D:3     
/W-F2-1  /D:1     /W-T5-1  /D:1     /W-T6-1  /T5-T6-2 /T5-T1-1 /T5-F1-1 /W-F1-1  /D:1     
/W-T0-1  /T4-T0-1 /T4-T2-1 /T6-T4-4 /T4-T1-5 /T6-T4-1 /T6-T4-1 /T6-T3-1 /D:3     /W-F0-1  
/T4-F0-1 /D:1     /W-T3-1  /D:1     /W-F1-1  /D:2     /W-F3-1  /T0-F3-1 /T0-F2-1 /T4-F3-1 
/T0-F3-1 /D:1     /W-T2-1  /D:2     /W-T3-1  /D:1     /W-F1-1  /D:1     /W-F0-1  /T4-F0-1 
/T5-F0-1 /R       /D:1     /W-F3-1  /D:1     /W-T3-1  /T6-T3-1 /T6-T3-1 /D:1     /W-T6-1  
/D:2     /W-F2-1  /T0-F2-1 /T0-F1-1 /T1-F2-1 /T0-F2-1 /T3-F1-1 /T1-T3-1 /T1-F2-1 /W-F2-1  
/T6-T0-1 /T6-F1-1 /T3-T1-2 /T3-F1-1 /T1-T3-3 /T1-F2-1 /T0-T2-4 /T0-F2-1 /D:1     /W-F1-1  
/T3-T1-4 /T3-F1-1 /T1-T3-5 /T1-F2-1 /T2-T0-5 /T2-F1-1 /D:1     /W-F0-1  /T0-F0-1 /D:1     
/W-F3-1  /T3-F3-1 /T0-F3-1 /T3-F0-1 /T0-F0-1 /T3-F3-1 /T0-F3-1 /T3-F0-1 /T0-F0-1 /T3-F3-1 
/T0-F3-1 /T3-F0-1 
"
1050978,h#zm#wDs#bGrp#tJKay#jSCZdX#kHPMIoW#ALRVvYUnlfxcQuOTiqBgFENe,94.500000,796.000000,34.000000,0.686441,1,"
minimal: 0 / states: 124 / duration: 0.000122s
history:
/T5-T4-1 /T4-T1-2 /T4-F1-1 /T6-T4-1 /T3-T5-1 /T5-T3-2 /D:1     /W-F0-1  /D:1     /W-T5-1  
/D:1     /W-T2-1  /D:2     /W-T4-1  /T0-T4-1 /T5-T0-2 /D:3     /W-F2-1  /T6-F2-1 /T3-F2-1 
/T5-T3-1 /T3-T5-3 /T3-T4-1 /T3-F1-1 /T1-T3-3 /T5-T4-4 /T6-T5-1 /W-T5-1  /W-T1-1  /T4-T1-9 
/T4-T3-1 /T4-T5-1 /T6-T4-1 /W-T3-1  /D:1     /W-T4-1  /D:1     /W-T5-1  /D:1     /W-T4-1  
/T5-T4-5 /D:1     /W-F1-1  /D:2     /W-T3-1  /D:1     /W-T1-1  /D:1     /W-T3-1  /T2-T3-2 
/T6-T2-1 /T2-T3-2 /D:1     /W-T2-1  /T6-T2-1 /T2-T6-3 /T6-T0-4 /D:1     /W-F2-1  /D:1     
/W-F0-1  /D:1     /W-T0-1  /D:1     /W-T0-1  /D:1     /W-T4-1  /T1-T4-3 /T1-F2-1 /T3-T0-3 
/T3-F2-1 /D:1     /W-F3-1  /T4-F3-1 /T0-F3-1 /T4-F0-1 /T0-F0-1 /T4-F1-1 /W-F3-1  /T0-F3-1 
/T4-F0-1 /T1-F3-1 /T0-F0-1 /T3-F3-1 /T1-F0-1 /T0-T3-1 /T0-F0-1 /T4-T1-2 /T4-F3-1 /T4-F0-1 
/T3-T0-2 /T3-F3-1 /T3-F0-1 /T1-T4-4 /T1-F3-1 /T1-F0-1 /T3-F3-1 /T1-F3-1 /T0-T3-5 /T0-F0-1 
/T0-F3-1 /T4-T1-7 /T4-F0-1 /D:1     /W-F1-1  /T1-F1-1 /T1-F2-1 /T3-F1-1 /T1-F1-1 /T3-F2-1 
/T1-F2-1 /T3-F1-1 /T1-F1-1 /T3-F2-1 /T1-F2-1 /T3-F1-1 /T1-F1-1 /T3-F2-1 /T1-F2-1 /T3-F1-1 
"
1051022,d#sl#VDQ#IJmn#BwfKA#RNoWZL#PEOGYga#cjuMiTCyHXzFStxqvrephbUk,152.000000,2586.000000,66.000000,0.536036,1,"
minimal: 0 / states: 135 / duration: 0.000130s
history:
/T3-F2-1  /T4-F0-1  /T6-F1-1  /T5-T3-1  /T4-T1-1  /D:2      /W-T1-1   /D:5      /W-T0-1   /D:1      
/W-T5-1   /D:2      /W-T3-1   /D:2      /W-T6-1   /D:5      /W-T1-1   /D:1      /W-T4-1   /T2-T4-1  
/D:1      /W-T6-1   /T2-T6-1  /D:1      /W-T4-1   /D:1      /W-T1-1   /D:1      /W-F1-1   /D:2      
/W-T5-1   /R        /D:1      /W-F1-1   /D:1      /W-T2-1   /T6-T2-4  /D:7      /W-T1-1   /T4-T1-4  
/T4-T3-1  /T4-F0-1  /T5-T4-3  /T2-T3-6  /T3-T2-10 /T3-T4-1  /T0-F0-1  /T0-F1-1  /T2-F0-1  /T2-F1-1  
/T3-T5-1  /D:1      /W-T6-1   /T5-T6-2  /T5-F2-1  /T5-F3-1  /T1-F2-1  /T5-T2-1  /D:1      /W-F2-1   
/D:1      /W-T6-1   /R        /D:1      /W-T0-1   /T6-T0-5  /T6-T0-1  /T6-F3-1  /T6-F0-1  /T6-F3-1  
/T1-F3-1  /T1-F2-1  /T1-F1-1  /T2-F3-1  /T2-F0-1  /T0-F0-1  /T2-F1-1  /T1-T0-1  /T1-F1-1  /D:1      
/W-F1-1   /D:1      /W-T2-1   /D:1      /W-F0-1   /T0-T1-2  /T0-F0-1  /T4-F0-1  /T1-T0-3  /T1-F1-1  
/T1-F0-1  /T4-F1-1  /T1-F1-1  /T1-F2-1  /T0-F2-1  /T2-T4-5  /T2-F0-1  /T2-F1-1  /D:1      /W-T1-1   
/T0-T1-5  /T0-F0-1  /D:1      /W-F3-1   /T4-F3-1  /T1-F3-1  /T4-F2-1  /T1-F2-1  /T4-F3-1  /T1-F3-1  
/T4-F2-1  /T1-F2-1  /T4-F3-1  /T1-F3-1  /T4-F2-1  /T1-F2-1  /T4-F3-1  
"
1051142,i#Oz#PLF#JgTA#fBvyW#jaRqnU#VHQIxXN#SpctDZeboKlEwGYMmhsCrdku,132.000000,2372.000000,65.000000,0.525000,1,"
minimal: 0 / states: 137 / duration: 0.000148s
history:
/T3-F0-1 /T6-F3-1 /T2-T3-1 /T6-T2-1 /T4-T6-1 /D:4     /W-T5-1  /D:3     /W-T3-1  /D:4     
/W-T1-1  /T6-T1-2 /T5-T6-2 /T5-F2-1 /T5-T3-1 /T6-T1-3 /D:2     /W-T2-1  /T0-T2-1 /T1-T0-7 
/T1-F3-1 /D:3     /W-T1-1  /W-T1-1  /D:4     /W-T6-1  /D:3     /W-T4-1  /D:1     /W-T2-1  
/T3-T2-4 /R       /D:1     /W-T0-1  /D:2     /W-T2-1  /D:1     /W-T5-1  /D:2     /W-T6-1  
/D:1     /W-F2-1  /D:1     /W-T1-1  /D:1     /W-T0-1  /T6-T0-3 /T3-T6-1 /T3-T4-1 /W-T3-1  
/T4-T3-3 /W-F2-1  /T2-T5-1 /T2-F2-1 /D:3     /W-T4-1  /D:1     /W-T6-1  /T5-T6-3 /T5-F1-1 
/T0-F1-1 /T4-T5-2 /T4-F0-1 /T0-F0-1 /T6-F1-1 /T6-F0-1 /T5-T1-3 /W-T5-1  /T2-T5-8 /T2-F3-1 
/T0-F3-1 /T6-F3-1 /T0-F0-1 /T0-F3-1 /T5-T6-1 /T5-F0-1 /T5-F3-1 /W-F0-1  /T6-T5-3 /T6-F0-1 
/T0-T1-1 /T0-F3-1 /T0-F0-1 /T3-F0-1 /T6-F3-1 /T0-F3-1 /T1-T0-4 /T1-F0-1 /T5-T3-6 /T5-F3-1 
/T1-F3-1 /T5-F0-1 /T1-F0-1 /T3-T5-8 /T3-F3-1 /T4-T0-1 /D:1     /W-F2-1  /D:1     /W-F1-1  
/T5-F1-1 /T0-F1-1 /T5-F2-1 /T0-F2-1 /T5-F1-1 /T0-F1-1 /T5-F2-1 /T0-F2-1 /T5-F1-1 /T0-F1-1 
/T5-F2-1 /T0-F2-1 /T5-F1-1 /T0-F1-1 /T5-F2-1 /T0-F2-1 /T5-F1-1 
"
1051160,s#xr#TkQ#EuMn#BVqmY#RPweva#fjdzgCo#ptJNGUXFZhyKilHDbIWAOLcS,129.500000,1849.000000,51.000000,0.560440,1,"
minimal: 0 / states: 122 / duration: 0.000134s
history:
/T3-F2-1  /T5-F1-1  /T6-F2-1  /T6-T2-1  /T4-T3-1  /T2-T1-2  /T0-T6-1  /T4-T0-1  /D:1      /W-F2-1   
/T4-F2-1  /D:2      /W-T2-1   /T4-T2-1  /D:1      /W-F3-1   /D:2      /W-T5-1   /W-T5-1   /D:5      
/W-T0-1   /T2-T0-3  /D:1      /W-T3-1   /D:3      /W-T0-1   /T6-T0-2  /W-T6-1   /D:2      /W-F1-1   
/D:2      /W-T3-1   /T5-T3-3  /T5-T0-1  /D:1      /W-F0-1   /T4-F0-1  /T6-T4-2  /T1-F0-1  /D:1      
/W-F3-1   /D:2      /W-F1-1   /T6-F1-1  /T0-F1-1  /D:1      /W-T3-1   /T1-T3-2  /T6-T1-1  /T1-T4-2  
/T3-T1-10 /T6-F1-1  /T0-T2-1  /T0-F1-1  /T2-T0-2  /R        /D:4      /W-T2-1   /D:1      /W-F1-1   
/D:1      /W-T5-1   /T3-T5-1  /T1-T3-1  /T1-F2-1  /T0-F2-1  /W-T0-1   /T3-T1-2  /D:1      /W-F0-1   
/D:1      /W-T4-1   /D:1      /W-T2-1   /W-T2-1   /T5-T2-3  /T5-F3-1  /T1-F3-1  /T1-F0-1  /T5-F3-1  
/T0-F0-1  /T1-F3-1  /T0-F3-1  /T1-F0-1  /T0-F0-1  /W-F2-1   /T1-F3-1  /T2-F2-1  /T0-F3-1  /T1-F2-1  
/T2-F1-1  /T2-F2-1  /T4-F0-1  /T0-F0-1  /T1-F3-1  /T2-F3-1  /T4-F1-1  /T0-F1-1  /T1-F0-1  /T2-F0-1  
/T4-F2-1  /T0-F2-1  /T1-F3-1  /T2-F3-1  /T4-F1-1  /T0-F1-1  /T1-F0-1  /T4-F2-1  
"
1051179,C#Ep#ZFR#wGoq#zTcyP#vStVsn#rjikUMb#dDOLxuQJAeNKIHhmfXYWagBl,135.500000,3321.000000,44.000000,0.601190,1,"
minimal: 0 / states: 121 / duration: 0.000127s
history:
/T5-F2-1 /T6-T0-1 /T4-T3-1 /T3-T2-2 /T3-F2-1 /T1-F2-1 /T2-T5-3 /D:1     /W-T1-1  /T0-T1-2 
/T6-T0-1 /T3-T6-1 /D:8     /W-F0-1  /D:1     /W-T2-1  /D:1     /W-F3-1  /D:6     /W-T6-1  
/T1-T6-4 /W-T1-1  /T4-T1-1 /D:1     /W-T1-1  /T3-T1-1 /D:1     /W-T0-1  /D:2     /W-F1-1  
/T6-F1-1 /T4-F1-1 /T5-T4-4 /T5-T1-1 /D:2     /W-F0-1  /T6-F0-1 /T6-F1-1 /T2-F1-1 /D:1     
/R       /D:1     /W-F0-1  /T6-F0-1 /T2-F0-1 /T6-F1-1 /T6-F0-1 /T5-T6-1 /T5-T6-1 /T6-T5-3 
/D:1     /W-F3-1  /T4-F3-1 /T4-F2-1 /D:1     /W-T2-1  /T6-T2-1 /D:1     /W-T0-1  /D:1     
/W-T1-1  /T4-T1-3 /D:1     /W-F3-1  /T1-F3-1 /T5-F3-1 /D:1     /W-T2-1  /T6-T2-1 /T6-T0-1 
/T6-F2-1 /T1-F2-1 /T1-F3-1 /T5-F2-1 /T5-F3-1 /T1-F2-1 /T1-F3-1 /T5-F2-1 /T1-F2-1 /D:2     
/W-T0-1  /D:1     /W-F0-1  /T0-F0-1 /D:2     /W-F3-1  /T1-F3-1 /D:1     /W-F1-1  /W-F1-1  
/T2-F1-1 /T0-F1-1 /T0-F2-1 /T2-F0-1 /T2-F1-1 /T1-F2-1 /W-F0-1  /T0-F3-1 /T2-F0-1 /T2-F3-1 
/T0-F0-1 /T4-F2-1 /D:1     /W-F1-1  /T1-F1-1 
"
1051218,b#vx#VQR#DNFa#Xidln#hKJsBP#WqOukcp#oGMmCfAYLIHgUZEwtTySjerz,131.000000,1750.000000,46.000000,0.685393,1,"
minimal: 0 / states: 120 / duration: 0.000130s
history:
/T3-F1-1 /T0-F1-1 /T4-F2-1 /T2-T3-1 /T6-T2-1 /T6-F1-1 /T1-T4-1 /D:1     /W-F2-1  /T2-F2-1 
/D:2     /W-T0-1  /T4-T0-2 /T4-F1-1 /D:2     /W-T2-1  /D:2     /W-F0-1  /D:4     /W-T4-1  
/D:1     /W-T4-1  /T3-T4-2 /T3-F3-1 /T5-T3-1 /T5-F0-1 /T2-F0-1 /T3-T4-2 /D:1     /W-T1-1  
/D:1     /W-T3-1  /D:2     /W-T6-1  /T4-T6-7 /D:1     /W-T1-1  /D:2     /W-T3-1  /T6-T3-9 
/W-T6-1  /T5-T6-1 /T5-T4-1 /D:1     /W-T1-1  /W-T1-1  /T2-T1-1 /T6-T2-3 /T6-F3-1 /T3-F3-1 
/T1-F3-1 /T3-F0-1 /T1-F0-1 /T6-F2-1 /T3-F3-1 /T1-F3-1 /T3-F0-1 /T2-T3-1 /T2-F3-1 /W-T6-1  
/T2-T4-2 /T6-T0-2 /D:1     /W-T5-1  /T1-T5-3 /D:1     /W-F1-1  /D:1     /W-F2-1  /T3-F2-1 
/T5-F2-1 /T4-F2-1 /T5-F3-1 /T4-F3-1 /T5-F2-1 /T0-T5-1 /T0-F3-1 /T3-T4-3 /T3-F2-1 /T0-F2-1 
/T5-T0-3 /T4-T3-4 /T4-F3-1 /T5-T0-1 /D:1     /W-T1-1  /R       /D:1     /W-F0-1  /D:1     
/W-T2-1  /D:1     /W-F1-1  /T3-F1-1 /T0-F1-1 /T3-F0-1 /T0-F0-1 /T3-F1-1 /T0-F1-1 /T3-F0-1 
/T0-F0-1 /T3-F1-1 /T0-F1-1 /T3-F2-1 /T1-F2-1 /T2-F1-1 /D:1     /W-F3-1  /T3-F3-1 /D:1     
/W-F0-1  /T0-F0-1 
"
1051222,z#Ky#kAe#pcNT#fqHlI#shCEmn#uvPZYMW#daDQgVtGSjwiOJxbRFoLBrXU,108.500000,2307.000000,46.000000,0.592593,1,"
minimal: 0 / states: 127 / duration: 0.000123s
history:
/T5-F2-1 /T4-T6-1 /T4-T0-1 /T3-T4-1 /T3-F3-1 /T1-T5-1 /T6-T1-2 /T1-T0-3 /T6-T1-1 /T6-T1-1 
/D:2     /W-F1-1  /D:1     /W-T2-1  /T3-T2-1 /D:10    /W-F3-1  /D:2     /W-T1-1  /D:1     
/W-F1-1  /T2-F1-1 /D:2     /W-T4-1  /T2-T4-2 /T2-F0-1 /T2-T5-1 /T5-T2-3 /D:1     /W-F2-1  
/T3-F2-1 /T6-T3-1 /T6-F3-1 /D:1     /W-T3-1  /D:1     /W-F0-1  /D:2     /W-T3-1  /D:1     
/W-T0-1  /R       /D:1     /W-F1-1  /D:1     /W-F3-1  /D:3     /W-T0-1  /D:2     /W-T0-1  
/T5-T0-1 /T5-F0-1 /T4-F0-1 /T0-F0-1 /T5-T6-1 /T4-F1-1 /T4-F0-1 /W-F0-1  /T5-T4-1 /D:1     
/W-T1-1  /T6-T1-2 /T4-T6-2 /T4-F0-1 /T4-F2-1 /T4-F1-1 /D:1     /W-T2-1  /W-T2-1  /W-F1-1  
/T1-F1-1 /T0-T1-3 /T0-F0-1 /T6-T2-3 /D:1     /W-F1-1  /T1-T0-4 /T1-F1-1 /T2-T3-5 /T2-F1-1 
/D:1     /W-F0-1  /T0-T1-5 /T0-F0-1 /T0-F1-1 /T3-T2-6 /T3-F0-1 /T1-T0-7 /T1-F0-1 /T2-T3-7 
/T2-F1-1 /D:1     /W-F3-1  /T0-F3-1 /D:1     /W-F2-1  /T3-F2-1 /T0-F2-1 /T3-F3-1 /T0-F3-1 
/T3-F2-1 /T0-F2-1 /T3-F3-1 /T0-F3-1 /T3-F2-1 /T0-F2-1 /T3-F3-1 /T0-F3-1 /T3-F2-1 /T0-F2-1 
/T3-F3-1 
"
1051272,a#pm#YUj#uhoI#RlkTM#xWDqbw#fJOBQsA#PEHGVXLizCrSgnvFyetZNcdK,110.500000,1453.000000,48.000000,0.657609,1,"
minimal: 0 / states: 125 / duration: 0.000133s
history:
/T0-F1-1 /T6-F0-1 /T4-T0-1 /T6-T4-1 /T3-T2-1 /D:5     /W-T5-1  /D:2     /W-T1-1  /W-T1-1  
/T5-T1-2 /T5-F1-1 /D:3     /W-T6-1  /D:4     /W-F2-1  /T3-F2-1 /T3-T2-1 /T4-T3-2 /T3-T1-3 
/T1-T3-8 /T1-F2-1 /T5-F2-1 /D:4     /W-T3-1  /T5-T3-1 /D:1     /W-T2-1  /D:1     /W-T1-1  
/W-T1-1  /T4-T1-1 /T4-T0-1 /D:1     /W-F3-1  /D:1     /W-F1-1  /D:1     /W-F1-1  /T3-T4-1 
/T3-F1-1 /T4-T3-2 /D:1     /W-T0-1  /T2-T0-4 /R       /D:1     /W-T3-1  /D:3     /W-T2-1  
/D:2     /W-T4-1  /D:1     /W-F2-1  /D:1     /W-T0-1  /F2-T0-1 /T6-T0-2 /T6-F0-1 /T6-F3-1 
/T0-F0-1 /T3-F3-1 /T0-F3-1 /T0-F2-1 /T3-F0-1 /T3-F3-1 /T3-F2-1 /T6-T1-1 /T0-F3-1 /T0-F2-1 
/T3-F3-1 /T2-T0-1 /T2-F3-1 /T3-F2-1 /T3-F3-1 /T5-F3-1 /T6-F1-1 /W-T1-1  /W-T1-1  /W-F0-1  
/T2-T4-1 /T5-T4-1 /D:1     /W-F1-1  /D:1     /W-F2-1  /T3-F2-1 /T3-F3-1 /T4-F2-1 /T4-F3-1 
/T1-T3-4 /T1-F2-1 /T1-F3-1 /T4-F2-1 /D:1     /W-F0-1  /T0-F0-1 /T0-F1-1 /T3-F0-1 /T0-F0-1 
/T3-F1-1 /T0-F1-1 /T3-F0-1 /T0-F0-1 /T3-F1-1 /T0-F1-1 /T3-F0-1 /T0-F0-1 /T3-F1-1 
"
1051476,z#BG#LVN#UIjT#wendm#sFKXZk#RulaHCh#JPtMivxSEfcDqQWYrpoOygAb,126.500000,3285.000000,59.000000,0.505495,1,"
minimal: 0 / states: 136 / duration: 0.000130s
history:
/T2-F3-1 /T1-T6-1 /D:1     /W-T5-1  /T2-T5-1 /T5-T2-3 /T2-T4-4 /T4-T2-5 /D:7     /W-T6-1  
/D:1     /W-T6-1  /T4-T6-1 /T4-F2-1 /D:3     /W-T4-1  /W-T4-1  /T1-T4-1 /T5-T1-1 /D:4     
/W-T0-1  /D:2     /W-T6-1  /D:1     /W-F2-1  /T6-F2-1 /D:1     /W-F3-1  /D:1     /W-T1-1  
/T5-T1-1 /T5-T0-1 /T4-T5-4 /T5-T3-5 /T4-T1-1 /D:2     /W-F0-1  /T3-F0-1 /D:1     /R       
/D:1     /W-F3-1  /D:2     /W-T4-1  /D:1     /W-T1-1  /D:4     /W-F2-1  /D:1     /W-F3-1  
/D:1     /W-T0-1  /D:1     /W-F2-1  /T5-F2-1 /D:2     /R       /D:1     /W-F2-1  /D:1     
/W-T0-1  /T6-T0-5 /T6-F0-1 /T6-T1-1 /T6-F1-1 /T3-T1-5 /T6-T4-1 /T6-F2-1 /T6-F3-1 /D:1     
/W-T4-1  /T3-T4-1 /T3-T4-1 /T0-T4-5 /T0-F2-1 /D:3     /W-F1-1  /T1-F1-1 /T1-F0-1 /T4-F1-1 
/T1-F1-1 /T4-F0-1 /T1-F0-1 /T4-F3-1 /T1-F3-1 /T3-F3-1 /T2-F3-1 /T0-F3-1 /T4-F0-1 /T1-F0-1 
/T1-T2-1 /T1-F2-1 /T1-F3-1 /T4-T0-3 /T4-F2-1 /T1-F2-1 /T0-T4-4 /T0-F3-1 /T0-F2-1 /T1-F3-1 
/R       /D:1     /W-F1-1  /D:1     /W-F1-1  /T4-F1-1 /T2-F1-1 /T4-F0-1 /T2-F0-1 /T4-F1-1 
/T2-F1-1 /T4-F0-1 /T2-F0-1 /T4-F1-1 /T2-F1-1 /T4-F0-1 
"
1051489,t#la#cWf#npvQ#CxXFO#kubdBo#hwVDgmN#yqIEYSUTPZeLiJMKArRjHzGs,169.000000,1928.000000,57.000000,0.591346,1,"
minimal: 0 / states: 123 / duration: 0.000129s
history:
/T1-F1-1 /T6-F3-1 /T4-F3-1 /T2-T0-1 /D:1     /W-T6-1  /D:2     /W-T2-1  /D:1     /W-T0-1  
/T3-T0-1 /D:3     /W-T2-1  /T0-T2-4 /T6-T0-2 /T4-T6-1 /T4-T0-1 /T2-T4-7 /T5-T2-1 /T4-T1-8 
/T4-T1-1 /D:2     /W-F3-1  /D:1     /W-T4-1  /D:1     /W-T6-1  /D:1     /W-T4-1  /D:2     
/W-T0-1  /W-T0-1  /D:3     /W-F0-1  /T5-F0-1 /T1-F0-1 /T1-F3-1 /T5-T1-1 /T5-F1-1 /T6-T5-3 
/T6-F0-1 /T5-T0-4 /T5-T4-1 /D:2     /W-F3-1  /D:2     /W-T6-1  /D:1     /W-T5-1  /T1-T5-9 
/D:2     /R       /D:1     /W-T0-1  /T2-T0-2 /D:2     /W-F3-1  /D:1     /W-F3-1  /D:1     
/W-T1-1  /W-T1-1  /D:1     /W-T1-1  /D:2     /W-T1-1  /T3-T1-1 /T3-T5-1 /T3-F2-1 /T0-F2-1 
/T0-F1-1 /T5-F2-1 /T0-F2-1 /T5-F1-1 /T0-F1-1 /T5-F0-1 /T0-F0-1 /W-F2-1  /T5-F1-1 /T0-F1-1 
/D:1     /W-F0-1  /T6-F0-1 /T5-T1-2 /T5-F0-1 /D:1     /W-F2-1  /T1-F2-1 /T0-F2-1 /T1-F3-1 
/T6-F3-1 /T6-T4-1 /T6-F1-1 /T0-F1-1 /T0-F0-1 /T1-F2-1 /T1-F1-1 /T4-F2-1 /T4-F1-1 /T5-F3-1 
/T0-F3-1 /T1-F0-1 /T4-F0-1 /T5-F2-1 /T0-F2-1 /T1-F3-1 /T4-F3-1 /T5-F1-1 /T0-F1-1 /T1-F0-1 
/T5-F2-1 
"
1051638,E#mA#OWc#DSok#TqgjZ#VxpYrz#fHiUnNh#yRPalJGsIFtCbeQdvwMXBLuK,123.000000,539.000000,44.000000,0.632979,0,"
minimal: 0 / states: 12101831 / duration: 110.950066s
history:
/T1-F0-1 /D:1     /W-T1-1  /T3-T1-1 /D:3     /W-F1-1  /T3-T2-1 /T0-T3-1 /T4-T0-1 /D:2     
/W-T1-1  /D:1     /W-T6-1  /D:2     /W-T4-1  /T6-T4-2 /T6-F3-1 /T6-F2-1 /T2-F2-1 /D:2     
/W-T6-1  /D:2     /W-F1-1  /T2-F1-1 /D:3     /W-F1-1  /D:1     /W-T2-1  /D:4     /W-F0-1  
/D:1     /W-T0-1  /T6-T2-2 /T6-T1-1 /T6-T1-1 /T6-T2-1 /T5-T6-1 /T5-T2-1 /T5-T6-1 /T5-F2-1 
/T4-T5-4 /T4-T1-1 /T4-F2-1 /T2-F2-1 /T3-T5-2 /D:2     /W-T6-1  /T2-T6-5 /T2-F3-1 /R       
/D:2     /W-F3-1  /D:2     /W-F2-1  /D:1     /W-T4-1  /D:1     /W-F0-1  /T3-F0-1 /T5-F0-1 
/T4-F0-1 /D:1     /W-F1-1  /T6-F1-1 /T1-F1-1 /D:1     /W-F3-1  /T5-T6-1 /T5-F0-1 /T1-F0-1 
/T5-F1-1 /T1-F1-1 /T5-F0-1 /T1-F0-1 /T5-F1-1 /T1-F1-1 /T6-T5-5 /T6-F0-1 /T0-F0-1 /T5-T6-6 
/D:2     /W-F0-1  /D:1     /W-T1-1  /D:1     /W-T5-1  /R       /D:1     /W-F3-1  /T6-F3-1 
/T4-F3-1 /T6-F2-1 /T5-F2-1 /T6-F3-1 /T5-F3-1 /T6-F2-1 /T6-F3-1 /T1-F3-1 /D:1     /W-F1-1  
/D:1     /W-F2-1  /T6-F2-1 /T1-F2-1 /T1-F1-1 /T6-F3-1 /T0-F3-1 /T6-F2-1 
"
1051667,Q#Rv#mVl#icsS#ubHna#hMTpZA#GJdNWek#zCIBwjgxPotXfKLDOYFrEUyq,96.500000,1013.000000,67.000000,0.510204,1,"
minimal: 0 / states: 141 / duration: 0.000152s
history:
/T4-F1-1  /T4-F2-1  /T5-F0-1  /D:2      /W-T0-1   /D:2      /W-F0-1   /T0-F0-1  /D:1      /W-T6-1   
/D:2      /W-T4-1   /D:1      /W-T2-1   /W-T2-1   /T1-T2-1  /D:2      /W-F2-1   /D:5      /W-T5-1   
/T6-T5-2  /D:1      /W-F0-1   /D:3      /W-T4-1   /T6-T4-1  /D:1      /W-T3-1   /T0-T3-1  /T5-T0-4  
/T5-F2-1  /D:1      /W-F0-1   /D:1      /W-T2-1   /D:2      /W-F2-1   /R        /D:2      /W-T6-1   
/D:2      /W-T2-1   /T3-T2-3  /T3-T5-1  /F2-T1-1  /T3-T1-1  /T4-T3-4  /T4-F1-1  /T1-F1-1  /T5-T4-2  
/T2-T5-9  /T2-T0-1  /T1-T4-2  /T5-T1-10 /T4-F2-1  /T4-T0-4  /T5-T6-1  /D:6      /W-T2-1   /R        
/D:1      /W-T4-1   /D:2      /W-T2-1   /D:4      /W-T4-1   /R        /D:3      /W-T4-1   /T6-T4-3  
/T6-F3-1  /T6-F1-1  /T3-F1-1  /T6-T2-1  /T3-F0-1  /T6-F0-1  /W-F1-1   /T3-F1-1  /T3-F0-1  /T4-F1-1  
/T3-F1-1  /T4-F0-1  /T2-F0-1  /T1-T4-6  /T1-F1-1  /T0-T2-6  /T0-F1-1  /T4-T1-7  /T4-F0-1  /T0-F0-1  
/T1-T4-8  /T1-F1-1  /T1-F0-1  /T2-T0-8  /T2-F1-1  /D:1      /W-F3-1   /W-F3-1   /T4-F3-1  /T0-F3-1  
/T4-F2-1  /T0-F2-1  /T4-F3-1  /T0-F3-1  /T4-F2-1  /T0-F2-1  /T4-F3-1  /T0-F3-1  /T4-F2-1  /T0-F2-1  
/T4-F3-1  /T0-F3-1  /T4-F2-1  /T0-F2-1  /T4-F3-1  /T0-F3-1  /T4-F2-1  
"
1051739,N#bP#Ouy#gvlC#UDsmV#xFMoBa#kESqYXG#TWcefIhiRQdrnwJtHLpAjKzZ,146.500000,2295.000000,69.000000,0.457547,1,"
minimal: 0 / states: 147 / duration: 0.000155s
history:
/T0-F3-1  /T5-F1-1  /T5-T1-1  /D:5      /W-T6-1   /D:7      /W-T6-1   /W-T6-1   /T3-T6-1  /D:1      
/W-F2-1   /T5-F2-1  /T3-T5-1  /T5-T0-2  /D:4      /W-T4-1   /D:2      /W-F2-1   /D:1      /W-F0-1   
/T1-F0-1  /T6-F0-1  /D:2      /W-T0-1   /W-T0-1   /T3-T0-1  /T5-T3-1  /T3-T4-2  /D:1      /W-T3-1   
/D:1      /R        /D:2      /W-T5-1   /D:2      /W-T4-1   /D:1      /W-T5-1   /D:1      /W-T0-1   
/T6-T0-4  /T6-T2-1  /T6-T3-1  /T6-F2-1  /F2-T4-1  /T1-T4-1  /T1-F1-1  /W-F1-1   /T0-F1-1  /T5-T3-3  
/D:3      /W-T0-1   /D:1      /W-T2-1   /T4-T2-7  /T4-T1-1  /T2-T1-10 /W-T4-1   /T1-T4-2  /T1-F1-1  
/T0-T6-2  /T0-F1-1  /T6-T0-3  /D:4      /W-T5-1   /W-T5-1   /R        /D:1      /W-T2-1   /T4-T2-4  
/T4-F0-1  /T6-F0-1  /T1-F0-1  /T1-F1-1  /T0-T4-4  /T0-F1-1  /T4-T0-5  /T6-T5-1  /D:1      /W-F1-1   
/D:1      /W-T5-1   /F1-T5-1  /T2-T5-6  /T2-F3-1  /T5-F3-1  /T0-F3-1  /T5-F2-1  /T0-F2-1  /T5-F3-1  
/T0-F3-1  /T0-F0-1  /T5-F2-1  /T5-F3-1  /T1-F0-1  /T0-F3-1  /T3-F0-1  /T1-F3-1  /T3-F3-1  /T5-T1-2  
/T5-F0-1  /T0-T3-2  /T0-F0-1  /T1-T5-3  /T1-F3-1  /T3-T0-3  /T3-F3-1  /T5-T1-4  /T5-F0-1  /T5-F3-1  
/T0-T3-4  /T0-F0-1  /D:1      /W-F2-1   /T1-F2-1  /T1-F1-1  /T3-F2-1  /T1-F2-1  /T3-F1-1  /T1-F1-1  
/T3-F2-1  /T1-F2-1  /T3-F1-1  /T1-F1-1  /T3-F2-1  
"
1051957,S#wd#jDk#puYE#xGAKO#TeIBcn#FRMHQoW#qvXrZUbfPliCNstVyagzJmhL,135.000000,1462.000000,50.000000,0.588889,1,"
minimal: 0 / states: 120 / duration: 0.000130s
history:
/T5-F2-1 /T3-T0-1 /T1-T0-1 /T1-T2-1 /D:2     /W-T6-1  /D:3     /W-T1-1  /D:1     /W-T6-1  
/D:5     /W-T2-1  /D:1     /W-T0-1  /T4-T0-1 /T6-T4-3 /T6-F2-1 /T4-T3-4 /T4-F0-1 /T4-T3-1 
/T0-T3-5 /D:1     /W-F3-1  /T3-F3-1 /D:4     /W-T1-1  /T2-T1-3 /T5-T2-1 /T5-F0-1 /T3-F0-1 
/D:1     /W-F1-1  /D:2     /W-T0-1  /T3-T0-9 /T3-T1-1 /T3-F2-1 /W-T1-1  /D:2     /W-T3-1  
/D:1     /W-T5-1  /D:1     /W-T3-1  /R       /D:1     /W-F2-1  /D:1     /W-T3-1  /D:1     
/W-F2-1  /D:1     /W-F1-1  /T2-F1-1 /T0-F1-1 /T2-F0-1 /T6-T0-1 /T5-T2-2 /T5-F1-1 /T2-T4-3 
/T5-T6-1 /D:1     /W-F1-1  /T1-F1-1 /T4-F1-1 /D:1     /W-F3-1  /T0-F3-1 /T0-F0-1 /D:2     
/W-F2-1  /D:1     /W-F2-1  /T1-F2-1 /T6-T1-2 /T6-T2-1 /T6-F3-1 /T0-F3-1 /T6-F0-1 /T0-F0-1 
/T1-F3-1 /T0-F3-1 /T0-F2-1 /T1-F0-1 /T1-F1-1 /T4-F0-1 /T4-F1-1 /T1-F2-1 /T1-F1-1 /T4-F2-1 
/T1-F2-1 /W-F1-1  /T0-T2-3 /T0-F2-1 /T3-T1-2 /T3-F1-1 /D:1     /W-F3-1  /T2-F3-1 /T1-F3-1 
/D:1     /W-F0-1  /T2-F0-1 /T1-F0-1 /T2-F3-1 /T1-F3-1 /T2-F0-1 
"
1051971,z#kY#lLm#NZoy#RuFEq#ATfnjJ#SvQMwHi#cKtPIGadhCVprseWUgBXDxOb,109.000000,2488.000000,54.000000,0.543210,1,"
minimal: 0 / states: 138 / duration: 0.000144s
history:
/T6-T5-1 /T6-T5-1 /T3-T2-1 /T1-T0-1 /T5-T1-3 /T1-T2-4 /T2-T1-6 /D:1     /W-T4-1  /T3-T4-1 
/T2-T3-1 /D:1     /W-T0-1  /T5-T0-1 /T5-F2-1 /T4-F2-1 /D:3     /W-T0-1  /D:2     /W-F1-1  
/D:2     /W-T0-1  /D:2     /W-T6-1  /D:1     /W-F2-1  /D:1     /W-T5-1  /D:5     /W-T1-1  
/D:1     /W-T4-1  /D:1     /W-T3-1  /T6-T3-2 /T2-T6-1 /T6-T2-2 /T6-T5-1 /W-T6-1  /D:2     
/W-T2-1  /D:2     /W-F1-1  /R       /D:1     /W-T0-1  /T5-T0-3 /D:2     /W-T6-1  /D:2     
/W-T0-1  /D:1     /W-T1-1  /D:1     /W-T1-1  /T4-T1-3 /W-T4-1  /D:1     /W-T2-1  /T6-T2-3 
/T4-T6-2 /T4-T5-1 /T4-T3-1 /T5-T3-2 /T5-F0-1 /T1-F0-1 /T1-F1-1 /T3-T5-8 /T3-F3-1 /T0-F0-1 
/T6-F1-1 /T1-F2-1 /T1-F1-1 /T0-T6-1 /T0-F2-1 /T0-F1-1 /T1-F2-1 /T0-F2-1 /T1-F1-1 /T0-F1-1 
/T5-T1-2 /T5-F2-1 /T1-T5-3 /T1-F1-1 /T2-T0-2 /T2-F2-1 /T0-T2-3 /T0-F1-1 /T5-T1-4 /T5-F2-1 
/T1-T5-5 /T1-F1-1 /T2-T0-4 /T2-F2-1 /T1-F2-1 /T2-F1-1 /T1-F1-1 /T0-T2-6 /T0-F2-1 /T4-T5-1 
/T6-T2-3 /D:1     /W-F0-1  /D:1     /W-F3-1  /W-F3-1  /T2-F3-1 /T2-F0-1 /T5-F3-1 /T2-F3-1 
/T5-F0-1 /T2-F0-1 /T5-F3-1 /T2-F3-1 /T5-F0-1 /T2-F0-1 /T5-F3-1 /T2-F3-1 /T5-F0-1 /T2-F0-1 
/T5-F3-1 /T2-F3-1 /T5-F0-1 /T2-F0-1 /T5-F3-1 
"
1060108,N#Mr#kKY#LxgC#WiDzJ#pdPaGn#vSZREXh#UwHFbQtyfmOBcleuVTqIosAj,132.000000,3003.000000,46.000000,0.576923,1,"
minimal: 0 / states: 123 / duration: 0.000119s
history:
/T0-F3-1 /T5-F2-1 /T5-T6-1 /T5-F1-1 /D:5     /W-F1-1  /D:1     /W-T1-1  /T3-T1-1 /W-T3-1  
/D:3     /W-T6-1  /T1-T6-3 /T2-T1-1 /T2-T1-1 /T4-T2-1 /T4-T0-1 /T5-T4-1 /D:2     /W-F3-1  
/T4-F3-1 /T6-T5-1 /T6-F3-1 /T5-T6-2 /D:2     /W-F1-1  /D:1     /W-T0-1  /D:1     /W-T3-1  
/T4-T3-1 /T4-T2-1 /T4-T1-1 /D:1     /W-T2-1  /T3-T2-4 /T3-T0-1 /T2-T3-8 /D:4     /W-T1-1  
/T6-T1-6 /D:1     /W-F2-1  /T5-F2-1 /W-F2-1  /D:2     /W-F0-1  /D:1     /W-T0-1  /R       
/D:2     /W-T6-1  /D:4     /W-T2-1  /W-T2-1  /T6-T2-2 /T1-T6-2 /T1-F2-1 /T6-T1-3 /T6-F3-1 
/T6-T4-1 /T6-F3-1 /T3-T4-9 /T6-T0-1 /D:1     /W-F0-1  /T1-F0-1 /T1-F1-1 /T4-F0-1 /T1-F0-1 
/T4-F1-1 /T1-F1-1 /T4-F0-1 /T1-F0-1 /T4-F1-1 /T1-F1-1 /D:1     /W-T2-1  /T4-T2-1 /T4-F1-1 
/D:1     /W-F3-1  /D:1     /W-F2-1  /W-F2-1  /T2-F2-1 /W-F0-1  /W-F3-1  /T0-F2-1 /T1-F0-1 
/T0-F1-1 /T2-F3-1 /T1-F3-1 /T2-F2-1 /T0-F2-1 /T4-F0-1 /T1-F0-1 /T2-F3-1 /T1-F3-1 /T4-F1-1 
/T0-F1-1 /T2-F2-1 /T0-F2-1 /T4-F0-1 /T1-F0-1 /T2-F1-1 /T4-F3-1 
"
1060365,X#zS#VLA#BUjN#WlJIp#RrGDyt#vCxgObu#dahoMZwsTYEqKQmneHPickFf,91.500000,203.000000,52.000000,0.674528,0,"
minimal: 0 / states: 445004 / duration: 1.092939s
history:
/T2-F0-1 /T3-F3-1 /D:2     /W-F1-1  /T0-T2-1 /D:4     /W-T0-1  /T2-T0-2 /T6-T2-1 /T6-F1-1 
/T6-F3-1 /D:1     /W-T0-1  /D:1     /W-T6-1  /D:1     /W-T2-1  /D:2     /W-T1-1  /D:3     
/W-T1-1  /D:2     /W-F2-1  /D:1     /W-T6-1  /D:2     /W-F3-1  /T1-F3-1 /D:1     /W-T0-1  
/D:1     /W-F1-1  /D:3     /W-T5-1  /R       /D:1     /W-F1-1  /T6-F1-1 /T5-F1-1 /T6-T2-1 
/T6-F1-1 /D:1     /W-F1-1  /T0-F1-1 /T3-F1-1 /D:1     /W-F2-1  /T4-F2-1 /T1-T5-2 /D:2     
/W-T1-1  /D:1     /W-F2-1  /T3-T4-1 /T3-F0-1 /T6-T1-1 /T6-F0-1 /D:2     /W-T3-1  /D:2     
/W-F1-1  /T5-T4-3 /T5-T3-1 /T5-F0-1 /T4-F0-1 /D:1     /W-F0-1  /T5-F0-1 /T5-F2-1 /T2-F2-1 
/T5-F3-1 /T4-F3-1 /T2-F3-1 /T4-F2-1 /T2-F2-1 /T4-F3-1 /T2-F3-1 /T6-F2-1 /T0-F2-1 /T1-F2-1 
/T3-F2-1 /R       /D:1     /W-T2-1  /D:1     /W-T1-1  /D:1     /W-F0-1  /T4-F0-1 /T4-F0-1 
/T1-F0-1 /T4-F1-1 /T4-F3-1 /T0-F3-1 /T0-F0-1 /T1-F3-1 /T0-F3-1 /T1-F2-1 /T2-F0-1 /T3-F1-1 
"
1071328,n#Mq#aLW#UeRN#QFsSx#BOfwhu#bHyDGEl#gmirKAVJdTpzZIjtCkPYXvoc,123.000000,3081.000000,55.000000,0.552941,1,"
minimal: 0 / states: 138 / duration: 0.000132s
history:
/T0-F2-1 /T3-F3-1 /T4-T6-1 /T2-T6-1 /T1-T3-1 /T6-T1-3 /T6-T4-1 /T4-T6-2 /T3-T4-2 /D:1     
/W-T5-1  /T4-T5-3 /T3-T4-1 /T6-T3-3 /T6-T4-1 /D:1     /W-T0-1  /T6-T0-1 /D:4     /W-F0-1  
/D:3     /W-T3-1  /D:1     /W-T6-1  /T4-T6-3 /D:1     /W-T3-1  /D:3     /W-T1-1  /T3-T1-6 
/W-T3-1  /T2-T3-1 /T2-F1-1 /W-T2-1  /D:3     /W-T4-1  /D:1     /W-T0-1  /D:1     /W-T5-1  
/D:1     /W-T2-1  /D:1     /W-T3-1  /D:2     /W-F2-1  /T1-F2-1 /T5-T6-1 /T5-F2-1 /D:1     
/R       /D:2     /W-F2-1  /D:1     /W-T2-1  /D:2     /W-T0-1  /W-T0-1  /T5-T0-4 /D:1     
/W-T2-1  /D:1     /W-T5-1  /D:1     /W-T2-1  /T5-T2-2 /T5-T3-1 /T5-T2-1 /T5-F3-1 /T5-F0-1 
/T6-F3-1 /W-T3-1  /T6-T3-5 /T6-F1-1 /T4-F0-1 /T4-F3-1 /T0-F3-1 /T0-F2-1 /T3-F0-1 /T1-T2-2 
/T1-F3-1 /T2-T1-3 /T2-F2-1 /T3-T0-2 /T3-F3-1 /T0-T3-3 /T0-F2-1 /T1-T2-4 /T1-F3-1 /T0-F3-1 
/T2-T1-5 /T2-F2-1 /T1-T2-6 /T1-F3-1 /T3-T0-5 /T3-F2-1 /T1-F2-1 /T3-F3-1 /T0-T3-7 /T0-F2-1 
/T2-T1-8 /T2-F3-1 /T2-F2-1 /T3-T0-8 /T3-F3-1 /D:1     /W-F1-1  /T1-F1-1 /T0-F1-1 /T1-F0-1 
/T0-F0-1 /T1-F1-1 /T0-F1-1 /T1-F0-1 /T0-F0-1 /T1-F1-1 /T0-F1-1 /T1-F0-1 /T0-F0-1 /T1-F1-1 
/T0-F1-1 /T1-F0-1 /T0-F0-1 /T1-F1-1 /T0-F1-1 /T1-F0-1 
"
1081093,G#au#XQz#RECm#ZUJNI#VjotAW#eTwpHPs#nMigDxFvdfyKbklBhrcYSOqL,182.000000,3956.000000,53.000000,0.581731,1,"
minimal: 0 / states: 119 / duration: 0.000169s
history:
/T4-T5-1 /T4-F3-1 /D:1     /W-F2-1  /D:2     /W-T4-1  /T1-T4-1 /T1-F1-1 /T3-T1-1 /D:1     
/W-T4-1  /T6-T4-1 /D:6     /W-T0-1  /D:1     /W-T1-1  /D:2     /W-F1-1  /D:1     /W-T1-1  
/T4-T1-5 /T4-T5-1 /T0-T5-2 /T2-T0-1 /T3-T2-1 /T2-T3-2 /T3-T5-3 /T3-T1-1 /D:1     /W-T0-1  
/W-T0-1  /T5-T0-8 /T5-F0-1 /D:1     /W-F0-1  /T0-F0-1 /D:3     /W-F1-1  /D:2     /W-T5-1  
/D:1     /W-F3-1  /T6-F3-1 /T0-F3-1 /T1-F3-1 /T5-F3-1 /D:2     /W-T4-1  /T2-T4-1 /R       
/D:1     /W-T2-1  /D:1     /W-F0-1  /T0-F0-1 /D:2     /W-F0-1  /T0-T5-1 /T0-F0-1 /T6-F0-1 
/T5-T0-2 /T5-F2-1 /T6-F2-1 /T6-T4-1 /T6-F3-1 /T6-T1-1 /D:1     /W-T5-1  /T0-T5-3 /T0-F0-1 
/T1-T4-5 /T1-F0-1 /D:1     /W-F1-1  /T4-F1-1 /T5-F1-1 /D:3     /W-T2-1  /D:1     /W-F2-1  
/W-F2-1  /T4-F2-1 /T4-F1-1 /T5-F2-1 /T4-F2-1 /T5-F3-1 /W-F1-1  /T4-F1-1 /T5-F2-1 /T5-F1-1 
/T5-F3-1 /T0-F3-1 /T0-F0-1 /T4-F2-1 /T1-F1-1 /T4-F3-1 /T4-F0-1 /W-F2-1  /T0-F1-1 /T1-F2-1 
/T1-F1-1 /T2-F3-1 /T0-F2-1 /T2-F0-1 /T4-F3-1 
"
1101018,t#mP#gOK#VIDW#cSbap#XYZyxU#dRreoCM#nNAzHGsEQqLJjwukTiBvFflh,119.000000,372.000000,52.000000,0.617117,0,"
minimal: 0 / states: 43341 / duration: 0.103585s
history:
/D:1     /W-F2-1  /D:1     /W-F3-1  /D:1     /W-F0-1  /D:16    /W-F0-1  /D:1     /W-T3-1  
/T0-T5-1 /T6-T0-1 /T6-F0-1 /T6-F2-1 /T4-F2-1 /T4-F1-1 /T4-F1-1 /D:3     /W-T0-1  /T2-T0-1 
/T2-F3-1 /T1-F3-1 /T3-T0-2 /T3-F0-1 /D:1     /W-T0-1  /R       /D:3     /W-T0-1  /D:1     
/W-T2-1  /D:1     /W-F0-1  /D:1     /W-F3-1  /T6-T2-1 /D:1     /W-F2-1  /T6-F2-1 /T6-F3-1 
/T4-F3-1 /T4-F1-1 /T6-F1-1 /T2-F1-1 /T2-F2-1 /T5-F2-1 /D:5     /W-F2-1  /D:2     /W-F3-1  
/T5-F3-1 /D:2     /W-F0-1  /T0-F0-1 /D:1     /W-F1-1  /T2-F1-1 /T0-F1-1 /T0-F2-1 /R       
/D:2     /W-F0-1  /T3-F0-1 /T3-F3-1 /T0-F3-1 /D:2     /W-F0-1  /D:1     /W-T0-1  /D:1     
/W-F2-1  /T5-F2-1 /D:1     /W-T5-1  /D:1     /W-F1-1  /T0-F1-1 /T0-F0-1 /T5-F1-1 /T0-F1-1 
/T5-F2-1 /T1-F1-1 /T5-T1-1 /T5-T0-1 /T5-F3-1 /T0-F3-1 /T1-F3-1 /R       /D:1     /W-F2-1  
/D:1     /W-F0-1  /T0-F0-1 
"
