id,seed,forcedness,compression_score,stagnation,efficiency,auto_move_flag,result
1010056,s#lZ#qEg#YHrN#aoVOf#KwGuFt#SvByDnQ#TpWdJAkRmczIxMPhbCUjiXLe,117.000000,1339.000000,40.000000,0.756250,1,"
minimal: 0 / states: 114 / duration: 0.000124s
history:
/T3-F3-1 /T6-T3-1 /T6-F2-1 /T4-T5-1 /T4-F3-1 /T3-T5-2 /T2-T3-1 /T3-T4-2 /T0-T4-1 /T1-T0-1 
/D:2     /W-T5-1  /D:2     /W-T2-1  /D:2     /W-F0-1  /D:2     /W-T4-1  /T6-T4-1 /T6-T0-1 
/T6-F0-1 /W-T0-1  /W-T0-1  /T4-T0-6 /T4-F2-1 /T4-F1-1 /T5-F2-1 /D:1     /W-T4-1  /D:1     
/W-T0-1  /D:3     /W-T1-1  /D:2     /W-F3-1  /T5-F3-1 /D:1     /W-T6-1  /T5-T6-3 /D:1     
/W-F1-1  /T0-F1-1 /T2-F1-1 /D:1     /W-F0-1  /T0-F0-1 /T2-F0-1 /T2-F2-1 /T0-F3-1 /T6-F2-1 
/T5-F0-1 /T0-F2-1 /W-T2-1  /T1-T2-2 /D:2     /W-T2-1  /T6-T2-4 /T6-F3-1 /D:3     /W-T4-1  
/W-T4-1  /D:1     /W-F1-1  /T2-F1-1 /T0-F1-1 /T2-F2-1 /T5-F2-1 /T5-F0-1 /T2-F1-1 /T5-T4-1 
/T0-F0-1 /W-F1-1  /T2-F2-1 /T2-F1-1 /T4-F2-1 /T2-F2-1 /T0-T4-2 /T0-F1-1 /T0-F2-1 /T2-F1-1 
/T4-T0-4 /T4-F1-1 /T3-T2-1 /T5-T2-1 /R       /D:1     /W-F3-1  /D:1     /W-T2-1  /D:1     
/W-F2-1  /D:1     /W-F0-1  /D:1     /W-F3-1  /T0-F3-1 /T0-F0-1 /T2-F3-1 /T0-F3-1 /T2-F0-1 
/T0-F0-1 /T2-F3-1 /T0-F3-1 /T2-F0-1 
"
1010101,x#ih#KgH#UqLB#GpJRX#dcbOVv#fzkyoYW#nMASINEQjuwsFPtarCmeTDlZ,144.500000,1626.000000,41.000000,0.635802,1,"
minimal: 0 / states: 108 / duration: 0.000122s
history:
/T6-T0-1 /T5-T0-1 /T2-T5-1 /T1-T0-1 /T2-T5-1 /T0-T6-4 /D:1     /W-F2-1  /D:1     /W-T0-1  
/T6-T0-5 /T6-F2-1 /T4-T6-1 /D:1     /W-F0-1  /T3-F0-1 /D:3     /W-F3-1  /D:3     /W-T2-1  
/D:1     /W-T1-1  /D:1     /W-T6-1  /T5-T6-3 /T5-F3-1 /D:1     /W-T6-1  /T4-T6-1 /T1-T4-2 
/D:2     /W-F3-1  /D:1     /W-T0-1  /D:1     /W-F1-1  /T5-F1-1 /T5-F1-1 /T5-F1-1 /D:2     
/W-F0-1  /D:1     /W-T1-1  /T6-T1-8 /T4-T6-3 /T4-F2-1 /T6-T3-4 /T6-T5-1 /W-T6-1  /T6-T0-2 
/D:1     /W-F1-1  /D:1     /W-T3-1  /W-T3-1  /W-F3-1  /T1-F3-1 /D:1     /W-F0-1  /W-F0-1  
/T3-F0-1 /T4-F0-1 /W-T2-1  /W-F3-1  /T3-F3-1 /T1-T3-2 /T1-F0-1 /T2-F0-1 /D:1     /W-T5-1  
/T2-T5-2 /D:1     /W-T2-1  /T3-T2-7 /T3-F2-1 /T0-F2-1 /T0-F1-1 /T2-F2-1 /T0-F2-1 /T2-F1-1 
/T0-F1-1 /T2-F2-1 /T2-F1-1 /T3-F3-1 /T0-F2-1 /T1-F3-1 /T0-F3-1 /T1-F2-1 /T2-F0-1 /T1-F3-1 
/T5-F1-1 /T0-F2-1 /T2-F1-1 /T1-F2-1 /T5-F0-1 /T0-F3-1 /T2-F0-1 /T2-F3-1 /T5-F1-1 /T0-F0-1 
/T1-F1-1 /T5-F2-1 
"
1010116,n#tN#elg#TVqb#jWpLP#MxYRvi#UrJyuSB#CmOEXdaADzQIHGFokhswfZcK,170.500000,2989.000000,38.000000,0.773196,1,"
minimal: 0 / states: 106 / duration: 0.000152s
history:
/T0-F2-1 /T1-F3-1 /T6-T4-1 /T6-T1-1 /T6-T5-1 /T2-T5-1 /D:2     /W-T0-1  /T6-T0-1 /T5-T6-3 
/D:1     /W-F3-1  /D:1     /W-T1-1  /D:1     /W-T0-1  /T6-T0-4 /D:1     /W-T1-1  /W-T1-1  
/T3-T1-1 /T4-T3-2 /D:1     /W-F1-1  /T1-F1-1 /D:1     /W-F0-1  /T3-F0-1 /T1-F0-1 /T3-F3-1 
/D:1     /W-F0-1  /T1-T6-1 /T1-F0-1 /T6-T1-2 /T1-T6-4 /T6-T5-5 /D:1     /W-T1-1  /T2-T1-1 
/T3-T2-1 /D:1     /W-F3-1  /D:2     /W-T3-1  /D:2     /W-F0-1  /W-F0-1  /T3-F0-1 /W-F0-1  
/D:1     /W-F2-1  /D:1     /W-T4-1  /D:2     /W-T0-1  /T2-T0-2 /D:1     /W-T4-1  /T3-T4-1 
/D:2     /W-T2-1  /T4-T2-4 /T4-F2-1 /T5-T4-6 /T5-F3-1 /T0-F2-1 /D:1     /W-F1-1  /T4-F1-1 
/T0-F1-1 /T4-F2-1 /T0-F2-1 /T4-F3-1 /T3-F3-1 /W-F1-1  /T0-F1-1 /T4-F2-1 /T0-F2-1 /T4-F3-1 
/T2-F3-1 /W-F1-1  /T0-F1-1 /T0-F0-1 /T4-F2-1 /T2-F2-1 /T4-F3-1 /T0-F3-1 /T4-F1-1 /T2-F1-1 
/T5-F3-1 /T5-F2-1 /T0-F2-1 /T1-F1-1 /T1-F2-1 /T0-F1-1 /D:1     /W-F0-1  /T2-F0-1 /T2-F3-1 
/T5-F0-1 
"
1010119,E#WV#ivP#XFTp#nwHaN#hjGIAQ#rxKufLc#ybzBoSYkdeOURZsJmqtDMglC,105.500000,1206.000000,36.000000,0.702899,1,"
minimal: 0 / states: 104 / duration: 0.000121s
history:
/T4-F3-1 /T4-F1-1 /T5-T0-1 /T5-F0-1 /T3-T0-1 /T3-T4-1 /T4-T1-2 /T1-T4-3 /T5-T1-1 /T3-T4-1 
/T4-T3-5 /T4-F2-1 /D:2     /W-F1-1  /T6-F1-1 /T3-T6-6 /D:1     /W-T3-1  /D:1     /W-F0-1  
/D:1     /W-F2-1  /T0-F2-1 /D:1     /W-T5-1  /T0-T5-2 /D:1     /W-T3-1  /D:2     /W-F1-1  
/D:1     /W-F1-1  /D:1     /W-F3-1  /T2-F3-1 /T5-F3-1 /D:1     /W-T1-1  /T5-T1-3 /T2-T5-1 
/D:1     /W-F3-1  /D:1     /W-T0-1  /T6-T0-7 /T6-F1-1 /T6-T2-1 /T6-T3-1 /T5-T3-2 /T1-T6-6 
/T5-T3-1 /D:3     /W-T1-1  /D:1     /W-F2-1  /D:1     /W-T3-1  /D:2     /W-T4-1  /D:1     
/W-F1-1  /D:1     /W-T4-1  /T6-T4-7 /T6-F2-1 /D:1     /W-F0-1  /W-F0-1  /T4-F0-1 /T0-F0-1 
/T4-F3-1 /T4-F0-1 /T0-F3-1 /T0-F0-1 /T4-F3-1 /T0-F3-1 /T4-F0-1 /T4-F3-1 /W-F0-1  /W-F2-1  
/T3-F2-1 /T2-F2-1 /T3-F1-1 /T2-F1-1 /T3-F2-1 /T0-F2-1 /T0-F3-1 /T3-F1-1 /T3-F0-1 /T4-F2-1 
/T3-F3-1 /W-F1-1  /T0-F0-1 /T4-F1-1 /T4-F0-1 /W-F2-1  /T0-F3-1 /T1-F1-1 /T3-F2-1 
"
1010157,c#Ew#CSs#tIyQ#zDpxa#JPgGvj#lKNdmVM#rORFUYiHonWLZubTkqfABXhe,159.000000,1486.000000,38.000000,0.640449,1,"
minimal: 0 / states: 116 / duration: 0.000124s
history:
/T4-F1-1 /T5-T4-1 /T5-T4-1 /D:3     /W-T2-1  /D:2     /W-T4-1  /T5-T4-1 /T2-T5-2 /T2-T4-1 
/T2-T3-1 /T6-T2-1 /T6-T1-1 /D:1     /W-T2-1  /T4-T2-6 /D:2     /W-T1-1  /T5-T1-3 /D:1     
/W-T0-1  /D:1     /W-F2-1  /T0-F2-1 /T4-F2-1 /T4-T1-1 /T5-T1-1 /W-T5-1  /D:2     /W-T6-1  
/D:2     /W-T5-1  /D:1     /W-F1-1  /T0-F1-1 /T6-T0-2 /T6-F1-1 /T6-F3-1 /D:1     /W-T5-1  
/D:1     /W-T0-1  /T1-T0-8 /T3-T1-2 /T1-T2-3 /W-T1-1  /T3-T1-1 /W-T6-1  /T3-T6-1 /W-T5-1  
/W-F3-1  /T0-F3-1 /D:1     /W-F2-1  /W-F2-1  /T0-T5-2 /T0-F2-1 /T3-F2-1 /D:2     /W-F0-1  
/D:1     /W-F0-1  /T2-F0-1 /T2-F3-1 /T5-F0-1 /T2-F0-1 /T5-F3-1 /T2-F3-1 /T5-F0-1 /T5-F3-1 
/T2-F0-1 /T2-F3-1 /T5-F2-1 /T2-F2-1 /T0-T5-2 /T0-F3-1 /T0-F2-1 /T6-T2-1 /T6-F3-1 /T2-T6-2 
/T2-F2-1 /T6-T2-3 /T1-F2-1 /T4-F2-1 /T5-T0-4 /D:1     /W-F3-1  /T2-T6-3 /T2-F3-1 /T1-F3-1 
/T6-T2-4 /D:1     /W-T2-1  /D:1     /W-F1-1  /W-F1-1  /T0-F1-1 /T0-F0-1 /T2-F1-1 /T0-F1-1 
/T2-F0-1 /T0-F0-1 /T2-F1-1 /T0-F1-1 /T2-F0-1 /T0-F0-1 /T2-F1-1 /T0-F1-1 /T2-F0-1 
"
1010162,f#Tv#yAo#sHBk#PVEZj#FOpItN#RUDrlMn#ewgczaiWQhYudJLCGxqbSKXm,136.000000,3570.000000,55.000000,0.555556,1,"
minimal: 0 / states: 123 / duration: 0.000136s
history:
/T5-F3-1 /T6-F2-1 /T2-F2-1 /T2-F0-1 /T3-T2-1 /T3-F0-1 /T1-T4-1 /T0-T5-1 /T6-T0-1 /T6-T0-1 
/T6-T5-1 /T1-T3-1 /D:2     /W-T2-1  /D:2     /W-T6-1  /D:1     /W-T1-1  /D:1     /W-F1-1  
/D:1     /W-T2-1  /T3-T2-2 /T3-T2-1 /D:2     /W-T5-1  /D:1     /W-T4-1  /T5-T4-4 /D:1     
/W-T1-1  /D:5     /W-F0-1  /D:2     /W-T0-1  /T4-T0-7 /T4-T3-1 /T2-T3-7 /D:2     /W-F1-1  
/T6-F1-1 /T6-F0-1 /T4-F0-1 /T6-T5-1 /W-T6-1  /W-T5-1  /T6-T3-2 /D:1     /W-T5-1  /D:1     
/W-T1-1  /D:2     /W-T2-1  /R       /D:3     /W-T1-1  /T5-T1-4 /T5-F2-1 /T5-F3-1 /T3-F2-1 
/T5-F0-1 /D:1     /W-T4-1  /W-T4-1  /D:1     /W-F1-1  /W-F1-1  /T0-T1-2 /T0-F1-1 /T4-F1-1 
/T1-T0-3 /T1-F0-1 /T0-T1-4 /T0-F1-1 /T3-T4-3 /T3-F0-1 /T3-F1-1 /T4-T3-5 /T4-F3-1 /T1-F3-1 
/T1-F2-1 /T3-F3-1 /T1-F3-1 /T3-F2-1 /T1-F2-1 /T3-F3-1 /T1-F3-1 /T1-F0-1 /T3-F2-1 /T0-F2-1 
/T0-F1-1 /T3-F3-1 /T1-F3-1 /T3-F2-1 /T0-F2-1 /T3-F1-1 /T0-F1-1 /T2-F1-1 /T3-F2-1 /T1-T0-2 
/T1-F2-1 /D:1     /W-F0-1  /T0-F0-1 /D:1     /W-F0-1  /D:1     /W-F3-1  /T0-F3-1 /T0-F0-1 
/T3-F3-1 
"
1010176,W#Iy#Tko#htwa#RDjQs#AMZpmn#rONYgCv#zfVFHBxuUSbEqedLlicJXKPG,142.000000,3571.000000,55.000000,0.528090,1,"
minimal: 0 / states: 120 / duration: 0.000157s
history:
/T3-F1-1 /T5-F2-1 /T2-F2-1 /T6-T0-1 /T3-T2-1 /T1-T5-1 /T2-T5-2 /T4-T2-1 /T6-T4-1 /D:2     
/W-T3-1  /D:1     /W-T5-1  /D:1     /W-T6-1  /D:1     /W-T5-1  /T6-T5-2 /D:2     /W-T6-1  
/T0-T6-2 /T5-T0-8 /T5-F2-1 /D:2     /W-T1-1  /T3-T1-2 /T3-T6-1 /T5-T3-1 /T6-T5-5 /T6-F3-1 
/T6-F3-1 /T4-T6-2 /T1-T4-4 /T5-T1-6 /T5-F0-1 /T6-T4-3 /D:2     /W-F1-1  /D:2     /W-F2-1  
/D:1     /W-T0-1  /D:2     /W-T3-1  /D:3     /W-F1-1  /D:2     /W-T3-1  /W-T3-1  /W-T3-1  
/D:2     /W-F3-1  /D:1     /W-T1-1  /R       /D:1     /W-T5-1  /D:1     /W-F0-1  /T4-F0-1 
/T4-F3-1 /T4-F2-1 /T2-F2-1 /T4-T1-1 /T4-F2-1 /D:1     /W-F2-1  /D:2     /W-T1-1  /D:1     
/W-F1-1  /T0-F1-1 /D:1     /W-T5-1  /D:1     /W-T5-1  /T4-T5-3 /T4-F0-1 /T1-F0-1 /T1-F1-1 
/T4-F3-1 /T0-F0-1 /T0-F1-1 /W-F3-1  /T1-F0-1 /T1-F1-1 /T2-F3-1 /T0-F0-1 /T3-F1-1 /T5-F3-1 
/T0-F3-1 /T1-F2-1 /T0-F2-1 /T5-F0-1 /T1-F3-1 /T3-F0-1 /T3-F3-1 /T5-F1-1 /T0-F1-1 /T1-F2-1 
/T0-F2-1 /T5-F0-1 /T1-F3-1 /T3-F0-1 /T3-F3-1 /T5-F1-1 /T0-F1-1 /T1-F0-1 /T5-F2-1 
"
1010177,b#PZ#JNg#FiBh#IORca#SDYurf#EpzeQGA#HLlVvmXsdjKTytkoCWUwnqMx,108.000000,952.000000,39.000000,0.694030,1,"
minimal: 0 / states: 126 / duration: 0.000137s
history:
/T4-F1-1 /T0-F1-1 /T6-F0-1 /T4-F1-1 /T5-T6-1 /T6-T3-2 /T5-T3-1 /T6-T3-1 /T2-T5-1 /T2-F3-1 
/T1-T0-1 /D:2     /W-T0-1  /D:2     /W-T2-1  /T5-T2-2 /D:3     /W-T0-1  /T2-T0-4 /W-T2-1  
/D:1     /W-T0-1  /T6-T0-1 /T5-T6-1 /T5-T0-1 /T1-T0-1 /T6-T1-2 /T6-T3-1 /T6-T5-1 /D:1     
/W-F1-1  /T0-T4-2 /T0-F1-1 /T4-T0-3 /T4-F3-1 /T3-T4-6 /T3-F0-1 /T0-F3-1 /D:2     /W-T1-1  
/W-T1-1  /W-T1-1  /D:2     /W-T2-1  /D:2     /W-T2-1  /D:2     /W-F0-1  /T0-F0-1 /T5-F0-1 
/T4-T5-3 /T4-F1-1 /T5-T4-4 /D:2     /W-T1-1  /D:1     /W-T2-1  /T3-T2-1 /T3-F0-1 /D:1     
/W-F2-1  /D:1     /W-T0-1  /D:1     /W-T3-1  /D:1     /R       /D:1     /W-T2-1  /D:1     
/W-T3-1  /D:1     /W-T2-1  /T0-T2-3 /T0-F1-1 /T4-T1-5 /T4-F1-1 /D:2     /W-F2-1  /T1-F2-1 
/T1-F3-1 /T2-F2-1 /T1-F2-1 /T2-F3-1 /T1-F3-1 /T1-F0-1 /T2-F2-1 /T2-F3-1 /T2-F0-1 /W-F2-1  
/T0-F2-1 /T1-F3-1 /T0-F3-1 /T1-F2-1 /T2-F1-1 /T2-F2-1 /T4-F0-1 /T0-F0-1 /T1-F1-1 /T2-F1-1 
/T1-F0-1 /T3-F1-1 /T0-T2-1 /T0-F0-1 /T3-F0-1 /T2-T0-2 /T2-F1-1 /D:1     /W-F3-1  /T0-F3-1 
/T1-F3-1 /D:1     /W-F2-1  /T0-F2-1 /T0-F3-1 /T1-F2-1 
"
1010183,B#qo#XeG#ZgLn#YwMhc#fxrtHE#kyWumPa#OpFNidQCSJRDATUjvlszIbKV,112.500000,1682.000000,35.000000,0.801205,1,"
minimal: 0 / states: 108 / duration: 0.000135s
history:
/T3-F2-1 /T1-F2-1 /T6-F1-1 /T6-T1-1 /T3-T6-1 /T0-T1-1 /T6-T0-2 /T3-T6-1 /D:2     /W-F2-1  
/D:1     /W-T6-1  /D:1     /W-F3-1  /W-F3-1  /T1-T4-1 /T1-F3-1 /T4-T1-2 /T2-T4-1 /T2-T6-1 
/T1-T6-3 /T2-T0-1 /D:2     /W-T5-1  /D:1     /W-F3-1  /D:1     /W-T5-1  /D:1     /W-T4-1  
/T5-T4-3 /D:1     /W-T0-1  /W-T0-1  /T5-T0-1 /D:1     /W-F3-1  /D:2     /W-F0-1  /T6-F0-1 
/T4-F0-1 /W-F0-1  /D:1     /W-T0-1  /D:5     /W-T0-1  /D:1     /W-T1-1  /W-T1-1  /D:2     
/W-F1-1  /T6-F1-1 /T4-F1-1 /T4-F0-1 /T6-F2-1 /T6-F1-1 /T6-F0-1 /T4-F3-1 /T4-F0-1 /T5-T4-1 
/T5-F2-1 /T0-F2-1 /T0-F3-1 /T5-T1-1 /T5-F1-1 /T4-F2-1 /T6-F1-1 /T0-F0-1 /T4-F1-1 /T6-F2-1 
/T0-F1-1 /T4-T2-1 /T6-T1-1 /T6-T3-1 /T4-T6-1 /W-F0-1  /T0-F0-1 /W-F2-1  /W-F1-1  /W-F3-1  
/T6-F2-1 /T6-F1-1 /T1-T4-2 /T1-F1-1 /T4-T1-3 /D:1     /W-F0-1  /T0-T3-1 /T0-F0-1 /T0-F1-1 
/T2-F0-1 /D:1     /W-F3-1  /T1-F3-1 /T1-F2-1 /T3-F3-1 /T1-F3-1 /T3-F2-1 /T1-F2-1 /T3-F3-1 
"
1010198,i#xN#EOH#CutZ#vSQDm#RfyIoL#keMTgXP#nqwJVpWlrABdGKcFjUbashYz,144.500000,3160.000000,45.000000,0.574074,1,"
minimal: 0 / states: 126 / duration: 0.000201s
history:
/T1-F3-1 /T5-T3-1 /T5-T6-1 /T2-T0-1 /T2-F3-1 /D:1     /W-F2-1  /T6-F2-1 /T6-F3-1 /T6-T3-1 
/T6-T0-1 /D:2     /W-T3-1  /T0-T3-3 /T4-T0-1 /D:3     /W-F2-1  /D:1     /W-T1-1  /T5-T1-1 
/T5-T0-1 /T2-T5-1 /T3-T2-7 /T5-T3-2 /T4-T5-1 /T4-F3-1 /D:2     /W-T4-1  /D:1     /W-F0-1  
/D:1     /W-F0-1  /D:1     /W-T3-1  /D:3     /W-T5-1  /D:1     /W-T2-1  /T5-T2-3 /D:2     
/W-T1-1  /T3-T1-4 /T6-T3-1 /T6-T5-1 /T2-T6-2 /T2-F3-1 /T6-T2-3 /T6-T0-1 /D:2     /W-F1-1  
/W-F1-1  /T2-F1-1 /T1-F1-1 /D:1     /W-T3-1  /D:2     /W-T5-1  /T1-T5-7 /D:1     /W-T1-1  
/R       /D:1     /W-F2-1  /T4-F2-1 /T4-F3-1 /T3-F2-1 /T3-F3-1 /D:1     /W-T0-1  /D:1     
/W-T0-1  /T3-T0-1 /T3-F0-1 /T2-F0-1 /T2-F1-1 /T5-F0-1 /T2-F0-1 /T5-F1-1 /T2-F1-1 /T5-F2-1 
/T0-F2-1 /T4-F2-1 /T5-F3-1 /T0-F3-1 /T2-T0-2 /T2-F2-1 /D:1     /W-T1-1  /D:1     /W-F0-1  
/T0-F0-1 /T5-F0-1 /T5-F3-1 /T2-F3-1 /T5-F2-1 /T5-F3-1 /T0-T2-3 /T0-F2-1 /T1-T5-1 /T1-F2-1 
/T2-T0-4 /T2-F3-1 /D:1     /W-T5-1  /D:1     /W-T5-1  /D:1     /W-F1-1  /T0-F1-1 /T0-F0-1 
/T5-F1-1 /T0-F1-1 /T5-F0-1 /T0-F0-1 /T5-F1-1 /T0-F1-1 /T5-F0-1 
"
1010246,B#al#QSc#qXOZ#gHLWo#fruhzy#UmJMskd#RKVIbAvPFnCEwNeTpGxtDYij,119.500000,2090.000000,35.000000,0.652778,1,"
minimal: 0 / states: 114 / duration: 0.000138s
history:
/T5-T3-1 /T4-T2-1 /T1-T5-1 /T1-F1-1 /T5-T1-2 /D:2     /W-T1-1  /T4-T1-1 /D:2     /W-T1-1  
/T5-T1-1 /D:1     /W-F1-1  /D:1     /W-F0-1  /T0-F0-1 /T3-T0-2 /D:4     /W-F2-1  /T2-F2-1 
/T2-F1-1 /T6-F1-1 /T6-T0-1 /D:1     /W-F0-1  /D:1     /W-T2-1  /D:1     /W-T0-1  /D:1     
/W-F3-1  /T3-F3-1 /T3-T4-1 /D:1     /W-F1-1  /D:1     /W-T5-1  /T6-T5-1 /D:1     /W-F2-1  
/T3-F2-1 /T6-T3-1 /T6-T4-1 /T4-T6-3 /D:1     /W-T1-1  /T2-T1-2 /T2-T1-1 /T6-T2-4 /D:2     
/W-T6-1  /D:1     /W-F0-1  /D:1     /W-T3-1  /W-T3-1  /D:1     /W-T0-1  /T5-T0-3 /T5-F2-1 
/T0-F2-1 /T5-F1-1 /T6-F2-1 /T0-T4-1 /T0-F2-1 /T4-T0-2 /T4-F1-1 /T1-T6-4 /T1-F1-1 /W-T0-1  
/W-F3-1  /T6-F3-1 /T6-F0-1 /T0-F0-1 /W-F2-1  /T0-T2-3 /T0-F2-1 /T3-F2-1 /T6-T1-3 /D:1     
/R       /D:1     /W-F3-1  /T1-F3-1 /T1-F0-1 /T2-F3-1 /T1-F3-1 /T2-F0-1 /T1-F0-1 /T2-F1-1 
/T2-F0-1 /D:1     /W-F3-1  /T1-F3-1 /T2-F3-1 /T1-F0-1 /T3-F3-1 /T2-F0-1 /T3-F0-1 /T0-T2-2 
/T0-F3-1 /D:1     /W-F1-1  /T2-F1-1 /T1-F1-1 /T2-F2-1 /T1-F2-1 /T2-F1-1 
"
1010263,t#rN#zXe#kpdg#uDsLq#UZYVCm#iTPxKSn#RQwEMhyOBaGvAWHIfoJFbclj,109.000000,1281.000000,49.000000,0.569767,1,"
minimal: 0 / states: 133 / duration: 0.000146s
history:
/T1-F3-1 /T6-F2-1 /T6-T0-1 /T4-T2-1 /T4-T5-1 /T2-T4-2 /T4-T3-3 /T2-T5-1 /T1-T0-1 /T5-T1-3 
/D:2     /W-T0-1  /T5-T0-1 /D:1     /W-T1-1  /T5-T1-1 /T6-T5-1 /T5-T2-2 /D:4     /W-T5-1  
/D:1     /W-F3-1  /D:2     /W-F1-1  /D:3     /W-F0-1  /D:1     /W-T2-1  /W-T2-1  /D:1     
/W-T1-1  /T3-T1-4 /D:3     /W-F2-1  /D:3     /W-F1-1  /D:1     /W-F1-1  /T3-F1-1 /T3-F2-1 
/T3-T5-1 /T5-T3-3 /T1-F2-1 /T4-T1-1 /T0-T5-5 /T5-T2-6 /D:2     /W-T6-1  /R       /D:3     
/W-T0-1  /D:2     /W-F0-1  /T2-F0-1 /T1-F0-1 /T1-F1-1 /D:2     /W-T6-1  /D:1     /W-F1-1  
/D:1     /W-T3-1  /D:2     /W-T0-1  /T6-T0-3 /T6-F3-1 /T2-F3-1 /T2-F2-1 /T6-T4-1 /T1-F2-1 
/T1-F1-1 /W-T4-1  /T4-T6-3 /T6-T3-4 /R       /D:1     /W-F3-1  /T2-F3-1 /T2-F2-1 /T3-T1-2 
/T3-F2-1 /T2-T0-1 /T2-F2-1 /D:1     /W-F0-1  /T1-F0-1 /T1-F3-1 /T0-F3-1 /T1-T3-1 /T1-F3-1 
/T1-F2-1 /T2-F3-1 /T1-F3-1 /T0-T2-2 /T0-F2-1 /T2-T0-3 /T2-F3-1 /T3-T1-4 /T3-F2-1 /T2-F2-1 
/T3-F3-1 /D:1     /W-F1-1  /D:1     /W-F0-1  /T1-F0-1 /T0-F0-1 /T1-F1-1 /T0-F1-1 /T1-F0-1 
/T0-F0-1 /T1-F1-1 /T0-F1-1 /T1-F0-1 /T0-F0-1 /T1-F1-1 
"
1010288,T#LZ#qIn#mPvz#Mbkxa#reiQtw#XjlERuB#cYCdAUOfhSsNyoJGVgpWDHKF,119.500000,1059.000000,38.000000,0.638158,1,"
minimal: 0 / states: 115 / duration: 0.000136s
history:
/T2-F2-1 /T4-F1-1 /D:2     /W-T3-1  /T4-T3-1 /T5-T4-1 /D:3     /W-F0-1  /T6-F0-1 /T0-T6-1 
/T3-T0-3 /D:1     /W-T2-1  /T5-T2-1 /D:2     /W-T2-1  /D:1     /W-T3-1  /D:2     /W-T6-1  
/D:1     /W-F3-1  /D:1     /W-T1-1  /T4-T1-2 /T4-F1-1 /D:1     /W-F2-1  /D:2     /W-T3-1  
/D:1     /W-T1-1  /T6-T1-3 /T6-T1-1 /T5-T6-1 /T6-T2-2 /T6-T4-1 /T3-T6-3 /T6-T0-4 /W-T6-1  
/T5-T6-1 /W-T0-1  /W-F3-1  /T3-F3-1 /T2-F3-1 /T1-F3-1 /T5-T1-1 /T5-T0-1 /T1-T5-9 /W-T0-1  
/W-F0-1  /W-F1-1  /T0-F1-1 /T5-F1-1 /T1-T3-1 /T6-T3-3 /D:2     /W-F2-1  /D:2     /W-F0-1  
/T2-F0-1 /T2-F1-1 /D:1     /W-T3-1  /D:1     /W-T4-1  /W-T4-1  /T2-T4-3 /T2-F2-1 /T0-F2-1 
/T0-F3-1 /T5-F2-1 /T4-F2-1 /T5-F3-1 /T4-F3-1 /T5-F2-1 /T5-F3-1 /W-F1-1  /T0-T4-2 /T0-F2-1 
/T5-F2-1 /T4-T0-3 /T4-F3-1 /T0-T4-4 /T0-F2-1 /T3-T5-3 /T3-F3-1 /T0-F3-1 /T5-T3-4 /T5-F2-1 
/T0-F2-1 /T5-F3-1 /D:1     /W-F0-1  /T4-F0-1 /T3-F0-1 /T4-F1-1 /T3-F1-1 /T4-F0-1 /T3-F0-1 
/T4-F1-1 /T3-F1-1 /T4-F0-1 /T3-F0-1 /T4-F1-1 /T3-F1-1 /T4-F0-1 
"
1010296,p#jV#rIA#PCcz#iYReU#SumvbL#FgGKOon#ysNDJQlHEWBXftkqZdxwaTMh,156.500000,3324.000000,38.000000,0.664706,1,"
minimal: 0 / states: 118 / duration: 0.000137s
history:
/T2-F0-1  /T6-F2-1  /T6-F2-1  /T4-T2-1  /T6-T0-1  /D:3      /W-F3-1   /T0-F3-1  /T0-F2-1  /T3-T0-1  
/D:1      /W-T4-1   /T3-T4-1  /D:3      /W-T0-1   /T6-T0-1  /T6-T2-1  /D:1      /W-T1-1   /T6-T1-1  
/T4-T6-3  /T6-T1-4  /D:2      /W-T0-1   /T2-T0-3  /D:1      /W-F0-1   /T3-F0-1  /T3-F3-1  /D:1      
/W-T5-1   /D:1      /W-T0-1   /W-T0-1   /W-F3-1   /T4-F3-1  /W-T5-1   /T1-T5-7  /D:3      /W-F2-1   
/T2-F2-1  /D:1      /W-T2-1   /T5-T2-10 /D:1      /W-T0-1   /F0-T0-1  /T5-T0-1  /T5-T1-1  /T5-T3-1  
/D:1      /W-T4-1   /T1-T4-2  /D:2      /W-F1-1   /T0-F1-1  /T0-F0-1  /T2-F1-1  /T0-F1-1  /T2-F0-1  
/T0-F0-1  /T2-F1-1  /T0-F1-1  /T2-F0-1  /T0-F0-1  /T2-F1-1  /T2-F0-1  /T5-T2-1  /T5-F3-1  /T0-T4-1  
/T0-F0-1  /D:1      /W-F3-1   /T4-F3-1  /D:1      /W-T1-1   /T4-T1-4  /T2-T4-1  /T2-F3-1  /T0-F3-1  
/T2-F0-1  /T0-F0-1  /T2-F3-1  /T2-F0-1  /T1-T0-3  /T1-F3-1  /T1-F0-1  /T2-F3-1  /D:1      /W-F1-1   
/R        /D:1      /W-T3-1   /D:1      /W-F2-1   /D:1      /W-F2-1   /T4-F2-1  /T0-F2-1  /T4-F1-1  
/T0-F1-1  /D:1      /W-F1-1   /D:1      /W-F2-1   /T0-F2-1  /T0-F1-1  /T3-F2-1  /T0-F2-1  /T3-F1-1  
"
1010302,L#Xx#ySk#ZUlj#MFcvz#gpIBwA#WqTPCoi#KDHbmNRGfVJQsdehrtOYaEun,69.000000,1082.000000,34.000000,0.770492,1,"
minimal: 0 / states: 106 / duration: 0.000125s
history:
/T5-F0-1 /T6-T5-1 /T5-T2-2 /T5-F0-1 /T3-T1-1 /T2-T0-3 /T3-T4-1 /T5-T1-1 /T1-T4-3 /T3-T4-1 
/T0-T3-4 /T4-T0-6 /D:3     /W-T3-1  /D:1     /W-T5-1  /D:2     /W-F3-1  /D:2     /W-T0-1  
/T2-T0-1 /T1-T2-1 /D:3     /W-T2-1  /W-T2-1  /D:5     /W-T4-1  /D:1     /W-T0-1  /D:1     
/W-T4-1  /D:1     /W-F3-1  /D:2     /W-F1-1  /T5-F1-1 /D:2     /W-T2-1  /D:1     /W-F2-1  
/T6-F2-1 /T5-F2-1 /T6-F0-1 /T6-F3-1 /T6-T2-1 /T6-F2-1 /T4-T6-3 /T4-F1-1 /T4-T2-1 /T0-F2-1 
/W-T0-1  /W-T4-1  /W-T2-1  /W-F1-1  /T2-F1-1 /W-F2-1  /W-F3-1  /T6-F2-1 /W-F1-1  /T5-F1-1 
/T6-F1-1 /W-F3-1  /T2-T3-2 /T2-F2-1 /T6-F2-1 /T3-T2-3 /T3-F1-1 /T3-F2-1 /T0-T6-5 /T0-F1-1 
/T0-F2-1 /T3-F1-1 /T0-F1-1 /W-F1-1  /W-F0-1  /T6-F0-1 /T2-F0-1 /T6-F3-1 /T2-F3-1 /T6-F0-1 
/T2-F0-1 /T6-F3-1 /T2-F3-1 /T6-F0-1 /T2-F0-1 /T6-F3-1 /T2-F3-1 /T2-F2-1 /W-F0-1  /T3-F0-1 
/T4-F3-1 /T0-F2-1 /T3-F3-1 /T4-F0-1 
"
1010333,Y#pj#SOd#LIEU#iWkDn#bCHAGr#lZfcxNa#eqXythsVMuomBvzRKPgwFTQJ,119.500000,2178.000000,46.000000,0.688889,1,"
minimal: 0 / states: 121 / duration: 0.000139s
history:
/T4-F2-1 /T6-F1-1 /T6-F3-1 /T6-T0-1 /T6-T4-1 /T5-T6-1 /T5-T3-1 /T5-F0-1 /T2-T6-1 /T2-F3-1 
/T6-T3-3 /T1-T0-1 /T1-T3-1 /T6-T1-1 /D:4     /W-T1-1  /W-T1-1  /D:7     /W-F2-1  /T3-F2-1 
/D:2     /W-F0-1  /D:1     /W-T0-1  /T3-T0-5 /T3-T2-1 /D:3     /W-T6-1  /D:1     /W-F3-1  
/D:1     /W-T5-1  /D:1     /W-T1-1  /D:1     /W-T5-1  /W-T5-1  /T4-T5-2 /D:2     /W-F3-1  
/D:1     /W-T4-1  /R       /D:2     /W-F2-1  /T0-T2-1 /T0-F2-1 /D:2     /W-T3-1  /W-T3-1  
/T2-T3-3 /D:1     /W-F2-1  /D:1     /W-T1-1  /T5-T1-6 /T5-F0-1 /T5-F1-1 /T1-F1-1 /T1-F0-1 
/T1-F3-1 /T3-F1-1 /T3-F0-1 /T3-F3-1 /W-F1-1  /T0-F1-1 /T1-F0-1 /T0-F0-1 /T1-F1-1 /T3-F2-1 
/T3-F1-1 /T1-F0-1 /T3-F0-1 /T4-T3-2 /T4-T6-1 /T3-F0-1 /T4-F1-1 /T0-T6-2 /T0-F1-1 /T3-F1-1 
/T6-T0-3 /T6-F0-1 /T3-F0-1 /T6-F1-1 /D:1     /W-F0-1  /D:1     /W-F2-1  /D:1     /W-F1-1  
/D:1     /W-T2-1  /T0-T2-5 /D:1     /W-F3-1  /T2-F3-1 /T1-F3-1 /T2-F2-1 /T1-F2-1 /T2-F3-1 
/T1-F3-1 /T2-F2-1 /T1-F2-1 /T2-F3-1 /T1-F3-1 /T2-F2-1 
"
1010454,m#Vg#TSL#PpFk#WBZOw#lQcUYi#uDRrChM#XzAKtEexjbnaJHsdGqoyNvfI,121.000000,2556.000000,42.000000,0.664474,1,"
minimal: 0 / states: 110 / duration: 0.000143s
history:
/T5-T4-1 /T4-T3-2 /T5-T6-1 /T3-T2-3 /T2-T0-4 /T3-T1-1 /T4-T3-1 /D:3     /W-F0-1  /D:1     
/W-T6-1  /D:1     /W-T5-1  /T2-T5-1 /D:1     /W-T5-1  /D:1     /W-T1-1  /D:2     /W-T6-1  
/D:2     /W-F2-1  /D:1     /W-F1-1  /W-F1-1  /D:2     /W-T0-1  /T1-T0-3 /D:1     /W-T2-1  
/D:1     /W-T5-1  /T3-T5-2 /D:2     /W-T0-1  /T3-T0-1 /T6-T3-4 /W-T6-1  /D:1     /W-F2-1  
/D:1     /W-T4-1  /D:1     /W-F3-1  /T5-F3-1 /T5-F2-1 /T0-F3-1 /T0-F2-1 /D:1     /W-T3-1  
/T6-T3-2 /T6-T5-1 /T6-F2-1 /T6-T2-1 /T6-T0-1 /T2-T6-3 /T4-T2-2 /T4-F0-1 /T5-F0-1 /T0-F0-1 
/T6-T1-4 /D:1     /W-T3-1  /D:1     /W-T4-1  /T5-T4-5 /T5-F1-1 /T4-F1-1 /T0-F1-1 /T5-F3-1 
/T1-F3-1 /T1-F2-1 /T4-F0-1 /T0-F0-1 /T3-F1-1 /T0-F1-1 /T4-F3-1 /T1-F3-1 /T3-F0-1 /T0-F0-1 
/T4-F2-1 /T1-F2-1 /T3-F1-1 /T0-F1-1 /T4-F3-1 /T1-F3-1 /T3-F2-1 /T0-F2-1 /T4-F0-1 /T3-F1-1 
/T4-F3-1 /W-F0-1  /T0-F1-1 /T3-F0-1 /W-F2-1  /T5-F1-1 /T0-F0-1 /T0-F1-1 /T2-F2-1 /W-F2-1  
/W-F3-1  /T3-F3-1 /T2-F3-1 /T3-F0-1 
"
1010467,X#YW#TNH#tzkQ#ynBRp#UhloZw#vEeiOAg#GjMrSFILDCKxmqsfJPdabuVc,74.000000,786.000000,29.000000,0.850877,1,"
minimal: 0 / states: 116 / duration: 0.000136s
history:
/T6-T2-1 /T6-F0-1 /T5-T0-1 /T4-T3-1 /T6-T3-1 /T6-T0-1 /T2-T0-2 /T2-F3-1 /T3-F3-1 /D:6     
/W-T0-1  /T4-T0-1 /T4-F0-1 /T4-F2-1 /T0-T4-7 /T5-T0-1 /T5-F2-1 /T3-F2-1 /T4-T0-8 /D:1     
/W-T1-1  /D:2     /W-T0-1  /D:1     /W-F0-1  /T0-F0-1 /D:1     /W-T5-1  /T1-T5-2 /D:1     
/W-T1-1  /D:1     /W-T4-1  /W-T4-1  /D:1     /W-F2-1  /D:1     /W-T2-1  /T6-T2-1 /T6-F0-1 
/D:3     /W-F3-1  /T3-F3-1 /T0-F3-1 /T3-T4-1 /T5-T3-4 /T5-T3-1 /T5-T6-1 /T3-T5-6 /T0-F0-1 
/W-T4-1  /W-T3-1  /W-F3-1  /W-F2-1  /T2-T0-2 /T2-F3-1 /T6-F3-1 /W-T2-1  /W-T1-1  /W-F0-1  
/T1-T2-3 /T3-T5-2 /T6-T2-1 /D:2     /W-F1-1  /D:1     /W-F1-1  /D:2     /W-F3-1  /D:1     
/W-F1-1  /R       /D:1     /W-F1-1  /T0-F1-1 /T0-F2-1 /T5-F1-1 /T0-F1-1 /T0-F0-1 /T5-F2-1 
/T5-F1-1 /T5-F0-1 /T0-F1-1 /T4-F0-1 /T5-F3-1 /T5-F0-1 /T0-T4-1 /T0-F3-1 /T2-T5-3 /T2-F3-1 
/T4-T0-2 /T4-F0-1 /T2-F0-1 /T0-T4-3 /T0-F3-1 /D:1     /W-F2-1  /T5-F2-1 /T4-F2-1 /T5-F1-1 
/T4-F1-1 /T5-F2-1 /T4-F2-1 /T5-F1-1 /T4-F1-1 /T5-F2-1 
"
1010474,a#yk#wjn#WbCG#EIPmN#uzqMgh#OsoTSBH#pvJALDXcFQRfdtxZierKYVlU,124.000000,2850.000000,51.000000,0.557692,1,"
minimal: 0 / states: 125 / duration: 0.000139s
history:
/T0-F1-1 /T2-F2-1 /T4-F3-1 /T3-T5-1 /T4-T0-1 /D:2     /W-T2-1  /T5-T2-2 /T5-T6-1 /D:1     
/W-T1-1  /D:1     /W-F0-1  /D:1     /W-T0-1  /T1-T0-2 /D:2     /W-T1-1  /D:2     /W-T6-1  
/D:2     /W-T6-1  /D:1     /W-T2-1  /D:5     /W-T0-1  /T6-T0-4 /T6-F0-1 /T3-F0-1 /T3-F1-1 
/D:2     /W-T2-1  /D:2     /W-T5-1  /W-T5-1  /T2-T5-6 /T2-T1-1 /T5-T2-9 /T4-T5-1 /T5-T0-2 
/T4-T3-1 /T4-T6-1 /T5-T4-1 /D:1     /W-T1-1  /T5-T1-1 /D:1     /W-T4-1  /D:1     /W-T3-1  
/R       /D:2     /W-F0-1  /T6-F0-1 /D:1     /W-F1-1  /D:1     /W-T2-1  /W-T2-1  /D:1     
/W-F1-1  /D:1     /W-T3-1  /T6-T3-1 /T6-T1-1 /T6-F2-1 /T6-T1-1 /T6-F3-1 /T0-F3-1 /T2-F2-1 
/T0-F2-1 /T2-F3-1 /T0-F3-1 /T2-F2-1 /T3-F3-1 /T0-F0-1 /T1-F2-1 /T1-F3-1 /T3-F2-1 /T1-F2-1 
/T3-F3-1 /T1-F3-1 /T2-T3-3 /T2-F2-1 /T1-F2-1 /T3-T2-4 /T3-F3-1 /T1-F3-1 /T2-T4-6 /T2-F3-1 
/D:1     /W-F2-1  /T1-F2-1 /T4-T2-7 /T4-F2-1 /D:1     /W-F3-1  /D:1     /W-F1-1  /T2-F1-1 
/T0-F1-1 /T2-F0-1 /T0-F0-1 /T2-F1-1 /T0-F1-1 /T2-F0-1 /T0-F0-1 /T2-F1-1 /T0-F1-1 /T2-F0-1 
/T0-F0-1 /T2-F1-1 /T0-F1-1 /T2-F0-1 
"
1010519,v#Ld#Zlk#VFcP#YgpGA#rUSKCo#EtXbayO#WHwqiJnDsMeujRfIThQxzNmB,145.500000,3003.000000,41.000000,0.660494,1,"
minimal: 0 / states: 111 / duration: 0.000138s
history:
/T4-F0-1  /T5-T3-1  /T6-T5-1  /T5-T1-2  /T2-T6-1  /T5-T2-1  /T5-T4-1  /T4-T5-2  /T5-T0-3  /T1-T5-3  
/T5-T0-4  /D:1      /W-T2-1   /T0-T2-8  /D:2      /W-T6-1   /D:2      /W-T6-1   /D:2      /W-F2-1   
/T3-F2-1  /T4-F2-1  /D:2      /W-T4-1   /D:1      /W-T0-1   /T2-T0-11 /T6-T2-4  /T6-F1-1  /T6-F1-1  
/T6-T1-1  /D:1      /W-T4-1   /W-T4-1   /T3-T4-1  /T3-F1-1  /W-T1-1   /W-F2-1   /W-T2-1   /T4-T2-5  
/D:3      /W-T3-1   /D:1      /W-T6-1   /D:5      /W-T4-1   /D:1      /W-T5-1   /T4-T5-2  /D:1      
/W-F3-1   /T0-F3-1  /T2-F3-1  /W-F3-1   /T3-F3-1  /T0-T6-3  /T0-F3-1  /D:1      /W-T4-1   /T1-T4-3  
/D:1      /W-F0-1   /T6-F0-1  /T2-F0-1  /T6-F1-1  /T2-F1-1  /T6-F2-1  /T2-F2-1  /T3-T2-1  /T6-T0-1  
/T6-F2-1  /T6-F0-1  /T0-F1-1  /T2-F0-1  /T0-F0-1  /T2-F1-1  /W-F1-1   /W-F3-1   /T0-F3-1  /T2-F0-1  
/W-F0-1   /T2-F1-1  /T3-F3-1  /T4-F0-1  /W-F1-1   /W-F2-1   /T0-F2-1  /T0-F3-1  /T0-F0-1  /T2-F2-1  
/T2-F1-1  /T4-F3-1  /T4-F0-1  /T5-F2-1  /T0-F1-1  /T2-F2-1  /T4-F1-1  /T5-F3-1  /T0-F0-1  /T2-F3-1  
/T5-F2-1  
"
1010523,W#fi#ERX#LmSa#xhplA#sYQjTk#uoCynbF#IUcKwHDePgvNOMzZqVrtdJBG,102.000000,653.000000,42.000000,0.716867,1,"
minimal: 0 / states: 115 / duration: 0.000153s
history:
/T3-F1-1 /T4-F0-1 /D:1     /W-T0-1  /D:1     /W-T0-1  /D:2     /W-T4-1  /T0-T4-3 /D:1     
/W-T2-1  /T1-T2-1 /D:1     /W-T2-1  /D:2     /W-T6-1  /W-T6-1  /W-T6-1  /D:2     /W-T2-1  
/T6-T2-4 /T6-F1-1 /T6-F2-1 /T5-T6-1 /T2-F1-1 /W-T2-1  /D:2     /W-F3-1  /D:1     /W-F3-1  
/T2-F3-1 /D:1     /W-T0-1  /T4-T0-5 /D:5     /W-T1-1  /D:1     /W-T0-1  /T3-T0-1 /T6-T3-2 
/D:1     /W-T1-1  /T4-T1-1 /D:1     /W-T3-1  /W-T3-1  /D:1     /W-F0-1  /T6-F0-1 /T2-F0-1 
/T6-F2-1 /T1-F2-1 /T1-F1-1 /W-F2-1  /T2-F1-1 /T5-T6-1 /T6-T3-2 /T3-T6-7 /T2-T3-6 /T2-T3-1 
/T1-F2-1 /T1-F1-1 /T2-F0-1 /T3-T6-2 /T3-F1-1 /T4-F1-1 /T5-T4-1 /T5-F3-1 /T6-F3-1 /T0-F3-1 
/T6-F0-1 /T6-F3-1 /W-T1-1  /W-T2-1  /T5-T2-1 /T5-F2-1 /T0-F2-1 /T6-F2-1 /T0-F3-1 /W-F2-1  
/T6-F3-1 /T0-T4-1 /T0-F3-1 /T3-T6-2 /T3-F2-1 /T3-F3-1 /T2-F3-1 /T1-F3-1 /T4-T0-2 /T4-F2-1 
/T6-T3-4 /T6-F2-1 /T2-F2-1 /T3-T6-5 /D:1     /W-F0-1  /T6-F0-1 /T0-F0-1 /T6-F1-1 /T0-F1-1 
/T6-F0-1 /T0-F0-1 /T6-F1-1 /T0-F1-1 /T6-F0-1 /T0-F0-1 /T6-F1-1 
"
1010524,L#rN#pDw#ZkXs#UqHim#SztFIQ#lKVTMnO#aARghxfcPWBJbGECeuoyYvdj,167.000000,1513.000000,44.000000,0.623762,1,"
minimal: 0 / states: 117 / duration: 0.000135s
history:
/T1-F3-1 /T6-F3-1 /T6-F2-1 /T5-T1-1 /T0-T4-1 /T4-T0-2 /T4-T2-1 /T4-T2-1 /D:1     /W-F1-1  
/D:1     /W-F0-1  /D:1     /W-T3-1  /T4-T3-1 /T4-T5-1 /T6-T4-1 /T3-T6-3 /T6-T2-4 /T2-T3-7 
/T3-T0-8 /D:5     /W-T0-1  /D:1     /W-F3-1  /T1-F3-1 /D:2     /W-F0-1  /D:1     /W-T3-1  
/T6-T3-1 /W-T6-1  /T5-T6-2 /D:1     /W-F1-1  /T0-F1-1 /D:1     /W-T6-1  /W-T6-1  /T1-T6-1 
/D:2     /W-F0-1  /T2-F0-1 /W-F0-1  /T5-F0-1 /T6-T5-2 /T6-F0-1 /T5-T6-3 /T5-T1-1 /D:2     
/W-T3-1  /T0-T3-4 /T0-F0-1 /D:1     /W-F2-1  /T2-F2-1 /T3-F2-1 /T3-F3-1 /T5-F3-1 /T6-F2-1 
/T3-F2-1 /T3-F3-1 /D:2     /W-T1-1  /T6-T1-6 /T6-T4-1 /D:2     /W-F1-1  /D:1     /R       
/D:1     /W-T3-1  /D:2     /W-T4-1  /D:1     /W-F1-1  /T1-F1-1 /T1-F2-1 /T1-F3-1 /T3-F1-1 
/T3-F2-1 /T3-F3-1 /W-F1-1  /T0-F1-1 /T1-F0-1 /T3-F0-1 /T1-F3-1 /T1-F0-1 /T0-T3-1 /T0-F3-1 
/T3-T0-2 /T1-F3-1 /T3-F3-1 /D:2     /W-F2-1  /T0-F2-1 /T4-F2-1 /W-F2-1  /T1-F2-1 /D:1     
/W-F1-1  /T0-F1-1 /T0-F0-1 /T4-F1-1 /T0-F1-1 /T4-F0-1 
"
1010539,N#ZY#ImR#hvnz#fMDwu#FVePLc#rsSWOka#UyTjCGxlqHQBKbAipXJgEotd,84.500000,946.000000,20.000000,0.922222,1,"
minimal: 0 / states: 127 / duration: 0.000140s
history:
/T0-F3-1 /T6-F1-1 /T3-T0-1 /T3-F2-1 /T1-T0-1 /D:1     /W-T3-1  /D:1     /W-T1-1  /T6-T1-1 
/T6-F3-1 /T3-T6-2 /D:1     /W-T4-1  /D:3     /W-T3-1  /D:1     /W-T0-1  /T6-T0-3 /T6-T3-1 
/T2-T6-1 /T6-T4-2 /T6-T3-1 /T2-T6-1 /T3-T2-4 /D:2     /W-T4-1  /T5-T4-1 /T5-T6-1 /T5-F3-1 
/D:2     /W-F3-1  /T4-T5-2 /T4-F3-1 /T5-T4-3 /T4-T5-6 /T4-T1-1 /T5-T1-7 /F3-T5-1 /T4-T5-1 
/T4-T3-1 /D:1     /W-T1-1  /D:2     /W-F1-1  /D:1     /W-F0-1  /T1-F0-1 /T1-F1-1 /D:3     
/W-T6-1  /D:1     /W-T6-1  /D:2     /W-T4-1  /D:1     /W-F2-1  /D:1     /W-T0-1  /T4-T0-2 
/D:1     /W-F1-1  /R       /D:2     /W-F0-1  /T5-F0-1 /T0-F0-1 /T5-F3-1 /T5-F0-1 /T2-T0-1 
/T2-F3-1 /T2-F0-1 /D:1     /W-T3-1  /D:1     /W-F0-1  /D:1     /W-T3-1  /W-T3-1  /T2-T3-2 
/D:1     /W-T6-1  /D:1     /W-F2-1  /T1-F2-1 /T0-F2-1 /T1-F1-1 /T0-F1-1 /T1-F2-1 /T0-F2-1 
/T1-F3-1 /T0-F3-1 /T1-F2-1 /T1-F3-1 /T0-F2-1 /T0-F3-1 /T1-F2-1 /T0-F2-1 /T6-T1-2 /T6-F3-1 
/T0-F3-1 /T1-T6-3 /T1-F2-1 /T0-F2-1 /T1-F3-1 /D:1     /W-F1-1  /T3-F1-1 /T3-F0-1 /T6-F1-1 
/T3-F1-1 /T6-F0-1 /T3-F0-1 /T6-F1-1 /T3-F1-1 /T6-F0-1 /T3-F0-1 /T6-F1-1 
"
1010545,F#xy#JEa#WhPO#ogRBd#zvDIVs#TuMXNqc#AHpjGQtCbKmnZeUwlkfLriYS,124.000000,1002.000000,32.000000,0.728571,1,"
minimal: 0 / states: 115 / duration: 0.000139s
history:
/T2-F1-1 /T4-T2-1 /T4-T6-1 /T4-T0-1 /T5-T4-1 /D:1     /W-F0-1  /T6-F0-1 /D:1     /W-T5-1  
/T4-T5-2 /T4-T6-1 /D:1     /W-T2-1  /T3-T2-1 /D:5     /W-F0-1  /D:1     /W-F1-1  /T6-T3-1 
/T6-F1-1 /T6-T0-1 /T6-F3-1 /T2-F3-1 /T6-T1-1 /T3-T0-2 /T6-T4-1 /W-T3-1  /D:3     /W-F2-1  
/T0-F2-1 /T0-F3-1 /T2-F2-1 /T0-F2-1 /T2-F1-1 /D:2     /W-F1-1  /D:2     /W-T1-1  /T5-T1-4 
/T3-T5-2 /T5-T3-3 /T5-F0-1 /T2-F0-1 /T0-T1-1 /T0-F0-1 /W-T5-1  /W-T0-1  /T1-T0-8 /T3-T1-4 
/W-T3-1  /D:1     /W-T4-1  /W-T4-1  /W-F3-1  /T0-F3-1 /W-F0-1  /W-T4-1  /T5-T4-2 /T0-T6-2 
/T0-F0-1 /T6-T0-3 /D:2     /W-F1-1  /T0-T6-1 /T0-F1-1 /T1-T4-1 /T1-F1-1 /T1-F0-1 /T2-F0-1 
/T6-T0-2 /D:1     /W-T3-1  /W-T3-1  /D:1     /W-F2-1  /T0-F2-1 /T4-F2-1 /D:1     /W-F1-1  
/T4-T1-2 /T4-F1-1 /T3-F1-1 /T4-F0-1 /T3-F0-1 /T4-F1-1 /T3-F1-1 /T4-F0-1 /D:1     /W-T5-1  
/T1-T5-4 /D:1     /W-F3-1  /T0-F3-1 /T0-F2-1 /T5-F3-1 /T0-F3-1 /T5-F2-1 /T0-F2-1 /T5-F3-1 
/T0-F3-1 /T5-F2-1 /T0-F2-1 /T5-F3-1 /T0-F3-1 /T5-F2-1 
"
1010567,y#br#ZJO#tBpI#FDHMN#jcXmCK#ViAaQGd#qkERoSwlzeYgPshLTxnWufvU,99.500000,1147.000000,40.000000,0.661765,1,"
minimal: 0 / states: 122 / duration: 0.000133s
history:
/T4-F3-1 /T2-F3-1 /T6-T1-1 /D:2     /W-T0-1  /T2-T0-1 /T0-T2-3 /T4-T0-1 /D:4     /W-T6-1  
/T1-T6-2 /D:2     /W-T0-1  /T5-T0-1 /T5-T6-1 /T1-T6-1 /T5-T1-1 /W-T5-1  /D:4     /W-T4-1  
/D:1     /W-F3-1  /D:1     /W-T4-1  /D:1     /W-T3-1  /T6-T3-6 /T6-F3-1 /T6-F1-1 /T3-F1-1 
/T6-F0-1 /T4-T6-3 /T6-T2-4 /T6-T5-1 /D:1     /W-T1-1  /T5-T1-3 /T5-F1-1 /T3-T5-7 /T5-T0-8 
/D:3     /W-F2-1  /D:2     /W-T1-1  /D:3     /R       /D:3     /W-T2-1  /T4-T2-1 /D:1     
/W-F2-1  /T3-F2-1 /T3-F0-1 /T0-F0-1 /T0-F1-1 /T2-F0-1 /W-F0-1  /W-F2-1  /T0-F2-1 /T2-F3-1 
/T0-F3-1 /T2-F2-1 /T3-F2-1 /T1-F2-1 /T4-F0-1 /T0-F0-1 /D:1     /W-T3-1  /D:1     /W-F1-1  
/D:1     /W-T3-1  /D:1     /W-F3-1  /D:1     /W-T3-1  /D:1     /W-T3-1  /D:1     /W-F1-1  
/T2-F1-1 /T0-F1-1 /T2-F0-1 /T2-F1-1 /T0-F0-1 /T0-F1-1 /T2-F0-1 /T0-F0-1 /T2-F1-1 /T0-F1-1 
/T1-T2-3 /T1-F0-1 /T0-F0-1 /T1-F1-1 /D:1     /W-F2-1  /D:1     /W-F3-1  /T2-F3-1 /T2-F2-1 
/T3-F3-1 /T2-F3-1 /T3-F2-1 /T2-F2-1 /T3-F3-1 /T2-F3-1 /T3-F2-1 
"
1010600,a#ZA#rfo#pDPl#GYmhz#iTtVFC#sUIxEwH#vuLqbSQgRyMjdKBckWJXnONe,138.500000,3081.000000,38.000000,0.637500,1,"
minimal: 0 / states: 116 / duration: 0.000133s
history:
/T0-F1-1 /T1-F0-1 /T4-T0-1 /T3-T0-1 /T2-T3-1 /D:3     /W-T1-1  /D:2     /W-F1-1  /D:3     
/W-T6-1  /D:6     /W-T0-1  /D:1     /W-F0-1  /T5-F0-1 /T5-T6-1 /T6-T5-3 /T5-T6-4 /T5-T4-1 
/T2-T4-1 /W-T2-1  /W-T0-1  /T2-T4-2 /W-T2-1  /D:1     /W-F1-1  /T4-F1-1 /D:1     /W-T1-1  
/T6-T1-5 /D:4     /W-F2-1  /T3-F2-1 /D:2     /W-F3-1  /W-F3-1  /T3-F3-1 /T3-F0-1 /T3-F2-1 
/T6-F0-1 /T1-F0-1 /D:1     /W-F1-1  /R       /D:1     /W-T0-1  /T4-T0-4 /T4-T3-1 /T6-T4-1 
/T4-T2-2 /T4-F0-1 /D:2     /W-F2-1  /T0-F2-1 /T0-F1-1 /T1-F1-1 /T5-T1-1 /W-T5-1  /T1-T5-1 
/T1-F0-1 /T6-F0-1 /T0-T6-1 /T0-F1-1 /T6-T0-2 /T6-F2-1 /T0-F2-1 /T5-T1-2 /T5-F1-1 /D:2     
/W-F3-1  /D:1     /W-F3-1  /W-F3-1  /T1-F3-1 /T0-F3-1 /T1-F2-1 /T0-F2-1 /T0-F1-1 /T1-F3-1 
/T1-F2-1 /T1-F1-1 /T2-F2-1 /T0-T2-1 /T0-F1-1 /T3-F1-1 /D:1     /W-F2-1  /T0-F2-1 /D:1     
/W-F3-1  /D:1     /W-F0-1  /T2-F0-1 /T1-F0-1 /D:1     /W-F3-1  /T2-F3-1 /T1-F3-1 /T2-F0-1 
"
1010603,D#Jx#ujV#KHTA#ZvBYN#Esmpea#yfWdOlS#wqQkGbPoIcMCXgtLRzhiFUnr,107.500000,2643.000000,51.000000,0.625000,1,"
minimal: 0 / states: 129 / duration: 0.000145s
history:
/T3-F0-1 /T4-F3-1 /T5-F1-1 /T1-T4-1 /T2-T1-1 /T2-T4-1 /T3-T2-1 /T3-T1-1 /T0-T5-1 /D:6     
/W-F1-1  /D:1     /W-T5-1  /D:1     /W-T5-1  /D:1     /W-T4-1  /D:1     /W-F1-1  /D:1     
/W-T0-1  /T4-T0-4 /T4-F0-1 /D:1     /W-F0-1  /D:2     /W-T1-1  /D:5     /W-T0-1  /D:2     
/W-T1-1  /T5-T1-4 /D:1     /W-T4-1  /D:1     /W-F2-1  /T1-F2-1 /T5-F2-1 /D:1     /W-T6-1  
/R       /D:2     /W-F2-1  /T6-F2-1 /D:3     /W-T0-1  /T6-T0-1 /T3-T6-1 /T5-T3-1 /T5-F2-1 
/T5-T0-1 /D:2     /W-F2-1  /D:1     /W-T3-1  /W-T3-1  /T1-T3-8 /D:2     /W-T1-1  /T6-T1-2 
/T6-F3-1 /T3-F3-1 /T3-F0-1 /T6-F1-1 /T3-F1-1 /T6-T1-1 /T6-F1-1 /T4-T1-2 /T0-F0-1 /T3-F0-1 
/T3-F1-1 /T0-T1-2 /T0-F1-1 /T2-T3-1 /T2-F2-1 /T1-T0-3 /T1-F2-1 /T6-T4-1 /D:1     /W-F1-1  
/T0-T1-4 /T0-F1-1 /R       /D:1     /W-F2-1  /T0-F2-1 /T4-F2-1 /D:1     /W-F3-1  /D:1     
/W-F1-1  /T1-T0-6 /T1-F1-1 /T1-F2-1 /T3-T4-6 /T3-F1-1 /D:1     /W-F3-1  /T0-F3-1 /T0-F0-1 
/T4-F3-1 /T0-F3-1 /T4-F0-1 /T0-F0-1 /T4-F3-1 /T0-F3-1 /T4-F0-1 /T0-F0-1 /T4-F3-1 /T0-F3-1 
/T4-F0-1 /T0-F0-1 /T4-F3-1 
"
1010629,X#if#RaO#utmp#cUyhK#SVoPDn#WsxYklb#NZgCIBJGFqQHEzjArdMTvLwe,136.000000,3403.000000,51.000000,0.576471,1,"
minimal: 0 / states: 126 / duration: 0.000144s
history:
/T5-F2-1 /T6-T3-1 /T4-T6-1 /D:1     /W-F3-1  /T2-F3-1 /T2-F1-1 /T3-F1-1 /T5-T2-1 /T5-F3-1 
/T5-F2-1 /T3-F2-1 /D:6     /W-T0-1  /T5-T0-1 /D:1     /W-T4-1  /T1-T4-1 /D:2     /W-F2-1  
/D:1     /W-F3-1  /D:1     /W-T0-1  /D:1     /W-T4-1  /D:2     /W-T6-1  /D:1     /W-F0-1  
/D:1     /W-F2-1  /D:1     /W-T4-1  /D:2     /W-T0-1  /D:1     /W-T6-1  /T4-T6-5 /T4-T3-1 
/T0-T3-5 /T3-T0-7 /T3-T4-1 /T3-T1-1 /W-T3-1  /T6-T3-9 /T5-T4-1 /W-T5-1  /W-T0-1  /W-F0-1  
/T2-T0-2 /D:2     /W-T6-1  /T1-T6-2 /D:1     /R       /D:1     /W-T1-1  /D:1     /W-T6-1  
/D:1     /W-F0-1  /T0-F0-1 /T0-F3-1 /T4-F3-1 /T0-T6-1 /T0-F3-1 /D:2     /W-T1-1  /T6-T1-6 
/T6-T5-1 /T6-T5-1 /T6-F2-1 /W-T6-1  /T4-T6-2 /T4-F1-1 /T3-F1-1 /T3-F0-1 /T1-F0-1 /T6-F2-1 
/T6-F3-1 /T1-T0-1 /T1-F2-1 /T0-T1-2 /T0-F3-1 /T3-T6-3 /T3-F2-1 /T1-T0-3 /T1-F2-1 /T5-F2-1 
/T6-T3-4 /T6-F3-1 /T0-T1-4 /T0-F3-1 /T0-F2-1 /T5-F3-1 /T5-F2-1 /T1-T0-6 /T1-F3-1 /D:1     
/W-F1-1  /T3-F1-1 /T0-F1-1 /T3-F0-1 /T0-F0-1 /T3-F1-1 /T0-F1-1 /T3-F0-1 /T0-F0-1 /T3-F1-1 
/T0-F1-1 /T3-F0-1 /T0-F0-1 /T3-F1-1 /T0-F1-1 /T3-F0-1 
"
1010648,P#mg#lbs#MHyz#xoKRa#hOYWjf#pGnvwAN#cXEVIeTFuBdqZDSCriQUtJkL,101.500000,1201.000000,41.000000,0.671642,1,"
minimal: 0 / states: 107 / duration: 0.000133s
history:
/T4-F1-1 /T6-F3-1 /T6-F0-1 /T4-T2-1 /T2-T1-2 /T2-F1-1 /T4-T2-1 /T4-T0-1 /T2-T3-2 /T3-T2-3 
/D:1     /W-F1-1  /D:1     /W-T3-1  /T6-T3-1 /D:1     /W-T5-1  /D:1     /W-T3-1  /D:5     
/W-T3-1  /T1-T3-3 /T3-T1-8 /D:1     /W-F0-1  /D:1     /W-F1-1  /D:1     /W-T1-1  /T0-T1-2 
/D:1     /W-T0-1  /D:3     /W-F0-1  /D:3     /W-T5-1  /D:1     /W-T6-1  /D:1     /W-T6-1  
/T5-T6-3 /T5-T2-1 /T5-T4-1 /T6-T2-6 /T6-F2-1 /T1-F2-1 /T4-T5-2 /D:3     /W-T0-1  /W-T0-1  
/W-T0-1  /W-T0-1  /T3-T0-1 /T5-T3-3 /T5-F3-1 /T1-F3-1 /T6-T5-1 /T6-F2-1 /T1-F2-1 /T2-F3-1 
/W-F2-1  /T1-F3-1 /T1-F2-1 /W-F3-1  /W-F0-1  /T2-F0-1 /W-F0-1  /W-F3-1  /W-F1-1  /T2-F1-1 
/T1-F1-1 /T2-F2-1 /T1-F2-1 /T5-F0-1 /T0-F0-1 /T2-F3-1 /T1-F3-1 /T5-F1-1 /T0-F1-1 /T2-F2-1 
/T1-F2-1 /W-F0-1  /T0-F0-1 /T2-F1-1 /T0-F1-1 /T3-F3-1 /T1-F3-1 /T2-F0-1 /T0-F0-1 /T3-F2-1 
/T1-F2-1 /T2-F1-1 /T1-F1-1 /T3-F3-1 /T0-F3-1 /T2-F2-1 /T3-F0-1 
"
1010652,B#kU#emv#IRjw#DEgVq#crzAXO#tTaLiPM#noZpSYNlQJhWdsCbyFGuxKfH,110.000000,1089.000000,40.000000,0.641791,1,"
minimal: 0 / states: 123 / duration: 0.000139s
history:
/T1-T2-1  /T3-T1-1  /T2-T3-2  /D:1      /W-F2-1   /D:1      /W-F2-1   /D:2      /W-F2-1   /T4-F2-1  
/T4-T1-1  /D:2      /W-T6-1   /D:1      /W-F3-1   /T5-F3-1  /D:3      /W-T5-1   /D:4      /W-T4-1   
/D:3      /W-T2-1   /T5-T2-2  /T5-F0-1  /T0-F0-1  /T6-T0-2  /T6-F3-1  /T6-T2-1  /T1-T6-3  /T5-T1-1  
/T5-F2-1  /T4-F2-1  /D:1      /W-T4-1   /D:1      /W-T3-1   /D:1      /W-T2-1   /T4-T2-2  /D:1      
/W-T0-1   /T3-T0-4  /T3-T2-1  /D:2      /W-T0-1   /T4-T0-1  /T4-T2-1  /T2-T4-10 /T5-T4-1  /D:1      
/W-T6-1   /R        /D:1      /W-T5-1   /T6-T5-5  /T6-F1-1  /T6-T5-1  /T6-F2-1  /D:2      /W-T1-1   
/D:1      /W-F3-1   /T4-T2-2  /T4-F3-1  /W-F3-1   /T5-F3-1  /T4-T5-2  /T4-F2-1  /T0-T3-4  /T0-F2-1  
/T2-T5-3  /T3-T0-5  /D:3      /W-T0-1   /D:1      /W-F0-1   /D:1      /W-F1-1   /T5-F1-1  /T0-F1-1  
/T5-F0-1  /T0-F0-1  /T5-F1-1  /T0-F1-1  /T5-F0-1  /T0-F0-1  /T0-F3-1  /T5-F1-1  /T5-F0-1  /T5-F3-1  
/T0-F0-1  /W-F3-1   /W-F1-1   /T4-F1-1  /T0-F1-1  /T4-F0-1  /T5-F2-1  /T0-F2-1  /T4-F3-1  /T5-F1-1  
/T4-F2-1  /T0-F3-1  /T1-F1-1  /T1-F2-1  /T4-F1-1  /D:1      /W-F0-1   /T5-F0-1  /T0-F0-1  /T5-F3-1  
"
1010676,l#DQ#XzA#EIyr#jdiMu#HexSGm#qpJwBaR#bhkCOLvNtZfUoTWYPgnFcsVK,145.000000,1419.000000,54.000000,0.587912,1,"
minimal: 0 / states: 128 / duration: 0.000145s
history:
/T2-F0-1 /T1-T3-1 /T0-T2-1 /T5-T0-1 /T1-T6-1 /T2-T1-2 /D:4     /W-T3-1  /D:1     /W-T3-1  
/D:1     /W-T0-1  /W-T0-1  /D:2     /W-F3-1  /T3-F3-1 /D:3     /W-T5-1  /T3-T5-3 /T2-T3-1 
/W-T2-1  /T3-T2-2 /D:1     /W-T3-1  /T5-T3-5 /D:2     /W-T4-1  /D:3     /W-F3-1  /D:2     
/W-F2-1  /D:1     /W-T4-1  /T6-T4-2 /T6-F1-1 /T6-F0-1 /T6-T0-1 /T6-T2-1 /T3-F0-1 /T6-T3-1 
/T4-F0-1 /T6-T4-1 /D:1     /W-T4-1  /D:2     /W-T0-1  /T4-T0-6 /T4-T6-1 /T4-T2-1 /T3-T4-1 
/T3-F3-1 /T4-T3-2 /T3-T4-7 /T3-F0-1 /D:1     /W-T1-1  /T4-T1-8 /R       /D:1     /W-F1-1  
/T0-F1-1 /D:4     /W-F2-1  /T1-F2-1 /T0-F2-1 /T0-F3-1 /T1-F1-1 /T1-F2-1 /T5-F3-1 /T0-F0-1 
/T0-F3-1 /D:1     /W-T5-1  /D:1     /W-T6-1  /T5-T6-2 /T5-F1-1 /T1-F1-1 /T1-F0-1 /T1-F3-1 
/T5-F0-1 /T1-F0-1 /T0-T2-1 /T0-F3-1 /T6-F3-1 /T2-T0-2 /T2-F0-1 /T2-F3-1 /T1-T6-1 /T1-F0-1 
/T0-T2-4 /T0-F0-1 /T6-T1-2 /T6-F3-1 /T6-F0-1 /T2-T0-5 /T2-F3-1 /D:1     /W-F1-1  /D:1     
/W-F2-1  /W-F2-1  /T0-F2-1 /W-F2-1  /W-F1-1  /T0-F1-1 /T0-F2-1 /T1-F1-1 /T0-F1-1 /T1-F2-1 
/T0-F2-1 /T1-F1-1 /T0-F1-1 /T1-F2-1 
"
1010684,n#JI#vqi#gXky#chREb#xmLWNa#THeOKwZ#FsjMDSQYoUzfuCtplBrAVGPd,132.000000,1479.000000,39.000000,0.737374,1,"
minimal: 0 / states: 107 / duration: 0.000154s
history:
/T0-F2-1 /T5-F1-1 /T4-F1-1 /T5-F3-1 /T6-T0-1 /T3-T0-1 /T6-T3-1 /T5-T6-1 /T2-T3-1 /T3-T0-3 
/T1-T6-1 /T3-T5-1 /T1-T5-1 /D:1     /W-T3-1  /D:3     /W-T1-1  /D:3     /W-T4-1  /D:1     
/W-T1-1  /T6-T1-3 /T6-F3-1 /T6-T3-1 /T2-T3-1 /T6-T0-1 /T3-T0-4 /D:1     /W-F2-1  /D:1     
/W-T1-1  /D:1     /W-T3-1  /D:3     /W-T4-1  /D:1     /W-T1-1  /D:1     /W-F2-1  /T0-F2-1 
/D:1     /W-T3-1  /D:2     /W-F2-1  /D:1     /W-F0-1  /W-F0-1  /T4-F0-1 /D:1     /W-T5-1  
/W-T5-1  /W-T1-1  /T4-T1-2 /T6-T5-1 /D:2     /W-F3-1  /T1-F3-1 /T4-F3-1 /T4-T2-1 /T4-F1-1 
/W-T2-1  /W-F3-1  /W-F0-1  /T1-F0-1 /T5-F3-1 /D:1     /W-F1-1  /T0-F1-1 /T0-F0-1 /T1-F1-1 
/T2-F0-1 /T0-F1-1 /T0-F0-1 /T2-F1-1 /T0-F1-1 /W-F1-1  /W-F2-1  /T1-F2-1 /T1-F3-1 /T1-F0-1 
/T5-F2-1 /T2-F2-1 /T5-F3-1 /T0-F2-1 /T1-F3-1 /T5-F0-1 /T0-F1-1 /T1-F0-1 /T5-F3-1 /T5-F0-1 
/T5-T2-1 /T5-F2-1 /T0-F2-1 /T1-F3-1 /T0-F3-1 /T3-F1-1 /T1-F0-1 /T2-F1-1 /T3-F2-1 
"
1010685,b#tp#loE#eWsB#UvSiM#yTzfga#kmLQdIP#uXnRFNGAKwCHrVOYqjDJcZhx,129.000000,2224.000000,38.000000,0.642857,1,"
minimal: 0 / states: 121 / duration: 0.000139s
history:
/T5-F1-1 /T0-F1-1 /T4-T0-1 /T3-T6-1 /T3-T5-1 /D:1     /W-T4-1  /T5-T4-2 /T2-T5-1 /D:2     
/W-F2-1  /T2-F2-1 /T1-F2-1 /T5-T1-2 /T2-T0-1 /T5-T2-1 /D:1     /W-T4-1  /D:1     /W-T5-1  
/D:1     /W-F3-1  /D:2     /W-F0-1  /T6-F0-1 /D:1     /W-T0-1  /T3-T0-1 /T3-T5-1 /D:2     
/W-F0-1  /D:4     /W-F3-1  /T6-F3-1 /T6-T0-1 /T6-T1-1 /T6-F3-1 /T4-F3-1 /D:1     /W-T2-1  
/D:1     /W-F2-1  /D:2     /W-F0-1  /D:2     /W-F1-1  /T1-F1-1 /T1-F0-1 /T5-F1-1 /T5-F0-1 
/T1-F1-1 /T4-T5-1 /T4-F1-1 /T5-T4-2 /D:1     /W-T3-1  /T6-T3-1 /T5-T6-1 /T6-T5-2 /W-T6-1  
/T4-T6-4 /T4-F3-1 /T6-T3-6 /D:1     /W-F1-1  /D:1     /W-T2-1  /W-T2-1  /T4-T2-1 /T1-T4-1 
/T4-T0-2 /R       /D:1     /W-T5-1  /D:1     /W-F0-1  /D:1     /W-T5-1  /D:1     /W-F0-1  
/T0-T2-2 /T0-F0-1 /T3-T5-4 /T3-F0-1 /D:1     /W-F2-1  /T5-F2-1 /T2-F2-1 /T5-F3-1 /T2-F3-1 
/T5-F2-1 /T2-F2-1 /T5-F1-1 /T2-F1-1 /T3-F1-1 /T5-F2-1 /T2-F2-1 /T0-T2-2 /T0-F1-1 /T5-T3-1 
/T5-F2-1 /T5-F1-1 /T2-T0-3 /T2-F2-1 /D:1     /W-F3-1  /T0-F3-1 /T0-F0-1 /T3-F3-1 /T0-F3-1 
/T3-F0-1 /T0-F0-1 /T3-F3-1 
"
1010710,t#DV#xar#AXdZ#eEpvI#loQsHU#FkSOCLM#jcznNwBmTKiyfGJWhguqPbYR,135.000000,1352.000000,62.000000,0.500000,1,"
minimal: 0 / states: 136 / duration: 0.000149s
history:
/T5-T4-1 /T5-T1-1 /T0-T4-1 /T6-T0-1 /T6-T3-1 /D:4     /W-F2-1  /D:1     /W-F3-1  /D:4     
/W-T1-1  /T5-T1-1 /T6-T5-1 /T6-F3-1 /T2-T6-1 /T2-F1-1 /T5-T6-2 /T5-F2-1 /T6-T4-4 /T6-T3-1 
/T2-T5-1 /T3-T2-3 /T5-T0-2 /W-T5-1  /D:3     /W-T5-1  /D:3     /W-T2-1  /T1-T2-4 /D:1     
/W-T0-1  /T4-T0-7 /D:1     /W-T4-1  /W-T4-1  /W-T4-1  /D:4     /W-F3-1  /T0-T3-1 /T0-F3-1 
/T3-T0-2 /T3-T5-1 /T3-F0-1 /D:1     /W-F1-1  /D:2     /W-F3-1  /T0-T4-3 /T0-F3-1 /R       
/D:2     /W-F1-1  /D:1     /W-T3-1  /D:1     /W-T5-1  /D:1     /W-F0-1  /T4-F0-1 /T1-F0-1 
/T4-F1-1 /D:2     /W-T5-1  /D:2     /W-T5-1  /W-T5-1  /T2-T5-1 /T2-F3-1 /D:2     /W-T3-1  
/R       /D:2     /W-T3-1  /W-T3-1  /T4-T3-5 /T4-F2-1 /T4-F0-1 /T4-F1-1 /T6-F0-1 /T3-T0-2 
/T3-F0-1 /T2-F0-1 /T0-T3-3 /T0-F3-1 /T0-F0-1 /T2-F3-1 /T0-F3-1 /T2-F0-1 /T3-T0-6 /T3-F0-1 
/T5-T2-5 /T5-F3-1 /T3-F3-1 /T2-T5-6 /T2-F0-1 /T2-F3-1 /T0-T3-8 /T0-F0-1 /D:1     /W-F2-1  
/T3-F2-1 /T3-F1-1 /T5-F2-1 /T3-F2-1 /T5-F1-1 /T3-F1-1 /T5-F2-1 /T3-F2-1 /T5-F1-1 /T3-F1-1 
/T5-F2-1 /T3-F2-1 /T5-F1-1 /T3-F1-1 /T5-F2-1 /T3-F2-1 /T5-F1-1 
"
1010764,A#yN#dlk#RqCh#fwTGY#QBxuJm#bIXMvSp#VOZFEjHcLzaPsnUDtrgKoieW,131.000000,1298.000000,46.000000,0.576923,1,"
minimal: 0 / states: 123 / duration: 0.000140s
history:
/T0-F0-1  /T1-F3-1  /T5-T0-1  /T5-T2-1  /T2-T1-2  /T1-T0-3  /D:1      /W-T0-1   /T5-T0-1  /T5-T2-1  
/T5-F0-1  /T6-T5-1  /D:1      /W-F3-1   /D:1      /W-T1-1   /D:2      /W-T6-1   /T5-T6-2  /D:1      
/W-T2-1   /D:3      /W-T1-1   /D:1      /W-T5-1   /T4-T5-1  /T6-T4-4  /T6-T2-1  /T3-T2-1  /T3-F0-1  
/T4-T2-5  /T4-T0-1  /T2-T6-10 /W-T3-1   /D:1      /W-F1-1   /D:1      /W-F3-1   /T6-T2-1  /T6-F3-1  
/T2-T6-2  /T6-T2-11 /T6-T1-1  /T4-T1-1  /D:1      /W-T0-1   /D:1      /W-F2-1   /D:1      /W-T6-1   
/D:1      /W-F0-1   /D:1      /W-T6-1   /T4-T6-1  /D:1      /W-T6-1   /T2-T6-2  /T2-F0-1  /D:2      
/W-T5-1   /D:1      /W-F2-1   /T6-F2-1  /D:1      /W-T1-1   /D:1      /W-T0-1   /T3-T0-2  /T3-F3-1  
/T2-F3-1  /D:1      /W-T5-1   /T6-T5-6  /T6-F1-1  /T0-F1-1  /T0-F2-1  /T5-F1-1  /T0-F1-1  /T5-F2-1  
/T0-F2-1  /T5-F1-1  /T5-F2-1  /T0-F3-1  /T0-F2-1  /T5-F3-1  /T0-F3-1  /W-F1-1   /T2-T5-2  /T2-F2-1  
/T1-T0-1  /T1-F2-1  /T5-T2-3  /T5-F3-1  /T1-F3-1  /T2-T5-4  /T2-F2-1  /T0-T1-3  /T0-F2-1  /T5-T2-5  
/T5-F3-1  /T5-F2-1  /T1-T0-4  /T1-F3-1  /W-T0-1   /W-F0-1   /T2-F0-1  /T0-F0-1  /T2-F1-1  /T0-F1-1  
/T2-F0-1  /T0-F0-1  /T2-F1-1  /T0-F1-1  /T2-F0-1  /T0-F0-1  /T2-F1-1  /T0-F1-1  /T2-F0-1  
"
1010783,H#vU#FfN#gIzk#xWLqJ#TCXmBA#uYlrcaD#ySVKRwshGZinedjEQtOopMbP,124.000000,3160.000000,47.000000,0.597561,1,"
minimal: 0 / states: 124 / duration: 0.000139s
history:
/T2-F3-1 /T5-F0-1 /T5-F0-1 /T4-T3-1 /D:1     /W-T5-1  /T3-T5-2 /D:2     /W-T5-1  /T0-T5-1 
/T5-T0-6 /D:3     /W-T5-1  /D:3     /W-T1-1  /T2-T1-1 /D:2     /W-T5-1  /D:1     /W-F2-1  
/D:1     /W-T2-1  /T6-T2-1 /T6-F1-1 /T6-T2-1 /T6-T1-1 /T6-T3-1 /D:1     /W-T1-1  /D:5     
/W-F3-1  /D:1     /W-F2-1  /D:1     /W-F2-1  /T4-F2-1 /T5-T4-3 /T5-F0-1 /T2-T5-4 /T3-T2-2 
/T1-T3-5 /T5-T0-5 /D:1     /W-T5-1  /T6-T5-1 /T6-T4-1 /D:1     /W-F1-1  /T0-F1-1 /T3-F1-1 
/T0-F0-1 /T0-F1-1 /T3-F2-1 /T3-F1-1 /D:1     /W-F3-1  /R       /D:1     /W-T3-1  /D:1     
/W-T2-1  /D:1     /W-T0-1  /D:1     /W-F2-1  /D:1     /W-T1-1  /D:1     /W-T6-1  /T4-T6-5 
/T3-T4-4 /T4-T2-5 /T3-F1-1 /T1-F1-1 /T4-T5-1 /D:1     /W-T5-1  /T1-T5-1 /D:1     /W-F0-1  
/D:1     /W-F3-1  /T0-F3-1 /T0-F0-1 /T2-F3-1 /T0-F3-1 /T2-F0-1 /T0-F0-1 /T2-F3-1 /T2-F0-1 
/T0-F3-1 /T0-F0-1 /T2-F3-1 /T2-F0-1 /T6-T0-3 /T6-F3-1 /T6-F0-1 /T5-T2-3 /T5-F3-1 /T5-F0-1 
/T6-F3-1 /D:1     /W-F2-1  /T0-F2-1 /T0-F1-1 /T2-F2-1 /T0-F2-1 /T2-F1-1 /T0-F1-1 /T2-F2-1 
/T0-F2-1 /T2-F1-1 /T0-F1-1 /T2-F2-1 
"
1010822,G#lS#hrB#vuCR#emJDN#YbdPks#Fqtgipo#EZaQjMczTAyVWXwLnUKHOIxf,104.500000,1336.000000,33.000000,0.775362,1,"
minimal: 0 / states: 117 / duration: 0.000139s
history:
/T4-F3-1  /T3-T5-1  /T4-T5-1  /T1-T0-1  /D:1      /W-T0-1   /D:2      /W-F1-1   /D:1      /W-T0-1   
/T3-T0-1  /D:3      /W-T5-1   /T6-T5-1  /D:2      /W-T3-1   /T5-T3-5  /T4-T5-1  /D:1      /W-F0-1   
/T2-F0-1  /T0-F0-1  /T6-T0-1  /T6-T5-1  /T3-T5-7  /D:1      /W-T4-1   /T5-T4-10 /D:6      /W-F2-1   
/T4-F2-1  /T0-F2-1  /D:1      /W-T3-1   /T0-T3-4  /T4-T0-11 /D:1      /W-T1-1   /D:2      /W-F3-1   
/T5-F3-1  /T3-F3-1  /T5-T2-1  /T5-F1-1  /T0-F1-1  /T0-F0-1  /T2-F1-1  /T3-F0-1  /T2-T3-1  /T0-F3-1  
/T4-F1-1  /D:2      /W-T5-1   /D:1      /W-F1-1   /T6-F1-1  /T6-T2-1  /T6-F2-1  /T3-F2-1  /T0-F2-1  
/T3-F3-1  /T2-F2-1  /T6-F0-1  /T0-F3-1  /T0-F2-1  /T3-F0-1  /T2-F1-1  /T3-F3-1  /T3-F2-1  /T0-F1-1  
/R        /D:1      /W-T2-1   /D:1      /W-F1-1   /D:1      /W-T3-1   /T1-T3-2  /D:1      /W-T1-1   
/T5-T1-2  /D:1      /W-F3-1   /D:1      /W-F3-1   /D:1      /W-F3-1   /D:1      /W-F2-1   /T1-F2-1  
/T1-F3-1  /T2-F3-1  /D:2      /W-F0-1   /D:1      /W-F0-1   /T0-F0-1  /T0-F1-1  /T0-F2-1  /T3-F0-1  
/T3-F1-1  /T1-F2-1  /W-F0-1   /T0-F1-1  /T3-F0-1  
"
1010824,Q#kl#twN#WrHx#TFeJO#VSRcAq#udXPgMj#mGIZCiDBfphLKazbyUvoYnsE,121.500000,1207.000000,36.000000,0.705479,1,"
minimal: 0 / states: 117 / duration: 0.000130s
history:
/T2-F3-1 /T4-F3-1 /T6-T3-1 /T3-T1-2 /T1-T6-3 /T4-T1-1 /T5-T4-1 /T5-F0-1 /T5-T4-1 /D:3     
/W-T6-1  /D:2     /W-T0-1  /D:1     /W-T1-1  /T3-T1-1 /T0-T3-2 /T6-T0-5 /T6-T1-1 /T6-F3-1 
/T2-T6-1 /D:1     /W-T5-1  /D:1     /W-F0-1  /T3-F0-1 /T3-F3-1 /T5-F0-1 /T5-F3-1 /T5-F3-1 
/F3-T2-1 /T3-T2-1 /T5-T6-1 /W-T5-1  /D:3     /W-T0-1  /T2-T0-3 /D:1     /W-T5-1  /T6-T5-3 
/T6-T0-1 /W-T0-1  /T6-T5-1 /D:2     /W-F1-1  /D:1     /W-T2-1  /D:1     /W-F1-1  /T4-F1-1 
/D:3     /W-T3-1  /W-T3-1  /D:2     /W-T2-1  /D:1     /W-F2-1  /W-F2-1  /T0-F2-1 /T0-F1-1 
/T4-F2-1 /T0-F2-1 /T4-F1-1 /T4-T1-1 /T0-F3-1 /T4-F3-1 /T3-F3-1 /D:1     /W-F2-1  /T0-F2-1 
/T5-F2-1 /T3-F2-1 /T5-F3-1 /T3-F3-1 /T5-F2-1 /T5-F3-1 /T2-F3-1 /T1-T5-6 /D:1     /W-F0-1  
/T5-F0-1 /R       /D:1     /W-T1-1  /T5-T1-6 /T5-F3-1 /D:1     /W-F0-1  /D:1     /W-F1-1  
/T1-F1-1 /T0-F1-1 /T1-F0-1 /T0-F0-1 /T1-F1-1 /T0-F1-1 /T0-F2-1 /T1-F0-1 /T1-F1-1 /T0-F1-1 
/D:1     /W-F0-1  /T1-F0-1 /T0-F0-1 /T1-F1-1 /D:1     /W-F2-1  /T2-F2-1 
"
1010869,Q#kJ#bfP#hqYE#miUKV#XuyTNI#ZDxptBA#zRglcWGSHMnLjwFdrOasveCo,173.000000,4371.000000,50.000000,0.573684,1,"
minimal: 0 / states: 123 / duration: 0.000147s
history:
/T6-F0-1 /T6-F0-1 /T4-T1-1 /T0-T3-1 /D:1     /W-T0-1  /D:3     /W-T0-1  /T4-T0-1 /T6-T4-1 
/T6-T3-1 /T4-T5-2 /D:2     /W-T0-1  /T5-T0-3 /T5-F3-1 /D:2     /W-T0-1  /T3-T0-3 /T6-T3-1 
/T2-T6-1 /D:1     /W-T1-1  /T5-T1-1 /D:2     /W-F2-1  /D:2     /W-T3-1  /D:2     /W-T1-1  
/D:2     /W-T2-1  /W-T2-1  /D:1     /W-F3-1  /T6-F3-1 /T0-T2-1 /T0-F3-1 /D:1     /W-F1-1  
/D:2     /W-T3-1  /D:1     /W-T1-1  /T6-T1-1 /T5-T6-1 /T5-T4-1 /T1-T5-7 /T1-T6-1 /D:1     
/W-F0-1  /T5-F0-1 /T0-F0-1 /D:1     /W-F2-1  /T2-F2-1 /R       /D:1     /W-F3-1  /T0-F3-1 
/T2-T0-3 /T2-F1-1 /D:1     /W-T4-1  /T5-T4-2 /T5-F3-1 /D:1     /W-F1-1  /T0-F1-1 /T4-F1-1 
/T4-F0-1 /D:1     /W-F0-1  /T5-F0-1 /T0-T3-4 /T0-F0-1 /D:1     /W-T1-1  /T3-T1-8 /T3-F2-1 
/T1-F2-1 /T1-F1-1 /T4-F1-1 /T3-F1-1 /T4-T5-1 /T4-F1-1 /T1-T0-3 /T1-F1-1 /T6-F1-1 /T5-T6-4 
/D:1     /W-T4-1  /D:2     /W-F2-1  /T0-F2-1 /T0-F3-1 /T6-F2-1 /T0-F2-1 /T6-F3-1 /T0-F3-1 
/T6-F0-1 /T0-F0-1 /W-F2-1  /T1-F2-1 /T0-F1-1 /T6-F3-1 /T1-F3-1 /T4-F0-1 /T1-F0-1 /T6-F2-1 
/T0-F2-1 /T4-F1-1 /T6-F3-1 
"
1010883,s#aX#KNL#TCRy#uBSJH#GYFODQ#IqWiAkp#tohnEZrzxbgmclPjfevwVMdU,107.500000,879.000000,51.000000,0.582278,1,"
minimal: 0 / states: 134 / duration: 0.000152s
history:
/T6-T5-1  /T6-T2-1  /T6-F0-1  /T4-T6-1  /T4-T1-1  /T6-T1-2  /T1-T3-4  /T1-F1-1  /D:4      /W-F2-1   
/D:1      /W-T4-1   /T5-T4-2  /D:1      /W-T1-1   /T3-T1-5  /T5-T3-1  /T5-T4-1  /T3-T0-2  /D:4      
/W-F1-1   /D:1      /W-T1-1   /T5-T1-1  /W-T5-1   /T6-T5-1  /D:2      /W-F1-1   /D:2      /W-T0-1   
/D:3      /W-T1-1   /T6-T1-1  /T6-T5-1  /D:2      /W-T2-1   /D:1      /W-T2-1   /D:1      /W-T6-1   
/T5-T6-4  /T4-T5-5  /T4-F0-1  /T3-F0-1  /T0-T1-1  /T0-F0-1  /T0-T3-2  /T3-T4-3  /T4-T2-4  /D:1      
/W-F1-1   /T1-T2-2  /T1-F1-1  /D:1      /W-T6-1   /T5-T6-6  /R        /D:2      /W-F2-1   /D:3      
/W-T0-1   /D:1      /W-T3-1   /T2-T3-10 /T2-F3-1  /T6-F3-1  /T3-F3-1  /T6-F2-1  /T3-F2-1  /T6-F3-1  
/T3-F3-1  /T6-F0-1  /T1-F0-1  /W-F2-1   /T3-F2-1  /T6-F3-1  /T3-F3-1  /T6-F0-1  /T6-F3-1  /T1-T3-1  
/T1-F0-1  /T6-F0-1  /T3-T1-2  /T3-F3-1  /T6-F3-1  /T1-T3-3  /T1-F0-1  /T1-F3-1  /T2-F0-1  /T3-T1-5  
/T3-F0-1  /T6-T0-2  /T6-F0-1  /D:2      /W-T0-1   /D:1      /W-F1-1   /T1-F1-1  /D:1      /W-T0-1   
/R        /D:1      /W-F2-1   /T1-F2-1  /T0-F2-1  /D:1      /W-F1-1   /T1-F1-1  /T0-F1-1  /T1-F2-1  
/T0-F2-1  /T0-F3-1  /T1-F1-1  /T1-F2-1  /T1-F3-1  /T0-F2-1  /D:1      /W-F1-1   /T3-F1-1  
"
1010889,M#LO#aIx#uvHp#XjbfC#tsgoUW#mdFiwJn#rASzRlcNyEVZPBkKDehGQqYT,123.000000,2556.000000,40.000000,0.651316,1,"
minimal: 0 / states: 118 / duration: 0.000140s
history:
/T6-F2-1 /T5-T2-1 /T1-T3-1 /D:2     /W-F0-1  /D:4     /W-T0-1  /T2-T0-2 /T5-T2-1 /T5-F2-1 
/T2-T0-2 /T2-F1-1 /T3-T4-1 /T3-F2-1 /T5-T3-1 /T5-T3-1 /W-T3-1  /W-T2-1  /W-T5-1  /W-T5-1  
/T5-T0-3 /D:2     /W-F3-1  /T4-F3-1 /D:3     /W-T6-1  /T3-T6-4 /D:1     /W-T5-1  /T1-T5-1 
/D:1     /W-F3-1  /D:1     /W-F0-1  /T4-F0-1 /W-T4-1  /D:1     /W-T5-1  /T6-T5-6 /D:2     
/W-F0-1  /T4-F0-1 /D:2     /W-T3-1  /D:1     /W-T3-1  /T4-T3-1 /T4-F1-1 /T3-T4-4 /D:1     
/W-F3-1  /T5-F3-1 /T0-T4-1 /T0-F3-1 /W-T5-1  /D:1     /W-F2-1  /T4-F2-1 /D:1     /W-T2-1  
/W-T2-1  /T4-T2-5 /T6-T4-1 /T6-T4-1 /T6-F0-1 /F2-T2-1 /T6-T2-1 /T2-T0-3 /T2-F0-1 /T5-T3-3 
/T5-F0-1 /W-T6-1  /W-F1-1  /T0-F1-1 /T0-F2-1 /T3-F1-1 /T0-F1-1 /T3-F2-1 /T0-F2-1 /T3-F1-1 
/T2-F1-1 /T3-F2-1 /T4-F1-1 /T2-F2-1 /T2-F1-1 /T4-F2-1 /T0-T2-3 /T0-F2-1 /T6-F2-1 /T5-T4-2 
/T5-F1-1 /T0-F1-1 /T6-F1-1 /T2-T0-5 /T2-F2-1 /T4-T5-3 /D:1     /W-F3-1  /T0-F3-1 /T0-F0-1 
/T5-F3-1 /T0-F3-1 /T5-F0-1 /T0-F0-1 /T5-F3-1 /T0-F3-1 /T5-F0-1 /T0-F0-1 /T5-F3-1 
"
1010891,Q#Fw#Bvx#dasp#EiqyA#lPCJoW#KIrZDgO#ThGHNRcfSmVbzjUXMnYetkLu,161.500000,5151.000000,65.000000,0.500000,1,"
minimal: 0 / states: 133 / duration: 0.000154s
history:
/T4-F0-1 /T6-T3-1 /T5-T2-1 /T3-T0-2 /T3-T6-1 /T3-F1-1 /D:5     /W-F3-1  /T0-F3-1 /D:1     
/W-T6-1  /D:5     /W-T1-1  /D:1     /W-F1-1  /D:4     /W-T4-1  /T1-T4-2 /D:2     /W-F2-1  
/T5-F2-1 /T0-F2-1 /D:2     /W-T1-1  /D:4     /W-T4-1  /T6-T4-3 /T6-T1-1 /T4-T6-8 /T4-F2-1 
/T4-T5-1 /T0-T4-1 /T6-T0-9 /T6-F2-1 /T6-T2-1 /R       /D:2     /W-T2-1  /D:1     /W-T2-1  
/D:1     /W-T5-1  /W-T5-1  /T1-T5-3 /D:1     /W-F1-1  /T3-F1-1 /T5-T0-1 /T5-F1-1 /T0-T5-2 
/T0-F2-1 /D:1     /W-F1-1  /T0-F1-1 /D:1     /W-T2-1  /T4-T2-2 /D:1     /W-T1-1  /D:1     
/W-T3-1  /D:1     /W-T6-1  /D:2     /W-T4-1  /D:1     /W-T3-1  /T2-T3-8 /T2-T6-1 /T2-F0-1 
/W-T6-1  /T3-T6-4 /T3-F1-1 /D:1     /W-F2-1  /T0-F2-1 /T5-T0-5 /T5-F1-1 /T6-T3-5 /T6-F2-1 
/T6-F1-1 /T0-T5-6 /T0-F2-1 /T5-T0-7 /T5-F0-1 /T5-F3-1 /T0-F0-1 /T3-F3-1 /T0-F3-1 /T3-F0-1 
/T0-F0-1 /T3-F3-1 /T0-F3-1 /T3-F0-1 /T0-F0-1 /T3-F3-1 /T0-F3-1 /T3-F0-1 /T0-F0-1 /T3-F3-1 
/T0-F3-1 /T3-F2-1 /T6-F0-1 /T3-F3-1 /T0-F2-1 /T0-F3-1 /T3-F2-1 /T5-T4-1 /D:1     /W-F1-1  
/T4-F1-1 /T1-F1-1 /D:1     /W-F0-1  /T4-F0-1 
"
1010926,N#pA#bGB#Kzvx#gJLeP#CkWHYd#uRoQjZr#EcsmUtyIlhVnwXDTSaqOMifF,85.500000,774.000000,36.000000,0.703125,1,"
minimal: 0 / states: 120 / duration: 0.000136s
history:
/T0-F3-1  /T1-F0-1  /T2-F0-1  /T5-T6-1  /T3-T5-1  /T1-T6-1  /D:4      /W-T0-1   /D:1      /W-T3-1   
/T2-T3-1  /T2-T6-1  /D:2      /W-T0-1   /D:5      /W-F2-1   /D:2      /W-T0-1   /W-T0-1   /W-T0-1   
/D:3      /W-T3-1   /T6-T3-4  /T6-T1-1  /T6-T5-1  /T3-T5-8  /T5-T3-11 /T5-T0-1  /T3-T2-12 /T5-T3-1  
/W-T0-1   /D:1      /W-F1-1   /T2-F1-1  /D:2      /W-F3-1   /T4-F3-1  /T6-F3-1  /T6-F2-1  /T2-F2-1  
/T6-F3-1  /W-F2-1   /W-T4-1   /D:4      /W-T0-1   /T4-T0-2  /T4-T1-1  /T4-T5-1  /T5-T1-2  /T5-F0-1  
/T0-F0-1  /T4-T6-1  /R        /D:1      /W-F0-1   /D:1      /W-F1-1   /T2-F1-1  /T0-F1-1  /T0-F0-1  
/T2-F2-1  /T2-F3-1  /T0-F3-1  /T2-F0-1  /T0-F0-1  /T2-F3-1  /T0-F3-1  /T3-F3-1  /D:1      /W-F2-1   
/D:1      /W-F2-1   /D:1      /W-F0-1   /T1-F0-1  /T3-F0-1  /T0-T1-1  /T0-F3-1  /T1-T0-2  /T1-F0-1  
/D:2      /W-T2-1   /D:1      /W-F0-1   /D:1      /W-T0-1   /T6-T0-2  /D:1      /W-F1-1   /T0-F1-1  
/T0-F2-1  /T2-F1-1  /T0-F1-1  /T2-F2-1  /T0-F2-1  /T2-F1-1  /T0-F1-1  /T2-F2-1  /T0-F2-1  /T2-F3-1  
/T1-F3-1  /W-F1-1   /T0-F1-1  /T2-F2-1  
"
1010952,M#IH#UYJ#dvlS#hKLim#EkZzRq#gVPBOAT#XopNsxnbfujDrCywFetcQWGa,135.000000,3655.000000,45.000000,0.575581,1,"
minimal: 0 / states: 125 / duration: 0.000141s
history:
/T6-T1-1  /T6-F0-1  /D:4      /W-F3-1   /T6-F3-1  /T6-F0-1  /T6-F3-1  /T1-T6-2  /T6-T2-3  /D:1      
/W-T2-1   /D:2      /W-F2-1   /D:6      /W-T3-1   /D:1      /W-F0-1   /W-F0-1   /D:1      /W-T4-1   
/D:2      /W-T6-1   /D:1      /W-T2-1   /T5-T2-1  /T5-T6-1  /D:2      /W-T2-1   /D:1      /W-F3-1   
/T6-F3-1  /D:3      /W-F1-1   /R        /D:1      /W-T4-1   /T2-T4-8  /T2-T0-1  /T2-T1-1  /T4-T2-11 
/D:1      /W-F2-1   /D:1      /W-F2-1   /D:1      /W-T0-1   /D:1      /W-F1-1   /T2-F1-1  /T2-F2-1  
/T3-F2-1  /T3-F3-1  /T3-T5-1  /T2-T6-1  /T2-F2-1  /T2-F3-1  /T6-T2-3  /T5-T6-2  /T1-F3-1  /T2-T4-4  
/T2-F3-1  /T4-T2-5  /T4-T5-1  /T4-T6-1  /T4-T1-1  /T5-T4-2  /T5-T4-1  /T5-F0-1  /D:3      /W-T0-1   
/T3-T0-1  /T3-F1-1  /T2-F1-1  /T2-F0-1  /D:1      /W-T4-1   /D:1      /W-F2-1   /W-F2-1   /W-F1-1   
/T2-F1-1  /T0-F2-1  /T1-F1-1  /T4-F2-1  /T0-T6-1  /T0-F2-1  /T1-T6-1  /D:1      /W-F3-1   /T2-T4-3  
/T2-F3-1  /T0-F3-1  /T2-F2-1  /T4-T2-5  /T4-F3-1  /T6-T0-4  /T6-F2-1  /D:1      /W-F0-1   /T2-F0-1  
/T0-F0-1  /T2-F1-1  /T0-F1-1  /T2-F0-1  /T0-F0-1  /T2-F1-1  /T0-F1-1  /T2-F0-1  /T0-F0-1  /T2-F1-1  
"
1010964,v#HR#bex#hyBs#aDtiX#lmdUwg#pzQcNEf#YnOAWSjqokMVJIuTPFGLZKCr,76.500000,619.000000,25.000000,0.814815,1,"
minimal: 0 / states: 122 / duration: 0.000130s
history:
/T3-T5-1 /T1-T5-1 /T5-T1-3 /T5-T4-1 /T5-T0-1 /D:2     /W-F2-1  /D:2     /W-F0-1  /T3-F0-1 
/T4-T3-2 /T4-T3-1 /T6-T4-1 /T6-T4-1 /T6-F3-1 /W-F3-1  /T4-T0-3 /T6-T4-1 /T5-T0-1 /T3-T5-4 
/T4-T1-2 /T4-F1-1 /T5-T4-5 /T2-T5-1 /T1-T4-6 /D:1     /W-T5-1  /T0-T5-6 /D:3     /W-T2-1  
/D:1     /W-F2-1  /D:2     /W-T0-1  /T5-T0-9 /D:6     /W-F3-1  /T6-F3-1 /T6-T1-1 /T6-F2-1 
/T2-F2-1 /T4-T2-2 /T4-F3-1 /T2-T4-3 /T2-F1-1 /T4-F1-1 /T0-F1-1 /D:2     /W-T3-1  /D:2     
/W-T2-1  /W-T2-1  /D:2     /W-F0-1  /T4-F0-1 /T0-F0-1 /T4-F1-1 /T0-F1-1 /D:1     /W-F2-1  
/T4-F2-1 /T0-F2-1 /T4-F1-1 /T3-T0-1 /T3-F1-1 /R       /D:1     /W-T1-1  /D:1     /W-F3-1  
/D:2     /W-T2-1  /D:2     /W-T2-1  /W-T2-1  /T4-T2-1 /T4-F1-1 /W-F1-1  /D:2     /W-F2-1  
/D:1     /W-F3-1  /D:1     /W-F0-1  /T0-F0-1 /T0-F3-1 /T0-F2-1 /T2-F0-1 /T2-F3-1 /T4-F2-1 
/W-F0-1  /T0-F3-1 /T0-F2-1 /T2-F0-1 /T2-F1-1 /T4-F3-1 /T4-F2-1 /T0-F1-1 /T1-F3-1 /T1-F2-1 
/T4-F1-1 /D:1     /W-F0-1  /T2-F0-1 /T0-F0-1 /T2-F3-1 
"
1010965,P#wA#LIM#dsuE#CSenj#KXUobv#hVWgNqc#DrYmOBZHpiGxTyfQkRlazJtF,154.500000,1861.000000,58.000000,0.561905,1,"
minimal: 0 / states: 126 / duration: 0.000149s
history:
/T1-F0-1  /T5-T4-1  /D:3      /W-T2-1   /D:3      /W-F0-1   /D:4      /W-T1-1   /D:2      /W-T2-1   
/T4-T2-2  /T4-F2-1  /D:4      /W-T3-1   /D:4      /W-F1-1   /T5-F1-1  /T5-F2-1  /T6-F1-1  /T6-T4-1  
/T6-F3-1  /T5-T2-1  /T0-T4-1  /T2-T0-6  /T1-T5-2  /D:1      /W-T1-1   /W-T1-1   /D:2      /W-T0-1   
/D:1      /W-T6-1   /T4-T6-3  /T3-T4-2  /T6-T3-5  /T3-T5-6  /T2-T6-1  /T4-T0-3  /T5-T2-9  /T6-T5-2  
/T4-F0-1  /T5-T1-3  /R        /D:1      /W-F0-1   /D:2      /W-T4-1   /T2-T4-10 /D:1      /W-F3-1   
/T4-F3-1  /T0-F3-1  /T0-F0-1  /T4-T3-2  /T4-F0-1  /T3-T4-3  /T3-F1-1  /W-T0-1   /D:1      /W-T2-1   
/D:1      /W-T6-1   /D:1      /W-F2-1   /T4-F2-1  /T0-F2-1  /T4-F1-1  /T4-F2-1  /D:1      /W-F0-1   
/T6-F0-1  /T1-F0-1  /D:2      /W-T2-1   /D:1      /W-F1-1   /T4-F1-1  /W-T4-1   /D:1      /W-T2-1   
/D:1      /W-F3-1   /T0-F3-1  /T0-F2-1  /T4-F3-1  /T0-F3-1  /T4-F2-1  /T6-F3-1  /T6-F1-1  /T0-F2-1  
/T1-F3-1  /T4-F1-1  /T0-F1-1  /T4-F2-1  /T0-F2-1  /T2-F1-1  /T2-F2-1  /T4-F3-1  /T0-F3-1  /T2-F3-1  
/T1-T0-2  /T1-F2-1  /D:1      /W-F0-1   /T0-F0-1  /T0-F1-1  /T4-F0-1  /T0-F0-1  /T4-F1-1  
"
1010999,G#ya#bnA#vUTF#VqNEJ#djctxk#fhgImHP#XZBoDSwORiKMCWuerlYpsLzQ,141.500000,3321.000000,42.000000,0.660920,1,"
minimal: 0 / states: 118 / duration: 0.000135s
history:
/T1-F1-1 /T2-F0-1 /T2-F2-1 /T2-F1-1 /T5-T1-1 /T4-T1-1 /D:2     /W-T2-1  /T1-T2-3 /D:1     
/W-F0-1  /D:1     /W-F2-1  /D:2     /W-T0-1  /T4-T0-1 /T4-F3-1 /T6-T4-1 /D:2     /W-F3-1  
/T4-F3-1 /D:1     /W-T3-1  /T4-T3-1 /T6-T4-1 /T6-T1-1 /T4-T2-2 /D:3     /W-T4-1  /D:1     
/W-F0-1  /D:1     /W-T5-1  /T6-T5-1 /T3-T6-3 /T3-T2-1 /T3-T5-1 /T0-T5-3 /D:4     /W-T4-1  
/T5-T4-7 /D:2     /W-F2-1  /T6-F2-1 /D:1     /W-T2-1  /D:1     /W-T1-1  /D:1     /W-T0-1  
/W-T0-1  /W-F2-1  /T2-F2-1 /T5-F2-1 /T5-F1-1 /T3-T5-1 /D:1     /W-F3-1  /T6-F3-1 /W-T6-1  
/W-F2-1  /W-T0-1  /T5-T0-2 /T5-F1-1 /T0-F2-1 /T6-F1-1 /R       /D:1     /W-T1-1  /D:1     
/W-F0-1  /T4-F0-1 /T4-F3-1 /T6-F0-1 /T2-F3-1 /T6-T2-1 /F2-T0-1 /T6-T0-1 /T6-F1-1 /T2-F1-1 
/T4-F0-1 /T0-F1-1 /T2-F0-1 /T4-F3-1 /T0-F2-1 /T2-F3-1 /T4-F0-1 /T4-F3-1 /T1-F3-1 /T2-F0-1 
/T0-T4-1 /T0-F0-1 /T0-F3-1 /T1-F0-1 /T2-T1-2 /T2-F3-1 /T4-T0-3 /T4-F0-1 /D:1     /W-F2-1  
/D:1     /W-F1-1  /T0-F1-1 /T0-F2-1 /T1-F1-1 /T0-F1-1 /T1-F2-1 /T0-F2-1 /T1-F1-1 
"
1011071,b#RJ#yqS#BYQz#wTaxu#fPnKtN#mvHrpZC#MhWsejklgAUXIOdViDLFoEGc,118.500000,2372.000000,61.000000,0.505319,1,"
minimal: 0 / states: 135 / duration: 0.000159s
history:
/T5-F3-1 /T2-T5-1 /T0-T6-1 /T3-T0-1 /T6-T3-2 /D:8     /W-T0-1  /D:1     /W-T4-1  /D:1     
/W-F0-1  /D:4     /W-F3-1  /D:2     /W-T1-1  /T4-T1-2 /T4-T0-1 /T4-F1-1 /T3-F1-1 /D:3     
/W-T6-1  /D:1     /W-T1-1  /D:2     /W-T5-1  /T3-T5-2 /D:2     /W-F1-1  /R       /D:3     
/W-T0-1  /D:1     /W-T4-1  /D:1     /W-T1-1  /T2-T1-1 /D:2     /W-T2-1  /T1-T2-7 /T1-T4-1 
/T6-T1-2 /D:2     /W-T1-1  /D:1     /W-T0-1  /W-T0-1  /T5-T0-5 /T5-T3-1 /T5-F2-1 /T5-F3-1 
/W-T3-1  /D:1     /W-F1-1  /T2-T4-1 /T2-F1-1 /T5-F1-1 /D:3     /W-F2-1  /T6-F2-1 /T4-F2-1 
/T6-F2-1 /T4-T6-3 /T6-T2-1 /T6-F2-1 /T2-T6-2 /T2-F1-1 /W-T6-1  /W-T4-1  /T6-T4-5 /T6-T3-1 
/W-F1-1  /W-T5-1  /T3-T5-4 /T3-F0-1 /T0-F0-1 /T0-F3-1 /T4-F0-1 /T0-F0-1 /T4-F3-1 /T0-F3-1 
/T0-F2-1 /T4-F0-1 /T4-F3-1 /T2-F2-1 /T0-F3-1 /T5-F2-1 /T2-F3-1 /T0-T5-1 /T0-F3-1 /T1-F3-1 
/T4-T2-2 /T4-F2-1 /T0-F2-1 /T2-T1-4 /T2-F2-1 /T5-T0-3 /T5-F3-1 /T0-T5-4 /T0-F2-1 /T1-T6-5 
/T1-F3-1 /D:1     /W-F0-1  /T6-F0-1 /T5-F0-1 /T6-F1-1 /T5-F1-1 /T6-F0-1 /T5-F0-1 /T6-F1-1 
/T5-F1-1 /T6-F0-1 /T5-F0-1 /T6-F1-1 
"
1011172,C#qg#Evy#GhcM#diOFk#tIVpoe#HjLRxKD#bsQnNfZrmBwAXUTWaJSuzPYl,157.000000,2496.000000,48.000000,0.579787,1,"
minimal: 0 / states: 121 / duration: 0.000137s
history:
/T6-T5-1 /T4-T2-1 /T5-T4-2 /T4-T1-3 /T4-T0-1 /D:4     /W-F2-1  /T5-F2-1 /T5-F2-1 /D:1     
/W-F3-1  /T0-F3-1 /D:6     /W-T2-1  /T5-T2-1 /D:1     /W-F0-1  /W-F0-1  /T0-F0-1 /T3-T0-1 
/T3-T1-1 /T3-T5-1 /T3-T5-1 /W-T3-1  /T2-T3-4 /D:2     /W-T2-1  /D:2     /W-T6-1  /T2-T6-2 
/D:1     /W-F1-1  /D:2     /W-T5-1  /T2-T5-1 /D:1     /W-T3-1  /T1-T3-5 /T1-F2-1 /D:1     
/W-T1-1  /D:1     /W-F3-1  /D:1     /W-T0-1  /T6-T0-4 /D:1     /W-T1-1  /T6-T1-1 /R       
/D:1     /W-F1-1  /T3-F1-1 /T3-F0-1 /T5-F0-1 /D:2     /W-F3-1  /T6-F3-1 /T5-F3-1 /D:1     
/W-T5-1  /D:1     /W-T2-1  /T6-T2-1 /T5-T6-4 /T6-T1-5 /T5-T0-1 /T6-T4-1 /D:1     /W-F2-1  
/W-F2-1  /T0-F2-1 /T3-T4-3 /T3-F2-1 /D:1     /W-T2-1  /D:1     /W-F3-1  /T0-F3-1 /T0-F2-1 
/T3-F3-1 /T4-T3-5 /T4-F1-1 /T3-F1-1 /T1-F1-1 /T3-F0-1 /T1-F0-1 /T3-F1-1 /T1-F1-1 /T3-F0-1 
/T1-F0-1 /T0-F3-1 /T3-F1-1 /T1-F1-1 /T3-F2-1 /T1-F2-1 /T2-F3-1 /T3-F1-1 /T3-F2-1 /T1-F1-1 
/T1-F2-1 /T3-F1-1 /D:1     /W-F0-1  /T0-F0-1 /T0-F3-1 /T2-F0-1 /T0-F0-1 /T2-F3-1 
"
1011183,U#us#hIt#oSPa#bgxEq#HBDNke#WTKwpLd#iyjlfmMvZQFYOARcVnrCGzJX,120.000000,1169.000000,44.000000,0.648810,1,"
minimal: 0 / states: 127 / duration: 0.000171s
history:
/T3-F1-1 /T5-T1-1 /T4-T1-1 /T6-T4-1 /T5-T6-1 /T5-F3-1 /T2-T0-1 /T3-T1-1 /T4-T3-2 /T3-T0-3 
/T0-T2-5 /T3-T1-1 /D:3     /W-T4-1  /T2-T4-6 /D:3     /W-T0-1  /T6-T0-2 /T6-T4-1 /T6-T0-1 
/D:1     /W-T3-1  /D:5     /W-T3-1  /T4-T3-9 /T1-T4-5 /T4-T1-6 /T4-F1-1 /D:1     /W-F3-1  
/D:1     /W-F0-1  /D:2     /W-F1-1  /D:1     /W-T0-1  /T1-T0-7 /D:1     /W-F2-1  /T0-F2-1 
/T3-F2-1 /T0-F3-1 /T0-F2-1 /T5-T0-1 /T5-F0-1 /T3-F1-1 /D:1     /W-F2-1  /D:1     /W-F0-1  
/T0-F0-1 /T0-F1-1 /T0-F2-1 /T3-F0-1 /D:1     /W-T2-1  /T3-T2-1 /T3-F2-1 /T0-T5-1 /T0-F2-1 
/T5-T0-2 /D:1     /W-T1-1  /D:2     /R       /D:3     /W-T1-1  /T6-T1-1 /D:1     /W-F1-1  
/T0-F1-1 /T6-T0-1 /T2-T3-2 /T2-F1-1 /T6-T1-1 /D:1     /W-F2-1  /D:1     /W-T2-1  /W-T2-1  
/W-F1-1  /T3-T1-4 /T3-F1-1 /D:1     /W-F3-1  /D:1     /W-F0-1  /D:1     /W-F3-1  /T1-F3-1 
/T0-F3-1 /T1-F0-1 /T0-F0-1 /T1-F3-1 /T0-F3-1 /T0-F2-1 /T1-F0-1 /T1-F3-1 /T3-F2-1 /T0-F1-1 
/T2-F2-1 /T1-T3-1 /T1-F1-1 /T1-F2-1 /T0-T2-1 /T0-F1-1 /D:1     /W-F0-1  /T3-F0-1 /T2-F0-1 
/D:1     /W-F3-1  /T3-F3-1 /T2-F3-1 /T3-F0-1 
"
1011221,N#vY#JQH#qMDT#PXWpG#KlSwUF#BmoEAOe#jfydbgkiRnsZcaLuztrhICxV,110.000000,1798.000000,34.000000,0.704225,1,"
minimal: 0 / states: 126 / duration: 0.000136s
history:
/T0-F3-1 /T6-T5-1 /T6-F3-1 /T6-F0-1 /T5-T3-2 /T4-T5-1 /T3-T2-3 /T3-T2-1 /T1-T3-1 /T5-T1-2 
/T3-T0-2 /D:2     /W-T1-1  /T6-T1-1 /D:2     /W-T1-1  /T4-T1-1 /T1-T4-7 /D:1     /W-T4-1  
/D:3     /W-T5-1  /T2-T5-5 /D:2     /W-F2-1  /T6-F2-1 /T6-T1-1 /T6-F0-1 /D:2     /W-T6-1  
/D:1     /W-T3-1  /D:1     /W-F1-1  /T4-F1-1 /T3-F1-1 /T4-F2-1 /T3-F2-1 /T4-F1-1 /T2-T4-1 
/D:1     /W-T1-1  /D:2     /W-T3-1  /D:2     /W-F2-1  /D:3     /W-F0-1  /T5-F0-1 /T5-F1-1 
/D:1     /W-T0-1  /T4-T0-7 /T5-T4-5 /T4-T1-6 /T4-F3-1 /T0-F3-1 /T0-F0-1 /T0-F1-1 /T5-T0-1 
/T5-T3-1 /T1-F0-1 /T5-T3-1 /D:1     /W-T2-1  /R       /D:1     /W-T3-1  /D:1     /W-T6-1  
/D:1     /W-F1-1  /D:1     /W-T6-1  /T2-T6-2 /D:1     /W-F3-1  /T0-F3-1 /T0-F0-1 /T1-F3-1 
/T1-F0-1 /T0-F3-1 /T6-F3-1 /T0-T3-1 /T0-F3-1 /D:1     /W-F2-1  /D:1     /W-T1-1  /D:1     
/W-F2-1  /T1-F2-1 /T3-F2-1 /T1-T6-1 /T1-F2-1 /T0-F2-1 /T1-F3-1 /T0-F3-1 /T6-T1-3 /T6-F2-1 
/T6-F3-1 /T3-T0-3 /T3-F2-1 /D:1     /W-F1-1  /T1-F1-1 /T0-F1-1 /D:1     /W-F0-1  /T1-F0-1 
/T0-F0-1 /T1-F1-1 /T0-F1-1 /T1-F0-1 /T0-F0-1 /T1-F1-1 
"
1011239,r#sA#bcT#jYCW#okfqv#QxUHeM#PKNalJp#BDdFmhERGIyOSXiztgZuLnVw,127.000000,1326.000000,38.000000,0.714286,1,"
minimal: 0 / states: 121 / duration: 0.000139s
history:
/T1-F0-1 /T4-T3-1 /T1-T2-1 /T5-T1-1 /T5-T2-1 /T4-T2-1 /T2-T5-4 /T2-T5-1 /T0-T4-1 /T2-T6-1 
/D:1     /W-F0-1  /D:2     /W-T4-1  /T6-T4-2 /D:2     /W-T0-1  /D:1     /W-T3-1  /D:3     
/W-T3-1  /T4-T3-5 /T6-T4-1 /T6-T1-1 /T6-F1-1 /T3-F1-1 /T6-F3-1 /T3-T6-8 /T3-F0-1 /T6-T1-9 
/T5-F1-1 /T6-T5-1 /D:2     /W-T0-1  /T4-T0-2 /T4-T5-1 /D:1     /W-F3-1  /D:3     /W-T0-1  
/T5-T0-7 /D:1     /W-T2-1  /T3-T2-1 /D:1     /W-T5-1  /D:2     /W-T4-1  /D:2     /W-T4-1  
/D:1     /W-F2-1  /T0-F2-1 /T0-F3-1 /T1-F2-1 /T0-F2-1 /T1-F1-1 /T0-F1-1 /T1-F2-1 /T0-F2-1 
/T1-F1-1 /T5-F2-1 /W-F2-1  /W-F1-1  /T1-T5-1 /T1-F1-1 /T5-T1-2 /T5-T2-1 /T5-F3-1 /W-T4-1  
/W-T1-1  /W-T3-1  /W-F3-1  /T1-F3-1 /T0-F3-1 /T1-T3-2 /T1-F2-1 /T3-T2-4 /D:2     /W-F2-1  
/R       /D:1     /W-F0-1  /D:2     /W-F0-1  /W-F0-1  /T2-F0-1 /T0-F0-1 /T0-F1-1 /T2-F3-1 
/T2-F0-1 /T2-F1-1 /T0-F0-1 /T0-F1-1 /T2-F2-1 /T0-F2-1 /T1-T2-2 /T1-F1-1 /T0-F1-1 /T2-T1-3 
/T2-F2-1 /D:1     /W-F3-1  /T1-F3-1 /T1-F0-1 /T4-F3-1 /T1-F3-1 /T4-F0-1 /T1-F0-1 /T4-F3-1 
"
1011255,J#Wv#fTj#McwG#Ilmzi#DpeQbh#SZkKCua#EodXqHxYOANyFVntPrLsgUBR,82.000000,1540.000000,33.000000,0.701613,1,"
minimal: 0 / states: 130 / duration: 0.000179s
history:
/T6-F1-1 /T5-T1-1 /T5-F1-1 /T6-T4-1 /T4-T0-2 /T6-T5-1 /T3-T1-1 /T2-T6-1 /T1-T6-3 /T2-T0-1 
/T2-T6-1 /T4-T2-1 /D:1     /W-T6-1  /T5-T6-2 /D:4     /W-T5-1  /D:3     /W-T2-1  /T6-T2-9 
/T3-T6-1 /T3-F1-1 /D:1     /W-T2-1  /D:1     /W-F0-1  /D:1     /W-F3-1  /T2-F3-1 /D:1     
/W-T4-1  /T6-T4-2 /D:1     /W-T0-1  /T5-T0-2 /D:1     /W-T4-1  /D:1     /W-F2-1  /D:2     
/W-F3-1  /D:2     /W-T6-1  /D:4     /W-F0-1  /T2-F0-1 /T5-T2-1 /T5-F0-1 /T4-T5-5 /T4-T3-1 
/T4-T1-1 /T6-T4-2 /W-T1-1  /D:1     /R       /D:1     /W-F2-1  /T2-F2-1 /T0-F2-1 /T2-F3-1 
/T2-F0-1 /D:1     /W-F1-1  /T0-F1-1 /T0-F0-1 /T2-F1-1 /T2-F0-1 /D:1     /W-T4-1  /T0-T4-4 
/D:1     /W-F0-1  /D:1     /W-T3-1  /T1-T3-3 /D:1     /W-T2-1  /T6-T2-1 /D:1     /W-F2-1  
/D:1     /W-F2-1  /D:1     /W-F1-1  /T2-T3-2 /T2-F1-1 /T3-T2-3 /T3-F0-1 /T4-T5-2 /T4-F1-1 
/T4-F0-1 /T2-T3-4 /T2-F1-1 /T2-F0-1 /T5-T4-4 /T5-F1-1 /T3-T2-6 /T3-F1-1 /T4-T5-5 /T4-F0-1 
/T3-F0-1 /T5-T4-6 /T5-F1-1 /D:1     /W-F3-1  /T2-F3-1 /T2-F2-1 /T4-F3-1 /T2-F3-1 /T4-F2-1 
/T2-F2-1 /T4-F3-1 /T2-F3-1 /T4-F2-1 /T2-F2-1 /T4-F3-1 /T2-F3-1 /T4-F2-1 /T2-F2-1 /T4-F3-1 
"
1011263,o#lR#umI#HxVr#jYTZz#MeBEXD#GgUQnAP#yKfaitSOdpscFNWhLqCbkJwv,89.000000,646.000000,42.000000,0.636986,1,"
minimal: 0 / states: 127 / duration: 0.000145s
history:
/T6-T5-1 /T6-F0-1 /T6-F2-1 /T0-F2-1 /T5-T1-2 /T4-T0-1 /T6-T3-1 /T6-T2-1 /D:1     /W-T4-1  
/T5-T4-1 /D:3     /W-F1-1  /D:2     /W-T2-1  /D:1     /W-T2-1  /T3-T2-2 /D:2     /W-T5-1  
/D:1     /W-F2-1  /D:1     /W-T6-1  /T1-T6-3 /T1-T0-1 /T4-T1-3 /D:2     /W-T4-1  /D:1     
/W-F3-1  /D:4     /W-F2-1  /D:1     /W-T2-1  /D:1     /W-F1-1  /D:2     /W-T1-1  /T3-T1-1 
/T3-T0-1 /T4-T3-2 /T3-T1-3 /D:2     /R       /D:1     /W-T4-1  /D:3     /W-F3-1  /T6-F3-1 
/T2-T5-1 /T2-F3-1 /T2-F2-1 /T5-T2-3 /T5-F0-1 /T2-F0-1 /T5-T1-1 /T4-T5-2 /T2-T4-6 /T2-T3-1 
/T6-T2-4 /T2-F0-1 /T2-F3-1 /T2-F2-1 /T4-T6-3 /T4-F2-1 /T4-T0-3 /T6-T0-4 /D:1     /W-F1-1  
/T0-F1-1 /T0-F0-1 /T0-F3-1 /T1-F1-1 /T1-F0-1 /T1-F3-1 /T0-F0-1 /T0-F3-1 /T1-F0-1 /T0-F0-1 
/T1-F3-1 /T1-F0-1 /T5-F0-1 /D:1     /W-F3-1  /T1-F3-1 /T5-F3-1 /T1-T3-1 /T1-F3-1 /D:2     
/W-F0-1  /T5-F0-1 /D:1     /W-T3-1  /D:1     /W-T3-1  /D:1     /W-T0-1  /W-T0-1  /W-T3-1  
/W-F1-1  /T2-F1-1 /T0-F1-1 /T2-F2-1 /T0-F2-1 /T3-F1-1 /T0-F1-1 /T3-F2-1 /T0-F2-1 /T3-F1-1 
/T0-F1-1 /T3-F2-1 /T0-F2-1 /T3-F1-1 
"
1011290,N#AW#baD#jSnh#lkBzx#VHQpew#OqTCigY#uMcIRUFdtKZsvXoyLrmJGPEf,111.500000,1187.000000,38.000000,0.707692,1,"
minimal: 0 / states: 117 / duration: 0.000127s
history:
/T0-F3-1 /T4-T6-1 /T6-T4-2 /T4-T0-3 /T1-T0-1 /T1-F0-1 /T4-F0-1 /T5-T4-1 /T2-T5-1 /T2-F1-1 
/T2-F1-1 /D:2     /W-T1-1  /D:1     /W-F1-1  /D:1     /W-T0-1  /T3-T0-1 /T3-F2-1 /D:3     
/W-T6-1  /T5-T6-2 /D:1     /W-F1-1  /D:1     /W-T0-1  /T3-T0-1 /D:2     /W-T2-1  /D:2     
/W-T3-1  /D:2     /W-F2-1  /T5-F2-1 /D:1     /W-T2-1  /T4-T2-2 /T4-T1-1 /D:2     /W-T0-1  
/T5-T0-1 /T6-T5-4 /T6-T2-1 /T6-F0-1 /T5-T2-5 /T2-F0-1 /T2-F1-1 /D:1     /W-T4-1  /W-T4-1  
/W-T4-1  /W-T6-1  /W-T1-1  /W-T3-1  /W-T2-1  /W-T5-1  /T6-T5-2 /T6-F2-1 /T6-F3-1 /T3-T1-3 
/D:1     /W-T4-1  /T5-T4-4 /D:1     /W-T1-1  /D:1     /W-F3-1  /T0-F3-1 /T0-F2-1 /T2-F3-1 
/T4-F2-1 /T0-F3-1 /T0-F2-1 /T4-F3-1 /T4-F2-1 /T1-T0-1 /T1-F3-1 /T1-F2-1 /T4-F3-1 /T0-T1-3 
/T0-F3-1 /T2-T4-4 /T2-F2-1 /T0-F2-1 /T4-T2-5 /T4-F3-1 /T0-F3-1 /T2-T4-6 /T2-F2-1 /T0-F2-1 
/T2-F3-1 /D:1     /W-F0-1  /T4-F0-1 /T1-F0-1 /D:1     /W-F1-1  /T4-F1-1 /T1-F1-1 /T4-F0-1 
/T1-F0-1 /T4-F1-1 /T1-F1-1 /T4-F0-1 /T1-F0-1 /T4-F1-1 /T1-F1-1 /T4-F0-1 /T1-F0-1 /T4-F1-1 
"
1011319,Y#lW#xwC#UyIT#tZsNz#ipGQLA#jVvePfO#EraDkMJbBnmhSHFcoqKRgXdu,122.000000,1041.000000,30.000000,0.726562,1,"
minimal: 0 / states: 112 / duration: 0.000155s
history:
/T5-F0-1 /T6-T2-1 /T0-T4-1 /T4-T0-2 /T4-F3-1 /T2-F3-1 /T4-T3-1 /T5-T4-1 /T2-T5-1 /D:1     
/W-T6-1  /T5-T6-2 /T6-T5-4 /T6-F3-1 /T6-T3-1 /T6-T1-1 /T6-T2-1 /D:2     /W-F1-1  /D:1     
/W-T3-1  /D:1     /W-T4-1  /T2-T4-2 /T1-T2-2 /T2-T0-3 /T4-T2-5 /D:3     /W-F1-1  /D:1     
/W-F0-1  /T5-F0-1 /T3-F0-1 /T5-F3-1 /T5-F0-1 /D:1     /W-F2-1  /D:2     /W-T0-1  /T5-T0-2 
/D:1     /W-T4-1  /D:1     /W-T2-1  /T3-T2-3 /T3-T6-1 /D:1     /W-F0-1  /D:1     /W-F1-1  
/D:1     /W-F2-1  /T5-F2-1 /D:1     /W-F2-1  /D:1     /W-T1-1  /T6-T1-2 /W-T6-1  /T3-T6-1 
/T3-T1-1 /T4-T1-2 /D:1     /W-F3-1  /T1-F3-1 /T0-T1-1 /T0-F0-1 /D:2     /W-T6-1  /D:1     
/W-F1-1  /T2-F1-1 /T1-F1-1 /W-F1-1  /T0-F1-1 /T5-F1-1 /W-T6-1  /W-T3-1  /W-F2-1  /T2-F2-1 
/T1-F2-1 /T2-F3-1 /T1-F3-1 /T2-F0-1 /T1-F0-1 /T1-F1-1 /T2-F3-1 /T6-F0-1 /T1-F0-1 /T2-T6-1 
/T2-F1-1 /T1-F1-1 /T2-F0-1 /T3-F0-1 /T6-T2-3 /T6-F1-1 /D:1     /W-F2-1  /T0-F2-1 /T0-F3-1 
/T2-F2-1 /T0-F2-1 /T2-F3-1 /T0-F3-1 /T2-F2-1 /T0-F2-1 /T2-F3-1 
"
1011322,o#Wp#gGf#UVDF#lrzmR#wtIeqT#YCnOvEc#XPudMJxjhQSNAbKHiyLaZsBk,145.000000,2702.000000,41.000000,0.623377,1,"
minimal: 0 / states: 113 / duration: 0.000125s
history:
/T4-T3-1 /T3-T5-2 /T6-T3-1 /T6-T2-1 /T3-T5-2 /T0-T5-1 /T4-T0-1 /D:3     /W-T3-1  /T5-T3-6 
/W-T5-1  /D:1     /W-T2-1  /T1-T2-1 /T6-T1-1 /T6-T2-1 /T6-F2-1 /T3-F2-1 /T2-T6-1 /T2-F2-1 
/T6-T2-2 /T6-T4-1 /T4-T6-2 /D:3     /W-T6-1  /T1-T6-2 /D:2     /W-T6-1  /D:1     /W-T4-1  
/D:2     /W-F3-1  /T2-F3-1 /T5-F3-1 /T5-F2-1 /T4-F3-1 /T4-F2-1 /T3-T5-2 /T3-F3-1 /T5-T3-3 
/W-F3-1  /D:1     /W-F0-1  /D:1     /W-T2-1  /D:1     /W-T4-1  /W-T4-1  /T5-T4-1 /T2-T5-5 
/T2-T6-1 /T3-T2-4 /T3-F3-1 /T2-T3-5 /D:3     /W-T0-1  /D:2     /W-F1-1  /T5-F1-1 /T3-F1-1 
/D:1     /W-T1-1  /W-T1-1  /D:1     /W-F2-1  /T5-T6-4 /T5-F2-1 /T3-T5-6 /T3-F3-1 /D:1     
/W-F0-1  /T6-F0-1 /T5-F0-1 /T6-F1-1 /T5-F1-1 /T6-F0-1 /T5-F0-1 /T6-F1-1 /T5-F1-1 /T5-F2-1 
/T6-F0-1 /T6-F1-1 /T6-F2-1 /T5-F3-1 /T5-F2-1 /T6-F3-1 /T6-F2-1 /T0-F2-1 /W-F1-1  /W-F0-1  
/T4-F0-1 /T4-F1-1 /W-F0-1  /T4-F0-1 /T1-F0-1 /W-F0-1  /W-F3-1  /T6-F3-1 /T1-F3-1 /T6-F2-1 
/D:1     /W-F1-1  /T4-F1-1 /T0-F1-1 
"
1011324,i#Go#ZHC#tLRh#dXpQJ#SgcAuY#UWnFEzN#qPTOBDVwmlbvKxIsykrjMfea,130.500000,3486.000000,43.000000,0.654762,1,"
minimal: 0 / states: 117 / duration: 0.000135s
history:
/T6-F3-1 /T5-T6-1 /T5-T0-1 /T5-F0-1 /T1-T5-1 /T0-T4-2 /T6-T0-2 /T1-T3-1 /D:3     /W-T4-1  
/D:1     /W-F3-1  /W-F3-1  /D:1     /W-F0-1  /T2-F0-1 /D:1     /W-F0-1  /T6-F0-1 /T6-F0-1 
/T6-F2-1 /T5-F2-1 /T3-F0-1 /T2-F0-1 /D:3     /W-T1-1  /D:3     /W-T6-1  /T3-T6-1 /D:1     
/W-T0-1  /T6-T0-3 /D:2     /W-F0-1  /D:1     /W-T4-1  /T3-T4-1 /T3-T1-1 /T3-T0-1 /D:1     
/W-T2-1  /D:1     /W-T1-1  /T4-T1-6 /T4-F3-1 /T4-F2-1 /T4-T2-1 /T1-F3-1 /D:3     /W-T3-1  
/D:1     /W-T0-1  /D:1     /W-T1-1  /D:1     /W-F1-1  /R       /D:1     /W-T1-1  /T5-T1-1 
/D:2     /W-T2-1  /T1-T2-7 /T1-F0-1 /D:1     /W-T3-1  /D:1     /W-F1-1  /T2-F1-1 /T2-F2-1 
/T4-F1-1 /T2-F1-1 /T0-F1-1 /T5-F1-1 /T5-F3-1 /T0-T6-1 /T0-F1-1 /T6-T0-2 /D:1     /W-T3-1  
/T0-T3-4 /T0-F0-1 /D:1     /W-F2-1  /T2-F2-1 /T2-F3-1 /T3-F2-1 /T2-F2-1 /T2-F1-1 /T3-F3-1 
/T3-F2-1 /W-F3-1  /T2-F2-1 /T3-F3-1 /T2-F3-1 /T0-F3-1 /T3-F2-1 /T2-F2-1 /T0-F2-1 /T2-F3-1 
/D:1     /W-F1-1  /T1-F1-1 /T1-F0-1 /T3-F1-1 /T1-F1-1 /T3-F0-1 
"
1011380,u#YD#scv#dbIw#AkrEe#VXUPiz#pjONnGT#qHfWMKFBCSyogZltxLRaJQmh,100.000000,1012.000000,50.000000,0.597403,1,"
minimal: 0 / states: 127 / duration: 0.000136s
history:
/T6-T0-1  /T1-T4-1  /T1-T5-1  /T5-T1-2  /T5-T3-1  /T5-T4-1  /T6-T5-1  /T6-F2-1  /T6-F3-1  /T6-F3-1  
/T2-T6-1  /T5-T6-2  /T3-T5-2  /T4-F3-1  /T2-T4-1  /T4-T2-3  /T0-T5-2  /T2-T5-4  /D:3      /W-T6-1   
/T4-T6-1  /D:2      /W-T0-1   /D:1      /W-T1-1   /T6-T1-6  /D:2      /W-T5-1   /D:4      /W-F2-1   
/T6-F2-1  /D:2      /W-T2-1   /D:1      /W-T0-1   /D:2      /W-T0-1   /D:1      /W-T2-1   /T5-T2-10 
/D:2      /W-F1-1   /D:2      /W-F3-1   /D:1      /W-T6-1   /D:1      /W-T3-1   /R        /D:1      
/W-F2-1   /T4-F2-1  /D:1      /W-T5-1   /D:1      /W-T0-1   /T3-T0-2  /T3-F1-1  /T3-T1-1  /D:2      
/W-T1-1   /D:2      /W-T6-1   /T4-T6-1  /T4-F0-1  /T2-F0-1  /T1-F0-1  /T2-F1-1  /T1-F1-1  /T2-F0-1  
/T1-F0-1  /T2-F1-1  /T1-F1-1  /T2-F2-1  /W-T1-1   /W-F0-1   /D:1      /W-F1-1   /T0-F1-1  /D:1      
/W-F2-1   /T2-T5-1  /T2-F2-1  /T2-F1-1  /T1-T0-3  /T1-F2-1  /T1-F1-1  /T2-F2-1  /T6-F1-1  /T0-T1-5  
/T0-F2-1  /T0-F1-1  /T6-F2-1  /T6-F1-1  /T1-T0-7  /T1-F2-1  /D:1      /W-F3-1   /T0-F3-1  /T0-F0-1  
/T5-F3-1  /T0-F3-1  /T5-F0-1  /T0-F0-1  /T5-F3-1  /T0-F3-1  /T2-F3-1  /D:1      /W-F0-1   /T0-F0-1  
/T0-F3-1  /T2-F0-1  /T0-F0-1  /T2-F3-1  
"
1011394,L#GE#IJq#Dvwj#aopnl#syWUMA#geFSxZN#HPrumYVCKictzXdhbkRfTQBO,141.500000,1864.000000,56.000000,0.557895,1,"
minimal: 0 / states: 128 / duration: 0.000139s
history:
/T5-F0-1 /T6-F3-1 /T4-T5-1 /T4-F2-1 /T0-T6-1 /T6-T0-2 /T6-T5-1 /T3-T5-1 /T1-T6-1 /T6-T1-2 
/D:2     /W-T2-1  /D:5     /W-T3-1  /D:7     /W-T0-1  /T3-T0-2 /T3-T5-1 /D:1     /W-T1-1  
/T4-T1-1 /T4-F2-1 /T4-F1-1 /T5-T4-5 /T5-T4-1 /T1-F2-1 /T2-T3-1 /T2-F2-1 /T1-T4-4 /W-T1-1  
/D:2     /W-F1-1  /D:2     /W-T6-1  /T3-T6-2 /D:4     /W-F0-1  /D:1     /W-F3-1  /T6-F3-1 
/W-F3-1  /R       /D:1     /W-T0-1  /D:1     /W-F2-1  /D:2     /W-T3-1  /D:1     /W-T1-1  
/D:1     /W-F0-1  /T6-F0-1 /T6-F3-1 /D:1     /W-T1-1  /T5-T1-1 /T5-T3-1 /T5-F2-1 /D:1     
/W-T2-1  /W-T2-1  /D:1     /W-F1-1  /T4-F1-1 /T4-F0-1 /T4-F3-1 /T6-F0-1 /T6-F1-1 /T4-F0-1 
/T0-F0-1 /T6-T2-1 /D:1     /W-F2-1  /D:2     /W-T3-1  /T2-T3-4 /T2-F0-1 /D:1     /W-F1-1  
/T3-F1-1 /W-F1-1  /T3-F2-1 /T3-F1-1 /T3-F0-1 /T4-T1-2 /T4-F1-1 /T3-F1-1 /T1-T4-3 /T1-F0-1 
/T0-T3-3 /T0-F0-1 /T4-T1-4 /T4-F1-1 /T4-F0-1 /T3-T0-4 /T3-F1-1 /D:1     /W-F3-1  /T1-F3-1 
/T0-F3-1 /T1-F2-1 /T0-F2-1 /T1-F3-1 /T0-F3-1 /T1-F2-1 /T0-F2-1 /T1-F3-1 /T0-F3-1 /T1-F2-1 
"
1011401,S#Io#bEX#ZNjW#dwvlx#rczpLJ#BktmYAi#KGHfyaRTQDUOMPuhCesFngVq,111.000000,854.000000,46.000000,0.590909,1,"
minimal: 0 / states: 125 / duration: 0.000129s
history:
/T6-T5-1 /T6-F0-1 /T5-T2-2 /T4-T6-1 /T3-T6-1 /T2-T5-3 /T2-T0-1 /D:1     /W-T4-1  /T3-T4-1 
/T3-F3-1 /T5-T3-4 /T2-T5-1 /D:2     /W-T3-1  /D:3     /W-F1-1  /T5-F1-1 /D:2     /W-T3-1  
/D:1     /W-T0-1  /T5-T0-1 /T6-T5-3 /T6-T2-1 /T0-T6-4 /T5-T0-4 /T5-F1-1 /D:3     /W-F3-1  
/D:2     /W-F3-1  /D:5     /W-T3-1  /W-T3-1  /D:2     /W-F2-1  /T1-F2-1 /T6-F2-1 /T6-F3-1 
/T1-T0-1 /D:3     /W-F2-1  /T5-F2-1 /R       /D:3     /W-T2-1  /D:1     /W-F3-1  /D:1     
/W-T3-1  /D:1     /W-T0-1  /T6-T0-3 /T6-T2-1 /T6-F0-1 /D:1     /W-T1-1  /T4-T1-3 /T4-T1-1 
/T4-T2-1 /T4-F1-1 /D:2     /W-T1-1  /D:1     /W-F0-1  /T3-F0-1 /T0-F0-1 /T0-F3-1 /T3-F1-1 
/T3-F2-1 /T0-F2-1 /T3-F3-1 /T0-F3-1 /W-F2-1  /W-F1-1  /T1-T0-1 /T1-F2-1 /T2-F2-1 /W-T0-1  
/D:1     /W-F0-1  /T0-F0-1 /T3-F0-1 /D:1     /W-F1-1  /T0-F1-1 /T0-F0-1 /T3-F1-1 /T1-F1-1 
/T2-F1-1 /T3-F0-1 /T1-F0-1 /T1-F1-1 /T3-T2-1 /T3-F0-1 /T1-F0-1 /T2-T3-2 /T2-F1-1 /D:1     
/W-F3-1  /T0-F3-1 /T0-F2-1 /T3-F3-1 /T0-F3-1 /T3-F2-1 /T0-F2-1 /T3-F3-1 
"
1011434,P#fX#bpk#vgKl#MAieZ#HFsNqL#cjOCayJ#dDzRTWImnGEhVxQwtoUSuBrY,171.000000,4095.000000,52.000000,0.569892,1,"
minimal: 0 / states: 122 / duration: 0.000127s
history:
/T6-T1-1 /T5-T4-1 /T2-T4-1 /T1-T6-2 /T0-T5-1 /T4-T0-3 /T5-T4-2 /T5-F3-1 /T4-T5-3 /T4-T6-1 
/T4-F0-1 /T3-T4-1 /T3-T4-1 /T5-T3-4 /D:4     /W-T5-1  /D:2     /W-T4-1  /D:1     /W-T4-1  
/D:2     /W-F2-1  /D:2     /W-T1-1  /D:1     /W-T4-1  /W-T4-1  /T1-T4-2 /W-T1-1  /T6-T1-4 
/T6-F1-1 /D:3     /W-T4-1  /T6-T4-1 /T6-F3-1 /T3-F3-1 /D:1     /W-T0-1  /D:2     /W-F2-1  
/T2-F2-1 /T2-F1-1 /T3-F2-1 /D:3     /W-T1-1  /T3-T1-3 /T3-T6-1 /D:1     /W-F0-1  /T4-F0-1 
/T4-F3-1 /T5-F3-1 /W-F3-1  /W-T6-1  /W-T6-1  /D:1     /W-F2-1  /T1-T5-1 /T1-F2-1 /T5-T1-2 
/T6-F2-1 /T1-T5-3 /T1-F2-1 /T5-T1-4 /D:1     /R       /D:1     /W-T4-1  /D:1     /W-F0-1  
/D:1     /W-T2-1  /D:1     /W-F3-1  /T6-F3-1 /T6-F2-1 /T0-F2-1 /D:1     /W-F3-1  /T4-T6-6 
/T4-F3-1 /T6-T4-7 /T6-F1-1 /T4-F1-1 /T1-F1-1 /T4-F0-1 /T1-F0-1 /T4-F1-1 /T1-F1-1 /T4-F0-1 
/T1-F0-1 /T4-F1-1 /T1-F1-1 /T4-F0-1 /T1-F0-1 /T1-F3-1 /T4-F1-1 /T0-F1-1 /T4-F0-1 /T0-F0-1 
/T4-F1-1 /T4-F0-1 /T1-T0-1 /T1-F1-1 /D:1     /W-F2-1  /T0-F2-1 /T2-F2-1 /D:1     /W-F3-1  
/T0-F3-1 
"
1011440,b#xt#MYg#oKwX#FPqvp#dEUQBZ#rJWasOh#DmCenlLNkyGTIRcSVzifHAuj,146.000000,2031.000000,57.000000,0.546875,1,"
minimal: 0 / states: 131 / duration: 0.000141s
history:
/T1-T6-1 /T0-T4-1 /T5-T0-1 /D:5     /W-F2-1  /D:2     /W-T0-1  /T3-T0-1 /T3-T0-1 /D:1     
/W-F3-1  /D:8     /W-T6-1  /D:1     /W-T0-1  /D:4     /W-T0-1  /T2-T0-1 /T3-T2-1 /T3-F2-1 
/D:1     /W-F0-1  /T5-F0-1 /T4-T5-2 /T6-T4-3 /T6-F3-1 /T6-T0-1 /T6-F1-1 /T5-F1-1 /T5-F2-1 
/T4-T6-4 /T4-F2-1 /T4-F3-1 /T5-F3-1 /T6-T1-5 /D:2     /W-T2-1  /R       /D:2     /W-T3-1  
/D:1     /W-F0-1  /W-F0-1  /D:1     /W-T0-1  /D:3     /W-T3-1  /W-T3-1  /T6-T3-1 /T6-F2-1 
/T0-T4-1 /T0-F2-1 /T4-T0-2 /D:1     /W-T5-1  /T1-T5-1 /T1-F2-1 /D:2     /W-T2-1  /T5-T2-3 
/T5-F0-1 /D:1     /W-F3-1  /T2-F3-1 /W-F3-1  /T2-T1-1 /T2-F3-1 /D:1     /W-F1-1  /T5-F1-1 
/T0-F1-1 /T0-F0-1 /T1-F0-1 /D:1     /W-T4-1  /T2-T4-4 /W-T2-1  /T1-T2-4 /D:1     /W-T3-1  
/T0-T3-2 /T0-F3-1 /D:1     /W-F1-1  /T3-F1-1 /T2-F1-1 /T3-F0-1 /T4-F0-1 /T3-F1-1 /T3-F0-1 
/T4-F1-1 /T3-F1-1 /T4-F0-1 /T0-T3-2 /T0-F0-1 /T2-T4-3 /T2-F1-1 /T2-F0-1 /T3-T0-3 /T3-F1-1 
/D:1     /W-F2-1  /T4-F2-1 /T0-F2-1 /T4-F3-1 /T0-F3-1 /T4-F2-1 /T0-F2-1 /T4-F3-1 /T0-F3-1 
/T4-F2-1 
"
1011465,u#Wk#Ndn#FeJL#rpRyM#tgSfCV#DjOXAlb#KGIvhPBYTaZosqmUQxHzcEwi,113.000000,2776.000000,47.000000,0.610390,1,"
minimal: 0 / states: 123 / duration: 0.000134s
history:
/T2-F2-1 /T1-T3-1 /T0-T5-1 /T4-T0-1 /D:3     /W-T1-1  /D:2     /W-T1-1  /D:3     /W-T0-1  
/D:1     /W-T5-1  /D:1     /W-F1-1  /T6-F1-1 /D:2     /W-F2-1  /D:1     /W-T5-1  /D:5     
/W-T0-1  /T1-T0-3 /D:2     /W-T1-1  /T6-T1-1 /T6-F0-1 /T6-T4-1 /D:1     /W-F1-1  /T2-F1-1 
/T2-F3-1 /T6-F3-1 /D:2     /W-T3-1  /T5-T3-4 /D:1     /R       /D:1     /W-T1-1  /T6-T1-1 
/D:1     /W-T0-1  /D:1     /W-T1-1  /D:1     /W-F3-1  /D:1     /W-F0-1  /T5-F0-1 /T6-F0-1 
/T5-T0-1 /D:1     /W-T2-1  /T3-T2-7 /T3-T4-1 /T3-F1-1 /T0-F1-1 /T5-T0-1 /T5-F1-1 /D:2     
/W-T6-1  /T4-T6-3 /T4-T2-1 /T4-F2-1 /W-F2-1  /T4-F2-1 /T2-T3-1 /T2-F2-1 /T5-F2-1 /T3-T2-2 
/D:1     /W-T1-1  /T0-T1-2 /T0-F1-1 /D:1     /W-F3-1  /T2-F3-1 /T1-F3-1 /D:2     /W-F0-1  
/T2-F0-1 /T1-F0-1 /T2-F3-1 /T1-F3-1 /T2-F2-1 /T1-F2-1 /W-F0-1  /T0-F0-1 /T2-F3-1 /T0-F3-1 
/T2-F2-1 /T0-F2-1 /T6-F0-1 /T6-F3-1 /T0-F3-1 /T6-F2-1 /T1-T0-3 /T1-F2-1 /T2-T6-2 /T2-F3-1 
/D:1     /W-F1-1  /T0-F1-1 /T0-F0-1 /T6-F1-1 /T0-F1-1 /T6-F0-1 /T0-F0-1 /T6-F1-1 
"
1011470,a#Yn#GCl#evub#diAxg#EFjwDt#zMKkPBL#OyZpTXVQmqNHhWISsorfcRUJ,119.500000,1531.000000,51.000000,0.598837,1,"
minimal: 0 / states: 129 / duration: 0.000135s
history:
/T0-F1-1 /T1-F2-1 /T3-F1-1 /T4-T3-1 /T4-T1-1 /T4-F0-1 /T3-T4-2 /D:3     /W-T0-1  /T6-T0-1 
/T6-F0-1 /D:3     /W-T0-1  /D:5     /W-F3-1  /D:2     /W-T3-1  /T5-T3-1 /T6-T5-1 /D:1     
/W-T1-1  /T3-T1-3 /T5-T3-2 /T5-T0-1 /T4-T0-3 /D:1     /W-T5-1  /D:1     /W-T1-1  /D:1     
/W-T0-1  /T3-T0-3 /D:1     /W-F2-1  /D:1     /W-T1-1  /T4-T1-1 /D:2     /W-F1-1  /T1-F1-1 
/D:2     /W-T5-1  /D:1     /W-T6-1  /R       /D:1     /W-F3-1  /T0-F3-1 /D:2     /W-F2-1  
/D:2     /W-T6-1  /D:1     /W-F3-1  /D:1     /W-T3-1  /D:1     /W-F2-1  /T1-F2-1 /D:1     
/W-T6-1  /W-T6-1  /W-T3-1  /T6-T3-5 /T5-T6-3 /T6-T2-4 /T2-T6-5 /T2-F0-1 /T0-F0-1 /T0-F1-1 
/T5-T3-1 /T5-F0-1 /T6-T4-6 /T0-F2-1 /T3-F0-1 /T2-F0-1 /T1-T6-7 /D:1     /W-F1-1  /T0-F1-1 
/T3-T0-1 /T3-F0-1 /T6-T4-2 /T6-F1-1 /T0-T3-2 /T0-F1-1 /T4-T6-3 /T4-F0-1 /T4-F1-1 /T3-T0-3 
/T3-F0-1 /T3-F1-1 /T4-F0-1 /T4-F1-1 /T0-T3-5 /T0-F0-1 /T4-F0-1 /T3-T0-6 /T3-F1-1 /D:1     
/W-F3-1  /T6-F3-1 /T0-F3-1 /T6-F2-1 /T0-F2-1 /T6-F3-1 /T0-F3-1 /T6-F2-1 /T0-F2-1 /T6-F3-1 
/T0-F3-1 /T6-F2-1 /T0-F2-1 /T6-F3-1 /T0-F3-1 /T6-F2-1 
"
1011471,X#rH#Ukf#cGNv#OKPsx#BVqRol#mEWzpjM#IhLbnwtdDuJYySTCeQgZaFAi,120.000000,1287.000000,42.000000,0.644737,1,"
minimal: 0 / states: 133 / duration: 0.000135s
history:
/T5-T6-1 /T4-T6-1 /D:2     /W-T3-1  /D:3     /W-F2-1  /T5-F2-1 /T5-T4-1 /T5-T4-1 /T1-T5-1 
/T1-T2-1 /T6-T1-3 /T6-T1-1 /T6-F2-1 /T3-T1-2 /T3-F3-1 /T2-T3-2 /T3-T1-3 /T3-T4-1 /T6-T3-1 
/D:1     /W-T0-1  /T5-T0-2 /T5-T4-1 /D:2     /W-T1-1  /D:3     /W-T2-1  /D:1     /W-T3-1  
/D:3     /W-T0-1  /T4-T0-5 /D:1     /W-T1-1  /D:4     /W-T5-1  /D:1     /W-F1-1  /D:2     
/W-F0-1  /T0-F0-1 /T1-F0-1 /D:1     /W-T2-1  /R       /D:1     /W-T6-1  /D:1     /W-T5-1  
/T2-T5-3 /T2-T6-1 /D:1     /W-F1-1  /T0-F1-1 /T1-F1-1 /T4-T0-1 /T6-T4-3 /T4-T3-4 /T4-F3-1 
/T0-F3-1 /T0-F2-1 /T1-F2-1 /T6-T1-1 /D:1     /W-T3-1  /D:1     /W-F0-1  /T1-F0-1 /D:1     
/W-T5-1  /D:1     /W-T6-1  /T0-T6-7 /D:1     /W-T3-1  /D:1     /W-F1-1  /T1-F1-1 /D:1     
/W-F3-1  /T6-F3-1 /T3-F3-1 /T6-F2-1 /T3-F2-1 /T5-F2-1 /T6-F3-1 /T3-F3-1 /T1-T3-2 /T1-F2-1 
/T6-T5-1 /T6-F3-1 /T6-F2-1 /T3-T1-3 /T3-F3-1 /T6-F3-1 /T1-T3-4 /T1-F2-1 /T6-F2-1 /T3-T1-5 
/T3-F3-1 /T3-F2-1 /T5-T6-5 /T5-F3-1 /D:1     /W-F1-1  /D:1     /W-F0-1  /T1-F0-1 /T1-F1-1 
/T6-F0-1 /T1-F0-1 /T6-F1-1 /T1-F1-1 /T6-F0-1 /T1-F0-1 /T6-F1-1 /T1-F1-1 /T6-F0-1 /T1-F0-1 
/T6-F1-1 
"
1011489,l#yB#nam#teSL#bZzok#DKMRPq#UHQVpgd#cNAiIJXvrfGsWjTwFxEOuYCh,107.000000,2375.000000,53.000000,0.598837,1,"
minimal: 0 / states: 122 / duration: 0.000129s
history:
/T4-T3-1 /T3-T2-2 /D:1     /W-T5-1  /T4-T5-1 /T0-T4-1 /T2-T0-3 /T2-F1-1 /T2-F2-1 /T5-F2-1 
/T4-T2-2 /T1-T5-1 /T1-T4-1 /T4-T1-2 /T4-F1-1 /D:1     /W-F3-1  /D:1     /W-F0-1  /T5-F0-1 
/T5-F1-1 /T6-F1-1 /D:3     /W-T0-1  /D:1     /W-T1-1  /D:2     /W-T3-1  /D:3     /W-T6-1  
/D:4     /W-T1-1  /D:2     /W-T2-1  /D:2     /W-F3-1  /D:3     /W-F0-1  /D:1     /R       
/D:1     /W-T0-1  /D:5     /W-T2-1  /D:5     /W-T0-1  /T6-T0-2 /T6-F2-1 /T5-F2-1 /T5-F3-1 
/T5-T0-1 /T6-T1-1 /T6-F3-1 /T3-F2-1 /T5-T4-1 /T6-T1-1 /T0-F3-1 /T3-F3-1 /T3-F1-1 /T0-F2-1 
/T3-F2-1 /T0-T1-1 /T0-F2-1 /D:1     /W-T4-1  /T5-T4-1 /T5-F0-1 /W-F0-1  /W-F0-1  /W-F3-1  
/T6-F3-1 /T1-T0-2 /T1-F3-1 /T2-F3-1 /W-T2-1  /W-F0-1  /W-F1-1  /T0-F1-1 /T0-F0-1 /W-F2-1  
/T1-F2-1 /T1-F3-1 /W-F0-1  /T2-T4-1 /T2-F2-1 /T1-F2-1 /T4-T2-2 /T4-F3-1 /T1-F3-1 /T2-T4-3 
/T2-F2-1 /D:1     /W-F1-1  /T0-F1-1 /T0-F0-1 /T4-F1-1 /T0-F1-1 /T4-F0-1 /T0-F0-1 /T4-F1-1 
/T0-F1-1 /T4-F0-1 
"
1011508,w#TA#rmK#guPM#IXObi#HNeosn#JVZEYpU#tFaLDdSkRcfxlBqyzQWjhCvG,157.500000,3655.000000,47.000000,0.581395,1,"
minimal: 0 / states: 116 / duration: 0.000138s
history:
/T1-F0-1 /T5-F2-1 /T4-T0-1 /T5-T1-1 /T5-F2-1 /T5-T1-1 /T5-F3-1 /T1-T5-3 /T3-T1-1 /T5-T0-4 
/D:1     /W-T6-1  /D:2     /W-F1-1  /T4-F1-1 /T4-F3-1 /T3-F3-1 /T0-T4-6 /D:2     /W-T4-1  
/D:2     /W-T6-1  /D:3     /W-F1-1  /D:3     /W-T1-1  /T2-T1-1 /T2-T0-1 /T2-T6-1 /D:1     
/W-F0-1  /D:2     /W-T0-1  /T4-T0-8 /T6-T4-4 /T6-F2-1 /W-F2-1  /T4-F2-1 /W-T6-1  /D:1     
/W-T2-1  /T6-T2-2 /T6-T4-1 /T6-T5-1 /T3-T6-1 /T3-T6-1 /D:1     /W-F3-1  /D:1     /W-T1-1  
/T4-T1-5 /D:1     /W-T2-1  /D:2     /W-F0-1  /T0-F0-1 /T1-F0-1 /D:1     /W-T2-1  /W-T2-1  
/D:1     /W-T2-1  /W-T2-1  /W-F3-1  /T1-F3-1 /T0-T6-2 /T0-F3-1 /R       /D:1     /W-F0-1  
/T2-T1-1 /T2-F0-1 /T0-F0-1 /T1-T2-2 /T1-F3-1 /T6-T0-4 /T6-F3-1 /T1-F0-1 /T1-F3-1 /T6-F0-1 
/T1-F0-1 /D:1     /W-F0-1  /D:1     /W-F1-1  /T0-F1-1 /T0-F2-1 /T2-F1-1 /T0-F1-1 /T2-F2-1 
/T0-F2-1 /T2-F1-1 /T0-F1-1 /T2-F2-1 /T0-F2-1 /T0-F3-1 /T2-F1-1 /T2-F2-1 /T2-F3-1 /T0-F2-1 
/T5-F3-1 /T2-F2-1 /D:1     /W-F1-1  /T1-F1-1 /T0-F1-1 /T1-F0-1 
"
1011533,I#mt#aKv#Fuoe#LZnGf#RdXBOj#rJkpWhq#CwUzcNyxQsMlTSbVHEgDYiAP,149.500000,3486.000000,50.000000,0.604396,1,"
minimal: 0 / states: 121 / duration: 0.000147s
history:
/T6-T3-1 /T6-T0-1 /T4-T1-1 /T4-T0-1 /T4-F2-1 /T2-T5-1 /T5-T2-2 /T0-T6-3 /T4-T0-1 /T4-T0-1 
/D:3     /W-T2-1  /T1-T2-2 /D:1     /W-T4-1  /D:1     /W-T3-1  /D:1     /W-F3-1  /T5-F3-1 
/T5-T3-1 /T5-T0-1 /W-T0-1  /W-T5-1  /D:1     /W-T1-1  /D:5     /W-T4-1  /T2-T4-6 /T2-F1-1 
/W-T2-1  /D:2     /W-T6-1  /D:1     /W-F1-1  /D:1     /W-T0-1  /D:1     /W-T0-1  /W-T0-1  
/W-T0-1  /T3-T0-4 /T3-F2-1 /D:1     /W-T4-1  /T5-T4-2 /D:1     /W-T3-1  /D:1     /W-T5-1  
/D:1     /W-T2-1  /D:2     /W-F0-1  /T0-F0-1 /T0-F1-1 /T4-F0-1 /T4-F1-1 /T5-F0-1 /T4-F0-1 
/T0-T5-1 /T0-F1-1 /T4-F1-1 /T3-F1-1 /T5-T0-2 /D:1     /W-F3-1  /R       /D:1     /W-T2-1  
/T6-T2-5 /T6-F2-1 /T0-F2-1 /T6-T1-1 /T6-T1-1 /T6-F2-1 /D:1     /W-F3-1  /T0-F3-1 /T0-F2-1 
/T2-F3-1 /T4-F2-1 /T3-F2-1 /T3-F0-1 /T0-F3-1 /T2-F0-1 /T0-F0-1 /T2-F1-1 /T4-F3-1 /T0-F3-1 
/T2-F0-1 /T4-F2-1 /T2-F3-1 /T0-F2-1 /T0-F3-1 /T1-F0-1 /T2-F2-1 /T2-F3-1 /T1-T0-1 /T1-F2-1 
/T0-T1-2 /T0-F3-1 /T4-T2-3 /T4-F2-1 /D:1     /W-F1-1  /T2-F1-1 /T1-F1-1 /T2-F0-1 /T1-F0-1 
/T2-F1-1 /T1-F1-1 /T2-F0-1 
"
1011620,e#ou#mqR#KUfH#jyGPT#BNaSsn#YtVwJAg#dhpCciZrXWlxOzbvFMDLIEkQ,94.000000,2354.000000,45.000000,0.685393,1,"
minimal: 0 / states: 120 / duration: 0.000142s
history:
/T5-F2-1 /T6-T1-1 /T6-F0-1 /T4-T3-1 /T5-T1-1 /T2-T1-1 /T4-T2-1 /T5-T4-1 /T5-F1-1 /T5-F3-1 
/T5-F0-1 /T2-T0-2 /D:4     /W-F0-1  /D:2     /W-T6-1  /T3-T6-2 /D:1     /W-T5-1  /D:1     
/W-T3-1  /D:5     /W-F3-1  /T0-F3-1 /D:2     /W-F1-1  /D:2     /W-T6-1  /T0-T6-2 /D:1     
/W-T0-1  /D:1     /W-F0-1  /D:1     /W-T2-1  /D:2     /W-F0-1  /D:1     /W-T2-1  /T6-T2-7 
/D:1     /W-F3-1  /T1-F3-1 /T4-F3-1 /T3-T4-2 /T4-T3-3 /T4-T5-1 /W-T4-1  /T3-T4-4 /T2-T1-2 
/T2-F0-1 /T2-F3-1 /T4-T3-6 /R       /D:1     /W-T3-1  /D:2     /W-T3-1  /D:1     /W-F1-1  
/D:1     /W-T5-1  /T6-T5-1 /T6-T5-1 /T1-T5-5 /T1-F2-1 /T3-F2-1 /T3-F1-1 /T5-F2-1 /T3-F2-1 
/T5-F1-1 /T3-F1-1 /T3-F0-1 /T5-F2-1 /T5-F1-1 /T2-F0-1 /T6-F2-1 /T3-F3-1 /T5-F2-1 /T5-F3-1 
/W-F1-1  /T2-F1-1 /T3-F0-1 /T2-F0-1 /T3-F1-1 /T2-F1-1 /T3-F0-1 /T2-F0-1 /T0-F0-1 /D:1     
/W-F3-1  /D:1     /W-F1-1  /T2-F1-1 /D:1     /W-T6-1  /D:1     /W-T0-1  /T6-T0-2 /D:1     
/W-F2-1  /T5-F2-1 /T0-F2-1 /T5-F3-1 /T0-F3-1 /T5-F2-1 /T0-F2-1 /T5-F3-1 
"
1011647,X#fl#yks#CwZW#cbzva#EOpRAr#dDQNuqY#ghSHLFTKJGtMxeVIjBmPoinU,131.000000,3322.000000,55.000000,0.547619,1,"
minimal: 0 / states: 129 / duration: 0.000153s
history:
/T4-F1-1  /T4-T3-1  /T6-T4-1  /D:2      /W-T3-1   /D:6      /W-T1-1   /T3-T1-3  /D:1      /W-T0-1   
/D:1      /W-T1-1   /D:3      /W-T4-1   /D:1      /W-T2-1   /T6-T2-1  /D:1      /W-T0-1   /T6-T0-1  
/T6-F3-1  /T6-T5-1  /D:2      /W-T4-1   /W-T4-1   /D:3      /W-T2-1   /D:1      /W-T2-1   /D:2      
/W-F2-1   /T2-F2-1  /D:1      /W-T4-1   /R        /D:1      /W-T0-1   /T2-T0-4  /D:1      /W-T1-1   
/T5-T1-2  /T5-F0-1  /T6-T5-1  /D:2      /W-T3-1   /T2-T3-1  /T0-T2-9  /T3-T0-3  /T3-T0-1  /T3-T1-1  
/T4-T3-6  /T4-F1-1  /T4-F1-1  /T6-F1-1  /D:3      /W-T3-1   /D:1      /W-T4-1   /T1-T4-10 /T1-T3-1  
/D:1      /W-F0-1   /T4-F0-1  /T5-F0-1  /T2-T5-2  /T2-F1-1  /T5-T2-3  /T5-F2-1  /T5-F3-1  /T2-F3-1  
/T2-F2-1  /T4-F3-1  /T2-F3-1  /T4-F2-1  /T2-F2-1  /T5-F0-1  /T3-F1-1  /T4-F3-1  /T3-F2-1  /T2-F1-1  
/T2-F2-1  /W-F3-1   /W-F0-1   /T4-F0-1  /T3-F3-1  /T4-F1-1  /T4-F2-1  /W-F0-1   /T2-F3-1  /T3-F0-1  
/T4-F3-1  /T0-F2-1  /T2-F0-1  /T2-F3-1  /T4-F0-1  /T0-T2-1  /T0-F0-1  /T3-T4-2  /T3-F3-1  /T0-F3-1  
/T4-T3-3  /T4-F0-1  /D:1      /W-T0-1   /T2-T0-2  /D:1      /W-F1-1   /T3-F1-1  /T0-F1-1  /T3-F2-1  
/T0-F2-1  /T3-F1-1  /T0-F1-1  /T3-F2-1  
"
1011648,m#Py#uAG#TJpM#sLztk#ZgVlob#BXQIrqx#FeOawhDUHYEWCnfvijdcNSKR,135.500000,3573.000000,53.000000,0.545455,1,"
minimal: 0 / states: 127 / duration: 0.000139s
history:
/T4-T1-1 /T1-T0-2 /D:4     /W-F1-1  /T5-F1-1 /T5-T1-1 /T6-T5-1 /T5-T3-2 /T1-T6-2 /T3-T1-3 
/W-T3-1  /D:1     /W-T0-1  /T5-T0-1 /D:4     /W-T0-1  /T5-T0-1 /D:3     /W-T1-1  /D:2     
/W-F2-1  /T6-F2-1 /D:1     /W-T2-1  /D:1     /W-T1-1  /D:4     /W-F1-1  /W-F1-1  /D:1     
/W-F3-1  /T3-F3-1 /T3-F2-1 /T6-F3-1 /T6-F2-1 /T6-F2-1 /D:1     /W-T4-1  /D:2     /R       
/D:1     /W-T0-1  /D:1     /W-F1-1  /T2-F1-1 /D:1     /W-T1-1  /T4-T1-2 /D:2     /W-T6-1  
/T2-T6-1 /T2-F0-1 /D:1     /W-T4-1  /D:1     /W-T1-1  /D:2     /W-T3-1  /T2-T3-1 /T4-T2-2 
/T4-T5-1 /T4-F2-1 /T1-T6-2 /T1-F2-1 /T3-F2-1 /D:2     /W-T2-1  /W-T2-1  /T6-T2-5 /T6-F3-1 
/T3-T6-2 /T6-T5-3 /T6-F0-1 /W-F0-1  /W-F0-1  /T2-F0-1 /T0-F0-1 /T0-F1-1 /T1-F1-1 /T1-F2-1 
/T5-F1-1 /T0-T5-2 /T0-F2-1 /T2-T1-4 /T2-F1-1 /T0-F1-1 /T1-T2-5 /T1-F2-1 /T0-F2-1 /T1-F1-1 
/T0-F1-1 /T2-T1-7 /T2-F2-1 /T3-T5-1 /D:1     /W-F3-1  /T1-F3-1 /T1-F0-1 /T5-F3-1 /T1-F3-1 
/T5-F0-1 /T1-F0-1 /T5-F3-1 /T1-F3-1 /T5-F0-1 /T1-F0-1 /T5-F3-1 /T1-F3-1 /T5-F0-1 /T1-F0-1 
/T5-F3-1 
"
1011663,S#sC#pHw#dkor#KNbna#RhPYJg#AcILDqy#WUzijeQfmxuVvZlGTEtXOFBM,108.500000,1875.000000,49.000000,0.626761,1,"
minimal: 0 / states: 123 / duration: 0.000138s
history:
/T4-F1-1 /T4-F2-1 /T4-F1-1 /T4-F3-1 /T3-T0-1 /T3-F2-1 /T2-T3-1 /T5-T2-1 /T3-T6-2 /T1-T3-1 
/T1-T2-1 /T3-T0-2 /D:1     /W-T4-1  /D:2     /W-T1-1  /D:1     /W-T5-1  /T2-T5-3 /T2-F2-1 
/D:2     /W-T5-1  /D:3     /W-T2-1  /T6-T2-3 /T6-F2-1 /T6-T5-1 /D:3     /W-T2-1  /W-T2-1  
/D:1     /W-T4-1  /D:1     /W-T3-1  /T6-T3-1 /D:1     /W-T1-1  /W-T1-1  /D:2     /W-T2-1  
/D:3     /W-T3-1  /T5-T3-7 /T4-T5-3 /D:1     /W-F3-1  /D:1     /W-T2-1  /D:2     /W-T4-1  
/T5-T4-4 /T5-F3-1 /T5-T4-1 /T5-T2-1 /R       /D:1     /W-T6-1  /D:1     /W-T1-1  /T6-T1-2 
/T6-F1-1 /T6-F0-1 /D:1     /W-F3-1  /T2-F3-1 /D:2     /W-T1-1  /W-T1-1  /T0-T1-3 /T0-F3-1 
/D:2     /W-T4-1  /D:1     /W-F0-1  /T1-F0-1 /T1-F1-1 /T1-F2-1 /T3-F0-1 /T3-F1-1 /T3-F2-1 
/W-F0-1  /T1-F1-1 /T2-F0-1 /T1-F0-1 /T2-F3-1 /T3-F1-1 /T3-F0-1 /T4-F2-1 /T1-F3-1 /T2-F2-1 
/T2-F3-1 /T4-F1-1 /T1-F0-1 /T3-F1-1 /T3-F0-1 /T4-F2-1 /T1-F1-1 /T2-F2-1 /T2-F1-1 /T4-F3-1 
/T1-F2-1 /T3-F3-1 /T2-F2-1 /T4-F0-1 /T1-F1-1 /T3-F0-1 /T2-F1-1 /T4-F3-1 /T1-F2-1 /T3-F3-1 
/T4-F0-1 
"
1011674,r#jL#MUz#POGi#HRpgA#oKDCqX#nxlcsYS#JwTWZBudFymkNvebftahQEVI,77.500000,561.000000,24.000000,0.857143,1,"
minimal: 0 / states: 125 / duration: 0.000132s
history:
/T4-F0-1  /T5-T1-1  /T0-T6-1  /T2-T0-1  /D:1      /W-T1-1   /T3-T1-1  /T6-T3-2  /T6-T0-1  /T6-T4-1  
/T6-T5-1  /T3-T2-3  /D:5      /W-F0-1   /D:1      /W-T1-1   /T4-T1-2  /T3-T4-1  /D:1      /W-T2-1   
/T4-T2-2  /T5-T4-2  /T5-F0-1  /T5-F0-1  /T4-T1-3  /T5-T0-1  /T5-T1-1  /W-T5-1   /T1-T5-11 /W-T0-1   
/W-T4-1   /D:1      /W-T4-1   /D:4      /W-F3-1   /T2-F3-1  /T3-F3-1  /D:1      /W-T0-1   /T2-T0-6  
/T6-T2-1  /T6-T2-1  /T6-F2-1  /T5-F2-1  /T0-F2-1  /T1-T2-1  /D:1      /W-T4-1   /D:4      /W-F1-1   
/D:2      /W-F3-1   /T5-T4-2  /T5-F3-1  /D:1      /W-F0-1   /T4-T5-3  /T4-F0-1  /D:2      /W-T2-1   
/R        /D:3      /W-T1-1   /W-T1-1   /D:1      /W-T1-1   /W-T1-1   /D:1      /W-F1-1   /T5-F1-1  
/T0-F1-1  /T5-F2-1  /T0-F2-1  /T0-F3-1  /T5-F1-1  /T5-F2-1  /T4-F3-1  /T0-F0-1  /T0-F3-1  /T4-F0-1  
/T2-F0-1  /T5-T1-3  /T5-F0-1  /D:1      /W-F1-1   /T1-F1-1  /D:1      /W-F2-1   /T1-F2-1  /T0-F2-1  
/D:1      /W-F1-1   /T1-F1-1  /T2-F1-1  /T1-F2-1  /T1-F1-1  /T2-F2-1  /T1-F2-1  /T2-F1-1  /T1-F1-1  
/T0-T2-3  /T0-F2-1  /D:1      /W-F3-1   /T2-F3-1  /T2-F0-1  /T5-F3-1  /T2-F3-1  /T5-F0-1  /T2-F0-1  
/T5-F3-1  
"
1011699,F#yP#gpk#lDSH#qMcVh#ZxJWAn#rXGRBeo#bwufmNYTtsOiKUdIvQECzajL,161.500000,1726.000000,54.000000,0.575758,1,"
minimal: 0 / states: 121 / duration: 0.000134s
history:
/T5-F2-1 /T5-F0-1 /T6-F2-1 /T6-T0-1 /T6-F0-1 /D:2     /W-T2-1  /D:4     /W-F3-1  /D:2     
/W-T3-1  /T0-T3-2 /D:1     /W-T4-1  /D:2     /W-F3-1  /T1-F3-1 /T2-T1-2 /T2-F2-1 /W-T2-1  
/T6-T2-1 /D:1     /W-T1-1  /T3-T1-4 /T3-T4-1 /T3-T1-1 /D:1     /W-T3-1  /T5-T3-1 /D:3     
/W-T3-1  /T4-T3-3 /T4-T5-1 /T4-T1-1 /T4-T0-1 /T4-F2-1 /T3-T0-7 /D:2     /W-F3-1  /T2-F3-1 
/T0-F3-1 /D:2     /W-F0-1  /D:1     /W-T3-1  /D:1     /W-F1-1  /D:2     /R       /D:1     
/W-F1-1  /T1-F1-1 /T1-F0-1 /D:1     /W-T5-1  /T2-T5-2 /D:1     /W-T0-1  /D:1     /W-T2-1  
/T1-T2-8 /D:1     /W-T3-1  /D:2     /W-F1-1  /T2-F1-1 /T0-F1-1 /D:2     /W-F0-1  /T2-F0-1 
/T6-F0-1 /T5-T6-5 /T5-T3-1 /T2-F3-1 /T2-F0-1 /D:1     /W-T3-1  /W-T3-1  /W-F3-1  /T6-T2-3 
/T6-F3-1 /T0-T3-2 /T0-F0-1 /T0-F3-1 /T6-F0-1 /T6-F3-1 /T6-F2-1 /T2-F2-1 /T2-F1-1 /T3-F2-1 
/T2-F2-1 /T3-F1-1 /T2-F1-1 /T3-F2-1 /T2-F2-1 /T3-F1-1 /T0-F0-1 /T2-F1-1 /T3-F2-1 /T0-F1-1 
/T2-F2-1 /T3-F3-1 /T3-F2-1 /T2-F1-1 /T5-F3-1 /D:1     /W-F0-1  /T0-F0-1 
"
1011722,i#yb#OSn#IGCY#DKEqo#emzJkc#tTwhUpd#ugQavlxNLHVMPFsZAXjBfrRW,118.000000,2211.000000,49.000000,0.634409,1,"
minimal: 0 / states: 123 / duration: 0.000140s
history:
/T2-F2-1 /T4-F2-1 /T5-T4-1 /D:1     /W-T0-1  /D:1     /W-T0-1  /D:2     /W-F1-1  /T1-F1-1 
/T5-T1-1 /T5-T1-1 /T3-T5-1 /T3-T6-1 /T2-T3-1 /T0-T1-3 /T5-T0-2 /T1-T5-6 /T5-T1-7 /T4-T5-2 
/T6-T4-2 /T6-F2-1 /T4-T3-3 /T3-T6-5 /T6-T3-6 /T4-T0-1 /T5-F1-1 /T5-F2-1 /T2-T3-1 /T4-T5-1 
/D:4     /W-F3-1  /T3-F3-1 /D:4     /W-T2-1  /D:1     /W-F3-1  /D:1     /W-T1-1  /T5-T1-2 
/D:2     /W-T4-1  /D:1     /W-F0-1  /D:2     /W-T0-1  /T3-T0-7 /D:1     /W-F0-1  /T0-F0-1 
/T0-F1-1 /T1-F0-1 /T1-F1-1 /T0-F0-1 /T1-F0-1 /D:1     /W-F1-1  /T1-F1-1 /T6-F1-1 /D:1     
/W-F2-1  /D:2     /R       /D:1     /W-F3-1  /D:2     /W-T2-1  /D:1     /W-T2-1  /D:1     
/W-T4-1  /D:2     /W-T6-1  /T1-T6-1 /T1-F1-1 /D:1     /W-F2-1  /D:1     /W-T4-1  /T6-T4-3 
/T6-T4-1 /T6-F2-1 /D:1     /W-F3-1  /T0-F3-1 /T0-F0-1 /T4-F3-1 /T0-F3-1 /T4-F2-1 /W-F0-1  
/T0-F0-1 /T4-F3-1 /T1-F0-1 /W-F2-1  /T0-F1-1 /T4-F2-1 /T1-F1-1 /T0-F0-1 /T2-F2-1 /T2-F1-1 
/T1-F2-1 /T1-F1-1 /T0-T2-1 /T0-F2-1 /D:1     /W-F3-1  /T4-F3-1 /T2-F3-1 /T4-F0-1 /T2-F0-1 
/T4-F3-1 
"
1011893,D#eo#QFM#XKNx#HRlCf#qEPOdy#nJBcYta#TwZhLsvSGkzIbjuUgViWmprA,134.500000,1912.000000,52.000000,0.615385,1,"
minimal: 0 / states: 124 / duration: 0.000138s
history:
/T6-F1-1 /T4-T6-1 /D:10    /W-T5-1  /D:3     /W-F1-1  /D:1     /W-T3-1  /W-T3-1  /D:2     
/W-T3-1  /T6-T3-2 /T6-T2-1 /T6-F1-1 /T3-T2-6 /T3-F3-1 /F1-T0-1 /T6-T0-1 /T6-T5-1 /T6-F2-1 
/T1-F2-1 /T2-T6-8 /T0-T1-3 /T1-T2-4 /D:2     /W-T5-1  /D:2     /W-T3-1  /D:1     /W-T0-1  
/T5-T0-4 /T4-T5-1 /T3-T4-2 /D:1     /W-F2-1  /D:1     /W-T6-1  /T5-T6-2 /T5-F3-1 /T5-F3-1 
/D:1     /W-F0-1  /T2-F0-1 /T2-F1-1 /T6-F0-1 /T2-F0-1 /T6-F1-1 /T5-F0-1 /T5-F2-1 /T2-F1-1 
/T2-F0-1 /T2-F3-1 /T6-F2-1 /T6-F1-1 /R       /D:2     /W-T3-1  /D:1     /W-T1-1  /D:2     
/W-T1-1  /T3-T1-2 /D:1     /W-F2-1  /T6-F2-1 /D:1     /W-T4-1  /W-T4-1  /D:2     /W-F0-1  
/D:1     /W-T2-1  /T4-T2-5 /T4-F3-1 /W-F3-1  /W-F3-1  /T6-F3-1 /T0-F3-1 /T4-F0-1 /T6-F0-1 
/T0-F0-1 /T2-T6-2 /T2-F3-1 /T2-F0-1 /T1-T0-1 /T1-F3-1 /T1-F0-1 /T6-T2-4 /T6-F3-1 /T1-F3-1 
/T6-F0-1 /D:1     /W-F2-1  /D:1     /W-F1-1  /T2-F1-1 /T2-F2-1 /T0-F2-1 /D:1     /W-F1-1  
/T2-F1-1 /T0-F1-1 /T2-F2-1 /T0-F2-1 /T2-F1-1 /T0-F1-1 /T2-F2-1 
"
1011894,c#VL#GnK#tdig#SrHul#oOIEPU#RMeBZzk#XJwTDpYfWybNCjvxhAsamqFQ,171.000000,4560.000000,57.000000,0.489583,1,"
minimal: 0 / states: 131 / duration: 0.000138s
history:
/T6-T1-1 /T4-T6-1 /T3-T4-1 /T4-T3-2 /T2-T6-1 /T2-F2-1 /T2-T5-1 /T6-T2-3 /T1-T6-2 /T4-T1-1 
/D:2     /W-T6-1  /T3-T6-3 /T3-T4-1 /D:2     /W-T1-1  /D:2     /W-T4-1  /D:2     /W-T3-1  
/T4-T3-3 /T4-T5-1 /T6-T4-7 /T6-T0-1 /D:1     /W-T2-1  /D:2     /W-T3-1  /D:1     /W-F3-1  
/D:3     /W-T2-1  /T5-T2-3 /D:3     /W-F0-1  /T0-F0-1 /D:1     /W-T1-1  /T6-T1-1 /D:1     
/W-F1-1  /T3-F1-1 /T0-F1-1 /T6-T0-1 /D:2     /W-T1-1  /T5-T1-1 /T5-T2-1 /D:1     /W-T4-1  
/T6-T4-1 /W-T6-1  /W-T5-1  /T3-T5-5 /D:1     /W-T2-1  /T5-T2-1 /T5-F1-1 /T1-T4-2 /T1-F1-1 
/R       /D:4     /W-T0-1  /D:1     /W-T6-1  /D:1     /W-F0-1  /W-F0-1  /T2-T5-2 /T2-F0-1 
/T5-T2-3 /T5-F1-1 /T4-T1-3 /T4-F0-1 /T4-F1-1 /T2-T5-4 /T2-F0-1 /T5-T2-5 /T5-F1-1 /T1-T4-5 
/T1-F0-1 /T5-F0-1 /T5-F3-1 /T5-F2-1 /T2-F2-1 /T4-F3-1 /T2-F3-1 /T4-F2-1 /T2-F2-1 /T4-F3-1 
/T2-F3-1 /T4-F2-1 /T2-F2-1 /T4-F3-1 /T2-F3-1 /T4-F2-1 /T1-F3-1 /T2-F2-1 /T2-F3-1 /T4-F1-1 
/T4-F0-1 /W-F2-1  /W-F3-1  /T0-F3-1 /T2-F0-1 /T4-T6-1 /T4-F0-1 /T0-F0-1 /T4-F3-1 /D:1     
/W-F1-1  /T6-F1-1 /T2-F1-1 /D:1     /W-F2-1  /T6-F2-1 /T2-F2-1 /T6-F1-1 
"
1011896,Q#Vn#mgl#qRTo#JWLkC#vdbfrX#HUEZpuw#SycDIYGiAxzFPMhjaOKeBtsN,151.500000,1732.000000,52.000000,0.639423,1,"
minimal: 0 / states: 119 / duration: 0.000129s
history:
/T1-F2-1 /T3-F2-1 /T6-T5-1 /T6-T1-1 /T6-F2-1 /T4-T0-1 /T3-T1-1 /T1-T5-3 /T6-T1-1 /T0-T6-2 
/D:2     /W-T1-1  /T5-T1-5 /D:2     /W-T3-1  /W-T3-1  /D:5     /W-F0-1  /D:1     /W-T2-1  
/D:1     /W-T0-1  /T2-T0-2 /D:1     /W-T1-1  /T3-T1-3 /T3-F2-1 /T5-F2-1 /T6-T5-3 /D:2     
/W-T3-1  /D:2     /W-T0-1  /D:1     /W-F1-1  /D:1     /W-T5-1  /D:3     /W-F0-1  /D:1     
/W-T6-1  /T5-T6-5 /T5-F1-1 /T1-F1-1 /T5-F1-1 /T6-T5-7 /T2-T6-1 /W-F1-1  /T5-T0-8 /D:1     
/W-F2-1  /D:1     /W-F3-1  /T0-F3-1 /T0-F0-1 /T1-F0-1 /R       /D:3     /W-T3-1  /D:3     
/W-F3-1  /T0-F3-1 /T0-F0-1 /T0-F1-1 /T1-F3-1 /T1-F0-1 /T6-F1-1 /T0-F2-1 /T1-T6-1 /T1-F2-1 
/T6-T1-2 /D:1     /W-F1-1  /W-F1-1  /W-F0-1  /D:1     /W-T3-1  /R       /D:1     /W-F3-1  
/T1-F3-1 /T0-F3-1 /T0-F2-1 /T1-F0-1 /T1-F3-1 /T1-F2-1 /T0-F1-1 /T4-F1-1 /T4-T2-1 /T4-F3-1 
/T0-F2-1 /T0-F1-1 /T1-F3-1 /T1-F2-1 /T0-F2-1 /T2-T1-1 /T2-F1-1 /D:1     /W-F0-1  /T4-F0-1 
/T3-F0-1 /T1-F0-1 /T3-F3-1 /T1-F3-1 /T3-F0-1 
"
1011914,X#Kp#Uow#kVRG#JczjQ#ZATxLO#YvPqHiE#dgBbhyDWaerInFNuCmlStfsM,130.500000,1576.000000,47.000000,0.584337,1,"
minimal: 0 / states: 137 / duration: 0.000138s
history:
/T5-T1-1 /T4-T6-1 /T2-T0-1 /T1-T6-2 /T4-T1-1 /T0-T5-2 /T4-T0-1 /T2-T4-1 /T3-T2-1 /D:7     
/W-T3-1  /T4-T3-2 /D:2     /W-F1-1  /D:3     /W-T1-1  /T2-T1-2 /D:1     /W-F2-1  /T3-F2-1 
/D:2     /W-F3-1  /T6-F3-1 /T6-F2-1 /D:2     /W-T6-1  /D:1     /W-T2-1  /T5-T2-3 /D:1     
/W-T0-1  /T5-T0-1 /D:1     /W-T1-1  /T6-T1-3 /T6-T2-1 /T6-T2-1 /T6-F2-1 /T6-F3-1 /T5-T2-1 
/T5-F0-1 /D:3     /W-T2-1  /T3-T2-3 /T3-T4-1 /T4-T3-2 /D:1     /W-T4-1  /R       /D:3     
/W-F0-1  /T1-F0-1 /T1-F3-1 /D:1     /W-F1-1  /T2-F1-1 /T2-F0-1 /T2-F3-1 /T1-F0-1 /T1-F3-1 
/D:1     /W-T6-1  /D:1     /W-T5-1  /T3-T5-3 /D:1     /W-T0-1  /T6-T0-2 /T1-T6-5 /T6-T4-6 
/D:1     /W-T2-1  /D:1     /W-F2-1  /D:1     /W-F0-1  /T4-F0-1 /D:1     /W-T5-1  /T2-T5-3 
/T2-F0-1 /D:1     /W-T0-1  /D:1     /W-T0-1  /R       /D:1     /W-F1-1  /T5-F1-1 /T0-F1-1 
/T5-F2-1 /T0-F2-1 /T5-F3-1 /T4-F3-1 /T4-F0-1 /T5-F2-1 /T5-F3-1 /T5-F0-1 /T0-T4-2 /T0-F3-1 
/T2-T5-2 /T2-F3-1 /T4-T0-3 /T4-F0-1 /T2-F0-1 /T4-F3-1 /T4-F0-1 /T5-T2-4 /T5-F3-1 /D:1     
/W-F1-1  /T0-F1-1 /T0-F2-1 /T2-F1-1 /T0-F1-1 /T2-F2-1 /T0-F2-1 /T2-F1-1 /T0-F1-1 /T2-F2-1 
/T0-F2-1 /T2-F1-1 
"
1011939,E#Of#Nly#uihF#KIYGc#RpDjeb#WQCdzBx#LtXraPsToSqHmVAJMgZwnUkv,124.000000,917.000000,35.000000,0.720779,1,"
minimal: 0 / states: 123 / duration: 0.000127s
history:
/T0-T1-1 /D:3     /W-T2-1  /D:2     /W-F1-1  /T5-F1-1 /T4-F1-1 /T5-T3-1 /T5-T6-1 /T5-T3-1 
/T1-T4-2 /T1-T5-1 /D:1     /W-T3-1  /D:3     /W-T3-1  /D:4     /W-T0-1  /T2-T0-2 /T6-T2-2 
/D:2     /W-F0-1  /T6-F0-1 /T6-T1-1 /T6-F1-1 /T6-F0-1 /T2-T1-3 /T2-F3-1 /T5-F3-1 /T5-T6-1 
/T6-T4-2 /T3-T5-3 /T3-F1-1 /T5-T3-4 /D:1     /W-T0-1  /W-T0-1  /W-T0-1  /D:1     /W-T2-1  
/D:1     /W-T0-1  /T3-T0-5 /T4-T3-5 /T4-T2-1 /T3-T4-6 /T4-T1-7 /T4-T2-1 /T6-T2-1 /D:1     
/W-T4-1  /D:2     /W-F2-1  /T0-F2-1 /T0-F3-1 /T0-F0-1 /T1-F2-1 /T1-F3-1 /T1-F0-1 /T0-F3-1 
/T0-F0-1 /T1-F1-1 /T0-F1-1 /T1-F0-1 /T0-F0-1 /T1-F1-1 /T3-F1-1 /T1-F0-1 /T1-F1-1 /T3-T0-1 
/D:2     /W-F1-1  /D:1     /W-T2-1  /W-T2-1  /R       /D:1     /W-T4-1  /D:1     /W-T2-1  
/D:3     /W-T0-1  /W-T0-1  /D:1     /W-F3-1  /D:1     /W-F2-1  /W-F2-1  /T0-F2-1 /T0-F3-1 
/T2-F2-1 /T0-F2-1 /T2-F3-1 /T0-F3-1 /T0-F0-1 /T2-F2-1 /T2-F3-1 /T2-F0-1 /T0-F3-1 /T4-F0-1 
/T2-F3-1 /T2-F0-1 /T4-F3-1 /D:1     /W-F2-1  /T1-F2-1 /T0-F2-1 /T1-F1-1 /T0-F1-1 /T1-F2-1 
"
1011942,o#gY#OwM#WKkP#EvxqT#tSfXLF#IUQeZrj#BcnVChNliJumzARDGbsHadpy,144.000000,763.000000,45.000000,0.709677,1,"
minimal: 0 / states: 112 / duration: 0.000138s
history:
/T5-T4-1 /T1-T2-1 /T0-T3-1 /T2-T0-2 /D:3     /W-F2-1  /T3-F2-1 /D:1     /W-T2-1  /D:3     
/W-F3-1  /D:4     /W-T2-1  /T4-T2-2 /T3-T4-1 /T3-T5-1 /T6-T3-1 /T2-T5-5 /T2-F3-1 /T3-T0-2 
/T4-F3-1 /D:1     /W-T2-1  /T5-T2-7 /W-T5-1  /W-T5-1  /D:2     /W-F0-1  /D:1     /W-T2-1  
/T4-T2-1 /T3-T4-1 /W-T3-1  /W-T3-1  /T4-T3-2 /T4-T0-1 /W-T0-1  /D:2     /W-T0-1  /D:2     
/W-T1-1  /D:1     /W-T5-1  /T1-T5-2 /D:1     /W-F1-1  /W-F1-1  /D:1     /W-T4-1  /D:1     
/W-F2-1  /T2-F2-1 /T6-F2-1 /T6-T1-1 /T6-T5-1 /T6-F3-1 /T2-F3-1 /T5-T2-1 /T5-F2-1 /W-T2-1  
/W-T4-1  /W-F1-1  /W-F0-1  /T4-F0-1 /T2-F0-1 /T4-F1-1 /T2-F1-1 /T4-F0-1 /T2-F0-1 /T0-F0-1 
/D:1     /W-T1-1  /T5-T1-5 /T5-F1-1 /T1-F1-1 /T5-F3-1 /T2-F3-1 /T1-F0-1 /T5-F2-1 /T0-F1-1 
/T2-F2-1 /T1-F1-1 /T6-F3-1 /T0-F2-1 /T2-F3-1 /T2-F2-1 /T6-F0-1 /T0-F1-1 /T1-F0-1 /T2-F1-1 
/T3-F3-1 /T0-F0-1 /T1-F3-1 /T2-F0-1 /T3-F2-1 /T0-F3-1 /T1-F2-1 /T1-F3-1 /T3-F1-1 /T0-F0-1 
/T2-F1-1 /T3-F2-1 
"
1011967,n#wO#WmN#RPUK#QZbgD#lBrXpk#JSYcahM#fAxGjVLutszCdeoqTFyvHiIE,115.500000,1011.000000,42.000000,0.650000,1,"
minimal: 0 / states: 114 / duration: 0.000132s
history:
/T0-F2-1 /T2-F3-1 /T1-F3-1 /T6-T0-1 /T1-T5-1 /T2-T1-1 /T2-T3-1 /D:2     /W-F0-1  /D:2     
/W-T6-1  /D:2     /W-T5-1  /D:1     /W-T1-1  /T5-T1-3 /D:1     /W-T1-1  /D:3     /W-T2-1  
/D:4     /W-F2-1  /T5-F2-1 /D:1     /W-F2-1  /D:1     /W-T1-1  /D:1     /W-T1-1  /W-T1-1  
/T4-T1-1 /D:2     /W-T3-1  /T6-T3-2 /T6-F1-1 /T6-T1-1 /T3-T6-5 /T6-T0-6 /T6-T0-1 /T6-T5-1 
/D:2     /W-T5-1  /W-T5-1  /T4-T5-1 /T4-F1-1 /T4-T6-1 /W-T6-1  /T5-T6-5 /T5-F2-1 /T5-F0-1 
/T1-F1-1 /W-F1-1  /W-F0-1  /T1-F0-1 /T1-F1-1 /W-F2-1  /W-F2-1  /T5-T2-1 /D:2     /W-F0-1  
/T1-F0-1 /R       /D:1     /W-F1-1  /T6-F1-1 /T0-T3-2 /T0-F1-1 /T3-T0-3 /T3-F3-1 /T4-F3-1 
/T3-F3-1 /T0-F3-1 /T0-F0-1 /T1-F3-1 /T0-F3-1 /T1-F2-1 /T0-F2-1 /T6-F0-1 /T1-F3-1 /T6-F1-1 
/T1-F2-1 /T0-F3-1 /T6-T1-1 /T6-F3-1 /T0-T2-1 /T0-F3-1 /D:1     /W-F2-1  /T6-F2-1 /T6-F3-1 
/T2-T0-2 /T2-F2-1 /D:1     /W-F1-1  /D:1     /W-F0-1  /T1-F0-1 /T0-F0-1 /T1-F1-1 /T0-F1-1 
/T1-F0-1 /T0-F0-1 /T1-F1-1 
"
1011984,a#QC#Vpl#YZDc#sPOHF#wieEtq#InTbMvz#ydKAxjgUrfRJuGWXBNoLkmhS,128.500000,1433.000000,43.000000,0.686047,1,"
minimal: 0 / states: 121 / duration: 0.000136s
history:
/T0-F1-1 /T6-T0-1 /T3-T5-1 /T2-T0-1 /D:3     /W-T0-1  /D:1     /W-F0-1  /D:2     /W-T0-1  
/T6-T0-1 /D:2     /W-T0-1  /D:3     /W-T4-1  /T5-T4-2 /T5-T0-1 /W-T0-1  /T5-T0-1 /T3-T5-1 
/D:6     /W-F0-1  /T1-F0-1 /T2-T1-1 /T1-T0-2 /T6-T1-1 /T6-F1-1 /T4-T6-4 /T4-T2-1 /T4-T0-1 
/T6-T2-5 /T6-F2-1 /T4-T5-1 /T5-T4-3 /T2-F1-1 /T4-T2-1 /T4-F0-1 /D:1     /W-F3-1  /T0-F3-1 
/T2-F3-1 /D:1     /W-F2-1  /T0-F2-1 /T0-F3-1 /T2-F2-1 /T2-F3-1 /T0-F0-1 /T2-F0-1 /T4-T2-2 
/T3-T4-1 /T3-T1-1 /D:1     /W-T4-1  /W-T4-1  /D:2     /W-T3-1  /D:1     /W-T6-1  /D:1     
/W-F3-1  /R       /D:1     /W-T3-1  /D:1     /W-F1-1  /T2-F1-1 /T0-F1-1 /D:1     /W-T1-1  
/D:1     /W-F1-1  /T6-F1-1 /T5-F1-1 /T2-T5-4 /T5-T4-5 /D:1     /W-F2-1  /T4-F2-1 /T0-F2-1 
/T4-F3-1 /T0-F3-1 /D:2     /W-F2-1  /T0-F2-1 /T0-F1-1 /D:1     /W-F0-1  /T4-F0-1 /T4-F3-1 
/T4-F2-1 /T6-F0-1 /W-F0-1  /T0-F0-1 /T1-F2-1 /T3-F2-1 /D:1     /W-F3-1  /T4-F3-1 /T1-F3-1 
/T4-F0-1 /T4-F3-1 /T1-F0-1 /D:1     /W-F1-1  /T0-F1-1 /T0-F2-1 /T3-F1-1 
"
1011996,k#bX#sdU#ZRDm#qfGpN#lhtJoW#vSKIzTa#YcHLBEMwxnegjiVrCPuFOQAy,114.000000,2217.000000,47.000000,0.593023,1,"
minimal: 0 / states: 116 / duration: 0.000139s
history:
/T4-F3-1 /T6-F1-1 /D:4     /W-T3-1  /T1-T3-1 /T1-F1-1 /T3-T1-3 /D:4     /W-T0-1  /D:2     
/W-F2-1  /D:4     /W-T0-1  /D:4     /W-T3-1  /D:1     /W-T0-1  /T6-T0-1 /D:1     /W-T0-1  
/D:1     /W-F3-1  /T3-F3-1 /D:1     /W-F3-1  /D:1     /W-F0-1  /D:1     /R       /D:1     
/W-T6-1  /D:1     /W-F1-1  /D:2     /W-F0-1  /D:3     /W-T6-1  /T5-T6-1 /T5-F2-1 /T4-F2-1 
/T5-T1-1 /T4-T2-1 /T4-T2-1 /T4-F2-1 /T6-T4-4 /T6-T4-1 /T2-T4-3 /T2-F1-1 /D:1     /W-T0-1  
/T3-T0-1 /T3-F3-1 /D:2     /W-T6-1  /D:1     /W-T1-1  /D:1     /W-F2-1  /T2-F2-1 /T5-F2-1 
/D:1     /W-F0-1  /T0-F0-1 /T0-F1-1 /T4-F1-1 /W-F1-1  /T5-F1-1 /T6-T5-2 /T6-F3-1 /T0-T1-3 
/T0-F1-1 /T5-F1-1 /W-T2-1  /W-F0-1  /T1-F0-1 /T1-F3-1 /T1-F2-1 /T4-F0-1 /T4-F3-1 /T6-F2-1 
/W-F0-1  /T1-F3-1 /T0-F2-1 /T4-F0-1 /T1-F0-1 /T0-F1-1 /T4-F3-1 /T1-F3-1 /T4-F2-1 /T5-F0-1 
/T1-F0-1 /T4-F3-1 /T5-F1-1 /T2-F0-1 /T1-F1-1 /T3-F3-1 /D:1     /W-F2-1  /T4-F2-1 
"
1020034,X#Ym#Elr#OcQB#SNVbL#ZhDwKa#ukipdfP#nsgFeCqGtARJMWIjyoUTvzHx,141.000000,2118.000000,46.000000,0.631868,1,"
minimal: 0 / states: 121 / duration: 0.000121s
history:
/T5-F1-1 /T4-T1-1 /T4-F1-1 /T3-T6-1 /T3-T2-1 /T3-F1-1 /T0-T1-1 /T1-T0-3 /T5-T1-1 /T5-T0-1 
/T6-T5-2 /T2-T6-2 /T4-T0-1 /T4-F3-1 /T3-F3-1 /D:1     /W-F2-1  /D:5     /W-T6-1  /D:4     
/W-F0-1  /T5-F0-1 /T6-F0-1 /T5-F3-1 /T5-F0-1 /W-T5-1  /T6-T5-3 /T6-F1-1 /T6-T5-1 /D:3     
/W-T3-1  /T2-T3-1 /T2-F0-1 /D:1     /W-T1-1  /D:1     /W-T1-1  /T5-T1-6 /D:2     /W-T5-1  
/D:1     /W-F2-1  /T1-F2-1 /T1-F3-1 /D:4     /W-T2-1  /T1-T2-8 /D:1     /W-T0-1  /D:1     
/W-T3-1  /R       /D:2     /W-T0-1  /W-T0-1  /D:1     /W-F0-1  /D:1     /W-F1-1  /T2-T4-1 
/T2-F1-1 /T4-T2-2 /D:1     /W-F2-1  /T2-F2-1 /T0-F2-1 /T0-F1-1 /D:1     /W-F0-1  /T0-F0-1 
/D:1     /W-F3-1  /T2-F3-1 /T2-F2-1 /T2-F1-1 /T6-F1-1 /T6-T5-1 /T2-F0-1 /T6-F2-1 /D:1     
/W-F0-1  /T2-T3-1 /T2-F0-1 /D:1     /W-F1-1  /T5-F1-1 /T0-T5-3 /T0-F0-1 /T3-T2-2 /T3-F1-1 
/T0-F1-1 /T3-F0-1 /D:2     /W-F3-1  /W-F3-1  /T5-F3-1 /T2-F3-1 /D:1     /W-F2-1  /T5-F2-1 
/T2-F2-1 /T5-F3-1 /T2-F3-1 /T5-F2-1 /T2-F2-1 /T5-F3-1 
"
1020044,M#BY#ZeP#Gkfa#XuIFO#iDzmyc#LrWKVCQ#dRqSgvNJlTjpHAhbxswtUEno,128.500000,3916.000000,50.000000,0.553191,1,"
minimal: 0 / states: 124 / duration: 0.000136s
history:
/T3-F1-1 /T1-T0-1 /T1-T2-1 /D:7     /W-F3-1  /T4-F3-1 /T2-T5-1 /T2-F3-1 /T6-F3-1 /T2-T4-1 
/D:7     /W-F0-1  /T5-F0-1 /T6-F0-1 /W-T6-1  /D:2     /W-F1-1  /T5-F1-1 /T5-T2-1 /T5-T1-1 
/D:1     /W-T0-1  /D:5     /W-T3-1  /D:1     /W-F2-1  /D:1     /W-F2-1  /R       /D:1     
/W-F1-1  /T4-F1-1 /D:1     /W-F3-1  /D:2     /W-F3-1  /D:1     /W-T6-1  /T4-T6-1 /D:3     
/W-T5-1  /D:1     /W-F3-1  /D:1     /W-T0-1  /T4-T0-1 /D:1     /W-F2-1  /D:1     /W-T0-1  
/D:3     /W-T0-1  /T3-T0-2 /T3-T2-1 /W-T2-1  /T6-T2-4 /T6-T5-1 /T6-T5-1 /D:1     /W-F3-1  
/R       /D:1     /W-F2-1  /T6-F2-1 /T6-T1-1 /T5-T6-4 /T5-F0-1 /T0-F0-1 /T0-F1-1 /T2-F0-1 
/T3-F0-1 /T4-T5-1 /T2-F1-1 /T2-F0-1 /T2-F3-1 /T6-F3-1 /T4-F3-1 /T5-T2-2 /D:3     /W-F2-1  
/T0-F2-1 /T0-F1-1 /T0-F0-1 /T2-F2-1 /T2-F1-1 /W-F0-1  /W-F2-1  /T0-F1-1 /T2-F2-1 /T0-F2-1 
/T2-F1-1 /T2-F2-1 /T6-F0-1 /T0-F3-1 /T1-F0-1 /T2-F3-1 /T6-F1-1 /T0-F0-1 /T1-F1-1 /T6-F2-1 
"
1020093,L#FN#SPU#quVy#gJeiA#MsYOft#CjQRBvd#oaxkwHrmETDKclpZbWGhIXnz,125.000000,2044.000000,48.000000,0.623288,1,"
minimal: 0 / states: 114 / duration: 0.000130s
history:
/T1-F3-1  /T4-F0-1  /T5-T2-1  /T5-T2-1  /T5-F3-1  /D:2      /W-F1-1   /D:1      /W-T5-1   /D:1      
/W-T0-1   /D:1      /W-T0-1   /T4-T0-1  /T4-T1-1  /D:1      /W-T0-1   /D:1      /W-T2-1   /T6-T2-1  
/T2-T6-5  /T2-F3-1  /D:2      /W-T2-1   /D:1      /W-T0-1   /T1-T0-2  /W-T1-1   /T3-T1-1  /T3-T4-1  
/T3-T4-1  /T3-T0-1  /D:3      /W-T0-1   /D:2      /W-T6-1   /D:1      /W-T3-1   /T0-T3-10 /D:1      
/W-F1-1   /T3-F1-1  /D:1      /W-T5-1   /T6-T5-7  /T6-F0-1  /D:4      /W-T1-1   /T4-T1-3  /T4-T1-1  
/D:1      /W-F2-1   /D:1      /W-T0-1   /T5-T0-10 /T6-T5-1  /T6-F3-1  /T5-T1-2  /T1-F3-1  /W-T6-1   
/W-T6-1   /W-T6-1   /W-T5-1   /W-T5-1   /T6-T5-4  /T6-F0-1  /W-F0-1   /W-F2-1   /T0-F2-1  /T0-F1-1  
/T2-F0-1  /T3-F2-1  /T0-F2-1  /T2-F3-1  /T3-F1-1  /T0-F1-1  /T1-F2-1  /T0-F2-1  /T3-F0-1  /T1-F1-1  
/T3-F3-1  /T1-F2-1  /T5-F0-1  /T0-F3-1  /T3-F0-1  /T1-F3-1  /T5-F1-1  /T0-F2-1  /T3-F1-1  /T3-F2-1  
/T5-F0-1  /T0-F3-1  /T1-F0-1  /T1-F3-1  /T5-F1-1  /T0-F2-1  /T3-F1-1  /T1-F2-1  /T5-F0-1  /T0-F3-1  
/T3-F0-1  /T3-F3-1  /T5-F1-1  /T0-F2-1  /T1-F1-1  /T5-F0-1  
"
1020126,E#vo#wMW#rVnB#GgsmR#aCUxKt#HZucOpd#PQbhfklqNISeALyJzjTYXFiD,157.000000,4131.000000,64.000000,0.485149,1,"
minimal: 0 / states: 142 / duration: 0.000145s
history:
/T6-T0-1  /T6-T0-1  /T6-T0-1  /T3-T6-1  /T3-F2-1  /T1-F2-1  /T1-T2-1  /D:4      /W-T2-1   /T5-T2-1  
/T2-T5-4  /T2-T1-1  /T3-T2-1  /D:1      /W-T5-1   /T0-T5-4  /D:2      /W-T1-1   /T5-T1-10 /D:1      
/W-T4-1   /T6-T4-2  /T6-T2-1  /T6-T0-1  /D:1      /W-F3-1   /T1-F3-1  /T1-F2-1  /D:4      /W-F0-1   
/T4-F0-1  /D:1      /W-T0-1   /D:4      /W-T5-1   /D:1      /W-T2-1   /D:2      /W-T0-1   /T2-T0-4  
/D:1      /W-T0-1   /T4-T0-3  /T4-T2-1  /D:2      /R        /D:1      /W-F3-1   /D:1      /W-F3-1   
/D:3      /W-T5-1   /D:2      /W-T4-1   /T0-T4-2  /T0-F3-1  /W-F3-1   /D:1      /W-T2-1   /W-T2-1   
/D:1      /W-T2-1   /D:3      /W-T2-1   /T6-T2-1  /D:1      /R        /D:2      /W-T6-1   /D:1      
/W-T6-1   /T5-T6-3  /T5-T6-1  /T5-F0-1  /T5-F1-1  /W-F1-1   /T4-F1-1  /T1-F1-1  /T4-F2-1  /T3-F2-1  
/T4-T0-1  /T4-F2-1  /T4-T2-1  /T0-F1-1  /T0-T2-1  /T0-F3-1  /T6-F3-1  /T1-T4-2  /T1-F2-1  /T0-F2-1  
/T0-F3-1  /T1-T6-1  /T1-F2-1  /T0-F2-1  /T1-F3-1  /T0-F3-1  /T6-T1-3  /T6-F2-1  /T6-F3-1  /T2-T0-6  
/T2-F2-1  /T6-F2-1  /T0-T2-7  /T0-F3-1  /T4-T1-3  /D:1      /W-F0-1   /T1-F0-1  /T1-F1-1  /T2-F0-1  
/T1-F0-1  /T2-F1-1  /T1-F1-1  /T2-F0-1  /T1-F0-1  /T2-F1-1  /T1-F1-1  /T2-F0-1  /T1-F0-1  /T2-F1-1  
/T1-F1-1  /T2-F0-1  /T1-F0-1  /T2-F1-1  
"
1020196,r#LN#PEA#WsmF#pJcdX#UMHTSC#onujBzD#KQwxvlVRabYeykOfiGhZqtgI,137.000000,1248.000000,33.000000,0.694805,1,"
minimal: 0 / states: 110 / duration: 0.000119s
history:
/T1-F3-1 /T2-F0-1 /T4-T1-1 /T5-T4-1 /T4-T0-2 /T4-T6-1 /T2-T5-1 /T4-T1-1 /D:2     /W-T5-1  
/T4-T5-1 /D:5     /W-T1-1  /D:1     /W-T3-1  /T6-T3-2 /T6-T4-1 /T6-F0-1 /T0-F0-1 /W-T4-1  
/W-T6-1  /W-T4-1  /T6-T4-2 /T6-T1-1 /T6-F2-1 /T6-F2-1 /T5-F2-1 /D:1     /W-F1-1  /D:1     
/W-F1-1  /T3-F1-1 /T0-F1-1 /T3-F0-1 /T5-T0-1 /T5-F0-1 /T0-T5-2 /D:2     /W-F1-1  /D:3     
/W-F3-1  /T2-F3-1 /T5-F3-1 /T3-F3-1 /T3-F0-1 /T3-T0-1 /T1-T0-5 /D:1     /W-F1-1  /D:2     
/W-F0-1  /D:1     /W-T4-1  /F0-T4-1 /T5-T4-2 /T5-T0-1 /T3-T0-1 /D:1     /W-T1-1  /D:1     
/W-F2-1  /T4-F2-1 /T0-F2-1 /T4-F3-1 /T0-F3-1 /T4-F0-1 /T5-F0-1 /T5-T2-1 /T5-F3-1 /D:1     
/W-F2-1  /T0-F2-1 /T0-F3-1 /T3-F3-1 /W-T0-1  /D:1     /W-F1-1  /T4-F1-1 /T0-F1-1 /T4-F2-1 
/T4-F1-1 /W-F1-1  /W-T1-1  /W-T2-1  /W-F2-1  /T4-F2-1 /T1-F2-1 /T4-F1-1 /T4-F2-1 /T0-T1-3 
/T0-F1-1 /W-T2-1  /D:1     /W-F0-1  /T1-F0-1 /T1-F3-1 /T2-F0-1 /T1-F0-1 /T2-F3-1 /T1-F3-1 
/T2-F0-1 
"
1020219,j#tH#bWx#LzNZ#eiFOT#aDruXG#gwARUIf#cdKnVYlsvQqpyEoMBCSPkhJm,127.500000,2962.000000,58.000000,0.505618,1,"
minimal: 0 / states: 129 / duration: 0.000135s
history:
/T6-T5-1 /T6-T0-1 /T5-T6-2 /T4-T1-1 /T6-T0-3 /T0-T2-5 /T3-T0-1 /T3-F3-1 /T4-F3-1 /T6-T4-1 
/T6-F0-1 /T4-T1-2 /T1-T4-4 /T4-T6-5 /T6-T5-6 /D:4     /W-F2-1  /D:2     /W-T3-1  /T2-T3-6 
/D:2     /W-T6-1  /T4-T6-1 /T3-T4-8 /T5-T3-7 /T3-T0-8 /T6-T5-3 /D:1     /W-T2-1  /D:2     
/W-T0-1  /D:3     /W-T4-1  /D:1     /W-F2-1  /D:1     /W-T3-1  /D:1     /W-F0-1  /D:1     
/W-F0-1  /D:1     /W-T1-1  /D:1     /W-F3-1  /D:2     /W-T2-1  /T1-T2-2 /D:2     /W-T1-1  
/R       /D:1     /W-T0-1  /D:1     /W-T4-1  /D:3     /W-T3-1  /D:1     /W-F3-1  /T0-T5-2 
/T0-F3-1 /T2-F3-1 /D:1     /W-F2-1  /D:1     /W-T1-1  /D:1     /W-T1-1  /D:1     /W-T1-1  
/W-T1-1  /T5-T1-6 /W-T3-1  /T2-T3-4 /F3-T3-1 /T5-T3-1 /T5-F0-1 /T5-F1-1 /T2-F1-1 /T1-F1-1 
/T1-F2-1 /T4-F1-1 /T1-F1-1 /T3-F2-1 /T1-F2-1 /T4-F0-1 /T0-F0-1 /T3-F3-1 /T0-F3-1 /T4-F1-1 
/T1-F1-1 /T3-F2-1 /T1-F2-1 /T4-F0-1 /T0-F0-1 /T3-F1-1 /T0-F1-1 /T4-F3-1 /T1-F3-1 /T3-F2-1 
/T0-F2-1 /T4-F0-1 /T1-F0-1 /T3-F3-1 /T0-F3-1 /T4-F1-1 /T1-F1-1 /T3-F0-1 /T0-F0-1 /T4-F2-1 
/T1-F2-1 /T3-F1-1 /T1-F1-1 /T4-F3-1 /T0-F3-1 /T3-F0-1 /T4-F2-1 
"
1020222,K#nU#xiq#ZNTL#lJItW#GEHBXo#sjfgPOA#ewcSuMpbdDkCmQVYvyrzaRhF,156.000000,3916.000000,47.000000,0.601124,1,"
minimal: 0 / states: 128 / duration: 0.000129s
history:
/T6-F0-1 /T4-T0-1 /T4-T1-1 /T4-T0-1 /T1-T0-2 /T1-F2-1 /T5-F2-1 /T5-T3-1 /T5-F0-1 /T4-T3-1 
/T0-T4-5 /D:3     /W-T2-1  /D:1     /W-T4-1  /D:2     /W-T0-1  /T4-T0-7 /D:1     /W-F2-1  
/D:5     /W-F0-1  /D:1     /W-T1-1  /T3-T1-3 /T3-T5-1 /T3-F3-1 /T6-F3-1 /T6-F3-1 /D:1     
/W-F3-1  /D:1     /W-T1-1  /T5-T1-2 /T5-T0-1 /D:3     /W-T3-1  /D:2     /W-T4-1  /D:1     
/W-F1-1  /D:1     /W-F3-1  /D:2     /W-T1-1  /F3-T1-1 /T2-T1-2 /R       /D:3     /W-T2-1  
/T6-T2-1 /T6-T5-1 /D:1     /W-F1-1  /T1-F1-1 /T1-F2-1 /T1-F3-1 /T0-T5-1 /T0-F3-1 /T1-T2-1 
/T1-F3-1 /D:1     /W-F1-1  /D:1     /W-F0-1  /T5-F0-1 /T2-F0-1 /T5-T0-1 /T5-F0-1 /T1-F0-1 
/D:1     /W-T3-1  /W-T3-1  /W-F1-1  /T2-T3-3 /T6-T2-1 /T0-F1-1 /T3-F1-1 /D:1     /W-T4-1  
/T2-T4-2 /D:1     /W-T4-1  /T0-T4-2 /T0-F0-1 /D:1     /W-F2-1  /T6-F2-1 /T4-F2-1 /T3-F2-1 
/T4-F3-1 /T1-F3-1 /T0-F3-1 /T1-F0-1 /T0-F0-1 /T1-F3-1 /T1-F0-1 /T4-F2-1 /T4-T0-2 /T4-F3-1 
/T0-T4-3 /T0-F0-1 /T3-T1-4 /T3-F3-1 /D:1     /W-F1-1  /T1-F1-1 /T1-F2-1 /T4-F1-1 /T1-F1-1 
/T4-F2-1 /T1-F2-1 /T4-F1-1 /T1-F1-1 /T4-F2-1 
"
1020271,A#bN#ZwR#KrSq#GsnFY#iEkteM#BDdTLQO#goXzVmCyIhPfWUuHjclpxJva,119.000000,2485.000000,40.000000,0.685897,1,"
minimal: 0 / states: 118 / duration: 0.000131s
history:
/T0-F0-1 /T1-F3-1 /T6-F3-1 /T5-T0-1 /T4-T0-1 /T5-T4-1 /T3-T2-1 /T3-T5-1 /T6-T3-1 /T3-T5-2 
/T3-T0-1 /D:3     /W-T6-1  /D:1     /W-T3-1  /D:3     /W-T5-1  /T1-T5-1 /W-T1-1  /T6-T1-2 
/T4-T6-2 /T4-F2-1 /T2-T4-2 /T2-T1-1 /W-T1-1  /W-F2-1  /D:1     /W-T2-1  /D:3     /W-F3-1  
/D:2     /W-T0-1  /D:2     /W-T1-1  /T6-T1-3 /T5-T6-2 /T5-F3-1 /T6-T5-3 /T6-T1-1 /T6-F0-1 
/D:3     /W-T1-1  /D:1     /W-T3-1  /D:1     /W-F2-1  /T4-F2-1 /T4-F3-1 /D:1     /W-T3-1  
/W-T3-1  /D:2     /W-T0-1  /D:1     /W-F1-1  /T5-F1-1 /T1-F1-1 /T5-F0-1 /T1-F0-1 /T5-F1-1 
/T1-F1-1 /T5-F2-1 /T4-F2-1 /T5-T4-1 /T5-F2-1 /T5-T2-1 /T5-F0-1 /T1-F0-1 /T4-F3-1 /T1-F3-1 
/T1-F2-1 /T0-F2-1 /T4-F0-1 /W-T2-1  /W-F0-1  /W-F3-1  /T1-F3-1 /W-F1-1  /T0-F3-1 /T1-F2-1 
/T1-F3-1 /T3-T0-1 /T3-F2-1 /T0-T3-2 /T0-F3-1 /T2-T1-2 /T2-F2-1 /T2-F3-1 /T3-T0-3 /T3-F2-1 
/T5-T1-1 /R       /D:1     /W-F1-1  /D:1     /W-F0-1  /D:1     /W-F1-1  /T1-F1-1 /T0-F1-1 
/T1-F0-1 /T0-F0-1 /T1-F1-1 /T0-F1-1 /T1-F0-1 /T0-F0-1 /T1-F1-1 
"
1020343,Q#ib#GFy#mCzd#sBoVP#hpwJgX#ltUfIRa#TqNcuxOYSneDKLAWZvMkrHjE,110.000000,1281.000000,29.000000,0.750000,1,"
minimal: 0 / states: 112 / duration: 0.000195s
history:
/T6-F1-1 /T1-F1-1 /T5-T2-1 /D:2     /W-T6-1  /T4-T6-1 /D:1     /W-F3-1  /D:1     /W-F1-1  
/T3-F1-1 /D:1     /W-T1-1  /T5-T1-1 /T4-T5-1 /T5-T2-2 /T4-T6-1 /T1-T5-3 /T3-T1-1 /T3-T0-1 
/T2-T3-4 /T6-T2-4 /T2-T5-5 /D:2     /W-F3-1  /D:1     /W-T1-1  /W-T1-1  /D:1     /W-T2-1  
/D:1     /W-F2-1  /T5-F2-1 /T4-T5-1 /D:1     /W-F1-1  /D:4     /W-F0-1  /T5-F0-1 /T0-F0-1 
/T5-F3-1 /T0-F3-1 /D:1     /W-T1-1  /T6-T1-1 /T6-F1-1 /T6-T1-1 /T6-T1-1 /D:1     /W-T0-1  
/W-T0-1  /W-T6-1  /W-F0-1  /D:3     /W-T0-1  /T5-T0-7 /T5-F2-1 /T0-F2-1 /T0-F3-1 /T2-F3-1 
/T2-T5-1 /W-T2-1  /T6-T2-2 /D:1     /W-F2-1  /T4-F2-1 /T1-F2-1 /D:1     /W-T3-1  /T0-T3-2 
/T0-F2-1 /W-F2-1  /W-F3-1  /T1-F3-1 /T3-T0-3 /T3-F3-1 /T0-T3-4 /T0-F2-1 /T1-T2-2 /T1-F2-1 
/T5-T2-2 /D:2     /W-F0-1  /T3-F0-1 /T2-F0-1 /T3-F1-1 /T2-F1-1 /T3-F0-1 /T2-F0-1 /T2-F3-1 
/T3-F1-1 /T3-F0-1 /T3-F3-1 /W-F1-1  /T0-F1-1 /T2-F0-1 /T0-F0-1 /T1-F3-1 /T2-F1-1 /T2-F0-1 
/T3-F2-1 /T0-F3-1 /T1-F2-1 /T3-F1-1 
"
1020356,l#dp#CUk#wXBi#OWMzu#FHJAyZ#KmYqTxN#aIcvthSnsQjrEgLoPeVfbGDR,147.000000,1975.000000,49.000000,0.584211,1,"
minimal: 0 / states: 125 / duration: 0.000155s
history:
/T6-F3-1 /T6-T0-1 /T4-T3-1 /T6-T3-1 /T0-T4-2 /T5-T0-1 /T5-T0-1 /T5-F0-1 /T3-T5-3 /T3-F0-1 
/T2-T0-1 /T5-T0-4 /D:1     /W-F1-1  /D:2     /W-T6-1  /D:2     /W-T2-1  /D:2     /W-T2-1  
/D:1     /W-F2-1  /D:1     /W-T0-1  /D:2     /W-T4-1  /D:1     /W-T2-1  /W-T2-1  /T1-T2-1 
/D:2     /W-T5-1  /D:2     /W-F2-1  /T2-F2-1 /D:2     /W-T0-1  /T6-T0-2 /D:3     /W-F1-1  
/T0-F1-1 /T0-F2-1 /T1-F1-1 /T4-T1-4 /T6-T4-1 /T0-F1-1 /W-F1-1  /T5-F1-1 /D:3     /W-T0-1  
/W-T0-1  /R       /D:1     /W-T1-1  /T2-T1-5 /T2-T1-1 /T4-T2-2 /T1-F0-1 /T0-F0-1 /D:1     
/W-T4-1  /D:1     /W-F1-1  /D:1     /W-F0-1  /D:1     /W-T6-1  /T3-T6-1 /T3-T6-1 /T6-T3-4 
/T4-T6-2 /T4-F3-1 /T6-T2-3 /D:1     /W-F3-1  /T1-F3-1 /T0-F3-1 /T1-F2-1 /T0-F2-1 /T1-F3-1 
/T1-F2-1 /T0-F3-1 /T0-F2-1 /T5-T0-1 /T5-F0-1 /T1-F3-1 /T2-F2-1 /T3-F2-1 /D:1     /W-F3-1  
/T2-F3-1 /T3-F3-1 /T1-T2-2 /T1-F2-1 /T0-T3-4 /T0-F2-1 /T2-T1-3 /T2-F3-1 /T0-F3-1 /T1-T2-4 
/T1-F2-1 /D:1     /W-F0-1  /T3-F0-1 /T2-F0-1 /T3-F1-1 /T2-F1-1 /T3-F0-1 /T2-F0-1 /T3-F1-1 
/T2-F1-1 /T3-F0-1 /T2-F0-1 /T3-F1-1 
"
1020368,A#lt#ejw#hSpV#ZcPxF#BqvRnW#gzTMkdN#aQDCILJoXKHuEUmOfrbsGyYi,92.000000,1246.000000,37.000000,0.677419,1,"
minimal: 0 / states: 123 / duration: 0.000130s
history:
/T0-F0-1  /T6-F3-1  /T3-T2-1  /T3-T6-1  /T3-T1-1  /T1-T3-2  /D:1      /W-F1-1   /D:4      /W-T5-1   
/T3-T5-3  /D:5      /W-T1-1   /T5-T1-5  /T5-F2-1  /T5-T4-1  /D:1      /W-T2-1   /D:2      /W-T1-1   
/T6-T1-2  /T2-T6-3  /T5-T2-1  /T5-T4-1  /T5-F0-1  /D:1      /W-T2-1   /D:1      /W-T0-1   /D:1      
/W-F3-1   /D:3      /W-F1-1   /D:2      /W-T2-1   /D:1      /W-T0-1   /T6-T0-4  /T6-T3-1  /T4-T6-3  
/T6-T0-4  /T2-T4-4  /T6-T5-1  /W-T6-1   /T1-T3-10 /T2-T6-1  /D:1      /W-T5-1   /T4-T5-5  /T4-F3-1  
/T4-F1-1  /D:1      /R        /D:1      /W-F3-1   /T0-T6-1  /T0-F3-1  /D:2      /W-F0-1   /W-F0-1   
/D:1      /W-T4-1   /D:2      /W-F2-1   /T3-F2-1  /T3-F1-1  /T3-F0-1  /T6-F2-1  /T6-F1-1  /T0-F0-1  
/T3-F3-1  /T0-F3-1  /T5-F0-1  /T0-F0-1  /T5-F3-1  /T0-F3-1  /T3-T5-2  /T3-F0-1  /T3-F3-1  /W-F0-1   
/T3-F0-1  /T4-F0-1  /D:1      /W-F3-1   /T5-T3-5  /T5-F3-1  /T4-F3-1  /T3-T5-6  /T3-F0-1  /D:2      
/W-F1-1   /D:1      /W-F2-1   /T6-F2-1  /T5-F2-1  /T6-F1-1  /T5-F1-1  /W-F2-1   /T5-F2-1  /T0-F2-1  
/D:1      /W-F1-1   /T5-F1-1  /T0-F1-1  /T5-F2-1  /T0-F2-1  /T5-F1-1  /T0-F1-1  /T5-F2-1  
"
1020377,k#NZ#Xup#MSBz#gHjml#xrwPeK#sYTRQnE#JiWVLAqhFUCaObdvcDGotyIf,113.500000,1720.000000,38.000000,0.732143,1,"
minimal: 0 / states: 118 / duration: 0.000132s
history:
/T5-T4-1 /T4-T3-2 /D:1     /W-T0-1  /D:1     /W-T0-1  /D:1     /W-T3-1  /D:2     /W-T1-1  
/T0-T1-3 /T3-T0-4 /D:1     /W-F0-1  /T3-F0-1 /T6-T3-1 /T6-F2-1 /T6-T3-1 /T2-T3-1 /T2-T1-1 
/D:1     /W-T5-1  /D:4     /W-F0-1  /D:1     /W-F1-1  /D:1     /W-T3-1  /D:1     /W-F1-1  
/D:2     /W-T0-1  /D:1     /W-F1-1  /W-F1-1  /T5-T6-1 /T5-F1-1 /T5-T6-1 /T5-T2-1 /W-T0-1  
/D:1     /W-F0-1  /T3-T5-3 /T3-F0-1 /T5-T3-4 /W-F0-1  /D:1     /W-T0-1  /T3-T0-5 /D:1     
/W-F2-1  /D:2     /W-T4-1  /T2-T4-2 /T4-T2-4 /T4-T5-1 /D:1     /W-T5-1  /D:1     /W-F1-1  
/R       /D:1     /W-T2-1  /T4-T2-1 /T4-T1-1 /T1-T4-7 /T1-F3-1 /T0-F3-1 /T0-F2-1 /T6-F3-1 
/T0-F3-1 /T6-F2-1 /T0-F2-1 /T6-F3-1 /T0-F3-1 /T0-F0-1 /T6-F3-1 /T6-T3-1 /T6-F2-1 /T4-F1-1 
/T2-F0-1 /T0-F3-1 /T2-F3-1 /T5-F0-1 /T0-T5-1 /T0-F3-1 /T4-T2-2 /T4-F0-1 /T0-F0-1 /T2-T4-3 
/T2-F3-1 /T3-F3-1 /T4-T2-4 /T4-F0-1 /T3-F0-1 /T4-F3-1 /T5-T0-3 /D:1     /W-F1-1  /D:1     
/W-F2-1  /T2-F2-1 /T0-F2-1 /T2-F1-1 /T0-F1-1 /T2-F2-1 /T0-F2-1 /T2-F1-1 /T0-F1-1 /T2-F2-1 
/T0-F2-1 /T2-F1-1 
"
1020390,X#pC#kLB#Dtcx#QISbd#KVYjgf#OMwUZnr#lPheEGsuiRJaHmvNFTqoWzAy,102.000000,969.000000,41.000000,0.672840,1,"
minimal: 0 / states: 121 / duration: 0.000133s
history:
/T6-T5-1 /T6-F2-1 /T4-T5-1 /T4-T1-1 /T1-T5-2 /D:5     /W-T4-1  /D:6     /W-T0-1  /D:1     
/W-F1-1  /T5-F1-1 /D:4     /W-F3-1  /D:4     /W-F2-1  /T1-F2-1 /T6-T1-1 /W-F2-1  /T5-T4-2 
/T5-F2-1 /D:1     /W-T3-1  /D:2     /W-F0-1  /T2-F0-1 /T2-T1-1 /T4-F0-1 /T0-T1-2 /W-T0-1  
/D:1     /R       /D:1     /W-T0-1  /T3-T0-2 /T3-F1-1 /T4-F1-1 /T5-T3-1 /T3-T6-2 /T3-F0-1 
/T4-F0-1 /D:3     /W-F1-1  /T6-F1-1 /T5-F1-1 /T4-T6-1 /T6-T4-3 /T6-T2-1 /T4-T0-4 /T6-T3-1 
/T6-F3-1 /W-F1-1  /W-F3-1  /T4-F3-1 /D:2     /W-F2-1  /D:2     /W-F1-1  /T5-F1-1 /T5-T3-1 
/T5-T1-1 /W-T1-1  /T5-T3-1 /D:1     /W-F3-1  /T0-F3-1 /T0-F2-1 /T1-F2-1 /W-T0-1  /D:1     
/W-T1-1  /D:1     /W-T4-1  /D:1     /W-F2-1  /T2-F2-1 /T2-F1-1 /T0-T3-4 /T0-F2-1 /T0-F1-1 
/T4-F1-1 /D:1     /W-F0-1  /T3-F0-1 /T1-F0-1 /D:1     /W-F3-1  /T3-F3-1 /T1-F3-1 /T3-F0-1 
/T1-F0-1 /T3-F3-1 /T1-F3-1 /T3-F0-1 /T1-F0-1 /T3-F3-1 /T3-F0-1 /T1-F3-1 /D:1     /W-F2-1  
/T0-F2-1 
"
1020396,f#CR#iVx#hdOc#Berpz#mvloTD#kLPaUyj#QnqWMuYFbSwgGNHXKJIZEAst,123.000000,2850.000000,49.000000,0.592105,1,"
minimal: 0 / states: 131 / duration: 0.000135s
history:
/T6-T2-1  /T5-T1-1  /T3-T1-1  /D:2      /W-F2-1   /D:5      /W-T4-1   /T2-T4-2  /W-T2-1   /T5-T2-1  
/T5-F2-1  /D:1      /W-T2-1   /T1-T2-3  /T3-T1-1  /T1-T3-2  /T4-T1-4  /T4-F2-1  /T4-T0-1  /T3-T0-3  
/D:5      /W-T3-1   /T0-T3-5  /D:1      /W-F3-1   /T3-F3-1  /D:2      /W-T6-1   /D:1      /W-T5-1   
/D:1      /W-T6-1   /T2-T6-7  /W-T2-1   /W-T2-1   /D:1      /W-T1-1   /T3-T1-6  /D:1      /W-T0-1   
/T6-T0-10 /D:2      /W-F0-1   /D:1      /W-T2-1   /T4-T2-1  /T4-F0-1  /T1-F0-1  /D:1      /W-T6-1   
/R        /D:2      /W-F2-1   /D:1      /W-T5-1   /D:1      /W-T3-1   /T5-T3-3  /T6-T5-2  /T6-F1-1  
/T6-F3-1  /W-F3-1   /T5-T3-3  /T6-T5-1  /T0-T2-2  /T0-F3-1  /T6-T5-1  /D:1      /W-F1-1   /T2-F1-1  
/T1-F1-1  /T1-F2-1  /T2-F0-1  /T2-F1-1  /T2-F2-1  /T1-F1-1  /T2-F1-1  /T3-F2-1  /T0-T2-2  /T0-F2-1  
/T1-T3-1  /T1-F1-1  /T2-T0-3  /T2-F1-1  /T3-T1-2  /T3-F2-1  /T1-T3-3  /T1-F1-1  /T5-F1-1  /D:1      
/W-F3-1   /D:1      /W-F2-1   /T1-F2-1  /T0-T5-6  /T0-F2-1  /T3-T1-5  /T3-F1-1  /T1-T3-6  /T1-F2-1  
/T5-T0-7  /T5-F1-1  /D:1      /W-F0-1   /T0-F0-1  /T0-F3-1  /T3-F0-1  /T0-F0-1  /T3-F3-1  /T0-F3-1  
/T3-F0-1  /T0-F0-1  /T3-F3-1  /T0-F3-1  /T3-F0-1  /T0-F0-1  /T3-F3-1  /T0-F3-1  /T3-F0-1  
"
1020455,L#Hq#mKd#UocR#BjiwG#sPIaMV#SYeDAFT#zCJZyhrtxXvOfnkNupbglWQE,153.500000,2906.000000,65.000000,0.480392,1,"
minimal: 0 / states: 137 / duration: 0.000153s
history:
/T1-T3-1 /T6-T1-1 /T6-T1-1 /T6-F0-1 /T3-T1-2 /T3-T1-1 /T3-T1-1 /T4-T3-1 /T5-T4-1 /T1-T4-7 
/T5-T1-1 /T5-F1-1 /T3-T5-2 /D:1     /W-T3-1  /D:1     /W-T2-1  /D:8     /W-T0-1  /T4-T0-9 
/D:2     /W-T2-1  /D:1     /W-T5-1  /D:1     /W-F2-1  /T0-F2-1 /D:2     /W-F3-1  /T2-F3-1 
/D:1     /W-T4-1  /D:1     /W-F2-1  /T0-T6-1 /T0-F2-1 /T6-T0-2 /D:1     /W-F1-1  /T0-F1-1 
/D:1     /W-T4-1  /D:1     /W-T1-1  /D:3     /W-T5-1  /T2-T5-2 /T2-T1-1 /T0-T2-9 /R       
/D:2     /W-T0-1  /D:1     /W-T0-1  /D:2     /W-F2-1  /D:4     /W-T0-1  /D:1     /W-T1-1  
/T5-T1-7 /T5-F3-1 /T6-T5-1 /T6-T3-1 /T5-T4-2 /D:1     /W-F3-1  /T2-T4-1 /T2-F3-1 /T6-F3-1 
/T4-T2-2 /T4-F2-1 /T2-T4-3 /T2-F3-1 /R       /D:1     /W-T0-1  /T4-T0-6 /D:2     /W-F2-1  
/T0-T2-4 /T0-F2-1 /D:1     /W-T3-1  /T4-T3-1 /T4-F0-1 /T1-F0-1 /T1-F1-1 /T2-F0-1 /T1-F0-1 
/T2-F1-1 /T1-F1-1 /T2-F0-1 /T1-F0-1 /T1-F3-1 /T2-F1-1 /T2-F0-1 /T2-F3-1 /W-F1-1  /T0-F1-1 
/T1-F0-1 /T0-F0-1 /T1-F3-1 /T1-F0-1 /T3-F1-1 /T0-F1-1 /T1-F1-1 /T2-T0-2 /T2-F0-1 /T1-F0-1 
/T2-F1-1 /D:1     /W-F2-1  /T0-F2-1 /T0-F3-1 /T3-F2-1 /T0-F2-1 /T3-F3-1 /T0-F3-1 /T3-F2-1 
"
1020479,c#VY#mCN#WjLb#ieKPn#xRXMIg#fowQvkZ#ruHDstaESzTyGBdAhOqplUJF,91.000000,970.000000,31.000000,0.734848,1,"
minimal: 0 / states: 118 / duration: 0.000129s
history:
/T2-F3-1 /T4-F2-1 /T3-T2-1 /T3-T6-1 /D:5     /W-T5-1  /D:2     /W-F1-1  /T2-F1-1 /T0-F1-1 
/T6-T0-2 /T6-T0-1 /T6-T3-1 /T2-T6-1 /D:5     /W-T2-1  /D:2     /W-T4-1  /D:1     /W-F1-1  
/D:1     /W-F0-1  /T4-F0-1 /T6-F0-1 /D:1     /W-T3-1  /W-T3-1  /D:1     /W-F3-1  /T4-F3-1 
/T6-F3-1 /T4-T1-1 /T4-F1-1 /T6-T0-1 /T6-F2-1 /T3-T1-4 /T6-F1-1 /T4-T0-1 /D:2     /W-F2-1  
/W-F2-1  /D:4     /R       /D:1     /W-F2-1  /T5-F2-1 /T5-F1-1 /T5-T3-1 /T5-T4-1 /T5-T2-1 
/T5-F3-1 /T1-T4-6 /T3-T5-2 /D:1     /W-T0-1  /D:1     /W-T1-1  /D:1     /W-F0-1  /D:1     
/W-F2-1  /T0-F2-1 /T4-T5-2 /T4-F2-1 /D:1     /W-F0-1  /D:1     /W-F3-1  /D:1     /W-T3-1  
/D:1     /W-F3-1  /D:1     /W-T3-1  /T5-T3-5 /D:1     /W-F3-1  /T1-T0-1 /T1-F3-1 /T3-T4-3 
/T3-F3-1 /T2-F3-1 /D:2     /W-F0-1  /T4-F0-1 /T0-F0-1 /T4-F1-1 /T0-F1-1 /T0-F2-1 /T4-F0-1 
/T4-F1-1 /T3-F2-1 /W-F0-1  /T0-F1-1 /T2-F2-1 /T4-F0-1 /T0-F0-1 /T3-F1-1 /T2-F1-1 /T4-F3-1 
/T0-F3-1 /T3-F2-1 /T4-F0-1 
"
1020493,E#sW#NAe#BruQ#UDJdY#pMbqXa#jvPwntV#ZKzcLTOmhoRIgHkfiyGlFCxS,137.500000,1160.000000,56.000000,0.596939,1,"
minimal: 0 / states: 128 / duration: 0.000134s
history:
/T5-F1-1 /T3-T0-1 /T3-T6-1 /D:2     /W-T4-1  /T1-T4-1 /T2-T1-1 /T2-F0-1 /T2-F3-1 /W-T2-1  
/D:3     /W-T2-1  /T5-T2-1 /T5-T1-1 /T5-F1-1 /T4-T5-3 /T4-T3-1 /T6-T4-2 /T4-T2-3 /W-F1-1  
/T3-F1-1 /D:1     /W-T2-1  /T1-T2-3 /T5-T1-4 /T5-T0-1 /W-T5-1  /D:1     /W-F3-1  /D:5     
/W-T1-1  /D:4     /W-T6-1  /T3-T6-1 /T3-F0-1 /D:4     /W-T5-1  /D:2     /W-F0-1  /T4-F0-1 
/T6-T4-3 /T6-F2-1 /T0-T4-2 /T0-F0-1 /W-F0-1  /W-F0-1  /T4-T1-6 /D:1     /W-T5-1  /D:1     
/R       /D:1     /W-T0-1  /D:2     /W-F2-1  /T1-F2-1 /T2-F2-1 /T2-F1-1 /D:1     /W-T2-1  
/D:2     /W-F0-1  /D:2     /W-T6-1  /D:1     /W-T0-1  /W-T0-1  /T6-T0-2 /T6-F3-1 /T1-F3-1 
/T1-F2-1 /T1-F1-1 /T2-F3-1 /T2-F2-1 /W-F1-1  /T1-F2-1 /W-F1-1  /T0-F1-1 /T1-T6-1 /T1-F0-1 
/T6-T1-2 /T6-F1-1 /T2-T0-3 /T2-F0-1 /T0-T2-4 /T0-F1-1 /T1-T5-3 /T1-F0-1 /T2-T0-5 /T2-F0-1 
/T5-T1-4 /T5-F1-1 /T0-T2-6 /T0-F1-1 /T1-T5-5 /T1-F0-1 /D:1     /W-F3-1  /T2-F3-1 /T2-F2-1 
/T5-F3-1 /T2-F3-1 /T5-F2-1 /T2-F2-1 /T5-F3-1 /T2-F3-1 /T5-F2-1 /T2-F2-1 /T5-F3-1 /T2-F3-1 
/T5-F2-1 
"
1020508,M#mK#oTj#fsRJ#XerpG#LcNBxl#OdCIvWa#QkDFPVYqiySnzgwhUZAuEbtH,143.000000,1686.000000,51.000000,0.617647,1,"
minimal: 0 / states: 119 / duration: 0.000125s
history:
/T6-F1-1 /T5-T0-1 /T6-T1-1 /T5-T0-1 /T6-T1-1 /T6-T2-1 /T2-T0-2 /D:4     /W-T2-1  /D:2     
/W-T3-1  /D:5     /W-T4-1  /D:1     /W-F2-1  /D:4     /W-T0-1  /T4-T0-2 /D:1     /W-T1-1  
/D:2     /W-F0-1  /T5-F0-1 /T5-F3-1 /T6-F0-1 /T4-T6-1 /T4-T0-1 /T4-T2-1 /T3-T4-2 /T6-T0-2 
/T6-F3-1 /W-T6-1  /D:1     /W-T4-1  /T2-T4-3 /T2-F2-1 /T0-F2-1 /D:2     /W-F1-1  /T5-F1-1 
/T0-F1-1 /T4-F1-1 /T3-T4-1 /T4-T5-7 /T5-T6-8 /D:1     /W-T1-1  /D:1     /R       /D:1     
/W-T0-1  /D:2     /W-F0-1  /D:1     /W-F3-1  /T0-F3-1 /T6-F3-1 /D:2     /W-F2-1  /T0-F2-1 
/T3-F2-1 /T0-F3-1 /T1-F2-1 /T3-F1-1 /D:3     /W-T2-1  /D:1     /W-F1-1  /T0-T1-1 /T0-F1-1 
/D:2     /W-F0-1  /T6-F0-1 /T1-F0-1 /T6-F3-1 /T1-F3-1 /T6-F2-1 /T1-F2-1 /T6-F3-1 /T1-F3-1 
/W-F2-1  /T0-T1-2 /T0-F2-1 /T1-T0-3 /W-F2-1  /T2-F2-1 /W-F1-1  /D:1     /W-F0-1  /T0-F0-1 
/T0-F1-1 /T6-F0-1 /T0-F0-1 /T6-F3-1 /W-F3-1  /W-F1-1  /T0-F1-1 /T6-F0-1 /T0-F0-1 /T1-F1-1 
/T6-F3-1 
"
1020543,l#nz#Pgo#MbNh#cumtk#faeISA#EXwrjyK#RJUQYiFBxdvpTWOsCLDqVHZG,109.000000,1959.000000,36.000000,0.659722,1,"
minimal: 0 / states: 112 / duration: 0.000119s
history:
/T5-F0-1  /T6-T0-1  /T4-T6-1  /T5-T4-1  /T3-T5-1  /T3-F3-1  /T4-T5-2  /T6-T4-2  /T6-T0-1  /T5-T0-4  
/T6-T0-1  /T6-T4-1  /T0-T1-8  /T4-T0-4  /D:2      /W-T6-1   /D:2      /W-T1-1   /D:2      /W-T0-1   
/T4-T0-1  /T2-T4-1  /T2-T0-1  /D:1      /W-T0-1   /T5-T0-1  /T5-F1-1  /T3-F1-1  /T4-T2-1  /T4-F1-1  
/T1-T4-10 /T1-F2-1  /T2-F2-1  /W-T3-1   /D:1      /W-F0-1   /D:1      /W-T3-1   /D:1      /W-F1-1   
/T0-F1-1  /T5-F1-1  /D:2      /W-F2-1   /D:2      /W-T3-1   /D:1      /W-F3-1   /T2-F3-1  /T4-F3-1  
/D:2      /W-F0-1   /D:2      /W-F0-1   /D:1      /W-F2-1   /T4-F2-1  /D:1      /W-T6-1   /D:1      
/W-T6-1   /D:1      /W-T1-1   /W-T1-1   /T6-T1-4  /T6-F0-1  /T0-F0-1  /T0-F1-1  /W-F2-1   /W-T0-1   
/W-T3-1   /W-T3-1   /W-F3-1   /T4-F3-1  /T0-F3-1  /T4-F2-1  /T0-F2-1  /T3-F3-1  /T3-F2-1  /T4-F1-1  
/T0-F1-1  /T0-F2-1  /T4-T3-1  /T4-F1-1  /T0-F1-1  /T3-T4-2  /T3-F2-1  /T0-F2-1  /T4-T3-3  /T4-F1-1  
/T0-F1-1  /T4-F2-1  /D:1      /W-F0-1   /T1-F0-1  /T1-F3-1  /T3-F0-1  /T1-F0-1  /T3-F3-1  /T1-F3-1  
/T3-F0-1  /T1-F0-1  /T3-F3-1  /T1-F3-1  /T3-F0-1  
"
1020576,I#KE#HGk#utxY#WvaFh#MbwDLe#qXdpPmA#NyCoTVzZnJicUlSQsjrgBORf,136.500000,3003.000000,44.000000,0.596154,1,"
minimal: 0 / states: 124 / duration: 0.000131s
history:
/T6-F0-1  /T4-T0-1  /T5-T4-1  /T5-T6-1  /T5-T4-1  /T2-T6-1  /T5-T6-1  /T2-T0-1  /D:1      /W-F3-1   
/D:4      /W-T2-1   /T4-T2-3  /T4-F1-1  /T5-F1-1  /T3-T5-1  /T3-T5-1  /D:1      /W-T6-1   /T2-T6-5  
/T6-T2-10 /T6-T2-1  /W-T2-1   /D:3      /W-F2-1   /T2-F2-1  /T6-F2-1  /T6-T1-1  /D:1      /W-T6-1   
/D:1      /W-T6-1   /D:1      /W-F1-1   /T1-F1-1  /D:1      /W-T4-1   /T3-T4-1  /T3-T6-1  /W-T3-1   
/D:2      /W-T0-1   /T1-T0-1  /D:1      /W-T0-1   /D:2      /W-T1-1   /T4-T1-3  /T0-T4-6  /T4-T5-7  
/D:2      /W-T6-1   /D:1      /W-F0-1   /D:1      /W-F3-1   /T2-F3-1  /T5-F3-1  /D:1      /W-F3-1   
/D:1      /W-T1-1   /T5-T1-1  /T5-F3-1  /T2-T6-3  /T2-F3-1  /R        /D:1      /W-T3-1   /T6-T3-8  
/T6-F2-1  /D:1      /W-F0-1   /T3-F0-1  /T1-F0-1  /T3-F1-1  /T3-F0-1  /T1-F1-1  /T5-F0-1  /T2-F0-1  
/T3-F1-1  /T5-F1-1  /T5-F0-1  /T3-T2-1  /T3-F1-1  /T3-F0-1  /T1-T5-3  /T1-F1-1  /T1-F0-1  /T2-T3-3  
/T2-F1-1  /T2-F0-1  /D:1      /W-T0-1   /T5-T0-6  /T5-F0-1  /D:1      /W-F1-1   /T2-F1-1  /D:2      
/W-F2-1   /W-F2-1   /T0-F2-1  /T0-F3-1  /T3-F2-1  /T0-F2-1  /T3-F3-1  /T0-F3-1  /T3-F2-1  /T0-F2-1  
/T3-F3-1  /T0-F3-1  /T3-F2-1  /T0-F2-1  /T3-F3-1  
"
1020613,B#QG#PpJ#YtdF#MNkVS#HTjiCU#zrwOLbe#hIKfnqxXEsaZgWcvAmuyoRlD,136.000000,3571.000000,53.000000,0.631579,1,"
minimal: 0 / states: 119 / duration: 0.000133s
history:
/T6-T3-1 /T4-T1-1 /T4-T2-1 /T2-T4-2 /T6-T2-1 /T4-T6-3 /T4-F3-1 /T1-T5-2 /T2-T1-2 /T0-T2-1 
/D:5     /W-F2-1  /D:1     /W-T3-1  /T2-T3-2 /D:3     /W-T5-1  /T1-T5-3 /D:2     /W-F1-1  
/T5-F1-1 /D:1     /W-T0-1  /T6-T0-4 /T6-F3-1 /D:3     /W-F1-1  /D:2     /W-F0-1  /T3-F0-1 
/T3-F3-1 /D:1     /W-T1-1  /D:1     /W-T0-1  /D:1     /W-T1-1  /D:1     /W-F2-1  /T5-F2-1 
/T3-F2-1 /T5-F3-1 /D:1     /W-F3-1  /D:1     /W-T4-1  /D:1     /W-T3-1  /R       /D:3     
/W-T4-1  /D:3     /W-T1-1  /T6-T1-1 /T6-F2-1 /D:1     /W-F2-1  /D:1     /W-T0-1  /T3-T0-3 
/T3-F1-1 /T3-F2-1 /W-T3-1  /T3-T6-2 /D:1     /W-T4-1  /D:1     /W-T4-1  /T5-T4-4 /T5-F0-1 
/T0-F0-1 /T0-F1-1 /T4-F0-1 /T0-F0-1 /T4-F3-1 /W-F1-1  /T0-F1-1 /T4-F0-1 /T5-T1-1 /T5-T6-1 
/T5-F3-1 /T0-F2-1 /T4-F3-1 /T5-F0-1 /T0-F3-1 /T4-F2-1 /T4-F3-1 /W-F0-1  /W-F1-1  /T1-F1-1 
/T0-F0-1 /T1-F2-1 /T1-F3-1 /T6-F1-1 /T0-F1-1 /T4-F0-1 /T0-F0-1 /T6-F2-1 /T1-F2-1 /T4-F1-1 
/T1-F1-1 /T6-F3-1 /T0-F3-1 /T4-F0-1 /T6-F2-1 
"
1020660,d#Vv#CXY#weFT#GkojB#nbLIES#PmfMtHN#zKRhUciJyQrAOZDlsxapWuqg,133.000000,963.000000,44.000000,0.630435,1,"
minimal: 0 / states: 126 / duration: 0.000139s
history:
/T6-F3-1 /T3-T6-1 /T3-T6-1 /T3-T6-1 /D:2     /W-T2-1  /D:2     /W-T1-1  /D:3     /W-T3-1  
/T6-T3-4 /T5-T6-1 /T5-T6-1 /T6-T1-3 /T2-T6-2 /T0-T1-1 /T6-T0-3 /T3-T2-6 /D:4     /W-T6-1  
/W-T6-1  /D:1     /W-F0-1  /T4-F0-1 /T4-T0-1 /T5-T0-1 /T2-T5-7 /T2-F0-1 /D:1     /W-F3-1  
/D:1     /W-T2-1  /T5-T2-8 /F0-T1-1 /T5-T1-1 /T5-F2-1 /T4-F2-1 /D:1     /W-T2-1  /D:4     
/W-F1-1  /T1-F1-1 /T1-F0-1 /T2-F0-1 /D:1     /W-F2-1  /D:3     /W-F2-1  /D:1     /R       
/D:1     /W-T3-1  /D:2     /W-T0-1  /D:1     /W-F1-1  /T1-F1-1 /T2-F1-1 /T1-F0-1 /T6-T1-2 
/T6-F1-1 /T6-T5-1 /T6-F3-1 /T1-F3-1 /T1-F2-1 /W-F3-1  /T1-F3-1 /T2-F0-1 /T2-F3-1 /T0-F3-1 
/D:1     /W-T4-1  /D:1     /W-T5-1  /T4-T5-2 /T4-F0-1 /T2-F0-1 /T0-F0-1 /T1-T0-3 /T1-F3-1 
/T5-F0-1 /D:1     /W-T3-1  /D:1     /W-F2-1  /T0-F2-1 /D:1     /W-T3-1  /T0-T3-3 /T0-F0-1 
/D:1     /W-F3-1  /T2-T5-2 /T2-F3-1 /T0-F3-1 /T2-F0-1 /T0-F0-1 /T2-F3-1 /D:1     /W-F2-1  
/D:1     /W-F1-1  /T3-F1-1 /T3-F2-1 /T5-F1-1 /T3-F1-1 /T5-F2-1 /T3-F2-1 /T5-F1-1 /T3-F1-1 
/T5-F2-1 /T3-F2-1 /T5-F1-1 
"
1020688,q#ON#mnc#aRCo#SFbyE#ZkYDGJ#rKWQAiz#HswgfxPhuVvUTBpLIXldjeMt,135.500000,2036.000000,53.000000,0.593407,1,"
minimal: 0 / states: 127 / duration: 0.000133s
history:
/T1-F3-1 /T1-F3-1 /T6-T1-1 /T6-T5-1 /T6-F0-1 /T3-T2-1 /T6-T4-1 /T2-T0-2 /T2-F2-1 /T0-F2-1 
/T3-T4-1 /T0-T3-2 /D:1     /W-T5-1  /D:3     /W-T5-1  /D:3     /W-F3-1  /D:4     /W-T6-1  
/D:1     /W-T6-1  /D:2     /W-F0-1  /T4-F0-1 /T4-F3-1 /D:1     /W-F2-1  /D:1     /W-T2-1  
/D:2     /W-T2-1  /T5-T2-4 /T5-T6-1 /T5-F0-1 /T4-F0-1 /T5-T1-1 /T5-T4-1 /T4-T5-2 /D:5     
/W-T0-1  /D:1     /R       /D:1     /W-T2-1  /T3-T2-3 /T3-F1-1 /T4-F1-1 /T2-F1-1 /T2-F2-1 
/T2-F3-1 /T4-F0-1 /T4-F3-1 /T6-F0-1 /D:1     /W-T5-1  /D:2     /W-T1-1  /T6-T1-3 /D:3     
/W-T5-1  /W-T5-1  /T2-T5-2 /T2-F0-1 /D:1     /W-F3-1  /T1-F3-1 /T5-T2-3 /T5-F3-1 /W-T1-1  
/D:1     /W-F0-1  /T2-T5-4 /T2-F0-1 /T6-F0-1 /T6-F2-1 /T5-F2-1 /D:1     /W-T0-1  /D:1     
/W-F1-1  /D:2     /W-F1-1  /D:1     /W-F2-1  /R       /D:1     /W-F1-1  /T5-F1-1 /T1-F1-1 
/T5-F2-1 /T1-F2-1 /T1-F3-1 /T5-F1-1 /T5-F2-1 /T2-F3-1 /T1-F2-1 /T1-F3-1 /T2-F0-1 /T0-T1-1 
/T0-F0-1 /T5-T2-2 /T5-F3-1 /D:1     /W-F1-1  /T2-F1-1 /T1-F1-1 /T2-F2-1 /T1-F2-1 /T2-F1-1 
"
1020716,p#jE#mPU#uJwa#BCkIg#ceXOZi#ALyrzRN#GbMVxqYTSfvtHQnFdDsolKhW,126.500000,1731.000000,52.000000,0.617647,1,"
minimal: 0 / states: 121 / duration: 0.000144s
history:
/T3-F1-1 /T6-F3-1 /T5-T3-1 /D:1     /W-T2-1  /D:1     /W-F1-1  /D:4     /W-T6-1  /D:3     
/W-T2-1  /T1-T2-1 /D:2     /W-T1-1  /T2-T1-4 /T2-T6-1 /D:2     /W-T3-1  /T4-T3-1 /D:1     
/W-T1-1  /T0-T1-1 /T5-T0-1 /T5-F3-1 /T3-T5-4 /T6-F3-1 /D:1     /W-F2-1  /D:1     /W-T5-1  
/T6-T5-2 /D:4     /W-F2-1  /T1-F2-1 /T1-F3-1 /T5-F2-1 /T5-F3-1 /D:1     /W-T6-1  /D:1     
/W-T6-1  /T1-T6-6 /T6-T1-9 /T6-F2-1 /T5-T6-6 /T6-T0-7 /T5-T0-1 /T6-T2-1 /T6-F0-1 /T5-F1-1 
/W-F2-1  /W-T0-1  /W-F1-1  /W-F2-1  /D:1     /W-T4-1  /D:1     /R       /D:1     /W-T5-1  
/D:1     /W-T3-1  /D:2     /W-T5-1  /W-T5-1  /D:3     /W-T5-1  /T4-T5-2 /T4-T2-1 /T3-T2-2 
/F1-T1-1 /T4-T1-1 /T4-F0-1 /T1-F0-1 /T0-F0-1 /T1-F1-1 /T0-F1-1 /T1-F0-1 /T0-F0-1 /T1-F3-1 
/W-F1-1  /T0-F1-1 /T1-F0-1 /T5-F1-1 /W-F3-1  /T0-F0-1 /T1-F3-1 /T3-F2-1 /T0-F1-1 /T1-F2-1 
/T2-F3-1 /T0-F2-1 /T5-F0-1 /T1-F1-1 /T2-F0-1 /T2-F1-1 /T5-F3-1 /T0-F3-1 /T1-F0-1 /T2-F0-1 
/T5-F2-1 /T0-F2-1 /T1-F1-1 /T2-F1-1 /T5-F3-1 /T0-F3-1 /T1-F2-1 /T5-F0-1 
"
1020731,x#Gy#oaE#JVSR#KzeBh#AvcNpu#fZdrQOM#iXIUqHCglwPDknmsbtFTLYWj,96.500000,829.000000,39.000000,0.727941,1,"
minimal: 0 / states: 122 / duration: 0.000137s
history:
/D:2     /W-T1-1  /D:3     /W-T3-1  /D:3     /W-T5-1  /D:1     /W-T6-1  /T0-T6-1 /T6-T0-3 
/D:1     /W-T1-1  /D:1     /W-T3-1  /D:3     /W-F2-1  /D:2     /W-T5-1  /T3-T5-3 /T2-T3-1 
/T2-F1-1 /T2-F2-1 /W-T2-1  /T1-T2-3 /T3-T1-2 /T5-T3-6 /T5-F2-1 /T5-F3-1 /T6-F3-1 /T6-T1-1 
/T3-T2-7 /T2-F3-1 /T5-T2-1 /T4-T5-1 /T4-T2-1 /T1-F3-1 /T2-T4-3 /T2-F3-1 /T4-T2-4 /T1-T5-3 
/T4-T1-1 /D:1     /W-F1-1  /D:5     /W-T1-1  /T4-T1-1 /D:1     /W-T0-1  /T5-T0-5 /T5-F0-1 
/T2-F0-1 /T2-F1-1 /T2-F2-1 /T6-F2-1 /T6-F1-1 /T6-T4-1 /T2-F1-1 /T2-F2-1 /T6-F1-1 /T2-F1-1 
/W-T4-1  /W-T2-1  /W-T2-1  /W-F2-1  /W-T4-1  /T3-T4-1 /D:1     /W-T1-1  /R       /D:1     
/W-T4-1  /D:1     /W-T1-1  /D:1     /W-T1-1  /T0-T1-3 /T0-F1-1 /T4-F1-1 /D:2     /W-F0-1  
/D:1     /W-F0-1  /T1-F0-1 /T1-F3-1 /T2-F0-1 /T1-F0-1 /T2-F3-1 /T1-F3-1 /T2-F2-1 /T0-F2-1 
/W-F0-1  /T1-F0-1 /T1-F1-1 /T2-F3-1 /T0-F3-1 /T2-F2-1 /T0-F2-1 /T4-F0-1 /T1-F0-1 /T2-F3-1 
/T1-F3-1 /T4-F1-1 /T0-F1-1 /T2-F2-1 /T1-F2-1 /T4-F0-1 /T0-F0-1 /T2-F1-1 /T4-F3-1 
"
1020734,l#ty#jWw#cKUY#OxbeH#ITfzSX#qGsdvir#ZJCDuVFEPANknLRamhgopMBQ,112.000000,767.000000,32.000000,0.701389,1,"
minimal: 0 / states: 122 / duration: 0.000130s
history:
/T5-T1-1  /T6-T5-1  /T6-T2-1  /T4-T2-1  /T2-T1-3  /T6-T2-1  /T6-T5-1  /T4-T6-1  /D:3      /W-T5-1   
/T4-T5-1  /T2-T4-2  /T4-T0-3  /D:1      /W-T6-1   /D:5      /W-T6-1   /D:1      /W-F0-1   /D:1      
/W-F3-1   /T4-F3-1  /T6-F3-1  /D:2      /W-F2-1   /D:3      /W-F1-1   /T5-F1-1  /D:1      /W-T4-1   
/T1-T4-5  /T5-T1-4  /T3-T5-1  /T3-T0-1  /T3-T5-1  /T1-T0-5  /T5-T1-3  /T3-F1-1  /T2-T1-1  /D:2      
/W-T4-1   /T6-T4-3  /T5-T6-1  /D:1      /W-F2-1   /D:1      /W-F2-1   /D:1      /W-T2-1   /T0-T2-10 
/D:1      /W-F0-1   /T2-F0-1  /T2-F1-1  /T4-F0-1  /T4-F1-1  /T6-F1-1  /T4-T5-1  /T4-F1-1  /T5-T4-2  
/W-T5-1   /T6-T5-1  /T6-F2-1  /T2-F2-1  /T4-F2-1  /T2-T5-1  /T2-F2-1  /T5-T2-2  /T5-F1-1  /T5-T1-1  
/D:1      /W-F3-1   /W-F3-1   /T2-F3-1  /T4-F3-1  /R        /D:1      /W-T0-1   /D:2      /W-F2-1   
/T2-T1-2  /T2-F2-1  /D:3      /W-F0-1   /W-F0-1   /T1-F0-1  /T1-F3-1  /T4-F0-1  /T1-F0-1  /T4-F1-1  
/T1-F1-1  /W-F3-1   /T2-F3-1  /T4-F2-1  /T2-F2-1  /W-F0-1   /T1-F0-1  /T4-F3-1  /T1-F3-1  /T0-F3-1  
/T4-F2-1  /T1-F2-1  /D:1      /W-F1-1   /T2-F1-1  /T4-F1-1  /D:1      /W-F0-1   /T2-F0-1  
"
1020746,T#rH#ihS#bXpF#MUxZG#EwoJmI#CqOdDnA#uVPKzYBeklyjcaLgsvNRfWQt,130.000000,1650.000000,45.000000,0.636364,1,"
minimal: 0 / states: 123 / duration: 0.000137s
history:
/T6-F0-1 /T6-F2-1 /T3-T0-1 /T2-T4-1 /T4-T2-2 /T2-T5-3 /T1-T2-1 /T0-T2-2 /T4-T0-1 /T1-T5-1 
/D:3     /W-T6-1  /D:2     /W-T1-1  /D:1     /W-T1-1  /T4-T1-1 /D:1     /W-F0-1  /D:1     
/W-T2-1  /T6-T2-2 /T6-T5-1 /T3-T5-1 /T6-T5-1 /D:3     /W-T0-1  /T3-T0-1 /D:1     /W-T1-1  
/T5-T1-8 /D:1     /W-T6-1  /D:1     /W-F1-1  /T3-F1-1 /T5-T3-1 /T5-T0-1 /T5-F2-1 /T6-F1-1 
/T2-T0-7 /D:1     /W-T3-1  /D:4     /W-F3-1  /T1-F3-1 /T0-F3-1 /T1-F2-1 /T6-F2-1 /T6-F0-1 
/T0-F0-1 /T1-F1-1 /T0-F1-1 /T1-F2-1 /D:1     /W-T0-1  /D:1     /W-F1-1  /D:2     /W-F3-1  
/T0-F3-1 /T1-F3-1 /D:1     /W-T4-1  /R       /D:2     /W-T5-1  /W-T5-1  /D:2     /W-T3-1  
/T5-T3-3 /T5-F0-1 /T0-F0-1 /T1-F0-1 /T0-F3-1 /T4-T1-1 /T4-F3-1 /T0-F0-1 /T3-T0-1 /T3-F3-1 
/D:1     /W-T4-1  /W-T4-1  /D:1     /W-F1-1  /D:1     /W-F2-1  /T1-F2-1 /T0-F2-1 /T1-F1-1 
/T0-F1-1 /T1-F0-1 /T0-F0-1 /T1-F1-1 /T4-F0-1 /T3-T0-1 /T3-F1-1 /T3-F0-1 /T4-F1-1 /T3-F1-1 
/T4-F0-1 /D:1     /W-F2-1  /T0-F2-1 /T1-F2-1 /D:1     /W-F3-1  /T0-F3-1 /T0-F2-1 /T1-F3-1 
/T0-F3-1 /T1-F2-1 
"
1020832,B#cK#Rwi#EnzJ#jYpek#ZuSdUA#TlrOavW#PyMgfbGsVFhmXLQqoDHtIxCN,97.500000,1747.000000,49.000000,0.629412,1,"
minimal: 0 / states: 126 / duration: 0.000137s
history:
/T5-F0-1 /T0-F0-1 /T6-T1-1 /T6-T1-1 /T6-F1-1 /T5-T1-1 /T3-T4-1 /T2-T4-1 /T3-T0-1 /T3-F2-1 
/T5-T3-1 /T3-T5-2 /D:3     /W-T3-1  /D:3     /W-F1-1  /D:1     /W-T1-1  /T5-T1-3 /T5-T4-1 
/D:2     /W-T2-1  /D:5     /W-T5-1  /T4-T5-4 /D:2     /W-T4-1  /D:1     /W-F2-1  /D:2     
/W-T2-1  /D:4     /W-T1-1  /T6-T1-1 /D:1     /W-F3-1  /T1-F3-1 /T1-F0-1 /R       /D:1     
/W-F3-1  /D:2     /W-T2-1  /D:2     /W-T2-1  /T4-T2-2 /T4-F2-1 /T1-T4-8 /T1-F1-1 /T2-F2-1 
/T4-F1-1 /T6-F2-1 /T4-T0-8 /T6-T3-1 /T2-F1-1 /T2-F2-1 /W-F1-1  /T2-F1-1 /T6-T2-1 /D:1     
/W-T2-1  /D:1     /W-F1-1  /D:1     /W-T1-1  /W-T1-1  /D:1     /W-T1-1  /T2-T1-5 /T2-T1-1 
/D:1     /W-F3-1  /T1-F3-1 /D:1     /W-F0-1  /T0-F0-1 /T0-F3-1 /T1-F0-1 /T0-F0-1 /T1-F3-1 
/T1-F0-1 /T0-F3-1 /T1-F3-1 /T0-T4-1 /T0-F3-1 /T4-T0-2 /D:1     /W-F2-1  /T5-F2-1 /T0-F2-1 
/T5-F1-1 /T1-F2-1 /T0-F1-1 /T1-F3-1 /T0-T3-1 /T0-F3-1 /D:1     /W-F0-1  /T5-F0-1 /T3-F0-1 
/T5-F1-1 /T5-F0-1 /T3-F1-1 /T3-F0-1 /T5-F3-1 /D:1     /W-F2-1  /T1-F2-1 /T0-F2-1 /T1-F1-1 
"
1020837,H#ZN#BWg#TnJc#OoMaw#stPxYm#FqpuGbv#rLhAkijeSfXEVCzIUKRQydlD,112.000000,2485.000000,46.000000,0.629630,1,"
minimal: 0 / states: 125 / duration: 0.000137s
history:
/T1-F3-1 /T2-T0-1 /T6-T2-1 /D:2     /W-T1-1  /D:1     /W-T2-1  /D:1     /W-F0-1  /D:1     
/W-T1-1  /T4-T1-1 /T4-F1-1 /T6-F1-1 /T3-F1-1 /T6-T2-1 /D:1     /W-T1-1  /T6-T1-1 /D:3     
/W-T2-1  /D:3     /W-T2-1  /D:1     /W-T3-1  /T0-T3-2 /T5-T0-1 /T5-T4-1 /T5-T4-1 /T2-T4-6 
/T2-F0-1 /T4-T2-9 /T4-T5-1 /T4-F3-1 /D:1     /W-F0-1  /D:1     /W-T4-1  /D:5     /W-T2-1  
/T6-T2-1 /T5-T6-2 /D:1     /W-T0-1  /D:1     /W-F1-1  /D:1     /W-T4-1  /D:1     /W-F0-1  
/R       /D:3     /W-F1-1  /D:1     /W-F1-1  /T3-F1-1 /D:1     /W-T0-1  /T3-T0-3 /T3-F2-1 
/T6-F2-1 /T2-F2-1 /T6-F3-1 /T2-F3-1 /T2-F0-1 /T6-F2-1 /T6-F0-1 /T2-T5-1 /T2-F0-1 /T5-T2-2 
/T0-F0-1 /T3-T1-1 /T5-T1-1 /D:1     /W-F0-1  /D:2     /W-T4-1  /D:1     /W-F3-1  /T2-F3-1 
/R       /D:1     /W-F2-1  /T1-F2-1 /T1-F3-1 /T2-F2-1 /T1-F2-1 /T2-F1-1 /T1-F1-1 /T2-F2-1 
/T1-F2-1 /T2-T4-1 /T2-F2-1 /D:1     /W-F1-1  /T1-F1-1 /T0-T1-3 /T0-F2-1 /T4-T2-2 /T4-F1-1 
/T0-F1-1 /T4-F2-1 /D:1     /W-F3-1  /T1-F3-1 /T1-F0-1 /T2-F3-1 /T1-F3-1 /T2-F0-1 /T1-F0-1 
/T2-F3-1 /T1-F3-1 /T2-F0-1 
"
1020853,e#Lk#FQW#mRya#cdbJu#qUfIwN#VjKDtiz#lMTGxZPEpnOCYvAroHhgBsXS,135.000000,1717.000000,44.000000,0.646067,1,"
minimal: 0 / states: 122 / duration: 0.000127s
history:
/T3-F1-1  /T5-F3-1  /T5-T1-1  /T5-T2-1  /T1-T3-2  /D:1      /W-T6-1   /D:2      /W-T4-1   /D:2      
/W-T6-1   /T2-T6-2  /D:3      /W-T5-1   /T2-T5-1  /T0-T2-1  /T6-T0-5  /T6-T3-1  /T4-T3-2  /T5-T6-3  
/T6-T5-4  /T6-T2-1  /T5-T0-5  /W-T2-1   /T2-T3-4  /W-T2-1   /T3-T2-10 /T5-T3-1  /D:1      /W-T0-1   
/D:1      /W-F2-1   /D:1      /W-F3-1   /T2-F3-1  /D:4      /W-F0-1   /D:2      /W-F2-1   /T0-F2-1  
/T0-F3-1  /T3-F2-1  /T3-F3-1  /W-F2-1   /T1-T3-1  /D:4      /W-F0-1   /D:1      /W-F2-1   /D:1      
/W-T3-1   /T4-T3-1  /T4-F1-1  /T4-T0-1  /T4-F1-1  /T0-F1-1  /D:1      /W-F3-1   /R        /D:1      
/W-T1-1   /D:2      /W-F0-1   /T2-F0-1  /T0-F0-1  /T2-F1-1  /T0-F1-1  /T0-F2-1  /T2-F0-1  /T2-F3-1  
/W-F0-1   /T0-F3-1  /T2-F2-1  /D:1      /W-T1-1   /T6-T1-1  /T6-T1-1  /T6-F3-1  /T0-T1-1  /T0-F3-1  
/D:1      /W-F2-1   /T2-T3-1  /T2-F2-1  /T0-F2-1  /T3-T2-2  /T3-F3-1  /T1-T0-3  /T1-F3-1  /T2-T3-3  
/T2-F2-1  /T2-F3-1  /T0-T1-4  /T0-F2-1  /D:1      /W-F0-1   /T1-F0-1  /D:2      /W-F1-1   /W-F1-1   
/T3-F1-1  /T1-F1-1  /T3-F0-1  /T1-F0-1  /T3-F1-1  /T1-F1-1  /T3-F0-1  /T1-F0-1  /T3-F1-1  
"
1020877,F#eb#Eij#WpAZ#ovKXd#HkcCxN#OyJSPTI#qDYGgnQfrhVuUzsamLRtlwBM,139.000000,1893.000000,58.000000,0.511236,1,"
minimal: 0 / states: 136 / duration: 0.000141s
history:
/T5-F3-1  /T6-T2-1  /T2-T5-2  /T0-T6-1  /T3-T0-1  /T3-F0-1  /T1-T3-1  /T3-T4-2  /T1-T6-1  /D:1      
/W-T6-1   /D:5      /W-F2-1   /D:4      /W-T5-1   /D:2      /W-T2-1   /T6-T2-4  /T6-T2-1  /D:2      
/W-T1-1   /D:2      /W-F1-1   /T4-F1-1  /D:2      /W-T0-1   /D:2      /W-T5-1   /T6-T5-1  /T2-T6-7  
/T4-T2-2  /T4-T0-1  /T6-T0-8  /T2-T5-3  /T3-T4-1  /D:1      /W-T1-1   /T5-T1-9  /D:2      /W-F0-1   
/T5-F0-1  /T5-F1-1  /T5-T6-1  /W-T6-1   /D:1      /W-T2-1   /R        /D:1      /W-F0-1   /D:1      
/W-T2-1   /T4-T2-2  /T4-T2-1  /T4-F2-1  /T1-F2-1  /T1-F1-1  /T1-F0-1  /D:2      /W-T5-1   /D:3      
/W-T1-1   /D:1      /W-T6-1   /T5-T6-2  /D:1      /W-T2-1   /D:1      /W-T6-1   /T0-T6-3  /T0-F0-1  
/D:1      /W-T3-1   /T6-T3-10 /T6-F3-1  /T3-F3-1  /T3-F2-1  /T3-F1-1  /T1-F2-1  /W-F1-1   /W-F3-1   
/T3-F2-1  /T3-F1-1  /W-F0-1   /T3-F0-1  /T1-T2-2  /T1-F1-1  /T1-F0-1  /T0-T3-2  /T0-F1-1  /T0-F0-1  
/T1-F1-1  /T2-T1-5  /T2-F0-1  /T3-T0-4  /T3-F1-1  /T0-T3-5  /T0-F0-1  /T1-T2-6  /T1-F1-1  /T2-T1-7  
/T2-F0-1  /T3-T0-6  /T3-F1-1  /D:1      /W-F3-1   /T1-F3-1  /T0-F3-1  /T1-F2-1  /T0-F2-1  /T1-F3-1  
/T0-F3-1  /T1-F2-1  /T0-F2-1  /T1-F3-1  /T0-F3-1  /T1-F2-1  /T0-F2-1  /T1-F3-1  /T0-F3-1  /T1-F2-1  
"
1020895,W#OI#kXt#rnmT#BSaoL#iZuYQz#AVJhqNl#fxcUbCMGegwvpdREsHjyPFKD,106.500000,2778.000000,58.000000,0.541176,1,"
minimal: 0 / states: 144 / duration: 0.000148s
history:
/T6-T5-1 /T6-F3-1 /T1-T0-1 /T1-F3-1 /T5-T1-2 /D:1     /W-T2-1  /D:1     /W-T1-1  /T0-T1-2 
/D:1     /W-T6-1  /D:1     /W-T1-1  /T2-T1-2 /T2-T4-1 /D:2     /W-T5-1  /W-T5-1  /D:1     
/W-T0-1  /D:4     /W-T2-1  /D:5     /W-T1-1  /T5-T1-3 /T5-T0-1 /T3-T5-1 /T4-T3-2 /T4-T6-1 
/T4-F1-1 /T1-F1-1 /D:1     /W-T5-1  /W-T5-1  /T6-T5-3 /D:4     /W-F3-1  /D:2     /W-T0-1  
/D:1     /R       /D:1     /W-T6-1  /T4-T6-1 /D:7     /W-T0-1  /D:3     /R       /D:3     
/W-T0-1  /T6-T0-3 /T6-T3-1 /T5-T6-7 /T6-T2-8 /T6-F0-1 /T4-F0-1 /T1-F0-1 /T3-T4-4 /T3-F2-1 
/T2-F2-1 /T2-F1-1 /T5-T6-1 /T1-F3-1 /T3-T0-1 /T5-T4-1 /D:1     /W-F2-1  /T2-F2-1 /T0-F2-1 
/T2-F3-1 /T0-F3-1 /T2-F2-1 /T2-F3-1 /T1-T0-2 /T1-F2-1 /T1-F3-1 /T2-F2-1 /T2-F3-1 /T0-T1-4 
/T0-F2-1 /T2-F2-1 /T1-T0-5 /T1-F3-1 /T1-F2-1 /T4-T2-2 /T4-F3-1 /T0-T1-7 /T0-F3-1 /T6-F3-1 
/T2-T4-3 /D:1     /W-F1-1  /D:1     /W-T4-1  /W-T4-1  /W-F1-1  /D:1     /W-F2-1  /T1-T0-8 
/T1-F2-1 /D:1     /W-T4-1  /D:1     /W-F0-1  /T0-F0-1 /T0-F1-1 /T4-F0-1 /T0-F0-1 /T4-F1-1 
/T0-F1-1 /T4-F0-1 /T0-F0-1 /T4-F1-1 /T0-F1-1 /T4-F0-1 /T0-F0-1 /T4-F1-1 /T0-F1-1 /T4-F0-1 
/T0-F0-1 /T4-F1-1 
"
1020900,g#cC#Iwd#rJyU#pOmuA#iHXGxo#BeSFNsT#zMaPKvRlLVYbEqkQZtjDWnfh,121.500000,2498.000000,45.000000,0.652941,1,"
minimal: 0 / states: 119 / duration: 0.000136s
history:
/T4-F0-1 /T6-T4-1 /T6-T0-1 /T6-F3-1 /T6-T4-1 /T1-T2-1 /T5-T1-1 /D:3     /W-F1-1  /D:4     
/W-T0-1  /D:5     /W-F1-1  /D:1     /W-T6-1  /T2-T6-2 /D:1     /W-T0-1  /T1-T0-2 /D:3     
/W-T1-1  /D:1     /W-T3-1  /T6-T3-4 /T6-T4-1 /T6-F0-1 /T3-F0-1 /D:1     /W-T5-1  /D:1     
/W-F0-1  /D:2     /W-F2-1  /T0-F2-1 /T0-F1-1 /T3-F1-1 /T3-F0-1 /T4-F1-1 /T4-F0-1 /D:1     
/W-F1-1  /T0-T4-3 /T0-F1-1 /D:1     /W-F1-1  /R       /D:1     /W-T0-1  /D:1     /W-T6-1  
/D:1     /W-T4-1  /D:2     /W-T5-1  /T3-T5-3 /T3-T1-1 /D:1     /W-T0-1  /T5-T0-6 /T5-F0-1 
/T5-T1-1 /T5-F0-1 /T4-T5-6 /T2-T1-1 /T5-T1-7 /T4-T5-1 /T4-F3-1 /T1-F3-1 /T4-F2-1 /T1-F2-1 
/T2-F0-1 /T3-F0-1 /T3-F2-1 /W-F0-1  /D:1     /W-F0-1  /T6-F0-1 /D:4     /W-F3-1  /T1-F3-1 
/T0-F3-1 /T1-F2-1 /T0-F2-1 /T1-F3-1 /T0-F3-1 /T1-F2-1 /T0-F2-1 /T1-F1-1 /T0-F1-1 /T1-F2-1 
/W-F1-1  /T0-F2-1 /T0-F1-1 /T5-F1-1 /W-T0-1  /W-F3-1  /D:1     /W-F3-1  /T1-F3-1 /T0-F3-1 
/T1-F2-1 /T0-F2-1 /T1-F3-1 
"
1020938,t#Hp#iaP#GCwv#JmkAz#MZRYbo#jlLeyfg#VDxTXOEQrnsFNBSIhuWqUKcd,107.500000,879.000000,42.000000,0.675676,1,"
minimal: 0 / states: 121 / duration: 0.000127s
history:
/T5-T2-1 /T5-T1-1 /T5-T4-1 /D:2     /W-T5-1  /T2-T5-2 /T2-F1-1 /T1-F1-1 /D:1     /W-T4-1  
/D:3     /W-T1-1  /D:4     /W-F2-1  /T5-F2-1 /D:1     /W-T6-1  /T5-T6-3 /D:2     /W-F3-1  
/T1-F3-1 /T1-F2-1 /T6-T1-5 /T6-T0-1 /T6-T5-1 /T1-T2-6 /T4-T1-3 /T4-F0-1 /T4-T5-1 /T2-F3-1 
/D:1     /W-F0-1  /D:3     /W-T3-1  /T0-T3-2 /T4-T0-1 /T2-T4-6 /T5-T2-3 /T4-T2-7 /D:2     
/W-T1-1  /T3-T1-4 /D:1     /W-F2-1  /D:3     /W-F1-1  /D:1     /W-F1-1  /T6-F1-1 /T6-T0-1 
/T6-T5-1 /T1-F1-1 /W-T5-1  /T6-T5-1 /R       /D:1     /W-T3-1  /D:2     /W-T0-1  /T3-T0-2 
/T3-F0-1 /T2-F0-1 /D:1     /W-F0-1  /D:1     /W-F3-1  /T2-F3-1 /D:1     /W-F2-1  /T2-F2-1 
/T1-F2-1 /T2-F1-1 /T1-F1-1 /T2-T0-1 /T2-F1-1 /T5-F1-1 /W-T0-1  /D:1     /W-F0-1  /T3-F0-1 
/D:1     /W-F3-1  /T0-F3-1 /T0-F0-1 /D:1     /W-F0-1  /T2-F0-1 /T2-F1-1 /T5-F0-1 /T5-F1-1 
/T0-T2-3 /T0-F0-1 /T0-F1-1 /T5-F0-1 /D:1     /W-F2-1  /T1-F2-1 /D:1     /W-F3-1  /T2-F3-1 
/T1-F3-1 /T2-F2-1 /T1-F2-1 /T2-F3-1 /T1-F3-1 /T2-F2-1 /T1-F2-1 /T2-F3-1 
"
1020994,Y#lX#Izy#SvEV#JwWBK#ROLasC#ApMrtuD#jqgePhNcQbfGHFodxkmZiTnU,120.000000,3570.000000,60.000000,0.494118,1,"
minimal: 0 / states: 130 / duration: 0.000150s
history:
/T4-T0-1  /T1-T2-1  /D:1      /W-T0-1   /D:4      /W-T6-1   /T4-T6-1  /D:2      /W-F3-1   /D:3      
/W-T5-1   /D:3      /W-T3-1   /D:4      /W-T1-1   /T4-T1-1  /T3-T4-2  /T4-T2-3  /W-T3-1   /T5-T3-2  
/D:4      /W-T4-1   /D:1      /W-T2-1   /T5-T2-1  /T5-F1-1  /T3-F1-1  /D:1      /W-F2-1   /D:1      
/R        /D:3      /W-T2-1   /T6-T2-3  /T6-T4-1  /W-T4-1   /D:2      /W-F1-1   /D:2      /W-T6-1   
/T3-T6-3  /T3-T0-1  /D:2      /W-T4-1   /D:1      /W-F2-1   /D:1      /W-T5-1   /T4-T5-5  /D:1      
/W-T4-1   /T2-T4-11 /T0-T2-4  /T2-T0-5  /T2-T1-1  /D:1      /W-T2-1   /T5-T2-7  /T5-F3-1  /T5-T2-1  
/D:1      /W-T0-1   /T6-T0-5  /T6-T3-1  /T6-T5-1  /T6-F2-1  /T6-F0-1  /T4-F0-1  /T0-F0-1  /T0-F1-1  
/T4-F3-1  /T4-F0-1  /T0-F0-1  /T4-F1-1  /T0-F1-1  /T2-T4-1  /T2-F0-1  /T2-F1-1  /W-F0-1   /W-F3-1   
/T4-F3-1  /W-F1-1   /W-F2-1   /T3-F2-1  /T3-F3-1  /T4-F2-1  /T0-F2-1  /T4-F3-1  /T0-F3-1  /T2-F2-1  
/T0-F2-1  /T4-F0-1  /T1-F0-1  /T2-F1-1  /T0-F1-1  /T4-F3-1  /T1-F3-1  /T2-F0-1  /T0-F0-1  /T4-F2-1  
/T1-F2-1  /T2-F1-1  /T1-F1-1  /T4-F3-1  /T0-F3-1  /T2-F0-1  /T4-F2-1  /T0-F2-1  /T2-F3-1  /T4-F1-1  
/T5-F0-1  
"
1021023,T#eg#xVG#XlAK#BMmuj#SfDkPs#bncaNYv#ChOqzIJHwQEFUZtLyWrdoipR,86.500000,1177.000000,26.000000,0.858491,1,"
minimal: 0 / states: 120 / duration: 0.000129s
history:
/T6-T4-1 /T5-T0-1 /T4-T3-2 /T3-T6-3 /T3-F0-1 /T1-T4-1 /T1-T0-1 /D:2     /W-T6-1  /T2-T6-1 
/T4-T2-2 /T4-T1-1 /T6-T4-6 /T6-F3-1 /T6-F1-1 /D:1     /W-F3-1  /T5-F3-1 /D:1     /W-T0-1  
/T6-T0-1 /T6-F2-1 /T6-F1-1 /T4-T6-7 /T4-F0-1 /W-F0-1  /T0-F1-1 /D:1     /W-T4-1  /T3-T4-1 
/D:2     /W-T3-1  /T2-T3-3 /T2-T4-1 /D:2     /W-T5-1  /D:1     /W-F3-1  /D:2     /W-T3-1  
/D:2     /W-T2-1  /D:2     /W-T1-1  /T5-T1-2 /T5-F0-1 /T5-T6-1 /D:1     /W-T2-1  /T3-T2-6 
/D:1     /W-T4-1  /D:1     /W-T5-1  /D:1     /W-F1-1  /D:1     /W-F2-1  /D:1     /W-T1-1  
/D:1     /W-F2-1  /T0-F2-1 /T0-F1-1 /T5-F2-1 /T0-F2-1 /T6-F1-1 /W-F2-1  /T2-T0-1 /T2-F1-1 
/T2-F2-1 /T5-T6-1 /D:1     /W-F3-1  /T6-F3-1 /R       /D:1     /W-T4-1  /T6-T4-2 /T6-F2-1 
/D:1     /W-T1-1  /T0-T1-2 /D:1     /W-F0-1  /T1-F0-1 /T1-F3-1 /T4-F0-1 /T1-F0-1 /T4-F1-1 
/T1-F1-1 /T1-F2-1 /T4-F0-1 /T6-F1-1 /T1-F1-1 /T4-T6-1 /T4-F2-1 /T4-F1-1 /T2-T1-3 /T2-F2-1 
/T4-F2-1 /T1-T2-4 /T1-F1-1 /D:1     /W-F3-1  /T2-F3-1 /T2-F0-1 /T6-F3-1 /T2-F3-1 /T6-F0-1 
/T2-F0-1 /T6-F3-1 /T2-F3-1 /T6-F0-1 
"
1021116,K#VG#lnr#YXSs#ekbDx#hCOBMI#FfPZUWa#AjogiEtvuzJTwLQdpNyHRcqm,161.500000,2764.000000,57.000000,0.530303,1,"
minimal: 0 / states: 127 / duration: 0.000135s
history:
/T6-F1-1 /T5-T6-1 /T6-T0-2 /T6-T0-1 /T1-T0-1 /D:1     /W-F0-1  /D:1     /W-T4-1  /D:6     
/W-T4-1  /D:1     /W-T1-1  /D:3     /W-T1-1  /T3-T1-1 /T2-T3-1 /T2-F2-1 /T4-T2-3 /T3-T0-2 
/T2-T5-4 /T5-T2-5 /T5-F0-1 /W-T3-1  /T1-T3-4 /T6-T1-1 /T6-T4-1 /D:2     /W-T1-1  /T3-T1-6 
/T0-T3-7 /D:1     /W-T3-1  /D:2     /W-T3-1  /T5-T3-1 /T5-F0-1 /T5-T2-1 /D:1     /W-F3-1  
/T3-F3-1 /T4-F3-1 /T4-F0-1 /T4-F1-1 /D:3     /W-T1-1  /D:1     /W-F1-1  /D:1     /W-T1-1  
/D:1     /W-T0-1  /R       /D:1     /W-F2-1  /T3-F2-1 /T1-F2-1 /T3-F3-1 /T1-F3-1 /T3-F2-1 
/T1-F2-1 /T3-F3-1 /T6-T3-1 /T1-F3-1 /T3-T2-2 /T3-F3-1 /D:1     /W-T1-1  /T6-T1-1 /D:2     
/W-F0-1  /T1-F0-1 /D:1     /W-F2-1  /D:1     /W-T5-1  /T3-T5-4 /D:1     /W-T4-1  /W-T4-1  
/T1-T4-2 /T1-F3-1 /D:1     /W-F1-1  /D:1     /W-T0-1  /T4-T0-5 /T4-F1-1 /T2-F1-1 /T0-F1-1 
/T0-F2-1 /T2-F0-1 /T2-F1-1 /T2-F2-1 /T0-F1-1 /T0-F2-1 /T2-F1-1 /T0-F1-1 /T2-F2-1 /T0-F2-1 
/T2-F1-1 /T0-F1-1 /T5-T2-4 /T5-F2-1 /D:1     /W-F0-1  /T2-F0-1 /T1-F0-1 /T2-F3-1 /T1-F3-1 
/T2-F0-1 /T1-F0-1 /T2-F3-1 /T1-F3-1 /T2-F0-1 
"
1021125,o#LU#REa#eybP#jvrWN#ZTAJnp#xFKkCsI#VDHXzhSOQBiGlcmwqdfYtMgu,126.500000,760.000000,32.000000,0.804054,1,"
minimal: 0 / states: 109 / duration: 0.000121s
history:
/T2-F1-1 /T4-F3-1 /T6-T4-1 /T1-T4-1 /T0-T3-1 /D:4     /W-T1-1  /D:1     /W-T0-1  /D:3     
/W-F3-1  /D:1     /W-T2-1  /T5-T2-1 /T5-F2-1 /T3-F2-1 /T3-F3-1 /T3-F1-1 /T2-F2-1 /T5-T1-1 
/T5-F0-1 /T6-T5-1 /T6-T2-1 /T6-T3-1 /T4-T6-3 /D:1     /W-F0-1  /T2-F0-1 /T2-F3-1 /D:1     
/W-T1-1  /D:1     /W-T6-1  /W-T6-1  /T4-T6-1 /W-T4-1  /W-T1-1  /T5-T1-2 /T3-T5-2 /W-F0-1  
/T2-F0-1 /T2-F3-1 /T3-T1-1 /D:1     /W-T0-1  /T6-T0-7 /T6-F0-1 /D:1     /W-F1-1  /D:1     
/W-T2-1  /T1-T2-8 /D:1     /W-T5-1  /W-T5-1  /D:1     /W-F2-1  /T0-F2-1 /T0-F3-1 /T0-F0-1 
/D:1     /W-F1-1  /T2-F1-1 /T2-F2-1 /T2-F3-1 /T0-F3-1 /T2-F0-1 /T0-F0-1 /T4-T0-2 /T5-F3-1 
/T0-T4-2 /T0-F3-1 /T2-T5-1 /T2-F0-1 /T0-F0-1 /T2-F3-1 /T2-F0-1 /T4-T6-3 /T6-T0-4 /D:1     
/W-F1-1  /D:1     /W-F3-1  /T5-T2-4 /T5-F3-1 /D:1     /W-F2-1  /D:1     /W-F0-1  /D:1     
/W-F1-1  /T0-F1-1 /T2-F1-1 /D:1     /W-F2-1  /T0-F2-1 /T0-F1-1 /T2-F2-1 /T0-F2-1 /T2-F1-1 
/T0-F1-1 /T2-F2-1 /T0-F2-1 /T2-F1-1 
"
1021140,L#KJ#xAk#snDS#CGPHX#TUwBlm#tOdIjMr#WfZRbqgQEehuYzviFNopcyVa,152.500000,2400.000000,64.000000,0.504425,1,"
minimal: 0 / states: 135 / duration: 0.000153s
history:
/T6-T3-1 /T4-T0-1 /T1-T0-1 /T0-T5-3 /T5-T0-4 /T5-T6-1 /T1-T6-1 /T6-T1-3 /T6-T1-1 /T6-T1-1 
/T6-T3-1 /D:7     /W-T4-1  /D:4     /W-T1-1  /D:5     /W-T0-1  /T4-T0-2 /T5-T4-1 /T5-T2-1 
/D:1     /W-T0-1  /D:1     /W-F3-1  /T6-F3-1 /T3-T6-3 /T4-T3-2 /T4-T1-1 /T4-T6-1 /T6-T5-5 
/D:5     /W-T2-1  /D:1     /W-F1-1  /R       /D:2     /W-T1-1  /D:1     /W-T4-1  /D:1     
/W-T0-1  /T3-T0-3 /T3-F2-1 /D:1     /W-F1-1  /D:3     /W-T1-1  /W-T1-1  /D:1     /W-T3-1  
/W-T3-1  /D:1     /W-T2-1  /D:2     /W-T6-1  /W-T6-1  /D:2     /W-F2-1  /D:1     /W-F2-1  
/T3-F2-1 /D:1     /W-F1-1  /T5-T1-1 /T5-F1-1 /T3-F1-1 /T5-F2-1 /T3-F2-1 /T1-T5-3 /T1-F1-1 
/T5-T1-4 /T5-F2-1 /T2-F2-1 /W-F2-1  /D:1     /W-T4-1  /T2-T4-3 /T2-F0-1 /T0-F0-1 /T0-F3-1 
/T1-F0-1 /T0-F0-1 /T1-F3-1 /T0-F3-1 /T1-F0-1 /T0-F0-1 /T0-F1-1 /T1-F3-1 /T1-F0-1 /T1-F1-1 
/T5-T1-1 /T5-F3-1 /T0-F0-1 /T0-F1-1 /T1-F3-1 /T1-F0-1 /T1-F1-1 /T4-F3-1 /T0-F0-1 /T4-F2-1 
/T4-F1-1 /W-F3-1  /T0-F3-1 /T1-F0-1 /T0-F0-1 /T2-F2-1 /T1-F1-1 /T4-F2-1 /T0-F1-1 /T6-F3-1 
/T1-F0-1 /T4-F3-1 /T6-F2-1 
"
1021193,i#DU#Smw#dBrg#YzMWK#eQOpjy#suFhXlN#IfLtPnaxAVcboqCvGJTkZERH,83.000000,1161.000000,41.000000,0.628571,1,"
minimal: 0 / states: 124 / duration: 0.000146s
history:
/T6-F3-1  /T4-T6-1  /T4-T6-1  /T6-T4-3  /T6-T5-1  /T2-T5-1  /T5-T2-3  /T0-T2-1  /T4-T0-4  /D:1      
/W-T0-1   /T6-T0-1  /T6-T3-1  /T3-T6-2  /T6-T2-3  /D:3      /W-T0-1   /D:2      /W-F2-1   /D:1      
/W-F1-1   /D:2      /W-F0-1   /D:3      /W-F1-1   /W-F1-1   /D:1      /W-F2-1   /D:3      /W-T5-1   
/T1-T5-1  /D:1      /W-T5-1   /D:6      /W-T2-1   /T1-T2-1  /T2-T1-10 /T3-T2-1  /T3-F0-1  /T2-T0-2  
/T4-T2-1  /T3-F1-1  /T4-T2-1  /D:1      /R        /D:1      /W-T5-1   /D:2      /W-T1-1   /D:1      
/W-T2-1   /T5-T2-5  /T5-F2-1  /T5-F3-1  /T1-F3-1  /T5-F3-1  /T5-F1-1  /T2-F1-1  /D:2      /W-F2-1   
/T0-F2-1  /T6-F2-1  /T0-T2-1  /T0-F2-1  /D:1      /W-F0-1   /T1-F0-1  /T1-F3-1  /T2-F3-1  /D:2      
/W-F3-1   /T2-T0-1  /T2-F3-1  /D:2      /W-T3-1   /D:1      /W-F0-1   /T1-F0-1  /T0-F0-1  /T1-F1-1  
/T0-F1-1  /T1-F2-1  /T2-F2-1  /T1-F1-1  /T1-F2-1  /T2-F1-1  /T2-F2-1  /W-F1-1   /T0-T2-3  /T0-F1-1  
/T1-T3-2  /T1-F1-1  /W-T3-1   /W-F3-1   /D:1      /W-F0-1   /T2-F0-1  /T2-F3-1  /T3-F0-1  /T2-F0-1  
/T3-F3-1  /T2-F3-1  /T3-F2-1  /T2-F2-1  /W-F0-1   /T0-F0-1  /T3-F3-1  
"
1021218,G#oh#HXs#cEKQ#tBknV#SbMPRA#ZgdOryw#UNfTCjvYazilemIJxLqDpFWu,101.500000,1941.000000,54.000000,0.686813,1,"
minimal: 0 / states: 118 / duration: 0.000137s
history:
/T5-F0-1  /T4-T6-1  /T4-F2-1  /T6-T4-2  /T5-T2-1  /T4-T6-3  /T4-F0-1  /T0-T1-1  /D:2      /W-F3-1   
/D:1      /W-T1-1   /D:2      /W-F0-1   /D:4      /W-F1-1   /D:1      /W-T0-1   /W-T0-1   /D:7      
/W-T0-1   /D:2      /W-T2-1   /T5-T2-1  /D:1      /W-F0-1   /D:1      /W-T3-1   /D:2      /W-T0-1   
/D:1      /W-T6-1   /R        /D:2      /W-T6-1   /T2-T6-4  /D:2      /W-T0-1   /T1-T0-3  /T1-F2-1  
/T5-T1-1  /T5-F1-1  /T3-F2-1  /T5-T4-1  /D:2      /W-T1-1   /D:2      /W-T5-1   /T6-T5-10 /T6-T0-1  
/T6-F3-1  /T5-F3-1  /T3-F3-1  /T3-T1-1  /T3-F0-1  /T3-F1-1  /T5-F2-1  /T5-F3-1  /T6-F1-1  /T0-F2-1  
/T4-F3-1  /W-F1-1   /T0-F1-1  /T5-F2-1  /T4-F2-1  /T6-F1-1  /T5-F3-1  /T5-F2-1  /D:2      /W-T2-1   
/D:1      /W-T6-1   /T2-T6-2  /T2-T5-1  /D:1      /W-F0-1   /T0-F0-1  /T0-F1-1  /T5-F0-1  /T0-F2-1  
/W-F0-1   /W-F1-1   /W-F1-1   /W-F3-1   /T5-F3-1  /T0-F3-1  /T5-F2-1  /T0-F2-1  /T6-F0-1  /T1-F0-1  
/T5-F1-1  /T1-F1-1  /T6-F3-1  /T0-F3-1  /T5-F2-1  /T0-F2-1  /T6-F0-1  /T1-F0-1  /T5-F1-1  /T6-F3-1  
"
1021342,v#hH#WzO#broF#RNqZj#DGACtY#gsEJyPS#mLaTwXeiduIflcBpnKQMUkVx,110.500000,1171.000000,42.000000,0.715278,1,"
minimal: 0 / states: 123 / duration: 0.000138s
history:
/T0-T4-1 /D:1     /W-T0-1  /D:1     /W-T0-1  /D:1     /W-F1-1  /D:1     /W-T1-1  /T3-T1-1 
/D:2     /W-T0-1  /W-T0-1  /D:1     /W-T1-1  /D:1     /W-T0-1  /T1-T0-4 /T1-T4-1 /D:9     
/W-F2-1  /T3-F2-1 /T3-T6-1 /T3-F1-1 /W-F2-1  /D:1     /W-T5-1  /T4-T5-3 /T4-T1-1 /T4-F2-1 
/T4-F3-1 /T2-F3-1 /T5-T2-5 /T6-T5-2 /T6-F3-1 /T5-T2-3 /T6-T1-1 /T2-T3-9 /T3-F2-1 /D:1     
/W-F3-1  /T4-F3-1 /T3-F3-1 /D:1     /W-T4-1  /D:2     /W-T1-1  /T6-T1-1 /F3-T3-1 /T6-T3-1 
/T6-F2-1 /D:1     /W-T1-1  /D:1     /R       /D:1     /W-T3-1  /T5-T3-1 /T5-F0-1 /T3-T5-4 
/T3-F2-1 /T5-T3-5 /T5-T0-1 /D:1     /W-F2-1  /D:1     /W-T2-1  /T3-T2-6 /T3-F2-1 /D:2     
/W-T4-1  /D:1     /W-F1-1  /D:1     /W-F0-1  /T2-F0-1 /T0-F0-1 /T2-F1-1 /T0-F1-1 /T2-F0-1 
/T0-F0-1 /T2-F3-1 /T0-F3-1 /W-F1-1  /T2-F0-1 /T6-F1-1 /T0-F0-1 /T2-F1-1 /T0-F1-1 /T0-F2-1 
/T2-F0-1 /T3-F1-1 /T1-T0-2 /T1-F1-1 /T4-F1-1 /T2-T3-1 /D:1     /W-F3-1  /T0-F3-1 /T0-F0-1 
/T3-F3-1 /T0-F3-1 /T3-F0-1 /T0-F0-1 /T0-F1-1 /T3-F3-1 /T4-F0-1 /D:1     /W-F2-1  /T1-F2-1 
/T1-F3-1 /T3-F2-1 
"
1021362,g#om#CQp#vNyA#YXcZd#rKswkn#iqJRbGa#DhzWjluTetIBMELUHfFOSxPV,62.500000,861.000000,28.000000,0.875000,1,"
minimal: 0 / states: 122 / duration: 0.000128s
history:
/T3-F0-1 /T5-F2-1 /T6-F1-1 /T5-T3-1 /T5-T3-1 /T2-T4-1 /T3-T1-3 /T3-F3-1 /T5-T0-1 /D:2     
/W-T3-1  /T6-T3-1 /T6-F1-1 /T6-T0-1 /W-T0-1  /D:2     /W-T5-1  /T3-T5-3 /T1-T3-4 /T1-F2-1 
/T4-F2-1 /W-T1-1  /D:2     /W-T1-1  /T5-T1-5 /T4-T5-1 /D:6     /W-F0-1  /D:3     /W-T4-1  
/D:3     /W-T1-1  /T5-T1-2 /T4-T5-2 /T4-F1-1 /T6-T4-1 /T6-F2-1 /T4-T5-2 /T1-F1-1 /T2-T1-1 
/T2-F0-1 /T0-F0-1 /W-T6-1  /T0-T6-3 /T6-T3-5 /D:2     /W-F3-1  /D:2     /W-T4-1  /D:1     
/W-F3-1  /T1-F3-1 /T1-F2-1 /T3-F3-1 /T3-F2-1 /W-F3-1  /W-T3-1  /D:1     /W-T5-1  /R       
/D:1     /W-T4-1  /D:1     /W-T5-1  /D:1     /W-F3-1  /D:1     /W-F1-1  /T1-F1-1 /D:1     
/W-F2-1  /T5-F2-1 /D:1     /W-T4-1  /T1-T4-2 /T1-F2-1 /D:1     /W-T0-1  /T4-T0-6 /D:1     
/W-F0-1  /T3-F0-1 /T0-F0-1 /T3-F1-1 /T0-F1-1 /T3-F0-1 /T3-F1-1 /T0-F0-1 /T0-F1-1 /T3-F2-1 
/T0-F2-1 /T3-F1-1 /T3-F2-1 /T1-T0-2 /T1-F1-1 /T1-F2-1 /T3-F1-1 /D:1     /W-F3-1  /T5-F3-1 
/T0-F3-1 /T5-F0-1 /T0-F0-1 /T5-F3-1 /T0-F3-1 /T5-F0-1 /T0-F0-1 /T5-F3-1 
"
1021385,p#EJ#Uez#fjrc#lvtqZ#MIHDAk#PuVOKoC#dagTsYQhbXyWRLwmnNFSiGxB,122.000000,1136.000000,40.000000,0.659091,1,"
minimal: 0 / states: 126 / duration: 0.000137s
history:
/T1-T5-1 /D:1     /W-T1-1  /T6-T1-1 /T6-T3-1 /D:1     /W-F1-1  /D:4     /W-T2-1  /T6-T2-1 
/T6-T0-1 /T6-T5-1 /T6-T5-1 /D:3     /W-F1-1  /T3-T6-1 /T3-F1-1 /D:2     /W-T4-1  /T5-T4-4 
/T5-F0-1 /T6-T5-2 /T4-T6-6 /D:1     /W-T2-1  /D:5     /W-F2-1  /T5-F2-1 /T0-T1-1 /T0-F2-1 
/T4-F2-1 /T3-F2-1 /T2-T0-4 /T5-T2-2 /D:1     /W-F3-1  /T1-F3-1 /T2-F3-1 /D:2     /W-T4-1  
/T1-T4-3 /D:4     /W-F0-1  /T4-F0-1 /T2-F0-1 /T4-F1-1 /T2-F1-1 /T4-T2-3 /T4-T0-1 /W-T4-1  
/T3-T4-1 /T2-F0-1 /T3-F1-1 /T2-T0-3 /R       /D:1     /W-F1-1  /D:1     /W-T5-1  /D:1     
/W-F2-1  /D:1     /W-F3-1  /D:1     /W-F1-1  /D:2     /W-F3-1  /T0-F3-1 /T0-F2-1 /T5-F3-1 
/T6-F2-1 /T5-T6-1 /T5-T4-1 /T0-F3-1 /T0-F2-1 /T4-T5-4 /D:2     /W-F2-1  /D:1     /W-T1-1  
/W-T1-1  /W-T1-1  /D:1     /W-F0-1  /D:1     /W-F1-1  /T5-T0-1 /T5-F1-1 /T5-F2-1 /T6-T1-3 
/T6-F1-1 /T5-F1-1 /T6-F2-1 /T0-T5-4 /T0-F2-1 /T1-T6-5 /T1-F1-1 /D:1     /W-F0-1  /T6-F0-1 
/T5-F0-1 /T6-F3-1 /T5-F3-1 /T6-F0-1 /T5-F0-1 /T6-F3-1 /T5-F3-1 /T6-F0-1 /T5-F0-1 /T6-F3-1 
"
1021417,s#BL#OTw#xjmq#eZJrE#DbySMf#AzaponH#ldkIiCGWQKtXVuPgRUchNvFY,128.500000,2593.000000,57.000000,0.533333,1,"
minimal: 0 / states: 130 / duration: 0.000138s
history:
/T4-T5-1 /D:2     /W-T4-1  /D:1     /W-T1-1  /T2-T1-1 /T2-T6-1 /T0-T6-1 /D:2     /W-T1-1  
/T6-T1-3 /T6-F2-1 /T6-F2-1 /T6-F2-1 /T6-F1-1 /T3-F2-1 /T3-T0-1 /T1-T0-7 /T4-T5-1 /T4-F2-1 
/T0-F2-1 /W-T3-1  /W-T6-1  /D:1     /W-T5-1  /T2-T5-1 /T6-T2-2 /T6-F0-1 /T1-F0-1 /D:4     
/W-T2-1  /T3-T2-2 /D:1     /W-F2-1  /D:2     /W-T4-1  /D:1     /W-F2-1  /D:4     /W-T2-1  
/D:3     /W-F3-1  /T5-F3-1 /T5-F0-1 /D:1     /W-F2-1  /D:1     /W-T0-1  /D:1     /R       
/D:1     /W-T2-1  /T5-T2-3 /T5-T1-1 /D:1     /W-T3-1  /D:3     /W-F3-1  /D:2     /W-T0-1  
/D:3     /W-T1-1  /T3-T1-2 /R       /D:1     /W-F3-1  /T0-F3-1 /T5-F3-1 /D:1     /W-T5-1  
/T4-T5-2 /T5-T4-4 /T5-F1-1 /T4-T3-5 /T5-F0-1 /T4-T0-1 /D:2     /W-F1-1  /T2-F1-1 /T0-F1-1 
/T2-F0-1 /T0-F0-1 /T0-F3-1 /T2-F1-1 /T2-F0-1 /T2-F3-1 /W-F1-1  /T0-F0-1 /T3-F3-1 /T1-F3-1 
/T2-F0-1 /T3-F0-1 /T3-F3-1 /T2-T1-1 /T2-F0-1 /T0-T3-3 /T0-F0-1 /T1-T2-2 /T1-F3-1 /T1-F0-1 
/T3-T0-4 /T3-F3-1 /D:1     /W-F1-1  /T0-F1-1 /T0-F2-1 /T2-F1-1 /T0-F1-1 /T2-F2-1 /T0-F2-1 
/T2-F1-1 /T0-F1-1 /T2-F2-1 
"
1021430,B#RC#Gnu#sDwk#tEcUP#pgWNYq#SeZVKla#AxovrTLfHMQjmIFXJzybhidO,119.000000,3081.000000,51.000000,0.568750,1,"
minimal: 0 / states: 120 / duration: 0.000140s
history:
/T6-F1-1 /T4-T5-1 /T0-T5-1 /D:1     /W-F0-1  /T5-F0-1 /T1-F0-1 /T5-T1-2 /D:1     /W-T5-1  
/D:1     /W-T1-1  /D:3     /W-T2-1  /D:4     /W-T0-1  /T6-T0-1 /T6-T0-1 /T2-T6-2 /T2-F2-1 
/T1-F2-1 /T2-T4-1 /D:2     /W-T0-1  /D:1     /W-T2-1  /D:1     /W-T0-1  /T4-T0-2 /D:1     
/W-T6-1  /T1-T6-3 /D:2     /W-T3-1  /T6-T3-7 /T6-T1-1 /D:2     /W-T1-1  /T3-T1-9 /D:1     
/W-F1-1  /T4-F1-1 /D:2     /W-T3-1  /D:1     /W-F1-1  /T6-F1-1 /T4-T6-1 /T6-T0-2 /D:1     
/R       /D:3     /W-T2-1  /D:1     /W-F1-1  /D:1     /W-T3-1  /D:1     /W-T0-1  /D:1     
/W-T2-1  /T3-T2-3 /T3-F0-1 /D:1     /W-T6-1  /T5-T6-2 /T5-F3-1 /T5-T6-1 /T5-F1-1 /T5-F2-1 
/D:1     /W-F1-1  /D:1     /W-F3-1  /T1-F3-1 /T0-F3-1 /T0-F0-1 /T1-F2-1 /T1-F3-1 /T1-F0-1 
/W-F2-1  /T0-F3-1 /T0-F0-1 /T3-F2-1 /T1-F3-1 /T2-F0-1 /T4-F2-1 /T0-F3-1 /T0-F0-1 /T1-F2-1 
/T1-F3-1 /T2-F1-1 /T1-F0-1 /W-F2-1  /T0-F1-1 /T2-F2-1 /T1-F1-1 /T6-F3-1 /T0-F0-1 /T2-F3-1 
/T2-F0-1 /T6-F2-1 /T0-F1-1 /T1-F2-1 /T2-F1-1 /T6-F3-1 /T0-F0-1 /T1-F3-1 /T6-F2-1 
"
1021434,f#Lj#tuc#nwKA#EZPHN#ygVRlI#rFGYeBb#piQdksUSmaXqhWzDoOTJxvCM,148.500000,4853.000000,63.000000,0.579439,1,"
minimal: 0 / states: 130 / duration: 0.000148s
history:
/T3-F0-1 /T4-F3-1 /T5-T1-1 /T3-T5-1 /T1-T5-2 /D:2     /W-T3-1  /T4-T3-1 /D:3     /W-T1-1  
/T3-T1-3 /T3-F2-1 /D:2     /W-T5-1  /D:2     /W-T3-1  /T1-T3-5 /D:1     /W-F1-1  /T6-F1-1 
/T6-F0-1 /T2-F1-1 /D:2     /W-T6-1  /T4-T6-1 /T4-T1-1 /T4-T0-1 /D:3     /W-T4-1  /T5-T4-5 
/D:1     /W-T5-1  /D:1     /W-F2-1  /D:1     /W-F3-1  /T6-F3-1 /D:1     /W-T2-1  /D:4     
/W-F0-1  /T5-F0-1 /T0-F0-1 /D:1     /R       /D:1     /W-F2-1  /T6-F2-1 /D:1     /W-F3-1  
/T5-F3-1 /T2-T5-2 /T0-T2-1 /T2-T4-2 /D:1     /W-F1-1  /T6-F1-1 /T4-F1-1 /D:1     /W-T5-1  
/D:1     /W-F3-1  /D:5     /W-T6-1  /D:2     /W-T0-1  /T6-T0-2 /R       /D:3     /W-T0-1  
/D:2     /W-T0-1  /R       /D:2     /W-T0-1  /T6-T0-1 /T6-F0-1 /T0-F0-1 /T6-F2-1 /T5-F2-1 
/T4-F2-1 /T5-F3-1 /T4-F3-1 /T3-F0-1 /T5-T3-1 /T5-F3-1 /T5-F1-1 /T0-F1-1 /T3-F2-1 /T0-F2-1 
/T3-F1-1 /T3-F2-1 /T4-F0-1 /T0-F3-1 /T4-F1-1 /T0-F2-1 /T3-F1-1 /T5-F2-1 /W-F3-1  /T0-F3-1 
/T1-F3-1 /T4-T0-2 /T4-F2-1 /D:1     /W-F0-1  /T0-F0-1 /T0-F1-1 /T3-F0-1 /T0-F0-1 /T3-F1-1 
"
1021435,A#hp#vFy#mOSI#tfBaG#iLEuYs#TZCcnek#RzKXgqJlWrwoPUHMVDxQNdjb,135.000000,2217.000000,54.000000,0.560440,1,"
minimal: 0 / states: 123 / duration: 0.000132s
history:
/T0-F0-1 /T6-T2-1 /T6-T5-1 /T6-F2-1 /D:2     /W-T0-1  /D:4     /W-T5-1  /T6-T5-1 /D:1     
/W-T2-1  /D:1     /W-T0-1  /D:4     /W-F2-1  /T1-F2-1 /T4-T1-1 /T4-F1-1 /T4-F0-1 /T6-F0-1 
/T2-T6-3 /T4-T1-1 /T1-T3-3 /T6-T1-4 /T5-T6-4 /D:5     /W-T1-1  /D:1     /W-F0-1  /D:1     
/W-T0-1  /D:2     /W-F3-1  /D:2     /W-T0-1  /T3-T0-4 /T3-T4-1 /T3-F3-1 /D:1     /W-F1-1  
/T6-F1-1 /W-F1-1  /T6-F2-1 /T6-F1-1 /T0-F1-1 /R       /D:1     /W-T2-1  /D:1     /W-T5-1  
/D:2     /W-F1-1  /D:1     /W-T5-1  /D:1     /W-F2-1  /T6-F2-1 /T2-T6-2 /T4-T0-1 /T4-F2-1 
/T2-T5-1 /D:2     /W-F3-1  /D:1     /W-T5-1  /T0-T5-2 /T0-F1-1 /D:1     /W-T1-1  /T6-T1-3 
/D:1     /W-T2-1  /T5-T2-7 /T5-F2-1 /T5-F0-1 /T5-T3-1 /T5-F1-1 /T2-T0-3 /T2-F2-1 /W-F2-1  
/T0-T2-4 /T0-F1-1 /T0-F2-1 /T1-T3-7 /T1-F2-1 /D:1     /W-F3-1  /T3-F3-1 /T2-F3-1 /T3-F0-1 
/T2-F0-1 /T3-F3-1 /T2-F3-1 /T3-F0-1 /T2-F0-1 /T3-F3-1 /T2-F3-1 /T3-F0-1 /T2-F0-1 /T3-F1-1 
/T0-F1-1 /W-F3-1  /T2-F3-1 /T0-F2-1 /T3-F0-1 /T1-F3-1 /T2-F0-1 /T3-F1-1 
"
1021493,g#EA#jUV#qrFx#kvDfa#TXOcCd#uLJBSWw#RybosQIneZMpiKzYlNGPHmht,179.000000,2865.000000,65.000000,0.526316,1,"
minimal: 0 / states: 132 / duration: 0.000134s
history:
/T1-F0-1 /T4-F1-1 /T5-T1-1 /T5-T1-1 /T2-T6-1 /T1-T4-3 /D:3     /W-F1-1  /T5-F1-1 /T5-T4-1 
/T6-T5-2 /T6-T3-1 /D:2     /W-T0-1  /D:2     /W-T3-1  /T2-T3-1 /D:1     /W-F2-1  /D:1     
/W-T0-1  /D:1     /W-T1-1  /D:8     /W-F3-1  /T4-F3-1 /D:1     /W-T3-1  /T6-T3-1 /T6-F0-1 
/T4-F0-1 /T4-F1-1 /T0-F1-1 /T4-T3-1 /T4-F1-1 /T4-F0-1 /T4-T2-1 /T6-T4-1 /T5-T6-3 /T6-T1-4 
/T3-F0-1 /T0-T5-1 /T0-F1-1 /T5-T6-2 /T6-T1-3 /D:1     /W-F3-1  /D:2     /W-T0-1  /D:1     
/W-F1-1  /D:1     /R       /D:1     /W-T1-1  /D:1     /W-T0-1  /T4-T0-2 /D:1     /W-F2-1  
/D:1     /W-F3-1  /T1-F3-1 /T3-F3-1 /D:1     /W-T4-1  /D:1     /W-F2-1  /D:1     /W-F1-1  
/D:2     /W-T5-1  /D:1     /W-T4-1  /T3-T4-5 /T3-F0-1 /T4-F0-1 /D:1     /W-T5-1  /W-T5-1  
/T2-T5-2 /D:1     /W-F0-1  /T4-T5-1 /T4-F0-1 /T0-F0-1 /T5-T4-2 /T5-F1-1 /T0-F1-1 /T5-F0-1 
/T5-F1-1 /T1-T0-6 /T1-F0-1 /T0-T1-7 /T0-F1-1 /T4-T5-5 /T4-F0-1 /D:1     /W-T5-1  /F3-T5-1 
/T3-T5-1 /T3-F2-1 /T5-F2-1 /T1-F2-1 /T5-F3-1 /T1-F3-1 /T5-F2-1 /T1-F2-1 /T5-F3-1 /T1-F3-1 
/T5-F2-1 /T1-F2-1 /T5-F3-1 /T1-F3-1 /T5-F2-1 /T1-F2-1 /T5-F3-1 /T1-F3-1 /T5-F2-1 
"
1021558,A#Xz#sHY#chym#STOwF#dxkEfa#RiutPGe#DQjBWrJZMoKCInNgLbVUvqpl,101.000000,1362.000000,29.000000,0.735294,1,"
minimal: 0 / states: 123 / duration: 0.000119s
history:
/T0-F0-1 /T5-F1-1 /T6-T4-1 /T5-T6-1 /T3-T0-1 /T5-T6-1 /T2-T1-1 /T3-T0-1 /T6-T3-3 /T5-T0-1 
/T5-T1-1 /T5-T3-1 /T1-T5-3 /D:1     /W-T4-1  /T6-T4-1 /D:2     /W-T5-1  /D:1     /W-F0-1  
/D:3     /W-T0-1  /D:3     /W-T4-1  /D:2     /W-F0-1  /D:1     /W-T5-1  /T3-T5-5 /D:1     
/W-F2-1  /T4-F2-1 /D:1     /W-F3-1  /D:1     /W-T2-1  /T4-T2-4 /T4-T1-1 /T4-F3-1 /T2-F3-1 
/T2-F0-1 /D:2     /W-F1-1  /T3-F1-1 /T5-F1-1 /T2-F1-1 /T5-F0-1 /T2-F0-1 /T5-F1-1 /T2-F1-1 
/T4-T2-1 /T5-F0-1 /T6-T5-1 /T2-T6-1 /T2-F0-1 /T2-T6-1 /T4-T5-1 /D:1     /W-T0-1  /T6-T0-3 
/T6-T1-1 /T6-T0-1 /D:3     /W-T0-1  /D:1     /W-F2-1  /T0-F2-1 /D:1     /R       /D:1     
/W-F3-1  /T0-F3-1 /T5-F3-1 /D:2     /W-F2-1  /T0-F2-1 /T0-F3-1 /T5-F2-1 /T0-F2-1 /T5-F1-1 
/T1-F1-1 /T5-F0-1 /T5-F1-1 /T0-T1-1 /T0-F0-1 /T0-F1-1 /W-T5-1  /T1-T0-3 /D:1     /W-T1-1  
/D:1     /W-T2-1  /D:1     /W-F0-1  /D:1     /W-F0-1  /T2-F0-1 /D:1     /W-F3-1  /T0-F3-1 
/T5-F3-1 /D:1     /W-F2-1  /T0-F2-1 /T0-F3-1 /T5-F2-1 /T0-F2-1 /T5-F3-1 /T1-F3-1 /T5-F2-1 
/D:1     /W-F1-1  /T0-F1-1 
"
1021616,a#lJ#Qtx#SzYb#goKrZ#GpvCRI#HhfynjL#DOuciAENBXmMTedPWFwUVsqk,131.500000,1960.000000,47.000000,0.588235,1,"
minimal: 0 / states: 125 / duration: 0.000133s
history:
/T0-F1-1 /T3-F1-1 /T6-T4-1 /T5-T6-1 /T6-T2-2 /T6-F2-1 /T4-T0-2 /T2-T3-3 /D:1     /W-T5-1  
/D:3     /W-F1-1  /D:1     /W-T1-1  /W-T1-1  /D:1     /W-F0-1  /D:2     /W-F3-1  /D:1     
/W-F0-1  /D:1     /W-T0-1  /T1-T0-3 /D:3     /W-T0-1  /D:2     /W-F1-1  /W-F1-1  /D:1     
/W-T5-1  /D:2     /W-T0-1  /T5-T0-3 /T5-F0-1 /D:2     /W-T3-1  /T2-T3-1 /T2-T4-1 /D:4     
/W-T6-1  /R       /D:1     /W-F3-1  /T0-F3-1 /T0-F0-1 /T4-F3-1 /T0-F3-1 /D:1     /W-F0-1  
/T0-F0-1 /D:1     /W-T2-1  /T6-T2-2 /T6-F1-1 /T6-T5-1 /F1-T3-1 /T4-T3-1 /T4-T1-1 /T4-F2-1 
/T4-T6-1 /D:1     /W-T4-1  /T3-T4-8 /T1-T3-2 /T3-T1-3 /T3-F3-1 /T0-F3-1 /T4-T5-3 /T4-F3-1 
/D:1     /W-T1-1  /T5-T1-5 /T5-F2-1 /T5-F0-1 /T6-T0-1 /T6-F0-1 /T4-F0-1 /D:1     /W-T2-1  
/T0-T2-3 /T0-F0-1 /D:1     /W-F3-1  /T1-T4-5 /T1-F3-1 /T0-F3-1 /T1-F0-1 /T0-F0-1 /T4-T1-7 
/T4-F3-1 /T0-F3-1 /T4-F0-1 /D:1     /W-T2-1  /D:1     /W-F2-1  /T1-F2-1 /T1-F1-1 /T2-F2-1 
/T1-F2-1 /T2-F1-1 /T1-F1-1 /T2-F2-1 /T1-F2-1 /T2-F1-1 /T1-F1-1 /T2-F2-1 /T1-F2-1 /T2-F1-1 
/T1-F1-1 /T2-F2-1 /T1-F2-1 /T2-F1-1 
"
1021638,l#Aa#Psi#oTnG#jENZp#DzrfcW#YQCdbhm#gwBvqXutkHJLKVOSUMxIyeRF,109.500000,1225.000000,46.000000,0.635135,1,"
minimal: 0 / states: 118 / duration: 0.000126s
history:
/T1-F1-1  /T1-F0-1  /T6-T1-1  /T3-T6-1  /T3-F2-1  /D:3      /W-F0-1   /D:1      /W-T5-1   /T6-T5-2  
/T6-F1-1  /T4-T6-1  /D:3      /W-T2-1   /T3-T2-1  /T3-F2-1  /T4-T3-1  /T4-F3-1  /T6-T4-2  /T6-F0-1  
/T4-F2-1  /D:5      /W-T1-1   /D:1      /W-T0-1   /T5-T0-4  /T5-F1-1  /T4-F1-1  /T5-T0-1  /T5-T0-1  
/T6-T0-1  /T0-T5-9  /T5-T0-10 /T5-F0-1  /T4-F0-1  /D:2      /W-F3-1   /D:3      /W-T5-1   /T6-T5-1  
/D:1      /W-T5-1   /T4-T5-1  /D:1      /W-T5-1   /W-T5-1   /D:1      /W-T3-1   /D:1      /W-F1-1   
/D:2      /W-F0-1   /R        /D:3      /W-F2-1   /D:1      /W-T1-1   /W-T1-1   /T2-T1-3  /T2-T1-1  
/T2-F3-1  /T0-F3-1  /T0-F2-1  /T0-F1-1  /T0-F0-1  /T1-F2-1  /W-F1-1   /T0-F1-1  /D:1      /W-F2-1   
/D:1      /W-T3-1   /D:1      /W-F0-1   /T5-T0-1  /T5-F0-1  /D:1      /W-F0-1   /D:3      /W-F3-1   
/W-F3-1   /T1-F3-1  /T0-F3-1  /T1-F2-1  /T0-F2-1  /T1-F1-1  /T5-F1-1  /W-F3-1   /T0-F3-1  /T0-F0-1  
/T1-F2-1  /T1-F3-1  /T3-F1-1  /T1-F0-1  /T5-F2-1  /T0-F1-1  /T3-F2-1  /T1-F1-1  /T5-F3-1  /T0-F2-1  
/T3-F3-1  /T5-F0-1  
"
1021746,W#Zq#zbl#CeMa#tUHdE#DiNoGh#kxfBKwI#LXYjFnRgPQvumsrycpOTSAVJ,119.500000,1806.000000,38.000000,0.689873,1,"
minimal: 0 / states: 110 / duration: 0.000114s
history:
/T3-F1-1 /T6-T0-1 /T5-T0-1 /T5-T0-1 /T2-T3-1 /T2-F1-1 /D:3     /W-T2-1  /D:3     /W-F2-1  
/T5-F2-1 /T5-F3-1 /T5-T6-1 /D:3     /W-T1-1  /D:1     /W-T4-1  /D:2     /W-T6-1  /D:5     
/W-F1-1  /D:1     /W-F2-1  /T1-T5-1 /T1-F2-1 /W-T1-1  /W-F2-1  /W-F2-1  /D:1     /W-F3-1  
/T5-F3-1 /T4-F3-1 /D:1     /W-T6-1  /D:1     /W-T0-1  /T4-T0-1 /T4-F1-1 /D:1     /W-F0-1  
/D:2     /R       /D:2     /W-T1-1  /T6-T1-4 /T6-T2-1 /T6-F0-1 /T0-T2-6 /T3-T0-2 /T3-F1-1 
/T3-F0-1 /T5-F0-1 /T2-F0-1 /T6-F1-1 /T6-T0-1 /D:1     /W-T0-1  /D:1     /W-F0-1  /D:1     
/W-F3-1  /T2-F3-1 /T1-F3-1 /T2-F0-1 /T4-F0-1 /T4-F3-1 /T4-F2-1 /T1-F2-1 /D:1     /W-F1-1  
/T2-F1-1 /T1-F1-1 /T2-F0-1 /T0-F1-1 /T6-F1-1 /D:1     /W-F2-1  /T1-F2-1 /T0-F2-1 /T0-F1-1 
/D:1     /W-F1-1  /D:1     /W-F3-1  /T2-F3-1 /T1-F3-1 /T1-F2-1 /T2-T0-2 /T2-F2-1 /W-T1-1  
/D:1     /W-F0-1  /T0-F0-1 /T0-F3-1 /T1-F0-1 /T0-F0-1 /T1-F3-1 
"
1021753,D#zi#MQF#mSYR#jBbCo#JqvyIt#xrgGdUw#ZnVeXaAflOLWPHcKkTphEsuN,103.500000,951.000000,34.000000,0.730769,1,"
minimal: 0 / states: 116 / duration: 0.000113s
history:
/T3-T2-1  /T1-T6-1  /T3-T1-1  /T3-T5-1  /T0-T2-1  /D:1      /W-T0-1   /D:1      /W-F2-1   /T4-F2-1  
/D:4      /W-F1-1   /D:1      /W-F0-1   /D:3      /W-T4-1   /D:1      /W-T0-1   /D:2      /W-T2-1   
/D:1      /W-T6-1   /D:2      /W-T1-1   /D:1      /W-T0-1   /T6-T0-3  /T5-T6-2  /T6-T5-3  /T4-T6-2  
/T4-F1-1  /T4-F0-1  /W-F1-1   /T5-T4-4  /T5-T3-1  /W-T1-1   /T5-T1-1  /D:1      /W-T0-1   /T2-T0-4  
/T6-T2-2  /T6-F1-1  /D:1      /W-F2-1   /T5-F2-1  /D:1      /W-T1-1   /T6-T1-1  /D:1      /W-T4-1   
/T2-T4-3  /W-T2-1   /W-T1-1   /W-T3-1   /W-F1-1   /T1-F1-1  /T6-F1-1  /T6-F2-1  /W-T5-1   /T4-T6-9  
/T5-T3-2  /T6-T2-10 /D:1      /W-F2-1   /T2-T1-5  /T2-F2-1  /T1-T2-6  /T1-F1-1  /T0-T3-6  /T0-F1-1  
/D:1      /W-F2-1   /T1-F2-1  /T0-F2-1  /T2-T1-8  /T2-F1-1  /T0-F1-1  /T2-F2-1  /T2-F1-1  /T3-T0-9  
/T3-F2-1  /T3-F1-1  /T1-T2-11 /T1-F2-1  /D:1      /W-F3-1   /T2-F3-1  /T0-F3-1  /T2-F0-1  /T0-F0-1  
/T2-F3-1  /T0-F3-1  /T2-F0-1  /T0-F0-1  /T2-F3-1  /T0-F3-1  /T2-F0-1  /T0-F0-1  /T2-F3-1  /T0-F3-1  
/T2-F0-1  /T0-F0-1  /T2-F3-1  /T0-F3-1  /T2-F0-1  /T0-F0-1  /T2-F3-1  /T0-F3-1  /T2-F0-1  
"
1021786,c#JH#pIk#SiWR#gAzmh#fqOtUj#rFoKbMV#uCdaQGelyXBZnYxNLEvTPswD,135.000000,1424.000000,46.000000,0.615385,1,"
minimal: 0 / states: 118 / duration: 0.000125s
history:
/T1-T6-1 /T6-T1-2 /T1-T2-3 /T6-T1-1 /D:4     /W-F1-1  /T6-F1-1 /T5-T6-1 /T0-F1-1 /W-F1-1  
/D:2     /W-T4-1  /D:1     /W-F1-1  /D:1     /W-T1-1  /T6-T1-2 /D:4     /W-T0-1  /D:1     
/W-F2-1  /T6-F2-1 /T3-T6-1 /D:3     /W-F3-1  /D:1     /W-T0-1  /T2-T0-4 /T4-T2-2 /T2-T1-3 
/T2-F2-1 /T4-T2-1 /D:2     /W-T3-1  /T5-T3-1 /T5-T3-1 /T5-F3-1 /T5-F2-1 /T5-T1-1 /T4-T5-1 
/T4-F0-1 /T6-T4-2 /T1-F1-1 /T6-F2-1 /T4-T0-3 /D:2     /W-F3-1  /D:1     /W-F2-1  /T3-F2-1 
/D:2     /W-T0-1  /R       /D:1     /W-F2-1  /D:2     /W-F3-1  /D:1     /W-T2-1  /D:1     
/W-T2-1  /D:1     /W-F0-1  /W-F0-1  /T0-F0-1 /T0-F3-1 /D:1     /W-T5-1  /D:1     /W-T5-1  
/T3-T5-3 /D:1     /W-F0-1  /T0-F0-1 /T0-F1-1 /T1-F0-1 /T1-F1-1 /T3-F1-1 /T3-F3-1 /T0-F0-1 
/T1-F0-1 /T1-F1-1 /T0-T2-2 /T0-F1-1 /D:1     /W-F3-1  /T5-F3-1 /T2-F3-1 /T2-F0-1 /T5-F2-1 
/T5-F3-1 /T1-F0-1 /T0-F0-1 /T1-F1-1 /T1-F0-1 /T2-F3-1 /T2-T0-1 /T2-F1-1 /D:1     /W-F2-1  
/T5-F2-1 /T0-F2-1 /T5-F3-1 /T0-F3-1 /T5-F2-1 
"
1021805,w#Kx#WHV#oCEm#IFeXj#bPMlOa#qtcYSAd#hzUJTLDNnrsGBkygZuRfvQip,111.000000,2628.000000,44.000000,0.632911,1,"
minimal: 0 / states: 121 / duration: 0.000130s
history:
/T5-F1-1 /T4-T1-1 /T2-T0-1 /T2-T0-1 /T0-T4-3 /T3-T0-1 /T6-T3-1 /T6-F0-1 /T3-T6-2 /T5-T3-1 
/T1-T5-2 /T3-T6-2 /T2-T1-1 /D:2     /W-T2-1  /T5-T2-3 /D:3     /W-T4-1  /D:1     /W-T0-1  
/T4-T0-5 /D:1     /W-T4-1  /D:1     /W-F3-1  /T6-F3-1 /D:1     /W-F2-1  /T3-F2-1 /T5-T3-1 
/T5-F3-1 /T5-F1-1 /D:2     /W-T0-1  /T4-T0-2 /D:2     /W-F0-1  /T6-F0-1 /T0-F0-1 /D:4     
/W-T5-1  /D:2     /W-T4-1  /D:2     /W-T1-1  /D:1     /W-F3-1  /T4-F3-1 /D:2     /W-F2-1  
/R       /D:1     /W-T1-1  /D:4     /W-T1-1  /T6-T1-3 /T6-T3-1 /T6-F1-1 /T1-F1-1 /T1-F0-1 
/T4-F0-1 /T0-F1-1 /T1-F3-1 /T1-F0-1 /T6-T1-1 /T6-F2-1 /W-F2-1  /T0-F2-1 /T0-F3-1 /T0-F0-1 
/T1-F2-1 /T4-F0-1 /W-F0-1  /W-F3-1  /T0-F3-1 /T1-T2-2 /T1-F3-1 /T1-F0-1 /D:2     /W-T5-1  
/T0-T5-2 /T0-F0-1 /D:2     /W-F2-1  /D:1     /W-F1-1  /W-F1-1  /T2-F1-1 /T2-F2-1 /T5-F2-1 
/T5-F3-1 /T3-F3-1 /T3-F0-1 /T5-T0-1 /T5-F3-1 /W-T0-1  /D:1     /W-F1-1  /T2-F1-1 /T0-F1-1 
/T2-F2-1 /T0-F2-1 /T2-F1-1 /T0-F1-1 /T2-F2-1 
"
1021811,q#Eg#rSA#kdTF#UQDYa#xIKZMv#wWRbVeo#uGJNLXhzBOHCjyisfmltnpPc,176.000000,2092.000000,71.000000,0.491667,1,"
minimal: 0 / states: 139 / duration: 0.000153s
history:
/T2-F0-1 /T4-F1-1 /T3-T1-1 /D:4     /W-F3-1  /D:3     /W-T5-1  /D:2     /W-F0-1  /D:1     
/W-F3-1  /D:2     /W-F0-1  /D:4     /W-T3-1  /D:4     /W-T5-1  /T2-T5-1 /T2-T5-1 /D:1     
/W-F2-1  /T6-F2-1 /T6-T1-1 /T0-T1-1 /D:1     /W-F2-1  /T1-F2-1 /T5-F2-1 /T3-F2-1 /D:1     
/W-F3-1  /D:1     /R       /D:1     /W-T6-1  /T3-T6-1 /D:5     /W-T0-1  /T4-T0-1 /T4-F0-1 
/T4-F3-1 /D:6     /W-T2-1  /D:2     /R       /D:1     /W-T4-1  /T5-T4-1 /T5-F2-1 /D:2     
/W-T2-1  /D:1     /W-T2-1  /W-T2-1  /T6-T2-3 /T6-F1-1 /T6-F3-1 /T5-T6-2 /T4-F3-1 /T2-F3-1 
/T1-T2-3 /T3-T1-1 /T4-T6-1 /T4-F3-1 /T5-T4-1 /D:3     /W-T5-1  /T3-T5-1 /T5-T3-3 /T5-T0-1 
/T6-T0-4 /T6-T3-1 /D:1     /W-T3-1  /T2-T3-4 /T2-F3-1 /D:1     /W-T0-1  /T1-T0-2 /D:1     
/W-T4-1  /D:1     /W-F1-1  /T0-F1-1 /T0-F0-1 /T3-F1-1 /T0-F1-1 /T3-F0-1 /T0-F0-1 /T3-F1-1 
/T0-F1-1 /T3-F2-1 /T0-F2-1 /T5-T0-1 /T3-F1-1 /T3-F2-1 /T5-F2-1 /W-F1-1  /W-F0-1  /T0-F0-1 
/T0-F3-1 /T2-F0-1 /T0-F0-1 /T2-F3-1 /T0-F3-1 /T3-F1-1 /T2-F0-1 /T3-F2-1 /T3-F3-1 /T4-F1-1 
/T0-F2-1 /T2-F1-1 /T4-F0-1 
"
1021890,a#vs#EIU#Ymun#JFAtw#bGkfPN#SgBcKVq#zXeoLQCDhrOxjipyTHRWlMdZ,144.000000,3490.000000,53.000000,0.583333,1,"
minimal: 0 / states: 125 / duration: 0.000135s
history:
/T0-F1-1 /T3-F2-1 /T5-F3-1 /T5-T6-1 /D:1     /W-T0-1  /D:2     /W-T1-1  /T6-T1-2 /T6-T4-1 
/T3-T4-1 /D:1     /W-F2-1  /D:1     /W-T3-1  /W-T3-1  /T4-T3-3 /T4-T2-1 /T4-F0-1 /T5-T2-1 
/D:5     /W-T2-1  /D:1     /W-F3-1  /T1-F3-1 /D:2     /W-T6-1  /D:2     /W-F2-1  /T1-F2-1 
/T2-F2-1 /T1-T4-1 /T1-F2-1 /T2-T1-3 /T2-T6-1 /T2-T1-1 /T3-T2-6 /T6-T3-3 /T3-T0-4 /D:2     
/W-T2-1  /T4-T2-2 /T4-T5-1 /D:5     /W-T3-1  /W-T3-1  /D:1     /W-T1-1  /D:1     /W-T4-1  
/R       /D:1     /W-F3-1  /D:1     /W-T1-1  /D:1     /W-T2-1  /T6-T2-1 /T6-F0-1 /T1-F0-1 
/D:1     /W-T0-1  /D:1     /W-T3-1  /D:1     /W-T5-1  /D:1     /W-T4-1  /T5-T4-3 /T5-T0-1 
/T5-F1-1 /T2-F1-1 /T1-F1-1 /T2-F0-1 /T1-F0-1 /T2-F1-1 /T1-F1-1 /T6-F1-1 /T1-F2-1 /T2-F0-1 
/T0-F0-1 /T0-F1-1 /T4-F1-1 /D:1     /W-F0-1  /T0-F0-1 /T0-F1-1 /T4-F0-1 /T0-F0-1 /T4-F1-1 
/T2-T4-5 /T2-F0-1 /T3-T0-1 /T3-F1-1 /T2-F1-1 /T3-F0-1 /D:1     /W-F3-1  /T6-F3-1 /T4-F3-1 
/T1-F3-1 /T4-F2-1 /T1-F2-1 /T4-F3-1 /T4-F2-1 /T0-F2-1 /D:1     /W-F3-1  /T4-F3-1 /T0-F3-1 
/T4-F2-1 /T0-F2-1 /T4-F3-1 
"
1021949,p#sC#rko#ORAn#eVTKf#MUHYLg#XylBtmc#SadbGwWjFExNDuhPvQJiqIzZ,170.500000,2602.000000,52.000000,0.647619,1,"
minimal: 0 / states: 119 / duration: 0.000134s
history:
/T3-F2-1 /T2-F2-1 /T3-F0-1 /T0-F2-1 /D:2     /W-F1-1  /D:2     /W-F1-1  /T6-F1-1 /T6-T0-1 
/T4-T6-1 /W-F1-1  /D:2     /W-T2-1  /D:1     /W-T4-1  /D:2     /W-T5-1  /T3-T5-1 /T3-T1-1 
/D:1     /W-T6-1  /F1-T6-1 /T1-T6-2 /D:2     /W-F3-1  /T6-F3-1 /D:1     /W-T5-1  /D:3     
/W-F3-1  /D:1     /W-T4-1  /W-T4-1  /T6-T4-5 /T6-F0-1 /T4-F0-1 /T4-F1-1 /T5-F0-1 /T4-T6-7 
/T6-F0-1 /T5-T1-1 /T5-F0-1 /T1-T4-2 /D:1     /W-F3-1  /T4-F3-1 /D:2     /W-T2-1  /D:1     
/W-F2-1  /D:2     /W-T1-1  /T6-T1-7 /T2-T6-3 /T2-F2-1 /T6-T0-4 /T4-F2-1 /D:1     /W-T2-1  
/R       /D:1     /W-F3-1  /T4-F3-1 /D:1     /W-F0-1  /D:3     /W-T0-1  /T5-T0-1 /T5-T2-1 
/W-T5-1  /W-T5-1  /T6-T2-1 /D:1     /W-T2-1  /T4-T2-1 /T4-F1-1 /T1-F1-1 /T0-F1-1 /T1-F2-1 
/T0-F2-1 /T1-F1-1 /T0-F1-1 /T1-F2-1 /T0-F2-1 /T5-F1-1 /T0-F1-1 /T5-F2-1 /T0-F2-1 /T1-T5-2 
/T1-F1-1 /T5-T1-3 /T5-F0-1 /T5-F3-1 /T2-F3-1 /T0-F1-1 /T1-F3-1 /T1-T5-2 /T1-F2-1 /D:1     
/W-F0-1  /T2-F0-1 /T2-F3-1 /T5-F0-1 /T2-F0-1 /T5-F3-1 /T2-F3-1 /T5-F0-1 
"
1021992,M#LV#zAg#TWsP#tFKlD#ZxdwoH#JBhSeYI#OamyXGkjufQbrcEiqnNRUCvp,48.500000,439.000000,18.000000,1.024390,1,"
minimal: 0 / states: 127 / duration: 0.000124s
history:
/T5-T1-1 /T5-T3-1 /T3-T4-2 /T2-T1-1 /T2-F0-1 /T3-T1-1 /T6-T3-1 /T6-T0-1 /T4-T6-3 /T6-T1-4 
/T4-T2-1 /T4-T0-1 /T1-T5-8 /T3-T0-2 /T4-T3-1 /T6-T4-1 /T6-T0-1 /T6-F0-1 /T4-T0-2 /D:2     
/W-F1-1  /D:1     /W-T4-1  /T1-T4-1 /D:2     /W-T4-1  /T5-T4-9 /D:7     /W-F1-1  /D:1     
/W-T0-1  /T5-T0-1 /T5-T2-1 /D:1     /W-F1-1  /T0-F1-1 /W-T0-1  /D:2     /W-T6-1  /D:2     
/W-F2-1  /T4-F2-1 /D:1     /W-F3-1  /D:1     /W-T3-1  /T4-T3-2 /T4-F1-1 /D:2     /W-F0-1  
/D:2     /W-F2-1  /R       /D:1     /W-F3-1  /T3-F3-1 /T0-F3-1 /T3-F0-1 /T3-F3-1 /D:1     
/W-T5-1  /D:2     /W-T5-1  /T6-T5-2 /D:1     /W-T2-1  /D:1     /W-T5-1  /T3-T5-2 /D:1     
/W-F1-1  /D:1     /W-F0-1  /T5-F0-1 /W-F0-1  /T4-T5-1 /T4-F1-1 /T4-F0-1 /D:1     /W-F2-1  
/T0-F2-1 /T0-F3-1 /T5-F2-1 /T0-F2-1 /T0-F1-1 /T5-F3-1 /T5-F2-1 /T5-F1-1 /T0-F0-1 /T2-F1-1 
/T5-F0-1 /T5-F1-1 /T0-T2-1 /T0-F0-1 /T2-T0-2 /T2-F1-1 /T4-T5-3 /T4-F0-1 /T4-F1-1 /T0-T2-3 
/T0-F0-1 /D:1     /W-F3-1  /T5-F3-1 /T2-F3-1 /D:1     /W-F2-1  /T5-F2-1 /T2-F2-1 /T5-F3-1 
/T2-F3-1 /T5-F2-1 /T2-F2-1 /T5-F3-1 
"
1021997,X#DO#VNc#KShn#gAbPQ#wqzrEm#jekusdH#YxWFUvBLpTafyClRZMoItiJG,106.000000,996.000000,38.000000,0.725352,1,"
minimal: 0 / states: 107 / duration: 0.000126s
history:
/T3-F2-1 /D:7     /W-T2-1  /D:1     /W-T5-1  /T0-T5-1 /T5-T0-3 /T4-T5-1 /D:1     /W-T5-1  
/T1-T5-1 /T4-T1-1 /D:1     /W-T6-1  /D:1     /W-F1-1  /T4-F1-1 /T4-F0-1 /T2-F0-1 /T2-F1-1 
/T2-F3-1 /T5-F3-1 /T6-T2-2 /T6-F1-1 /T6-T2-1 /T1-F3-1 /T4-T6-1 /D:3     /W-F0-1  /T1-F0-1 
/D:2     /W-T2-1  /D:1     /W-T1-1  /D:1     /W-T4-1  /W-T4-1  /W-T1-1  /D:1     /W-F2-1  
/T5-F2-1 /T5-F3-1 /T5-F0-1 /T2-F3-1 /D:2     /W-T3-1  /D:2     /W-T0-1  /W-T0-1  /T6-T0-2 
/T6-T1-1 /T6-F1-1 /W-T6-1  /T3-T6-2 /T3-F3-1 /W-T6-1  /T5-T6-1 /T3-T4-1 /T5-T3-1 /T5-F2-1 
/T6-F2-1 /T2-F2-1 /T6-F1-1 /T6-F2-1 /T0-F1-1 /T0-F2-1 /T2-F3-1 /T6-F1-1 /T0-F1-1 /W-F2-1  
/T5-F2-1 /W-F3-1  /W-F0-1  /W-T4-1  /W-F2-1  /T6-T4-1 /T6-F1-1 /T1-F1-1 /T1-F2-1 /T3-F2-1 
/T2-T0-2 /D:1     /W-F0-1  /T0-F0-1 /T0-F3-1 /T4-F0-1 /T0-F0-1 /T4-F3-1 /T0-F3-1 /T4-F0-1 
/T0-F0-1 /T4-F1-1 /T0-F1-1 /W-F3-1  /T1-F3-1 /T4-F0-1 
"
1021998,e#nT#WOy#uAfJ#EVGUm#kRMSCd#tPbxBZp#sIYHvFwDhzoaKgNiqLXljcrQ,118.000000,2474.000000,54.000000,0.574468,1,"
minimal: 0 / states: 132 / duration: 0.000140s
history:
/T6-T5-1 /T2-T4-1 /T2-T5-1 /D:1     /W-T1-1  /T0-T1-1 /T6-T0-1 /D:1     /W-T2-1  /D:6     
/W-T1-1  /D:1     /W-T2-1  /D:3     /W-F1-1  /D:3     /W-F3-1  /T5-F3-1 /D:1     /W-T3-1  
/D:2     /W-T0-1  /D:1     /W-T0-1  /T3-T0-2 /D:3     /W-T1-1  /T6-T1-1 /T2-T6-3 /T4-T2-2 
/D:1     /W-T3-1  /T5-T3-2 /D:1     /R       /D:2     /W-T0-1  /T1-T0-6 /T1-F2-1 /D:4     
/W-T1-1  /D:1     /W-F2-1  /T3-F2-1 /T5-T3-1 /D:3     /W-F2-1  /D:1     /W-T1-1  /T6-T1-4 
/T6-F1-1 /T6-F3-1 /T5-T6-1 /T6-T1-2 /T5-T6-1 /D:2     /W-F3-1  /T5-F3-1 /T1-F3-1 /T3-T1-4 
/T3-F0-1 /T0-F0-1 /T0-F1-1 /T1-F0-1 /T0-F0-1 /T1-F1-1 /T0-F1-1 /T1-F2-1 /T0-F2-1 /T0-F3-1 
/T4-F3-1 /T1-F1-1 /T1-F2-1 /T4-T1-1 /T4-F3-1 /T4-F0-1 /T3-F2-1 /T5-T2-1 /R       /D:1     
/W-T6-1  /D:1     /W-F2-1  /D:1     /W-F0-1  /T1-F0-1 /T0-F0-1 /D:1     /W-F2-1  /D:1     
/W-T6-1  /T1-T6-3 /T1-F2-1 /D:1     /W-F1-1  /T6-F1-1 /T0-F1-1 /T6-F0-1 /T0-F0-1 /T6-F3-1 
/T0-F3-1 /T6-F0-1 /T6-F3-1 /T0-F0-1 /T0-F3-1 /T6-F0-1 /D:1     /W-F1-1  /T2-F1-1 /T1-F1-1 
/T2-F2-1 /T1-F2-1 /T2-F1-1 
"
1030064,n#ew#KGY#gHhM#VFDJC#XyvTrc#mbojaAP#xUduEQkSNOpqsZfIzlLWtBiR,122.000000,2481.000000,47.000000,0.647727,1,"
minimal: 0 / states: 112 / duration: 0.000123s
history:
/T0-F2-1 /T3-T0-1 /T2-T0-1 /T2-T3-1 /T2-T0-1 /D:8     /W-T3-1  /D:1     /W-F3-1  /D:1     
/W-F3-1  /T6-F3-1 /T6-F0-1 /T6-F1-1 /T6-T0-1 /T6-F2-1 /T6-F1-1 /T5-F1-1 /T5-T3-1 /D:1     
/W-F2-1  /D:1     /W-F2-1  /T3-F2-1 /D:1     /W-F2-1  /D:1     /W-T2-1  /D:2     /W-T0-1  
/T3-T0-3 /T5-T3-1 /D:3     /W-T2-1  /D:2     /W-F2-1  /D:1     /W-F0-1  /T4-F0-1 /D:1     
/W-T1-1  /T3-T1-2 /D:1     /R       /D:2     /W-T5-1  /D:1     /W-F1-1  /D:1     /W-F2-1  
/D:1     /W-T0-1  /D:1     /W-F3-1  /D:1     /W-T2-1  /T4-T2-1 /T4-F0-1 /T0-F0-1 /T4-F0-1 
/T4-T2-1 /D:2     /W-T4-1  /D:1     /W-T4-1  /D:2     /W-F3-1  /T0-F3-1 /T1-F3-1 /T0-F0-1 
/T5-F3-1 /T5-F2-1 /T5-T6-1 /T1-T5-3 /T1-F1-1 /T2-F3-1 /T5-F0-1 /W-F3-1  /W-F1-1  /T3-F1-1 
/T0-F1-1 /T0-F0-1 /T5-F1-1 /T0-F1-1 /T2-F0-1 /T0-F0-1 /T5-F2-1 /T2-F1-1 /T5-F3-1 /T2-F0-1 
/W-F2-1  /T0-F3-1 /T4-F1-1 /T0-F0-1 /T6-F2-1 /T2-F3-1 /T4-F2-1 /T6-F1-1 
"
1030067,I#xf#XPO#Rnjh#KtYVo#waBMJz#EDCpTdq#subkAUvNQWireFmHgGclLyZS,79.500000,491.000000,26.000000,0.883929,1,"
minimal: 0 / states: 122 / duration: 0.000125s
history:
/T3-T0-1 /T0-T3-2 /T5-T0-1 /D:5     /W-F0-1  /D:3     /W-F3-1  /T2-F3-1 /T2-F3-1 /T5-T2-1 
/F3-T6-1 /T4-T6-1 /T4-T2-1 /T4-T0-1 /T1-T4-1 /T3-T1-3 /T3-F2-1 /T6-F2-1 /T6-T3-2 /T4-T1-2 
/T1-T0-6 /T5-T1-1 /T5-F0-1 /T3-F3-1 /T5-F1-1 /D:1     /W-F3-1  /D:1     /W-T4-1  /W-T4-1  
/W-T4-1  /D:1     /W-T5-1  /D:1     /W-T0-1  /T6-T0-1 /D:2     /W-T6-1  /W-T6-1  /T3-T6-1 
/T3-F3-1 /D:1     /W-T3-1  /D:1     /W-T2-1  /T6-T2-4 /T6-F2-1 /T6-F0-1 /T6-F0-1 /T2-F2-1 
/T6-F0-1 /D:2     /W-T4-1  /D:2     /W-T1-1  /T4-T1-5 /D:1     /W-T3-1  /T2-T3-7 /D:2     
/W-T2-1  /W-T2-1  /D:1     /W-F3-1  /R       /D:2     /W-T5-1  /D:1     /W-F1-1  /D:1     
/W-T2-1  /T5-T2-3 /D:1     /W-T2-1  /T3-T2-2 /T3-F3-1 /D:1     /W-F1-1  /T0-F1-1 /T0-F2-1 
/T2-F1-1 /T0-F1-1 /T2-F0-1 /T1-F0-1 /W-F2-1  /T0-F2-1 /T1-F3-1 /T2-F1-1 /T0-F1-1 /T2-F2-1 
/T1-F2-1 /T3-F0-1 /T0-F0-1 /T2-F1-1 /T0-F1-1 /T3-F3-1 /T1-F3-1 /T2-F2-1 /T0-F2-1 /T3-F0-1 
/T1-F0-1 /T2-F1-1 /T1-F1-1 /T3-F3-1 /T0-F3-1 /T2-F2-1 /T0-F2-1 /T3-F0-1 /T1-F0-1 /T2-F3-1 
/T3-F1-1 
"
1030085,H#ba#OmB#Ppui#glMyf#jrxcWq#QSUwLoJ#IRZnzCXDEKGsedvtThYANFVk,153.500000,5778.000000,71.000000,0.477064,1,"
minimal: 0 / states: 140 / duration: 0.000148s
history:
/T1-F1-1 /T1-F1-1 /T3-T6-1 /T3-T6-1 /D:3     /W-T1-1  /D:1     /W-F2-1  /D:5     /W-T4-1  
/D:5     /W-T4-1  /T3-T4-1 /T2-T3-1 /T3-T5-2 /T2-T3-1 /T2-T4-1 /D:3     /W-T0-1  /D:3     
/W-F0-1  /T5-F0-1 /D:1     /W-F3-1  /T4-F3-1 /T5-F3-1 /D:1     /W-T0-1  /D:2     /R       
/D:2     /W-T0-1  /T5-T0-1 /W-T5-1  /D:1     /W-T2-1  /D:1     /W-F0-1  /D:2     /W-F0-1  
/D:7     /W-T5-1  /W-T5-1  /T4-T5-4 /T4-T1-1 /D:1     /W-T2-1  /D:2     /W-T1-1  /T6-T1-3 
/T6-F2-1 /T5-F2-1 /T6-T3-1 /T0-F2-1 /W-T6-1  /T0-T6-4 /T4-T0-1 /T4-T0-1 /T4-T1-1 /R       
/D:1     /W-T3-1  /T6-T3-6 /D:1     /W-T0-1  /T5-T0-7 /T5-F1-1 /T0-F1-1 /T5-T2-1 /T5-F2-1 
/T0-F0-1 /T5-T2-1 /D:1     /W-T6-1  /D:1     /W-F2-1  /T0-T6-1 /T0-F2-1 /D:1     /W-F1-1  
/T6-F1-1 /T1-F1-1 /T0-F1-1 /T6-T0-2 /T6-T0-1 /T6-F3-1 /T3-F3-1 /T0-F3-1 /T3-F0-1 /T0-F0-1 
/T3-F3-1 /T0-F3-1 /T1-F2-1 /T3-F0-1 /T0-F0-1 /T1-F1-1 /T3-F3-1 /T1-F0-1 /T0-F3-1 /T0-F0-1 
/T2-F1-1 /T1-F1-1 /T0-F1-1 /T3-T1-2 /T3-F0-1 /T0-F0-1 /T3-F1-1 /D:1     /W-F2-1  /T1-F2-1 
/T1-F3-1 /T2-F2-1 /T1-F2-1 /T2-F3-1 /T1-F3-1 /T2-F2-1 
"
1030103,R#YV#hiH#lmgr#dpkba#eJcLon#xPwyZCK#ODjFQSAtuIGfMvXWTqBUszEN,102.500000,1758.000000,51.000000,0.698795,1,"
minimal: 0 / states: 125 / duration: 0.000133s
history:
/T4-F1-1 /T4-F1-1 /T5-F2-1 /T5-F2-1 /T2-T1-1 /T4-T5-1 /T4-F2-1 /T4-T3-1 /D:2     /W-T0-1  
/D:1     /W-T6-1  /D:4     /W-F0-1  /D:2     /W-T2-1  /D:1     /W-T6-1  /D:3     /W-T4-1  
/D:4     /W-T1-1  /D:1     /W-F2-1  /D:1     /W-F0-1  /D:1     /W-T6-1  /D:1     /W-T1-1  
/T0-T1-2 /D:1     /W-T0-1  /D:2     /W-F3-1  /R       /D:1     /W-F3-1  /D:4     /W-T6-1  
/W-T6-1  /T3-T6-2 /T3-T2-1 /T5-T3-2 /T5-F1-1 /T1-T5-6 /T6-T1-8 /T6-F0-1 /T1-F1-1 /T5-T3-7 
/T1-T0-8 /T6-T1-1 /T6-T1-1 /T2-T6-3 /T0-F2-1 /T3-F0-1 /T5-F1-1 /T3-T5-9 /T3-T4-1 /D:1     
/W-T2-1  /D:1     /W-F1-1  /T6-F1-1 /D:2     /W-T1-1  /T6-T1-3 /T6-F3-1 /T6-T4-1 /D:1     
/W-T4-1  /W-T4-1  /W-F3-1  /T5-F3-1 /T5-F2-1 /T0-F3-1 /T0-F2-1 /T1-F2-1 /T4-F2-1 /T5-F3-1 
/T0-F3-1 /T5-T1-1 /T5-F3-1 /T4-F3-1 /T1-T5-2 /T1-F2-1 /T1-F3-1 /T4-F2-1 /T1-F2-1 /T0-T4-3 
/T0-F3-1 /T0-F2-1 /T1-F3-1 /T2-T4-2 /D:1     /W-F0-1  /W-F0-1  /T4-F0-1 /T4-F1-1 /T5-F0-1 
/T4-F0-1 /T5-F1-1 /T4-F1-1 /T5-F0-1 /T4-F0-1 /T5-F1-1 /T4-F1-1 /T5-F0-1 /T4-F0-1 /T5-F1-1 
"
1030112,z#cj#Nea#ZQkl#PWFvA#fYwrOU#pRsDbTE#HGyItXdBMgVhJLCSixuoKmnq,163.000000,2673.000000,65.000000,0.514151,1,"
minimal: 0 / states: 133 / duration: 0.000136s
history:
/T2-F1-1 /T4-F0-1 /T5-T4-1 /T3-T0-1 /T4-T1-2 /T2-T4-1 /T2-F3-1 /T5-F3-1 /D:2     /W-T1-1  
/D:5     /W-T5-1  /D:1     /W-F0-1  /D:1     /W-T2-1  /D:4     /W-T3-1  /D:2     /W-F0-1  
/D:1     /W-T1-1  /T6-T1-1 /T4-T6-2 /D:1     /W-T3-1  /D:1     /W-T0-1  /T1-T0-6 /D:1     
/W-T3-1  /T6-T3-3 /T6-F1-1 /T6-F0-1 /T0-F0-1 /T5-T0-2 /T1-F1-1 /T0-F1-1 /T3-F1-1 /T3-F0-1 
/T6-T3-1 /T6-T3-1 /D:3     /W-T1-1  /D:1     /W-F2-1  /D:1     /W-T3-1  /R       /D:2     
/W-T1-1  /T3-T1-8 /T3-T0-1 /T6-T0-1 /D:1     /W-T4-1  /D:4     /W-T5-1  /D:1     /W-T4-1  
/D:1     /W-T3-1  /D:1     /W-F2-1  /T0-F2-1 /T1-F2-1 /D:1     /R       /D:1     /W-T5-1  
/D:1     /W-T4-1  /T0-T4-3 /T0-F0-1 /T5-F0-1 /D:1     /W-T3-1  /T5-T3-2 /T5-T2-1 /T5-F1-1 
/D:1     /W-F1-1  /T4-T0-4 /T4-F1-1 /T4-F0-1 /T1-T3-4 /T1-F1-1 /T1-F0-1 /T0-T4-6 /T0-F1-1 
/T4-T0-7 /T4-F3-1 /T0-F3-1 /T0-F2-1 /T3-F3-1 /T0-F3-1 /T3-F2-1 /T0-F2-1 /T3-F3-1 /T0-F3-1 
/T3-F2-1 /T0-F2-1 /T3-F3-1 /T0-F3-1 /T3-F2-1 /T0-F2-1 /T1-F1-1 /T3-F3-1 /T1-F2-1 /T0-F1-1 
/T0-F2-1 /T1-F1-1 /T2-F3-1 /D:1     /W-F0-1  /T3-F0-1 /T2-F0-1 /T3-F3-1 
"
1030162,i#cy#hjb#qGUl#QHeYp#BkzJAg#WVXmPZO#dfaLtIvSETCMNRurnowxDFKs,125.000000,3321.000000,49.000000,0.560241,1,"
minimal: 0 / states: 127 / duration: 0.000153s
history:
/T6-T4-1 /T1-T6-1 /D:3     /W-F1-1  /T2-F1-1 /T1-F1-1 /T6-T1-2 /D:3     /W-T2-1  /D:7     
/W-F3-1  /T4-F3-1 /T6-F3-1 /D:2     /W-T0-1  /T5-T0-1 /T5-F0-1 /T0-T5-3 /T6-T0-1 /T5-T6-4 
/T3-T5-1 /T3-T2-1 /T6-T1-5 /T3-T2-1 /D:2     /W-F2-1  /D:1     /W-F2-1  /T4-F2-1 /T3-F2-1 
/T5-T3-2 /W-F2-1  /D:1     /W-T5-1  /T6-T5-1 /D:1     /W-T3-1  /T2-T3-4 /D:2     /W-T1-1  
/D:1     /W-T4-1  /T6-T4-1 /D:1     /W-F2-1  /R       /D:1     /W-F1-1  /D:1     /W-T3-1  
/D:1     /W-T0-1  /T5-T0-3 /T5-F0-1 /D:1     /W-F2-1  /D:1     /W-T4-1  /T2-T4-1 /D:2     
/W-T3-1  /D:2     /W-F0-1  /D:1     /W-T2-1  /T4-T2-5 /T4-F1-1 /T4-T0-1 /T4-F3-1 /T1-T0-2 
/T1-F2-1 /D:1     /W-F3-1  /D:1     /W-F0-1  /T3-F0-1 /T0-F0-1 /T3-F1-1 /T0-F1-1 /T2-F1-1 
/T1-F1-1 /T2-F2-1 /T3-F0-1 /T0-F0-1 /T0-T1-1 /T0-F2-1 /T3-T2-2 /T3-F1-1 /T0-F1-1 /T3-F2-1 
/T3-F1-1 /T1-T0-3 /T1-F2-1 /T3-F2-1 /T0-T1-4 /T0-F1-1 /R       /D:1     /W-F3-1  /D:1     
/W-F3-1  /T2-F3-1 /T1-F3-1 /T2-F0-1 /T1-F0-1 /T2-F3-1 /T1-F3-1 /T2-F0-1 /T1-F0-1 /T2-F3-1 
/T1-F3-1 /T2-F0-1 
"
1030186,e#hv#YdM#wXDg#iTrzF#EOUpAl#PHRcNkQ#VayWnsIBmStCLjKGxufbqZJo,129.500000,2207.000000,43.000000,0.731183,1,"
minimal: 0 / states: 118 / duration: 0.000126s
history:
/T5-T2-1 /T5-F0-1 /T4-T3-1 /T5-T6-1 /T5-T1-1 /T5-T6-1 /T6-T5-3 /T0-T3-1 /T4-T0-1 /D:2     
/W-F1-1  /D:3     /W-F2-1  /D:3     /W-F0-1  /D:3     /W-T1-1  /W-T1-1  /T4-T1-1 /D:1     
/W-F0-1  /D:3     /W-T2-1  /W-T2-1  /T1-T2-5 /D:1     /W-T1-1  /D:3     /W-T1-1  /T5-T1-4 
/T2-T5-9 /T2-T5-1 /T2-T0-1 /D:1     /W-F1-1  /D:1     /W-T3-1  /D:1     /W-T2-1  /D:1     
/W-T6-1  /D:1     /W-F2-1  /R       /D:1     /W-T6-1  /D:1     /W-T2-1  /T6-T2-3 /T6-F3-1 
/T1-F3-1 /T1-F2-1 /T6-F1-1 /T5-F1-1 /T3-F2-1 /T3-F1-1 /T6-T3-1 /T3-T6-3 /T3-F0-1 /T6-T2-4 
/T6-F3-1 /T1-F3-1 /T1-F0-1 /T2-F3-1 /T2-F0-1 /T5-F2-1 /T1-F1-1 /T5-F3-1 /T1-F0-1 /T4-F3-1 
/T2-F1-1 /T2-F0-1 /T1-F1-1 /T4-F1-1 /D:2     /W-F2-1  /T5-F2-1 /T5-F3-1 /T2-F3-1 /W-F3-1  
/T3-F3-1 /T0-F3-1 /D:1     /W-F0-1  /T2-F0-1 /T3-T2-1 /D:1     /W-T1-1  /T2-T1-3 /T2-F3-1 
/D:3     /W-F2-1  /T5-F2-1 /T1-F2-1 /T5-F1-1 /T1-F1-1 /T5-F0-1 /W-F2-1  /T1-F2-1 /T5-F1-1 
/T0-F2-1 /W-F0-1  /T1-F1-1 /T5-F0-1 
"
1030311,A#JI#tuh#BpPL#UWwYo#mkDzZM#fesiVNy#CXRxjcaHvOEgFnKGdqSQlTbr,127.000000,2399.000000,51.000000,0.540698,1,"
minimal: 0 / states: 126 / duration: 0.000128s
history:
/T0-F0-1 /T5-T0-1 /T6-T5-1 /T6-F3-1 /T2-T1-1 /T2-T6-1 /T2-T1-1 /T5-T2-2 /D:2     /W-T2-1  
/D:5     /W-F1-1  /D:3     /W-F3-1  /D:2     /W-T6-1  /D:1     /W-T6-1  /D:1     /W-F2-1  
/T4-F2-1 /T4-T0-1 /T6-T4-4 /T4-T2-5 /T1-T4-3 /T6-T1-1 /D:1     /W-T0-1  /T4-T0-4 /D:1     
/W-T4-1  /D:3     /W-T0-1  /D:2     /W-T5-1  /D:2     /W-F1-1  /D:1     /W-T0-1  /R       
/D:2     /W-T2-1  /D:1     /W-T5-1  /D:1     /W-T5-1  /D:1     /W-F1-1  /D:1     /W-T1-1  
/D:1     /W-T5-1  /T4-T5-2 /T5-T4-7 /T5-T2-1 /T5-T3-1 /T3-T5-2 /T3-F3-1 /T3-F2-1 /T3-F0-1 
/W-F0-1  /T2-F0-1 /T1-T5-3 /D:1     /W-F0-1  /T2-T6-1 /T2-F0-1 /T6-T2-2 /T4-F0-1 /T5-F0-1 
/D:1     /W-F1-1  /T6-F1-1 /T6-F1-1 /D:1     /W-F2-1  /T0-F2-1 /D:1     /W-F3-1  /T2-F3-1 
/T0-F3-1 /T2-F2-1 /T0-F2-1 /T2-F1-1 /T0-F1-1 /T0-F0-1 /T2-F2-1 /T5-F1-1 /T5-F0-1 /T4-T0-2 
/T4-F1-1 /T5-F1-1 /T0-T4-3 /T0-F0-1 /T5-F0-1 /T4-T0-4 /T4-F1-1 /T5-F1-1 /T0-T4-5 /T0-F0-1 
/D:1     /W-F3-1  /T4-F3-1 /T2-F3-1 /T4-F2-1 /T2-F2-1 /T4-F3-1 /T2-F3-1 /T4-F2-1 /T2-F2-1 
/T4-F3-1 /T2-F3-1 /T4-F2-1 
"
1030330,y#hv#Yqc#upJS#QsXFn#PWDljH#rzAEgNt#fCiMIGoxbTUemLaKdZkVBROw,86.500000,979.000000,47.000000,0.656250,1,"
minimal: 0 / states: 124 / duration: 0.000130s
history:
/T4-F2-1 /T3-T6-1 /D:3     /W-T3-1  /T5-T3-1 /T1-T5-1 /T6-T1-2 /T6-F3-1 /T6-T3-1 /T4-T3-1 
/T6-T1-1 /T6-F0-1 /T3-T4-5 /T4-T0-6 /T1-T5-4 /T6-T1-1 /D:4     /W-F2-1  /T3-F2-1 /D:3     
/W-T3-1  /T4-T3-1 /T4-T5-1 /D:2     /W-T0-1  /D:1     /W-T4-1  /T0-T4-8 /D:2     /W-F1-1  
/D:2     /W-T6-1  /D:1     /W-T0-1  /D:3     /W-F0-1  /D:1     /W-T3-1  /D:1     /W-F3-1  
/D:1     /R       /D:2     /W-F0-1  /D:5     /W-F1-1  /T2-F1-1 /T6-F1-1 /T2-F2-1 /W-T2-1  
/T5-T2-7 /T5-T1-1 /T5-F0-1 /T4-F1-1 /T6-F2-1 /T3-T4-1 /T3-F2-1 /D:2     /W-T0-1  /D:1     
/W-T1-1  /T5-T1-1 /T5-F3-1 /T2-F3-1 /T2-F0-1 /T4-F3-1 /T2-F3-1 /T4-F0-1 /T3-F3-1 /T2-F2-1 
/T3-F2-1 /W-F3-1  /W-F0-1  /W-T1-1  /T2-T1-1 /T2-F2-1 /W-T3-1  /W-F1-1  /T4-F1-1 /T1-F1-1 
/T4-F0-1 /T1-F0-1 /T4-F1-1 /T2-F1-1 /T4-F0-1 /T1-T2-1 /T1-F0-1 /T0-F0-1 /T3-F0-1 /D:1     
/W-F1-1  /T1-F1-1 /T4-T0-2 /T4-F1-1 /T2-T1-3 /D:1     /W-F3-1  /T1-F3-1 /T0-F3-1 /D:1     
/W-F2-1  /T1-F2-1 /T0-F2-1 /T1-F3-1 /T0-F3-1 /T1-F2-1 
"
1030491,Q#hj#WvT#EJOD#lGPkH#LNtYpF#RqinzaI#AewXZsKcVMUdBxyCrSfbmuog,144.000000,1136.000000,42.000000,0.639535,1,"
minimal: 0 / states: 114 / duration: 0.000128s
history:
/T6-T1-1 /T6-F1-1 /T5-T2-1 /T5-T0-1 /T5-T6-1 /T2-T4-2 /D:1     /W-F0-1  /D:1     /W-T4-1  
/T3-T4-1 /T3-T0-1 /D:5     /W-T6-1  /T1-T6-2 /T5-T1-1 /T5-F3-1 /T0-F3-1 /T1-T2-2 /T6-T1-5 
/T6-F2-1 /T4-T6-5 /T4-T5-1 /T4-F3-1 /T6-T3-6 /T3-T5-7 /T0-T3-2 /D:1     /W-T5-1  /D:2     
/W-T0-1  /D:1     /W-T1-1  /T4-T1-1 /T4-T0-1 /D:2     /W-F0-1  /D:1     /W-T0-1  /D:2     
/W-F0-1  /T5-T6-1 /T5-F0-1 /T6-T5-2 /D:2     /W-T1-1  /W-T1-1  /T3-T1-2 /T3-F0-1 /D:1     
/W-T2-1  /D:1     /W-F1-1  /T5-F1-1 /D:1     /W-T3-1  /W-T3-1  /W-F1-1  /T5-T6-1 /T5-F1-1 
/T2-F1-1 /T5-F0-1 /T1-T2-4 /T1-F0-1 /D:2     /W-F2-1  /T2-F2-1 /T2-F3-1 /T6-F2-1 /T2-F2-1 
/T6-F3-1 /T2-F3-1 /T5-F3-1 /T1-F3-1 /T5-F0-1 /T1-F0-1 /T2-T1-3 /W-T5-1  /W-F3-1  /W-F2-1  
/T1-F2-1 /T2-F3-1 /T5-F2-1 /W-T2-1  /W-F3-1  /T5-T2-4 /D:1     /W-F1-1  /T1-F1-1 /T1-F2-1 
/T2-F1-1 /T1-F1-1 /T2-F0-1 /T1-F0-1 /W-F2-1  /T0-F2-1 /T1-F3-1 /T2-F1-1 /T0-F1-1 /T2-F0-1 
/T0-F0-1 /T3-F2-1 /T1-F2-1 /T2-F3-1 /T3-F1-1 
"
1030519,o#Tl#eiG#wAKa#tZLbM#EshRQf#krUjPOv#qzcxYuVnJBNWSdmDpIFgHCyX,132.500000,2785.000000,48.000000,0.596386,1,"
minimal: 0 / states: 117 / duration: 0.000124s
history:
/T3-F1-1 /T5-T2-1 /T3-T1-1 /T3-F0-1 /T1-T4-2 /D:7     /W-T3-1  /W-T3-1  /T1-T3-1 /T4-T1-3 
/T4-F1-1 /D:1     /W-F2-1  /T0-F2-1 /D:2     /W-F0-1  /D:1     /W-F3-1  /D:1     /W-T1-1  
/T6-T1-1 /T6-F3-1 /T6-F3-1 /T5-F3-1 /T5-F3-1 /T2-T5-2 /T5-T1-3 /T5-T3-1 /T5-T1-1 /D:1     
/W-F3-1  /D:1     /W-T1-1  /D:1     /W-T0-1  /T4-T0-1 /T4-T5-1 /D:2     /W-F2-1  /D:1     
/W-T6-1  /D:3     /W-T2-1  /W-T2-1  /T3-T2-1 /T3-F3-1 /D:1     /W-F0-1  /D:1     /W-T5-1  
/D:1     /W-T0-1  /T3-T0-3 /R       /D:1     /W-F2-1  /D:1     /W-T3-1  /D:1     /W-F1-1  
/T1-F1-1 /D:2     /W-T3-1  /W-T3-1  /T6-T3-2 /T6-F3-1 /T6-F2-1 /T2-F2-1 /T4-F2-1 /T0-F2-1 
/T0-F3-1 /T2-T0-3 /T2-F1-1 /T1-T3-4 /T1-F2-1 /T1-F3-1 /T0-T6-4 /T0-F3-1 /T6-T0-5 /D:2     
/W-F0-1  /T3-F0-1 /T3-F1-1 /T0-F1-1 /D:1     /W-F0-1  /T3-F0-1 /T0-F0-1 /T3-F1-1 /T0-F1-1 
/T0-F2-1 /T3-F0-1 /T3-F1-1 /T3-F2-1 /W-F0-1  /T0-F1-1 /T1-F0-1 /T0-F0-1 /T1-F1-1 /T3-F3-1 
/T1-F0-1 /T5-F2-1 /T0-F1-1 /T3-F2-1 /T5-F3-1 
"
1030801,i#Pu#dNx#ECzW#rQAJf#HqYvDt#LMcBjmX#KOFeoIZShkRwanUVgpbyTGsl,116.000000,3241.000000,57.000000,0.579787,1,"
minimal: 0 / states: 136 / duration: 0.000136s
history:
/T4-T5-1  /T3-T2-1  /T4-T6-1  /T4-F0-1  /T1-T0-1  /T0-T6-2  /T3-T0-1  /T3-T4-1  /T4-T3-2  /T3-T5-3  
/D:2      /W-T5-1   /D:3      /W-T1-1   /D:1      /W-T2-1   /D:1      /W-T3-1   /D:2      /W-T2-1   
/T5-T2-6  /T1-T5-2  /D:4      /W-F1-1   /D:1      /W-F2-1   /T5-F2-1  /D:3      /W-T6-1   /D:1      
/W-F2-1   /D:1      /W-F1-1   /D:1      /W-T3-1   /T6-T3-5  /T6-T1-1  /D:3      /W-T3-1   /D:1      
/W-T0-1   /T2-T0-10 /T2-F3-1  /T0-F3-1  /T5-F3-1  /T0-T2-1  /T0-F3-1  /T2-T0-2  /R        /D:3      
/W-T3-1   /T5-T3-1  /T5-T6-1  /D:3      /W-F3-1   /D:2      /W-T6-1   /D:3      /W-T6-1   /R        
/D:1      /W-T5-1   /T6-T5-4  /T6-F0-1  /T0-F0-1  /T6-F1-1  /T0-F1-1  /T3-F0-1  /T0-F0-1  /T5-T6-6  
/T5-F2-1  /T3-F1-1  /T4-F2-1  /T0-F1-1  /T3-F2-1  /T6-T2-7  /T0-F2-1  /T3-F1-1  /T0-F1-1  /T3-F2-1  
/T3-F1-1  /T2-T0-2  /T2-F2-1  /T2-F1-1  /T6-T1-1  /D:1      /W-F0-1   /T0-F0-1  /T5-F0-1  /D:1      
/W-F3-1   /D:1      /W-F1-1   /D:1      /W-F2-1   /T0-T2-3  /T0-F2-1  /T0-F1-1  /T3-T1-2  /T3-F2-1  
/T0-F2-1  /T1-T3-3  /T1-F1-1  /D:1      /W-T3-1   /D:1      /W-F3-1   /T2-F3-1  /T2-F0-1  /T3-F3-1  
/T2-F3-1  /T3-F0-1  /T2-F0-1  /T3-F3-1  /T2-F3-1  /T3-F0-1  /T2-F0-1  /T3-F3-1  
"
1030824,Y#Ta#Bxn#MJlU#jWbrC#HsXgQV#PDRAkON#EoFcpqwyKvdzhLmGeIZtufSi,138.500000,3658.000000,50.000000,0.646067,1,"
minimal: 0 / states: 116 / duration: 0.000118s
history:
/T1-F1-1  /T2-F2-1  /T6-F3-1  /T6-F3-1  /T2-T0-1  /D:2      /W-F2-1   /D:1      /W-T1-1   /D:2      
/W-F2-1   /D:1      /W-F2-1   /D:1      /W-T6-1   /T5-T6-1  /T4-T5-1  /T4-F2-1  /T4-F1-1  /T4-T0-1  
/W-F1-1   /D:3      /W-T0-1   /T3-T0-1  /W-T3-1   /T4-T3-1  /D:1      /W-F1-1   /D:1      /W-T4-1   
/T3-T4-3  /D:4      /W-T0-1   /D:1      /W-F1-1   /D:1      /W-T4-1   /D:3      /W-T6-1   /T1-T6-2  
/D:1      /W-F1-1   /D:1      /W-T0-1   /F2-T0-1  /T5-T0-2  /T5-F1-1  /T3-T5-1  /T0-T3-10 /D:1      
/W-T5-1   /R        /D:3      /W-F1-1   /T5-F1-1  /D:2      /W-T0-1   /W-T0-1   /T6-T0-6  /T6-F0-1  
/T2-F0-1  /T3-F0-1  /T6-T0-1  /T6-F0-1  /T6-F3-1  /T3-F3-1  /T0-F3-1  /T3-F2-1  /T3-F3-1  /D:1      
/W-T1-1   /W-T1-1   /W-F0-1   /T0-F0-1  /T3-F0-1  /T5-T1-2  /T5-F2-1  /T0-F3-1  /T5-F0-1  /T3-F3-1  
/T4-F0-1  /T1-F0-1  /T4-F1-1  /T4-F0-1  /T0-T1-3  /T0-F1-1  /T0-F0-1  /T4-F1-1  /T0-F1-1  /T3-T4-4  
/T3-F0-1  /D:1      /W-F2-1   /T1-F2-1  /T1-F3-1  /T4-F2-1  /T1-F2-1  /T4-F3-1  /T1-F3-1  /T4-F2-1  
/T1-F2-1  /T4-F3-1  /T1-F3-1  /T4-F2-1  
"
1030851,w#IL#mbN#deHM#UufAq#tonGaQ#ksCrZTi#VpFESxByjRKzXDOWYJcPlvgh,88.000000,1291.000000,38.000000,0.757353,1,"
minimal: 0 / states: 124 / duration: 0.000127s
history:
/T2-F3-1 /T6-T0-1 /D:2     /W-T5-1  /T2-T5-1 /T1-T2-1 /D:1     /W-T6-1  /D:7     /W-T6-1  
/T4-T6-1 /T4-F0-1 /D:3     /W-T2-1  /T0-T2-2 /T3-T0-1 /T6-T3-4 /T3-T2-5 /D:1     /W-T3-1  
/D:1     /W-F3-1  /D:2     /W-T0-1  /D:2     /W-T2-1  /D:1     /W-F3-1  /D:4     /W-T1-1  
/R       /D:2     /W-T4-1  /T5-T4-3 /T5-F1-1 /T4-F1-1 /T5-T1-1 /T5-F2-1 /T5-F2-1 /T4-F2-1 
/T4-T1-3 /T1-F3-1 /T2-F1-1 /T2-F2-1 /T2-F3-1 /T3-T2-2 /T3-T1-1 /T6-T3-1 /T6-F2-1 /T6-T1-1 
/T6-F2-1 /T5-F2-1 /T4-F2-1 /D:1     /W-F3-1  /D:1     /W-T0-1  /D:1     /W-F0-1  /T1-F0-1 
/T1-F1-1 /T2-F0-1 /T1-F0-1 /T2-F1-1 /T1-F1-1 /T2-F0-1 /T1-F0-1 /T2-F3-1 /T4-F3-1 /T2-F0-1 
/W-F3-1  /D:1     /W-T3-1  /T6-T3-1 /D:1     /W-T0-1  /T1-T0-2 /D:2     /W-T1-1  /D:1     
/W-F3-1  /T2-T3-2 /T2-F3-1 /D:2     /W-T1-1  /T0-T1-4 /T0-F3-1 /D:1     /W-F2-1  /D:1     
/W-F1-1  /T1-F1-1 /T1-F0-1 /T3-F1-1 /T1-F1-1 /T3-F2-1 /T1-F2-1 /W-F0-1  /T3-F1-1 /T3-F2-1 
/W-F0-1  /T1-F1-1 /T1-F2-1 /T2-F0-1 /T0-F0-1 /T2-F1-1 /T3-F3-1 
"
1030886,c#KI#bBj#veFs#arYOX#VQoitD#ThCkERL#xNGlUSPzufWymqdMgHnJpZAw,130.500000,2215.000000,67.000000,0.534653,1,"
minimal: 0 / states: 145 / duration: 0.000147s
history:
/T4-T6-1 /T1-T2-1 /T2-T1-2 /T2-T0-1 /T0-T5-2 /D:2     /W-F3-1  /T4-F3-1 /W-T4-1  /D:3     
/W-T1-1  /D:2     /W-F3-1  /D:1     /W-T0-1  /T4-T0-2 /D:3     /W-T0-1  /D:4     /W-T4-1  
/D:4     /W-F2-1  /D:1     /W-T6-1  /D:1     /W-T4-1  /T2-T4-1 /D:1     /W-T2-1  /T6-T2-3 
/T5-T6-3 /T6-T3-4 /T5-T1-1 /T5-T2-1 /T5-F2-1 /T5-F3-1 /W-T2-1  /W-T2-1  /T3-T2-5 /D:1     
/W-F0-1  /T2-F0-1 /D:1     /R       /D:3     /W-T1-1  /T6-T1-1 /D:1     /W-T5-1  /D:6     
/W-T6-1  /T5-T6-2 /W-T5-1  /R       /D:2     /W-T5-1  /T1-T5-7 /D:3     /W-T1-1  /W-T1-1  
/T6-T1-4 /T6-F0-1 /D:1     /R       /D:1     /W-T6-1  /D:1     /W-T6-1  /T4-T6-4 /T4-F1-1 
/T6-F1-1 /T2-F1-1 /T2-F0-1 /T6-F2-1 /T6-F1-1 /T5-F0-1 /T3-F0-1 /T3-F1-1 /T6-T3-4 /T2-F3-1 
/T5-F3-1 /T6-F3-1 /T3-T5-2 /T3-F0-1 /T2-T1-2 /T2-F0-1 /T5-T3-3 /T5-F3-1 /T5-F0-1 /T1-T2-3 
/T1-F3-1 /T0-F3-1 /T2-T1-4 /T2-F0-1 /T2-F3-1 /T5-T0-1 /T5-F0-1 /T2-F0-1 /T0-T5-2 /T0-F3-1 
/T2-F3-1 /T5-T0-3 /T5-F0-1 /T3-T0-5 /D:1     /W-F2-1  /T0-F2-1 /T0-F1-1 /T1-F2-1 /T0-F2-1 
/T1-F1-1 /T0-F1-1 /T1-F2-1 /T0-F2-1 /T1-F1-1 /T0-F1-1 /T1-F2-1 /T0-F2-1 /T1-F1-1 /T0-F1-1 
/T1-F2-1 /T0-F2-1 /T1-F1-1 
"
1030910,i#GN#Eju#bRnd#yQKpJ#UThXmv#fCZMHkA#cWDLrqgaBFSeOIwYstoPxVlz,85.000000,1432.000000,35.000000,0.717742,1,"
minimal: 0 / states: 121 / duration: 0.000125s
history:
/T1-F3-1 /T6-F0-1 /T4-T6-1 /T4-T3-1 /T2-T0-1 /T5-T2-1 /T2-T4-2 /T3-T2-2 /T3-F2-1 /T0-T6-2 
/T5-T0-1 /D:3     /W-T3-1  /D:1     /W-T0-1  /T6-T0-4 /D:3     /W-T0-1  /D:1     /W-F1-1  
/D:1     /W-F0-1  /D:1     /W-T0-1  /T3-T0-2 /T3-F1-1 /D:1     /W-T1-1  /T2-T1-3 /D:2     
/W-F3-1  /D:2     /W-T5-1  /D:4     /W-F2-1  /T1-F2-1 /D:1     /W-F3-1  /D:2     /W-T5-1  
/T6-T5-1 /T6-T2-1 /T6-T3-1 /T6-F0-1 /T0-F0-1 /D:1     /W-T2-1  /T4-T2-3 /T4-F3-1 /T5-T4-4 
/T5-T2-1 /T5-T4-1 /T0-F3-1 /T1-T6-2 /T1-F3-1 /T4-F3-1 /T5-F3-1 /T1-T2-1 /T4-T3-5 /T6-T2-3 
/D:1     /W-T1-1  /R       /D:1     /W-F1-1  /T2-F1-1 /T2-F0-1 /T0-F0-1 /D:2     /W-T2-1  
/D:1     /W-F2-1  /T2-F2-1 /D:1     /W-F1-1  /T2-F1-1 /T2-F0-1 /T0-F1-1 /T3-F0-1 /T2-F1-1 
/T3-F3-1 /W-F3-1  /D:1     /W-F0-1  /T0-T3-2 /T0-F0-1 /T3-T0-3 /T3-F3-1 /D:1     /W-F3-1  
/D:1     /W-F2-1  /D:1     /W-F2-1  /T0-F2-1 /T0-F1-1 /T2-F2-1 /T0-F2-1 /T2-F1-1 /T0-F1-1 
/T2-F0-1 /T0-F0-1 /T2-F1-1 /T2-F0-1 /T0-F1-1 /D:1     /W-F2-1  /T3-F2-1 /T1-F2-1 /T3-F3-1 
"
1030931,K#LB#dYR#VkOS#uxqav#tPQnCA#mwEGpiZ#sNclHbzfjThyFMJeXoWgUDIr,110.000000,1551.000000,54.000000,0.645349,1,"
minimal: 0 / states: 122 / duration: 0.000135s
history:
/T5-F0-1 /T1-F0-1 /T5-F0-1 /T5-F2-1 /T1-T6-1 /T6-T1-2 /D:2     /W-F3-1  /D:3     /W-T6-1  
/D:4     /W-T0-1  /T4-T0-1 /T4-F1-1 /T4-T2-1 /D:1     /W-T6-1  /D:1     /W-T0-1  /D:2     
/W-T6-1  /T2-T6-2 /T4-T2-1 /D:4     /W-T1-1  /D:1     /W-F2-1  /D:1     /W-T2-1  /D:1     
/W-T4-1  /D:2     /W-F0-1  /D:1     /W-T2-1  /W-T2-1  /D:1     /W-T3-1  /T5-T3-1 /T5-T6-1 
/T3-T5-3 /T3-F3-1 /T6-F3-1 /T5-F3-1 /T5-T0-3 /R       /D:1     /W-T4-1  /D:1     /W-T6-1  
/D:2     /W-F1-1  /T6-F1-1 /D:1     /W-T5-1  /T2-T5-5 /T2-F1-1 /D:3     /W-T2-1  /D:1     
/W-T1-1  /T6-T1-6 /T6-F2-1 /T1-F2-1 /T0-F2-1 /T1-F3-1 /T6-T5-1 /T6-F0-1 /T0-F3-1 /T6-T3-1 
/W-T6-1  /T3-T6-2 /T1-F0-1 /T1-F3-1 /T4-F2-1 /T0-F2-1 /T5-F0-1 /T5-F3-1 /T1-F0-1 /T3-F3-1 
/T5-F0-1 /T5-F3-1 /T1-T6-1 /T1-F0-1 /T1-F3-1 /T0-T5-3 /T0-F0-1 /T1-F0-1 /T2-F0-1 /T4-T6-2 
/D:1     /W-F1-1  /W-F1-1  /T6-F1-1 /T5-F1-1 /T6-F2-1 /T5-F2-1 /T6-F1-1 /T5-F1-1 /T6-F2-1 
/T5-F2-1 /T5-F3-1 /T6-F1-1 /T6-F2-1 /T1-F3-1 /W-F1-1  /T5-F2-1 /T6-F1-1 
"
1030991,Q#Kk#ubG#oZca#EHUsA#BJTNfx#YMdPtLh#eiFRprjgCwzqOVnlDmvXSyWI,136.000000,1537.000000,59.000000,0.517442,1,"
minimal: 0 / states: 124 / duration: 0.000135s
history:
/T3-F1-1 /T4-F0-1 /T2-T6-1 /T2-F1-1 /T3-F1-1 /D:1     /W-T4-1  /D:4     /W-T0-1  /D:2     
/W-T5-1  /D:1     /W-T2-1  /T4-T2-2 /D:2     /W-T1-1  /D:2     /W-T2-1  /D:1     /W-T0-1  
/D:1     /W-T1-1  /T2-T1-5 /T3-T2-1 /D:1     /W-F2-1  /T3-F2-1 /W-T3-1  /D:1     /W-T3-1  
/T5-T3-2 /T5-T6-1 /T5-F3-1 /T0-F3-1 /T0-F2-1 /T1-F2-1 /W-T0-1  /W-F2-1  /D:1     /W-T1-1  
/D:2     /W-T3-1  /T6-T3-3 /T6-T2-1 /T6-T4-1 /T6-F3-1 /T6-F1-1 /T1-T2-8 /D:2     /W-T4-1  
/D:2     /W-T1-1  /D:1     /W-T1-1  /T4-T1-3 /T5-T4-1 /R       /D:1     /W-T5-1  /T4-T5-2 
/T0-T4-2 /T6-T0-1 /T1-T6-6 /T4-T3-3 /T6-T0-7 /D:1     /W-T5-1  /T2-T5-2 /T2-F2-1 /D:2     
/W-T1-1  /D:2     /W-T1-1  /W-T1-1  /T5-T1-7 /T5-F0-1 /T3-F0-1 /T1-F0-1 /T1-F1-1 /T3-F3-1 
/T3-F0-1 /T3-F1-1 /W-F3-1  /T0-F3-1 /T0-F2-1 /T1-F0-1 /T1-F3-1 /T2-F1-1 /T2-F2-1 /T3-F0-1 
/T0-F3-1 /T1-F0-1 /T2-F3-1 /T3-F1-1 /T0-F0-1 /T1-F1-1 /T1-F0-1 /T3-F2-1 /T0-F3-1 /T2-F2-1 
/T1-F3-1 /T3-F1-1 /T0-F0-1 /T2-F1-1 /T2-F0-1 /T3-F2-1 /T0-F3-1 /T1-F2-1 /T2-F3-1 /T3-F1-1 
/T0-F0-1 /T1-F1-1 /T3-F2-1 
"
1031039,o#Bg#WMy#VHdj#IfJkt#OaiKUD#ueXPsnN#SEYwqlvGrmpQhZCFLARcTzxb,123.000000,1836.000000,53.000000,0.551724,1,"
minimal: 0 / states: 137 / duration: 0.000144s
history:
/T6-F3-1 /T6-F2-1 /T0-F2-1 /T6-T1-1 /T6-T5-1 /T6-T2-1 /T5-T6-2 /T4-T5-1 /T6-T1-3 /T1-T6-5 
/T1-T6-1 /D:1     /W-T5-1  /D:1     /W-T5-1  /D:2     /W-T2-1  /D:3     /W-T3-1  /T5-T3-4 
/T3-T5-6 /T3-T5-1 /D:3     /W-T0-1  /T2-T0-3 /T2-T1-1 /D:1     /W-F2-1  /D:4     /W-T5-1  
/D:3     /W-F0-1  /T6-F0-1 /T5-F0-1 /D:3     /W-T3-1  /D:3     /R       /D:1     /W-T1-1  
/T5-T1-8 /T5-T0-1 /T5-F1-1 /T5-F3-1 /T6-F3-1 /T3-T0-2 /T6-F0-1 /T6-T3-4 /D:1     /W-F2-1  
/D:3     /W-F2-1  /D:1     /W-F3-1  /D:2     /W-T5-1  /D:1     /W-T0-1  /T3-T0-1 /T3-F2-1 
/D:1     /W-T5-1  /T4-T5-1 /T4-T5-1 /T3-T5-3 /D:1     /W-F3-1  /T1-T4-2 /T1-F3-1 /T4-T1-3 
/T0-T5-2 /T0-F3-1 /W-T4-1  /T1-T4-4 /T1-F3-1 /T4-T2-6 /D:2     /W-T3-1  /D:2     /W-F1-1  
/R       /D:1     /W-T3-1  /D:2     /W-F1-1  /T2-F1-1 /T2-F0-1 /T5-F1-1 /T2-F1-1 /T2-F2-1 
/T5-F0-1 /T5-F1-1 /T5-F2-1 /W-F0-1  /T0-F0-1 /T2-F1-1 /T0-F1-1 /T1-F2-1 /T2-F0-1 /T1-F1-1 
/T5-F3-1 /T0-F2-1 /T2-F3-1 /T5-F0-1 /T0-F3-1 /T1-F0-1 /T5-F1-1 /T5-F0-1 /T1-F3-1 /T1-F0-1 
/T3-F1-1 /T5-F3-1 /D:1     /W-F2-1  /T0-F2-1 /T0-F1-1 /T3-F2-1 
"
1031040,d#eN#kiw#cCWI#vEYFH#OAzbun#oaVXtUD#xBhflSGygMPLrQKjJqpTmRsZ,113.000000,2111.000000,57.000000,0.577381,1,"
minimal: 0 / states: 134 / duration: 0.000160s
history:
/T1-F3-1 /T5-F2-1 /T6-T1-1 /T6-T3-1 /T6-T3-1 /T2-T6-1 /T4-T2-1 /T2-T6-2 /T1-T4-2 /D:4     
/W-T3-1  /D:5     /W-T5-1  /T4-T5-3 /D:1     /W-T1-1  /T4-T1-1 /T4-T3-1 /T0-T3-1 /D:1     
/W-T5-1  /D:4     /W-T1-1  /D:1     /W-T1-1  /T3-T1-6 /T4-T3-1 /D:1     /W-T2-1  /D:2     
/W-T1-1  /D:1     /W-T6-1  /D:1     /W-T0-1  /D:2     /W-T6-1  /W-T6-1  /W-T6-1  /D:1     
/W-T4-1  /R       /D:2     /W-T5-1  /D:1     /W-T3-1  /D:3     /W-T3-1  /W-T3-1  /D:1     
/W-T0-1  /T6-T0-8 /T5-T6-7 /T5-T1-1 /T6-T2-8 /T6-F1-1 /T1-F1-1 /T6-F2-1 /T5-T6-1 /T5-F0-1 
/T2-F0-1 /T5-F3-1 /T1-F2-1 /T2-F3-1 /T0-F2-1 /W-T6-1  /W-T6-1  /T3-T6-5 /T3-F0-1 /T3-F1-1 
/T1-F1-1 /T2-F0-1 /T2-F1-1 /T1-F0-1 /T1-F1-1 /T2-F0-1 /T2-F1-1 /T6-T1-1 /T6-F0-1 /T6-F1-1 
/T0-T2-3 /T0-F0-1 /T0-F1-1 /T1-T6-3 /T1-F0-1 /T1-F1-1 /T2-T0-5 /T2-F0-1 /T1-F0-1 /T2-F1-1 
/T6-T1-6 /T6-F1-1 /T0-T4-8 /T0-F1-1 /D:1     /W-F0-1  /T1-T6-7 /T1-F0-1 /D:1     /W-F2-1  
/D:1     /W-F3-1  /T4-F3-1 /T4-F2-1 /T6-F3-1 /T4-F3-1 /T6-F2-1 /T4-F2-1 /T6-F3-1 /T4-F3-1 
/T6-F2-1 /T4-F2-1 /T6-F3-1 /T4-F3-1 /T6-F2-1 /T4-F2-1 /T6-F3-1 /T4-F3-1 /T6-F2-1 
"
1031073,h#En#Asu#LDVX#JPwRS#mTvCyg#GqHitUI#bzQWYefrapZkKFoxMlBcOjNd,88.500000,1143.000000,47.000000,0.653846,1,"
minimal: 0 / states: 125 / duration: 0.000132s
history:
/T1-F2-1 /T5-T2-1 /T3-T5-1 /T2-T3-2 /T2-T3-1 /T2-F0-1 /T0-T6-1 /T1-T4-1 /D:2     /W-T0-1  
/D:1     /W-T4-1  /D:2     /W-T0-1  /D:1     /W-T3-1  /D:3     /W-F1-1  /D:1     /W-T4-1  
/D:1     /W-T1-1  /T5-T1-2 /D:2     /W-T0-1  /D:2     /W-F2-1  /T4-F2-1 /T5-T4-1 /D:2     
/W-T2-1  /D:1     /W-T2-1  /W-T2-1  /D:1     /W-F0-1  /T4-F0-1 /D:3     /W-T0-1  /T6-T0-2 
/T6-T5-1 /T4-T6-3 /T6-T0-4 /D:1     /W-F3-1  /W-F3-1  /D:1     /R       /D:1     /W-F1-1  
/D:1     /W-T2-1  /T5-T2-2 /D:4     /W-T5-1  /T4-T5-1 /T6-T4-1 /T4-T1-2 /T4-F3-1 /T0-F3-1 
/T3-T4-5 /T3-F0-1 /T6-T1-1 /T6-F2-1 /T5-F3-1 /T5-T1-2 /T0-F0-1 /T0-F3-1 /T1-F0-1 /T1-F3-1 
/T2-F3-1 /T6-F0-1 /T1-F0-1 /T0-T2-2 /T0-F0-1 /T4-T1-4 /T4-F3-1 /T4-F0-1 /T2-T0-3 /T2-F3-1 
/T0-T2-4 /T0-F0-1 /T3-F0-1 /D:1     /W-F1-1  /D:1     /W-F1-1  /T1-F1-1 /R       /D:1     
/W-F1-1  /D:1     /W-F2-1  /T1-F2-1 /T1-F1-1 /T2-F2-1 /T1-F2-1 /T2-F1-1 /T1-F1-1 /T2-F2-1 
/T1-F2-1 /T1-F3-1 /T2-F1-1 /T2-F2-1 /T0-F3-1 /T1-F2-1 /T1-F3-1 /T0-F2-1 /D:1     /W-F1-1  
/T2-F1-1 /T2-F0-1 /T5-F1-1 
"
1031076,z#Qj#yOr#lvUX#SxeZb#kpaGYg#FRmEucC#tIwfKPoJDdBHqVMTAihnLWsN,110.500000,1832.000000,51.000000,0.673913,1,"
minimal: 0 / states: 125 / duration: 0.000135s
history:
/T4-T6-1 /D:2     /W-T1-1  /D:1     /W-T3-1  /D:7     /W-T2-1  /T6-T2-2 /D:1     /W-T6-1  
/D:3     /W-T3-1  /D:3     /W-F0-1  /T6-F0-1 /D:2     /W-T1-1  /D:1     /W-F2-1  /D:1     
/W-T4-1  /T3-T4-3 /D:2     /W-T5-1  /D:1     /W-F3-1  /R       /D:1     /W-T1-1  /D:1     
/W-T1-1  /T2-T1-4 /T2-F3-1 /D:2     /W-F3-1  /D:1     /W-F2-1  /D:3     /W-T4-1  /T5-T4-2 
/T5-T0-1 /T5-T3-1 /T5-F1-1 /T1-F1-1 /T1-F0-1 /T5-F2-1 /T6-F1-1 /T1-F1-1 /W-F0-1  /T5-T2-1 
/T4-T5-8 /T4-F1-1 /T1-T4-6 /T1-F3-1 /T4-T0-7 /T0-T4-1 /T0-F1-1 /W-T2-1  /T4-T0-2 /D:1     
/W-F2-1  /T0-F2-1 /T5-F2-1 /T5-F1-1 /T0-T3-1 /T0-F2-1 /T6-F2-1 /T6-F0-1 /T6-T1-1 /T6-F3-1 
/T3-F3-1 /T6-F0-1 /T3-F0-1 /T0-F1-1 /T3-T0-1 /T3-F2-1 /T5-F0-1 /T5-T2-1 /T5-F2-1 /W-T3-1  
/T0-T3-3 /T0-F2-1 /T2-T1-4 /D:1     /W-T2-1  /T3-T2-5 /D:1     /W-F3-1  /T2-F3-1 /T1-F3-1 
/T2-F0-1 /T1-F0-1 /D:1     /W-F1-1  /T2-F1-1 /T1-F1-1 /T1-F2-1 /T2-F0-1 /T2-F1-1 /T1-F1-1 
/T0-T2-1 /T0-F2-1 /D:1     /W-F3-1  /T5-F3-1 /T2-F3-1 /T5-F0-1 /T2-F0-1 /T5-F3-1 
"
1031103,N#ZU#ijX#Qlrv#hnqfx#TIJVSY#HsyMdog#GFWucCAwDzPBELmaRKpektbO,176.500000,2352.000000,50.000000,0.594059,1,"
minimal: 0 / states: 120 / duration: 0.000126s
history:
/T0-F3-1 /T4-T5-1 /T1-T3-1 /D:1     /W-T3-1  /T4-T3-1 /D:1     /W-T6-1  /D:1     /W-T5-1  
/T3-T5-4 /T3-T5-1 /D:2     /W-T4-1  /D:2     /W-F0-1  /D:1     /W-T2-1  /D:2     /W-T0-1  
/T5-T0-8 /D:2     /W-F0-1  /D:1     /W-T5-1  /D:1     /W-T1-1  /T2-T1-2 /D:2     /W-F1-1  
/D:1     /W-T6-1  /T4-T6-2 /T4-F2-1 /D:1     /W-T3-1  /T2-T3-1 /T2-T1-1 /W-T2-1  /D:4     
/W-T4-1  /T5-T4-2 /D:1     /W-F1-1  /T6-F1-1 /D:1     /W-F3-1  /R       /D:1     /W-T1-1  
/T6-T1-4 /T6-F2-1 /T6-F1-1 /T3-T6-3 /T3-T0-1 /T6-T3-4 /T6-T2-1 /D:1     /W-F0-1  /D:1     
/W-F0-1  /T4-F0-1 /T1-T6-2 /T1-F0-1 /T6-T1-3 /T6-T5-1 /D:1     /W-F3-1  /T0-F3-1 /D:1     
/W-F2-1  /T1-F2-1 /T0-F2-1 /T1-F3-1 /T4-F3-1 /T1-F2-1 /T4-F2-1 /T1-T5-1 /T1-F2-1 /D:1     
/W-F1-1  /T0-F1-1 /T0-F0-1 /T5-F1-1 /T4-F1-1 /T1-F1-1 /T5-T1-2 /T1-F0-1 /T3-F1-1 /D:1     
/W-T2-1  /T5-T2-1 /T5-F0-1 /T5-F3-1 /T0-F3-1 /T0-F2-1 /T1-F3-1 /T0-F3-1 /T1-F2-1 /T0-F2-1 
/T2-F0-1 /T1-F3-1 /T2-F1-1 /T2-F2-1 /T3-F0-1 /T0-F3-1 /T1-F0-1 /T1-F3-1 /T3-F1-1 /T0-F2-1 
/T2-F1-1 /T3-F0-1 
"
1031177,a#cB#HdS#OfIq#kKQDR#xgiEFh#UMuTrVC#XsvWjlbnoyPetwLNGJpAmzYZ,144.500000,3175.000000,62.000000,0.528571,1,"
minimal: 0 / states: 136 / duration: 0.000137s
history:
/T0-F1-1 /T3-T4-1 /T5-T3-1 /T4-T5-2 /D:7     /W-F1-1  /D:1     /W-F2-1  /D:1     /W-F2-1  
/D:2     /W-T4-1  /T1-T4-1 /T1-F1-1 /D:2     /W-T3-1  /T2-T3-1 /T2-F1-1 /W-F1-1  /D:3     
/W-F3-1  /D:3     /W-F2-1  /T5-F2-1 /T4-T5-3 /T6-T4-1 /T2-T6-1 /D:1     /W-F0-1  /T5-F0-1 
/T4-F0-1 /D:1     /W-T0-1  /D:1     /W-T1-1  /D:1     /W-T1-1  /D:1     /W-T2-1  /R       
/D:7     /W-T0-1  /D:2     /W-T2-1  /D:2     /R       /D:1     /W-T0-1  /D:6     /W-T0-1  
/T6-T0-2 /T6-F2-1 /T5-T6-4 /T5-T3-1 /T6-T0-5 /T4-T3-1 /T6-T5-1 /T4-T1-1 /T4-T2-1 /T6-T4-1 
/W-T4-1  /W-T1-1  /T3-T1-6 /T3-F1-1 /T3-F3-1 /T0-F3-1 /T0-F0-1 /T1-F3-1 /T0-F3-1 /T1-F0-1 
/T0-F0-1 /T1-F3-1 /T0-F3-1 /T6-F3-1 /D:1     /W-F0-1  /T0-F0-1 /T0-F3-1 /T5-T0-2 /T5-F1-1 
/W-F3-1  /T0-T2-3 /T0-F3-1 /T1-T4-5 /T1-F3-1 /D:1     /R       /D:1     /W-F2-1  /T4-F2-1 
/T2-F2-1 /T4-F1-1 /T2-F1-1 /T4-F0-1 /T4-F1-1 /D:1     /W-F2-1  /T2-F2-1 /T5-F2-1 /T0-F2-1 
/T1-F2-1 /T2-F1-1 /T2-T0-1 /T2-F3-1 /D:1     /W-F0-1  /T4-F0-1 /T0-F0-1 /T4-F1-1 /T0-F1-1 
/T4-F0-1 
"
1031245,Z#Fp#sjY#kOeV#RPrCB#lSLoNw#GTUtzcb#yinqQfmJWdMIAvaxKDEHXuhg,118.500000,1297.000000,38.000000,0.677632,1,"
minimal: 0 / states: 121 / duration: 0.000114s
history:
/T6-T1-1 /T4-T6-1 /T3-T5-1 /D:1     /W-T0-1  /D:2     /W-F2-1  /D:1     /W-T3-1  /T6-T3-2 
/T2-T6-1 /D:8     /W-T2-1  /D:1     /W-F0-1  /T3-F0-1 /T4-F0-1 /D:2     /W-F1-1  /T1-F1-1 
/T3-F1-1 /D:1     /W-T6-1  /T2-T6-2 /T3-T2-2 /T3-T1-1 /T5-T3-2 /T5-F3-1 /T1-F3-1 /T5-F2-1 
/T1-F2-1 /T3-T0-3 /T6-T3-5 /T2-F2-1 /T4-F2-1 /T4-F3-1 /T2-T1-1 /T2-F2-1 /T6-F2-1 /T6-T3-1 
/T1-T6-2 /D:2     /W-F0-1  /D:1     /W-F0-1  /D:1     /W-T0-1  /T6-T0-3 /T6-T3-1 /D:1     
/W-T5-1  /D:1     /W-F2-1  /D:2     /R       /D:2     /W-F3-1  /T4-F3-1 /D:1     /W-T3-1  
/D:1     /W-T1-1  /T5-T1-2 /T5-F3-1 /D:1     /W-T1-1  /W-T1-1  /D:2     /W-F1-1  /T0-F1-1 
/T0-F0-1 /T0-F3-1 /T3-F1-1 /T3-F0-1 /T3-F3-1 /T0-F0-1 /T0-F3-1 /T3-F0-1 /W-F3-1  /T1-T0-1 
/T1-F0-1 /T1-F3-1 /T3-T5-2 /T3-F3-1 /T5-T3-3 /D:1     /W-T2-1  /D:1     /W-F2-1  /D:1     
/W-F0-1  /T1-F0-1 /T2-F0-1 /T0-T1-4 /T0-F3-1 /D:2     /W-F1-1  /W-F1-1  /T1-F1-1 /T1-F2-1 
/T3-F1-1 /T1-F1-1 /T3-F2-1 /T1-F2-1 /T3-F1-1 /T1-F1-1 /T3-F2-1 
"
1031254,h#Ks#BWJ#PFcm#VZMXG#dtSnRi#COrwyuo#ajbzpQYDNIUlkefLvHxgTqEA,132.500000,2240.000000,56.000000,0.542105,1,"
minimal: 0 / states: 127 / duration: 0.000136s
history:
/T5-T2-1  /T4-T0-1  /T5-T1-1  /T5-F2-1  /T6-F2-1  /T6-T2-1  /T6-T3-1  /T4-T3-1  /T6-T3-1  /T5-T0-1  
/T6-T0-1  /D:1      /W-F1-1   /D:2      /W-F1-1   /D:2      /W-F2-1   /D:1      /W-T0-1   /F2-T0-1  
/T6-T0-1  /T0-T6-1  /T0-F2-1  /T6-T0-2  /T3-T6-4  /T3-F1-1  /D:1      /W-T4-1   /D:1      /W-T1-1   
/D:1      /W-F3-1   /T0-F3-1  /D:5      /W-T3-1   /D:1      /W-T5-1   /D:4      /W-T4-1   /D:1      
/W-T2-1   /T1-T2-3  /D:2      /W-F2-1   /D:1      /W-T5-1   /T0-T5-2  /T0-F2-1  /D:1      /W-F0-1   
/R        /D:1      /W-T1-1   /D:2      /W-T1-1   /T0-T1-3  /T4-T0-3  /D:4      /W-T4-1   /W-T4-1   
/T2-T4-7  /T2-T0-1  /T2-F0-1  /T5-F0-1  /T4-T2-10 /T2-F0-1  /T4-T6-1  /D:1      /W-T0-1   /D:1      
/W-T6-1   /D:1      /W-T6-1   /T3-T6-2  /T3-F3-1  /T5-F3-1  /T2-F3-1  /T1-F3-1  /T2-F2-1  /T5-T1-2  
/T5-F2-1  /T5-F1-1  /T1-F0-1  /T6-F1-1  /T1-F1-1  /T6-F0-1  /T1-F0-1  /T2-F1-1  /T1-F1-1  /T6-F3-1  
/T2-F2-1  /T6-F0-1  /T2-F1-1  /T0-F2-1  /T1-F0-1  /T1-F1-1  /T2-F0-1  /T1-F0-1  /T2-F1-1  /T2-F0-1  
/W-F1-1   /W-F3-1   /T6-F3-1  /T0-F3-1  /T6-F2-1  /T0-F2-1  /T6-F3-1  /T0-F3-1  /T0-F0-1  /T6-F2-1  
/T2-F3-1  /T6-F1-1  /W-F2-1   
"
1031328,a#OV#BqA#SMbe#iLjJt#DGuchx#rXdCRHv#yYpIsgwWQTKFoPNmlUZfEnzk,155.000000,4753.000000,62.000000,0.515152,1,"
minimal: 0 / states: 131 / duration: 0.000143s
history:
/T0-F1-1 /T2-F0-1 /T2-T3-1 /T2-F0-1 /D:8     /W-T5-1  /T6-T5-1 /T6-T1-1 /D:2     /W-T1-1  
/D:2     /W-T1-1  /T6-T1-1 /T6-F0-1 /D:2     /W-T3-1  /W-T3-1  /D:1     /W-F3-1  /D:1     
/W-T0-1  /D:2     /W-T5-1  /T4-T5-1 /T1-T4-5 /T1-F3-1 /D:1     /W-T1-1  /D:1     /W-T5-1  
/D:1     /W-T5-1  /T6-T5-1 /T4-T6-6 /D:1     /W-F2-1  /T3-F2-1 /T3-F3-1 /D:1     /W-T2-1  
/W-T2-1  /T5-T2-8 /D:1     /R       /D:1     /W-T0-1  /T6-T0-7 /D:2     /W-F2-1  /T3-F2-1 
/T6-F2-1 /D:1     /W-T4-1  /T5-T4-1 /D:1     /W-F2-1  /D:3     /W-F3-1  /T0-F3-1 /T3-T0-1 
/T3-F1-1 /T5-F1-1 /T2-F1-1 /T3-T6-1 /T0-F1-1 /T3-F3-1 /D:2     /R       /D:1     /W-T6-1  
/D:1     /W-T5-1  /T0-T5-1 /T0-F3-1 /T2-T4-3 /T2-F3-1 /D:2     /W-T6-1  /T4-T6-6 /T4-T1-1 
/T5-T4-3 /F3-T2-1 /T5-T2-1 /T5-F0-1 /T6-F0-1 /T4-F0-1 /T6-F1-1 /T2-F0-1 /T4-F1-1 /T0-F0-1 
/T6-F2-1 /T2-F3-1 /T4-F2-1 /T0-F3-1 /T6-F1-1 /T2-F2-1 /T4-F1-1 /T6-F0-1 /T0-F0-1 /T2-F3-1 
/T6-F1-1 /T6-F0-1 /W-F2-1  /T0-F3-1 /T2-F2-1 /T6-F3-1 /T0-F2-1 /T1-F0-1 /T1-F3-1 /T6-F0-1 
/D:1     /W-F1-1  /T2-F1-1 /T0-F1-1 /T2-F2-1 
"
1031408,h#lB#Xrc#KMun#HYGeq#EZQdTg#JWLvONS#txomCbjiDVyfakPwsUzIpRAF,112.500000,2278.000000,43.000000,0.657895,1,"
minimal: 0 / states: 126 / duration: 0.000129s
history:
/T3-F2-1 /T5-T3-1 /T2-T4-1 /T1-T4-1 /T2-T6-1 /D:1     /W-T0-1  /T6-T0-2 /T6-F3-1 /T6-F3-1 
/T0-T6-4 /D:1     /W-T1-1  /D:1     /W-F2-1  /D:1     /W-T0-1  /D:3     /W-T1-1  /T6-T1-5 
/T6-T0-1 /T2-T0-1 /D:6     /W-F1-1  /D:2     /W-F3-1  /D:1     /W-T0-1  /D:1     /W-T3-1  
/D:2     /W-T2-1  /T1-T2-8 /D:1     /W-T6-1  /W-T6-1  /D:1     /W-F2-1  /D:1     /W-T3-1  
/T4-T3-3 /D:1     /W-F0-1  /T3-F0-1 /D:1     /W-T5-1  /T4-T5-1 /T4-T6-1 /R       /D:1     
/W-F0-1  /D:1     /W-F1-1  /T3-F1-1 /T3-F2-1 /T2-F2-1 /D:1     /W-T0-1  /T3-T0-4 /T3-T1-1 
/T4-T1-1 /T5-T4-3 /T5-F1-1 /T5-F3-1 /T6-T3-4 /T3-T1-5 /T5-T3-1 /T0-F3-1 /T0-F2-1 /T2-F3-1 
/T2-F2-1 /T4-F1-1 /T4-T0-1 /T4-F3-1 /T0-T4-2 /T0-F2-1 /T1-T2-1 /T1-F3-1 /T2-T1-2 /T2-F2-1 
/T0-T6-1 /T0-F2-1 /T4-T6-3 /T6-T0-5 /D:1     /W-F0-1  /T5-F0-1 /T0-F0-1 /T1-F0-1 /D:1     
/W-F3-1  /T1-T2-2 /T1-F3-1 /T2-T1-3 /T2-F2-1 /D:1     /W-F2-1  /D:1     /W-F1-1  /T0-F1-1 
/T0-F0-1 /T1-F1-1 /T0-F1-1 /T1-F0-1 /T0-F0-1 /T0-F3-1 /T1-F1-1 /T1-F0-1 /T1-F3-1 /T0-F0-1 
/T3-F3-1 /T1-F0-1 /D:1     /W-F1-1  /T2-F1-1 /T0-F1-1 /T2-F2-1 
"
1031535,i#GT#XQs#wjMt#dhgOk#rzEPNJ#aouDnyB#xlCKIRfLWmFHAeUbZqSvVYcp,153.000000,1294.000000,38.000000,0.680851,1,"
minimal: 0 / states: 105 / duration: 0.000107s
history:
/T5-T4-1 /T5-F3-1 /T6-T5-1 /T4-T6-2 /T4-F3-1 /T2-T1-1 /T0-T6-1 /D:3     /W-T2-1  /D:3     
/W-T1-1  /D:1     /W-T3-1  /D:3     /W-T0-1  /T6-T0-4 /T6-F2-1 /T5-T6-2 /T6-T1-3 /T4-T6-1 
/T3-T4-2 /T5-T4-1 /T6-T0-2 /T6-F2-1 /T6-F1-1 /T3-T6-1 /T2-T4-2 /D:1     /W-T0-1  /D:2     
/W-F0-1  /T1-F0-1 /T1-F3-1 /T4-F0-1 /T1-F0-1 /T4-F3-1 /T1-F3-1 /T4-F0-1 /T0-F0-1 /D:1     
/W-T1-1  /D:2     /W-F1-1  /D:2     /W-T1-1  /D:1     /W-F3-1  /T1-T0-3 /T1-F3-1 /T1-F0-1 
/T5-T1-1 /T5-T4-1 /W-T5-1  /W-F3-1  /W-F0-1  /D:1     /W-T3-1  /T4-T3-4 /T4-T3-1 /D:1     
/W-F3-1  /W-F3-1  /T2-F3-1 /W-T5-1  /W-F0-1  /D:1     /W-F3-1  /D:1     /W-F1-1  /T3-F1-1 
/D:1     /W-F2-1  /T0-F2-1 /T0-F1-1 /T3-F2-1 /T0-F2-1 /T3-F1-1 /T0-F1-1 /T3-F2-1 /T0-F2-1 
/T3-F1-1 /T0-F1-1 /T0-F0-1 /T3-F2-1 /T3-F1-1 /T3-F2-1 /T0-F1-1 /W-F0-1  /T5-F0-1 /T5-F3-1 
/T6-F0-1 /W-F1-1  /W-F2-1  /T0-F2-1 /T0-F1-1 /T1-F2-1 
"
1031655,G#Kl#VWd#cjFf#RTZCt#YMbrPL#qkBzwap#eAUDuoJiInhOgEyvmQHsxXSN,121.500000,2210.000000,46.000000,0.662921,1,"
minimal: 0 / states: 122 / duration: 0.000131s
history:
/T6-T2-1 /T6-F1-1 /T3-T0-1 /D:1     /W-T3-1  /D:1     /W-F0-1  /D:2     /W-T3-1  /D:4     
/W-T6-1  /D:2     /W-F2-1  /D:2     /W-T2-1  /D:2     /W-T0-1  /T2-T0-3 /D:2     /W-T2-1  
/D:3     /W-T6-1  /D:2     /W-T1-1  /T2-T1-2 /D:1     /W-T5-1  /T6-T5-3 /T1-T6-4 /D:1     
/W-T4-1  /D:1     /W-F3-1  /T0-F3-1 /R       /D:1     /W-T6-1  /T4-T6-2 /D:1     /W-T2-1  
/D:1     /W-F2-1  /T0-F2-1 /T4-T0-1 /T5-T4-5 /T5-F3-1 /T5-T6-1 /T5-F1-1 /D:4     /W-T2-1  
/T3-T2-3 /T3-T1-1 /T3-T2-1 /T6-T3-9 /T6-F0-1 /T0-F0-1 /T2-F1-1 /T0-F1-1 /T2-F0-1 /T0-F0-1 
/T2-F1-1 /T0-F1-1 /T2-F0-1 /T0-F0-1 /T4-T0-6 /T4-T0-1 /T2-F1-1 /W-F1-1  /T0-T2-1 /T0-F0-1 
/T0-F1-1 /T2-T0-3 /T5-T2-1 /T1-F1-1 /T6-F1-1 /T6-F2-1 /T3-F2-1 /W-F0-1  /W-F0-1  /T1-F0-1 
/T3-T5-6 /T3-F1-1 /T5-T2-7 /D:2     /W-F1-1  /D:1     /W-F3-1  /T4-F3-1 /T2-F3-1 /T0-F3-1 
/D:1     /W-F2-1  /T2-F2-1 /T0-F2-1 /T2-F3-1 /T0-F3-1 /T2-F2-1 /T0-F2-1 /T2-F3-1 /T0-F3-1 
/T0-F0-1 /T2-F2-1 /T2-F3-1 /T2-F0-1 /W-F2-1  /T0-F3-1 /T3-F2-1 
"
1031793,l#CT#NJO#geXV#BFmQS#UvkxDa#ztHcojA#MIwKZbirLfuGpqRhWdEPnYsy,175.500000,5460.000000,56.000000,0.576190,1,"
minimal: 0 / states: 122 / duration: 0.000125s
history:
/T5-F1-1 /T6-F0-1 /D:2     /W-T6-1  /D:2     /W-T0-1  /T6-T0-2 /D:2     /W-F1-1  /D:2     
/W-T4-1  /D:3     /W-T3-1  /T1-T3-1 /T2-T1-1 /T3-T2-3 /T2-T3-4 /T2-F3-1 /T1-F3-1 /D:5     
/W-T0-1  /D:2     /W-T4-1  /T1-T4-1 /D:2     /W-T5-1  /T6-T5-1 /T6-F1-1 /D:1     /W-F2-1  
/T5-F2-1 /T5-F3-1 /D:2     /W-T3-1  /D:1     /R       /D:1     /W-T1-1  /T0-T1-5 /D:2     
/W-T0-1  /D:2     /W-T0-1  /T3-T0-6 /T5-T3-1 /T3-T0-2 /T3-T6-1 /D:2     /W-T1-1  /T4-T1-4 
/T4-F3-1 /T4-T2-1 /T4-T6-1 /T4-F0-1 /T1-F0-1 /T0-F0-1 /T1-F1-1 /T0-F1-1 /W-F1-1  /D:1     
/W-F2-1  /D:1     /W-F2-1  /T1-F2-1 /T0-F2-1 /T6-T0-1 /T6-F1-1 /D:1     /W-F3-1  /T1-F3-1 
/D:1     /W-T5-1  /D:1     /W-F0-1  /T0-F0-1 /T0-F3-1 /T1-F0-1 /T6-F0-1 /T6-F2-1 /T0-F2-1 
/T1-F1-1 /W-F1-1  /T1-F0-1 /T1-F1-1 /D:1     /W-T6-1  /T5-T6-2 /T5-F1-1 /T5-F2-1 /T5-F3-1 
/T0-F3-1 /T0-F0-1 /T6-F3-1 /T1-F0-1 /W-F2-1  /T0-F3-1 /T0-F0-1 /T6-F2-1 /T1-F1-1 /T6-F3-1 
/T1-F0-1 /T0-F3-1 /T2-F1-1 /D:1     /W-F2-1  /T6-F2-1 
"
1031804,A#xZ#nlR#rWDt#mkOKP#iFuJhU#TqbGfBd#oQEHjvcXSpVwMLsIYegzNyaC,108.500000,2487.000000,47.000000,0.577922,1,"
minimal: 0 / states: 133 / duration: 0.000134s
history:
/T0-F0-1 /T3-T5-1 /T4-T3-1 /T3-T2-2 /T1-T0-1 /T3-T1-1 /T6-T3-1 /T6-F0-1 /T6-T5-1 /T3-T5-2 
/D:1     /W-T2-1  /D:4     /W-T4-1  /D:1     /W-T1-1  /T5-T1-5 /T6-T5-1 /D:3     /W-T5-1  
/D:1     /W-T1-1  /T6-T1-1 /D:3     /W-T3-1  /D:1     /W-T0-1  /D:2     /W-T4-1  /T5-T4-3 
/D:1     /W-T3-1  /T4-T3-6 /D:4     /W-F3-1  /T4-F3-1 /T5-T4-1 /T4-T0-2 /D:1     /W-T4-1  
/D:1     /W-F1-1  /T1-F1-1 /D:1     /W-F0-1  /T2-T6-2 /T2-F0-1 /T6-T2-3 /T6-T5-1 /W-T6-1  
/R       /D:2     /W-F0-1  /D:2     /W-F1-1  /D:1     /W-T4-1  /D:1     /W-T0-1  /T5-T0-2 
/T5-F0-1 /F0-T0-1 /T2-T0-4 /T2-T6-1 /T2-F2-1 /T0-F2-1 /T0-F3-1 /T1-F2-1 /T0-F2-1 /T1-F1-1 
/T1-F2-1 /W-T5-1  /W-F3-1  /T0-F3-1 /T3-F3-1 /T0-F0-1 /T0-F3-1 /T3-F0-1 /T5-F0-1 /T1-T3-2 
/T1-F3-1 /T0-T5-1 /T0-F3-1 /T3-T1-3 /T3-F0-1 /T0-F0-1 /T1-T3-4 /T1-F3-1 /T4-F3-1 /T3-T1-5 
/T3-F0-1 /T3-F3-1 /T0-T4-1 /T0-F0-1 /T0-F3-1 /T3-F0-1 /T1-T6-6 /D:1     /W-T4-1  /T5-T4-2 
/D:1     /W-F2-1  /D:1     /W-F1-1  /T6-F1-1 /T6-F2-1 /T4-F2-1 /D:1     /W-F1-1  /T6-F1-1 
/T4-F1-1 /T6-F2-1 /T4-F2-1 /T6-F1-1 /T4-F1-1 /T6-F2-1 /T4-F2-1 /T6-F1-1 /T4-F1-1 /T6-F2-1 
"
1031919,g#Qw#qpx#hINb#YMPLo#fAlODk#tSGEHvB#RKJZsXCVmFnadWuyUTieczrj,159.000000,4950.000000,57.000000,0.570000,1,"
minimal: 0 / states: 125 / duration: 0.000130s
history:
/T1-T5-1 /D:5     /W-T0-1  /D:2     /W-T1-1  /T3-T1-1 /T3-F3-1 /D:1     /W-T5-1  /D:3     
/W-F2-1  /T4-F2-1 /T5-T4-3 /D:1     /W-F1-1  /T1-F1-1 /D:2     /W-T2-1  /T3-T2-1 /T3-T2-1 
/D:1     /W-T4-1  /T0-T4-2 /D:5     /W-T4-1  /T5-T4-1 /T5-F3-1 /T2-T5-4 /T2-F2-1 /T2-F2-1 
/D:1     /W-T4-1  /T6-T4-1 /D:1     /W-T0-1  /T5-T0-5 /T5-F0-1 /T4-F0-1 /T1-F0-1 /T4-F1-1 
/T4-F0-1 /D:1     /W-F2-1  /D:1     /R       /D:4     /W-T2-1  /T4-T2-8 /T4-F3-1 /T1-F3-1 
/T4-T1-1 /T4-T1-1 /D:2     /W-T3-1  /D:2     /W-F1-1  /T2-F1-1 /T2-F2-1 /T5-F1-1 /T2-F1-1 
/T0-F1-1 /D:1     /W-T3-1  /D:1     /W-T0-1  /D:1     /W-T2-1  /W-T2-1  /W-T3-1  /W-T3-1  
/W-T1-1  /W-F3-1  /D:1     /W-F1-1  /D:1     /W-T1-1  /T6-T1-1 /F1-T3-1 /T6-T3-1 /T6-F0-1 
/T2-F0-1 /T6-F0-1 /T6-F3-1 /T2-F3-1 /T3-F0-1 /T6-F2-1 /T0-F3-1 /T0-F0-1 /T2-F2-1 /T1-F2-1 
/T2-F3-1 /T0-F3-1 /T3-F1-1 /T1-F1-1 /T2-F2-1 /T0-F2-1 /T3-F0-1 /T1-F0-1 /T2-F1-1 /T0-F1-1 
/T3-F3-1 /T1-F3-1 /T2-F0-1 /T1-F0-1 /T3-F2-1 /T0-F2-1 /T2-F3-1 /T3-F1-1 
"
1040018,G#ev#WDq#SNZw#iaJfX#OtEQrF#sLyURoV#AzcMBjndHKuhxPCbYmklIpgT,112.000000,1830.000000,47.000000,0.600000,1,"
minimal: 0 / states: 132 / duration: 0.000212s
history:
/T6-T3-1 /T3-T4-2 /D:1     /W-F0-1  /D:2     /W-T2-1  /T6-T2-1 /T6-T5-1 /T6-T1-1 /T4-T6-3 
/T4-T0-1 /T2-T5-3 /T6-T3-4 /T0-T1-2 /T3-T0-5 /T3-F3-1 /D:2     /W-F0-1  /D:2     /W-F2-1  
/T5-F2-1 /D:2     /W-T0-1  /D:5     /W-T2-1  /D:1     /W-F0-1  /D:4     /W-T6-1  /T4-T6-1 
/T4-F1-1 /T4-T6-1 /W-T4-1  /T6-T4-4 /D:3     /W-F2-1  /D:1     /W-T0-1  /T5-T0-4 /T5-T1-1 
/T5-T1-1 /T5-T3-1 /T3-T5-2 /D:1     /R       /D:1     /W-T3-1  /D:3     /W-T5-1  /D:2     
/W-T4-1  /D:3     /W-F1-1  /T0-F1-1 /T5-F1-1 /T2-T0-1 /T2-F0-1 /T1-T2-6 /T1-F1-1 /T5-F0-1 
/T0-T6-3 /T0-F0-1 /T2-T5-2 /T2-F1-1 /T0-F1-1 /T2-F0-1 /T5-T2-4 /T5-F3-1 /T6-F3-1 /T2-F3-1 
/T6-F2-1 /T2-F2-1 /T6-F3-1 /T2-F3-1 /T6-F2-1 /T2-F2-1 /T0-F0-1 /T4-F2-1 /D:1     /W-T3-1  
/W-T3-1  /W-F1-1  /T4-F1-1 /T2-T3-3 /D:2     /W-F0-1  /T4-F0-1 /D:1     /W-F3-1  /T3-F3-1 
/T0-F3-1 /T3-F2-1 /T0-F2-1 /T3-F3-1 /T0-F3-1 /T3-F2-1 /T0-F2-1 /T3-F3-1 /T0-F3-1 /T3-F2-1 
/R       /D:1     /W-T0-1  /D:1     /W-F1-1  /T4-F1-1 /D:1     /W-F0-1  /T4-F0-1 /T0-F0-1 
/D:1     /W-F1-1  /T4-F1-1 
"
1040056,C#wt#Kzj#dMRN#DUBcl#XvfOIH#YAPxbpF#iLumSVTgGysaJeQrqhonkZWE,91.000000,603.000000,36.000000,0.763889,1,"
minimal: 0 / states: 129 / duration: 0.000130s
history:
/T3-F3-1 /T3-T6-1 /T4-T3-1 /D:5     /W-T1-1  /D:2     /W-T5-1  /T6-T5-2 /D:5     /W-F1-1  
/D:4     /W-T1-1  /W-T1-1  /T6-T1-1 /T6-F1-1 /T4-F1-1 /T6-T3-1 /T2-T3-1 /T4-T6-1 /T1-T4-5 
/D:1     /W-T5-1  /T6-T5-2 /T6-F0-1 /T5-F0-1 /T6-T2-1 /T2-T6-2 /T2-T6-1 /T3-T2-4 /T0-F0-1 
/T3-F1-1 /W-F1-1  /D:2     /W-T5-1  /D:1     /W-F2-1  /T5-F2-1 /T4-F2-1 /D:2     /W-T0-1  
/D:1     /W-T6-1  /D:1     /R       /D:1     /W-T1-1  /T5-T1-6 /T5-T2-1 /T5-F3-1 /T1-F3-1 
/T1-F2-1 /T4-F3-1 /T4-F2-1 /T5-F1-1 /T4-T2-3 /T4-F0-1 /T1-F3-1 /T5-T6-1 /T2-F3-1 /T1-T5-5 
/D:1     /W-T0-1  /T5-T0-6 /D:2     /W-T1-1  /D:2     /W-F1-1  /D:2     /W-T1-1  /D:1     
/W-F2-1  /T2-F2-1 /W-T2-1  /D:2     /W-F1-1  /D:1     /W-T1-1  /W-T1-1  /W-T1-1  /W-F2-1  
/T6-F2-1 /T0-T1-3 /T0-F1-1 /T0-F2-1 /T2-T6-3 /T2-F1-1 /T2-F2-1 /T1-T0-5 /T1-F1-1 /T1-F2-1 
/T2-F1-1 /T1-F1-1 /T6-T2-6 /T6-F2-1 /D:1     /W-F0-1  /T0-F0-1 /T0-F3-1 /T2-F0-1 /T0-F0-1 
/T2-F3-1 /T0-F3-1 /T2-F0-1 /T0-F0-1 /T2-F3-1 /T0-F3-1 /T2-F0-1 /T0-F0-1 /T2-F3-1 /T0-F3-1 
/T2-F0-1 
"
1040116,E#AQ#jhf#gGva#MqICN#DHJKzk#bntOolT#RXsZSprxuPLicVYUBeWFydmw,85.000000,939.000000,32.000000,0.758929,1,"
minimal: 0 / states: 131 / duration: 0.000129s
history:
/T3-F1-1 /T4-F3-1 /T4-T1-1 /T1-T0-2 /T1-F0-1 /T0-T2-3 /D:3     /W-T6-1  /D:1     /W-T0-1  
/D:7     /W-T0-1  /T5-T0-1 /T5-T1-1 /D:4     /W-T1-1  /T5-T1-1 /T5-T0-1 /T6-T5-2 /W-T0-1  
/T5-T0-3 /W-T5-1  /D:1     /W-T3-1  /D:1     /W-F0-1  /T2-F0-1 /D:1     /W-T0-1  /T5-T0-2 
/D:1     /W-T1-1  /T3-T1-2 /T2-T3-3 /T2-T4-1 /T4-T2-2 /T3-T1-4 /T0-T4-1 /T0-F0-1 /T4-T0-2 
/T6-T4-1 /T6-T0-1 /T6-F3-1 /T6-T2-1 /T6-F2-1 /T0-F2-1 /T6-F1-1 /T0-F1-1 /D:1     /W-T3-1  
/D:2     /W-F1-1  /D:1     /W-T5-1  /W-T5-1  /D:1     /R       /D:1     /W-T3-1  /T0-T3-1 
/T0-F1-1 /D:1     /W-T5-1  /D:1     /W-T2-1  /T1-T2-2 /T1-F1-1 /D:1     /W-F2-1  /T3-F2-1 
/D:1     /W-F2-1  /T0-F2-1 /T2-T1-3 /T2-F2-1 /T3-T0-2 /T3-F1-1 /T2-F1-1 /D:1     /W-T4-1  
/T2-T4-2 /D:1     /W-F2-1  /T1-T4-5 /T1-F2-1 /D:1     /W-F3-1  /T4-F3-1 /T0-F3-1 /T4-F0-1 
/T0-F0-1 /T4-F3-1 /T0-F3-1 /T4-F0-1 /T0-F0-1 /T4-F3-1 /T0-F3-1 /T4-F0-1 /T1-F3-1 /T0-F0-1 
/T1-F0-1 /T5-F3-1 /T1-F3-1 /T0-T5-1 /T0-F0-1 /T0-F3-1 /T4-T1-3 /T4-F0-1 /D:1     /W-F1-1  
/T1-F1-1 /T5-F1-1 /D:1     /W-F2-1  /T1-F2-1 /T1-F1-1 /T5-F2-1 /T1-F2-1 /T5-F1-1 
"
1040246,C#RI#EST#Zgwd#KDPih#vLxlJN#cfjYyoH#zpVUeaQnGBqFumrtOsMAkWXb,131.000000,1108.000000,47.000000,0.633721,1,"
minimal: 0 / states: 125 / duration: 0.000135s
history:
/T5-F3-1 /T4-T1-1 /T6-T4-1 /T4-T5-2 /T6-T4-1 /T2-T5-1 /T0-T3-1 /D:1     /W-T0-1  /D:5     
/W-F1-1  /D:2     /W-F2-1  /T4-F2-1 /D:1     /W-T1-1  /T2-T1-1 /T3-T2-2 /T2-T1-3 /D:1     
/W-T4-1  /D:2     /W-T5-1  /D:2     /W-T2-1  /T6-T2-1 /T6-T0-1 /T1-T6-7 /T1-T5-1 /D:3     
/W-F3-1  /D:2     /W-T1-1  /D:1     /W-F0-1  /T4-F0-1 /T4-F3-1 /T4-T5-1 /T6-T4-8 /T4-F0-1 
/T5-F0-1 /T4-T0-8 /D:1     /W-T2-1  /T5-T2-6 /T5-T1-1 /T5-T1-1 /D:1     /W-T1-1  /D:1     
/W-T5-1  /T3-T5-1 /W-T3-1  /D:1     /W-F1-1  /R       /D:1     /W-F2-1  /D:1     /W-T5-1  
/D:2     /W-T3-1  /D:1     /W-F3-1  /T2-F3-1 /T0-T6-2 /T0-F3-1 /T6-T0-3 /T6-F1-1 /T0-F1-1 
/T0-F0-1 /T2-F0-1 /T2-F3-1 /T3-T2-3 /T5-T3-4 /T2-F1-1 /T0-F1-1 /T0-F0-1 /W-F3-1  /T3-F3-1 
/T1-F3-1 /D:1     /W-F2-1  /D:2     /W-F2-1  /T2-F2-1 /T2-F1-1 /T2-F0-1 /T0-F1-1 /T0-F0-1 
/T2-F1-1 /T2-F0-1 /T0-F1-1 /T0-F0-1 /T2-F1-1 /T1-T0-1 /T1-F1-1 /T3-T2-2 /T3-F0-1 /T1-F0-1 
/T2-T3-3 /T2-F1-1 /D:1     /W-F2-1  /W-F2-1  /T5-F2-1 /T3-F2-1 /T0-F2-1 /T3-F3-1 /T0-F3-1 
/T3-F2-1 /T0-F2-1 /T3-F3-1 
"
1040457,B#Vc#Ddh#ZUeR#uIGMk#oHbtNj#WifKEOY#TaQpvlzAmPFrgwqxyCXSJLsn,151.000000,2206.000000,49.000000,0.633333,1,"
minimal: 0 / states: 123 / duration: 0.000130s
history:
/T0-T1-1 /D:2     /W-F1-1  /D:3     /W-T5-1  /T2-T5-1 /W-T2-1  /D:2     /W-T0-1  /T6-T0-1 
/T6-T2-1 /T2-T6-3 /T1-T2-2 /T2-T3-3 /D:1     /W-F0-1  /T3-F0-1 /D:1     /W-T2-1  /D:5     
/W-T4-1  /T1-T4-1 /D:2     /W-T0-1  /T5-T0-3 /T5-F3-1 /T6-F3-1 /T5-T0-1 /T5-F1-1 /T5-T4-1 
/T3-F1-1 /D:1     /W-T2-1  /T4-T2-4 /T4-T1-1 /D:1     /W-F0-1  /T3-F0-1 /W-T3-1  /W-T2-1  
/D:2     /W-T0-1  /T6-T0-3 /D:3     /W-T2-1  /T3-T2-2 /D:1     /W-F2-1  /T5-F2-1 /T0-F2-1 
/T0-F1-1 /T3-F1-1 /T4-T3-1 /T3-T4-2 /T0-F0-1 /T2-F2-1 /W-T3-1  /R       /D:3     /W-T1-1  
/T6-T1-1 /T6-F1-1 /D:1     /W-F3-1  /W-F3-1  /T2-F3-1 /T0-F3-1 /W-F3-1  /D:1     /W-F0-1  
/T4-F0-1 /T4-F3-1 /T2-T6-3 /T2-F3-1 /T6-T2-4 /T4-T6-1 /T2-T4-2 /T2-F0-1 /T6-F0-1 /T6-F3-1 
/T4-T2-3 /D:1     /W-F2-1  /T2-F2-1 /T0-F2-1 /T2-F1-1 /T0-F1-1 /T2-F2-1 /T0-F2-1 /T2-F1-1 
/T0-F1-1 /T2-F2-1 /T0-F2-1 /T2-F1-1 /T2-F2-1 /T1-T0-1 /T1-F1-1 /T2-F1-1 /T0-T1-2 /T0-F2-1 
/D:1     /W-F3-1  /D:1     /W-F0-1  /T1-F0-1 /T1-F3-1 /T3-F0-1 /T1-F0-1 /T3-F3-1 
"
1040467,K#df#BHw#cWoY#CPqGi#hvtUIZ#QeAXbgj#VFamTOsxynlJSRMLkprDEzNu,139.000000,3496.000000,54.000000,0.594444,1,"
minimal: 0 / states: 128 / duration: 0.000133s
history:
/T6-T0-1 /T4-T2-1 /T1-T4-1 /T0-T3-2 /T5-T0-1 /T5-T3-1 /T4-T5-2 /T5-T3-3 /D:2     /W-T6-1  
/D:1     /W-F1-1  /D:6     /W-T0-1  /D:1     /W-F2-1  /D:3     /W-T5-1  /D:1     /W-T6-1  
/T4-T6-1 /T4-T6-1 /T4-T1-1 /D:1     /W-T4-1  /T3-T4-7 /T3-F2-1 /D:2     /W-T0-1  /T2-T0-2 
/T6-T2-5 /T6-F1-1 /T2-T0-6 /T2-T0-1 /D:1     /W-F2-1  /D:1     /W-T4-1  /T1-T4-2 /D:2     
/W-T5-1  /D:1     /W-T1-1  /D:1     /W-F3-1  /D:1     /R       /D:2     /W-T2-1  /D:2     
/W-F3-1  /D:3     /W-T1-1  /W-T1-1  /T3-T1-1 /T3-F1-1 /D:1     /W-T6-1  /D:1     /W-T2-1  
/T6-T2-2 /T6-F0-1 /T0-F0-1 /T0-F3-1 /T0-F2-1 /T4-F0-1 /T4-F1-1 /T6-F1-1 /T6-F3-1 /T4-F2-1 
/T0-F3-1 /W-F2-1  /T4-F1-1 /T5-T4-2 /T5-F2-1 /T5-T1-1 /T5-T1-1 /D:1     /W-F0-1  /T4-F0-1 
/T0-F0-1 /T0-F1-1 /T4-F3-1 /T4-F0-1 /T1-F1-1 /W-F3-1  /T0-F0-1 /T4-F3-1 /T4-F0-1 /T0-F1-1 
/T2-F0-1 /T4-F1-1 /T4-F0-1 /W-F3-1  /T0-T2-1 /T0-F1-1 /T1-T4-3 /T1-F1-1 /T2-T0-2 /T2-F0-1 
/T2-F1-1 /T4-T1-4 /T4-F0-1 /D:1     /W-F2-1  /T1-F2-1 /T0-F2-1 /T1-F3-1 /T0-F3-1 /T1-F2-1 
/T0-F2-1 /T1-F3-1 /T0-F3-1 /T1-F2-1 
"
1040553,A#DR#Jwz#ytmO#hgTZU#cpKqCN#rLVHePi#bxnkuvoWSFYlEGjsdfXIaQBM,130.500000,2567.000000,53.000000,0.550562,1,"
minimal: 0 / states: 122 / duration: 0.000130s
history:
/T0-F0-1 /T5-F3-1 /T3-F3-1 /T2-T0-1 /T6-T2-1 /T6-F3-1 /D:1     /W-T5-1  /D:2     /W-F2-1  
/D:2     /W-T2-1  /D:2     /W-F2-1  /D:4     /W-T0-1  /D:3     /W-T4-1  /D:4     /W-T4-1  
/D:3     /W-F1-1  /T5-F1-1 /D:1     /W-F3-1  /T1-F3-1 /T1-T6-1 /T3-T1-1 /D:1     /W-F0-1  
/T5-F0-1 /T6-F0-1 /T5-T6-1 /T5-T0-1 /T5-F2-1 /T5-F1-1 /T6-F2-1 /D:1     /W-T5-1  /R       
/D:4     /W-T0-1  /W-T0-1  /T4-T0-3 /D:1     /W-F3-1  /D:2     /W-T5-1  /D:1     /W-F0-1  
/W-F0-1  /T0-T3-1 /T0-F0-1 /T3-T0-2 /T3-T1-1 /T4-T3-1 /T4-F3-1 /T4-T2-1 /W-T1-1  /T2-T1-4 
/T0-T4-2 /T0-F3-1 /W-T5-1  /T4-T0-3 /D:1     /W-T5-1  /D:1     /W-T1-1  /T6-T1-1 /T6-F0-1 
/T6-F3-1 /T6-T3-1 /T6-F2-1 /T0-T5-4 /T0-F3-1 /D:1     /W-F1-1  /T1-F1-1 /T1-F2-1 /T5-F1-1 
/T1-F1-1 /T5-F2-1 /T1-F2-1 /T5-F1-1 /T1-F1-1 /T5-F2-1 /T1-F2-1 /T5-F1-1 /T5-F2-1 /T1-F1-1 
/T1-F2-1 /T5-F1-1 /T1-F1-1 /T0-T5-2 /T0-F2-1 /D:1     /W-F3-1  /D:1     /W-F0-1  /T2-F0-1 
/T5-F0-1 /T3-F0-1 /T5-F3-1 /T3-F3-1 /T5-F0-1 
"
1040590,E#vn#Wig#Lyjo#apmXd#JTckRP#xYqIflw#DzBGreHhbUMQNuSOVFKZCAts,103.000000,2702.000000,48.000000,0.704545,1,"
minimal: 0 / states: 130 / duration: 0.000138s
history:
/T1-F2-1  /T3-F2-1  /T4-T0-1  /T6-T4-1  /T1-T3-1  /D:2      /W-T1-1   /T6-T1-1  /T0-T6-2  /D:1      
/W-T5-1   /D:5      /W-T3-1   /D:3      /W-T0-1   /D:2      /W-F3-1   /D:3      /W-F3-1   /D:1      
/W-T4-1   /D:1      /W-T2-1   /D:1      /W-T1-1   /T3-T1-3  /T4-T3-3  /T3-T4-4  /D:2      /W-T6-1   
/D:1      /W-F0-1   /T5-F0-1  /T5-F3-1  /T5-T2-1  /T5-T3-1  /T6-F0-1  /D:1      /W-T1-1   /T6-T1-3  
/D:1      /R        /D:1      /W-T2-1   /T5-T2-1  /D:4      /W-T4-1   /T2-T4-5  /D:2      /W-T6-1   
/D:1      /W-F3-1   /D:1      /W-T2-1   /T5-T2-1  /T2-T5-3  /T6-T2-2  /T5-T3-4  /T4-T5-11 /T4-F2-1  
/T4-F1-1  /W-F1-1   /T5-F1-1  /T1-F1-1  /T5-F0-1  /T1-F0-1  /T6-F2-1  /T5-F3-1  /W-F1-1   /T5-F0-1  
/W-F2-1   /T1-F1-1  /T6-T0-1  /T5-F1-1  /W-F0-1   /T5-F0-1  /T1-T2-1  /T1-F1-1  /T2-T1-2  /T2-F0-1  
/T3-T5-2  /T3-F1-1  /T3-F0-1  /T1-T2-3  /T1-F1-1  /T1-F0-1  /T3-F1-1  /T1-F1-1  /T3-F0-1  /T0-T1-1  
/T0-F0-1  /T2-T6-4  /T6-T1-5  /D:1      /W-F3-1   /T5-F3-1  /D:1      /W-T0-1   /T5-T0-5  /T5-F1-1  
/D:1      /W-F2-1   /T1-F2-1  /T0-F2-1  /T1-F3-1  /T0-F3-1  /T1-F2-1  /T0-F2-1  /T1-F3-1  /T0-F3-1  
/T1-F2-1  /T0-F2-1  /T1-F3-1  /T0-F3-1  /T1-F2-1  
"
1041131,K#aj#qzJ#cTUp#YHCMf#bwLEAO#RtNQguv#noXmPZhldsrIiGSVexWFykBD,134.500000,2326.000000,66.000000,0.495050,1,"
minimal: 0 / states: 135 / duration: 0.000153s
history:
/T6-T1-1 /T5-T3-1 /T5-F0-1 /T5-T4-1 /T1-T0-2 /T1-F1-1 /D:1     /W-F2-1  /D:1     /W-F2-1  
/D:1     /W-T5-1  /T2-T5-1 /T2-T1-1 /D:2     /W-T2-1  /D:2     /W-T0-1  /D:1     /W-T1-1  
/T0-T1-4 /W-T0-1  /T5-T0-3 /D:1     /W-T4-1  /T3-T4-2 /D:4     /W-T0-1  /T6-T0-1 /T6-T0-1 
/D:1     /W-T1-1  /T4-T1-5 /D:2     /W-T5-1  /D:4     /W-T0-1  /D:3     /W-F0-1  /D:1     
/R       /D:6     /W-T0-1  /T2-T0-2 /T4-T2-1 /T4-F0-1 /T4-T5-1 /T4-T2-1 /D:1     /W-T2-1  
/D:1     /W-T2-1  /D:3     /W-F0-1  /R       /D:1     /W-T4-1  /D:3     /W-T2-1  /T3-T2-1 
/T3-T5-1 /D:2     /W-T4-1  /D:1     /W-T4-1  /T5-T4-4 /T5-F1-1 /T3-F1-1 /T1-T6-2 /T1-F1-1 
/T6-T1-3 /T6-F3-1 /T1-F3-1 /T0-F3-1 /T1-F2-1 /T0-F2-1 /T0-F1-1 /T1-F3-1 /T1-F0-1 /T6-T2-1 
/T6-F3-1 /T0-F0-1 /T1-F1-1 /T0-F1-1 /T1-F0-1 /T1-F1-1 /W-F3-1  /W-F2-1  /W-F2-1  /T2-F2-1 
/T4-F3-1 /T0-F2-1 /T2-F3-1 /T1-F2-1 /T4-F0-1 /T0-F1-1 /T2-F0-1 /T1-F1-1 /T4-F3-1 /T0-F0-1 
/T2-F3-1 /T1-F0-1 /T4-F2-1 /T0-F3-1 /T2-F2-1 /T2-F3-1 /T4-F1-1 /T0-F0-1 /T1-F1-1 /T2-F0-1 
/T4-F2-1 /T0-F3-1 /T1-F2-1 /T4-F1-1 
"
1041144,q#Tx#vhI#VpOr#enkNo#RJLjaY#ilZuEBd#cXAHFMfQPgWDCsySwKUztGbm,143.000000,1246.000000,64.000000,0.504717,1,"
minimal: 0 / states: 136 / duration: 0.000194s
history:
/T6-T3-1 /T1-T5-1 /D:1     /W-T0-1  /T6-T0-1 /D:2     /W-F0-1  /T0-F0-1 /T4-T0-1 /T4-F3-1 
/D:2     /W-T1-1  /D:3     /W-T6-1  /D:3     /W-T5-1  /T2-T5-1 /T2-T5-1 /D:2     /W-F0-1  
/W-F0-1  /D:4     /W-T4-1  /D:2     /W-T2-1  /D:2     /W-T2-1  /D:1     /W-T5-1  /D:2     
/R       /D:4     /W-T2-1  /T6-T2-2 /T1-T6-2 /W-T1-1  /T5-T1-6 /T5-F1-1 /T2-T5-6 /D:5     
/W-T1-1  /T3-T1-2 /T3-F3-1 /T3-T1-1 /T6-T3-3 /T6-T2-1 /W-T2-1  /T4-T2-2 /T4-F2-1 /T0-F2-1 
/T1-F2-1 /T0-T4-2 /T3-T2-4 /T4-T2-3 /D:1     /W-T6-1  /T5-T6-7 /D:1     /W-T0-1  /T6-T0-9 
/D:1     /W-F1-1  /T2-F1-1 /T1-F1-1 /T2-F2-1 /T2-F1-1 /T1-F2-1 /W-F2-1  /T0-T1-2 /T0-F1-1 
/T0-F2-1 /W-F1-1  /W-F3-1  /T1-F3-1 /T1-F0-1 /T2-F0-1 /T1-T0-2 /T1-F1-1 /T6-F1-1 /D:1     
/W-T3-1  /T5-T3-1 /R       /D:1     /W-T3-1  /T5-T3-1 /T5-F3-1 /T0-F3-1 /T0-F0-1 /T2-F3-1 
/T0-F3-1 /T2-F2-1 /T0-F2-1 /T0-F1-1 /T2-F3-1 /T2-F2-1 /T2-F1-1 /T1-T0-2 /T1-F2-1 /T2-F2-1 
/T0-T1-3 /T0-F1-1 /T0-F2-1 /T3-T2-3 /T3-F1-1 /D:1     /W-F0-1  /T1-F0-1 /T1-F3-1 /T2-F0-1 
/T1-F0-1 /T2-F3-1 /T1-F3-1 /T2-F0-1 /T1-F0-1 /T2-F3-1 
"
1041241,O#eZ#rIQ#zBGV#qnsSC#YydxlA#vHbwMEL#pJFUgDcKNfWoXtuThmiRkaPj,155.000000,2006.000000,47.000000,0.598039,1,"
minimal: 0 / states: 125 / duration: 0.000121s
history:
/T5-F0-1  /T6-T1-1  /T4-T2-1  /T6-T4-1  /T5-T6-1  /T5-T6-1  /T2-T4-2  /T0-T4-1  /T6-T0-3  /T3-T6-1  
/T4-T3-5  /D:1      /W-T5-1   /D:3      /W-T2-1   /T3-T2-6  /T3-F0-1  /T2-T5-1  /T2-F0-1  /D:2      
/W-F0-1   /D:3      /W-F3-1   /T5-F3-1  /D:2      /W-T0-1   /T2-T0-6  /T5-T2-2  /D:2      /W-T1-1   
/T6-T1-2  /T6-T2-1  /T6-T1-1  /D:3      /W-T1-1   /T4-T1-1  /T4-F2-1  /D:1      /W-T6-1   /D:3      
/W-T1-1   /T4-T1-1  /T1-T4-10 /D:1      /W-T5-1   /D:1      /W-F1-1   /T2-F1-1  /D:1      /W-F3-1   
/T0-F3-1  /T0-F0-1  /T4-T1-1  /T4-F3-1  /T0-F3-1  /T1-T4-2  /D:1      /R        /D:1      /W-T5-1   
/D:1      /W-F0-1   /T0-F0-1  /D:2      /W-F1-1   /D:3      /W-F2-1   /T2-F2-1  /T2-F1-1  /T4-F2-1  
/T2-F2-1  /T4-F1-1  /T4-F2-1  /T4-F3-1  /W-F1-1   /T0-F3-1  /T4-F0-1  /T0-F0-1  /T4-F3-1  /T0-F3-1  
/T5-F0-1  /W-F0-1   /W-F1-1   /T6-F1-1  /T4-T5-1  /T4-F3-1  /T4-F0-1  /T5-T4-3  /T5-F3-1  /T0-T3-2  
/T0-F0-1  /D:1      /W-F2-1   /D:1      /W-F2-1   /T6-F2-1  /T4-F2-1  /T3-F2-1  /D:1      /W-T0-1   
/T4-T0-2  /T4-F3-1  /D:1      /W-F1-1   /D:1      /W-F1-1   /T0-F1-1  /T0-F2-1  /T3-F1-1  /T0-F1-1  
/T3-F2-1  
"
1041305,Z#qT#yzk#gcha#BsxfM#GKIduP#mrRiEON#VoJpSDLAtCWvQwYjHnFbeXUl,132.000000,1252.000000,47.000000,0.633333,1,"
minimal: 0 / states: 122 / duration: 0.000121s
history:
/T3-F1-1 /T6-F3-1 /T6-F3-1 /T5-F3-1 /T1-T5-1 /D:3     /W-T2-1  /D:4     /W-T0-1  /T2-T0-2 
/D:1     /W-F0-1  /D:1     /W-T3-1  /D:4     /W-F3-1  /D:2     /W-T2-1  /D:3     /W-F2-1  
/D:1     /W-T5-1  /D:1     /W-F1-1  /D:1     /W-T5-1  /T1-T5-1 /T4-T1-1 /T6-T4-1 /T5-T6-5 
/T4-T3-2 /T5-T3-1 /T6-T0-6 /T6-F3-1 /T3-T5-5 /T3-F1-1 /T4-T2-1 /T4-T3-1 /T4-F0-1 /T2-T4-3 
/T5-F1-1 /D:1     /W-T2-1  /D:2     /W-T1-1  /R       /D:2     /W-F2-1  /D:1     /W-F2-1  
/T0-F2-1 /T6-F2-1 /T0-F1-1 /T3-F2-1 /T2-T6-2 /D:1     /W-F3-1  /T0-T3-1 /T0-F3-1 /T3-T0-2 
/D:2     /W-F0-1  /W-F0-1  /T5-F0-1 /T0-F0-1 /T5-F1-1 /T0-F1-1 /T5-F2-1 /T0-F2-1 /T5-F1-1 
/T0-F1-1 /W-T0-1  /D:1     /W-T4-1  /T5-T4-1 /T5-T1-1 /T5-F0-1 /D:1     /W-F2-1  /D:1     
/W-F2-1  /T4-T1-2 /T4-F2-1 /D:1     /W-F1-1  /T0-T6-2 /T0-F1-1 /T1-T4-3 /T1-F1-1 /T6-T0-3 
/T6-F2-1 /T6-F1-1 /T4-T1-4 /T4-F2-1 /D:1     /W-F0-1  /T1-F0-1 /D:1     /W-F3-1  /T0-F3-1 
/T0-F0-1 /T1-F3-1 /T0-F3-1 /T1-F0-1 /T0-F0-1 /T1-F3-1 /T0-F3-1 /T1-F0-1 
"
1041326,M#wN#Lht#VYZS#fIasJ#TqWbny#HAkproX#dBiezQmCGgKUFRElcuDPjxvO,124.000000,1462.000000,41.000000,0.661972,1,"
minimal: 0 / states: 131 / duration: 0.000120s
history:
/T1-F3-1 /T6-T5-1 /T4-T5-1 /T3-T2-1 /T5-T3-3 /T5-F2-1 /T6-F2-1 /T6-T2-1 /T6-F2-1 /T1-T6-1 
/T3-T1-4 /T3-T0-1 /T3-T1-1 /D:1     /W-T2-1  /F2-T2-1 /T5-T2-1 /D:2     /W-T6-1  /D:1     
/W-T4-1  /D:1     /W-T3-1  /D:6     /W-T0-1  /T5-T0-1 /T5-T4-1 /T4-T5-3 /T4-F1-1 /T2-F1-1 
/T4-T0-1 /T2-F2-1 /T5-F2-1 /D:1     /W-T0-1  /T2-T0-4 /D:3     /W-T4-1  /T0-T4-1 /T0-F2-1 
/D:1     /W-T3-1  /D:1     /W-F1-1  /T4-F1-1 /T5-F1-1 /T5-F2-1 /T4-T0-1 /T4-F1-1 /D:1     
/W-T1-1  /T5-T1-1 /D:4     /W-T3-1  /W-T3-1  /D:1     /W-T3-1  /T2-T3-1 /T6-T2-3 /T6-F0-1 
/T6-T2-1 /D:1     /W-F3-1  /W-F3-1  /R       /D:1     /W-F0-1  /D:1     /W-F3-1  /D:1     
/W-T4-1  /T2-T4-5 /D:1     /W-F0-1  /D:1     /W-T3-1  /T0-T3-2 /T0-F2-1 /T1-T4-1 /T1-F2-1 
/D:1     /W-F1-1  /T3-T0-3 /T3-F1-1 /T3-F2-1 /T4-T1-2 /T4-F1-1 /T3-F1-1 /T4-F2-1 /T3-F2-1 
/T4-F1-1 /T3-F1-1 /T1-T4-5 /T1-F2-1 /T3-F2-1 /T4-T1-6 /T4-F1-1 /D:1     /W-T1-1  /D:1     
/W-F3-1  /D:1     /W-F0-1  /T0-F0-1 /T0-F3-1 /T1-F0-1 /T0-F0-1 /T1-F3-1 /T0-F3-1 /T1-F0-1 
/T0-F0-1 /T1-F3-1 /T0-F3-1 /T1-F0-1 /T0-F0-1 /T1-F3-1 /T0-F3-1 /T1-F0-1 /T0-F0-1 /T1-F3-1 
"
1041386,Y#JD#sCQ#bUOE#KheAm#NnIBza#HMqpZxG#VlFwkWfiTrcjvtodRPuyLSgX,90.000000,670.000000,23.000000,0.879310,1,"
minimal: 0 / states: 119 / duration: 0.000120s
history:
/T5-F1-1 /T2-T3-1 /T2-T3-1 /T0-T5-1 /T4-T0-1 /T4-F0-1 /T4-T2-1 /T6-T4-1 /T6-T5-1 /T1-T2-1 
/D:1     /W-T1-1  /D:5     /W-T5-1  /D:1     /W-T4-1  /T3-T4-3 /T3-T4-1 /D:4     /W-T2-1  
/D:2     /W-T5-1  /T3-T5-1 /T3-F1-1 /T5-T3-6 /T5-F0-1 /T4-T5-7 /W-T4-1  /T5-T4-8 /T5-F2-1 
/T5-F3-1 /T4-F3-1 /T4-F0-1 /T6-T5-1 /T6-T4-1 /T2-F1-1 /T2-F0-1 /T6-T2-1 /D:1     /W-T3-1  
/D:1     /W-F2-1  /T4-F2-1 /T2-F2-1 /W-F2-1  /D:1     /W-F1-1  /T2-F1-1 /T2-F2-1 /T6-T2-1 
/T3-F2-1 /W-T6-1  /T6-T1-2 /D:2     /W-F3-1  /T4-F3-1 /T4-F0-1 /T4-F1-1 /W-F3-1  /D:1     
/W-F2-1  /D:1     /W-T0-1  /D:1     /W-T5-1  /D:1     /W-F3-1  /T1-F3-1 /T3-F3-1 /T3-F2-1 
/D:1     /W-F1-1  /D:1     /W-T0-1  /T1-T0-3 /R       /D:1     /W-T2-1  /T4-T2-5 /D:1     
/W-F0-1  /T2-F0-1 /T0-F0-1 /T0-F3-1 /T2-F1-1 /T2-F0-1 /T3-F3-1 /T0-F0-1 /T0-F3-1 /T2-T3-1 
/T2-F0-1 /T5-F0-1 /T3-T2-2 /T3-F3-1 /T5-F3-1 /T2-T3-3 /T2-F0-1 /D:1     /W-F2-1  /D:1     
/W-T0-1  /D:1     /W-F1-1  /T3-F1-1 /T0-F1-1 /T3-F2-1 /T0-F2-1 /T3-F1-1 /T0-F1-1 /T3-F2-1 
"
1041401,f#Kw#eMp#XJCA#ujgEl#GQZoVc#FIkbDdH#qzYOPNRUaxBhStWnryimLsTv,110.500000,887.000000,48.000000,0.638889,1,"
minimal: 0 / states: 118 / duration: 0.000125s
history:
/T3-F0-1 /D:4     /W-T2-1  /D:2     /W-F3-1  /T2-F3-1 /W-F3-1  /D:3     /W-F1-1  /D:1     
/W-T4-1  /D:1     /W-F0-1  /T3-F0-1 /D:4     /W-T4-1  /D:1     /W-F2-1  /D:1     /W-T0-1  
/D:2     /W-T1-1  /T6-T1-1 /T6-T0-1 /T6-F0-1 /T6-F1-1 /T5-F1-1 /T5-T3-1 /T5-F2-1 /T2-F2-1 
/T0-F1-1 /T4-T2-3 /T4-F0-1 /T4-T1-1 /T1-T6-4 /T4-T1-1 /T4-T3-1 /T5-T4-1 /T5-F3-1 /T0-T5-2 
/T2-T0-4 /W-T4-1  /T6-T4-5 /T6-T0-1 /T2-F1-1 /T6-F0-1 /D:1     /W-T2-1  /D:1     /W-T2-1  
/D:1     /W-T4-1  /D:1     /W-T3-1  /D:1     /W-T1-1  /R       /D:1     /W-F2-1  /T5-F2-1 
/T5-F1-1 /T4-F2-1 /T4-F1-1 /T5-F0-1 /T4-F0-1 /T0-F0-1 /D:1     /W-T5-1  /D:1     /W-T5-1  
/T1-T5-3 /D:1     /W-F3-1  /D:1     /W-T5-1  /D:1     /W-F1-1  /T4-F1-1 /T3-T4-3 /T3-F0-1 
/T5-T0-2 /T5-F1-1 /T5-F0-1 /T2-F0-1 /T4-T3-4 /T4-F1-1 /T0-T5-4 /T0-F1-1 /T0-F0-1 /T2-F1-1 
/T3-T4-5 /D:1     /W-F3-1  /T4-F3-1 /T5-F3-1 /D:1     /W-F2-1  /T4-F2-1 /T4-F3-1 /T5-F2-1 
/T4-F2-1 /T5-F3-1 /T4-F3-1 /T5-F2-1 /T4-F2-1 /T5-F3-1 /T4-F3-1 /T5-F2-1 
"
1050065,W#Vy#Ndf#rusX#xzIaB#HFMZcG#RTKUDPg#bqwQJoCOphLSAinYltevmjkE,130.000000,1271.000000,52.000000,0.578947,1,"
minimal: 0 / states: 131 / duration: 0.000124s
history:
/T3-T1-1 /T2-T5-1 /T3-T6-1 /T6-T3-2 /T4-T6-1 /T4-F1-1 /T4-T0-1 /D:1     /W-F1-1  /D:2     
/W-T1-1  /D:4     /W-T2-1  /D:1     /W-T2-1  /D:2     /W-T0-1  /T5-T0-2 /T5-F1-1 /T1-T5-3 
/T3-T1-3 /T2-T3-3 /T2-F3-1 /T3-F3-1 /T5-T2-4 /T1-T2-4 /T5-T1-1 /T3-T0-3 /T4-T3-1 /T0-T4-8 
/D:3     /W-F0-1  /T6-F0-1 /T4-F0-1 /T6-F3-1 /T6-F0-1 /T4-F1-1 /D:2     /W-F2-1  /D:1     
/W-T1-1  /T4-T1-7 /D:1     /W-T3-1  /D:1     /W-T6-1  /D:1     /W-F1-1  /D:2     /W-T0-1  
/D:3     /W-F0-1  /T5-F0-1 /T1-T6-2 /T1-F0-1 /T5-F0-1 /R       /D:2     /W-F3-1  /D:2     
/W-F2-1  /D:1     /W-F2-1  /D:1     /W-T0-1  /D:5     /W-T0-1  /R       /D:1     /W-F2-1  
/T6-F2-1 /T6-F1-1 /T2-F2-1 /T2-F1-1 /T1-F1-1 /T6-T1-2 /T6-T3-1 /T6-T2-1 /T6-F3-1 /T1-F2-1 
/D:1     /W-T0-1  /D:1     /W-F3-1  /T2-F3-1 /T1-F3-1 /T1-F0-1 /T2-F2-1 /T2-F3-1 /T0-F0-1 
/T1-F3-1 /T3-F0-1 /T2-T0-1 /T2-F3-1 /T0-T2-2 /T0-F0-1 /T1-T3-1 /T1-F3-1 /T1-F0-1 /T2-T0-3 
/T2-F3-1 /D:1     /W-F1-1  /D:1     /W-F2-1  /T0-F2-1 /T3-F2-1 /D:1     /W-F1-1  /T0-F1-1 
/T0-F2-1 /T3-F1-1 /T0-F1-1 /T3-F2-1 
"
1050166,Y#FO#Tga#HsmC#Llcyh#GznkDN#jAtZMwb#vIpeRUuQqWVfXPEoixJKBSrd,90.500000,1659.000000,39.000000,0.715385,1,"
minimal: 0 / states: 133 / duration: 0.000135s
history:
/T2-F1-1 /T5-F3-1 /T1-F3-1 /T6-F1-1 /T1-T2-1 /D:4     /W-T2-1  /T5-T2-1 /T6-T5-1 /T6-T1-1 
/T0-T1-1 /T6-T0-1 /T6-T4-1 /T6-F0-1 /D:7     /W-T5-1  /D:1     /W-T4-1  /D:2     /W-F3-1  
/D:1     /W-T4-1  /D:3     /W-T1-1  /T6-T1-1 /D:3     /W-F0-1  /T3-F0-1 /T3-T6-1 /T2-F0-1 
/T4-F0-1 /T2-T3-1 /T2-F0-1 /T3-T2-2 /T2-T3-3 /T3-T5-4 /D:2     /W-T4-1  /D:1     /W-T4-1  
/R       /D:1     /W-T1-1  /T4-T1-5 /T4-T0-1 /T4-F1-1 /T5-T0-7 /T5-F2-1 /T4-T5-1 /T5-T3-2 
/T1-F1-1 /T0-F1-1 /T5-F0-1 /T4-T6-1 /D:3     /W-T0-1  /D:3     /W-F3-1  /T0-F3-1 /D:3     
/W-T6-1  /D:1     /W-F2-1  /D:2     /W-T6-1  /W-T6-1  /D:1     /W-T3-1  /W-T3-1  /D:1     
/W-F3-1  /T2-F3-1 /R       /D:1     /W-T3-1  /D:1     /W-F2-1  /D:1     /W-F3-1  /T0-T6-3 
/T0-F3-1 /D:2     /W-F2-1  /T1-F2-1 /T1-F1-1 /T6-F2-1 /T1-F2-1 /T6-F1-1 /T1-F1-1 /T6-F0-1 
/T3-F0-1 /W-F2-1  /T1-F2-1 /T3-F3-1 /T6-F1-1 /T0-F2-1 /T1-F1-1 /T1-F2-1 /T6-F0-1 /T0-F1-1 
/T3-F0-1 /T3-F1-1 /T6-F3-1 /T0-F2-1 /T1-F3-1 /T3-F2-1 /T6-F0-1 /T0-F3-1 /T1-F0-1 /T6-F1-1 
"
1050188,q#MJ#Eih#HkxL#vlAnW#CuawtX#RVczgZB#DSyFmpoeNdKUTrGjbIQYsPOf,106.500000,902.000000,41.000000,0.660000,1,"
minimal: 0 / states: 120 / duration: 0.000163s
history:
/T5-T3-1 /T5-T2-1 /T5-T3-1 /T5-F1-1 /D:2     /W-T2-1  /D:7     /W-F3-1  /D:4     /W-T5-1  
/D:1     /W-T2-1  /D:3     /W-F1-1  /D:1     /W-T4-1  /T2-T4-4 /T2-T1-1 /T5-T1-2 /D:1     
/W-T2-1  /T5-T2-1 /D:2     /W-T1-1  /D:1     /W-T0-1  /T6-T0-1 /T6-T5-1 /T3-T5-3 /T4-T3-6 
/T4-F2-1 /T4-F0-1 /T0-F0-1 /T3-T4-7 /T1-T3-5 /T4-T1-8 /T2-F0-1 /D:1     /W-F3-1  /T0-F3-1 
/T2-F3-1 /D:1     /R       /D:1     /W-F0-1  /T2-F0-1 /D:2     /W-F0-1  /D:1     /W-T2-1  
/W-T2-1  /T3-T2-6 /T6-T3-1 /D:2     /W-F2-1  /W-F2-1  /T0-F2-1 /T6-T0-1 /T6-F1-1 /T6-T5-1 
/T6-F3-1 /T1-F2-1 /T1-F3-1 /T2-F2-1 /T2-F3-1 /T1-F2-1 /T2-F2-1 /T4-F2-1 /T3-T2-2 /D:2     
/W-F1-1  /W-F1-1  /D:2     /W-F3-1  /T5-F3-1 /T5-F2-1 /D:1     /W-F0-1  /D:2     /W-T0-1  
/D:1     /W-F1-1  /T2-F1-1 /T1-F1-1 /T2-F0-1 /T1-F0-1 /T1-F3-1 /T2-F1-1 /T2-F0-1 /T5-F3-1 
/W-F1-1  /T1-F2-1 /T2-F1-1 /T2-F2-1 /W-F0-1  /T0-F3-1 /T1-F1-1 /T0-F2-1 /T5-F0-1 /T1-F0-1 
/T2-F1-1 /T5-F3-1 
"
1050237,u#BL#dVh#Srnx#fqXQN#tsPpCY#UAEOwIj#MRevJHlWTmzKkyZGFagiocDb,89.500000,690.000000,34.000000,0.750000,1,"
minimal: 0 / states: 122 / duration: 0.000120s
history:
/T4-F3-1 /T6-T3-1 /T6-T3-1 /T3-T5-3 /T3-F2-1 /T4-T3-1 /T6-T4-1 /T6-F3-1 /T2-T5-1 /T4-T1-2 
/T2-T1-1 /T0-T1-1 /T2-T6-1 /D:1     /W-T0-1  /T5-T0-5 /T5-T3-1 /T5-T6-1 /T5-F3-1 /D:1     
/W-T5-1  /T4-T5-1 /T6-T4-3 /T6-F0-1 /D:7     /W-T1-1  /T5-T1-3 /T4-T5-4 /T5-T0-5 /D:1     
/W-T2-1  /T1-T2-9 /T1-F0-1 /T3-F0-1 /T3-F3-1 /D:1     /W-T1-1  /D:4     /W-T4-1  /W-T4-1  
/W-T4-1  /D:1     /W-T6-1  /D:2     /W-F1-1  /D:3     /W-F2-1  /T0-F2-1 /T2-F2-1 /T3-F2-1 
/T2-F3-1 /T2-F2-1 /T3-F3-1 /T2-F3-1 /T0-T6-3 /T0-F2-1 /T2-F2-1 /T6-T0-4 /T6-F3-1 /T2-F3-1 
/W-T2-1  /D:2     /W-F0-1  /D:1     /W-F1-1  /W-F1-1  /T0-F1-1 /T0-F0-1 /R       /D:1     
/W-F1-1  /T0-F1-1 /D:1     /W-F2-1  /D:1     /W-T4-1  /T2-T4-1 /T2-F2-1 /D:1     /W-T4-1  
/D:1     /W-T1-1  /D:1     /W-F3-1  /T2-F3-1 /T0-T1-5 /T0-F3-1 /D:2     /W-F0-1  /T1-F0-1 
/T4-F0-1 /D:1     /W-F1-1  /T1-F1-1 /T1-F0-1 /T4-F1-1 /T1-F1-1 /T1-F2-1 /T4-F0-1 /T4-F1-1 
/T4-F2-1 /W-F0-1  /T1-F1-1 /T1-F2-1 /T2-F0-1 /T0-F0-1 /T2-F1-1 /T4-F3-1 
"
1050244,w#Bv#oOd#WJsC#tcPEV#lUXuap#IhgYqnb#GZLeDjmNyMirSTKHxAfFRkQz,105.000000,1307.000000,42.000000,0.769663,1,"
minimal: 0 / states: 109 / duration: 0.000124s
history:
/T6-T3-1 /T6-F2-1 /T5-T2-1 /T5-F1-1 /T3-F1-1 /T4-T0-1 /T5-T0-1 /T2-T4-2 /T2-T3-1 /T2-F2-1 
/T4-F2-1 /T6-F2-1 /T3-T4-2 /T0-T5-3 /D:2     /W-T0-1  /D:1     /W-T0-1  /T5-T0-4 /T5-T1-1 
/W-T1-1  /D:1     /W-T3-1  /D:1     /W-T3-1  /D:2     /W-T2-1  /D:1     /W-F3-1  /T4-F3-1 
/D:1     /W-T2-1  /D:3     /W-F2-1  /D:1     /W-T1-1  /T4-T1-3 /T4-F3-1 /T4-F1-1 /D:1     
/W-T0-1  /T3-T0-3 /W-T3-1  /D:1     /W-T5-1  /D:1     /W-T3-1  /D:1     /W-T6-1  /D:1     
/W-F0-1  /D:1     /W-T4-1  /D:3     /W-T2-1  /T3-T2-3 /T1-T3-7 /T1-F0-1 /T3-F0-1 /T0-F0-1 
/T3-F1-1 /T0-F1-1 /T0-F2-1 /T3-F0-1 /T4-F1-1 /T4-F2-1 /T0-T2-1 /T0-F2-1 /T3-T5-5 /D:1     
/W-F3-1  /W-F3-1  /T5-F3-1 /W-F0-1  /T2-F3-1 /T5-F0-1 /T5-F3-1 /W-T1-1  /T6-T1-2 /T6-F1-1 
/T2-F0-1 /T0-F3-1 /T6-F1-1 /T2-F1-1 /T5-F2-1 /T0-F2-1 /T6-F0-1 /T2-F0-1 /T5-F3-1 /T0-F3-1 
/W-F1-1  /T1-F2-1 /T2-F1-1 /T2-F2-1 /T5-F0-1 /T0-F0-1 /T1-F3-1 /T0-F3-1 /T5-F1-1 /T1-F0-1 
/T2-F1-1 /D:1     /W-F2-1  
"
1050247,L#JM#rjx#IoQN#kwFAg#RBelbC#TSsKamP#zEOyVtqcdvuZiHhXpYUGfDnW,169.500000,4278.000000,46.000000,0.634409,1,"
minimal: 0 / states: 120 / duration: 0.000118s
history:
/T3-F3-1 /T5-T3-1 /T5-T3-1 /T5-T1-1 /T2-T1-1 /T2-T1-1 /T3-T2-3 /T3-T6-1 /T3-T1-1 /T1-T3-5 
/D:3     /W-F3-1  /D:2     /W-T1-1  /D:2     /W-T5-1  /T6-T5-2 /T0-T6-1 /T6-T0-2 /T6-F1-1 
/T2-F1-1 /D:1     /W-F1-1  /D:1     /W-F1-1  /D:2     /W-T1-1  /T4-T1-1 /T4-F0-1 /T4-T1-1 
/T5-T1-4 /T5-F0-1 /T2-F0-1 /T1-T5-3 /T1-F1-1 /T5-T1-4 /D:1     /W-T5-1  /D:1     /W-T4-1  
/D:1     /W-T4-1  /D:1     /W-T3-1  /D:1     /W-T0-1  /T4-T0-3 /T1-T4-9 /D:1     /W-T2-1  
/D:3     /W-T3-1  /D:1     /W-F1-1  /D:1     /W-F0-1  /D:1     /W-F2-1  /T4-F2-1 /T2-F2-1 
/T4-F3-1 /T2-F3-1 /T4-F2-1 /T2-F2-1 /T4-F3-1 /D:1     /W-T6-1  /R       /D:1     /W-T1-1  
/D:1     /W-F0-1  /T4-F0-1 /T3-F0-1 /T0-F0-1 /T4-F1-1 /T3-F1-1 /T0-F1-1 /T3-F0-1 /T3-F1-1 
/T4-T0-2 /T4-F0-1 /T6-T3-1 /T6-F0-1 /T6-F2-1 /T6-F3-1 /T6-F3-1 /T4-F1-1 /D:1     /W-T5-1  
/T0-T5-4 /T0-F0-1 /T3-T1-3 /T3-F0-1 /D:1     /W-F2-1  /T5-F2-1 /D:1     /W-F2-1  /D:2     
/W-F3-1  /T5-F3-1 /T1-F3-1 /T5-F2-1 /T1-F2-1 /T1-F1-1 /T5-F3-1 /T5-F2-1 /T0-F1-1 /W-F3-1  
/T1-F2-1 /T5-F3-1 
"
1050305,U#AX#maC#HSRh#WviNy#IkqogE#MlKdfJn#tswDYLOjVGPFepbBZuxQcTzr,172.500000,2185.000000,45.000000,0.621212,1,"
minimal: 0 / states: 115 / duration: 0.000118s
history:
/T6-F2-1 /T6-T1-1 /T5-T6-1 /T1-T4-2 /T1-F0-1 /D:1     /W-T0-1  /T6-T0-2 /T6-T0-1 /T2-T0-1 
/T2-F1-1 /T4-T2-3 /T4-F3-1 /T4-T2-1 /T3-T4-1 /D:1     /W-T5-1  /T3-T5-1 /D:2     /W-T5-1  
/D:3     /W-F3-1  /D:1     /W-T6-1  /T4-T6-2 /D:2     /W-T6-1  /T3-T6-1 /T5-T3-4 /T5-F2-1 
/T3-T2-5 /D:1     /W-F3-1  /D:3     /W-F2-1  /T5-F2-1 /D:1     /W-F1-1  /D:1     /W-F0-1  
/T0-F0-1 /T2-F0-1 /D:1     /W-T1-1  /D:3     /W-F3-1  /T2-F3-1 /T6-F3-1 /D:1     /W-F1-1  
/T0-F1-1 /T0-F0-1 /D:1     /W-F3-1  /D:1     /W-T3-1  /D:1     /W-F2-1  /T2-F2-1 /T0-T6-1 
/T0-F2-1 /T0-F3-1 /R       /D:1     /W-T5-1  /D:1     /W-T3-1  /T6-T3-6 /D:1     /W-T1-1  
/T5-T1-2 /T5-T4-1 /D:1     /W-F3-1  /D:1     /W-F0-1  /D:1     /W-F1-1  /T3-F1-1 /T2-F1-1 
/T3-F0-1 /T2-F0-1 /T3-F1-1 /T4-F0-1 /T2-F1-1 /T2-F0-1 /T4-F3-1 /T2-F3-1 /T3-T6-3 /T3-F3-1 
/T6-T3-4 /D:1     /W-F2-1  /T3-F2-1 /T1-F2-1 /T3-F1-1 /T1-F1-1 /T3-F0-1 /T1-F0-1 /T1-F3-1 
/T3-F1-1 /T6-F0-1 /D:1     /W-F2-1  /T2-F2-1 /T2-F1-1 /T3-F2-1 
"
1050357,K#or#ekS#lPXn#MmsDQ#AcWUZO#TvVfxwb#FhIditjLRquBzpCagGYyNEHJ,103.000000,750.000000,46.000000,0.581250,1,"
minimal: 0 / states: 132 / duration: 0.000137s
history:
/T3-F2-1 /T4-T1-1 /T1-T2-2 /T1-F2-1 /D:7     /W-T0-1  /D:6     /W-T1-1  /D:1     /W-T2-1  
/T6-T2-1 /T6-T3-1 /D:2     /W-F1-1  /T2-F1-1 /T5-T2-1 /D:3     /W-T1-1  /T6-T1-1 /D:1     
/W-T5-1  /T3-T5-2 /T3-T4-1 /T0-T3-2 /T5-T0-4 /W-T5-1  /T6-T5-1 /T6-T0-1 /T5-T6-3 /T5-T1-1 
/T5-F1-1 /T5-F0-1 /T6-T1-4 /D:1     /W-F3-1  /T2-F3-1 /T2-F2-1 /T4-F3-1 /T2-F3-1 /D:1     
/W-T1-1  /D:1     /W-T0-1  /W-T0-1  /D:1     /R       /D:1     /W-T0-1  /D:2     /W-T3-1  
/W-T3-1  /D:1     /W-F1-1  /D:2     /W-T3-1  /T2-T3-2 /D:2     /W-T0-1  /T4-T0-1 /T4-T6-1 
/T4-T5-1 /W-T5-1  /T2-T5-1 /T2-F1-1 /T3-T4-8 /D:1     /W-F2-1  /T4-F2-1 /T6-F2-1 /T1-T4-1 
/T1-F1-1 /T0-T6-3 /T0-F1-1 /T4-T1-2 /T4-F2-1 /T4-F1-1 /W-F1-1  /T6-T0-4 /D:1     /W-F2-1  
/T1-T4-4 /T1-F2-1 /T4-T1-5 /T4-F1-1 /T5-F1-1 /D:1     /W-F0-1  /D:1     /W-F0-1  /T0-F0-1 
/T0-F3-1 /T1-F0-1 /T0-F0-1 /T1-F3-1 /T0-F3-1 /T1-F0-1 /T0-F0-1 /T1-F3-1 /T0-F3-1 /T0-F2-1 
/T1-F0-1 /T1-F3-1 /T1-F2-1 /T0-F3-1 /T0-F2-1 /T1-F3-1 /T0-F3-1 /T1-F2-1 /D:1     /W-F0-1  
/T4-F0-1 /T4-F1-1 /T5-F0-1 /T4-F0-1 /T5-F1-1 
"
1050462,X#PU#LZk#EoFb#yCnRG#xWKrqg#BYsjTpH#AmQNIhziJvfaOVtDcedSlMwu,122.000000,1691.000000,51.000000,0.577381,1,"
minimal: 0 / states: 121 / duration: 0.000136s
history:
/T5-T6-1 /T4-T1-1 /T5-T4-1 /D:1     /W-F0-1  /D:2     /W-T5-1  /D:1     /W-F3-1  /D:5     
/W-T0-1  /W-T0-1  /T6-T0-2 /T6-T5-1 /T3-T5-1 /T4-T3-2 /T4-F2-1 /T3-T0-3 /T3-F2-1 /T5-T4-1 
/T5-F2-1 /T4-T5-2 /T2-T4-1 /T4-T2-2 /T2-T4-3 /T0-F2-1 /T5-T3-3 /T5-F2-1 /T0-T2-7 /W-T0-1  
/D:2     /W-T1-1  /T3-T1-4 /D:1     /W-F1-1  /T1-F1-1 /D:1     /W-F3-1  /D:3     /W-T2-1  
/D:1     /W-F1-1  /D:2     /W-F1-1  /W-F1-1  /D:2     /W-T0-1  /T5-T0-1 /T5-T0-1 /D:1     
/W-T3-1  /D:1     /W-T4-1  /D:1     /R       /D:2     /W-T0-1  /T1-T0-6 /T1-F3-1 /W-T1-1  
/T2-T1-9 /D:3     /W-T4-1  /D:3     /W-T4-1  /T6-T4-1 /T6-T5-1 /T6-F2-1 /T6-T3-1 /T6-F0-1 
/T0-F0-1 /T0-F3-1 /T1-F0-1 /T0-F0-1 /T0-F1-1 /T1-F3-1 /T1-F0-1 /T1-F1-1 /W-F3-1  /T0-F0-1 
/T4-F3-1 /T1-F0-1 /W-F2-1  /T0-F3-1 /T4-F2-1 /T4-F3-1 /T0-F0-1 /T0-F3-1 /W-F2-1  /W-F1-1  
/T1-F1-1 /T1-F0-1 /T4-F2-1 /T1-F3-1 /T5-F1-1 /T0-F0-1 /T4-F1-1 /T1-F0-1 /T5-F2-1 /T0-F1-1 
/T3-F3-1 /T3-F0-1 /T4-F2-1 /T0-F2-1 /T1-F1-1 /T4-F3-1 
"
1050488,K#Nx#XIT#kjcg#BfQHL#PwoiZn#rYMylWa#RCUOstupvVdFSGhmJDqAEbze,114.000000,2776.000000,50.000000,0.588235,1,"
minimal: 0 / states: 126 / duration: 0.000142s
history:
/T5-F2-1 /T6-F1-1 /T6-T0-1 /T4-T5-1 /T3-T4-1 /T1-T6-1 /T1-F3-1 /T5-T1-2 /T4-T5-2 /D:2     
/W-T4-1  /D:2     /W-F3-1  /D:1     /W-T2-1  /D:4     /W-T0-1  /D:3     /W-T5-1  /D:3     
/W-T0-1  /W-T0-1  /W-T0-1  /D:5     /W-F0-1  /D:1     /W-T0-1  /T4-T0-2 /D:1     /W-F1-1  
/T3-F1-1 /T3-T6-1 /T3-T1-1 /D:1     /W-T3-1  /T6-T3-3 /D:1     /W-T2-1  /W-T2-1  /R       
/D:1     /W-T5-1  /D:6     /W-F1-1  /T2-T5-1 /T2-F1-1 /T4-F1-1 /T4-F0-1 /T0-F0-1 /D:1     
/W-T4-1  /T6-T4-1 /D:1     /W-T1-1  /T5-T1-6 /T5-F2-1 /W-T5-1  /W-F2-1  /W-T5-1  /T2-T5-2 
/T2-T3-1 /T5-T2-5 /T5-F3-1 /T0-F3-1 /T1-F2-1 /T6-T5-1 /T6-T5-1 /T6-F2-1 /T1-F3-1 /T2-F2-1 
/W-F2-1  /T1-T2-1 /T1-F1-1 /T2-T1-2 /T2-F2-1 /T0-T3-4 /T0-F2-1 /T0-T5-2 /T2-T4-3 /D:1     
/W-F0-1  /T3-F0-1 /T1-F0-1 /T3-F3-1 /T1-F3-1 /T3-F0-1 /T1-F0-1 /T3-F1-1 /T1-F1-1 /W-F3-1  
/T3-F0-1 /T3-F1-1 /T4-F3-1 /T1-F0-1 /T4-F2-1 /T1-F1-1 /T5-F3-1 /T3-F2-1 /T4-F3-1 /T4-F2-1 
/T5-F0-1 /T1-F0-1 /T3-F1-1 /T4-F1-1 /T5-F3-1 /T1-F3-1 /T3-F2-1 /T5-F0-1 
"
1050513,C#ki#ZIW#ovFf#LezBG#wtJurO#VTAUhMq#KaNmSDXbpxgEsHPnjQycdRlY,155.000000,1826.000000,43.000000,0.625000,1,"
minimal: 0 / states: 119 / duration: 0.000124s
history:
/T5-T0-1 /T5-T3-1 /T3-T4-2 /T5-T1-1 /T1-T5-2 /T5-T1-3 /D:2     /W-F1-1  /D:1     /W-F3-1  
/T0-F3-1 /D:2     /W-T5-1  /D:3     /W-F1-1  /D:3     /W-T1-1  /T3-T1-1 /T3-T2-1 /D:1     
/W-T5-1  /D:3     /W-F3-1  /D:1     /W-F2-1  /T3-F2-1 /D:2     /W-F3-1  /D:2     /W-F1-1  
/D:1     /W-F1-1  /D:1     /W-T1-1  /T6-T1-1 /T6-T3-1 /T4-T6-3 /T6-T2-4 /T5-T6-3 /D:1     
/W-T3-1  /D:1     /R       /D:1     /W-T3-1  /T2-T3-6 /T6-T2-4 /T6-F0-1 /T4-F0-1 /T0-F0-1 
/T4-T0-1 /T4-F1-1 /T1-T4-8 /D:1     /W-T1-1  /T4-T1-9 /D:1     /W-F0-1  /T2-F0-1 /T3-T2-1 
/T3-F1-1 /T1-T6-3 /T1-F1-1 /T6-T1-4 /T6-T5-1 /D:2     /W-F2-1  /T1-F2-1 /T1-F3-1 /T1-F0-1 
/T2-F2-1 /T2-F3-1 /T3-F0-1 /T1-F3-1 /T3-F1-1 /T1-T5-1 /T1-F1-1 /D:2     /W-F2-1  /T2-F2-1 
/T2-F3-1 /T5-F2-1 /T3-F2-1 /T2-T3-1 /T5-F3-1 /T5-F2-1 /W-F2-1  /D:1     /W-F0-1  /T3-F0-1 
/T1-F0-1 /T3-F3-1 /W-F3-1  /T3-F0-1 /D:1     /W-F1-1  /T1-F1-1 /T1-F0-1 /T3-F1-1 /T1-F1-1 
/T3-F0-1 /D:1     /W-F2-1  /T0-F2-1 /D:1     /W-F3-1  /T2-F3-1 
"
1050567,T#ew#lvH#gZPb#dqixG#XrRsfA#NpnSjMz#UOFhWokCmcuQYLByaJtDKVIE,118.000000,3741.000000,58.000000,0.505618,1,"
minimal: 0 / states: 140 / duration: 0.000135s
history:
/T5-F0-1 /T5-T4-1 /T5-T0-1 /T5-T0-1 /T5-T4-1 /T1-T5-1 /T0-T2-3 /T6-T0-1 /D:12    /W-T4-1  
/D:1     /W-T0-1  /D:2     /W-F0-1  /D:2     /W-F1-1  /T3-F1-1 /D:3     /W-T1-1  /T3-T1-1 
/D:1     /W-T0-1  /D:1     /W-T5-1  /T2-T5-4 /D:2     /R       /D:1     /W-T2-1  /T4-T2-4 
/D:4     /W-T0-1  /T2-T0-6 /T4-T2-1 /T2-T6-2 /T6-T2-3 /T6-T2-1 /D:1     /W-T1-1  /D:2     
/W-F0-1  /D:2     /W-F1-1  /D:1     /W-T4-1  /D:1     /W-T3-1  /T5-T3-7 /T3-T5-9 /T3-T4-1 
/W-T3-1  /D:1     /W-T3-1  /W-T3-1  /D:1     /W-T3-1  /T4-T3-3 /T4-T5-1 /T4-F1-1 /T1-T5-2 
/T1-F0-1 /T1-F1-1 /T0-T6-2 /T0-F1-1 /T6-T0-3 /T6-F2-1 /T5-F2-1 /T6-F2-1 /T6-F3-1 /T3-F1-1 
/W-F1-1  /D:2     /W-T2-1  /D:1     /W-F0-1  /R       /D:1     /W-F3-1  /T5-F3-1 /T0-F3-1 
/T5-F2-1 /T0-F2-1 /T5-F3-1 /T0-F3-1 /T5-F2-1 /T5-F3-1 /D:1     /W-F0-1  /T0-F0-1 /T5-F0-1 
/T0-F3-1 /T2-F0-1 /T5-F3-1 /T0-T2-1 /T0-F3-1 /T3-T5-2 /T3-F0-1 /T0-F0-1 /T5-T3-3 /T5-F3-1 
/T0-F3-1 /T5-F0-1 /T5-F3-1 /T2-T0-4 /T2-F0-1 /D:1     /W-F2-1  /T3-F2-1 /T0-F2-1 /T3-F1-1 
/T0-F1-1 /T3-F2-1 /T0-F2-1 /T3-F1-1 /T0-F1-1 /T3-F2-1 /T0-F2-1 /T3-F1-1 
"
1050571,a#Dq#hxF#PSlI#wQtRU#HdgrpO#mLMCAzc#fniTNWeJyEuoGkKYvjBVZsbX,128.000000,1919.000000,39.000000,0.628571,1,"
minimal: 0 / states: 121 / duration: 0.000119s
history:
/T0-F1-1  /T6-T1-1  /T6-T0-1  /T6-F0-1  /T5-T6-1  /T4-T3-1  /T4-T2-1  /T4-T3-1  /T5-T4-1  /T1-T2-2  
/T4-T5-2  /D:1      /W-T3-1   /T5-T3-3  /T2-T5-4  /D:1      /W-F2-1   /D:1      /W-T4-1   /D:2      
/W-F3-1   /T6-F3-1  /D:1      /W-T2-1   /T3-T2-7  /T3-T0-1  /T2-T0-9  /D:4      /W-T3-1   /D:1      
/W-T4-1   /T5-T4-5  /T6-T5-1  /T5-T3-2  /D:1      /W-F2-1   /T0-F2-1  /T4-T1-1  /T4-F2-1  /T1-T4-2  
/T6-T1-1  /D:1      /W-T2-1   /T3-T2-4  /T3-F3-1  /T0-F3-1  /T0-F2-1  /D:1      /W-T6-1   /T4-T6-8  
/D:2      /W-T1-1   /W-T1-1   /D:2      /W-T1-1   /W-T1-1   /T2-T1-6  /D:1      /W-F0-1   /T1-F0-1  
/D:2      /W-T2-1   /T6-T2-10 /D:1      /W-F2-1   /D:1      /W-F1-1   /T2-F1-1  /T1-F1-1  /T2-F0-1  
/T1-F0-1  /T2-F3-1  /T1-F3-1  /T2-F0-1  /T1-F0-1  /T5-F0-1  /D:1      /R        /D:1      /W-F3-1   
/T0-T1-2  /T0-F3-1  /T0-F0-1  /D:1      /W-F1-1   /T1-F1-1  /T1-F2-1  /T2-F1-1  /T1-F1-1  /T2-F2-1  
/T1-F2-1  /T2-F1-1  /T1-F1-1  /T2-F2-1  /T2-F1-1  /T0-T1-1  /T0-F2-1  /T0-F1-1  /T6-F1-1  /D:1      
/W-F0-1   /D:1      /W-F2-1   /T0-F2-1  /D:1      /W-F3-1   /T1-F3-1  /T1-F0-1  /T2-F0-1  /D:1      
/W-F3-1   /T1-F3-1  /T1-F0-1  /T2-F3-1  
"
1050586,Z#GA#XnC#UKdP#tELQf#oVcegr#hsRkpMz#WFvwyaHSYOJBjlbmxNTiDIuq,136.500000,1944.000000,57.000000,0.537234,1,"
minimal: 0 / states: 134 / duration: 0.000135s
history:
/T1-F0-1 /T5-T4-1 /T4-T1-2 /T4-T1-1 /T2-T1-1 /T2-F2-1 /T4-T0-1 /T2-T0-1 /T6-T2-1 /D:2     
/W-T5-1  /D:2     /W-T0-1  /D:2     /W-F1-1  /D:3     /W-T2-1  /D:1     /W-T1-1  /D:2     
/W-F0-1  /D:2     /W-T6-1  /D:1     /W-F1-1  /D:2     /W-T2-1  /D:1     /W-F3-1  /T1-F3-1 
/T1-F0-1 /T3-F3-1 /T3-T4-1 /T3-T6-1 /T1-T3-4 /T6-T1-3 /T6-T3-1 /T3-T4-1 /T3-F3-1 /D:2     
/W-T0-1  /D:1     /W-F0-1  /T4-T3-2 /T4-F0-1 /T5-F0-1 /T3-T4-4 /T3-F0-1 /T4-T3-5 /D:2     
/W-T0-1  /T5-T0-1 /D:1     /W-T5-1  /R       /D:1     /W-T1-1  /D:1     /W-T1-1  /T3-T1-6 
/D:2     /W-F0-1  /D:2     /W-T6-1  /D:1     /W-T2-1  /D:1     /W-T3-1  /D:2     /W-F0-1  
/T6-F0-1 /R       /D:1     /W-T3-1  /T6-T3-1 /T6-F3-1 /T5-T6-2 /T5-F1-1 /T6-T0-3 /F0-T3-1 
/T5-T3-1 /T5-F2-1 /T1-F2-1 /T0-F2-1 /T1-F1-1 /T0-F1-1 /T1-F2-1 /T0-F2-1 /T1-F1-1 /T0-F1-1 
/T1-F2-1 /T6-F1-1 /T0-F2-1 /T0-F1-1 /T2-F1-1 /T3-T0-1 /T3-F0-1 /T3-F1-1 /T1-T2-3 /T1-F0-1 
/T1-F1-1 /T0-T3-3 /T0-F0-1 /T1-F0-1 /T3-T0-4 /T3-F1-1 /D:1     /W-F3-1  /D:1     /W-F3-1  
/T2-F3-1 /T0-F3-1 /T2-F2-1 /T0-F2-1 /T2-F3-1 /T0-F3-1 /T2-F2-1 /T0-F2-1 /T2-F3-1 /T0-F3-1 
/T2-F2-1 
"
1050610,R#PM#Beh#vUKV#faJQA#dlqioZ#OkEDSrN#ucswTCjWnHtFgbxGXLyYmpzI,166.000000,1344.000000,61.000000,0.542056,1,"
minimal: 0 / states: 128 / duration: 0.000137s
history:
/T4-F0-1 /T6-F3-1 /T4-T6-1 /T3-T4-1 /D:1     /W-T4-1  /D:4     /W-T4-1  /D:1     /W-T6-1  
/D:1     /W-T3-1  /D:2     /W-F2-1  /D:2     /W-T2-1  /D:1     /W-T4-1  /T0-T4-1 /T5-T0-1 
/T5-F2-1 /W-T5-1  /D:1     /W-T5-1  /D:1     /W-T6-1  /D:4     /W-T0-1  /W-T0-1  /T4-T0-6 
/T4-F1-1 /T6-F1-1 /T6-T4-3 /T6-T2-1 /T6-T0-1 /T6-T2-1 /D:2     /W-T1-1  /T3-T1-2 /D:2     
/W-F2-1  /D:2     /W-T1-1  /T2-T1-4 /R       /D:1     /W-F1-1  /D:1     /W-T5-1  /T2-T5-1 
/T2-F0-1 /T1-T2-9 /T4-F0-1 /T0-F0-1 /T2-F0-1 /D:1     /W-T6-1  /T5-T6-5 /T5-F2-1 /D:2     
/W-T5-1  /W-T5-1  /D:1     /W-T3-1  /T4-T3-3 /D:2     /W-T4-1  /W-T4-1  /T6-T4-7 /T6-F3-1 
/T1-F3-1 /T3-F3-1 /T0-F3-1 /T0-F0-1 /T2-F3-1 /T0-F3-1 /T3-F2-1 /T3-T2-1 /T3-F0-1 /T3-F3-1 
/T4-T0-3 /T4-F0-1 /T0-T4-4 /T0-F3-1 /T5-F3-1 /T2-T3-3 /T2-F0-1 /T0-F0-1 /T0-F3-1 /T2-T5-1 
/T2-F0-1 /T0-F0-1 /T2-F3-1 /T5-T2-3 /T5-F1-1 /T4-F1-1 /T3-F1-1 /T4-F2-1 /T3-F2-1 /T4-F1-1 
/T3-F1-1 /T4-F2-1 /T3-F2-1 /T4-F1-1 /T2-F1-1 /T4-F2-1 /T2-F2-1 /T4-F1-1 /T2-F1-1 /T2-F0-1 
/T4-F2-1 /T0-F3-1 /T4-F1-1 /D:1     /W-F2-1  
"
1050634,O#qp#XsS#FotM#eTLwB#HyfhxK#UQjPDdE#mnIzRgvkluirWJCANbVacYZG,152.500000,1809.000000,54.000000,0.578431,1,"
minimal: 0 / states: 129 / duration: 0.000138s
history:
/T6-T2-1 /T6-T2-1 /T1-T2-1 /T0-T2-1 /T3-T0-1 /T2-T3-5 /D:2     /W-F2-1  /D:3     /W-T2-1  
/T6-T2-1 /T4-T6-1 /T6-T1-2 /T6-T5-1 /D:2     /W-T5-1  /D:2     /W-T0-1  /T5-T0-3 /D:2     
/W-T4-1  /W-T4-1  /D:2     /W-T5-1  /D:2     /W-T6-1  /D:1     /W-F0-1  /T1-F0-1 /T6-F0-1 
/T2-F0-1 /T1-T2-2 /D:1     /W-F3-1  /T3-F3-1 /T2-F3-1 /T6-F3-1 /T3-T6-5 /T3-F2-1 /T6-F2-1 
/T2-F2-1 /T2-F3-1 /T6-T0-5 /D:3     /W-F1-1  /D:3     /W-T1-1  /D:1     /R       /D:1     
/W-T6-1  /D:1     /W-T5-1  /D:2     /W-T4-1  /T2-T4-1 /T4-T2-5 /T4-T1-1 /T2-T1-6 /W-T2-1  
/T3-T4-1 /D:2     /W-F2-1  /T1-F2-1 /D:2     /W-F1-1  /D:2     /W-F1-1  /T0-F1-1 /T0-F0-1 
/T0-F3-1 /T4-T1-1 /T4-F3-1 /T4-F1-1 /T1-F0-1 /T0-F2-1 /T0-F3-1 /W-F3-1  /D:1     /W-T2-1  
/T5-T2-3 /T5-T0-1 /T5-F1-1 /T1-F1-1 /T1-F2-1 /T5-T6-1 /T0-F1-1 /T0-F2-1 /T1-F1-1 /T1-F2-1 
/T0-F1-1 /T2-T0-2 /T2-F2-1 /T6-F2-1 /W-T1-1  /W-F1-1  /T0-T2-3 /T0-F1-1 /T6-F1-1 /T2-T0-4 
/T2-F2-1 /D:1     /W-F0-1  /T5-F0-1 /T0-F0-1 /T0-F3-1 /T1-F0-1 /T0-F0-1 /T1-F3-1 /T0-F3-1 
/T1-F0-1 /T0-F0-1 /T1-F3-1 
"
1050692,D#vP#IkY#fgNM#CVcdJ#lrEpeK#jTtRZzF#wBAqHxLbhmWOSuQUinsGaXyo,134.500000,3003.000000,39.000000,0.611765,1,"
minimal: 0 / states: 125 / duration: 0.000124s
history:
/T5-T2-1  /T5-T6-1  /T2-T3-2  /T4-T2-1  /T5-T4-1  /T4-T5-2  /T4-T0-1  /T4-T2-1  /T0-T6-2  /T3-T0-3  
/T3-F3-1  /T6-T3-4  /D:2      /W-T1-1   /D:1      /W-F0-1   /T1-F0-1  /T4-F0-1  /T6-T4-1  /D:2      
/W-T2-1   /T3-T2-5  /T5-T3-3  /D:2      /W-T6-1   /T2-T6-9  /D:1      /W-T3-1   /D:1      /W-T2-1   
/D:2      /W-T0-1   /T2-T0-2  /T6-T2-11 /D:1      /W-F3-1   /T1-F3-1  /D:3      /W-F3-1   /T6-F3-1  
/T6-T0-1  /T3-T0-5  /D:1      /W-T1-1   /D:2      /W-F2-1   /D:1      /W-T6-1   /D:1      /W-T1-1   
/D:1      /W-F1-1   /T0-F1-1  /T2-F1-1  /T2-F0-1  /T0-T5-2  /T0-F0-1  /T5-T0-3  /T2-T6-1  /T2-F0-1  
/T1-F0-1  /T5-T4-1  /D:3      /W-F2-1   /T0-F2-1  /T0-F1-1  /T6-F1-1  /R        /D:2      /W-F2-1   
/T0-F2-1  /T0-F1-1  /T6-F2-1  /T2-F1-1  /T6-T2-1  /T0-F2-1  /T0-F1-1  /T1-T6-2  /D:1      /W-T4-1   
/T6-T4-3  /D:1      /W-T1-1   /D:1      /W-F3-1   /T2-F3-1  /T2-F0-1  /T4-F3-1  /T0-F0-1  /T2-F3-1  
/T0-F3-1  /T2-F0-1  /T0-F0-1  /W-T2-1   /D:1      /W-F2-1   /T4-F2-1  /T2-F2-1  /D:1      /W-F1-1   
/T4-F1-1  /T2-F1-1  /T4-F2-1  /T4-F1-1  /T1-F1-1  /T2-F0-1  /T0-T4-1  /T0-F0-1  /D:1      /W-F3-1   
/T4-F3-1  /T2-F3-1  /D:1      /W-F2-1   /T4-F2-1  
"
1050699,W#cw#xOg#oskK#uEeFY#yJtmhD#qUvTfnb#zXCarQZlVLidMjIRHBPNpSGA,172.500000,3138.000000,53.000000,0.638095,1,"
minimal: 0 / states: 124 / duration: 0.000135s
history:
/T3-T4-1 /T1-T3-1 /T0-T4-1 /T1-T5-1 /D:1     /W-T0-1  /T4-T0-3 /T4-T2-1 /T5-T4-2 /T4-T2-3 
/D:3     /W-F1-1  /T6-F1-1 /T6-F2-1 /T4-T6-1 /T2-T4-5 /T4-F1-1 /D:2     /W-T6-1  /D:1     
/W-T1-1  /D:2     /W-T3-1  /T4-T3-5 /D:1     /W-T1-1  /T3-T1-8 /D:2     /W-F1-1  /D:1     
/W-T4-1  /D:2     /W-T0-1  /T5-T0-1 /D:1     /W-T3-1  /T1-T3-1 /T1-F1-1 /D:3     /W-T3-1  
/W-T3-1  /D:1     /W-F3-1  /T2-F3-1 /D:1     /W-T6-1  /D:2     /W-T0-1  /T6-T0-4 /T3-T6-5 
/T3-F2-1 /T0-F2-1 /T5-T3-1 /W-T5-1  /T0-T5-2 /T0-F1-1 /D:1     /W-F0-1  /T6-F0-1 /T6-F3-1 
/T5-F3-1 /R       /D:2     /W-F0-1  /T6-F0-1 /T5-F0-1 /T1-F0-1 /T0-F0-1 /T5-T0-2 /T1-F1-1 
/T6-T1-3 /T1-F3-1 /T0-F3-1 /D:2     /W-T4-1  /T2-T4-1 /D:1     /W-T5-1  /D:1     /W-T4-1  
/T6-T4-1 /T6-T4-1 /T6-F2-1 /W-F2-1  /T1-F2-1 /T0-F2-1 /T0-F1-1 /T1-F3-1 /T1-F2-1 /T4-F3-1 
/T4-F2-1 /T1-F3-1 /T1-F2-1 /T5-T1-2 /T1-F1-1 /T4-F1-1 /T4-F2-1 /T5-F2-1 /D:1     /W-F0-1  
/T0-F0-1 /T0-F3-1 /T1-F0-1 /T0-F0-1 /T1-F1-1 /T4-F1-1 /W-F3-1  /T0-F3-1 /T0-F2-1 /T1-F0-1 
/T1-F3-1 /T3-F1-1 /T4-F0-1 
"
1050703,V#rP#cBL#HGpu#SKmMY#NIXoRb#EeDJafx#nZFOAdTzyijlhQvWwqtksgCU,127.500000,1868.000000,70.000000,0.475248,1,"
minimal: 0 / states: 138 / duration: 0.000152s
history:
/T6-T4-1 /T3-T0-1 /T5-T3-1 /D:1     /W-F2-1  /D:4     /W-F0-1  /D:2     /W-T0-1  /D:4     
/W-T4-1  /D:4     /W-T4-1  /D:3     /W-T5-1  /T1-T5-1 /T1-T6-1 /D:2     /W-T2-1  /D:1     
/W-T0-1  /T5-T0-3 /T5-F2-1 /D:3     /W-T4-1  /R       /D:1     /W-T1-1  /T2-T1-2 /T2-F0-1 
/D:3     /W-T6-1  /T3-T6-2 /T6-T3-5 /T6-F1-1 /T3-F1-1 /T2-F1-1 /T6-T1-1 /T3-T4-5 /T4-F2-1 
/T4-F1-1 /T0-T6-1 /T0-F2-1 /T6-T0-2 /T6-F1-1 /T4-F2-1 /T4-F1-1 /T0-T1-7 /D:1     /W-T0-1  
/T4-T0-6 /T4-T2-1 /D:1     /W-T4-1  /T5-T4-1 /D:2     /W-T2-1  /D:1     /W-T5-1  /D:1     
/W-T6-1  /D:2     /W-T4-1  /D:1     /W-T5-1  /D:1     /W-F1-1  /D:1     /W-F0-1  /R       
/D:3     /W-T4-1  /T3-T4-1 /T4-T3-6 /T4-T2-1 /T4-T0-1 /T6-T0-2 /D:1     /W-T2-1  /T5-T2-3 
/T5-F3-1 /W-F3-1  /T1-F3-1 /T0-F3-1 /T1-F0-1 /T0-F0-1 /T1-F3-1 /T0-F3-1 /T1-F2-1 /T2-F2-1 
/W-F0-1  /T0-F0-1 /T1-F3-1 /T0-F3-1 /T1-F2-1 /T2-F1-1 /T0-F2-1 /T3-F0-1 /T1-F3-1 /T2-F0-1 
/T2-F3-1 /T3-F1-1 /T0-F1-1 /T1-F0-1 /T2-F0-1 /T3-F2-1 /T0-F2-1 /T1-F1-1 /T2-F1-1 /T3-F3-1 
/T0-F3-1 /T1-F0-1 /T2-F0-1 /T3-F2-1 /T0-F2-1 /T1-F3-1 /T3-F1-1 
"
1050704,j#mW#UFw#YuLe#tKnXO#kMSaoD#CpczdhP#lJIZybqiGxERQVArgvfTNHsB,61.500000,822.000000,25.000000,0.916667,1,"
minimal: 0 / states: 125 / duration: 0.000128s
history:
/T6-T5-1 /T5-T3-2 /T5-T3-1 /T5-F1-1 /D:3     /W-T0-1  /T6-T0-1 /D:3     /W-F1-1  /D:2     
/W-T2-1  /D:1     /W-T0-1  /T5-T0-1 /D:2     /W-T0-1  /T6-T0-1 /D:4     /W-F0-1  /D:3     
/W-T1-1  /D:3     /W-F3-1  /T4-F3-1 /T2-T4-2 /T3-T2-4 /T4-T3-3 /T4-F2-1 /T2-F2-1 /T1-T4-2 
/T3-T1-4 /T3-T1-1 /T4-T3-3 /T3-T5-4 /T6-T3-1 /T6-F1-1 /T6-F2-1 /T6-T0-1 /T5-T6-5 /W-T1-1  
/T2-T1-4 /T1-F3-1 /W-T4-1  /T2-T6-1 /T4-T6-2 /D:3     /W-F0-1  /T0-F0-1 /T0-F1-1 /T1-F0-1 
/T0-F0-1 /T1-F1-1 /T1-F0-1 /T6-F1-1 /T0-T6-1 /T0-F0-1 /W-T1-1  /W-F0-1  /W-F1-1  /T0-F1-1 
/T0-F0-1 /W-T6-1  /R       /D:1     /W-T3-1  /D:1     /W-F0-1  /D:1     /W-T2-1  /D:1     
/W-T2-1  /T5-T2-1 /D:1     /W-F2-1  /T6-F2-1 /T1-F2-1 /D:1     /W-T3-1  /T6-T3-5 /T6-F0-1 
/D:2     /W-F3-1  /W-F3-1  /T3-F3-1 /T1-F3-1 /T3-F2-1 /T1-F2-1 /T1-F1-1 /T3-F3-1 /T3-F2-1 
/T0-F1-1 /T1-F2-1 /T2-F1-1 /T1-T2-1 /T1-F0-1 /T3-T6-2 /T3-F1-1 /T1-F1-1 /T6-T3-3 /T6-F0-1 
/D:1     /W-F3-1  /T3-F3-1 /T2-F3-1 /T3-F2-1 /T2-F2-1 /T3-F3-1 /T2-F3-1 /T3-F2-1 
"
1050714,e#St#qZo#HTEU#GnuQN#MFDXPv#gpicOzb#flAwCyharsVdRjxYBkmLIJWK,112.000000,780.000000,34.000000,0.732394,1,"
minimal: 0 / states: 120 / duration: 0.000123s
history:
/T4-F3-1 /T3-T5-1 /T4-T3-1 /T1-T5-1 /T3-T1-2 /T3-T4-1 /T1-T5-3 /D:3     /W-F0-1  /D:2     
/W-T5-1  /T6-T5-1 /T6-T1-1 /T6-F3-1 /T2-T6-1 /D:1     /W-T2-1  /D:2     /W-F1-1  /T5-F1-1 
/D:2     /W-T4-1  /T0-T4-1 /T2-T0-2 /T6-T2-2 /T4-T6-4 /T4-F2-1 /T2-F2-1 /T2-F1-1 /T2-T6-1 
/D:2     /W-F1-1  /D:4     /W-T1-1  /W-T1-1  /W-T1-1  /T5-T1-7 /T5-F3-1 /T5-T0-1 /D:1     
/W-F0-1  /T1-F0-1 /T5-F0-1 /T1-F3-1 /T1-F0-1 /T5-F0-1 /T4-F0-1 /T3-F0-1 /W-F3-1  /T1-F3-1 
/D:2     /W-T2-1  /D:1     /W-T2-1  /W-T2-1  /D:1     /W-F0-1  /D:1     /W-T0-1  /T6-T0-6 
/T6-F2-1 /T0-F2-1 /T0-F1-1 /T0-T6-1 /T0-F3-1 /T6-T0-2 /D:2     /R       /D:1     /W-F1-1  
/D:1     /W-T5-1  /D:1     /W-T2-1  /T0-T2-4 /T0-F0-1 /D:2     /W-F2-1  /T2-F2-1 /T1-F2-1 
/T1-F3-1 /T2-F1-1 /T2-F2-1 /W-F1-1  /T1-F2-1 /T2-F1-1 /T1-F1-1 /T2-F2-1 /T2-F1-1 /T1-F2-1 
/T5-F1-1 /T0-T2-1 /T0-F2-1 /T1-T5-1 /T1-F2-1 /T2-T0-2 /T2-F1-1 /D:1     /W-F3-1  /D:1     
/W-F3-1  /T0-F3-1 /T5-F3-1 /D:1     /W-F0-1  /T0-F0-1 /T0-F3-1 /T5-F0-1 
"
1050717,g#tp#sYD#ykbQ#iNEJF#BISmrV#clwURTj#CKznaMLehHdxZquGWXfvAOPo,163.500000,5050.000000,67.000000,0.480198,1,"
minimal: 0 / states: 135 / duration: 0.000149s
history:
/T4-T0-1 /T5-T4-1 /T3-T5-1 /T3-T1-1 /T4-T3-2 /T1-T5-2 /D:4     /W-F2-1  /D:1     /W-F1-1  
/T5-F1-1 /D:3     /W-T0-1  /T2-T0-1 /D:2     /W-T3-1  /T0-T3-4 /D:1     /W-T4-1  /D:1     
/W-T2-1  /T6-T2-1 /D:1     /W-T0-1  /D:6     /W-T1-1  /T5-T1-3 /D:1     /W-T2-1  /D:1     
/W-F0-1  /D:1     /W-T1-1  /D:1     /W-T3-1  /D:1     /W-F2-1  /R       /D:1     /W-T4-1  
/T1-T4-1 /T1-F2-1 /D:4     /W-T0-1  /T3-T0-9 /T3-T5-1 /T5-T3-2 /T4-T5-4 /T4-F3-1 /T5-F3-1 
/T0-F3-1 /T1-F3-1 /D:1     /W-T2-1  /T1-T2-3 /W-T1-1  /T2-T1-8 /T2-T6-1 /W-T2-1  /D:1     
/W-F2-1  /T1-F2-1 /T6-F2-1 /D:1     /W-T4-1  /T6-T4-1 /T6-F3-1 /T5-T1-3 /T5-F3-1 /T6-T5-1 
/T4-F3-1 /T5-F3-1 /T4-T6-2 /D:3     /W-T3-1  /T6-T3-3 /T6-T2-1 /T6-F1-1 /R       /D:1     
/W-T2-1  /D:2     /W-T2-1  /T5-T2-1 /T5-F0-1 /T1-F0-1 /T0-F0-1 /T1-F1-1 /T0-F1-1 /T1-F0-1 
/T0-F0-1 /T1-F1-1 /T0-F1-1 /T1-F2-1 /T3-F2-1 /W-F0-1  /T0-F0-1 /T0-F3-1 /T1-F1-1 /T1-F2-1 
/T2-F0-1 /T2-F3-1 /T3-F1-1 /T0-F0-1 /T1-F1-1 /T2-F0-1 /T3-F2-1 /T0-F1-1 /T1-F2-1 /T2-F1-1 
/T3-F3-1 /T0-F0-1 /T1-F3-1 /T1-F0-1 /T3-F2-1 /T0-F3-1 /T2-F2-1 /T3-F1-1 
"
1050731,r#IS#pXk#uvqs#tihnQ#PUAoRa#HGBwOyC#jZYDNeJxlbWMLzEVgmfTKFdc,126.000000,1585.000000,37.000000,0.697368,1,"
minimal: 0 / states: 113 / duration: 0.000117s
history:
/T5-F1-1 /T6-T4-1 /T4-T0-2 /T4-F2-1 /T5-T3-1 /T5-F2-1 /T5-F0-1 /T2-T6-1 /T0-T1-3 /D:2     
/W-T0-1  /T6-T0-2 /T6-T1-1 /T6-T0-1 /T6-F0-1 /T1-T6-5 /T4-T1-1 /T4-T0-1 /T6-T1-6 /T4-T5-1 
/T6-T0-1 /D:2     /W-T3-1  /D:1     /W-F3-1  /T1-F3-1 /T1-F0-1 /T3-F0-1 /D:2     /W-T2-1  
/D:3     /W-F1-1  /D:2     /W-T4-1  /D:2     /W-T6-1  /D:1     /W-F0-1  /D:1     /W-T2-1  
/D:1     /W-T0-1  /T3-T0-2 /T3-T0-1 /T5-T3-2 /T5-F3-1 /T1-F3-1 /D:1     /W-T5-1  /W-T5-1  
/T2-T5-3 /T2-F2-1 /T0-F2-1 /T0-F3-1 /T1-F2-1 /T1-F3-1 /T0-F2-1 /T3-F2-1 /D:1     /W-T1-1  
/D:1     /W-F3-1  /T3-F3-1 /T5-F3-1 /W-F3-1  /W-T4-1  /W-T4-1  /F3-T4-1 /T3-T4-1 /T3-F2-1 
/T4-F2-1 /T4-F3-1 /T0-T5-3 /T0-F2-1 /T4-F2-1 /T5-T0-4 /T5-F3-1 /T0-T5-5 /T0-F2-1 /T6-F2-1 
/D:1     /W-T4-1  /D:1     /W-F0-1  /D:2     /W-F1-1  /W-F1-1  /W-F1-1  /T1-F1-1 /T1-F0-1 
/T5-F1-1 /T1-F1-1 /T5-F0-1 /T1-F0-1 /T5-F1-1 /T5-F0-1 /T4-F0-1 /W-F3-1  /W-F1-1  /T5-F1-1 
/T4-F1-1 /T5-F0-1 /T0-F3-1 /T4-F0-1 /T5-F1-1 
"
1050734,C#mz#WNU#LOay#AgrDf#eFKlIk#pZvcEbx#PSBVXtwjiYHRoJnshQMGudTq,123.500000,2122.000000,48.000000,0.593750,1,"
minimal: 0 / states: 125 / duration: 0.000123s
history:
/T5-T3-1 /T2-T5-1 /T2-F3-1 /T5-T2-2 /T6-T5-1 /T6-T0-1 /T6-T4-1 /T5-T1-2 /T2-T1-3 /T1-T2-6 
/T3-T1-2 /T3-F1-1 /T0-F1-1 /T3-F3-1 /T6-F1-1 /D:1     /W-F3-1  /D:4     /W-T3-1  /D:1     
/W-T2-1  /T4-T2-2 /D:1     /W-T1-1  /W-T1-1  /D:1     /W-T5-1  /T6-T5-1 /T3-T6-2 /T6-T3-3 
/D:3     /W-T1-1  /D:3     /W-T3-1  /D:1     /W-F2-1  /W-F2-1  /T6-F2-1 /D:2     /W-T5-1  
/D:1     /W-F3-1  /D:1     /W-T6-1  /D:1     /W-T5-1  /D:2     /W-F1-1  /D:1     /W-T1-1  
/D:1     /W-F2-1  /R       /D:1     /W-T5-1  /D:2     /W-T3-1  /D:1     /W-T6-1  /T5-T6-6 
/T5-T1-1 /T4-T5-1 /T4-F2-1 /T5-T1-2 /D:1     /W-F3-1  /T6-F3-1 /T1-T4-3 /T1-F3-1 /T4-T1-4 
/T4-F0-1 /W-F0-1  /T0-F0-1 /T1-F0-1 /T1-F1-1 /T2-F0-1 /T1-F0-1 /T2-F1-1 /T6-F0-1 /T1-F1-1 
/T1-F0-1 /T6-F1-1 /T3-F1-1 /T2-T6-2 /T2-F0-1 /T3-F0-1 /T6-T2-3 /T6-F1-1 /T6-F0-1 /T1-T3-2 
/T1-F1-1 /T2-T6-5 /T2-F1-1 /T3-T1-3 /T3-F0-1 /T1-T3-4 /T1-F1-1 /T6-T2-6 /T6-F0-1 /D:1     
/W-F2-1  /T2-F2-1 /T2-F3-1 /T3-F3-1 /D:1     /W-F2-1  /T2-F2-1 /T2-F3-1 /T3-F2-1 /T2-F2-1 
/T3-F3-1 /T2-F3-1 /T3-F2-1 /T2-F2-1 /T3-F3-1 
"
1050739,A#Gs#jtQ#Vodn#mYJKU#IcSNMR#vueLgpE#yiHrODlTWkFBZXPbaCqxwzfh,129.500000,3160.000000,47.000000,0.602273,1,"
minimal: 0 / states: 120 / duration: 0.000120s
history:
/T0-F0-1 /T3-F2-1 /T5-T1-1 /T5-T0-1 /T5-F3-1 /T6-T5-1 /T6-T2-1 /T2-T5-2 /T5-T2-4 /T1-T6-2 
/T2-T4-5 /D:5     /W-F3-1  /D:1     /W-T6-1  /T5-T6-1 /T4-T5-6 /T2-T4-1 /T5-T4-7 /D:1     
/W-T0-1  /T4-T0-9 /D:5     /W-F0-1  /D:1     /W-T2-1  /D:2     /W-F3-1  /T0-T3-1 /T0-F3-1 
/T3-T0-2 /T3-F2-1 /T0-F2-1 /T3-T4-1 /D:2     /W-F1-1  /W-F1-1  /T6-F1-1 /T0-F1-1 /D:1     
/W-F0-1  /T6-F0-1 /T0-F0-1 /T6-F3-1 /T0-F3-1 /D:1     /W-F2-1  /D:3     /W-T3-1  /D:1     
/W-T0-1  /D:1     /R       /D:1     /W-T2-1  /D:2     /W-T4-1  /T6-T4-2 /D:1     /W-F2-1  
/T4-F2-1 /T0-T1-1 /T0-F2-1 /T1-T0-2 /D:1     /W-F3-1  /D:2     /W-T2-1  /T4-T2-4 /T4-T3-1 
/T6-T4-1 /T6-F1-1 /T0-F1-1 /T6-F2-1 /T2-F1-1 /T6-F2-1 /D:1     /W-F0-1  /T0-F0-1 /T0-F3-1 
/T2-F0-1 /T2-F3-1 /T0-F0-1 /W-F3-1  /T2-F0-1 /D:1     /W-F3-1  /T3-F3-1 /D:2     /W-F2-1  
/W-F2-1  /T2-T4-1 /T2-F2-1 /T2-F3-1 /T3-F2-1 /D:1     /W-F1-1  /W-F1-1  /T0-F1-1 /T0-F0-1 
/T4-F1-1 /T0-F1-1 /T4-F0-1 /T0-F0-1 /T4-F1-1 
"
1050759,a#LN#cJV#ZqMd#KGYwE#DSFrpk#WRCsexP#AhuIzftnQUmbjvBTXoygHOli,102.000000,1409.000000,49.000000,0.585366,1,"
minimal: 0 / states: 124 / duration: 0.000134s
history:
/T0-F1-1 /T1-F3-1 /T5-T1-1 /T5-T3-1 /T3-T4-2 /T3-T0-1 /T6-T3-1 /D:1     /W-F0-1  /D:2     
/W-T2-1  /D:5     /W-F2-1  /D:1     /W-T5-1  /D:3     /W-F1-1  /D:1     /W-T6-1  /D:1     
/W-T6-1  /D:1     /W-F0-1  /D:1     /W-T2-1  /D:2     /W-F2-1  /T4-F2-1 /D:4     /W-F3-1  
/T3-F3-1 /T3-F2-1 /T5-F3-1 /T5-F2-1 /T5-T2-1 /T4-T5-2 /T4-T1-1 /T6-T4-3 /T6-T2-1 /T6-F2-1 
/T6-F0-1 /T6-F3-1 /T2-T1-5 /T4-T0-4 /T5-T4-3 /T5-F0-1 /T1-T3-8 /D:2     /W-T2-1  /R       
/D:1     /W-T0-1  /T4-T0-4 /T6-T4-1 /D:1     /W-T4-1  /D:1     /W-T1-1  /D:2     /W-F2-1  
/D:1     /W-T4-1  /D:1     /W-T5-1  /D:2     /W-T5-1  /W-T5-1  /T2-T5-2 /T2-F1-1 /T0-F1-1 
/T0-F0-1 /T0-F3-1 /T3-F1-1 /T3-F0-1 /T3-F3-1 /W-F1-1  /T0-F0-1 /T4-F3-1 /T3-F2-1 /T3-F3-1 
/T0-T4-1 /T0-F2-1 /T3-F2-1 /T4-T0-2 /T4-F3-1 /T0-T4-3 /T0-F2-1 /T5-T3-2 /T5-F3-1 /T0-F3-1 
/T5-F2-1 /T1-F2-1 /T3-T5-4 /T3-F3-1 /D:1     /W-F1-1  /T4-F1-1 /T5-F1-1 /D:1     /W-F0-1  
/T4-F0-1 /T4-F1-1 /T5-F0-1 /T4-F0-1 /T5-F1-1 /T5-F0-1 /T0-F0-1 /D:1     /W-F1-1  /T5-F1-1 
"
1050786,o#qd#DKx#tQTj#GzBIR#enVwrF#sSYCulb#fvHgkcNZiphEJaLMPUOyXAWm,148.500000,5151.000000,70.000000,0.455882,1,"
minimal: 0 / states: 140 / duration: 0.000146s
history:
/T4-T5-1 /T3-T2-1 /T5-T3-2 /T4-T2-1 /T1-T5-1 /T1-T3-1 /D:6     /W-T3-1  /T4-T3-1 /T4-T1-1 
/D:1     /W-F3-1  /D:3     /W-T5-1  /T6-T5-1 /T6-T1-1 /T2-T1-3 /T3-T6-6 /D:1     /W-T1-1  
/T4-T1-1 /D:3     /W-F1-1  /T5-F1-1 /D:2     /W-T4-1  /D:3     /W-F3-1  /D:3     /W-F0-1  
/T6-F0-1 /T6-F1-1 /T5-T3-1 /T5-F1-1 /T3-T5-2 /D:1     /W-T2-1  /D:1     /R       /D:1     
/W-T1-1  /T5-T1-3 /D:1     /W-T2-1  /D:5     /W-T5-1  /T6-T5-5 /T6-F0-1 /T6-T4-1 /T2-T4-3 
/T6-T3-1 /T2-F0-1 /W-T2-1  /D:1     /W-F0-1  /T5-T6-2 /T5-F0-1 /T6-T5-3 /D:2     /W-T2-1  
/D:1     /W-F3-1  /D:1     /W-T4-1  /T3-T4-2 /D:2     /W-T2-1  /T5-T2-7 /D:1     /W-T3-1  
/W-T3-1  /R       /D:1     /W-T5-1  /D:1     /W-T5-1  /D:1     /W-T3-1  /D:1     /W-T3-1  
/T5-T3-3 /T5-F2-1 /T0-F2-1 /T1-F2-1 /T1-F3-1 /T2-F2-1 /T1-F2-1 /T2-F3-1 /T4-F3-1 /T5-F1-1 
/T1-F1-1 /T1-F0-1 /T2-F2-1 /T2-F3-1 /T3-F1-1 /T3-F0-1 /T4-F2-1 /T1-F1-1 /T2-F2-1 /T2-F1-1 
/T4-F3-1 /T1-F0-1 /T3-F3-1 /T3-F0-1 /T4-F2-1 /T1-F1-1 /T2-F2-1 /T3-F1-1 /T4-F3-1 /T1-F2-1 
/T2-F3-1 /T3-F2-1 /T4-F0-1 /T1-F1-1 /T2-F0-1 /T3-F1-1 /T4-F3-1 /T1-F2-1 /T2-F3-1 /T4-F0-1 
"
1050818,j#Sy#pIQ#Hnbu#XcTdv#sDkPBZ#qMieVOg#ArKUGtWERzClYJFofwahxNLm,121.500000,1263.000000,53.000000,0.554945,1,"
minimal: 0 / states: 122 / duration: 0.000140s
history:
/T6-T3-1 /T4-T0-1 /T1-T5-1 /D:1     /W-F0-1  /D:1     /W-T1-1  /T4-T1-1 /D:2     /W-T0-1  
/D:1     /W-T0-1  /T1-T0-3 /T5-T1-2 /T5-F0-1 /D:6     /W-T0-1  /T6-T0-1 /T3-T6-2 /D:4     
/W-T4-1  /D:1     /W-T5-1  /D:3     /W-F1-1  /T3-F1-1 /T3-F2-1 /T5-F2-1 /T4-T3-2 /T4-F1-1 
/W-T4-1  /T6-T4-3 /T6-T3-1 /T0-T2-2 /T0-F1-1 /T2-T0-3 /T3-F1-1 /W-F1-1  /T4-F1-1 /T3-T6-3 
/T4-T1-4 /D:1     /W-F1-1  /D:2     /W-F3-1  /T0-F3-1 /T0-F0-1 /T5-F3-1 /T0-F3-1 /D:2     
/W-T3-1  /W-T3-1  /T5-T3-1 /T5-F0-1 /R       /D:4     /W-F0-1  /T6-F0-1 /T5-T6-1 /D:1     
/W-F3-1  /D:1     /W-T4-1  /D:1     /W-T4-1  /D:2     /W-T3-1  /T6-T3-4 /T6-T5-1 /W-T5-1  
/D:1     /W-T4-1  /W-T4-1  /T2-T4-1 /T2-F2-1 /T6-F2-1 /T0-F2-1 /T0-F3-1 /T0-F0-1 /T3-F2-1 
/T3-F3-1 /T3-F0-1 /W-F2-1  /T0-F3-1 /T1-F2-1 /T0-F2-1 /T1-F3-1 /T3-F1-1 /T1-F2-1 /T4-F0-1 
/T0-F1-1 /T3-F0-1 /T3-F1-1 /T4-F3-1 /T1-F3-1 /T4-F2-1 /T1-F2-1 /W-F0-1  /T3-F0-1 /T4-F1-1 
/T3-F1-1 /T5-F3-1 /T1-F3-1 /T4-F2-1 /T5-F0-1 
"
1050836,C#De#Vng#vjMy#rJmdb#uBzptO#ASkWwNH#hRlLKQEUZxoqFYciaITsGfXP,123.500000,3160.000000,52.000000,0.561728,1,"
minimal: 0 / states: 130 / duration: 0.000136s
history:
/T5-T0-1 /T2-T6-1 /T2-F2-1 /T6-T2-2 /T6-F3-1 /T0-F3-1 /T4-T0-1 /T0-T4-2 /T2-T6-3 /D:9     
/W-T0-1  /T3-T0-1 /T3-T2-1 /D:2     /W-F2-1  /D:1     /W-T1-1  /D:1     /W-T6-1  /T1-T6-2 
/D:1     /W-T2-1  /W-T2-1  /T3-T2-1 /W-T3-1  /T5-T3-1 /T5-F2-1 /T3-T2-3 /T5-T3-1 /T6-F2-1 
/T1-T6-1 /D:1     /W-T6-1  /T5-T6-1 /D:2     /W-F1-1  /T4-F1-1 /D:2     /W-T5-1  /D:1     
/W-T5-1  /D:2     /W-T2-1  /D:1     /W-T0-1  /T6-T0-9 /D:1     /W-F3-1  /R       /D:2     
/W-T5-1  /D:1     /W-T3-1  /D:2     /W-T3-1  /T6-T3-1 /D:1     /W-F3-1  /T5-F3-1 /D:1     
/W-T2-1  /T4-T2-2 /T4-T1-1 /T4-T6-1 /W-T1-1  /T6-T1-2 /T6-F3-1 /T6-F0-1 /T0-F0-1 /T0-F1-1 
/T2-F0-1 /T0-F0-1 /T2-F1-1 /T0-F1-1 /T2-F0-1 /T0-F0-1 /T4-F2-1 /T2-F1-1 /T5-F2-1 /T0-F1-1 
/T2-F2-1 /T5-F3-1 /T5-F2-1 /T2-F3-1 /T2-F2-1 /W-F1-1  /T0-T1-2 /T0-F2-1 /D:1     /W-F1-1  
/T2-F1-1 /T2-F2-1 /T1-T0-3 /T1-F1-1 /T0-T1-4 /T0-F2-1 /T3-T2-2 /T3-F1-1 /T3-F2-1 /T1-T0-5 
/T1-F1-1 /D:1     /W-T2-1  /D:1     /W-F0-1  /T0-F0-1 /T0-F3-1 /T2-F0-1 /T0-F0-1 /T2-F3-1 
/T0-F3-1 /T2-F0-1 /T0-F0-1 /T2-F3-1 /T0-F3-1 /T2-F0-1 
"
1050893,n#Bl#uhE#mcxS#OkYCi#VZMIJb#UgRGfzd#LHsFavXPTNjyrWDtqAopeQwK,117.000000,2630.000000,39.000000,0.611111,1,"
minimal: 0 / states: 117 / duration: 0.000130s
history:
/T0-F2-1 /T6-T2-1 /T6-T0-1 /T2-T3-2 /T1-T0-1 /D:2     /W-T4-1  /D:3     /W-F1-1  /T5-F1-1 
/T4-T5-2 /T4-T3-1 /D:4     /W-T5-1  /D:1     /W-F3-1  /D:3     /W-T6-1  /D:3     /W-T2-1  
/T6-T2-2 /T3-T6-4 /T3-T0-1 /T3-F1-1 /D:2     /W-F0-1  /T1-F0-1 /T6-F0-1 /T6-F1-1 /D:1     
/W-F2-1  /D:1     /W-F2-1  /W-F2-1  /T2-F2-1 /W-F0-1  /T6-F0-1 /W-T0-1  /W-T3-1  /D:1     
/W-F1-1  /T2-F1-1 /D:3     /W-T4-1  /R       /D:2     /W-F2-1  /T2-F2-1 /T6-T2-2 /D:1     
/W-T5-1  /T6-T5-1 /T6-F1-1 /T2-T6-2 /T2-F1-1 /T2-F2-1 /D:1     /W-F2-1  /D:1     /W-T3-1  
/T5-T3-6 /T5-T0-1 /T4-T5-2 /T5-T1-3 /T5-T2-1 /W-T2-1  /T4-T2-1 /T4-F3-1 /T3-T5-4 /T3-F1-1 
/T5-T3-5 /T6-T0-3 /D:1     /W-F3-1  /D:1     /W-F1-1  /T2-F1-1 /D:1     /W-F3-1  /T3-F3-1 
/T0-F3-1 /T3-F0-1 /T0-F0-1 /T3-F3-1 /T0-F3-1 /T3-F0-1 /T0-F0-1 /T3-F3-1 /T0-F3-1 /T3-F0-1 
/T1-F0-1 /T2-F0-1 /T3-F3-1 /T1-F3-1 /T1-F0-1 /T2-F3-1 /D:1     /W-F2-1  /T0-F2-1 /T0-F1-1 
/T3-F2-1 /T0-F2-1 /T3-F1-1 
"
1050897,g#Kn#FHm#AJWd#iREyz#tvSQfr#xLGZpqc#DBTICPkhewbjMuOXslYNaUoV,118.500000,1696.000000,50.000000,0.625000,1,"
minimal: 0 / states: 127 / duration: 0.000137s
history:
/T1-F2-1 /T3-T5-1 /T3-T1-1 /D:2     /W-T6-1  /D:2     /W-T1-1  /D:1     /W-T5-1  /D:3     
/W-T1-1  /D:3     /W-T5-1  /D:6     /W-T0-1  /D:1     /W-T4-1  /T1-T4-4 /T4-T1-6 /T4-T2-1 
/W-T2-1  /T3-T2-1 /T3-F0-1 /T6-F0-1 /T2-T3-4 /T0-T2-2 /D:2     /W-F3-1  /D:1     /W-F1-1  
/T5-F1-1 /T6-F1-1 /T5-F0-1 /T5-F1-1 /D:2     /W-F2-1  /D:1     /W-T3-1  /T2-T3-3 /R       
/D:1     /W-F0-1  /T4-F0-1 /T6-T4-1 /T6-F2-1 /T6-T0-1 /T6-T1-1 /T4-T2-2 /T6-T0-1 /T2-F2-1 
/T5-F2-1 /T5-T1-1 /F0-T1-1 /T5-T1-1 /T3-F2-1 /T2-T3-2 /D:3     /W-T0-1  /D:1     /W-F1-1  
/T1-T5-2 /T1-F1-1 /T5-T1-3 /D:1     /W-T0-1  /T4-T0-1 /D:1     /W-T6-1  /T5-T6-1 /T5-F2-1 
/D:1     /W-T2-1  /D:1     /W-F2-1  /T6-F2-1 /D:1     /W-F3-1  /W-F3-1  /T1-F3-1 /T1-F0-1 
/T3-F3-1 /T1-F3-1 /T3-F0-1 /T1-F0-1 /T3-F1-1 /T1-F1-1 /W-F3-1  /T3-F0-1 /T0-F1-1 /T0-F2-1 
/T1-F0-1 /T6-F1-1 /T0-F1-1 /T6-F2-1 /T3-T0-3 /T3-F2-1 /T1-T2-3 /T1-F2-1 /D:2     /W-F3-1  
/T0-F3-1 /T0-F0-1 /T2-F3-1 /T0-F3-1 /T2-F0-1 /T0-F0-1 /T2-F1-1 /T3-F1-1 /W-F3-1  /T0-F3-1 
/T2-F0-1 
"
1050916,a#yp#AJv#BZxd#TLMzn#bCiVmI#qStQRgD#eKroOjEkNFhcsuWwYHfUPGlX,116.500000,3239.000000,66.000000,0.469697,1,"
minimal: 0 / states: 142 / duration: 0.000148s
history:
/T0-F1-1  /T4-F2-1  /T4-T0-1  /T1-T3-1  /D:4      /W-F2-1   /T3-F2-1  /D:4      /W-T1-1   /D:1      
/W-F3-1   /D:2      /W-T2-1   /D:1      /W-T6-1   /D:4      /W-T1-1   /D:1      /W-T0-1   /D:3      
/W-T5-1   /D:2      /W-T2-1   /D:1      /W-T4-1   /D:1      /R        /D:2      /W-T0-1   /D:2      
/W-F3-1   /D:1      /W-T0-1   /T5-T0-2  /T1-T5-3  /T5-T1-4  /T5-T1-1  /D:4      /W-T1-1   /D:2      
/W-T5-1   /D:1      /W-T2-1   /D:1      /W-F3-1   /D:1      /R        /D:2      /W-T2-1   /T3-T2-1  
/T3-T4-1  /D:4      /W-T4-1   /T2-T4-6  /T5-T2-2  /T5-T4-1  /T5-F1-1  /T4-T5-11 /T4-T3-1  /T4-T1-1  
/T3-T4-2  /T6-F1-1  /W-T1-1   /D:1      /W-T4-1   /T2-T4-3  /T2-F0-1  /T3-F0-1  /T5-F0-1  /T5-F1-1  
/T6-F0-1  /T6-T4-1  /T6-T1-1  /T6-F3-1  /T6-T0-1  /T6-T0-1  /T6-F2-1  /T1-F3-1  /T5-F2-1  /T0-F3-1  
/T1-F2-1  /T0-F2-1  /T1-F3-1  /T0-F3-1  /T1-F2-1  /T1-F3-1  /T5-T0-3  /T5-F2-1  /T1-F2-1  /T5-F3-1  
/T5-F2-1  /T4-T1-4  /T4-F3-1  /T0-T5-6  /T0-F3-1  /T1-T4-5  /T1-F2-1  /T0-F2-1  /T4-T1-6  /T4-F3-1  
/W-T1-1   /W-F0-1   /W-F1-1   /T1-F0-1  /T5-F1-1  /T1-F1-1  /T5-F0-1  /T1-F0-1  /T5-F1-1  /T1-F1-1  
/T5-F0-1  /T1-F0-1  /T5-F1-1  /T1-F1-1  /T5-F0-1  /T1-F0-1  /T5-F1-1  /T1-F1-1  /T5-F0-1  
"
1050996,g#bl#HOr#BuaG#IjqvD#VRXSpy#hsmoQnF#tdKJYLPUiANEkfzeWCxcTwMZ,176.500000,4228.000000,54.000000,0.604762,1,"
minimal: 0 / states: 123 / duration: 0.000129s
history:
/T6-T0-1 /T6-F2-1 /T6-T2-1 /T6-F2-1 /T5-T6-1 /T5-F2-1 /T5-T3-1 /T2-T3-2 /T5-T6-1 /T4-T5-1 
/T5-T0-2 /F2-T3-1 /T2-T3-1 /T0-T2-4 /T6-T0-3 /T2-T5-5 /D:3     /W-T1-1  /D:1     /W-T0-1  
/T5-T0-6 /D:3     /W-T0-1  /D:1     /W-T4-1  /T3-T4-6 /T3-F1-1 /D:2     /W-F0-1  /D:1     
/W-F3-1  /T4-F3-1 /T0-F3-1 /T4-F2-1 /T4-F3-1 /D:4     /W-T2-1  /T1-T2-2 /T1-F1-1 /D:1     
/W-T6-1  /T0-T6-1 /T0-F3-1 /D:1     /W-T2-1  /T4-T2-5 /T4-F2-1 /T2-F2-1 /T6-T0-2 /T6-F2-1 
/T2-F3-1 /W-T2-1  /D:3     /W-F1-1  /D:1     /W-F3-1  /T2-T6-2 /T2-F3-1 /T6-T2-3 /D:2     
/W-T1-1  /D:1     /W-T5-1  /R       /D:1     /W-F2-1  /T3-F2-1 /T3-F0-1 /D:1     /W-F1-1  
/D:1     /W-T1-1  /D:1     /W-T5-1  /D:2     /W-T2-1  /D:1     /W-T5-1  /D:1     /W-F0-1  
/T0-F0-1 /T0-F1-1 /T2-F0-1 /T0-F0-1 /T2-F1-1 /T0-F1-1 /T2-F0-1 /T0-F0-1 /T0-F3-1 /T2-F1-1 
/T2-F2-1 /W-F1-1  /T4-F1-1 /T4-F0-1 /T0-F0-1 /T2-F3-1 /T2-F0-1 /T0-F3-1 /T1-F3-1 /T5-F1-1 
/T5-F0-1 /T1-F0-1 /T2-F1-1 /T5-F3-1 /D:2     /W-F2-1  /W-F2-1  /T0-F2-1 /T0-F1-1 /T2-F2-1 
"
1051002,y#oX#pRG#eFIH#aCVAv#EuncKU#lkNYrtz#jTmxQisbPhdMfgSDZOqJWwLB,162.000000,2394.000000,55.000000,0.644860,1,"
minimal: 0 / states: 125 / duration: 0.000136s
history:
/T5-T4-1 /T2-T4-1 /T1-T0-1 /D:1     /W-T5-1  /T4-T5-3 /T4-F0-1 /T3-T4-1 /D:1     /W-T4-1  
/D:5     /W-T4-1  /T2-T4-1 /D:1     /W-T2-1  /D:2     /W-T3-1  /D:3     /W-T5-1  /D:3     
/W-T4-1  /D:4     /W-T0-1  /T4-T0-6 /D:4     /W-F0-1  /T4-F0-1 /T4-F1-1 /T2-F1-1 /T6-T4-1 
/T6-T3-1 /T6-T5-1 /T5-T6-7 /T5-F1-1 /T5-F2-1 /T1-F2-1 /T6-T4-8 /T6-F3-1 /T0-F0-1 /T2-F2-1 
/R       /D:1     /W-T1-1  /T0-T1-8 /D:2     /W-T4-1  /D:3     /W-F1-1  /D:1     /W-T0-1  
/D:1     /W-T5-1  /D:1     /W-T3-1  /D:1     /W-T2-1  /D:1     /W-F3-1  /W-F3-1  /T4-F3-1 
/T1-F3-1 /T3-F3-1 /T1-T5-1 /T1-F3-1 /D:1     /W-F2-1  /T4-F2-1 /T5-F2-1 /T3-F2-1 /T5-T1-1 
/T5-F2-1 /T5-F0-1 /T4-T3-2 /T4-F3-1 /T4-F2-1 /T3-T4-4 /T3-F0-1 /T3-F1-1 /T4-F1-1 /T1-F1-1 
/T4-F0-1 /T1-F0-1 /T1-F3-1 /T4-F1-1 /T4-F0-1 /W-F1-1  /T1-F0-1 /T4-F1-1 /T6-F1-1 /T4-F0-1 
/T6-F1-1 /T1-T2-2 /T1-F1-1 /W-T4-1  /D:1     /W-F3-1  /T2-F3-1 /D:1     /W-F2-1  /T4-F2-1 
/T2-F2-1 /T4-F3-1 /T4-F2-1 /T2-F3-1 /D:1     /W-F0-1  /T0-F0-1 
"
1051011,M#BT#hQY#GFIv#upafC#zEPOwt#eRJWbsr#XdogViKySLUNkAZcqlHnjmDx,133.500000,2367.000000,51.000000,0.627660,1,"
minimal: 0 / states: 121 / duration: 0.000130s
history:
/T2-T0-1 /T4-T2-1 /T6-T4-1 /T6-T1-1 /T6-T2-1 /T3-T6-1 /T4-T5-2 /T4-F1-1 /T2-F1-1 /T2-T5-2 
/T5-T2-5 /T2-T3-6 /D:5     /W-T5-1  /D:2     /W-T0-1  /T6-T0-2 /W-T6-1  /D:4     /W-T0-1  
/D:1     /W-F3-1  /D:2     /W-F0-1  /D:1     /W-T2-1  /D:1     /W-F1-1  /D:3     /W-T5-1  
/T1-T5-2 /T1-F0-1 /T3-F0-1 /T4-T3-1 /T4-T6-1 /D:1     /W-F2-1  /D:2     /W-T1-1  /D:1     
/W-F0-1  /D:1     /R       /D:2     /W-F1-1  /D:1     /W-F2-1  /T3-F2-1 /D:1     /W-T6-1  
/D:1     /W-T1-1  /W-T1-1  /T5-T1-5 /T5-F3-1 /T5-F3-1 /T3-F3-1 /T5-F0-1 /D:2     /W-T2-1  
/D:1     /W-T2-1  /T6-T2-4 /T6-F3-1 /T6-F1-1 /W-F3-1  /T1-T2-1 /T1-F3-1 /T0-F3-1 /D:1     
/W-F2-1  /T3-F2-1 /T2-F2-1 /T3-F1-1 /T3-F2-1 /T2-F1-1 /T2-F2-1 /T0-F2-1 /T3-T0-2 /T3-F0-1 
/T3-F0-1 /T0-F1-1 /T1-F0-1 /T0-F0-1 /T1-F3-1 /T0-F3-1 /T2-F1-1 /T1-F2-1 /T2-F0-1 /T1-F3-1 
/T0-F0-1 /T0-F3-1 /T2-T1-1 /T2-F0-1 /T0-F0-1 /T2-F3-1 /D:1     /W-T5-1  /D:1     /W-F1-1  
/T1-F1-1 /T5-F1-1 /D:1     /W-F2-1  /T1-F2-1 /T1-F1-1 /T5-F2-1 
"
1051043,S#wl#kyP#NWaV#GFhXu#YBzfZm#xAeLtoE#iIQTrMsvbgHpnDcdKUJqjOCR,104.500000,1092.000000,44.000000,0.644737,1,"
minimal: 0 / states: 131 / duration: 0.000133s
history:
/T6-T0-1 /T6-T2-1 /T4-T3-1 /T0-T6-2 /T5-T0-1 /D:3     /W-T6-1  /D:1     /W-T3-1  /D:3     
/W-T3-1  /D:5     /W-T6-1  /D:1     /W-F2-1  /T2-F2-1 /T6-F2-1 /D:4     /W-T1-1  /D:2     
/W-T4-1  /T3-T4-4 /T3-F1-1 /T3-T1-1 /T3-F3-1 /T5-T3-1 /D:1     /W-F2-1  /D:2     /W-F3-1  
/T2-F3-1 /T4-T2-6 /T6-T4-4 /T6-T0-1 /T6-T2-1 /T6-F0-1 /T2-T3-8 /T4-F3-1 /W-T6-1  /T2-T0-1 
/D:2     /W-F3-1  /T4-T5-1 /T4-F3-1 /T5-T4-2 /T5-T2-1 /T5-F0-1 /T1-T2-3 /W-F0-1  /T1-T0-1 
/T6-T5-2 /R       /D:1     /W-T0-1  /D:1     /W-T2-1  /T4-T2-4 /D:1     /W-F2-1  /T3-T4-1 
/T3-F2-1 /T4-T3-2 /T2-T4-2 /T2-F2-1 /T4-T2-3 /D:1     /W-T1-1  /T5-T1-3 /D:1     /W-T1-1  
/D:1     /W-F1-1  /D:2     /W-T0-1  /T3-T0-3 /T3-F2-1 /T1-F2-1 /D:1     /W-F0-1  /T2-F0-1 
/D:1     /W-F1-1  /D:1     /W-F1-1  /T0-F1-1 /T0-F0-1 /T0-F3-1 /T2-F1-1 /T2-F0-1 /W-F1-1  
/T0-F0-1 /T2-F1-1 /T0-F1-1 /T0-F2-1 /T1-F1-1 /T0-F1-1 /T1-F2-1 /T2-F0-1 /T2-T1-2 /T2-F1-1 
/T3-T0-3 /T3-F2-1 /T2-F2-1 /T0-T3-4 /T0-F1-1 /D:1     /W-F3-1  /T3-F3-1 /T1-F3-1 /T3-F0-1 
/T1-F0-1 /T3-F3-1 /T1-F3-1 /T3-F0-1 /T1-F0-1 /T3-F3-1 
"
1051078,r#YU#Ewf#aGLl#euIXx#OzmDsM#vQkyjKc#HpgCoZAFihBqdNSVRJWntTbP,120.000000,1551.000000,50.000000,0.524691,1,"
minimal: 0 / states: 127 / duration: 0.000132s
history:
/T4-T3-1  /T3-T5-2  /T4-T3-1  /T1-T4-1  /T0-T2-1  /T5-T0-3  /D:5      /W-T6-1   /D:2      /W-F0-1   
/D:4      /W-F0-1   /D:2      /W-T2-1   /D:1      /W-F3-1   /D:3      /W-T5-1   /D:1      /W-T3-1   
/W-T3-1   /D:1      /W-T0-1   /T4-T0-2  /T4-T3-1  /D:1      /W-F2-1   /T6-F2-1  /D:1      /W-T0-1   
/T2-T0-3  /D:1      /W-T3-1   /T5-T3-2  /T6-T5-1  /T6-T1-1  /T6-T1-1  /T5-T3-2  /T6-T5-1  /T6-T5-1  
/T2-T5-1  /T6-T2-1  /T6-T1-1  /T5-T6-4  /T1-T5-4  /T5-T1-5  /T5-F3-1  /D:2      /W-F3-1   /T2-F3-1  
/T3-T4-2  /T3-F3-1  /T4-T3-3  /R        /D:2      /W-F2-1   /D:2      /W-F0-1   /D:1      /W-T4-1   
/T3-T4-10 /D:2      /W-T6-1   /D:1      /W-T1-1   /T3-T1-1  /T3-F1-1  /D:1      /W-F2-1   /T0-T2-1  
/T0-F2-1  /T2-T0-2  /D:1      /W-F3-1   /D:1      /W-F1-1   /T4-F1-1  /T0-F1-1  /T4-F0-1  /T0-F0-1  
/T4-F1-1  /T0-F1-1  /T4-F2-1  /T0-F2-1  /W-F0-1   /T1-F0-1  /T4-F3-1  /T0-F3-1  /W-F1-1   /T1-F1-1  
/T4-F2-1  /T1-F2-1  /W-F0-1   /T0-F0-1  /T4-F3-1  /T0-F3-1  /T6-F1-1  /T1-F1-1  /T4-F0-1  /T1-F0-1  
/T6-F2-1  /T0-F2-1  /T4-F3-1  /T1-F3-1  /T6-F1-1  /T0-F1-1  /T4-F0-1  /T0-F0-1  /T6-F2-1  /T1-F2-1  
/T4-F3-1  /T6-F1-1  
"
1051083,U#xE#Gba#QyJS#YAepd#jkRKFq#wslgfoP#WLruzvIiXOMCBhTZctNnHVmD,96.500000,1830.000000,37.000000,0.705479,1,"
minimal: 0 / states: 110 / duration: 0.000125s
history:
/T2-F1-1 /T2-F1-1 /T6-T5-1 /T6-T5-1 /T4-T1-1 /T6-T2-1 /T4-T1-1 /T5-T4-3 /T5-T6-1 /T4-T6-4 
/T4-F0-1 /T5-T4-1 /T1-T2-3 /T2-T0-5 /D:1     /W-T1-1  /D:2     /W-T3-1  /D:2     /W-T2-1  
/T4-T2-2 /D:1     /W-T1-1  /T0-T1-6 /D:4     /W-T1-1  /D:1     /W-T0-1  /D:2     /W-F0-1  
/W-F0-1  /D:3     /W-T4-1  /D:1     /W-F1-1  /D:2     /W-F3-1  /T1-F3-1 /D:1     /W-F2-1  
/T6-F2-1 /T1-F2-1 /T1-F1-1 /T6-F3-1 /T6-F2-1 /T3-F2-1 /T6-F1-1 /T5-T6-1 /T1-T3-1 /T1-F1-1 
/T3-T1-2 /T3-T5-1 /T3-T4-1 /T3-F3-1 /T5-T4-2 /T6-F3-1 /T5-T2-1 /D:2     /W-T4-1  /W-T4-1  
/T6-T4-2 /T6-T0-1 /T6-F2-1 /W-F2-1  /T1-T0-7 /D:1     /W-T1-1  /D:1     /W-F0-1  /T0-F0-1 
/T0-F3-1 /T4-F0-1 /T0-F0-1 /T4-F1-1 /W-F3-1  /T0-F3-1 /T4-F0-1 /W-F1-1  /T4-F3-1 /T0-T2-1 
/T0-F3-1 /W-F3-1  /W-F1-1  /W-F0-1  /T4-F0-1 /W-F2-1  /T2-F2-1 /T2-F1-1 /T2-F0-1 /T6-F2-1 
/T0-F2-1 /T2-F3-1 /T4-F1-1 /T0-F1-1 /T4-F2-1 /T2-F2-1 /W-F0-1  /T0-F0-1 /T1-F1-1 /T4-F3-1 
"
1051150,f#Xb#jgS#ERtL#sunaG#ZpBcTh#PqDxHrY#eFkvKyiNQOlUMWoVdJIwzmCA,140.500000,2942.000000,51.000000,0.650538,1,"
minimal: 0 / states: 120 / duration: 0.000136s
history:
/T4-T5-1 /T4-F1-1 /T1-F1-1 /T4-F2-1 /T2-T5-1 /T2-T4-1 /T1-T3-1 /D:2     /W-T4-1  /W-T4-1  
/D:2     /W-T2-1  /T5-T2-3 /D:1     /W-T6-1  /T2-T6-5 /D:3     /W-F3-1  /D:2     /W-F3-1  
/D:3     /W-T1-1  /T6-T1-7 /T6-T0-1 /T5-T6-1 /T5-F1-1 /D:2     /W-F2-1  /D:2     /W-F1-1  
/T4-F1-1 /T0-T1-1 /T0-F1-1 /T4-T6-1 /T4-F1-1 /D:1     /W-T3-1  /W-T3-1  /T6-T3-3 /W-T6-1  
/D:1     /W-T6-1  /W-T6-1  /T1-T6-3 /T1-F1-1 /D:2     /W-T0-1  /D:1     /W-T2-1  /T3-T2-7 
/F1-T1-1 /T3-T1-1 /T3-T2-1 /D:2     /W-F0-1  /T5-F0-1 /T5-F2-1 /W-F0-1  /R       /D:2     
/W-T5-1  /W-T5-1  /D:2     /W-T3-1  /D:1     /W-T0-1  /T6-T0-7 /T6-F0-1 /T6-F2-1 /T6-F3-1 
/T3-F3-1 /T0-F2-1 /T2-F3-1 /T3-F0-1 /T0-F3-1 /T2-F0-1 /T0-F0-1 /T2-F3-1 /T2-F0-1 /T4-T2-1 
/T4-F2-1 /T1-F2-1 /T0-F3-1 /T1-F1-1 /T0-F0-1 /T2-F2-1 /T1-F2-1 /T2-F3-1 /T0-F3-1 /W-F1-1  
/T1-F1-1 /T2-F0-1 /T1-F0-1 /T2-F3-1 /T1-F3-1 /T2-F0-1 /T1-F0-1 /T5-F1-1 /T5-T2-1 /T5-F3-1 
/D:1     /W-F2-1  /T0-F2-1 /T0-F1-1 /T2-F2-1 /T0-F2-1 /T2-F1-1 
"
1051216,W#bY#EyA#Uolv#xadkh#tQCrBP#TKimcDF#OVjHZzIwuMNqsJeLSXfngpRG,130.500000,1825.000000,59.000000,0.572917,1,"
minimal: 0 / states: 130 / duration: 0.000132s
history:
/T2-F0-1 /T4-T3-1 /T3-T0-2 /T4-T2-1 /D:8     /W-T2-1  /D:3     /W-F3-1  /D:4     /W-T6-1  
/D:5     /W-F2-1  /D:2     /W-T4-1  /D:2     /W-T0-1  /R       /D:1     /W-F3-1  /T5-F3-1 
/T5-F0-1 /T4-T5-2 /T4-F1-1 /T0-T4-4 /T4-T1-5 /D:1     /W-T2-1  /D:2     /W-T2-1  /D:1     
/W-T0-1  /T2-T0-5 /D:1     /W-T4-1  /T3-T4-1 /T3-F2-1 /T5-F2-1 /D:4     /W-F2-1  /T5-T2-1 
/T5-F2-1 /T5-F0-1 /T5-F3-1 /T5-T3-1 /W-T5-1  /T1-T5-6 /T1-F1-1 /D:1     /W-F2-1  /T3-F2-1 
/W-F2-1  /D:3     /W-T5-1  /T2-T5-2 /D:3     /W-T0-1  /T6-T0-2 /T6-F0-1 /T6-F1-1 /T5-F1-1 
/T0-F1-1 /T5-F0-1 /W-F1-1  /T6-T1-1 /T0-F0-1 /T0-F1-1 /T5-T3-2 /T5-F1-1 /T6-F1-1 /T6-T4-1 
/T5-F2-1 /T6-T0-1 /D:1     /W-F3-1  /T3-F3-1 /T0-F3-1 /T3-F0-1 /T0-F0-1 /T3-F3-1 /T0-F3-1 
/T0-F2-1 /T5-F3-1 /T5-F2-1 /W-F3-1  /T5-F3-1 /T0-T1-2 /T0-F3-1 /R       /D:1     /W-F1-1  
/T1-F1-1 /T1-F2-1 /T4-T5-2 /T4-F2-1 /D:1     /W-F0-1  /D:1     /W-F0-1  /T5-F0-1 /T5-F1-1 
/T1-F1-1 /D:1     /W-F0-1  /T5-F0-1 
"
1051275,Y#Gh#jUk#TxHN#QXIio#yBmbCK#dgrtanJ#FqsASuRZDcwWOVelPfMLpEzv,99.000000,736.000000,39.000000,0.701299,1,"
minimal: 0 / states: 114 / duration: 0.000133s
history:
/T3-F3-1 /T6-T2-1 /T6-F2-1 /T4-F2-1 /T6-F1-1 /T5-T0-1 /T4-T2-1 /T6-T1-1 /T3-T2-1 /T1-T4-2 
/D:4     /W-F0-1  /D:1     /W-T1-1  /T6-T1-1 /T6-T2-1 /T5-T6-1 /T5-F1-1 /T6-T1-2 /T5-T6-1 
/T5-F0-1 /T2-T5-5 /T1-F0-1 /W-T5-1  /T1-T2-4 /T5-T6-7 /D:2     /W-T6-1  /D:1     /W-T1-1  
/D:1     /W-F0-1  /D:1     /W-F1-1  /T2-F1-1 /D:2     /W-T0-1  /T4-T0-3 /W-T4-1  /D:1     
/W-F3-1  /D:1     /W-T4-1  /W-T4-1  /W-T6-1  /D:1     /W-F1-1  /D:2     /W-F3-1  /D:1     
/W-F1-1  /D:1     /W-T5-1  /W-T5-1  /T3-T5-1 /T6-T3-3 /T6-F1-1 /T3-T4-4 /D:1     /W-T1-1  
/T4-T1-8 /T4-F3-1 /D:1     /W-F2-1  /T1-F2-1 /T1-F3-1 /T2-F2-1 /T1-F2-1 /T0-F2-1 /T0-F1-1 
/T2-T0-3 /T0-F3-1 /T1-F3-1 /T1-F2-1 /T6-T1-1 /T6-F1-1 /T2-F1-1 /D:1     /W-F0-1  /W-F0-1  
/T0-F0-1 /T0-F3-1 /T1-F0-1 /T0-F0-1 /T1-F3-1 /T6-F0-1 /T0-F3-1 /T0-F0-1 /T6-F1-1 /T1-T6-2 
/T1-F0-1 /T5-T0-1 /T5-F1-1 /T5-F0-1 /T6-T1-3 /T6-F1-1 /D:1     /W-T2-1  /T0-T2-2 /D:1     
/W-F2-1  /T1-F2-1 /T1-F3-1 /T2-F2-1 /T1-F2-1 /T2-F3-1 /T1-F3-1 /T2-F2-1 
"
1051338,I#Uc#Fie#VvDk#dGRoC#phbHWq#XlmrxNA#ZwfjSuzQysJYtgPLOaTKBnME,104.000000,1841.000000,42.000000,0.777174,1,"
minimal: 0 / states: 116 / duration: 0.000134s
history:
/T6-F0-1 /T6-F3-1 /T5-T2-1 /T5-T6-1 /T1-T2-1 /T0-T6-1 /T1-T6-1 /D:1     /W-T0-1  /D:1     
/W-T3-1  /D:5     /W-T1-1  /D:2     /W-T0-1  /T3-T0-2 /D:3     /W-T1-1  /T6-T1-4 /D:1     
/W-T1-1  /D:1     /W-T5-1  /D:1     /W-T3-1  /D:2     /W-F3-1  /T3-F3-1 /D:1     /W-F1-1  
/D:3     /W-F0-1  /T4-F0-1 /T3-F0-1 /T4-T2-1 /D:1     /W-F2-1  /T2-F2-1 /D:2     /W-F0-1  
/R       /D:1     /W-T1-1  /T6-T1-1 /D:4     /W-F3-1  /T4-F3-1 /D:1     /W-T5-1  /T2-T5-3 
/T5-T2-6 /T5-F1-1 /T2-F1-1 /T2-T0-6 /T4-T5-1 /T5-T3-2 /T5-F2-1 /T0-F2-1 /T4-F1-1 /T0-F1-1 
/T1-F2-1 /T0-F2-1 /T1-F1-1 /T2-F0-1 /T0-F1-1 /T6-T2-1 /T1-F2-1 /T3-F0-1 /T3-F1-1 /T0-F0-1 
/T0-F1-1 /W-F2-1  /W-F3-1  /T3-F2-1 /T0-F2-1 /W-F1-1  /T0-F1-1 /T6-F1-1 /T2-F1-1 /T6-T0-1 
/D:1     /W-T0-1  /T3-T0-1 /D:2     /W-F3-1  /T1-F3-1 /T0-F3-1 /T1-F0-1 /T0-F0-1 /T1-F3-1 
/T0-F3-1 /T1-F2-1 /T0-F2-1 /T1-F3-1 /T1-F2-1 /T0-F3-1 /D:1     /W-F0-1  /W-F0-1  /D:1     
/W-F0-1  
"
1051360,j#DN#koT#rYfQ#sUOFp#yZWaqI#zRhLuSn#AtdKwEvMbPcGxeVXCBgHJiml,143.000000,3160.000000,38.000000,0.709877,1,"
minimal: 0 / states: 117 / duration: 0.000120s
history:
/T1-F3-1 /T6-F2-1 /T5-T0-1 /T4-T3-1 /T4-T2-1 /T4-F3-1 /T4-T0-1 /D:1     /W-F0-1  /D:1     
/W-T0-1  /T6-T0-1 /T2-T6-2 /T2-F2-1 /T3-F2-1 /T5-F2-1 /T5-F1-1 /D:3     /W-T2-1  /D:1     
/W-T0-1  /T3-T0-1 /D:1     /W-T5-1  /D:2     /W-F1-1  /D:1     /W-F3-1  /T0-F3-1 /D:1     
/W-F1-1  /D:3     /W-T4-1  /T1-T4-1 /D:1     /W-T2-1  /T6-T2-3 /T2-T6-6 /D:3     /W-F0-1  
/W-F0-1  /T4-F0-1 /T0-F0-1 /T6-F0-1 /T4-T6-2 /D:5     /W-T1-1  /T6-T1-8 /T6-T5-1 /T6-F3-1 
/T0-F3-1 /T3-T0-1 /T3-T6-1 /T3-F2-1 /D:1     /R       /D:1     /W-F1-1  /T1-F1-1 /T0-F1-1 
/T1-F2-1 /T0-F2-1 /T1-F3-1 /T0-F3-1 /T1-F2-1 /T1-F3-1 /T5-T0-1 /T5-F2-1 /T5-F3-1 /T5-T2-1 
/T1-F2-1 /T5-T2-1 /D:1     /W-T6-1  /T0-T6-3 /D:1     /W-T0-1  /D:1     /W-F0-1  /D:1     
/W-F2-1  /T2-F2-1 /T6-T0-5 /T6-F2-1 /D:1     /W-F3-1  /D:1     /W-F1-1  /T0-F1-1 /D:1     
/W-F0-1  /T0-F0-1 /D:1     /W-F0-1  /D:1     /W-F1-1  /T0-F1-1 /T0-F0-1 /T0-F3-1 /T1-F1-1 
/T1-F0-1 /T2-F3-1 /T0-F0-1 /D:1     /W-F1-1  /T1-F1-1 
"
1051367,z#tV#plS#BNLA#vFwOd#MHamnR#UyYiTbZ#KCxrIDXWusgGcPJojQhqEkfe,146.500000,1791.000000,38.000000,0.641176,1,"
minimal: 0 / states: 112 / duration: 0.000147s
history:
/T3-F0-1 /T3-T6-1 /T3-F3-1 /T3-F0-1 /T6-T3-2 /D:2     /W-T4-1  /T6-T4-1 /D:2     /W-T2-1  
/T4-T2-3 /T4-F3-1 /T1-T4-1 /T2-T1-5 /T2-T0-1 /T1-T2-1 /T1-F0-1 /W-T0-1  /T2-T1-2 /D:2     
/W-F0-1  /D:1     /W-T3-1  /T4-T3-2 /T5-T4-1 /T5-F2-1 /T5-T2-1 /T5-F1-1 /T1-F1-1 /T6-T5-1 
/T4-T5-2 /T5-T3-4 /D:1     /W-T0-1  /W-T0-1  /D:1     /W-T6-1  /D:2     /W-T6-1  /W-T6-1  
/D:2     /W-F1-1  /D:1     /W-F3-1  /D:2     /W-F2-1  /T1-F2-1 /T1-F1-1 /D:2     /W-F3-1  
/T3-F3-1 /D:1     /W-T0-1  /T1-T0-3 /D:1     /W-F2-1  /T0-F2-1 /T0-F3-1 /T6-F2-1 /T0-F2-1 
/T3-T6-1 /T3-F3-1 /T6-T3-2 /T6-F2-1 /T4-F2-1 /D:1     /W-F0-1  /T3-F0-1 /D:3     /W-F1-1  
/W-F1-1  /T3-F1-1 /T0-F1-1 /T6-F1-1 /T6-T5-1 /T6-T2-1 /T6-F3-1 /W-T2-1  /W-F1-1  /T2-F1-1 
/T0-T5-3 /T0-F1-1 /R       /D:2     /W-F0-1  /T3-F0-1 /T3-F3-1 /T3-F2-1 /T5-F0-1 /T5-F3-1 
/T5-F2-1 /T2-F2-1 /T0-F2-1 /T2-F1-1 /T3-F3-1 /T5-F3-1 /D:1     /W-F0-1  /W-F0-1  /T3-F0-1 
/T3-F3-1 /T5-F0-1 
"
1051389,X#SI#imn#rHJY#TAdMt#DubZlO#PFewWEK#ChfUBzjRqaVxNQvGsocgpykL,143.500000,2027.000000,60.000000,0.483696,1,"
minimal: 0 / states: 128 / duration: 0.000138s
history:
/T2-F2-1 /T6-T3-1 /D:2     /W-T1-1  /T4-T1-1 /T3-T4-2 /T3-T0-1 /D:1     /W-T1-1  /T6-T1-1 
/T6-T4-1 /T1-T4-5 /D:7     /W-F1-1  /D:1     /W-T0-1  /T3-T0-1 /T3-T1-1 /T4-T3-9 /T4-T1-1 
/T4-F0-1 /T4-T0-1 /T2-T4-1 /T2-T6-1 /D:2     /W-F3-1  /T5-F3-1 /W-T5-1  /D:1     /W-T3-1  
/D:3     /W-T0-1  /D:1     /W-F2-1  /D:3     /W-F2-1  /D:1     /W-T4-1  /T0-T4-6 /D:2     
/R       /D:1     /W-T1-1  /D:2     /W-F0-1  /T1-F0-1 /D:1     /W-T0-1  /T5-T0-2 /T5-T2-1 
/T5-F1-1 /T5-T6-1 /T5-F0-1 /D:1     /W-T0-1  /D:1     /W-T4-1  /D:1     /W-F2-1  /D:1     
/W-T0-1  /W-T0-1  /D:1     /W-T0-1  /T1-T0-3 /D:1     /W-F1-1  /T0-F1-1 /T0-F2-1 /D:1     
/W-T6-1  /D:2     /W-T2-1  /W-T2-1  /T6-T2-4 /T6-F1-1 /T6-T2-1 /T6-F3-1 /T3-F3-1 /T3-F0-1 
/T3-F1-1 /T4-F3-1 /T0-F3-1 /T2-F0-1 /T0-F0-1 /T4-F2-1 /T2-F1-1 /T3-F2-1 /T3-F1-1 /T4-F3-1 
/T0-F3-1 /T2-F2-1 /T0-F2-1 /T4-F0-1 /T2-F1-1 /T3-F0-1 /T0-F1-1 /T4-F3-1 /T2-F2-1 /T3-F3-1 
/T0-F2-1 /T4-F0-1 /T2-F1-1 /T3-F0-1 /T0-F1-1 /T4-F3-1 /T2-F0-1 /T3-F3-1 /T3-F0-1 /T4-F2-1 
/T0-F2-1 /T2-F3-1 /T4-F1-1 
"
1051401,A#PI#MgQ#HwBn#YESqx#pojDsZ#deviOzc#tyCRKkUruXlaVGTLJNFbWfmh,125.500000,913.000000,45.000000,0.622222,1,"
minimal: 0 / states: 126 / duration: 0.000141s
history:
/T0-F0-1 /T3-F2-1 /T3-F0-1 /T5-T0-1 /D:2     /W-T0-1  /D:1     /W-F0-1  /D:1     /W-T5-1  
/D:2     /W-T0-1  /T3-T0-1 /D:1     /W-T1-1  /D:5     /W-F1-1  /D:1     /W-T0-1  /T3-T0-1 
/D:1     /W-T1-1  /D:1     /W-T0-1  /T5-T0-2 /T5-F0-1 /T5-T4-1 /T5-F2-1 /T1-T4-3 /F0-T0-1 
/T6-T0-1 /T6-T3-1 /T6-T5-1 /W-T3-1  /T4-T3-5 /T0-T4-1 /T0-F0-1 /T4-T0-2 /T4-T3-1 /T4-F0-1 
/F0-T3-1 /T2-T3-1 /T5-T3-2 /D:3     /W-F3-1  /T3-F3-1 /T1-F3-1 /T3-F2-1 /T3-F3-1 /T3-F0-1 
/D:1     /W-F0-1  /D:1     /W-F1-1  /T0-F1-1 /T0-F2-1 /T0-F3-1 /T3-F3-1 /T3-F0-1 /T0-T2-1 
/T0-F3-1 /T2-T0-2 /T3-F3-1 /T0-T6-3 /T0-F3-1 /T6-T0-4 /T4-T2-1 /D:1     /W-F3-1  /D:2     
/W-T1-1  /D:1     /W-T3-1  /R       /D:1     /W-T3-1  /D:1     /W-T2-1  /F3-T2-1 /T6-T2-1 
/T6-T0-1 /T6-F1-1 /T0-F1-1 /D:1     /W-F2-1  /T0-F2-1 /T3-F2-1 /D:1     /W-F2-1  /T2-F2-1 
/T2-F3-1 /D:1     /W-F3-1  /D:1     /W-T1-1  /D:2     /W-F1-1  /T0-F1-1 /T0-F0-1 /T3-F1-1 
/T0-F1-1 /T0-F2-1 /T3-F0-1 /T3-F1-1 /T3-F2-1 /W-F0-1  /T0-F1-1 /T0-F2-1 /T2-F0-1 /T1-F0-1 
/T2-F3-1 /T0-F3-1 /T3-F1-1 /T1-F1-1 /T2-F0-1 /T3-F2-1 
"
1051539,a#ZE#bqh#DxYu#AOBwT#ymHULM#IiegPzn#tojklVCWJNpfFrsScGvdXKQR,114.500000,793.000000,40.000000,0.628788,1,"
minimal: 0 / states: 120 / duration: 0.000132s
history:
/T0-F1-1 /T6-F2-1 /T5-T0-1 /T4-T3-1 /D:1     /W-T2-1  /D:1     /W-F2-1  /D:2     /W-T5-1  
/T4-T5-1 /D:1     /W-T0-1  /D:1     /W-T5-1  /T3-T5-2 /T3-T6-1 /T3-T0-1 /W-T0-1  /D:4     
/W-F3-1  /D:1     /W-F2-1  /D:1     /W-T2-1  /T1-T2-1 /T5-T1-6 /D:1     /W-T1-1  /D:4     
/W-T3-1  /T4-T3-1 /T4-F3-1 /T4-F0-1 /T3-F0-1 /T6-T4-2 /T6-F3-1 /D:1     /W-T5-1  /W-T5-1  
/W-T6-1  /W-T5-1  /D:1     /W-T0-1  /T5-T0-4 /T6-T5-2 /T6-T1-1 /T5-T6-3 /T3-T1-2 /T5-T3-1 
/T5-T3-1 /D:1     /W-T0-1  /D:1     /W-T3-1  /W-T3-1  /T6-T3-4 /T2-T6-4 /T2-F2-1 /T2-F1-1 
/T1-F1-1 /T0-F1-1 /T0-F2-1 /T3-F2-1 /D:1     /W-T4-1  /W-T4-1  /W-F0-1  /T1-F0-1 /T1-F1-1 
/T6-F0-1 /T6-F1-1 /T1-F0-1 /T3-F1-1 /T6-F2-1 /T6-F1-1 /T1-T3-1 /T1-F2-1 /T0-T6-3 /T0-F2-1 
/T3-T1-2 /T3-F1-1 /T0-F1-1 /T1-T3-3 /T1-F2-1 /T0-F2-1 /T1-F1-1 /T0-F1-1 /T3-T1-5 /T3-F2-1 
/T3-F1-1 /T4-T0-3 /T4-F2-1 /T6-T0-4 /D:1     /W-F3-1  /D:1     /W-F3-1  /T0-F3-1 /T0-F0-1 
/T1-F3-1 /T0-F3-1 /T1-F0-1 /T0-F0-1 /T1-F3-1 /T0-F3-1 /T1-F0-1 /T0-F0-1 /T1-F3-1 /T0-F3-1 
/T1-F0-1 /T0-F0-1 /T1-F3-1 
"
1051572,T#Ur#FsA#ofBx#pgbPa#ESkCqm#QDZIKRw#eyWdVXYlLNMjHctiGvJuhnOz,127.000000,1784.000000,57.000000,0.535294,1,"
minimal: 0 / states: 125 / duration: 0.000144s
history:
/T2-F0-1 /T4-F1-1 /T2-T0-1 /D:1     /W-T0-1  /D:1     /W-T5-1  /D:1     /W-T3-1  /D:1     
/W-T1-1  /D:1     /W-T6-1  /D:1     /W-T5-1  /T6-T5-2 /T6-T2-1 /D:4     /W-F3-1  /D:2     
/W-T6-1  /D:1     /W-T5-1  /T0-T5-3 /T5-T0-9 /T5-T0-1 /T4-T0-1 /T4-F1-1 /T5-T1-1 /T2-T4-2 
/W-T2-1  /D:1     /W-F1-1  /D:4     /W-T3-1  /D:1     /W-T5-1  /D:2     /W-T3-1  /D:1     
/W-F2-1  /D:1     /W-F3-1  /T0-F3-1 /D:1     /R       /D:1     /W-T2-1  /T6-T2-2 /T6-T2-1 
/D:2     /W-T6-1  /T5-T6-2 /T1-T5-3 /T1-T2-1 /T6-T1-4 /T6-T4-1 /T6-F3-1 /D:1     /W-T2-1  
/T5-T2-4 /D:1     /W-T1-1  /D:1     /W-T3-1  /D:1     /W-T1-1  /T4-T1-4 /D:1     /W-T6-1  
/W-T6-1  /T3-T6-5 /T3-F0-1 /T2-F0-1 /T1-F0-1 /T3-T6-1 /T3-F2-1 /T4-F2-1 /T0-F2-1 /T1-F3-1 
/T2-F1-1 /T0-F1-1 /T2-F2-1 /T0-F2-1 /T5-F0-1 /T1-F0-1 /T2-F3-1 /T0-F3-1 /T6-F1-1 /T1-F1-1 
/T2-F2-1 /T1-F2-1 /T6-F0-1 /T0-F0-1 /T2-F3-1 /T0-F3-1 /T6-F1-1 /T1-F1-1 /T2-F0-1 /T1-F0-1 
/T6-F2-1 /T0-F2-1 /T2-F1-1 /T1-F1-1 /T6-F3-1 /T0-F3-1 /T2-F0-1 /T1-F0-1 /T6-F2-1 /T0-F2-1 
/T2-F3-1 /T1-F3-1 /T6-F1-1 /T0-F1-1 /T2-F0-1 /T6-F2-1 
"
1051731,z#KJ#nkS#ToaI#xHMwb#rfPgOV#vjLBiEU#hRQCGslpmqtXFuZAYyDcedNW,131.500000,1270.000000,45.000000,0.651042,1,"
minimal: 0 / states: 120 / duration: 0.000137s
history:
/T6-T3-1 /T5-T1-1 /T6-T2-1 /D:3     /W-T2-1  /D:1     /W-T2-1  /T4-T2-1 /T6-T4-1 /D:1     
/W-T3-1  /T2-T3-5 /T4-T2-2 /D:2     /W-T0-1  /D:7     /W-T1-1  /D:2     /W-F0-1  /T6-F0-1 
/T2-T6-3 /T2-F2-1 /T4-T2-1 /T4-T6-1 /T4-T0-1 /W-T4-1  /T6-T4-5 /T3-T6-8 /T3-F1-1 /T3-F2-1 
/T6-F1-1 /T5-T6-1 /T5-T1-1 /T6-T0-9 /W-T1-1  /T3-T4-1 /D:1     /W-T2-1  /D:3     /W-F1-1  
/D:1     /W-T1-1  /W-T1-1  /T5-T1-1 /D:1     /W-F1-1  /D:1     /W-F3-1  /T0-F3-1 /T0-F0-1 
/T1-F3-1 /T1-F0-1 /T0-F3-1 /T0-F0-1 /T1-F1-1 /T5-F1-1 /T1-F0-1 /T1-F1-1 /T5-T0-1 /D:1     
/R       /D:1     /W-F1-1  /D:1     /W-F3-1  /D:1     /W-T4-1  /D:1     /W-F2-1  /D:1     
/W-T3-1  /D:1     /W-F2-1  /T0-F2-1 /T0-F3-1 /T0-F0-1 /T4-F2-1 /T4-F3-1 /T4-F0-1 /T0-F3-1 
/T0-F0-1 /T4-F1-1 /T1-T4-2 /T1-F0-1 /T0-F1-1 /T1-F0-1 /D:1     /W-F2-1  /T4-F2-1 /T4-F3-1 
/T6-F2-1 /T4-F2-1 /T4-F1-1 /T0-F2-1 /T0-F1-1 /T3-F1-1 /T4-F0-1 /T2-T0-1 /T2-F0-1 /D:2     
/W-F2-1  /D:1     /W-F3-1  /W-F3-1  /T0-F3-1 /T0-F2-1 /T4-F3-1 
"
1051747,M#Iz#tBN#egmF#UTpcx#GRoEij#VHCkuPa#yQLWdZKDnqsSJvYlrOXbwhAf,132.500000,1671.000000,47.000000,0.600000,1,"
minimal: 0 / states: 121 / duration: 0.000135s
history:
/T2-F3-1 /T6-F1-1 /T5-T4-1 /T2-T6-1 /D:9     /W-F2-1  /D:3     /W-T2-1  /D:2     /W-T4-1  
/D:1     /W-T0-1  /T4-T0-3 /D:1     /W-T1-1  /D:1     /W-T2-1  /D:1     /W-F3-1  /T6-T4-1 
/T6-F3-1 /T6-T5-1 /W-T6-1  /T5-T6-2 /D:2     /W-F1-1  /D:2     /W-T0-1  /T2-T0-3 /T1-T2-2 
/D:1     /W-F0-1  /T4-F0-1 /T4-F1-1 /D:1     /R       /D:2     /W-T0-1  /T4-T0-1 /T3-T4-1 
/T4-T6-2 /T4-T1-1 /T3-T4-1 /W-T4-1  /T6-T4-6 /T6-F0-1 /T3-T6-1 /T3-T4-1 /D:3     /W-F1-1  
/T4-F1-1 /D:1     /W-T3-1  /D:1     /W-T2-1  /W-T2-1  /W-T3-1  /T1-T2-2 /D:1     /W-F0-1  
/T5-F0-1 /T5-F2-1 /T0-F2-1 /T0-F3-1 /T5-F3-1 /T4-F0-1 /T5-F0-1 /D:1     /W-F2-1  /T0-F2-1 
/T0-F3-1 /T4-F3-1 /T6-T4-1 /T6-F0-1 /T2-F3-1 /T2-F0-1 /T6-F3-1 /T2-F3-1 /D:1     /W-F2-1  
/T0-F2-1 /D:1     /W-F3-1  /D:2     /W-F1-1  /T4-F1-1 /T0-F1-1 /T4-F2-1 /T0-F2-1 /T4-F1-1 
/T0-F1-1 /T4-F0-1 /T2-F0-1 /W-F2-1  /T0-F2-1 /T0-F3-1 /T4-F1-1 /T2-F1-1 /T3-F0-1 /T0-F0-1 
/T4-F2-1 /T2-F2-1 /T3-F3-1 /T4-F1-1 
"
1051777,N#Qz#BxT#UGhw#nYcpL#quseja#CtgHAFv#VXkIboMKWmJDRSlrPiZEyfOd,126.000000,2850.000000,41.000000,0.638158,1,"
minimal: 0 / states: 125 / duration: 0.000133s
history:
/T0-F3-1 /T5-F1-1 /T6-T5-1 /T6-T2-1 /T6-F0-1 /T2-T6-2 /T5-T2-2 /T5-T6-1 /T1-T0-1 /D:1     
/W-T3-1  /T6-T3-4 /T5-T6-1 /T6-T5-2 /D:1     /W-T4-1  /T3-T4-6 /T3-T2-1 /T3-T2-1 /T6-T3-1 
/T6-T1-1 /D:3     /W-F1-1  /D:2     /W-T6-1  /D:5     /W-T4-1  /D:1     /W-T5-1  /D:1     
/W-T2-1  /D:1     /W-T0-1  /T2-T0-6 /T2-F0-1 /T1-F0-1 /T4-F0-1 /D:1     /W-T0-1  /T1-T0-1 
/D:3     /W-T1-1  /T4-T1-8 /T4-T0-1 /T4-F1-1 /T4-T6-1 /T4-F2-1 /D:1     /W-F0-1  /D:2     
/W-T3-1  /D:1     /W-F3-1  /D:1     /W-F1-1  /T1-F1-1 /T1-F0-1 /T3-F1-1 /T5-T1-2 /T5-F1-1 
/T0-T3-4 /T0-F0-1 /T0-F1-1 /T1-T5-3 /T1-F0-1 /T5-T1-4 /T3-T0-6 /T5-T1-1 /R       /D:2     
/W-F0-1  /D:1     /W-F2-1  /T0-F2-1 /T1-F2-1 /D:1     /W-T6-1  /D:1     /W-T6-1  /D:1     
/W-T2-1  /D:1     /W-F0-1  /D:1     /W-F3-1  /T0-F3-1 /T0-F2-1 /T1-F3-1 /T0-F3-1 /T1-F2-1 
/T0-F2-1 /T1-F3-1 /T0-F3-1 /T1-F2-1 /T0-F2-1 /T1-F3-1 /T6-F3-1 /T1-F2-1 /T1-F3-1 /T6-F0-1 
/T1-F0-1 /T6-F3-1 /T1-F3-1 /T6-F0-1 /D:1     /W-F1-1  /T0-F1-1 /T0-F2-1 /W-F1-1  /T0-F1-1 
/T2-F1-1 /D:1     /W-F2-1  /T0-F2-1 
"
1051782,z#ZB#PQR#qAXL#COrNT#MFuSfm#xoadHvs#DpwVnjKgYWhbticGkJUlIyeE,112.500000,1947.000000,56.000000,0.708333,1,"
minimal: 0 / states: 122 / duration: 0.000143s
history:
/T6-T4-1 /T3-T5-1 /T2-T4-1 /T3-T5-1 /T3-F0-1 /T1-F0-1 /T3-T4-1 /T5-T3-3 /D:2     /W-T2-1  
/D:1     /W-T3-1  /D:1     /W-T3-1  /D:1     /W-F2-1  /D:4     /W-T0-1  /D:2     /W-T6-1  
/D:1     /W-T2-1  /D:1     /W-T6-1  /T5-T6-1 /D:2     /W-T4-1  /D:7     /W-T1-1  /D:2     
/W-T5-1  /T2-T5-3 /R       /D:3     /W-T0-1  /W-T0-1  /T6-T0-4 /T4-T6-5 /T4-F3-1 /T6-T3-6 
/T6-T4-1 /T6-F1-1 /T5-F1-1 /T6-F2-1 /T3-F1-1 /T4-T0-2 /T4-F3-1 /T2-F3-1 /T4-F0-1 /T5-F2-1 
/T0-F1-1 /T3-F2-1 /T5-F3-1 /T0-F2-1 /W-F0-1  /T3-F3-1 /T5-F0-1 /T5-F3-1 /T3-F2-1 /T3-F3-1 
/D:1     /W-T3-1  /D:1     /W-T6-1  /D:3     /W-T1-1  /D:1     /W-T1-1  /D:1     /W-F3-1  
/D:2     /W-T6-1  /D:1     /W-F1-1  /T0-F1-1 /T0-F2-1 /T5-F2-1 /T5-F0-1 /T3-F1-1 /T0-F1-1 
/T0-F2-1 /T3-T1-2 /T3-F2-1 /W-T5-1  /W-F0-1  /T1-F0-1 /T1-F3-1 /T6-F0-1 /T6-F3-1 /W-F1-1  
/T0-F1-1 /T1-F0-1 /T0-F0-1 /T1-F1-1 /T3-F3-1 /T3-F0-1 /T6-F2-1 /T0-F3-1 /T1-F2-1 /T1-F3-1 
/T5-F1-1 /T0-F2-1 /T3-F1-1 /T5-F0-1 
"
1051806,D#ha#tFY#LZfg#yIkAH#wVRWlp#zmxBvbi#PscQToMrCuUNOXnJjKeEqSGd,158.000000,2262.000000,52.000000,0.570707,1,"
minimal: 0 / states: 127 / duration: 0.000146s
history:
/T1-F1-1 /T4-T6-1 /T4-F0-1 /T3-T6-1 /D:1     /W-T0-1  /D:1     /W-T6-1  /D:4     /W-T0-1  
/D:2     /W-T3-1  /D:4     /W-F3-1  /D:1     /W-F3-1  /D:2     /W-F2-1  /T0-F2-1 /T5-F2-1 
/T0-F3-1 /D:1     /W-T4-1  /T6-T4-4 /T6-F1-1 /T1-T6-1 /D:2     /W-T2-1  /W-T2-1  /T6-T2-2 
/T6-F0-1 /T6-T5-1 /T6-T1-1 /T5-T6-2 /T5-T6-1 /T5-T4-1 /T0-T4-1 /D:3     /W-F2-1  /T3-F2-1 
/W-T3-1  /D:2     /W-T2-1  /T3-T2-2 /T3-T0-1 /T4-T3-8 /T4-T6-1 /T3-T0-9 /T4-T1-1 /D:1     
/W-T2-1  /R       /D:1     /W-F1-1  /T2-F1-1 /D:1     /W-F3-1  /D:2     /W-T3-1  /T2-T3-8 
/T0-T2-2 /T0-F2-1 /T2-T0-3 /T2-F2-1 /D:1     /W-F0-1  /T0-F0-1 /T0-F3-1 /T3-F0-1 /T0-F0-1 
/D:1     /W-F2-1  /T3-T6-3 /T3-F2-1 /D:2     /W-T1-1  /D:1     /W-F1-1  /T6-F1-1 /T0-F1-1 
/T6-F0-1 /T6-F1-1 /T0-F0-1 /T0-F1-1 /T5-T0-1 /T3-F1-1 /T5-F2-1 /T6-F0-1 /T0-T1-2 /T0-F1-1 
/T6-T3-1 /T6-F2-1 /T6-F1-1 /T1-T0-3 /T1-F2-1 /T1-F1-1 /T6-F2-1 /D:1     /W-F3-1  /R       
/D:1     /W-F3-1  /D:1     /W-F3-1  /T0-F3-1 /T0-F0-1 /T3-F3-1 /T0-F3-1 /T3-F0-1 /T0-F0-1 
/T3-F3-1 /T0-F3-1 /T3-F0-1 
"
1051807,H#hk#IeF#PKRp#VEcNr#oMCSln#yajxbTQ#mzOtLGJsUWgwABudYDZXfqvi,160.500000,2501.000000,83.000000,0.447581,1,"
minimal: 0 / states: 151 / duration: 0.000174s
history:
/T5-F2-1 /T6-T4-1 /T6-T0-1 /T6-T3-1 /T3-T4-2 /T6-T5-1 /T2-T0-1 /T3-T0-1 /T6-T3-1 /T6-F1-1 
/T4-F1-1 /T1-T6-1 /D:3     /W-T4-1  /D:1     /W-T1-1  /D:3     /W-T6-1  /D:3     /W-T5-1  
/D:3     /W-F0-1  /D:1     /W-F0-1  /D:4     /W-T0-1  /D:3     /W-T1-1  /T4-T1-4 /T4-F3-1 
/T1-F3-1 /T4-F1-1 /D:1     /W-T2-1  /D:1     /W-T3-1  /T1-T3-6 /D:1     /W-T6-1  /T0-T6-5 
/R       /D:1     /W-T0-1  /T6-T0-9 /D:1     /W-T1-1  /T5-T1-3 /T4-T5-1 /D:7     /W-T4-1  
/D:1     /W-F1-1  /D:2     /W-T6-1  /D:1     /R       /D:1     /W-T6-1  /D:4     /W-T4-1  
/D:3     /W-T6-1  /R       /D:2     /W-T4-1  /T2-T4-2 /T2-T1-1 /D:1     /W-T1-1  /W-T1-1  
/T5-T1-2 /T5-F0-1 /T5-T2-1 /T5-F2-1 /T3-F2-1 /T0-F0-1 /T1-F0-1 /T4-F2-1 /T4-F1-1 /T3-T1-2 
/T3-F1-1 /T0-T4-1 /T0-F0-1 /T1-T3-3 /T1-F0-1 /T4-T0-2 /T4-F1-1 /T3-T1-4 /T3-F1-1 /T0-T4-3 
/T0-F0-1 /T0-F1-1 /T1-T3-5 /T1-F0-1 /T0-F0-1 /T3-T1-6 /T3-F1-1 /T3-F0-1 /T3-F3-1 /T1-F3-1 
/T1-F2-1 /T4-F3-1 /T1-F3-1 /T4-F2-1 /T1-F2-1 /T4-F3-1 /T1-F3-1 /T4-F2-1 /T1-F2-1 /T4-F3-1 
/T1-F3-1 /T0-F1-1 /T6-F3-1 /T6-F0-1 /T2-F0-1 /D:1     /W-F2-1  /T1-F2-1 /T0-F2-1 /T1-F1-1 
/T0-F1-1 /T1-F2-1 /D:1     /W-F3-1  /T6-F3-1 
"
1051815,r#Yx#hIU#JmVQ#ayNAg#LdDHvu#MGEXtWS#onfRPbKkjzpTlOZCiFBscqwe,108.500000,2001.000000,51.000000,0.622340,1,"
minimal: 0 / states: 121 / duration: 0.000176s
history:
/T4-T5-1 /T4-F0-1 /T4-F3-1 /T3-T0-1 /T5-T3-2 /T2-T5-1 /T0-T6-2 /D:2     /W-F2-1  /W-F2-1  
/D:6     /W-T4-1  /D:1     /W-T1-1  /T5-T1-2 /D:1     /W-T0-1  /D:1     /W-F2-1  /D:1     
/W-T5-1  /D:1     /W-T0-1  /T1-T0-4 /W-T1-1  /D:1     /W-F3-1  /D:2     /W-T6-1  /D:2     
/W-T3-1  /D:1     /W-F0-1  /T6-F0-1 /D:1     /W-T5-1  /D:2     /W-F2-1  /D:1     /W-T4-1  
/T3-T4-4 /T4-T3-7 /T4-F1-1 /T3-T4-8 /D:1     /W-T4-1  /R       /D:2     /W-T5-1  /D:1     
/W-F3-1  /T6-F3-1 /T5-F3-1 /T6-F2-1 /T6-F3-1 /T6-T1-1 /T6-T0-1 /T2-T1-1 /T5-F2-1 /T0-F2-1 
/T5-F3-1 /T0-F3-1 /T4-T5-3 /T4-F2-1 /T5-T4-4 /T5-F0-1 /T0-F2-1 /T4-T3-5 /T4-F2-1 /T2-T1-1 
/T3-T4-6 /D:1     /W-F1-1  /D:1     /W-T2-1  /D:2     /W-F1-1  /T5-F1-1 /T4-F1-1 /T6-T5-1 
/T6-F0-1 /T4-F0-1 /T6-F0-1 /T1-T6-5 /T5-T2-2 /R       /D:1     /W-F1-1  /T4-F1-1 /T4-F0-1 
/T4-F3-1 /T6-F1-1 /T6-F0-1 /T6-F3-1 /T2-F3-1 /T4-F0-1 /T6-F0-1 /T2-F0-1 /T6-F3-1 /T2-F3-1 
/T6-F0-1 /D:1     /W-F1-1  /T0-F1-1 /T0-F2-1 /T4-F1-1 /T0-F1-1 /T4-F2-1 /T0-F2-1 /T4-F1-1 
"
1051827,h#qk#Knw#Lpzr#QXCjl#ZIJuMb#eHAoiaV#sPcWxtDYTBvOgdUNySfmFGER,83.000000,696.000000,26.000000,0.867925,1,"
minimal: 0 / states: 116 / duration: 0.000129s
history:
/T6-T2-1 /T6-F1-1 /T5-F1-1 /T4-T5-1 /T2-T1-2 /T2-F2-1 /T4-T2-1 /T2-T5-2 /T5-T2-4 /T5-T1-1 
/T6-T5-1 /T6-F2-1 /T6-F0-1 /T6-T5-1 /D:3     /W-F1-1  /D:3     /W-T0-1  /D:1     /W-T6-1  
/D:2     /W-T1-1  /D:1     /W-F0-1  /T4-F0-1 /T5-T4-3 /T5-T2-1 /T6-F0-1 /T0-T2-2 /D:3     
/W-T4-1  /D:1     /W-F1-1  /T6-F1-1 /D:2     /W-F3-1  /D:1     /W-T5-1  /T1-T5-5 /D:1     
/W-T2-1  /T3-T2-1 /T3-T0-1 /T3-F2-1 /T4-T3-5 /T1-F2-1 /T2-F2-1 /D:1     /W-F1-1  /T3-F1-1 
/D:1     /W-T1-1  /T3-T1-5 /D:1     /W-T5-1  /D:2     /W-F0-1  /T5-F0-1 /W-F0-1  /T1-F0-1 
/D:1     /R       /D:1     /W-F2-1  /D:4     /W-T0-1  /W-T0-1  /W-T0-1  /D:1     /W-T0-1  
/T2-T0-3 /T2-F0-1 /D:1     /W-F3-1  /W-F3-1  /T4-F3-1 /D:2     /W-F3-1  /T0-F3-1 /T0-F2-1 
/T0-F1-1 /T5-F3-1 /T5-F2-1 /T1-F1-1 /W-F3-1  /T0-F2-1 /T2-F1-1 /T5-F3-1 /T0-F3-1 /T1-F0-1 
/T2-F0-1 /T5-F2-1 /T0-F2-1 /T1-F3-1 /T0-F3-1 /T5-F1-1 /T1-F0-1 /T2-F1-1 /T2-F0-1 /T5-F2-1 
/T0-F2-1 /T1-F1-1 /T5-F3-1 
"
1051840,f#Yn#uCD#gTNx#zMGmQ#FUJaAv#ikqBRZh#ecPWrbKXyVdLHSwjEptOIlso,140.000000,2101.000000,44.000000,0.608434,1,"
minimal: 0 / states: 122 / duration: 0.000138s
history:
/T1-F2-1  /T6-T5-1  /T3-T1-1  /T3-F3-1  /D:2      /W-T2-1   /D:2      /W-T1-1   /T5-T1-2  /T5-F0-1  
/T5-F1-1  /D:1      /W-T0-1   /T4-T0-1  /D:1      /W-F1-1   /T2-F1-1  /W-T2-1   /D:3      /W-T4-1   
/W-T4-1   /T5-T4-1  /D:1      /W-T4-1   /D:1      /W-F1-1   /D:1      /W-T6-1   /D:1      /W-T4-1   
/T3-T4-1  /D:5      /W-T0-1   /D:1      /W-T1-1   /T0-T1-4  /T6-T0-2  /T2-T6-2  /D:1      /W-F3-1   
/T6-F3-1  /D:3      /W-T3-1   /T6-T3-2  /T6-F0-1  /T2-F0-1  /T3-F0-1  /T6-T3-1  /T6-T0-1  /T2-T6-1  
/T4-T2-7  /T4-T5-1  /T1-T4-10 /T4-T1-11 /W-T4-1   /T3-T6-4  /D:1      /W-F2-1   /T1-F2-1  /T1-F3-1  
/T6-F2-1  /T1-F2-1  /T6-F3-1  /T6-F2-1  /T1-T5-1  /T1-F2-1  /R        /D:1      /W-F1-1   /T5-F1-1  
/T6-F1-1  /T1-F1-1  /T5-T1-2  /T6-F2-1  /T6-F1-1  /T5-T2-1  /D:1      /W-T4-1   /D:1      /W-F3-1   
/D:1      /W-T0-1   /D:1      /W-F1-1   /D:1      /W-F0-1   /T2-F0-1  /T1-F0-1  /T2-F3-1  /T1-F3-1  
/T1-F2-1  /T2-F0-1  /T2-F3-1  /T0-F2-1  /T0-F1-1  /T1-F3-1  /T1-F2-1  /T2-T0-2  /T2-F2-1  /T4-T1-1  
/T4-F1-1  /T2-F1-1  /T4-F2-1  /D:1      /W-F0-1   /T0-F0-1  /T0-F3-1  /T1-F0-1  /T0-F0-1  /T1-F3-1  
/T0-F3-1  /T1-F0-1  
"
1051912,z#Oo#NDm#EKXZ#dpcsf#QiPLvl#GwBTjyh#xqFIgbRCJYMWASVkueUtHnar,131.500000,1786.000000,58.000000,0.543011,1,"
minimal: 0 / states: 132 / duration: 0.000149s
history:
/T5-T0-1 /T6-T5-1 /T6-T2-1 /T5-T6-2 /T5-T3-1 /T1-T5-1 /D:1     /W-T0-1  /T6-T0-3 /D:2     
/W-T6-1  /D:4     /W-T6-1  /D:6     /W-F0-1  /D:3     /W-T2-1  /D:4     /W-T0-1  /T4-T0-1 
/D:2     /W-F2-1  /T5-F2-1 /D:1     /W-F1-1  /D:1     /W-T0-1  /R       /D:1     /W-T6-1  
/T5-T6-1 /D:3     /W-F1-1  /D:2     /W-T2-1  /T5-T2-1 /T5-T0-1 /T3-T5-2 /T3-T5-1 /W-T0-1  
/T1-T0-1 /T2-T1-5 /D:3     /W-T3-1  /D:3     /W-T1-1  /T6-T1-5 /T6-F0-1 /T6-T5-1 /W-T5-1  
/W-T6-1  /D:1     /W-T4-1  /T2-T4-1 /T2-F3-1 /T0-F3-1 /T0-F0-1 /T1-F3-1 /T0-F3-1 /T4-F0-1 
/T1-T4-1 /T1-F3-1 /T6-F3-1 /W-T2-1  /W-T2-1  /T3-T2-2 /T3-F0-1 /T1-F0-1 /T4-T1-3 /T4-F1-1 
/T4-F2-1 /T1-F2-1 /T4-F1-1 /T0-F2-1 /T1-F1-1 /T0-F1-1 /T1-F2-1 /T0-F2-1 /T1-F3-1 /T6-F0-1 
/W-F1-1  /T0-F1-1 /T1-F2-1 /T0-F2-1 /T1-F1-1 /T0-F1-1 /T5-T1-1 /T5-F2-1 /T0-F2-1 /T1-T5-2 
/T1-F1-1 /T0-F1-1 /T1-F2-1 /T0-F2-1 /T1-F1-1 /W-T2-1  /D:1     /W-F3-1  /T5-F3-1 /D:1     
/W-F0-1  /T2-F0-1 /T2-F3-1 /T5-F0-1 /T2-F0-1 /T5-F3-1 /T2-F3-1 /T5-F0-1 /T2-F0-1 /T5-F3-1 
"
1051917,x#UO#LKT#aEzn#seCBQ#ktDWjN#lRqJdMV#AHZiyXhbIgfFpmYrvowuSGcP,113.000000,1456.000000,45.000000,0.625000,1,"
minimal: 0 / states: 125 / duration: 0.000140s
history:
/T3-F2-1 /T5-F3-1 /T1-F3-1 /T5-T0-1 /D:1     /W-F0-1  /D:1     /W-T6-1  /T2-T6-1 /T5-T2-1 
/D:7     /W-T0-1  /T1-T0-1 /T3-T1-1 /T4-T3-1 /T4-F0-1 /T4-F0-1 /T5-F0-1 /T5-T0-1 /D:2     
/W-T0-1  /T3-T0-2 /T3-F1-1 /D:1     /W-T6-1  /T4-T6-1 /D:1     /W-T0-1  /D:1     /W-T3-1  
/D:1     /W-T1-1  /T2-T1-2 /T2-T3-1 /T5-T3-1 /D:2     /W-T1-1  /D:1     /W-F2-1  /T0-F2-1 
/D:1     /W-T3-1  /T6-T3-5 /T6-T2-1 /D:5     /W-F3-1  /T0-F3-1 /T6-T0-1 /R       /D:1     
/W-T5-1  /D:1     /W-T6-1  /D:1     /W-T5-1  /D:1     /W-T5-1  /T6-T5-2 /T6-F2-1 /T6-F3-1 
/T0-T6-8 /T6-T2-9 /D:1     /W-T1-1  /D:1     /W-F1-1  /D:2     /W-F2-1  /T4-F2-1 /D:1     
/W-T5-1  /W-T5-1  /D:1     /W-F3-1  /T3-T5-2 /T3-F3-1 /T2-T1-4 /T2-F3-1 /D:2     /W-F1-1  
/T1-F1-1 /T1-F0-1 /T5-F1-1 /T1-F1-1 /T1-F2-1 /T5-F0-1 /T5-F1-1 /T5-F2-1 /W-F0-1  /T1-F1-1 
/T1-F2-1 /T3-F0-1 /T2-F0-1 /T3-F3-1 /T1-F3-1 /T5-F1-1 /T2-F1-1 /T3-F2-1 /T2-F2-1 /T5-F0-1 
/T1-F0-1 /T3-F1-1 /T2-F1-1 /T5-F3-1 /T1-F3-1 /T3-F0-1 /T2-F0-1 /T5-F2-1 /T1-F2-1 /T3-F1-1 
/T5-F3-1 
"
1051928,v#BI#smO#Mqud#ioDLG#NAcEbj#XgCTtxp#rRhUPeaHkVWzfFynJSlKZYQw,91.500000,542.000000,46.000000,0.641975,1,"
minimal: 0 / states: 124 / duration: 0.000140s
history:
/T6-T3-1 /T5-T6-1 /T5-T3-1 /T3-T5-3 /T1-T6-1 /D:3     /W-T0-1  /T4-T0-1 /D:1     /W-T6-1  
/D:3     /W-F1-1  /T5-F1-1 /T2-T5-1 /T4-T2-1 /D:2     /W-T2-1  /D:4     /W-T0-1  /T5-T0-4 
/T5-F1-1 /T5-F0-1 /T1-F0-1 /T5-F3-1 /T0-F3-1 /T2-T1-3 /W-T5-1  /D:3     /W-F2-1  /D:1     
/W-T1-1  /D:2     /W-T5-1  /T6-T5-4 /T6-T5-1 /T6-T3-1 /T6-F0-1 /T4-F0-1 /T4-F2-1 /T0-F2-1 
/T0-F1-1 /T3-T4-2 /T3-F2-1 /T0-F0-1 /W-T5-1  /T2-T4-1 /T4-T1-4 /D:2     /W-T2-1  /D:1     
/W-T3-1  /W-T3-1  /W-T2-1  /W-F0-1  /W-T3-1  /T0-T3-4 /D:2     /R       /D:1     /W-F2-1  
/T1-F2-1 /D:2     /W-F3-1  /D:1     /W-F1-1  /T3-F1-1 /T6-F1-1 /T3-F0-1 /T3-F1-1 /T6-T2-1 
/D:1     /W-F0-1  /T5-T3-3 /T5-F0-1 /D:2     /W-F3-1  /D:1     /W-T2-1  /T1-T2-3 /T1-F0-1 
/R       /D:1     /W-F3-1  /T3-F3-1 /T2-F3-1 /T3-F2-1 /T2-F2-1 /T2-F1-1 /T3-F3-1 /T3-F2-1 
/T5-F1-1 /T1-F1-1 /T2-F2-1 /T5-F2-1 /T5-F1-1 /T2-T1-1 /T2-F2-1 /T5-F2-1 /T1-T2-2 /T1-F1-1 
/D:1     /W-F3-1  /T3-F3-1 /T2-F3-1 /T3-F0-1 /T2-F0-1 /T3-F3-1 /T2-F3-1 /T3-F0-1 
"
1051930,d#cv#nBF#XszE#kSGwl#hbtATa#IuKYfoO#jRmJWQPZMUDLgpxNeCHiVqyr,94.500000,1156.000000,52.000000,0.677419,1,"
minimal: 0 / states: 129 / duration: 0.000160s
history:
/T5-F1-1 /T2-T5-1 /T0-T3-1 /D:2     /W-T5-1  /D:1     /W-T0-1  /D:7     /W-T1-1  /D:1     
/W-T5-1  /D:1     /W-T0-1  /D:2     /W-T3-1  /T6-T3-1 /D:1     /W-T4-1  /D:1     /W-F3-1  
/T3-F3-1 /D:8     /R       /D:1     /W-T4-1  /T1-T4-2 /T6-T1-1 /T3-T6-3 /T4-T3-5 /T1-T5-2 
/T3-T1-6 /D:4     /W-F3-1  /W-F3-1  /D:4     /W-T3-1  /T5-T3-3 /T5-F3-1 /D:3     /W-T4-1  
/W-T4-1  /T5-T4-2 /T5-F0-1 /T2-F0-1 /T2-F2-1 /T3-F2-1 /T6-T5-4 /T5-T1-5 /T5-F1-1 /T1-F2-1 
/T3-F1-1 /W-F0-1  /T1-F1-1 /T3-F0-1 /T1-F0-1 /T3-F1-1 /T4-F0-1 /T3-T4-1 /T4-T3-5 /T4-F0-1 
/T4-F3-1 /T1-F1-1 /W-F1-1  /W-T2-1  /T6-T2-1 /T6-T2-1 /T5-F1-1 /T3-T6-2 /T3-F0-1 /T6-T3-3 
/T6-F0-1 /W-T5-1  /W-T2-1  /W-F0-1  /T3-T0-6 /D:2     /W-F2-1  /D:1     /W-T5-1  /T4-T5-1 
/D:1     /W-F2-1  /T0-F2-1 /T0-F3-1 /T1-F2-1 /T0-F2-1 /T0-F1-1 /T1-F3-1 /T1-F2-1 /T1-F1-1 
/W-F3-1  /T0-F2-1 /T2-F3-1 /T0-F3-1 /T1-F2-1 /T2-F0-1 /T2-F3-1 /T5-F1-1 /T0-F0-1 /T1-F1-1 
/T2-F0-1 /T5-F2-1 /T0-F1-1 /T1-F2-1 /T5-F3-1 
"
1051945,c#uw#qFY#WOUy#kZePR#vIbCax#BiQXHNt#lAsDfpmdVgLKhMrTGjnJSEoz,94.500000,620.000000,37.000000,0.787879,1,"
minimal: 0 / states: 117 / duration: 0.000133s
history:
/T5-T2-1 /T5-F1-1 /D:2     /W-F0-1  /D:2     /W-T4-1  /T0-T4-1 /D:1     /W-T6-1  /D:2     
/W-T0-1  /T3-T0-1 /T6-T3-2 /T6-F3-1 /D:2     /W-T1-1  /T6-T1-1 /T6-T0-1 /T5-T6-1 /T5-F1-1 
/T3-T5-3 /T3-F3-1 /T1-T0-3 /T5-T3-4 /T4-F1-1 /W-F1-1  /T3-T2-5 /D:1     /W-T0-1  /D:3     
/W-T5-1  /D:1     /W-T3-1  /T2-T3-7 /T4-T2-2 /T4-F3-1 /T4-F1-1 /T2-T0-3 /T3-F1-1 /D:2     
/W-T1-1  /T0-T1-3 /T0-F1-1 /T5-F1-1 /D:3     /W-F2-1  /D:2     /W-T3-1  /D:1     /W-T3-1  
/T6-T3-2 /T6-F1-1 /T6-F0-1 /T3-F0-1 /T1-F0-1 /T4-T6-1 /T3-F3-1 /T3-F0-1 /T1-F3-1 /T1-F0-1 
/T3-F3-1 /T1-F3-1 /W-T4-1  /W-F1-1  /W-F0-1  /T0-F0-1 /T3-T5-2 /T3-F0-1 /T4-F0-1 /T4-F1-1 
/T1-T0-1 /T5-T3-3 /D:1     /W-F2-1  /D:1     /W-T1-1  /R       /D:1     /W-F1-1  /T0-T6-5 
/T0-F1-1 /D:2     /W-F2-1  /T2-F2-1 /D:2     /W-F0-1  /W-F0-1  /T3-T1-6 /T3-F0-1 /D:1     
/W-F2-1  /W-F2-1  /T1-F2-1 /T1-F3-1 /T6-F2-1 /T1-F2-1 /T6-F3-1 /T1-F3-1 /T6-F2-1 /T1-F2-1 
/T6-F3-1 /T1-F3-1 /T6-F2-1 /T1-F2-1 /T6-F3-1 
"
1051999,P#lJ#DUC#MVHz#BvbuW#jtxfGY#IrTkQgA#sRedNSinFOaZcEwKpmhLXyqo,139.000000,2184.000000,48.000000,0.598837,1,"
minimal: 0 / states: 123 / duration: 0.000141s
history:
/T6-F0-1 /T5-T3-1 /D:1     /W-T6-1  /D:1     /W-T6-1  /D:3     /W-F3-1  /D:1     /W-T5-1  
/D:1     /W-T1-1  /D:1     /W-F2-1  /D:2     /W-F3-1  /T0-F3-1 /T3-T0-2 /T6-T3-3 /T6-F3-1 
/T3-T1-4 /T1-T6-6 /T6-F3-1 /T5-F3-1 /D:1     /W-F1-1  /D:5     /W-T0-1  /T4-T0-1 /T4-T3-1 
/T4-F1-1 /T4-T0-1 /T4-F0-1 /T2-F0-1 /T5-T2-1 /T5-T2-1 /T5-T1-1 /T2-T0-3 /T2-F0-1 /D:2     
/W-T2-1  /D:2     /W-T2-1  /T6-T2-6 /T6-F3-1 /T6-T0-1 /W-T6-1  /T5-T6-1 /T5-T1-1 /T6-T1-3 
/D:4     /W-F2-1  /R       /D:1     /W-T2-1  /D:1     /W-T0-1  /D:2     /W-T4-1  /D:1     
/W-F1-1  /T0-F1-1 /T2-F1-1 /D:1     /W-F0-1  /W-F0-1  /T0-T1-2 /T0-F0-1 /T0-F3-1 /T2-T3-2 
/T2-F0-1 /T3-T2-3 /T3-F3-1 /T1-T0-4 /T1-F0-1 /T0-T1-5 /T0-F3-1 /T1-T3-8 /D:2     /W-F2-1  
/D:1     /W-F3-1  /D:1     /W-T4-1  /D:1     /W-F2-1  /T3-F2-1 /T2-F2-1 /T3-F1-1 /T2-F1-1 
/T3-F2-1 /T2-F2-1 /T3-F1-1 /T2-F1-1 /T2-F0-1 /T3-F2-1 /T3-F1-1 /T0-F0-1 /W-F2-1  /T2-F1-1 
/T2-F0-1 /T3-F2-1 /T0-F3-1 /T3-F1-1 /T3-F0-1 /T4-F2-1 /T0-F2-1 /T2-F1-1 /T4-F3-1 
"
1060650,W#rk#OKM#xiug#LYPAw#NnhTQs#lUFEZfm#evyGDtdbSoqpHBVcRJCXIzja,126.500000,1078.000000,44.000000,0.611765,1,"
minimal: 0 / states: 129 / duration: 0.000138s
history:
/T5-T3-1  /T4-T1-1  /T4-F0-1  /D:1      /W-T3-1   /D:1      /W-T0-1   /D:1      /W-T6-1   /T1-T6-2  
/T5-T1-1  /D:2      /W-T3-1   /T4-T3-1  /T4-T2-1  /D:5      /W-T3-1   /D:2      /W-T1-1   /D:2      
/W-F0-1   /D:1      /W-T6-1   /W-T6-1   /T3-T6-6  /T5-T3-1  /T5-T0-1  /T5-F2-1  /T5-F3-1  /T6-F2-1  
/T6-T5-11 /T1-T6-3  /T2-T1-2  /T2-T1-1  /T2-F3-1  /T5-F3-1  /T6-F2-1  /T6-F3-1  /W-F2-1   /T6-F2-1  
/T0-T1-3  /D:1      /W-T5-1   /D:1      /W-F3-1   /W-F3-1   /T3-F3-1  /D:2      /W-F0-1   /D:1      
/W-T4-1   /W-T4-1   /D:2      /W-T0-1   /D:2      /W-F1-1   /R        /D:1      /W-T1-1   /T6-T1-1  
/T6-T2-1  /T6-T1-1  /F3-T3-1  /T6-T3-1  /T5-T3-3  /T5-F2-1  /T3-T5-4  /T3-F3-1  /T6-F3-1  /T4-T2-3  
/T6-T0-1  /D:1      /W-F2-1   /T3-F2-1  /T3-T2-1  /T5-T2-6  /T5-F3-1  /T3-T0-1  /D:1      /W-T1-1   
/D:1      /W-F1-1   /T2-F1-1  /T1-F1-1  /T2-F0-1  /T1-F0-1  /T2-F1-1  /T1-F1-1  /T2-F0-1  /T1-F0-1  
/T2-F1-1  /T1-F1-1  /T1-F2-1  /T2-F0-1  /T2-F1-1  /T5-F2-1  /T0-F2-1  /T1-F3-1  /T2-T5-1  /T2-F3-1  
/T1-T0-1  /T1-F3-1  /T5-T2-2  /T5-F2-1  /T0-T1-2  /T0-F2-1  /T2-T5-3  /T2-F3-1  /D:1      /W-F0-1   
/T5-F0-1  /T1-F0-1  /D:1      /W-F1-1   /T5-F1-1  /T1-F1-1  /T5-F0-1  /T1-F0-1  /T5-F1-1  
"
1060753,C#ma#cXH#xgJB#RbpWz#qwjdkS#lyQDPNF#hsufLMOAZroTKVIitvneUEGY,112.500000,1131.000000,49.000000,0.642857,1,"
minimal: 0 / states: 120 / duration: 0.000146s
history:
/T1-F1-1 /D:5     /W-T1-1  /D:2     /W-T0-1  /D:1     /W-F0-1  /T3-F0-1 /D:2     /W-T5-1  
/D:2     /W-T2-1  /T6-T2-1 /T6-F3-1 /T0-F3-1 /T6-F3-1 /T0-F0-1 /T6-F0-1 /T6-F3-1 /T4-T0-1 
/D:2     /W-T3-1  /T2-T3-3 /T3-T2-5 /T2-T1-6 /D:1     /W-T4-1  /D:4     /W-F2-1  /D:1     
/W-T1-1  /D:1     /W-T4-1  /D:1     /W-F0-1  /D:1     /W-T4-1  /T5-T4-2 /T5-T6-1 /T5-T4-1 
/W-T5-1  /D:1     /W-T0-1  /R       /D:1     /W-T5-1  /D:1     /W-T3-1  /T1-T3-1 /T1-F0-1 
/D:5     /W-F2-1  /D:1     /W-T0-1  /T4-T0-7 /T4-F2-1 /T4-F1-1 /T2-F1-1 /T0-F1-1 /W-T2-1  
/T6-T2-2 /T3-F1-1 /T4-F3-1 /W-T4-1  /W-F1-1  /T3-T1-1 /T3-F1-1 /T5-T3-3 /T5-T2-1 /T5-F2-1 
/T0-F2-1 /T0-F3-1 /T0-F0-1 /T1-F2-1 /T1-F3-1 /T1-F0-1 /T0-F3-1 /T0-F0-1 /T1-F3-1 /T0-F3-1 
/T1-F0-1 /T0-F0-1 /T1-F3-1 /T0-F3-1 /T1-F0-1 /T3-F1-1 /T4-F0-1 /T2-T1-3 /T2-F3-1 /T3-T6-3 
/T6-T0-4 /D:1     /W-F1-1  /D:1     /W-F2-1  /W-F2-1  /T0-F2-1 /T0-F1-1 /T1-F2-1 /T0-F2-1 
/T1-F1-1 /T0-F1-1 /T1-F2-1 /T0-F2-1 /T1-F1-1 
"
1061080,t#qe#ilF#COrh#gzdWm#nSHbsM#vKTBcwx#AGkaYZQpDLPofRyJIVUujXEN,97.500000,1197.000000,46.000000,0.635135,1,"
minimal: 0 / states: 126 / duration: 0.000138s
history:
/T1-T2-1 /T0-T3-1 /T5-T0-1 /T1-T2-1 /T4-T1-1 /T4-T6-1 /D:1     /W-F0-1  /D:3     /W-F1-1  
/D:1     /W-T0-1  /T6-T0-2 /D:3     /W-T4-1  /D:2     /W-T1-1  /D:1     /W-T2-1  /D:1     
/W-T2-1  /D:1     /W-T3-1  /D:1     /W-T5-1  /W-T5-1  /D:3     /W-T0-1  /T3-T0-3 /T3-T0-1 
/T4-T0-2 /T3-T0-1 /D:1     /W-T6-1  /D:2     /W-T6-1  /D:2     /W-T1-1  /T6-T1-3 /T6-T5-1 
/T6-F0-1 /T5-T6-4 /T5-F1-1 /T6-T1-5 /T1-F1-1 /T3-F0-1 /T4-T3-1 /T2-T4-5 /T2-T3-1 /T5-T2-1 
/T6-T3-1 /T1-F0-1 /W-T3-1  /W-T6-1  /T4-T2-6 /T6-T3-2 /D:1     /W-F0-1  /D:1     /W-F3-1  
/T0-F3-1 /R       /D:1     /W-T3-1  /T5-T3-1 /T5-F2-1 /T2-F2-1 /T0-F2-1 /T0-F1-1 /T2-F3-1 
/T2-F2-1 /T2-F1-1 /T0-F2-1 /T0-F1-1 /T2-F0-1 /T2-F1-1 /T3-T0-1 /T3-F0-1 /T2-F0-1 /T0-T3-2 
/T0-F1-1 /T0-F0-1 /T2-F1-1 /T3-T0-4 /T3-F1-1 /D:1     /W-F1-1  /D:1     /W-T2-1  /D:1     
/W-F3-1  /T1-F3-1 /T0-F3-1 /T1-F2-1 /T0-F2-1 /T1-F3-1 /T0-F3-1 /T1-F2-1 /T0-F2-1 /T1-F3-1 
/T0-F3-1 /T1-F2-1 /T0-F2-1 /T1-F3-1 /T0-F3-1 /T2-F3-1 /D:1     /W-F2-1  /T3-T0-2 /T3-F2-1 
/D:1     /W-F0-1  /T0-F0-1 /T0-F1-1 /T1-F0-1 /T0-F0-1 /T1-F1-1 
"
1061375,j#gZ#XaT#klYh#QOGdn#tmUWpo#HzVENRy#AMuqBfLSKcDPFwiCxJsvIrbe,111.500000,2851.000000,49.000000,0.583333,1,"
minimal: 0 / states: 132 / duration: 0.000153s
history:
/T4-F2-1  /T5-F2-1  /T5-F2-1  /T6-T1-1  /D:1      /W-F0-1   /D:3      /W-F2-1   /D:1      /W-F0-1   
/D:6      /W-T6-1   /W-T6-1   /D:2      /W-T2-1   /T6-T2-3  /T6-F3-1  /T4-T6-1  /T4-T3-1  /T4-F3-1  
/W-F3-1   /T4-F3-1  /T1-T4-2  /D:3      /W-F0-1   /D:3      /W-T1-1   /D:1      /W-T0-1   /T3-T0-2  
/D:1      /W-T5-1   /D:1      /W-F2-1   /T1-F2-1  /D:2      /R        /D:3      /W-T0-1   /T6-T0-2  
/W-T6-1   /T2-T6-5  /T2-F1-1  /T2-T4-1  /W-T2-1   /T3-T2-1  /D:3      /W-T2-1   /T5-T2-2  /T5-T2-1  
/D:1      /W-T4-1   /T6-T4-7  /T3-T6-1  /D:2      /W-T6-1   /T0-T6-7  /T5-T0-1  /T5-T2-1  /T6-T5-10 
/T2-F2-1  /T4-T6-5  /T4-F2-1  /T6-T4-6  /D:1      /W-T3-1   /W-T3-1   /D:1      /W-F1-1   /T4-F1-1  
/T4-F0-1  /T4-F3-1  /T5-F1-1  /T5-F0-1  /W-F3-1   /T4-F0-1  /T4-F3-1  /T2-F3-1  /T4-T3-1  /T4-F3-1  
/T5-T2-3  /T5-F2-1  /T4-F2-1  /T2-T5-4  /T2-F3-1  /T4-F3-1  /T5-T2-5  /T5-F2-1  /T4-F2-1  /T2-T5-6  
/T2-F3-1  /T4-F3-1  /T5-T2-7  /T5-F2-1  /W-T0-1   /T1-T3-1  /T3-T0-5  /D:1      /W-F1-1   /T2-F1-1  
/T0-F1-1  /T2-F0-1  /T0-F0-1  /T2-F1-1  /T0-F1-1  /T2-F0-1  /T0-F0-1  /T2-F1-1  /T0-F1-1  /T2-F0-1  
/T0-F0-1  /T2-F1-1  /T0-F1-1  /T2-F0-1  
"
1061461,Z#DA#KSp#bTLi#HyEWC#VwzaRB#QeqcfFj#oOYuJnmUsdXIMxtNGhgPvklr,165.000000,5995.000000,69.000000,0.508621,1,"
minimal: 0 / states: 136 / duration: 0.000158s
history:
/T1-F0-1 /T5-F0-1 /T4-F0-1 /T1-F0-1 /D:2     /W-T2-1  /D:2     /W-T3-1  /D:2     /W-F2-1  
/D:1     /W-T1-1  /D:5     /W-T4-1  /D:4     /W-F3-1  /T2-F3-1 /D:2     /W-T4-1  /W-T4-1  
/D:1     /W-T3-1  /D:1     /W-F3-1  /D:1     /W-T6-1  /D:3     /R       /D:1     /W-F2-1  
/T2-F2-1 /T2-T4-1 /T6-T2-2 /T6-T3-1 /T5-T3-1 /T5-F1-1 /D:1     /W-T5-1  /T2-T5-3 /T5-T2-5 
/T3-T5-5 /T3-T0-1 /D:2     /W-T2-1  /D:1     /W-T3-1  /D:2     /W-T0-1  /T5-T0-6 /D:3     
/W-T2-1  /T6-T2-1 /F0-T0-1 /T6-T0-1 /T6-F2-1 /T6-T3-1 /T6-F3-1 /T0-T3-2 /T0-F3-1 /T4-F3-1 
/D:3     /W-F2-1  /T3-T0-3 /T3-F2-1 /T3-F3-1 /T3-F1-1 /T0-F1-1 /T0-F0-1 /T2-T4-1 /T2-F2-1 
/T2-F3-1 /T5-F3-1 /R       /D:2     /W-F1-1  /T0-F1-1 /T4-F1-1 /D:1     /W-T3-1  /D:3     
/W-T3-1  /R       /D:2     /W-T3-1  /T4-T3-4 /T4-F0-1 /T0-F0-1 /T0-F1-1 /T0-F2-1 /T3-F0-1 
/T3-F1-1 /T2-F2-1 /T4-T1-1 /T4-F0-1 /T0-F1-1 /T0-F2-1 /T3-F0-1 /T2-F1-1 /T3-F3-1 /T3-F2-1 
/W-F0-1  /T0-F3-1 /T2-F0-1 /T2-F3-1 /T0-F0-1 /T0-F3-1 /T1-F2-1 /T2-F2-1 /D:1     /W-F1-1  
/T3-F1-1 /T1-F1-1 /T3-F0-1 
"
1061509,d#NT#AZl#igsO#RmeoC#QkxSBX#MYGjKby#cFWrUJhvEpVaHIPtDfLqznuw,175.000000,1378.000000,57.000000,0.556522,1,"
minimal: 0 / states: 132 / duration: 0.000153s
history:
/T5-T6-1  /T4-T0-1  /T3-T0-1  /T3-T1-1  /D:2      /W-T3-1   /D:4      /W-T6-1   /D:5      /W-T6-1   
/D:1      /W-F1-1   /D:1      /W-T6-1   /T1-T6-2  /T1-F3-1  /T0-F3-1  /D:2      /W-F3-1   /D:6      
/W-T1-1   /T2-T1-1  /T6-T2-7  /T6-F1-1  /T6-T1-1  /T6-T1-1  /D:1      /W-F2-1   /T4-F2-1  /T4-T2-1  
/W-T2-1   /F3-T2-1  /T5-T2-1  /T5-T6-1  /W-T4-1   /D:2      /R        /D:1      /W-F1-1   /D:1      
/W-T5-1   /D:1      /W-T6-1   /T0-T6-2  /T2-T0-12 /T2-F0-1  /T0-F0-1  /T0-F3-1  /T6-F0-1  /T4-T2-2  
/T6-F1-1  /T0-T4-1  /T0-F1-1  /T4-T0-2  /D:3      /W-T1-1   /W-T1-1   /T6-T1-3  /T5-T6-2  /T5-T2-1  
/T5-F3-1  /D:2      /W-F2-1   /T0-F2-1  /T1-F2-1  /T0-F3-1  /T0-F2-1  /T1-F3-1  /T0-F3-1  /T3-T0-2  
/D:1      /W-T6-1   /D:1      /W-F2-1   /D:1      /W-F0-1   /W-F0-1   /T0-F0-1  /T1-F0-1  /W-F3-1   
/T0-T3-2  /T0-F3-1  /T3-T0-3  /D:1      /W-F1-1   /T0-F1-1  /T0-F0-1  /T1-F1-1  /T6-F0-1  /T0-F1-1  
/T0-F0-1  /T6-F3-1  /T0-F3-1  /T1-T6-2  /T1-F0-1  /T6-T1-3  /T6-F3-1  /T2-T0-1  /T2-F0-1  /T6-F0-1  
/T0-T2-2  /T0-F3-1  /D:1      /W-F2-1   /T1-F2-1  /T1-F1-1  /T2-F1-1  /D:1      /W-F2-1   /T1-F2-1  
/T1-F1-1  /T2-F2-1  /T1-F2-1  /T2-F1-1  
"
1061540,a#uf#HJL#jsBq#gemiv#AVoOXQ#GFcCyNb#pxwzPUEDISdWMtZKYlhTrRnk,111.500000,385.000000,51.000000,0.606796,0,"
minimal: 0 / states: 325728 / duration: 0.664591s
history:
/T0-F1-1 /T6-F1-1 /T6-F3-1 /D:5     /W-T3-1  /D:1     /W-T4-1  /D:8     /W-T4-1  /D:1     
/W-T0-1  /D:6     /W-T1-1  /T5-T1-1 /T5-T2-1 /T5-F3-1 /T3-F3-1 /T1-F3-1 /D:1     /W-F3-1  
/D:1     /W-F2-1  /T5-F2-1 /T2-T0-2 /D:1     /R       /D:1     /W-F2-1  /T3-F2-1 /T1-F2-1 
/T5-T2-1 /T5-F0-1 /T3-F0-1 /T3-F2-1 /T4-F2-1 /T4-T3-2 /D:2     /W-T0-1  /T4-T0-1 /T6-T4-1 
/T6-F0-1 /T6-F1-1 /D:3     /W-F0-1  /D:2     /W-F3-1  /D:1     /W-F1-1  /T4-T5-2 /T4-F1-1 
/T1-F1-1 /T4-F1-1 /D:2     /W-T4-1  /T1-F2-1 /D:2     /W-T4-1  /D:2     /W-F1-1  /T0-F1-1 
/D:1     /W-F3-1  /T3-F3-1 /T2-F3-1 /T3-F2-1 /T0-F2-1 /T3-F1-1 /D:1     /W-F1-1  /R       
/D:1     /W-F2-1  /T5-F2-1 /D:1     /W-F2-1  /D:1     /W-F0-1  /T6-F0-1 /T6-F0-1 /T2-T0-1 
/T2-F0-1 /D:1     /W-F0-1  /T0-F0-1 /D:1     /W-F3-1  /T0-F3-1 /T4-F3-1 /D:1     /W-F0-1  
/T0-F0-1 /T0-F3-1 /T4-F0-1 /D:1     /W-F1-1  /T5-F1-1 
"
1061755,a#IW#USG#dqfT#NFyVr#XEtueH#vigoOcp#MzwYRlZQPxJkDbmLhACjsnKB,142.500000,2659.000000,46.000000,0.622222,1,"
minimal: 0 / states: 124 / duration: 0.000120s
history:
/T0-F1-1 /T3-T5-1 /T4-T3-1 /T5-T4-2 /T3-T2-2 /T3-T5-1 /T6-T3-1 /T6-T5-1 /T6-T3-1 /T6-T5-1 
/T3-T2-3 /D:1     /W-T0-1  /D:1     /W-T3-1  /D:2     /W-T0-1  /D:2     /W-T3-1  /D:4     
/W-T0-1  /T1-T0-1 /T1-T0-1 /D:4     /W-F1-1  /D:1     /W-T1-1  /D:1     /W-T1-1  /D:1     
/W-T0-1  /T2-T0-6 /D:1     /W-F0-1  /D:3     /W-T4-1  /T5-T4-4 /T6-T5-1 /T5-T6-2 /T2-T5-1 
/T5-T2-2 /T5-T2-1 /T5-T1-1 /D:1     /W-F2-1  /T4-F2-1 /T4-F1-1 /D:1     /W-T3-1  /W-T3-1  
/D:1     /W-F0-1  /W-F0-1  /W-F0-1  /T2-F0-1 /R       /D:1     /W-T1-1  /T4-T1-6 /D:2     
/W-T5-1  /T4-T5-1 /T4-F0-1 /T4-F3-1 /T0-F3-1 /T0-F2-1 /T0-F1-1 /T1-F2-1 /T1-F1-1 /T0-F2-1 
/T0-F1-1 /T0-F0-1 /T1-F2-1 /T6-F1-1 /T0-F1-1 /T1-T6-1 /T1-F0-1 /T6-T1-2 /T6-F1-1 /T0-F0-1 
/T3-F1-1 /T2-T6-3 /T6-T0-4 /D:2     /W-F3-1  /W-F3-1  /W-F3-1  /T0-F3-1 /T0-F2-1 /T1-F3-1 
/T0-F3-1 /T1-F2-1 /T0-F2-1 /T1-F3-1 /T0-F3-1 /T1-F2-1 /T0-F2-1 /T1-F3-1 /T0-F3-1 /T5-F2-1 
/T5-F3-1 /T3-T0-2 /T3-F2-1 /D:1     /W-F0-1  /T0-F0-1 /T1-F0-1 /D:1     /W-F1-1  /T0-F1-1 
/T0-F0-1 /T1-F1-1 
"
1061907,F#yJ#MzZ#UGKP#mikXb#EQfhcw#vRranVj#SloAYdsCIxtWuOpNDBqTegLH,75.500000,1535.000000,56.000000,0.606742,1,"
minimal: 0 / states: 135 / duration: 0.000132s
history:
/D:3     /W-T3-1  /D:1     /W-F0-1  /D:5     /W-T6-1  /D:7     /W-F3-1  /D:2     /W-F0-1  
/D:3     /W-T0-1  /D:2     /W-T2-1  /D:1     /R       /D:6     /W-F0-1  /D:5     /W-F3-1  
/D:2     /W-T0-1  /T3-T0-2 /T6-T3-2 /T6-T1-1 /T6-F2-1 /T0-F2-1 /T0-F3-1 /T6-F1-1 /T4-F1-1 
/W-F2-1  /T5-T4-1 /T5-F1-1 /T0-F0-1 /T4-T2-2 /T5-T3-1 /T6-T5-1 /T1-T4-2 /T4-T1-3 /T4-T2-1 
/T1-T4-4 /T2-T1-5 /W-T1-1  /D:1     /W-F2-1  /T5-F2-1 /D:1     /W-T1-1  /T0-T1-2 /T2-T0-1 
/D:2     /W-T4-1  /W-T4-1  /R       /D:2     /W-T0-1  /T3-T0-4 /T5-T3-1 /T5-F3-1 /T6-F3-1 
/T3-T0-2 /T5-F0-1 /W-F3-1  /T1-T4-2 /T1-F3-1 /T3-F3-1 /D:1     /W-T2-1  /D:1     /W-F1-1  
/T4-F1-1 /T0-F1-1 /T4-F0-1 /T0-F0-1 /T4-F1-1 /T4-F0-1 /T0-F1-1 /T0-F0-1 /T4-F3-1 /T4-F0-1 
/T6-T0-1 /D:1     /W-F2-1  /D:1     /W-T2-1  /T0-T2-2 /T0-F0-1 /D:1     /W-F2-1  /T1-F2-1 
/T1-F1-1 /T2-F2-1 /T1-F2-1 /T2-F1-1 /T4-F1-1 /T0-F1-1 /T2-F2-1 /T4-F2-1 /T0-F2-1 /T4-F1-1 
/D:1     /W-F3-1  /T1-F3-1 /T1-F0-1 /T2-F3-1 /T1-F3-1 /T2-F0-1 
"
1061912,i#kp#yQd#ecFV#LamRY#hKbzqM#SjDHwPg#sTfGnrUoEWvtJXBOAxINZCul,114.000000,3350.000000,64.000000,0.547619,1,"
minimal: 0 / states: 137 / duration: 0.000139s
history:
/T4-T5-1 /T1-T2-1 /D:1     /W-T6-1  /T4-T6-1 /D:4     /W-F2-1  /D:3     /W-F2-1  /T2-F2-1 
/D:5     /W-T1-1  /T3-T1-1 /D:4     /W-F0-1  /D:1     /W-T5-1  /D:2     /W-F3-1  /D:2     
/W-T2-1  /D:1     /W-T0-1  /T6-T0-3 /D:1     /R       /D:7     /W-T5-1  /D:1     /W-T5-1  
/D:3     /W-F0-1  /T2-F0-1 /D:1     /W-F3-1  /T6-F3-1 /T0-T6-5 /T5-T0-5 /T5-F2-1 /D:3     
/W-T5-1  /R       /D:4     /W-F2-1  /T6-T3-1 /T6-F2-1 /T3-T6-2 /D:1     /W-T0-1  /W-T0-1  
/W-T0-1  /D:1     /W-T0-1  /T2-T0-1 /T2-F3-1 /T1-T2-3 /T5-T1-2 /T2-T4-4 /T4-T2-5 /T4-F1-1 
/T5-F1-1 /T3-F1-1 /T0-F1-1 /T5-T1-1 /T3-F1-1 /T6-F3-1 /D:1     /W-F2-1  /D:1     /W-T4-1  
/T6-T4-5 /T6-T2-1 /T6-F0-1 /T0-F0-1 /T0-F1-1 /T4-F0-1 /T4-F1-1 /T6-T1-1 /T6-F3-1 /T0-F0-1 
/T5-F1-1 /W-F3-1  /T0-F3-1 /T2-F0-1 /T4-F2-1 /T0-F2-1 /T2-F3-1 /T4-F1-1 /T4-F2-1 /T0-F3-1 
/T0-F2-1 /T1-F1-1 /T4-F3-1 /T0-F3-1 /T2-T4-2 /T2-F2-1 /T1-T0-2 /T1-F2-1 /T4-T2-3 /D:1     
/W-F0-1  /T2-F0-1 /T0-F0-1 /T2-F1-1 /T0-F1-1 /T2-F0-1 /T0-F0-1 /T2-F1-1 /D:1     /W-F3-1  
"
1061935,D#jT#ECH#pGNV#XSUBa#yvAlxc#wsqfOMR#bkgmzdiPrnFYJIoZuQhteKLW,123.500000,1921.000000,60.000000,0.549451,1,"
minimal: 0 / states: 135 / duration: 0.000127s
history:
/T4-F1-1 /T5-T0-1 /T4-T0-1 /T2-T3-1 /T1-T3-1 /T0-T6-3 /T1-T5-1 /D:1     /W-F1-1  /D:3     
/W-T0-1  /D:1     /W-T1-1  /D:5     /W-F2-1  /D:1     /W-T3-1  /T6-T3-4 /D:1     /W-T1-1  
/T5-T1-2 /T5-T6-1 /T5-F0-1 /T3-F0-1 /T2-F0-1 /T4-T5-1 /T5-T1-2 /T2-T4-1 /T6-T2-2 /T3-F1-1 
/T3-F0-1 /T4-F0-1 /W-T4-1  /T5-T0-1 /D:3     /W-F2-1  /D:1     /W-T5-1  /D:2     /W-T4-1  
/D:2     /W-T1-1  /T4-T1-3 /T4-T0-1 /D:2     /W-T2-1  /D:1     /W-T5-1  /D:1     /W-T2-1  
/R       /D:1     /W-T5-1  /D:2     /W-F1-1  /D:3     /W-T0-1  /T3-T0-5 /T3-F3-1 /T6-F3-1 
/W-F3-1  /T6-T3-1 /T6-T0-1 /T1-F3-1 /T0-T6-2 /T0-F0-1 /T6-T0-3 /W-T6-1  /T6-T5-2 /D:1     
/W-T2-1  /D:1     /W-T5-1  /W-T5-1  /D:1     /W-T2-1  /T3-T2-2 /T3-F2-1 /T0-F2-1 /T0-F3-1 
/T1-F2-1 /T1-F3-1 /T0-F2-1 /T0-F3-1 /T1-F2-1 /T1-F3-1 /T5-T0-1 /T5-F2-1 /T1-F2-1 /T0-T5-2 
/T0-F3-1 /T2-T1-4 /T2-F3-1 /T5-T0-3 /T5-F2-1 /T0-T5-4 /T0-F3-1 /T1-T2-5 /T1-F2-1 /T0-F2-1 
/T1-F3-1 /T1-F2-1 /T5-T0-6 /T5-F3-1 /D:1     /W-F1-1  /T2-F1-1 /T0-F1-1 /T2-F0-1 /T0-F0-1 
/T2-F1-1 /T0-F1-1 /T2-F0-1 /T0-F0-1 /T2-F1-1 /T0-F1-1 /T2-F0-1 /T0-F0-1 /T2-F1-1 /T0-F1-1 
/T2-F0-1 
"
1070641,P#VG#ueR#gtOX#LmrDJ#dCzlka#IQEcvWb#THYniAMpsBfFZyhqKSNowUjx,115.000000,932.000000,51.000000,0.584211,1,"
minimal: 0 / states: 118 / duration: 0.000137s
history:
/T5-F1-1 /T6-F1-1 /T4-T3-1 /T4-T2-1 /T0-T2-1 /D:4     /W-F2-1  /D:1     /W-T3-1  /D:1     
/W-F0-1  /D:1     /W-T0-1  /W-T0-1  /W-T3-1  /W-T3-1  /D:2     /W-T3-1  /T2-T3-3 /D:1     
/W-F0-1  /D:1     /W-T1-1  /T4-T1-1 /D:3     /W-T4-1  /T5-T4-1 /D:2     /W-T2-1  /D:1     
/W-T0-1  /T6-T0-1 /T6-T0-1 /T6-F1-1 /W-T0-1  /T1-T0-3 /D:2     /W-F3-1  /D:1     /W-F2-1  
/D:1     /W-T4-1  /T1-T4-1 /T4-T1-5 /T3-T4-9 /T3-F3-1 /T4-F3-1 /W-T3-1  /T6-T3-1 /T6-F3-1 
/D:1     /W-T6-1  /T3-T6-3 /D:2     /W-T5-1  /W-T5-1  /T6-T5-5 /W-T6-1  /W-T3-1  /W-F2-1  
/T2-F2-1 /T2-T3-1 /T0-F2-1 /T4-T3-1 /T4-F3-1 /T4-F2-1 /T5-T0-1 /T5-F3-1 /T4-F3-1 /T5-F2-1 
/T2-F2-1 /T5-F3-1 /T1-F3-1 /T0-T5-4 /T0-F2-1 /T0-F3-1 /T1-F2-1 /T5-T0-6 /T5-F2-1 /T4-T1-3 
/T4-F3-1 /T0-T5-7 /T0-F3-1 /T5-T0-8 /T5-T2-1 /T5-F0-1 /T3-F0-1 /T5-F1-1 /T0-F0-1 /T3-F1-1 
/T0-F1-1 /T3-F0-1 /T0-F0-1 /T3-F1-1 /T0-F1-1 /T1-F0-1 /T0-F0-1 /T1-F1-1 /T0-F1-1 /T1-F0-1 
/T0-F0-1 /T1-F1-1 /T0-F1-1 /T1-F2-1 /T2-F2-1 /T4-F0-1 /T0-F0-1 /T1-F1-1 /T6-F3-1 
"
1071182,R#gl#SAM#WyuC#ZVdpn#xTUrja#IbDXLGq#BtfKsQcPYHkwJOheNEoizvFm,113.000000,1401.000000,43.000000,0.631579,1,"
minimal: 0 / states: 128 / duration: 0.000124s
history:
/T4-F2-1  /T5-F1-1  /T6-T0-1  /T1-T2-1  /D:3      /W-T6-1   /D:1      /W-T2-1   /T5-T2-1  /T5-T6-1  
/T6-T5-3  /D:1      /W-T1-1   /T0-T1-2  /T2-T0-4  /T2-F0-1  /D:1      /W-T5-1   /T3-T5-1  /T1-T3-4  
/D:1      /W-T3-1   /D:4      /W-T6-1   /D:1      /W-T6-1   /D:2      /W-T4-1   /D:3      /W-F3-1   
/T4-F3-1  /D:1      /W-T2-1   /D:1      /W-F2-1   /T4-F2-1  /T4-T2-1  /T3-T4-6  /T4-T6-7  /T6-T4-10 
/T6-T3-1  /T4-T6-1  /T4-F2-1  /T6-T4-2  /T6-F1-1  /T5-T6-6  /T4-F1-1  /T2-F1-1  /W-F1-1   /T6-T2-2  
/T6-F2-1  /T6-F1-1  /T4-T5-3  /T4-F1-1  /T5-T4-4  /W-F1-1   /W-T3-1   /T2-T6-4  /T6-T0-7  /D:1      
/W-F1-1   /D:1      /W-T1-1   /D:3      /W-T2-1   /T3-T2-3  /T0-T3-7  /T0-F1-1  /T3-T0-8  /R        
/D:1      /W-F0-1   /T0-F0-1  /T4-F0-1  /D:2      /W-F3-1   /T0-F3-1  /T0-F0-1  /T4-F3-1  /T0-F3-1  
/T4-F2-1  /W-F2-1   /T4-F3-1  /T4-F2-1  /D:1      /W-T1-1   /T5-T1-1  /D:1      /W-T4-1   /D:1      
/W-F2-1   /T4-T2-2  /T4-F2-1  /T1-F2-1  /T4-F1-1  /T0-T1-5  /T0-F1-1  /T2-T4-4  /T2-F2-1  /T2-F1-1  
/T1-T0-6  /T1-F2-1  /D:1      /W-F0-1   /T0-F0-1  /T0-F3-1  /T4-F0-1  /T0-F0-1  /T4-F3-1  /T0-F3-1  
/T4-F0-1  /T0-F0-1  /T4-F3-1  /T0-F3-1  /T4-F0-1  /T0-F0-1  /T4-F3-1  
"
1071900,L#wY#RBO#MZFn#xJPui#Hpkbts#ghcWqIN#fTVUXGzCDvKeoEjmrSaydQAl,137.000000,1634.000000,57.000000,0.537634,1,"
minimal: 0 / states: 130 / duration: 0.000130s
history:
/T3-F2-1 /T6-F3-1 /T2-F3-1 /D:4     /W-T6-1  /D:1     /W-T0-1  /D:1     /W-T6-1  /D:5     
/W-T1-1  /D:1     /W-T3-1  /D:1     /W-F2-1  /D:2     /W-T1-1  /T6-T1-3 /T6-T3-1 /D:3     
/W-T1-1  /W-T1-1  /D:1     /W-F1-1  /D:2     /W-T1-1  /D:2     /W-F0-1  /T2-F0-1 /T2-T5-1 
/D:1     /R       /D:4     /W-T2-1  /T1-T2-9 /T4-T1-1 /T4-T1-1 /T4-F3-1 /T4-T0-1 /T6-T4-1 
/T6-T3-1 /W-T0-1  /W-T1-1  /T5-T1-2 /T5-T6-1 /T5-F1-1 /T3-F1-1 /T2-F1-1 /T3-T1-1 /T3-F1-1 
/W-F1-1  /T1-T5-7 /D:1     /W-F0-1  /D:1     /W-F0-1  /D:1     /W-T4-1  /T6-T4-2 /T3-T6-1 
/T3-T1-1 /T0-T1-4 /D:1     /W-F0-1  /T6-F0-1 /T6-F1-1 /T2-T4-2 /T2-F0-1 /T4-T2-3 /T4-F1-1 
/T5-T1-5 /T5-F1-1 /D:1     /W-T0-1  /D:1     /W-T0-1  /T5-T0-2 /T5-F2-1 /T1-F2-1 /T2-F2-1 
/T5-F0-1 /T2-T4-3 /T2-F0-1 /T2-F1-1 /T1-T0-5 /T1-F0-1 /T2-F0-1 /T0-T1-6 /T0-F1-1 /T1-T0-7 
/T1-F0-1 /T3-F0-1 /T4-T2-6 /D:1     /W-F3-1  /T0-F3-1 /T0-F2-1 /T2-F3-1 /T0-F3-1 /T2-F2-1 
/T0-F2-1 /T2-F3-1 /T0-F3-1 /T2-F2-1 /T0-F2-1 /T2-F3-1 /T0-F3-1 /T2-F2-1 /T0-F2-1 /T2-F3-1 
/T1-F3-1 /T2-F2-1 /D:1     /W-F1-1  /T0-F1-1 
"
1080108,i#Qv#mzC#sWSK#IOXBu#dJPtkc#RTNpnfa#VxLGlbyeUgAwHFMoEjZhYDrq,137.000000,2005.000000,52.000000,0.574713,1,"
minimal: 0 / states: 123 / duration: 0.000130s
history:
/T6-F1-1 /T4-T0-1 /T4-T5-1 /D:6     /W-F1-1  /D:3     /W-T1-1  /D:1     /W-T0-1  /D:1     
/W-F0-1  /T5-F0-1 /T2-F0-1 /T5-F1-1 /D:1     /W-T4-1  /T0-T4-3 /T2-T0-1 /D:2     /W-T4-1  
/D:3     /W-T6-1  /D:1     /W-T3-1  /T1-T3-2 /T1-T6-1 /D:1     /W-T1-1  /D:2     /W-T0-1  
/T3-T0-4 /D:1     /W-F0-1  /D:1     /W-T3-1  /T6-T3-1 /T6-F0-1 /T4-F0-1 /D:1     /R       
/D:3     /W-T1-1  /T5-T1-1 /T6-T5-1 /T6-F2-1 /T5-T0-2 /T6-T3-1 /T6-F3-1 /D:1     /W-F0-1  
/D:2     /W-T2-1  /T4-T2-5 /T4-F3-1 /T5-F3-1 /T5-T1-1 /T5-F1-1 /D:1     /W-F1-1  /T0-F1-1 
/T3-T0-4 /T2-F1-1 /T6-T2-1 /T4-T3-1 /D:1     /W-F0-1  /T3-F0-1 /T1-F0-1 /D:1     /W-T4-1  
/W-T4-1  /W-T4-1  /T3-T4-1 /T3-T2-1 /T6-T2-1 /D:1     /W-F2-1  /T0-F2-1 /T0-F3-1 /T2-F3-1 
/D:1     /W-F1-1  /D:1     /W-F2-1  /T0-F2-1 /T0-F3-1 /T2-F2-1 /T0-F2-1 /T2-F3-1 /T0-F3-1 
/T2-F2-1 /T0-F2-1 /T2-F1-1 /T0-F1-1 /W-F3-1  /T2-F2-1 /T1-F1-1 /T4-F3-1 /T0-F0-1 /T2-F3-1 
/T1-F0-1 /T4-F2-1 /T0-F3-1 /T2-F2-1 /T1-F3-1 /T4-F1-1 /T0-F2-1 /T2-F1-1 /T4-F0-1 
"
1080338,n#aN#UVK#pLCR#qIvHD#rzhowE#JGTySkl#PjQdOegZsxuYXiAfcbWtMBFm,149.000000,1960.000000,54.000000,0.569307,1,"
minimal: 0 / states: 119 / duration: 0.000124s
history:
/T0-F2-1 /T1-F3-1 /T1-F1-1 /T4-T3-1 /T2-T6-1 /T4-T2-1 /D:1     /W-T3-1  /D:1     /W-T6-1  
/T4-T6-1 /D:1     /W-T5-1  /D:2     /W-F3-1  /T3-F3-1 /T5-F3-1 /W-T5-1  /D:2     /W-T2-1  
/D:1     /W-T0-1  /D:1     /W-T2-1  /T3-T2-2 /T3-T5-1 /T3-T0-1 /D:4     /W-T0-1  /D:2     
/W-F0-1  /D:2     /W-T2-1  /D:1     /W-F1-1  /T2-F1-1 /D:3     /W-T1-1  /T6-T1-4 /D:1     
/W-F0-1  /T5-F0-1 /T2-F0-1 /T2-F3-1 /T5-F1-1 /T5-F0-1 /T5-T0-1 /T5-F2-1 /T3-F2-1 /T5-T1-1 
/T2-T0-4 /T5-T3-1 /W-T1-1  /T2-T4-1 /D:1     /W-F0-1  /D:1     /W-T2-1  /R       /D:1     
/W-F1-1  /D:3     /W-T3-1  /D:2     /W-F1-1  /D:1     /R       /D:1     /W-T3-1  /D:3     
/W-T3-1  /T4-T3-2 /T4-F2-1 /T5-F2-1 /T0-F2-1 /T0-F1-1 /T1-F2-1 /T1-F1-1 /W-F1-1  /W-F2-1  
/T1-F2-1 /T1-F1-1 /T6-F1-1 /T6-F3-1 /T6-T2-1 /T6-F3-1 /T6-F0-1 /T0-F0-1 /T3-F3-1 /T0-F3-1 
/T0-F2-1 /T3-F0-1 /T3-F3-1 /T3-F2-1 /T6-F0-1 /T0-F3-1 /T1-F0-1 /T0-F0-1 /T1-F1-1 /T2-F2-1 
/T2-F1-1 /T3-F3-1 /T0-F3-1 /T1-F0-1 /T3-F2-1 
"
1081258,b#te#xAh#vfud#iwQDy#jmIank#HrUOCpK#TEGNcoqVFsZPMRLWXBYzlgJS,112.500000,3828.000000,64.000000,0.537234,1,"
minimal: 0 / states: 133 / duration: 0.000141s
history:
/T5-T4-1 /T5-F2-1 /T5-F1-1 /T0-F1-1 /T2-T5-1 /T2-F0-1 /D:3     /W-T5-1  /D:1     /W-F3-1  
/D:1     /W-F1-1  /T3-F1-1 /T1-F1-1 /D:1     /W-F2-1  /D:5     /W-T0-1  /T4-T0-2 /D:1     
/W-T4-1  /D:4     /W-T2-1  /T5-T2-3 /W-T5-1  /D:1     /W-T5-1  /D:1     /W-F0-1  /D:4     
/W-T3-1  /D:1     /W-T0-1  /D:1     /W-T1-1  /R       /D:2     /W-T1-1  /D:2     /W-T0-1  
/T3-T0-2 /T3-F1-1 /T0-F1-1 /D:7     /R       /D:1     /W-T0-1  /D:2     /W-T0-1  /D:3     
/W-T0-1  /T4-T0-2 /T4-T1-1 /T4-T5-1 /T4-T5-1 /T5-T4-5 /T3-T5-1 /W-T3-1  /T5-T6-2 /D:1     
/W-T3-1  /T6-T3-3 /T6-F2-1 /T6-F0-1 /T6-F3-1 /T0-F3-1 /T0-F0-1 /T1-F3-1 /T1-F0-1 /T6-T3-1 
/T6-T1-1 /T0-F3-1 /T0-F0-1 /T2-F0-1 /T2-F1-1 /T4-F1-1 /T6-F0-1 /T2-F0-1 /T0-T4-3 /T0-F0-1 
/T3-T2-2 /T3-F1-1 /T0-F1-1 /T3-F0-1 /T4-T0-5 /T4-F0-1 /W-T0-1  /W-F2-1  /T1-F2-1 /T0-F2-1 
/T1-F3-1 /T0-F3-1 /T1-F2-1 /T0-F2-1 /T2-F3-1 /T0-F3-1 /T2-F2-1 /T0-F2-1 /T2-F3-1 /T0-F3-1 
/T2-F2-1 /T0-F2-1 /T3-F3-1 /T0-F3-1 /T3-F0-1 /D:1     /W-F2-1  /D:1     /W-F1-1  /T4-F1-1 
"
