id,seed,forcedness,compression_score,stagnation,efficiency,auto_move_flag,result
1010019,N#IL#Qek#uVFa#xsMqW#lcDRoJ#ZmEAfKn#pXUiBTwSbjghvPzyCYtOGrHd,100.000000,846.000000,34.000000,0.722222,1,"
minimal: 0 / states: 103 / duration: 0.000096s
history:
/T0-F3-1 /T3-F1-1 /T6-F2-1 /T5-T2-1 /T5-F2-1 /T4-T6-1 /T4-T5-1 /T5-T3-2 /T2-T1-2 /T4-T0-1 
/T5-T2-1 /T2-T4-2 /T5-T3-1 /T6-T5-2 /T5-T0-3 /D:1     /W-F2-1  /T3-T4-1 /T3-F2-1 /D:3     
/W-T1-1  /D:1     /W-T4-1  /D:4     /W-F1-1  /D:4     /W-T0-1  /W-T0-1  /D:2     /W-T5-1  
/D:2     /W-T2-1  /D:1     /W-T5-1  /D:1     /W-T0-1  /T6-T0-1 /T6-F0-1 /T4-F0-1 /T4-F1-1 
/T6-T0-1 /T1-T6-4 /T2-T0-2 /T6-T2-5 /T0-F0-1 /T4-F0-1 /W-T6-1  /D:1     /W-F3-1  /W-F3-1  
/T0-F3-1 /T3-F3-1 /T0-F0-1 /T3-F0-1 /D:1     /W-F0-1  /D:1     /W-F2-1  /D:1     /W-F0-1  
/T1-F0-1 /D:1     /W-F1-1  /T4-F1-1 /T0-F1-1 /T4-F2-1 /W-F1-1  /T0-F2-1 /T0-F1-1 /T2-F1-1 
/T3-T2-1 /T3-F2-1 /T0-F2-1 /W-F1-1  /W-F3-1  /W-F2-1  /W-F3-1  /W-F3-1  /T2-F3-1 /T0-F3-1 
/T2-F0-1 /T0-F0-1 /T2-F1-1 /T4-F2-1 /T0-F1-1 /W-F3-1  /T2-F0-1 /T5-F3-1 /T0-F0-1 /T6-F2-1 
/T2-F1-1 /T5-F2-1 /T6-F3-1 
"
1010029,X#Nt#bYz#iEKv#wyjuA#GgRhcn#aOMpDVJ#TksWmFCdUIHBZeSlrxLofQqP,77.500000,761.000000,28.000000,0.798077,1,"
minimal: 0 / states: 124 / duration: 0.000103s
history:
/T4-F0-1  /T5-F2-1  /T6-T0-1  /T6-T0-1  /T5-T6-1  /T4-T0-1  /T3-T4-1  /T5-T4-1  /T6-T5-2  /T4-T3-3  
/T1-T3-1  /T1-F3-1  /T2-T1-1  /T3-T2-5  /T2-T1-6  /T0-T4-4  /T2-T6-1  /D:1      /W-T4-1   /D:2      
/W-T4-1   /T5-T4-3  /D:2      /W-T0-1   /T4-T0-10 /D:1      /W-T5-1   /D:2      /W-T3-1   /T6-T3-2  
/T6-T2-1  /T6-F3-1  /T6-F1-1  /T3-F1-1  /T0-F1-1  /D:4      /W-F0-1   /D:1      /W-T6-1   /D:1      
/W-T5-1   /D:1      /W-T1-1   /T3-T1-3  /W-T3-1   /T5-T3-3  /T3-T4-5  /D:1      /W-T2-1   /D:2      
/W-T2-1   /D:1      /W-T6-1   /D:1      /W-F2-1   /T1-F2-1  /T1-F1-1  /T4-F1-1  /D:1      /W-F1-1   
/D:1      /W-T1-1   /D:1      /W-F2-1   /W-F2-1   /T0-T4-2  /T0-F2-1  /T1-T5-3  /T1-F2-1  /T4-T0-3  
/T4-F1-1  /T1-F1-1  /T0-T4-4  /T0-F2-1  /T1-F2-1  /T4-T0-5  /T4-F1-1  /T1-F1-1  /T4-F2-1  /T2-F2-1  
/T0-T6-8  /T0-F2-1  /D:1      /W-F3-1   /T5-F3-1  /R        /D:1      /W-F1-1   /T2-F1-1  /T0-F1-1  
/T1-T2-2  /T1-F2-1  /D:1      /W-T2-1   /D:1      /W-F0-1   /T6-F0-1  /T5-F0-1  /T6-F3-1  /T5-F3-1  
/T6-F0-1  /T5-F0-1  /T6-F3-1  /T6-F0-1  /D:1      /W-F3-1   /T6-F3-1  /T2-F3-1  /D:1      /W-F0-1   
/T6-F0-1  /T2-F0-1  /T6-F3-1  /T2-F3-1  /T6-F0-1  /T2-F0-1  /T6-F3-1  
"
1010033,x#tI#Mjh#OyYn#SrJGE#TivbqZ#fecWPAX#VdHBsUwaCuFNpzmlDKRLkogQ,89.000000,1002.000000,38.000000,0.691176,1,"
minimal: 0 / states: 113 / duration: 0.000107s
history:
/T3-F2-1 /T2-T1-1 /T1-T2-2 /T2-T0-3 /T3-T2-1 /T6-T3-1 /T6-F0-1 /T3-T5-2 /T0-T2-4 /T5-T0-3 
/T6-T5-1 /T1-T2-1 /D:2     /W-T4-1  /D:2     /W-F0-1  /D:3     /W-T0-1  /D:1     /W-F1-1  
/D:1     /W-F0-1  /D:3     /W-F3-1  /T3-F3-1 /T5-F3-1 /D:1     /W-T4-1  /D:1     /W-T1-1  
/D:1     /W-T3-1  /D:1     /W-T1-1  /D:1     /W-F0-1  /D:1     /W-T1-1  /T6-T1-1 /T6-T5-1 
/T5-T6-2 /T5-F1-1 /T5-T1-1 /T5-T0-1 /W-T5-1  /T6-T5-3 /T4-T6-3 /T5-F1-1 /W-T0-1  /W-T1-1  
/T4-T1-1 /T5-T0-4 /T6-T1-4 /D:2     /W-T3-1  /D:1     /W-T3-1  /T4-T3-1 /T1-T4-2 /T1-F0-1 
/T4-T1-3 /T4-T2-1 /D:1     /W-F2-1  /T1-F2-1 /T0-F2-1 /T1-F1-1 /T0-F1-1 /T0-F0-1 /T1-F2-1 
/T1-F1-1 /T1-F0-1 /D:1     /W-F1-1  /T2-T1-2 /T2-F1-1 /D:1     /W-F3-1  /W-F3-1  /T1-F3-1 
/W-F2-1  /T0-F3-1 /T1-F2-1 /T0-F2-1 /T1-F3-1 /T1-F2-1 /W-F0-1  /T0-F1-1 /T2-F0-1 /T2-F1-1 
/W-F3-1  /T0-F2-1 /T1-F3-1 /T2-F2-1 /T3-F0-1 /T0-F3-1 /T1-F0-1 /T2-F3-1 /T3-F1-1 /T0-F2-1 
/T1-F1-1 /T1-F2-1 /T3-F0-1 /T0-F3-1 /T2-F0-1 /T3-F1-1 
"
1010037,J#ay#dVE#LbNq#UxRfA#ZBlHkm#jGSnYXe#wzOQivphsTPMDCWugtcIroKF,112.000000,1505.000000,38.000000,0.711538,1,"
minimal: 0 / states: 121 / duration: 0.000102s
history:
/T4-F0-1 /T3-T6-1 /T3-F3-1 /T2-T4-1 /T1-T5-1 /T1-F1-1 /T3-F1-1 /T5-T1-2 /T5-T1-1 /T5-T2-1 
/T2-T0-2 /T0-T1-3 /T2-T4-1 /D:2     /W-T0-1  /T5-T0-1 /T5-F0-1 /T3-T5-1 /D:1     /W-F3-1  
/D:4     /W-T4-1  /D:3     /W-T1-1  /W-T1-1  /T6-T1-2 /T6-T5-1 /D:1     /W-F3-1  /D:1     
/W-T2-1  /T6-T2-1 /T6-F2-1 /D:2     /W-F0-1  /W-F0-1  /D:5     /W-F1-1  /D:2     /W-T6-1  
/T4-T6-2 /T4-F0-1 /D:1     /W-F2-1  /T6-F2-1 /T1-F2-1 /T6-F1-1 /T1-F1-1 /T4-F1-1 /T4-T1-1 
/T4-T0-1 /T6-F2-1 /D:1     /W-T2-1  /D:1     /W-F0-1  /R       /D:1     /W-T5-1  /D:1     
/W-F3-1  /T1-F3-1 /T1-F2-1 /T6-F3-1 /T1-F3-1 /T6-F0-1 /T1-F0-1 /T4-F3-1 /T1-F3-1 /T6-T0-1 
/D:1     /W-T1-1  /D:1     /W-T0-1  /D:1     /W-T0-1  /D:1     /W-F3-1  /D:1     /W-T1-1  
/D:1     /W-F1-1  /T0-F1-1 /D:1     /W-F2-1  /T1-F2-1 /T0-F2-1 /T1-F1-1 /T5-F2-1 /T0-F1-1 
/T0-F2-1 /T5-F3-1 /T1-T5-2 /T1-F2-1 /T2-T0-1 /T2-F3-1 /T0-T2-2 /T0-F2-1 /T5-T1-3 /T5-F3-1 
/D:1     /W-F0-1  /T1-F0-1 /T1-F1-1 /T2-F0-1 /T1-F0-1 /T2-F1-1 /T1-F1-1 /T2-F0-1 
"
1010045,K#xf#sov#uiXU#cNpyW#qEJebn#hklZjAY#TDRLSIFaPzgVCwrQHdMtOBGm,152.500000,1701.000000,41.000000,0.674157,1,"
minimal: 0 / states: 108 / duration: 0.000101s
history:
/T5-F2-1 /T4-T0-1 /T3-T2-1 /T2-T0-2 /T2-F2-1 /T3-T4-1 /T0-T6-4 /D:3     /W-T2-1  /W-T2-1  
/D:5     /W-F1-1  /T5-F1-1 /D:1     /W-T2-1  /D:1     /W-T0-1  /T6-T0-5 /T6-F0-1 /D:4     
/W-T4-1  /T3-T4-1 /T3-T4-1 /D:1     /W-T1-1  /D:1     /W-T1-1  /W-T1-1  /D:3     /W-T3-1  
/D:1     /W-T0-1  /T1-T0-4 /T6-T1-1 /T4-T6-5 /T4-F2-1 /T4-F3-1 /T4-F1-1 /T6-T4-6 /T6-T3-1 
/W-F1-1  /T5-F1-1 /T5-T6-1 /T1-T3-2 /D:1     /W-F3-1  /T2-F3-1 /D:1     /W-F0-1  /T0-F0-1 
/T0-F3-1 /T2-F0-1 /T5-F0-1 /T5-F2-1 /T0-F2-1 /T0-F1-1 /T2-F3-1 /T2-F2-1 /T0-F2-1 /T4-F2-1 
/W-T4-1  /W-T6-1  /W-F1-1  /W-F0-1  /W-T3-1  /W-F3-1  /T0-T3-1 /T0-F2-1 /D:1     /W-F0-1  
/T4-F0-1 /D:1     /W-T1-1  /W-T1-1  /W-F3-1  /T3-F3-1 /T6-F3-1 /T6-T1-2 /T6-F1-1 /T3-F0-1 
/T0-F3-1 /T4-F1-1 /T1-F0-1 /T3-F1-1 /T0-F0-1 /T4-F2-1 /T1-F1-1 /T3-F2-1 /T3-F1-1 /T4-F3-1 
/T0-F3-1 /T1-F0-1 /T3-F0-1 /T4-F2-1 /T0-F2-1 /T1-F1-1 /T4-F3-1 
"
1010077,f#lD#iWh#KHbA#QtnRX#zUMTEL#wxgCNZJ#FGavkSpOoBuqIPyjmdecsYrV,135.000000,2109.000000,34.000000,0.717647,1,"
minimal: 0 / states: 107 / duration: 0.000101s
history:
/T3-F0-1 /T6-T4-1 /T5-T6-1 /T4-T6-2 /T5-T0-1 /T1-T4-1 /D:1     /W-T5-1  /T4-T5-2 /T4-F2-1 
/T4-T2-1 /T0-T2-2 /T6-T0-4 /T6-F3-1 /T6-T4-1 /T3-T4-1 /T5-T3-4 /T1-T5-1 /T5-T1-2 /T4-T2-3 
/D:1     /W-T5-1  /D:1     /W-F1-1  /T2-F1-1 /D:3     /W-T5-1  /D:2     /W-F3-1  /D:1     
/W-F2-1  /W-F2-1  /D:1     /W-F0-1  /T2-F0-1 /T3-F0-1 /D:2     /W-F2-1  /D:2     /W-F3-1  
/T2-F3-1 /T3-F3-1 /T2-F0-1 /T3-F0-1 /T5-F3-1 /T3-F3-1 /T6-T3-1 /T6-T1-1 /T5-F0-1 /T5-F3-1 
/D:2     /W-T1-1  /D:1     /W-T4-1  /W-T4-1  /W-T1-1  /T2-T1-3 /D:3     /W-F1-1  /D:1     
/W-T3-1  /W-T3-1  /W-F1-1  /T3-F1-1 /T1-F1-1 /D:1     /W-T5-1  /D:1     /W-F2-1  /T3-F2-1 
/T1-F2-1 /T3-F1-1 /T1-F1-1 /T3-F0-1 /T1-F0-1 /W-F2-1  /T2-T3-1 /T2-F1-1 /T0-F0-1 /T1-F1-1 
/W-F1-1  /W-F2-1  /T6-F2-1 /T1-F2-1 /T1-F1-1 /T4-F2-1 /T4-F1-1 /T5-T1-1 /T5-F2-1 /T3-T1-2 
/D:1     /W-F3-1  /T1-F3-1 /T0-F3-1 /T1-F0-1 /T0-F0-1 /T1-F3-1 /T0-F3-1 /T1-F0-1 
"
1010084,K#Dt#mbx#oiUa#QYsyO#HJCcGZ#lMSdBnN#hRfWqpXFvzgeLrjEuVTPkAIw,143.500000,3322.000000,45.000000,0.641176,1,"
minimal: 0 / states: 126 / duration: 0.000105s
history:
/T3-F1-1 /T6-F3-1 /T4-F3-1 /T6-F2-1 /T4-T5-1 /T1-T3-1 /D:2     /W-T4-1  /T1-T4-1 /T5-T1-2 
/D:1     /W-T3-1  /D:1     /W-T0-1  /D:3     /W-T1-1  /D:2     /W-T0-1  /T3-T0-3 /D:5     
/W-T0-1  /D:1     /W-T2-1  /D:2     /W-T3-1  /D:2     /W-T3-1  /T4-T3-3 /T2-T4-2 /T2-F1-1 
/D:1     /W-T3-1  /T6-T3-1 /T6-T0-1 /T6-T5-1 /T4-T6-3 /D:2     /W-F0-1  /T3-F0-1 /T3-F3-1 
/T4-F3-1 /T6-T4-4 /T0-T6-8 /D:1     /W-T4-1  /D:1     /W-T1-1  /T3-T1-6 /T3-F2-1 /R       
/D:1     /W-T4-1  /T5-T4-2 /T5-F1-1 /T5-F0-1 /T1-F0-1 /T1-F3-1 /T4-F3-1 /T6-F1-1 /D:2     
/W-F2-1  /W-F2-1  /T6-F2-1 /T1-F2-1 /T1-F3-1 /T6-T4-1 /T6-F2-1 /T1-F2-1 /T6-F3-1 /T6-F2-1 
/T1-T5-1 /T1-F2-1 /T5-T1-2 /T5-T1-1 /D:2     /W-T0-1  /T6-T0-3 /D:1     /W-T1-1  /W-T1-1  
/D:1     /W-F1-1  /T4-F1-1 /D:1     /W-T2-1  /D:1     /W-F0-1  /T1-F0-1 /T1-F1-1 /T4-F0-1 
/T1-F0-1 /T4-F1-1 /T1-F1-1 /T4-F0-1 /T4-F1-1 /T1-F0-1 /T4-F2-1 /T1-T2-1 /T1-F2-1 /D:1     
/W-F3-1  /T0-F3-1 /T0-F0-1 /T2-F3-1 /T4-F3-1 /T1-F3-1 /T2-F0-1 /T4-F0-1 /D:1     /W-F1-1  
/T0-F1-1 /T0-F2-1 /T2-F1-1 
"
1010093,t#ZW#RTn#GBpU#waPSN#yJCfmO#hkgqoAl#QxHcuMeszrEDLdbjvXKIVYFi,97.500000,1902.000000,44.000000,0.808642,1,"
minimal: 0 / states: 124 / duration: 0.000115s
history:
/T2-F2-1  /T4-F3-1  /T5-F3-1  /T4-T0-1  /T4-F3-1  /T4-F1-1  /T0-T3-2  /T5-T0-1  /D:1      /W-F3-1   
/D:1      /W-T6-1   /T1-T6-1  /D:6      /W-T2-1   /W-T2-1   /D:2      /W-T3-1   /D:1      /W-T5-1   
/D:1      /W-T2-1   /D:1      /W-T0-1   /D:1      /W-T3-1   /D:1      /W-F1-1   /D:2      /W-T6-1   
/T3-T6-5  /T3-T6-1  /D:1      /W-T0-1   /T4-T0-1  /D:3      /W-T0-1   /D:3      /R        /D:1      
/W-T0-1   /T2-T0-4  /T2-F3-1  /D:1      /W-T0-1   /T3-T0-1  /T5-T3-2  /D:2      /W-T2-1   /T6-T2-10 
/T6-F0-1  /T0-F0-1  /T5-F0-1  /T6-F2-1  /T0-F1-1  /T0-F0-1  /T2-F2-1  /T2-F1-1  /T3-F0-1  /T6-F2-1  
/T0-F1-1  /T2-F2-1  /T0-F2-1  /T2-F3-1  /T3-F1-1  /T2-F2-1  /T6-F1-1  /T5-T6-1  /T6-T5-2  /T0-F3-1  
/W-F2-1   /T2-F3-1  /T2-F2-1  /T6-F1-1  /T0-T5-2  /T0-F2-1  /T5-T1-5  /D:1      /W-T4-1   /D:3      
/W-T2-1   /D:1      /W-T4-1   /W-T4-1   /T2-T4-2  /T2-F2-1  /D:1      /W-F0-1   /T3-F0-1  /T1-F0-1  
/T1-F3-1  /T4-F0-1  /T4-F3-1  /T0-F3-1  /T1-F0-1  /T4-F0-1  /T4-F3-1  /T0-F0-1  /T1-T0-2  /T1-F3-1  
/T2-T4-1  /T2-F0-1  /D:1      /W-F1-1   /W-F1-1   /T0-F1-1  /T0-F2-1  /T4-F1-1  /T0-F1-1  /T4-F2-1  
"
1010107,A#yo#fJs#uxYl#dLrZk#UERPaw#btzWKOi#QVBNSqnmFDecCgIhHXjGvpTM,129.000000,845.000000,39.000000,0.653333,1,"
minimal: 0 / states: 120 / duration: 0.000109s
history:
/T0-F0-1 /T6-T5-1 /T5-T4-2 /T5-F1-1 /T1-T5-1 /T4-T1-3 /T4-T0-1 /T1-T0-4 /D:1     /W-T4-1  
/D:2     /W-F0-1  /D:1     /W-F3-1  /T6-F3-1 /T6-T3-1 /T6-T3-1 /T3-T6-3 /T6-T1-4 /D:1     
/W-T6-1  /T4-T6-2 /D:2     /W-F2-1  /T5-F2-1 /T5-F3-1 /T5-T2-1 /T6-F3-1 /T2-F3-1 /D:4     
/W-T2-1  /W-T2-1  /D:1     /W-T2-1  /D:1     /W-F0-1  /D:2     /W-T1-1  /D:1     /W-T1-1  
/T6-T1-3 /T6-F1-1 /T2-F1-1 /T2-F0-1 /T5-F0-1 /D:1     /W-T0-1  /W-T0-1  /T2-T0-2 /W-F0-1  
/W-T6-1  /T4-T6-1 /T4-F1-1 /T0-F1-1 /D:1     /W-T6-1  /T2-T6-1 /T2-F1-1 /D:2     /W-F0-1  
/D:2     /W-F2-1  /D:2     /W-T2-1  /T3-T2-1 /T3-T2-1 /T0-T3-2 /T0-F0-1 /T3-T0-3 /R       
/D:1     /W-T6-1  /D:1     /W-F2-1  /T1-F2-1 /T0-F2-1 /T0-F1-1 /T1-F3-1 /T1-F2-1 /T1-F1-1 
/T0-F2-1 /T0-F1-1 /T1-F0-1 /T6-T0-1 /T6-F0-1 /T1-T2-1 /T1-F0-1 /D:1     /W-F1-1  /T0-T6-2 
/T0-F1-1 /T1-F1-1 /T6-T0-3 /T6-F0-1 /T6-F1-1 /T2-T1-3 /T2-F0-1 /D:1     /W-F2-1  /D:1     
/W-F3-1  /T5-F3-1 /T0-F3-1 /T0-F2-1 /T1-F3-1 /T0-F3-1 /T1-F2-1 /T0-F2-1 /T1-F3-1 /T0-F3-1 
/T1-F2-1 
"
1010113,a#lb#vZf#OoxQ#HyeFq#thJGIp#PWDBdAr#juiMcLgzERKTkwNSXnYsVCmU,136.500000,2971.000000,50.000000,0.593407,1,"
minimal: 0 / states: 118 / duration: 0.000107s
history:
/T0-F1-1 /T1-F1-1 /T6-T2-1 /T6-F0-1 /T5-T3-1 /T6-T2-1 /T6-F0-1 /D:4     /W-T0-1  /T1-T0-1 
/D:1     /W-F1-1  /T2-F1-1 /T3-T2-2 /T3-T0-1 /D:3     /W-T1-1  /D:7     /W-F3-1  /D:3     
/W-F2-1  /T3-F2-1 /T3-F3-1 /T2-F2-1 /T4-F2-1 /D:1     /W-T1-1  /D:3     /W-F0-1  /T6-F0-1 
/T5-T6-1 /T2-T5-3 /T2-T3-1 /T6-T0-2 /T6-F3-1 /T5-F3-1 /T5-F2-1 /D:1     /W-T6-1  /D:1     
/W-T0-1  /T5-T0-2 /W-T5-1  /W-F2-1  /R       /D:2     /W-T5-1  /D:2     /W-T3-1  /D:1     
/W-T5-1  /T4-T5-1 /T4-F1-1 /T4-T6-1 /T0-F1-1 /D:1     /W-F0-1  /T5-F0-1 /T5-F1-1 /T0-F0-1 
/T4-F0-1 /T0-T2-1 /T0-F0-1 /T2-T0-2 /D:1     /W-F3-1  /D:1     /W-T1-1  /D:1     /W-T5-1  
/D:1     /W-T3-1  /T5-T3-4 /T5-F1-1 /T5-F2-1 /W-F1-1  /W-F1-1  /D:2     /W-F3-1  /T3-F3-1 
/T0-F3-1 /T3-F2-1 /T0-F2-1 /T3-F3-1 /T0-F3-1 /T3-F0-1 /T1-F0-1 /W-F2-1  /T0-F2-1 /T3-F1-1 
/T0-F1-1 /T3-F0-1 /T0-F0-1 /T6-F2-1 /T6-F1-1 /D:1     /W-F3-1  /T1-F3-1 /T1-F2-1 /T3-F3-1 
"
1010118,y#xW#HYV#mKNv#CzFtb#JkUeoh#TlSIpPa#LDgAZGfEQOiBdjqrsucMwXnR,108.500000,1360.000000,42.000000,0.626667,1,"
minimal: 0 / states: 123 / duration: 0.000110s
history:
/T6-F1-1  /T4-F1-1  /T5-T3-1  /T5-T6-1  /T3-T1-2  /T3-F3-1  /T4-T1-1  /T5-T4-1  /T1-T3-4  /D:2      
/W-T4-1   /T6-T4-2  /D:2      /W-F0-1   /D:2      /W-T5-1   /D:1      /W-T3-1   /D:1      /W-T3-1   
/D:1      /W-T3-1   /T6-T3-1  /T5-T6-2  /T5-T0-1  /T2-T5-1  /T3-T2-9  /T0-T3-2  /W-T0-1   /T5-T3-2  
/D:1      /W-F3-1   /D:2      /W-F0-1   /D:2      /W-T1-1   /T6-T1-3  /T6-T1-1  /T1-T6-6  /D:2      
/W-T6-1   /D:2      /W-T3-1   /D:1      /W-F1-1   /D:1      /W-T1-1   /T2-T1-10 /D:3      /W-F2-1   
/T4-F2-1  /T1-F2-1  /T4-F3-1  /T1-F3-1  /D:1      /W-F3-1   /R        /D:1      /W-T0-1   /D:1      
/W-T2-1   /T4-T2-3  /T4-T5-1  /T4-F0-1  /T2-F0-1  /T6-T5-8  /T1-F0-1  /T5-T1-1  /T5-F3-1  /T6-F3-1  
/D:2      /W-F1-1   /T2-F1-1  /T2-F0-1  /T5-F0-1  /T5-F3-1  /T2-T3-1  /T2-F0-1  /T5-F0-1  /D:1      
/W-F2-1   /T1-F2-1  /T1-F1-1  /T3-F1-1  /D:1      /W-F2-1   /T1-F2-1  /T1-F1-1  /T3-F2-1  /T1-F2-1  
/T3-F3-1  /T1-F3-1  /W-F1-1   /T3-F0-1  /T5-F1-1  /T1-F0-1  /T0-F0-1  /T3-F1-1  /T5-T1-1  /T5-F1-1  
/T1-T5-2  /T1-F0-1  /T3-T0-1  /T3-F1-1  /D:1      /W-F2-1   /T5-F2-1  /T0-F2-1  /D:1      /W-F3-1   
/T5-F3-1  /T0-F3-1  /T5-F2-1  
"
1010134,N#ca#DQL#WCHl#OUoKg#IkjGTn#euFPqmM#izdSvpsfybrXERBxtAJwYZhV,137.000000,2062.000000,47.000000,0.618280,1,"
minimal: 0 / states: 115 / duration: 0.000098s
history:
/T0-F3-1 /T1-F1-1 /T5-F2-1 /T6-T0-1 /T3-T0-1 /T4-T3-1 /T4-T0-1 /T4-F2-1 /T2-T6-1 /D:6     
/W-F2-1  /D:1     /W-T3-1  /D:3     /W-F1-1  /T1-F1-1 /T6-T1-2 /T6-F2-1 /D:1     /W-F2-1  
/T3-F2-1 /D:1     /W-T1-1  /D:3     /W-T6-1  /D:2     /W-F2-1  /D:1     /W-F0-1  /T6-F0-1 
/D:1     /W-T1-1  /D:5     /W-T1-1  /T3-T1-2 /T3-F0-1 /T3-T0-1 /R       /D:2     /W-T3-1  
/D:1     /W-F1-1  /D:2     /W-T0-1  /T4-T0-1 /T4-F3-1 /T6-F3-1 /T2-F3-1 /T2-F0-1 /T6-T1-1 
/T6-F2-1 /T6-F1-1 /D:1     /W-F1-1  /T1-T5-1 /T1-F1-1 /T5-T1-2 /T5-T0-1 /W-T0-1  /D:2     
/W-F0-1  /T1-F0-1 /D:1     /W-F3-1  /T0-F3-1 /T0-F0-1 /T1-F3-1 /T0-F3-1 /T1-F0-1 /T1-F3-1 
/T0-F2-1 /T0-F3-1 /T5-T0-1 /T1-T5-1 /T1-F3-1 /T5-T1-2 /T5-F0-1 /T1-F0-1 /D:2     /W-F2-1  
/W-F2-1  /W-F2-1  /T3-F2-1 /D:1     /W-F3-1  /D:1     /W-F3-1  /D:1     /W-F1-1  /W-F1-1  
/T0-F1-1 /T0-F0-1 /T1-F1-1 /T0-F1-1 /T1-F0-1 /T0-F0-1 /T1-F1-1 
"
1010144,j#id#LDI#QCYr#EsheT#gvJOAN#pGzHBUF#lXPxmZaWMRofqubywcKnkVtS,118.000000,1781.000000,41.000000,0.675000,1,"
minimal: 0 / states: 118 / duration: 0.000107s
history:
/T5-F3-1 /T5-F0-1 /T5-F3-1 /T6-T4-1 /T6-T2-1 /T6-F0-1 /T4-T6-2 /T4-T6-1 /T2-T0-2 /T1-T3-1 
/T6-T1-4 /T2-T1-1 /T1-T5-6 /T6-T1-1 /T6-T0-1 /T6-T3-1 /D:1     /W-T1-1  /D:1     /W-T2-1  
/T5-T2-7 /T4-T5-1 /D:1     /W-F3-1  /D:1     /W-T1-1  /T0-T1-4 /D:1     /W-T0-1  /T2-T0-9 
/D:1     /W-T2-1  /D:1     /W-F1-1  /D:2     /W-T6-1  /D:1     /W-T4-1  /D:2     /W-T1-1  
/T3-T1-3 /T3-T6-1 /T3-F0-1 /T0-F0-1 /T3-F3-1 /T4-F3-1 /D:1     /W-T0-1  /D:2     /W-F1-1  
/D:1     /W-T2-1  /D:2     /W-F1-1  /D:1     /W-T6-1  /D:1     /W-F2-1  /D:1     /W-T2-1  
/W-T2-1  /D:1     /W-T2-1  /W-T2-1  /W-F2-1  /T1-F2-1 /T0-F2-1 /T1-F1-1 /T0-F1-1 /T1-F2-1 
/T4-F2-1 /T4-F0-1 /T0-F0-1 /T1-F1-1 /W-T6-1  /T5-T6-2 /T5-F1-1 /T1-F0-1 /T6-F1-1 /T0-T2-1 
/T0-F0-1 /T0-F1-1 /T1-T6-1 /T1-F0-1 /T0-F0-1 /T1-F1-1 /T2-T0-4 /T2-F1-1 /T6-T1-3 /T6-F0-1 
/T0-T2-5 /T0-F0-1 /T1-T6-4 /T1-F1-1 /T0-F1-1 /T6-T1-5 /T6-F0-1 /D:1     /W-F2-1  /D:1     
/W-F3-1  /T2-F3-1 /T1-F3-1 /T2-F2-1 /T1-F2-1 /T2-F3-1 /T1-F3-1 /T2-F2-1 /T1-F2-1 /T2-F3-1 
/T1-F3-1 /T2-F2-1 /T1-F2-1 /T2-F3-1 
"
1010165,Q#yM#lkq#IVrg#esGXx#podiRN#HcPvaFj#JDCAYtUuKWzwOTbShmBnZLfE,157.000000,2408.000000,40.000000,0.636364,1,"
minimal: 0 / states: 126 / duration: 0.000107s
history:
/T5-F3-1 /T6-T4-1 /T6-T3-1 /T6-F1-1 /T5-T3-1 /T6-T4-1 /T2-T3-1 /T6-T3-1 /D:1     /W-T2-1  
/T5-T2-1 /D:2     /W-T0-1  /D:1     /W-F0-1  /D:1     /W-T1-1  /T4-T1-3 /D:2     /W-T1-1  
/W-T1-1  /D:1     /W-T2-1  /T3-T2-5 /T5-T3-1 /T5-T2-1 /T5-T3-1 /T1-T5-7 /T4-T1-1 /D:4     
/W-T1-1  /D:1     /W-F3-1  /T2-T6-1 /T2-F3-1 /T6-T2-2 /D:1     /W-T6-1  /D:1     /W-F1-1  
/D:1     /W-T4-1  /T3-T4-3 /T3-T1-1 /T6-T1-2 /W-T6-1  /D:1     /W-T3-1  /T4-T3-5 /T4-T1-1 
/T4-T1-1 /D:1     /W-T4-1  /T1-T4-8 /D:1     /W-F0-1  /T0-F0-1 /T0-F3-1 /T2-T4-3 /T2-F3-1 
/D:1     /W-F2-1  /T4-F2-1 /T3-F2-1 /T4-F1-1 /T3-F1-1 /T4-F2-1 /T3-F2-1 /T3-F3-1 /T4-F1-1 
/T4-F2-1 /T4-F3-1 /T5-F2-1 /T5-F3-1 /T2-T4-2 /T2-F2-1 /T5-F2-1 /T4-T2-3 /T4-F3-1 /T4-F2-1 
/W-F3-1  /T4-F3-1 /T2-T4-6 /T5-T2-2 /T5-F3-1 /T2-T5-3 /T3-T5-3 /D:1     /W-F3-1  /D:2     
/W-F1-1  /D:1     /R       /D:1     /W-F0-1  /D:3     /W-F0-1  /T4-F0-1 /T4-F1-1 /T5-F0-1 
/T4-F0-1 /T5-F1-1 /T4-F1-1 /T5-F0-1 /T4-F0-1 /T5-F1-1 /T4-F1-1 /T5-F2-1 /T4-F2-1 /T5-F1-1 
/T6-F2-1 /T4-F1-1 /R       /D:1     /W-F0-1  /D:1     /W-F0-1  /T5-F0-1 
"
1010166,Z#AI#gdM#hJoK#XSLQs#FCcOkf#YpBGRyN#maujUlPizbxrTVEwqtvDWnHe,127.500000,2415.000000,38.000000,0.700000,1,"
minimal: 0 / states: 114 / duration: 0.000098s
history:
/T6-F3-1 /T6-T0-1 /T6-T4-1 /T5-T6-1 /T5-T0-1 /T5-F3-1 /D:2     /W-F1-1  /D:2     /W-T3-1  
/T1-T3-1 /T1-F0-1 /T2-T1-1 /D:1     /W-T3-1  /T6-T3-2 /T6-F0-1 /T6-T2-1 /T3-T6-6 /T3-T5-1 
/T3-T0-1 /T6-T1-7 /D:2     /W-F3-1  /D:1     /W-T0-1  /D:1     /W-T6-1  /W-T6-1  /W-T0-1  
/D:1     /W-F1-1  /D:1     /W-T6-1  /D:1     /W-T1-1  /T2-T1-2 /T4-T2-2 /T4-F3-1 /T2-F3-1 
/T2-T0-2 /W-T2-1  /T4-T2-1 /T4-F3-1 /T4-T2-1 /D:1     /W-F3-1  /T1-T3-5 /T1-F3-1 /T3-T1-6 
/D:1     /W-F3-1  /D:2     /W-T2-1  /D:5     /W-F3-1  /D:1     /W-F2-1  /T5-F2-1 /T1-F2-1 
/T5-F1-1 /T5-F0-1 /T1-F1-1 /W-F0-1  /D:2     /W-F1-1  /R       /D:1     /W-F0-1  /T5-F0-1 
/D:1     /W-F2-1  /T1-F2-1 /T0-F2-1 /T1-F1-1 /T0-F1-1 /T1-F0-1 /T1-F1-1 /D:1     /W-F2-1  
/T0-F2-1 /T0-F1-1 /D:1     /W-F2-1  /T2-F2-1 /T2-F3-1 /T6-F2-1 /T0-T2-2 /T0-F2-1 /T1-T6-3 
/T1-F3-1 /T0-F3-1 /T6-T1-4 /T6-F2-1 /D:1     /W-F0-1  /T1-F0-1 /T1-F1-1 /T2-F0-1 /T1-F0-1 
/T2-F1-1 /T1-F1-1 /T2-F0-1 /T1-F0-1 /T2-F1-1 
"
1010191,d#in#Ewu#gqxY#cyWTa#tGNOoL#eRbHBfZ#pzkMmVSDXrQCJlPsIUvhjAFK,111.500000,645.000000,45.000000,0.644737,1,"
minimal: 0 / states: 122 / duration: 0.000107s
history:
/T1-F2-1 /T4-F1-1 /T5-T6-1 /T5-F2-1 /T4-T2-1 /T2-T1-2 /T1-T2-3 /T6-T1-2 /D:1     /W-T0-1  
/T5-T0-1 /T5-F3-1 /T0-F3-1 /T6-T5-1 /T0-F2-1 /D:2     /W-T1-1  /T2-T1-4 /T0-T2-1 /W-T0-1  
/T3-T0-1 /T3-T0-1 /T3-F2-1 /T4-T0-1 /T2-T5-2 /D:1     /W-T2-1  /D:5     /W-T4-1  /D:1     
/W-F2-1  /D:2     /W-T5-1  /D:1     /W-T4-1  /D:1     /W-T2-1  /D:1     /W-F3-1  /W-F3-1  
/D:1     /W-F2-1  /D:1     /W-T0-1  /D:1     /W-T0-1  /T5-T0-5 /T5-F2-1 /D:4     /W-F0-1  
/T6-F0-1 /T0-F0-1 /T1-T6-1 /T1-F2-1 /T6-T1-2 /T6-F1-1 /T6-F3-1 /D:1     /W-T1-1  /T6-T1-1 
/D:1     /W-T2-1  /W-T2-1  /R       /D:1     /W-T5-1  /T4-T5-3 /T4-F1-1 /T0-F1-1 /T1-F1-1 
/D:1     /W-T5-1  /D:1     /W-F3-1  /T1-T3-1 /T1-F3-1 /T3-T1-2 /D:1     /W-F0-1  /T0-F0-1 
/T0-F1-1 /T1-F0-1 /T0-F0-1 /T0-F3-1 /T1-F1-1 /T1-F0-1 /T5-F3-1 /T0-F0-1 /T0-F3-1 /T5-F0-1 
/T5-F3-1 /T2-T0-1 /T2-F0-1 /T0-T2-2 /T0-F3-1 /T1-T5-3 /T1-F0-1 /T1-F3-1 /T2-T0-3 /T2-F0-1 
/D:1     /W-F2-1  /D:1     /W-F1-1  /T5-F1-1 /T0-F1-1 /T5-F2-1 /T0-F2-1 /T5-F1-1 /T0-F1-1 
/T5-F2-1 /T0-F2-1 /T5-F1-1 
"
1010206,N#bY#Vvh#mKHq#dicpT#MDsInF#lCQtjxa#SOWwXUZRAePfEuJzgroGkLBy,151.000000,3665.000000,55.000000,0.543478,1,"
minimal: 0 / states: 132 / duration: 0.000119s
history:
/T0-F3-1 /T6-F1-1 /T5-T4-1 /T5-F2-1 /T6-T1-1 /T6-T1-1 /T5-T1-1 /T6-T2-1 /T2-T1-2 /D:1     
/W-T1-1  /D:1     /W-F3-1  /D:4     /W-T2-1  /D:1     /W-T0-1  /D:1     /W-T4-1  /T3-T4-1 
/T4-T3-4 /T4-T6-1 /T4-T3-1 /T3-T4-6 /D:1     /W-F0-1  /D:1     /W-T5-1  /D:1     /W-F3-1  
/D:2     /W-T1-1  /T6-T1-2 /D:6     /W-F2-1  /T1-F2-1 /T6-T1-1 /T3-T6-1 /D:1     /W-T2-1  
/D:2     /W-T0-1  /W-T0-1  /D:1     /W-F0-1  /T1-F0-1 /T1-F3-1 /T4-T5-2 /T4-F3-1 /D:1     
/W-T3-1  /R       /D:1     /W-T6-1  /T2-T6-3 /D:1     /W-T0-1  /T4-T0-4 /T4-T1-1 /D:1     
/W-T3-1  /D:1     /W-T6-1  /T1-T6-2 /T1-F3-1 /D:1     /W-T2-1  /D:1     /W-T3-1  /T2-T3-2 
/D:1     /W-T2-1  /T1-T2-6 /T1-F1-1 /T5-F1-1 /T5-F2-1 /T6-F1-1 /T5-F1-1 /D:1     /W-T3-1  
/T5-T3-1 /T5-F0-1 /T6-F0-1 /T0-F0-1 /T0-F3-1 /T6-F1-1 /T6-F0-1 /T0-F0-1 /T6-F3-1 /T2-T6-2 
/T2-F0-1 /T3-T0-3 /T3-F3-1 /T3-F0-1 /T6-T2-3 /T6-F3-1 /T3-F3-1 /T6-F0-1 /T0-T3-6 /T0-F0-1 
/T5-F0-1 /T2-T6-5 /T2-F3-1 /T0-F3-1 /T6-T2-6 /D:1     /W-F2-1  /T3-F2-1 /T2-F2-1 /T3-F1-1 
/T2-F1-1 /T3-F2-1 /T2-F2-1 /T3-F1-1 /T2-F1-1 /T3-F2-1 /T2-F2-1 /T3-F1-1 /T2-F1-1 /T3-F2-1 
/T2-F2-1 /T3-F1-1 
"
1010222,x#Hm#iLE#eQlb#uZJRU#svIkdA#DWyBtOa#VfMwScPNTGFXrznCKgjqpYho,123.000000,844.000000,43.000000,0.664773,1,"
minimal: 0 / states: 117 / duration: 0.000106s
history:
/T5-F0-1 /T6-F1-1 /T3-F1-1 /T5-T2-1 /T0-T3-1 /T1-T0-1 /D:4     /W-T5-1  /D:2     /W-F1-1  
/T2-F1-1 /D:2     /W-F3-1  /T6-F3-1 /T6-T4-1 /T6-F0-1 /T5-T6-2 /T4-T5-2 /T6-T0-3 /T5-T6-3 
/T6-T3-4 /W-F3-1  /W-T3-1  /T2-T3-1 /T6-T4-1 /W-T6-1  /T3-T6-8 /T3-F3-1 /T4-T3-1 /T4-F3-1 
/D:1     /W-T1-1  /D:2     /W-T1-1  /T3-T1-2 /D:1     /W-T2-1  /T4-T2-1 /T2-T4-3 /T4-T3-4 
/T1-T2-5 /T2-T0-6 /D:2     /W-T1-1  /D:1     /W-F2-1  /D:1     /W-F0-1  /T0-F0-1 /T6-F0-1 
/T0-F1-1 /T0-F0-1 /T6-F3-1 /T0-F3-1 /D:2     /W-T0-1  /D:4     /W-T1-1  /D:1     /W-T5-1  
/T6-T5-1 /T6-F3-1 /D:1     /W-F2-1  /W-F2-1  /W-F2-1  /R       /D:1     /W-F3-1  /D:1     
/W-F1-1  /T0-F1-1 /D:1     /W-F0-1  /T0-F0-1 /T6-F0-1 /T5-T6-3 /T3-F0-1 /T4-T0-1 /D:1     
/W-F2-1  /T5-F2-1 /T6-F2-1 /T0-F2-1 /T6-F1-1 /T0-F1-1 /T6-F2-1 /T0-F2-1 /T6-F3-1 /T3-F3-1 
/T1-F3-1 /T6-F2-1 /T0-T3-1 /T0-F2-1 /T1-F2-1 /T3-T0-2 /T3-F3-1 /D:1     /W-F0-1  /D:1     
/W-F1-1  /T0-F1-1 /T0-F0-1 /T6-F1-1 /T0-F1-1 /T6-F0-1 
"
1010233,T#dC#nQb#VLaN#gmwZk#eipoEr#JFXtAvM#chjOqIDuGYfRHlPWUszKxyBS,127.000000,2967.000000,58.000000,0.575758,1,"
minimal: 0 / states: 123 / duration: 0.000110s
history:
/T3-F3-1 /T3-F1-1 /T2-F1-1 /T4-T3-1 /T1-T2-1 /T2-T5-2 /T2-F2-1 /T6-T2-1 /T3-T4-2 /D:1     
/W-F1-1  /T1-F1-1 /T4-T1-3 /T4-T1-1 /T3-T1-1 /T4-T3-1 /D:1     /W-T6-1  /D:2     /W-F3-1  
/D:4     /W-T1-1  /T0-T1-1 /D:1     /W-T6-1  /D:1     /W-T2-1  /D:1     /W-T6-1  /T5-T6-3 
/D:4     /W-F3-1  /D:3     /W-T1-1  /D:1     /W-T0-1  /D:1     /W-T2-1  /D:2     /W-T3-1  
/D:2     /R       /D:1     /W-T2-1  /T6-T2-7 /T6-F0-1 /D:4     /W-T1-1  /W-T1-1  /D:2     
/W-T0-1  /D:3     /W-T0-1  /D:1     /W-F0-1  /T2-F0-1 /T1-F0-1 /T5-F0-1 /T5-F2-1 /T5-F2-1 
/T2-F3-1 /T1-F3-1 /D:1     /W-F3-1  /T1-T4-1 /T1-F3-1 /W-F3-1  /T1-T5-1 /T1-F3-1 /T5-T1-2 
/T5-F1-1 /W-F3-1  /T4-T1-2 /R       /D:1     /W-F2-1  /T2-F2-1 /T1-F2-1 /T2-F1-1 /T6-F2-1 
/T6-F3-1 /T6-F0-1 /T1-F1-1 /T1-F2-1 /T2-F0-1 /T2-F1-1 /T2-F2-1 /T1-F1-1 /T1-F2-1 /T0-F2-1 
/T2-F1-1 /T1-F1-1 /T3-F2-1 /T0-F1-1 /T0-F2-1 /T3-F1-1 /D:2     /W-F0-1  /W-F0-1  /T6-F0-1 
/T2-F0-1 /T1-F0-1 /T2-F3-1 /T1-F3-1 /T2-F0-1 
"
1010237,Q#PS#DRl#XGsw#iWbjr#vCnVka#OZNpTAm#HKgqYtcxLUFeEIJhdyoBfuMz,167.000000,4371.000000,46.000000,0.626316,1,"
minimal: 0 / states: 111 / duration: 0.000106s
history:
/T5-F1-1 /T4-T1-1 /T3-T5-1 /T0-T1-1 /T6-T0-1 /T6-F0-1 /T3-T6-1 /T1-T3-3 /D:2     /W-T2-1  
/T4-T2-1 /T4-F1-1 /D:5     /W-F1-1  /D:2     /W-T0-1  /T5-T0-2 /T5-T0-1 /T5-F2-1 /T5-T3-1 
/T5-T2-1 /D:1     /W-T2-1  /T3-T2-5 /D:2     /W-T6-1  /D:2     /W-T4-1  /D:1     /W-T3-1  
/D:1     /W-T4-1  /D:1     /W-F1-1  /T6-F1-1 /D:2     /W-F2-1  /D:1     /W-F0-1  /T2-F0-1 
/D:1     /W-F1-1  /D:1     /W-T0-1  /T6-T0-2 /T6-F2-1 /T6-F3-1 /T6-T5-1 /T6-F3-1 /T1-F3-1 
/T2-F3-1 /W-T5-1  /T3-T5-2 /D:1     /W-T1-1  /T2-T1-8 /T2-F3-1 /T2-F0-1 /W-F0-1  /W-F0-1  
/D:1     /W-T2-1  /R       /D:2     /W-F1-1  /T4-F1-1 /D:1     /W-F2-1  /T1-F2-1 /T0-F2-1 
/T1-F3-1 /T0-F3-1 /T1-F0-1 /W-F0-1  /T1-F3-1 /T4-F0-1 /T5-F0-1 /D:1     /W-T2-1  /D:1     
/W-F2-1  /T0-F2-1 /T0-F3-1 /T1-F2-1 /T4-F3-1 /T4-F1-1 /T0-F2-1 /T1-F1-1 /T0-F1-1 /T1-F0-1 
/T5-F3-1 /T0-F0-1 /T1-F1-1 /T0-F1-1 /T1-F0-1 /T2-F3-1 /D:1     /W-F2-1  /T5-F2-1 /T2-F2-1 
/T5-F3-1 
"
1010241,A#jL#erv#qWOM#lytbm#CSIQTi#GREKUPk#XYwzNpsDBFanxfucJVhHZdog,96.500000,1596.000000,32.000000,0.728814,1,"
minimal: 0 / states: 123 / duration: 0.000112s
history:
/T0-F0-1 /T6-T1-1 /T4-T0-1 /T1-T0-2 /T2-T1-1 /D:2     /W-T3-1  /D:1     /W-T0-1  /T5-T0-1 
/D:2     /W-F3-1  /D:2     /W-T5-1  /D:2     /W-F0-1  /D:2     /W-F1-1  /T4-F1-1 /D:1     
/W-F2-1  /D:1     /W-T3-1  /T1-T3-2 /T3-T1-5 /T3-F3-1 /T6-F3-1 /T6-T1-1 /T4-T1-1 /T3-T6-1 
/D:1     /W-T1-1  /T2-T1-1 /T2-T5-1 /T3-T5-1 /D:1     /W-T0-1  /T5-T0-4 /T5-F3-1 /T5-T6-1 
/D:1     /W-F1-1  /D:3     /W-T6-1  /D:2     /W-T2-1  /T4-T2-1 /T6-T4-4 /T6-T5-1 /T6-F3-1 
/T5-T6-2 /T5-F0-1 /T6-T4-3 /D:1     /W-F1-1  /D:1     /W-F2-1  /D:1     /R       /D:1     
/W-T2-1  /D:1     /W-T3-1  /T4-T3-8 /D:1     /W-F2-1  /T0-F2-1 /T1-F2-1 /T0-F1-1 /T0-F2-1 
/T1-F1-1 /T1-F2-1 /D:1     /W-F0-1  /T3-F0-1 /T3-F3-1 /T0-F3-1 /T0-F2-1 /T1-F3-1 /T1-F2-1 
/D:1     /W-F0-1  /T3-F0-1 /D:1     /W-T2-1  /T0-T2-1 /T0-F2-1 /D:1     /W-F3-1  /T3-T1-2 
/T3-F3-1 /T1-T3-3 /T1-F2-1 /T2-T0-2 /T2-F3-1 /T1-F3-1 /T2-F2-1 /T2-F3-1 /T3-T1-5 /T3-F2-1 
/D:1     /W-F0-1  /D:1     /W-F1-1  /T1-F1-1 /T0-F1-1 /T1-F0-1 /T0-F0-1 /T1-F1-1 /T0-F1-1 
/T1-F0-1 /T0-F0-1 /T1-F1-1 /T0-F1-1 /T1-F0-1 
"
1010256,n#vd#Qlt#BehN#myWSf#TuDbVo#jqsMGZO#iUYapIFwgRkAXrKzLJHcPxEC,100.000000,1840.000000,36.000000,0.694444,1,"
minimal: 0 / states: 119 / duration: 0.000115s
history:
/T0-F2-1 /T3-F3-1 /T5-F2-1 /T6-F3-1 /T6-T0-1 /T4-T2-1 /T6-T3-1 /T4-T3-1 /D:3     /W-T6-1  
/D:1     /W-F1-1  /D:1     /W-F2-1  /D:1     /W-T4-1  /T3-T4-3 /D:6     /W-F0-1  /D:2     
/W-T2-1  /T1-T2-1 /D:1     /W-T6-1  /T4-T6-5 /T4-T0-1 /W-T0-1  /D:2     /W-T4-1  /D:1     
/W-T0-1  /T5-T0-1 /T5-F1-1 /T5-T3-1 /T5-T0-1 /T5-T0-1 /T6-T5-8 /T6-T0-1 /T6-F2-1 /T3-T0-2 
/T3-F0-1 /W-T3-1  /W-T4-1  /T1-T6-1 /D:2     /W-F1-1  /T2-F1-1 /T2-F2-1 /D:1     /W-F3-1  
/D:2     /W-T2-1  /D:1     /W-F0-1  /T0-F0-1 /T0-F1-1 /T0-F2-1 /T2-F0-1 /T2-F1-1 /T2-F2-1 
/T2-T3-1 /T2-F3-1 /W-T3-1  /T6-T3-2 /R       /D:2     /W-T3-1  /D:1     /W-F0-1  /D:1     
/W-T4-1  /W-T4-1  /D:1     /W-F1-1  /T5-T3-2 /T5-F1-1 /T4-F1-1 /D:1     /W-F3-1  /T3-F3-1 
/T0-F3-1 /T0-F2-1 /T3-F0-1 /T3-F3-1 /T3-F2-1 /T0-F3-1 /T4-F2-1 /T3-F1-1 /T3-F2-1 /T4-F1-1 
/T3-F1-1 /T0-T4-2 /T0-F2-1 /T3-F2-1 /T4-T0-3 /T4-F1-1 /D:1     /W-F0-1  /T5-F0-1 /T0-F0-1 
/T5-F3-1 /T0-F3-1 /T5-F0-1 /T0-F0-1 /T5-F3-1 /T0-F3-1 /T5-F0-1 
"
1010274,m#wc#YTp#GdaU#ZSCWn#xHsrAD#IFzqPev#fQiRBoVuMybhgJtKNLlXkjEO,86.500000,636.000000,22.000000,0.879630,1,"
minimal: 0 / states: 121 / duration: 0.000104s
history:
/T4-F2-1 /T6-T4-1 /T5-T6-1 /T5-F0-1 /T3-T4-1 /T3-F1-1 /T2-T3-1 /T1-T6-1 /T3-T5-2 /T3-T4-1 
/D:1     /W-T4-1  /T5-T4-3 /T6-T5-3 /T5-T2-4 /T2-T5-5 /D:2     /W-T1-1  /T5-T1-6 /T4-T5-8 
/T5-T2-9 /D:2     /W-F0-1  /T4-F0-1 /D:1     /W-F2-1  /T2-F2-1 /D:3     /W-T3-1  /T2-T3-9 
/D:1     /W-T0-1  /D:1     /W-F1-1  /T1-F1-1 /T3-F1-1 /T6-T1-1 /T6-F2-1 /T6-T2-1 /T3-F2-1 
/T1-T6-3 /T1-F2-1 /T6-T1-4 /D:1     /W-T6-1  /D:3     /W-T6-1  /T4-T6-1 /D:2     /W-F3-1  
/D:1     /W-T4-1  /D:1     /W-T2-1  /W-T2-1  /D:1     /W-T0-1  /W-T0-1  /D:1     /W-T4-1  
/T1-T4-8 /D:1     /W-T2-1  /T6-T2-4 /D:1     /W-T2-1  /D:1     /W-F3-1  /T4-F3-1 /T4-F0-1 
/T4-F1-1 /T2-F0-1 /T3-F1-1 /T4-F0-1 /W-F1-1  /T3-F0-1 /T2-T3-2 /T2-F1-1 /R       /D:1     
/W-F3-1  /D:1     /W-F3-1  /T3-F3-1 /T3-F2-1 /T4-F3-1 /T3-F3-1 /T4-F0-1 /T2-F0-1 /T0-F0-1 
/T4-F1-1 /T2-F1-1 /T2-F0-1 /T4-T0-1 /T4-F1-1 /T2-F1-1 /T4-F0-1 /T0-T4-3 /T0-F1-1 /T3-T2-4 
/T3-F0-1 /D:1     /W-F3-1  /D:1     /W-F2-1  /T2-F2-1 /T2-F3-1 /T4-F2-1 /T2-F2-1 /T4-F3-1 
/T2-F3-1 /T4-F2-1 /T2-F2-1 /T4-F3-1 
"
1010315,v#GH#mad#gZib#fJkIT#VWjrNU#lhSqwDR#BeLcusnpFtoxKXEPOMyCAQYz,166.500000,1254.000000,48.000000,0.569149,1,"
minimal: 0 / states: 131 / duration: 0.000168s
history:
/T5-T0-1 /T5-F3-1 /T4-T1-1 /T2-T5-1 /T2-F1-1 /T3-F1-1 /T1-T3-2 /T1-T0-1 /D:3     /W-T2-1  
/D:1     /W-F1-1  /T5-F1-1 /W-F1-1  /D:2     /W-T3-1  /T6-T3-1 /T6-T3-1 /T3-T6-6 /T3-T1-1 
/D:1     /W-F2-1  /D:2     /W-T3-1  /D:2     /W-F2-1  /D:3     /W-T2-1  /T6-T2-7 /F1-T3-1 
/T6-T3-1 /T5-T6-1 /T4-T5-1 /T6-T0-2 /T6-T5-1 /W-T6-1  /T5-T6-3 /T0-T5-5 /D:2     /W-T2-1  
/D:1     /W-F3-1  /T2-F3-1 /D:1     /W-T0-1  /T6-T0-5 /D:1     /W-T1-1  /T4-T1-1 /T4-T1-1 
/W-T4-1  /D:2     /W-F0-1  /D:1     /W-F3-1  /D:2     /W-T6-1  /W-T6-1  /R       /D:1     
/W-F0-1  /D:2     /W-F2-1  /T3-F2-1 /T5-F2-1 /T3-F1-1 /T2-T3-2 /T2-F2-1 /T4-T5-1 /T4-F1-1 
/T3-T2-3 /T3-F1-1 /T0-F1-1 /D:1     /W-F2-1  /W-F2-1  /T5-T0-4 /T5-F2-1 /T2-T1-6 /T2-F2-1 
/D:1     /W-T6-1  /T5-T6-1 /T1-T5-5 /T1-F1-1 /T0-T6-5 /T0-F1-1 /T1-T2-1 /T1-F1-1 /T6-T0-6 
/T6-F2-1 /T1-F2-1 /T0-T6-7 /T0-F1-1 /T2-T1-3 /T2-F1-1 /T6-T0-8 /T6-F2-1 /T5-T1-6 /D:1     
/W-F0-1  /T1-F0-1 /T0-F0-1 /T1-F3-1 /T0-F3-1 /T1-F0-1 /T0-F0-1 /T1-F3-1 /T0-F3-1 /T1-F0-1 
/T0-F0-1 /T1-F3-1 /T0-F3-1 /T1-F0-1 /T0-F0-1 /T1-F3-1 /T0-F3-1 /T1-F0-1 /T0-F0-1 /T1-F3-1 
"
1010317,v#Kl#oNh#uZHM#WXmkt#VSJaAI#xyBwcPn#YfbEOjUpQzRqerFCiLsTGdgD,88.000000,839.000000,26.000000,0.789474,1,"
minimal: 0 / states: 115 / duration: 0.000106s
history:
/T6-F2-1 /T4-T2-1 /T2-T0-2 /T2-F3-1 /T2-F2-1 /T3-T2-1 /T1-T2-1 /T1-T2-1 /D:2     /W-T0-1  
/D:2     /W-T0-1  /D:1     /W-F3-1  /T6-F3-1 /D:1     /W-T2-1  /T5-T2-1 /T5-F0-1 /T5-F1-1 
/W-F1-1  /T6-F1-1 /T6-T4-1 /T6-F0-1 /T4-T6-2 /T4-T1-1 /T5-T4-1 /T6-T1-3 /D:1     /W-T2-1  
/D:1     /W-F2-1  /D:1     /W-F3-1  /D:2     /W-F3-1  /T5-F3-1 /T3-T5-1 /T5-T1-2 /T3-T5-1 
/D:1     /W-F2-1  /D:2     /W-F2-1  /D:2     /W-F0-1  /D:1     /W-T4-1  /T3-T4-1 /D:1     
/W-T5-1  /T4-T5-4 /T0-T4-5 /T4-T6-6 /D:1     /W-F2-1  /D:1     /W-F3-1  /T2-F3-1 /D:2     
/W-F1-1  /D:1     /W-T1-1  /D:1     /W-F0-1  /T6-F0-1 /R       /D:2     /W-T0-1  /W-T0-1  
/T6-T0-6 /D:1     /W-F1-1  /T0-F1-1 /T0-F2-1 /T1-F1-1 /T5-F2-1 /T0-F1-1 /T0-F2-1 /T5-F1-1 
/T1-T5-2 /T1-F2-1 /T2-T0-1 /T2-F1-1 /T1-F1-1 /T0-T2-2 /T0-F2-1 /T1-F2-1 /T2-T0-3 /T2-F1-1 
/T1-F1-1 /T0-T2-4 /T0-F2-1 /D:1     /W-F0-1  /D:1     /W-F0-1  /T5-F0-1 /T2-F0-1 /T5-F3-1 
/T2-F3-1 /T5-F0-1 /T2-F0-1 /T5-F3-1 /T2-F3-1 /T5-F0-1 /T2-F0-1 /T5-F3-1 
"
1010368,X#Ph#jbL#MQSA#Ixlsr#dOeKoY#CBiHGmN#UwEqvpDVTRcFJznkWtZafguy,153.500000,2488.000000,56.000000,0.521739,1,"
minimal: 0 / states: 132 / duration: 0.000121s
history:
/T3-F0-1 /T6-F3-1 /T4-T3-1 /T2-T6-1 /T0-T6-1 /T6-T0-3 /T6-T1-1 /T3-T1-2 /T3-T1-1 /T5-T3-1 
/D:2     /W-T0-1  /D:4     /W-T1-1  /T2-T1-1 /W-T2-1  /T1-T2-7 /T5-T1-1 /T5-T3-1 /T5-T4-1 
/T5-F3-1 /W-T4-1  /T1-T4-2 /T2-T3-9 /D:2     /W-T0-1  /T6-T0-1 /D:1     /W-T0-1  /T4-T0-5 
/D:5     /W-T1-1  /T4-T1-1 /T4-T1-1 /D:1     /W-F2-1  /T0-F2-1 /T0-F3-1 /T3-T5-2 /T3-F3-1 
/T5-T3-3 /D:2     /W-T1-1  /T4-T1-1 /D:2     /W-T2-1  /D:1     /W-F1-1  /T3-F1-1 /T3-F2-1 
/T0-F2-1 /D:3     /W-T6-1  /W-T6-1  /D:1     /W-T2-1  /R       /D:1     /W-T1-1  /D:2     
/W-T0-1  /D:1     /W-F3-1  /D:1     /W-F1-1  /T3-F1-1 /T3-F2-1 /T3-F3-1 /T0-T6-3 /T0-F3-1 
/T1-F3-1 /D:3     /W-T2-1  /W-T2-1  /T6-T2-6 /T6-F0-1 /T6-F0-1 /T2-F0-1 /T2-F1-1 /T2-F2-1 
/W-T2-1  /W-F0-1  /T2-F0-1 /T3-F0-1 /T0-F0-1 /T0-F3-1 /T1-F0-1 /T1-F3-1 /T2-T0-3 /T2-F0-1 
/T0-T2-4 /T0-F3-1 /T3-T1-3 /T3-F0-1 /T0-F0-1 /T3-F3-1 /T3-F0-1 /T2-T0-6 /T2-F3-1 /D:1     
/W-F2-1  /D:1     /W-F1-1  /T0-F1-1 /T0-F2-1 /T1-F1-1 /T0-F1-1 /T1-F2-1 /T0-F2-1 /T1-F1-1 
/T0-F1-1 /T1-F2-1 /T0-F2-1 /T1-F1-1 /T0-F1-1 /T1-F2-1 
"
1010418,f#RN#PEI#uVQx#UdnTk#JMeoHm#vDWYAiZ#cygLjhparBwKSbsGqlOzCXFt,121.000000,939.000000,38.000000,0.639706,1,"
minimal: 0 / states: 128 / duration: 0.000119s
history:
/T1-F3-1  /D:2      /W-T5-1   /T4-T5-1  /D:2      /W-T6-1   /D:1      /W-T3-1   /T2-T3-1  /T2-T0-1  
/D:1      /W-T3-1   /D:2      /W-F1-1   /D:2      /W-T2-1   /D:1      /W-T5-1   /D:3      /W-F1-1   
/D:1      /W-T4-1   /T1-T4-1  /T6-T1-2  /T6-T5-1  /T6-F0-1  /T2-F0-1  /T3-T6-4  /T3-T0-1  /D:1      
/W-T6-1   /T0-T6-3  /T5-T0-5  /T5-T0-1  /T4-T0-3  /T4-F2-1  /T5-F2-1  /D:1      /W-T0-1   /T2-T0-1  
/D:2      /W-F3-1   /T0-F3-1  /T6-F3-1  /T4-T6-1  /T0-T5-1  /T0-F3-1  /T5-T0-2  /T6-T5-9  /T5-T2-10 
/T3-T5-1  /T3-T5-1  /D:1      /W-T3-1   /W-T3-1   /W-F3-1   /W-T3-1   /T6-T3-1  /D:1      /W-F0-1   
/T6-F0-1  /T4-T6-1  /T6-T3-2  /D:1      /W-T1-1   /T5-T1-3  /D:2      /W-T3-1   /R        /D:1      
/W-F1-1   /T2-F1-1  /T2-F0-1  /D:1      /W-T1-1   /T0-T1-3  /T0-F3-1  /D:1      /W-F2-1   /T1-F2-1  
/T1-F1-1  /T2-F1-1  /D:1      /W-F2-1   /T1-F2-1  /T3-F2-1  /T1-F1-1  /T1-F2-1  /T3-F3-1  /T1-F3-1  
/T3-F2-1  /T3-F3-1  /T0-T1-2  /T0-F2-1  /T1-T0-3  /T1-F3-1  /T2-T3-4  /T2-F2-1  /T2-F3-1  /T0-T1-4  
/T0-F2-1  /T1-T0-5  /T1-F3-1  /T3-T2-6  /T3-F2-1  /D:1      /W-F0-1   /T2-F0-1  /T0-F0-1  /T2-F1-1  
/T0-F1-1  /T2-F0-1  /T0-F0-1  /T2-F1-1  /T0-F1-1  /T2-F0-1  /T0-F0-1  /T2-F1-1  /T0-F1-1  /T2-F0-1  
"
1010419,A#mT#yLu#ZfjJ#XpcqE#PwhesC#HGIQNlM#SDOvRokUanzrFxdVKgBYbiWt,154.500000,2112.000000,50.000000,0.571429,1,"
minimal: 0 / states: 126 / duration: 0.000116s
history:
/T0-F0-1 /T6-T0-1 /T6-T0-1 /T6-F3-1 /T5-T6-1 /T5-T1-1 /T5-T1-1 /T6-T4-2 /T5-T6-1 /T1-T2-3 
/D:2     /W-T2-1  /D:1     /W-F3-1  /D:6     /W-F1-1  /D:1     /W-F2-1  /D:4     /W-T0-1  
/D:2     /W-T3-1  /T2-T3-5 /T2-T1-1 /D:3     /W-F0-1  /T4-F0-1 /T3-F0-1 /D:2     /W-F1-1  
/D:1     /W-T5-1  /D:1     /W-T0-1  /T6-T0-2 /T6-T0-1 /T6-T5-1 /D:1     /R       /D:1     
/W-T0-1  /T4-T0-2 /T4-T3-1 /T4-F1-1 /T4-T0-1 /T3-T4-7 /T4-T1-8 /D:1     /W-T3-1  /D:2     
/W-F2-1  /T0-F2-1 /T1-F2-1 /D:1     /W-T2-1  /T5-T2-3 /T5-F3-1 /T0-F3-1 /W-F3-1  /T0-F0-1 
/T0-F3-1 /D:1     /W-T3-1  /D:1     /W-T4-1  /D:1     /W-F2-1  /D:1     /W-F0-1  /T0-F0-1 
/T2-F0-1 /D:1     /W-F1-1  /T1-F1-1 /T1-F2-1 /T1-F3-1 /T3-F3-1 /T0-T3-1 /T0-F0-1 /T1-T2-1 
/T1-F3-1 /T0-F3-1 /T3-T0-3 /T3-F1-1 /T1-F0-1 /T1-F3-1 /T2-T3-5 /D:1     /W-F0-1  /T1-F0-1 
/T0-T4-5 /T0-F0-1 /D:1     /W-F1-1  /T4-F1-1 /D:1     /W-F3-1  /T3-T1-5 /T3-F3-1 /D:1     
/W-F2-1  /T1-F2-1 /T1-F1-1 /T4-F2-1 /T1-F2-1 /T4-F1-1 /T1-F1-1 /T4-F2-1 /T1-F2-1 /T4-F1-1 
/T1-F1-1 /T4-F2-1 
"
1010435,O#Sd#EyN#BTUA#hcIvJ#frGgZY#eoXkjix#pDPqmMCbLaKztRwnFWQusHVl,136.500000,3096.000000,57.000000,0.559140,1,"
minimal: 0 / states: 123 / duration: 0.000132s
history:
/T2-F3-1 /T0-F3-1 /T3-F0-1 /T6-T5-1 /T6-T4-1 /T6-T5-1 /T4-T6-2 /T4-T5-1 /T6-T2-3 /T3-T4-1 
/D:1     /W-T1-1  /D:2     /W-F3-1  /D:2     /W-T0-1  /T2-T0-4 /T1-T2-2 /T2-T1-3 /D:1     
/W-T2-1  /T5-T2-4 /D:2     /W-T1-1  /D:1     /W-T5-1  /T6-T5-1 /D:1     /W-F1-1  /T1-F1-1 
/D:3     /W-T4-1  /T1-T4-4 /T5-T1-3 /D:2     /W-T1-1  /D:1     /W-F2-1  /T6-F2-1 /T4-F2-1 
/D:1     /W-T3-1  /W-T3-1  /D:2     /W-F3-1  /T3-F3-1 /T6-T3-1 /D:1     /W-T0-1  /T5-T0-1 
/D:1     /W-T0-1  /D:2     /W-T1-1  /W-T1-1  /T3-T1-3 /T3-F0-1 /D:1     /R       /D:1     
/W-T1-1  /D:1     /W-F2-1  /D:1     /W-F0-1  /T1-F0-1 /D:2     /W-T3-1  /D:2     /W-T3-1  
/R       /D:1     /W-T3-1  /D:1     /W-T3-1  /T4-T3-6 /T4-F1-1 /T3-F1-1 /T1-F1-1 /T3-F0-1 
/T1-F0-1 /T5-F0-1 /T5-F2-1 /T0-F2-1 /T3-F3-1 /T1-F3-1 /T5-F1-1 /T0-F1-1 /T1-F0-1 /T3-F2-1 
/T0-F2-1 /T3-F3-1 /T1-F3-1 /T4-F1-1 /T0-F1-1 /T2-F2-1 /T1-F2-1 /T3-F0-1 /T0-F0-1 /T2-F1-1 
/T0-F1-1 /T3-F3-1 /T1-F3-1 /T2-F2-1 /T0-F2-1 /T3-F0-1 /T1-F0-1 /T2-F3-1 /T1-F3-1 /T3-F1-1 
/T0-F1-1 /T2-F0-1 /T3-F2-1 
"
1010465,n#XR#eiN#CSas#hKWEx#gZfpHP#jFzcbYo#GkQIUDrdtmVylLAuqMTOJwvB,176.000000,4851.000000,50.000000,0.575000,1,"
minimal: 0 / states: 125 / duration: 0.000127s
history:
/T0-F2-1 /T2-F3-1 /T6-F2-1 /T4-T6-1 /T1-T3-1 /D:3     /W-T4-1  /D:3     /W-T3-1  /T5-T3-1 
/T5-T2-1 /T5-F2-1 /T4-T5-2 /T4-T6-1 /D:4     /W-T0-1  /D:2     /W-T0-1  /T1-T0-1 /D:3     
/W-F0-1  /D:2     /W-F2-1  /D:1     /W-T1-1  /T6-T1-3 /D:1     /W-T2-1  /T3-T2-4 /T3-F1-1 
/T6-F1-1 /T6-F1-1 /D:1     /W-F3-1  /T2-F3-1 /T5-F3-1 /D:1     /W-T0-1  /T2-T0-6 /T0-T2-1 
/T0-F3-1 /T3-F3-1 /T2-T0-2 /T6-T2-1 /D:2     /W-T1-1  /D:1     /W-F0-1  /T3-F0-1 /T0-F0-1 
/T5-F0-1 /T6-F0-1 /T6-T4-1 /R       /D:1     /W-F0-1  /D:2     /W-T4-1  /D:1     /W-T1-1  
/F0-T1-1 /T5-T1-1 /T5-T3-1 /T0-T5-2 /T0-F3-1 /T5-T0-3 /D:1     /W-F2-1  /D:1     /W-F1-1  
/T0-F1-1 /T0-F2-1 /T1-F1-1 /T0-F1-1 /T1-F0-1 /T0-F0-1 /T1-F3-1 /T4-F0-1 /D:1     /W-F2-1  
/D:1     /W-F3-1  /T1-T4-1 /T1-F3-1 /D:1     /W-T2-1  /T4-T2-3 /T4-F1-1 /T0-F1-1 /T0-F0-1 
/T0-F3-1 /T2-T1-2 /T2-F0-1 /T1-T2-3 /T1-F3-1 /T3-F3-1 /W-T0-1  /D:1     /W-F0-1  /T1-F0-1 
/D:1     /W-F2-1  /T2-F2-1 /T2-F1-1 /T0-F1-1 /D:1     /W-F2-1  /T2-F2-1 /T0-F2-1 /T2-F1-1 
/T0-F1-1 /T2-F2-1 
"
1010502,Q#hx#jos#vTXa#PDNtA#liJpeO#WGfdFyS#ZkImgrRqcuCBMUHnzwEYKVLb,153.000000,2748.000000,50.000000,0.645161,1,"
minimal: 0 / states: 116 / duration: 0.000163s
history:
/T3-F1-1 /T4-F0-1 /T6-T4-1 /T3-T6-1 /T2-T3-1 /D:6     /W-T4-1  /T0-T4-1 /D:1     /W-T3-1  
/D:1     /W-T3-1  /D:1     /W-T3-1  /T2-T3-1 /T2-T1-1 /D:2     /W-T4-1  /T5-T4-1 /D:1     
/W-F0-1  /D:1     /W-T0-1  /D:3     /W-F2-1  /T3-F2-1 /D:1     /W-T2-1  /D:1     /W-T6-1  
/D:2     /W-T0-1  /T1-T0-2 /T4-T1-6 /T4-F3-1 /T1-F3-1 /T4-T5-1 /T4-F3-1 /T1-F0-1 /T1-F3-1 
/T5-F0-1 /W-F0-1  /T3-T5-2 /T3-F3-1 /T5-T3-3 /T5-F2-1 /D:2     /W-T5-1  /D:2     /W-F1-1  
/T3-F1-1 /T3-F2-1 /T1-F2-1 /T1-F3-1 /R       /D:1     /W-T4-1  /T6-T4-3 /T6-F0-1 /T6-F1-1 
/T3-F1-1 /T3-F2-1 /T3-F3-1 /T6-F1-1 /T1-F2-1 /T6-F0-1 /T1-T3-1 /T3-T0-2 /D:2     /W-T6-1  
/D:1     /W-T1-1  /D:1     /W-F1-1  /T0-F1-1 /D:1     /W-F2-1  /T0-F2-1 /T4-F2-1 /T5-T4-2 
/T5-F1-1 /T0-F1-1 /T0-F2-1 /W-F1-1  /T5-F1-1 /T1-F1-1 /D:1     /W-F3-1  /T4-F3-1 /D:1     
/W-F0-1  /T6-F0-1 /T4-F0-1 /T6-F3-1 /T4-F3-1 /T4-F2-1 /T0-F3-1 /T2-F2-1 /T4-F3-1 /D:1     
/W-F0-1  /D:1     /W-F0-1  /T0-F0-1 
"
1010540,i#hF#ZtA#fUDn#vJXWO#GREowH#VmKTlPp#rYSqBCzcIMyexNaubgLkjdQs,109.500000,1224.000000,47.000000,0.608434,1,"
minimal: 0 / states: 123 / duration: 0.000128s
history:
/T2-F0-1 /T3-F2-1 /T5-T0-1 /T4-T6-1 /T0-T5-2 /D:3     /W-T2-1  /D:2     /W-F0-1  /D:1     
/W-F0-1  /T3-F0-1 /T2-T3-2 /D:1     /W-T0-1  /D:2     /W-T4-1  /T3-T4-3 /D:2     /W-T2-1  
/D:1     /W-T1-1  /D:2     /W-F3-1  /T6-F3-1 /D:1     /W-F1-1  /D:2     /W-F1-1  /D:1     
/W-T5-1  /T1-T5-2 /D:2     /W-T2-1  /T5-T2-6 /T5-F2-1 /T6-F2-1 /T6-F3-1 /T5-F0-1 /T6-T0-1 
/D:3     /W-F3-1  /T5-F3-1 /T4-F3-1 /T6-F3-1 /T4-T6-4 /T6-T0-5 /T3-T0-1 /T6-T3-1 /T0-T1-2 
/T0-F3-1 /T6-F3-1 /T1-T0-3 /D:1     /R       /D:1     /W-T0-1  /D:2     /W-F2-1  /T0-F2-1 
/D:1     /W-F1-1  /D:1     /W-T1-1  /W-T1-1  /D:1     /W-T1-1  /D:2     /W-T3-1  /T4-T3-1 
/T4-T3-1 /D:1     /W-T1-1  /T0-T1-4 /T0-F3-1 /D:1     /W-F1-1  /T2-F1-1 /T1-F1-1 /T2-F0-1 
/T5-F0-1 /T2-F1-1 /T2-F0-1 /T1-T4-2 /T1-F0-1 /T3-F0-1 /T0-F0-1 /T3-F3-1 /T3-F0-1 /T1-T0-2 
/T1-F3-1 /T1-F0-1 /T2-T3-4 /T2-F3-1 /W-T3-1  /T4-T0-3 /D:1     /W-F2-1  /T0-F2-1 /T0-F1-1 
/T3-F2-1 /T0-F2-1 /T3-F1-1 /T0-F1-1 /T3-F2-1 /T0-F2-1 /T3-F1-1 /T0-F1-1 /T3-F2-1 /T0-F2-1 
/T3-F1-1 
"
1010566,D#Uw#Ykj#EteK#vPgIV#AbJzGN#LsBoyhn#FWrSOTlXdcQaCZqMpxRHmifu,106.500000,2628.000000,49.000000,0.584416,1,"
minimal: 0 / states: 127 / duration: 0.000128s
history:
/T5-F3-1 /T6-F2-1 /T4-T1-1 /T6-T4-1 /T5-T4-1 /T4-T2-3 /T2-T3-4 /T1-T2-2 /T2-T6-3 /T3-T2-5 
/T0-T3-1 /T5-T0-1 /T2-T0-6 /D:1     /W-T4-1  /T3-T4-2 /T3-T1-1 /D:3     /W-T0-1  /W-T0-1  
/D:1     /W-F3-1  /D:4     /W-T0-1  /D:1     /W-T4-1  /D:1     /W-T3-1  /D:1     /W-F1-1  
/D:1     /W-T0-1  /D:1     /W-T2-1  /T6-T2-4 /T6-F2-1 /T6-T4-1 /D:3     /W-F2-1  /D:2     
/W-T6-1  /D:1     /W-T2-1  /T4-T2-6 /T4-F3-1 /T3-F3-1 /T6-F3-1 /T1-T4-2 /D:1     /W-T1-1  
/D:1     /W-T5-1  /D:1     /W-T4-1  /T0-T4-3 /T0-F3-1 /D:1     /W-T5-1  /R       /D:2     
/W-T5-1  /T6-T5-1 /T6-T1-1 /D:2     /W-T1-1  /T5-T1-5 /T5-F1-1 /T5-F0-1 /T2-F0-1 /T2-F1-1 
/T4-F0-1 /T2-F0-1 /T4-F1-1 /T3-F0-1 /T2-F1-1 /T2-F0-1 /T0-F0-1 /T1-T2-1 /T1-F3-1 /T2-T1-2 
/T2-F0-1 /T4-T0-3 /T4-F3-1 /T2-F3-1 /T0-T4-4 /T0-F0-1 /T1-T2-4 /T1-F0-1 /T4-T0-5 /D:1     
/W-F2-1  /T0-F2-1 /T0-F1-1 /T2-F2-1 /T0-F2-1 /T2-F1-1 /T0-F1-1 /T2-F2-1 /T0-F2-1 /T2-F1-1 
/T0-F1-1 /T2-F2-1 /T2-F1-1 /T0-F0-1 /W-F1-1  /W-F3-1  /T1-F3-1 /T1-F0-1 /T0-F3-1 /T1-F1-1 
/D:1     /W-F0-1  /D:1     /W-F2-1  /T2-F2-1 /T0-F2-1 /T2-F3-1 
"
1010586,t#nS#ONY#UPJZ#VQWXo#glmpzE#bqMRawL#CFGvcrDjsuTHyIiBekxfdhAK,83.000000,1907.000000,52.000000,0.565789,1,"
minimal: 0 / states: 132 / duration: 0.000120s
history:
/T6-T3-1 /T5-T1-1 /T2-T5-1 /T2-F3-1 /T2-F3-1 /T5-T2-2 /T1-T0-2 /T1-F2-1 /T4-F2-1 /T5-F2-1 
/T6-T4-1 /T6-F1-1 /T3-T1-2 /T4-T1-2 /D:4     /W-T4-1  /D:3     /W-T6-1  /D:6     /W-T5-1  
/D:2     /W-T1-1  /D:3     /W-T5-1  /T3-T5-1 /T3-F3-1 /T0-T3-3 /T5-T0-4 /T3-T4-4 /D:1     
/W-T2-1  /T4-T2-6 /T4-F3-1 /T4-T0-1 /D:2     /W-T2-1  /D:2     /W-F0-1  /D:1     /W-T5-1  
/R       /D:1     /W-T2-1  /D:3     /W-T6-1  /D:2     /W-T5-1  /D:2     /W-T0-1  /D:1     
/W-T0-1  /W-T0-1  /T6-T0-3 /T6-T3-1 /T6-F2-1 /T6-F1-1 /T5-T3-3 /T0-F1-1 /W-F2-1  /D:1     
/W-T1-1  /T5-T1-1 /D:1     /W-T3-1  /D:1     /W-F0-1  /T2-F0-1 /T0-F0-1 /T0-F3-1 /T2-F1-1 
/T2-F0-1 /T2-F3-1 /T0-F2-1 /T0-F3-1 /T2-F2-1 /T0-F2-1 /T2-F3-1 /T0-F3-1 /T2-F2-1 /T2-F3-1 
/T1-T0-3 /T1-F2-1 /T1-F3-1 /T2-F2-1 /T2-F3-1 /T0-T1-5 /T0-F2-1 /T2-F2-1 /T1-T0-6 /T1-F3-1 
/D:1     /W-F1-1  /D:1     /W-F1-1  /T0-F1-1 /D:1     /W-F1-1  /R       /D:1     /W-F0-1  
/D:1     /W-F0-1  /T0-F0-1 /T0-F1-1 /T3-F0-1 /T0-F0-1 /T3-F1-1 /T0-F1-1 /T3-F0-1 /T0-F0-1 
/T3-F1-1 /T0-F1-1 /T3-F0-1 
"
1010608,v#Vb#sBu#gGTn#RxMzL#IAkrof#QCFYlcZ#WUhtyjePSHJNEapwidqmXDKO,71.000000,533.000000,22.000000,0.891304,1,"
minimal: 0 / states: 123 / duration: 0.000116s
history:
/T3-F2-1 /T4-T6-1 /T3-T2-1 /T5-T3-1 /T5-F2-1 /T5-T3-1 /T5-T6-1 /T5-F0-1 /D:2     /W-T0-1  
/T3-T0-3 /D:1     /W-T5-1  /D:1     /W-T5-1  /D:5     /W-T5-1  /D:2     /W-T6-1  /D:1     
/W-F3-1  /D:1     /W-T5-1  /D:1     /W-F1-1  /T1-F1-1 /T2-T1-2 /T2-F0-1 /T1-T6-3 /T6-T1-7 
/T6-F1-1 /T6-T4-1 /T2-T1-1 /T4-T2-2 /T6-T4-1 /T6-T3-1 /T6-F0-1 /T6-T0-1 /T4-T6-2 /T4-T2-1 
/T4-T1-1 /D:1     /W-F2-1  /D:3     /W-F1-1  /D:1     /W-F2-1  /T0-T5-1 /T0-F2-1 /T1-T3-1 
/T1-F2-1 /D:1     /W-T4-1  /D:2     /W-F0-1  /D:1     /W-T6-1  /D:1     /W-F3-1  /R       
/D:1     /W-T2-1  /T0-T2-4 /D:1     /W-T4-1  /D:1     /W-T6-1  /T5-T6-6 /D:1     /W-F1-1  
/T2-F1-1 /T3-T1-2 /T3-F1-1 /T6-T2-3 /T6-F2-1 /T6-F1-1 /D:1     /W-F3-1  /T2-F3-1 /T1-F3-1 
/T2-F0-1 /T1-F0-1 /T2-F3-1 /T1-F3-1 /T1-F2-1 /T2-F0-1 /T2-F3-1 /T2-F2-1 /T1-F3-1 /T2-F3-1 
/D:1     /W-F0-1  /T6-F0-1 /T1-F0-1 /T6-T2-1 /T6-F0-1 /T1-T4-1 /T1-F0-1 /D:1     /W-F2-1  
/D:1     /W-F1-1  /T2-F1-1 /T2-F2-1 /T4-F1-1 /T2-F1-1 /T4-F2-1 /T4-F1-1 /T2-F2-1 /D:1     
/W-F3-1  /T6-F3-1 /T1-F3-1 /T6-F0-1 
"
1010616,Y#cN#kbx#wUhC#TrzvJ#jISLKf#ZltPOae#XFGApEnBMdDQiymqWoHsuVRg,134.500000,1847.000000,55.000000,0.649038,1,"
minimal: 0 / states: 123 / duration: 0.000151s
history:
/T1-F3-1 /T2-T0-1 /T2-T3-1 /T4-T2-1 /D:4     /W-F0-1  /D:2     /W-T5-1  /D:1     /W-F2-1  
/D:1     /W-F0-1  /D:2     /W-T5-1  /T3-T5-2 /T3-T4-1 /D:1     /W-T6-1  /T1-T6-1 /W-T1-1  
/T0-T1-2 /D:2     /W-T2-1  /D:2     /W-T0-1  /W-T0-1  /T2-T0-3 /D:2     /W-T1-1  /T4-T1-2 
/T4-T2-1 /D:1     /W-F2-1  /D:1     /W-T0-1  /D:5     /W-T0-1  /R       /D:2     /W-T0-1  
/T6-T0-3 /T6-F1-1 /T5-F1-1 /T0-F1-1 /T6-F3-1 /T5-F0-1 /T6-F3-1 /T0-F0-1 /T5-T6-3 /T6-T1-4 
/T5-T6-1 /T6-T2-2 /T5-T6-1 /T4-T5-1 /T1-F1-1 /T0-F1-1 /T1-F0-1 /T0-F0-1 /T1-F1-1 /T5-T1-2 
/T3-T5-1 /T0-F1-1 /T1-T5-3 /T1-F1-1 /W-T6-1  /T3-T6-1 /T4-T0-1 /D:1     /W-F0-1  /D:1     
/W-F2-1  /D:1     /W-F3-1  /D:1     /W-F2-1  /T5-F2-1 /D:1     /W-F2-1  /D:2     /W-T6-1  
/T0-T6-2 /T0-F1-1 /D:1     /W-F3-1  /T5-F3-1 /T5-F2-1 /T6-F3-1 /T5-F3-1 /T6-F0-1 /T5-F0-1 
/W-F2-1  /T1-F2-1 /T5-F1-1 /T6-F3-1 /T0-F0-1 /T1-F3-1 /T2-F0-1 /T6-F2-1 /T0-F1-1 /T1-F2-1 
/T2-F1-1 /T6-F3-1 /T0-F2-1 /T1-F3-1 /T2-F2-1 /T6-F0-1 /T0-F1-1 /T1-F0-1 /T6-F3-1 
"
1010618,y#Up#tKN#JDIL#ZPOYR#jzCXgH#TEiGscn#vqQBebSFMxamfVuWwkrdAolh,133.500000,2685.000000,56.000000,0.550000,1,"
minimal: 0 / states: 126 / duration: 0.000140s
history:
/T2-F3-1 /T6-F2-1 /D:2     /W-T4-1  /T6-T4-1 /T4-T6-3 /T2-T4-1 /D:2     /W-T6-1  /D:2     
/W-T1-1  /D:1     /W-T2-1  /D:4     /W-F1-1  /T1-F1-1 /D:5     /W-T4-1  /D:2     /W-T0-1  
/W-T0-1  /D:1     /W-T2-1  /D:1     /W-T2-1  /T1-T2-1 /T2-T1-5 /D:1     /W-F0-1  /T6-F0-1 
/T6-F1-1 /D:1     /W-F2-1  /T1-F2-1 /T1-F1-1 /T6-F2-1 /T1-F2-1 /D:2     /R       /D:1     
/W-T4-1  /T1-T4-3 /D:2     /W-F1-1  /D:2     /W-T1-1  /T4-T1-7 /T4-F3-1 /T4-F3-1 /T3-T4-1 
/D:2     /W-T2-1  /T0-T2-3 /D:1     /W-F1-1  /D:1     /W-T2-1  /T5-T2-1 /T5-F1-1 /T5-T4-1 
/T5-F0-1 /T5-T0-1 /T3-T5-1 /T3-F0-1 /F1-T2-1 /T6-T2-2 /T3-T4-1 /D:2     /W-T0-1  /D:1     
/W-T5-1  /T6-T5-1 /T6-T4-1 /T6-F0-1 /T2-T6-2 /T2-F1-1 /W-T4-1  /W-T0-1  /W-F0-1  /W-F3-1  
/T6-F3-1 /T1-F3-1 /T5-F0-1 /T6-F2-1 /T1-F2-1 /T5-F1-1 /T6-F3-1 /T1-F3-1 /T2-F0-1 /T4-F2-1 
/T1-F2-1 /T2-F3-1 /T4-F1-1 /T2-F2-1 /T5-F0-1 /T1-F3-1 /T4-F0-1 /T4-F3-1 /T5-F1-1 /T0-F2-1 
/T1-F0-1 /T1-F3-1 /T2-F1-1 /T0-F1-1 /T2-F2-1 /T0-F2-1 /T4-F0-1 /T1-F0-1 /T2-F1-1 /T4-F3-1 
"
1010641,Y#Lr#UJH#DBjy#zMaVk#AxEqNK#tQcpbwG#uIvlohsnfTWXZSRCePFgidOm,133.500000,3403.000000,47.000000,0.620482,1,"
minimal: 0 / states: 122 / duration: 0.000117s
history:
/T5-T0-1 /T5-F3-1 /T4-T3-1 /T2-T4-1 /T4-T2-2 /T4-F1-1 /T2-T3-3 /T6-T2-1 /T0-T4-2 /T4-T0-3 
/D:4     /W-T4-1  /D:4     /W-F2-1  /D:1     /W-T2-1  /T1-T2-1 /D:1     /W-T3-1  /W-T3-1  
/D:1     /W-T0-1  /D:1     /W-T1-1  /T6-T1-1 /T6-F1-1 /D:3     /W-T3-1  /T5-T3-1 /D:3     
/W-T3-1  /D:3     /W-T1-1  /D:1     /W-T2-1  /T6-T2-1 /T6-F1-1 /T6-T5-1 /T2-T5-1 /T2-F1-1 
/D:1     /W-F3-1  /T3-F3-1 /D:1     /R       /D:1     /W-T1-1  /D:1     /W-T0-1  /T2-T0-4 
/D:2     /W-F2-1  /T5-F2-1 /T3-F2-1 /T0-F2-1 /T5-T0-2 /T5-T4-1 /T5-F0-1 /T0-F3-1 /T3-F3-1 
/T3-F2-1 /T6-F2-1 /T1-F2-1 /W-F2-1  /D:2     /W-T2-1  /T3-T2-6 /T3-T4-1 /T3-F0-1 /D:1     
/W-F3-1  /T2-F3-1 /D:1     /W-F0-1  /T3-F0-1 /T0-F0-1 /D:1     /W-F1-1  /T0-F1-1 /D:1     
/W-F0-1  /T0-F0-1 /T0-F3-1 /T2-F0-1 /T2-F3-1 /T0-F0-1 /T0-F3-1 /T2-F0-1 /T0-F0-1 /T1-T2-2 
/T1-F3-1 /T0-F3-1 /T1-F0-1 /T0-F0-1 /D:1     /W-F1-1  /W-F1-1  /T2-F1-1 /T2-F2-1 /T4-F1-1 
/T2-F1-1 /T4-F2-1 /T2-F2-1 /T2-F3-1 /T4-F1-1 /T4-F2-1 /D:1     /W-F1-1  
"
1010653,t#Jh#MRq#EfkO#KlToz#ZWDeFS#wIbLpnr#yuvajcmXiHxPQUgGsdABNYVC,135.500000,1113.000000,38.000000,0.723529,1,"
minimal: 0 / states: 117 / duration: 0.000121s
history:
/T6-T5-1 /T6-F2-1 /T5-T0-2 /T3-T6-1 /T0-T1-3 /T4-T0-1 /T4-F2-1 /T5-T4-1 /T5-T4-1 /T2-T4-1 
/T5-T2-1 /D:3     /W-T5-1  /T1-T5-4 /T1-T3-1 /D:1     /W-F1-1  /D:2     /W-T2-1  /D:1     
/W-T1-1  /D:2     /W-T3-1  /D:1     /W-T3-1  /T4-T3-4 /T4-T0-1 /T5-T4-6 /T4-T0-7 /D:2     
/W-T3-1  /D:1     /W-T0-1  /T6-T0-2 /T6-T1-1 /T6-F1-1 /T3-T1-9 /T2-F1-1 /D:1     /W-T6-1  
/D:2     /W-T6-1  /T3-T6-1 /T3-T6-1 /D:2     /W-F1-1  /D:1     /W-F0-1  /D:1     /W-F0-1  
/D:1     /W-F3-1  /T0-F3-1 /T0-F2-1 /T1-F3-1 /T1-F2-1 /T0-F3-1 /T0-F2-1 /T2-T1-1 /T2-F3-1 
/T0-F3-1 /W-F2-1  /T0-F2-1 /D:1     /W-T2-1  /D:2     /W-F0-1  /T1-F0-1 /T1-F1-1 /T6-F0-1 
/T1-F0-1 /T1-F3-1 /T6-F1-1 /T6-F0-1 /T6-F3-1 /T1-F0-1 /T6-F0-1 /W-F3-1  /W-F1-1  /T0-F1-1 
/T1-F1-1 /T1-F0-1 /W-T2-1  /T0-T2-2 /T0-F0-1 /T6-T1-1 /R       /D:1     /W-T5-1  /T1-T5-2 
/T1-F0-1 /D:1     /W-F2-1  /T2-F2-1 /T2-F3-1 /T5-F2-1 /T2-F2-1 /D:1     /W-F1-1  /T5-F1-1 
/T0-F1-1 /T1-F1-1 /T5-F2-1 /T0-F2-1 /D:1     /W-F3-1  /T2-F3-1 /T2-F0-1 /T5-F3-1 
"
1010668,d#LJ#mGN#gMTA#pSkxl#srhBDC#vqjYcFP#bWOHZIUXtwynRVKQozEeuaif,92.500000,1599.000000,28.000000,0.865672,1,"
minimal: 0 / states: 117 / duration: 0.000124s
history:
/T2-F3-1 /T3-F0-1 /T5-T0-1 /T6-T5-1 /T6-T3-1 /D:1     /W-T0-1  /D:2     /W-F3-1  /T5-F3-1 
/T6-T5-1 /D:9     /W-F2-1  /D:1     /W-T3-1  /T5-T3-2 /T5-F0-1 /T2-T5-1 /W-T2-1  /D:1     
/W-T1-1  /D:1     /W-T4-1  /D:1     /W-F3-1  /D:1     /W-F2-1  /D:4     /W-T1-1  /T3-T1-5 
/T4-T3-2 /T4-T6-1 /T4-T2-1 /T1-T2-8 /T4-T5-1 /T4-F2-1 /T3-T4-3 /D:1     /W-F1-1  /T0-F1-1 
/T0-F0-1 /T2-F1-1 /T0-F1-1 /T2-F0-1 /T2-F3-1 /T5-F3-1 /W-F1-1  /W-F0-1  /T2-F0-1 /W-T0-1  
/T6-T0-2 /T6-T0-1 /T6-F2-1 /T5-T6-2 /T5-F2-1 /T5-F2-1 /T2-F3-1 /T6-F0-1 /T3-T2-1 /T6-T0-2 
/D:2     /W-F1-1  /T2-F1-1 /T0-F1-1 /W-F1-1  /R       /D:1     /W-T4-1  /T0-T4-1 /T0-F1-1 
/D:1     /W-F0-1  /D:1     /W-T3-1  /T1-T3-1 /D:1     /W-F0-1  /D:1     /W-F3-1  /D:1     
/W-T3-1  /T2-T3-3 /T2-F1-1 /D:1     /W-F2-1  /T3-F2-1 /T3-F3-1 /T3-F0-1 /T4-F2-1 /T4-F3-1 
/T4-F0-1 /T3-F3-1 /T3-F0-1 /T4-F1-1 /T4-F0-1 /T2-T3-1 /T2-F1-1 /D:1     /W-F2-1  /T0-F2-1 
/T0-F3-1 /T3-F2-1 /T0-F2-1 /T3-F3-1 
"
1010672,n#pQ#uGx#MKDI#ozhHy#SUfjBZ#lCObmTA#cPeJvXdatYqLwiFNWEgkRrsV,144.500000,1662.000000,45.000000,0.656250,1,"
minimal: 0 / states: 116 / duration: 0.000124s
history:
/T0-F2-1 /T6-F0-1 /T5-T0-1 /T5-F0-1 /T4-T0-1 /T6-T4-1 /T3-T5-1 /T5-T2-2 /D:1     /W-T3-1  
/D:5     /W-T0-1  /D:2     /W-F1-1  /D:4     /W-T6-1  /D:1     /W-T0-1  /D:1     /W-T0-1  
/T4-T0-2 /T4-T2-1 /D:1     /W-T0-1  /D:1     /W-F3-1  /D:2     /W-T5-1  /T1-T5-1 /T1-T5-1 
/T6-T1-2 /T6-F1-1 /T6-F3-1 /T6-F0-1 /T2-T6-4 /T5-T2-4 /T2-T5-5 /T6-T4-5 /T4-T6-6 /T4-F2-1 
/T3-F1-1 /T5-F2-1 /T3-F0-1 /W-T3-1  /W-F2-1  /D:1     /W-T2-1  /D:1     /W-T1-1  /D:1     
/W-T0-1  /D:1     /W-F2-1  /D:1     /W-F2-1  /D:1     /R       /D:1     /W-F3-1  /T5-F3-1 
/T0-F3-1 /T5-F0-1 /T0-F0-1 /D:2     /W-T1-1  /D:1     /W-T3-1  /T5-T3-3 /T5-F3-1 /T0-F3-1 
/T3-T6-2 /T3-F3-1 /D:1     /W-F1-1  /W-F1-1  /T6-F1-1 /T2-F1-1 /T6-F0-1 /T0-F0-1 /T6-F1-1 
/T6-F0-1 /T0-F1-1 /T1-F0-1 /T6-F1-1 /T3-T6-2 /T3-F0-1 /T1-F1-1 /T1-F0-1 /T3-F0-1 /D:1     
/W-F2-1  /T2-F2-1 /T6-F2-1 /T0-F2-1 /D:2     /W-F3-1  /T6-F3-1 /T0-F3-1 /T6-F2-1 /T0-F2-1 
/T6-F1-1 /T1-F1-1 /W-F3-1  /T0-F3-1 /T6-F2-1 
"
1010673,Y#Oy#frE#Wwxk#TRanU#gmNMIA#cqBsjQP#LhtdCuvpSHzoFGKDbZJlXeiV,77.500000,781.000000,25.000000,0.842593,1,"
minimal: 0 / states: 115 / duration: 0.000115s
history:
/T5-F0-1 /T4-T5-1 /T4-F2-1 /T4-F1-1 /T3-T1-1 /T3-T0-1 /T3-T1-1 /T5-T3-2 /T0-T5-2 /T5-T0-3 
/T5-F3-1 /T1-T5-3 /T1-F3-1 /T6-F3-1 /T6-F3-1 /T4-F3-1 /T6-T0-1 /T6-T4-1 /T6-F0-1 /T5-T1-4 
/F3-T4-1 /T6-T4-1 /T6-T4-1 /D:3     /W-T3-1  /D:1     /W-T2-1  /D:1     /W-F0-1  /D:2     
/W-T0-1  /D:1     /W-T2-1  /D:1     /W-T3-1  /T2-T3-3 /D:2     /W-T6-1  /D:1     /W-F2-1  
/T3-F2-1 /D:1     /W-T5-1  /D:3     /W-F0-1  /T3-T2-1 /T3-F0-1 /T2-T3-2 /T5-F0-1 /D:1     
/W-F1-1  /T4-F1-1 /T3-F1-1 /T4-F2-1 /T3-F2-1 /T4-F3-1 /T3-F3-1 /T4-F2-1 /T4-F3-1 /T3-F2-1 
/T3-F3-1 /D:1     /W-T4-1  /D:2     /W-T6-1  /D:2     /W-F1-1  /T2-F1-1 /T5-F1-1 /D:1     
/W-T1-1  /D:1     /W-F3-1  /R       /D:1     /W-T4-1  /D:1     /W-F1-1  /T1-F1-1 /D:1     
/W-F2-1  /T0-F2-1 /T1-F2-1 /T0-F1-1 /T0-F2-1 /T1-F1-1 /T1-F2-1 /T6-F1-1 /T1-F1-1 /T6-F2-1 
/D:2     /W-F0-1  /W-F0-1  /T3-F0-1 /T3-F3-1 /D:1     /W-T0-1  /D:1     /W-F0-1  /T0-F0-1 
/T4-F0-1 /D:1     /W-F3-1  /T0-F3-1 /T0-F0-1 /T4-F3-1 
"
1010674,w#VM#TUn#PHdA#jWcSN#kGytxi#pfYmgZD#OILvlhsEeQFCJXoBaqzKburR,117.500000,2415.000000,35.000000,0.690141,1,"
minimal: 0 / states: 112 / duration: 0.000112s
history:
/T2-F2-1  /T3-F0-1  /T4-F3-1  /T5-T0-1  /D:1      /W-F3-1   /D:4      /W-T1-1   /T5-T1-1  /T4-T5-1  
/T5-T2-2  /T4-T6-1  /T4-T1-1  /W-T1-1   /T2-T1-3  /D:2      /W-T2-1   /D:1      /W-T1-1   /T3-T1-1  
/T3-T0-1  /T2-T0-2  /T1-T2-10 /T3-F3-1  /D:1      /W-T0-1   /T6-T0-2  /T6-T3-1  /T5-T3-1  /D:1      
/W-F3-1   /D:1      /W-T6-1   /D:1      /W-T2-1   /D:2      /W-T3-1   /W-T3-1   /T1-T3-1  /D:1      
/W-F2-1   /D:1      /W-F0-1   /T2-F0-1  /D:1      /W-F1-1   /D:2      /W-T1-1   /D:2      /W-F1-1   
/T0-F1-1  /T0-F0-1  /T2-F1-1  /T2-F0-1  /T0-F1-1  /T6-F0-1  /T5-F0-1  /T0-T5-5  /D:1      /W-T3-1   
/T6-T3-1  /T6-T0-1  /T6-T1-1  /T6-F1-1  /T6-F2-1  /T3-F1-1  /T5-T3-2  /T5-F0-1  /W-T1-1   /W-F2-1   
/W-F1-1   /T5-F1-1  /T4-F1-1  /W-T0-1   /W-F0-1   /T3-T5-4  /T3-F0-1  /T1-F0-1  /T0-F0-1  /T5-T3-5  
/T5-F1-1  /T2-T1-6  /T2-F1-1  /T0-F1-1  /T2-F0-1  /D:1      /W-F2-1   /T3-F2-1  /D:1      /W-F3-1   
/T1-F3-1  /T1-F2-1  /T3-F3-1  /T1-F3-1  /T3-F2-1  /T1-F2-1  /T3-F3-1  /T1-F3-1  /T3-F2-1  /T1-F2-1  
/T3-F3-1  /T1-F3-1  /T3-F2-1  /T1-F2-1  /T3-F3-1  
"
1010688,f#Br#HPk#iXhA#ECtGl#sYeanK#JQSDgzv#jVdocpyuFLWwbMRxUqZNITmO,148.000000,1297.000000,50.000000,0.639423,1,"
minimal: 0 / states: 119 / duration: 0.000131s
history:
/T3-F0-1 /T5-T4-1 /T5-F2-1 /T5-F1-1 /T3-T6-1 /T1-T0-1 /T1-F0-1 /D:1     /W-T4-1  /T6-T4-2 
/T6-T1-1 /T4-T1-5 /T4-T1-1 /T0-T1-2 /D:2     /W-T1-1  /D:1     /W-F2-1  /D:2     /W-F2-1  
/D:3     /W-T6-1  /T5-T6-1 /D:3     /W-T2-1  /D:1     /W-F1-1  /D:1     /W-T0-1  /T5-T0-1 
/D:1     /W-T5-1  /D:1     /W-T0-1  /W-T0-1  /D:2     /W-F2-1  /D:2     /W-F3-1  /D:1     
/W-T0-1  /D:3     /W-F3-1  /R       /D:1     /W-T2-1  /D:1     /W-F1-1  /T1-F1-1 /T1-F2-1 
/T6-F1-1 /T1-F1-1 /T5-T6-1 /T5-F2-1 /T4-F2-1 /T4-F0-1 /D:2     /W-T2-1  /T6-T2-3 /T6-F0-1 
/T6-T1-1 /T6-T4-1 /T4-T1-2 /T6-T3-1 /D:2     /W-T0-1  /D:1     /W-T4-1  /W-T4-1  /T2-T4-7 
/T2-F3-1 /T1-F3-1 /T1-F0-1 /T4-F3-1 /T1-F3-1 /T4-F0-1 /T1-F0-1 /T4-F1-1 /T1-F1-1 /T2-F0-1 
/T4-F2-1 /T1-F2-1 /T4-T3-1 /T4-F2-1 /D:1     /W-F3-1  /T0-F3-1 /T0-F0-1 /T3-F3-1 /T0-F3-1 
/T3-T4-1 /T3-F3-1 /T3-F1-1 /T1-F1-1 /T0-F2-1 /T4-F0-1 /T1-F0-1 /T0-F3-1 /T4-F1-1 /T1-F1-1 
/T4-F0-1 /T0-F0-1 /W-F2-1  /T1-F2-1 /T4-F3-1 /D:1     /W-F1-1  
"
1010694,k#MV#iZB#eJzb#LjyUF#plhQOD#swrxdcn#HXNRqvYSAPCmGatgEWITuoKf,140.500000,1567.000000,37.000000,0.647059,1,"
minimal: 0 / states: 117 / duration: 0.000130s
history:
/T6-F2-1 /T6-T5-1 /T2-T5-1 /D:1     /W-T1-1  /D:2     /W-F3-1  /D:1     /W-T4-1  /T5-T4-3 
/T5-F3-1 /D:5     /W-F0-1  /T4-F0-1 /D:1     /W-F3-1  /T5-F3-1 /D:1     /W-T6-1  /T3-T6-1 
/D:2     /W-T5-1  /D:1     /W-F1-1  /T6-F1-1 /T6-F0-1 /T4-F1-1 /T4-F0-1 /T6-F1-1 /T4-F3-1 
/D:2     /W-T1-1  /T4-T1-1 /W-T4-1  /D:1     /W-F0-1  /T1-F0-1 /T5-F0-1 /D:1     /W-T6-1  
/D:1     /W-T6-1  /T4-T6-2 /T4-T2-1 /T0-T2-1 /T3-T0-1 /T1-T3-3 /T3-T2-4 /T3-F1-1 /T2-T3-7 
/D:2     /W-T2-1  /T3-T2-1 /T3-F0-1 /D:1     /W-F2-1  /D:2     /W-F1-1  /T2-F1-1 /T5-F1-1 
/T6-T5-5 /T5-T0-6 /T5-F2-1 /T2-T3-1 /T2-F1-1 /T4-F1-1 /R       /D:1     /W-T4-1  /T3-T4-3 
/T3-F1-1 /D:1     /W-F2-1  /T6-F2-1 /F1-T3-1 /T6-T3-1 /T6-F2-1 /T0-F2-1 /T4-F2-1 /D:1     
/W-F2-1  /T3-F2-1 /T3-F1-1 /D:1     /W-T1-1  /T0-T1-4 /T0-F1-1 /D:1     /W-F3-1  /D:1     
/W-F1-1  /D:1     /W-F3-1  /T1-F3-1 /T1-F0-1 /T4-F3-1 /T1-F3-1 /T1-F2-1 /T4-F0-1 /T4-F3-1 
/T3-F2-1 /T0-F2-1 /T1-F3-1 /T3-F3-1 /D:1     /W-F0-1  /T4-F0-1 /T1-F0-1 
"
1010719,H#JR#nDj#eSKg#pQqIy#XfYZEa#UrdVLPC#iMbsWGxomkFOlhtzvTABwNuc,118.500000,1117.000000,36.000000,0.705479,1,"
minimal: 0 / states: 111 / duration: 0.000124s
history:
/T5-F1-1 /T3-T0-1 /T2-T3-1 /T2-T1-1 /T2-F2-1 /D:2     /W-T2-1  /D:1     /W-F1-1  /D:1     
/W-T0-1  /T1-T0-2 /W-T1-1  /T0-T1-5 /D:4     /W-F2-1  /D:1     /W-T0-1  /T4-T0-1 /T4-T3-1 
/D:1     /W-T0-1  /T1-T0-7 /D:2     /W-T6-1  /D:1     /W-T2-1  /T3-T2-3 /T5-T3-1 /T5-T1-1 
/D:1     /W-T2-1  /D:1     /W-T2-1  /T3-T2-2 /T4-T3-1 /T6-T4-2 /T6-T0-1 /T6-T1-1 /T4-T2-3 
/T4-F2-1 /T3-F2-1 /D:1     /W-T4-1  /T5-T4-1 /D:3     /W-F0-1  /D:1     /W-F0-1  /D:2     
/W-F3-1  /T2-F3-1 /T0-F3-1 /T2-F0-1 /T2-F3-1 /T0-F0-1 /T0-F3-1 /T2-F0-1 /T2-F3-1 /T5-T2-1 
/W-T5-1  /T6-T5-1 /F0-T2-1 /T6-T2-1 /T6-F2-1 /T0-F2-1 /W-F3-1  /T6-F3-1 /T5-F3-1 /T5-T1-2 
/D:2     /W-F1-1  /T2-F1-1 /T2-F0-1 /T3-F1-1 /T2-F1-1 /T2-F2-1 /T0-F1-1 /W-F2-1  /T2-F1-1 
/W-F2-1  /W-F0-1  /T1-F2-1 /W-F2-1  /W-F0-1  /T0-F0-1 /T0-F1-1 /T2-F0-1 /T0-F0-1 /T2-F1-1 
/T0-F1-1 /W-F3-1  /T1-F3-1 /T0-F2-1 /T2-F0-1 /T1-F0-1 /T2-F1-1 /T0-F1-1 /T4-F3-1 /T1-F3-1 
/T2-F0-1 /T4-F2-1 
"
1010741,W#Jt#mLI#UdBz#PVwXE#rGOivD#jYhxANl#nykagoFRQMSZKpbcsTHfqueC,100.500000,1410.000000,38.000000,0.669014,1,"
minimal: 0 / states: 119 / duration: 0.000117s
history:
/T6-T3-1 /T6-F3-1 /T6-F0-1 /T6-T3-1 /T2-T0-1 /T6-T0-1 /T1-T0-1 /T0-T3-4 /T3-T0-7 /T3-F0-1 
/T3-T4-1 /D:1     /W-F2-1  /D:2     /W-T2-1  /T1-T2-1 /D:1     /W-F1-1  /D:2     /W-F2-1  
/D:4     /W-T1-1  /T6-T1-1 /D:1     /W-T0-1  /T4-T0-2 /D:2     /W-T1-1  /T6-T1-1 /W-T6-1  
/T2-T6-3 /D:1     /W-F2-1  /D:1     /W-F1-1  /D:1     /W-F1-1  /T0-F1-1 /W-T0-1  /D:5     
/W-F2-1  /D:2     /W-F1-1  /D:1     /W-F0-1  /T5-F0-1 /T5-T1-1 /T5-T6-1 /T5-F3-1 /T5-T3-1 
/T5-F2-1 /W-T6-1  /W-F1-1  /T3-T1-2 /R       /D:1     /W-T2-1  /T4-T2-1 /T4-T2-1 /T4-T2-1 
/T4-F3-1 /T0-F3-1 /T0-F0-1 /D:1     /W-F1-1  /D:1     /W-F0-1  /T1-F0-1 /T0-T1-2 /T0-F1-1 
/T6-T2-1 /T6-F1-1 /D:1     /W-F3-1  /T1-F3-1 /D:1     /W-F2-1  /T1-F2-1 /T2-F2-1 /T1-T0-1 
/T1-F2-1 /T1-F1-1 /T2-T6-1 /T2-F2-1 /T0-T1-3 /T0-F2-1 /T6-T2-2 /T6-F1-1 /T0-F1-1 /T2-T6-3 
/T2-F2-1 /T0-F2-1 /T2-F1-1 /D:1     /W-F3-1  /T1-F3-1 /T6-F3-1 /D:1     /W-F0-1  /T1-F0-1 
/T1-F3-1 /T6-F0-1 /T1-F0-1 /T6-F3-1 /T1-F3-1 /T6-F0-1 /T1-F0-1 /T6-F3-1 
"
1010747,L#Yc#tZg#qmwk#pSxyN#JPahWK#GeiQzno#OlBbDHMVjTfFUIXvACsuREdr,90.000000,1596.000000,35.000000,0.716667,1,"
minimal: 0 / states: 126 / duration: 0.000127s
history:
/T4-F3-1  /T6-T1-1  /T6-F2-1  /T1-F2-1  /T3-T0-1  /T3-T0-1  /T4-T3-1  /D:1      /W-F3-1   /D:1      
/W-T6-1   /T5-T6-1  /T5-T4-1  /D:1      /W-T1-1   /D:5      /W-T0-1   /D:1      /W-T6-1   /D:3      
/W-T2-1   /D:2      /W-T4-1   /T5-T4-1  /T5-F1-1  /T5-F3-1  /D:1      /W-T3-1   /T5-T3-1  /T6-T5-4  
/T6-F3-1  /T6-T3-1  /T6-T2-1  /T6-T4-1  /T3-T6-5  /T1-T3-2  /T4-T1-5  /T4-T1-1  /T4-F2-1  /T3-T2-3  
/D:1      /W-T5-1   /W-T5-1   /D:1      /W-F0-1   /T2-F0-1  /D:1      /W-F0-1   /D:2      /W-T0-1   
/T2-T0-5  /T2-T3-1  /T0-T3-10 /T2-T5-1  /D:1      /W-F3-1   /T1-F3-1  /D:3      /R        /D:1      
/W-F1-1   /T3-F1-1  /T3-F2-1  /D:1      /W-F0-1   /D:1      /W-T6-1   /D:1      /W-T0-1   /T1-T0-6  
/D:1      /W-F3-1   /D:1      /W-T0-1   /D:2      /W-F0-1   /D:1      /W-F1-1   /T3-F1-1  /T3-F0-1  
/T0-F1-1  /T0-F0-1  /T3-F1-1  /T6-F0-1  /T0-F1-1  /T0-F0-1  /T6-F1-1  /T6-F0-1  /T5-T0-3  /T5-F1-1  
/T5-F0-1  /T3-T6-3  /T3-F1-1  /T3-F0-1  /T5-F1-1  /T0-T5-6  /T0-F0-1  /T6-T3-5  /T6-F1-1  /D:1      
/W-F2-1   /W-F2-1   /T5-F2-1  /T3-F2-1  /T5-F3-1  /T3-F3-1  /T5-F2-1  /T3-F2-1  /T5-F3-1  /T3-F3-1  
/T5-F2-1  /T3-F2-1  /T5-F3-1  /T3-F3-1  /T5-F2-1  
"
1010750,B#UW#DSN#gxOh#dyQaJ#IVMkZX#jwosTbl#HKGreCRAmfpLztPvFYiqcEnu,138.000000,2701.000000,41.000000,0.628378,1,"
minimal: 0 / states: 122 / duration: 0.000127s
history:
/T2-F3-1 /T4-T5-1 /T4-F1-1 /D:2     /W-T6-1  /T1-T6-1 /D:1     /W-T1-1  /T2-T1-1 /D:1     
/W-T1-1  /T4-T1-1 /T5-T4-2 /T4-T5-3 /D:2     /W-T1-1  /D:2     /W-F0-1  /T0-F0-1 /T5-T0-4 
/T1-F0-1 /T2-F0-1 /D:1     /W-T2-1  /D:2     /W-T1-1  /D:1     /W-T2-1  /T5-T2-1 /T6-T5-3 
/T6-F1-1 /D:2     /W-T3-1  /D:2     /W-T5-1  /T3-T5-2 /T3-F3-1 /W-F3-1  /T1-T4-1 /T1-F3-1 
/T4-T1-2 /T5-T4-7 /T5-T0-1 /T1-T5-6 /W-T1-1  /W-T4-1  /W-F3-1  /T5-T4-3 /T5-F3-1 /T6-F3-1 
/W-T6-1  /W-T0-1  /F3-T0-1 /T6-T0-2 /D:2     /W-T1-1  /T3-T1-1 /T0-T3-2 /T0-F3-1 /T3-T0-3 
/D:2     /W-T0-1  /D:1     /W-T0-1  /T6-T0-1 /T6-T2-1 /W-T2-1  /T5-T6-3 /T6-T1-4 /D:1     
/W-F0-1  /W-F0-1  /T1-F0-1 /T1-F3-1 /T0-T2-7 /T0-F3-1 /D:1     /W-F2-1  /T2-F2-1 /T2-F1-1 
/T4-F2-1 /T2-F2-1 /T4-F1-1 /T2-F1-1 /T4-F2-1 /T2-F2-1 /T4-F1-1 /T2-F1-1 /T2-F0-1 /T4-F2-1 
/T4-F1-1 /T1-F0-1 /T0-F0-1 /T2-F1-1 /T1-F1-1 /T2-T0-1 /T2-F1-1 /T4-T1-2 /T4-F0-1 /T2-F0-1 
/T4-F1-1 /T2-F1-1 /T4-F0-1 /D:1     /W-F2-1  /T1-F2-1 /T0-F2-1 /T1-F3-1 /T0-F3-1 /T1-F2-1 
/T0-F2-1 /T1-F3-1 /T0-F3-1 /T1-F2-1 
"
1010755,g#Zn#kiz#CvAs#lKRNa#MrfDWT#eBwcPXd#QJhISujGtYEyFLOmpobUVHxq,122.000000,1271.000000,43.000000,0.677632,1,"
minimal: 0 / states: 116 / duration: 0.000121s
history:
/T1-F2-1 /T4-F1-1 /T4-F3-1 /T3-T0-1 /T3-F0-1 /T4-T0-1 /D:3     /W-T3-1  /D:4     /W-T4-1  
/T3-T4-2 /T3-T6-1 /T2-T3-1 /W-T2-1  /T5-T2-1 /D:1     /W-T4-1  /W-T4-1  /W-T5-1  /D:2     
/W-T3-1  /T4-T3-6 /D:1     /W-T3-1  /T6-T3-2 /D:1     /W-T1-1  /T6-T1-1 /D:1     /W-T2-1  
/D:2     /W-F3-1  /T6-F3-1 /D:3     /W-F2-1  /W-F2-1  /D:1     /W-F1-1  /T6-F1-1 /T6-T1-1 
/T6-F0-1 /T3-F0-1 /T3-F1-1 /T2-T1-4 /T6-F1-1 /W-T6-1  /W-T6-1  /T2-T6-1 /D:1     /W-T5-1  
/W-T5-1  /W-T6-1  /W-F3-1  /T0-F3-1 /D:1     /W-T6-1  /D:1     /W-T6-1  /T0-T6-2 /D:1     
/W-T4-1  /T5-T4-4 /T5-F0-1 /T3-F0-1 /T1-F0-1 /T5-F1-1 /T5-T3-1 /T3-T4-2 /T3-F0-1 /T6-T1-1 
/T6-F1-1 /T3-F1-1 /T6-F0-1 /T1-T6-3 /T1-F1-1 /T4-T3-4 /T4-F0-1 /T3-T4-5 /T3-F1-1 /T6-T1-4 
/T6-F0-1 /T3-F0-1 /T6-F1-1 /T6-F0-1 /T5-F0-1 /T4-T3-7 /T4-F1-1 /T6-F1-1 /D:1     /W-F2-1  
/T3-F2-1 /T1-F2-1 /T3-F3-1 /T1-F3-1 /T3-F2-1 /T1-F2-1 /T3-F3-1 /T1-F3-1 /T3-F2-1 /T1-F2-1 
/T3-F3-1 /T1-F3-1 /T3-F2-1 /T1-F2-1 /T3-F3-1 /T1-F3-1 /T3-F2-1 
"
1010758,U#bN#omk#WgKF#TAOLa#SpZPEC#RYMXIQw#zltfuGqcsiHjyxnBJVDdvreh,72.000000,790.000000,25.000000,0.830000,1,"
minimal: 0 / states: 113 / duration: 0.000164s
history:
/T1-F3-1 /T4-F1-1 /T1-F1-1 /T6-T2-1 /T5-T6-1 /T6-T5-2 /T2-T4-2 /T4-T2-3 /T4-F3-1 /T4-F0-1 
/T3-T4-1 /T2-T1-4 /T0-T6-1 /D:1     /W-T0-1  /D:1     /W-T0-1  /T3-T0-1 /D:1     /W-T6-1  
/D:1     /W-T6-1  /T5-T6-3 /T5-F3-1 /D:4     /W-F1-1  /D:1     /W-T3-1  /D:1     /W-T1-1  
/D:1     /W-T1-1  /T3-T1-2 /T6-T3-7 /T3-T0-8 /T5-T3-1 /D:2     /W-T3-1  /T6-T3-1 /D:2     
/W-F2-1  /T2-F2-1 /T5-F2-1 /T6-T2-1 /T6-T2-1 /W-T2-1  /W-T2-1  /W-F2-1  /T6-T1-1 /D:1     
/W-F0-1  /T0-F0-1 /T0-F3-1 /T1-F3-1 /T5-F3-1 /D:1     /W-T3-1  /D:1     /W-T3-1  /D:1     
/W-F0-1  /T0-F0-1 /T4-F0-1 /T4-F3-1 /W-F0-1  /W-T3-1  /T1-T3-2 /T1-F0-1 /D:1     /W-F1-1  
/D:1     /W-T2-1  /T0-T2-3 /T0-F0-1 /D:1     /W-F2-1  /T3-F2-1 /D:1     /W-F1-1  /T2-F1-1 
/T2-F2-1 /T2-F3-1 /T3-F1-1 /T3-F2-1 /T3-F3-1 /T0-F3-1 /T2-F2-1 /T3-F0-1 /T0-F0-1 /T3-F3-1 
/T1-T3-3 /T1-F0-1 /T2-T0-2 /T2-F3-1 /T2-F0-1 /T3-T1-4 /T3-F3-1 /D:1     /W-F1-1  /T1-F1-1 
/T0-F1-1 /T1-F2-1 /T0-F2-1 /T1-F1-1 /T0-F1-1 /T1-F2-1 /T0-F2-1 /T1-F1-1 
"
1010778,R#Hv#FPx#UZBj#IcWwi#ehoQma#fEAONkD#dJTnspugtrSMVCyblGYXKqLz,134.000000,1387.000000,54.000000,0.609195,1,"
minimal: 0 / states: 123 / duration: 0.000135s
history:
/T5-F1-1 /T6-T0-1 /T3-T2-1 /T1-T2-1 /T1-T4-1 /T5-T1-1 /D:2     /W-T6-1  /T4-T6-2 /D:1     
/W-T6-1  /D:1     /W-F2-1  /D:1     /W-T6-1  /T0-T6-2 /D:1     /W-T5-1  /D:6     /W-T0-1  
/D:1     /W-T4-1  /D:2     /W-T1-1  /T6-T1-8 /T6-F3-1 /T6-F3-1 /T6-F0-1 /T3-F0-1 /T5-T6-2 
/T5-F2-1 /T5-T2-1 /T6-F2-1 /W-F0-1  /T1-F0-1 /D:1     /W-F1-1  /D:1     /W-T0-1  /T2-T0-4 
/T2-F3-1 /T6-F3-1 /T6-F0-1 /T5-T2-1 /T3-T5-1 /T1-F3-1 /W-F3-1  /T2-T1-1 /T2-F0-1 /W-T6-1  
/W-T0-1  /T6-T0-2 /D:1     /W-F0-1  /D:4     /W-F2-1  /T0-F2-1 /D:1     /W-T5-1  /D:1     
/W-T2-1  /R       /D:2     /W-T4-1  /T1-T4-3 /T1-F0-1 /D:2     /W-T2-1  /D:1     /W-T5-1  
/T4-T5-6 /D:1     /W-T2-1  /T4-T2-1 /T4-F1-1 /T4-F0-1 /R       /D:1     /W-F1-1  /T5-F1-1 
/T0-F1-1 /T5-F2-1 /T0-F2-1 /T5-F3-1 /T3-F3-1 /T5-F2-1 /T5-F3-1 /T2-F3-1 /T1-T5-1 /T1-F0-1 
/T2-F0-1 /T5-T1-2 /T5-F3-1 /T2-F3-1 /T5-F0-1 /T5-F3-1 /T0-T2-5 /T0-F0-1 /D:1     /W-F1-1  
/T2-F1-1 /T1-F1-1 /T2-F2-1 /T1-F2-1 /T2-F1-1 /T1-F1-1 /T2-F2-1 /T1-F2-1 /T2-F1-1 /T1-F1-1 
/T2-F2-1 
"
1010831,S#kn#PDZ#uoYb#GJqEl#scgXwx#UtRyCIL#jQMmaWBNvHAVKTdizeFpOhfr,110.500000,2491.000000,42.000000,0.639241,1,"
minimal: 0 / states: 131 / duration: 0.000138s
history:
/T1-F2-1 /T6-T2-1 /T5-T4-1 /T5-T1-1 /T5-T2-1 /D:1     /W-T4-1  /T6-T4-1 /T3-T6-1 /D:4     
/W-F1-1  /T6-F1-1 /D:3     /W-F3-1  /D:3     /W-F0-1  /D:1     /W-T1-1  /W-T1-1  /T5-T1-1 
/T5-F1-1 /T5-T1-1 /T2-T5-3 /D:1     /W-T3-1  /D:2     /W-F1-1  /D:3     /W-T1-1  /T2-T1-1 
/T2-T1-1 /W-T2-1  /T4-T2-4 /T4-T0-1 /F1-T0-1 /T6-T0-1 /T1-T6-9 /D:3     /W-F3-1  /T6-F3-1 
/D:1     /W-T2-1  /D:2     /R       /D:1     /W-F3-1  /D:1     /W-T1-1  /T3-T1-2 /T3-F2-1 
/D:2     /W-T1-1  /D:1     /W-F0-1  /T0-F0-1 /T6-F0-1 /T4-T6-1 /T4-T5-1 /T0-F1-1 /T0-F0-1 
/T0-T4-1 /W-T0-1  /T6-T0-9 /T6-F3-1 /T6-T2-1 /T4-F3-1 /T4-T6-1 /D:1     /W-T1-1  /T6-T1-2 
/D:1     /W-F3-1  /D:1     /W-T5-1  /T3-T5-1 /D:1     /W-F0-1  /T1-F0-1 /T1-F3-1 /T0-T5-4 
/T0-F0-1 /T0-F3-1 /T2-T1-2 /T2-F0-1 /T1-T2-3 /T1-F3-1 /T5-T0-6 /T5-F0-1 /T1-F0-1 /T5-F3-1 
/T1-F3-1 /T5-F0-1 /T1-F0-1 /T5-F3-1 /D:1     /W-F2-1  /T0-F2-1 /T0-F1-1 /D:1     /W-F1-1  
/D:1     /W-F2-1  /T0-F2-1 /T0-F1-1 /T2-F2-1 /T0-F2-1 /T2-F1-1 /T0-F1-1 /T2-F2-1 /T0-F2-1 
/T2-F1-1 /T0-F1-1 /T2-F2-1 /T0-F2-1 /T2-F1-1 /T0-F1-1 /T2-F2-1 
"
1010834,u#CV#IxF#fQkU#RHBMn#hXpAat#iJsPmKo#LyvWGjzEeNTrcbdOqgwYSlZD,158.000000,2229.000000,52.000000,0.617347,1,"
minimal: 0 / states: 113 / duration: 0.000128s
history:
/T4-F2-1 /T6-F2-1 /T5-T3-1 /T5-F1-1 /T5-F0-1 /T5-F2-1 /T0-T1-1 /T4-T0-1 /T4-F0-1 /D:4     
/W-T6-1  /W-T6-1  /T3-T6-2 /D:5     /W-T2-1  /D:1     /W-F3-1  /D:1     /W-T1-1  /T2-T1-2 
/D:3     /W-F1-1  /W-F1-1  /D:1     /W-F1-1  /T1-F1-1 /D:1     /W-F3-1  /D:1     /W-F2-1  
/W-F2-1  /D:1     /W-T4-1  /D:1     /W-T3-1  /T1-T3-4 /T1-F0-1 /D:1     /W-T0-1  /T6-T0-5 
/T6-T1-1 /T6-F3-1 /T6-F2-1 /T6-T5-1 /T4-T6-2 /T0-F2-1 /T4-T3-1 /T6-T5-3 /D:3     /W-T4-1  
/D:1     /W-F0-1  /R       /D:1     /W-T1-1  /T3-T1-7 /T3-F3-1 /T1-F3-1 /T3-F1-1 /T5-F1-1 
/T1-T5-2 /T1-F2-1 /D:1     /W-T4-1  /T5-T4-6 /T5-F1-1 /T4-T1-3 /T4-F1-1 /D:1     /W-T0-1  
/D:1     /W-F1-1  /D:1     /W-T3-1  /D:1     /W-F0-1  /T1-F0-1 /T0-F0-1 /D:1     /W-F3-1  
/T1-F3-1 /T0-F3-1 /T0-F2-1 /T1-F0-1 /T1-F3-1 /T1-F2-1 /T2-F2-1 /T2-F0-1 /T0-F3-1 /T4-F0-1 
/T0-F0-1 /T1-F1-1 /T4-F3-1 /T0-F3-1 /T1-F0-1 /T4-F2-1 /T4-F3-1 /T0-F0-1 /T3-F2-1 /D:1     
/W-F1-1  /T1-F1-1 
"
1010838,p#Su#bzl#rsYj#PRAiT#dByXNM#VctDOoU#fxJnwmvEekhQWGLaKqgICZHF,89.500000,760.000000,31.000000,0.836066,1,"
minimal: 0 / states: 115 / duration: 0.000121s
history:
/T4-T1-1 /T2-T5-1 /T1-T4-2 /D:2     /W-T5-1  /T3-T5-1 /T3-T2-1 /T3-T4-1 /T3-T1-1 /T5-T3-4 
/T5-F3-1 /D:1     /W-T5-1  /T4-T5-4 /T4-F0-1 /T4-T5-1 /D:1     /W-F2-1  /D:3     /W-T3-1  
/T6-T3-1 /T6-F2-1 /T6-F3-1 /T6-T5-1 /T6-T3-1 /T6-T5-1 /T1-T3-2 /T2-T1-2 /T0-F2-1 /T4-F3-1 
/W-T0-1  /D:5     /W-F3-1  /D:3     /W-T0-1  /T5-T0-9 /D:1     /W-F1-1  /T2-F1-1 /T0-F1-1 
/D:1     /W-T1-1  /D:1     /W-F2-1  /T3-F2-1 /D:4     /W-T2-1  /T5-T2-1 /T5-F0-1 /W-F0-1  
/T0-F0-1 /T0-F3-1 /T5-F1-1 /T0-F2-1 /T3-F3-1 /T0-F3-1 /T3-F2-1 /T0-F2-1 /T3-F3-1 /T3-F2-1 
/T6-F3-1 /W-T3-1  /D:1     /W-T0-1  /W-T0-1  /D:1     /W-T0-1  /R       /D:2     /W-F2-1  
/T3-T1-2 /T3-F2-1 /T2-F2-1 /D:1     /W-F0-1  /T0-F0-1 /D:1     /W-F1-1  /W-F1-1  /T0-F1-1 
/D:2     /W-F1-1  /D:1     /W-F3-1  /D:1     /W-F0-1  /T0-F0-1 /T0-F1-1 /T1-F0-1 /T0-F0-1 
/T0-F3-1 /T1-F1-1 /T1-F0-1 /T1-F3-1 /W-F1-1  /T0-F0-1 /T2-F3-1 /T3-F1-1 /T0-F1-1 /T1-F2-1 
/T3-F0-1 
"
1010886,D#fk#Ytx#OCoF#epzHZ#GmcUjR#dQbhgJa#nSirlXsAuMWwPBKENvVqIyLT,125.000000,1738.000000,52.000000,0.551724,1,"
minimal: 0 / states: 129 / duration: 0.000139s
history:
/T6-F1-1 /T5-T3-1 /T6-T1-1 /T5-T2-1 /T3-T6-2 /T0-T6-1 /T4-T0-1 /T6-T4-4 /D:1     /W-F2-1  
/T3-F2-1 /D:2     /W-T1-1  /T4-T1-5 /D:2     /W-T4-1  /T2-T4-2 /T2-T5-1 /D:3     /W-F0-1  
/D:5     /W-T1-1  /D:1     /W-F0-1  /T3-F0-1 /D:1     /W-T2-1  /D:2     /W-F3-1  /T3-F3-1 
/T1-F3-1 /T4-T3-4 /T4-F2-1 /T1-F0-1 /W-F0-1  /D:1     /W-T3-1  /T5-T3-2 /D:2     /W-T1-1  
/T5-T1-1 /D:2     /W-T0-1  /T1-T0-9 /T1-T3-1 /T5-T1-1 /T5-T6-1 /D:1     /W-T1-1  /D:1     
/R       /D:1     /W-T6-1  /D:1     /W-T3-1  /D:1     /W-T1-1  /D:3     /W-T5-1  /T2-T5-2 
/D:1     /W-T5-1  /D:1     /W-T1-1  /D:1     /W-T1-1  /W-T1-1  /D:1     /W-T5-1  /T6-T5-3 
/T6-F1-1 /T0-F1-1 /T0-F2-1 /T6-F3-1 /T0-F3-1 /T6-F1-1 /T3-F2-1 /T4-F1-1 /T0-F0-1 /T3-F1-1 
/T5-F3-1 /T5-F0-1 /W-F2-1  /T0-F1-1 /T3-F2-1 /T5-F1-1 /T0-F0-1 /T0-F1-1 /T1-F2-1 /T5-F0-1 
/T0-F0-1 /T3-T5-2 /T3-F1-1 /T0-F1-1 /T5-T3-3 /T5-F0-1 /T1-T0-3 /T1-F0-1 /T3-T5-4 /T3-F1-1 
/T1-F1-1 /T5-T3-5 /T5-F0-1 /D:1     /W-F3-1  /T3-F3-1 /T0-F3-1 /T3-F2-1 /T0-F2-1 /T3-F3-1 
/T0-F3-1 /T3-F2-1 /T0-F2-1 /T3-F3-1 /T0-F3-1 /T3-F2-1 
"
1010892,t#Yh#KnF#UPWT#JZgDl#kxzIfj#pGVeiCw#HvMLuOosAbqcdXNaBRSyrmEQ,92.500000,1954.000000,44.000000,0.597222,1,"
minimal: 0 / states: 131 / duration: 0.000135s
history:
/T2-T3-1 /T2-F2-1 /T5-T2-1 /T5-T0-1 /T5-T2-1 /T4-T5-1 /T1-T2-1 /T0-T2-2 /T5-T0-2 /T5-T0-1 
/T6-T5-1 /T2-T1-6 /D:3     /W-T2-1  /T1-T2-7 /D:3     /W-T6-1  /D:1     /W-F2-1  /D:2     
/W-F0-1  /D:3     /W-T4-1  /D:3     /W-F3-1  /T6-F3-1 /D:1     /W-F1-1  /D:1     /W-F0-1  
/T6-F0-1 /T6-T5-1 /T4-T6-2 /T6-T3-3 /D:4     /W-T2-1  /D:1     /W-T1-1  /W-T1-1  /T5-T1-3 
/D:2     /W-T2-1  /R       /D:1     /W-T1-1  /T3-T1-5 /T3-T0-1 /T3-F3-1 /T2-F3-1 /D:1     
/W-T0-1  /T3-T0-1 /D:2     /W-T6-1  /T4-T6-1 /T4-T3-1 /T6-T4-3 /T6-T0-1 /T6-F2-1 /W-T3-1  
/D:1     /W-T4-1  /D:1     /W-F1-1  /T1-F1-1 /T1-F0-1 /D:1     /W-F2-1  /T2-F2-1 /T4-F2-1 
/T2-T0-1 /T2-F2-1 /D:1     /W-F1-1  /T1-F1-1 /T0-F1-1 /T4-F1-1 /T2-F1-1 /T4-F2-1 /T0-T2-2 
/T0-F2-1 /T1-T4-3 /T1-F1-1 /T1-F2-1 /T2-T0-3 /T2-F1-1 /T1-F1-1 /T0-T2-4 /T0-F2-1 /T0-F1-1 
/T1-F2-1 /T0-F2-1 /T1-F1-1 /D:1     /W-T3-1  /T4-T3-5 /D:1     /W-F3-1  /D:1     /W-F3-1  
/D:1     /W-F0-1  /T3-F0-1 /T2-F0-1 /T3-F3-1 /T2-F3-1 /T3-F0-1 /T2-F0-1 /T3-F3-1 /T2-F3-1 
/T3-F0-1 /T2-F0-1 /T3-F3-1 /T2-F3-1 /T3-F0-1 /T2-F0-1 /T3-F3-1 
"
1010912,W#UD#Rnh#rKBy#HsqGx#uiXMbm#TCvYpPa#LZtQgISofelwEJzkNVFOAcdj,143.000000,1311.000000,49.000000,0.565934,1,"
minimal: 0 / states: 121 / duration: 0.000131s
history:
/T6-F1-1 /T6-T1-1 /T3-T5-1 /T3-T1-1 /T0-T3-1 /T5-T0-2 /T5-F1-1 /D:3     /W-T2-1  /D:3     
/W-T3-1  /T2-T3-2 /T2-F2-1 /T1-T2-3 /D:1     /W-T3-1  /D:1     /W-F2-1  /T6-F2-1 /T4-T6-1 
/T4-T1-1 /T4-F2-1 /T6-T5-2 /T1-T6-2 /T5-T1-3 /T5-T0-1 /T2-T4-4 /D:1     /W-T6-1  /D:3     
/W-T0-1  /T5-T0-1 /T5-T0-1 /D:1     /W-T3-1  /D:2     /W-T2-1  /D:2     /W-F3-1  /D:3     
/W-F3-1  /D:1     /W-F0-1  /T4-F0-1 /T4-F3-1 /D:1     /W-F1-1  /D:1     /W-F1-1  /D:1     
/W-T1-1  /T6-T1-4 /T6-F0-1 /T4-F0-1 /T4-T6-2 /T3-F0-1 /W-F0-1  /T6-T0-3 /R       /D:2     
/W-T5-1  /W-T5-1  /D:1     /W-F3-1  /T0-F3-1 /T3-F3-1 /T1-T3-1 /T1-F0-1 /T4-F0-1 /D:2     
/W-F1-1  /T3-F1-1 /W-F1-1  /T3-T1-1 /T3-F1-1 /T3-F0-1 /D:1     /W-T2-1  /T3-T2-2 /T3-F2-1 
/T0-F2-1 /T0-F3-1 /T1-F2-1 /T0-F2-1 /T0-F1-1 /T1-F3-1 /T1-F2-1 /T1-F1-1 /T0-F2-1 /T1-F2-1 
/T0-T5-1 /T0-F2-1 /D:1     /W-F0-1  /D:1     /W-F1-1  /T2-T1-2 /T2-F1-1 /T0-F1-1 /T2-F2-1 
/D:1     /W-F3-1  /T1-F3-1 /T1-F0-1 /T5-F3-1 /T1-F3-1 /T5-F0-1 /T1-F0-1 /T5-F3-1 
"
1010916,l#tz#Awv#ksLM#PpOQC#FxSoNh#eJUGIHn#BydYEZjDfqVmriKgTabXWucR,133.500000,3321.000000,51.000000,0.570588,1,"
minimal: 0 / states: 130 / duration: 0.000129s
history:
/T6-F2-1 /T5-T2-1 /T5-F3-1 /T5-F2-1 /T0-T1-1 /T3-T0-1 /D:4     /W-T0-1  /D:1     /W-T5-1  
/W-T5-1  /T4-T5-1 /D:10    /W-T0-1  /D:1     /W-T6-1  /D:2     /W-F1-1  /D:1     /W-F1-1  
/D:1     /W-T3-1  /D:1     /W-T0-1  /T2-T0-2 /T2-T3-1 /T2-F0-1 /T1-T2-2 /T5-T1-4 /T5-T2-1 
/T1-T0-5 /T5-T6-1 /D:2     /W-F1-1  /T0-T4-1 /T0-F1-1 /T4-T0-2 /T4-F3-1 /T4-F2-1 /T4-F3-1 
/D:1     /W-T6-1  /R       /D:1     /W-F0-1  /T0-F0-1 /T0-F3-1 /T6-F3-1 /D:2     /W-T1-1  
/T3-T1-3 /D:1     /W-T2-1  /D:1     /W-F0-1  /T0-F0-1 /T0-F3-1 /T6-F0-1 /T3-T6-1 /D:1     
/W-T0-1  /D:1     /W-F2-1  /D:1     /W-T1-1  /T6-T1-3 /T6-T2-1 /T6-F0-1 /T6-T2-1 /T6-T3-1 
/T6-F1-1 /T0-F1-1 /D:1     /W-T4-1  /W-T4-1  /T3-T4-2 /D:1     /W-F2-1  /T1-F2-1 /T0-F2-1 
/T1-F1-1 /T0-F1-1 /T1-F0-1 /T2-T0-1 /T2-F0-1 /T4-F0-1 /D:1     /W-F1-1  /T2-F1-1 /T4-F1-1 
/T0-T2-3 /T0-F0-1 /T1-T4-3 /T1-F0-1 /T2-T0-4 /T2-F1-1 /T0-T2-5 /T0-F0-1 /T4-T1-4 /T4-F1-1 
/D:1     /W-F3-1  /T2-F3-1 /T1-F3-1 /D:1     /W-F2-1  /T2-F2-1 /T1-F2-1 /T2-F3-1 /T1-F3-1 
/T2-F2-1 /T1-F2-1 /T2-F3-1 /T1-F3-1 /T2-F2-1 
"
1010923,b#gZ#uWK#eQzf#pSnmA#xUaIkB#JHODhLy#XFVEicMqdrjYGtwloNTRPsCv,131.000000,1827.000000,40.000000,0.634146,1,"
minimal: 0 / states: 120 / duration: 0.000133s
history:
/T4-F0-1 /T5-F0-1 /T6-T1-1 /T6-T4-1 /T5-T1-1 /T6-T5-1 /D:1     /W-T4-1  /D:3     /W-T3-1  
/D:2     /W-T6-1  /D:3     /W-T3-1  /D:2     /W-T2-1  /T5-T2-2 /T5-F1-1 /T0-F1-1 /T4-T0-3 
/T4-F2-1 /T6-F1-1 /T3-F1-1 /W-T4-1  /D:2     /W-T2-1  /T3-T2-2 /W-T3-1  /T2-T3-7 /D:1     
/W-T5-1  /T4-T5-2 /D:1     /W-T0-1  /D:2     /W-F2-1  /T4-F2-1 /T3-T4-9 /T3-T4-1 /T6-T3-1 
/F2-T4-1 /T6-T4-1 /D:1     /W-F3-1  /T4-F3-1 /T4-F2-1 /D:1     /W-T6-1  /D:2     /W-F3-1  
/T4-F3-1 /W-F3-1  /D:1     /W-T6-1  /T3-T6-2 /T1-T3-3 /D:1     /W-F0-1  /T6-F0-1 /T4-F0-1 
/T6-F1-1 /T4-F1-1 /T1-F1-1 /D:1     /W-T2-1  /T5-T2-4 /T2-T5-6 /R       /D:1     /W-F0-1  
/T4-F0-1 /T6-T2-2 /T6-F0-1 /T4-F1-1 /T4-F0-1 /T6-F0-1 /D:1     /W-T0-1  /T2-T0-3 /D:1     
/W-F1-1  /T4-F1-1 /T3-F1-1 /T4-F0-1 /T0-T3-6 /T0-F0-1 /T5-T4-7 /D:1     /W-F0-1  /D:1     
/W-F2-1  /T4-F2-1 /T3-F2-1 /T4-F3-1 /T3-F3-1 /T4-F2-1 /T3-F2-1 /T4-F3-1 /T3-F3-1 /T4-F2-1 
/T3-F2-1 /T4-F3-1 /T3-F3-1 /T4-F2-1 /T3-F2-1 /T4-F3-1 /T3-F3-1 /T4-F2-1 /D:1     /W-F1-1  
/T0-F1-1 
"
1010927,o#qs#MON#Gytx#RwQdn#DeZpcY#BAUvVgW#HSbmFjIzJiEkaKhLfTrulXPC,121.000000,2650.000000,55.000000,0.562500,1,"
minimal: 0 / states: 123 / duration: 0.000137s
history:
/T2-F3-1 /T2-F3-1 /T4-F2-1 /T0-F2-1 /T6-T3-1 /T5-T2-1 /T3-T2-2 /T1-T6-1 /T5-T1-1 /T5-F2-1 
/T5-T0-1 /T5-T6-1 /T1-T5-1 /T1-F2-1 /T5-T6-2 /D:2     /W-T3-1  /D:2     /W-T1-1  /D:3     
/W-T2-1  /D:1     /W-T5-1  /D:3     /W-T3-1  /T4-T3-1 /D:2     /W-F1-1  /D:2     /W-T2-1  
/T3-T2-4 /T3-T0-1 /D:1     /W-T1-1  /D:1     /W-T3-1  /D:2     /W-T3-1  /T4-T3-1 /D:2     
/W-T5-1  /D:1     /W-T0-1  /T4-T0-1 /D:1     /W-F3-1  /T3-F3-1 /T3-F2-1 /T4-F3-1 /T2-T3-2 
/T2-F3-1 /D:1     /W-T3-1  /R       /D:2     /W-F1-1  /T6-F1-1 /D:4     /W-T0-1  /D:1     
/W-T1-1  /W-T1-1  /D:1     /W-T5-1  /W-T5-1  /D:1     /W-F3-1  /D:1     /W-T0-1  /T6-T0-4 
/T6-T1-1 /T6-T5-1 /T6-F3-1 /T6-F0-1 /T6-F0-1 /T3-F0-1 /T0-F0-1 /T3-F1-1 /T0-F1-1 /T0-F2-1 
/T3-F0-1 /T3-F1-1 /T2-F2-1 /W-F0-1  /T0-F1-1 /T0-F2-1 /T3-F0-1 /T2-F1-1 /T5-F2-1 /W-F0-1  
/T0-F1-1 /T1-F3-1 /T0-F2-1 /T2-F0-1 /T1-F0-1 /T2-F3-1 /T0-F3-1 /T5-F1-1 /T1-F1-1 /T2-F2-1 
/T0-F2-1 /T5-F0-1 /T1-F0-1 /T2-F3-1 /T0-F3-1 /T5-F1-1 /T1-F1-1 /T2-F0-1 /T5-F2-1 
"
1010930,A#RY#giK#EbWG#sqvkM#yTQxPL#tIrUzDw#panShFVeZfuOdClcXNmjBHoJ,128.000000,2926.000000,43.000000,0.632530,1,"
minimal: 0 / states: 123 / duration: 0.000138s
history:
/T0-F0-1 /T4-T0-1 /T6-T4-1 /T4-T5-2 /T2-T1-1 /T1-T0-2 /T6-T1-1 /T2-T5-1 /D:2     /W-F1-1  
/D:1     /W-F2-1  /D:1     /W-T3-1  /D:1     /W-T4-1  /T3-T4-2 /T3-T0-1 /T3-F1-1 /T4-T0-4 
/T3-T0-1 /T6-T3-1 /D:1     /W-T2-1  /T1-T2-2 /D:3     /W-T1-1  /T5-T1-4 /T5-T2-1 /D:2     
/W-T1-1  /T2-T1-5 /D:2     /W-T0-1  /D:1     /W-T0-1  /W-T0-1  /D:1     /W-T3-1  /T5-T3-1 
/D:1     /W-F1-1  /T0-T5-2 /T0-F1-1 /T5-T0-3 /D:2     /W-F3-1  /T0-F3-1 /T1-F3-1 /D:1     
/W-T2-1  /D:1     /W-T3-1  /D:1     /W-F0-1  /T0-F0-1 /T1-F0-1 /T4-T1-1 /T0-F3-1 /T0-F0-1 
/T1-T4-2 /T1-F0-1 /T4-T1-3 /D:2     /W-F2-1  /D:1     /R       /D:1     /W-F2-1  /T1-F2-1 
/T1-F3-1 /T0-F3-1 /T5-F3-1 /T6-F3-1 /T6-F2-1 /T6-T3-1 /T0-F0-1 /T1-F2-1 /T6-F2-1 /T5-T2-1 
/D:1     /W-F3-1  /D:1     /W-F1-1  /D:1     /W-F1-1  /T1-F1-1 /T0-F1-1 /T1-F2-1 /T0-F2-1 
/T0-F3-1 /T1-F1-1 /T1-F2-1 /T3-T0-2 /T3-F2-1 /T2-F2-1 /D:1     /W-F3-1  /T0-T3-3 /T0-F3-1 
/T1-T2-2 /T1-F3-1 /T3-T0-4 /T3-F2-1 /D:1     /W-F0-1  /T0-F0-1 /T0-F1-1 /T2-F1-1 /D:1     
/W-F0-1  /T0-F0-1 /T0-F1-1 /T2-F0-1 /T0-F0-1 /T2-F1-1 
"
1010956,T#dw#gae#kbWj#ipFxM#czXKNv#RDEtsQC#nlZVAuOGLHhoUBYJqyPmISrf,129.000000,2556.000000,39.000000,0.673611,1,"
minimal: 0 / states: 114 / duration: 0.000126s
history:
/T5-T3-1 /T5-F3-1 /T3-T5-2 /D:1     /W-F2-1  /D:1     /W-T4-1  /T5-T4-3 /T1-T5-1 /T6-T1-1 
/D:2     /W-T5-1  /D:1     /W-F0-1  /D:1     /W-T5-1  /T0-T5-1 /T4-T0-5 /T3-T4-1 /T3-T1-1 
/D:1     /W-F3-1  /D:4     /W-T0-1  /D:1     /W-F2-1  /D:2     /W-F0-1  /D:2     /W-T3-1  
/D:1     /W-T2-1  /D:2     /W-F3-1  /T6-F3-1 /T6-T5-1 /T6-T0-1 /T2-T5-2 /T2-F1-1 /T1-F1-1 
/T1-F0-1 /T1-T6-1 /D:1     /W-T1-1  /W-T1-1  /T5-T1-8 /W-T5-1  /T4-T5-2 /T4-T2-1 /T4-F2-1 
/T4-T3-1 /T5-T4-4 /T5-F1-1 /T1-F2-1 /T6-F1-1 /T1-F1-1 /D:1     /W-T4-1  /W-T4-1  /W-T3-1  
/T2-T3-2 /D:1     /W-T0-1  /T6-T0-1 /T6-F0-1 /T0-F0-1 /T6-F3-1 /T3-F0-1 /T0-F3-1 /T1-T3-1 
/T1-F3-1 /T4-F3-1 /D:1     /W-F2-1  /T3-F2-1 /T0-F2-1 /T1-F2-1 /T1-F3-1 /T0-T4-1 /T0-F2-1 
/T1-F2-1 /T4-T0-2 /T4-F3-1 /T1-F3-1 /T4-F2-1 /T1-F2-1 /T4-F3-1 /T4-F2-1 /W-T1-1  /W-F0-1  
/W-F3-1  /T3-T1-5 /D:1     /W-F1-1  /T1-F1-1 /T0-F1-1 /T1-F0-1 /T0-F0-1 /T1-F1-1 /T0-F1-1 
/T1-F0-1 /T0-F0-1 /T1-F1-1 /T0-F1-1 /T1-F0-1 /T0-F0-1 /T1-F1-1 
"
1010970,s#Xx#WUP#klLa#zJmVM#HityFS#YqAnDej#BQRGKOpTdruIhNbcwCZgvEof,132.500000,808.000000,40.000000,0.623529,1,"
minimal: 0 / states: 112 / duration: 0.000144s
history:
/T3-F1-1 /T6-T1-1 /T6-T0-1 /T6-T0-1 /T6-F2-1 /T6-F0-1 /T2-T0-1 /D:1     /W-F0-1  /D:3     
/W-T2-1  /T5-T2-1 /W-T5-1  /T6-T5-1 /T1-T6-2 /T1-T3-1 /T4-T1-1 /T6-T1-3 /D:6     /W-T2-1  
/W-T2-1  /D:1     /W-T4-1  /W-T4-1  /T5-T4-3 /W-T2-1  /W-T2-1  /D:1     /W-T1-1  /T2-T1-7 
/D:2     /W-F3-1  /T1-F3-1 /T0-F3-1 /D:1     /W-F1-1  /D:1     /W-F1-1  /D:1     /W-T3-1  
/T4-T3-6 /T5-T4-1 /T4-T6-2 /D:1     /W-F0-1  /T0-F0-1 /D:3     /W-T2-1  /D:1     /W-F0-1  
/D:1     /W-F2-1  /T1-F2-1 /T1-F1-1 /T3-F2-1 /T0-F1-1 /T1-F2-1 /T0-F2-1 /T5-F2-1 /T5-T4-1 
/T3-T5-3 /T3-F2-1 /T2-F2-1 /T5-T3-4 /D:1     /W-F1-1  /W-F1-1  /W-T0-1  /T3-T0-8 /W-F1-1  
/T4-F1-1 /T0-T4-5 /T0-F2-1 /T4-T0-6 /T3-T4-1 /T1-T2-4 /T1-F1-1 /T1-F2-1 /T3-F1-1 /T4-F1-1 
/T6-F2-1 /T4-F2-1 /T6-F1-1 /W-T1-1  /W-F3-1  /T0-F3-1 /T0-F0-1 /T2-F3-1 /T0-F3-1 /T2-F0-1 
/T0-F0-1 /T2-F3-1 /T0-F3-1 /T2-F0-1 /T0-F0-1 /T2-F3-1 /T0-F3-1 /T1-F0-1 /T0-F0-1 /T1-F3-1 
/T0-F3-1 /T1-F0-1 
"
1010972,Y#wj#NhM#gILn#dWkAs#VfHPiz#FocmOpC#SXBQKZlUayTEJebGrtRvDuxq,139.500000,4465.000000,66.000000,0.494737,1,"
minimal: 0 / states: 143 / duration: 0.000154s
history:
/T3-F2-1 /T0-T2-1 /T5-T0-1 /D:2     /W-T3-1  /D:3     /W-T2-1  /T1-T2-1 /T5-T1-1 /T1-T3-2 
/T2-T1-4 /D:2     /W-T0-1  /D:2     /W-F1-1  /D:5     /W-T4-1  /D:1     /W-F1-1  /D:1     
/W-T2-1  /D:4     /W-T1-1  /T2-T1-2 /T2-F3-1 /D:1     /W-T4-1  /T5-T4-1 /T5-T3-1 /T5-T1-1 
/D:1     /W-T5-1  /D:1     /W-T0-1  /D:1     /R       /D:2     /W-T4-1  /D:2     /W-T2-1  
/T3-T2-5 /D:1     /W-T3-1  /D:2     /W-T2-1  /T4-T2-5 /T4-F0-1 /T2-F0-1 /T6-F0-1 /D:1     
/W-T1-1  /D:1     /W-T4-1  /T5-T4-2 /D:2     /W-T3-1  /D:2     /R       /D:1     /W-T3-1  
/D:1     /W-T1-1  /T6-T1-1 /T6-F3-1 /T6-T5-1 /T6-F1-1 /T6-F2-1 /T1-F2-1 /T2-F3-1 /T1-F3-1 
/T2-F0-1 /T1-F0-1 /T6-F0-1 /D:1     /W-T5-1  /T4-T5-4 /T3-T4-4 /T4-T0-5 /T4-F1-1 /T2-F1-1 
/T1-F1-1 /T1-F0-1 /T3-F1-1 /T1-F1-1 /T2-T5-2 /T2-F0-1 /T2-F1-1 /T0-T1-3 /T0-F0-1 /T1-T0-4 
/T1-F1-1 /T5-T2-4 /T5-F0-1 /T1-F0-1 /T5-F1-1 /T0-T1-6 /T0-F1-1 /T2-T5-6 /T2-F0-1 /T1-T0-7 
/T1-F0-1 /T5-T2-7 /T5-F1-1 /D:1     /W-T0-1  /D:1     /W-F3-1  /D:1     /W-F2-1  /T0-F2-1 
/T0-F3-1 /T2-F2-1 /T0-F2-1 /T2-F3-1 /T0-F3-1 /T2-F2-1 /T0-F2-1 /T2-F3-1 /T0-F3-1 /T2-F2-1 
/T0-F2-1 /T2-F3-1 /T0-F3-1 /T2-F2-1 /T0-F2-1 /T2-F3-1 
"
1010990,z#iF#VWv#HEBr#PtjXa#GygYdA#cChOfLo#ubMmJwNUKkeTZpRQnlqDxSsI,151.500000,1617.000000,41.000000,0.696629,1,"
minimal: 0 / states: 117 / duration: 0.000130s
history:
/T4-F1-1 /T5-F0-1 /T5-T3-1 /T5-T0-1 /T1-T5-1 /D:1     /W-T1-1  /T5-T1-2 /T4-T5-1 /T2-T4-1 
/D:1     /W-F1-1  /D:3     /W-T5-1  /T1-T5-4 /W-T1-1  /T5-T1-7 /D:2     /W-F3-1  /D:1     
/W-T4-1  /T5-T4-1 /D:1     /W-T0-1  /T4-T0-4 /D:2     /W-T1-1  /D:2     /W-T5-1  /D:1     
/W-T3-1  /D:3     /W-F2-1  /T6-F2-1 /T6-T5-1 /T6-T0-1 /T6-F3-1 /T3-F2-1 /T3-T0-2 /T3-F0-1 
/T4-T6-1 /T4-F3-1 /W-F3-1  /W-F3-1  /D:2     /W-F2-1  /T0-T3-1 /T0-F2-1 /T3-T0-2 /D:1     
/W-T1-1  /D:2     /W-F3-1  /D:1     /W-F2-1  /T6-F2-1 /T1-T3-4 /T1-F2-1 /T3-T1-5 /D:1     
/W-T2-1  /T6-T2-1 /T6-F0-1 /T6-F1-1 /T0-F1-1 /T1-F0-1 /T0-F0-1 /T1-F1-1 /T0-F1-1 /T1-F0-1 
/T0-F0-1 /T1-F1-1 /T2-F1-1 /T1-F0-1 /T1-F1-1 /T2-F0-1 /T1-F0-1 /T0-T2-2 /T0-F1-1 /T2-T0-3 
/R       /D:1     /W-T3-1  /D:1     /W-T1-1  /T2-T1-1 /D:1     /W-F1-1  /D:1     /W-F3-1  
/T0-F3-1 /T0-F2-1 /T1-F3-1 /T0-F3-1 /T0-F0-1 /T1-F2-1 /T1-F3-1 /T5-F0-1 /T0-F3-1 /T3-F0-1 
/T5-F3-1 /D:1     /W-F1-1  /D:1     /W-F2-1  /T1-F2-1 /T0-F2-1 /T1-F1-1 
"
1010992,Y#UW#TKt#hJur#GcVPA#EzRkop#sjLZwSd#HbfenaNIDQqBMlmiFOXyCvgx,170.500000,1739.000000,49.000000,0.570000,1,"
minimal: 0 / states: 122 / duration: 0.000144s
history:
/T4-F0-1 /T6-T3-1 /T5-T3-1 /T6-T2-1 /T5-T4-1 /T6-T5-1 /T3-T2-3 /D:2     /W-T2-1  /D:3     
/W-F2-1  /T4-F2-1 /D:1     /W-F1-1  /T2-F1-1 /T2-F2-1 /D:1     /W-F3-1  /D:1     /W-T1-1  
/D:3     /W-F2-1  /D:1     /W-F0-1  /D:4     /W-T5-1  /T3-T5-1 /D:2     /W-F3-1  /T4-F3-1 
/T4-T3-1 /T4-F1-1 /T2-F1-1 /T2-F2-1 /D:2     /W-T6-1  /T5-T6-4 /D:1     /W-F0-1  /D:2     
/W-T6-1  /D:1     /W-T0-1  /T1-T0-2 /T2-T1-2 /T1-T0-3 /T6-T1-7 /R       /D:1     /W-T3-1  
/D:1     /W-T4-1  /D:1     /W-F1-1  /T4-F1-1 /T1-F1-1 /D:1     /W-F0-1  /D:1     /W-F3-1  
/T5-F3-1 /T0-T5-7 /T5-T0-8 /T5-F0-1 /T0-F3-1 /D:1     /W-T5-1  /D:1     /W-T5-1  /T2-T5-1 
/T2-F3-1 /D:1     /W-T2-1  /T6-T2-1 /T6-T5-1 /T6-F2-1 /T0-F2-1 /T1-F2-1 /T0-F3-1 /T3-T1-1 
/T3-F3-1 /T0-T5-1 /T0-F3-1 /D:1     /W-F0-1  /T4-F0-1 /T1-F0-1 /T5-F0-1 /T3-F0-1 /T3-F1-1 
/T1-F1-1 /T5-F1-1 /T5-F0-1 /T2-F0-1 /D:1     /W-F3-1  /T0-T5-1 /T0-F3-1 /T1-T2-3 /T1-F3-1 
/T5-T0-2 /T5-F0-1 /D:1     /W-F2-1  /T2-F2-1 /T0-F2-1 /T2-F1-1 /T0-F1-1 /T2-F2-1 /T0-F2-1 
/T2-F1-1 
"
1011021,d#Xh#FCm#WOYB#SGvjN#trguwk#lpfLcPo#ZsExHnIMyQKeARUVbqizJaTD,124.500000,1501.000000,45.000000,0.610390,1,"
minimal: 0 / states: 118 / duration: 0.000140s
history:
/T4-F3-1 /D:6     /W-F2-1  /T6-F2-1 /T3-T6-1 /D:1     /W-T4-1  /T1-T4-1 /D:2     /W-T2-1  
/T5-T2-1 /T5-T1-1 /D:2     /W-T3-1  /T4-T3-3 /D:2     /W-F0-1  /T6-F0-1 /D:2     /W-T4-1  
/D:1     /W-T1-1  /T5-T1-1 /T5-T1-1 /T0-T5-1 /T2-T0-3 /T2-F0-1 /W-T2-1  /T2-T1-2 /D:2     
/W-T1-1  /T6-T1-1 /D:2     /W-T2-1  /T3-T2-5 /T3-F3-1 /T1-F3-1 /T6-T1-1 /T4-T3-2 /T4-T2-1 
/T5-T4-2 /T1-T6-9 /T4-T2-3 /T5-T3-1 /D:1     /W-T0-1  /W-T0-1  /D:1     /W-F1-1  /W-F1-1  
/T6-F1-1 /T2-F1-1 /W-F1-1  /W-F3-1  /W-T1-1  /W-T0-1  /D:1     /W-T0-1  /D:1     /W-F0-1  
/R       /D:1     /W-T4-1  /T6-T4-9 /T6-F1-1 /T6-F2-1 /T4-F2-1 /T2-F2-1 /T4-F3-1 /T2-F3-1 
/T0-F3-1 /T6-T1-1 /D:1     /W-F2-1  /T3-F2-1 /T3-F3-1 /T4-T0-2 /T4-F2-1 /T3-F2-1 /T4-F3-1 
/T3-F3-1 /T4-F2-1 /T4-F3-1 /T2-T1-5 /T2-F3-1 /D:1     /W-F0-1  /T0-F0-1 /T0-F1-1 /T1-F0-1 
/T0-F0-1 /T1-F1-1 /T0-F1-1 /T1-F0-1 /T0-F0-1 /T1-F1-1 /T0-F1-1 /T1-F0-1 /T4-F0-1 /T1-F1-1 
/T1-F0-1 /T4-F3-1 /D:1     /W-F2-1  /T0-F2-1 /T0-F1-1 /T2-F2-1 
"
1011046,a#uB#LQv#kUrs#fKZhn#NGwTpY#CiVXWzo#bDtgMEeJmAISlPqcyHORjdFx,104.500000,1444.000000,53.000000,0.535294,1,"
minimal: 0 / states: 125 / duration: 0.000145s
history:
/T0-F1-1 /T4-F2-1 /T6-F2-1 /T5-T6-1 /T5-F2-1 /T6-T0-2 /T3-T5-1 /T4-T2-1 /T2-T6-2 /T2-T3-1 
/T2-T4-1 /T4-T2-2 /T6-T4-3 /T6-T2-1 /T4-T0-4 /T3-T4-2 /D:1     /W-F1-1  /D:2     /W-T0-1  
/T4-T0-3 /D:2     /W-T4-1  /D:2     /W-T5-1  /D:1     /W-T2-1  /T6-T2-1 /D:2     /W-F0-1  
/T1-F0-1 /T5-T1-3 /T6-T5-1 /T6-F0-1 /W-T6-1  /T1-T2-4 /D:3     /W-T4-1  /D:2     /W-F2-1  
/D:1     /W-F1-1  /D:1     /W-T6-1  /D:1     /W-T5-1  /D:4     /W-F1-1  /T2-F1-1 /D:2     
/W-T4-1  /R       /D:1     /W-F0-1  /D:1     /W-T5-1  /D:1     /W-F0-1  /D:5     /W-T2-1  
/D:1     /W-T4-1  /D:1     /W-F0-1  /R       /D:1     /W-T4-1  /T3-T4-1 /T5-T3-4 /T5-F0-1 
/T5-F3-1 /T3-T6-5 /D:3     /W-F3-1  /W-F3-1  /T0-F3-1 /T0-F2-1 /T0-F1-1 /T2-F3-1 /T2-F2-1 
/T6-F1-1 /W-F3-1  /T0-F2-1 /T0-F1-1 /T2-F3-1 /T2-F2-1 /T4-F3-1 /T0-F2-1 /T6-F0-1 /T2-F3-1 
/T4-F0-1 /T0-F3-1 /T6-F1-1 /T2-F0-1 /T4-F1-1 /T0-F0-1 /T6-F2-1 /T2-F3-1 /T4-F2-1 /T0-F3-1 
/T6-F1-1 /T2-F0-1 /T4-F1-1 /T4-F0-1 /T6-F2-1 /T0-F2-1 /T2-F3-1 /T6-F1-1 
"
1011082,M#lr#FtJ#qeco#iyLSb#sGVhAp#IROXxBz#CQdkYHwKPumWjnZvDaTgUNEf,148.000000,1119.000000,47.000000,0.643617,1,"
minimal: 0 / states: 123 / duration: 0.000138s
history:
/T4-T5-1 /T1-T4-1 /T1-T0-1 /T6-T1-1 /D:2     /W-T4-1  /T5-T4-2 /T5-F0-1 /T6-F0-1 /T6-T0-1 
/T2-T6-1 /T4-T2-5 /T6-T4-2 /T2-T5-6 /W-F0-1  /D:3     /W-T1-1  /D:3     /W-T1-1  /D:4     
/W-T0-1  /D:1     /W-T1-1  /D:1     /W-F2-1  /T3-F2-1 /D:2     /W-T0-1  /T5-T0-7 /T5-T4-1 
/D:1     /W-F0-1  /D:1     /W-F1-1  /T0-F1-1 /T3-F1-1 /T6-T0-1 /T3-T2-1 /T3-T2-1 /W-T3-1  
/T4-T3-4 /D:4     /W-F3-1  /T0-F3-1 /T0-F2-1 /T2-F2-1 /D:1     /W-F0-1  /D:1     /W-T5-1  
/R       /D:1     /W-F1-1  /T2-F1-1 /T6-T2-1 /T5-F1-1 /T6-T1-1 /D:1     /W-T4-1  /D:1     
/W-T3-1  /D:1     /W-T4-1  /D:1     /W-F3-1  /T0-F3-1 /T0-F2-1 /T2-F3-1 /T0-F3-1 /T2-F0-1 
/T5-F0-1 /T5-F2-1 /T0-F2-1 /T3-F0-1 /T1-F0-1 /T3-T4-1 /T3-F0-1 /D:1     /W-F2-1  /D:1     
/W-T2-1  /T4-T2-4 /D:1     /W-F3-1  /D:1     /W-F1-1  /T0-F1-1 /T4-F1-1 /T0-F2-1 /T1-F1-1 
/T1-F0-1 /T2-T3-2 /T2-F1-1 /T0-T1-2 /T0-F1-1 /T3-T2-3 /T3-F0-1 /T0-F0-1 /T2-T3-4 /T2-F1-1 
/D:1     /W-F3-1  /T3-F3-1 /T1-F3-1 /T3-F2-1 /T1-F2-1 /T3-F3-1 /T1-F3-1 /T3-F2-1 /T1-F2-1 
/T3-F3-1 
"
1011086,w#fN#mAn#JzdU#DQcrs#peYCbK#VhGHIMj#xktSglRvioLWyaXPOqEBTZuF,113.500000,981.000000,29.000000,0.802817,1,"
minimal: 0 / states: 117 / duration: 0.000130s
history:
/T1-F3-1 /T2-F2-1 /T2-F0-1 /T6-T5-1 /D:3     /W-T3-1  /T1-T3-1 /T6-T1-1 /T6-T5-1 /T3-T5-3 
/D:2     /W-T6-1  /T4-T6-1 /T4-T5-1 /T3-T5-1 /D:1     /W-T1-1  /T5-T1-8 /D:1     /W-T6-1  
/D:2     /W-T0-1  /T6-T0-4 /D:1     /W-F2-1  /D:1     /W-T2-1  /D:3     /W-F1-1  /T5-F1-1 
/T4-F1-1 /T5-T1-1 /T5-T3-1 /T1-T4-1 /T1-F1-1 /T5-F1-1 /T4-T1-2 /T4-T0-1 /T3-T4-2 /T5-F2-1 
/D:1     /W-T2-1  /T0-T2-7 /D:1     /W-T2-1  /D:1     /W-F3-1  /T2-F3-1 /D:1     /W-F2-1  
/D:2     /W-F0-1  /T1-F0-1 /T1-F3-1 /T1-F2-1 /T2-F0-1 /T2-F3-1 /T2-F2-1 /W-F0-1  /T1-F1-1 
/T1-F2-1 /T6-T1-1 /T2-F1-1 /T6-F1-1 /T2-T6-1 /T2-F1-1 /T6-T2-2 /D:1     /W-T2-1  /D:1     
/W-T0-1  /W-T0-1  /D:1     /W-F2-1  /D:1     /W-F0-1  /T1-F0-1 /R       /D:1     /W-T4-1  
/D:1     /W-T0-1  /T3-T0-1 /D:1     /W-F3-1  /T2-F3-1 /T1-F3-1 /T2-F0-1 /T1-F0-1 /T2-F3-1 
/T0-F0-1 /T1-F1-1 /T0-F1-1 /T1-F0-1 /T1-F1-1 /T2-T0-2 /T2-F0-1 /T1-F0-1 /T2-F1-1 /D:1     
/W-F2-1  /T0-F2-1 /T4-F2-1 /D:1     /W-F3-1  /T0-F3-1 /T0-F2-1 /T4-F3-1 /T0-F3-1 /T4-F2-1 
"
1011096,U#EF#dST#wmhN#yBxDn#ZVCiPK#gupkIea#lGzAvXHrqRoYJfMsOWjQLtcb,125.000000,1952.000000,60.000000,0.666667,1,"
minimal: 0 / states: 128 / duration: 0.000150s
history:
/T3-F3-1 /T4-F2-1 /T6-F1-1 /T6-T1-1 /T4-T1-1 /T3-T6-1 /T1-T2-3 /D:2     /W-T0-1  /D:2     
/W-F0-1  /D:7     /W-F2-1  /D:3     /W-T0-1  /T1-T0-1 /T3-T1-1 /D:3     /W-F3-1  /D:1     
/W-T4-1  /T6-T4-2 /T3-T6-1 /D:1     /W-T5-1  /D:1     /W-T0-1  /D:1     /W-T1-1  /T6-T1-2 
/T6-F2-1 /T2-T6-4 /D:1     /W-T4-1  /T2-T4-1 /D:1     /W-T6-1  /D:1     /W-F1-1  /T6-F1-1 
/T2-F1-1 /R       /D:2     /W-T2-1  /W-T2-1  /T5-T2-2 /T5-F3-1 /T5-T1-1 /T5-T0-1 /T6-T1-5 
/D:1     /W-T2-1  /T0-T2-6 /D:2     /W-T5-1  /T6-T5-1 /D:1     /W-T4-1  /D:1     /W-F2-1  
/T4-F2-1 /D:4     /W-T0-1  /D:1     /W-F2-1  /R       /D:3     /W-T0-1  /T4-T0-6 /T4-F0-1 
/T2-F0-1 /T1-F0-1 /T1-F1-1 /T2-F3-1 /T2-F0-1 /T2-F1-1 /W-F3-1  /T0-F3-1 /T0-F2-1 /T1-F0-1 
/T1-F3-1 /T2-F0-1 /T2-F3-1 /T5-F1-1 /T0-F1-1 /T1-F2-1 /T2-F2-1 /T5-F0-1 /T0-F0-1 /T1-F1-1 
/T2-F1-1 /T5-F3-1 /T0-F3-1 /T1-F2-1 /T0-F2-1 /T1-F1-1 /T4-F2-1 /W-F3-1  /T0-F3-1 /T5-F3-1 
/T2-T0-2 /T2-F2-1 /D:1     /W-F0-1  /T0-F0-1 /T0-F1-1 /T1-F0-1 /T0-F0-1 /T1-F1-1 
"
1011106,g#FW#hjI#BkNK#tdcwH#VrYmfn#QZGbiAE#PzpesySOxqaDRCXTvJluLoMU,146.500000,2628.000000,53.000000,0.554455,1,"
minimal: 0 / states: 125 / duration: 0.000206s
history:
/T5-F2-1 /T6-T5-1 /T6-F0-1 /T4-T6-1 /T6-T4-2 /T2-T1-1 /T1-T3-2 /T0-T4-1 /T1-T4-1 /D:2     
/W-T0-1  /D:2     /W-T4-1  /D:6     /W-T4-1  /D:1     /W-F1-1  /T6-F1-1 /T5-T6-2 /T5-T1-1 
/T3-T5-3 /T3-F3-1 /T4-T3-7 /T4-F1-1 /T4-F1-1 /T5-T0-4 /D:6     /W-T2-1  /D:4     /W-T1-1  
/T3-T1-8 /T3-F0-1 /D:1     /W-F2-1  /D:1     /W-T3-1  /D:1     /W-T0-1  /T6-T0-3 /R       
/D:1     /W-T1-1  /D:1     /W-F2-1  /D:2     /W-T6-1  /D:1     /W-T4-1  /T5-T4-1 /D:1     
/W-F3-1  /T1-F3-1 /T1-F2-1 /T1-F1-1 /T4-F2-1 /W-F2-1  /T0-T4-1 /T0-F1-1 /T4-T0-2 /T4-F2-1 
/T6-T4-2 /T6-F3-1 /D:3     /W-F3-1  /D:1     /W-F0-1  /W-F0-1  /T0-F0-1 /T0-F3-1 /T1-F0-1 
/T0-F0-1 /T1-F1-1 /T1-F0-1 /T0-T2-1 /T0-F0-1 /D:1     /W-T4-1  /D:1     /W-F3-1  /T2-F3-1 
/T5-F3-1 /T0-F3-1 /T2-T0-2 /T2-F1-1 /T1-F1-1 /T4-F3-1 /D:1     /W-F0-1  /D:1     /W-T3-1  
/T0-T3-3 /T0-F3-1 /D:1     /W-F2-1  /T3-F2-1 /T1-F2-1 /T3-F1-1 /T1-F1-1 /T3-F0-1 /T1-F0-1 
/W-F2-1  /T3-F1-1 /T3-F0-1 /T4-F2-1 /T0-F2-1 /T1-F1-1 /T4-F3-1 
"
1011115,H#cF#feI#OWBk#UCZJl#tuVznT#hbwXAKN#MGsyqrRmEYiSDQvdopxLjPag,77.500000,1226.000000,31.000000,0.758929,1,"
minimal: 0 / states: 129 / duration: 0.000133s
history:
/T6-F3-1 /T5-T0-1 /T5-F2-1 /T6-T4-1 /T6-F0-1 /T4-T5-2 /T4-T3-1 /T1-T0-1 /D:4     /W-T4-1  
/T3-T4-2 /T3-F0-1 /T2-T3-1 /T2-T0-1 /T3-T5-2 /T3-F3-1 /T5-T3-5 /T5-T4-1 /T5-T4-1 /T2-T5-1 
/T4-T2-6 /T4-F0-1 /T4-T3-1 /T5-T3-2 /D:1     /W-T0-1  /T1-T0-1 /D:1     /W-T3-1  /D:2     
/W-T1-1  /D:5     /W-F0-1  /D:1     /W-T3-1  /D:3     /W-F2-1  /D:1     /W-F2-1  /D:2     
/W-T1-1  /T6-T1-1 /T6-T1-1 /F2-T3-1 /T6-T3-1 /D:2     /W-F3-1  /D:1     /W-F1-1  /T3-F1-1 
/T0-F1-1 /T3-F2-1 /T0-F2-1 /T3-F3-1 /T3-F2-1 /D:1     /W-T2-1  /R       /D:1     /W-T4-1  
/D:1     /W-T6-1  /D:1     /W-F2-1  /T3-T6-1 /T3-F2-1 /D:1     /W-F3-1  /D:1     /W-F0-1  
/D:1     /W-T4-1  /D:1     /W-T1-1  /T0-T1-4 /D:1     /W-F3-1  /T1-T2-2 /T1-F3-1 /T3-F3-1 
/T2-T1-3 /T2-F2-1 /T2-F3-1 /T6-T3-3 /D:1     /W-F2-1  /T1-T2-5 /T1-F2-1 /D:1     /W-F1-1  
/T2-F1-1 /T2-F0-1 /T3-F1-1 /T2-F1-1 /T3-F0-1 /T2-F0-1 /T3-F1-1 /T2-F1-1 /T3-F0-1 /T2-F0-1 
/T3-F3-1 /T1-F3-1 /T3-F0-1 /T1-F0-1 /T4-F3-1 /T4-F0-1 /T2-T1-2 /T2-F3-1 /D:1     /W-F2-1  
/D:1     /W-F1-1  /T1-F1-1 /T1-F2-1 /T3-F1-1 /T1-F1-1 /T3-F2-1 
"
1011127,w#Go#UVA#SNuB#EelZk#FPIYaL#iTRgnDK#vJhXzpMCcjdHqQyObtfrsmWx,97.500000,1296.000000,44.000000,0.627907,1,"
minimal: 0 / states: 122 / duration: 0.000134s
history:
/T2-F0-1 /T3-F0-1 /T4-T5-1 /T5-T4-2 /T5-F1-1 /T6-T5-1 /T3-T2-1 /T3-F3-1 /T2-T0-2 /T0-T4-3 
/T4-T0-6 /D:8     /W-F0-1  /T6-F0-1 /T6-F2-1 /T1-F2-1 /T6-T0-1 /T1-T2-1 /W-T1-1  /T5-T1-2 
/W-F2-1  /T2-T5-2 /W-T2-1  /T4-T2-1 /T3-T5-1 /D:2     /W-T1-1  /T5-T1-4 /F0-T4-1 /T5-T4-1 
/T6-T5-1 /T5-T0-2 /D:3     /W-F2-1  /D:3     /W-F3-1  /T4-F3-1 /T4-F0-1 /D:1     /W-F1-1  
/D:3     /W-F2-1  /D:1     /W-T6-1  /T4-T6-1 /T4-F0-1 /D:1     /W-T3-1  /D:2     /W-T2-1  
/W-T2-1  /R       /D:1     /W-T2-1  /D:2     /W-T2-1  /D:2     /W-F1-1  /D:1     /W-F1-1  
/T6-F1-1 /T6-F2-1 /D:2     /W-F3-1  /T0-F3-1 /T0-F0-1 /T1-F3-1 /T6-F3-1 /T1-F0-1 /T1-F3-1 
/W-F0-1  /T1-F0-1 /T0-T6-2 /T0-F3-1 /T2-T1-2 /T2-F3-1 /W-F3-1  /W-F0-1  /T1-T2-3 /T1-F0-1 
/T1-F3-1 /T0-T3-3 /T0-F3-1 /T6-T3-3 /D:2     /W-F2-1  /D:1     /W-F1-1  /T3-F1-1 /T2-F1-1 
/T3-F2-1 /T2-F2-1 /T3-F1-1 /T2-F1-1 /T3-F2-1 /T2-F2-1 /T3-F1-1 /T2-F1-1 /T3-F0-1 /T1-F0-1 
/W-F2-1  /T2-F2-1 /T3-F1-1 
"
1011128,p#ih#Kvy#QgqN#oHRCB#deXSmO#VxlcnJA#sarFIjLUftZDkMGYEPuTWwzb,98.500000,931.000000,35.000000,0.746032,1,"
minimal: 0 / states: 123 / duration: 0.000138s
history:
/T3-F3-1 /T5-F3-1 /T6-F0-1 /T4-F0-1 /T4-F0-1 /T2-T5-1 /T3-T4-1 /T1-T2-1 /T1-T6-1 /T5-T1-2 
/D:1     /W-T3-1  /T4-T3-2 /T3-T4-4 /T4-T6-5 /T0-T3-1 /D:1     /W-F1-1  /D:1     /W-T5-1  
/T3-T5-2 /D:7     /W-T2-1  /T5-T2-4 /T6-T5-7 /T6-F2-1 /T4-F2-1 /T6-T5-1 /T5-T1-9 /T2-F2-1 
/D:1     /W-T0-1  /D:1     /W-F0-1  /D:2     /W-T3-1  /T6-T3-1 /T6-T3-1 /D:3     /W-F0-1  
/D:1     /W-F3-1  /T2-F3-1 /T1-T5-2 /T1-F3-1 /T5-T1-3 /T5-T2-1 /D:1     /W-T6-1  /D:1     
/W-T6-1  /D:1     /W-T3-1  /T2-T3-6 /D:2     /W-T4-1  /D:1     /W-F1-1  /T1-F1-1 /T1-F2-1 
/T3-F1-1 /T1-F1-1 /T3-F2-1 /T1-F2-1 /T3-F3-1 /T3-F2-1 /T6-F3-1 /T6-F2-1 /R       /D:1     
/W-F0-1  /D:2     /W-T2-1  /W-T2-1  /T3-T2-1 /T3-F2-1 /D:1     /W-T0-1  /D:1     /W-F3-1  
/T6-F3-1 /T3-F3-1 /D:1     /W-F1-1  /T1-F1-1 /T2-F1-1 /D:1     /W-T0-1  /T1-T0-3 /T1-F3-1 
/D:1     /W-F0-1  /T0-F0-1 /T0-F1-1 /T2-F0-1 /T0-F0-1 /T2-F1-1 /T2-F0-1 /T0-F1-1 /T0-F0-1 
/T3-T4-2 /T3-F0-1 /D:1     /W-F3-1  /T0-F3-1 /D:1     /W-F2-1  /T4-F2-1 /T1-F2-1 /T4-F1-1 
/T1-F1-1 /T4-F2-1 
"
1011138,N#oj#pWF#DXAK#gVTze#CifsPl#JkuraBw#YnEMSctGRxOdyvILUbmqhHZQ,176.000000,2758.000000,57.000000,0.561947,1,"
minimal: 0 / states: 127 / duration: 0.000144s
history:
/T0-F3-1 /T4-T2-1 /T5-T4-1 /T3-T4-1 /T3-F0-1 /T6-T3-1 /T6-F0-1 /T6-F1-1 /T4-T0-3 /T2-T4-2 
/T1-T0-1 /T1-T5-1 /D:2     /W-F2-1  /T5-F2-1 /D:2     /W-T1-1  /D:7     /W-F3-1  /T5-F3-1 
/D:1     /W-T6-1  /D:2     /W-T0-1  /D:1     /W-T2-1  /D:2     /W-T0-1  /D:1     /W-F1-1  
/D:2     /W-T4-1  /D:1     /W-T2-1  /D:3     /W-F3-1  /R       /D:1     /W-T1-1  /D:3     
/W-F1-1  /T6-F1-1 /D:1     /W-T0-1  /W-T0-1  /T6-T0-1 /T4-T6-4 /T6-T4-5 /T4-T3-6 /T5-T4-1 
/W-T5-1  /D:1     /W-T2-1  /T5-T2-2 /D:1     /W-F3-1  /D:1     /W-T1-1  /T2-T1-6 /T2-F2-1 
/T3-F2-1 /T0-F2-1 /T0-F3-1 /T3-F1-1 /T4-F2-1 /T0-F2-1 /T3-T4-1 /T3-F3-1 /T0-F3-1 /T3-F2-1 
/T0-F2-1 /T3-F3-1 /T5-T3-1 /T5-F0-1 /T1-T0-5 /T1-F3-1 /T3-T6-2 /T3-F3-1 /T3-F0-1 /T0-F0-1 
/T0-F1-1 /T4-F0-1 /T0-F0-1 /T4-F1-1 /T0-F1-1 /T6-F1-1 /T6-F2-1 /T1-F2-1 /T1-F3-1 /D:1     
/W-F2-1  /T0-T1-4 /T0-F2-1 /D:2     /W-T0-1  /W-T0-1  /T6-T0-1 /T6-T0-1 /D:1     /W-F0-1  
/T1-F0-1 /T0-F0-1 /T1-F1-1 /T0-F1-1 /T1-F0-1 /T0-F0-1 /T1-F1-1 /T0-F1-1 /T1-F0-1 /D:1     
/W-F3-1  
"
1011150,k#Si#Oyo#uAXC#cfNGa#JrpgZl#PQDMvwH#WbqIKUmxYFVjBERhsndetzTL,137.500000,1772.000000,56.000000,0.522472,1,"
minimal: 0 / states: 129 / duration: 0.000155s
history:
/T4-F1-1 /T6-T1-1 /T6-T0-1 /T1-T0-2 /T1-T4-1 /D:2     /W-F1-1  /D:3     /W-T5-1  /D:1     
/W-T6-1  /T4-T6-2 /T4-F3-1 /D:1     /W-T1-1  /D:5     /W-T5-1  /T6-T5-4 /T5-T6-7 /D:2     
/W-T4-1  /D:4     /W-F2-1  /T2-F2-1 /T2-T1-1 /T2-F3-1 /T5-T2-1 /T5-T0-1 /T5-F2-1 /T5-T6-1 
/T0-T1-5 /T6-T0-9 /W-T1-1  /D:1     /W-T0-1  /T3-T0-1 /T5-T3-1 /D:1     /W-T1-1  /T6-T1-1 
/T6-T4-1 /T6-F3-1 /T4-F3-1 /D:2     /W-T5-1  /D:2     /W-T2-1  /T3-T2-2 /T3-F0-1 /W-T3-1  
/R       /D:2     /W-F2-1  /T0-T4-2 /T0-F2-1 /D:3     /W-T5-1  /W-T5-1  /D:1     /W-T3-1  
/T1-T3-2 /T1-F2-1 /D:1     /W-T2-1  /T3-T2-5 /D:1     /W-F0-1  /T4-F0-1 /T2-F0-1 /D:1     
/W-F3-1  /T0-F3-1 /T4-T0-3 /T4-F1-1 /T0-F1-1 /T0-F0-1 /T2-F1-1 /T0-F1-1 /T2-F0-1 /T0-F0-1 
/T1-F1-1 /T2-F3-1 /T1-F0-1 /T0-F3-1 /W-F0-1  /T2-T1-1 /T2-F3-1 /T2-F0-1 /W-F3-1  /T2-F3-1 
/T0-T5-2 /T0-F0-1 /T2-F0-1 /T5-T0-3 /T5-F3-1 /T2-F3-1 /T0-T5-4 /T0-F0-1 /D:1     /W-F1-1  
/D:1     /W-F2-1  /T1-F2-1 /T1-F1-1 /T5-F2-1 /T1-F2-1 /T5-F1-1 /T1-F1-1 /T5-F2-1 /T1-F2-1 
/T5-F1-1 /T1-F1-1 /T5-F2-1 
"
1011186,p#nO#RgW#eUXb#EPoYs#FtNJLh#SQmZaBA#kcVvCKlfTdyiDHxuwzIrMqGj,135.000000,1862.000000,66.000000,0.514851,1,"
minimal: 0 / states: 133 / duration: 0.000149s
history:
/T6-F0-1  /T6-F0-1  /T6-F1-1  /T3-F1-1  /T1-T0-1  /T1-F2-1  /T6-T1-1  /D:2      /W-F1-1   /D:2      
/W-T2-1   /T5-T2-1  /T5-T1-1  /T5-T3-1  /T5-F3-1  /T0-F3-1  /T3-T1-2  /T5-T2-1  /W-T1-1   /D:1      
/W-F0-1   /D:3      /W-T2-1   /D:2      /W-F1-1   /D:1      /W-T6-1   /D:2      /W-F0-1   /D:1      
/W-T1-1   /D:6      /W-T2-1   /D:3      /W-T3-1   /D:1      /R        /D:1      /W-T6-1   /D:3      
/W-T1-1   /T4-T1-1  /D:2      /W-T4-1   /T2-T4-6  /T5-T2-1  /T6-T5-3  /T6-T4-1  /T0-T4-1  /T6-T3-1  
/D:2      /W-T5-1   /D:1      /W-T0-1   /T4-T0-10 /T4-F2-1  /T0-F2-1  /T4-F3-1  /T0-F3-1  /T4-F0-1  
/T2-F0-1  /D:2      /W-T4-1   /D:1      /W-F2-1   /T0-F2-1  /T1-F2-1  /D:1      /R        /D:2      
/W-T4-1   /W-T4-1   /D:1      /W-T5-1   /D:1      /W-T5-1   /T2-T5-1  /T2-F3-1  /T3-F3-1  /T1-F3-1  
/T3-F0-1  /T3-F3-1  /T3-F1-1  /T0-F1-1  /T0-F2-1  /T5-F1-1  /T0-F1-1  /T1-F0-1  /T5-F2-1  /T0-F2-1  
/T1-F3-1  /T5-F1-1  /T5-F2-1  /T0-F3-1  /T0-F2-1  /T1-T5-1  /T1-F3-1  /T0-F3-1  /T5-T1-2  /T5-F2-1  
/T0-F2-1  /T1-T5-3  /T1-F3-1  /D:1      /W-F0-1   /T5-F0-1  /T4-F0-1  /D:1      /W-F1-1   /T5-F1-1  
/T4-F1-1  /T5-F0-1  /T4-F0-1  /T5-F1-1  
"
1011210,p#NH#ZVi#Cfsh#GOYrt#TqnwaS#PyWlzDR#dIumJgMvcKoFAxUkQebELjBX,110.500000,1586.000000,53.000000,0.617647,1,"
minimal: 0 / states: 130 / duration: 0.000142s
history:
/T5-T4-1 /T5-F1-1 /T4-T3-2 /T4-T3-1 /T2-T5-1 /T1-T2-1 /T1-F3-1 /D:1     /W-T3-1  /T0-T3-1 
/D:2     /W-T5-1  /D:1     /W-T0-1  /D:2     /W-T2-1  /D:1     /W-T1-1  /T4-T1-1 /T4-F3-1 
/D:3     /W-T1-1  /D:2     /W-T2-1  /T6-T2-1 /T6-T2-1 /D:1     /W-F0-1  /D:6     /W-F1-1  
/D:2     /W-T0-1  /D:1     /W-T1-1  /D:1     /W-F0-1  /D:1     /W-T0-1  /T5-T0-3 /T5-F2-1 
/R       /D:1     /W-T1-1  /T3-T1-6 /D:3     /W-F1-1  /D:1     /W-F2-1  /T1-F2-1 /T5-F2-1 
/T3-T5-1 /T3-T4-1 /T3-F0-1 /T1-F1-1 /T6-T3-1 /T6-T3-1 /T1-F2-1 /T2-F0-1 /T5-F2-1 /W-T6-1  
/T5-T0-1 /D:1     /W-T3-1  /T6-T3-2 /D:1     /W-T3-1  /T4-T3-2 /D:1     /W-T6-1  /W-T6-1  
/T2-T6-5 /T6-T2-8 /T6-F3-1 /D:1     /W-F3-1  /T2-F3-1 /T1-F3-1 /T0-F3-1 /T1-F2-1 /T0-F2-1 
/T3-T1-2 /T3-F3-1 /T3-F2-1 /T2-T0-3 /T2-F3-1 /T3-F3-1 /T0-T2-4 /T0-F2-1 /T0-F3-1 /T3-F2-1 
/T1-T3-6 /T1-F3-1 /T2-T0-6 /T2-F2-1 /T2-F3-1 /T3-T1-7 /T3-F2-1 /D:1     /W-F1-1  /T1-F1-1 
/D:1     /W-F0-1  /T0-F0-1 /T0-F1-1 /T1-F0-1 /T0-F0-1 /T1-F1-1 /T0-F1-1 /T1-F0-1 /T0-F0-1 
/T1-F1-1 /T0-F1-1 /T1-F0-1 /T0-F0-1 /T1-F1-1 /T0-F1-1 /T1-F0-1 
"
1011225,i#ZL#Uyh#GdFt#CRrQH#kVPDnN#wvMEObJ#KxsejqfYBuAmWzgcpolIaXTS,148.500000,2010.000000,59.000000,0.588496,1,"
minimal: 0 / states: 127 / duration: 0.000148s
history:
/T5-F3-1 /T5-F2-1 /T4-T0-1 /T3-T2-1 /T0-T6-2 /D:4     /W-T3-1  /T5-T3-1 /T5-T3-1 /D:3     
/W-T2-1  /D:2     /W-T3-1  /D:1     /W-T5-1  /D:1     /W-F0-1  /T3-F0-1 /D:1     /W-T0-1  
/T1-T0-1 /D:3     /W-T5-1  /T3-T5-4 /D:2     /W-T3-1  /D:1     /W-F2-1  /T3-F2-1 /D:3     
/W-F1-1  /D:1     /W-T0-1  /T6-T0-3 /T6-F1-1 /T6-F3-1 /T5-F3-1 /T4-F3-1 /T6-T2-1 /T3-T2-1 
/D:1     /W-T0-1  /D:1     /W-T3-1  /T4-T3-1 /T4-F3-1 /T4-F0-1 /T6-T4-1 /T2-T6-5 /T2-T1-1 
/T5-F0-1 /T6-T3-1 /T6-F0-1 /T3-T6-2 /T3-F3-1 /T0-F3-1 /T2-F3-1 /R       /D:5     /W-F2-1  
/D:1     /W-T4-1  /D:2     /W-T2-1  /D:1     /W-F1-1  /T6-F1-1 /T5-F1-1 /T5-F0-1 /T6-F2-1 
/T6-F1-1 /T3-F0-1 /T0-F0-1 /T5-T0-2 /T5-F3-1 /T0-F1-1 /W-F3-1  /T0-T5-3 /T0-F3-1 /T4-F3-1 
/T5-T0-4 /D:1     /W-T2-1  /D:1     /W-F0-1  /R       /D:1     /W-T2-1  /D:2     /W-F2-1  
/T6-F2-1 /T0-F2-1 /T6-F1-1 /T0-F1-1 /T0-F0-1 /T6-F2-1 /T6-F2-1 /T2-F0-1 /W-F2-1  /T1-F2-1 
/T1-F3-1 /T2-T4-1 /T2-F2-1 /D:1     /W-F1-1  /T0-F1-1 /T0-F0-1 /T4-F1-1 /T0-F1-1 /T4-F0-1 
"
1011226,T#pE#OvS#AWxC#fBzyd#ubHMVN#RhtseJn#gKjrYkFoImQGcPLUXqwaDZil,95.000000,2080.000000,41.000000,0.625000,1,"
minimal: 0 / states: 127 / duration: 0.000139s
history:
/T5-F3-1 /T6-F2-1 /T4-T1-1 /T5-T6-1 /T3-T1-1 /T1-T2-3 /D:3     /W-T3-1  /D:2     /W-T5-1  
/T3-T5-2 /D:1     /W-T4-1  /T6-T4-2 /D:1     /W-T0-1  /T6-T0-1 /D:1     /W-F2-1  /T1-F2-1 
/T5-T1-4 /T5-T4-1 /T5-T2-1 /T0-T4-3 /D:1     /W-T1-1  /D:1     /W-T0-1  /T4-T0-8 /D:6     
/W-T1-1  /D:2     /W-F2-1  /D:2     /W-F1-1  /T2-F1-1 /D:1     /W-T0-1  /D:3     /W-T4-1  
/R       /D:1     /W-T5-1  /T6-T5-1 /T2-T6-4 /T6-T1-5 /T2-T3-1 /T2-F3-1 /T4-T2-2 /T6-T3-1 
/T6-T5-1 /D:1     /W-T2-1  /T3-T2-3 /T3-F0-1 /T4-F0-1 /T1-F0-1 /T0-F0-1 /D:1     /W-F2-1  
/D:2     /W-T2-1  /T4-T2-1 /D:1     /W-F1-1  /T1-F1-1 /T0-F1-1 /T1-F0-1 /T2-F1-1 /T0-F0-1 
/T2-F0-1 /T5-T0-2 /T5-F1-1 /T2-F1-1 /T0-T5-3 /T0-F0-1 /T1-T2-3 /T1-F0-1 /T5-T0-4 /D:1     
/W-F3-1  /W-F3-1  /T0-F3-1 /T0-F2-1 /T2-F3-1 /T0-F3-1 /T2-F2-1 /T0-F2-1 /T2-F3-1 /T0-F3-1 
/T2-F2-1 /T2-F3-1 /T0-F0-1 /T2-F0-1 /D:1     /W-F0-1  /D:1     /W-F3-1  /T1-T2-2 /T1-F3-1 
/T1-F0-1 /D:1     /W-F2-1  /D:1     /W-F3-1  /D:1     /W-F1-1  /T2-F1-1 /T0-F1-1 /T2-F2-1 
/T0-F2-1 /T2-F1-1 /T0-F1-1 /T2-F2-1 
"
1011233,k#YO#Pzc#XxuZ#dMrGw#moKaBn#TytQbIL#CgRSiAfWpEjHqesvlFVJUhND,138.000000,1147.000000,41.000000,0.660714,1,"
minimal: 0 / states: 117 / duration: 0.000134s
history:
/T5-F2-1 /T6-T3-1 /T4-T0-1 /T5-T2-1 /T5-F1-1 /T0-T3-2 /T3-T0-4 /D:2     /W-T3-1  /D:2     
/W-T4-1  /D:1     /W-T0-1  /T3-T0-2 /D:1     /W-F0-1  /T2-F0-1 /D:2     /W-T3-1  /T6-T3-1 
/T6-F1-1 /T2-F1-1 /D:1     /W-T6-1  /T1-T6-1 /T5-T1-1 /T5-F2-1 /T1-T2-2 /T2-T1-3 /D:1     
/W-T4-1  /T6-T4-3 /W-T6-1  /D:1     /W-T1-1  /D:4     /W-T0-1  /W-T0-1  /W-T0-1  /T2-T0-1 
/D:1     /W-T1-1  /D:5     /W-T1-1  /T4-T1-6 /T4-T6-1 /T4-T2-1 /T4-F1-1 /D:1     /W-T3-1  
/T6-T3-3 /T6-T5-1 /D:1     /W-F3-1  /T1-F3-1 /T0-F3-1 /T1-F2-1 /T0-F2-1 /T0-F1-1 /T1-F3-1 
/T3-F2-1 /T0-F2-1 /T3-F1-1 /T0-F1-1 /T3-F2-1 /T0-F2-1 /T3-F1-1 /T0-F1-1 /T1-T3-4 /T1-F2-1 
/T0-F2-1 /T1-F1-1 /T3-T1-6 /T3-F2-1 /T0-F1-1 /T5-F2-1 /T1-T2-8 /T1-F2-1 /W-T3-1  /W-T3-1  
/W-T6-1  /W-F1-1  /T5-F1-1 /W-T3-1  /W-F3-1  /W-F0-1  /T3-T0-4 /T6-T0-2 /D:1     /W-F0-1  
/T2-F0-1 /T0-F0-1 /T2-F3-1 /T0-F3-1 /T2-F0-1 /T0-F0-1 /T2-F3-1 /T0-F3-1 /T2-F0-1 /T0-F0-1 
/T2-F3-1 /T0-F3-1 /T2-F0-1 /T0-F0-1 /T2-F3-1 /T0-F3-1 /T2-F0-1 
"
1011234,J#dj#slV#rpEy#tOMeb#YfLSBP#WImuaCN#iAKZcnRzQgoGqHDTUvhxkXwF,106.500000,1858.000000,41.000000,0.697368,1,"
minimal: 0 / states: 122 / duration: 0.000138s
history:
/T6-F3-1 /T4-T6-1 /T2-T0-1 /D:2     /W-F0-1  /D:1     /W-T2-1  /T1-T2-1 /T6-T1-2 /T6-F1-1 
/T1-F1-1 /T6-T0-1 /T3-T6-1 /T1-T3-2 /T6-T1-2 /T6-T2-1 /D:2     /W-F1-1  /D:1     /W-F2-1  
/D:4     /W-T0-1  /D:1     /W-F2-1  /D:2     /W-T4-1  /T5-T4-1 /T5-F0-1 /T3-T5-3 /T3-F2-1 
/T5-F0-1 /T5-F1-1 /D:2     /W-F0-1  /T5-F0-1 /T3-T5-1 /D:2     /W-T2-1  /D:1     /W-T6-1  
/D:1     /W-T6-1  /D:2     /W-T1-1  /T0-T1-4 /D:3     /W-T1-1  /T4-T1-3 /T4-T0-1 /T4-F3-1 
/T1-F3-1 /T1-F2-1 /T1-F1-1 /T5-T4-2 /T2-T0-5 /T1-F0-1 /T4-F2-1 /T2-F2-1 /T4-T0-2 /R       
/D:2     /W-T2-1  /T5-T2-1 /T5-F1-1 /T1-F1-1 /T6-F1-1 /W-F1-1  /D:2     /W-T3-1  /T5-T3-1 
/D:1     /W-F3-1  /W-F3-1  /T0-F3-1 /T0-F2-1 /T1-F2-1 /T6-F2-1 /T0-T6-2 /T0-F1-1 /T6-T0-3 
/D:1     /W-F0-1  /D:1     /W-F0-1  /D:1     /W-F3-1  /T0-F3-1 /T0-F0-1 /T1-F3-1 /T0-F3-1 
/T1-F0-1 /T0-F0-1 /T1-F1-1 /T0-F1-1 /T2-F0-1 /T0-F0-1 /T1-T2-1 /T1-F1-1 /D:1     /W-T3-1  
/D:1     /W-F3-1  /D:1     /W-F2-1  /T3-F2-1 /T2-F2-1 /T3-F3-1 /T2-F3-1 /T3-F2-1 
"
1011236,h#Qa#BAN#kWzO#yDteM#bRPXfL#YVujZCG#xvnKIScdpsrwiFTmoElUHJqg,103.500000,1964.000000,37.000000,0.688312,1,"
minimal: 0 / states: 108 / duration: 0.000118s
history:
/T1-F1-1 /T2-F3-1 /T2-F0-1 /T2-F0-1 /T3-F3-1 /T6-T0-1 /T6-F0-1 /T5-T6-1 /T4-T2-1 /T5-T0-1 
/T5-T6-1 /T5-F3-1 /T1-F3-1 /T5-F3-1 /T5-F1-1 /T6-T1-3 /T3-T5-1 /D:2     /W-T3-1  /T0-T3-3 
/D:1     /W-F2-1  /D:2     /W-T6-1  /D:1     /W-F3-1  /D:1     /W-F1-1  /D:1     /W-F1-1  
/T4-F1-1 /T3-F1-1 /D:4     /W-T1-1  /D:1     /W-T1-1  /D:2     /W-F3-1  /D:1     /W-T0-1  
/D:1     /W-F2-1  /D:2     /W-T2-1  /D:1     /W-T6-1  /T4-T6-1 /T4-F0-1 /W-F0-1  /W-F0-1  
/T3-F0-1 /T6-T3-1 /T6-F3-1 /T4-T0-1 /D:1     /W-F0-1  /T6-F0-1 /D:1     /W-F0-1  /D:2     
/W-F1-1  /R       /D:1     /W-T2-1  /T6-T2-1 /T6-T1-1 /T6-F3-1 /T3-T2-3 /T3-F3-1 /T1-T3-3 
/T1-F3-1 /T6-F3-1 /T3-T0-4 /D:1     /W-F0-1  /T1-F0-1 /T1-F3-1 /T2-T5-6 /T2-F0-1 /D:1     
/W-F2-1  /D:3     /W-F2-1  /W-F2-1  /W-F2-1  /T5-F2-1 /T0-F2-1 /T5-F1-1 /T0-F1-1 /T5-F2-1 
/T0-F2-1 /T5-F1-1 /T0-F1-1 /T5-F2-1 /T0-F2-1 /T5-F1-1 /T0-F1-1 /T5-F2-1 
"
1011242,q#My#NcV#QEtk#LfjZp#wXrlBb#FuiOxKo#UndvgDmShJYGeaRzAITPWsCH,121.500000,1681.000000,47.000000,0.573171,1,"
minimal: 0 / states: 127 / duration: 0.000146s
history:
/T5-T4-1 /T3-T1-1 /D:2     /W-F2-1  /T6-F2-1 /D:6     /W-T3-1  /D:2     /W-T1-1  /T2-T1-1 
/T5-T2-1 /T6-T5-1 /T2-T0-2 /T2-F3-1 /D:4     /W-F1-1  /T4-F1-1 /T4-F2-1 /T4-T2-1 /T4-T5-1 
/T1-T2-4 /T5-T1-3 /T5-T3-1 /D:3     /W-F0-1  /T0-F0-1 /T0-F1-1 /T0-F2-1 /T3-F2-1 /W-T0-1  
/D:1     /W-T1-1  /D:3     /W-T6-1  /D:1     /W-F2-1  /D:1     /W-F0-1  /D:1     /W-T2-1  
/R       /D:1     /W-T1-1  /T3-T1-2 /T3-T1-1 /T3-T1-1 /D:1     /W-F1-1  /D:1     /W-T6-1  
/D:1     /W-T2-1  /D:1     /W-F0-1  /D:1     /W-T3-1  /D:1     /W-T6-1  /D:1     /W-T0-1  
/T6-T0-4 /T6-F3-1 /D:1     /W-T0-1  /T4-T0-1 /T5-T4-1 /T6-T5-1 /T6-T5-1 /T4-T3-2 /T5-T3-3 
/T6-T2-1 /D:1     /W-F1-1  /T0-F1-1 /T1-T0-3 /T1-F2-1 /T3-F2-1 /D:1     /W-T2-1  /D:2     
/W-F3-1  /T0-F3-1 /T0-F0-1 /T2-F3-1 /T0-F3-1 /T2-F0-1 /T0-F0-1 /T2-F1-1 /T0-F1-1 /W-F3-1  
/T1-F3-1 /T0-F2-1 /T2-F0-1 /T1-F0-1 /T2-F3-1 /T0-F3-1 /T3-F1-1 /T1-F1-1 /T2-F0-1 /T1-F0-1 
/T3-F2-1 /T0-F2-1 /T2-F1-1 /T1-F1-1 /T3-F3-1 /T0-F3-1 /T2-F2-1 /T0-F2-1 /T3-F0-1 /T1-F0-1 
/T2-F3-1 /T3-F1-1 
"
1011250,h#xc#FOM#dAgk#fzusn#TeCHoJ#tvKYqGi#ImURpQwBEWSLbNDZPyjraVlX,120.500000,2072.000000,48.000000,0.598901,1,"
minimal: 0 / states: 128 / duration: 0.000145s
history:
/T4-F2-1  /T6-T5-1  /T5-T3-2  /T5-F2-1  /T6-T0-1  /T5-T3-1  /T1-T6-1  /D:4      /W-T4-1   /T6-T4-2  
/T6-T2-1  /T6-T2-1  /T0-T6-2  /T2-T0-3  /T2-T5-1  /D:1      /W-F2-1   /D:3      /W-T4-1   /D:2      
/W-T0-1   /T6-T0-3  /D:1      /W-T0-1   /W-T0-1   /D:3      /W-F3-1   /T5-F3-1  /W-T5-1   /D:3      
/W-F3-1   /D:2      /W-T1-1   /D:2      /W-F1-1   /T5-F1-1  /D:3      /R        /D:1      /W-T1-1   
/D:2      /W-T1-1   /T6-T1-1  /W-T6-1   /D:1      /W-T0-1   /T5-T0-1  /T5-T2-1  /T4-T5-5  /T5-T3-6  
/D:2      /W-T6-1   /T3-T6-10 /T3-T4-1  /T3-F0-1  /T6-F0-1  /T0-F0-1  /T0-F3-1  /T6-F1-1  /T3-F1-1  
/T6-F2-1  /T2-F1-1  /T6-F3-1  /T2-T4-1  /D:1      /W-F0-1   /T0-F0-1  /T4-F0-1  /T0-F3-1  /T0-F0-1  
/T6-T4-1  /T6-F3-1  /T6-F0-1  /T4-T6-3  /T4-T2-1  /T4-F1-1  /T1-T0-1  /T1-F3-1  /T1-F0-1  /D:1      
/W-T3-1   /D:1      /W-T3-1   /D:1      /W-F2-1   /T6-F2-1  /T0-F2-1  /T6-F1-1  /T0-F1-1  /T6-F2-1  
/T0-F2-1  /T6-F1-1  /T1-F1-1  /T6-F0-1  /T6-F1-1  /W-F2-1   /T1-F2-1  /T3-F2-1  /T2-F2-1  /D:1      
/W-F3-1   /T0-F3-1  /T0-F0-1  /T6-F0-1  /D:1      /W-F1-1   /T6-F1-1  /D:1      /W-F3-1   /T0-F3-1  
/T0-F0-1  /T3-F3-1  
"
1011283,U#Kl#VJN#hFvs#dpoEA#urMazX#jIebifW#CTtHROPqgmScLkDwxnZyBYQG,153.000000,2037.000000,52.000000,0.669811,1,"
minimal: 0 / states: 121 / duration: 0.000148s
history:
/T2-F3-1 /T4-F0-1 /T2-T5-1 /T2-T5-1 /D:3     /W-T0-1  /D:1     /W-T5-1  /W-T5-1  /T3-T5-1 
/T3-T6-1 /T0-T6-2 /D:1     /W-T3-1  /D:1     /W-F3-1  /D:1     /W-F3-1  /D:1     /W-T3-1  
/D:2     /W-T0-1  /D:1     /W-T6-1  /T4-T6-1 /F3-T3-1 /T4-T3-1 /D:2     /W-T0-1  /T5-T0-6 
/T5-T2-1 /T5-F1-1 /T1-T2-1 /T6-T1-6 /T1-T2-7 /T5-T1-1 /T5-T6-1 /D:5     /W-F2-1  /T3-F2-1 
/T4-F2-1 /T3-F3-1 /T3-F2-1 /T6-F2-1 /T0-F2-1 /T3-T0-2 /T4-T2-1 /D:1     /W-T4-1  /D:1     
/W-T4-1  /D:1     /W-F0-1  /D:1     /W-T1-1  /W-T1-1  /D:1     /W-F3-1  /T0-F3-1 /T2-T6-2 
/T2-F3-1 /T6-T2-3 /T5-T6-1 /D:1     /W-T3-1  /T2-T3-3 /T2-F2-1 /T6-F2-1 /R       /D:1     
/W-F0-1  /D:3     /W-T4-1  /D:1     /W-F0-1  /D:1     /W-T4-1  /T6-T4-1 /T6-F1-1 /W-F1-1  
/T3-F1-1 /T3-F0-1 /T6-F1-1 /T0-F0-1 /T0-F3-1 /T3-F1-1 /T3-F0-1 /T2-F3-1 /W-F1-1  /T0-F0-1 
/T0-F3-1 /T3-F1-1 /T2-F2-1 /T4-F1-1 /T4-F2-1 /T6-F0-1 /T0-F0-1 /T2-F3-1 /T0-F3-1 /T6-F1-1 
/T1-F2-1 /T2-F0-1 /T1-F3-1 /T4-F1-1 /T0-F0-1 /T2-F1-1 /T1-F0-1 /T4-F2-1 /T0-F1-1 /T2-F2-1 
/T4-F3-1 
"
1011301,x#LD#nag#BfUJ#OChiV#NdmbEw#QGcyvlY#KPWetrFuZTzSjMAHspRXoIqk,148.500000,3828.000000,58.000000,0.534091,1,"
minimal: 0 / states: 126 / duration: 0.000146s
history:
/T4-T3-1 /T4-T5-1 /T0-T6-1 /D:2     /W-T1-1  /D:1     /W-T6-1  /D:2     /W-T4-1  /D:2     
/W-T2-1  /D:1     /W-T3-1  /T2-T3-2 /T2-F1-1 /T2-F2-1 /D:1     /W-T0-1  /D:2     /W-T2-1  
/T6-T2-3 /D:1     /W-T4-1  /D:3     /W-F0-1  /D:1     /W-T5-1  /D:3     /W-T3-1  /T1-T3-2 
/T1-T0-1 /D:1     /W-T0-1  /T5-T0-3 /T5-T4-1 /T5-F1-1 /T5-T1-1 /T5-T4-1 /T5-F3-1 /W-T4-1  
/D:1     /W-F2-1  /T4-F2-1 /D:1     /W-T2-1  /T4-T2-5 /T4-T2-1 /T4-F3-1 /T3-F3-1 /D:1     
/W-F2-1  /D:1     /R       /D:1     /W-T6-1  /D:2     /W-F2-1  /D:1     /W-T0-1  /D:1     
/W-T6-1  /D:1     /W-T4-1  /T6-T4-3 /T6-T4-1 /T6-T1-1 /T6-F1-1 /D:1     /W-F2-1  /T2-T6-4 
/T2-F2-1 /T6-T2-5 /T6-F3-1 /D:1     /W-T1-1  /T3-T1-7 /T3-T4-1 /F2-T4-1 /T3-T4-1 /T3-F0-1 
/T2-F0-1 /T1-F0-1 /T1-F3-1 /T2-F1-1 /T2-F0-1 /T2-F3-1 /W-F1-1  /T1-F0-1 /T0-F3-1 /T4-F1-1 
/T1-F1-1 /T2-F0-1 /T0-F0-1 /T4-F2-1 /T1-F2-1 /T2-F1-1 /T0-F1-1 /T4-F3-1 /T1-F3-1 /T2-F0-1 
/T1-F0-1 /T4-F2-1 /T0-F2-1 /T2-F3-1 /T0-F3-1 /T4-F1-1 /T1-F1-1 /T2-F2-1 /T1-F2-1 /T4-F0-1 
/T0-F0-1 /T2-F3-1 /T0-F3-1 /T4-F1-1 /T1-F1-1 /T2-F2-1 /T4-F0-1 
"
1011342,V#wS#HzB#qmNu#DTLbI#XoeFKl#QkOCGdA#sigPtWfjMcUphranxvRyEZYJ,70.000000,625.000000,23.000000,0.887755,1,"
minimal: 0 / states: 134 / duration: 0.000140s
history:
/T6-F0-1  /T2-F0-1  /T5-T2-1  /T5-T2-1  /T3-T0-1  /T3-F3-1  /D:3      /W-T0-1   /T5-T0-1  /T5-T0-1  
/D:3      /W-T2-1   /T4-T2-1  /D:5      /W-T2-1   /D:1      /W-T6-1   /T4-T6-1  /T4-T3-1  /D:2      
/W-T1-1   /T6-T1-3  /T6-T2-1  /T6-F0-1  /T6-F3-1  /T1-T2-5  /T6-T3-1  /T0-T1-5  /T2-T0-12 /T4-T2-1  
/T1-T3-6  /T3-T1-9  /T4-F0-1  /T3-T1-1  /D:1      /W-F1-1   /T0-F1-1  /D:1      /W-F2-1   /T5-F2-1  
/T0-F2-1  /T1-F2-1  /D:5      /W-F0-1   /D:1      /W-T3-1   /W-T3-1   /T5-T3-1  /D:2      /W-T3-1   
/R        /D:1      /W-T2-1   /T1-T2-1  /T1-F0-1  /D:1      /W-T3-1   /T2-T3-4  /D:1      /W-F3-1   
/T6-F3-1  /D:4      /W-T2-1   /D:1      /W-F1-1   /T0-F1-1  /T0-F2-1  /T3-F1-1  /T3-F2-1  /D:4      
/W-F3-1   /T0-F3-1  /T3-F3-1  /T0-F0-1  /T0-F3-1  /T3-F0-1  /T0-F0-1  /T1-T3-2  /T1-F3-1  /T0-F3-1  
/T3-T1-3  /T3-F0-1  /T0-F0-1  /T3-F3-1  /T1-T3-5  /T1-F0-1  /T2-F0-1  /D:1      /W-F3-1   /T3-T1-6  
/T3-F3-1  /R        /D:1      /W-F2-1   /D:1      /W-F1-1   /T1-F1-1  /T1-F2-1  /D:2      /W-F1-1   
/T1-F1-1  /W-F1-1   /D:1      /W-T0-1   /D:1      /W-F2-1   /T1-F2-1  /T0-F2-1  /T1-F1-1  /T0-F1-1  
/T1-F2-1  /T0-F2-1  /T1-F1-1  
"
1011345,g#PB#uXV#ETOz#byiYC#WLQrSx#fKJwHaA#vcdstDIMheURqnjmkpNFloGZ,130.000000,1434.000000,49.000000,0.652632,1,"
minimal: 0 / states: 116 / duration: 0.000135s
history:
/T6-F0-1 /T1-F0-1 /T6-F1-1 /T4-F0-1 /T5-T4-1 /T6-T2-1 /T4-T3-2 /T2-T6-2 /T6-T2-3 /T4-T6-1 
/T2-T4-4 /T0-T2-1 /T3-T0-3 /T2-T6-2 /D:4     /W-T6-1  /D:2     /W-F0-1  /D:2     /W-T2-1  
/D:2     /W-T6-1  /D:3     /W-T6-1  /T1-T6-1 /D:1     /W-F2-1  /D:1     /W-T0-1  /D:1     
/W-T1-1  /T4-T1-5 /T4-F1-1 /D:3     /W-F3-1  /T3-F3-1 /T3-T1-1 /T3-F0-1 /T6-F3-1 /D:1     
/W-F0-1  /D:1     /W-T2-1  /D:1     /W-F2-1  /W-F2-1  /T6-F2-1 /D:1     /W-F0-1  /D:1     
/W-T3-1  /R       /D:1     /W-T0-1  /D:1     /W-F1-1  /D:1     /W-F1-1  /T6-F1-1 /D:3     
/W-T0-1  /F0-T0-1 /T5-T0-1 /T5-F2-1 /T5-F3-1 /T5-T3-1 /T6-F2-1 /W-T5-1  /W-F2-1  /D:1     
/W-T5-1  /D:1     /W-F3-1  /T0-F3-1 /T1-F3-1 /T0-F0-1 /T5-F3-1 /T1-F0-1 /T1-F3-1 /T5-F0-1 
/T6-T1-3 /T6-F0-1 /T6-F0-1 /T6-F1-1 /T1-F1-1 /T0-F1-1 /T1-F2-1 /T0-F2-1 /T1-F1-1 /T0-F1-1 
/T1-F2-1 /T5-F3-1 /T0-F2-1 /T1-F3-1 /T0-F3-1 /T1-F2-1 /T0-F2-1 /T3-F0-1 /T3-F3-1 /D:1     
/W-F1-1  /T2-F1-1 /T1-F1-1 /T2-F0-1 
"
1011346,y#qj#ClH#cvuL#RTbrZ#BiYoNg#XVSthaI#DFwOAUGpkzQmeKPJMWEnfxsd,126.000000,1486.000000,44.000000,0.626506,1,"
minimal: 0 / states: 123 / duration: 0.000140s
history:
/T6-T1-1  /T6-F1-1  /T5-T2-1  /T5-F3-1  /T6-T1-1  /T3-T4-1  /T6-T1-1  /T6-T1-1  /T2-T6-2  /D:2      
/W-T6-1   /D:2      /W-F3-1   /D:1      /W-F0-1   /D:4      /W-T0-1   /D:4      /W-T6-1   /D:1      
/W-T2-1   /T1-T2-5  /T1-T6-1  /T4-T1-2  /T4-T2-1  /T4-F1-1  /T4-T3-1  /D:1      /W-T6-1   /T5-T6-1  
/D:1      /W-T0-1   /T6-T0-8  /T6-T1-1  /W-T6-1   /W-T2-1   /T0-T6-11 /W-T0-1   /T5-T0-1  /T3-T5-2  
/W-T2-1   /D:4      /W-F2-1   /T6-F2-1  /T2-F2-1  /T6-F3-1  /T2-F3-1  /T4-F3-1  /T6-F2-1  /T2-F2-1  
/T2-F3-1  /T5-F3-1  /D:1      /W-T2-1   /W-T2-1   /D:1      /W-T0-1   /W-T0-1   /T3-T0-1  /W-T4-1   
/T2-T4-8  /T3-F1-1  /D:1      /W-F2-1   /D:1      /W-F1-1   /T6-F1-1  /R        /D:2      /W-T1-1   
/T5-T1-2  /T5-F0-1  /T2-F0-1  /W-F0-1   /T4-F0-1  /T4-F1-1  /T4-F2-1  /T6-F0-1  /T6-F1-1  /T1-F2-1  
/T0-F2-1  /T4-F1-1  /T1-F1-1  /T1-F2-1  /T4-T0-1  /T4-F1-1  /T0-T4-2  /T0-F2-1  /T6-T1-3  /T6-F1-1  
/T6-F2-1  /T4-T0-3  /T4-F1-1  /T6-F1-1  /T0-T4-4  /T0-F2-1  /D:1      /W-F3-1   /D:1      /W-F0-1   
/T1-F0-1  /T1-F3-1  /T4-F0-1  /T1-F0-1  /T4-F3-1  /T1-F3-1  /T4-F0-1  /T1-F0-1  /T4-F3-1  /T1-F3-1  
/T4-F0-1  
"
1011383,x#bV#aOA#ZkJu#SlUzn#cTeWdE#KQDpBtM#hmjGgXwHsyvqRFrPioNfYILC,147.000000,1998.000000,68.000000,0.543103,1,"
minimal: 0 / states: 137 / duration: 0.000152s
history:
/T2-F0-1 /T4-F2-1 /T3-T1-1 /T1-T3-2 /D:3     /W-T0-1  /D:2     /W-T3-1  /D:4     /W-T3-1  
/D:2     /W-T0-1  /D:2     /W-T3-1  /W-T3-1  /D:3     /W-T3-1  /D:2     /W-F2-1  /D:1     
/W-F3-1  /T2-F3-1 /T2-F1-1 /T1-F1-1 /T6-T1-1 /T4-T2-1 /T6-T4-1 /T6-F0-1 /T3-F3-1 /T6-F2-1 
/T4-T0-2 /T4-T1-1 /T5-T4-1 /T5-T4-1 /T3-F2-1 /T6-T3-1 /T6-F3-1 /T5-T6-1 /T3-T5-1 /T3-F3-1 
/T5-T3-2 /T0-T1-5 /T4-T1-3 /D:2     /W-T2-1  /T6-T2-2 /D:1     /W-T2-1  /D:2     /W-F0-1  
/T3-F0-1 /R       /D:1     /W-T2-1  /D:1     /W-T0-1  /D:1     /W-T2-1  /D:4     /W-T0-1  
/D:1     /W-T5-1  /D:1     /W-F2-1  /T3-T5-1 /T3-F2-1 /T1-T2-3 /T1-F2-1 /D:3     /R       
/D:1     /W-T0-1  /T3-T0-4 /D:1     /W-T3-1  /D:2     /W-T3-1  /W-T3-1  /T5-T3-3 /T5-F1-1 
/T2-F1-1 /T2-F0-1 /T2-F3-1 /T3-F1-1 /T3-F0-1 /T3-F3-1 /T1-F3-1 /T2-F0-1 /T3-F0-1 /T0-T3-2 
/T0-F3-1 /T2-T1-1 /T2-F0-1 /T0-F0-1 /T2-F3-1 /T0-F3-1 /T3-T0-5 /T2-F0-1 /T2-F3-1 /T3-F3-1 
/D:1     /W-F1-1  /T0-F1-1 /T0-F2-1 /T1-F1-1 /T0-F1-1 /T1-F2-1 /T0-F2-1 /T1-F1-1 /T0-F1-1 
/T1-F2-1 /T0-F2-1 /T1-F1-1 /T2-F2-1 /T0-F1-1 /D:1     /W-F0-1  /T1-F0-1 
"
1011429,Z#oE#rlO#nwBx#cWgRt#FQSANa#fMeXbLi#hGsmHTuDqyjdzYCJvUPKVkIp,108.500000,1776.000000,40.000000,0.676056,1,"
minimal: 0 / states: 113 / duration: 0.000126s
history:
/T5-F1-1 /T5-F3-1 /T2-F3-1 /T5-F0-1 /T3-T2-1 /T3-F0-1 /T6-T3-1 /T6-T0-1 /T6-F1-1 /T6-T0-1 
/T5-T4-1 /T1-T4-1 /T3-T0-2 /T3-F2-1 /T1-F2-1 /T5-T4-1 /T6-T5-1 /T2-T6-2 /T6-T1-3 /T2-T6-1 
/D:4     /W-T2-1  /D:1     /W-T0-1  /D:1     /W-T0-1  /W-T0-1  /D:2     /W-T5-1  /D:2     
/W-T2-1  /D:1     /W-T1-1  /D:1     /W-T6-1  /D:1     /W-T3-1  /D:1     /W-T3-1  /D:1     
/W-F0-1  /T5-F0-1 /W-T5-1  /D:2     /W-T1-1  /D:1     /W-T1-1  /T4-T1-4 /T4-T0-1 /T5-T4-3 
/D:1     /W-F3-1  /T1-F3-1 /T0-F3-1 /T1-F0-1 /T1-F3-1 /T4-T0-2 /T4-F0-1 /T0-T4-3 /T0-F3-1 
/T4-T0-4 /T6-T1-3 /D:1     /W-T3-1  /T4-T3-1 /T4-F1-1 /T1-F1-1 /D:2     /W-T2-1  /D:1     
/W-T3-1  /D:1     /W-F2-1  /T0-F2-1 /T0-F1-1 /T1-F2-1 /T0-F2-1 /T1-F1-1 /T0-F1-1 /T1-F2-1 
/T1-F3-1 /W-F3-1  /W-T2-1  /W-F2-1  /W-F0-1  /T0-F0-1 /W-F1-1  /T0-F1-1 /T1-F2-1 /T0-F2-1 
/T3-F0-1 /T1-F1-1 /T2-F0-1 /T2-F1-1 /T3-F3-1 /T0-F3-1 /T1-F2-1 /T2-F2-1 /T3-F0-1 /T0-F0-1 
/T1-F1-1 /T2-F1-1 /T3-F3-1 /T0-F3-1 /T1-F0-1 /T3-F2-1 
"
1011456,X#EL#etk#QSPM#cWnCB#gHAaJs#mOhzqul#YpTfvjwrUxbKdGZIRoDVNyiF,120.000000,2485.000000,38.000000,0.669014,1,"
minimal: 0 / states: 122 / duration: 0.000130s
history:
/T6-T3-1 /T2-T1-1 /D:3     /W-T6-1  /T5-T6-1 /T5-T0-1 /T5-F1-1 /T5-F0-1 /T4-F0-1 /T4-F0-1 
/T4-F2-1 /D:1     /W-T2-1  /D:1     /W-T4-1  /D:2     /W-T1-1  /D:1     /W-T2-1  /D:1     
/W-T4-1  /T2-T4-3 /T2-T6-1 /T3-T2-2 /D:1     /W-T2-1  /T4-T2-6 /D:1     /W-F1-1  /T4-F1-1 
/D:2     /W-F1-1  /T6-F1-1 /D:2     /W-T4-1  /T1-T4-3 /D:2     /W-T6-1  /D:1     /W-F2-1  
/D:1     /W-T6-1  /T3-T6-1 /T2-T3-1 /T2-F1-1 /T3-T2-2 /T3-T1-1 /D:1     /W-T0-1  /T6-T0-6 
/T0-T6-1 /T0-F0-1 /T6-T0-2 /T6-T3-1 /T1-T2-1 /T1-F0-1 /D:1     /W-F3-1  /D:2     /W-T4-1  
/T5-T4-1 /T5-F1-1 /T6-F1-1 /T6-F3-1 /T0-F3-1 /T2-F3-1 /W-T6-1  /T0-T6-8 /D:1     /W-F0-1  
/R       /D:1     /W-T3-1  /D:1     /W-F2-1  /T6-F2-1 /T2-F2-1 /T6-F3-1 /T2-F3-1 /T6-F2-1 
/T2-F2-1 /T6-F3-1 /T6-F2-1 /T2-F3-1 /T2-F2-1 /T6-F3-1 /T2-F3-1 /T4-T6-2 /T4-F2-1 /T2-F2-1 
/T6-T4-3 /T6-F3-1 /T3-F3-1 /T6-F2-1 /T3-F2-1 /T4-T6-5 /T4-F3-1 /D:2     /W-T2-1  /W-T2-1  
/D:1     /W-F0-1  /T6-F0-1 /T6-F1-1 /T2-F1-1 /D:1     /W-F0-1  /T6-F0-1 /T2-F0-1 /T6-F1-1 
/T2-F1-1 /T6-F0-1 /T2-F0-1 /T6-F1-1 
"
1011486,i#LI#DCv#VFjN#qXHBK#guePUo#RzOaAfm#dStnspJwQrGYWxMbkTElZchy,129.500000,1324.000000,50.000000,0.626374,1,"
minimal: 0 / states: 131 / duration: 0.000138s
history:
/T3-F3-1 /T2-T3-1 /T3-T4-2 /D:4     /W-F2-1  /T5-F2-1 /T5-T1-1 /W-T1-1  /W-T1-1  /D:2     
/W-F2-1  /D:4     /W-T1-1  /W-T1-1  /T2-T1-1 /T5-T2-1 /T5-T3-1 /T5-T0-1 /T3-T5-2 /T2-T5-2 
/T6-T2-1 /T5-T0-5 /D:5     /W-T5-1  /D:1     /W-T1-1  /D:3     /W-T6-1  /D:1     /W-T5-1  
/T4-T5-3 /T4-T0-1 /T4-T3-1 /W-T3-1  /D:3     /W-T5-1  /D:1     /W-T2-1  /T4-T2-1 /T4-F2-1 
/T1-T6-3 /T1-F2-1 /R       /D:2     /W-F2-1  /D:1     /W-T2-1  /T0-T2-8 /D:2     /W-T5-1  
/T6-T5-5 /T6-F0-1 /T2-F0-1 /T6-F1-1 /T5-F1-1 /T6-F3-1 /T2-F3-1 /T5-F0-1 /T5-F3-1 /T6-T0-1 
/T2-F0-1 /T6-F3-1 /T1-F3-1 /T1-F2-1 /T3-F3-1 /T1-F3-1 /T5-F0-1 /T2-T3-3 /T2-F2-1 /T3-T2-4 
/T3-F3-1 /T5-T1-3 /T5-F2-1 /T1-T5-4 /W-F2-1  /D:1     /W-T0-1  /D:1     /W-F3-1  /D:1     
/W-F2-1  /T2-T1-7 /T2-F2-1 /T1-T2-8 /D:2     /W-T1-1  /D:1     /W-F1-1  /R       /D:1     
/W-F1-1  /T2-F1-1 /T2-F0-1 /T5-F1-1 /T2-F1-1 /T5-F0-1 /T2-F0-1 /T5-F1-1 /T2-F1-1 /T5-F0-1 
/T2-F0-1 /T2-F3-1 /T5-F1-1 /T5-F0-1 /T0-F3-1 /T0-F2-1 /T1-F3-1 /T2-F0-1 /D:1     /W-F1-1  
/T5-F1-1 /T2-F1-1 /T5-F0-1 
"
1011516,k#lw#cDn#pyAK#OqWeC#Xbfhoj#sUQzidv#taYmNIBrugRSxTMJFEVGPHZL,101.000000,787.000000,33.000000,0.761538,1,"
minimal: 0 / states: 115 / duration: 0.000131s
history:
/T2-F2-1 /T6-T5-1 /T5-T3-2 /T5-F2-1 /T4-T6-1 /T5-T3-1 /T1-T0-1 /T3-T1-4 /T3-F0-1 /T2-T4-1 
/T0-T3-2 /T2-T4-1 /D:1     /W-T1-1  /T5-T1-1 /T5-T6-1 /D:1     /W-F1-1  /T6-F1-1 /T4-F1-1 
/D:2     /W-T0-1  /T3-T0-3 /T3-F2-1 /D:1     /W-F3-1  /D:2     /W-F0-1  /T6-F0-1 /T6-F1-1 
/T6-T0-1 /T6-T2-1 /T4-F0-1 /T4-F1-1 /T1-F1-1 /W-T4-1  /W-T2-1  /D:2     /W-T0-1  /D:1     
/W-F1-1  /D:2     /W-T1-1  /D:1     /W-T2-1  /T4-T2-2 /T4-F2-1 /T4-F3-1 /D:1     /W-T0-1  
/D:1     /W-T3-1  /T1-T3-7 /D:1     /W-T5-1  /D:1     /W-T0-1  /W-T0-1  /W-T3-1  /T6-T3-1 
/T6-T2-1 /T3-T2-4 /T3-F1-1 /D:1     /W-F0-1  /T0-T6-1 /T0-F0-1 /T6-T0-2 /D:1     /W-T5-1  
/T0-T5-4 /T0-F1-1 /D:1     /W-F0-1  /D:1     /W-F3-1  /T2-F3-1 /T2-F2-1 /T5-F3-1 /T2-F3-1 
/T5-F2-1 /T2-F2-1 /T5-F3-1 /T2-F3-1 /T5-F2-1 /T3-F2-1 /T0-F2-1 /T3-F1-1 /T0-F1-1 /T5-F3-1 
/T2-T3-2 /T2-F2-1 /T0-F2-1 /T3-T2-3 /T3-F1-1 /T0-F1-1 /T2-T3-4 /T2-F2-1 /D:1     /W-F0-1  
/T3-F0-1 /T3-F3-1 /T5-F0-1 /T3-F0-1 /T5-F3-1 /T3-F3-1 /D:1     /W-F3-1  /D:1     /W-F0-1  
/T3-F0-1 
"
1011556,z#cm#gUj#YXrl#RhOVQ#ukTsIP#tEJMDap#KFWBHoyieqfSxGCAdbwnLvNZ,144.000000,1347.000000,41.000000,0.719388,1,"
minimal: 0 / states: 115 / duration: 0.000140s
history:
/T6-T4-1 /T6-F1-1 /T5-T6-1 /T5-T2-1 /T3-T0-1 /T4-T3-2 /D:1     /W-T0-1  /T2-T0-2 /T2-T0-1 
/T5-T2-1 /D:1     /W-T5-1  /D:2     /W-T6-1  /D:1     /W-T4-1  /T5-T4-2 /D:2     /W-T1-1  
/T5-T1-1 /T2-T5-2 /T1-T2-3 /W-T1-1  /D:2     /W-T4-1  /T6-T4-3 /D:5     /W-T0-1  /D:2     
/W-F0-1  /T4-F0-1 /W-F0-1  /D:2     /W-F1-1  /T1-T4-1 /T1-F1-1 /T6-T1-1 /T4-T6-8 /T4-T3-1 
/T6-T2-9 /W-F1-1  /D:2     /W-F2-1  /T2-F2-1 /D:3     /W-F3-1  /T3-F3-1 /T2-F3-1 /T2-F0-1 
/T3-F2-1 /T3-F3-1 /T6-F0-1 /T2-F1-1 /T2-F0-1 /T0-F0-1 /T6-T0-1 /D:1     /W-T6-1  /R       
/D:3     /W-F2-1  /T3-F2-1 /T5-F2-1 /T0-F2-1 /D:1     /W-F1-1  /T5-F1-1 /T4-F1-1 /T4-F3-1 
/T5-F2-1 /W-F1-1  /D:1     /W-F3-1  /T2-F3-1 /T0-F3-1 /T2-F0-1 /T0-F0-1 /T2-F3-1 /T2-F0-1 
/T0-F1-1 /T0-F0-1 /T2-F1-1 /T3-T2-1 /T0-F1-1 /W-F3-1  /T2-F3-1 /T3-F3-1 /T6-F3-1 /D:3     
/W-F0-1  /T1-F0-1 /D:1     /W-F2-1  /W-F2-1  /W-F2-1  /T2-F2-1 /T0-F2-1 /T2-F1-1 
"
1011596,f#Kt#DYn#mQeL#TCoSG#HEJOqj#kgvXrcZ#hylUIasPzpxNVbRMWdBwFAiu,134.500000,887.000000,47.000000,0.581395,1,"
minimal: 0 / states: 132 / duration: 0.000145s
history:
/T2-F2-1 /T3-T6-1 /T0-T1-1 /T6-T0-2 /D:5     /W-T5-1  /W-T5-1  /T4-T5-1 /T4-T5-1 /T4-F2-1 
/D:1     /W-F1-1  /D:4     /W-F2-1  /D:1     /W-T2-1  /T5-T2-5 /T5-F2-1 /T5-T4-1 /F2-T3-1 
/T6-T3-1 /T6-T1-1 /T6-T0-1 /T5-T0-1 /T5-T2-1 /D:1     /W-F3-1  /T4-F3-1 /D:1     /W-T0-1  
/T5-T0-1 /W-T5-1  /T2-T5-8 /W-F3-1  /T3-T2-1 /T3-F2-1 /T1-F2-1 /W-F2-1  /T2-T3-2 /D:1     
/W-F1-1  /T3-F1-1 /D:2     /W-T2-1  /D:2     /W-T5-1  /T4-T5-1 /F2-T4-1 /T3-T4-2 /T3-F3-1 
/T4-T0-4 /D:4     /W-F0-1  /D:2     /R       /D:1     /W-T6-1  /T1-T6-2 /D:1     /W-T3-1  
/D:1     /W-T2-1  /T1-T2-1 /D:1     /W-F3-1  /T5-T6-3 /T5-F3-1 /D:1     /W-T2-1  /T6-T2-7 
/T0-T6-3 /T0-F3-1 /T6-T0-4 /T6-T3-1 /D:1     /W-F0-1  /T2-F0-1 /T0-F0-1 /T2-F1-1 /T0-F1-1 
/T0-F2-1 /T2-F0-1 /T2-F1-1 /T2-F2-1 /T0-F1-1 /T2-F1-1 /D:1     /W-T3-1  /D:1     /W-F0-1  
/T5-F0-1 /T0-F0-1 /T5-F3-1 /T5-F0-1 /T0-F3-1 /T0-F0-1 /T2-T5-1 /T2-F3-1 /T0-F3-1 /T2-F0-1 
/T0-F0-1 /T5-T2-3 /T5-F3-1 /T0-F3-1 /T2-T5-4 /T2-F0-1 /D:1     /W-F1-1  /D:1     /W-F2-1  
/T5-F2-1 /T3-F2-1 /T5-F1-1 /T3-F1-1 /T5-F2-1 /T3-F2-1 /T5-F1-1 /T3-F1-1 /T5-F2-1 
"
1011618,h#wz#Abj#dGHY#selpN#uCUnyB#RgkcQEM#fmxDLoJVPIFWOTZriXKaqvSt,153.500000,3952.000000,60.000000,0.505051,1,"
minimal: 0 / states: 131 / duration: 0.000148s
history:
/T4-F3-1 /T3-T1-1 /D:3     /W-T1-1  /T2-T1-1 /T2-T4-1 /T2-F0-1 /T5-F0-1 /T6-T2-1 /D:7     
/W-T1-1  /T0-T1-1 /T1-T0-6 /D:3     /W-F3-1  /D:1     /W-T3-1  /D:3     /W-T1-1  /T3-T1-2 
/T3-T0-1 /T4-T3-2 /T4-T2-1 /T3-T6-3 /D:1     /W-T5-1  /T1-T5-4 /D:1     /W-T2-1  /D:1     
/W-F1-1  /T6-F1-1 /D:1     /W-T4-1  /D:2     /W-T0-1  /T6-T0-3 /D:1     /R       /D:2     
/W-T1-1  /T5-T1-6 /T5-F2-1 /D:3     /W-F2-1  /T0-F2-1 /T4-F2-1 /D:3     /W-F3-1  /T6-F3-1 
/T6-F1-1 /T0-F1-1 /T4-F1-1 /T4-T1-1 /D:2     /W-T2-1  /D:1     /W-T3-1  /D:1     /W-F2-1  
/T1-F2-1 /W-T1-1  /D:1     /W-T2-1  /T5-T2-1 /T5-F0-1 /D:1     /W-F2-1  /T5-F2-1 /R       
/D:1     /W-F1-1  /D:1     /W-F0-1  /T0-F0-1 /T1-F0-1 /D:1     /W-T3-1  /T6-T3-1 /T6-F1-1 
/T6-F3-1 /T0-F3-1 /T0-F0-1 /T0-F1-1 /T1-F3-1 /T1-F0-1 /T1-F1-1 /T2-F3-1 /T0-F0-1 /T2-F2-1 
/T0-F1-1 /T1-F2-1 /T0-F2-1 /T3-F1-1 /T1-T3-1 /T1-F2-1 /T2-T0-2 /T2-F1-1 /T1-F1-1 /T0-T2-3 
/T0-F2-1 /D:1     /W-F0-1  /D:1     /W-F3-1  /T2-F3-1 /T2-F0-1 /T3-F3-1 /T2-F3-1 /T3-F0-1 
/T2-F0-1 /T3-F3-1 
"
1011644,h#eG#Iuj#pxYr#FTLgN#lcBXad#wkvnWMK#HzQoqAbmCUVStfEyPORsJiZD,134.000000,1537.000000,46.000000,0.687500,1,"
minimal: 0 / states: 116 / duration: 0.000143s
history:
/T4-F3-1 /T5-T3-1 /T5-F1-1 /T2-T6-1 /T4-T2-1 /T5-T4-1 /T1-T0-1 /D:5     /W-T1-1  /D:1     
/W-F0-1  /T5-F0-1 /T5-T1-1 /T6-T5-2 /T5-T6-3 /T6-T5-4 /W-T1-1  /D:1     /W-F1-1  /D:2     
/W-F0-1  /D:3     /W-T0-1  /T3-T0-2 /D:6     /W-F3-1  /W-F3-1  /D:2     /W-T2-1  /W-T2-1  
/D:1     /W-T4-1  /D:1     /W-T4-1  /T2-T4-4 /T0-T2-5 /T2-T5-6 /D:1     /W-T0-1  /T4-T0-8 
/D:1     /W-F0-1  /R       /D:2     /W-T2-1  /T3-T2-1 /T6-T3-1 /T6-F2-1 /T1-F2-1 /T1-F1-1 
/T6-T3-1 /T3-T2-3 /T3-F2-1 /T1-F2-1 /T5-F1-1 /T1-F1-1 /T5-F2-1 /D:1     /W-F3-1  /T0-F3-1 
/T0-F2-1 /T5-F3-1 /T4-F3-1 /T4-T0-1 /D:1     /W-T1-1  /D:1     /W-F3-1  /D:1     /W-F3-1  
/D:1     /W-F2-1  /D:1     /W-F1-1  /D:1     /W-F0-1  /T0-F0-1 /T0-F1-1 /T0-F2-1 /T5-F0-1 
/T5-F1-1 /T2-F2-1 /W-F0-1  /T0-F1-1 /T5-F0-1 /T0-F0-1 /T2-F3-1 /T5-F1-1 /T5-F0-1 /T6-F1-1 
/T6-F2-1 /T0-F3-1 /T0-F0-1 /T2-F2-1 /T2-F3-1 /T5-F1-1 /T5-F0-1 /T0-F3-1 /T1-F1-1 /D:1     
/W-F2-1  /T2-F2-1 
"
1011656,l#jP#sTc#FrUu#kevpb#IHQSAX#VJzgwZN#ifMEaDoOqxRKWBdLmyGCYtnh,100.500000,1770.000000,37.000000,0.719178,1,"
minimal: 0 / states: 118 / duration: 0.000135s
history:
/T6-F3-1 /D:5     /W-F1-1  /T4-F1-1 /T2-F1-1 /T2-T3-1 /T2-T3-1 /T6-T2-1 /T6-T5-1 /D:2     
/W-T1-1  /D:1     /W-F3-1  /D:2     /W-T0-1  /D:1     /W-T3-1  /W-T3-1  /T1-T3-2 /T1-T0-1 
/D:4     /W-F1-1  /D:1     /W-T2-1  /T5-T2-2 /T5-F0-1 /W-F0-1  /D:1     /W-T1-1  /D:1     
/W-T1-1  /D:2     /W-F0-1  /D:3     /W-F2-1  /T3-F2-1 /T3-F3-1 /T4-F2-1 /T3-F2-1 /T4-T0-1 
/T4-F1-1 /T4-T1-1 /D:1     /W-T0-1  /W-T0-1  /T5-T0-1 /T5-F3-1 /T6-T5-1 /T6-T4-1 /T6-T1-1 
/T3-T6-4 /T6-F3-1 /T0-F3-1 /T6-T5-1 /T6-F3-1 /T3-F3-1 /T3-F2-1 /T5-F2-1 /T0-F2-1 /T6-F2-1 
/T5-T6-2 /T0-T5-1 /T0-F2-1 /T2-F2-1 /W-T4-1  /W-T5-1  /T3-T6-1 /T5-T0-3 /T6-T1-4 /R       
/D:2     /W-F1-1  /D:1     /W-T3-1  /T0-T3-6 /D:2     /W-F0-1  /W-F0-1  /T1-F0-1 /T1-F1-1 
/T3-F0-1 /T1-F0-1 /T1-F3-1 /T3-F1-1 /T3-F0-1 /W-F1-1  /T1-F0-1 /T3-F1-1 /T1-F1-1 /T3-F2-1 
/T1-F2-1 /T3-F1-1 /T1-F1-1 /T4-T3-1 /T4-F2-1 /D:1     /W-F0-1  /D:1     /W-F3-1  /T2-F3-1 
/T2-F0-1 /T3-F3-1 /T2-F3-1 /T3-F0-1 
"
1011689,x#iQ#AXN#ThHd#VuZMF#vtWyJb#emYsqpC#wlcLEkrOogzaSDKjUPfIBGnR,139.500000,1786.000000,47.000000,0.608247,1,"
minimal: 0 / states: 119 / duration: 0.000142s
history:
/T2-F3-1 /T6-T1-1 /T5-T1-1 /T6-T3-1 /T5-T2-1 /T2-T5-2 /T2-F0-1 /D:3     /W-T6-1  /D:5     
/W-F3-1  /D:1     /W-T6-1  /D:2     /W-T2-1  /D:1     /W-F1-1  /T1-F1-1 /D:4     /W-T0-1  
/D:2     /W-F3-1  /D:2     /W-T0-1  /D:1     /W-F0-1  /T1-F0-1 /T1-F3-1 /T1-T5-1 /D:2     
/W-F2-1  /T6-F2-1 /T3-F2-1 /T6-F1-1 /T3-F1-1 /T6-F2-1 /T3-T5-1 /T3-T0-1 /T4-T3-1 /T4-T1-1 
/T5-T4-5 /T3-T4-2 /T4-T3-8 /W-T0-1  /W-T0-1  /D:1     /W-F3-1  /R       /D:2     /W-T1-1  
/T0-T1-6 /D:2     /W-T1-1  /D:2     /W-F2-1  /T6-F2-1 /T6-T2-1 /T6-T0-1 /T6-F1-1 /D:1     
/W-T4-1  /D:1     /W-F3-1  /T3-T4-1 /T3-F3-1 /D:1     /W-F0-1  /T1-F0-1 /T1-F1-1 /T4-F0-1 
/T1-F0-1 /T4-F1-1 /T3-F0-1 /T4-T3-1 /T1-F1-1 /T1-F0-1 /T3-T4-1 /T3-F1-1 /T1-F1-1 /T5-T1-1 
/T5-F2-1 /T4-F2-1 /T3-F0-1 /T5-F2-1 /W-F1-1  /T1-T2-2 /T1-F1-1 /T0-F1-1 /D:1     /W-F0-1  
/W-F0-1  /T1-F0-1 /W-F2-1  /D:1     /W-F3-1  /T4-F3-1 /T2-F3-1 /T2-F2-1 /T3-F3-1 /T2-F3-1 
/T3-F2-1 /T2-F2-1 /T3-F3-1 
"
1011698,F#bY#Gmt#sDIA#ecXVq#hHzSwQ#gpvkaRN#JBdCfjZnWxUrlEuPLOiyTMoK,165.000000,4186.000000,58.000000,0.527174,1,"
minimal: 0 / states: 123 / duration: 0.000142s
history:
/T3-F0-1  /T6-F3-1  /T6-T0-1  /T6-F1-1  /T4-T0-1  /D:1      /W-T6-1   /T4-T6-1  /D:1      /W-F0-1   
/D:2      /W-F0-1   /D:1      /W-T2-1   /D:3      /W-F2-1   /D:2      /W-T1-1   /W-T1-1   /T3-T1-1  
/T3-F0-1  /D:1      /W-T1-1   /T2-T1-2  /D:1      /W-T1-1   /T5-T1-1  /T5-T4-1  /D:2      /W-F0-1   
/T0-T3-2  /T0-F0-1  /T2-T0-1  /T5-T2-1  /T1-T5-9  /T1-F1-1  /T5-T1-10 /T5-T6-1  /T2-T5-2  /D:2      
/W-T3-1   /D:1      /W-T0-1   /T6-T0-4  /T5-T6-3  /D:1      /W-F3-1   /T3-F3-1  /T1-F3-1  /D:1      
/W-T4-1   /W-T4-1   /D:2      /W-T0-1   /T3-T0-3  /D:1      /W-T2-1   /D:1      /W-F2-1   /D:1      
/R        /D:1      /W-T1-1   /D:2      /W-T3-1   /D:1      /W-T2-1   /D:1      /W-T3-1   /T4-T3-4  
/T4-F1-1  /T1-F1-1  /T4-F1-1  /T1-T6-1  /T1-F1-1  /T6-T1-2  /T6-F0-1  /T0-T3-4  /T0-F0-1  /D:1      
/W-T2-1   /W-T2-1   /T6-T2-2  /T6-F2-1  /T3-F2-1  /T1-F2-1  /T3-F3-1  /T1-F3-1  /T3-F2-1  /T1-F2-1  
/T3-F3-1  /T1-F3-1  /T6-F1-1  /T2-F1-1  /T1-F0-1  /T3-F2-1  /T0-F3-1  /T2-F2-1  /T1-F3-1  /T3-F1-1  
/T0-F0-1  /T2-F1-1  /T2-F0-1  /T3-F2-1  /T0-F1-1  /T1-F2-1  /T2-F1-1  /T3-F3-1  /T0-F0-1  /T1-F3-1  
/T2-F0-1  /T3-F2-1  /T0-F1-1  /T1-F2-1  /T3-F3-1  
"
1011747,n#Is#kJH#CjVG#uYLiq#MxSBce#dwNzyar#PWUAQXbogFpTRlmfOhKvZEtD,120.500000,891.000000,34.000000,0.714286,1,"
minimal: 0 / states: 111 / duration: 0.000129s
history:
/T0-F2-1 /T5-T1-1 /T4-T1-1 /T5-T1-1 /T5-T1-1 /T6-T5-1 /T6-F1-1 /T2-T4-1 /T4-T2-2 /T5-T3-2 
/D:2     /W-T5-1  /D:2     /W-F0-1  /T1-F0-1 /D:1     /W-T3-1  /D:1     /W-T4-1  /T2-T4-3 
/T2-T6-1 /D:1     /W-F1-1  /T1-F1-1 /D:1     /W-F2-1  /D:1     /W-T4-1  /T1-T4-3 /W-T1-1  
/T3-T1-4 /W-T4-1  /T1-T5-6 /D:2     /W-F2-1  /D:4     /W-T0-1  /T6-T0-2 /T6-T1-1 /T6-F3-1 
/T3-T6-1 /T6-T0-2 /W-T1-1  /T5-T1-8 /T6-F1-1 /D:2     /W-F3-1  /T4-F3-1 /T4-F2-1 /T1-F3-1 
/T1-F2-1 /T4-F1-1 /T4-F2-1 /W-F1-1  /T4-F1-1 /W-F3-1  /T1-F3-1 /W-F3-1  /D:1     /W-F1-1  
/T4-T0-1 /T4-F1-1 /T3-F1-1 /T3-F0-1 /D:3     /W-T2-1  /T4-T2-3 /T4-T5-1 /D:2     /W-F2-1  
/T4-F2-1 /D:1     /W-F0-1  /W-F0-1  /W-F2-1  /T0-T2-2 /T0-F2-1 /T0-F1-1 /T1-T5-5 /T1-F1-1 
/R       /D:1     /W-F0-1  /T5-F0-1 /T2-F0-1 /T5-F3-1 /T2-F3-1 /T5-F0-1 /T2-F0-1 /T5-F3-1 
/T2-F3-1 /T5-F2-1 /T0-F2-1 /T0-F1-1 /T1-F2-1 /T5-F3-1 /D:1     /W-F0-1  /T2-F0-1 /T2-F3-1 
/T5-F0-1 
"
1011769,n#Ae#ibJ#wWlq#RNEMI#TzpoSC#LsrjGya#PutFZXdHkDOvmfBQxYgcUhVK,169.000000,1584.000000,56.000000,0.600917,1,"
minimal: 0 / states: 128 / duration: 0.000152s
history:
/T0-F2-1 /T6-F1-1 /T3-T1-1 /D:1     /W-T1-1  /D:4     /W-T0-1  /T6-T0-1 /D:1     /W-T0-1  
/T2-T0-1 /T2-F1-1 /T2-T0-1 /D:2     /W-T0-1  /D:3     /W-T5-1  /D:2     /W-T2-1  /D:1     
/W-T6-1  /D:1     /W-T1-1  /D:2     /W-T3-1  /D:2     /W-T0-1  /D:1     /W-F1-1  /D:1     
/W-T4-1  /T6-T4-2 /T4-T6-4 /T6-T3-5 /T3-T4-7 /T6-T4-1 /T1-T6-4 /T1-F0-1 /T6-F0-1 /T4-T1-9 
/T6-T0-4 /T6-T2-1 /D:3     /R       /D:4     /W-T1-1  /T5-T1-2 /T4-T5-1 /T4-F3-1 /T1-F3-1 
/T1-F0-1 /T0-F3-1 /T1-F1-1 /T0-T4-1 /T0-F1-1 /T4-T0-2 /D:1     /W-T2-1  /D:1     /W-F0-1  
/T5-F0-1 /W-F0-1  /T1-T5-1 /T1-F1-1 /T5-T1-2 /T5-F2-1 /T5-F2-1 /T0-F2-1 /T5-T4-1 /T1-F2-1 
/T0-T5-2 /T0-F1-1 /T5-T0-3 /D:1     /W-T3-1  /D:1     /W-F3-1  /T0-F3-1 /T0-F2-1 /T1-F3-1 
/T0-F3-1 /T1-F0-1 /T0-F0-1 /W-F2-1  /T1-F3-1 /W-F2-1  /T1-F0-1 /T3-F2-1 /D:1     /W-T4-1  
/D:1     /W-F1-1  /T0-F1-1 /T1-F1-1 /T3-T1-1 /T0-F0-1 /T2-F1-1 /T3-F2-1 /T1-T4-2 /T1-F1-1 
/D:1     /W-F3-1  /T4-F3-1 /T0-F3-1 /T4-F2-1 /T0-F2-1 /T4-F3-1 /T4-F2-1 /T0-F3-1 /D:1     
/W-F0-1  /T2-F0-1 /T1-F0-1 /T2-F1-1 
"
1011775,z#wg#CIW#qtns#vfHkY#ePXpuc#GolLJMZ#VdFQKxUSDaOjENmByTAbhriR,144.000000,3570.000000,50.000000,0.547059,1,"
minimal: 0 / states: 126 / duration: 0.000147s
history:
/T4-T0-1 /T3-T1-1 /T3-F2-1 /D:5     /W-T0-1  /T2-T0-1 /T2-T0-1 /D:2     /W-T0-1  /T3-T0-1 
/T5-T3-1 /T1-T5-2 /T1-T4-1 /T6-T1-1 /D:1     /W-T0-1  /D:2     /W-F1-1  /D:1     /W-T2-1  
/D:2     /W-T0-1  /D:1     /W-F3-1  /T2-F3-1 /D:2     /W-T3-1  /D:1     /W-T1-1  /T4-T1-2 
/D:1     /W-T4-1  /D:1     /W-F0-1  /T3-F0-1 /T2-F0-1 /T6-T2-1 /D:1     /W-F1-1  /T3-F1-1 
/D:3     /W-T1-1  /T5-T1-3 /D:1     /W-T1-1  /T3-T1-1 /R       /D:1     /W-T6-1  /T4-T6-2 
/D:1     /W-T0-1  /T5-T0-1 /T6-T5-4 /T5-T6-5 /T5-F3-1 /D:1     /W-T6-1  /T5-T6-1 /D:1     
/W-F3-1  /T1-T6-1 /T1-F3-1 /T0-T4-3 /T0-F3-1 /T4-T0-4 /D:2     /W-F0-1  /D:2     /W-T3-1  
/T6-T3-9 /T6-T2-1 /T6-F2-1 /T0-F2-1 /T0-F1-1 /T0-F0-1 /T3-F2-1 /T3-F1-1 /T3-F0-1 /T0-F1-1 
/T6-F0-1 /T3-F3-1 /T3-F0-1 /T0-T4-2 /T0-F0-1 /T4-T0-3 /D:2     /W-F2-1  /T1-F2-1 /T0-F2-1 
/T0-F3-1 /T1-F1-1 /T1-F2-1 /T3-F3-1 /W-F1-1  /T0-F2-1 /T0-F3-1 /T1-F1-1 /T1-F2-1 /T3-F0-1 
/T3-F3-1 /W-F1-1  /T0-F0-1 /T1-F1-1 /T3-F0-1 /W-F2-1  /T0-F3-1 /T1-F2-1 /T1-F3-1 /T2-F1-1 
/T0-F2-1 /T2-F0-1 /T3-F1-1 
"
1011788,A#vs#Nnq#pIrX#zJPaM#dOoCQY#WFhymbV#HSxBwcKeLfGigURkTjluDEZt,91.500000,760.000000,29.000000,0.841667,1,"
minimal: 0 / states: 112 / duration: 0.000122s
history:
/T0-F0-1 /T5-T4-1 /T4-T0-2 /T4-F1-1 /T4-T2-1 /T6-T4-1 /T6-F1-1 /T4-T3-2 /D:1     /W-T3-1  
/D:2     /W-T0-1  /D:1     /W-F0-1  /D:2     /W-F1-1  /D:2     /W-T1-1  /T2-T1-2 /T2-F2-1 
/T2-F3-1 /T6-T2-1 /T3-T6-4 /T5-T3-1 /T5-F0-1 /T5-F2-1 /T5-F3-1 /T1-F3-1 /T6-T2-5 /T3-F3-1 
/T5-F1-1 /D:3     /W-T6-1  /W-T6-1  /T3-T6-1 /T6-T3-4 /D:2     /W-T2-1  /T1-T2-3 /D:1     
/W-T1-1  /D:1     /W-F3-1  /D:3     /W-T0-1  /T3-T0-5 /T3-F2-1 /T2-F2-1 /T0-F2-1 /T2-F1-1 
/T2-F2-1 /T6-T2-1 /T0-F1-1 /T1-T6-2 /D:1     /W-T4-1  /D:2     /W-F0-1  /D:1     /W-F0-1  
/T2-F0-1 /T2-F1-1 /T0-F0-1 /T0-F1-1 /T2-F0-1 /T0-F0-1 /W-T2-1  /W-T2-1  /D:1     /W-T1-1  
/D:1     /W-F2-1  /R       /D:1     /W-F3-1  /T2-F3-1 /T2-F2-1 /T6-F3-1 /T2-F3-1 /T6-F2-1 
/T6-F3-1 /T2-F0-1 /T2-F3-1 /T0-T4-2 /T0-F3-1 /T1-F3-1 /D:1     /W-F2-1  /D:1     /W-F0-1  
/D:1     /W-F0-1  /T0-F0-1 /D:1     /W-F1-1  /T4-F1-1 /T4-F2-1 /T2-F2-1 /D:1     /W-F1-1  
/T4-F1-1 /T2-F1-1 /T4-F2-1 
"
1011855,d#Xv#OJL#alVN#iwqru#AIjHDZ#mSQbFYk#UPGERctfBWeMpKzxsoChynTg,116.500000,2275.000000,51.000000,0.580460,1,"
minimal: 0 / states: 129 / duration: 0.000149s
history:
/T3-F3-1 /T6-T2-1 /T4-T3-1 /T2-T5-2 /T3-T2-2 /T2-T5-3 /T2-F3-1 /T5-T2-6 /T0-T4-1 /D:1     
/W-T1-1  /D:1     /W-F3-1  /D:1     /W-T1-1  /D:3     /W-T5-1  /D:2     /W-T1-1  /T4-T1-2 
/D:1     /W-T5-1  /D:3     /W-T0-1  /T6-T0-1 /W-T6-1  /T5-T6-3 /D:1     /W-T1-1  /D:1     
/W-T0-1  /W-T0-1  /T1-T0-7 /D:2     /W-T3-1  /D:6     /W-F2-1  /D:1     /W-T2-1  /T6-T2-5 
/T6-T0-1 /T6-F3-1 /D:1     /W-T5-1  /R       /D:1     /W-T6-1  /D:1     /W-F3-1  /D:3     
/W-T5-1  /F3-T5-1 /T4-T5-1 /T4-T1-1 /T5-T4-5 /T5-T3-1 /T5-T3-1 /T5-F0-1 /T2-F0-1 /W-T5-1  
/T3-T5-4 /T3-F1-1 /T0-F1-1 /T2-F1-1 /T4-T1-6 /D:1     /W-F2-1  /T0-F2-1 /T1-F2-1 /T0-F1-1 
/T0-F2-1 /T1-F3-1 /T6-T0-1 /T6-F3-1 /T1-F2-1 /W-F2-1  /T2-T1-3 /T2-F3-1 /T2-F2-1 /T0-T5-4 
/T0-F2-1 /D:1     /W-F0-1  /T1-F0-1 /T1-F1-1 /T5-F0-1 /T1-F0-1 /T5-F1-1 /T1-F1-1 /T5-F0-1 
/T1-F0-1 /T5-F3-1 /T2-F3-1 /T0-F3-1 /T5-F0-1 /T2-F0-1 /T0-F0-1 /T1-T2-2 /T1-F3-1 /T0-F3-1 
/T2-T6-4 /T2-F3-1 /D:1     /W-F1-1  /T6-F1-1 /T5-F1-1 /T6-F2-1 /T5-F2-1 /T6-F1-1 /T5-F1-1 
/T6-F0-1 /T0-F0-1 /T6-F1-1 /D:1     /W-F2-1  /T5-F2-1 
"
1011857,I#it#xdN#UwSn#mplgA#WourCy#YzRaJce#LshfGQqvEHPOBZXDTjVMkKFb,169.500000,4278.000000,47.000000,0.629032,1,"
minimal: 0 / states: 116 / duration: 0.000138s
history:
/T2-F3-1 /T3-F2-1 /T4-F0-1 /T3-T1-1 /D:2     /W-T4-1  /T6-T4-1 /D:1     /W-T0-1  /T1-T0-2 
/T1-T3-1 /D:4     /W-T4-1  /T6-T4-1 /D:2     /W-T0-1  /T2-T0-1 /D:1     /W-T3-1  /T4-T3-5 
/T2-T4-1 /D:2     /W-F3-1  /W-F3-1  /D:1     /W-F0-1  /D:1     /W-T1-1  /T5-T1-1 /T5-F0-1 
/D:1     /W-T1-1  /T6-T1-1 /T6-F1-1 /D:1     /W-F0-1  /T0-T5-1 /T0-F0-1 /T5-T0-2 /D:1     
/W-T5-1  /D:1     /W-T4-1  /W-T4-1  /W-F3-1  /T6-F3-1 /T4-T6-4 /T4-T0-1 /T6-T2-5 /D:1     
/W-T1-1  /T5-T1-2 /T5-F2-1 /T0-F2-1 /T0-T5-6 /D:1     /W-T0-1  /T6-T0-1 /D:2     /W-T0-1  
/T5-T0-7 /D:1     /W-F0-1  /D:1     /W-F1-1  /T3-F1-1 /T0-F1-1 /T3-F2-1 /T0-F2-1 /T0-F3-1 
/T3-F1-1 /T3-F2-1 /T1-F3-1 /T0-F2-1 /T1-F2-1 /T2-F2-1 /R       /D:1     /W-T4-1  /D:1     
/W-F1-1  /T3-F1-1 /T0-F1-1 /T3-T1-1 /T3-F1-1 /T3-F2-1 /T2-F1-1 /T2-F2-1 /T3-F3-1 /T1-T4-4 
/T1-F2-1 /D:1     /W-F0-1  /T4-F0-1 /T0-F0-1 /T4-F3-1 /T0-F3-1 /T4-F0-1 /T0-F0-1 /T4-F3-1 
/T0-F3-1 /T1-F3-1 /T4-F0-1 /T0-F0-1 /D:1     /W-F1-1  /T2-F1-1 /T2-F2-1 /T4-F1-1 
"
1011880,P#QJ#YXL#dOiv#ljaoN#UysZSh#ItmfqKB#CTVxEgbzDnFArkcuWHpMGweR,115.000000,2155.000000,40.000000,0.638889,1,"
minimal: 0 / states: 126 / duration: 0.000155s
history:
/T4-F3-1 /T6-T0-1 /T5-T3-1 /D:3     /W-T1-1  /D:2     /W-T5-1  /D:5     /W-F2-1  /T4-F2-1 
/T4-F1-1 /T3-T4-2 /T4-T6-3 /T6-T4-4 /T0-T6-2 /D:2     /W-F0-1  /T6-F0-1 /D:2     /W-T2-1  
/T1-T2-2 /T1-T5-1 /D:2     /W-T2-1  /D:2     /W-T3-1  /D:1     /W-F2-1  /D:1     /W-T0-1  
/T4-T0-5 /D:1     /W-T0-1  /T5-T0-3 /T5-T1-1 /T2-T1-5 /D:1     /W-T2-1  /T3-T2-2 /T3-F3-1 
/T6-F3-1 /T6-F2-1 /T0-F3-1 /T3-T0-1 /D:1     /W-T5-1  /D:1     /W-F3-1  /T0-T6-2 /T0-F3-1 
/T6-T0-3 /T6-T3-1 /R       /D:1     /W-F0-1  /D:1     /W-T1-1  /T5-T1-2 /T2-T5-4 /T5-T3-5 
/T6-T5-1 /T5-T6-2 /D:1     /W-T2-1  /D:1     /W-T3-1  /T1-T3-2 /T1-F3-1 /D:1     /W-F1-1  
/D:1     /W-T4-1  /T2-T4-2 /D:1     /W-F0-1  /D:2     /W-F2-1  /D:1     /W-F1-1  /T0-F1-1 
/T0-F0-1 /T3-F1-1 /T0-F1-1 /T3-F2-1 /T6-F2-1 /W-F0-1  /T0-F0-1 /T3-F1-1 /T0-F1-1 /T1-F2-1 
/T3-F0-1 /T3-F1-1 /T6-F3-1 /T0-F2-1 /T1-F3-1 /T3-F2-1 /T6-F0-1 /T0-F1-1 /T1-F0-1 /T1-F1-1 
/T0-F0-1 /T0-F1-1 /T1-F0-1 /T0-F0-1 /T4-F2-1 /T3-T1-2 /T3-F1-1 /D:1     /W-F3-1  /T1-F3-1 
/T1-F2-1 /T4-F3-1 /T1-F3-1 /T4-F2-1 
"
1011906,w#XA#FNi#lDyd#LVSZo#hgYJma#qWstpEK#vrIHuBGfbnzRCxQPMkceUOjT,62.500000,595.000000,24.000000,0.846154,1,"
minimal: 0 / states: 121 / duration: 0.000134s
history:
/T1-F0-1 /T5-F1-1 /T2-T0-1 /T2-F3-1 /T0-T1-2 /T5-T0-1 /D:4     /W-T1-1  /D:2     /W-F0-1  
/D:3     /W-F1-1  /D:1     /W-F2-1  /T4-F2-1 /D:2     /W-T2-1  /D:1     /W-F0-1  /D:6     
/W-F1-1  /T3-F1-1 /T3-T0-1 /T3-F0-1 /T6-T3-1 /T6-F0-1 /T6-F2-1 /T1-T0-4 /T4-T1-1 /T4-T6-1 
/T4-T5-1 /W-T4-1  /T5-T4-2 /T4-T1-4 /W-T4-1  /T5-T4-1 /T5-T0-1 /T6-T5-2 /T6-T0-1 /T6-T3-1 
/T6-F2-1 /T2-T0-1 /T2-F0-1 /D:1     /W-F1-1  /D:2     /W-F3-1  /D:2     /R       /D:1     
/W-T3-1  /T5-T3-3 /D:1     /W-F2-1  /D:2     /W-T1-1  /D:1     /W-F0-1  /T0-T1-3 /T0-F0-1 
/W-F0-1  /D:1     /W-F1-1  /D:1     /W-T2-1  /T3-T2-7 /D:1     /W-T4-1  /D:2     /W-F3-1  
/W-F3-1  /T1-F3-1 /T1-F2-1 /T1-F1-1 /T2-F3-1 /T2-F2-1 /T2-F1-1 /T0-F1-1 /T1-F2-1 /T2-F2-1 
/T0-F2-1 /T4-F2-1 /D:2     /W-F1-1  /T1-T0-2 /T1-F1-1 /T0-T1-3 /T0-F2-1 /T2-T4-2 /T2-F1-1 
/T0-F1-1 /T2-F2-1 /D:1     /W-F3-1  /W-F3-1  /T1-F3-1 /T1-F0-1 /T4-F3-1 /T1-F3-1 /T4-F0-1 
/T1-F0-1 /T4-F3-1 /T1-F3-1 /T4-F0-1 
"
1011940,A#vn#fCJ#WcsP#pUlBL#XKmOFD#HthTGEN#dVwukrqzQRexagIiySoMZbjY,99.000000,794.000000,36.000000,0.821918,1,"
minimal: 0 / states: 119 / duration: 0.000137s
history:
/T0-F0-1 /T1-F2-1 /T6-F3-1 /T3-T5-1 /D:1     /W-T6-1  /D:1     /W-T2-1  /D:2     /W-T2-1  
/D:1     /W-T4-1  /T2-T4-3 /T2-T6-1 /T6-T2-3 /T2-T6-4 /D:3     /W-T0-1  /D:2     /W-T3-1  
/T5-T3-2 /D:1     /W-T5-1  /D:2     /W-F1-1  /D:1     /W-T4-1  /T5-T4-2 /T5-F3-1 /T4-T5-8 
/T4-F0-1 /T4-T0-1 /T6-T4-5 /T3-T6-4 /T5-T2-9 /T4-T1-6 /T5-T0-1 /T1-F0-1 /T6-F3-1 /T3-T6-1 
/T1-T3-6 /T3-T0-7 /T4-T0-1 /D:5     /W-F2-1  /T0-F2-1 /D:1     /W-T1-1  /D:1     /W-T3-1  
/D:1     /W-F1-1  /T6-F1-1 /T0-F1-1 /T6-F0-1 /T0-F0-1 /T2-F1-1 /T0-F1-1 /T2-F0-1 /T0-F0-1 
/T2-F1-1 /T6-T2-3 /T6-F1-1 /T6-T0-1 /T6-F0-1 /W-T0-1  /W-T3-1  /W-F1-1  /W-F0-1  /T5-T3-1 
/D:1     /W-F1-1  /T2-T3-6 /T2-F1-1 /D:1     /W-T1-1  /T0-T1-6 /T0-F1-1 /R       /D:2     
/W-T1-1  /D:1     /W-F2-1  /T1-F2-1 /D:1     /W-F3-1  /T3-F3-1 /T1-F3-1 /T3-F2-1 /T1-F2-1 
/T3-F3-1 /T1-F3-1 /T3-F2-1 /T1-F2-1 /T3-F3-1 /T1-F3-1 /T3-F0-1 /T1-F0-1 /W-F2-1  /T3-F3-1 
/T2-F0-1 /T1-F3-1 /T1-F0-1 /T2-F1-1 /D:1     /W-F2-1  /T3-F2-1 /T0-F2-1 /T3-F3-1 
"
1020014,T#Nr#ScQ#VgtP#eFJKn#LhmYEl#HfUvjAR#pIqMXGBaWszdCioDZkxuwOby,131.000000,1536.000000,51.000000,0.609890,1,"
minimal: 0 / states: 117 / duration: 0.000146s
history:
/T4-F2-1 /T4-T5-1 /T2-T1-1 /D:1     /W-T1-1  /D:2     /W-T6-1  /T3-T6-1 /D:4     /W-T2-1  
/D:1     /W-F1-1  /D:1     /W-T5-1  /D:1     /W-T0-1  /T6-T0-3 /T6-F0-1 /T2-F0-1 /D:3     
/W-F0-1  /D:1     /W-T4-1  /D:1     /W-F2-1  /T1-F2-1 /D:1     /W-F0-1  /D:4     /W-T4-1  
/T0-T4-5 /D:3     /W-F1-1  /T2-F1-1 /T1-T2-2 /T1-F3-1 /W-F3-1  /T4-F3-1 /T2-F3-1 /T4-F2-1 
/T4-F3-1 /T2-F2-1 /T2-F3-1 /T4-F2-1 /T3-F2-1 /T4-F3-1 /T3-T4-1 /D:1     /R       /D:1     
/W-T5-1  /D:1     /W-T0-1  /T5-T0-4 /T5-F0-1 /D:3     /W-T1-1  /T5-T1-1 /T5-T2-1 /T5-T0-1 
/W-T0-1  /W-T5-1  /T4-T5-4 /T4-F0-1 /T0-F0-1 /T5-T2-6 /D:1     /W-F1-1  /T4-F1-1 /D:1     
/W-T4-1  /D:2     /W-T1-1  /T6-T1-1 /T6-T1-1 /T6-F3-1 /T6-F1-1 /T2-F1-1 /T0-F1-1 /T2-F2-1 
/T1-F2-1 /T6-F0-1 /T0-F0-1 /T2-F1-1 /T1-F1-1 /T3-F3-1 /T0-F3-1 /T2-F0-1 /T0-F0-1 /T2-F3-1 
/T2-F0-1 /W-F1-1  /T0-F1-1 /T0-F0-1 /T2-F1-1 /D:1     /W-F2-1  /T1-F2-1 /T1-F3-1 /T4-F3-1 
/D:1     /W-F2-1  /T1-F2-1 
"
1020027,x#ho#ESM#zGUt#BDRcq#CliVJA#QKOgYaj#mupWXNIsFnyrHTfweZdPkvbL,154.500000,4950.000000,64.000000,0.490000,1,"
minimal: 0 / states: 133 / duration: 0.000220s
history:
/T5-F0-1 /T6-T0-1 /T6-F1-1 /T6-T2-1 /T0-T2-2 /T2-T0-4 /T2-T3-1 /T2-T3-1 /D:1     /W-T2-1  
/D:5     /W-F3-1  /D:1     /W-T0-1  /D:1     /W-T6-1  /D:2     /W-F2-1  /T1-F2-1 /T3-T1-3 
/T3-T0-1 /T3-T0-1 /D:1     /W-T2-1  /D:4     /W-T0-1  /D:2     /W-T6-1  /T4-T6-1 /T4-T6-1 
/D:2     /W-T1-1  /D:2     /W-T2-1  /T5-T2-1 /T5-T2-1 /D:2     /W-F1-1  /T6-F1-1 /T1-F1-1 
/T6-T4-1 /T6-F1-1 /T4-T6-2 /T0-F1-1 /D:1     /R       /D:1     /W-T2-1  /T6-T2-4 /T6-F3-1 
/D:1     /W-F2-1  /T2-F2-1 /T4-T2-1 /T4-F0-1 /D:1     /W-T6-1  /D:3     /W-F2-1  /D:1     
/W-T5-1  /D:1     /W-T5-1  /T2-T5-3 /T2-F1-1 /D:2     /W-T4-1  /D:1     /W-F3-1  /D:1     
/W-T6-1  /T1-T6-4 /D:1     /W-T4-1  /R       /D:1     /W-T4-1  /D:2     /W-T4-1  /T5-T4-6 
/T5-T3-1 /T5-F0-1 /T4-F0-1 /T6-T3-7 /T6-F3-1 /T3-F0-1 /T4-F3-1 /T3-F3-1 /T4-F2-1 /T3-F2-1 
/W-F0-1  /T0-F0-1 /T3-F1-1 /T4-F3-1 /T0-F3-1 /T2-F2-1 /T3-F2-1 /T4-F0-1 /T0-F0-1 /T2-F3-1 
/T3-F3-1 /T4-F1-1 /T0-F1-1 /T2-F0-1 /T3-F0-1 /T4-F2-1 /T0-F2-1 /T2-F1-1 /T3-F1-1 /T4-F3-1 
/T0-F3-1 /T2-F2-1 /T3-F2-1 /T4-F0-1 /T0-F0-1 /T2-F1-1 /T4-F3-1 
"
1020139,F#wd#iqN#eolg#JRyza#sLUDCS#mnQxbAE#OHYBWZupPfItGVvMTjXrckhK,118.500000,1237.000000,49.000000,0.657303,1,"
minimal: 0 / states: 120 / duration: 0.000147s
history:
/T2-F3-1 /T4-F1-1 /T6-T5-1 /T6-F0-1 /T6-F1-1 /T1-T5-1 /T0-T3-1 /T4-T0-1 /D:1     /W-F3-1  
/D:2     /W-T0-1  /T6-T0-1 /D:1     /W-F0-1  /D:1     /W-T0-1  /D:3     /W-T5-1  /D:1     
/W-F3-1  /T6-F3-1 /T6-F2-1 /T4-T6-1 /T4-F3-1 /F3-T3-1 /T2-T3-1 /W-T2-1  /T3-T2-4 /T2-T1-6 
/W-T2-1  /D:2     /W-T0-1  /D:3     /W-T4-1  /D:5     /W-T6-1  /T1-T6-7 /D:2     /W-F1-1  
/D:2     /W-T0-1  /D:1     /W-T3-1  /R       /D:1     /W-T4-1  /D:2     /W-T0-1  /T5-T0-4 
/T5-F0-1 /T5-F0-1 /D:1     /W-T5-1  /W-T5-1  /D:2     /W-T1-1  /T3-T1-2 /T3-F2-1 /T0-F2-1 
/T0-F1-1 /T0-F0-1 /T6-F2-1 /T3-F1-1 /T6-F3-1 /T6-F0-1 /T0-F3-1 /T5-F1-1 /T5-F0-1 /T4-F0-1 
/T6-F1-1 /T0-T5-1 /T0-F1-1 /T5-T0-2 /T5-T2-1 /T6-T4-1 /T6-F1-1 /D:1     /W-F3-1  /D:1     
/W-F1-1  /D:1     /W-F2-1  /T5-F2-1 /T0-F2-1 /T0-F3-1 /T0-F0-1 /T4-F2-1 /T4-F3-1 /T4-F0-1 
/W-F2-1  /T0-F3-1 /T1-F0-1 /T6-F2-1 /T0-F2-1 /T6-F3-1 /T0-F3-1 /T2-F0-1 /T2-F3-1 /T6-F2-1 
/T0-F2-1 /D:1     /W-F1-1  /T1-F1-1 /T1-F0-1 /T6-F1-1 
"
1020161,x#Va#bFn#Zkrq#ctzje#iwoCdM#TJSXLBY#EgPsONGWUfKQvHlpARDImuyh,165.000000,2079.000000,46.000000,0.598958,1,"
minimal: 0 / states: 119 / duration: 0.000131s
history:
/T1-F1-1 /T2-F2-1 /T6-T5-1 /T4-T2-1 /T3-T2-1 /T4-T0-1 /T0-T5-2 /T5-T0-4 /T5-T3-1 /T5-T3-1 
/T5-F2-1 /T1-T5-1 /T4-T1-1 /D:3     /W-T2-1  /T6-T2-1 /D:2     /W-T3-1  /D:1     /W-F3-1  
/T3-F3-1 /D:4     /W-T4-1  /T3-T4-3 /T3-T6-1 /T6-T3-2 /T5-T3-2 /D:3     /W-T0-1  /D:1     
/W-T3-1  /D:1     /W-T1-1  /D:1     /W-F2-1  /D:1     /W-F0-1  /T2-F0-1 /T2-F3-1 /T2-F2-1 
/T4-F0-1 /W-F3-1  /W-T1-1  /W-T0-1  /T4-T0-4 /W-T1-1  /D:1     /W-F3-1  /D:1     /W-F0-1  
/D:1     /W-T1-1  /D:2     /W-T5-1  /D:2     /W-T1-1  /R       /D:1     /W-F0-1  /D:1     
/W-T3-1  /T2-T3-2 /T2-F1-1 /T4-F1-1 /T0-F1-1 /T0-F2-1 /T3-F1-1 /T0-F1-1 /T3-F0-1 /T3-F1-1 
/T1-F1-1 /D:1     /W-F2-1  /T0-F2-1 /T5-F2-1 /T5-F1-1 /T0-T1-1 /T0-F2-1 /T0-F1-1 /T3-T6-3 
/T3-F1-1 /T6-T3-4 /T6-F3-1 /T3-T6-2 /T3-F2-1 /T6-T3-3 /T6-F3-1 /T0-F2-1 /T1-F3-1 /T1-T0-3 
/T1-F1-1 /D:1     /W-F0-1  /T3-F0-1 /T0-F0-1 /T3-F3-1 /T0-F3-1 /T3-F0-1 /T0-F0-1 /T3-F3-1 
/T0-F3-1 /T3-F0-1 /T0-F0-1 /T3-F3-1 /D:1     /W-F1-1  /D:1     /W-F2-1  /T1-F2-1 
"
1020236,e#Iv#zAJ#wtcZ#dRlMO#ujPxfk#rTyYoaG#FhKbNEBHUVmnsqgSpWiXQCLD,74.000000,494.000000,19.000000,0.936170,1,"
minimal: 0 / states: 112 / duration: 0.000127s
history:
/T2-T5-1 /T2-F0-1 /D:2     /W-T1-1  /T6-T1-1 /T6-F1-1 /D:2     /W-F1-1  /D:1     /W-F3-1  
/T4-F3-1 /D:2     /W-F0-1  /D:3     /W-T5-1  /D:2     /W-F2-1  /T6-F2-1 /T6-T2-1 /T5-T6-3 
/T5-T1-1 /T5-T2-1 /T5-F3-1 /T6-T3-4 /T1-T5-4 /T5-T2-5 /T6-T5-1 /T5-T3-2 /T3-T5-7 /T3-F1-1 
/T6-T2-1 /T4-T6-1 /T4-T6-1 /D:1     /W-T5-1  /T4-T5-1 /T4-F1-1 /T0-F1-1 /W-T0-1  /W-T1-1  
/T3-T1-1 /D:1     /W-T5-1  /D:2     /W-T1-1  /T2-T1-1 /T2-F1-1 /W-F1-1  /D:1     /W-F2-1  
/T5-F2-1 /T1-F2-1 /D:2     /W-T3-1  /D:2     /W-F3-1  /T5-F3-1 /T5-F2-1 /T1-F3-1 /T1-F2-1 
/T5-F3-1 /T5-F2-1 /T1-F3-1 /T5-F3-1 /T2-T1-2 /T2-F2-1 /T3-T5-1 /T3-F2-1 /T1-T2-3 /D:1     
/W-F0-1  /D:1     /W-T0-1  /W-T0-1  /W-F3-1  /T0-F3-1 /T2-T6-5 /T2-F3-1 /W-T5-1  /D:1     
/W-F0-1  /W-F0-1  /R       /D:1     /W-F0-1  /T6-F0-1 /T5-F0-1 /T6-F1-1 /T5-F1-1 /T6-F0-1 
/T5-F0-1 /T6-F1-1 /T5-F1-1 /T6-F2-1 /T5-F2-1 /T2-F2-1 /T5-F3-1 /T6-F1-1 /D:1     /W-F0-1  
/T0-F0-1 /T0-F1-1 /T6-F0-1 
"
1020240,b#yE#xcs#hgCl#KBkzn#jtZYHi#wVqFXUJ#RfLvIudNmMGeQOSWoDaprAPT,155.000000,2356.000000,45.000000,0.602151,1,"
minimal: 0 / states: 124 / duration: 0.000142s
history:
/T4-F2-1 /T5-T6-1 /T5-T6-1 /T3-T4-1 /T0-T3-1 /T4-T0-2 /T6-T4-3 /D:1     /W-T2-1  /D:6     
/W-T1-1  /T3-T1-2 /T2-T3-2 /T3-T4-3 /D:1     /W-F3-1  /D:3     /W-T3-1  /D:3     /W-F3-1  
/D:1     /W-T3-1  /T1-T3-4 /T4-T1-7 /T4-T2-1 /T4-T0-1 /D:1     /W-T0-1  /D:1     /W-F2-1  
/D:1     /W-T1-1  /T2-T1-2 /T2-T5-1 /D:1     /W-F1-1  /T3-F1-1 /D:1     /W-F2-1  /D:2     
/W-F0-1  /T1-F0-1 /T1-F1-1 /T3-F0-1 /T3-F1-1 /T1-F0-1 /T3-F0-1 /W-T3-1  /W-T3-1  /W-F1-1  
/W-T2-1  /T5-T2-2 /T5-T4-1 /T5-T6-1 /T1-T4-8 /W-T1-1  /T5-T2-1 /D:1     /W-F3-1  /T3-F3-1 
/T4-F3-1 /D:1     /R       /D:1     /W-F1-1  /D:1     /W-T1-1  /D:1     /W-T0-1  /T6-T0-2 
/T6-T1-1 /T6-F0-1 /T6-F2-1 /T3-F2-1 /T3-F3-1 /T3-F0-1 /T4-F2-1 /T0-F2-1 /T4-F1-1 /T3-F1-1 
/T4-F0-1 /T4-F1-1 /T6-T4-1 /T2-F1-1 /T4-T1-2 /T4-F1-1 /D:1     /W-F0-1  /T1-T6-1 /T1-F0-1 
/T0-T2-3 /T0-F0-1 /T0-F1-1 /T1-T4-1 /T1-F0-1 /T1-F1-1 /T2-T0-5 /T2-F0-1 /T6-T4-2 /D:1     
/W-F2-1  /D:1     /W-F3-1  /T0-F3-1 /T0-F2-1 /T4-F3-1 /T0-F3-1 /T4-F2-1 /T0-F2-1 /T4-F3-1 
/T0-F3-1 /T4-F2-1 /T0-F2-1 /T4-F3-1 
"
1020241,d#rh#Zbv#CyFO#VGxkN#wgsQSl#AojXKPa#qcIRUEuLnYHiTWfeJpztBMDm,133.500000,4098.000000,62.000000,0.567708,1,"
minimal: 0 / states: 137 / duration: 0.000160s
history:
/T4-F3-1 /T3-F3-1 /T6-F1-1 /T6-F3-1 /T6-T5-1 /T1-T2-1 /T0-T1-1 /D:4     /W-T3-1  /D:5     
/W-F2-1  /D:5     /W-T5-1  /T2-T5-2 /T2-F1-1 /D:3     /W-T4-1  /D:1     /W-T1-1  /D:1     
/W-T0-1  /T5-T0-5 /T1-T5-3 /D:1     /W-T0-1  /T5-T0-4 /T5-F3-1 /T3-F3-1 /W-T3-1  /D:2     
/W-T1-1  /D:1     /W-T3-1  /D:1     /R       /D:2     /W-F1-1  /D:5     /W-T2-1  /T4-T2-2 
/D:1     /W-T1-1  /T4-T1-1 /D:2     /W-T2-1  /W-T2-1  /D:1     /W-T2-1  /T3-T2-3 /T6-T3-1 
/T6-T1-1 /T6-F2-1 /T0-F2-1 /T6-F0-1 /T0-F1-1 /D:1     /W-T4-1  /T0-T4-1 /T0-F3-1 /D:1     
/W-F0-1  /D:1     /W-T6-1  /T3-T6-2 /T3-F0-1 /T2-F0-1 /T2-F1-1 /R       /D:1     /W-F2-1  
/T4-F2-1 /T5-F2-1 /T0-F2-1 /T4-T0-2 /T0-F1-1 /T5-F1-1 /T4-T5-1 /T5-T6-2 /D:1     /W-T1-1  
/D:1     /W-T1-1  /T0-T1-1 /T0-F1-1 /T2-T6-3 /T2-F1-1 /D:1     /W-F0-1  /T6-F0-1 /T1-F0-1 
/T6-F3-1 /T1-F3-1 /T6-F0-1 /T1-F0-1 /T1-F1-1 /T2-F0-1 /T2-F1-1 /T6-F3-1 /T0-T1-2 /T0-F0-1 
/T0-F1-1 /T2-F0-1 /T1-T0-4 /T1-F0-1 /T6-T2-3 /T6-F1-1 /D:1     /W-F2-1  /T0-F2-1 /T0-F3-1 
/T2-F2-1 /T0-F2-1 /T2-F3-1 /T0-F3-1 /T2-F2-1 /T0-F2-1 /T2-F3-1 
"
1020264,Y#cA#Wae#OkdK#HZmCN#QFElvt#fUgXpoB#wMixDPLIbVJGSnRhTzrsuqjy,80.500000,824.000000,36.000000,0.753731,1,"
minimal: 0 / states: 123 / duration: 0.000211s
history:
/T1-F0-1 /T4-F3-1 /T6-F0-1 /T4-F0-1 /T6-T1-1 /T3-T0-1 /T6-T3-1 /D:1     /W-T6-1  /D:2     
/W-T6-1  /D:2     /W-F0-1  /D:2     /W-T4-1  /T6-T4-3 /D:2     /W-T3-1  /D:4     /W-T5-1  
/D:1     /W-F2-1  /T1-F2-1 /D:5     /W-T5-1  /T3-T5-3 /D:1     /W-T6-1  /T2-T6-1 /T2-F1-1 
/T5-F1-1 /T1-F1-1 /T4-T1-5 /T2-T0-1 /T4-T2-1 /T6-T4-3 /T5-T6-5 /T5-T0-1 /T6-T0-6 /T0-F2-1 
/T0-F1-1 /T4-F1-1 /T6-F1-1 /W-T6-1  /T5-T6-1 /T5-F0-1 /T5-F0-1 /T4-T1-3 /T5-T0-1 /D:2     
/W-F2-1  /D:2     /W-T2-1  /T3-T2-1 /T3-F3-1 /R       /D:1     /W-T3-1  /T0-T3-9 /D:1     
/W-T6-1  /D:1     /W-F3-1  /T3-F3-1 /T3-F2-1 /T1-F2-1 /T1-F1-1 /D:3     /W-T2-1  /W-T2-1  
/D:1     /W-F0-1  /T1-F0-1 /W-F0-1  /D:1     /W-F3-1  /T3-F3-1 /T3-F2-1 /D:1     /W-F1-1  
/T1-F1-1 /T2-T1-1 /T2-F0-1 /T3-T6-3 /T3-F0-1 /D:1     /W-F3-1  /T6-F3-1 /T1-F3-1 /D:1     
/W-F2-1  /T6-F2-1 /T1-F2-1 /T6-F3-1 /T1-F3-1 /T1-F0-1 /T3-F3-1 /T3-F0-1 /T6-F2-1 /T2-T1-2 
/T2-F3-1 /D:1     /W-F1-1  /T1-F1-1 /T1-F2-1 /T6-F1-1 /T1-F1-1 /T6-F2-1 
"
1020294,B#Ya#tgJ#FnvS#TMqpD#swOloi#kCZRbGN#HQerjUdyhfmzLAWEuxXVIKcP,122.500000,979.000000,56.000000,0.645631,1,"
minimal: 0 / states: 130 / duration: 0.000158s
history:
/T1-F1-1 /T6-F3-1 /T5-T2-1 /T3-T6-1 /D:1     /W-T2-1  /D:3     /W-T6-1  /D:2     /W-T3-1  
/T6-T3-3 /T6-F1-1 /T4-T6-1 /D:1     /W-T3-1  /T4-T3-1 /D:7     /W-F0-1  /T0-F0-1 /D:4     
/W-T1-1  /D:5     /W-T4-1  /T5-T4-1 /W-T5-1  /D:1     /W-T6-1  /T4-T6-1 /T4-F1-1 /R       
/D:3     /W-T1-1  /T3-T1-7 /T3-F2-1 /T6-F2-1 /T6-T3-3 /T6-T0-1 /T6-F0-1 /T2-T6-3 /T2-T6-1 
/T1-F2-1 /T1-F1-1 /T4-F2-1 /T5-T4-2 /T5-F3-1 /T3-F3-1 /T3-F0-1 /W-F1-1  /W-F3-1  /T1-F2-1 
/T3-F3-1 /T3-T6-1 /T4-T3-3 /T1-F3-1 /T4-F3-1 /D:1     /W-T0-1  /T6-T0-6 /D:2     /W-F1-1  
/D:1     /W-T4-1  /D:1     /W-T6-1  /T1-T6-6 /D:1     /W-T4-1  /D:1     /W-T3-1  /D:1     
/W-F0-1  /T0-F0-1 /T6-F0-1 /T0-F1-1 /T0-F0-1 /T6-F3-1 /W-F1-1  /T0-F1-1 /T6-T3-1 /T6-F1-1 
/D:2     /W-T4-1  /T5-T4-1 /T5-F2-1 /T2-F2-1 /W-F2-1  /T3-F2-1 /T4-F2-1 /T6-F2-1 /T0-T4-1 
/T0-F1-1 /T0-F2-1 /T3-T6-2 /T3-F1-1 /T4-T0-3 /T4-F1-1 /T6-T3-3 /T6-F2-1 /D:1     /W-F3-1  
/T3-F3-1 /D:1     /W-F0-1  /T0-F0-1 /T0-F3-1 /T3-F0-1 /T0-F0-1 /T3-F3-1 /T0-F3-1 /T3-F0-1 
"
1020381,e#gy#iSb#YXVl#uEkmf#hOzdNn#qDcptoI#WLHrGBJZCPajUsRQxwvAMFTK,147.500000,1901.000000,51.000000,0.578652,1,"
minimal: 0 / states: 130 / duration: 0.000145s
history:
/T5-F2-1 /T5-F3-1 /D:4     /W-T4-1  /T5-T4-1 /T3-T5-1 /W-T3-1  /D:5     /W-T4-1  /T2-T4-1 
/D:2     /W-F1-1  /T4-F1-1 /D:2     /W-T6-1  /D:4     /W-T5-1  /D:3     /W-F0-1  /D:3     
/W-T3-1  /W-T3-1  /T0-T3-1 /T5-T0-3 /T5-F3-1 /D:1     /R       /D:1     /W-T0-1  /T6-T0-2 
/T6-F2-1 /T4-T6-4 /T6-T0-5 /T6-F2-1 /T6-F1-1 /T1-T4-1 /T6-T3-1 /T6-F2-1 /T4-T6-2 /T4-T6-1 
/T4-T2-1 /T0-T2-2 /T0-F2-1 /T1-T4-1 /D:2     /W-T5-1  /T2-T5-4 /T4-T2-2 /D:1     /W-F0-1  
/T5-F0-1 /T5-F1-1 /T3-F0-1 /T3-F1-1 /T0-F1-1 /T2-F1-1 /T5-F0-1 /T3-F0-1 /T5-T0-1 /T5-F0-1 
/T5-F1-1 /T3-T2-1 /T3-F0-1 /T2-T3-2 /T2-F1-1 /D:1     /W-T6-1  /T3-T6-3 /D:1     /W-T1-1  
/W-T1-1  /T3-T1-1 /D:1     /W-F3-1  /D:1     /W-F1-1  /T6-T1-4 /T6-F1-1 /T0-T3-6 /T0-F1-1 
/T3-T0-7 /D:1     /W-F2-1  /D:2     /W-F3-1  /W-F3-1  /T0-F3-1 /T0-F2-1 /T1-F3-1 /T0-F3-1 
/T0-F0-1 /T1-F2-1 /T1-F3-1 /T1-F0-1 /T0-F3-1 /T1-F3-1 /D:2     /W-F2-1  /W-F2-1  /T0-F2-1 
/T6-F2-1 /T0-F3-1 /T0-F2-1 /T6-F1-1 /D:1     /W-T0-1  /D:1     /W-F0-1  /T1-F0-1 /T0-F0-1 
/T1-F3-1 
"
1020468,Y#Ms#UzK#jfen#cCEru#lpiXAT#OoQmtVJ#DgbBHGRwFvSkqadZINWyhLxP,98.500000,2485.000000,50.000000,0.554878,1,"
minimal: 0 / states: 125 / duration: 0.000143s
history:
/T3-F2-1 /T5-T4-1 /T5-F0-1 /T6-T5-1 /T6-T5-1 /T4-T5-2 /T2-T0-1 /T3-T1-1 /T4-T3-1 /T1-T5-2 
/T3-T6-2 /T0-T1-2 /T2-T0-1 /T6-T2-3 /T3-T1-1 /T6-T3-1 /T6-T2-1 /T6-F2-1 /D:1     /W-T5-1  
/D:3     /W-F0-1  /D:6     /W-T1-1  /T2-T1-5 /D:4     /W-F1-1  /D:1     /W-T4-1  /D:1     
/W-T2-1  /D:2     /W-F3-1  /T6-F3-1 /D:2     /W-T2-1  /T5-T2-8 /D:2     /W-T3-1  /D:2     
/W-F3-1  /T1-F3-1 /R       /D:2     /W-F1-1  /D:1     /W-T5-1  /W-T5-1  /D:2     /W-F3-1  
/D:2     /W-T5-1  /D:1     /W-F3-1  /D:1     /W-T3-1  /W-T3-1  /T5-T3-4 /T5-F2-1 /T5-T0-1 
/D:1     /W-F2-1  /T1-F2-1 /T4-T1-2 /T4-F0-1 /T4-F1-1 /T1-F1-1 /T2-F0-1 /T1-F0-1 /T2-F1-1 
/T1-F1-1 /T2-F2-1 /T1-F2-1 /T3-F0-1 /T2-F3-1 /T3-F1-1 /T2-F2-1 /W-F0-1  /T1-F3-1 /T3-F0-1 
/T2-F3-1 /T1-F2-1 /T3-T2-1 /T3-F2-1 /D:1     /W-F0-1  /D:1     /W-F3-1  /T2-T3-2 /T2-F3-1 
/T1-T0-2 /T1-F3-1 /D:1     /W-F1-1  /T3-F1-1 /T0-F1-1 /T3-F0-1 /T0-F0-1 /T3-F1-1 /T3-F0-1 
/T0-F1-1 /T1-F0-1 /T3-F1-1 /D:1     /W-F2-1  /T2-F2-1 /T0-F2-1 /T2-F3-1 
"
1020507,Z#RF#OyK#BxVa#wlPXY#dEIQLS#uJMcDAk#qUroHgfjsGevmNzWnpbTChti,90.500000,734.000000,35.000000,0.720588,1,"
minimal: 0 / states: 117 / duration: 0.000148s
history:
/T3-F1-1 /T2-T4-1 /T6-T2-1 /T6-F0-1 /T2-T0-2 /D:3     /W-T5-1  /D:2     /W-T3-1  /D:1     
/W-T3-1  /T1-T3-1 /T6-T1-1 /T6-T1-1 /T4-T6-2 /T1-T3-3 /T6-T1-3 /T3-T6-7 /T6-T0-8 /W-T0-1  
/D:2     /W-T1-1  /D:4     /W-T1-1  /D:2     /W-F3-1  /T2-F3-1 /W-T2-1  /D:2     /W-T3-1  
/D:1     /W-F2-1  /T0-F2-1 /D:1     /W-F2-1  /D:1     /W-F1-1  /T0-F1-1 /D:1     /W-T6-1  
/D:2     /W-T1-1  /D:1     /W-T1-1  /T5-T1-2 /T5-T2-1 /T4-T2-1 /T4-F3-1 /T5-F3-1 /T5-T3-1 
/T3-T4-3 /T3-F0-1 /W-F0-1  /T0-F0-1 /T5-F0-1 /T5-F1-1 /W-T3-1  /T4-T3-4 /T0-F3-1 /T0-F0-1 
/W-F1-1  /W-F0-1  /W-T0-1  /W-F1-1  /T0-T6-1 /T0-F1-1 /T0-F0-1 /T3-F0-1 /T0-T4-1 /T0-F0-1 
/T4-T0-2 /T6-T0-3 /D:1     /R       /D:1     /W-F2-1  /T1-F2-1 /T0-F2-1 /T1-F3-1 /T0-F3-1 
/T1-F2-1 /T0-F2-1 /T1-F1-1 /T1-F2-1 /D:1     /W-F3-1  /T0-F3-1 /T3-F3-1 /T0-F2-1 /T2-F3-1 
/T3-F2-1 /T0-T2-1 /T0-F2-1 /T1-T3-2 /T1-F3-1 /T0-F3-1 /T3-T1-3 /T3-F2-1 /D:1     /W-F1-1  
/T1-F1-1 /T1-F0-1 /T2-F1-1 /T1-F1-1 /T2-F0-1 /T1-F0-1 /T2-F1-1 
"
1020516,D#Ik#nAF#GVKP#yXMjt#xehNdC#fruwOUo#gzvQbiLWJSlpmTRaqHcBZsYE,122.000000,1442.000000,48.000000,0.803738,1,"
minimal: 0 / states: 117 / duration: 0.000150s
history:
/T6-T3-1 /T4-T6-1 /T3-T0-2 /T4-T3-1 /D:3     /W-T3-1  /T6-T3-2 /T6-T5-1 /T6-T1-1 /D:3     
/W-T1-1  /T6-T1-1 /D:4     /W-T3-1  /T6-T3-1 /D:1     /W-T4-1  /T3-T4-7 /D:3     /W-T1-1  
/T2-T1-1 /T2-F0-1 /T2-F2-1 /T0-F2-1 /T4-T2-9 /D:1     /W-T1-1  /T0-T1-2 /W-T0-1  /W-F2-1  
/W-T4-1  /T3-T4-1 /T6-T3-1 /D:1     /W-F1-1  /D:1     /W-F2-1  /T2-F2-1 /D:1     /W-T4-1  
/D:2     /W-F0-1  /D:1     /W-T6-1  /D:1     /W-F2-1  /D:2     /W-T2-1  /R       /D:1     
/W-T4-1  /D:2     /W-T2-1  /T5-T2-2 /D:1     /W-F1-1  /D:1     /W-T0-1  /T1-T0-9 /D:2     
/W-F1-1  /T5-F1-1 /T5-F3-1 /T2-F3-1 /T0-F3-1 /T2-F0-1 /T0-F0-1 /T2-F3-1 /T0-F3-1 /T2-F0-1 
/T2-F3-1 /T5-T1-1 /T5-F1-1 /T0-F0-1 /T0-F3-1 /T3-F1-1 /T2-F2-1 /T3-F0-1 /T2-F3-1 /T4-F1-1 
/T0-F2-1 /T1-F1-1 /T2-F2-1 /T4-F0-1 /T0-F1-1 /T1-F0-1 /T2-F1-1 /T4-F3-1 /T0-F2-1 /T4-F0-1 
/T0-F1-1 /W-F3-1  /T2-F0-1 /T4-F3-1 /T0-F0-1 /T5-F2-1 /T2-F1-1 /T4-F2-1 /T0-F1-1 /T2-F0-1 
/W-F2-1  /D:1     /W-F3-1  /T6-F3-1 
"
1020541,w#zD#BdN#Lsgx#VHWnG#PtKpMb#oOQCahZ#AeiISXRmYuvjlTUfkcqrJFyE,151.000000,1976.000000,59.000000,0.592784,1,"
minimal: 0 / states: 133 / duration: 0.000156s
history:
/T2-F3-1 /D:1     /W-F0-1  /D:2     /W-T0-1  /D:2     /W-T4-1  /D:5     /W-T0-1  /D:2     
/W-T3-1  /W-T3-1  /D:2     /W-T0-1  /D:1     /W-T3-1  /T4-T3-2 /T4-F2-1 /D:3     /W-T1-1  
/D:2     /W-T3-1  /T2-T3-1 /T2-F0-1 /T6-T2-1 /D:2     /W-T0-1  /D:1     /W-T2-1  /D:1     
/R       /D:1     /W-T0-1  /T1-T0-2 /D:1     /W-T4-1  /T6-T4-1 /T6-F1-1 /T5-F1-1 /T6-F0-1 
/T0-F1-1 /T0-F0-1 /T3-F1-1 /T6-T3-1 /T6-F3-1 /T6-F2-1 /T5-T6-1 /T5-F2-1 /T4-T5-3 /T0-F1-1 
/D:1     /W-T2-1  /T0-T2-5 /D:1     /W-T2-1  /D:1     /W-T0-1  /D:1     /W-T1-1  /T3-T1-8 
/T3-T4-1 /T3-T4-1 /T3-T0-1 /D:1     /W-T6-1  /T5-T6-4 /T5-T6-1 /T5-F3-1 /T1-F3-1 /T2-F3-1 
/D:1     /W-F1-1  /D:1     /W-T0-1  /D:1     /W-F2-1  /T1-F2-1 /T4-F2-1 /T1-F3-1 /T6-F2-1 
/T4-F1-1 /T6-F1-1 /T2-T4-2 /T2-F2-1 /T4-T2-3 /T1-T6-2 /T1-F2-1 /T2-T4-3 /T2-F1-1 /T1-F1-1 
/T0-F1-1 /T2-F2-1 /T1-F2-1 /T2-T0-1 /T2-F2-1 /T6-T1-5 /T6-F1-1 /T0-T2-2 /T0-F1-1 /T1-T6-6 
/T1-F2-1 /D:1     /W-T2-1  /T4-T2-4 /D:1     /W-F0-1  /T2-F0-1 /T2-F3-1 /T6-F0-1 /T2-F0-1 
/T6-F3-1 /T2-F3-1 /T6-F0-1 /T2-F0-1 /T6-F3-1 /T2-F3-1 /T6-F0-1 /T2-F0-1 /T6-F3-1 /T2-F3-1 
/T6-F0-1 
"
1020554,n#US#FBq#LwtC#xgjaZ#dVMIso#ckiPNRy#GAOhKvrHmbEzuXTJQWDlfpYe,136.500000,1988.000000,47.000000,0.577778,1,"
minimal: 0 / states: 123 / duration: 0.000142s
history:
/T0-F2-1 /T5-F2-1 /T6-T4-1 /T6-T5-1 /T6-F3-1 /T4-T0-2 /T4-F1-1 /T6-T2-1 /T2-T5-2 /T2-T5-1 
/D:2     /W-F0-1  /T5-F0-1 /T3-F0-1 /T1-T3-1 /T3-T1-2 /T6-T3-1 /T3-T6-2 /T6-T0-3 /D:1     
/W-F3-1  /T5-F3-1 /T6-T5-1 /D:3     /W-T4-1  /T1-T4-3 /D:1     /W-T4-1  /D:1     /W-T0-1  
/D:1     /W-T1-1  /T3-T1-1 /D:1     /W-F1-1  /T5-F1-1 /D:2     /W-T3-1  /D:2     /W-T1-1  
/D:1     /W-T0-1  /T5-T0-3 /D:1     /W-T1-1  /D:1     /W-F3-1  /D:2     /W-F0-1  /D:1     
/W-T3-1  /D:2     /W-F2-1  /T0-F2-1 /T0-F3-1 /T4-F2-1 /T0-F2-1 /T4-F3-1 /T0-F3-1 /T4-F2-1 
/T4-F3-1 /D:2     /W-T2-1  /R       /D:2     /W-T4-1  /W-T4-1  /D:1     /W-T3-1  /T4-T3-4 
/T4-T0-1 /T2-T0-2 /D:1     /W-F0-1  /D:1     /W-F2-1  /T3-T5-2 /T3-F2-1 /T5-T3-3 /T5-T2-1 
/T5-F3-1 /T5-F1-1 /T0-F1-1 /T0-F0-1 /T3-F0-1 /T0-T1-3 /T0-F2-1 /T4-F2-1 /D:1     /W-F3-1  
/T1-T0-4 /T1-F3-1 /T0-T1-5 /T0-F2-1 /T3-T2-5 /T3-F2-1 /D:1     /W-F1-1  /T1-F1-1 /T1-F0-1 
/T2-F1-1 /T1-F1-1 /T2-F0-1 /T1-F0-1 /T2-F1-1 /T1-F1-1 /T2-F0-1 /T1-F0-1 /T2-F1-1 /T1-F1-1 
/T2-F0-1 /D:1     /W-F3-1  /T0-F3-1 
"
1020592,c#Ua#her#PCpH#yMlSv#jxnYDz#fFEmtNL#gWGkiJIQTBKoXdqZAbuVRswO,183.500000,1905.000000,57.000000,0.565217,1,"
minimal: 0 / states: 128 / duration: 0.000145s
history:
/T1-F1-1 /T1-T4-1 /T5-T1-1 /T0-T5-1 /D:1     /W-T3-1  /D:2     /W-T4-1  /D:1     /W-T6-1  
/D:2     /W-T6-1  /W-T6-1  /T3-T6-2 /D:2     /W-T2-1  /T3-T2-1 /D:2     /W-T5-1  /D:6     
/W-T0-1  /T6-T0-6 /T6-F3-1 /D:1     /W-F0-1  /T5-F0-1 /T3-F0-1 /D:1     /W-F1-1  /T5-F1-1 
/T5-F0-1 /T5-T1-1 /T5-F2-1 /T5-T1-1 /T4-T5-3 /T4-T5-1 /T2-T5-3 /W-T2-1  /W-F1-1  /T3-T2-1 
/T5-T1-8 /D:4     /W-T0-1  /T2-T0-3 /T6-T2-1 /T6-T3-1 /T6-F0-1 /T6-F0-1 /T1-T2-4 /T1-F0-1 
/D:2     /W-F3-1  /T0-F3-1 /R       /D:4     /W-T4-1  /D:1     /W-F2-1  /T2-F2-1 /T0-F2-1 
/T0-F1-1 /T2-F3-1 /T2-F2-1 /T6-F1-1 /T0-F2-1 /T0-F1-1 /T0-F0-1 /T2-T1-2 /T2-F1-1 /T0-F1-1 
/D:3     /W-T0-1  /W-T0-1  /D:1     /W-F3-1  /T1-F3-1 /T1-F2-1 /T0-F2-1 /D:1     /R       
/D:1     /W-T4-1  /T1-T4-2 /T1-F1-1 /D:1     /W-F0-1  /D:1     /W-F3-1  /T4-F3-1 /T0-F3-1 
/T0-F0-1 /T4-F2-1 /T4-F3-1 /T4-F0-1 /T0-F1-1 /T4-F1-1 /T4-T2-1 /T0-F0-1 /T2-F0-1 /T3-F1-1 
/T4-T0-1 /D:1     /W-F3-1  /D:1     /W-F2-1  /T1-F2-1 /T0-F2-1 /T1-F3-1 /T0-F3-1 /T1-F2-1 
"
1020608,z#kX#sPy#dEtx#mIVFH#cbUSMe#CLBNalh#juDQKRwTpOgnirfWqAZJoYGv,126.000000,1940.000000,57.000000,0.537234,1,"
minimal: 0 / states: 127 / duration: 0.000213s
history:
/T1-T2-1  /D:1      /W-T3-1   /D:2      /W-T5-1   /D:4      /W-T1-1   /D:1      /W-T4-1   /D:4      
/W-F2-1   /D:1      /W-T1-1   /T4-T1-2  /T5-T4-2  /T4-T1-3  /D:5      /W-F0-1   /D:2      /W-T2-1   
/T4-T2-1  /T6-T4-1  /T6-T0-1  /T6-F1-1  /T6-F3-1  /T6-F0-1  /T3-T0-2  /T3-T4-1  /T4-T0-3  /T2-T4-4  
/T2-T1-1  /T1-T6-9  /T5-T1-1  /T5-T0-1  /T3-T0-1  /T3-T0-1  /W-T3-1   /T6-T3-10 /T6-F0-1  /D:1      
/W-F2-1   /D:1      /W-T1-1   /D:1      /W-T5-1   /D:1      /R        /D:1      /W-T4-1   /D:2      
/W-T1-1   /D:1      /W-T2-1   /D:1      /W-F2-1   /D:1      /W-F3-1   /T3-F3-1  /W-F3-1   /T2-F3-1  
/T3-F0-1  /D:1      /W-T4-1   /T2-T4-1  /D:2      /W-T5-1   /T0-T5-2  /T0-F3-1  /D:1      /W-T1-1   
/D:1      /W-F2-1   /W-F2-1   /T4-F2-1  /T0-F2-1  /T3-T4-2  /T3-F3-1  /T5-T0-4  /T5-F3-1  /T5-F1-1  
/T5-F1-1  /T0-F1-1  /T0-F0-1  /T4-F1-1  /T0-F1-1  /T4-F0-1  /T0-F0-1  /T4-F1-1  /T0-F1-1  /T3-F0-1  
/T0-F0-1  /T4-F2-1  /T3-F1-1  /T4-F3-1  /T4-F0-1  /T0-F1-1  /T1-F3-1  /T1-F0-1  /T4-F3-1  /T1-F3-1  
/T3-T4-2  /T3-F0-1  /T1-F0-1  /T3-F3-1  /D:1      /W-F2-1   /T4-F2-1  /T0-F2-1  /T4-F1-1  /T0-F1-1  
/T4-F2-1  /T0-F2-1  /T4-F1-1  
"
1020625,D#sX#dYn#VNeh#FqEPm#iMfaoC#rpBRGJQ#TczgbwWOAkLHjxvtUZuIKSly,112.500000,1489.000000,67.000000,0.510753,1,"
minimal: 0 / states: 131 / duration: 0.000168s
history:
/T2-F2-1  /T5-T6-1  /T5-F2-1  /T5-F1-1  /D:2      /W-T0-1   /D:3      /W-F1-1   /T0-F1-1  /D:1      
/W-T1-1   /D:2      /W-T6-1   /D:1      /W-F0-1   /D:2      /W-T4-1   /T1-T4-2  /D:3      /W-T2-1   
/W-T2-1   /D:1      /W-T2-1   /T3-T2-1  /T3-T1-1  /T3-F3-1  /T6-F3-1  /T0-T1-1  /T4-T0-4  /T4-F3-1  
/T6-T4-2  /T4-T5-3  /W-T3-1   /T3-T0-2  /D:1      /W-T2-1   /T5-T2-4  /T2-T5-10 /T5-T3-11 /T2-F1-1  
/T5-T6-1  /D:2      /W-T2-1   /D:1      /W-T6-1   /D:5      /W-T2-1   /R        /D:1      /W-T0-1   
/T1-T0-3  /D:1      /W-T1-1   /D:1      /W-T6-1   /D:2      /W-T2-1   /T6-T2-4  /D:4      /W-T6-1   
/D:1      /W-T1-1   /W-T1-1   /R        /D:1      /W-T1-1   /D:2      /W-T1-1   /W-T1-1   /T6-T1-2  
/T4-T6-1  /T6-T4-2  /T6-F0-1  /T3-F0-1  /T0-F0-1  /T6-F2-1  /T3-F3-1  /T3-F0-1  /T4-F2-1  /T0-F1-1  
/T4-F3-1  /T4-F0-1  /T6-F2-1  /T0-F2-1  /T1-F3-1  /T0-F3-1  /T3-F1-1  /T1-F0-1  /T2-F1-1  /T0-F0-1  
/T3-F2-1  /T1-F3-1  /T2-F2-1  /T0-F3-1  /T3-F1-1  /T1-F0-1  /T2-F1-1  /T2-F0-1  /T3-F2-1  /T0-F2-1  
/T1-F3-1  /T0-F3-1  /T3-F1-1  /T1-F0-1  /T2-F1-1  /T0-F0-1  /T3-F2-1  /T1-F1-1  /T2-F2-1  /T0-F1-1  
/T3-F3-1  /T1-F2-1  /T2-F3-1  /T3-F0-1  
"
1020645,q#gM#GNn#iJEW#BaAPX#DpvQwc#RShsbzI#tyClkYoKZLOxmujfHdVTUrFe,159.500000,4950.000000,53.000000,0.594059,1,"
minimal: 0 / states: 124 / duration: 0.000145s
history:
/T2-F2-1 /T2-F3-1 /T6-T3-1 /T5-T0-1 /T5-T4-1 /D:3     /W-T5-1  /D:1     /W-T1-1  /D:2     
/W-T6-1  /D:1     /W-F2-1  /D:1     /W-T1-1  /T3-T1-2 /T5-T3-2 /D:3     /W-F3-1  /D:1     
/W-T6-1  /D:3     /W-T6-1  /T5-T6-1 /T5-F2-1 /T0-T5-1 /T0-F2-1 /T6-T0-5 /T6-T3-1 /D:1     
/W-T2-1  /T3-T2-4 /D:3     /W-T3-1  /D:2     /W-T0-1  /T2-T0-6 /T1-T2-5 /T6-T1-1 /T6-T2-1 
/D:1     /W-F2-1  /T1-F2-1 /D:1     /W-T1-1  /D:1     /W-T1-1  /T5-T1-2 /R       /D:1     
/W-T2-1  /T6-T2-1 /D:3     /W-T5-1  /D:1     /W-T5-1  /T4-T5-2 /T4-F3-1 /T4-F0-1 /T4-F1-1 
/T0-F1-1 /T4-F0-1 /T0-F0-1 /T0-F3-1 /T1-F1-1 /T1-F0-1 /T6-F3-1 /T0-F0-1 /T2-F3-1 /T2-F2-1 
/D:1     /W-T4-1  /D:1     /W-F2-1  /D:1     /W-T3-1  /T1-T3-3 /D:1     /W-F1-1  /T3-F1-1 
/T0-F1-1 /T3-F0-1 /T0-F0-1 /T3-F1-1 /T2-F1-1 /T3-F0-1 /T2-F0-1 /T3-T5-1 /T3-F0-1 /T3-F1-1 
/T0-T2-2 /T0-F1-1 /W-F1-1  /T2-T0-3 /T2-F0-1 /T2-F1-1 /T4-F1-1 /D:1     /W-F3-1  /T0-F3-1 
/T0-F2-1 /T5-F3-1 /T0-F3-1 /T5-F2-1 /T0-F2-1 /T5-F3-1 /T0-F3-1 /T5-F0-1 /T2-F0-1 /W-F2-1  
/T0-F2-1 /T5-F3-1 
"
1020652,w#za#fYk#SCOH#RoKth#qcQNMF#npIiAvm#UbxgZLsPrTeuJWdlVyDXEjBG,126.500000,2535.000000,57.000000,0.511628,1,"
minimal: 0 / states: 133 / duration: 0.000142s
history:
/T1-F1-1 /T0-T2-1 /T6-T0-1 /T4-T6-1 /T4-T6-1 /D:2     /W-F1-1  /D:2     /W-T3-1  /T5-T3-1 
/D:2     /W-T0-1  /T2-T0-2 /T4-T2-1 /T2-T1-2 /T2-T6-1 /T5-T2-1 /T5-F3-1 /D:3     /W-T6-1  
/T5-T6-1 /T5-F1-1 /W-T5-1  /T4-T5-1 /T4-T3-1 /T5-T3-3 /D:5     /W-T1-1  /T6-T1-6 /T6-F0-1 
/T3-T6-7 /T3-F3-1 /T6-T0-8 /T3-T1-1 /D:1     /W-F1-1  /D:1     /W-T2-1  /D:5     /W-T3-1  
/D:2     /W-F0-1  /T1-F0-1 /D:1     /R       /D:1     /W-T6-1  /D:1     /W-T2-1  /D:1     
/W-T4-1  /D:3     /W-F1-1  /D:4     /W-T4-1  /D:1     /W-F0-1  /T3-F0-1 /T1-T3-2 /T1-F1-1 
/T3-T1-3 /D:1     /W-T4-1  /D:1     /W-T2-1  /T6-T2-2 /T6-T1-1 /T6-F2-1 /T0-F2-1 /T0-F3-1 
/T1-F2-1 /T0-F2-1 /T1-F3-1 /T0-F3-1 /T0-F0-1 /T1-F2-1 /T1-F3-1 /T0-F1-1 /T1-T2-1 /T1-F1-1 
/D:1     /W-F0-1  /T0-F0-1 /T0-F1-1 /T2-T1-2 /T2-F0-1 /T2-F1-1 /T0-T4-1 /T0-F1-1 /W-T4-1  
/W-F0-1  /T1-T2-4 /T1-F0-1 /T0-F0-1 /T2-T1-5 /T2-F1-1 /T0-F1-1 /T2-F0-1 /W-T4-1  /W-F3-1  
/W-F2-1  /T1-F2-1 /T1-F3-1 /T4-F2-1 /T1-F2-1 /T4-F3-1 /T1-F3-1 /T4-F2-1 /T1-F2-1 /T4-F3-1 
/T1-F3-1 /T4-F2-1 /T1-F2-1 /T4-F3-1 
"
1020665,B#ya#vRT#eGUL#mWfXc#tFMquw#lEpOPQJ#grDIYKHjkSoZzVAdnxNshiCb,112.000000,1600.000000,46.000000,0.614458,1,"
minimal: 0 / states: 128 / duration: 0.000152s
history:
/T1-F1-1 /T0-T4-1 /D:9     /W-T1-1  /T6-T1-1 /D:3     /W-T0-1  /T3-T0-1 /D:2     /W-T1-1  
/D:1     /W-F0-1  /T4-F0-1 /D:2     /W-F2-1  /D:2     /W-F3-1  /D:1     /W-T2-1  /D:2     
/W-T5-1  /D:1     /W-F0-1  /D:1     /W-F1-1  /T4-F1-1 /T5-T4-2 /T5-T1-1 /T4-T0-3 /T2-T1-2 
/T5-T2-1 /T2-T1-2 /T3-T2-1 /T4-T3-1 /T3-T2-2 /T2-T4-4 /T5-T2-1 /T3-T5-1 /R       /D:2     
/W-T4-1  /T6-T4-1 /T6-T1-1 /T6-F3-1 /T6-T4-1 /T1-F3-1 /D:1     /W-F0-1  /T6-F0-1 /T6-T2-1 
/D:3     /W-T2-1  /T4-T2-8 /T1-T4-9 /D:1     /W-T0-1  /D:3     /W-F2-1  /T2-F2-1 /T2-F3-1 
/T4-F2-1 /T4-F3-1 /T5-T4-1 /T5-F0-1 /T2-F2-1 /W-F3-1  /T2-T5-1 /T2-F0-1 /T0-F0-1 /T5-T2-2 
/D:1     /W-T1-1  /D:1     /W-F1-1  /T4-F1-1 /T2-F1-1 /T4-F2-1 /T2-F2-1 /T4-F3-1 /T2-F3-1 
/T4-F2-1 /T4-F3-1 /T2-F2-1 /T2-F3-1 /T0-T4-1 /T0-F2-1 /T0-F3-1 /W-T2-1  /W-F3-1  /W-F0-1  
/W-F1-1  /D:1     /W-F2-1  /T4-T0-3 /T4-F2-1 /T1-F2-1 /T0-T4-4 /T0-F3-1 /D:1     /W-F1-1  
/T4-F1-1 /T2-F1-1 /T4-F0-1 /T2-F0-1 /T4-F1-1 /T2-F1-1 /T4-F0-1 /T2-F0-1 /T4-F1-1 
"
1020693,Y#Su#XLW#xDKB#sGtlv#UNqzIi#PkyhOco#fHbZCjRwaTnFgmdVQMprJEAe,96.500000,1128.000000,47.000000,0.618750,1,"
minimal: 0 / states: 135 / duration: 0.000152s
history:
/T4-T2-1 /T1-T5-1 /D:9     /W-F1-1  /D:1     /W-T5-1  /D:1     /W-F2-1  /T6-F2-1 /T3-T6-1 
/T2-T3-2 /T3-T0-3 /T6-T3-2 /D:1     /W-T5-1  /D:7     /W-F2-1  /D:1     /W-T1-1  /D:3     
/W-F0-1  /T3-F0-1 /D:1     /W-T5-1  /T3-T5-2 /T3-T4-1 /R       /D:3     /W-F1-1  /T5-F1-1 
/D:1     /W-T3-1  /T2-T3-1 /T2-T3-1 /D:1     /W-F0-1  /T5-F0-1 /D:1     /W-T4-1  /D:2     
/W-T3-1  /T5-T3-5 /T5-T4-1 /T4-T5-4 /T5-T2-5 /T5-F2-1 /T5-F3-1 /T6-F3-1 /T6-T0-1 /T4-T0-1 
/T4-T5-1 /T1-F2-1 /T4-F2-1 /T0-F2-1 /T1-T5-1 /T5-T2-3 /D:2     /W-T1-1  /T6-T1-1 /T6-T1-1 
/T6-F3-1 /D:1     /W-F1-1  /T3-F1-1 /D:2     /W-F3-1  /D:1     /W-T4-1  /T0-T4-5 /D:1     
/W-T1-1  /W-T1-1  /D:1     /W-F0-1  /T3-F0-1 /R       /D:1     /W-F1-1  /D:1     /W-T1-1  
/T3-T1-1 /T3-F2-1 /D:1     /W-F3-1  /T2-F3-1 /T1-F3-1 /T2-F0-1 /T2-F3-1 /T1-F0-1 /T1-F3-1 
/T2-F0-1 /T1-F0-1 /T4-T2-2 /T4-F3-1 /T4-F0-1 /T3-T1-2 /T3-F3-1 /T3-F0-1 /T4-F3-1 /T3-F3-1 
/T4-F0-1 /D:1     /W-F1-1  /T2-F1-1 /T1-F1-1 /T2-F2-1 /T1-F2-1 /T2-F1-1 /T1-F1-1 /T2-F2-1 
/T1-F2-1 /T2-F1-1 /T1-F1-1 /T2-F2-1 
"
1020696,v#XJ#gNi#AcdO#HSsDz#rlERaZ#WGyxbhL#YteqVkfIQUmpMjKuCTwnoPFB,137.500000,1499.000000,52.000000,0.592391,1,"
minimal: 0 / states: 123 / duration: 0.000140s
history:
/T6-T5-1 /T6-T0-1 /T2-T1-1 /T2-F3-1 /T3-F3-1 /D:1     /W-T4-1  /D:1     /W-T0-1  /D:4     
/W-T5-1  /T1-T5-2 /D:1     /W-T0-1  /D:5     /W-T3-1  /T6-T3-1 /T6-T4-1 /T1-T6-1 /T5-T1-5 
/T5-F1-1 /T3-F1-1 /D:2     /W-T4-1  /T0-T4-4 /T4-T0-8 /T4-T5-1 /T5-T4-2 /T3-T5-2 /T3-F1-1 
/T3-F0-1 /T4-T2-3 /T5-T0-3 /W-T3-1  /T5-T3-1 /T5-T4-1 /W-T5-1  /T6-T5-2 /T4-T6-2 /T2-T4-4 
/T4-T1-5 /D:1     /W-T3-1  /D:4     /W-T5-1  /D:1     /W-F2-1  /D:1     /W-F2-1  /T0-F2-1 
/T0-F1-1 /D:1     /W-F3-1  /D:2     /W-F0-1  /R       /D:1     /W-F1-1  /D:1     /W-F2-1  
/T6-F2-1 /T0-T6-1 /T0-F1-1 /D:1     /W-T5-1  /D:2     /W-F3-1  /D:2     /W-T5-1  /D:1     
/W-F0-1  /T1-F0-1 /T1-F3-1 /T1-F2-1 /T6-F0-1 /T6-F3-1 /T0-F2-1 /T6-T0-1 /T1-F1-1 /T5-F2-1 
/T6-T3-1 /D:1     /W-F3-1  /W-F3-1  /T5-F3-1 /T3-F3-1 /D:1     /W-F0-1  /T0-F0-1 /T0-F1-1 
/T0-F2-1 /T1-F0-1 /T1-F1-1 /T5-F2-1 /W-F0-1  /T0-F1-1 /T0-F2-1 /T1-F0-1 /T1-F1-1 /T3-F0-1 
/T3-F1-1 /T5-F3-1 /T0-F3-1 /T1-F0-1 /T3-F0-1 /T5-F2-1 /T0-F2-1 /T1-F3-1 /T5-F1-1 
"
1020713,I#qi#Uus#LVpn#flaHJ#chbQAM#SKFrmPe#jORdCoyXtNvZGgwDYzxTkBWE,134.000000,1592.000000,41.000000,0.684783,1,"
minimal: 0 / states: 116 / duration: 0.000134s
history:
/T3-F2-1 /T6-T2-1 /T1-T4-1 /T6-T1-1 /T1-T2-2 /T5-T1-1 /T5-F0-1 /T3-T5-1 /D:2     /W-T5-1  
/D:4     /W-F2-1  /D:1     /W-T6-1  /D:1     /W-T6-1  /T4-T6-2 /T4-T3-1 /T4-F1-1 /T4-T1-1 
/D:2     /W-F3-1  /T5-F3-1 /T2-F3-1 /T5-F2-1 /T5-F3-1 /T5-F1-1 /T5-T0-1 /T5-T2-1 /T6-T5-5 
/T6-T4-1 /T2-F1-1 /T2-F2-1 /T4-F2-1 /T2-T6-1 /T2-F2-1 /T2-T5-1 /W-F2-1  /T5-F2-1 /D:1     
/W-F2-1  /D:2     /W-T0-1  /T4-T0-1 /W-T4-1  /D:1     /W-T3-1  /T6-T3-2 /T6-T1-1 /D:1     
/W-F2-1  /D:1     /W-T3-1  /D:3     /W-F2-1  /D:3     /W-F0-1  /D:1     /W-T1-1  /T0-T1-4 
/D:1     /W-T1-1  /R       /D:2     /W-F3-1  /T6-F3-1 /D:1     /W-F1-1  /D:1     /W-F0-1  
/T3-F0-1 /T1-F0-1 /T3-F1-1 /T1-F1-1 /T3-F0-1 /T1-F0-1 /T3-F1-1 /T1-F1-1 /T3-F0-1 /T5-F1-1 
/T3-T5-1 /T1-F0-1 /W-F1-1  /T5-T3-3 /T5-F2-1 /T3-T4-4 /D:2     /W-F2-1  /D:1     /W-F3-1  
/T2-F3-1 /T4-F3-1 /T1-F3-1 /T4-F0-1 /T1-F0-1 /T4-F3-1 /W-F3-1  /T4-F0-1 /T4-F3-1 /D:1     
/W-F1-1  /T1-F1-1 /T1-F0-1 /T5-F1-1 
"
1020725,R#vl#jpY#kCfK#esAQP#StzaWF#nbEHyrM#ILohwUBxqTgNGmdOcuiZDJVX,111.000000,1964.000000,54.000000,0.565476,1,"
minimal: 0 / states: 130 / duration: 0.000165s
history:
/T3-T1-1 /T2-T6-1 /T0-T5-1 /T6-T0-2 /T6-T3-1 /D:3     /W-T4-1  /D:5     /W-T0-1  /D:1     
/W-T5-1  /T4-T5-2 /T4-T3-1 /T4-F0-1 /W-F0-1  /T2-T3-1 /T2-T0-1 /D:3     /W-F3-1  /D:2     
/W-T2-1  /T6-T2-1 /D:2     /W-F3-1  /D:8     /W-T2-1  /R       /D:1     /W-T0-1  /D:2     
/W-T0-1  /D:1     /W-T2-1  /D:2     /W-T6-1  /T5-T6-5 /T5-T1-1 /T5-F1-1 /T1-T5-3 /T1-T5-1 
/T5-T1-5 /T3-T5-4 /T3-F0-1 /T5-T0-5 /W-T1-1  /D:2     /W-T1-1  /T5-T1-1 /D:4     /W-T2-1  
/T6-T2-7 /T6-T1-1 /T6-F1-1 /T6-F2-1 /T2-F2-1 /T0-F2-1 /T2-F3-1 /T0-F3-1 /T2-F2-1 /T0-F2-1 
/T4-F2-1 /T2-F3-1 /T1-T0-1 /T1-F3-1 /T0-T1-2 /T0-F2-1 /W-F2-1  /W-F1-1  /W-F1-1  /T4-F1-1 
/D:1     /W-T4-1  /D:1     /W-F0-1  /T1-F0-1 /T1-F1-1 /T2-F0-1 /T1-F0-1 /T2-F3-1 /T1-F3-1 
/W-F1-1  /T0-F1-1 /T1-F2-1 /T2-F0-1 /T0-F0-1 /T2-F1-1 /T0-F1-1 /T2-F2-1 /T0-F2-1 /T3-F1-1 
/T1-T0-2 /T1-F1-1 /T2-T4-2 /T2-F1-1 /D:1     /W-F0-1  /D:1     /W-F3-1  /T0-F3-1 /T0-F0-1 
/T4-F3-1 /T0-F3-1 /T4-F2-1 /T1-F2-1 /W-F0-1  /T0-F0-1 /T4-F3-1 
"
1020755,N#mG#luh#UncP#TYdVf#JQCxZO#sDrWowa#HMeLXBSjyKtRkibgpFEzqAvI,116.000000,1875.000000,38.000000,0.727273,1,"
minimal: 0 / states: 113 / duration: 0.000142s
history:
/T0-F3-1 /T5-F3-1 /T6-F1-1 /T3-F3-1 /T4-T1-1 /T5-T0-1 /T4-T6-1 /T1-T2-2 /D:1     /W-T6-1  
/D:3     /W-T0-1  /D:1     /W-T0-1  /T6-T0-3 /T6-T3-1 /T6-T5-1 /T4-T6-1 /T5-T4-2 /T5-T6-1 
/T5-F3-1 /T6-T2-3 /T3-T6-2 /T3-F2-1 /T6-F2-1 /D:1     /W-T6-1  /D:3     /W-T1-1  /D:2     
/W-T3-1  /D:1     /W-F3-1  /D:1     /W-T1-1  /T5-T1-1 /D:1     /W-T1-1  /D:1     /W-F1-1  
/D:1     /W-T0-1  /D:1     /W-F2-1  /D:1     /W-T0-1  /F3-T0-1 /T6-T0-3 /D:2     /W-T5-1  
/T4-T5-3 /T6-T4-1 /D:1     /W-F2-1  /D:1     /W-F0-1  /T0-F0-1 /T0-F1-1 /T2-F0-1 /T0-F0-1 
/T0-F3-1 /T2-F1-1 /T2-F2-1 /W-F0-1  /T0-F0-1 /T4-F2-1 /T3-F2-1 /D:1     /W-T5-1  /T2-T5-3 
/T2-F2-1 /W-T2-1  /W-T2-1  /W-F3-1  /T4-F3-1 /W-F1-1  /T5-F1-1 /T0-F1-1 /T5-F0-1 /T0-F0-1 
/T3-F3-1 /T0-F3-1 /T5-F1-1 /T1-F1-1 /T5-F2-1 /T0-F2-1 /T2-F1-1 /T5-F3-1 /T5-F2-1 /T0-F3-1 
/T5-F3-1 /T1-T0-2 /T1-F2-1 /T5-F2-1 /T0-T1-3 /T0-F3-1 /W-T0-1  /T2-T0-2 /D:1     /W-F0-1  
/T1-F0-1 /T0-F0-1 /T1-F1-1 /T0-F1-1 /T1-F0-1 /T0-F0-1 /T1-F1-1 
"
1020824,Y#yq#jmN#CvdB#hDXgF#tzQLJn#pTSOoMc#HVArlfKaeIiRbwsWPEUuZkxG,117.500000,947.000000,47.000000,0.576923,1,"
minimal: 0 / states: 125 / duration: 0.000152s
history:
/T2-F3-1 /T5-F2-1 /T6-T1-1 /T3-T1-1 /T0-T6-1 /T6-T0-2 /T6-F2-1 /T6-F3-1 /D:2     /W-T5-1  
/W-T5-1  /D:1     /W-F0-1  /T1-F0-1 /D:1     /W-T6-1  /T3-T6-1 /D:3     /W-T0-1  /D:1     
/W-F1-1  /D:1     /W-T4-1  /T1-T4-2 /T1-T2-1 /T2-T1-2 /T3-T2-1 /T3-F0-1 /T2-T0-2 /D:4     
/W-F1-1  /T4-F1-1 /T6-F1-1 /D:4     /W-F3-1  /D:2     /W-T0-1  /D:2     /W-T2-1  /D:1     
/W-T1-1  /T5-T1-3 /T5-T2-1 /T5-F3-1 /T5-T3-1 /T6-T5-2 /T4-T6-3 /T4-T1-1 /T4-T2-1 /T4-F0-1 
/T5-T0-3 /D:2     /W-T4-1  /R       /D:1     /W-T3-1  /D:1     /W-T4-1  /D:3     /W-F3-1  
/T0-T4-1 /T0-F3-1 /T6-T1-3 /T6-F3-1 /T6-F2-1 /T1-F2-1 /T1-F1-1 /T4-F2-1 /T4-F1-1 /D:1     
/W-T2-1  /W-T2-1  /D:1     /W-F2-1  /T0-F2-1 /T0-F3-1 /T1-T2-3 /T1-F3-1 /T4-T0-2 /D:1     
/W-F3-1  /D:1     /W-F0-1  /T2-F0-1 /T0-F0-1 /T2-F1-1 /T0-F1-1 /T2-F0-1 /W-F0-1  /T1-F0-1 
/T2-F1-1 /T2-T1-1 /T2-F3-1 /T0-T3-3 /T0-F3-1 /D:1     /W-F2-1  /T3-F2-1 /T1-F2-1 /T3-F1-1 
/T1-F1-1 /T3-F0-1 /T2-F0-1 /T0-F0-1 /T2-F3-1 /T3-F1-1 /D:1     /W-F2-1  /T1-F2-1 /T1-F1-1 
/T3-F2-1 
"
1020857,J#QB#uWj#EkbK#FVqlU#tapiOv#DrfxCMH#ScRmowATnZPYzgXGdLyeNIsh,147.500000,3202.000000,58.000000,0.539604,1,"
minimal: 0 / states: 129 / duration: 0.000163s
history:
/T5-T2-1 /T4-T2-1 /T3-T4-1 /T2-T4-3 /D:7     /W-F0-1  /T1-F0-1 /D:1     /W-T6-1  /D:1     
/W-F2-1  /D:7     /W-T4-1  /D:5     /W-F3-1  /T5-F3-1 /T6-T5-2 /T4-T6-6 /T5-T0-3 /T3-T5-1 
/T5-T1-2 /T5-F1-1 /T1-F1-1 /T0-T3-4 /T6-T0-7 /T6-F0-1 /T2-T6-1 /D:1     /W-T6-1  /D:1     
/W-T3-1  /W-T3-1  /T4-T3-1 /T2-T4-1 /D:1     /W-T6-1  /T5-T6-1 /R       /D:1     /W-T0-1  
/D:1     /W-F1-1  /D:2     /W-T2-1  /D:1     /W-F2-1  /T1-F2-1 /T3-F2-1 /D:2     /W-T5-1  
/D:1     /W-F3-1  /T1-F3-1 /D:2     /W-T1-1  /W-T1-1  /T6-T1-5 /T6-T1-1 /T6-F2-1 /T6-F0-1 
/D:1     /W-T4-1  /D:2     /W-F1-1  /T3-F1-1 /T1-F1-1 /T3-F2-1 /T1-F2-1 /T4-F1-1 /T1-F1-1 
/T4-F2-1 /T3-T4-2 /T3-F1-1 /T4-T3-3 /T0-T1-3 /T0-F2-1 /T0-F1-1 /T4-T3-1 /D:1     /W-T2-1  
/T3-T2-6 /T3-F0-1 /T2-F0-1 /D:1     /W-T5-1  /W-T5-1  /W-F2-1  /W-F3-1  /T1-F3-1 /T1-F0-1 
/T2-F3-1 /T1-F3-1 /T2-F0-1 /T1-F0-1 /T2-F3-1 /T1-F3-1 /T1-F2-1 /T2-F0-1 /T0-F0-1 /T2-F1-1 
/T0-F1-1 /T5-F3-1 /T1-F3-1 /T2-F0-1 /T0-F0-1 /T5-F2-1 /T1-F2-1 /T2-F1-1 /T5-F3-1 
"
1020864,P#Tg#iaN#RjzE#KUGLY#BQdIko#ClqmpeH#fJcbOVAuwtsyMFxWZDhSrvXn,97.000000,798.000000,37.000000,0.718750,1,"
minimal: 0 / states: 113 / duration: 0.000140s
history:
/T2-F3-1 /T2-F1-1 /T6-T2-1 /T5-T0-1 /T1-T2-1 /D:2     /W-T5-1  /T2-T5-3 /D:2     /W-F1-1  
/W-F1-1  /D:1     /W-F3-1  /D:2     /W-F0-1  /D:4     /W-T1-1  /T6-T1-1 /D:2     /W-T2-1  
/T4-T2-1 /T5-T4-5 /D:1     /W-T4-1  /D:1     /W-T2-1  /D:1     /W-T2-1  /T5-T2-1 /T5-F1-1 
/T6-T5-1 /T4-T6-7 /T5-T3-2 /T5-F0-1 /T6-T5-8 /T6-T1-1 /T0-T1-2 /D:1     /W-T0-1  /W-T0-1  
/D:2     /W-T2-1  /T4-T2-1 /D:1     /W-T2-1  /T3-T2-3 /T6-T3-1 /T6-F0-1 /T3-T6-2 /W-F0-1  
/W-T4-1  /D:2     /W-T3-1  /T4-T3-2 /T3-T4-4 /T1-T3-3 /T1-F1-1 /T3-T1-4 /T4-T6-5 /D:1     
/W-T0-1  /D:1     /W-F2-1  /T1-F2-1 /T1-F3-1 /T2-F2-1 /T1-F2-1 /T2-F3-1 /T1-F3-1 /T2-F0-1 
/T5-F0-1 /W-F2-1  /T1-F2-1 /T2-F3-1 /T1-F3-1 /T2-F0-1 /T6-F2-1 /T6-F3-1 /W-T0-1  /W-F2-1  
/T6-F2-1 /T0-F2-1 /W-F3-1  /W-F1-1  /T5-F1-1 /T2-F1-1 /T5-F0-1 /T2-F0-1 /T2-F3-1 /T5-F1-1 
/T5-F0-1 /T0-F3-1 /T6-F1-1 /T2-F2-1 /T5-F1-1 /T0-F2-1 /T6-F0-1 /T2-F3-1 /T5-F0-1 /T0-F3-1 
/T6-F1-1 /T2-F0-1 /T5-F1-1 /T6-F2-1 
"
1020887,z#jy#IhH#Dmoc#XNCJl#ixFgrb#suTwPAU#MVevqQtLaZSknEBYpWfdGRKO,135.000000,3244.000000,47.000000,0.723958,1,"
minimal: 0 / states: 121 / duration: 0.000153s
history:
/T4-T0-1 /D:2     /W-T4-1  /T2-T4-1 /D:5     /W-T2-1  /D:2     /W-F1-1  /T5-F1-1 /T3-F1-1 
/D:2     /W-T2-1  /T5-T2-1 /T5-T4-1 /T5-T4-1 /T5-T0-1 /D:1     /W-T1-1  /T4-T1-5 /D:1     
/W-F2-1  /T3-F2-1 /T1-T3-7 /T1-T0-1 /T3-T1-8 /D:4     /W-F2-1  /D:3     /W-T2-1  /T4-T2-1 
/T4-F3-1 /D:1     /W-T6-1  /W-T6-1  /D:1     /W-T1-1  /T3-T1-1 /D:2     /W-F3-1  /R       
/D:1     /W-T3-1  /D:2     /W-T0-1  /T6-T0-3 /T6-F0-1 /T6-F3-1 /T6-T4-1 /T5-T4-1 /D:1     
/W-F2-1  /D:1     /W-F3-1  /D:2     /W-T5-1  /W-T5-1  /T4-T5-3 /D:1     /W-T0-1  /T2-T0-2 
/T2-F2-1 /D:1     /W-F0-1  /T0-F0-1 /T0-F1-1 /T1-F0-1 /T0-F0-1 /T1-F3-1 /T2-F3-1 /W-F1-1  
/T0-F1-1 /T1-F0-1 /T0-F0-1 /T6-F3-1 /T6-T5-1 /T6-F2-1 /T1-F1-1 /T1-F0-1 /T2-F2-1 /T0-F3-1 
/T2-F1-1 /T2-F0-1 /T5-F2-1 /T0-F2-1 /T1-F3-1 /T5-F1-1 /T0-F1-1 /T1-F0-1 /T5-F2-1 /T1-F1-1 
/T0-F2-1 /T0-F1-1 /T1-F2-1 /T0-F2-1 /T1-F1-1 /D:1     /W-T3-1  /D:1     /W-F3-1  /T5-F3-1 
/T3-F3-1 /D:1     /W-F0-1  /T5-F0-1 /T3-F0-1 /T5-F3-1 
"
1020905,q#aP#bSI#QLhn#EeRZX#uFzTjw#GvspxAl#YmgOVMfoKUHBtydNrDiCJkcW,133.500000,1382.000000,50.000000,0.596591,1,"
minimal: 0 / states: 122 / duration: 0.000142s
history:
/T3-F2-1 /T5-T4-1 /T2-T5-1 /T3-T5-1 /T4-T3-2 /T1-T0-1 /T1-F1-1 /T4-T1-1 /T3-T1-3 /T0-T4-2 
/D:2     /W-T0-1  /D:3     /W-T1-1  /D:3     /W-F2-1  /D:1     /W-T6-1  /T5-T6-3 /D:2     
/W-T1-1  /T5-T1-1 /T6-T5-5 /T6-F0-1 /D:1     /W-F0-1  /D:1     /W-T5-1  /T2-T5-1 /T2-F1-1 
/T5-T2-8 /T4-T5-3 /T5-T1-4 /D:1     /W-T0-1  /D:2     /W-F3-1  /D:1     /W-T2-1  /W-T2-1  
/D:1     /W-T4-1  /D:2     /W-F0-1  /T4-F0-1 /D:2     /W-T0-1  /W-T0-1  /W-T0-1  /T5-T0-1 
/D:1     /W-F1-1  /T2-F1-1 /T4-F1-1 /T4-F0-1 /T3-T2-1 /D:1     /W-T6-1  /R       /D:2     
/W-T0-1  /D:1     /W-F3-1  /T1-F3-1 /T2-F3-1 /D:1     /W-T3-1  /W-T3-1  /T6-T3-2 /T6-F2-1 
/T1-F2-1 /T1-F3-1 /T1-F0-1 /T2-F2-1 /T2-F3-1 /T6-F2-1 /T1-F3-1 /T6-T3-1 /T2-F2-1 /T6-F0-1 
/T1-F0-1 /T2-T3-1 /T2-F0-1 /D:1     /W-F1-1  /T0-F1-1 /T0-F2-1 /T3-F1-1 /T0-F1-1 /T0-F0-1 
/T2-F1-1 /T0-F1-1 /T2-F0-1 /T2-F1-1 /T3-F2-1 /T1-T0-3 /T1-F0-1 /T0-T1-4 /T0-F1-1 /T3-T2-3 
/T3-F0-1 /D:1     /W-F3-1  /T1-F3-1 /T1-F2-1 /T2-F3-1 /T1-F3-1 /T2-F2-1 /T1-F2-1 /T2-F3-1 
/T1-F3-1 /T2-F2-1 
"
1020918,T#EV#xyn#esPj#zNmor#kFHcXu#UfOQwAJ#tiYahlKgBSvpWZDCqIGLRdbM,95.000000,1069.000000,44.000000,0.675676,1,"
minimal: 0 / states: 120 / duration: 0.000145s
history:
/T2-F2-1 /T5-T1-1 /T6-T5-1 /T6-F0-1 /T5-T2-2 /T1-T2-2 /T0-T2-1 /D:2     /W-T6-1  /D:2     
/W-F1-1  /D:5     /W-F0-1  /D:2     /W-T3-1  /D:3     /W-T0-1  /T2-T0-6 /T3-T2-2 /D:2     
/W-F0-1  /W-F0-1  /T1-F0-1 /D:6     /W-T4-1  /D:1     /W-F1-1  /T5-F1-1 /T5-T6-1 /T5-F0-1 
/T6-T5-3 /T4-F1-1 /T6-T4-1 /D:1     /W-T1-1  /R       /D:2     /W-T1-1  /T2-T1-3 /D:1     
/W-T1-1  /W-T1-1  /D:3     /W-T5-1  /D:1     /W-T1-1  /T4-T1-2 /T4-F2-1 /T4-T2-1 /T4-F3-1 
/T6-F3-1 /T3-F3-1 /T3-T0-1 /T1-F3-1 /T3-F1-1 /T6-F1-1 /T5-F1-1 /T1-T6-3 /T1-F1-1 /T6-T1-4 
/D:1     /W-F2-1  /D:2     /W-F2-1  /T1-F2-1 /T0-F2-1 /D:2     /W-F0-1  /T5-F0-1 /T5-F1-1 
/W-F0-1  /T0-T5-3 /T0-F0-1 /D:1     /W-T2-1  /T5-T2-5 /D:1     /W-F3-1  /T1-F3-1 /T1-F2-1 
/T2-F3-1 /T1-F3-1 /T2-F2-1 /T1-F2-1 /T1-F1-1 /T2-F3-1 /T2-F2-1 /T2-F1-1 /W-F3-1  /T0-F3-1 
/T1-F2-1 /T0-F2-1 /W-F0-1  /T1-F3-1 /T2-F0-1 /T0-F3-1 /W-F1-1  /T1-F0-1 /T2-F1-1 /T4-F2-1 
"
1021021,K#Mj#Ycy#fpiU#kHZaS#vQODJe#WTudFNq#nARsbPhLzwVBrCtgGXIloxEm,124.000000,1415.000000,49.000000,0.645349,1,"
minimal: 0 / states: 121 / duration: 0.000139s
history:
/T6-T5-1 /T6-F3-1 /T5-T6-2 /T1-T0-1 /D:1     /W-F2-1  /D:1     /W-F0-1  /D:4     /W-T6-1  
/D:5     /W-T5-1  /D:1     /W-F0-1  /D:1     /W-T4-1  /D:1     /W-F0-1  /D:1     /W-T3-1  
/T4-T3-2 /T4-F1-1 /T2-T4-1 /D:3     /W-T4-1  /T5-T4-2 /T5-F0-1 /T5-F3-1 /T5-T3-1 /T3-T5-5 
/T5-T0-6 /T4-T5-5 /T4-T3-1 /T6-F3-1 /T2-T6-1 /T0-F3-1 /T0-T2-7 /T2-T1-8 /D:3     /W-F2-1  
/D:2     /W-F0-1  /D:1     /W-T0-1  /R       /D:1     /W-F3-1  /D:2     /W-F1-1  /T6-F1-1 
/D:2     /W-T0-1  /T4-T0-1 /D:1     /W-T2-1  /D:1     /W-T0-1  /T3-T0-2 /T3-F2-1 /T6-F2-1 
/T1-F2-1 /T1-F3-1 /T3-T1-1 /D:1     /W-T0-1  /T6-T0-2 /T6-F1-1 /T0-F1-1 /T0-F0-1 /T1-F1-1 
/T6-T5-1 /T6-F3-1 /T0-F1-1 /W-F1-1  /W-F2-1  /T1-F2-1 /T5-F2-1 /T1-F3-1 /T1-F2-1 /T5-F3-1 
/T6-F3-1 /T0-T5-2 /T0-F2-1 /T5-T0-3 /T5-F3-1 /D:1     /W-F0-1  /T0-F0-1 /T0-F1-1 /T1-F1-1 
/D:1     /W-F0-1  /T0-F0-1 /T0-F1-1 /T1-F0-1 /T0-F0-1 /T1-F3-1 /T1-F0-1 /T5-T0-1 /T5-F3-1 
/D:1     /W-F1-1  /D:1     /W-F2-1  /T0-F2-1 /T0-F1-1 /T2-F2-1 
"
1021070,i#eu#Rtv#lhkp#ZBQnA#rLSEoM#ywaJKsU#xPICdbzgmNVfTHjcOWYDqXFG,146.000000,2191.000000,54.000000,0.640187,1,"
minimal: 0 / states: 119 / duration: 0.000134s
history:
/T4-F0-1 /T4-F2-1 /T6-T2-1 /T3-T4-1 /T1-T0-1 /T1-T6-1 /T5-T1-1 /T5-F2-1 /T4-T5-2 /T4-F0-1 
/T5-F2-1 /D:4     /W-F0-1  /D:4     /W-T0-1  /T6-T0-2 /D:2     /W-F3-1  /D:5     /W-T6-1  
/T2-T6-2 /T2-T6-1 /D:2     /W-F3-1  /D:2     /W-T1-1  /T6-T1-5 /T6-T3-1 /T6-F1-1 /T0-T3-5 
/D:1     /W-F0-1  /D:1     /W-F2-1  /D:3     /R       /D:2     /W-F3-1  /T5-F3-1 /T2-F3-1 
/T5-F0-1 /T5-F3-1 /T3-T5-7 /T5-T4-8 /T5-F2-1 /D:3     /W-F1-1  /D:1     /W-T0-1  /D:1     
/W-T2-1  /D:1     /W-T6-1  /D:1     /W-T1-1  /D:1     /W-F3-1  /T1-T3-2 /T1-F3-1 /T3-T1-3 
/T6-F3-1 /T3-T0-1 /D:2     /W-F1-1  /D:1     /W-F3-1  /D:1     /W-F3-1  /T1-T0-6 /T1-F3-1 
/T4-T2-8 /T4-F3-1 /D:1     /W-F0-1  /D:1     /W-F0-1  /W-F0-1  /W-F1-1  /T2-F1-1 /T0-F1-1 
/T2-F2-1 /T0-F2-1 /T2-F1-1 /T0-F1-1 /T2-F2-1 /T0-F2-1 /T2-F1-1 /T6-F2-1 /W-F0-1  /T0-F1-1 
/T2-F0-1 /T0-F0-1 /T2-F1-1 /T2-F0-1 /W-F2-1  /T0-F1-1 /T1-F0-1 /T6-F2-1 /T0-F2-1 /T2-F1-1 
"
1021104,X#md#wlc#trSA#JeqEM#uHfoZL#IRjFBap#xDhkKPTYUzQsbgOvCiyGWVNn,124.500000,3916.000000,53.000000,0.576923,1,"
minimal: 0 / states: 124 / duration: 0.000148s
history:
/T3-F0-1 /T6-T1-1 /T6-F1-1 /T6-F0-1 /T0-T5-1 /T4-T0-1 /T4-T3-1 /T2-T4-1 /T1-T3-2 /T5-T1-2 
/T2-T0-1 /T2-T1-1 /T5-T2-1 /T5-T4-1 /D:1     /W-T0-1  /D:12    /W-F1-1  /D:2     /W-T3-1  
/D:2     /W-F0-1  /D:1     /W-T1-1  /D:1     /W-T2-1  /D:2     /W-T0-1  /D:2     /W-F3-1  
/T3-F3-1 /D:1     /W-F2-1  /T4-F2-1 /T3-F2-1 /T4-F1-1 /T3-F1-1 /T4-F2-1 /T4-F1-1 /T5-F1-1 
/T5-T1-1 /W-T4-1  /T5-T4-1 /R       /D:1     /W-F0-1  /T3-F0-1 /T6-F0-1 /D:2     /W-T2-1  
/T4-T2-3 /D:2     /W-F3-1  /D:1     /W-T1-1  /D:3     /W-T4-1  /D:1     /W-F3-1  /D:1     
/W-T1-1  /D:1     /W-F1-1  /D:1     /W-T0-1  /W-T0-1  /W-T4-1  /W-T4-1  /T6-T4-1 /T6-F3-1 
/T3-F3-1 /T3-F2-1 /T1-F2-1 /T1-F3-1 /T3-F2-1 /T2-F2-1 /T0-F3-1 /T0-F2-1 /T2-F3-1 /T0-F3-1 
/W-F1-1  /T1-T2-2 /T1-F2-1 /T0-F2-1 /T1-F3-1 /T2-T1-4 /T2-F2-1 /T4-T0-2 /T4-F3-1 /T2-F3-1 
/T4-F2-1 /T6-T0-1 /D:1     /W-F0-1  /T1-F0-1 /T0-F0-1 /T1-F1-1 /T0-F1-1 /T1-F0-1 /T0-F0-1 
/T1-F1-1 /T0-F1-1 /T1-F0-1 /T0-F0-1 /T1-F1-1 
"
1021194,m#TA#oZL#PGji#CnQVz#UvXyar#edEYwgf#tqMHKFSxNbpulBkOsIRhcWDJ,68.500000,227.000000,41.000000,0.744792,0,"
minimal: 0 / states: 2413213 / duration: 4.976134s
history:
/T1-F0-1 /T5-T6-1 /T5-F1-1 /D:4     /W-T3-1  /D:5     /W-F3-1  /D:1     /W-F1-1  /T1-T3-1 
/T4-T1-1 /D:2     /W-T4-1  /D:1     /W-T1-1  /D:1     /W-F0-1  /D:1     /W-T5-1  /D:1     
/W-F3-1  /T5-T0-2 /T5-T2-1 /D:1     /W-T3-1  /D:2     /W-T3-1  /D:1     /W-T5-1  /D:1     
/W-F1-1  /D:2     /W-T3-1  /D:1     /W-T2-1  /R       /D:1     /W-T5-1  /T6-T5-2 /T6-T4-1 
/T4-T6-3 /T6-T0-4 /T4-T5-1 /T4-F2-1 /T4-F0-1 /T3-F0-1 /D:2     /W-T4-1  /T6-T4-1 /T6-F0-1 
/T6-F1-1 /D:1     /W-T4-1  /D:1     /W-F0-1  /T3-T2-5 /T3-T4-1 /T3-F0-1 /T3-F3-1 /T5-F3-1 
/T2-F3-1 /D:1     /W-F3-1  /T2-T0-1 /T2-F3-1 /T2-F0-1 /D:1     /W-T1-1  /D:2     /W-F0-1  
/T5-T4-5 /T5-F3-1 /T0-T2-3 /T0-F3-1 /T2-T0-4 /T2-F0-1 /D:1     /W-F3-1  /T2-F3-1 /T4-T1-6 
/T4-F0-1 /T2-F0-1 /T4-F3-1 /T2-F3-1 /T2-F2-1 /T4-F0-1 /R       /D:1     /W-T6-1  /D:1     
/W-F2-1  /T6-F2-1 /T1-F2-1 /T0-F2-1 /T6-F1-1 /T1-F1-1 /T0-F1-1 /T1-F2-1 /T0-F2-1 /T1-F1-1 
/T0-F1-1 /T1-F2-1 /T0-F2-1 /T1-F1-1 /T0-F1-1 /T1-F2-1 /T0-F2-1 /T1-F1-1 /T0-F1-1 /T1-F2-1 
"
1021221,A#jE#HQm#iGSy#DoxKf#TRqJXb#cwLWBFO#lnZIVPeksaCNMUtYpdhuzgvr,132.500000,2661.000000,59.000000,0.522222,1,"
minimal: 0 / states: 136 / duration: 0.000140s
history:
/T0-F0-1 /T3-T2-1 /T2-T0-2 /T1-T3-1 /T2-T3-1 /D:2     /W-F2-1  /D:2     /W-T1-1  /D:4     
/W-T0-1  /D:2     /W-F1-1  /T5-F1-1 /D:1     /W-T3-1  /T6-T3-1 /D:1     /W-F3-1  /T3-F3-1 
/D:2     /W-T1-1  /D:1     /W-T1-1  /T4-T1-1 /T1-T4-5 /W-T1-1  /D:1     /W-T1-1  /T4-T1-6 
/D:6     /W-T2-1  /T6-T2-1 /T6-F0-1 /T3-F0-1 /T6-T4-1 /T5-T6-1 /T5-T0-1 /D:1     /W-T4-1  
/D:1     /W-T1-1  /R       /D:3     /W-T0-1  /T2-T0-3 /W-T2-1  /T6-T2-2 /T6-T2-1 /T6-F1-1 
/D:1     /W-F3-1  /T3-F3-1 /D:1     /W-T0-1  /T5-T0-1 /T5-F3-1 /D:1     /W-T5-1  /D:2     
/W-F1-1  /D:1     /W-T4-1  /D:2     /W-T6-1  /R       /D:1     /W-T6-1  /T4-T6-4 /T4-F2-1 
/T4-F0-1 /T3-F0-1 /T3-F3-1 /T3-T6-1 /T0-T5-2 /T0-F0-1 /T6-F0-1 /T5-T0-3 /T5-F3-1 /T1-T6-3 
/T1-F3-1 /T0-T3-5 /T0-F3-1 /T3-T0-6 /D:1     /W-F2-1  /T0-F2-1 /T0-F1-1 /T6-F2-1 /T0-F2-1 
/T6-F1-1 /T0-F1-1 /T0-F0-1 /T6-F2-1 /T6-F1-1 /T1-F0-1 /T0-F1-1 /T0-F0-1 /T1-F1-1 /T0-F1-1 
/T1-F0-1 /T2-T0-2 /T2-F0-1 /T6-T1-3 /T6-F1-1 /T0-T2-3 /T0-F1-1 /T1-T6-4 /T1-F0-1 /D:1     
/W-F2-1  /T6-F2-1 /T2-F2-1 /T6-F3-1 /T2-F3-1 /T6-F2-1 /T2-F2-1 /T6-F3-1 /T2-F3-1 /T6-F2-1 
"
1021330,K#Yo#XID#mFAc#LVsGl#dxnBeM#QtRvfNw#rUhuObPEjagypCSqTZJWikHz,117.500000,1810.000000,42.000000,0.659091,1,"
minimal: 0 / states: 121 / duration: 0.000121s
history:
/T4-T5-1 /T3-T2-1 /T3-F0-1 /T1-T2-1 /T0-T1-1 /T5-T0-2 /T5-T3-1 /T5-F0-1 /T5-F2-1 /T2-F2-1 
/T2-T3-2 /T5-T0-1 /D:2     /W-T2-1  /T4-T2-1 /D:7     /W-T0-1  /T2-T0-3 /T6-T2-1 /T6-F3-1 
/T6-T0-1 /W-T0-1  /T5-T0-1 /D:1     /W-F1-1  /D:3     /W-F2-1  /D:1     /W-F0-1  /D:2     
/W-F2-1  /D:2     /W-T5-1  /D:2     /W-T1-1  /T6-T1-1 /T6-T4-1 /D:1     /W-T2-1  /D:2     
/W-T2-1  /D:1     /R       /D:1     /W-F2-1  /D:1     /W-T1-1  /T6-T1-1 /D:2     /W-F3-1  
/D:1     /W-F1-1  /T3-F1-1 /T0-F1-1 /T3-F0-1 /T3-F1-1 /T4-T3-1 /T4-F2-1 /T0-F0-1 /T0-F1-1 
/T1-F2-1 /W-F2-1  /D:1     /W-F3-1  /T6-F3-1 /T3-F3-1 /T3-F0-1 /T0-F0-1 /T2-F0-1 /D:1     
/W-F1-1  /T1-F1-1 /T2-F1-1 /T4-T2-1 /T1-F2-1 /T0-T1-2 /T0-F1-1 /T2-T4-3 /T4-T3-4 /D:1     
/W-T5-1  /D:1     /W-F3-1  /D:1     /W-F3-1  /T1-F3-1 /T1-F0-1 /T3-F3-1 /T1-F3-1 /T3-F2-1 
/T0-F2-1 /T3-F3-1 /T5-F2-1 /T1-T0-1 /T1-F3-1 /T5-F3-1 /D:1     /W-F0-1  /T0-F0-1 /T3-F0-1 
/D:1     /W-F1-1  /T0-F1-1 /T0-F0-1 /T3-F1-1 /D:1     /W-F2-1  
"
1021355,q#oB#CHp#jbuX#nSxlc#hIJdaN#RPEUOYM#yDfFtVrwKAvgLGZQiTsWkmze,128.000000,4009.000000,70.000000,0.500000,1,"
minimal: 0 / states: 136 / duration: 0.000147s
history:
/T5-F3-1  /T5-F1-1  /T4-T0-1  /T4-T6-1  /T2-T5-1  /T4-T6-1  /T1-T0-1  /D:7      /W-T4-1   /T5-T4-2  
/T5-T3-1  /W-T3-1   /T2-T3-1  /D:3      /W-F0-1   /T0-F0-1  /T1-T0-1  /T6-T1-3  /T2-F0-1  /W-T6-1   
/D:2      /W-T3-1   /D:3      /W-T2-1   /D:4      /W-T3-1   /D:1      /W-T1-1   /T5-T1-1  /T5-T1-1  
/D:2      /W-T5-1   /D:2      /W-T3-1   /T0-T3-3  /W-T0-1   /T6-T0-2  /T6-F3-1  /R        /D:1      
/W-T2-1   /T3-T2-10 /D:1      /W-F0-1   /D:3      /W-T1-1   /T4-T1-4  /T4-F2-1  /T2-F2-1  /T1-F2-1  
/D:3      /W-T5-1   /D:1      /W-T6-1   /D:3      /W-T3-1   /D:1      /W-T5-1   /R        /D:1      
/W-T6-1   /D:1      /W-T3-1   /D:1      /W-T5-1   /D:3      /W-T5-1   /T3-T5-3  /T3-F1-1  /T2-F1-1  
/T1-F1-1  /T2-F2-1  /T2-F1-1  /T1-F2-1  /T2-F2-1  /T6-F1-1  /T2-F1-1  /T1-T6-1  /T1-F2-1  /T1-F1-1  
/T6-T1-3  /T6-F0-1  /T6-F3-1  /W-F3-1   /T6-F3-1  /T1-F3-1  /T5-F0-1  /T1-F0-1  /T5-F3-1  /T1-F3-1  
/T2-F0-1  /T1-F0-1  /T5-F2-1  /T2-F3-1  /T5-F1-1  /T2-F0-1  /W-F2-1   /T1-F3-1  /T3-F1-1  /T0-F0-1  
/T5-F2-1  /T1-F2-1  /T2-F3-1  /T0-F3-1  /T5-F1-1  /T1-F1-1  /T2-F2-1  /T0-F2-1  /T5-F0-1  /T1-F0-1  
/T2-F3-1  /T5-F1-1  
"
1021381,W#vZ#ByM#TQtq#bAVpz#Sejxhn#OdslikI#DuYCKNHXUoGwPaFREJLfmcrg,126.000000,3409.000000,53.000000,0.591398,1,"
minimal: 0 / states: 128 / duration: 0.000124s
history:
/T5-F2-1 /T6-T0-1 /T5-T0-1 /T0-T5-3 /T4-T0-1 /D:3     /W-T0-1  /T5-T0-4 /D:3     /W-F3-1  
/D:4     /W-F2-1  /T4-F2-1 /T3-F2-1 /T3-T0-1 /D:2     /W-T6-1  /T4-T6-1 /T4-F0-1 /D:2     
/W-F1-1  /T4-F1-1 /T2-T4-1 /T6-T2-3 /T2-T1-4 /T2-F0-1 /T1-T2-5 /T1-T5-1 /D:6     /W-T0-1  
/D:1     /W-T1-1  /W-T1-1  /D:1     /W-F1-1  /D:1     /W-T0-1  /T3-T0-1 /D:1     /R       
/D:2     /W-T2-1  /T3-T2-1 /D:1     /W-F0-1  /W-F0-1  /D:2     /W-T6-1  /D:1     /W-T1-1  
/D:1     /W-T5-1  /D:1     /W-T5-1  /D:2     /W-T2-1  /D:1     /W-T2-1  /D:1     /W-F0-1  
/D:1     /W-T1-1  /T6-T1-2 /T6-T4-1 /T2-T6-1 /T2-F0-1 /T6-T2-2 /T6-F1-1 /T6-F3-1 /W-F3-1  
/T0-F3-1 /T0-F2-1 /T2-F3-1 /W-T4-1  /T5-T4-4 /T5-F1-1 /T0-F1-1 /T2-F2-1 /T5-F3-1 /T0-F2-1 
/T2-F3-1 /T4-F0-1 /T4-F3-1 /T1-F0-1 /T2-F2-1 /T2-F3-1 /T4-F2-1 /T2-F2-1 /T0-T4-2 /T0-F3-1 
/T0-F2-1 /T1-T2-2 /T1-F3-1 /T0-F3-1 /T2-T1-3 /T2-F2-1 /T0-F2-1 /T2-F3-1 /D:1     /W-F1-1  
/T4-F1-1 /T1-F1-1 /T4-F0-1 /T1-F0-1 /T4-F1-1 /T1-F1-1 /T4-F0-1 /T1-F0-1 /T4-F1-1 /T1-F1-1 
/T4-F0-1 
"
1021387,T#Gy#YbE#dqiU#Qvxga#ZCPJnF#KHsoSkt#DerXWRNLjBcAwuhpOIzVlfmM,38.500000,234.000000,8.000000,1.431034,1,"
minimal: 0 / states: 122 / duration: 0.000111s
history:
/T4-F1-1 /T6-T3-1 /T5-T0-1 /T5-F2-1 /T6-T1-1 /T6-T3-1 /T6-F2-1 /T5-T1-1 /T2-T3-1 /T2-F1-1 
/T6-T4-1 /T4-T6-2 /T4-T2-1 /T3-T4-4 /T3-T1-1 /T5-T3-1 /T6-T1-3 /D:2     /W-T0-1  /T3-T0-2 
/T5-T3-1 /T1-T5-7 /T3-T4-2 /D:3     /W-T2-1  /T4-T2-7 /D:1     /W-T5-1  /D:1     /W-F3-1  
/D:2     /W-T6-1  /D:1     /W-T0-1  /D:1     /W-F1-1  /T2-T4-1 /T2-F1-1 /T0-T5-3 /T0-F1-1 
/T4-T2-2 /D:1     /W-F0-1  /T5-F0-1 /T2-F0-1 /D:4     /W-F2-1  /D:1     /W-F3-1  /T5-F3-1 
/T2-F3-1 /T5-F2-1 /T5-F3-1 /D:1     /W-T6-1  /W-T6-1  /T1-T6-1 /D:1     /W-T1-1  /T2-T1-8 
/D:3     /W-F1-1  /D:1     /W-T2-1  /D:1     /W-T3-1  /W-T3-1  /T6-T3-5 /R       /D:1     
/W-F0-1  /T1-F0-1 /T0-F0-1 /T1-F3-1 /T3-F0-1 /T0-F3-1 /T1-T3-1 /T1-F3-1 /D:1     /W-F2-1  
/T5-F2-1 /T3-F2-1 /T5-F1-1 /T3-F1-1 /T5-F0-1 /T3-F0-1 /T5-F1-1 /T3-F1-1 /T5-F0-1 /T3-F0-1 
/T5-F1-1 /T3-F1-1 /T2-F1-1 /D:1     /W-T5-1  /D:1     /W-F0-1  /T3-F0-1 /D:1     /W-T5-1  
/D:1     /W-F2-1  /T1-F2-1 /T5-F2-1 /D:1     /W-F3-1  /T1-F3-1 /T1-F2-1 /T5-F3-1 /T1-F3-1 
/T5-F2-1 /T1-F2-1 /T5-F3-1 
"
1021392,l#in#SHd#esYO#ptXKa#rVPLfw#IkqzTDQ#jENxFcWCUBAZvRhgmybMJGuo,164.000000,2171.000000,52.000000,0.547872,1,"
minimal: 0 / states: 125 / duration: 0.000134s
history:
/T1-F2-1 /T4-F1-1 /T4-T0-1 /T5-T4-1 /T1-T4-1 /D:1     /W-T0-1  /D:1     /W-T5-1  /T6-T5-1 
/D:1     /W-F3-1  /T3-F3-1 /D:1     /W-T3-1  /D:2     /W-T6-1  /D:1     /W-T3-1  /D:1     
/W-T2-1  /D:2     /W-T6-1  /D:1     /W-F0-1  /T6-F0-1 /T2-F0-1 /D:1     /W-T1-1  /D:1     
/W-T0-1  /W-T0-1  /D:5     /W-T1-1  /T4-T1-3 /T5-T4-3 /T4-T0-4 /T4-T0-1 /W-T4-1  /T5-T4-1 
/T5-F3-1 /T0-T2-1 /T0-F3-1 /T2-T0-2 /T2-T1-1 /W-T1-1  /D:1     /W-F1-1  /T6-F1-1 /T6-F0-1 
/D:4     /W-T5-1  /T6-T5-1 /T3-T6-3 /T3-T1-1 /T3-T1-1 /T6-T3-4 /T6-T1-1 /T6-T4-1 /T6-T3-1 
/D:1     /W-F2-1  /T0-F2-1 /T0-F1-1 /T0-F0-1 /T1-F2-1 /T1-F1-1 /T0-F1-1 /T1-T5-1 /T1-F1-1 
/T2-T0-1 /R       /D:1     /W-F0-1  /D:1     /W-F3-1  /T0-F3-1 /D:1     /W-F1-1  /D:1     
/W-T2-1  /T0-T2-6 /D:1     /W-T4-1  /T5-T4-4 /T5-F2-1 /T4-F2-1 /T2-F2-1 /T4-F3-1 /T4-F2-1 
/T2-F3-1 /T2-F2-1 /T4-F3-1 /T1-T4-2 /T1-F2-1 /T3-T2-1 /T3-F3-1 /T1-F3-1 /T3-F2-1 /T1-F2-1 
/T3-F3-1 /T1-F3-1 /T3-F2-1 /D:1     /W-F0-1  /T4-F0-1 /T2-F0-1 /T4-F1-1 /T2-F1-1 /T4-F0-1 
/T2-F0-1 /T4-F1-1 /T2-F1-1 /T4-F0-1 /T2-F0-1 /T4-F1-1 
"
1021407,I#La#Ezo#wusW#itUMJ#dZmFNX#KGQYlHp#fhRSvPbCgkTBVDOjqxAnecry,102.000000,1332.000000,44.000000,0.597561,1,"
minimal: 0 / states: 126 / duration: 0.000125s
history:
/T1-F1-1 /T5-T1-1 /T5-F3-1 /T4-T1-1 /T0-T3-1 /T4-T0-1 /T4-T3-1 /T4-T3-1 /T4-T1-1 /D:1     
/W-T3-1  /D:2     /W-T5-1  /D:4     /W-F1-1  /D:7     /W-T5-1  /D:1     /W-F3-1  /D:4     
/W-F0-1  /D:1     /W-F2-1  /T2-F2-1 /T6-F2-1 /T6-T1-1 /T6-T0-1 /T6-T2-1 /T2-T4-2 /T6-T2-1 
/W-T0-1  /T3-T0-5 /W-F2-1  /T2-T0-2 /D:1     /W-T3-1  /D:1     /W-F1-1  /D:1     /W-F2-1  
/D:1     /R       /D:2     /W-T6-1  /D:2     /W-F3-1  /T0-F3-1 /T5-T3-1 /T5-F3-1 /T3-T5-2 
/T3-F2-1 /T6-F3-1 /T0-T6-2 /T0-F2-1 /T3-F2-1 /T6-T0-3 /W-F2-1  /T3-F2-1 /T0-T6-6 /T0-F2-1 
/T6-T0-7 /D:2     /W-T1-1  /T5-T1-3 /T5-T2-1 /T5-T3-1 /T5-F1-1 /T1-T2-9 /D:2     /W-F3-1  
/D:1     /W-F0-1  /D:3     /W-F2-1  /R       /D:2     /W-F0-1  /T2-F0-1 /T0-F0-1 /T2-F1-1 
/T0-F1-1 /T2-F0-1 /T0-F0-1 /T0-F3-1 /T2-F1-1 /T2-F0-1 /W-F1-1  /T0-F0-1 /T2-F1-1 /T2-F0-1 
/D:2     /W-F3-1  /T0-F3-1 /T2-F3-1 /T0-F0-1 /T4-F3-1 /T2-F0-1 /T3-F3-1 /T4-F2-1 /D:1     
/W-F1-1  /W-F1-1  /T0-F1-1 /T0-F0-1 /T2-F1-1 
"
1021439,A#cC#EDx#LGWN#YKOmh#QepZaX#orTMqVz#wPynidfUjsgHktRbBJFvluSI,169.000000,5079.000000,65.000000,0.540541,1,"
minimal: 0 / states: 135 / duration: 0.000136s
history:
/T0-F0-1 /T3-F3-1 /T6-T0-1 /T3-T2-1 /T3-T4-1 /T5-T3-1 /T5-F1-1 /T3-T5-2 /T5-T3-3 /D:1     
/W-T3-1  /T6-T3-1 /D:1     /W-T6-1  /D:2     /W-F2-1  /D:3     /W-T4-1  /D:5     /W-T3-1  
/W-T3-1  /W-T3-1  /D:3     /W-T3-1  /T6-T3-2 /D:1     /W-F1-1  /D:1     /W-F0-1  /T1-F0-1 
/T1-F1-1 /T6-T1-1 /D:2     /W-T6-1  /D:1     /W-T2-1  /T4-T2-3 /D:1     /W-T0-1  /T2-T0-6 
/T2-F0-1 /T2-T0-1 /T4-T2-1 /T4-F3-1 /T0-F0-1 /T3-F3-1 /T6-F0-1 /D:3     /R       /D:1     
/W-T2-1  /D:2     /W-F1-1  /D:2     /W-T4-1  /D:1     /W-T2-1  /D:2     /W-T2-1  /D:3     
/W-T4-1  /R       /D:1     /W-T2-1  /D:1     /W-T4-1  /D:1     /W-T4-1  /T0-T4-1 /T0-F0-1 
/D:1     /W-T2-1  /T6-T2-1 /T6-T4-1 /T6-F2-1 /T5-F2-1 /T3-F2-1 /T5-F1-1 /T5-F3-1 /T3-F3-1 
/T4-F2-1 /T3-F2-1 /T4-F1-1 /T3-F1-1 /T0-F1-1 /T3-F0-1 /T4-F2-1 /T4-T0-1 /T4-F0-1 /T2-T3-2 
/T2-F1-1 /T2-F0-1 /T4-F1-1 /T4-F0-1 /T2-F1-1 /T0-T4-4 /T0-F1-1 /T3-T2-5 /T3-F0-1 /T1-F0-1 
/T2-T3-6 /T2-F1-1 /T4-T0-5 /D:1     /W-F3-1  /T3-F3-1 /T0-F3-1 /T3-F2-1 /T0-F2-1 /T3-F3-1 
/T0-F3-1 /T3-F2-1 /T0-F2-1 /T3-F3-1 /T0-F3-1 /T3-F2-1 /T0-F2-1 /T3-F3-1 
"
1021441,C#fX#umx#cASw#YHrov#ejWznb#tDdUJay#RiLGOIkplsVZEghPKNTMQFBq,151.500000,2716.000000,72.000000,0.466981,1,"
minimal: 0 / states: 136 / duration: 0.000137s
history:
/T5-T0-1 /T5-F2-1 /T3-T1-1 /T1-T6-2 /D:2     /W-T6-1  /D:7     /W-T5-1  /T2-T5-1 /T6-T2-4 
/T6-F1-1 /T0-F1-1 /D:2     /W-T6-1  /D:2     /W-T1-1  /D:2     /W-T4-1  /D:3     /W-F3-1  
/D:3     /W-T1-1  /T0-T1-1 /T5-T0-3 /T4-T5-2 /T4-F2-1 /T4-T3-1 /T5-T0-3 /T4-T2-1 /D:3     
/R       /D:3     /W-T0-1  /T3-T0-2 /T3-F0-1 /T3-F1-1 /T2-T3-6 /T2-T6-1 /D:1     /W-F3-1  
/D:1     /W-T5-1  /D:2     /W-F2-1  /D:2     /W-T2-1  /D:1     /W-T3-1  /W-T3-1  /D:1     
/W-F3-1  /D:1     /W-T4-1  /T5-T4-2 /T5-T3-1 /D:1     /W-T6-1  /D:1     /W-T5-1  /T4-T5-4 
/D:1     /W-T6-1  /D:1     /W-F0-1  /T1-F0-1 /T1-F3-1 /D:1     /W-F2-1  /T0-F2-1 /T3-T6-1 
/T3-F2-1 /R       /D:1     /W-F3-1  /T0-F3-1 /T6-T3-2 /T6-F3-1 /T1-T0-2 /D:1     /W-T2-1  
/D:1     /W-T2-1  /T6-T2-3 /T6-F3-1 /T6-F1-1 /T6-F0-1 /T0-F0-1 /T3-F1-1 /T0-F1-1 /T3-F0-1 
/T0-F0-1 /T3-F1-1 /T3-F0-1 /T6-F2-1 /T0-F1-1 /T2-F2-1 /T0-F2-1 /T2-F3-1 /T3-F1-1 /T3-F2-1 
/T5-F0-1 /T0-F3-1 /T2-F0-1 /T3-F3-1 /T5-F1-1 /T0-F2-1 /T2-F1-1 /T3-F2-1 /T5-F0-1 /T0-F1-1 
/T2-F0-1 /T3-F1-1 /T5-F3-1 /T0-F2-1 /T2-F3-1 /T5-F0-1 
"
1021476,a#mU#rMC#JoAq#Fygsn#keZWjT#HvKDzxE#XVOQdBYpwtPcLiluhRSbfGNI,150.500000,2821.000000,48.000000,0.591398,1,"
minimal: 0 / states: 129 / duration: 0.000131s
history:
/T0-F1-1 /T4-F2-1 /T4-T5-1 /D:3     /W-T2-1  /D:1     /W-T6-1  /T2-T6-2 /T2-T0-1 /D:1     
/W-T2-1  /D:2     /W-T0-1  /D:1     /W-T2-1  /D:2     /W-T1-1  /D:1     /W-T3-1  /D:7     
/W-T5-1  /T3-T5-2 /T3-F0-1 /T3-F2-1 /T2-F2-1 /D:1     /W-T1-1  /T6-T1-4 /T6-T0-1 /D:1     
/W-F1-1  /D:3     /W-F3-1  /T1-F3-1 /T5-F3-1 /T5-F2-1 /T1-T2-1 /T1-F3-1 /T5-F3-1 /T2-T1-2 
/T2-F2-1 /T6-T2-1 /F3-T5-1 /T6-T5-1 /D:1     /R       /D:2     /W-T3-1  /D:1     /W-F0-1  
/T1-F0-1 /T5-F0-1 /T5-F3-1 /T5-F2-1 /D:2     /W-F1-1  /T1-F1-1 /T1-F0-1 /T1-F3-1 /T5-F3-1 
/T5-T0-1 /T5-T6-1 /T1-F2-1 /T1-F3-1 /T3-F3-1 /T6-F3-1 /D:1     /W-T1-1  /D:1     /W-T3-1  
/D:1     /W-T2-1  /T6-T2-1 /T6-T0-1 /T4-T6-1 /T4-T5-1 /T4-T6-1 /T5-T4-2 /T5-F1-1 /T6-F0-1 
/W-T5-1  /W-F3-1  /T5-T1-2 /T6-T3-2 /D:1     /W-F2-1  /T0-F2-1 /T1-F2-1 /T0-T2-1 /T0-F2-1 
/T0-F3-1 /T4-F2-1 /T4-F3-1 /T2-T0-3 /T2-F2-1 /T3-T1-4 /D:2     /W-F1-1  /T1-F1-1 /W-F1-1  
/D:1     /W-F0-1  /T1-F0-1 /T1-F1-1 /T0-F1-1 /D:1     /W-F0-1  /T1-F0-1 /T0-F0-1 /T1-F1-1 
/T0-F1-1 /T1-F0-1 /T0-F0-1 /T1-F1-1 
"
1021499,M#sd#xbN#qhIz#yEVFe#CLQBHW#JGXrfAO#wuYRUvkKoZlSncmPTapgDijt,125.000000,1840.000000,48.000000,0.580247,1,"
minimal: 0 / states: 128 / duration: 0.000125s
history:
/T2-F3-1 /T6-F3-1 /T6-F0-1 /D:3     /W-T0-1  /D:3     /W-T5-1  /W-T5-1  /D:2     /W-T0-1  
/T5-T0-3 /D:3     /W-T3-1  /D:2     /W-F2-1  /D:3     /W-F3-1  /D:1     /W-T5-1  /D:1     
/W-F1-1  /T2-F1-1 /T2-T3-1 /T3-T2-3 /D:1     /W-T1-1  /D:2     /W-T4-1  /D:2     /W-T2-1  
/T3-T2-1 /T3-T2-1 /D:1     /W-T0-1  /T6-T0-1 /T6-T0-1 /T1-T0-2 /T4-T1-2 /T4-T5-1 /T5-T4-3 
/T5-F0-1 /T5-F3-1 /T6-T5-1 /T6-T2-1 /T4-T6-4 /T6-T5-5 /R       /D:3     /W-F3-1  /D:2     
/W-F2-1  /T0-F2-1 /T3-F2-1 /T0-T4-1 /T0-F2-1 /T4-T0-2 /T1-T5-2 /T1-F2-1 /T0-T2-3 /T0-F2-1 
/W-T4-1  /W-F2-1  /W-T4-1  /D:1     /W-T1-1  /T5-T1-9 /T5-F0-1 /T1-F0-1 /D:1     /W-F3-1  
/D:1     /W-F1-1  /T2-F1-1 /T1-F1-1 /T2-F0-1 /T1-F0-1 /T1-F3-1 /T2-F1-1 /T2-F0-1 /T0-F3-1 
/T0-F2-1 /T1-F0-1 /T1-F3-1 /T0-F3-1 /T4-F2-1 /T1-T4-1 /T1-F3-1 /T2-T0-3 /T2-F2-1 /T0-T2-4 
/T0-F3-1 /T4-T1-2 /T4-F2-1 /T2-T0-5 /T2-F2-1 /D:1     /W-T2-1  /T1-T2-3 /T1-F3-1 /D:1     
/W-F1-1  /T0-F1-1 /T0-F0-1 /T2-F0-1 /D:1     /W-F1-1  /T0-F1-1 /T0-F0-1 /T2-F1-1 /T0-F1-1 
/T2-F0-1 /T0-F0-1 /T2-F1-1 
"
1021553,M#ja#siL#yzUq#JBWTx#QSOdwu#ChrAYpX#GeZkfNcPHoEngbKFtVImlRvD,127.500000,2215.000000,46.000000,0.586207,1,"
minimal: 0 / states: 121 / duration: 0.000126s
history:
/T1-F1-1 /T6-T2-1 /T1-T4-1 /D:3     /W-T1-1  /T2-T1-2 /T5-T2-1 /T5-T1-1 /T6-T5-1 /T4-T6-2 
/T6-T0-3 /T6-F0-1 /T4-T2-1 /T5-T6-2 /T5-T6-1 /T6-T5-4 /T2-T1-3 /W-T2-1  /T3-T2-1 /W-T3-1  
/T5-T3-5 /T2-T1-3 /D:3     /W-F3-1  /T3-F3-1 /D:1     /W-T1-1  /D:1     /W-F3-1  /T5-F3-1 
/D:2     /W-T1-1  /D:2     /W-F2-1  /T1-F2-1 /T3-F2-1 /D:2     /W-F1-1  /T1-F1-1 /T1-F2-1 
/T3-F1-1 /T3-F2-1 /T1-F1-1 /T1-F2-1 /D:2     /W-T1-1  /D:1     /W-F2-1  /D:2     /W-T0-1  
/T3-T0-3 /T3-T2-1 /D:1     /W-T5-1  /T3-T5-1 /D:1     /W-T2-1  /D:1     /W-F3-1  /T0-F3-1 
/D:1     /W-T4-1  /T6-T4-1 /D:1     /R       /D:1     /W-T5-1  /D:1     /W-F1-1  /D:3     
/W-F1-1  /T4-F1-1 /D:1     /W-T2-1  /T4-T2-2 /T4-F0-1 /T6-F0-1 /T4-T5-1 /D:1     /W-T5-1  
/T1-T5-3 /T1-F1-1 /D:1     /W-F0-1  /W-F0-1  /T5-F0-1 /T0-F0-1 /T5-F3-1 /T0-F3-1 /T5-F2-1 
/T2-F2-1 /W-F0-1  /T0-F0-1 /T0-F1-1 /T5-F3-1 /T1-F2-1 /T2-F3-1 /T0-F2-1 /T5-F0-1 /T1-F3-1 
/T2-F0-1 /T0-F3-1 /T5-F1-1 /T1-F0-1 /T2-F1-1 /T0-F0-1 /T5-F2-1 /T1-F3-1 /T2-F2-1 /T5-F1-1 
"
1021584,b#IY#wyc#eKgN#nWizP#vMSRZf#GFsoLCa#xUVDHXBhJruqpmEltAOTdQkj,102.500000,2702.000000,49.000000,0.601190,1,"
minimal: 0 / states: 120 / duration: 0.000123s
history:
/T3-F3-1 /T6-F1-1 /T0-F1-1 /T2-F1-1 /D:1     /W-T1-1  /D:5     /W-T2-1  /D:1     /W-T4-1  
/D:2     /W-T2-1  /D:1     /W-T5-1  /D:4     /W-T0-1  /T2-T0-3 /D:4     /W-F0-1  /T4-F0-1 
/T6-F0-1 /D:1     /W-F3-1  /T4-F3-1 /T1-T4-2 /D:2     /W-F1-1  /D:1     /W-F3-1  /D:1     
/W-T6-1  /T2-T6-1 /T4-T2-3 /T4-T0-1 /T4-T2-1 /T4-F2-1 /T1-T2-1 /D:1     /R       /D:1     
/W-T2-1  /D:1     /W-T6-1  /D:1     /W-F0-1  /D:1     /W-T0-1  /T3-T0-1 /D:2     /W-T6-1  
/D:3     /W-F0-1  /D:2     /W-T2-1  /T5-T2-2 /T5-T1-1 /T5-F3-1 /T5-F3-1 /T6-T1-5 /T6-F2-1 
/T6-T0-1 /T6-F0-1 /T5-T4-1 /W-T4-1  /W-F2-1  /W-F2-1  /T2-F2-1 /T3-T4-1 /T3-F1-1 /T0-F2-1 
/T2-F1-1 /T0-F1-1 /T2-F2-1 /T6-F0-1 /W-F1-1  /T0-F0-1 /T0-F1-1 /T1-F2-1 /T5-F2-1 /T1-T0-1 
/T1-F2-1 /T2-T4-3 /T2-F2-1 /D:1     /W-F3-1  /T4-F3-1 /T0-F3-1 /T4-F0-1 /T0-F0-1 /T4-F3-1 
/T0-F3-1 /T0-F2-1 /T2-F3-1 /T2-F2-1 /T4-F0-1 /T1-T0-2 /T1-F3-1 /D:1     /W-F1-1  /T0-F1-1 
/T0-F0-1 /T4-F1-1 /T0-F1-1 /T4-F0-1 
"
1021617,x#eM#nGP#Jrjy#tfwgz#kLTAqU#OWldQmX#REHchZKpsoDIYCbSNFaVuviB,138.500000,2226.000000,50.000000,0.540698,1,"
minimal: 0 / states: 129 / duration: 0.000125s
history:
/T6-T3-1  /T3-T6-2  /T3-T0-1  /D:10     /W-T2-1   /D:2      /W-T0-1   /T5-T0-1  /T2-T5-2  /T2-T0-1  
/T2-F2-1  /T5-F2-1  /T6-T2-3  /T6-T3-1  /D:1      /W-T1-1   /T0-T1-5  /T4-T0-1  /D:1      /W-T3-1   
/D:1      /W-T3-1   /D:1      /W-T1-1   /T3-T1-4  /T3-T2-1  /T1-T3-12 /T5-T1-2  /T5-F0-1  /D:1      
/W-F3-1   /D:1      /W-T4-1   /T1-T4-3  /D:1      /W-F1-1   /T3-F1-1  /D:1      /W-T2-1   /D:1      
/W-T2-1   /T4-T2-5  /D:2      /W-T4-1   /D:1      /W-F0-1   /T3-F0-1  /R        /D:3      /W-T4-1   
/T5-T4-1  /D:1      /W-F1-1   /T6-F1-1  /T6-T0-1  /D:2      /W-T1-1   /T5-T1-1  /T4-T5-4  /T5-T1-5  
/D:1      /W-T0-1   /T6-T0-1  /T6-F3-1  /T2-F3-1  /T3-F3-1  /D:1      /W-F2-1   /T2-F2-1  /T3-F2-1  
/T2-F1-1  /T4-F1-1  /T2-T1-1  /T2-F1-1  /W-F1-1   /W-T3-1   /W-F3-1   /D:1      /W-F2-1   /T4-F2-1  
/T2-F2-1  /T1-T2-3  /T1-F1-1  /T3-T0-5  /T3-F1-1  /D:1      /W-F0-1   /T0-F0-1  /T0-F3-1  /T2-F0-1  
/T0-F0-1  /T2-F3-1  /T0-F3-1  /T2-F0-1  /T0-F0-1  /T2-F3-1  /T2-F0-1  /T0-F3-1  /T0-F0-1  /T2-F3-1  
/T1-T2-2  /T1-F0-1  /T3-T0-1  /T3-F3-1  /T1-F3-1  /T3-F0-1  /D:1      /W-F2-1   /T2-F2-1  /T0-F2-1  
/T2-F1-1  /T0-F1-1  /T2-F2-1  /T0-F2-1  /T2-F1-1  
"
1021658,D#TL#pvH#cWUV#sOtNX#xoRYCm#bGQzSaJ#wPrqjnuBgKZkhAfIliEdMeyF,122.000000,4853.000000,79.000000,0.406250,1,"
minimal: 0 / states: 158 / duration: 0.000139s
history:
/T6-T4-1 /T6-F1-1 /T4-T1-2 /T4-F3-1 /T6-T4-1 /T3-T1-1 /T2-T1-1 /T3-T2-1 /T4-T2-2 /T4-F3-1 
/T1-T5-5 /T2-T3-4 /T1-T5-1 /T5-T1-7 /T4-T1-1 /T6-T4-1 /T5-T6-1 /T5-T4-1 /T5-T1-1 /T0-T1-1 
/D:2     /W-T1-1  /T5-T1-1 /T3-T5-5 /T1-T3-1 /T1-F3-1 /T3-T1-2 /T5-T4-6 /D:1     /W-T4-1  
/T6-T4-2 /D:3     /W-F2-1  /T1-F2-1 /T2-F2-1 /D:2     /W-T1-1  /D:3     /W-T0-1  /D:3     
/W-F0-1  /T1-F0-1 /T4-F0-1 /T4-F3-1 /D:1     /W-T6-1  /D:4     /W-T6-1  /D:1     /W-T4-1  
/D:1     /W-T2-1  /D:2     /W-T0-1  /D:1     /R       /D:2     /W-F2-1  /T4-T6-1 /T4-F2-1 
/D:5     /W-T0-1  /D:3     /W-T2-1  /D:3     /R       /D:1     /W-T0-1  /D:4     /W-T2-1  
/D:3     /W-T0-1  /D:2     /R       /D:1     /W-T2-1  /D:1     /W-T0-1  /D:1     /W-T0-1  
/D:2     /W-T2-1  /W-T2-1  /T6-T2-4 /T6-F1-1 /T1-F1-1 /T1-F0-1 /T1-F3-1 /T2-F1-1 /T2-F0-1 
/T4-F3-1 /T1-F2-1 /T1-F3-1 /T4-F2-1 /T4-F3-1 /T0-T1-1 /T0-F2-1 /T4-F2-1 /T1-T0-2 /T1-F3-1 
/T4-F3-1 /T0-T1-3 /T0-F2-1 /T4-F2-1 /T1-T0-4 /T1-F3-1 /T4-F3-1 /T0-T1-5 /T0-F2-1 /T0-F3-1 
/T4-F2-1 /D:1     /W-F1-1  /T2-F1-1 /T1-F1-1 /D:1     /W-F0-1  /T2-F0-1 /T1-F0-1 /T2-F1-1 
/T1-F1-1 /T2-F0-1 /T1-F0-1 /T2-F1-1 /T1-F1-1 /T2-F0-1 /T1-F0-1 /T2-F1-1 /T1-F1-1 /T2-F0-1 
"
1021678,M#kl#CZO#aFRA#JnDKT#bzuNwy#frpXxLv#sdEqGogYBSHmQihePWVUItjc,98.000000,858.000000,40.000000,0.731884,1,"
minimal: 0 / states: 119 / duration: 0.000123s
history:
/T3-F0-1 /T1-T0-1 /T1-T5-1 /D:1     /W-T4-1  /T3-T4-1 /D:3     /W-T4-1  /D:5     /W-F0-1  
/D:3     /W-T1-1  /T5-T1-2 /T5-T1-1 /T5-F3-1 /T2-F3-1 /T4-T5-4 /T4-T0-1 /D:2     /W-T1-1  
/T5-T1-5 /D:1     /W-T6-1  /D:1     /W-T3-1  /T4-T3-1 /T4-F2-1 /D:1     /W-F3-1  /W-F3-1  
/D:1     /W-T0-1  /T6-T0-2 /T6-T2-1 /D:1     /W-T4-1  /W-T4-1  /D:3     /W-T0-1  /D:1     
/W-T6-1  /W-T6-1  /W-T6-1  /W-T0-1  /W-T5-1  /T6-T5-4 /T6-T2-1 /T4-T2-3 /T2-T4-6 /W-T4-1  
/W-F2-1  /T6-F2-1 /T3-T4-3 /T3-F1-1 /T5-T3-6 /T5-F1-1 /T2-F0-1 /T6-T0-1 /T1-F2-1 /T0-F2-1 
/T1-F3-1 /T0-F3-1 /T1-F2-1 /T0-F2-1 /T1-F3-1 /T1-F2-1 /T3-F3-1 /T4-F0-1 /T0-T3-1 /T0-F2-1 
/T4-T1-4 /T4-F3-1 /T0-F3-1 /T1-T4-5 /T1-F2-1 /T3-T0-3 /T3-F2-1 /T4-T1-6 /T4-F3-1 /T3-F3-1 
/T1-T4-7 /T1-F2-1 /T3-F2-1 /T4-T1-8 /T4-F3-1 /W-T0-1  /W-F0-1  /T6-T0-1 /D:1     /W-F1-1  
/W-F1-1  /T1-F1-1 /T0-F1-1 /T1-F0-1 /T0-F0-1 /T1-F1-1 /T0-F1-1 /T1-F0-1 /T0-F0-1 /T1-F1-1 
/T0-F1-1 /T1-F0-1 /T0-F0-1 /T1-F1-1 /T0-F1-1 /T1-F0-1 /T0-F0-1 /T1-F1-1 
"
1021700,m#Yj#TCf#Soza#yqVDA#MUubJH#IkOQLWe#BwdrxnhpGKtlgZciRsFPXNvE,114.000000,2516.000000,54.000000,0.712871,1,"
minimal: 0 / states: 122 / duration: 0.000139s
history:
/T3-F1-1 /T4-F0-1 /T4-T6-1 /T5-T4-1 /T4-T5-2 /D:1     /W-F0-1  /D:3     /W-T2-1  /W-T2-1  
/D:2     /W-F2-1  /D:2     /W-T2-1  /D:4     /W-T3-1  /D:1     /W-T5-1  /D:2     /W-T4-1  
/D:3     /W-T5-1  /T6-T5-2 /D:2     /W-T5-1  /D:2     /W-F3-1  /D:1     /W-T1-1  /D:1     
/R       /D:2     /W-T3-1  /T6-T3-1 /T6-T0-1 /D:1     /W-T1-1  /D:1     /W-T1-1  /T2-T1-4 
/T2-F0-1 /D:6     /W-T2-1  /W-T2-1  /T4-T2-2 /D:1     /W-T0-1  /T5-T0-8 /T5-F1-1 /T2-T5-5 
/T3-T2-4 /T3-F2-1 /T5-F1-1 /T1-F2-1 /T1-F1-1 /T6-T1-1 /T6-F3-1 /T0-F3-1 /T0-F0-1 /T1-F3-1 
/T5-F2-1 /T0-F1-1 /T1-F2-1 /T5-F3-1 /T0-F2-1 /T6-T4-1 /T1-F1-1 /T0-F1-1 /T3-F3-1 /T6-T2-1 
/D:1     /W-F0-1  /T5-F0-1 /T1-F0-1 /T5-F3-1 /T0-F0-1 /T5-T0-1 /T5-F3-1 /T1-F1-1 /T2-F0-1 
/W-F1-1  /T1-T2-1 /T1-F1-1 /T4-F1-1 /T2-T1-3 /T2-F1-1 /W-T3-1  /W-F2-1  /T0-F2-1 /T0-F3-1 
/T0-F0-1 /T1-F2-1 /T1-F3-1 /W-F0-1  /W-F2-1  /T0-F3-1 /T0-F0-1 /T1-F2-1 /T1-F3-1 /T4-F2-1 
/T0-F1-1 /T2-F2-1 /T3-F3-1 /T5-F0-1 
"
1021702,c#ha#GUk#vmCE#ezdMV#XKyFxu#WDBnLQA#ZilrwoRPgIpTOstSqJHjNYfb,128.000000,2166.000000,52.000000,0.700000,1,"
minimal: 0 / states: 118 / duration: 0.000137s
history:
/T1-F1-1 /T6-F0-1 /T5-T4-1 /T6-T3-1 /T2-T6-1 /D:5     /W-T6-1  /T4-T6-2 /D:1     /W-T0-1  
/D:3     /W-T6-1  /D:2     /W-T3-1  /D:2     /W-T3-1  /D:1     /W-T6-1  /D:1     /W-T1-1  
/D:1     /W-T1-1  /T3-T1-4 /D:4     /W-T5-1  /D:1     /W-F3-1  /T1-F3-1 /D:1     /W-T4-1  
/T5-T4-2 /D:2     /W-F1-1  /R       /D:5     /W-T5-1  /D:1     /W-F3-1  /D:1     /W-T4-1  
/T2-T4-1 /T2-T4-1 /T4-T2-7 /T3-T4-1 /T6-T3-7 /T6-F2-1 /T0-F2-1 /T1-F2-1 /T6-F0-1 /T0-F1-1 
/T4-F0-1 /T1-F3-1 /T4-F1-1 /T6-F0-1 /T1-F0-1 /T3-T0-8 /T5-T0-1 /T5-F0-1 /T1-T3-3 /T4-T1-1 
/T0-F3-1 /T2-F0-1 /T3-F3-1 /T4-F1-1 /T3-T6-3 /D:1     /W-F3-1  /T2-F3-1 /D:1     /W-F2-1  
/W-F2-1  /T0-F2-1 /T6-F2-1 /W-T1-1  /D:2     /W-F0-1  /T2-F0-1 /W-F0-1  /D:1     /W-F1-1  
/T0-F1-1 /T0-F2-1 /T0-F3-1 /T6-F1-1 /T6-F2-1 /T6-F3-1 /W-F1-1  /T0-F2-1 /T2-F1-1 /T0-F1-1 
/T2-F2-1 /T5-F2-1 /T5-F0-1 /T1-F1-1 /T5-F3-1 /T0-F0-1 /T0-F1-1 /T2-F3-1 /T1-F2-1 /T2-F0-1 
/W-F3-1  
"
1021803,B#Pu#GWa#hOlE#QFgSj#zcAUdp#iYDsqNo#IxmeCLKVZynMXvtJrkfwbRHT,101.500000,721.000000,44.000000,0.666667,0,"
minimal: 0 / states: 156449 / duration: 0.334875s
history:
/T2-F1-1 /D:1     /W-T4-1  /D:10    /W-F2-1  /T6-F2-1 /T6-F3-1 /T5-F2-1 /T6-F2-1 /T5-T3-1 
/T5-T4-1 /T5-F0-1 /T0-F0-1 /D:1     /W-T0-1  /D:2     /W-T2-1  /D:1     /W-T4-1  /D:2     
/W-F2-1  /T6-F2-1 /T4-F2-1 /T1-F2-1 /T2-F2-1 /D:3     /W-F2-1  /D:1     /W-F1-1  /T5-F1-1 
/T3-F1-1 /D:3     /R       /D:1     /W-F2-1  /D:2     /W-F1-1  /D:1     /W-F0-1  /T6-F0-1 
/T3-F0-1 /T3-T0-1 /T3-F3-1 /T1-F3-1 /D:2     /W-T0-1  /T4-T0-3 /D:2     /W-T1-1  /D:1     
/W-T1-1  /D:3     /W-T1-1  /D:1     /W-F1-1  /F2-T6-1 /T2-T6-1 /T4-T2-1 /T4-F1-1 /T3-F1-1 
/T4-F0-1 /T4-F3-1 /D:1     /W-F3-1  /T2-F3-1 /T2-F0-1 /D:1     /W-F0-1  /D:1     /W-F3-1  
/T0-F3-1 /T0-F0-1 /T6-T5-3 /T6-F1-1 /T0-F1-1 /T1-F1-1 /T5-T0-1 /T5-F2-1 /T1-F2-1 /R       
/D:3     /W-F3-1  /T0-F3-1 /D:1     /W-F3-1  /T5-F3-1 /T1-F3-1 /T5-F2-1 /D:1     /W-F0-1  
/T0-F0-1 /T0-F1-1 /R       /D:1     /W-F1-1  /D:1     /W-F0-1  /T0-F0-1 
"
1021954,H#sw#oNY#XQAT#FJRUq#hKkZEP#LVcGvni#fytbrDOapWgBdSejxMmuzClI,107.500000,1330.000000,41.000000,0.669014,1,"
minimal: 0 / states: 131 / duration: 0.000114s
history:
/T6-T1-1  /T6-F2-1  /T5-T4-1  /T3-T0-1  /T3-F0-1  /T3-T5-1  /T1-T3-2  /T0-T3-2  /T1-T3-1  /D:8      
/W-F1-1   /D:1      /W-T5-1   /W-T5-1   /D:3      /W-F0-1   /D:3      /W-T3-1   /T4-T3-2  /T4-T6-1  
/D:2      /W-T2-1   /W-T2-1   /T6-T2-2  /T6-T2-1  /W-T2-1   /T5-T2-4  /T5-T0-1  /D:1      /W-T1-1   
/T2-T1-11 /T2-F3-1  /T1-F3-1  /T2-F2-1  /T3-F3-1  /T6-T3-1  /T1-F2-1  /T1-F3-1  /T4-F3-1  /T4-T5-1  
/T6-T5-1  /T5-T6-3  /W-T1-1   /T6-T0-4  /D:1      /W-T2-1   /D:1      /W-T0-1   /W-T0-1   /W-T5-1   
/T4-T0-1  /D:1      /W-T4-1   /D:1      /W-F0-1   /W-F0-1   /D:1      /W-T4-1   /T5-T4-2  /D:1      
/W-T4-1   /T5-T4-1  /R        /D:2      /W-T2-1   /T3-T2-9  /D:1      /W-T4-1   /W-T4-1   /T1-T4-2  
/T1-F3-1  /D:1      /W-F1-1   /T2-F1-1  /T2-F2-1  /T4-F1-1  /T2-F1-1  /T4-F0-1  /T0-F0-1  /T1-F0-1  
/T4-F1-1  /T0-F1-1  /T2-T0-2  /T2-F0-1  /T4-T1-1  /T4-F1-1  /T2-F1-1  /T4-F0-1  /T0-T2-4  /T0-F0-1  
/T1-T4-3  /T1-F1-1  /T0-F1-1  /T4-T1-4  /T4-F0-1  /T0-F0-1  /T4-F1-1  /T1-T4-6  /T1-F0-1  /T2-T0-7  
/T2-F1-1  /D:1      /W-F2-1   /T0-F2-1  /T0-F3-1  /T4-F2-1  /T0-F2-1  /T4-F3-1  /T0-F3-1  /T4-F2-1  
/T0-F2-1  /T4-F3-1  /T0-F3-1  /T4-F2-1  /T0-F2-1  /T4-F3-1  /T0-F3-1  /T4-F2-1  
"
1030001,p#lM#LbY#uzCZ#aJNeo#EhVwgW#xkPmOSD#UvrRGQKycfIsqjBXdnitTFHA,130.000000,1607.000000,51.000000,0.536145,1,"
minimal: 0 / states: 133 / duration: 0.000108s
history:
/T2-T1-1 /T2-T0-1 /T2-T3-1 /T3-T2-2 /D:2     /W-T5-1  /W-T5-1  /D:3     /W-T5-1  /D:2     
/W-T1-1  /T5-T1-4 /D:2     /W-T6-1  /T4-T6-1 /T6-T4-3 /T6-T1-1 /T6-T3-1 /W-T6-1  /D:3     
/W-T5-1  /T4-T5-4 /T4-F3-1 /T3-F3-1 /D:4     /W-T2-1  /T4-T2-1 /T4-F1-1 /T0-F1-1 /T6-T4-2 
/T6-F3-1 /T6-T4-1 /D:2     /W-F2-1  /T5-F2-1 /T0-F2-1 /T1-T0-8 /T5-F1-1 /W-F1-1  /T6-T1-1 
/D:1     /W-T2-1  /D:4     /W-T2-1  /T5-T2-4 /T5-T4-1 /T5-T4-1 /D:1     /W-F0-1  /R       
/D:1     /W-T0-1  /F1-T0-1 /T3-T0-1 /T3-T6-1 /T1-T6-2 /T3-T4-1 /D:2     /W-F3-1  /W-F3-1  
/D:3     /W-F2-1  /D:1     /W-T6-1  /W-T6-1  /T5-T6-1 /T0-T5-2 /T0-F2-1 /T0-F3-1 /W-T0-1  
/T5-T0-3 /D:1     /W-F0-1  /T0-F0-1 /T0-F1-1 /T2-F0-1 /T0-F0-1 /T2-F1-1 /T0-F1-1 /T2-F2-1 
/T2-F1-1 /T6-F1-1 /D:1     /W-F2-1  /T4-F2-1 /T0-T6-2 /T0-F2-1 /T2-T4-1 /T2-F1-1 /T4-T2-2 
/T4-F2-1 /T6-T0-3 /T6-F1-1 /T4-F1-1 /T6-F2-1 /T4-F2-1 /T6-F1-1 /T4-F1-1 /T6-F2-1 /D:1     
/W-F3-1  /D:1     /W-F0-1  /T0-F0-1 /T0-F3-1 /T2-F0-1 /T0-F0-1 /T2-F3-1 /T0-F3-1 /T2-F0-1 
/T0-F0-1 /T2-F3-1 /T0-F3-1 /T2-F0-1 /T0-F0-1 /T2-F3-1 
"
1030095,z#DL#HWh#ryQY#vmxpl#NdkMsa#EZTIXgK#FCSPeqOjtARBUuJbofwcGniV,140.500000,1776.000000,49.000000,0.554945,1,"
minimal: 0 / states: 126 / duration: 0.000105s
history:
/T5-F1-1 /T6-T3-1 /T4-T0-1 /T5-T6-1 /T3-T5-2 /T4-T3-1 /T4-T0-1 /T1-T4-1 /D:4     /W-T1-1  
/D:1     /W-T6-1  /T1-T6-2 /T5-T1-3 /T5-T4-1 /D:2     /W-T3-1  /D:1     /W-T0-1  /D:1     
/W-T2-1  /D:1     /W-F0-1  /D:2     /W-F0-1  /D:3     /W-T4-1  /D:1     /W-F1-1  /D:1     
/W-T6-1  /D:1     /W-T2-1  /D:2     /W-F1-1  /T5-F1-1 /T5-F3-1 /T3-F3-1 /T4-T5-4 /T2-T4-3 
/T2-T1-1 /T6-T2-6 /W-T6-1  /T4-T0-4 /D:2     /W-F2-1  /T2-F2-1 /T2-F3-1 /T3-F2-1 /T3-F3-1 
/T6-T3-2 /T6-T1-1 /D:1     /W-T3-1  /T2-T3-5 /D:1     /W-T5-1  /R       /D:1     /W-T6-1  
/D:1     /W-F0-1  /T3-F0-1 /T3-F1-1 /T0-F1-1 /D:1     /W-T0-1  /D:1     /W-F2-1  /D:1     
/W-F3-1  /T0-F3-1 /D:1     /W-T1-1  /D:1     /W-T5-1  /T6-T5-2 /T3-T6-7 /T3-F2-1 /T6-F2-1 
/T0-F2-1 /T6-T2-7 /T6-F0-1 /T5-F0-1 /T2-F1-1 /T5-F3-1 /T5-F2-1 /T0-F1-1 /T0-F2-1 /T1-F3-1 
/T5-F3-1 /T1-T0-1 /T1-F3-1 /T2-T5-2 /T2-F2-1 /T2-F3-1 /T0-T1-2 /T0-F2-1 /T2-F2-1 /T1-T0-3 
/T1-F3-1 /T2-F3-1 /T0-T1-4 /T0-F2-1 /D:1     /W-F0-1  /T5-F0-1 /T1-F0-1 /T5-F1-1 /T1-F1-1 
/T5-F0-1 /T1-F0-1 /T5-F1-1 /T1-F1-1 /T5-F0-1 /T1-F0-1 /T5-F1-1 
"
1030124,Z#WG#JUY#mDgV#kAXML#qjpulS#tRnCweB#srEvdHObQyzxcfoPaITNKFhi,155.000000,2074.000000,53.000000,0.576087,1,"
minimal: 0 / states: 131 / duration: 0.000111s
history:
/T5-T1-1 /T4-T0-1 /T5-T4-1 /T5-T3-1 /D:2     /W-T1-1  /D:3     /W-T1-1  /T5-T1-1 /W-T5-1  
/D:2     /W-T1-1  /D:5     /W-T2-1  /T5-T2-2 /D:1     /W-T5-1  /T6-T5-1 /T5-T6-3 /T4-T5-2 
/T4-T0-1 /T4-F0-1 /T6-F0-1 /D:2     /W-T6-1  /D:2     /W-F1-1  /D:2     /W-T3-1  /D:1     
/W-F3-1  /T1-F3-1 /D:1     /W-T5-1  /D:1     /W-T3-1  /T6-T3-4 /T6-T0-1 /T6-F0-1 /T6-F2-1 
/T3-F2-1 /T3-T0-7 /T1-F2-1 /D:1     /W-T2-1  /T1-T2-4 /W-T1-1  /W-F3-1  /T1-T5-2 /D:1     
/R       /D:1     /W-T3-1  /T6-T3-1 /D:3     /W-F1-1  /T0-F1-1 /T0-F2-1 /T2-F1-1 /T0-F1-1 
/T2-F2-1 /T3-T0-1 /T3-F2-1 /T6-F2-1 /D:1     /W-F3-1  /T0-F3-1 /T2-F3-1 /T0-T3-1 /T0-F3-1 
/T3-T0-2 /T3-F0-1 /D:1     /W-T3-1  /T4-T3-1 /D:1     /W-T1-1  /T2-T1-6 /T2-F3-1 /T2-T3-1 
/D:1     /W-F1-1  /D:1     /W-T3-1  /T0-T3-3 /T0-F3-1 /R       /D:1     /W-F0-1  /T3-F0-1 
/T1-F0-1 /T3-F1-1 /T1-F1-1 /T3-F2-1 /T1-F2-1 /T0-F2-1 /T3-F1-1 /T1-F1-1 /T1-F2-1 /T3-T0-1 
/T3-F1-1 /T3-F2-1 /T5-T1-3 /T5-F1-1 /T3-F1-1 /T1-T5-4 /T1-F2-1 /D:1     /W-F0-1  /T5-F0-1 
/T0-F0-1 /T5-F3-1 /T0-F3-1 /T5-F0-1 /T0-F0-1 /T5-F3-1 /T0-F3-1 /T5-F0-1 
"
1030194,X#lV#dEN#ZFOD#gjQfn#cUzKta#ykPoAbY#RSwrGpsTLJBvimqMxCeuWhHI,114.500000,1815.000000,59.000000,0.576923,1,"
minimal: 0 / states: 136 / duration: 0.000116s
history:
/T2-F3-1 /T4-F2-1 /T5-F1-1 /T4-T5-1 /T4-T2-1 /T2-T5-2 /D:3     /W-T0-1  /T1-T0-1 /D:3     
/W-T2-1  /D:6     /W-T4-1  /D:5     /W-T1-1  /T4-T1-2 /D:1     /W-T5-1  /D:2     /W-T0-1  
/T4-T0-1 /D:2     /W-T1-1  /T5-T1-5 /T5-T6-1 /T6-T5-2 /T6-F1-1 /T6-F0-1 /T6-F2-1 /T5-T4-3 
/T6-T3-1 /T2-F2-1 /W-T4-1  /D:2     /W-T4-1  /T5-T4-1 /T5-F1-1 /T2-F1-1 /R       /D:4     
/W-T4-1  /D:1     /W-T0-1  /D:3     /W-T6-1  /D:1     /W-F0-1  /T1-F0-1 /D:1     /W-T6-1  
/D:1     /W-T2-1  /W-T2-1  /T6-T2-3 /T0-T6-6 /D:1     /W-F2-1  /D:1     /W-T0-1  /T1-T0-9 
/D:1     /W-T6-1  /T3-T6-2 /T3-F3-1 /T6-F3-1 /T0-F3-1 /T6-F0-1 /T0-F0-1 /T6-F1-1 /T3-F0-1 
/T0-F1-1 /T4-F0-1 /T6-T3-7 /D:1     /W-F0-1  /R       /D:1     /W-F3-1  /D:1     /W-F3-1  
/D:1     /W-F2-1  /T3-F2-1 /T0-F2-1 /T3-F1-1 /T0-F1-1 /T2-F1-1 /T3-F2-1 /T0-F2-1 /T0-F1-1 
/T3-T2-1 /T3-F2-1 /T0-F2-1 /T2-T3-2 /T2-F1-1 /T0-F1-1 /T3-T2-3 /T3-F2-1 /T2-T3-4 /T2-F1-1 
/T4-T0-5 /T4-F2-1 /D:1     /W-F3-1  /T0-F3-1 /T0-F0-1 /T3-F3-1 /T0-F3-1 /T3-F0-1 /T0-F0-1 
/T3-F3-1 /T0-F3-1 /T3-F0-1 /T0-F0-1 /T3-F3-1 
"
1030234,x#Mo#kUQ#vpAz#mTFGy#dbiNZX#srPDLSj#calCJefIKngBYHqtRwVEOuWh,121.500000,1405.000000,31.000000,0.750000,1,"
minimal: 0 / states: 114 / duration: 0.000102s
history:
/T6-T0-1 /T5-T4-1 /T4-T5-2 /T6-T4-1 /D:2     /W-F1-1  /D:1     /W-T3-1  /T0-T3-2 /T5-T0-3 
/T5-F3-1 /D:1     /W-T2-1  /D:1     /W-T0-1  /T5-T0-1 /T5-F1-1 /W-F1-1  /T5-F1-1 /T3-T5-4 
/T3-F0-1 /D:1     /W-F1-1  /D:1     /W-F1-1  /D:1     /W-T5-1  /D:2     /W-F2-1  /T1-F2-1 
/T3-F2-1 /D:1     /W-F1-1  /D:1     /W-F0-1  /T2-F0-1 /D:1     /W-T1-1  /W-T1-1  /D:1     
/W-T0-1  /D:1     /W-F2-1  /D:5     /W-T4-1  /T2-T4-1 /T4-T2-4 /T2-T3-5 /F1-T0-1 /T4-T0-1 
/T2-T6-1 /T0-T4-1 /T0-F1-1 /T4-T0-2 /T6-T4-2 /T6-F0-1 /D:1     /W-F3-1  /T6-F3-1 /T3-F3-1 
/T3-F0-1 /T6-F2-1 /T0-F0-1 /T6-F2-1 /D:2     /W-T1-1  /T3-T1-4 /D:1     /W-F1-1  /R       
/D:1     /W-F2-1  /D:1     /W-F3-1  /T1-F3-1 /T0-F3-1 /T1-F0-1 /T0-F0-1 /T1-F3-1 /T5-F0-1 
/T0-F1-1 /T0-F0-1 /T5-F1-1 /T4-F1-1 /T1-T5-2 /T1-F0-1 /T4-F0-1 /T5-T1-3 /T5-F1-1 /T4-F1-1 
/T1-T5-4 /T1-F0-1 /D:1     /W-T0-1  /D:1     /W-F3-1  /D:1     /W-F2-1  /T5-F2-1 /T0-F2-1 
/T5-F3-1 /T0-F3-1 /T5-F2-1 /T0-F2-1 /T5-F3-1 /T0-F3-1 /T5-F2-1 
"
1030310,i#Oj#KsH#tFlV#nyNUZ#XQCBah#oDLvqeA#SuYfxmdgMWkIRJEczGTwPprb,117.500000,4006.000000,65.000000,0.494565,1,"
minimal: 0 / states: 140 / duration: 0.000123s
history:
/T6-F0-1 /T2-T0-1 /T6-T2-1 /T6-T2-1 /T5-T6-1 /T5-F1-1 /T5-F0-1 /T5-F0-1 /T6-T1-2 /T6-T4-1 
/T6-F0-1 /D:2     /W-T3-1  /D:6     /W-T0-1  /T2-T0-3 /T1-T2-3 /D:3     /W-T4-1  /D:3     
/W-T4-1  /T3-T4-2 /T2-T3-4 /T4-T2-6 /D:1     /W-F0-1  /D:1     /W-T0-1  /T6-T0-1 /D:1     
/W-T6-1  /T3-T6-5 /T3-F0-1 /T3-T4-1 /D:1     /W-F0-1  /T0-T2-6 /T0-F0-1 /D:4     /W-T5-1  
/T1-T5-1 /D:2     /W-F1-1  /R       /D:1     /W-T4-1  /D:4     /W-T1-1  /D:2     /W-T3-1  
/D:2     /W-F0-1  /D:5     /W-T4-1  /T5-T4-3 /R       /D:1     /W-T3-1  /D:2     /W-T3-1  
/D:2     /W-T3-1  /F0-T3-1 /T4-T3-7 /T4-F3-1 /T3-F3-1 /T4-T1-1 /T4-F2-1 /T2-F2-1 /T2-F1-1 
/T3-F2-1 /W-F1-1  /T2-F2-1 /T2-F1-1 /W-F1-1  /T5-T1-1 /D:1     /W-T2-1  /D:2     /W-T1-1  
/T0-T1-1 /D:1     /W-F3-1  /T3-F3-1 /T2-F3-1 /T3-F2-1 /T2-F2-1 /T2-F1-1 /T3-F3-1 /T3-F2-1 
/T6-F1-1 /W-F3-1  /T2-F2-1 /T1-F1-1 /T3-F3-1 /T2-F3-1 /T3-F0-1 /T2-F0-1 /T6-F2-1 /T1-F2-1 
/T3-F3-1 /T1-F3-1 /T6-F1-1 /T2-F1-1 /T3-F2-1 /T1-F2-1 /T6-F0-1 /T2-F0-1 /T3-F3-1 /T2-F3-1 
/T6-F1-1 /T1-F1-1 /T3-F0-1 /T6-F2-1 
"
1030322,t#jN#QYP#bRuc#kweSO#riqdmX#KDlTLvn#BoJVEhZzspWHyfGUxCaMIgFA,160.500000,2986.000000,52.000000,0.595960,1,"
minimal: 0 / states: 125 / duration: 0.000112s
history:
/T1-F3-1 /T4-F3-1 /T6-F2-1 /T2-F3-1 /T6-T1-1 /T5-T6-1 /T6-T5-2 /T4-T0-1 /D:1     /W-T3-1  
/D:1     /W-F2-1  /D:1     /W-T5-1  /D:1     /W-T5-1  /D:1     /W-T0-1  /D:1     /W-T1-1  
/T0-T1-3 /T5-T0-5 /T5-T1-1 /T3-T5-2 /T6-T3-1 /T3-T0-2 /T5-T3-3 /D:3     /W-T0-1  /T4-T0-1 
/T5-T4-1 /D:1     /W-F2-1  /D:2     /W-T4-1  /D:5     /W-T2-1  /T1-T2-7 /D:1     /W-T2-1  
/D:1     /W-F1-1  /D:1     /W-T1-1  /T6-T1-1 /T6-T0-1 /T3-T0-2 /T3-F2-1 /T5-F2-1 /T6-T1-1 
/D:2     /W-T4-1  /D:1     /W-T4-1  /T3-T4-1 /T3-F1-1 /D:1     /W-F0-1  /T0-F0-1 /T0-F1-1 
/T2-F0-1 /T0-F0-1 /T2-F1-1 /T0-F1-1 /T0-F2-1 /T2-F0-1 /R       /D:1     /W-T3-1  /D:1     
/W-T5-1  /T2-T5-7 /T2-F3-1 /T4-F3-1 /T4-F0-1 /T5-F3-1 /T0-F3-1 /T5-F2-1 /T0-F2-1 /D:1     
/W-T1-1  /D:1     /W-T3-1  /D:1     /W-F1-1  /T4-F1-1 /T5-F1-1 /T5-F2-1 /T4-T0-1 /T4-F1-1 
/T4-F2-1 /T5-F1-1 /T4-F1-1 /T5-F2-1 /T3-F2-1 /T1-T5-2 /T1-F1-1 /T0-T3-5 /T0-F1-1 /T5-T1-3 
/T5-F2-1 /D:1     /W-F0-1  /T3-F0-1 /D:1     /W-F3-1  /T3-F3-1 /T1-F3-1 /D:1     /W-F0-1  
/T3-F0-1 /T1-F0-1 /T3-F3-1 /T1-F3-1 /T3-F0-1 /T1-F0-1 /T3-F3-1 
"
1030383,m#wQ#Kja#eSck#AguUZ#lFyzbJ#NXpCqon#DIvMWOGiPfTYEHrtxBVsLdhR,129.000000,2064.000000,65.000000,0.530612,1,"
minimal: 0 / states: 144 / duration: 0.000123s
history:
/T2-F1-1  /T6-F2-1  /T6-F2-1  /T5-T3-1  /T5-F1-1  /D:2      /W-T2-1   /D:6      /W-T3-1   /D:1      
/W-T6-1   /D:3      /W-T5-1   /D:2      /W-T3-1   /D:3      /W-T5-1   /T2-T5-2  /D:1      /W-T6-1   
/D:3      /W-T0-1   /T3-T0-4  /T3-F1-1  /D:1      /W-F1-1   /D:1      /W-T5-1   /D:1      /R        
/D:4      /W-T2-1   /D:2      /W-T5-1   /T3-T5-1  /T6-T3-3  /T6-T1-1  /T6-F2-1  /W-T1-1   /D:2      
/W-T0-1   /D:1      /W-T5-1   /T1-T5-3  /T1-T6-1  /T4-T1-1  /D:2      /W-T4-1   /D:1      /W-T6-1   
/D:1      /W-T0-1   /T3-T0-4  /T5-T3-12 /T5-T1-1  /T6-T1-3  /T6-F3-1  /T3-F3-1  /D:1      /W-T5-1   
/T0-T5-3  /T0-F1-1  /R        /D:2      /W-T2-1   /T4-T2-2  /T4-T1-1  /T4-T1-1  /T4-F0-1  /T5-F0-1  
/T3-F0-1  /T5-F3-1  /T3-F3-1  /T5-F2-1  /W-F0-1   /T3-F0-1  /T5-F3-1  /T5-F0-1  /T3-F3-1  /T3-F0-1  
/T0-T1-1  /T0-F3-1  /T0-F0-1  /T2-T3-1  /T2-F3-1  /T1-T0-3  /T1-F3-1  /T3-T2-2  /T3-F0-1  /T0-T1-4  
/T0-F0-1  /T2-T3-3  /T2-F3-1  /T2-F0-1  /T1-T0-5  /T1-F3-1  /T0-T1-6  /T0-F0-1  /T3-T5-5  /T3-F3-1  
/T1-T0-7  /T1-F3-1  /T5-T3-6  /D:1      /W-F0-1   /D:1      /W-F1-1   /D:1      /W-F2-1   /T0-F2-1  
/T0-F1-1  /T3-F2-1  /T0-F2-1  /T3-F1-1  /T0-F1-1  /T3-F2-1  /T0-F2-1  /T3-F1-1  /T0-F1-1  /T3-F2-1  
/T0-F2-1  /T3-F1-1  /T0-F1-1  /T3-F2-1  
"
1030462,u#JF#Kht#Swvd#jrzGO#XsNnBe#YiIRlAT#gZkymEWcVHLMUfapxCQqPDob,87.500000,2090.000000,40.000000,0.773256,1,"
minimal: 0 / states: 119 / duration: 0.000120s
history:
/T6-T0-1 /T6-F0-1 /T5-T1-1 /T5-F0-1 /T5-F2-1 /T5-F3-1 /T4-F3-1 /T1-T0-2 /D:9     /W-T1-1  
/T0-T1-4 /D:3     /W-T0-1  /T6-T0-1 /T6-T5-1 /D:1     /W-T6-1  /T4-T6-1 /D:1     /W-T2-1  
/D:1     /W-F1-1  /D:1     /W-T3-1  /D:1     /W-T0-1  /D:1     /W-F0-1  /D:2     /W-T1-1  
/D:1     /W-F3-1  /W-F3-1  /T5-F3-1 /D:1     /W-F0-1  /D:1     /W-F2-1  /T3-F2-1 /T1-F2-1 
/D:1     /W-F1-1  /R       /D:6     /W-T2-1  /T3-T2-1 /D:1     /W-T0-1  /T3-T0-1 /D:1     
/W-F1-1  /T2-F1-1 /T1-F1-1 /T2-F0-1 /T1-F0-1 /T5-T1-1 /T3-T5-1 /T3-T6-1 /T4-T3-1 /T4-F2-1 
/T1-F2-1 /T2-F1-1 /T6-F3-1 /T1-F3-1 /T2-F2-1 /T6-F0-1 /T6-F3-1 /T6-T4-1 /T2-T0-1 /T6-T5-1 
/T1-F2-1 /T1-F3-1 /T0-T4-1 /T0-F2-1 /T0-F3-1 /T5-T1-1 /T5-F2-1 /T0-F2-1 /T5-F3-1 /T6-F3-1 
/W-T5-1  /W-F2-1  /T3-F2-1 /T2-T0-1 /T4-T0-3 /D:1     /W-F0-1  /D:1     /W-T5-1  /W-T5-1  
/W-F3-1  /W-F1-1  /T0-F1-1 /T0-F0-1 /T1-F1-1 /T0-F1-1 /T1-F0-1 /T0-F0-1 /T5-F1-1 /T0-F1-1 
/T5-F0-1 /T0-F0-1 /T5-F1-1 
"
1030534,Y#fU#SoJ#yDAT#VwsMH#ikBZNz#amEqphL#GnOgbuWcPQjxrdXFlIRvKCet,126.500000,1563.000000,40.000000,0.640244,1,"
minimal: 0 / states: 117 / duration: 0.000109s
history:
/T3-T4-1 /T3-F0-1 /T0-T5-1 /T5-T0-2 /T5-F3-1 /T6-T5-1 /D:1     /W-T1-1  /D:1     /W-F2-1  
/D:1     /W-F3-1  /D:5     /W-T3-1  /D:1     /W-F3-1  /D:1     /W-F3-1  /D:2     /W-T0-1  
/W-T0-1  /D:3     /W-T5-1  /T2-T5-1 /T2-F2-1 /T2-T1-1 /T5-T2-4 /T5-F0-1 /D:1     /W-T4-1  
/D:2     /W-T0-1  /T6-T0-1 /T6-F2-1 /T6-F2-1 /T6-T1-1 /D:1     /W-T4-1  /T3-T4-2 /T5-T3-1 
/T4-T5-6 /T3-T6-2 /T4-T3-1 /T5-T2-7 /T6-T5-3 /T6-F1-1 /W-T3-1  /W-T1-1  /W-F2-1  /T4-F2-1 
/T4-T5-1 /T4-T5-1 /D:2     /W-T3-1  /D:1     /W-F0-1  /D:2     /W-F2-1  /R       /D:2     
/W-F1-1  /T2-F1-1 /T1-F1-1 /T2-F0-1 /T1-F0-1 /T2-F3-1 /T1-F3-1 /T2-F0-1 /T2-F3-1 /T1-T0-1 
/T1-F3-1 /T0-F0-1 /T2-F0-1 /T5-F3-1 /D:1     /W-F2-1  /D:1     /W-F3-1  /D:1     /W-F2-1  
/T5-F2-1 /T0-T3-3 /T0-F2-1 /T2-T5-2 /T2-F3-1 /T0-F3-1 /T5-T2-3 /T5-F2-1 /T0-F2-1 /T2-T5-4 
/T2-F3-1 /D:1     /W-F1-1  /T1-F1-1 /W-F1-1  /T3-F1-1 /T3-F0-1 /T5-F1-1 /T3-F1-1 /T5-F0-1 
/T3-F0-1 /T5-F1-1 /T3-F1-1 /T5-F0-1 /T3-F0-1 /T5-F1-1 
"
1030729,a#dR#rVL#tZGH#xsIkn#AloPDT#CBXhYjf#zSciuJEeMNUOWbwFvymKQpqg,111.500000,1233.000000,45.000000,0.597561,1,"
minimal: 0 / states: 124 / duration: 0.000109s
history:
/T0-F1-1 /T4-F2-1 /T5-T3-1 /T5-T1-1 /T4-T2-1 /T5-T1-1 /T5-F2-1 /D:1     /W-T0-1  /T5-T0-1 
/T5-F0-1 /D:5     /W-T2-1  /D:1     /W-T6-1  /D:2     /W-T5-1  /D:1     /W-F3-1  /D:1     
/W-T4-1  /D:1     /W-F3-1  /T1-F3-1 /D:2     /W-F1-1  /D:2     /W-T3-1  /T1-T3-2 /T1-T6-1 
/D:3     /W-T1-1  /T2-T1-3 /T3-T2-5 /T6-T3-3 /T3-T4-4 /T4-T6-6 /T2-T1-6 /W-T3-1  /D:1     
/W-T0-1  /T6-T0-7 /T6-T5-1 /D:1     /W-F3-1  /D:1     /W-F2-1  /D:1     /W-F2-1  /T2-F2-1 
/T4-F2-1 /T3-T2-2 /T3-F2-1 /T4-T5-1 /D:1     /R       /D:2     /W-F1-1  /T0-F1-1 /D:2     
/W-F2-1  /D:1     /W-F1-1  /D:1     /W-T5-1  /D:2     /W-T5-1  /T6-T5-1 /T6-T2-1 /T6-F0-1 
/T6-F0-1 /T1-F0-1 /T0-F0-1 /T0-F1-1 /T1-F3-1 /T1-F0-1 /T0-F0-1 /W-T2-1  /W-T2-1  /W-F3-1  
/T1-F3-1 /T0-F3-1 /T1-F0-1 /T1-F3-1 /T0-F0-1 /T1-F0-1 /T5-T0-2 /T5-F3-1 /T0-T5-3 /T0-F0-1 
/T2-T1-2 /T2-F3-1 /T1-T2-3 /T1-F0-1 /T5-T0-4 /T5-F3-1 /T5-F0-1 /T2-T1-4 /T2-F3-1 /D:1     
/W-F1-1  /T0-F1-1 /T0-F2-1 /T1-F1-1 /T0-F1-1 /T1-F2-1 /T0-F2-1 /T1-F1-1 /T0-F1-1 /T1-F2-1 
/T0-F2-1 /T1-F1-1 
"
1030786,i#GR#egQ#wvUE#hMxkq#moBZaz#flyKpnA#uLFSTVXOsWbIdjNHYDCrtcJP,91.000000,1378.000000,29.000000,0.754545,1,"
minimal: 0 / states: 120 / duration: 0.000109s
history:
/T6-F0-1 /T6-F2-1 /T4-T1-1 /T6-T2-1 /T2-T3-2 /D:1     /W-T0-1  /T2-T0-1 /D:2     /W-T0-1  
/T1-T0-2 /D:1     /W-T1-1  /T3-T1-3 /T1-T3-5 /T5-T1-1 /T5-F1-1 /W-T5-1  /T4-T5-1 /D:4     
/W-T3-1  /D:2     /W-T4-1  /D:1     /W-F1-1  /D:1     /W-T4-1  /T3-T4-7 /D:2     /W-T6-1  
/T3-T6-1 /T0-T3-6 /T5-T0-3 /T5-F0-1 /T5-F2-1 /T3-T0-7 /D:1     /W-F3-1  /T4-F3-1 /T4-F2-1 
/T0-F2-1 /D:2     /W-T1-1  /T6-T1-3 /T6-T5-1 /T4-T6-8 /T4-T3-1 /T6-T3-9 /T4-T1-1 /D:1     
/W-T0-1  /D:1     /W-F0-1  /T0-F0-1 /D:1     /W-F2-1  /D:1     /W-T1-1  /T6-T1-1 /D:1     
/W-F1-1  /D:2     /W-F3-1  /T3-F3-1 /T0-F3-1 /T3-F0-1 /T3-F3-1 /T0-F0-1 /T3-F0-1 /R       
/D:1     /W-F3-1  /T3-F3-1 /D:1     /W-F3-1  /D:1     /W-T5-1  /D:1     /W-F2-1  /D:1     
/W-F1-1  /T2-F1-1 /T1-F1-1 /T0-F1-1 /T1-F2-1 /T0-F2-1 /T1-F1-1 /T1-F2-1 /T0-F1-1 /T0-F2-1 
/T1-F1-1 /T0-F1-1 /T3-T1-2 /T3-F2-1 /T3-F1-1 /T5-T0-1 /T5-F2-1 /T5-F1-1 /T1-T3-4 /T1-F2-1 
/D:1     /W-F0-1  /T3-F0-1 /T3-F3-1 /T0-F3-1 /D:1     /W-F0-1  /T3-F0-1 /T0-F0-1 /T3-F3-1 
/T0-F3-1 /T3-F0-1 
"
1030833,o#Wj#Uqc#VgYt#BPsIb#rnNOaH#fJvpADe#QiEMmCxkSLdXhZFTuGwRlKyz,110.000000,3657.000000,66.000000,0.696262,1,"
minimal: 0 / states: 142 / duration: 0.000132s
history:
/T0-T2-1 /D:4     /W-T0-1  /D:5     /W-T3-1  /D:7     /W-T5-1  /W-T5-1  /T6-T5-1 /T6-T5-1 
/T6-F0-1 /T4-T6-1 /T4-T1-1 /T2-T5-2 /D:4     /W-T4-1  /T2-T4-1 /T3-T2-2 /T3-T0-1 /T4-T3-3 
/T4-T3-1 /T4-F0-1 /T2-T1-3 /D:2     /W-T0-1  /T1-T0-5 /D:2     /W-T2-1  /R       /D:3     
/W-T0-1  /D:1     /W-T4-1  /D:1     /W-F0-1  /D:3     /W-T4-1  /W-T4-1  /D:1     /W-T0-1  
/T6-T0-2 /T6-T1-1 /T6-T4-1 /D:2     /W-T1-1  /D:3     /W-T1-1  /T6-T1-1 /D:2     /W-T2-1  
/D:1     /R       /D:2     /W-T4-1  /T5-T4-7 /T5-F1-1 /T0-F1-1 /T5-T0-1 /T5-F3-1 /T0-F3-1 
/T5-F2-1 /T4-F2-1 /T0-F2-1 /T3-F3-1 /T4-F1-1 /T0-F1-1 /T3-F2-1 /T4-F0-1 /T4-F1-1 /W-F3-1  
/T0-F0-1 /T3-F3-1 /T4-F0-1 /T5-F2-1 /T0-F3-1 /T1-F1-1 /T1-F0-1 /T3-F2-1 /T0-F2-1 /T3-F1-1 
/T1-F1-1 /T4-F3-1 /T0-F3-1 /T4-F0-1 /T0-F0-1 /T3-F3-1 /T4-F1-1 /T4-F0-1 /T0-F1-1 /T0-F0-1 
/T4-F1-1 /T2-F1-1 /T4-F0-1 /T4-F1-1 /T0-T2-1 /T0-F0-1 /D:1     /W-T2-1  /T1-T2-2 /D:2     
/W-T0-1  /D:1     /W-F2-1  /T2-F2-1 /T2-F3-1 /W-F3-1  /D:1     /W-F2-1  /T2-F2-1 /T2-F3-1 
/T0-F3-1 /D:1     /W-F2-1  /T2-F2-1 
"
1030907,w#hT#eZD#gIdG#UjVzM#FxPyRc#YmbKNkf#qavLiSHOlQCupntsoWXBEArJ,104.000000,737.000000,38.000000,0.649254,1,"
minimal: 0 / states: 135 / duration: 0.000116s
history:
/T6-T3-1  /T5-T2-1  /T2-T5-2  /T0-T6-1  /T4-T0-1  /D:2      /W-F1-1   /D:2      /W-T2-1   /T6-T2-2  
/T6-F3-1  /D:1      /W-T2-1   /D:2      /W-T2-1   /T1-T2-1  /T3-T1-2  /D:1      /W-F3-1   /D:1      
/W-T0-1   /T6-T0-1  /T6-F1-1  /T5-F1-1  /T3-F1-1  /T1-T3-3  /T4-T1-1  /D:3      /W-T4-1   /D:2      
/W-F2-1   /D:2      /W-T2-1   /T5-T2-2  /T5-T6-1  /T5-F3-1  /D:1      /W-F2-1   /D:1      /W-T0-1   
/T3-T0-4  /T3-T4-1  /T2-T3-10 /T2-F1-1  /T6-T2-2  /T5-T6-1  /T0-F1-1  /T4-F1-1  /T6-T1-2  /D:1      
/W-T2-1   /D:3      /W-F0-1   /D:2      /W-T2-1   /T4-T2-2  /T4-T1-1  /T0-T4-1  /T0-F1-1  /T4-T0-2  
/R        /D:2      /W-T1-1   /D:1      /W-T0-1   /D:1      /W-F3-1   /D:2      /W-F2-1   /D:2      
/W-F0-1   /D:1      /W-T0-1   /D:1      /R        /D:1      /W-F2-1   /D:1      /W-F0-1   /T3-F0-1  
/T0-F0-1  /T3-F3-1  /T5-F0-1  /T0-F3-1  /T0-F0-1  /T3-T2-2  /T3-F0-1  /T3-F1-1  /T0-T1-1  /T0-F0-1  
/T1-T0-2  /T1-F1-1  /T2-T3-4  /T2-F0-1  /T0-T1-3  /T0-F0-1  /T3-T2-5  /T3-F1-1  /T0-F1-1  /T3-F0-1  
/T0-F0-1  /T2-T3-7  /T2-F1-1  /D:1      /W-T1-1   /D:1      /W-F2-1   /T3-F2-1  /T1-F2-1  /T3-F3-1  
/T1-F3-1  /T3-F2-1  /T1-F2-1  /T3-F3-1  /T1-F3-1  /T3-F2-1  /T1-F2-1  /T3-F3-1  /T1-F3-1  /T3-F2-1  
/T1-F2-1  /T3-F3-1  
"
1031016,t#Hs#JjQ#qBYP#SMuOb#hZWAzn#dCmDLpE#XgNkcvKarRxfieGoyTlFUVwI,120.500000,1719.000000,45.000000,0.668675,1,"
minimal: 0 / states: 119 / duration: 0.000115s
history:
/T5-F2-1 /T2-T6-1 /D:3     /W-F3-1  /D:3     /W-T2-1  /D:2     /W-F1-1  /T4-F1-1 /T4-F3-1 
/T3-F3-1 /T3-T5-1 /W-T5-1  /T2-T5-2 /T6-F3-1 /W-F1-1  /D:2     /W-F3-1  /D:2     /W-T0-1  
/T6-T0-1 /D:1     /W-T2-1  /T4-T2-1 /D:1     /W-T1-1  /D:2     /W-F2-1  /T6-F2-1 /D:2     
/W-T2-1  /T1-T2-2 /D:1     /W-T4-1  /D:2     /W-T5-1  /T0-T5-3 /T5-T0-9 /T5-F0-1 /T3-F0-1 
/T3-F2-1 /T4-T3-2 /T4-F3-1 /D:3     /W-T5-1  /R       /D:1     /W-T6-1  /T2-T6-6 /D:1     
/W-T1-1  /T6-T1-2 /T6-F3-1 /D:2     /W-F2-1  /D:1     /W-T3-1  /T5-T3-2 /T6-T5-5 /T6-T1-1 
/T6-T2-1 /T6-F0-1 /T1-F0-1 /T6-F1-1 /T0-F0-1 /T1-F1-1 /T0-F1-1 /T1-F2-1 /T0-F2-1 /T5-T4-6 
/T0-F3-1 /T1-F1-1 /T4-F2-1 /T0-F2-1 /T5-F1-1 /T4-F1-1 /T0-F1-1 /W-F1-1  /D:2     /W-T2-1  
/D:1     /W-F0-1  /W-F0-1  /T1-F0-1 /T3-F0-1 /T4-F0-1 /T0-F0-1 /T3-T0-2 /T3-F1-1 /T4-T2-1 
/T4-F0-1 /T3-F0-1 /T2-T4-2 /T2-F1-1 /D:1     /W-F3-1  /T0-F3-1 /T4-F3-1 /D:1     /W-F2-1  
/T0-F2-1 /T0-F3-1 /T4-F2-1 /T0-F2-1 /T4-F3-1 
"
1031130,A#UO#MoI#rGzZ#HfvPC#XJtlwy#NdijqaV#DFEQnkRLugsWBheSbmxpTYcK,162.500000,3838.000000,52.000000,0.605000,1,"
minimal: 0 / states: 125 / duration: 0.000123s
history:
/T0-F0-1 /T5-T3-1 /T6-T5-1 /T6-F1-1 /T3-T0-2 /T1-T4-1 /T1-T2-1 /T3-T1-1 /T3-T2-1 /D:4     
/W-T3-1  /T4-T3-2 /T4-T6-1 /D:1     /W-F2-1  /D:1     /W-T0-1  /T5-T0-2 /T5-T1-1 /D:3     
/W-T0-1  /D:1     /W-T0-1  /D:1     /W-T0-1  /D:2     /W-F0-1  /D:1     /W-T4-1  /T5-T4-1 
/D:1     /W-T0-1  /T6-T0-2 /T2-T6-3 /T2-F2-1 /D:1     /W-T4-1  /T3-T4-4 /D:1     /W-F1-1  
/D:1     /W-T3-1  /D:1     /W-T1-1  /T6-T1-4 /T6-T5-1 /D:1     /W-F2-1  /D:2     /W-T2-1  
/D:1     /W-F1-1  /T6-F1-1 /T6-F3-1 /T4-F3-1 /T0-F3-1 /T0-F2-1 /T4-F0-1 /T4-F3-1 /T4-F2-1 
/T0-F1-1 /T0-F2-1 /T4-T1-1 /T4-F2-1 /D:1     /W-T2-1  /R       /D:1     /W-F0-1  /D:1     
/W-T0-1  /D:1     /W-F0-1  /T0-F0-1 /D:1     /W-F3-1  /T1-F3-1 /T1-F0-1 /D:1     /W-T3-1  
/D:1     /W-T2-1  /T4-T2-2 /T4-F1-1 /T0-F1-1 /T2-F1-1 /T0-F2-1 /T2-F2-1 /T4-F0-1 /T5-F1-1 
/T0-T5-1 /T0-F2-1 /T5-T0-2 /T1-T2-2 /T1-F1-1 /T1-F2-1 /T0-T3-3 /T0-F2-1 /T3-T5-2 /T3-F1-1 
/T1-F1-1 /T1-F2-1 /T3-T0-1 /T3-F1-1 /T5-T0-3 /D:1     /W-F3-1  /T2-F3-1 /T0-F3-1 /T2-F0-1 
/T0-F0-1 /T2-F3-1 /T0-F3-1 /T2-F0-1 /T0-F0-1 /T2-F3-1 /T0-F3-1 /T2-F0-1 
"
1031304,a#Ts#iDS#VWPY#vZKub#pHOArM#dnJjkNR#zlqQwtFGBEUohXmeygfICcxL,129.000000,2292.000000,69.000000,0.459596,1,"
minimal: 0 / states: 141 / duration: 0.000129s
history:
/T0-F1-1 /T4-F1-1 /T6-T1-1 /T6-F3-1 /T5-T0-1 /T5-T2-1 /T5-F0-1 /T5-F3-1 /T3-T0-1 /T3-F3-1 
/D:3     /W-T1-1  /D:1     /W-F3-1  /D:1     /W-T6-1  /D:4     /W-F0-1  /D:9     /W-T4-1  
/T1-T4-3 /T1-T5-1 /D:2     /W-T3-1  /D:1     /W-F0-1  /D:1     /W-F1-1  /D:1     /W-T0-1  
/T3-T0-2 /T4-T3-5 /T3-T6-6 /D:1     /R       /D:1     /W-T1-1  /D:1     /W-T1-1  /T4-T1-1 
/T4-T3-1 /D:2     /W-T5-1  /D:3     /W-T0-1  /D:2     /W-T4-1  /D:3     /W-T5-1  /T6-T5-1 
/T6-F3-1 /D:1     /W-T3-1  /T6-T3-6 /T6-T1-1 /T4-T1-2 /W-T4-1  /D:2     /W-T4-1  /R       
/D:1     /W-T0-1  /T2-T0-2 /T2-F0-1 /T5-T2-5 /T2-T6-6 /D:1     /W-T1-1  /D:1     /W-F0-1  
/T6-T3-2 /T6-F0-1 /T1-F0-1 /D:2     /W-T4-1  /T6-T4-4 /T6-F2-1 /W-F2-1  /T5-F2-1 /T3-F2-1 
/T6-F1-1 /T0-F2-1 /T0-F3-1 /T3-F1-1 /T3-F2-1 /T4-F3-1 /T0-F2-1 /T0-F3-1 /T4-F0-1 /T0-F0-1 
/T3-T4-2 /T3-F3-1 /T0-F3-1 /T4-T3-3 /T4-F0-1 /T4-F3-1 /T1-T0-3 /T1-F0-1 /T4-F0-1 /T0-T1-4 
/T0-F3-1 /T0-F0-1 /T3-T4-6 /T3-F3-1 /D:1     /W-F1-1  /T4-F1-1 /T1-F1-1 /T4-F2-1 /T1-F2-1 
/T4-F1-1 /T1-F1-1 /T4-F2-1 /T1-F2-1 /T4-F1-1 /T1-F1-1 /T4-F2-1 /T1-F2-1 /T4-F1-1 
"
1031307,A#er#RPJ#gltB#kbYZS#DGnUzj#EcvasWy#CIpiuMNqwmTxoLOXKdHFQhfV,150.000000,4281.000000,60.000000,0.535000,1,"
minimal: 0 / states: 134 / duration: 0.000128s
history:
/T0-F0-1 /T3-F0-1 /T4-T3-1 /T6-T4-1 /T4-T0-2 /T1-T3-1 /D:1     /W-F0-1  /D:1     /W-T5-1  
/D:2     /W-T2-1  /D:1     /W-T2-1  /D:2     /W-F3-1  /D:1     /W-T1-1  /D:3     /W-T2-1  
/D:1     /W-T4-1  /T5-T4-2 /T4-T5-4 /D:3     /W-F3-1  /D:1     /W-T0-1  /T2-T0-4 /T2-F3-1 
/D:2     /W-T3-1  /F0-T3-1 /T4-T3-1 /D:2     /W-T0-1  /T1-T0-2 /T5-T1-5 /T5-T1-1 /T5-F2-1 
/T3-T1-6 /D:1     /W-F3-1  /T2-F3-1 /D:2     /W-T5-1  /T1-T5-4 /T1-F3-1 /D:1     /R       
/D:2     /W-T2-1  /T3-T2-1 /T0-T3-3 /T0-F3-1 /T3-T0-4 /D:1     /W-T4-1  /D:1     /W-T3-1  
/D:1     /W-F2-1  /W-F2-1  /T0-F2-1 /D:1     /W-T3-1  /T4-T3-2 /D:1     /W-T2-1  /T6-T2-1 
/D:3     /W-T3-1  /R       /D:1     /W-T3-1  /F3-T3-1 /T6-T3-1 /T6-F1-1 /T5-F1-1 /T5-F0-1 
/T6-T2-1 /T6-F1-1 /T5-F1-1 /T5-F2-1 /T0-F1-1 /T3-F2-1 /T1-F2-1 /T5-T1-2 /T5-F0-1 /T6-F0-1 
/T0-F0-1 /T1-F1-1 /T0-F1-1 /T1-F0-1 /T3-F3-1 /T0-F2-1 /T1-F3-1 /T3-F0-1 /T3-F3-1 /T1-F0-1 
/T2-F2-1 /T2-F3-1 /T3-F2-1 /T0-T3-2 /T0-F3-1 /T1-T2-1 /T1-F2-1 /T0-F2-1 /T1-F3-1 /T0-F3-1 
/T1-F2-1 /D:1     /W-F1-1  /T3-F1-1 /T2-F1-1 /T3-F0-1 /T2-F0-1 /T3-F1-1 /T2-F1-1 /T3-F0-1 
/T2-F0-1 /T3-F1-1 
"
1031327,E#if#KHG#JQvX#gtCTq#sDkluZ#rSaARwh#WenLUdVNzobIjmxYPcMpyFOB,96.000000,940.000000,40.000000,0.657143,1,"
minimal: 0 / states: 116 / duration: 0.000109s
history:
/T2-T6-1  /T1-T6-1  /T2-T1-1  /T0-T6-1  /T5-T0-1  /D:1      /W-T2-1   /D:2      /W-F2-1   /D:1      
/W-T0-1   /T3-T0-1  /T6-T3-4  /T6-T0-1  /T4-T6-1  /T4-T1-1  /T3-T2-5  /T4-T3-1  /T3-T2-2  /T1-T0-3  
/D:3      /W-T3-1   /T5-T3-1  /T2-T5-9  /D:1      /W-F3-1   /D:1      /W-T1-1   /T5-T1-10 /T3-T5-3  
/D:1      /W-F2-1   /D:1      /W-T1-1   /D:3      /W-T2-1   /D:3      /W-T6-1   /D:2      /W-T3-1   
/D:1      /W-F2-1   /D:1      /W-T2-1   /T5-T2-4  /T6-T5-1  /T6-F2-1  /T5-T6-2  /T6-T5-3  /T6-F0-1  
/T6-F1-1  /T1-F1-1  /T6-T4-1  /T6-F2-1  /W-F1-1   /W-T3-1   /W-T3-1   /W-T3-1   /W-T3-1   /W-F1-1   
/W-T3-1   /T4-T3-2  /W-F1-1   /T1-T3-3  /T1-F1-1  /T4-F1-1  /T5-T0-4  /D:2      /W-F3-1   /T0-F3-1  
/D:1      /W-F0-1   /T3-F0-1  /T0-F0-1  /T3-F3-1  /T0-F3-1  /T0-F2-1  /T3-F0-1  /T3-F3-1  /T3-F2-1  
/W-F0-1   /T0-F3-1  /T1-F0-1  /T0-F0-1  /T1-F1-1  /T2-F2-1  /T0-F1-1  /T3-F3-1  /T1-F2-1  /T2-F3-1  
/T0-F2-1  /T3-F0-1  /T1-F3-1  /T2-F0-1  /T0-F3-1  /T3-F1-1  /T1-F0-1  /T2-F1-1  /T0-F0-1  /T3-F2-1  
/T1-F1-1  /T2-F2-1  /T2-F1-1  /T3-F3-1  /T0-F3-1  /T1-F2-1  /T3-F0-1  
"
1031646,j#ou#dDw#rszl#BUYXK#gPeaqS#TOGHLEt#ZIxmRFAfpvcCbMVkJiyNQhWn,134.500000,2397.000000,65.000000,0.494949,1,"
minimal: 0 / states: 135 / duration: 0.000125s
history:
/T5-T6-1 /T4-T3-1 /T2-T4-1 /T0-T3-1 /D:1     /W-T0-1  /D:1     /W-T3-1  /D:5     /W-F0-1  
/D:4     /W-T2-1  /D:4     /W-T4-1  /T1-T4-1 /T1-T2-1 /W-T1-1  /T3-T1-4 /D:4     /W-T0-1  
/T4-T0-4 /T4-T3-1 /T6-T4-2 /T6-T4-1 /T4-T1-4 /T4-F0-1 /T3-T4-2 /D:1     /W-F3-1  /D:1     
/W-T1-1  /D:3     /W-F2-1  /T2-F2-1 /R       /D:1     /W-T4-1  /D:2     /W-T3-1  /T5-T3-1 
/T5-F1-1 /T2-T5-2 /D:3     /W-F2-1  /T3-F2-1 /D:2     /W-F0-1  /D:1     /W-F1-1  /T5-F1-1 
/T2-F1-1 /T5-T3-1 /T5-F1-1 /T5-T3-1 /T3-T5-4 /T3-F2-1 /T5-T0-5 /D:1     /W-T6-1  /D:1     
/W-T6-1  /D:1     /W-T6-1  /D:2     /W-T4-1  /R       /D:1     /W-T2-1  /T6-T2-4 /T6-T2-1 
/D:2     /W-F1-1  /D:1     /W-T4-1  /D:1     /W-T4-1  /T6-T4-1 /T6-F3-1 /T0-F3-1 /T0-F0-1 
/T1-F3-1 /T0-F3-1 /T0-F2-1 /T1-F0-1 /T1-F3-1 /T1-F2-1 /W-F0-1  /T0-F1-1 /T4-F0-1 /T4-F1-1 
/T6-F3-1 /T0-F2-1 /T1-F3-1 /T2-F0-1 /T0-F3-1 /T1-F0-1 /T2-F1-1 /T2-F0-1 /T4-F2-1 /T0-F2-1 
/T1-F1-1 /T2-F1-1 /T4-F3-1 /T0-F3-1 /T1-F0-1 /T2-F0-1 /T4-F2-1 /T0-F2-1 /T1-F1-1 /T2-F1-1 
/T4-F3-1 /T0-F3-1 /T1-F0-1 /T4-F2-1 
"
1031848,n#jI#LTu#zvHi#DxeJh#kgZCaf#RmbQNMU#PFYsAVSdwctqKXpGyrOBEWlo,145.500000,2510.000000,55.000000,0.594059,1,"
minimal: 0 / states: 127 / duration: 0.000121s
history:
/T0-F2-1 /T6-T1-1 /T6-T0-1 /T6-F3-1 /T2-T3-1 /T2-T3-1 /D:2     /W-T3-1  /D:1     /W-T0-1  
/D:2     /W-F0-1  /D:6     /W-T1-1  /T5-T1-1 /T5-F1-1 /T5-T6-1 /T2-T5-1 /T5-T2-2 /D:2     
/W-T0-1  /D:1     /W-T2-1  /D:2     /W-T4-1  /D:2     /W-T1-1  /T6-T1-2 /T6-F1-1 /W-T6-1  
/D:1     /W-F3-1  /D:1     /W-F0-1  /T1-F0-1 /W-T1-1  /D:2     /W-T0-1  /T1-T0-7 /D:2     
/W-F2-1  /T0-F2-1 /R       /D:1     /W-F3-1  /T0-F3-1 /D:1     /W-T5-1  /D:2     /W-T4-1  
/D:1     /W-T0-1  /D:1     /W-T2-1  /T3-T2-4 /T5-T3-2 /T5-T6-1 /T6-T5-3 /T6-F3-1 /T4-F3-1 
/D:1     /W-F1-1  /T0-F1-1 /D:1     /W-F2-1  /T0-F2-1 /T3-F2-1 /T0-T4-1 /T0-F2-1 /T2-T3-1 
/T2-F3-1 /T0-F3-1 /T4-T0-3 /T4-T5-1 /T4-F1-1 /W-T5-1  /T3-T5-3 /T3-T1-1 /T0-F1-1 /T2-F2-1 
/T1-F2-1 /T5-T2-3 /T5-F3-1 /T0-T1-3 /T0-F3-1 /T2-T5-4 /T2-F2-1 /T4-F2-1 /T4-F0-1 /T2-F3-1 
/T5-T2-6 /T5-F2-1 /T3-F2-1 /T1-T0-4 /D:1     /W-F0-1  /T2-F0-1 /T0-F0-1 /T2-F1-1 /T0-F1-1 
/T2-F0-1 /T0-F0-1 /T2-F1-1 /T0-F1-1 /T2-F0-1 /T0-F0-1 /T0-F3-1 /T2-F1-1 /T2-F0-1 /T2-F3-1 
/T0-F0-1 /D:1     /W-F1-1  /T5-F1-1 
"
1031893,A#uk#Vrw#lCoc#EROjS#HTdXsb#LYNUnpm#tgzPxiGqDyhMeIfZavBFWKJQ,115.000000,1374.000000,52.000000,0.600000,1,"
minimal: 0 / states: 131 / duration: 0.000121s
history:
/T0-F0-1 /T6-T0-1 /T5-T6-1 /T2-T1-1 /T2-T4-1 /T2-T1-1 /D:3     /W-T2-1  /D:7     /W-T0-1  
/T1-T0-3 /T1-T0-1 /D:2     /W-T1-1  /D:1     /W-T5-1  /D:4     /W-F1-1  /T6-F1-1 /T3-F1-1 
/D:2     /W-F0-1  /D:5     /W-T4-1  /T6-T4-1 /T6-F2-1 /T3-F2-1 /T3-F0-1 /T4-F2-1 /T3-T1-1 
/R       /D:1     /W-T6-1  /T4-T6-3 /D:1     /W-T0-1  /T5-T0-2 /D:2     /W-T1-1  /T4-T1-1 
/F0-T6-1 /T4-T6-1 /D:3     /W-F2-1  /D:1     /W-T0-1  /D:2     /W-T1-1  /T6-T1-7 /T6-F3-1 
/T1-F3-1 /T1-F0-1 /T6-T2-1 /T5-T6-1 /T5-F1-1 /T0-F0-1 /T0-F1-1 /T4-T0-1 /T4-F0-1 /D:1     
/W-F1-1  /T0-T5-2 /T0-F1-1 /T5-T0-3 /W-F1-1  /D:1     /W-T3-1  /T6-T3-2 /D:2     /W-F0-1  
/D:2     /W-T2-1  /W-T2-1  /W-T2-1  /W-F0-1  /T5-F0-1 /W-F1-1  /W-F3-1  /T1-F3-1 /T0-F3-1 
/T1-F2-1 /T0-F2-1 /T1-F3-1 /T0-F3-1 /T1-F2-1 /T0-F2-1 /T1-F3-1 /T0-F3-1 /T1-F0-1 /T2-F2-1 
/T0-F2-1 /T1-F1-1 /T2-F3-1 /T1-F2-1 /T0-F1-1 /T0-F2-1 /T1-F1-1 /T0-F1-1 /T3-F3-1 /T2-T1-2 
/T2-F2-1 /D:1     /W-F0-1  /T1-F0-1 /T1-F3-1 /T3-F0-1 /T1-F0-1 /T3-F3-1 
"
1031951,k#yt#DZd#pmhf#PIHSa#wVCKiE#GLFjeTA#OcNouMqvXrWRBxbnlsQYzJgU,138.000000,1893.000000,45.000000,0.621053,1,"
minimal: 0 / states: 118 / duration: 0.000121s
history:
/T4-F1-1 /T6-F0-1 /T5-T3-1 /T3-T1-2 /T2-T1-1 /T1-T3-4 /T0-T1-1 /T2-T0-1 /T1-T0-2 /D:2     
/W-T2-1  /D:1     /W-F3-1  /W-F3-1  /D:1     /W-T2-1  /D:1     /W-T5-1  /T6-T5-1 /T2-T6-3 
/D:1     /W-T1-1  /D:4     /W-T4-1  /D:3     /W-F0-1  /D:2     /W-F1-1  /D:1     /W-F2-1  
/T6-F2-1 /T6-F1-1 /T3-F1-1 /D:1     /W-T1-1  /W-T1-1  /D:1     /W-T5-1  /T6-T5-2 /T6-T1-1 
/W-T6-1  /T5-T6-1 /T5-F1-1 /D:1     /W-T3-1  /D:2     /W-T2-1  /W-T2-1  /D:1     /W-T0-1  
/T5-T0-4 /T5-T2-1 /T5-F0-1 /T6-F0-1 /T3-T4-1 /T3-F0-1 /T6-T0-1 /T6-F0-1 /T3-F1-1 /T4-T3-3 
/T4-T5-1 /T3-T4-5 /T4-T1-6 /T4-F3-1 /T3-T4-1 /T3-F2-1 /T1-F3-1 /T6-T4-1 /T0-F3-1 /T6-F0-1 
/T5-F0-1 /W-T2-1  /W-T4-1  /W-T2-1  /W-F2-1  /T1-F2-1 /T0-F2-1 /T1-F3-1 /T0-F3-1 /T1-F2-1 
/T0-F2-1 /T2-F2-1 /D:1     /W-F1-1  /T1-F1-1 /T0-F1-1 /T5-T0-1 /T1-F0-1 /T1-F1-1 /T5-F2-1 
/T1-F2-1 /T0-T4-2 /T0-F1-1 /T0-F2-1 /T1-F1-1 /T2-T1-3 /T2-F2-1 /T4-T0-4 /T4-F1-1 /D:1     
/W-F3-1  /T0-F3-1 /T0-F0-1 /T1-F3-1 /T0-F3-1 /T1-F0-1 /T0-F0-1 /T1-F3-1 /T0-F3-1 /T1-F0-1 
"
1040034,F#Pn#SqX#JtOm#sbxDi#vWhUwg#yEKCAMf#pLYQuzVljkdBNGeaITZrRcoH,142.500000,2775.000000,53.000000,0.557292,1,"
minimal: 0 / states: 126 / duration: 0.000117s
history:
/T1-F2-1 /T0-T5-1 /T3-T0-1 /D:2     /W-T0-1  /T2-T0-1 /T1-T2-1 /D:3     /W-T4-1  /T5-T4-2 
/T4-T5-4 /T5-T0-5 /D:1     /W-T1-1  /D:2     /W-T1-1  /D:4     /W-T2-1  /D:1     /W-F3-1  
/T3-F3-1 /T6-T3-1 /T3-T5-2 /D:2     /W-T0-1  /T4-T0-1 /T4-T1-1 /D:1     /W-F1-1  /T4-F1-1 
/D:4     /W-T5-1  /D:1     /W-T4-1  /T2-T4-3 /D:1     /W-F1-1  /D:1     /W-F2-1  /D:1     
/R       /D:1     /W-F2-1  /T4-T0-2 /T4-F2-1 /T5-F2-1 /D:1     /W-T6-1  /D:2     /W-T3-1  
/D:1     /W-T1-1  /D:2     /W-F1-1  /T0-T4-3 /T0-F1-1 /T5-F1-1 /T2-T5-1 /T6-T2-2 /T6-F0-1 
/T4-F0-1 /T4-F3-1 /T6-F0-1 /T4-F0-1 /T6-T2-1 /T6-F0-1 /T0-F0-1 /T0-F1-1 /W-T6-1  /W-F3-1  
/T4-F3-1 /T4-F2-1 /T5-F3-1 /T5-F2-1 /T0-F2-1 /T3-T6-2 /D:1     /W-F0-1  /D:1     /W-T1-1  
/T5-T1-1 /T5-F1-1 /T5-T2-1 /T0-F1-1 /T5-F2-1 /T0-F2-1 /T1-T2-2 /T1-F1-1 /T1-F2-1 /T6-T0-2 
/T6-F1-1 /T1-F1-1 /T6-F2-1 /T1-F2-1 /D:1     /W-F3-1  /T2-F3-1 /T0-F3-1 /D:1     /W-T1-1  
/T0-T1-3 /T0-F1-1 /D:1     /W-F0-1  /T2-F0-1 /T1-F0-1 /T2-F3-1 /T1-F3-1 /T2-F0-1 /T1-F0-1 
/T2-F3-1 /T1-F3-1 /T2-F0-1 
"
1040099,k#vm#HKt#DUwz#OWxCN#hYuVBl#QGiqPgn#aIJbejAXpEZcFrysTSRLMofd,145.000000,1629.000000,58.000000,0.505102,1,"
minimal: 0 / states: 134 / duration: 0.000126s
history:
/T4-F3-1 /T6-F2-1 /T5-T3-1 /D:1     /W-F1-1  /D:2     /W-T0-1  /D:1     /W-F1-1  /D:3     
/W-F0-1  /T5-F0-1 /T4-F0-1 /T5-T0-1 /T6-T5-1 /T4-T3-1 /T5-T0-2 /T4-T3-1 /T4-F3-1 /T6-F3-1 
/T3-T4-4 /D:5     /W-F1-1  /D:1     /W-T0-1  /D:2     /W-T1-1  /T0-T1-6 /T1-T0-8 /T1-T4-1 
/D:3     /W-T2-1  /D:1     /W-T0-1  /T6-T0-1 /T6-T3-1 /D:2     /W-T1-1  /T5-T1-1 /T2-T5-2 
/T2-T1-1 /T2-T3-1 /T5-T4-3 /D:1     /W-F2-1  /D:1     /W-T6-1  /D:1     /W-F1-1  /R       
/D:2     /W-F1-1  /T6-F1-1 /D:1     /W-T1-1  /W-T1-1  /D:2     /W-F2-1  /T0-F2-1 /D:1     
/W-T4-1  /D:1     /W-T2-1  /D:1     /W-F2-1  /D:1     /W-F2-1  /T4-T6-2 /T4-F2-1 /T6-T4-3 
/T6-F3-1 /T0-F3-1 /T0-T3-2 /T0-F2-1 /T4-T1-4 /T4-F2-1 /D:2     /W-T2-1  /R       /D:1     
/W-T2-1  /T3-T2-5 /F2-T4-1 /T3-T4-1 /T3-F0-1 /T1-F0-1 /T1-F3-1 /T2-F0-1 /T1-F0-1 /T2-F1-1 
/T1-F1-1 /T2-F0-1 /T2-F1-1 /T1-F0-1 /T1-F1-1 /T0-T2-1 /T0-F0-1 /T0-F1-1 /T1-F0-1 /T2-T0-3 
/T2-F0-1 /T4-T1-4 /T4-F1-1 /T0-T2-4 /T0-F1-1 /T1-T4-5 /T1-F0-1 /D:1     /W-F3-1  /T4-F3-1 
/T2-F3-1 /T4-F2-1 /T2-F2-1 /T4-F3-1 /T2-F3-1 /T4-F2-1 /T2-F2-1 /T4-F3-1 /T2-F3-1 /T4-F2-1 
"
1040123,e#fu#rEh#ztdm#DTcBq#xGPgKO#sCinQjA#wkyVSZIlJbYpFUoaHRLXNvMW,149.000000,2004.000000,55.000000,0.592784,1,"
minimal: 0 / states: 129 / duration: 0.000130s
history:
/T6-F0-1  /T4-T0-1  /T4-F0-1  /T4-T0-1  /T4-T1-1  /D:3      /W-T3-1   /W-T3-1   /W-T3-1   /D:1      
/W-T3-1   /T1-T3-2  /D:3      /W-T6-1   /T2-T6-1  /T2-T1-1  /D:6      /W-T3-1   /T0-T3-3  /T3-T0-11 
/T3-T1-1  /T3-T6-1  /W-T1-1   /T5-T1-1  /T6-T5-4  /T6-T2-1  /T6-F2-1  /W-T3-1   /T5-T3-5  /T1-T3-5  
/D:2      /W-F2-1   /D:1      /W-F1-1   /D:1      /W-T6-1   /T5-T6-1  /T5-T4-1  /D:4      /W-F3-1   
/T3-F3-1  /T4-F3-1  /T2-F3-1  /T3-F2-1  /T0-T4-1  /T0-F2-1  /T2-F2-1  /T4-T0-2  /D:2      /W-T1-1   
/D:1      /R        /D:1      /W-T5-1   /D:1      /W-T2-1   /D:1      /W-T1-1   /D:2      /W-F1-1   
/T0-F1-1  /T3-F1-1  /D:2      /W-F3-1   /T5-F3-1  /T0-T6-3  /T0-F3-1  /W-F3-1   /D:1      /W-T2-1   
/D:1      /W-T2-1   /W-T2-1   /T6-T2-6  /T6-F0-1  /T2-F0-1  /T2-F1-1  /T3-F0-1  /T2-F0-1  /T3-F1-1  
/T5-F0-1  /T6-F2-1  /T2-F1-1  /T2-F0-1  /T3-F2-1  /T0-F2-1  /T0-F3-1  /T3-F1-1  /T2-F1-1  /T3-F0-1  
/T2-F0-1  /T3-F1-1  /T3-F0-1  /T0-T2-1  /T0-F1-1  /T1-F1-1  /T2-T0-2  /T2-F0-1  /T1-F0-1  /T0-T2-3  
/T0-F1-1  /T5-T3-1  /D:1      /W-F2-1   /T2-F2-1  /T3-F2-1  /D:1      /W-F3-1   /T2-F3-1  /T2-F2-1  
/T3-F3-1  /T2-F3-1  /T3-F2-1  
"
1040711,Z#iR#dnm#lOar#feVjw#zHCSuk#UPKYvLy#tEIoxpGXbAJqhsBFMWDcNTgQ,99.500000,1107.000000,44.000000,0.655844,1,"
minimal: 0 / states: 118 / duration: 0.000112s
history:
/T6-T0-1  /T5-T0-1  /T6-T2-1  /T4-T0-1  /T6-T4-1  /D:5      /W-T6-1   /T4-T6-2  /T5-T4-1  /T3-T5-1  
/T3-F1-1  /T4-T0-2  /D:3      /W-T2-1   /D:1      /W-F1-1   /D:1      /W-F0-1   /D:1      /W-T2-1   
/D:1      /W-T1-1   /D:1      /W-T6-1   /W-T6-1   /T5-T6-2  /T3-T5-1  /D:2      /W-F0-1   /D:4      
/W-T4-1   /D:1      /W-F1-1   /D:1      /W-F3-1   /T5-F3-1  /T5-F0-1  /T4-F0-1  /D:1      /W-T0-1   
/D:1      /W-T5-1   /D:1      /W-T6-1   /R        /D:2      /W-F0-1   /D:3      /W-T6-1   /D:1      
/W-T0-1   /T1-T0-2  /T5-T1-2  /T6-T5-10 /T6-T3-1  /T6-F3-1  /T1-T2-3  /T2-T1-7  /T2-F2-1  /W-F2-1   
/T5-F2-1  /T0-F2-1  /T2-F1-1  /T4-F1-1  /T5-F3-1  /T0-F3-1  /T5-F2-1  /T0-F2-1  /T4-F1-1  /T5-F3-1  
/T0-F3-1  /T1-F1-1  /T6-F3-1  /D:1      /W-F0-1   /T5-F0-1  /T1-F0-1  /T5-F1-1  /W-F0-1   /W-F2-1   
/T0-F2-1  /T0-F3-1  /T1-F1-1  /T1-F0-1  /T5-F2-1  /T0-F2-1  /T5-F1-1  /T0-F1-1  /T3-F0-1  /T3-F1-1  
/T5-F2-1  /T0-F2-1  /T1-T0-2  /T1-F1-1  /D:1      /W-T1-1   /T5-T1-1  /T5-F2-1  /D:1      /W-F3-1   
/T0-F3-1  /T0-F0-1  /T1-F3-1  /T0-F3-1  /T1-F0-1  
"
1040738,i#kI#XsT#wYoU#OPrmG#bvZAMz#VhdFjuL#CWDqfSlepEaJHBRgtncQKxNy,110.500000,2629.000000,44.000000,0.565789,1,"
minimal: 0 / states: 126 / duration: 0.000118s
history:
/T4-T3-1 /T6-T4-1 /T6-T0-1 /T3-T1-2 /T2-T0-1 /T1-T6-3 /T2-T0-1 /T1-T4-1 /T5-T1-1 /D:5     
/W-T6-1  /D:2     /W-T1-1  /D:1     /W-T0-1  /D:2     /W-T6-1  /D:1     /W-F1-1  /D:1     
/W-T2-1  /T0-T2-5 /T5-T0-1 /T5-F0-1 /D:2     /W-F0-1  /D:4     /W-F2-1  /T3-F2-1 /T3-T0-1 
/T3-T4-1 /T4-T3-4 /D:2     /W-T4-1  /D:1     /W-T0-1  /T6-T0-6 /D:1     /W-T1-1  /D:1     
/W-F3-1  /D:1     /W-T5-1  /T2-T5-7 /T5-T2-9 /R       /D:1     /W-F0-1  /D:1     /W-T1-1  
/T5-T1-1 /T5-F1-1 /D:1     /W-F0-1  /T0-F0-1 /T6-F0-1 /T4-T0-2 /D:1     /W-T2-1  /T4-T2-1 
/T4-F3-1 /T2-F3-1 /T0-F3-1 /T6-T0-1 /T6-T1-1 /T6-T3-1 /D:2     /W-F2-1  /T2-F2-1 /D:1     
/W-T3-1  /D:1     /W-F3-1  /W-F3-1  /D:1     /W-T3-1  /T2-T3-2 /T2-F3-1 /T0-T1-4 /T0-F3-1 
/D:2     /W-F1-1  /T1-F1-1 /T1-F2-1 /T3-F1-1 /T1-F1-1 /T1-F0-1 /T3-F2-1 /T3-F1-1 /T3-F0-1 
/W-F2-1  /T1-F1-1 /T0-F0-1 /T2-F2-1 /T1-F2-1 /T2-F1-1 /T0-F1-1 /T3-F3-1 /T1-F3-1 /T2-F0-1 
/T0-F0-1 /T3-F2-1 /T1-F2-1 /T2-F3-1 /T0-F3-1 /T3-F1-1 /T1-F1-1 /T2-F2-1 /T1-F2-1 /T3-F0-1 
/T0-F0-1 /T2-F3-1 /T3-F1-1 
"
1041209,p#ub#dog#KeQD#yMrAZ#EBsPTH#qifIxhm#SCLzNXaGWUtVlOjkYvnwJcRF,135.000000,4753.000000,62.000000,0.509804,1,"
minimal: 0 / states: 135 / duration: 0.000136s
history:
/T2-T5-1 /T1-T0-1 /D:3     /W-T4-1  /D:2     /W-F3-1  /D:1     /W-T4-1  /D:1     /W-F1-1  
/T0-F1-1 /D:7     /W-F3-1  /D:5     /W-F2-1  /T2-F2-1 /T0-F2-1 /T6-T0-1 /D:1     /W-T4-1  
/D:2     /W-F1-1  /T2-F1-1 /T4-T2-4 /T4-F0-1 /D:2     /W-T5-1  /W-T5-1  /T3-T5-1 /T3-T4-1 
/T3-F1-1 /R       /D:2     /W-T4-1  /D:2     /W-T6-1  /D:1     /W-T3-1  /D:3     /W-T2-1  
/T5-T2-5 /T5-T1-1 /T5-F3-1 /T5-T1-1 /T5-F0-1 /T4-F0-1 /T2-F0-1 /T4-F3-1 /T5-F0-1 /T2-F3-1 
/T2-F0-1 /T6-F0-1 /W-T6-1  /D:5     /W-T3-1  /T6-T3-2 /D:1     /R       /D:1     /W-T3-1  
/T4-T3-1 /T4-T5-1 /T4-T0-1 /D:1     /W-T4-1  /D:2     /W-T4-1  /T6-T4-1 /W-T6-1  /D:1     
/W-T4-1  /T6-T4-2 /T6-F1-1 /T2-F1-1 /T2-F0-1 /T3-T4-3 /T3-F1-1 /T6-F1-1 /T6-F2-1 /T4-F2-1 
/T1-F2-1 /T4-F3-1 /T1-F3-1 /T4-F2-1 /T1-F2-1 /T4-F3-1 /T2-F3-1 /T3-F2-1 /T2-F2-1 /T4-F0-1 
/T3-F3-1 /T4-F1-1 /T4-F2-1 /T0-F2-1 /T2-F3-1 /T4-T5-1 /T4-F2-1 /T3-T5-1 /D:1     /W-F1-1  
/D:1     /W-F3-1  /T2-T0-1 /T2-F3-1 /D:1     /W-F0-1  /T5-F0-1 /T0-F0-1 /T5-F1-1 /T0-F1-1 
/T5-F0-1 
"
1041242,b#kx#zmK#FTwy#fJYrn#qjRPle#pIOCNUQ#VLGaAMDZWtBdguXEHshviSoc,86.500000,918.000000,34.000000,0.750000,1,"
minimal: 0 / states: 123 / duration: 0.000117s
history:
/T4-F2-1 /T6-T4-1 /D:3     /W-T6-1  /D:1     /W-F1-1  /T0-F1-1 /D:1     /W-F0-1  /D:1     
/W-T0-1  /D:1     /W-T5-1  /D:2     /W-T1-1  /D:2     /W-F0-1  /D:4     /W-T3-1  /D:5     
/W-T1-1  /T6-T1-2 /T6-F3-1 /T6-F0-1 /T6-F3-1 /T5-F0-1 /W-T6-1  /D:2     /W-T1-1  /T4-T1-2 
/T2-T4-1 /T3-T2-2 /T3-T2-1 /T4-T0-2 /W-T2-1  /W-T3-1  /T5-T3-1 /T1-T5-8 /T4-T1-1 /W-T2-1  
/T3-T2-3 /W-F0-1  /T3-F0-1 /T2-T3-9 /T5-T2-9 /T5-F3-1 /T2-F3-1 /T5-F3-1 /T5-T0-1 /T6-T0-2 
/T2-T4-1 /T2-F3-1 /T2-F0-1 /T5-T3-1 /D:1     /W-F2-1  /T6-F2-1 /T3-F2-1 /T4-F2-1 /D:1     
/W-F1-1  /R       /D:1     /W-T1-1  /D:2     /W-T5-1  /W-T5-1  /T1-T5-3 /D:1     /W-T0-1  
/T4-T0-1 /D:1     /W-F1-1  /T3-F1-1 /T0-F1-1 /T3-F2-1 /T0-F2-1 /T3-F3-1 /T2-F3-1 /T3-F0-1 
/T5-F3-1 /T0-T2-1 /T0-F0-1 /T5-F0-1 /T2-T0-2 /T2-F3-1 /T0-T2-3 /T0-F0-1 /T3-T5-2 /T3-F3-1 
/T0-F3-1 /T5-T3-3 /T5-F0-1 /T0-F0-1 /T5-F3-1 /D:1     /W-F1-1  /T2-F1-1 /T3-F1-1 /D:1     
/W-F2-1  /T2-F2-1 /T2-F1-1 /T3-F2-1 /T2-F2-1 /T3-F1-1 /T2-F1-1 /T3-F2-1 /T2-F2-1 /T3-F1-1 
"
1041328,a#BZ#LiW#Yump#nKbDk#dMHlzv#qOoeFcx#SjVTCIQyEfwhsUNPJrGRtAXg,102.000000,2002.000000,59.000000,0.543478,1,"
minimal: 0 / states: 147 / duration: 0.000162s
history:
/T0-F1-1  /T5-T2-1  /T5-T0-1  /T6-T5-1  /T5-T0-2  /T2-T0-2  /T5-T2-1  /D:4      /W-T2-1   /D:4      
/W-T1-1   /T4-T1-1  /T6-T4-1  /T6-T2-1  /T4-T6-2  /T4-F1-1  /T6-T2-3  /T6-T2-1  /T6-T3-1  /D:3      
/W-T1-1   /T2-T1-8  /D:1      /W-T0-1   /D:3      /W-F3-1   /T3-F3-1  /D:1      /W-F3-1   /D:3      
/W-T0-1   /D:3      /W-F0-1   /D:1      /W-T2-1   /D:1      /R        /D:1      /W-T0-1   /D:1      
/W-T4-1   /D:3      /W-T4-1   /D:1      /W-F3-1   /D:1      /W-T0-1   /F3-T0-1  /T3-T0-1  /T2-T3-2  
/T3-T2-3  /D:3      /W-T4-1   /D:1      /W-T2-1   /D:3      /W-T4-1   /D:1      /W-T3-1   /R        
/D:1      /W-T2-1   /T3-T2-2  /T4-T3-5  /T4-F2-1  /T1-F2-1  /T0-F2-1  /T1-T4-11 /T1-F0-1  /T4-F1-1  
/T6-F2-1  /T5-T1-1  /T0-F3-1  /T5-F1-1  /T3-T1-6  /D:1      /W-F0-1   /T4-F0-1  /T0-F0-1  /T4-F1-1  
/T4-F0-1  /T0-T1-1  /T0-F0-1  /D:1      /W-F1-1   /T2-F1-1  /T0-F1-1  /T4-T2-1  /T4-F0-1  /T4-F1-1  
/T1-T0-3  /T1-F0-1  /T1-F1-1  /T2-T4-3  /T2-F0-1  /T1-F0-1  /T4-T2-4  /T4-F1-1  /T0-T1-6  /T0-F1-1  
/T2-T4-5  /T2-F0-1  /T2-F1-1  /T1-T0-7  /T1-F0-1  /D:1      /W-T4-1   /D:1      /W-F2-1   /T4-F2-1  
/D:1      /W-F3-1   /T0-F3-1  /T0-F2-1  /T4-F3-1  /T0-F3-1  /T4-F2-1  /T0-F2-1  /T4-F3-1  /T0-F3-1  
/T4-F2-1  /T0-F2-1  /T4-F3-1  /T0-F3-1  /T4-F2-1  /T0-F2-1  /T4-F3-1  
"
1041381,t#UB#kxZ#QdCK#HOual#GvojrP#yXbqzAf#LEeDRwgmJsWFScpnhVMYTNIi,139.500000,2742.000000,58.000000,0.540404,1,"
minimal: 0 / states: 134 / duration: 0.000133s
history:
/T6-T0-1 /T6-F0-1 /T1-F0-1 /T4-T6-1 /T4-F1-1 /T3-T6-1 /T3-F0-1 /T0-T1-2 /T6-T0-3 /T5-T6-1 
/T5-T1-1 /T5-T0-1 /T5-T6-1 /T3-T1-1 /T5-T0-1 /T1-T0-5 /T2-T1-1 /D:1     /W-T1-1  /D:3     
/W-F0-1  /D:3     /W-T4-1  /D:3     /W-T4-1  /D:1     /W-T2-1  /D:2     /W-T5-1  /D:2     
/W-T0-1  /D:1     /W-F2-1  /T6-F2-1 /T0-F2-1 /D:6     /W-F3-1  /D:1     /W-T2-1  /D:1     
/R       /D:1     /W-F0-1  /D:1     /W-T4-1  /T6-T4-2 /T6-F1-1 /T6-T1-1 /D:2     /W-T1-1  
/D:3     /W-F0-1  /D:1     /W-F1-1  /T0-F1-1 /T3-T0-1 /D:1     /W-T2-1  /T5-T2-2 /D:1     
/W-T1-1  /T4-T1-6 /T4-F3-1 /T1-F3-1 /T0-F3-1 /T1-F2-1 /T0-F2-1 /T1-F1-1 /T0-F1-1 /T1-F2-1 
/T1-F1-1 /T0-F2-1 /T1-F2-1 /T2-T0-2 /T2-F1-1 /T0-T2-3 /T0-F2-1 /T4-T1-1 /D:1     /W-T3-1  
/D:1     /W-T3-1  /T2-T3-6 /W-T2-1  /T1-T2-2 /T1-F2-1 /W-T4-1  /W-F3-1  /T3-F3-1 /T3-F0-1 
/T2-F0-1 /T2-T6-3 /T6-T4-4 /D:1     /W-F3-1  /T3-F3-1 /T3-F0-1 /T4-F3-1 /T3-F3-1 /T1-F3-1 
/T3-F2-1 /T3-F3-1 /T4-F0-1 /T4-T1-1 /T4-F2-1 /T0-T3-3 /T0-F2-1 /T1-T4-2 /T1-F3-1 /D:1     
/W-F1-1  /T3-F1-1 /T3-F0-1 /T4-F1-1 /T3-F1-1 /T4-F0-1 /T3-F0-1 /T4-F1-1 
"
1050010,s#PN#YLm#BdZh#kwRVG#KgHEST#baXpyzO#jiuqctJnArlCIfevDoQxFWUM,145.000000,2369.000000,50.000000,0.605000,1,"
minimal: 0 / states: 121 / duration: 0.000121s
history:
/T1-F3-1 /T6-F3-1 /T4-T3-1 /T0-T5-1 /T6-T0-1 /T6-T2-1 /T1-F3-1 /T2-T1-2 /D:3     /W-T4-1  
/T5-T4-2 /T5-T3-1 /T5-T3-1 /D:5     /W-F2-1  /D:1     /W-F0-1  /D:2     /W-T0-1  /D:4     
/W-T4-1  /D:2     /W-T4-1  /D:1     /W-F2-1  /T6-F2-1 /T6-T1-1 /T6-F1-1 /T6-F1-1 /D:1     
/W-F3-1  /D:1     /W-T0-1  /D:2     /W-T0-1  /D:2     /W-T6-1  /R       /D:3     /W-F2-1  
/D:1     /W-F1-1  /D:2     /W-T1-1  /T4-T1-6 /T4-F3-1 /D:1     /W-F2-1  /D:2     /W-T0-1  
/T3-T0-4 /T2-T3-1 /T2-T6-1 /T3-T2-2 /T3-F1-1 /T3-F0-1 /W-F0-1  /T1-F0-1 /T0-F0-1 /T0-F3-1 
/T1-F1-1 /T1-F2-1 /T1-F3-1 /W-F2-1  /W-T4-1  /T5-T4-1 /T5-T1-1 /T1-T4-1 /T1-F2-1 /W-T5-1  
/T5-T6-2 /D:1     /W-F1-1  /T4-F1-1 /D:1     /W-F2-1  /D:1     /W-F0-1  /T0-F0-1 /T0-F1-1 
/T4-F0-1 /T4-F1-1 /T4-F2-1 /T0-F0-1 /T6-F1-1 /T4-F1-1 /T0-T6-1 /T0-F2-1 /T0-F1-1 /T1-T2-3 
/T1-F2-1 /T0-F2-1 /T1-F1-1 /D:1     /W-F3-1  /T2-F3-1 /T2-F0-1 /T6-F3-1 /T2-F3-1 /T6-F0-1 
/T2-F0-1 /T6-F3-1 /T2-F3-1 /T6-F0-1 
"
1050066,I#FM#iJc#dEOq#pBPXs#UvwfKA#DQSatVm#ezZnoCblRTLWykujNghYHxGr,153.500000,3509.000000,52.000000,0.640625,1,"
minimal: 0 / states: 125 / duration: 0.000131s
history:
/T5-F0-1 /T2-T3-1 /D:1     /W-T4-1  /T3-T4-2 /D:3     /W-F2-1  /D:1     /W-F2-1  /D:3     
/W-T1-1  /T5-T1-1 /D:3     /W-T6-1  /D:1     /W-T1-1  /T0-T1-1 /T6-T0-2 /T6-T2-1 /T5-T6-1 
/D:2     /W-T0-1  /T5-T0-1 /D:1     /W-T2-1  /D:2     /W-F3-1  /T3-F3-1 /T3-T6-1 /T3-T6-1 
/T1-T3-5 /D:1     /W-T2-1  /T4-T2-4 /T2-T4-8 /T2-T0-1 /D:1     /W-T3-1  /T6-T3-4 /T6-F1-1 
/D:2     /W-T0-1  /D:3     /W-T6-1  /R       /D:1     /W-T2-1  /D:2     /W-T3-1  /D:1     
/W-F1-1  /T4-F1-1 /D:1     /W-T1-1  /D:1     /W-T0-1  /T1-T0-2 /W-T1-1  /D:1     /W-T1-1  
/T4-T1-8 /T4-F3-1 /T4-F0-1 /T3-F0-1 /T4-F2-1 /T1-F2-1 /T3-F1-1 /T1-F1-1 /T6-F2-1 /T1-F2-1 
/T3-T6-1 /T3-F1-1 /T6-T3-2 /T6-F3-1 /T6-F0-1 /T0-F3-1 /T3-F0-1 /T0-F0-1 /T1-F1-1 /T3-F3-1 
/T0-F3-1 /T3-F2-1 /T1-F2-1 /T5-F2-1 /T3-F1-1 /T5-F3-1 /T1-F3-1 /T0-T1-2 /T0-F2-1 /D:2     
/W-T2-1  /D:1     /W-F2-1  /D:1     /W-F0-1  /T1-F0-1 /T1-F1-1 /T3-F0-1 /T1-F0-1 /T3-F3-1 
/T1-F3-1 /W-F1-1  /T0-F1-1 /T1-F2-1 /T3-F0-1 /T0-F0-1 /T2-F3-1 /T1-F3-1 /T3-F1-1 /T0-F1-1 
/T2-F2-1 /T3-F0-1 
"
1050138,X#Sb#luI#pUzF#gBQTn#RfdvjA#HhJWZLo#yetDYsiKkECmONMrwcVPqGax,163.500000,2203.000000,46.000000,0.670103,1,"
minimal: 0 / states: 118 / duration: 0.000117s
history:
/T4-F2-1 /T5-F0-1 /T6-F2-1 /T3-T4-1 /T2-T5-1 /T4-T2-2 /T0-T6-1 /T3-T0-1 /T3-T5-1 /T1-T3-1 
/T3-T4-2 /D:2     /W-T2-1  /D:1     /W-T5-1  /T1-T5-1 /D:1     /W-T2-1  /D:1     /W-T0-1  
/D:3     /W-T0-1  /T5-T0-5 /D:2     /W-T0-1  /T4-T0-3 /T4-F0-1 /D:1     /W-F0-1  /T2-F0-1 
/D:1     /W-T1-1  /T6-T1-2 /T6-T3-1 /T5-T6-1 /D:2     /W-F3-1  /W-F3-1  /D:3     /W-T1-1  
/D:2     /W-T1-1  /T2-T1-4 /D:1     /W-F3-1  /T0-T5-2 /T0-F3-1 /T5-T0-3 /D:1     /W-T1-1  
/W-T1-1  /W-T5-1  /T0-T5-3 /T0-F0-1 /D:2     /W-F1-1  /T5-F1-1 /T1-F1-1 /T5-F2-1 /T1-F2-1 
/T5-F1-1 /T1-F1-1 /T5-F2-1 /T5-F1-1 /T5-F3-1 /T0-F3-1 /T1-F0-1 /W-F0-1  /T1-F3-1 /T4-F1-1 
/W-T4-1  /T2-T4-1 /D:1     /W-T4-1  /T6-T4-2 /R       /D:1     /W-T3-1  /D:1     /W-F2-1  
/T0-F2-1 /T0-F3-1 /T1-F2-1 /T1-F3-1 /T4-F2-1 /T1-F2-1 /T6-T1-1 /T6-F1-1 /T6-F0-1 /T0-F0-1 
/T4-F3-1 /T1-F0-1 /T1-F3-1 /T4-F2-1 /T3-F2-1 /T0-T4-2 /T0-F3-1 /T0-F2-1 /T3-F3-1 /D:1     
/W-F1-1  /T4-F1-1 /T4-F0-1 /T1-F0-1 /D:1     /W-F1-1  /T4-F1-1 /T1-F1-1 /T4-F0-1 
"
1050163,n#XJ#iha#MqsS#wfkpr#DTeLtQ#jPYoWEm#KuCZbzHUBvlAIcGFOdxRVgNy,112.000000,1750.000000,45.000000,0.611111,1,"
minimal: 0 / states: 124 / duration: 0.000118s
history:
/T0-F2-1 /T2-F1-1 /T6-T0-1 /T5-T4-1 /T6-T3-1 /T5-T2-1 /T3-T2-2 /T5-T0-1 /T5-T3-1 /T3-T5-2 
/T3-T5-1 /D:3     /W-T4-1  /D:2     /W-F1-1  /D:5     /W-T6-1  /T2-T6-4 /T2-T1-1 /D:1     
/W-T3-1  /D:1     /W-F0-1  /W-F0-1  /T4-F0-1 /D:2     /W-F1-1  /D:4     /W-F1-1  /D:1     
/W-T3-1  /T6-T3-6 /T6-F2-1 /D:4     /W-F3-1  /D:1     /R       /D:1     /W-T6-1  /D:1     
/W-T1-1  /T5-T1-4 /T5-F0-1 /T3-F0-1 /T4-T3-2 /T4-F2-1 /T4-T0-1 /T1-T0-7 /T0-F2-1 /T0-F1-1 
/T4-F1-1 /T4-T1-1 /D:1     /W-T2-1  /D:1     /W-T4-1  /T6-T4-2 /D:5     /W-F0-1  /W-F0-1  
/D:1     /W-F3-1  /T6-F3-1 /T3-F3-1 /T3-F2-1 /T0-F2-1 /W-T6-1  /W-T6-1  /W-F0-1  /T6-T4-3 
/D:1     /W-F3-1  /T3-F3-1 /T0-F3-1 /T3-F2-1 /T4-F3-1 /T0-F2-1 /T4-F0-1 /T0-T1-1 /T0-F0-1 
/D:1     /W-F3-1  /T3-T4-2 /T3-F3-1 /T1-T0-2 /T1-F3-1 /T4-T3-3 /T4-F0-1 /T4-F3-1 /T2-F3-1 
/D:1     /W-F1-1  /T3-F1-1 /T0-F1-1 /T3-F2-1 /T0-F2-1 /T3-F1-1 /T0-F1-1 /T0-F0-1 /T3-F2-1 
/T3-F1-1 /T3-F0-1 /T0-F1-1 /D:1     /W-F2-1  /T4-F2-1 
"
1050200,N#tJ#fDM#KOsA#UjLkc#EiXZYx#gGwbmna#dBWuVCIRzPlhHoQreyFqSpvT,85.500000,759.000000,31.000000,0.762295,1,"
minimal: 0 / states: 111 / duration: 0.000114s
history:
/T0-F3-1 /T3-F0-1 /T6-F1-1 /T6-F2-1 /T6-T0-1 /T6-F1-1 /T4-F1-1 /T6-T4-1 /D:1     /W-F1-1  
/D:1     /W-F0-1  /D:1     /W-T5-1  /D:2     /W-T1-1  /W-T1-1  /D:1     /W-F0-1  /D:1     
/W-T5-1  /D:1     /W-T3-1  /D:3     /W-T2-1  /T5-T2-3 /D:1     /W-T2-1  /T6-T2-1 /T3-T6-2 
/T3-F3-1 /T3-T5-1 /T2-T3-7 /T2-F0-1 /W-F3-1  /T2-T3-1 /W-T2-1  /T5-T2-2 /T6-T1-3 /T5-T6-1 
/T1-T5-6 /D:2     /W-F2-1  /D:1     /W-F3-1  /T5-F3-1 /D:1     /W-T3-1  /D:1     /W-F1-1  
/D:1     /W-T0-1  /T4-T0-2 /T4-T6-1 /T5-T6-6 /T4-T2-1 /T5-T0-1 /T5-F0-1 /W-T0-1  /T1-T4-1 
/D:1     /W-F0-1  /T3-T4-2 /T3-F0-1 /T0-F0-1 /D:2     /W-F3-1  /D:1     /W-F2-1  /W-F2-1  
/T4-F2-1 /T4-F1-1 /T6-F2-1 /T4-F2-1 /T6-F1-1 /T3-F1-1 /T0-F1-1 /T2-F1-1 /T3-F0-1 /T6-F2-1 
/T6-T0-1 /T6-F0-1 /T2-F0-1 /T0-T6-2 /T0-F1-1 /T3-T2-2 /T3-F1-1 /T6-T0-3 /T6-F0-1 /T3-F0-1 
/T0-T6-4 /T0-F1-1 /D:1     /W-F2-1  /D:1     /W-F3-1  /T4-F3-1 /T6-F3-1 /T2-F3-1 /T6-F2-1 
/T2-F2-1 /T6-F3-1 /T2-F3-1 /T6-F2-1 /T2-F2-1 /T6-F3-1 
"
1050202,O#ur#wzi#ESDK#WJoNY#jBceps#lyPQGVM#hgdbnAvZkxaCUTtmfHIqRLFX,96.500000,2850.000000,54.000000,0.719388,1,"
minimal: 0 / states: 120 / duration: 0.000167s
history:
/T4-T6-1 /T4-F3-1 /T0-F3-1 /T6-T0-2 /T3-T0-1 /D:3     /W-T1-1  /D:2     /W-F2-1  /T4-F2-1 
/T6-T4-1 /D:1     /W-F0-1  /D:5     /W-F1-1  /D:1     /W-T1-1  /D:5     /W-T6-1  /T1-T6-3 
/T1-T2-1 /W-T1-1  /D:1     /W-T4-1  /D:3     /W-T5-1  /T3-T5-1 /D:1     /W-T1-1  /D:2     
/W-T1-1  /T4-T1-3 /T4-T0-1 /R       /D:2     /W-T1-1  /T5-T1-3 /T5-F2-1 /D:1     /W-F1-1  
/D:1     /W-T0-1  /W-T0-1  /T6-T0-5 /D:1     /W-T4-1  /D:4     /W-T2-1  /D:3     /W-F2-1  
/D:1     /W-T2-1  /T5-T2-1 /T5-F1-1 /T5-F0-1 /T0-F0-1 /T0-F1-1 /T6-T0-1 /T6-F3-1 /T0-F3-1 
/T0-F2-1 /T1-F0-1 /T1-F3-1 /T2-F1-1 /T1-F2-1 /T3-F3-1 /T3-F0-1 /T0-F1-1 /T2-F0-1 /T0-F0-1 
/T1-F1-1 /T2-F3-1 /T1-F0-1 /T6-T4-1 /T0-F1-1 /T2-T1-1 /T2-F1-1 /T2-T3-1 /T5-F1-1 /W-F0-1  
/W-F2-1  /T1-F2-1 /W-F3-1  /T0-F2-1 /T1-F3-1 /T0-F3-1 /T1-F0-1 /T0-F0-1 /T2-F2-1 /T1-F3-1 
/W-F2-1  /T0-F3-1 /W-F1-1  /T1-F0-1 /T4-F2-1 /T4-F3-1 /T6-F1-1 /T0-F0-1 /T1-F1-1 /T3-F2-1 
"
1050216,H#oC#Eta#QNXr#uTRfj#qxhwLm#IpkcPFd#UlyZVbvSiWBesDngKYGMJAzO,132.500000,1956.000000,50.000000,0.625000,1,"
minimal: 0 / states: 126 / duration: 0.000122s
history:
/T2-F1-1 /T6-T3-1 /T1-T3-1 /D:3     /W-T5-1  /D:3     /W-F1-1  /D:1     /W-T4-1  /D:1     
/W-T2-1  /T3-T2-3 /T3-T5-1 /T3-F3-1 /D:4     /W-T6-1  /D:2     /W-T6-1  /D:1     /W-F2-1  
/T1-F2-1 /T5-T1-3 /D:1     /W-T0-1  /T6-T0-3 /T6-T0-1 /T6-F1-1 /T6-T5-1 /T6-F2-1 /T2-T3-1 
/T2-F1-1 /T3-T2-2 /D:4     /W-T3-1  /D:1     /W-T1-1  /D:1     /W-F0-1  /D:2     /W-F3-1  
/T0-F3-1 /R       /D:1     /W-T4-1  /T2-T4-5 /D:1     /W-T3-1  /D:2     /W-T1-1  /T0-T1-5 
/W-T0-1  /T5-T0-2 /T5-T0-1 /T5-T6-1 /T4-T5-8 /T5-T3-9 /T5-F2-1 /T3-T2-2 /T3-F2-1 /T2-T3-3 
/D:1     /W-T0-1  /D:2     /W-F0-1  /T3-F0-1 /T1-F0-1 /T1-F1-1 /T3-F3-1 /T3-F0-1 /T4-F1-1 
/T4-F3-1 /T1-F0-1 /T3-F3-1 /T4-F3-1 /T1-F1-1 /T6-F1-1 /T0-F1-1 /D:1     /W-F2-1  /T3-F2-1 
/T4-F2-1 /T3-F3-1 /T3-F2-1 /T0-F2-1 /T3-F1-1 /T0-F1-1 /T3-F2-1 /T3-F1-1 /T1-T0-4 /T1-F2-1 
/T1-F1-1 /D:2     /W-T3-1  /W-T3-1  /W-T3-1  /T6-T3-1 /D:1     /W-F0-1  /T0-F0-1 /T0-F3-1 
/T3-F0-1 /T0-F0-1 /T3-F3-1 /T0-F3-1 /T3-F0-1 /T0-F0-1 /T3-F3-1 /T0-F3-1 /T3-F0-1 /D:1     
/W-F2-1  
"
1050270,D#Ge#KSm#BoWj#qpQXE#PtTuvC#xcnJwyN#IHMbAkzOVsfgrhZlRadiLUFY,101.000000,2148.000000,44.000000,0.623188,1,"
minimal: 0 / states: 129 / duration: 0.000135s
history:
/T6-F3-1 /T6-T2-1 /T0-T1-1 /T2-T0-2 /T4-T2-1 /T6-T4-1 /T4-T0-2 /T5-T4-1 /T5-T3-1 /T4-T2-2 
/D:4     /W-T2-1  /D:1     /W-F0-1  /D:3     /W-F3-1  /D:1     /W-T0-1  /T5-T0-1 /T5-T0-1 
/T2-T5-5 /T3-T2-2 /D:1     /W-T0-1  /T1-T0-2 /D:1     /W-T1-1  /D:2     /W-T1-1  /D:1     
/W-T2-1  /T5-T2-6 /T5-F3-1 /D:1     /W-T5-1  /D:3     /W-F1-1  /T2-F1-1 /D:1     /W-T1-1  
/T4-T1-1 /D:1     /W-T6-1  /D:1     /W-T5-1  /D:3     /R       /D:1     /W-T3-1  /D:1     
/W-T6-1  /D:2     /W-T5-1  /T6-T5-3 /T6-F2-1 /T6-F1-1 /T3-T6-2 /T3-F2-1 /T1-F2-1 /T3-F0-1 
/T2-F0-1 /T0-F0-1 /T1-F1-1 /T2-F3-1 /T2-F0-1 /T4-F2-1 /T0-F1-1 /T1-F2-1 /T1-F1-1 /T0-F2-1 
/T2-T1-1 /T2-F2-1 /T0-T5-1 /T0-F2-1 /T2-T6-1 /T2-F2-1 /W-T3-1  /T1-T6-2 /D:1     /W-T1-1  
/D:1     /W-F1-1  /D:1     /W-T1-1  /T2-T1-2 /D:1     /W-F3-1  /T6-F3-1 /T5-F3-1 /D:1     
/W-F3-1  /T0-F3-1 /T0-F2-1 /T6-T1-3 /T6-F3-1 /T0-F3-1 /T6-F2-1 /T0-F2-1 /T1-T3-6 /T1-F2-1 
/D:1     /W-F0-1  /T3-F0-1 /T3-F1-1 /T5-F0-1 /T3-F0-1 /T5-F1-1 /T3-F1-1 /T5-F0-1 /T3-F0-1 
/T5-F1-1 /T3-F1-1 /T5-F0-1 /T0-F1-1 /T3-F0-1 /D:1     /W-F3-1  /T5-F3-1 
"
1050317,h#ye#RLK#pflg#OIuak#TDcqbj#vxstdnA#YJzViBUZSXHwGmCFWNEQPMro,168.500000,2464.000000,42.000000,0.693548,1,"
minimal: 0 / states: 107 / duration: 0.000114s
history:
/T6-F0-1 /T6-F2-1 /T5-T2-1 /D:2     /W-T4-1  /D:2     /W-T4-1  /D:2     /W-F0-1  /D:5     
/W-T4-1  /T3-T4-1 /T2-T3-2 /T4-T2-5 /T4-F1-1 /T5-F1-1 /T5-T1-1 /T5-F1-1 /T6-F1-1 /T6-T0-1 
/T6-T2-1 /T1-T2-2 /W-T1-1  /W-T0-1  /D:1     /W-T1-1  /D:3     /W-F0-1  /T5-F0-1 /T5-T4-1 
/W-T5-1  /T2-T5-9 /T5-T2-1 /T5-F1-1 /T2-T5-2 /D:1     /W-T4-1  /D:1     /W-T6-1  /D:1     
/W-F3-1  /D:1     /W-F0-1  /T4-F0-1 /W-F0-1  /W-T2-1  /T1-T2-3 /D:2     /W-T5-1  /D:1     
/W-T1-1  /T3-T1-3 /T3-F1-1 /T5-T4-4 /T5-F1-1 /T5-F0-1 /T4-T5-6 /T4-F0-1 /T4-F3-1 /T5-F3-1 
/W-F3-1  /T5-T2-6 /T5-F0-1 /D:1     /W-T0-1  /D:1     /W-F2-1  /T3-F2-1 /T2-F2-1 /T0-F2-1 
/T2-F3-1 /T0-F3-1 /T2-F2-1 /T0-F2-1 /T0-F1-1 /T2-F3-1 /T2-F2-1 /W-F3-1  /T2-F3-1 /W-F1-1  
/T1-F1-1 /T1-F0-1 /T6-T1-2 /T6-F2-1 /T1-F3-1 /T2-F2-1 /T1-F2-1 /T2-F3-1 /T5-F1-1 /T1-F1-1 
/T2-F2-1 /T5-F0-1 /T5-F1-1 /T1-F0-1 /W-F2-1  /W-F3-1  /T2-F3-1 
"
1050326,J#Yw#tBv#Cepx#mFNnQ#bWqfUa#GhlsALP#ZkzcSgKdjTVDRoXMEiHIuyrO,135.500000,1928.000000,57.000000,0.573864,1,"
minimal: 0 / states: 133 / duration: 0.000133s
history:
/T5-F1-1 /T5-T2-1 /D:9     /W-T3-1  /T2-T3-2 /T2-T6-1 /T5-T2-1 /T6-T5-2 /T2-T3-2 /D:2     
/W-T0-1  /D:4     /W-T6-1  /T1-T6-1 /T3-T1-6 /T3-T4-1 /T5-T3-3 /D:1     /W-T2-1  /T1-T2-7 
/D:1     /W-T2-1  /T4-T2-2 /T4-F2-1 /T4-F3-1 /W-F2-1  /T3-T4-4 /T2-F2-1 /T3-T2-1 /D:1     
/W-T6-1  /D:1     /W-T0-1  /D:1     /W-T5-1  /D:1     /W-T6-1  /D:3     /W-F3-1  /R       
/D:1     /W-T1-1  /T6-T1-5 /T6-F0-1 /T4-F0-1 /T4-F3-1 /T2-F0-1 /T2-F3-1 /T4-F2-1 /D:2     
/W-T3-1  /D:3     /W-T0-1  /T6-T0-1 /T6-T3-1 /T6-T5-1 /W-T6-1  /T6-T5-2 /D:1     /W-T3-1  
/T5-T3-5 /T5-F1-1 /W-F1-1  /D:1     /W-F1-1  /T4-F1-1 /T2-T3-1 /T2-F1-1 /D:1     /W-T1-1  
/T4-T1-1 /D:1     /W-F0-1  /T3-F0-1 /T1-F0-1 /T0-T1-1 /T0-F1-1 /T3-T2-1 /T3-F0-1 /T0-F0-1 
/T3-F1-1 /T3-F0-1 /T1-T0-3 /T1-F1-1 /T0-T1-4 /T0-F0-1 /T2-T3-4 /T2-F1-1 /W-F1-1  /T3-T2-5 
/T3-F0-1 /T3-F1-1 /T4-F1-1 /D:1     /W-F3-1  /T2-F3-1 /D:2     /W-F2-1  /T1-F2-1 /T1-F3-1 
/T2-F2-1 /T1-F2-1 /T2-F3-1 /T1-F3-1 /T2-F2-1 /T1-F2-1 /T2-F3-1 /T1-F3-1 /T1-F0-1 /T2-F2-1 
/T2-F3-1 /T2-F0-1 /W-F2-1  /T1-F3-1 /T3-F2-1 
"
1050334,r#qz#VME#ocgl#YLNhK#dDCbUm#ZxjtXOy#IQHkBWPGRSTJuvsnaAfFpewi,169.000000,1620.000000,54.000000,0.558252,1,"
minimal: 0 / states: 126 / duration: 0.000126s
history:
/T6-T5-1 /T4-T3-1 /T3-T1-2 /D:2     /W-T0-1  /D:2     /W-T5-1  /D:2     /W-T1-1  /D:2     
/W-T4-1  /D:2     /W-T4-1  /T2-T4-1 /D:2     /W-T5-1  /D:2     /W-T1-1  /T4-T1-4 /T4-F3-1 
/T6-F3-1 /T6-T4-1 /D:1     /W-T3-1  /D:1     /W-F2-1  /D:1     /W-F1-1  /D:1     /W-F0-1  
/D:1     /W-T6-1  /T0-T6-2 /T5-T0-4 /T6-T5-4 /D:2     /W-T5-1  /D:1     /W-T3-1  /D:1     
/W-T4-1  /D:1     /W-T0-1  /R       /D:1     /W-T6-1  /T5-T6-6 /T5-F1-1 /D:1     /W-T0-1  
/T3-T0-3 /T3-F1-1 /T3-F2-1 /T6-F2-1 /T5-T6-1 /T1-T3-9 /T5-T0-1 /T5-T3-1 /T2-T5-1 /T1-F2-1 
/T3-F1-1 /T6-T3-2 /T6-F2-1 /T2-T4-1 /D:1     /W-F0-1  /T3-F0-1 /T0-F0-1 /T0-F1-1 /T0-F2-1 
/T6-F1-1 /T0-F1-1 /T6-F2-1 /T3-T6-4 /T3-F1-1 /T0-T4-1 /T0-F1-1 /D:1     /W-F3-1  /T6-F3-1 
/T6-F0-1 /D:1     /W-F3-1  /T6-F3-1 /D:1     /W-F3-1  /D:1     /W-F2-1  /T3-F2-1 /T6-T3-3 
/T6-F1-1 /T4-T0-2 /T4-F2-1 /T6-F2-1 /T4-T6-2 /T0-T6-3 /T0-F1-1 /T0-F2-1 /T3-T4-5 /T3-F1-1 
/T0-F1-1 /T3-F2-1 /T4-T5-6 /D:1     /W-F0-1  /T5-F0-1 /T5-F3-1 /T6-F0-1 /T5-F0-1 /T6-F3-1 
/T5-F3-1 /T6-F0-1 /T5-F0-1 /T6-F3-1 /T5-F3-1 /T6-F0-1 /T5-F0-1 /T6-F3-1 
"
1050397,v#DB#mPa#XFfG#VLhCS#lgzRWr#ecsNnOx#EQdbHwZJupUAYoyiTMqItkKj,95.000000,1784.000000,46.000000,0.685185,1,"
minimal: 0 / states: 122 / duration: 0.000124s
history:
/T2-F1-1 /T5-T4-1 /T4-T3-2 /T5-T6-1 /T1-T2-1 /T2-T1-2 /T0-T6-1 /T1-T5-3 /D:2     /W-T3-1  
/T4-T3-1 /T3-T4-5 /T4-T6-6 /T4-T2-1 /W-T3-1  /D:1     /W-T3-1  /D:1     /W-F1-1  /D:1     
/W-T4-1  /D:2     /W-T0-1  /D:3     /W-T3-1  /D:2     /W-F0-1  /T5-F0-1 /T6-F0-1 /D:2     
/W-T5-1  /D:1     /W-T0-1  /D:2     /W-T4-1  /D:1     /W-T1-1  /D:4     /W-T0-1  /D:2     
/R       /D:1     /W-T0-1  /T4-T0-3 /D:4     /W-T1-1  /T6-T1-8 /T6-T3-1 /T6-F2-1 /T5-F2-1 
/T6-F3-1 /T3-F3-1 /T3-F2-1 /T5-F3-1 /T1-F3-1 /T5-T6-2 /T5-T4-1 /T6-T0-3 /T6-F1-1 /T0-F0-1 
/T3-F1-1 /T3-F0-1 /T0-F3-1 /T6-F1-1 /T3-F1-1 /T3-F0-1 /T5-F1-1 /T3-T2-1 /T5-T4-1 /D:2     
/W-F2-1  /T1-F2-1 /T0-F2-1 /T1-F3-1 /T0-F3-1 /T1-F0-1 /T0-F0-1 /T1-F1-1 /W-F1-1  /W-F3-1  
/T0-F3-1 /D:1     /W-F0-1  /D:1     /W-F2-1  /W-F2-1  /T1-F2-1 /T0-F2-1 /T1-F3-1 /W-F0-1  
/T2-F3-1 /T1-F2-1 /T1-F3-1 /T0-T2-1 /T0-F2-1 /T0-F3-1 /T4-T1-1 /T4-F2-1 /D:1     /W-F0-1  
/D:1     /W-F1-1  /T2-F1-1 /T1-F1-1 /T2-F0-1 /T1-F0-1 /T2-F1-1 
"
1050417,I#TA#Ech#kjCZ#ezpmV#iWSQbR#FKUDvfL#HXBqnNdautGwYJsyOgolPxMr,188.000000,2251.000000,43.000000,0.621053,1,"
minimal: 0 / states: 117 / duration: 0.000120s
history:
/T1-F0-1 /T6-T3-1 /T2-T0-1 /D:1     /W-T4-1  /T1-T4-1 /T3-T1-2 /D:1     /W-T1-1  /D:1     
/W-F0-1  /T3-F0-1 /T0-T3-2 /D:1     /W-T5-1  /T2-T5-1 /T2-T6-1 /D:1     /W-F2-1  /D:1     
/W-F3-1  /D:1     /W-T6-1  /D:1     /W-F1-1  /D:2     /W-T3-1  /T6-T3-3 /D:2     /W-T1-1  
/T4-T1-3 /T4-T0-1 /T4-T3-1 /T4-T2-1 /D:1     /W-T2-1  /D:2     /W-T1-1  /T5-T1-3 /T5-F1-1 
/T1-F1-1 /T3-T5-1 /T3-F1-1 /T5-T3-2 /T4-F1-1 /T3-T5-3 /T3-F1-1 /T5-T3-4 /T6-T5-1 /T6-F0-1 
/T6-T5-1 /T3-T6-8 /T6-T2-9 /W-T3-1  /W-T5-1  /D:1     /W-T0-1  /T3-T0-2 /D:1     /W-F3-1  
/D:1     /W-F1-1  /D:1     /W-F2-1  /T2-F2-1 /T1-F2-1 /D:2     /W-F3-1  /T2-F3-1 /T1-F3-1 
/T2-F0-1 /T6-F0-1 /T2-F3-1 /T5-F0-1 /T2-T5-1 /T2-F1-1 /D:2     /W-T3-1  /D:1     /W-F2-1  
/T1-F2-1 /T1-F3-1 /T1-F0-1 /T5-F2-1 /T5-F3-1 /T2-F0-1 /T0-F0-1 /T1-F3-1 /T5-T2-1 /T5-F3-1 
/T5-F1-1 /T1-T0-1 /T1-F3-1 /R       /D:1     /W-F2-1  /T2-F2-1 /T0-F2-1 /T2-F1-1 /T0-F1-1 
/T2-F0-1 /T1-F0-1 /T2-F3-1 /T1-F3-1 /T3-F0-1 /D:1     /W-F1-1  /D:1     /W-F2-1  /T0-F2-1 
/T0-F1-1 /T2-F2-1 
"
1050526,n#Gh#KOS#aglU#fAoLH#JerZWv#dsEyPCi#kTNcbXtRDqzjFVxuQMBYpwmI,116.000000,2927.000000,52.000000,0.630952,1,"
minimal: 0 / states: 118 / duration: 0.000122s
history:
/T0-F2-1 /T4-T6-1 /T3-T5-1 /D:1     /W-T4-1  /D:1     /W-T6-1  /D:1     /W-F3-1  /D:4     
/W-T1-1  /T2-T1-1 /T2-F3-1 /T2-T3-1 /D:4     /W-T0-1  /T3-T0-2 /D:1     /W-T0-1  /T5-T0-2 
/D:1     /W-T3-1  /D:5     /W-T2-1  /D:2     /W-T2-1  /D:2     /W-T4-1  /T6-T4-3 /D:2     
/W-T5-1  /T1-T5-3 /T1-T0-1 /W-T1-1  /T4-T1-6 /T4-F2-1 /T4-F0-1 /W-F2-1  /W-F0-1  /T6-F0-1 
/T6-F3-1 /W-F3-1  /T4-T0-1 /R       /D:3     /W-T6-1  /D:1     /W-F3-1  /T5-F3-1 /T1-F3-1 
/T3-T1-2 /T3-F1-1 /W-F1-1  /W-F1-1  /D:1     /W-F0-1  /D:1     /W-F2-1  /D:2     /W-T2-1  
/T5-T2-4 /T5-T3-1 /T5-F2-1 /T6-T3-2 /T6-F0-1 /T6-F2-1 /T6-F1-1 /T5-F1-1 /T0-F1-1 /T1-F0-1 
/T0-F0-1 /T1-F1-1 /T1-F0-1 /T2-F2-1 /T0-F3-1 /T2-F1-1 /T2-F0-1 /T1-F1-1 /T5-F0-1 /W-F3-1  
/T2-F3-1 /T3-F3-1 /T0-T2-2 /T0-F0-1 /T1-T3-2 /T1-F0-1 /T2-T0-3 /T2-F3-1 /T2-F0-1 /T3-T1-3 
/T3-F3-1 /D:1     /W-F2-1  /T0-F2-1 /T0-F1-1 /T1-F2-1 /T0-F2-1 /T1-F1-1 /T0-F1-1 /T1-F2-1 
/T0-F2-1 /T1-F1-1 
"
1050555,V#NJ#GZU#LaSn#HQDtb#EYXczP#OIpeAWC#lMoimxRwfuyBjrkdKThFsgvq,85.500000,1487.000000,35.000000,0.729508,1,"
minimal: 0 / states: 125 / duration: 0.000121s
history:
/T3-F2-1 /T4-T6-1 /T4-T2-1 /T5-T4-1 /T3-T2-1 /T3-F1-1 /T6-F1-1 /T0-T1-1 /T5-T0-1 /T5-F1-1 
/T5-T3-1 /T1-T3-2 /T1-F3-1 /T5-T0-1 /T5-T2-1 /D:2     /W-T1-1  /W-T1-1  /D:1     /W-F2-1  
/D:2     /W-T5-1  /T3-T5-4 /D:1     /W-T0-1  /D:4     /W-T5-1  /D:2     /W-T4-1  /D:1     
/W-T0-1  /D:3     /W-T2-1  /T6-T2-1 /D:1     /W-T1-1  /T6-T1-1 /T6-F0-1 /T4-F0-1 /T4-T6-2 
/T2-F0-1 /T2-F1-1 /T4-T2-1 /D:1     /W-T4-1  /D:2     /W-T4-1  /T6-T4-3 /T6-F2-1 /T2-T6-5 
/T2-T3-1 /T6-T0-6 /T6-F3-1 /T4-F3-1 /T0-F3-1 /T4-F0-1 /T0-F0-1 /T4-F1-1 /T4-F0-1 /T2-F0-1 
/T4-T5-1 /T4-F0-1 /D:1     /W-T5-1  /D:2     /W-T1-1  /T0-T1-3 /T0-F0-1 /D:1     /W-F2-1  
/R       /D:2     /W-F3-1  /T1-F3-1 /D:2     /W-F1-1  /D:1     /W-T3-1  /D:1     /W-F2-1  
/T5-F2-1 /T1-F2-1 /T5-F3-1 /T1-F3-1 /T5-F2-1 /T5-F3-1 /T1-F2-1 /T1-F3-1 /T5-F0-1 /T1-F0-1 
/T5-F3-1 /T5-F0-1 /W-F2-1  /T0-T1-2 /T0-F3-1 /T1-T0-3 /T1-F0-1 /T3-T5-1 /T3-F3-1 /D:1     
/W-T5-1  /D:2     /W-F1-1  /W-F1-1  /W-F1-1  /T0-F1-1 /T0-F2-1 /T5-F1-1 /T0-F1-1 /T5-F2-1 
/T0-F2-1 /T5-F1-1 
"
1050628,Y#Gw#gFM#ZBRE#mJVvC#qUipkj#lWbyaQA#nXSxuDPtdHfLhrzsKOcTNoeI,134.500000,3486.000000,43.000000,0.633721,1,"
minimal: 0 / states: 125 / duration: 0.000120s
history:
/T6-F0-1 /T6-T3-1 /T6-F1-1 /T4-T3-1 /T4-T5-1 /T4-T1-1 /T0-T2-1 /T2-T0-2 /D:1     /W-F2-1  
/D:1     /W-T6-1  /T1-T6-2 /D:1     /W-T1-1  /T3-T1-3 /T3-T2-1 /T3-F0-1 /T6-T3-4 /T6-F1-1 
/T1-F0-1 /D:1     /W-T0-1  /T5-T0-2 /T4-T5-1 /D:1     /W-T3-1  /D:1     /W-F0-1  /D:6     
/W-T4-1  /T5-T4-2 /T5-T1-1 /T5-T4-1 /T5-T0-1 /T1-T0-5 /T5-T2-1 /D:3     /W-T1-1  /D:3     
/W-T0-1  /D:1     /W-F1-1  /D:1     /W-T3-1  /T2-T3-3 /D:1     /W-F3-1  /T0-F3-1 /D:1     
/W-F2-1  /T0-F2-1 /T3-F2-1 /D:2     /W-T6-1  /R       /D:1     /W-F3-1  /T0-F3-1 /T3-F3-1 
/T0-F0-1 /T0-F3-1 /T3-F0-1 /T0-F0-1 /T3-F3-1 /T0-F3-1 /T3-T4-1 /T3-F3-1 /T2-T4-1 /D:2     
/W-F1-1  /D:1     /W-F0-1  /T6-F0-1 /T6-F3-1 /T4-T3-3 /T4-F0-1 /T3-T4-4 /T3-F3-1 /T0-T6-3 
/T0-F3-1 /T6-T0-4 /D:2     /W-T0-1  /D:1     /W-F2-1  /D:1     /W-F2-1  /D:1     /W-F0-1  
/T4-T3-5 /T4-F0-1 /T0-T1-5 /T0-F0-1 /T3-T4-6 /T3-F3-1 /D:1     /W-F1-1  /W-F1-1  /T4-F1-1 
/W-F2-1  /T1-F1-1 /T4-F2-1 /T1-F2-1 /T4-F1-1 /T1-F1-1 /T4-F2-1 /T1-F2-1 /T4-F1-1 /T1-F1-1 
/T4-F2-1 /T1-F2-1 /T4-F1-1 
"
1050630,t#uL#IGW#wVmF#ZkKjJ#fXHBsU#nDTARgS#aMvYqodbyPpEhCzeNxrQOcli,159.500000,2029.000000,43.000000,0.656566,1,"
minimal: 0 / states: 116 / duration: 0.000114s
history:
/T6-T0-1 /T3-T6-1 /T1-T3-1 /T6-T1-2 /T6-T1-1 /T6-F0-1 /T0-T5-2 /T3-T0-2 /T3-T4-1 /T1-T4-4 
/D:1     /W-F1-1  /D:1     /W-T1-1  /D:1     /W-T2-1  /T5-T2-3 /T5-T6-1 /T5-F0-1 /T6-T5-2 
/T6-T4-1 /T6-F2-1 /D:1     /W-T1-1  /D:2     /W-F2-1  /D:2     /W-F1-1  /D:2     /W-T4-1  
/D:1     /W-F2-1  /D:1     /W-T2-1  /D:2     /W-F0-1  /D:1     /W-T6-1  /D:1     /W-T5-1  
/D:1     /W-F3-1  /D:1     /W-T1-1  /T2-T1-6 /D:2     /W-T1-1  /D:1     /W-F3-1  /T4-F3-1 
/T1-F3-1 /T4-F0-1 /T1-F0-1 /T4-F3-1 /T1-F3-1 /T4-F0-1 /T2-F0-1 /T5-T4-2 /T5-F3-1 /T5-F0-1 
/T4-T5-6 /T5-T0-7 /T2-F0-1 /T0-T3-5 /T0-F0-1 /W-T5-1  /T3-T0-6 /T5-T1-2 /D:1     /W-F1-1  
/D:1     /W-T6-1  /D:1     /R       /D:1     /W-F2-1  /T1-F2-1 /D:1     /W-F1-1  /T0-F1-1 
/T0-F2-1 /T1-F1-1 /T0-F1-1 /T1-F2-1 /T0-F2-1 /T1-F3-1 /T0-F3-1 /T1-F2-1 /T1-F3-1 /T4-T1-1 
/T4-F0-1 /T0-F2-1 /T0-F3-1 /T4-T0-1 /T1-T6-2 /T1-F3-1 /T4-F3-1 /D:2     /W-F1-1  /D:1     
/W-F1-1  /T6-F1-1 /T0-F1-1 /T0-F0-1 /T6-F2-1 /T6-F1-1 /T1-F0-1 /W-F2-1  /T0-F1-1 /T6-F2-1 
"
1050650,a#Do#kAm#SGBs#TUurW#RIMqEf#PhCcHxw#jQpiLOVYgvzJltyZbnNKdeXF,151.500000,3240.000000,50.000000,0.561728,1,"
minimal: 0 / states: 124 / duration: 0.000120s
history:
/T0-F1-1  /T2-T0-1  /T2-F0-1  /T6-T2-1  /T4-T6-1  /T4-T5-1  /D:2      /W-T5-1   /D:1      /W-T5-1   
/D:1      /W-T2-1   /T4-T2-1  /D:1      /W-T0-1   /T2-T0-4  /D:1      /W-T5-1   /D:3      /W-T0-1   
/T3-T0-1  /T3-F0-1  /T5-T3-5  /T3-T4-6  /T5-T3-1  /D:1      /W-T6-1   /T4-T6-7  /D:1      /W-T2-1   
/W-T2-1   /T6-T2-10 /T4-T6-1  /D:5      /W-T4-1   /W-T4-1   /D:1      /W-F1-1   /D:1      /W-F2-1   
/T1-F2-1  /D:1      /W-F3-1   /T2-F3-1  /T2-F2-1  /T5-F2-1  /T2-T3-1  /T2-F2-1  /T0-F2-1  /W-F2-1   
/W-T5-1   /D:1      /W-T5-1   /D:3      /W-T4-1   /D:1      /W-T0-1   /W-T0-1   /T1-T0-1  /T5-T1-3  
/R        /D:1      /W-T1-1   /T5-T1-1  /D:2      /W-T4-1   /W-T4-1   /T6-T4-2  /T6-F1-1  /T6-F0-1  
/T6-T1-1  /T6-F3-1  /T0-F0-1  /T3-F3-1  /T5-F3-1  /T3-F0-1  /T3-F3-1  /T4-F3-1  /T0-T4-3  /T0-F2-1  
/T2-T1-2  /T2-F3-1  /T2-F2-1  /T4-T0-4  /T4-F3-1  /T2-F3-1  /T0-T4-5  /T0-F2-1  /T2-F2-1  /T4-T0-6  
/T4-F3-1  /T2-F3-1  /T4-F2-1  /T2-F2-1  /T4-F3-1  /D:1      /W-F1-1   /T0-F1-1  /T0-F0-1  /T1-F1-1  
/T0-F1-1  /T1-F0-1  /T0-F0-1  /T1-F1-1  /T0-F1-1  /T1-F0-1  /T0-F0-1  /T1-F1-1  /T0-F1-1  /T1-F0-1  
/T0-F0-1  /T1-F1-1  /T0-F1-1  /T1-F0-1  
"
1050767,f#LA#etC#rnKd#QmgDG#qVHkvb#uPFWBNJ#aTIhsXzUxjcpROSYElwMZoiy,122.500000,1353.000000,42.000000,0.657895,1,"
minimal: 0 / states: 113 / duration: 0.000120s
history:
/T1-F0-1 /T5-T2-1 /T2-T3-2 /T0-T2-1 /D:1     /W-F1-1  /T3-F1-1 /D:3     /W-T5-1  /T4-T5-1 
/D:2     /W-T1-1  /T6-T1-1 /T6-F3-1 /T6-F0-1 /T5-T6-3 /T3-F0-1 /T4-F0-1 /W-T4-1  /D:1     
/W-T0-1  /D:4     /W-F1-1  /T3-F1-1 /T6-T3-4 /D:2     /W-T4-1  /D:1     /W-F3-1  /D:1     
/W-T3-1  /D:1     /W-T0-1  /T3-T0-6 /T3-F2-1 /T3-T0-1 /D:1     /W-F0-1  /T6-F0-1 /T6-F3-1 
/T4-T6-3 /T4-T3-1 /T4-F3-1 /T6-F3-1 /T0-T2-1 /T0-F3-1 /T0-F0-1 /T2-T0-3 /T2-F1-1 /T1-T3-3 
/D:2     /W-T5-1  /D:1     /W-T1-1  /W-T1-1  /D:1     /W-T2-1  /D:1     /W-F2-1  /W-F2-1  
/D:1     /W-T3-1  /T6-T3-3 /D:1     /W-T2-1  /T5-T2-2 /T5-F0-1 /T5-T2-1 /T5-F2-1 /T0-F2-1 
/T0-F1-1 /T3-F2-1 /T0-F2-1 /T3-F1-1 /T0-F1-1 /T3-F2-1 /T3-F1-1 /T0-F2-1 /W-F1-1  /T2-T3-1 
/T2-F2-1 /T2-F1-1 /T1-F1-1 /W-F2-1  /T2-F2-1 /T0-T1-3 /T0-F2-1 /T3-T2-4 /T3-F1-1 /R       
/D:1     /W-F3-1  /D:1     /W-F0-1  /D:1     /W-F3-1  /T2-F3-1 /T1-F3-1 /T2-F0-1 /T1-F0-1 
/T2-F3-1 /T1-F3-1 /T2-F0-1 /T1-F0-1 /T2-F3-1 
"
1050794,o#Sz#qxc#dYtl#ITJML#wPZnvb#ErkDAjp#BsUuWCNymHKXFgGQiReVOahf,107.000000,1392.000000,42.000000,0.631579,1,"
minimal: 0 / states: 122 / duration: 0.000117s
history:
/T5-T6-1 /T3-T1-1 /T0-T2-1 /T1-T0-2 /T1-T3-1 /D:3     /W-T5-1  /T3-T5-2 /D:4     /W-F3-1  
/D:2     /W-T1-1  /T4-T1-1 /T3-T4-1 /T6-T3-2 /T5-T6-4 /T5-F2-1 /T2-F2-1 /W-T5-1  /D:2     
/W-T0-1  /T6-T0-5 /T6-F0-1 /T2-T6-1 /T2-T4-1 /D:1     /W-T1-1  /D:9     /W-F3-1  /D:1     
/W-F1-1  /T3-F1-1 /T3-F2-1 /T2-F2-1 /T4-T2-3 /T4-T1-1 /T6-F1-1 /T3-F1-1 /T5-T3-2 /T5-F3-1 
/W-T1-1  /W-F1-1  /D:2     /W-F1-1  /R       /D:1     /W-F0-1  /D:1     /W-T4-1  /D:1     
/W-T1-1  /T4-T1-2 /D:1     /W-T2-1  /T4-T2-1 /D:1     /W-F0-1  /T6-F0-1 /T6-T3-1 /T6-F2-1 
/T1-F2-1 /T6-F0-1 /T5-T3-1 /D:2     /W-F0-1  /D:1     /W-F1-1  /D:1     /W-F0-1  /W-F0-1  
/T2-F0-1 /T1-T3-3 /T1-F0-1 /D:1     /W-F3-1  /D:2     /W-F3-1  /T0-F3-1 /T0-F2-1 /T3-F3-1 
/T0-F3-1 /T3-F2-1 /T3-F3-1 /T0-F2-1 /T2-F3-1 /T1-F3-1 /T3-F2-1 /T2-F2-1 /T2-F3-1 /T3-T1-1 
/T3-F2-1 /T3-F3-1 /T0-T2-3 /T0-F2-1 /D:1     /W-F1-1  /W-F1-1  /T2-F1-1 /T1-F1-1 /T2-F0-1 
/T1-F0-1 /T2-F1-1 /T1-F1-1 /T2-F0-1 
"
1050798,z#Pl#RgO#nbAm#IDJyx#SvBdXj#aUcosMk#ufWqptLVHKriYTNFEZwCQhGe,113.000000,1528.000000,55.000000,0.556180,1,"
minimal: 0 / states: 128 / duration: 0.000126s
history:
/T5-T4-1 /T4-T1-2 /T6-T4-1 /T4-T3-2 /T4-T3-1 /T1-T0-3 /T1-T4-1 /T6-T1-1 /D:8     /W-T3-1  
/D:1     /W-T3-1  /D:4     /W-T1-1  /D:1     /W-T3-1  /T6-T3-1 /T6-T4-1 /D:1     /W-F3-1  
/T2-F3-1 /T4-T6-1 /T4-F3-1 /T6-T4-2 /D:1     /W-T2-1  /D:3     /W-T5-1  /D:2     /W-F3-1  
/D:2     /W-T6-1  /D:1     /W-T2-1  /T4-T2-3 /T6-T4-2 /T6-F1-1 /T3-T6-8 /T3-F0-1 /T3-F1-1 
/T3-F2-1 /T2-F2-1 /T2-F1-1 /T4-T0-3 /R       /D:2     /W-T0-1  /D:3     /W-F2-1  /W-F2-1  
/D:3     /W-T1-1  /D:1     /W-F2-1  /T6-F2-1 /D:1     /W-T5-1  /D:1     /W-T0-1  /D:1     
/W-T3-1  /W-T3-1  /T5-T3-3 /T5-F1-1 /T5-F0-1 /W-F2-1  /W-T1-1  /T5-T1-1 /W-T3-1  /T2-T3-4 
/T2-F3-1 /T5-F3-1 /T6-F3-1 /T3-T6-4 /T3-F2-1 /T1-F2-1 /D:1     /W-F0-1  /T6-F0-1 /T0-F0-1 
/T6-F1-1 /T0-F1-1 /T6-F0-1 /T0-F0-1 /T0-F3-1 /T6-F1-1 /T6-F0-1 /T6-F3-1 /T0-F0-1 /T1-F3-1 
/T6-F0-1 /T1-F0-1 /T3-T6-2 /T3-F3-1 /T1-F3-1 /T3-F0-1 /T1-F0-1 /T3-F3-1 /D:1     /W-F1-1  
/T6-F1-1 /T0-F1-1 /T6-F2-1 /T0-F2-1 /T6-F1-1 /T0-F1-1 /T6-F2-1 /T0-F2-1 /T6-F1-1 
"
1050828,X#og#pUi#eEZR#qOnyx#JVYhzt#CkfPBsw#dMujNGvAWaTDQHFbScLrmIKl,117.500000,1774.000000,48.000000,0.752632,1,"
minimal: 0 / states: 119 / duration: 0.000137s
history:
/T6-T0-1  /T6-T1-1  /T3-T1-1  /T2-T0-1  /T5-T2-1  /D:3      /W-T0-1   /T1-T0-3  /D:1      /W-T4-1   
/D:1      /W-F3-1   /D:2      /W-T4-1   /T2-T4-2  /D:1      /W-F0-1   /T6-F0-1  /T1-T6-1  /T5-T1-1  
/W-T5-1   /D:2      /W-F1-1   /D:2      /W-T0-1   /T6-T0-2  /T6-T4-1  /D:4      /W-F1-1   /D:1      
/W-T5-1   /D:1      /W-F1-1   /D:1      /W-T3-1   /T6-T3-1  /T6-F0-1  /T3-T6-3  /T3-T4-1  /D:1      
/W-T5-1   /D:4      /W-T1-1   /T4-T1-7  /T0-T4-10 /R        /D:1      /W-F1-1   /T3-F1-1  /D:1      
/W-T0-1   /D:3      /W-T1-1   /T2-T1-1  /D:3      /W-T2-1   /T4-T2-11 /T4-F2-1  /T2-F2-1  /T4-F3-1  
/T1-F2-1  /T2-F3-1  /T1-F3-1  /T2-F0-1  /T1-F0-1  /T4-F2-1  /T2-F3-1  /T5-F2-1  /T1-F1-1  /T2-F2-1  
/T5-F3-1  /T1-F2-1  /W-F0-1   /T2-F1-1  /T5-F0-1  /T5-F1-1  /T5-T0-1  /T2-F2-1  /T2-F1-1  /T5-T2-1  
/W-F0-1   /W-F3-1   /T1-F3-1  /T1-F2-1  /T2-F3-1  /T2-F2-1  /T1-F1-1  /T1-F2-1  /T6-F1-1  /T1-F1-1  
/W-F3-1   /T2-F3-1  /T2-F2-1  /T0-F3-1  /T1-F2-1  /T2-F1-1  /D:1      /W-F0-1   /T5-F0-1  /D:1      
/W-F0-1   /T6-F0-1  /T0-F0-1  /T6-F3-1  
"
1050834,p#Lh#ECm#bWQo#lIPkV#UzasXv#fGuijTt#BqAeHgNKFYynJSRwdcOMrZxD,127.500000,1455.000000,45.000000,0.606250,1,"
minimal: 0 / states: 131 / duration: 0.000158s
history:
/T6-T1-1 /T1-T5-2 /T1-T2-1 /T2-T1-2 /D:3     /W-F0-1  /D:2     /W-T4-1  /T6-T4-1 /T5-T6-3 
/T5-T1-1 /T5-T4-1 /T5-F1-1 /W-T4-1  /W-T4-1  /W-F0-1  /T2-F0-1 /D:2     /W-F3-1  /D:3     
/W-T5-1  /D:2     /W-F2-1  /T3-F2-1 /T3-T2-1 /T0-T2-1 /T5-T0-2 /T2-F2-1 /T4-F2-1 /D:1     
/W-T1-1  /T4-T1-5 /D:1     /W-T6-1  /T2-T6-2 /D:2     /W-T4-1  /D:3     /W-F3-1  /D:1     
/W-T2-1  /D:1     /W-F2-1  /D:2     /W-T0-1  /T6-T0-7 /T6-T4-1 /T6-T4-1 /T6-T5-1 /T6-T5-1 
/W-T6-1  /D:1     /W-F0-1  /R       /D:1     /W-T4-1  /D:2     /W-T4-1  /T1-T4-1 /T1-F2-1 
/D:1     /W-T6-1  /T4-T6-7 /T4-F3-1 /T0-F3-1 /T4-T3-1 /W-T4-1  /T3-T4-2 /T3-F1-1 /T0-F0-1 
/T4-T2-4 /T5-T2-3 /D:1     /W-F3-1  /T0-F3-1 /T0-F2-1 /T1-F3-1 /T2-T0-2 /T2-F3-1 /T6-T1-3 
/T6-F2-1 /T0-T2-3 /T0-F2-1 /T1-T6-4 /T1-F3-1 /T2-T0-4 /T2-F3-1 /T6-T1-5 /T6-F2-1 /T0-T2-5 
/T0-F2-1 /T1-T6-6 /T1-F3-1 /T0-F3-1 /T6-T1-7 /T6-F2-1 /T0-F2-1 /T6-F3-1 /D:2     /W-F1-1  
/W-F1-1  /T1-F1-1 /T1-F0-1 /T2-F1-1 /T1-F1-1 /T2-F0-1 /T1-F0-1 /T2-F1-1 /T1-F1-1 /T2-F0-1 
/T1-F0-1 /T2-F1-1 /T1-F1-1 /T2-F0-1 /T1-F0-1 /T2-F1-1 /T1-F1-1 /T2-F0-1 
"
1050959,i#jd#BlI#FoHz#XguVA#tUQCOP#cvRWaZf#bLpmkyKDwNExTJnGeMYrqShs,132.000000,1734.000000,48.000000,0.692308,1,"
minimal: 0 / states: 120 / duration: 0.000120s
history:
/T4-F0-1 /D:3     /W-T1-1  /D:7     /W-F3-1  /D:1     /W-T6-1  /T1-T6-2 /T2-T1-1 /T2-T3-1 
/T2-F0-1 /T3-T2-2 /T3-T0-1 /T3-T5-1 /D:1     /W-T2-1  /T1-T2-2 /D:1     /W-T0-1  /T3-T0-1 
/D:2     /W-F2-1  /T5-F2-1 /T6-F2-1 /D:2     /W-T0-1  /D:1     /W-T1-1  /D:1     /W-T1-1  
/D:2     /W-T0-1  /T5-T0-1 /T5-F3-1 /T0-F3-1 /T5-F0-1 /T5-F3-1 /T5-T2-1 /T6-T5-3 /T6-T3-1 
/T6-F1-1 /T0-F2-1 /W-F2-1  /W-T2-1  /D:1     /W-T2-1  /D:2     /W-F2-1  /R       /D:1     
/W-F1-1  /D:1     /W-T3-1  /D:2     /W-T3-1  /D:2     /W-T1-1  /T6-T1-1 /T6-F3-1 /T6-T1-1 
/T6-F1-1 /T5-F1-1 /T0-F1-1 /T2-F3-1 /T5-T2-2 /T5-F2-1 /D:1     /W-F0-1  /T2-F0-1 /T0-F0-1 
/T0-F3-1 /T2-F1-1 /T2-F0-1 /T2-F3-1 /T4-F3-1 /T4-F2-1 /T4-F1-1 /T0-F0-1 /T1-F2-1 /T1-F3-1 
/T2-F0-1 /T4-F3-1 /D:1     /W-F2-1  /T2-T1-1 /T2-F2-1 /W-F2-1  /T1-T2-2 /T1-F3-1 /T2-T1-3 
/T2-F2-1 /W-T2-1  /T3-T2-2 /T3-F3-1 /D:1     /W-F0-1  /D:1     /W-F1-1  /T0-F1-1 /T1-F1-1 
/T1-F0-1 /T2-F1-1 /T1-F1-1 /T2-F0-1 /T1-F0-1 /T2-F1-1 
"
1050985,Y#nb#zAr#gOaJ#uTkdL#PRFCSt#jGfyXMK#wsQcxIiWeqHEDZBhpVNvmolU,130.500000,1564.000000,48.000000,0.604651,1,"
minimal: 0 / states: 127 / duration: 0.000122s
history:
/T6-T0-1 /T0-T6-2 /T6-T0-3 /T6-T4-1 /T3-T4-1 /T3-F1-1 /T1-F1-1 /T1-F2-1 /D:3     /W-T2-1  
/D:1     /W-F1-1  /D:3     /W-T4-1  /D:1     /W-T0-1  /W-T0-1  /D:3     /W-T4-1  /D:3     
/W-T1-1  /T4-T1-5 /T4-F1-1 /T4-T6-1 /T4-T1-1 /D:2     /W-T0-1  /T5-T0-1 /T5-T0-1 /T5-T2-1 
/T2-T0-3 /T2-F0-1 /W-F0-1  /T5-T1-1 /T3-T0-1 /T5-T1-1 /W-T1-1  /T3-T4-1 /T5-T1-1 /D:3     
/W-F3-1  /T0-F3-1 /T0-F0-1 /T1-F3-1 /T1-F0-1 /T0-F3-1 /T1-F3-1 /D:2     /W-T3-1  /T6-T3-2 
/T0-T6-1 /T0-F3-1 /T6-T0-2 /T1-T4-1 /T1-F3-1 /D:1     /W-F2-1  /D:1     /W-T2-1  /D:1     
/W-F3-1  /R       /D:1     /W-T3-1  /D:2     /W-T2-1  /D:1     /W-F1-1  /D:2     /W-F0-1  
/T4-F0-1 /T6-F0-1 /T1-F0-1 /T4-T1-2 /T6-T2-1 /D:1     /W-F2-1  /W-F2-1  /T0-F2-1 /T0-F1-1 
/W-F2-1  /T0-F2-1 /T1-F1-1 /T0-F1-1 /T0-F0-1 /T1-F2-1 /T1-F1-1 /T1-F0-1 /T2-F1-1 /T0-T2-1 
/T0-F0-1 /T3-T1-1 /T3-F1-1 /T1-T3-2 /T1-F0-1 /T2-T0-2 /T2-F1-1 /T0-T2-3 /T0-F0-1 /T3-T1-3 
/T3-F1-1 /D:1     /W-F3-1  /T2-F3-1 /D:1     /W-F2-1  /T1-F2-1 /T1-F3-1 /T2-F2-1 /T1-F2-1 
/T2-F3-1 /T1-F3-1 /T2-F2-1 
"
1050993,U#RZ#IAL#iXrG#thjKJ#WqfBaF#uPxMQlO#YwkmTgcVysoSDdbCzneNEHpv,132.000000,3490.000000,59.000000,0.536842,1,"
minimal: 0 / states: 139 / duration: 0.000140s
history:
/T3-T0-1  /T2-T1-1  /T2-F0-1  /T0-T2-2  /T1-T0-2  /T1-T5-1  /D:3      /W-T0-1   /T4-T0-1  /D:1      
/W-T1-1   /D:4      /W-T0-1   /D:1      /W-T1-1   /D:3      /W-T2-1   /T3-T2-1  /T3-T1-1  /D:1      
/W-T5-1   /D:1      /W-T2-1   /D:2      /W-T2-1   /T6-T2-1  /T4-T6-1  /T4-T6-1  /T2-T6-8  /D:1      
/W-T2-1   /T6-T2-11 /D:1      /W-F2-1   /D:2      /W-F3-1   /T2-F3-1  /D:2      /W-T0-1   /D:1      
/W-T6-1   /D:1      /R        /D:2      /W-T1-1   /T3-T1-1  /D:1      /W-T0-1   /T5-T0-3  /T5-F1-1  
/T5-F0-1  /T2-F0-1  /T0-F0-1  /D:4      /W-F2-1   /T6-F2-1  /D:1      /W-F1-1   /D:2      /W-T5-1   
/T6-T5-1  /T6-T3-1  /D:1      /R        /D:1      /W-T3-1   /T6-T3-1  /T6-F3-1  /T5-F3-1  /T0-F3-1  
/T5-F0-1  /T0-F0-1  /T2-T5-2  /T2-F3-1  /T5-T2-3  /T5-F2-1  /T0-F3-1  /T2-T4-4  /T2-F3-1  /T4-T2-5  
/T0-T1-1  /T0-F3-1  /T5-F3-1  /T2-T4-3  /T2-F0-1  /T1-F0-1  /T4-T2-4  /T6-T1-1  /D:1      /W-T1-1   
/D:1      /W-F1-1   /T2-F1-1  /T2-F2-1  /D:1      /W-F2-1   /D:1      /W-F1-1   /T2-F1-1  /T1-F1-1  
/T2-F2-1  /T1-F2-1  /T2-F1-1  /T1-F1-1  /T2-F0-1  /T0-F0-1  /T2-F1-1  /T2-F0-1  /T0-F1-1  /T0-F0-1  
/T2-F1-1  /T1-T0-3  /T1-F1-1  /T3-T2-2  /T3-F0-1  /D:1      /W-F2-1   /T0-F2-1  /T0-F3-1  /T2-F2-1  
/T0-F2-1  /T2-F3-1  /T0-F3-1  /T2-F2-1  
"
1051029,G#Kf#Onm#ZbdB#UjQoL#WHagiD#CcrxYsX#yMqTFzESlvupwRIPhVtANJke,130.000000,1370.000000,55.000000,0.602151,1,"
minimal: 0 / states: 127 / duration: 0.000128s
history:
/T6-T4-1 /T4-T2-2 /T1-T0-1 /D:7     /W-T0-1  /D:6     /W-T2-1  /D:1     /W-T6-1  /T5-T6-1 
/T5-T2-1 /T6-T5-3 /T1-T6-1 /T2-T1-5 /T2-F2-1 /T4-F2-1 /T4-T0-1 /T4-T6-1 /W-F2-1  /W-T1-1  
/T5-T1-4 /T5-F1-1 /W-T6-1  /T0-T4-4 /T4-T6-5 /D:2     /W-T1-1  /T3-T1-1 /D:4     /W-F0-1  
/T1-F0-1 /D:1     /W-F3-1  /T2-F3-1 /T1-F3-1 /T6-F3-1 /T3-T6-1 /T3-F1-1 /D:3     /R       
/D:1     /W-T3-1  /D:1     /W-T0-1  /T6-T0-9 /D:1     /W-F2-1  /D:1     /W-T5-1  /D:1     
/W-T5-1  /D:1     /W-T2-1  /D:2     /W-T2-1  /T6-T2-1 /T6-F2-1 /T6-F1-1 /T6-F0-1 /T0-F1-1 
/T1-F0-1 /T0-F0-1 /T1-F3-1 /W-F3-1  /T1-F2-1 /T5-F0-1 /T5-F3-1 /D:4     /W-F2-1  /T1-T5-1 
/T1-F2-1 /T5-T1-2 /T5-T2-1 /D:2     /W-T3-1  /W-T3-1  /W-T3-1  /D:1     /W-F1-1  /T0-F1-1 
/T0-F0-1 /T0-F3-1 /T1-F1-1 /T1-F0-1 /T3-F3-1 /W-F1-1  /T0-F2-1 /T1-F1-1 /T1-F2-1 /W-F0-1  
/T0-F1-1 /T2-F3-1 /T2-F2-1 /T3-F0-1 /T0-F0-1 /T1-F3-1 /T0-F3-1 /T3-F1-1 /T1-F0-1 /T2-F1-1 
/T0-F0-1 /T3-F2-1 /T1-F1-1 /T2-F2-1 /T3-F3-1 
"
1051103,H#as#hDC#OlvA#UNQko#gWuJYn#ipqGdMb#ztLITcSjExXyZRrwFVPBmfKe,129.000000,3403.000000,52.000000,0.560241,1,"
minimal: 0 / states: 130 / duration: 0.000146s
history:
/T3-F0-1 /T5-F2-1 /T4-F2-1 /T6-T2-1 /T5-T6-1 /T5-T4-1 /D:5     /W-T0-1  /T1-T0-1 /T1-F1-1 
/T2-F1-1 /T6-T1-2 /T2-T6-1 /D:1     /W-F1-1  /D:4     /W-T1-1  /D:4     /W-T0-1  /T2-T0-1 
/T2-T3-1 /W-T2-1  /W-T2-1  /T4-T2-2 /T6-T4-1 /T6-F1-1 /T6-T3-1 /D:4     /W-T2-1  /T5-T2-1 
/T3-T5-3 /T5-T1-4 /W-T5-1  /T5-T2-2 /D:1     /W-T0-1  /D:1     /W-F0-1  /T4-F0-1 /T0-T6-1 
/T0-F0-1 /T6-T0-2 /T6-F2-1 /T0-T6-6 /D:1     /W-T0-1  /D:1     /W-T1-1  /D:1     /W-T3-1  
/D:1     /W-F1-1  /T1-F1-1 /R       /D:1     /W-T5-1  /T3-T5-2 /D:2     /W-T0-1  /D:2     
/W-T1-1  /D:1     /W-T5-1  /W-T5-1  /D:1     /W-T1-1  /T4-T1-1 /T4-F3-1 /T3-F3-1 /T6-F3-1 
/T1-F3-1 /T1-F0-1 /T6-F2-1 /T6-F3-1 /T2-F0-1 /T1-F3-1 /T1-F0-1 /T2-F1-1 /T1-F1-1 /T6-T2-2 
/T6-F0-1 /T5-F0-1 /T6-F1-1 /T5-F1-1 /W-T4-1  /T4-T1-2 /D:1     /W-T0-1  /T2-T0-5 /T2-F1-1 
/D:1     /W-F2-1  /T0-F2-1 /T0-F3-1 /T1-F2-1 /T0-F2-1 /T1-F3-1 /T0-F3-1 /T0-F0-1 /T1-F2-1 
/T1-F3-1 /T5-F0-1 /T0-F3-1 /T0-F0-1 /T5-F1-1 /T0-F1-1 /T1-T5-2 /T1-F0-1 /D:1     /W-F2-1  
/T5-F2-1 /T2-F2-1 /T5-F3-1 /T2-F3-1 /T5-F2-1 
"
1051172,L#vq#IGx#KZem#FQgVJ#ycrTDN#fHSuhzj#pOBndkAaEPtXwiUlWboYMsCR,76.000000,602.000000,35.000000,0.654930,1,"
minimal: 0 / states: 125 / duration: 0.000125s
history:
/T5-F3-1 /T6-T2-1 /T0-T3-1 /T6-T0-1 /D:2     /W-F3-1  /D:2     /W-F2-1  /D:2     /W-T3-1  
/T4-T3-1 /T4-T3-1 /D:1     /W-F0-1  /D:1     /W-F1-1  /D:2     /W-F3-1  /D:1     /W-T6-1  
/D:5     /W-T0-1  /T2-T0-2 /D:2     /W-F1-1  /D:1     /W-F2-1  /D:3     /W-T4-1  /D:2     
/W-T4-1  /T5-T4-1 /R       /D:1     /W-F2-1  /T1-F2-1 /T6-T1-2 /T5-T6-1 /T5-F2-1 /T5-F1-1 
/T6-T3-2 /T6-T1-1 /T4-T6-4 /T4-F3-1 /T1-T0-4 /T3-T1-7 /T3-T4-1 /T4-T1-2 /T3-T4-1 /T6-T1-1 
/T6-F3-1 /T0-F3-1 /T6-F2-1 /T0-F2-1 /T2-T0-1 /T1-T6-3 /T1-F3-1 /T1-F2-1 /T6-T1-5 /T0-T2-2 
/T0-F2-1 /T2-T0-3 /T5-T4-1 /T6-T0-1 /D:1     /W-F0-1  /D:1     /W-F1-1  /D:1     /W-T0-1  
/D:1     /W-T4-1  /D:1     /W-F2-1  /T0-T3-6 /T0-F2-1 /T3-T0-7 /D:2     /W-F3-1  /D:3     
/W-T2-1  /W-T2-1  /D:1     /W-F0-1  /T1-F0-1 /T0-F0-1 /T1-F1-1 /T0-F1-1 /T1-F0-1 /T0-F0-1 
/T1-F1-1 /T0-F1-1 /T1-F0-1 /T0-F0-1 /T1-F3-1 /W-F3-1  /W-F1-1  /T0-F1-1 /T1-F0-1 /T0-F0-1 
/T1-F1-1 /T0-F1-1 /T4-F3-1 /T1-F0-1 /T2-F3-1 /T2-F0-1 /T4-F2-1 /T0-F2-1 /T1-F1-1 /T4-F3-1 
"
1051187,b#KV#Pnu#UrEC#RYXJz#IWMDSa#hcGwLyg#mkpvjNlOftiAqQsTZdeBoxHF,93.000000,1953.000000,37.000000,0.698529,1,"
minimal: 0 / states: 124 / duration: 0.000122s
history:
/T5-F1-1 /T0-F1-1 /T6-T2-1 /T4-T0-1 /T2-T1-2 /T2-F2-1 /T1-T4-3 /D:2     /W-T6-1  /T4-T6-4 
/D:3     /W-T1-1  /W-T1-1  /D:1     /W-F3-1  /D:1     /W-T0-1  /T1-T0-3 /D:1     /W-F3-1  
/T2-F3-1 /D:4     /W-F0-1  /D:2     /W-F3-1  /D:1     /W-T6-1  /D:2     /W-T1-1  /T6-T1-7 
/T4-T6-1 /D:2     /W-T1-1  /D:1     /W-F0-1  /T3-F0-1 /T3-T5-1 /W-T3-1  /D:1     /W-F2-1  
/D:1     /W-T4-1  /D:2     /R       /D:1     /W-T2-1  /T6-T2-2 /T6-T2-1 /T5-T6-2 /T5-F0-1 
/T4-T5-2 /T4-F3-1 /T5-T4-3 /T5-T4-1 /T6-F0-1 /T3-T6-2 /T6-T3-4 /T6-F1-1 /T3-F1-1 /T1-F1-1 
/T3-T0-4 /T5-T4-1 /T6-T4-1 /D:1     /W-F2-1  /D:1     /W-F1-1  /D:1     /W-T4-1  /D:1     
/W-T2-1  /D:1     /W-F2-1  /T0-F2-1 /T0-F3-1 /T1-F2-1 /T4-F2-1 /T1-F1-1 /T1-F2-1 /T4-F1-1 
/T2-F1-1 /T0-T4-2 /T0-F2-1 /T0-F1-1 /T2-F2-1 /T1-T2-2 /T1-F1-1 /T4-T0-4 /T4-F2-1 /T1-F2-1 
/T0-T4-5 /T0-F1-1 /T0-F2-1 /T2-T1-4 /T2-F1-1 /D:1     /W-F3-1  /D:1     /W-T1-1  /D:1     
/W-F0-1  /T4-F0-1 /T1-F0-1 /T4-F3-1 /T1-F3-1 /T4-F0-1 /T1-F0-1 /T4-F3-1 /T1-F3-1 /T4-F0-1 
/T1-F0-1 /T4-F3-1 /T1-F3-1 /T4-F0-1 
"
1051220,W#KI#JeO#cMXn#EmFNV#jRxCzD#TfUdagy#htrGHsiSLPoqBbAlwvkQYpZu,137.500000,1630.000000,52.000000,0.573034,1,"
minimal: 0 / states: 132 / duration: 0.000133s
history:
/T3-F2-1 /T3-T6-1 /T1-T0-1 /T0-T1-2 /T3-T0-1 /T3-T5-1 /D:1     /W-T1-1  /D:1     /W-T1-1  
/D:3     /W-T4-1  /D:3     /W-T1-1  /D:3     /W-F2-1  /D:2     /W-T5-1  /D:2     /W-F0-1  
/T5-F0-1 /D:1     /W-T0-1  /T1-T0-6 /D:1     /W-T6-1  /T4-T6-2 /T4-F3-1 /T2-F3-1 /T5-T2-2 
/T5-T1-1 /T5-F0-1 /T2-T4-3 /D:4     /W-T1-1  /T5-T1-1 /D:1     /W-F2-1  /D:1     /W-T3-1  
/T6-T3-5 /T6-T3-1 /T6-F1-1 /T4-T3-4 /D:1     /R       /D:1     /W-T0-1  /T6-T0-1 /D:1     
/W-T6-1  /D:2     /W-T2-1  /D:1     /W-T4-1  /D:1     /W-F3-1  /D:1     /W-F2-1  /D:1     
/W-F1-1  /T3-F1-1 /T0-F1-1 /T3-F0-1 /T3-F1-1 /T5-T3-1 /T5-T1-1 /T4-T5-2 /T0-F2-1 /T4-F0-1 
/W-F2-1  /T0-T6-1 /T0-F2-1 /D:1     /W-T1-1  /T6-T1-3 /T6-F1-1 /T3-T6-2 /T3-F1-1 /T0-F1-1 
/T2-F1-1 /T6-T3-3 /D:1     /W-T5-1  /T2-T5-1 /D:1     /W-F3-1  /T3-F3-1 /T1-F3-1 /T3-F0-1 
/T1-F0-1 /T3-F3-1 /T1-F3-1 /T3-F0-1 /T0-F0-1 /T3-F3-1 /T5-F0-1 /T0-F3-1 /T0-F0-1 /T3-T5-1 
/T3-F3-1 /T1-T0-3 /T1-F3-1 /T5-T3-2 /T5-F0-1 /T0-T1-4 /T0-F0-1 /T3-T5-3 /T3-F3-1 /D:1     
/W-F2-1  /T1-F2-1 /T1-F1-1 /T5-F2-1 /T1-F2-1 /T5-F1-1 /T1-F1-1 /T5-F2-1 /T1-F2-1 /T5-F1-1 
"
1051266,k#gn#Etz#vlNY#ArdUB#SuwqLF#sbTjxXm#MOKhVZyPcCfeIHoRGiQWJpDa,105.000000,2776.000000,51.000000,0.544304,1,"
minimal: 0 / states: 134 / duration: 0.000130s
history:
/T1-F2-1 /T5-T1-1 /T5-T6-1 /T3-T2-1 /T3-F3-1 /T0-T6-1 /T6-T0-3 /D:2     /W-F3-1  /D:1     
/W-T2-1  /D:5     /W-T5-1  /T4-T5-1 /D:4     /W-T1-1  /T5-T1-3 /T5-T0-1 /T1-T5-6 /T2-T1-3 
/T2-T4-1 /W-T4-1  /T2-T4-1 /D:3     /W-F2-1  /D:3     /W-T0-1  /T5-T0-7 /D:1     /W-T4-1  
/D:1     /W-T1-1  /D:1     /W-T6-1  /D:1     /W-F2-1  /D:2     /W-F1-1  /R       /D:1     
/W-T2-1  /T3-T2-1 /T4-T3-5 /T3-T1-6 /D:2     /W-T6-1  /D:1     /W-T3-1  /D:1     /W-T3-1  
/T6-T3-3 /T6-T2-1 /T6-T2-1 /D:2     /W-T1-1  /D:1     /W-T2-1  /D:1     /W-T3-1  /T6-T3-1 
/T6-F1-1 /W-F1-1  /T4-F1-1 /T4-T5-1 /T4-F0-1 /T0-F0-1 /T0-F3-1 /T0-F2-1 /T1-F0-1 /T1-F3-1 
/T5-F2-1 /T0-F1-1 /T6-F2-1 /T1-T5-1 /T1-F1-1 /T1-F2-1 /T0-T3-1 /T0-F1-1 /T0-F2-1 /W-F1-1  
/T0-F1-1 /T1-T2-1 /T1-F2-1 /T0-F2-1 /T2-T1-2 /T2-F1-1 /T0-F1-1 /T2-F2-1 /T2-F1-1 /T3-T0-6 
/T3-F2-1 /T0-T3-7 /T0-F1-1 /T1-T2-5 /T1-F2-1 /D:1     /W-F3-1  /D:1     /W-T2-1  /T5-T2-2 
/D:1     /W-F0-1  /T2-F0-1 /T2-F3-1 /T3-F0-1 /T2-F0-1 /T3-F3-1 /T2-F3-1 /T3-F0-1 /T2-F0-1 
/T3-F3-1 /T2-F3-1 /T3-F0-1 /T2-F0-1 /T3-F3-1 /T2-F3-1 /T3-F0-1 /T2-F0-1 /T3-F3-1 
"
1051303,y#AN#ojs#zlXB#dxrTq#pIkRaM#LHEZuQP#tVFcYKUCmhgwOSefWGvDJbin,123.000000,3243.000000,53.000000,0.533708,1,"
minimal: 0 / states: 127 / duration: 0.000160s
history:
/T1-F3-1 /T1-F0-1 /T3-F0-1 /T6-T4-1 /T5-T1-1 /T5-F1-1 /T4-T5-2 /T5-T2-3 /T2-T4-4 /T3-T0-1 
/T3-T1-1 /D:5     /W-T3-1  /D:1     /W-T1-1  /T2-T1-1 /T2-T4-1 /D:2     /W-F0-1  /D:1     
/W-T2-1  /T0-T2-2 /D:3     /W-T2-1  /D:1     /W-F3-1  /D:6     /W-T1-1  /D:1     /W-F0-1  
/D:1     /W-T5-1  /D:1     /W-F1-1  /D:1     /W-T2-1  /D:1     /W-F2-1  /T4-F2-1 /T4-F3-1 
/T6-F3-1 /T6-T2-1 /T4-T2-4 /T6-T0-1 /T6-F0-1 /R       /D:2     /W-T5-1  /T6-T5-1 /T5-T6-4 
/T6-T0-5 /D:1     /W-F0-1  /D:1     /W-F1-1  /D:1     /W-T1-1  /W-T1-1  /D:1     /W-T5-1  
/D:1     /W-T0-1  /D:1     /W-T1-1  /T4-T1-1 /T4-T3-1 /T4-F1-1 /D:1     /W-F1-1  /D:1     
/W-F1-1  /T0-F1-1 /T5-F1-1 /D:1     /W-T3-1  /T5-T3-1 /T5-F2-1 /T2-F2-1 /T1-F2-1 /T2-F3-1 
/T1-F3-1 /T2-F2-1 /T1-F2-1 /T2-F3-1 /T2-F2-1 /T1-F3-1 /T1-F2-1 /T2-F1-1 /T1-F1-1 /T2-F2-1 
/T0-T2-3 /T0-F1-1 /T3-T1-2 /T3-F2-1 /T1-T3-3 /T1-F1-1 /T2-T0-4 /T2-F2-1 /T2-F1-1 /T3-T1-4 
/T3-F2-1 /D:1     /W-F0-1  /T0-F0-1 /T0-F3-1 /T1-F0-1 /T0-F0-1 /T1-F3-1 /T0-F3-1 /T1-F0-1 
/T0-F0-1 /T1-F3-1 /T0-F3-1 /T1-F0-1 
"
1051324,Y#sU#ldK#JVIk#bhCvp#gSDZiu#ELxOMcw#nerzaBNmTPRtoFfqQXGWjHAy,123.500000,1663.000000,43.000000,0.647727,1,"
minimal: 0 / states: 123 / duration: 0.000129s
history:
/T6-T3-1 /T2-T0-1 /T4-T2-1 /T1-T4-1 /D:1     /W-F2-1  /D:1     /W-T1-1  /D:3     /W-F1-1  
/D:1     /W-T6-1  /D:1     /W-F3-1  /D:2     /W-T5-1  /T1-T5-2 /W-T1-1  /D:3     /W-T4-1  
/D:1     /W-F2-1  /T2-F2-1 /D:2     /W-T4-1  /D:1     /W-T5-1  /T6-T5-2 /T0-T6-2 /T6-T0-3 
/T6-F3-1 /D:4     /W-T0-1  /T4-T0-4 /T4-T2-1 /W-T4-1  /D:1     /W-T6-1  /D:2     /W-F0-1  
/T5-F0-1 /T2-F0-1 /D:1     /W-T1-1  /T3-T1-2 /T3-T6-1 /T5-T3-6 /T5-T1-1 /T4-T6-2 /T4-F1-1 
/T3-F1-1 /T2-F1-1 /T5-T4-1 /T5-F0-1 /T6-T2-5 /T5-T2-1 /T6-T4-1 /T3-F2-1 /T3-F1-1 /T0-F1-1 
/T5-F1-1 /T6-F0-1 /W-T1-1  /W-T4-1  /R       /D:1     /W-F2-1  /T3-F2-1 /T0-F2-1 /T3-T1-1 
/T3-F2-1 /T2-T0-2 /T2-F1-1 /T0-T2-3 /T0-F2-1 /T1-T3-2 /T1-F1-1 /T3-T1-3 /T2-T0-4 /T2-F1-1 
/T1-T3-3 /T1-F2-1 /T1-F1-1 /T2-F2-1 /T1-F2-1 /T2-F1-1 /T1-F1-1 /T3-T4-4 /D:1     /W-F2-1  
/D:1     /W-F3-1  /D:2     /W-F0-1  /D:1     /W-F3-1  /W-F3-1  /T0-F3-1 /T0-F0-1 /T4-F3-1 
/T0-F3-1 /T4-F0-1 /T0-F0-1 /T4-F3-1 /T0-F3-1 /T4-F0-1 /T0-F0-1 /T4-F3-1 /T0-F3-1 /T4-F0-1 
/T0-F0-1 /T4-F3-1 
"
1051363,N#sr#vHw#FhzT#WbAIj#tXYycZ#JPBCmex#dVnkulLMEfKpqoDiUOaQSRGg,166.000000,2507.000000,65.000000,0.519231,1,"
minimal: 0 / states: 130 / duration: 0.000138s
history:
/T0-F3-1 /T5-T0-1 /T4-T6-1 /T4-T6-1 /T4-F0-1 /D:1     /W-T1-1  /D:1     /W-T2-1  /D:1     
/W-F2-1  /D:2     /W-T2-1  /T3-T2-1 /D:1     /W-T3-1  /T6-T3-3 /D:1     /W-T0-1  /W-T0-1  
/T2-T0-4 /D:5     /W-T1-1  /T4-T1-1 /D:1     /W-T6-1  /T5-T6-1 /D:1     /W-F2-1  /D:3     
/W-T3-1  /D:1     /W-F3-1  /D:1     /W-F1-1  /T1-F1-1 /T1-F2-1 /T6-F1-1 /T1-F1-1 /T6-F2-1 
/T1-F2-1 /T6-F1-1 /T5-T6-1 /T1-T0-1 /T6-T1-2 /T0-F2-1 /D:4     /W-T3-1  /D:1     /W-T2-1  
/R       /D:3     /W-F1-1  /T2-F1-1 /D:1     /W-T5-1  /T4-T5-1 /T3-T4-7 /T3-F1-1 /T3-T0-1 
/D:2     /W-F1-1  /T4-T5-3 /T4-F1-1 /D:2     /W-T5-1  /D:1     /W-T0-1  /R       /D:1     
/W-T3-1  /T5-T3-7 /T5-T1-1 /T5-F2-1 /T0-T1-6 /T0-F1-1 /T1-T2-3 /T1-F2-1 /T2-T1-4 /T2-F2-1 
/D:1     /W-T3-1  /D:1     /W-T1-1  /D:1     /W-T3-1  /T6-T3-1 /T6-F0-1 /T3-F0-1 /T6-F3-1 
/T1-F0-1 /T3-F3-1 /T1-F3-1 /T3-F0-1 /T1-F0-1 /T3-F3-1 /T1-F3-1 /T3-F0-1 /T1-F0-1 /T3-F3-1 
/T1-F3-1 /T1-F2-1 /T3-F0-1 /T3-F3-1 /T4-F2-1 /T6-F0-1 /T1-F3-1 /T1-F2-1 /T3-F0-1 /T0-F0-1 
/T3-F3-1 /T0-F3-1 /T4-F1-1 /T1-F1-1 /T3-F0-1 /T4-F2-1 
"
1051365,M#oE#uSG#wUsn#Iaqxk#WYFHem#bhJgTLp#OdNrVjfCBytRXDZAPKclivzQ,124.000000,2032.000000,60.000000,0.521739,1,"
minimal: 0 / states: 128 / duration: 0.000128s
history:
/T3-F2-1 /D:1     /W-T6-1  /D:1     /W-T1-1  /T6-T1-2 /T6-T5-1 /T4-T5-1 /T3-T6-1 /T2-T3-1 
/T1-T2-4 /T1-F2-1 /T5-T1-3 /T5-T6-1 /T6-T5-3 /T2-T3-5 /T6-T2-1 /T6-T1-1 /D:1     /W-F3-1  
/T3-F3-1 /T3-F2-1 /D:2     /W-T1-1  /T5-T1-4 /T5-T2-1 /T4-T5-1 /T4-F2-1 /T4-F1-1 /T3-T4-5 
/T5-T0-2 /W-F2-1  /T1-T2-1 /T1-F2-1 /T4-T5-6 /T5-T0-7 /D:3     /W-T0-1  /D:3     /W-F2-1  
/D:3     /W-T2-1  /D:1     /W-T4-1  /D:1     /W-F0-1  /D:1     /W-F3-1  /D:2     /W-T2-1  
/D:2     /W-T3-1  /T2-T3-6 /D:2     /W-T2-1  /D:1     /W-F3-1  /R       /D:3     /W-F0-1  
/T0-F0-1 /D:1     /W-T4-1  /D:1     /W-F3-1  /D:1     /W-T4-1  /T3-T4-8 /D:2     /W-T2-1  
/W-T2-1  /D:1     /R       /D:1     /W-T2-1  /D:2     /W-T2-1  /T6-T2-1 /T6-F1-1 /T4-F1-1 
/T0-F1-1 /T4-F0-1 /T0-F0-1 /T0-F3-1 /T4-F1-1 /T4-F0-1 /T1-F3-1 /W-F1-1  /T0-F0-1 /T0-F3-1 
/T4-F1-1 /T1-F0-1 /T2-F1-1 /T0-F0-1 /T4-F2-1 /T1-F3-1 /T2-F2-1 /T0-F3-1 /T4-F1-1 /T1-F0-1 
/T2-F1-1 /T2-F0-1 /T4-F2-1 /T0-F2-1 /T1-F1-1 /T2-F1-1 /T4-F3-1 /T0-F3-1 /T1-F0-1 /T0-F0-1 
/T4-F2-1 /T1-F1-1 /T2-F2-1 /T4-F3-1 
"
1051402,b#Yz#dCM#pLBm#xrPuN#ThEjRV#JIwWlXQ#tGFOZsfoSqAiHekyvacUnKDg,97.000000,936.000000,42.000000,0.626667,1,"
minimal: 0 / states: 121 / duration: 0.000120s
history:
/T4-F3-1 /T4-T5-1 /D:4     /W-F3-1  /T4-F3-1 /T6-F3-1 /D:7     /W-F0-1  /D:5     /W-T3-1  
/T6-T3-1 /T6-T1-1 /D:1     /W-T6-1  /D:1     /W-F1-1  /T0-F1-1 /T3-T0-3 /T3-F0-1 /W-T3-1  
/D:1     /W-F1-1  /D:1     /W-T6-1  /D:1     /W-F2-1  /D:1     /W-T1-1  /T6-T1-3 /T5-T6-2 
/T5-F3-1 /T6-T0-3 /T6-T5-1 /T6-T3-1 /T2-T6-1 /T2-F0-1 /T2-T4-1 /T1-T2-6 /T4-F1-1 /W-F1-1  
/T1-T6-1 /D:1     /W-F0-1  /D:1     /W-T0-1  /R       /D:1     /W-T2-1  /D:2     /W-T0-1  
/D:1     /W-T1-1  /T3-T1-3 /D:2     /W-T2-1  /T4-T2-1 /T5-T4-2 /T5-F0-1 /T0-F0-1 /T5-T4-1 
/W-T0-1  /W-F0-1  /T4-T6-4 /D:1     /W-F2-1  /T3-F2-1 /D:1     /W-F3-1  /T5-F3-1 /T2-T6-3 
/T2-F3-1 /D:1     /W-F2-1  /T6-F2-1 /T0-F2-1 /T6-F1-1 /T0-F1-1 /T6-F2-1 /T0-F2-1 /T6-F1-1 
/T2-F2-1 /T0-F3-1 /T0-F2-1 /T2-F3-1 /T0-F3-1 /T6-T2-2 /T6-F2-1 /T0-F2-1 /T6-F3-1 /T1-T0-3 
/T1-F3-1 /T2-T6-4 /T2-F2-1 /D:1     /W-F1-1  /D:1     /W-F0-1  /T6-F0-1 /T0-F0-1 /T6-F1-1 
/T0-F1-1 /T6-F0-1 /T0-F0-1 /T6-F1-1 /T0-F1-1 /T6-F0-1 
"
1051408,W#Dv#GEH#gzVh#LiJIP#MrZspb#kfQcaoT#FlCeRAuNmjtYXdxqKyBwnUSO,144.000000,2391.000000,53.000000,0.592233,1,"
minimal: 0 / states: 125 / duration: 0.000130s
history:
/T6-T2-1 /T6-T4-1 /T6-F1-1 /T5-F1-1 /T6-F1-1 /T5-T6-1 /T3-T1-1 /T5-T2-1 /T2-T3-3 /T6-T2-2 
/T1-T0-2 /T4-T1-2 /T2-T6-3 /T6-T2-4 /T2-T0-5 /T5-T2-1 /D:4     /W-T3-1  /T1-T3-3 /D:2     
/W-F0-1  /D:2     /W-F3-1  /D:1     /W-T1-1  /D:5     /W-F1-1  /D:4     /W-T1-1  /T6-T1-1 
/D:1     /W-F0-1  /D:1     /W-T1-1  /T3-T1-8 /T3-T6-1 /D:1     /W-F2-1  /T1-F2-1 /T0-F2-1 
/D:1     /W-T4-1  /D:2     /W-F3-1  /T1-F3-1 /T0-F3-1 /R       /D:1     /W-T3-1  /D:1     
/W-T6-1  /D:1     /W-F0-1  /T1-F0-1 /T0-F0-1 /T5-T0-1 /T1-F1-1 /T3-F0-1 /D:1     /W-F3-1  
/D:3     /W-T4-1  /T0-T4-2 /T0-F0-1 /D:1     /W-T5-1  /D:2     /W-T5-1  /T0-T5-3 /D:1     
/W-F2-1  /T4-F2-1 /T1-F2-1 /T4-F1-1 /T3-F1-1 /T4-F2-1 /T5-F1-1 /D:1     /W-T6-1  /D:1     
/W-F3-1  /T1-F3-1 /T1-F0-1 /T4-F3-1 /T4-F0-1 /T4-F0-1 /T4-F1-1 /T1-F3-1 /T6-F0-1 /T4-F0-1 
/R       /D:1     /W-F2-1  /T5-F2-1 /T1-F2-1 /T5-F3-1 /T5-F2-1 /D:1     /W-F1-1  /T1-F1-1 
/T6-F1-1 /T1-F2-1 /T1-F1-1 /T6-F2-1 /D:1     /W-F3-1  /T5-F3-1 /T2-F3-1 /T5-F0-1 
"
1051432,j#wO#bgd#DGrM#HkfnZ#FqCoIy#WQuxPLA#NKzpEhcaeUXiJVtRBmlsSTYv,153.500000,1941.000000,51.000000,0.573864,1,"
minimal: 0 / states: 123 / duration: 0.000123s
history:
/T6-F0-1 /T5-T4-1 /T5-T0-1 /D:1     /W-F3-1  /T1-F3-1 /D:3     /W-T2-1  /D:2     /W-T0-1  
/D:2     /W-F1-1  /D:3     /W-T4-1  /T1-T4-1 /T4-T1-4 /T4-F2-1 /T5-F2-1 /T2-F2-1 /T5-T2-1 
/T5-F2-1 /D:1     /W-T1-1  /D:3     /W-T0-1  /T4-T0-1 /T4-T6-1 /T4-T1-1 /T3-T4-1 /T3-F2-1 
/F2-T0-1 /T2-T0-2 /T2-T1-1 /T2-F1-1 /T5-T1-1 /D:1     /W-T1-1  /D:1     /W-F0-1  /T0-F0-1 
/D:1     /W-T2-1  /T6-T2-2 /T6-F3-1 /T0-T6-7 /D:1     /W-T4-1  /T6-T4-8 /D:2     /W-T3-1  
/D:1     /W-T6-1  /W-T6-1  /D:2     /R       /D:2     /W-T0-1  /D:1     /W-T3-1  /T4-T3-1 
/T4-F2-1 /T6-F2-1 /D:1     /W-F1-1  /T3-F1-1 /D:1     /W-F1-1  /T4-F1-1 /T4-F2-1 /T3-T4-3 
/T3-F0-1 /T4-F0-1 /T1-T6-2 /T1-F1-1 /T6-T1-3 /T6-F2-1 /T6-F3-1 /T1-F3-1 /T1-F0-1 /T4-F3-1 
/T1-F3-1 /T4-F0-1 /T1-F0-1 /T4-F1-1 /T1-F1-1 /T4-F0-1 /T4-F1-1 /T2-F1-1 /T6-T4-1 /D:1     
/W-F3-1  /D:1     /W-F0-1  /W-F0-1  /T2-F0-1 /T4-T0-3 /T4-F0-1 /D:1     /W-F3-1  /T0-F3-1 
/D:2     /W-F2-1  /T1-F2-1 /T0-F2-1 /T0-F1-1 /T1-F3-1 /T1-F2-1 /T2-F1-1 /W-F3-1  /T0-F2-1 
/T1-F3-1 
"
1051499,g#Pa#xyd#mlqu#GXJvN#SZIwcM#hCjFTYn#soEVfQeUbRziptBKHWrAOLDk,158.000000,2078.000000,43.000000,0.604167,1,"
minimal: 0 / states: 116 / duration: 0.000131s
history:
/T1-F1-1 /T4-F3-1 /T6-F2-1 /T6-T5-1 /T6-T3-1 /T6-T0-1 /T4-T6-1 /D:1     /W-T3-1  /D:1     
/W-F2-1  /D:2     /W-T4-1  /T3-T4-3 /T1-T3-1 /T5-T1-2 /D:3     /W-T0-1  /T3-T0-2 /D:1     
/W-T6-1  /D:1     /W-F1-1  /T5-F1-1 /T2-F1-1 /D:1     /W-T4-1  /T0-T4-2 /T0-F1-1 /D:2     
/W-T5-1  /D:1     /W-F2-1  /D:1     /W-T6-1  /D:1     /W-T4-1  /D:1     /W-T1-1  /T6-T1-4 
/D:1     /W-T5-1  /T0-T5-2 /W-T0-1  /T3-T0-1 /T2-T3-1 /T2-T0-1 /D:1     /W-T0-1  /D:2     
/W-F0-1  /T4-F0-1 /T6-F0-1 /D:1     /W-F3-1  /T4-F3-1 /T4-F2-1 /W-F2-1  /W-F3-1  /T4-F3-1 
/T4-F2-1 /T1-F2-1 /W-F1-1  /T5-T4-1 /T5-F1-1 /T6-F1-1 /T4-T5-2 /T4-F2-1 /T5-T4-3 /T5-F1-1 
/T1-T0-2 /T1-F1-1 /D:2     /W-F0-1  /D:1     /W-T3-1  /T5-T3-1 /F1-T1-1 /T5-T1-1 /T5-T2-1 
/T5-F3-1 /T0-T1-1 /T0-F2-1 /T3-F2-1 /T4-T3-5 /W-T2-1  /W-F0-1  /T3-F0-1 /T3-F3-1 /T4-T2-1 
/T4-F0-1 /T1-F3-1 /T3-F0-1 /T1-F0-1 /T1-F1-1 /T3-F3-1 /T0-F3-1 /T0-F2-1 /T3-F0-1 /T1-F0-1 
/T2-F3-1 /T1-F3-1 /T3-F1-1 /T0-F1-1 /T2-F0-1 /T1-F0-1 /T3-F2-1 /T0-F2-1 /T2-F3-1 /T3-F1-1 
"
1051579,j#JX#wts#vHUh#qoCVI#rgzfPB#MkdcxNR#eLYlDnyQFGuAOTEZWbiapSKm,140.000000,2107.000000,50.000000,0.568421,1,"
minimal: 0 / states: 129 / duration: 0.000127s
history:
/T6-T2-1 /T6-F3-1 /T4-T0-1 /T3-T0-1 /T0-T6-3 /D:5     /W-T2-1  /D:1     /W-F2-1  /D:4     
/W-T3-1  /D:1     /W-T4-1  /D:1     /W-F0-1  /T5-F0-1 /T5-T2-1 /T5-T3-1 /T5-T0-1 /T2-T5-4 
/T2-T6-1 /T4-T2-2 /T4-F0-1 /T4-F2-1 /T5-T2-5 /T2-T4-1 /T2-F0-1 /T2-T1-6 /T4-T1-2 /T5-T3-1 
/D:1     /W-F3-1  /T1-F3-1 /D:2     /W-F0-1  /D:1     /W-T2-1  /D:4     /W-F1-1  /D:1     
/W-F2-1  /T1-F2-1 /T3-F2-1 /D:1     /W-T6-1  /D:2     /W-T4-1  /R       /D:2     /W-T2-1  
/T1-T2-7 /D:1     /W-T0-1  /T6-T0-6 /D:2     /W-T4-1  /D:1     /W-F3-1  /T2-F3-1 /T0-F3-1 
/T2-F2-1 /T0-F2-1 /D:1     /W-F0-1  /D:1     /W-F3-1  /T3-T0-2 /T3-F3-1 /T2-T3-1 /T2-F2-1 
/T3-T2-2 /T3-F2-1 /T2-T1-3 /T2-F2-1 /T1-T2-4 /D:2     /W-F1-1  /T6-F1-1 /T6-F1-1 /T6-T4-1 
/D:2     /R       /D:1     /W-F1-1  /T0-F1-1 /T0-F0-1 /T2-F1-1 /T0-F1-1 /T2-F0-1 /T0-F0-1 
/T2-F3-1 /T2-F0-1 /D:1     /W-T6-1  /D:1     /W-F3-1  /T2-F3-1 /T0-T6-2 /T0-F3-1 /D:1     
/W-F1-1  /T6-F1-1 /T4-F1-1 /T6-F2-1 /T4-F2-1 /T0-F2-1 /T6-F1-1 /T4-F1-1 /D:1     /W-F0-1  
/T2-F0-1 /T2-F3-1 /T6-F0-1 
"
1051624,L#SM#exY#Gbtl#aOjBg#nQHzAJ#wKdNUuV#EcRqCvFyXrfkDopIWPihTmZs,66.500000,344.000000,30.000000,0.792453,1,"
minimal: 0 / states: 125 / duration: 0.000118s
history:
/T6-T5-1  /T6-T5-1  /T4-T5-1  /T3-T1-1  /T3-T6-1  /D:7      /W-T5-1   /D:2      /W-T0-1   /T5-T0-5  
/T5-F0-1  /T4-F0-1  /T2-T5-1  /T4-T2-1  /T2-T1-2  /T2-T0-1  /T5-T2-2  /D:2      /W-T6-1   /W-T6-1   
/D:2      /W-T0-1   /D:3      /W-T1-1   /T6-T1-4  /T6-F3-1  /T4-F3-1  /T4-F1-1  /T3-F1-1  /T6-T1-1  
/T1-T4-10 /T6-T2-1  /W-T4-1   /T1-T3-1  /D:1      /W-T2-1   /D:1      /W-F3-1   /D:1      /W-T6-1   
/T5-T6-1  /T5-F3-1  /T5-F2-1  /W-F2-1   /T4-F2-1  /D:2      /W-T6-1   /D:1      /W-T1-1   /T0-T1-9  
/D:1      /W-T0-1   /D:1      /W-T6-1   /R        /D:1      /W-T3-1   /D:1      /W-F1-1   /T4-F1-1  
/D:1      /W-F3-1   /D:1      /W-F2-1   /T4-F2-1  /T6-F2-1  /T3-T4-1  /T3-F3-1  /T6-F3-1  /T4-T3-2  
/T4-F2-1  /T4-F3-1  /T1-T6-4  /T1-F2-1  /T1-F3-1  /T2-F3-1  /D:1      /W-F0-1   /T6-F0-1  /T3-F0-1  
/T6-F1-1  /T3-F1-1  /T6-F0-1  /T3-F0-1  /T6-F1-1  /T6-F0-1  /T4-F0-1  /T1-F0-1  /T1-F3-1  /T2-F0-1  
/T1-F0-1  /T2-F3-1  /T0-F3-1  /T4-T2-3  /T4-F0-1  /D:1      /W-F2-1   /D:1      /W-T1-1   /D:1      
/W-T1-1   /T6-T1-2  /D:1      /W-F1-1   /T1-F1-1  /T1-F2-1  /T2-F1-1  /T1-F1-1  /T2-F2-1  /T1-F2-1  
/T2-F1-1  /T1-F1-1  /T2-F2-1  
"
1051627,x#mE#GcL#CiOB#hnSaP#oQzRDk#KrqHYAT#ZwJfletgFNXIpvUbdyWVjsMu,108.000000,1480.000000,46.000000,0.664773,1,"
minimal: 0 / states: 123 / duration: 0.000119s
history:
/T5-T2-1 /T4-T5-1 /T4-F1-1 /T3-T5-1 /T1-T4-1 /T2-T1-2 /D:2     /W-T1-1  /D:7     /W-T6-1  
/D:1     /W-F3-1  /T3-F3-1 /T3-T1-1 /T5-T2-1 /T5-F3-1 /T2-T5-2 /T4-T2-2 /T4-F2-1 /T2-T4-3 
/D:6     /W-F1-1  /D:1     /W-T4-1  /T3-T4-1 /D:2     /W-T0-1  /D:4     /W-T2-1  /D:1     
/W-T1-1  /T6-T1-2 /T6-F0-1 /T5-F0-1 /T4-F0-1 /T6-T2-1 /T5-F1-1 /T5-F0-1 /T5-T1-1 /T5-T3-1 
/T5-F3-1 /T5-F2-1 /T1-F3-1 /T4-F1-1 /T4-F0-1 /T1-F0-1 /T4-F3-1 /T1-F3-1 /T4-F0-1 /T6-F0-1 
/T0-T2-2 /R       /D:1     /W-T0-1  /D:3     /W-T3-1  /D:1     /W-F1-1  /W-F1-1  /D:1     
/W-T4-1  /D:1     /W-F1-1  /D:2     /W-F0-1  /D:1     /W-F2-1  /T6-F2-1 /T6-F2-1 /T6-T3-1 
/D:1     /W-T2-1  /T4-T2-2 /D:1     /W-F3-1  /D:1     /W-T0-1  /W-T0-1  /W-F0-1  /T3-F0-1 
/D:1     /W-F3-1  /D:2     /W-F2-1  /T2-F2-1 /T1-F2-1 /T2-F1-1 /T1-F1-1 /T2-F2-1 /T1-F2-1 
/T2-F3-1 /T0-F3-1 /W-F1-1  /T1-F1-1 /T1-F0-1 /T2-F2-1 /T0-F2-1 /T2-F3-1 /T0-F3-1 /T3-F1-1 
/T1-F1-1 /T2-F0-1 /T3-F2-1 
"
1051642,l#kb#wCa#InZy#RJGmz#gTqpHv#jfXeFAV#hOWxMsKNYDBLEQuUiPtcdroS,126.500000,1998.000000,37.000000,0.664384,1,"
minimal: 0 / states: 112 / duration: 0.000111s
history:
/T2-F1-1 /T1-F1-1 /T0-T4-1 /T4-T0-2 /T3-T4-1 /T1-T4-1 /T4-T1-3 /D:1     /W-T5-1  /T4-T5-1 
/T6-T4-1 /T6-F0-1 /T4-T1-2 /T4-T6-1 /T3-T4-1 /T3-F2-1 /D:1     /W-T2-1  /D:2     /W-T0-1  
/W-T0-1  /T5-T0-3 /T5-T1-1 /D:4     /W-F3-1  /T2-F3-1 /D:2     /W-T6-1  /D:1     /W-F0-1  
/T2-F0-1 /T6-F0-1 /D:1     /W-T4-1  /D:1     /W-F0-1  /D:3     /W-T3-1  /D:1     /W-T2-1  
/W-T2-1  /D:1     /W-F3-1  /W-F3-1  /T6-F3-1 /T6-F0-1 /T0-F0-1 /T1-F0-1 /D:1     /W-T0-1  
/D:1     /W-F1-1  /D:1     /W-F1-1  /T6-F1-1 /T6-T4-1 /T6-F1-1 /T2-T4-3 /T3-T6-2 /D:2     
/W-F2-1  /T5-F2-1 /T5-F2-1 /W-F2-1  /T5-T4-1 /T5-F1-1 /T0-T6-1 /T0-F1-1 /T4-T1-2 /T4-F1-1 
/T6-T0-2 /T6-F0-1 /T6-F1-1 /T1-T4-3 /T1-F0-1 /T1-F1-1 /D:1     /W-F3-1  /T4-F3-1 /R       
/D:1     /W-T2-1  /D:1     /W-F2-1  /T0-F2-1 /T0-F3-1 /T4-F2-1 /T0-F2-1 /T4-F3-1 /T0-F3-1 
/T4-F2-1 /T0-F2-1 /T4-F3-1 /T1-F2-1 /T0-F1-1 /T0-F2-1 /T1-F1-1 /D:1     /W-F0-1  /T4-F0-1 
/T2-F0-1 /D:1     /W-F3-1  /T4-F3-1 
"
1051678,M#bA#xDY#zVse#EGiKp#oLyBnW#hvHmtkN#ZudJgTUCcFPOfrSjQXlIRwqa,106.500000,1672.000000,50.000000,0.577381,1,"
minimal: 0 / states: 129 / duration: 0.000131s
history:
/T1-F0-1 /T6-F3-1 /T2-T0-1 /T2-T3-1 /T5-T2-1 /T5-F2-1 /T5-F0-1 /T6-T5-1 /T1-T4-1 /T2-T0-2 
/D:1     /W-T1-1  /T5-T1-2 /D:3     /W-T1-1  /D:4     /W-F0-1  /T3-F0-1 /D:4     /W-F3-1  
/W-F3-1  /D:1     /W-T6-1  /D:1     /W-T6-1  /D:3     /W-T6-1  /T4-T6-2 /W-T4-1  /D:1     
/W-T5-1  /D:2     /W-T0-1  /D:2     /W-T5-1  /D:1     /W-T3-1  /D:1     /W-F1-1  /T6-F1-1 
/R       /D:5     /W-T0-1  /T6-T0-5 /T6-T2-1 /T5-T2-3 /T5-F2-1 /T0-F2-1 /T0-F3-1 /T3-F2-1 
/T0-F2-1 /W-T6-1  /D:1     /W-F1-1  /D:1     /W-T6-1  /T3-T6-1 /T3-F2-1 /T6-T3-4 /T3-T1-5 
/T6-T4-1 /T6-T4-1 /D:2     /W-T3-1  /T4-T3-4 /T4-T2-1 /T4-T3-1 /T4-F0-1 /T0-T3-1 /T0-F2-1 
/D:1     /W-F3-1  /W-F3-1  /R       /D:1     /W-F2-1  /D:1     /W-F1-1  /T1-F1-1 /T1-F0-1 
/T1-F3-1 /T3-F1-1 /T3-F0-1 /T0-F3-1 /T1-F0-1 /T1-F3-1 /T0-F0-1 /T0-F3-1 /T1-F0-1 /T2-T1-2 
/T2-F3-1 /T3-T0-3 /T3-F0-1 /T2-F0-1 /T0-T3-4 /T0-F3-1 /T0-F0-1 /T1-T2-4 /T1-F3-1 /D:1     
/W-F1-1  /T3-F1-1 /T2-F1-1 /T3-F2-1 /T2-F2-1 /T3-F1-1 /T2-F1-1 /T3-F2-1 /T2-F2-1 /T3-F1-1 
/T2-F1-1 /T3-F2-1 
"
1051701,v#fB#xju#hlnX#zemUQ#CPdagN#GRTKybw#FrHIDWikqEcOMYtZSJoLpVsA,106.000000,1187.000000,37.000000,0.694444,1,"
minimal: 0 / states: 121 / duration: 0.000118s
history:
/T5-F3-1 /T6-T3-1 /T5-T2-1 /T5-F1-1 /T6-F1-1 /T3-T6-2 /T3-F2-1 /D:1     /W-T2-1  /D:6     
/W-T6-1  /T2-T6-3 /T0-T2-1 /D:4     /W-F1-1  /T5-F1-1 /T1-T5-1 /W-T1-1  /T4-T1-1 /T4-T2-1 
/T6-T4-7 /T6-T3-1 /T4-T0-8 /T4-F1-1 /T2-T3-3 /T3-T4-5 /D:1     /W-F3-1  /D:3     /W-T3-1  
/T1-T3-3 /D:1     /W-T1-1  /D:3     /W-F2-1  /D:1     /W-T1-1  /D:1     /W-F2-1  /D:2     
/W-T6-1  /D:1     /W-F0-1  /T5-F0-1 /T5-F3-1 /T5-F0-1 /T3-F3-1 /R       /D:4     /W-F0-1  
/T3-F0-1 /T0-F0-1 /T3-F1-1 /T0-F1-1 /T6-T0-2 /T6-F3-1 /T6-F0-1 /T3-T4-1 /T3-F1-1 /D:1     
/W-T2-1  /W-T2-1  /W-F0-1  /T2-F0-1 /D:1     /W-T1-1  /D:1     /W-F2-1  /W-F2-1  /T0-F2-1 
/T4-F2-1 /D:1     /W-T3-1  /D:1     /W-T3-1  /T2-T3-2 /D:1     /W-F3-1  /T0-F3-1 /T0-F2-1 
/T0-F1-1 /T4-F3-1 /T4-F2-1 /T4-F1-1 /T0-F2-1 /T1-F1-1 /T3-T4-1 /T3-F2-1 /T0-T1-1 /T0-F2-1 
/T4-T3-2 /T4-F1-1 /T0-F1-1 /T4-F2-1 /D:1     /W-F0-1  /D:1     /W-F3-1  /T3-F3-1 /T1-F3-1 
/T3-F0-1 /T1-F0-1 /T3-F3-1 /T1-F3-1 /T3-F0-1 
"
1051706,I#xp#kqL#wHrK#sXUZR#cOFvCz#QfNiblh#tVDoJgEjmYneMadSTAuBGyPW,148.500000,1650.000000,53.000000,0.581731,1,"
minimal: 0 / states: 124 / duration: 0.000134s
history:
/T6-T0-1 /T6-T5-1 /T6-T1-1 /T3-T5-1 /D:1     /W-T0-1  /D:2     /W-T4-1  /D:5     /W-T5-1  
/T0-T5-3 /T5-T0-7 /D:3     /W-F2-1  /D:3     /W-F1-1  /T1-F1-1 /D:1     /W-T3-1  /T5-T3-1 
/D:1     /W-T0-1  /T3-T0-3 /T3-T6-1 /T6-T3-2 /T6-F3-1 /D:1     /W-T3-1  /D:1     /W-F0-1  
/D:2     /W-F0-1  /T0-F0-1 /T1-T0-1 /T4-F0-1 /D:4     /W-T1-1  /T5-T1-1 /T4-T5-1 /T2-T4-1 
/T5-T3-2 /T5-F3-1 /T2-T3-1 /T2-T4-1 /T4-T2-3 /T4-T1-1 /T5-F1-1 /W-F3-1  /T3-T2-7 /R       
/D:2     /W-F2-1  /T0-F2-1 /T0-F1-1 /T2-F2-1 /T0-F2-1 /D:1     /W-T4-1  /W-T4-1  /D:2     
/W-F0-1  /D:1     /W-T3-1  /D:2     /W-F1-1  /T6-F1-1 /T6-F3-1 /T2-F3-1 /T0-F3-1 /T2-F0-1 
/T2-F3-1 /T1-F3-1 /T4-F3-1 /D:1     /W-T5-1  /W-T5-1  /W-F1-1  /T1-T5-3 /D:2     /W-F0-1  
/T2-F0-1 /T0-T5-2 /T0-F0-1 /T4-F0-1 /T5-T0-3 /T5-F3-1 /T4-F3-1 /T4-F2-1 /T0-F2-1 /T0-F1-1 
/W-F2-1  /T0-F2-1 /T2-F1-1 /T0-F1-1 /T0-F0-1 /T2-F2-1 /T2-F1-1 /T2-F0-1 /T5-F2-1 /T0-F1-1 
/T5-F3-1 /T5-F0-1 /T2-F3-1 /T3-F1-1 /D:1     /W-F2-1  /T0-F2-1 
"
1051717,X#Rm#pru#HTfs#SMFAL#qeQwWK#IJoxclP#BCgyNnVEYhjGZdOUazvkiDbt,147.500000,2249.000000,51.000000,0.618557,1,"
minimal: 0 / states: 122 / duration: 0.000123s
history:
/T4-T1-1 /T4-F0-1 /T0-T1-1 /T1-T0-3 /T1-T3-1 /D:1     /W-F0-1  /D:1     /W-F0-1  /D:1     
/W-T2-1  /T3-T2-2 /D:2     /W-F3-1  /D:1     /W-F2-1  /D:2     /W-T3-1  /D:3     /W-T5-1  
/D:2     /W-T1-1  /D:1     /W-T3-1  /D:1     /W-F3-1  /T6-F3-1 /T5-T6-2 /D:2     /W-F1-1  
/D:2     /W-T5-1  /D:3     /W-F0-1  /D:1     /W-F1-1  /D:1     /R       /D:1     /W-T1-1  
/D:3     /W-T5-1  /D:1     /W-T5-1  /T3-T5-3 /T4-T3-1 /T6-T4-3 /T6-F1-1 /T5-T6-7 /T5-T0-1 
/T5-F3-1 /T5-T3-1 /T5-T2-1 /T4-T5-4 /T6-F1-1 /T6-F0-1 /T3-F1-1 /T3-F0-1 /T6-F1-1 /T6-F0-1 
/T2-T3-3 /T2-F1-1 /T3-T2-4 /T3-F0-1 /T6-F1-1 /D:1     /W-T6-1  /D:1     /W-T3-1  /W-T3-1  
/T6-T3-4 /T6-F2-1 /W-T0-1  /T2-T0-5 /T2-T4-1 /T2-F2-1 /T0-F2-1 /T0-F3-1 /T4-F2-1 /T0-F2-1 
/T4-F3-1 /T0-F3-1 /T3-F3-1 /D:1     /W-T1-1  /T6-T1-1 /T6-F0-1 /T1-F0-1 /D:1     /W-F1-1  
/T5-F1-1 /T1-F1-1 /T5-F0-1 /T5-F1-1 /T0-T1-4 /T0-F0-1 /T0-F1-1 /T5-F0-1 /D:1     /W-F2-1  
/T1-F2-1 /T1-F3-1 /T3-F2-1 /T1-F2-1 /T3-F3-1 /T1-F3-1 /T3-F2-1 /T1-F2-1 /T3-F3-1 /T1-F3-1 
/T3-F2-1 
"
1051742,o#ue#sxX#JgRW#AQtdb#PTmEOD#VHpqlLw#CBYnkGIrMjycFhNZUzfviSaK,55.500000,753.000000,27.000000,0.950000,1,"
minimal: 0 / states: 125 / duration: 0.000122s
history:
/T6-T2-1  /T5-T1-1  /T2-T6-2  /T3-T2-1  /D:4      /W-F2-1   /T0-F2-1  /D:3      /W-T2-1   /D:2      
/W-T0-1   /D:3      /W-T1-1   /D:2      /W-T2-1   /D:1      /W-F3-1   /T5-F3-1  /D:6      /W-T6-1   
/D:2      /W-F1-1   /T4-F1-1  /T4-T5-1  /T4-T2-1  /W-T2-1   /T5-T2-2  /T6-T5-4  /T6-T0-1  /T6-T3-1  
/T6-F2-1  /T2-T0-8  /T3-T2-2  /T3-T6-1  /T6-T5-2  /T2-T5-3  /T5-T2-10 /T1-F1-1  /T0-F1-1  /T4-T0-1  
/T4-F0-1  /T2-F2-1  /T1-T2-1  /T1-F1-1  /T5-T1-1  /T5-F3-1  /T0-F3-1  /T1-T6-2  /T6-T3-3  /D:1      
/R        /D:2      /W-F0-1   /W-F0-1   /T2-F0-1  /T0-F0-1  /T2-F3-1  /T0-F3-1  /T3-F3-1  /D:4      
/W-F2-1   /T2-F2-1  /T0-F2-1  /T3-F2-1  /W-T0-1   /D:3      /W-F0-1   /T0-F0-1  /D:1      /W-T1-1   
/W-T1-1   /D:1      /W-F3-1   /T3-F3-1  /D:1      /W-T4-1   /D:1      /W-F1-1   /T2-F1-1  /T0-F1-1  
/T2-F0-1  /T0-F0-1  /T2-F1-1  /T3-F0-1  /T0-F3-1  /W-F1-1   /W-F1-1   /W-T4-1   /T0-T4-1  /T0-F1-1  
/D:1      /W-F2-1   /T2-F2-1  /T2-F3-1  /T4-F2-1  /T1-F2-1  /T4-F3-1  /T4-F2-1  /T1-F3-1  /D:1      
/W-F0-1   /T2-F0-1  /T0-F0-1  /T2-F1-1  
"
1051746,L#Xs#ZfD#PBJk#ebRal#SKrTYq#EWQzjui#MFCHNwUGodVvytnIhpmAcgxO,138.000000,1945.000000,59.000000,0.536458,1,"
minimal: 0 / states: 135 / duration: 0.000133s
history:
/T3-T0-1 /T6-T3-1 /T6-T3-1 /T3-T0-3 /D:5     /W-F3-1  /D:7     /W-T6-1  /D:3     /W-F2-1  
/D:2     /W-T6-1  /D:3     /W-F0-1  /T3-F0-1 /T3-T2-1 /W-T3-1  /T0-T3-5 /D:1     /W-T5-1  
/D:1     /W-T3-1  /T1-T3-1 /D:1     /W-T4-1  /T6-T4-3 /T4-T6-5 /T4-F1-1 /T5-T4-2 /T6-T0-6 
/T4-T3-3 /T4-F1-1 /T2-T4-2 /T3-F1-1 /W-T6-1  /D:1     /W-F3-1  /T4-F3-1 /R       /D:3     
/W-F0-1  /T4-F0-1 /D:2     /W-T1-1  /D:2     /W-T0-1  /T2-T0-1 /D:1     /W-F2-1  /T6-F2-1 
/T3-F2-1 /T6-F3-1 /T3-F3-1 /T4-T3-1 /D:1     /W-F1-1  /T3-F1-1 /T0-F1-1 /D:1     /W-T1-1  
/D:1     /W-T2-1  /T1-T2-3 /D:2     /W-T6-1  /R       /D:1     /W-T1-1  /T5-T1-1 /T3-T5-1 
/T3-F1-1 /T5-T3-2 /T5-F2-1 /T3-F2-1 /T5-T1-1 /T6-T1-2 /T6-F0-1 /T5-F3-1 /T3-F3-1 /D:1     
/W-F0-1  /T0-F0-1 /T0-F1-1 /T3-T2-1 /T3-F1-1 /D:1     /W-F0-1  /T1-F0-1 /T3-F0-1 /T0-T1-1 
/T0-F1-1 /T3-F1-1 /T1-T0-2 /T1-F0-1 /T3-F0-1 /T0-T1-3 /T0-F1-1 /T3-F1-1 /T1-T0-4 /T1-F0-1 
/D:1     /W-F3-1  /D:1     /W-F2-1  /T2-F2-1 /T0-F2-1 /T2-F3-1 /T0-F3-1 /T2-F2-1 /T0-F2-1 
/T2-F3-1 /T0-F3-1 /T2-F2-1 /T0-F2-1 /T2-F3-1 
"
1051771,I#un#DaH#QeTV#RjcKk#CFiYWg#wxhlMzA#SBNtOZGfvEUybXsPoJdpLqrm,97.000000,925.000000,46.000000,0.629870,1,"
minimal: 0 / states: 119 / duration: 0.000123s
history:
/T1-F2-1 /T6-F0-1 /T5-T1-1 /T2-T3-1 /T2-F1-1 /T0-T5-1 /T6-T0-1 /D:2     /W-F0-1  /D:1     
/W-F3-1  /D:2     /W-F3-1  /D:6     /W-T5-1  /D:2     /W-F1-1  /D:2     /W-T1-1  /D:1     
/W-F3-1  /D:1     /W-F2-1  /D:1     /W-T4-1  /T3-T4-2 /T3-T4-1 /T3-T1-1 /T2-T1-1 /T6-T2-1 
/T6-T0-1 /T3-F3-1 /D:2     /W-F2-1  /D:2     /W-F2-1  /D:1     /W-F2-1  /D:1     /W-T3-1  
/W-T3-1  /T4-T3-5 /T5-T4-3 /T4-T0-4 /T4-F1-1 /T5-T2-1 /W-F1-1  /T1-T5-5 /R       /D:2     
/W-T0-1  /W-T0-1  /D:1     /W-T1-1  /D:1     /W-T6-1  /D:1     /W-T6-1  /D:1     /W-T4-1  
/T6-T4-3 /T4-T6-5 /T6-T2-6 /T5-T6-6 /T5-T3-1 /T5-F0-1 /T6-F0-1 /T4-F3-1 /T6-F1-1 /T6-F2-1 
/T0-F3-1 /T0-F2-1 /T2-F1-1 /T6-F1-1 /T6-F2-1 /T2-T0-1 /T2-F1-1 /T2-F2-1 /T6-F1-1 /T2-F1-1 
/T6-F2-1 /T2-F2-1 /D:1     /W-F0-1  /T3-F0-1 /T0-F0-1 /T3-F3-1 /T0-F3-1 /T3-F0-1 /T0-F0-1 
/T3-F3-1 /T0-F3-1 /T3-F0-1 /T0-F0-1 /T3-F1-1 /T0-F1-1 /T3-F0-1 /T3-F1-1 /T2-T0-1 /T2-F0-1 
/D:1     /W-F2-1  /D:1     /W-F3-1  /T0-F3-1 /T0-F2-1 /T1-F3-1 
"
1051825,Z#Yq#QRS#uKyi#PtgLA#UoabOF#HrBpzmG#WhcCVsjnfJvwkxNdeXDIETlM,114.000000,2701.000000,43.000000,0.662162,1,"
minimal: 0 / states: 125 / duration: 0.000121s
history:
/T4-F0-1 /T4-T0-1 /T5-T4-1 /T2-T6-1 /T1-T2-1 /T2-T4-2 /D:3     /W-T4-1  /D:1     /W-T2-1  
/T5-T2-1 /D:4     /W-F2-1  /D:5     /W-T0-1  /W-T0-1  /T3-T0-1 /D:1     /W-T1-1  /D:1     
/W-F3-1  /T2-F3-1 /T5-T2-1 /T5-F1-1 /T2-F1-1 /T5-F2-1 /T6-T5-2 /T3-T6-1 /T4-F1-1 /D:1     
/W-F1-1  /D:1     /W-F1-1  /D:1     /W-T6-1  /D:3     /W-T5-1  /T2-T5-2 /T6-T2-3 /T1-T6-2 
/T6-T1-3 /T6-F2-1 /T6-F0-1 /T5-F0-1 /T4-F2-1 /T6-F2-1 /T4-T6-3 /T6-T0-4 /D:3     /W-T6-1  
/W-T6-1  /T3-T6-1 /W-T3-1  /R       /D:1     /W-T1-1  /D:3     /W-F2-1  /T4-F2-1 /T4-F3-1 
/T5-F3-1 /T0-F3-1 /D:1     /W-T6-1  /D:1     /W-F1-1  /T0-T3-1 /T0-F1-1 /T3-T0-2 /T3-F2-1 
/D:1     /W-T2-1  /W-T2-1  /W-F1-1  /T0-T2-3 /T0-F1-1 /T6-F1-1 /D:1     /W-F2-1  /T0-F2-1 
/T0-F1-1 /T1-T6-1 /T1-F2-1 /T2-T0-6 /T2-F2-1 /T6-T1-2 /T6-F1-1 /T2-F1-1 /T1-T6-3 /T1-F2-1 
/D:1     /W-F0-1  /T5-F0-1 /T0-F0-1 /T5-F3-1 /T0-F3-1 /T5-F0-1 /T0-F0-1 /T5-F3-1 /T0-F3-1 
/T6-F3-1 /D:1     /W-F0-1  /T0-F0-1 /T0-F3-1 /T6-F0-1 /T0-F0-1 /T6-F3-1 /T0-F3-1 /T6-F0-1 
"
1051830,q#NX#kbE#eTOy#rDCBh#ugfaJt#WmZpwoc#nIjHVUiQMPAzxSGYRdvLFKsl,88.000000,968.000000,25.000000,0.858333,1,"
minimal: 0 / states: 102 / duration: 0.000106s
history:
/T6-T0-1 /T5-T4-1 /T6-T0-1 /T5-T1-1 /T5-F1-1 /T2-T5-1 /T2-F1-1 /T6-T2-1 /T5-T4-2 /T1-T3-2 
/T1-F3-1 /D:1     /W-F2-1  /T0-F2-1 /T6-F2-1 /T3-T6-3 /T3-F3-1 /T6-T1-4 /T0-F1-1 /T0-F2-1 
/T6-T0-1 /D:1     /W-T6-1  /T4-T6-4 /D:3     /W-T1-1  /W-T1-1  /T3-T1-1 /D:2     /W-T2-1  
/D:1     /W-T6-1  /D:2     /W-F3-1  /T6-F3-1 /D:1     /W-F0-1  /T4-F0-1 /T4-F0-1 /T4-F0-1 
/T4-F2-1 /T6-F0-1 /W-T4-1  /D:5     /W-T4-1  /D:1     /W-F3-1  /D:1     /W-F1-1  /T3-F1-1 
/T6-F1-1 /T5-F1-1 /T5-T2-1 /D:2     /W-T0-1  /T2-T0-4 /D:1     /W-F0-1  /D:1     /W-T4-1  
/T6-T4-4 /D:1     /W-F2-1  /T4-F2-1 /T0-F2-1 /T4-F1-1 /T0-F1-1 /W-F2-1  /T0-F2-1 /W-F0-1  
/W-F3-1  /T1-F3-1 /T1-F0-1 /T4-F0-1 /W-F2-1  /W-T2-1  /W-F3-1  /T1-F3-1 /T1-F0-1 /T4-F3-1 
/T1-F3-1 /W-F1-1  /T0-F1-1 /T1-F2-1 /T4-F0-1 /T0-F0-1 /T4-F3-1 /T1-F3-1 /T2-F2-1 /T4-F0-1 
/D:1     /W-F1-1  /T0-F1-1 
"
1051834,w#JZ#Pjp#YKhA#UeSRO#WilmTQ#sGIqCgv#fLtNoBxDEXzcnrabkMuyHVdF,105.500000,2145.000000,38.000000,0.785714,1,"
minimal: 0 / states: 116 / duration: 0.000126s
history:
/T3-F0-1 /T4-T2-1 /T2-T5-2 /T6-T2-1 /T3-T2-1 /T2-T3-3 /D:2     /W-T1-1  /D:1     /W-T3-1  
/W-T3-1  /D:1     /W-F3-1  /T5-F3-1 /T2-F3-1 /T1-T2-2 /D:2     /W-F0-1  /D:2     /W-T4-1  
/D:1     /W-T3-1  /T5-T3-2 /D:1     /W-T2-1  /T0-T2-1 /D:1     /W-T0-1  /D:1     /W-T4-1  
/D:1     /W-F2-1  /D:2     /W-F1-1  /D:1     /W-F1-1  /T4-F1-1 /D:6     /W-T1-1  /W-T1-1  
/T6-T1-1 /T6-F0-1 /T4-F0-1 /T6-T4-1 /D:1     /W-F1-1  /D:1     /W-T1-1  /T4-T1-2 /R       
/D:1     /W-F2-1  /T3-F2-1 /T1-F2-1 /T3-F3-1 /T1-F3-1 /T3-F0-1 /T4-F3-1 /T4-F1-1 /T1-F0-1 
/T5-F3-1 /T4-T6-1 /T5-T4-1 /T5-T0-1 /T3-T0-6 /T5-T2-1 /T6-T5-2 /T6-F0-1 /T0-F1-1 /T1-F1-1 
/T1-F0-1 /T5-F3-1 /T1-F3-1 /T5-F0-1 /T1-F0-1 /T5-F3-1 /D:1     /W-T3-1  /T0-T3-4 /T0-F0-1 
/D:1     /W-F2-1  /T6-F2-1 /T3-F2-1 /T3-F1-1 /T2-F1-1 /D:2     /W-T1-1  /T3-T1-4 /D:1     
/W-F2-1  /T1-F2-1 /T1-F1-1 /T2-F2-1 /T1-F2-1 /T2-F3-1 /T1-F3-1 /W-F1-1  /T0-F1-1 /T2-F0-1 
/T1-F0-1 /T2-F3-1 /T4-F1-1 /D:1     /W-F2-1  /T0-F2-1 
"
1051875,N#nm#HKq#PaoO#kVDZC#Ehjydz#eYSpswM#XWLtvTRflxiFIAubGBrcUJgQ,107.500000,1112.000000,52.000000,0.689320,1,"
minimal: 0 / states: 127 / duration: 0.000135s
history:
/T0-F3-1  /T3-F3-1  /T6-T0-1  /D:3      /W-T1-1   /D:6      /W-T0-1   /D:1      /W-T0-1   /D:1      
/W-T6-1   /D:3      /W-F0-1   /D:1      /W-T6-1   /D:1      /W-T4-1   /D:2      /W-F0-1   /D:2      
/W-T2-1   /T3-T2-1  /T3-F1-1  /T4-F1-1  /T4-F0-1  /T3-F3-1  /T5-T3-1  /D:3      /W-T6-1   /D:1      
/W-F3-1   /R        /D:1      /W-T1-1   /T6-T1-4  /T6-T1-1  /T6-T5-1  /D:1      /W-T0-1   /D:2      
/W-T0-1   /D:2      /W-T1-1   /T2-T1-3  /D:5      /W-T6-1   /T5-T6-2  /T5-T4-1  /T5-T2-1  /T5-T0-1  
/W-T0-1   /T6-T0-4  /T2-T6-2  /T6-T3-3  /T1-T6-3  /T1-F3-1  /T6-T1-4  /T4-T6-2  /T4-F0-1  /T2-T4-1  
/T1-T2-12 /T1-F2-1  /T2-F2-1  /T0-F2-1  /T2-F1-1  /T0-F1-1  /T2-F2-1  /T0-F2-1  /T2-F1-1  /T2-F2-1  
/T5-F0-1  /T0-F3-1  /W-T3-1   /W-F0-1   /W-F1-1   /T0-F0-1  /T2-F1-1  /W-F3-1   /T4-F0-1  /W-F2-1   
/T0-F1-1  /T2-F2-1  /T2-F1-1  /T4-T2-1  /T0-F2-1  /T3-F0-1  /T3-F1-1  /T4-F1-1  /D:1      /W-F3-1   
/T2-F3-1  /T0-F3-1  /T2-F2-1  /T0-F2-1  /T0-F1-1  /T2-F3-1  /T6-F2-1  /T2-T6-1  /T2-F1-1  /T3-T0-2  
/T3-F2-1  /D:1      /W-F0-1   /T0-F0-1  /T0-F3-1  /T6-F0-1  /T0-F0-1  /T6-F3-1  
"
1051907,j#oM#cNP#bwgK#zxBOi#YtHTQI#pEUAynZ#LmSaJsfluqDrGdRkFhCWXVve,139.500000,2275.000000,51.000000,0.595506,1,"
minimal: 0 / states: 128 / duration: 0.000128s
history:
/T5-T0-1 /T0-T3-2 /T6-T0-1 /T6-F2-1 /T6-T0-1 /T6-F0-1 /T6-T3-1 /T5-T6-1 /D:4     /W-F1-1  
/D:2     /W-T5-1  /D:2     /W-T1-1  /T3-T1-4 /D:1     /W-T4-1  /T5-T4-2 /T3-T5-1 /T4-T3-4 
/D:4     /W-T1-1  /D:2     /W-T3-1  /D:1     /W-T0-1  /T3-T0-6 /T3-F1-1 /T1-T3-7 /T1-F2-1 
/D:1     /W-T5-1  /D:2     /W-T6-1  /T4-T6-1 /T4-F0-1 /D:1     /W-T4-1  /D:3     /W-T4-1  
/D:1     /W-T5-1  /R       /D:2     /W-T1-1  /W-T1-1  /D:1     /W-T3-1  /T6-T3-4 /T6-F2-1 
/D:3     /W-T0-1  /T2-T0-1 /T2-F3-1 /T2-F1-1 /T3-F3-1 /T0-F3-1 /T0-F2-1 /T3-F0-1 /T3-F3-1 
/T0-F3-1 /D:1     /W-F0-1  /T3-F0-1 /T3-F3-1 /T5-T0-1 /T5-F0-1 /T3-F0-1 /T0-T5-2 /T0-F3-1 
/T5-T0-3 /T5-F0-1 /T5-T3-1 /T4-T5-3 /T3-T5-2 /T3-F0-1 /W-T5-1  /W-F0-1  /T5-T4-7 /D:1     
/W-F2-1  /D:1     /W-F1-1  /T0-F1-1 /T0-F2-1 /T4-F1-1 /T0-F1-1 /T4-F2-1 /T0-F2-1 /T4-F3-1 
/T4-F2-1 /D:1     /W-F1-1  /T0-F1-1 /T3-F1-1 /T0-F2-1 /T0-F1-1 /T3-F0-1 /T1-F0-1 /T3-F1-1 
/T1-F1-1 /T3-F0-1 /D:1     /W-T0-1  /D:1     /W-F3-1  /T4-F3-1 /T0-F3-1 /T4-F2-1 /T0-F2-1 
/T4-F3-1 /T0-F3-1 /T4-F2-1 
"
1060152,z#on#akg#xwlc#EvJGR#utFbVd#ZeWNism#TLMyXBDIPSQfYhpqOCKrHUjA,145.000000,2551.000000,45.000000,0.630682,1,"
minimal: 0 / states: 121 / duration: 0.000122s
history:
/T1-F2-1 /T1-F2-1 /T6-T1-1 /T6-T2-1 /T4-T2-1 /D:2     /W-T1-1  /D:3     /W-T1-1  /D:1     
/W-T3-1  /D:1     /W-T2-1  /T3-T2-2 /T3-T0-1 /T6-T3-1 /T6-F3-1 /T3-T1-2 /T6-T3-1 /T3-T0-2 
/D:1     /W-T0-1  /D:2     /W-T4-1  /D:4     /W-T0-1  /T4-T0-2 /D:1     /W-F2-1  /D:1     
/W-F2-1  /D:1     /W-F3-1  /D:1     /W-T5-1  /D:2     /W-T0-1  /T5-T0-2 /T5-T4-1 /T5-T0-1 
/T6-T5-1 /D:1     /W-T1-1  /T2-T1-6 /T4-T2-2 /D:1     /W-T4-1  /D:2     /W-F0-1  /T1-F0-1 
/R       /D:2     /W-T3-1  /D:1     /W-T6-1  /T2-T6-3 /T2-F1-1 /T0-F1-1 /T0-F0-1 /T1-F1-1 
/T0-F1-1 /T0-F2-1 /T1-F0-1 /T5-F1-1 /T1-T5-1 /T1-F2-1 /T5-T1-2 /T5-F2-1 /T5-F2-1 /D:1     
/W-F3-1  /D:1     /W-F3-1  /T1-F3-1 /T0-F3-1 /W-F3-1  /T4-F3-1 /T4-F2-1 /T4-F0-1 /T1-F0-1 
/T0-F0-1 /T6-F3-1 /T1-T6-3 /T1-F2-1 /D:1     /W-F1-1  /T6-F1-1 /T0-F1-1 /T6-F0-1 /T0-F0-1 
/T0-F3-1 /T6-F1-1 /T6-F0-1 /T1-F3-1 /T0-F2-1 /T6-T1-1 /T6-F2-1 /T0-T3-1 /T0-F2-1 /D:1     
/W-F3-1  /T6-F3-1 /D:1     /W-F0-1  /D:1     /W-F1-1  /T1-F1-1 /T1-F0-1 /T3-F1-1 /T1-F1-1 
/T3-F0-1 
"
1060261,z#lw#SpY#abXI#TeUNA#rLGDfW#kRmBCcy#EOtovZVnqgsPhJijHFduQMxK,118.000000,1394.000000,47.000000,0.634831,1,"
minimal: 0 / states: 114 / duration: 0.000120s
history:
/T4-F0-1 /T4-F3-1 /T3-T5-1 /T2-T0-1 /T3-T6-1 /T4-T5-1 /T1-T6-1 /T3-T2-1 /T3-F1-1 /T2-F1-1 
/D:2     /W-F3-1  /D:1     /W-T5-1  /D:3     /W-T3-1  /T6-T3-3 /T6-F1-1 /D:1     /W-T3-1  
/D:1     /W-F2-1  /D:1     /W-T4-1  /D:3     /W-F3-1  /D:5     /W-T3-1  /D:2     /W-F1-1  
/D:2     /W-F3-1  /D:2     /W-T0-1  /T5-T0-4 /T5-T0-1 /D:1     /W-T1-1  /R       /D:1     
/W-T0-1  /F1-T0-1 /T6-T0-1 /T6-F0-1 /T0-F0-1 /T5-F0-1 /T2-T0-1 /T2-T5-1 /T6-T2-1 /T6-F3-1 
/T5-F3-1 /D:1     /W-F2-1  /T0-F2-1 /T0-F1-1 /T0-F0-1 /T4-F2-1 /T4-F1-1 /T0-F1-1 /T4-F3-1 
/D:2     /W-F1-1  /D:2     /W-F1-1  /D:1     /W-T6-1  /D:1     /W-F1-1  /D:1     /W-F1-1  
/D:1     /W-F0-1  /T5-F0-1 /T3-F0-1 /T5-T2-1 /T5-F2-1 /W-F2-1  /T0-F2-1 /T0-F3-1 /T0-F0-1 
/T3-F3-1 /T6-F0-1 /T0-F3-1 /T1-F0-1 /T2-F0-1 /T6-F1-1 /T1-F1-1 /T2-F1-1 /D:1     /W-F2-1  
/W-F2-1  /T3-F2-1 /T0-F2-1 /T3-F3-1 /T0-F3-1 /T3-F2-1 /T0-F2-1 /T3-F3-1 /D:1     /W-F0-1  
"
1060496,m#xV#YIa#Pgyf#hJWcr#eOiMnA#HSskUTz#ZRoDbKpvLECtjQlNGFXBduqw,133.500000,3321.000000,49.000000,0.554878,1,"
minimal: 0 / states: 118 / duration: 0.000124s
history:
/T2-F1-1 /T5-F0-1 /T5-F2-1 /T4-T3-1 /D:3     /W-F2-1  /D:2     /W-F1-1  /T4-F1-1 /T2-T4-1 
/T2-T5-1 /T6-T2-1 /D:1     /W-T5-1  /T4-T5-2 /T1-T4-1 /D:1     /W-F2-1  /D:2     /W-T0-1  
/D:4     /W-T1-1  /D:1     /W-T3-1  /D:1     /W-T2-1  /T1-T2-2 /T5-T1-5 /D:1     /W-F3-1  
/D:2     /W-T6-1  /D:1     /W-T0-1  /T4-T0-2 /W-T4-1  /T3-T4-3 /T4-T1-5 /D:1     /W-F0-1  
/D:1     /W-F1-1  /D:1     /W-T0-1  /T6-T0-2 /W-T6-1  /W-F0-1  /D:1     /W-F2-1  /D:1     
/R       /D:1     /W-T4-1  /T3-T4-1 /D:1     /W-T0-1  /D:1     /W-F0-1  /D:1     /W-T2-1  
/T6-T2-2 /T6-T4-1 /T6-T3-1 /T6-T2-1 /T3-T6-2 /T6-T5-3 /D:1     /W-F0-1  /T0-T5-1 /T0-F0-1 
/D:1     /W-T4-1  /T5-T4-5 /T5-F3-1 /T3-F3-1 /T1-F3-1 /T1-F2-1 /T4-F3-1 /T2-F3-1 /T5-F1-1 
/T1-F1-1 /T1-F0-1 /T4-F2-1 /T0-F3-1 /T2-F2-1 /T2-F3-1 /T4-F1-1 /T0-F2-1 /T1-F1-1 /T2-F2-1 
/T4-F0-1 /T0-F3-1 /T1-F0-1 /T1-F3-1 /T4-F1-1 /T0-F0-1 /T2-F1-1 /T1-F0-1 /T4-F2-1 /T0-F3-1 
/T2-F2-1 /T1-F3-1 /T4-F1-1 /T0-F0-1 /T2-F1-1 /T1-F0-1 /T4-F2-1 /T0-F1-1 /T2-F2-1 /T4-F3-1 
"
1060656,A#mU#FVL#fuxz#GTpng#vItPwC#qjQoHkZ#ScRyiDbeKJOWYrhdMsNlaBEX,135.500000,2422.000000,51.000000,0.573034,1,"
minimal: 0 / states: 124 / duration: 0.000127s
history:
/T0-F0-1 /T6-T0-1 /T6-T2-1 /T4-T6-1 /T4-F2-1 /T2-T0-2 /T6-T2-2 /T6-F2-1 /T4-F2-1 /T5-T6-1 
/T5-T0-1 /T2-T0-3 /T2-T0-1 /T3-T2-1 /D:3     /W-T0-1  /D:3     /W-T0-1  /T5-T0-1 /T5-T1-1 
/T1-T5-2 /D:1     /W-T6-1  /D:5     /W-T3-1  /T5-T3-3 /D:1     /W-T2-1  /T3-T2-5 /T4-T3-1 
/D:2     /W-T5-1  /T4-T5-1 /D:2     /W-T4-1  /D:1     /W-T3-1  /D:1     /W-F3-1  /D:1     
/W-T4-1  /D:1     /W-F1-1  /T6-F1-1 /D:1     /W-F0-1  /T6-F0-1 /D:2     /R       /D:1     
/W-T2-1  /D:1     /W-F1-1  /D:1     /W-T1-1  /D:2     /W-T3-1  /D:1     /W-T4-1  /D:2     
/W-F3-1  /T0-F3-1 /T0-F0-1 /T6-F3-1 /T6-T4-1 /T6-F2-1 /T0-F3-1 /T2-F3-1 /T5-T4-3 /D:1     
/W-F2-1  /T3-T0-1 /T3-F2-1 /T2-F2-1 /T3-F3-1 /T3-F2-1 /T2-F3-1 /T4-T2-2 /T4-F2-1 /T3-T2-1 
/D:1     /W-F1-1  /T0-F1-1 /T2-F1-1 /D:1     /W-F0-1  /T0-F0-1 /T0-F1-1 /T2-F0-1 /T0-F0-1 
/T0-F3-1 /T2-F1-1 /T2-F0-1 /T2-F3-1 /T0-F2-1 /T2-F2-1 /T1-F2-1 /W-F0-1  /W-F1-1  /T4-F1-1 
/T0-F1-1 /T4-F0-1 /T4-F1-1 /T0-F0-1 /T1-F1-1 /T4-F0-1 /D:1     /W-F3-1  /T2-F3-1 /T0-F3-1 
/T2-F2-1 
"
1060689,Q#SF#Awp#tJsg#BloXO#dcHMZY#ubRWDaE#knKVPLhmxzyGrvifTUqNjICe,141.500000,3403.000000,49.000000,0.603448,1,"
minimal: 0 / states: 122 / duration: 0.000129s
history:
/T4-T2-1 /T2-T0-2 /T1-T3-1 /T6-T1-1 /T6-F1-1 /T2-T4-1 /T2-F0-1 /T0-T1-3 /D:2     /W-F2-1  
/D:1     /W-T5-1  /D:1     /W-T4-1  /D:1     /W-T6-1  /D:3     /W-T0-1  /D:2     /W-T2-1  
/T5-T2-2 /D:1     /W-T0-1  /T4-T0-3 /T4-F2-1 /W-T4-1  /D:9     /W-F3-1  /T1-F3-1 /T1-F2-1 
/T6-F3-1 /T1-F3-1 /W-F2-1  /D:1     /W-T2-1  /D:1     /W-T2-1  /W-T2-1  /D:2     /W-T3-1  
/T6-T3-1 /T6-T4-1 /T6-F3-1 /T6-F1-1 /T3-T6-4 /T6-T0-5 /T5-T6-1 /T4-T5-3 /T4-F0-1 /W-F0-1  
/T5-T4-4 /W-T5-1  /T3-T5-1 /T0-F0-1 /T1-F0-1 /T1-F3-1 /T0-T5-1 /T0-F0-1 /T5-T0-2 /T5-F3-1 
/T2-F3-1 /R       /D:2     /W-T6-1  /W-T6-1  /T3-T6-1 /D:1     /W-T2-1  /T3-T2-1 /D:1     
/W-F0-1  /T5-F0-1 /T5-F1-1 /T5-F1-1 /T0-F1-1 /D:1     /W-F2-1  /T0-F2-1 /T2-F2-1 /D:1     
/W-T4-1  /T2-T4-1 /T2-F0-1 /T6-F0-1 /D:2     /W-F1-1  /T0-F1-1 /T0-F2-1 /T0-F3-1 /T4-F1-1 
/T4-F2-1 /T4-F3-1 /W-F1-1  /T0-F2-1 /T0-F3-1 /T2-F1-1 /T2-F0-1 /T4-F2-1 /T2-F3-1 /T6-F1-1 
/T0-F2-1 /T4-F1-1 /T2-F2-1 /T6-F0-1 /T0-F1-1 /T4-F0-1 /T6-F3-1 
"
1061374,U#Tw#oYq#kLSZ#dNrcB#HQIbsv#FEDtnuG#gMCymxfeWRjVPahOJAlzKiXp,131.000000,2122.000000,58.000000,0.543956,1,"
minimal: 0 / states: 127 / duration: 0.000127s
history:
/T6-T0-1 /T0-T5-2 /T3-T0-1 /T3-T5-1 /T3-T0-1 /T1-T3-1 /T1-T6-1 /T3-T0-2 /D:2     /W-T1-1  
/D:3     /W-T3-1  /W-T3-1  /D:7     /W-T0-1  /T6-T0-2 /T6-F2-1 /D:1     /W-T2-1  /T4-T2-1 
/D:1     /W-F1-1  /D:4     /W-F0-1  /T2-F0-1 /D:1     /W-T1-1  /D:2     /W-T1-1  /D:2     
/W-T3-1  /D:1     /R       /D:2     /W-F0-1  /D:2     /W-T6-1  /D:2     /W-T1-1  /T5-T1-4 
/T5-T0-1 /T5-F1-1 /T4-F1-1 /T4-T1-1 /T4-F3-1 /W-T0-1  /T2-T0-2 /T4-F1-1 /W-T2-1  /D:2     
/W-T2-1  /T5-T2-1 /T5-T1-1 /D:1     /W-T2-1  /T6-T2-2 /T6-F0-1 /T6-F0-1 /T6-F0-1 /D:1     
/W-F3-1  /T0-F3-1 /T1-F3-1 /W-F3-1  /T1-T2-1 /T1-F3-1 /T1-F0-1 /T5-F0-1 /D:1     /W-T3-1  
/D:1     /W-T4-1  /T2-T4-8 /T2-F2-1 /D:1     /W-T3-1  /D:1     /W-F2-1  /T0-F2-1 /T0-F1-1 
/T4-F2-1 /T0-F2-1 /T0-F3-1 /T4-F1-1 /T4-F2-1 /T1-F3-1 /W-F1-1  /T0-F2-1 /T0-F3-1 /T4-F1-1 
/T1-F2-1 /T3-F1-1 /T0-F2-1 /T4-F0-1 /T1-F3-1 /T3-F0-1 /T3-F3-1 /T4-F1-1 /T0-F1-1 /T1-F0-1 
/T0-F0-1 /T4-F2-1 /T1-F1-1 /T3-F2-1 /T3-F1-1 /T4-F3-1 /T0-F3-1 /T1-F0-1 /T4-F2-1 
"
1061898,n#Hy#zqB#KGmM#dUaeP#TLSkCr#VQDilvO#bXFgpjuJYWNohRfZEswtAxcI,162.500000,2673.000000,50.000000,0.569307,1,"
minimal: 0 / states: 118 / duration: 0.000118s
history:
/T0-F2-1 /T3-T0-1 /T2-T4-1 /T4-T2-2 /T1-T3-1 /T2-T4-3 /D:2     /W-T3-1  /D:2     /W-T1-1  
/W-T1-1  /T4-T1-4 /T4-F1-1 /W-F1-1  /D:4     /W-T3-1  /D:1     /W-T0-1  /D:2     /W-F3-1  
/T6-F3-1 /T4-T6-1 /T4-T5-1 /T3-T4-4 /T3-T6-1 /W-T3-1  /T6-T3-3 /T6-T2-1 /T6-T4-1 /W-T4-1  
/T3-T0-5 /D:1     /W-F2-1  /D:3     /W-T0-1  /T5-T0-2 /T5-T0-1 /D:1     /W-T3-1  /D:3     
/W-T5-1  /D:2     /W-F0-1  /T1-F0-1 /T0-F0-1 /T1-F3-1 /T6-F0-1 /T6-F3-1 /T1-T6-5 /T6-T5-6 
/D:1     /W-T2-1  /D:1     /W-F1-1  /T0-F1-1 /D:1     /R       /D:1     /W-F2-1  /T5-F2-1 
/T0-F2-1 /T5-F1-1 /T0-F1-1 /D:1     /W-T2-1  /D:2     /W-F3-1  /D:1     /W-F0-1  /T5-F0-1 
/T0-F0-1 /T5-F1-1 /T5-F0-1 /W-F1-1  /T4-T5-1 /T4-F1-1 /T2-F1-1 /D:1     /W-F2-1  /D:1     
/W-F2-1  /T5-F2-1 /D:1     /W-F0-1  /T4-F0-1 /T5-T4-2 /T5-F1-1 /T5-F3-1 /T5-T3-1 /T5-F3-1 
/T0-F3-1 /T0-F2-1 /T4-F3-1 /T0-F3-1 /T0-F0-1 /T4-F2-1 /T2-F2-1 /T2-F1-1 /T4-F3-1 /T0-F3-1 
/T3-F0-1 /T0-F0-1 /T4-F2-1 /T2-F2-1 /T3-F3-1 /T4-F1-1 
"
1061959,B#Wr#Yjp#PUAg#SyhqT#CtLmKv#ZMDcXJs#uExIGakHzRfwldoOeFVinQbN,127.500000,2070.000000,52.000000,0.561798,1,"
minimal: 0 / states: 133 / duration: 0.000126s
history:
/T6-T3-1  /D:6      /W-F1-1   /D:4      /W-T3-1   /D:4      /W-T1-1   /T2-T1-1  /T5-T2-1  /T2-T5-2  
/T5-T2-3  /D:2      /W-T1-1   /D:2      /W-T4-1   /W-T4-1   /D:1      /W-T6-1   /D:2      /W-F2-1   
/D:2      /W-F1-1   /D:1      /W-F3-1   /T1-F3-1  /R        /D:1      /W-T6-1   /T4-T6-3  /T4-T3-1  
/T4-T2-1  /T4-T5-1  /T1-T4-3  /D:3      /W-T1-1   /D:1      /W-T2-1   /T4-T2-4  /T5-T4-2  /D:1      
/W-T4-1   /T6-T4-6  /T6-T5-1  /T6-F1-1  /T6-T4-1  /T2-T6-10 /T6-T2-11 /T5-T6-2  /D:3      /W-T5-1   
/D:1      /W-T6-1   /D:2      /W-F2-1   /T2-F2-1  /T2-F1-1  /T3-F2-1  /T2-F2-1  /T4-T3-1  /T4-F1-1  
/T5-F1-1  /T3-T4-2  /T3-F2-1  /T3-F1-1  /T3-F0-1  /T0-F0-1  /T5-F2-1  /T5-F0-1  /T3-T1-1  /T3-F3-1  
/T4-F0-1  /T2-T1-2  /T2-F1-1  /D:1      /W-F1-1   /D:1      /W-F3-1   /T4-F3-1  /T1-F3-1  /R        
/D:1      /W-F0-1   /T4-F0-1  /T1-F0-1  /T4-F3-1  /T1-F3-1  /T4-F2-1  /T2-F2-1  /T2-F1-1  /T4-F3-1  
/T6-F2-1  /T4-T6-1  /T4-F1-1  /T1-T2-2  /D:1      /W-F2-1   /T4-F2-1  /D:1      /W-F0-1   /T2-F0-1  
/T2-F3-1  /T6-F0-1  /T2-F0-1  /T6-F3-1  /T2-F3-1  /T6-F0-1  /T6-F3-1  /T2-F0-1  /D:1      /W-F2-1   
/D:1      /W-F1-1   /T4-F1-1  
"
1071532,k#LG#zRT#uJtQ#xVABD#PoyswC#mScraef#iIEjnqhUYNbpXdFMvgKlZHOW,81.000000,838.000000,22.000000,0.894737,1,"
minimal: 0 / states: 120 / duration: 0.000111s
history:
/T6-T1-1 /T5-T3-1 /T4-T6-1 /T5-T0-1 /T6-T5-2 /T6-F1-1 /T3-T6-2 /T5-T2-3 /T6-T1-3 /T4-T6-1 
/T4-F0-1 /T6-F0-1 /T6-T2-1 /T4-T0-1 /T6-T3-1 /T5-T6-1 /T5-T2-1 /T1-F0-1 /T0-T6-3 /D:3     
/W-T3-1  /D:1     /W-T4-1  /W-T4-1  /D:1     /W-F2-1  /T2-F2-1 /D:2     /W-T4-1  /T3-T4-3 
/D:3     /W-F3-1  /D:1     /W-F1-1  /T2-F1-1 /T2-F0-1 /T4-F0-1 /D:1     /W-F2-1  /D:2     
/W-F1-1  /T2-F1-1 /T1-T4-2 /T1-F1-1 /D:1     /W-F0-1  /T1-F0-1 /W-T1-1  /T3-T1-1 /T2-T3-2 
/T2-T3-1 /W-T2-1  /T3-T6-4 /T4-T2-8 /D:1     /W-T0-1  /D:2     /W-F1-1  /D:2     /W-T0-1  
/W-T0-1  /D:1     /W-T3-1  /T1-T3-3 /D:1     /W-F0-1  /D:1     /W-F3-1  /T5-F3-1 /T2-F3-1 
/T6-F3-1 /D:1     /W-T0-1  /W-T0-1  /T2-T0-4 /T2-F0-1 /T3-F0-1 /R       /D:2     /W-F2-1  
/T0-F2-1 /T0-F3-1 /T6-F2-1 /T0-F2-1 /T0-F1-1 /T6-F3-1 /T6-F2-1 /W-F1-1  /T0-F2-1 /T2-F1-1 
/T0-T2-1 /T0-F0-1 /T6-T3-2 /T6-F1-1 /T0-F1-1 /T3-T6-3 /T3-F0-1 /T0-F0-1 /T6-T3-4 /T6-F1-1 
/D:1     /W-F3-1  /T3-F3-1 /T2-F3-1 /T3-F2-1 /T2-F2-1 /T3-F3-1 /T2-F3-1 /T3-F2-1 /T2-F2-1 
/T3-F3-1 
"
1071577,t#pm#qJg#WufC#SLZzR#ivyloI#FxQEjsn#GkHOwbDBPNAXcVaKdMUhTeYr,135.500000,1679.000000,43.000000,0.621951,1,"
minimal: 0 / states: 118 / duration: 0.000113s
history:
/T6-F2-1  /T6-T2-1  /T5-T6-1  /T5-F2-1  /T4-T2-1  /T5-T4-1  /T5-T1-1  /D:2      /W-T1-1   /D:2      
/W-T3-1   /D:1      /W-T1-1   /D:2      /W-T2-1   /D:2      /W-T2-1   /W-T2-1   /D:1      /W-F3-1   
/T3-F3-1  /W-T3-1   /D:1      /W-F0-1   /T2-F0-1  /T2-F3-1  /D:2      /W-T2-1   /D:1      /W-T1-1   
/D:1      /W-F1-1   /T3-F1-1  /T2-F1-1  /T3-F0-1  /T2-F0-1  /T3-T0-1  /T2-T3-3  /T3-T1-4  /T5-T3-1  
/T5-T2-1  /T4-T5-2  /D:1      /W-T5-1   /T6-T5-2  /T6-F0-1  /T6-F3-1  /T3-T6-2  /T4-T3-1  /T4-T3-1  
/W-T3-1   /T2-T3-2  /T2-T1-1  /T1-T2-10 /T1-F2-1  /T2-F2-1  /T2-F3-1  /T4-F3-1  /W-T3-1   /D:1      
/W-F1-1   /D:1      /W-T1-1   /D:1      /W-T5-1   /W-T5-1   /D:1      /W-T6-1   /T0-T6-2  /D:1      
/W-F3-1   /D:1      /W-F1-1   /T6-F1-1  /D:1      /W-T1-1   /T6-T1-5  /T6-F0-1  /T5-F0-1  /T3-F0-1  
/T5-F3-1  /T5-F0-1  /T2-T3-3  /T2-F3-1  /T1-T5-3  /T1-F3-1  /T3-T2-4  /T3-F0-1  /T3-F3-1  /T5-T1-4  
/T5-F0-1  /T3-F0-1  /T1-T5-5  /T1-F3-1  /T1-F0-1  /T3-F3-1  /D:1      /W-F2-1   /T2-F2-1  /T2-F1-1  
/T5-F2-1  /T2-F2-1  /T5-F1-1  /T2-F1-1  /T5-F2-1  /T2-F2-1  /T5-F1-1  /T2-F1-1  /T5-F2-1  /T2-F2-1  
/T5-F1-1  /T2-F1-1  /T5-F2-1  
"
1080051,T#bS#xDC#Bztk#ehFAa#WmKlJL#dQpnGyI#iqXcOrvjwPfoUgRVENHuMZYs,119.000000,2932.000000,52.000000,0.580247,1,"
minimal: 0 / states: 127 / duration: 0.000109s
history:
/T4-F1-1  /T4-F0-1  /T3-T5-1  /T4-T0-1  /T3-T4-1  /T1-T4-1  /T1-F1-1  /T3-T1-1  /T3-F0-1  /T2-F0-1  
/T2-F0-1  /T4-T6-3  /T4-T0-1  /D:2      /W-T0-1   /D:2      /W-F1-1   /D:2      /W-T6-1   /D:2      
/W-T2-1   /T6-T2-5  /D:1      /W-T5-1   /D:1      /W-T0-1   /D:2      /W-T0-1   /D:4      /W-T5-1   
/D:1      /W-F0-1   /D:1      /W-F3-1   /D:1      /W-T5-1   /T0-T5-6  /D:2      /W-T0-1   /D:1      
/W-T3-1   /T5-T3-11 /D:1      /W-T0-1   /T2-T0-7  /D:1      /R        /D:1      /W-T5-1   /D:1      
/W-T6-1   /T5-T6-2  /T5-T1-1  /T5-T1-1  /T6-T5-4  /T5-T2-5  /T5-T1-1  /D:1      /W-F3-1   /D:1      
/W-T1-1   /D:1      /W-T6-1   /D:1      /W-T1-1   /T6-T1-2  /T6-F2-1  /T3-F2-1  /T3-F3-1  /T6-F2-1  
/T3-F2-1  /T6-F3-1  /T6-F1-1  /T0-F2-1  /T3-F1-1  /T1-F1-1  /T3-F0-1  /T1-F0-1  /D:1      /W-F1-1   
/T0-T1-2  /T0-F1-1  /T2-F1-1  /D:1      /W-F3-1   /T1-F3-1  /T3-F3-1  /T3-F0-1  /T0-F0-1  /T0-F1-1  
/T2-F0-1  /T1-T0-4  /T1-F0-1  /T3-T2-2  /T3-F1-1  /T1-F1-1  /T3-F0-1  /T0-T1-6  /T0-F0-1  /T2-T3-4  
/T2-F1-1  /D:1      /W-T3-1   /D:1      /W-F2-1   /T1-F2-1  /T1-F3-1  /T3-F2-1  /T1-F2-1  /T3-F3-1  
/T1-F3-1  /T3-F2-1  /T1-F2-1  /T3-F3-1  /T1-F3-1  /T3-F2-1  /T1-F2-1  /T3-F3-1  
"
1081091,A#hX#JYp#sGrO#VUBKe#RdocZg#INnDaPl#xkQTMFiqtLymbEujzSCvHWwf,80.500000,872.000000,33.000000,0.892857,1,"
minimal: 0 / states: 113 / duration: 0.000123s
history:
/T0-F0-1 /T3-T2-1 /D:1     /W-T6-1  /D:2     /W-T3-1  /T2-T3-2 /D:2     /W-T0-1  /T6-T0-2 
/D:1     /W-T5-1  /T4-T5-1 /T4-T2-1 /T4-F0-1 /D:2     /W-T5-1  /T6-T5-1 /T6-F1-1 /D:1     
/W-T4-1  /D:4     /W-F1-1  /D:3     /W-T0-1  /D:2     /W-T4-1  /T3-T4-4 /D:1     /W-F0-1  
/T6-F0-1 /T6-F2-1 /T6-F3-1 /T4-F3-1 /T4-T6-6 /T5-F3-1 /T6-T0-7 /W-T6-1  /T2-T6-2 /W-T4-1  
/T5-T4-4 /T2-T1-1 /T5-T2-1 /T5-F1-1 /T5-F2-1 /T0-F2-1 /T0-F3-1 /T4-F2-1 /T5-F1-1 /T0-F2-1 
/T4-F1-1 /T5-F3-1 /W-F0-1  /T0-F3-1 /T4-F0-1 /T3-F0-1 /T3-F2-1 /T0-F2-1 /W-T3-1  /W-T2-1  
/T1-T2-2 /W-T3-1  /W-T2-1  /W-F3-1  /T0-F3-1 /T4-T2-2 /T4-F3-1 /W-T3-1  /T1-T0-1 /D:2     
/W-F0-1  /D:1     /W-F3-1  /T2-T3-4 /T2-F3-1 /D:2     /W-F1-1  /T3-F1-1 /T0-F1-1 /T0-F0-1 
/T3-F2-1 /T3-F1-1 /T3-F0-1 /T0-F1-1 /T6-F0-1 /T3-F1-1 /T3-F0-1 /T6-F3-1 /T0-T6-2 /T0-F0-1 
/T2-T3-1 /T2-F3-1 /R       /D:1     /W-F2-1  /D:1     /W-F2-1  /T6-F2-1 /T3-F2-1 /T6-F1-1 
/T3-F1-1 /T6-F2-1 
"
1081687,B#ly#WXR#LbJP#MYDIo#VTrGha#wmpuNHA#FdqCOvEctUsfnSkzZjegQiKx,96.000000,506.000000,48.000000,0.696429,0,"
minimal: 0 / states: 387454 / duration: 0.778304s
history:
/T5-F1-1 /T6-F0-1 /T0-F0-1 /T4-T3-1 /T5-T4-1 /T5-T4-1 /D:2     /W-T5-1  /D:1     /W-T2-1  
/D:1     /W-T5-1  /D:1     /W-T5-1  /D:3     /W-T2-1  /D:5     /W-F2-1  /T3-F2-1 /D:1     
/W-T4-1  /T5-T4-4 /T5-T6-1 /T6-T5-2 /T6-F3-1 /T4-F3-1 /T3-F3-1 /T4-F0-1 /D:1     /W-T1-1  
/T3-T1-1 /T3-F1-1 /T2-F1-1 /T4-F1-1 /D:2     /W-T0-1  /D:2     /W-F1-1  /D:1     /W-T6-1  
/D:1     /W-F3-1  /D:1     /W-T1-1  /T6-T1-2 /T6-F2-1 /T2-F2-1 /T2-F3-1 /T4-F2-1 /T4-F3-1 
/T5-F3-1 /T2-T3-1 /T4-T2-3 /T4-F0-1 /D:2     /W-T4-1  /R       /D:1     /W-T1-1  /D:2     
/W-F0-1  /T1-F0-1 /T2-F0-1 /T5-F0-1 /D:2     /W-F3-1  /D:1     /W-F2-1  /D:1     /W-F1-1  
/T1-F1-1 /T2-F1-1 /T2-F0-1 /T1-T5-1 /T1-F1-1 /T1-F0-1 /D:2     /W-F1-1  /T1-F1-1 /D:1     
/W-F0-1  /T1-T0-1 /T1-F1-1 /T6-F1-1 /R       /D:1     /W-T2-1  /D:1     /W-F2-1  /T5-F2-1 
/T2-F2-1 /T5-F3-1 /T2-F3-1 /T3-F3-1 /T6-F2-1 /T3-F0-1 /T4-F2-1 /T0-F2-1 /T4-F3-1 /T0-F3-1 
/T4-F0-1 /D:1     /W-F2-1  
"
1091164,P#dB#GbO#IkhH#sUfXa#MyurwY#EFDWZin#eqTKARSlVtmLJQvjpxNCgczo,145.500000,2966.000000,51.000000,0.560606,1,"
minimal: 0 / states: 122 / duration: 0.000133s
history:
/T4-F1-1 /T6-F2-1 /T3-T6-1 /T1-T0-1 /D:3     /W-T6-1  /D:1     /W-T5-1  /D:1     /W-F0-1  
/T0-F0-1 /D:5     /W-T3-1  /D:3     /W-T4-1  /T6-T4-3 /W-T6-1  /T4-T6-5 /T4-T3-1 /D:3     
/W-T5-1  /W-T5-1  /T3-T5-3 /D:1     /W-T1-1  /T2-T1-1 /T2-F1-1 /T2-T4-1 /T6-T2-7 /D:2     
/W-F3-1  /T1-F3-1 /T0-F3-1 /D:1     /W-F0-1  /D:2     /W-F1-1  /D:1     /W-T0-1  /T5-T0-7 
/T5-T3-1 /T5-T0-1 /W-T5-1  /T1-T0-2 /D:1     /W-F2-1  /T0-F2-1 /T0-F1-1 /R       /D:1     
/W-F1-1  /D:1     /W-F2-1  /T0-F2-1 /T0-F1-1 /T5-F1-1 /D:2     /W-T0-1  /D:2     /W-T3-1  
/T5-T3-1 /T3-T5-4 /T4-T3-2 /T4-F2-1 /T0-T3-1 /T0-F2-1 /T0-F1-1 /T5-F2-1 /T0-F2-1 /T2-T5-2 
/T2-F1-1 /T0-F1-1 /T6-T0-1 /T6-F0-1 /T6-T5-1 /T6-F0-1 /T5-F0-1 /T5-T2-3 /T5-F2-1 /T5-F1-1 
/W-F1-1  /T3-T0-4 /D:1     /W-T1-1  /T5-T1-1 /D:1     /W-F3-1  /W-F3-1  /T0-F3-1 /T0-F0-1 
/T2-F3-1 /T0-F3-1 /T2-F0-1 /T0-F0-1 /T2-F3-1 /T0-F3-1 /T2-F0-1 /T0-F0-1 /T2-F3-1 /T2-F0-1 
/T0-F3-1 /T5-F0-1 /T2-F3-1 /D:1     /W-F2-1  /T1-F2-1 /T0-F2-1 /T1-F1-1 
"
1091199,U#GV#IQD#CtZT#zlMwX#SOYnHa#kLcRBdb#AemErvFfujoKPisqhJypxgWN,116.000000,3048.000000,63.000000,0.628205,1,"
minimal: 0 / states: 131 / duration: 0.000151s
history:
/T5-F1-1 /T6-F1-1 /T5-T1-1 /T5-F2-1 /T3-T1-1 /D:1     /W-F0-1  /D:6     /W-T1-1  /D:4     
/W-F2-1  /D:1     /W-T5-1  /W-T5-1  /D:1     /W-T2-1  /D:5     /W-T4-1  /T1-T4-4 /T1-T0-1 
/T3-T1-1 /D:1     /W-T1-1  /T4-T1-6 /D:1     /W-F2-1  /D:4     /W-F3-1  /R       /D:1     
/W-T1-1  /T2-T1-2 /D:4     /W-T5-1  /T0-T5-2 /D:1     /W-T3-1  /W-T3-1  /T6-T3-1 /T6-F0-1 
/D:2     /W-T4-1  /W-T4-1  /D:2     /W-F2-1  /D:3     /W-T4-1  /D:1     /R       /D:1     
/W-T0-1  /D:2     /W-T4-1  /T6-T4-1 /T6-F1-1 /T6-T0-1 /T4-T6-6 /T5-T4-6 /T5-F3-1 /T1-F3-1 
/T2-F3-1 /T5-T4-1 /T4-T5-8 /T3-F1-1 /T3-F2-1 /T6-F3-1 /T5-F3-1 /T6-F2-1 /T3-T5-1 /T3-F2-1 
/T3-F0-1 /T1-F0-1 /T1-F1-1 /W-F0-1  /T1-F0-1 /T1-F3-1 /T5-F1-1 /T5-F0-1 /T5-F3-1 /T6-F1-1 
/T1-F0-1 /T6-F2-1 /T1-F3-1 /T2-F0-1 /T1-F0-1 /T5-F2-1 /T6-T0-3 /D:1     /W-F1-1  /T0-F1-1 
/T0-F2-1 /T5-F1-1 /T0-F1-1 /T4-F1-1 /T5-F0-1 /T0-F0-1 /T0-F1-1 /T5-T4-1 /T5-F0-1 /D:1     
/W-F2-1  /D:1     /W-F3-1  /T1-F3-1 /T1-F2-1 /T4-F3-1 /T1-F3-1 /T4-F2-1 
"
