id,seed,forcedness,compression_score,stagnation,efficiency,auto_move_flag,result
1010007,m#dT#huy#tgLv#RjbWN#ocnsqw#pQrxSFA#ZMUekDlYPfXCzGJEBaIHVOiK,168.500000,2452.000000,56.000000,0.570707,1,"
minimal: 0 / states: 123 / duration: 0.000129s
history:
/T4-F3-1 /T6-F0-1 /T6-T1-1 /T3-T4-1 /T2-T0-1 /T1-T2-2 /D:3     /W-T4-1  /D:1     /W-T2-1  
/D:1     /W-T0-1  /T5-T0-1 /T5-T2-1 /D:4     /W-T2-1  /D:2     /W-T3-1  /D:1     /W-T1-1  
/D:2     /W-T4-1  /T6-T4-1 /T4-T6-5 /T4-T1-1 /D:1     /W-T3-1  /D:1     /W-T6-1  /T1-T6-3 
/W-T1-1  /D:1     /W-F0-1  /D:1     /W-F1-1  /T6-F1-1 /T6-F0-1 /D:1     /W-T4-1  /D:2     
/W-T0-1  /T2-T0-6 /T2-T4-1 /D:1     /W-F3-1  /T0-F3-1 /D:1     /W-T3-1  /W-T3-1  /D:1     
/R       /D:1     /W-T2-1  /T3-T2-5 /T5-T3-1 /T5-F2-1 /T5-F1-1 /T5-F2-1 /T3-T2-2 /T6-F1-1 
/T3-T4-1 /D:1     /W-T3-1  /D:1     /W-F0-1  /T6-F0-1 /T0-T2-2 /T0-F0-1 /T6-T4-1 /T6-F0-1 
/D:1     /W-T1-1  /T6-T1-4 /T6-T4-1 /T6-F3-1 /T6-F2-1 /T2-F2-1 /T2-F1-1 /T4-F2-1 /T2-F2-1 
/D:1     /W-T3-1  /D:1     /W-F1-1  /T2-F1-1 /T2-F0-1 /T4-T1-2 /T4-F1-1 /T2-F1-1 /T4-F0-1 
/T4-F1-1 /T4-F3-1 /T1-F3-1 /T0-F3-1 /T1-F2-1 /T0-F2-1 /T1-F3-1 /T0-F3-1 /T1-F2-1 /T0-F2-1 
/T1-F3-1 /T1-F2-1 /T2-F0-1 /T0-F1-1 /T2-F3-1 /T0-F2-1 /T1-F1-1 /T0-F1-1 /T1-F2-1 /T3-F3-1 
/D:1     /W-F0-1  /T2-F0-1 /T2-F3-1 /T3-F0-1 
"
1010072,E#WD#mfJ#XQkK#BALNi#htYMUZ#pjuGowH#qdbsaTcvFezVnxISylCgRPOr,123.000000,1156.000000,38.000000,0.664557,1,"
minimal: 0 / states: 115 / duration: 0.000107s
history:
/T6-T4-1 /T4-T2-2 /T4-F3-1 /T4-T5-1 /T4-F0-1 /T4-F0-1 /T5-T4-2 /D:2     /W-T0-1  /D:3     
/W-F1-1  /D:1     /W-T2-1  /W-T2-1  /W-F1-1  /D:1     /W-F1-1  /T0-F1-1 /D:3     /W-T2-1  
/T1-T2-1 /T1-T3-1 /D:1     /W-T1-1  /D:1     /W-T6-1  /D:1     /W-F2-1  /D:2     /W-T3-1  
/T5-T3-1 /D:3     /W-T1-1  /T3-T1-4 /T6-T3-2 /T6-F2-1 /T6-T1-1 /T3-T4-3 /T6-T4-1 /T3-T0-1 
/T2-T3-7 /T2-T1-1 /T0-T1-2 /T5-T0-1 /T5-T0-1 /W-T2-1  /W-T5-1  /W-T0-1  /T6-T0-1 /T6-F2-1 
/T3-T2-8 /D:1     /W-F0-1  /T2-F0-1 /T2-F1-1 /T1-T5-2 /T1-F1-1 /D:1     /W-F1-1  /D:1     
/W-T2-1  /D:2     /W-F3-1  /W-F3-1  /T5-F3-1 /T5-F0-1 /T2-F3-1 /W-F0-1  /T1-F0-1 /T5-T1-2 
/T1-F3-1 /T5-F1-1 /T2-T4-2 /T2-F0-1 /T2-F1-1 /T0-F1-1 /D:1     /R       /D:1     /W-F2-1  
/D:2     /W-F2-1  /T4-F2-1 /T1-F2-1 /T4-F3-1 /T1-F3-1 /T1-F0-1 /T4-F2-1 /T4-F3-1 /T2-F0-1 
/W-F2-1  /T1-F3-1 /T1-F0-1 /T4-F2-1 /T0-F2-1 /T2-F3-1 /T0-F3-1 /T4-F1-1 /T1-F1-1 /T2-F2-1 
/T1-F2-1 /T4-F0-1 /T0-F0-1 /T2-F1-1 /T4-F3-1 
"
1010074,C#by#RIj#LvXm#tWTPV#eQBuOa#dscSiEY#ohNfxJgGMpHAqnrkzwZFlUKD,150.000000,2358.000000,47.000000,0.615385,1,"
minimal: 0 / states: 122 / duration: 0.000104s
history:
/T5-F1-1 /T5-T0-1 /T5-T4-1 /T1-T3-1 /T1-F1-1 /T3-T1-2 /T3-T1-1 /T3-T2-1 /D:2     /W-T2-1  
/D:1     /W-F3-1  /T0-F3-1 /D:2     /W-T6-1  /T2-T6-3 /D:1     /W-T1-1  /T4-T1-2 /T4-F3-1 
/T4-T1-1 /T2-T4-1 /D:2     /W-T6-1  /D:4     /W-F0-1  /T5-F0-1 /T0-F0-1 /T5-F3-1 /T2-F3-1 
/D:1     /W-T5-1  /D:1     /W-F2-1  /D:2     /W-T3-1  /D:1     /W-T0-1  /T6-T0-6 /D:1     
/W-T3-1  /D:1     /W-T2-1  /T3-T2-3 /D:1     /W-T1-1  /T5-T1-2 /D:2     /W-T4-1  /D:2     
/W-F0-1  /T6-F0-1 /T6-T2-1 /T6-F3-1 /T6-F1-1 /T1-T6-2 /T1-F0-1 /T6-T1-3 /T0-F0-1 /T6-F1-1 
/R       /D:1     /W-F2-1  /D:3     /W-T3-1  /D:1     /W-F2-1  /T1-F2-1 /T1-F1-1 /D:1     
/W-F0-1  /D:1     /W-F2-1  /T1-F2-1 /T1-F3-1 /T4-F3-1 /T4-F0-1 /T1-T2-1 /T1-F3-1 /T4-F3-1 
/T1-F0-1 /T1-F3-1 /T4-F2-1 /T2-F2-1 /D:1     /W-T3-1  /T0-T3-4 /T0-F3-1 /D:1     /W-F0-1  
/T2-T1-3 /T2-F0-1 /T2-F3-1 /T3-T0-5 /T3-F0-1 /R       /D:1     /W-F1-1  /D:1     /W-F1-1  
/T0-F1-1 /T0-F2-1 /T1-F1-1 /T0-F1-1 /T1-F2-1 /T0-F2-1 /T1-F1-1 /T0-F1-1 /T1-F2-1 /T0-F2-1 
/T1-F1-1 
"
1010102,V#YP#NBM#XAdq#Ryltg#zvomnH#iSQCEKf#IUkDshcFLweruJjpbZaGTxWO,96.000000,772.000000,36.000000,0.712121,1,"
minimal: 0 / states: 122 / duration: 0.000111s
history:
/T5-T0-1 /T5-F2-1 /T4-T0-1 /T6-T4-1 /T1-T3-1 /T6-T1-1 /T6-T4-1 /T1-T2-2 /T5-T1-1 /T5-F2-1 
/D:2     /W-T5-1  /T4-T5-3 /D:3     /W-T0-1  /D:4     /W-T1-1  /D:2     /W-T0-1  /T3-T0-2 
/T6-T3-1 /T3-T5-2 /T3-F0-1 /T3-T1-1 /T2-T3-3 /T2-F0-1 /T2-F3-1 /T5-F0-1 /W-T1-1  /T0-T1-7 
/D:4     /W-T3-1  /T5-T3-6 /T4-T5-1 /D:1     /W-F2-1  /D:2     /W-T0-1  /T4-T0-1 /D:1     
/W-F1-1  /W-F1-1  /D:3     /W-T5-1  /D:1     /W-T5-1  /D:1     /W-F3-1  /T1-F3-1 /T6-F3-1 
/T1-F2-1 /T4-F3-1 /T6-F3-1 /W-F3-1  /R       /D:1     /W-T5-1  /D:1     /W-T0-1  /D:1     
/W-F0-1  /D:1     /W-T5-1  /T3-T5-4 /T3-F3-1 /T1-T6-4 /T1-F3-1 /T6-T1-5 /D:1     /W-F1-1  
/T5-F1-1 /T1-F1-1 /T5-F0-1 /T5-F1-1 /D:1     /W-F0-1  /D:1     /W-F2-1  /T1-F2-1 /T1-F1-1 
/T5-F2-1 /T5-F1-1 /D:1     /W-F2-1  /T3-F2-1 /T5-T3-1 /T5-F3-1 /T1-T0-3 /T1-F3-1 /D:2     
/W-F0-1  /T0-F0-1 /T0-F1-1 /T0-F2-1 /T3-F0-1 /T3-F1-1 /T5-F2-1 /W-F0-1  /T0-F1-1 /T0-F2-1 
/T3-F0-1 /T1-F0-1 /T3-F3-1 /T0-F3-1 /T5-F1-1 /T1-F1-1 /T3-F0-1 /T5-F2-1 
"
1010136,z#rM#JcN#tqkx#YRnZl#dpQPHD#SuUXIeb#CisTKOvyAfaWBGLFVEghwjmo,144.500000,1117.000000,41.000000,0.647727,1,"
minimal: 0 / states: 113 / duration: 0.000109s
history:
/T2-F3-1 /T4-T0-1 /T3-T0-1 /T2-T5-1 /T2-T3-1 /T4-T2-1 /T4-F2-1 /T5-T4-2 /D:2     /W-T3-1  
/T5-T3-1 /D:2     /W-T3-1  /W-T3-1  /T4-T3-3 /T4-T1-1 /T1-T4-2 /D:1     /W-T4-1  /D:1     
/W-F3-1  /T5-F3-1 /T5-F3-1 /T6-T5-1 /F3-T1-1 /T5-T1-2 /W-T5-1  /D:2     /W-T2-1  /T3-T2-9 
/T3-T6-1 /D:1     /W-F0-1  /D:1     /W-T3-1  /T1-T3-4 /D:1     /W-F1-1  /T3-F1-1 /T2-F1-1 
/D:1     /W-T0-1  /W-T0-1  /D:1     /W-F0-1  /T5-F0-1 /T2-F0-1 /T5-F1-1 /T6-T2-1 /T6-F1-1 
/D:5     /W-F0-1  /D:2     /W-T0-1  /T3-T0-5 /D:2     /W-T4-1  /T6-T4-1 /W-T6-1  /D:1     
/W-T1-1  /D:1     /W-F2-1  /T0-F2-1 /T0-F3-1 /T2-F2-1 /T0-F2-1 /T0-F1-1 /T2-F3-1 /T2-F2-1 
/T0-F2-1 /W-F1-1  /T0-F1-1 /W-T6-1  /W-F0-1  /W-T1-1  /T6-T1-3 /T6-T0-1 /T6-F2-1 /T6-F3-1 
/T2-F3-1 /W-F0-1  /T0-F3-1 /T0-F2-1 /T2-F0-1 /T1-F3-1 /T2-F1-1 /T1-F2-1 /T4-F0-1 /T0-F3-1 
/T2-F0-1 /T1-F3-1 /T4-F1-1 /T0-F2-1 /T2-F1-1 /T2-F2-1 /T4-F0-1 /T0-F1-1 /T1-F0-1 /T1-F1-1 
/T4-F3-1 /T0-F2-1 /T2-F3-1 /T4-F0-1 
"
1010140,I#Ao#Gmt#wWZz#gVkqd#iFQTyN#JHlCsUO#uRfYxEBapPDSrnMjLKXcbveh,83.000000,595.000000,21.000000,0.877551,1,"
minimal: 0 / states: 120 / duration: 0.000111s
history:
/T5-F3-1  /T6-F3-1  /T6-T0-1  /T2-T0-1  /T5-T2-1  /T6-T5-1  /T6-T4-1  /T6-T3-1  /T5-T6-2  /D:2      
/W-T6-1   /D:1      /W-T0-1   /D:2      /W-T3-1   /D:1      /W-T0-1   /T4-T0-2  /T4-T6-1  /T4-T2-1  
/T6-T4-5  /T4-T6-6  /T6-T2-7  /T3-T6-3  /D:2      /W-F1-1   /D:1      /W-T5-1   /D:1      /W-T2-1   
/T1-T2-1  /T1-F0-1  /W-F0-1   /T3-T1-1  /T3-T6-1  /T0-T6-7  /T2-T0-12 /T6-F0-1  /D:1      /W-F0-1   
/D:1      /W-T2-1   /D:1      /W-T2-1   /T5-T2-2  /T5-T4-1  /T5-T3-1  /D:1      /W-F2-1   /T0-F2-1  
/T0-F3-1  /T2-F2-1  /T2-F3-1  /T0-F2-1  /T0-F3-1  /T2-F2-1  /T0-F2-1  /T2-F3-1  /T0-F3-1  /T6-T2-3  
/T6-F2-1  /T6-F3-1  /T0-T3-1  /T0-F3-1  /T4-T3-2  /D:1      /W-T4-1   /W-T4-1   /W-F2-1   /D:2      
/W-T1-1   /D:1      /W-T4-1   /W-T4-1   /T6-T4-1  /T6-F3-1  /D:1      /W-F3-1   /D:2      /W-F1-1   
/W-F1-1   /T2-F1-1  /T2-F0-1  /T3-F0-1  /D:1      /W-F2-1   /T3-T0-3  /T3-F2-1  /T6-F2-1  /T0-T1-5  
/T0-F2-1  /T4-T6-3  /T4-F3-1  /T1-T0-6  /T1-F3-1  /T6-T4-4  /T6-F2-1  /D:1      /W-F1-1   /T2-F1-1  
/T0-F1-1  /T2-F0-1  /T0-F0-1  /T4-F0-1  /D:1      /W-F1-1   /T0-F1-1  /T0-F0-1  /T4-F1-1  /T0-F1-1  
/T4-F0-1  /T0-F0-1  /T4-F1-1  /T0-F1-1  /T4-F0-1  
"
1010168,q#uR#BgX#Gpmi#UwoJN#WxyEQs#ethVlFc#YfDaAIjbTMCHdOSKLvzZknPr,175.500000,3517.000000,52.000000,0.584821,1,"
minimal: 0 / states: 125 / duration: 0.000120s
history:
/T4-F3-1  /T6-T0-1  /T3-T4-1  /T4-T2-2  /T4-T0-1  /T1-T5-1  /T0-T5-3  /T3-T0-1  /T1-T2-1  /D:4      
/W-F1-1   /D:1      /W-F0-1   /D:3      /W-F1-1   /D:1      /W-T2-1   /T5-T2-5  /T3-T5-1  /D:1      
/W-T1-1   /D:4      /W-F3-1   /D:1      /W-T3-1   /D:2      /W-T0-1   /T2-T0-10 /T6-T2-1  /T6-T1-1  
/T6-T4-1  /W-T1-1   /T3-T6-2  /D:2      /W-T3-1   /D:3      /W-F2-1   /T0-F2-1  /T5-F2-1  /T0-F1-1  
/T0-F2-1  /D:1      /W-F3-1   /T5-F3-1  /T5-T6-1  /W-T5-1   /T4-T5-2  /T0-F3-1  /D:1      /W-F2-1   
/T0-F2-1  /R        /D:1      /W-T3-1   /D:4      /W-T1-1   /W-T1-1   /T6-T1-4  /T6-F2-1  /W-T6-1   
/T6-T2-2  /D:2      /W-T5-1   /T2-T5-4  /T2-F0-1  /W-F0-1   /T5-F0-1  /T1-F0-1  /T1-F3-1  /T0-F3-1  
/T0-F2-1  /T4-F3-1  /T5-T0-4  /T5-F3-1  /W-T1-1   /D:1      /W-F1-1   /T0-F1-1  /T0-F0-1  /T1-F1-1  
/T0-F1-1  /T1-F0-1  /T0-F0-1  /T1-F1-1  /T0-F1-1  /T1-F0-1  /T0-F0-1  /T1-F1-1  /T1-F0-1  /T5-T0-1  
/T5-F1-1  /T1-F1-1  /T0-T5-2  /T0-F0-1  /T5-T0-3  /T5-T3-1  /T1-F0-1  /T5-F3-1  /D:1      /W-F2-1   
/T0-F2-1  /T0-F3-1  /T3-F2-1  /T0-F2-1  /T0-F1-1  /T3-F3-1  /T3-F2-1  /D:1      /W-F3-1   
"
1010244,l#BE#Joc#RdgC#qPukQ#hGwbZF#fXsmVIM#AnOzrUDYyejNHpaLxvWiKTSt,138.000000,1724.000000,49.000000,0.592391,1,"
minimal: 0 / states: 123 / duration: 0.000124s
history:
/T4-T1-1 /T3-T1-1 /T5-T3-1 /T0-T6-1 /T6-T0-2 /D:1     /W-F0-1  /D:1     /W-F2-1  /D:1     
/W-T1-1  /D:3     /W-T6-1  /D:3     /W-T5-1  /T4-T5-1 /T3-T4-2 /D:1     /W-T4-1  /D:2     
/W-F3-1  /T1-F3-1 /D:2     /W-T3-1  /D:1     /W-F1-1  /D:2     /W-T0-1  /D:2     /W-T0-1  
/T6-T0-2 /T4-T6-4 /T4-F3-1 /T2-T4-1 /T2-F2-1 /T6-T2-5 /T2-T5-6 /T5-T2-9 /T5-F1-1 /T3-F2-1 
/T4-T2-2 /T6-T4-1 /T2-F1-1 /T2-F2-1 /T3-F1-1 /T2-F1-1 /T3-T2-1 /D:1     /W-T5-1  /D:4     
/W-T0-1  /W-T0-1  /T1-T0-3 /T1-F0-1 /T0-F0-1 /T0-F3-1 /T2-F3-1 /R       /D:1     /W-T1-1  
/D:1     /W-F2-1  /T6-F2-1 /T5-T6-2 /T0-T5-2 /T0-F2-1 /T5-T0-3 /D:1     /W-F0-1  /T0-F0-1 
/T0-F3-1 /T2-F0-1 /T0-F0-1 /D:1     /W-T1-1  /D:2     /W-F0-1  /D:1     /W-T4-1  /T6-T4-3 
/T6-F1-1 /T2-F1-1 /T5-F1-1 /T2-F2-1 /T4-F1-1 /W-F1-1  /D:1     /W-F2-1  /T4-F2-1 /T2-T4-2 
/T2-F1-1 /T0-T1-4 /T0-F1-1 /D:2     /W-F3-1  /T1-F3-1 /T1-F0-1 /T4-F3-1 /T1-F3-1 /T1-F2-1 
/T4-F0-1 /T4-F3-1 /T2-F2-1 /W-F0-1  /T1-F3-1 /T1-F2-1 /T4-F0-1 /T0-F0-1 /T2-F3-1 /T4-F1-1 
"
1010245,P#aW#NJl#GTBM#VedCm#IjpsoA#rXqcDuZ#LtEyYUFwQfbOnzRvHkSiKhxg,144.500000,1043.000000,54.000000,0.566327,1,"
minimal: 0 / states: 129 / duration: 0.000120s
history:
/T5-F0-1 /T5-T0-1 /T2-T3-1 /D:1     /W-T4-1  /D:3     /W-T6-1  /D:9     /W-F2-1  /T0-F2-1 
/D:2     /W-T5-1  /D:1     /W-T1-1  /D:2     /W-T4-1  /T2-T4-1 /T2-F3-1 /T6-T2-2 /D:2     
/W-T4-1  /T6-T4-1 /T6-T5-1 /T6-T5-1 /T0-T6-1 /T4-T0-6 /D:1     /W-T3-1  /T1-T3-2 /T1-F1-1 
/T3-T1-5 /T3-F0-1 /T4-F0-1 /T5-T3-4 /T5-F2-1 /T3-T0-5 /W-T3-1  /D:1     /W-T1-1  /T3-T1-2 
/D:2     /R       /D:2     /W-T1-1  /T4-T1-1 /T6-T4-2 /T6-T2-1 /D:4     /W-T2-1  /D:1     
/W-T6-1  /D:2     /W-F1-1  /T0-F1-1 /T1-F1-1 /T0-F0-1 /T4-T0-2 /T4-F1-1 /T1-F0-1 /W-F1-1  
/W-F0-1  /T4-T2-1 /T6-T1-2 /D:1     /W-F3-1  /T0-F3-1 /T0-F2-1 /T1-F3-1 /T0-F3-1 /T1-F2-1 
/T0-F2-1 /T1-F3-1 /T0-F3-1 /T1-F0-1 /W-F3-1  /T2-F3-1 /T1-T5-2 /T1-F3-1 /T5-T1-3 /D:1     
/W-T3-1  /W-T3-1  /W-F2-1  /T0-F2-1 /T1-T5-1 /T1-F2-1 /T2-F2-1 /T2-F3-1 /T3-F3-1 /T5-T1-2 
/D:1     /W-F0-1  /D:1     /W-F2-1  /T2-F2-1 /T2-F3-1 /T3-F2-1 /D:1     /W-F1-1  /T1-F1-1 
/T0-F1-1 /T1-F0-1 /T0-F0-1 /T1-F1-1 /T0-F1-1 /T1-F0-1 /T0-F0-1 /T1-F1-1 /T0-F1-1 /T1-F0-1 
"
1010276,j#Pk#Gzy#QcHn#uvOCN#YWEpIo#ZqsmSth#aVbLfXrRKTwJegliUBdDAFxM,69.500000,597.000000,34.000000,0.770492,1,"
minimal: 0 / states: 124 / duration: 0.000116s
history:
/T3-F2-1 /T4-F3-1 /T5-F2-1 /T6-T5-1 /T6-T5-1 /T5-T0-3 /T5-F2-1 /T6-T0-1 /T2-T6-1 /T5-T0-1 
/T1-T6-1 /D:1     /W-F1-1  /D:2     /W-F1-1  /D:7     /W-T3-1  /D:1     /W-T6-1  /D:4     
/W-T2-1  /D:1     /W-T6-1  /T3-T6-2 /T3-F1-1 /T4-T3-1 /T4-F3-1 /T4-T5-1 /T3-T0-2 /T6-T3-7 
/T6-T3-1 /T6-F2-1 /T1-F3-1 /T2-T1-2 /W-T4-1  /W-T3-1  /D:1     /W-T5-1  /T2-T5-1 /D:2     
/W-F1-1  /T3-F1-1 /D:2     /W-F0-1  /D:1     /W-T4-1  /D:1     /W-T1-1  /T5-T1-4 /D:1     
/W-T2-1  /T5-T2-1 /R       /D:2     /W-T6-1  /D:1     /W-F1-1  /D:1     /W-T6-1  /D:1     
/W-F2-1  /T3-F2-1 /T0-T1-4 /T0-F2-1 /T4-T3-1 /T4-F1-1 /T0-F1-1 /T4-F2-1 /T1-T0-6 /T1-F2-1 
/D:1     /W-T3-1  /D:1     /W-T2-1  /T0-T2-8 /D:1     /W-T6-1  /T3-T6-5 /T3-F2-1 /D:1     
/W-F0-1  /T2-F0-1 /T2-F3-1 /T6-F3-1 /D:1     /W-F0-1  /T2-F0-1 /T2-F3-1 /T6-F0-1 /T2-F0-1 
/T6-F3-1 /T2-F3-1 /T6-F0-1 /T2-F0-1 /T6-F1-1 /T2-F1-1 /W-F3-1  /T1-F3-1 /T1-F2-1 /T6-F0-1 
/T2-F0-1 /T3-F1-1 /T1-F1-1 /T6-F3-1 /T2-F3-1 /T3-F2-1 /T1-F2-1 /T6-F0-1 /T2-F0-1 /T3-F1-1 
/T6-F3-1 
"
1010303,f#ag#dIG#mKwR#hovOc#HULpFZ#tsejzuV#TYqyQxSBWlCbEJkAMrPnXDiN,142.500000,3741.000000,46.000000,0.591954,1,"
minimal: 0 / states: 125 / duration: 0.000122s
history:
/T0-T2-1 /T5-T0-1 /T5-T1-1 /T3-T1-1 /T6-T3-1 /T6-T3-1 /T1-T3-3 /T1-F1-1 /T6-T1-1 /D:2     
/W-T1-1  /D:1     /W-T3-1  /T4-T3-1 /T4-T5-1 /T4-T6-1 /T4-T3-1 /T2-T4-2 /T4-T2-3 /D:1     
/W-T0-1  /D:2     /W-T1-1  /T6-T1-2 /D:6     /W-F1-1  /D:1     /W-T2-1  /D:2     /W-T0-1  
/T3-T0-9 /D:1     /W-F0-1  /D:1     /W-T4-1  /D:3     /W-F2-1  /T0-F2-1 /T0-F1-1 /W-T0-1  
/D:2     /W-T6-1  /D:2     /W-F3-1  /T5-F3-1 /T5-F2-1 /T0-F3-1 /T0-F2-1 /R       /D:2     
/W-F3-1  /T0-F3-1 /T6-T0-2 /D:1     /W-F3-1  /W-F3-1  /D:1     /W-F0-1  /D:1     /W-T3-1  
/T2-T3-5 /T2-F1-1 /D:1     /W-T4-1  /T3-T4-7 /T5-T3-1 /T5-F3-1 /D:1     /W-F0-1  /T0-F0-1 
/T0-F1-1 /T4-F0-1 /T0-F0-1 /T6-T0-1 /T4-F1-1 /T4-F0-1 /T5-F0-1 /T4-T1-1 /T4-F0-1 /T6-T1-1 
/D:1     /W-F0-1  /D:1     /W-F2-1  /T0-F2-1 /T0-F1-1 /T1-F2-1 /T0-F2-1 /T0-F3-1 /T1-F1-1 
/T1-F2-1 /T4-F3-1 /T0-F2-1 /T4-F0-1 /T3-F0-1 /D:1     /W-F3-1  /T1-T4-2 /T1-F3-1 /T0-T3-2 
/T0-F3-1 /T4-T1-3 /T4-F0-1 /D:1     /W-F1-1  /T1-F1-1 /T1-F2-1 /T3-F1-1 /T1-F1-1 /T3-F2-1 
/T1-F2-1 /T3-F1-1 
"
1010310,Q#Vr#geR#uivS#OAZnm#EbCJHP#dBklaDo#GTshzfUpYNLqXyxWKjMtIFcw,127.000000,2628.000000,39.000000,0.664474,1,"
minimal: 0 / states: 124 / duration: 0.000112s
history:
/T6-T5-1 /T5-T6-2 /T6-T2-3 /T6-F1-1 /T1-T3-1 /T5-T1-1 /T0-T3-1 /T4-T0-1 /T4-F2-1 /T2-F2-1 
/T1-T5-2 /T4-T1-1 /T4-F0-1 /D:2     /W-T5-1  /D:1     /W-T5-1  /T2-T5-3 /D:5     /W-F2-1  
/D:2     /W-F3-1  /T4-F3-1 /T5-F3-1 /T3-F3-1 /T5-T2-1 /T5-F3-1 /T2-T5-2 /D:1     /W-T0-1  
/D:1     /W-F2-1  /T3-F2-1 /T3-F3-1 /T5-T2-3 /T5-F3-1 /T2-T5-4 /D:1     /W-T0-1  /T5-T0-7 
/D:1     /W-T1-1  /D:1     /W-T6-1  /D:1     /W-T6-1  /T3-T6-1 /D:3     /W-T2-1  /T6-T2-4 
/T6-T1-1 /T6-F0-1 /T5-F0-1 /T5-F1-1 /T0-F0-1 /T5-F0-1 /D:3     /W-F0-1  /D:1     /W-F1-1  
/T6-F1-1 /T0-F1-1 /T0-F2-1 /D:1     /W-T1-1  /T3-T1-1 /T3-T1-1 /R       /D:1     /W-F0-1  
/T0-T1-1 /T0-F0-1 /D:1     /W-T2-1  /D:1     /W-T3-1  /D:1     /W-F1-1  /T1-F1-1 /T2-F1-1 
/T1-T0-1 /T1-F1-1 /D:1     /W-F3-1  /D:1     /W-T3-1  /D:1     /W-T3-1  /D:1     /W-F1-1  
/D:1     /W-F2-1  /T0-F2-1 /T0-F3-1 /T2-F2-1 /T1-F2-1 /T1-F1-1 /T2-F3-1 /T2-F2-1 /T1-F2-1 
/T2-F1-1 /T0-T1-3 /T0-F1-1 /T3-T2-2 /T3-F2-1 /D:1     /W-F0-1  /T1-F0-1 /T1-F3-1 /T2-F0-1 
/T1-F0-1 /T2-F3-1 /T1-F3-1 /T2-F0-1 
"
1010319,z#dx#Yfe#IFAo#pHwym#SGNcBP#WVOlUCE#DhikbgutXsKjMvqQrTRLZnJa,112.500000,1264.000000,46.000000,0.620253,1,"
minimal: 0 / states: 128 / duration: 0.000119s
history:
/T3-T5-1 /T3-F0-1 /T2-T3-1 /T6-T2-1 /D:1     /W-T3-1  /T5-T3-2 /T5-F0-1 /T6-F0-1 /D:7     
/W-T6-1  /T2-T6-2 /T1-T2-1 /T1-T6-1 /T4-T1-1 /T4-T1-1 /T2-T0-2 /D:1     /W-T1-1  /T4-T1-1 
/D:3     /W-T0-1  /D:1     /W-T2-1  /D:1     /W-T0-1  /T6-T0-5 /T6-T2-1 /F0-T0-1 /T6-T0-1 
/T4-T6-1 /T6-T1-2 /T0-T4-1 /T0-F0-1 /W-T2-1  /T4-T0-2 /T6-T2-1 /D:4     /W-T1-1  /T3-T1-5 
/T3-T2-1 /D:3     /W-T3-1  /W-T3-1  /D:1     /W-F2-1  /T1-F2-1 /D:2     /W-F1-1  /R       
/D:1     /W-T2-1  /D:2     /W-T3-1  /D:1     /W-F1-1  /T5-F1-1 /T5-F3-1 /T0-F3-1 /T0-F2-1 
/T0-F1-1 /T1-F3-1 /T1-F0-1 /T5-T2-1 /T0-F0-1 /T1-F1-1 /T0-F1-1 /T1-F0-1 /T2-F0-1 /T5-T0-1 
/D:1     /W-F1-1  /T2-F1-1 /W-F1-1  /D:2     /W-T1-1  /D:1     /W-F2-1  /D:1     /W-F3-1  
/D:1     /W-F2-1  /T1-F2-1 /D:1     /W-F3-1  /T0-F3-1 /T0-F2-1 /T1-F3-1 /T0-F3-1 /T1-F0-1 
/T2-F0-1 /W-F2-1  /T0-F2-1 /T0-F1-1 /T1-F3-1 /T1-F2-1 /T2-F3-1 /T0-F2-1 /T1-F3-1 /T0-F3-1 
/T1-F2-1 /T0-F2-1 /T3-F1-1 /T3-T1-1 /T3-F3-1 /D:1     /W-F0-1  /T2-F0-1 /T1-F0-1 /T2-F1-1 
/T1-F1-1 /T2-F0-1 
"
1010328,m#Cj#fyQ#sqYu#WJcnN#kzeoAb#viPrRap#ZOTLHUDKgMdxBSFXGtwlhVIE,143.500000,4026.000000,61.000000,0.581633,1,"
minimal: 0 / states: 130 / duration: 0.000124s
history:
/T4-F3-1 /T4-F2-1 /T6-T2-1 /T6-F1-1 /T5-F1-1 /T5-F0-1 /T5-F2-1 /T4-F1-1 /T2-F2-1 /D:2     
/W-F3-1  /D:1     /W-T3-1  /D:1     /W-T0-1  /D:3     /W-T5-1  /D:4     /W-F1-1  /T5-T6-1 
/T5-F1-1 /D:2     /W-F0-1  /D:2     /W-T3-1  /T6-T3-2 /T2-T6-1 /D:1     /W-T0-1  /T4-T0-1 
/D:4     /W-T5-1  /D:2     /W-T0-1  /T3-T0-5 /D:1     /W-T1-1  /W-T1-1  /D:1     /R       
/D:4     /W-T3-1  /T1-T3-3 /T1-F0-1 /T5-T1-2 /T0-F0-1 /T5-T2-1 /D:2     /W-T5-1  /T3-T5-5 
/T3-F2-1 /D:1     /W-T1-1  /T4-T1-1 /D:2     /W-T5-1  /W-T5-1  /T6-T5-2 /T6-F3-1 /T5-F3-1 
/T0-F3-1 /T5-F2-1 /T3-F2-1 /T5-F3-1 /D:1     /W-F2-1  /D:1     /W-T2-1  /T6-T2-1 /T6-T1-1 
/D:1     /W-F0-1  /T0-F0-1 /T0-F3-1 /T0-F2-1 /T1-F2-1 /T5-F0-1 /R       /D:1     /W-T3-1  
/T2-T3-4 /T2-F1-1 /D:1     /W-F0-1  /D:1     /W-F3-1  /T0-F3-1 /T1-F3-1 /T3-T0-1 /T3-F2-1 
/T1-F2-1 /T0-T3-2 /T0-F3-1 /T3-T0-3 /T3-F2-1 /T5-T1-4 /T5-F3-1 /T3-F3-1 /T1-T5-5 /T1-F2-1 
/D:1     /W-F1-1  /T5-F1-1 /T0-F1-1 /T5-F0-1 /T0-F0-1 /T5-F1-1 /T0-F1-1 /T5-F0-1 /T0-F0-1 
/T5-F1-1 /T0-F1-1 /T5-F0-1 
"
1010340,B#nh#iwk#HLTy#EQAxo#tUcYCW#gSKOplm#urFVZGqdXMJsNIPafbjvRzeD,122.000000,3160.000000,49.000000,0.642857,1,"
minimal: 0 / states: 126 / duration: 0.000125s
history:
/T3-T6-1 /T2-T6-1 /T2-T6-1 /T2-T6-1 /T6-T2-5 /D:1     /W-T2-1  /T3-T2-1 /D:2     /W-T2-1  
/D:3     /W-T1-1  /D:3     /W-T3-1  /D:2     /W-T3-1  /D:2     /W-F3-1  /D:1     /W-T5-1  
/T1-T5-2 /T1-F2-1 /T4-F2-1 /T5-T4-4 /T4-T6-5 /T4-F0-1 /T0-F0-1 /T5-F0-1 /D:2     /W-F1-1  
/D:1     /W-T6-1  /D:1     /W-F1-1  /D:3     /W-T2-1  /D:1     /W-T0-1  /T6-T0-7 /T6-F2-1 
/T6-F3-1 /T6-T5-1 /D:2     /W-F0-1  /R       /D:1     /W-T0-1  /T4-T0-1 /T4-F0-1 /D:1     
/W-T3-1  /D:1     /W-T1-1  /T3-T1-4 /T3-T1-1 /D:1     /W-F2-1  /D:2     /W-T3-1  /T5-T3-2 
/T5-F1-1 /W-F1-1  /D:2     /W-F3-1  /T0-F3-1 /T0-F2-1 /T2-F3-1 /T6-F3-1 /T2-F0-1 /T2-F3-1 
/T5-F3-1 /W-F2-1  /T5-F2-1 /T2-F2-1 /T1-T2-1 /T1-F3-1 /T6-T2-1 /D:1     /W-T3-1  /T0-T3-4 
/T0-F3-1 /D:1     /W-F2-1  /T2-T1-3 /T2-F2-1 /T0-F2-1 /T1-T2-4 /T1-F3-1 /T2-T1-5 /T2-F2-1 
/T3-T0-6 /T3-F3-1 /T0-T3-7 /T0-F2-1 /T1-T2-6 /T1-F3-1 /D:1     /W-F1-1  /T3-F1-1 /T2-F1-1 
/T3-F0-1 /T2-F0-1 /T3-F1-1 /T2-F1-1 /T3-F0-1 /T2-F0-1 /T3-F1-1 /T2-F1-1 /T3-F0-1 /T2-F0-1 
/T3-F1-1 /T2-F1-1 /T3-F0-1 
"
1010341,T#Xk#hmE#pgob#iejMF#IDfnKR#lSLPUYa#wHJyzxNAtdBVvsZGrOCqcWQu,131.000000,2485.000000,37.000000,0.645833,1,"
minimal: 0 / states: 113 / duration: 0.000110s
history:
/T6-F1-1 /T3-F1-1 /T5-T4-1 /T4-T0-2 /T6-T4-1 /T5-T4-1 /T5-F2-1 /T3-F2-1 /T2-T5-1 /D:1     
/W-T1-1  /D:3     /W-T2-1  /T1-T2-2 /W-T1-1  /D:3     /W-F3-1  /D:1     /W-F0-1  /D:1     
/W-T6-1  /T5-T6-2 /T5-T0-1 /T6-T5-4 /T6-T0-1 /T1-T6-2 /T4-T1-3 /T4-T1-1 /T5-T1-5 /T2-T5-4 
/D:1     /W-T1-1  /D:1     /W-F0-1  /D:1     /W-T5-1  /D:2     /W-T3-1  /T4-T3-1 /T4-T6-1 
/D:1     /W-T4-1  /T6-T4-4 /D:1     /W-T2-1  /T6-T2-1 /D:1     /W-T2-1  /D:1     /W-F3-1  
/T0-F3-1 /D:1     /W-F0-1  /T0-F0-1 /T1-T2-1 /T1-F0-1 /D:1     /W-T0-1  /D:1     /W-F1-1  
/T2-F1-1 /T3-F1-1 /T1-F1-1 /T0-T3-2 /T0-F0-1 /T3-T0-3 /T3-F1-1 /T3-F2-1 /T0-F2-1 /T2-F2-1 
/T2-T1-1 /T2-F0-1 /T2-F1-1 /T4-F1-1 /D:2     /W-F3-1  /T0-F3-1 /T0-F2-1 /T1-F3-1 /T0-F3-1 
/T1-F2-1 /T1-F3-1 /T5-F3-1 /W-F3-1  /D:1     /W-F2-1  /W-F2-1  /T5-F2-1 /W-F2-1  /T4-T5-1 
/T4-F3-1 /T1-T6-3 /T1-F3-1 /T5-T4-2 /T5-F2-1 /W-F2-1  /W-F0-1  /T6-F0-1 /T4-F0-1 /T6-F1-1 
/T4-F1-1 /T6-F0-1 /T4-F0-1 /T4-F3-1 /T6-F1-1 /T1-F0-1 /T5-F1-1 
"
1010355,Y#is#VRK#rhIa#vXDeC#dzfmFS#kMWbQLN#wqngocHlBJAjpUPuZTyGEtOx,119.000000,1579.000000,45.000000,0.694737,1,"
minimal: 0 / states: 120 / duration: 0.000129s
history:
/T3-F1-1 /T6-F3-1 /T2-T0-1 /T2-T1-1 /D:2     /W-T1-1  /D:1     /W-F2-1  /D:2     /W-F2-1  
/D:1     /W-T1-1  /D:1     /W-T2-1  /W-T2-1  /T1-T2-4 /D:2     /W-T2-1  /D:2     /W-F0-1  
/T2-F0-1 /T4-F0-1 /D:1     /W-T0-1  /T3-T0-1 /T3-T0-1 /T3-T5-1 /D:1     /W-F2-1  /D:3     
/W-T1-1  /D:1     /W-T3-1  /T6-T3-1 /T6-T5-1 /T6-F1-1 /T2-F1-1 /T2-F2-1 /D:1     /W-T1-1  
/D:2     /W-T0-1  /T5-T0-3 /T5-T1-1 /T4-T1-1 /T4-F0-1 /T4-T3-1 /T4-T6-1 /T5-T4-1 /W-T4-1  
/D:1     /W-F0-1  /D:2     /W-F3-1  /D:1     /R       /D:1     /W-T3-1  /T1-T3-5 /D:3     
/W-T6-1  /D:1     /W-F3-1  /T0-F3-1 /T2-F3-1 /T0-F2-1 /T0-F3-1 /T5-T0-1 /T5-T1-1 /T5-F1-1 
/T3-F1-1 /T0-F1-1 /T2-F2-1 /T3-F0-1 /T0-F0-1 /T2-F1-1 /T3-F3-1 /T2-F0-1 /T0-F1-1 /T0-F0-1 
/T6-F3-1 /T2-F3-1 /T6-T0-1 /T6-F3-1 /T6-T2-1 /W-F0-1  /T3-T6-3 /T3-F3-1 /W-T1-1  /T0-T1-3 
/T0-F3-1 /T6-T3-4 /D:1     /W-F2-1  /T3-F2-1 /T1-F2-1 /T3-F1-1 /T1-F1-1 /T1-F0-1 /T3-F2-1 
/T3-F1-1 /T3-F0-1 /T1-F1-1 /T2-F0-1 /T3-F3-1 /D:1     /W-F2-1  /T4-F2-1 /T1-F2-1 /T4-F1-1 
"
1010363,A#TN#MVs#IWPC#FUudL#kvpQaJ#rtmxzqh#ZejDbHEfKgSwBRclyGoOXYni,126.500000,1332.000000,45.000000,0.668675,1,"
minimal: 0 / states: 110 / duration: 0.000125s
history:
/T0-F0-1 /T1-F3-1 /T2-T1-1 /T2-T5-1 /D:1     /W-T0-1  /T4-T0-1 /T3-T4-1 /D:1     /W-T1-1  
/D:2     /W-T1-1  /T3-T1-1 /D:1     /W-T4-1  /D:1     /W-T5-1  /T1-T5-5 /D:7     /W-F0-1  
/D:3     /W-T2-1  /D:2     /W-T6-1  /D:1     /W-T5-1  /D:1     /W-F3-1  /D:1     /W-T0-1  
/T5-T0-9 /T5-F1-1 /T4-F1-1 /T4-F0-1 /D:2     /W-F2-1  /T0-F2-1 /T0-F3-1 /T5-F3-1 /T5-F2-1 
/T6-T5-2 /T6-F2-1 /T6-T1-1 /T6-T2-1 /T3-T2-1 /T5-T2-3 /T0-F0-1 /W-T1-1  /W-T6-1  /W-F1-1  
/T4-F1-1 /T0-F1-1 /W-F3-1  /T5-T6-1 /T6-T5-3 /W-T5-1  /W-F3-1  /W-T4-1  /T0-T4-1 /T0-F3-1 
/W-T1-1  /W-F1-1  /W-F0-1  /W-T1-1  /T3-T1-1 /D:1     /W-T5-1  /T4-T5-3 /T4-F3-1 /T4-F0-1 
/T2-F0-1 /T6-T2-1 /T6-F2-1 /T5-F2-1 /T2-F2-1 /T5-F1-1 /T0-F0-1 /T2-F1-1 /T1-F0-1 /T5-F2-1 
/T0-F3-1 /T2-F2-1 /T2-F3-1 /T5-F1-1 /T0-F0-1 /T1-F1-1 /T1-F0-1 /T5-F2-1 /T0-F3-1 /T2-F2-1 
/T1-F3-1 /T5-F1-1 /T0-F0-1 /T2-F1-1 /T2-F0-1 /T5-F2-1 /T0-F3-1 /T1-F2-1 /T5-F1-1 
"
1010397,M#lv#LPV#toRT#jcnha#DYiwsq#XrbkSzA#OdCJHQEUBxupeKyGgNFWZImf,97.000000,921.000000,43.000000,0.666667,1,"
minimal: 0 / states: 122 / duration: 0.000123s
history:
/T4-F1-1 /T6-F0-1 /T4-T1-1 /T4-F2-1 /T4-T5-1 /T1-T4-2 /T1-T0-1 /T6-T1-1 /D:5     /W-T2-1  
/T3-T2-1 /T5-T3-2 /T5-T2-1 /T2-T5-4 /T3-T5-3 /T3-F2-1 /T6-T3-1 /T5-T6-8 /T3-T4-2 /D:2     
/W-T4-1  /W-T4-1  /D:2     /W-F0-1  /D:1     /W-T0-1  /T4-T0-7 /D:1     /W-T5-1  /D:1     
/W-F2-1  /D:5     /W-T5-1  /D:1     /W-F3-1  /D:1     /W-T5-1  /D:2     /W-T3-1  /D:2     
/W-T4-1  /D:1     /R       /D:1     /W-F3-1  /T2-F3-1 /T6-T2-9 /T6-F1-1 /T2-F1-1 /T2-F2-1 
/T6-F2-1 /T0-F3-1 /T2-F3-1 /T2-F2-1 /T2-T3-6 /D:1     /W-F1-1  /D:1     /W-F0-1  /D:1     
/W-T6-1  /T5-T6-4 /T5-T1-1 /T5-F0-1 /T0-F0-1 /T0-F3-1 /T0-F2-1 /T3-F3-1 /T6-F0-1 /T6-T3-1 
/T6-F2-1 /D:1     /W-F3-1  /T3-T6-2 /T3-F3-1 /D:1     /W-F1-1  /D:1     /W-T1-1  /D:1     
/W-T4-1  /T6-T4-5 /D:1     /W-F0-1  /D:1     /W-F3-1  /D:2     /W-F1-1  /T4-F1-1 /T0-F1-1 
/T0-F2-1 /T4-F0-1 /T4-F1-1 /T3-F2-1 /W-F0-1  /T0-F1-1 /T0-F2-1 /T4-F0-1 /T1-F0-1 /T3-F1-1 
/T0-F1-1 /T4-F3-1 /T1-F3-1 /T3-F0-1 /T0-F0-1 /T4-F2-1 /T1-F2-1 /T3-F3-1 /T4-F1-1 
"
1010436,m#lF#cJQ#IGCP#uYpUe#fEyVtx#wsDWKRj#hvaBbALnqZTgoNSidMrzXkHO,107.000000,1570.000000,42.000000,0.683544,1,"
minimal: 0 / states: 117 / duration: 0.000123s
history:
/T6-T5-1 /T6-T1-1 /D:2     /W-T5-1  /W-T5-1  /D:1     /W-F1-1  /D:1     /W-T3-1  /D:1     
/W-F1-1  /D:1     /W-F0-1  /T3-F0-1 /D:1     /W-T0-1  /D:1     /W-F2-1  /D:1     /W-T1-1  
/T3-T1-1 /T3-F0-1 /T3-T5-1 /D:4     /W-F2-1  /D:1     /W-F3-1  /D:1     /W-T5-1  /D:4     
/W-T5-1  /T2-T5-1 /D:2     /W-T0-1  /T2-T0-1 /T2-F1-1 /W-T2-1  /D:3     /W-F3-1  /T1-F3-1 
/T5-F3-1 /T1-T4-1 /T1-F3-1 /T4-T1-2 /T4-T3-1 /T4-F2-1 /T1-F2-1 /T5-T4-7 /T5-T3-1 /T5-T0-1 
/T4-T2-8 /T2-F2-1 /T2-F3-1 /W-T0-1  /W-T5-1  /R       /D:2     /W-T0-1  /T1-T0-2 /T6-T1-1 
/T6-T1-1 /T6-F0-1 /T6-F2-1 /T3-F2-1 /T4-F2-1 /W-T4-1  /T5-T4-2 /T5-F0-1 /T3-T1-2 /T5-T2-1 
/T6-T4-1 /D:2     /W-T4-1  /D:1     /W-F1-1  /T0-F1-1 /T0-F0-1 /T0-F3-1 /T2-F1-1 /T2-F0-1 
/T1-F3-1 /W-F1-1  /T0-F0-1 /T0-F3-1 /T2-F1-1 /T1-F0-1 /T2-F2-1 /T1-F3-1 /T4-F1-1 /T0-F0-1 
/T2-F1-1 /T1-F0-1 /T4-F2-1 /T0-F3-1 /T2-F2-1 /T2-F3-1 /T4-F1-1 /T0-F0-1 /T1-F1-1 /T4-F2-1 
/T0-F1-1 /T2-F2-1 /T4-F3-1 /D:1     /W-F0-1  
"
1010479,L#xG#ayg#DhNH#VuWzM#qTwRmZ#dKeoXcb#SnBkOCQFYAIPrpUEvJstfilj,97.500000,916.000000,37.000000,0.642857,1,"
minimal: 0 / states: 121 / duration: 0.000116s
history:
/T2-T3-1 /T2-T5-1 /T2-F1-1 /T6-F1-1 /T6-F1-1 /T5-T2-2 /T6-T0-1 /T0-T5-2 /T4-T0-1 /D:1     
/W-T1-1  /D:1     /W-F2-1  /T6-F2-1 /D:2     /W-T2-1  /D:4     /W-T3-1  /T6-T3-1 /D:1     
/W-T0-1  /T6-T0-1 /T6-F1-1 /T5-T6-3 /T3-F1-1 /T5-T3-1 /T5-T2-1 /D:1     /W-F0-1  /D:3     
/W-T1-1  /D:1     /W-F2-1  /D:4     /W-T6-1  /D:1     /W-T5-1  /D:2     /W-F1-1  /D:1     
/W-T2-1  /T3-T2-4 /T3-F3-1 /T1-T3-3 /D:1     /W-T4-1  /T1-T4-1 /T4-T1-3 /T4-T0-1 /T5-T4-2 
/T5-F2-1 /T3-F2-1 /T4-F2-1 /W-F2-1  /W-T0-1  /T3-T0-3 /T2-T4-2 /T2-F1-1 /T4-T2-3 /T4-F2-1 
/W-T0-1  /T3-T2-1 /T4-T6-1 /D:1     /W-T1-1  /R       /D:1     /W-F0-1  /D:1     /W-F3-1  
/D:1     /W-F0-1  /T2-F0-1 /T0-F0-1 /D:2     /W-T1-1  /T0-T1-3 /T0-F2-1 /D:1     /W-F3-1  
/W-F3-1  /T2-F3-1 /T1-F3-1 /T2-F0-1 /T1-F0-1 /T1-F1-1 /T2-F3-1 /T2-F0-1 /T2-F1-1 /T1-F0-1 
/T1-F1-1 /T2-F2-1 /T1-F2-1 /T2-F1-1 /T1-F1-1 /T2-F2-1 /T1-F2-1 /T6-T2-4 /T6-F1-1 /D:1     
/W-F3-1  /T2-F3-1 /T0-F3-1 /T2-F0-1 /T0-F0-1 /T2-F3-1 /T0-F3-1 /T2-F0-1 /T0-F0-1 /T2-F3-1 
"
1010499,k#WC#IRb#uHDB#lzSEx#tarfcm#yZQsUTn#ogOGjwYhiXPMVvNLdJeqKFpA,115.500000,1074.000000,49.000000,0.579268,1,"
minimal: 0 / states: 135 / duration: 0.000129s
history:
/T6-F2-1 /T2-T1-1 /D:1     /W-F2-1  /D:4     /W-T4-1  /D:1     /W-T0-1  /D:3     /W-T0-1  
/D:5     /W-T4-1  /D:1     /W-F3-1  /D:1     /W-T5-1  /T0-T5-3 /T5-T0-5 /T3-T5-1 /T5-T3-2 
/T3-T2-3 /T6-T3-1 /T6-T4-1 /T6-T3-1 /T1-T6-2 /T2-T3-4 /T3-T0-7 /T2-T1-1 /D:7     /W-F2-1  
/D:1     /W-F0-1  /T0-F0-1 /R       /D:1     /W-T3-1  /D:1     /W-F3-1  /D:1     /W-T4-1  
/T5-T4-1 /T5-T4-1 /T5-F1-1 /T6-F1-1 /T0-F1-1 /T6-F0-1 /T6-T4-1 /T6-T2-1 /T0-F0-1 /T6-T2-1 
/D:2     /W-T1-1  /T5-T1-1 /D:1     /W-T2-1  /D:1     /W-F3-1  /T4-F3-1 /T0-F3-1 /D:1     
/W-T5-1  /W-T5-1  /T4-T5-7 /T4-F0-1 /T4-F3-1 /T4-T6-1 /T0-T3-1 /T0-F3-1 /T4-T6-1 /D:2     
/W-F1-1  /D:1     /W-T2-1  /W-T2-1  /T3-T2-3 /D:1     /W-F1-1  /D:1     /W-F2-1  /T5-F2-1 
/T2-F2-1 /T5-F1-1 /T1-F2-1 /T2-F1-1 /T2-F2-1 /T1-F1-1 /T0-T2-1 /T0-F1-1 /T5-T1-2 /T5-F2-1 
/T0-F2-1 /T5-F1-1 /T0-F1-1 /T5-F2-1 /T6-F1-1 /T2-T0-4 /T2-F2-1 /T6-F2-1 /T0-T2-5 /T0-F1-1 
/D:1     /W-T5-1  /T1-T5-4 /D:1     /W-F0-1  /T5-F0-1 /T2-F0-1 /T5-F3-1 /T2-F3-1 /T5-F0-1 
/T2-F0-1 /T5-F3-1 /T2-F3-1 /T5-F0-1 /T2-F0-1 /T5-F3-1 /T2-F3-1 /T5-F0-1 
"
1010568,w#Ii#NqE#UnXW#btDFe#osgOYy#phrkvjG#ZSJKcMCdmuQaxfRlzLBAHVTP,123.000000,1469.000000,47.000000,0.613333,1,"
minimal: 0 / states: 120 / duration: 0.000128s
history:
/T1-T0-1 /T1-T3-1 /D:1     /W-T1-1  /T5-T1-1 /D:1     /W-T6-1  /T2-T6-1 /T2-T4-1 /T2-F3-1 
/D:2     /W-T5-1  /T3-T5-2 /T3-T1-1 /T3-F2-1 /T6-T3-3 /W-T1-1  /T3-T5-4 /D:1     /W-T4-1  
/D:1     /W-T2-1  /T5-T2-8 /T5-F3-1 /D:2     /W-T2-1  /W-T2-1  /D:1     /W-T3-1  /D:1     
/W-T0-1  /T5-T0-1 /T4-T5-3 /T4-T0-1 /D:2     /W-F1-1  /D:3     /W-T0-1  /T4-T0-1 /W-T4-1  
/D:3     /W-T3-1  /D:1     /W-T5-1  /D:1     /W-F0-1  /T5-F0-1 /T2-F0-1 /T0-F0-1 /D:2     
/W-T1-1  /W-T1-1  /D:1     /W-T1-1  /T5-T1-4 /T5-F2-1 /W-T5-1  /W-T5-1  /W-T5-1  /T6-T5-1 
/T6-T5-1 /T6-T3-1 /T6-T4-1 /T4-T6-3 /T4-F1-1 /T1-F1-1 /T6-T5-4 /T6-F2-1 /T2-F1-1 /T1-F2-1 
/T1-F1-1 /T2-F0-1 /T5-F2-1 /T5-F1-1 /T1-F2-1 /T5-F2-1 /T0-T1-2 /T0-F1-1 /T0-F2-1 /T5-F1-1 
/T0-F1-1 /T5-F2-1 /T0-F2-1 /T5-F1-1 /T3-F1-1 /T5-F2-1 /T5-F1-1 /T1-T3-7 /T1-F2-1 /T5-F2-1 
/T3-T1-8 /T3-F1-1 /D:1     /W-F3-1  /W-F3-1  /T1-F3-1 /T1-F0-1 /T2-F3-1 /T1-F3-1 /T2-F0-1 
/T1-F0-1 /T2-F3-1 /T1-F3-1 /T2-F0-1 /T1-F0-1 /T2-F3-1 /T1-F3-1 /T2-F0-1 /T1-F0-1 /T2-F3-1 
/T1-F3-1 /T2-F0-1 
"
1010627,s#lz#pxQ#DvoN#Utifc#IyEujZ#JSRMnwq#rbdaXTPkmLAgKGVHeOCYFBWh,144.500000,1852.000000,47.000000,0.598901,1,"
minimal: 0 / states: 133 / duration: 0.000130s
history:
/T3-F3-1 /T4-T6-1 /T3-T6-1 /D:1     /W-T4-1  /T2-T4-1 /D:3     /W-F1-1  /D:6     /W-T5-1  
/D:1     /W-F0-1  /D:6     /W-T0-1  /T6-T0-3 /D:1     /W-F3-1  /D:1     /W-T4-1  /D:1     
/W-T1-1  /T2-T1-1 /D:2     /W-F0-1  /T4-F0-1 /T2-T4-1 /T5-T2-2 /T5-T1-1 /T3-T1-1 /T3-F0-1 
/T1-T3-5 /D:2     /W-T3-1  /R       /D:1     /W-F1-1  /D:2     /W-T2-1  /T6-T2-1 /T6-F2-1 
/T0-F2-1 /T0-F1-1 /T4-F2-1 /W-F1-1  /T1-T6-1 /T6-T1-2 /T0-F2-1 /T0-F1-1 /T6-T0-1 /T4-T6-2 
/T4-F1-1 /T5-T4-1 /T5-F0-1 /T4-T2-2 /T4-T3-1 /T6-T3-3 /D:1     /W-T2-1  /T0-T2-2 /D:1     
/W-F3-1  /T3-F3-1 /T2-F3-1 /T3-F2-1 /T2-F2-1 /T3-F3-1 /T3-F2-1 /T2-F3-1 /T2-F2-1 /T4-F3-1 
/D:1     /W-T5-1  /T6-T5-1 /D:1     /W-T0-1  /T5-T0-3 /T3-T5-1 /T3-F2-1 /T2-T0-1 /T2-F2-1 
/T5-T3-2 /D:1     /W-F1-1  /T3-F1-1 /T0-F1-1 /D:1     /W-T1-1  /T3-T1-2 /T3-F2-1 /D:2     
/W-F3-1  /D:2     /W-F0-1  /D:1     /W-F3-1  /T2-F3-1 /T3-F3-1 /T0-T2-2 /T0-F2-1 /T3-F2-1 
/T2-T0-3 /T2-F3-1 /R       /D:1     /W-F0-1  /D:1     /W-F0-1  /T1-F0-1 /T0-F0-1 /T1-F1-1 
/T0-F1-1 /T1-F0-1 /T0-F0-1 /T1-F1-1 /T0-F1-1 /T1-F0-1 
"
1010660,Z#dH#uDj#fqmV#hzEJN#MPCoyx#rkYeRpG#SOTgQcAlwBWaLXntIisUKbvF,89.000000,1014.000000,39.000000,0.839744,1,"
minimal: 0 / states: 118 / duration: 0.000122s
history:
/T4-F3-1 /T3-T4-1 /T2-T5-1 /T1-T4-1 /D:1     /W-T6-1  /D:1     /W-F3-1  /D:1     /W-T4-1  
/D:3     /W-T2-1  /D:1     /W-F0-1  /D:3     /W-F0-1  /D:2     /W-F1-1  /D:1     /W-T0-1  
/D:1     /W-T0-1  /T4-T0-4 /T4-T6-1 /T1-T6-1 /T3-T1-1 /D:1     /W-F2-1  /D:2     /W-T5-1  
/D:2     /W-T0-1  /D:1     /W-T5-1  /T6-T5-4 /T6-T5-1 /T6-T0-1 /T2-T0-2 /T3-T6-1 /D:2     
/W-F1-1  /T0-F1-1 /D:2     /R       /D:1     /W-T2-1  /D:2     /W-T4-1  /T5-T4-9 /T5-T1-1 
/T5-F2-1 /T4-F2-1 /T5-F0-1 /T4-F1-1 /T5-F3-1 /T0-F0-1 /T6-F2-1 /T6-F1-1 /W-F3-1  /T0-F3-1 
/T4-F0-1 /T6-T5-1 /T6-T1-1 /T6-F2-1 /T0-F2-1 /T3-F1-1 /T4-F3-1 /T4-T3-7 /T0-F3-1 /T2-F1-1 
/T4-F1-1 /D:1     /W-T1-1  /D:2     /W-F2-1  /T2-F2-1 /D:1     /W-F1-1  /D:1     /W-T5-1  
/W-T5-1  /T3-T5-3 /T3-F1-1 /D:1     /W-F2-1  /T1-F2-1 /T1-F1-1 /T3-F2-1 /T1-F2-1 /T3-F1-1 
/T1-F1-1 /T3-F2-1 /D:1     /W-F0-1  /T5-F0-1 /T0-F0-1 /T5-F3-1 /T0-F3-1 /T5-F0-1 /T0-F0-1 
/T5-F3-1 /T0-F3-1 /T5-F0-1 /T0-F0-1 /T5-F3-1 /T0-F3-1 /T5-F0-1 
"
1010675,O#Sy#aIf#Droh#UFJNl#GPzAZt#EceCQij#ksVWRdLKHnBpXwqgMvTbmYxu,127.500000,2851.000000,51.000000,0.592593,1,"
minimal: 0 / states: 121 / duration: 0.000137s
history:
/T5-T3-1 /T2-T3-1 /T3-T2-3 /T1-T5-1 /T2-T6-4 /T2-F1-1 /T5-T2-2 /T5-F0-1 /T4-T5-1 /T4-F3-1 
/T0-F3-1 /T5-T0-2 /T5-F3-1 /T1-T5-1 /D:1     /W-T2-1  /T4-T2-1 /D:2     /W-T2-1  /D:2     
/W-T4-1  /D:3     /W-T0-1  /T6-T0-5 /D:1     /W-T2-1  /D:1     /W-F2-1  /T3-F2-1 /T3-T0-1 
/T3-T4-1 /D:1     /W-F0-1  /D:1     /W-F2-1  /D:3     /W-F2-1  /T0-F2-1 /D:1     /W-T2-1  
/T4-T2-3 /T5-T4-2 /D:1     /W-T1-1  /D:3     /W-F1-1  /D:1     /W-T3-1  /D:1     /W-T1-1  
/D:1     /W-T1-1  /D:1     /W-T6-1  /W-T6-1  /R       /D:1     /W-F2-1  /D:1     /W-T1-1  
/D:2     /W-T3-1  /D:1     /W-T3-1  /D:1     /W-T3-1  /T6-T3-3 /T6-F3-1 /T6-F0-1 /F2-T3-1 
/T6-T3-1 /T6-F1-1 /T2-F0-1 /T2-F3-1 /W-F1-1  /T3-F1-1 /T3-F2-1 /T6-F0-1 /T0-F1-1 /T2-F0-1 
/T2-F1-1 /T4-F3-1 /T0-F2-1 /T3-F3-1 /T3-F2-1 /T4-F0-1 /T0-F1-1 /T2-F0-1 /T3-F1-1 /T4-F3-1 
/T0-F0-1 /T2-F3-1 /T2-F0-1 /T0-F1-1 /T0-F0-1 /T1-F3-1 /T2-F1-1 /T0-F1-1 /T3-T2-2 /T3-F0-1 
/T3-F1-1 /T1-T0-2 /T1-F0-1 /D:1     /W-F2-1  /T2-F2-1 /T0-F2-1 /T2-F3-1 /T0-F3-1 /T2-F2-1 
/T0-F2-1 /T2-F3-1 
"
1010692,V#CI#veO#YcPz#MkAJg#QfdLus#HUtToxm#NlhKXDWjBGRSrFynpqZbwiaE,140.500000,1782.000000,41.000000,0.670732,1,"
minimal: 0 / states: 118 / duration: 0.000121s
history:
/T5-T4-1 /T4-T5-2 /T5-T0-3 /T5-T6-1 /T0-T4-4 /T6-T0-2 /D:1     /W-F3-1  /T2-F3-1 /T2-T4-1 
/D:1     /W-T3-1  /T6-T3-1 /D:1     /W-T1-1  /D:2     /W-T0-1  /T4-T0-6 /T4-F0-1 /D:1     
/W-T0-1  /D:1     /W-T3-1  /T1-T3-2 /T1-T5-1 /T3-T1-6 /T3-F3-1 /T6-T3-1 /T3-T0-2 /W-T3-1  
/D:1     /W-T3-1  /T2-T3-1 /D:1     /W-F0-1  /T5-F0-1 /D:1     /W-T1-1  /D:2     /W-T1-1  
/D:1     /W-T1-1  /T5-T1-1 /D:1     /W-T6-1  /W-T6-1  /D:2     /W-F2-1  /T0-F2-1 /D:1     
/W-F2-1  /D:1     /W-F2-1  /D:1     /W-T2-1  /W-T2-1  /T4-T2-1 /T3-T4-4 /D:2     /W-T2-1  
/D:1     /W-T2-1  /D:1     /W-F1-1  /W-F1-1  /T0-F1-1 /T0-F0-1 /T1-F1-1 /T0-F1-1 /T5-F1-1 
/T5-F3-1 /T1-F2-1 /T6-F3-1 /T0-F2-1 /T0-F1-1 /T6-T0-2 /T6-F2-1 /T6-T4-1 /T1-F3-1 /T0-T6-2 
/T0-F2-1 /T1-T4-1 /T1-F1-1 /T2-F1-1 /T4-T1-2 /T4-F2-1 /T2-F2-1 /T4-F1-1 /T2-F1-1 /T1-T4-4 
/T1-F2-1 /T1-F1-1 /T2-F2-1 /T1-F2-1 /T0-T2-4 /T0-F1-1 /T6-T2-3 /D:1     /W-F0-1  /T2-F0-1 
/T2-F3-1 /T4-F0-1 /T2-F0-1 /T4-F3-1 /T2-F3-1 /T4-F0-1 /T2-F0-1 /T4-F3-1 /T2-F3-1 /T4-F0-1 
/T2-F0-1 /T4-F3-1 /T2-F3-1 /T4-F0-1 
"
1010693,M#tz#kNY#PsIZ#WyDTc#KSGLdo#iCVjRpO#ngaJUXFfmxrAHvqEueQlBwhb,96.500000,1059.000000,39.000000,0.684211,1,"
minimal: 0 / states: 130 / duration: 0.000128s
history:
/T5-T4-1 /T2-T0-1 /T2-F3-1 /T6-F3-1 /T6-T5-1 /D:1     /W-F2-1  /T4-F2-1 /T5-F2-1 /D:2     
/W-F1-1  /D:1     /W-T2-1  /D:6     /W-T0-1  /D:2     /W-F0-1  /D:3     /W-T6-1  /T4-T6-1 
/D:5     /W-T1-1  /D:1     /W-F0-1  /D:3     /W-F1-1  /T6-F1-1 /T5-F1-1 /T5-T3-1 /T2-T3-2 
/T3-T2-4 /W-T3-1  /T5-T3-1 /T5-T3-1 /T5-T1-1 /T1-T5-3 /T6-F2-1 /R       /D:4     /W-T4-1  
/T6-T4-1 /T6-T0-1 /T3-T0-4 /T6-T2-1 /T6-F0-1 /D:1     /W-T1-1  /D:2     /W-F2-1  /T3-F2-1 
/T3-F3-1 /W-T3-1  /D:1     /W-T2-1  /T4-T2-3 /T4-F0-1 /T4-T3-1 /W-T3-1  /T4-T5-1 /D:1     
/W-T5-1  /W-T5-1  /T1-T5-2 /D:1     /W-F0-1  /D:1     /W-T6-1  /W-T6-1  /D:1     /W-F1-1  
/T5-F1-1 /T5-F2-1 /T6-F1-1 /T6-F2-1 /T0-T5-2 /T0-F1-1 /T6-F1-1 /T5-T0-3 /T5-F2-1 /T0-T5-4 
/T0-F1-1 /T2-T3-6 /T2-F1-1 /D:1     /W-F3-1  /T3-F3-1 /T3-F0-1 /T5-F3-1 /T3-F3-1 /T5-F0-1 
/T3-F0-1 /T5-F3-1 /T3-F3-1 /T5-F0-1 /T3-F0-1 /T5-F3-1 /T5-F0-1 /T2-F0-1 /T3-F3-1 /T5-F1-1 
/T0-T5-2 /T0-F0-1 /T3-T2-1 /T3-F1-1 /D:1     /W-F2-1  /T5-F2-1 /T2-F2-1 /T5-F3-1 /T2-F3-1 
/T5-F2-1 
"
1010699,H#Ey#jhc#lqPr#vVWBQ#SUGMpT#xgIDtCb#YzOZuALXnekFwoafRNmsKiJd,107.000000,906.000000,31.000000,0.736111,1,"
minimal: 0 / states: 123 / duration: 0.000130s
history:
/T5-T0-1 /T6-T5-1 /T6-T4-1 /T4-T3-2 /T4-T2-1 /D:3     /W-T3-1  /D:3     /W-F0-1  /T2-F0-1 
/D:2     /W-T1-1  /D:1     /W-F2-1  /D:3     /W-T0-1  /D:1     /W-T1-1  /D:1     /W-F2-1  
/D:1     /W-F1-1  /T5-F1-1 /T2-F1-1 /T5-F2-1 /T6-T2-1 /D:1     /W-T2-1  /T3-T2-4 /T3-T6-1 
/T3-F2-1 /T3-T5-1 /T5-T3-2 /D:1     /W-T0-1  /T6-T0-2 /T6-T4-1 /T2-T4-7 /D:1     /W-F3-1  
/T4-F3-1 /T0-F3-1 /T4-F0-1 /T0-F0-1 /T4-F3-1 /T0-F3-1 /T4-F2-1 /D:2     /W-F2-1  /T4-T5-1 
/T4-F2-1 /T5-T4-2 /D:1     /W-T3-1  /T4-T3-5 /T4-T1-1 /T5-T4-1 /T5-F3-1 /W-T5-1  /T1-T5-4 
/T1-F0-1 /T0-F0-1 /T0-F3-1 /T6-T0-1 /T4-F3-1 /T5-F3-1 /T3-T2-4 /T3-F3-1 /T2-T3-5 /D:1     
/W-T5-1  /T0-T5-2 /D:2     /W-F1-1  /R       /D:2     /W-T0-1  /W-T0-1  /T6-T0-1 /D:1     
/W-T1-1  /D:1     /W-F2-1  /T4-F2-1 /D:1     /W-T1-1  /D:1     /W-F1-1  /T3-F1-1 /T3-F0-1 
/T5-F1-1 /T3-F1-1 /T5-F0-1 /T3-F0-1 /T5-F1-1 /T3-F1-1 /T5-F2-1 /T0-F2-1 /T5-F3-1 /T0-F3-1 
/T5-F2-1 /T0-F2-1 /T1-T5-1 /T1-F3-1 /D:1     /W-F1-1  /D:1     /W-F0-1  /T3-F0-1 /T3-F1-1 
/T5-F0-1 /T3-F0-1 /T5-F1-1 
"
1010721,w#xI#TtS#DplY#UmWNq#JneaEi#HMCyAcL#XVfOkoFQvzgRhZKbPsrBuGjd,134.500000,2664.000000,53.000000,0.568966,1,"
minimal: 0 / states: 131 / duration: 0.000128s
history:
/T5-T0-1 /T5-T2-1 /T5-F1-1 /T4-T5-1 /T4-F3-1 /T1-T4-1 /T4-T1-2 /T6-T4-1 /T6-T5-1 /T6-F0-1 
/T1-T3-3 /T4-T1-2 /T4-T3-1 /D:1     /W-T1-1  /T0-T1-2 /D:3     /W-F3-1  /D:1     /W-T6-1  
/D:1     /W-T5-1  /D:2     /W-T2-1  /D:2     /W-T0-1  /T3-T0-5 /D:4     /W-T4-1  /T6-T4-2 
/T6-T2-1 /T3-T6-1 /D:1     /W-T6-1  /D:1     /W-F1-1  /D:1     /W-F3-1  /D:3     /W-F0-1  
/T2-F0-1 /T3-T2-1 /T3-F0-1 /T6-T3-3 /T6-T1-1 /D:2     /W-T0-1  /T2-T0-4 /D:1     /W-T3-1  
/D:1     /R       /D:2     /W-T2-1  /D:2     /W-T3-1  /D:1     /W-T1-1  /W-T1-1  /T5-T1-4 
/T5-F2-1 /T1-F2-1 /T0-F2-1 /T0-F3-1 /T1-F1-1 /T1-F2-1 /T0-F0-1 /W-T5-1  /T5-T4-2 /D:1     
/W-F3-1  /T0-F3-1 /D:1     /W-T3-1  /T2-T3-2 /T2-F3-1 /D:2     /W-F2-1  /W-F2-1  /T3-T0-1 
/T3-F2-1 /T0-T3-2 /T0-F3-1 /T4-F3-1 /D:1     /W-F2-1  /T3-T0-3 /T3-F2-1 /T0-T3-4 /T0-F3-1 
/T1-T4-5 /T1-F2-1 /T0-F2-1 /T1-F3-1 /T0-F3-1 /T4-T1-7 /T4-F2-1 /T0-F2-1 /T4-F3-1 /D:1     
/W-F1-1  /T1-F1-1 /T1-F0-1 /T3-F1-1 /T1-F1-1 /T3-F0-1 /T1-F0-1 /T3-F1-1 /T1-F1-1 /T3-F0-1 
/T1-F0-1 /T3-F1-1 /T1-F1-1 /T3-F0-1 /T1-F0-1 /T3-F1-1 /T1-F1-1 /T3-F0-1 
"
1010723,A#Ci#Rvg#LjXF#qyzQc#HmhDau#pTZofSe#EYMkKtOrUPlNBInGWbsxdVwJ,154.000000,2341.000000,50.000000,0.563725,1,"
minimal: 0 / states: 125 / duration: 0.000130s
history:
/T0-F0-1  /T6-T3-1  /T5-T1-1  /T5-F1-1  /T4-T5-1  /T3-T2-2  /T5-T2-2  /T2-T1-5  /T5-T2-1  /T5-T0-1  
/D:1      /W-T6-1   /T4-T6-1  /D:1      /W-T4-1   /D:3      /W-T4-1   /D:1      /W-T2-1   /T6-T2-3  
/D:2      /W-T6-1   /D:4      /W-F3-1   /D:1      /W-F0-1   /D:2      /W-F2-1   /D:2      /W-T4-1   
/T2-T4-6  /D:1      /W-F1-1   /T1-F1-1  /D:3      /W-F1-1   /T1-T2-1  /T1-F1-1  /T2-T1-2  /T4-T2-10 
/T3-T4-1  /T4-T0-2  /D:2      /W-T0-1   /T1-T0-6  /T1-F0-1  /T0-F0-1  /T2-T6-1  /T2-F0-1  /T6-T2-2  
/T6-F1-1  /T6-F2-1  /T6-T1-1  /T6-T5-1  /T6-F2-1  /T4-F2-1  /T0-T5-2  /T0-F1-1  /D:1      /R        
/D:1      /W-T4-1   /D:2      /W-F3-1   /D:2      /W-F3-1   /T2-F3-1  /T2-F2-1  /T5-F3-1  /T2-F3-1  
/T5-F0-1  /T5-F3-1  /W-F3-1   /D:1      /W-T4-1   /D:1      /W-T3-1   /D:1      /W-F0-1   /T5-F0-1  
/T3-F0-1  /D:1      /W-F2-1   /T2-F2-1  /T0-F2-1  /T2-F1-1  /T0-F1-1  /T2-F2-1  /T3-F1-1  /T0-F2-1  
/W-F1-1   /T4-F1-1  /T0-T1-2  /T0-F1-1  /D:1      /W-F2-1   /T1-T3-1  /T1-F2-1  /T2-T4-3  /T2-F2-1  
/T3-T1-2  /D:1      /W-F3-1   /T4-F3-1  /T1-F3-1  /D:1      /W-F0-1   /T4-F0-1  /T1-F0-1  /T4-F3-1  
/T1-F3-1  /T4-F0-1  
"
1010736,O#hs#Pzf#FYWC#UKavr#dcBVMR#tIHjgbX#ywZnLoSuemqQlNJTiDGkpExA,140.500000,2253.000000,49.000000,0.637755,1,"
minimal: 0 / states: 117 / duration: 0.000127s
history:
/T5-T1-1 /T4-T2-1 /T0-T3-1 /T5-T0-1 /D:2     /W-T6-1  /T5-T6-1 /D:2     /W-F2-1  /D:2     
/W-F2-1  /D:2     /W-T6-1  /D:3     /W-T1-1  /D:1     /W-T2-1  /T3-T2-2 /T4-T3-1 /T4-F1-1 
/T3-T4-2 /T3-T0-1 /T4-T0-3 /T4-T0-1 /W-T4-1  /W-T3-1  /D:2     /W-F3-1  /T2-F3-1 /D:2     
/W-T6-1  /T1-T6-3 /D:2     /W-T3-1  /D:1     /W-T0-1  /T2-T0-4 /D:2     /W-F2-1  /T6-F2-1 
/D:3     /W-F0-1  /T5-F0-1 /T5-T3-1 /T0-F0-1 /R       /D:1     /W-T4-1  /T6-T4-7 /T6-F1-1 
/T3-F1-1 /T5-F1-1 /T2-T5-1 /T2-F3-1 /T0-F3-1 /T0-F2-1 /T3-F0-1 /T3-F1-1 /T4-F3-1 /T4-F2-1 
/T0-F1-1 /T6-F1-1 /T1-F1-1 /T3-T4-1 /D:1     /W-T1-1  /D:1     /W-T1-1  /D:1     /W-F3-1  
/D:1     /W-T5-1  /D:2     /W-F1-1  /T6-F1-1 /D:1     /W-F1-1  /T5-F1-1 /D:1     /W-F0-1  
/T4-F0-1 /T0-F0-1 /T4-F3-1 /T6-F0-1 /T6-F0-1 /T6-F2-1 /T0-F3-1 /T4-F2-1 /T0-F2-1 /T4-F3-1 
/T0-F3-1 /T4-F2-1 /W-F0-1  /T0-F0-1 /T4-F3-1 /T1-F0-1 /T0-F3-1 /T0-F0-1 /T1-F3-1 /D:1     
/W-F2-1  /T4-F2-1 /T4-F1-1 /T5-F2-1 
"
1010814,O#Qt#Mhu#lcyn#wgsLV#DjGZvm#eUTYSoa#CJWpibARXrdKzPHFxkNqBfEI,128.000000,2929.000000,43.000000,0.608434,1,"
minimal: 0 / states: 125 / duration: 0.000129s
history:
/T3-F2-1 /T6-F1-1 /T6-F2-1 /T6-T1-1 /T2-T4-1 /T3-T5-1 /T1-T2-2 /D:1     /W-T1-1  /T0-T1-1 
/T5-T0-2 /T2-T5-3 /T6-T2-1 /T6-T4-1 /D:3     /W-F2-1  /D:2     /W-F1-1  /T3-F1-1 /D:1     
/W-F0-1  /D:2     /W-T0-1  /D:1     /W-T5-1  /T1-T5-3 /D:1     /W-F1-1  /D:1     /W-T2-1  
/D:1     /W-T1-1  /T3-T1-1 /D:3     /W-T4-1  /D:1     /W-T1-1  /D:2     /W-F3-1  /T5-F3-1 
/D:1     /W-F2-1  /D:1     /W-F0-1  /T5-F0-1 /D:3     /R       /D:1     /W-T0-1  /T4-T0-4 
/D:1     /W-T1-1  /T5-T1-6 /T4-T5-1 /T5-T3-2 /T5-T6-1 /T5-T2-1 /T5-F0-1 /D:2     /W-T0-1  
/D:1     /W-F3-1  /T1-F3-1 /T0-F3-1 /T1-F2-1 /T4-F2-1 /T1-F3-1 /T1-F2-1 /T0-T4-1 /T0-F3-1 
/T4-T0-2 /T6-T1-1 /T6-F3-1 /T6-F1-1 /W-T4-1  /T0-T4-3 /T0-F3-1 /T1-T2-3 /T1-F3-1 /D:2     
/W-T3-1  /T0-T3-1 /T0-F3-1 /D:1     /W-F1-1  /D:1     /W-F0-1  /T4-F0-1 /T2-F0-1 /T4-F1-1 
/T2-F1-1 /T4-F2-1 /T2-F2-1 /W-F0-1  /T4-F1-1 /T4-F2-1 /T1-F2-1 /T0-F2-1 /T2-F1-1 /T2-T1-1 
/T2-F3-1 /T1-T2-2 /T1-F2-1 /T3-T0-3 /T3-F3-1 /D:1     /W-F0-1  /T0-F0-1 /T0-F1-1 /T2-F0-1 
/T0-F0-1 /T2-F1-1 /T0-F1-1 /T2-F0-1 
"
1010819,V#Oi#eoU#cTBK#rslNL#gqyjnC#pMfZuaI#DStzbGvXQFAmhkWEHxYJRwPd,131.000000,2229.000000,54.000000,0.568966,1,"
minimal: 0 / states: 123 / duration: 0.000125s
history:
/T2-T6-1 /D:3     /W-T6-1  /W-T6-1  /D:2     /W-T5-1  /D:3     /W-T4-1  /D:3     /W-F0-1  
/D:4     /W-T3-1  /T6-T3-4 /T6-F1-1 /T5-F1-1 /T6-T0-1 /T4-T6-2 /T4-F3-1 /T3-T4-6 /T3-F0-1 
/T5-F0-1 /T5-F2-1 /T2-F2-1 /T3-T0-1 /T3-F1-1 /T6-T3-3 /D:1     /W-T4-1  /D:1     /W-T1-1  
/D:3     /W-T3-1  /T1-T3-2 /T1-F3-1 /D:3     /W-F3-1  /D:1     /W-F1-1  /T2-F1-1 /T6-F1-1 
/T4-T6-8 /T4-T0-1 /T6-T1-9 /T6-F2-1 /R       /D:1     /W-F0-1  /T1-F0-1 /T4-T1-1 /D:1     
/W-T2-1  /D:2     /W-T5-1  /D:1     /W-F3-1  /D:1     /W-F0-1  /W-F0-1  /T3-F0-1 /T1-T5-4 
/T1-F0-1 /D:1     /W-T4-1  /D:4     /W-T2-1  /W-T2-1  /T5-T2-6 /T5-T4-1 /T5-F2-1 /T2-F2-1 
/T0-F2-1 /T5-F1-1 /W-T4-1  /W-F1-1  /T3-F1-1 /T3-F0-1 /T2-T1-4 /T2-F1-1 /T4-F1-1 /T1-T2-5 
/T1-F0-1 /T1-F1-1 /T3-T4-1 /T3-F0-1 /T1-F0-1 /T4-T3-2 /T4-F1-1 /D:1     /W-F3-1  /T2-F3-1 
/T0-F3-1 /T2-F2-1 /T0-F2-1 /T2-F3-1 /T0-F3-1 /T2-F2-1 /T2-F3-1 /T3-F3-1 /D:1     /W-F2-1  
/T2-F2-1 /T2-F3-1 /T3-F2-1 /T2-F2-1 /T3-F3-1 
"
1010851,L#kq#YVB#KnxS#CEPMc#ifbUXQ#DhlGuAr#NapsFRvJIjZWHtTOzgeoymdw,115.500000,1953.000000,37.000000,0.708955,1,"
minimal: 0 / states: 111 / duration: 0.000120s
history:
/T6-T3-1  /T6-F0-1  /T2-F0-1  /T5-T3-1  /T4-T1-1  /T5-T0-1  /T6-T2-1  /T3-T6-3  /T6-T5-4  /T3-T6-1  
/T3-F2-1  /T6-T4-2  /D:1      /W-F3-1   /D:1      /W-F1-1   /D:1      /W-T5-1   /D:5      /W-T0-1   
/T2-T0-2  /T3-T2-1  /T4-T3-3  /D:2      /W-T2-1   /W-T2-1   /T5-T2-6  /T5-F1-1  /T1-F1-1  /T4-T1-1  
/T4-T5-1  /T4-F0-1  /D:1      /W-T4-1   /T0-T4-5  /D:1      /W-T3-1   /W-T3-1   /T6-T3-1  /T6-F0-1  
/T5-F0-1  /D:2      /W-T3-1   /T5-T3-1  /W-T5-1   /D:1      /W-T4-1   /D:1      /W-F3-1   /T1-F3-1  
/D:1      /W-T0-1   /T2-T0-10 /D:1      /W-T5-1   /D:2      /W-F2-1   /T0-F2-1  /T0-F3-1  /T1-F2-1  
/T0-F2-1  /D:2      /W-T2-1   /W-T2-1   /T1-T2-1  /D:1      /W-F1-1   /W-F1-1   /T3-F1-1  /W-F3-1   
/T0-F3-1  /W-F0-1   /T0-F0-1  /W-F2-1   /T3-F2-1  /T4-F3-1  /T0-F3-1  /T5-F1-1  /T3-F1-1  /T4-F2-1  
/T3-F2-1  /T5-F0-1  /T0-F0-1  /T4-F3-1  /T3-F3-1  /T5-F1-1  /T0-F1-1  /T4-F0-1  /T0-F0-1  /T2-F1-1  
/T4-F3-1  /T4-F0-1  /T0-F3-1  /T4-F3-1  /T3-T0-2  /T3-F0-1  /D:1      /W-F2-1   /T0-F2-1  /T0-F1-1  
/T2-F2-1  /T0-F2-1  /T2-F1-1  
"
1010852,e#Hn#ANg#zBla#pQMLK#rTJEOR#jfFYsvX#DcUtGmuihdWVkoCxwIZbPyqS,115.500000,1122.000000,39.000000,0.666667,1,"
minimal: 0 / states: 112 / duration: 0.000113s
history:
/T1-F2-1 /T3-F1-1 /T4-T3-1 /T6-T4-1 /T2-T1-1 /T2-F3-1 /T2-F0-1 /D:1     /W-T0-1  /D:1     
/W-T0-1  /D:1     /W-T6-1  /D:1     /W-T6-1  /D:2     /W-T2-1  /T4-T2-2 /T3-T4-2 /T3-F0-1 
/D:5     /W-T4-1  /T6-T4-3 /T5-T6-1 /T5-F3-1 /T6-T1-2 /T6-T3-1 /T0-T6-3 /T4-T0-7 /T4-T5-1 
/T4-T5-1 /D:3     /W-F2-1  /T5-F2-1 /D:1     /W-F0-1  /D:1     /W-T3-1  /D:1     /W-T2-1  
/D:2     /W-T4-1  /D:1     /W-F1-1  /T6-F1-1 /T6-F0-1 /D:1     /W-F3-1  /T5-F3-1 /T5-F0-1 
/T1-F3-1 /T6-T1-1 /T6-F0-1 /T6-T0-1 /W-T6-1  /T6-T3-2 /D:1     /W-T4-1  /W-T4-1  /T5-T4-1 
/W-T2-1  /W-F1-1  /T1-F1-1 /T0-F1-1 /T1-T5-1 /T1-F1-1 /T5-T1-2 /W-F1-1  /W-F1-1  /W-T2-1  
/W-F0-1  /T1-T2-2 /T1-F0-1 /T3-F0-1 /T3-F1-1 /T4-F0-1 /T4-F1-1 /T0-T3-4 /T0-F0-1 /T0-F1-1 
/T2-T4-6 /T2-F0-1 /T0-F0-1 /T2-F1-1 /D:1     /W-F2-1  /T5-F2-1 /T4-F2-1 /T3-F2-1 /D:1     
/W-F3-1  /T4-F3-1 /T3-F3-1 /T4-F2-1 /T3-F2-1 /T4-F3-1 /T3-F3-1 /T4-F2-1 /T3-F2-1 /T4-F3-1 
/T3-F3-1 /T4-F2-1 /T3-F2-1 /T4-F3-1 
"
1010858,A#Oy#LoF#qxME#RDwjn#WephCc#UPauYBz#GtZNgVmXbsrKlQvSfTkIiJdH,112.000000,2309.000000,52.000000,0.585366,1,"
minimal: 0 / states: 128 / duration: 0.000135s
history:
/T0-F0-1  /T4-F2-1  /T6-T0-1  /T6-F0-1  /T6-T0-1  /D:4      /W-F3-1   /D:1      /W-T6-1   /T2-T6-1  
/T2-F2-1  /D:3      /W-T1-1   /D:4      /W-T0-1   /T4-T0-1  /T4-T1-1  /T5-T4-1  /T5-F0-1  /D:2      
/W-T3-1   /D:1      /W-T0-1   /T5-T0-1  /T5-F2-1  /T4-T5-2  /T5-T6-3  /D:4      /W-T2-1   /D:1      
/W-T5-1   /D:1      /W-T1-1   /T6-T1-6  /T6-F1-1  /D:1      /W-T2-1   /D:2      /R        /D:1      
/W-T0-1   /D:3      /W-T2-1   /D:2      /W-F1-1   /T1-F1-1  /T6-T1-1  /T6-T5-1  /W-T6-1   /T1-T6-10 
/T1-F3-1  /T6-F3-1  /T3-F3-1  /T6-F0-1  /T3-F0-1  /T3-T1-1  /T4-F3-1  /W-T4-1   /W-T5-1   /T2-T4-4  
/T5-T3-4  /D:3      /W-T1-1   /T3-T1-5  /T3-F2-1  /W-F2-1   /W-F2-1   /T1-F2-1  /D:1      /W-F3-1   
/D:1      /W-T0-1   /D:1      /W-F3-1   /T1-F3-1  /T4-F3-1  /D:1      /W-F1-1   /T6-F1-1  /T0-F1-1  
/T6-F0-1  /T0-F0-1  /T6-F1-1  /T0-F1-1  /T6-F2-1  /T0-F2-1  /T6-F1-1  /T6-F2-1  /T0-F1-1  /T1-T0-2  
/T1-F2-1  /T4-T6-1  /T4-F1-1  /T1-F1-1  /T6-T4-2  /T6-F2-1  /T6-F1-1  /T0-T1-4  /T0-F2-1  /D:1      
/W-F0-1   /T1-F0-1  /T1-F3-1  /T4-F0-1  /T1-F0-1  /T4-F3-1  /T1-F3-1  /T4-F0-1  /T1-F0-1  /T4-F3-1  
"
1010859,H#bt#xVU#TXnK#DWNyA#cLvlap#esqCgwM#PjZQSoOfYFdrRizkGhIEmuJB,124.000000,2190.000000,51.000000,0.584416,1,"
minimal: 0 / states: 128 / duration: 0.000134s
history:
/T4-F0-1  /T1-T2-1  /T1-T5-1  /T6-T1-1  /D:2      /W-T3-1   /D:3      /W-T2-1   /D:4      /W-T1-1   
/T3-T1-2  /T3-F2-1  /T6-T3-1  /T6-T0-1  /T3-T4-2  /D:1      /W-T0-1   /D:2      /W-T2-1   /W-T2-1   
/T5-T2-2  /T5-F1-1  /T2-F1-1  /D:1      /W-T0-1   /D:1      /W-T4-1   /T0-T4-4  /D:1      /W-T0-1   
/T5-T0-1  /T2-T5-6  /T5-T1-7  /D:1      /W-T5-1   /D:6      /W-T2-1   /T3-T2-1  /W-T3-1   /T4-T3-8  
/T4-F3-1  /D:1      /W-T5-1   /T2-T5-3  /T4-T2-1  /T2-T0-2  /T4-T3-1  /D:1      /W-F0-1   /T6-F0-1  
/T3-F0-1  /T6-T3-1  /T6-T5-1  /W-F0-1   /T3-T5-2  /T3-F0-1  /W-T0-1   /W-T0-1   /W-F0-1   /R        
/D:1      /W-T5-1   /D:1      /W-T2-1   /T5-T2-10 /T5-F1-1  /D:2      /W-F2-1   /T1-F2-1  /T1-F1-1  
/T6-F1-1  /W-T1-1   /D:1      /W-F3-1   /T2-F3-1  /T1-F3-1  /T2-F2-1  /T1-F2-1  /T2-F3-1  /T1-F3-1  
/T2-F2-1  /T2-F3-1  /T1-F2-1  /T1-F3-1  /T2-F2-1  /T1-F2-1  /T2-F3-1  /T0-T1-2  /T0-F3-1  /T3-T2-3  
/T3-F2-1  /T0-F2-1  /T3-F3-1  /T3-F2-1  /T1-T0-4  /T1-F3-1  /T0-T1-5  /T0-F2-1  /T2-T3-6  /T2-F3-1  
/D:1      /W-F1-1   /T3-F1-1  /T1-F1-1  /T3-F0-1  /T1-F0-1  /T3-F1-1  /T1-F1-1  /T3-F0-1  /T1-F0-1  
/T3-F1-1  /T1-F1-1  /T3-F0-1  /T1-F0-1  /T3-F1-1  
"
1010893,r#pL#YBZ#EDUs#iRCkd#XwOGIq#uFvJcyf#TMhgtNQjVPAbKoxSmleWznHa,157.000000,2099.000000,52.000000,0.663462,1,"
minimal: 0 / states: 121 / duration: 0.000133s
history:
/T4-T0-1 /T4-T1-1 /T4-T0-1 /T5-T4-1 /T1-T2-2 /T4-T3-2 /T0-T6-3 /T2-T0-3 /D:3     /W-T5-1  
/D:2     /W-T5-1  /T6-T5-4 /D:1     /W-F3-1  /D:4     /W-T3-1  /T2-T3-1 /D:1     /W-F0-1  
/T3-F0-1 /T5-F0-1 /T1-T5-1 /D:1     /W-T5-1  /D:1     /W-T2-1  /D:1     /W-T3-1  /D:3     
/W-T1-1  /T6-T1-1 /D:3     /W-T2-1  /T5-T2-8 /D:2     /W-F2-1  /T3-F2-1 /D:1     /W-T4-1  
/D:1     /W-F1-1  /T2-F1-1 /T6-F1-1 /T6-T0-1 /T2-F2-1 /T2-F1-1 /T4-T0-2 /W-T4-1  /W-F1-1  
/W-T4-1  /W-T5-1  /T2-T5-1 /T2-F1-1 /W-T4-1  /R       /D:1     /W-T0-1  /T3-T0-4 /T5-T3-3 
/T5-F3-1 /T0-F3-1 /T0-F2-1 /T3-T6-4 /T3-F0-1 /T3-F0-1 /T6-F2-1 /D:1     /W-T3-1  /T2-T3-6 
/D:1     /W-F1-1  /D:1     /W-F3-1  /T0-F3-1 /T0-F2-1 /T6-F3-1 /T3-F2-1 /T0-F3-1 /T3-F1-1 
/D:1     /W-T4-1  /T6-T4-3 /T6-F0-1 /T4-F0-1 /T0-F0-1 /T4-F3-1 /T3-F0-1 /T6-F2-1 /T0-F1-1 
/T4-F2-1 /T4-F1-1 /T5-F2-1 /T0-F0-1 /T0-F1-1 /T4-F2-1 /T1-F2-1 /T4-F1-1 /T1-F1-1 /T4-F2-1 
/T5-T0-1 /D:1     /W-F3-1  /T3-F3-1 /T0-F3-1 /T3-F0-1 /T0-F0-1 /T3-F3-1 /T0-F3-1 /T3-F0-1 
"
1010910,B#Tt#Pfq#kjuH#RQdKL#InywJA#rWcZYaF#VsUeMhNoxbvOlSECGgzDpiXm,131.500000,2158.000000,51.000000,0.575949,1,"
minimal: 0 / states: 129 / duration: 0.000131s
history:
/T5-F0-1  /T0-F0-1  /D:1      /W-T5-1   /T3-T5-1  /D:3      /W-T6-1   /T2-T6-1  /T2-T1-1  /T2-T6-1  
/D:1      /W-T0-1   /D:2      /W-F3-1   /D:1      /W-T6-1   /D:4      /W-F3-1   /D:1      /W-T0-1   
/D:2      /W-T1-1   /D:1      /W-F0-1   /D:2      /W-T3-1   /T6-T3-5  /T6-F1-1  /D:1      /W-T2-1   
/T6-T2-1  /T4-T6-1  /T4-T0-1  /T4-T1-1  /D:1      /W-F0-1   /D:1      /W-T1-1   /D:2      /W-T6-1   
/T5-T6-3  /W-T5-1   /T3-T5-7  /T3-T0-1  /T5-T3-9  /T3-T5-10 /T6-T3-6  /T5-T6-1  /T5-F3-1  /T4-F3-1  
/T6-T5-2  /T4-F3-1  /D:1      /W-T4-1   /T5-T4-11 /T5-F2-1  /T4-F2-1  /T1-F2-1  /T5-T0-1  /R        
/D:2      /W-T0-1   /T1-T0-4  /W-T1-1   /T1-T3-2  /D:2      /W-T2-1   /T6-T2-1  /T0-T6-1  /T0-F0-1  
/T4-T3-3  /T4-F0-1  /T6-T0-2  /D:1      /W-F1-1   /T3-F1-1  /T0-F1-1  /T3-F2-1  /T0-F2-1  /T3-F1-1  
/T0-F1-1  /T3-F2-1  /T4-F1-1  /T0-F2-1  /T4-F2-1  /W-F1-1   /T4-F1-1  /T0-T2-2  /T0-F1-1  /D:1      
/W-F2-1   /T4-F2-1  /T4-F1-1  /T2-T0-3  /T2-F2-1  /T4-F2-1  /T0-T2-4  /T0-F1-1  /T4-F1-1  /T2-T0-5  
/T2-F2-1  /D:1      /W-F3-1   /T3-F3-1  /T0-F3-1  /D:1      /W-F0-1   /T3-F0-1  /T0-F0-1  /T3-F3-1  
/T0-F3-1  /T3-F0-1  /T0-F0-1  /T3-F3-1  /T0-F3-1  /T3-F0-1  /T0-F0-1  /T3-F3-1  
"
1010920,x#WO#ZKe#PAoF#dDHwU#thMfJT#yBrQviI#LRgYpnaVzXENskbmcSjuClGq,127.500000,2333.000000,56.000000,0.549451,1,"
minimal: 0 / states: 123 / duration: 0.000130s
history:
/T4-T6-1 /T3-T5-1 /T2-T5-1 /D:6     /W-F2-1  /T3-F2-1 /T3-F0-1 /W-F2-1  /D:1     /W-F1-1  
/D:1     /W-T4-1  /D:4     /W-F3-1  /T1-F3-1 /T6-T1-2 /T3-F3-1 /T1-T0-3 /D:3     /W-F1-1  
/D:1     /W-T1-1  /D:1     /W-F1-1  /D:2     /W-T2-1  /D:1     /W-T4-1  /T5-T4-3 /T6-T5-1 
/T6-T2-1 /T6-F3-1 /D:3     /W-T0-1  /D:1     /W-F2-1  /T6-F2-1 /T6-F0-1 /T6-T1-1 /R       
/D:2     /W-F3-1  /D:3     /W-T3-1  /W-T3-1  /T2-T3-3 /D:1     /W-T1-1  /T5-T1-2 /T5-T0-1 
/T5-T6-1 /T5-T3-1 /T5-T3-1 /D:1     /W-T0-1  /D:1     /W-F2-1  /T3-F2-1 /D:2     /W-F3-1  
/D:1     /W-F0-1  /D:1     /W-T6-1  /T0-T6-7 /R       /D:1     /W-T2-1  /D:2     /W-T2-1  
/T4-T2-6 /T4-T1-1 /T4-F0-1 /T4-F1-1 /T2-F1-1 /T6-F0-1 /T2-F0-1 /T2-F3-1 /T6-F1-1 /T6-F0-1 
/T6-F3-1 /W-F1-1  /T1-F0-1 /T2-F2-1 /T2-F3-1 /T3-F1-1 /T1-F1-1 /T3-F2-1 /T2-F2-1 /T6-F0-1 
/T1-F0-1 /T3-F1-1 /T2-F1-1 /T6-F3-1 /T1-F3-1 /T3-F0-1 /T2-F0-1 /T6-F2-1 /T1-F2-1 /T3-F3-1 
/T2-F3-1 /T6-F1-1 /T1-F1-1 /T3-F2-1 /T6-F0-1 
"
1010932,Y#qm#ijE#GuhQ#wsIXr#tZclVD#HLKxBCd#pkzFogWATnySeMaPNOvJfRbU,111.500000,1848.000000,40.000000,0.632911,1,"
minimal: 0 / states: 122 / duration: 0.000122s
history:
/T6-T2-1 /T6-T2-1 /T3-T4-1 /D:1     /W-T4-1  /D:7     /W-F0-1  /T6-F0-1 /T6-T0-1 /T2-F0-1 
/T5-F0-1 /W-T0-1  /D:2     /W-F2-1  /D:1     /W-T1-1  /D:4     /W-F1-1  /D:2     /W-F3-1  
/D:1     /W-F3-1  /W-F3-1  /T4-T2-1 /T4-F3-1 /T2-T4-2 /T2-F0-1 /T2-T6-1 /D:1     /W-T0-1  
/T3-T0-1 /T3-T2-1 /T3-T0-1 /T1-T3-2 /D:2     /W-T0-1  /T4-T0-3 /T4-T3-1 /T4-T6-1 /W-T3-1  
/T5-T3-1 /T6-T5-3 /D:1     /W-F3-1  /D:1     /W-F1-1  /D:1     /W-T5-1  /R       /D:1     
/W-T6-1  /D:2     /W-F0-1  /D:1     /W-F2-1  /T0-F2-1 /T1-F2-1 /W-T1-1  /T5-T1-5 /T5-F1-1 
/T0-F1-1 /T0-F2-1 /T4-F2-1 /T6-T5-2 /T2-T4-2 /T5-T2-3 /T5-F2-1 /T4-F2-1 /T4-T2-2 /T6-T2-1 
/D:1     /W-T2-1  /D:2     /W-F3-1  /W-F3-1  /T1-F3-1 /T3-F3-1 /T0-T1-3 /T0-F2-1 /T0-F3-1 
/T2-T3-3 /T2-F2-1 /T0-F2-1 /T3-T2-4 /T3-F3-1 /T0-F3-1 /T3-F2-1 /T2-T3-6 /T2-F3-1 /D:1     
/W-F1-1  /T1-F1-1 /T1-F0-1 /T3-F1-1 /T1-F1-1 /T3-F0-1 /T1-F0-1 /T3-F1-1 /T1-F1-1 /T3-F0-1 
/T1-F0-1 /T3-F1-1 /T1-F1-1 /T1-F2-1 /T3-F0-1 /T3-F1-1 /D:1     /W-F0-1  
"
1010939,K#xU#XOv#DIFQ#lamgW#tEoTHG#zSjfRwN#BsJYyAqhpiLrdbPZCVecMnku,142.000000,1640.000000,61.000000,0.555556,1,"
minimal: 0 / states: 129 / duration: 0.000132s
history:
/T6-F3-1  /T5-T1-1  /T4-T0-1  /T4-T5-1  /T2-T0-1  /T2-F3-1  /T6-T2-1  /T1-T0-2  /D:2      /W-T5-1   
/T6-T5-1  /T6-T0-1  /T6-T1-1  /D:3      /W-T4-1   /T2-T4-2  /T4-T2-4  /T4-F1-1  /T0-T4-6  /D:1      
/W-F0-1   /D:1      /W-T5-1   /D:2      /W-T3-1   /D:1      /W-T2-1   /T5-T2-5  /D:2      /W-T4-1   
/T3-T4-2  /T3-T5-1  /T3-T1-1  /D:2      /W-F1-1   /D:1      /W-F3-1   /D:1      /W-T0-1   /D:3      
/W-T5-1   /T3-T5-1  /D:1      /W-F1-1   /D:1      /W-T3-1   /T4-T3-10 /D:1      /W-F2-1   /D:2      
/R        /D:1      /W-F0-1   /D:3      /W-T1-1   /D:1      /W-T0-1   /D:1      /W-F1-1   /D:1      
/W-F0-1   /T5-F0-1  /T5-F1-1  /T3-T6-3  /T3-F1-1  /T6-T3-4  /W-T6-1   /T1-T6-4  /D:2      /W-T0-1   
/D:1      /R        /D:1      /W-T0-1   /D:1      /W-T0-1   /D:1      /W-T0-1   /T5-T0-2  /T5-F2-1  
/T3-F2-1  /T2-F2-1  /T3-F3-1  /T2-F3-1  /T3-F2-1  /T2-F2-1  /T5-F0-1  /T0-F0-1  /T2-F1-1  /T3-F3-1  
/T0-F3-1  /T3-F0-1  /T2-F0-1  /T5-F2-1  /T0-F2-1  /T3-F3-1  /T0-F3-1  /T6-F1-1  /T2-F1-1  /T3-F2-1  
/T2-F2-1  /T6-F0-1  /T0-F0-1  /T3-F3-1  /T2-F3-1  /T6-F1-1  /T0-F1-1  /T3-F0-1  /T0-F0-1  /T6-F2-1  
/T2-F2-1  /T3-F1-1  /T2-F1-1  /T6-F3-1  /T0-F3-1  /T3-F0-1  /T6-F2-1  
"
1010976,j#Sa#ZAT#kolJ#QKCcH#xuiyth#qURImNB#bLOgXnrfPpMdvEewDzVWGFsY,100.500000,771.000000,37.000000,0.760870,1,"
minimal: 0 / states: 110 / duration: 0.000118s
history:
/T1-F1-1 /T2-T4-1 /T2-F0-1 /T6-F0-1 /T6-F3-1 /D:1     /W-F1-1  /D:1     /W-T2-1  /D:1     
/W-F3-1  /D:2     /W-T2-1  /T3-T2-1 /D:1     /W-F2-1  /D:1     /W-T1-1  /D:2     /W-F3-1  
/D:3     /W-T1-1  /D:1     /W-T0-1  /T5-T0-1 /T5-T0-1 /T5-T6-1 /T4-T5-2 /T4-F1-1 /T4-F0-1 
/T5-T2-3 /T4-T3-1 /T0-T3-4 /T6-T0-2 /T1-F1-1 /T4-F3-1 /W-T4-1  /T3-T4-6 /T3-F2-1 /W-F2-1  
/W-T4-1  /W-T5-1  /T3-T0-1 /D:1     /W-T4-1  /D:1     /W-F1-1  /D:1     /W-T0-1  /D:1     
/W-F0-1  /T4-F0-1 /T4-F1-1 /T5-F1-1 /T1-T4-2 /D:1     /W-T1-1  /D:1     /W-T0-1  /T5-T0-1 
/D:1     /W-T5-1  /T6-T5-1 /T6-F3-1 /T6-T5-1 /T6-F2-1 /T4-F2-1 /T4-F3-1 /T2-F3-1 /T5-F3-1 
/D:2     /W-F0-1  /W-F0-1  /T2-F0-1 /T5-F0-1 /T0-T2-1 /T0-F3-1 /T5-F3-1 /T2-T0-2 /T2-F0-1 
/T2-F3-1 /T4-T5-4 /T4-F0-1 /T2-F0-1 /T4-T1-1 /T4-F0-1 /T5-T1-5 /D:1     /W-F2-1  /T1-F2-1 
/T0-F2-1 /T1-F1-1 /T0-F1-1 /T1-F2-1 /T0-F2-1 /T1-F1-1 /T0-F1-1 /T1-F2-1 /T0-F2-1 /T1-F1-1 
/T0-F1-1 /T1-F2-1 /D:1     /W-F3-1  /T2-F3-1 
"
1011002,Y#WK#bHf#jeMg#TuIqt#lxBOVk#RhvJdyA#LaSpiFmQPCcoXNnzGEDZwsrU,125.500000,1520.000000,55.000000,0.605769,1,"
minimal: 0 / states: 130 / duration: 0.000137s
history:
/T6-F0-1 /T5-T6-1 /T2-T4-1 /T3-T2-1 /T1-T0-1 /T2-T5-2 /T0-T3-2 /T3-T0-3 /T1-T0-1 /D:2     
/W-F1-1  /T2-F1-1 /D:4     /W-T5-1  /T3-T5-1 /D:1     /W-T1-1  /T6-T1-2 /D:3     /W-T6-1  
/D:1     /W-F1-1  /D:3     /W-F3-1  /D:1     /W-F2-1  /D:1     /W-T2-1  /D:2     /W-T4-1  
/T6-T4-2 /T5-T6-5 /T5-F3-1 /T5-F0-1 /T4-F0-1 /T6-T1-6 /T6-T0-1 /T4-T6-4 /T4-T1-1 /T4-T3-1 
/T6-T0-5 /T0-F1-1 /T1-T6-1 /T1-F1-1 /T3-T5-2 /T6-T1-2 /D:1     /W-F0-1  /T0-F0-1 /T0-F1-1 
/D:1     /W-T3-1  /D:4     /W-T5-1  /R       /D:1     /W-T3-1  /D:1     /W-T0-1  /D:4     
/W-F3-1  /W-F3-1  /D:1     /W-F2-1  /D:1     /W-T3-1  /D:1     /W-T5-1  /D:1     /W-T3-1  
/W-T3-1  /W-F2-1  /T1-F2-1 /T1-F3-1 /T1-F0-1 /T4-T3-1 /T0-F3-1 /T5-F0-1 /T1-F1-1 /T1-F0-1 
/T4-F3-1 /T5-F3-1 /T1-F3-1 /T5-F0-1 /T1-F0-1 /T0-T5-3 /T0-F3-1 /T0-F0-1 /T5-T0-5 /T3-T1-3 
/T3-F3-1 /T3-F0-1 /T0-T2-6 /T0-F0-1 /T2-T5-5 /T2-F3-1 /T3-F3-1 /T5-T2-6 /D:2     /W-F2-1  
/W-F2-1  /T2-F2-1 /T1-F2-1 /T2-F1-1 /T1-F1-1 /T2-F2-1 /T1-F2-1 /T2-F1-1 /T1-F1-1 /T2-F2-1 
/T1-F2-1 /T2-F1-1 /T1-F1-1 /T2-F2-1 
"
1011022,V#cI#pbL#lJrj#KunaG#tiCzwR#vOSDqgQ#PNfYEWUAmBxFoMhTHdsekZyX,128.000000,1117.000000,41.000000,0.664474,1,"
minimal: 0 / states: 126 / duration: 0.000126s
history:
/T1-T3-1 /D:2     /W-F3-1  /D:1     /W-T4-1  /D:2     /W-T4-1  /T6-T4-1 /D:2     /W-T3-1  
/T4-T3-4 /T4-F1-1 /T4-F2-1 /T6-T4-1 /T6-T5-1 /T4-T0-2 /T3-T4-7 /T1-T5-1 /D:1     /W-F0-1  
/D:1     /W-T1-1  /T2-T1-1 /T2-F1-1 /T5-F1-1 /T2-T4-1 /D:1     /W-F0-1  /D:2     /W-T0-1  
/T5-T0-2 /T0-T5-6 /D:1     /W-F2-1  /T4-F2-1 /T5-F2-1 /T3-F2-1 /T6-T5-1 /D:1     /W-T0-1  
/D:4     /W-F1-1  /D:1     /W-F2-1  /D:1     /W-F1-1  /T4-T6-2 /T4-F1-1 /T6-T4-3 /T6-F3-1 
/D:1     /W-T1-1  /T5-T1-7 /T5-T2-1 /T5-F0-1 /T5-T3-1 /T1-F0-1 /T5-F2-1 /W-T3-1  /T1-T3-3 
/T1-F2-1 /T6-F2-1 /D:1     /W-T5-1  /D:1     /W-T5-1  /D:1     /W-T5-1  /T3-T5-6 /T3-T0-1 
/T4-T0-8 /R       /D:1     /W-F3-1  /T0-F3-1 /T0-F0-1 /T5-F3-1 /T0-F3-1 /T5-F0-1 /T0-F0-1 
/T5-F1-1 /T5-F0-1 /D:1     /W-T2-1  /D:2     /W-T2-1  /W-T2-1  /D:1     /W-F1-1  /T5-F1-1 
/T0-T2-2 /T0-F1-1 /T1-T5-1 /T1-F2-1 /T1-F1-1 /T2-T0-3 /T2-F2-1 /T0-T2-4 /T0-F1-1 /T5-T1-3 
/T5-F2-1 /T1-T5-4 /T1-F1-1 /T2-T0-5 /T2-F2-1 /D:1     /W-F3-1  /T0-F3-1 /T0-F0-1 /T5-F3-1 
/T0-F3-1 /T5-F0-1 /T0-F0-1 /T5-F3-1 /T0-F3-1 /T5-F0-1 /T0-F0-1 /T5-F3-1 
"
1011025,U#cK#IGk#jDJT#eFzuB#wPdhMs#VvoptlR#nfyxZCAWEHrgLaqiOXNbYmQS,112.500000,976.000000,46.000000,0.598765,1,"
minimal: 0 / states: 125 / duration: 0.000133s
history:
/T6-T5-1 /T5-T3-2 /T6-T5-1 /T6-T0-1 /T1-T5-1 /T4-T1-1 /T3-T4-3 /T3-T2-1 /T3-T4-1 /T1-T4-2 
/T5-T1-3 /T3-T1-1 /D:1     /W-F2-1  /D:1     /W-T0-1  /D:3     /W-T3-1  /D:2     /W-F0-1  
/T4-F0-1 /W-F0-1  /D:2     /W-T0-1  /D:4     /W-T3-1  /T2-T3-2 /T2-T5-1 /T5-T2-2 /T6-T5-1 
/T6-F2-1 /T5-T0-2 /T6-T1-1 /T4-T6-6 /T0-T1-6 /T4-T0-1 /T1-F2-1 /T6-T3-7 /D:1     /W-F1-1  
/D:1     /W-F2-1  /D:4     /W-F3-1  /D:1     /W-F1-1  /T3-F1-1 /T1-F1-1 /T5-T3-1 /D:1     
/W-T0-1  /D:1     /W-T6-1  /D:1     /W-T1-1  /D:1     /W-T2-1  /R       /D:1     /W-T6-1  
/D:1     /W-T0-1  /D:1     /W-T0-1  /T2-T0-4 /D:2     /W-F2-1  /T3-T4-3 /T3-F2-1 /T4-T3-4 
/T4-F1-1 /T1-T0-2 /T1-F1-1 /T1-F2-1 /D:1     /W-F1-1  /T0-T1-4 /T0-F1-1 /D:1     /W-F1-1  
/D:1     /W-F3-1  /T3-F3-1 /T1-F3-1 /T3-F0-1 /T1-F0-1 /T3-F3-1 /T1-F3-1 /T3-F0-1 /T1-F0-1 
/T3-F3-1 /T1-F3-1 /T3-F2-1 /T1-F2-1 /W-F0-1  /T0-F0-1 /T1-F1-1 /T3-F3-1 /T0-F3-1 /T3-F0-1 
/T1-F0-1 /T5-F2-1 /T0-F2-1 /T3-F1-1 /T1-F1-1 /T3-F0-1 /T1-F0-1 /T6-F2-1 /T6-F1-1 /D:1     
/W-F3-1  /T0-F3-1 /T0-F2-1 /T3-F3-1 
"
1011028,p#Wn#JTc#iIBz#VMokE#xyXjuZ#PGrfFbl#svCODeAtHLNKUadmSRQYhqwg,140.500000,764.000000,37.000000,0.659091,1,"
minimal: 0 / states: 109 / duration: 0.000121s
history:
/T1-F2-1 /T6-T3-1 /T6-T0-1 /D:2     /W-T1-1  /D:4     /W-T6-1  /W-T6-1  /T2-T6-1 /T6-T2-4 
/T4-T6-1 /D:1     /W-F0-1  /D:3     /W-T5-1  /T4-T5-1 /T4-F2-1 /D:1     /W-F3-1  /D:1     
/W-T3-1  /T1-T3-2 /T5-T1-3 /T2-T5-5 /T2-T1-1 /T3-T2-5 /T3-F0-1 /D:1     /W-T2-1  /D:1     
/W-F1-1  /T0-F1-1 /T5-F1-1 /T0-F2-1 /T4-T0-1 /T5-T4-5 /T3-T5-1 /W-T3-1  /W-T2-1  /W-F3-1  
/W-F0-1  /T6-T2-2 /T4-F0-1 /T2-F0-1 /T6-T2-1 /T3-T1-2 /D:1     /W-F1-1  /T4-F1-1 /T4-F0-1 
/T6-F0-1 /T6-F3-1 /T1-F0-1 /T5-F0-1 /W-T4-1  /D:1     /W-T3-1  /D:2     /W-T4-1  /D:1     
/W-F3-1  /T4-F3-1 /W-F3-1  /D:1     /W-T0-1  /D:2     /W-F2-1  /T2-F2-1 /T2-F1-1 /T4-F2-1 
/T2-F2-1 /T4-F3-1 /T2-F3-1 /T4-F2-1 /T4-F3-1 /T2-F2-1 /T2-F3-1 /T5-T2-1 /T5-F3-1 /T5-T3-1 
/T0-F3-1 /D:1     /W-F2-1  /T5-F2-1 /T3-F2-1 /T1-T3-4 /T1-F3-1 /T2-T0-3 /T2-F2-1 /D:1     
/W-F1-1  /W-F1-1  /T3-F1-1 /T0-F1-1 /T3-F0-1 /T0-F0-1 /T3-F1-1 /T0-F1-1 /T3-F0-1 /T0-F0-1 
/T3-F1-1 
"
1011077,k#Dt#CgA#ozaB#SEcsT#VqZPHU#uwNhrvF#ldYniXjLRmfIxQGKMJWepbyO,160.500000,3007.000000,59.000000,0.577982,1,"
minimal: 0 / states: 126 / duration: 0.000138s
history:
/T2-F0-1 /T3-F0-1 /T3-F1-1 /T6-T2-1 /T5-T6-1 /T4-T5-1 /T4-T5-1 /T1-T6-1 /T4-T1-1 /D:1     
/W-T3-1  /D:1     /W-T4-1  /D:2     /W-F2-1  /D:5     /W-T2-1  /T1-T2-2 /T3-T1-2 /T3-F2-1 
/D:1     /W-T3-1  /W-T3-1  /T0-T3-1 /D:1     /W-T6-1  /T4-T6-2 /D:2     /W-T1-1  /D:4     
/W-T0-1  /D:1     /W-T3-1  /D:1     /W-T1-1  /T6-T1-6 /T6-T4-1 /D:1     /W-T5-1  /D:1     
/W-F2-1  /D:1     /W-F1-1  /T2-F1-1 /T1-F1-1 /T5-F1-1 /D:2     /R       /D:1     /W-T0-1  
/D:1     /W-T3-1  /T5-T3-3 /T5-T2-1 /D:4     /W-T1-1  /D:1     /W-T6-1  /T4-T6-2 /T5-T4-1 
/T5-F2-1 /T6-F2-1 /T3-F2-1 /T1-T6-2 /T1-F1-1 /T2-T3-4 /T2-F1-1 /T1-F2-1 /T6-T1-4 /T6-F1-1 
/T6-F3-1 /T2-F0-1 /T3-T5-6 /T3-F1-1 /T5-T3-7 /D:1     /W-T0-1  /D:1     /W-T4-1  /D:1     
/W-F3-1  /T3-F3-1 /T1-F3-1 /T3-F0-1 /T1-F0-1 /T3-F3-1 /T1-F3-1 /T3-F0-1 /T1-F0-1 /T3-F3-1 
/T1-F3-1 /T3-F0-1 /W-F0-1  /T3-F3-1 /T3-F0-1 /T6-T3-1 /T6-F2-1 /T1-F2-1 /T1-F3-1 /T3-F2-1 
/W-F1-1  /T0-F0-1 /T1-F2-1 /T3-F1-1 /T1-F1-1 /W-F3-1  /T0-F3-1 /T3-F0-1 /T0-F0-1 /T4-F2-1 
/T1-F2-1 /T3-F1-1 /T4-F3-1 
"
1011078,N#vj#qPQ#zCyb#EMarT#HDokZu#dFVtBif#cxnXhLORJYgKwmASeslIGUpW,139.000000,4377.000000,65.000000,0.494949,1,"
minimal: 0 / states: 130 / duration: 0.000136s
history:
/T0-F3-1 /T4-T5-1 /T4-T6-1 /T4-F1-1 /T3-F1-1 /T2-T6-1 /T4-T0-1 /D:1     /W-F1-1  /D:2     
/W-F2-1  /D:1     /W-T3-1  /D:3     /W-F3-1  /T2-F3-1 /T6-F3-1 /D:1     /W-F3-1  /D:1     
/W-T3-1  /D:1     /W-T0-1  /D:2     /W-T0-1  /T1-T0-1 /T1-T0-1 /D:2     /W-T1-1  /T3-T1-3 
/D:1     /W-F0-1  /D:1     /W-F3-1  /T5-F3-1 /D:6     /W-F3-1  /D:2     /R       /D:2     
/W-T0-1  /D:2     /W-T5-1  /D:3     /W-T5-1  /W-T5-1  /T2-T5-1 /D:3     /W-T0-1  /T6-T0-2 
/T5-T6-5 /T6-T1-6 /T6-F0-1 /T3-F0-1 /T5-T2-1 /D:2     /R       /D:2     /W-T2-1  /T5-T2-1 
/T5-F2-1 /T5-F0-1 /T4-F0-1 /D:1     /W-T2-1  /D:1     /W-T3-1  /W-T3-1  /D:2     /W-F2-1  
/T1-F2-1 /T0-F2-1 /D:1     /W-T3-1  /W-T3-1  /F3-T3-1 /T6-T3-1 /T6-T2-1 /T6-F0-1 /T6-F1-1 
/T1-F1-1 /T0-F1-1 /T0-F0-1 /T1-F2-1 /T1-F1-1 /T3-F2-1 /T0-F1-1 /T1-F2-1 /T3-F3-1 /T0-F2-1 
/T5-F0-1 /T1-F1-1 /T2-F3-1 /T2-F2-1 /T3-F0-1 /T0-F1-1 /T1-F0-1 /T2-F1-1 /T3-F3-1 /T0-F0-1 
/T1-F3-1 /T2-F0-1 /T3-F2-1 /T0-F3-1 /T1-F2-1 /T2-F3-1 /T3-F1-1 /T0-F0-1 /T1-F1-1 /T3-F2-1 
"
1011085,G#qm#Dtj#LxzX#rOhRy#wHMCaP#QZoEkYV#ildbfcKvuTWpSBNAUnsIeFJg,138.500000,1668.000000,50.000000,0.579787,1,"
minimal: 0 / states: 121 / duration: 0.000132s
history:
/T4-T1-1  /T3-T1-1  /D:2      /W-T3-1   /D:3      /W-T0-1   /D:2      /W-T3-1   /T2-T3-1  /D:1      
/W-T3-1   /D:1      /W-T6-1   /D:1      /W-T6-1   /D:3      /W-T2-1   /D:1      /W-T5-1   /D:1      
/W-F3-1   /D:1      /W-F0-1   /T5-F0-1  /D:1      /W-T3-1   /T2-T3-2  /T5-T2-1  /T5-F1-1  /T5-F0-1  
/T2-T4-2  /T3-T2-8  /D:1      /W-F2-1   /D:1      /W-T6-1   /T4-T6-3  /T0-T4-2  /T5-T0-1  /D:4      
/W-T1-1   /T6-T1-7  /T6-T0-1  /T3-T0-1  /T6-T3-1  /T6-T2-1  /T6-F2-1  /T3-T6-2  /T1-T3-11 /T3-T1-1  
/T3-F0-1  /T1-T3-2  /T6-T1-3  /T2-F0-1  /W-F0-1   /D:1      /W-T5-1   /R        /D:3      /W-F1-1   
/D:1      /W-F1-1   /W-F1-1   /D:1      /W-T0-1   /D:1      /W-F2-1   /D:1      /W-T0-1   /T4-T0-3  
/T4-F3-1  /T3-F3-1  /T3-F2-1  /T6-F3-1  /T3-F3-1  /T4-F2-1  /T2-F3-1  /T3-F2-1  /T3-F3-1  /T2-F2-1  
/T2-F3-1  /T3-F2-1  /T5-T3-2  /T2-F2-1  /T5-F2-1  /D:1      /W-F1-1   /T0-F1-1  /T0-F0-1  /T3-F1-1  
/T0-F1-1  /T3-F0-1  /T0-F0-1  /T3-F3-1  /T0-F3-1  /W-F1-1   /T2-F1-1  /T0-F2-1  /T3-F0-1  /T1-F1-1  
/T2-F0-1  /T2-F1-1  /T3-F3-1  /T0-F3-1  /T1-F0-1  /T0-F0-1  /T3-F2-1  /T1-F3-1  /T2-F2-1  /T3-F1-1  
"
1011114,i#cw#QLz#uAPE#bpZsY#GmoMUD#RvqTBSH#nxOetXCjlahNfFJkgVyrWdIK,82.500000,407.000000,20.000000,0.861702,1,"
minimal: 0 / states: 112 / duration: 0.000123s
history:
/T6-T0-1 /T4-T2-1 /T3-T6-1 /T3-T5-1 /T3-F0-1 /T0-T1-2 /T2-T0-2 /D:1     /W-F2-1  /D:1     
/W-T0-1  /D:2     /W-T4-1  /T5-T4-2 /D:1     /W-T5-1  /T6-T5-2 /T6-F0-1 /T4-T6-4 /T6-T1-5 
/T2-T4-1 /T2-T5-1 /T4-T2-2 /T4-T5-1 /W-T5-1  /D:1     /W-T2-1  /T1-T2-8 /T1-T6-1 /D:1     
/W-F0-1  /D:1     /W-T0-1  /D:2     /W-F1-1  /T4-F1-1 /T6-F1-1 /T2-T6-1 /T2-F0-1 /T6-T2-2 
/T5-T6-7 /T5-T1-1 /T5-F2-1 /T5-T4-1 /T6-T0-8 /W-T1-1  /D:2     /W-F3-1  /T0-F3-1 /T0-F2-1 
/T2-F3-1 /T0-F3-1 /T2-F2-1 /T6-F3-1 /T0-F0-1 /T0-F3-1 /D:1     /W-T0-1  /D:1     /W-F0-1  
/T5-F0-1 /T2-T3-3 /T2-F0-1 /T3-T2-4 /D:5     /W-T4-1  /D:1     /W-F2-1  /D:2     /W-F1-1  
/T2-F1-1 /T0-F1-1 /T2-F2-1 /T0-F2-1 /T2-F3-1 /T0-F3-1 /T2-F2-1 /T0-F2-1 /D:1     /W-F0-1  
/D:1     /W-T1-1  /W-T1-1  /W-F3-1  /T1-F3-1 /W-F1-1  /W-T4-1  /W-F0-1  /W-F1-1  /T2-F1-1 
/T0-F1-1 /T1-F0-1 /T2-F2-1 /T0-F2-1 /T2-F3-1 /T0-F3-1 /T4-F1-1 /T1-F1-1 /T2-F0-1 /T1-F0-1 
/T4-F2-1 /T0-F2-1 /T2-F3-1 /T4-F1-1 
"
1011161,l#bZ#DnI#tKkg#qTrGO#cCjWue#owsANax#EhzvyMiYmJFLdVXfQBUHpSRP,118.000000,1181.000000,45.000000,0.648649,1,"
minimal: 0 / states: 119 / duration: 0.000140s
history:
/T6-T0-1 /T6-F1-1 /T6-F3-1 /T4-F3-1 /T6-F0-1 /T5-T6-1 /T3-T5-1 /T6-T5-2 /T6-T3-1 /D:2     
/W-T2-1  /T4-T2-1 /D:3     /W-T1-1  /T3-T1-2 /D:2     /W-T1-1  /T5-T1-4 /T5-T0-1 /T2-T0-3 
/T2-F2-1 /T6-F2-1 /T5-T3-1 /T1-T6-9 /T1-F1-1 /W-T1-1  /W-T3-1  /T0-T1-6 /W-T0-1  /T2-T6-1 
/D:1     /W-T0-1  /T3-T0-3 /D:1     /W-T2-1  /D:3     /W-T2-1  /D:1     /W-T4-1  /T5-T4-1 
/T5-F1-1 /D:2     /W-T2-1  /D:1     /W-T1-1  /T4-T1-3 /D:2     /W-F0-1  /T1-F0-1 /T1-F1-1 
/T6-F0-1 /T6-F1-1 /W-T1-1  /D:1     /W-T0-1  /T3-T0-1 /D:2     /W-F2-1  /D:1     /W-T0-1  
/T1-T0-2 /T1-F1-1 /T6-T4-1 /T6-F1-1 /T4-T6-2 /T4-F2-1 /D:1     /W-T6-1  /D:1     /W-F3-1  
/T0-F3-1 /T0-F2-1 /T6-F3-1 /T6-F2-1 /T0-F3-1 /T0-F2-1 /T6-F3-1 /T6-F2-1 /T0-F3-1 /T0-F2-1 
/W-T6-1  /W-F3-1  /T1-T0-3 /T1-F3-1 /T2-F3-1 /R       /D:1     /W-F0-1  /D:2     /W-F0-1  
/T0-F0-1 /T0-F1-1 /T6-F0-1 /T0-F0-1 /T6-F1-1 /T0-F1-1 /T6-F2-1 /T1-F2-1 /W-F0-1  /T0-F0-1 
/T0-F3-1 /T6-F1-1 /T1-F1-1 /T2-F0-1 /T1-F0-1 /T6-F2-1 /T0-F2-1 /T2-F1-1 /T6-F3-1 
"
1011229,n#Ii#aeU#CptP#VYgrL#czfOxA#hwbdZSG#RNmEuDKyjXJqHMBWsFolkTvQ,128.000000,2143.000000,54.000000,0.536145,1,"
minimal: 0 / states: 124 / duration: 0.000135s
history:
/T0-F2-1  /T5-F0-1  /T6-T2-1  /T6-T2-1  /T4-T6-1  /T6-T0-2  /T4-T2-1  /T6-T2-1  /D:2      /W-F3-1   
/D:3      /W-T1-1   /T4-T1-1  /T5-T4-1  /T5-F3-1  /T3-F3-1  /T5-T3-1  /T4-T5-2  /W-T3-1   /D:4      
/W-T5-1   /D:1      /W-T0-1   /D:1      /W-T0-1   /T1-T0-3  /T2-T1-5  /T1-T5-6  /T5-T1-10 /D:1      
/W-T2-1   /T5-T2-1  /D:1      /W-T4-1   /D:1      /W-T5-1   /D:1      /W-F0-1   /D:2      /W-T0-1   
/T2-T0-3  /T2-F1-1  /T6-F1-1  /T0-F1-1  /T1-F1-1  /T4-T6-2  /D:2      /W-F2-1   /D:1      /W-T5-1   
/D:2      /W-T6-1   /D:2      /W-F3-1   /R        /D:1      /W-F3-1   /D:1      /W-T2-1   /D:2      
/W-T5-1   /D:1      /W-T2-1   /D:1      /W-T5-1   /D:1      /W-T6-1   /D:1      /W-T2-1   /T6-T2-5  
/T3-T6-3  /T3-F2-1  /T0-F2-1  /T1-F2-1  /T3-F0-1  /W-F0-1   /T0-F1-1  /T0-F2-1  /T6-F0-1  /T1-F3-1  
/T2-F0-1  /T2-F3-1  /T6-F1-1  /T0-F1-1  /T1-F0-1  /T2-F0-1  /T6-F2-1  /T0-F2-1  /T1-F3-1  /T2-F3-1  
/T6-F1-1  /T0-F1-1  /T1-F0-1  /T0-F0-1  /T1-F1-1  /T5-F3-1  /T5-F0-1  /T0-F3-1  /T0-F0-1  /T1-T5-1  
/T1-F3-1  /T0-F3-1  /T5-T1-2  /T5-F0-1  /D:1      /W-F2-1   /T2-F2-1  /T1-F2-1  /T2-F1-1  /T1-F1-1  
/T2-F2-1  /T1-F2-1  /T2-F1-1  
"
1011246,s#oK#tXu#cTpL#DQHCU#Flyjwk#hWMgdaq#JNAVGOiZxIfvbrESBemnRzPY,136.500000,1310.000000,38.000000,0.712644,1,"
minimal: 0 / states: 109 / duration: 0.000124s
history:
/T5-T3-1  /T5-T3-1  /T5-T1-1  /D:2      /W-F3-1   /D:1      /W-F0-1   /D:1      /W-T3-1   /T2-T3-1  
/T2-T5-1  /W-T5-1   /T2-T4-1  /D:2      /W-F3-1   /D:1      /W-T5-1   /D:1      /W-T2-1   /T3-T2-5  
/D:2      /W-T1-1   /T4-T1-2  /D:1      /W-T1-1   /D:2      /W-T3-1   /D:1      /W-T1-1   /D:3      
/W-F0-1   /T4-F0-1  /T4-T5-1  /T3-T4-2  /T3-T2-1  /T4-T1-3  /T4-F0-1  /T0-T2-1  /T3-T6-1  /D:1      
/W-T2-1   /T6-T2-2  /T6-F1-1  /T1-F1-1  /T2-F1-1  /T6-F1-1  /T6-T5-1  /T6-T0-1  /D:1      /W-T3-1   
/T5-T3-6  /T1-T5-9  /T5-T0-10 /T5-T3-1  /D:1      /W-F2-1   /T1-F2-1  /T0-F2-1  /T2-F2-1  /T2-F1-1  
/D:1      /W-T2-1   /D:1      /W-T1-1   /D:1      /W-F3-1   /T0-F3-1  /T0-F2-1  /T2-F3-1  /T2-F2-1  
/T0-F1-1  /T0-F2-1  /W-F3-1   /W-F0-1   /T3-F0-1  /T2-F3-1  /T3-F1-1  /T2-F2-1  /T0-F3-1  /T2-F3-1  
/T6-F3-1  /T6-F1-1  /W-F2-1   /T2-F2-1  /W-F2-1   /W-F0-1   /T3-F0-1  /T0-F0-1  /T3-F1-1  /T0-F1-1  
/T3-F0-1  /T0-F0-1  /T2-F1-1  /T0-F1-1  /T3-F3-1  /T2-F0-1  /T3-F2-1  /T3-F1-1  /T0-F0-1  /T1-F2-1  
/D:1      /W-F3-1   /T2-F3-1  
"
1011256,Z#SI#Rln#xuoB#TsGJA#jQkCNm#trLMpzU#hefWibXDcqOKdFwPaHYvVEyg,64.000000,433.000000,21.000000,0.900000,1,"
minimal: 0 / states: 114 / duration: 0.000115s
history:
/T2-F2-1 /T4-F0-1 /T3-F0-1 /T3-F2-1 /T6-T1-1 /T2-T6-1 /D:5     /W-T4-1  /T3-T4-1 /T3-T6-1 
/T5-T3-1 /T5-F3-1 /T5-F0-1 /T4-T5-3 /T4-T1-1 /T2-T4-1 /T6-T2-3 /T6-F2-1 /W-T2-1  /T1-T2-3 
/T1-T2-1 /T6-T1-1 /T5-T6-4 /T6-T0-5 /T5-T6-1 /T6-T2-2 /W-T6-1  /D:3     /W-F0-1  /D:2     
/W-F2-1  /D:1     /W-F3-1  /D:5     /W-F3-1  /T2-F3-1 /T4-F3-1 /T2-F2-1 /T4-F2-1 /T2-F3-1 
/T4-F3-1 /T6-T2-1 /T6-F2-1 /T0-F2-1 /D:1     /W-F1-1  /D:1     /W-T0-1  /D:1     /W-T1-1  
/D:1     /W-F2-1  /W-F2-1  /D:2     /W-F0-1  /D:1     /W-T3-1  /D:1     /W-T0-1  /R       
/D:3     /W-F1-1  /D:1     /W-T3-1  /D:1     /W-F1-1  /D:1     /W-T1-1  /T2-T1-5 /T2-F2-1 
/D:1     /W-F1-1  /W-F1-1  /T1-F1-1 /T0-F1-1 /W-F1-1  /D:1     /W-F0-1  /T1-F0-1 /T0-F0-1 
/T0-F1-1 /T1-F3-1 /T1-F0-1 /T5-F1-1 /T0-F0-1 /T0-F1-1 /T2-F1-1 /T3-T0-1 /T3-F2-1 /T2-F2-1 
/T3-F1-1 /D:1     /W-F3-1  /T1-F3-1 /T0-F3-1 /T1-F0-1 /T0-F0-1 /T1-F3-1 /T0-F3-1 /T1-F0-1 
"
1011258,Q#DU#xjH#tain#ZAYrF#GVuRXm#wzbNqOC#lLBskKeITyESpoJchgWMdPfv,123.000000,1450.000000,48.000000,0.595238,1,"
minimal: 0 / states: 124 / duration: 0.000127s
history:
/T3-F2-1 /T6-T0-1 /T6-T0-1 /T2-T3-1 /D:2     /W-T5-1  /D:3     /W-T5-1  /D:2     /W-T4-1  
/T6-T4-1 /T6-F3-1 /T0-F3-1 /T6-T0-1 /D:1     /W-T2-1  /T1-T2-1 /D:1     /W-T3-1  /T4-T3-3 
/T0-T4-3 /T5-T0-3 /D:5     /W-F2-1  /W-F2-1  /T3-F2-1 /T1-T3-1 /T6-T1-1 /T3-T6-6 /T3-F1-1 
/T4-F1-1 /W-T3-1  /T4-T3-3 /T4-T1-1 /T4-F0-1 /T3-T2-5 /T6-T0-7 /D:1     /W-T5-1  /D:1     
/W-F1-1  /D:4     /W-T3-1  /D:1     /W-F1-1  /D:1     /W-F3-1  /D:2     /R       /D:1     
/W-T3-1  /D:1     /W-F0-1  /T2-F0-1 /T0-F0-1 /T0-F1-1 /T2-F3-1 /T2-F2-1 /D:1     /W-F2-1  
/D:1     /W-T1-1  /T2-T1-5 /T2-T3-1 /D:1     /W-T4-1  /T5-T4-2 /T5-F3-1 /T1-F3-1 /T1-F2-1 
/T5-F2-1 /T5-T4-1 /T5-T1-1 /D:1     /W-F0-1  /T0-F0-1 /T0-F3-1 /T1-F0-1 /T1-F3-1 /T0-F0-1 
/T4-F3-1 /T1-F0-1 /T4-F0-1 /T1-T3-1 /T1-F0-1 /D:3     /W-F3-1  /T4-F3-1 /T1-F3-1 /T0-T4-3 
/T0-F0-1 /T3-T1-3 /T3-F0-1 /T4-T0-4 /T4-F3-1 /D:1     /W-F1-1  /W-F1-1  /W-F1-1  /T0-F1-1 
/T1-F1-1 /D:1     /W-F2-1  /T0-F2-1 /T0-F1-1 /T1-F2-1 /T0-F2-1 /T1-F1-1 /T0-F1-1 /T1-F2-1 
"
1011274,Z#iS#wnd#clMa#KoONV#jFQPWX#ImJqBvb#TYhEygxUpftzRuHeDrGksLAC,152.000000,4006.000000,46.000000,0.635870,1,"
minimal: 0 / states: 116 / duration: 0.000163s
history:
/T3-F1-1 /T6-F1-1 /D:2     /W-T3-1  /D:1     /W-T6-1  /D:1     /W-T1-1  /T2-T1-1 /T2-F2-1 
/T4-T2-1 /T4-F3-1 /T4-F3-1 /T4-F2-1 /T2-T5-2 /T3-T2-2 /T4-T2-1 /D:1     /W-T0-1  /T5-T0-3 
/T6-T5-2 /T5-T2-3 /T5-F3-1 /T5-F3-1 /D:2     /W-T3-1  /D:2     /W-F2-1  /D:2     /W-T2-1  
/T1-T2-3 /D:1     /W-T4-1  /T3-T4-2 /T6-T3-1 /T6-F2-1 /T1-T6-1 /D:1     /W-F3-1  /D:1     
/W-T0-1  /D:1     /W-T6-1  /D:1     /W-T5-1  /D:1     /W-T5-1  /T3-T5-2 /D:1     /W-F2-1  
/D:3     /W-F2-1  /D:2     /W-F0-1  /T5-F0-1 /T5-F1-1 /T2-F1-1 /D:1     /W-F0-1  /T5-F0-1 
/T2-F0-1 /T2-F3-1 /T5-F1-1 /T5-F0-1 /T2-F2-1 /T0-F2-1 /T5-T4-1 /R       /D:1     /W-F3-1  
/D:1     /W-T6-1  /D:1     /W-F3-1  /T0-F3-1 /T2-T4-2 /T2-F3-1 /D:1     /W-F1-1  /T6-F1-1 
/T4-F1-1 /T4-F2-1 /T0-F2-1 /T6-T0-3 /T6-T1-1 /T4-T2-1 /T4-F2-1 /T6-T2-1 /D:1     /W-F0-1  
/T0-F0-1 /T0-F1-1 /T2-F0-1 /T0-F0-1 /T0-F3-1 /T2-F1-1 /T2-F0-1 /T2-F3-1 /T0-F2-1 /T0-F3-1 
/T4-T2-1 /T4-F2-1 /D:1     /W-F1-1  /T2-F1-1 /T1-F1-1 /D:1     /W-F0-1  /T2-F0-1 
"
1011278,U#ty#TrN#vRBD#EZwzM#PLKOIX#cQfHjau#qVsilAYeWmnhbFGxgJdSpoCk,120.500000,1641.000000,58.000000,0.545455,1,"
minimal: 0 / states: 126 / duration: 0.000143s
history:
/T2-F3-1 /T5-T1-1 /T0-T5-1 /T4-T0-1 /D:5     /W-T0-1  /D:1     /W-F0-1  /D:1     /W-T4-1  
/D:4     /W-F2-1  /D:4     /W-T5-1  /D:1     /W-T0-1  /D:1     /W-T6-1  /W-T6-1  /D:1     
/W-T1-1  /D:1     /W-T2-1  /D:1     /W-T5-1  /T2-T5-2 /D:1     /W-T5-1  /W-T5-1  /D:1     
/W-F2-1  /D:2     /R       /D:2     /W-T1-1  /T6-T1-3 /T6-F1-1 /T5-F1-1 /T5-T6-7 /T5-F3-1 
/T6-F2-1 /T6-T0-7 /T5-T4-1 /T2-T6-1 /T4-T2-3 /W-F2-1  /D:1     /W-T6-1  /D:1     /W-T4-1  
/T6-T4-3 /D:1     /W-T1-1  /T3-T1-1 /T3-F0-1 /T3-T4-1 /D:1     /W-T2-1  /T3-T2-1 /D:1     
/W-T3-1  /T1-T3-9 /T6-T1-1 /D:1     /W-T2-1  /T1-T2-2 /D:1     /W-F0-1  /T3-F0-1 /D:1     
/W-T5-1  /T4-T5-6 /T4-T1-1 /T5-T1-8 /T5-F3-1 /T6-F3-1 /T1-F3-1 /T6-F1-1 /T0-F1-1 /T0-F2-1 
/T3-F1-1 /T1-F2-1 /T4-F0-1 /T0-F3-1 /T2-F1-1 /T2-F2-1 /T3-F0-1 /T0-F0-1 /T1-F3-1 /T0-F3-1 
/T3-F1-1 /T1-F0-1 /T2-F1-1 /T0-F0-1 /T3-F2-1 /T1-F1-1 /T2-F2-1 /T0-F1-1 /T3-F3-1 /T1-F2-1 
/T2-F3-1 /T0-F2-1 /T3-F0-1 /T1-F1-1 /T2-F0-1 /T0-F1-1 /T3-F3-1 /T1-F0-1 /T2-F3-1 /T0-F0-1 
/T3-F2-1 /T1-F3-1 /T2-F2-1 /T3-F1-1 
"
1011315,e#OS#RCI#jcmh#TPxBw#fqdpFA#ViDUbMo#KLtvHJNazQXErgulskyYZWGn,101.000000,485.000000,44.000000,0.651899,0,"
minimal: 0 / states: 162984 / duration: 0.630110s
history:
/T5-F0-1 /T3-T2-1 /D:2     /W-T3-1  /D:1     /W-T2-1  /D:4     /W-F3-1  /D:1     /W-F1-1  
/D:3     /W-T3-1  /T4-T3-1 /T4-F0-1 /T0-T5-1 /T1-T2-1 /T1-F3-1 /T3-T0-4 /T6-T3-1 /T6-T1-1 
/T6-F1-1 /D:1     /W-T2-1  /D:4     /W-T1-1  /T4-T1-1 /T4-F3-1 /T5-T4-2 /D:6     /W-T1-1  
/D:2     /W-F2-1  /T3-F2-1 /T3-F1-1 /T5-F2-1 /T5-F1-1 /T5-F2-1 /T4-F1-1 /T5-F1-1 /T2-T3-5 
/T2-F0-1 /R       /D:2     /W-T1-1  /T6-T1-1 /T6-F0-1 /T3-F0-1 /T4-F0-1 /D:1     /W-T6-1  
/D:3     /W-F3-1  /T2-F3-1 /T3-F3-1 /T4-F3-1 /T1-F3-1 /D:1     /W-F2-1  /D:1     /W-F1-1  
/T6-T0-2 /D:1     /W-T6-1  /D:1     /W-F2-1  /T3-F2-1 /T3-F1-1 /T6-F2-1 /T1-F2-1 /T6-F3-1 
/T1-F3-1 /D:4     /W-T2-1  /D:1     /W-F0-1  /T0-F0-1 /T0-F1-1 /T0-F2-1 /T3-F0-1 /T0-F3-1 
/T1-F2-1 /T3-F1-1 /R       /D:2     /W-F0-1  /D:2     /W-F1-1  /T1-F1-1 /D:1     /W-F2-1  
/D:1     /W-F3-1  /T2-F3-1 /R       /D:1     /W-F0-1  /T0-F0-1 /T0-F1-1 /T1-F0-1 /D:1     
/W-F2-1  
"
1011332,t#vA#UZW#MOuJ#GCFcI#YKblhi#gQypRdj#DerPfnomsNaHXqETVLSzxwBk,122.500000,1620.000000,54.000000,0.545455,1,"
minimal: 0 / states: 135 / duration: 0.000118s
history:
/T1-F0-1 /T5-T3-1 /T4-T2-1 /T5-T1-1 /T0-T1-1 /T1-T6-3 /D:5     /W-T6-1  /D:1     /W-F2-1  
/D:1     /W-F2-1  /D:1     /W-T0-1  /D:2     /W-F3-1  /D:1     /W-F1-1  /D:1     /W-T3-1  
/D:3     /W-T6-1  /D:1     /W-T3-1  /D:2     /W-T0-1  /D:2     /W-T1-1  /T5-T1-1 /T5-F1-1 
/T4-F1-1 /T6-T5-6 /T6-F1-1 /T6-T4-1 /T6-F2-1 /T4-T3-2 /T5-T1-7 /F1-T1-1 /T4-T1-1 /W-T4-1  
/D:1     /W-T5-1  /T2-T5-2 /T6-T2-1 /T1-T6-1 /T1-F1-1 /T6-T1-2 /D:2     /W-F0-1  /T1-F0-1 
/D:1     /W-T0-1  /T3-T0-6 /T6-T3-1 /T2-T6-2 /T2-T5-1 /T4-T5-2 /R       /D:1     /W-F0-1  
/D:1     /W-F1-1  /T1-T5-2 /T1-F1-1 /T3-F1-1 /D:4     /W-T6-1  /D:1     /W-F2-1  /D:2     
/W-T6-1  /W-T6-1  /T3-T6-1 /T3-F3-1 /T5-T3-9 /R       /D:1     /W-F2-1  /D:1     /W-F3-1  
/T3-F3-1 /T0-F3-1 /T3-F0-1 /T0-F0-1 /T3-F3-1 /T3-F0-1 /T0-F3-1 /T0-F0-1 /T3-F3-1 /T3-F0-1 
/T6-T0-1 /T6-F3-1 /T3-F3-1 /T0-T6-2 /T0-F0-1 /T1-T3-4 /T1-F0-1 /T6-T0-3 /T6-F3-1 /T0-T6-4 
/T0-F0-1 /T3-T1-5 /T3-F3-1 /T3-F0-1 /T6-T0-5 /T6-F3-1 /D:1     /W-F2-1  /T1-F2-1 /T0-F2-1 
/T1-F1-1 /T0-F1-1 /T1-F2-1 /T0-F2-1 /T1-F1-1 /T0-F1-1 /T1-F2-1 /T0-F2-1 /T1-F1-1 /T0-F1-1 
/T1-F2-1 
"
1011367,g#aA#XST#qBwf#lZWrm#IQzGhn#UKdcDix#LjspuHvCYktRFybNoVJPOeEM,114.000000,2278.000000,35.000000,0.661765,1,"
minimal: 0 / states: 119 / duration: 0.000110s
history:
/T1-F0-1  /T1-F1-1  /T5-F2-1  /T4-T1-1  /T4-T3-1  /T4-T6-1  /D:1      /W-T1-1   /D:2      /W-T0-1   
/D:4      /W-T6-1   /T5-T6-1  /T3-T5-2  /T5-T6-3  /D:2      /W-T5-1   /T6-T5-7  /T6-T3-1  /D:1      
/W-T1-1   /T3-T1-2  /T3-F0-1  /W-F0-1   /T6-F0-1  /T6-T3-1  /T6-T5-1  /W-T1-1   /T2-T1-1  /D:2      
/W-T0-1   /T3-T0-2  /T5-T3-10 /D:1      /W-T1-1   /D:1      /W-T4-1   /D:1      /W-F1-1   /T0-F1-1  
/T3-F1-1  /T5-T3-1  /D:1      /W-F3-1   /D:1      /W-F2-1   /D:3      /W-T0-1   /D:1      /W-F3-1   
/T0-F3-1  /T3-F3-1  /D:1      /W-F1-1   /T3-T2-1  /T3-F1-1  /T2-T3-2  /T2-T4-1  /T4-T2-3  /T6-T4-1  
/W-T2-1   /W-T2-1   /W-T6-1   /W-T2-1   /W-F2-1   /T0-F2-1  /T0-F3-1  /T3-F2-1  /T0-F2-1  /T0-F1-1  
/T3-F3-1  /T6-F2-1  /T2-F2-1  /T3-T5-2  /T3-F2-1  /T5-T6-1  /T5-F1-1  /T1-T2-3  /T1-F1-1  /T1-F2-1  
/W-F1-1   /T1-F1-1  /T3-T4-1  /T3-F2-1  /T2-T1-6  /T2-F2-1  /T4-T3-2  /T4-F1-1  /T1-T2-7  /T1-F1-1  
/T5-T3-1  /T6-T3-2  /D:1      /W-F0-1   /T2-F0-1  /T2-F3-1  /T3-F0-1  /T2-F0-1  /T3-F3-1  /T2-F3-1  
/T3-F0-1  /T2-F0-1  /T3-F3-1  /T2-F3-1  /T3-F0-1  /T2-F0-1  /T3-F3-1  /T2-F3-1  /T3-F2-1  /D:1      
/W-F0-1   
"
1011385,X#ds#MBi#ICft#pKlWF#SgZDoc#GrqePEh#mwHvbRJnOxzLAjTYVukUNyQa,109.000000,1327.000000,41.000000,0.694805,1,"
minimal: 0 / states: 120 / duration: 0.000105s
history:
/T3-T6-1 /T3-T6-1 /D:2     /W-T0-1  /T2-T0-1 /T2-T5-1 /D:1     /W-T0-1  /D:2     /W-T3-1  
/D:1     /W-T1-1  /D:2     /W-F2-1  /D:5     /W-F0-1  /T5-F0-1 /D:2     /W-T0-1  /T4-T0-1 
/D:1     /W-T2-1  /D:5     /W-F3-1  /D:3     /W-F1-1  /T3-F1-1 /T3-F0-1 /T5-F1-1 /T5-F2-1 
/T5-F0-1 /T6-T3-3 /T6-F0-1 /T3-T4-4 /T5-T3-1 /T1-T5-2 /T0-F0-1 /T1-F1-1 /R       /D:1     
/W-T1-1  /D:3     /W-F3-1  /T6-F3-1 /T6-F1-1 /T6-T5-1 /T6-T4-1 /T6-F0-1 /D:1     /W-T2-1  
/T4-T2-6 /D:1     /W-T6-1  /T4-T6-1 /T4-T6-1 /T4-F2-1 /T5-F2-1 /T2-F2-1 /T2-F1-1 /T5-T0-2 
/T5-F1-1 /T5-T2-1 /D:1     /W-T1-1  /T0-T1-7 /D:1     /W-T6-1  /D:5     /W-T3-1  /D:1     
/W-F3-1  /T1-F3-1 /T1-F2-1 /T2-F3-1 /T1-F3-1 /T1-F0-1 /T2-F2-1 /T2-F1-1 /W-F3-1  /T2-F0-1 
/T1-F1-1 /T6-F1-1 /W-F1-1  /W-F2-1  /W-F3-1  /W-F0-1  /W-F2-1  /T1-F2-1 /T2-F3-1 /T1-F3-1 
/T2-F2-1 /T3-F2-1 /T6-F0-1 /T1-F0-1 /T2-F3-1 /T3-F3-1 /T6-F1-1 /T1-F1-1 /T2-F0-1 /T6-F2-1 
"
1011408,E#XJ#eTI#UCKa#bmzBO#yfjcGg#dvkAsWV#NPpHLoRwYqlniuxhZrDtQFSM,165.500000,3081.000000,42.000000,0.626374,1,"
minimal: 0 / states: 110 / duration: 0.000102s
history:
/T3-F1-1  /T6-T1-1  /T6-T3-1  /T6-T5-1  /T6-F0-1  /T2-T3-1  /T1-T6-2  /D:1      /W-F3-1   /T4-F3-1  
/T4-F0-1  /D:1      /W-F3-1   /D:2      /W-T6-1   /T5-T6-2  /D:3      /W-T6-1   /D:1      /W-T1-1   
/D:1      /W-T4-1   /T3-T4-3  /T3-F0-1  /T5-T3-1  /T3-T4-2  /T4-T3-7  /W-T5-1   /W-T4-1   /T6-T4-7  
/D:1      /W-T4-1   /T5-T4-2  /T6-T5-1  /T6-T0-1  /T4-T6-12 /T4-F1-1  /W-T0-1   /D:2      /W-F2-1   
/T6-F2-1  /T0-F2-1  /T6-F1-1  /T0-F1-1  /T6-F2-1  /D:1      /W-T1-1   /D:1      /W-T1-1   /T2-T1-1  
/T2-F1-1  /D:2      /W-T5-1   /D:1      /W-T2-1   /D:1      /W-F2-1   /D:1      /W-F0-1   /T0-F0-1  
/D:1      /W-T5-1   /D:1      /W-F3-1   /T6-F3-1  /T6-F2-1  /T5-F2-1  /D:1      /W-F0-1   /T3-F0-1  
/D:1      /W-F3-1   /T1-F3-1  /T3-F3-1  /T1-F2-1  /T5-T3-1  /T5-F2-1  /T6-T1-2  /T6-F3-1  /T1-T6-3  
/T1-F2-1  /W-F2-1   /T3-T5-2  /T3-F3-1  /T5-T3-3  /T5-F1-1  /T6-F1-1  /T3-F1-1  /T6-F0-1  /T3-F0-1  
/T6-F1-1  /T3-F1-1  /T6-F0-1  /T1-F3-1  /T3-F0-1  /T3-F3-1  /T6-F1-1  /T5-F2-1  /T6-F0-1  /T2-F3-1  
/W-F1-1   /T3-F2-1  /T6-F1-1  /D:1      /W-F0-1   
"
1011442,W#YI#Csa#KTQr#Lxitz#MuGPJm#Edpfljn#eFZUgOyAkhvbqHSXRVBcNwoD,79.000000,757.000000,32.000000,0.703390,1,"
minimal: 0 / states: 120 / duration: 0.000109s
history:
/T2-F1-1 /T6-F2-1 /T1-T0-1 /T1-T4-1 /T5-T1-1 /D:1     /W-T2-1  /D:3     /W-T0-1  /D:3     
/W-T1-1  /D:1     /W-F0-1  /D:1     /W-T1-1  /T5-T1-1 /D:2     /W-T6-1  /W-T6-1  /D:1     
/W-F1-1  /D:1     /W-T2-1  /T5-T2-1 /T5-T0-1 /D:2     /W-T0-1  /T3-T0-1 /T3-T0-1 /T2-T3-4 
/T3-T5-5 /T6-T3-3 /T2-T0-1 /T4-T2-2 /T4-T3-1 /T4-T1-1 /T4-T2-1 /T5-T1-6 /T6-T5-1 /T6-T3-1 
/T0-T2-8 /T3-T5-6 /D:1     /W-T4-1  /D:3     /W-F0-1  /T2-F0-1 /T6-T2-1 /D:1     /W-F1-1  
/T6-F1-1 /T6-T5-1 /D:1     /W-F3-1  /D:1     /W-T4-1  /W-T4-1  /D:1     /W-F2-1  /T2-F2-1 
/D:1     /W-F0-1  /T5-F0-1 /R       /D:1     /W-F0-1  /D:1     /W-T0-1  /T4-T0-4 /D:2     
/W-F3-1  /T1-F3-1 /T1-F2-1 /T1-F1-1 /T2-F3-1 /T2-F2-1 /T5-F1-1 /T1-F2-1 /W-F1-1  /T5-F2-1 
/T5-F1-1 /T1-T0-2 /T1-F1-1 /D:2     /W-F3-1  /T2-F3-1 /T0-F3-1 /T0-F2-1 /T2-F0-1 /T2-F3-1 
/T5-F2-1 /W-F0-1  /T0-F3-1 /T0-F2-1 /T2-F0-1 /T1-F0-1 /T2-F3-1 /T0-F3-1 /T5-F1-1 /T1-F1-1 
/T2-F2-1 /T1-F2-1 /T5-F0-1 /T0-F0-1 /T2-F3-1 /T0-F3-1 /T5-F1-1 /T1-F1-1 /T2-F2-1 /T5-F0-1 
"
1011491,f#bC#VXn#iWUp#luhQw#IZHzEy#trRMKqd#vTNcFoLsOBmGPAJxYDSaejgk,123.500000,1622.000000,39.000000,0.606250,1,"
minimal: 0 / states: 120 / duration: 0.000102s
history:
/T2-F2-1  /T4-T2-1  /T3-T4-1  /T1-T6-1  /T2-T5-2  /T1-T4-1  /T2-T5-1  /D:3      /W-F3-1   /D:3      
/W-F2-1   /T4-T6-1  /T4-F2-1  /D:3      /W-F3-1   /D:2      /W-T1-1   /T5-T1-4  /T6-T5-3  /T6-F2-1  
/T5-T0-4  /T5-T2-1  /T5-T1-1  /D:1      /W-T3-1   /T0-T3-5  /T5-T0-1  /T3-T5-7  /T3-T6-1  /T5-T6-8  
/D:1      /W-F3-1   /T4-F3-1  /D:1      /W-F0-1   /W-F0-1   /D:3      /W-T2-1   /T6-T2-10 /T6-T5-1  
/T6-F3-1  /T6-F2-1  /T6-T4-1  /D:2      /W-F3-1   /D:1      /W-F1-1   /T2-F1-1  /T2-F0-1  /W-F0-1   
/D:3      /W-T1-1   /D:1      /R        /D:2      /W-F3-1   /D:1      /W-F1-1   /T2-F1-1  /T2-F0-1  
/D:1      /W-F0-1   /T2-T4-1  /T2-F0-1  /T2-F3-1  /T4-T2-3  /T4-T3-1  /T1-T3-1  /T1-F0-1  /T1-F3-1  
/T3-T1-3  /T4-T5-1  /D:1      /W-T0-1   /D:1      /W-F2-1   /D:2      /W-T5-1   /D:1      /W-F1-1   
/T2-F1-1  /T1-F1-1  /T2-F2-1  /T1-F2-1  /T2-F1-1  /T1-F1-1  /T2-F0-1  /W-F0-1   /W-F2-1   /T1-F2-1  
/T2-F3-1  /T1-F3-1  /T2-F0-1  /T0-F0-1  /T2-F3-1  /T0-F3-1  /T5-F2-1  /T1-F2-1  /T2-F2-1  /D:1      
/W-F1-1   /D:1      /W-F1-1   /T5-F1-1  /T1-F1-1  /T5-F0-1  
"
1011500,Z#sI#pCu#YhED#iJdfR#TbmnPN#ecrGoWV#jwAKSQtHMXOULxlvqaykgFzB,130.000000,1275.000000,55.000000,0.584211,1,"
minimal: 0 / states: 129 / duration: 0.000118s
history:
/T5-F3-1 /T5-T3-1 /T5-F2-1 /T3-T4-2 /T2-T6-1 /D:3     /W-F0-1  /D:3     /W-T3-1  /T2-T3-1 
/D:5     /W-F3-1  /T4-F3-1 /D:1     /W-T1-1  /D:1     /W-T0-1  /W-T0-1  /D:5     /W-F1-1  
/D:1     /W-T5-1  /D:1     /W-T5-1  /D:1     /W-T6-1  /D:1     /W-T6-1  /T4-T6-2 /T3-T4-3 
/D:2     /W-F0-1  /T4-F0-1 /T2-T4-1 /T5-T2-3 /T5-F1-1 /T6-F0-1 /R       /D:2     /W-T0-1  
/T6-T0-5 /T1-T6-2 /T1-T5-1 /D:3     /W-T3-1  /T4-T3-4 /T3-T4-1 /T3-F3-1 /T4-T3-2 /T4-T2-1 
/T0-F3-1 /W-F3-1  /T4-T2-1 /D:1     /W-T2-1  /T5-T2-2 /D:1     /W-T1-1  /D:2     /W-T1-1  
/W-T1-1  /T6-T1-3 /T6-F2-1 /T3-F2-1 /T6-T1-1 /F3-T1-1 /T6-T1-1 /T6-F1-1 /T3-F1-1 /T3-F0-1 
/T0-F0-1 /T6-F1-1 /T3-F1-1 /T0-F1-1 /T1-T3-2 /T1-F0-1 /T3-T1-3 /T3-F1-1 /T2-T0-2 /T2-F0-1 
/T2-F1-1 /W-T3-1  /W-F1-1  /D:2     /W-F2-1  /T1-F2-1 /T0-F2-1 /T1-F3-1 /T0-F3-1 /T1-F2-1 
/T0-F2-1 /T1-F3-1 /T0-F3-1 /T1-F0-1 /T2-F0-1 /W-F2-1  /T0-F2-1 /T1-F3-1 /T0-F3-1 /T1-F2-1 
/T2-F1-1 /T2-F2-1 /T3-F0-1 /T0-F0-1 /T1-F1-1 /T2-F1-1 /T3-F3-1 /T0-F3-1 /T1-F0-1 /D:1     
/W-F2-1  
"
1011537,u#JS#Zvi#PQrK#aFVnh#wTOAmt#pXcUqEo#gzRNMHLWGYDsIjxdCykBblef,136.000000,2860.000000,48.000000,0.620482,1,"
minimal: 0 / states: 121 / duration: 0.000107s
history:
/T5-T4-1 /T1-T4-1 /T2-T1-1 /T4-T2-3 /T4-F2-1 /T6-F2-1 /T6-T2-1 /T0-T1-1 /T5-T0-1 /T5-F0-1 
/D:1     /W-T1-1  /D:3     /W-F3-1  /T5-F3-1 /D:2     /W-T4-1  /T5-T4-1 /T4-T5-3 /T4-T1-1 
/T4-F1-1 /W-T4-1  /W-T1-1  /T6-T1-1 /D:1     /W-T0-1  /D:1     /W-T3-1  /T2-T3-5 /D:1     
/W-T6-1  /D:1     /W-T4-1  /T3-T4-7 /D:2     /W-T5-1  /D:4     /W-T3-1  /D:1     /W-T3-1  
/D:1     /W-T2-1  /D:1     /W-T0-1  /T1-T0-7 /D:1     /W-F0-1  /T3-F0-1 /D:1     /W-F1-1  
/D:2     /W-T5-1  /D:1     /W-T6-1  /T3-T6-2 /T3-T4-1 /T3-F3-1 /T4-F3-1 /T0-T5-1 /T0-F3-1 
/R       /D:1     /W-T1-1  /D:1     /W-F0-1  /T4-F0-1 /T0-F0-1 /T4-F3-1 /T6-T4-3 /T6-F0-1 
/T5-T0-3 /T5-F3-1 /T6-F3-1 /T6-F1-1 /T6-T2-1 /T6-F2-1 /T0-F2-1 /T4-F1-1 /T0-F1-1 /T4-F2-1 
/T0-F2-1 /T4-F1-1 /T0-F1-1 /T4-F2-1 /T0-F2-1 /T4-F1-1 /T4-F2-1 /T5-F0-1 /T0-F1-1 /T5-F3-1 
/T5-F2-1 /T4-F3-1 /T2-F3-1 /D:1     /W-F0-1  /T0-F0-1 /T4-F0-1 /T4-F3-1 /T0-T2-1 /T0-F0-1 
/T4-F0-1 /T2-T0-2 /T2-F3-1 /D:1     /W-F1-1  /T0-F1-1 /D:1     /W-F2-1  /T0-F2-1 /T1-F2-1 
/D:1     /W-F1-1  /T0-F1-1 
"
1011548,m#Xe#fCl#VUtg#FwTkS#BrMyQN#IbAsJEq#ROioYLaGcHPhxWuzjDvdKZpn,122.500000,1428.000000,39.000000,0.662162,1,"
minimal: 0 / states: 124 / duration: 0.000111s
history:
/T5-F3-1 /T6-T1-1 /T6-T4-1 /T5-T4-1 /T5-T0-1 /T2-T5-1 /T2-T4-1 /D:2     /W-F3-1  /D:1     
/W-T6-1  /D:4     /W-F1-1  /D:2     /W-T1-1  /D:1     /W-T6-1  /T3-T6-1 /T4-T3-4 /T6-T4-4 
/T4-T0-5 /T6-T0-1 /T6-F0-1 /T6-F1-1 /T1-T0-3 /T0-F1-1 /D:1     /W-F3-1  /D:1     /W-T6-1  
/T3-T6-5 /W-T3-1  /T2-T3-1 /T5-T2-2 /T5-T3-1 /T5-F0-1 /T6-F0-1 /T6-F3-1 /D:1     /W-T2-1  
/D:1     /W-T2-1  /T6-T2-5 /D:2     /W-T5-1  /D:2     /W-F0-1  /T2-F0-1 /D:2     /W-F1-1  
/D:2     /W-T6-1  /D:2     /W-F2-1  /R       /D:1     /W-F3-1  /T2-F3-1 /T4-F3-1 /T4-T1-1 
/T4-F0-1 /T3-T2-2 /T3-F0-1 /T3-F3-1 /T3-F3-1 /D:1     /W-F2-1  /D:1     /W-T5-1  /D:1     
/W-T6-1  /T1-T6-2 /D:4     /W-T5-1  /D:1     /W-F2-1  /T0-F2-1 /T0-F1-1 /T2-F2-1 /T0-F2-1 
/T2-F1-1 /T0-F1-1 /T0-F0-1 /T2-F2-1 /T2-F1-1 /T2-F0-1 /T0-F1-1 /T0-F0-1 /T2-F3-1 /T5-F0-1 
/T6-T0-1 /T6-F3-1 /T5-F3-1 /T6-F0-1 /T6-F3-1 /T2-T5-2 /T2-F0-1 /R       /D:1     /W-F2-1  
/D:1     /W-F1-1  /D:1     /W-F2-1  /T0-F2-1 /T0-F1-1 /T5-F2-1 /T0-F2-1 /T5-F1-1 /T0-F1-1 
/T5-F2-1 
"
1011554,V#aL#zSl#GcIZ#Rmsqx#HTunMW#BkOdXNp#eFbKvoQChirwUjDYgEyAtPfJ,134.000000,3321.000000,48.000000,0.584337,1,"
minimal: 0 / states: 122 / duration: 0.000114s
history:
/T5-T4-1 /T4-T2-2 /T2-T5-3 /T1-T3-1 /T1-F1-1 /T5-T1-4 /T5-F2-1 /T5-T0-1 /T5-T0-1 /D:2     
/W-T0-1  /W-T0-1  /T4-T0-1 /D:1     /W-F1-1  /D:2     /W-T1-1  /D:1     /W-F2-1  /T6-F2-1 
/T6-F3-1 /T6-T3-1 /T0-F2-1 /D:2     /W-T6-1  /D:1     /W-T1-1  /D:2     /W-T2-1  /T6-T2-2 
/T6-F3-1 /D:1     /W-T3-1  /T0-T3-5 /T3-T0-9 /D:1     /W-T3-1  /D:2     /W-T0-1  /D:2     
/W-T5-1  /T4-T5-1 /D:2     /W-T4-1  /T6-T4-1 /D:1     /W-F0-1  /T6-F0-1 /T2-F0-1 /T4-T6-3 
/T0-F0-1 /W-F0-1  /T0-T5-1 /T0-F0-1 /D:1     /W-T1-1  /T2-T1-3 /W-T2-1  /D:1     /W-F3-1  
/D:2     /W-T6-1  /R       /D:1     /W-T2-1  /D:1     /W-F3-1  /T4-F3-1 /D:1     /W-T6-1  
/T5-T6-4 /D:1     /W-T2-1  /T3-T2-2 /T3-F1-1 /T1-F1-1 /T1-F2-1 /T1-F3-1 /T6-F1-1 /T6-F2-1 
/T0-F3-1 /T1-F2-1 /T0-F2-1 /T2-F3-1 /T0-F3-1 /T3-F0-1 /T1-T2-1 /T1-F2-1 /T0-F2-1 /T1-F3-1 
/T0-F3-1 /T1-F2-1 /T2-T1-4 /T2-F3-1 /T6-T0-5 /T6-F2-1 /T2-F2-1 /T0-T6-6 /T0-F3-1 /D:1     
/W-F1-1  /T6-F1-1 /T1-F1-1 /T6-F0-1 /T1-F0-1 /T6-F1-1 /T1-F1-1 /T6-F0-1 /T1-F0-1 /T6-F1-1 
/T1-F1-1 /T6-F0-1 /T1-F0-1 /T6-F1-1 
"
1011575,B#xS#LOH#ydKQ#FTeaA#tIRwhp#ksrqEgG#jmVZnvPuWClJcYbNfiMUXDoz,94.000000,1121.000000,36.000000,0.736486,1,"
minimal: 0 / states: 105 / duration: 0.000106s
history:
/T4-F0-1 /T0-F0-1 /T4-F1-1 /T5-T3-1 /T6-T5-1 /T6-T2-1 /T6-T1-1 /T3-T1-2 /T6-T4-1 /T1-T5-4 
/D:1     /W-T1-1  /D:1     /W-T0-1  /D:3     /W-F2-1  /D:1     /W-T1-1  /T5-T1-6 /D:1     
/W-T4-1  /D:2     /W-T3-1  /D:1     /W-F0-1  /D:5     /W-F1-1  /D:1     /W-F3-1  /D:2     
/W-T5-1  /T2-T5-2 /T2-F3-1 /T4-F3-1 /T2-T0-1 /D:1     /W-T2-1  /D:2     /W-T0-1  /T5-T0-4 
/D:1     /W-F0-1  /T1-T6-2 /T1-F0-1 /T6-T1-3 /T4-T6-2 /T6-T0-3 /D:1     /W-F2-1  /T1-F2-1 
/T1-F3-1 /T5-F3-1 /T5-T3-1 /T0-F2-1 /T1-F2-1 /T1-F3-1 /T4-F3-1 /T4-F0-1 /T1-F0-1 /W-F3-1  
/W-T5-1  /W-T2-1  /W-F1-1  /T3-T2-3 /T3-F1-1 /T0-F1-1 /T0-F2-1 /T5-F1-1 /T0-F1-1 /T0-F0-1 
/T5-F2-1 /T1-F1-1 /T2-F0-1 /T0-F1-1 /W-F0-1  /T1-T2-1 /T1-F1-1 /T6-F1-1 /W-F1-1  /W-F2-1  
/T2-F2-1 /T0-F2-1 /T1-F2-1 /T3-F2-1 /W-T1-1  /W-F3-1  /T2-F3-1 /T0-F3-1 /T2-F0-1 /T0-F0-1 
/T0-F1-1 /T2-F3-1 /T1-F3-1 /T2-F0-1 /D:1     /W-F2-1  
"
1011597,G#li#IPS#EKYM#yDNdL#Qzfuek#hOpCUas#XBVbRqWrovxjFHtZgTcmwAJn,116.500000,1410.000000,44.000000,0.641026,1,"
minimal: 0 / states: 129 / duration: 0.000114s
history:
/T5-T4-1 /T5-T6-1 /T5-T1-1 /T2-T0-1 /D:2     /W-T2-1  /D:4     /W-T6-1  /T2-T6-2 /D:2     
/W-T0-1  /D:9     /W-T1-1  /T6-T1-5 /T6-F1-1 /T6-T2-1 /T0-T2-3 /T3-T0-1 /T3-T0-1 /T3-T0-1 
/T3-T5-1 /W-T3-1  /T4-T3-2 /T4-T2-1 /T4-F3-1 /T6-T2-1 /D:2     /W-T4-1  /D:2     /W-T3-1  
/T1-T3-8 /D:1     /W-F0-1  /T3-F0-1 /T2-F0-1 /T6-T2-1 /T6-F3-1 /T3-F3-1 /T4-T3-1 /T4-F0-1 
/T5-F0-1 /D:2     /W-F2-1  /R       /D:1     /W-T4-1  /D:2     /W-F1-1  /T3-F1-1 /D:2     
/W-T0-1  /T2-T0-7 /D:1     /W-F2-1  /T0-F2-1 /T0-F1-1 /T3-F2-1 /T3-F1-1 /T5-F1-1 /T5-T2-1 
/T5-F3-1 /T0-F2-1 /W-F3-1  /T0-F3-1 /T3-F2-1 /T3-F1-1 /T6-F1-1 /T1-T2-1 /D:2     /W-T2-1  
/D:1     /W-T2-1  /W-T2-1  /D:1     /W-F0-1  /T0-F0-1 /D:1     /W-F0-1  /T0-T2-1 /T0-F0-1 
/D:1     /W-F2-1  /T3-F2-1 /T3-F1-1 /T2-T0-2 /T2-F1-1 /T3-T4-1 /T3-F1-1 /W-T4-1  /D:1     
/W-F3-1  /T0-F3-1 /T0-F2-1 /T4-F3-1 /T0-F3-1 /T4-F2-1 /T2-F2-1 /T2-F1-1 /T4-F3-1 /T4-F2-1 
/T2-F2-1 /D:1     /W-F1-1  /D:1     /W-F0-1  /T0-F0-1 /T0-F3-1 /T3-F0-1 /T0-F0-1 /T3-F3-1 
"
1011601,G#kA#DYn#CIHz#WLrmJ#tVdvQi#BxhXcsq#fgZSFbTaRMPNyoOpujlwKeUE,168.000000,1677.000000,56.000000,0.543269,1,"
minimal: 0 / states: 128 / duration: 0.000119s
history:
/T1-F0-1 /T2-F2-1 /T5-T4-1 /T4-T1-2 /T2-T3-1 /D:1     /W-T0-1  /D:7     /W-F1-1  /D:3     
/W-T2-1  /D:1     /W-F3-1  /D:1     /W-T4-1  /T1-T4-3 /T3-T1-2 /T3-T4-1 /D:1     /W-F2-1  
/D:1     /W-F3-1  /T2-F3-1 /T5-F3-1 /D:1     /W-F2-1  /T6-F2-1 /D:5     /W-T1-1  /D:1     
/W-T6-1  /T2-T6-1 /T4-T2-6 /T4-F2-1 /D:1     /W-T3-1  /T0-T3-2 /D:1     /W-T3-1  /R       
/D:1     /W-T2-1  /T6-T2-3 /T6-T2-1 /T6-T4-1 /T6-T5-1 /D:1     /W-T0-1  /T4-T0-2 /T5-T4-2 
/T5-T3-1 /T4-T1-3 /D:3     /W-F1-1  /T2-F1-1 /T3-F1-1 /D:2     /W-F3-1  /D:1     /W-T4-1  
/D:1     /W-T5-1  /W-T5-1  /W-T5-1  /W-F3-1  /T2-T5-2 /T2-F2-1 /T5-T2-3 /T5-F3-1 /T3-T1-3 
/T3-F3-1 /D:1     /W-T6-1  /T3-T6-1 /D:1     /W-T4-1  /T6-T4-3 /T6-F0-1 /T3-F0-1 /T2-F0-1 
/T1-F0-1 /T2-F1-1 /T1-F1-1 /T2-F0-1 /T1-F0-1 /T2-F1-1 /T2-F0-1 /T5-T2-1 /T5-F3-1 /T5-F2-1 
/T1-F1-1 /T2-F2-1 /T1-F2-1 /T2-F1-1 /T4-F0-1 /T1-F3-1 /T2-F0-1 /T4-F1-1 /T1-F0-1 /T0-F3-1 
/T0-F0-1 /T1-F3-1 /T0-F3-1 /T2-F1-1 /T4-T1-2 /T4-F0-1 /D:1     /W-F2-1  /T1-F2-1 /T1-F1-1 
/T2-F2-1 /T1-F2-1 /T2-F1-1 
"
1011606,g#nU#QsZ#JlzL#qtWbv#PFDfKk#uSXBOeV#iaYIxMEjCGdyhpTcAoNRrwHm,153.000000,4005.000000,58.000000,0.511111,1,"
minimal: 0 / states: 133 / duration: 0.000118s
history:
/T5-T3-1 /T3-T2-2 /T1-T4-1 /T1-F2-1 /T2-T1-3 /T2-T0-1 /D:2     /W-F1-1  /D:1     /W-T3-1  
/T5-T3-1 /D:4     /W-T5-1  /T2-T5-1 /T3-T2-3 /D:1     /W-T2-1  /T4-T2-2 /T4-F1-1 /D:1     
/W-T5-1  /D:1     /W-T2-1  /T5-T2-4 /D:6     /W-F1-1  /D:1     /W-F0-1  /D:1     /W-F2-1  
/D:1     /W-F3-1  /D:1     /W-T0-1  /T5-T0-1 /D:2     /W-T1-1  /T6-T1-1 /T6-T5-1 /T6-F3-1 
/T6-F0-1 /T2-F0-1 /T0-F0-1 /D:1     /W-T1-1  /T0-T1-3 /D:1     /W-T0-1  /R       /D:2     
/W-T4-1  /D:1     /W-T3-1  /T4-T3-2 /D:2     /W-F1-1  /T5-F1-1 /D:1     /W-T0-1  /T6-T0-1 
/T6-T4-1 /T2-T4-2 /T2-F1-1 /D:1     /W-T3-1  /T4-T3-4 /T4-T1-1 /W-T4-1  /T3-T4-9 /W-T3-1  
/T3-T0-2 /T6-T0-1 /D:1     /W-F2-1  /T1-F2-1 /D:1     /W-T0-1  /T5-T0-1 /T5-F3-1 /T4-F3-1 
/T1-F3-1 /T4-F0-1 /T0-F0-1 /T2-F0-1 /T4-F3-1 /T0-F3-1 /T2-F3-1 /T1-T0-2 /T1-F0-1 /T1-F3-1 
/T4-T2-2 /T4-F0-1 /T4-F3-1 /T0-T1-4 /T0-F0-1 /T0-F3-1 /T2-T4-4 /T2-F0-1 /T2-F3-1 /T1-T0-6 
/T1-F0-1 /T1-F3-1 /T4-T2-6 /T4-F0-1 /D:1     /W-F2-1  /T0-F2-1 /T0-F1-1 /T2-F2-1 /T0-F2-1 
/T2-F1-1 /T0-F1-1 /T2-F2-1 /T0-F2-1 /T2-F1-1 /T0-F1-1 /T2-F2-1 /T0-F2-1 /T2-F1-1 /T0-F1-1 
/T2-F2-1 
"
1011637,Y#sV#zJW#AZPH#FdGUv#OEDpue#QTkBqcm#xywMKogLlSbRjNXCinharftI,123.000000,2152.000000,55.000000,0.523256,1,"
minimal: 0 / states: 134 / duration: 0.000120s
history:
/T4-T2-1 /T3-T1-1 /T4-T2-1 /T4-T2-1 /D:1     /W-T0-1  /T2-T0-4 /T1-T2-2 /T5-T1-1 /D:1     
/W-T6-1  /D:4     /W-T3-1  /D:1     /W-T2-1  /T1-T2-2 /T6-T1-2 /D:3     /W-T0-1  /D:4     
/W-F3-1  /D:1     /W-T1-1  /T2-T1-6 /T0-T2-7 /D:1     /W-T4-1  /D:2     /W-F2-1  /T3-F2-1 
/D:2     /W-F1-1  /D:1     /W-T2-1  /T4-T2-2 /D:3     /R       /D:2     /W-T0-1  /D:3     
/W-T0-1  /D:1     /W-F1-1  /T6-F1-1 /T6-T1-1 /T6-T3-1 /T3-T1-2 /W-T3-1  /T6-T3-1 /T6-T5-1 
/T4-T5-1 /T3-T4-3 /T3-F0-1 /T1-F0-1 /T2-F0-1 /T2-F1-1 /W-T0-1  /W-T4-1  /T6-T2-1 /D:1     
/W-T5-1  /T1-T5-2 /T1-F1-1 /D:1     /W-T0-1  /D:1     /W-T4-1  /T5-T4-6 /T5-F2-1 /T5-F0-1 
/T5-F0-1 /T5-F3-1 /T4-F3-1 /T2-F3-1 /T4-F2-1 /T2-F2-1 /T4-F3-1 /T1-F2-1 /T2-F3-1 /T4-F0-1 
/T4-F3-1 /T2-F0-1 /T2-F3-1 /T1-T4-1 /T1-F0-1 /T1-F3-1 /T2-T0-1 /T2-F3-1 /D:1     /W-T0-1  
/D:1     /W-F1-1  /T4-F1-1 /T0-F1-1 /D:1     /W-F2-1  /T4-F2-1 /T0-F2-1 /T4-F1-1 /T4-F2-1 
/T0-F1-1 /T2-F2-1 /T4-F1-1 /T0-T2-1 /T0-F1-1 /T1-T4-2 /T1-F2-1 /T1-F1-1 /T2-T0-2 /T2-F2-1 
/D:1     /W-F0-1  /T4-F0-1 /T0-F0-1 /T4-F3-1 /T0-F3-1 /T4-F0-1 /T0-F0-1 /T4-F3-1 
"
1011649,S#Gi#NWK#vfMo#UqVjR#JDldca#FOsLYzb#XnHtCEZxmIeByTAkPwQgphru,115.500000,1953.000000,31.000000,0.730159,1,"
minimal: 0 / states: 113 / duration: 0.000102s
history:
/T5-F1-1 /T6-F1-1 /T5-F1-1 /T5-F1-1 /T2-T5-1 /T5-T6-2 /T2-T6-1 /T2-F3-1 /T6-T2-4 /T5-T4-1 
/T1-T5-1 /T0-T1-1 /D:2     /W-F2-1  /T3-F2-1 /T6-T3-1 /T3-T0-2 /W-T6-1  /T5-T6-2 /D:1     
/W-T6-1  /D:3     /W-T1-1  /D:1     /W-T5-1  /T6-T5-5 /T4-T6-2 /D:1     /W-T0-1  /T4-T0-1 
/D:2     /W-T0-1  /D:1     /W-F1-1  /T3-F1-1 /T3-T2-1 /W-T3-1  /D:2     /W-T3-1  /D:1     
/W-T5-1  /T6-T5-3 /T6-F3-1 /D:1     /W-F0-1  /W-F0-1  /W-F0-1  /T5-F0-1 /T1-F0-1 /T6-F0-1 
/D:1     /W-T3-1  /D:1     /W-F3-1  /D:1     /W-T3-1  /T4-T3-1 /T4-T5-1 /W-T4-1  /T1-T4-1 
/T1-F0-1 /T4-T0-3 /D:1     /W-F3-1  /D:1     /W-F1-1  /D:1     /W-F2-1  /T5-F2-1 /T5-F3-1 
/T0-F3-1 /D:1     /W-F1-1  /T5-T3-3 /T5-F1-1 /D:1     /W-F2-1  /T3-F2-1 /T0-F2-1 /T3-F3-1 
/T0-F3-1 /T3-F0-1 /T0-F0-1 /T0-F1-1 /T3-F3-1 /T5-F0-1 /T2-T0-2 /T2-F0-1 /T3-T5-1 /T3-F1-1 
/T2-F1-1 /T5-T3-2 /T5-F0-1 /T0-T2-4 /T0-F0-1 /T3-T5-3 /T3-F1-1 /D:1     /W-F2-1  /T2-F2-1 
/T2-F3-1 /T5-F2-1 /T2-F2-1 /T5-F3-1 /T2-F3-1 /T5-F2-1 /T2-F2-1 /T5-F3-1 
"
1011712,T#hk#SXB#QyHw#YvcaP#xFmUir#jJezdCA#qpLbKRMVgfnGoDOlsEWINtZu,139.000000,2724.000000,47.000000,0.657609,1,"
minimal: 0 / states: 121 / duration: 0.000121s
history:
/T6-F0-1  /T2-F0-1  /T6-F0-1  /T6-T5-1  /T3-T1-1  /T0-T3-1  /T6-T0-1  /D:1      /W-T6-1   /T4-T6-1  
/T4-F1-1  /D:1      /W-T5-1   /D:2      /W-F1-1   /T4-F1-1  /D:4      /W-T1-1   /T3-T1-2  /T1-T3-5  
/T1-T4-1  /W-T1-1   /D:3      /W-F2-1   /D:1      /W-T4-1   /W-T4-1   /T5-T4-3  /D:1      /W-F2-1   
/T4-F2-1  /T4-F1-1  /D:1      /W-F0-1   /D:2      /W-T0-1   /D:1      /W-T3-1   /T6-T3-3  /T5-T6-1  
/T6-T2-2  /T4-T6-5  /T4-T1-1  /D:1      /W-F0-1   /D:3      /W-F3-1   /D:1      /W-T5-1   /D:1      
/W-T4-1   /T3-T4-10 /T3-T6-1  /D:1      /W-T2-1   /R        /D:2      /W-T0-1   /T6-T0-7  /D:2      
/W-T2-1   /D:1      /W-F3-1   /T4-F3-1  /T0-F3-1  /T4-F2-1  /T0-F2-1  /T4-F1-1  /T0-F1-1  /W-F3-1   
/T4-F2-1  /T2-F1-1  /T5-F2-1  /T2-F2-1  /T0-T5-1  /T0-F1-1  /T5-T0-2  /T5-T3-1  /T5-F0-1  /W-T3-1   
/T2-T3-3  /T2-F3-1  /T0-F0-1  /T4-F3-1  /T0-F3-1  /T0-F2-1  /T4-F0-1  /T3-F1-1  /T4-F3-1  /T4-F2-1  
/T0-F1-1  /T4-F1-1  /T5-F2-1  /T4-F2-1  /T0-T1-1  /T0-F1-1  /T0-F2-1  /T3-T4-3  /T3-F1-1  /D:1      
/W-F3-1   /D:1      /W-F0-1   /T4-F0-1  /T1-F0-1  /T4-F3-1  /T1-F3-1  /T4-F0-1  /T1-F0-1  /T4-F3-1  
"
1011762,Z#PU#GkI#lRtO#JpLqN#wfQBHc#XhCMoym#zAKejsFYavubSExdnTDWgirV,153.500000,1390.000000,49.000000,0.617021,1,"
minimal: 0 / states: 125 / duration: 0.000122s
history:
/T4-F3-1 /T3-F3-1 /T5-T4-1 /T3-T1-1 /T4-T3-2 /T4-T0-1 /T1-T2-2 /T1-F3-1 /T6-T1-1 /T6-T1-1 
/T6-T3-1 /D:2     /W-F0-1  /D:6     /W-T6-1  /D:1     /W-F1-1  /D:3     /W-F1-1  /D:1     
/W-T2-1  /D:1     /W-T2-1  /D:1     /W-T6-1  /D:1     /W-T2-1  /T4-T2-1 /D:1     /W-F2-1  
/T3-F2-1 /T2-F2-1 /T3-F1-1 /T3-F2-1 /T2-F1-1 /D:1     /W-T5-1  /D:1     /W-T3-1  /D:1     
/W-T6-1  /T2-T6-5 /T2-T0-1 /T4-T0-1 /T6-T4-9 /F1-T4-1 /T6-T4-1 /T2-T6-1 /D:2     /W-T0-1  
/T5-T0-2 /T5-F0-1 /T4-F0-1 /T3-F0-1 /T4-F1-1 /T5-F3-1 /T3-F3-1 /T4-F0-1 /T5-T6-1 /T4-F3-1 
/T0-F3-1 /W-T0-1  /D:1     /W-F2-1  /D:1     /W-T5-1  /W-T5-1  /R       /D:1     /W-T2-1  
/T3-T2-1 /D:1     /W-T2-1  /D:1     /W-F1-1  /T6-F1-1 /T0-F1-1 /D:1     /W-T2-1  /D:1     
/W-F2-1  /T4-F2-1 /T5-F2-1 /T6-T4-1 /T6-F1-1 /T0-T5-1 /T0-F1-1 /T2-F1-1 /T0-T6-1 /T0-F1-1 
/T6-T0-2 /D:1     /W-F0-1  /T4-F0-1 /T4-F3-1 /T5-F0-1 /T4-F0-1 /T5-F3-1 /T0-F0-1 /T2-F0-1 
/T2-F1-1 /T4-F3-1 /T0-F3-1 /T0-F0-1 /T1-T0-1 /T1-F1-1 /T4-T2-2 /T4-F0-1 /D:1     /W-F2-1  
/T5-F2-1 /T2-F2-1 /T0-F2-1 /T2-F3-1 /T0-F3-1 /T2-F2-1 
"
1011787,V#QZ#lFA#uTKE#ewtPU#Cfksdc#ohRONLH#SyagJDMpbmxInXqBvGizYWjr,147.000000,4373.000000,66.000000,0.552885,1,"
minimal: 0 / states: 140 / duration: 0.000136s
history:
/T2-F0-1  /T6-T0-1  /T6-T1-1  /T6-F3-1  /T6-F3-1  /T6-T2-1  /D:3      /W-F1-1   /D:1      /W-T0-1   
/T2-T0-2  /D:2      /W-T0-1   /T5-T0-1  /T5-T3-1  /D:2      /W-T3-1   /D:1      /W-F1-1   /T0-F1-1  
/D:2      /W-T2-1   /D:2      /W-F2-1   /D:1      /W-T1-1   /D:2      /W-F0-1   /D:2      /W-T4-1   
/D:4      /W-T2-1   /D:2      /R        /D:1      /W-T4-1   /T3-T4-3  /D:2      /W-T1-1   /T0-T1-6  
/T1-T0-10 /T4-T1-1  /T4-F1-1  /T1-T4-2  /D:1      /W-T1-1   /T2-T1-3  /D:1      /W-T2-1   /W-T2-1   
/D:1      /W-T1-1   /T4-T1-6  /T4-F3-1  /T4-T6-1  /D:3      /W-T4-1   /D:3      /W-T3-1   /D:1      
/R        /D:2      /W-T3-1   /T6-T3-2  /T6-F2-1  /T1-F2-1  /W-F2-1   /T1-F3-1  /D:1      /W-T6-1   
/D:1      /W-T6-1   /T3-T6-5  /T5-T3-1  /T5-T2-1  /T4-T2-2  /T5-T6-1  /T5-F0-1  /T0-F0-1  /T0-F3-1  
/T1-F0-1  /T4-F1-1  /T0-F0-1  /T1-F3-1  /T3-T0-1  /T3-F3-1  /T1-F0-1  /T1-F3-1  /T6-F1-1  /T0-T2-3  
/T0-F3-1  /T2-T3-2  /T2-F0-1  /T1-F0-1  /T0-F0-1  /T1-F3-1  /T0-F3-1  /T6-T1-4  /T6-F0-1  /T0-F0-1  
/T6-F3-1  /T0-F3-1  /T1-T6-6  /T1-F0-1  /T3-T2-3  /D:1      /W-F2-1   /T2-F2-1  /T2-F1-1  /T6-F2-1  
/T2-F2-1  /T6-F1-1  /T2-F1-1  /T6-F2-1  /T2-F2-1  /T6-F1-1  /T2-F1-1  /T6-F2-1  /T2-F2-1  /T6-F1-1  
/T2-F1-1  /T6-F2-1  
"
1011801,K#yT#hwz#XPdA#UJCpl#msLrVB#iWSDeaq#fNGFEIbOjRvxHcYgoZktMQun,140.500000,2551.000000,51.000000,0.565476,1,"
minimal: 0 / states: 127 / duration: 0.000123s
history:
/T3-F0-1 /T5-F0-1 /T4-T2-1 /T4-T3-1 /T4-F0-1 /T5-T4-1 /T3-T5-2 /T3-T6-1 /T4-T3-2 /T0-T2-1 
/T2-T0-3 /D:2     /W-F3-1  /D:1     /W-T4-1  /W-T4-1  /T5-T4-3 /T3-T5-3 /D:1     /W-T1-1  
/D:3     /W-T4-1  /D:1     /W-F3-1  /T6-F3-1 /D:1     /W-T0-1  /W-T0-1  /T4-T0-7 /D:1     
/W-T1-1  /T6-T1-1 /T6-F1-1 /T0-F1-1 /D:3     /W-T5-1  /T1-T5-4 /D:1     /W-F1-1  /D:4     
/W-T3-1  /T5-T3-9 /T6-T5-1 /T6-F0-1 /D:1     /W-T1-1  /T2-T1-1 /D:1     /W-T2-1  /T6-T2-1 
/D:1     /W-T4-1  /D:1     /W-F3-1  /T3-T5-1 /T3-F3-1 /T2-F3-1 /D:2     /W-F2-1  /R       
/D:1     /W-F0-1  /T3-F0-1 /T5-T3-3 /T0-T2-4 /T0-F0-1 /T1-T5-3 /D:1     /W-T6-1  /T2-T6-6 
/D:2     /W-T4-1  /W-T4-1  /T6-T4-8 /T6-T5-1 /D:2     /W-F2-1  /T4-F2-1 /T3-F2-1 /T4-F1-1 
/T3-F1-1 /T4-F2-1 /T3-F2-1 /T3-F3-1 /T4-F1-1 /T4-F2-1 /T0-F3-1 /W-F1-1  /T3-F0-1 /T4-F1-1 
/T0-F0-1 /T3-F3-1 /T3-F0-1 /T5-F1-1 /T0-F1-1 /T0-F0-1 /T5-T3-1 /T5-F1-1 /T0-F1-1 /T3-T5-2 
/T3-F0-1 /T4-T0-4 /T4-F0-1 /T5-T3-3 /T5-F1-1 /D:1     /W-F2-1  /T0-F2-1 /T0-F3-1 /T3-F2-1 
/T0-F2-1 /T3-F3-1 /T0-F3-1 /T3-F2-1 /T0-F2-1 /T3-F3-1 
"
1011834,z#Rf#pGP#ZMsb#LuOex#qEoSAn#XmwtVBU#DrcgyiChKNWvjFHkdlJYIQaT,126.000000,506.000000,56.000000,0.600877,0,"
minimal: 0 / states: 54583 / duration: 0.219867s
history:
/T5-F2-1 /T5-F0-1 /D:2     /W-T1-1  /D:8     /W-F3-1  /D:1     /W-T4-1  /D:1     /W-T4-1  
/D:6     /W-T0-1  /T4-T0-3 /D:4     /W-T1-1  /D:1     /W-F1-1  /T3-F1-1 /T4-T3-1 /T4-F3-1 
/T2-F3-1 /T1-F3-1 /T1-T2-2 /T1-F3-1 /T5-F3-1 /T5-F2-1 /D:1     /W-F3-1  /T6-F3-1 /T6-F0-1 
/T6-F3-1 /R       /D:1     /W-T3-1  /D:1     /W-F1-1  /D:1     /W-T4-1  /D:3     /W-F0-1  
/T3-F0-1 /T5-F0-1 /D:1     /W-T0-1  /T2-T0-3 /T2-F2-1 /T5-F2-1 /T0-F2-1 /D:3     /W-F0-1  
/T0-T6-1 /T0-F0-1 /D:1     /W-F0-1  /D:2     /W-F1-1  /T3-F1-1 /T3-F2-1 /T6-F1-1 /T4-F1-1 
/T0-F1-1 /T6-F2-1 /T4-F2-1 /T0-F2-1 /T0-F3-1 /T6-F2-1 /T0-F2-1 /T6-T1-1 /T6-F3-1 /D:2     
/W-F3-1  /D:1     /W-F0-1  /R       /D:1     /W-F2-1  /D:1     /W-F1-1  /D:1     /W-T0-1  
/D:1     /W-F1-1  /D:1     /W-F1-1  /D:1     /W-F0-1  /T0-F0-1 /T0-F1-1 /T0-F2-1 /T1-F1-1 
/T4-F0-1 /T3-F0-1 /T3-F3-1 
"
1011879,v#MD#oCR#HJFO#WkLGi#mbQYUP#chBlAKn#gIrTxfzsXZEpSaVtyeNdujwq,85.000000,1678.000000,44.000000,0.701389,1,"
minimal: 0 / states: 129 / duration: 0.000127s
history:
/T6-F2-1 /T5-T1-1 /T5-T0-1 /T6-T5-1 /T6-F0-1 /T1-T2-2 /T5-T1-2 /D:5     /W-T6-1  /D:7     
/W-T5-1  /T3-T5-1 /T2-T3-3 /D:2     /W-F1-1  /D:2     /W-T0-1  /D:3     /W-F3-1  /T5-F3-1 
/T3-F3-1 /D:2     /W-T4-1  /D:1     /W-T1-1  /T0-T1-3 /D:2     /R       /D:1     /W-T4-1  
/T3-T4-3 /T4-T3-6 /D:4     /W-T1-1  /D:1     /W-T0-1  /T6-T0-2 /T6-F0-1 /T2-F0-1 /T2-F2-1 
/T4-T6-1 /T3-F0-1 /T5-F2-1 /T5-F3-1 /T5-F1-1 /T4-T5-1 /T3-T4-6 /T4-T5-7 /T5-F3-1 /W-T3-1  
/W-T1-1  /W-T4-1  /T6-T4-2 /T6-F1-1 /T4-T0-4 /D:1     /W-T3-1  /D:2     /W-T2-1  /D:1     
/W-F0-1  /T5-F0-1 /T0-F0-1 /D:1     /W-F3-1  /T3-T5-1 /T3-F3-1 /T3-F0-1 /T1-T0-3 /T1-F3-1 
/T0-T1-4 /T0-F0-1 /D:1     /W-F3-1  /T0-F3-1 /W-F3-1  /D:1     /W-T2-1  /D:1     /W-T5-1  
/D:1     /W-F1-1  /T5-F1-1 /D:2     /W-F2-1  /T1-F2-1 /T1-F1-1 /T5-F2-1 /T1-F2-1 /T5-F1-1 
/T1-F1-1 /T5-F2-1 /T1-F2-1 /T5-F1-1 /T1-F1-1 /T5-F0-1 /T1-F0-1 /W-F2-1  /T0-F2-1 /T1-F3-1 
/T5-F1-1 /T0-F1-1 /T2-F2-1 /T0-F2-1 /T5-F0-1 /T1-F0-1 /T2-F3-1 /T5-F1-1 
"
1011904,Q#mH#zao#jpgX#VrMOL#UJDISt#BAsYedb#EWuwGyNlhZnfxvqkPCRcKFTi,130.000000,1654.000000,51.000000,0.620879,1,"
minimal: 0 / states: 126 / duration: 0.000129s
history:
/T3-T4-1 /T3-T1-1 /T6-T3-1 /T3-T0-2 /D:4     /W-T4-1  /D:3     /W-F3-1  /D:4     /W-F2-1  
/T2-F2-1 /T2-F1-1 /T0-F1-1 /T0-F2-1 /D:1     /W-T5-1  /D:2     /W-T3-1  /D:1     /W-F2-1  
/D:3     /W-T0-1  /D:2     /W-F1-1  /T6-F1-1 /T6-F1-1 /T6-T2-1 /T6-T1-1 /T6-F0-1 /T6-F0-1 
/T0-F0-1 /T5-F1-1 /W-T1-1  /D:1     /W-T2-1  /T3-T2-2 /D:3     /W-T4-1  /T1-T4-4 /T4-T1-8 
/T4-F3-1 /T4-T3-1 /T4-F2-1 /R       /D:3     /W-T4-1  /D:3     /W-T3-1  /D:1     /W-T2-1  
/T5-T2-1 /T5-T2-1 /D:1     /W-T6-1  /W-T6-1  /D:1     /W-T3-1  /D:1     /W-T6-1  /D:1     
/W-F3-1  /T0-F3-1 /T1-F3-1 /T1-F2-1 /T1-F1-1 /T2-F3-1 /T2-F2-1 /T2-F1-1 /T4-F2-1 /T2-F2-1 
/T5-T2-1 /T5-F0-1 /T5-T6-1 /T1-T4-1 /T1-F1-1 /T1-F2-1 /T3-F2-1 /W-T5-1  /T4-T6-2 /T5-T2-2 
/D:2     /W-F3-1  /R       /D:1     /W-F0-1  /D:2     /W-F0-1  /T2-F0-1 /T2-F3-1 /T6-F0-1 
/T2-F0-1 /T2-F1-1 /T6-F3-1 /T6-F0-1 /T6-F1-1 /W-F3-1  /T1-F3-1 /T2-F0-1 /T1-F0-1 /T2-F3-1 
/T3-F1-1 /T3-F0-1 /T6-F2-1 /T1-F1-1 /T2-F2-1 /T6-F3-1 
"
1011951,Z#yA#xIv#wnLe#khSFT#gzPtMH#JVXsmra#YNOBuWqojKDlGQfdEcCiRpbU,91.500000,1506.000000,48.000000,0.581522,1,"
minimal: 0 / states: 127 / duration: 0.000132s
history:
/T1-F0-1  /T6-F1-1  /T4-T5-1  /T3-T4-1  /T4-T5-2  /T6-T4-1  /T3-T0-1  /T3-F2-1  /T1-T6-1  /T6-T1-2  
/D:2      /W-F3-1   /D:1      /W-F3-1   /D:1      /W-F0-1   /D:3      /W-T5-1   /D:1      /W-F2-1   
/D:6      /W-T4-1   /D:4      /W-T5-1   /D:1      /W-F0-1   /D:1      /W-T3-1   /T5-T3-6  /D:1      
/W-T6-1   /D:1      /W-F2-1   /D:1      /W-F1-1   /T3-F1-1  /T3-F2-1  /D:1      /W-T2-1   /R        
/D:1      /W-T5-1   /D:4      /W-T5-1   /W-T5-1   /T2-T5-2  /D:1      /W-F0-1   /D:2      /W-T5-1   
/T4-T5-3  /T4-T2-1  /T3-T4-6  /T5-T3-10 /T5-T2-1  /T5-F3-1  /T3-F3-1  /T6-F3-1  /T4-T0-7  /T5-T4-1  
/T6-T5-1  /T6-T1-1  /T3-F2-1  /T3-F3-1  /T5-F2-1  /T2-F2-1  /T0-T5-2  /T0-F3-1  /T3-T2-1  /T3-F3-1  
/T6-F3-1  /W-T4-1   /W-F3-1   /T1-F3-1  /W-F2-1   /T3-F2-1  /T2-T3-3  /T0-T6-2  /T0-F2-1  /T2-F2-1  
/T1-F2-1  /T3-T4-5  /T3-F3-1  /T0-T1-2  /T0-F3-1  /T4-T3-6  /T4-F2-1  /T5-T6-3  /T6-T1-6  /D:1      
/W-T3-1   /D:1      /W-F1-1   /T1-F1-1  /T3-F1-1  /D:1      /W-F0-1   /T1-F0-1  /T1-F1-1  /T3-F0-1  
/T1-F0-1  /T3-F1-1  /T1-F1-1  /T3-F0-1  /T1-F0-1  /T3-F1-1  /T1-F1-1  /T3-F0-1  /T1-F0-1  /T3-F1-1  
/T1-F1-1  /T3-F0-1  
"
1011978,k#Gu#IDw#dvKc#lXMaj#pFJntB#QfEHNAR#shSPCgmiqVOUbrzZToYxeyWL,182.000000,2256.000000,41.000000,0.683168,1,"
minimal: 0 / states: 114 / duration: 0.000122s
history:
/T5-T3-1 /T2-T0-1 /T3-T2-2 /T4-T3-1 /T4-F1-1 /T2-T6-3 /T2-T3-1 /T4-T2-1 /D:2     /W-T3-1  
/T5-T3-1 /T5-F2-1 /T5-T4-1 /T6-T5-4 /T6-F0-1 /T5-F0-1 /T6-F3-1 /D:1     /W-T3-1  /D:2     
/W-F0-1  /D:1     /W-T1-1  /T5-T1-4 /D:2     /W-T0-1  /T6-T0-1 /T6-T3-1 /D:2     /W-T4-1  
/T1-T4-6 /T6-T1-1 /T5-T6-1 /T6-T3-2 /D:1     /W-F3-1  /D:2     /W-F1-1  /T4-F1-1 /T4-F0-1 
/D:1     /W-T1-1  /T3-T1-2 /T3-F0-1 /D:1     /W-T5-1  /D:1     /W-T6-1  /D:1     /W-T0-1  
/D:1     /W-F2-1  /T1-F2-1 /D:1     /W-T2-1  /T3-T2-6 /W-T3-1  /W-F2-1  /T1-T3-4 /W-T1-1  
/W-F3-1  /T3-F3-1 /T4-F3-1 /T2-F3-1 /T0-F3-1 /T3-F2-1 /T4-F0-1 /W-F2-1  /T2-F2-1 /T3-T2-2 
/T3-F3-1 /T4-T0-1 /T4-F2-1 /T3-F2-1 /T3-F1-1 /T4-F3-1 /T0-T4-3 /T0-F2-1 /D:1     /W-F2-1  
/D:1     /W-F1-1  /T2-F1-1 /T2-F0-1 /T4-F1-1 /T2-F1-1 /T4-F0-1 /T2-F0-1 /T4-F1-1 /T2-F1-1 
/T4-F0-1 /T0-F1-1 /T2-F0-1 /D:1     /W-T1-1  /T4-T1-1 /T4-F1-1 /T1-T6-2 /T1-F1-1 /D:1     
/W-F3-1  /T6-F3-1 /T2-F3-1 /T6-F2-1 /T5-F2-1 /T6-F3-1 /D:1     /W-F0-1  /T2-F0-1 
"
1011988,h#bK#RWv#VlLY#ndZTJ#BOFXNq#tmHMzcu#pIoijAPgaCUEQrefwsySGxDk,137.000000,2412.000000,57.000000,0.554455,1,"
minimal: 0 / states: 133 / duration: 0.000137s
history:
/T1-T3-1  /T0-T2-1  /D:4      /W-T4-1   /T6-T4-1  /T6-T5-1  /T6-T0-1  /T3-T0-2  /W-T5-1   /D:1      
/W-T0-1   /T2-T0-2  /W-T2-1   /D:1      /W-F0-1   /D:2      /W-T4-1   /D:1      /W-F1-1   /T1-F1-1  
/T6-T1-1  /D:2      /W-T2-1   /D:7      /W-T4-1   /D:3      /W-T0-1   /W-T0-1   /D:3      /W-T3-1   
/T4-T3-5  /T4-T6-1  /T3-T4-7  /T3-T1-1  /T6-T3-2  /R        /D:4      /W-T0-1   /D:1      /W-T0-1   
/W-T0-1   /D:2      /W-T4-1   /T5-T4-3  /T5-F3-1  /D:2      /W-T5-1   /T3-T5-3  /T4-T3-12 /D:1      
/W-T6-1   /T5-T6-5  /T5-T6-1  /T5-F3-1  /T5-F0-1  /T0-F0-1  /T6-T5-8  /W-T6-1   /W-T6-1   /T4-T6-1  
/T4-F2-1  /T3-F2-1  /T3-F1-1  /W-F3-1   /W-F2-1   /T0-F3-1  /T3-F2-1  /T6-F1-1  /T6-F2-1  /T3-F1-1  
/T3-F2-1  /T6-F1-1  /T3-F1-1  /T6-F2-1  /T3-F2-1  /T0-T2-3  /T0-F1-1  /T0-F2-1  /T3-F1-1  /T0-F1-1  
/T2-T0-6  /T2-F3-1  /T5-T3-4  /T5-F2-1  /T3-T5-5  /T3-F1-1  /T1-F1-1  /D:1      /W-F2-1   /T5-T3-6  
/T5-F2-1  /T5-F1-1  /T0-T1-8  /T0-F2-1  /D:1      /W-F0-1   /T1-F0-1  /T1-F3-1  /T3-F0-1  /T1-F0-1  
/T3-F3-1  /T1-F3-1  /T3-F0-1  /T1-F0-1  /T3-F3-1  /T1-F3-1  /T3-F0-1  /T1-F0-1  /T3-F3-1  /T1-F3-1  
/T3-F0-1  /T1-F0-1  /T3-F3-1  
"
1020009,T#JK#oNa#ePun#fqSQg#mcUzFY#EkvOGWA#dLrpslyhtRVCBbMiHxXwZIjD,126.500000,1893.000000,60.000000,0.570707,1,"
minimal: 0 / states: 134 / duration: 0.000140s
history:
/T2-F1-1 /T2-F3-1 /T3-F2-1 /T2-F2-1 /T6-F0-1 /T6-T1-1 /T4-T3-1 /T1-T5-2 /D:4     /W-F2-1  
/D:1     /W-T0-1  /D:5     /W-T0-1  /D:1     /W-T1-1  /T3-T1-2 /D:1     /W-T4-1  /D:1     
/W-F0-1  /T4-F0-1 /D:1     /W-F1-1  /D:1     /W-T2-1  /T5-T2-3 /T5-T1-1 /D:7     /W-T2-1  
/D:2     /W-T0-1  /T3-T0-1 /T3-T1-1 /T5-T3-1 /T6-T5-1 /T6-F3-1 /T0-F3-1 /T4-F3-1 /T4-T5-1 
/T4-F2-1 /T5-T2-3 /T5-F1-1 /T0-F0-1 /T0-F3-1 /T2-F3-1 /T4-T2-1 /R       /D:1     /W-F1-1  
/T1-F1-1 /T2-F1-1 /D:1     /W-T5-1  /D:1     /W-F2-1  /T0-F2-1 /T0-F3-1 /D:1     /W-T3-1  
/D:2     /W-T6-1  /T2-T6-1 /T2-F3-1 /D:1     /W-F2-1  /D:3     /W-T3-1  /D:1     /W-T5-1  
/T1-T5-5 /D:2     /W-T0-1  /D:1     /W-T3-1  /T6-T3-3 /W-T6-1  /R       /D:1     /W-T0-1  
/T6-T0-2 /T6-F0-1 /T5-F0-1 /T3-F0-1 /T5-F1-1 /T3-F1-1 /T5-F2-1 /T3-F2-1 /T0-F2-1 /T5-F3-1 
/T2-T3-1 /T2-F3-1 /T3-T2-2 /T3-F2-1 /T5-T0-1 /T5-F3-1 /T0-T5-2 /T0-F2-1 /T2-T3-3 /T2-F3-1 
/T0-F3-1 /T3-T2-4 /T3-F2-1 /D:1     /W-F1-1  /D:1     /W-F0-1  /T2-F0-1 /T2-F1-1 /T5-F0-1 
/T2-F0-1 /T5-F1-1 /T2-F1-1 /T5-F0-1 /T2-F0-1 /T5-F1-1 
"
1020094,i#cj#GXN#eSDd#lkPBY#QvqmnR#WTOsZbK#AoMawIVrCpEhfFLzxytUJHgu,118.500000,1300.000000,43.000000,0.623377,1,"
minimal: 0 / states: 113 / duration: 0.000130s
history:
/T2-F3-1 /T6-T4-1 /T1-T4-1 /D:1     /W-F0-1  /D:1     /W-T1-1  /D:2     /W-F1-1  /T6-F1-1 
/D:1     /W-T2-1  /T0-T2-1 /T6-T0-1 /T5-T6-1 /T5-F2-1 /T1-F2-1 /T1-F1-1 /T3-F1-1 /T5-T1-1 
/T3-T6-1 /D:1     /W-T4-1  /D:2     /W-T3-1  /D:2     /W-F2-1  /T5-F2-1 /T3-F2-1 /D:1     
/W-T3-1  /D:1     /W-T4-1  /D:3     /W-T0-1  /T2-T0-3 /T3-T2-2 /T3-F1-1 /T2-T4-3 /D:1     
/W-T2-1  /T4-T2-8 /T4-F0-1 /T4-T6-1 /D:2     /W-T1-1  /T4-T1-1 /W-T4-1  /D:2     /W-T5-1  
/W-T5-1  /D:1     /W-T1-1  /D:1     /W-T0-1  /D:1     /W-T0-1  /T6-T0-4 /T6-F3-1 /T0-F3-1 
/W-T6-1  /W-F1-1  /W-F0-1  /T0-F0-1 /T2-F0-1 /T6-F0-1 /T0-T6-2 /T0-F1-1 /T6-T0-3 /T5-T6-3 
/T5-F3-1 /T0-F3-1 /T0-F2-1 /T2-F3-1 /T0-F3-1 /T2-F0-1 /T0-F0-1 /T6-F2-1 /T2-F1-1 /T6-F3-1 
/T2-F0-1 /T0-F1-1 /T1-F0-1 /T2-F1-1 /T1-F1-1 /T2-F0-1 /W-F3-1  /T0-T1-2 /T0-F0-1 /W-F0-1  
/T4-T2-1 /T4-F1-1 /T1-T0-3 /T1-F1-1 /T6-T2-2 /D:1     /W-F2-1  /T2-F2-1 /T0-F2-1 /T2-F3-1 
/T0-F3-1 /T2-F2-1 /T0-F2-1 /T2-F3-1 /T0-F3-1 /T2-F2-1 
"
1020106,Q#BZ#rbx#iWjn#soRpI#KqNkDG#guwYdhf#UVlJACTHcXtMPLEyeFzOvSam,131.500000,1524.000000,58.000000,0.550505,1,"
minimal: 0 / states: 137 / duration: 0.000145s
history:
/T3-F2-1  /T6-T5-1  /T5-T6-2  /T6-T4-3  /T4-T3-4  /T4-T0-1  /T5-T4-1  /T3-T2-5  /D:4      /W-T5-1   
/D:1      /W-F0-1   /D:1      /W-T6-1   /D:3      /W-T4-1   /D:5      /W-T1-1   /T5-T1-2  /T5-F3-1  
/W-T5-1   /D:1      /W-T2-1   /T6-T2-2  /T2-T6-9  /T2-T0-1  /T0-T2-3  /T1-T0-4  /T1-F0-1  /W-T1-1   
/T6-T1-10 /T1-F0-1  /D:5      /W-F3-1   /T5-F3-1  /T4-T5-1  /T4-F0-1  /T5-T4-2  /T3-T5-1  /T2-T1-2  
/T2-F3-1  /T1-T2-3  /T1-F0-1  /T2-T1-4  /W-T2-1   /W-F0-1   /T3-T0-1  /D:1      /W-T5-1   /D:2      
/W-F1-1   /T1-F1-1  /T4-F1-1  /D:1      /W-T3-1   /R        /D:1      /W-T5-1   /D:1      /W-T6-1   
/D:1      /W-T2-1   /T5-T2-4  /D:2      /W-T0-1   /W-T0-1   /F0-T0-1  /T4-T0-2  /T4-F2-1  /T1-F2-1  
/T0-F2-1  /T0-F3-1  /T1-F1-1  /T1-F2-1  /T0-F0-1  /T4-F2-1  /D:2      /W-F2-1   /D:1      /W-T3-1   
/W-T3-1   /T6-T3-2  /T6-F2-1  /D:1      /W-F1-1   /T1-F1-1  /T6-F1-1  /T1-F0-1  /T1-F1-1  /T0-T3-2  
/T0-F1-1  /T2-T1-1  /T2-F2-1  /T1-T2-2  /T1-F1-1  /T3-T0-3  /T3-F2-1  /T1-F2-1  /T0-T3-4  /T0-F1-1  
/T2-T1-4  /T2-F1-1  /T3-T0-5  /T3-F2-1  /T2-F2-1  /T3-F1-1  /D:1      /W-F3-1   /T0-F3-1  /T0-F0-1  
/T1-F3-1  /T0-F3-1  /T1-F0-1  /T0-F0-1  /T1-F3-1  /T0-F3-1  /T1-F0-1  /T0-F0-1  /T1-F3-1  /T0-F3-1  
/T1-F0-1  
"
1020108,g#uk#Gvw#oyTC#PtbDF#piUIKO#SXZRxQz#cWVdBNhalYLEqJmMAjfnHesr,160.500000,1949.000000,55.000000,0.536842,1,"
minimal: 0 / states: 127 / duration: 0.000141s
history:
/T5-T3-1 /T4-T0-1 /T2-T1-1 /D:1     /W-T4-1  /D:1     /W-T5-1  /T2-T5-1 /D:1     /W-T1-1  
/D:2     /W-T4-1  /D:1     /W-F3-1  /T3-F3-1 /D:1     /W-T5-1  /T2-T5-1 /T6-T2-1 /T3-T6-1 
/D:1     /W-F1-1  /D:1     /W-T2-1  /T5-T2-5 /D:8     /W-F0-1  /T4-F0-1 /T6-F0-1 /D:2     
/W-T2-1  /D:1     /W-F2-1  /D:1     /W-T1-1  /T3-T1-1 /T1-T3-5 /T0-T1-2 /D:1     /W-T1-1  
/T4-T1-2 /T4-F1-1 /T1-F1-1 /T1-F0-1 /D:1     /W-T3-1  /D:1     /W-T2-1  /T6-T2-1 /W-T6-1  
/T5-T6-1 /T5-T6-1 /T4-T6-1 /T4-F3-1 /T2-F3-1 /W-T0-1  /W-T4-1  /T3-T4-7 /T3-F2-1 /T1-T5-4 
/R       /D:1     /W-F1-1  /T5-F1-1 /D:1     /W-T0-1  /T6-T0-5 /T6-F3-1 /T6-T1-1 /D:1     
/W-T1-1  /T6-T1-1 /T6-F3-1 /D:1     /W-F0-1  /T5-F0-1 /T2-T0-2 /T2-F0-1 /T4-T5-1 /T4-F3-1 
/T4-F0-1 /T0-T2-3 /T0-F3-1 /T0-F0-1 /T4-F3-1 /T5-T4-4 /T5-F2-1 /T2-T0-5 /T2-F3-1 /T1-F3-1 
/D:1     /W-F2-1  /T0-F2-1 /T0-F1-1 /T4-F2-1 /T0-F2-1 /T4-F1-1 /T0-F1-1 /T4-F2-1 /T0-F2-1 
/T4-F1-1 /T0-F1-1 /T4-F2-1 /T0-F2-1 /T0-F3-1 /T4-F1-1 /T4-F2-1 /T1-T4-1 /T1-F3-1 /T2-T0-2 
/T2-F2-1 /D:1     /W-F0-1  /T0-F0-1 /T0-F1-1 /T4-F0-1 /T0-F0-1 /T4-F1-1 
"
1020110,G#ZR#OVq#iTXI#uvkNL#wgmUpc#sJlnQHf#xheFSdtzBjrEAWoKDyMCaPYb,174.000000,4753.000000,48.000000,0.606061,1,"
minimal: 0 / states: 120 / duration: 0.000130s
history:
/T6-T0-1 /T5-T2-1 /T2-T1-2 /T6-T2-1 /T5-T6-1 /T5-T3-1 /T4-T5-1 /T4-F3-1 /T4-T5-1 /T0-T3-2 
/T5-T0-3 /T5-T2-1 /T2-T5-3 /T2-F3-1 /T5-T0-4 /D:2     /W-T4-1  /D:2     /W-T0-1  /T1-T0-3 
/D:3     /W-T4-1  /D:1     /W-T2-1  /D:1     /W-T0-1  /D:2     /W-T3-1  /T6-T3-2 /T6-F2-1 
/T6-T2-1 /D:2     /W-F0-1  /T0-F0-1 /D:2     /W-F2-1  /T3-F2-1 /D:1     /W-T2-1  /W-T2-1  
/T3-T2-6 /T6-T3-1 /D:2     /W-T1-1  /T3-T1-2 /T6-T3-1 /D:1     /W-T5-1  /D:1     /W-F0-1  
/W-F0-1  /W-F0-1  /T0-T3-3 /T0-F0-1 /T2-T4-3 /T2-F0-1 /D:1     /W-F1-1  /D:1     /W-F3-1  
/T4-F3-1 /D:1     /W-T5-1  /D:1     /W-F1-1  /T3-F1-1 /T3-F2-1 /T3-F3-1 /T4-F2-1 /T3-F2-1 
/R       /D:1     /W-T5-1  /D:2     /W-F3-1  /T3-F3-1 /T2-F3-1 /T0-T3-2 /T0-F3-1 /T3-T0-3 
/D:1     /W-F1-1  /W-F1-1  /T4-F1-1 /T0-F1-1 /T0-F0-1 /T4-F2-1 /T4-F1-1 /T2-F0-1 /T4-T2-1 
/T4-F2-1 /T0-F1-1 /T1-F0-1 /T2-F2-1 /T0-F2-1 /T2-F3-1 /T1-F3-1 /T2-F0-1 /T5-F2-1 /T5-F3-1 
/T1-F2-1 /T1-F3-1 /T2-T5-1 /T2-F2-1 /D:1     /W-F1-1  /T0-F1-1 /T0-F0-1 /T5-F1-1 /T0-F1-1 
/T5-F0-1 
"
1020118,e#EY#HzC#amni#tqhSN#IfvATM#rRKlxsd#ocuOwjpgBPykQXUbFDJLGVWZ,119.000000,3250.000000,54.000000,0.523256,1,"
minimal: 0 / states: 130 / duration: 0.000125s
history:
/T4-F3-1 /T2-T6-1 /T1-T2-1 /T6-T1-2 /T0-T6-1 /T5-T0-1 /T6-T5-2 /T6-T2-1 /T6-T0-1 /T6-T0-1 
/T1-T4-3 /T2-T1-3 /T5-T2-3 /T5-F0-1 /T2-T3-4 /D:4     /W-F3-1  /D:2     /W-T0-1  /T5-T0-1 
/D:3     /W-F0-1  /T4-F0-1 /D:1     /W-F3-1  /D:3     /W-F3-1  /T6-F3-1 /T4-T5-2 /T4-F3-1 
/T4-T0-1 /T4-T3-1 /T5-T4-3 /T4-T0-4 /D:2     /W-T5-1  /D:3     /W-F0-1  /T0-T6-1 /T0-F0-1 
/W-F0-1  /T6-T0-2 /D:3     /W-F0-1  /D:2     /W-T1-1  /T5-T1-2 /D:1     /W-T2-1  /R       
/D:2     /W-T3-1  /W-T3-1  /D:3     /W-T0-1  /D:2     /W-T2-1  /D:1     /W-T2-1  /D:2     
/W-T0-1  /D:1     /W-T2-1  /T3-T2-8 /T3-F2-1 /T2-F2-1 /T3-T4-1 /T3-F1-1 /T0-F1-1 /T0-F2-1 
/T2-F1-1 /T0-F1-1 /T2-F2-1 /T0-F2-1 /T2-F1-1 /T0-F1-1 /T2-F2-1 /T0-F2-1 /T2-F3-1 /T1-F3-1 
/T2-F0-1 /T1-F0-1 /D:1     /W-T4-1  /W-T4-1  /W-F1-1  /T0-F1-1 /T2-F1-1 /T2-F0-1 /T0-T1-1 
/T0-F1-1 /T0-F0-1 /T2-F1-1 /T0-F1-1 /T4-T2-1 /T4-F0-1 /T0-F0-1 /T4-F1-1 /W-T2-1  /W-F2-1  
/T1-F2-1 /T2-F2-1 /D:1     /W-F3-1  /T1-F3-1 /T1-F2-1 /T2-F3-1 /T1-F3-1 /T2-F2-1 /T1-F2-1 
/T2-F3-1 
"
1020127,E#ef#xTn#oOFJ#spSPN#UiRyMX#AdrGQhL#KtlgmcvzCqwjWZBkDbIVaYHu,90.000000,2232.000000,69.000000,0.510526,1,"
minimal: 0 / states: 135 / duration: 0.000141s
history:
/T2-F2-1 /T4-F3-1 /T5-T6-1 /T3-T6-1 /T3-T2-1 /T3-F3-1 /T3-F2-1 /T4-F3-1 /T5-T3-1 /T0-T1-1 
/D:3     /W-T3-1  /D:2     /W-T0-1  /T6-T0-3 /D:11    /W-T5-1  /D:4     /W-T0-1  /D:1     
/W-F1-1  /D:2     /W-T0-1  /T2-T0-2 /T2-T3-1 /D:1     /R       /D:2     /W-T6-1  /T4-T6-1 
/T4-F2-1 /D:4     /W-T2-1  /D:2     /W-F2-1  /D:1     /W-T5-1  /D:1     /W-T3-1  /D:5     
/W-F1-1  /D:1     /W-T3-1  /T6-T3-3 /T6-F3-1 /T1-T6-2 /W-T1-1  /T1-T0-2 /D:1     /W-T2-1  
/D:1     /R       /D:1     /W-T2-1  /D:2     /W-F1-1  /D:3     /W-T2-1  /D:1     /W-T1-1  
/T5-T1-3 /T5-F3-1 /T5-T1-1 /T6-T5-3 /T6-F2-1 /T6-F1-1 /T6-F0-1 /T3-F3-1 /T4-F2-1 /T3-F2-1 
/D:1     /W-F0-1  /W-F0-1  /T0-F0-1 /T0-F1-1 /T5-F0-1 /T0-F0-1 /T0-F3-1 /T5-F1-1 /T5-F0-1 
/T5-F3-1 /T0-F0-1 /T0-F3-1 /T2-F3-1 /D:1     /W-F2-1  /W-F2-1  /W-F1-1  /T3-F1-1 /T1-F1-1 
/T1-F2-1 /T3-F0-1 /T0-F0-1 /T0-F3-1 /T3-F1-1 /T1-F1-1 /T2-F0-1 /T0-F0-1 /T3-F2-1 /T1-F2-1 
/T2-F3-1 /T1-F3-1 /T3-F1-1 /T0-F1-1 /T2-F2-1 /T3-F0-1 
"
1020130,x#IS#QTq#bPAk#ciCdM#fEDYmJ#gVpjnlG#KZwzhuaONyoRteLBrFsvXHWU,137.000000,800.000000,56.000000,0.543478,1,"
minimal: 0 / states: 126 / duration: 0.000131s
history:
/T5-T3-1 /T1-T6-1 /D:5     /W-T1-1  /T6-T1-2 /T6-T4-1 /T6-F2-1 /T6-T0-1 /T0-T4-2 /T4-T0-4 
/T6-T4-1 /T6-T3-1 /T1-T0-4 /T5-T1-1 /D:1     /W-T3-1  /T6-T3-1 /W-T6-1  /T5-T6-1 /D:1     
/W-F1-1  /D:1     /W-T4-1  /D:1     /W-F3-1  /T4-F3-1 /D:1     /W-T1-1  /T3-T1-5 /T3-F0-1 
/T3-F3-1 /T3-F1-1 /D:1     /W-F2-1  /T4-F2-1 /T2-F2-1 /D:5     /W-F0-1  /D:1     /W-T0-1  
/T4-T0-1 /T4-F0-1 /T5-F0-1 /T5-F0-1 /D:1     /W-F0-1  /D:1     /W-T1-1  /D:3     /W-T4-1  
/T2-T4-1 /T2-F3-1 /D:2     /R       /D:1     /W-T6-1  /D:1     /W-T2-1  /D:2     /W-F3-1  
/T0-T5-2 /T0-F3-1 /T0-F0-1 /T4-F3-1 /T4-F0-1 /D:1     /W-T0-1  /T5-T0-3 /D:1     /W-T1-1  
/D:1     /W-T2-1  /D:2     /W-T2-1  /D:1     /W-T6-1  /W-T6-1  /W-T2-1  /T4-T2-1 /T4-F1-1 
/T0-F1-1 /T0-F2-1 /T1-F1-1 /T0-F1-1 /T1-F2-1 /T0-F2-1 /T1-F1-1 /T0-F1-1 /T1-F2-1 /T2-F1-1 
/T0-F0-1 /T0-F1-1 /T6-F2-1 /T2-F2-1 /T0-F2-1 /T1-T2-2 /T1-F1-1 /T0-F1-1 /T1-F2-1 /T1-F1-1 
/T6-T0-3 /T6-F2-1 /D:1     /W-F3-1  /T2-F3-1 /T0-F3-1 /T2-F0-1 /T0-F0-1 /T2-F3-1 /T0-F3-1 
/T2-F0-1 /T0-F0-1 /T2-F3-1 
"
1020173,U#km#RjG#vEeJ#iMdho#DgztyB#cqwaLsK#pIxuXnHSWCFrTAQZbPVOfYNl,169.500000,2012.000000,53.000000,0.530000,1,"
minimal: 0 / states: 128 / duration: 0.000124s
history:
/T2-T0-1 /T2-T6-1 /D:2     /W-T6-1  /T0-T6-2 /T1-T0-1 /T3-T1-1 /D:4     /W-F2-1  /T4-F2-1 
/D:2     /W-T6-1  /D:4     /W-T6-1  /D:2     /W-F0-1  /T5-F0-1 /T5-T0-1 /T5-T4-1 /T1-T0-2 
/T5-T1-1 /D:1     /W-T6-1  /D:4     /W-T0-1  /D:2     /W-T4-1  /D:1     /W-T1-1  /T6-T1-8 
/T6-T5-1 /T3-T5-1 /T3-T4-1 /T4-T3-4 /T4-T3-1 /D:1     /W-F3-1  /W-F3-1  /W-F3-1  /T1-F3-1 
/T2-F3-1 /T4-T2-1 /D:1     /W-T2-1  /R       /D:1     /W-F2-1  /D:1     /W-T2-1  /D:1     
/W-T0-1  /T5-T0-3 /T5-T0-1 /D:1     /W-T6-1  /D:1     /W-T4-1  /D:1     /W-T2-1  /T3-T2-6 
/D:1     /W-F0-1  /T0-F0-1 /T2-T1-1 /T2-F0-1 /T1-T2-2 /T1-F3-1 /D:1     /W-F0-1  /T1-F0-1 
/T4-F0-1 /D:1     /W-F3-1  /T1-F3-1 /T1-F0-1 /T0-T4-4 /T0-F3-1 /T0-F0-1 /T2-T1-6 /T2-F3-1 
/T6-F3-1 /T1-T2-7 /T1-F0-1 /T6-F0-1 /T6-F1-1 /T6-T0-1 /T6-F2-1 /T1-F3-1 /T2-T1-9 /T2-F0-1 
/T4-T0-5 /D:1     /W-F3-1  /D:1     /W-F1-1  /T6-F1-1 /T1-F1-1 /T0-F1-1 /T1-F2-1 /T0-F2-1 
/T1-F1-1 /T0-F1-1 /T1-F2-1 /T0-F2-1 /T1-F1-1 /T0-F1-1 /T1-F2-1 /T0-F2-1 /T1-F1-1 /T0-F1-1 
/T1-F2-1 /T0-F2-1 /T1-F1-1 /T0-F1-1 /T1-F2-1 
"
1020239,k#EP#zaR#FZcx#QMAdN#uIDljT#WSvhULy#tBoqeHiKCnmbwYrJOVgsGXfp,149.000000,2227.000000,55.000000,0.565657,1,"
minimal: 0 / states: 121 / duration: 0.000130s
history:
/T4-F3-1 /T0-T6-1 /D:2     /W-T1-1  /D:2     /W-T2-1  /T1-T2-2 /T4-T1-1 /T4-F0-1 /T2-F0-1 
/T4-T0-1 /W-T2-1  /D:5     /W-F0-1  /D:1     /W-F2-1  /T2-F2-1 /D:3     /W-T6-1  /D:1     
/W-T0-1  /T3-T0-1 /D:3     /W-F3-1  /T2-F3-1 /T3-T2-1 /T6-T3-3 /T4-F3-1 /T3-T4-4 /T2-T3-3 
/T2-F1-1 /T3-T5-4 /D:1     /W-T4-1  /D:4     /W-T6-1  /D:2     /W-F2-1  /R       /D:3     
/W-T4-1  /T5-T4-5 /T5-T0-1 /T5-T2-1 /T5-F0-1 /T5-T0-1 /D:2     /W-T2-1  /D:1     /W-T3-1  
/T6-T3-2 /T6-T0-1 /D:1     /W-F1-1  /T4-F1-1 /T1-F1-1 /T1-F0-1 /T4-F2-1 /T4-F3-1 /T4-F0-1 
/D:1     /W-F2-1  /D:1     /W-T3-1  /W-T3-1  /W-F1-1  /W-T0-1  /T5-T3-1 /D:1     /W-T3-1  
/D:1     /W-F2-1  /T0-F2-1 /D:1     /W-F0-1  /D:1     /W-F1-1  /T3-F1-1 /T6-F1-1 /T3-F2-1 
/T6-F2-1 /T6-F3-1 /T4-F3-1 /T0-F3-1 /T4-F0-1 /T0-F0-1 /T3-F1-1 /T0-F1-1 /T4-F3-1 /T3-F0-1 
/T4-F2-1 /T4-F1-1 /T6-F3-1 /T0-F2-1 /T2-F0-1 /T2-F1-1 /T3-F3-1 /T0-F3-1 /T3-F0-1 /T0-F0-1 
/T4-F2-1 /T2-F2-1 /T3-F1-1 /T4-F3-1 
"
1020244,f#lM#bZv#HKcA#eJdnt#NwBhEm#CSOzVyx#YosRpkPigQDGjFWLIXUuTarq,88.000000,1083.000000,39.000000,0.629032,1,"
minimal: 0 / states: 123 / duration: 0.000128s
history:
/T3-F0-1  /T0-T4-1  /T5-T0-1  /T5-T4-1  /T4-T5-3  /T4-F2-1  /T5-T2-4  /T5-F0-1  /T4-T2-1  /D:1      
/W-T1-1   /T6-T1-1  /T6-T0-1  /T6-T4-1  /D:1      /W-F2-1   /D:3      /W-F2-1   /D:1      /W-T0-1   
/T4-T0-2  /D:2      /W-T5-1   /D:3      /W-T4-1   /T3-T4-1  /D:2      /W-T1-1   /T2-T1-6  /D:2      
/W-T3-1   /D:1      /W-T2-1   /D:1      /W-T3-1   /D:1      /W-T2-1   /T5-T2-2  /T5-F3-1  /T6-T5-1  
/T6-F3-1  /D:1      /W-T3-1   /D:1      /W-T0-1   /D:1      /W-T0-1   /W-T0-1   /T4-T0-3  /T1-T4-10 
/T3-T1-4  /T1-T5-5  /T2-T1-5  /W-T5-1   /T6-T5-1  /T6-F0-1  /T3-T1-1  /D:1      /W-F1-1   /T2-F1-1  
/T0-F1-1  /T4-F1-1  /T0-F0-1  /T0-F1-1  /T4-F0-1  /T0-F0-1  /T4-F1-1  /T5-T4-1  /T5-F0-1  /T1-F0-1  
/D:1      /W-T4-1   /W-T4-1   /W-F1-1   /W-F3-1   /T4-F3-1  /W-F3-1   /T4-T5-3  /T4-F1-1  /T1-F1-1  
/T5-T4-4  /T5-F0-1  /T0-T1-3  /T0-F0-1  /T4-T5-5  /T4-F1-1  /T0-F1-1  /T5-T4-6  /T5-F0-1  /T5-F1-1  
/T1-T0-5  /T1-F0-1  /T0-T1-6  /T0-F1-1  /T4-T5-8  /T4-F0-1  /W-T1-1   /D:1      /W-F2-1   /T5-F2-1  
/T1-F2-1  /T5-F3-1  /T1-F3-1  /T5-F2-1  /T1-F2-1  /T5-F3-1  /T1-F3-1  /T5-F2-1  /T1-F2-1  /T5-F3-1  
/T1-F3-1  /T5-F2-1  /T1-F2-1  /T5-F3-1  /T1-F3-1  /T5-F2-1  
"
1020262,R#Um#NSW#MHbj#YCKct#grJXLv#FeknDah#EPfluxiqsTwBpIzGOAZQyodV,99.000000,1953.000000,49.000000,0.600000,1,"
minimal: 0 / states: 124 / duration: 0.000132s
history:
/T6-T5-1 /T6-F1-1 /T5-T2-2 /T4-T2-1 /T5-T1-1 /T6-T0-1 /T6-F2-1 /T4-T0-1 /T3-T4-1 /T3-F1-1 
/T5-T1-1 /T5-T1-1 /T0-F1-1 /D:2     /W-T0-1  /D:1     /W-T2-1  /T5-T2-1 /T5-T3-1 /T1-T5-4 
/D:4     /W-T5-1  /T3-T5-2 /D:2     /W-T5-1  /T0-T5-3 /D:2     /W-T6-1  /D:1     /W-T5-1  
/D:2     /W-T4-1  /T1-T4-1 /D:1     /W-T0-1  /D:1     /W-T4-1  /D:2     /W-F0-1  /T5-F0-1 
/D:1     /W-T1-1  /D:1     /W-T2-1  /D:1     /W-T1-1  /T6-T1-2 /D:1     /W-F2-1  /D:1     
/W-F1-1  /T6-F1-1 /D:1     /W-T1-1  /R       /D:2     /W-T0-1  /T4-T0-5 /T4-F0-1 /T4-T3-1 
/D:1     /W-T1-1  /D:1     /W-T3-1  /T2-T3-7 /T2-T0-1 /T2-F3-1 /T3-T0-2 /T3-F1-1 /D:2     
/W-T1-1  /T5-T1-4 /T5-F1-1 /D:1     /W-F2-1  /W-F2-1  /D:1     /W-F3-1  /T1-F3-1 /T0-F3-1 
/T0-F2-1 /T1-F0-1 /T1-F3-1 /T1-F2-1 /W-F0-1  /T0-F3-1 /T3-F2-1 /T6-F0-1 /T0-F0-1 /T1-F3-1 
/T0-F3-1 /T1-F2-1 /T3-F1-1 /T3-F2-1 /T5-F0-1 /T0-F0-1 /T1-F3-1 /T3-F3-1 /T5-F1-1 /T0-F1-1 
/T1-F2-1 /T3-F2-1 /T5-F0-1 /T0-F0-1 /T1-F1-1 /T0-F1-1 /T5-F3-1 /T1-F2-1 /T3-F3-1 /T0-F2-1 
/T5-F0-1 /T1-F3-1 /T3-F0-1 /T5-F1-1 
"
1020270,M#dN#bqv#QaBe#wjUZx#hIDREo#rmCHiLA#YkKVgtWOzpucsfJGSFPTlnyX,145.500000,3161.000000,46.000000,0.630952,1,"
minimal: 0 / states: 125 / duration: 0.000137s
history:
/T1-F3-1 /T6-F0-1 /D:1     /W-T0-1  /T4-T0-1 /T6-T4-1 /D:1     /W-T4-1  /D:5     /W-T0-1  
/T2-T0-1 /T2-T3-1 /D:1     /W-F3-1  /D:2     /W-T1-1  /T2-T1-1 /T4-T2-3 /T4-T0-1 /D:1     
/W-T6-1  /D:1     /W-T3-1  /T5-T3-1 /T1-T5-3 /W-T1-1  /W-T0-1  /W-T6-1  /D:1     /W-T6-1  
/T3-T6-4 /T3-F0-1 /T3-F1-1 /T5-F1-1 /D:1     /W-T0-1  /T5-T0-3 /D:1     /W-T2-1  /T6-T2-8 
/D:4     /W-F3-1  /T3-F3-1 /T5-F3-1 /D:1     /W-T6-1  /W-T6-1  /F3-T6-1 /T5-T6-1 /T5-T4-1 
/T5-T4-1 /D:1     /W-T1-1  /D:1     /W-F2-1  /T2-F2-1 /T0-F2-1 /T2-F1-1 /T2-F2-1 /T0-F1-1 
/T2-F1-1 /D:2     /R       /D:1     /W-T1-1  /T4-T1-3 /D:1     /W-T4-1  /T6-T4-5 /T6-F0-1 
/T4-F0-1 /T0-F0-1 /T4-F3-1 /T4-F0-1 /T6-T3-1 /T6-F2-1 /T0-F1-1 /T2-F2-1 /T2-F1-1 /T0-F2-1 
/T1-F1-1 /T2-F2-1 /T2-F1-1 /T0-T1-1 /T0-F2-1 /T1-T0-2 /T1-F1-1 /T4-T2-3 /T4-F2-1 /T0-T1-3 
/T0-F2-1 /D:1     /W-F0-1  /D:1     /W-F3-1  /T2-F3-1 /T1-F3-1 /T2-F0-1 /T1-F0-1 /T2-F3-1 
/T1-F3-1 /T2-F0-1 /T1-F0-1 /T2-F1-1 /T1-F1-1 /T2-F0-1 /T3-F1-1 /T0-T1-1 /T0-F0-1 /D:1     
/W-F2-1  /D:1     /W-F3-1  /T1-F3-1 /T1-F2-1 /T2-F3-1 
"
1020300,o#rY#Iyc#NqAK#XDRge#zuiQMZ#SfLBpmC#VFvJtnPskETWblawGOxhjHUd,112.000000,1608.000000,39.000000,0.680000,1,"
minimal: 0 / states: 114 / duration: 0.000122s
history:
/T3-T1-1 /T3-F0-1 /T2-T3-1 /T2-T5-1 /T3-T4-2 /T3-F3-1 /T5-T3-2 /T1-T5-2 /T0-T4-1 /T5-T0-3 
/T6-T5-1 /T5-T1-2 /D:6     /W-F2-1  /T4-F2-1 /D:3     /W-T3-1  /D:3     /W-T0-1  /T2-T0-1 
/T6-T2-1 /T6-F2-1 /T6-F0-1 /T6-T2-1 /T1-F0-1 /T1-T6-2 /D:3     /W-F1-1  /D:1     /W-T3-1  
/T5-T3-1 /T5-T3-1 /W-T5-1  /W-F1-1  /T4-F1-1 /T4-F2-1 /W-T3-1  /D:2     /W-F3-1  /D:1     
/W-T5-1  /D:1     /W-T0-1  /W-T0-1  /T6-T0-3 /W-T6-1  /W-T3-1  /W-F3-1  /T0-F3-1 /T4-T3-1 
/T0-F2-1 /D:1     /W-T5-1  /D:3     /W-F1-1  /T3-F1-1 /T0-F1-1 /T4-F1-1 /T4-F3-1 /T3-F2-1 
/T4-F0-1 /T6-F0-1 /T6-F3-1 /T3-F3-1 /W-F3-1  /T4-T2-1 /R       /D:1     /W-F3-1  /T0-T5-3 
/T0-F3-1 /T2-F3-1 /D:1     /W-F0-1  /T5-F0-1 /T5-F1-1 /D:3     /W-F2-1  /T3-F2-1 /T3-F1-1 
/D:1     /W-F0-1  /T5-F0-1 /W-F0-1  /W-F2-1  /T3-F2-1 /T5-F1-1 /T0-F0-1 /T3-F1-1 /T2-F0-1 
/T5-F2-1 /T0-F3-1 /T3-F2-1 /T3-F3-1 /T5-F1-1 /T0-F0-1 /T2-F1-1 /T5-F2-1 
"
1020301,S#iH#unt#hzVk#CLqgJ#aPFZQN#KMrcRbX#yGlWOYeIwpxdsmDTAUEBfojv,104.500000,1524.000000,51.000000,0.560241,1,"
minimal: 0 / states: 137 / duration: 0.000139s
history:
/T5-F3-1 /T4-T3-1 /T4-T1-1 /T0-T2-1 /D:5     /W-F3-1  /D:4     /W-T6-1  /D:1     /W-T5-1  
/D:3     /W-T1-1  /D:1     /W-T0-1  /D:3     /W-F0-1  /D:2     /W-T2-1  /T5-T2-2 /D:1     
/W-F0-1  /D:4     /R       /D:1     /W-T0-1  /T6-T0-2 /T6-T2-1 /T6-T1-1 /T6-T4-1 /T4-T1-2 
/T3-T4-2 /T3-T0-1 /T1-T0-6 /T4-T5-3 /T1-T5-1 /T5-T1-5 /T4-F0-1 /T3-T4-1 /T2-T3-6 /T2-F2-1 
/T2-T1-1 /D:2     /W-T4-1  /D:3     /W-T5-1  /D:2     /W-T4-1  /D:1     /W-T6-1  /D:1     
/W-F0-1  /D:1     /W-T1-1  /T5-T1-2 /T5-F3-1 /T5-F1-1 /T3-F1-1 /T0-F1-1 /T6-F1-1 /T1-F1-1 
/T3-T6-2 /T3-F0-1 /T6-T3-3 /T6-T2-1 /T1-F0-1 /D:2     /W-F1-1  /T0-T1-3 /T0-F1-1 /D:1     
/W-F2-1  /T3-F2-1 /T1-F2-1 /T3-F3-1 /T1-F3-1 /T3-F2-1 /T1-F2-1 /T3-F3-1 /T1-F3-1 /T3-F2-1 
/T1-F2-1 /T3-F1-1 /T1-F1-1 /W-F3-1  /D:1     /W-F1-1  /D:1     /W-F2-1  /T0-T1-2 /T0-F2-1 
/T4-F2-1 /T1-T0-3 /T1-F1-1 /T4-F1-1 /T0-T1-4 /T0-F2-1 /T0-F1-1 /T4-F2-1 /R       /D:1     
/W-F0-1  /T1-F0-1 /T1-F3-1 /D:1     /W-F3-1  /D:1     /W-T2-1  /T6-T2-1 /D:1     /W-F0-1  
/T1-F0-1 /T1-F3-1 /T2-F0-1 /T1-F0-1 /T2-F3-1 /T1-F3-1 /T2-F0-1 
"
1020307,C#iP#Nmn#drsO#HyYbq#jSUfQJ#AMDGpWu#XRkIcZFolEgvextBKhTLwaVz,153.500000,2116.000000,52.000000,0.569892,1,"
minimal: 0 / states: 125 / duration: 0.000132s
history:
/T2-F2-1 /T3-T0-1 /T1-T4-1 /T6-T1-1 /T1-T5-2 /T2-T1-1 /T2-F3-1 /T0-F3-1 /T4-F3-1 /D:2     
/W-T3-1  /T4-T3-1 /T4-T0-1 /D:2     /W-T6-1  /D:1     /W-T3-1  /D:1     /W-T2-1  /D:2     
/W-F2-1  /D:3     /W-T5-1  /T3-T5-4 /D:3     /W-T4-1  /T6-T4-2 /T6-F2-1 /D:2     /W-T5-1  
/D:2     /W-T4-1  /T6-T4-1 /T5-T6-2 /T5-F2-1 /T3-F2-1 /T6-T5-3 /T4-T6-6 /T4-T1-1 /T0-T3-2 
/T6-T0-7 /T6-F0-1 /T5-F0-1 /D:1     /W-T4-1  /D:1     /W-T2-1  /D:2     /W-F1-1  /T3-F1-1 
/T3-F0-1 /T5-F1-1 /T3-F1-1 /T5-F0-1 /D:2     /W-T3-1  /R       /D:1     /W-T1-1  /T5-T1-6 
/T5-F3-1 /T1-F3-1 /T5-T0-1 /T1-F2-1 /D:1     /W-T2-1  /D:1     /W-T1-1  /D:1     /W-T3-1  
/D:1     /W-F0-1  /T1-F0-1 /D:2     /W-F1-1  /T0-F1-1 /T1-F1-1 /T0-F0-1 /T0-F1-1 /T5-T0-1 
/T5-F3-1 /T4-F3-1 /T4-F0-1 /T0-F3-1 /T0-F0-1 /W-T0-1  /D:1     /W-F2-1  /T1-F2-1 /T0-F2-1 
/T1-F1-1 /T5-F1-1 /T1-F0-1 /T2-F1-1 /T3-F1-1 /D:1     /W-F0-1  /T2-F0-1 /T0-T3-3 /T0-F0-1 
/T1-T2-2 /T1-F1-1 /D:1     /W-F2-1  /D:1     /W-F3-1  /T3-F3-1 /T2-F3-1 /T3-F2-1 /T2-F2-1 
/T3-F3-1 /T2-F3-1 /T3-F2-1 
"
1020308,z#JE#eMX#nHNP#rqZuY#SVjBao#OUImAQs#LgwFhtyxcvpWilDbdGCTfKkR,102.500000,1309.000000,48.000000,0.581081,1,"
minimal: 0 / states: 128 / duration: 0.000130s
history:
/T5-T3-1 /T5-F1-1 /T4-T0-1 /D:2     /W-T4-1  /T6-T4-1 /T6-T1-1 /T6-F0-1 /T5-F0-1 /W-T6-1  
/T2-T6-1 /D:1     /W-T6-1  /D:5     /W-T0-1  /T5-T0-1 /T4-T5-3 /T5-T6-4 /T1-T5-2 /W-T4-1  
/D:2     /W-T0-1  /D:1     /W-T5-1  /D:2     /W-T1-1  /D:1     /W-T2-1  /D:2     /W-F1-1  
/D:3     /W-F0-1  /D:3     /W-T2-1  /D:1     /W-T4-1  /T1-T4-2 /T6-T1-8 /D:1     /W-T1-1  
/R       /D:2     /W-T0-1  /D:1     /W-T0-1  /T5-T0-4 /T4-T5-5 /T3-T4-2 /T3-F3-1 /T3-T5-1 
/T3-F2-1 /T4-F2-1 /T2-T3-3 /T4-T1-2 /T0-F2-1 /D:1     /W-F1-1  /D:1     /W-T3-1  /T6-T3-1 
/T6-T3-1 /T6-F3-1 /T1-F3-1 /T0-F3-1 /T1-F2-1 /T1-F3-1 /T4-F2-1 /T1-F2-1 /W-T1-1  /T2-T1-1 
/D:1     /W-F0-1  /T0-F0-1 /T0-F3-1 /T0-F2-1 /T1-T5-3 /T1-F2-1 /D:1     /W-F1-1  /T5-F1-1 
/T5-F0-1 /D:1     /W-F0-1  /D:1     /W-F3-1  /T3-F3-1 /T1-F3-1 /T0-T3-1 /T0-F2-1 /T1-F2-1 
/T3-T0-2 /T3-F3-1 /T1-F3-1 /T0-T3-3 /T0-F2-1 /T0-F3-1 /T5-T1-5 /T5-F2-1 /T0-F2-1 /T5-F3-1 
/D:1     /W-F1-1  /T1-F1-1 /T1-F0-1 /T3-F1-1 /T1-F1-1 /T3-F0-1 /T1-F0-1 /T3-F1-1 /T1-F1-1 
/T3-F0-1 /T1-F0-1 /T3-F1-1 /T1-F1-1 /T3-F0-1 
"
1020322,R#hm#cBk#iUOC#gVwdS#WrJoaH#QLFnNbq#yjluYetxspvMzZAPEIXDGTfK,91.000000,832.000000,31.000000,0.827869,1,"
minimal: 0 / states: 125 / duration: 0.000138s
history:
/T6-T0-1 /T6-T3-1 /T6-F3-1 /T6-F2-1 /T0-T6-2 /T1-T0-1 /D:1     /W-T0-1  /T2-T0-1 /D:6     
/W-T1-1  /T4-T1-1 /T3-T4-2 /T3-F3-1 /D:8     /W-F0-1  /T2-F0-1 /T2-T6-1 /W-T2-1  /D:1     
/W-F3-1  /D:1     /W-T1-1  /T4-T1-3 /T4-T0-1 /T5-T4-1 /T5-F1-1 /T1-F1-1 /T1-F0-1 /T5-F2-1 
/T6-F1-1 /T4-T0-2 /T6-T4-3 /T6-T2-1 /T1-F1-1 /T6-F3-1 /W-T6-1  /T4-T0-4 /W-T4-1  /D:2     
/W-T2-1  /T5-T2-1 /D:1     /W-F0-1  /T1-F0-1 /T5-T1-1 /W-T5-1  /T3-T5-1 /T3-T2-1 /D:1     
/W-T5-1  /D:2     /W-T5-1  /D:1     /R       /D:2     /W-T4-1  /D:1     /W-T2-1  /D:1     
/W-T6-1  /D:1     /W-F1-1  /T5-F1-1 /D:1     /W-T4-1  /W-T4-1  /D:2     /W-F2-1  /T0-F2-1 
/T0-F3-1 /T0-F0-1 /T1-F2-1 /T1-F3-1 /T5-F0-1 /W-F2-1  /T0-F1-1 /T1-F2-1 /T1-F1-1 /T0-F0-1 
/T2-F2-1 /T2-F1-1 /T4-F1-1 /T5-T4-3 /D:1     /W-F2-1  /T0-T2-1 /T0-F2-1 /T0-F1-1 /T4-T6-4 
/T4-F1-1 /D:1     /W-F3-1  /T6-F3-1 /T2-F3-1 /T6-F0-1 /T2-F0-1 /T6-F3-1 /T2-F3-1 /T6-F2-1 
/T0-F2-1 /T0-F1-1 /T6-F3-1 /T6-F2-1 /D:1     /W-F0-1  /T2-F0-1 /T2-F3-1 /T4-F0-1 
"
1020380,W#Jm#aIx#oeiF#lwYOP#HrRUyB#ZDzCbqA#VpukfcKjQTdLntMhsNSvEXgG,101.000000,1284.000000,53.000000,0.617647,1,"
minimal: 0 / states: 132 / duration: 0.000133s
history:
/T6-F0-1 /T5-F0-1 /T4-T6-1 /T5-T1-1 /T0-T2-1 /T1-T0-2 /D:1     /W-T1-1  /D:2     /W-T1-1  
/D:1     /W-T0-1  /T1-T0-3 /D:6     /W-T0-1  /T3-T0-1 /D:3     /W-F2-1  /D:1     /W-T5-1  
/D:1     /W-T1-1  /D:3     /W-F3-1  /T4-F3-1 /T2-T4-2 /T5-T2-2 /T6-T5-2 /T4-T1-3 /T3-T4-1 
/T5-T0-3 /T2-T1-3 /T2-F1-1 /T6-F1-1 /T6-F0-1 /T6-T2-1 /T6-F0-1 /T0-F3-1 /D:1     /W-T1-1  
/T5-T1-1 /T5-T4-1 /D:2     /W-F0-1  /D:2     /W-T4-1  /D:1     /R       /D:3     /W-F1-1  
/D:3     /W-F3-1  /T0-T3-1 /T0-F3-1 /T3-T0-2 /T3-F2-1 /D:1     /W-F1-1  /D:1     /W-T6-1  
/D:2     /W-T4-1  /T0-T4-2 /T0-F0-1 /D:2     /W-T6-1  /T4-T6-7 /T4-T2-1 /D:1     /W-F0-1  
/R       /D:1     /W-F2-1  /T6-F2-1 /T1-F2-1 /T1-F3-1 /T6-F1-1 /T6-F2-1 /T0-F3-1 /T1-F2-1 
/T1-F3-1 /T0-F2-1 /T0-F3-1 /D:1     /W-F1-1  /T6-F1-1 /T6-F0-1 /T1-F0-1 /T0-F0-1 /T1-F3-1 
/T6-T0-2 /T6-F3-1 /T1-T2-1 /T1-F3-1 /D:1     /W-F0-1  /T6-F0-1 /T1-F0-1 /T6-F3-1 /D:1     
/W-T2-1  /D:1     /W-F1-1  /T0-F1-1 /T2-F1-1 /D:1     /W-F2-1  /T0-F2-1 /T0-F1-1 /T2-F2-1 
/T0-F2-1 /T2-F1-1 /T0-F1-1 /T2-F2-1 
"
1020419,B#ZX#rvu#sLnC#qNDMO#fTcjwS#PJRpUlE#kizmYAxKFtegdabIWoHhGQVy,153.000000,4371.000000,52.000000,0.563830,1,"
minimal: 0 / states: 124 / duration: 0.000120s
history:
/T6-T5-1 /T4-T3-1 /T6-T4-1 /D:6     /W-F0-1  /T0-F0-1 /T4-T0-2 /D:1     /W-T0-1  /D:3     
/W-T6-1  /T5-T6-2 /T5-T1-1 /T5-T0-1 /T5-T4-1 /T5-T2-1 /W-T2-1  /D:1     /W-T2-1  /T4-T2-2 
/T4-F3-1 /T3-F3-1 /T3-F0-1 /T3-F2-1 /T1-T3-2 /T3-T1-3 /T2-T4-1 /T2-F0-1 /T6-F0-1 /T2-T3-1 
/T2-F0-1 /T3-T2-2 /T4-T2-2 /D:3     /W-F1-1  /D:1     /W-F1-1  /T2-F1-1 /W-F1-1  /D:1     
/W-T0-1  /T6-T0-3 /D:2     /W-F2-1  /T6-F2-1 /T2-F2-1 /T2-F1-1 /T6-T2-1 /T5-F1-1 /D:3     
/W-F0-1  /D:2     /W-T1-1  /T2-T1-4 /D:1     /R       /D:2     /W-T6-1  /D:1     /W-T3-1  
/D:1     /W-T4-1  /D:1     /W-T3-1  /D:1     /W-T3-1  /D:1     /W-F1-1  /D:1     /W-T3-1  
/T2-T3-1 /T2-F2-1 /D:1     /W-F0-1  /T0-T3-3 /T0-F0-1 /D:1     /W-F1-1  /T6-F1-1 /T6-F0-1 
/T6-F3-1 /T0-F1-1 /W-F1-1  /T3-T0-5 /T3-F0-1 /T0-T3-6 /T0-F1-1 /T4-F1-1 /D:1     /W-F3-1  
/T1-F3-1 /T1-F2-1 /T3-F3-1 /T1-F3-1 /T3-F2-1 /T1-F2-1 /T3-F3-1 /T1-F3-1 /T3-F2-1 /T1-F2-1 
/T3-F3-1 /T1-F3-1 /T1-F0-1 /T3-F2-1 /T3-F3-1 /T0-F0-1 /T1-F3-1 /D:1     /W-F2-1  /T3-F2-1 
"
1020460,u#Id#xPo#GrWn#lscfY#SMhjRZ#QKvOJyi#ptABLTwgNqFEbVXHUmzeDkaC,122.000000,3486.000000,51.000000,0.568182,1,"
minimal: 0 / states: 122 / duration: 0.000177s
history:
/T3-F2-1 /T2-F2-1 /T0-T6-1 /T5-T0-1 /D:1     /W-F2-1  /D:2     /W-F0-1  /D:1     /W-F0-1  
/D:1     /W-T0-1  /D:1     /W-T6-1  /D:3     /W-F3-1  /D:1     /W-T5-1  /T2-T5-1 /T3-T2-1 
/T1-T3-1 /T1-T2-1 /T2-T4-3 /D:1     /W-T6-1  /T5-T6-3 /D:4     /W-T0-1  /D:2     /W-T4-1  
/D:1     /W-T1-1  /D:1     /W-T2-1  /T4-T2-5 /T3-T4-2 /T4-T3-3 /T3-T2-4 /D:4     /W-F1-1  
/D:1     /W-F0-1  /R       /D:2     /W-T0-1  /T6-T0-7 /T6-T1-1 /D:3     /W-F1-1  /T4-F1-1 
/T2-F1-1 /D:1     /W-T6-1  /D:1     /W-T6-1  /D:1     /W-F1-1  /D:1     /W-F0-1  /W-F0-1  
/W-T6-1  /T4-T6-1 /T0-T6-3 /T0-F0-1 /D:1     /W-T1-1  /T6-T1-8 /T6-F3-1 /T1-F3-1 /T1-F2-1 
/T6-T5-1 /T5-T6-2 /T5-T6-1 /T5-T3-1 /T6-T4-4 /T6-F3-1 /T1-F3-1 /T2-F2-1 /T1-F2-1 /T2-F1-1 
/T1-F1-1 /T5-F3-1 /T0-F3-1 /T2-F0-1 /T1-F0-1 /W-F2-1  /T0-F2-1 /T2-F3-1 /T1-F3-1 /T4-F1-1 
/T0-F1-1 /T2-F0-1 /T1-F0-1 /T4-F2-1 /T0-F2-1 /T2-F3-1 /T0-F3-1 /T4-F1-1 /T1-F1-1 /T2-F2-1 
/T1-F2-1 /T4-F0-1 /T0-F0-1 /T2-F3-1 /T0-F3-1 /T4-F1-1 /T1-F1-1 /T2-F2-1 /T3-F0-1 
"
1020490,Y#iq#XbW#mKrF#jUlyH#DeStAx#ghPdpuc#soLTwzREVkvJGOQCBMnZaIfN,166.500000,1640.000000,46.000000,0.627451,1,"
minimal: 0 / states: 127 / duration: 0.000131s
history:
/T6-T1-1 /T5-T0-1 /T5-F0-1 /T2-T0-1 /D:2     /W-T1-1  /D:2     /W-T4-1  /T3-T4-1 /D:3     
/W-T4-1  /T1-T4-3 /T6-T1-1 /T2-T6-1 /D:4     /W-T0-1  /D:1     /W-T2-1  /T1-T2-2 /D:3     
/W-T3-1  /T6-T3-2 /D:1     /W-T6-1  /W-T6-1  /D:1     /W-F0-1  /D:1     /W-T1-1  /T0-T1-4 
/D:1     /W-F2-1  /T4-F2-1 /D:1     /W-T0-1  /D:1     /W-F1-1  /T3-F1-1 /T4-F1-1 /T3-F2-1 
/T6-T3-2 /T6-F1-1 /T6-T4-1 /T5-T6-1 /T3-T5-4 /T5-T6-5 /T5-F1-1 /T6-T1-7 /T4-T5-1 /T4-F2-1 
/T5-T4-2 /T6-T2-1 /D:2     /W-F1-1  /T2-F1-1 /D:1     /W-F3-1  /T1-F3-1 /T1-F0-1 /T4-F3-1 
/T1-F3-1 /T1-F2-1 /T4-F0-1 /T4-F3-1 /T1-F3-1 /R       /D:1     /W-F2-1  /T1-F2-1 /T1-F1-1 
/T2-F2-1 /T4-T2-3 /T4-T0-1 /T3-T4-1 /T1-F2-1 /T2-T0-6 /D:1     /W-T3-1  /D:1     /W-F2-1  
/T1-T4-1 /T1-F2-1 /T0-T3-6 /T0-F2-1 /D:1     /W-T2-1  /T4-T2-3 /D:1     /W-F0-1  /T3-F0-1 
/T3-F3-1 /T4-F3-1 /D:1     /W-F3-1  /T2-F3-1 /T4-T2-1 /D:2     /W-F0-1  /T3-F0-1 /T3-F1-1 
/T2-F1-1 /W-F1-1  /T2-T1-1 /T2-F1-1 /T2-F2-1 /T3-T0-3 /T3-F1-1 /D:1     /W-F0-1  /T0-F0-1 
/T0-F3-1 /T1-F0-1 /T0-F0-1 /T1-F3-1 /T0-F3-1 /T1-F0-1 
"
1020542,d#lI#AON#MTQJ#vuFfC#PiDBGt#wmKsRoZ#qpnyhXxYrzVEckjLgebSUWHa,132.000000,1866.000000,48.000000,0.617647,1,"
minimal: 0 / states: 124 / duration: 0.000135s
history:
/T2-F3-1 /T2-F3-1 /T2-F0-1 /T6-T2-1 /T4-T0-1 /T4-T5-1 /D:3     /W-F2-1  /T6-F2-1 /T6-T4-1 
/W-F2-1  /W-F2-1  /D:1     /W-T2-1  /D:1     /W-T1-1  /T5-T1-2 /D:1     /W-T2-1  /T3-T2-1 
/D:3     /W-T1-1  /T3-T1-1 /T6-T3-1 /D:2     /W-T2-1  /D:4     /W-T6-1  /T1-T6-6 /T6-T1-8 
/D:1     /W-T6-1  /W-T6-1  /D:2     /W-T3-1  /D:1     /W-T0-1  /D:1     /W-T5-1  /D:3     
/W-T2-1  /T3-T2-3 /T1-T3-9 /T6-T1-3 /T6-T1-1 /D:1     /W-F1-1  /T0-F1-1 /R       /D:3     
/W-T6-1  /W-T6-1  /W-T6-1  /D:1     /W-T5-1  /T3-T5-1 /T3-F2-1 /D:1     /W-F1-1  /T0-T5-1 
/T0-F1-1 /T2-F1-1 /T2-F2-1 /T4-T2-2 /T3-F1-1 /T3-F2-1 /T4-F2-1 /T5-T3-5 /T5-F0-1 /T3-F0-1 
/T5-F0-1 /T5-T1-1 /T5-F3-1 /T3-F3-1 /T2-F3-1 /T3-F0-1 /T2-F0-1 /T3-F3-1 /T2-F3-1 /T3-F0-1 
/T2-F0-1 /T4-F2-1 /D:1     /W-F1-1  /T3-F1-1 /T1-F1-1 /T1-F2-1 /T3-F0-1 /T3-F1-1 /T1-F1-1 
/T6-F2-1 /T2-T1-3 /T2-F2-1 /T3-T6-1 /T3-F1-1 /T1-T2-4 /T1-F1-1 /T6-T3-2 /T6-F2-1 /D:1     
/W-F3-1  /T2-F3-1 /T2-F0-1 /T3-F0-1 /D:1     /W-F3-1  /T2-F3-1 /T2-F0-1 /T3-F3-1 /T2-F3-1 
/T3-F0-1 
"
1020584,X#GP#BkK#ZebE#YxILT#vMjgcp#WORVwDA#zfstFdUyHCiuNQlnaJrqmSho,168.000000,4497.000000,55.000000,0.600917,1,"
minimal: 0 / states: 128 / duration: 0.000136s
history:
/T6-F0-1  /T1-T6-1  /D:2      /W-T1-1   /T3-T1-1  /T3-T5-1  /T6-T3-2  /T6-T0-1  /T6-T0-1  /D:1      
/W-T4-1   /T6-T4-1  /D:3      /W-T1-1   /T5-T1-2  /D:3      /W-T0-1   /T4-T0-3  /T0-T4-7  /D:4      
/W-F3-1   /T6-F3-1  /T3-F3-1  /T5-T3-1  /T6-T2-1  /D:1      /W-F3-1   /T4-F3-1  /T3-T4-3  /T4-T3-10 
/T4-T2-1  /D:2      /W-F2-1   /D:1      /W-F1-1   /T1-F1-1  /T3-F1-1  /D:4      /W-T0-1   /D:1      
/W-F3-1   /T3-T5-3  /T3-F3-1  /T5-T3-4  /T5-T4-1  /T5-T6-1  /T5-T4-1  /D:1      /W-T2-1   /T1-T2-5  
/D:1      /W-F2-1   /T2-F2-1  /W-F2-1   /T2-F1-1  /W-F2-1   /R        /D:1      /W-T1-1   /D:3      
/W-F3-1   /D:1      /W-T0-1   /D:4      /W-T1-1   /T2-T1-7  /T2-T0-1  /T2-F0-1  /D:1      /W-T0-1   
/R        /D:3      /W-F0-1   /T3-F0-1  /T1-F0-1  /T3-F1-1  /T1-F1-1  /T3-F2-1  /W-F0-1   /T1-F0-1  
/T3-F1-1  /T3-F0-1  /W-F2-1   /T1-F1-1  /T1-F0-1  /T0-F0-1  /T3-F3-1  /T1-F3-1  /T1-F0-1  /T4-T1-3  
/T3-T0-1  /T3-F3-1  /T3-F0-1  /T4-F3-1  /T3-F3-1  /T6-F0-1  /D:1      /W-F1-1   /D:1      /W-F2-1   
/T1-F2-1  /T0-F2-1  /T1-F1-1  /T0-F1-1  /T1-F2-1  /T0-F2-1  /T1-F1-1  /T0-F1-1  /T1-F2-1  
"
1020607,f#lu#TtL#MvZV#FXBmP#eHQopJ#shdzNrk#wqKSgjiEnaGYIRDyUCAcWOxb,112.000000,1628.000000,43.000000,0.581395,1,"
minimal: 0 / states: 116 / duration: 0.000133s
history:
/T6-T2-1 /T5-T2-1 /T6-T0-1 /T6-F3-1 /T3-T2-1 /T2-T3-4 /T1-T3-1 /T0-T2-2 /T6-T0-1 /T5-T6-1 
/T5-T4-1 /T5-T2-1 /T1-T0-1 /T3-T1-6 /D:3     /W-T0-1  /D:2     /W-T1-1  /D:1     /W-T0-1  
/T3-T0-1 /D:3     /W-F2-1  /T4-F2-1 /T6-F2-1 /D:1     /W-F1-1  /D:2     /W-T3-1  /D:5     
/W-T0-1  /T2-T0-4 /T2-T5-1 /D:1     /W-T0-1  /D:1     /W-F0-1  /D:3     /W-F3-1  /T4-F3-1 
/T4-T2-1 /T4-F0-1 /T0-F0-1 /T0-F3-1 /T6-T0-1 /D:1     /W-T3-1  /W-T3-1  /D:1     /W-F1-1  
/W-F1-1  /T0-F1-1 /W-T2-1  /W-F0-1  /T4-T2-1 /W-F3-1  /W-T3-1  /T6-T3-1 /W-T3-1  /W-F0-1  
/T4-F0-1 /T3-F0-1 /T6-T1-1 /R       /D:1     /W-T2-1  /D:1     /W-F2-1  /T0-F2-1 /T1-F2-1 
/D:1     /W-F3-1  /T5-F3-1 /T5-F0-1 /T5-F1-1 /T0-F1-1 /T0-F2-1 /T0-F3-1 /T1-F1-1 /T1-F2-1 
/T1-F3-1 /T3-F1-1 /T0-F2-1 /T3-F0-1 /T3-F3-1 /T1-F0-1 /T2-F2-1 /T2-F3-1 /T3-F2-1 /T2-F2-1 
/T3-F3-1 /T0-T3-3 /T0-F2-1 /T1-T2-2 /T1-F3-1 /D:1     /W-F1-1  /T3-F1-1 /T2-F1-1 /T3-F0-1 
/T2-F0-1 /T3-F1-1 /T2-F1-1 /T3-F0-1 
"
1020670,Y#Uf#OWu#HKVN#oyCdp#ecxDRX#PkmsQaZ#qAljSMEthBwGvinrzgLTJIbF,103.500000,2122.000000,64.000000,0.532967,1,"
minimal: 0 / states: 138 / duration: 0.000146s
history:
/T3-F3-1 /T2-T3-1 /D:2     /W-F0-1  /D:5     /W-T1-1  /D:3     /W-F0-1  /D:1     /W-T5-1  
/T3-T5-2 /T2-T3-1 /T2-F3-1 /T6-T2-1 /T6-F1-1 /T4-T6-1 /T6-T1-2 /T3-T0-2 /D:2     /W-T0-1  
/D:2     /W-F2-1  /D:3     /W-T3-1  /T6-T3-1 /D:1     /W-T2-1  /T5-T2-4 /T5-T3-1 /T5-T3-1 
/D:1     /W-T2-1  /D:3     /W-F1-1  /D:1     /W-T2-1  /R       /D:3     /W-T5-1  /D:4     
/W-T0-1  /W-T0-1  /T1-T0-4 /D:1     /W-T1-1  /D:5     /W-T5-1  /T1-T5-2 /T6-T1-1 /W-T6-1  
/R       /D:3     /W-T5-1  /D:2     /W-T6-1  /T3-T6-5 /W-T3-1  /W-T3-1  /T5-T3-6 /T5-F1-1 
/T4-F1-1 /T4-F0-1 /T4-T1-1 /T4-F2-1 /T0-F2-1 /T6-T1-8 /T6-F3-1 /T0-F3-1 /T1-F0-1 /T0-F0-1 
/W-F2-1  /T1-F3-1 /T5-F1-1 /T2-F0-1 /T0-F1-1 /T3-F3-1 /T3-F0-1 /T2-F3-1 /T3-F3-1 /T1-T2-2 
/T1-F0-1 /T3-F0-1 /T2-T1-3 /T2-F3-1 /T0-T3-3 /T0-F3-1 /T1-T2-4 /T1-F0-1 /T0-F0-1 /T2-T1-5 
/T2-F3-1 /T0-F3-1 /T2-F0-1 /T2-F3-1 /D:1     /W-F2-1  /T1-F2-1 /T1-F1-1 /T3-F2-1 /T1-F2-1 
/T3-F1-1 /T1-F1-1 /T3-F2-1 /T1-F2-1 /T3-F1-1 /T1-F1-1 /T3-F2-1 /T1-F2-1 /T3-F1-1 /T1-F1-1 
/T3-F0-1 /D:1     /W-F2-1  
"
1020687,I#Uk#Zix#AdGn#KjcLQ#gelrNu#sCfPYqT#RbthaoDWESmwBpyXOvFVzHJM,154.500000,1345.000000,47.000000,0.664894,1,"
minimal: 0 / states: 121 / duration: 0.000139s
history:
/T3-F2-1 /T6-T5-1 /D:4     /W-T0-1  /T3-T0-1 /D:1     /W-F1-1  /D:1     /W-F2-1  /D:2     
/W-T2-1  /T0-T2-3 /D:2     /W-T2-1  /W-T2-1  /T4-T2-1 /T1-T4-1 /D:1     /W-T0-1  /T4-T0-2 
/T4-T6-1 /D:1     /W-T0-1  /D:1     /W-T6-1  /D:1     /W-F2-1  /D:4     /W-T4-1  /T1-T4-1 
/D:1     /W-T5-1  /D:1     /W-T0-1  /T5-T0-3 /T5-F3-1 /W-F3-1  /T3-T5-1 /T3-F0-1 /T6-F0-1 
/D:1     /W-T1-1  /D:3     /W-T3-1  /R       /D:1     /W-T0-1  /T6-T0-2 /T6-T1-1 /T6-F3-1 
/T5-T6-2 /T2-T1-8 /T5-T3-1 /T1-F3-1 /T0-T5-2 /T0-F3-1 /T5-T0-3 /D:1     /W-F1-1  /T0-F1-1 
/T0-F2-1 /T6-F1-1 /T6-F2-1 /T0-F1-1 /T6-F1-1 /T6-F0-1 /T6-F2-1 /T5-F1-1 /T1-T4-3 /T1-F1-1 
/T2-F1-1 /D:1     /W-F2-1  /D:1     /W-F0-1  /T4-F0-1 /T0-F0-1 /T4-F3-1 /T0-F3-1 /T0-F2-1 
/T4-F0-1 /T4-F3-1 /T4-F2-1 /T4-F1-1 /T0-F3-1 /T0-F2-1 /T0-F1-1 /T3-F1-1 /T0-T2-1 /T0-F1-1 
/T1-T4-2 /T1-F2-1 /T4-T1-3 /D:1     /W-F2-1  /T1-T3-4 /T1-F2-1 /D:1     /W-T2-1  /D:1     
/W-F0-1  /T3-F0-1 /T3-F3-1 /T2-F3-1 /D:1     /W-F0-1  /T3-F0-1 /T2-F0-1 /T3-F3-1 /T2-F3-1 
/T3-F0-1 
"
1020703,Y#Mm#Ehf#dwzs#ntWNR#ebFyOB#DHxarCu#cLpKoUgPAZSqVIijTvXlJQGk,147.000000,3570.000000,51.000000,0.576471,1,"
minimal: 0 / states: 121 / duration: 0.000125s
history:
/T4-T3-1 /T4-F3-1 /D:2     /W-T1-1  /D:2     /W-T0-1  /T4-T0-1 /T2-T4-1 /T4-T2-2 /T4-F2-1 
/T1-T4-2 /T0-T1-3 /D:1     /W-F2-1  /W-F2-1  /D:2     /W-T6-1  /T3-T6-2 /T3-T0-1 /D:2     
/W-F0-1  /T5-F0-1 /T5-F3-1 /W-F3-1  /D:3     /W-F2-1  /D:1     /W-T3-1  /T6-T3-4 /T6-F0-1 
/T6-F2-1 /T6-F1-1 /D:1     /W-T1-1  /T2-T1-3 /T2-T1-1 /D:2     /W-T6-1  /D:2     /W-T6-1  
/D:1     /W-T4-1  /T3-T4-6 /T3-T1-1 /D:1     /W-T0-1  /T6-T0-3 /W-T6-1  /D:2     /W-F3-1  
/T4-F3-1 /T4-F2-1 /D:2     /W-T5-1  /R       /D:2     /W-T0-1  /D:1     /W-T2-1  /T5-T2-2 
/T5-T4-1 /T5-F1-1 /W-F1-1  /T1-F1-1 /T5-F1-1 /D:1     /W-F3-1  /T6-F3-1 /T0-F3-1 /D:2     
/W-T2-1  /W-T2-1  /T6-T2-1 /T6-F0-1 /T1-F0-1 /T1-F1-1 /T1-F2-1 /T4-F0-1 /T4-F1-1 /T4-F2-1 
/T0-F2-1 /T1-F1-1 /T4-F3-1 /T4-F2-1 /T1-T0-1 /T1-F3-1 /T4-F3-1 /T0-T1-2 /T0-F2-1 /T1-T0-3 
/T1-F3-1 /T2-T4-4 /T2-F2-1 /T2-F3-1 /T0-T1-4 /T0-F2-1 /D:1     /W-F0-1  /T4-F0-1 /T1-F0-1 
/T4-F1-1 /T1-F1-1 /T4-F0-1 /T1-F0-1 /T4-F1-1 /T1-F1-1 /T4-F0-1 /T1-F0-1 /T4-F1-1 
"
1020714,K#oy#YFJ#CVvQ#wAafz#ncHlNj#tTPIpmr#SMbkBLUOduhGiXgRsWqDeZEx,122.500000,3242.000000,56.000000,0.550000,1,"
minimal: 0 / states: 133 / duration: 0.000134s
history:
/T5-T0-1 /T5-F3-1 /T3-T6-1 /T5-T4-1 /T3-T0-1 /T5-T3-1 /T3-T2-2 /T0-T4-3 /T4-T0-5 /T6-T4-2 
/T1-T6-1 /T1-T5-1 /T6-T1-2 /T6-T4-1 /D:3     /W-T3-1  /D:1     /W-T1-1  /T2-T1-3 /D:3     
/W-T0-1  /D:1     /W-F3-1  /D:3     /W-T6-1  /D:1     /W-T0-1  /T4-T0-4 /T4-F1-1 /T3-F1-1 
/T4-F0-1 /D:1     /W-T4-1  /W-T4-1  /D:2     /W-T1-1  /T2-T1-1 /D:1     /W-T1-1  /D:3     
/W-T1-1  /T5-T1-2 /T5-F2-1 /T1-F2-1 /T0-F2-1 /T1-F1-1 /T1-F2-1 /T3-T0-1 /D:1     /W-T1-1  
/D:2     /W-T3-1  /D:2     /W-T2-1  /R       /D:2     /W-T5-1  /T2-T5-2 /D:1     /W-F0-1  
/T0-F0-1 /T1-F0-1 /D:1     /W-T3-1  /D:1     /W-F1-1  /D:1     /W-T3-1  /T4-T3-3 /D:2     
/W-T5-1  /T6-T5-2 /T6-F3-1 /T0-F3-1 /T0-F2-1 /T1-F3-1 /T6-T3-1 /W-F2-1  /T6-F2-1 /W-F3-1  
/T3-F3-1 /T3-F2-1 /T0-T5-2 /T0-F3-1 /T0-F2-1 /T1-T3-3 /T1-F3-1 /T3-T1-4 /T3-F2-1 /T5-T0-4 
/T5-F3-1 /T3-F3-1 /T5-F2-1 /T5-F3-1 /T1-T3-6 /T1-F2-1 /T0-T5-7 /T0-F2-1 /T3-T1-7 /T3-F3-1 
/D:1     /W-F1-1  /T5-F1-1 /D:1     /W-F0-1  /T1-F0-1 /T1-F1-1 /T5-F0-1 /T1-F0-1 /T5-F1-1 
/T1-F1-1 /T5-F0-1 /T1-F0-1 /T5-F1-1 /T1-F1-1 /T5-F0-1 /T1-F0-1 /T5-F1-1 /T1-F1-1 /T5-F0-1 
"
1020750,G#UN#Kms#yPVz#ejitF#uoqTEl#hLApnCS#XDbHdQJYgIZWfwxOrBcvaMkR,107.000000,1195.000000,46.000000,0.616279,1,"
minimal: 0 / states: 123 / duration: 0.000130s
history:
/T1-F3-1 /T6-T0-1 /T5-T3-1 /T5-T0-1 /T4-T5-1 /T4-T1-1 /D:3     /W-T6-1  /D:1     /W-T4-1  
/T5-T4-2 /D:1     /W-T0-1  /T6-T0-2 /T6-F2-1 /D:8     /W-T1-1  /D:2     /W-T3-1  /D:1     
/W-F3-1  /D:1     /W-T1-1  /D:2     /W-T5-1  /W-T5-1  /D:2     /W-F1-1  /T0-F1-1 /D:3     
/W-T2-1  /T5-T2-3 /T5-F2-1 /T6-F2-1 /T6-F0-1 /T2-F0-1 /T0-F0-1 /T2-F1-1 /T0-F1-1 /T2-F2-1 
/T1-F2-1 /T2-T4-1 /T2-F2-1 /T6-T2-1 /T0-T6-3 /T3-T0-3 /T5-T3-1 /T2-T5-2 /W-T5-1  /R       
/D:2     /W-F0-1  /T6-F0-1 /D:2     /W-T5-1  /T3-T5-2 /T3-F3-1 /W-F3-1  /T4-F3-1 /T6-F3-1 
/T4-F0-1 /T4-F3-1 /T6-F0-1 /T4-F0-1 /T1-T6-2 /T1-F3-1 /T5-T4-1 /T5-F3-1 /T4-T5-2 /T4-T0-1 
/T4-F1-1 /T6-F1-1 /T6-F2-1 /T5-F2-1 /W-T3-1  /D:2     /W-F1-1  /T6-F1-1 /T5-F1-1 /T0-F1-1 
/T5-T3-1 /T5-F1-1 /D:1     /W-F0-1  /T3-F0-1 /T2-F0-1 /T5-F0-1 /T3-T5-2 /D:1     /W-T1-1  
/D:1     /W-F3-1  /T5-F3-1 /W-F3-1  /T1-F3-1 /D:2     /W-F2-1  /W-F2-1  /T0-F2-1 /T0-F1-1 
/T5-F2-1 /T0-F2-1 /T5-F1-1 /D:1     /W-F0-1  
"
1020791,p#Uz#mbA#OWrX#VaKMf#RwluYB#skZGQSt#PvqhETdgHxDIcinFjeyJCLNo,168.500000,4123.000000,55.000000,0.539216,1,"
minimal: 0 / states: 122 / duration: 0.000120s
history:
/T2-F0-1 /T5-F0-1 /T4-T6-1 /T5-T1-1 /T2-T0-1 /D:5     /W-T6-1  /D:1     /W-T5-1  /D:1     
/W-T6-1  /T0-T6-2 /T4-T0-1 /T4-T1-1 /T4-F1-1 /T6-F1-1 /T5-T4-2 /T5-T0-1 /T5-T3-1 /T4-T3-3 
/T1-T4-3 /T6-T1-5 /D:3     /W-T0-1  /D:1     /W-T5-1  /D:2     /W-F1-1  /D:2     /W-F2-1  
/D:1     /W-T3-1  /T5-T3-2 /D:1     /W-T0-1  /D:2     /W-T2-1  /T3-T2-8 /T3-T6-1 /T3-T4-1 
/T3-T1-1 /D:2     /W-F0-1  /T2-F0-1 /T1-T6-3 /T1-F0-1 /D:2     /W-F3-1  /T6-F3-1 /D:1     
/W-F2-1  /T6-F2-1 /T6-F1-1 /R       /D:1     /W-F3-1  /D:1     /W-T0-1  /T1-T0-3 /D:1     
/W-F2-1  /T6-F2-1 /D:4     /W-T4-1  /D:2     /W-F1-1  /T0-F1-1 /T6-T0-1 /T6-F3-1 /T2-F3-1 
/T0-F3-1 /T2-F0-1 /T6-F0-1 /T6-T1-1 /T2-F3-1 /D:1     /W-T6-1  /W-T6-1  /W-F0-1  /T4-F0-1 
/W-F1-1  /W-F1-1  /T6-F1-1 /T6-F0-1 /T0-T4-3 /T0-F1-1 /T6-F1-1 /T6-F2-1 /T4-F2-1 /T2-F2-1 
/T4-F3-1 /T2-F3-1 /T4-F2-1 /T2-F2-1 /T4-F3-1 /T0-F2-1 /T2-F3-1 /T2-F2-1 /T4-F0-1 /T0-F1-1 
/T4-F3-1 /T4-F2-1 /T1-F3-1 /T2-F1-1 /D:1     /W-F0-1  /T0-F0-1 
"
1020818,x#Wu#Xfy#lQiR#ScwPE#TMZaYg#mVJorez#ICDtpnkLdbjvKAOBGhsUFHNq,105.500000,1368.000000,43.000000,0.602740,1,"
minimal: 0 / states: 125 / duration: 0.000135s
history:
/T5-T1-1 /T5-T6-1 /T5-F1-1 /T2-T5-1 /T4-T2-1 /T0-T6-1 /T6-T0-3 /D:3     /W-T3-1  /T4-T3-1 
/D:3     /W-F2-1  /D:1     /W-T5-1  /T4-T5-1 /D:2     /W-T2-1  /D:1     /W-F1-1  /T4-F1-1 
/T2-F1-1 /T6-F1-1 /T6-T4-1 /T6-F2-1 /D:1     /W-T0-1  /D:1     /W-T0-1  /D:2     /W-F0-1  
/D:2     /W-F0-1  /D:2     /W-T0-1  /W-T0-1  /T2-T0-2 /T6-T2-1 /T1-T6-2 /T6-T2-3 /D:1     
/W-T2-1  /T3-T2-3 /T3-T5-1 /T3-T0-1 /D:3     /W-T5-1  /D:1     /W-F3-1  /D:1     /R       
/D:1     /W-T1-1  /D:1     /W-F0-1  /D:2     /W-F2-1  /D:1     /W-T6-1  /T2-T6-9 /T5-T2-6 
/T3-T5-1 /T5-T3-2 /T5-T2-1 /D:1     /W-T3-1  /T1-T3-2 /D:1     /W-F3-1  /T6-F3-1 /T0-F3-1 
/T6-F0-1 /T0-F0-1 /T0-F1-1 /T6-F3-1 /T6-T2-1 /T6-F1-1 /T4-T0-2 /D:1     /W-T3-1  /T0-T3-3 
/T0-F1-1 /D:1     /W-F0-1  /D:1     /W-F2-1  /T3-F2-1 /T2-F2-1 /T3-F3-1 /T2-F3-1 /T3-F0-1 
/T2-F0-1 /W-F2-1  /T3-F3-1 /T3-F0-1 /T6-F2-1 /T0-F2-1 /T2-F1-1 /T0-F1-1 /T6-F3-1 /T2-F2-1 
/T3-F3-1 /T0-F2-1 /T6-F0-1 /T2-F1-1 /T3-F0-1 /T3-F1-1 /T6-F3-1 /T0-F3-1 /T2-F2-1 /T0-F2-1 
/T6-F0-1 /T2-F3-1 /T3-F0-1 /T6-F1-1 
"
1020954,L#gM#jlS#qAnt#hGRez#pvsEQa#FHufcoC#PKZxBybNkJwrIdTOmWUDViXY,129.500000,1610.000000,53.000000,0.592391,1,"
minimal: 0 / states: 128 / duration: 0.000141s
history:
/T5-F1-1  /T6-T5-1  /T2-T3-1  /T2-T1-1  /D:2      /W-T1-1   /T2-T1-1  /T4-T2-1  /D:5      /W-F1-1   
/D:1      /W-F3-1   /D:1      /W-T0-1   /D:1      /W-T0-1   /D:2      /W-T3-1   /T5-T3-2  /D:1      
/W-T1-1   /D:1      /W-T5-1   /D:2      /W-F3-1   /D:3      /W-T1-1   /T3-T1-5  /T3-F2-1  /T3-F0-1  
/T6-F2-1  /T6-F1-1  /T5-T6-2  /T4-T5-1  /T3-T4-1  /T1-T3-11 /T5-T1-2  /T6-F1-1  /T1-F1-1  /T4-T1-2  
/T6-T4-2  /T1-T6-4  /D:2      /W-T0-1   /T6-T0-5  /D:3      /W-T2-1   /R        /D:1      /W-F3-1   
/D:1      /W-T1-1   /T0-T1-9  /D:1      /W-T2-1   /D:1      /W-F0-1   /T3-F0-1  /T3-F3-1  /D:3      
/W-T6-1   /D:1      /W-T0-1   /D:1      /W-T2-1   /T5-T2-1  /T5-F2-1  /T1-F2-1  /T3-F2-1  /T1-F3-1  
/T1-F2-1  /T3-F3-1  /T3-F2-1  /T4-T3-3  /T6-F3-1  /T1-T6-1  /T1-F2-1  /T6-T1-2  /T2-F2-1  /W-F2-1   
/T3-T4-3  /T3-F3-1  /W-T0-1   /T4-T3-4  /T6-T1-1  /D:1      /W-F0-1   /T3-F0-1  /T1-F0-1  /T3-F1-1  
/T1-F1-1  /T3-F0-1  /T1-F0-1  /T1-F3-1  /T3-F1-1  /T3-F0-1  /T2-F3-1  /T1-F0-1  /T2-F2-1  /T0-F2-1  
/D:1      /W-F1-1   /T3-F1-1  /T1-F1-1  /T3-F0-1  /T3-F1-1  /T0-F1-1  /T1-F0-1  /T3-F0-1  /D:1      
/W-F3-1   /T2-F3-1  /T1-F3-1  /T2-F2-1  
"
1021026,a#Xf#TSk#bePv#ZWwsJ#LuFOHR#tqgyndE#CYpozhDmxjMVcAiBIKlNGQrU,101.500000,1891.000000,32.000000,0.767123,1,"
minimal: 0 / states: 110 / duration: 0.000118s
history:
/T0-F1-1 /T6-T1-1 /T6-T1-1 /T6-F2-1 /T4-T2-1 /T5-T4-1 /T2-T6-2 /D:1     /W-T1-1  /D:3     
/W-F2-1  /W-F2-1  /D:1     /W-T0-1  /W-T0-1  /D:1     /W-T3-1  /D:1     /W-T4-1  /D:2     
/W-T0-1  /D:1     /W-T0-1  /T3-T0-2 /T3-T4-1 /D:2     /W-T6-1  /T5-T6-1 /T5-T1-1 /T3-T5-1 
/T3-F1-1 /W-T3-1  /D:1     /W-F1-1  /D:1     /W-F0-1  /D:2     /W-F0-1  /D:3     /W-T3-1  
/W-T3-1  /D:1     /W-F3-1  /T1-F3-1 /T1-F0-1 /T1-F1-1 /T4-F3-1 /T4-F0-1 /T1-F0-1 /T5-F1-1 
/T1-F1-1 /T5-F0-1 /D:1     /W-T0-1  /T2-T0-1 /T4-T2-2 /T4-T1-1 /T4-T3-1 /T6-T4-5 /T6-F1-1 
/T6-F2-1 /T0-T6-1 /T0-F0-1 /T0-F1-1 /T4-F0-1 /T5-T4-1 /W-F0-1  /W-F1-1  /T0-T3-1 /T0-F1-1 
/T4-T1-2 /T4-F0-1 /T4-F1-1 /T3-T0-2 /T3-F0-1 /T3-F1-1 /T5-F0-1 /T3-F0-1 /W-F1-1  /T1-T4-4 
/T2-T4-3 /D:1     /W-F3-1  /T4-F3-1 /T6-F3-1 /D:1     /W-F2-1  /T4-F2-1 /T4-F3-1 /T6-F2-1 
/T4-F2-1 /T0-F2-1 /D:1     /W-F3-1  /T4-F3-1 /T0-F3-1 /T4-F2-1 /T0-F2-1 /T4-F3-1 /T0-F3-1 
/T4-F2-1 /T0-F2-1 /T4-F3-1 
"
1021033,z#oi#shv#JEbB#LkXuQ#lNgVca#GKnedYA#yWmptIDSZOCPURwTxrjqHMFf,142.500000,1290.000000,40.000000,0.680233,1,"
minimal: 0 / states: 106 / duration: 0.000110s
history:
/T5-F1-1 /T6-F0-1 /T3-F0-1 /T3-F1-1 /T5-F1-1 /T6-T0-1 /T6-F1-1 /T6-F1-1 /T6-F2-1 /T4-T3-1 
/T4-T1-1 /T6-T0-1 /D:2     /W-T0-1  /T2-T0-1 /T2-T0-1 /T6-T0-1 /D:1     /W-T6-1  /W-T6-1  
/T4-T6-1 /D:1     /W-T3-1  /D:4     /W-T0-1  /T3-T0-3 /T5-T3-1 /T5-T1-1 /T5-F3-1 /T2-T1-1 
/T3-T4-2 /D:1     /W-T2-1  /D:1     /W-F3-1  /D:1     /W-F0-1  /W-F0-1  /D:1     /W-F3-1  
/D:2     /W-T1-1  /D:1     /W-T6-1  /T1-T6-5 /T1-F2-1 /T0-F2-1 /T0-F3-1 /T0-F0-1 /T6-F3-1 
/T0-F3-1 /D:1     /W-F3-1  /W-F3-1  /T4-F3-1 /D:1     /W-T5-1  /D:2     /W-T5-1  /T0-T5-3 
/T0-F3-1 /D:1     /W-F2-1  /W-F2-1  /T6-F2-1 /D:2     /W-T1-1  /T5-T1-6 /D:1     /W-F0-1  
/T1-F0-1 /W-F0-1  /W-F0-1  /T4-F0-1 /T0-F0-1 /W-F2-1  /T6-T4-4 /T6-F3-1 /T4-T6-5 /T0-F3-1 
/T2-F3-1 /T4-F0-1 /T1-T0-5 /T1-F0-1 /D:1     /W-F1-1  /T6-F1-1 /T0-F1-1 /T6-F2-1 /T0-F2-1 
/T6-F1-1 /T0-F1-1 /T6-F2-1 /T0-F2-1 /T6-F1-1 /T0-F1-1 /T6-F2-1 /T0-F2-1 /T6-F1-1 
"
1021037,i#pu#RqB#fAXg#kElML#HJymbK#rUdweDj#htNTSnxzWGZYvCIOoFQcVasP,135.000000,2360.000000,49.000000,0.573684,1,"
minimal: 0 / states: 131 / duration: 0.000136s
history:
/T6-T5-1 /T3-T1-1 /T3-T4-1 /T3-F0-1 /T2-F0-1 /T1-T0-2 /D:3     /W-F3-1  /D:3     /W-F2-1  
/D:7     /W-T5-1  /D:1     /W-F0-1  /T6-F0-1 /T2-T6-1 /D:2     /W-F3-1  /D:1     /W-F2-1  
/T1-F2-1 /T6-F2-1 /D:1     /W-T0-1  /T6-T0-1 /T6-T4-1 /T0-T4-5 /D:4     /W-F1-1  /D:2     
/W-F3-1  /R       /D:1     /W-T5-1  /D:1     /W-T5-1  /T3-T5-1 /D:4     /W-T0-1  /D:3     
/W-T1-1  /T4-T1-8 /T4-T3-1 /T5-T4-6 /T5-F1-1 /T4-T0-7 /T4-F0-1 /F0-T0-1 /T6-T0-1 /W-T6-1  
/D:1     /W-T3-1  /D:2     /W-F3-1  /T2-F3-1 /T5-T2-1 /T5-T2-1 /T5-T4-1 /T4-T2-2 /D:1     
/W-F1-1  /T0-F1-1 /T0-F0-1 /T1-F1-1 /T1-F0-1 /T0-F1-1 /T1-F1-1 /T6-F0-1 /T5-F0-1 /W-F0-1  
/T2-F0-1 /T0-T6-1 /T0-F1-1 /T6-T0-2 /T6-F2-1 /D:2     /W-F2-1  /T0-F2-1 /T1-F2-1 /T1-F1-1 
/W-T1-1  /R       /D:2     /W-F3-1  /W-F3-1  /T0-F3-1 /T0-F2-1 /T0-F1-1 /T1-F3-1 /T1-F2-1 
/T2-F1-1 /T0-F0-1 /T0-F1-1 /T1-T2-1 /T1-F0-1 /T2-T1-2 /T2-F1-1 /T3-T0-1 /T3-F0-1 /D:1     
/W-F2-1  /D:1     /W-F3-1  /T1-F3-1 /T0-F3-1 /T1-F2-1 /T0-F2-1 /T1-F3-1 
"
1021059,k#tQ#fVw#zPmq#LZDvb#ISocRM#OATpNKE#WeYnlhUByugHrdGFjaXixCsJ,120.000000,2415.000000,36.000000,0.700000,1,"
minimal: 0 / states: 121 / duration: 0.000123s
history:
/T2-T0-1 /T1-T6-1 /T2-T0-1 /T6-T2-2 /T2-T1-3 /T5-T2-1 /T3-T5-1 /D:1     /W-T6-1  /D:2     
/W-T2-1  /T6-T2-2 /T6-F3-1 /T4-T6-1 /T4-T2-1 /T6-T1-2 /D:1     /W-F2-1  /D:2     /W-T2-1  
/T1-T2-6 /T3-T1-1 /T3-T4-1 /W-T3-1  /D:2     /W-T4-1  /D:1     /W-T1-1  /T0-T1-3 /D:1     
/W-T1-1  /T6-T1-1 /T6-F0-1 /T4-F0-1 /T6-F3-1 /T4-F3-1 /D:6     /W-T1-1  /T5-T1-2 /T5-T1-1 
/T5-F2-1 /D:2     /W-F1-1  /T2-F1-1 /T1-F1-1 /T2-F2-1 /T1-F2-1 /T4-T1-1 /T4-T0-1 /T2-F3-1 
/T4-T0-1 /D:1     /W-T0-1  /D:2     /W-T3-1  /D:1     /W-F0-1  /T1-F0-1 /T1-F3-1 /T5-F3-1 
/T2-F0-1 /T1-F0-1 /T1-F3-1 /D:2     /W-T0-1  /R       /D:2     /W-F3-1  /D:1     /W-T1-1  
/D:2     /W-F2-1  /D:1     /W-F1-1  /D:1     /W-F0-1  /W-F0-1  /W-F1-1  /T2-F1-1 /T1-F1-1 
/T5-F0-1 /T0-F0-1 /T2-T3-4 /T2-F0-1 /D:3     /W-F2-1  /T3-F2-1 /T1-F2-1 /T1-F3-1 /T3-F1-1 
/T3-F2-1 /T3-F3-1 /W-F1-1  /T1-F2-1 /T0-F3-1 /W-F1-1  /T1-F1-1 /T0-F0-1 /T3-F2-1 /T1-F2-1 
/T2-F3-1 /T0-F3-1 /T3-F1-1 /T1-F1-1 /T2-F0-1 /T3-F2-1 
"
1021062,k#Qq#Evl#niYH#XIZSm#PxUgNe#jAFOMya#zuohWdrKswBfpVCbtDGJLRcT,123.000000,1891.000000,57.000000,0.500000,1,"
minimal: 0 / states: 139 / duration: 0.000135s
history:
/T6-F1-1 /T6-T4-1 /T2-T6-1 /T1-T5-1 /T0-T4-1 /T4-T0-3 /D:4     /W-T2-1  /D:3     /W-T4-1  
/T1-T4-1 /T6-T1-2 /D:1     /W-T1-1  /D:2     /W-T0-1  /D:3     /W-T4-1  /T6-T4-1 /T5-T6-2 
/T5-F3-1 /T4-F3-1 /T5-T3-1 /T6-T3-3 /T6-F0-1 /T2-T6-2 /T6-T1-3 /D:1     /W-T0-1  /T3-T0-5 
/D:2     /W-F1-1  /D:1     /W-T1-1  /T4-T1-4 /T4-T6-1 /T5-T4-1 /T5-T3-1 /T5-F3-1 /D:2     
/W-T4-1  /D:2     /W-T6-1  /D:2     /W-F1-1  /D:1     /R       /D:1     /W-T5-1  /T3-T5-2 
/D:1     /W-T3-1  /D:2     /W-T5-1  /T4-T5-3 /T4-T6-1 /D:1     /W-F1-1  /D:2     /W-F0-1  
/D:1     /W-T5-1  /T2-T5-1 /D:1     /W-F0-1  /D:1     /W-F0-1  /T5-F0-1 /D:1     /W-T6-1  
/T3-T6-2 /T3-F2-1 /D:2     /W-T6-1  /R       /D:1     /W-F2-1  /T1-F2-1 /T0-F2-1 /T0-F1-1 
/T1-F3-1 /T1-F2-1 /T5-F1-1 /T0-F0-1 /T0-F1-1 /T5-F0-1 /T0-F0-1 /T1-T5-2 /T1-F1-1 /T5-T1-3 
/T5-F0-1 /T6-T0-2 /T6-F1-1 /T6-F0-1 /T1-T5-4 /T1-F1-1 /T1-F0-1 /T0-T6-4 /T0-F1-1 /T1-F1-1 
/T6-T0-5 /T6-F0-1 /T1-F0-1 /T0-T6-6 /T0-F1-1 /D:1     /W-F2-1  /D:1     /W-F3-1  /T5-F3-1 
/T5-F2-1 /T6-F3-1 /T5-F3-1 /T6-F2-1 /T5-F2-1 /T6-F3-1 /T5-F3-1 /T6-F2-1 /T5-F2-1 /T6-F3-1 
/T5-F3-1 /T6-F2-1 /T5-F2-1 /T6-F3-1 
"
1021074,S#BZ#WLY#GPQM#EeXdx#cOrRaN#UFIKJHi#sAVqCtjDzlTnmwfbphyvkgou,126.500000,1390.000000,50.000000,0.639175,1,"
minimal: 0 / states: 123 / duration: 0.000128s
history:
/T5-F3-1 /T5-F1-1 /T4-T2-1 /T2-T3-2 /T2-T1-1 /T2-T3-1 /T3-T2-4 /D:2     /W-F0-1  /D:2     
/W-T5-1  /D:1     /W-T3-1  /D:7     /W-F2-1  /D:4     /W-F1-1  /D:1     /W-T4-1  /D:3     
/W-T2-1  /D:1     /W-T1-1  /D:2     /W-F2-1  /T4-F2-1 /T5-F2-1 /D:1     /W-T6-1  /W-T6-1  
/R       /D:1     /W-T6-1  /T5-T6-1 /T5-F2-1 /T5-F3-1 /F2-T0-1 /T4-T0-1 /T5-F1-1 /T1-T5-3 
/T1-F0-1 /T3-F0-1 /T0-F1-1 /T3-T0-1 /T3-F3-1 /T0-F3-1 /T0-F2-1 /T6-F3-1 /T0-F3-1 /T6-F2-1 
/D:2     /W-F2-1  /D:2     /W-F0-1  /D:1     /W-T0-1  /D:1     /W-T0-1  /D:1     /W-F3-1  
/D:1     /W-T1-1  /D:1     /W-T4-1  /T6-T4-3 /T4-T6-1 /T4-F2-1 /T6-T4-2 /T6-T5-1 /T6-T0-1 
/W-T0-1  /T6-T0-1 /T6-T4-1 /T2-F2-1 /T6-F3-1 /W-F3-1  /T2-F3-1 /T4-T5-4 /T4-F2-1 /T4-F3-1 
/T4-F1-1 /T4-F0-1 /T5-F0-1 /T2-F2-1 /T2-F3-1 /T3-F0-1 /T5-T1-6 /T5-F3-1 /D:1     /W-F1-1  
/T1-F1-1 /T1-F0-1 /T0-F0-1 /D:1     /W-F1-1  /T1-F1-1 /T0-F1-1 /T1-F0-1 /T0-F0-1 /T1-F1-1 
/T0-F1-1 /T1-F0-1 /T2-F0-1 /T1-F1-1 /D:1     /W-F2-1  /T0-F2-1 
"
1021144,P#IY#nfx#ypzL#MEjQC#seWNwB#uGrKcig#SVOlhAFoqRdtTmDJvHXkaZbU,146.000000,2134.000000,60.000000,0.537234,1,"
minimal: 0 / states: 133 / duration: 0.000135s
history:
/T5-T0-1 /T2-T1-1 /D:2     /W-T5-1  /D:1     /W-T4-1  /D:3     /W-F0-1  /T0-F0-1 /D:1     
/W-T6-1  /D:1     /W-T0-1  /D:2     /W-T6-1  /W-T6-1  /T0-T6-2 /D:4     /W-T0-1  /T3-T0-1 
/T1-T3-2 /D:4     /W-T5-1  /T6-T5-6 /D:1     /W-T0-1  /T5-T0-9 /T5-F3-1 /T4-F3-1 /T4-F0-1 
/T5-T3-1 /T1-T3-1 /T3-T1-5 /T3-T4-1 /D:1     /W-T3-1  /D:1     /W-F1-1  /D:2     /W-F1-1  
/D:1     /W-T1-1  /R       /D:5     /W-T1-1  /T2-T1-1 /T2-F2-1 /T0-F2-1 /T0-F3-1 /T4-F2-1 
/T4-F3-1 /T0-F2-1 /T0-F3-1 /T5-T0-1 /D:2     /W-F0-1  /D:1     /W-T3-1  /T6-T3-1 /T6-F1-1 
/T4-T6-1 /T4-F0-1 /T0-T5-1 /T0-F0-1 /T5-T0-2 /D:1     /W-T6-1  /D:1     /W-T2-1  /T3-T2-4 
/R       /D:1     /W-F3-1  /D:1     /W-T4-1  /T6-T4-3 /T6-F2-1 /T6-F0-1 /T0-T6-3 /T0-F0-1 
/T1-T4-3 /T1-F0-1 /T6-T0-4 /D:2     /W-F1-1  /T0-F1-1 /T0-F2-1 /T4-F1-1 /T0-F1-1 /T4-F2-1 
/W-F1-1  /T0-F2-1 /T2-F1-1 /T2-F0-1 /T4-T1-2 /T4-F1-1 /T2-F1-1 /T4-F0-1 /T4-F1-1 /T0-T2-3 
/T0-F0-1 /T0-F1-1 /T4-F0-1 /D:1     /W-F3-1  /T1-F3-1 /T1-F2-1 /T2-F3-1 /T1-F3-1 /T2-F2-1 
/T1-F2-1 /T2-F3-1 /T1-F3-1 /T2-F2-1 /T1-F2-1 /T2-F3-1 
"
1021190,l#zn#kXE#OBiJ#jsYWU#qoyAwI#hQCdbDe#TVLPvaRZgNrmFxGcSpMKuftH,101.500000,1089.000000,43.000000,0.676056,1,"
minimal: 0 / states: 120 / duration: 0.000120s
history:
/T1-F2-1 /T4-T5-1 /T5-T4-2 /T0-T1-1 /D:2     /W-T3-1  /D:4     /W-F1-1  /D:2     /W-T0-1  
/D:2     /W-F3-1  /D:4     /W-T1-1  /T4-T1-3 /D:1     /W-T1-1  /D:2     /W-T1-1  /T2-T1-1 
/T5-T2-1 /T5-F0-1 /T5-T0-1 /T5-F2-1 /T2-T0-2 /T3-T2-2 /T3-T0-1 /T3-F0-1 /T3-F3-1 /W-T5-1  
/T5-T6-2 /D:1     /W-F2-1  /D:1     /W-T3-1  /T4-T3-1 /T6-T4-3 /T4-T6-1 /T4-F2-1 /T6-T4-2 
/T6-F1-1 /T4-F1-1 /T6-F1-1 /T6-F0-1 /T6-T1-1 /T4-F0-1 /T4-F1-1 /D:1     /W-T3-1  /D:1     
/W-T0-1  /D:1     /W-F1-1  /D:1     /W-T6-1  /D:1     /W-T2-1  /R       /D:1     /W-T0-1  
/T4-T0-1 /T4-T3-1 /D:2     /W-F3-1  /T1-F3-1 /T1-F0-1 /D:1     /W-T3-1  /T6-T3-2 /D:1     
/W-F3-1  /T1-F3-1 /D:1     /W-F1-1  /D:1     /W-F2-1  /T0-F2-1 /T3-F2-1 /T0-F3-1 /T0-F2-1 
/T3-F1-1 /T0-F1-1 /T3-F2-1 /T0-F2-1 /T3-F1-1 /T1-T3-4 /T1-F2-1 /T2-T0-3 /T2-F1-1 /T1-F1-1 
/D:1     /W-F1-1  /D:1     /W-F0-1  /T3-F0-1 /T0-F0-1 /T3-F3-1 /T0-F3-1 /T3-F0-1 /T0-F0-1 
/T3-F3-1 /T0-F3-1 /T0-F2-1 /T3-F0-1 /T3-F3-1 /T1-F2-1 /W-F0-1  /T0-F3-1 /T3-F0-1 
"
1021212,m#YV#QET#ofUs#rtMcH#dxBvey#FkRpNXj#GwznPaiDgKOLuhbqlICAZSJW,140.000000,3486.000000,46.000000,0.595506,1,"
minimal: 0 / states: 126 / duration: 0.000129s
history:
/T5-T0-1  /T4-T1-1  /T5-T3-1  /T3-T2-2  /T5-T6-1  /T2-T1-3  /T3-T6-1  /T5-T4-1  /T6-T5-3  /T6-T0-1  
/T6-F3-1  /T2-T3-1  /T6-T2-1  /T2-T3-2  /D:1      /W-T5-1   /T3-T5-4  /D:1      /W-T0-1   /T1-T0-5  
/T5-T1-9  /D:1      /W-T2-1   /T1-T2-10 /D:1      /W-F2-1   /T3-F2-1  /T2-F2-1  /D:2      /W-F1-1   
/D:2      /W-T0-1   /T4-T0-2  /T4-T1-1  /D:3      /W-F3-1   /D:4      /W-F1-1   /D:1      /W-F2-1   
/D:1      /W-T1-1   /D:2      /W-T2-1   /D:1      /W-F0-1   /T0-F0-1  /T0-F1-1  /T2-F0-1  /T5-F1-1  
/T0-F0-1  /T0-F1-1  /T6-T0-1  /D:1      /W-T3-1   /D:1      /W-T4-1   /T2-T4-2  /T2-F1-1  /D:1      
/W-T6-1   /D:1      /R        /D:1      /W-F3-1   /T4-F3-1  /T0-F3-1  /T4-F0-1  /T4-F3-1  /D:1      
/W-T6-1   /D:1      /W-F1-1   /D:1      /W-T1-1   /D:1      /W-T3-1   /T6-T3-3  /T6-F0-1  /T2-F0-1  
/T4-T2-1  /T4-F2-1  /T0-F2-1  /T0-F3-1  /T0-F0-1  /T2-F2-1  /T2-F3-1  /T0-F3-1  /D:1      /W-F2-1   
/T2-F2-1  /T0-F2-1  /T2-T1-1  /T2-F2-1  /D:1      /W-F1-1   /T3-F1-1  /T1-F1-1  /T3-T0-1  /T3-F1-1  
/T0-T3-2  /T0-F2-1  /T1-T2-1  /T1-F1-1  /T0-F1-1  /T2-T1-2  /T2-F2-1  /D:1      /W-F0-1   /T3-F0-1  
/T1-F0-1  /D:1      /W-F3-1   /T3-F3-1  /T1-F3-1  /T3-F0-1  /T1-F0-1  /T3-F3-1  
"
1021347,F#DR#sSe#aLwZ#MvKby#mgfXVp#cEloYdP#NxtUCOiWGQnqTrJhAIjuBzHk,115.500000,1863.000000,48.000000,0.577381,1,"
minimal: 0 / states: 121 / duration: 0.000124s
history:
/T4-T3-1 /T4-T5-1 /T2-T0-1 /D:1     /W-F3-1  /D:5     /W-F3-1  /T6-F3-1 /T5-T6-2 /D:2     
/W-T4-1  /D:2     /W-F3-1  /T1-F3-1 /T2-F3-1 /T1-T0-1 /T3-T1-2 /T5-T3-1 /T5-T1-1 /T3-T1-2 
/D:1     /W-F2-1  /D:2     /W-F3-1  /D:1     /W-T5-1  /T6-T5-3 /T4-T6-2 /T4-T6-1 /T6-T4-4 
/T6-F2-1 /D:2     /W-T4-1  /D:1     /W-F0-1  /D:3     /W-T1-1  /D:1     /W-F0-1  /D:3     
/W-T3-1  /R       /D:1     /W-T6-1  /D:1     /W-T4-1  /T5-T4-5 /T5-T1-1 /T3-T5-2 /T3-F1-1 
/T4-F1-1 /T4-F2-1 /T0-T1-3 /D:1     /W-F3-1  /D:1     /W-F0-1  /T1-F0-1 /D:3     /W-F2-1  
/D:1     /W-T5-1  /D:2     /W-T6-1  /W-T6-1  /D:1     /W-T0-1  /T6-T0-4 /T6-F0-1 /T6-F1-1 
/T4-F1-1 /T1-F1-1 /T1-F0-1 /T4-F2-1 /T2-F2-1 /T4-F1-1 /T1-F1-1 /T4-F2-1 /T1-F2-1 /W-F0-1  
/T4-F1-1 /T4-F2-1 /T1-F3-1 /T1-F2-1 /T4-F3-1 /T1-F3-1 /W-F1-1  /T0-T4-2 /T0-F2-1 /T1-F2-1 
/T4-T0-3 /T4-F3-1 /T1-F3-1 /T0-T4-4 /T0-F2-1 /D:1     /W-F0-1  /T4-F0-1 /T4-F1-1 /T5-F0-1 
/T4-F0-1 /T5-F1-1 /T4-F1-1 /T5-F0-1 /T4-F0-1 /T5-F1-1 
"
1021399,V#jR#ZAd#iNcn#tsExT#LBfOCw#mGqFeQp#zUJhoygXuPKWHaDYlvkIrMbS,102.000000,2415.000000,43.000000,0.671429,1,"
minimal: 0 / states: 129 / duration: 0.000132s
history:
/T3-F2-1 /T6-T2-1 /T0-T5-1 /D:1     /W-T0-1  /D:4     /W-F2-1  /T2-F2-1 /D:4     /W-T5-1  
/T4-T5-1 /D:3     /W-T4-1  /D:2     /W-F1-1  /D:1     /W-T1-1  /T3-T1-1 /T3-F3-1 /W-T3-1  
/D:1     /W-T0-1  /T4-T0-2 /T6-T4-1 /D:2     /W-T0-1  /D:5     /W-F1-1  /T1-F1-1 /T2-F1-1 
/T2-F0-1 /T6-F1-1 /T6-T5-1 /T6-F2-1 /T1-T5-2 /D:1     /W-T6-1  /T4-T6-2 /R       /D:1     
/W-T0-1  /T6-T0-4 /D:3     /W-T2-1  /D:1     /W-T3-1  /T4-T3-1 /D:1     /W-T2-1  /T5-T2-7 
/T5-T0-1 /T5-F3-1 /T5-F1-1 /T5-F0-1 /T0-F0-1 /T2-F0-1 /T5-T6-1 /D:1     /W-F3-1  /T0-F3-1 
/T0-F0-1 /T2-F3-1 /T2-F0-1 /T0-F3-1 /T0-F0-1 /T2-F3-1 /T0-F3-1 /T3-T2-2 /T3-F0-1 /T2-T3-3 
/T2-F3-1 /T0-T1-1 /T0-F3-1 /W-T1-1  /T1-T0-3 /T3-T2-4 /T4-T0-1 /D:3     /W-T6-1  /T2-T6-5 
/T2-F3-1 /D:1     /W-F0-1  /D:1     /W-F2-1  /T6-F2-1 /T0-F2-1 /T6-F1-1 /T0-F1-1 /T6-F2-1 
/T0-F2-1 /T6-F1-1 /T0-F1-1 /T6-F2-1 /T0-F2-1 /T0-F3-1 /T2-F2-1 /T0-F2-1 /T2-F3-1 /T6-F1-1 
/W-F1-1  /D:1     /W-T0-1  /R       /D:1     /W-F0-1  /D:1     /W-F0-1  /T6-F0-1 /T0-F0-1 
/T6-F1-1 
"
1021437,v#xY#EPV#NSWg#idcBK#zURnAM#sQFpaGj#ltHqXOubTfCZwILoDJrykhme,120.500000,3081.000000,51.000000,0.600000,1,"
minimal: 0 / states: 127 / duration: 0.000128s
history:
/T6-T4-1 /T4-T1-2 /T1-T5-3 /T0-T5-1 /T5-T0-5 /T5-F0-1 /T4-F0-1 /T5-F2-1 /D:3     /W-T2-1  
/T3-T2-1 /T3-T1-1 /T3-T6-1 /T3-F3-1 /D:1     /W-T5-1  /T4-T5-1 /D:2     /W-F3-1  /D:5     
/W-F0-1  /D:1     /W-T3-1  /D:2     /W-T1-1  /D:1     /W-T3-1  /D:1     /W-F2-1  /D:1     
/W-F0-1  /D:2     /W-T6-1  /T4-T6-1 /D:2     /W-T3-1  /D:1     /W-T0-1  /T6-T0-4 /T6-F1-1 
/T6-F2-1 /T5-T6-3 /T6-T2-4 /T5-T1-1 /D:2     /R       /D:1     /W-T5-1  /T1-T5-4 /D:1     
/W-T5-1  /D:2     /W-T4-1  /D:1     /W-F1-1  /T2-F1-1 /T0-F1-1 /T6-T0-1 /T2-F2-1 /D:1     
/W-T4-1  /T6-T4-1 /D:1     /W-T5-1  /D:1     /W-T3-1  /T2-T3-5 /T2-F3-1 /T0-F3-1 /T0-F2-1 
/T2-F0-1 /T3-F3-1 /T0-F3-1 /T3-F0-1 /T0-F0-1 /T4-F2-1 /T4-F3-1 /T3-T4-1 /T3-F0-1 /T5-T0-2 
/T5-F3-1 /T3-F3-1 /T5-F0-1 /T5-F3-1 /W-F3-1  /T4-T3-3 /D:1     /W-F0-1  /T0-T5-5 /T0-F0-1 
/T0-F3-1 /D:2     /W-T1-1  /T3-T1-6 /T3-F3-1 /D:1     /W-F1-1  /T5-F1-1 /T1-F1-1 /T5-F2-1 
/T1-F2-1 /T5-F1-1 /T1-F1-1 /T5-F2-1 /T1-F2-1 /T5-F1-1 /T1-F1-1 /T1-F0-1 /T5-F2-1 /T5-F1-1 
/T0-F0-1 /W-F2-1  /T1-F1-1 /T5-F2-1 
"
1021478,y#Pm#rEe#qNsv#wLQxz#cOCBih#ZuYWKnG#MdokfDjJHATaVFtglXIbSpRU,137.000000,1405.000000,40.000000,0.670588,1,"
minimal: 0 / states: 116 / duration: 0.000125s
history:
/T6-T5-1 /T6-F2-1 /T5-T3-2 /T0-T1-1 /T4-T0-1 /D:3     /W-F2-1  /D:1     /W-T1-1  /D:1     
/W-T3-1  /D:1     /W-T2-1  /D:1     /W-T4-1  /T3-T4-4 /T2-T3-2 /T2-T4-1 /W-T2-1  /D:1     
/W-T1-1  /T5-T1-1 /D:1     /W-T1-1  /D:1     /W-F0-1  /T5-F0-1 /T5-F0-1 /F0-T2-1 /T5-T2-1 
/T5-T3-1 /T1-T5-6 /D:1     /W-T5-1  /T3-T5-4 /T3-F3-1 /T2-F3-1 /T1-F3-1 /T2-F0-1 /T5-T3-1 
/T5-F0-1 /T4-F0-1 /W-T1-1  /T2-T4-2 /T3-T5-2 /D:1     /W-F1-1  /D:2     /W-F0-1  /D:3     
/W-T0-1  /T6-T0-1 /T6-T0-1 /T4-T6-8 /T4-F3-1 /T6-T1-9 /W-T6-1  /D:1     /W-T4-1  /D:1     
/W-T0-1  /D:1     /W-F1-1  /T5-F1-1 /T1-F1-1 /D:2     /W-F2-1  /T5-F2-1 /T1-F2-1 /T5-F1-1 
/T1-F1-1 /T1-F0-1 /T5-F2-1 /T6-F1-1 /T1-F1-1 /T5-T6-1 /T5-F0-1 /T6-T5-2 /T4-T6-2 /T0-F0-1 
/T5-T4-3 /T5-F0-1 /T4-T5-4 /D:1     /W-F3-1  /W-F3-1  /T5-F3-1 /W-F2-1  /T5-F2-1 /T5-F1-1 
/T1-F2-1 /T1-F1-1 /T5-F2-1 /T5-F1-1 /T1-F2-1 /T5-F2-1 /T0-T1-2 /T0-F1-1 /T0-F2-1 /T5-F1-1 
/D:1     /W-F3-1  /W-F3-1  /T1-F3-1 /T1-F0-1 /T6-F3-1 /T1-F3-1 /T6-F0-1 /T1-F0-1 /T6-F3-1 
"
1021482,J#CL#IiS#Ttqc#WmPgY#MAvbDG#UxwsBOz#nfXKQoZhdHFeuNlpryEjVkRa,157.500000,4465.000000,51.000000,0.557895,1,"
minimal: 0 / states: 129 / duration: 0.000132s
history:
/T4-T6-1 /T2-T5-1 /T2-T0-1 /D:1     /W-F2-1  /D:2     /W-T1-1  /T0-T1-2 /T6-T0-2 /D:1     
/W-T0-1  /D:2     /W-F2-1  /D:2     /W-T2-1  /T5-T2-2 /T3-T5-1 /D:2     /W-T1-1  /T4-T1-1 
/T4-T3-1 /T1-T4-6 /T6-T1-1 /T6-T3-1 /T6-T4-1 /D:2     /W-T4-1  /T5-T4-2 /D:2     /W-F3-1  
/T1-F3-1 /T5-T1-1 /T3-T4-1 /T3-F3-1 /D:2     /W-F2-1  /T3-F2-1 /D:1     /W-F2-1  /D:2     
/W-T2-1  /D:1     /W-T0-1  /T5-T0-1 /T5-F0-1 /T4-F0-1 /D:1     /W-T6-1  /D:3     /W-F1-1  
/T1-F1-1 /T1-F0-1 /T4-F1-1 /T4-F0-1 /T4-T1-9 /T2-F0-1 /T2-T4-4 /R       /D:1     /W-T3-1  
/D:1     /W-F3-1  /D:1     /W-T2-1  /D:1     /W-F1-1  /T1-F1-1 /T3-F1-1 /T1-F2-1 /T3-F2-1 
/T1-F1-1 /T3-T1-1 /D:1     /W-F0-1  /D:1     /W-F2-1  /T0-F2-1 /D:1     /W-T5-1  /D:1     
/W-T2-1  /D:1     /W-T2-1  /T6-T2-2 /T6-T5-1 /T4-T6-2 /T4-F1-1 /T1-T2-2 /T1-F1-1 /T0-F1-1 
/T2-T1-3 /T2-F2-1 /T2-F1-1 /T5-F2-1 /T2-F2-1 /T5-F1-1 /T0-T5-2 /T0-F2-1 /T1-T2-6 /T1-F1-1 
/T4-T5-2 /T6-T5-3 /D:1     /W-F3-1  /T5-F3-1 /T2-F3-1 /T5-F0-1 /T2-F0-1 /T5-F3-1 /T2-F3-1 
/T5-F0-1 /T2-F0-1 /T5-F3-1 /T2-F3-1 /T5-F0-1 /T2-F0-1 /T5-F3-1 /T2-F3-1 /T5-F0-1 
"
1021496,m#QO#YjN#RHTi#hVAZF#dcCPLJ#XteMSGa#fpukgrUybEvsWlBxIDoKwnzq,136.000000,1701.000000,59.000000,0.552632,1,"
minimal: 0 / states: 128 / duration: 0.000132s
history:
/T2-F3-1 /T1-F3-1 /T6-F1-1 /T3-T5-1 /T4-T3-1 /D:1     /W-T6-1  /D:1     /W-T1-1  /D:1     
/W-T5-1  /T3-T5-2 /D:2     /W-T3-1  /D:1     /W-T6-1  /T1-T6-2 /T4-T1-1 /T4-F0-1 /T3-T4-2 
/T3-T5-1 /D:2     /W-T0-1  /D:1     /W-F1-1  /D:2     /W-T2-1  /D:1     /W-T4-1  /D:3     
/W-F0-1  /D:3     /W-T5-1  /D:4     /W-F2-1  /D:1     /W-T3-1  /D:1     /R       /D:1     
/W-T0-1  /T5-T0-7 /T5-T1-1 /T5-F3-1 /T5-F0-1 /T5-F1-1 /T0-F0-1 /T5-F1-1 /D:1     /W-T2-1  
/T6-T2-5 /D:1     /W-F0-1  /T0-T4-1 /T0-F0-1 /D:2     /W-T3-1  /D:1     /W-T3-1  /T2-T3-8 
/D:2     /W-F2-1  /T3-F2-1 /T3-F3-1 /T4-F3-1 /T6-F3-1 /T6-T5-1 /T6-F1-1 /T0-F3-1 /T3-T6-2 
/T3-F0-1 /T6-T3-3 /T4-T0-2 /T4-F0-1 /W-F0-1  /T2-T5-1 /T6-T1-1 /D:1     /W-T5-1  /W-T5-1  
/D:1     /W-T1-1  /T4-T1-1 /T3-T4-3 /T3-F3-1 /T1-F3-1 /T5-F3-1 /T0-T1-4 /T0-F0-1 /T5-F0-1 
/T1-T0-5 /T1-F3-1 /T1-F0-1 /T5-F3-1 /T1-F3-1 /T5-F0-1 /T4-T3-4 /D:1     /W-F2-1  /T3-F2-1 
/T0-F2-1 /T3-F1-1 /T0-F1-1 /T3-F2-1 /T0-F2-1 /T3-F1-1 /T0-F1-1 /T3-F2-1 /T0-F2-1 /T3-F1-1 
/T0-F1-1 /T3-F2-1 /T0-F2-1 /T3-F1-1 /T0-F1-1 /T3-F2-1 
"
1021535,H#Sk#Nrm#gjKF#ACxGV#tRiQWz#UXcPJTL#OsEweMqBnbIoYZafhluDvydp,124.500000,1962.000000,45.000000,0.594595,1,"
minimal: 0 / states: 115 / duration: 0.000124s
history:
/T6-T2-1 /T6-T0-1 /T4-T6-1 /T6-T1-2 /T3-T0-1 /T1-T2-3 /T0-T2-3 /T5-T0-1 /T5-T3-1 /T1-T4-1 
/T2-T1-8 /T5-T2-1 /T2-T4-2 /T2-F3-1 /D:1     /W-F3-1  /T6-F3-1 /T4-F3-1 /D:4     /W-T1-1  
/D:1     /W-T2-1  /D:1     /W-T1-1  /T6-T1-1 /W-T6-1  /T5-T6-1 /T5-F3-1 /D:1     /W-T1-1  
/D:1     /W-F2-1  /D:2     /W-T3-1  /D:1     /W-F2-1  /D:1     /W-T0-1  /T3-T0-3 /D:2     
/W-F1-1  /D:1     /W-T5-1  /T4-T5-1 /T4-F3-1 /D:1     /W-T0-1  /T4-T0-1 /T3-T4-1 /T1-T3-5 
/T1-F3-1 /T3-T1-6 /W-T3-1  /W-F1-1  /D:1     /W-T2-1  /T4-T2-2 /D:1     /W-T6-1  /D:2     
/W-T2-1  /D:1     /W-T3-1  /T6-T3-4 /T6-F3-1 /D:1     /W-T5-1  /T4-T5-1 /T4-F0-1 /T1-F0-1 
/T1-F1-1 /T5-F0-1 /W-F0-1  /T5-F1-1 /W-F0-1  /D:1     /W-F2-1  /T1-F2-1 /T1-F1-1 /T1-F0-1 
/T5-F2-1 /T5-F1-1 /T0-F0-1 /W-F2-1  /T1-F1-1 /T1-F0-1 /T5-F2-1 /T0-F1-1 /T0-F0-1 /T3-F2-1 
/T1-F3-1 /T2-F2-1 /T0-F3-1 /T3-F1-1 /T1-F0-1 /T2-F1-1 /T0-F0-1 /T3-F2-1 /T1-F1-1 /T2-F2-1 
/T2-F1-1 /T3-F3-1 /T0-F3-1 /T1-F0-1 /T2-F0-1 /T3-F2-1 /T0-F2-1 /T1-F1-1 /T3-F3-1 
"
1021544,w#Ht#sTa#IYcu#RUlxn#WVQrEq#DkKgAiP#FhGySCoNpLMzXBOJbefdvjZm,158.000000,3451.000000,46.000000,0.639423,1,"
minimal: 0 / states: 117 / duration: 0.000130s
history:
/T2-F1-1 /T4-F2-1 /T6-T5-1 /T6-T0-1 /T6-F0-1 /T3-T0-1 /T6-T0-1 /D:1     /W-T0-1  /D:4     
/W-T1-1  /D:2     /W-F2-1  /D:1     /W-F3-1  /D:1     /W-F2-1  /D:5     /W-F0-1  /D:1     
/W-F3-1  /T5-F3-1 /T5-F2-1 /T5-T1-1 /T5-F2-1 /T5-F3-1 /D:2     /W-F1-1  /T3-F1-1 /T4-T3-1 
/T6-T4-1 /W-T6-1  /T5-T6-1 /T5-T3-1 /D:1     /W-T0-1  /D:2     /W-F1-1  /T0-F1-1 /W-F1-1  
/T0-T2-1 /T0-F1-1 /T2-T0-2 /T2-F2-1 /D:1     /W-T3-1  /D:1     /W-T4-1  /D:1     /W-T2-1  
/D:1     /W-T5-1  /R       /D:1     /W-T3-1  /T1-T3-3 /T1-T6-1 /D:2     /W-T2-1  /T6-T2-4 
/D:1     /W-F0-1  /T6-F0-1 /T3-F0-1 /T0-F0-1 /W-F0-1  /T2-F0-1 /D:1     /W-T5-1  /D:1     
/W-T1-1  /T4-T1-3 /T3-T4-2 /T3-F1-1 /T4-T3-3 /T4-F3-1 /T3-F3-1 /T0-F3-1 /T3-F2-1 /T0-F2-1 
/T0-F1-1 /T3-F3-1 /T2-F3-1 /T3-F2-1 /T0-F2-1 /T1-F1-1 /T3-F3-1 /T3-F2-1 /T2-T5-2 /T2-F2-1 
/D:1     /W-T0-1  /T3-T0-1 /T3-F0-1 /T5-F0-1 /T1-F0-1 /T5-F1-1 /T1-F1-1 /T5-F0-1 /T5-F1-1 
/T1-F0-1 /D:1     /W-F3-1  /T0-F3-1 /T0-F2-1 /T2-F3-1 
"
1021561,W#kg#xrI#CHhR#PXDOe#yTalcA#QnzZdNV#BbLtfUovmYEpGKquSwMFjJis,109.000000,1861.000000,44.000000,0.681250,1,"
minimal: 0 / states: 127 / duration: 0.000129s
history:
/T5-F0-1  /T2-T0-1  /D:1      /W-F0-1   /D:5      /W-T0-1   /D:1      /W-T5-1   /D:6      /W-T0-1   
/D:2      /W-T3-1   /T5-T3-2  /W-T5-1   /T0-T5-4  /D:1      /W-T6-1   /T1-T6-1  /D:1      /W-T5-1   
/T2-T5-1  /D:1      /W-T1-1   /T6-T1-3  /T6-F3-1  /T6-T5-1  /T6-T0-1  /T5-T6-9  /T5-F1-1  /W-T6-1   
/D:2      /W-T1-1   /T4-T1-1  /T4-F3-1  /T4-T1-1  /D:1      /W-T2-1   /D:1      /W-T4-1   /D:1      
/W-T4-1   /D:1      /W-T5-1   /T3-T5-4  /R        /D:1      /W-F1-1   /D:1      /W-T0-1   /T4-T0-3  
/T4-T1-1  /T6-T4-11 /T6-F2-1  /T5-F2-1  /T1-F3-1  /T4-F2-1  /T5-F1-1  /T5-F2-1  /T4-F1-1  /T4-F2-1  
/T6-F3-1  /T5-F3-1  /T4-F3-1  /T5-F2-1  /T5-F3-1  /T4-T3-1  /T4-F3-1  /T3-T4-2  /T3-T0-1  /T3-F0-1  
/T1-F0-1  /T1-F1-1  /T1-T5-6  /D:1      /W-F2-1   /T5-T0-2  /T5-F2-1  /T5-F3-1  /T4-T2-3  /T4-F3-1  
/D:1      /W-F1-1   /D:1      /W-F2-1   /T5-F2-1  /T0-T5-5  /T0-F3-1  /T2-T4-4  /T2-F2-1  /T5-T0-6  
/T5-F2-1  /D:1      /W-T1-1   /D:1      /W-F3-1   /T0-T1-7  /T0-F3-1  /D:1      /W-F0-1   /T1-F0-1  
/T1-F1-1  /T4-F0-1  /T1-F0-1  /T4-F1-1  /T1-F1-1  /T4-F0-1  /T1-F0-1  /T4-F1-1  /T1-F1-1  /T4-F0-1  
/T1-F0-1  /T4-F1-1  /T1-F1-1  /T4-F2-1  /D:1      /W-F0-1   
"
1021589,Y#lr#Ptx#sQLb#qMjmz#IyfpZK#GReAivS#EThUFaWHnduJwCcokgDXNOVB,104.500000,1893.000000,35.000000,0.681159,1,"
minimal: 0 / states: 120 / duration: 0.000121s
history:
/T5-T0-1  /T1-T6-1  /T2-T1-1  /T6-T2-2  /T0-T4-2  /T4-T0-3  /D:3      /W-T6-1   /T2-T6-3  /D:3      
/W-F1-1   /T3-F1-1  /T3-T4-1  /T3-T6-1  /D:1      /W-T0-1   /T6-T0-6  /D:1      /W-T6-1   /D:1      
/W-F2-1   /D:5      /W-T0-1   /D:1      /W-F1-1   /D:1      /W-F2-1   /D:1      /W-T4-1   /W-T4-1   
/T6-T4-2  /T6-F0-1  /T6-T3-1  /D:1      /W-T4-1   /T3-T4-2  /T5-T3-1  /T5-F2-1  /D:1      /W-T4-1   
/T2-T4-1  /T4-T2-11 /T4-T1-1  /T1-T4-3  /T4-T1-4  /T4-F2-1  /D:2      /W-F3-1   /D:1      /W-F3-1   
/T2-F3-1  /D:2      /W-F0-1   /T0-F0-1  /T0-F3-1  /T2-F0-1  /T6-F3-1  /T5-T6-1  /T5-T3-1  /T0-F2-1  
/T0-F3-1  /T5-T1-1  /R        /D:1      /W-F0-1   /D:1      /W-F3-1   /D:1      /W-F3-1   /D:1      
/W-F0-1   /T6-T0-1  /T6-F0-1  /D:1      /W-F1-1   /T2-F1-1  /T0-F1-1  /T2-F2-1  /T0-F2-1  /T2-F1-1  
/T0-F1-1  /T2-F0-1  /T1-F0-1  /T2-F1-1  /T1-F1-1  /D:1      /W-F2-1   /T0-F2-1  /T2-F2-1  /T1-F2-1  
/T2-F1-1  /T1-F1-1  /T3-F2-1  /T0-T1-3  /T0-F2-1  /T2-T3-1  /T2-F1-1  /D:1      /W-F0-1   /D:1      
/W-T3-1   /D:1      /W-F3-1   /T1-F3-1  /T1-F0-1  /T3-F3-1  /T1-F3-1  /T3-F0-1  /T1-F0-1  /T3-F3-1  
"
1021596,D#Iu#qhp#xbsz#CKdyJ#mSnOGk#QcofaEL#HBTFVXYtPNWZjeAMvriwglRU,177.500000,1950.000000,75.000000,0.495652,1,"
minimal: 0 / states: 141 / duration: 0.000147s
history:
/T5-T6-1  /T4-T6-1  /D:3      /W-T1-1   /D:1      /W-T1-1   /D:1      /W-T6-1   /T1-T6-3  /D:1      
/W-T4-1   /D:1      /W-T3-1   /D:2      /W-T0-1   /D:1      /W-F3-1   /D:4      /W-T6-1   /T0-T6-2  
/T3-T0-2  /D:1      /W-F0-1   /D:5      /W-T4-1   /W-T4-1   /D:3      /W-T3-1   /D:1      /W-T1-1   
/T5-T1-1  /T5-F3-1  /T5-F2-1  /T5-T1-1  /T6-T5-10 /T6-T1-1  /T6-F1-1  /T5-F3-1  /R        /D:1      
/W-T4-1   /D:1      /W-F0-1   /D:7      /W-T6-1   /D:1      /W-T4-1   /T3-T4-2  /T3-F1-1  /T3-T0-1  
/D:1      /R        /D:2      /W-T0-1   /T1-T0-5  /D:1      /W-T1-1   /T4-T1-8  /T2-T4-1  /T4-T0-2  
/W-T2-1   /T6-T2-2  /T6-F2-1  /T0-F2-1  /T6-F1-1  /T0-F1-1  /T6-F3-1  /T1-F3-1  /D:1      /W-T4-1   
/D:1      /W-T3-1   /D:1      /W-T4-1   /T2-T4-4  /T2-F2-1  /T4-F2-1  /T1-F2-1  /T0-T4-1  /T0-F3-1  
/T4-T0-2  /T4-F2-1  /T5-T1-3  /T5-F3-1  /T5-F2-1  /T0-T4-3  /T0-F3-1  /T5-F3-1  /T4-T0-4  /T4-F2-1  
/T0-T4-5  /T0-F3-1  /T1-T5-6  /T1-F2-1  /T0-F2-1  /T4-T0-7  /T4-F0-1  /T5-F0-1  /T0-F0-1  /T5-F1-1  
/T0-F1-1  /T5-F0-1  /T0-F0-1  /T5-F1-1  /T0-F1-1  /T5-F0-1  /T0-F0-1  /T5-F1-1  /T0-F1-1  /T5-F0-1  
/T0-F0-1  /T1-F3-1  /T0-F3-1  /T5-F1-1  /T1-F2-1  /T5-F0-1  /T1-F3-1  /T0-F2-1  /T3-F0-1  /D:1      
/W-F1-1   /T5-F1-1  
"
1021607,x#Pr#Jdf#seDE#OLlnQ#qFZBGz#XCoNYIA#MmyRpUWwuSvHchtVgTKkbaij,109.000000,1963.000000,38.000000,0.690141,1,"
minimal: 0 / states: 128 / duration: 0.000127s
history:
/T6-F0-1 /T4-T1-1 /T4-F2-1 /T3-T2-1 /T4-T5-1 /T0-T5-1 /T5-T0-3 /T2-T5-2 /T2-T5-1 /D:5     
/W-T1-1  /D:1     /W-T6-1  /T5-T6-4 /T5-F0-1 /T4-T5-1 /T4-T1-1 /T5-T4-2 /W-T5-1  /T3-T5-1 
/D:1     /W-T0-1  /T6-T0-6 /D:6     /W-T5-1  /D:3     /W-T2-1  /D:3     /W-T6-1  /D:1     
/W-T4-1  /T2-T4-2 /D:2     /W-F1-1  /W-F1-1  /T5-F1-1 /T0-F1-1 /T3-F1-1 /D:2     /W-T6-1  
/R       /D:1     /W-T2-1  /T6-T2-3 /T6-F3-1 /T1-F3-1 /T6-F2-1 /T1-F2-1 /T6-F0-1 /T5-F0-1 
/T0-F0-1 /T1-T0-2 /T1-F3-1 /T0-F3-1 /T5-T3-1 /T5-F0-1 /T5-F2-1 /T0-F2-1 /T0-F1-1 /T3-F3-1 
/T3-F2-1 /T0-F0-1 /D:1     /W-T1-1  /D:1     /W-T1-1  /T6-T1-1 /D:1     /W-T1-1  /D:1     
/W-T4-1  /D:1     /W-F3-1  /D:1     /W-T2-1  /D:1     /W-F0-1  /T0-T2-1 /T0-F0-1 /T4-T1-2 
/T4-F0-1 /D:2     /W-F2-1  /T1-F2-1 /D:1     /W-F1-1  /W-F1-1  /D:1     /W-F3-1  /T2-F3-1 
/T1-F3-1 /T2-F2-1 /T0-F3-1 /T1-F2-1 /T1-F3-1 /T0-F2-1 /T1-F2-1 /T2-T0-2 /T2-F3-1 /T0-T2-3 
/T0-F2-1 /T4-T1-2 /T4-F3-1 /D:1     /W-F1-1  /T2-F1-1 /T1-F1-1 /T2-F0-1 /T1-F0-1 /T2-F1-1 
/T1-F1-1 /T2-F0-1 
"
1021619,f#cn#mxU#awMW#CFlqk#biBDIZ#VSheQpR#vXJArPOGYzTgyHojLEdutKNs,147.500000,3268.000000,55.000000,0.533708,1,"
minimal: 0 / states: 127 / duration: 0.000129s
history:
/T1-F2-1 /D:1     /W-T3-1  /T2-T3-1 /T3-T2-3 /D:2     /W-T4-1  /D:1     /W-F0-1  /D:1     
/W-T0-1  /D:3     /W-T2-1  /T0-T2-2 /T5-T0-1 /D:1     /W-T3-1  /T2-T3-7 /D:4     /W-T0-1  
/T4-T0-2 /T4-T6-1 /T1-T6-1 /T3-T1-9 /D:2     /W-F2-1  /D:2     /W-T2-1  /D:2     /W-T1-1  
/D:3     /W-T4-1  /D:1     /W-F3-1  /D:1     /R       /D:1     /W-T2-1  /T3-T2-1 /T3-F1-1 
/D:2     /W-F3-1  /W-F3-1  /D:1     /W-T3-1  /T4-T3-2 /T6-T4-3 /T6-F2-1 /T6-F3-1 /T4-T6-2 
/T4-F3-1 /T6-T4-3 /T6-T5-1 /T6-F3-1 /T6-T0-1 /D:1     /W-F3-1  /T1-T5-4 /T1-F3-1 /T0-F3-1 
/D:3     /W-T3-1  /T5-T3-6 /T4-T5-1 /T4-F2-1 /T5-T4-2 /T5-F0-1 /T5-T0-1 /T5-F1-1 /T4-F1-1 
/T3-F1-1 /T3-F2-1 /W-T0-1  /W-T0-1  /T4-T0-3 /T4-F0-1 /T0-F0-1 /T0-F1-1 /T3-F1-1 /D:1     
/W-F0-1  /T0-F0-1 /T3-F0-1 /T0-F1-1 /T0-F0-1 /T3-F1-1 /T3-F0-1 /T0-F1-1 /T0-F0-1 /T3-F1-1 
/T0-F1-1 /T3-F0-1 /T3-F1-1 /T2-T0-2 /T2-F0-1 /T2-F1-1 /T1-T3-4 /T1-F0-1 /D:3     /W-F2-1  
/W-F2-1  /W-F2-1  /T3-F2-1 /T0-F2-1 /T3-F3-1 /T0-F3-1 /T3-F2-1 /T0-F2-1 /T3-F3-1 /T0-F3-1 
/T3-F2-1 
"
1021641,p#Th#XGt#ldJn#OIeix#oQgqND#KLWUMcy#APYVmuaBHRkwCZFvSjbEfszr,102.000000,1441.000000,35.000000,0.732143,1,"
minimal: 0 / states: 116 / duration: 0.000123s
history:
/T3-F2-1 /T2-T1-1 /D:1     /W-F0-1  /D:1     /W-T5-1  /D:2     /W-T3-1  /D:2     /W-T3-1  
/D:1     /W-F1-1  /D:1     /W-F0-1  /D:3     /W-T6-1  /T3-T6-3 /T0-T3-1 /D:2     /W-F0-1  
/D:1     /W-T0-1  /T6-T0-5 /D:3     /W-T1-1  /D:1     /W-T4-1  /W-T4-1  /T1-T4-3 /W-T1-1  
/T1-T0-2 /D:1     /W-F1-1  /T6-F1-1 /T6-T1-1 /T2-T6-1 /W-T2-1  /W-T0-1  /T5-T0-2 /T5-F3-1 
/T0-T5-1 /T0-F0-1 /T5-T0-2 /D:1     /W-T4-1  /T3-T4-2 /T4-T3-9 /T4-T2-1 /W-T2-1  /T5-T2-1 
/T3-T5-1 /T3-F1-1 /T4-F1-1 /T6-T4-2 /T4-T6-3 /T4-F3-1 /T5-T3-2 /T5-F2-1 /T0-F3-1 /T3-F2-1 
/T0-F2-1 /T3-F3-1 /T0-F3-1 /T3-F0-1 /T0-F0-1 /T3-F3-1 /T0-F3-1 /T6-F0-1 /T6-F3-1 /T2-T0-1 
/T2-F0-1 /T6-F0-1 /T0-T2-2 /T0-F3-1 /T6-F3-1 /W-T4-1  /T6-T4-1 /T0-F0-1 /T6-F0-1 /T4-F0-1 
/T1-F0-1 /T2-T0-4 /T2-F3-1 /W-F3-1  /T0-T4-6 /T0-F3-1 /D:1     /W-F1-1  /T4-F1-1 /D:2     
/W-T0-1  /T3-T0-6 /D:1     /W-F2-1  /W-F2-1  /T0-F2-1 /T0-F1-1 /T4-F2-1 /T0-F2-1 /T4-F1-1 
/T0-F1-1 /T4-F2-1 /T0-F2-1 /T4-F1-1 /T0-F1-1 /T4-F2-1 /T0-F2-1 /T4-F1-1 
"
1021681,f#lI#TXy#PVAc#QnCzq#soGKwg#OUxJrah#HdptWeRYvjmMZFLDBbiNSuEk,135.000000,1301.000000,68.000000,0.474227,1,"
minimal: 0 / states: 135 / duration: 0.000141s
history:
/T6-T1-1 /T6-F1-1 /T6-T0-1 /T3-T4-1 /T3-F0-1 /T3-T6-1 /D:1     /W-T6-1  /T5-T6-1 /D:1     
/W-T0-1  /D:1     /W-T0-1  /D:1     /W-T1-1  /T0-T1-4 /D:7     /W-T0-1  /T2-T0-1 /T5-T2-1 
/T2-T0-2 /W-T5-1  /T1-T5-7 /T5-T1-9 /D:3     /W-T2-1  /D:3     /W-F0-1  /D:1     /W-F1-1  
/T4-F1-1 /T3-T4-1 /D:1     /W-T0-1  /D:1     /W-F3-1  /D:1     /W-T5-1  /D:1     /W-T0-1  
/T2-T0-2 /D:1     /W-T5-1  /D:1     /R       /D:2     /W-T0-1  /T4-T0-2 /T4-T2-1 /T4-F0-1 
/T4-F2-1 /T1-T4-1 /T1-F1-1 /T1-T2-8 /T4-T2-2 /D:4     /W-T1-1  /D:1     /W-T3-1  /D:1     
/W-T3-1  /D:1     /W-F0-1  /T5-F0-1 /D:1     /W-T3-1  /T6-T3-4 /R       /D:1     /W-T6-1  
/D:2     /W-T1-1  /T6-T1-2 /T5-T6-2 /T5-F2-1 /T2-F2-1 /T0-T5-3 /T0-F0-1 /T5-T0-4 /D:1     
/W-T1-1  /T6-T1-3 /T6-F3-1 /T0-F3-1 /T0-F2-1 /T0-F1-1 /T2-F3-1 /T2-F2-1 /T2-F1-1 /W-F3-1  
/T0-F2-1 /T1-F3-1 /T0-F3-1 /T1-F0-1 /T2-F2-1 /T1-F3-1 /T3-F1-1 /T0-F2-1 /T2-F1-1 /T1-F2-1 
/T3-F0-1 /T0-F1-1 /T2-F0-1 /T2-F1-1 /T3-F3-1 /T0-F2-1 /T1-F3-1 /T1-F2-1 /T3-F0-1 /T0-F3-1 
/T2-F0-1 /T1-F3-1 /T3-F1-1 /T0-F2-1 /T2-F1-1 /T2-F2-1 /T3-F0-1 /T0-F1-1 /T1-F0-1 /T3-F3-1 
"
1021691,p#im#rMt#NSyb#DUFjC#HqsXax#eQWlPnk#ETRhLfKOGoJgcuzZBdYwvAIV,141.000000,1452.000000,57.000000,0.526596,1,"
minimal: 0 / states: 130 / duration: 0.000128s
history:
/T3-T0-1 /T6-T3-1 /T6-F2-1 /T3-T1-2 /T3-T2-1 /T3-F3-1 /T1-T3-3 /D:1     /W-T2-1  /D:7     
/W-F3-1  /T6-F3-1 /T5-T6-1 /T5-F1-1 /T0-F1-1 /D:2     /W-F2-1  /T0-F2-1 /D:1     /W-T3-1  
/T1-T3-1 /D:2     /W-F1-1  /D:1     /W-T3-1  /W-T3-1  /D:1     /W-T0-1  /T6-T0-2 /T6-T0-1 
/T6-F3-1 /F3-T2-1 /T4-T2-1 /D:1     /W-T1-1  /D:2     /W-F1-1  /T6-F1-1 /D:2     /W-T5-1  
/D:1     /W-T0-1  /D:1     /W-F0-1  /D:1     /W-T4-1  /D:1     /W-T5-1  /R       /D:3     
/W-T0-1  /T2-T0-5 /T2-T6-1 /D:1     /W-T1-1  /T5-T1-3 /T5-T3-1 /T5-F2-1 /T2-F2-1 /T3-F2-1 
/T5-T1-1 /D:1     /W-F1-1  /T3-F1-1 /D:3     /W-F0-1  /T0-F0-1 /T0-F3-1 /D:1     /W-T6-1  
/R       /D:1     /W-T1-1  /D:1     /W-F3-1  /D:1     /W-T6-1  /T4-T6-2 /T4-T1-1 /T4-T6-1 
/T4-F0-1 /T0-F0-1 /T0-F3-1 /T0-F2-1 /T1-F0-1 /T1-F3-1 /T3-F2-1 /T0-F1-1 /T0-F2-1 /T3-F1-1 
/T6-F3-1 /T1-T3-2 /T1-F2-1 /T6-T0-1 /T6-F1-1 /T0-T6-2 /T0-F2-1 /T3-T1-3 /T3-F1-1 /T0-F1-1 
/T3-F2-1 /T0-F2-1 /T3-F1-1 /D:1     /W-F0-1  /T1-F0-1 /T1-F3-1 /T6-F0-1 /T1-F0-1 /T6-F3-1 
/T1-F3-1 /T6-F0-1 /T1-F0-1 /T6-F3-1 /T1-F3-1 /T6-F0-1 
"
1021713,T#iI#jVK#AwXH#Rlgtv#yBZuPM#nEzSOoN#UCLadfQkcmsqGxJepDWrhFbY,168.500000,3058.000000,67.000000,0.454128,1,"
minimal: 0 / states: 136 / duration: 0.000148s
history:
/T6-F3-1 /T0-T3-1 /T5-T0-1 /T6-T5-1 /T6-F3-1 /D:1     /W-T1-1  /D:3     /W-F1-1  /D:7     
/W-T3-1  /D:2     /W-T1-1  /T6-T1-1 /D:3     /W-T3-1  /D:2     /W-T3-1  /T5-T3-2 /D:1     
/W-T2-1  /T4-T2-1 /D:1     /W-T1-1  /D:1     /W-T2-1  /T4-T2-1 /T4-T5-1 /T2-T4-5 /T3-T2-7 
/T4-T0-6 /D:1     /W-T5-1  /T4-T5-1 /T6-T4-1 /D:1     /W-F1-1  /D:1     /W-T4-1  /R       
/D:3     /W-T1-1  /D:1     /W-T0-1  /T6-T0-1 /T6-F2-1 /T2-F2-1 /T2-F3-1 /D:1     /W-F3-1  
/T5-F3-1 /D:2     /W-F1-1  /T1-F1-1 /D:1     /W-T6-1  /D:2     /W-T4-1  /D:1     /W-T3-1  
/T2-T3-6 /T1-T2-5 /T5-T1-3 /T2-T4-6 /T5-T2-1 /D:1     /W-F2-1  /W-F2-1  /T4-F2-1 /T4-F3-1 
/T3-T1-2 /T3-F2-1 /T3-F3-1 /T0-T4-2 /T0-F2-1 /T1-T3-4 /T1-F2-1 /T4-T0-3 /T4-F3-1 /T3-T1-5 
/T3-F3-1 /T0-T4-4 /T0-F2-1 /T0-F3-1 /T1-T3-6 /R       /D:2     /W-T2-1  /T3-T2-8 /T3-F2-1 
/T3-F0-1 /T5-F0-1 /W-F0-1  /T2-F0-1 /T2-F1-1 /T4-F0-1 /T2-F0-1 /T4-F1-1 /T2-F1-1 /T4-F0-1 
/T2-F0-1 /T4-F1-1 /T2-F1-1 /T4-F0-1 /T2-F0-1 /T2-F3-1 /T4-F1-1 /T0-F0-1 /T4-F2-1 /T4-F3-1 
/T2-F0-1 /T2-F3-1 /T5-F2-1 /T4-F2-1 /D:1     /W-F1-1  /T0-F1-1 /T0-F0-1 /T6-F1-1 
"
1021849,v#jE#eau#GBdF#byOVR#kWPKDU#fCrsxQL#cTtoiInzYSNJHlmqAwZgpMXh,136.500000,1362.000000,64.000000,0.541667,1,"
minimal: 0 / states: 131 / duration: 0.000140s
history:
/T5-T0-1 /T4-T3-1 /T5-T3-1 /T2-T4-1 /T2-F1-1 /D:1     /W-T3-1  /D:1     /W-T4-1  /T3-T4-4 
/T3-T1-1 /T3-T4-1 /T3-T0-1 /D:5     /W-F2-1  /D:1     /W-T3-1  /D:1     /W-T3-1  /T5-T3-1 
/D:1     /W-T0-1  /T1-T0-2 /W-T1-1  /T1-T3-2 /D:1     /W-F3-1  /D:4     /W-T1-1  /T6-T1-1 
/D:1     /W-T2-1  /T5-T2-1 /T0-T5-6 /D:1     /W-F0-1  /T4-F0-1 /D:2     /W-T0-1  /D:2     
/W-T5-1  /D:2     /W-T1-1  /D:1     /W-T3-1  /R       /D:1     /W-T3-1  /D:1     /W-F2-1  
/T5-F2-1 /D:2     /W-T1-1  /T4-T1-7 /T4-F3-1 /T2-F3-1 /T6-F3-1 /T4-T0-1 /T4-F1-1 /T1-F1-1 
/T2-F2-1 /T5-T6-7 /T6-F1-1 /T2-F1-1 /T5-T0-1 /D:3     /W-T0-1  /D:2     /W-T2-1  /R       
/D:1     /W-T0-1  /D:1     /W-T0-1  /D:1     /W-T2-1  /T6-T2-7 /D:1     /W-T0-1  /T6-T0-1 
/T6-F2-1 /T6-F0-1 /T1-F0-1 /T1-F3-1 /T0-F2-1 /T2-F0-1 /T1-F0-1 /T2-F3-1 /T1-F3-1 /T6-F1-1 
/T0-F1-1 /T2-F0-1 /T0-F0-1 /T3-F2-1 /T1-F2-1 /T2-F3-1 /T1-F3-1 /T3-F1-1 /T0-F1-1 /T2-F2-1 
/T0-F2-1 /T3-F0-1 /T1-F0-1 /T2-F3-1 /T1-F3-1 /T3-F1-1 /T0-F1-1 /T2-F2-1 /T0-F2-1 /T3-F0-1 
/T1-F0-1 /T2-F1-1 /T1-F1-1 /T3-F3-1 /T0-F3-1 /T2-F0-1 /T3-F2-1 
"
1021858,c#sr#qWO#yIRz#HejGo#biJduB#mSUpZVT#QYDLEFwlfAaxthPngCkMNvKX,164.000000,4701.000000,57.000000,0.537383,1,"
minimal: 0 / states: 135 / duration: 0.000139s
history:
/T5-T0-1  /T6-T5-1  /T5-T6-2  /T5-T1-1  /T6-T5-3  /D:2      /W-T3-1   /D:2      /W-T6-1   /D:2      
/W-T5-1   /D:4      /W-F0-1   /T0-F0-1  /T4-T0-1  /W-T4-1   /T1-T4-2  /D:1      /W-F1-1   /D:1      
/W-T3-1   /D:4      /W-F2-1   /T0-F2-1  /D:2      /W-T4-1   /T2-T4-1  /T2-T3-1  /T0-T2-1  /T6-T0-2  
/T6-F2-1  /T4-T6-6  /D:1      /W-T0-1   /T5-T0-5  /D:2      /W-F3-1   /T6-F3-1  /T6-F0-1  /D:1      
/W-T3-1   /T6-T3-5  /D:2      /R        /D:2      /W-F0-1   /D:1      /W-F0-1   /T0-F0-1  /T1-T0-1  
/T3-T1-10 /T3-T0-1  /T3-T4-1  /T2-T0-2  /D:4      /W-T4-1   /W-T4-1   /T6-T4-1  /T3-T6-1  /D:1      
/W-F3-1   /D:2      /W-T2-1   /D:2      /W-T6-1   /R        /D:1      /W-F3-1   /D:1      /W-T6-1   
/T5-T6-1  /T5-F1-1  /T0-F1-1  /T0-F2-1  /T0-F3-1  /T1-F1-1  /T1-F2-1  /T4-F3-1  /T0-F2-1  /T0-F3-1  
/T4-F2-1  /T0-F2-1  /T1-T4-2  /T1-F3-1  /T0-F3-1  /T1-F2-1  /T1-F3-1  /T4-T1-5  /T4-F1-1  /T1-F1-1  
/T1-F0-1  /T4-F0-1  /T6-T0-1  /T6-F2-1  /T6-F3-1  /D:1      /W-T2-1   /T1-T2-4  /T1-F3-1  /D:1      
/W-F1-1   /T2-F1-1  /T0-F1-1  /T2-F0-1  /T0-F0-1  /T2-F1-1  /T0-F1-1  /T2-F2-1  /T6-F2-1  /T1-F2-1  
/T2-F1-1  /T6-F1-1  /D:1      /W-F0-1   /T0-F0-1  /T0-F3-1  /T2-F0-1  
"
1021920,J#ZO#Khr#bioV#lFcsB#XfRHkS#PInDeEY#QTGWtACxMuaLUydpzvmqjNwg,163.000000,2737.000000,69.000000,0.485849,1,"
minimal: 0 / states: 140 / duration: 0.000159s
history:
/T3-T0-1 /T2-T5-1 /D:1     /W-T5-1  /D:2     /W-T2-1  /T5-T2-3 /T0-T5-2 /D:3     /W-F0-1  
/T4-F0-1 /D:1     /W-T2-1  /T1-T2-1 /D:1     /W-T6-1  /D:1     /W-T0-1  /T6-T0-2 /D:1     
/W-T5-1  /D:1     /W-F1-1  /D:1     /W-T1-1  /T5-T1-4 /D:3     /W-T6-1  /D:1     /W-T6-1  
/T2-T6-1 /T2-F0-1 /D:5     /W-T0-1  /D:1     /W-F3-1  /T6-F3-1 /D:2     /W-T1-1  /T4-T1-1 
/T3-T4-1 /T5-T3-1 /T5-T1-1 /T6-T5-3 /R       /D:1     /W-T3-1  /D:6     /W-T0-1  /T2-T0-5 
/D:2     /W-T1-1  /T4-T1-2 /T6-T4-1 /T6-F0-1 /T6-F2-1 /T1-F2-1 /T4-T3-2 /T5-F2-1 /T2-T4-1 
/W-T2-1  /D:1     /R       /D:1     /W-T4-1  /T6-T4-1 /T6-F3-1 /T0-F3-1 /T5-T0-1 /T5-F0-1 
/T1-T3-2 /T1-F3-1 /T3-T1-3 /T3-F0-1 /T0-T5-2 /T0-F3-1 /T5-T0-3 /T3-F3-1 /D:2     /W-F3-1  
/D:1     /W-T2-1  /T5-T2-1 /D:1     /W-T5-1  /T4-T5-4 /D:1     /W-T2-1  /T3-T2-2 /T3-F1-1 
/T1-F1-1 /T0-F1-1 /T1-F2-1 /T0-F2-1 /T1-F1-1 /T0-F1-1 /T0-F0-1 /T1-F2-1 /T1-F1-1 /T2-F0-1 
/W-F2-1  /T0-F1-1 /T1-F2-1 /T0-F2-1 /T1-F3-1 /T2-F1-1 /T2-F2-1 /T5-F0-1 /T0-F1-1 /T1-F0-1 
/T1-F1-1 /T5-F3-1 /T0-F2-1 /T2-F3-1 /T2-F2-1 /T5-F0-1 /T0-F3-1 /T1-F0-1 /T1-F3-1 /T5-F1-1 
/T0-F0-1 /T2-F1-1 /T5-F2-1 
"
1021927,v#dG#QoL#xRjF#EPfmg#ZqespO#IkwDhAa#MKUyXbuSNzlHcCBitYWrnVTJ,131.500000,3409.000000,58.000000,0.678899,1,"
minimal: 0 / states: 125 / duration: 0.000143s
history:
/T6-F1-1 /T6-F0-1 /T6-T0-1 /T3-T4-1 /T1-T0-1 /T0-T3-3 /D:1     /W-T0-1  /D:4     /W-T2-1  
/D:1     /W-F1-1  /D:2     /W-T3-1  /D:1     /W-F3-1  /T5-F3-1 /T5-T1-1 /D:2     /W-T0-1  
/D:2     /W-F1-1  /D:2     /W-F0-1  /W-F0-1  /T6-F0-1 /T6-T2-1 /D:1     /W-T2-1  /W-T2-1  
/T4-T2-2 /T2-T4-7 /D:4     /W-T3-1  /T1-T3-2 /T4-T1-8 /D:1     /W-F2-1  /T2-F2-1 /T3-F2-1 
/T3-F1-1 /T2-T3-1 /D:3     /W-T6-1  /R       /D:1     /W-T0-1  /T3-T0-7 /T3-T1-1 /D:4     
/W-T2-1  /D:2     /W-T2-1  /T3-T2-1 /D:1     /W-T2-1  /D:1     /W-T6-1  /D:1     /R       
/D:3     /W-T6-1  /D:2     /W-T6-1  /T5-T6-1 /T5-F1-1 /T4-F1-1 /T4-F3-1 /T0-F3-1 /T4-F0-1 
/T5-F2-1 /T0-F2-1 /T1-F3-1 /T0-F3-1 /T1-F0-1 /T0-F0-1 /T6-F2-1 /T1-F1-1 /T6-F3-1 /T1-F0-1 
/W-F2-1  /T0-F1-1 /T6-F2-1 /T1-F1-1 /W-T5-1  /W-F3-1  /T0-F2-1 /T6-F3-1 /T1-F2-1 /T6-T5-2 
/T6-F0-1 /T0-F1-1 /T2-F3-1 /T2-F2-1 /T5-F0-1 /T0-F0-1 /T1-F3-1 /T2-F3-1 /T5-F1-1 /T0-F1-1 
/T1-F0-1 /T0-F0-1 /T5-F2-1 /T1-F1-1 /T2-F2-1 /T5-F3-1 
"
1030032,j#dM#pAk#ogJO#HLvlY#TwtxKh#EPFyarG#qReQsXbmfzSZWnBuNDUIcCVi,132.000000,2415.000000,66.000000,0.475000,1,"
minimal: 0 / states: 140 / duration: 0.000155s
history:
/T6-T5-1 /T4-T1-1 /D:4     /W-T6-1  /D:5     /W-T5-1  /T6-T5-2 /T6-F1-1 /T2-T6-1 /T2-F0-1 
/T3-T2-1 /T3-T6-1 /T2-T5-2 /T1-T2-2 /D:5     /W-F2-1  /D:1     /W-F0-1  /D:2     /W-F3-1  
/T5-F3-1 /D:3     /W-T0-1  /T5-T0-6 /T5-T2-1 /T5-T4-1 /T0-T2-8 /D:2     /W-F0-1  /D:1     
/W-T6-1  /D:1     /R       /D:4     /W-T3-1  /W-T3-1  /D:2     /W-F1-1  /D:1     /W-T0-1  
/T6-T0-4 /D:2     /W-T5-1  /D:2     /W-T4-1  /D:1     /W-T0-1  /T3-T0-3 /T3-F2-1 /T2-F2-1 
/W-T3-1  /D:1     /W-F0-1  /D:2     /W-F1-1  /T1-F1-1 /T0-F1-1 /T2-T5-2 /T2-F1-1 /D:1     
/R       /D:1     /W-F2-1  /D:1     /W-T0-1  /D:2     /W-T1-1  /T4-T1-3 /T4-T1-1 /T4-T3-1 
/W-T3-1  /D:1     /W-T1-1  /T5-T1-4 /T5-T3-1 /T6-T5-1 /T6-F3-1 /T1-F3-1 /T0-F3-1 /T1-F2-1 
/T0-F2-1 /T6-F0-1 /T1-F3-1 /T1-F2-1 /T5-F0-1 /T0-F1-1 /T2-F0-1 /T2-F1-1 /T5-F3-1 /T0-F2-1 
/T1-F3-1 /T1-F2-1 /T4-F0-1 /T0-F3-1 /T2-F0-1 /T1-F3-1 /T0-F0-1 /T3-F2-1 /T3-F3-1 /T1-F2-1 
/T0-T3-1 /T0-F2-1 /T2-T1-2 /T2-F3-1 /T1-T2-3 /T1-F2-1 /T3-T0-2 /T3-F3-1 /D:1     /W-F1-1  
/T2-F1-1 /T0-F1-1 /T2-F0-1 /T0-F0-1 /T2-F1-1 /T0-F1-1 /T2-F0-1 
"
1030100,I#Qj#JuD#WFol#MBmNG#riKHXs#nyExbOU#YLqtPvwhRgkfcSepzZdVTCAa,129.000000,1737.000000,65.000000,0.500000,1,"
minimal: 0 / states: 140 / duration: 0.000158s
history:
/T6-T0-1 /T4-T0-1 /T4-F3-1 /T6-F3-1 /T0-T1-3 /T4-T0-1 /D:2     /W-T0-1  /D:3     /W-T2-1  
/T4-T2-1 /T3-T4-1 /D:4     /W-T5-1  /T2-T5-3 /D:1     /W-T2-1  /T5-T2-5 /T5-T0-1 /D:2     
/W-T1-1  /D:9     /W-T5-1  /D:2     /W-F0-1  /T2-F0-1 /T3-T2-1 /T3-T5-1 /W-F0-1  /D:1     
/W-F1-1  /T6-F1-1 /T6-T4-1 /T6-T1-1 /T1-T4-6 /T1-T4-1 /R       /D:4     /W-T3-1  /D:1     
/W-T0-1  /D:1     /W-T3-1  /W-T3-1  /D:1     /W-T6-1  /D:1     /W-F1-1  /D:1     /W-T3-1  
/D:1     /W-T5-1  /W-T5-1  /T2-T5-2 /T2-F0-1 /D:1     /W-T4-1  /D:1     /W-T1-1  /W-T1-1  
/D:2     /W-F1-1  /T5-T2-3 /T5-F1-1 /T4-T3-3 /T4-F1-1 /D:1     /W-T0-1  /T5-T0-3 /T5-T1-1 
/T2-T5-7 /T5-T2-8 /T3-T5-2 /T3-F0-1 /T0-F0-1 /T4-F0-1 /T2-T0-5 /T2-F1-1 /T0-T2-6 /T0-F0-1 
/T3-T4-2 /T3-F1-1 /T2-T0-7 /T2-F1-1 /T4-T3-3 /T4-F0-1 /T2-F0-1 /W-T2-1  /T6-T2-2 /T6-F2-1 
/T0-F2-1 /T0-F3-1 /T5-F2-1 /T0-F2-1 /T5-F3-1 /T0-F3-1 /T5-F2-1 /T0-F2-1 /T3-F3-1 /T0-F3-1 
/T3-F2-1 /T0-F2-1 /T3-F3-1 /T0-F3-1 /T3-F2-1 /T0-F2-1 /T3-F3-1 /T0-F3-1 /T4-F1-1 /T1-F0-1 
/T2-F1-1 /T0-F0-1 /T4-F2-1 /T1-F3-1 /T2-F2-1 /T2-F3-1 /T4-F1-1 /T0-F1-1 /T1-F2-1 /T4-F0-1 
"
1030111,o#fs#xZw#IUdH#gaYrh#zQGcqv#SbMitXD#uFKJEepWRyVNmOnlkCBjLTPA,137.000000,1079.000000,52.000000,0.556701,1,"
minimal: 0 / states: 128 / duration: 0.000219s
history:
/T4-T5-1 /D:6     /W-T1-1  /T6-T1-1 /T2-T6-1 /D:4     /W-T2-1  /T6-T2-2 /T6-T5-1 /T3-T6-1 
/T6-T2-2 /T3-T4-1 /D:2     /W-F3-1  /D:2     /W-F3-1  /D:1     /W-F2-1  /T0-F2-1 /T6-T0-1 
/D:1     /W-T0-1  /D:2     /W-T4-1  /T6-T4-1 /T4-T6-4 /T6-T5-5 /T2-T6-6 /T2-T0-1 /D:2     
/W-T0-1  /T5-T0-8 /D:2     /W-T6-1  /T1-T6-3 /D:1     /W-F3-1  /D:1     /W-F0-1  /R       
/D:3     /W-T4-1  /D:2     /W-T1-1  /D:1     /W-F2-1  /T5-F2-1 /T5-T6-1 /T5-T3-1 /T5-F3-1 
/T4-T5-2 /T4-F1-1 /T0-F1-1 /T6-F1-1 /T0-T1-2 /T0-F2-1 /T1-T3-4 /D:1     /W-T5-1  /D:1     
/W-F3-1  /T0-F3-1 /T6-T4-3 /T6-F3-1 /T4-T6-4 /D:2     /W-T1-1  /D:2     /W-F0-1  /T3-F0-1 
/T3-F1-1 /T6-F0-1 /T3-F0-1 /T6-F1-1 /T3-F1-1 /T6-F2-1 /T0-F2-1 /T3-T0-1 /T3-F3-1 /T6-F1-1 
/T3-T5-1 /D:1     /W-T1-1  /W-T1-1  /W-F3-1  /W-T1-1  /W-F0-1  /T0-F0-1 /T0-F1-1 /T6-F0-1 
/T5-F0-1 /W-F2-1  /T0-F2-1 /T5-F3-1 /T6-F1-1 /T0-F1-1 /T1-F0-1 /T5-F0-1 /T6-F2-1 /T0-F2-1 
/T1-F1-1 /T0-F1-1 /T6-F3-1 /T1-F0-1 /T5-F3-1 /T0-F0-1 /T6-F2-1 /T1-F1-1 /T5-F2-1 /T6-F3-1 
"
1030174,Q#jE#xPa#kUpW#tmTwu#sgcreX#CdAFfSq#nhVozyJYRDvLIZKiMlOGNbBH,107.000000,1165.000000,43.000000,0.697368,1,"
minimal: 0 / states: 125 / duration: 0.000131s
history:
/T2-F1-1 /T2-T6-1 /T3-T2-1 /T3-T0-1 /T0-T1-2 /D:1     /W-F2-1  /D:3     /W-F2-1  /T1-F2-1 
/D:1     /W-T0-1  /D:2     /W-T5-1  /D:1     /W-T0-1  /T2-T0-2 /D:3     /W-T0-1  /T3-T0-1 
/D:3     /W-T2-1  /D:2     /W-T5-1  /T4-T5-1 /T4-T3-1 /T4-T5-1 /D:4     /W-T0-1  /D:1     
/W-F3-1  /W-F3-1  /T6-F3-1 /T6-F2-1 /T6-T0-1 /T1-T0-2 /T0-F3-1 /D:1     /W-F1-1  /D:2     
/R       /D:2     /W-T3-1  /D:1     /W-T2-1  /T5-T2-5 /D:1     /W-F3-1  /T0-T6-1 /T0-F3-1 
/T6-T0-2 /T5-T6-1 /T5-F2-1 /T5-F1-1 /T6-T2-2 /T6-F0-1 /T6-F1-1 /T2-F1-1 /T2-T5-1 /T2-F3-1 
/T5-T2-2 /T5-F2-1 /T4-T5-1 /T4-F2-1 /D:2     /W-T5-1  /T3-T5-3 /D:1     /W-T1-1  /D:2     
/W-T3-1  /D:1     /W-T3-1  /W-T3-1  /T1-T3-2 /D:1     /W-F0-1  /T6-F0-1 /W-F0-1  /T0-F0-1 
/T0-F1-1 /T2-F0-1 /T0-F0-1 /T0-F3-1 /T2-F1-1 /T2-F2-1 /W-F1-1  /T0-F2-1 /T2-F1-1 /T5-F3-1 
/T5-F2-1 /T0-F3-1 /T0-F2-1 /T2-T5-1 /T2-F3-1 /T0-F3-1 /T2-F2-1 /T0-F2-1 /T2-F3-1 /D:1     
/W-F0-1  /T3-F0-1 /T3-F1-1 /T5-F0-1 /T3-F0-1 /T5-F1-1 /T3-F1-1 /T5-F0-1 /T3-F0-1 /T5-F1-1 
"
1030250,B#gf#ram#ECKX#HJLid#PUIGvN#eRxblpo#AzwYujkMQDtVcTFhqZWsnySO,164.500000,1864.000000,54.000000,0.556701,1,"
minimal: 0 / states: 127 / duration: 0.000135s
history:
/T5-F3-1 /D:1     /W-F0-1  /T0-F0-1 /T2-T0-1 /T2-F1-1 /T4-T2-1 /T2-T1-2 /D:1     /W-T2-1  
/D:1     /W-T3-1  /T4-T3-1 /T3-T4-3 /T4-T0-4 /D:1     /W-T2-1  /T3-T2-1 /T3-F0-1 /D:1     
/W-T0-1  /D:1     /W-T2-1  /T5-T2-1 /T1-T5-3 /T1-T0-1 /D:2     /W-T1-1  /D:1     /W-T3-1  
/D:1     /W-F0-1  /D:2     /W-T4-1  /D:3     /W-T0-1  /D:1     /W-T2-1  /T5-T2-4 /D:5     
/W-F2-1  /T6-F2-1 /T6-F2-1 /T6-T1-1 /T6-F1-1 /T6-T1-1 /T6-T0-1 /D:3     /W-F3-1  /R       
/D:3     /W-F1-1  /T2-F1-1 /T6-F1-1 /T3-T2-1 /T3-F0-1 /D:2     /W-F2-1  /D:1     /W-T3-1  
/D:1     /W-T1-1  /T5-T1-1 /T5-T1-1 /T5-F3-1 /T2-F3-1 /T0-F3-1 /T0-F0-1 /T2-F2-1 /T2-F1-1 
/T0-F1-1 /T2-F0-1 /T2-F1-1 /T0-T4-1 /T0-F1-1 /W-T4-1  /W-T1-1  /D:1     /W-F2-1  /T1-F2-1 
/D:1     /W-T3-1  /W-T3-1  /T4-T3-4 /T4-F0-1 /T1-T2-1 /T1-F0-1 /T2-T1-2 /T2-F1-1 /T3-T0-3 
/T3-F0-1 /T2-F0-1 /T3-F1-1 /T0-T3-5 /T0-F0-1 /T1-T2-4 /T1-F1-1 /T0-F1-1 /T1-F0-1 /D:1     
/W-F3-1  /T3-F3-1 /T2-F3-1 /T3-F2-1 /T2-F2-1 /T3-F3-1 /T2-F3-1 /T3-F2-1 /T2-F2-1 /T3-F3-1 
/T2-F3-1 /T3-F2-1 /T2-F2-1 /T3-F3-1 
"
1030281,Y#ek#KSC#xDVo#cTMBn#PEvmJR#zLZIXfs#wlFyuWpQGtiOdhHqjbArgaNU,140.500000,1310.000000,42.000000,0.632653,1,"
minimal: 0 / states: 121 / duration: 0.000123s
history:
/T4-F2-1 /T3-F2-1 /T5-T6-1 /T5-T1-1 /T3-T1-1 /T3-T6-1 /T3-T0-1 /T5-T3-1 /D:4     /W-T3-1  
/T1-T3-3 /D:1     /W-T3-1  /D:1     /W-T0-1  /T5-T0-1 /D:1     /W-F2-1  /D:1     /W-T5-1  
/T2-T5-1 /T5-T2-3 /T4-T5-1 /T0-T4-4 /T4-T0-5 /T6-T4-3 /T4-T3-4 /T4-T3-1 /D:4     /W-T2-1  
/D:2     /W-T0-1  /D:2     /W-F2-1  /D:3     /W-F0-1  /T5-F0-1 /D:1     /W-F2-1  /D:2     
/W-F1-1  /D:1     /W-F3-1  /T2-F3-1 /T5-F3-1 /T2-F0-1 /T2-F3-1 /T3-T1-2 /T3-F3-1 /T2-T6-1 
/T2-F3-1 /T3-F2-1 /T3-F3-1 /W-T3-1  /W-F1-1  /T1-F1-1 /T1-F0-1 /T6-F0-1 /W-T2-1  /D:1     
/W-F3-1  /R       /D:3     /W-F0-1  /D:1     /W-T0-1  /T6-T0-1 /D:1     /W-F2-1  /D:2     
/W-F1-1  /T1-F1-1 /T0-F1-1 /T0-F0-1 /T3-F1-1 /T0-F1-1 /T3-F2-1 /T0-F2-1 /T3-F3-1 /T0-F3-1 
/T6-F3-1 /T6-T2-1 /T6-T1-1 /T6-T1-1 /W-F1-1  /W-T6-1  /W-F2-1  /T0-F2-1 /T0-F3-1 /T3-T1-2 
/T3-F2-1 /T1-T3-3 /T1-F3-1 /T6-T0-1 /T6-F2-1 /T2-T0-3 /D:1     /W-F0-1  /T0-F0-1 /T0-F1-1 
/T3-F0-1 /T0-F0-1 /T3-F1-1 /T0-F1-1 /T3-F0-1 /T0-F0-1 /T3-F1-1 
"
1030293,u#LT#xRU#QkOD#rEVKn#sqFicm#woGAWZX#YMjltpaISPBzfJyehHNgCdbv,132.500000,1791.000000,45.000000,0.590361,1,"
minimal: 0 / states: 120 / duration: 0.000135s
history:
/T4-F2-1 /T1-T0-1 /T6-T1-1 /T1-T5-2 /T5-T1-3 /T5-T3-1 /T0-T5-2 /T6-T0-1 /T6-T4-1 /T6-F0-1 
/T6-T2-1 /T6-F2-1 /T5-T6-3 /T5-T6-1 /T6-T1-5 /D:2     /W-T6-1  /W-T6-1  /T4-T6-2 /D:4     
/W-F2-1  /T5-F2-1 /D:1     /W-F1-1  /D:1     /W-T6-1  /T2-T6-2 /T3-T2-2 /T2-T1-3 /D:1     
/W-T6-1  /D:2     /W-F0-1  /D:4     /W-T0-1  /D:1     /W-T5-1  /D:2     /W-T4-1  /D:1     
/W-F3-1  /T3-F3-1 /T3-T0-1 /D:1     /W-T4-1  /T5-T4-2 /D:1     /W-F0-1  /D:2     /W-F1-1  
/T1-F1-1 /W-F1-1  /T1-F0-1 /T4-F1-1 /D:1     /R       /D:1     /W-T2-1  /D:3     /W-F3-1  
/T3-F3-1 /T1-F3-1 /T6-F3-1 /D:1     /W-T3-1  /D:1     /W-F1-1  /D:1     /W-T0-1  /T4-T0-4 
/T4-F0-1 /T1-F0-1 /T4-F2-1 /T0-F2-1 /T0-F1-1 /T1-F3-1 /T6-F0-1 /T0-F0-1 /W-F2-1  /T1-F2-1 
/T6-F3-1 /T0-F3-1 /T6-F0-1 /T0-F0-1 /T6-F3-1 /T6-F0-1 /T1-T0-2 /T1-F3-1 /T1-F0-1 /T6-F3-1 
/T6-F0-1 /T0-T1-4 /T0-F3-1 /W-T3-1  /T2-T3-2 /D:1     /W-F1-1  /T1-F1-1 /T3-F1-1 /D:1     
/W-F2-1  /T1-F2-1 /T1-F1-1 /T3-F2-1 /T1-F2-1 /T3-F1-1 /T1-F1-1 /T3-F2-1 
"
1030408,R#GN#iTf#usYa#ZCgcQ#ejMzDy#JHnIwOb#ArdXlmEPkFKqBUvhVxoLpWSt,111.500000,1367.000000,49.000000,0.580247,1,"
minimal: 0 / states: 122 / duration: 0.000136s
history:
/T1-F3-1 /T3-F1-1 /T6-F1-1 /T6-F3-1 /T2-T1-1 /D:1     /W-F0-1  /D:1     /W-T1-1  /T4-T1-1 
/T4-F1-1 /D:1     /W-F1-1  /D:1     /W-T5-1  /T6-T5-1 /D:4     /W-F3-1  /T1-F3-1 /T0-F3-1 
/D:2     /W-T2-1  /D:1     /W-T3-1  /D:2     /W-F0-1  /D:1     /W-T6-1  /T1-T6-3 /D:3     
/W-T5-1  /D:5     /W-T3-1  /T6-T3-5 /T6-F2-1 /T4-T6-1 /T4-F0-1 /T5-T4-4 /T5-F0-1 /T5-T0-1 
/T3-T0-8 /T5-T1-1 /T3-T6-1 /T2-T3-2 /T6-T2-3 /T2-T6-4 /T3-T4-3 /D:1     /W-F3-1  /D:1     
/R       /D:1     /W-T1-1  /D:1     /W-T2-1  /D:1     /W-F0-1  /T4-F0-1 /T4-F3-1 /D:3     
/W-T5-1  /D:1     /W-T5-1  /T0-T5-3 /T0-F3-1 /D:1     /W-T1-1  /T5-T1-6 /T5-F1-1 /D:1     
/W-F2-1  /D:1     /W-T2-1  /D:1     /W-F2-1  /W-F2-1  /T1-F2-1 /T1-F1-1 /T1-F0-1 /T6-F2-1 
/T6-F1-1 /T6-F0-1 /T0-F0-1 /T1-F1-1 /T6-F1-1 /T6-F0-1 /T1-T0-1 /T1-F1-1 /W-F1-1  /T0-T1-2 
/T0-F0-1 /T2-F0-1 /T1-T0-3 /T1-F1-1 /T1-F0-1 /T2-F1-1 /D:1     /W-F2-1  /T4-F2-1 /T0-F2-1 
/T4-F3-1 /T0-F3-1 /T4-F2-1 /T0-F2-1 /T4-F3-1 /T0-F3-1 /T4-F2-1 /T0-F2-1 /T4-F3-1 
"
1030411,y#HR#JQt#EgzK#Pwcok#idhIFm#GZBlUNS#fsrneYbMpWxCVTOuDaLAjqvX,124.000000,1434.000000,45.000000,0.586207,1,"
minimal: 0 / states: 123 / duration: 0.000144s
history:
/T6-T2-1  /T6-F3-1  /T4-T0-1  /T2-T6-2  /T0-T5-2  /T5-T0-3  /T1-T5-1  /D:3      /W-T6-1   /T2-T6-1  
/T2-T0-1  /D:1      /W-F2-1   /T4-F2-1  /D:4      /W-T2-1   /D:1      /W-F2-1   /D:1      /W-T3-1   
/D:2      /W-T6-1   /D:1      /W-T0-1   /T1-T0-1  /D:1      /W-T0-1   /T5-T0-2  /T6-T5-6  /T3-T6-2  
/T5-T6-7  /T6-T2-10 /T3-T1-1  /T6-T4-1  /D:1      /W-F3-1   /D:2      /W-T0-1   /T4-T0-2  /D:1      
/W-F1-1   /D:1      /W-T6-1   /D:1      /W-F0-1   /T0-F0-1  /T2-F0-1  /D:2      /W-F2-1   /D:2      
/W-T6-1   /T4-T6-1  /T4-F3-1  /T2-F3-1  /T6-T4-4  /T2-F2-1  /T6-T5-1  /R        /D:1      /W-T5-1   
/D:1      /W-F2-1   /D:2      /W-T1-1   /D:1      /W-F1-1   /T0-F1-1  /T0-F0-1  /T0-F3-1  /T2-F3-1  
/T2-F2-1  /T0-T3-1  /T0-F3-1  /T3-T0-2  /T2-F3-1  /T5-T2-3  /T5-F1-1  /T3-F0-1  /W-F1-1   /T0-F0-1  
/T2-F1-1  /T0-F1-1  /T2-F0-1  /T0-F0-1  /T2-F1-1  /T2-F0-1  /T0-F3-1  /T0-F0-1  /T2-F3-1  /T2-F0-1  
/T5-F1-1  /T4-T0-1  /T4-F3-1  /T1-F3-1  /T4-F0-1  /T4-F3-1  /T2-T1-1  /T2-F0-1  /D:1      /W-T1-1   
/D:1      /W-F2-1   /D:1      /W-F1-1   /D:1      /W-F2-1   /T0-F2-1  /T0-F1-1  /T1-F2-1  /T0-F2-1  
/T1-F1-1  /T0-F1-1  /T1-F2-1  
"
1030429,c#TD#nNb#hgKv#urJwH#fzOBFV#PYemZxp#UaSsiQlMWtkqLEjoGXCyIdAR,125.000000,3655.000000,52.000000,0.557471,1,"
minimal: 0 / states: 122 / duration: 0.000134s
history:
/T4-T5-1 /T5-T4-2 /T2-T6-1 /T2-F3-1 /T2-F2-1 /T0-T1-1 /D:1     /W-T3-1  /D:1     /W-F1-1  
/T6-F1-1 /T1-F1-1 /D:6     /W-T0-1  /W-T0-1  /D:2     /W-T3-1  /D:6     /W-F2-1  /T6-F2-1 
/T6-T0-1 /T6-T2-1 /W-T0-1  /T3-T0-3 /D:4     /W-T2-1  /D:2     /W-F1-1  /D:1     /W-F0-1  
/D:1     /W-T5-1  /T1-T5-1 /T5-T1-3 /T5-F0-1 /T5-F3-1 /T1-T4-4 /T6-T1-1 /T6-F1-1 /T3-T6-1 
/T6-T5-2 /T6-F3-1 /T5-T6-3 /T5-F1-1 /T3-F1-1 /T3-F1-1 /R       /D:1     /W-T0-1  /D:2     
/W-F1-1  /D:1     /W-F3-1  /D:1     /W-T6-1  /T0-T6-4 /T0-F1-1 /D:1     /W-T2-1  /T4-T2-7 
/D:1     /W-F2-1  /D:1     /W-T1-1  /D:1     /W-T6-1  /D:2     /W-T1-1  /T4-T1-1 /T4-F2-1 
/D:1     /W-F0-1  /T2-F0-1 /T2-F3-1 /T6-F0-1 /T2-F0-1 /T6-F3-1 /W-F0-1  /W-F2-1  /T2-F3-1 
/T2-F0-1 /T6-F2-1 /T4-F2-1 /T6-F3-1 /T2-F3-1 /T6-F2-1 /T2-F2-1 /T0-F2-1 /T2-F1-1 /T0-F1-1 
/T2-F2-1 /T6-F3-1 /T1-T2-3 /T1-F1-1 /T6-T0-2 /T6-F2-1 /D:1     /W-F0-1  /T2-F0-1 /T0-F0-1 
/T2-F3-1 /T0-F3-1 /T2-F0-1 /T0-F0-1 /T2-F3-1 
"
1030457,Q#gk#atx#sYGz#CNALU#BnZvwr#oTuJhOm#ibWFKpPDqeHSEVlfIRydcMXj,123.500000,2388.000000,69.000000,0.448980,1,"
minimal: 0 / states: 145 / duration: 0.000181s
history:
/T0-T5-1 /T6-T0-1 /D:3     /W-T2-1  /D:3     /W-T5-1  /T6-T5-1 /D:9     /W-T3-1  /T2-T3-2 
/T2-T4-1 /T2-F1-1 /T3-T2-4 /T3-T6-1 /D:1     /W-T4-1  /T5-T4-4 /T5-T1-1 /T4-T5-7 /T4-T0-1 
/T4-F0-1 /T4-F3-1 /T5-F3-1 /T5-T2-7 /T1-T0-2 /W-T0-1  /D:3     /W-T5-1  /D:4     /W-T5-1  
/D:1     /R       /D:2     /W-F1-1  /D:1     /W-T1-1  /D:1     /W-T3-1  /D:1     /W-F3-1  
/D:3     /W-T1-1  /W-T1-1  /D:1     /W-T0-1  /T1-T0-4 /T5-T1-3 /T5-F2-1 /T5-F0-1 /T4-F0-1 
/W-F0-1  /D:1     /W-T6-1  /D:1     /W-F0-1  /D:4     /W-F1-1  /W-F1-1  /D:1     /W-T4-1  
/T3-T4-2 /T0-T3-2 /T0-F0-1 /T3-T0-3 /D:1     /W-T4-1  /R       /D:2     /W-T4-1  /T6-T4-3 
/T6-T1-1 /W-T1-1  /T6-T1-1 /T6-T1-1 /T6-F2-1 /T2-F2-1 /T0-F2-1 /T0-F1-1 /T2-F3-1 /T2-F2-1 
/T2-F1-1 /T0-F2-1 /T0-F1-1 /T2-F2-1 /T1-T0-1 /T1-F2-1 /T4-T2-2 /T4-F1-1 /T1-F1-1 /T2-T4-3 
/T2-F2-1 /T0-T1-3 /T0-F2-1 /T4-T2-4 /T4-F1-1 /T0-F1-1 /T2-T4-5 /T2-F2-1 /T2-F1-1 /T1-T0-5 
/T1-F2-1 /T2-F2-1 /T0-T1-6 /T0-F1-1 /D:1     /W-F3-1  /T4-F3-1 /T1-F3-1 /T4-F0-1 /T1-F0-1 
/T4-F3-1 /T1-F3-1 /T4-F0-1 /T1-F0-1 /T4-F3-1 /T1-F3-1 /T4-F0-1 /T1-F0-1 /T4-F3-1 /T1-F3-1 
/T4-F0-1 
"
1030531,O#CN#Int#dXAc#DpMVr#SgeuPK#Hxbwhsa#WJymUjklFofZYiETzLBqvQGR,134.000000,3916.000000,59.000000,0.555556,1,"
minimal: 0 / states: 132 / duration: 0.000158s
history:
/T1-F3-1 /T0-F3-1 /T6-F1-1 /D:1     /W-T5-1  /D:3     /W-T0-1  /W-T0-1  /D:3     /W-T0-1  
/D:3     /W-T3-1  /D:1     /W-T2-1  /T4-T2-1 /D:10    /W-T5-1  /D:1     /W-T2-1  /T1-T2-1 
/D:2     /W-T6-1  /R       /D:1     /W-T0-1  /T4-T0-1 /T4-T1-1 /D:1     /W-T5-1  /T2-T5-5 
/T2-F2-1 /T3-F2-1 /T4-F2-1 /T3-T4-1 /T3-F0-1 /T4-T6-2 /D:2     /W-T1-1  /T5-T1-9 /T5-F3-1 
/T5-T0-1 /D:2     /W-T4-1  /D:4     /W-T0-1  /T6-T0-4 /T6-T2-1 /T6-T3-1 /T6-F1-1 /T0-F1-1 
/D:2     /W-T4-1  /T3-T4-2 /T3-F1-1 /T5-F1-1 /W-T3-1  /D:1     /W-F0-1  /T1-F0-1 /T0-F0-1 
/T1-F3-1 /W-F0-1  /T0-F3-1 /W-T4-1  /W-T3-1  /W-F0-1  /T6-T3-1 /T5-T6-1 /T5-F3-1 /T0-T6-1 
/T0-F3-1 /T1-T2-3 /T1-F3-1 /T0-T4-1 /T0-F3-1 /W-T3-1  /T1-T3-1 /T1-F3-1 /D:1     /W-F2-1  
/T2-F2-1 /T2-F1-1 /T6-F2-1 /T2-F2-1 /T6-F1-1 /T4-F2-1 /T2-F1-1 /T3-F2-1 /T4-F1-1 /T4-F2-1 
/T3-F1-1 /T3-F2-1 /T4-F3-1 /T3-F3-1 /T0-T4-2 /T0-F2-1 /T3-F2-1 /T4-T0-3 /T4-F3-1 /D:1     
/W-F0-1  /T6-F0-1 /T2-F0-1 /T0-F0-1 /T0-F1-1 /T1-F0-1 /T0-F0-1 /T1-F1-1 /T0-F1-1 /T1-F0-1 
"
1030580,F#MZ#QTA#IERv#DSWHX#bzUema#PfqNhjg#yuwVlKkBLxdcnCOpitrJYosG,93.500000,293.000000,52.000000,0.539326,0,"
minimal: 0 / states: 59460581 / duration: 232.941169s
history:
/T2-F0-1 /T5-F1-1 /D:1     /W-T1-1  /D:2     /W-T4-1  /D:1     /W-T4-1  /T0-T2-1 /T1-T0-2 
/D:1     /W-T1-1  /D:2     /W-T0-1  /D:1     /W-F0-1  /D:1     /W-T5-1  /T4-T5-3 /T6-T4-1 
/D:1     /W-T1-1  /T6-T1-1 /T6-T3-1 /T6-F3-1 /T3-T1-2 /T3-T2-1 /D:1     /W-T3-1  /D:2     
/W-F2-1  /D:1     /W-F0-1  /D:1     /W-F3-1  /T6-T2-1 /D:1     /W-T3-1  /D:2     /W-T1-1  
/D:1     /W-T6-1  /D:1     /W-T0-1  /D:2     /W-F2-1  /T3-F2-1 /T2-F2-1 /T6-F2-1 /D:1     
/W-F2-1  /T1-F2-1 /D:1     /W-T1-1  /T6-T1-1 /T6-F3-1 /R       /D:1     /W-T5-1  /T2-T5-3 
/T2-F3-1 /T5-F3-1 /T5-T2-8 /T5-T2-1 /T3-T1-2 /T5-T3-1 /T5-T6-1 /T5-F1-1 /D:2     /W-F1-1  
/T1-F1-1 /T2-F1-1 /D:2     /W-T6-1  /R       /D:1     /W-T6-1  /D:1     /W-T0-1  /T4-T0-2 
/T4-T6-1 /T4-F3-1 /T4-F0-1 /T1-F0-1 /T1-F1-1 /T0-F1-1 /T2-F0-1 /T1-F0-1 /T0-F0-1 /T1-F1-1 
/T2-F3-1 /T0-F1-1 /T2-F2-1 /T1-F2-1 /T3-F3-1 /T1-F1-1 /T2-F3-1 /T2-F2-1 /T3-F0-1 /T0-F0-1 
/T0-F1-1 /T1-F2-1 /T6-F3-1 /T0-F2-1 /T1-F1-1 /T2-F3-1 /T6-F0-1 /T2-F0-1 /T1-F0-1 /T2-F1-1 
/T6-F3-1 /T0-F3-1 /T6-F2-1 
"
1030586,B#nO#DMV#XeHa#ENRmP#kdShcb#sTCuQYl#xjAZWtfLGvzyipqwUIgFKrJo,132.000000,2816.000000,66.000000,0.548544,1,"
minimal: 0 / states: 130 / duration: 0.000141s
history:
/T3-F1-1 /T5-F1-1 /T5-F1-1 /T3-T2-1 /T0-T4-1 /D:1     /W-T6-1  /D:1     /W-T6-1  /D:1     
/W-F0-1  /T4-F0-1 /D:1     /W-T0-1  /D:2     /W-T5-1  /D:1     /W-T5-1  /D:1     /W-T0-1  
/D:2     /W-T6-1  /T5-T6-3 /D:5     /W-T3-1  /T4-T3-1 /D:4     /W-T2-1  /D:1     /W-T2-1  
/T3-T2-3 /T3-T0-1 /T4-T3-1 /D:2     /W-T5-1  /D:1     /W-T0-1  /T2-T0-7 /T6-T2-7 /W-T6-1  
/D:1     /W-T0-1  /R       /D:1     /W-T6-1  /D:3     /W-T3-1  /D:5     /W-T6-1  /W-T6-1  
/R       /D:1     /W-T6-1  /T5-T6-2 /T5-F1-1 /T5-T3-1 /T2-T5-8 /T0-T4-3 /T0-F1-1 /T4-T0-4 
/T4-F3-1 /T1-F3-1 /T1-F2-1 /T0-F2-1 /T0-F3-1 /T5-F1-1 /D:1     /W-T1-1  /T6-T1-8 /T6-F3-1 
/D:2     /W-F2-1  /T0-F2-1 /T1-F2-1 /T0-F3-1 /T1-F3-1 /D:1     /W-T3-1  /W-T3-1  /T6-T3-1 
/T6-F0-1 /T2-F0-1 /T4-F0-1 /T0-F0-1 /T1-F0-1 /T6-F3-1 /T6-F2-1 /T0-F1-1 /T0-F0-1 /T5-F2-1 
/T1-F3-1 /T3-F2-1 /T0-F3-1 /T5-F1-1 /T1-F0-1 /T3-F1-1 /T0-F0-1 /T5-F2-1 /T1-F3-1 /T3-F2-1 
/T0-F3-1 /T5-F1-1 /T1-F0-1 /T3-F1-1 /T0-F0-1 /T5-F2-1 /T1-F3-1 /T3-F2-1 /T0-F3-1 /T5-F1-1 
/T1-F2-1 /T3-F1-1 /T5-F0-1 
"
1030617,k#Sa#nYl#jqRu#gXIDb#mVorPU#EWfLOeN#FwhQsciMHyZBAvptxdKJCGzT,128.500000,1471.000000,46.000000,0.634615,1,"
minimal: 0 / states: 121 / duration: 0.000121s
history:
/T1-F1-1  /T4-F1-1  /T6-F3-1  /T4-T6-1  /T5-T4-1  /T5-T6-1  /T5-T1-1  /T5-T6-1  /T3-T5-1  /D:2      
/W-T0-1   /T5-T0-2  /D:2      /W-T1-1   /D:2      /W-F1-1   /D:4      /W-T5-1   /T0-T5-4  /D:1      
/W-T0-1   /D:2      /W-F0-1   /W-F0-1   /D:2      /W-T1-1   /D:1      /W-T4-1   /T1-T4-4  /D:1      
/W-T2-1   /D:1      /W-F1-1   /T6-T3-3  /T6-F1-1  /T6-F3-1  /T6-T0-1  /T6-F1-1  /T4-T6-7  /T4-T0-1  
/T6-T2-8  /T4-F1-1  /D:2      /W-T0-1   /D:1      /W-F0-1   /D:2      /W-T1-1   /T2-T1-10 /D:1      
/W-T5-1   /R        /D:1      /W-T5-1   /T3-T5-4  /T5-T3-2  /T5-F0-1  /T3-T5-3  /T6-F0-1  /D:1      
/W-F1-1   /D:2      /W-F1-1   /T3-F1-1  /D:1      /W-T3-1   /T2-T3-1  /T2-F2-1  /T5-F2-1  /T1-F2-1  
/T5-F3-1  /T1-F3-1  /T5-F2-1  /T1-F2-1  /T5-F3-1  /T1-F3-1  /T5-F0-1  /W-F2-1   /T1-F2-1  /T5-F3-1  
/T5-F2-1  /T1-F3-1  /T5-F3-1  /D:2      /W-F2-1   /T5-F2-1  /T5-F1-1  /T1-T3-3  /T1-F1-1  /D:2      
/W-F0-1   /R        /D:1      /W-F0-1   /T3-F0-1  /T0-F0-1  /T3-F3-1  /T0-F3-1  /T3-F2-1  /T5-F2-1  
/T1-F2-1  /T3-F3-1  /T5-F1-1  /D:1      /W-F0-1   /T0-F0-1  /T0-F3-1  /T3-F0-1  
"
1030698,t#dE#lfN#ykpc#gRaDY#wbmMxI#rSAJqUK#eCVZjQBsWLuFzihnPOGXvoHT,120.500000,2344.000000,59.000000,0.579787,1,"
minimal: 0 / states: 136 / duration: 0.000144s
history:
/T2-F3-1  /T6-T4-1  /T6-T5-1  /T3-T6-1  /T1-T2-1  /T3-T1-1  /T2-T0-2  /T0-T5-3  /T1-T5-2  /D:4      
/W-T0-1   /D:1      /W-T4-1   /T5-T4-7  /T5-T2-1  /T4-T5-10 /T5-T1-11 /D:2      /W-T6-1   /D:2      
/W-T2-1   /D:1      /W-T0-1   /T3-T0-1  /T3-T5-1  /T5-T3-2  /T5-T1-1  /T5-T0-1  /D:3      /W-T5-1   
/T2-T5-3  /D:1      /W-T0-1   /D:2      /W-F2-1   /D:1      /W-T4-1   /D:1      /W-F3-1   /T4-F3-1  
/D:2      /W-T3-1   /D:1      /W-T5-1   /D:1      /W-F2-1   /D:1      /W-T0-1   /D:1      /W-T0-1   
/R        /D:4      /W-F3-1   /D:1      /W-T0-1   /D:3      /W-T5-1   /D:1      /W-T5-1   /R        
/D:1      /W-T0-1   /T6-T0-3  /T6-T3-1  /T6-F0-1  /T0-F0-1  /T6-T5-1  /T6-T5-1  /D:1      /W-F0-1   
/T4-F0-1  /T4-F1-1  /T1-F1-1  /T0-F1-1  /T1-F2-1  /T0-F2-1  /T1-F1-1  /T0-F1-1  /T1-F0-1  /T4-F3-1  
/T5-F2-1  /T0-F2-1  /T1-F1-1  /T5-F3-1  /T1-F2-1  /T0-F3-1  /T1-F3-1  /T4-F1-1  /D:1      /W-F3-1   
/D:1      /W-F2-1   /T5-T1-2  /T5-F2-1  /T5-F3-1  /T0-T3-2  /T0-F2-1  /T5-F2-1  /T3-T0-3  /T3-F3-1  
/T3-F2-1  /T1-T5-5  /T1-F3-1  /T0-T3-5  /T0-F3-1  /T5-T1-6  /T5-F2-1  /D:1      /W-F0-1   /T1-F0-1  
/T1-F1-1  /T3-F0-1  /T1-F0-1  /T3-F1-1  /T1-F1-1  /T3-F0-1  /T1-F0-1  /T3-F1-1  /T1-F1-1  /T3-F0-1  
/T1-F0-1  /T3-F1-1  
"
1030723,t#hf#oRW#mVXB#ZCGzP#NEvuMq#JSdDpsK#FYAwyiUxjOnLaeIcklTHbQgr,145.500000,4099.000000,56.000000,0.574766,1,"
minimal: 0 / states: 135 / duration: 0.000139s
history:
/T4-T5-1 /T3-T5-1 /T2-T6-1 /T5-T2-3 /T1-T0-1 /T0-T1-2 /T5-T0-1 /D:2     /W-T0-1  /T6-T0-2 
/T2-T6-4 /D:1     /W-F0-1  /T6-F0-1 /T2-T6-1 /T4-T2-1 /D:1     /W-T3-1  /D:2     /W-T3-1  
/T5-T3-1 /T5-T0-1 /T5-T1-1 /T5-F3-1 /T1-T0-4 /D:4     /W-F3-1  /D:1     /W-F2-1  /T6-F2-1 
/T6-F3-1 /D:2     /W-F1-1  /D:3     /W-T6-1  /D:2     /W-T2-1  /D:1     /W-T3-1  /T6-T3-4 
/T6-F2-1 /T3-T6-1 /T3-F2-1 /T6-T3-2 /T6-T0-1 /T6-T4-1 /D:2     /W-F1-1  /T3-F1-1 /T0-F1-1 
/D:1     /W-F3-1  /D:2     /W-F2-1  /R       /D:4     /W-T2-1  /D:1     /W-T2-1  /D:2     
/W-F1-1  /T0-T4-1 /T0-F1-1 /D:1     /W-T2-1  /D:3     /W-F1-1  /R       /D:3     /W-T2-1  
/T4-T2-3 /T4-F0-1 /T3-F0-1 /T2-F0-1 /T3-F3-1 /T2-F3-1 /T3-F2-1 /T0-F2-1 /W-T4-1  /W-F0-1  
/T2-F0-1 /T0-F1-1 /T3-F3-1 /T2-F3-1 /T3-F2-1 /T0-F2-1 /T3-T4-3 /T3-F3-1 /T0-F3-1 /T4-F1-1 
/T4-F2-1 /T4-F3-1 /T2-T0-2 /T2-F2-1 /T4-F2-1 /T0-T2-3 /T0-F3-1 /T4-F3-1 /T2-T0-4 /T2-F2-1 
/D:1     /W-T3-1  /D:1     /W-T3-1  /T6-T3-1 /D:1     /W-F0-1  /T0-F0-1 /T0-F1-1 /T3-F0-1 
/T0-F0-1 /T3-F1-1 /T0-F1-1 /T3-F0-1 /T0-F0-1 /T3-F1-1 
"
1030768,p#GQ#WfJ#wKHC#IchBT#VSzaxo#EUlODYj#AgFZyiMLbdtvnXNruPekRmsq,114.500000,2148.000000,43.000000,0.678082,1,"
minimal: 0 / states: 134 / duration: 0.000196s
history:
/T3-T1-1  /T4-T3-1  /D:1      /W-F0-1   /T4-F0-1  /T1-F0-1  /T0-T1-1  /D:2      /W-T3-1   /D:1      
/W-T0-1   /D:1      /W-T0-1   /D:1      /W-T2-1   /T3-T2-3  /T6-T3-1  /T3-T6-2  /D:3      /W-T1-1   
/D:2      /W-T4-1   /D:1      /W-T6-1   /T4-T6-2  /T5-T4-1  /D:1      /W-F2-1   /T4-F2-1  /D:1      
/W-T0-1   /T2-T0-5  /T2-T6-1  /T2-T5-1  /D:1      /W-F3-1   /D:1      /W-T6-1   /T1-T6-3  /D:3      
/W-T0-1   /D:3      /W-T2-1   /D:2      /W-T0-1   /T4-T0-1  /T4-T5-1  /R        /D:2      /W-T4-1   
/T6-T4-11 /T6-F0-1  /T6-F3-1  /T5-T6-3  /T5-F1-1  /T4-F1-1  /T0-F1-1  /T4-F2-1  /T6-T5-4  /T6-T5-1  
/T1-T5-1  /T5-T1-7  /T5-T1-1  /T0-F2-1  /T6-F0-1  /T5-T3-1  /D:1      /W-T2-1   /D:1      /W-F1-1   
/T0-F1-1  /T0-F0-1  /T4-T1-2  /T4-F1-1  /W-F1-1   /T1-T4-3  /T1-F0-1  /T4-T1-4  /T4-F1-1  /T0-T3-2  
/T0-F1-1  /D:2      /W-F3-1   /T1-F3-1  /T1-F2-1  /D:1      /W-T2-1   /T3-T2-4  /D:1      /W-F3-1   
/T1-F3-1  /T2-F3-1  /T2-F0-1  /T1-T4-2  /T1-F0-1  /T0-F0-1  /T4-T1-3  /T4-F1-1  /T4-F0-1  /T2-T0-2  
/T2-F1-1  /T2-F0-1  /T1-T4-5  /T1-F1-1  /T2-F1-1  /T4-T1-6  /T4-F0-1  /W-T0-1   /D:1      /W-F2-1   
/T1-F2-1  /T0-F2-1  /T1-F3-1  /T0-F3-1  /T1-F2-1  /T0-F2-1  /T1-F3-1  /T0-F3-1  /T1-F2-1  /T0-F2-1  
/T1-F3-1  /T0-F3-1  /T1-F2-1  
"
1030790,R#Vi#xTb#nHQI#cKNCD#eLOzjU#sEBdWfl#pFmhMZtPkwquyGogXSaArJYv,114.000000,1721.000000,36.000000,0.719697,1,"
minimal: 0 / states: 124 / duration: 0.000136s
history:
/T5-T3-1 /T4-T0-1 /T3-T5-2 /T4-T3-1 /T4-F3-1 /T5-T4-3 /T6-T5-1 /T2-T3-1 /T4-T5-4 /T4-T0-1 
/T5-T4-6 /T5-F3-1 /D:2     /W-T2-1  /T0-T2-3 /D:1     /W-T0-1  /T5-T0-1 /D:4     /W-T4-1  
/T6-T4-1 /D:1     /W-F3-1  /D:1     /W-T0-1  /D:1     /W-T0-1  /T1-T0-1 /D:1     /W-T5-1  
/D:1     /W-T0-1  /T2-T0-5 /T6-T2-1 /T3-T6-2 /T3-F3-1 /T3-T1-1 /T3-F2-1 /W-T3-1  /D:1     
/W-T3-1  /D:2     /W-F2-1  /D:1     /W-T1-1  /D:1     /W-T3-1  /D:2     /W-F1-1  /T6-F1-1 
/T0-F1-1 /D:1     /W-F0-1  /D:1     /W-T4-1  /T6-T4-2 /T6-F0-1 /T4-F0-1 /T0-F0-1 /T6-F0-1 
/T0-F3-1 /T0-F0-1 /T4-F1-1 /W-F3-1  /T0-F3-1 /W-F0-1  /T1-T0-1 /T1-F0-1 /T5-T6-2 /W-T5-1  
/T6-T0-3 /D:1     /W-T3-1  /T1-T3-1 /D:1     /W-T5-1  /T2-T5-2 /D:1     /W-T5-1  /T4-T5-4 
/T4-F0-1 /R       /D:1     /W-F2-1  /T0-F2-1 /T0-F1-1 /T5-F2-1 /T0-F2-1 /T5-F1-1 /T0-F1-1 
/T5-F2-1 /T0-F2-1 /T5-F3-1 /T3-F3-1 /T3-F0-1 /T5-F2-1 /T5-F3-1 /T3-F3-1 /T4-T5-1 /T4-F0-1 
/T0-T3-3 /T0-F0-1 /T5-T4-2 /T5-F3-1 /T5-F0-1 /T3-T0-4 /T3-F3-1 /D:1     /W-F1-1  /T0-F1-1 
/T0-F2-1 /T4-F1-1 /T0-F1-1 /T4-F2-1 /T0-F2-1 /T4-F1-1 /T0-F1-1 /T4-F2-1 
"
1030969,j#oO#qZV#LzdK#RgDif#EXFnTH#QyUbvNM#SBCkcWutmlwhxeYpsarGPAIJ,144.500000,3054.000000,58.000000,0.530928,1,"
minimal: 0 / states: 125 / duration: 0.000146s
history:
/T5-T2-1 /T5-T2-1 /T5-F2-1 /T5-T2-1 /T0-T3-1 /T6-T0-1 /T6-F3-1 /T1-F3-1 /T1-F2-1 /T6-T3-1 
/D:9     /W-T1-1  /D:1     /W-T0-1  /T3-T0-3 /D:1     /W-T5-1  /T2-T5-4 /D:1     /W-T0-1  
/W-T0-1  /T4-T0-1 /W-T4-1  /D:2     /W-T5-1  /D:2     /W-T3-1  /T6-T3-1 /D:2     /W-F1-1  
/T3-F1-1 /T3-F2-1 /D:1     /W-T0-1  /T3-T0-1 /D:1     /W-T6-1  /D:1     /W-F3-1  /D:1     
/W-F0-1  /D:2     /R       /D:1     /W-T6-1  /D:1     /W-F0-1  /D:1     /W-F0-1  /D:2     
/W-F1-1  /T0-F1-1 /T5-F1-1 /T0-T6-1 /T0-F1-1 /D:3     /W-T3-1  /W-T3-1  /W-T3-1  /D:2     
/W-T3-1  /T6-T3-4 /T5-T6-6 /T6-T1-7 /T6-F3-1 /T2-T6-1 /T2-F2-1 /T3-F2-1 /T3-T2-8 /W-F2-1  
/T0-F2-1 /T4-F2-1 /W-T3-1  /T3-T6-2 /T5-T2-1 /D:1     /W-T6-1  /T4-T6-1 /T4-F0-1 /T2-F0-1 
/T4-F1-1 /T4-F3-1 /T1-F0-1 /T2-F3-1 /T1-F3-1 /T2-F0-1 /T0-F1-1 /T1-F0-1 /T2-F3-1 /T0-F2-1 
/T1-F3-1 /T2-F0-1 /T2-F3-1 /T6-F1-1 /T0-F1-1 /T1-F2-1 /T2-F2-1 /T6-F0-1 /T0-F0-1 /T1-F3-1 
/T2-F3-1 /T6-F1-1 /T0-F1-1 /T1-F2-1 /T2-F2-1 /T6-F0-1 /T0-F0-1 /T1-F1-1 /T6-F3-1 
"
1031087,Q#lE#Sox#Acgk#MXmUK#BTGtzi#hINvabY#rFVRusLDpCwWOfeZjHydnJqP,163.000000,3203.000000,51.000000,0.577670,1,"
minimal: 0 / states: 123 / duration: 0.000133s
history:
/T4-T6-1 /T0-T1-1 /D:5     /W-T5-1  /D:4     /W-T1-1  /D:2     /W-T3-1  /T5-T3-2 /T6-T5-2 
/T6-T1-1 /T6-F1-1 /T1-F1-1 /T5-T0-3 /T4-T6-1 /T5-T6-1 /D:1     /W-T0-1  /T6-T0-3 /T6-F3-1 
/D:1     /W-F3-1  /D:1     /W-T0-1  /T1-T0-3 /T2-T1-1 /D:3     /W-T1-1  /T6-T1-1 /T5-T6-1 
/T5-T3-1 /T6-T1-2 /T4-T6-1 /D:2     /W-T6-1  /T3-T6-5 /D:2     /W-F2-1  /T2-F2-1 /T0-F2-1 
/T2-T1-1 /D:1     /W-T4-1  /D:1     /W-F2-1  /D:1     /W-F3-1  /T0-F3-1 /W-T0-1  /R       
/D:1     /W-F2-1  /D:1     /W-T3-1  /D:1     /W-T4-1  /D:1     /W-F3-1  /T1-F3-1 /T6-F3-1 
/T3-T6-2 /T3-F1-1 /T3-F0-1 /T5-F0-1 /T0-F1-1 /D:1     /W-F2-1  /T0-T1-2 /T0-F2-1 /T0-F3-1 
/T4-F3-1 /D:3     /W-F0-1  /W-F0-1  /T1-F0-1 /T6-F0-1 /D:1     /W-F1-1  /T1-F1-1 /T1-F0-1 
/T6-F1-1 /T1-F1-1 /T6-F2-1 /T0-F2-1 /T0-F3-1 /T6-F1-1 /T6-F2-1 /T4-T6-1 /T4-F3-1 /T1-T0-2 
/T1-F2-1 /T0-T1-3 /T0-F3-1 /T1-T0-4 /D:1     /W-F3-1  /D:1     /W-F0-1  /T0-F0-1 /T0-F1-1 
/T6-F0-1 /T0-F0-1 /T6-F1-1 /T0-F1-1 /T6-F2-1 /T0-F2-1 /W-F0-1  /T4-F0-1 /T6-F1-1 
"
1031126,A#BS#ktH#cWFr#sIfpL#lKPean#QDNxGXJ#TohEOmyUdgZqjRCzuwYMvbVi,111.500000,2374.000000,48.000000,0.610390,1,"
minimal: 0 / states: 138 / duration: 0.000145s
history:
/T0-F0-1 /T5-F2-1 /T5-F1-1 /T3-T1-1 /T5-T3-1 /D:1     /W-T2-1  /T3-T2-2 /D:1     /W-F2-1  
/D:4     /W-T0-1  /T4-T0-1 /T4-F2-1 /D:3     /W-T1-1  /D:3     /W-T2-1  /T5-T2-1 /T3-T5-1 
/D:3     /W-T1-1  /D:6     /W-T5-1  /D:1     /W-F1-1  /T3-F1-1 /W-T3-1  /W-T3-1  /T5-T3-3 
/D:1     /W-T6-1  /T2-T6-6 /T4-T2-1 /D:1     /R       /D:1     /W-T3-1  /T2-T3-2 /T6-T2-8 
/T6-T0-1 /T1-T6-4 /T1-F0-1 /T6-F0-1 /T6-F1-1 /D:1     /W-T3-1  /D:3     /W-T4-1  /T6-T4-3 
/T6-T5-1 /T6-F3-1 /T6-F0-1 /T3-F0-1 /T6-T4-1 /D:2     /W-T1-1  /D:1     /W-T5-1  /T4-T5-6 
/T2-T4-3 /T2-F0-1 /T4-T2-4 /D:2     /W-T4-1  /T5-T4-9 /D:2     /W-T0-1  /D:1     /W-T0-1  
/W-T0-1  /R       /D:1     /W-F3-1  /T2-F3-1 /T2-F2-1 /T2-F1-1 /T4-F3-1 /T4-F2-1 /T3-F1-1 
/T2-F2-1 /T3-F2-1 /T0-F2-1 /D:1     /W-T1-1  /T2-T1-5 /D:1     /W-F1-1  /T3-F1-1 /T0-F1-1 
/T3-F2-1 /T0-F2-1 /T4-T3-4 /T4-F1-1 /T4-F2-1 /T1-T0-4 /T1-F1-1 /T1-F2-1 /T4-F1-1 /T4-F2-1 
/T0-T1-6 /T0-F1-1 /D:1     /W-F3-1  /T3-F3-1 /T1-F3-1 /T3-F0-1 /T1-F0-1 /T3-F3-1 /T1-F3-1 
/T3-F0-1 /T1-F0-1 /T3-F3-1 /T1-F3-1 /T3-F0-1 /T1-F0-1 /T3-F3-1 /T1-F3-1 /T3-F0-1 
"
1031171,q#Io#cHA#evQK#gwalE#dSPLhU#uyRpzin#YXVGBjDOJmTNCtfbxZFWMrks,116.500000,2775.000000,47.000000,0.632184,1,"
minimal: 0 / states: 122 / duration: 0.000145s
history:
/T2-F0-1 /T6-F2-1 /T1-F2-1 /T5-T1-1 /T2-T6-1 /T2-T0-1 /D:4     /W-T1-1  /D:1     /W-F0-1  
/D:1     /W-T3-1  /T1-T3-3 /D:4     /W-T1-1  /D:1     /W-T6-1  /D:1     /W-F3-1  /D:1     
/W-F0-1  /D:1     /W-T5-1  /D:1     /W-T3-1  /T4-T3-1 /T3-T4-7 /T3-T4-1 /T5-T3-2 /T5-T1-1 
/D:3     /W-T2-1  /D:1     /W-T6-1  /D:4     /W-T1-1  /D:1     /R       /D:4     /W-F0-1  
/D:1     /W-F3-1  /T5-F3-1 /T5-T3-1 /T4-F3-1 /T4-F0-1 /T6-F0-1 /D:1     /W-T1-1  /T6-T1-3 
/T4-T6-7 /T4-F1-1 /W-T4-1  /D:1     /W-F1-1  /T0-F1-1 /T5-F1-1 /T6-T5-8 /T6-F2-1 /T0-F2-1 
/T6-F3-1 /T6-T2-1 /W-T2-1  /T4-T2-2 /T3-F3-1 /T1-F3-1 /T5-T3-1 /T5-F0-1 /T1-F0-1 /T5-F3-1 
/T2-F3-1 /T5-F0-1 /T3-T5-4 /T3-F1-1 /T5-F1-1 /T4-F1-1 /T1-T2-1 /T1-F0-1 /T6-T2-1 /D:2     
/W-F3-1  /T2-T1-3 /T2-F3-1 /D:1     /W-T0-1  /D:1     /W-F2-1  /D:1     /W-F2-1  /T5-F2-1 
/T1-F2-1 /T5-F1-1 /T1-F1-1 /T5-F2-1 /T1-F2-1 /T5-F1-1 /T1-F1-1 /T5-F0-1 /T1-F0-1 /W-F2-1  
/T2-F2-1 /T5-F1-1 /T1-F1-1 /W-F3-1  /T0-F0-1 /T2-F3-1 /T5-F2-1 
"
1031212,p#KW#Dex#vXBk#ENSLA#ZJhsCQ#umcfnlI#jRFgtPiVrdqYMwGaOUTboyHz,135.500000,3135.000000,67.000000,0.592105,1,"
minimal: 0 / states: 138 / duration: 0.000161s
history:
/T4-F0-1 /T6-T1-1 /T3-T4-1 /T3-F0-1 /T2-T6-1 /T1-T6-2 /T0-T5-1 /D:1     /W-T1-1  /D:10    
/W-T2-1  /D:2     /W-T0-1  /T6-T0-4 /T6-F2-1 /D:1     /W-T3-1  /D:2     /W-F1-1  /D:1     
/W-T5-1  /D:1     /W-T0-1  /W-T0-1  /T6-T0-1 /T6-T2-1 /T4-T6-2 /D:2     /W-F1-1  /T2-F1-1 
/D:1     /W-F2-1  /D:3     /R       /D:5     /W-T2-1  /D:1     /W-T3-1  /D:2     /W-T0-1  
/T5-T0-3 /T5-F0-1 /T2-T5-3 /T2-F0-1 /T6-T2-3 /T6-T3-1 /D:1     /W-F1-1  /D:2     /W-T3-1  
/T5-T3-4 /D:3     /W-T6-1  /R       /D:4     /W-T5-1  /T4-T5-1 /T4-F3-1 /T0-F3-1 /T0-F2-1 
/T3-F3-1 /T0-F3-1 /T3-F2-1 /T0-F2-1 /T3-F1-1 /T4-F0-1 /T0-F1-1 /T3-F2-1 /W-F1-1  /W-F0-1  
/W-F3-1  /T5-F3-1 /T0-F0-1 /T3-F3-1 /T5-F2-1 /T0-F3-1 /T3-F2-1 /T5-F1-1 /T5-T2-1 /T3-F1-1 
/T1-F1-1 /D:1     /W-F3-1  /D:1     /W-T6-1  /T1-T6-1 /D:1     /W-T5-1  /T3-T5-2 /T3-F2-1 
/T5-F2-1 /T0-T6-2 /T0-F2-1 /T2-T5-1 /T2-F1-1 /T0-F1-1 /T5-T2-2 /T5-F2-1 /T2-T5-3 /T2-F1-1 
/T6-T0-4 /T6-F2-1 /D:1     /W-F0-1  /T0-F0-1 /T0-F3-1 /T5-F0-1 /T0-F0-1 /T5-F3-1 /T0-F3-1 
/T5-F0-1 /T0-F0-1 /T5-F3-1 
"
1031342,R#pS#tXD#cojK#yVnZI#EPdbsg#mwBeJMF#xzThUvuOYrHLCqNGkQifWlAa,107.000000,1732.000000,57.000000,0.562500,1,"
minimal: 0 / states: 133 / duration: 0.000138s
history:
/T6-T5-1 /T2-T0-1 /T0-T5-2 /T6-T0-1 /T6-T2-1 /D:4     /W-T4-1  /D:5     /W-T0-1  /T3-T0-1 
/T4-T3-2 /T3-T0-3 /D:1     /W-T1-1  /D:2     /W-T4-1  /T2-T4-2 /T1-T2-2 /T2-T0-3 /T4-T2-4 
/T4-F2-1 /T3-F2-1 /T4-T2-1 /W-T2-1  /T5-T2-4 /T6-T5-1 /T6-T3-1 /T1-F2-1 /T3-T2-2 /D:2     
/W-F2-1  /T0-F2-1 /D:1     /W-F3-1  /D:2     /W-T4-1  /T6-T4-1 /T4-T6-3 /D:2     /W-T6-1  
/D:4     /W-F0-1  /T2-F0-1 /D:1     /W-F1-1  /R       /D:2     /W-T1-1  /D:4     /W-T6-1  
/D:1     /W-F3-1  /D:1     /W-F0-1  /D:5     /W-T1-1  /R       /D:1     /W-T1-1  /D:1     
/W-T6-1  /T5-T6-2 /T5-F1-1 /T2-F1-1 /T5-F1-1 /T5-F3-1 /T2-F0-1 /T6-F1-1 /T5-F0-1 /T6-F2-1 
/D:4     /W-F3-1  /T2-F3-1 /T0-F3-1 /T2-F0-1 /T6-F3-1 /T0-F2-1 /T6-F2-1 /W-F0-1  /W-F2-1  
/W-F3-1  /T2-T6-2 /T2-F3-1 /T6-T2-3 /T6-F2-1 /T1-F2-1 /D:1     /W-F1-1  /T2-F1-1 /T0-F1-1 
/T2-F0-1 /T0-F0-1 /T2-F1-1 /T0-F1-1 /T2-F0-1 /T6-F1-1 /T0-F0-1 /T1-F1-1 /T6-F2-1 /T1-F2-1 
/T6-F1-1 /D:1     /W-F3-1  /T2-F3-1 /T0-F3-1 /T2-F0-1 /T0-F0-1 /T2-F3-1 
"
1031529,u#iR#chZ#otKE#JqCma#jGHpAg#TdsUWLQ#BMDeNOvXfIrzxwnFSlkybVPY,129.500000,1864.000000,52.000000,0.580460,1,"
minimal: 0 / states: 126 / duration: 0.000147s
history:
/T4-F1-1 /T6-T3-1 /T5-T0-1 /T5-F0-1 /T6-T2-1 /T5-T3-1 /D:1     /W-F0-1  /D:2     /W-T1-1  
/D:2     /W-F3-1  /D:1     /W-F3-1  /D:1     /W-T6-1  /D:1     /W-T2-1  /D:6     /W-T2-1  
/D:1     /W-F2-1  /D:1     /W-T0-1  /T1-T0-2 /T5-T1-1 /T1-T2-2 /T4-T1-1 /T4-F0-1 /T0-F0-1 
/T4-T0-1 /D:1     /W-T5-1  /T3-T5-3 /T6-T3-2 /T6-T3-1 /T5-T3-5 /D:3     /W-T1-1  /W-T1-1  
/T4-T1-1 /T2-T4-6 /D:1     /W-F1-1  /D:1     /W-T1-1  /T0-T1-5 /D:1     /W-F3-1  /D:1     
/R       /D:1     /W-T0-1  /D:1     /W-T6-1  /D:2     /W-T5-1  /T2-T5-1 /T2-F1-1 /D:2     
/W-T2-1  /D:2     /W-T0-1  /T3-T0-9 /T3-T5-1 /T3-F2-1 /T0-F2-1 /T0-F3-1 /T1-F2-1 /T1-F3-1 
/T0-F0-1 /T0-F3-1 /T1-F0-1 /T6-T1-2 /T6-F1-1 /T1-F1-1 /T0-F0-1 /T4-F0-1 /T6-F3-1 /T0-F3-1 
/T1-T4-3 /T1-F3-1 /T5-T0-2 /T5-F0-1 /T1-F0-1 /T0-T5-3 /T0-F3-1 /T0-F0-1 /T4-T1-5 /T4-F3-1 
/T4-F0-1 /T0-T2-1 /T0-F0-1 /W-T2-1  /W-F2-1  /T1-F2-1 /W-F1-1  /T1-F1-1 /T5-F2-1 /T1-F2-1 
/T5-F1-1 /T1-F1-1 /T5-F2-1 /T1-F2-1 /T5-F1-1 /T1-F1-1 /T2-F2-1 /T1-F2-1 /T2-F1-1 /T1-F1-1 
/T2-F2-1 /D:1     /W-F3-1  /T4-F3-1 
"
1031544,q#By#Lru#DfRz#xedTl#ZAHbcn#OCJNikp#YhQtIWXvgmVaEsGjPFSKwMoU,122.000000,3486.000000,52.000000,0.563953,1,"
minimal: 0 / states: 129 / duration: 0.000142s
history:
/T5-F2-1 /T4-T3-1 /T5-T0-1 /T4-T2-1 /T6-T4-1 /T6-T1-1 /T5-T4-1 /T2-T6-2 /T4-T2-3 /T0-T4-2 
/T3-T0-2 /D:9     /W-T5-1  /D:3     /W-F1-1  /T2-F1-1 /T4-F1-1 /D:2     /W-T5-1  /T3-T5-1 
/T2-T3-3 /D:3     /W-T4-1  /D:1     /W-T6-1  /T4-T6-3 /W-T4-1  /T4-T0-2 /D:3     /W-T1-1  
/T6-T1-7 /T6-F3-1 /D:1     /W-T4-1  /D:1     /W-F2-1  /T3-F2-1 /T3-F1-1 /T1-T5-2 /T1-F1-1 
/D:1     /R       /D:1     /W-T4-1  /D:2     /W-T3-1  /D:2     /W-T0-1  /D:2     /W-T2-1  
/T6-T2-1 /T6-T3-1 /T6-F3-1 /T5-F3-1 /T5-F2-1 /D:2     /W-T6-1  /T1-T6-7 /D:1     /W-T2-1  
/T5-T2-4 /T5-F0-1 /T1-F0-1 /T3-F0-1 /T3-F3-1 /T3-F2-1 /T3-F1-1 /T3-F0-1 /T2-F3-1 /T2-F2-1 
/T2-F1-1 /T2-T5-5 /D:1     /W-F0-1  /T6-F0-1 /D:1     /W-F0-1  /T5-F0-1 /T0-F0-1 /W-T0-1  
/D:1     /W-F3-1  /T6-F3-1 /D:1     /W-T4-1  /W-T4-1  /W-F2-1  /T6-F2-1 /W-F1-1  /T6-F1-1 
/T0-F2-1 /T0-F1-1 /T6-F2-1 /T0-F2-1 /T6-F1-1 /T0-F1-1 /T6-F2-1 /T0-F2-1 /T6-F1-1 /D:1     
/W-F3-1  /T5-F3-1 /T4-F3-1 /T5-F0-1 /T4-F0-1 /T5-F3-1 /T4-F3-1 /T5-F0-1 /T4-F0-1 /T5-F3-1 
"
1031594,y#cp#YDB#Nqlo#bwXAR#IFvsma#WJTPxeV#EtiZQSHrOUuGfMdzjCnLKkgh,133.000000,3591.000000,55.000000,0.580645,1,"
minimal: 0 / states: 138 / duration: 0.000181s
history:
/T5-F1-1 /T0-T5-1 /T5-T0-2 /T4-T5-1 /T4-F0-1 /T2-F0-1 /T4-T0-1 /T6-T4-1 /T2-T5-1 /T4-T0-2 
/T4-F1-1 /D:4     /W-T4-1  /D:3     /W-T0-1  /D:2     /W-T1-1  /D:9     /W-F0-1  /T5-F0-1 
/D:1     /W-F2-1  /T3-F2-1 /D:1     /W-T4-1  /D:1     /W-T2-1  /W-T2-1  /D:1     /W-T4-1  
/D:1     /W-T0-1  /T5-T0-2 /T5-T2-1 /T6-T5-1 /T6-T3-1 /F0-T0-1 /T6-T0-1 /T5-T6-2 /D:1     
/W-T2-1  /R       /D:2     /W-T2-1  /D:3     /W-T2-1  /D:1     /W-T2-1  /W-T2-1  /T1-T2-2 
/T1-F1-1 /D:1     /W-T5-1  /D:2     /W-T5-1  /D:1     /W-T5-1  /D:1     /W-T1-1  /T3-T1-2 
/T3-T6-1 /T3-F3-1 /T2-F3-1 /T0-F3-1 /T0-F0-1 /T2-F2-1 /T2-F3-1 /T6-F2-1 /T0-F3-1 /T2-F2-1 
/T0-F2-1 /T2-F3-1 /T6-T0-2 /T6-F3-1 /T6-T4-1 /T2-F2-1 /W-F2-1  /T5-T2-2 /T5-F3-1 /T2-T5-3 
/T2-F2-1 /T0-T4-5 /T0-F2-1 /T1-F2-1 /T5-T2-4 /D:1     /W-F1-1  /T4-F1-1 /T2-F1-1 /D:1     
/W-T3-1  /T2-T3-6 /R       /D:1     /W-F0-1  /T4-F0-1 /T3-F0-1 /T4-F1-1 /T3-F1-1 /T4-F0-1 
/T3-F0-1 /T4-F3-1 /T6-F3-1 /T0-F3-1 /T0-F2-1 /T4-F0-1 /T3-T1-2 /T3-F3-1 /T3-F2-1 /T4-T0-2 
/T4-F3-1 /D:1     /W-F1-1  /T1-F1-1 /T0-F1-1 /T1-F0-1 /T0-F0-1 /T1-F1-1 /T0-F1-1 /T1-F0-1 
"
1031711,R#wh#YHE#mMqk#isaoZ#JQXOuG#WCbBdSN#cjUfplgFeLIVnPxKrzvATDyt,124.500000,1546.000000,43.000000,0.612500,1,"
minimal: 0 / states: 118 / duration: 0.000130s
history:
/T6-F3-1 /T5-T1-1 /T6-T1-1 /T6-T2-1 /T2-T1-2 /D:5     /W-T1-1  /D:2     /W-T2-1  /D:1     
/W-T2-1  /T0-T2-1 /T4-T0-1 /D:2     /W-T0-1  /T3-T0-1 /T3-T2-1 /D:3     /W-F2-1  /T4-F2-1 
/T4-F1-1 /T1-F2-1 /T2-F2-1 /D:4     /W-F2-1  /T4-F2-1 /T5-T4-1 /T5-F3-1 /D:3     /W-F0-1  
/T6-F0-1 /T6-F1-1 /T6-F0-1 /W-T6-1  /T1-T6-5 /T1-T0-1 /T3-T1-1 /T4-T0-2 /W-T4-1  /D:1     
/W-T0-1  /D:1     /W-F0-1  /D:1     /W-T3-1  /T5-T3-1 /D:1     /W-F2-1  /R       /D:1     
/W-F1-1  /T6-F1-1 /T5-T6-1 /T5-T3-1 /D:4     /W-T1-1  /D:1     /W-F1-1  /W-F1-1  /T2-T0-2 
/T2-F1-1 /T0-T2-3 /T0-F2-1 /T2-T0-4 /T2-T4-1 /D:2     /W-T3-1  /D:1     /W-F3-1  /T6-F3-1 
/T0-F3-1 /T6-F0-1 /T0-F0-1 /T6-F3-1 /T0-F3-1 /T6-F0-1 /T0-F0-1 /T6-F1-1 /T0-F1-1 /T6-F2-1 
/T0-F2-1 /W-F0-1  /W-F3-1  /T3-F3-1 /T3-F0-1 /T6-F3-1 /T3-F3-1 /W-F1-1  /T0-F1-1 /T1-F1-1 
/T4-F3-1 /D:1     /W-F2-1  /T3-F2-1 /T4-F2-1 /T3-F1-1 /D:1     /W-F0-1  /T0-F0-1 /T0-F3-1 
/T1-F0-1 
"
1031837,X#Hx#vIF#EGdJ#KTegZ#qiftmR#NcnoCaP#YODswAVSWUyrMubLQjBplzhk,145.000000,1602.000000,40.000000,0.658537,1,"
minimal: 0 / states: 118 / duration: 0.000144s
history:
/T5-T2-1 /T3-T0-1 /D:3     /W-T2-1  /T6-T2-1 /T6-F1-1 /T6-T3-1 /T6-T2-1 /T6-F2-1 /T2-F2-1 
/W-T3-1  /D:3     /W-F0-1  /D:1     /W-T0-1  /D:2     /W-T1-1  /D:2     /W-T4-1  /T0-T4-3 
/T4-T0-5 /T2-T4-4 /T2-T1-1 /W-T1-1  /D:3     /W-T0-1  /T4-T0-5 /D:1     /W-F1-1  /T6-F1-1 
/T6-F3-1 /T3-F3-1 /T5-T6-1 /T5-T1-1 /T5-T1-1 /T0-F3-1 /D:1     /W-T6-1  /D:1     /W-F3-1  
/T0-T4-1 /T0-F3-1 /T4-T0-2 /D:2     /W-F0-1  /T3-F0-1 /T0-F0-1 /T3-F1-1 /T0-F1-1 /T1-F1-1 
/T0-T4-1 /T0-F1-1 /T4-T0-2 /W-T4-1  /T2-T4-1 /W-T2-1  /D:1     /W-F2-1  /D:1     /W-T2-1  
/T1-T2-5 /T1-T5-1 /D:1     /W-T1-1  /D:1     /W-T4-1  /T3-T4-1 /T3-F0-1 /T0-F0-1 /T4-F0-1 
/T4-F1-1 /T5-F0-1 /T5-F1-1 /T5-F2-1 /W-F2-1  /W-F3-1  /T0-F3-1 /T2-T4-2 /T2-F0-1 /T4-T2-3 
/T4-F1-1 /D:1     /W-F1-1  /R       /D:1     /W-T1-1  /T2-T1-5 /T2-F1-1 /D:1     /W-F2-1  
/T1-F2-1 /T0-F2-1 /T1-F3-1 /T0-F3-1 /T0-F0-1 /T1-F2-1 /T1-F3-1 /T4-F0-1 /T0-F3-1 /T6-F0-1 
/T2-F0-1 /T6-F1-1 /D:1     /W-F2-1  /T1-F2-1 /T0-F2-1 /T1-F3-1 /T0-F3-1 /T1-F2-1 
"
1031897,S#Th#dUH#zWgu#CEinA#NvQRYs#wxboXPG#elcIyFBDjVfkqaZtOMrKmJpL,126.000000,2926.000000,53.000000,0.579268,1,"
minimal: 0 / states: 127 / duration: 0.000133s
history:
/T4-F0-1 /T4-F2-1 /T6-T1-1 /T3-T4-1 /T5-T3-1 /T3-T2-2 /T0-T1-1 /D:1     /W-T2-1  /D:3     
/W-T3-1  /T1-T3-3 /T1-T4-1 /D:2     /W-T4-1  /D:1     /W-F0-1  /D:1     /W-T2-1  /T6-T2-1 
/D:6     /W-F1-1  /D:1     /W-T0-1  /D:3     /W-T1-1  /T5-T1-1 /T5-T4-1 /D:1     /W-T3-1  
/T5-T3-1 /D:1     /W-T1-1  /T3-T1-7 /D:2     /W-T6-1  /T4-T6-5 /D:1     /W-T1-1  /D:1     
/W-T0-1  /T6-T0-7 /T6-F2-1 /T6-F1-1 /T1-F2-1 /R       /D:1     /W-T3-1  /T6-T3-1 /D:1     
/W-F1-1  /D:2     /W-T3-1  /T5-T3-1 /T5-F3-1 /D:1     /W-T6-1  /T2-T6-6 /T2-T3-1 /T2-F1-1 
/T6-T0-2 /T6-F1-1 /D:1     /W-F1-1  /D:2     /W-F2-1  /T1-T4-1 /T1-F2-1 /T4-T1-2 /T4-F0-1 
/T6-F2-1 /T6-F1-1 /T1-T3-4 /T1-F1-1 /D:1     /W-F2-1  /T0-T6-5 /T0-F2-1 /T0-F1-1 /T3-T1-5 
/T3-F2-1 /T3-F1-1 /W-F1-1  /T6-T0-7 /T6-F2-1 /T3-F2-1 /T3-F1-1 /W-F2-1  /T3-F2-1 /D:1     
/W-F3-1  /T0-F3-1 /T0-F0-1 /T1-F3-1 /T0-F3-1 /T1-F0-1 /T0-F0-1 /T1-F3-1 /T0-F3-1 /T1-F0-1 
/T0-F0-1 /T1-F3-1 /T0-F3-1 /T1-F0-1 /T0-F0-1 /T1-F3-1 /T0-F3-1 /T1-F0-1 /T0-F0-1 /T1-F3-1 
/T0-F3-1 /T1-F0-1 /D:1     /W-F1-1  
"
1031918,V#iz#qak#ZEpN#GRXbm#rAecYQ#MsJtOLT#gKynvlFHIjCUoWdhxDBuwfPS,137.500000,2775.000000,37.000000,0.668831,1,"
minimal: 0 / states: 117 / duration: 0.000125s
history:
/T3-F3-1 /T3-T5-1 /T5-T3-2 /T5-T1-1 /D:2     /W-T1-1  /D:1     /W-T4-1  /T2-T4-1 /T2-F1-1 
/T5-T2-1 /T2-T5-2 /T4-T2-3 /T4-F1-1 /T5-F1-1 /D:1     /W-F2-1  /D:3     /W-T6-1  /T5-T6-2 
/T5-F0-1 /D:1     /W-T0-1  /T6-T0-4 /T4-T6-1 /D:2     /W-T1-1  /W-T1-1  /D:2     /W-T1-1  
/D:1     /W-F2-1  /T3-F2-1 /T0-F2-1 /T5-F2-1 /T1-T5-6 /W-T3-1  /D:2     /W-F1-1  /T0-F1-1 
/T4-T0-1 /T4-T5-1 /D:3     /W-T0-1  /D:1     /W-F0-1  /T3-F0-1 /T0-F0-1 /D:1     /W-T1-1  
/D:1     /W-T2-1  /T0-T2-5 /D:1     /W-T5-1  /T3-T5-2 /T6-T3-2 /T6-F3-1 /D:1     /W-F3-1  
/T5-F3-1 /T2-F3-1 /T5-F0-1 /T2-F0-1 /T5-F1-1 /T5-F0-1 /T6-T5-1 /T6-T3-1 /T6-F2-1 /T5-F2-1 
/T1-F2-1 /T1-T3-1 /D:1     /W-F3-1  /T2-F3-1 /T5-F3-1 /T2-F0-1 /T2-F3-1 /T5-F0-1 /T3-T2-1 
/T3-F0-1 /R       /D:1     /W-F1-1  /D:1     /W-F2-1  /D:1     /W-T6-1  /D:1     /W-F3-1  
/T3-F3-1 /T5-T6-2 /T5-F3-1 /D:1     /W-F1-1  /T2-F1-1 /T2-F2-1 /T6-F1-1 /T2-F1-1 /T6-F0-1 
/T3-F0-1 /T3-F3-1 /T6-F1-1 /T6-F0-1 /D:1     /W-F2-1  /T2-F2-1 /T2-F1-1 /T5-F2-1 
"
1031936,Q#pF#HMV#emxt#ikLPR#jgJEWu#ZGXvrYD#CbwSsKlfydBAqoUNOncThaIz,180.000000,2344.000000,47.000000,0.634259,1,"
minimal: 0 / states: 121 / duration: 0.000144s
history:
/T6-T4-1 /T5-T2-1 /T4-T1-2 /T4-T1-1 /D:1     /W-T0-1  /D:1     /W-T0-1  /D:2     /W-T3-1  
/D:2     /W-T6-1  /T5-T6-1 /T5-T3-1 /T2-T5-2 /T6-T2-3 /T0-T3-3 /T2-T0-4 /D:4     /W-T6-1  
/D:1     /W-T1-1  /D:1     /W-F0-1  /T1-F0-1 /D:2     /W-T1-1  /D:2     /W-F3-1  /D:1     
/W-F3-1  /D:1     /W-F2-1  /T1-F2-1 /T1-F3-1 /T3-T6-2 /T3-F3-1 /D:1     /W-T1-1  /D:1     
/W-T2-1  /T1-T2-4 /T1-F2-1 /D:2     /W-F1-1  /T6-F1-1 /T2-F1-1 /T6-F0-1 /T2-F0-1 /T6-F1-1 
/T3-F0-1 /T6-T3-1 /T6-T0-1 /T5-T6-3 /T6-T4-4 /T5-T4-1 /W-T0-1  /T3-T0-3 /T2-F3-1 /T2-F0-1 
/T6-F0-1 /T4-T6-6 /T5-T3-1 /D:1     /W-T3-1  /W-T3-1  /W-F2-1  /T0-F2-1 /T0-F3-1 /T2-F3-1 
/T2-F0-1 /T3-F3-1 /T3-F0-1 /D:1     /W-T1-1  /R       /D:1     /W-T4-1  /T6-T4-3 /T6-F0-1 
/D:1     /W-F2-1  /T0-F2-1 /D:1     /W-T1-1  /T3-T1-2 /T3-T2-1 /T3-F1-1 /D:1     /W-F1-1  
/T4-F1-1 /T0-F1-1 /T4-F2-1 /T0-F2-1 /T4-F3-1 /T0-F3-1 /T0-F0-1 /T4-F2-1 /T6-F3-1 /T4-T6-1 
/T4-F1-1 /T1-F1-1 /T1-F2-1 /T0-F3-1 /T6-F1-1 /T1-F1-1 /T6-F0-1 /T0-F0-1 /T2-F1-1 /T6-F3-1 
/D:1     /W-F2-1  /T1-F2-1 
"
1031975,h#oV#iyq#DWHY#SNRpb#ljtFXx#udGnIJP#svfmQUKEegCBwLAcTaOrzZMk,120.000000,1081.000000,44.000000,0.664948,1,"
minimal: 0 / states: 117 / duration: 0.000142s
history:
/T6-T2-1 /T5-T3-1 /T6-T5-1 /T1-T5-1 /T0-T6-1 /T1-T2-1 /D:4     /W-T0-1  /D:10    /W-T0-1  
/T5-T0-3 /D:1     /W-F0-1  /D:3     /W-F1-1  /T4-F1-1 /D:1     /W-T4-1  /D:2     /W-T1-1  
/T3-T1-2 /T3-T0-1 /T6-T3-2 /T6-F2-1 /T2-F2-1 /T6-T3-1 /T4-T6-2 /T2-T4-2 /T4-T5-3 /T4-F3-1 
/T6-F3-1 /T6-F2-1 /T3-T1-4 /W-T4-1  /T6-T4-1 /W-T0-1  /T5-T0-4 /T0-F3-1 /T0-F2-1 /W-F1-1  
/T4-F1-1 /T4-F2-1 /T3-T0-1 /T4-T1-1 /D:1     /W-T3-1  /T2-T3-1 /T6-T2-1 /D:1     /W-T4-1  
/D:1     /W-T3-1  /W-T3-1  /W-F0-1  /W-F0-1  /T0-F0-1 /W-T2-1  /W-F1-1  /W-F0-1  /T2-T3-3 
/R       /D:1     /W-F2-1  /T5-F2-1 /D:1     /W-T5-1  /D:1     /W-F1-1  /T3-F1-1 /T3-F2-1 
/T5-F2-1 /D:1     /W-F3-1  /T0-F3-1 /T0-F0-1 /T1-F3-1 /T0-F3-1 /T1-F0-1 /T0-F0-1 /T1-F1-1 
/T3-F1-1 /T5-F1-1 /T1-F0-1 /T3-F2-1 /T3-F1-1 /T5-F1-1 /D:1     /W-F3-1  /T0-F3-1 /T0-F0-1 
/T1-F3-1 /T0-F3-1 /T1-F2-1 /T3-F2-1 /T1-F3-1 /T1-F2-1 /T3-F3-1 /D:1     /W-F0-1  /T0-F0-1 
/T0-F1-1 /T4-F0-1 
"
1040041,F#ON#bVr#nqdj#kxfaL#JWIpsT#ieQXCGz#SvcRBUDtmYHhlKEAMgPZwuoy,151.000000,1483.000000,50.000000,0.595506,1,"
minimal: 0 / states: 126 / duration: 0.000152s
history:
/T1-F3-1 /T1-F3-1 /T6-T1-1 /T0-T5-1 /D:1     /W-T6-1  /T2-T6-1 /D:1     /W-T3-1  /D:2     
/W-T5-1  /D:2     /W-T3-1  /T6-T3-3 /D:1     /W-T5-1  /D:2     /W-T0-1  /T4-T0-1 /T4-F1-1 
/D:1     /W-T1-1  /D:1     /W-T2-1  /T5-T2-4 /D:3     /W-T1-1  /T3-T1-6 /T6-T3-1 /T6-T0-1 
/T3-T1-2 /D:1     /W-T4-1  /T6-T4-1 /T3-T6-1 /T3-F2-1 /T6-T5-2 /D:1     /W-F0-1  /D:1     
/W-T3-1  /W-T3-1  /D:2     /W-F3-1  /T4-F3-1 /D:2     /W-T0-1  /T2-T0-6 /T2-F1-1 /W-T2-1  
/D:1     /W-T6-1  /W-T6-1  /T5-T6-3 /F3-T4-1 /T5-T4-1 /W-T5-1  /W-T5-1  /W-F0-1  /T1-F0-1 
/T4-T5-4 /T4-T3-1 /T0-F0-1 /W-F1-1  /T1-F1-1 /T5-T1-2 /T5-F0-1 /T6-T0-1 /T6-F1-1 /T5-F1-1 
/T0-T6-2 /T0-F0-1 /T1-T5-4 /T1-F0-1 /T6-T0-3 /T6-F1-1 /T5-T1-5 /T5-F1-1 /T0-T6-4 /T0-F0-1 
/T5-F0-1 /T5-T3-1 /T5-F0-1 /T6-T0-5 /T6-F1-1 /T1-T3-7 /T1-F1-1 /T1-F0-1 /T4-F1-1 /T3-T1-9 
/T3-F1-1 /T0-T2-9 /T0-F1-1 /D:1     /W-F2-1  /T1-F2-1 /T1-F3-1 /T2-F2-1 /T1-F2-1 /T2-F3-1 
/T1-F3-1 /T2-F2-1 /T1-F2-1 /T2-F3-1 /T1-F3-1 /T2-F2-1 /T1-F2-1 /T2-F3-1 /T1-F3-1 /T2-F2-1 
/T1-F2-1 /T2-F3-1 /T1-F3-1 /T2-F0-1 /T3-F0-1 /T2-F3-1 /D:1     /W-F2-1  /T1-F2-1 
"
1040408,o#bc#lLn#GgWD#AJRQO#BHqUxm#ziICkPZ#XphNsefKFSwETavYtuVrdyjM,157.500000,4656.000000,59.000000,0.524272,1,"
minimal: 0 / states: 127 / duration: 0.000144s
history:
/T2-F2-1 /T0-F2-1 /T6-T0-1 /T6-T3-1 /T6-T2-1 /T4-T6-1 /T6-T4-2 /T2-T0-2 /D:2     /W-F2-1  
/D:1     /W-T6-1  /D:1     /W-F3-1  /T4-F3-1 /T3-F3-1 /T1-T3-1 /T1-T4-1 /T5-T1-1 /T5-T2-1 
/D:7     /W-T0-1  /D:3     /W-F1-1  /T4-F1-1 /T3-F1-1 /D:3     /W-T5-1  /D:2     /W-T0-1  
/W-T0-1  /D:2     /W-F1-1  /D:1     /W-T1-1  /D:1     /W-T2-1  /T6-T2-2 /D:1     /R       
/D:1     /W-T1-1  /D:2     /W-F1-1  /D:1     /W-F1-1  /D:3     /W-T5-1  /D:1     /W-T5-1  
/T4-T5-2 /T3-T4-1 /D:1     /W-T0-1  /W-T0-1  /T4-T0-2 /T4-T1-1 /T4-F0-1 /T6-T1-1 /T2-T6-5 
/D:1     /W-T3-1  /T5-T3-6 /T5-F2-1 /T5-T1-1 /T5-F0-1 /T3-F0-1 /T0-F0-1 /T3-F3-1 /T0-F3-1 
/T3-F0-1 /T0-F0-1 /T3-F3-1 /T0-F3-1 /T3-T6-1 /T3-F3-1 /D:2     /W-F2-1  /D:1     /W-T2-1  
/W-T2-1  /W-T2-1  /W-F2-1  /T6-F2-1 /T3-T2-2 /T3-F1-1 /T0-F2-1 /T3-F0-1 /T1-F0-1 /T0-F3-1 
/T6-F1-1 /T1-F1-1 /T2-F2-1 /T0-F2-1 /T6-F0-1 /T1-F0-1 /T2-F3-1 /T1-F3-1 /T6-F1-1 /T0-F1-1 
/T2-F0-1 /T0-F0-1 /T6-F2-1 /T1-F2-1 /T2-F3-1 /T0-F3-1 /T6-F1-1 /T1-F1-1 /T2-F0-1 /T6-F2-1 
"
1040431,Y#LJ#wHK#pTXs#PrEzy#kRfacQ#BVSngCD#vMhOUZNFiblodAxjtuGImqWe,113.500000,1503.000000,67.000000,0.514286,1,"
minimal: 0 / states: 137 / duration: 0.000159s
history:
/T2-T0-1 /D:7     /W-F3-1  /D:2     /W-T1-1  /T2-T1-1 /D:5     /W-F0-1  /D:2     /W-T0-1  
/D:4     /W-T0-1  /D:4     /W-T3-1  /T6-T3-1 /T6-T5-1 /T6-T1-1 /T6-F2-1 /T3-T1-3 /T3-T4-1 
/T1-T4-7 /R       /D:3     /W-T0-1  /D:1     /W-F3-1  /D:3     /W-T3-1  /D:1     /W-T5-1  
/D:2     /W-F2-1  /D:3     /W-T0-1  /T6-T0-1 /T6-T2-1 /T6-F0-1 /D:1     /W-T2-1  /T3-T2-2 
/T3-F2-1 /D:2     /W-T3-1  /T4-T3-9 /T4-T6-1 /T5-T4-3 /T5-T3-1 /T5-F1-1 /T4-F1-1 /T3-F1-1 
/T4-F0-1 /T4-T0-2 /T4-T5-1 /T4-F3-1 /T0-F3-1 /T3-F0-1 /T0-F0-1 /T2-F0-1 /W-F0-1  /T0-T6-7 
/D:1     /W-F2-1  /T5-F2-1 /D:1     /R       /D:2     /W-T0-1  /D:2     /W-T4-1  /T1-T4-1 
/D:1     /W-T0-1  /D:1     /W-F1-1  /T3-F1-1 /T5-F1-1 /T5-F3-1 /T3-F2-1 /T3-F1-1 /T6-F3-1 
/T2-F3-1 /T3-F0-1 /T6-F2-1 /T2-F2-1 /T6-F1-1 /T3-F1-1 /W-F3-1  /T2-F3-1 /T6-F0-1 /T3-F0-1 
/W-F2-1  /T2-F2-1 /T6-F1-1 /T5-F1-1 /T0-F1-1 /T6-F0-1 /T4-F0-1 /T0-F0-1 /T3-T4-2 /T3-F1-1 
/D:1     /W-F2-1  /D:1     /W-F3-1  /T4-F3-1 /T4-F2-1 /T6-F3-1 /T4-F3-1 /T6-F2-1 
"
1040536,e#lT#WjB#EIZc#mftsP#owMGvA#CqbYudi#prHLQayJDKzxnSRFUVkNhOgX,138.500000,3181.000000,72.000000,0.456731,1,"
minimal: 0 / states: 140 / duration: 0.000171s
history:
/T5-F0-1  /T2-F0-1  /T5-T2-1  /D:3      /W-T6-1   /T1-T6-1  /D:3      /W-F1-1   /D:3      /W-T0-1   
/T4-T0-1  /T4-T6-1  /T0-T6-3  /D:1      /W-T1-1   /T2-T1-2  /D:1      /W-T0-1   /T1-T0-4  /D:2      
/W-F2-1   /D:1      /W-T4-1   /D:3      /W-T0-1   /T5-T0-1  /T5-T1-1  /T6-T5-7  /D:3      /W-F3-1   
/D:2      /W-F3-1   /T5-F3-1  /T3-T5-1  /D:2      /R        /D:1      /W-T6-1   /D:1      /W-T4-1   
/T6-T4-2  /D:1      /W-T3-1   /D:1      /W-F3-1   /D:4      /W-F3-1   /D:3      /W-T3-1   /T5-T3-8  
/T5-F2-1  /T3-T5-11 /T3-T2-1  /T4-F2-1  /D:1      /W-T2-1   /T4-T2-4  /T4-T0-1  /T2-T0-2  /T2-F3-1  
/D:1      /W-T6-1   /T5-T6-4  /T5-F3-1  /D:1      /R        /D:1      /W-T4-1   /D:5      /W-T4-1   
/R        /D:1      /W-T4-1   /D:3      /W-T4-1   /T6-T4-6  /T6-T1-1  /T6-F1-1  /T4-F1-1  /T6-F2-1  
/T6-F0-1  /T0-F1-1  /T0-F2-1  /T4-F0-1  /T3-F0-1  /T4-F1-1  /T0-F1-1  /T4-F2-1  /T2-F2-1  /W-F0-1   
/T0-F0-1  /T0-F3-1  /T4-F1-1  /T2-F1-1  /T4-F2-1  /T0-F2-1  /T5-F0-1  /T2-F0-1  /T4-F3-1  /T2-F3-1  
/T5-F1-1  /T0-F1-1  /T4-F0-1  /T0-F0-1  /T5-F2-1  /T4-F3-1  /T5-F1-1  /T5-F0-1  /W-F2-1   /T0-F1-1  
/T1-F3-1  /T1-F0-1  /T4-F2-1  /T0-F2-1  /T4-F1-1  /T5-F3-1  
"
1040568,A#aC#jYO#qJHV#SczRN#pmyEBh#FgoUPws#DQIdGTbiKXrWvZkfletnLMux,132.500000,2798.000000,63.000000,0.545455,1,"
minimal: 0 / states: 127 / duration: 0.000144s
history:
/T0-F0-1 /T4-F3-1 /T2-F3-1 /T4-T6-1 /T4-T0-1 /T2-T0-1 /D:1     /W-T6-1  /T4-T6-1 /D:2     
/W-T2-1  /T5-T2-1 /T5-F0-1 /T1-F0-1 /T1-F1-1 /T5-T4-1 /W-T4-1  /D:2     /W-T2-1  /T4-T2-3 
/D:2     /W-F1-1  /T6-F1-1 /T6-F0-1 /D:2     /W-T0-1  /T2-T0-7 /D:1     /W-T5-1  /D:4     
/W-T1-1  /T5-T1-2 /T5-T2-1 /T5-T0-1 /D:6     /W-F2-1  /D:1     /W-T2-1  /D:1     /W-T4-1  
/D:1     /W-T3-1  /D:1     /R       /D:1     /W-F1-1  /D:1     /W-T3-1  /T6-T3-2 /T6-T1-1 
/T6-F3-1 /T3-T1-5 /D:5     /W-T2-1  /D:2     /W-T4-1  /D:1     /W-F1-1  /W-F1-1  /D:1     
/W-T6-1  /D:1     /W-T4-1  /R       /D:3     /W-T4-1  /D:1     /W-T4-1  /T6-T4-2 /T6-F2-1 
/T0-F2-1 /T0-F3-1 /T0-F0-1 /T6-F1-1 /T1-F3-1 /T6-F0-1 /T0-F3-1 /T0-F0-1 /T3-F0-1 /T3-T2-1 
/T3-F2-1 /W-F2-1  /T1-F2-1 /T1-F3-1 /T4-F2-1 /T0-F1-1 /T1-F2-1 /T4-F3-1 /T0-F0-1 /T1-F3-1 
/T4-F2-1 /T4-F3-1 /W-F1-1  /T0-F1-1 /T1-F2-1 /T2-F0-1 /T0-F0-1 /T1-F3-1 /T2-F1-1 /T2-F0-1 
/T4-F2-1 /T0-F3-1 /T1-F2-1 /T1-F3-1 /T4-F1-1 /T0-F2-1 /T2-F1-1 /T4-F0-1 
"
1040600,U#ev#mjx#Csrb#nKSJa#yVWADz#FZNPMcE#pBdiRkYuHqwgTGQftoOXhLIl,91.500000,215.000000,49.000000,0.622727,0,"
minimal: 0 / states: 3510100 / duration: 11.908630s
history:
/T4-F1-1 /T3-F1-1 /D:3     /W-T3-1  /D:4     /W-T5-1  /T2-T5-1 /T0-T1-1 /T5-T0-3 /T1-T2-2 
/T5-T1-1 /T5-F0-1 /T5-T0-1 /D:1     /W-T5-1  /D:4     /W-T5-1  /D:2     /W-T2-1  /D:1     
/W-T6-1  /D:1     /W-T2-1  /T3-T2-2 /T3-T5-1 /T5-T4-4 /D:3     /W-T3-1  /D:1     /W-T5-1  
/T4-T5-5 /T6-T4-2 /T6-F1-1 /T1-T5-2 /T6-T1-1 /T6-T5-1 /T6-F3-1 /T3-F3-1 /T5-F3-1 /T4-F3-1 
/D:4     /W-T1-1  /R       /D:1     /W-T2-1  /D:1     /W-F0-1  /T3-F0-1 /T5-F0-1 /T4-F0-1 
/D:2     /W-F3-1  /T4-F3-1 /D:3     /W-T5-1  /D:2     /W-F3-1  /T4-T1-1 /T4-F2-1 /D:2     
/W-F2-1  /T2-F2-1 /T2-F1-1 /T5-F2-1 /T2-F2-1 /T5-F1-1 /T2-F1-1 /T5-F2-1 /T5-F1-1 /D:1     
/W-F1-1  /T6-T3-1 /T6-F0-1 /T2-F0-1 /T2-F3-1 /D:2     /W-T0-1  /R       /D:1     /W-F1-1  
/D:2     /W-F0-1  /T0-F0-1 /D:2     /W-F2-1  /T5-F2-1 /T2-F2-1 /T2-F1-1 /T5-F3-1 /T0-F3-1 
/T5-F0-1 /T1-F0-1 /T5-F3-1 /D:1     /W-F0-1  /R       /D:1     /W-F1-1  /T1-F1-1 /T1-F0-1 
/T2-F1-1 /D:1     /W-F2-1  /T0-F2-1 /T0-F3-1 /T3-F3-1 /T5-F2-1 /T0-F2-1 
"
1041063,N#Fl#wVL#Omqf#RJMGW#obiIpx#vkUCYBz#hAdPKEargDuZQnetcsXHySjT,156.500000,2063.000000,48.000000,0.591837,1,"
minimal: 0 / states: 128 / duration: 0.000189s
history:
/T0-F3-1 /T6-T0-1 /T5-T1-1 /T4-T1-1 /T3-T4-1 /T1-T0-3 /D:2     /W-F0-1  /T6-F0-1 /D:2     
/W-T3-1  /D:1     /W-T6-1  /D:1     /W-T4-1  /W-T4-1  /T5-T4-1 /T5-T0-1 /W-T0-1  /T4-T0-5 
/T6-T4-2 /T6-F0-1 /D:1     /W-F1-1  /D:3     /W-F0-1  /D:1     /W-T5-1  /W-T5-1  /T1-T5-1 
/T4-T1-3 /T5-T4-4 /T5-F1-1 /T5-T3-1 /D:1     /W-T5-1  /T2-T5-1 /D:2     /W-F2-1  /T3-F2-1 
/T0-F2-1 /D:1     /W-T4-1  /T3-T4-2 /D:1     /W-T6-1  /D:1     /W-F1-1  /T0-F1-1 /T0-F0-1 
/D:2     /W-T5-1  /T4-T5-8 /T5-T4-2 /T5-F1-1 /T4-T5-3 /T3-T4-1 /T3-F3-1 /T5-F3-1 /T5-F2-1 
/T0-F1-1 /D:1     /W-T2-1  /D:1     /W-T4-1  /D:1     /W-T0-1  /D:1     /W-T1-1  /D:1     
/W-T2-1  /T5-T2-2 /T5-F1-1 /R       /D:1     /W-F2-1  /D:1     /W-F3-1  /T2-F3-1 /T0-F3-1 
/T2-F0-1 /T0-F0-1 /T0-F1-1 /T6-T0-2 /T6-T4-1 /T2-F3-1 /T2-F0-1 /T0-T6-2 /T0-F0-1 /T5-T2-1 
/T5-F1-1 /T2-T5-2 /T1-F1-1 /T4-F1-1 /T5-T2-2 /T5-F0-1 /T1-F0-1 /T0-T1-2 /T0-F1-1 /T5-T4-1 
/T5-F0-1 /T1-T0-3 /T1-F0-1 /T4-T5-2 /T4-F1-1 /T2-T5-3 /T6-T0-3 /D:1     /W-F2-1  /T0-F2-1 
/T0-F3-1 /T5-F2-1 /T0-F2-1 /T5-F3-1 /T0-F3-1 /T5-F2-1 /T0-F2-1 /T5-F3-1 /T0-F3-1 /T5-F2-1 
/T0-F2-1 /T5-F3-1 
"
1041225,E#nN#iFY#zeUa#RGMkd#KjPLBT#pySHvtO#wrXxfWZuJVIomgQbcsDAlhCq,113.000000,1034.000000,33.000000,0.722222,1,"
minimal: 0 / states: 112 / duration: 0.000133s
history:
/T1-F3-1 /T1-F2-1 /T3-F1-1 /T6-F3-1 /T6-T3-1 /T4-T0-1 /T3-T6-2 /D:1     /W-T4-1  /D:3     
/W-T2-1  /D:1     /W-T6-1  /T0-T6-2 /D:1     /W-T2-1  /T6-T2-6 /T5-T6-1 /D:1     /W-T0-1  
/D:3     /W-T4-1  /T6-T4-2 /D:2     /W-F2-1  /D:1     /W-T1-1  /D:3     /W-F1-1  /D:1     
/W-F1-1  /T2-F1-1 /T3-F1-1 /T2-T3-8 /T2-T4-1 /T3-T6-1 /T3-F1-1 /T6-T3-2 /T4-T6-6 /T6-T0-7 
/T6-F2-1 /T4-T6-1 /W-T3-1  /W-F1-1  /D:3     /W-F0-1  /T5-F0-1 /T5-T1-1 /T5-F3-1 /T3-F3-1 
/D:1     /W-T6-1  /D:1     /W-F1-1  /T2-F1-1 /T5-F1-1 /T5-T6-1 /D:1     /W-F0-1  /W-F0-1  
/T3-F0-1 /T0-F0-1 /T4-F0-1 /T4-F3-1 /T3-F3-1 /T0-F3-1 /T0-F0-1 /D:1     /W-F2-1  /R       
/D:1     /W-F2-1  /D:1     /W-T1-1  /T0-T1-2 /T0-F1-1 /D:1     /W-T1-1  /D:2     /W-F0-1  
/W-F0-1  /T6-F0-1 /T6-F1-1 /T1-T0-4 /T1-F0-1 /T1-F1-1 /T6-F0-1 /D:1     /W-F2-1  /T3-F2-1 
/T0-F2-1 /T3-F3-1 /T0-F3-1 /T3-F2-1 /T0-F2-1 /T3-F3-1 /T0-F3-1 /T3-F2-1 /T0-F2-1 /T3-F3-1 
/T0-F3-1 /T3-F2-1 
"
1041395,O#vH#Gzq#TuPN#rDRVs#CfFMQA#pibhoZa#IYxnULdwecKWSkBlyjJgEXmt,100.500000,1150.000000,53.000000,0.576471,1,"
minimal: 0 / states: 124 / duration: 0.000146s
history:
/T3-F3-1 /T0-F3-1 /T5-F0-1 /T6-F1-1 /T3-F3-1 /T5-F3-1 /T6-T0-1 /D:2     /W-T5-1  /D:1     
/W-T5-1  /D:1     /W-F2-1  /T6-F2-1 /D:2     /W-T0-1  /D:3     /W-T4-1  /T2-T4-1 /D:1     
/W-T4-1  /D:2     /W-T5-1  /D:2     /W-T0-1  /D:1     /W-F0-1  /D:1     /W-T2-1  /D:3     
/W-T0-1  /D:1     /W-T1-1  /T4-T1-4 /T4-T0-1 /T4-F3-1 /T1-T0-6 /T6-T1-1 /T6-F1-1 /T0-F1-1 
/T3-T6-1 /T1-T5-2 /T5-T1-6 /T5-T3-1 /T3-T6-2 /T2-T3-2 /T5-T2-1 /T5-F0-1 /T4-F0-1 /T2-T1-2 
/T4-T1-1 /D:1     /W-F0-1  /T6-F0-1 /D:2     /W-T2-1  /D:1     /R       /D:3     /W-F1-1  
/D:2     /W-T3-1  /D:1     /W-F3-1  /T6-F3-1 /D:1     /W-T2-1  /D:1     /W-T3-1  /D:1     
/W-T2-1  /W-T2-1  /T6-T2-2 /T6-F2-1 /T0-F2-1 /T0-F1-1 /T1-F2-1 /T0-F2-1 /T1-F1-1 /T0-F1-1 
/T1-F0-1 /T0-F0-1 /T1-F1-1 /W-F3-1  /W-F0-1  /T0-F3-1 /T0-F0-1 /T1-T3-1 /T1-F3-1 /T2-T0-3 
/T2-F3-1 /T3-T1-2 /T3-F0-1 /T0-T2-4 /T0-F0-1 /T1-T3-3 /T1-F3-1 /T0-F3-1 /T1-F0-1 /D:1     
/W-F2-1  /T2-F2-1 /T2-F1-1 /T3-F2-1 /T2-F2-1 /T3-F1-1 /T2-F1-1 /T3-F2-1 /T2-F2-1 /T3-F1-1 
/T2-F1-1 /T3-F2-1 
"
1050022,i#Ua#ImM#dkDo#RlGEJ#jXHuAf#bqWFwNe#ZCtLpQsOhYnKzxgycvBVTSrP,161.500000,3063.000000,64.000000,0.516667,1,"
minimal: 0 / states: 132 / duration: 0.000168s
history:
/T1-F1-1 /T0-T4-1 /T2-T0-1 /D:3     /W-T1-1  /T5-T1-1 /T5-F0-1 /T5-T4-1 /D:1     /W-T2-1  
/D:6     /W-T0-1  /D:1     /W-F2-1  /T3-F2-1 /T3-T6-1 /T4-T3-3 /T4-T1-1 /T3-T2-4 /T3-T1-1 
/T2-T3-6 /W-T2-1  /T4-T2-1 /D:1     /W-T0-1  /D:2     /W-T4-1  /D:1     /W-T3-1  /D:2     
/W-T6-1  /D:2     /W-F0-1  /D:2     /W-T5-1  /D:1     /W-T2-1  /D:1     /W-T2-1  /D:1     
/R       /D:2     /W-F0-1  /D:1     /W-F2-1  /D:1     /W-T2-1  /D:1     /W-T3-1  /T6-T3-3 
/T6-F3-1 /D:1     /W-F3-1  /D:4     /W-T6-1  /T5-T6-2 /T6-T5-4 /T6-T5-1 /T6-T0-1 /T6-F2-1 
/T6-F1-1 /T3-F1-1 /T1-F1-1 /T3-F0-1 /T3-F1-1 /T1-F0-1 /T1-F1-1 /T5-F0-1 /T2-T1-3 /T2-F0-1 
/T3-T5-1 /T3-F1-1 /T2-F1-1 /T5-T3-2 /T5-F0-1 /T2-F0-1 /T3-T5-3 /T3-F1-1 /T3-F0-1 /T0-T4-1 
/T0-F0-1 /W-T4-1  /T1-T4-5 /D:1     /W-F3-1  /T4-F3-1 /T4-F2-1 /T5-F2-1 /R       /D:1     
/W-T1-1  /D:1     /W-T2-1  /T4-T2-7 /T4-F3-1 /T2-F3-1 /T2-F2-1 /T5-F3-1 /T2-F3-1 /T5-F2-1 
/T2-F2-1 /T5-F3-1 /T2-F3-1 /T5-F2-1 /T5-F3-1 /T5-F1-1 /T2-F2-1 /T0-F3-1 /T3-F1-1 /T2-F1-1 
/T3-F0-1 /T0-F0-1 /T1-F3-1 /T3-F1-1 /D:1     /W-F2-1  /T2-F2-1 
"
1050034,J#Lj#har#QNmX#TsqHC#ZyVGnD#PuFWScd#pOxtkfUbizMwYREolKevBIgA,130.500000,3490.000000,60.000000,0.552885,1,"
minimal: 0 / states: 134 / duration: 0.000165s
history:
/T6-T2-1 /T6-T5-1 /T4-T2-1 /T2-T6-3 /T2-F1-1 /T0-T3-1 /D:2     /W-T6-1  /D:2     /W-T2-1  
/T6-T2-5 /D:4     /W-F1-1  /T5-F1-1 /D:1     /W-T3-1  /T4-T3-1 /D:1     /W-T0-1  /D:3     
/W-T0-1  /D:5     /W-T0-1  /T6-T0-1 /D:1     /W-T6-1  /T5-T6-1 /T5-F2-1 /D:1     /W-T0-1  
/T2-T0-7 /D:2     /W-T1-1  /D:1     /W-T3-1  /T6-T3-3 /D:1     /W-F0-1  /W-F0-1  /R       
/D:4     /W-T5-1  /D:1     /W-T1-1  /T5-T1-2 /T6-T5-1 /T6-T3-1 /D:1     /W-T2-1  /D:3     
/W-T1-1  /D:1     /W-F2-1  /D:1     /W-T2-1  /R       /D:1     /W-F2-1  /T4-F2-1 /T0-T1-3 
/T0-F2-1 /T4-F2-1 /T4-T5-1 /D:1     /W-T2-1  /T1-T2-9 /T3-T1-9 /T3-T4-1 /T3-F3-1 /T2-F3-1 
/T1-F3-1 /T2-F0-1 /T1-F0-1 /T2-F1-1 /T1-F1-1 /T3-F3-1 /T2-F0-1 /T2-F1-1 /T1-F0-1 /T1-F1-1 
/T2-F0-1 /T1-F0-1 /T0-T2-2 /T0-F1-1 /T1-F1-1 /T5-T1-3 /T5-T4-1 /T2-T0-3 /T2-F0-1 /T2-F1-1 
/T1-T5-6 /D:1     /W-F1-1  /D:2     /W-F3-1  /T0-F3-1 /T0-F2-1 /T5-F3-1 /T0-F3-1 /T5-F2-1 
/T0-F2-1 /T5-F3-1 /T0-F3-1 /T5-F0-1 /T0-F0-1 /W-F2-1  /T2-F2-1 /T2-F1-1 /T5-F3-1 /T0-F3-1 
/T4-F2-1 /T0-F2-1 /T5-F0-1 /T2-F0-1 /T4-F1-1 /T5-F3-1 
"
1050069,J#Sm#aWO#eIbN#THVFy#XZBQok#ncldtRE#griKYAPDuMsGwhvzLqpxCjfU,159.000000,3760.000000,63.000000,0.543269,1,"
minimal: 0 / states: 137 / duration: 0.000161s
history:
/T3-F3-1 /T2-F3-1 /T5-T4-1 /T4-T1-2 /T0-T1-1 /T1-T0-4 /T6-T1-1 /T6-T4-1 /T1-T6-2 /D:3     
/W-T0-1  /D:3     /W-F0-1  /D:1     /W-F3-1  /D:1     /W-T4-1  /F3-T4-1 /T5-T4-1 /T5-T6-1 
/T5-F0-1 /T5-T1-1 /D:1     /W-T0-1  /D:4     /W-T5-1  /D:2     /W-T2-1  /W-T2-1  /T6-T2-4 
/D:2     /W-T1-1  /T5-T1-2 /W-T5-1  /D:2     /W-T2-1  /T3-T2-1 /D:2     /W-F0-1  /D:3     
/W-T3-1  /R       /D:1     /W-T0-1  /T4-T0-5 /T4-T1-1 /T4-T1-1 /T4-T1-1 /D:3     /W-T5-1  
/W-T5-1  /T2-T5-9 /T2-F1-1 /T5-F1-1 /D:1     /W-T2-1  /D:1     /W-T1-1  /D:1     /W-T3-1  
/D:4     /W-T3-1  /R       /D:1     /W-T3-1  /T6-T3-1 /T6-T2-1 /T6-F1-1 /T6-F2-1 /T0-F2-1 
/T0-F3-1 /T0-F0-1 /T5-F2-1 /T3-F1-1 /T5-F3-1 /T5-F0-1 /T0-F3-1 /T0-F0-1 /T5-F3-1 /T3-T5-2 
/T3-F0-1 /T1-T0-1 /T1-F3-1 /T1-F0-1 /T3-F3-1 /T3-F0-1 /T1-F3-1 /T3-F1-1 /T0-T1-4 /T0-F0-1 
/D:1     /W-F2-1  /T5-F2-1 /T1-F2-1 /T5-F1-1 /T1-F1-1 /T5-F2-1 /T1-F2-1 /T5-F1-1 /T1-F1-1 
/T5-F2-1 /T1-F2-1 /T5-F3-1 /T1-F3-1 /T5-F0-1 /T1-F0-1 /T5-F3-1 /T1-F3-1 /T2-T5-1 /T2-F0-1 
/D:1     /W-F2-1  /D:1     /W-F1-1  /T0-F1-1 /T0-F2-1 /T5-F1-1 /T0-F1-1 /T5-F2-1 
"
1050094,f#hs#oIH#kGYM#OaBtb#eZnSzL#ugrFCUp#ydDXcWvQNwPmViqJRxAETljK,151.000000,2464.000000,67.000000,0.560185,1,"
minimal: 0 / states: 131 / duration: 0.000160s
history:
/T4-T6-1 /T0-T4-1 /T3-T0-1 /T3-T0-1 /D:4     /W-T5-1  /D:5     /W-F3-1  /D:1     /W-T5-1  
/D:3     /W-T5-1  /T2-T5-1 /D:4     /W-T1-1  /D:1     /W-T0-1  /D:1     /W-F0-1  /D:1     
/W-T4-1  /D:1     /W-T5-1  /T1-T5-2 /T4-T1-3 /T4-F0-1 /T4-F1-1 /T4-F3-1 /T6-F1-1 /T1-T2-4 
/D:2     /W-T0-1  /T2-T0-5 /D:1     /R       /D:2     /W-T0-1  /T6-T0-1 /T3-T6-1 /D:1     
/W-T5-1  /D:1     /W-F1-1  /D:4     /W-F3-1  /W-F3-1  /D:1     /W-T1-1  /T5-T1-9 /T5-T4-1 
/T5-T6-1 /T5-F2-1 /T2-F2-1 /T0-F2-1 /T5-T2-1 /T0-F1-1 /T5-F1-1 /T0-T6-1 /T0-F1-1 /D:2     
/W-F2-1  /D:1     /W-T3-1  /W-T3-1  /D:1     /W-T4-1  /D:1     /W-T4-1  /R       /D:1     
/W-T2-1  /T3-T2-3 /D:1     /W-T4-1  /D:1     /W-T4-1  /T6-T4-4 /T6-F0-1 /T1-F0-1 /T1-F3-1 
/T4-F0-1 /T6-F0-1 /T6-F2-1 /T1-F2-1 /T4-F3-1 /T0-F2-1 /T1-F3-1 /T4-F0-1 /T4-F3-1 /T6-F1-1 
/T0-F1-1 /T1-F0-1 /T0-F0-1 /T6-F2-1 /T1-F3-1 /T2-F1-1 /T2-F0-1 /T4-F2-1 /T0-F1-1 /T1-F2-1 
/T2-F1-1 /T4-F3-1 /T0-F2-1 /T1-F3-1 /T2-F2-1 /T4-F0-1 /T0-F3-1 /T1-F0-1 /T2-F3-1 /T4-F1-1 
/T0-F0-1 /T1-F1-1 /T4-F2-1 
"
1050109,x#rs#SJm#TVqy#XtaBj#Zwhelo#biLEDcn#RvkOUIzfFWNKpGPQgHCYuMAd,150.500000,4186.000000,61.000000,0.489583,1,"
minimal: 0 / states: 140 / duration: 0.000213s
history:
/T6-F2-1 /T5-F2-1 /T4-T0-1 /T3-T2-1 /T6-T3-1 /T4-T3-1 /T4-F1-1 /T0-T5-2 /T2-T0-2 /D:1     
/W-T1-1  /T6-T1-1 /D:1     /W-T5-1  /D:1     /W-T0-1  /T2-T0-1 /T6-T2-1 /T2-T4-2 /D:2     
/W-T5-1  /T4-T5-3 /T4-T6-1 /D:2     /W-T2-1  /T5-T2-8 /T3-T5-3 /T3-T0-1 /T1-T3-3 /D:4     
/W-F3-1  /D:2     /W-F2-1  /T5-T3-2 /T5-F2-1 /T1-F2-1 /D:3     /W-T2-1  /D:2     /W-T0-1  
/W-T0-1  /D:1     /W-T2-1  /D:3     /W-T1-1  /D:1     /W-F0-1  /T3-F0-1 /T2-F0-1 /D:1     
/R       /D:1     /W-F3-1  /D:3     /W-T0-1  /T5-T0-1 /D:3     /W-T5-1  /D:1     /W-F3-1  
/T2-F3-1 /T3-T0-2 /T3-F3-1 /T3-F2-1 /T2-T5-2 /T2-F2-1 /D:1     /W-T1-1  /W-T1-1  /W-T1-1  
/D:1     /W-F2-1  /D:1     /W-T5-1  /R       /D:1     /W-T1-1  /T5-T1-5 /T5-T6-1 /T6-T5-3 
/T6-T5-1 /T6-F1-1 /T0-F1-1 /T0-F0-1 /T1-F1-1 /T0-F1-1 /T1-F0-1 /T0-F0-1 /T1-F3-1 /T3-F3-1 
/T1-F0-1 /T2-F3-1 /T2-F2-1 /T0-T5-2 /T0-F3-1 /T1-T2-2 /T1-F3-1 /T5-T0-3 /T5-F2-1 /T5-F3-1 
/T2-T1-3 /T2-F2-1 /T0-T5-5 /T0-F2-1 /T1-T2-4 /T1-F3-1 /T2-T1-5 /T2-F2-1 /T5-T0-6 /T5-F3-1 
/D:1     /W-F1-1  /T0-F1-1 /T0-F0-1 /T1-F1-1 /T0-F1-1 /T1-F0-1 /T0-F0-1 /T1-F1-1 /T0-F1-1 
/T1-F0-1 /T0-F0-1 /T1-F1-1 /T0-F1-1 /T1-F0-1 
"
1050113,w#fk#NTg#tyDB#UWYLc#QmEPAX#vhRriez#njZMaHboldKOJVpGCquSxsIF,124.500000,2850.000000,47.000000,0.575000,1,"
minimal: 0 / states: 125 / duration: 0.000157s
history:
/T3-T4-1  /T4-T3-2  /T5-T4-1  /T5-F0-1  /T3-F0-1  /T0-T1-1  /T6-T0-1  /T3-T6-2  /T1-T3-2  /D:1      
/W-F2-1   /D:4      /W-F1-1   /D:2      /W-F1-1   /T6-F1-1  /T5-T6-1  /T5-T1-1  /T4-T5-2  /T4-T0-1  
/D:1      /W-F2-1   /D:2      /W-F1-1   /D:1      /W-T0-1   /T4-T0-1  /D:2      /W-T5-1   /D:1      
/W-T3-1   /D:1      /W-F2-1   /D:1      /W-T4-1   /T1-T4-2  /T5-T1-4  /T5-T4-1  /D:1      /W-F0-1   
/D:1      /W-F2-1   /D:1      /W-T3-1   /T2-T3-1  /D:3      /W-T2-1   /T6-T2-3  /T6-T1-1  /T6-F2-1  
/T2-T6-2  /T2-F1-1  /T6-T2-3  /D:1      /W-T0-1   /T6-T0-1  /T4-T6-5  /D:1      /W-T3-1   /T2-T3-3  
/T2-F2-1  /R        /D:2      /W-T4-1   /T3-T4-10 /T3-F2-1  /D:1      /W-T3-1   /D:1      /W-T1-1   
/T2-T1-1  /T2-F3-1  /D:1      /W-T3-1   /D:1      /W-F3-1   /T4-F3-1  /T4-F0-1  /T6-F3-1  /T4-F3-1  
/T6-F0-1  /T4-F0-1  /T6-F1-1  /T4-F1-1  /T0-F1-1  /T4-F2-1  /T6-F0-1  /T1-T4-2  /T1-F1-1  /W-F1-1   
/T6-T0-1  /T6-F2-1  /T4-T1-3  /T4-F2-1  /T4-F1-1  /T3-F1-1  /D:1      /W-F3-1   /T1-F3-1  /T0-F3-1  
/T1-F0-1  /T0-F0-1  /T1-F3-1  /T0-F3-1  /T1-F0-1  /T0-F0-1  /T1-F3-1  /T1-F0-1  /T0-F3-1  /T3-F0-1  
/T1-F1-1  /D:1      /W-F2-1   /T4-F2-1  /T0-F2-1  /T4-F3-1  
"
1050154,J#uo#tUq#XHcf#QwBxP#KVlARF#rDYhyzE#ksdmCGiaNjZpeObvLMISnTWg,133.500000,1162.000000,57.000000,0.559783,1,"
minimal: 0 / states: 125 / duration: 0.000175s
history:
/T6-T3-1 /T4-T2-1 /T1-T2-1 /D:3     /W-T3-1  /D:2     /W-T3-1  /D:2     /W-T0-1  /T1-T0-1 
/T6-T1-1 /D:1     /W-F1-1  /D:1     /W-F3-1  /D:1     /W-T4-1  /D:3     /W-T5-1  /T2-T5-3 
/D:1     /W-F3-1  /D:1     /W-F1-1  /D:1     /W-T4-1  /T2-T4-1 /T3-T2-4 /T3-F1-1 /T2-T4-5 
/D:2     /W-T2-1  /D:3     /W-F2-1  /T5-F2-1 /T5-F3-1 /D:1     /W-T0-1  /T5-T0-3 /D:2     
/W-T3-1  /R       /D:1     /W-T6-1  /T0-T6-7 /D:1     /W-T3-1  /T5-T3-1 /T5-F0-1 /T4-T5-9 
/T4-F0-1 /T5-F0-1 /T5-T1-9 /T3-T5-4 /T4-T3-1 /T5-T3-5 /T1-F1-1 /T4-F3-1 /T3-F3-1 /D:1     
/W-T0-1  /T6-T0-9 /D:1     /W-T6-1  /D:1     /W-T4-1  /D:1     /W-F2-1  /T0-F2-1 /T0-F1-1 
/D:1     /W-T4-1  /T3-T4-6 /D:2     /W-F3-1  /D:1     /W-T5-1  /W-T5-1  /T6-T5-2 /T6-T2-1 
/T6-F0-1 /T1-F0-1 /T0-F0-1 /T6-F2-1 /T1-F1-1 /T4-F2-1 /T0-F3-1 /T1-F2-1 /T4-F1-1 /T0-F2-1 
/T5-F0-1 /T1-F3-1 /T4-F0-1 /T4-F3-1 /T5-F1-1 /T0-F1-1 /T1-F2-1 /T4-F2-1 /T5-F0-1 /T0-F0-1 
/T1-F1-1 /T0-F1-1 /T5-F3-1 /T1-F2-1 /T4-F3-1 /T0-F2-1 /T5-F0-1 /T1-F1-1 /T2-F3-1 /T1-F2-1 
/T4-F0-1 /T0-F1-1 /T2-F0-1 /T4-F3-1 
"
1050209,I#lX#Zzv#PjaJ#Qtpmx#BfkogA#hbWRHqy#GCViwdNcOSnLDMEsFKUTYreu,106.000000,1344.000000,54.000000,0.545455,1,"
minimal: 0 / states: 123 / duration: 0.000257s
history:
/T5-F0-1 /T3-T1-1 /T3-F1-1 /T2-T3-1 /T1-T6-2 /T4-T1-1 /T6-T4-3 /T3-T1-2 /T1-T2-4 /T4-T1-4 
/T3-T6-1 /T2-T3-5 /D:3     /W-T1-1  /D:4     /W-F3-1  /D:2     /W-F3-1  /T6-F3-1 /W-T6-1  
/D:2     /W-F2-1  /D:1     /W-T2-1  /D:4     /W-T5-1  /D:3     /W-T0-1  /D:4     /W-T5-1  
/T6-T5-2 /T5-T6-5 /T5-F2-1 /T4-F2-1 /T6-T1-6 /T5-T2-1 /T4-T0-1 /T5-T0-1 /T5-F0-1 /T4-F3-1 
/T6-F3-1 /W-T0-1  /T0-T6-5 /D:1     /R       /D:2     /W-F0-1  /D:2     /W-T2-1  /W-T2-1  
/D:1     /W-T6-1  /D:1     /W-F3-1  /D:1     /W-F0-1  /D:1     /W-T0-1  /D:1     /W-F0-1  
/D:1     /W-F0-1  /W-F0-1  /D:2     /W-F3-1  /D:1     /W-T0-1  /W-T0-1  /T6-T0-7 /T6-F1-1 
/T1-F1-1 /T0-F1-1 /T1-F2-1 /T0-F2-1 /T1-F1-1 /T0-F1-1 /T1-F2-1 /T0-F2-1 /T0-F3-1 /T1-F1-1 
/T1-F0-1 /T6-F1-1 /T0-F0-1 /T1-F3-1 /T0-F3-1 /T1-F0-1 /T0-F0-1 /T1-F3-1 /T0-F3-1 /T2-F1-1 
/T2-T1-2 /T2-F0-1 /T0-F0-1 /T2-F3-1 /D:1     /W-F2-1  /T3-F2-1 /T1-F2-1 /T3-F1-1 /T1-F1-1 
/T3-F2-1 /T1-F2-1 /T3-F1-1 /T1-F1-1 /T3-F2-1 
"
1050290,n#Fc#LlA#JTxm#DtrWo#KZgfpI#QuRXsCi#qBEkHNOPYvzSbadMeGyUwhjV,124.000000,334.000000,35.000000,0.725000,0,"
minimal: 0 / states: 527965 / duration: 1.875201s
history:
/T0-F2-1 /T2-F0-1 /T4-F2-1 /T5-T4-1 /T5-F2-1 /D:1     /W-F2-1  /D:1     /W-F0-1  /D:3     
/W-T6-1  /D:1     /W-F3-1  /D:1     /W-F3-1  /D:1     /W-F3-1  /T3-T0-1 /T4-T3-2 /T4-F2-1 
/T3-T2-3 /T3-T6-1 /T6-T3-3 /D:4     /W-T4-1  /D:1     /W-T6-1  /D:1     /W-F1-1  /T6-F1-1 
/T1-F1-1 /T6-F0-1 /T6-F2-1 /D:1     /W-F1-1  /D:2     /W-F1-1  /T5-F1-1 /T5-F1-1 /D:2     
/W-T0-1  /T6-T0-1 /T6-T1-1 /D:1     /W-T2-1  /D:1     /W-T0-1  /D:1     /W-F1-1  /D:2     
/W-T0-1  /T6-T0-1 /T6-F3-1 /T1-F3-1 /T4-F3-1 /T3-F3-1 /T2-F3-1 /T4-F2-1 /T4-F0-1 /T0-F2-1 
/T0-F3-1 /R       /D:1     /W-F0-1  /T1-F0-1 /D:3     /W-F2-1  /T0-F2-1 /D:3     /W-F0-1  
/T3-F0-1 /T2-F0-1 /T2-F3-1 /T3-F1-1 /T0-F3-1 /T2-F2-1 /T3-F0-1 /T0-F2-1 /D:1     /W-F1-1  
/R       /D:1     /W-F1-1  /T2-F1-1 /T0-F1-1 /D:1     /W-F3-1  /T5-F3-1 /T5-F0-1 /T2-F0-1 
/D:1     /W-F2-1  /D:1     /W-F0-1  
"
1050296,n#zx#vCF#NXdZ#lJRGc#bPaprL#EoWSwOe#tBHhfmUMgjyVIqYDsTAiQukK,135.500000,3003.000000,41.000000,0.645570,1,"
minimal: 0 / states: 119 / duration: 0.000105s
history:
/T0-F2-1 /T6-T2-1 /T5-T3-1 /T3-T0-2 /T3-T5-1 /T3-T0-1 /T3-F3-1 /T6-F3-1 /T6-T0-1 /T5-T6-2 
/T5-T6-1 /T5-F1-1 /T5-F3-1 /T5-F1-1 /T4-F1-1 /T6-T4-4 /T6-T1-1 /T6-F2-1 /T4-F2-1 /T4-F1-1 
/T2-F1-1 /D:5     /W-F1-1  /D:1     /W-T3-1  /D:2     /W-T5-1  /D:1     /W-F1-1  /D:2     
/W-T3-1  /D:1     /W-T0-1  /D:1     /W-T1-1  /D:1     /W-F2-1  /T4-F2-1 /T6-T4-1 /D:1     
/W-T5-1  /T1-T5-3 /D:2     /W-F2-1  /D:2     /W-F0-1  /D:2     /W-F3-1  /D:1     /W-T0-1  
/F1-T0-1 /T2-T0-1 /F3-T4-1 /T2-T4-1 /D:1     /W-T3-1  /D:1     /R       /D:1     /W-F2-1  
/D:1     /W-F0-1  /T4-F0-1 /T4-F3-1 /D:2     /W-T2-1  /T4-T2-3 /T4-F3-1 /T4-T3-1 /T4-T1-1 
/D:1     /W-T5-1  /D:2     /W-F0-1  /T2-F0-1 /T0-F0-1 /T0-F1-1 /T2-F3-1 /T2-F0-1 /T2-F1-1 
/T0-F2-1 /T2-F2-1 /T0-T3-1 /T0-F2-1 /D:1     /W-F3-1  /T5-F3-1 /T3-F3-1 /D:1     /W-F1-1  
/W-F1-1  /W-F0-1  /T5-F0-1 /T3-F0-1 /T3-F1-1 /T5-F3-1 /T0-F3-1 /T5-F2-1 /T3-F2-1 /T1-F1-1 
/T1-F2-1 /T3-F1-1 /T5-F3-1 /D:1     /W-F0-1  /T0-F0-1 /T0-F3-1 /T5-F0-1 
"
1050323,j#UY#sRN#MBZx#vOAQc#kKzChf#eHoIGdJ#umaPpSblTXqgwntyrVLDEFWi,88.000000,1036.000000,41.000000,0.705479,1,"
minimal: 0 / states: 116 / duration: 0.000109s
history:
/T2-F3-1 /T3-T1-1 /T0-T1-1 /T3-T0-1 /T3-T4-1 /T1-T3-3 /D:3     /W-F1-1  /D:4     /W-F1-1  
/D:4     /W-T2-1  /T4-T2-2 /D:3     /W-F2-1  /D:1     /W-T1-1  /T5-T1-1 /D:1     /W-T0-1  
/D:1     /W-T1-1  /T4-T1-1 /T4-F0-1 /T2-F0-1 /T4-F3-1 /T5-T4-1 /T5-F0-1 /T4-T3-2 /T5-T4-1 
/T2-F1-1 /D:1     /W-T6-1  /D:2     /W-F0-1  /D:1     /W-F0-1  /D:1     /W-F0-1  /D:1     
/W-T5-1  /D:1     /R       /D:1     /W-T6-1  /D:2     /W-F3-1  /T1-F3-1 /D:3     /W-T4-1  
/T5-T4-2 /T6-T5-3 /T6-F1-1 /T6-F0-1 /T6-T4-1 /T6-F2-1 /T6-F0-1 /T2-T6-1 /T2-F3-1 /T4-F0-1 
/W-F3-1  /W-F2-1  /T6-F2-1 /T1-F2-1 /T6-F1-1 /T1-F1-1 /T2-F2-1 /T1-F2-1 /T5-F2-1 /W-T2-1  
/T5-T0-3 /D:1     /W-F3-1  /T1-F3-1 /T0-F3-1 /T0-F0-1 /T4-F3-1 /T4-F0-1 /D:1     /W-F3-1  
/T3-T4-4 /T3-F3-1 /T0-T2-2 /T0-F3-1 /D:1     /W-F1-1  /T4-F1-1 /T4-F2-1 /D:1     /W-F2-1  
/D:1     /W-F0-1  /T3-F0-1 /D:1     /W-F1-1  /T4-F1-1 /T2-F1-1 /T4-F2-1 /T2-F2-1 /T4-F1-1 
/T2-F1-1 /T4-F2-1 
"
1050331,T#uP#Esk#FmZW#XVpOd#iLnDKI#UMBGNao#YrjcxvybStqwlCJQfhzHAeRg,83.000000,1487.000000,38.000000,0.690476,1,"
minimal: 0 / states: 130 / duration: 0.000133s
history:
/T6-T1-1  /T6-F1-1  /T6-F3-1  /T5-T3-1  /T3-T5-2  /D:7      /W-T3-1   /T2-T3-1  /T2-T0-1  /T4-T2-1  
/T4-F3-1  /T4-T2-1  /D:1      /W-F1-1   /D:1      /W-T6-1   /T2-T6-3  /T3-T2-3  /D:3      /W-T2-1   
/T4-T2-1  /D:3      /W-T4-1   /D:3      /W-T5-1   /T6-T5-5  /D:2      /W-T2-1   /T0-T2-2  /T3-T0-1  
/D:1      /W-F0-1   /T6-F0-1  /D:1      /W-T2-1   /D:1      /W-T3-1   /D:1      /R        /D:1      
/W-T6-1   /T5-T6-9  /T5-T2-1  /T5-F2-1  /T1-F2-1  /T1-F3-1  /T6-F2-1  /T5-T0-1  /T1-T5-1  /T6-T1-10 
/T4-T0-2  /T5-T0-2  /D:3      /W-F1-1   /T1-F1-1  /T2-T3-1  /T2-F1-1  /D:3      /W-T6-1   /D:1      
/W-F2-1   /D:2      /W-F0-1   /T3-F0-1  /T1-F0-1  /T3-T2-1  /T3-F0-1  /T1-T6-1  /T1-F0-1  /T2-T0-3  
/T2-F0-1  /D:1      /W-F3-1   /T0-F3-1  /T6-F3-1  /D:1      /W-F1-1   /D:1      /W-T3-1   /W-T3-1   
/D:1      /W-F1-1   /T1-F1-1  /T1-F0-1  /T0-T2-3  /T0-F1-1  /T0-F0-1  /W-T1-1   /W-T3-1   /W-F1-1   
/W-F2-1   /T2-F2-1  /T2-F3-1  /T6-F2-1  /T2-F2-1  /T6-F3-1  /T1-F2-1  /T2-F3-1  /T1-F3-1  /T1-F0-1  
/T2-F2-1  /T0-F3-1  /T2-F1-1  /T0-F0-1  /T3-F2-1  /T1-F3-1  /T2-F2-1  /T2-F3-1  /T3-F1-1  /T0-F1-1  
/T1-F0-1  /T3-F2-1  
"
1050337,J#mp#TnL#KbFr#SixNO#vgkquB#ZXRzUfd#eyQCGDahwEMlHPtIAjVscoWY,134.500000,1294.000000,46.000000,0.637755,1,"
minimal: 0 / states: 117 / duration: 0.000117s
history:
/T6-T3-1 /T4-T1-1 /T4-F3-1 /T1-F3-1 /T3-T6-2 /T1-T6-1 /T2-T1-1 /T2-F2-1 /T3-T2-1 /T3-T6-1 
/D:1     /W-T2-1  /D:5     /W-T2-1  /D:1     /W-F1-1  /T6-F1-1 /D:7     /W-T2-1  /T5-T2-1 
/T2-T5-6 /D:3     /W-F0-1  /T5-F0-1 /T5-F3-1 /D:1     /W-T3-1  /W-T3-1  /D:1     /W-T0-1  
/T5-T0-5 /D:2     /W-F1-1  /D:1     /W-F2-1  /T6-F2-1 /T5-F2-1 /T5-T1-1 /T6-F1-1 /T6-F2-1 
/W-F2-1  /W-F2-1  /T0-T1-7 /D:1     /W-T4-1  /D:1     /R       /D:2     /W-F3-1  /D:1     
/W-F0-1  /T1-F0-1 /T1-F1-1 /T6-F1-1 /T5-F1-1 /T6-T3-1 /T6-T0-1 /T6-F3-1 /T5-T4-1 /D:1     
/W-T3-1  /D:1     /W-F1-1  /D:1     /W-T6-1  /D:1     /W-F0-1  /T1-F0-1 /T3-F0-1 /D:1     
/W-T2-1  /D:1     /W-T0-1  /T4-T0-3 /T4-F1-1 /T4-F3-1 /T1-F3-1 /T1-F2-1 /T3-F3-1 /T0-F2-1 
/T1-F3-1 /T6-F2-1 /T0-F3-1 /T6-F3-1 /T0-F2-1 /W-F2-1  /T0-T2-1 /T0-F2-1 /T3-T2-3 /D:1     
/W-F0-1  /T2-F0-1 /T1-F0-1 /T2-F1-1 /T1-F1-1 /T2-F0-1 /T1-F0-1 /T2-F1-1 /T1-F1-1 /T2-F0-1 
/D:1     /W-F3-1  /T6-F3-1 
"
1050385,E#Do#thX#jqVW#naCBU#NTyfRu#ewGsmpx#QLrPSdIJYkbZOHMlzAKcivgF,158.000000,2206.000000,66.000000,0.504630,1,"
minimal: 0 / states: 136 / duration: 0.000130s
history:
/T3-T6-1 /T5-T3-1 /D:1     /W-T0-1  /D:6     /W-T6-1  /T4-T6-1 /D:1     /W-T2-1  /T3-T2-2 
/T3-T5-1 /D:10    /W-F0-1  /T4-F0-1 /T4-F0-1 /T4-F1-1 /T4-F2-1 /T1-F2-1 /T1-F0-1 /W-T1-1  
/W-T1-1  /T6-T1-4 /T6-F2-1 /T6-T4-1 /T5-T6-2 /T6-F2-1 /T0-T5-2 /W-T0-1  /D:4     /W-T3-1  
/D:1     /W-T2-1  /T6-T2-2 /T5-T6-3 /T2-T5-7 /T5-T4-8 /T6-T1-4 /T2-T3-1 /W-T6-1  /T2-T3-1 
/D:1     /W-T5-1  /R       /D:2     /W-F2-1  /T4-T5-1 /T4-F2-1 /T3-F2-1 /D:4     /W-T0-1  
/D:2     /W-F1-1  /D:1     /W-T2-1  /D:2     /W-T6-1  /T5-T6-3 /T5-F3-1 /W-F3-1  /D:1     
/W-T0-1  /T3-T0-3 /D:1     /W-F1-1  /R       /D:1     /W-T2-1  /D:1     /W-F3-1  /T1-F3-1 
/T6-F3-1 /T1-F0-1 /T6-F0-1 /D:1     /W-F3-1  /T6-F3-1 /T1-T0-2 /T1-F3-1 /T4-T6-1 /T4-F2-1 
/T4-F3-1 /T0-T1-3 /T0-F2-1 /T6-T4-3 /T6-F2-1 /T1-T0-4 /T1-F3-1 /T1-F2-1 /T4-T2-5 /T4-F2-1 
/D:1     /W-F1-1  /T6-F1-1 /T0-F1-1 /T0-F0-1 /T2-F1-1 /T0-F1-1 /T2-F0-1 /T0-F0-1 /T2-F1-1 
/T0-F1-1 /T2-F0-1 /T0-F0-1 /T2-F3-1 /T0-F3-1 /T2-F0-1 /T2-F3-1 /T0-F0-1 /D:1     /W-F1-1  
/T1-F1-1 /T1-F2-1 /T4-F1-1 
"
1050414,e#DO#VRI#SFgn#dBKib#UmrjTf#kMGJqNa#wyYQcLusAzXHotpPZvECxWhl,116.500000,2481.000000,48.000000,0.608434,1,"
minimal: 0 / states: 121 / duration: 0.000119s
history:
/T3-F2-1 /T6-F1-1 /T4-F1-1 /T6-F3-1 /T1-F3-1 /T6-T0-1 /T4-T6-1 /D:5     /W-F1-1  /D:2     
/W-T6-1  /T3-T6-1 /T3-T6-1 /T0-T6-2 /D:2     /W-F0-1  /D:1     /W-T0-1  /D:3     /W-F2-1  
/D:2     /W-F2-1  /T6-F2-1 /T1-T6-1 /D:1     /W-F3-1  /D:1     /W-T1-1  /D:2     /W-T3-1  
/D:3     /W-T4-1  /T2-T4-1 /D:1     /W-T4-1  /D:1     /W-T0-1  /T4-T0-4 /T4-F0-1 /T4-F1-1 
/T6-T2-1 /T6-F1-1 /T5-F1-1 /T2-T6-2 /T6-T5-3 /T6-F1-1 /T5-T6-4 /T0-F1-1 /T6-T2-5 /T6-F1-1 
/T5-F1-1 /T5-F2-1 /T5-T4-1 /T2-T6-6 /T5-T0-1 /R       /D:2     /W-T1-1  /D:2     /W-F3-1  
/D:1     /W-T4-1  /D:1     /W-F2-1  /D:1     /W-T1-1  /T6-T1-7 /T6-T0-1 /T6-T2-1 /T6-F1-1 
/W-T2-1  /T0-T2-5 /T0-F1-1 /T3-T2-2 /D:2     /W-F2-1  /D:2     /W-F0-1  /T1-F0-1 /T1-F3-1 
/T2-F0-1 /T1-F0-1 /T2-F3-1 /T1-F3-1 /T1-F2-1 /T2-F0-1 /T2-F3-1 /W-F2-1  /W-F0-1  /T1-F3-1 
/T2-F0-1 /T1-F0-1 /T2-F3-1 /T2-F0-1 /W-F2-1  /T1-F3-1 /T4-F0-1 /T2-F3-1 /T2-F0-1 /T4-F1-1 
/D:1     /W-F2-1  /T1-F2-1 /T0-F2-1 /T1-F3-1 
"
1050458,b#pX#ukx#sFaH#PMyOg#AUQiEn#rSeIGoV#wNtzjlBdJZWRqvKCLDTfchYm,174.000000,4851.000000,54.000000,0.611111,1,"
minimal: 0 / states: 122 / duration: 0.000124s
history:
/T5-F2-1 /T4-T3-1 /T3-T6-2 /T3-F1-1 /T0-F1-1 /T3-T6-1 /D:1     /W-T1-1  /T6-T1-4 /T6-F2-1 
/D:1     /W-F3-1  /T4-F3-1 /T1-T4-6 /T1-F2-1 /D:2     /W-T0-1  /D:1     /W-T2-1  /D:1     
/W-T0-1  /T2-T0-2 /D:2     /W-T5-1  /D:1     /W-T2-1  /D:1     /W-T1-1  /T4-T1-7 /D:2     
/W-T1-1  /D:1     /W-F2-1  /D:1     /W-T0-1  /D:2     /W-T5-1  /D:2     /W-T1-1  /D:2     
/W-T6-1  /T5-T6-3 /T5-T2-1 /D:1     /W-F1-1  /T6-T5-1 /T6-F1-1 /T5-T6-2 /T6-T5-5 /T5-T0-6 
/T5-F0-1 /T4-T5-1 /T4-F3-1 /D:1     /W-T6-1  /D:1     /W-T5-1  /D:1     /W-T4-1  /R       
/D:1     /W-T6-1  /D:1     /W-F0-1  /T0-F0-1 /T0-F3-1 /T1-F0-1 /T0-F0-1 /T1-F3-1 /T1-F0-1 
/T0-T6-1 /T0-F0-1 /T3-T1-1 /D:2     /W-T5-1  /W-T5-1  /T6-T5-4 /T6-F1-1 /T6-F3-1 /T6-F2-1 
/T1-F2-1 /T5-F1-1 /T1-F1-1 /T5-F2-1 /T5-F1-1 /T1-F0-1 /T2-F1-1 /T5-F0-1 /T2-F0-1 /T0-T5-2 
/T0-F1-1 /T2-F1-1 /T2-F2-1 /T5-T0-3 /T5-F0-1 /T0-T5-4 /T0-F1-1 /T4-F1-1 /D:1     /W-F0-1  
/T5-T0-5 /T5-F0-1 /D:1     /W-F3-1  /T0-F3-1 /T0-F2-1 /T1-F3-1 /T0-F3-1 /T1-F2-1 /T0-F2-1 
/T1-F3-1 /T0-F3-1 /T1-F2-1 /T0-F2-1 /T1-F3-1 
"
1050487,w#Lk#oeB#mgIa#Nznyi#CRtvbE#rjlhYHc#pSxPFqufZsMJVKXQADUWdTGO,122.500000,3081.000000,51.000000,0.586420,1,"
minimal: 0 / states: 127 / duration: 0.000119s
history:
/T3-F1-1 /T4-T0-1 /T2-T6-1 /T1-T4-1 /T0-T4-2 /D:6     /W-T2-1  /T6-T2-2 /T6-T4-1 /D:3     
/W-T0-1  /T4-T0-5 /T4-F2-1 /T6-T4-1 /T6-T3-1 /D:5     /W-T4-1  /D:1     /W-T1-1  /D:1     
/W-T5-1  /D:1     /W-F0-1  /T2-F0-1 /D:3     /W-T4-1  /T3-T4-2 /T3-T0-1 /T1-T3-2 /T4-T1-6 
/T4-F3-1 /D:3     /W-T1-1  /D:1     /W-F3-1  /R       /D:1     /W-T5-1  /D:1     /W-T1-1  
/T5-T1-3 /T5-F1-1 /T2-F1-1 /D:1     /W-T6-1  /D:1     /W-F3-1  /D:1     /W-T0-1  /T2-T0-2 
/T2-F2-1 /T1-F2-1 /T0-F2-1 /T1-F3-1 /D:4     /W-T2-1  /T6-T2-2 /T5-T6-1 /T6-T2-2 /T6-F2-1 
/W-F2-1  /T5-F2-1 /T5-F3-1 /T5-F0-1 /D:1     /W-T3-1  /D:1     /W-T3-1  /D:1     /W-F0-1  
/T1-F0-1 /T1-F3-1 /W-T1-1  /W-F2-1  /T2-F2-1 /D:2     /W-F1-1  /T0-F1-1 /T0-F0-1 /T1-F1-1 
/T0-F1-1 /T1-F0-1 /T1-F1-1 /T0-F0-1 /T0-F1-1 /T0-F2-1 /T1-F0-1 /T2-F1-1 /T0-F1-1 /T2-F2-1 
/T0-F2-1 /T2-F1-1 /T1-T2-3 /T1-F2-1 /T3-T0-4 /T3-F1-1 /D:1     /W-F3-1  /W-F3-1  /T0-F3-1 
/T0-F0-1 /T2-F3-1 /T0-F3-1 /T2-F0-1 /T0-F0-1 /T2-F3-1 /T0-F3-1 /T2-F0-1 
"
1050551,o#dE#umb#DJPT#wFrUa#XyiHBQ#cnKLvSA#RIGgqNZMpOVtlYWjkshzCefx,117.500000,4666.000000,77.000000,0.518182,1,"
minimal: 0 / states: 151 / duration: 0.000154s
history:
/T4-F1-1 /T2-F1-1 /T6-F0-1 /T5-T1-1 /T5-F0-1 /T3-T5-1 /T1-T6-2 /T0-T3-1 /T2-T0-1 /D:3     
/W-T4-1  /T6-T4-3 /T4-T6-5 /T1-T4-1 /D:1     /W-T2-1  /D:2     /W-F3-1  /D:1     /W-T1-1  
/D:2     /W-T4-1  /D:1     /W-F3-1  /D:8     /W-T2-1  /D:3     /W-F0-1  /D:1     /W-T2-1  
/D:2     /R       /D:3     /W-T2-1  /T3-T2-2 /D:2     /W-T3-1  /T5-T3-2 /T2-T5-7 /W-T2-1  
/D:2     /W-T2-1  /D:8     /W-T2-1  /R       /D:5     /W-T2-1  /T6-T2-6 /T6-T0-1 /D:1     
/W-T6-1  /D:1     /W-T0-1  /T3-T0-4 /T3-F0-1 /D:2     /W-T3-1  /D:1     /R       /D:2     
/W-T6-1  /D:2     /W-T3-1  /T6-T3-3 /T6-F2-1 /T5-F2-1 /T4-F2-1 /T5-F3-1 /T2-F3-1 /T6-F1-1 
/T4-F1-1 /T2-F0-1 /T5-F2-1 /T4-F2-1 /T5-F1-1 /T4-F0-1 /T5-T4-4 /T5-T1-1 /T4-F2-1 /W-F2-1  
/W-F3-1  /T2-F3-1 /T0-F3-1 /T2-F0-1 /T2-F3-1 /T0-F0-1 /T0-F3-1 /T3-F0-1 /T0-F0-1 /T2-T3-1 
/T2-F3-1 /T5-F3-1 /T3-T2-2 /T3-F0-1 /T3-F3-1 /T0-T1-1 /T0-F0-1 /T1-T0-2 /T1-F3-1 /T2-T3-4 
/T2-F0-1 /T4-T0-4 /D:1     /W-T3-1  /D:1     /W-F1-1  /T0-F1-1 /T0-F2-1 /T3-F1-1 /T0-F1-1 
/T3-F2-1 /T0-F2-1 /T3-F1-1 /T0-F1-1 /T3-F2-1 /T0-F2-1 /T3-F1-1 /T0-F1-1 /T3-F2-1 
"
1050661,z#CG#SQX#udVR#DwIqf#ZmPcUH#tKhbaJg#OjsYBAkyMneivLEToplrFWNx,156.500000,2970.000000,50.000000,0.603261,1,"
minimal: 0 / states: 118 / duration: 0.000117s
history:
/T6-T5-1 /T6-T2-1 /T6-F1-1 /T6-F1-1 /T4-T1-1 /T4-T3-1 /T6-T4-1 /T1-T4-2 /D:1     /W-T1-1  
/D:1     /W-T6-1  /T4-T6-4 /D:1     /W-T5-1  /T3-T5-2 /T5-T3-5 /T3-T2-6 /T1-T3-2 /D:1     
/W-T0-1  /T6-T0-6 /T6-T5-1 /D:2     /W-F0-1  /W-F0-1  /D:3     /W-T1-1  /D:1     /W-F2-1  
/D:2     /W-T4-1  /D:3     /W-T0-1  /T3-T0-3 /T3-T4-1 /D:1     /W-T4-1  /D:1     /W-F2-1  
/D:1     /W-F2-1  /T2-F2-1 /D:1     /W-T1-1  /D:1     /W-F2-1  /D:1     /W-T4-1  /T2-T4-1 
/T2-F2-1 /T5-F2-1 /D:2     /W-F3-1  /T0-F3-1 /T0-F0-1 /D:1     /W-T1-1  /W-T1-1  /R       
/D:4     /W-T1-1  /T5-T1-1 /T5-F1-1 /T0-F1-1 /T5-F3-1 /T5-T3-1 /W-F1-1  /W-T3-1  /T2-T3-5 
/T2-F3-1 /T4-F3-1 /T2-F3-1 /T4-T3-1 /T4-F3-1 /T1-F3-1 /T4-F2-1 /T1-F2-1 /T3-T4-3 /T3-F3-1 
/T4-T3-4 /T4-F2-1 /T4-F0-1 /T0-F0-1 /T0-F1-1 /T3-F0-1 /T0-F0-1 /T3-F1-1 /T0-F1-1 /T3-F0-1 
/T0-F0-1 /T1-F3-1 /T3-F1-1 /T0-F1-1 /T1-F2-1 /T3-F0-1 /T0-F0-1 /T3-F3-1 /T0-F3-1 /W-F1-1  
/T1-F1-1 /T3-F2-1 /T0-F2-1 /T3-F1-1 /T5-F3-1 /D:1     /W-F0-1  /T1-F0-1 
"
1050666,W#XY#Iai#MezD#JFBcf#LGSbtm#ZxTnhwk#gOrdUysEKpRVvoNQjqACHuPl,149.000000,1752.000000,40.000000,0.647059,1,"
minimal: 0 / states: 114 / duration: 0.000110s
history:
/D:3      /W-T4-1   /D:1      /W-T4-1   /D:2      /W-T5-1   /T6-T5-1  /T6-T5-1  /T2-T5-1  /T2-F1-1  
/T6-T2-1  /T6-F2-1  /T2-T0-2  /T5-T2-5  /T4-T5-3  /T5-T0-4  /T5-F1-1  /T4-F1-1  /F1-T3-1  /T4-T3-1  
/T4-T6-1  /D:2      /W-T5-1   /D:1      /W-T1-1   /T0-T1-7  /D:1      /W-T1-1   /D:1      /W-T6-1   
/T3-T6-3  /T3-T0-1  /T1-T0-10 /T4-T1-1  /D:1      /W-T1-1   /D:2      /W-F2-1   /T0-F2-1  /D:1      
/W-F3-1   /D:1      /W-T5-1   /D:2      /W-F2-1   /D:1      /W-F0-1   /T6-F0-1  /T6-F1-1  /T0-F1-1  
/T3-F1-1  /T0-F2-1  /T0-F1-1  /T5-T0-3  /D:1      /W-F0-1   /T6-F0-1  /D:1      /W-T1-1   /T6-T1-3  
/W-T6-1   /W-T6-1   /W-F2-1   /W-T6-1   /W-F3-1   /T5-T6-1  /W-F1-1   /T0-T6-3  /T0-F2-1  /T0-F1-1  
/T2-F1-1  /T1-T5-7  /D:1      /W-F2-1   /T6-T0-5  /T6-F2-1  /T2-F2-1  /T6-F1-1  /T6-F2-1  /T2-F1-1  
/T2-F2-1  /T0-T3-9  /T0-F2-1  /T5-T2-8  /D:1      /W-F3-1   /T3-F3-1  /T2-F3-1  /T3-F0-1  /T2-F0-1  
/T3-F3-1  /T2-F3-1  /T3-F0-1  /T2-F0-1  /T3-F3-1  /T2-F3-1  /T3-F0-1  /T2-F0-1  /T3-F3-1  /T2-F3-1  
/T3-F0-1  /T2-F0-1  /T3-F3-1  /T6-F3-1  /T3-F0-1  /D:1      /W-F1-1   /T2-F1-1  
"
1050676,q#fw#UAk#Qlug#OrJyM#RGZTPL#EKoimaY#jIpHneSdNvDchbBWXFCVtszx,106.000000,1782.000000,56.000000,0.543478,1,"
minimal: 0 / states: 134 / duration: 0.000130s
history:
/T6-T4-1 /T6-F1-1 /T5-T6-1 /T5-T0-1 /T2-T6-1 /T2-F0-1 /T1-T6-1 /D:5     /W-F2-1  /D:4     
/W-F3-1  /D:5     /W-F1-1  /D:1     /W-F0-1  /D:3     /W-T3-1  /D:1     /W-F0-1  /D:1     
/W-T6-1  /D:1     /W-T2-1  /T1-T2-1 /T4-T1-2 /W-T4-1  /D:1     /W-T5-1  /D:2     /W-T1-1  
/R       /D:1     /W-T1-1  /D:1     /W-T1-1  /T2-T1-3 /T6-T2-5 /D:2     /W-T2-1  /T3-T2-2 
/T5-T3-2 /T4-T5-2 /T6-T4-1 /T6-F2-1 /T3-T4-3 /T4-T5-5 /T4-T1-1 /T4-F3-1 /T0-F3-1 /W-F2-1  
/T5-T4-8 /T6-T3-1 /T0-F2-1 /T1-F2-1 /T4-F2-1 /T1-T5-1 /T1-F2-1 /T5-T1-2 /T5-T2-1 /T6-T1-1 
/D:3     /W-T1-1  /D:2     /W-F0-1  /D:1     /W-F1-1  /T1-F1-1 /T1-F0-1 /D:2     /W-T3-1  
/D:1     /W-T0-1  /T3-T0-3 /T3-F3-1 /T2-F3-1 /T2-F0-1 /R       /D:1     /W-F1-1  /T1-F1-1 
/T2-F1-1 /T1-F0-1 /T2-F0-1 /D:1     /W-F3-1  /T4-F3-1 /T1-F3-1 /T4-F2-1 /T2-F3-1 /T0-F3-1 
/T1-F0-1 /T4-T2-1 /T4-F0-1 /T0-F0-1 /T4-F3-1 /T1-T0-2 /T1-F3-1 /T2-T4-3 /T2-F0-1 /T1-F0-1 
/T4-T2-4 /T4-F3-1 /D:1     /W-F2-1  /D:1     /W-F1-1  /T2-F1-1 /T0-F1-1 /T2-F2-1 /T0-F2-1 
/T2-F1-1 /T0-F1-1 /T2-F2-1 /T0-F2-1 /T2-F1-1 
"
1050754,g#PJ#dpH#FrZV#SoIiU#YelMNa#yunRBfX#bDGcsCKxELvzwmOkthWAQjTq,135.000000,1891.000000,53.000000,0.534483,1,"
minimal: 0 / states: 128 / duration: 0.000129s
history:
/T5-F1-1 /T5-F3-1 /T3-T1-1 /T2-T1-1 /T1-T6-3 /T0-T6-1 /T5-T0-1 /T5-T0-1 /D:1     /W-F1-1  
/D:1     /W-T5-1  /T1-T5-1 /T3-T1-1 /D:1     /W-T4-1  /D:1     /W-F1-1  /D:1     /W-T6-1  
/T5-T6-3 /D:2     /W-T0-1  /D:1     /W-T5-1  /D:2     /W-T1-1  /T6-T1-9 /T6-T4-1 /T6-T1-1 
/T3-T4-1 /T6-T3-1 /T6-F2-1 /D:5     /W-F3-1  /D:4     /W-T0-1  /D:1     /W-F0-1  /T1-F0-1 
/T1-F3-1 /D:1     /W-T4-1  /T2-T4-1 /T2-F1-1 /T1-T3-1 /T1-F1-1 /D:1     /W-T5-1  /D:1     
/W-T6-1  /T3-T6-3 /D:1     /R       /D:1     /W-F0-1  /T6-F0-1 /D:1     /W-F0-1  /T6-T1-1 
/T6-F0-1 /D:1     /W-T0-1  /T4-T0-6 /T6-T4-2 /D:1     /W-T2-1  /T5-T2-3 /D:2     /W-T3-1  
/T6-T3-1 /D:1     /W-T3-1  /W-T3-1  /T4-T3-3 /T4-T2-1 /T4-F2-1 /T0-F2-1 /T0-F3-1 /T1-F3-1 
/T4-F3-1 /T3-F3-1 /D:2     /W-T2-1  /T0-T2-3 /T0-F3-1 /D:1     /W-F2-1  /T2-F2-1 /T1-F2-1 
/T2-F1-1 /T1-F1-1 /T2-F0-1 /T1-F0-1 /W-F2-1  /T2-F1-1 /T2-F0-1 /T3-F2-1 /T0-F2-1 /T1-F3-1 
/T0-F3-1 /T3-F1-1 /T1-F0-1 /T2-F1-1 /T0-F0-1 /T3-F2-1 /T1-F3-1 /T2-F2-1 /T2-F3-1 /T3-F1-1 
/T0-F1-1 /T1-F0-1 /T0-F0-1 /T3-F2-1 /T1-F3-1 /T2-F2-1 /T3-F1-1 
"
1050802,m#Iz#ALF#WExH#OrsVN#wkDjnK#eUyZdbG#vtXcBTqfJSCRhugPMpYalQoi,116.500000,1002.000000,44.000000,0.612500,1,"
minimal: 0 / states: 128 / duration: 0.000127s
history:
/T4-F3-1 /T3-T4-1 /D:6     /W-T4-1  /T2-T4-1 /T2-T0-1 /T2-F0-1 /W-F0-1  /T1-T2-1 /D:2     
/W-T6-1  /D:3     /W-F0-1  /D:1     /W-T4-1  /D:1     /W-T1-1  /T6-T1-2 /D:6     /W-T2-1  
/T5-T2-1 /T5-F2-1 /T5-T2-1 /T5-F0-1 /T5-T0-1 /T4-T5-5 /T1-T2-4 /T5-T0-6 /D:1     /W-F1-1  
/T6-F1-1 /W-T6-1  /W-T1-1  /D:1     /W-T1-1  /T3-T1-1 /T3-F0-1 /F0-T2-1 /T6-T2-2 /T6-T5-1 
/T6-T5-1 /T3-T1-1 /D:2     /W-F2-1  /T2-F2-1 /D:1     /R       /D:1     /W-T1-1  /T6-T1-1 
/T6-T4-1 /D:1     /W-T1-1  /D:1     /W-T5-1  /D:1     /W-F1-1  /T2-F1-1 /T2-F0-1 /T4-F1-1 
/T2-F1-1 /T0-T4-1 /T0-F0-1 /T4-T0-2 /F1-T1-1 /T4-T1-1 /T4-F3-1 /T2-F0-1 /D:1     /W-F2-1  
/T1-F2-1 /T1-F1-1 /D:1     /W-T5-1  /D:1     /W-T1-1  /D:2     /W-F1-1  /T2-F1-1 /D:1     
/W-F3-1  /D:1     /W-F3-1  /T0-F3-1 /T0-F2-1 /T1-F3-1 /T0-F3-1 /T0-F0-1 /T1-F2-1 /T1-F3-1 
/T2-F0-1 /W-F2-1  /T0-F3-1 /T1-F2-1 /T1-F3-1 /T0-F2-1 /T1-F2-1 /T5-F0-1 /T5-F3-1 /T5-F2-1 
/T2-T1-2 /T2-F3-1 /T2-F2-1 /T5-F3-1 /D:1     /W-F1-1  /T1-F1-1 /T0-F1-1 /T1-F0-1 /T0-F0-1 
/T1-F1-1 /T0-F1-1 /T1-F0-1 
"
1050840,c#Gh#Usq#jVfp#xPCdm#rQEIAb#oBalOHJ#tgNRyMZwDWkzieLXYnFTuKvS,76.000000,520.000000,29.000000,0.836066,1,"
minimal: 0 / states: 121 / duration: 0.000123s
history:
/T5-T3-1 /T5-F0-1 /T1-T5-1 /T0-T2-1 /T4-T0-1 /T3-T4-2 /T3-T1-1 /T3-T6-1 /T5-T3-2 /T4-T5-3 
/T5-T1-4 /T4-T5-1 /T1-T3-6 /D:3     /W-F3-1  /D:2     /W-T0-1  /D:1     /W-T1-1  /D:5     
/W-T0-1  /T6-T0-2 /T6-T0-1 /T6-F3-1 /T4-F3-1 /T6-T1-1 /T6-F1-1 /T3-F1-1 /T6-F0-1 /T5-F0-1 
/T5-F3-1 /T2-F1-1 /W-T4-1  /W-F0-1  /T3-T5-2 /T3-F0-1 /T4-T1-2 /T5-T3-3 /D:1     /W-T4-1  
/D:5     /W-T4-1  /D:1     /W-F2-1  /T6-F2-1 /T3-F2-1 /T2-F2-1 /T3-F1-1 /T3-F2-1 /T2-F2-1 
/D:1     /W-F0-1  /D:1     /W-T0-1  /D:2     /W-T4-1  /T3-T4-5 /D:1     /W-T1-1  /T2-T1-1 
/D:1     /R       /D:1     /W-F2-1  /D:2     /W-F3-1  /D:1     /W-T2-1  /D:3     /W-F1-1  
/T4-F1-1 /T4-F0-1 /D:1     /W-T2-1  /D:1     /W-T2-1  /D:1     /W-F2-1  /D:1     /W-F3-1  
/T0-F3-1 /T1-F3-1 /T0-F0-1 /T0-F3-1 /T1-F2-1 /T1-F3-1 /T2-F3-1 /W-T0-1  /W-F2-1  /W-F1-1  
/T4-F1-1 /T0-F1-1 /T4-F0-1 /T0-F0-1 /T4-F1-1 /T0-F1-1 /T1-F2-1 /T0-F2-1 /T4-F0-1 /T1-F1-1 
/T2-F0-1 /T0-F1-1 /T4-F3-1 /T1-F0-1 /T2-F3-1 /T4-F2-1 
"
1050904,X#Mz#iIj#wnQl#PTZyb#YeFOca#RDqomfr#WhAGELdxNBKuVCHJUSkgtvsp,92.000000,2702.000000,47.000000,0.592105,1,"
minimal: 0 / states: 132 / duration: 0.000119s
history:
/T5-F1-1 /T4-F1-1 /T5-F1-1 /T3-T1-1 /T3-T6-1 /T3-F2-1 /T0-T4-1 /T1-T0-2 /T3-T4-1 /D:3     
/W-F0-1  /D:4     /W-F1-1  /D:1     /W-T0-1  /T2-T0-1 /T2-T0-1 /T2-T4-1 /D:1     /W-F3-1  
/T5-F3-1 /D:1     /W-F0-1  /D:2     /W-T4-1  /D:2     /W-F0-1  /D:3     /W-T0-1  /D:3     
/W-T4-1  /T5-T4-1 /T5-F1-1 /T5-T1-1 /D:1     /W-T0-1  /D:3     /W-T6-1  /R       /D:6     
/W-T1-1  /D:4     /W-T0-1  /T6-T0-3 /T6-F1-1 /T6-T2-1 /T6-F2-1 /T0-F2-1 /T6-F2-1 /T6-F0-1 
/T4-T2-7 /T4-T3-1 /T2-T4-1 /T2-F1-1 /T4-T2-2 /T4-F3-1 /T0-F3-1 /T0-F2-1 /T6-F3-1 /T0-F3-1 
/D:3     /W-F2-1  /T0-F2-1 /R       /D:1     /W-T1-1  /D:1     /W-F1-1  /D:1     /W-T0-1  
/D:1     /W-F0-1  /T2-F0-1 /T0-F0-1 /T2-F3-1 /T0-F3-1 /T2-F2-1 /T2-F1-1 /T0-T1-1 /T0-F1-1 
/D:1     /W-T3-1  /D:1     /W-F3-1  /D:1     /W-F0-1  /T1-F0-1 /T1-F3-1 /D:1     /W-F0-1  
/T1-F0-1 /T3-F0-1 /D:1     /W-F1-1  /T0-T1-1 /T0-F1-1 /T1-T0-2 /T1-F0-1 /T2-T3-3 /T2-F1-1 
/D:1     /W-F2-1  /T3-F2-1 /T0-F2-1 /T3-F3-1 /T0-F3-1 /T3-F2-1 /T0-F2-1 /T3-F3-1 
"
1050928,p#ri#YzZ#wHbJ#Rvuhe#VjKQCO#sILgflF#DBEdcPUGonWSqyaXxMAmTkNt,139.000000,2851.000000,44.000000,0.593750,1,"
minimal: 0 / states: 126 / duration: 0.000123s
history:
/T5-T0-1 /T4-T6-1 /T1-T3-1 /D:1     /W-T6-1  /D:3     /W-T1-1  /T5-T1-1 /T0-T5-2 /T2-T0-1 
/D:1     /W-T6-1  /D:3     /W-T4-1  /D:1     /W-T6-1  /D:1     /W-F2-1  /T6-F2-1 /T5-T1-1 
/T5-F2-1 /D:2     /W-T4-1  /T1-T4-4 /T2-T1-1 /T2-T1-1 /D:1     /W-F2-1  /D:1     /W-T0-1  
/D:1     /W-F1-1  /D:1     /W-T0-1  /T3-T0-2 /T3-F1-1 /T3-T0-1 /T6-F1-1 /T4-T5-2 /T4-F1-1 
/T5-T4-3 /T5-T1-1 /T5-T1-1 /T5-T3-1 /D:2     /W-T2-1  /D:1     /W-F0-1  /D:1     /W-T5-1  
/D:1     /W-T0-1  /T6-T0-3 /T6-T2-1 /W-T2-1  /W-T2-1  /D:2     /W-F3-1  /T4-F3-1 /D:1     
/R       /D:1     /W-F0-1  /T4-F0-1 /T0-F0-1 /T0-F1-1 /T6-F1-1 /T6-F1-1 /T6-T5-1 /T4-T6-5 
/T4-T3-1 /T4-T1-1 /T6-T2-6 /T4-T0-1 /D:1     /W-F0-1  /T0-T6-1 /T0-F0-1 /T6-T0-2 /D:1     
/W-F3-1  /T2-F3-1 /T0-F3-1 /T2-F2-1 /T0-F2-1 /T2-F3-1 /T0-F3-1 /T2-F0-1 /T0-F0-1 /T2-F1-1 
/T0-F1-1 /T2-F0-1 /T0-F0-1 /T1-T2-1 /T1-F1-1 /T1-F0-1 /T5-F0-1 /T3-T0-3 /D:1     /W-F3-1  
/D:1     /W-F1-1  /T2-T1-3 /T2-F1-1 /T2-F0-1 /T5-F1-1 /D:1     /W-F2-1  /T0-F2-1 /T0-F3-1 
/T1-F2-1 /T0-F2-1 /T1-F3-1 /T0-F3-1 /T1-F2-1 /T0-F2-1 /T1-F3-1 /T0-F3-1 /T1-F2-1 
"
1050929,B#zH#Dtb#FUdR#IhMGm#YuikWg#SQwVqrX#oLPnvZeNKECpOAsJTljyfaxc,177.500000,3228.000000,50.000000,0.581731,1,"
minimal: 0 / states: 119 / duration: 0.000132s
history:
/T5-T1-1 /D:2     /W-T4-1  /T6-T4-1 /D:2     /W-F2-1  /D:1     /W-T5-1  /D:3     /W-F3-1  
/D:5     /W-F3-1  /D:1     /W-F0-1  /T0-F0-1 /T4-T0-3 /D:1     /W-T1-1  /T3-T1-1 /T3-T6-1 
/T4-T3-1 /T3-T5-2 /W-T6-1  /T2-T6-1 /W-F0-1  /D:1     /W-T0-1  /D:2     /W-T4-1  /D:3     
/W-T2-1  /T6-T2-4 /T6-T1-1 /T6-T0-1 /T1-T0-5 /D:1     /W-F1-1  /T2-F1-1 /D:1     /W-T4-1  
/T5-T4-4 /T6-T5-1 /D:1     /W-F1-1  /T2-T6-1 /T2-F1-1 /T6-T2-2 /T6-T4-1 /T4-T6-8 /T2-T4-5 
/T2-F0-1 /R       /D:1     /W-F2-1  /T4-F2-1 /T0-F2-1 /D:1     /W-F3-1  /T4-F3-1 /T0-F3-1 
/T4-F2-1 /T0-F2-1 /T6-F3-1 /T4-T6-1 /T4-F2-1 /T3-T0-1 /D:1     /W-T2-1  /D:1     /W-F1-1  
/T6-F1-1 /D:2     /W-F0-1  /T0-F0-1 /T0-F1-1 /T6-F0-1 /T4-F1-1 /T0-F0-1 /T4-F0-1 /T0-T5-1 
/T0-F0-1 /W-F0-1  /D:1     /W-F3-1  /T6-F3-1 /T5-F3-1 /D:2     /W-T2-1  /T5-T2-2 /T5-F1-1 
/T5-F2-1 /T6-F2-1 /T2-F2-1 /T6-F3-1 /T0-F3-1 /W-F1-1  /T2-F1-1 /T0-F0-1 /T6-F2-1 /T2-F2-1 
/T5-F3-1 /T2-F3-1 /T6-F1-1 /T0-F1-1 /T1-F2-1 /T6-F0-1 
"
1050940,L#xU#YwQ#ptaK#ykqMr#RfGDNS#CzcvumV#PsBhgIOijlJAFobHEXnTeZdW,186.000000,2671.000000,58.000000,0.527027,1,"
minimal: 0 / states: 133 / duration: 0.000137s
history:
/T4-T5-1  /T2-T5-1  /T6-T2-1  /T0-T6-1  /T6-T0-2  /T6-T2-1  /T1-T6-1  /D:5      /W-T2-1   /D:4      
/W-T1-1   /T6-T1-2  /D:1      /W-T4-1   /T3-T4-1  /T3-F1-1  /T5-T3-3  /T5-F3-1  /T6-T5-1  /T3-T1-4  
/T3-T1-1  /T4-T3-3  /D:2      /W-F0-1   /D:1      /W-T2-1   /D:1      /W-T5-1   /D:1      /W-F1-1   
/D:3      /W-T0-1   /T2-T0-5  /T1-T2-9  /T6-T1-1  /T2-T1-10 /D:1      /W-F2-1   /T5-F2-1  /T1-F2-1  
/T4-F2-1  /T5-F1-1  /T6-T1-1  /D:2      /W-T0-1   /T5-T0-1  /D:1      /W-T2-1   /D:1      /W-F1-1   
/D:1      /W-T3-1   /R        /D:1      /W-T0-1   /D:2      /W-F0-1   /T1-F0-1  /D:2      /W-T3-1   
/W-T3-1   /T5-T3-1  /T5-T3-1  /T0-T5-2  /T0-F1-1  /T3-F1-1  /T5-T0-3  /D:1      /W-F3-1   /T0-F3-1  
/T0-F0-1  /T1-F3-1  /T0-F3-1  /T1-F2-1  /W-F2-1   /T1-F3-1  /T1-F2-1  /D:2      /W-T4-1   /W-T4-1   
/D:1      /W-T4-1   /T0-T4-2  /T0-F2-1  /D:1      /W-F0-1   /T4-F0-1  /T3-F0-1  /T4-F1-1  /T3-F1-1  
/T4-F0-1  /T4-F1-1  /T3-F0-1  /T4-F0-1  /T1-T3-2  /T1-F1-1  /T4-F1-1  /T3-T1-3  /T3-F0-1  /T3-F1-1  
/T0-T2-4  /T0-F1-1  /T2-T4-3  /T2-F0-1  /T3-F0-1  /T4-T2-4  /D:1      /W-F3-1   /T1-F3-1  /T1-F2-1  
/T2-F3-1  /T1-F3-1  /T2-F2-1  /T1-F2-1  /T2-F3-1  /T1-F3-1  /T2-F2-1  /T1-F2-1  /T2-F3-1  
"
1050944,K#Bs#Pkv#gHfG#YAZeW#bxJonl#UiICcMw#jDdVSNOqupEmLyRrTztaXQhF,141.000000,3570.000000,49.000000,0.605556,1,"
minimal: 0 / states: 123 / duration: 0.000127s
history:
/T4-T0-1 /T4-T1-1 /T2-T0-1 /T6-T2-1 /T5-T6-1 /T5-F2-1 /T5-F2-1 /T0-T6-3 /T6-T0-5 /D:2     
/W-T1-1  /T6-T1-1 /D:2     /W-T2-1  /D:1     /W-T3-1  /D:1     /W-F3-1  /D:1     /W-F3-1  
/D:2     /W-T2-1  /D:1     /W-F2-1  /W-F2-1  /D:1     /W-T3-1  /W-T3-1  /T6-T3-1 /D:2     
/W-T4-1  /T2-T4-4 /T2-F3-1 /T4-T2-6 /T4-F0-1 /D:3     /W-F2-1  /D:1     /W-T2-1  /T1-T2-4 
/T1-F0-1 /T3-F0-1 /D:1     /W-T1-1  /T4-T1-1 /D:2     /W-F1-1  /D:2     /W-F3-1  /D:1     
/W-T0-1  /T3-T0-4 /D:1     /R       /D:2     /W-T4-1  /D:1     /W-T4-1  /D:1     /W-F3-1  
/T0-T3-2 /T0-F3-1 /T3-T0-3 /D:2     /W-T4-1  /T5-T4-1 /T5-T1-1 /T5-F1-1 /T2-F1-1 /T0-F1-1 
/T2-F0-1 /T0-F0-1 /T2-F1-1 /T0-F1-1 /T2-F2-1 /W-F2-1  /W-T1-1  /T6-T1-1 /T3-T6-1 /T6-T4-2 
/T2-F3-1 /T2-F2-1 /T3-F1-1 /T6-F3-1 /T2-F3-1 /T0-T1-2 /T0-F2-1 /T0-F3-1 /T2-F2-1 /T1-T0-4 
/T1-F2-1 /T4-T2-3 /T4-F3-1 /T1-F3-1 /T4-F2-1 /T1-F2-1 /T2-T4-5 /T2-F3-1 /D:1     /W-F0-1  
/T0-F0-1 /T0-F1-1 /T4-F0-1 /T0-F0-1 /T4-F1-1 /T0-F1-1 /T4-F0-1 /T0-F0-1 /T4-F1-1 /T0-F1-1 
/T4-F0-1 /T0-F0-1 /T4-F1-1 
"
1050972,b#YV#WKZ#OkNA#wJnSM#pThyvr#iGDxezs#tUmCFXjdRlcEqfHLauoQBPgI,152.000000,2341.000000,56.000000,0.500000,1,"
minimal: 0 / states: 129 / duration: 0.000129s
history:
/T3-F0-1 /T3-F3-1 /D:8     /W-T5-1  /D:1     /W-T6-1  /D:1     /W-T4-1  /D:3     /W-T6-1  
/D:2     /W-T1-1  /D:1     /W-T2-1  /T3-T2-1 /T3-F3-1 /T4-T3-2 /T5-T4-2 /D:1     /W-F1-1  
/T0-F1-1 /T2-T0-3 /T2-T3-1 /T5-T2-1 /T2-T3-2 /D:4     /W-F0-1  /D:1     /W-F3-1  /W-F3-1  
/D:1     /W-T1-1  /T6-T1-3 /T6-T2-1 /T1-T6-1 /T1-F3-1 /T6-T1-2 /D:1     /R       /D:2     
/W-T3-1  /W-T3-1  /T4-T3-3 /T4-F2-1 /T1-T4-6 /T6-T1-1 /T4-T0-7 /T1-T2-2 /D:1     /W-T1-1  
/T5-T1-1 /D:1     /W-F0-1  /T6-F0-1 /T6-T5-1 /T6-T4-1 /D:2     /W-T1-1  /T4-T1-2 /D:1     
/W-T2-1  /D:1     /W-F1-1  /T3-F1-1 /D:1     /W-F0-1  /W-F0-1  /T5-F0-1 /D:2     /W-T1-1  
/T0-T1-4 /T0-F0-1 /D:1     /W-F2-1  /D:1     /W-T2-1  /T5-T2-1 /F0-T0-1 /T5-T0-1 /T5-F2-1 
/T1-F2-1 /T1-F1-1 /T3-F2-1 /T1-F2-1 /T3-F3-1 /T0-F3-1 /W-F1-1  /T1-F1-1 /T0-F0-1 /T3-F2-1 
/T1-F2-1 /T2-F1-1 /T1-F1-1 /T3-F3-1 /T0-F3-1 /T2-F0-1 /T0-F0-1 /T3-F2-1 /T1-F2-1 /T2-F1-1 
/T0-F1-1 /T3-F3-1 /T1-F3-1 /T2-F2-1 /T1-F2-1 /T3-F0-1 /T0-F0-1 /T2-F3-1 /T0-F3-1 /T3-F1-1 
/T1-F1-1 /T2-F2-1 /T3-F0-1 
"
1051026,i#cK#WBy#Ejgo#OkZGa#hRuFzs#VMeqmAC#dQLUTlSHIwJnptXrPNfxvYDb,118.500000,1704.000000,50.000000,0.553571,1,"
minimal: 0 / states: 127 / duration: 0.000133s
history:
/T4-F1-1 /D:7     /W-T4-1  /D:1     /W-T0-1  /D:4     /W-F2-1  /T3-F2-1 /T5-T3-1 /T3-T0-2 
/T3-T1-1 /T3-T4-1 /T5-T3-1 /D:1     /W-F2-1  /D:2     /W-T2-1  /D:3     /W-F3-1  /D:3     
/W-T1-1  /D:1     /W-T3-1  /T1-T3-3 /D:2     /W-F1-1  /T1-F1-1 /R       /D:1     /W-T4-1  
/T6-T4-1 /T6-F0-1 /T6-T1-1 /T6-F2-1 /T2-T1-2 /T2-F0-1 /T6-T0-1 /T4-F0-1 /T4-F1-1 /T0-F1-1 
/D:1     /W-T4-1  /D:2     /W-T3-1  /T4-T3-4 /W-T4-1  /D:2     /W-T6-1  /D:1     /W-T2-1  
/D:1     /W-T1-1  /T0-T1-4 /T4-T0-2 /T4-T0-1 /T4-F3-1 /T6-T4-2 /D:1     /W-T0-1  /T6-T0-1 
/D:2     /W-F2-1  /T1-F2-1 /T5-T1-1 /T5-T0-1 /T5-T1-1 /W-F2-1  /T0-F2-1 /T3-T2-5 /T3-F2-1 
/D:1     /W-F3-1  /T2-F3-1 /T1-F3-1 /D:1     /W-F1-1  /D:1     /W-T4-1  /T2-T4-6 /D:1     
/W-F0-1  /T4-F0-1 /T1-F0-1 /T1-F1-1 /T4-F3-1 /T4-F0-1 /T5-F1-1 /W-F3-1  /T1-F0-1 /T1-F1-1 
/T4-F3-1 /T0-F3-1 /T1-F2-1 /T4-F0-1 /T0-F0-1 /T3-F1-1 /T0-F1-1 /T4-F3-1 /T1-F3-1 /T3-F0-1 
/T0-F0-1 /T4-F2-1 /T1-F2-1 /T3-F3-1 /T0-F3-1 /T4-F1-1 /T1-F1-1 /T3-F2-1 /T4-F0-1 
"
1051111,Z#Qh#Jqw#dRWt#EgCNK#PzBcki#uXUnVmo#YFjvabrflTsexSHIGOMDpAyL,157.000000,2416.000000,56.000000,0.560000,1,"
minimal: 0 / states: 126 / duration: 0.000136s
history:
/T5-T2-1 /T3-T1-1 /T2-T5-2 /T3-T4-1 /T2-T3-1 /D:4     /W-T4-1  /T1-T4-2 /D:1     /W-F1-1  
/D:1     /W-F1-1  /D:2     /W-T4-1  /W-T4-1  /T1-T4-1 /D:7     /W-T5-1  /D:4     /W-T1-1  
/D:2     /W-T4-1  /D:1     /W-F0-1  /D:1     /W-T0-1  /T5-T0-4 /T5-F1-1 /T5-F0-1 /F1-T3-1 
/T6-T3-1 /D:1     /W-T6-1  /R       /D:1     /W-T1-1  /T4-T1-9 /T4-F3-1 /T4-F0-1 /T4-T0-1 
/D:1     /W-T0-1  /T3-T0-4 /T3-T4-1 /T6-T3-2 /T6-T2-1 /T6-F2-1 /T0-F2-1 /T0-F1-1 /T1-F2-1 
/T4-F1-1 /T0-F2-1 /T1-T4-1 /T1-F2-1 /T4-T1-2 /T5-T4-1 /D:2     /W-T4-1  /D:2     /W-F2-1  
/D:1     /W-F1-1  /D:1     /W-T4-1  /D:3     /W-T6-1  /T1-T6-3 /T1-F2-1 /D:1     /W-F3-1  
/T5-F3-1 /T6-F3-1 /T0-F3-1 /D:1     /W-F0-1  /T6-F0-1 /T0-F0-1 /T6-F1-1 /T0-F1-1 /T1-F1-1 
/T6-T1-2 /T6-T3-1 /T1-F0-1 /T0-F0-1 /T0-F1-1 /T6-F2-1 /W-F0-1  /W-F3-1  /W-F3-1  /T1-F3-1 
/T1-F2-1 /T2-F3-1 /T0-F2-1 /T1-F3-1 /T2-F0-1 /T3-F3-1 /W-F1-1  /T0-F1-1 /T1-F0-1 /T3-F0-1 
/T4-F2-1 /T0-F2-1 /T1-F3-1 /T0-F3-1 /T4-F1-1 /T1-F0-1 /T3-F1-1 /T4-F2-1 
"
1051242,u#wA#MVf#kExT#KIdyD#OGRojB#QreaJzU#XFblCNhsSgPniYHqZvpLWmtc,128.500000,2106.000000,55.000000,0.540698,1,"
minimal: 0 / states: 133 / duration: 0.000125s
history:
/T1-F0-1 /T5-F0-1 /T3-T0-1 /T5-T3-1 /D:2     /W-T0-1  /D:3     /W-F0-1  /T4-F0-1 /D:1     
/W-F3-1  /D:6     /W-F2-1  /T5-F2-1 /T5-T0-1 /T2-T5-1 /T2-T1-1 /T5-T6-2 /T5-F3-1 /W-F3-1  
/T0-T1-4 /D:2     /W-T2-1  /T3-T2-2 /T3-F0-1 /T1-T3-6 /T3-T4-7 /D:2     /W-T4-1  /D:1     
/W-T0-1  /T4-T0-9 /F0-T6-1 /T4-T6-1 /T6-T4-5 /T6-T1-1 /T4-T2-6 /D:2     /W-F2-1  /T0-F2-1 
/D:2     /W-T4-1  /D:1     /W-T3-1  /W-T3-1  /W-T4-1  /D:2     /R       /D:1     /W-T3-1  
/T6-T3-1 /T6-F1-1 /D:1     /W-F1-1  /D:1     /W-T1-1  /T4-T1-3 /D:1     /W-T1-1  /D:4     
/W-T3-1  /D:1     /W-T3-1  /W-T3-1  /D:1     /W-T1-1  /W-T1-1  /W-T3-1  /T6-T3-1 /T6-F2-1 
/T6-F3-1 /T0-F3-1 /T1-F3-1 /T3-T0-1 /T3-F2-1 /T1-F2-1 /T0-T3-2 /T0-F3-1 /T0-F2-1 /T2-T1-4 
/T2-F3-1 /T0-F3-1 /T1-T2-5 /T1-F2-1 /T0-F2-1 /T1-F3-1 /T2-T1-7 /T2-F2-1 /T3-T0-6 /T3-F3-1 
/T2-F3-1 /T0-T3-7 /T0-F2-1 /T0-F3-1 /T1-T2-9 /T1-F2-1 /D:1     /W-F1-1  /T2-F1-1 /T2-F0-1 
/T3-F1-1 /T2-F1-1 /T3-F0-1 /T2-F0-1 /T3-F1-1 /T2-F1-1 /T3-F0-1 /T2-F0-1 /T3-F1-1 /T2-F1-1 
/T3-F0-1 /T2-F0-1 /T3-F1-1 /T2-F1-1 /T3-F0-1 /T2-F0-1 /T3-F1-1 
"
1051249,g#aq#oPj#GhHy#ilCXY#pkSMZU#dzJwxfA#ItRKENbWmuQeBOTVcFvrsDLn,139.500000,3276.000000,57.000000,0.488889,1,"
minimal: 0 / states: 127 / duration: 0.000136s
history:
/T6-F0-1 /D:1     /W-T2-1  /T5-T2-1 /T3-T5-1 /T0-T3-1 /T5-T0-2 /T4-T5-1 /T4-T0-1 /D:1     
/W-T2-1  /T6-T2-1 /T6-T5-1 /T6-T0-1 /T2-T5-5 /T2-T1-1 /T2-T1-1 /T5-T2-8 /D:3     /W-T2-1  
/D:1     /W-F3-1  /D:1     /W-T4-1  /D:4     /W-T2-1  /T4-T2-2 /D:2     /W-F0-1  /D:1     
/W-F3-1  /D:2     /W-T0-1  /T3-T0-2 /D:2     /W-T0-1  /D:2     /W-T5-1  /D:4     /W-F2-1  
/T1-F2-1 /T1-F3-1 /R       /D:1     /W-T0-1  /T1-T0-1 /T1-F1-1 /T2-F1-1 /T2-F0-1 /T2-F3-1 
/D:1     /W-T4-1  /D:1     /W-T4-1  /D:1     /W-T1-1  /D:4     /W-F1-1  /D:1     /W-T4-1  
/T3-T4-1 /T5-T3-2 /T6-T5-1 /T4-T6-5 /T3-T6-3 /T6-T3-9 /T6-F1-1 /T4-T5-1 /D:2     /W-F0-1  
/T2-F0-1 /D:1     /W-T1-1  /T5-T1-3 /T5-F2-1 /T0-F2-1 /T0-F3-1 /T3-F2-1 /T3-F3-1 /T0-F0-1 
/T3-F0-1 /W-F2-1  /W-F3-1  /W-F1-1  /T2-F1-1 /T0-F1-1 /T0-F0-1 /T2-F2-1 /T2-F3-1 /T3-F1-1 
/T2-F0-1 /W-F2-1  /T0-F3-1 /T1-F1-1 /T1-F0-1 /T3-F2-1 /T0-F2-1 /T2-F1-1 /T1-F1-1 /T3-F3-1 
/T0-F3-1 /T2-F2-1 /T0-F2-1 /T3-F0-1 /T1-F0-1 /T2-F3-1 /T0-F3-1 /T3-F1-1 /T1-F1-1 /T2-F0-1 
/T3-F2-1 
"
1051253,W#ON#kcl#iGZC#fjuHw#QzdITF#PeBAhMv#XVUDstxgRqarLKJmYoSynbEp,162.000000,4137.000000,60.000000,0.518868,1,"
minimal: 0 / states: 129 / duration: 0.000133s
history:
/T1-F3-1 /T1-F3-1 /T6-T0-1 /T6-T1-1 /T6-T0-1 /T6-F0-1 /T6-F0-1 /T3-F0-1 /T2-T1-1 /T6-T5-1 
/T6-F3-1 /T3-T6-1 /T3-T0-1 /T3-T4-1 /D:4     /W-T5-1  /T2-T5-1 /T4-T2-2 /T4-T2-1 /D:3     
/W-T1-1  /T0-T1-4 /D:1     /W-T2-1  /T5-T2-4 /T5-T4-1 /D:3     /W-F1-1  /D:2     /W-T6-1  
/T2-T6-9 /D:3     /W-T0-1  /D:2     /W-T6-1  /D:1     /W-T1-1  /D:1     /W-T0-1  /D:1     
/W-F2-1  /T6-F2-1 /D:1     /W-F1-1  /T6-F1-1 /T6-F0-1 /D:1     /W-F0-1  /D:1     /W-F2-1  
/R       /D:1     /W-T0-1  /D:2     /W-T5-1  /D:1     /W-T4-1  /T6-T4-1 /T6-F0-1 /D:1     
/W-T5-1  /T1-T5-1 /T1-F0-1 /D:2     /W-F2-1  /D:1     /W-F2-1  /D:2     /W-T0-1  /D:1     
/R       /D:1     /W-T0-1  /T4-T0-4 /T5-T4-4 /T5-F1-1 /T0-F1-1 /T5-T2-1 /T5-F3-1 /T0-F2-1 
/D:1     /W-F3-1  /T4-F3-1 /T0-F3-1 /T4-F2-1 /T4-F3-1 /T0-F2-1 /T0-F3-1 /T1-T4-1 /T1-F2-1 
/T1-F3-1 /T4-T1-3 /T4-F1-1 /T6-F1-1 /T1-F1-1 /T6-F0-1 /T1-F0-1 /T6-F1-1 /T0-F0-1 /T1-F1-1 
/T6-F2-1 /T0-F3-1 /T1-F2-1 /T6-F1-1 /T0-F2-1 /T1-F1-1 /T0-F1-1 /T2-F2-1 /D:1     /W-F0-1  
/T6-F0-1 /T1-F0-1 /D:1     /W-F3-1  /T6-F3-1 
"
1051256,g#Yj#rhz#mMXI#iufyZ#KonkUl#AOtJVqe#scBbDvQTLCWRENpaFGxPdSwH,135.500000,3199.000000,55.000000,0.510638,1,"
minimal: 0 / states: 130 / duration: 0.000130s
history:
/T5-T2-1 /T5-T3-1 /T3-T1-2 /D:1     /W-T0-1  /T6-T0-1 /T6-T0-1 /D:1     /W-T0-1  /D:1     
/W-T0-1  /D:6     /W-T4-1  /T5-T4-1 /T5-F2-1 /T5-F2-1 /T1-T5-3 /T5-T1-4 /T4-T5-3 /T3-T4-1 
/T1-T3-5 /T2-T1-2 /D:5     /W-F3-1  /D:1     /W-F2-1  /D:1     /W-F1-1  /D:2     /W-T2-1  
/D:1     /W-T1-1  /D:3     /W-T2-1  /D:1     /W-T4-1  /T6-T4-1 /T6-T5-1 /T6-T3-1 /T6-F3-1 
/T6-F0-1 /T0-F0-1 /T3-T6-7 /T4-T3-4 /T4-T6-1 /T4-T3-1 /T0-T3-5 /T4-T5-1 /D:1     /W-T5-1  
/R       /D:1     /W-F1-1  /T3-F1-1 /T3-F2-1 /D:1     /W-T3-1  /D:3     /W-T5-1  /D:1     
/W-F0-1  /T3-F0-1 /D:1     /W-T1-1  /D:2     /W-F0-1  /D:1     /W-F0-1  /D:1     /W-F3-1  
/D:1     /W-F1-1  /T3-F1-1 /T6-F1-1 /T2-T6-1 /T2-F0-1 /T3-T5-1 /T3-F1-1 /T2-F1-1 /T2-F2-1 
/T5-F2-1 /T5-T3-1 /T5-F0-1 /T5-F1-1 /T6-T1-4 /T6-F1-1 /R       /D:2     /W-F3-1  /D:1     
/W-F3-1  /T1-F3-1 /T1-F2-1 /T3-F3-1 /T1-F3-1 /T1-F0-1 /T3-F2-1 /T3-F3-1 /T5-F0-1 /W-F2-1  
/T1-F3-1 /T3-F2-1 /T1-F2-1 /T3-F3-1 /T5-F1-1 /T3-F2-1 /T6-F0-1 /T1-F1-1 /T5-F0-1 /T3-F1-1 
/T6-F3-1 /T1-F2-1 /T5-F3-1 /T6-F0-1 
"
1051311,i#gb#fPe#uXCs#tnzwq#hGILja#ANKmdYr#JByDOoVSxTHEkZQvlRMWFUpc,101.000000,738.000000,49.000000,0.577922,1,"
minimal: 0 / states: 124 / duration: 0.000129s
history:
/T5-F1-1 /T1-F1-1 /T4-T2-1 /T3-T1-1 /T2-T1-2 /T2-T1-1 /T6-T2-1 /T0-T4-1 /D:2     /W-T1-1  
/D:3     /W-T3-1  /D:4     /W-T6-1  /T5-T6-1 /D:2     /W-T4-1  /W-T4-1  /D:2     /W-T5-1  
/T4-T5-4 /T6-T4-3 /T6-T2-1 /T5-T6-6 /T6-T0-7 /T3-T2-2 /T5-T4-1 /T2-T5-5 /T4-T2-5 /T4-F2-1 
/D:7     /W-T6-1  /D:1     /W-T0-1  /D:1     /W-T2-1  /T5-T2-6 /T4-T5-1 /W-T4-1  /W-T0-1  
/W-T4-1  /T6-T4-2 /T6-F3-1 /T2-F3-1 /T6-F0-1 /T1-F0-1 /T2-F0-1 /T1-F3-1 /W-T4-1  /W-F3-1  
/T0-F3-1 /W-T6-1  /T5-T4-2 /D:1     /W-T2-1  /D:1     /W-F1-1  /R       /D:1     /W-T3-1  
/D:1     /W-T6-1  /T3-T6-2 /T1-T3-4 /D:1     /W-F0-1  /D:1     /W-F2-1  /T2-F2-1 /T2-F1-1 
/T3-F2-1 /T2-F2-1 /T3-F1-1 /T3-F2-1 /T2-F1-1 /T3-F1-1 /T4-F2-1 /T3-F2-1 /T4-F1-1 /T4-F2-1 
/T0-T6-4 /T0-F2-1 /D:2     /W-F3-1  /D:1     /W-F0-1  /T6-F0-1 /T2-F0-1 /T6-F3-1 /T2-F3-1 
/T6-F0-1 /T2-F0-1 /T6-F1-1 /T2-F1-1 /W-F3-1  /T4-F3-1 /T2-F2-1 /T6-F0-1 /T0-F1-1 /T4-F0-1 
/T4-F1-1 /T6-F3-1 /T0-F0-1 /T2-F3-1 /T4-F0-1 /T6-F2-1 /T0-F1-1 /T2-F2-1 /T6-F3-1 
"
1051313,M#qk#ceO#NaFB#pngKJ#tvhdyV#WIjGsiH#woburxSRCDzmEQZUlfTLYPAX,154.000000,2675.000000,61.000000,0.547619,1,"
minimal: 0 / states: 126 / duration: 0.000131s
history:
/T6-T5-1 /T5-T4-2 /T4-T1-3 /T1-T5-4 /D:4     /W-T6-1  /D:13    /W-T0-1  /T4-T0-1 /T4-T5-1 
/T4-F2-1 /T2-T4-1 /T1-T2-1 /D:2     /W-T6-1  /D:3     /W-T2-1  /T3-T2-1 /T3-T5-1 /T3-F1-1 
/T3-F3-1 /T4-F3-1 /T2-T5-4 /T5-T2-1 /T5-F3-1 /T2-T5-2 /D:1     /W-F0-1  /T5-F0-1 /D:1     
/R       /D:2     /W-F2-1  /T4-F2-1 /D:1     /W-F1-1  /T5-F1-1 /T5-F2-1 /D:1     /W-F2-1  
/D:4     /W-F0-1  /D:1     /W-F0-1  /D:1     /W-T1-1  /D:1     /W-T2-1  /T5-T2-8 /T5-F1-1 
/T2-F1-1 /W-T2-1  /D:1     /W-F0-1  /D:1     /W-F3-1  /T2-F3-1 /T2-F0-1 /W-F3-1  /T6-F3-1 
/D:1     /W-T3-1  /D:1     /W-F3-1  /D:1     /W-F1-1  /T2-F1-1 /T5-F1-1 /D:1     /W-T3-1  
/D:1     /W-T1-1  /W-T1-1  /D:1     /W-T3-1  /W-T3-1  /T6-T3-2 /T6-F2-1 /T6-F0-1 /T2-F0-1 
/T6-T0-1 /T6-F0-1 /T5-T0-1 /T5-F2-1 /T3-F2-1 /T0-F2-1 /T2-F3-1 /T3-F1-1 /T0-F1-1 /T2-F0-1 
/T3-F2-1 /T2-F1-1 /T6-F3-1 /T0-F0-1 /T1-F2-1 /T0-F1-1 /T3-F3-1 /T1-F3-1 /T2-F2-1 /T1-F2-1 
/T3-F0-1 /T0-F0-1 /T2-F1-1 /T3-F3-1 
"
1051393,I#yY#eka#cBDz#SqtvR#rgNUXm#iQCZJTo#LWAnpKMFVHwOhGbljdufxPEs,147.000000,4005.000000,48.000000,0.561111,1,"
minimal: 0 / states: 125 / duration: 0.000128s
history:
/T2-F1-1 /T1-T3-1 /T2-T1-1 /T1-T5-2 /T5-T1-3 /D:3     /W-F0-1  /D:1     /W-F2-1  /T6-F2-1 
/D:1     /W-F2-1  /D:1     /W-T3-1  /W-T3-1  /T0-T3-1 /T3-T0-5 /T3-T2-1 /T3-F0-1 /T3-T2-1 
/D:1     /W-T3-1  /D:1     /W-T6-1  /T4-T6-1 /D:3     /W-T1-1  /D:2     /W-T0-1  /D:1     
/W-T0-1  /D:1     /W-F1-1  /T2-F1-1 /D:1     /W-T3-1  /D:2     /W-F1-1  /T2-T6-1 /T2-F1-1 
/D:2     /W-F1-1  /D:1     /W-T3-1  /D:1     /W-T6-1  /D:2     /R       /D:2     /W-T1-1  
/D:1     /W-T1-1  /T6-T1-5 /T6-T5-1 /T6-T2-1 /T6-F0-1 /W-T2-1  /T5-T2-2 /T5-T4-1 /T5-F3-1 
/T5-F1-1 /T6-T5-1 /T0-T4-1 /T0-F1-1 /T6-F1-1 /D:1     /W-F3-1  /T1-F3-1 /T1-F0-1 /T5-F3-1 
/T1-F3-1 /D:1     /W-T3-1  /T4-T3-3 /D:2     /W-F0-1  /T1-F0-1 /T3-F0-1 /T4-T3-1 /T4-F2-1 
/T5-F2-1 /T4-F3-1 /T1-F3-1 /T1-F0-1 /T0-F0-1 /T2-F0-1 /T3-T0-3 /T3-F1-1 /T0-T3-4 /T0-F0-1 
/T1-T2-2 /T1-F1-1 /T2-T1-3 /T2-F0-1 /T3-T0-5 /T3-F1-1 /T3-F0-1 /T1-T2-4 /T1-F1-1 /W-T2-1  
/D:1     /W-F2-1  /T0-F2-1 /T0-F3-1 /T2-F2-1 /T0-F2-1 /T2-F3-1 /T0-F3-1 /T2-F2-1 /T0-F2-1 
/T2-F3-1 /T0-F3-1 /T2-F2-1 /T0-F2-1 /T2-F3-1 
"
1051478,J#aS#kVO#eKbh#PvWzI#ECBdLr#gpDwXjT#tiyZlfFuMsoAnqmQxGHNYcUR,130.000000,1594.000000,47.000000,0.603448,1,"
minimal: 0 / states: 121 / duration: 0.000122s
history:
/T5-T1-1 /T3-T4-1 /D:1     /W-T4-1  /T1-T4-2 /T1-F1-1 /T3-F1-1 /D:1     /W-T0-1  /D:2     
/W-T1-1  /T5-T1-1 /T5-T4-1 /D:3     /W-T6-1  /D:1     /W-T0-1  /T6-T0-2 /T6-T3-1 /T4-T3-6 
/T6-T1-1 /T6-T1-1 /D:4     /W-F0-1  /T5-F0-1 /T5-F0-1 /T6-F0-1 /T2-T6-1 /T2-T1-1 /T6-T3-2 
/T0-T2-5 /T4-T0-1 /T5-F0-1 /T2-F0-1 /D:1     /W-F2-1  /W-F2-1  /W-T2-1  /W-T5-1  /D:5     
/W-F0-1  /D:1     /W-F0-1  /D:1     /W-F3-1  /T3-F3-1 /T3-F2-1 /D:1     /W-T0-1  /T3-T0-8 
/T3-T2-1 /D:1     /W-F1-1  /T0-F1-1 /T2-F1-1 /D:2     /W-T2-1  /R       /D:2     /W-T5-1  
/D:1     /W-F1-1  /T6-F1-1 /D:1     /W-F2-1  /T0-F2-1 /D:1     /W-T3-1  /W-T3-1  /T2-T3-7 
/D:2     /W-T5-1  /T4-T5-1 /T4-T5-1 /T4-F3-1 /W-F3-1  /T3-F3-1 /T0-F3-1 /T3-F2-1 /T0-F2-1 
/T0-F1-1 /T3-F3-1 /T3-F2-1 /T3-F1-1 /T0-F0-1 /T0-F1-1 /T3-F0-1 /T0-F0-1 /T3-F1-1 /T5-F2-1 
/T1-T3-3 /T1-F0-1 /T5-T0-2 /T5-F1-1 /T5-F0-1 /T3-T1-4 /T3-F1-1 /D:1     /W-F3-1  /T1-F3-1 
/T0-F3-1 /T1-F2-1 /T0-F2-1 /T1-F3-1 /T0-F3-1 /T1-F2-1 /T0-F2-1 /T1-F3-1 
"
1051503,M#Du#qKG#wJAE#CkaoQ#piOdLT#vZBPcFY#fHrtzSbegXnImRxhsVjyWNUl,106.000000,1080.000000,34.000000,0.774648,1,"
minimal: 0 / states: 122 / duration: 0.000119s
history:
/T6-T0-1 /T5-T1-1 /T6-T1-1 /T4-T3-1 /T4-T6-1 /T4-F1-1 /T4-T5-1 /T4-T3-1 /D:1     /W-T2-1  
/T3-T2-3 /T3-F0-1 /T3-T5-1 /D:4     /W-T4-1  /D:2     /W-F1-1  /D:1     /W-T1-1  /D:3     
/W-F2-1  /T6-F2-1 /T6-F1-1 /D:4     /W-T0-1  /D:3     /W-T3-1  /T1-T3-4 /T6-T1-1 /T6-F0-1 
/T5-T6-3 /T5-F1-1 /T5-T2-1 /T5-T6-1 /T1-T3-2 /T6-T1-5 /T5-F2-1 /D:1     /W-T0-1  /T6-T0-1 
/D:3     /W-F3-1  /T2-F3-1 /T2-F0-1 /T3-F3-1 /T2-F3-1 /T3-F0-1 /T2-F0-1 /T3-F1-1 /T2-F1-1 
/T3-F0-1 /T2-F0-1 /W-T2-1  /D:1     /W-T0-1  /D:1     /W-T4-1  /T2-T4-2 /T2-F2-1 /R       
/D:1     /W-F0-1  /D:1     /W-F2-1  /D:1     /W-T0-1  /D:1     /W-T0-1  /D:1     /W-F1-1  
/D:2     /W-F0-1  /D:1     /W-T2-1  /D:1     /W-F3-1  /T0-F3-1 /T3-F3-1 /D:1     /W-F1-1  
/T1-F1-1 /T1-F0-1 /T0-T4-3 /T0-F1-1 /T1-F1-1 /T4-T0-4 /T4-F0-1 /T1-F0-1 /T4-F1-1 /T2-F1-1 
/T0-T4-6 /T0-F0-1 /D:1     /W-F2-1  /T4-F2-1 /T3-F2-1 /T4-F3-1 /T3-F3-1 /T4-F2-1 /T3-F2-1 
/T4-F3-1 /T4-F2-1 /W-F3-1  /T4-F3-1 /T1-F3-1 /D:1     /W-F2-1  /T4-F2-1 
"
1051520,z#Wx#KSg#yjIT#UYGLf#hVPbBs#vHFmClO#eQDuwpMZirntJaqNXokAdREc,105.500000,1410.000000,43.000000,0.709302,1,"
minimal: 0 / states: 114 / duration: 0.000120s
history:
/T5-T2-1 /D:1     /W-T2-1  /D:2     /W-T2-1  /D:7     /W-T4-1  /D:1     /W-F2-1  /D:3     
/W-F1-1  /D:2     /W-F3-1  /T6-F3-1 /T6-T0-1 /T1-T0-1 /T1-T0-1 /D:2     /W-F2-1  /D:2     
/W-F0-1  /T5-F0-1 /T5-F1-1 /T5-F3-1 /T6-F0-1 /T6-T1-1 /T6-T3-1 /T3-T6-2 /T3-T0-1 /T6-T5-3 
/T2-F0-1 /T6-T3-1 /D:1     /W-T4-1  /D:1     /W-T5-1  /D:1     /W-F0-1  /D:1     /W-F1-1  
/T4-F1-1 /T2-F1-1 /T5-T2-1 /T5-F0-1 /R       /D:1     /W-F3-1  /T2-F3-1 /D:3     /W-F2-1  
/D:1     /W-T6-1  /D:5     /W-F2-1  /T4-F2-1 /T2-F2-1 /T4-F1-1 /T2-F1-1 /T2-F3-1 /T5-F3-1 
/T4-T1-1 /T4-F0-1 /T5-F0-1 /T3-T2-2 /T4-T6-1 /T0-F0-1 /T4-F3-1 /T5-F3-1 /T0-F3-1 /T5-F1-1 
/W-F0-1  /W-F2-1  /W-F1-1  /T2-T0-2 /T2-F0-1 /T1-F0-1 /W-T2-1  /T3-T1-1 /D:1     /W-F3-1  
/T6-F3-1 /T2-F3-1 /T6-F0-1 /D:1     /W-T1-1  /W-T1-1  /W-F2-1  /T0-F2-1 /T0-F1-1 /T1-F2-1 
/T0-F2-1 /T1-F1-1 /T0-F1-1 /T1-F2-1 /T0-F2-1 /T1-F1-1 
"
1051558,A#pZ#shU#mkdW#jNnQS#uzJvCG#xqceOFg#rtYaoIHRlwBDLiPKfbMXEVyT,107.500000,2349.000000,45.000000,0.666667,1,"
minimal: 0 / states: 116 / duration: 0.000121s
history:
/T0-F0-1 /T5-T2-1 /T4-T2-1 /T5-T4-1 /T5-T3-1 /T2-T3-3 /T1-T0-1 /D:1     /W-T3-1  /T4-T3-2 
/T4-F2-1 /T4-F3-1 /D:1     /W-T2-1  /D:2     /W-F1-1  /D:1     /W-F2-1  /T1-F2-1 /D:1     
/W-T4-1  /T2-T4-2 /T2-T6-1 /D:2     /W-T6-1  /D:3     /W-F0-1  /T3-F0-1 /D:1     /W-F0-1  
/D:1     /W-T0-1  /D:1     /W-T5-1  /D:3     /W-T4-1  /D:1     /W-F1-1  /D:1     /W-T1-1  
/D:1     /W-T0-1  /T5-T0-2 /T5-T2-1 /T6-T5-3 /T5-T0-4 /D:1     /W-F0-1  /T6-F0-1 /T6-F3-1 
/D:3     /R       /D:1     /W-T1-1  /D:2     /W-T2-1  /D:2     /W-F3-1  /T3-F3-1 /T0-F3-1 
/T6-T0-1 /T6-F1-1 /T6-F2-1 /T3-T6-6 /T3-F1-1 /T0-F1-1 /T6-F2-1 /T0-F2-1 /T4-F1-1 /T0-F1-1 
/T6-F3-1 /T4-F2-1 /T6-F0-1 /T4-F1-1 /T0-F2-1 /T0-F1-1 /T6-T4-1 /T6-F2-1 /W-F2-1  /W-F0-1  
/T4-T6-2 /T4-F1-1 /T3-F1-1 /T2-F1-1 /T3-F1-1 /T6-T1-4 /D:2     /W-T0-1  /D:2     /W-F3-1  
/T1-F3-1 /T0-F3-1 /T1-F0-1 /T0-F0-1 /T1-F3-1 /T0-F3-1 /T1-F2-1 /W-F2-1  /W-F0-1  /T0-F0-1 
/T1-F3-1 /T0-F3-1 /T1-F0-1 /T2-F2-1 
"
1051631,S#yY#HlX#hcdt#ZQBEJ#OuGnVU#iAmoNDq#IePkRjKafvCbWTspwgrLxMFz,113.500000,2777.000000,58.000000,0.535294,1,"
minimal: 0 / states: 128 / duration: 0.000140s
history:
/T4-T2-1  /T3-T5-1  /T4-T0-1  /T3-T0-1  /T4-T3-1  /T3-T6-2  /T0-T5-3  /D:7      /W-T1-1   /W-T1-1   
/D:1      /W-F1-1   /D:2      /W-T1-1   /T5-T1-5  /T5-T2-1  /T5-F2-1  /T5-T3-1  /T5-T2-1  /W-T3-1   
/D:1      /W-T1-1   /T5-T1-1  /D:1      /W-F1-1   /D:2      /W-T2-1   /D:1      /W-T2-1   /D:1      
/W-T4-1   /D:3      /W-T3-1   /T4-T3-2  /D:1      /W-T4-1   /T2-T4-6  /D:1      /W-T2-1   /D:1      
/W-T0-1   /T1-T0-11 /D:2      /W-T5-1   /T2-T5-2  /R        /D:2      /W-T4-1   /T6-T4-3  /D:1      
/W-T6-1   /T4-T6-1  /T4-F1-1  /D:1      /W-T1-1   /D:2      /W-T5-1   /D:1      /W-T1-1   /D:1      
/W-T2-1   /D:1      /W-T2-1   /W-T2-1   /T6-T2-3  /T6-F3-1  /T0-F3-1  /T6-F2-1  /T3-F2-1  /T1-T6-3  
/T6-T1-4  /T6-F0-1  /T2-F0-1  /T0-F0-1  /T0-F1-1  /T2-F3-1  /T2-F0-1  /T3-F3-1  /T0-F0-1  /T4-F2-1  
/T2-F3-1  /T3-F2-1  /T0-F3-1  /T4-F1-1  /T2-F0-1  /T3-F1-1  /T3-F0-1  /T4-F2-1  /T0-F2-1  /T2-F1-1  
/T3-F1-1  /T4-F3-1  /T0-F3-1  /T2-F0-1  /T4-F2-1  /T0-F2-1  /T4-F3-1  /T6-F1-1  /T1-F2-1  /W-F0-1   
/T0-F1-1  /T4-F0-1  /T1-F1-1  /T5-F3-1  /T0-F0-1  /T4-F3-1  /T4-F0-1  /T5-F2-1  /T0-F3-1  /T1-F2-1  
/T4-F3-1  /T5-F1-1  /T0-F0-1  /T1-F1-1  /T5-F2-1  
"
1051639,B#Ko#RJA#siFP#LmMNp#jxhVfg#cteQwXa#lSuqZvkCTzOdUYbDrEWyIGHn,141.500000,1739.000000,42.000000,0.752427,1,"
minimal: 0 / states: 114 / duration: 0.000135s
history:
/T2-F0-1  /T0-F0-1  /T6-F1-1  /T1-T3-1  /T2-T6-1  /D:4      /W-T2-1   /T3-T2-2  /T3-T5-1  /T3-T6-1  
/W-T6-1   /T5-T6-2  /T2-T3-4  /D:1      /W-T0-1   /D:3      /W-F0-1   /D:2      /W-T2-1   /D:1      
/W-T4-1   /D:3      /W-T2-1   /T1-T2-1  /D:1      /W-F1-1   /D:1      /W-F0-1   /D:1      /W-T5-1   
/D:1      /W-F0-1   /T6-F0-1  /T3-T6-5  /D:1      /W-T2-1   /D:1      /W-T0-1   /T6-T0-10 /D:1      
/W-T2-1   /W-T2-1   /W-T5-1   /T4-T5-2  /T4-F3-1  /T5-F3-1  /T4-T1-1  /T4-T3-1  /T4-T3-1  /D:1      
/W-T2-1   /T5-T2-4  /T5-T6-1  /D:1      /W-T6-1   /W-T6-1   /W-T3-1   /T6-T3-4  /D:1      /W-F2-1   
/T0-F2-1  /T0-F3-1  /T2-F2-1  /T6-F3-1  /F0-T3-1  /T6-T3-1  /T6-T5-1  /T6-F1-1  /T0-F2-1  /T0-F3-1  
/T2-F1-1  /T2-F2-1  /T3-F1-1  /T0-F2-1  /T2-F1-1  /T3-F0-1  /T0-F1-1  /T2-F0-1  /T5-T2-1  /T5-F1-1  
/T2-F2-1  /T0-F2-1  /T0-F1-1  /W-F2-1   /W-F3-1   /T3-F3-1  /T2-F3-1  /T3-F0-1  /T2-F0-1  /T3-F3-1  
/T0-F0-1  /T2-F3-1  /T3-F2-1  /T0-F3-1  /T5-F2-1  /T5-F1-1  /T2-F0-1  /T2-F3-1  /T3-F1-1  /T0-F2-1  
/T3-F0-1  /T0-F3-1  /W-F1-1   /T1-F0-1  /T2-F2-1  /T3-F1-1  
"
1051641,X#ge#BCZ#quak#cMUvA#oHVtnj#iQEOYdx#ybTILsRSmJlFzrKwfGpWPNhD,97.500000,1378.000000,30.000000,0.783019,1,"
minimal: 0 / states: 112 / duration: 0.000121s
history:
/T4-F0-1 /T5-T6-1 /T5-F2-1 /T4-T6-1 /T5-T4-1 /T4-T6-2 /D:1     /W-T2-1  /T3-T2-1 /T3-F1-1 
/T3-T5-1 /T3-T1-1 /T2-T3-3 /D:1     /W-F1-1  /D:1     /W-T5-1  /D:3     /W-T5-1  /T1-T5-2 
/D:2     /W-T6-1  /D:2     /W-T0-1  /T5-T0-6 /T1-T5-1 /T4-T1-1 /T4-F1-1 /W-T4-1  /D:1     
/W-T1-1  /T6-T1-6 /T6-F1-1 /D:1     /W-T5-1  /W-T5-1  /T0-T5-1 /T0-F1-1 /W-T4-1  /T0-T4-6 
/D:1     /W-T0-1  /T6-T0-1 /T6-T2-1 /T6-T1-1 /T2-T6-2 /T2-F0-1 /T6-T1-3 /T5-T6-5 /T5-F2-1 
/D:2     /W-T0-1  /D:1     /W-T3-1  /T6-T3-6 /D:1     /W-F1-1  /D:2     /W-F2-1  /T3-F2-1 
/D:1     /W-T0-1  /D:2     /W-F3-1  /T1-F3-1 /T1-F0-1 /W-F3-1  /T1-F3-1 /T3-F3-1 /D:2     
/W-F0-1  /T1-F0-1 /T3-F0-1 /T1-F3-1 /T3-F1-1 /W-F1-1  /W-F0-1  /W-F2-1  /T4-F2-1 /T1-F2-1 
/T4-F3-1 /T1-F3-1 /T3-F0-1 /T4-F2-1 /T1-F2-1 /T3-F1-1 /T4-F3-1 /T3-F2-1 /W-F0-1  /T0-F3-1 
/T1-F1-1 /T1-F2-1 /T4-F0-1 /T0-F0-1 /T3-F1-1 /T1-F1-1 /T4-F3-1 /T0-F3-1 /T3-F2-1 /T0-F2-1 
/T4-F0-1 /T1-F0-1 /T3-F3-1 /T4-F1-1 
"
1051645,a#qx#MBs#VdIL#luPfw#CFYJZW#SrcboHA#DeNjtUmvRKTkEyhgzQXnpiOG,118.000000,1024.000000,51.000000,0.564706,1,"
minimal: 0 / states: 126 / duration: 0.000134s
history:
/T0-F1-1 /T6-F0-1 /T5-T1-1 /T5-T0-1 /T3-T0-1 /T3-T1-1 /D:2     /W-T2-1  /W-T2-1  /D:1     
/W-F3-1  /D:3     /W-T1-1  /W-T1-1  /D:5     /W-T6-1  /T2-T6-3 /T2-F0-1 /D:1     /W-T0-1  
/T4-T0-1 /T4-T1-1 /T4-T6-1 /D:1     /W-T1-1  /T3-T1-1 /T6-T3-6 /T6-T3-1 /T6-F1-1 /T6-F1-1 
/T1-F1-1 /T3-T0-8 /D:3     /W-T4-1  /D:1     /W-T3-1  /D:1     /W-T1-1  /D:2     /W-F2-1  
/T0-F2-1 /D:1     /W-F2-1  /D:1     /W-T5-1  /T4-T5-2 /T1-T4-8 /T1-F2-1 /T6-F2-1 /T4-T2-9 
/D:1     /W-F3-1  /T0-F3-1 /T2-F3-1 /D:1     /R       /D:2     /W-T1-1  /D:2     /W-F3-1  
/T6-F3-1 /T0-T5-3 /T0-F3-1 /D:2     /W-T1-1  /D:2     /W-T1-1  /T5-T1-7 /T5-T3-1 /F3-T0-1 
/T5-T0-1 /T5-F0-1 /T1-F0-1 /T1-F1-1 /T1-F2-1 /T2-F0-1 /T0-F0-1 /T0-F3-1 /T2-F1-1 /T1-F1-1 
/T2-F2-1 /T1-F2-1 /T2-F3-1 /W-F1-1  /T1-F1-1 /W-T3-1  /W-F2-1  /W-F1-1  /T0-T1-2 /T0-F2-1 
/T0-F1-1 /T2-T3-2 /T2-F2-1 /T2-F1-1 /T1-T0-4 /T1-F2-1 /T1-F1-1 /T3-T2-4 /T3-F2-1 /D:1     
/W-F0-1  /T0-F0-1 /T0-F3-1 /T2-F0-1 /T0-F0-1 /T2-F3-1 /T0-F3-1 /T2-F0-1 /T0-F0-1 /T2-F3-1 
/T0-F3-1 /T2-F0-1 
"
1051660,l#sp#JRQ#eTDw#tuYkc#hqBXdr#SZFUIPA#LEyfHmOnMoNVxaKibjGCvWzg,143.000000,2486.000000,61.000000,0.510638,1,"
minimal: 0 / states: 137 / duration: 0.000146s
history:
/T6-F0-1 /T2-T5-1 /T1-T5-1 /T2-T1-1 /D:7     /W-T5-1  /D:1     /W-F2-1  /D:2     /W-F2-1  
/D:1     /W-F3-1  /T5-F3-1 /T6-F3-1 /T5-F2-1 /T5-F3-1 /T1-F3-1 /D:1     /W-T2-1  /D:1     
/W-T0-1  /D:1     /W-F1-1  /D:2     /W-T3-1  /D:1     /W-F1-1  /T4-F1-1 /T3-T4-2 /F3-T1-1 
/T3-T1-1 /T1-T3-3 /D:1     /W-T0-1  /T6-T0-1 /T6-T0-1 /D:1     /W-T0-1  /D:4     /W-T1-1  
/T0-T1-6 /D:1     /R       /D:4     /W-T1-1  /T5-T1-1 /T5-F1-1 /T2-T5-2 /D:1     /W-T4-1  
/T3-T4-4 /T3-F1-1 /D:1     /W-T0-1  /W-T0-1  /T4-T0-8 /D:1     /W-T2-1  /T4-T2-1 /T4-T5-1 
/D:1     /W-T2-1  /D:3     /W-T2-1  /W-T2-1  /D:1     /W-T5-1  /T6-T5-1 /T6-T3-1 /T1-T6-1 
/T1-F1-1 /T6-T1-2 /R       /D:1     /W-T3-1  /T5-T3-6 /T5-F0-1 /T5-F2-1 /T1-F2-1 /T0-T3-2 
/T0-F2-1 /T4-F2-1 /T3-T0-3 /T3-F1-1 /T3-F2-1 /T2-F2-1 /T5-F1-1 /T0-T3-5 /T0-F1-1 /T0-F2-1 
/T1-T2-4 /T1-F1-1 /T0-F1-1 /T1-F2-1 /T0-F2-1 /T1-F1-1 /T0-F1-1 /T1-F2-1 /D:1     /W-T2-1  
/D:1     /W-F0-1  /T3-F0-1 /T2-F0-1 /T3-F3-1 /T2-F3-1 /T3-F0-1 /T2-F0-1 /T3-F3-1 /T2-F3-1 
/T3-F0-1 /T2-F0-1 /T3-F3-1 /T2-F3-1 /T3-F0-1 /T2-F0-1 /T3-F3-1 /T2-F3-1 /T3-F0-1 /T2-F0-1 
/T3-F3-1 
"
1051697,m#xF#qjM#SWOd#JioGb#fHnVrK#zIUsPLA#BeyvCTXNkuQhDYcRlwZpatEg,146.500000,1697.000000,46.000000,0.639175,1,"
minimal: 0 / states: 125 / duration: 0.000130s
history:
/T6-F0-1 /T6-T0-1 /D:1     /W-F0-1  /D:1     /W-T1-1  /D:3     /W-T3-1  /T4-T3-1 /D:2     
/W-T0-1  /D:1     /W-F3-1  /D:5     /W-T1-1  /T6-T1-1 /D:1     /W-T2-1  /T5-T2-1 /T3-T5-3 
/T3-F3-1 /T3-T2-1 /T5-T3-4 /T3-T4-5 /T2-T3-4 /T1-F3-1 /D:1     /W-T1-1  /D:1     /W-T6-1  
/D:2     /W-T0-1  /T5-T0-1 /T5-F2-1 /T5-T0-1 /D:3     /W-F1-1  /T4-F1-1 /T4-F0-1 /T1-F1-1 
/T1-F0-1 /T4-F1-1 /T1-F1-1 /T5-F1-1 /D:2     /W-F0-1  /T1-F0-1 /T2-T1-1 /T2-T6-1 /D:1     
/W-T0-1  /T6-T0-3 /T4-T6-3 /T4-F2-1 /R       /D:2     /W-T1-1  /T6-T1-4 /T6-T3-1 /D:3     
/W-T4-1  /D:1     /W-F3-1  /D:1     /W-T3-1  /D:1     /W-T6-1  /T1-T6-7 /D:1     /W-T1-1  
/D:1     /W-F2-1  /T0-F2-1 /T0-F3-1 /T6-F2-1 /T0-F2-1 /T0-F1-1 /T6-F3-1 /T6-F0-1 /T0-F0-1 
/T3-F1-1 /T4-T0-1 /T4-F1-1 /T3-F0-1 /T4-F0-1 /T6-T3-2 /T6-F1-1 /W-F1-1  /W-F3-1  /T3-F3-1 
/T3-T6-2 /T3-F0-1 /T6-T3-3 /T6-F1-1 /T0-T1-5 /T0-F1-1 /D:1     /W-F2-1  /T1-F2-1 /T1-F3-1 
/T3-F2-1 /T1-F2-1 /T3-F3-1 /T1-F3-1 /T1-F0-1 /T3-F2-1 /T3-F3-1 /T3-F0-1 /W-F2-1  /T1-F3-1 
/T6-F2-1 
"
1051727,m#tO#hdV#PASy#fQkMa#KHBrjY#eCgUuzq#woTsXlZEDWNFxipnvRcGbIJL,136.500000,1818.000000,70.000000,0.466981,1,"
minimal: 0 / states: 138 / duration: 0.000149s
history:
/T4-F1-1 /T5-T4-1 /T3-T0-1 /D:5     /W-T0-1  /D:3     /W-T3-1  /D:3     /W-F3-1  /T1-F3-1 
/T3-T1-2 /T3-F0-1 /T3-T6-1 /T4-T3-2 /T6-F3-1 /D:2     /W-T3-1  /T5-T3-1 /D:3     /W-F2-1  
/D:1     /W-T3-1  /D:2     /W-T6-1  /D:2     /W-F1-1  /T6-F1-1 /D:2     /W-T0-1  /T2-T0-1 
/T2-F1-1 /T1-T2-3 /T2-T3-4 /D:1     /R       /D:1     /W-T4-1  /D:1     /W-F2-1  /D:4     
/W-T1-1  /D:4     /W-T4-1  /D:1     /W-F2-1  /T6-F2-1 /T5-F2-1 /T5-F0-1 /T6-T2-1 /T6-T0-1 
/T5-T4-1 /D:2     /W-T6-1  /D:2     /W-T1-1  /T4-T1-4 /T4-F3-1 /T4-T6-1 /R       /D:1     
/W-T0-1  /D:1     /W-F2-1  /D:1     /W-T2-1  /T5-T2-1 /D:2     /W-T2-1  /D:1     /W-T0-1  
/D:1     /W-F3-1  /T3-T6-1 /T3-F3-1 /T3-F2-1 /T0-T1-2 /T0-F2-1 /D:1     /W-T2-1  /T6-T2-4 
/F2-T0-1 /T6-T0-1 /T6-F0-1 /W-F0-1  /T2-F0-1 /T6-F1-1 /T1-F0-1 /T1-F3-1 /T2-F1-1 /T0-F1-1 
/T0-F2-1 /T2-F0-1 /T1-F0-1 /T2-F3-1 /T0-F3-1 /T3-F1-1 /T1-F1-1 /T2-F0-1 /T0-F0-1 /T3-F2-1 
/T1-F2-1 /T2-F3-1 /T0-F3-1 /T3-F1-1 /T1-F1-1 /T2-F0-1 /T1-F0-1 /T3-F2-1 /T0-F2-1 /T2-F1-1 
/T0-F1-1 /T3-F3-1 /T1-F3-1 /T2-F2-1 /T3-F0-1 
"
1051738,S#Mv#iIx#nAaV#ZUQfe#zXPbsj#YDhCyBg#mKuwLqHGdENkrTRWtolJcFpO,95.500000,2495.000000,47.000000,0.695402,1,"
minimal: 0 / states: 135 / duration: 0.000132s
history:
/T5-T2-1 /T4-T5-1 /T5-T6-2 /T1-T2-1 /D:3     /W-T3-1  /T6-T3-3 /D:3     /W-T3-1  /D:4     
/W-T0-1  /W-T0-1  /D:1     /W-F3-1  /D:2     /W-T4-1  /D:6     /W-T1-1  /T2-T1-3 /D:2     
/W-T3-1  /T6-T3-1 /D:2     /W-T0-1  /T5-T0-1 /D:1     /W-F3-1  /T5-F3-1 /T5-T6-1 /R       
/D:3     /W-T6-1  /T3-T6-8 /T3-F1-1 /T0-F1-1 /T3-F0-1 /T3-F2-1 /T6-F0-1 /T6-F1-1 /D:9     
/W-F2-1  /T0-F2-1 /T6-F2-1 /T0-F1-1 /T4-F2-1 /T6-F1-1 /T4-F1-1 /T4-F3-1 /T4-T1-1 /T6-T4-7 
/T6-F0-1 /T6-T2-1 /T6-F0-1 /T0-F0-1 /T4-F2-1 /T4-F1-1 /T2-F1-1 /W-F2-1  /T4-F2-1 /T1-T2-1 
/T1-F2-1 /T2-T1-2 /T2-F1-1 /T6-T5-1 /D:2     /W-F0-1  /R       /D:1     /W-T2-1  /D:1     
/W-T5-1  /D:1     /W-T2-1  /D:1     /W-T4-1  /D:1     /W-F0-1  /T4-F0-1 /D:1     /W-T2-1  
/D:2     /W-F3-1  /T0-F3-1 /W-F3-1  /T1-F3-1 /T1-F0-1 /T1-F1-1 /T4-F3-1 /T4-F2-1 /T1-F2-1 
/T2-F1-1 /T1-F1-1 /T4-T2-1 /T4-F2-1 /T2-T4-2 /T2-F1-1 /T5-T1-2 /T5-F2-1 /D:1     /W-F3-1  
/T4-F3-1 /D:1     /W-F0-1  /T1-F0-1 /T1-F3-1 /T4-F0-1 /T1-F0-1 /T4-F3-1 
"
1051863,W#Di#ZcN#dfMa#VTmeY#UKjhpF#AzHGwOo#RExgJrCQqBkLtXlbSunPyvIs,134.500000,1564.000000,46.000000,0.619565,1,"
minimal: 0 / states: 123 / duration: 0.000137s
history:
/T2-F3-1 /T3-F1-1 /T6-T2-1 /T6-F3-1 /T4-T3-1 /T4-T5-1 /T1-T6-1 /T2-T1-2 /T1-T5-3 /T3-T1-2 
/D:2     /W-T3-1  /D:1     /W-T1-1  /T0-T1-1 /T4-T0-1 /T5-T4-5 /D:5     /W-T3-1  /T5-T3-1 
/D:4     /W-T0-1  /W-T0-1  /T6-T0-2 /T6-T5-1 /T6-T0-1 /T3-T5-4 /T4-T0-6 /D:3     /W-T6-1  
/D:1     /W-F1-1  /D:2     /W-T4-1  /D:1     /W-F2-1  /T0-F2-1 /T5-F2-1 /T0-F1-1 /T3-F1-1 
/T6-T3-2 /T6-F0-1 /D:1     /W-F3-1  /T5-F3-1 /D:1     /W-T2-1  /D:1     /W-T1-1  /T5-T1-4 
/D:1     /W-T5-1  /D:1     /R       /D:1     /W-F3-1  /D:1     /W-T4-1  /D:4     /W-F2-1  
/D:1     /W-F0-1  /W-F0-1  /T0-F0-1 /T0-F1-1 /T1-F0-1 /T0-F0-1 /W-F2-1  /T1-F1-1 /T1-F0-1 
/T4-F1-1 /T1-F1-1 /T0-T4-1 /T0-F0-1 /T0-F1-1 /T5-F0-1 /T5-F1-1 /T5-T3-1 /W-F0-1  /T3-F0-1 
/T0-T2-2 /T0-F0-1 /T4-T2-3 /T5-T1-1 /D:1     /W-T1-1  /D:2     /W-F3-1  /T2-F3-1 /D:1     
/W-F2-1  /T1-F2-1 /T1-F3-1 /T2-F2-1 /T1-F2-1 /T2-F3-1 /T1-F3-1 /T2-F2-1 /T1-F2-1 /T2-F1-1 
/T3-F1-1 /W-F3-1  /T1-F3-1 /T1-F0-1 /T2-F2-1 /T0-F1-1 /T2-F3-1 /T3-F2-1 
"
1051914,x#hW#DtU#TzwH#feGmO#bYAXsP#oKanCkN#QrIuvSJVBZERljpiFqcLMygd,114.500000,1969.000000,60.000000,0.511364,1,"
minimal: 0 / states: 126 / duration: 0.000146s
history:
/T6-F3-1 /T4-F3-1 /T5-F3-1 /T1-T0-1 /D:1     /W-F3-1  /D:2     /W-T0-1  /T2-T0-1 /T2-T0-1 
/D:3     /W-T0-1  /D:1     /W-T6-1  /D:1     /W-T6-1  /T3-T6-1 /D:3     /W-T0-1  /D:1     
/W-F3-1  /D:4     /W-T3-1  /D:3     /W-T2-1  /D:1     /W-T4-1  /T6-T4-4 /D:3     /W-T4-1  
/T5-T4-1 /T3-T5-2 /D:1     /W-T0-1  /T6-T0-1 /T6-F2-1 /T6-F1-1 /R       /D:2     /W-T5-1  
/D:2     /W-T2-1  /D:2     /W-T3-1  /T6-T3-1 /T6-F2-1 /T4-T6-8 /T4-T1-1 /T4-T6-1 /T2-T6-3 
/T3-T2-3 /T0-T4-3 /T0-F3-1 /T3-F3-1 /W-T3-1  /T4-T0-4 /D:1     /W-T2-1  /W-T2-1  /T1-T2-2 
/D:1     /W-F2-1  /D:2     /W-F2-1  /D:1     /W-T1-1  /D:1     /W-T3-1  /T5-T3-4 /T5-F0-1 
/T6-F0-1 /T5-T1-1 /T5-F1-1 /T0-F0-1 /T6-F1-1 /T0-F1-1 /T6-F0-1 /T0-F0-1 /T6-F1-1 /W-F0-1  
/W-F2-1  /T0-F1-1 /T2-F0-1 /T6-F2-1 /T0-F2-1 /T0-F3-1 /T6-F1-1 /T2-F1-1 /T3-F2-1 /T2-F2-1 
/T6-F0-1 /T0-F0-1 /T3-F1-1 /T2-F1-1 /T6-F3-1 /T0-F3-1 /T3-F2-1 /T0-F2-1 /T6-F0-1 /T2-F0-1 
/T3-F3-1 /T1-F3-1 /T6-F1-1 /T2-F1-1 /T3-F2-1 /T2-F2-1 /T6-F0-1 /T1-F0-1 /T3-F3-1 /T6-F1-1 
"
1051915,O#oW#rtI#GZUi#kqHub#TseVwx#gEQhCBj#SmMyclaNPFRpJDnLYdKfXAzv,135.500000,2886.000000,64.000000,0.504762,1,"
minimal: 0 / states: 135 / duration: 0.000134s
history:
/T6-T5-1 /T2-T1-1 /D:1     /W-T2-1  /D:6     /W-F1-1  /T4-F1-1 /T4-T3-1 /D:1     /W-F3-1  
/T0-F3-1 /D:1     /W-F3-1  /D:6     /W-F2-1  /D:7     /W-F0-1  /T6-F0-1 /T6-F0-1 /T6-T1-1 
/T6-F3-1 /T2-T1-2 /T6-T1-1 /T6-T3-1 /D:1     /W-T0-1  /D:1     /W-T5-1  /R       /D:1     
/W-T6-1  /D:2     /W-T6-1  /D:1     /W-F1-1  /D:1     /W-T0-1  /T5-T0-3 /T3-T5-3 /T3-T0-1 
/D:1     /W-T5-1  /D:1     /W-F3-1  /D:3     /W-F0-1  /T1-F0-1 /T2-T1-1 /T3-T2-1 /T5-F0-1 
/T3-F0-1 /T4-F0-1 /D:1     /W-T2-1  /D:2     /W-F1-1  /D:3     /W-T2-1  /T5-T2-4 /R       
/D:1     /W-T3-1  /D:3     /W-T3-1  /D:1     /W-T3-1  /T1-T3-6 /T1-F2-1 /D:1     /R       
/D:1     /W-F2-1  /T4-F2-1 /T3-F2-1 /T3-F3-1 /T4-T6-1 /D:1     /W-T6-1  /T5-T6-1 /T5-F1-1 
/T5-F2-1 /T5-F3-1 /T0-F3-1 /T3-F2-1 /T6-F3-1 /T3-T0-1 /T3-F0-1 /T3-F3-1 /T6-F0-1 /T3-F0-1 
/T2-T6-4 /T2-F3-1 /T2-F0-1 /T3-F3-1 /T2-F3-1 /T3-F0-1 /D:1     /W-F1-1  /T6-F1-1 /T0-F1-1 
/T6-F2-1 /T0-F2-1 /T6-F1-1 /T0-F1-1 /T6-F2-1 /T0-F2-1 /T6-F1-1 /T0-F1-1 /T6-F2-1 /T0-F2-1 
/T6-F1-1 
"
1051931,L#Ji#Ybu#XFat#kvADs#WrpVnE#fczqQPg#xTGdSZByOMNoeHlImRhCwUjK,152.000000,4280.000000,58.000000,0.580000,1,"
minimal: 0 / states: 132 / duration: 0.000147s
history:
/T6-T2-1 /T4-T2-1 /T6-T4-1 /T6-T5-1 /T2-T1-3 /D:5     /W-T3-1  /T5-T3-2 /T5-F2-1 /D:2     
/W-T4-1  /D:4     /W-F3-1  /D:1     /W-F2-1  /D:1     /W-T1-1  /T4-T1-3 /T4-F0-1 /T1-F0-1 
/D:1     /W-T5-1  /D:5     /W-T4-1  /T3-T4-4 /T3-F1-1 /T2-F1-1 /W-T3-1  /T6-T3-1 /T2-T6-1 
/T6-T2-2 /T6-F1-1 /D:1     /W-F0-1  /T1-T3-1 /T1-F0-1 /D:4     /W-T2-1  /W-T2-1  /T4-T2-6 
/T4-T0-1 /R       /D:2     /W-T5-1  /T3-T5-4 /D:2     /W-F1-1  /T1-F1-1 /T6-F1-1 /D:1     
/W-T4-1  /T0-T4-2 /D:2     /W-F3-1  /T5-F3-1 /T2-F3-1 /T2-F0-1 /T5-T1-2 /T5-F0-1 /T1-T5-3 
/T1-F1-1 /D:1     /W-T0-1  /D:1     /W-T0-1  /D:2     /W-T6-1  /D:1     /W-T3-1  /T5-T3-6 
/T5-F2-1 /T3-F2-1 /T3-F3-1 /T5-F2-1 /T2-F3-1 /T3-F2-1 /T2-F2-1 /T3-F3-1 /T1-F2-1 /T2-F1-1 
/T1-F1-1 /T2-F2-1 /T2-F1-1 /T4-F1-1 /T0-F1-1 /T6-F1-1 /T3-T1-2 /T3-F2-1 /W-T5-1  /T1-T3-3 
/T3-T4-4 /T5-T2-2 /D:1     /W-F3-1  /R       /D:1     /W-F2-1  /D:1     /W-F0-1  /T4-F0-1 
/T2-F0-1 /T4-F3-1 /T2-F3-1 /T4-F0-1 /T2-F0-1 /T4-F3-1 /T2-F3-1 /T4-F0-1 /T0-F0-1 /T4-F3-1 
/D:1     /W-F2-1  /T2-F2-1 
"
1051977,o#cE#YNM#XqOl#VwIzR#dWpZsH#QyxPbLn#UTrjBgDKhGafvkumAetiJSFC,134.000000,1813.000000,55.000000,0.576087,1,"
minimal: 0 / states: 129 / duration: 0.000130s
history:
/T6-F2-1 /T0-F2-1 /T3-T2-1 /T2-T0-2 /T2-F3-1 /T3-F3-1 /T3-T4-1 /T3-T6-1 /D:2     /W-T5-1  
/D:6     /W-T0-1  /D:3     /W-F1-1  /D:5     /W-T3-1  /T6-T3-2 /T6-F1-1 /T6-F3-1 /T6-T2-1 
/D:1     /W-F0-1  /D:4     /W-T3-1  /W-T3-1  /T5-T3-2 /T4-T5-2 /T5-T3-3 /T6-T5-1 /T2-T4-2 
/T4-T2-3 /T6-T1-1 /T5-T6-2 /T5-F2-1 /T4-T5-1 /T5-T0-2 /T1-F3-1 /T3-F2-1 /T3-F3-1 /T5-T1-1 
/D:1     /W-F3-1  /D:2     /W-T1-1  /R       /D:1     /W-T0-1  /D:1     /W-F2-1  /T3-F2-1 
/T3-F3-1 /T0-F3-1 /D:1     /W-T2-1  /D:1     /W-F0-1  /T1-F0-1 /D:1     /W-T3-1  /D:1     
/W-F0-1  /D:1     /W-T0-1  /D:1     /W-T0-1  /D:1     /W-T0-1  /T1-T0-2 /T1-F1-1 /T0-F1-1 
/T0-F0-1 /D:1     /W-T2-1  /D:1     /W-T6-1  /T4-T6-1 /T4-F3-1 /D:2     /W-F1-1  /T0-F1-1 
/T3-F1-1 /D:1     /W-F2-1  /W-F2-1  /T2-F2-1 /T6-F2-1 /T0-T2-3 /T0-F3-1 /T2-T0-4 /T2-F2-1 
/T3-T6-3 /T3-F3-1 /T2-F3-1 /T6-T3-4 /T6-F2-1 /T2-F2-1 /T6-F3-1 /D:1     /W-F0-1  /T0-F0-1 
/T0-F1-1 /T3-F0-1 /T0-F0-1 /T3-F1-1 /T0-F1-1 /T3-F0-1 /T0-F0-1 /T3-F1-1 /T0-F1-1 /T3-F0-1 
/T0-F0-1 /T3-F1-1 
"
1060025,w#Cv#DdQ#BzAM#PJURc#uLapYf#FVgOkTN#tmbEKHhZGljqirXxInsSeWoy,157.500000,2535.000000,67.000000,0.500000,1,"
minimal: 0 / states: 132 / duration: 0.000143s
history:
/T6-F3-1 /D:4     /W-T5-1  /T2-T5-1 /D:3     /W-T1-1  /D:2     /W-T1-1  /T5-T1-3 /T5-T3-1 
/T5-T1-1 /T5-F1-1 /D:4     /W-T0-1  /D:2     /W-T5-1  /T0-T5-2 /T3-T0-2 /T3-F0-1 /D:1     
/W-T0-1  /D:2     /W-F2-1  /D:1     /W-T6-1  /D:2     /W-T6-1  /D:1     /W-T0-1  /T1-T0-7 
/T1-T2-1 /T3-T1-1 /T3-F0-1 /T2-F0-1 /D:1     /W-F2-1  /T0-F2-1 /D:1     /R       /D:2     
/W-T3-1  /T5-T3-4 /T6-T5-3 /T5-T3-4 /D:1     /W-F1-1  /T4-F1-1 /T2-F1-1 /T2-F0-1 /T3-F1-1 
/T4-T3-1 /W-T4-1  /D:3     /W-T2-1  /D:1     /W-T1-1  /D:2     /W-F2-1  /D:1     /W-F2-1  
/D:2     /W-T4-1  /T0-T4-2 /T0-F1-1 /D:1     /W-T2-1  /T6-T2-1 /T6-F3-1 /T6-F1-1 /R       
/D:1     /W-T1-1  /D:1     /W-T6-1  /D:1     /W-T1-1  /D:1     /W-T1-1  /T4-T1-5 /T4-T2-1 
/T4-F3-1 /T1-F3-1 /T1-F0-1 /T3-F3-1 /T1-F3-1 /T3-F2-1 /T1-F2-1 /T6-T2-2 /T6-F0-1 /T0-F0-1 
/T0-F1-1 /T3-F3-1 /T1-F3-1 /T2-F0-1 /T1-F0-1 /T3-F2-1 /T0-F2-1 /T2-F3-1 /T0-F3-1 /T3-F1-1 
/T1-F1-1 /T2-F0-1 /T1-F0-1 /T3-F2-1 /T0-F2-1 /T2-F1-1 /T1-F1-1 /T3-F3-1 /T0-F3-1 /T2-F2-1 
/T1-F2-1 /T3-F0-1 /T0-F0-1 /T2-F3-1 /T3-F1-1 
"
1060319,x#WA#oMN#bKYd#qpRlw#XJOQmI#ygiutBe#aLSsjGhTfcHkzDrnFVZPEvUC,143.500000,3081.000000,52.000000,0.635417,1,"
minimal: 0 / states: 120 / duration: 0.000133s
history:
/T1-F0-1 /T2-F3-1 /T5-T1-1 /T1-T0-2 /T5-T1-1 /D:1     /W-F1-1  /D:1     /W-T1-1  /D:5     
/W-T0-1  /W-T0-1  /D:2     /W-T0-1  /D:3     /W-T1-1  /T4-T1-1 /T4-T2-1 /T0-T2-6 /T2-T0-8 
/D:2     /W-T4-1  /D:1     /W-T0-1  /T3-T0-1 /D:1     /W-F2-1  /T2-F2-1 /W-T2-1  /T3-T2-1 
/T3-T2-1 /T3-F1-1 /D:2     /W-T1-1  /D:1     /W-T3-1  /D:1     /W-T4-1  /D:4     /W-T0-1  
/R       /D:3     /W-T2-1  /D:2     /W-F1-1  /T0-T5-1 /T0-F1-1 /T6-F1-1 /T6-F0-1 /T5-T0-2 
/T5-F3-1 /T0-F0-1 /T4-F3-1 /T4-F0-1 /T0-F3-1 /T4-F3-1 /T4-F2-1 /T4-F2-1 /T0-F2-1 /T0-F1-1 
/D:1     /W-T1-1  /W-T1-1  /W-F2-1  /T6-F2-1 /T6-F2-1 /T6-T5-1 /T6-F1-1 /W-F3-1  /T1-F3-1 
/T6-T3-1 /D:2     /W-F0-1  /W-F0-1  /T0-F0-1 /T0-F1-1 /T1-F0-1 /T5-F1-1 /T0-F0-1 /T5-F0-1 
/T2-F1-1 /T2-F0-1 /T1-T3-3 /T1-F0-1 /T3-T5-2 /T3-F1-1 /T0-T2-2 /T0-F1-1 /T0-F0-1 /T1-F1-1 
/T5-T3-3 /D:1     /W-F2-1  /D:1     /W-F3-1  /T3-F3-1 /T2-F3-1 /T3-F2-1 /T2-F2-1 /T3-F3-1 
/T2-F3-1 /T3-F2-1 /T2-F2-1 /T3-F3-1 
"
1060348,Y#rg#JUz#vAQW#DStFN#cyGxuK#VOLXphI#dEfZPlmnioMsHBTbwRqCjkae,69.000000,1540.000000,43.000000,0.630137,1,"
minimal: 0 / states: 124 / duration: 0.000133s
history:
/T4-F3-1 /T6-T3-1 /T5-T0-1 /T6-T3-1 /T3-T0-3 /T6-T3-1 /T4-T1-1 /T4-T0-1 /T1-T5-2 /T3-T1-2 
/T3-F0-1 /T4-T0-1 /T0-T2-7 /T2-T0-8 /T2-T3-1 /T1-T0-3 /T2-T6-1 /D:4     /W-T1-1  /D:1     
/W-T4-1  /D:2     /W-T2-1  /D:1     /W-F2-1  /D:1     /W-T6-1  /T5-T6-3 /D:1     /W-F2-1  
/T0-F2-1 /D:4     /W-F0-1  /D:4     /W-T6-1  /T4-T6-2 /D:1     /W-F2-1  /D:1     /W-F0-1  
/D:1     /W-T5-1  /T3-T5-2 /D:2     /W-F1-1  /D:1     /R       /D:5     /W-T3-1  /W-T3-1  
/T5-T3-4 /T5-T3-1 /T6-T5-9 /T6-T1-1 /T6-F3-1 /T5-F3-1 /T0-F3-1 /T5-T2-9 /T0-F2-1 /T2-F0-1 
/T2-F3-1 /T0-F3-1 /W-T0-1  /W-F0-1  /T2-F0-1 /T3-F0-1 /D:1     /W-F2-1  /D:1     /W-F0-1  
/D:1     /W-F3-1  /T3-F3-1 /T6-F3-1 /T0-T3-3 /T0-F0-1 /T0-F3-1 /D:1     /W-F1-1  /T5-F1-1 
/W-F1-1  /D:2     /W-T1-1  /T2-T1-4 /T2-F3-1 /D:1     /W-F1-1  /T3-F1-1 /T1-F1-1 /T3-F2-1 
/T1-F2-1 /T3-F1-1 /T1-F1-1 /T1-F0-1 /T3-F2-1 /T3-F1-1 /T0-F0-1 /W-F2-1  /T1-F1-1 /T1-F0-1 
/T3-F2-1 /T0-F3-1 /T2-F2-1 /T1-F3-1 /T3-F1-1 /T0-F2-1 /T2-F1-1 /T3-F0-1 
"
1060481,u#BL#RlW#XizN#hSqnY#pcvjFE#TJaDfAI#QVmewOHdbZrkGgyxMoKtsUCP,121.500000,635.000000,55.000000,0.583333,0,"
minimal: 0 / states: 1979335 / duration: 4.752891s
history:
/T3-F3-1 /T6-T2-1 /T6-F0-1 /T5-T6-1 /D:4     /W-T5-1  /D:2     /W-F3-1  /T4-T3-1 /T4-F2-1 
/T4-T5-1 /D:2     /W-T6-1  /D:3     /W-T4-1  /D:1     /W-T1-1  /D:2     /W-T0-1  /T5-T0-3 
/D:2     /W-T3-1  /D:2     /W-F2-1  /D:4     /W-T2-1  /D:1     /W-T6-1  /T5-T3-1 /T5-T3-1 
/D:1     /W-F3-1  /T5-T0-1 /T5-F2-1 /R       /D:1     /W-F3-1  /D:5     /W-T6-1  /D:1     
/W-T5-1  /T1-T5-2 /T1-F0-1 /D:1     /W-T2-1  /T6-T2-5 /T3-T1-5 /T0-T6-1 /T0-F2-1 /T4-F2-1 
/T6-T0-2 /T6-F1-1 /T2-F1-1 /T0-F1-1 /T2-F0-1 /T0-F0-1 /T2-F1-1 /T0-F1-1 /T2-F0-1 /T0-F0-1 
/T2-F1-1 /T0-F1-1 /T2-F0-1 /D:4     /W-T2-1  /D:1     /W-F2-1  /T2-F2-1 /T0-F2-1 /T1-F2-1 
/F0-T2-1 /T4-T2-1 /T4-F1-1 /T3-F1-1 /T1-F1-1 /T5-F1-1 /T2-T1-5 /T2-F1-1 /T2-F3-1 /T1-F3-1 
/T1-F0-1 /T6-T3-1 /T6-F3-1 /T1-F3-1 /R       /D:1     /W-F3-1  /D:1     /W-F1-1  /D:1     
/W-F2-1  /D:1     /W-F0-1  /T1-F0-1 /T1-F3-1 /T1-F2-1 /T3-F0-1 /T3-F3-1 /T1-F3-1 /D:1     
/W-F2-1  /T1-F2-1 /D:1     /W-T0-1  /D:1     /W-F0-1  /T5-F0-1 /T0-F0-1 /T5-F3-1 
"
1060735,l#EQ#jaq#YDdG#frkOo#LtFTsb#imugWCy#PVnXSxzZRphMcUKAvBINJHew,143.500000,2012.000000,52.000000,0.701031,1,"
minimal: 0 / states: 120 / duration: 0.000116s
history:
/D:1     /W-T2-1  /T4-T2-1 /D:2     /W-F2-1  /T2-F2-1 /D:1     /W-T6-1  /D:1     /W-T3-1  
/D:1     /W-T0-1  /D:4     /W-T1-1  /T5-T1-1 /W-T5-1  /T2-T5-2 /T2-F1-1 /T1-F1-1 /T4-T1-1 
/T2-T0-1 /W-T2-1  /T6-T2-2 /T1-T6-1 /T1-F2-1 /T6-T1-2 /D:3     /W-F1-1  /D:3     /W-F0-1  
/D:1     /W-T0-1  /D:1     /W-F0-1  /D:1     /W-T6-1  /D:1     /W-F3-1  /T1-F3-1 /T1-F0-1 
/T5-F3-1 /T1-F3-1 /T5-F2-1 /T5-F3-1 /T3-F3-1 /D:1     /W-T2-1  /D:2     /W-T5-1  /D:1     
/W-T4-1  /R       /D:1     /W-T2-1  /D:2     /W-T0-1  /T3-T0-1 /T3-F1-1 /T3-F0-1 /T1-F0-1 
/T5-F1-1 /W-T1-1  /T0-T1-6 /D:1     /W-T0-1  /T3-T0-1 /D:1     /W-T6-1  /D:1     /W-T0-1  
/T6-T0-3 /T5-T6-1 /T5-F3-1 /T5-F0-1 /T5-T0-1 /T4-T5-2 /T4-F2-1 /T4-F1-1 /T1-F0-1 /T6-F2-1 
/T0-F2-1 /T0-F3-1 /T6-F1-1 /T1-F1-1 /T6-F2-1 /T1-F2-1 /T6-T3-1 /T2-F3-1 /T5-F2-1 /T6-F1-1 
/T1-F1-1 /T1-F2-1 /T5-F1-1 /T1-F1-1 /T3-F1-1 /T2-T5-2 /T2-F2-1 /T1-F2-1 /T5-T2-3 /D:1     
/W-F0-1  /T0-F0-1 /T0-F3-1 /T2-F0-1 /T0-F0-1 /T2-F3-1 /T0-F3-1 /T2-F0-1 /T0-F0-1 /T2-F3-1 
"
1060775,V#qa#smx#iRwf#XFIEZ#yNYBjP#oSGdUck#tOMKDhuHACTlWrpvgzbJLenQ,154.000000,2755.000000,67.000000,0.476636,1,"
minimal: 0 / states: 133 / duration: 0.000129s
history:
/T1-F1-1 /T5-T1-1 /T5-T2-1 /T5-T1-1 /T2-T5-2 /D:7     /W-T0-1  /D:2     /W-F0-1  /T1-F0-1 
/D:1     /W-F0-1  /D:1     /W-T0-1  /D:3     /W-T3-1  /D:2     /W-T5-1  /D:3     /W-F1-1  
/D:1     /W-T6-1  /T0-T6-3 /T4-T0-1 /D:1     /W-T0-1  /T6-T0-5 /T6-F1-1 /T6-T5-1 /T6-F1-1 
/T3-T6-2 /T6-T5-3 /T4-T6-1 /D:1     /W-F1-1  /D:1     /W-F2-1  /D:1     /W-T5-1  /R       
/D:5     /W-F0-1  /T6-F0-1 /T5-T6-2 /T5-F1-1 /T6-T5-3 /T6-F2-1 /T2-T6-1 /T2-T0-1 /D:1     
/W-T4-1  /D:4     /W-F2-1  /D:1     /W-F1-1  /T4-F1-1 /D:1     /W-T2-1  /T5-T2-9 /T5-F3-1 
/T5-T6-1 /R       /D:2     /W-F3-1  /T1-F3-1 /T1-F2-1 /T2-F3-1 /T2-F2-1 /T0-F2-1 /W-F2-1  
/D:1     /W-T1-1  /D:3     /W-T1-1  /D:1     /R       /D:1     /W-T1-1  /D:2     /W-T1-1  
/T4-T1-1 /T4-F0-1 /T3-T4-1 /T3-F3-1 /T2-F3-1 /T0-F3-1 /T0-F2-1 /T2-F0-1 /T2-F3-1 /T2-F2-1 
/W-F0-1  /T0-F3-1 /T1-F0-1 /T1-F3-1 /T3-F1-1 /T0-F0-1 /T2-F1-1 /T1-F0-1 /T4-F2-1 /T0-F1-1 
/T2-F2-1 /T1-F1-1 /T4-F3-1 /T0-F0-1 /T2-F3-1 /T1-F0-1 /T6-F2-1 /T0-F3-1 /T2-F2-1 /T6-F1-1 
"
1060844,v#iZ#XFq#ONwT#hspbJ#lcQGKA#VzutSMk#RgBCPaWDoIHrjYmyUfxndeEL,144.000000,1783.000000,48.000000,0.596774,1,"
minimal: 0 / states: 129 / duration: 0.000128s
history:
/T5-F0-1  /T4-T6-1  /D:3      /W-F0-1   /D:1      /W-F0-1   /D:1      /W-T2-1   /D:1      /W-F1-1   
/T4-F1-1  /D:1      /W-T5-1   /T0-T5-1  /T1-T0-1  /T1-T6-1  /D:1      /W-F0-1   /D:1      /W-T2-1   
/D:2      /W-T6-1   /T3-T6-1  /D:4      /W-T1-1   /D:1      /W-T0-1   /T6-T0-5  /W-T6-1   /T5-T6-3  
/D:1      /W-T6-1   /T5-T6-1  /T4-T5-1  /T4-T0-1  /D:1      /W-T6-1   /D:2      /W-F2-1   /T2-F2-1  
/T5-F2-1  /D:2      /W-T0-1   /T2-T0-2  /D:1      /W-T6-1   /T5-T6-1  /T5-F1-1  /W-F1-1   /W-T5-1   
/W-T5-1   /D:1      /W-T1-1   /R        /D:1      /W-T2-1   /T0-T2-2  /T0-F1-1  /D:2      /W-T5-1   
/T4-T5-1  /T6-T4-10 /T4-T6-2  /T4-F1-1  /T6-T4-3  /T6-T5-1  /W-T6-1   /T2-T6-4  /T3-T2-1  /T3-F3-1  
/T3-F3-1  /T6-F3-1  /T4-F3-1  /T4-F0-1  /T6-F2-1  /T6-F3-1  /T6-F0-1  /T4-F3-1  /T4-F0-1  /T6-F1-1  
/T0-T6-2  /T0-F0-1  /T6-T0-3  /T6-T3-1  /T5-T4-1  /T5-F1-1  /T5-F0-1  /T0-T2-4  /T0-F0-1  /T2-T6-3  
/T2-F1-1  /T5-F1-1  /T0-F1-1  /T4-T5-4  /T4-F0-1  /T1-F0-1  /T4-T3-1  /T4-F0-1  /T5-T3-5  /T5-F1-1  
/T1-F1-1  /T2-T0-2  /T6-T0-4  /D:1      /W-F2-1   /T0-F2-1  /T0-F3-1  /T3-F2-1  /T0-F2-1  /T3-F3-1  
/T0-F3-1  /T3-F2-1  /T0-F2-1  /T3-F3-1  /T0-F3-1  /T3-F2-1  /T0-F2-1  /T3-F3-1  /T0-F3-1  /T3-F2-1  
"
1060999,P#os#RkV#nGlO#ydYHC#tTIhQe#EUbqaBz#ZWApjxmiKJvrDwfuSgFMNXLc,170.000000,2486.000000,53.000000,0.560000,1,"
minimal: 0 / states: 126 / duration: 0.000114s
history:
/T5-T1-1 /T4-T5-1 /T3-T5-1 /T4-T2-1 /T3-T6-1 /D:3     /W-F0-1  /D:3     /W-T4-1  /W-T4-1  
/D:3     /W-T6-1  /D:2     /W-T4-1  /D:2     /W-T1-1  /T0-T1-1 /T6-T0-3 /T6-F0-1 /T6-F1-1 
/D:2     /W-T3-1  /D:3     /W-T2-1  /T1-T2-4 /T1-T2-1 /D:2     /W-T1-1  /T4-T1-4 /D:1     
/W-F3-1  /T5-F3-1 /T5-F0-1 /T2-T6-2 /T2-F0-1 /T6-T2-3 /T6-F1-1 /T3-T6-2 /T3-F2-1 /T2-F2-1 
/T2-F3-1 /T5-F3-1 /T5-T1-1 /T6-T5-3 /T4-T6-1 /T6-T5-2 /D:1     /W-T4-1  /D:2     /W-F1-1  
/T5-F1-1 /T5-F0-1 /R       /D:1     /W-T3-1  /T4-T3-2 /D:1     /W-T0-1  /T5-T0-4 /D:1     
/W-F2-1  /T2-F2-1 /T2-F1-1 /T0-F1-1 /T2-T5-1 /T2-F1-1 /T5-T2-2 /T1-F1-1 /D:1     /W-T4-1  
/D:1     /W-F1-1  /D:1     /W-T3-1  /T2-T3-4 /D:1     /W-F2-1  /T3-F2-1 /T5-F2-1 /D:1     
/W-T2-1  /D:1     /W-F2-1  /T1-F2-1 /T1-F1-1 /T2-F2-1 /T2-F1-1 /T2-F3-1 /T1-F2-1 /T0-T1-5 
/T0-F1-1 /T4-F1-1 /D:1     /W-F3-1  /T3-F3-1 /D:1     /W-F0-1  /T1-F0-1 /T1-F3-1 /T3-F0-1 
/T1-F0-1 /T3-F3-1 /T1-F3-1 /T3-F0-1 /T1-F0-1 /T3-F3-1 /T1-F3-1 /T3-F2-1 /T0-F2-1 /T3-F3-1 
/D:1     /W-F0-1  /T1-F0-1 
"
1061007,W#qU#IoQ#fuOl#NBCMm#bTkGKg#VYiXznS#AxrRpvHEdeFhajcDyLwtJZPs,128.000000,1407.000000,47.000000,0.570513,1,"
minimal: 0 / states: 122 / duration: 0.000118s
history:
/D:1     /W-F0-1  /D:1     /W-T3-1  /T0-T3-1 /T4-T0-1 /T3-T4-3 /D:1     /W-T6-1  /T2-T6-1 
/D:2     /W-T6-1  /T3-T6-1 /T5-T3-1 /D:1     /W-T4-1  /T1-T4-1 /D:5     /W-T3-1  /W-T3-1  
/T1-T3-1 /T4-T1-6 /D:2     /W-F1-1  /D:1     /W-T5-1  /D:1     /W-T3-1  /T2-T3-1 /W-T2-1  
/T2-T5-2 /D:2     /W-T0-1  /D:3     /W-T1-1  /T6-T1-5 /T6-F2-1 /T3-F2-1 /T6-T2-1 /T6-T0-1 
/T3-T6-6 /W-T0-1  /T6-T0-7 /T5-T6-4 /T5-T6-1 /T6-T2-6 /T1-T4-1 /T1-F2-1 /T4-T1-2 /T4-F0-1 
/T4-F3-1 /T1-F3-1 /T1-F0-1 /T3-T2-1 /D:1     /W-T5-1  /T6-T5-1 /D:1     /W-T3-1  /W-T3-1  
/T5-T3-3 /W-F0-1  /D:1     /W-F3-1  /T1-F3-1 /W-T1-1  /W-F0-1  /W-T3-1  /T5-T3-1 /T5-F1-1 
/T0-F1-1 /T0-F2-1 /T1-F1-1 /T0-F1-1 /T1-F2-1 /T2-F1-1 /W-F3-1  /T0-F0-1 /T1-F3-1 /T2-F0-1 
/T0-F1-1 /T2-F1-1 /T3-F3-1 /T3-F0-1 /T2-F0-1 /T0-T3-1 /T0-F1-1 /T2-F1-1 /T3-T0-2 /T3-F0-1 
/T2-F0-1 /T3-F1-1 /T3-F0-1 /T1-T2-5 /T1-F1-1 /T1-F0-1 /T0-T3-5 /T0-F1-1 /D:1     /W-F2-1  
/T2-F2-1 /T2-F3-1 /T3-F2-1 /T2-F2-1 /T3-F3-1 /T2-F3-1 /T3-F2-1 /T2-F2-1 /T3-F3-1 /T2-F3-1 
/T3-F2-1 /T2-F2-1 /T3-F3-1 
"
1061094,W#Cv#TJi#dOHa#lNqyx#LGSeDQ#tVMgrzB#pkYRnbhEPjKZAwFouImscfXU,146.500000,2669.000000,47.000000,0.586735,1,"
minimal: 0 / states: 124 / duration: 0.000116s
history:
/T3-F1-1 /T3-T2-1 /T1-T0-1 /T3-T1-1 /T0-T4-2 /T1-T3-2 /D:1     /W-T5-1  /D:4     /W-F2-1  
/D:1     /W-F1-1  /D:1     /W-T4-1  /D:5     /W-T0-1  /D:1     /W-F0-1  /T6-F0-1 /T6-T1-1 
/T5-T6-2 /T3-T6-1 /T3-F0-1 /T5-F0-1 /D:3     /W-F2-1  /D:5     /W-F1-1  /T3-F1-1 /T5-F1-1 
/T6-T5-4 /T6-T2-1 /T6-T3-1 /W-T2-1  /D:1     /W-F1-1  /D:2     /R       /D:2     /W-T1-1  
/T4-T1-4 /T4-T0-1 /W-T0-1  /D:1     /W-T2-1  /T4-T2-1 /T4-F3-1 /T5-F3-1 /T5-F2-1 /T2-F2-1 
/T4-T3-1 /D:1     /W-F0-1  /D:1     /W-F3-1  /T5-F3-1 /T2-F3-1 /T5-F2-1 /T2-F2-1 /T5-F3-1 
/T5-T1-1 /T2-F1-1 /D:2     /W-T3-1  /W-T3-1  /D:1     /W-T0-1  /T2-T0-2 /T6-T2-1 /T6-F2-1 
/D:1     /W-F0-1  /T1-F0-1 /T1-F1-1 /T0-F0-1 /T0-F1-1 /T3-F1-1 /D:1     /W-F2-1  /T1-F2-1 
/T0-F2-1 /T2-T0-2 /T2-F3-1 /T1-T3-1 /T1-F2-1 /T0-T5-3 /T0-F2-1 /T5-T0-4 /D:1     /W-F0-1  
/D:1     /W-T2-1  /D:2     /W-F3-1  /T0-F3-1 /T0-F0-1 /T0-F1-1 /T3-F3-1 /T3-F0-1 /T3-F1-1 
/W-F3-1  /T0-F0-1 /T1-F3-1 /T0-F3-1 /T1-F2-1 /T2-F1-1 /T3-F0-1 
"
1061105,W#eL#imv#pMbC#wtZTJ#VrXYsd#zIKHFQB#qSugRojNEDxhAafOkyPUGnlc,105.500000,1330.000000,43.000000,0.588235,1,"
minimal: 0 / states: 126 / duration: 0.000118s
history:
/T3-T5-1 /T2-T0-1 /T3-T5-1 /T1-T2-1 /D:1     /W-T1-1  /D:7     /W-F3-1  /D:4     /W-T0-1  
/D:1     /W-F0-1  /T6-F0-1 /D:1     /W-F1-1  /T5-F1-1 /T5-F0-1 /D:2     /W-F3-1  /D:1     
/W-T2-1  /T4-T2-1 /D:2     /W-F3-1  /T6-F3-1 /T6-T4-1 /T4-T6-2 /T1-T6-2 /T4-T1-1 /T4-T0-1 
/W-T1-1  /W-T0-1  /D:3     /W-F2-1  /D:1     /W-T3-1  /D:1     /W-F1-1  /T5-F1-1 /R       
/D:4     /W-F3-1  /D:1     /W-F2-1  /D:2     /W-T0-1  /D:1     /W-F0-1  /T0-F0-1 /T6-T5-2 
/T6-F0-1 /T5-T6-3 /D:1     /W-T3-1  /T0-T3-5 /T2-T0-4 /T6-T2-5 /T6-T5-1 /T2-T0-6 /T3-T2-8 
/T3-F2-1 /T0-F2-1 /T0-F1-1 /W-T5-1  /T6-T5-1 /T5-T6-4 /T5-T1-1 /T5-F2-1 /T0-F2-1 /T2-F1-1 
/W-F1-1  /T2-F2-1 /T2-F1-1 /W-F2-1  /W-F3-1  /T0-F3-1 /T2-F2-1 /T4-F2-1 /T0-T5-1 /T0-F1-1 
/T6-T2-1 /T6-F1-1 /T0-T1-1 /T0-F1-1 /T2-T6-2 /T2-F2-1 /T2-F1-1 /T1-T0-2 /T1-F2-1 /T0-T1-3 
/T0-F1-1 /T6-T2-4 /T6-F2-1 /T5-T1-2 /D:1     /W-F3-1  /D:1     /W-F0-1  /T1-F0-1 /T1-F3-1 
/T2-F0-1 /T1-F0-1 /T2-F3-1 /T1-F3-1 /T2-F0-1 /T1-F0-1 /T2-F3-1 /T1-F3-1 /T2-F0-1 
"
1061302,Z#RP#tSy#OeIu#cHMNT#KQxvDk#dCiElAW#osUafBJVbYFzmgwqjhLGpXrn,132.000000,2592.000000,46.000000,0.623529,1,"
minimal: 0 / states: 129 / duration: 0.000123s
history:
/T5-T2-1 /T4-T3-1 /T4-F3-1 /T2-T0-2 /T1-T5-1 /T5-T1-2 /T5-T6-1 /T6-T5-2 /T6-F0-1 /T6-T4-1 
/T6-T2-1 /T3-T6-2 /T5-T4-3 /T5-T2-1 /D:1     /W-T1-1  /D:1     /W-T6-1  /T1-T6-4 /T4-T1-5 
/D:1     /W-T1-1  /D:1     /W-F1-1  /D:2     /W-F0-1  /D:1     /W-T0-1  /T6-T0-8 /T6-F0-1 
/D:2     /W-F1-1  /D:5     /W-T4-1  /D:3     /W-T5-1  /T3-T5-1 /W-T3-1  /T0-T3-2 /T0-F0-1 
/D:1     /W-T5-1  /D:2     /W-T1-1  /T2-T1-3 /T2-T5-1 /D:1     /W-T1-1  /D:3     /W-F2-1  
/T3-F2-1 /T1-F2-1 /R       /D:1     /W-T5-1  /D:3     /W-T4-1  /T3-T4-3 /T3-F3-1 /T4-F3-1 
/T1-F3-1 /T0-F3-1 /T1-F0-1 /T1-F3-1 /T4-F2-1 /T4-T0-1 /T4-F0-1 /T1-F0-1 /T0-T4-2 /T0-F3-1 
/T4-T0-3 /T4-F0-1 /T4-F1-1 /T6-F1-1 /T0-F1-1 /T1-F3-1 /T5-F1-1 /T5-T1-2 /T5-F0-1 /D:1     
/W-T2-1  /W-T2-1  /W-F3-1  /T1-T5-3 /T1-F3-1 /T5-T2-5 /D:1     /W-T3-1  /D:2     /W-T3-1  
/D:1     /W-F3-1  /D:1     /W-F2-1  /T0-F2-1 /T0-F1-1 /T2-F2-1 /T0-F2-1 /T2-F1-1 /T0-F1-1 
/T0-F0-1 /T2-F2-1 /T2-F1-1 /T2-F0-1 /W-F2-1  /T0-F1-1 /T1-F2-1 /T0-F2-1 /T1-F1-1 /T2-F3-1 
/T2-F2-1 /T3-F0-1 /T0-F3-1 /T1-F0-1 /T3-F1-1 
"
1061334,K#Si#xBA#QsVR#znkOo#rgECth#GwXmPHI#UbalyTMcvDLpdYJjefFNZuqW,144.000000,3828.000000,50.000000,0.568182,1,"
minimal: 0 / states: 125 / duration: 0.000117s
history:
/T2-F0-1 /T2-F0-1 /T5-T6-1 /T5-T6-1 /T5-F0-1 /D:3     /W-F1-1  /W-F1-1  /D:5     /W-F1-1  
/D:2     /W-F0-1  /T5-F0-1 /D:3     /W-F1-1  /D:3     /W-T0-1  /T6-T0-3 /T6-T1-1 /T4-T6-1 
/T5-T1-1 /D:1     /W-F1-1  /D:1     /W-F1-1  /T1-F1-1 /D:1     /W-F0-1  /D:1     /W-F3-1  
/T4-F3-1 /W-T4-1  /T1-T4-2 /T1-T0-1 /T5-T0-1 /D:1     /W-T1-1  /D:2     /W-T3-1  /T6-T3-2 
/T6-T5-1 /D:1     /W-T2-1  /R       /D:3     /W-T1-1  /T4-T1-4 /T4-F2-1 /T3-F2-1 /T3-F3-1 
/W-T4-1  /T0-T4-7 /D:1     /W-T1-1  /F0-T1-1 /T3-T1-2 /D:1     /W-T0-1  /D:1     /W-T2-1  
/W-T2-1  /T4-T2-3 /T4-F1-1 /T1-T3-5 /T1-F1-1 /T3-T1-6 /T1-T3-2 /T1-F0-1 /T3-T1-3 /T3-F3-1 
/D:1     /W-T5-1  /T6-T5-1 /T6-T5-1 /T6-F0-1 /D:1     /W-F2-1  /T1-F2-1 /T1-F3-1 /T2-F2-1 
/T1-F2-1 /T2-F3-1 /T1-F3-1 /T1-F0-1 /T2-F2-1 /T2-F3-1 /T4-F0-1 /T1-F3-1 /T1-F0-1 /T4-F1-1 
/T1-F1-1 /T4-F0-1 /T4-F1-1 /T5-T1-2 /T5-F0-1 /T0-F0-1 /T5-F1-1 /D:1     /W-T4-1  /T2-T4-3 
/D:1     /W-F2-1  /T4-F2-1 /T1-F2-1 /T4-F3-1 /T1-F3-1 /T4-F2-1 /T1-F2-1 /T4-F3-1 /T1-F3-1 
/T4-F2-1 
"
1061386,O#gF#YeH#hGfy#EQnXP#udiSCx#pJDcsBj#vWobrmKtZIawVlMkqRALzTNU,121.000000,2298.000000,71.000000,0.605505,1,"
minimal: 0 / states: 137 / duration: 0.000140s
history:
/T6-T5-1 /T6-T4-1 /D:1     /W-T5-1  /D:10    /W-F1-1  /D:5     /W-T3-1  /D:2     /W-T1-1  
/W-T1-1  /T4-T1-2 /D:1     /W-F0-1  /T1-F0-1 /D:3     /W-T2-1  /T6-T2-1 /D:1     /W-F3-1  
/T0-F3-1 /T1-F3-1 /T6-T1-1 /W-T0-1  /D:1     /W-T5-1  /R       /D:2     /W-T1-1  /D:1     
/W-F1-1  /D:4     /W-T5-1  /D:3     /W-T3-1  /D:1     /W-T3-1  /T2-T3-3 /T6-T2-1 /T2-T3-2 
/T5-T2-5 /T5-F0-1 /T5-T2-1 /T5-T6-1 /T6-T4-2 /T3-F0-1 /T2-T0-7 /T6-T5-1 /D:2     /W-T2-1  
/W-T2-1  /D:1     /R       /D:2     /W-T0-1  /T5-T0-2 /T5-T4-1 /D:1     /W-T5-1  /T3-T5-8 
/D:1     /W-T2-1  /W-T2-1  /D:1     /W-T6-1  /D:1     /W-T2-1  /D:1     /W-T6-1  /T4-T6-4 
/T4-F2-1 /T1-F2-1 /T0-F2-1 /T1-F1-1 /T0-F1-1 /T1-F2-1 /T4-F3-1 /T0-F2-1 /T1-F3-1 /T4-F0-1 
/T0-F3-1 /T5-F1-1 /T1-F0-1 /T3-F1-1 /T3-F0-1 /T5-F2-1 /T0-F2-1 /T1-F1-1 /T3-F1-1 /T5-F3-1 
/T0-F3-1 /T5-F0-1 /T2-F0-1 /T6-F2-1 /T0-F2-1 /T5-F3-1 /T2-F3-1 /T6-F1-1 /T0-F1-1 /T5-F2-1 
/T0-F2-1 /T6-F0-1 /T2-F0-1 /T5-F1-1 /T2-F1-1 /T6-F3-1 /T0-F3-1 /T5-F2-1 /T0-F2-1 /T6-F0-1 
/T2-F0-1 /T5-F1-1 /T6-F3-1 
"
1061588,z#AB#uLY#lrgH#WGcOe#wXxZKd#imnfUVJ#sQhoMNjpvTRkPDqFtbEaCySI,155.500000,1784.000000,57.000000,0.577982,1,"
minimal: 0 / states: 132 / duration: 0.000130s
history:
/T2-T0-1 /D:6     /W-F3-1  /D:2     /W-T5-1  /D:2     /W-T3-1  /D:2     /W-T2-1  /T6-T2-1 
/T6-T2-1 /T3-T2-2 /D:2     /W-T4-1  /W-T4-1  /T1-T4-1 /T1-F0-1 /T4-F0-1 /D:2     /W-T2-1  
/T4-T2-3 /T4-F3-1 /T2-F3-1 /T4-T2-1 /T4-T6-1 /D:2     /W-T5-1  /D:2     /W-F1-1  /T5-F1-1 
/T2-F1-1 /D:1     /W-F0-1  /T2-F0-1 /W-F0-1  /D:2     /W-T6-1  /F0-T6-1 /T5-T6-2 /T5-T0-1 
/T5-T1-1 /T2-T1-8 /T3-T2-1 /T6-T3-2 /T6-F0-1 /T3-T6-3 /T5-T3-1 /T4-T0-1 /D:1     /W-T0-1  
/T6-T0-6 /R       /D:1     /W-T2-1  /T1-T2-1 /T1-F0-1 /D:1     /W-F3-1  /D:3     /W-T4-1  
/T3-T4-2 /D:1     /W-T4-1  /D:1     /W-T4-1  /D:1     /W-F3-1  /T0-T6-3 /T0-F3-1 /T6-T0-4 
/T6-F2-1 /W-F2-1  /T0-F2-1 /T0-F1-1 /T6-T3-1 /T1-F3-1 /T2-F1-1 /W-T4-1  /T0-T4-3 /T0-F3-1 
/T1-T6-1 /T1-F3-1 /T6-T1-2 /D:1     /W-F2-1  /T4-F2-1 /T2-F2-1 /T4-F1-1 /T2-F1-1 /T4-F0-1 
/T1-F0-1 /T0-F0-1 /T0-F3-1 /T5-F3-1 /T4-F1-1 /T1-F1-1 /T1-F0-1 /T0-F0-1 /T0-F3-1 /T1-T3-2 
/T1-F3-1 /T5-T3-1 /D:1     /W-F2-1  /T2-F2-1 /T4-F2-1 /T3-F2-1 /T4-F1-1 /T3-F1-1 /T3-F0-1 
/T4-F2-1 /T4-F1-1 /T4-F0-1 /T3-F1-1 /D:1     /W-F2-1  /T0-F2-1 
"
1061635,j#bS#FGl#LQgi#AZxhI#DRqsEm#NXezydu#wfPVHcoYJWvTOkartUpCnMKB,124.000000,2176.000000,58.000000,0.484211,1,"
minimal: 0 / states: 141 / duration: 0.000120s
history:
/T6-T3-1  /T4-T0-1  /T4-T0-1  /T4-T2-1  /T0-T2-3  /T5-T0-1  /T6-T5-1  /T5-T1-2  /T6-T0-1  /T2-T6-5  
/T1-T2-3  /T2-T6-4  /D:12     /W-T3-1   /T5-T3-1  /D:2      /W-T0-1   /D:1      /W-F1-1   /T1-F1-1  
/T6-T1-10 /T5-T6-1  /T6-T2-2  /T5-T3-1  /T5-T3-1  /T4-T5-1  /T4-F0-1  /D:4      /W-T1-1   /D:2      
/W-F2-1   /D:1      /W-T4-1   /D:2      /W-F0-1   /R        /D:1      /W-T0-1   /T3-T0-6  /T2-T3-3  
/D:2      /W-T0-1   /D:3      /W-F1-1   /D:1      /W-F2-1   /T1-F2-1  /T1-F1-1  /T3-F2-1  /T3-F1-1  
/D:1      /W-T4-1   /D:1      /W-T6-1   /D:4      /W-F2-1   /T0-T3-3  /T0-F2-1  /D:1      /W-F2-1   
/D:2      /W-F0-1   /D:1      /W-T4-1   /R        /D:1      /W-F1-1   /T3-T0-4  /T3-F1-1  /T3-T1-1  
/T6-T3-2  /T6-F3-1  /T3-T5-3  /D:1      /W-T5-1   /D:1      /W-T5-1   /T0-T5-5  /T0-F2-1  /D:1      
/W-T4-1   /D:1      /W-F2-1   /D:1      /W-F3-1   /T5-F3-1  /T1-F3-1  /T5-F0-1  /T1-F0-1  /T5-F3-1  
/T1-F3-1  /T5-F0-1  /T1-F0-1  /T1-F1-1  /T5-F3-1  /T5-F0-1  /T0-F1-1  /T0-F2-1  /T1-F0-1  /T1-F1-1  
/T0-F1-1  /T1-F2-1  /T0-F2-1  /T1-F1-1  /T0-F1-1  /T1-F2-1  /D:1      /W-F3-1   /T5-F3-1  /T4-F3-1  
/T5-F0-1  /T4-F0-1  /T5-F3-1  /T4-F3-1  /T5-F0-1  /T4-F0-1  /T5-F3-1  
"
1061673,E#Fx#WvN#jZmo#YQBPR#gISuVn#tcTiXap#rhOskwAJefLCHyKUqGdMlbDz,82.000000,1653.000000,41.000000,0.757143,1,"
minimal: 0 / states: 124 / duration: 0.000112s
history:
/T2-F3-1 /T5-F2-1 /T3-F2-1 /T6-F2-1 /T6-F1-1 /D:2     /W-T2-1  /D:1     /W-F3-1  /D:3     
/W-T6-1  /T5-T6-1 /T5-T6-1 /T0-T5-1 /T3-T0-1 /D:1     /W-F0-1  /D:4     /W-T0-1  /T6-T0-4 
/D:2     /W-T6-1  /D:1     /W-T3-1  /D:3     /W-F2-1  /D:1     /W-T2-1  /T5-T2-2 /W-T5-1  
/D:1     /W-T2-1  /D:3     /W-F1-1  /D:1     /W-T4-1  /D:1     /R       /D:1     /W-F2-1  
/D:1     /W-F2-1  /D:1     /W-T3-1  /D:1     /W-T3-1  /T6-T3-2 /T6-T0-1 /T6-F1-1 /T6-T5-1 
/T3-T6-6 /T2-T3-6 /T5-T2-3 /F2-T0-1 /T4-T0-2 /T4-F3-1 /T4-F0-1 /T4-F3-1 /T1-T4-1 /T3-F1-1 
/T0-T1-2 /T0-F2-1 /T2-F2-1 /T0-T6-1 /T0-F2-1 /T1-T5-3 /T2-T4-3 /D:1     /W-F1-1  /D:1     
/W-F1-1  /T5-T6-3 /T5-F1-1 /T3-T4-3 /T3-F1-1 /T3-F2-1 /T6-T0-5 /T6-F1-1 /T3-F1-1 /T0-T6-6 
/T0-F2-1 /T6-T0-7 /T6-F1-1 /D:1     /W-F0-1  /T0-F0-1 /T0-F3-1 /T4-F0-1 /T0-F0-1 /T4-F3-1 
/T0-F3-1 /T4-F0-1 /T0-F0-1 /T4-F3-1 /T0-F3-1 /T4-F0-1 /T0-F0-1 /T4-F3-1 /T0-F3-1 /T4-F2-1 
/T6-F2-1 /T4-F3-1 /T6-F3-1 /D:1     /W-F0-1  /T0-F0-1 /D:1     /W-F0-1  /D:1     /W-F1-1  
/T0-F1-1 /D:1     /W-F2-1  
"
1061850,H#gj#pTS#Asld#qyNxR#YzkPVo#OIBWXCM#fUbvKDtrEZciFnehuLGQmwJa,135.500000,4005.000000,64.000000,0.478022,1,"
minimal: 0 / states: 145 / duration: 0.000131s
history:
/D:4     /W-T1-1  /D:2     /W-T4-1  /D:2     /W-T2-1  /T3-T2-1 /T3-T6-1 /T4-T3-2 /T4-T6-1 
/T4-F3-1 /T1-T6-2 /T3-T1-3 /T3-F0-1 /T6-T3-5 /T6-T2-1 /T6-T4-1 /T1-T0-4 /D:2     /W-T1-1  
/T4-T1-2 /D:1     /W-T0-1  /T5-T0-1 /T0-T5-7 /D:3     /W-F2-1  /T5-F2-1 /D:2     /W-T3-1  
/D:3     /W-T3-1  /T2-T3-4 /D:2     /W-T0-1  /D:1     /W-T1-1  /T5-T1-7 /T5-T4-1 /D:1     
/W-T5-1  /D:1     /W-F1-1  /R       /D:3     /W-F1-1  /T1-F1-1 /D:4     /W-T5-1  /D:1     
/W-T2-1  /D:1     /W-T2-1  /T4-T2-2 /D:1     /W-T5-1  /T2-T5-5 /T2-F2-1 /T5-T1-1 /T5-F2-1 
/D:1     /W-T0-1  /T5-T0-7 /T5-T2-1 /T5-T2-1 /D:1     /R       /D:3     /W-T2-1  /T6-T2-1 
/T6-F0-1 /T6-T2-1 /T6-F3-1 /T1-F3-1 /T3-F0-1 /T1-F0-1 /T3-F1-1 /T0-F1-1 /T3-F2-1 /T1-T0-1 
/T1-F2-1 /W-T2-1  /W-F1-1  /T1-F1-1 /T3-T2-2 /T3-F1-1 /D:1     /W-F2-1  /T0-T1-3 /T0-F2-1 
/T0-F1-1 /T3-F2-1 /T3-F1-1 /T1-T0-5 /T1-F2-1 /T3-F2-1 /T0-T1-6 /T0-F1-1 /T3-F1-1 /T1-T0-7 
/T1-F2-1 /T0-T1-8 /T0-F1-1 /T2-T3-7 /T2-F2-1 /D:1     /W-F0-1  /D:1     /W-F3-1  /T1-F3-1 
/T1-F0-1 /T3-F3-1 /T1-F3-1 /T3-F0-1 /T1-F0-1 /T3-F3-1 /T1-F3-1 /T3-F0-1 /T1-F0-1 /T3-F3-1 
/T1-F3-1 /T3-F0-1 /T1-F0-1 /T3-F3-1 /T1-F3-1 /T3-F0-1 
"
1070560,q#iS#kUa#ACTb#xMtQL#sEXODB#pIVluFo#HZvYywegfJjNGzcPmrdhWKnR,78.000000,447.000000,27.000000,0.850877,1,"
minimal: 0 / states: 122 / duration: 0.000127s
history:
/T2-F1-1 /T3-F1-1 /D:12    /W-F3-1  /D:1     /W-T2-1  /T1-T2-1 /D:2     /W-T0-1  /T6-T0-1 
/T6-T3-1 /T6-T1-1 /T3-T1-2 /D:3     /W-T2-1  /D:1     /W-T2-1  /T3-T2-1 /T3-F0-1 /T5-F0-1 
/W-T3-1  /T4-T3-1 /T2-F0-1 /T5-F0-1 /T5-F3-1 /T5-T3-1 /T5-F0-1 /T1-F0-1 /W-F3-1  /T4-F3-1 
/T2-T4-3 /T2-F0-1 /T4-T2-4 /T6-T4-1 /T5-T1-1 /T4-T5-2 /T4-T5-1 /W-T4-1  /W-T5-1  /W-T3-1  
/T6-T3-1 /T2-T6-5 /T6-T5-6 /T6-T5-1 /D:4     /W-F2-1  /T0-F2-1 /T0-F1-1 /T5-F2-1 /T0-F2-1 
/T5-F1-1 /T5-F2-1 /T1-F2-1 /D:1     /W-F3-1  /T5-F3-1 /T1-F3-1 /T5-F2-1 /T5-F3-1 /T1-F2-1 
/T3-F3-1 /T1-T3-1 /R       /D:1     /W-F0-1  /T5-F0-1 /D:1     /W-T0-1  /D:1     /W-F2-1  
/D:1     /W-T4-1  /D:1     /W-T0-1  /T2-T0-1 /D:1     /W-F2-1  /D:1     /W-F1-1  /D:2     
/W-F1-1  /W-F1-1  /D:1     /W-F1-1  /T3-F1-1 /T3-F0-1 /T5-F1-1 /T0-F1-1 /T5-F2-1 /T0-F2-1 
/T5-F1-1 /T3-T0-2 /T3-F1-1 /T4-T5-1 /T4-F2-1 /D:1     /W-F3-1  /T0-F3-1 /T5-F3-1 /D:1     
/W-F0-1  /T0-F0-1 /T0-F3-1 /T5-F0-1 
"
1070654,d#Mq#xUF#tBQk#usDzR#TpyLIC#ofEbJYi#hajSWVlwXvGZngcmAOHKrNeP,142.000000,3320.000000,65.000000,0.640909,1,"
minimal: 0 / states: 129 / duration: 0.000142s
history:
/T5-T0-1  /T4-T2-1  /T1-T2-1  /D:1      /W-T5-1   /D:1      /W-F1-1   /D:5      /W-T1-1   /D:1      
/W-T3-1   /T6-T3-1  /T6-T4-1  /W-T6-1   /D:3      /W-T5-1   /D:2      /W-F2-1   /D:2      /W-T2-1   
/D:2      /W-F0-1   /D:1      /W-T0-1   /D:1      /W-T3-1   /D:1      /W-T1-1   /D:2      /W-F3-1   
/T0-F3-1  /D:2      /W-F3-1   /R        /D:1      /W-T1-1   /T5-T1-3  /T3-T5-4  /T3-F3-1  /T3-F0-1  
/T0-F0-1  /D:1      /W-T1-1   /D:5      /W-T5-1   /T2-T5-4  /T3-T2-1  /T4-T3-2  /T4-F0-1  /D:2      
/W-T1-1   /T0-T1-1  /W-T0-1   /T5-T0-10 /D:1      /W-T4-1   /T0-T4-2  /T0-F3-1  /R        /D:2      
/W-T5-1   /T6-T5-2  /T6-F1-1  /T6-F0-1  /T6-T2-1  /T6-F2-1  /T4-F1-1  /T0-F0-1  /T4-T0-3  /T1-F1-1  
/T1-T2-1  /T1-F3-1  /T1-F0-1  /T0-T4-4  /T0-F0-1  /T4-T0-5  /D:2      /W-T4-1   /T5-T4-4  /T5-F2-1  
/T0-F2-1  /T0-F1-1  /T2-F2-1  /T0-F2-1  /T2-F1-1  /T0-F1-1  /T2-F2-1  /T1-F1-1  /T5-F3-1  /T0-F2-1  
/T0-F1-1  /T2-F3-1  /T1-F0-1  /T4-F3-1  /T4-F0-1  /W-F2-1   /T0-F2-1  /T1-F1-1  /T0-F1-1  /W-F3-1   
/T1-F0-1  /T2-F2-1  /T1-F1-1  /T4-F3-1  /T0-F0-1  /T3-F3-1  /T1-F0-1  /T4-F2-1  /T0-F1-1  /T3-F2-1  
/T4-F3-1  
"
1070744,f#yL#bFK#siIU#CQgVS#wPjqlE#cxkMvXd#zaenOuomDBRWZYGHThtpArNJ,163.500000,2785.000000,53.000000,0.529703,1,"
minimal: 0 / states: 129 / duration: 0.000126s
history:
/T6-T5-1 /T5-T0-2 /T6-T1-1 /T3-T6-1 /T2-T5-1 /D:2     /W-F1-1  /D:1     /W-T2-1  /D:1     
/W-F2-1  /D:3     /W-F2-1  /D:2     /W-T2-1  /D:3     /W-T5-1  /T6-T5-2 /T5-T6-5 /D:3     
/W-T6-1  /T4-T6-1 /D:1     /W-T4-1  /D:1     /W-T4-1  /T2-T4-3 /T2-F1-1 /T6-T2-8 /D:1     
/W-T3-1  /D:1     /W-T3-1  /T0-T3-3 /D:1     /W-F2-1  /T5-F2-1 /T3-T5-6 /D:1     /W-F0-1  
/D:1     /W-F2-1  /D:1     /W-F3-1  /D:1     /W-T1-1  /T4-T1-6 /R       /D:1     /W-T0-1  
/D:1     /W-F3-1  /D:1     /W-T3-1  /T4-T3-1 /F2-T2-1 /T4-T2-1 /T4-T2-1 /D:1     /W-T4-1  
/T1-T4-9 /T6-T1-1 /T5-T6-7 /T5-F3-1 /T3-T5-3 /T2-T6-1 /T2-F3-1 /T2-F2-1 /T3-F2-1 /T5-T1-4 
/D:1     /W-F0-1  /T6-F0-1 /T4-F0-1 /D:1     /W-F3-1  /T2-F3-1 /T6-T2-3 /T6-F2-1 /T4-T1-2 
/T4-F3-1 /T1-T4-3 /T1-F2-1 /T2-T6-4 /T2-F3-1 /T2-F2-1 /T4-T1-4 /T4-F3-1 /T2-F3-1 /T1-T4-5 
/T1-F2-1 /T6-T2-7 /T6-F2-1 /T6-F1-1 /T2-F1-1 /T2-F0-1 /T4-F1-1 /T2-F1-1 /T4-F0-1 /T2-F0-1 
/T4-F1-1 /T2-F1-1 /T4-F0-1 /T2-F0-1 /T4-F1-1 /T2-F1-1 /T4-F0-1 /T1-F1-1 /T2-F0-1 /T2-F1-1 
/T4-F3-1 /T1-F2-1 /T4-F0-1 /T4-F1-1 /T0-F2-1 /T2-F0-1 /D:1     /W-T0-1  /D:1     /W-F3-1  
/T0-F3-1 
"
1081527,B#kf#uxX#SOys#IAHPW#jFlvEC#JQGZnrg#bwKaMDUzYtRcpThLdeVimoNq,130.500000,3486.000000,52.000000,0.541667,1,"
minimal: 0 / states: 130 / duration: 0.000145s
history:
/T3-T6-1 /T2-T3-1 /T4-T2-1 /T0-T4-1 /D:1     /W-T5-1  /D:1     /W-T3-1  /D:2     /W-F1-1  
/T5-F1-1 /D:1     /W-T0-1  /D:4     /W-T0-1  /T2-T0-2 /T6-T2-2 /T6-T1-1 /T6-F2-1 /T3-T6-3 
/T3-T5-1 /D:2     /W-T2-1  /D:1     /W-F1-1  /D:5     /W-T1-1  /T5-T1-2 /T5-T3-1 /T5-T0-1 
/D:2     /W-T6-1  /T2-T6-4 /T6-T2-9 /T1-T6-5 /D:3     /W-F2-1  /D:1     /W-F3-1  /T6-F3-1 
/D:1     /W-T2-1  /T4-T2-2 /R       /D:1     /W-T5-1  /D:2     /W-T0-1  /T6-T0-5 /T6-T3-1 
/T0-T3-1 /T0-F1-1 /T6-T1-1 /D:1     /W-T6-1  /T5-T6-2 /D:2     /W-F2-1  /D:1     /W-T4-1  
/T5-T4-1 /T5-T6-1 /D:3     /W-F1-1  /D:1     /W-T1-1  /T4-T1-3 /T4-F0-1 /T2-F0-1 /T2-F3-1 
/T2-F2-1 /T3-F0-1 /T3-F3-1 /T0-F2-1 /T0-F1-1 /T2-F3-1 /T2-F2-1 /T2-F1-1 /T3-T0-2 /T4-T6-1 
/D:1     /W-T3-1  /W-T3-1  /W-F1-1  /W-F2-1  /W-F0-1  /T0-F0-1 /T0-F3-1 /T1-F0-1 /T0-F0-1 
/T1-F3-1 /T0-F3-1 /T1-F0-1 /T2-F2-1 /T0-F2-1 /T1-F1-1 /T2-F3-1 /T2-F2-1 /T6-F0-1 /T0-F3-1 
/T1-F0-1 /T2-F3-1 /T6-F1-1 /T0-F2-1 /T1-F1-1 /T2-F2-1 /T6-F0-1 /T0-F3-1 /T3-F0-1 /T2-F3-1 
/T6-F1-1 /T0-F0-1 /T3-F1-1 /T6-F2-1 
"
1090462,m#EN#hgq#wGya#ztHAk#MbxIRF#QCvSjZs#crfBKiXeLuOWnTUDpJVoldPY,152.000000,1509.000000,56.000000,0.531915,1,"
minimal: 0 / states: 124 / duration: 0.000128s
history:
/T1-F3-1 /T3-F1-1 /T4-T3-1 /T4-F0-1 /T3-T0-2 /D:1     /W-T2-1  /D:2     /W-T3-1  /W-T3-1  
/D:1     /W-F0-1  /D:4     /W-T5-1  /T2-T5-2 /T6-T2-1 /T2-T4-2 /T3-T2-3 /T3-T0-1 /T6-T3-1 
/D:1     /W-T3-1  /W-T3-1  /W-T0-1  /T4-T0-3 /D:2     /W-F3-1  /D:2     /W-F2-1  /D:5     
/W-T3-1  /D:1     /W-T3-1  /D:1     /W-F2-1  /W-F2-1  /D:2     /W-T1-1  /D:1     /W-F3-1  
/D:1     /R       /D:2     /W-T3-1  /D:2     /W-T3-1  /T5-T3-4 /T5-T0-1 /T5-T6-1 /T6-T5-2 
/T6-T4-1 /T1-T4-2 /T2-T5-4 /D:1     /W-T6-1  /T4-T6-4 /D:1     /W-T0-1  /T3-T0-1 /T3-F2-1 
/T5-F2-1 /D:1     /W-T4-1  /T5-T4-6 /T5-F1-1 /T0-F1-1 /T6-F1-1 /T3-F1-1 /T4-F1-1 /T0-T3-2 
/T0-F2-1 /T0-F1-1 /T6-T4-2 /T6-F2-1 /T3-T0-4 /T3-F2-1 /T4-T6-3 /T4-F1-1 /T6-T4-4 /T6-F2-1 
/T6-F0-1 /T0-F0-1 /T6-F3-1 /T0-F3-1 /T4-F0-1 /T0-F0-1 /T4-F3-1 /T0-F3-1 /T4-F0-1 /T0-F0-1 
/T0-F1-1 /T4-F3-1 /T3-F3-1 /T0-F2-1 /T4-F0-1 /T3-F0-1 /T4-F1-1 /T0-F1-1 /W-F3-1  /T3-F3-1 
/T4-F2-1 /T0-F2-1 /W-F0-1  /T3-F0-1 /T4-F1-1 /T0-F1-1 /T4-F2-1 /T5-F0-1 /D:1     /W-F3-1  
/T3-F3-1 
"
